match_id,match_date,match_round,league_name,home_team,home_team_id,away_team,away_team_id,player_id,player_name,team_name,team_id,is_goalkeeper,FotMob rating,Minutes played,Expected assists (xA),xG + xA,Saves,Goals conceded,xGOT faced,Goals prevented,Accurate passes,Passes attempted,Accurate long balls,Long balls attempted,Diving save,Saves inside box,Acted as sweeper,Punches,Throws,High claim,Recoveries,Clearances,Touches,Defensive actions,Was fouled,Fouls committed,Tackles,Passes into final third,Interceptions,Goals,Assists,Chances created,Touches in opposition box,Successful dribbles,Dribbles attempted,Dispossessed,Blocks,Headed clearance,Dribbled past,Ground duels won,Ground duels,Aerial duels won,Aerial duels,Duels won,Duels lost,Expected goals (xG),Expected goals on target (xGOT),Total shots,Big chances created,Shots on target,Shots off target,Blocked shots,Shot accuracy,Shots taken,Accurate crosses,Crosses attempted,Corners,xG Non-penalty,Error led to goal,Offsides,Big chances missed,Hit woodwork,Clearance off the line,Last man tackle,Own goal
5749640,2026-08-24T18:45:00.000Z,1,Serie A,Roma,8686,Fiorentina,8535,182917,David de Gea,Fiorentina,8535,True,5.53,90.0,0.01,0.01,4.0,4.0,3.0,-1.0,16.0,34.0,8.0,26.0,2.0,2.0,0.0,0.0,5.0,0.0,10.0,0.0,43.0,0.0,0.0,0.0,0.0,6.0,0.0,0.0,0.0,0.0,0.0,0.0,0.0,0.0,0.0,0.0,0.0,0.0,0.0,0.0,0.0,0.0,0.0,0.0,0.0,0.0,0.0,0.0,0.0,0.0,0.0,0.0,0.0,0.0,0.0,0.0,0.0,0.0,0.0,0.0,0.0,0.0,0.0
5749640,2026-08-24T18:45:00.000Z,1,Serie A,Roma,8686,Fiorentina,8535,282059,Luca Lezzerini,Fiorentina,8535,True,0.0,0.0,0.0,0.0,0.0,0.0,0.0,0.0,0.0,0.0,0.0,0.0,0.0,0.0,0.0,0.0,0.0,0.0,0.0,0.0,0.0,0.0,0.0,0.0,0.0,0.0,0.0,0.0,0.0,0.0,0.0,0.0,0.0,0.0,0.0,0.0,0.0,0.0,0.0,0.0,0.0,0.0,0.0,0.0,0.0,0.0,0.0,0.0,0.0,0.0,0.0,0.0,0.0,0.0,0.0,0.0,0.0,0.0,0.0,0.0,0.0,0.0,0.0
5749640,2026-08-24T18:45:00.000Z,1,Serie A,Roma,8686,Fiorentina,8535,299799,Bryan Cristante,Roma,8686,False,8.42,90.0,0.05,0.05,0.0,0.0,0.0,0.0,73.0,83.0,3.0,5.0,0.0,0.0,0.0,0.0,0.0,0.0,8.0,4.0,96.0,10.0,0.0,0.0,4.0,13.0,2.0,0.0,0.0,1.0,0.0,1.0,1.0,0.0,0.0,4.0,2.0,5.0,7.0,6.0,7.0,11.0,3.0,0.0,0.0,0.0,0.0,0.0,0.0,0.0,0.0,0.0,0.0,0.0,0.0,0.0,0.0,0.0,0.0,0.0,0.0,0.0,0.0
5749640,2026-08-24T18:45:00.000Z,1,Serie A,Roma,8686,Fiorentina,8535,325916,Paulo Dybala,Roma,8686,False,9.43,79.0,1.27,1.46,0.0,0.0,0.0,0.0,34.0,42.0,4.0,5.0,0.0,0.0,0.0,0.0,0.0,0.0,4.0,0.0,62.0,0.0,2.0,1.0,0.0,7.0,0.0,0.0,3.0,4.0,6.0,0.0,3.0,0.0,0.0,0.0,1.0,2.0,7.0,0.0,1.0,2.0,6.0,0.19,0.09,4.0,3.0,1.0,2.0,1.0,1.0,3.0,0.0,5.0,2.0,0.19,0.0,0.0,0.0,0.0,0.0,0.0,0.0
5749640,2026-08-24T18:45:00.000Z,1,Serie A,Roma,8686,Fiorentina,8535,553849,Pierluigi Gollini,Roma,8686,True,0.0,0.0,0.0,0.0,0.0,0.0,0.0,0.0,0.0,0.0,0.0,0.0,0.0,0.0,0.0,0.0,0.0,0.0,0.0,0.0,0.0,0.0,0.0,0.0,0.0,0.0,0.0,0.0,0.0,0.0,0.0,0.0,0.0,0.0,0.0,0.0,0.0,0.0,0.0,0.0,0.0,0.0,0.0,0.0,0.0,0.0,0.0,0.0,0.0,0.0,0.0,0.0,0.0,0.0,0.0,0.0,0.0,0.0,0.0,0.0,0.0,0.0,0.0
5749640,2026-08-24T18:45:00.000Z,1,Serie A,Roma,8686,Fiorentina,8535,577911,Rolando Mandragora,Fiorentina,8535,False,4.98,16.0,0.01,0.01,0.0,0.0,0.0,0.0,11.0,11.0,0.0,0.0,0.0,0.0,0.0,0.0,0.0,0.0,0.0,1.0,14.0,1.0,0.0,1.0,0.0,2.0,0.0,0.0,0.0,0.0,0.0,0.0,1.0,0.0,0.0,0.0,0.0,0.0,2.0,0.0,0.0,0.0,2.0,0.0,0.0,0.0,0.0,0.0,0.0,0.0,0.0,0.0,0.0,0.0,0.0,0.0,1.0,0.0,0.0,0.0,0.0,0.0,0.0
5749640,2026-08-24T18:45:00.000Z,1,Serie A,Roma,8686,Fiorentina,8535,588687,Gianluca Mancini,Roma,8686,False,7.77,90.0,0.06,0.06,0.0,0.0,0.0,0.0,41.0,44.0,0.0,1.0,0.0,0.0,0.0,0.0,0.0,0.0,4.0,2.0,53.0,4.0,1.0,2.0,2.0,6.0,0.0,0.0,0.0,2.0,2.0,1.0,1.0,0.0,0.0,1.0,0.0,4.0,6.0,1.0,1.0,5.0,2.0,0.0,0.0,0.0,1.0,0.0,0.0,0.0,0.0,0.0,0.0,0.0,0.0,0.0,0.0,0.0,0.0,0.0,0.0,0.0,0.0
5749640,2026-08-24T18:45:00.000Z,1,Serie A,Roma,8686,Fiorentina,8535,660301,Donyell Malen,Roma,8686,False,9.69,68.0,0.04,1.52,0.0,0.0,0.0,0.0,16.0,19.0,0.0,0.0,0.0,0.0,0.0,0.0,0.0,0.0,2.0,0.0,38.0,1.0,2.0,1.0,0.0,1.0,1.0,3.0,0.0,1.0,12.0,3.0,4.0,1.0,0.0,0.0,0.0,5.0,8.0,0.0,0.0,5.0,3.0,1.48,1.66,5.0,0.0,3.0,1.0,1.0,3.0,4.0,0.0,0.0,0.0,1.48,0.0,0.0,0.0,0.0,0.0,0.0,0.0
5749640,2026-08-24T18:45:00.000Z,1,Serie A,Roma,8686,Fiorentina,8535,665188,Albert Gudmundsson,Fiorentina,8535,False,0.0,0.0,0.0,0.0,0.0,0.0,0.0,0.0,0.0,0.0,0.0,0.0,0.0,0.0,0.0,0.0,0.0,0.0,0.0,0.0,0.0,0.0,0.0,0.0,0.0,0.0,0.0,0.0,0.0,0.0,0.0,0.0,0.0,0.0,0.0,0.0,0.0,0.0,0.0,0.0,0.0,0.0,0.0,0.0,0.0,0.0,0.0,0.0,0.0,0.0,0.0,0.0,0.0,0.0,0.0,0.0,0.0,0.0,0.0,0.0,0.0,0.0,0.0
5749640,2026-08-24T18:45:00.000Z,1,Serie A,Roma,8686,Fiorentina,8535,671203,Mario Hermoso,Roma,8686,False,7.66,68.0,0.01,0.01,0.0,0.0,0.0,0.0,44.0,51.0,4.0,8.0,0.0,0.0,0.0,0.0,0.0,0.0,2.0,2.0,62.0,7.0,1.0,2.0,2.0,4.0,3.0,0.0,0.0,0.0,2.0,1.0,1.0,0.0,0.0,1.0,0.0,4.0,6.0,2.0,4.0,6.0,4.0,0.0,0.0,0.0,0.0,0.0,0.0,0.0,0.0,0.0,0.0,0.0,0.0,0.0,0.0,1.0,0.0,0.0,0.0,0.0,0.0
5749640,2026-08-24T18:45:00.000Z,1,Serie A,Roma,8686,Fiorentina,8535,726345,Nahuel Molina,Roma,8686,False,0.0,0.0,0.0,0.0,0.0,0.0,0.0,0.0,0.0,0.0,0.0,0.0,0.0,0.0,0.0,0.0,0.0,0.0,0.0,0.0,0.0,0.0,0.0,0.0,0.0,0.0,0.0,0.0,0.0,0.0,0.0,0.0,0.0,0.0,0.0,0.0,0.0,0.0,0.0,0.0,0.0,0.0,0.0,0.0,0.0,0.0,0.0,0.0,0.0,0.0,0.0,0.0,0.0,0.0,0.0,0.0,0.0,0.0,0.0,0.0,0.0,0.0,0.0
5749640,2026-08-24T18:45:00.000Z,1,Serie A,Roma,8686,Fiorentina,8535,747926,Moise Kean,Fiorentina,8535,False,6.21,27.0,0.02,0.19,0.0,0.0,0.0,0.0,10.0,11.0,1.0,1.0,0.0,0.0,0.0,0.0,0.0,0.0,0.0,0.0,16.0,0.0,2.0,0.0,0.0,1.0,0.0,0.0,0.0,0.0,2.0,0.0,1.0,0.0,0.0,0.0,0.0,2.0,3.0,0.0,1.0,2.0,2.0,0.17,0.15,2.0,0.0,2.0,0.0,0.0,2.0,2.0,0.0,0.0,0.0,0.17,0.0,0.0,0.0,0.0,0.0,0.0,0.0
5749640,2026-08-24T18:45:00.000Z,1,Serie A,Roma,8686,Fiorentina,8535,750734,Dodô,Fiorentina,8535,False,5.04,90.0,0.01,0.02,0.0,0.0,0.0,0.0,24.0,29.0,1.0,3.0,0.0,0.0,0.0,0.0,0.0,0.0,2.0,1.0,41.0,2.0,1.0,1.0,1.0,5.0,0.0,0.0,0.0,0.0,0.0,0.0,0.0,0.0,0.0,0.0,1.0,2.0,4.0,0.0,0.0,2.0,2.0,0.01,0.0,1.0,0.0,0.0,1.0,0.0,0.0,1.0,0.0,0.0,0.0,0.01,0.0,0.0,0.0,0.0,0.0,0.0,0.0
5749640,2026-08-24T18:45:00.000Z,1,Serie A,Roma,8686,Fiorentina,8535,768474,Mile Svilar,Roma,8686,True,7.84,90.0,0.0,0.0,4.0,0.0,0.36,0.36,25.0,33.0,2.0,10.0,3.0,1.0,0.0,0.0,10.0,0.0,13.0,0.0,48.0,0.0,0.0,0.0,0.0,4.0,0.0,0.0,0.0,0.0,0.0,0.0,0.0,0.0,0.0,0.0,0.0,0.0,0.0,0.0,0.0,0.0,0.0,0.0,0.0,0.0,0.0,0.0,0.0,0.0,0.0,0.0,0.0,0.0,0.0,0.0,0.0,0.0,0.0,0.0,0.0,0.0,0.0
5749640,2026-08-24T18:45:00.000Z,1,Serie A,Roma,8686,Fiorentina,8535,787242,Evan N'Dicka,Roma,8686,False,7.58,90.0,0.01,0.42,0.0,0.0,0.0,0.0,65.0,66.0,4.0,5.0,0.0,0.0,0.0,0.0,0.0,0.0,5.0,5.0,81.0,9.0,0.0,3.0,3.0,1.0,1.0,0.0,0.0,0.0,2.0,0.0,0.0,0.0,0.0,4.0,0.0,3.0,6.0,4.0,4.0,7.0,3.0,0.41,0.0,1.0,0.0,0.0,1.0,0.0,0.0,1.0,0.0,0.0,0.0,0.41,0.0,0.0,1.0,0.0,0.0,0.0,0.0
5749640,2026-08-24T18:45:00.000Z,1,Serie A,Roma,8686,Fiorentina,8535,806972,Oliver Christensen,Fiorentina,8535,True,0.0,0.0,0.0,0.0,0.0,0.0,0.0,0.0,0.0,0.0,0.0,0.0,0.0,0.0,0.0,0.0,0.0,0.0,0.0,0.0,0.0,0.0,0.0,0.0,0.0,0.0,0.0,0.0,0.0,0.0,0.0,0.0,0.0,0.0,0.0,0.0,0.0,0.0,0.0,0.0,0.0,0.0,0.0,0.0,0.0,0.0,0.0,0.0,0.0,0.0,0.0,0.0,0.0,0.0,0.0,0.0,0.0,0.0,0.0,0.0,0.0,0.0,0.0
5749640,2026-08-24T18:45:00.000Z,1,Serie A,Roma,8686,Fiorentina,8535,831474,Marin Pongracic,Fiorentina,8535,False,0.0,0.0,0.0,0.0,0.0,0.0,0.0,0.0,0.0,0.0,0.0,0.0,0.0,0.0,0.0,0.0,0.0,0.0,0.0,0.0,0.0,0.0,0.0,0.0,0.0,0.0,0.0,0.0,0.0,0.0,0.0,0.0,0.0,0.0,0.0,0.0,0.0,0.0,0.0,0.0,0.0,0.0,0.0,0.0,0.0,0.0,0.0,0.0,0.0,0.0,0.0,0.0,0.0,0.0,0.0,0.0,0.0,0.0,0.0,0.0,0.0,0.0,0.0
5749640,2026-08-24T18:45:00.000Z,1,Serie A,Roma,8686,Fiorentina,8535,935406,Luca Ranieri,Fiorentina,8535,False,5.37,90.0,0.0,0.0,0.0,0.0,0.0,0.0,25.0,29.0,0.0,3.0,0.0,0.0,0.0,0.0,0.0,0.0,3.0,9.0,41.0,10.0,0.0,1.0,1.0,4.0,0.0,0.0,0.0,0.0,0.0,0.0,0.0,0.0,0.0,4.0,1.0,1.0,3.0,1.0,1.0,2.0,2.0,0.0,0.0,0.0,0.0,0.0,0.0,0.0,0.0,0.0,0.0,0.0,0.0,0.0,0.0,0.0,0.0,0.0,0.0,0.0,0.0
5749640,2026-08-24T18:45:00.000Z,1,Serie A,Roma,8686,Fiorentina,8535,950596,Marco Brescianini,Fiorentina,8535,False,5.81,62.0,0.0,0.01,0.0,0.0,0.0,0.0,14.0,15.0,0.0,0.0,0.0,0.0,0.0,0.0,0.0,0.0,2.0,1.0,18.0,1.0,0.0,0.0,0.0,0.0,0.0,0.0,0.0,0.0,0.0,0.0,0.0,0.0,0.0,0.0,0.0,0.0,0.0,0.0,2.0,0.0,2.0,0.01,0.01,1.0,0.0,1.0,0.0,0.0,1.0,1.0,0.0,0.0,0.0,0.01,0.0,0.0,0.0,0.0,0.0,0.0,0.0
5749640,2026-08-24T18:45:00.000Z,1,Serie A,Roma,8686,Fiorentina,8535,951712,Nicolò Fagioli,Fiorentina,8535,False,6.28,62.0,0.01,0.01,0.0,0.0,0.0,0.0,22.0,24.0,0.0,1.0,0.0,0.0,0.0,0.0,0.0,0.0,5.0,2.0,35.0,5.0,0.0,1.0,2.0,3.0,1.0,0.0,0.0,0.0,0.0,0.0,0.0,0.0,0.0,0.0,0.0,2.0,3.0,0.0,0.0,2.0,1.0,0.0,0.0,0.0,0.0,0.0,0.0,0.0,0.0,0.0,0.0,2.0,1.0,0.0,0.0,0.0,0.0,0.0,0.0,0.0,0.0
5749640,2026-08-24T18:45:00.000Z,1,Serie A,Roma,8686,Fiorentina,8535,958421,João Mário,Fiorentina,8535,False,6.13,80.0,0.05,0.05,0.0,0.0,0.0,0.0,24.0,31.0,2.0,4.0,0.0,0.0,0.0,0.0,0.0,0.0,4.0,3.0,54.0,5.0,3.0,1.0,1.0,4.0,1.0,0.0,0.0,1.0,0.0,1.0,2.0,0.0,0.0,1.0,0.0,5.0,7.0,0.0,2.0,5.0,4.0,0.0,0.0,0.0,0.0,0.0,0.0,0.0,0.0,0.0,1.0,3.0,0.0,0.0,0.0,0.0,0.0,0.0,0.0,0.0,0.0
5749640,2026-08-24T18:45:00.000Z,1,Serie A,Roma,8686,Fiorentina,8535,1016132,Manu Koné,Roma,8686,False,7.69,79.0,0.02,0.02,0.0,0.0,0.0,0.0,52.0,55.0,1.0,1.0,0.0,0.0,0.0,0.0,0.0,0.0,5.0,1.0,63.0,4.0,2.0,1.0,3.0,6.0,0.0,0.0,0.0,1.0,0.0,0.0,1.0,0.0,0.0,1.0,0.0,5.0,7.0,0.0,2.0,5.0,4.0,0.0,0.0,0.0,0.0,0.0,0.0,0.0,0.0,0.0,0.0,0.0,0.0,0.0,0.0,0.0,0.0,0.0,0.0,0.0,0.0
5749640,2026-08-24T18:45:00.000Z,1,Serie A,Roma,8686,Fiorentina,8535,1203661,Radu Dragusin,Fiorentina,8535,False,5.35,90.0,0.0,0.04,0.0,0.0,0.0,0.0,24.0,24.0,3.0,3.0,0.0,0.0,0.0,0.0,0.0,0.0,4.0,3.0,38.0,9.0,1.0,2.0,2.0,0.0,2.0,0.0,0.0,0.0,1.0,0.0,0.0,0.0,2.0,2.0,2.0,3.0,7.0,1.0,1.0,4.0,4.0,0.04,0.0,1.0,0.0,0.0,1.0,0.0,0.0,1.0,0.0,0.0,0.0,0.04,0.0,1.0,0.0,0.0,0.0,0.0,0.0
5749640,2026-08-24T18:45:00.000Z,1,Serie A,Roma,8686,Fiorentina,8535,1224237,Mateo Pellegrino,Fiorentina,8535,False,5.58,90.0,0.01,0.01,0.0,0.0,0.0,0.0,11.0,16.0,0.0,0.0,0.0,0.0,0.0,0.0,0.0,0.0,0.0,2.0,32.0,2.0,3.0,0.0,0.0,0.0,0.0,0.0,0.0,1.0,0.0,0.0,2.0,3.0,0.0,2.0,1.0,3.0,9.0,2.0,10.0,5.0,14.0,0.0,0.0,0.0,0.0,0.0,0.0,0.0,0.0,0.0,0.0,0.0,0.0,0.0,0.0,0.0,0.0,0.0,0.0,0.0,0.0
5749640,2026-08-24T18:45:00.000Z,1,Serie A,Roma,8686,Fiorentina,8535,1246009,Cher Ndour,Fiorentina,8535,False,6.31,90.0,0.09,0.16,0.0,0.0,0.0,0.0,27.0,31.0,0.0,1.0,0.0,0.0,0.0,0.0,0.0,0.0,7.0,0.0,46.0,2.0,0.0,4.0,1.0,6.0,0.0,0.0,0.0,1.0,2.0,1.0,1.0,1.0,1.0,0.0,1.0,2.0,8.0,2.0,3.0,4.0,7.0,0.07,0.2,2.0,0.0,1.0,1.0,0.0,1.0,2.0,1.0,1.0,0.0,0.07,0.0,0.0,0.0,0.0,0.0,0.0,0.0
5749640,2026-08-24T18:45:00.000Z,1,Serie A,Roma,8686,Fiorentina,8535,1274060,Neil El Aynaoui,Roma,8686,False,6.07,11.0,0.0,0.0,0.0,0.0,0.0,0.0,10.0,10.0,0.0,0.0,0.0,0.0,0.0,0.0,0.0,0.0,0.0,0.0,11.0,0.0,0.0,0.0,0.0,0.0,0.0,0.0,0.0,0.0,0.0,0.0,0.0,0.0,0.0,0.0,0.0,0.0,0.0,0.0,0.0,0.0,0.0,0.0,0.0,0.0,0.0,0.0,0.0,0.0,0.0,0.0,0.0,0.0,0.0,0.0,0.0,0.0,0.0,0.0,0.0,0.0,0.0
5749640,2026-08-24T18:45:00.000Z,1,Serie A,Roma,8686,Fiorentina,8535,1276505,Giovanni Fabbian,Fiorentina,8535,False,0.0,0.0,0.0,0.0,0.0,0.0,0.0,0.0,0.0,0.0,0.0,0.0,0.0,0.0,0.0,0.0,0.0,0.0,0.0,0.0,0.0,0.0,0.0,0.0,0.0,0.0,0.0,0.0,0.0,0.0,0.0,0.0,0.0,0.0,0.0,0.0,0.0,0.0,0.0,0.0,0.0,0.0,0.0,0.0,0.0,0.0,0.0,0.0,0.0,0.0,0.0,0.0,0.0,0.0,0.0,0.0,0.0,0.0,0.0,0.0,0.0,0.0,0.0
5749640,2026-08-24T18:45:00.000Z,1,Serie A,Roma,8686,Fiorentina,8535,1280082,Matias Soulé,Roma,8686,False,6.87,36.0,0.01,0.35000000000000003,0.0,0.0,0.0,0.0,16.0,17.0,0.0,0.0,0.0,0.0,0.0,0.0,0.0,0.0,1.0,1.0,26.0,2.0,0.0,0.0,0.0,0.0,1.0,0.0,0.0,0.0,5.0,1.0,1.0,0.0,0.0,0.0,0.0,1.0,1.0,1.0,1.0,2.0,0.0,0.34,0.28,2.0,0.0,1.0,0.0,1.0,1.0,1.0,0.0,0.0,0.0,0.34,0.0,0.0,1.0,0.0,0.0,0.0,0.0
5749640,2026-08-24T18:45:00.000Z,1,Serie A,Roma,8686,Fiorentina,8535,1282008,Santiago Castro,Roma,8686,False,6.33,22.0,0.04,0.19,0.0,0.0,0.0,0.0,2.0,3.0,0.0,0.0,0.0,0.0,0.0,0.0,0.0,0.0,1.0,1.0,8.0,2.0,1.0,2.0,0.0,0.0,1.0,0.0,0.0,0.0,1.0,0.0,0.0,0.0,0.0,1.0,0.0,1.0,3.0,1.0,1.0,2.0,2.0,0.15,0.0,1.0,0.0,0.0,1.0,0.0,0.0,1.0,0.0,0.0,0.0,0.15,0.0,0.0,0.0,0.0,0.0,0.0,0.0
5749640,2026-08-24T18:45:00.000Z,1,Serie A,Roma,8686,Fiorentina,8535,1320176,Wesley,Roma,8686,False,7.13,90.0,0.27,0.27,0.0,0.0,0.0,0.0,30.0,36.0,1.0,1.0,0.0,0.0,0.0,0.0,0.0,0.0,3.0,0.0,62.0,2.0,1.0,1.0,2.0,5.0,0.0,0.0,0.0,3.0,3.0,1.0,1.0,4.0,0.0,0.0,1.0,4.0,10.0,1.0,1.0,5.0,6.0,0.0,0.0,0.0,0.0,0.0,0.0,0.0,0.0,0.0,3.0,5.0,0.0,0.0,0.0,0.0,0.0,0.0,0.0,0.0,0.0
5749640,2026-08-24T18:45:00.000Z,1,Serie A,Roma,8686,Fiorentina,8535,1337884,Konstantinos Koulierakis,Roma,8686,False,6.45,22.0,0.0,0.0,0.0,0.0,0.0,0.0,14.0,15.0,0.0,0.0,0.0,0.0,0.0,0.0,0.0,0.0,2.0,0.0,17.0,1.0,0.0,0.0,1.0,0.0,0.0,0.0,0.0,0.0,1.0,0.0,0.0,0.0,0.0,0.0,0.0,1.0,1.0,0.0,0.0,1.0,0.0,0.0,0.0,0.0,0.0,0.0,0.0,0.0,0.0,0.0,0.0,1.0,0.0,0.0,0.0,0.0,0.0,0.0,0.0,0.0,0.0
5749640,2026-08-24T18:45:00.000Z,1,Serie A,Roma,8686,Fiorentina,8535,1386006,Daniele Ghilardi,Roma,8686,False,0.0,0.0,0.0,0.0,0.0,0.0,0.0,0.0,0.0,0.0,0.0,0.0,0.0,0.0,0.0,0.0,0.0,0.0,0.0,0.0,0.0,0.0,0.0,0.0,0.0,0.0,0.0,0.0,0.0,0.0,0.0,0.0,0.0,0.0,0.0,0.0,0.0,0.0,0.0,0.0,0.0,0.0,0.0,0.0,0.0,0.0,0.0,0.0,0.0,0.0,0.0,0.0,0.0,0.0,0.0,0.0,0.0,0.0,0.0,0.0,0.0,0.0,0.0
5749640,2026-08-24T18:45:00.000Z,1,Serie A,Roma,8686,Fiorentina,8535,1428426,Arthur Atta,Fiorentina,8535,False,6.09,74.0,0.02,0.02,0.0,0.0,0.0,0.0,37.0,41.0,1.0,2.0,0.0,0.0,0.0,0.0,0.0,0.0,2.0,0.0,53.0,0.0,0.0,0.0,0.0,3.0,0.0,0.0,0.0,1.0,2.0,0.0,3.0,1.0,0.0,0.0,0.0,0.0,4.0,1.0,1.0,1.0,4.0,0.0,0.0,0.0,0.0,0.0,0.0,0.0,0.0,0.0,0.0,1.0,1.0,0.0,0.0,0.0,0.0,0.0,0.0,0.0,0.0
5749640,2026-08-24T18:45:00.000Z,1,Serie A,Roma,8686,Fiorentina,8535,1451196,Niccolò Pisilli,Roma,8686,False,7.33,11.0,0.07,0.39,0.0,0.0,0.0,0.0,9.0,10.0,0.0,1.0,0.0,0.0,0.0,0.0,0.0,0.0,0.0,0.0,12.0,0.0,0.0,0.0,0.0,4.0,0.0,1.0,0.0,1.0,3.0,0.0,0.0,0.0,0.0,0.0,0.0,0.0,0.0,0.0,0.0,0.0,0.0,0.32,0.84,1.0,0.0,1.0,0.0,0.0,1.0,1.0,0.0,0.0,0.0,0.32,0.0,0.0,0.0,0.0,0.0,0.0,0.0
5749640,2026-08-24T18:45:00.000Z,1,Serie A,Roma,8686,Fiorentina,8535,1501917,Viery,Fiorentina,8535,False,0.0,0.0,0.0,0.0,0.0,0.0,0.0,0.0,0.0,0.0,0.0,0.0,0.0,0.0,0.0,0.0,0.0,0.0,0.0,0.0,0.0,0.0,0.0,0.0,0.0,0.0,0.0,0.0,0.0,0.0,0.0,0.0,0.0,0.0,0.0,0.0,0.0,0.0,0.0,0.0,0.0,0.0,0.0,0.0,0.0,0.0,0.0,0.0,0.0,0.0,0.0,0.0,0.0,0.0,0.0,0.0,0.0,0.0,0.0,0.0,0.0,0.0,0.0
5749640,2026-08-24T18:45:00.000Z,1,Serie A,Roma,8686,Fiorentina,8535,1511063,Jan Ziólkowski,Roma,8686,False,0.0,0.0,0.0,0.0,0.0,0.0,0.0,0.0,0.0,0.0,0.0,0.0,0.0,0.0,0.0,0.0,0.0,0.0,0.0,0.0,0.0,0.0,0.0,0.0,0.0,0.0,0.0,0.0,0.0,0.0,0.0,0.0,0.0,0.0,0.0,0.0,0.0,0.0,0.0,0.0,0.0,0.0,0.0,0.0,0.0,0.0,0.0,0.0,0.0,0.0,0.0,0.0,0.0,0.0,0.0,0.0,0.0,0.0,0.0,0.0,0.0,0.0,0.0
5749640,2026-08-24T18:45:00.000Z,1,Serie A,Roma,8686,Fiorentina,8535,1525065,Rodrigo Mora,Roma,8686,False,7.02,54.0,0.03,0.08,0.0,0.0,0.0,0.0,15.0,18.0,0.0,0.0,0.0,0.0,0.0,0.0,0.0,0.0,1.0,0.0,24.0,1.0,0.0,0.0,1.0,1.0,0.0,0.0,0.0,1.0,1.0,0.0,0.0,0.0,0.0,0.0,1.0,1.0,2.0,0.0,0.0,1.0,1.0,0.05,0.13,2.0,0.0,2.0,0.0,0.0,2.0,2.0,0.0,0.0,0.0,0.05,0.0,0.0,0.0,0.0,0.0,0.0,0.0
5749640,2026-08-24T18:45:00.000Z,1,Serie A,Roma,8686,Fiorentina,8535,1526689,Álex Jiménez,Fiorentina,8535,False,6.15,28.0,0.02,0.02,0.0,0.0,0.0,0.0,5.0,6.0,0.0,0.0,0.0,0.0,0.0,0.0,0.0,0.0,0.0,1.0,12.0,1.0,0.0,0.0,0.0,1.0,0.0,0.0,0.0,1.0,0.0,1.0,2.0,1.0,0.0,1.0,0.0,1.0,3.0,0.0,0.0,1.0,2.0,0.0,0.0,0.0,0.0,0.0,0.0,0.0,0.0,0.0,0.0,2.0,1.0,0.0,0.0,0.0,0.0,0.0,0.0,0.0,0.0
5749640,2026-08-24T18:45:00.000Z,1,Serie A,Roma,8686,Fiorentina,8535,1607566,Franco Mastantuono,Fiorentina,8535,False,5.88,63.0,0.05,0.08,0.0,0.0,0.0,0.0,9.0,14.0,0.0,0.0,0.0,0.0,0.0,0.0,0.0,0.0,1.0,0.0,38.0,2.0,4.0,0.0,1.0,1.0,1.0,0.0,0.0,0.0,1.0,1.0,5.0,3.0,0.0,0.0,2.0,6.0,15.0,0.0,2.0,6.0,11.0,0.03,0.0,1.0,0.0,0.0,1.0,0.0,0.0,1.0,0.0,1.0,0.0,0.03,0.0,0.0,0.0,0.0,0.0,0.0,0.0
5749640,2026-08-24T18:45:00.000Z,1,Serie A,Roma,8686,Fiorentina,8535,1666494,Christ Inao Oulaï,Fiorentina,8535,False,6.65,28.0,0.0,0.02,0.0,0.0,0.0,0.0,22.0,23.0,1.0,1.0,0.0,0.0,0.0,0.0,0.0,0.0,2.0,0.0,27.0,1.0,1.0,0.0,1.0,0.0,0.0,0.0,0.0,0.0,0.0,1.0,1.0,0.0,0.0,0.0,0.0,3.0,3.0,0.0,0.0,3.0,0.0,0.02,0.0,1.0,0.0,0.0,1.0,0.0,0.0,1.0,0.0,0.0,0.0,0.02,0.0,0.0,0.0,0.0,0.0,0.0,0.0
5749640,2026-08-24T18:45:00.000Z,1,Serie A,Roma,8686,Fiorentina,8535,1667016,Giorgio De Marzi,Roma,8686,True,0.0,0.0,0.0,0.0,0.0,0.0,0.0,0.0,0.0,0.0,0.0,0.0,0.0,0.0,0.0,0.0,0.0,0.0,0.0,0.0,0.0,0.0,0.0,0.0,0.0,0.0,0.0,0.0,0.0,0.0,0.0,0.0,0.0,0.0,0.0,0.0,0.0,0.0,0.0,0.0,0.0,0.0,0.0,0.0,0.0,0.0,0.0,0.0,0.0,0.0,0.0,0.0,0.0,0.0,0.0,0.0,0.0,0.0,0.0,0.0,0.0,0.0,0.0
5749640,2026-08-24T18:45:00.000Z,1,Serie A,Roma,8686,Fiorentina,8535,1705134,Robinio Vaz,Roma,8686,False,0.0,0.0,0.0,0.0,0.0,0.0,0.0,0.0,0.0,0.0,0.0,0.0,0.0,0.0,0.0,0.0,0.0,0.0,0.0,0.0,0.0,0.0,0.0,0.0,0.0,0.0,0.0,0.0,0.0,0.0,0.0,0.0,0.0,0.0,0.0,0.0,0.0,0.0,0.0,0.0,0.0,0.0,0.0,0.0,0.0,0.0,0.0,0.0,0.0,0.0,0.0,0.0,0.0,0.0,0.0,0.0,0.0,0.0,0.0,0.0,0.0,0.0,0.0
5749640,2026-08-24T18:45:00.000Z,1,Serie A,Roma,8686,Fiorentina,8535,1712399,Valde,Fiorentina,8535,False,5.84,10.0,0.0,0.0,0.0,0.0,0.0,0.0,4.0,4.0,0.0,0.0,0.0,0.0,0.0,0.0,0.0,0.0,0.0,0.0,6.0,0.0,0.0,0.0,0.0,1.0,0.0,0.0,0.0,0.0,0.0,0.0,0.0,0.0,0.0,0.0,1.0,0.0,1.0,0.0,1.0,0.0,2.0,0.0,0.0,0.0,0.0,0.0,0.0,0.0,0.0,0.0,0.0,1.0,0.0,0.0,0.0,0.0,0.0,0.0,0.0,0.0,0.0
5749640,2026-08-24T18:45:00.000Z,1,Serie A,Roma,8686,Fiorentina,8535,1784179,Eman Kospo,Fiorentina,8535,False,0.0,0.0,0.0,0.0,0.0,0.0,0.0,0.0,0.0,0.0,0.0,0.0,0.0,0.0,0.0,0.0,0.0,0.0,0.0,0.0,0.0,0.0,0.0,0.0,0.0,0.0,0.0,0.0,0.0,0.0,0.0,0.0,0.0,0.0,0.0,0.0,0.0,0.0,0.0,0.0,0.0,0.0,0.0,0.0,0.0,0.0,0.0,0.0,0.0,0.0,0.0,0.0,0.0,0.0,0.0,0.0,0.0,0.0,0.0,0.0,0.0,0.0,0.0
5749640,2026-08-24T18:45:00.000Z,1,Serie A,Roma,8686,Fiorentina,8535,1800491,Emanuele Lulli,Roma,8686,False,7.78,90.0,0.03,0.15,0.0,0.0,0.0,0.0,32.0,37.0,0.0,1.0,0.0,0.0,0.0,0.0,0.0,0.0,3.0,1.0,56.0,5.0,1.0,2.0,4.0,5.0,0.0,0.0,0.0,1.0,3.0,1.0,1.0,0.0,0.0,0.0,0.0,6.0,8.0,1.0,2.0,7.0,3.0,0.12,0.0,1.0,0.0,0.0,1.0,0.0,0.0,1.0,0.0,3.0,0.0,0.12,0.0,0.0,0.0,0.0,0.0,0.0,0.0
5749640,2026-08-24T18:45:00.000Z,1,Serie A,Roma,8686,Fiorentina,8535,1835436,Brando Mazzeo,Fiorentina,8535,False,0.0,0.0,0.0,0.0,0.0,0.0,0.0,0.0,0.0,0.0,0.0,0.0,0.0,0.0,0.0,0.0,0.0,0.0,0.0,0.0,0.0,0.0,0.0,0.0,0.0,0.0,0.0,0.0,0.0,0.0,0.0,0.0,0.0,0.0,0.0,0.0,0.0,0.0,0.0,0.0,0.0,0.0,0.0,0.0,0.0,0.0,0.0,0.0,0.0,0.0,0.0,0.0,0.0,0.0,0.0,0.0,0.0,0.0,0.0,0.0,0.0,0.0,0.0
5749640,2026-08-24T18:45:00.000Z,1,Serie A,Roma,8686,Fiorentina,8535,2018923,Federico Croci,Fiorentina,8535,False,0.0,0.0,0.0,0.0,0.0,0.0,0.0,0.0,0.0,0.0,0.0,0.0,0.0,0.0,0.0,0.0,0.0,0.0,0.0,0.0,0.0,0.0,0.0,0.0,0.0,0.0,0.0,0.0,0.0,0.0,0.0,0.0,0.0,0.0,0.0,0.0,0.0,0.0,0.0,0.0,0.0,0.0,0.0,0.0,0.0,0.0,0.0,0.0,0.0,0.0,0.0,0.0,0.0,0.0,0.0,0.0,0.0,0.0,0.0,0.0,0.0,0.0,0.0
5749641,2026-08-23T18:45:00.000Z,1,Serie A,Atalanta,8524,Sassuolo,7943,115067,Nemanja Matic,Sassuolo,7943,False,7.29,74.0,0.01,0.03,0.0,0.0,0.0,0.0,47.0,53.0,5.0,6.0,0.0,0.0,0.0,0.0,0.0,0.0,9.0,1.0,64.0,3.0,1.0,0.0,0.0,6.0,2.0,0.0,0.0,1.0,1.0,3.0,3.0,1.0,0.0,0.0,0.0,4.0,5.0,0.0,0.0,4.0,1.0,0.02,0.0,1.0,0.0,0.0,1.0,0.0,0.0,1.0,0.0,0.0,0.0,0.02,0.0,0.0,0.0,0.0,0.0,0.0,0.0
5749641,2026-08-23T18:45:00.000Z,1,Serie A,Atalanta,8524,Sassuolo,7943,198559,Marten de Roon,Atalanta,8524,False,0.0,0.0,0.0,0.0,0.0,0.0,0.0,0.0,0.0,0.0,0.0,0.0,0.0,0.0,0.0,0.0,0.0,0.0,0.0,0.0,0.0,0.0,0.0,0.0,0.0,0.0,0.0,0.0,0.0,0.0,0.0,0.0,0.0,0.0,0.0,0.0,0.0,0.0,0.0,0.0,0.0,0.0,0.0,0.0,0.0,0.0,0.0,0.0,0.0,0.0,0.0,0.0,0.0,0.0,0.0,0.0,0.0,0.0,0.0,0.0,0.0,0.0,0.0
5749641,2026-08-23T18:45:00.000Z,1,Serie A,Atalanta,8524,Sassuolo,7943,212630,Marco Sportiello,Atalanta,8524,True,0.0,0.0,0.0,0.0,0.0,0.0,0.0,0.0,0.0,0.0,0.0,0.0,0.0,0.0,0.0,0.0,0.0,0.0,0.0,0.0,0.0,0.0,0.0,0.0,0.0,0.0,0.0,0.0,0.0,0.0,0.0,0.0,0.0,0.0,0.0,0.0,0.0,0.0,0.0,0.0,0.0,0.0,0.0,0.0,0.0,0.0,0.0,0.0,0.0,0.0,0.0,0.0,0.0,0.0,0.0,0.0,0.0,0.0,0.0,0.0,0.0,0.0,0.0
5749641,2026-08-23T18:45:00.000Z,1,Serie A,Atalanta,8524,Sassuolo,7943,244811,Davide Zappacosta,Atalanta,8524,False,7.29,90.0,0.18,0.24,0.0,0.0,0.0,0.0,54.0,59.0,1.0,3.0,0.0,0.0,0.0,0.0,0.0,0.0,3.0,0.0,78.0,3.0,0.0,0.0,2.0,8.0,0.0,0.0,0.0,0.0,5.0,0.0,0.0,0.0,1.0,0.0,0.0,2.0,2.0,0.0,0.0,2.0,0.0,0.06,0.0,2.0,0.0,0.0,1.0,1.0,0.0,1.0,0.0,4.0,0.0,0.06,0.0,0.0,0.0,1.0,0.0,0.0,0.0
5749641,2026-08-23T18:45:00.000Z,1,Serie A,Atalanta,8524,Sassuolo,7943,304345,Sead Kolasinac,Atalanta,8524,False,6.23,19.0,0.02,0.02,0.0,0.0,0.0,0.0,14.0,15.0,1.0,2.0,0.0,0.0,0.0,0.0,0.0,0.0,1.0,2.0,19.0,2.0,0.0,1.0,0.0,3.0,0.0,0.0,0.0,0.0,0.0,0.0,0.0,0.0,0.0,2.0,0.0,0.0,1.0,0.0,0.0,0.0,1.0,0.0,0.0,0.0,0.0,0.0,0.0,0.0,0.0,0.0,0.0,0.0,0.0,0.0,0.0,0.0,0.0,0.0,0.0,0.0,0.0
5749641,2026-08-23T18:45:00.000Z,1,Serie A,Atalanta,8524,Sassuolo,7943,446266,Mario Pasalic,Atalanta,8524,False,6.17,60.0,0.01,0.01,0.0,0.0,0.0,0.0,35.0,38.0,0.0,0.0,0.0,0.0,0.0,0.0,0.0,0.0,0.0,1.0,45.0,2.0,0.0,1.0,0.0,2.0,0.0,0.0,0.0,0.0,2.0,0.0,0.0,1.0,1.0,0.0,2.0,0.0,4.0,0.0,0.0,0.0,4.0,0.0,0.0,0.0,0.0,0.0,0.0,0.0,0.0,0.0,0.0,0.0,0.0,0.0,0.0,0.0,0.0,0.0,0.0,0.0,0.0
5749641,2026-08-23T18:45:00.000Z,1,Serie A,Atalanta,8524,Sassuolo,7943,720649,Nicholas Pierini,Sassuolo,7943,False,0.0,0.0,0.0,0.0,0.0,0.0,0.0,0.0,0.0,0.0,0.0,0.0,0.0,0.0,0.0,0.0,0.0,0.0,0.0,0.0,0.0,0.0,0.0,0.0,0.0,0.0,0.0,0.0,0.0,0.0,0.0,0.0,0.0,0.0,0.0,0.0,0.0,0.0,0.0,0.0,0.0,0.0,0.0,0.0,0.0,0.0,0.0,0.0,0.0,0.0,0.0,0.0,0.0,0.0,0.0,0.0,0.0,0.0,0.0,0.0,0.0,0.0,0.0
5749641,2026-08-23T18:45:00.000Z,1,Serie A,Atalanta,8524,Sassuolo,7943,721089,Gianluca Scamacca,Atalanta,8524,False,6.83,60.0,0.35,0.35,0.0,0.0,0.0,0.0,22.0,24.0,0.0,0.0,0.0,0.0,0.0,0.0,0.0,0.0,3.0,0.0,32.0,3.0,0.0,0.0,2.0,1.0,0.0,0.0,0.0,1.0,2.0,0.0,0.0,1.0,1.0,0.0,1.0,2.0,4.0,0.0,0.0,2.0,2.0,0.0,0.0,0.0,0.0,0.0,0.0,0.0,0.0,0.0,0.0,0.0,0.0,0.0,0.0,0.0,0.0,0.0,0.0,0.0,0.0
5749641,2026-08-23T18:45:00.000Z,1,Serie A,Atalanta,8524,Sassuolo,7943,741049,Eljif Elmas,Atalanta,8524,False,0.0,8.0,0.0,0.0,0.0,0.0,0.0,0.0,5.0,5.0,0.0,0.0,0.0,0.0,0.0,0.0,0.0,0.0,1.0,0.0,6.0,1.0,0.0,0.0,0.0,0.0,1.0,0.0,0.0,0.0,0.0,0.0,0.0,0.0,0.0,0.0,0.0,0.0,0.0,0.0,0.0,0.0,0.0,0.0,0.0,0.0,0.0,0.0,0.0,0.0,0.0,0.0,0.0,0.0,0.0,0.0,0.0,0.0,0.0,0.0,0.0,0.0,0.0
5749641,2026-08-23T18:45:00.000Z,1,Serie A,Atalanta,8524,Sassuolo,7943,760752,Arijanet Muric,Sassuolo,7943,True,6.58,90.0,0.0,0.0,5.0,2.0,1.23,-0.77,20.0,22.0,1.0,3.0,3.0,2.0,2.0,0.0,4.0,1.0,7.0,1.0,33.0,1.0,0.0,0.0,0.0,0.0,0.0,0.0,0.0,0.0,0.0,0.0,0.0,0.0,0.0,0.0,0.0,0.0,0.0,0.0,0.0,0.0,0.0,0.0,0.0,0.0,0.0,0.0,0.0,0.0,0.0,0.0,0.0,0.0,0.0,0.0,0.0,0.0,0.0,0.0,0.0,0.0,0.0
5749641,2026-08-23T18:45:00.000Z,1,Serie A,Atalanta,8524,Sassuolo,7943,833638,Nikola Krstovic,Atalanta,8524,False,7.38,30.0,0.01,0.19,0.0,0.0,0.0,0.0,9.0,11.0,1.0,1.0,0.0,0.0,0.0,0.0,0.0,0.0,2.0,0.0,16.0,0.0,0.0,2.0,0.0,0.0,0.0,1.0,0.0,1.0,4.0,0.0,0.0,0.0,0.0,0.0,0.0,0.0,2.0,0.0,2.0,0.0,4.0,0.18,0.48,3.0,0.0,2.0,1.0,0.0,2.0,3.0,0.0,0.0,0.0,0.18,0.0,0.0,0.0,0.0,0.0,0.0,0.0
5749641,2026-08-23T18:45:00.000Z,1,Serie A,Atalanta,8524,Sassuolo,7943,869054,Stefano Turati,Sassuolo,7943,True,0.0,0.0,0.0,0.0,0.0,0.0,0.0,0.0,0.0,0.0,0.0,0.0,0.0,0.0,0.0,0.0,0.0,0.0,0.0,0.0,0.0,0.0,0.0,0.0,0.0,0.0,0.0,0.0,0.0,0.0,0.0,0.0,0.0,0.0,0.0,0.0,0.0,0.0,0.0,0.0,0.0,0.0,0.0,0.0,0.0,0.0,0.0,0.0,0.0,0.0,0.0,0.0,0.0,0.0,0.0,0.0,0.0,0.0,0.0,0.0,0.0,0.0,0.0
5749641,2026-08-23T18:45:00.000Z,1,Serie A,Atalanta,8524,Sassuolo,7943,902651,Raoul Bellanova,Atalanta,8524,False,0.0,0.0,0.0,0.0,0.0,0.0,0.0,0.0,0.0,0.0,0.0,0.0,0.0,0.0,0.0,0.0,0.0,0.0,0.0,0.0,0.0,0.0,0.0,0.0,0.0,0.0,0.0,0.0,0.0,0.0,0.0,0.0,0.0,0.0,0.0,0.0,0.0,0.0,0.0,0.0,0.0,0.0,0.0,0.0,0.0,0.0,0.0,0.0,0.0,0.0,0.0,0.0,0.0,0.0,0.0,0.0,0.0,0.0,0.0,0.0,0.0,0.0,0.0
5749641,2026-08-23T18:45:00.000Z,1,Serie A,Atalanta,8524,Sassuolo,7943,921921,Kristian Thorstvedt,Sassuolo,7943,False,6.66,26.0,0.02,0.09000000000000001,0.0,0.0,0.0,0.0,25.0,26.0,1.0,1.0,0.0,0.0,0.0,0.0,0.0,0.0,3.0,0.0,32.0,1.0,2.0,0.0,1.0,1.0,0.0,0.0,0.0,0.0,0.0,0.0,0.0,0.0,0.0,0.0,0.0,3.0,3.0,0.0,0.0,3.0,0.0,0.07,0.07,2.0,0.0,1.0,0.0,1.0,1.0,1.0,0.0,0.0,0.0,0.07,0.0,0.0,0.0,0.0,0.0,0.0,0.0
5749641,2026-08-23T18:45:00.000Z,1,Serie A,Atalanta,8524,Sassuolo,7943,935769,Armand Laurienté,Sassuolo,7943,False,6.94,90.0,0.44,0.79,0.0,0.0,0.0,0.0,33.0,34.0,1.0,1.0,0.0,0.0,0.0,0.0,0.0,0.0,3.0,0.0,56.0,1.0,0.0,1.0,1.0,4.0,0.0,0.0,0.0,2.0,8.0,1.0,4.0,3.0,0.0,0.0,0.0,2.0,9.0,0.0,0.0,2.0,7.0,0.35,0.13,6.0,1.0,2.0,3.0,1.0,2.0,5.0,0.0,2.0,2.0,0.35,0.0,0.0,1.0,0.0,0.0,0.0,0.0
5749641,2026-08-23T18:45:00.000Z,1,Serie A,Atalanta,8524,Sassuolo,7943,937412,Jay Idzes,Sassuolo,7943,False,0.0,0.0,0.0,0.0,0.0,0.0,0.0,0.0,0.0,0.0,0.0,0.0,0.0,0.0,0.0,0.0,0.0,0.0,0.0,0.0,0.0,0.0,0.0,0.0,0.0,0.0,0.0,0.0,0.0,0.0,0.0,0.0,0.0,0.0,0.0,0.0,0.0,0.0,0.0,0.0,0.0,0.0,0.0,0.0,0.0,0.0,0.0,0.0,0.0,0.0,0.0,0.0,0.0,0.0,0.0,0.0,0.0,0.0,0.0,0.0,0.0,0.0,0.0
5749641,2026-08-23T18:45:00.000Z,1,Serie A,Atalanta,8524,Sassuolo,7943,951743,Giacomo Raspadori,Atalanta,8524,False,8.03,82.0,0.06,0.32,0.0,0.0,0.0,0.0,16.0,17.0,3.0,3.0,0.0,0.0,0.0,0.0,0.0,0.0,2.0,0.0,34.0,5.0,3.0,1.0,3.0,0.0,2.0,1.0,0.0,0.0,5.0,0.0,0.0,0.0,0.0,0.0,1.0,6.0,8.0,0.0,0.0,6.0,2.0,0.26,0.07,3.0,0.0,1.0,0.0,2.0,1.0,1.0,0.0,1.0,0.0,0.26,0.0,0.0,0.0,0.0,0.0,0.0,0.0
5749641,2026-08-23T18:45:00.000Z,1,Serie A,Atalanta,8524,Sassuolo,7943,957203,Éderson,Atalanta,8524,False,7.07,90.0,0.01,0.05,0.0,0.0,0.0,0.0,33.0,37.0,1.0,1.0,0.0,0.0,0.0,0.0,0.0,0.0,4.0,1.0,54.0,3.0,3.0,1.0,1.0,3.0,1.0,0.0,0.0,1.0,1.0,0.0,0.0,3.0,0.0,0.0,0.0,4.0,8.0,0.0,0.0,4.0,4.0,0.04,0.24,2.0,0.0,2.0,0.0,0.0,2.0,2.0,0.0,1.0,0.0,0.04,0.0,0.0,0.0,0.0,0.0,0.0,0.0
5749641,2026-08-23T18:45:00.000Z,1,Serie A,Atalanta,8524,Sassuolo,7943,982617,Kieron Bowie,Sassuolo,7943,False,6.66,88.0,0.12,0.74,0.0,0.0,0.0,0.0,10.0,13.0,0.0,0.0,0.0,0.0,0.0,0.0,0.0,0.0,1.0,0.0,20.0,0.0,1.0,1.0,0.0,0.0,0.0,0.0,0.0,3.0,4.0,0.0,0.0,0.0,0.0,0.0,0.0,1.0,2.0,1.0,1.0,2.0,1.0,0.62,0.0,2.0,1.0,0.0,2.0,0.0,0.0,2.0,0.0,0.0,0.0,0.62,0.0,0.0,1.0,0.0,0.0,0.0,0.0
5749641,2026-08-23T18:45:00.000Z,1,Serie A,Atalanta,8524,Sassuolo,7943,1012842,Gianluca Gaetano,Atalanta,8524,False,7.96,90.0,0.04,0.05,0.0,0.0,0.0,0.0,63.0,68.0,0.0,2.0,0.0,0.0,0.0,0.0,0.0,0.0,2.0,1.0,81.0,6.0,1.0,1.0,4.0,6.0,1.0,0.0,1.0,1.0,0.0,0.0,0.0,2.0,0.0,1.0,1.0,5.0,9.0,0.0,0.0,5.0,4.0,0.01,0.01,1.0,0.0,1.0,0.0,0.0,1.0,1.0,0.0,0.0,0.0,0.01,0.0,0.0,0.0,0.0,0.0,0.0,0.0
5749641,2026-08-23T18:45:00.000Z,1,Serie A,Atalanta,8524,Sassuolo,7943,1013021,Marco Carnesecchi,Atalanta,8524,True,7.92,90.0,0.0,0.0,7.0,1.0,1.77,0.77,28.0,41.0,4.0,16.0,2.0,4.0,0.0,1.0,3.0,0.0,9.0,1.0,52.0,1.0,0.0,0.0,0.0,7.0,0.0,0.0,0.0,0.0,0.0,0.0,0.0,0.0,0.0,0.0,0.0,0.0,0.0,0.0,0.0,0.0,0.0,0.0,0.0,0.0,0.0,0.0,0.0,0.0,0.0,0.0,0.0,0.0,0.0,0.0,0.0,0.0,0.0,0.0,0.0,0.0,0.0
5749641,2026-08-23T18:45:00.000Z,1,Serie A,Atalanta,8524,Sassuolo,7943,1014496,Odilon Kossounou,Atalanta,8524,False,5.98,90.0,0.01,0.01,0.0,0.0,0.0,0.0,89.0,92.0,0.0,1.0,0.0,0.0,0.0,0.0,0.0,0.0,7.0,4.0,101.0,6.0,0.0,0.0,0.0,3.0,1.0,0.0,0.0,0.0,0.0,0.0,0.0,1.0,1.0,2.0,0.0,0.0,1.0,0.0,2.0,0.0,3.0,0.0,0.0,0.0,0.0,0.0,0.0,0.0,0.0,0.0,0.0,0.0,0.0,0.0,1.0,0.0,0.0,0.0,0.0,0.0,0.0
5749641,2026-08-23T18:45:00.000Z,1,Serie A,Atalanta,8524,Sassuolo,7943,1050178,Lazar Samardzic,Atalanta,8524,False,6.72,30.0,0.03,0.06,0.0,0.0,0.0,0.0,12.0,14.0,1.0,1.0,0.0,0.0,0.0,0.0,0.0,0.0,1.0,0.0,23.0,3.0,1.0,1.0,3.0,0.0,0.0,0.0,0.0,2.0,0.0,0.0,1.0,0.0,0.0,0.0,0.0,4.0,6.0,0.0,1.0,4.0,3.0,0.03,0.0,1.0,0.0,0.0,1.0,0.0,0.0,1.0,1.0,1.0,1.0,0.03,0.0,0.0,0.0,0.0,0.0,0.0,0.0
5749641,2026-08-23T18:45:00.000Z,1,Serie A,Atalanta,8524,Sassuolo,7943,1053714,Nicola Zalewski,Atalanta,8524,False,7.52,60.0,0.05,0.31,0.0,0.0,0.0,0.0,29.0,31.0,2.0,2.0,0.0,0.0,0.0,0.0,0.0,0.0,2.0,2.0,43.0,3.0,1.0,0.0,1.0,2.0,0.0,0.0,0.0,2.0,2.0,2.0,4.0,0.0,0.0,0.0,0.0,4.0,6.0,0.0,0.0,4.0,2.0,0.26,0.45,1.0,0.0,1.0,0.0,0.0,1.0,1.0,0.0,0.0,0.0,0.26,0.0,0.0,0.0,0.0,0.0,0.0,0.0
5749641,2026-08-23T18:45:00.000Z,1,Serie A,Atalanta,8524,Sassuolo,7943,1055183,Andrea Ghion,Sassuolo,7943,False,0.0,0.0,0.0,0.0,0.0,0.0,0.0,0.0,0.0,0.0,0.0,0.0,0.0,0.0,0.0,0.0,0.0,0.0,0.0,0.0,0.0,0.0,0.0,0.0,0.0,0.0,0.0,0.0,0.0,0.0,0.0,0.0,0.0,0.0,0.0,0.0,0.0,0.0,0.0,0.0,0.0,0.0,0.0,0.0,0.0,0.0,0.0,0.0,0.0,0.0,0.0,0.0,0.0,0.0,0.0,0.0,0.0,0.0,0.0,0.0,0.0,0.0,0.0
5749641,2026-08-23T18:45:00.000Z,1,Serie A,Atalanta,8524,Sassuolo,7943,1079501,Cas Odenthal,Sassuolo,7943,False,6.84,90.0,0.0,0.64,0.0,0.0,0.0,0.0,64.0,65.0,3.0,4.0,0.0,0.0,0.0,0.0,0.0,0.0,3.0,0.0,70.0,1.0,0.0,2.0,0.0,2.0,0.0,1.0,0.0,1.0,1.0,0.0,0.0,0.0,1.0,0.0,1.0,0.0,3.0,0.0,1.0,0.0,4.0,0.64,0.99,1.0,0.0,1.0,0.0,0.0,1.0,1.0,0.0,0.0,0.0,0.64,0.0,0.0,0.0,0.0,0.0,0.0,0.0
5749641,2026-08-23T18:45:00.000Z,1,Serie A,Atalanta,8524,Sassuolo,7943,1095432,Charles De Ketelaere,Atalanta,8524,False,6.47,30.0,0.05,0.05,0.0,0.0,0.0,0.0,16.0,19.0,0.0,2.0,0.0,0.0,0.0,0.0,0.0,0.0,1.0,0.0,24.0,0.0,1.0,0.0,0.0,4.0,0.0,0.0,0.0,1.0,0.0,1.0,1.0,1.0,0.0,0.0,1.0,2.0,4.0,0.0,0.0,2.0,2.0,0.0,0.0,0.0,0.0,0.0,0.0,0.0,0.0,0.0,0.0,0.0,0.0,0.0,0.0,0.0,0.0,0.0,0.0,0.0,0.0
5749641,2026-08-23T18:45:00.000Z,1,Serie A,Atalanta,8524,Sassuolo,7943,1130330,Josh Doig,Sassuolo,7943,False,6.94,90.0,0.07,0.09000000000000001,0.0,0.0,0.0,0.0,31.0,35.0,1.0,3.0,0.0,0.0,0.0,0.0,0.0,0.0,1.0,3.0,63.0,8.0,0.0,1.0,4.0,5.0,1.0,0.0,0.0,3.0,0.0,0.0,1.0,0.0,0.0,2.0,0.0,4.0,6.0,1.0,1.0,5.0,2.0,0.02,0.0,1.0,0.0,0.0,0.0,1.0,0.0,0.0,1.0,4.0,0.0,0.02,0.0,0.0,0.0,0.0,0.0,0.0,0.0
5749641,2026-08-23T18:45:00.000Z,1,Serie A,Atalanta,8524,Sassuolo,7943,1167529,Rafael Obrador,Sassuolo,7943,False,0.0,0.0,0.0,0.0,0.0,0.0,0.0,0.0,0.0,0.0,0.0,0.0,0.0,0.0,0.0,0.0,0.0,0.0,0.0,0.0,0.0,0.0,0.0,0.0,0.0,0.0,0.0,0.0,0.0,0.0,0.0,0.0,0.0,0.0,0.0,0.0,0.0,0.0,0.0,0.0,0.0,0.0,0.0,0.0,0.0,0.0,0.0,0.0,0.0,0.0,0.0,0.0,0.0,0.0,0.0,0.0,0.0,0.0,0.0,0.0,0.0,0.0,0.0
5749641,2026-08-23T18:45:00.000Z,1,Serie A,Atalanta,8524,Sassuolo,7943,1189692,Edoardo Iannoni,Sassuolo,7943,False,0.0,0.0,0.0,0.0,0.0,0.0,0.0,0.0,0.0,0.0,0.0,0.0,0.0,0.0,0.0,0.0,0.0,0.0,0.0,0.0,0.0,0.0,0.0,0.0,0.0,0.0,0.0,0.0,0.0,0.0,0.0,0.0,0.0,0.0,0.0,0.0,0.0,0.0,0.0,0.0,0.0,0.0,0.0,0.0,0.0,0.0,0.0,0.0,0.0,0.0,0.0,0.0,0.0,0.0,0.0,0.0,0.0,0.0,0.0,0.0,0.0,0.0,0.0
5749641,2026-08-23T18:45:00.000Z,1,Serie A,Atalanta,8524,Sassuolo,7943,1191093,Lorenzo Bernasconi,Atalanta,8524,False,6.1,71.0,0.02,0.02,0.0,0.0,0.0,0.0,24.0,27.0,2.0,3.0,0.0,0.0,0.0,0.0,0.0,0.0,0.0,0.0,39.0,0.0,0.0,0.0,0.0,4.0,0.0,0.0,0.0,0.0,0.0,0.0,1.0,0.0,0.0,0.0,1.0,0.0,2.0,0.0,1.0,0.0,3.0,0.0,0.0,0.0,0.0,0.0,0.0,0.0,0.0,0.0,0.0,3.0,3.0,0.0,0.0,0.0,0.0,0.0,0.0,0.0,0.0
5749641,2026-08-23T18:45:00.000Z,1,Serie A,Atalanta,8524,Sassuolo,7943,1202358,Giorgio Scalvini,Atalanta,8524,False,6.48,90.0,0.01,0.05,0.0,0.0,0.0,0.0,95.0,98.0,3.0,5.0,0.0,0.0,0.0,0.0,0.0,0.0,1.0,1.0,105.0,2.0,0.0,1.0,0.0,5.0,0.0,0.0,0.0,0.0,2.0,0.0,0.0,1.0,1.0,1.0,1.0,0.0,3.0,2.0,3.0,2.0,4.0,0.04,0.0,1.0,0.0,0.0,1.0,0.0,0.0,1.0,0.0,0.0,0.0,0.04,0.0,0.0,0.0,0.0,0.0,0.0,0.0
5749641,2026-08-23T18:45:00.000Z,1,Serie A,Atalanta,8524,Sassuolo,7943,1203195,Fedde Leysen,Sassuolo,7943,False,6.44,16.0,0.0,0.0,0.0,0.0,0.0,0.0,19.0,21.0,0.0,0.0,0.0,0.0,0.0,0.0,0.0,0.0,2.0,0.0,24.0,2.0,0.0,0.0,0.0,0.0,1.0,0.0,0.0,0.0,0.0,0.0,0.0,0.0,1.0,0.0,0.0,0.0,0.0,2.0,2.0,2.0,0.0,0.0,0.0,0.0,0.0,0.0,0.0,0.0,0.0,0.0,0.0,0.0,0.0,0.0,0.0,0.0,0.0,0.0,0.0,0.0,0.0
5749641,2026-08-23T18:45:00.000Z,1,Serie A,Atalanta,8524,Sassuolo,7943,1210653,Riccardo Ciervo,Sassuolo,7943,False,0.0,2.0,0.0,0.0,0.0,0.0,0.0,0.0,4.0,4.0,0.0,0.0,0.0,0.0,0.0,0.0,0.0,0.0,0.0,0.0,4.0,0.0,0.0,0.0,0.0,0.0,0.0,0.0,0.0,0.0,1.0,0.0,0.0,0.0,0.0,0.0,0.0,0.0,0.0,0.0,0.0,0.0,0.0,0.0,0.0,0.0,0.0,0.0,0.0,0.0,0.0,0.0,0.0,0.0,0.0,0.0,0.0,0.0,0.0,0.0,0.0,0.0,0.0
5749641,2026-08-23T18:45:00.000Z,1,Serie A,Atalanta,8524,Sassuolo,7943,1307979,Filippo Missori,Sassuolo,7943,False,0.0,0.0,0.0,0.0,0.0,0.0,0.0,0.0,0.0,0.0,0.0,0.0,0.0,0.0,0.0,0.0,0.0,0.0,0.0,0.0,0.0,0.0,0.0,0.0,0.0,0.0,0.0,0.0,0.0,0.0,0.0,0.0,0.0,0.0,0.0,0.0,0.0,0.0,0.0,0.0,0.0,0.0,0.0,0.0,0.0,0.0,0.0,0.0,0.0,0.0,0.0,0.0,0.0,0.0,0.0,0.0,0.0,0.0,0.0,0.0,0.0,0.0,0.0
5749641,2026-08-23T18:45:00.000Z,1,Serie A,Atalanta,8524,Sassuolo,7943,1308909,Cristian Volpato,Sassuolo,7943,False,7.71,88.0,0.33,0.42000000000000004,0.0,0.0,0.0,0.0,29.0,35.0,1.0,1.0,0.0,0.0,0.0,0.0,0.0,0.0,4.0,0.0,54.0,1.0,2.0,2.0,1.0,1.0,0.0,0.0,0.0,5.0,4.0,1.0,4.0,0.0,0.0,0.0,0.0,4.0,9.0,0.0,0.0,4.0,5.0,0.09,0.13,2.0,1.0,2.0,0.0,0.0,2.0,2.0,1.0,3.0,2.0,0.09,0.0,1.0,0.0,0.0,0.0,0.0,0.0
5749641,2026-08-23T18:45:00.000Z,1,Serie A,Atalanta,8524,Sassuolo,7943,1316088,Benja Domínguez,Sassuolo,7943,False,6.13,16.0,0.0,0.02,0.0,0.0,0.0,0.0,2.0,2.0,0.0,0.0,0.0,0.0,0.0,0.0,0.0,0.0,1.0,0.0,7.0,0.0,0.0,1.0,0.0,0.0,0.0,0.0,0.0,0.0,0.0,1.0,2.0,0.0,0.0,0.0,0.0,1.0,3.0,0.0,0.0,1.0,2.0,0.02,0.0,1.0,0.0,0.0,1.0,0.0,0.0,1.0,0.0,0.0,0.0,0.02,0.0,0.0,0.0,0.0,0.0,0.0,0.0
5749641,2026-08-23T18:45:00.000Z,1,Serie A,Atalanta,8524,Sassuolo,7943,1369279,Luca Lipani,Sassuolo,7943,False,0.0,0.0,0.0,0.0,0.0,0.0,0.0,0.0,0.0,0.0,0.0,0.0,0.0,0.0,0.0,0.0,0.0,0.0,0.0,0.0,0.0,0.0,0.0,0.0,0.0,0.0,0.0,0.0,0.0,0.0,0.0,0.0,0.0,0.0,0.0,0.0,0.0,0.0,0.0,0.0,0.0,0.0,0.0,0.0,0.0,0.0,0.0,0.0,0.0,0.0,0.0,0.0,0.0,0.0,0.0,0.0,0.0,0.0,0.0,0.0,0.0,0.0,0.0
5749641,2026-08-23T18:45:00.000Z,1,Serie A,Atalanta,8524,Sassuolo,7943,1382375,Vasilije Adzic,Sassuolo,7943,False,6.42,64.0,0.04,0.8300000000000001,0.0,0.0,0.0,0.0,15.0,18.0,0.0,0.0,0.0,0.0,0.0,0.0,0.0,0.0,0.0,1.0,30.0,2.0,0.0,0.0,1.0,0.0,0.0,0.0,0.0,2.0,4.0,0.0,0.0,2.0,0.0,0.0,0.0,1.0,3.0,1.0,1.0,2.0,2.0,0.79,0.45,4.0,0.0,2.0,0.0,2.0,2.0,2.0,1.0,2.0,0.0,0.79,0.0,0.0,1.0,0.0,0.0,0.0,0.0
5749641,2026-08-23T18:45:00.000Z,1,Serie A,Atalanta,8524,Sassuolo,7943,1396375,Ibrahim Sulemana,Atalanta,8524,False,0.0,0.0,0.0,0.0,0.0,0.0,0.0,0.0,0.0,0.0,0.0,0.0,0.0,0.0,0.0,0.0,0.0,0.0,0.0,0.0,0.0,0.0,0.0,0.0,0.0,0.0,0.0,0.0,0.0,0.0,0.0,0.0,0.0,0.0,0.0,0.0,0.0,0.0,0.0,0.0,0.0,0.0,0.0,0.0,0.0,0.0,0.0,0.0,0.0,0.0,0.0,0.0,0.0,0.0,0.0,0.0,0.0,0.0,0.0,0.0,0.0,0.0,0.0
5749641,2026-08-23T18:45:00.000Z,1,Serie A,Atalanta,8524,Sassuolo,7943,1398350,Patrick Nuamah,Sassuolo,7943,False,0.0,0.0,0.0,0.0,0.0,0.0,0.0,0.0,0.0,0.0,0.0,0.0,0.0,0.0,0.0,0.0,0.0,0.0,0.0,0.0,0.0,0.0,0.0,0.0,0.0,0.0,0.0,0.0,0.0,0.0,0.0,0.0,0.0,0.0,0.0,0.0,0.0,0.0,0.0,0.0,0.0,0.0,0.0,0.0,0.0,0.0,0.0,0.0,0.0,0.0,0.0,0.0,0.0,0.0,0.0,0.0,0.0,0.0,0.0,0.0,0.0,0.0,0.0
5749641,2026-08-23T18:45:00.000Z,1,Serie A,Atalanta,8524,Sassuolo,7943,1594898,Paolo Vismara,Atalanta,8524,True,0.0,0.0,0.0,0.0,0.0,0.0,0.0,0.0,0.0,0.0,0.0,0.0,0.0,0.0,0.0,0.0,0.0,0.0,0.0,0.0,0.0,0.0,0.0,0.0,0.0,0.0,0.0,0.0,0.0,0.0,0.0,0.0,0.0,0.0,0.0,0.0,0.0,0.0,0.0,0.0,0.0,0.0,0.0,0.0,0.0,0.0,0.0,0.0,0.0,0.0,0.0,0.0,0.0,0.0,0.0,0.0,0.0,0.0,0.0,0.0,0.0,0.0,0.0
5749641,2026-08-23T18:45:00.000Z,1,Serie A,Atalanta,8524,Sassuolo,7943,1641041,Darryl Bakola,Sassuolo,7943,False,7.29,90.0,0.02,0.09000000000000001,0.0,0.0,0.0,0.0,45.0,58.0,2.0,4.0,0.0,0.0,0.0,0.0,0.0,0.0,10.0,0.0,69.0,6.0,3.0,0.0,5.0,7.0,1.0,0.0,0.0,0.0,1.0,1.0,1.0,0.0,0.0,0.0,2.0,9.0,11.0,0.0,0.0,9.0,2.0,0.07,0.0,1.0,0.0,0.0,1.0,0.0,0.0,1.0,0.0,0.0,0.0,0.07,0.0,0.0,0.0,0.0,0.0,0.0,0.0
5749641,2026-08-23T18:45:00.000Z,1,Serie A,Atalanta,8524,Sassuolo,7943,1668963,Federico Cassa,Atalanta,8524,False,0.0,0.0,0.0,0.0,0.0,0.0,0.0,0.0,0.0,0.0,0.0,0.0,0.0,0.0,0.0,0.0,0.0,0.0,0.0,0.0,0.0,0.0,0.0,0.0,0.0,0.0,0.0,0.0,0.0,0.0,0.0,0.0,0.0,0.0,0.0,0.0,0.0,0.0,0.0,0.0,0.0,0.0,0.0,0.0,0.0,0.0,0.0,0.0,0.0,0.0,0.0,0.0,0.0,0.0,0.0,0.0,0.0,0.0,0.0,0.0,0.0,0.0,0.0
5749641,2026-08-23T18:45:00.000Z,1,Serie A,Atalanta,8524,Sassuolo,7943,1692456,Relja Obric,Atalanta,8524,False,0.0,0.0,0.0,0.0,0.0,0.0,0.0,0.0,0.0,0.0,0.0,0.0,0.0,0.0,0.0,0.0,0.0,0.0,0.0,0.0,0.0,0.0,0.0,0.0,0.0,0.0,0.0,0.0,0.0,0.0,0.0,0.0,0.0,0.0,0.0,0.0,0.0,0.0,0.0,0.0,0.0,0.0,0.0,0.0,0.0,0.0,0.0,0.0,0.0,0.0,0.0,0.0,0.0,0.0,0.0,0.0,0.0,0.0,0.0,0.0,0.0,0.0,0.0
5749641,2026-08-23T18:45:00.000Z,1,Serie A,Atalanta,8524,Sassuolo,7943,1735847,Simone Cinquegrano,Sassuolo,7943,False,6.77,90.0,0.05,0.07,0.0,0.0,0.0,0.0,34.0,35.0,1.0,1.0,0.0,0.0,0.0,0.0,0.0,0.0,4.0,7.0,61.0,10.0,0.0,2.0,1.0,5.0,1.0,0.0,0.0,1.0,1.0,1.0,3.0,0.0,1.0,3.0,0.0,2.0,6.0,1.0,1.0,3.0,4.0,0.02,0.0,1.0,0.0,0.0,1.0,0.0,0.0,1.0,1.0,5.0,0.0,0.02,0.0,0.0,0.0,0.0,0.0,0.0,0.0
5749641,2026-08-23T18:45:00.000Z,1,Serie A,Atalanta,8524,Sassuolo,7943,1816282,Alessandro Di Bitonto,Sassuolo,7943,False,0.0,0.0,0.0,0.0,0.0,0.0,0.0,0.0,0.0,0.0,0.0,0.0,0.0,0.0,0.0,0.0,0.0,0.0,0.0,0.0,0.0,0.0,0.0,0.0,0.0,0.0,0.0,0.0,0.0,0.0,0.0,0.0,0.0,0.0,0.0,0.0,0.0,0.0,0.0,0.0,0.0,0.0,0.0,0.0,0.0,0.0,0.0,0.0,0.0,0.0,0.0,0.0,0.0,0.0,0.0,0.0,0.0,0.0,0.0,0.0,0.0,0.0,0.0
5749641,2026-08-23T18:45:00.000Z,1,Serie A,Atalanta,8524,Sassuolo,7943,1858596,Tommaso Macchioni,Sassuolo,7943,False,4.84,74.0,0.0,0.0,0.0,0.0,0.0,0.0,42.0,43.0,0.0,0.0,0.0,0.0,0.0,0.0,0.0,0.0,1.0,2.0,47.0,2.0,0.0,0.0,0.0,0.0,0.0,0.0,0.0,0.0,0.0,0.0,0.0,0.0,0.0,1.0,0.0,0.0,0.0,1.0,1.0,1.0,0.0,0.0,0.0,0.0,0.0,0.0,0.0,0.0,0.0,0.0,0.0,0.0,0.0,0.0,1.0,0.0,0.0,0.0,0.0,0.0,0.0
5749641,2026-08-23T18:45:00.000Z,1,Serie A,Atalanta,8524,Sassuolo,7943,2022716,Gabriel Kulla,Sassuolo,7943,False,0.0,2.0,0.0,0.0,0.0,0.0,0.0,0.0,2.0,2.0,1.0,1.0,0.0,0.0,0.0,0.0,0.0,0.0,0.0,0.0,2.0,0.0,0.0,0.0,0.0,0.0,0.0,0.0,0.0,0.0,0.0,0.0,0.0,0.0,0.0,0.0,0.0,0.0,0.0,0.0,1.0,0.0,1.0,0.0,0.0,0.0,0.0,0.0,0.0,0.0,0.0,0.0,0.0,0.0,0.0,0.0,0.0,0.0,0.0,0.0,0.0,0.0,0.0
5749642,2026-08-24T16:30:00.000Z,1,Serie A,Bologna,9857,Lazio,8543,25587,Lorenzo De Silvestri,Bologna,9857,False,0.0,0.0,0.0,0.0,0.0,0.0,0.0,0.0,0.0,0.0,0.0,0.0,0.0,0.0,0.0,0.0,0.0,0.0,0.0,0.0,0.0,0.0,0.0,0.0,0.0,0.0,0.0,0.0,0.0,0.0,0.0,0.0,0.0,0.0,0.0,0.0,0.0,0.0,0.0,0.0,0.0,0.0,0.0,0.0,0.0,0.0,0.0,0.0,0.0,0.0,0.0,0.0,0.0,0.0,0.0,0.0,0.0,0.0,0.0,0.0,0.0,0.0,0.0
5749642,2026-08-24T16:30:00.000Z,1,Serie A,Bologna,9857,Lazio,8543,178732,Lukasz Skorupski,Bologna,9857,True,6.07,90.0,0.0,0.0,2.0,1.0,0.26,-0.74,20.0,23.0,3.0,5.0,0.0,0.0,1.0,1.0,4.0,0.0,9.0,3.0,32.0,3.0,0.0,0.0,0.0,2.0,0.0,0.0,0.0,0.0,0.0,0.0,0.0,0.0,0.0,0.0,0.0,0.0,0.0,1.0,1.0,1.0,0.0,0.0,0.0,0.0,0.0,0.0,0.0,0.0,0.0,0.0,0.0,0.0,0.0,0.0,0.0,0.0,0.0,0.0,0.0,0.0,0.0
5749642,2026-08-24T16:30:00.000Z,1,Serie A,Bologna,9857,Lazio,8543,362195,Alessio Romagnoli,Lazio,8543,False,0.0,0.0,0.0,0.0,0.0,0.0,0.0,0.0,0.0,0.0,0.0,0.0,0.0,0.0,0.0,0.0,0.0,0.0,0.0,0.0,0.0,0.0,0.0,0.0,0.0,0.0,0.0,0.0,0.0,0.0,0.0,0.0,0.0,0.0,0.0,0.0,0.0,0.0,0.0,0.0,0.0,0.0,0.0,0.0,0.0,0.0,0.0,0.0,0.0,0.0,0.0,0.0,0.0,0.0,0.0,0.0,0.0,0.0,0.0,0.0,0.0,0.0,0.0
5749642,2026-08-24T16:30:00.000Z,1,Serie A,Bologna,9857,Lazio,8543,414245,Federico Bernardeschi,Bologna,9857,False,6.5,30.0,0.29,0.36,0.0,0.0,0.0,0.0,7.0,7.0,1.0,1.0,0.0,0.0,0.0,0.0,0.0,0.0,1.0,0.0,25.0,0.0,2.0,0.0,0.0,1.0,0.0,0.0,0.0,1.0,1.0,1.0,3.0,1.0,0.0,0.0,0.0,3.0,6.0,1.0,1.0,4.0,3.0,0.07,0.38,2.0,1.0,1.0,1.0,0.0,1.0,2.0,3.0,4.0,1.0,0.07,0.0,1.0,0.0,0.0,0.0,0.0,0.0
5749642,2026-08-24T16:30:00.000Z,1,Serie A,Bologna,9857,Lazio,8543,478447,Adam Marusic,Lazio,8543,False,5.8,19.0,0.0,0.0,0.0,0.0,0.0,0.0,7.0,10.0,0.0,1.0,0.0,0.0,0.0,0.0,0.0,0.0,0.0,1.0,17.0,2.0,1.0,1.0,1.0,1.0,0.0,0.0,0.0,0.0,0.0,0.0,0.0,2.0,0.0,0.0,0.0,2.0,5.0,0.0,0.0,2.0,3.0,0.0,0.0,0.0,0.0,0.0,0.0,0.0,0.0,0.0,0.0,0.0,0.0,0.0,0.0,0.0,0.0,0.0,0.0,0.0,0.0
5749642,2026-08-24T16:30:00.000Z,1,Serie A,Bologna,9857,Lazio,8543,541555,Mattia Zaccagni,Lazio,8543,False,7.52,90.0,0.08,0.22999999999999998,0.0,0.0,0.0,0.0,13.0,17.0,2.0,3.0,0.0,0.0,0.0,0.0,0.0,0.0,3.0,1.0,37.0,4.0,1.0,1.0,2.0,4.0,1.0,0.0,0.0,1.0,1.0,2.0,3.0,0.0,0.0,0.0,1.0,5.0,8.0,0.0,0.0,5.0,3.0,0.15,0.02,3.0,0.0,1.0,1.0,1.0,1.0,2.0,2.0,6.0,1.0,0.15,0.0,0.0,0.0,0.0,0.0,0.0,0.0
5749642,2026-08-24T16:30:00.000Z,1,Serie A,Bologna,9857,Lazio,8543,629594,Alfonso Pedraza,Lazio,8543,False,6.81,78.0,0.01,0.08,0.0,0.0,0.0,0.0,9.0,11.0,0.0,0.0,0.0,0.0,0.0,0.0,0.0,0.0,2.0,0.0,25.0,0.0,0.0,2.0,0.0,0.0,0.0,0.0,0.0,1.0,2.0,1.0,2.0,0.0,0.0,0.0,1.0,1.0,5.0,0.0,0.0,1.0,4.0,0.07,0.0,1.0,0.0,0.0,0.0,1.0,0.0,0.0,1.0,3.0,3.0,0.07,0.0,1.0,0.0,0.0,0.0,0.0,0.0
5749642,2026-08-24T16:30:00.000Z,1,Serie A,Bologna,9857,Lazio,8543,641595,Nikola Moro,Bologna,9857,False,0.0,0.0,0.0,0.0,0.0,0.0,0.0,0.0,0.0,0.0,0.0,0.0,0.0,0.0,0.0,0.0,0.0,0.0,0.0,0.0,0.0,0.0,0.0,0.0,0.0,0.0,0.0,0.0,0.0,0.0,0.0,0.0,0.0,0.0,0.0,0.0,0.0,0.0,0.0,0.0,0.0,0.0,0.0,0.0,0.0,0.0,0.0,0.0,0.0,0.0,0.0,0.0,0.0,0.0,0.0,0.0,0.0,0.0,0.0,0.0,0.0,0.0,0.0
5749642,2026-08-24T16:30:00.000Z,1,Serie A,Bologna,9857,Lazio,8543,655696,Artem Dovbyk,Bologna,9857,False,5.85,30.0,0.0,0.0,0.0,0.0,0.0,0.0,1.0,1.0,0.0,0.0,0.0,0.0,0.0,0.0,0.0,0.0,0.0,0.0,3.0,0.0,0.0,1.0,0.0,0.0,0.0,0.0,0.0,0.0,1.0,0.0,0.0,0.0,0.0,0.0,0.0,0.0,1.0,0.0,0.0,0.0,1.0,0.0,0.0,0.0,0.0,0.0,0.0,0.0,0.0,0.0,0.0,0.0,0.0,0.0,0.0,0.0,0.0,0.0,0.0,0.0,0.0
5749642,2026-08-24T16:30:00.000Z,1,Serie A,Bologna,9857,Lazio,8543,661761,Riccardo Orsolini,Bologna,9857,False,6.25,60.0,0.16,0.16,0.0,0.0,0.0,0.0,6.0,8.0,1.0,1.0,0.0,0.0,0.0,0.0,0.0,0.0,2.0,1.0,18.0,1.0,1.0,0.0,0.0,0.0,0.0,0.0,0.0,2.0,3.0,0.0,0.0,1.0,0.0,0.0,1.0,1.0,3.0,0.0,0.0,1.0,2.0,0.0,0.0,0.0,0.0,0.0,0.0,0.0,0.0,0.0,1.0,4.0,0.0,0.0,0.0,0.0,0.0,0.0,0.0,0.0,0.0
5749642,2026-08-24T16:30:00.000Z,1,Serie A,Bologna,9857,Lazio,8543,662205,Manuel Lazzari,Lazio,8543,False,0.0,0.0,0.0,0.0,0.0,0.0,0.0,0.0,0.0,0.0,0.0,0.0,0.0,0.0,0.0,0.0,0.0,0.0,0.0,0.0,0.0,0.0,0.0,0.0,0.0,0.0,0.0,0.0,0.0,0.0,0.0,0.0,0.0,0.0,0.0,0.0,0.0,0.0,0.0,0.0,0.0,0.0,0.0,0.0,0.0,0.0,0.0,0.0,0.0,0.0,0.0,0.0,0.0,0.0,0.0,0.0,0.0,0.0,0.0,0.0,0.0,0.0,0.0
5749642,2026-08-24T16:30:00.000Z,1,Serie A,Bologna,9857,Lazio,8543,689680,Jens Odgaard,Bologna,9857,False,5.79,90.0,0.01,0.68,0.0,0.0,0.0,0.0,17.0,22.0,0.0,0.0,0.0,0.0,0.0,0.0,0.0,0.0,2.0,1.0,39.0,1.0,3.0,4.0,0.0,2.0,0.0,0.0,0.0,0.0,3.0,1.0,2.0,4.0,0.0,1.0,1.0,4.0,14.0,0.0,0.0,4.0,10.0,0.67,0.91,3.0,0.0,1.0,2.0,0.0,1.0,3.0,0.0,0.0,0.0,0.67,0.0,0.0,1.0,0.0,0.0,0.0,0.0
5749642,2026-08-24T16:30:00.000Z,1,Serie A,Bologna,9857,Lazio,8543,724196,Danilho Doekhi,Lazio,8543,False,7.19,90.0,0.0,0.0,0.0,0.0,0.0,0.0,34.0,35.0,1.0,1.0,0.0,0.0,0.0,0.0,0.0,0.0,3.0,5.0,46.0,6.0,3.0,1.0,0.0,0.0,1.0,0.0,0.0,0.0,1.0,0.0,0.0,0.0,0.0,2.0,1.0,3.0,5.0,1.0,2.0,4.0,3.0,0.0,0.0,0.0,0.0,0.0,0.0,0.0,0.0,0.0,0.0,0.0,0.0,0.0,0.0,0.0,0.0,0.0,0.0,0.0,0.0
5749642,2026-08-24T16:30:00.000Z,1,Serie A,Bologna,9857,Lazio,8543,790732,Tommaso Pobega,Bologna,9857,False,0.0,0.0,0.0,0.0,0.0,0.0,0.0,0.0,0.0,0.0,0.0,0.0,0.0,0.0,0.0,0.0,0.0,0.0,0.0,0.0,0.0,0.0,0.0,0.0,0.0,0.0,0.0,0.0,0.0,0.0,0.0,0.0,0.0,0.0,0.0,0.0,0.0,0.0,0.0,0.0,0.0,0.0,0.0,0.0,0.0,0.0,0.0,0.0,0.0,0.0,0.0,0.0,0.0,0.0,0.0,0.0,0.0,0.0,0.0,0.0,0.0,0.0,0.0
5749642,2026-08-24T16:30:00.000Z,1,Serie A,Bologna,9857,Lazio,8543,815431,Davide Frattesi,Lazio,8543,False,7.88,36.0,0.0,0.21,0.0,0.0,0.0,0.0,6.0,6.0,0.0,0.0,0.0,0.0,0.0,0.0,0.0,0.0,1.0,0.0,19.0,5.0,2.0,1.0,2.0,0.0,1.0,1.0,0.0,0.0,3.0,0.0,0.0,1.0,2.0,0.0,0.0,4.0,6.0,0.0,1.0,4.0,3.0,0.21,0.2,1.0,0.0,1.0,0.0,0.0,1.0,1.0,0.0,0.0,0.0,0.21,0.0,0.0,0.0,0.0,1.0,0.0,0.0
5749642,2026-08-24T16:30:00.000Z,1,Serie A,Bologna,9857,Lazio,8543,873956,Juan Miranda,Bologna,9857,False,6.89,90.0,0.18,0.18,0.0,0.0,0.0,0.0,30.0,36.0,2.0,5.0,0.0,0.0,0.0,0.0,0.0,0.0,3.0,3.0,62.0,6.0,0.0,0.0,2.0,10.0,1.0,0.0,0.0,2.0,1.0,0.0,1.0,1.0,0.0,2.0,1.0,2.0,5.0,1.0,1.0,3.0,3.0,0.0,0.0,0.0,0.0,0.0,0.0,0.0,0.0,0.0,3.0,5.0,5.0,0.0,0.0,0.0,0.0,0.0,0.0,0.0,0.0
5749642,2026-08-24T16:30:00.000Z,1,Serie A,Bologna,9857,Lazio,8543,888921,Lewis Ferguson,Bologna,9857,False,6.85,90.0,0.35,0.6599999999999999,0.0,0.0,0.0,0.0,76.0,83.0,1.0,4.0,0.0,0.0,0.0,0.0,0.0,0.0,4.0,1.0,94.0,3.0,0.0,2.0,2.0,15.0,0.0,0.0,0.0,2.0,1.0,0.0,0.0,0.0,0.0,0.0,1.0,2.0,5.0,1.0,2.0,3.0,4.0,0.31,0.0,1.0,1.0,1.0,0.0,0.0,1.0,1.0,1.0,2.0,2.0,0.31,0.0,0.0,1.0,0.0,0.0,0.0,0.0
5749642,2026-08-24T16:30:00.000Z,1,Serie A,Bologna,9857,Lazio,8543,915156,Christos Mandas,Lazio,8543,True,8.4,90.0,0.0,0.0,3.0,0.0,1.56,1.56,20.0,33.0,4.0,16.0,4.0,2.0,1.0,0.0,3.0,0.0,7.0,0.0,42.0,0.0,0.0,0.0,0.0,11.0,0.0,0.0,0.0,0.0,0.0,0.0,0.0,0.0,0.0,0.0,0.0,0.0,0.0,0.0,0.0,0.0,0.0,0.0,0.0,0.0,0.0,0.0,0.0,0.0,0.0,0.0,0.0,0.0,0.0,0.0,0.0,0.0,0.0,0.0,0.0,0.0,0.0
5749642,2026-08-24T16:30:00.000Z,1,Serie A,Bologna,9857,Lazio,8543,935550,Torbjørn Heggem,Bologna,9857,False,6.57,90.0,0.16,0.16,0.0,0.0,0.0,0.0,64.0,67.0,5.0,6.0,0.0,0.0,0.0,0.0,0.0,0.0,1.0,2.0,73.0,3.0,1.0,1.0,0.0,3.0,0.0,0.0,0.0,1.0,1.0,0.0,0.0,0.0,1.0,2.0,0.0,1.0,2.0,1.0,1.0,2.0,1.0,0.0,0.0,0.0,0.0,0.0,0.0,0.0,0.0,0.0,0.0,0.0,0.0,0.0,0.0,0.0,0.0,0.0,0.0,0.0,0.0
5749642,2026-08-24T16:30:00.000Z,1,Serie A,Bologna,9857,Lazio,8543,957118,Nuno Tavares,Lazio,8543,False,6.75,12.0,0.0,0.0,0.0,0.0,0.0,0.0,2.0,5.0,0.0,0.0,0.0,0.0,0.0,0.0,0.0,0.0,2.0,1.0,17.0,4.0,0.0,0.0,3.0,0.0,0.0,0.0,0.0,0.0,0.0,1.0,1.0,0.0,0.0,1.0,0.0,4.0,4.0,0.0,0.0,4.0,0.0,0.0,0.0,0.0,0.0,0.0,0.0,0.0,0.0,0.0,0.0,1.0,0.0,0.0,0.0,0.0,0.0,0.0,0.0,0.0,0.0
5749642,2026-08-24T16:30:00.000Z,1,Serie A,Bologna,9857,Lazio,8543,970565,Kenneth Taylor,Lazio,8543,False,7.06,90.0,0.03,0.03,0.0,0.0,0.0,0.0,19.0,21.0,1.0,1.0,0.0,0.0,0.0,0.0,0.0,0.0,3.0,0.0,26.0,2.0,1.0,1.0,1.0,4.0,1.0,0.0,0.0,1.0,1.0,0.0,1.0,0.0,0.0,0.0,0.0,2.0,4.0,0.0,0.0,2.0,2.0,0.0,0.0,0.0,0.0,0.0,0.0,0.0,0.0,0.0,0.0,0.0,0.0,0.0,0.0,0.0,0.0,0.0,0.0,0.0,0.0
5749642,2026-08-24T16:30:00.000Z,1,Serie A,Bologna,9857,Lazio,8543,972120,Boulaye Dia,Lazio,8543,False,7.94,79.0,0.15,0.15,0.0,0.0,0.0,0.0,20.0,22.0,1.0,1.0,0.0,0.0,0.0,0.0,0.0,0.0,1.0,0.0,24.0,0.0,0.0,2.0,0.0,1.0,0.0,0.0,1.0,4.0,1.0,1.0,1.0,0.0,0.0,0.0,1.0,1.0,4.0,1.0,3.0,2.0,5.0,0.0,0.0,0.0,1.0,0.0,0.0,0.0,0.0,0.0,0.0,0.0,0.0,0.0,0.0,1.0,0.0,0.0,0.0,0.0,0.0
5749642,2026-08-24T16:30:00.000Z,1,Serie A,Bologna,9857,Lazio,8543,1014630,Emil Holm,Bologna,9857,False,6.32,21.0,0.0,0.04,0.0,0.0,0.0,0.0,7.0,9.0,1.0,1.0,0.0,0.0,0.0,0.0,0.0,0.0,0.0,1.0,21.0,1.0,1.0,0.0,0.0,3.0,0.0,0.0,0.0,0.0,0.0,1.0,2.0,0.0,0.0,1.0,0.0,2.0,3.0,0.0,0.0,2.0,1.0,0.04,0.0,1.0,0.0,0.0,0.0,1.0,0.0,0.0,0.0,1.0,0.0,0.04,0.0,0.0,0.0,0.0,0.0,0.0,0.0
5749642,2026-08-24T16:30:00.000Z,1,Serie A,Bologna,9857,Lazio,8543,1016093,Gustav Isaksen,Lazio,8543,False,6.16,45.0,0.01,0.11,0.0,0.0,0.0,0.0,10.0,12.0,1.0,1.0,0.0,0.0,0.0,0.0,0.0,0.0,1.0,1.0,25.0,3.0,3.0,1.0,1.0,0.0,0.0,0.0,0.0,0.0,1.0,0.0,0.0,1.0,1.0,1.0,0.0,4.0,6.0,0.0,1.0,4.0,3.0,0.1,0.0,1.0,0.0,0.0,1.0,0.0,0.0,1.0,0.0,0.0,0.0,0.1,0.0,0.0,0.0,0.0,0.0,0.0,0.0
5749642,2026-08-24T16:30:00.000Z,1,Serie A,Bologna,9857,Lazio,8543,1017401,Roberto Piccoli,Bologna,9857,False,6.3,60.0,0.02,0.06,0.0,0.0,0.0,0.0,6.0,6.0,0.0,0.0,0.0,0.0,0.0,0.0,0.0,0.0,1.0,2.0,17.0,2.0,3.0,2.0,0.0,1.0,0.0,0.0,0.0,0.0,1.0,1.0,1.0,0.0,0.0,1.0,0.0,4.0,6.0,0.0,1.0,4.0,3.0,0.04,0.0,1.0,0.0,0.0,1.0,0.0,0.0,1.0,0.0,0.0,0.0,0.04,0.0,1.0,0.0,0.0,0.0,0.0,0.0
5749642,2026-08-24T16:30:00.000Z,1,Serie A,Bologna,9857,Lazio,8543,1020963,Nicolò Rovella,Lazio,8543,False,7.68,90.0,0.02,0.06,0.0,0.0,0.0,0.0,40.0,46.0,1.0,2.0,0.0,0.0,0.0,0.0,0.0,0.0,8.0,4.0,59.0,7.0,2.0,1.0,2.0,4.0,1.0,0.0,0.0,1.0,0.0,1.0,1.0,1.0,0.0,1.0,1.0,5.0,8.0,0.0,0.0,5.0,3.0,0.04,0.0,1.0,0.0,0.0,1.0,0.0,0.0,1.0,0.0,0.0,0.0,0.04,0.0,0.0,0.0,0.0,0.0,0.0,0.0
5749642,2026-08-24T16:30:00.000Z,1,Serie A,Bologna,9857,Lazio,8543,1044029,Nicolò Cambiaghi,Bologna,9857,False,6.36,60.0,0.0,0.23,0.0,0.0,0.0,0.0,11.0,14.0,1.0,1.0,0.0,0.0,0.0,0.0,0.0,0.0,3.0,0.0,30.0,4.0,4.0,4.0,3.0,0.0,1.0,0.0,0.0,0.0,5.0,1.0,1.0,1.0,0.0,0.0,2.0,8.0,15.0,0.0,1.0,8.0,8.0,0.23,0.0,2.0,0.0,0.0,1.0,1.0,0.0,1.0,0.0,2.0,0.0,0.23,0.0,0.0,0.0,0.0,0.0,0.0,0.0
5749642,2026-08-24T16:30:00.000Z,1,Serie A,Bologna,9857,Lazio,8543,1080669,Nadir Zortea,Bologna,9857,False,6.34,69.0,0.0,0.04,0.0,0.0,0.0,0.0,21.0,23.0,3.0,3.0,0.0,0.0,0.0,0.0,0.0,0.0,1.0,0.0,39.0,3.0,0.0,0.0,3.0,2.0,0.0,0.0,0.0,0.0,1.0,0.0,1.0,0.0,0.0,0.0,2.0,3.0,6.0,0.0,0.0,3.0,3.0,0.04,0.0,1.0,0.0,0.0,0.0,1.0,0.0,0.0,0.0,1.0,0.0,0.04,0.0,0.0,0.0,0.0,0.0,0.0,0.0
5749642,2026-08-24T16:30:00.000Z,1,Serie A,Bologna,9857,Lazio,8543,1091907,Fisayo Dele-Bashiru,Lazio,8543,False,6.64,54.0,0.01,0.01,0.0,0.0,0.0,0.0,19.0,21.0,0.0,2.0,0.0,0.0,0.0,0.0,0.0,0.0,1.0,0.0,27.0,0.0,2.0,0.0,0.0,4.0,0.0,0.0,0.0,0.0,0.0,1.0,2.0,1.0,0.0,0.0,0.0,3.0,5.0,0.0,0.0,3.0,2.0,0.0,0.0,0.0,0.0,0.0,0.0,0.0,0.0,0.0,0.0,0.0,0.0,0.0,0.0,0.0,0.0,0.0,0.0,0.0,0.0
5749642,2026-08-24T16:30:00.000Z,1,Serie A,Bologna,9857,Lazio,8543,1113694,Jonathan Rowe,Bologna,9857,False,6.53,30.0,0.0,0.34,0.0,0.0,0.0,0.0,7.0,10.0,0.0,1.0,0.0,0.0,0.0,0.0,0.0,0.0,2.0,0.0,17.0,0.0,2.0,1.0,0.0,2.0,0.0,0.0,0.0,0.0,2.0,1.0,1.0,0.0,0.0,0.0,0.0,3.0,4.0,0.0,0.0,3.0,1.0,0.34,0.27,1.0,0.0,1.0,0.0,0.0,1.0,1.0,0.0,1.0,0.0,0.34,0.0,0.0,1.0,0.0,0.0,0.0,0.0
5749642,2026-08-24T16:30:00.000Z,1,Serie A,Bologna,9857,Lazio,8543,1146500,Matteo Cancellieri,Lazio,8543,False,6.45,45.0,0.01,0.05,0.0,0.0,0.0,0.0,11.0,12.0,0.0,0.0,0.0,0.0,0.0,0.0,0.0,0.0,0.0,0.0,24.0,1.0,1.0,2.0,1.0,1.0,0.0,0.0,0.0,1.0,1.0,1.0,2.0,2.0,0.0,0.0,0.0,3.0,8.0,0.0,1.0,3.0,6.0,0.04,0.04,2.0,0.0,1.0,1.0,0.0,1.0,2.0,0.0,1.0,2.0,0.04,0.0,0.0,0.0,0.0,0.0,0.0,0.0
5749642,2026-08-24T16:30:00.000Z,1,Serie A,Bologna,9857,Lazio,8543,1198712,Martin Vitík,Bologna,9857,False,0.0,0.0,0.0,0.0,0.0,0.0,0.0,0.0,0.0,0.0,0.0,0.0,0.0,0.0,0.0,0.0,0.0,0.0,0.0,0.0,0.0,0.0,0.0,0.0,0.0,0.0,0.0,0.0,0.0,0.0,0.0,0.0,0.0,0.0,0.0,0.0,0.0,0.0,0.0,0.0,0.0,0.0,0.0,0.0,0.0,0.0,0.0,0.0,0.0,0.0,0.0,0.0,0.0,0.0,0.0,0.0,0.0,0.0,0.0,0.0,0.0,0.0,0.0
5749642,2026-08-24T16:30:00.000Z,1,Serie A,Bologna,9857,Lazio,8543,1282285,Tijjani Noslin,Lazio,8543,False,5.95,11.0,0.0,0.0,0.0,0.0,0.0,0.0,1.0,2.0,0.0,0.0,0.0,0.0,0.0,0.0,0.0,0.0,0.0,1.0,4.0,1.0,0.0,1.0,0.0,0.0,0.0,0.0,0.0,0.0,0.0,0.0,0.0,0.0,0.0,0.0,1.0,0.0,2.0,0.0,0.0,0.0,2.0,0.0,0.0,0.0,0.0,0.0,0.0,0.0,0.0,0.0,0.0,0.0,0.0,0.0,0.0,0.0,0.0,0.0,0.0,0.0,0.0
5749642,2026-08-24T16:30:00.000Z,1,Serie A,Bologna,9857,Lazio,8543,1283469,Oussama El Azzouzi,Bologna,9857,False,6.56,79.0,0.05,0.05,0.0,0.0,0.0,0.0,51.0,54.0,1.0,1.0,0.0,0.0,0.0,0.0,0.0,0.0,1.0,0.0,64.0,3.0,2.0,1.0,1.0,5.0,1.0,0.0,0.0,1.0,3.0,0.0,0.0,1.0,1.0,0.0,0.0,3.0,5.0,0.0,0.0,3.0,2.0,0.0,0.0,0.0,0.0,0.0,0.0,0.0,0.0,0.0,0.0,0.0,0.0,0.0,0.0,0.0,0.0,0.0,0.0,0.0,0.0
5749642,2026-08-24T16:30:00.000Z,1,Serie A,Bologna,9857,Lazio,8543,1302821,Petar Ratkov,Lazio,8543,False,0.0,0.0,0.0,0.0,0.0,0.0,0.0,0.0,0.0,0.0,0.0,0.0,0.0,0.0,0.0,0.0,0.0,0.0,0.0,0.0,0.0,0.0,0.0,0.0,0.0,0.0,0.0,0.0,0.0,0.0,0.0,0.0,0.0,0.0,0.0,0.0,0.0,0.0,0.0,0.0,0.0,0.0,0.0,0.0,0.0,0.0,0.0,0.0,0.0,0.0,0.0,0.0,0.0,0.0,0.0,0.0,0.0,0.0,0.0,0.0,0.0,0.0,0.0
5749642,2026-08-24T16:30:00.000Z,1,Serie A,Bologna,9857,Lazio,8543,1307957,Romano Floriani Mussolini,Lazio,8543,False,7.16,71.0,0.01,0.04,0.0,0.0,0.0,0.0,22.0,24.0,1.0,1.0,0.0,0.0,0.0,0.0,0.0,0.0,1.0,1.0,41.0,3.0,0.0,1.0,1.0,4.0,0.0,0.0,0.0,0.0,1.0,0.0,0.0,0.0,1.0,0.0,0.0,1.0,2.0,1.0,1.0,2.0,1.0,0.03,0.0,1.0,0.0,0.0,1.0,0.0,0.0,1.0,0.0,3.0,0.0,0.03,0.0,1.0,0.0,0.0,1.0,0.0,0.0
5749642,2026-08-24T16:30:00.000Z,1,Serie A,Bologna,9857,Lazio,8543,1333066,Rahim Alhassane,Bologna,9857,False,0.0,0.0,0.0,0.0,0.0,0.0,0.0,0.0,0.0,0.0,0.0,0.0,0.0,0.0,0.0,0.0,0.0,0.0,0.0,0.0,0.0,0.0,0.0,0.0,0.0,0.0,0.0,0.0,0.0,0.0,0.0,0.0,0.0,0.0,0.0,0.0,0.0,0.0,0.0,0.0,0.0,0.0,0.0,0.0,0.0,0.0,0.0,0.0,0.0,0.0,0.0,0.0,0.0,0.0,0.0,0.0,0.0,0.0,0.0,0.0,0.0,0.0,0.0
5749642,2026-08-24T16:30:00.000Z,1,Serie A,Bologna,9857,Lazio,8543,1333331,Oliver Provstgaard,Lazio,8543,False,6.9,90.0,0.0,0.0,0.0,0.0,0.0,0.0,31.0,38.0,3.0,6.0,0.0,0.0,0.0,0.0,0.0,0.0,0.0,3.0,49.0,7.0,1.0,4.0,1.0,6.0,2.0,0.0,0.0,0.0,1.0,0.0,0.0,0.0,1.0,2.0,0.0,2.0,6.0,0.0,0.0,2.0,4.0,0.0,0.0,0.0,0.0,0.0,0.0,0.0,0.0,0.0,0.0,0.0,0.0,0.0,0.0,0.0,0.0,0.0,0.0,0.0,0.0
5749642,2026-08-24T16:30:00.000Z,1,Serie A,Bologna,9857,Lazio,8543,1388071,Reda Belahyane,Lazio,8543,False,0.0,0.0,0.0,0.0,0.0,0.0,0.0,0.0,0.0,0.0,0.0,0.0,0.0,0.0,0.0,0.0,0.0,0.0,0.0,0.0,0.0,0.0,0.0,0.0,0.0,0.0,0.0,0.0,0.0,0.0,0.0,0.0,0.0,0.0,0.0,0.0,0.0,0.0,0.0,0.0,0.0,0.0,0.0,0.0,0.0,0.0,0.0,0.0,0.0,0.0,0.0,0.0,0.0,0.0,0.0,0.0,0.0,0.0,0.0,0.0,0.0,0.0,0.0
5749642,2026-08-24T16:30:00.000Z,1,Serie A,Bologna,9857,Lazio,8543,1435833,Adrian Przyborek,Lazio,8543,False,0.0,0.0,0.0,0.0,0.0,0.0,0.0,0.0,0.0,0.0,0.0,0.0,0.0,0.0,0.0,0.0,0.0,0.0,0.0,0.0,0.0,0.0,0.0,0.0,0.0,0.0,0.0,0.0,0.0,0.0,0.0,0.0,0.0,0.0,0.0,0.0,0.0,0.0,0.0,0.0,0.0,0.0,0.0,0.0,0.0,0.0,0.0,0.0,0.0,0.0,0.0,0.0,0.0,0.0,0.0,0.0,0.0,0.0,0.0,0.0,0.0,0.0,0.0
5749642,2026-08-24T16:30:00.000Z,1,Serie A,Bologna,9857,Lazio,8543,1444195,Davide Renzetti,Lazio,8543,True,0.0,0.0,0.0,0.0,0.0,0.0,0.0,0.0,0.0,0.0,0.0,0.0,0.0,0.0,0.0,0.0,0.0,0.0,0.0,0.0,0.0,0.0,0.0,0.0,0.0,0.0,0.0,0.0,0.0,0.0,0.0,0.0,0.0,0.0,0.0,0.0,0.0,0.0,0.0,0.0,0.0,0.0,0.0,0.0,0.0,0.0,0.0,0.0,0.0,0.0,0.0,0.0,0.0,0.0,0.0,0.0,0.0,0.0,0.0,0.0,0.0,0.0,0.0
5749642,2026-08-24T16:30:00.000Z,1,Serie A,Bologna,9857,Lazio,8543,1503574,Eivind Helland,Bologna,9857,False,6.66,90.0,0.01,0.13,0.0,0.0,0.0,0.0,66.0,70.0,2.0,4.0,0.0,0.0,0.0,0.0,0.0,0.0,2.0,1.0,77.0,3.0,0.0,1.0,2.0,5.0,0.0,0.0,0.0,0.0,2.0,0.0,0.0,0.0,0.0,0.0,0.0,2.0,2.0,1.0,1.0,3.0,0.0,0.12,0.0,2.0,0.0,1.0,1.0,0.0,1.0,2.0,0.0,0.0,0.0,0.12,0.0,0.0,0.0,0.0,0.0,0.0,0.0
5749642,2026-08-24T16:30:00.000Z,1,Serie A,Bologna,9857,Lazio,8543,1621082,Edoardo Motta,Lazio,8543,True,0.0,0.0,0.0,0.0,0.0,0.0,0.0,0.0,0.0,0.0,0.0,0.0,0.0,0.0,0.0,0.0,0.0,0.0,0.0,0.0,0.0,0.0,0.0,0.0,0.0,0.0,0.0,0.0,0.0,0.0,0.0,0.0,0.0,0.0,0.0,0.0,0.0,0.0,0.0,0.0,0.0,0.0,0.0,0.0,0.0,0.0,0.0,0.0,0.0,0.0,0.0,0.0,0.0,0.0,0.0,0.0,0.0,0.0,0.0,0.0,0.0,0.0,0.0
5749642,2026-08-24T16:30:00.000Z,1,Serie A,Bologna,9857,Lazio,8543,1661207,Mikel Amondarain,Bologna,9857,False,5.84,11.0,0.03,0.03,0.0,0.0,0.0,0.0,12.0,14.0,0.0,1.0,0.0,0.0,0.0,0.0,0.0,0.0,1.0,0.0,15.0,0.0,0.0,1.0,0.0,0.0,0.0,0.0,0.0,0.0,1.0,0.0,0.0,0.0,0.0,0.0,0.0,0.0,1.0,0.0,0.0,0.0,1.0,0.0,0.0,0.0,0.0,0.0,0.0,0.0,0.0,0.0,0.0,1.0,0.0,0.0,0.0,0.0,0.0,0.0,0.0,0.0,0.0
5749642,2026-08-24T16:30:00.000Z,1,Serie A,Bologna,9857,Lazio,8543,1696050,Massimo Pessina,Bologna,9857,True,0.0,0.0,0.0,0.0,0.0,0.0,0.0,0.0,0.0,0.0,0.0,0.0,0.0,0.0,0.0,0.0,0.0,0.0,0.0,0.0,0.0,0.0,0.0,0.0,0.0,0.0,0.0,0.0,0.0,0.0,0.0,0.0,0.0,0.0,0.0,0.0,0.0,0.0,0.0,0.0,0.0,0.0,0.0,0.0,0.0,0.0,0.0,0.0,0.0,0.0,0.0,0.0,0.0,0.0,0.0,0.0,0.0,0.0,0.0,0.0,0.0,0.0,0.0
5749642,2026-08-24T16:30:00.000Z,1,Serie A,Bologna,9857,Lazio,8543,1813717,Ukko Happonen,Bologna,9857,True,0.0,0.0,0.0,0.0,0.0,0.0,0.0,0.0,0.0,0.0,0.0,0.0,0.0,0.0,0.0,0.0,0.0,0.0,0.0,0.0,0.0,0.0,0.0,0.0,0.0,0.0,0.0,0.0,0.0,0.0,0.0,0.0,0.0,0.0,0.0,0.0,0.0,0.0,0.0,0.0,0.0,0.0,0.0,0.0,0.0,0.0,0.0,0.0,0.0,0.0,0.0,0.0,0.0,0.0,0.0,0.0,0.0,0.0,0.0,0.0,0.0,0.0,0.0
5749642,2026-08-24T16:30:00.000Z,1,Serie A,Bologna,9857,Lazio,8543,1816668,Valerio Farcomeni,Lazio,8543,False,0.0,0.0,0.0,0.0,0.0,0.0,0.0,0.0,0.0,0.0,0.0,0.0,0.0,0.0,0.0,0.0,0.0,0.0,0.0,0.0,0.0,0.0,0.0,0.0,0.0,0.0,0.0,0.0,0.0,0.0,0.0,0.0,0.0,0.0,0.0,0.0,0.0,0.0,0.0,0.0,0.0,0.0,0.0,0.0,0.0,0.0,0.0,0.0,0.0,0.0,0.0,0.0,0.0,0.0,0.0,0.0,0.0,0.0,0.0,0.0,0.0,0.0,0.0
5749642,2026-08-24T16:30:00.000Z,1,Serie A,Bologna,9857,Lazio,8543,2008804,Marco Libra,Bologna,9857,False,0.0,0.0,0.0,0.0,0.0,0.0,0.0,0.0,0.0,0.0,0.0,0.0,0.0,0.0,0.0,0.0,0.0,0.0,0.0,0.0,0.0,0.0,0.0,0.0,0.0,0.0,0.0,0.0,0.0,0.0,0.0,0.0,0.0,0.0,0.0,0.0,0.0,0.0,0.0,0.0,0.0,0.0,0.0,0.0,0.0,0.0,0.0,0.0,0.0,0.0,0.0,0.0,0.0,0.0,0.0,0.0,0.0,0.0,0.0,0.0,0.0,0.0,0.0
5749642,2026-08-24T16:30:00.000Z,1,Serie A,Bologna,9857,Lazio,8543,2159101,Ricardo Bordon,Lazio,8543,False,0.0,0.0,0.0,0.0,0.0,0.0,0.0,0.0,0.0,0.0,0.0,0.0,0.0,0.0,0.0,0.0,0.0,0.0,0.0,0.0,0.0,0.0,0.0,0.0,0.0,0.0,0.0,0.0,0.0,0.0,0.0,0.0,0.0,0.0,0.0,0.0,0.0,0.0,0.0,0.0,0.0,0.0,0.0,0.0,0.0,0.0,0.0,0.0,0.0,0.0,0.0,0.0,0.0,0.0,0.0,0.0,0.0,0.0,0.0,0.0,0.0,0.0,0.0
5749643,2026-08-23T16:30:00.000Z,1,Serie A,Frosinone,9891,Juventus,9885,181910,Mattia Perin,Juventus,9885,True,0.0,1.0,0.0,0.0,0.0,0.0,0.0,0.0,1.0,3.0,0.0,2.0,0.0,0.0,0.0,0.0,1.0,1.0,2.0,0.0,5.0,0.0,0.0,0.0,0.0,0.0,0.0,0.0,0.0,0.0,0.0,0.0,0.0,0.0,0.0,0.0,0.0,0.0,0.0,0.0,0.0,0.0,0.0,0.0,0.0,0.0,0.0,0.0,0.0,0.0,0.0,0.0,0.0,0.0,0.0,0.0,0.0,0.0,0.0,0.0,0.0,0.0,0.0
5749643,2026-08-23T16:30:00.000Z,1,Serie A,Frosinone,9891,Juventus,9885,196074,Carlo Pinsoglio,Juventus,9885,True,0.0,0.0,0.0,0.0,0.0,0.0,0.0,0.0,0.0,0.0,0.0,0.0,0.0,0.0,0.0,0.0,0.0,0.0,0.0,0.0,0.0,0.0,0.0,0.0,0.0,0.0,0.0,0.0,0.0,0.0,0.0,0.0,0.0,0.0,0.0,0.0,0.0,0.0,0.0,0.0,0.0,0.0,0.0,0.0,0.0,0.0,0.0,0.0,0.0,0.0,0.0,0.0,0.0,0.0,0.0,0.0,0.0,0.0,0.0,0.0,0.0,0.0,0.0
5749643,2026-08-23T16:30:00.000Z,1,Serie A,Frosinone,9891,Juventus,9885,277460,Arkadiusz Milik,Juventus,9885,False,0.0,0.0,0.0,0.0,0.0,0.0,0.0,0.0,0.0,0.0,0.0,0.0,0.0,0.0,0.0,0.0,0.0,0.0,0.0,0.0,0.0,0.0,0.0,0.0,0.0,0.0,0.0,0.0,0.0,0.0,0.0,0.0,0.0,0.0,0.0,0.0,0.0,0.0,0.0,0.0,0.0,0.0,0.0,0.0,0.0,0.0,0.0,0.0,0.0,0.0,0.0,0.0,0.0,0.0,0.0,0.0,0.0,0.0,0.0,0.0,0.0,0.0,0.0
5749643,2026-08-23T16:30:00.000Z,1,Serie A,Frosinone,9891,Juventus,9885,353519,Kevin Akpoguma,Frosinone,9891,False,0.0,0.0,0.0,0.0,0.0,0.0,0.0,0.0,0.0,0.0,0.0,0.0,0.0,0.0,0.0,0.0,0.0,0.0,0.0,0.0,0.0,0.0,0.0,0.0,0.0,0.0,0.0,0.0,0.0,0.0,0.0,0.0,0.0,0.0,0.0,0.0,0.0,0.0,0.0,0.0,0.0,0.0,0.0,0.0,0.0,0.0,0.0,0.0,0.0,0.0,0.0,0.0,0.0,0.0,0.0,0.0,0.0,0.0,0.0,0.0,0.0,0.0,0.0
5749643,2026-08-23T16:30:00.000Z,1,Serie A,Frosinone,9891,Juventus,9885,358155,Daniele Rugani,Juventus,9885,False,0.0,0.0,0.0,0.0,0.0,0.0,0.0,0.0,0.0,0.0,0.0,0.0,0.0,0.0,0.0,0.0,0.0,0.0,0.0,0.0,0.0,0.0,0.0,0.0,0.0,0.0,0.0,0.0,0.0,0.0,0.0,0.0,0.0,0.0,0.0,0.0,0.0,0.0,0.0,0.0,0.0,0.0,0.0,0.0,0.0,0.0,0.0,0.0,0.0,0.0,0.0,0.0,0.0,0.0,0.0,0.0,0.0,0.0,0.0,0.0,0.0,0.0,0.0
5749643,2026-08-23T16:30:00.000Z,1,Serie A,Frosinone,9891,Juventus,9885,415425,Matteo Pisseri,Frosinone,9891,True,0.0,0.0,0.0,0.0,0.0,0.0,0.0,0.0,0.0,0.0,0.0,0.0,0.0,0.0,0.0,0.0,0.0,0.0,0.0,0.0,0.0,0.0,0.0,0.0,0.0,0.0,0.0,0.0,0.0,0.0,0.0,0.0,0.0,0.0,0.0,0.0,0.0,0.0,0.0,0.0,0.0,0.0,0.0,0.0,0.0,0.0,0.0,0.0,0.0,0.0,0.0,0.0,0.0,0.0,0.0,0.0,0.0,0.0,0.0,0.0,0.0,0.0,0.0
5749643,2026-08-23T16:30:00.000Z,1,Serie A,Frosinone,9891,Juventus,9885,538501,Guglielmo Vicario,Juventus,9885,True,7.03,89.0,0.0,0.0,2.0,0.0,0.18,0.18,22.0,31.0,7.0,15.0,1.0,1.0,1.0,0.0,3.0,0.0,4.0,0.0,36.0,0.0,0.0,0.0,0.0,1.0,0.0,0.0,0.0,0.0,0.0,0.0,0.0,0.0,0.0,0.0,0.0,0.0,0.0,0.0,0.0,0.0,0.0,0.0,0.0,0.0,0.0,0.0,0.0,0.0,0.0,0.0,0.0,0.0,0.0,0.0,0.0,0.0,0.0,0.0,0.0,0.0,0.0
5749643,2026-08-23T16:30:00.000Z,1,Serie A,Frosinone,9891,Juventus,9885,617044,Florian Grillitsch,Frosinone,9891,False,0.0,0.0,0.0,0.0,0.0,0.0,0.0,0.0,0.0,0.0,0.0,0.0,0.0,0.0,0.0,0.0,0.0,0.0,0.0,0.0,0.0,0.0,0.0,0.0,0.0,0.0,0.0,0.0,0.0,0.0,0.0,0.0,0.0,0.0,0.0,0.0,0.0,0.0,0.0,0.0,0.0,0.0,0.0,0.0,0.0,0.0,0.0,0.0,0.0,0.0,0.0,0.0,0.0,0.0,0.0,0.0,0.0,0.0,0.0,0.0,0.0,0.0,0.0
5749643,2026-08-23T16:30:00.000Z,1,Serie A,Frosinone,9891,Juventus,9885,624166,Manuel Locatelli,Juventus,9885,False,8.04,90.0,0.03,0.03,0.0,0.0,0.0,0.0,51.0,61.0,3.0,10.0,0.0,0.0,0.0,0.0,0.0,0.0,6.0,5.0,82.0,13.0,4.0,2.0,1.0,14.0,6.0,0.0,0.0,1.0,0.0,0.0,0.0,0.0,1.0,2.0,1.0,5.0,8.0,3.0,4.0,8.0,4.0,0.0,0.0,0.0,0.0,0.0,0.0,0.0,0.0,0.0,0.0,1.0,0.0,0.0,0.0,0.0,0.0,0.0,0.0,0.0,0.0
5749643,2026-08-23T16:30:00.000Z,1,Serie A,Frosinone,9891,Juventus,9885,643229,Jérémie Boga,Juventus,9885,False,5.93,21.0,0.0,0.0,0.0,0.0,0.0,0.0,6.0,6.0,0.0,0.0,0.0,0.0,0.0,0.0,0.0,0.0,0.0,0.0,13.0,0.0,0.0,0.0,0.0,1.0,0.0,0.0,0.0,0.0,3.0,1.0,3.0,1.0,0.0,0.0,0.0,1.0,4.0,0.0,1.0,1.0,4.0,0.0,0.0,0.0,0.0,0.0,0.0,0.0,0.0,0.0,0.0,1.0,0.0,0.0,0.0,0.0,0.0,0.0,0.0,0.0,0.0
5749643,2026-08-23T16:30:00.000Z,1,Serie A,Frosinone,9891,Juventus,9885,746829,Giacomo Calò,Frosinone,9891,False,7.09,90.0,0.15,0.15,0.0,0.0,0.0,0.0,27.0,37.0,1.0,6.0,0.0,0.0,0.0,0.0,0.0,0.0,6.0,1.0,51.0,4.0,3.0,3.0,1.0,8.0,1.0,0.0,0.0,3.0,1.0,0.0,0.0,0.0,1.0,1.0,0.0,4.0,7.0,0.0,0.0,4.0,3.0,0.0,0.0,0.0,0.0,0.0,0.0,0.0,0.0,0.0,3.0,4.0,3.0,0.0,0.0,0.0,0.0,0.0,0.0,0.0,0.0
5749643,2026-08-23T16:30:00.000Z,1,Serie A,Frosinone,9891,Juventus,9885,749488,Romano Schmid,Frosinone,9891,False,5.87,59.0,0.01,0.01,0.0,0.0,0.0,0.0,7.0,14.0,0.0,0.0,0.0,0.0,0.0,0.0,0.0,0.0,1.0,0.0,24.0,0.0,2.0,4.0,0.0,2.0,0.0,0.0,0.0,0.0,0.0,0.0,0.0,0.0,0.0,0.0,0.0,2.0,6.0,0.0,1.0,2.0,5.0,0.0,0.0,0.0,0.0,0.0,0.0,0.0,0.0,0.0,0.0,0.0,0.0,0.0,0.0,0.0,0.0,0.0,0.0,0.0,0.0
5749643,2026-08-23T16:30:00.000Z,1,Serie A,Frosinone,9891,Juventus,9885,787350,Douglas Luiz,Juventus,9885,False,7.12,79.0,0.17,0.31000000000000005,0.0,0.0,0.0,0.0,42.0,44.0,0.0,0.0,0.0,0.0,0.0,0.0,0.0,0.0,3.0,0.0,61.0,1.0,3.0,4.0,0.0,9.0,1.0,0.0,0.0,2.0,1.0,0.0,0.0,0.0,0.0,0.0,0.0,3.0,7.0,0.0,1.0,3.0,5.0,0.14,0.0,3.0,1.0,0.0,2.0,1.0,0.0,2.0,2.0,7.0,4.0,0.14,0.0,0.0,0.0,0.0,0.0,0.0,0.0
5749643,2026-08-23T16:30:00.000Z,1,Serie A,Frosinone,9891,Juventus,9885,819215,Lloyd Kelly,Juventus,9885,False,6.76,90.0,0.0,0.1,0.0,0.0,0.0,0.0,55.0,66.0,4.0,11.0,0.0,0.0,0.0,0.0,0.0,0.0,5.0,2.0,73.0,2.0,1.0,0.0,0.0,7.0,0.0,0.0,0.0,0.0,1.0,0.0,0.0,1.0,0.0,0.0,0.0,1.0,2.0,0.0,3.0,1.0,4.0,0.1,0.0,1.0,0.0,0.0,1.0,0.0,0.0,1.0,0.0,0.0,0.0,0.1,0.0,0.0,0.0,0.0,0.0,0.0,0.0
5749643,2026-08-23T16:30:00.000Z,1,Serie A,Frosinone,9891,Juventus,9885,823825,Randal Kolo Muani,Juventus,9885,False,6.61,90.0,0.05,0.54,0.0,0.0,0.0,0.0,14.0,24.0,0.0,0.0,0.0,0.0,0.0,0.0,0.0,0.0,0.0,0.0,39.0,0.0,2.0,2.0,0.0,0.0,0.0,0.0,0.0,1.0,8.0,1.0,3.0,1.0,0.0,0.0,0.0,3.0,8.0,0.0,5.0,3.0,10.0,0.49,0.05,3.0,0.0,1.0,1.0,1.0,1.0,2.0,0.0,0.0,0.0,0.49,0.0,0.0,1.0,0.0,0.0,0.0,0.0
5749643,2026-08-23T16:30:00.000Z,1,Serie A,Frosinone,9891,Juventus,9885,841672,Nicolás González,Juventus,9885,False,0.0,0.0,0.0,0.0,0.0,0.0,0.0,0.0,0.0,0.0,0.0,0.0,0.0,0.0,0.0,0.0,0.0,0.0,0.0,0.0,0.0,0.0,0.0,0.0,0.0,0.0,0.0,0.0,0.0,0.0,0.0,0.0,0.0,0.0,0.0,0.0,0.0,0.0,0.0,0.0,0.0,0.0,0.0,0.0,0.0,0.0,0.0,0.0,0.0,0.0,0.0,0.0,0.0,0.0,0.0,0.0,0.0,0.0,0.0,0.0,0.0,0.0,0.0
5749643,2026-08-23T16:30:00.000Z,1,Serie A,Frosinone,9891,Juventus,9885,848266,Weston McKennie,Juventus,9885,False,6.73,90.0,0.04,0.17,0.0,0.0,0.0,0.0,40.0,45.0,1.0,1.0,0.0,0.0,0.0,0.0,0.0,0.0,0.0,2.0,59.0,2.0,1.0,0.0,0.0,4.0,0.0,0.0,0.0,0.0,4.0,1.0,1.0,2.0,0.0,1.0,0.0,2.0,4.0,0.0,2.0,2.0,4.0,0.13,0.0,2.0,0.0,0.0,1.0,1.0,0.0,1.0,0.0,0.0,0.0,0.13,0.0,0.0,0.0,0.0,0.0,0.0,0.0
5749643,2026-08-23T16:30:00.000Z,1,Serie A,Frosinone,9891,Juventus,9885,850295,Alessio Zerbin,Frosinone,9891,False,6.03,31.0,0.01,0.01,0.0,0.0,0.0,0.0,4.0,6.0,0.0,2.0,0.0,0.0,0.0,0.0,0.0,0.0,1.0,0.0,13.0,0.0,1.0,0.0,0.0,2.0,0.0,0.0,0.0,1.0,2.0,0.0,0.0,1.0,0.0,0.0,1.0,1.0,3.0,1.0,2.0,2.0,3.0,0.0,0.0,0.0,0.0,0.0,0.0,0.0,0.0,0.0,0.0,3.0,0.0,0.0,0.0,0.0,0.0,0.0,0.0,0.0,0.0
5749643,2026-08-23T16:30:00.000Z,1,Serie A,Frosinone,9891,Juventus,9885,857269,Gleison Bremer,Juventus,9885,False,8.72,90.0,0.25,0.6699999999999999,0.0,0.0,0.0,0.0,32.0,36.0,3.0,5.0,0.0,0.0,0.0,0.0,0.0,0.0,5.0,8.0,53.0,12.0,0.0,1.0,2.0,3.0,1.0,1.0,0.0,3.0,4.0,1.0,1.0,0.0,1.0,0.0,0.0,3.0,3.0,2.0,5.0,5.0,3.0,0.42,0.3,2.0,1.0,1.0,1.0,0.0,1.0,2.0,0.0,0.0,0.0,0.42,0.0,0.0,1.0,0.0,0.0,0.0,0.0
5749643,2026-08-23T16:30:00.000Z,1,Serie A,Frosinone,9891,Juventus,9885,860913,Jhon Lucumí,Juventus,9885,False,0.0,0.0,0.0,0.0,0.0,0.0,0.0,0.0,0.0,0.0,0.0,0.0,0.0,0.0,0.0,0.0,0.0,0.0,0.0,0.0,0.0,0.0,0.0,0.0,0.0,0.0,0.0,0.0,0.0,0.0,0.0,0.0,0.0,0.0,0.0,0.0,0.0,0.0,0.0,0.0,0.0,0.0,0.0,0.0,0.0,0.0,0.0,0.0,0.0,0.0,0.0,0.0,0.0,0.0,0.0,0.0,0.0,0.0,0.0,0.0,0.0,0.0,0.0
5749643,2026-08-23T16:30:00.000Z,1,Serie A,Frosinone,9891,Juventus,9885,862616,Edon Zhegrova,Juventus,9885,False,6.85,21.0,0.09,0.12,0.0,0.0,0.0,0.0,16.0,18.0,0.0,0.0,0.0,0.0,0.0,0.0,0.0,0.0,5.0,0.0,24.0,1.0,0.0,0.0,1.0,0.0,0.0,0.0,0.0,2.0,1.0,0.0,2.0,0.0,0.0,0.0,1.0,1.0,4.0,1.0,1.0,2.0,3.0,0.03,0.0,1.0,0.0,0.0,1.0,0.0,0.0,1.0,1.0,2.0,2.0,0.03,0.0,0.0,0.0,0.0,0.0,0.0,0.0
5749643,2026-08-23T16:30:00.000Z,1,Serie A,Frosinone,9891,Juventus,9885,866516,Teun Koopmeiners,Juventus,9885,False,6.04,11.0,0.0,0.04,0.0,0.0,0.0,0.0,7.0,9.0,0.0,1.0,0.0,0.0,0.0,0.0,0.0,0.0,2.0,0.0,12.0,0.0,0.0,2.0,0.0,2.0,0.0,0.0,0.0,0.0,1.0,0.0,0.0,0.0,0.0,0.0,0.0,0.0,1.0,0.0,1.0,0.0,2.0,0.04,0.0,1.0,0.0,0.0,0.0,1.0,0.0,0.0,0.0,0.0,0.0,0.04,0.0,0.0,0.0,0.0,0.0,0.0,0.0
5749643,2026-08-23T16:30:00.000Z,1,Serie A,Frosinone,9891,Juventus,9885,867225,Zeki Çelik,Juventus,9885,False,6.9,69.0,0.23,0.23,0.0,0.0,0.0,0.0,34.0,38.0,0.0,1.0,0.0,0.0,0.0,0.0,0.0,0.0,1.0,2.0,54.0,4.0,0.0,2.0,0.0,3.0,2.0,0.0,0.0,1.0,2.0,0.0,1.0,1.0,0.0,1.0,0.0,0.0,4.0,0.0,0.0,0.0,4.0,0.0,0.0,0.0,1.0,0.0,0.0,0.0,0.0,0.0,0.0,0.0,0.0,0.0,0.0,1.0,0.0,0.0,0.0,0.0,0.0
5749643,2026-08-23T16:30:00.000Z,1,Serie A,Frosinone,9891,Juventus,9885,939569,Jonathan David,Juventus,9885,False,0.0,0.0,0.0,0.0,0.0,0.0,0.0,0.0,0.0,0.0,0.0,0.0,0.0,0.0,0.0,0.0,0.0,0.0,0.0,0.0,0.0,0.0,0.0,0.0,0.0,0.0,0.0,0.0,0.0,0.0,0.0,0.0,0.0,0.0,0.0,0.0,0.0,0.0,0.0,0.0,0.0,0.0,0.0,0.0,0.0,0.0,0.0,0.0,0.0,0.0,0.0,0.0,0.0,0.0,0.0,0.0,0.0,0.0,0.0,0.0,0.0,0.0,0.0
5749643,2026-08-23T16:30:00.000Z,1,Serie A,Frosinone,9891,Juventus,9885,980793,Khéphren Thuram-Ulien,Juventus,9885,False,0.0,0.0,0.0,0.0,0.0,0.0,0.0,0.0,0.0,0.0,0.0,0.0,0.0,0.0,0.0,0.0,0.0,0.0,0.0,0.0,0.0,0.0,0.0,0.0,0.0,0.0,0.0,0.0,0.0,0.0,0.0,0.0,0.0,0.0,0.0,0.0,0.0,0.0,0.0,0.0,0.0,0.0,0.0,0.0,0.0,0.0,0.0,0.0,0.0,0.0,0.0,0.0,0.0,0.0,0.0,0.0,0.0,0.0,0.0,0.0,0.0,0.0,0.0
5749643,2026-08-23T16:30:00.000Z,1,Serie A,Frosinone,9891,Juventus,9885,992025,Aleksa Terzic,Frosinone,9891,False,6.23,14.0,0.02,0.03,0.0,0.0,0.0,0.0,4.0,6.0,0.0,1.0,0.0,0.0,0.0,0.0,0.0,0.0,0.0,1.0,15.0,1.0,1.0,1.0,0.0,0.0,0.0,0.0,0.0,0.0,0.0,1.0,1.0,1.0,0.0,1.0,0.0,1.0,3.0,2.0,2.0,3.0,2.0,0.01,0.0,1.0,0.0,0.0,1.0,0.0,0.0,1.0,1.0,2.0,0.0,0.01,0.0,0.0,0.0,0.0,0.0,0.0,0.0
5749643,2026-08-23T16:30:00.000Z,1,Serie A,Frosinone,9891,Juventus,9885,1078846,Andrea Cambiaso,Juventus,9885,False,5.94,21.0,0.01,0.01,0.0,0.0,0.0,0.0,12.0,13.0,0.0,0.0,0.0,0.0,0.0,0.0,0.0,0.0,0.0,0.0,24.0,1.0,1.0,1.0,1.0,3.0,0.0,0.0,0.0,0.0,0.0,0.0,0.0,1.0,0.0,0.0,0.0,2.0,4.0,0.0,1.0,2.0,3.0,0.0,0.0,0.0,0.0,0.0,0.0,0.0,0.0,0.0,0.0,0.0,0.0,0.0,0.0,0.0,0.0,0.0,0.0,0.0,0.0
5749643,2026-08-23T16:30:00.000Z,1,Serie A,Frosinone,9891,Juventus,9885,1083562,Juan Cabal,Juventus,9885,False,0.0,0.0,0.0,0.0,0.0,0.0,0.0,0.0,0.0,0.0,0.0,0.0,0.0,0.0,0.0,0.0,0.0,0.0,0.0,0.0,0.0,0.0,0.0,0.0,0.0,0.0,0.0,0.0,0.0,0.0,0.0,0.0,0.0,0.0,0.0,0.0,0.0,0.0,0.0,0.0,0.0,0.0,0.0,0.0,0.0,0.0,0.0,0.0,0.0,0.0,0.0,0.0,0.0,0.0,0.0,0.0,0.0,0.0,0.0,0.0,0.0,0.0,0.0
5749643,2026-08-23T16:30:00.000Z,1,Serie A,Frosinone,9891,Juventus,9885,1117058,Ilario Monterisi,Frosinone,9891,False,6.35,67.0,0.01,0.06999999999999999,0.0,0.0,0.0,0.0,11.0,17.0,0.0,2.0,0.0,0.0,0.0,0.0,0.0,0.0,0.0,2.0,28.0,5.0,0.0,1.0,2.0,3.0,0.0,0.0,0.0,1.0,1.0,0.0,0.0,0.0,1.0,0.0,1.0,2.0,4.0,1.0,2.0,3.0,3.0,0.06,0.0,1.0,0.0,0.0,1.0,0.0,0.0,1.0,0.0,0.0,0.0,0.06,0.0,0.0,0.0,0.0,0.0,0.0,0.0
5749643,2026-08-23T16:30:00.000Z,1,Serie A,Frosinone,9891,Juventus,9885,1131217,Pierre Kalulu,Juventus,9885,False,7.83,90.0,0.02,0.08,0.0,0.0,0.0,0.0,32.0,38.0,2.0,2.0,0.0,0.0,0.0,0.0,0.0,0.0,2.0,5.0,61.0,10.0,0.0,0.0,3.0,7.0,2.0,0.0,0.0,1.0,4.0,0.0,0.0,0.0,0.0,3.0,0.0,3.0,3.0,2.0,2.0,5.0,0.0,0.06,0.52,1.0,0.0,1.0,0.0,0.0,1.0,1.0,0.0,2.0,0.0,0.06,0.0,0.0,0.0,0.0,0.0,0.0,0.0
5749643,2026-08-23T16:30:00.000Z,1,Serie A,Frosinone,9891,Juventus,9885,1185336,Francisco Conceição,Juventus,9885,False,7.77,69.0,0.43,1.01,0.0,0.0,0.0,0.0,24.0,27.0,1.0,1.0,0.0,0.0,0.0,0.0,0.0,0.0,2.0,0.0,54.0,0.0,1.0,4.0,0.0,1.0,0.0,0.0,1.0,2.0,12.0,4.0,8.0,2.0,0.0,0.0,1.0,5.0,16.0,0.0,0.0,5.0,11.0,0.58,0.02,4.0,1.0,1.0,2.0,1.0,1.0,3.0,3.0,4.0,6.0,0.58,0.0,0.0,1.0,0.0,0.0,0.0,0.0
5749643,2026-08-23T16:30:00.000Z,1,Serie A,Frosinone,9891,Juventus,9885,1188316,Ilias Koutsoupias,Frosinone,9891,False,0.0,0.0,0.0,0.0,0.0,0.0,0.0,0.0,0.0,0.0,0.0,0.0,0.0,0.0,0.0,0.0,0.0,0.0,0.0,0.0,0.0,0.0,0.0,0.0,0.0,0.0,0.0,0.0,0.0,0.0,0.0,0.0,0.0,0.0,0.0,0.0,0.0,0.0,0.0,0.0,0.0,0.0,0.0,0.0,0.0,0.0,0.0,0.0,0.0,0.0,0.0,0.0,0.0,0.0,0.0,0.0,0.0,0.0,0.0,0.0,0.0,0.0,0.0
5749643,2026-08-23T16:30:00.000Z,1,Serie A,Frosinone,9891,Juventus,9885,1189223,Patrizio Masini,Frosinone,9891,False,6.76,31.0,0.0,0.0,0.0,0.0,0.0,0.0,6.0,9.0,1.0,1.0,0.0,0.0,0.0,0.0,0.0,0.0,1.0,1.0,20.0,5.0,1.0,0.0,3.0,3.0,1.0,0.0,0.0,0.0,3.0,0.0,0.0,0.0,0.0,0.0,1.0,3.0,4.0,1.0,1.0,4.0,1.0,0.0,0.0,0.0,0.0,0.0,0.0,0.0,0.0,0.0,0.0,1.0,0.0,0.0,0.0,0.0,0.0,0.0,0.0,0.0,0.0
5749643,2026-08-23T16:30:00.000Z,1,Serie A,Frosinone,9891,Juventus,9885,1235421,Anthony Oyono,Frosinone,9891,False,6.66,23.0,0.07,0.07,0.0,0.0,0.0,0.0,8.0,10.0,0.0,1.0,0.0,0.0,0.0,0.0,0.0,0.0,2.0,1.0,20.0,4.0,1.0,0.0,2.0,1.0,1.0,0.0,0.0,0.0,0.0,0.0,0.0,0.0,0.0,0.0,0.0,3.0,3.0,1.0,1.0,4.0,0.0,0.0,0.0,0.0,0.0,0.0,0.0,0.0,0.0,0.0,0.0,0.0,0.0,0.0,0.0,0.0,0.0,0.0,0.0,0.0,0.0
5749643,2026-08-23T16:30:00.000Z,1,Serie A,Frosinone,9891,Juventus,9885,1250568,Wisdom Amey,Frosinone,9891,False,0.0,0.0,0.0,0.0,0.0,0.0,0.0,0.0,0.0,0.0,0.0,0.0,0.0,0.0,0.0,0.0,0.0,0.0,0.0,0.0,0.0,0.0,0.0,0.0,0.0,0.0,0.0,0.0,0.0,0.0,0.0,0.0,0.0,0.0,0.0,0.0,0.0,0.0,0.0,0.0,0.0,0.0,0.0,0.0,0.0,0.0,0.0,0.0,0.0,0.0,0.0,0.0,0.0,0.0,0.0,0.0,0.0,0.0,0.0,0.0,0.0,0.0,0.0
5749643,2026-08-23T16:30:00.000Z,1,Serie A,Frosinone,9891,Juventus,9885,1256534,Antonio Raimondo,Frosinone,9891,False,5.89,90.0,0.0,0.05,0.0,0.0,0.0,0.0,3.0,5.0,0.0,0.0,0.0,0.0,0.0,0.0,0.0,0.0,2.0,0.0,14.0,0.0,0.0,1.0,0.0,0.0,0.0,0.0,0.0,1.0,2.0,0.0,1.0,1.0,0.0,0.0,1.0,0.0,4.0,1.0,3.0,1.0,6.0,0.05,0.0,1.0,0.0,0.0,0.0,1.0,0.0,0.0,0.0,1.0,0.0,0.05,0.0,2.0,0.0,0.0,0.0,0.0,0.0
5749643,2026-08-23T16:30:00.000Z,1,Serie A,Frosinone,9891,Juventus,9885,1280080,Fabio Miretti,Juventus,9885,False,0.0,0.0,0.0,0.0,0.0,0.0,0.0,0.0,0.0,0.0,0.0,0.0,0.0,0.0,0.0,0.0,0.0,0.0,0.0,0.0,0.0,0.0,0.0,0.0,0.0,0.0,0.0,0.0,0.0,0.0,0.0,0.0,0.0,0.0,0.0,0.0,0.0,0.0,0.0,0.0,0.0,0.0,0.0,0.0,0.0,0.0,0.0,0.0,0.0,0.0,0.0,0.0,0.0,0.0,0.0,0.0,0.0,0.0,0.0,0.0,0.0,0.0,0.0
5749643,2026-08-23T16:30:00.000Z,1,Serie A,Frosinone,9891,Juventus,9885,1280112,Sebastiano Desplanches,Frosinone,9891,True,0.0,0.0,0.0,0.0,0.0,0.0,0.0,0.0,0.0,0.0,0.0,0.0,0.0,0.0,0.0,0.0,0.0,0.0,0.0,0.0,0.0,0.0,0.0,0.0,0.0,0.0,0.0,0.0,0.0,0.0,0.0,0.0,0.0,0.0,0.0,0.0,0.0,0.0,0.0,0.0,0.0,0.0,0.0,0.0,0.0,0.0,0.0,0.0,0.0,0.0,0.0,0.0,0.0,0.0,0.0,0.0,0.0,0.0,0.0,0.0,0.0,0.0,0.0
5749643,2026-08-23T16:30:00.000Z,1,Serie A,Frosinone,9891,Juventus,9885,1285119,Anouar El Azzouzi,Frosinone,9891,False,0.0,0.0,0.0,0.0,0.0,0.0,0.0,0.0,0.0,0.0,0.0,0.0,0.0,0.0,0.0,0.0,0.0,0.0,0.0,0.0,0.0,0.0,0.0,0.0,0.0,0.0,0.0,0.0,0.0,0.0,0.0,0.0,0.0,0.0,0.0,0.0,0.0,0.0,0.0,0.0,0.0,0.0,0.0,0.0,0.0,0.0,0.0,0.0,0.0,0.0,0.0,0.0,0.0,0.0,0.0,0.0,0.0,0.0,0.0,0.0,0.0,0.0,0.0
5749643,2026-08-23T16:30:00.000Z,1,Serie A,Frosinone,9891,Juventus,9885,1289655,Lorenzo Palmisani,Frosinone,9891,True,7.14,90.0,0.0,0.0,4.0,1.0,0.97,-0.03,17.0,32.0,6.0,21.0,2.0,3.0,0.0,2.0,6.0,1.0,9.0,2.0,48.0,2.0,0.0,0.0,0.0,9.0,0.0,0.0,0.0,1.0,0.0,0.0,0.0,0.0,0.0,0.0,0.0,0.0,0.0,1.0,1.0,1.0,0.0,0.0,0.0,0.0,0.0,0.0,0.0,0.0,0.0,0.0,0.0,0.0,0.0,0.0,0.0,0.0,0.0,0.0,0.0,0.0,0.0
5749643,2026-08-23T16:30:00.000Z,1,Serie A,Frosinone,9891,Juventus,9885,1327513,Giorgio Cittadini,Frosinone,9891,False,7.91,90.0,0.01,0.01,0.0,0.0,0.0,0.0,27.0,35.0,1.0,4.0,0.0,0.0,0.0,0.0,0.0,0.0,2.0,5.0,53.0,13.0,1.0,1.0,6.0,5.0,1.0,0.0,0.0,0.0,0.0,0.0,0.0,0.0,1.0,1.0,0.0,7.0,8.0,6.0,6.0,13.0,1.0,0.0,0.0,0.0,0.0,0.0,0.0,0.0,0.0,0.0,0.0,0.0,0.0,0.0,0.0,0.0,0.0,0.0,0.0,1.0,0.0
5749643,2026-08-23T16:30:00.000Z,1,Serie A,Frosinone,9891,Juventus,9885,1342748,Giorgi Kvernadze,Frosinone,9891,False,6.57,90.0,0.04,0.13,0.0,0.0,0.0,0.0,10.0,13.0,0.0,0.0,0.0,0.0,0.0,0.0,0.0,0.0,4.0,1.0,34.0,3.0,2.0,0.0,2.0,2.0,0.0,0.0,0.0,1.0,3.0,2.0,6.0,0.0,0.0,0.0,3.0,6.0,13.0,0.0,2.0,6.0,9.0,0.09,0.0,3.0,0.0,0.0,2.0,1.0,0.0,2.0,0.0,1.0,0.0,0.09,0.0,1.0,0.0,0.0,0.0,0.0,0.0
5749643,2026-08-23T16:30:00.000Z,1,Serie A,Frosinone,9891,Juventus,9885,1396091,Gabriele Bracaglia,Frosinone,9891,False,6.72,76.0,0.0,0.03,0.0,0.0,0.0,0.0,8.0,15.0,0.0,3.0,0.0,0.0,0.0,0.0,0.0,0.0,2.0,4.0,32.0,7.0,3.0,0.0,1.0,2.0,0.0,0.0,0.0,0.0,0.0,0.0,0.0,0.0,2.0,1.0,0.0,4.0,4.0,0.0,1.0,4.0,1.0,0.03,0.03,1.0,0.0,1.0,0.0,0.0,1.0,1.0,0.0,0.0,0.0,0.03,0.0,0.0,0.0,0.0,0.0,0.0,0.0
5749643,2026-08-23T16:30:00.000Z,1,Serie A,Frosinone,9891,Juventus,9885,1402924,Luis Hasa,Frosinone,9891,False,6.54,23.0,0.02,0.09000000000000001,0.0,0.0,0.0,0.0,10.0,13.0,1.0,2.0,0.0,0.0,0.0,0.0,0.0,0.0,1.0,0.0,17.0,0.0,1.0,1.0,0.0,4.0,0.0,0.0,0.0,2.0,1.0,0.0,0.0,0.0,0.0,0.0,0.0,1.0,2.0,0.0,0.0,1.0,1.0,0.07,0.0,1.0,0.0,0.0,1.0,0.0,0.0,1.0,0.0,0.0,0.0,0.07,0.0,0.0,0.0,0.0,0.0,0.0,0.0
5749643,2026-08-23T16:30:00.000Z,1,Serie A,Frosinone,9891,Juventus,9885,1412132,Kenan Yildiz,Juventus,9885,False,7.62,69.0,0.33,0.52,0.0,0.0,0.0,0.0,17.0,19.0,0.0,0.0,0.0,0.0,0.0,0.0,0.0,0.0,4.0,0.0,34.0,1.0,2.0,0.0,0.0,1.0,1.0,0.0,0.0,3.0,5.0,2.0,2.0,0.0,0.0,0.0,0.0,4.0,4.0,0.0,0.0,4.0,0.0,0.19,0.08,2.0,0.0,1.0,0.0,1.0,1.0,1.0,0.0,0.0,0.0,0.19,0.0,0.0,0.0,0.0,0.0,0.0,0.0
5749643,2026-08-23T16:30:00.000Z,1,Serie A,Frosinone,9891,Juventus,9885,1415326,Gabriele Calvani,Frosinone,9891,False,6.63,90.0,0.0,0.06,0.0,0.0,0.0,0.0,23.0,27.0,0.0,1.0,0.0,0.0,0.0,0.0,0.0,0.0,3.0,3.0,39.0,6.0,0.0,2.0,1.0,3.0,1.0,0.0,0.0,0.0,3.0,0.0,0.0,0.0,1.0,1.0,2.0,1.0,5.0,2.0,2.0,3.0,4.0,0.06,0.0,2.0,0.0,0.0,2.0,0.0,0.0,2.0,0.0,0.0,0.0,0.06,0.0,1.0,0.0,1.0,0.0,0.0,0.0
5749643,2026-08-23T16:30:00.000Z,1,Serie A,Frosinone,9891,Juventus,9885,1445163,Seydou Fini,Frosinone,9891,False,6.32,59.0,0.0,0.04,0.0,0.0,0.0,0.0,3.0,7.0,0.0,0.0,0.0,0.0,0.0,0.0,0.0,0.0,2.0,0.0,16.0,2.0,2.0,0.0,2.0,0.0,0.0,0.0,0.0,0.0,2.0,0.0,0.0,0.0,0.0,0.0,0.0,4.0,4.0,0.0,0.0,4.0,0.0,0.04,0.15,1.0,0.0,1.0,0.0,0.0,1.0,1.0,0.0,0.0,0.0,0.04,0.0,0.0,0.0,0.0,0.0,0.0,0.0
5749643,2026-08-23T16:30:00.000Z,1,Serie A,Frosinone,9891,Juventus,9885,1670272,Matteo Cichella,Frosinone,9891,False,6.26,67.0,0.0,0.0,0.0,0.0,0.0,0.0,19.0,26.0,1.0,2.0,0.0,0.0,0.0,0.0,0.0,0.0,4.0,2.0,31.0,2.0,0.0,1.0,0.0,3.0,0.0,0.0,0.0,0.0,0.0,0.0,0.0,0.0,0.0,1.0,1.0,0.0,2.0,2.0,2.0,2.0,2.0,0.0,0.0,0.0,0.0,0.0,0.0,0.0,0.0,0.0,0.0,0.0,0.0,0.0,0.0,0.0,0.0,0.0,0.0,0.0,0.0
5749643,2026-08-23T16:30:00.000Z,1,Serie A,Frosinone,9891,Juventus,9885,1684401,Kerim Alajbegovic,Juventus,9885,False,0.0,0.0,0.0,0.0,0.0,0.0,0.0,0.0,0.0,0.0,0.0,0.0,0.0,0.0,0.0,0.0,0.0,0.0,0.0,0.0,0.0,0.0,0.0,0.0,0.0,0.0,0.0,0.0,0.0,0.0,0.0,0.0,0.0,0.0,0.0,0.0,0.0,0.0,0.0,0.0,0.0,0.0,0.0,0.0,0.0,0.0,0.0,0.0,0.0,0.0,0.0,0.0,0.0,0.0,0.0,0.0,0.0,0.0,0.0,0.0,0.0,0.0,0.0
5749644,2026-08-22T18:45:00.000Z,1,Serie A,Genoa,10233,Napoli,9875,169200,Kevin De Bruyne,Napoli,9875,False,8.47,23.0,0.08,0.35000000000000003,0.0,0.0,0.0,0.0,19.0,24.0,1.0,2.0,0.0,0.0,0.0,0.0,0.0,0.0,3.0,0.0,33.0,2.0,0.0,0.0,2.0,1.0,0.0,1.0,1.0,2.0,2.0,0.0,0.0,0.0,0.0,0.0,1.0,2.0,3.0,0.0,0.0,2.0,1.0,0.27,0.56,1.0,1.0,1.0,0.0,0.0,1.0,1.0,0.0,2.0,2.0,0.27,0.0,0.0,0.0,0.0,0.0,0.0,0.0
5749644,2026-08-22T18:45:00.000Z,1,Serie A,Genoa,10233,Napoli,9875,215242,Leonardo Spinazzola,Napoli,9875,False,6.82,90.0,0.16,0.23,0.0,0.0,0.0,0.0,52.0,55.0,0.0,0.0,0.0,0.0,0.0,0.0,0.0,0.0,1.0,0.0,72.0,1.0,0.0,0.0,0.0,4.0,1.0,0.0,0.0,1.0,2.0,0.0,0.0,2.0,0.0,0.0,1.0,0.0,3.0,0.0,0.0,0.0,3.0,0.07,0.07,2.0,0.0,1.0,0.0,1.0,1.0,1.0,1.0,1.0,0.0,0.07,0.0,0.0,0.0,0.0,0.0,0.0,0.0
5749644,2026-08-22T18:45:00.000Z,1,Serie A,Genoa,10233,Napoli,9875,308517,Stanislav Lobotka,Napoli,9875,False,7.66,90.0,0.25,0.39,0.0,0.0,0.0,0.0,73.0,76.0,2.0,3.0,0.0,0.0,0.0,0.0,0.0,0.0,7.0,0.0,83.0,2.0,1.0,0.0,2.0,13.0,0.0,0.0,0.0,1.0,0.0,0.0,0.0,0.0,0.0,0.0,3.0,3.0,6.0,0.0,0.0,3.0,3.0,0.14,0.0,2.0,0.0,0.0,1.0,1.0,0.0,1.0,0.0,0.0,0.0,0.14,0.0,0.0,0.0,0.0,0.0,0.0,0.0
5749644,2026-08-22T18:45:00.000Z,1,Serie A,Genoa,10233,Napoli,9875,364104,Stefano Sabelli,Genoa,10233,False,0.0,0.0,0.0,0.0,0.0,0.0,0.0,0.0,0.0,0.0,0.0,0.0,0.0,0.0,0.0,0.0,0.0,0.0,0.0,0.0,0.0,0.0,0.0,0.0,0.0,0.0,0.0,0.0,0.0,0.0,0.0,0.0,0.0,0.0,0.0,0.0,0.0,0.0,0.0,0.0,0.0,0.0,0.0,0.0,0.0,0.0,0.0,0.0,0.0,0.0,0.0,0.0,0.0,0.0,0.0,0.0,0.0,0.0,0.0,0.0,0.0,0.0,0.0
5749644,2026-08-22T18:45:00.000Z,1,Serie A,Genoa,10233,Napoli,9875,414906,Giovanni Di Lorenzo,Napoli,9875,False,7.66,90.0,0.14,0.14,0.0,0.0,0.0,0.0,48.0,51.0,0.0,1.0,0.0,0.0,0.0,0.0,0.0,0.0,2.0,2.0,79.0,6.0,1.0,0.0,3.0,2.0,0.0,0.0,0.0,0.0,3.0,0.0,0.0,0.0,1.0,2.0,1.0,3.0,4.0,2.0,2.0,5.0,1.0,0.0,0.0,0.0,0.0,0.0,0.0,0.0,0.0,0.0,0.0,3.0,0.0,0.0,0.0,0.0,0.0,0.0,0.0,0.0,0.0
5749644,2026-08-22T18:45:00.000Z,1,Serie A,Genoa,10233,Napoli,9875,415539,Matteo Politano,Napoli,9875,False,6.34,67.0,0.05,0.05,0.0,0.0,0.0,0.0,18.0,22.0,2.0,3.0,0.0,0.0,0.0,0.0,0.0,0.0,1.0,0.0,38.0,2.0,1.0,1.0,2.0,1.0,0.0,0.0,0.0,0.0,1.0,0.0,0.0,2.0,0.0,0.0,1.0,3.0,7.0,0.0,1.0,3.0,5.0,0.0,0.0,0.0,0.0,0.0,0.0,0.0,0.0,0.0,1.0,5.0,2.0,0.0,0.0,0.0,0.0,0.0,0.0,0.0,0.0
5749644,2026-08-22T18:45:00.000Z,1,Serie A,Genoa,10233,Napoli,9875,517068,Nikita Contini,Napoli,9875,True,0.0,0.0,0.0,0.0,0.0,0.0,0.0,0.0,0.0,0.0,0.0,0.0,0.0,0.0,0.0,0.0,0.0,0.0,0.0,0.0,0.0,0.0,0.0,0.0,0.0,0.0,0.0,0.0,0.0,0.0,0.0,0.0,0.0,0.0,0.0,0.0,0.0,0.0,0.0,0.0,0.0,0.0,0.0,0.0,0.0,0.0,0.0,0.0,0.0,0.0,0.0,0.0,0.0,0.0,0.0,0.0,0.0,0.0,0.0,0.0,0.0,0.0,0.0
5749644,2026-08-22T18:45:00.000Z,1,Serie A,Genoa,10233,Napoli,9875,543021,Vanja Milinkovic-Savic,Napoli,9875,True,0.0,0.0,0.0,0.0,0.0,0.0,0.0,0.0,0.0,0.0,0.0,0.0,0.0,0.0,0.0,0.0,0.0,0.0,0.0,0.0,0.0,0.0,0.0,0.0,0.0,0.0,0.0,0.0,0.0,0.0,0.0,0.0,0.0,0.0,0.0,0.0,0.0,0.0,0.0,0.0,0.0,0.0,0.0,0.0,0.0,0.0,0.0,0.0,0.0,0.0,0.0,0.0,0.0,0.0,0.0,0.0,0.0,0.0,0.0,0.0,0.0,0.0,0.0
5749644,2026-08-22T18:45:00.000Z,1,Serie A,Genoa,10233,Napoli,9875,544693,Amir Rrahmani,Napoli,9875,False,8.45,90.0,0.03,0.05,0.0,0.0,0.0,0.0,69.0,79.0,3.0,6.0,0.0,0.0,0.0,0.0,0.0,0.0,2.0,11.0,104.0,17.0,0.0,0.0,5.0,13.0,1.0,0.0,0.0,0.0,0.0,0.0,0.0,0.0,0.0,6.0,0.0,5.0,5.0,8.0,9.0,13.0,1.0,0.02,0.0,2.0,0.0,0.0,1.0,1.0,0.0,1.0,0.0,0.0,0.0,0.02,0.0,0.0,0.0,0.0,0.0,0.0,0.0
5749644,2026-08-22T18:45:00.000Z,1,Serie A,Genoa,10233,Napoli,9875,577912,Alex Meret,Napoli,9875,True,7.07,90.0,0.0,0.0,2.0,0.0,0.02,0.02,33.0,40.0,11.0,18.0,0.0,0.0,0.0,1.0,2.0,0.0,8.0,1.0,46.0,1.0,1.0,0.0,0.0,0.0,0.0,0.0,0.0,0.0,0.0,0.0,0.0,0.0,0.0,0.0,0.0,0.0,0.0,1.0,1.0,1.0,0.0,0.0,0.0,0.0,0.0,0.0,0.0,0.0,0.0,0.0,0.0,0.0,0.0,0.0,0.0,0.0,0.0,0.0,0.0,0.0,0.0
5749644,2026-08-22T18:45:00.000Z,1,Serie A,Genoa,10233,Napoli,9875,577914,Daniele Sommariva,Genoa,10233,True,0.0,0.0,0.0,0.0,0.0,0.0,0.0,0.0,0.0,0.0,0.0,0.0,0.0,0.0,0.0,0.0,0.0,0.0,0.0,0.0,0.0,0.0,0.0,0.0,0.0,0.0,0.0,0.0,0.0,0.0,0.0,0.0,0.0,0.0,0.0,0.0,0.0,0.0,0.0,0.0,0.0,0.0,0.0,0.0,0.0,0.0,0.0,0.0,0.0,0.0,0.0,0.0,0.0,0.0,0.0,0.0,0.0,0.0,0.0,0.0,0.0,0.0,0.0
5749644,2026-08-22T18:45:00.000Z,1,Serie A,Genoa,10233,Napoli,9875,612863,Frank Anguissa,Napoli,9875,False,7.12,67.0,0.06,0.06,0.0,0.0,0.0,0.0,27.0,31.0,0.0,1.0,0.0,0.0,0.0,0.0,0.0,0.0,6.0,0.0,38.0,3.0,1.0,2.0,2.0,2.0,0.0,0.0,0.0,1.0,2.0,0.0,2.0,0.0,1.0,0.0,0.0,3.0,7.0,0.0,0.0,3.0,4.0,0.0,0.0,0.0,0.0,0.0,0.0,0.0,0.0,0.0,0.0,0.0,0.0,0.0,0.0,0.0,0.0,0.0,0.0,0.0,0.0
5749644,2026-08-22T18:45:00.000Z,1,Serie A,Genoa,10233,Napoli,9875,684981,Aarón Martín,Genoa,10233,False,0.0,0.0,0.0,0.0,0.0,0.0,0.0,0.0,0.0,0.0,0.0,0.0,0.0,0.0,0.0,0.0,0.0,0.0,0.0,0.0,0.0,0.0,0.0,0.0,0.0,0.0,0.0,0.0,0.0,0.0,0.0,0.0,0.0,0.0,0.0,0.0,0.0,0.0,0.0,0.0,0.0,0.0,0.0,0.0,0.0,0.0,0.0,0.0,0.0,0.0,0.0,0.0,0.0,0.0,0.0,0.0,0.0,0.0,0.0,0.0,0.0,0.0,0.0
5749644,2026-08-22T18:45:00.000Z,1,Serie A,Genoa,10233,Napoli,9875,707970,Djibril Sow,Genoa,10233,False,5.92,15.0,0.11,0.16,0.0,0.0,0.0,0.0,6.0,7.0,0.0,0.0,0.0,0.0,0.0,0.0,0.0,0.0,0.0,0.0,10.0,0.0,0.0,0.0,0.0,2.0,0.0,0.0,0.0,0.0,1.0,0.0,1.0,0.0,0.0,0.0,0.0,0.0,1.0,0.0,0.0,0.0,1.0,0.05,0.0,1.0,0.0,0.0,1.0,0.0,0.0,1.0,1.0,1.0,1.0,0.05,0.0,0.0,0.0,0.0,0.0,0.0,0.0
5749644,2026-08-22T18:45:00.000Z,1,Serie A,Genoa,10233,Napoli,9875,721533,Justin Bijlow,Genoa,10233,True,5.55,90.0,0.0,0.0,2.0,2.0,0.93,-1.07,31.0,43.0,8.0,20.0,1.0,0.0,0.0,1.0,3.0,1.0,5.0,1.0,51.0,1.0,0.0,0.0,0.0,7.0,0.0,0.0,0.0,0.0,0.0,0.0,0.0,0.0,0.0,0.0,0.0,0.0,0.0,0.0,0.0,0.0,0.0,0.0,0.0,0.0,0.0,0.0,0.0,0.0,0.0,0.0,0.0,0.0,0.0,0.0,0.0,0.0,0.0,0.0,0.0,0.0,0.0
5749644,2026-08-22T18:45:00.000Z,1,Serie A,Genoa,10233,Napoli,9875,729093,Mathías Olivera,Napoli,9875,False,0.0,9.0,0.0,0.0,0.0,0.0,0.0,0.0,6.0,8.0,1.0,2.0,0.0,0.0,0.0,0.0,0.0,0.0,1.0,0.0,9.0,1.0,0.0,0.0,0.0,0.0,1.0,0.0,0.0,0.0,0.0,0.0,0.0,0.0,0.0,0.0,0.0,0.0,0.0,0.0,0.0,0.0,0.0,0.0,0.0,0.0,0.0,0.0,0.0,0.0,0.0,0.0,0.0,0.0,0.0,0.0,0.0,0.0,0.0,0.0,0.0,0.0,0.0
5749644,2026-08-22T18:45:00.000Z,1,Serie A,Genoa,10233,Napoli,9875,740944,Leo Østigard,Genoa,10233,False,6.87,66.0,0.0,0.0,0.0,0.0,0.0,0.0,48.0,52.0,0.0,3.0,0.0,0.0,0.0,0.0,0.0,0.0,0.0,3.0,62.0,8.0,0.0,2.0,2.0,3.0,2.0,0.0,0.0,1.0,1.0,0.0,0.0,0.0,1.0,2.0,0.0,2.0,3.0,2.0,6.0,4.0,5.0,0.0,0.0,0.0,0.0,0.0,0.0,0.0,0.0,0.0,0.0,0.0,0.0,0.0,0.0,0.0,0.0,0.0,0.0,0.0,0.0
5749644,2026-08-22T18:45:00.000Z,1,Serie A,Genoa,10233,Napoli,9875,793066,David Neres,Napoli,9875,False,0.0,0.0,0.0,0.0,0.0,0.0,0.0,0.0,0.0,0.0,0.0,0.0,0.0,0.0,0.0,0.0,0.0,0.0,0.0,0.0,0.0,0.0,0.0,0.0,0.0,0.0,0.0,0.0,0.0,0.0,0.0,0.0,0.0,0.0,0.0,0.0,0.0,0.0,0.0,0.0,0.0,0.0,0.0,0.0,0.0,0.0,0.0,0.0,0.0,0.0,0.0,0.0,0.0,0.0,0.0,0.0,0.0,0.0,0.0,0.0,0.0,0.0,0.0
5749644,2026-08-22T18:45:00.000Z,1,Serie A,Genoa,10233,Napoli,9875,837341,Noa Lang,Napoli,9875,False,6.38,24.0,0.02,0.02,0.0,0.0,0.0,0.0,10.0,10.0,0.0,0.0,0.0,0.0,0.0,0.0,0.0,0.0,0.0,0.0,18.0,1.0,0.0,0.0,1.0,0.0,0.0,0.0,0.0,0.0,3.0,1.0,2.0,1.0,0.0,0.0,0.0,2.0,4.0,0.0,0.0,2.0,2.0,0.0,0.0,0.0,0.0,0.0,0.0,0.0,0.0,0.0,0.0,2.0,0.0,0.0,0.0,0.0,0.0,0.0,0.0,0.0,0.0
5749644,2026-08-22T18:45:00.000Z,1,Serie A,Genoa,10233,Napoli,9875,843099,Scott McTominay,Napoli,9875,False,7.64,90.0,0.02,0.06,0.0,0.0,0.0,0.0,32.0,34.0,1.0,1.0,0.0,0.0,0.0,0.0,0.0,0.0,3.0,3.0,54.0,7.0,0.0,2.0,0.0,2.0,2.0,0.0,0.0,3.0,7.0,1.0,3.0,1.0,2.0,2.0,0.0,1.0,6.0,1.0,1.0,2.0,5.0,0.04,0.05,1.0,1.0,1.0,0.0,0.0,1.0,1.0,0.0,1.0,0.0,0.04,0.0,0.0,0.0,0.0,0.0,0.0,0.0
5749644,2026-08-22T18:45:00.000Z,1,Serie A,Genoa,10233,Napoli,9875,873573,Sam Beukema,Napoli,9875,False,0.0,0.0,0.0,0.0,0.0,0.0,0.0,0.0,0.0,0.0,0.0,0.0,0.0,0.0,0.0,0.0,0.0,0.0,0.0,0.0,0.0,0.0,0.0,0.0,0.0,0.0,0.0,0.0,0.0,0.0,0.0,0.0,0.0,0.0,0.0,0.0,0.0,0.0,0.0,0.0,0.0,0.0,0.0,0.0,0.0,0.0,0.0,0.0,0.0,0.0,0.0,0.0,0.0,0.0,0.0,0.0,0.0,0.0,0.0,0.0,0.0,0.0,0.0
5749644,2026-08-22T18:45:00.000Z,1,Serie A,Genoa,10233,Napoli,9875,914103,Johan Vásquez,Genoa,10233,False,5.57,87.0,0.04,0.04,0.0,0.0,0.0,0.0,56.0,66.0,0.0,6.0,0.0,0.0,0.0,0.0,0.0,0.0,9.0,6.0,78.0,7.0,1.0,2.0,1.0,4.0,0.0,0.0,0.0,0.0,1.0,0.0,0.0,0.0,0.0,3.0,0.0,2.0,4.0,1.0,1.0,3.0,2.0,0.0,0.0,0.0,0.0,0.0,0.0,0.0,0.0,0.0,0.0,1.0,0.0,0.0,1.0,0.0,0.0,0.0,0.0,0.0,0.0
5749644,2026-08-22T18:45:00.000Z,1,Serie A,Genoa,10233,Napoli,9875,921543,Morten Frendrup,Genoa,10233,False,6.84,90.0,0.04,0.06,0.0,0.0,0.0,0.0,55.0,57.0,2.0,2.0,0.0,0.0,0.0,0.0,0.0,0.0,1.0,0.0,68.0,5.0,2.0,1.0,2.0,3.0,1.0,0.0,0.0,1.0,0.0,0.0,0.0,0.0,2.0,0.0,0.0,4.0,5.0,0.0,0.0,4.0,1.0,0.02,0.0,1.0,0.0,0.0,1.0,0.0,0.0,1.0,1.0,1.0,0.0,0.02,0.0,0.0,0.0,0.0,0.0,0.0,0.0
5749644,2026-08-22T18:45:00.000Z,1,Serie A,Genoa,10233,Napoli,9875,942193,Mikael Egill Ellertsson,Genoa,10233,False,6.91,90.0,0.03,0.09,0.0,0.0,0.0,0.0,19.0,21.0,0.0,1.0,0.0,0.0,0.0,0.0,0.0,0.0,5.0,3.0,49.0,6.0,0.0,1.0,2.0,1.0,1.0,0.0,0.0,0.0,1.0,2.0,3.0,1.0,0.0,2.0,0.0,4.0,7.0,0.0,0.0,4.0,3.0,0.06,0.0,1.0,0.0,0.0,0.0,1.0,0.0,0.0,0.0,4.0,1.0,0.06,0.0,0.0,0.0,0.0,0.0,0.0,0.0
5749644,2026-08-22T18:45:00.000Z,1,Serie A,Genoa,10233,Napoli,9875,942549,Billy Gilmour,Napoli,9875,False,0.0,0.0,0.0,0.0,0.0,0.0,0.0,0.0,0.0,0.0,0.0,0.0,0.0,0.0,0.0,0.0,0.0,0.0,0.0,0.0,0.0,0.0,0.0,0.0,0.0,0.0,0.0,0.0,0.0,0.0,0.0,0.0,0.0,0.0,0.0,0.0,0.0,0.0,0.0,0.0,0.0,0.0,0.0,0.0,0.0,0.0,0.0,0.0,0.0,0.0,0.0,0.0,0.0,0.0,0.0,0.0,0.0,0.0,0.0,0.0,0.0,0.0,0.0
5749644,2026-08-22T18:45:00.000Z,1,Serie A,Genoa,10233,Napoli,9875,951238,Franz Stolz,Genoa,10233,True,0.0,0.0,0.0,0.0,0.0,0.0,0.0,0.0,0.0,0.0,0.0,0.0,0.0,0.0,0.0,0.0,0.0,0.0,0.0,0.0,0.0,0.0,0.0,0.0,0.0,0.0,0.0,0.0,0.0,0.0,0.0,0.0,0.0,0.0,0.0,0.0,0.0,0.0,0.0,0.0,0.0,0.0,0.0,0.0,0.0,0.0,0.0,0.0,0.0,0.0,0.0,0.0,0.0,0.0,0.0,0.0,0.0,0.0,0.0,0.0,0.0,0.0,0.0
5749644,2026-08-22T18:45:00.000Z,1,Serie A,Genoa,10233,Napoli,9875,1003368,Junior Messias,Genoa,10233,False,7.13,24.0,0.0,0.0,0.0,0.0,0.0,0.0,3.0,4.0,0.0,0.0,0.0,0.0,0.0,0.0,0.0,0.0,1.0,2.0,14.0,6.0,1.0,0.0,3.0,0.0,0.0,0.0,0.0,1.0,0.0,2.0,2.0,0.0,1.0,2.0,0.0,6.0,6.0,0.0,0.0,6.0,0.0,0.0,0.0,0.0,0.0,0.0,0.0,0.0,0.0,0.0,0.0,0.0,0.0,0.0,0.0,0.0,0.0,0.0,0.0,0.0,0.0
5749644,2026-08-22T18:45:00.000Z,1,Serie A,Genoa,10233,Napoli,9875,1050163,Lorenzo Colombo,Genoa,10233,False,6.02,74.0,0.01,0.01,0.0,0.0,0.0,0.0,8.0,9.0,1.0,2.0,0.0,0.0,0.0,0.0,0.0,0.0,0.0,1.0,17.0,1.0,2.0,1.0,0.0,1.0,0.0,0.0,0.0,1.0,1.0,1.0,1.0,1.0,0.0,1.0,0.0,3.0,5.0,0.0,5.0,3.0,7.0,0.0,0.0,0.0,0.0,0.0,0.0,0.0,0.0,0.0,0.0,0.0,0.0,0.0,0.0,1.0,0.0,0.0,0.0,0.0,0.0
5749644,2026-08-22T18:45:00.000Z,1,Serie A,Genoa,10233,Napoli,9875,1184458,Mario Mitaj,Genoa,10233,False,0.0,0.0,0.0,0.0,0.0,0.0,0.0,0.0,0.0,0.0,0.0,0.0,0.0,0.0,0.0,0.0,0.0,0.0,0.0,0.0,0.0,0.0,0.0,0.0,0.0,0.0,0.0,0.0,0.0,0.0,0.0,0.0,0.0,0.0,0.0,0.0,0.0,0.0,0.0,0.0,0.0,0.0,0.0,0.0,0.0,0.0,0.0,0.0,0.0,0.0,0.0,0.0,0.0,0.0,0.0,0.0,0.0,0.0,0.0,0.0,0.0,0.0,0.0
5749644,2026-08-22T18:45:00.000Z,1,Serie A,Genoa,10233,Napoli,9875,1199272,Rasmus Højlund,Napoli,9875,False,6.61,78.0,0.01,0.01,0.0,0.0,0.0,0.0,5.0,8.0,0.0,0.0,0.0,0.0,0.0,0.0,0.0,0.0,0.0,0.0,18.0,0.0,2.0,0.0,0.0,0.0,0.0,0.0,0.0,1.0,1.0,0.0,1.0,0.0,0.0,0.0,0.0,2.0,3.0,2.0,4.0,4.0,3.0,0.0,0.0,0.0,0.0,0.0,0.0,0.0,0.0,0.0,0.0,1.0,0.0,0.0,0.0,1.0,1.0,0.0,0.0,0.0,0.0
5749644,2026-08-22T18:45:00.000Z,1,Serie A,Genoa,10233,Napoli,9875,1200591,Tommaso Baldanzi,Genoa,10233,False,6.33,66.0,0.01,0.36,0.0,0.0,0.0,0.0,28.0,31.0,0.0,0.0,0.0,0.0,0.0,0.0,0.0,0.0,2.0,2.0,39.0,2.0,0.0,0.0,0.0,3.0,0.0,0.0,0.0,0.0,5.0,1.0,1.0,1.0,0.0,0.0,0.0,1.0,2.0,0.0,0.0,1.0,1.0,0.35,0.0,4.0,0.0,0.0,0.0,4.0,0.0,0.0,0.0,0.0,0.0,0.35,0.0,0.0,0.0,0.0,0.0,0.0,0.0
5749644,2026-08-22T18:45:00.000Z,1,Serie A,Genoa,10233,Napoli,9875,1212630,Lorenzo Lucca,Napoli,9875,False,5.97,12.0,0.0,0.0,0.0,0.0,0.0,0.0,1.0,1.0,0.0,0.0,0.0,0.0,0.0,0.0,0.0,0.0,1.0,0.0,3.0,1.0,0.0,0.0,0.0,0.0,1.0,0.0,0.0,0.0,0.0,0.0,0.0,1.0,0.0,0.0,0.0,0.0,1.0,0.0,1.0,0.0,2.0,0.0,0.0,0.0,0.0,0.0,0.0,0.0,0.0,0.0,0.0,0.0,0.0,0.0,0.0,1.0,0.0,0.0,0.0,0.0,0.0
5749644,2026-08-22T18:45:00.000Z,1,Serie A,Genoa,10233,Napoli,9875,1214915,Brooke Norton-Cuffy,Genoa,10233,False,6.3,90.0,0.03,0.03,0.0,0.0,0.0,0.0,18.0,23.0,0.0,1.0,0.0,0.0,0.0,0.0,0.0,0.0,4.0,4.0,41.0,5.0,0.0,0.0,0.0,2.0,0.0,0.0,0.0,1.0,1.0,1.0,2.0,1.0,1.0,2.0,1.0,1.0,4.0,0.0,0.0,1.0,3.0,0.0,0.0,0.0,0.0,0.0,0.0,0.0,0.0,0.0,0.0,4.0,0.0,0.0,0.0,0.0,0.0,0.0,0.0,0.0,0.0
5749644,2026-08-22T18:45:00.000Z,1,Serie A,Genoa,10233,Napoli,9875,1215057,Vítinha,Genoa,10233,False,5.8,90.0,0.02,0.19,0.0,0.0,0.0,0.0,12.0,15.0,1.0,2.0,0.0,0.0,0.0,0.0,0.0,0.0,5.0,1.0,40.0,2.0,1.0,0.0,1.0,1.0,0.0,0.0,0.0,0.0,6.0,0.0,7.0,3.0,0.0,0.0,0.0,2.0,12.0,0.0,4.0,2.0,14.0,0.17,0.01,3.0,0.0,1.0,2.0,0.0,1.0,3.0,0.0,1.0,0.0,0.17,0.0,0.0,0.0,0.0,0.0,0.0,0.0
5749644,2026-08-22T18:45:00.000Z,1,Serie A,Genoa,10233,Napoli,9875,1313884,Rafa Marín,Napoli,9875,False,7.09,81.0,0.01,0.01,0.0,0.0,0.0,0.0,39.0,42.0,5.0,5.0,0.0,0.0,0.0,0.0,0.0,0.0,1.0,2.0,49.0,6.0,1.0,3.0,1.0,4.0,2.0,0.0,0.0,0.0,0.0,0.0,0.0,0.0,1.0,1.0,1.0,2.0,6.0,0.0,0.0,2.0,4.0,0.0,0.0,0.0,0.0,0.0,0.0,0.0,0.0,0.0,0.0,0.0,0.0,0.0,0.0,0.0,0.0,0.0,0.0,0.0,0.0
5749644,2026-08-22T18:45:00.000Z,1,Serie A,Genoa,10233,Napoli,9875,1320863,Antonio Vergara,Napoli,9875,False,8.27,23.0,0.35,0.52,0.0,0.0,0.0,0.0,9.0,10.0,1.0,2.0,0.0,0.0,0.0,0.0,0.0,0.0,4.0,0.0,24.0,4.0,2.0,0.0,4.0,1.0,0.0,1.0,1.0,1.0,5.0,0.0,0.0,2.0,0.0,0.0,0.0,6.0,8.0,0.0,0.0,6.0,2.0,0.17,0.25,2.0,1.0,1.0,0.0,1.0,1.0,1.0,0.0,0.0,0.0,0.17,0.0,0.0,0.0,0.0,0.0,0.0,0.0
5749644,2026-08-22T18:45:00.000Z,1,Serie A,Genoa,10233,Napoli,9875,1355552,Alisson Santos,Napoli,9875,False,6.52,66.0,0.14,0.19,0.0,0.0,0.0,0.0,12.0,16.0,0.0,0.0,0.0,0.0,0.0,0.0,0.0,0.0,0.0,2.0,31.0,2.0,0.0,0.0,0.0,0.0,0.0,0.0,0.0,0.0,2.0,0.0,0.0,0.0,0.0,0.0,0.0,0.0,0.0,0.0,0.0,0.0,0.0,0.05,0.0,3.0,0.0,0.0,2.0,1.0,0.0,2.0,0.0,8.0,1.0,0.05,0.0,0.0,0.0,0.0,0.0,0.0,0.0
5749644,2026-08-22T18:45:00.000Z,1,Serie A,Genoa,10233,Napoli,9875,1355574,Giovane Nascimento,Napoli,9875,False,0.0,0.0,0.0,0.0,0.0,0.0,0.0,0.0,0.0,0.0,0.0,0.0,0.0,0.0,0.0,0.0,0.0,0.0,0.0,0.0,0.0,0.0,0.0,0.0,0.0,0.0,0.0,0.0,0.0,0.0,0.0,0.0,0.0,0.0,0.0,0.0,0.0,0.0,0.0,0.0,0.0,0.0,0.0,0.0,0.0,0.0,0.0,0.0,0.0,0.0,0.0,0.0,0.0,0.0,0.0,0.0,0.0,0.0,0.0,0.0,0.0,0.0,0.0
5749644,2026-08-22T18:45:00.000Z,1,Serie A,Genoa,10233,Napoli,9875,1403328,Costantino Favasuli,Napoli,9875,False,0.0,0.0,0.0,0.0,0.0,0.0,0.0,0.0,0.0,0.0,0.0,0.0,0.0,0.0,0.0,0.0,0.0,0.0,0.0,0.0,0.0,0.0,0.0,0.0,0.0,0.0,0.0,0.0,0.0,0.0,0.0,0.0,0.0,0.0,0.0,0.0,0.0,0.0,0.0,0.0,0.0,0.0,0.0,0.0,0.0,0.0,0.0,0.0,0.0,0.0,0.0,0.0,0.0,0.0,0.0,0.0,0.0,0.0,0.0,0.0,0.0,0.0,0.0
5749644,2026-08-22T18:45:00.000Z,1,Serie A,Genoa,10233,Napoli,9875,1404077,Sebastian Otoa,Genoa,10233,False,6.06,24.0,0.0,0.0,0.0,0.0,0.0,0.0,5.0,7.0,0.0,0.0,0.0,0.0,0.0,0.0,0.0,0.0,0.0,0.0,8.0,0.0,0.0,0.0,0.0,0.0,0.0,0.0,0.0,0.0,0.0,0.0,0.0,0.0,0.0,0.0,0.0,0.0,0.0,1.0,1.0,1.0,0.0,0.0,0.0,0.0,0.0,0.0,0.0,0.0,0.0,0.0,0.0,0.0,0.0,0.0,0.0,0.0,0.0,0.0,0.0,0.0,0.0
5749644,2026-08-22T18:45:00.000Z,1,Serie A,Genoa,10233,Napoli,9875,1405996,David Puczka,Genoa,10233,False,0.0,0.0,0.0,0.0,0.0,0.0,0.0,0.0,0.0,0.0,0.0,0.0,0.0,0.0,0.0,0.0,0.0,0.0,0.0,0.0,0.0,0.0,0.0,0.0,0.0,0.0,0.0,0.0,0.0,0.0,0.0,0.0,0.0,0.0,0.0,0.0,0.0,0.0,0.0,0.0,0.0,0.0,0.0,0.0,0.0,0.0,0.0,0.0,0.0,0.0,0.0,0.0,0.0,0.0,0.0,0.0,0.0,0.0,0.0,0.0,0.0,0.0,0.0
5749644,2026-08-22T18:45:00.000Z,1,Serie A,Genoa,10233,Napoli,9875,1436436,Alessandro Marcandalli,Genoa,10233,False,6.41,90.0,0.01,0.01,0.0,0.0,0.0,0.0,44.0,48.0,1.0,1.0,0.0,0.0,0.0,0.0,0.0,0.0,4.0,1.0,60.0,2.0,0.0,0.0,1.0,4.0,0.0,0.0,0.0,0.0,0.0,1.0,1.0,0.0,0.0,1.0,0.0,2.0,2.0,0.0,0.0,2.0,0.0,0.0,0.0,0.0,0.0,0.0,0.0,0.0,0.0,0.0,0.0,1.0,0.0,0.0,0.0,0.0,0.0,0.0,0.0,0.0,0.0
5749644,2026-08-22T18:45:00.000Z,1,Serie A,Genoa,10233,Napoli,9875,1469120,Amorim,Genoa,10233,False,6.93,75.0,0.04,0.06,0.0,0.0,0.0,0.0,43.0,46.0,4.0,6.0,0.0,0.0,0.0,0.0,0.0,0.0,4.0,1.0,66.0,5.0,1.0,1.0,3.0,4.0,1.0,0.0,0.0,1.0,0.0,0.0,1.0,2.0,0.0,0.0,0.0,4.0,8.0,1.0,1.0,5.0,4.0,0.02,0.01,1.0,0.0,1.0,0.0,0.0,1.0,1.0,0.0,5.0,3.0,0.02,0.0,0.0,0.0,0.0,0.0,0.0,0.0
5749644,2026-08-22T18:45:00.000Z,1,Serie A,Genoa,10233,Napoli,9875,1670284,Adam Zulevic,Genoa,10233,False,0.0,3.0,0.0,0.0,0.0,0.0,0.0,0.0,1.0,1.0,0.0,0.0,0.0,0.0,0.0,0.0,0.0,0.0,0.0,0.0,1.0,0.0,0.0,1.0,0.0,0.0,0.0,0.0,0.0,0.0,0.0,0.0,0.0,0.0,0.0,0.0,0.0,0.0,0.0,0.0,1.0,0.0,1.0,0.0,0.0,0.0,0.0,0.0,0.0,0.0,0.0,0.0,0.0,0.0,0.0,0.0,0.0,0.0,0.0,0.0,0.0,0.0,0.0
5749644,2026-08-22T18:45:00.000Z,1,Serie A,Genoa,10233,Napoli,9875,1677025,Franz-Ethan Meichtry,Genoa,10233,False,5.75,16.0,0.0,0.0,0.0,0.0,0.0,0.0,1.0,1.0,0.0,0.0,0.0,0.0,0.0,0.0,0.0,0.0,1.0,0.0,4.0,0.0,0.0,1.0,0.0,1.0,0.0,0.0,0.0,0.0,1.0,0.0,1.0,1.0,0.0,0.0,1.0,0.0,4.0,0.0,0.0,0.0,4.0,0.0,0.0,0.0,0.0,0.0,0.0,0.0,0.0,0.0,0.0,0.0,0.0,0.0,0.0,0.0,0.0,0.0,0.0,0.0,0.0
5749644,2026-08-22T18:45:00.000Z,1,Serie A,Genoa,10233,Napoli,9875,1830782,Christian Garofalo,Napoli,9875,False,0.0,0.0,0.0,0.0,0.0,0.0,0.0,0.0,0.0,0.0,0.0,0.0,0.0,0.0,0.0,0.0,0.0,0.0,0.0,0.0,0.0,0.0,0.0,0.0,0.0,0.0,0.0,0.0,0.0,0.0,0.0,0.0,0.0,0.0,0.0,0.0,0.0,0.0,0.0,0.0,0.0,0.0,0.0,0.0,0.0,0.0,0.0,0.0,0.0,0.0,0.0,0.0,0.0,0.0,0.0,0.0,0.0,0.0,0.0,0.0,0.0,0.0,0.0
5749644,2026-08-22T18:45:00.000Z,1,Serie A,Genoa,10233,Napoli,9875,1902062,Samuel Wiafe,Genoa,10233,False,0.0,0.0,0.0,0.0,0.0,0.0,0.0,0.0,0.0,0.0,0.0,0.0,0.0,0.0,0.0,0.0,0.0,0.0,0.0,0.0,0.0,0.0,0.0,0.0,0.0,0.0,0.0,0.0,0.0,0.0,0.0,0.0,0.0,0.0,0.0,0.0,0.0,0.0,0.0,0.0,0.0,0.0,0.0,0.0,0.0,0.0,0.0,0.0,0.0,0.0,0.0,0.0,0.0,0.0,0.0,0.0,0.0,0.0,0.0,0.0,0.0,0.0,0.0
5749644,2026-08-22T18:45:00.000Z,1,Serie A,Genoa,10233,Napoli,9875,1910652,Mamedi Doucouré,Genoa,10233,False,0.0,0.0,0.0,0.0,0.0,0.0,0.0,0.0,0.0,0.0,0.0,0.0,0.0,0.0,0.0,0.0,0.0,0.0,0.0,0.0,0.0,0.0,0.0,0.0,0.0,0.0,0.0,0.0,0.0,0.0,0.0,0.0,0.0,0.0,0.0,0.0,0.0,0.0,0.0,0.0,0.0,0.0,0.0,0.0,0.0,0.0,0.0,0.0,0.0,0.0,0.0,0.0,0.0,0.0,0.0,0.0,0.0,0.0,0.0,0.0,0.0,0.0,0.0
5749645,2026-08-22T16:30:00.000Z,1,Serie A,Inter,8636,Monza,6504,263653,John Stones,Internazionale,8636,False,6.23,15.0,0.0,0.0,0.0,0.0,0.0,0.0,10.0,13.0,0.0,0.0,0.0,0.0,0.0,0.0,0.0,0.0,1.0,1.0,14.0,1.0,0.0,0.0,0.0,0.0,0.0,0.0,0.0,0.0,1.0,0.0,0.0,0.0,0.0,1.0,0.0,0.0,0.0,0.0,0.0,0.0,0.0,0.0,0.0,0.0,0.0,0.0,0.0,0.0,0.0,0.0,0.0,0.0,0.0,0.0,0.0,0.0,0.0,0.0,0.0,0.0,0.0
5749645,2026-08-22T16:30:00.000Z,1,Serie A,Inter,8636,Monza,6504,304733,Hakan Çalhanoglu,Internazionale,8636,False,8.24,54.0,0.02,0.03,0.0,0.0,0.0,0.0,56.0,60.0,5.0,5.0,0.0,0.0,0.0,0.0,0.0,0.0,7.0,0.0,68.0,3.0,0.0,1.0,1.0,6.0,1.0,1.0,0.0,1.0,0.0,0.0,0.0,0.0,1.0,0.0,0.0,1.0,2.0,0.0,0.0,1.0,1.0,0.01,0.07,1.0,0.0,1.0,0.0,0.0,1.0,1.0,0.0,1.0,1.0,0.01,0.0,0.0,0.0,0.0,0.0,0.0,0.0
5749645,2026-08-22T16:30:00.000Z,1,Serie A,Inter,8636,Monza,6504,362212,Piotr Zielinski,Internazionale,8636,False,8.0,83.0,0.02,0.08,0.0,0.0,0.0,0.0,56.0,64.0,2.0,2.0,0.0,0.0,0.0,0.0,0.0,0.0,5.0,1.0,68.0,1.0,1.0,0.0,0.0,4.0,0.0,1.0,0.0,0.0,1.0,0.0,0.0,0.0,0.0,0.0,1.0,1.0,2.0,0.0,0.0,1.0,1.0,0.06,0.09,1.0,0.0,1.0,0.0,0.0,1.0,1.0,0.0,0.0,0.0,0.06,0.0,0.0,0.0,0.0,0.0,0.0,0.0
5749645,2026-08-22T16:30:00.000Z,1,Serie A,Inter,8636,Monza,6504,364822,Ivan Provedel,Internazionale,8636,True,0.0,0.0,0.0,0.0,0.0,0.0,0.0,0.0,0.0,0.0,0.0,0.0,0.0,0.0,0.0,0.0,0.0,0.0,0.0,0.0,0.0,0.0,0.0,0.0,0.0,0.0,0.0,0.0,0.0,0.0,0.0,0.0,0.0,0.0,0.0,0.0,0.0,0.0,0.0,0.0,0.0,0.0,0.0,0.0,0.0,0.0,0.0,0.0,0.0,0.0,0.0,0.0,0.0,0.0,0.0,0.0,0.0,0.0,0.0,0.0,0.0,0.0,0.0
5749645,2026-08-22T16:30:00.000Z,1,Serie A,Inter,8636,Monza,6504,417743,Raffaele Di Gennaro,Internazionale,8636,True,0.0,0.0,0.0,0.0,0.0,0.0,0.0,0.0,0.0,0.0,0.0,0.0,0.0,0.0,0.0,0.0,0.0,0.0,0.0,0.0,0.0,0.0,0.0,0.0,0.0,0.0,0.0,0.0,0.0,0.0,0.0,0.0,0.0,0.0,0.0,0.0,0.0,0.0,0.0,0.0,0.0,0.0,0.0,0.0,0.0,0.0,0.0,0.0,0.0,0.0,0.0,0.0,0.0,0.0,0.0,0.0,0.0,0.0,0.0,0.0,0.0,0.0,0.0
5749645,2026-08-22T16:30:00.000Z,1,Serie A,Inter,8636,Monza,6504,521318,Manuel Akanji,Internazionale,8636,False,7.71,75.0,0.01,0.060000000000000005,0.0,0.0,0.0,0.0,58.0,62.0,1.0,2.0,0.0,0.0,0.0,0.0,0.0,0.0,2.0,6.0,73.0,9.0,0.0,0.0,0.0,3.0,3.0,0.0,0.0,1.0,2.0,0.0,0.0,0.0,0.0,6.0,0.0,0.0,0.0,4.0,4.0,4.0,0.0,0.05,0.0,1.0,0.0,0.0,1.0,0.0,0.0,1.0,0.0,0.0,0.0,0.05,0.0,0.0,0.0,1.0,0.0,0.0,0.0
5749645,2026-08-22T16:30:00.000Z,1,Serie A,Inter,8636,Monza,6504,541820,Nicolò Barella,Internazionale,8636,False,6.52,90.0,0.02,0.07,0.0,0.0,0.0,0.0,47.0,51.0,2.0,3.0,0.0,0.0,0.0,0.0,0.0,0.0,0.0,0.0,60.0,0.0,2.0,0.0,0.0,7.0,0.0,0.0,0.0,0.0,3.0,0.0,0.0,1.0,0.0,0.0,1.0,2.0,4.0,0.0,0.0,2.0,2.0,0.05,0.0,2.0,0.0,0.0,2.0,0.0,0.0,2.0,0.0,0.0,0.0,0.05,0.0,0.0,0.0,0.0,0.0,0.0,0.0
5749645,2026-08-22T16:30:00.000Z,1,Serie A,Inter,8636,Monza,6504,605224,Federico Dimarco,Internazionale,8636,False,7.35,90.0,0.09,0.13,0.0,0.0,0.0,0.0,51.0,61.0,2.0,2.0,0.0,0.0,0.0,0.0,0.0,0.0,2.0,0.0,85.0,2.0,1.0,1.0,1.0,6.0,1.0,0.0,0.0,2.0,2.0,1.0,1.0,1.0,0.0,0.0,1.0,3.0,6.0,0.0,1.0,3.0,4.0,0.04,0.02,1.0,0.0,1.0,0.0,0.0,1.0,1.0,3.0,9.0,2.0,0.04,0.0,0.0,0.0,0.0,0.0,0.0,0.0
5749645,2026-08-22T16:30:00.000Z,1,Serie A,Inter,8636,Monza,6504,611223,Benjamin Pavard,Internazionale,8636,False,0.0,0.0,0.0,0.0,0.0,0.0,0.0,0.0,0.0,0.0,0.0,0.0,0.0,0.0,0.0,0.0,0.0,0.0,0.0,0.0,0.0,0.0,0.0,0.0,0.0,0.0,0.0,0.0,0.0,0.0,0.0,0.0,0.0,0.0,0.0,0.0,0.0,0.0,0.0,0.0,0.0,0.0,0.0,0.0,0.0,0.0,0.0,0.0,0.0,0.0,0.0,0.0,0.0,0.0,0.0,0.0,0.0,0.0,0.0,0.0,0.0,0.0,0.0
5749645,2026-08-22T16:30:00.000Z,1,Serie A,Inter,8636,Monza,6504,621562,Marcus Thuram,Internazionale,8636,False,0.0,0.0,0.0,0.0,0.0,0.0,0.0,0.0,0.0,0.0,0.0,0.0,0.0,0.0,0.0,0.0,0.0,0.0,0.0,0.0,0.0,0.0,0.0,0.0,0.0,0.0,0.0,0.0,0.0,0.0,0.0,0.0,0.0,0.0,0.0,0.0,0.0,0.0,0.0,0.0,0.0,0.0,0.0,0.0,0.0,0.0,0.0,0.0,0.0,0.0,0.0,0.0,0.0,0.0,0.0,0.0,0.0,0.0,0.0,0.0,0.0,0.0,0.0
5749645,2026-08-22T16:30:00.000Z,1,Serie A,Inter,8636,Monza,6504,639671,Patrick Cutrone,Monza,6504,False,6.15,20.0,0.04,0.04,0.0,0.0,0.0,0.0,5.0,5.0,0.0,0.0,0.0,0.0,0.0,0.0,0.0,0.0,0.0,0.0,6.0,0.0,0.0,0.0,0.0,0.0,0.0,0.0,0.0,1.0,1.0,0.0,0.0,0.0,0.0,0.0,0.0,0.0,0.0,0.0,0.0,0.0,0.0,0.0,0.0,0.0,0.0,0.0,0.0,0.0,0.0,0.0,1.0,1.0,0.0,0.0,0.0,2.0,0.0,0.0,0.0,0.0,0.0
5749645,2026-08-22T16:30:00.000Z,1,Serie A,Inter,8636,Monza,6504,690230,Lautaro Martínez,Internazionale,8636,False,6.26,54.0,0.01,0.01,0.0,0.0,0.0,0.0,17.0,25.0,0.0,2.0,0.0,0.0,0.0,0.0,0.0,0.0,1.0,0.0,33.0,0.0,2.0,1.0,0.0,4.0,0.0,0.0,0.0,0.0,1.0,0.0,2.0,2.0,0.0,0.0,0.0,2.0,7.0,0.0,0.0,2.0,5.0,0.0,0.0,0.0,0.0,0.0,0.0,0.0,0.0,0.0,0.0,0.0,0.0,0.0,0.0,0.0,0.0,0.0,0.0,0.0,0.0
5749645,2026-08-22T16:30:00.000Z,1,Serie A,Inter,8636,Monza,6504,772168,Josep Martínez,Internazionale,8636,True,6.69,90.0,0.0,0.0,2.0,1.0,0.74,-0.26,51.0,56.0,9.0,13.0,0.0,2.0,2.0,0.0,3.0,0.0,6.0,1.0,63.0,1.0,0.0,0.0,0.0,3.0,0.0,0.0,0.0,0.0,0.0,0.0,0.0,0.0,0.0,0.0,0.0,0.0,0.0,0.0,0.0,0.0,0.0,0.0,0.0,0.0,0.0,0.0,0.0,0.0,0.0,0.0,0.0,0.0,0.0,0.0,0.0,0.0,0.0,0.0,0.0,0.0,0.0
5749645,2026-08-22T16:30:00.000Z,1,Serie A,Inter,8636,Monza,6504,799497,Samuele Birindelli,Monza,6504,False,5.82,90.0,0.03,0.29000000000000004,0.0,0.0,0.0,0.0,12.0,16.0,0.0,1.0,0.0,0.0,0.0,0.0,0.0,0.0,1.0,0.0,32.0,1.0,1.0,1.0,1.0,4.0,0.0,0.0,0.0,0.0,1.0,0.0,0.0,0.0,0.0,0.0,1.0,2.0,3.0,1.0,1.0,3.0,1.0,0.26,0.1,1.0,0.0,1.0,0.0,0.0,1.0,1.0,0.0,1.0,0.0,0.26,0.0,3.0,0.0,0.0,0.0,0.0,0.0
5749645,2026-08-22T16:30:00.000Z,1,Serie A,Inter,8636,Monza,6504,805451,Alessandro Bastoni,Internazionale,8636,False,7.78,90.0,0.07,0.07,0.0,0.0,0.0,0.0,90.0,102.0,2.0,5.0,0.0,0.0,0.0,0.0,0.0,0.0,13.0,2.0,116.0,3.0,0.0,1.0,1.0,4.0,0.0,0.0,0.0,1.0,0.0,1.0,1.0,0.0,0.0,1.0,0.0,2.0,3.0,2.0,2.0,4.0,1.0,0.0,0.0,0.0,0.0,0.0,0.0,0.0,0.0,0.0,0.0,1.0,0.0,0.0,0.0,0.0,0.0,0.0,0.0,0.0,0.0
5749645,2026-08-22T16:30:00.000Z,1,Serie A,Inter,8636,Monza,6504,814284,Filippo Delli Carri,Monza,6504,False,0.0,2.0,0.0,0.0,0.0,0.0,0.0,0.0,4.0,4.0,0.0,0.0,0.0,0.0,0.0,0.0,0.0,0.0,1.0,0.0,4.0,0.0,0.0,0.0,0.0,0.0,0.0,0.0,0.0,0.0,0.0,0.0,0.0,0.0,0.0,0.0,0.0,0.0,0.0,0.0,0.0,0.0,0.0,0.0,0.0,0.0,0.0,0.0,0.0,0.0,0.0,0.0,0.0,0.0,0.0,0.0,0.0,0.0,0.0,0.0,0.0,0.0,0.0
5749645,2026-08-22T16:30:00.000Z,1,Serie A,Inter,8636,Monza,6504,824655,Ricardo Mangas,Monza,6504,False,6.35,90.0,0.01,0.26,0.0,0.0,0.0,0.0,12.0,17.0,1.0,1.0,0.0,0.0,0.0,0.0,0.0,0.0,2.0,1.0,26.0,2.0,1.0,0.0,0.0,3.0,1.0,0.0,0.0,0.0,2.0,0.0,0.0,1.0,0.0,0.0,0.0,1.0,2.0,0.0,1.0,1.0,2.0,0.25,0.27,1.0,0.0,1.0,0.0,0.0,1.0,1.0,0.0,0.0,0.0,0.25,0.0,1.0,1.0,0.0,0.0,0.0,0.0
5749645,2026-08-22T16:30:00.000Z,1,Serie A,Inter,8636,Monza,6504,889535,Yann Aurel Bisseck,Internazionale,8636,False,8.38,90.0,0.01,0.11,0.0,0.0,0.0,0.0,63.0,66.0,2.0,2.0,0.0,0.0,0.0,0.0,0.0,0.0,7.0,3.0,77.0,6.0,0.0,0.0,1.0,5.0,2.0,1.0,0.0,1.0,2.0,0.0,0.0,0.0,0.0,2.0,0.0,1.0,1.0,1.0,2.0,2.0,1.0,0.1,0.64,1.0,0.0,1.0,0.0,0.0,1.0,1.0,0.0,0.0,0.0,0.1,0.0,0.0,0.0,0.0,0.0,0.0,0.0
5749645,2026-08-22T16:30:00.000Z,1,Serie A,Inter,8636,Monza,6504,899649,Valentin Antov,Monza,6504,False,0.0,0.0,0.0,0.0,0.0,0.0,0.0,0.0,0.0,0.0,0.0,0.0,0.0,0.0,0.0,0.0,0.0,0.0,0.0,0.0,0.0,0.0,0.0,0.0,0.0,0.0,0.0,0.0,0.0,0.0,0.0,0.0,0.0,0.0,0.0,0.0,0.0,0.0,0.0,0.0,0.0,0.0,0.0,0.0,0.0,0.0,0.0,0.0,0.0,0.0,0.0,0.0,0.0,0.0,0.0,0.0,0.0,0.0,0.0,0.0,0.0,0.0,0.0
5749645,2026-08-22T16:30:00.000Z,1,Serie A,Inter,8636,Monza,6504,917464,Semuel Pizzignacco,Monza,6504,True,3.55,90.0,0.0,0.0,1.0,4.0,1.55,-2.45,13.0,23.0,5.0,15.0,0.0,0.0,2.0,1.0,5.0,1.0,9.0,3.0,33.0,3.0,0.0,0.0,0.0,3.0,0.0,0.0,0.0,0.0,0.0,0.0,0.0,0.0,0.0,0.0,0.0,0.0,0.0,0.0,0.0,0.0,0.0,0.0,0.0,0.0,0.0,0.0,0.0,0.0,0.0,0.0,0.0,0.0,0.0,0.0,1.0,0.0,0.0,0.0,0.0,0.0,0.0
5749645,2026-08-22T16:30:00.000Z,1,Serie A,Inter,8636,Monza,6504,937462,Andrea Colpani,Monza,6504,False,6.33,70.0,0.01,0.01,0.0,0.0,0.0,0.0,8.0,11.0,0.0,1.0,0.0,0.0,0.0,0.0,0.0,0.0,1.0,0.0,25.0,2.0,1.0,0.0,0.0,2.0,2.0,0.0,0.0,0.0,0.0,1.0,3.0,1.0,0.0,0.0,0.0,2.0,5.0,0.0,1.0,2.0,4.0,0.0,0.0,0.0,0.0,0.0,0.0,0.0,0.0,0.0,1.0,2.0,1.0,0.0,0.0,0.0,0.0,0.0,0.0,0.0,0.0
5749645,2026-08-22T16:30:00.000Z,1,Serie A,Inter,8636,Monza,6504,940829,Carlos Augusto,Internazionale,8636,False,0.0,0.0,0.0,0.0,0.0,0.0,0.0,0.0,0.0,0.0,0.0,0.0,0.0,0.0,0.0,0.0,0.0,0.0,0.0,0.0,0.0,0.0,0.0,0.0,0.0,0.0,0.0,0.0,0.0,0.0,0.0,0.0,0.0,0.0,0.0,0.0,0.0,0.0,0.0,0.0,0.0,0.0,0.0,0.0,0.0,0.0,0.0,0.0,0.0,0.0,0.0,0.0,0.0,0.0,0.0,0.0,0.0,0.0,0.0,0.0,0.0,0.0,0.0
5749645,2026-08-22T16:30:00.000Z,1,Serie A,Inter,8636,Monza,6504,1114635,Luis Henrique,Internazionale,8636,False,6.38,15.0,0.01,0.01,0.0,0.0,0.0,0.0,10.0,10.0,0.0,0.0,0.0,0.0,0.0,0.0,0.0,0.0,3.0,0.0,17.0,2.0,0.0,0.0,1.0,0.0,1.0,0.0,0.0,0.0,1.0,0.0,0.0,1.0,0.0,0.0,0.0,1.0,2.0,0.0,0.0,1.0,1.0,0.0,0.0,0.0,0.0,0.0,0.0,0.0,0.0,0.0,0.0,1.0,0.0,0.0,0.0,0.0,0.0,0.0,0.0,0.0,0.0
5749645,2026-08-22T16:30:00.000Z,1,Serie A,Inter,8636,Monza,6504,1123969,Andrea Carboni,Monza,6504,False,5.04,90.0,0.11,0.11,0.0,0.0,0.0,0.0,25.0,33.0,0.0,1.0,0.0,0.0,0.0,0.0,0.0,0.0,3.0,0.0,45.0,3.0,0.0,1.0,0.0,1.0,1.0,0.0,0.0,1.0,1.0,0.0,0.0,0.0,2.0,0.0,0.0,0.0,1.0,1.0,2.0,1.0,2.0,0.0,0.0,0.0,1.0,0.0,0.0,0.0,0.0,0.0,1.0,1.0,0.0,0.0,0.0,0.0,0.0,0.0,0.0,0.0,0.0
5749645,2026-08-22T16:30:00.000Z,1,Serie A,Inter,8636,Monza,6504,1189402,Nicolas Galazzi,Monza,6504,False,6.01,20.0,0.0,0.05,0.0,0.0,0.0,0.0,12.0,15.0,0.0,1.0,0.0,0.0,0.0,0.0,0.0,0.0,2.0,0.0,17.0,0.0,0.0,0.0,0.0,2.0,0.0,0.0,0.0,0.0,0.0,0.0,0.0,1.0,0.0,0.0,0.0,0.0,1.0,0.0,0.0,0.0,1.0,0.05,0.0,1.0,0.0,0.0,1.0,0.0,0.0,1.0,0.0,0.0,0.0,0.05,0.0,0.0,0.0,0.0,0.0,0.0,0.0
5749645,2026-08-22T16:30:00.000Z,1,Serie A,Inter,8636,Monza,6504,1190023,Omari Forson,Monza,6504,False,6.51,20.0,0.01,0.01,0.0,0.0,0.0,0.0,9.0,10.0,1.0,1.0,0.0,0.0,0.0,0.0,0.0,0.0,1.0,0.0,14.0,0.0,0.0,0.0,0.0,1.0,0.0,0.0,0.0,1.0,0.0,1.0,1.0,0.0,0.0,0.0,0.0,1.0,1.0,0.0,0.0,1.0,0.0,0.0,0.0,0.0,0.0,0.0,0.0,0.0,0.0,0.0,0.0,2.0,2.0,0.0,0.0,0.0,0.0,0.0,0.0,0.0,0.0
5749645,2026-08-22T16:30:00.000Z,1,Serie A,Inter,8636,Monza,6504,1199383,Ange-Yoan Bonny,Internazionale,8636,False,6.85,36.0,0.01,0.06999999999999999,0.0,0.0,0.0,0.0,17.0,19.0,0.0,0.0,0.0,0.0,0.0,0.0,0.0,0.0,0.0,1.0,30.0,5.0,1.0,0.0,3.0,0.0,1.0,0.0,0.0,0.0,3.0,0.0,0.0,0.0,0.0,1.0,0.0,4.0,4.0,1.0,1.0,5.0,0.0,0.06,0.0,1.0,0.0,0.0,0.0,1.0,0.0,0.0,0.0,2.0,0.0,0.06,0.0,0.0,0.0,0.0,0.0,0.0,0.0
5749645,2026-08-22T16:30:00.000Z,1,Serie A,Inter,8636,Monza,6504,1254297,Andy Diouf,Internazionale,8636,False,8.49,75.0,0.34,0.34,0.0,0.0,0.0,0.0,33.0,35.0,0.0,0.0,0.0,0.0,0.0,0.0,0.0,0.0,1.0,0.0,41.0,1.0,0.0,1.0,1.0,2.0,0.0,0.0,2.0,3.0,2.0,1.0,2.0,1.0,0.0,0.0,0.0,2.0,5.0,0.0,0.0,2.0,3.0,0.0,0.0,0.0,0.0,0.0,0.0,0.0,0.0,0.0,0.0,0.0,0.0,0.0,0.0,0.0,0.0,0.0,0.0,0.0,0.0
5749645,2026-08-22T16:30:00.000Z,1,Serie A,Inter,8636,Monza,6504,1367618,Francesco Pio Esposito,Internazionale,8636,False,8.58,90.0,0.02,0.6900000000000001,0.0,0.0,0.0,0.0,30.0,43.0,1.0,1.0,0.0,0.0,0.0,0.0,0.0,0.0,3.0,0.0,59.0,1.0,4.0,0.0,1.0,3.0,0.0,1.0,1.0,2.0,7.0,0.0,0.0,1.0,0.0,0.0,0.0,5.0,6.0,1.0,3.0,6.0,3.0,0.67,0.73,5.0,0.0,1.0,2.0,2.0,1.0,3.0,0.0,0.0,0.0,0.67,0.0,0.0,1.0,0.0,0.0,0.0,0.0
5749645,2026-08-22T16:30:00.000Z,1,Serie A,Inter,8636,Monza,6504,1382000,Petar Sucic,Internazionale,8636,False,6.69,36.0,0.12,0.12,0.0,0.0,0.0,0.0,26.0,29.0,1.0,1.0,0.0,0.0,0.0,0.0,0.0,0.0,3.0,0.0,32.0,1.0,1.0,0.0,1.0,4.0,0.0,0.0,0.0,0.0,2.0,0.0,0.0,0.0,0.0,0.0,0.0,2.0,2.0,0.0,1.0,2.0,1.0,0.0,0.0,0.0,0.0,0.0,0.0,0.0,0.0,0.0,0.0,0.0,0.0,0.0,0.0,0.0,0.0,0.0,0.0,0.0,0.0
5749645,2026-08-22T16:30:00.000Z,1,Serie A,Inter,8636,Monza,6504,1410437,Aleksandar Stankovic,Internazionale,8636,False,0.0,7.0,0.0,0.0,0.0,0.0,0.0,0.0,13.0,13.0,1.0,1.0,0.0,0.0,0.0,0.0,0.0,0.0,0.0,2.0,15.0,2.0,0.0,0.0,0.0,0.0,0.0,0.0,0.0,0.0,0.0,0.0,0.0,0.0,0.0,2.0,0.0,0.0,0.0,0.0,0.0,0.0,0.0,0.0,0.0,0.0,0.0,0.0,0.0,0.0,0.0,0.0,0.0,0.0,0.0,0.0,0.0,0.0,0.0,0.0,0.0,0.0,0.0
5749645,2026-08-22T16:30:00.000Z,1,Serie A,Inter,8636,Monza,6504,1425693,Adam Bakoune,Monza,6504,False,6.36,70.0,0.0,0.0,0.0,0.0,0.0,0.0,15.0,21.0,2.0,6.0,0.0,0.0,0.0,0.0,0.0,0.0,11.0,0.0,45.0,5.0,2.0,3.0,1.0,3.0,4.0,0.0,0.0,0.0,0.0,0.0,1.0,1.0,0.0,0.0,1.0,3.0,8.0,0.0,0.0,3.0,5.0,0.0,0.0,0.0,0.0,0.0,0.0,0.0,0.0,0.0,0.0,1.0,0.0,0.0,0.0,0.0,0.0,0.0,0.0,0.0,0.0
5749645,2026-08-22T16:30:00.000Z,1,Serie A,Inter,8636,Monza,6504,1453338,Jay Robinson,Monza,6504,False,0.0,7.0,0.0,0.0,0.0,0.0,0.0,0.0,1.0,1.0,0.0,0.0,0.0,0.0,0.0,0.0,0.0,0.0,1.0,0.0,3.0,1.0,0.0,0.0,1.0,0.0,0.0,0.0,0.0,0.0,0.0,0.0,1.0,0.0,0.0,0.0,0.0,1.0,2.0,0.0,0.0,1.0,1.0,0.0,0.0,0.0,0.0,0.0,0.0,0.0,0.0,0.0,0.0,0.0,0.0,0.0,0.0,0.0,0.0,0.0,0.0,0.0,0.0
5749645,2026-08-22T16:30:00.000Z,1,Serie A,Inter,8636,Monza,6504,1524139,Lorenzo Lucchesi,Monza,6504,False,5.23,88.0,0.0,0.0,0.0,0.0,0.0,0.0,30.0,31.0,1.0,2.0,0.0,0.0,0.0,0.0,0.0,0.0,3.0,4.0,44.0,11.0,0.0,4.0,2.0,2.0,4.0,0.0,0.0,0.0,0.0,0.0,0.0,1.0,1.0,2.0,0.0,2.0,7.0,1.0,2.0,3.0,6.0,0.0,0.0,0.0,0.0,0.0,0.0,0.0,0.0,0.0,0.0,0.0,0.0,0.0,0.0,0.0,0.0,0.0,0.0,0.0,0.0
5749645,2026-08-22T16:30:00.000Z,1,Serie A,Inter,8636,Monza,6504,1577900,Foe Ondoa,Monza,6504,False,6.57,90.0,0.02,0.02,0.0,0.0,0.0,0.0,28.0,31.0,1.0,1.0,0.0,0.0,0.0,0.0,0.0,0.0,7.0,0.0,38.0,2.0,0.0,2.0,0.0,3.0,2.0,0.0,0.0,1.0,0.0,1.0,1.0,0.0,0.0,0.0,0.0,1.0,3.0,1.0,1.0,2.0,2.0,0.0,0.0,0.0,0.0,0.0,0.0,0.0,0.0,0.0,0.0,0.0,0.0,0.0,0.0,0.0,0.0,0.0,0.0,0.0,0.0
5749645,2026-08-22T16:30:00.000Z,1,Serie A,Inter,8636,Monza,6504,1585676,Gustavo Varela,Monza,6504,False,7.0,83.0,0.0,0.62,0.0,0.0,0.0,0.0,10.0,11.0,0.0,0.0,0.0,0.0,0.0,0.0,0.0,0.0,1.0,1.0,23.0,1.0,0.0,1.0,0.0,2.0,0.0,1.0,0.0,0.0,4.0,0.0,1.0,1.0,0.0,0.0,0.0,0.0,3.0,1.0,6.0,1.0,8.0,0.62,0.36,3.0,0.0,1.0,2.0,0.0,1.0,3.0,0.0,0.0,0.0,0.62,0.0,2.0,2.0,0.0,0.0,0.0,0.0
5749645,2026-08-22T16:30:00.000Z,1,Serie A,Inter,8636,Monza,6504,1668173,Solomon Loubao,Monza,6504,False,0.0,0.0,0.0,0.0,0.0,0.0,0.0,0.0,0.0,0.0,0.0,0.0,0.0,0.0,0.0,0.0,0.0,0.0,0.0,0.0,0.0,0.0,0.0,0.0,0.0,0.0,0.0,0.0,0.0,0.0,0.0,0.0,0.0,0.0,0.0,0.0,0.0,0.0,0.0,0.0,0.0,0.0,0.0,0.0,0.0,0.0,0.0,0.0,0.0,0.0,0.0,0.0,0.0,0.0,0.0,0.0,0.0,0.0,0.0,0.0,0.0,0.0,0.0
5749645,2026-08-22T16:30:00.000Z,1,Serie A,Inter,8636,Monza,6504,1676901,Eddy Kouadio,Monza,6504,False,5.72,90.0,0.0,0.0,0.0,0.0,0.0,0.0,23.0,28.0,2.0,6.0,0.0,0.0,0.0,0.0,0.0,0.0,3.0,1.0,43.0,10.0,0.0,2.0,2.0,2.0,7.0,0.0,0.0,0.0,0.0,0.0,0.0,0.0,0.0,0.0,0.0,2.0,4.0,0.0,0.0,2.0,2.0,0.0,0.0,0.0,0.0,0.0,0.0,0.0,0.0,0.0,0.0,0.0,0.0,0.0,0.0,0.0,0.0,0.0,0.0,0.0,0.0
5749645,2026-08-22T16:30:00.000Z,1,Serie A,Inter,8636,Monza,6504,1804416,Aljaz Strajnar,Monza,6504,True,0.0,0.0,0.0,0.0,0.0,0.0,0.0,0.0,0.0,0.0,0.0,0.0,0.0,0.0,0.0,0.0,0.0,0.0,0.0,0.0,0.0,0.0,0.0,0.0,0.0,0.0,0.0,0.0,0.0,0.0,0.0,0.0,0.0,0.0,0.0,0.0,0.0,0.0,0.0,0.0,0.0,0.0,0.0,0.0,0.0,0.0,0.0,0.0,0.0,0.0,0.0,0.0,0.0,0.0,0.0,0.0,0.0,0.0,0.0,0.0,0.0,0.0,0.0
5749645,2026-08-22T16:30:00.000Z,1,Serie A,Inter,8636,Monza,6504,1814609,Jamal Iddrissou,Internazionale,8636,False,0.0,0.0,0.0,0.0,0.0,0.0,0.0,0.0,0.0,0.0,0.0,0.0,0.0,0.0,0.0,0.0,0.0,0.0,0.0,0.0,0.0,0.0,0.0,0.0,0.0,0.0,0.0,0.0,0.0,0.0,0.0,0.0,0.0,0.0,0.0,0.0,0.0,0.0,0.0,0.0,0.0,0.0,0.0,0.0,0.0,0.0,0.0,0.0,0.0,0.0,0.0,0.0,0.0,0.0,0.0,0.0,0.0,0.0,0.0,0.0,0.0,0.0,0.0
5749645,2026-08-22T16:30:00.000Z,1,Serie A,Inter,8636,Monza,6504,1830575,Leonardo Bovio,Internazionale,8636,False,0.0,0.0,0.0,0.0,0.0,0.0,0.0,0.0,0.0,0.0,0.0,0.0,0.0,0.0,0.0,0.0,0.0,0.0,0.0,0.0,0.0,0.0,0.0,0.0,0.0,0.0,0.0,0.0,0.0,0.0,0.0,0.0,0.0,0.0,0.0,0.0,0.0,0.0,0.0,0.0,0.0,0.0,0.0,0.0,0.0,0.0,0.0,0.0,0.0,0.0,0.0,0.0,0.0,0.0,0.0,0.0,0.0,0.0,0.0,0.0,0.0,0.0,0.0
5749645,2026-08-22T16:30:00.000Z,1,Serie A,Inter,8636,Monza,6504,1879542,Mathis Mout,Monza,6504,False,7.39,70.0,0.02,0.07,0.0,0.0,0.0,0.0,25.0,35.0,1.0,7.0,0.0,0.0,0.0,0.0,0.0,0.0,6.0,2.0,45.0,7.0,0.0,0.0,3.0,7.0,2.0,0.0,1.0,1.0,1.0,0.0,0.0,0.0,0.0,0.0,1.0,3.0,4.0,0.0,0.0,3.0,1.0,0.05,0.0,1.0,0.0,0.0,0.0,1.0,0.0,0.0,0.0,0.0,0.0,0.05,0.0,0.0,0.0,0.0,0.0,0.0,0.0
5749645,2026-08-22T16:30:00.000Z,1,Serie A,Inter,8636,Monza,6504,2155256,Aleksandr Ballabio,Monza,6504,True,0.0,0.0,0.0,0.0,0.0,0.0,0.0,0.0,0.0,0.0,0.0,0.0,0.0,0.0,0.0,0.0,0.0,0.0,0.0,0.0,0.0,0.0,0.0,0.0,0.0,0.0,0.0,0.0,0.0,0.0,0.0,0.0,0.0,0.0,0.0,0.0,0.0,0.0,0.0,0.0,0.0,0.0,0.0,0.0,0.0,0.0,0.0,0.0,0.0,0.0,0.0,0.0,0.0,0.0,0.0,0.0,0.0,0.0,0.0,0.0,0.0,0.0,0.0
5749646,2026-08-22T18:45:00.000Z,1,Serie A,Parma,10167,Cagliari,8529,435684,Boris Radunovic,Cagliari,8529,True,0.0,0.0,0.0,0.0,0.0,0.0,0.0,0.0,0.0,0.0,0.0,0.0,0.0,0.0,0.0,0.0,0.0,0.0,0.0,0.0,0.0,0.0,0.0,0.0,0.0,0.0,0.0,0.0,0.0,0.0,0.0,0.0,0.0,0.0,0.0,0.0,0.0,0.0,0.0,0.0,0.0,0.0,0.0,0.0,0.0,0.0,0.0,0.0,0.0,0.0,0.0,0.0,0.0,0.0,0.0,0.0,0.0,0.0,0.0,0.0,0.0,0.0,0.0
5749646,2026-08-22T18:45:00.000Z,1,Serie A,Parma,10167,Cagliari,8529,449283,Alessandro Deiola,Cagliari,8529,False,7.24,90.0,0.01,0.15000000000000002,0.0,0.0,0.0,0.0,48.0,49.0,0.0,1.0,0.0,0.0,0.0,0.0,0.0,0.0,4.0,5.0,61.0,8.0,0.0,1.0,1.0,5.0,1.0,0.0,0.0,0.0,1.0,0.0,0.0,0.0,1.0,2.0,0.0,1.0,2.0,0.0,0.0,1.0,1.0,0.14,0.0,1.0,0.0,0.0,1.0,0.0,0.0,1.0,0.0,0.0,0.0,0.14,0.0,0.0,1.0,0.0,0.0,0.0,0.0
5749646,2026-08-22T18:45:00.000Z,1,Serie A,Parma,10167,Cagliari,8529,496042,Yerry Mina,Cagliari,8529,False,0.0,0.0,0.0,0.0,0.0,0.0,0.0,0.0,0.0,0.0,0.0,0.0,0.0,0.0,0.0,0.0,0.0,0.0,0.0,0.0,0.0,0.0,0.0,0.0,0.0,0.0,0.0,0.0,0.0,0.0,0.0,0.0,0.0,0.0,0.0,0.0,0.0,0.0,0.0,0.0,0.0,0.0,0.0,0.0,0.0,0.0,0.0,0.0,0.0,0.0,0.0,0.0,0.0,0.0,0.0,0.0,0.0,0.0,0.0,0.0,0.0,0.0,0.0
5749646,2026-08-22T18:45:00.000Z,1,Serie A,Parma,10167,Cagliari,8529,528453,Harry Winks,Cagliari,8529,False,7.11,90.0,0.05,0.13,0.0,0.0,0.0,0.0,64.0,69.0,1.0,3.0,0.0,0.0,0.0,0.0,0.0,0.0,4.0,1.0,78.0,3.0,1.0,3.0,0.0,11.0,2.0,0.0,0.0,0.0,0.0,0.0,0.0,1.0,0.0,0.0,2.0,1.0,7.0,1.0,1.0,2.0,6.0,0.08,0.05,2.0,0.0,1.0,1.0,0.0,1.0,2.0,0.0,0.0,0.0,0.08,0.0,0.0,0.0,0.0,0.0,0.0,0.0
5749646,2026-08-22T18:45:00.000Z,1,Serie A,Parma,10167,Cagliari,8529,822589,Pontus Almqvist,Parma,10167,False,5.97,24.0,0.0,0.0,0.0,0.0,0.0,0.0,6.0,8.0,0.0,0.0,0.0,0.0,0.0,0.0,0.0,0.0,0.0,0.0,16.0,1.0,0.0,0.0,1.0,1.0,0.0,0.0,0.0,0.0,2.0,0.0,1.0,0.0,0.0,0.0,1.0,1.0,3.0,0.0,0.0,1.0,2.0,0.0,0.0,0.0,0.0,0.0,0.0,0.0,0.0,0.0,0.0,2.0,0.0,0.0,0.0,0.0,0.0,0.0,0.0,0.0,0.0
5749646,2026-08-22T18:45:00.000Z,1,Serie A,Parma,10167,Cagliari,8529,867789,Emanuele Valeri,Parma,10167,False,7.46,90.0,0.27,0.31,0.0,0.0,0.0,0.0,18.0,23.0,0.0,1.0,0.0,0.0,0.0,0.0,0.0,0.0,4.0,2.0,49.0,6.0,1.0,0.0,3.0,2.0,1.0,0.0,0.0,3.0,2.0,1.0,1.0,0.0,0.0,1.0,0.0,5.0,5.0,0.0,1.0,5.0,1.0,0.04,0.05,2.0,1.0,1.0,1.0,0.0,1.0,2.0,2.0,7.0,2.0,0.04,0.0,0.0,0.0,0.0,0.0,0.0,0.0
5749646,2026-08-22T18:45:00.000Z,1,Serie A,Parma,10167,Cagliari,8529,935380,Enrico Del Prato,Parma,10167,False,6.56,90.0,0.01,0.09999999999999999,0.0,0.0,0.0,0.0,35.0,47.0,0.0,6.0,0.0,0.0,0.0,0.0,0.0,0.0,1.0,1.0,66.0,3.0,0.0,0.0,1.0,9.0,0.0,0.0,0.0,0.0,4.0,0.0,0.0,0.0,1.0,1.0,0.0,1.0,1.0,3.0,3.0,4.0,0.0,0.09,0.0,3.0,0.0,0.0,2.0,1.0,0.0,2.0,0.0,0.0,0.0,0.09,0.0,0.0,0.0,0.0,0.0,0.0,0.0
5749646,2026-08-22T18:45:00.000Z,1,Serie A,Parma,10167,Cagliari,8529,936164,Michel Ndary Adopo,Cagliari,8529,False,8.1,90.0,0.04,0.08,0.0,0.0,0.0,0.0,40.0,44.0,0.0,0.0,0.0,0.0,0.0,0.0,0.0,0.0,6.0,2.0,52.0,2.0,0.0,1.0,0.0,1.0,0.0,0.0,1.0,2.0,1.0,1.0,3.0,1.0,0.0,2.0,0.0,1.0,5.0,2.0,2.0,3.0,4.0,0.04,0.0,1.0,0.0,0.0,0.0,1.0,0.0,0.0,0.0,0.0,0.0,0.04,0.0,0.0,0.0,0.0,0.0,0.0,0.0
5749646,2026-08-22T18:45:00.000Z,1,Serie A,Parma,10167,Cagliari,8529,949731,Gabriele Zappa,Cagliari,8529,False,6.26,24.0,0.04,0.04,0.0,0.0,0.0,0.0,7.0,9.0,0.0,0.0,0.0,0.0,0.0,0.0,0.0,0.0,0.0,0.0,15.0,0.0,0.0,0.0,0.0,0.0,0.0,0.0,0.0,1.0,0.0,0.0,0.0,0.0,0.0,0.0,0.0,0.0,0.0,0.0,0.0,0.0,0.0,0.0,0.0,0.0,0.0,0.0,0.0,0.0,0.0,0.0,1.0,2.0,0.0,0.0,0.0,0.0,0.0,0.0,0.0,0.0,0.0
5749646,2026-08-22T18:45:00.000Z,1,Serie A,Parma,10167,Cagliari,8529,951714,Adrián Bernabé,Parma,10167,False,7.27,66.0,0.03,0.05,0.0,0.0,0.0,0.0,30.0,39.0,3.0,5.0,0.0,0.0,0.0,0.0,0.0,0.0,5.0,0.0,52.0,2.0,3.0,1.0,1.0,9.0,1.0,0.0,0.0,2.0,1.0,2.0,3.0,0.0,0.0,0.0,1.0,6.0,9.0,0.0,1.0,6.0,4.0,0.02,0.0,1.0,0.0,0.0,1.0,0.0,0.0,1.0,0.0,0.0,0.0,0.02,0.0,0.0,0.0,0.0,0.0,0.0,0.0
5749646,2026-08-22T18:45:00.000Z,1,Serie A,Parma,10167,Cagliari,8529,957107,Zé Pedro,Cagliari,8529,False,6.56,66.0,0.09,0.27,0.0,0.0,0.0,0.0,23.0,28.0,2.0,3.0,0.0,0.0,0.0,0.0,0.0,0.0,1.0,1.0,44.0,1.0,0.0,1.0,0.0,3.0,0.0,0.0,0.0,1.0,1.0,0.0,1.0,0.0,0.0,1.0,3.0,0.0,5.0,0.0,0.0,0.0,5.0,0.18,0.0,1.0,0.0,0.0,1.0,0.0,0.0,1.0,1.0,3.0,0.0,0.18,0.0,0.0,1.0,0.0,0.0,0.0,0.0
5749646,2026-08-22T18:45:00.000Z,1,Serie A,Parma,10167,Cagliari,8529,958422,Elia Caprile,Cagliari,8529,True,7.53,90.0,0.0,0.0,2.0,0.0,0.08,0.08,22.0,26.0,5.0,9.0,1.0,0.0,1.0,2.0,8.0,0.0,11.0,3.0,40.0,3.0,0.0,0.0,0.0,1.0,0.0,0.0,0.0,0.0,0.0,0.0,0.0,0.0,0.0,0.0,0.0,0.0,0.0,1.0,1.0,1.0,0.0,0.0,0.0,0.0,0.0,0.0,0.0,0.0,0.0,0.0,0.0,0.0,0.0,0.0,0.0,0.0,0.0,0.0,0.0,0.0,0.0
5749646,2026-08-22T18:45:00.000Z,1,Serie A,Parma,10167,Cagliari,8529,968029,Lautaro Valenti,Parma,10167,False,0.0,0.0,0.0,0.0,0.0,0.0,0.0,0.0,0.0,0.0,0.0,0.0,0.0,0.0,0.0,0.0,0.0,0.0,0.0,0.0,0.0,0.0,0.0,0.0,0.0,0.0,0.0,0.0,0.0,0.0,0.0,0.0,0.0,0.0,0.0,0.0,0.0,0.0,0.0,0.0,0.0,0.0,0.0,0.0,0.0,0.0,0.0,0.0,0.0,0.0,0.0,0.0,0.0,0.0,0.0,0.0,0.0,0.0,0.0,0.0,0.0,0.0,0.0
5749646,2026-08-22T18:45:00.000Z,1,Serie A,Parma,10167,Cagliari,8529,1021302,Mattia Felici,Cagliari,8529,False,5.83,24.0,0.01,0.01,0.0,0.0,0.0,0.0,4.0,6.0,0.0,0.0,0.0,0.0,0.0,0.0,0.0,0.0,0.0,0.0,12.0,0.0,0.0,1.0,0.0,0.0,0.0,0.0,0.0,0.0,0.0,1.0,2.0,2.0,0.0,0.0,0.0,1.0,5.0,0.0,0.0,1.0,4.0,0.0,0.0,0.0,0.0,0.0,0.0,0.0,0.0,0.0,0.0,1.0,1.0,0.0,0.0,0.0,0.0,0.0,0.0,0.0,0.0
5749646,2026-08-22T18:45:00.000Z,1,Serie A,Parma,10167,Cagliari,8529,1030646,Gennaro Borrelli,Cagliari,8529,False,6.56,24.0,0.0,0.03,0.0,0.0,0.0,0.0,2.0,4.0,0.0,0.0,0.0,0.0,0.0,0.0,0.0,0.0,1.0,0.0,17.0,2.0,1.0,1.0,2.0,1.0,0.0,0.0,0.0,0.0,2.0,2.0,3.0,2.0,0.0,0.0,0.0,5.0,9.0,3.0,5.0,8.0,6.0,0.03,0.0,1.0,0.0,0.0,1.0,0.0,0.0,1.0,0.0,0.0,0.0,0.03,0.0,0.0,0.0,0.0,0.0,0.0,0.0
5749646,2026-08-22T18:45:00.000Z,1,Serie A,Parma,10167,Cagliari,8529,1053676,Abdoulaye Ndiaye,Parma,10167,False,6.44,90.0,0.0,0.1,0.0,0.0,0.0,0.0,54.0,60.0,1.0,4.0,0.0,0.0,0.0,0.0,0.0,0.0,2.0,4.0,73.0,7.0,2.0,3.0,3.0,3.0,0.0,0.0,0.0,0.0,1.0,1.0,1.0,2.0,0.0,2.0,0.0,6.0,10.0,0.0,0.0,6.0,4.0,0.1,0.0,1.0,0.0,0.0,1.0,0.0,0.0,1.0,0.0,0.0,0.0,0.1,0.0,0.0,1.0,0.0,0.0,0.0,0.0
5749646,2026-08-22T18:45:00.000Z,1,Serie A,Parma,10167,Cagliari,8529,1054114,El Bilal Touré,Parma,10167,False,6.15,90.0,0.01,0.06999999999999999,0.0,0.0,0.0,0.0,10.0,14.0,0.0,0.0,0.0,0.0,0.0,0.0,0.0,0.0,3.0,0.0,20.0,0.0,1.0,0.0,0.0,1.0,0.0,0.0,0.0,0.0,0.0,1.0,1.0,1.0,0.0,0.0,0.0,2.0,3.0,1.0,6.0,3.0,6.0,0.06,0.03,1.0,0.0,1.0,0.0,0.0,1.0,1.0,0.0,1.0,0.0,0.06,0.0,0.0,0.0,0.0,0.0,0.0,0.0
5749646,2026-08-22T18:45:00.000Z,1,Serie A,Parma,10167,Cagliari,8529,1072054,Daniel Maldini,Cagliari,8529,False,7.62,87.0,0.1,0.13,0.0,0.0,0.0,0.0,34.0,40.0,0.0,1.0,0.0,0.0,0.0,0.0,0.0,0.0,3.0,0.0,55.0,2.0,0.0,3.0,1.0,6.0,1.0,0.0,0.0,3.0,5.0,2.0,4.0,0.0,0.0,0.0,2.0,3.0,10.0,0.0,0.0,3.0,7.0,0.03,0.0,1.0,0.0,0.0,1.0,0.0,0.0,1.0,1.0,1.0,0.0,0.03,0.0,0.0,0.0,0.0,0.0,0.0,0.0
5749646,2026-08-22T18:45:00.000Z,1,Serie A,Parma,10167,Cagliari,8529,1097009,Oliver Sørensen,Parma,10167,False,0.0,0.0,0.0,0.0,0.0,0.0,0.0,0.0,0.0,0.0,0.0,0.0,0.0,0.0,0.0,0.0,0.0,0.0,0.0,0.0,0.0,0.0,0.0,0.0,0.0,0.0,0.0,0.0,0.0,0.0,0.0,0.0,0.0,0.0,0.0,0.0,0.0,0.0,0.0,0.0,0.0,0.0,0.0,0.0,0.0,0.0,0.0,0.0,0.0,0.0,0.0,0.0,0.0,0.0,0.0,0.0,0.0,0.0,0.0,0.0,0.0,0.0,0.0
5749646,2026-08-22T18:45:00.000Z,1,Serie A,Parma,10167,Cagliari,8529,1117310,Edoardo Corvi,Parma,10167,True,6.45,90.0,0.01,0.01,4.0,1.0,0.56,-0.44,30.0,32.0,3.0,5.0,1.0,2.0,1.0,0.0,9.0,0.0,13.0,0.0,45.0,0.0,0.0,0.0,0.0,2.0,0.0,0.0,0.0,0.0,0.0,0.0,0.0,0.0,0.0,0.0,0.0,0.0,0.0,0.0,0.0,0.0,0.0,0.0,0.0,0.0,0.0,0.0,0.0,0.0,0.0,0.0,0.0,0.0,0.0,0.0,0.0,0.0,0.0,0.0,0.0,0.0,0.0
5749646,2026-08-22T18:45:00.000Z,1,Serie A,Parma,10167,Cagliari,8529,1159233,Alieu Fadera,Cagliari,8529,False,0.0,0.0,0.0,0.0,0.0,0.0,0.0,0.0,0.0,0.0,0.0,0.0,0.0,0.0,0.0,0.0,0.0,0.0,0.0,0.0,0.0,0.0,0.0,0.0,0.0,0.0,0.0,0.0,0.0,0.0,0.0,0.0,0.0,0.0,0.0,0.0,0.0,0.0,0.0,0.0,0.0,0.0,0.0,0.0,0.0,0.0,0.0,0.0,0.0,0.0,0.0,0.0,0.0,0.0,0.0,0.0,0.0,0.0,0.0,0.0,0.0,0.0,0.0
5749646,2026-08-22T18:45:00.000Z,1,Serie A,Parma,10167,Cagliari,8529,1165232,Giuseppe Aurelio,Cagliari,8529,False,0.0,3.0,0.0,0.0,0.0,0.0,0.0,0.0,0.0,0.0,0.0,0.0,0.0,0.0,0.0,0.0,0.0,0.0,0.0,1.0,4.0,1.0,0.0,1.0,0.0,1.0,0.0,0.0,0.0,0.0,0.0,0.0,0.0,0.0,0.0,1.0,0.0,0.0,1.0,0.0,0.0,0.0,1.0,0.0,0.0,0.0,0.0,0.0,0.0,0.0,0.0,0.0,0.0,0.0,0.0,0.0,0.0,0.0,0.0,0.0,0.0,0.0,0.0
5749646,2026-08-22T18:45:00.000Z,1,Serie A,Parma,10167,Cagliari,8529,1166344,Kevin Carlos,Cagliari,8529,False,0.0,0.0,0.0,0.0,0.0,0.0,0.0,0.0,0.0,0.0,0.0,0.0,0.0,0.0,0.0,0.0,0.0,0.0,0.0,0.0,0.0,0.0,0.0,0.0,0.0,0.0,0.0,0.0,0.0,0.0,0.0,0.0,0.0,0.0,0.0,0.0,0.0,0.0,0.0,0.0,0.0,0.0,0.0,0.0,0.0,0.0,0.0,0.0,0.0,0.0,0.0,0.0,0.0,0.0,0.0,0.0,0.0,0.0,0.0,0.0,0.0,0.0,0.0
5749646,2026-08-22T18:45:00.000Z,1,Serie A,Parma,10167,Cagliari,8529,1178779,Alen Sherri,Cagliari,8529,True,0.0,0.0,0.0,0.0,0.0,0.0,0.0,0.0,0.0,0.0,0.0,0.0,0.0,0.0,0.0,0.0,0.0,0.0,0.0,0.0,0.0,0.0,0.0,0.0,0.0,0.0,0.0,0.0,0.0,0.0,0.0,0.0,0.0,0.0,0.0,0.0,0.0,0.0,0.0,0.0,0.0,0.0,0.0,0.0,0.0,0.0,0.0,0.0,0.0,0.0,0.0,0.0,0.0,0.0,0.0,0.0,0.0,0.0,0.0,0.0,0.0,0.0,0.0
5749646,2026-08-22T18:45:00.000Z,1,Serie A,Parma,10167,Cagliari,8529,1190371,Matija Frigan,Parma,10167,False,0.0,0.0,0.0,0.0,0.0,0.0,0.0,0.0,0.0,0.0,0.0,0.0,0.0,0.0,0.0,0.0,0.0,0.0,0.0,0.0,0.0,0.0,0.0,0.0,0.0,0.0,0.0,0.0,0.0,0.0,0.0,0.0,0.0,0.0,0.0,0.0,0.0,0.0,0.0,0.0,0.0,0.0,0.0,0.0,0.0,0.0,0.0,0.0,0.0,0.0,0.0,0.0,0.0,0.0,0.0,0.0,0.0,0.0,0.0,0.0,0.0,0.0,0.0
5749646,2026-08-22T18:45:00.000Z,1,Serie A,Parma,10167,Cagliari,8529,1199360,Franco Carboni,Parma,10167,False,0.0,0.0,0.0,0.0,0.0,0.0,0.0,0.0,0.0,0.0,0.0,0.0,0.0,0.0,0.0,0.0,0.0,0.0,0.0,0.0,0.0,0.0,0.0,0.0,0.0,0.0,0.0,0.0,0.0,0.0,0.0,0.0,0.0,0.0,0.0,0.0,0.0,0.0,0.0,0.0,0.0,0.0,0.0,0.0,0.0,0.0,0.0,0.0,0.0,0.0,0.0,0.0,0.0,0.0,0.0,0.0,0.0,0.0,0.0,0.0,0.0,0.0,0.0
5749646,2026-08-22T18:45:00.000Z,1,Serie A,Parma,10167,Cagliari,8529,1233748,David Romero,Parma,10167,False,0.0,0.0,0.0,0.0,0.0,0.0,0.0,0.0,0.0,0.0,0.0,0.0,0.0,0.0,0.0,0.0,0.0,0.0,0.0,0.0,0.0,0.0,0.0,0.0,0.0,0.0,0.0,0.0,0.0,0.0,0.0,0.0,0.0,0.0,0.0,0.0,0.0,0.0,0.0,0.0,0.0,0.0,0.0,0.0,0.0,0.0,0.0,0.0,0.0,0.0,0.0,0.0,0.0,0.0,0.0,0.0,0.0,0.0,0.0,0.0,0.0,0.0,0.0
5749646,2026-08-22T18:45:00.000Z,1,Serie A,Parma,10167,Cagliari,8529,1239749,Mandela Keita,Parma,10167,False,6.56,75.0,0.15,0.15,0.0,0.0,0.0,0.0,21.0,24.0,0.0,0.0,0.0,0.0,0.0,0.0,0.0,0.0,1.0,0.0,33.0,1.0,2.0,0.0,0.0,3.0,1.0,0.0,0.0,1.0,1.0,1.0,1.0,1.0,0.0,0.0,0.0,3.0,4.0,0.0,0.0,3.0,1.0,0.0,0.0,0.0,0.0,0.0,0.0,0.0,0.0,0.0,0.0,0.0,0.0,0.0,0.0,0.0,0.0,0.0,0.0,0.0,0.0
5749646,2026-08-22T18:45:00.000Z,1,Serie A,Parma,10167,Cagliari,8529,1289961,Adam Obert,Cagliari,8529,False,7.9,87.0,0.12,0.12,0.0,0.0,0.0,0.0,40.0,43.0,1.0,1.0,0.0,0.0,0.0,0.0,0.0,0.0,5.0,1.0,61.0,5.0,0.0,0.0,2.0,1.0,2.0,0.0,0.0,2.0,2.0,1.0,2.0,0.0,0.0,0.0,0.0,3.0,4.0,0.0,0.0,3.0,1.0,0.0,0.0,0.0,0.0,0.0,0.0,0.0,0.0,0.0,1.0,5.0,0.0,0.0,0.0,0.0,0.0,0.0,0.0,0.0,0.0
5749646,2026-08-22T18:45:00.000Z,1,Serie A,Parma,10167,Cagliari,8529,1290613,Nicolò Cavuoti,Cagliari,8529,False,0.0,0.0,0.0,0.0,0.0,0.0,0.0,0.0,0.0,0.0,0.0,0.0,0.0,0.0,0.0,0.0,0.0,0.0,0.0,0.0,0.0,0.0,0.0,0.0,0.0,0.0,0.0,0.0,0.0,0.0,0.0,0.0,0.0,0.0,0.0,0.0,0.0,0.0,0.0,0.0,0.0,0.0,0.0,0.0,0.0,0.0,0.0,0.0,0.0,0.0,0.0,0.0,0.0,0.0,0.0,0.0,0.0,0.0,0.0,0.0,0.0,0.0,0.0
5749646,2026-08-22T18:45:00.000Z,1,Serie A,Parma,10167,Cagliari,8529,1305226,Ivan Sulev,Cagliari,8529,False,0.0,0.0,0.0,0.0,0.0,0.0,0.0,0.0,0.0,0.0,0.0,0.0,0.0,0.0,0.0,0.0,0.0,0.0,0.0,0.0,0.0,0.0,0.0,0.0,0.0,0.0,0.0,0.0,0.0,0.0,0.0,0.0,0.0,0.0,0.0,0.0,0.0,0.0,0.0,0.0,0.0,0.0,0.0,0.0,0.0,0.0,0.0,0.0,0.0,0.0,0.0,0.0,0.0,0.0,0.0,0.0,0.0,0.0,0.0,0.0,0.0,0.0,0.0
5749646,2026-08-22T18:45:00.000Z,1,Serie A,Parma,10167,Cagliari,8529,1329487,Jacopo Fazzini,Cagliari,8529,False,6.89,66.0,0.1,0.14,0.0,0.0,0.0,0.0,26.0,31.0,0.0,1.0,0.0,0.0,0.0,0.0,0.0,0.0,7.0,1.0,48.0,4.0,1.0,2.0,0.0,2.0,3.0,0.0,0.0,1.0,3.0,3.0,3.0,4.0,0.0,0.0,1.0,4.0,11.0,0.0,0.0,4.0,7.0,0.04,0.18,1.0,1.0,1.0,0.0,0.0,1.0,1.0,1.0,3.0,1.0,0.04,0.0,0.0,0.0,0.0,0.0,0.0,0.0
5749646,2026-08-22T18:45:00.000Z,1,Serie A,Parma,10167,Cagliari,8529,1354177,Benjamín Cremaschi,Parma,10167,False,0.0,5.0,0.0,0.0,0.0,0.0,0.0,0.0,3.0,3.0,1.0,1.0,0.0,0.0,0.0,0.0,0.0,0.0,0.0,0.0,6.0,1.0,1.0,0.0,1.0,0.0,0.0,0.0,0.0,0.0,0.0,0.0,0.0,0.0,0.0,0.0,1.0,2.0,3.0,1.0,3.0,3.0,3.0,0.0,0.0,0.0,0.0,0.0,0.0,0.0,0.0,0.0,0.0,1.0,0.0,0.0,0.0,0.0,0.0,0.0,0.0,0.0,0.0
5749646,2026-08-22T18:45:00.000Z,1,Serie A,Parma,10167,Cagliari,8529,1393542,Christian Ordóñez,Parma,10167,False,7.4,90.0,0.07,0.17,0.0,0.0,0.0,0.0,41.0,47.0,1.0,1.0,0.0,0.0,0.0,0.0,0.0,0.0,3.0,1.0,66.0,7.0,5.0,0.0,6.0,5.0,0.0,0.0,0.0,2.0,1.0,0.0,0.0,1.0,0.0,1.0,0.0,11.0,12.0,0.0,0.0,11.0,1.0,0.1,0.0,2.0,0.0,0.0,2.0,0.0,0.0,2.0,0.0,0.0,0.0,0.1,0.0,0.0,0.0,0.0,0.0,0.0,0.0
5749646,2026-08-22T18:45:00.000Z,1,Serie A,Parma,10167,Cagliari,8529,1396084,Raphael Kofler,Cagliari,8529,False,0.0,0.0,0.0,0.0,0.0,0.0,0.0,0.0,0.0,0.0,0.0,0.0,0.0,0.0,0.0,0.0,0.0,0.0,0.0,0.0,0.0,0.0,0.0,0.0,0.0,0.0,0.0,0.0,0.0,0.0,0.0,0.0,0.0,0.0,0.0,0.0,0.0,0.0,0.0,0.0,0.0,0.0,0.0,0.0,0.0,0.0,0.0,0.0,0.0,0.0,0.0,0.0,0.0,0.0,0.0,0.0,0.0,0.0,0.0,0.0,0.0,0.0,0.0
5749646,2026-08-22T18:45:00.000Z,1,Serie A,Parma,10167,Cagliari,8529,1396089,Matteo Prati,Cagliari,8529,False,0.0,0.0,0.0,0.0,0.0,0.0,0.0,0.0,0.0,0.0,0.0,0.0,0.0,0.0,0.0,0.0,0.0,0.0,0.0,0.0,0.0,0.0,0.0,0.0,0.0,0.0,0.0,0.0,0.0,0.0,0.0,0.0,0.0,0.0,0.0,0.0,0.0,0.0,0.0,0.0,0.0,0.0,0.0,0.0,0.0,0.0,0.0,0.0,0.0,0.0,0.0,0.0,0.0,0.0,0.0,0.0,0.0,0.0,0.0,0.0,0.0,0.0,0.0
5749646,2026-08-22T18:45:00.000Z,1,Serie A,Parma,10167,Cagliari,8529,1439776,Rachid Kouda,Parma,10167,False,5.19,15.0,0.03,0.03,0.0,0.0,0.0,0.0,3.0,7.0,0.0,2.0,0.0,0.0,0.0,0.0,0.0,0.0,1.0,0.0,15.0,2.0,0.0,1.0,2.0,3.0,0.0,0.0,0.0,1.0,0.0,0.0,1.0,0.0,0.0,0.0,2.0,2.0,6.0,1.0,2.0,3.0,5.0,0.0,0.0,0.0,0.0,0.0,0.0,0.0,0.0,0.0,1.0,2.0,0.0,0.0,1.0,0.0,0.0,0.0,0.0,0.0,0.0
5749646,2026-08-22T18:45:00.000Z,1,Serie A,Parma,10167,Cagliari,8529,1460253,Nesta Elphege,Parma,10167,False,0.0,6.0,0.0,0.24,0.0,0.0,0.0,0.0,1.0,1.0,0.0,0.0,0.0,0.0,0.0,0.0,0.0,0.0,0.0,0.0,3.0,0.0,0.0,0.0,0.0,0.0,0.0,0.0,0.0,0.0,1.0,0.0,0.0,0.0,0.0,0.0,0.0,0.0,0.0,0.0,0.0,0.0,0.0,0.24,0.0,1.0,0.0,0.0,1.0,0.0,0.0,1.0,0.0,0.0,0.0,0.24,0.0,0.0,1.0,0.0,0.0,0.0,0.0
5749646,2026-08-22T18:45:00.000Z,1,Serie A,Parma,10167,Cagliari,8529,1498718,Kingstone Mutandwa,Cagliari,8529,False,0.0,3.0,0.0,0.0,0.0,0.0,0.0,0.0,0.0,0.0,0.0,0.0,0.0,0.0,0.0,0.0,0.0,0.0,0.0,0.0,3.0,0.0,0.0,2.0,0.0,0.0,0.0,0.0,0.0,0.0,0.0,0.0,1.0,0.0,0.0,0.0,1.0,0.0,4.0,0.0,2.0,0.0,6.0,0.0,0.0,0.0,0.0,0.0,0.0,0.0,0.0,0.0,0.0,0.0,0.0,0.0,0.0,0.0,0.0,0.0,0.0,0.0,0.0
5749646,2026-08-22T18:45:00.000Z,1,Serie A,Parma,10167,Cagliari,8529,1519035,Giovanni Daffara,Parma,10167,True,0.0,0.0,0.0,0.0,0.0,0.0,0.0,0.0,0.0,0.0,0.0,0.0,0.0,0.0,0.0,0.0,0.0,0.0,0.0,0.0,0.0,0.0,0.0,0.0,0.0,0.0,0.0,0.0,0.0,0.0,0.0,0.0,0.0,0.0,0.0,0.0,0.0,0.0,0.0,0.0,0.0,0.0,0.0,0.0,0.0,0.0,0.0,0.0,0.0,0.0,0.0,0.0,0.0,0.0,0.0,0.0,0.0,0.0,0.0,0.0,0.0,0.0,0.0
5749646,2026-08-22T18:45:00.000Z,1,Serie A,Parma,10167,Cagliari,8529,1520184,Mariano Troilo,Parma,10167,False,6.88,85.0,0.04,0.04,0.0,0.0,0.0,0.0,72.0,78.0,3.0,8.0,0.0,0.0,0.0,0.0,0.0,0.0,6.0,4.0,89.0,9.0,1.0,0.0,2.0,3.0,1.0,0.0,0.0,1.0,1.0,0.0,0.0,0.0,2.0,0.0,2.0,3.0,5.0,0.0,3.0,3.0,5.0,0.0,0.0,0.0,0.0,0.0,0.0,0.0,0.0,0.0,0.0,0.0,0.0,0.0,0.0,0.0,0.0,0.0,0.0,0.0,0.0
5749646,2026-08-22T18:45:00.000Z,1,Serie A,Parma,10167,Cagliari,8529,1621219,Juan Rodríguez,Cagliari,8529,False,7.71,90.0,0.01,0.01,0.0,0.0,0.0,0.0,71.0,76.0,0.0,3.0,0.0,0.0,0.0,0.0,0.0,0.0,3.0,7.0,92.0,12.0,0.0,2.0,1.0,3.0,4.0,0.0,0.0,0.0,0.0,0.0,0.0,0.0,0.0,3.0,0.0,1.0,3.0,3.0,4.0,4.0,3.0,0.0,0.0,0.0,0.0,0.0,0.0,0.0,0.0,0.0,0.0,0.0,0.0,0.0,0.0,0.0,0.0,0.0,0.0,0.0,0.0
5749646,2026-08-22T18:45:00.000Z,1,Serie A,Parma,10167,Cagliari,8529,1684415,Ousmane Diallo,Parma,10167,False,5.97,15.0,0.0,0.0,0.0,0.0,0.0,0.0,0.0,0.0,0.0,0.0,0.0,0.0,0.0,0.0,0.0,0.0,0.0,0.0,2.0,0.0,0.0,0.0,0.0,0.0,0.0,0.0,0.0,0.0,0.0,0.0,0.0,0.0,0.0,0.0,0.0,0.0,0.0,0.0,0.0,0.0,0.0,0.0,0.0,0.0,0.0,0.0,0.0,0.0,0.0,0.0,0.0,1.0,0.0,0.0,0.0,1.0,0.0,0.0,0.0,0.0,0.0
5749646,2026-08-22T18:45:00.000Z,1,Serie A,Parma,10167,Cagliari,8529,1705649,Alessandro Romano,Cagliari,8529,False,8.45,90.0,0.15,0.28,0.0,0.0,0.0,0.0,55.0,61.0,3.0,5.0,0.0,0.0,0.0,0.0,0.0,0.0,2.0,2.0,78.0,7.0,1.0,1.0,4.0,14.0,1.0,1.0,0.0,1.0,1.0,1.0,3.0,1.0,0.0,1.0,0.0,6.0,10.0,0.0,1.0,6.0,5.0,0.13,0.14,2.0,1.0,2.0,0.0,0.0,2.0,2.0,0.0,1.0,0.0,0.13,0.0,0.0,0.0,0.0,0.0,0.0,0.0
5749646,2026-08-22T18:45:00.000Z,1,Serie A,Parma,10167,Cagliari,8529,1797278,Thomás de Martis,Parma,10167,False,0.0,0.0,0.0,0.0,0.0,0.0,0.0,0.0,0.0,0.0,0.0,0.0,0.0,0.0,0.0,0.0,0.0,0.0,0.0,0.0,0.0,0.0,0.0,0.0,0.0,0.0,0.0,0.0,0.0,0.0,0.0,0.0,0.0,0.0,0.0,0.0,0.0,0.0,0.0,0.0,0.0,0.0,0.0,0.0,0.0,0.0,0.0,0.0,0.0,0.0,0.0,0.0,0.0,0.0,0.0,0.0,0.0,0.0,0.0,0.0,0.0,0.0,0.0
5749646,2026-08-22T18:45:00.000Z,1,Serie A,Parma,10167,Cagliari,8529,1807301,Joseph Liteta,Cagliari,8529,False,0.0,0.0,0.0,0.0,0.0,0.0,0.0,0.0,0.0,0.0,0.0,0.0,0.0,0.0,0.0,0.0,0.0,0.0,0.0,0.0,0.0,0.0,0.0,0.0,0.0,0.0,0.0,0.0,0.0,0.0,0.0,0.0,0.0,0.0,0.0,0.0,0.0,0.0,0.0,0.0,0.0,0.0,0.0,0.0,0.0,0.0,0.0,0.0,0.0,0.0,0.0,0.0,0.0,0.0,0.0,0.0,0.0,0.0,0.0,0.0,0.0,0.0,0.0
5749646,2026-08-22T18:45:00.000Z,1,Serie A,Parma,10167,Cagliari,8529,1843609,Simone Lontani,Parma,10167,False,6.59,75.0,0.08,0.16999999999999998,0.0,0.0,0.0,0.0,18.0,23.0,3.0,5.0,0.0,0.0,0.0,0.0,0.0,0.0,2.0,0.0,41.0,1.0,2.0,0.0,1.0,4.0,0.0,0.0,0.0,1.0,4.0,2.0,5.0,0.0,0.0,0.0,2.0,5.0,10.0,0.0,0.0,5.0,5.0,0.09,0.0,1.0,1.0,0.0,1.0,0.0,0.0,1.0,1.0,2.0,1.0,0.09,0.0,0.0,0.0,0.0,0.0,0.0,0.0
5749646,2026-08-22T18:45:00.000Z,1,Serie A,Parma,10167,Cagliari,8529,1844134,Abdou-Salam Konate,Parma,10167,False,6.98,84.0,0.0,0.02,0.0,0.0,0.0,0.0,31.0,37.0,1.0,1.0,0.0,0.0,0.0,0.0,0.0,0.0,6.0,1.0,53.0,5.0,2.0,1.0,2.0,2.0,2.0,0.0,0.0,0.0,0.0,1.0,1.0,1.0,0.0,0.0,2.0,5.0,9.0,1.0,1.0,6.0,4.0,0.02,0.0,1.0,0.0,0.0,1.0,0.0,0.0,1.0,0.0,0.0,0.0,0.02,0.0,0.0,0.0,0.0,0.0,0.0,0.0
5749646,2026-08-22T18:45:00.000Z,1,Serie A,Parma,10167,Cagliari,8529,1891769,Dominik Drobnic,Parma,10167,False,0.0,0.0,0.0,0.0,0.0,0.0,0.0,0.0,0.0,0.0,0.0,0.0,0.0,0.0,0.0,0.0,0.0,0.0,0.0,0.0,0.0,0.0,0.0,0.0,0.0,0.0,0.0,0.0,0.0,0.0,0.0,0.0,0.0,0.0,0.0,0.0,0.0,0.0,0.0,0.0,0.0,0.0,0.0,0.0,0.0,0.0,0.0,0.0,0.0,0.0,0.0,0.0,0.0,0.0,0.0,0.0,0.0,0.0,0.0,0.0,0.0,0.0,0.0
5749646,2026-08-22T18:45:00.000Z,1,Serie A,Parma,10167,Cagliari,8529,1902196,Paul Mendy,Cagliari,8529,False,6.76,66.0,0.02,0.28,0.0,0.0,0.0,0.0,9.0,11.0,0.0,0.0,0.0,0.0,0.0,0.0,0.0,0.0,2.0,0.0,26.0,1.0,1.0,1.0,1.0,0.0,0.0,0.0,0.0,1.0,6.0,0.0,0.0,1.0,0.0,0.0,0.0,2.0,4.0,3.0,4.0,5.0,3.0,0.26,0.19,4.0,0.0,1.0,1.0,2.0,1.0,2.0,0.0,0.0,0.0,0.26,0.0,0.0,0.0,0.0,0.0,0.0,0.0
5749646,2026-08-22T18:45:00.000Z,1,Serie A,Parma,10167,Cagliari,8529,1997571,Alessandro Mazzocchi,Parma,10167,True,0.0,0.0,0.0,0.0,0.0,0.0,0.0,0.0,0.0,0.0,0.0,0.0,0.0,0.0,0.0,0.0,0.0,0.0,0.0,0.0,0.0,0.0,0.0,0.0,0.0,0.0,0.0,0.0,0.0,0.0,0.0,0.0,0.0,0.0,0.0,0.0,0.0,0.0,0.0,0.0,0.0,0.0,0.0,0.0,0.0,0.0,0.0,0.0,0.0,0.0,0.0,0.0,0.0,0.0,0.0,0.0,0.0,0.0,0.0,0.0,0.0,0.0,0.0
5749647,2026-08-23T18:45:00.000Z,1,Serie A,Torino,9804,Milan,8564,31097,Luka Modric,Milan,8564,False,6.57,34.0,0.11,0.11,0.0,0.0,0.0,0.0,18.0,19.0,4.0,5.0,0.0,0.0,0.0,0.0,0.0,0.0,2.0,1.0,23.0,1.0,0.0,0.0,0.0,1.0,0.0,0.0,0.0,1.0,0.0,0.0,0.0,0.0,0.0,1.0,0.0,0.0,0.0,0.0,0.0,0.0,0.0,0.0,0.0,0.0,0.0,0.0,0.0,0.0,0.0,0.0,1.0,2.0,2.0,0.0,0.0,0.0,0.0,0.0,0.0,0.0,0.0
5749647,2026-08-23T18:45:00.000Z,1,Serie A,Torino,9804,Milan,8564,116555,Duván Zapata,Torino,9804,False,0.0,0.0,0.0,0.0,0.0,0.0,0.0,0.0,0.0,0.0,0.0,0.0,0.0,0.0,0.0,0.0,0.0,0.0,0.0,0.0,0.0,0.0,0.0,0.0,0.0,0.0,0.0,0.0,0.0,0.0,0.0,0.0,0.0,0.0,0.0,0.0,0.0,0.0,0.0,0.0,0.0,0.0,0.0,0.0,0.0,0.0,0.0,0.0,0.0,0.0,0.0,0.0,0.0,0.0,0.0,0.0,0.0,0.0,0.0,0.0,0.0,0.0,0.0
5749647,2026-08-23T18:45:00.000Z,1,Serie A,Torino,9804,Milan,8564,239350,Cristiano Biraghi,Torino,9804,False,0.0,0.0,0.0,0.0,0.0,0.0,0.0,0.0,0.0,0.0,0.0,0.0,0.0,0.0,0.0,0.0,0.0,0.0,0.0,0.0,0.0,0.0,0.0,0.0,0.0,0.0,0.0,0.0,0.0,0.0,0.0,0.0,0.0,0.0,0.0,0.0,0.0,0.0,0.0,0.0,0.0,0.0,0.0,0.0,0.0,0.0,0.0,0.0,0.0,0.0,0.0,0.0,0.0,0.0,0.0,0.0,0.0,0.0,0.0,0.0,0.0,0.0,0.0
5749647,2026-08-23T18:45:00.000Z,1,Serie A,Torino,9804,Milan,8564,352879,Adrien Rabiot,Milan,8564,False,7.96,34.0,0.02,0.42000000000000004,0.0,0.0,0.0,0.0,8.0,12.0,0.0,0.0,0.0,0.0,0.0,0.0,0.0,0.0,1.0,1.0,20.0,1.0,1.0,1.0,0.0,1.0,0.0,1.0,1.0,1.0,1.0,0.0,1.0,1.0,0.0,1.0,1.0,1.0,4.0,1.0,1.0,2.0,3.0,0.4,0.81,1.0,0.0,1.0,0.0,0.0,1.0,1.0,1.0,1.0,0.0,0.4,0.0,0.0,0.0,0.0,0.0,0.0,0.0
5749647,2026-08-23T18:45:00.000Z,1,Serie A,Torino,9804,Milan,8564,415137,Alberto Paleari,Torino,9804,True,0.0,0.0,0.0,0.0,0.0,0.0,0.0,0.0,0.0,0.0,0.0,0.0,0.0,0.0,0.0,0.0,0.0,0.0,0.0,0.0,0.0,0.0,0.0,0.0,0.0,0.0,0.0,0.0,0.0,0.0,0.0,0.0,0.0,0.0,0.0,0.0,0.0,0.0,0.0,0.0,0.0,0.0,0.0,0.0,0.0,0.0,0.0,0.0,0.0,0.0,0.0,0.0,0.0,0.0,0.0,0.0,0.0,0.0,0.0,0.0,0.0,0.0,0.0
5749647,2026-08-23T18:45:00.000Z,1,Serie A,Torino,9804,Milan,8564,466439,Mike Maignan,Milan,8564,True,6.41,90.0,0.0,0.0,0.0,1.0,0.89,-0.11,24.0,33.0,3.0,12.0,0.0,0.0,0.0,0.0,2.0,1.0,4.0,0.0,37.0,0.0,1.0,0.0,0.0,1.0,0.0,0.0,0.0,0.0,0.0,0.0,0.0,0.0,0.0,0.0,0.0,1.0,1.0,0.0,0.0,1.0,0.0,0.0,0.0,0.0,0.0,0.0,0.0,0.0,0.0,0.0,0.0,0.0,0.0,0.0,0.0,0.0,0.0,0.0,0.0,0.0,0.0
5749647,2026-08-23T18:45:00.000Z,1,Serie A,Torino,9804,Milan,8564,469615,Giovanni Simeone,Torino,9804,False,5.78,70.0,0.0,0.21,0.0,0.0,0.0,0.0,10.0,13.0,0.0,0.0,0.0,0.0,0.0,0.0,0.0,0.0,1.0,0.0,21.0,0.0,1.0,0.0,0.0,1.0,0.0,0.0,0.0,0.0,3.0,0.0,1.0,2.0,0.0,0.0,0.0,1.0,4.0,0.0,3.0,1.0,6.0,0.21,0.0,2.0,0.0,0.0,0.0,2.0,0.0,0.0,0.0,0.0,0.0,0.21,0.0,1.0,0.0,0.0,0.0,0.0,0.0
5749647,2026-08-23T18:45:00.000Z,1,Serie A,Torino,9804,Milan,8564,557677,Nikola Vlasic,Torino,9804,False,5.91,90.0,0.01,0.01,0.0,0.0,0.0,0.0,17.0,20.0,1.0,1.0,0.0,0.0,0.0,0.0,0.0,0.0,2.0,0.0,31.0,1.0,0.0,1.0,1.0,1.0,0.0,0.0,0.0,0.0,2.0,0.0,0.0,3.0,0.0,0.0,1.0,1.0,6.0,1.0,3.0,2.0,7.0,0.0,0.0,0.0,0.0,0.0,0.0,0.0,0.0,0.0,0.0,1.0,0.0,0.0,0.0,0.0,0.0,0.0,0.0,0.0,0.0
5749647,2026-08-23T18:45:00.000Z,1,Serie A,Torino,9804,Milan,8564,599353,Ché Adams,Torino,9804,False,6.8,20.0,0.0,0.12,0.0,0.0,0.0,0.0,8.0,11.0,0.0,0.0,0.0,0.0,0.0,0.0,0.0,0.0,0.0,0.0,15.0,0.0,0.0,0.0,0.0,1.0,0.0,1.0,0.0,0.0,2.0,0.0,0.0,2.0,0.0,0.0,0.0,0.0,2.0,1.0,1.0,1.0,2.0,0.12,0.89,1.0,0.0,1.0,0.0,0.0,1.0,1.0,0.0,0.0,0.0,0.12,0.0,0.0,0.0,0.0,0.0,0.0,0.0
5749647,2026-08-23T18:45:00.000Z,1,Serie A,Torino,9804,Milan,8564,604982,Ruben Loftus-Cheek,Milan,8564,False,7.05,56.0,0.06,0.29000000000000004,0.0,0.0,0.0,0.0,20.0,20.0,0.0,0.0,0.0,0.0,0.0,0.0,0.0,0.0,0.0,0.0,31.0,0.0,0.0,1.0,0.0,2.0,0.0,0.0,0.0,3.0,7.0,1.0,3.0,0.0,0.0,0.0,0.0,1.0,4.0,1.0,2.0,2.0,4.0,0.23,0.0,4.0,0.0,0.0,3.0,1.0,0.0,3.0,1.0,1.0,0.0,0.23,0.0,0.0,0.0,0.0,0.0,0.0,0.0
5749647,2026-08-23T18:45:00.000Z,1,Serie A,Torino,9804,Milan,8564,688278,Pervis Estupinán,Milan,8564,False,7.52,66.0,0.07,0.13,0.0,0.0,0.0,0.0,37.0,39.0,0.0,0.0,0.0,0.0,0.0,0.0,0.0,0.0,1.0,2.0,60.0,4.0,0.0,0.0,0.0,4.0,1.0,0.0,0.0,2.0,2.0,1.0,1.0,0.0,1.0,2.0,0.0,1.0,1.0,2.0,3.0,3.0,1.0,0.06,0.0,1.0,0.0,0.0,0.0,1.0,0.0,0.0,2.0,2.0,0.0,0.06,0.0,0.0,0.0,0.0,0.0,0.0,0.0
5749647,2026-08-23T18:45:00.000Z,1,Serie A,Torino,9804,Milan,8564,688295,Christian Pulisic,Milan,8564,False,0.0,0.0,0.0,0.0,0.0,0.0,0.0,0.0,0.0,0.0,0.0,0.0,0.0,0.0,0.0,0.0,0.0,0.0,0.0,0.0,0.0,0.0,0.0,0.0,0.0,0.0,0.0,0.0,0.0,0.0,0.0,0.0,0.0,0.0,0.0,0.0,0.0,0.0,0.0,0.0,0.0,0.0,0.0,0.0,0.0,0.0,0.0,0.0,0.0,0.0,0.0,0.0,0.0,0.0,0.0,0.0,0.0,0.0,0.0,0.0,0.0,0.0,0.0
5749647,2026-08-23T18:45:00.000Z,1,Serie A,Torino,9804,Milan,8564,688300,Samuel Chukwueze,Milan,8564,False,8.25,90.0,0.58,0.72,0.0,0.0,0.0,0.0,35.0,45.0,2.0,3.0,0.0,0.0,0.0,0.0,0.0,0.0,6.0,0.0,69.0,1.0,1.0,0.0,1.0,4.0,0.0,0.0,1.0,4.0,9.0,1.0,2.0,0.0,0.0,0.0,1.0,3.0,5.0,0.0,1.0,3.0,3.0,0.14,0.11,2.0,1.0,1.0,1.0,0.0,1.0,2.0,3.0,8.0,1.0,0.14,0.0,0.0,0.0,0.0,0.0,0.0,0.0
5749647,2026-08-23T18:45:00.000Z,1,Serie A,Torino,9804,Milan,8564,750880,Ardian Ismajli,Torino,9804,False,6.13,90.0,0.01,0.01,0.0,0.0,0.0,0.0,55.0,60.0,2.0,4.0,0.0,0.0,0.0,0.0,0.0,0.0,4.0,6.0,76.0,12.0,1.0,0.0,0.0,7.0,4.0,0.0,0.0,0.0,0.0,0.0,0.0,0.0,2.0,3.0,1.0,1.0,2.0,1.0,6.0,2.0,6.0,0.0,0.0,0.0,0.0,0.0,0.0,0.0,0.0,0.0,0.0,0.0,0.0,0.0,0.0,0.0,0.0,0.0,0.0,0.0,0.0
5749647,2026-08-23T18:45:00.000Z,1,Serie A,Torino,9804,Milan,8564,823113,Sandro Kulenovic,Torino,9804,False,0.0,5.0,0.0,0.0,0.0,0.0,0.0,0.0,0.0,0.0,0.0,0.0,0.0,0.0,0.0,0.0,0.0,0.0,0.0,0.0,0.0,0.0,0.0,1.0,0.0,0.0,0.0,0.0,0.0,0.0,0.0,0.0,0.0,0.0,0.0,0.0,0.0,0.0,1.0,0.0,1.0,0.0,2.0,0.0,0.0,0.0,0.0,0.0,0.0,0.0,0.0,0.0,0.0,0.0,0.0,0.0,0.0,0.0,0.0,0.0,0.0,0.0,0.0
5749647,2026-08-23T18:45:00.000Z,1,Serie A,Torino,9804,Milan,8564,844996,Matteo Gabbia,Milan,8564,False,6.16,14.0,0.0,0.0,0.0,0.0,0.0,0.0,1.0,1.0,0.0,0.0,0.0,0.0,0.0,0.0,0.0,0.0,0.0,2.0,5.0,3.0,0.0,0.0,1.0,0.0,0.0,0.0,0.0,0.0,0.0,0.0,0.0,0.0,0.0,1.0,0.0,1.0,1.0,0.0,1.0,1.0,1.0,0.0,0.0,0.0,0.0,0.0,0.0,0.0,0.0,0.0,0.0,0.0,0.0,0.0,0.0,0.0,0.0,0.0,0.0,0.0,0.0
5749647,2026-08-23T18:45:00.000Z,1,Serie A,Torino,9804,Milan,8564,846761,Zakaria Aboukhlal,Torino,9804,False,0.0,9.0,0.0,0.33,0.0,0.0,0.0,0.0,5.0,5.0,0.0,0.0,0.0,0.0,0.0,0.0,0.0,0.0,1.0,0.0,7.0,0.0,0.0,0.0,0.0,1.0,0.0,0.0,0.0,0.0,1.0,0.0,0.0,0.0,0.0,0.0,0.0,0.0,0.0,0.0,0.0,0.0,0.0,0.33,0.0,1.0,0.0,0.0,1.0,0.0,0.0,1.0,0.0,0.0,0.0,0.33,0.0,0.0,1.0,0.0,0.0,0.0,0.0
5749647,2026-08-23T18:45:00.000Z,1,Serie A,Torino,9804,Milan,8564,921341,Alexis Saelemaekers,Milan,8564,False,6.77,24.0,0.01,0.15000000000000002,0.0,0.0,0.0,0.0,10.0,12.0,0.0,1.0,0.0,0.0,0.0,0.0,0.0,0.0,3.0,1.0,19.0,4.0,0.0,1.0,2.0,1.0,1.0,0.0,0.0,0.0,1.0,0.0,1.0,0.0,0.0,1.0,0.0,2.0,4.0,1.0,1.0,3.0,2.0,0.14,0.0,1.0,0.0,0.0,1.0,0.0,0.0,1.0,0.0,0.0,0.0,0.14,0.0,0.0,0.0,0.0,0.0,0.0,0.0
5749647,2026-08-23T18:45:00.000Z,1,Serie A,Torino,9804,Milan,8564,935622,Marcus Holmgren Pedersen,Torino,9804,False,6.33,70.0,0.08,0.08,0.0,0.0,0.0,0.0,11.0,16.0,1.0,1.0,0.0,0.0,0.0,0.0,0.0,0.0,1.0,0.0,27.0,2.0,1.0,1.0,1.0,1.0,0.0,0.0,0.0,1.0,1.0,1.0,1.0,0.0,1.0,0.0,0.0,3.0,4.0,0.0,1.0,3.0,2.0,0.0,0.0,0.0,0.0,0.0,0.0,0.0,0.0,0.0,0.0,1.0,0.0,0.0,0.0,1.0,0.0,0.0,0.0,0.0,0.0
5749647,2026-08-23T18:45:00.000Z,1,Serie A,Torino,9804,Milan,8564,940087,Gonçalo Ramos,Milan,8564,False,7.37,90.0,0.05,0.5700000000000001,0.0,0.0,0.0,0.0,17.0,25.0,1.0,1.0,0.0,0.0,0.0,0.0,0.0,0.0,5.0,1.0,40.0,2.0,0.0,1.0,0.0,2.0,1.0,0.0,0.0,1.0,9.0,1.0,3.0,0.0,0.0,1.0,0.0,1.0,4.0,4.0,6.0,5.0,5.0,0.52,0.35,5.0,0.0,1.0,2.0,2.0,1.0,3.0,0.0,0.0,0.0,0.52,0.0,0.0,1.0,0.0,0.0,0.0,0.0
5749647,2026-08-23T18:45:00.000Z,1,Serie A,Torino,9804,Milan,8564,941656,Samuele Ricci,Milan,8564,False,0.0,0.0,0.0,0.0,0.0,0.0,0.0,0.0,0.0,0.0,0.0,0.0,0.0,0.0,0.0,0.0,0.0,0.0,0.0,0.0,0.0,0.0,0.0,0.0,0.0,0.0,0.0,0.0,0.0,0.0,0.0,0.0,0.0,0.0,0.0,0.0,0.0,0.0,0.0,0.0,0.0,0.0,0.0,0.0,0.0,0.0,0.0,0.0,0.0,0.0,0.0,0.0,0.0,0.0,0.0,0.0,0.0,0.0,0.0,0.0,0.0,0.0,0.0
5749647,2026-08-23T18:45:00.000Z,1,Serie A,Torino,9804,Milan,8564,941953,Saúl Coco,Torino,9804,False,6.47,90.0,0.01,0.03,0.0,0.0,0.0,0.0,39.0,43.0,1.0,3.0,0.0,0.0,0.0,0.0,0.0,0.0,3.0,5.0,54.0,8.0,0.0,3.0,2.0,6.0,0.0,0.0,0.0,0.0,1.0,1.0,1.0,0.0,1.0,1.0,0.0,3.0,6.0,2.0,2.0,5.0,3.0,0.02,0.0,1.0,0.0,0.0,1.0,0.0,0.0,1.0,0.0,0.0,0.0,0.02,0.0,0.0,0.0,0.0,0.0,0.0,0.0
5749647,2026-08-23T18:45:00.000Z,1,Serie A,Torino,9804,Milan,8564,1048023,Strahinja Pavlovic,Milan,8564,False,7.4,90.0,0.01,0.01,0.0,0.0,0.0,0.0,75.0,83.0,1.0,6.0,0.0,0.0,0.0,0.0,0.0,0.0,4.0,6.0,102.0,8.0,2.0,0.0,2.0,5.0,0.0,0.0,0.0,0.0,0.0,0.0,2.0,0.0,0.0,4.0,0.0,4.0,6.0,2.0,3.0,6.0,3.0,0.0,0.0,0.0,0.0,0.0,0.0,0.0,0.0,0.0,0.0,0.0,0.0,0.0,0.0,0.0,0.0,0.0,0.0,0.0,0.0
5749647,2026-08-23T18:45:00.000Z,1,Serie A,Torino,9804,Milan,8564,1106074,Mario Gila,Milan,8564,False,7.41,76.0,0.11,0.11,0.0,0.0,0.0,0.0,68.0,74.0,9.0,11.0,0.0,0.0,0.0,0.0,0.0,0.0,4.0,2.0,87.0,3.0,1.0,1.0,1.0,7.0,0.0,0.0,0.0,1.0,0.0,0.0,0.0,0.0,0.0,0.0,1.0,2.0,4.0,3.0,5.0,5.0,4.0,0.0,0.0,0.0,0.0,0.0,0.0,0.0,0.0,0.0,1.0,1.0,0.0,0.0,0.0,0.0,0.0,0.0,0.0,0.0,0.0
5749647,2026-08-23T18:45:00.000Z,1,Serie A,Torino,9804,Milan,8564,1110045,Gaetano Oristanio,Torino,9804,False,0.0,0.0,0.0,0.0,0.0,0.0,0.0,0.0,0.0,0.0,0.0,0.0,0.0,0.0,0.0,0.0,0.0,0.0,0.0,0.0,0.0,0.0,0.0,0.0,0.0,0.0,0.0,0.0,0.0,0.0,0.0,0.0,0.0,0.0,0.0,0.0,0.0,0.0,0.0,0.0,0.0,0.0,0.0,0.0,0.0,0.0,0.0,0.0,0.0,0.0,0.0,0.0,0.0,0.0,0.0,0.0,0.0,0.0,0.0,0.0,0.0,0.0,0.0
5749647,2026-08-23T18:45:00.000Z,1,Serie A,Torino,9804,Milan,8564,1137272,Yunus Musah,Milan,8564,False,6.94,90.0,0.01,0.01,0.0,0.0,0.0,0.0,33.0,38.0,2.0,2.0,0.0,0.0,0.0,0.0,0.0,0.0,6.0,2.0,45.0,3.0,0.0,0.0,0.0,3.0,1.0,0.0,0.0,0.0,0.0,0.0,1.0,0.0,0.0,0.0,0.0,0.0,1.0,0.0,1.0,0.0,2.0,0.0,0.0,0.0,0.0,0.0,0.0,0.0,0.0,0.0,0.0,0.0,0.0,0.0,0.0,0.0,0.0,0.0,0.0,0.0,0.0
5749647,2026-08-23T18:45:00.000Z,1,Serie A,Torino,9804,Milan,8564,1163219,Ardon Jashari,Milan,8564,False,6.98,56.0,0.04,0.04,0.0,0.0,0.0,0.0,46.0,49.0,4.0,5.0,0.0,0.0,0.0,0.0,0.0,0.0,2.0,1.0,55.0,1.0,0.0,2.0,0.0,6.0,0.0,0.0,0.0,2.0,1.0,0.0,0.0,0.0,0.0,0.0,0.0,0.0,2.0,0.0,0.0,0.0,2.0,0.0,0.0,0.0,0.0,0.0,0.0,0.0,0.0,0.0,0.0,0.0,0.0,0.0,0.0,0.0,0.0,0.0,0.0,0.0,0.0
5749647,2026-08-23T18:45:00.000Z,1,Serie A,Torino,9804,Milan,8564,1163501,Filippo Terracciano,Milan,8564,False,0.0,0.0,0.0,0.0,0.0,0.0,0.0,0.0,0.0,0.0,0.0,0.0,0.0,0.0,0.0,0.0,0.0,0.0,0.0,0.0,0.0,0.0,0.0,0.0,0.0,0.0,0.0,0.0,0.0,0.0,0.0,0.0,0.0,0.0,0.0,0.0,0.0,0.0,0.0,0.0,0.0,0.0,0.0,0.0,0.0,0.0,0.0,0.0,0.0,0.0,0.0,0.0,0.0,0.0,0.0,0.0,0.0,0.0,0.0,0.0,0.0,0.0,0.0
5749647,2026-08-23T18:45:00.000Z,1,Serie A,Torino,9804,Milan,8564,1200630,Koni De Winter,Milan,8564,False,7.58,90.0,0.01,0.15000000000000002,0.0,0.0,0.0,0.0,62.0,65.0,1.0,3.0,0.0,0.0,0.0,0.0,0.0,0.0,1.0,2.0,80.0,10.0,0.0,1.0,5.0,2.0,2.0,0.0,0.0,0.0,2.0,0.0,0.0,0.0,1.0,0.0,0.0,5.0,6.0,2.0,3.0,7.0,2.0,0.14,0.0,1.0,0.0,0.0,0.0,1.0,0.0,0.0,0.0,0.0,0.0,0.14,0.0,0.0,0.0,0.0,0.0,0.0,0.0
5749647,2026-08-23T18:45:00.000Z,1,Serie A,Torino,9804,Milan,8564,1218556,Kian Fitz-Jim,Torino,9804,False,7.13,90.0,0.33,0.35000000000000003,0.0,0.0,0.0,0.0,50.0,55.0,1.0,3.0,0.0,0.0,0.0,0.0,0.0,0.0,5.0,0.0,64.0,2.0,0.0,0.0,1.0,3.0,1.0,0.0,0.0,3.0,1.0,1.0,1.0,1.0,0.0,0.0,0.0,2.0,3.0,0.0,0.0,2.0,1.0,0.02,0.0,1.0,1.0,0.0,1.0,0.0,0.0,1.0,0.0,1.0,1.0,0.02,0.0,0.0,0.0,0.0,0.0,0.0,0.0
5749647,2026-08-23T18:45:00.000Z,1,Serie A,Torino,9804,Milan,8564,1301633,Emirhan Ilkhan,Torino,9804,False,0.0,0.0,0.0,0.0,0.0,0.0,0.0,0.0,0.0,0.0,0.0,0.0,0.0,0.0,0.0,0.0,0.0,0.0,0.0,0.0,0.0,0.0,0.0,0.0,0.0,0.0,0.0,0.0,0.0,0.0,0.0,0.0,0.0,0.0,0.0,0.0,0.0,0.0,0.0,0.0,0.0,0.0,0.0,0.0,0.0,0.0,0.0,0.0,0.0,0.0,0.0,0.0,0.0,0.0,0.0,0.0,0.0,0.0,0.0,0.0,0.0,0.0,0.0
5749647,2026-08-23T18:45:00.000Z,1,Serie A,Torino,9804,Milan,8564,1339372,Cesare Casadei,Torino,9804,False,6.49,70.0,0.0,0.0,0.0,0.0,0.0,0.0,11.0,17.0,1.0,2.0,0.0,0.0,0.0,0.0,0.0,0.0,5.0,1.0,24.0,3.0,1.0,1.0,2.0,0.0,0.0,0.0,0.0,0.0,1.0,0.0,0.0,1.0,0.0,0.0,1.0,3.0,6.0,2.0,5.0,5.0,6.0,0.0,0.0,0.0,0.0,0.0,0.0,0.0,0.0,0.0,0.0,1.0,0.0,0.0,0.0,0.0,0.0,0.0,0.0,0.0,0.0
5749647,2026-08-23T18:45:00.000Z,1,Serie A,Torino,9804,Milan,8564,1342754,Diego Moreira,Milan,8564,False,0.0,0.0,0.0,0.0,0.0,0.0,0.0,0.0,0.0,0.0,0.0,0.0,0.0,0.0,0.0,0.0,0.0,0.0,0.0,0.0,0.0,0.0,0.0,0.0,0.0,0.0,0.0,0.0,0.0,0.0,0.0,0.0,0.0,0.0,0.0,0.0,0.0,0.0,0.0,0.0,0.0,0.0,0.0,0.0,0.0,0.0,0.0,0.0,0.0,0.0,0.0,0.0,0.0,0.0,0.0,0.0,0.0,0.0,0.0,0.0,0.0,0.0,0.0
5749647,2026-08-23T18:45:00.000Z,1,Serie A,Torino,9804,Milan,8564,1385856,Davide Bartesaghi,Milan,8564,False,6.48,24.0,0.27,0.27,0.0,0.0,0.0,0.0,7.0,8.0,0.0,0.0,0.0,0.0,0.0,0.0,0.0,0.0,0.0,1.0,13.0,1.0,0.0,0.0,0.0,0.0,0.0,0.0,0.0,2.0,2.0,0.0,0.0,0.0,0.0,1.0,1.0,0.0,1.0,1.0,1.0,1.0,1.0,0.0,0.0,0.0,1.0,0.0,0.0,0.0,0.0,0.0,1.0,1.0,0.0,0.0,0.0,0.0,0.0,0.0,0.0,0.0,0.0
5749647,2026-08-23T18:45:00.000Z,1,Serie A,Torino,9804,Milan,8564,1421505,Gvidas Gineitis,Torino,9804,False,7.04,90.0,0.06,0.06,0.0,0.0,0.0,0.0,26.0,30.0,2.0,4.0,0.0,0.0,0.0,0.0,0.0,0.0,2.0,2.0,42.0,4.0,2.0,0.0,1.0,3.0,0.0,0.0,1.0,1.0,0.0,0.0,0.0,0.0,1.0,0.0,0.0,3.0,3.0,0.0,0.0,3.0,0.0,0.0,0.0,0.0,0.0,0.0,0.0,0.0,0.0,0.0,1.0,3.0,1.0,0.0,0.0,0.0,0.0,0.0,0.0,0.0,0.0
5749647,2026-08-23T18:45:00.000Z,1,Serie A,Torino,9804,Milan,8564,1429871,Ali Dembélé,Torino,9804,False,0.0,0.0,0.0,0.0,0.0,0.0,0.0,0.0,0.0,0.0,0.0,0.0,0.0,0.0,0.0,0.0,0.0,0.0,0.0,0.0,0.0,0.0,0.0,0.0,0.0,0.0,0.0,0.0,0.0,0.0,0.0,0.0,0.0,0.0,0.0,0.0,0.0,0.0,0.0,0.0,0.0,0.0,0.0,0.0,0.0,0.0,0.0,0.0,0.0,0.0,0.0,0.0,0.0,0.0,0.0,0.0,0.0,0.0,0.0,0.0,0.0,0.0,0.0
5749647,2026-08-23T18:45:00.000Z,1,Serie A,Torino,9804,Milan,8564,1445650,Alphadjo Cissè,Milan,8564,False,7.98,66.0,0.09,0.6,0.0,0.0,0.0,0.0,21.0,24.0,1.0,2.0,0.0,0.0,0.0,0.0,0.0,0.0,4.0,0.0,43.0,2.0,4.0,1.0,2.0,0.0,0.0,1.0,0.0,1.0,6.0,0.0,1.0,0.0,0.0,0.0,2.0,6.0,10.0,0.0,0.0,6.0,4.0,0.51,0.77,4.0,0.0,1.0,2.0,1.0,1.0,3.0,1.0,6.0,1.0,0.51,0.0,0.0,0.0,0.0,0.0,0.0,0.0
5749647,2026-08-23T18:45:00.000Z,1,Serie A,Torino,9804,Milan,8564,1529222,Pietro Comuzzo,Torino,9804,False,6.08,85.0,0.01,0.5,0.0,0.0,0.0,0.0,34.0,39.0,2.0,3.0,0.0,0.0,0.0,0.0,0.0,0.0,5.0,2.0,46.0,3.0,0.0,2.0,1.0,4.0,0.0,0.0,0.0,0.0,1.0,0.0,0.0,0.0,0.0,1.0,1.0,1.0,4.0,3.0,5.0,4.0,5.0,0.49,0.0,1.0,0.0,0.0,1.0,0.0,0.0,1.0,0.0,0.0,0.0,0.49,0.0,0.0,1.0,0.0,0.0,0.0,0.0
5749647,2026-08-23T18:45:00.000Z,1,Serie A,Torino,9804,Milan,8564,1554575,Francesco Camarda,Milan,8564,False,0.0,0.0,0.0,0.0,0.0,0.0,0.0,0.0,0.0,0.0,0.0,0.0,0.0,0.0,0.0,0.0,0.0,0.0,0.0,0.0,0.0,0.0,0.0,0.0,0.0,0.0,0.0,0.0,0.0,0.0,0.0,0.0,0.0,0.0,0.0,0.0,0.0,0.0,0.0,0.0,0.0,0.0,0.0,0.0,0.0,0.0,0.0,0.0,0.0,0.0,0.0,0.0,0.0,0.0,0.0,0.0,0.0,0.0,0.0,0.0,0.0,0.0,0.0
5749647,2026-08-23T18:45:00.000Z,1,Serie A,Torino,9804,Milan,8564,1577119,Diego Mascardi,Torino,9804,True,6.36,90.0,0.0,0.0,2.0,2.0,2.05,0.05,20.0,38.0,2.0,20.0,2.0,2.0,0.0,1.0,6.0,2.0,9.0,2.0,51.0,2.0,0.0,0.0,0.0,4.0,0.0,0.0,0.0,0.0,0.0,0.0,0.0,0.0,0.0,0.0,0.0,0.0,0.0,0.0,0.0,0.0,0.0,0.0,0.0,0.0,0.0,0.0,0.0,0.0,0.0,0.0,0.0,0.0,0.0,0.0,0.0,0.0,0.0,0.0,0.0,0.0,0.0
5749647,2026-08-23T18:45:00.000Z,1,Serie A,Torino,9804,Milan,8564,1607014,Alieu Njie,Torino,9804,False,6.7,20.0,0.12,0.22,0.0,0.0,0.0,0.0,3.0,6.0,0.0,0.0,0.0,0.0,0.0,0.0,0.0,0.0,2.0,0.0,20.0,1.0,0.0,0.0,1.0,2.0,0.0,0.0,0.0,1.0,6.0,2.0,3.0,2.0,0.0,0.0,0.0,3.0,6.0,1.0,1.0,4.0,3.0,0.1,0.0,1.0,1.0,0.0,1.0,0.0,0.0,1.0,1.0,2.0,0.0,0.1,0.0,0.0,0.0,1.0,0.0,0.0,0.0
5749647,2026-08-23T18:45:00.000Z,1,Serie A,Torino,9804,Milan,8564,1642351,Niccolò Fortini,Torino,9804,False,6.52,20.0,0.0,0.0,0.0,0.0,0.0,0.0,14.0,16.0,0.0,0.0,0.0,0.0,0.0,0.0,0.0,0.0,2.0,0.0,30.0,1.0,2.0,0.0,1.0,2.0,0.0,0.0,0.0,0.0,1.0,0.0,0.0,0.0,0.0,0.0,0.0,3.0,3.0,0.0,0.0,3.0,0.0,0.0,0.0,0.0,0.0,0.0,0.0,0.0,0.0,0.0,0.0,2.0,0.0,0.0,0.0,0.0,0.0,0.0,0.0,0.0,0.0
5749647,2026-08-23T18:45:00.000Z,1,Serie A,Torino,9804,Milan,8564,1642393,Lorenzo Torriani,Milan,8564,True,0.0,0.0,0.0,0.0,0.0,0.0,0.0,0.0,0.0,0.0,0.0,0.0,0.0,0.0,0.0,0.0,0.0,0.0,0.0,0.0,0.0,0.0,0.0,0.0,0.0,0.0,0.0,0.0,0.0,0.0,0.0,0.0,0.0,0.0,0.0,0.0,0.0,0.0,0.0,0.0,0.0,0.0,0.0,0.0,0.0,0.0,0.0,0.0,0.0,0.0,0.0,0.0,0.0,0.0,0.0,0.0,0.0,0.0,0.0,0.0,0.0,0.0,0.0
5749647,2026-08-23T18:45:00.000Z,1,Serie A,Torino,9804,Milan,8564,1669433,Sankhoun Diawara,Milan,8564,False,0.0,0.0,0.0,0.0,0.0,0.0,0.0,0.0,0.0,0.0,0.0,0.0,0.0,0.0,0.0,0.0,0.0,0.0,0.0,0.0,0.0,0.0,0.0,0.0,0.0,0.0,0.0,0.0,0.0,0.0,0.0,0.0,0.0,0.0,0.0,0.0,0.0,0.0,0.0,0.0,0.0,0.0,0.0,0.0,0.0,0.0,0.0,0.0,0.0,0.0,0.0,0.0,0.0,0.0,0.0,0.0,0.0,0.0,0.0,0.0,0.0,0.0,0.0
5749647,2026-08-23T18:45:00.000Z,1,Serie A,Torino,9804,Milan,8564,1746591,Alessio Cacciamani,Torino,9804,False,6.42,81.0,0.0,0.0,0.0,0.0,0.0,0.0,12.0,15.0,0.0,0.0,0.0,0.0,0.0,0.0,0.0,0.0,3.0,1.0,32.0,3.0,0.0,1.0,1.0,0.0,1.0,0.0,0.0,0.0,0.0,1.0,2.0,0.0,0.0,1.0,0.0,2.0,4.0,0.0,0.0,2.0,2.0,0.0,0.0,0.0,0.0,0.0,0.0,0.0,0.0,0.0,0.0,3.0,0.0,0.0,0.0,0.0,0.0,0.0,0.0,0.0,0.0
5749647,2026-08-23T18:45:00.000Z,1,Serie A,Torino,9804,Milan,8564,1762472,Andrea Luongo,Torino,9804,False,0.0,0.0,0.0,0.0,0.0,0.0,0.0,0.0,0.0,0.0,0.0,0.0,0.0,0.0,0.0,0.0,0.0,0.0,0.0,0.0,0.0,0.0,0.0,0.0,0.0,0.0,0.0,0.0,0.0,0.0,0.0,0.0,0.0,0.0,0.0,0.0,0.0,0.0,0.0,0.0,0.0,0.0,0.0,0.0,0.0,0.0,0.0,0.0,0.0,0.0,0.0,0.0,0.0,0.0,0.0,0.0,0.0,0.0,0.0,0.0,0.0,0.0,0.0
5749647,2026-08-23T18:45:00.000Z,1,Serie A,Torino,9804,Milan,8564,1787535,Christian Comotto,Milan,8564,False,0.0,0.0,0.0,0.0,0.0,0.0,0.0,0.0,0.0,0.0,0.0,0.0,0.0,0.0,0.0,0.0,0.0,0.0,0.0,0.0,0.0,0.0,0.0,0.0,0.0,0.0,0.0,0.0,0.0,0.0,0.0,0.0,0.0,0.0,0.0,0.0,0.0,0.0,0.0,0.0,0.0,0.0,0.0,0.0,0.0,0.0,0.0,0.0,0.0,0.0,0.0,0.0,0.0,0.0,0.0,0.0,0.0,0.0,0.0,0.0,0.0,0.0,0.0
5749647,2026-08-23T18:45:00.000Z,1,Serie A,Torino,9804,Milan,8564,1817264,Lapo Siviero,Torino,9804,True,0.0,0.0,0.0,0.0,0.0,0.0,0.0,0.0,0.0,0.0,0.0,0.0,0.0,0.0,0.0,0.0,0.0,0.0,0.0,0.0,0.0,0.0,0.0,0.0,0.0,0.0,0.0,0.0,0.0,0.0,0.0,0.0,0.0,0.0,0.0,0.0,0.0,0.0,0.0,0.0,0.0,0.0,0.0,0.0,0.0,0.0,0.0,0.0,0.0,0.0,0.0,0.0,0.0,0.0,0.0,0.0,0.0,0.0,0.0,0.0,0.0,0.0,0.0
5749647,2026-08-23T18:45:00.000Z,1,Serie A,Torino,9804,Milan,8564,1879686,Mattia Pellini,Torino,9804,False,0.0,0.0,0.0,0.0,0.0,0.0,0.0,0.0,0.0,0.0,0.0,0.0,0.0,0.0,0.0,0.0,0.0,0.0,0.0,0.0,0.0,0.0,0.0,0.0,0.0,0.0,0.0,0.0,0.0,0.0,0.0,0.0,0.0,0.0,0.0,0.0,0.0,0.0,0.0,0.0,0.0,0.0,0.0,0.0,0.0,0.0,0.0,0.0,0.0,0.0,0.0,0.0,0.0,0.0,0.0,0.0,0.0,0.0,0.0,0.0,0.0,0.0,0.0
5749647,2026-08-23T18:45:00.000Z,1,Serie A,Torino,9804,Milan,8564,2022740,Leo Paul Bouyer,Milan,8564,True,0.0,0.0,0.0,0.0,0.0,0.0,0.0,0.0,0.0,0.0,0.0,0.0,0.0,0.0,0.0,0.0,0.0,0.0,0.0,0.0,0.0,0.0,0.0,0.0,0.0,0.0,0.0,0.0,0.0,0.0,0.0,0.0,0.0,0.0,0.0,0.0,0.0,0.0,0.0,0.0,0.0,0.0,0.0,0.0,0.0,0.0,0.0,0.0,0.0,0.0,0.0,0.0,0.0,0.0,0.0,0.0,0.0,0.0,0.0,0.0,0.0,0.0,0.0
5749648,2026-08-22T16:30:00.000Z,1,Serie A,Udinese,8600,Como,10171,42692,Daniele Padelli,Udinese,8600,True,0.0,0.0,0.0,0.0,0.0,0.0,0.0,0.0,0.0,0.0,0.0,0.0,0.0,0.0,0.0,0.0,0.0,0.0,0.0,0.0,0.0,0.0,0.0,0.0,0.0,0.0,0.0,0.0,0.0,0.0,0.0,0.0,0.0,0.0,0.0,0.0,0.0,0.0,0.0,0.0,0.0,0.0,0.0,0.0,0.0,0.0,0.0,0.0,0.0,0.0,0.0,0.0,0.0,0.0,0.0,0.0,0.0,0.0,0.0,0.0,0.0,0.0,0.0
5749648,2026-08-22T16:30:00.000Z,1,Serie A,Udinese,8600,Como,10171,111741,Mauro Vigorito,Como,10171,True,0.0,0.0,0.0,0.0,0.0,0.0,0.0,0.0,0.0,0.0,0.0,0.0,0.0,0.0,0.0,0.0,0.0,0.0,0.0,0.0,0.0,0.0,0.0,0.0,0.0,0.0,0.0,0.0,0.0,0.0,0.0,0.0,0.0,0.0,0.0,0.0,0.0,0.0,0.0,0.0,0.0,0.0,0.0,0.0,0.0,0.0,0.0,0.0,0.0,0.0,0.0,0.0,0.0,0.0,0.0,0.0,0.0,0.0,0.0,0.0,0.0,0.0,0.0
5749648,2026-08-22T16:30:00.000Z,1,Serie A,Udinese,8600,Como,10171,213501,Álvaro Morata,Como,10171,False,0.0,0.0,0.0,0.0,0.0,0.0,0.0,0.0,0.0,0.0,0.0,0.0,0.0,0.0,0.0,0.0,0.0,0.0,0.0,0.0,0.0,0.0,0.0,0.0,0.0,0.0,0.0,0.0,0.0,0.0,0.0,0.0,0.0,0.0,0.0,0.0,0.0,0.0,0.0,0.0,0.0,0.0,0.0,0.0,0.0,0.0,0.0,0.0,0.0,0.0,0.0,0.0,0.0,0.0,0.0,0.0,0.0,0.0,0.0,0.0,0.0,0.0,0.0
5749648,2026-08-22T16:30:00.000Z,1,Serie A,Udinese,8600,Como,10171,322003,Jesper Karlström,Udinese,8600,False,6.87,90.0,0.03,0.03,0.0,0.0,0.0,0.0,29.0,34.0,2.0,4.0,0.0,0.0,0.0,0.0,0.0,0.0,4.0,2.0,42.0,5.0,0.0,1.0,2.0,2.0,0.0,0.0,0.0,2.0,1.0,0.0,0.0,0.0,1.0,0.0,2.0,2.0,5.0,0.0,0.0,2.0,3.0,0.0,0.0,0.0,0.0,0.0,0.0,0.0,0.0,0.0,0.0,0.0,0.0,0.0,0.0,0.0,0.0,0.0,0.0,0.0,0.0
5749648,2026-08-22T16:30:00.000Z,1,Serie A,Udinese,8600,Como,10171,355356,Marc-Oliver Kempf,Como,10171,False,0.0,0.0,0.0,0.0,0.0,0.0,0.0,0.0,0.0,0.0,0.0,0.0,0.0,0.0,0.0,0.0,0.0,0.0,0.0,0.0,0.0,0.0,0.0,0.0,0.0,0.0,0.0,0.0,0.0,0.0,0.0,0.0,0.0,0.0,0.0,0.0,0.0,0.0,0.0,0.0,0.0,0.0,0.0,0.0,0.0,0.0,0.0,0.0,0.0,0.0,0.0,0.0,0.0,0.0,0.0,0.0,0.0,0.0,0.0,0.0,0.0,0.0,0.0
5749648,2026-08-22T16:30:00.000Z,1,Serie A,Udinese,8600,Como,10171,362121,Edoardo Goldaniga,Como,10171,False,0.0,0.0,0.0,0.0,0.0,0.0,0.0,0.0,0.0,0.0,0.0,0.0,0.0,0.0,0.0,0.0,0.0,0.0,0.0,0.0,0.0,0.0,0.0,0.0,0.0,0.0,0.0,0.0,0.0,0.0,0.0,0.0,0.0,0.0,0.0,0.0,0.0,0.0,0.0,0.0,0.0,0.0,0.0,0.0,0.0,0.0,0.0,0.0,0.0,0.0,0.0,0.0,0.0,0.0,0.0,0.0,0.0,0.0,0.0,0.0,0.0,0.0,0.0
5749648,2026-08-22T16:30:00.000Z,1,Serie A,Udinese,8600,Como,10171,488415,Hassane Kamara,Udinese,8600,False,7.77,90.0,0.02,0.59,0.0,0.0,0.0,0.0,25.0,36.0,1.0,5.0,0.0,0.0,0.0,0.0,0.0,0.0,4.0,2.0,62.0,7.0,0.0,1.0,3.0,4.0,2.0,1.0,0.0,0.0,2.0,0.0,0.0,2.0,0.0,1.0,0.0,3.0,6.0,0.0,0.0,3.0,3.0,0.57,0.97,3.0,0.0,2.0,1.0,0.0,2.0,3.0,0.0,3.0,0.0,0.57,0.0,0.0,0.0,0.0,0.0,0.0,0.0
5749648,2026-08-22T16:30:00.000Z,1,Serie A,Udinese,8600,Como,10171,557346,Sandi Lovric,Udinese,8600,False,0.0,0.0,0.0,0.0,0.0,0.0,0.0,0.0,0.0,0.0,0.0,0.0,0.0,0.0,0.0,0.0,0.0,0.0,0.0,0.0,0.0,0.0,0.0,0.0,0.0,0.0,0.0,0.0,0.0,0.0,0.0,0.0,0.0,0.0,0.0,0.0,0.0,0.0,0.0,0.0,0.0,0.0,0.0,0.0,0.0,0.0,0.0,0.0,0.0,0.0,0.0,0.0,0.0,0.0,0.0,0.0,0.0,0.0,0.0,0.0,0.0,0.0,0.0
5749648,2026-08-22T16:30:00.000Z,1,Serie A,Udinese,8600,Como,10171,560939,Jean Butez,Como,10171,True,7.29,90.0,0.01,0.01,2.0,1.0,1.02,0.02,22.0,31.0,4.0,13.0,1.0,1.0,3.0,0.0,3.0,1.0,9.0,2.0,40.0,2.0,0.0,0.0,0.0,4.0,0.0,0.0,0.0,1.0,0.0,1.0,1.0,0.0,0.0,0.0,0.0,1.0,1.0,0.0,0.0,1.0,0.0,0.0,0.0,0.0,0.0,0.0,0.0,0.0,0.0,0.0,0.0,0.0,0.0,0.0,0.0,0.0,0.0,0.0,0.0,0.0,0.0
5749648,2026-08-22T16:30:00.000Z,1,Serie A,Udinese,8600,Como,10171,560945,Mërgim Vojvoda,Udinese,8600,False,7.46,90.0,0.25,0.32,0.0,0.0,0.0,0.0,35.0,46.0,2.0,6.0,0.0,0.0,0.0,0.0,0.0,0.0,3.0,1.0,71.0,7.0,1.0,0.0,4.0,13.0,2.0,0.0,0.0,2.0,3.0,2.0,2.0,1.0,0.0,0.0,0.0,7.0,8.0,0.0,0.0,7.0,1.0,0.07,0.0,2.0,0.0,0.0,2.0,0.0,0.0,2.0,1.0,3.0,0.0,0.07,0.0,0.0,0.0,0.0,0.0,0.0,0.0
5749648,2026-08-22T16:30:00.000Z,1,Serie A,Udinese,8600,Como,10171,602845,Emil Audero,Como,10171,True,0.0,0.0,0.0,0.0,0.0,0.0,0.0,0.0,0.0,0.0,0.0,0.0,0.0,0.0,0.0,0.0,0.0,0.0,0.0,0.0,0.0,0.0,0.0,0.0,0.0,0.0,0.0,0.0,0.0,0.0,0.0,0.0,0.0,0.0,0.0,0.0,0.0,0.0,0.0,0.0,0.0,0.0,0.0,0.0,0.0,0.0,0.0,0.0,0.0,0.0,0.0,0.0,0.0,0.0,0.0,0.0,0.0,0.0,0.0,0.0,0.0,0.0,0.0
5749648,2026-08-22T16:30:00.000Z,1,Serie A,Udinese,8600,Como,10171,638090,Luis Milla,Como,10171,False,8.29,90.0,0.41,0.41,0.0,0.0,0.0,0.0,69.0,79.0,1.0,3.0,0.0,0.0,0.0,0.0,0.0,0.0,6.0,2.0,102.0,6.0,3.0,0.0,1.0,12.0,3.0,0.0,0.0,5.0,0.0,2.0,2.0,0.0,0.0,1.0,2.0,6.0,8.0,0.0,0.0,6.0,2.0,0.0,0.0,0.0,1.0,0.0,0.0,0.0,0.0,0.0,4.0,10.0,10.0,0.0,0.0,0.0,0.0,0.0,0.0,0.0,0.0
5749648,2026-08-22T16:30:00.000Z,1,Serie A,Udinese,8600,Como,10171,644738,Vakoun Issouf Bayo,Udinese,8600,False,6.16,18.0,0.0,0.74,0.0,0.0,0.0,0.0,3.0,5.0,0.0,0.0,0.0,0.0,0.0,0.0,0.0,0.0,2.0,1.0,12.0,1.0,0.0,0.0,0.0,0.0,0.0,0.0,0.0,0.0,2.0,0.0,0.0,1.0,0.0,1.0,0.0,0.0,1.0,2.0,3.0,2.0,2.0,0.74,0.0,2.0,0.0,0.0,2.0,0.0,0.0,2.0,0.0,0.0,0.0,0.74,0.0,0.0,2.0,0.0,0.0,0.0,0.0
5749648,2026-08-22T16:30:00.000Z,1,Serie A,Udinese,8600,Como,10171,689987,Jakub Piotrowski,Udinese,8600,False,6.52,71.0,0.02,0.03,0.0,0.0,0.0,0.0,29.0,30.0,1.0,1.0,0.0,0.0,0.0,0.0,0.0,0.0,2.0,2.0,41.0,2.0,3.0,1.0,0.0,2.0,0.0,0.0,0.0,1.0,0.0,0.0,1.0,0.0,0.0,1.0,1.0,3.0,6.0,0.0,1.0,3.0,4.0,0.01,0.0,1.0,0.0,0.0,1.0,0.0,0.0,1.0,0.0,0.0,0.0,0.01,0.0,0.0,0.0,0.0,0.0,0.0,0.0
5749648,2026-08-22T16:30:00.000Z,1,Serie A,Udinese,8600,Como,10171,769167,Enzo Ebosse,Udinese,8600,False,6.52,45.0,0.04,0.04,0.0,0.0,0.0,0.0,31.0,41.0,4.0,9.0,0.0,0.0,0.0,0.0,0.0,0.0,1.0,2.0,49.0,4.0,0.0,0.0,1.0,12.0,1.0,0.0,0.0,1.0,0.0,0.0,0.0,1.0,0.0,1.0,0.0,1.0,2.0,1.0,2.0,2.0,2.0,0.0,0.0,0.0,1.0,0.0,0.0,0.0,0.0,0.0,1.0,1.0,0.0,0.0,0.0,0.0,0.0,0.0,0.0,0.0,0.0
5749648,2026-08-22T16:30:00.000Z,1,Serie A,Udinese,8600,Como,10171,793907,Trevoh Chalobah,Como,10171,False,7.79,90.0,0.01,0.08,0.0,0.0,0.0,0.0,75.0,81.0,1.0,3.0,0.0,0.0,0.0,0.0,0.0,0.0,3.0,6.0,98.0,12.0,0.0,0.0,2.0,2.0,2.0,0.0,0.0,0.0,1.0,1.0,1.0,0.0,2.0,4.0,0.0,3.0,3.0,3.0,7.0,6.0,4.0,0.07,0.1,1.0,0.0,1.0,0.0,0.0,1.0,1.0,0.0,0.0,0.0,0.07,0.0,0.0,0.0,0.0,0.0,1.0,0.0
5749648,2026-08-22T16:30:00.000Z,1,Serie A,Udinese,8600,Como,10171,818893,Nicolò Zaniolo,Udinese,8600,False,7.35,89.0,0.42,0.59,0.0,0.0,0.0,0.0,18.0,25.0,1.0,2.0,0.0,0.0,0.0,0.0,0.0,0.0,2.0,0.0,49.0,4.0,3.0,3.0,2.0,3.0,1.0,0.0,0.0,2.0,3.0,3.0,5.0,1.0,1.0,0.0,1.0,8.0,15.0,0.0,0.0,8.0,7.0,0.17,0.0,3.0,1.0,0.0,1.0,2.0,0.0,1.0,1.0,2.0,1.0,0.17,0.0,0.0,0.0,0.0,0.0,0.0,0.0
5749648,2026-08-22T16:30:00.000Z,1,Serie A,Udinese,8600,Como,10171,822789,Alberto Dossena,Como,10171,False,0.0,0.0,0.0,0.0,0.0,0.0,0.0,0.0,0.0,0.0,0.0,0.0,0.0,0.0,0.0,0.0,0.0,0.0,0.0,0.0,0.0,0.0,0.0,0.0,0.0,0.0,0.0,0.0,0.0,0.0,0.0,0.0,0.0,0.0,0.0,0.0,0.0,0.0,0.0,0.0,0.0,0.0,0.0,0.0,0.0,0.0,0.0,0.0,0.0,0.0,0.0,0.0,0.0,0.0,0.0,0.0,0.0,0.0,0.0,0.0,0.0,0.0,0.0
5749648,2026-08-22T16:30:00.000Z,1,Serie A,Udinese,8600,Como,10171,846000,Maxence Caqueret,Como,10171,False,0.0,1.0,0.0,0.0,0.0,0.0,0.0,0.0,3.0,3.0,0.0,0.0,0.0,0.0,0.0,0.0,0.0,0.0,0.0,0.0,3.0,0.0,0.0,0.0,0.0,0.0,0.0,0.0,0.0,0.0,0.0,0.0,0.0,0.0,0.0,0.0,0.0,0.0,0.0,0.0,0.0,0.0,0.0,0.0,0.0,0.0,0.0,0.0,0.0,0.0,0.0,0.0,0.0,0.0,0.0,0.0,0.0,0.0,0.0,0.0,0.0,0.0,0.0
5749648,2026-08-22T16:30:00.000Z,1,Serie A,Udinese,8600,Como,10171,866708,Oumar Solet,Udinese,8600,False,6.63,90.0,0.04,0.04,0.0,0.0,0.0,0.0,39.0,48.0,3.0,7.0,0.0,0.0,0.0,0.0,0.0,0.0,5.0,4.0,63.0,7.0,1.0,2.0,0.0,4.0,1.0,0.0,0.0,1.0,0.0,0.0,2.0,1.0,2.0,2.0,0.0,1.0,6.0,0.0,0.0,1.0,5.0,0.0,0.0,0.0,0.0,0.0,0.0,0.0,0.0,0.0,1.0,1.0,0.0,0.0,0.0,0.0,0.0,0.0,0.0,0.0,0.0
5749648,2026-08-22T16:30:00.000Z,1,Serie A,Udinese,8600,Como,10171,873270,Anastasios Douvikas,Como,10171,False,7.37,90.0,0.02,0.85,0.0,0.0,0.0,0.0,6.0,9.0,0.0,0.0,0.0,0.0,0.0,0.0,0.0,0.0,0.0,1.0,21.0,1.0,1.0,1.0,0.0,0.0,0.0,1.0,0.0,0.0,6.0,0.0,0.0,1.0,0.0,1.0,1.0,1.0,4.0,1.0,5.0,2.0,7.0,0.83,1.77,4.0,0.0,3.0,0.0,1.0,3.0,3.0,0.0,0.0,0.0,0.83,0.0,0.0,1.0,0.0,0.0,0.0,0.0
5749648,2026-08-22T16:30:00.000Z,1,Serie A,Udinese,8600,Como,10171,934156,Jurgen Ekkelenkamp,Udinese,8600,False,8.01,85.0,0.15,0.28,0.0,0.0,0.0,0.0,21.0,30.0,1.0,1.0,0.0,0.0,0.0,0.0,0.0,0.0,4.0,0.0,50.0,7.0,0.0,0.0,4.0,2.0,3.0,0.0,1.0,1.0,2.0,1.0,4.0,0.0,0.0,0.0,1.0,5.0,9.0,1.0,1.0,6.0,4.0,0.13,0.0,2.0,1.0,0.0,2.0,0.0,0.0,2.0,0.0,1.0,0.0,0.13,0.0,0.0,0.0,0.0,0.0,0.0,0.0
5749648,2026-08-22T16:30:00.000Z,1,Serie A,Udinese,8600,Como,10171,1076647,Lucas Da Cunha,Como,10171,False,6.96,45.0,0.03,0.03,0.0,0.0,0.0,0.0,49.0,51.0,3.0,3.0,0.0,0.0,0.0,0.0,0.0,0.0,6.0,0.0,56.0,1.0,1.0,1.0,1.0,5.0,0.0,0.0,0.0,1.0,1.0,0.0,0.0,0.0,0.0,0.0,1.0,2.0,4.0,0.0,1.0,2.0,3.0,0.0,0.0,0.0,0.0,0.0,0.0,0.0,0.0,0.0,0.0,1.0,0.0,0.0,0.0,0.0,0.0,0.0,0.0,0.0,0.0
5749648,2026-08-22T16:30:00.000Z,1,Serie A,Udinese,8600,Como,10171,1091193,Maduka Okoye,Udinese,8600,True,7.88,90.0,0.0,0.0,5.0,1.0,2.19,1.19,17.0,26.0,2.0,11.0,4.0,3.0,0.0,0.0,8.0,1.0,12.0,0.0,41.0,0.0,0.0,0.0,0.0,1.0,0.0,0.0,0.0,0.0,0.0,0.0,0.0,0.0,0.0,0.0,0.0,0.0,0.0,0.0,0.0,0.0,0.0,0.0,0.0,0.0,0.0,0.0,0.0,0.0,0.0,0.0,0.0,0.0,0.0,0.0,0.0,0.0,0.0,0.0,0.0,0.0,0.0
5749648,2026-08-22T16:30:00.000Z,1,Serie A,Udinese,8600,Como,10171,1106916,Oier Zarraga,Udinese,8600,False,0.0,1.0,0.0,0.0,0.0,0.0,0.0,0.0,2.0,2.0,0.0,0.0,0.0,0.0,0.0,0.0,0.0,0.0,1.0,0.0,3.0,0.0,0.0,0.0,0.0,0.0,0.0,0.0,0.0,0.0,0.0,0.0,0.0,0.0,0.0,0.0,0.0,0.0,0.0,0.0,0.0,0.0,0.0,0.0,0.0,0.0,0.0,0.0,0.0,0.0,0.0,0.0,0.0,0.0,0.0,0.0,0.0,0.0,0.0,0.0,0.0,0.0,0.0
5749648,2026-08-22T16:30:00.000Z,1,Serie A,Udinese,8600,Como,10171,1109171,Yan Couto,Como,10171,False,6.87,89.0,0.04,0.06,0.0,0.0,0.0,0.0,26.0,34.0,0.0,0.0,0.0,0.0,0.0,0.0,0.0,0.0,3.0,2.0,44.0,2.0,0.0,0.0,0.0,3.0,0.0,0.0,0.0,2.0,0.0,0.0,0.0,0.0,0.0,1.0,0.0,0.0,0.0,0.0,0.0,0.0,0.0,0.02,0.0,1.0,0.0,0.0,1.0,0.0,0.0,1.0,0.0,2.0,0.0,0.02,0.0,0.0,0.0,0.0,0.0,0.0,0.0
5749648,2026-08-22T16:30:00.000Z,1,Serie A,Udinese,8600,Como,10171,1122424,Noel Törnqvist,Como,10171,True,0.0,0.0,0.0,0.0,0.0,0.0,0.0,0.0,0.0,0.0,0.0,0.0,0.0,0.0,0.0,0.0,0.0,0.0,0.0,0.0,0.0,0.0,0.0,0.0,0.0,0.0,0.0,0.0,0.0,0.0,0.0,0.0,0.0,0.0,0.0,0.0,0.0,0.0,0.0,0.0,0.0,0.0,0.0,0.0,0.0,0.0,0.0,0.0,0.0,0.0,0.0,0.0,0.0,0.0,0.0,0.0,0.0,0.0,0.0,0.0,0.0,0.0,0.0
5749648,2026-08-22T16:30:00.000Z,1,Serie A,Udinese,8600,Como,10171,1146636,Edoardo Piana,Udinese,8600,True,0.0,0.0,0.0,0.0,0.0,0.0,0.0,0.0,0.0,0.0,0.0,0.0,0.0,0.0,0.0,0.0,0.0,0.0,0.0,0.0,0.0,0.0,0.0,0.0,0.0,0.0,0.0,0.0,0.0,0.0,0.0,0.0,0.0,0.0,0.0,0.0,0.0,0.0,0.0,0.0,0.0,0.0,0.0,0.0,0.0,0.0,0.0,0.0,0.0,0.0,0.0,0.0,0.0,0.0,0.0,0.0,0.0,0.0,0.0,0.0,0.0,0.0,0.0
5749648,2026-08-22T16:30:00.000Z,1,Serie A,Udinese,8600,Como,10171,1215064,Martin Baturina,Como,10171,False,6.32,45.0,0.04,0.07,0.0,0.0,0.0,0.0,16.0,19.0,0.0,1.0,0.0,0.0,0.0,0.0,0.0,0.0,2.0,0.0,26.0,1.0,1.0,0.0,1.0,4.0,0.0,0.0,0.0,0.0,1.0,0.0,0.0,1.0,0.0,0.0,1.0,2.0,4.0,0.0,0.0,2.0,2.0,0.03,0.0,1.0,0.0,0.0,0.0,1.0,0.0,0.0,0.0,0.0,0.0,0.03,0.0,0.0,0.0,0.0,0.0,0.0,0.0
5749648,2026-08-22T16:30:00.000Z,1,Serie A,Udinese,8600,Como,10171,1258292,Nicolò Bertola,Udinese,8600,False,0.0,0.0,0.0,0.0,0.0,0.0,0.0,0.0,0.0,0.0,0.0,0.0,0.0,0.0,0.0,0.0,0.0,0.0,0.0,0.0,0.0,0.0,0.0,0.0,0.0,0.0,0.0,0.0,0.0,0.0,0.0,0.0,0.0,0.0,0.0,0.0,0.0,0.0,0.0,0.0,0.0,0.0,0.0,0.0,0.0,0.0,0.0,0.0,0.0,0.0,0.0,0.0,0.0,0.0,0.0,0.0,0.0,0.0,0.0,0.0,0.0,0.0,0.0
5749648,2026-08-22T16:30:00.000Z,1,Serie A,Udinese,8600,Como,10171,1269329,James Abankwah,Udinese,8600,False,6.78,90.0,0.13,0.13,0.0,0.0,0.0,0.0,32.0,37.0,3.0,6.0,0.0,0.0,0.0,0.0,0.0,0.0,4.0,3.0,49.0,7.0,0.0,1.0,2.0,6.0,0.0,0.0,0.0,0.0,0.0,0.0,0.0,0.0,2.0,2.0,1.0,2.0,4.0,1.0,2.0,3.0,3.0,0.0,0.0,0.0,0.0,0.0,0.0,0.0,0.0,0.0,0.0,0.0,0.0,0.0,0.0,0.0,0.0,0.0,0.0,0.0,0.0
5749648,2026-08-22T16:30:00.000Z,1,Serie A,Udinese,8600,Como,10171,1336582,Máximo Perrone,Como,10171,False,5.93,45.0,0.01,0.01,0.0,0.0,0.0,0.0,46.0,49.0,1.0,3.0,0.0,0.0,0.0,0.0,0.0,0.0,2.0,0.0,51.0,0.0,0.0,0.0,0.0,4.0,0.0,0.0,0.0,0.0,0.0,0.0,0.0,1.0,0.0,0.0,0.0,0.0,1.0,0.0,0.0,0.0,1.0,0.0,0.0,0.0,0.0,0.0,0.0,0.0,0.0,0.0,0.0,0.0,0.0,0.0,0.0,0.0,0.0,0.0,0.0,0.0,0.0
5749648,2026-08-22T16:30:00.000Z,1,Serie A,Udinese,8600,Como,10171,1347574,Nico Paz,Como,10171,False,7.28,89.0,0.02,0.16999999999999998,0.0,0.0,0.0,0.0,43.0,48.0,2.0,3.0,0.0,0.0,0.0,0.0,0.0,0.0,2.0,0.0,72.0,8.0,4.0,5.0,8.0,4.0,0.0,0.0,0.0,1.0,4.0,0.0,2.0,0.0,0.0,0.0,2.0,12.0,21.0,1.0,1.0,13.0,9.0,0.15,0.08,4.0,0.0,1.0,1.0,2.0,1.0,2.0,0.0,0.0,0.0,0.15,0.0,0.0,0.0,0.0,0.0,0.0,0.0
5749648,2026-08-22T16:30:00.000Z,1,Serie A,Udinese,8600,Como,10171,1353289,Ivan Smolcic,Como,10171,False,0.0,1.0,0.0,0.0,0.0,0.0,0.0,0.0,7.0,9.0,0.0,2.0,0.0,0.0,0.0,0.0,0.0,0.0,0.0,1.0,11.0,2.0,0.0,1.0,0.0,2.0,1.0,0.0,0.0,0.0,0.0,0.0,0.0,0.0,0.0,0.0,0.0,0.0,1.0,0.0,0.0,0.0,1.0,0.0,0.0,0.0,0.0,0.0,0.0,0.0,0.0,0.0,0.0,0.0,0.0,0.0,0.0,0.0,0.0,0.0,0.0,0.0,0.0
5749648,2026-08-22T16:30:00.000Z,1,Serie A,Udinese,8600,Como,10171,1384881,Álex Valle,Como,10171,False,6.82,90.0,0.02,0.07,0.0,0.0,0.0,0.0,53.0,61.0,0.0,1.0,0.0,0.0,0.0,0.0,0.0,0.0,6.0,2.0,86.0,5.0,1.0,2.0,1.0,9.0,2.0,0.0,0.0,1.0,1.0,0.0,1.0,2.0,0.0,1.0,0.0,2.0,7.0,0.0,1.0,2.0,6.0,0.05,0.0,2.0,0.0,0.0,0.0,2.0,0.0,0.0,0.0,1.0,0.0,0.05,0.0,0.0,0.0,0.0,0.0,0.0,0.0
5749648,2026-08-22T16:30:00.000Z,1,Serie A,Udinese,8600,Como,10171,1399969,Lennon Miller,Udinese,8600,False,6.32,19.0,0.01,0.04,0.0,0.0,0.0,0.0,8.0,8.0,0.0,0.0,0.0,0.0,0.0,0.0,0.0,0.0,1.0,1.0,12.0,1.0,0.0,2.0,0.0,1.0,0.0,0.0,0.0,0.0,1.0,1.0,1.0,0.0,0.0,0.0,1.0,1.0,4.0,0.0,0.0,1.0,3.0,0.03,0.05,1.0,0.0,1.0,0.0,0.0,1.0,1.0,0.0,0.0,0.0,0.03,0.0,0.0,0.0,0.0,0.0,0.0,0.0
5749648,2026-08-22T16:30:00.000Z,1,Serie A,Udinese,8600,Como,10171,1413963,Jacobo Ramón,Como,10171,False,7.71,90.0,0.03,0.23,0.0,0.0,0.0,0.0,69.0,77.0,1.0,3.0,0.0,0.0,0.0,0.0,0.0,0.0,6.0,2.0,91.0,4.0,1.0,0.0,2.0,6.0,0.0,0.0,0.0,1.0,1.0,1.0,2.0,0.0,0.0,1.0,0.0,4.0,5.0,3.0,4.0,7.0,2.0,0.2,0.0,1.0,0.0,0.0,1.0,0.0,0.0,1.0,0.0,1.0,0.0,0.2,0.0,0.0,1.0,1.0,0.0,0.0,0.0
5749648,2026-08-22T16:30:00.000Z,1,Serie A,Udinese,8600,Como,10171,1434889,Assane Diao,Como,10171,False,6.48,45.0,0.13,0.18,0.0,0.0,0.0,0.0,8.0,11.0,0.0,0.0,0.0,0.0,0.0,0.0,0.0,0.0,2.0,0.0,21.0,0.0,0.0,0.0,0.0,0.0,0.0,0.0,0.0,2.0,5.0,1.0,4.0,0.0,0.0,0.0,0.0,1.0,4.0,0.0,1.0,1.0,4.0,0.05,0.0,2.0,1.0,0.0,2.0,0.0,0.0,2.0,0.0,1.0,0.0,0.05,0.0,0.0,0.0,0.0,0.0,0.0,0.0
5749648,2026-08-22T16:30:00.000Z,1,Serie A,Udinese,8600,Como,10171,1436270,Unai Gómez,Udinese,8600,False,0.0,5.0,0.0,0.0,0.0,0.0,0.0,0.0,1.0,1.0,0.0,0.0,0.0,0.0,0.0,0.0,0.0,0.0,0.0,0.0,4.0,0.0,2.0,1.0,0.0,0.0,0.0,0.0,0.0,0.0,0.0,0.0,0.0,0.0,0.0,0.0,0.0,2.0,3.0,0.0,0.0,2.0,1.0,0.0,0.0,0.0,0.0,0.0,0.0,0.0,0.0,0.0,1.0,1.0,0.0,0.0,0.0,0.0,0.0,0.0,0.0,0.0,0.0
5749648,2026-08-22T16:30:00.000Z,1,Serie A,Udinese,8600,Como,10171,1450999,Juan Arizala,Udinese,8600,False,0.0,0.0,0.0,0.0,0.0,0.0,0.0,0.0,0.0,0.0,0.0,0.0,0.0,0.0,0.0,0.0,0.0,0.0,0.0,0.0,0.0,0.0,0.0,0.0,0.0,0.0,0.0,0.0,0.0,0.0,0.0,0.0,0.0,0.0,0.0,0.0,0.0,0.0,0.0,0.0,0.0,0.0,0.0,0.0,0.0,0.0,0.0,0.0,0.0,0.0,0.0,0.0,0.0,0.0,0.0,0.0,0.0,0.0,0.0,0.0,0.0,0.0,0.0
5749648,2026-08-22T16:30:00.000Z,1,Serie A,Udinese,8600,Como,10171,1459564,Kaiki,Como,10171,False,0.0,0.0,0.0,0.0,0.0,0.0,0.0,0.0,0.0,0.0,0.0,0.0,0.0,0.0,0.0,0.0,0.0,0.0,0.0,0.0,0.0,0.0,0.0,0.0,0.0,0.0,0.0,0.0,0.0,0.0,0.0,0.0,0.0,0.0,0.0,0.0,0.0,0.0,0.0,0.0,0.0,0.0,0.0,0.0,0.0,0.0,0.0,0.0,0.0,0.0,0.0,0.0,0.0,0.0,0.0,0.0,0.0,0.0,0.0,0.0,0.0,0.0,0.0
5749648,2026-08-22T16:30:00.000Z,1,Serie A,Udinese,8600,Como,10171,1480713,David Pejicic,Udinese,8600,False,0.0,0.0,0.0,0.0,0.0,0.0,0.0,0.0,0.0,0.0,0.0,0.0,0.0,0.0,0.0,0.0,0.0,0.0,0.0,0.0,0.0,0.0,0.0,0.0,0.0,0.0,0.0,0.0,0.0,0.0,0.0,0.0,0.0,0.0,0.0,0.0,0.0,0.0,0.0,0.0,0.0,0.0,0.0,0.0,0.0,0.0,0.0,0.0,0.0,0.0,0.0,0.0,0.0,0.0,0.0,0.0,0.0,0.0,0.0,0.0,0.0,0.0,0.0
5749648,2026-08-22T16:30:00.000Z,1,Serie A,Udinese,8600,Como,10171,1507697,Saba Goglichidze,Udinese,8600,False,0.0,0.0,0.0,0.0,0.0,0.0,0.0,0.0,0.0,0.0,0.0,0.0,0.0,0.0,0.0,0.0,0.0,0.0,0.0,0.0,0.0,0.0,0.0,0.0,0.0,0.0,0.0,0.0,0.0,0.0,0.0,0.0,0.0,0.0,0.0,0.0,0.0,0.0,0.0,0.0,0.0,0.0,0.0,0.0,0.0,0.0,0.0,0.0,0.0,0.0,0.0,0.0,0.0,0.0,0.0,0.0,0.0,0.0,0.0,0.0,0.0,0.0,0.0
5749648,2026-08-22T16:30:00.000Z,1,Serie A,Udinese,8600,Como,10171,1532261,Idrissa Gueye,Udinese,8600,False,6.6,72.0,0.02,0.44,0.0,0.0,0.0,0.0,13.0,17.0,0.0,0.0,0.0,0.0,0.0,0.0,0.0,0.0,2.0,1.0,27.0,1.0,0.0,1.0,0.0,0.0,0.0,0.0,0.0,2.0,5.0,0.0,1.0,1.0,0.0,1.0,0.0,0.0,3.0,6.0,10.0,6.0,7.0,0.42,0.0,3.0,0.0,0.0,3.0,0.0,0.0,3.0,0.0,0.0,0.0,0.42,0.0,0.0,1.0,0.0,0.0,0.0,0.0
5749648,2026-08-22T16:30:00.000Z,1,Serie A,Udinese,8600,Como,10171,1593861,Mattia Liberali,Como,10171,False,6.42,19.0,0.03,0.09,0.0,0.0,0.0,0.0,11.0,11.0,0.0,0.0,0.0,0.0,0.0,0.0,0.0,0.0,3.0,0.0,22.0,2.0,1.0,0.0,1.0,0.0,1.0,0.0,0.0,1.0,3.0,0.0,2.0,1.0,0.0,0.0,0.0,2.0,5.0,0.0,0.0,2.0,3.0,0.06,0.24,2.0,0.0,1.0,1.0,0.0,1.0,2.0,0.0,0.0,0.0,0.06,0.0,0.0,0.0,0.0,0.0,0.0,0.0
5749648,2026-08-22T16:30:00.000Z,1,Serie A,Udinese,8600,Como,10171,1615459,Adrian Lahdo,Como,10171,False,0.0,0.0,0.0,0.0,0.0,0.0,0.0,0.0,0.0,0.0,0.0,0.0,0.0,0.0,0.0,0.0,0.0,0.0,0.0,0.0,0.0,0.0,0.0,0.0,0.0,0.0,0.0,0.0,0.0,0.0,0.0,0.0,0.0,0.0,0.0,0.0,0.0,0.0,0.0,0.0,0.0,0.0,0.0,0.0,0.0,0.0,0.0,0.0,0.0,0.0,0.0,0.0,0.0,0.0,0.0,0.0,0.0,0.0,0.0,0.0,0.0,0.0,0.0
5749648,2026-08-22T16:30:00.000Z,1,Serie A,Udinese,8600,Como,10171,1624039,Jesús Rodríguez,Como,10171,False,6.13,71.0,0.01,0.11,0.0,0.0,0.0,0.0,8.0,10.0,0.0,1.0,0.0,0.0,0.0,0.0,0.0,0.0,0.0,0.0,30.0,0.0,0.0,1.0,0.0,1.0,0.0,0.0,0.0,0.0,7.0,1.0,4.0,1.0,0.0,0.0,0.0,1.0,6.0,0.0,1.0,1.0,6.0,0.1,0.0,2.0,0.0,0.0,1.0,1.0,0.0,1.0,0.0,2.0,0.0,0.1,0.0,0.0,1.0,0.0,0.0,0.0,0.0
5749648,2026-08-22T16:30:00.000Z,1,Serie A,Udinese,8600,Como,10171,1645922,Matteo Palma,Udinese,8600,False,6.82,45.0,0.0,0.0,0.0,0.0,0.0,0.0,15.0,17.0,1.0,2.0,0.0,0.0,0.0,0.0,0.0,0.0,2.0,3.0,24.0,5.0,1.0,0.0,1.0,2.0,0.0,0.0,0.0,0.0,0.0,0.0,0.0,0.0,1.0,1.0,0.0,2.0,2.0,2.0,2.0,4.0,0.0,0.0,0.0,0.0,0.0,0.0,0.0,0.0,0.0,0.0,0.0,0.0,0.0,0.0,0.0,0.0,0.0,0.0,0.0,0.0,0.0
5749648,2026-08-22T16:30:00.000Z,1,Serie A,Udinese,8600,Como,10171,1712223,Branimir Mlacic,Udinese,8600,False,0.0,0.0,0.0,0.0,0.0,0.0,0.0,0.0,0.0,0.0,0.0,0.0,0.0,0.0,0.0,0.0,0.0,0.0,0.0,0.0,0.0,0.0,0.0,0.0,0.0,0.0,0.0,0.0,0.0,0.0,0.0,0.0,0.0,0.0,0.0,0.0,0.0,0.0,0.0,0.0,0.0,0.0,0.0,0.0,0.0,0.0,0.0,0.0,0.0,0.0,0.0,0.0,0.0,0.0,0.0,0.0,0.0,0.0,0.0,0.0,0.0,0.0,0.0
5749648,2026-08-22T16:30:00.000Z,1,Serie A,Udinese,8600,Como,10171,1805112,Giulio Vinciati,Udinese,8600,False,0.0,0.0,0.0,0.0,0.0,0.0,0.0,0.0,0.0,0.0,0.0,0.0,0.0,0.0,0.0,0.0,0.0,0.0,0.0,0.0,0.0,0.0,0.0,0.0,0.0,0.0,0.0,0.0,0.0,0.0,0.0,0.0,0.0,0.0,0.0,0.0,0.0,0.0,0.0,0.0,0.0,0.0,0.0,0.0,0.0,0.0,0.0,0.0,0.0,0.0,0.0,0.0,0.0,0.0,0.0,0.0,0.0,0.0,0.0,0.0,0.0,0.0,0.0
5749648,2026-08-22T16:30:00.000Z,1,Serie A,Udinese,8600,Como,10171,1988949,Riccardo Cassano,Como,10171,False,0.0,0.0,0.0,0.0,0.0,0.0,0.0,0.0,0.0,0.0,0.0,0.0,0.0,0.0,0.0,0.0,0.0,0.0,0.0,0.0,0.0,0.0,0.0,0.0,0.0,0.0,0.0,0.0,0.0,0.0,0.0,0.0,0.0,0.0,0.0,0.0,0.0,0.0,0.0,0.0,0.0,0.0,0.0,0.0,0.0,0.0,0.0,0.0,0.0,0.0,0.0,0.0,0.0,0.0,0.0,0.0,0.0,0.0,0.0,0.0,0.0,0.0,0.0
5749649,2026-08-23T16:30:00.000Z,1,Serie A,Venezia,7881,Lecce,9888,362200,Wladimiro Falcone,Lecce,9888,True,8.98,90.0,0.0,0.0,6.0,0.0,1.82,1.82,13.0,34.0,7.0,28.0,3.0,4.0,0.0,0.0,1.0,2.0,11.0,0.0,44.0,0.0,0.0,0.0,0.0,7.0,0.0,0.0,0.0,0.0,0.0,0.0,0.0,0.0,0.0,0.0,0.0,0.0,0.0,0.0,0.0,0.0,0.0,0.0,0.0,0.0,0.0,0.0,0.0,0.0,0.0,0.0,0.0,0.0,0.0,0.0,0.0,0.0,0.0,0.0,0.0,0.0,0.0
5749649,2026-08-23T16:30:00.000Z,1,Serie A,Venezia,7881,Lecce,9888,414232,Ridgeciano Haps,Venezia,7881,False,6.26,26.0,0.08,0.41000000000000003,0.0,0.0,0.0,0.0,7.0,9.0,0.0,1.0,0.0,0.0,0.0,0.0,0.0,0.0,0.0,0.0,17.0,0.0,1.0,0.0,0.0,0.0,0.0,0.0,0.0,1.0,3.0,0.0,1.0,0.0,0.0,0.0,0.0,1.0,2.0,0.0,0.0,1.0,1.0,0.33,0.52,1.0,1.0,1.0,0.0,0.0,1.0,1.0,1.0,3.0,0.0,0.33,0.0,0.0,1.0,0.0,0.0,0.0,0.0
5749649,2026-08-23T16:30:00.000Z,1,Serie A,Venezia,7881,Lecce,9888,491784,Lorenzo Montipò,Venezia,7881,True,0.0,0.0,0.0,0.0,0.0,0.0,0.0,0.0,0.0,0.0,0.0,0.0,0.0,0.0,0.0,0.0,0.0,0.0,0.0,0.0,0.0,0.0,0.0,0.0,0.0,0.0,0.0,0.0,0.0,0.0,0.0,0.0,0.0,0.0,0.0,0.0,0.0,0.0,0.0,0.0,0.0,0.0,0.0,0.0,0.0,0.0,0.0,0.0,0.0,0.0,0.0,0.0,0.0,0.0,0.0,0.0,0.0,0.0,0.0,0.0,0.0,0.0,0.0
5749649,2026-08-23T16:30:00.000Z,1,Serie A,Venezia,7881,Lecce,9888,506322,Marco Bleve,Lecce,9888,True,0.0,0.0,0.0,0.0,0.0,0.0,0.0,0.0,0.0,0.0,0.0,0.0,0.0,0.0,0.0,0.0,0.0,0.0,0.0,0.0,0.0,0.0,0.0,0.0,0.0,0.0,0.0,0.0,0.0,0.0,0.0,0.0,0.0,0.0,0.0,0.0,0.0,0.0,0.0,0.0,0.0,0.0,0.0,0.0,0.0,0.0,0.0,0.0,0.0,0.0,0.0,0.0,0.0,0.0,0.0,0.0,0.0,0.0,0.0,0.0,0.0,0.0,0.0
5749649,2026-08-23T16:30:00.000Z,1,Serie A,Venezia,7881,Lecce,9888,651435,Toma Basic,Venezia,7881,False,6.71,85.0,0.38,0.38,0.0,0.0,0.0,0.0,42.0,52.0,3.0,5.0,0.0,0.0,0.0,0.0,0.0,0.0,2.0,1.0,72.0,2.0,1.0,1.0,1.0,7.0,0.0,0.0,0.0,3.0,0.0,1.0,1.0,1.0,0.0,0.0,1.0,3.0,6.0,0.0,1.0,3.0,4.0,0.0,0.0,0.0,1.0,0.0,0.0,0.0,0.0,0.0,2.0,8.0,2.0,0.0,0.0,0.0,0.0,0.0,0.0,0.0,0.0
5749649,2026-08-23T16:30:00.000Z,1,Serie A,Venezia,7881,Lecce,9888,664587,Lassana Coulibaly,Lecce,9888,False,8.57,90.0,0.1,0.22,0.0,0.0,0.0,0.0,23.0,29.0,0.0,2.0,0.0,0.0,0.0,0.0,0.0,0.0,8.0,3.0,56.0,7.0,2.0,2.0,2.0,3.0,2.0,0.0,1.0,2.0,2.0,3.0,6.0,0.0,0.0,1.0,3.0,7.0,14.0,1.0,2.0,8.0,8.0,0.12,0.0,1.0,0.0,0.0,1.0,0.0,0.0,1.0,0.0,0.0,0.0,0.12,0.0,0.0,0.0,1.0,0.0,0.0,0.0
5749649,2026-08-23T16:30:00.000Z,1,Serie A,Venezia,7881,Lecce,9888,789243,Youssef Maleh,Lecce,9888,False,6.49,29.0,0.38,0.41000000000000003,0.0,0.0,0.0,0.0,7.0,9.0,0.0,0.0,0.0,0.0,0.0,0.0,0.0,0.0,0.0,0.0,20.0,1.0,1.0,0.0,1.0,0.0,0.0,0.0,0.0,1.0,2.0,0.0,1.0,0.0,0.0,0.0,0.0,2.0,3.0,0.0,1.0,2.0,2.0,0.03,0.11,1.0,1.0,1.0,0.0,0.0,1.0,1.0,1.0,3.0,2.0,0.03,0.0,0.0,0.0,0.0,0.0,0.0,0.0
5749649,2026-08-23T16:30:00.000Z,1,Serie A,Venezia,7881,Lecce,9888,845368,John Yeboah,Venezia,7881,False,6.99,90.0,0.07,0.29000000000000004,0.0,0.0,0.0,0.0,25.0,30.0,1.0,1.0,0.0,0.0,0.0,0.0,0.0,0.0,2.0,0.0,49.0,2.0,2.0,0.0,2.0,1.0,0.0,0.0,0.0,2.0,7.0,4.0,6.0,2.0,0.0,0.0,1.0,8.0,13.0,0.0,0.0,8.0,5.0,0.22,0.51,2.0,0.0,1.0,1.0,0.0,1.0,2.0,0.0,2.0,0.0,0.22,0.0,0.0,1.0,0.0,0.0,0.0,0.0
5749649,2026-08-23T16:30:00.000Z,1,Serie A,Venezia,7881,Lecce,9888,866165,Lion Lauberbach,Venezia,7881,False,0.0,0.0,0.0,0.0,0.0,0.0,0.0,0.0,0.0,0.0,0.0,0.0,0.0,0.0,0.0,0.0,0.0,0.0,0.0,0.0,0.0,0.0,0.0,0.0,0.0,0.0,0.0,0.0,0.0,0.0,0.0,0.0,0.0,0.0,0.0,0.0,0.0,0.0,0.0,0.0,0.0,0.0,0.0,0.0,0.0,0.0,0.0,0.0,0.0,0.0,0.0,0.0,0.0,0.0,0.0,0.0,0.0,0.0,0.0,0.0,0.0,0.0,0.0
5749649,2026-08-23T16:30:00.000Z,1,Serie A,Venezia,7881,Lecce,9888,879065,Antonino Gallo,Lecce,9888,False,6.41,45.0,0.0,0.02,0.0,0.0,0.0,0.0,5.0,8.0,0.0,1.0,0.0,0.0,0.0,0.0,0.0,0.0,0.0,2.0,15.0,2.0,0.0,0.0,0.0,4.0,0.0,0.0,0.0,0.0,0.0,0.0,0.0,0.0,0.0,1.0,0.0,0.0,0.0,0.0,0.0,0.0,0.0,0.02,0.0,1.0,0.0,0.0,1.0,0.0,0.0,1.0,0.0,0.0,0.0,0.02,0.0,0.0,0.0,0.0,0.0,0.0,0.0
5749649,2026-08-23T16:30:00.000Z,1,Serie A,Venezia,7881,Lecce,9888,883824,Willem Geubbels,Lecce,9888,False,6.23,74.0,0.04,0.04,0.0,0.0,0.0,0.0,6.0,9.0,0.0,0.0,0.0,0.0,0.0,0.0,0.0,0.0,1.0,0.0,25.0,1.0,1.0,3.0,1.0,0.0,0.0,0.0,0.0,0.0,3.0,0.0,3.0,0.0,0.0,0.0,0.0,2.0,8.0,1.0,9.0,3.0,14.0,0.0,0.0,0.0,0.0,0.0,0.0,0.0,0.0,0.0,0.0,0.0,0.0,0.0,0.0,1.0,0.0,0.0,0.0,0.0,0.0
5749649,2026-08-23T16:30:00.000Z,1,Serie A,Venezia,7881,Lecce,9888,888167,Kike Pérez,Venezia,7881,False,6.35,70.0,0.11,0.11,0.0,0.0,0.0,0.0,40.0,54.0,2.0,7.0,0.0,0.0,0.0,0.0,0.0,0.0,3.0,1.0,63.0,1.0,2.0,1.0,0.0,10.0,0.0,0.0,0.0,1.0,1.0,0.0,0.0,1.0,0.0,0.0,0.0,2.0,4.0,1.0,2.0,3.0,3.0,0.0,0.0,0.0,0.0,0.0,0.0,0.0,0.0,0.0,0.0,1.0,0.0,0.0,0.0,0.0,0.0,0.0,0.0,0.0,0.0
5749649,2026-08-23T16:30:00.000Z,1,Serie A,Venezia,7881,Lecce,9888,924431,Gianluca Busio,Venezia,7881,False,7.77,90.0,0.04,0.27999999999999997,0.0,0.0,0.0,0.0,97.0,103.0,8.0,8.0,0.0,0.0,0.0,0.0,0.0,0.0,5.0,1.0,122.0,4.0,1.0,1.0,2.0,9.0,0.0,0.0,0.0,1.0,0.0,2.0,2.0,2.0,1.0,0.0,1.0,5.0,9.0,2.0,2.0,7.0,4.0,0.24,0.0,3.0,0.0,0.0,2.0,1.0,0.0,2.0,0.0,3.0,2.0,0.24,0.0,0.0,0.0,1.0,1.0,0.0,0.0
5749649,2026-08-23T16:30:00.000Z,1,Serie A,Venezia,7881,Lecce,9888,939593,Thórir Helgason,Venezia,7881,False,0.0,0.0,0.0,0.0,0.0,0.0,0.0,0.0,0.0,0.0,0.0,0.0,0.0,0.0,0.0,0.0,0.0,0.0,0.0,0.0,0.0,0.0,0.0,0.0,0.0,0.0,0.0,0.0,0.0,0.0,0.0,0.0,0.0,0.0,0.0,0.0,0.0,0.0,0.0,0.0,0.0,0.0,0.0,0.0,0.0,0.0,0.0,0.0,0.0,0.0,0.0,0.0,0.0,0.0,0.0,0.0,0.0,0.0,0.0,0.0,0.0,0.0,0.0
5749649,2026-08-23T16:30:00.000Z,1,Serie A,Venezia,7881,Lecce,9888,951765,Armel Bella-Kotchap,Venezia,7881,False,6.24,90.0,0.01,0.26,0.0,0.0,0.0,0.0,67.0,76.0,3.0,4.0,0.0,0.0,0.0,0.0,0.0,0.0,4.0,4.0,93.0,9.0,3.0,0.0,2.0,5.0,2.0,0.0,0.0,0.0,1.0,0.0,0.0,1.0,1.0,3.0,0.0,5.0,6.0,7.0,9.0,12.0,3.0,0.25,0.0,1.0,0.0,0.0,1.0,0.0,0.0,1.0,0.0,0.0,0.0,0.25,1.0,0.0,1.0,0.0,0.0,1.0,0.0
5749649,2026-08-23T16:30:00.000Z,1,Serie A,Venezia,7881,Lecce,9888,958640,Akor Adams,Venezia,7881,False,6.47,90.0,0.01,0.24000000000000002,0.0,0.0,0.0,0.0,12.0,14.0,0.0,0.0,0.0,0.0,0.0,0.0,0.0,0.0,2.0,1.0,30.0,2.0,0.0,1.0,0.0,3.0,1.0,0.0,0.0,0.0,2.0,2.0,3.0,1.0,0.0,0.0,0.0,2.0,5.0,2.0,5.0,4.0,6.0,0.23,0.15,3.0,0.0,1.0,2.0,0.0,1.0,3.0,0.0,0.0,0.0,0.23,0.0,1.0,0.0,0.0,0.0,0.0,0.0
5749649,2026-08-23T16:30:00.000Z,1,Serie A,Venezia,7881,Lecce,9888,975242,Simon Sohm,Venezia,7881,False,0.0,0.0,0.0,0.0,0.0,0.0,0.0,0.0,0.0,0.0,0.0,0.0,0.0,0.0,0.0,0.0,0.0,0.0,0.0,0.0,0.0,0.0,0.0,0.0,0.0,0.0,0.0,0.0,0.0,0.0,0.0,0.0,0.0,0.0,0.0,0.0,0.0,0.0,0.0,0.0,0.0,0.0,0.0,0.0,0.0,0.0,0.0,0.0,0.0,0.0,0.0,0.0,0.0,0.0,0.0,0.0,0.0,0.0,0.0,0.0,0.0,0.0,0.0
5749649,2026-08-23T16:30:00.000Z,1,Serie A,Venezia,7881,Lecce,9888,992052,Thierry Correia,Venezia,7881,False,6.46,64.0,0.04,0.22,0.0,0.0,0.0,0.0,17.0,26.0,0.0,0.0,0.0,0.0,0.0,0.0,0.0,0.0,6.0,0.0,50.0,2.0,0.0,3.0,2.0,0.0,0.0,0.0,0.0,1.0,2.0,1.0,4.0,1.0,0.0,0.0,0.0,3.0,9.0,0.0,0.0,3.0,6.0,0.18,0.0,3.0,0.0,1.0,1.0,1.0,1.0,2.0,1.0,3.0,0.0,0.18,0.0,0.0,0.0,0.0,0.0,0.0,0.0
5749649,2026-08-23T16:30:00.000Z,1,Serie A,Venezia,7881,Lecce,9888,1027594,Konan N’Dri,Lecce,9888,False,6.92,74.0,0.01,0.05,0.0,0.0,0.0,0.0,11.0,13.0,0.0,0.0,0.0,0.0,0.0,0.0,0.0,0.0,1.0,1.0,30.0,4.0,0.0,0.0,3.0,1.0,0.0,0.0,0.0,0.0,4.0,1.0,3.0,0.0,0.0,0.0,1.0,4.0,7.0,0.0,1.0,4.0,4.0,0.04,0.0,1.0,0.0,0.0,1.0,0.0,0.0,1.0,0.0,3.0,0.0,0.04,0.0,0.0,0.0,0.0,0.0,0.0,0.0
5749649,2026-08-23T16:30:00.000Z,1,Serie A,Venezia,7881,Lecce,9888,1039403,Santiago Pierotti,Lecce,9888,False,7.79,89.0,0.07,0.53,0.0,0.0,0.0,0.0,25.0,29.0,0.0,0.0,0.0,0.0,0.0,0.0,0.0,0.0,6.0,2.0,51.0,6.0,0.0,1.0,3.0,3.0,1.0,0.0,0.0,1.0,3.0,1.0,2.0,0.0,0.0,1.0,3.0,4.0,9.0,4.0,5.0,8.0,6.0,0.46,0.0,2.0,1.0,1.0,1.0,0.0,1.0,2.0,0.0,1.0,0.0,0.46,0.0,0.0,1.0,0.0,0.0,0.0,0.0
5749649,2026-08-23T16:30:00.000Z,1,Serie A,Venezia,7881,Lecce,9888,1041508,Corrie Ndaba,Lecce,9888,False,6.21,45.0,0.01,0.01,0.0,0.0,0.0,0.0,6.0,8.0,0.0,2.0,0.0,0.0,0.0,0.0,0.0,0.0,0.0,3.0,22.0,3.0,0.0,0.0,0.0,3.0,0.0,0.0,0.0,0.0,0.0,0.0,0.0,0.0,0.0,1.0,0.0,0.0,0.0,0.0,1.0,0.0,1.0,0.0,0.0,0.0,0.0,0.0,0.0,0.0,0.0,0.0,0.0,1.0,0.0,0.0,0.0,0.0,0.0,0.0,0.0,0.0,0.0
5749649,2026-08-23T16:30:00.000Z,1,Serie A,Venezia,7881,Lecce,9888,1050821,Simone Panada,Venezia,7881,False,0.0,0.0,0.0,0.0,0.0,0.0,0.0,0.0,0.0,0.0,0.0,0.0,0.0,0.0,0.0,0.0,0.0,0.0,0.0,0.0,0.0,0.0,0.0,0.0,0.0,0.0,0.0,0.0,0.0,0.0,0.0,0.0,0.0,0.0,0.0,0.0,0.0,0.0,0.0,0.0,0.0,0.0,0.0,0.0,0.0,0.0,0.0,0.0,0.0,0.0,0.0,0.0,0.0,0.0,0.0,0.0,0.0,0.0,0.0,0.0,0.0,0.0,0.0
5749649,2026-08-23T16:30:00.000Z,1,Serie A,Venezia,7881,Lecce,9888,1072710,Bartol Franjic,Venezia,7881,False,7.09,90.0,0.02,0.29000000000000004,0.0,0.0,0.0,0.0,72.0,80.0,3.0,7.0,0.0,0.0,0.0,0.0,0.0,0.0,5.0,1.0,100.0,5.0,0.0,0.0,2.0,15.0,2.0,0.0,0.0,0.0,2.0,2.0,3.0,1.0,0.0,1.0,0.0,4.0,6.0,2.0,4.0,6.0,4.0,0.27,0.62,2.0,0.0,2.0,0.0,0.0,2.0,2.0,0.0,1.0,0.0,0.27,0.0,0.0,1.0,0.0,0.0,0.0,0.0
5749649,2026-08-23T16:30:00.000Z,1,Serie A,Venezia,7881,Lecce,9888,1130600,Filip Stankovic,Venezia,7881,True,6.12,90.0,0.0,0.0,2.0,2.0,2.13,0.13,43.0,47.0,8.0,11.0,1.0,1.0,1.0,0.0,9.0,1.0,10.0,0.0,60.0,0.0,0.0,0.0,0.0,2.0,0.0,0.0,0.0,0.0,0.0,0.0,0.0,0.0,0.0,0.0,0.0,0.0,0.0,0.0,0.0,0.0,0.0,0.0,0.0,0.0,0.0,0.0,0.0,0.0,0.0,0.0,0.0,0.0,0.0,0.0,0.0,0.0,0.0,0.0,0.0,0.0,0.0
5749649,2026-08-23T16:30:00.000Z,1,Serie A,Venezia,7881,Lecce,9888,1162514,Marko Lawk Farji,Venezia,7881,False,0.0,0.0,0.0,0.0,0.0,0.0,0.0,0.0,0.0,0.0,0.0,0.0,0.0,0.0,0.0,0.0,0.0,0.0,0.0,0.0,0.0,0.0,0.0,0.0,0.0,0.0,0.0,0.0,0.0,0.0,0.0,0.0,0.0,0.0,0.0,0.0,0.0,0.0,0.0,0.0,0.0,0.0,0.0,0.0,0.0,0.0,0.0,0.0,0.0,0.0,0.0,0.0,0.0,0.0,0.0,0.0,0.0,0.0,0.0,0.0,0.0,0.0,0.0
5749649,2026-08-23T16:30:00.000Z,1,Serie A,Venezia,7881,Lecce,9888,1178314,Nikola Stulic,Lecce,9888,False,6.27,16.0,0.0,0.97,0.0,0.0,0.0,0.0,4.0,4.0,0.0,0.0,0.0,0.0,0.0,0.0,0.0,0.0,1.0,0.0,9.0,0.0,0.0,0.0,0.0,0.0,0.0,0.0,0.0,0.0,3.0,0.0,0.0,0.0,0.0,0.0,0.0,0.0,0.0,0.0,0.0,0.0,0.0,0.97,0.21,3.0,0.0,1.0,2.0,0.0,1.0,3.0,0.0,0.0,0.0,0.97,0.0,0.0,2.0,0.0,0.0,0.0,0.0
5749649,2026-08-23T16:30:00.000Z,1,Serie A,Venezia,7881,Lecce,9888,1185260,Jamil Siebert,Lecce,9888,False,8.01,90.0,0.26,0.26,0.0,0.0,0.0,0.0,18.0,23.0,1.0,4.0,0.0,0.0,0.0,0.0,0.0,0.0,2.0,7.0,42.0,14.0,0.0,0.0,2.0,3.0,4.0,0.0,0.0,2.0,0.0,0.0,0.0,1.0,1.0,6.0,2.0,2.0,5.0,1.0,1.0,3.0,3.0,0.0,0.0,0.0,1.0,0.0,0.0,0.0,0.0,0.0,1.0,1.0,0.0,0.0,0.0,0.0,0.0,0.0,1.0,0.0,0.0
5749649,2026-08-23T16:30:00.000Z,1,Serie A,Venezia,7881,Lecce,9888,1202114,Omri Gandelman,Lecce,9888,False,0.0,1.0,0.0,0.0,0.0,0.0,0.0,0.0,0.0,0.0,0.0,0.0,0.0,0.0,0.0,0.0,0.0,0.0,0.0,0.0,1.0,0.0,0.0,0.0,0.0,0.0,0.0,0.0,0.0,0.0,0.0,0.0,0.0,0.0,0.0,0.0,0.0,0.0,0.0,0.0,0.0,0.0,0.0,0.0,0.0,0.0,0.0,0.0,0.0,0.0,0.0,0.0,0.0,0.0,0.0,0.0,0.0,0.0,0.0,0.0,0.0,0.0,0.0
5749649,2026-08-23T16:30:00.000Z,1,Serie A,Venezia,7881,Lecce,9888,1206806,Kialonda Gaspar,Lecce,9888,False,7.96,90.0,0.0,0.0,0.0,0.0,0.0,0.0,13.0,15.0,1.0,2.0,0.0,0.0,0.0,0.0,0.0,0.0,2.0,11.0,34.0,17.0,0.0,1.0,4.0,1.0,1.0,0.0,0.0,0.0,0.0,0.0,0.0,0.0,1.0,7.0,1.0,4.0,6.0,1.0,3.0,5.0,4.0,0.0,0.0,0.0,0.0,0.0,0.0,0.0,0.0,0.0,0.0,1.0,0.0,0.0,0.0,0.0,0.0,0.0,0.0,1.0,0.0
5749649,2026-08-23T16:30:00.000Z,1,Serie A,Venezia,7881,Lecce,9888,1285732,Sadik Fofana,Lecce,9888,False,0.0,0.0,0.0,0.0,0.0,0.0,0.0,0.0,0.0,0.0,0.0,0.0,0.0,0.0,0.0,0.0,0.0,0.0,0.0,0.0,0.0,0.0,0.0,0.0,0.0,0.0,0.0,0.0,0.0,0.0,0.0,0.0,0.0,0.0,0.0,0.0,0.0,0.0,0.0,0.0,0.0,0.0,0.0,0.0,0.0,0.0,0.0,0.0,0.0,0.0,0.0,0.0,0.0,0.0,0.0,0.0,0.0,0.0,0.0,0.0,0.0,0.0,0.0
5749649,2026-08-23T16:30:00.000Z,1,Serie A,Venezia,7881,Lecce,9888,1290968,Antoine Hainaut,Venezia,7881,False,6.49,85.0,0.25,0.4,0.0,0.0,0.0,0.0,35.0,39.0,1.0,2.0,0.0,0.0,0.0,0.0,0.0,0.0,3.0,1.0,62.0,2.0,0.0,0.0,1.0,4.0,0.0,0.0,0.0,1.0,3.0,0.0,1.0,0.0,0.0,0.0,2.0,1.0,4.0,1.0,1.0,2.0,3.0,0.15,0.0,2.0,0.0,0.0,2.0,0.0,0.0,2.0,1.0,5.0,0.0,0.15,0.0,0.0,1.0,0.0,0.0,0.0,0.0
5749649,2026-08-23T16:30:00.000Z,1,Serie A,Venezia,7881,Lecce,9888,1298186,Redouane Halhal,Venezia,7881,False,0.0,0.0,0.0,0.0,0.0,0.0,0.0,0.0,0.0,0.0,0.0,0.0,0.0,0.0,0.0,0.0,0.0,0.0,0.0,0.0,0.0,0.0,0.0,0.0,0.0,0.0,0.0,0.0,0.0,0.0,0.0,0.0,0.0,0.0,0.0,0.0,0.0,0.0,0.0,0.0,0.0,0.0,0.0,0.0,0.0,0.0,0.0,0.0,0.0,0.0,0.0,0.0,0.0,0.0,0.0,0.0,0.0,0.0,0.0,0.0,0.0,0.0,0.0
5749649,2026-08-23T16:30:00.000Z,1,Serie A,Venezia,7881,Lecce,9888,1306664,Danilo Veiga,Lecce,9888,False,7.46,90.0,0.0,0.0,0.0,0.0,0.0,0.0,19.0,28.0,0.0,1.0,0.0,0.0,0.0,0.0,0.0,0.0,4.0,3.0,52.0,8.0,2.0,1.0,3.0,5.0,2.0,0.0,0.0,0.0,2.0,0.0,0.0,0.0,0.0,1.0,1.0,5.0,7.0,1.0,1.0,6.0,2.0,0.0,0.0,0.0,0.0,0.0,0.0,0.0,0.0,0.0,0.0,1.0,0.0,0.0,0.0,0.0,0.0,0.0,0.0,0.0,0.0
5749649,2026-08-23T16:30:00.000Z,1,Serie A,Venezia,7881,Lecce,9888,1332538,Oumar Ngom,Lecce,9888,False,7.11,90.0,0.01,0.04,0.0,0.0,0.0,0.0,25.0,34.0,2.0,6.0,0.0,0.0,0.0,0.0,0.0,0.0,4.0,1.0,49.0,5.0,0.0,3.0,2.0,6.0,2.0,0.0,0.0,1.0,0.0,0.0,0.0,2.0,0.0,1.0,2.0,2.0,8.0,0.0,0.0,2.0,6.0,0.03,0.0,1.0,0.0,0.0,0.0,1.0,0.0,0.0,0.0,0.0,0.0,0.03,0.0,0.0,0.0,0.0,0.0,0.0,0.0
5749649,2026-08-23T16:30:00.000Z,1,Serie A,Venezia,7881,Lecce,9888,1352744,Joël Schingtienne,Venezia,7881,False,6.17,90.0,0.01,0.01,0.0,0.0,0.0,0.0,68.0,74.0,2.0,4.0,0.0,0.0,0.0,0.0,0.0,0.0,7.0,2.0,88.0,3.0,0.0,0.0,1.0,3.0,0.0,0.0,0.0,1.0,0.0,0.0,0.0,0.0,0.0,1.0,0.0,1.0,1.0,1.0,2.0,2.0,1.0,0.0,0.0,0.0,0.0,0.0,0.0,0.0,0.0,0.0,0.0,0.0,0.0,0.0,0.0,0.0,0.0,0.0,0.0,0.0,0.0
5749649,2026-08-23T16:30:00.000Z,1,Serie A,Venezia,7881,Lecce,9888,1357947,Alvin Okoro,Venezia,7881,False,0.0,0.0,0.0,0.0,0.0,0.0,0.0,0.0,0.0,0.0,0.0,0.0,0.0,0.0,0.0,0.0,0.0,0.0,0.0,0.0,0.0,0.0,0.0,0.0,0.0,0.0,0.0,0.0,0.0,0.0,0.0,0.0,0.0,0.0,0.0,0.0,0.0,0.0,0.0,0.0,0.0,0.0,0.0,0.0,0.0,0.0,0.0,0.0,0.0,0.0,0.0,0.0,0.0,0.0,0.0,0.0,0.0,0.0,0.0,0.0,0.0,0.0,0.0
5749649,2026-08-23T16:30:00.000Z,1,Serie A,Venezia,7881,Lecce,9888,1379468,Albion Rrahmani,Venezia,7881,False,0.0,5.0,0.0,0.25,0.0,0.0,0.0,0.0,1.0,2.0,0.0,0.0,0.0,0.0,0.0,0.0,0.0,0.0,0.0,0.0,8.0,1.0,0.0,0.0,1.0,0.0,0.0,0.0,0.0,0.0,2.0,1.0,1.0,1.0,0.0,0.0,0.0,2.0,3.0,0.0,0.0,2.0,1.0,0.25,0.02,2.0,0.0,1.0,1.0,0.0,1.0,2.0,0.0,0.0,0.0,0.25,0.0,0.0,0.0,1.0,0.0,0.0,0.0
5749649,2026-08-23T16:30:00.000Z,1,Serie A,Venezia,7881,Lecce,9888,1388039,Richie Sagrado,Venezia,7881,False,0.0,5.0,0.01,0.01,0.0,0.0,0.0,0.0,5.0,6.0,0.0,0.0,0.0,0.0,0.0,0.0,0.0,0.0,2.0,0.0,10.0,0.0,0.0,0.0,0.0,0.0,0.0,0.0,0.0,0.0,0.0,0.0,0.0,0.0,0.0,0.0,0.0,0.0,0.0,0.0,1.0,0.0,1.0,0.0,0.0,0.0,0.0,0.0,0.0,0.0,0.0,0.0,0.0,1.0,0.0,0.0,0.0,0.0,0.0,0.0,0.0,0.0,0.0
5749649,2026-08-23T16:30:00.000Z,1,Serie A,Venezia,7881,Lecce,9888,1414124,Olaf Gorter,Lecce,9888,False,7.23,61.0,0.0,0.13,0.0,0.0,0.0,0.0,9.0,12.0,1.0,1.0,0.0,0.0,0.0,0.0,0.0,0.0,0.0,0.0,19.0,1.0,1.0,1.0,0.0,3.0,0.0,1.0,0.0,0.0,1.0,0.0,0.0,1.0,1.0,0.0,0.0,1.0,3.0,1.0,3.0,2.0,4.0,0.13,0.82,1.0,0.0,1.0,0.0,0.0,1.0,1.0,0.0,1.0,1.0,0.13,0.0,1.0,0.0,0.0,0.0,0.0,0.0
5749649,2026-08-23T16:30:00.000Z,1,Serie A,Venezia,7881,Lecce,9888,1417101,Paco Esteban,Lecce,9888,False,0.0,0.0,0.0,0.0,0.0,0.0,0.0,0.0,0.0,0.0,0.0,0.0,0.0,0.0,0.0,0.0,0.0,0.0,0.0,0.0,0.0,0.0,0.0,0.0,0.0,0.0,0.0,0.0,0.0,0.0,0.0,0.0,0.0,0.0,0.0,0.0,0.0,0.0,0.0,0.0,0.0,0.0,0.0,0.0,0.0,0.0,0.0,0.0,0.0,0.0,0.0,0.0,0.0,0.0,0.0,0.0,0.0,0.0,0.0,0.0,0.0,0.0,0.0
5749649,2026-08-23T16:30:00.000Z,1,Serie A,Venezia,7881,Lecce,9888,1460862,Lamine Fanne,Venezia,7881,False,0.0,0.0,0.0,0.0,0.0,0.0,0.0,0.0,0.0,0.0,0.0,0.0,0.0,0.0,0.0,0.0,0.0,0.0,0.0,0.0,0.0,0.0,0.0,0.0,0.0,0.0,0.0,0.0,0.0,0.0,0.0,0.0,0.0,0.0,0.0,0.0,0.0,0.0,0.0,0.0,0.0,0.0,0.0,0.0,0.0,0.0,0.0,0.0,0.0,0.0,0.0,0.0,0.0,0.0,0.0,0.0,0.0,0.0,0.0,0.0,0.0,0.0,0.0
5749649,2026-08-23T16:30:00.000Z,1,Serie A,Venezia,7881,Lecce,9888,1529483,Kornel Lisman,Venezia,7881,False,0.0,0.0,0.0,0.0,0.0,0.0,0.0,0.0,0.0,0.0,0.0,0.0,0.0,0.0,0.0,0.0,0.0,0.0,0.0,0.0,0.0,0.0,0.0,0.0,0.0,0.0,0.0,0.0,0.0,0.0,0.0,0.0,0.0,0.0,0.0,0.0,0.0,0.0,0.0,0.0,0.0,0.0,0.0,0.0,0.0,0.0,0.0,0.0,0.0,0.0,0.0,0.0,0.0,0.0,0.0,0.0,0.0,0.0,0.0,0.0,0.0,0.0,0.0
5749649,2026-08-23T16:30:00.000Z,1,Serie A,Venezia,7881,Lecce,9888,1574492,Tiago Gabriel,Lecce,9888,False,7.46,16.0,0.0,0.9,0.0,0.0,0.0,0.0,5.0,5.0,1.0,1.0,0.0,0.0,0.0,0.0,0.0,0.0,1.0,3.0,9.0,3.0,0.0,0.0,0.0,1.0,0.0,1.0,0.0,0.0,1.0,0.0,0.0,0.0,0.0,3.0,0.0,0.0,0.0,1.0,1.0,1.0,0.0,0.9,0.99,1.0,0.0,1.0,0.0,0.0,1.0,1.0,0.0,0.0,0.0,0.9,0.0,0.0,0.0,0.0,0.0,0.0,0.0
5749649,2026-08-23T16:30:00.000Z,1,Serie A,Venezia,7881,Lecce,9888,1592168,Matteo Dagasso,Venezia,7881,False,5.95,20.0,0.0,0.0,0.0,0.0,0.0,0.0,17.0,20.0,0.0,0.0,0.0,0.0,0.0,0.0,0.0,0.0,0.0,0.0,25.0,0.0,0.0,1.0,0.0,0.0,0.0,0.0,0.0,0.0,0.0,0.0,1.0,0.0,0.0,0.0,0.0,0.0,2.0,1.0,1.0,1.0,2.0,0.0,0.0,0.0,0.0,0.0,0.0,0.0,0.0,0.0,0.0,1.0,1.0,0.0,0.0,1.0,0.0,0.0,0.0,0.0,0.0
5749649,2026-08-23T16:30:00.000Z,1,Serie A,Venezia,7881,Lecce,9888,1666063,Hjalte Laerke,Lecce,9888,False,0.0,0.0,0.0,0.0,0.0,0.0,0.0,0.0,0.0,0.0,0.0,0.0,0.0,0.0,0.0,0.0,0.0,0.0,0.0,0.0,0.0,0.0,0.0,0.0,0.0,0.0,0.0,0.0,0.0,0.0,0.0,0.0,0.0,0.0,0.0,0.0,0.0,0.0,0.0,0.0,0.0,0.0,0.0,0.0,0.0,0.0,0.0,0.0,0.0,0.0,0.0,0.0,0.0,0.0,0.0,0.0,0.0,0.0,0.0,0.0,0.0,0.0,0.0
5749649,2026-08-23T16:30:00.000Z,1,Serie A,Venezia,7881,Lecce,9888,1842921,Ale Gomes,Venezia,7881,False,0.0,0.0,0.0,0.0,0.0,0.0,0.0,0.0,0.0,0.0,0.0,0.0,0.0,0.0,0.0,0.0,0.0,0.0,0.0,0.0,0.0,0.0,0.0,0.0,0.0,0.0,0.0,0.0,0.0,0.0,0.0,0.0,0.0,0.0,0.0,0.0,0.0,0.0,0.0,0.0,0.0,0.0,0.0,0.0,0.0,0.0,0.0,0.0,0.0,0.0,0.0,0.0,0.0,0.0,0.0,0.0,0.0,0.0,0.0,0.0,0.0,0.0,0.0
5749649,2026-08-23T16:30:00.000Z,1,Serie A,Venezia,7881,Lecce,9888,1879688,Plamen Penev,Lecce,9888,True,0.0,0.0,0.0,0.0,0.0,0.0,0.0,0.0,0.0,0.0,0.0,0.0,0.0,0.0,0.0,0.0,0.0,0.0,0.0,0.0,0.0,0.0,0.0,0.0,0.0,0.0,0.0,0.0,0.0,0.0,0.0,0.0,0.0,0.0,0.0,0.0,0.0,0.0,0.0,0.0,0.0,0.0,0.0,0.0,0.0,0.0,0.0,0.0,0.0,0.0,0.0,0.0,0.0,0.0,0.0,0.0,0.0,0.0,0.0,0.0,0.0,0.0,0.0
5749650,2026-08-28T18:45:00.000Z,2,Serie A,Milan,8564,Venezia,7881,31097,Luka Modric,Milan,8564,False,7.46,74.0,0.25,0.25,0.0,0.0,0.0,0.0,56.0,63.0,5.0,7.0,0.0,0.0,0.0,0.0,0.0,0.0,5.0,0.0,74.0,1.0,1.0,0.0,0.0,10.0,1.0,0.0,0.0,2.0,0.0,1.0,1.0,1.0,0.0,0.0,0.0,2.0,3.0,0.0,0.0,2.0,1.0,0.0,0.0,0.0,1.0,0.0,0.0,0.0,0.0,0.0,2.0,3.0,2.0,0.0,0.0,0.0,0.0,0.0,0.0,0.0,0.0
5749650,2026-08-28T18:45:00.000Z,2,Serie A,Milan,8564,Venezia,7881,281762,Pietro Terracciano,Milan,8564,True,0.0,0.0,0.0,0.0,0.0,0.0,0.0,0.0,0.0,0.0,0.0,0.0,0.0,0.0,0.0,0.0,0.0,0.0,0.0,0.0,0.0,0.0,0.0,0.0,0.0,0.0,0.0,0.0,0.0,0.0,0.0,0.0,0.0,0.0,0.0,0.0,0.0,0.0,0.0,0.0,0.0,0.0,0.0,0.0,0.0,0.0,0.0,0.0,0.0,0.0,0.0,0.0,0.0,0.0,0.0,0.0,0.0,0.0,0.0,0.0,0.0,0.0,0.0
5749650,2026-08-28T18:45:00.000Z,2,Serie A,Milan,8564,Venezia,7881,352879,Adrien Rabiot,Milan,8564,False,6.23,31.0,0.03,0.09,0.0,0.0,0.0,0.0,18.0,20.0,0.0,1.0,0.0,0.0,0.0,0.0,0.0,0.0,0.0,1.0,30.0,3.0,1.0,1.0,1.0,2.0,0.0,0.0,0.0,0.0,1.0,0.0,0.0,1.0,1.0,1.0,0.0,2.0,4.0,0.0,2.0,2.0,4.0,0.06,0.0,1.0,0.0,0.0,0.0,1.0,0.0,0.0,0.0,1.0,0.0,0.06,0.0,0.0,0.0,0.0,0.0,0.0,0.0
5749650,2026-08-28T18:45:00.000Z,2,Serie A,Milan,8564,Venezia,7881,414232,Ridgeciano Haps,Venezia,7881,False,6.4,66.0,0.01,0.01,0.0,0.0,0.0,0.0,12.0,14.0,0.0,0.0,0.0,0.0,0.0,0.0,0.0,0.0,3.0,3.0,28.0,5.0,0.0,1.0,1.0,2.0,1.0,0.0,0.0,1.0,0.0,0.0,0.0,1.0,0.0,0.0,0.0,1.0,3.0,1.0,4.0,2.0,5.0,0.0,0.0,0.0,0.0,0.0,0.0,0.0,0.0,0.0,1.0,3.0,0.0,0.0,0.0,0.0,0.0,0.0,0.0,0.0,0.0
5749650,2026-08-28T18:45:00.000Z,2,Serie A,Milan,8564,Venezia,7881,415091,Matteo Grandi,Venezia,7881,True,0.0,0.0,0.0,0.0,0.0,0.0,0.0,0.0,0.0,0.0,0.0,0.0,0.0,0.0,0.0,0.0,0.0,0.0,0.0,0.0,0.0,0.0,0.0,0.0,0.0,0.0,0.0,0.0,0.0,0.0,0.0,0.0,0.0,0.0,0.0,0.0,0.0,0.0,0.0,0.0,0.0,0.0,0.0,0.0,0.0,0.0,0.0,0.0,0.0,0.0,0.0,0.0,0.0,0.0,0.0,0.0,0.0,0.0,0.0,0.0,0.0,0.0,0.0
5749650,2026-08-28T18:45:00.000Z,2,Serie A,Milan,8564,Venezia,7881,466439,Mike Maignan,Milan,8564,True,7.65,90.0,0.0,0.0,2.0,0.0,0.2,0.2,29.0,35.0,3.0,9.0,1.0,2.0,1.0,0.0,3.0,1.0,7.0,0.0,43.0,0.0,0.0,0.0,0.0,4.0,0.0,0.0,0.0,0.0,0.0,1.0,1.0,0.0,0.0,0.0,0.0,1.0,1.0,0.0,0.0,1.0,0.0,0.0,0.0,0.0,0.0,0.0,0.0,0.0,0.0,0.0,0.0,0.0,0.0,0.0,0.0,0.0,0.0,0.0,0.0,0.0,0.0
5749650,2026-08-28T18:45:00.000Z,2,Serie A,Milan,8564,Venezia,7881,491784,Lorenzo Montipò,Venezia,7881,True,0.0,0.0,0.0,0.0,0.0,0.0,0.0,0.0,0.0,0.0,0.0,0.0,0.0,0.0,0.0,0.0,0.0,0.0,0.0,0.0,0.0,0.0,0.0,0.0,0.0,0.0,0.0,0.0,0.0,0.0,0.0,0.0,0.0,0.0,0.0,0.0,0.0,0.0,0.0,0.0,0.0,0.0,0.0,0.0,0.0,0.0,0.0,0.0,0.0,0.0,0.0,0.0,0.0,0.0,0.0,0.0,0.0,0.0,0.0,0.0,0.0,0.0,0.0
5749650,2026-08-28T18:45:00.000Z,2,Serie A,Milan,8564,Venezia,7881,604982,Ruben Loftus-Cheek,Milan,8564,False,6.93,59.0,0.14,0.14,0.0,0.0,0.0,0.0,26.0,27.0,0.0,0.0,0.0,0.0,0.0,0.0,0.0,0.0,1.0,0.0,35.0,0.0,1.0,0.0,0.0,1.0,0.0,0.0,0.0,3.0,2.0,0.0,1.0,1.0,0.0,0.0,0.0,1.0,3.0,0.0,1.0,1.0,3.0,0.0,0.0,0.0,0.0,0.0,0.0,0.0,0.0,0.0,1.0,1.0,0.0,0.0,0.0,0.0,0.0,0.0,0.0,0.0,0.0
5749650,2026-08-28T18:45:00.000Z,2,Serie A,Milan,8564,Venezia,7881,651435,Toma Basic,Venezia,7881,False,6.28,65.0,0.02,0.02,0.0,0.0,0.0,0.0,20.0,25.0,0.0,0.0,0.0,0.0,0.0,0.0,0.0,0.0,1.0,2.0,32.0,3.0,0.0,0.0,1.0,3.0,0.0,0.0,0.0,0.0,0.0,0.0,0.0,1.0,0.0,2.0,1.0,1.0,3.0,1.0,1.0,2.0,2.0,0.0,0.0,0.0,0.0,0.0,0.0,0.0,0.0,0.0,1.0,3.0,0.0,0.0,0.0,0.0,0.0,0.0,0.0,0.0,0.0
5749650,2026-08-28T18:45:00.000Z,2,Serie A,Milan,8564,Venezia,7881,688278,Pervis Estupinán,Milan,8564,False,0.0,3.0,0.01,0.01,0.0,0.0,0.0,0.0,2.0,2.0,0.0,0.0,0.0,0.0,0.0,0.0,0.0,0.0,0.0,1.0,6.0,2.0,0.0,1.0,1.0,1.0,0.0,0.0,0.0,0.0,0.0,0.0,0.0,0.0,0.0,1.0,0.0,1.0,2.0,0.0,0.0,1.0,1.0,0.0,0.0,0.0,0.0,0.0,0.0,0.0,0.0,0.0,0.0,0.0,0.0,0.0,0.0,0.0,0.0,0.0,0.0,0.0,0.0
5749650,2026-08-28T18:45:00.000Z,2,Serie A,Milan,8564,Venezia,7881,688295,Christian Pulisic,Milan,8564,False,0.0,0.0,0.0,0.0,0.0,0.0,0.0,0.0,0.0,0.0,0.0,0.0,0.0,0.0,0.0,0.0,0.0,0.0,0.0,0.0,0.0,0.0,0.0,0.0,0.0,0.0,0.0,0.0,0.0,0.0,0.0,0.0,0.0,0.0,0.0,0.0,0.0,0.0,0.0,0.0,0.0,0.0,0.0,0.0,0.0,0.0,0.0,0.0,0.0,0.0,0.0,0.0,0.0,0.0,0.0,0.0,0.0,0.0,0.0,0.0,0.0,0.0,0.0
5749650,2026-08-28T18:45:00.000Z,2,Serie A,Milan,8564,Venezia,7881,688300,Samuel Chukwueze,Milan,8564,False,7.89,90.0,0.09,0.14,0.0,0.0,0.0,0.0,26.0,31.0,1.0,3.0,0.0,0.0,0.0,0.0,0.0,0.0,2.0,1.0,52.0,5.0,0.0,0.0,3.0,3.0,0.0,0.0,0.0,3.0,1.0,1.0,2.0,0.0,1.0,0.0,0.0,4.0,5.0,2.0,2.0,6.0,1.0,0.05,0.05,1.0,2.0,1.0,0.0,0.0,1.0,1.0,1.0,3.0,0.0,0.05,0.0,0.0,0.0,0.0,0.0,0.0,0.0
5749650,2026-08-28T18:45:00.000Z,2,Serie A,Milan,8564,Venezia,7881,844996,Matteo Gabbia,Milan,8564,False,0.0,3.0,0.0,0.0,0.0,0.0,0.0,0.0,0.0,0.0,0.0,0.0,0.0,0.0,0.0,0.0,0.0,0.0,0.0,2.0,2.0,2.0,0.0,0.0,0.0,0.0,0.0,0.0,0.0,0.0,0.0,0.0,0.0,0.0,0.0,1.0,0.0,0.0,0.0,0.0,0.0,0.0,0.0,0.0,0.0,0.0,0.0,0.0,0.0,0.0,0.0,0.0,0.0,0.0,0.0,0.0,0.0,0.0,0.0,0.0,0.0,0.0,0.0
5749650,2026-08-28T18:45:00.000Z,2,Serie A,Milan,8564,Venezia,7881,845368,John Yeboah,Venezia,7881,False,6.53,80.0,0.2,0.4,0.0,0.0,0.0,0.0,21.0,22.0,0.0,0.0,0.0,0.0,0.0,0.0,0.0,0.0,6.0,0.0,40.0,1.0,1.0,1.0,1.0,0.0,0.0,0.0,0.0,2.0,3.0,0.0,2.0,3.0,0.0,0.0,0.0,2.0,8.0,0.0,0.0,2.0,6.0,0.2,0.04,3.0,0.0,1.0,1.0,1.0,1.0,2.0,0.0,0.0,0.0,0.2,0.0,0.0,1.0,0.0,0.0,0.0,0.0
5749650,2026-08-28T18:45:00.000Z,2,Serie A,Milan,8564,Venezia,7881,866165,Lion Lauberbach,Venezia,7881,False,6.3,10.0,0.0,0.0,0.0,0.0,0.0,0.0,2.0,5.0,0.0,0.0,0.0,0.0,0.0,0.0,0.0,0.0,1.0,0.0,7.0,1.0,0.0,0.0,1.0,3.0,0.0,0.0,0.0,0.0,0.0,0.0,0.0,0.0,0.0,0.0,0.0,1.0,1.0,0.0,0.0,1.0,0.0,0.0,0.0,0.0,0.0,0.0,0.0,0.0,0.0,0.0,0.0,1.0,0.0,0.0,0.0,1.0,0.0,0.0,0.0,0.0,0.0
5749650,2026-08-28T18:45:00.000Z,2,Serie A,Milan,8564,Venezia,7881,888167,Kike Pérez,Venezia,7881,False,6.71,80.0,0.01,0.01,0.0,0.0,0.0,0.0,32.0,38.0,1.0,4.0,0.0,0.0,0.0,0.0,0.0,0.0,2.0,0.0,56.0,6.0,1.0,1.0,6.0,3.0,0.0,0.0,0.0,0.0,0.0,1.0,2.0,1.0,0.0,0.0,0.0,8.0,11.0,0.0,2.0,8.0,5.0,0.0,0.0,0.0,0.0,0.0,0.0,0.0,0.0,0.0,0.0,1.0,0.0,0.0,0.0,0.0,0.0,0.0,0.0,0.0,0.0
5749650,2026-08-28T18:45:00.000Z,2,Serie A,Milan,8564,Venezia,7881,921341,Alexis Saelemaekers,Milan,8564,False,7.58,31.0,0.36,0.36,0.0,0.0,0.0,0.0,23.0,26.0,1.0,1.0,0.0,0.0,0.0,0.0,0.0,0.0,3.0,0.0,33.0,2.0,0.0,0.0,1.0,2.0,1.0,0.0,1.0,3.0,1.0,0.0,1.0,1.0,0.0,0.0,1.0,1.0,4.0,0.0,0.0,1.0,3.0,0.0,0.0,0.0,3.0,0.0,0.0,0.0,0.0,0.0,1.0,1.0,0.0,0.0,0.0,0.0,0.0,0.0,0.0,0.0,0.0
5749650,2026-08-28T18:45:00.000Z,2,Serie A,Milan,8564,Venezia,7881,924431,Gianluca Busio,Venezia,7881,False,6.68,90.0,0.07,0.07,0.0,0.0,0.0,0.0,36.0,39.0,3.0,4.0,0.0,0.0,0.0,0.0,0.0,0.0,3.0,1.0,53.0,6.0,1.0,0.0,3.0,5.0,1.0,0.0,0.0,1.0,0.0,0.0,0.0,0.0,1.0,1.0,1.0,4.0,5.0,1.0,1.0,5.0,1.0,0.0,0.0,0.0,0.0,0.0,0.0,0.0,0.0,0.0,2.0,3.0,3.0,0.0,0.0,0.0,0.0,0.0,0.0,0.0,0.0
5749650,2026-08-28T18:45:00.000Z,2,Serie A,Milan,8564,Venezia,7881,939593,Thórir Helgason,Venezia,7881,False,0.0,0.0,0.0,0.0,0.0,0.0,0.0,0.0,0.0,0.0,0.0,0.0,0.0,0.0,0.0,0.0,0.0,0.0,0.0,0.0,0.0,0.0,0.0,0.0,0.0,0.0,0.0,0.0,0.0,0.0,0.0,0.0,0.0,0.0,0.0,0.0,0.0,0.0,0.0,0.0,0.0,0.0,0.0,0.0,0.0,0.0,0.0,0.0,0.0,0.0,0.0,0.0,0.0,0.0,0.0,0.0,0.0,0.0,0.0,0.0,0.0,0.0,0.0
5749650,2026-08-28T18:45:00.000Z,2,Serie A,Milan,8564,Venezia,7881,940087,Gonçalo Ramos,Milan,8564,False,7.61,90.0,0.0,0.94,0.0,0.0,0.0,0.0,21.0,28.0,0.0,0.0,0.0,0.0,0.0,0.0,0.0,0.0,1.0,1.0,52.0,2.0,2.0,1.0,1.0,1.0,0.0,1.0,0.0,0.0,6.0,0.0,1.0,4.0,0.0,0.0,0.0,3.0,9.0,3.0,9.0,6.0,12.0,0.94,1.17,8.0,0.0,3.0,4.0,1.0,3.0,7.0,0.0,0.0,0.0,0.94,0.0,0.0,4.0,0.0,0.0,0.0,0.0
5749650,2026-08-28T18:45:00.000Z,2,Serie A,Milan,8564,Venezia,7881,951765,Armel Bella-Kotchap,Venezia,7881,False,6.51,90.0,0.0,0.02,0.0,0.0,0.0,0.0,36.0,40.0,2.0,6.0,0.0,0.0,0.0,0.0,0.0,0.0,2.0,8.0,58.0,10.0,2.0,1.0,1.0,2.0,1.0,0.0,0.0,0.0,0.0,0.0,0.0,1.0,0.0,5.0,0.0,3.0,5.0,4.0,5.0,7.0,3.0,0.02,0.0,1.0,0.0,0.0,1.0,0.0,0.0,1.0,0.0,0.0,0.0,0.02,0.0,0.0,0.0,0.0,0.0,0.0,0.0
5749650,2026-08-28T18:45:00.000Z,2,Serie A,Milan,8564,Venezia,7881,958640,Akor Adams,Venezia,7881,False,6.36,90.0,0.02,0.47000000000000003,0.0,0.0,0.0,0.0,6.0,11.0,1.0,1.0,0.0,0.0,0.0,0.0,0.0,0.0,2.0,1.0,26.0,1.0,1.0,2.0,0.0,0.0,0.0,0.0,0.0,1.0,6.0,2.0,4.0,1.0,0.0,0.0,1.0,3.0,9.0,1.0,3.0,4.0,8.0,0.45,0.17,3.0,0.0,1.0,0.0,2.0,1.0,1.0,0.0,1.0,0.0,0.45,0.0,1.0,0.0,0.0,0.0,0.0,0.0
5749650,2026-08-28T18:45:00.000Z,2,Serie A,Milan,8564,Venezia,7881,975242,Simon Sohm,Venezia,7881,False,6.24,25.0,0.01,0.01,0.0,0.0,0.0,0.0,7.0,10.0,0.0,0.0,0.0,0.0,0.0,0.0,0.0,0.0,1.0,0.0,12.0,0.0,0.0,0.0,0.0,0.0,0.0,0.0,0.0,1.0,2.0,0.0,0.0,0.0,0.0,0.0,0.0,0.0,0.0,1.0,2.0,1.0,1.0,0.0,0.0,0.0,0.0,0.0,0.0,0.0,0.0,0.0,0.0,0.0,0.0,0.0,0.0,0.0,0.0,0.0,0.0,0.0,0.0
5749650,2026-08-28T18:45:00.000Z,2,Serie A,Milan,8564,Venezia,7881,992052,Thierry Correia,Venezia,7881,False,6.22,24.0,0.01,0.01,0.0,0.0,0.0,0.0,6.0,8.0,0.0,0.0,0.0,0.0,0.0,0.0,0.0,0.0,4.0,0.0,15.0,2.0,0.0,0.0,1.0,2.0,0.0,0.0,0.0,0.0,0.0,0.0,1.0,0.0,1.0,0.0,1.0,1.0,3.0,0.0,0.0,1.0,2.0,0.0,0.0,0.0,0.0,0.0,0.0,0.0,0.0,0.0,0.0,1.0,0.0,0.0,0.0,0.0,0.0,0.0,0.0,0.0,0.0
5749650,2026-08-28T18:45:00.000Z,2,Serie A,Milan,8564,Venezia,7881,1048023,Strahinja Pavlovic,Milan,8564,False,7.63,90.0,0.01,0.05,0.0,0.0,0.0,0.0,46.0,48.0,1.0,2.0,0.0,0.0,0.0,0.0,0.0,0.0,5.0,3.0,65.0,9.0,1.0,1.0,5.0,1.0,0.0,0.0,0.0,0.0,2.0,1.0,2.0,2.0,1.0,2.0,0.0,7.0,11.0,3.0,5.0,10.0,6.0,0.04,0.0,1.0,0.0,0.0,1.0,0.0,0.0,1.0,0.0,0.0,0.0,0.04,0.0,0.0,0.0,0.0,0.0,0.0,0.0
5749650,2026-08-28T18:45:00.000Z,2,Serie A,Milan,8564,Venezia,7881,1050821,Simone Panada,Venezia,7881,False,0.0,0.0,0.0,0.0,0.0,0.0,0.0,0.0,0.0,0.0,0.0,0.0,0.0,0.0,0.0,0.0,0.0,0.0,0.0,0.0,0.0,0.0,0.0,0.0,0.0,0.0,0.0,0.0,0.0,0.0,0.0,0.0,0.0,0.0,0.0,0.0,0.0,0.0,0.0,0.0,0.0,0.0,0.0,0.0,0.0,0.0,0.0,0.0,0.0,0.0,0.0,0.0,0.0,0.0,0.0,0.0,0.0,0.0,0.0,0.0,0.0,0.0,0.0
5749650,2026-08-28T18:45:00.000Z,2,Serie A,Milan,8564,Venezia,7881,1072710,Bartol Franjic,Venezia,7881,False,6.37,44.0,0.0,0.0,0.0,0.0,0.0,0.0,13.0,14.0,0.0,0.0,0.0,0.0,0.0,0.0,0.0,0.0,4.0,0.0,22.0,3.0,1.0,0.0,2.0,1.0,1.0,0.0,0.0,0.0,0.0,0.0,0.0,0.0,0.0,0.0,0.0,3.0,3.0,0.0,0.0,3.0,0.0,0.0,0.0,0.0,0.0,0.0,0.0,0.0,0.0,0.0,0.0,1.0,0.0,0.0,0.0,0.0,0.0,0.0,0.0,0.0,0.0
5749650,2026-08-28T18:45:00.000Z,2,Serie A,Milan,8564,Venezia,7881,1106074,Mario Gila,Milan,8564,False,7.26,87.0,0.03,0.03,0.0,0.0,0.0,0.0,54.0,59.0,4.0,8.0,0.0,0.0,0.0,0.0,0.0,0.0,5.0,3.0,65.0,5.0,0.0,0.0,1.0,7.0,0.0,0.0,0.0,1.0,0.0,0.0,0.0,0.0,1.0,1.0,0.0,1.0,1.0,0.0,2.0,1.0,2.0,0.0,0.0,0.0,0.0,0.0,0.0,0.0,0.0,0.0,0.0,0.0,0.0,0.0,0.0,0.0,0.0,0.0,0.0,0.0,0.0
5749650,2026-08-28T18:45:00.000Z,2,Serie A,Milan,8564,Venezia,7881,1130600,Filip Stankovic,Venezia,7881,True,7.24,90.0,0.0,0.0,4.0,2.0,1.34,0.34,27.0,37.0,7.0,16.0,4.0,3.0,1.0,0.0,4.0,0.0,7.0,1.0,47.0,1.0,0.0,0.0,0.0,9.0,0.0,0.0,0.0,0.0,0.0,0.0,0.0,0.0,0.0,0.0,0.0,0.0,0.0,0.0,0.0,0.0,0.0,0.0,0.0,0.0,0.0,0.0,0.0,0.0,0.0,0.0,0.0,0.0,0.0,0.0,0.0,0.0,0.0,0.0,0.0,0.0,0.0
5749650,2026-08-28T18:45:00.000Z,2,Serie A,Milan,8564,Venezia,7881,1137272,Yunus Musah,Milan,8564,False,7.77,90.0,0.03,0.37,0.0,0.0,0.0,0.0,45.0,49.0,2.0,4.0,0.0,0.0,0.0,0.0,0.0,0.0,4.0,0.0,63.0,2.0,3.0,0.0,2.0,3.0,0.0,0.0,0.0,1.0,3.0,2.0,3.0,1.0,0.0,0.0,0.0,7.0,9.0,0.0,1.0,7.0,3.0,0.34,0.0,1.0,0.0,0.0,1.0,0.0,0.0,1.0,0.0,0.0,0.0,0.34,0.0,0.0,1.0,1.0,0.0,0.0,0.0
5749650,2026-08-28T18:45:00.000Z,2,Serie A,Milan,8564,Venezia,7881,1162514,Marko Lawk Farji,Venezia,7881,False,0.0,0.0,0.0,0.0,0.0,0.0,0.0,0.0,0.0,0.0,0.0,0.0,0.0,0.0,0.0,0.0,0.0,0.0,0.0,0.0,0.0,0.0,0.0,0.0,0.0,0.0,0.0,0.0,0.0,0.0,0.0,0.0,0.0,0.0,0.0,0.0,0.0,0.0,0.0,0.0,0.0,0.0,0.0,0.0,0.0,0.0,0.0,0.0,0.0,0.0,0.0,0.0,0.0,0.0,0.0,0.0,0.0,0.0,0.0,0.0,0.0,0.0,0.0
5749650,2026-08-28T18:45:00.000Z,2,Serie A,Milan,8564,Venezia,7881,1163219,Ardon Jashari,Milan,8564,False,6.21,16.0,0.01,0.51,0.0,0.0,0.0,0.0,13.0,16.0,3.0,3.0,0.0,0.0,0.0,0.0,0.0,0.0,1.0,0.0,18.0,0.0,0.0,0.0,0.0,2.0,0.0,0.0,0.0,0.0,2.0,0.0,0.0,0.0,0.0,0.0,0.0,0.0,0.0,0.0,1.0,0.0,1.0,0.5,0.11,1.0,0.0,1.0,0.0,0.0,1.0,1.0,0.0,1.0,0.0,0.5,0.0,0.0,1.0,0.0,0.0,0.0,0.0
5749650,2026-08-28T18:45:00.000Z,2,Serie A,Milan,8564,Venezia,7881,1163501,Filippo Terracciano,Milan,8564,False,0.0,0.0,0.0,0.0,0.0,0.0,0.0,0.0,0.0,0.0,0.0,0.0,0.0,0.0,0.0,0.0,0.0,0.0,0.0,0.0,0.0,0.0,0.0,0.0,0.0,0.0,0.0,0.0,0.0,0.0,0.0,0.0,0.0,0.0,0.0,0.0,0.0,0.0,0.0,0.0,0.0,0.0,0.0,0.0,0.0,0.0,0.0,0.0,0.0,0.0,0.0,0.0,0.0,0.0,0.0,0.0,0.0,0.0,0.0,0.0,0.0,0.0,0.0
5749650,2026-08-28T18:45:00.000Z,2,Serie A,Milan,8564,Venezia,7881,1200630,Koni De Winter,Milan,8564,False,7.41,90.0,0.01,0.25,0.0,0.0,0.0,0.0,31.0,34.0,0.0,1.0,0.0,0.0,0.0,0.0,0.0,0.0,8.0,6.0,48.0,8.0,0.0,2.0,1.0,0.0,1.0,0.0,0.0,0.0,4.0,0.0,0.0,1.0,0.0,3.0,2.0,1.0,6.0,4.0,4.0,5.0,5.0,0.24,0.0,2.0,0.0,0.0,2.0,0.0,0.0,2.0,0.0,0.0,0.0,0.24,0.0,0.0,1.0,0.0,0.0,0.0,0.0
5749650,2026-08-28T18:45:00.000Z,2,Serie A,Milan,8564,Venezia,7881,1290968,Antoine Hainaut,Venezia,7881,False,6.74,90.0,0.03,0.08,0.0,0.0,0.0,0.0,30.0,35.0,2.0,4.0,0.0,0.0,0.0,0.0,0.0,0.0,5.0,3.0,64.0,9.0,1.0,2.0,4.0,4.0,2.0,0.0,0.0,1.0,1.0,1.0,4.0,1.0,0.0,3.0,1.0,6.0,13.0,2.0,2.0,8.0,7.0,0.05,0.0,1.0,0.0,0.0,1.0,0.0,0.0,1.0,0.0,2.0,0.0,0.05,0.0,2.0,0.0,0.0,0.0,0.0,0.0
5749650,2026-08-28T18:45:00.000Z,2,Serie A,Milan,8564,Venezia,7881,1298186,Redouane Halhal,Venezia,7881,False,5.63,46.0,0.01,0.01,0.0,0.0,0.0,0.0,24.0,25.0,2.0,2.0,0.0,0.0,0.0,0.0,0.0,0.0,2.0,3.0,32.0,4.0,0.0,2.0,1.0,2.0,0.0,0.0,0.0,0.0,0.0,0.0,1.0,0.0,0.0,3.0,0.0,1.0,4.0,5.0,6.0,6.0,4.0,0.0,0.0,0.0,0.0,0.0,0.0,0.0,0.0,0.0,0.0,0.0,0.0,0.0,0.0,0.0,0.0,0.0,0.0,0.0,1.0
5749650,2026-08-28T18:45:00.000Z,2,Serie A,Milan,8564,Venezia,7881,1342754,Diego Moreira,Milan,8564,False,0.0,0.0,0.0,0.0,0.0,0.0,0.0,0.0,0.0,0.0,0.0,0.0,0.0,0.0,0.0,0.0,0.0,0.0,0.0,0.0,0.0,0.0,0.0,0.0,0.0,0.0,0.0,0.0,0.0,0.0,0.0,0.0,0.0,0.0,0.0,0.0,0.0,0.0,0.0,0.0,0.0,0.0,0.0,0.0,0.0,0.0,0.0,0.0,0.0,0.0,0.0,0.0,0.0,0.0,0.0,0.0,0.0,0.0,0.0,0.0,0.0,0.0,0.0
5749650,2026-08-28T18:45:00.000Z,2,Serie A,Milan,8564,Venezia,7881,1352744,Joël Schingtienne,Venezia,7881,False,6.24,90.0,0.0,0.0,0.0,0.0,0.0,0.0,28.0,36.0,0.0,1.0,0.0,0.0,0.0,0.0,0.0,0.0,1.0,3.0,49.0,5.0,0.0,1.0,2.0,4.0,0.0,0.0,0.0,0.0,1.0,0.0,0.0,0.0,0.0,0.0,0.0,2.0,3.0,0.0,3.0,2.0,4.0,0.0,0.0,0.0,0.0,0.0,0.0,0.0,0.0,0.0,0.0,0.0,0.0,0.0,0.0,0.0,0.0,0.0,0.0,1.0,0.0
5749650,2026-08-28T18:45:00.000Z,2,Serie A,Milan,8564,Venezia,7881,1357947,Alvin Okoro,Venezia,7881,False,0.0,0.0,0.0,0.0,0.0,0.0,0.0,0.0,0.0,0.0,0.0,0.0,0.0,0.0,0.0,0.0,0.0,0.0,0.0,0.0,0.0,0.0,0.0,0.0,0.0,0.0,0.0,0.0,0.0,0.0,0.0,0.0,0.0,0.0,0.0,0.0,0.0,0.0,0.0,0.0,0.0,0.0,0.0,0.0,0.0,0.0,0.0,0.0,0.0,0.0,0.0,0.0,0.0,0.0,0.0,0.0,0.0,0.0,0.0,0.0,0.0,0.0,0.0
5749650,2026-08-28T18:45:00.000Z,2,Serie A,Milan,8564,Venezia,7881,1379468,Albion Rrahmani,Venezia,7881,False,5.93,10.0,0.0,0.09,0.0,0.0,0.0,0.0,1.0,4.0,0.0,0.0,0.0,0.0,0.0,0.0,0.0,0.0,1.0,0.0,7.0,0.0,0.0,0.0,0.0,1.0,0.0,0.0,0.0,0.0,1.0,0.0,1.0,0.0,0.0,0.0,1.0,0.0,2.0,1.0,2.0,1.0,3.0,0.09,0.0,1.0,0.0,0.0,0.0,1.0,0.0,0.0,0.0,0.0,0.0,0.09,0.0,0.0,0.0,0.0,0.0,0.0,0.0
5749650,2026-08-28T18:45:00.000Z,2,Serie A,Milan,8564,Venezia,7881,1385856,Davide Bartesaghi,Milan,8564,False,7.21,87.0,0.17,0.17,0.0,0.0,0.0,0.0,34.0,41.0,2.0,6.0,0.0,0.0,0.0,0.0,0.0,0.0,5.0,3.0,69.0,8.0,1.0,1.0,4.0,6.0,1.0,0.0,0.0,2.0,1.0,0.0,1.0,2.0,0.0,2.0,1.0,5.0,10.0,1.0,3.0,6.0,7.0,0.0,0.0,0.0,1.0,0.0,0.0,0.0,0.0,0.0,1.0,2.0,0.0,0.0,0.0,1.0,0.0,0.0,0.0,0.0,0.0
5749650,2026-08-28T18:45:00.000Z,2,Serie A,Milan,8564,Venezia,7881,1388039,Richie Sagrado,Venezia,7881,False,0.0,0.0,0.0,0.0,0.0,0.0,0.0,0.0,0.0,0.0,0.0,0.0,0.0,0.0,0.0,0.0,0.0,0.0,0.0,0.0,0.0,0.0,0.0,0.0,0.0,0.0,0.0,0.0,0.0,0.0,0.0,0.0,0.0,0.0,0.0,0.0,0.0,0.0,0.0,0.0,0.0,0.0,0.0,0.0,0.0,0.0,0.0,0.0,0.0,0.0,0.0,0.0,0.0,0.0,0.0,0.0,0.0,0.0,0.0,0.0,0.0,0.0,0.0
5749650,2026-08-28T18:45:00.000Z,2,Serie A,Milan,8564,Venezia,7881,1445650,Alphadjo Cissè,Milan,8564,False,6.28,59.0,0.0,0.05,0.0,0.0,0.0,0.0,20.0,29.0,0.0,0.0,0.0,0.0,0.0,0.0,0.0,0.0,1.0,0.0,46.0,0.0,1.0,1.0,0.0,0.0,0.0,0.0,0.0,0.0,3.0,0.0,2.0,1.0,0.0,0.0,0.0,1.0,5.0,1.0,1.0,2.0,4.0,0.05,0.0,1.0,0.0,0.0,1.0,0.0,0.0,1.0,0.0,2.0,0.0,0.05,0.0,0.0,0.0,0.0,0.0,0.0,0.0
5749650,2026-08-28T18:45:00.000Z,2,Serie A,Milan,8564,Venezia,7881,1460862,Lamine Fanne,Venezia,7881,False,0.0,0.0,0.0,0.0,0.0,0.0,0.0,0.0,0.0,0.0,0.0,0.0,0.0,0.0,0.0,0.0,0.0,0.0,0.0,0.0,0.0,0.0,0.0,0.0,0.0,0.0,0.0,0.0,0.0,0.0,0.0,0.0,0.0,0.0,0.0,0.0,0.0,0.0,0.0,0.0,0.0,0.0,0.0,0.0,0.0,0.0,0.0,0.0,0.0,0.0,0.0,0.0,0.0,0.0,0.0,0.0,0.0,0.0,0.0,0.0,0.0,0.0,0.0
5749650,2026-08-28T18:45:00.000Z,2,Serie A,Milan,8564,Venezia,7881,1554575,Francesco Camarda,Milan,8564,False,0.0,0.0,0.0,0.0,0.0,0.0,0.0,0.0,0.0,0.0,0.0,0.0,0.0,0.0,0.0,0.0,0.0,0.0,0.0,0.0,0.0,0.0,0.0,0.0,0.0,0.0,0.0,0.0,0.0,0.0,0.0,0.0,0.0,0.0,0.0,0.0,0.0,0.0,0.0,0.0,0.0,0.0,0.0,0.0,0.0,0.0,0.0,0.0,0.0,0.0,0.0,0.0,0.0,0.0,0.0,0.0,0.0,0.0,0.0,0.0,0.0,0.0,0.0
5749650,2026-08-28T18:45:00.000Z,2,Serie A,Milan,8564,Venezia,7881,1592168,Matteo Dagasso,Venezia,7881,False,0.0,0.0,0.0,0.0,0.0,0.0,0.0,0.0,0.0,0.0,0.0,0.0,0.0,0.0,0.0,0.0,0.0,0.0,0.0,0.0,0.0,0.0,0.0,0.0,0.0,0.0,0.0,0.0,0.0,0.0,0.0,0.0,0.0,0.0,0.0,0.0,0.0,0.0,0.0,0.0,0.0,0.0,0.0,0.0,0.0,0.0,0.0,0.0,0.0,0.0,0.0,0.0,0.0,0.0,0.0,0.0,0.0,0.0,0.0,0.0,0.0,0.0,0.0
5749650,2026-08-28T18:45:00.000Z,2,Serie A,Milan,8564,Venezia,7881,1642393,Lorenzo Torriani,Milan,8564,True,0.0,0.0,0.0,0.0,0.0,0.0,0.0,0.0,0.0,0.0,0.0,0.0,0.0,0.0,0.0,0.0,0.0,0.0,0.0,0.0,0.0,0.0,0.0,0.0,0.0,0.0,0.0,0.0,0.0,0.0,0.0,0.0,0.0,0.0,0.0,0.0,0.0,0.0,0.0,0.0,0.0,0.0,0.0,0.0,0.0,0.0,0.0,0.0,0.0,0.0,0.0,0.0,0.0,0.0,0.0,0.0,0.0,0.0,0.0,0.0,0.0,0.0,0.0
5749650,2026-08-28T18:45:00.000Z,2,Serie A,Milan,8564,Venezia,7881,1669433,Sankhoun Diawara,Milan,8564,False,0.0,0.0,0.0,0.0,0.0,0.0,0.0,0.0,0.0,0.0,0.0,0.0,0.0,0.0,0.0,0.0,0.0,0.0,0.0,0.0,0.0,0.0,0.0,0.0,0.0,0.0,0.0,0.0,0.0,0.0,0.0,0.0,0.0,0.0,0.0,0.0,0.0,0.0,0.0,0.0,0.0,0.0,0.0,0.0,0.0,0.0,0.0,0.0,0.0,0.0,0.0,0.0,0.0,0.0,0.0,0.0,0.0,0.0,0.0,0.0,0.0,0.0,0.0
5749650,2026-08-28T18:45:00.000Z,2,Serie A,Milan,8564,Venezia,7881,1787535,Christian Comotto,Milan,8564,False,0.0,0.0,0.0,0.0,0.0,0.0,0.0,0.0,0.0,0.0,0.0,0.0,0.0,0.0,0.0,0.0,0.0,0.0,0.0,0.0,0.0,0.0,0.0,0.0,0.0,0.0,0.0,0.0,0.0,0.0,0.0,0.0,0.0,0.0,0.0,0.0,0.0,0.0,0.0,0.0,0.0,0.0,0.0,0.0,0.0,0.0,0.0,0.0,0.0,0.0,0.0,0.0,0.0,0.0,0.0,0.0,0.0,0.0,0.0,0.0,0.0,0.0,0.0
5749650,2026-08-28T18:45:00.000Z,2,Serie A,Milan,8564,Venezia,7881,1842921,Ale Gomes,Venezia,7881,False,0.0,0.0,0.0,0.0,0.0,0.0,0.0,0.0,0.0,0.0,0.0,0.0,0.0,0.0,0.0,0.0,0.0,0.0,0.0,0.0,0.0,0.0,0.0,0.0,0.0,0.0,0.0,0.0,0.0,0.0,0.0,0.0,0.0,0.0,0.0,0.0,0.0,0.0,0.0,0.0,0.0,0.0,0.0,0.0,0.0,0.0,0.0,0.0,0.0,0.0,0.0,0.0,0.0,0.0,0.0,0.0,0.0,0.0,0.0,0.0,0.0,0.0,0.0
5749651,2026-08-31T18:45:00.000Z,2,Serie A,Atalanta,8524,Bologna,9857,25587,Lorenzo De Silvestri,Bologna,9857,False,0.0,0.0,0.0,0.0,0.0,0.0,0.0,0.0,0.0,0.0,0.0,0.0,0.0,0.0,0.0,0.0,0.0,0.0,0.0,0.0,0.0,0.0,0.0,0.0,0.0,0.0,0.0,0.0,0.0,0.0,0.0,0.0,0.0,0.0,0.0,0.0,0.0,0.0,0.0,0.0,0.0,0.0,0.0,0.0,0.0,0.0,0.0,0.0,0.0,0.0,0.0,0.0,0.0,0.0,0.0,0.0,0.0,0.0,0.0,0.0,0.0,0.0,0.0
5749651,2026-08-31T18:45:00.000Z,2,Serie A,Atalanta,8524,Bologna,9857,178732,Lukasz Skorupski,Bologna,9857,True,5.57,90.0,0.0,0.0,1.0,1.0,0.05,-0.95,25.0,26.0,5.0,6.0,1.0,0.0,0.0,0.0,0.0,0.0,5.0,0.0,28.0,0.0,0.0,0.0,0.0,2.0,0.0,0.0,0.0,0.0,0.0,0.0,0.0,0.0,0.0,0.0,0.0,0.0,0.0,0.0,0.0,0.0,0.0,0.0,0.0,0.0,0.0,0.0,0.0,0.0,0.0,0.0,0.0,0.0,0.0,0.0,0.0,0.0,0.0,0.0,0.0,0.0,0.0
5749651,2026-08-31T18:45:00.000Z,2,Serie A,Atalanta,8524,Bologna,9857,212630,Marco Sportiello,Atalanta,8524,True,0.0,0.0,0.0,0.0,0.0,0.0,0.0,0.0,0.0,0.0,0.0,0.0,0.0,0.0,0.0,0.0,0.0,0.0,0.0,0.0,0.0,0.0,0.0,0.0,0.0,0.0,0.0,0.0,0.0,0.0,0.0,0.0,0.0,0.0,0.0,0.0,0.0,0.0,0.0,0.0,0.0,0.0,0.0,0.0,0.0,0.0,0.0,0.0,0.0,0.0,0.0,0.0,0.0,0.0,0.0,0.0,0.0,0.0,0.0,0.0,0.0,0.0,0.0
5749651,2026-08-31T18:45:00.000Z,2,Serie A,Atalanta,8524,Bologna,9857,244811,Davide Zappacosta,Atalanta,8524,False,6.88,90.0,0.05,0.05,0.0,0.0,0.0,0.0,35.0,38.0,0.0,3.0,0.0,0.0,0.0,0.0,0.0,0.0,2.0,2.0,56.0,2.0,0.0,1.0,0.0,6.0,0.0,0.0,0.0,0.0,0.0,0.0,1.0,0.0,0.0,1.0,1.0,0.0,3.0,0.0,0.0,0.0,3.0,0.0,0.0,0.0,0.0,0.0,0.0,0.0,0.0,0.0,0.0,1.0,0.0,0.0,0.0,0.0,0.0,0.0,0.0,0.0,0.0
5749651,2026-08-31T18:45:00.000Z,2,Serie A,Atalanta,8524,Bologna,9857,304345,Sead Kolasinac,Atalanta,8524,False,6.88,78.0,0.01,0.01,0.0,0.0,0.0,0.0,29.0,37.0,3.0,6.0,0.0,0.0,0.0,0.0,0.0,0.0,3.0,0.0,48.0,1.0,1.0,0.0,0.0,6.0,1.0,0.0,0.0,0.0,0.0,0.0,0.0,0.0,0.0,0.0,1.0,1.0,2.0,0.0,0.0,1.0,1.0,0.0,0.0,0.0,0.0,0.0,0.0,0.0,0.0,0.0,0.0,0.0,0.0,0.0,0.0,0.0,0.0,0.0,0.0,0.0,0.0
5749651,2026-08-31T18:45:00.000Z,2,Serie A,Atalanta,8524,Bologna,9857,414245,Federico Bernardeschi,Bologna,9857,False,6.69,90.0,0.07,0.18,0.0,0.0,0.0,0.0,39.0,41.0,5.0,6.0,0.0,0.0,0.0,0.0,0.0,0.0,3.0,1.0,56.0,1.0,0.0,1.0,0.0,4.0,0.0,0.0,0.0,2.0,1.0,0.0,1.0,0.0,0.0,0.0,0.0,0.0,2.0,0.0,0.0,0.0,2.0,0.11,0.4,2.0,1.0,1.0,0.0,1.0,1.0,1.0,0.0,2.0,1.0,0.11,0.0,0.0,0.0,0.0,0.0,0.0,0.0
5749651,2026-08-31T18:45:00.000Z,2,Serie A,Atalanta,8524,Bologna,9857,446266,Mario Pasalic,Atalanta,8524,False,7.35,90.0,0.07,0.07,0.0,0.0,0.0,0.0,51.0,59.0,0.0,0.0,0.0,0.0,0.0,0.0,0.0,0.0,4.0,1.0,66.0,2.0,0.0,0.0,0.0,9.0,1.0,0.0,0.0,2.0,1.0,1.0,2.0,0.0,0.0,0.0,1.0,1.0,3.0,0.0,0.0,1.0,2.0,0.0,0.0,0.0,0.0,0.0,0.0,0.0,0.0,0.0,0.0,0.0,0.0,0.0,0.0,0.0,0.0,0.0,0.0,0.0,0.0
5749651,2026-08-31T18:45:00.000Z,2,Serie A,Atalanta,8524,Bologna,9857,641595,Nikola Moro,Bologna,9857,False,6.11,10.0,0.01,0.01,0.0,0.0,0.0,0.0,9.0,11.0,2.0,4.0,0.0,0.0,0.0,0.0,0.0,0.0,0.0,1.0,12.0,1.0,0.0,0.0,0.0,2.0,0.0,0.0,0.0,0.0,0.0,0.0,0.0,0.0,0.0,0.0,0.0,0.0,0.0,0.0,0.0,0.0,0.0,0.0,0.0,0.0,0.0,0.0,0.0,0.0,0.0,0.0,0.0,0.0,0.0,0.0,0.0,0.0,0.0,0.0,0.0,0.0,0.0
5749651,2026-08-31T18:45:00.000Z,2,Serie A,Atalanta,8524,Bologna,9857,655696,Artem Dovbyk,Bologna,9857,False,5.95,30.0,0.01,0.21000000000000002,0.0,0.0,0.0,0.0,3.0,3.0,0.0,0.0,0.0,0.0,0.0,0.0,0.0,0.0,0.0,1.0,8.0,1.0,0.0,1.0,0.0,0.0,0.0,0.0,0.0,0.0,2.0,0.0,0.0,0.0,0.0,0.0,0.0,0.0,1.0,1.0,2.0,1.0,2.0,0.2,0.0,2.0,0.0,0.0,1.0,1.0,0.0,1.0,0.0,0.0,0.0,0.2,0.0,1.0,0.0,0.0,0.0,0.0,0.0
5749651,2026-08-31T18:45:00.000Z,2,Serie A,Atalanta,8524,Bologna,9857,661761,Riccardo Orsolini,Bologna,9857,False,6.07,20.0,0.0,0.0,0.0,0.0,0.0,0.0,3.0,4.0,0.0,1.0,0.0,0.0,0.0,0.0,0.0,0.0,1.0,0.0,4.0,0.0,0.0,0.0,0.0,1.0,0.0,0.0,0.0,0.0,0.0,0.0,0.0,0.0,0.0,0.0,0.0,0.0,0.0,0.0,0.0,0.0,0.0,0.0,0.0,0.0,0.0,0.0,0.0,0.0,0.0,0.0,0.0,0.0,0.0,0.0,0.0,1.0,0.0,0.0,0.0,0.0,0.0
5749651,2026-08-31T18:45:00.000Z,2,Serie A,Atalanta,8524,Bologna,9857,689680,Jens Odgaard,Bologna,9857,False,6.45,60.0,0.18,0.22,0.0,0.0,0.0,0.0,12.0,14.0,0.0,0.0,0.0,0.0,0.0,0.0,0.0,0.0,0.0,0.0,23.0,0.0,3.0,0.0,0.0,4.0,0.0,0.0,0.0,2.0,1.0,1.0,2.0,0.0,0.0,0.0,0.0,4.0,5.0,0.0,0.0,4.0,1.0,0.04,0.0,2.0,0.0,0.0,2.0,0.0,0.0,2.0,0.0,0.0,0.0,0.04,0.0,0.0,0.0,0.0,0.0,0.0,0.0
5749651,2026-08-31T18:45:00.000Z,2,Serie A,Atalanta,8524,Bologna,9857,721089,Gianluca Scamacca,Atalanta,8524,False,5.97,68.0,0.03,0.07,0.0,0.0,0.0,0.0,11.0,18.0,0.0,0.0,0.0,0.0,0.0,0.0,0.0,0.0,0.0,0.0,31.0,0.0,3.0,2.0,0.0,2.0,0.0,0.0,0.0,1.0,2.0,0.0,1.0,5.0,0.0,0.0,0.0,3.0,11.0,1.0,2.0,4.0,9.0,0.04,0.01,1.0,0.0,1.0,0.0,0.0,1.0,1.0,0.0,0.0,0.0,0.04,0.0,0.0,0.0,0.0,0.0,0.0,0.0
5749651,2026-08-31T18:45:00.000Z,2,Serie A,Atalanta,8524,Bologna,9857,741049,Eljif Elmas,Atalanta,8524,False,6.17,34.0,0.02,0.02,0.0,0.0,0.0,0.0,6.0,9.0,0.0,0.0,0.0,0.0,0.0,0.0,0.0,0.0,0.0,0.0,17.0,0.0,0.0,0.0,0.0,2.0,0.0,0.0,0.0,0.0,2.0,2.0,2.0,2.0,0.0,0.0,0.0,2.0,4.0,0.0,0.0,2.0,2.0,0.0,0.0,0.0,0.0,0.0,0.0,0.0,0.0,0.0,0.0,0.0,0.0,0.0,0.0,0.0,0.0,0.0,0.0,0.0,0.0
5749651,2026-08-31T18:45:00.000Z,2,Serie A,Atalanta,8524,Bologna,9857,790732,Tommaso Pobega,Bologna,9857,False,6.51,72.0,0.02,0.04,0.0,0.0,0.0,0.0,42.0,49.0,1.0,2.0,0.0,0.0,0.0,0.0,0.0,0.0,5.0,0.0,55.0,2.0,0.0,1.0,1.0,5.0,1.0,0.0,0.0,1.0,0.0,0.0,0.0,1.0,0.0,0.0,0.0,1.0,3.0,0.0,1.0,1.0,3.0,0.02,0.0,1.0,0.0,0.0,1.0,0.0,0.0,1.0,0.0,0.0,0.0,0.02,0.0,0.0,0.0,0.0,0.0,0.0,0.0
5749651,2026-08-31T18:45:00.000Z,2,Serie A,Atalanta,8524,Bologna,9857,814398,Nicolò Casale,Bologna,9857,False,0.0,0.0,0.0,0.0,0.0,0.0,0.0,0.0,0.0,0.0,0.0,0.0,0.0,0.0,0.0,0.0,0.0,0.0,0.0,0.0,0.0,0.0,0.0,0.0,0.0,0.0,0.0,0.0,0.0,0.0,0.0,0.0,0.0,0.0,0.0,0.0,0.0,0.0,0.0,0.0,0.0,0.0,0.0,0.0,0.0,0.0,0.0,0.0,0.0,0.0,0.0,0.0,0.0,0.0,0.0,0.0,0.0,0.0,0.0,0.0,0.0,0.0,0.0
5749651,2026-08-31T18:45:00.000Z,2,Serie A,Atalanta,8524,Bologna,9857,833638,Nikola Krstovic,Atalanta,8524,False,5.74,22.0,0.02,0.02,0.0,0.0,0.0,0.0,6.0,9.0,0.0,0.0,0.0,0.0,0.0,0.0,0.0,0.0,0.0,0.0,15.0,0.0,0.0,0.0,0.0,0.0,0.0,0.0,0.0,1.0,2.0,0.0,0.0,3.0,0.0,0.0,0.0,0.0,3.0,0.0,0.0,0.0,3.0,0.0,0.0,0.0,0.0,0.0,0.0,0.0,0.0,0.0,0.0,0.0,0.0,0.0,0.0,0.0,0.0,0.0,0.0,0.0,0.0
5749651,2026-08-31T18:45:00.000Z,2,Serie A,Atalanta,8524,Bologna,9857,873956,Juan Miranda,Bologna,9857,False,0.0,0.0,0.0,0.0,0.0,0.0,0.0,0.0,0.0,0.0,0.0,0.0,0.0,0.0,0.0,0.0,0.0,0.0,0.0,0.0,0.0,0.0,0.0,0.0,0.0,0.0,0.0,0.0,0.0,0.0,0.0,0.0,0.0,0.0,0.0,0.0,0.0,0.0,0.0,0.0,0.0,0.0,0.0,0.0,0.0,0.0,0.0,0.0,0.0,0.0,0.0,0.0,0.0,0.0,0.0,0.0,0.0,0.0,0.0,0.0,0.0,0.0,0.0
5749651,2026-08-31T18:45:00.000Z,2,Serie A,Atalanta,8524,Bologna,9857,888921,Lewis Ferguson,Bologna,9857,False,7.44,90.0,0.03,0.04,0.0,0.0,0.0,0.0,112.0,124.0,2.0,4.0,0.0,0.0,0.0,0.0,0.0,0.0,5.0,0.0,136.0,6.0,0.0,3.0,3.0,14.0,2.0,0.0,0.0,2.0,0.0,1.0,1.0,0.0,1.0,0.0,1.0,4.0,8.0,0.0,0.0,4.0,4.0,0.01,0.0,1.0,0.0,0.0,1.0,0.0,0.0,1.0,0.0,0.0,1.0,0.01,0.0,2.0,0.0,0.0,0.0,0.0,0.0
5749651,2026-08-31T18:45:00.000Z,2,Serie A,Atalanta,8524,Bologna,9857,902651,Raoul Bellanova,Atalanta,8524,False,6.29,12.0,0.01,0.01,0.0,0.0,0.0,0.0,12.0,13.0,1.0,2.0,0.0,0.0,0.0,0.0,0.0,0.0,1.0,0.0,16.0,1.0,1.0,0.0,0.0,2.0,0.0,0.0,0.0,0.0,0.0,0.0,0.0,0.0,1.0,0.0,0.0,1.0,1.0,0.0,0.0,1.0,0.0,0.0,0.0,0.0,0.0,0.0,0.0,0.0,0.0,0.0,0.0,0.0,0.0,0.0,0.0,0.0,0.0,0.0,0.0,0.0,0.0
5749651,2026-08-31T18:45:00.000Z,2,Serie A,Atalanta,8524,Bologna,9857,935550,Torbjørn Heggem,Bologna,9857,False,7.29,90.0,0.01,0.01,0.0,0.0,0.0,0.0,118.0,124.0,5.0,8.0,0.0,0.0,0.0,0.0,0.0,0.0,6.0,3.0,134.0,5.0,1.0,1.0,1.0,2.0,1.0,0.0,0.0,2.0,1.0,0.0,0.0,0.0,0.0,0.0,0.0,2.0,3.0,1.0,1.0,3.0,1.0,0.0,0.0,0.0,0.0,0.0,0.0,0.0,0.0,0.0,0.0,0.0,0.0,0.0,0.0,0.0,0.0,0.0,0.0,0.0,0.0
5749651,2026-08-31T18:45:00.000Z,2,Serie A,Atalanta,8524,Bologna,9857,951743,Giacomo Raspadori,Atalanta,8524,False,6.52,56.0,0.0,0.06,0.0,0.0,0.0,0.0,9.0,12.0,0.0,0.0,0.0,0.0,0.0,0.0,0.0,0.0,1.0,0.0,17.0,1.0,0.0,0.0,1.0,0.0,0.0,0.0,0.0,0.0,2.0,0.0,0.0,0.0,0.0,0.0,0.0,1.0,1.0,0.0,1.0,1.0,1.0,0.06,0.0,2.0,0.0,0.0,2.0,0.0,0.0,2.0,0.0,0.0,0.0,0.06,0.0,0.0,0.0,0.0,0.0,0.0,0.0
5749651,2026-08-31T18:45:00.000Z,2,Serie A,Atalanta,8524,Bologna,9857,957203,Éderson,Atalanta,8524,False,6.83,68.0,0.01,0.01,0.0,0.0,0.0,0.0,27.0,30.0,0.0,1.0,0.0,0.0,0.0,0.0,0.0,0.0,2.0,1.0,39.0,3.0,2.0,1.0,1.0,4.0,1.0,0.0,0.0,0.0,0.0,1.0,1.0,1.0,0.0,0.0,0.0,4.0,6.0,0.0,0.0,4.0,2.0,0.0,0.0,0.0,0.0,0.0,0.0,0.0,0.0,0.0,0.0,0.0,0.0,0.0,0.0,0.0,0.0,0.0,0.0,0.0,0.0
5749651,2026-08-31T18:45:00.000Z,2,Serie A,Atalanta,8524,Bologna,9857,1012842,Gianluca Gaetano,Atalanta,8524,False,6.76,90.0,0.01,0.01,0.0,0.0,0.0,0.0,50.0,55.0,4.0,5.0,0.0,0.0,0.0,0.0,0.0,0.0,2.0,1.0,62.0,4.0,1.0,2.0,1.0,6.0,2.0,0.0,0.0,0.0,0.0,0.0,1.0,0.0,0.0,0.0,1.0,2.0,6.0,0.0,1.0,2.0,5.0,0.0,0.0,0.0,0.0,0.0,0.0,0.0,0.0,0.0,0.0,0.0,0.0,0.0,0.0,0.0,0.0,0.0,0.0,0.0,0.0
5749651,2026-08-31T18:45:00.000Z,2,Serie A,Atalanta,8524,Bologna,9857,1013021,Marco Carnesecchi,Atalanta,8524,True,8.25,90.0,0.0,0.0,3.0,0.0,1.13,1.13,26.0,35.0,7.0,16.0,3.0,2.0,1.0,0.0,5.0,0.0,8.0,2.0,47.0,2.0,0.0,0.0,0.0,5.0,0.0,0.0,0.0,0.0,0.0,0.0,0.0,0.0,0.0,0.0,0.0,0.0,0.0,0.0,0.0,0.0,0.0,0.0,0.0,0.0,0.0,0.0,0.0,0.0,0.0,0.0,0.0,0.0,0.0,0.0,0.0,0.0,0.0,0.0,0.0,0.0,0.0
5749651,2026-08-31T18:45:00.000Z,2,Serie A,Atalanta,8524,Bologna,9857,1014496,Odilon Kossounou,Atalanta,8524,False,7.14,90.0,0.0,0.0,0.0,0.0,0.0,0.0,60.0,61.0,0.0,1.0,0.0,0.0,0.0,0.0,0.0,0.0,3.0,3.0,69.0,6.0,1.0,0.0,1.0,3.0,1.0,0.0,0.0,0.0,0.0,0.0,0.0,0.0,1.0,1.0,0.0,2.0,2.0,0.0,0.0,2.0,0.0,0.0,0.0,0.0,0.0,0.0,0.0,0.0,0.0,0.0,0.0,0.0,0.0,0.0,0.0,0.0,0.0,0.0,0.0,0.0,0.0
5749651,2026-08-31T18:45:00.000Z,2,Serie A,Atalanta,8524,Bologna,9857,1014630,Emil Holm,Bologna,9857,False,7.14,72.0,0.0,0.04,0.0,0.0,0.0,0.0,41.0,45.0,0.0,0.0,0.0,0.0,0.0,0.0,0.0,0.0,7.0,1.0,61.0,5.0,0.0,0.0,4.0,3.0,0.0,0.0,0.0,1.0,1.0,0.0,0.0,1.0,0.0,1.0,1.0,4.0,6.0,1.0,1.0,5.0,2.0,0.04,0.0,1.0,0.0,0.0,1.0,0.0,0.0,1.0,0.0,0.0,0.0,0.04,0.0,0.0,0.0,0.0,0.0,0.0,0.0
5749651,2026-08-31T18:45:00.000Z,2,Serie A,Atalanta,8524,Bologna,9857,1017401,Roberto Piccoli,Bologna,9857,False,6.09,60.0,0.0,0.49,0.0,0.0,0.0,0.0,5.0,5.0,0.0,0.0,0.0,0.0,0.0,0.0,0.0,0.0,0.0,0.0,14.0,1.0,0.0,0.0,0.0,0.0,1.0,0.0,0.0,0.0,4.0,1.0,1.0,1.0,0.0,0.0,0.0,1.0,2.0,0.0,0.0,1.0,1.0,0.49,0.63,3.0,0.0,1.0,2.0,0.0,1.0,3.0,0.0,0.0,0.0,0.49,0.0,0.0,1.0,0.0,0.0,0.0,0.0
5749651,2026-08-31T18:45:00.000Z,2,Serie A,Atalanta,8524,Bologna,9857,1044029,Nicolò Cambiaghi,Bologna,9857,False,6.73,90.0,0.09,0.21,0.0,0.0,0.0,0.0,36.0,42.0,0.0,1.0,0.0,0.0,0.0,0.0,0.0,0.0,4.0,0.0,57.0,2.0,3.0,3.0,1.0,3.0,1.0,0.0,0.0,1.0,6.0,0.0,0.0,2.0,0.0,0.0,1.0,4.0,10.0,0.0,0.0,4.0,6.0,0.12,0.1,3.0,0.0,1.0,1.0,1.0,1.0,2.0,0.0,3.0,0.0,0.12,0.0,0.0,0.0,1.0,0.0,0.0,0.0
5749651,2026-08-31T18:45:00.000Z,2,Serie A,Atalanta,8524,Bologna,9857,1050178,Lazar Samardzic,Atalanta,8524,False,7.32,22.0,0.02,0.04,0.0,0.0,0.0,0.0,10.0,13.0,0.0,0.0,0.0,0.0,0.0,0.0,0.0,0.0,0.0,0.0,18.0,1.0,0.0,0.0,0.0,1.0,1.0,1.0,0.0,0.0,1.0,0.0,1.0,0.0,0.0,0.0,0.0,0.0,1.0,0.0,0.0,0.0,1.0,0.02,0.04,1.0,0.0,1.0,0.0,0.0,1.0,1.0,0.0,1.0,0.0,0.02,0.0,0.0,0.0,0.0,0.0,0.0,0.0
5749651,2026-08-31T18:45:00.000Z,2,Serie A,Atalanta,8524,Bologna,9857,1053714,Nicola Zalewski,Atalanta,8524,False,7.5,35.0,0.05,0.09,0.0,0.0,0.0,0.0,12.0,14.0,0.0,0.0,0.0,0.0,0.0,0.0,0.0,0.0,1.0,0.0,25.0,4.0,1.0,1.0,0.0,2.0,4.0,0.0,1.0,1.0,1.0,0.0,0.0,0.0,0.0,0.0,0.0,1.0,2.0,0.0,0.0,1.0,1.0,0.04,0.0,2.0,0.0,0.0,0.0,2.0,0.0,0.0,1.0,2.0,1.0,0.04,0.0,0.0,0.0,0.0,0.0,0.0,0.0
5749651,2026-08-31T18:45:00.000Z,2,Serie A,Atalanta,8524,Bologna,9857,1080669,Nadir Zortea,Bologna,9857,False,6.25,18.0,0.0,0.0,0.0,0.0,0.0,0.0,12.0,14.0,1.0,2.0,0.0,0.0,0.0,0.0,0.0,0.0,0.0,1.0,18.0,1.0,0.0,0.0,0.0,0.0,0.0,0.0,0.0,0.0,1.0,1.0,1.0,0.0,0.0,1.0,1.0,1.0,2.0,0.0,0.0,1.0,1.0,0.0,0.0,0.0,0.0,0.0,0.0,0.0,0.0,0.0,0.0,0.0,0.0,0.0,0.0,0.0,0.0,0.0,0.0,0.0,0.0
5749651,2026-08-31T18:45:00.000Z,2,Serie A,Atalanta,8524,Bologna,9857,1095432,Charles De Ketelaere,Atalanta,8524,False,6.89,55.0,0.03,0.03,0.0,0.0,0.0,0.0,7.0,15.0,0.0,0.0,0.0,0.0,0.0,0.0,0.0,0.0,2.0,0.0,28.0,2.0,2.0,1.0,2.0,3.0,0.0,0.0,0.0,1.0,0.0,1.0,2.0,1.0,0.0,0.0,1.0,5.0,9.0,1.0,3.0,6.0,6.0,0.0,0.0,0.0,0.0,0.0,0.0,0.0,0.0,0.0,1.0,1.0,0.0,0.0,0.0,0.0,0.0,0.0,0.0,0.0,0.0
5749651,2026-08-31T18:45:00.000Z,2,Serie A,Atalanta,8524,Bologna,9857,1173250,Arthur Theate,Bologna,9857,False,0.0,0.0,0.0,0.0,0.0,0.0,0.0,0.0,0.0,0.0,0.0,0.0,0.0,0.0,0.0,0.0,0.0,0.0,0.0,0.0,0.0,0.0,0.0,0.0,0.0,0.0,0.0,0.0,0.0,0.0,0.0,0.0,0.0,0.0,0.0,0.0,0.0,0.0,0.0,0.0,0.0,0.0,0.0,0.0,0.0,0.0,0.0,0.0,0.0,0.0,0.0,0.0,0.0,0.0,0.0,0.0,0.0,0.0,0.0,0.0,0.0,0.0,0.0
5749651,2026-08-31T18:45:00.000Z,2,Serie A,Atalanta,8524,Bologna,9857,1191093,Lorenzo Bernasconi,Atalanta,8524,False,0.0,0.0,0.0,0.0,0.0,0.0,0.0,0.0,0.0,0.0,0.0,0.0,0.0,0.0,0.0,0.0,0.0,0.0,0.0,0.0,0.0,0.0,0.0,0.0,0.0,0.0,0.0,0.0,0.0,0.0,0.0,0.0,0.0,0.0,0.0,0.0,0.0,0.0,0.0,0.0,0.0,0.0,0.0,0.0,0.0,0.0,0.0,0.0,0.0,0.0,0.0,0.0,0.0,0.0,0.0,0.0,0.0,0.0,0.0,0.0,0.0,0.0,0.0
5749651,2026-08-31T18:45:00.000Z,2,Serie A,Atalanta,8524,Bologna,9857,1198712,Martin Vitík,Bologna,9857,False,0.0,0.0,0.0,0.0,0.0,0.0,0.0,0.0,0.0,0.0,0.0,0.0,0.0,0.0,0.0,0.0,0.0,0.0,0.0,0.0,0.0,0.0,0.0,0.0,0.0,0.0,0.0,0.0,0.0,0.0,0.0,0.0,0.0,0.0,0.0,0.0,0.0,0.0,0.0,0.0,0.0,0.0,0.0,0.0,0.0,0.0,0.0,0.0,0.0,0.0,0.0,0.0,0.0,0.0,0.0,0.0,0.0,0.0,0.0,0.0,0.0,0.0,0.0
5749651,2026-08-31T18:45:00.000Z,2,Serie A,Atalanta,8524,Bologna,9857,1202358,Giorgio Scalvini,Atalanta,8524,False,7.28,90.0,0.01,0.01,0.0,0.0,0.0,0.0,56.0,60.0,4.0,5.0,0.0,0.0,0.0,0.0,0.0,0.0,2.0,3.0,69.0,6.0,1.0,2.0,2.0,4.0,1.0,0.0,0.0,0.0,0.0,0.0,0.0,0.0,0.0,2.0,1.0,3.0,6.0,2.0,3.0,5.0,4.0,0.0,0.0,0.0,0.0,0.0,0.0,0.0,0.0,0.0,0.0,0.0,0.0,0.0,0.0,0.0,0.0,0.0,0.0,0.0,0.0
5749651,2026-08-31T18:45:00.000Z,2,Serie A,Atalanta,8524,Bologna,9857,1333066,Rahim Alhassane,Bologna,9857,False,7.47,90.0,0.03,0.03,0.0,0.0,0.0,0.0,69.0,83.0,3.0,6.0,0.0,0.0,0.0,0.0,0.0,0.0,6.0,0.0,101.0,4.0,1.0,1.0,2.0,5.0,1.0,0.0,0.0,3.0,1.0,2.0,2.0,1.0,1.0,0.0,1.0,5.0,8.0,1.0,1.0,6.0,3.0,0.0,0.0,0.0,0.0,0.0,0.0,0.0,0.0,0.0,0.0,1.0,0.0,0.0,0.0,0.0,0.0,0.0,0.0,0.0,0.0
5749651,2026-08-31T18:45:00.000Z,2,Serie A,Atalanta,8524,Bologna,9857,1396375,Ibrahim Sulemana,Atalanta,8524,False,0.0,0.0,0.0,0.0,0.0,0.0,0.0,0.0,0.0,0.0,0.0,0.0,0.0,0.0,0.0,0.0,0.0,0.0,0.0,0.0,0.0,0.0,0.0,0.0,0.0,0.0,0.0,0.0,0.0,0.0,0.0,0.0,0.0,0.0,0.0,0.0,0.0,0.0,0.0,0.0,0.0,0.0,0.0,0.0,0.0,0.0,0.0,0.0,0.0,0.0,0.0,0.0,0.0,0.0,0.0,0.0,0.0,0.0,0.0,0.0,0.0,0.0,0.0
5749651,2026-08-31T18:45:00.000Z,2,Serie A,Atalanta,8524,Bologna,9857,1503574,Eivind Helland,Bologna,9857,False,7.45,90.0,0.21,0.21,0.0,0.0,0.0,0.0,89.0,92.0,1.0,3.0,0.0,0.0,0.0,0.0,0.0,0.0,2.0,8.0,113.0,17.0,1.0,2.0,5.0,1.0,4.0,0.0,0.0,0.0,0.0,0.0,0.0,0.0,0.0,4.0,0.0,6.0,8.0,2.0,4.0,8.0,4.0,0.0,0.0,0.0,0.0,0.0,0.0,0.0,0.0,0.0,0.0,0.0,0.0,0.0,0.0,0.0,0.0,0.0,0.0,0.0,0.0
5749651,2026-08-31T18:45:00.000Z,2,Serie A,Atalanta,8524,Bologna,9857,1594898,Paolo Vismara,Atalanta,8524,True,0.0,0.0,0.0,0.0,0.0,0.0,0.0,0.0,0.0,0.0,0.0,0.0,0.0,0.0,0.0,0.0,0.0,0.0,0.0,0.0,0.0,0.0,0.0,0.0,0.0,0.0,0.0,0.0,0.0,0.0,0.0,0.0,0.0,0.0,0.0,0.0,0.0,0.0,0.0,0.0,0.0,0.0,0.0,0.0,0.0,0.0,0.0,0.0,0.0,0.0,0.0,0.0,0.0,0.0,0.0,0.0,0.0,0.0,0.0,0.0,0.0,0.0,0.0
5749651,2026-08-31T18:45:00.000Z,2,Serie A,Atalanta,8524,Bologna,9857,1661207,Mikel Amondarain,Bologna,9857,False,6.38,18.0,0.0,0.03,0.0,0.0,0.0,0.0,5.0,6.0,0.0,1.0,0.0,0.0,0.0,0.0,0.0,0.0,2.0,1.0,12.0,2.0,1.0,0.0,1.0,0.0,0.0,0.0,0.0,0.0,1.0,0.0,0.0,0.0,0.0,0.0,0.0,2.0,2.0,0.0,0.0,2.0,0.0,0.03,0.0,1.0,0.0,0.0,1.0,0.0,0.0,1.0,0.0,0.0,0.0,0.03,0.0,0.0,0.0,0.0,0.0,0.0,0.0
5749651,2026-08-31T18:45:00.000Z,2,Serie A,Atalanta,8524,Bologna,9857,1668963,Federico Cassa,Atalanta,8524,False,0.0,0.0,0.0,0.0,0.0,0.0,0.0,0.0,0.0,0.0,0.0,0.0,0.0,0.0,0.0,0.0,0.0,0.0,0.0,0.0,0.0,0.0,0.0,0.0,0.0,0.0,0.0,0.0,0.0,0.0,0.0,0.0,0.0,0.0,0.0,0.0,0.0,0.0,0.0,0.0,0.0,0.0,0.0,0.0,0.0,0.0,0.0,0.0,0.0,0.0,0.0,0.0,0.0,0.0,0.0,0.0,0.0,0.0,0.0,0.0,0.0,0.0,0.0
5749651,2026-08-31T18:45:00.000Z,2,Serie A,Atalanta,8524,Bologna,9857,1692456,Relja Obric,Atalanta,8524,False,0.0,0.0,0.0,0.0,0.0,0.0,0.0,0.0,0.0,0.0,0.0,0.0,0.0,0.0,0.0,0.0,0.0,0.0,0.0,0.0,0.0,0.0,0.0,0.0,0.0,0.0,0.0,0.0,0.0,0.0,0.0,0.0,0.0,0.0,0.0,0.0,0.0,0.0,0.0,0.0,0.0,0.0,0.0,0.0,0.0,0.0,0.0,0.0,0.0,0.0,0.0,0.0,0.0,0.0,0.0,0.0,0.0,0.0,0.0,0.0,0.0,0.0,0.0
5749651,2026-08-31T18:45:00.000Z,2,Serie A,Atalanta,8524,Bologna,9857,1696050,Massimo Pessina,Bologna,9857,True,0.0,0.0,0.0,0.0,0.0,0.0,0.0,0.0,0.0,0.0,0.0,0.0,0.0,0.0,0.0,0.0,0.0,0.0,0.0,0.0,0.0,0.0,0.0,0.0,0.0,0.0,0.0,0.0,0.0,0.0,0.0,0.0,0.0,0.0,0.0,0.0,0.0,0.0,0.0,0.0,0.0,0.0,0.0,0.0,0.0,0.0,0.0,0.0,0.0,0.0,0.0,0.0,0.0,0.0,0.0,0.0,0.0,0.0,0.0,0.0,0.0,0.0,0.0
5749651,2026-08-31T18:45:00.000Z,2,Serie A,Atalanta,8524,Bologna,9857,1813717,Ukko Happonen,Bologna,9857,True,0.0,0.0,0.0,0.0,0.0,0.0,0.0,0.0,0.0,0.0,0.0,0.0,0.0,0.0,0.0,0.0,0.0,0.0,0.0,0.0,0.0,0.0,0.0,0.0,0.0,0.0,0.0,0.0,0.0,0.0,0.0,0.0,0.0,0.0,0.0,0.0,0.0,0.0,0.0,0.0,0.0,0.0,0.0,0.0,0.0,0.0,0.0,0.0,0.0,0.0,0.0,0.0,0.0,0.0,0.0,0.0,0.0,0.0,0.0,0.0,0.0,0.0,0.0
5749651,2026-08-31T18:45:00.000Z,2,Serie A,Atalanta,8524,Bologna,9857,2008804,Marco Libra,Bologna,9857,False,0.0,0.0,0.0,0.0,0.0,0.0,0.0,0.0,0.0,0.0,0.0,0.0,0.0,0.0,0.0,0.0,0.0,0.0,0.0,0.0,0.0,0.0,0.0,0.0,0.0,0.0,0.0,0.0,0.0,0.0,0.0,0.0,0.0,0.0,0.0,0.0,0.0,0.0,0.0,0.0,0.0,0.0,0.0,0.0,0.0,0.0,0.0,0.0,0.0,0.0,0.0,0.0,0.0,0.0,0.0,0.0,0.0,0.0,0.0,0.0,0.0,0.0,0.0
5749652,2026-08-30T18:45:00.000Z,2,Serie A,Cagliari,8529,Inter,8636,73167,Henrikh Mkhitaryan,Internazionale,8636,False,0.0,0.0,0.0,0.0,0.0,0.0,0.0,0.0,0.0,0.0,0.0,0.0,0.0,0.0,0.0,0.0,0.0,0.0,0.0,0.0,0.0,0.0,0.0,0.0,0.0,0.0,0.0,0.0,0.0,0.0,0.0,0.0,0.0,0.0,0.0,0.0,0.0,0.0,0.0,0.0,0.0,0.0,0.0,0.0,0.0,0.0,0.0,0.0,0.0,0.0,0.0,0.0,0.0,0.0,0.0,0.0,0.0,0.0,0.0,0.0,0.0,0.0,0.0
5749652,2026-08-30T18:45:00.000Z,2,Serie A,Cagliari,8529,Inter,8636,263653,John Stones,Internazionale,8636,False,6.92,22.0,0.0,0.09,0.0,0.0,0.0,0.0,8.0,8.0,1.0,1.0,0.0,0.0,0.0,0.0,0.0,0.0,0.0,6.0,19.0,8.0,1.0,1.0,2.0,0.0,0.0,0.0,0.0,0.0,1.0,0.0,0.0,0.0,0.0,6.0,0.0,3.0,4.0,6.0,6.0,9.0,1.0,0.09,0.0,1.0,0.0,0.0,1.0,0.0,0.0,1.0,0.0,0.0,0.0,0.09,0.0,0.0,0.0,0.0,0.0,0.0,0.0
5749652,2026-08-30T18:45:00.000Z,2,Serie A,Cagliari,8529,Inter,8636,304733,Hakan Çalhanoglu,Internazionale,8636,False,8.11,65.0,0.09,0.18,0.0,0.0,0.0,0.0,58.0,65.0,4.0,6.0,0.0,0.0,0.0,0.0,0.0,0.0,4.0,0.0,75.0,4.0,1.0,0.0,2.0,3.0,2.0,1.0,0.0,2.0,2.0,0.0,1.0,1.0,0.0,0.0,0.0,3.0,5.0,0.0,0.0,3.0,2.0,0.09,0.11,2.0,0.0,1.0,0.0,1.0,1.0,1.0,1.0,1.0,1.0,0.09,0.0,0.0,0.0,0.0,0.0,0.0,0.0
5749652,2026-08-30T18:45:00.000Z,2,Serie A,Cagliari,8529,Inter,8636,362212,Piotr Zielinski,Internazionale,8636,False,6.4,25.0,0.11,0.14,0.0,0.0,0.0,0.0,13.0,13.0,2.0,2.0,0.0,0.0,0.0,0.0,0.0,0.0,2.0,0.0,14.0,0.0,0.0,0.0,0.0,2.0,0.0,0.0,0.0,1.0,1.0,0.0,0.0,0.0,0.0,0.0,1.0,0.0,1.0,0.0,1.0,0.0,2.0,0.03,0.0,1.0,1.0,0.0,1.0,0.0,0.0,1.0,0.0,0.0,0.0,0.03,0.0,0.0,0.0,0.0,0.0,0.0,0.0
5749652,2026-08-30T18:45:00.000Z,2,Serie A,Cagliari,8529,Inter,8636,364822,Ivan Provedel,Internazionale,8636,True,0.0,0.0,0.0,0.0,0.0,0.0,0.0,0.0,0.0,0.0,0.0,0.0,0.0,0.0,0.0,0.0,0.0,0.0,0.0,0.0,0.0,0.0,0.0,0.0,0.0,0.0,0.0,0.0,0.0,0.0,0.0,0.0,0.0,0.0,0.0,0.0,0.0,0.0,0.0,0.0,0.0,0.0,0.0,0.0,0.0,0.0,0.0,0.0,0.0,0.0,0.0,0.0,0.0,0.0,0.0,0.0,0.0,0.0,0.0,0.0,0.0,0.0,0.0
5749652,2026-08-30T18:45:00.000Z,2,Serie A,Cagliari,8529,Inter,8636,417743,Raffaele Di Gennaro,Internazionale,8636,True,0.0,0.0,0.0,0.0,0.0,0.0,0.0,0.0,0.0,0.0,0.0,0.0,0.0,0.0,0.0,0.0,0.0,0.0,0.0,0.0,0.0,0.0,0.0,0.0,0.0,0.0,0.0,0.0,0.0,0.0,0.0,0.0,0.0,0.0,0.0,0.0,0.0,0.0,0.0,0.0,0.0,0.0,0.0,0.0,0.0,0.0,0.0,0.0,0.0,0.0,0.0,0.0,0.0,0.0,0.0,0.0,0.0,0.0,0.0,0.0,0.0,0.0,0.0
5749652,2026-08-30T18:45:00.000Z,2,Serie A,Cagliari,8529,Inter,8636,435684,Boris Radunovic,Cagliari,8529,True,0.0,0.0,0.0,0.0,0.0,0.0,0.0,0.0,0.0,0.0,0.0,0.0,0.0,0.0,0.0,0.0,0.0,0.0,0.0,0.0,0.0,0.0,0.0,0.0,0.0,0.0,0.0,0.0,0.0,0.0,0.0,0.0,0.0,0.0,0.0,0.0,0.0,0.0,0.0,0.0,0.0,0.0,0.0,0.0,0.0,0.0,0.0,0.0,0.0,0.0,0.0,0.0,0.0,0.0,0.0,0.0,0.0,0.0,0.0,0.0,0.0,0.0,0.0
5749652,2026-08-30T18:45:00.000Z,2,Serie A,Cagliari,8529,Inter,8636,449283,Alessandro Deiola,Cagliari,8529,False,6.12,83.0,0.01,0.01,0.0,0.0,0.0,0.0,22.0,28.0,3.0,8.0,0.0,0.0,0.0,0.0,0.0,0.0,2.0,1.0,37.0,3.0,0.0,1.0,1.0,2.0,0.0,0.0,0.0,0.0,1.0,0.0,0.0,0.0,1.0,0.0,2.0,1.0,4.0,0.0,1.0,1.0,4.0,0.0,0.0,0.0,0.0,0.0,0.0,0.0,0.0,0.0,0.0,0.0,0.0,0.0,0.0,0.0,0.0,0.0,0.0,0.0,0.0
5749652,2026-08-30T18:45:00.000Z,2,Serie A,Cagliari,8529,Inter,8636,521318,Manuel Akanji,Internazionale,8636,False,7.34,68.0,0.01,0.12,0.0,0.0,0.0,0.0,62.0,64.0,3.0,3.0,0.0,0.0,0.0,0.0,0.0,0.0,5.0,2.0,71.0,4.0,0.0,1.0,1.0,5.0,1.0,0.0,0.0,0.0,1.0,0.0,0.0,0.0,0.0,1.0,0.0,1.0,2.0,2.0,2.0,3.0,1.0,0.11,0.0,1.0,0.0,0.0,1.0,0.0,0.0,1.0,0.0,0.0,0.0,0.11,0.0,0.0,0.0,0.0,0.0,0.0,0.0
5749652,2026-08-30T18:45:00.000Z,2,Serie A,Cagliari,8529,Inter,8636,528453,Harry Winks,Cagliari,8529,False,6.14,57.0,0.0,0.0,0.0,0.0,0.0,0.0,12.0,15.0,0.0,0.0,0.0,0.0,0.0,0.0,0.0,0.0,2.0,2.0,22.0,2.0,0.0,0.0,0.0,2.0,0.0,0.0,0.0,0.0,0.0,0.0,0.0,0.0,0.0,0.0,0.0,0.0,0.0,0.0,0.0,0.0,0.0,0.0,0.0,0.0,0.0,0.0,0.0,0.0,0.0,0.0,0.0,0.0,0.0,0.0,0.0,0.0,0.0,0.0,0.0,0.0,0.0
5749652,2026-08-30T18:45:00.000Z,2,Serie A,Cagliari,8529,Inter,8636,541820,Nicolò Barella,Internazionale,8636,False,8.97,90.0,0.15,0.28,0.0,0.0,0.0,0.0,61.0,68.0,2.0,4.0,0.0,0.0,0.0,0.0,0.0,0.0,8.0,2.0,87.0,5.0,0.0,1.0,2.0,8.0,1.0,0.0,1.0,4.0,0.0,6.0,6.0,0.0,0.0,1.0,0.0,8.0,9.0,0.0,0.0,8.0,1.0,0.13,0.05,2.0,2.0,2.0,0.0,0.0,2.0,2.0,2.0,2.0,0.0,0.13,0.0,0.0,1.0,0.0,0.0,0.0,0.0
5749652,2026-08-30T18:45:00.000Z,2,Serie A,Cagliari,8529,Inter,8636,605224,Federico Dimarco,Internazionale,8636,False,8.29,90.0,0.71,1.08,0.0,0.0,0.0,0.0,48.0,54.0,1.0,1.0,0.0,0.0,0.0,0.0,0.0,0.0,3.0,0.0,74.0,3.0,0.0,0.0,1.0,9.0,2.0,0.0,0.0,7.0,7.0,0.0,0.0,0.0,0.0,0.0,0.0,1.0,1.0,0.0,0.0,1.0,0.0,0.37,0.36,2.0,0.0,1.0,1.0,0.0,1.0,2.0,5.0,9.0,5.0,0.37,0.0,0.0,2.0,0.0,0.0,0.0,0.0
5749652,2026-08-30T18:45:00.000Z,2,Serie A,Cagliari,8529,Inter,8636,611223,Benjamin Pavard,Internazionale,8636,False,7.44,90.0,0.13,0.15,0.0,0.0,0.0,0.0,93.0,97.0,4.0,5.0,0.0,0.0,0.0,0.0,0.0,0.0,3.0,1.0,109.0,4.0,0.0,0.0,2.0,9.0,1.0,0.0,0.0,1.0,2.0,0.0,0.0,0.0,0.0,0.0,0.0,2.0,2.0,0.0,4.0,2.0,4.0,0.02,0.0,1.0,0.0,0.0,1.0,0.0,0.0,1.0,1.0,1.0,0.0,0.02,0.0,0.0,0.0,0.0,0.0,0.0,0.0
5749652,2026-08-30T18:45:00.000Z,2,Serie A,Cagliari,8529,Inter,8636,621562,Marcus Thuram,Internazionale,8636,False,6.14,25.0,0.04,0.54,0.0,0.0,0.0,0.0,7.0,7.0,0.0,0.0,0.0,0.0,0.0,0.0,0.0,0.0,0.0,2.0,15.0,2.0,0.0,0.0,0.0,0.0,0.0,0.0,0.0,0.0,3.0,0.0,0.0,1.0,0.0,1.0,0.0,0.0,1.0,2.0,3.0,2.0,2.0,0.5,0.0,3.0,0.0,0.0,2.0,1.0,0.0,2.0,0.0,0.0,0.0,0.5,0.0,0.0,1.0,0.0,0.0,0.0,0.0
5749652,2026-08-30T18:45:00.000Z,2,Serie A,Cagliari,8529,Inter,8636,690230,Lautaro Martínez,Internazionale,8636,False,7.4,90.0,0.08,1.2000000000000002,0.0,0.0,0.0,0.0,27.0,30.0,3.0,4.0,0.0,0.0,0.0,0.0,0.0,0.0,1.0,1.0,56.0,4.0,0.0,1.0,2.0,1.0,1.0,0.0,0.0,2.0,12.0,1.0,2.0,2.0,0.0,1.0,0.0,3.0,7.0,1.0,2.0,4.0,5.0,1.12,0.13,10.0,1.0,1.0,6.0,3.0,1.0,7.0,0.0,0.0,0.0,1.12,0.0,0.0,1.0,0.0,0.0,0.0,0.0
5749652,2026-08-30T18:45:00.000Z,2,Serie A,Cagliari,8529,Inter,8636,772168,Josep Martínez,Internazionale,8636,True,7.45,90.0,0.0,0.0,0.0,0.0,0.0,0.0,23.0,25.0,5.0,7.0,1.0,0.0,1.0,2.0,6.0,3.0,8.0,2.0,37.0,2.0,0.0,0.0,0.0,0.0,0.0,0.0,0.0,0.0,0.0,0.0,0.0,0.0,0.0,0.0,0.0,0.0,0.0,0.0,0.0,0.0,0.0,0.0,0.0,0.0,0.0,0.0,0.0,0.0,0.0,0.0,0.0,0.0,0.0,0.0,0.0,0.0,0.0,0.0,0.0,0.0,0.0
5749652,2026-08-30T18:45:00.000Z,2,Serie A,Cagliari,8529,Inter,8636,805451,Alessandro Bastoni,Internazionale,8636,False,7.9,90.0,0.26,0.51,0.0,0.0,0.0,0.0,96.0,106.0,7.0,11.0,0.0,0.0,0.0,0.0,0.0,0.0,4.0,2.0,119.0,6.0,0.0,1.0,4.0,11.0,0.0,0.0,0.0,4.0,3.0,0.0,0.0,2.0,0.0,0.0,1.0,4.0,8.0,1.0,1.0,5.0,4.0,0.25,0.0,2.0,1.0,0.0,2.0,0.0,0.0,2.0,1.0,1.0,0.0,0.25,0.0,0.0,0.0,0.0,0.0,0.0,0.0
5749652,2026-08-30T18:45:00.000Z,2,Serie A,Cagliari,8529,Inter,8636,889535,Yann Aurel Bisseck,Internazionale,8636,False,0.0,9.0,0.0,0.0,0.0,0.0,0.0,0.0,3.0,4.0,0.0,0.0,0.0,0.0,0.0,0.0,0.0,0.0,0.0,0.0,7.0,1.0,0.0,0.0,0.0,0.0,0.0,0.0,0.0,0.0,0.0,0.0,0.0,0.0,1.0,0.0,0.0,0.0,0.0,0.0,0.0,0.0,0.0,0.0,0.0,0.0,0.0,0.0,0.0,0.0,0.0,0.0,0.0,0.0,0.0,0.0,0.0,0.0,0.0,0.0,0.0,0.0,0.0
5749652,2026-08-30T18:45:00.000Z,2,Serie A,Cagliari,8529,Inter,8636,933768,Curtis Jones,Internazionale,8636,False,6.22,25.0,0.0,0.02,0.0,0.0,0.0,0.0,14.0,15.0,0.0,0.0,0.0,0.0,0.0,0.0,0.0,0.0,3.0,1.0,28.0,2.0,1.0,0.0,1.0,3.0,0.0,0.0,0.0,0.0,2.0,0.0,0.0,2.0,0.0,0.0,1.0,2.0,5.0,0.0,0.0,2.0,3.0,0.02,0.0,1.0,0.0,0.0,0.0,1.0,0.0,0.0,0.0,0.0,0.0,0.02,0.0,0.0,0.0,0.0,0.0,0.0,0.0
5749652,2026-08-30T18:45:00.000Z,2,Serie A,Cagliari,8529,Inter,8636,936164,Michel Ndary Adopo,Cagliari,8529,False,6.75,90.0,0.04,0.18000000000000002,0.0,0.0,0.0,0.0,30.0,36.0,2.0,3.0,0.0,0.0,0.0,0.0,0.0,0.0,5.0,0.0,40.0,1.0,0.0,0.0,1.0,7.0,0.0,0.0,0.0,3.0,1.0,0.0,1.0,0.0,0.0,0.0,1.0,1.0,3.0,0.0,1.0,1.0,3.0,0.14,0.0,1.0,0.0,0.0,0.0,1.0,0.0,0.0,0.0,0.0,0.0,0.14,0.0,0.0,0.0,0.0,0.0,0.0,0.0
5749652,2026-08-30T18:45:00.000Z,2,Serie A,Cagliari,8529,Inter,8636,940829,Carlos Augusto,Internazionale,8636,False,0.0,0.0,0.0,0.0,0.0,0.0,0.0,0.0,0.0,0.0,0.0,0.0,0.0,0.0,0.0,0.0,0.0,0.0,0.0,0.0,0.0,0.0,0.0,0.0,0.0,0.0,0.0,0.0,0.0,0.0,0.0,0.0,0.0,0.0,0.0,0.0,0.0,0.0,0.0,0.0,0.0,0.0,0.0,0.0,0.0,0.0,0.0,0.0,0.0,0.0,0.0,0.0,0.0,0.0,0.0,0.0,0.0,0.0,0.0,0.0,0.0,0.0,0.0
5749652,2026-08-30T18:45:00.000Z,2,Serie A,Cagliari,8529,Inter,8636,957107,Zé Pedro,Cagliari,8529,False,6.34,90.0,0.01,0.01,0.0,0.0,0.0,0.0,28.0,35.0,3.0,6.0,0.0,0.0,0.0,0.0,0.0,0.0,2.0,2.0,51.0,3.0,0.0,0.0,1.0,6.0,0.0,0.0,0.0,0.0,0.0,0.0,0.0,0.0,0.0,1.0,1.0,1.0,2.0,0.0,1.0,1.0,2.0,0.0,0.0,0.0,0.0,0.0,0.0,0.0,0.0,0.0,0.0,1.0,0.0,0.0,0.0,0.0,0.0,0.0,0.0,0.0,0.0
5749652,2026-08-30T18:45:00.000Z,2,Serie A,Cagliari,8529,Inter,8636,958422,Elia Caprile,Cagliari,8529,True,7.5,90.0,0.0,0.0,5.0,1.0,1.55,0.55,26.0,32.0,6.0,12.0,4.0,3.0,0.0,0.0,2.0,1.0,5.0,0.0,42.0,0.0,0.0,0.0,0.0,4.0,0.0,0.0,0.0,0.0,0.0,0.0,0.0,0.0,0.0,0.0,0.0,0.0,0.0,1.0,1.0,1.0,0.0,0.0,0.0,0.0,0.0,0.0,0.0,0.0,0.0,0.0,0.0,0.0,0.0,0.0,0.0,0.0,0.0,0.0,0.0,0.0,0.0
5749652,2026-08-30T18:45:00.000Z,2,Serie A,Cagliari,8529,Inter,8636,1021302,Mattia Felici,Cagliari,8529,False,0.0,0.0,0.0,0.0,0.0,0.0,0.0,0.0,0.0,0.0,0.0,0.0,0.0,0.0,0.0,0.0,0.0,0.0,0.0,0.0,0.0,0.0,0.0,0.0,0.0,0.0,0.0,0.0,0.0,0.0,0.0,0.0,0.0,0.0,0.0,0.0,0.0,0.0,0.0,0.0,0.0,0.0,0.0,0.0,0.0,0.0,0.0,0.0,0.0,0.0,0.0,0.0,0.0,0.0,0.0,0.0,0.0,0.0,0.0,0.0,0.0,0.0,0.0
5749652,2026-08-30T18:45:00.000Z,2,Serie A,Cagliari,8529,Inter,8636,1030646,Gennaro Borrelli,Cagliari,8529,False,5.96,12.0,0.0,0.05,0.0,0.0,0.0,0.0,4.0,4.0,0.0,0.0,0.0,0.0,0.0,0.0,0.0,0.0,1.0,0.0,11.0,1.0,1.0,0.0,0.0,0.0,1.0,0.0,0.0,0.0,1.0,0.0,2.0,1.0,0.0,0.0,0.0,1.0,4.0,1.0,2.0,2.0,4.0,0.05,0.0,1.0,0.0,0.0,1.0,0.0,0.0,1.0,0.0,0.0,0.0,0.05,0.0,0.0,0.0,0.0,0.0,0.0,0.0
5749652,2026-08-30T18:45:00.000Z,2,Serie A,Cagliari,8529,Inter,8636,1072054,Daniel Maldini,Cagliari,8529,False,6.02,78.0,0.1,0.17,0.0,0.0,0.0,0.0,13.0,16.0,0.0,0.0,0.0,0.0,0.0,0.0,0.0,0.0,1.0,0.0,31.0,3.0,2.0,0.0,2.0,2.0,0.0,0.0,0.0,0.0,0.0,0.0,2.0,2.0,1.0,0.0,0.0,4.0,8.0,0.0,0.0,4.0,4.0,0.07,0.0,1.0,0.0,0.0,0.0,1.0,0.0,0.0,1.0,1.0,1.0,0.07,0.0,0.0,0.0,0.0,0.0,0.0,0.0
5749652,2026-08-30T18:45:00.000Z,2,Serie A,Cagliari,8529,Inter,8636,1114635,Luis Henrique,Internazionale,8636,False,7.0,81.0,0.03,0.07,0.0,0.0,0.0,0.0,65.0,71.0,4.0,5.0,0.0,0.0,0.0,0.0,0.0,0.0,7.0,0.0,78.0,1.0,1.0,0.0,0.0,3.0,1.0,0.0,0.0,0.0,1.0,0.0,0.0,1.0,0.0,0.0,0.0,1.0,2.0,0.0,0.0,1.0,1.0,0.04,0.0,1.0,0.0,0.0,1.0,0.0,0.0,1.0,0.0,0.0,0.0,0.04,0.0,0.0,0.0,0.0,0.0,0.0,0.0
5749652,2026-08-30T18:45:00.000Z,2,Serie A,Cagliari,8529,Inter,8636,1159233,Alieu Fadera,Cagliari,8529,False,6.52,33.0,0.01,0.09,0.0,0.0,0.0,0.0,12.0,15.0,1.0,1.0,0.0,0.0,0.0,0.0,0.0,0.0,3.0,0.0,29.0,2.0,0.0,0.0,2.0,2.0,0.0,0.0,0.0,1.0,3.0,1.0,3.0,1.0,0.0,0.0,0.0,3.0,6.0,1.0,1.0,4.0,3.0,0.08,0.0,2.0,0.0,0.0,2.0,0.0,0.0,2.0,0.0,3.0,0.0,0.08,0.0,0.0,0.0,0.0,0.0,0.0,0.0
5749652,2026-08-30T18:45:00.000Z,2,Serie A,Cagliari,8529,Inter,8636,1165232,Giuseppe Aurelio,Cagliari,8529,False,0.0,0.0,0.0,0.0,0.0,0.0,0.0,0.0,0.0,0.0,0.0,0.0,0.0,0.0,0.0,0.0,0.0,0.0,0.0,0.0,0.0,0.0,0.0,0.0,0.0,0.0,0.0,0.0,0.0,0.0,0.0,0.0,0.0,0.0,0.0,0.0,0.0,0.0,0.0,0.0,0.0,0.0,0.0,0.0,0.0,0.0,0.0,0.0,0.0,0.0,0.0,0.0,0.0,0.0,0.0,0.0,0.0,0.0,0.0,0.0,0.0,0.0,0.0
5749652,2026-08-30T18:45:00.000Z,2,Serie A,Cagliari,8529,Inter,8636,1166344,Kevin Carlos,Cagliari,8529,False,5.71,33.0,0.0,0.0,0.0,0.0,0.0,0.0,1.0,3.0,0.0,0.0,0.0,0.0,0.0,0.0,0.0,0.0,1.0,1.0,10.0,1.0,1.0,1.0,0.0,0.0,0.0,0.0,0.0,0.0,0.0,0.0,0.0,2.0,0.0,0.0,0.0,1.0,4.0,2.0,5.0,3.0,6.0,0.0,0.0,0.0,0.0,0.0,0.0,0.0,0.0,0.0,0.0,1.0,0.0,0.0,0.0,1.0,0.0,0.0,0.0,0.0,0.0
5749652,2026-08-30T18:45:00.000Z,2,Serie A,Cagliari,8529,Inter,8636,1178779,Alen Sherri,Cagliari,8529,True,0.0,0.0,0.0,0.0,0.0,0.0,0.0,0.0,0.0,0.0,0.0,0.0,0.0,0.0,0.0,0.0,0.0,0.0,0.0,0.0,0.0,0.0,0.0,0.0,0.0,0.0,0.0,0.0,0.0,0.0,0.0,0.0,0.0,0.0,0.0,0.0,0.0,0.0,0.0,0.0,0.0,0.0,0.0,0.0,0.0,0.0,0.0,0.0,0.0,0.0,0.0,0.0,0.0,0.0,0.0,0.0,0.0,0.0,0.0,0.0,0.0,0.0,0.0
5749652,2026-08-30T18:45:00.000Z,2,Serie A,Cagliari,8529,Inter,8636,1199383,Ange-Yoan Bonny,Internazionale,8636,False,0.0,0.0,0.0,0.0,0.0,0.0,0.0,0.0,0.0,0.0,0.0,0.0,0.0,0.0,0.0,0.0,0.0,0.0,0.0,0.0,0.0,0.0,0.0,0.0,0.0,0.0,0.0,0.0,0.0,0.0,0.0,0.0,0.0,0.0,0.0,0.0,0.0,0.0,0.0,0.0,0.0,0.0,0.0,0.0,0.0,0.0,0.0,0.0,0.0,0.0,0.0,0.0,0.0,0.0,0.0,0.0,0.0,0.0,0.0,0.0,0.0,0.0,0.0
5749652,2026-08-30T18:45:00.000Z,2,Serie A,Cagliari,8529,Inter,8636,1210653,Riccardo Ciervo,Cagliari,8529,False,0.0,7.0,0.1,0.13,0.0,0.0,0.0,0.0,9.0,10.0,0.0,0.0,0.0,0.0,0.0,0.0,0.0,0.0,2.0,0.0,14.0,0.0,0.0,0.0,0.0,2.0,0.0,0.0,0.0,0.0,2.0,0.0,1.0,0.0,0.0,0.0,0.0,0.0,1.0,0.0,0.0,0.0,1.0,0.03,0.0,1.0,0.0,0.0,1.0,0.0,0.0,1.0,1.0,2.0,0.0,0.03,0.0,0.0,0.0,0.0,0.0,0.0,0.0
5749652,2026-08-30T18:45:00.000Z,2,Serie A,Cagliari,8529,Inter,8636,1254297,Andy Diouf,Internazionale,8636,False,0.0,0.0,0.0,0.0,0.0,0.0,0.0,0.0,0.0,0.0,0.0,0.0,0.0,0.0,0.0,0.0,0.0,0.0,0.0,0.0,0.0,0.0,0.0,0.0,0.0,0.0,0.0,0.0,0.0,0.0,0.0,0.0,0.0,0.0,0.0,0.0,0.0,0.0,0.0,0.0,0.0,0.0,0.0,0.0,0.0,0.0,0.0,0.0,0.0,0.0,0.0,0.0,0.0,0.0,0.0,0.0,0.0,0.0,0.0,0.0,0.0,0.0,0.0
5749652,2026-08-30T18:45:00.000Z,2,Serie A,Cagliari,8529,Inter,8636,1289961,Adam Obert,Cagliari,8529,False,7.29,90.0,0.04,0.08,0.0,0.0,0.0,0.0,31.0,34.0,1.0,3.0,0.0,0.0,0.0,0.0,0.0,0.0,5.0,3.0,55.0,7.0,0.0,0.0,2.0,3.0,0.0,0.0,0.0,0.0,1.0,1.0,1.0,0.0,2.0,1.0,1.0,3.0,4.0,0.0,0.0,3.0,1.0,0.04,0.0,1.0,0.0,0.0,1.0,0.0,0.0,1.0,0.0,5.0,2.0,0.04,0.0,0.0,0.0,0.0,0.0,1.0,0.0
5749652,2026-08-30T18:45:00.000Z,2,Serie A,Cagliari,8529,Inter,8636,1290613,Nicolò Cavuoti,Cagliari,8529,False,0.0,0.0,0.0,0.0,0.0,0.0,0.0,0.0,0.0,0.0,0.0,0.0,0.0,0.0,0.0,0.0,0.0,0.0,0.0,0.0,0.0,0.0,0.0,0.0,0.0,0.0,0.0,0.0,0.0,0.0,0.0,0.0,0.0,0.0,0.0,0.0,0.0,0.0,0.0,0.0,0.0,0.0,0.0,0.0,0.0,0.0,0.0,0.0,0.0,0.0,0.0,0.0,0.0,0.0,0.0,0.0,0.0,0.0,0.0,0.0,0.0,0.0,0.0
5749652,2026-08-30T18:45:00.000Z,2,Serie A,Cagliari,8529,Inter,8636,1305226,Ivan Sulev,Cagliari,8529,False,0.0,0.0,0.0,0.0,0.0,0.0,0.0,0.0,0.0,0.0,0.0,0.0,0.0,0.0,0.0,0.0,0.0,0.0,0.0,0.0,0.0,0.0,0.0,0.0,0.0,0.0,0.0,0.0,0.0,0.0,0.0,0.0,0.0,0.0,0.0,0.0,0.0,0.0,0.0,0.0,0.0,0.0,0.0,0.0,0.0,0.0,0.0,0.0,0.0,0.0,0.0,0.0,0.0,0.0,0.0,0.0,0.0,0.0,0.0,0.0,0.0,0.0,0.0
5749652,2026-08-30T18:45:00.000Z,2,Serie A,Cagliari,8529,Inter,8636,1329487,Jacopo Fazzini,Cagliari,8529,False,5.7,57.0,0.0,0.01,0.0,0.0,0.0,0.0,12.0,15.0,0.0,0.0,0.0,0.0,0.0,0.0,0.0,0.0,2.0,0.0,24.0,0.0,0.0,1.0,0.0,1.0,0.0,0.0,0.0,0.0,0.0,1.0,1.0,2.0,0.0,0.0,0.0,1.0,4.0,0.0,0.0,1.0,3.0,0.01,0.0,1.0,0.0,0.0,1.0,0.0,0.0,1.0,0.0,1.0,0.0,0.01,0.0,0.0,0.0,0.0,0.0,0.0,0.0
5749652,2026-08-30T18:45:00.000Z,2,Serie A,Cagliari,8529,Inter,8636,1367618,Francesco Pio Esposito,Internazionale,8636,False,6.91,65.0,0.09,0.99,0.0,0.0,0.0,0.0,12.0,17.0,0.0,0.0,0.0,0.0,0.0,0.0,0.0,0.0,1.0,0.0,26.0,0.0,1.0,0.0,0.0,2.0,0.0,0.0,0.0,2.0,6.0,0.0,0.0,2.0,0.0,0.0,1.0,1.0,4.0,2.0,2.0,3.0,3.0,0.9,0.91,4.0,1.0,2.0,1.0,1.0,2.0,3.0,0.0,0.0,0.0,0.9,0.0,1.0,1.0,0.0,0.0,0.0,0.0
5749652,2026-08-30T18:45:00.000Z,2,Serie A,Cagliari,8529,Inter,8636,1382000,Petar Sucic,Internazionale,8636,False,7.27,65.0,0.15,0.15,0.0,0.0,0.0,0.0,34.0,39.0,3.0,4.0,0.0,0.0,0.0,0.0,0.0,0.0,4.0,0.0,50.0,3.0,1.0,0.0,2.0,6.0,0.0,0.0,0.0,1.0,2.0,1.0,1.0,0.0,1.0,0.0,0.0,4.0,4.0,0.0,0.0,4.0,0.0,0.0,0.0,0.0,0.0,0.0,0.0,0.0,0.0,0.0,1.0,3.0,0.0,0.0,0.0,0.0,0.0,0.0,0.0,0.0,0.0
5749652,2026-08-30T18:45:00.000Z,2,Serie A,Cagliari,8529,Inter,8636,1396084,Raphael Kofler,Cagliari,8529,False,6.42,33.0,0.0,0.0,0.0,0.0,0.0,0.0,19.0,20.0,1.0,2.0,0.0,0.0,0.0,0.0,0.0,0.0,2.0,1.0,25.0,5.0,0.0,0.0,1.0,1.0,1.0,0.0,0.0,0.0,0.0,0.0,0.0,0.0,2.0,0.0,0.0,1.0,1.0,0.0,0.0,1.0,0.0,0.0,0.0,0.0,0.0,0.0,0.0,0.0,0.0,0.0,0.0,0.0,0.0,0.0,0.0,0.0,0.0,0.0,0.0,0.0,0.0
5749652,2026-08-30T18:45:00.000Z,2,Serie A,Cagliari,8529,Inter,8636,1410437,Aleksandar Stankovic,Internazionale,8636,False,0.0,0.0,0.0,0.0,0.0,0.0,0.0,0.0,0.0,0.0,0.0,0.0,0.0,0.0,0.0,0.0,0.0,0.0,0.0,0.0,0.0,0.0,0.0,0.0,0.0,0.0,0.0,0.0,0.0,0.0,0.0,0.0,0.0,0.0,0.0,0.0,0.0,0.0,0.0,0.0,0.0,0.0,0.0,0.0,0.0,0.0,0.0,0.0,0.0,0.0,0.0,0.0,0.0,0.0,0.0,0.0,0.0,0.0,0.0,0.0,0.0,0.0,0.0
5749652,2026-08-30T18:45:00.000Z,2,Serie A,Cagliari,8529,Inter,8636,1621219,Juan Rodríguez,Cagliari,8529,False,6.75,90.0,0.0,0.04,0.0,0.0,0.0,0.0,46.0,52.0,3.0,5.0,0.0,0.0,0.0,0.0,0.0,0.0,2.0,4.0,64.0,6.0,0.0,0.0,1.0,3.0,0.0,0.0,0.0,2.0,1.0,0.0,0.0,1.0,1.0,2.0,2.0,1.0,4.0,1.0,6.0,2.0,8.0,0.04,0.0,1.0,0.0,0.0,1.0,0.0,0.0,1.0,0.0,0.0,0.0,0.04,0.0,0.0,0.0,0.0,1.0,0.0,0.0
5749652,2026-08-30T18:45:00.000Z,2,Serie A,Cagliari,8529,Inter,8636,1705649,Alessandro Romano,Cagliari,8529,False,6.87,90.0,0.05,0.08,0.0,0.0,0.0,0.0,35.0,39.0,3.0,4.0,0.0,0.0,0.0,0.0,0.0,0.0,7.0,1.0,56.0,4.0,1.0,2.0,1.0,7.0,1.0,0.0,0.0,1.0,1.0,1.0,1.0,0.0,1.0,0.0,1.0,3.0,6.0,0.0,1.0,3.0,4.0,0.03,0.0,1.0,0.0,0.0,1.0,0.0,0.0,1.0,1.0,5.0,5.0,0.03,0.0,0.0,0.0,0.0,0.0,0.0,0.0
5749652,2026-08-30T18:45:00.000Z,2,Serie A,Cagliari,8529,Inter,8636,1724391,Demi Akarakiri,Cagliari,8529,False,0.0,0.0,0.0,0.0,0.0,0.0,0.0,0.0,0.0,0.0,0.0,0.0,0.0,0.0,0.0,0.0,0.0,0.0,0.0,0.0,0.0,0.0,0.0,0.0,0.0,0.0,0.0,0.0,0.0,0.0,0.0,0.0,0.0,0.0,0.0,0.0,0.0,0.0,0.0,0.0,0.0,0.0,0.0,0.0,0.0,0.0,0.0,0.0,0.0,0.0,0.0,0.0,0.0,0.0,0.0,0.0,0.0,0.0,0.0,0.0,0.0,0.0,0.0
5749652,2026-08-30T18:45:00.000Z,2,Serie A,Cagliari,8529,Inter,8636,1807301,Joseph Liteta,Cagliari,8529,False,0.0,0.0,0.0,0.0,0.0,0.0,0.0,0.0,0.0,0.0,0.0,0.0,0.0,0.0,0.0,0.0,0.0,0.0,0.0,0.0,0.0,0.0,0.0,0.0,0.0,0.0,0.0,0.0,0.0,0.0,0.0,0.0,0.0,0.0,0.0,0.0,0.0,0.0,0.0,0.0,0.0,0.0,0.0,0.0,0.0,0.0,0.0,0.0,0.0,0.0,0.0,0.0,0.0,0.0,0.0,0.0,0.0,0.0,0.0,0.0,0.0,0.0,0.0
5749652,2026-08-30T18:45:00.000Z,2,Serie A,Cagliari,8529,Inter,8636,1902196,Paul Mendy,Cagliari,8529,False,5.86,57.0,0.0,0.0,0.0,0.0,0.0,0.0,5.0,8.0,1.0,1.0,0.0,0.0,0.0,0.0,0.0,0.0,0.0,1.0,16.0,2.0,0.0,1.0,1.0,1.0,0.0,0.0,0.0,0.0,0.0,0.0,1.0,1.0,0.0,0.0,0.0,1.0,4.0,1.0,2.0,2.0,4.0,0.0,0.0,0.0,0.0,0.0,0.0,0.0,0.0,0.0,0.0,0.0,0.0,0.0,0.0,3.0,0.0,0.0,0.0,0.0,0.0
5749653,2026-08-29T16:30:00.000Z,2,Serie A,Fiorentina,8535,Frosinone,9891,182917,David de Gea,Fiorentina,8535,True,5.45,90.0,0.0,0.0,3.0,3.0,1.94,-1.06,13.0,29.0,6.0,22.0,1.0,1.0,0.0,0.0,3.0,0.0,10.0,0.0,36.0,0.0,1.0,0.0,0.0,7.0,0.0,0.0,0.0,0.0,0.0,0.0,0.0,0.0,0.0,0.0,0.0,1.0,1.0,0.0,0.0,1.0,0.0,0.0,0.0,0.0,0.0,0.0,0.0,0.0,0.0,0.0,0.0,0.0,0.0,0.0,0.0,0.0,0.0,0.0,0.0,0.0,0.0
5749653,2026-08-29T16:30:00.000Z,2,Serie A,Fiorentina,8535,Frosinone,9891,282059,Luca Lezzerini,Fiorentina,8535,True,0.0,0.0,0.0,0.0,0.0,0.0,0.0,0.0,0.0,0.0,0.0,0.0,0.0,0.0,0.0,0.0,0.0,0.0,0.0,0.0,0.0,0.0,0.0,0.0,0.0,0.0,0.0,0.0,0.0,0.0,0.0,0.0,0.0,0.0,0.0,0.0,0.0,0.0,0.0,0.0,0.0,0.0,0.0,0.0,0.0,0.0,0.0,0.0,0.0,0.0,0.0,0.0,0.0,0.0,0.0,0.0,0.0,0.0,0.0,0.0,0.0,0.0,0.0
5749653,2026-08-29T16:30:00.000Z,2,Serie A,Fiorentina,8535,Frosinone,9891,353519,Kevin Akpoguma,Frosinone,9891,False,0.0,0.0,0.0,0.0,0.0,0.0,0.0,0.0,0.0,0.0,0.0,0.0,0.0,0.0,0.0,0.0,0.0,0.0,0.0,0.0,0.0,0.0,0.0,0.0,0.0,0.0,0.0,0.0,0.0,0.0,0.0,0.0,0.0,0.0,0.0,0.0,0.0,0.0,0.0,0.0,0.0,0.0,0.0,0.0,0.0,0.0,0.0,0.0,0.0,0.0,0.0,0.0,0.0,0.0,0.0,0.0,0.0,0.0,0.0,0.0,0.0,0.0,0.0
5749653,2026-08-29T16:30:00.000Z,2,Serie A,Fiorentina,8535,Frosinone,9891,415425,Matteo Pisseri,Frosinone,9891,True,0.0,0.0,0.0,0.0,0.0,0.0,0.0,0.0,0.0,0.0,0.0,0.0,0.0,0.0,0.0,0.0,0.0,0.0,0.0,0.0,0.0,0.0,0.0,0.0,0.0,0.0,0.0,0.0,0.0,0.0,0.0,0.0,0.0,0.0,0.0,0.0,0.0,0.0,0.0,0.0,0.0,0.0,0.0,0.0,0.0,0.0,0.0,0.0,0.0,0.0,0.0,0.0,0.0,0.0,0.0,0.0,0.0,0.0,0.0,0.0,0.0,0.0,0.0
5749653,2026-08-29T16:30:00.000Z,2,Serie A,Fiorentina,8535,Frosinone,9891,577911,Rolando Mandragora,Fiorentina,8535,False,6.37,19.0,0.0,0.03,0.0,0.0,0.0,0.0,7.0,7.0,1.0,1.0,0.0,0.0,0.0,0.0,0.0,0.0,1.0,0.0,11.0,1.0,1.0,0.0,1.0,0.0,0.0,0.0,0.0,0.0,0.0,0.0,0.0,0.0,0.0,0.0,0.0,2.0,2.0,0.0,0.0,2.0,0.0,0.03,0.02,1.0,0.0,1.0,0.0,0.0,1.0,1.0,0.0,0.0,0.0,0.03,0.0,0.0,0.0,0.0,0.0,0.0,0.0
5749653,2026-08-29T16:30:00.000Z,2,Serie A,Fiorentina,8535,Frosinone,9891,617044,Florian Grillitsch,Frosinone,9891,False,0.0,8.0,0.0,0.0,0.0,0.0,0.0,0.0,5.0,8.0,1.0,3.0,0.0,0.0,0.0,0.0,0.0,0.0,1.0,1.0,10.0,1.0,0.0,2.0,0.0,2.0,0.0,0.0,0.0,0.0,0.0,1.0,1.0,0.0,0.0,0.0,0.0,1.0,3.0,0.0,0.0,1.0,2.0,0.0,0.0,0.0,0.0,0.0,0.0,0.0,0.0,0.0,0.0,0.0,0.0,0.0,0.0,0.0,0.0,0.0,0.0,0.0,0.0
5749653,2026-08-29T16:30:00.000Z,2,Serie A,Fiorentina,8535,Frosinone,9891,665188,Albert Gudmundsson,Fiorentina,8535,False,7.08,71.0,0.84,1.19,0.0,0.0,0.0,0.0,14.0,16.0,0.0,0.0,0.0,0.0,0.0,0.0,0.0,0.0,1.0,1.0,30.0,2.0,1.0,2.0,1.0,1.0,0.0,0.0,0.0,5.0,6.0,0.0,0.0,0.0,0.0,1.0,1.0,2.0,5.0,0.0,0.0,2.0,3.0,0.35,0.17,4.0,1.0,1.0,1.0,2.0,1.0,2.0,1.0,3.0,4.0,0.35,0.0,1.0,0.0,0.0,0.0,0.0,0.0
5749653,2026-08-29T16:30:00.000Z,2,Serie A,Fiorentina,8535,Frosinone,9891,746829,Giacomo Calò,Frosinone,9891,False,8.39,82.0,0.32,0.32,0.0,0.0,0.0,0.0,31.0,40.0,2.0,8.0,0.0,0.0,0.0,0.0,0.0,0.0,4.0,1.0,60.0,5.0,2.0,1.0,1.0,3.0,0.0,0.0,1.0,5.0,1.0,1.0,1.0,0.0,3.0,1.0,1.0,4.0,6.0,0.0,0.0,4.0,2.0,0.0,0.0,0.0,2.0,0.0,0.0,0.0,0.0,0.0,5.0,7.0,5.0,0.0,0.0,0.0,0.0,0.0,0.0,0.0,0.0
5749653,2026-08-29T16:30:00.000Z,2,Serie A,Fiorentina,8535,Frosinone,9891,749488,Romano Schmid,Frosinone,9891,False,7.14,90.0,0.01,0.01,0.0,0.0,0.0,0.0,30.0,39.0,4.0,5.0,0.0,0.0,0.0,0.0,0.0,0.0,3.0,2.0,52.0,4.0,1.0,2.0,2.0,5.0,0.0,0.0,0.0,0.0,1.0,1.0,2.0,0.0,0.0,1.0,1.0,4.0,8.0,1.0,2.0,5.0,5.0,0.0,0.0,0.0,0.0,0.0,0.0,0.0,0.0,0.0,0.0,1.0,0.0,0.0,0.0,0.0,0.0,0.0,0.0,0.0,0.0
5749653,2026-08-29T16:30:00.000Z,2,Serie A,Fiorentina,8535,Frosinone,9891,750734,Dodô,Fiorentina,8535,False,0.0,0.0,0.0,0.0,0.0,0.0,0.0,0.0,0.0,0.0,0.0,0.0,0.0,0.0,0.0,0.0,0.0,0.0,0.0,0.0,0.0,0.0,0.0,0.0,0.0,0.0,0.0,0.0,0.0,0.0,0.0,0.0,0.0,0.0,0.0,0.0,0.0,0.0,0.0,0.0,0.0,0.0,0.0,0.0,0.0,0.0,0.0,0.0,0.0,0.0,0.0,0.0,0.0,0.0,0.0,0.0,0.0,0.0,0.0,0.0,0.0,0.0,0.0
5749653,2026-08-29T16:30:00.000Z,2,Serie A,Fiorentina,8535,Frosinone,9891,806972,Oliver Christensen,Fiorentina,8535,True,0.0,0.0,0.0,0.0,0.0,0.0,0.0,0.0,0.0,0.0,0.0,0.0,0.0,0.0,0.0,0.0,0.0,0.0,0.0,0.0,0.0,0.0,0.0,0.0,0.0,0.0,0.0,0.0,0.0,0.0,0.0,0.0,0.0,0.0,0.0,0.0,0.0,0.0,0.0,0.0,0.0,0.0,0.0,0.0,0.0,0.0,0.0,0.0,0.0,0.0,0.0,0.0,0.0,0.0,0.0,0.0,0.0,0.0,0.0,0.0,0.0,0.0,0.0
5749653,2026-08-29T16:30:00.000Z,2,Serie A,Fiorentina,8535,Frosinone,9891,831474,Marin Pongracic,Fiorentina,8535,False,5.95,61.0,0.0,0.0,0.0,0.0,0.0,0.0,38.0,40.0,1.0,2.0,0.0,0.0,0.0,0.0,0.0,0.0,3.0,7.0,51.0,7.0,0.0,3.0,0.0,4.0,0.0,0.0,0.0,0.0,0.0,0.0,0.0,0.0,0.0,4.0,0.0,0.0,3.0,1.0,1.0,1.0,3.0,0.0,0.0,0.0,0.0,0.0,0.0,0.0,0.0,0.0,0.0,0.0,0.0,0.0,0.0,0.0,0.0,0.0,0.0,0.0,0.0
5749653,2026-08-29T16:30:00.000Z,2,Serie A,Fiorentina,8535,Frosinone,9891,850295,Alessio Zerbin,Frosinone,9891,False,6.74,45.0,0.01,0.01,0.0,0.0,0.0,0.0,10.0,18.0,2.0,4.0,0.0,0.0,0.0,0.0,0.0,0.0,3.0,1.0,34.0,5.0,1.0,1.0,2.0,5.0,2.0,0.0,0.0,0.0,1.0,1.0,3.0,1.0,0.0,0.0,1.0,4.0,9.0,0.0,1.0,4.0,6.0,0.0,0.0,0.0,0.0,0.0,0.0,0.0,0.0,0.0,0.0,2.0,0.0,0.0,0.0,1.0,0.0,0.0,0.0,0.0,0.0
5749653,2026-08-29T16:30:00.000Z,2,Serie A,Fiorentina,8535,Frosinone,9891,935406,Luca Ranieri,Fiorentina,8535,False,0.0,0.0,0.0,0.0,0.0,0.0,0.0,0.0,0.0,0.0,0.0,0.0,0.0,0.0,0.0,0.0,0.0,0.0,0.0,0.0,0.0,0.0,0.0,0.0,0.0,0.0,0.0,0.0,0.0,0.0,0.0,0.0,0.0,0.0,0.0,0.0,0.0,0.0,0.0,0.0,0.0,0.0,0.0,0.0,0.0,0.0,0.0,0.0,0.0,0.0,0.0,0.0,0.0,0.0,0.0,0.0,0.0,0.0,0.0,0.0,0.0,0.0,0.0
5749653,2026-08-29T16:30:00.000Z,2,Serie A,Fiorentina,8535,Frosinone,9891,950596,Marco Brescianini,Fiorentina,8535,False,6.6,19.0,0.01,0.01,0.0,0.0,0.0,0.0,14.0,15.0,1.0,1.0,0.0,0.0,0.0,0.0,0.0,0.0,3.0,0.0,22.0,2.0,0.0,1.0,1.0,0.0,1.0,0.0,0.0,0.0,3.0,2.0,2.0,1.0,0.0,0.0,0.0,3.0,5.0,0.0,1.0,3.0,3.0,0.0,0.0,0.0,0.0,0.0,0.0,0.0,0.0,0.0,0.0,0.0,0.0,0.0,0.0,0.0,0.0,0.0,0.0,0.0,0.0
5749653,2026-08-29T16:30:00.000Z,2,Serie A,Fiorentina,8535,Frosinone,9891,951712,Nicolò Fagioli,Fiorentina,8535,False,6.25,28.0,0.03,0.09,0.0,0.0,0.0,0.0,13.0,16.0,0.0,2.0,0.0,0.0,0.0,0.0,0.0,0.0,1.0,0.0,24.0,2.0,0.0,1.0,0.0,3.0,2.0,0.0,0.0,1.0,0.0,0.0,1.0,0.0,0.0,0.0,2.0,0.0,4.0,0.0,0.0,0.0,4.0,0.06,0.0,1.0,0.0,0.0,0.0,1.0,0.0,0.0,0.0,2.0,2.0,0.06,0.0,0.0,0.0,0.0,0.0,0.0,0.0
5749653,2026-08-29T16:30:00.000Z,2,Serie A,Fiorentina,8535,Frosinone,9891,958421,João Mário,Fiorentina,8535,False,0.0,6.0,0.01,0.01,0.0,0.0,0.0,0.0,8.0,8.0,1.0,1.0,0.0,0.0,0.0,0.0,0.0,0.0,2.0,0.0,14.0,1.0,2.0,0.0,1.0,1.0,0.0,0.0,0.0,0.0,0.0,1.0,1.0,0.0,0.0,0.0,0.0,4.0,4.0,0.0,0.0,4.0,0.0,0.0,0.0,0.0,0.0,0.0,0.0,0.0,0.0,0.0,0.0,0.0,0.0,0.0,0.0,0.0,0.0,0.0,0.0,0.0,0.0
5749653,2026-08-29T16:30:00.000Z,2,Serie A,Fiorentina,8535,Frosinone,9891,992025,Aleksa Terzic,Frosinone,9891,False,6.2,16.0,0.0,0.0,0.0,0.0,0.0,0.0,3.0,4.0,1.0,2.0,0.0,0.0,0.0,0.0,0.0,0.0,1.0,0.0,9.0,0.0,0.0,0.0,0.0,1.0,0.0,0.0,0.0,1.0,0.0,0.0,1.0,0.0,0.0,0.0,0.0,0.0,1.0,0.0,0.0,0.0,1.0,0.0,0.0,0.0,0.0,0.0,0.0,0.0,0.0,0.0,0.0,0.0,0.0,0.0,0.0,0.0,0.0,0.0,0.0,0.0,0.0
5749653,2026-08-29T16:30:00.000Z,2,Serie A,Fiorentina,8535,Frosinone,9891,1117058,Ilario Monterisi,Frosinone,9891,False,7.85,90.0,0.0,0.14,0.0,0.0,0.0,0.0,12.0,17.0,3.0,6.0,0.0,0.0,0.0,0.0,0.0,0.0,1.0,9.0,41.0,15.0,1.0,3.0,3.0,3.0,3.0,0.0,0.0,0.0,3.0,0.0,0.0,0.0,0.0,4.0,0.0,4.0,6.0,0.0,3.0,4.0,5.0,0.14,0.65,2.0,0.0,1.0,1.0,0.0,1.0,2.0,0.0,0.0,0.0,0.14,0.0,0.0,0.0,0.0,0.0,1.0,0.0
5749653,2026-08-29T16:30:00.000Z,2,Serie A,Fiorentina,8535,Frosinone,9891,1135820,Daniel Bîrligea,Frosinone,9891,False,0.0,1.0,0.0,0.0,0.0,0.0,0.0,0.0,0.0,0.0,0.0,0.0,0.0,0.0,0.0,0.0,0.0,0.0,0.0,0.0,2.0,1.0,0.0,1.0,1.0,0.0,0.0,0.0,0.0,0.0,0.0,0.0,0.0,0.0,0.0,0.0,0.0,1.0,2.0,0.0,1.0,1.0,2.0,0.0,0.0,0.0,0.0,0.0,0.0,0.0,0.0,0.0,0.0,0.0,0.0,0.0,0.0,0.0,0.0,0.0,0.0,0.0,0.0
5749653,2026-08-29T16:30:00.000Z,2,Serie A,Fiorentina,8535,Frosinone,9891,1189223,Patrizio Masini,Frosinone,9891,False,8.24,90.0,0.01,0.01,0.0,0.0,0.0,0.0,28.0,36.0,1.0,1.0,0.0,0.0,0.0,0.0,0.0,0.0,10.0,3.0,57.0,13.0,1.0,2.0,8.0,1.0,1.0,0.0,0.0,0.0,0.0,1.0,1.0,0.0,1.0,2.0,3.0,10.0,15.0,1.0,2.0,11.0,6.0,0.0,0.0,0.0,0.0,0.0,0.0,0.0,0.0,0.0,0.0,0.0,0.0,0.0,0.0,0.0,0.0,0.0,0.0,0.0,0.0
5749653,2026-08-29T16:30:00.000Z,2,Serie A,Fiorentina,8535,Frosinone,9891,1203661,Radu Dragusin,Fiorentina,8535,False,5.94,90.0,0.0,0.0,0.0,0.0,0.0,0.0,28.0,33.0,2.0,4.0,0.0,0.0,0.0,0.0,0.0,0.0,4.0,9.0,47.0,11.0,1.0,1.0,0.0,4.0,1.0,0.0,0.0,0.0,0.0,0.0,0.0,0.0,1.0,5.0,1.0,1.0,3.0,3.0,5.0,4.0,4.0,0.0,0.0,0.0,0.0,0.0,0.0,0.0,0.0,0.0,0.0,0.0,0.0,0.0,0.0,0.0,0.0,0.0,0.0,0.0,0.0
5749653,2026-08-29T16:30:00.000Z,2,Serie A,Fiorentina,8535,Frosinone,9891,1224237,Mateo Pellegrino,Fiorentina,8535,False,6.33,90.0,0.09,0.35,0.0,0.0,0.0,0.0,22.0,27.0,2.0,2.0,0.0,0.0,0.0,0.0,0.0,0.0,0.0,0.0,52.0,1.0,4.0,1.0,0.0,4.0,0.0,0.0,0.0,3.0,13.0,2.0,3.0,4.0,1.0,0.0,0.0,5.0,11.0,4.0,5.0,9.0,7.0,0.26,0.0,3.0,0.0,0.0,3.0,0.0,0.0,3.0,0.0,0.0,0.0,0.26,0.0,0.0,0.0,0.0,0.0,0.0,0.0
5749653,2026-08-29T16:30:00.000Z,2,Serie A,Fiorentina,8535,Frosinone,9891,1235421,Anthony Oyono,Frosinone,9891,False,7.88,90.0,0.01,0.09,0.0,0.0,0.0,0.0,16.0,20.0,0.0,1.0,0.0,0.0,0.0,0.0,0.0,0.0,7.0,6.0,53.0,11.0,4.0,1.0,3.0,5.0,2.0,0.0,0.0,0.0,1.0,1.0,2.0,0.0,0.0,4.0,2.0,8.0,12.0,1.0,1.0,9.0,4.0,0.08,0.02,2.0,0.0,1.0,0.0,1.0,1.0,1.0,0.0,2.0,0.0,0.08,0.0,0.0,0.0,0.0,0.0,0.0,0.0
5749653,2026-08-29T16:30:00.000Z,2,Serie A,Fiorentina,8535,Frosinone,9891,1246009,Cher Ndour,Fiorentina,8535,False,6.61,62.0,0.09,0.15,0.0,0.0,0.0,0.0,22.0,24.0,1.0,1.0,0.0,0.0,0.0,0.0,0.0,0.0,3.0,0.0,32.0,1.0,1.0,0.0,1.0,4.0,0.0,0.0,0.0,2.0,6.0,0.0,0.0,0.0,0.0,0.0,2.0,2.0,4.0,0.0,0.0,2.0,2.0,0.06,0.0,2.0,0.0,0.0,1.0,1.0,0.0,1.0,0.0,0.0,0.0,0.06,0.0,0.0,0.0,0.0,0.0,0.0,0.0
5749653,2026-08-29T16:30:00.000Z,2,Serie A,Fiorentina,8535,Frosinone,9891,1250568,Wisdom Amey,Frosinone,9891,False,0.0,0.0,0.0,0.0,0.0,0.0,0.0,0.0,0.0,0.0,0.0,0.0,0.0,0.0,0.0,0.0,0.0,0.0,0.0,0.0,0.0,0.0,0.0,0.0,0.0,0.0,0.0,0.0,0.0,0.0,0.0,0.0,0.0,0.0,0.0,0.0,0.0,0.0,0.0,0.0,0.0,0.0,0.0,0.0,0.0,0.0,0.0,0.0,0.0,0.0,0.0,0.0,0.0,0.0,0.0,0.0,0.0,0.0,0.0,0.0,0.0,0.0,0.0
5749653,2026-08-29T16:30:00.000Z,2,Serie A,Fiorentina,8535,Frosinone,9891,1256534,Antonio Raimondo,Frosinone,9891,False,8.88,89.0,0.06,0.43,0.0,0.0,0.0,0.0,7.0,8.0,0.0,0.0,0.0,0.0,0.0,0.0,0.0,0.0,1.0,0.0,25.0,1.0,1.0,2.0,1.0,1.0,0.0,2.0,0.0,2.0,3.0,0.0,1.0,0.0,0.0,0.0,2.0,2.0,7.0,0.0,4.0,2.0,9.0,0.37,0.96,2.0,0.0,2.0,0.0,0.0,2.0,2.0,0.0,1.0,0.0,0.37,0.0,0.0,0.0,0.0,0.0,0.0,0.0
5749653,2026-08-29T16:30:00.000Z,2,Serie A,Fiorentina,8535,Frosinone,9891,1280112,Sebastiano Desplanches,Frosinone,9891,True,0.0,0.0,0.0,0.0,0.0,0.0,0.0,0.0,0.0,0.0,0.0,0.0,0.0,0.0,0.0,0.0,0.0,0.0,0.0,0.0,0.0,0.0,0.0,0.0,0.0,0.0,0.0,0.0,0.0,0.0,0.0,0.0,0.0,0.0,0.0,0.0,0.0,0.0,0.0,0.0,0.0,0.0,0.0,0.0,0.0,0.0,0.0,0.0,0.0,0.0,0.0,0.0,0.0,0.0,0.0,0.0,0.0,0.0,0.0,0.0,0.0,0.0,0.0
5749653,2026-08-29T16:30:00.000Z,2,Serie A,Fiorentina,8535,Frosinone,9891,1285119,Anouar El Azzouzi,Frosinone,9891,False,0.0,0.0,0.0,0.0,0.0,0.0,0.0,0.0,0.0,0.0,0.0,0.0,0.0,0.0,0.0,0.0,0.0,0.0,0.0,0.0,0.0,0.0,0.0,0.0,0.0,0.0,0.0,0.0,0.0,0.0,0.0,0.0,0.0,0.0,0.0,0.0,0.0,0.0,0.0,0.0,0.0,0.0,0.0,0.0,0.0,0.0,0.0,0.0,0.0,0.0,0.0,0.0,0.0,0.0,0.0,0.0,0.0,0.0,0.0,0.0,0.0,0.0,0.0
5749653,2026-08-29T16:30:00.000Z,2,Serie A,Fiorentina,8535,Frosinone,9891,1289655,Lorenzo Palmisani,Frosinone,9891,True,7.78,90.0,0.0,0.0,4.0,0.0,0.26,0.26,8.0,23.0,6.0,21.0,1.0,1.0,0.0,2.0,5.0,0.0,10.0,2.0,37.0,2.0,1.0,0.0,0.0,5.0,0.0,0.0,0.0,0.0,0.0,0.0,0.0,0.0,0.0,0.0,0.0,1.0,1.0,0.0,0.0,1.0,0.0,0.0,0.0,0.0,0.0,0.0,0.0,0.0,0.0,0.0,0.0,0.0,0.0,0.0,0.0,0.0,0.0,0.0,0.0,0.0,0.0
5749653,2026-08-29T16:30:00.000Z,2,Serie A,Fiorentina,8535,Frosinone,9891,1327513,Giorgio Cittadini,Frosinone,9891,False,6.53,16.0,0.0,0.07,0.0,0.0,0.0,0.0,2.0,2.0,0.0,0.0,0.0,0.0,0.0,0.0,0.0,0.0,0.0,1.0,7.0,4.0,0.0,1.0,1.0,0.0,2.0,0.0,0.0,0.0,1.0,0.0,0.0,0.0,0.0,0.0,0.0,1.0,2.0,1.0,1.0,2.0,1.0,0.07,0.0,1.0,0.0,0.0,1.0,0.0,0.0,1.0,0.0,0.0,0.0,0.07,0.0,0.0,1.0,0.0,0.0,0.0,0.0
5749653,2026-08-29T16:30:00.000Z,2,Serie A,Fiorentina,8535,Frosinone,9891,1332850,Enzo Tchato,Frosinone,9891,False,0.0,0.0,0.0,0.0,0.0,0.0,0.0,0.0,0.0,0.0,0.0,0.0,0.0,0.0,0.0,0.0,0.0,0.0,0.0,0.0,0.0,0.0,0.0,0.0,0.0,0.0,0.0,0.0,0.0,0.0,0.0,0.0,0.0,0.0,0.0,0.0,0.0,0.0,0.0,0.0,0.0,0.0,0.0,0.0,0.0,0.0,0.0,0.0,0.0,0.0,0.0,0.0,0.0,0.0,0.0,0.0,0.0,0.0,0.0,0.0,0.0,0.0,0.0
5749653,2026-08-29T16:30:00.000Z,2,Serie A,Fiorentina,8535,Frosinone,9891,1342748,Giorgi Kvernadze,Frosinone,9891,False,8.42,90.0,0.42,0.55,0.0,0.0,0.0,0.0,17.0,18.0,1.0,1.0,0.0,0.0,0.0,0.0,0.0,0.0,8.0,0.0,47.0,2.0,1.0,1.0,2.0,0.0,0.0,0.0,1.0,2.0,7.0,8.0,12.0,3.0,0.0,0.0,3.0,11.0,22.0,0.0,0.0,11.0,11.0,0.13,0.0,2.0,1.0,0.0,1.0,1.0,0.0,1.0,0.0,1.0,0.0,0.13,0.0,0.0,0.0,0.0,0.0,0.0,0.0
5749653,2026-08-29T16:30:00.000Z,2,Serie A,Fiorentina,8535,Frosinone,9891,1396091,Gabriele Bracaglia,Frosinone,9891,False,8.73,74.0,0.1,0.27,0.0,0.0,0.0,0.0,10.0,17.0,0.0,4.0,0.0,0.0,0.0,0.0,0.0,0.0,2.0,5.0,32.0,9.0,0.0,3.0,2.0,3.0,1.0,1.0,1.0,2.0,2.0,0.0,0.0,0.0,1.0,3.0,1.0,2.0,6.0,4.0,5.0,6.0,5.0,0.17,0.31,2.0,1.0,2.0,0.0,0.0,2.0,2.0,0.0,0.0,0.0,0.17,0.0,0.0,0.0,0.0,0.0,0.0,0.0
5749653,2026-08-29T16:30:00.000Z,2,Serie A,Fiorentina,8535,Frosinone,9891,1402924,Luis Hasa,Frosinone,9891,False,0.0,0.0,0.0,0.0,0.0,0.0,0.0,0.0,0.0,0.0,0.0,0.0,0.0,0.0,0.0,0.0,0.0,0.0,0.0,0.0,0.0,0.0,0.0,0.0,0.0,0.0,0.0,0.0,0.0,0.0,0.0,0.0,0.0,0.0,0.0,0.0,0.0,0.0,0.0,0.0,0.0,0.0,0.0,0.0,0.0,0.0,0.0,0.0,0.0,0.0,0.0,0.0,0.0,0.0,0.0,0.0,0.0,0.0,0.0,0.0,0.0,0.0,0.0
5749653,2026-08-29T16:30:00.000Z,2,Serie A,Fiorentina,8535,Frosinone,9891,1415326,Gabriele Calvani,Frosinone,9891,False,6.94,74.0,0.0,0.0,0.0,0.0,0.0,0.0,12.0,18.0,0.0,2.0,0.0,0.0,0.0,0.0,0.0,0.0,4.0,4.0,30.0,9.0,0.0,1.0,2.0,2.0,0.0,0.0,0.0,0.0,0.0,0.0,1.0,0.0,3.0,3.0,0.0,2.0,4.0,0.0,0.0,2.0,2.0,0.0,0.0,0.0,0.0,0.0,0.0,0.0,0.0,0.0,0.0,1.0,0.0,0.0,0.0,0.0,0.0,0.0,0.0,0.0,0.0
5749653,2026-08-29T16:30:00.000Z,2,Serie A,Fiorentina,8535,Frosinone,9891,1428426,Arthur Atta,Fiorentina,8535,False,5.56,90.0,0.29,0.74,0.0,0.0,0.0,0.0,39.0,44.0,0.0,0.0,0.0,0.0,0.0,0.0,0.0,0.0,4.0,2.0,79.0,3.0,1.0,1.0,0.0,5.0,1.0,0.0,0.0,0.0,6.0,2.0,4.0,7.0,0.0,1.0,0.0,3.0,13.0,1.0,2.0,4.0,11.0,0.45,0.03,5.0,0.0,1.0,2.0,2.0,1.0,3.0,1.0,2.0,0.0,0.45,0.0,0.0,1.0,0.0,0.0,0.0,0.0
5749653,2026-08-29T16:30:00.000Z,2,Serie A,Fiorentina,8535,Frosinone,9891,1445163,Seydou Fini,Frosinone,9891,False,6.7,45.0,0.0,0.15,0.0,0.0,0.0,0.0,6.0,6.0,0.0,0.0,0.0,0.0,0.0,0.0,0.0,0.0,2.0,0.0,13.0,1.0,1.0,0.0,0.0,0.0,1.0,0.0,0.0,0.0,3.0,1.0,1.0,0.0,0.0,0.0,0.0,2.0,2.0,0.0,2.0,2.0,2.0,0.15,0.0,1.0,0.0,0.0,0.0,1.0,0.0,0.0,0.0,1.0,0.0,0.15,0.0,0.0,0.0,0.0,0.0,0.0,0.0
5749653,2026-08-29T16:30:00.000Z,2,Serie A,Fiorentina,8535,Frosinone,9891,1501917,Viery,Fiorentina,8535,False,6.2,29.0,0.0,0.0,0.0,0.0,0.0,0.0,16.0,18.0,1.0,1.0,0.0,0.0,0.0,0.0,0.0,0.0,1.0,1.0,21.0,2.0,0.0,1.0,0.0,2.0,1.0,0.0,0.0,0.0,0.0,0.0,0.0,0.0,0.0,1.0,0.0,0.0,1.0,0.0,0.0,0.0,1.0,0.0,0.0,0.0,0.0,0.0,0.0,0.0,0.0,0.0,0.0,0.0,0.0,0.0,0.0,0.0,0.0,0.0,0.0,0.0,0.0
5749653,2026-08-29T16:30:00.000Z,2,Serie A,Fiorentina,8535,Frosinone,9891,1510384,Omar Fayed,Frosinone,9891,False,0.0,0.0,0.0,0.0,0.0,0.0,0.0,0.0,0.0,0.0,0.0,0.0,0.0,0.0,0.0,0.0,0.0,0.0,0.0,0.0,0.0,0.0,0.0,0.0,0.0,0.0,0.0,0.0,0.0,0.0,0.0,0.0,0.0,0.0,0.0,0.0,0.0,0.0,0.0,0.0,0.0,0.0,0.0,0.0,0.0,0.0,0.0,0.0,0.0,0.0,0.0,0.0,0.0,0.0,0.0,0.0,0.0,0.0,0.0,0.0,0.0,0.0,0.0
5749653,2026-08-29T16:30:00.000Z,2,Serie A,Fiorentina,8535,Frosinone,9891,1526689,Álex Jiménez,Fiorentina,8535,False,6.44,84.0,0.04,0.07,0.0,0.0,0.0,0.0,22.0,28.0,0.0,2.0,0.0,0.0,0.0,0.0,0.0,0.0,5.0,2.0,58.0,7.0,1.0,1.0,5.0,5.0,0.0,0.0,0.0,2.0,3.0,3.0,4.0,3.0,0.0,1.0,3.0,9.0,17.0,1.0,1.0,10.0,8.0,0.03,0.0,1.0,0.0,0.0,0.0,1.0,0.0,0.0,0.0,3.0,0.0,0.03,0.0,0.0,0.0,0.0,0.0,0.0,0.0
5749653,2026-08-29T16:30:00.000Z,2,Serie A,Fiorentina,8535,Frosinone,9891,1607566,Franco Mastantuono,Fiorentina,8535,False,6.87,90.0,0.09,0.55,0.0,0.0,0.0,0.0,27.0,31.0,0.0,0.0,0.0,0.0,0.0,0.0,0.0,0.0,1.0,0.0,53.0,0.0,2.0,1.0,0.0,2.0,0.0,0.0,0.0,2.0,9.0,1.0,3.0,1.0,0.0,0.0,4.0,3.0,11.0,0.0,3.0,3.0,11.0,0.46,0.03,7.0,0.0,1.0,5.0,1.0,1.0,6.0,0.0,3.0,2.0,0.46,0.0,0.0,0.0,1.0,0.0,0.0,0.0
5749653,2026-08-29T16:30:00.000Z,2,Serie A,Fiorentina,8535,Frosinone,9891,1666494,Christ Inao Oulaï,Fiorentina,8535,False,7.6,71.0,0.03,0.03,0.0,0.0,0.0,0.0,31.0,35.0,0.0,1.0,0.0,0.0,0.0,0.0,0.0,0.0,5.0,1.0,52.0,8.0,4.0,1.0,4.0,3.0,2.0,0.0,0.0,2.0,0.0,2.0,2.0,0.0,1.0,1.0,1.0,10.0,12.0,1.0,1.0,11.0,2.0,0.0,0.0,0.0,0.0,0.0,0.0,0.0,0.0,0.0,0.0,0.0,0.0,0.0,0.0,0.0,0.0,0.0,0.0,0.0,0.0
5749653,2026-08-29T16:30:00.000Z,2,Serie A,Fiorentina,8535,Frosinone,9891,1670272,Matteo Cichella,Frosinone,9891,False,0.0,0.0,0.0,0.0,0.0,0.0,0.0,0.0,0.0,0.0,0.0,0.0,0.0,0.0,0.0,0.0,0.0,0.0,0.0,0.0,0.0,0.0,0.0,0.0,0.0,0.0,0.0,0.0,0.0,0.0,0.0,0.0,0.0,0.0,0.0,0.0,0.0,0.0,0.0,0.0,0.0,0.0,0.0,0.0,0.0,0.0,0.0,0.0,0.0,0.0,0.0,0.0,0.0,0.0,0.0,0.0,0.0,0.0,0.0,0.0,0.0,0.0,0.0
5749653,2026-08-29T16:30:00.000Z,2,Serie A,Fiorentina,8535,Frosinone,9891,1712399,Valde,Fiorentina,8535,False,6.32,90.0,0.12,0.55,0.0,0.0,0.0,0.0,34.0,45.0,3.0,8.0,0.0,0.0,0.0,0.0,0.0,0.0,1.0,3.0,81.0,5.0,2.0,0.0,1.0,9.0,1.0,0.0,0.0,2.0,3.0,1.0,4.0,2.0,0.0,3.0,1.0,4.0,10.0,3.0,3.0,7.0,6.0,0.43,0.0,1.0,0.0,0.0,1.0,0.0,0.0,1.0,1.0,4.0,0.0,0.43,0.0,0.0,0.0,1.0,0.0,0.0,0.0
5749653,2026-08-29T16:30:00.000Z,2,Serie A,Fiorentina,8535,Frosinone,9891,1835436,Brando Mazzeo,Fiorentina,8535,False,0.0,0.0,0.0,0.0,0.0,0.0,0.0,0.0,0.0,0.0,0.0,0.0,0.0,0.0,0.0,0.0,0.0,0.0,0.0,0.0,0.0,0.0,0.0,0.0,0.0,0.0,0.0,0.0,0.0,0.0,0.0,0.0,0.0,0.0,0.0,0.0,0.0,0.0,0.0,0.0,0.0,0.0,0.0,0.0,0.0,0.0,0.0,0.0,0.0,0.0,0.0,0.0,0.0,0.0,0.0,0.0,0.0,0.0,0.0,0.0,0.0,0.0,0.0
5749653,2026-08-29T16:30:00.000Z,2,Serie A,Fiorentina,8535,Frosinone,9891,1838526,Antonio Pirrò,Fiorentina,8535,False,0.0,0.0,0.0,0.0,0.0,0.0,0.0,0.0,0.0,0.0,0.0,0.0,0.0,0.0,0.0,0.0,0.0,0.0,0.0,0.0,0.0,0.0,0.0,0.0,0.0,0.0,0.0,0.0,0.0,0.0,0.0,0.0,0.0,0.0,0.0,0.0,0.0,0.0,0.0,0.0,0.0,0.0,0.0,0.0,0.0,0.0,0.0,0.0,0.0,0.0,0.0,0.0,0.0,0.0,0.0,0.0,0.0,0.0,0.0,0.0,0.0,0.0,0.0
5749653,2026-08-29T16:30:00.000Z,2,Serie A,Fiorentina,8535,Frosinone,9891,1838587,Sulayman Jallow,Fiorentina,8535,False,0.0,0.0,0.0,0.0,0.0,0.0,0.0,0.0,0.0,0.0,0.0,0.0,0.0,0.0,0.0,0.0,0.0,0.0,0.0,0.0,0.0,0.0,0.0,0.0,0.0,0.0,0.0,0.0,0.0,0.0,0.0,0.0,0.0,0.0,0.0,0.0,0.0,0.0,0.0,0.0,0.0,0.0,0.0,0.0,0.0,0.0,0.0,0.0,0.0,0.0,0.0,0.0,0.0,0.0,0.0,0.0,0.0,0.0,0.0,0.0,0.0,0.0,0.0
5749654,2026-08-29T18:45:00.000Z,2,Serie A,Juventus,9885,Parma,10167,196074,Carlo Pinsoglio,Juventus,9885,True,0.0,0.0,0.0,0.0,0.0,0.0,0.0,0.0,0.0,0.0,0.0,0.0,0.0,0.0,0.0,0.0,0.0,0.0,0.0,0.0,0.0,0.0,0.0,0.0,0.0,0.0,0.0,0.0,0.0,0.0,0.0,0.0,0.0,0.0,0.0,0.0,0.0,0.0,0.0,0.0,0.0,0.0,0.0,0.0,0.0,0.0,0.0,0.0,0.0,0.0,0.0,0.0,0.0,0.0,0.0,0.0,0.0,0.0,0.0,0.0,0.0,0.0,0.0
5749654,2026-08-29T18:45:00.000Z,2,Serie A,Juventus,9885,Parma,10167,277460,Arkadiusz Milik,Juventus,9885,False,0.0,0.0,0.0,0.0,0.0,0.0,0.0,0.0,0.0,0.0,0.0,0.0,0.0,0.0,0.0,0.0,0.0,0.0,0.0,0.0,0.0,0.0,0.0,0.0,0.0,0.0,0.0,0.0,0.0,0.0,0.0,0.0,0.0,0.0,0.0,0.0,0.0,0.0,0.0,0.0,0.0,0.0,0.0,0.0,0.0,0.0,0.0,0.0,0.0,0.0,0.0,0.0,0.0,0.0,0.0,0.0,0.0,0.0,0.0,0.0,0.0,0.0,0.0
5749654,2026-08-29T18:45:00.000Z,2,Serie A,Juventus,9885,Parma,10167,358155,Daniele Rugani,Juventus,9885,False,0.0,0.0,0.0,0.0,0.0,0.0,0.0,0.0,0.0,0.0,0.0,0.0,0.0,0.0,0.0,0.0,0.0,0.0,0.0,0.0,0.0,0.0,0.0,0.0,0.0,0.0,0.0,0.0,0.0,0.0,0.0,0.0,0.0,0.0,0.0,0.0,0.0,0.0,0.0,0.0,0.0,0.0,0.0,0.0,0.0,0.0,0.0,0.0,0.0,0.0,0.0,0.0,0.0,0.0,0.0,0.0,0.0,0.0,0.0,0.0,0.0,0.0,0.0
5749654,2026-08-29T18:45:00.000Z,2,Serie A,Juventus,9885,Parma,10167,538501,Guglielmo Vicario,Juventus,9885,True,8.01,90.0,0.0,0.0,3.0,0.0,0.99,0.99,11.0,15.0,1.0,5.0,2.0,2.0,0.0,1.0,2.0,0.0,4.0,1.0,22.0,1.0,0.0,0.0,0.0,1.0,0.0,0.0,0.0,0.0,0.0,0.0,0.0,0.0,0.0,0.0,0.0,0.0,0.0,0.0,0.0,0.0,0.0,0.0,0.0,0.0,0.0,0.0,0.0,0.0,0.0,0.0,0.0,0.0,0.0,0.0,0.0,0.0,0.0,0.0,0.0,0.0,0.0
5749654,2026-08-29T18:45:00.000Z,2,Serie A,Juventus,9885,Parma,10167,624166,Manuel Locatelli,Juventus,9885,False,8.41,90.0,0.22,0.22,0.0,0.0,0.0,0.0,92.0,97.0,5.0,7.0,0.0,0.0,0.0,0.0,0.0,0.0,4.0,1.0,106.0,3.0,2.0,5.0,1.0,25.0,1.0,0.0,1.0,4.0,1.0,0.0,0.0,1.0,0.0,1.0,1.0,3.0,10.0,1.0,1.0,4.0,7.0,0.0,0.0,0.0,0.0,0.0,0.0,0.0,0.0,0.0,0.0,1.0,0.0,0.0,0.0,0.0,0.0,0.0,0.0,0.0,0.0
5749654,2026-08-29T18:45:00.000Z,2,Serie A,Juventus,9885,Parma,10167,643229,Jérémie Boga,Juventus,9885,False,7.13,57.0,0.18,0.18,0.0,0.0,0.0,0.0,23.0,24.0,1.0,1.0,0.0,0.0,0.0,0.0,0.0,0.0,4.0,0.0,37.0,1.0,0.0,0.0,1.0,1.0,0.0,0.0,0.0,1.0,5.0,1.0,1.0,1.0,0.0,0.0,1.0,2.0,4.0,0.0,0.0,2.0,2.0,0.0,0.0,0.0,0.0,0.0,0.0,0.0,0.0,0.0,1.0,7.0,0.0,0.0,0.0,0.0,0.0,0.0,0.0,0.0,0.0
5749654,2026-08-29T18:45:00.000Z,2,Serie A,Juventus,9885,Parma,10167,760722,Kamil Grabara,Juventus,9885,True,0.0,0.0,0.0,0.0,0.0,0.0,0.0,0.0,0.0,0.0,0.0,0.0,0.0,0.0,0.0,0.0,0.0,0.0,0.0,0.0,0.0,0.0,0.0,0.0,0.0,0.0,0.0,0.0,0.0,0.0,0.0,0.0,0.0,0.0,0.0,0.0,0.0,0.0,0.0,0.0,0.0,0.0,0.0,0.0,0.0,0.0,0.0,0.0,0.0,0.0,0.0,0.0,0.0,0.0,0.0,0.0,0.0,0.0,0.0,0.0,0.0,0.0,0.0
5749654,2026-08-29T18:45:00.000Z,2,Serie A,Juventus,9885,Parma,10167,787350,Douglas Luiz,Juventus,9885,False,8.05,90.0,0.09,0.36,0.0,0.0,0.0,0.0,65.0,69.0,1.0,1.0,0.0,0.0,0.0,0.0,0.0,0.0,4.0,0.0,88.0,2.0,2.0,4.0,2.0,10.0,0.0,0.0,0.0,1.0,3.0,1.0,2.0,0.0,0.0,0.0,0.0,5.0,8.0,1.0,1.0,6.0,3.0,0.27,0.11,6.0,0.0,2.0,3.0,1.0,2.0,5.0,0.0,4.0,3.0,0.27,0.0,0.0,0.0,0.0,0.0,0.0,0.0
5749654,2026-08-29T18:45:00.000Z,2,Serie A,Juventus,9885,Parma,10167,819215,Lloyd Kelly,Juventus,9885,False,5.99,15.0,0.0,0.0,0.0,0.0,0.0,0.0,7.0,7.0,1.0,1.0,0.0,0.0,0.0,0.0,0.0,0.0,2.0,1.0,9.0,1.0,0.0,1.0,0.0,0.0,0.0,0.0,0.0,0.0,0.0,0.0,0.0,0.0,0.0,0.0,0.0,0.0,1.0,0.0,0.0,0.0,1.0,0.0,0.0,0.0,0.0,0.0,0.0,0.0,0.0,0.0,0.0,0.0,0.0,0.0,0.0,0.0,0.0,0.0,0.0,0.0,0.0
5749654,2026-08-29T18:45:00.000Z,2,Serie A,Juventus,9885,Parma,10167,822589,Pontus Almqvist,Parma,10167,False,0.0,6.0,0.06,0.06,0.0,0.0,0.0,0.0,6.0,6.0,0.0,0.0,0.0,0.0,0.0,0.0,0.0,0.0,0.0,0.0,7.0,0.0,0.0,0.0,0.0,0.0,0.0,0.0,0.0,1.0,1.0,0.0,0.0,0.0,0.0,0.0,0.0,0.0,0.0,1.0,1.0,1.0,0.0,0.0,0.0,0.0,0.0,0.0,0.0,0.0,0.0,0.0,0.0,1.0,0.0,0.0,0.0,0.0,0.0,0.0,0.0,0.0,0.0
5749654,2026-08-29T18:45:00.000Z,2,Serie A,Juventus,9885,Parma,10167,823825,Randal Kolo Muani,Juventus,9885,False,6.86,90.0,0.09,0.9299999999999999,0.0,0.0,0.0,0.0,21.0,28.0,0.0,1.0,0.0,0.0,0.0,0.0,0.0,0.0,2.0,1.0,43.0,1.0,3.0,6.0,0.0,0.0,0.0,0.0,0.0,0.0,8.0,1.0,2.0,1.0,0.0,1.0,0.0,4.0,12.0,2.0,4.0,6.0,10.0,0.84,0.44,4.0,0.0,1.0,2.0,1.0,1.0,3.0,0.0,0.0,0.0,0.84,0.0,0.0,2.0,0.0,0.0,0.0,0.0
5749654,2026-08-29T18:45:00.000Z,2,Serie A,Juventus,9885,Parma,10167,841672,Nicolás González,Juventus,9885,False,8.4,33.0,0.2,0.31,0.0,0.0,0.0,0.0,12.0,14.0,0.0,0.0,0.0,0.0,0.0,0.0,0.0,0.0,2.0,0.0,27.0,4.0,2.0,0.0,1.0,1.0,3.0,1.0,0.0,1.0,0.0,1.0,1.0,0.0,0.0,0.0,0.0,4.0,4.0,0.0,0.0,4.0,0.0,0.11,0.49,4.0,1.0,2.0,2.0,0.0,2.0,4.0,0.0,1.0,0.0,0.11,0.0,0.0,0.0,1.0,0.0,0.0,0.0
5749654,2026-08-29T18:45:00.000Z,2,Serie A,Juventus,9885,Parma,10167,857269,Gleison Bremer,Juventus,9885,False,7.53,90.0,0.07,0.15000000000000002,0.0,0.0,0.0,0.0,47.0,53.0,1.0,5.0,0.0,0.0,0.0,0.0,0.0,0.0,2.0,4.0,64.0,8.0,0.0,2.0,2.0,10.0,2.0,0.0,0.0,0.0,3.0,0.0,0.0,0.0,0.0,1.0,0.0,2.0,3.0,4.0,7.0,6.0,4.0,0.08,0.0,1.0,0.0,0.0,1.0,0.0,0.0,1.0,0.0,0.0,0.0,0.08,0.0,0.0,0.0,0.0,0.0,0.0,0.0
5749654,2026-08-29T18:45:00.000Z,2,Serie A,Juventus,9885,Parma,10167,860913,Jhon Lucumí,Juventus,9885,False,7.2,75.0,0.04,0.12,0.0,0.0,0.0,0.0,54.0,58.0,1.0,2.0,0.0,0.0,0.0,0.0,0.0,0.0,2.0,2.0,62.0,2.0,0.0,1.0,0.0,8.0,0.0,0.0,0.0,0.0,1.0,0.0,0.0,0.0,0.0,1.0,0.0,0.0,1.0,2.0,3.0,2.0,2.0,0.08,0.0,1.0,0.0,0.0,1.0,0.0,0.0,1.0,0.0,0.0,0.0,0.08,0.0,0.0,0.0,0.0,0.0,0.0,0.0
5749654,2026-08-29T18:45:00.000Z,2,Serie A,Juventus,9885,Parma,10167,866516,Teun Koopmeiners,Juventus,9885,False,0.0,4.0,0.0,0.05,0.0,0.0,0.0,0.0,1.0,1.0,0.0,0.0,0.0,0.0,0.0,0.0,0.0,0.0,0.0,0.0,3.0,0.0,0.0,0.0,0.0,0.0,0.0,1.0,0.0,0.0,1.0,0.0,0.0,0.0,0.0,0.0,0.0,0.0,0.0,0.0,1.0,0.0,1.0,0.05,0.43,1.0,0.0,1.0,0.0,0.0,1.0,1.0,0.0,0.0,0.0,0.05,0.0,0.0,0.0,0.0,0.0,0.0,0.0
5749654,2026-08-29T18:45:00.000Z,2,Serie A,Juventus,9885,Parma,10167,867225,Zeki Çelik,Juventus,9885,False,7.65,90.0,0.11,0.11,0.0,0.0,0.0,0.0,32.0,35.0,0.0,1.0,0.0,0.0,0.0,0.0,0.0,0.0,3.0,0.0,64.0,8.0,0.0,0.0,5.0,5.0,3.0,0.0,0.0,0.0,0.0,0.0,1.0,2.0,0.0,0.0,0.0,5.0,8.0,1.0,2.0,6.0,4.0,0.0,0.0,0.0,0.0,0.0,0.0,0.0,0.0,0.0,0.0,0.0,1.0,0.0,0.0,0.0,0.0,0.0,0.0,0.0,0.0
5749654,2026-08-29T18:45:00.000Z,2,Serie A,Juventus,9885,Parma,10167,867789,Emanuele Valeri,Parma,10167,False,5.73,90.0,0.01,0.01,0.0,0.0,0.0,0.0,19.0,24.0,0.0,2.0,0.0,0.0,0.0,0.0,0.0,0.0,4.0,1.0,43.0,3.0,0.0,1.0,2.0,4.0,0.0,0.0,0.0,0.0,2.0,0.0,0.0,1.0,0.0,1.0,2.0,2.0,6.0,1.0,2.0,3.0,5.0,0.0,0.0,0.0,0.0,0.0,0.0,0.0,0.0,0.0,0.0,3.0,0.0,0.0,0.0,0.0,0.0,0.0,0.0,0.0,0.0
5749654,2026-08-29T18:45:00.000Z,2,Serie A,Juventus,9885,Parma,10167,935380,Enrico Del Prato,Parma,10167,False,6.8,90.0,0.13,0.13,0.0,0.0,0.0,0.0,30.0,39.0,0.0,3.0,0.0,0.0,0.0,0.0,0.0,0.0,4.0,2.0,57.0,7.0,1.0,0.0,1.0,6.0,3.0,0.0,0.0,2.0,2.0,1.0,1.0,1.0,1.0,2.0,0.0,3.0,4.0,0.0,1.0,3.0,2.0,0.0,0.0,0.0,0.0,0.0,0.0,0.0,0.0,0.0,1.0,1.0,0.0,0.0,0.0,0.0,0.0,0.0,0.0,0.0,0.0
5749654,2026-08-29T18:45:00.000Z,2,Serie A,Juventus,9885,Parma,10167,939569,Jonathan David,Juventus,9885,False,7.14,57.0,0.05,0.13,0.0,0.0,0.0,0.0,12.0,13.0,0.0,0.0,0.0,0.0,0.0,0.0,0.0,0.0,3.0,0.0,20.0,3.0,0.0,0.0,3.0,2.0,0.0,0.0,0.0,1.0,2.0,0.0,0.0,0.0,0.0,0.0,0.0,3.0,3.0,1.0,2.0,4.0,1.0,0.08,0.0,2.0,0.0,0.0,1.0,1.0,0.0,1.0,0.0,0.0,0.0,0.08,0.0,0.0,0.0,0.0,0.0,0.0,0.0
5749654,2026-08-29T18:45:00.000Z,2,Serie A,Juventus,9885,Parma,10167,951714,Adrián Bernabé,Parma,10167,False,6.84,80.0,0.06,0.06,0.0,0.0,0.0,0.0,46.0,51.0,3.0,4.0,0.0,0.0,0.0,0.0,0.0,0.0,3.0,2.0,61.0,4.0,3.0,1.0,1.0,6.0,1.0,0.0,0.0,1.0,1.0,0.0,0.0,0.0,0.0,1.0,1.0,4.0,6.0,0.0,0.0,4.0,2.0,0.0,0.0,0.0,0.0,0.0,0.0,0.0,0.0,0.0,1.0,1.0,0.0,0.0,0.0,0.0,0.0,0.0,0.0,0.0,0.0
5749654,2026-08-29T18:45:00.000Z,2,Serie A,Juventus,9885,Parma,10167,968029,Lautaro Valenti,Parma,10167,False,0.0,0.0,0.0,0.0,0.0,0.0,0.0,0.0,0.0,0.0,0.0,0.0,0.0,0.0,0.0,0.0,0.0,0.0,0.0,0.0,0.0,0.0,0.0,0.0,0.0,0.0,0.0,0.0,0.0,0.0,0.0,0.0,0.0,0.0,0.0,0.0,0.0,0.0,0.0,0.0,0.0,0.0,0.0,0.0,0.0,0.0,0.0,0.0,0.0,0.0,0.0,0.0,0.0,0.0,0.0,0.0,0.0,0.0,0.0,0.0,0.0,0.0,0.0
5749654,2026-08-29T18:45:00.000Z,2,Serie A,Juventus,9885,Parma,10167,1053676,Abdoulaye Ndiaye,Parma,10167,False,0.0,0.0,0.0,0.0,0.0,0.0,0.0,0.0,0.0,0.0,0.0,0.0,0.0,0.0,0.0,0.0,0.0,0.0,0.0,0.0,0.0,0.0,0.0,0.0,0.0,0.0,0.0,0.0,0.0,0.0,0.0,0.0,0.0,0.0,0.0,0.0,0.0,0.0,0.0,0.0,0.0,0.0,0.0,0.0,0.0,0.0,0.0,0.0,0.0,0.0,0.0,0.0,0.0,0.0,0.0,0.0,0.0,0.0,0.0,0.0,0.0,0.0,0.0
5749654,2026-08-29T18:45:00.000Z,2,Serie A,Juventus,9885,Parma,10167,1054114,El Bilal Touré,Parma,10167,False,6.1,80.0,0.01,0.01,0.0,0.0,0.0,0.0,7.0,11.0,0.0,0.0,0.0,0.0,0.0,0.0,0.0,0.0,3.0,2.0,21.0,2.0,1.0,2.0,0.0,0.0,0.0,0.0,0.0,0.0,1.0,0.0,1.0,0.0,0.0,1.0,0.0,1.0,4.0,2.0,4.0,3.0,5.0,0.0,0.0,0.0,0.0,0.0,0.0,0.0,0.0,0.0,0.0,0.0,0.0,0.0,0.0,1.0,0.0,0.0,0.0,0.0,0.0
5749654,2026-08-29T18:45:00.000Z,2,Serie A,Juventus,9885,Parma,10167,1078846,Andrea Cambiaso,Juventus,9885,False,6.4,10.0,0.0,0.0,0.0,0.0,0.0,0.0,3.0,3.0,0.0,0.0,0.0,0.0,0.0,0.0,0.0,0.0,2.0,0.0,6.0,1.0,0.0,0.0,1.0,0.0,0.0,0.0,0.0,0.0,0.0,0.0,0.0,0.0,0.0,0.0,0.0,1.0,1.0,0.0,0.0,1.0,0.0,0.0,0.0,0.0,0.0,0.0,0.0,0.0,0.0,0.0,0.0,0.0,0.0,0.0,0.0,0.0,0.0,0.0,0.0,0.0,0.0
5749654,2026-08-29T18:45:00.000Z,2,Serie A,Juventus,9885,Parma,10167,1083562,Juan Cabal,Juventus,9885,False,0.0,0.0,0.0,0.0,0.0,0.0,0.0,0.0,0.0,0.0,0.0,0.0,0.0,0.0,0.0,0.0,0.0,0.0,0.0,0.0,0.0,0.0,0.0,0.0,0.0,0.0,0.0,0.0,0.0,0.0,0.0,0.0,0.0,0.0,0.0,0.0,0.0,0.0,0.0,0.0,0.0,0.0,0.0,0.0,0.0,0.0,0.0,0.0,0.0,0.0,0.0,0.0,0.0,0.0,0.0,0.0,0.0,0.0,0.0,0.0,0.0,0.0,0.0
5749654,2026-08-29T18:45:00.000Z,2,Serie A,Juventus,9885,Parma,10167,1097009,Oliver Sørensen,Parma,10167,False,0.0,0.0,0.0,0.0,0.0,0.0,0.0,0.0,0.0,0.0,0.0,0.0,0.0,0.0,0.0,0.0,0.0,0.0,0.0,0.0,0.0,0.0,0.0,0.0,0.0,0.0,0.0,0.0,0.0,0.0,0.0,0.0,0.0,0.0,0.0,0.0,0.0,0.0,0.0,0.0,0.0,0.0,0.0,0.0,0.0,0.0,0.0,0.0,0.0,0.0,0.0,0.0,0.0,0.0,0.0,0.0,0.0,0.0,0.0,0.0,0.0,0.0,0.0
5749654,2026-08-29T18:45:00.000Z,2,Serie A,Juventus,9885,Parma,10167,1117310,Edoardo Corvi,Parma,10167,True,6.06,90.0,0.0,0.0,4.0,2.0,1.47,-0.53,30.0,36.0,5.0,10.0,1.0,2.0,0.0,0.0,5.0,1.0,9.0,0.0,46.0,0.0,0.0,0.0,0.0,4.0,0.0,0.0,0.0,0.0,0.0,0.0,0.0,0.0,0.0,0.0,0.0,0.0,0.0,0.0,0.0,0.0,1.0,0.0,0.0,0.0,0.0,0.0,0.0,0.0,0.0,0.0,0.0,0.0,0.0,0.0,0.0,0.0,0.0,0.0,0.0,0.0,0.0
5749654,2026-08-29T18:45:00.000Z,2,Serie A,Juventus,9885,Parma,10167,1131217,Pierre Kalulu,Juventus,9885,False,7.79,90.0,0.23,0.23,0.0,0.0,0.0,0.0,58.0,66.0,0.0,1.0,0.0,0.0,0.0,0.0,0.0,0.0,3.0,2.0,88.0,3.0,2.0,0.0,0.0,10.0,1.0,0.0,0.0,2.0,1.0,0.0,0.0,0.0,0.0,1.0,0.0,2.0,2.0,0.0,1.0,2.0,1.0,0.0,0.0,0.0,0.0,0.0,0.0,0.0,0.0,0.0,2.0,4.0,0.0,0.0,0.0,0.0,0.0,0.0,0.0,0.0,0.0
5749654,2026-08-29T18:45:00.000Z,2,Serie A,Juventus,9885,Parma,10167,1185336,Francisco Conceição,Juventus,9885,False,7.97,76.0,0.41,0.48,0.0,0.0,0.0,0.0,39.0,43.0,1.0,1.0,0.0,0.0,0.0,0.0,0.0,0.0,2.0,0.0,69.0,1.0,1.0,4.0,0.0,2.0,1.0,0.0,0.0,4.0,7.0,2.0,4.0,0.0,0.0,0.0,0.0,3.0,7.0,0.0,0.0,3.0,4.0,0.07,0.0,2.0,1.0,0.0,2.0,0.0,0.0,2.0,3.0,11.0,6.0,0.07,0.0,0.0,0.0,1.0,0.0,0.0,0.0
5749654,2026-08-29T18:45:00.000Z,2,Serie A,Juventus,9885,Parma,10167,1189288,Federico Gatti,Juventus,9885,False,0.0,0.0,0.0,0.0,0.0,0.0,0.0,0.0,0.0,0.0,0.0,0.0,0.0,0.0,0.0,0.0,0.0,0.0,0.0,0.0,0.0,0.0,0.0,0.0,0.0,0.0,0.0,0.0,0.0,0.0,0.0,0.0,0.0,0.0,0.0,0.0,0.0,0.0,0.0,0.0,0.0,0.0,0.0,0.0,0.0,0.0,0.0,0.0,0.0,0.0,0.0,0.0,0.0,0.0,0.0,0.0,0.0,0.0,0.0,0.0,0.0,0.0,0.0
5749654,2026-08-29T18:45:00.000Z,2,Serie A,Juventus,9885,Parma,10167,1190371,Matija Frigan,Parma,10167,False,0.0,0.0,0.0,0.0,0.0,0.0,0.0,0.0,0.0,0.0,0.0,0.0,0.0,0.0,0.0,0.0,0.0,0.0,0.0,0.0,0.0,0.0,0.0,0.0,0.0,0.0,0.0,0.0,0.0,0.0,0.0,0.0,0.0,0.0,0.0,0.0,0.0,0.0,0.0,0.0,0.0,0.0,0.0,0.0,0.0,0.0,0.0,0.0,0.0,0.0,0.0,0.0,0.0,0.0,0.0,0.0,0.0,0.0,0.0,0.0,0.0,0.0,0.0
5749654,2026-08-29T18:45:00.000Z,2,Serie A,Juventus,9885,Parma,10167,1199360,Franco Carboni,Parma,10167,False,0.0,0.0,0.0,0.0,0.0,0.0,0.0,0.0,0.0,0.0,0.0,0.0,0.0,0.0,0.0,0.0,0.0,0.0,0.0,0.0,0.0,0.0,0.0,0.0,0.0,0.0,0.0,0.0,0.0,0.0,0.0,0.0,0.0,0.0,0.0,0.0,0.0,0.0,0.0,0.0,0.0,0.0,0.0,0.0,0.0,0.0,0.0,0.0,0.0,0.0,0.0,0.0,0.0,0.0,0.0,0.0,0.0,0.0,0.0,0.0,0.0,0.0,0.0
5749654,2026-08-29T18:45:00.000Z,2,Serie A,Juventus,9885,Parma,10167,1233748,David Romero,Parma,10167,False,6.61,28.0,0.0,0.2,0.0,0.0,0.0,0.0,3.0,6.0,1.0,1.0,0.0,0.0,0.0,0.0,0.0,0.0,2.0,0.0,15.0,1.0,2.0,0.0,1.0,0.0,0.0,0.0,0.0,0.0,3.0,0.0,0.0,1.0,0.0,0.0,0.0,3.0,4.0,1.0,1.0,4.0,1.0,0.2,0.99,3.0,0.0,3.0,0.0,0.0,3.0,3.0,0.0,0.0,0.0,0.2,0.0,0.0,0.0,0.0,0.0,0.0,0.0
5749654,2026-08-29T18:45:00.000Z,2,Serie A,Juventus,9885,Parma,10167,1239749,Mandela Keita,Parma,10167,False,6.37,90.0,0.07,0.07,0.0,0.0,0.0,0.0,41.0,44.0,3.0,4.0,0.0,0.0,0.0,0.0,0.0,0.0,2.0,0.0,55.0,2.0,3.0,0.0,1.0,3.0,1.0,0.0,0.0,0.0,2.0,0.0,1.0,0.0,0.0,0.0,0.0,4.0,5.0,0.0,0.0,4.0,1.0,0.0,0.0,0.0,0.0,0.0,0.0,0.0,0.0,0.0,0.0,0.0,0.0,0.0,0.0,0.0,0.0,0.0,0.0,0.0,0.0
5749654,2026-08-29T18:45:00.000Z,2,Serie A,Juventus,9885,Parma,10167,1276505,Giovanni Fabbian,Parma,10167,False,0.0,0.0,0.0,0.0,0.0,0.0,0.0,0.0,0.0,0.0,0.0,0.0,0.0,0.0,0.0,0.0,0.0,0.0,0.0,0.0,0.0,0.0,0.0,0.0,0.0,0.0,0.0,0.0,0.0,0.0,0.0,0.0,0.0,0.0,0.0,0.0,0.0,0.0,0.0,0.0,0.0,0.0,0.0,0.0,0.0,0.0,0.0,0.0,0.0,0.0,0.0,0.0,0.0,0.0,0.0,0.0,0.0,0.0,0.0,0.0,0.0,0.0,0.0
5749654,2026-08-29T18:45:00.000Z,2,Serie A,Juventus,9885,Parma,10167,1354177,Benjamín Cremaschi,Parma,10167,False,5.93,29.0,0.0,0.0,0.0,0.0,0.0,0.0,9.0,12.0,0.0,0.0,0.0,0.0,0.0,0.0,0.0,0.0,1.0,0.0,21.0,1.0,1.0,1.0,1.0,0.0,0.0,0.0,0.0,0.0,1.0,0.0,2.0,1.0,0.0,0.0,0.0,2.0,6.0,0.0,0.0,2.0,4.0,0.0,0.0,0.0,0.0,0.0,0.0,0.0,0.0,0.0,0.0,0.0,0.0,0.0,0.0,0.0,0.0,0.0,0.0,0.0,0.0
5749654,2026-08-29T18:45:00.000Z,2,Serie A,Juventus,9885,Parma,10167,1393542,Christian Ordóñez,Parma,10167,False,6.43,61.0,0.0,0.06,0.0,0.0,0.0,0.0,19.0,22.0,0.0,0.0,0.0,0.0,0.0,0.0,0.0,0.0,4.0,3.0,35.0,6.0,1.0,1.0,0.0,1.0,2.0,0.0,0.0,0.0,1.0,1.0,2.0,1.0,1.0,1.0,0.0,2.0,5.0,0.0,1.0,2.0,4.0,0.06,0.0,1.0,0.0,0.0,1.0,0.0,0.0,1.0,0.0,0.0,0.0,0.06,0.0,0.0,0.0,0.0,0.0,0.0,0.0
5749654,2026-08-29T18:45:00.000Z,2,Serie A,Juventus,9885,Parma,10167,1460253,Nesta Elphege,Parma,10167,False,5.88,10.0,0.0,0.0,0.0,0.0,0.0,0.0,0.0,0.0,0.0,0.0,0.0,0.0,0.0,0.0,0.0,0.0,0.0,0.0,1.0,0.0,0.0,1.0,0.0,0.0,0.0,0.0,0.0,0.0,0.0,0.0,0.0,0.0,0.0,0.0,0.0,0.0,1.0,0.0,0.0,0.0,1.0,0.0,0.0,0.0,0.0,0.0,0.0,0.0,0.0,0.0,0.0,0.0,0.0,0.0,0.0,0.0,0.0,0.0,0.0,0.0,0.0
5749654,2026-08-29T18:45:00.000Z,2,Serie A,Juventus,9885,Parma,10167,1519035,Giovanni Daffara,Parma,10167,True,0.0,0.0,0.0,0.0,0.0,0.0,0.0,0.0,0.0,0.0,0.0,0.0,0.0,0.0,0.0,0.0,0.0,0.0,0.0,0.0,0.0,0.0,0.0,0.0,0.0,0.0,0.0,0.0,0.0,0.0,0.0,0.0,0.0,0.0,0.0,0.0,0.0,0.0,0.0,0.0,0.0,0.0,0.0,0.0,0.0,0.0,0.0,0.0,0.0,0.0,0.0,0.0,0.0,0.0,0.0,0.0,0.0,0.0,0.0,0.0,0.0,0.0,0.0
5749654,2026-08-29T18:45:00.000Z,2,Serie A,Juventus,9885,Parma,10167,1520184,Mariano Troilo,Parma,10167,False,5.86,90.0,0.01,0.01,0.0,0.0,0.0,0.0,61.0,65.0,5.0,7.0,0.0,0.0,0.0,0.0,0.0,0.0,0.0,5.0,74.0,5.0,2.0,1.0,0.0,3.0,0.0,0.0,0.0,0.0,0.0,0.0,0.0,0.0,0.0,2.0,0.0,2.0,3.0,1.0,3.0,3.0,3.0,0.0,0.0,0.0,0.0,0.0,0.0,0.0,0.0,0.0,0.0,0.0,0.0,0.0,0.0,0.0,0.0,0.0,0.0,0.0,0.0
5749654,2026-08-29T18:45:00.000Z,2,Serie A,Juventus,9885,Parma,10167,1669628,Jeff Ekhator,Juventus,9885,False,0.0,0.0,0.0,0.0,0.0,0.0,0.0,0.0,0.0,0.0,0.0,0.0,0.0,0.0,0.0,0.0,0.0,0.0,0.0,0.0,0.0,0.0,0.0,0.0,0.0,0.0,0.0,0.0,0.0,0.0,0.0,0.0,0.0,0.0,0.0,0.0,0.0,0.0,0.0,0.0,0.0,0.0,0.0,0.0,0.0,0.0,0.0,0.0,0.0,0.0,0.0,0.0,0.0,0.0,0.0,0.0,0.0,0.0,0.0,0.0,0.0,0.0,0.0
5749654,2026-08-29T18:45:00.000Z,2,Serie A,Juventus,9885,Parma,10167,1684401,Kerim Alajbegovic,Juventus,9885,False,6.3,33.0,0.02,0.02,0.0,0.0,0.0,0.0,5.0,7.0,0.0,1.0,0.0,0.0,0.0,0.0,0.0,0.0,3.0,1.0,10.0,1.0,0.0,0.0,0.0,1.0,0.0,0.0,0.0,0.0,0.0,0.0,0.0,0.0,0.0,0.0,1.0,0.0,1.0,0.0,0.0,0.0,1.0,0.0,0.0,0.0,0.0,0.0,0.0,0.0,0.0,0.0,1.0,1.0,0.0,0.0,0.0,1.0,0.0,0.0,0.0,0.0,0.0
5749654,2026-08-29T18:45:00.000Z,2,Serie A,Juventus,9885,Parma,10167,1684415,Ousmane Diallo,Parma,10167,False,0.0,0.0,0.0,0.0,0.0,0.0,0.0,0.0,0.0,0.0,0.0,0.0,0.0,0.0,0.0,0.0,0.0,0.0,0.0,0.0,0.0,0.0,0.0,0.0,0.0,0.0,0.0,0.0,0.0,0.0,0.0,0.0,0.0,0.0,0.0,0.0,0.0,0.0,0.0,0.0,0.0,0.0,0.0,0.0,0.0,0.0,0.0,0.0,0.0,0.0,0.0,0.0,0.0,0.0,0.0,0.0,0.0,0.0,0.0,0.0,0.0,0.0,0.0
5749654,2026-08-29T18:45:00.000Z,2,Serie A,Juventus,9885,Parma,10167,1693531,Sascha Britschgi,Parma,10167,False,5.87,84.0,0.01,0.01,0.0,0.0,0.0,0.0,15.0,19.0,0.0,1.0,0.0,0.0,0.0,0.0,0.0,0.0,2.0,2.0,35.0,3.0,1.0,0.0,1.0,2.0,0.0,0.0,0.0,0.0,0.0,0.0,3.0,1.0,0.0,2.0,2.0,2.0,8.0,1.0,2.0,3.0,7.0,0.0,0.0,0.0,0.0,0.0,0.0,0.0,0.0,0.0,0.0,0.0,0.0,0.0,0.0,0.0,0.0,0.0,0.0,0.0,0.0
5749654,2026-08-29T18:45:00.000Z,2,Serie A,Juventus,9885,Parma,10167,1797278,Thomás de Martis,Parma,10167,False,0.0,0.0,0.0,0.0,0.0,0.0,0.0,0.0,0.0,0.0,0.0,0.0,0.0,0.0,0.0,0.0,0.0,0.0,0.0,0.0,0.0,0.0,0.0,0.0,0.0,0.0,0.0,0.0,0.0,0.0,0.0,0.0,0.0,0.0,0.0,0.0,0.0,0.0,0.0,0.0,0.0,0.0,0.0,0.0,0.0,0.0,0.0,0.0,0.0,0.0,0.0,0.0,0.0,0.0,0.0,0.0,0.0,0.0,0.0,0.0,0.0,0.0,0.0
5749654,2026-08-29T18:45:00.000Z,2,Serie A,Juventus,9885,Parma,10167,1843609,Simone Lontani,Parma,10167,False,6.22,62.0,0.0,0.0,0.0,0.0,0.0,0.0,8.0,13.0,0.0,3.0,0.0,0.0,0.0,0.0,0.0,0.0,1.0,1.0,27.0,2.0,3.0,0.0,0.0,2.0,1.0,0.0,0.0,0.0,1.0,1.0,2.0,1.0,0.0,0.0,0.0,4.0,6.0,0.0,1.0,4.0,3.0,0.0,0.0,0.0,0.0,0.0,0.0,0.0,0.0,0.0,0.0,2.0,2.0,0.0,0.0,0.0,0.0,0.0,0.0,0.0,0.0
5749654,2026-08-29T18:45:00.000Z,2,Serie A,Juventus,9885,Parma,10167,1844134,Abdou-Salam Konate,Parma,10167,False,4.92,10.0,0.0,0.0,0.0,0.0,0.0,0.0,11.0,13.0,1.0,1.0,0.0,0.0,0.0,0.0,0.0,0.0,0.0,0.0,14.0,1.0,0.0,2.0,1.0,0.0,0.0,0.0,0.0,0.0,0.0,0.0,0.0,0.0,0.0,0.0,0.0,1.0,3.0,0.0,0.0,1.0,2.0,0.0,0.0,0.0,0.0,0.0,0.0,0.0,0.0,0.0,0.0,0.0,0.0,0.0,1.0,0.0,0.0,0.0,0.0,0.0,0.0
5749654,2026-08-29T18:45:00.000Z,2,Serie A,Juventus,9885,Parma,10167,1891769,Dominik Drobnic,Parma,10167,False,6.11,90.0,0.0,0.0,0.0,0.0,0.0,0.0,36.0,43.0,2.0,6.0,0.0,0.0,0.0,0.0,0.0,0.0,1.0,9.0,59.0,11.0,0.0,2.0,1.0,1.0,0.0,0.0,0.0,0.0,0.0,0.0,0.0,0.0,1.0,5.0,1.0,1.0,4.0,3.0,5.0,4.0,5.0,0.0,0.0,0.0,0.0,0.0,0.0,0.0,0.0,0.0,0.0,0.0,0.0,0.0,0.0,0.0,0.0,0.0,0.0,0.0,0.0
5749654,2026-08-29T18:45:00.000Z,2,Serie A,Juventus,9885,Parma,10167,1997571,Alessandro Mazzocchi,Parma,10167,True,0.0,0.0,0.0,0.0,0.0,0.0,0.0,0.0,0.0,0.0,0.0,0.0,0.0,0.0,0.0,0.0,0.0,0.0,0.0,0.0,0.0,0.0,0.0,0.0,0.0,0.0,0.0,0.0,0.0,0.0,0.0,0.0,0.0,0.0,0.0,0.0,0.0,0.0,0.0,0.0,0.0,0.0,0.0,0.0,0.0,0.0,0.0,0.0,0.0,0.0,0.0,0.0,0.0,0.0,0.0,0.0,0.0,0.0,0.0,0.0,0.0,0.0,0.0
5749655,2026-08-30T18:45:00.000Z,2,Serie A,Lazio,8543,Genoa,10233,362195,Alessio Romagnoli,Lazio,8543,False,0.0,0.0,0.0,0.0,0.0,0.0,0.0,0.0,0.0,0.0,0.0,0.0,0.0,0.0,0.0,0.0,0.0,0.0,0.0,0.0,0.0,0.0,0.0,0.0,0.0,0.0,0.0,0.0,0.0,0.0,0.0,0.0,0.0,0.0,0.0,0.0,0.0,0.0,0.0,0.0,0.0,0.0,0.0,0.0,0.0,0.0,0.0,0.0,0.0,0.0,0.0,0.0,0.0,0.0,0.0,0.0,0.0,0.0,0.0,0.0,0.0,0.0,0.0
5749655,2026-08-30T18:45:00.000Z,2,Serie A,Lazio,8543,Genoa,10233,364104,Stefano Sabelli,Genoa,10233,False,0.0,0.0,0.0,0.0,0.0,0.0,0.0,0.0,0.0,0.0,0.0,0.0,0.0,0.0,0.0,0.0,0.0,0.0,0.0,0.0,0.0,0.0,0.0,0.0,0.0,0.0,0.0,0.0,0.0,0.0,0.0,0.0,0.0,0.0,0.0,0.0,0.0,0.0,0.0,0.0,0.0,0.0,0.0,0.0,0.0,0.0,0.0,0.0,0.0,0.0,0.0,0.0,0.0,0.0,0.0,0.0,0.0,0.0,0.0,0.0,0.0,0.0,0.0
5749655,2026-08-30T18:45:00.000Z,2,Serie A,Lazio,8543,Genoa,10233,541555,Mattia Zaccagni,Lazio,8543,False,7.64,90.0,0.31,0.4,0.0,0.0,0.0,0.0,35.0,43.0,4.0,5.0,0.0,0.0,0.0,0.0,0.0,0.0,2.0,0.0,67.0,3.0,3.0,0.0,1.0,2.0,2.0,0.0,0.0,4.0,8.0,0.0,3.0,2.0,0.0,0.0,0.0,4.0,9.0,1.0,1.0,5.0,5.0,0.09,0.0,3.0,1.0,0.0,1.0,2.0,0.0,1.0,1.0,2.0,1.0,0.09,0.0,0.0,0.0,0.0,0.0,0.0,0.0
5749655,2026-08-30T18:45:00.000Z,2,Serie A,Lazio,8543,Genoa,10233,577914,Daniele Sommariva,Genoa,10233,True,0.0,0.0,0.0,0.0,0.0,0.0,0.0,0.0,0.0,0.0,0.0,0.0,0.0,0.0,0.0,0.0,0.0,0.0,0.0,0.0,0.0,0.0,0.0,0.0,0.0,0.0,0.0,0.0,0.0,0.0,0.0,0.0,0.0,0.0,0.0,0.0,0.0,0.0,0.0,0.0,0.0,0.0,0.0,0.0,0.0,0.0,0.0,0.0,0.0,0.0,0.0,0.0,0.0,0.0,0.0,0.0,0.0,0.0,0.0,0.0,0.0,0.0,0.0
5749655,2026-08-30T18:45:00.000Z,2,Serie A,Lazio,8543,Genoa,10233,629594,Alfonso Pedraza,Lazio,8543,False,6.17,27.0,0.0,0.0,0.0,0.0,0.0,0.0,6.0,6.0,1.0,1.0,0.0,0.0,0.0,0.0,0.0,0.0,1.0,1.0,21.0,1.0,1.0,0.0,0.0,2.0,0.0,0.0,0.0,1.0,0.0,0.0,1.0,1.0,0.0,0.0,0.0,1.0,3.0,0.0,1.0,1.0,3.0,0.0,0.0,0.0,0.0,0.0,0.0,0.0,0.0,0.0,0.0,3.0,2.0,0.0,0.0,0.0,0.0,0.0,0.0,0.0,0.0
5749655,2026-08-30T18:45:00.000Z,2,Serie A,Lazio,8543,Genoa,10233,662205,Manuel Lazzari,Lazio,8543,False,6.21,10.0,0.0,0.0,0.0,0.0,0.0,0.0,3.0,5.0,0.0,0.0,0.0,0.0,0.0,0.0,0.0,0.0,2.0,1.0,10.0,2.0,0.0,1.0,0.0,0.0,1.0,0.0,0.0,0.0,1.0,0.0,0.0,0.0,0.0,1.0,0.0,0.0,1.0,0.0,1.0,0.0,2.0,0.0,0.0,0.0,0.0,0.0,0.0,0.0,0.0,0.0,0.0,0.0,0.0,0.0,0.0,0.0,0.0,0.0,0.0,0.0,0.0
5749655,2026-08-30T18:45:00.000Z,2,Serie A,Lazio,8543,Genoa,10233,684981,Aarón Martín,Genoa,10233,False,0.0,0.0,0.0,0.0,0.0,0.0,0.0,0.0,0.0,0.0,0.0,0.0,0.0,0.0,0.0,0.0,0.0,0.0,0.0,0.0,0.0,0.0,0.0,0.0,0.0,0.0,0.0,0.0,0.0,0.0,0.0,0.0,0.0,0.0,0.0,0.0,0.0,0.0,0.0,0.0,0.0,0.0,0.0,0.0,0.0,0.0,0.0,0.0,0.0,0.0,0.0,0.0,0.0,0.0,0.0,0.0,0.0,0.0,0.0,0.0,0.0,0.0,0.0
5749655,2026-08-30T18:45:00.000Z,2,Serie A,Lazio,8543,Genoa,10233,707970,Djibril Sow,Genoa,10233,False,6.7,58.0,0.03,0.03,0.0,0.0,0.0,0.0,47.0,51.0,1.0,2.0,0.0,0.0,0.0,0.0,0.0,0.0,3.0,0.0,55.0,2.0,1.0,0.0,1.0,4.0,0.0,0.0,0.0,0.0,0.0,0.0,0.0,1.0,1.0,0.0,0.0,2.0,3.0,0.0,0.0,2.0,1.0,0.0,0.0,0.0,0.0,0.0,0.0,0.0,0.0,0.0,0.0,0.0,1.0,0.0,0.0,0.0,0.0,0.0,0.0,1.0,0.0
5749655,2026-08-30T18:45:00.000Z,2,Serie A,Lazio,8543,Genoa,10233,721533,Justin Bijlow,Genoa,10233,True,6.72,90.0,0.0,0.0,1.0,1.0,0.33,-0.67,64.0,78.0,6.0,19.0,1.0,1.0,1.0,2.0,1.0,0.0,5.0,2.0,83.0,3.0,0.0,0.0,1.0,6.0,0.0,0.0,0.0,0.0,0.0,0.0,0.0,0.0,0.0,0.0,0.0,1.0,1.0,1.0,1.0,2.0,0.0,0.0,0.0,0.0,0.0,0.0,0.0,0.0,0.0,0.0,0.0,0.0,0.0,0.0,0.0,0.0,0.0,0.0,0.0,0.0,0.0
5749655,2026-08-30T18:45:00.000Z,2,Serie A,Lazio,8543,Genoa,10233,724196,Danilho Doekhi,Lazio,8543,False,7.11,90.0,0.0,0.86,0.0,0.0,0.0,0.0,34.0,37.0,1.0,2.0,0.0,0.0,0.0,0.0,0.0,0.0,5.0,3.0,49.0,7.0,0.0,2.0,2.0,1.0,0.0,0.0,0.0,0.0,2.0,0.0,0.0,0.0,2.0,1.0,0.0,2.0,4.0,1.0,3.0,3.0,4.0,0.86,0.0,2.0,0.0,0.0,2.0,0.0,0.0,2.0,0.0,0.0,0.0,0.86,0.0,0.0,2.0,0.0,0.0,0.0,0.0
5749655,2026-08-30T18:45:00.000Z,2,Serie A,Lazio,8543,Genoa,10233,740944,Leo Østigard,Genoa,10233,False,6.95,90.0,0.02,0.02,0.0,0.0,0.0,0.0,84.0,93.0,1.0,6.0,0.0,0.0,0.0,0.0,0.0,0.0,4.0,6.0,107.0,11.0,1.0,1.0,1.0,3.0,1.0,0.0,0.0,0.0,1.0,0.0,0.0,0.0,3.0,2.0,0.0,2.0,3.0,3.0,4.0,5.0,2.0,0.0,0.0,0.0,0.0,0.0,0.0,0.0,0.0,0.0,0.0,0.0,0.0,0.0,0.0,0.0,0.0,0.0,0.0,0.0,0.0
5749655,2026-08-30T18:45:00.000Z,2,Serie A,Lazio,8543,Genoa,10233,750030,Andrea Pinamonti,Lazio,8543,False,5.94,10.0,0.0,0.06,0.0,0.0,0.0,0.0,2.0,3.0,0.0,0.0,0.0,0.0,0.0,0.0,0.0,0.0,0.0,0.0,5.0,0.0,0.0,1.0,0.0,0.0,0.0,0.0,0.0,0.0,1.0,0.0,0.0,0.0,0.0,0.0,0.0,0.0,1.0,0.0,0.0,0.0,1.0,0.06,0.0,1.0,0.0,0.0,1.0,0.0,0.0,1.0,0.0,0.0,0.0,0.06,0.0,0.0,0.0,0.0,0.0,0.0,0.0
5749655,2026-08-30T18:45:00.000Z,2,Serie A,Lazio,8543,Genoa,10233,815431,Davide Frattesi,Lazio,8543,False,7.8,90.0,0.14,0.56,0.0,0.0,0.0,0.0,17.0,23.0,1.0,2.0,0.0,0.0,0.0,0.0,0.0,0.0,4.0,0.0,36.0,4.0,0.0,4.0,2.0,2.0,2.0,1.0,0.0,2.0,6.0,1.0,2.0,2.0,0.0,0.0,3.0,3.0,13.0,0.0,0.0,3.0,10.0,0.42,0.3,2.0,1.0,1.0,0.0,1.0,1.0,1.0,0.0,0.0,0.0,0.42,0.0,0.0,0.0,0.0,0.0,0.0,0.0
5749655,2026-08-30T18:45:00.000Z,2,Serie A,Lazio,8543,Genoa,10233,914103,Johan Vásquez,Genoa,10233,False,6.94,78.0,0.02,0.02,0.0,0.0,0.0,0.0,62.0,70.0,3.0,5.0,0.0,0.0,0.0,0.0,0.0,0.0,1.0,3.0,79.0,4.0,1.0,0.0,1.0,6.0,0.0,0.0,0.0,0.0,0.0,0.0,0.0,0.0,0.0,0.0,1.0,2.0,3.0,2.0,3.0,4.0,2.0,0.0,0.0,0.0,0.0,0.0,0.0,0.0,0.0,0.0,0.0,0.0,0.0,0.0,0.0,0.0,0.0,0.0,0.0,1.0,0.0
5749655,2026-08-30T18:45:00.000Z,2,Serie A,Lazio,8543,Genoa,10233,915156,Christos Mandas,Lazio,8543,True,7.55,90.0,0.01,0.01,1.0,0.0,0.04,0.04,33.0,43.0,7.0,15.0,0.0,1.0,2.0,0.0,3.0,1.0,9.0,0.0,49.0,0.0,0.0,0.0,0.0,6.0,0.0,0.0,0.0,0.0,0.0,1.0,1.0,0.0,0.0,0.0,0.0,1.0,1.0,1.0,1.0,2.0,0.0,0.0,0.0,0.0,0.0,0.0,0.0,0.0,0.0,0.0,0.0,0.0,0.0,0.0,0.0,0.0,0.0,0.0,0.0,0.0,0.0
5749655,2026-08-30T18:45:00.000Z,2,Serie A,Lazio,8543,Genoa,10233,921543,Morten Frendrup,Genoa,10233,False,7.41,90.0,0.05,0.11,0.0,0.0,0.0,0.0,64.0,70.0,0.0,1.0,0.0,0.0,0.0,0.0,0.0,0.0,6.0,1.0,89.0,9.0,1.0,1.0,3.0,3.0,5.0,0.0,0.0,2.0,2.0,2.0,2.0,1.0,0.0,0.0,3.0,5.0,10.0,2.0,4.0,7.0,7.0,0.06,0.04,1.0,0.0,1.0,0.0,0.0,1.0,1.0,0.0,0.0,0.0,0.06,0.0,0.0,0.0,0.0,0.0,0.0,0.0
5749655,2026-08-30T18:45:00.000Z,2,Serie A,Lazio,8543,Genoa,10233,936603,Milutin Osmajic,Genoa,10233,False,6.43,27.0,0.0,0.02,0.0,0.0,0.0,0.0,1.0,2.0,0.0,0.0,0.0,0.0,0.0,0.0,0.0,0.0,1.0,0.0,8.0,0.0,3.0,0.0,0.0,1.0,0.0,0.0,0.0,1.0,1.0,0.0,0.0,0.0,0.0,0.0,0.0,3.0,3.0,1.0,1.0,4.0,0.0,0.02,0.0,1.0,1.0,0.0,1.0,0.0,0.0,1.0,0.0,0.0,0.0,0.02,0.0,0.0,0.0,0.0,0.0,0.0,0.0
5749655,2026-08-30T18:45:00.000Z,2,Serie A,Lazio,8543,Genoa,10233,942193,Mikael Egill Ellertsson,Genoa,10233,False,6.18,90.0,0.03,0.03,0.0,0.0,0.0,0.0,17.0,22.0,0.0,0.0,0.0,0.0,0.0,0.0,0.0,0.0,1.0,0.0,39.0,2.0,1.0,1.0,2.0,2.0,0.0,0.0,0.0,1.0,3.0,0.0,0.0,0.0,0.0,0.0,1.0,3.0,5.0,0.0,1.0,3.0,3.0,0.0,0.0,0.0,0.0,0.0,0.0,0.0,0.0,0.0,1.0,1.0,0.0,0.0,0.0,0.0,1.0,0.0,0.0,0.0,0.0
5749655,2026-08-30T18:45:00.000Z,2,Serie A,Lazio,8543,Genoa,10233,951238,Franz Stolz,Genoa,10233,True,0.0,0.0,0.0,0.0,0.0,0.0,0.0,0.0,0.0,0.0,0.0,0.0,0.0,0.0,0.0,0.0,0.0,0.0,0.0,0.0,0.0,0.0,0.0,0.0,0.0,0.0,0.0,0.0,0.0,0.0,0.0,0.0,0.0,0.0,0.0,0.0,0.0,0.0,0.0,0.0,0.0,0.0,0.0,0.0,0.0,0.0,0.0,0.0,0.0,0.0,0.0,0.0,0.0,0.0,0.0,0.0,0.0,0.0,0.0,0.0,0.0,0.0,0.0
5749655,2026-08-30T18:45:00.000Z,2,Serie A,Lazio,8543,Genoa,10233,957118,Nuno Tavares,Lazio,8543,False,8.41,63.0,0.11,0.25,0.0,0.0,0.0,0.0,46.0,53.0,3.0,4.0,0.0,0.0,0.0,0.0,0.0,0.0,2.0,4.0,71.0,4.0,0.0,1.0,0.0,9.0,0.0,0.0,1.0,2.0,5.0,1.0,1.0,0.0,0.0,2.0,0.0,1.0,2.0,1.0,1.0,2.0,1.0,0.14,0.03,5.0,1.0,1.0,3.0,1.0,1.0,4.0,0.0,1.0,1.0,0.14,0.0,0.0,1.0,1.0,0.0,0.0,0.0
5749655,2026-08-30T18:45:00.000Z,2,Serie A,Lazio,8543,Genoa,10233,970565,Kenneth Taylor,Lazio,8543,False,7.19,90.0,0.05,0.05,0.0,0.0,0.0,0.0,49.0,56.0,2.0,4.0,0.0,0.0,0.0,0.0,0.0,0.0,4.0,0.0,67.0,2.0,1.0,1.0,1.0,7.0,1.0,0.0,0.0,2.0,3.0,1.0,1.0,2.0,0.0,0.0,3.0,3.0,9.0,1.0,1.0,4.0,6.0,0.0,0.0,0.0,0.0,0.0,0.0,0.0,0.0,0.0,0.0,0.0,0.0,0.0,0.0,0.0,0.0,0.0,0.0,0.0,0.0
5749655,2026-08-30T18:45:00.000Z,2,Serie A,Lazio,8543,Genoa,10233,972120,Boulaye Dia,Lazio,8543,False,6.6,80.0,0.04,0.04,0.0,0.0,0.0,0.0,18.0,22.0,1.0,1.0,0.0,0.0,0.0,0.0,0.0,0.0,2.0,0.0,24.0,0.0,0.0,0.0,0.0,1.0,0.0,0.0,0.0,0.0,0.0,0.0,0.0,1.0,0.0,0.0,0.0,0.0,1.0,1.0,2.0,1.0,2.0,0.0,0.0,0.0,0.0,0.0,0.0,0.0,0.0,0.0,0.0,0.0,0.0,0.0,0.0,0.0,0.0,0.0,0.0,0.0,0.0
5749655,2026-08-30T18:45:00.000Z,2,Serie A,Lazio,8543,Genoa,10233,1003368,Junior Messias,Genoa,10233,False,7.06,32.0,0.24,0.29,0.0,0.0,0.0,0.0,13.0,15.0,3.0,3.0,0.0,0.0,0.0,0.0,0.0,0.0,1.0,0.0,26.0,3.0,2.0,0.0,3.0,3.0,0.0,0.0,0.0,1.0,2.0,2.0,2.0,0.0,0.0,0.0,0.0,7.0,7.0,1.0,2.0,8.0,1.0,0.05,0.0,1.0,0.0,0.0,0.0,1.0,0.0,0.0,1.0,1.0,0.0,0.05,0.0,1.0,0.0,0.0,0.0,0.0,0.0
5749655,2026-08-30T18:45:00.000Z,2,Serie A,Lazio,8543,Genoa,10233,1016093,Gustav Isaksen,Lazio,8543,False,6.13,27.0,0.01,0.02,0.0,0.0,0.0,0.0,7.0,11.0,0.0,0.0,0.0,0.0,0.0,0.0,0.0,0.0,3.0,0.0,14.0,0.0,0.0,1.0,0.0,2.0,0.0,0.0,0.0,1.0,2.0,0.0,0.0,1.0,0.0,0.0,0.0,0.0,1.0,0.0,3.0,0.0,4.0,0.01,0.0,1.0,0.0,0.0,0.0,1.0,0.0,0.0,0.0,0.0,0.0,0.01,0.0,0.0,0.0,0.0,0.0,0.0,0.0
5749655,2026-08-30T18:45:00.000Z,2,Serie A,Lazio,8543,Genoa,10233,1020963,Nicolò Rovella,Lazio,8543,False,6.73,37.0,0.04,0.04,0.0,0.0,0.0,0.0,36.0,36.0,0.0,0.0,0.0,0.0,0.0,0.0,0.0,0.0,3.0,0.0,42.0,2.0,0.0,0.0,1.0,9.0,1.0,0.0,0.0,1.0,0.0,0.0,1.0,0.0,0.0,0.0,1.0,1.0,3.0,0.0,0.0,1.0,2.0,0.0,0.0,0.0,0.0,0.0,0.0,0.0,0.0,0.0,0.0,0.0,0.0,0.0,0.0,0.0,0.0,0.0,0.0,0.0,0.0
5749655,2026-08-30T18:45:00.000Z,2,Serie A,Lazio,8543,Genoa,10233,1050163,Lorenzo Colombo,Genoa,10233,False,5.75,90.0,0.07,0.18,0.0,0.0,0.0,0.0,12.0,18.0,0.0,0.0,0.0,0.0,0.0,0.0,0.0,0.0,2.0,0.0,29.0,2.0,2.0,2.0,0.0,0.0,1.0,0.0,0.0,0.0,5.0,0.0,1.0,2.0,1.0,0.0,1.0,2.0,8.0,0.0,2.0,2.0,8.0,0.11,0.0,2.0,0.0,0.0,1.0,1.0,0.0,1.0,0.0,0.0,0.0,0.11,0.0,0.0,0.0,0.0,0.0,0.0,0.0
5749655,2026-08-30T18:45:00.000Z,2,Serie A,Lazio,8543,Genoa,10233,1146500,Matteo Cancellieri,Lazio,8543,False,6.94,63.0,0.1,0.14,0.0,0.0,0.0,0.0,18.0,23.0,2.0,2.0,0.0,0.0,0.0,0.0,0.0,0.0,2.0,0.0,33.0,1.0,0.0,2.0,1.0,1.0,0.0,0.0,0.0,0.0,2.0,2.0,2.0,0.0,0.0,0.0,0.0,3.0,5.0,1.0,2.0,4.0,3.0,0.04,0.0,1.0,0.0,0.0,1.0,0.0,0.0,1.0,0.0,1.0,0.0,0.04,0.0,0.0,0.0,0.0,0.0,0.0,0.0
5749655,2026-08-30T18:45:00.000Z,2,Serie A,Lazio,8543,Genoa,10233,1184458,Mario Mitaj,Genoa,10233,False,0.0,0.0,0.0,0.0,0.0,0.0,0.0,0.0,0.0,0.0,0.0,0.0,0.0,0.0,0.0,0.0,0.0,0.0,0.0,0.0,0.0,0.0,0.0,0.0,0.0,0.0,0.0,0.0,0.0,0.0,0.0,0.0,0.0,0.0,0.0,0.0,0.0,0.0,0.0,0.0,0.0,0.0,0.0,0.0,0.0,0.0,0.0,0.0,0.0,0.0,0.0,0.0,0.0,0.0,0.0,0.0,0.0,0.0,0.0,0.0,0.0,0.0,0.0
5749655,2026-08-30T18:45:00.000Z,2,Serie A,Lazio,8543,Genoa,10233,1186228,Josip Sutalo,Lazio,8543,False,0.0,0.0,0.0,0.0,0.0,0.0,0.0,0.0,0.0,0.0,0.0,0.0,0.0,0.0,0.0,0.0,0.0,0.0,0.0,0.0,0.0,0.0,0.0,0.0,0.0,0.0,0.0,0.0,0.0,0.0,0.0,0.0,0.0,0.0,0.0,0.0,0.0,0.0,0.0,0.0,0.0,0.0,0.0,0.0,0.0,0.0,0.0,0.0,0.0,0.0,0.0,0.0,0.0,0.0,0.0,0.0,0.0,0.0,0.0,0.0,0.0,0.0,0.0
5749655,2026-08-30T18:45:00.000Z,2,Serie A,Lazio,8543,Genoa,10233,1200591,Tommaso Baldanzi,Genoa,10233,False,6.37,78.0,0.01,0.01,0.0,0.0,0.0,0.0,26.0,30.0,0.0,0.0,0.0,0.0,0.0,0.0,0.0,0.0,1.0,1.0,41.0,4.0,0.0,1.0,2.0,3.0,1.0,0.0,0.0,0.0,0.0,0.0,1.0,0.0,0.0,1.0,0.0,2.0,4.0,1.0,1.0,3.0,2.0,0.0,0.0,0.0,0.0,0.0,0.0,0.0,0.0,0.0,0.0,1.0,0.0,0.0,0.0,0.0,0.0,0.0,0.0,0.0,0.0
5749655,2026-08-30T18:45:00.000Z,2,Serie A,Lazio,8543,Genoa,10233,1214915,Brooke Norton-Cuffy,Genoa,10233,False,6.61,90.0,0.07,0.1,0.0,0.0,0.0,0.0,26.0,32.0,1.0,2.0,0.0,0.0,0.0,0.0,0.0,0.0,4.0,1.0,58.0,1.0,1.0,0.0,0.0,1.0,0.0,0.0,0.0,3.0,0.0,2.0,2.0,3.0,0.0,0.0,0.0,3.0,6.0,0.0,1.0,3.0,4.0,0.03,0.0,1.0,1.0,0.0,1.0,0.0,0.0,1.0,2.0,4.0,0.0,0.03,0.0,0.0,0.0,0.0,0.0,0.0,0.0
5749655,2026-08-30T18:45:00.000Z,2,Serie A,Lazio,8543,Genoa,10233,1215057,Vítinha,Genoa,10233,False,6.47,63.0,0.01,0.04,0.0,0.0,0.0,0.0,9.0,14.0,0.0,2.0,0.0,0.0,0.0,0.0,0.0,0.0,6.0,0.0,26.0,2.0,2.0,0.0,1.0,4.0,1.0,0.0,0.0,0.0,2.0,1.0,1.0,1.0,0.0,0.0,0.0,4.0,5.0,0.0,0.0,4.0,1.0,0.03,0.0,1.0,0.0,0.0,0.0,1.0,0.0,0.0,0.0,0.0,0.0,0.03,0.0,1.0,0.0,0.0,0.0,0.0,0.0
5749655,2026-08-30T18:45:00.000Z,2,Serie A,Lazio,8543,Genoa,10233,1231904,Elias Havel,Genoa,10233,False,0.0,0.0,0.0,0.0,0.0,0.0,0.0,0.0,0.0,0.0,0.0,0.0,0.0,0.0,0.0,0.0,0.0,0.0,0.0,0.0,0.0,0.0,0.0,0.0,0.0,0.0,0.0,0.0,0.0,0.0,0.0,0.0,0.0,0.0,0.0,0.0,0.0,0.0,0.0,0.0,0.0,0.0,0.0,0.0,0.0,0.0,0.0,0.0,0.0,0.0,0.0,0.0,0.0,0.0,0.0,0.0,0.0,0.0,0.0,0.0,0.0,0.0,0.0
5749655,2026-08-30T18:45:00.000Z,2,Serie A,Lazio,8543,Genoa,10233,1282285,Tijjani Noslin,Lazio,8543,False,0.0,0.0,0.0,0.0,0.0,0.0,0.0,0.0,0.0,0.0,0.0,0.0,0.0,0.0,0.0,0.0,0.0,0.0,0.0,0.0,0.0,0.0,0.0,0.0,0.0,0.0,0.0,0.0,0.0,0.0,0.0,0.0,0.0,0.0,0.0,0.0,0.0,0.0,0.0,0.0,0.0,0.0,0.0,0.0,0.0,0.0,0.0,0.0,0.0,0.0,0.0,0.0,0.0,0.0,0.0,0.0,0.0,0.0,0.0,0.0,0.0,0.0,0.0
5749655,2026-08-30T18:45:00.000Z,2,Serie A,Lazio,8543,Genoa,10233,1307957,Romano Floriani Mussolini,Lazio,8543,False,7.13,80.0,0.02,0.02,0.0,0.0,0.0,0.0,43.0,49.0,0.0,1.0,0.0,0.0,0.0,0.0,0.0,0.0,3.0,3.0,66.0,7.0,1.0,3.0,2.0,7.0,1.0,0.0,0.0,0.0,1.0,0.0,0.0,0.0,1.0,3.0,2.0,3.0,8.0,1.0,1.0,4.0,5.0,0.0,0.0,0.0,0.0,0.0,0.0,0.0,0.0,0.0,0.0,1.0,0.0,0.0,0.0,0.0,0.0,0.0,0.0,0.0,0.0
5749655,2026-08-30T18:45:00.000Z,2,Serie A,Lazio,8543,Genoa,10233,1333331,Oliver Provstgaard,Lazio,8543,False,7.53,90.0,0.01,0.01,0.0,0.0,0.0,0.0,44.0,50.0,4.0,6.0,0.0,0.0,0.0,0.0,0.0,0.0,1.0,3.0,58.0,7.0,0.0,1.0,2.0,10.0,2.0,0.0,0.0,0.0,0.0,0.0,0.0,0.0,0.0,0.0,0.0,2.0,3.0,0.0,0.0,2.0,1.0,0.0,0.0,0.0,0.0,0.0,0.0,0.0,0.0,0.0,0.0,0.0,0.0,0.0,0.0,0.0,0.0,0.0,0.0,0.0,0.0
5749655,2026-08-30T18:45:00.000Z,2,Serie A,Lazio,8543,Genoa,10233,1388071,Reda Belahyane,Lazio,8543,False,6.66,53.0,0.06,0.06,0.0,0.0,0.0,0.0,27.0,28.0,2.0,3.0,0.0,0.0,0.0,0.0,0.0,0.0,5.0,0.0,39.0,3.0,0.0,1.0,2.0,1.0,1.0,0.0,0.0,1.0,0.0,0.0,1.0,1.0,0.0,0.0,0.0,2.0,5.0,1.0,3.0,3.0,5.0,0.0,0.0,0.0,0.0,0.0,0.0,0.0,0.0,0.0,0.0,0.0,0.0,0.0,0.0,0.0,0.0,0.0,0.0,0.0,0.0
5749655,2026-08-30T18:45:00.000Z,2,Serie A,Lazio,8543,Genoa,10233,1404077,Sebastian Otoa,Genoa,10233,False,0.0,0.0,0.0,0.0,0.0,0.0,0.0,0.0,0.0,0.0,0.0,0.0,0.0,0.0,0.0,0.0,0.0,0.0,0.0,0.0,0.0,0.0,0.0,0.0,0.0,0.0,0.0,0.0,0.0,0.0,0.0,0.0,0.0,0.0,0.0,0.0,0.0,0.0,0.0,0.0,0.0,0.0,0.0,0.0,0.0,0.0,0.0,0.0,0.0,0.0,0.0,0.0,0.0,0.0,0.0,0.0,0.0,0.0,0.0,0.0,0.0,0.0,0.0
5749655,2026-08-30T18:45:00.000Z,2,Serie A,Lazio,8543,Genoa,10233,1405996,David Puczka,Genoa,10233,False,0.0,0.0,0.0,0.0,0.0,0.0,0.0,0.0,0.0,0.0,0.0,0.0,0.0,0.0,0.0,0.0,0.0,0.0,0.0,0.0,0.0,0.0,0.0,0.0,0.0,0.0,0.0,0.0,0.0,0.0,0.0,0.0,0.0,0.0,0.0,0.0,0.0,0.0,0.0,0.0,0.0,0.0,0.0,0.0,0.0,0.0,0.0,0.0,0.0,0.0,0.0,0.0,0.0,0.0,0.0,0.0,0.0,0.0,0.0,0.0,0.0,0.0,0.0
5749655,2026-08-30T18:45:00.000Z,2,Serie A,Lazio,8543,Genoa,10233,1435833,Adrian Przyborek,Lazio,8543,False,0.0,0.0,0.0,0.0,0.0,0.0,0.0,0.0,0.0,0.0,0.0,0.0,0.0,0.0,0.0,0.0,0.0,0.0,0.0,0.0,0.0,0.0,0.0,0.0,0.0,0.0,0.0,0.0,0.0,0.0,0.0,0.0,0.0,0.0,0.0,0.0,0.0,0.0,0.0,0.0,0.0,0.0,0.0,0.0,0.0,0.0,0.0,0.0,0.0,0.0,0.0,0.0,0.0,0.0,0.0,0.0,0.0,0.0,0.0,0.0,0.0,0.0,0.0
5749655,2026-08-30T18:45:00.000Z,2,Serie A,Lazio,8543,Genoa,10233,1436436,Alessandro Marcandalli,Genoa,10233,False,6.42,90.0,0.0,0.0,0.0,0.0,0.0,0.0,46.0,52.0,1.0,1.0,0.0,0.0,0.0,0.0,0.0,0.0,3.0,4.0,65.0,6.0,1.0,0.0,2.0,4.0,0.0,0.0,0.0,0.0,0.0,0.0,1.0,1.0,0.0,2.0,0.0,3.0,5.0,0.0,0.0,3.0,2.0,0.0,0.0,0.0,0.0,0.0,0.0,0.0,0.0,0.0,0.0,1.0,0.0,0.0,0.0,0.0,0.0,0.0,0.0,0.0,0.0
5749655,2026-08-30T18:45:00.000Z,2,Serie A,Lazio,8543,Genoa,10233,1444195,Davide Renzetti,Lazio,8543,True,0.0,0.0,0.0,0.0,0.0,0.0,0.0,0.0,0.0,0.0,0.0,0.0,0.0,0.0,0.0,0.0,0.0,0.0,0.0,0.0,0.0,0.0,0.0,0.0,0.0,0.0,0.0,0.0,0.0,0.0,0.0,0.0,0.0,0.0,0.0,0.0,0.0,0.0,0.0,0.0,0.0,0.0,0.0,0.0,0.0,0.0,0.0,0.0,0.0,0.0,0.0,0.0,0.0,0.0,0.0,0.0,0.0,0.0,0.0,0.0,0.0,0.0,0.0
5749655,2026-08-30T18:45:00.000Z,2,Serie A,Lazio,8543,Genoa,10233,1469120,Amorim,Genoa,10233,False,5.95,12.0,0.03,0.03,0.0,0.0,0.0,0.0,10.0,10.0,1.0,1.0,0.0,0.0,0.0,0.0,0.0,0.0,0.0,0.0,15.0,0.0,1.0,0.0,0.0,3.0,0.0,0.0,0.0,0.0,0.0,0.0,0.0,1.0,0.0,0.0,0.0,1.0,2.0,0.0,0.0,1.0,1.0,0.0,0.0,0.0,0.0,0.0,0.0,0.0,0.0,0.0,0.0,1.0,1.0,0.0,0.0,0.0,0.0,0.0,0.0,0.0,0.0
5749655,2026-08-30T18:45:00.000Z,2,Serie A,Lazio,8543,Genoa,10233,1621082,Edoardo Motta,Lazio,8543,True,0.0,0.0,0.0,0.0,0.0,0.0,0.0,0.0,0.0,0.0,0.0,0.0,0.0,0.0,0.0,0.0,0.0,0.0,0.0,0.0,0.0,0.0,0.0,0.0,0.0,0.0,0.0,0.0,0.0,0.0,0.0,0.0,0.0,0.0,0.0,0.0,0.0,0.0,0.0,0.0,0.0,0.0,0.0,0.0,0.0,0.0,0.0,0.0,0.0,0.0,0.0,0.0,0.0,0.0,0.0,0.0,0.0,0.0,0.0,0.0,0.0,0.0,0.0
5749655,2026-08-30T18:45:00.000Z,2,Serie A,Lazio,8543,Genoa,10233,1677025,Franz-Ethan Meichtry,Genoa,10233,False,6.47,12.0,0.0,0.12,0.0,0.0,0.0,0.0,7.0,8.0,0.0,0.0,0.0,0.0,0.0,0.0,0.0,0.0,2.0,0.0,16.0,0.0,1.0,0.0,0.0,1.0,0.0,0.0,0.0,0.0,2.0,2.0,2.0,1.0,0.0,0.0,0.0,3.0,4.0,0.0,0.0,3.0,1.0,0.12,0.0,1.0,0.0,0.0,1.0,0.0,0.0,1.0,0.0,1.0,0.0,0.12,0.0,0.0,1.0,0.0,0.0,0.0,0.0
5749655,2026-08-30T18:45:00.000Z,2,Serie A,Lazio,8543,Genoa,10233,1711283,Federico Serra,Lazio,8543,False,0.0,0.0,0.0,0.0,0.0,0.0,0.0,0.0,0.0,0.0,0.0,0.0,0.0,0.0,0.0,0.0,0.0,0.0,0.0,0.0,0.0,0.0,0.0,0.0,0.0,0.0,0.0,0.0,0.0,0.0,0.0,0.0,0.0,0.0,0.0,0.0,0.0,0.0,0.0,0.0,0.0,0.0,0.0,0.0,0.0,0.0,0.0,0.0,0.0,0.0,0.0,0.0,0.0,0.0,0.0,0.0,0.0,0.0,0.0,0.0,0.0,0.0,0.0
5749655,2026-08-30T18:45:00.000Z,2,Serie A,Lazio,8543,Genoa,10233,1816668,Valerio Farcomeni,Lazio,8543,False,0.0,0.0,0.0,0.0,0.0,0.0,0.0,0.0,0.0,0.0,0.0,0.0,0.0,0.0,0.0,0.0,0.0,0.0,0.0,0.0,0.0,0.0,0.0,0.0,0.0,0.0,0.0,0.0,0.0,0.0,0.0,0.0,0.0,0.0,0.0,0.0,0.0,0.0,0.0,0.0,0.0,0.0,0.0,0.0,0.0,0.0,0.0,0.0,0.0,0.0,0.0,0.0,0.0,0.0,0.0,0.0,0.0,0.0,0.0,0.0,0.0,0.0,0.0
5749655,2026-08-30T18:45:00.000Z,2,Serie A,Lazio,8543,Genoa,10233,1902062,Samuel Wiafe,Genoa,10233,False,0.0,0.0,0.0,0.0,0.0,0.0,0.0,0.0,0.0,0.0,0.0,0.0,0.0,0.0,0.0,0.0,0.0,0.0,0.0,0.0,0.0,0.0,0.0,0.0,0.0,0.0,0.0,0.0,0.0,0.0,0.0,0.0,0.0,0.0,0.0,0.0,0.0,0.0,0.0,0.0,0.0,0.0,0.0,0.0,0.0,0.0,0.0,0.0,0.0,0.0,0.0,0.0,0.0,0.0,0.0,0.0,0.0,0.0,0.0,0.0,0.0,0.0,0.0
5749655,2026-08-30T18:45:00.000Z,2,Serie A,Lazio,8543,Genoa,10233,1910652,Mamedi Doucouré,Genoa,10233,False,0.0,0.0,0.0,0.0,0.0,0.0,0.0,0.0,0.0,0.0,0.0,0.0,0.0,0.0,0.0,0.0,0.0,0.0,0.0,0.0,0.0,0.0,0.0,0.0,0.0,0.0,0.0,0.0,0.0,0.0,0.0,0.0,0.0,0.0,0.0,0.0,0.0,0.0,0.0,0.0,0.0,0.0,0.0,0.0,0.0,0.0,0.0,0.0,0.0,0.0,0.0,0.0,0.0,0.0,0.0,0.0,0.0,0.0,0.0,0.0,0.0,0.0,0.0
5749655,2026-08-30T18:45:00.000Z,2,Serie A,Lazio,8543,Genoa,10233,2029779,Marcelo Vaz,Genoa,10233,False,0.0,0.0,0.0,0.0,0.0,0.0,0.0,0.0,0.0,0.0,0.0,0.0,0.0,0.0,0.0,0.0,0.0,0.0,0.0,0.0,0.0,0.0,0.0,0.0,0.0,0.0,0.0,0.0,0.0,0.0,0.0,0.0,0.0,0.0,0.0,0.0,0.0,0.0,0.0,0.0,0.0,0.0,0.0,0.0,0.0,0.0,0.0,0.0,0.0,0.0,0.0,0.0,0.0,0.0,0.0,0.0,0.0,0.0,0.0,0.0,0.0,0.0,0.0
5749655,2026-08-30T18:45:00.000Z,2,Serie A,Lazio,8543,Genoa,10233,2159101,Ricardo Bordon,Lazio,8543,False,0.0,0.0,0.0,0.0,0.0,0.0,0.0,0.0,0.0,0.0,0.0,0.0,0.0,0.0,0.0,0.0,0.0,0.0,0.0,0.0,0.0,0.0,0.0,0.0,0.0,0.0,0.0,0.0,0.0,0.0,0.0,0.0,0.0,0.0,0.0,0.0,0.0,0.0,0.0,0.0,0.0,0.0,0.0,0.0,0.0,0.0,0.0,0.0,0.0,0.0,0.0,0.0,0.0,0.0,0.0,0.0,0.0,0.0,0.0,0.0,0.0,0.0,0.0
5749656,2026-08-31T16:30:00.000Z,2,Serie A,Lecce,9888,Roma,8686,198559,Marten de Roon,Roma,8686,False,0.0,6.0,0.0,0.0,0.0,0.0,0.0,0.0,7.0,9.0,0.0,0.0,0.0,0.0,0.0,0.0,0.0,0.0,0.0,0.0,12.0,1.0,0.0,0.0,1.0,0.0,0.0,0.0,0.0,0.0,0.0,0.0,0.0,0.0,0.0,0.0,0.0,1.0,1.0,0.0,0.0,1.0,0.0,0.0,0.0,0.0,0.0,0.0,0.0,0.0,0.0,0.0,0.0,0.0,0.0,0.0,0.0,0.0,0.0,0.0,0.0,0.0,0.0
5749656,2026-08-31T16:30:00.000Z,2,Serie A,Lecce,9888,Roma,8686,299799,Bryan Cristante,Roma,8686,False,7.43,90.0,0.02,0.02,0.0,0.0,0.0,0.0,60.0,68.0,3.0,6.0,0.0,0.0,0.0,0.0,0.0,0.0,3.0,0.0,82.0,5.0,1.0,1.0,3.0,10.0,2.0,0.0,0.0,0.0,0.0,0.0,0.0,1.0,0.0,0.0,1.0,4.0,7.0,2.0,3.0,6.0,4.0,0.0,0.0,0.0,0.0,0.0,0.0,0.0,0.0,0.0,0.0,0.0,0.0,0.0,0.0,1.0,0.0,0.0,0.0,0.0,0.0
5749656,2026-08-31T16:30:00.000Z,2,Serie A,Lecce,9888,Roma,8686,325916,Paulo Dybala,Roma,8686,False,8.4,84.0,0.86,1.23,0.0,0.0,0.0,0.0,63.0,73.0,3.0,3.0,0.0,0.0,0.0,0.0,0.0,0.0,7.0,0.0,83.0,2.0,0.0,0.0,1.0,14.0,0.0,0.0,0.0,4.0,5.0,1.0,2.0,0.0,1.0,0.0,0.0,2.0,3.0,0.0,0.0,2.0,1.0,0.37,0.04,3.0,2.0,1.0,2.0,0.0,1.0,3.0,0.0,0.0,1.0,0.37,0.0,1.0,1.0,0.0,1.0,0.0,0.0
5749656,2026-08-31T16:30:00.000Z,2,Serie A,Lecce,9888,Roma,8686,362200,Wladimiro Falcone,Lecce,9888,True,5.9,90.0,0.0,0.0,4.0,4.0,3.79,-0.21,12.0,32.0,6.0,26.0,2.0,2.0,1.0,0.0,1.0,0.0,3.0,1.0,38.0,1.0,0.0,0.0,0.0,4.0,0.0,0.0,0.0,0.0,0.0,0.0,0.0,0.0,0.0,0.0,0.0,0.0,0.0,0.0,0.0,0.0,0.0,0.0,0.0,0.0,0.0,0.0,0.0,0.0,0.0,0.0,0.0,0.0,0.0,0.0,0.0,0.0,0.0,0.0,0.0,0.0,0.0
5749656,2026-08-31T16:30:00.000Z,2,Serie A,Lecce,9888,Roma,8686,506322,Marco Bleve,Lecce,9888,True,0.0,0.0,0.0,0.0,0.0,0.0,0.0,0.0,0.0,0.0,0.0,0.0,0.0,0.0,0.0,0.0,0.0,0.0,0.0,0.0,0.0,0.0,0.0,0.0,0.0,0.0,0.0,0.0,0.0,0.0,0.0,0.0,0.0,0.0,0.0,0.0,0.0,0.0,0.0,0.0,0.0,0.0,0.0,0.0,0.0,0.0,0.0,0.0,0.0,0.0,0.0,0.0,0.0,0.0,0.0,0.0,0.0,0.0,0.0,0.0,0.0,0.0,0.0
5749656,2026-08-31T16:30:00.000Z,2,Serie A,Lecce,9888,Roma,8686,553849,Pierluigi Gollini,Roma,8686,True,0.0,0.0,0.0,0.0,0.0,0.0,0.0,0.0,0.0,0.0,0.0,0.0,0.0,0.0,0.0,0.0,0.0,0.0,0.0,0.0,0.0,0.0,0.0,0.0,0.0,0.0,0.0,0.0,0.0,0.0,0.0,0.0,0.0,0.0,0.0,0.0,0.0,0.0,0.0,0.0,0.0,0.0,0.0,0.0,0.0,0.0,0.0,0.0,0.0,0.0,0.0,0.0,0.0,0.0,0.0,0.0,0.0,0.0,0.0,0.0,0.0,0.0,0.0
5749656,2026-08-31T16:30:00.000Z,2,Serie A,Lecce,9888,Roma,8686,588687,Gianluca Mancini,Roma,8686,False,8.11,90.0,0.57,0.57,0.0,0.0,0.0,0.0,64.0,67.0,2.0,4.0,0.0,0.0,0.0,0.0,0.0,0.0,7.0,1.0,79.0,5.0,2.0,1.0,2.0,3.0,2.0,0.0,1.0,1.0,1.0,0.0,0.0,1.0,0.0,0.0,0.0,4.0,6.0,0.0,1.0,4.0,3.0,0.0,0.0,0.0,1.0,0.0,0.0,0.0,0.0,0.0,0.0,0.0,0.0,0.0,0.0,0.0,0.0,0.0,0.0,0.0,0.0
5749656,2026-08-31T16:30:00.000Z,2,Serie A,Lecce,9888,Roma,8686,660301,Donyell Malen,Roma,8686,False,9.01,67.0,0.06,1.35,0.0,0.0,0.0,0.0,13.0,17.0,0.0,0.0,0.0,0.0,0.0,0.0,0.0,0.0,3.0,0.0,35.0,2.0,0.0,1.0,1.0,1.0,1.0,2.0,0.0,1.0,11.0,1.0,4.0,1.0,0.0,0.0,1.0,2.0,7.0,0.0,0.0,2.0,5.0,1.29,1.91,5.0,0.0,3.0,2.0,0.0,3.0,5.0,0.0,0.0,0.0,1.29,0.0,4.0,3.0,0.0,0.0,0.0,0.0
5749656,2026-08-31T16:30:00.000Z,2,Serie A,Lecce,9888,Roma,8686,664587,Lassana Coulibaly,Lecce,9888,False,6.05,90.0,0.0,0.0,0.0,0.0,0.0,0.0,34.0,40.0,1.0,3.0,0.0,0.0,0.0,0.0,0.0,0.0,5.0,0.0,46.0,0.0,2.0,0.0,0.0,4.0,0.0,0.0,0.0,1.0,2.0,0.0,1.0,0.0,0.0,0.0,0.0,2.0,3.0,0.0,0.0,2.0,1.0,0.0,0.0,0.0,0.0,0.0,0.0,0.0,0.0,0.0,0.0,0.0,0.0,0.0,0.0,0.0,0.0,0.0,0.0,0.0,0.0
5749656,2026-08-31T16:30:00.000Z,2,Serie A,Lecce,9888,Roma,8686,671203,Mario Hermoso,Roma,8686,False,8.37,90.0,0.04,0.04,0.0,0.0,0.0,0.0,84.0,92.0,4.0,7.0,0.0,0.0,0.0,0.0,0.0,0.0,11.0,3.0,112.0,13.0,1.0,0.0,6.0,12.0,4.0,0.0,0.0,0.0,0.0,0.0,0.0,1.0,0.0,1.0,1.0,7.0,9.0,1.0,1.0,8.0,2.0,0.0,0.0,0.0,0.0,0.0,0.0,0.0,0.0,0.0,0.0,0.0,0.0,0.0,0.0,0.0,0.0,0.0,0.0,0.0,0.0
5749656,2026-08-31T16:30:00.000Z,2,Serie A,Lecce,9888,Roma,8686,726345,Nahuel Molina,Roma,8686,False,6.67,30.0,0.04,0.04,0.0,0.0,0.0,0.0,21.0,25.0,1.0,1.0,0.0,0.0,0.0,0.0,0.0,0.0,1.0,0.0,31.0,2.0,0.0,0.0,2.0,0.0,0.0,0.0,0.0,0.0,0.0,1.0,1.0,0.0,0.0,0.0,1.0,3.0,4.0,0.0,0.0,3.0,1.0,0.0,0.0,0.0,0.0,0.0,0.0,0.0,0.0,0.0,0.0,1.0,0.0,0.0,0.0,0.0,0.0,0.0,0.0,0.0,0.0
5749656,2026-08-31T16:30:00.000Z,2,Serie A,Lecce,9888,Roma,8686,768474,Mile Svilar,Roma,8686,True,7.35,90.0,0.0,0.0,2.0,0.0,0.2,0.2,28.0,35.0,2.0,8.0,0.0,0.0,0.0,0.0,1.0,0.0,5.0,0.0,41.0,1.0,0.0,0.0,1.0,1.0,0.0,0.0,0.0,0.0,0.0,1.0,1.0,0.0,0.0,0.0,0.0,2.0,2.0,0.0,0.0,2.0,0.0,0.0,0.0,0.0,0.0,0.0,0.0,0.0,0.0,0.0,0.0,0.0,0.0,0.0,0.0,0.0,0.0,0.0,0.0,0.0,0.0
5749656,2026-08-31T16:30:00.000Z,2,Serie A,Lecce,9888,Roma,8686,789243,Youssef Maleh,Lecce,9888,False,5.99,45.0,0.03,0.07,0.0,0.0,0.0,0.0,21.0,25.0,0.0,2.0,0.0,0.0,0.0,0.0,0.0,0.0,3.0,1.0,32.0,1.0,0.0,0.0,0.0,2.0,0.0,0.0,0.0,0.0,0.0,0.0,1.0,1.0,0.0,1.0,0.0,0.0,2.0,0.0,2.0,0.0,4.0,0.04,0.0,1.0,0.0,0.0,1.0,0.0,0.0,1.0,1.0,1.0,1.0,0.04,0.0,0.0,0.0,0.0,0.0,0.0,0.0
5749656,2026-08-31T16:30:00.000Z,2,Serie A,Lecce,9888,Roma,8686,879065,Antonino Gallo,Lecce,9888,False,0.0,0.0,0.0,0.0,0.0,0.0,0.0,0.0,0.0,0.0,0.0,0.0,0.0,0.0,0.0,0.0,0.0,0.0,0.0,0.0,0.0,0.0,0.0,0.0,0.0,0.0,0.0,0.0,0.0,0.0,0.0,0.0,0.0,0.0,0.0,0.0,0.0,0.0,0.0,0.0,0.0,0.0,0.0,0.0,0.0,0.0,0.0,0.0,0.0,0.0,0.0,0.0,0.0,0.0,0.0,0.0,0.0,0.0,0.0,0.0,0.0,0.0,0.0
5749656,2026-08-31T16:30:00.000Z,2,Serie A,Lecce,9888,Roma,8686,883824,Willem Geubbels,Lecce,9888,False,5.58,54.0,0.0,0.43,0.0,0.0,0.0,0.0,7.0,9.0,0.0,0.0,0.0,0.0,0.0,0.0,0.0,0.0,0.0,0.0,21.0,0.0,0.0,1.0,0.0,0.0,0.0,0.0,0.0,0.0,1.0,0.0,2.0,2.0,0.0,0.0,2.0,0.0,7.0,1.0,1.0,1.0,7.0,0.43,0.15,2.0,0.0,1.0,1.0,0.0,1.0,2.0,0.0,0.0,0.0,0.43,0.0,0.0,1.0,0.0,0.0,0.0,0.0
5749656,2026-08-31T16:30:00.000Z,2,Serie A,Lecce,9888,Roma,8686,958464,Leonardo Balerdi,Roma,8686,False,0.0,0.0,0.0,0.0,0.0,0.0,0.0,0.0,0.0,0.0,0.0,0.0,0.0,0.0,0.0,0.0,0.0,0.0,0.0,0.0,0.0,0.0,0.0,0.0,0.0,0.0,0.0,0.0,0.0,0.0,0.0,0.0,0.0,0.0,0.0,0.0,0.0,0.0,0.0,0.0,0.0,0.0,0.0,0.0,0.0,0.0,0.0,0.0,0.0,0.0,0.0,0.0,0.0,0.0,0.0,0.0,0.0,0.0,0.0,0.0,0.0,0.0,0.0
5749656,2026-08-31T16:30:00.000Z,2,Serie A,Lecce,9888,Roma,8686,1016132,Manu Koné,Roma,8686,False,7.81,67.0,0.1,0.1,0.0,0.0,0.0,0.0,50.0,55.0,1.0,2.0,0.0,0.0,0.0,0.0,0.0,0.0,6.0,0.0,65.0,1.0,0.0,0.0,1.0,8.0,0.0,0.0,0.0,3.0,2.0,1.0,3.0,0.0,0.0,0.0,0.0,2.0,4.0,1.0,1.0,3.0,2.0,0.0,0.0,0.0,0.0,0.0,0.0,0.0,0.0,0.0,0.0,0.0,0.0,0.0,0.0,0.0,0.0,0.0,0.0,0.0,0.0
5749656,2026-08-31T16:30:00.000Z,2,Serie A,Lecce,9888,Roma,8686,1027594,Konan N’Dri,Lecce,9888,False,5.76,45.0,0.01,0.060000000000000005,0.0,0.0,0.0,0.0,5.0,11.0,0.0,0.0,0.0,0.0,0.0,0.0,0.0,0.0,3.0,0.0,26.0,1.0,0.0,1.0,1.0,1.0,0.0,0.0,0.0,0.0,3.0,2.0,4.0,3.0,0.0,0.0,0.0,3.0,9.0,0.0,1.0,3.0,7.0,0.05,0.0,2.0,0.0,0.0,2.0,0.0,0.0,2.0,0.0,2.0,0.0,0.05,0.0,0.0,0.0,0.0,0.0,0.0,0.0
5749656,2026-08-31T16:30:00.000Z,2,Serie A,Lecce,9888,Roma,8686,1036182,Ivan Ilic,Lecce,9888,False,6.12,18.0,0.06,0.06,0.0,0.0,0.0,0.0,18.0,18.0,0.0,0.0,0.0,0.0,0.0,0.0,0.0,0.0,3.0,0.0,22.0,0.0,0.0,1.0,0.0,3.0,0.0,0.0,0.0,1.0,0.0,0.0,1.0,1.0,0.0,0.0,0.0,0.0,3.0,0.0,0.0,0.0,3.0,0.0,0.0,0.0,0.0,0.0,0.0,0.0,0.0,0.0,0.0,0.0,0.0,0.0,0.0,0.0,0.0,0.0,0.0,0.0,0.0
5749656,2026-08-31T16:30:00.000Z,2,Serie A,Lecce,9888,Roma,8686,1039403,Santiago Pierotti,Lecce,9888,False,6.61,72.0,0.16,0.18,0.0,0.0,0.0,0.0,21.0,26.0,0.0,0.0,0.0,0.0,0.0,0.0,0.0,0.0,8.0,0.0,40.0,4.0,0.0,2.0,3.0,2.0,1.0,0.0,0.0,1.0,0.0,1.0,3.0,2.0,0.0,0.0,1.0,4.0,11.0,0.0,1.0,4.0,8.0,0.02,0.06,1.0,1.0,1.0,0.0,0.0,1.0,1.0,0.0,0.0,0.0,0.02,0.0,0.0,0.0,0.0,0.0,0.0,0.0
5749656,2026-08-31T16:30:00.000Z,2,Serie A,Lecce,9888,Roma,8686,1041508,Corrie Ndaba,Lecce,9888,False,5.75,90.0,0.0,0.0,0.0,0.0,0.0,0.0,26.0,30.0,0.0,2.0,0.0,0.0,0.0,0.0,0.0,0.0,5.0,3.0,47.0,4.0,0.0,0.0,1.0,4.0,0.0,0.0,0.0,0.0,0.0,0.0,0.0,1.0,0.0,0.0,1.0,1.0,3.0,0.0,0.0,1.0,2.0,0.0,0.0,0.0,0.0,0.0,0.0,0.0,0.0,0.0,0.0,0.0,0.0,0.0,0.0,0.0,0.0,0.0,0.0,0.0,0.0
5749656,2026-08-31T16:30:00.000Z,2,Serie A,Lecce,9888,Roma,8686,1178314,Nikola Stulic,Lecce,9888,False,5.97,36.0,0.0,0.0,0.0,0.0,0.0,0.0,10.0,11.0,0.0,0.0,0.0,0.0,0.0,0.0,0.0,0.0,2.0,0.0,14.0,0.0,1.0,1.0,0.0,0.0,0.0,0.0,0.0,0.0,1.0,0.0,0.0,0.0,0.0,0.0,0.0,1.0,2.0,0.0,2.0,1.0,3.0,0.0,0.0,0.0,0.0,0.0,0.0,0.0,0.0,0.0,0.0,0.0,0.0,0.0,0.0,0.0,0.0,0.0,0.0,0.0,0.0
5749656,2026-08-31T16:30:00.000Z,2,Serie A,Lecce,9888,Roma,8686,1185260,Jamil Siebert,Lecce,9888,False,5.67,90.0,0.0,0.0,0.0,0.0,0.0,0.0,22.0,30.0,0.0,3.0,0.0,0.0,0.0,0.0,0.0,0.0,2.0,4.0,44.0,7.0,0.0,1.0,2.0,3.0,1.0,0.0,0.0,0.0,0.0,2.0,2.0,0.0,0.0,0.0,1.0,4.0,6.0,0.0,0.0,4.0,2.0,0.0,0.0,0.0,0.0,0.0,0.0,0.0,0.0,0.0,0.0,0.0,0.0,0.0,0.0,0.0,0.0,0.0,0.0,0.0,0.0
5749656,2026-08-31T16:30:00.000Z,2,Serie A,Lecce,9888,Roma,8686,1202114,Omri Gandelman,Lecce,9888,False,0.0,0.0,0.0,0.0,0.0,0.0,0.0,0.0,0.0,0.0,0.0,0.0,0.0,0.0,0.0,0.0,0.0,0.0,0.0,0.0,0.0,0.0,0.0,0.0,0.0,0.0,0.0,0.0,0.0,0.0,0.0,0.0,0.0,0.0,0.0,0.0,0.0,0.0,0.0,0.0,0.0,0.0,0.0,0.0,0.0,0.0,0.0,0.0,0.0,0.0,0.0,0.0,0.0,0.0,0.0,0.0,0.0,0.0,0.0,0.0,0.0,0.0,0.0
5749656,2026-08-31T16:30:00.000Z,2,Serie A,Lecce,9888,Roma,8686,1206806,Kialonda Gaspar,Lecce,9888,False,5.0,90.0,0.01,0.27,0.0,0.0,0.0,0.0,38.0,45.0,0.0,4.0,0.0,0.0,0.0,0.0,0.0,0.0,4.0,7.0,65.0,13.0,3.0,0.0,5.0,2.0,1.0,0.0,0.0,0.0,1.0,0.0,0.0,0.0,0.0,4.0,0.0,8.0,8.0,1.0,1.0,9.0,0.0,0.26,0.0,1.0,0.0,1.0,0.0,0.0,1.0,1.0,0.0,0.0,0.0,0.26,1.0,0.0,1.0,0.0,0.0,0.0,0.0
5749656,2026-08-31T16:30:00.000Z,2,Serie A,Lecce,9888,Roma,8686,1280082,Matias Soulé,Roma,8686,False,8.5,60.0,0.06,0.9099999999999999,0.0,0.0,0.0,0.0,34.0,41.0,0.0,1.0,0.0,0.0,0.0,0.0,0.0,0.0,6.0,0.0,55.0,1.0,1.0,0.0,0.0,3.0,1.0,1.0,0.0,1.0,6.0,1.0,2.0,0.0,0.0,0.0,1.0,2.0,4.0,0.0,0.0,2.0,2.0,0.85,0.9,4.0,0.0,3.0,1.0,0.0,3.0,4.0,0.0,1.0,0.0,0.85,0.0,1.0,0.0,0.0,0.0,0.0,0.0
5749656,2026-08-31T16:30:00.000Z,2,Serie A,Lecce,9888,Roma,8686,1282008,Santiago Castro,Roma,8686,False,6.01,23.0,0.01,0.060000000000000005,0.0,0.0,0.0,0.0,3.0,3.0,0.0,0.0,0.0,0.0,0.0,0.0,0.0,0.0,1.0,0.0,9.0,1.0,0.0,3.0,1.0,0.0,0.0,0.0,0.0,0.0,2.0,0.0,0.0,0.0,0.0,0.0,0.0,1.0,4.0,0.0,0.0,1.0,3.0,0.05,0.0,1.0,0.0,0.0,1.0,0.0,0.0,1.0,0.0,0.0,0.0,0.05,0.0,0.0,0.0,0.0,0.0,0.0,0.0
5749656,2026-08-31T16:30:00.000Z,2,Serie A,Lecce,9888,Roma,8686,1285732,Sadik Fofana,Lecce,9888,False,0.0,0.0,0.0,0.0,0.0,0.0,0.0,0.0,0.0,0.0,0.0,0.0,0.0,0.0,0.0,0.0,0.0,0.0,0.0,0.0,0.0,0.0,0.0,0.0,0.0,0.0,0.0,0.0,0.0,0.0,0.0,0.0,0.0,0.0,0.0,0.0,0.0,0.0,0.0,0.0,0.0,0.0,0.0,0.0,0.0,0.0,0.0,0.0,0.0,0.0,0.0,0.0,0.0,0.0,0.0,0.0,0.0,0.0,0.0,0.0,0.0,0.0,0.0
5749656,2026-08-31T16:30:00.000Z,2,Serie A,Lecce,9888,Roma,8686,1306664,Danilo Veiga,Lecce,9888,False,5.25,90.0,0.01,0.01,0.0,0.0,0.0,0.0,28.0,35.0,0.0,4.0,0.0,0.0,0.0,0.0,0.0,0.0,5.0,0.0,63.0,3.0,0.0,1.0,1.0,4.0,2.0,0.0,0.0,0.0,0.0,0.0,2.0,3.0,0.0,0.0,4.0,1.0,11.0,0.0,0.0,1.0,10.0,0.0,0.0,0.0,0.0,0.0,0.0,0.0,0.0,0.0,0.0,2.0,0.0,0.0,0.0,0.0,0.0,0.0,0.0,0.0,0.0
5749656,2026-08-31T16:30:00.000Z,2,Serie A,Lecce,9888,Roma,8686,1311977,Amar Fatah,Lecce,9888,False,6.48,18.0,0.02,0.02,0.0,0.0,0.0,0.0,2.0,3.0,0.0,0.0,0.0,0.0,0.0,0.0,0.0,0.0,0.0,0.0,18.0,0.0,1.0,1.0,0.0,0.0,0.0,0.0,0.0,1.0,5.0,5.0,7.0,2.0,0.0,0.0,0.0,6.0,11.0,0.0,0.0,6.0,5.0,0.0,0.0,0.0,0.0,0.0,0.0,0.0,0.0,0.0,0.0,1.0,0.0,0.0,0.0,0.0,0.0,0.0,0.0,0.0,0.0
5749656,2026-08-31T16:30:00.000Z,2,Serie A,Lecce,9888,Roma,8686,1320176,Wesley,Roma,8686,False,8.02,60.0,0.49,0.52,0.0,0.0,0.0,0.0,31.0,38.0,0.0,1.0,0.0,0.0,0.0,0.0,0.0,0.0,6.0,0.0,60.0,4.0,2.0,1.0,4.0,3.0,0.0,0.0,1.0,1.0,2.0,1.0,2.0,1.0,0.0,0.0,0.0,7.0,10.0,0.0,0.0,7.0,3.0,0.03,0.0,1.0,1.0,0.0,1.0,0.0,0.0,1.0,0.0,1.0,0.0,0.03,0.0,0.0,0.0,0.0,0.0,0.0,0.0
5749656,2026-08-31T16:30:00.000Z,2,Serie A,Lecce,9888,Roma,8686,1332538,Oumar Ngom,Lecce,9888,False,6.26,72.0,0.01,0.01,0.0,0.0,0.0,0.0,31.0,36.0,0.0,0.0,0.0,0.0,0.0,0.0,0.0,0.0,6.0,1.0,46.0,3.0,0.0,0.0,1.0,6.0,1.0,0.0,0.0,0.0,0.0,0.0,0.0,2.0,0.0,0.0,1.0,1.0,4.0,0.0,0.0,1.0,3.0,0.0,0.0,0.0,0.0,0.0,0.0,0.0,0.0,0.0,0.0,0.0,0.0,0.0,0.0,0.0,0.0,0.0,0.0,0.0,0.0
5749656,2026-08-31T16:30:00.000Z,2,Serie A,Lecce,9888,Roma,8686,1337884,Konstantinos Koulierakis,Roma,8686,False,0.0,0.0,0.0,0.0,0.0,0.0,0.0,0.0,0.0,0.0,0.0,0.0,0.0,0.0,0.0,0.0,0.0,0.0,0.0,0.0,0.0,0.0,0.0,0.0,0.0,0.0,0.0,0.0,0.0,0.0,0.0,0.0,0.0,0.0,0.0,0.0,0.0,0.0,0.0,0.0,0.0,0.0,0.0,0.0,0.0,0.0,0.0,0.0,0.0,0.0,0.0,0.0,0.0,0.0,0.0,0.0,0.0,0.0,0.0,0.0,0.0,0.0,0.0
5749656,2026-08-31T16:30:00.000Z,2,Serie A,Lecce,9888,Roma,8686,1386006,Daniele Ghilardi,Roma,8686,False,7.92,90.0,0.02,0.02,0.0,0.0,0.0,0.0,55.0,61.0,3.0,4.0,0.0,0.0,0.0,0.0,0.0,0.0,2.0,3.0,80.0,8.0,1.0,1.0,5.0,8.0,0.0,0.0,0.0,0.0,2.0,2.0,3.0,0.0,0.0,2.0,3.0,8.0,13.0,4.0,6.0,12.0,7.0,0.0,0.0,0.0,0.0,0.0,0.0,0.0,0.0,0.0,0.0,1.0,0.0,0.0,0.0,0.0,0.0,0.0,0.0,0.0,0.0
5749656,2026-08-31T16:30:00.000Z,2,Serie A,Lecce,9888,Roma,8686,1395728,Medon Berisha,Lecce,9888,False,0.0,0.0,0.0,0.0,0.0,0.0,0.0,0.0,0.0,0.0,0.0,0.0,0.0,0.0,0.0,0.0,0.0,0.0,0.0,0.0,0.0,0.0,0.0,0.0,0.0,0.0,0.0,0.0,0.0,0.0,0.0,0.0,0.0,0.0,0.0,0.0,0.0,0.0,0.0,0.0,0.0,0.0,0.0,0.0,0.0,0.0,0.0,0.0,0.0,0.0,0.0,0.0,0.0,0.0,0.0,0.0,0.0,0.0,0.0,0.0,0.0,0.0,0.0
5749656,2026-08-31T16:30:00.000Z,2,Serie A,Lecce,9888,Roma,8686,1414124,Olaf Gorter,Lecce,9888,False,5.33,45.0,0.06,0.06,0.0,0.0,0.0,0.0,8.0,12.0,0.0,0.0,0.0,0.0,0.0,0.0,0.0,0.0,0.0,1.0,18.0,1.0,0.0,0.0,0.0,1.0,0.0,0.0,0.0,1.0,0.0,0.0,1.0,2.0,0.0,0.0,0.0,0.0,3.0,1.0,3.0,1.0,5.0,0.0,0.0,0.0,0.0,0.0,0.0,0.0,0.0,0.0,1.0,1.0,1.0,0.0,0.0,0.0,0.0,0.0,0.0,0.0,0.0
5749656,2026-08-31T16:30:00.000Z,2,Serie A,Lecce,9888,Roma,8686,1417101,Paco Esteban,Lecce,9888,False,0.0,0.0,0.0,0.0,0.0,0.0,0.0,0.0,0.0,0.0,0.0,0.0,0.0,0.0,0.0,0.0,0.0,0.0,0.0,0.0,0.0,0.0,0.0,0.0,0.0,0.0,0.0,0.0,0.0,0.0,0.0,0.0,0.0,0.0,0.0,0.0,0.0,0.0,0.0,0.0,0.0,0.0,0.0,0.0,0.0,0.0,0.0,0.0,0.0,0.0,0.0,0.0,0.0,0.0,0.0,0.0,0.0,0.0,0.0,0.0,0.0,0.0,0.0
5749656,2026-08-31T16:30:00.000Z,2,Serie A,Lecce,9888,Roma,8686,1429871,Ali Dembélé,Lecce,9888,False,0.0,0.0,0.0,0.0,0.0,0.0,0.0,0.0,0.0,0.0,0.0,0.0,0.0,0.0,0.0,0.0,0.0,0.0,0.0,0.0,0.0,0.0,0.0,0.0,0.0,0.0,0.0,0.0,0.0,0.0,0.0,0.0,0.0,0.0,0.0,0.0,0.0,0.0,0.0,0.0,0.0,0.0,0.0,0.0,0.0,0.0,0.0,0.0,0.0,0.0,0.0,0.0,0.0,0.0,0.0,0.0,0.0,0.0,0.0,0.0,0.0,0.0,0.0
5749656,2026-08-31T16:30:00.000Z,2,Serie A,Lecce,9888,Roma,8686,1451196,Niccolò Pisilli,Roma,8686,False,6.37,23.0,0.0,0.0,0.0,0.0,0.0,0.0,23.0,24.0,0.0,0.0,0.0,0.0,0.0,0.0,0.0,0.0,2.0,0.0,28.0,2.0,0.0,0.0,1.0,2.0,1.0,0.0,0.0,0.0,0.0,0.0,0.0,0.0,0.0,0.0,1.0,1.0,2.0,0.0,0.0,1.0,1.0,0.0,0.0,0.0,0.0,0.0,0.0,0.0,0.0,0.0,0.0,0.0,0.0,0.0,0.0,0.0,0.0,0.0,0.0,0.0,0.0
5749656,2026-08-31T16:30:00.000Z,2,Serie A,Lecce,9888,Roma,8686,1525065,Rodrigo Mora,Roma,8686,False,7.89,30.0,0.09,0.77,0.0,0.0,0.0,0.0,17.0,21.0,1.0,1.0,0.0,0.0,0.0,0.0,0.0,0.0,3.0,0.0,27.0,2.0,1.0,0.0,2.0,1.0,0.0,1.0,0.0,1.0,3.0,1.0,1.0,0.0,0.0,0.0,1.0,4.0,5.0,0.0,0.0,4.0,1.0,0.68,0.95,1.0,1.0,1.0,0.0,0.0,1.0,1.0,0.0,0.0,0.0,0.68,0.0,1.0,0.0,0.0,0.0,0.0,0.0
5749656,2026-08-31T16:30:00.000Z,2,Serie A,Lecce,9888,Roma,8686,1574492,Tiago Gabriel,Lecce,9888,False,5.79,45.0,0.0,0.0,0.0,0.0,0.0,0.0,11.0,12.0,0.0,0.0,0.0,0.0,0.0,0.0,0.0,0.0,0.0,3.0,19.0,7.0,0.0,0.0,2.0,0.0,2.0,0.0,0.0,0.0,0.0,0.0,0.0,0.0,0.0,1.0,1.0,2.0,3.0,1.0,1.0,3.0,1.0,0.0,0.0,0.0,0.0,0.0,0.0,0.0,0.0,0.0,0.0,0.0,0.0,0.0,0.0,0.0,0.0,0.0,0.0,0.0,0.0
5749656,2026-08-31T16:30:00.000Z,2,Serie A,Lecce,9888,Roma,8686,1666063,Hjalte Laerke,Lecce,9888,False,0.0,0.0,0.0,0.0,0.0,0.0,0.0,0.0,0.0,0.0,0.0,0.0,0.0,0.0,0.0,0.0,0.0,0.0,0.0,0.0,0.0,0.0,0.0,0.0,0.0,0.0,0.0,0.0,0.0,0.0,0.0,0.0,0.0,0.0,0.0,0.0,0.0,0.0,0.0,0.0,0.0,0.0,0.0,0.0,0.0,0.0,0.0,0.0,0.0,0.0,0.0,0.0,0.0,0.0,0.0,0.0,0.0,0.0,0.0,0.0,0.0,0.0,0.0
5749656,2026-08-31T16:30:00.000Z,2,Serie A,Lecce,9888,Roma,8686,1666206,Elijah Scott,Lecce,9888,False,0.0,0.0,0.0,0.0,0.0,0.0,0.0,0.0,0.0,0.0,0.0,0.0,0.0,0.0,0.0,0.0,0.0,0.0,0.0,0.0,0.0,0.0,0.0,0.0,0.0,0.0,0.0,0.0,0.0,0.0,0.0,0.0,0.0,0.0,0.0,0.0,0.0,0.0,0.0,0.0,0.0,0.0,0.0,0.0,0.0,0.0,0.0,0.0,0.0,0.0,0.0,0.0,0.0,0.0,0.0,0.0,0.0,0.0,0.0,0.0,0.0,0.0,0.0
5749656,2026-08-31T16:30:00.000Z,2,Serie A,Lecce,9888,Roma,8686,1667016,Giorgio De Marzi,Roma,8686,True,0.0,0.0,0.0,0.0,0.0,0.0,0.0,0.0,0.0,0.0,0.0,0.0,0.0,0.0,0.0,0.0,0.0,0.0,0.0,0.0,0.0,0.0,0.0,0.0,0.0,0.0,0.0,0.0,0.0,0.0,0.0,0.0,0.0,0.0,0.0,0.0,0.0,0.0,0.0,0.0,0.0,0.0,0.0,0.0,0.0,0.0,0.0,0.0,0.0,0.0,0.0,0.0,0.0,0.0,0.0,0.0,0.0,0.0,0.0,0.0,0.0,0.0,0.0
5749656,2026-08-31T16:30:00.000Z,2,Serie A,Lecce,9888,Roma,8686,1800491,Emanuele Lulli,Roma,8686,False,8.09,90.0,0.35,0.35,0.0,0.0,0.0,0.0,44.0,48.0,0.0,1.0,0.0,0.0,0.0,0.0,0.0,0.0,9.0,0.0,63.0,4.0,0.0,0.0,2.0,3.0,2.0,0.0,0.0,2.0,6.0,1.0,3.0,0.0,0.0,0.0,0.0,3.0,5.0,0.0,0.0,3.0,2.0,0.0,0.0,0.0,1.0,0.0,0.0,0.0,0.0,0.0,0.0,2.0,0.0,0.0,0.0,1.0,0.0,0.0,0.0,0.0,0.0
5749656,2026-08-31T16:30:00.000Z,2,Serie A,Lecce,9888,Roma,8686,1879688,Plamen Penev,Lecce,9888,True,0.0,0.0,0.0,0.0,0.0,0.0,0.0,0.0,0.0,0.0,0.0,0.0,0.0,0.0,0.0,0.0,0.0,0.0,0.0,0.0,0.0,0.0,0.0,0.0,0.0,0.0,0.0,0.0,0.0,0.0,0.0,0.0,0.0,0.0,0.0,0.0,0.0,0.0,0.0,0.0,0.0,0.0,0.0,0.0,0.0,0.0,0.0,0.0,0.0,0.0,0.0,0.0,0.0,0.0,0.0,0.0,0.0,0.0,0.0,0.0,0.0,0.0,0.0
5749657,2026-08-29T16:30:00.000Z,2,Serie A,Monza,6504,Udinese,8600,42692,Daniele Padelli,Udinese,8600,True,0.0,0.0,0.0,0.0,0.0,0.0,0.0,0.0,0.0,0.0,0.0,0.0,0.0,0.0,0.0,0.0,0.0,0.0,0.0,0.0,0.0,0.0,0.0,0.0,0.0,0.0,0.0,0.0,0.0,0.0,0.0,0.0,0.0,0.0,0.0,0.0,0.0,0.0,0.0,0.0,0.0,0.0,0.0,0.0,0.0,0.0,0.0,0.0,0.0,0.0,0.0,0.0,0.0,0.0,0.0,0.0,0.0,0.0,0.0,0.0,0.0,0.0,0.0
5749657,2026-08-29T16:30:00.000Z,2,Serie A,Monza,6504,Udinese,8600,322003,Jesper Karlström,Udinese,8600,False,6.69,90.0,0.09,0.09,0.0,0.0,0.0,0.0,32.0,36.0,0.0,4.0,0.0,0.0,0.0,0.0,0.0,0.0,4.0,1.0,49.0,1.0,1.0,0.0,0.0,5.0,0.0,0.0,0.0,0.0,1.0,0.0,1.0,0.0,0.0,0.0,1.0,1.0,3.0,0.0,0.0,1.0,2.0,0.0,0.0,0.0,0.0,0.0,0.0,0.0,0.0,0.0,0.0,4.0,1.0,0.0,0.0,0.0,0.0,0.0,0.0,0.0,0.0
5749657,2026-08-29T16:30:00.000Z,2,Serie A,Monza,6504,Udinese,8600,488415,Hassane Kamara,Udinese,8600,False,8.78,90.0,0.02,0.04,0.0,0.0,0.0,0.0,26.0,31.0,1.0,2.0,0.0,0.0,0.0,0.0,0.0,0.0,4.0,6.0,56.0,8.0,0.0,1.0,2.0,7.0,0.0,1.0,1.0,1.0,1.0,1.0,1.0,0.0,0.0,2.0,0.0,3.0,4.0,0.0,1.0,3.0,2.0,0.02,0.11,1.0,0.0,1.0,0.0,0.0,1.0,1.0,0.0,3.0,0.0,0.02,0.0,0.0,0.0,0.0,0.0,0.0,0.0
5749657,2026-08-29T16:30:00.000Z,2,Serie A,Monza,6504,Udinese,8600,557346,Sandi Lovric,Udinese,8600,False,0.0,0.0,0.0,0.0,0.0,0.0,0.0,0.0,0.0,0.0,0.0,0.0,0.0,0.0,0.0,0.0,0.0,0.0,0.0,0.0,0.0,0.0,0.0,0.0,0.0,0.0,0.0,0.0,0.0,0.0,0.0,0.0,0.0,0.0,0.0,0.0,0.0,0.0,0.0,0.0,0.0,0.0,0.0,0.0,0.0,0.0,0.0,0.0,0.0,0.0,0.0,0.0,0.0,0.0,0.0,0.0,0.0,0.0,0.0,0.0,0.0,0.0,0.0
5749657,2026-08-29T16:30:00.000Z,2,Serie A,Monza,6504,Udinese,8600,560945,Mërgim Vojvoda,Udinese,8600,False,7.48,85.0,0.27,0.27,0.0,0.0,0.0,0.0,43.0,53.0,2.0,7.0,0.0,0.0,0.0,0.0,0.0,0.0,7.0,3.0,70.0,4.0,0.0,0.0,1.0,10.0,0.0,0.0,0.0,2.0,0.0,0.0,1.0,0.0,0.0,2.0,0.0,1.0,2.0,0.0,0.0,1.0,1.0,0.0,0.0,0.0,0.0,0.0,0.0,0.0,0.0,0.0,0.0,2.0,0.0,0.0,0.0,0.0,0.0,0.0,0.0,0.0,0.0
5749657,2026-08-29T16:30:00.000Z,2,Serie A,Monza,6504,Udinese,8600,639671,Patrick Cutrone,Monza,6504,False,7.29,90.0,0.1,0.54,0.0,0.0,0.0,0.0,15.0,17.0,0.0,0.0,0.0,0.0,0.0,0.0,0.0,0.0,5.0,1.0,36.0,3.0,3.0,2.0,2.0,2.0,0.0,0.0,0.0,2.0,4.0,1.0,1.0,0.0,0.0,1.0,0.0,6.0,8.0,1.0,1.0,7.0,2.0,0.44,0.0,2.0,0.0,0.0,1.0,1.0,0.0,1.0,0.0,4.0,0.0,0.44,0.0,0.0,1.0,0.0,0.0,0.0,0.0
5749657,2026-08-29T16:30:00.000Z,2,Serie A,Monza,6504,Udinese,8600,644738,Vakoun Issouf Bayo,Udinese,8600,False,0.0,0.0,0.0,0.0,0.0,0.0,0.0,0.0,0.0,0.0,0.0,0.0,0.0,0.0,0.0,0.0,0.0,0.0,0.0,0.0,0.0,0.0,0.0,0.0,0.0,0.0,0.0,0.0,0.0,0.0,0.0,0.0,0.0,0.0,0.0,0.0,0.0,0.0,0.0,0.0,0.0,0.0,0.0,0.0,0.0,0.0,0.0,0.0,0.0,0.0,0.0,0.0,0.0,0.0,0.0,0.0,0.0,0.0,0.0,0.0,0.0,0.0,0.0
5749657,2026-08-29T16:30:00.000Z,2,Serie A,Monza,6504,Udinese,8600,689987,Jakub Piotrowski,Udinese,8600,False,8.3,60.0,0.02,0.45,0.0,0.0,0.0,0.0,27.0,32.0,2.0,2.0,0.0,0.0,0.0,0.0,0.0,0.0,4.0,2.0,45.0,6.0,0.0,1.0,3.0,4.0,0.0,1.0,0.0,1.0,3.0,1.0,1.0,0.0,1.0,1.0,0.0,4.0,4.0,1.0,1.0,5.0,0.0,0.43,0.86,3.0,0.0,1.0,1.0,1.0,1.0,2.0,0.0,0.0,0.0,0.43,0.0,0.0,0.0,0.0,0.0,0.0,0.0
5749657,2026-08-29T16:30:00.000Z,2,Serie A,Monza,6504,Udinese,8600,724368,Keinan Davis,Udinese,8600,False,6.84,68.0,0.08,0.14,0.0,0.0,0.0,0.0,16.0,20.0,0.0,0.0,0.0,0.0,0.0,0.0,0.0,0.0,0.0,0.0,30.0,0.0,0.0,0.0,0.0,1.0,0.0,0.0,0.0,2.0,4.0,1.0,1.0,1.0,0.0,0.0,0.0,1.0,2.0,3.0,6.0,4.0,4.0,0.06,0.0,2.0,0.0,0.0,1.0,1.0,0.0,1.0,0.0,0.0,0.0,0.06,0.0,1.0,0.0,0.0,0.0,0.0,0.0
5749657,2026-08-29T16:30:00.000Z,2,Serie A,Monza,6504,Udinese,8600,737339,Dany Mota,Monza,6504,False,0.0,6.0,0.01,0.03,0.0,0.0,0.0,0.0,4.0,4.0,0.0,0.0,0.0,0.0,0.0,0.0,0.0,0.0,0.0,0.0,5.0,0.0,0.0,0.0,0.0,1.0,0.0,0.0,0.0,1.0,1.0,0.0,0.0,0.0,0.0,0.0,0.0,0.0,0.0,0.0,0.0,0.0,0.0,0.02,0.0,1.0,0.0,0.0,1.0,0.0,0.0,1.0,0.0,0.0,0.0,0.02,0.0,0.0,0.0,0.0,0.0,0.0,0.0
5749657,2026-08-29T16:30:00.000Z,2,Serie A,Monza,6504,Udinese,8600,769167,Enzo Ebosse,Udinese,8600,False,6.56,68.0,0.01,0.01,0.0,0.0,0.0,0.0,44.0,48.0,4.0,7.0,0.0,0.0,0.0,0.0,0.0,0.0,3.0,5.0,59.0,6.0,0.0,1.0,1.0,5.0,0.0,0.0,0.0,1.0,1.0,0.0,1.0,0.0,0.0,3.0,0.0,1.0,3.0,1.0,1.0,2.0,2.0,0.0,0.0,0.0,0.0,0.0,0.0,0.0,0.0,0.0,0.0,0.0,0.0,0.0,0.0,0.0,0.0,0.0,0.0,0.0,0.0
5749657,2026-08-29T16:30:00.000Z,2,Serie A,Monza,6504,Udinese,8600,770994,Bartosz Mrozek,Udinese,8600,True,0.0,0.0,0.0,0.0,0.0,0.0,0.0,0.0,0.0,0.0,0.0,0.0,0.0,0.0,0.0,0.0,0.0,0.0,0.0,0.0,0.0,0.0,0.0,0.0,0.0,0.0,0.0,0.0,0.0,0.0,0.0,0.0,0.0,0.0,0.0,0.0,0.0,0.0,0.0,0.0,0.0,0.0,0.0,0.0,0.0,0.0,0.0,0.0,0.0,0.0,0.0,0.0,0.0,0.0,0.0,0.0,0.0,0.0,0.0,0.0,0.0,0.0,0.0
5749657,2026-08-29T16:30:00.000Z,2,Serie A,Monza,6504,Udinese,8600,799497,Samuele Birindelli,Monza,6504,False,6.47,84.0,0.01,0.05,0.0,0.0,0.0,0.0,18.0,25.0,3.0,6.0,0.0,0.0,0.0,0.0,0.0,0.0,7.0,4.0,51.0,6.0,0.0,0.0,1.0,7.0,1.0,0.0,0.0,0.0,3.0,0.0,2.0,0.0,0.0,1.0,1.0,1.0,4.0,0.0,0.0,1.0,3.0,0.04,0.11,1.0,0.0,1.0,0.0,0.0,1.0,1.0,0.0,4.0,0.0,0.04,0.0,1.0,0.0,0.0,0.0,0.0,0.0
5749657,2026-08-29T16:30:00.000Z,2,Serie A,Monza,6504,Udinese,8600,814284,Filippo Delli Carri,Monza,6504,False,6.5,29.0,0.0,0.0,0.0,0.0,0.0,0.0,25.0,27.0,0.0,1.0,0.0,0.0,0.0,0.0,0.0,0.0,3.0,5.0,33.0,5.0,0.0,2.0,0.0,4.0,0.0,0.0,0.0,0.0,0.0,0.0,0.0,0.0,0.0,5.0,0.0,0.0,2.0,3.0,4.0,3.0,3.0,0.0,0.0,0.0,0.0,0.0,0.0,0.0,0.0,0.0,0.0,0.0,0.0,0.0,0.0,0.0,0.0,0.0,0.0,0.0,0.0
5749657,2026-08-29T16:30:00.000Z,2,Serie A,Monza,6504,Udinese,8600,822440,Michael Folorunsho,Monza,6504,False,6.88,36.0,0.03,0.09,0.0,0.0,0.0,0.0,23.0,28.0,0.0,4.0,0.0,0.0,0.0,0.0,0.0,0.0,6.0,0.0,40.0,2.0,4.0,1.0,1.0,4.0,1.0,0.0,0.0,1.0,1.0,0.0,0.0,0.0,0.0,0.0,0.0,5.0,6.0,0.0,1.0,5.0,2.0,0.06,0.0,2.0,0.0,0.0,1.0,1.0,0.0,1.0,1.0,1.0,0.0,0.06,0.0,0.0,0.0,0.0,0.0,0.0,0.0
5749657,2026-08-29T16:30:00.000Z,2,Serie A,Monza,6504,Udinese,8600,824655,Ricardo Mangas,Monza,6504,False,7.45,90.0,0.21,0.21,0.0,0.0,0.0,0.0,24.0,35.0,2.0,3.0,0.0,0.0,0.0,0.0,0.0,0.0,2.0,1.0,64.0,3.0,1.0,1.0,0.0,6.0,2.0,0.0,1.0,4.0,1.0,0.0,3.0,0.0,0.0,1.0,0.0,1.0,5.0,1.0,1.0,2.0,4.0,0.0,0.0,0.0,1.0,0.0,0.0,0.0,0.0,0.0,3.0,7.0,0.0,0.0,0.0,1.0,0.0,0.0,0.0,0.0,0.0
5749657,2026-08-29T16:30:00.000Z,2,Serie A,Monza,6504,Udinese,8600,866708,Oumar Solet,Udinese,8600,False,7.48,90.0,0.01,0.01,0.0,0.0,0.0,0.0,46.0,50.0,4.0,5.0,0.0,0.0,0.0,0.0,0.0,0.0,5.0,6.0,66.0,11.0,1.0,0.0,1.0,2.0,4.0,0.0,0.0,1.0,0.0,1.0,1.0,1.0,0.0,3.0,0.0,3.0,4.0,2.0,4.0,5.0,3.0,0.0,0.0,0.0,0.0,0.0,0.0,0.0,0.0,0.0,0.0,0.0,0.0,0.0,0.0,0.0,0.0,0.0,0.0,0.0,0.0
5749657,2026-08-29T16:30:00.000Z,2,Serie A,Monza,6504,Udinese,8600,899649,Valentin Antov,Monza,6504,False,0.0,0.0,0.0,0.0,0.0,0.0,0.0,0.0,0.0,0.0,0.0,0.0,0.0,0.0,0.0,0.0,0.0,0.0,0.0,0.0,0.0,0.0,0.0,0.0,0.0,0.0,0.0,0.0,0.0,0.0,0.0,0.0,0.0,0.0,0.0,0.0,0.0,0.0,0.0,0.0,0.0,0.0,0.0,0.0,0.0,0.0,0.0,0.0,0.0,0.0,0.0,0.0,0.0,0.0,0.0,0.0,0.0,0.0,0.0,0.0,0.0,0.0,0.0
5749657,2026-08-29T16:30:00.000Z,2,Serie A,Monza,6504,Udinese,8600,934156,Jurgen Ekkelenkamp,Udinese,8600,False,7.85,90.0,0.02,0.25,0.0,0.0,0.0,0.0,22.0,27.0,3.0,4.0,0.0,0.0,0.0,0.0,0.0,0.0,4.0,1.0,48.0,1.0,2.0,1.0,0.0,1.0,0.0,1.0,0.0,0.0,7.0,0.0,1.0,1.0,0.0,0.0,1.0,2.0,6.0,1.0,2.0,3.0,5.0,0.23,0.82,3.0,0.0,2.0,0.0,1.0,2.0,2.0,0.0,0.0,0.0,0.23,0.0,0.0,0.0,0.0,0.0,0.0,0.0
5749657,2026-08-29T16:30:00.000Z,2,Serie A,Monza,6504,Udinese,8600,937462,Andrea Colpani,Monza,6504,False,7.63,84.0,0.11,0.53,0.0,0.0,0.0,0.0,15.0,17.0,0.0,2.0,0.0,0.0,0.0,0.0,0.0,0.0,3.0,1.0,30.0,1.0,1.0,0.0,0.0,2.0,0.0,1.0,0.0,2.0,2.0,0.0,0.0,1.0,0.0,1.0,0.0,1.0,2.0,0.0,0.0,1.0,1.0,0.42,0.24,2.0,0.0,1.0,1.0,0.0,1.0,2.0,1.0,3.0,3.0,0.42,0.0,0.0,0.0,0.0,0.0,0.0,0.0
5749657,2026-08-29T16:30:00.000Z,2,Serie A,Monza,6504,Udinese,8600,955947,Demba Thiam,Monza,6504,True,4.53,90.0,0.01,0.01,2.0,3.0,1.82,-1.18,21.0,30.0,4.0,13.0,0.0,2.0,1.0,0.0,6.0,1.0,11.0,2.0,41.0,2.0,0.0,0.0,0.0,11.0,0.0,0.0,0.0,0.0,0.0,0.0,0.0,0.0,0.0,0.0,0.0,0.0,0.0,0.0,0.0,0.0,0.0,0.0,0.0,0.0,0.0,0.0,0.0,0.0,0.0,0.0,0.0,0.0,0.0,0.0,1.0,0.0,0.0,0.0,0.0,0.0,0.0
5749657,2026-08-29T16:30:00.000Z,2,Serie A,Monza,6504,Udinese,8600,1091193,Maduka Okoye,Udinese,8600,True,7.29,90.0,0.0,0.0,3.0,2.0,1.78,-0.22,25.0,43.0,12.0,30.0,3.0,3.0,1.0,0.0,5.0,1.0,12.0,2.0,56.0,2.0,1.0,0.0,0.0,12.0,0.0,0.0,0.0,0.0,0.0,0.0,0.0,0.0,0.0,0.0,0.0,1.0,1.0,0.0,0.0,1.0,0.0,0.0,0.0,0.0,0.0,0.0,0.0,0.0,0.0,0.0,0.0,0.0,0.0,0.0,0.0,0.0,0.0,0.0,0.0,0.0,0.0
5749657,2026-08-29T16:30:00.000Z,2,Serie A,Monza,6504,Udinese,8600,1106916,Oier Zarraga,Udinese,8600,False,6.31,30.0,0.01,0.01,0.0,0.0,0.0,0.0,6.0,7.0,0.0,0.0,0.0,0.0,0.0,0.0,0.0,0.0,1.0,0.0,11.0,0.0,1.0,0.0,0.0,0.0,0.0,0.0,0.0,0.0,1.0,0.0,0.0,0.0,0.0,0.0,0.0,1.0,1.0,0.0,0.0,1.0,0.0,0.0,0.0,0.0,0.0,0.0,0.0,0.0,0.0,0.0,0.0,0.0,0.0,0.0,0.0,0.0,0.0,0.0,0.0,0.0,0.0
5749657,2026-08-29T16:30:00.000Z,2,Serie A,Monza,6504,Udinese,8600,1123969,Andrea Carboni,Monza,6504,False,5.88,90.0,0.02,0.42000000000000004,0.0,0.0,0.0,0.0,43.0,55.0,3.0,8.0,0.0,0.0,0.0,0.0,0.0,0.0,1.0,3.0,72.0,6.0,0.0,1.0,2.0,8.0,1.0,0.0,0.0,0.0,3.0,0.0,0.0,0.0,0.0,1.0,0.0,2.0,3.0,6.0,13.0,8.0,8.0,0.4,0.51,2.0,0.0,1.0,1.0,0.0,1.0,2.0,0.0,2.0,0.0,0.4,0.0,1.0,0.0,0.0,0.0,0.0,0.0
5749657,2026-08-29T16:30:00.000Z,2,Serie A,Monza,6504,Udinese,8600,1146636,Edoardo Piana,Udinese,8600,True,0.0,0.0,0.0,0.0,0.0,0.0,0.0,0.0,0.0,0.0,0.0,0.0,0.0,0.0,0.0,0.0,0.0,0.0,0.0,0.0,0.0,0.0,0.0,0.0,0.0,0.0,0.0,0.0,0.0,0.0,0.0,0.0,0.0,0.0,0.0,0.0,0.0,0.0,0.0,0.0,0.0,0.0,0.0,0.0,0.0,0.0,0.0,0.0,0.0,0.0,0.0,0.0,0.0,0.0,0.0,0.0,0.0,0.0,0.0,0.0,0.0,0.0,0.0
5749657,2026-08-29T16:30:00.000Z,2,Serie A,Monza,6504,Udinese,8600,1190023,Omari Forson,Monza,6504,False,0.0,6.0,0.03,0.03,0.0,0.0,0.0,0.0,7.0,7.0,1.0,1.0,0.0,0.0,0.0,0.0,0.0,0.0,0.0,0.0,11.0,0.0,0.0,0.0,0.0,0.0,0.0,0.0,0.0,1.0,0.0,0.0,0.0,0.0,0.0,0.0,0.0,0.0,0.0,1.0,1.0,1.0,0.0,0.0,0.0,0.0,0.0,0.0,0.0,0.0,0.0,0.0,1.0,3.0,0.0,0.0,0.0,0.0,0.0,0.0,0.0,0.0,0.0
5749657,2026-08-29T16:30:00.000Z,2,Serie A,Monza,6504,Udinese,8600,1258292,Nicolò Bertola,Udinese,8600,False,6.19,22.0,0.0,0.0,0.0,0.0,0.0,0.0,4.0,6.0,0.0,1.0,0.0,0.0,0.0,0.0,0.0,0.0,0.0,2.0,8.0,2.0,0.0,0.0,0.0,1.0,0.0,0.0,0.0,0.0,0.0,0.0,0.0,0.0,0.0,0.0,0.0,0.0,0.0,0.0,0.0,0.0,0.0,0.0,0.0,0.0,0.0,0.0,0.0,0.0,0.0,0.0,0.0,0.0,0.0,0.0,0.0,0.0,0.0,0.0,0.0,0.0,0.0
5749657,2026-08-29T16:30:00.000Z,2,Serie A,Monza,6504,Udinese,8600,1269329,James Abankwah,Udinese,8600,False,6.15,90.0,0.0,0.0,0.0,0.0,0.0,0.0,25.0,30.0,1.0,3.0,0.0,0.0,0.0,0.0,0.0,0.0,4.0,6.0,51.0,10.0,1.0,3.0,1.0,2.0,1.0,0.0,0.0,0.0,0.0,0.0,0.0,3.0,2.0,2.0,1.0,2.0,9.0,1.0,2.0,3.0,8.0,0.0,0.0,0.0,0.0,0.0,0.0,0.0,0.0,0.0,0.0,0.0,0.0,0.0,0.0,0.0,0.0,0.0,0.0,0.0,0.0
5749657,2026-08-29T16:30:00.000Z,2,Serie A,Monza,6504,Udinese,8600,1399969,Lennon Miller,Udinese,8600,False,6.12,30.0,0.0,0.0,0.0,0.0,0.0,0.0,5.0,8.0,0.0,1.0,0.0,0.0,0.0,0.0,0.0,0.0,0.0,3.0,14.0,4.0,0.0,4.0,0.0,1.0,1.0,0.0,0.0,0.0,0.0,0.0,0.0,0.0,0.0,0.0,0.0,0.0,4.0,0.0,0.0,0.0,4.0,0.0,0.0,0.0,0.0,0.0,0.0,0.0,0.0,0.0,0.0,0.0,0.0,0.0,0.0,0.0,0.0,0.0,0.0,0.0,0.0
5749657,2026-08-29T16:30:00.000Z,2,Serie A,Monza,6504,Udinese,8600,1415623,Leonardo Colombo,Monza,6504,False,0.0,0.0,0.0,0.0,0.0,0.0,0.0,0.0,0.0,0.0,0.0,0.0,0.0,0.0,0.0,0.0,0.0,0.0,0.0,0.0,0.0,0.0,0.0,0.0,0.0,0.0,0.0,0.0,0.0,0.0,0.0,0.0,0.0,0.0,0.0,0.0,0.0,0.0,0.0,0.0,0.0,0.0,0.0,0.0,0.0,0.0,0.0,0.0,0.0,0.0,0.0,0.0,0.0,0.0,0.0,0.0,0.0,0.0,0.0,0.0,0.0,0.0,0.0
5749657,2026-08-29T16:30:00.000Z,2,Serie A,Monza,6504,Udinese,8600,1425693,Adam Bakoune,Monza,6504,False,0.0,0.0,0.0,0.0,0.0,0.0,0.0,0.0,0.0,0.0,0.0,0.0,0.0,0.0,0.0,0.0,0.0,0.0,0.0,0.0,0.0,0.0,0.0,0.0,0.0,0.0,0.0,0.0,0.0,0.0,0.0,0.0,0.0,0.0,0.0,0.0,0.0,0.0,0.0,0.0,0.0,0.0,0.0,0.0,0.0,0.0,0.0,0.0,0.0,0.0,0.0,0.0,0.0,0.0,0.0,0.0,0.0,0.0,0.0,0.0,0.0,0.0,0.0
5749657,2026-08-29T16:30:00.000Z,2,Serie A,Monza,6504,Udinese,8600,1436270,Unai Gómez,Udinese,8600,False,6.9,60.0,0.1,0.30000000000000004,0.0,0.0,0.0,0.0,11.0,18.0,0.0,0.0,0.0,0.0,0.0,0.0,0.0,0.0,1.0,0.0,30.0,1.0,1.0,1.0,1.0,2.0,0.0,0.0,0.0,1.0,2.0,1.0,1.0,1.0,0.0,0.0,0.0,3.0,5.0,2.0,4.0,5.0,4.0,0.2,0.04,2.0,0.0,1.0,0.0,1.0,1.0,1.0,1.0,2.0,2.0,0.2,0.0,0.0,0.0,0.0,0.0,0.0,0.0
5749657,2026-08-29T16:30:00.000Z,2,Serie A,Monza,6504,Udinese,8600,1450999,Juan Arizala,Udinese,8600,False,0.0,5.0,0.0,0.0,0.0,0.0,0.0,0.0,1.0,1.0,0.0,0.0,0.0,0.0,0.0,0.0,0.0,0.0,1.0,2.0,3.0,2.0,0.0,0.0,0.0,0.0,0.0,0.0,0.0,0.0,0.0,0.0,0.0,0.0,0.0,1.0,0.0,0.0,0.0,0.0,0.0,0.0,0.0,0.0,0.0,0.0,0.0,0.0,0.0,0.0,0.0,0.0,0.0,0.0,0.0,0.0,0.0,0.0,0.0,0.0,0.0,0.0,0.0
5749657,2026-08-29T16:30:00.000Z,2,Serie A,Monza,6504,Udinese,8600,1453338,Jay Robinson,Monza,6504,False,0.0,0.0,0.0,0.0,0.0,0.0,0.0,0.0,0.0,0.0,0.0,0.0,0.0,0.0,0.0,0.0,0.0,0.0,0.0,0.0,0.0,0.0,0.0,0.0,0.0,0.0,0.0,0.0,0.0,0.0,0.0,0.0,0.0,0.0,0.0,0.0,0.0,0.0,0.0,0.0,0.0,0.0,0.0,0.0,0.0,0.0,0.0,0.0,0.0,0.0,0.0,0.0,0.0,0.0,0.0,0.0,0.0,0.0,0.0,0.0,0.0,0.0,0.0
5749657,2026-08-29T16:30:00.000Z,2,Serie A,Monza,6504,Udinese,8600,1480713,David Pejicic,Udinese,8600,False,0.0,0.0,0.0,0.0,0.0,0.0,0.0,0.0,0.0,0.0,0.0,0.0,0.0,0.0,0.0,0.0,0.0,0.0,0.0,0.0,0.0,0.0,0.0,0.0,0.0,0.0,0.0,0.0,0.0,0.0,0.0,0.0,0.0,0.0,0.0,0.0,0.0,0.0,0.0,0.0,0.0,0.0,0.0,0.0,0.0,0.0,0.0,0.0,0.0,0.0,0.0,0.0,0.0,0.0,0.0,0.0,0.0,0.0,0.0,0.0,0.0,0.0,0.0
5749657,2026-08-29T16:30:00.000Z,2,Serie A,Monza,6504,Udinese,8600,1481909,Ebenezer Akinsanmiro,Monza,6504,False,7.34,36.0,0.21,0.21,0.0,0.0,0.0,0.0,31.0,32.0,0.0,1.0,0.0,0.0,0.0,0.0,0.0,0.0,2.0,0.0,36.0,1.0,1.0,1.0,0.0,5.0,1.0,0.0,1.0,1.0,1.0,0.0,0.0,0.0,0.0,0.0,0.0,1.0,2.0,0.0,0.0,1.0,1.0,0.0,0.0,0.0,1.0,0.0,0.0,0.0,0.0,0.0,1.0,1.0,0.0,0.0,0.0,0.0,0.0,0.0,0.0,0.0,0.0
5749657,2026-08-29T16:30:00.000Z,2,Serie A,Monza,6504,Udinese,8600,1507697,Saba Goglichidze,Udinese,8600,False,0.0,0.0,0.0,0.0,0.0,0.0,0.0,0.0,0.0,0.0,0.0,0.0,0.0,0.0,0.0,0.0,0.0,0.0,0.0,0.0,0.0,0.0,0.0,0.0,0.0,0.0,0.0,0.0,0.0,0.0,0.0,0.0,0.0,0.0,0.0,0.0,0.0,0.0,0.0,0.0,0.0,0.0,0.0,0.0,0.0,0.0,0.0,0.0,0.0,0.0,0.0,0.0,0.0,0.0,0.0,0.0,0.0,0.0,0.0,0.0,0.0,0.0,0.0
5749657,2026-08-29T16:30:00.000Z,2,Serie A,Monza,6504,Udinese,8600,1524139,Lorenzo Lucchesi,Monza,6504,False,5.49,61.0,0.0,0.0,0.0,0.0,0.0,0.0,29.0,29.0,1.0,1.0,0.0,0.0,0.0,0.0,0.0,0.0,1.0,3.0,41.0,9.0,0.0,1.0,0.0,1.0,3.0,0.0,0.0,0.0,0.0,0.0,0.0,0.0,3.0,1.0,2.0,0.0,3.0,1.0,3.0,1.0,5.0,0.0,0.0,0.0,0.0,0.0,0.0,0.0,0.0,0.0,0.0,0.0,0.0,0.0,0.0,0.0,0.0,0.0,0.0,0.0,0.0
5749657,2026-08-29T16:30:00.000Z,2,Serie A,Monza,6504,Udinese,8600,1532261,Idrissa Gueye,Udinese,8600,False,6.14,22.0,0.0,0.05,0.0,0.0,0.0,0.0,2.0,8.0,0.0,0.0,0.0,0.0,0.0,0.0,0.0,0.0,0.0,1.0,17.0,1.0,2.0,0.0,0.0,2.0,0.0,0.0,0.0,0.0,1.0,0.0,0.0,1.0,0.0,0.0,0.0,2.0,3.0,4.0,8.0,6.0,5.0,0.05,0.0,1.0,0.0,0.0,1.0,0.0,0.0,1.0,0.0,0.0,0.0,0.05,0.0,0.0,0.0,0.0,0.0,0.0,0.0
5749657,2026-08-29T16:30:00.000Z,2,Serie A,Monza,6504,Udinese,8600,1577900,Foe Ondoa,Monza,6504,False,6.23,54.0,0.02,0.08,0.0,0.0,0.0,0.0,18.0,18.0,1.0,1.0,0.0,0.0,0.0,0.0,0.0,0.0,3.0,0.0,32.0,2.0,0.0,0.0,2.0,2.0,0.0,0.0,0.0,1.0,3.0,1.0,1.0,3.0,0.0,0.0,0.0,3.0,6.0,0.0,1.0,3.0,4.0,0.06,0.23,2.0,0.0,1.0,0.0,1.0,1.0,1.0,0.0,0.0,0.0,0.06,0.0,0.0,0.0,0.0,0.0,0.0,0.0
5749657,2026-08-29T16:30:00.000Z,2,Serie A,Monza,6504,Udinese,8600,1585676,Gustavo Varela,Monza,6504,False,7.16,90.0,0.02,0.30000000000000004,0.0,0.0,0.0,0.0,10.0,15.0,0.0,0.0,0.0,0.0,0.0,0.0,0.0,0.0,0.0,2.0,28.0,2.0,0.0,1.0,0.0,2.0,0.0,1.0,0.0,0.0,5.0,0.0,1.0,0.0,0.0,0.0,1.0,0.0,3.0,1.0,3.0,1.0,5.0,0.28,0.7,3.0,0.0,1.0,1.0,1.0,1.0,2.0,0.0,0.0,0.0,0.28,0.0,1.0,0.0,0.0,0.0,0.0,0.0
5749657,2026-08-29T16:30:00.000Z,2,Serie A,Monza,6504,Udinese,8600,1676901,Eddy Kouadio,Monza,6504,False,6.04,90.0,0.49,0.49,0.0,0.0,0.0,0.0,42.0,51.0,1.0,5.0,0.0,0.0,0.0,0.0,0.0,0.0,3.0,3.0,60.0,6.0,0.0,0.0,1.0,3.0,2.0,0.0,0.0,1.0,1.0,0.0,0.0,0.0,0.0,1.0,0.0,1.0,1.0,0.0,1.0,1.0,1.0,0.0,0.0,0.0,1.0,0.0,0.0,0.0,0.0,0.0,0.0,1.0,0.0,0.0,0.0,0.0,0.0,0.0,0.0,0.0,0.0
5749657,2026-08-29T16:30:00.000Z,2,Serie A,Monza,6504,Udinese,8600,1804416,Aljaz Strajnar,Monza,6504,True,0.0,0.0,0.0,0.0,0.0,0.0,0.0,0.0,0.0,0.0,0.0,0.0,0.0,0.0,0.0,0.0,0.0,0.0,0.0,0.0,0.0,0.0,0.0,0.0,0.0,0.0,0.0,0.0,0.0,0.0,0.0,0.0,0.0,0.0,0.0,0.0,0.0,0.0,0.0,0.0,0.0,0.0,0.0,0.0,0.0,0.0,0.0,0.0,0.0,0.0,0.0,0.0,0.0,0.0,0.0,0.0,0.0,0.0,0.0,0.0,0.0,0.0,0.0
5749657,2026-08-29T16:30:00.000Z,2,Serie A,Monza,6504,Udinese,8600,1805112,Giulio Vinciati,Udinese,8600,False,0.0,0.0,0.0,0.0,0.0,0.0,0.0,0.0,0.0,0.0,0.0,0.0,0.0,0.0,0.0,0.0,0.0,0.0,0.0,0.0,0.0,0.0,0.0,0.0,0.0,0.0,0.0,0.0,0.0,0.0,0.0,0.0,0.0,0.0,0.0,0.0,0.0,0.0,0.0,0.0,0.0,0.0,0.0,0.0,0.0,0.0,0.0,0.0,0.0,0.0,0.0,0.0,0.0,0.0,0.0,0.0,0.0,0.0,0.0,0.0,0.0,0.0,0.0
5749657,2026-08-29T16:30:00.000Z,2,Serie A,Monza,6504,Udinese,8600,1830551,Yvan Kouadio Maye,Monza,6504,False,0.0,0.0,0.0,0.0,0.0,0.0,0.0,0.0,0.0,0.0,0.0,0.0,0.0,0.0,0.0,0.0,0.0,0.0,0.0,0.0,0.0,0.0,0.0,0.0,0.0,0.0,0.0,0.0,0.0,0.0,0.0,0.0,0.0,0.0,0.0,0.0,0.0,0.0,0.0,0.0,0.0,0.0,0.0,0.0,0.0,0.0,0.0,0.0,0.0,0.0,0.0,0.0,0.0,0.0,0.0,0.0,0.0,0.0,0.0,0.0,0.0,0.0,0.0
5749657,2026-08-29T16:30:00.000Z,2,Serie A,Monza,6504,Udinese,8600,1879542,Mathis Mout,Monza,6504,False,5.61,54.0,0.01,0.01,0.0,0.0,0.0,0.0,21.0,30.0,2.0,9.0,0.0,0.0,0.0,0.0,0.0,0.0,5.0,0.0,44.0,5.0,1.0,0.0,3.0,9.0,1.0,0.0,0.0,0.0,0.0,1.0,1.0,0.0,1.0,0.0,1.0,5.0,6.0,0.0,0.0,5.0,1.0,0.0,0.0,0.0,0.0,0.0,0.0,0.0,0.0,0.0,0.0,1.0,0.0,0.0,1.0,0.0,0.0,0.0,0.0,0.0,0.0
5749657,2026-08-29T16:30:00.000Z,2,Serie A,Monza,6504,Udinese,8600,2155256,Aleksandr Ballabio,Monza,6504,True,0.0,0.0,0.0,0.0,0.0,0.0,0.0,0.0,0.0,0.0,0.0,0.0,0.0,0.0,0.0,0.0,0.0,0.0,0.0,0.0,0.0,0.0,0.0,0.0,0.0,0.0,0.0,0.0,0.0,0.0,0.0,0.0,0.0,0.0,0.0,0.0,0.0,0.0,0.0,0.0,0.0,0.0,0.0,0.0,0.0,0.0,0.0,0.0,0.0,0.0,0.0,0.0,0.0,0.0,0.0,0.0,0.0,0.0,0.0,0.0,0.0,0.0,0.0
5749658,2026-08-30T16:30:00.000Z,2,Serie A,Napoli,9875,Como,10171,111741,Mauro Vigorito,Como,10171,True,0.0,0.0,0.0,0.0,0.0,0.0,0.0,0.0,0.0,0.0,0.0,0.0,0.0,0.0,0.0,0.0,0.0,0.0,0.0,0.0,0.0,0.0,0.0,0.0,0.0,0.0,0.0,0.0,0.0,0.0,0.0,0.0,0.0,0.0,0.0,0.0,0.0,0.0,0.0,0.0,0.0,0.0,0.0,0.0,0.0,0.0,0.0,0.0,0.0,0.0,0.0,0.0,0.0,0.0,0.0,0.0,0.0,0.0,0.0,0.0,0.0,0.0,0.0
5749658,2026-08-30T16:30:00.000Z,2,Serie A,Napoli,9875,Como,10171,169200,Kevin De Bruyne,Napoli,9875,False,6.89,34.0,0.28,0.30000000000000004,0.0,0.0,0.0,0.0,18.0,25.0,1.0,3.0,0.0,0.0,0.0,0.0,0.0,0.0,1.0,0.0,34.0,1.0,0.0,1.0,1.0,7.0,0.0,0.0,0.0,4.0,3.0,0.0,0.0,0.0,0.0,0.0,0.0,1.0,2.0,0.0,0.0,1.0,1.0,0.02,0.0,1.0,0.0,0.0,1.0,0.0,0.0,1.0,3.0,3.0,2.0,0.02,0.0,0.0,0.0,0.0,0.0,0.0,0.0
5749658,2026-08-30T16:30:00.000Z,2,Serie A,Napoli,9875,Como,10171,215242,Leonardo Spinazzola,Napoli,9875,False,6.09,34.0,0.15,0.15,0.0,0.0,0.0,0.0,25.0,31.0,2.0,2.0,0.0,0.0,0.0,0.0,0.0,0.0,2.0,0.0,39.0,1.0,0.0,0.0,0.0,5.0,0.0,0.0,0.0,0.0,3.0,0.0,2.0,0.0,1.0,0.0,1.0,0.0,3.0,0.0,0.0,0.0,3.0,0.0,0.0,0.0,0.0,0.0,0.0,0.0,0.0,0.0,0.0,0.0,0.0,0.0,0.0,0.0,0.0,0.0,0.0,0.0,0.0
5749658,2026-08-30T16:30:00.000Z,2,Serie A,Napoli,9875,Como,10171,308517,Stanislav Lobotka,Napoli,9875,False,6.35,90.0,0.04,0.04,0.0,0.0,0.0,0.0,47.0,52.0,1.0,2.0,0.0,0.0,0.0,0.0,0.0,0.0,3.0,1.0,63.0,2.0,2.0,0.0,0.0,2.0,1.0,0.0,0.0,0.0,2.0,1.0,1.0,1.0,0.0,0.0,2.0,3.0,6.0,0.0,2.0,3.0,5.0,0.0,0.0,0.0,0.0,0.0,0.0,0.0,0.0,0.0,0.0,1.0,0.0,0.0,0.0,0.0,0.0,0.0,0.0,0.0,0.0
5749658,2026-08-30T16:30:00.000Z,2,Serie A,Napoli,9875,Como,10171,355356,Marc-Oliver Kempf,Como,10171,False,6.34,25.0,0.0,0.0,0.0,0.0,0.0,0.0,4.0,6.0,0.0,1.0,0.0,0.0,0.0,0.0,0.0,0.0,0.0,2.0,9.0,2.0,1.0,0.0,0.0,0.0,0.0,0.0,0.0,0.0,0.0,0.0,0.0,0.0,0.0,1.0,0.0,0.0,0.0,2.0,2.0,2.0,0.0,0.0,0.0,0.0,0.0,0.0,0.0,0.0,0.0,0.0,0.0,0.0,0.0,0.0,0.0,0.0,0.0,0.0,0.0,0.0,0.0
5749658,2026-08-30T16:30:00.000Z,2,Serie A,Napoli,9875,Como,10171,362121,Edoardo Goldaniga,Como,10171,False,0.0,0.0,0.0,0.0,0.0,0.0,0.0,0.0,0.0,0.0,0.0,0.0,0.0,0.0,0.0,0.0,0.0,0.0,0.0,0.0,0.0,0.0,0.0,0.0,0.0,0.0,0.0,0.0,0.0,0.0,0.0,0.0,0.0,0.0,0.0,0.0,0.0,0.0,0.0,0.0,0.0,0.0,0.0,0.0,0.0,0.0,0.0,0.0,0.0,0.0,0.0,0.0,0.0,0.0,0.0,0.0,0.0,0.0,0.0,0.0,0.0,0.0,0.0
5749658,2026-08-30T16:30:00.000Z,2,Serie A,Napoli,9875,Como,10171,414906,Giovanni Di Lorenzo,Napoli,9875,False,6.3,90.0,0.03,0.04,0.0,0.0,0.0,0.0,39.0,44.0,1.0,3.0,0.0,0.0,0.0,0.0,0.0,0.0,3.0,0.0,57.0,3.0,0.0,1.0,2.0,7.0,0.0,0.0,0.0,0.0,3.0,0.0,1.0,0.0,1.0,0.0,0.0,2.0,4.0,2.0,2.0,4.0,2.0,0.01,0.0,1.0,0.0,0.0,0.0,1.0,0.0,0.0,0.0,2.0,0.0,0.01,0.0,2.0,0.0,0.0,0.0,0.0,0.0
5749658,2026-08-30T16:30:00.000Z,2,Serie A,Napoli,9875,Como,10171,415539,Matteo Politano,Napoli,9875,False,7.1,90.0,0.21,0.21,0.0,0.0,0.0,0.0,24.0,26.0,3.0,3.0,0.0,0.0,0.0,0.0,0.0,0.0,1.0,1.0,43.0,3.0,0.0,0.0,1.0,3.0,1.0,0.0,0.0,2.0,0.0,1.0,1.0,0.0,0.0,0.0,0.0,2.0,2.0,1.0,1.0,3.0,0.0,0.0,0.0,0.0,1.0,0.0,0.0,0.0,0.0,0.0,2.0,6.0,0.0,0.0,0.0,1.0,0.0,0.0,0.0,0.0,0.0
5749658,2026-08-30T16:30:00.000Z,2,Serie A,Napoli,9875,Como,10171,517068,Nikita Contini,Napoli,9875,True,0.0,0.0,0.0,0.0,0.0,0.0,0.0,0.0,0.0,0.0,0.0,0.0,0.0,0.0,0.0,0.0,0.0,0.0,0.0,0.0,0.0,0.0,0.0,0.0,0.0,0.0,0.0,0.0,0.0,0.0,0.0,0.0,0.0,0.0,0.0,0.0,0.0,0.0,0.0,0.0,0.0,0.0,0.0,0.0,0.0,0.0,0.0,0.0,0.0,0.0,0.0,0.0,0.0,0.0,0.0,0.0,0.0,0.0,0.0,0.0,0.0,0.0,0.0
5749658,2026-08-30T16:30:00.000Z,2,Serie A,Napoli,9875,Como,10171,543021,Vanja Milinkovic-Savic,Napoli,9875,True,0.0,0.0,0.0,0.0,0.0,0.0,0.0,0.0,0.0,0.0,0.0,0.0,0.0,0.0,0.0,0.0,0.0,0.0,0.0,0.0,0.0,0.0,0.0,0.0,0.0,0.0,0.0,0.0,0.0,0.0,0.0,0.0,0.0,0.0,0.0,0.0,0.0,0.0,0.0,0.0,0.0,0.0,0.0,0.0,0.0,0.0,0.0,0.0,0.0,0.0,0.0,0.0,0.0,0.0,0.0,0.0,0.0,0.0,0.0,0.0,0.0,0.0,0.0
5749658,2026-08-30T16:30:00.000Z,2,Serie A,Napoli,9875,Como,10171,544693,Amir Rrahmani,Napoli,9875,False,6.33,90.0,0.03,0.03,0.0,0.0,0.0,0.0,64.0,71.0,5.0,7.0,0.0,0.0,0.0,0.0,0.0,0.0,5.0,5.0,89.0,8.0,1.0,4.0,2.0,17.0,0.0,0.0,1.0,1.0,1.0,0.0,0.0,1.0,1.0,3.0,0.0,3.0,8.0,3.0,4.0,6.0,6.0,0.0,0.0,0.0,0.0,0.0,0.0,0.0,0.0,0.0,0.0,0.0,0.0,0.0,1.0,0.0,0.0,0.0,0.0,0.0,0.0
5749658,2026-08-30T16:30:00.000Z,2,Serie A,Napoli,9875,Como,10171,560939,Jean Butez,Como,10171,True,7.2,90.0,0.0,0.0,1.0,1.0,0.46,-0.54,21.0,32.0,7.0,18.0,0.0,1.0,2.0,0.0,5.0,1.0,9.0,2.0,44.0,3.0,0.0,0.0,1.0,7.0,0.0,0.0,0.0,0.0,0.0,0.0,0.0,0.0,0.0,0.0,0.0,1.0,1.0,1.0,1.0,2.0,0.0,0.0,0.0,0.0,0.0,0.0,0.0,0.0,0.0,0.0,0.0,0.0,0.0,0.0,0.0,0.0,0.0,0.0,0.0,0.0,0.0
5749658,2026-08-30T16:30:00.000Z,2,Serie A,Napoli,9875,Como,10171,577912,Alex Meret,Napoli,9875,True,6.44,90.0,0.0,0.0,4.0,2.0,1.62,-0.38,16.0,20.0,2.0,6.0,1.0,3.0,0.0,1.0,6.0,0.0,7.0,1.0,31.0,1.0,0.0,0.0,0.0,1.0,0.0,0.0,0.0,0.0,0.0,0.0,0.0,0.0,0.0,0.0,0.0,0.0,0.0,1.0,1.0,1.0,0.0,0.0,0.0,0.0,0.0,0.0,0.0,0.0,0.0,0.0,0.0,0.0,0.0,0.0,0.0,0.0,0.0,0.0,0.0,0.0,0.0
5749658,2026-08-30T16:30:00.000Z,2,Serie A,Napoli,9875,Como,10171,602845,Emil Audero,Como,10171,True,0.0,0.0,0.0,0.0,0.0,0.0,0.0,0.0,0.0,0.0,0.0,0.0,0.0,0.0,0.0,0.0,0.0,0.0,0.0,0.0,0.0,0.0,0.0,0.0,0.0,0.0,0.0,0.0,0.0,0.0,0.0,0.0,0.0,0.0,0.0,0.0,0.0,0.0,0.0,0.0,0.0,0.0,0.0,0.0,0.0,0.0,0.0,0.0,0.0,0.0,0.0,0.0,0.0,0.0,0.0,0.0,0.0,0.0,0.0,0.0,0.0,0.0,0.0
5749658,2026-08-30T16:30:00.000Z,2,Serie A,Napoli,9875,Como,10171,612863,Frank Anguissa,Napoli,9875,False,6.62,80.0,0.0,0.03,0.0,0.0,0.0,0.0,23.0,27.0,0.0,2.0,0.0,0.0,0.0,0.0,0.0,0.0,3.0,0.0,39.0,2.0,1.0,0.0,1.0,1.0,1.0,0.0,0.0,1.0,3.0,2.0,2.0,0.0,0.0,0.0,3.0,4.0,7.0,2.0,4.0,6.0,5.0,0.03,0.0,1.0,0.0,0.0,1.0,0.0,0.0,1.0,0.0,0.0,0.0,0.03,0.0,1.0,0.0,0.0,0.0,0.0,0.0
5749658,2026-08-30T16:30:00.000Z,2,Serie A,Napoli,9875,Como,10171,638090,Luis Milla,Como,10171,False,7.95,90.0,0.1,0.1,0.0,0.0,0.0,0.0,78.0,81.0,2.0,3.0,0.0,0.0,0.0,0.0,0.0,0.0,2.0,2.0,106.0,11.0,0.0,1.0,2.0,14.0,5.0,0.0,0.0,1.0,0.0,0.0,0.0,0.0,2.0,0.0,0.0,2.0,3.0,0.0,1.0,2.0,2.0,0.0,0.0,0.0,0.0,0.0,0.0,0.0,0.0,0.0,1.0,7.0,5.0,0.0,0.0,0.0,0.0,0.0,0.0,0.0,0.0
5749658,2026-08-30T16:30:00.000Z,2,Serie A,Napoli,9875,Como,10171,729093,Mathías Olivera,Napoli,9875,False,5.65,56.0,0.55,0.73,0.0,0.0,0.0,0.0,22.0,28.0,1.0,3.0,0.0,0.0,0.0,0.0,0.0,0.0,5.0,0.0,42.0,2.0,0.0,0.0,2.0,4.0,0.0,0.0,0.0,1.0,5.0,0.0,0.0,2.0,0.0,0.0,1.0,2.0,5.0,0.0,2.0,2.0,5.0,0.18,0.0,2.0,0.0,0.0,2.0,0.0,0.0,2.0,0.0,0.0,0.0,0.18,0.0,1.0,0.0,0.0,0.0,0.0,0.0
5749658,2026-08-30T16:30:00.000Z,2,Serie A,Napoli,9875,Como,10171,793066,David Neres,Napoli,9875,False,6.01,10.0,0.07,0.08,0.0,0.0,0.0,0.0,4.0,4.0,0.0,0.0,0.0,0.0,0.0,0.0,0.0,0.0,1.0,0.0,6.0,0.0,0.0,0.0,0.0,0.0,0.0,0.0,0.0,0.0,0.0,0.0,1.0,0.0,0.0,0.0,0.0,0.0,1.0,0.0,0.0,0.0,1.0,0.01,0.0,1.0,0.0,0.0,0.0,1.0,0.0,0.0,0.0,0.0,0.0,0.01,0.0,0.0,0.0,0.0,0.0,0.0,0.0
5749658,2026-08-30T16:30:00.000Z,2,Serie A,Napoli,9875,Como,10171,793907,Trevoh Chalobah,Como,10171,False,7.26,90.0,0.02,0.02,0.0,0.0,0.0,0.0,53.0,56.0,1.0,3.0,0.0,0.0,0.0,0.0,0.0,0.0,1.0,4.0,62.0,6.0,0.0,0.0,1.0,5.0,1.0,0.0,0.0,1.0,1.0,0.0,0.0,0.0,0.0,1.0,0.0,1.0,1.0,2.0,3.0,3.0,1.0,0.0,0.0,0.0,0.0,0.0,0.0,0.0,0.0,0.0,0.0,0.0,0.0,0.0,0.0,0.0,0.0,0.0,0.0,0.0,0.0
5749658,2026-08-30T16:30:00.000Z,2,Serie A,Napoli,9875,Como,10171,822789,Alberto Dossena,Como,10171,False,0.0,0.0,0.0,0.0,0.0,0.0,0.0,0.0,0.0,0.0,0.0,0.0,0.0,0.0,0.0,0.0,0.0,0.0,0.0,0.0,0.0,0.0,0.0,0.0,0.0,0.0,0.0,0.0,0.0,0.0,0.0,0.0,0.0,0.0,0.0,0.0,0.0,0.0,0.0,0.0,0.0,0.0,0.0,0.0,0.0,0.0,0.0,0.0,0.0,0.0,0.0,0.0,0.0,0.0,0.0,0.0,0.0,0.0,0.0,0.0,0.0,0.0,0.0
5749658,2026-08-30T16:30:00.000Z,2,Serie A,Napoli,9875,Como,10171,837341,Noa Lang,Napoli,9875,False,6.55,56.0,0.03,0.32999999999999996,0.0,0.0,0.0,0.0,12.0,14.0,0.0,0.0,0.0,0.0,0.0,0.0,0.0,0.0,1.0,1.0,28.0,2.0,0.0,0.0,1.0,0.0,0.0,0.0,0.0,1.0,2.0,0.0,2.0,0.0,0.0,0.0,0.0,1.0,3.0,1.0,1.0,2.0,2.0,0.3,0.0,1.0,0.0,0.0,1.0,0.0,0.0,1.0,0.0,3.0,0.0,0.3,0.0,0.0,1.0,0.0,0.0,0.0,0.0
5749658,2026-08-30T16:30:00.000Z,2,Serie A,Napoli,9875,Como,10171,843099,Scott McTominay,Napoli,9875,False,5.53,56.0,0.0,0.27,0.0,0.0,0.0,0.0,13.0,16.0,1.0,1.0,0.0,0.0,0.0,0.0,0.0,0.0,0.0,0.0,20.0,0.0,0.0,1.0,0.0,4.0,0.0,0.0,0.0,0.0,1.0,0.0,0.0,1.0,0.0,0.0,0.0,0.0,2.0,0.0,0.0,0.0,2.0,0.27,0.0,1.0,0.0,0.0,0.0,1.0,0.0,0.0,0.0,0.0,0.0,0.27,0.0,0.0,0.0,0.0,0.0,0.0,0.0
5749658,2026-08-30T16:30:00.000Z,2,Serie A,Napoli,9875,Como,10171,846000,Maxence Caqueret,Como,10171,False,6.3,32.0,0.09,0.09,0.0,0.0,0.0,0.0,19.0,21.0,0.0,1.0,0.0,0.0,0.0,0.0,0.0,0.0,3.0,1.0,27.0,1.0,0.0,1.0,0.0,3.0,0.0,0.0,0.0,1.0,2.0,0.0,3.0,0.0,0.0,1.0,1.0,0.0,5.0,0.0,0.0,0.0,5.0,0.0,0.0,0.0,0.0,0.0,0.0,0.0,0.0,0.0,0.0,0.0,0.0,0.0,0.0,0.0,0.0,0.0,0.0,0.0,0.0
5749658,2026-08-30T16:30:00.000Z,2,Serie A,Napoli,9875,Como,10171,873270,Anastasios Douvikas,Como,10171,False,8.03,90.0,0.13,0.36,0.0,0.0,0.0,0.0,11.0,15.0,0.0,0.0,0.0,0.0,0.0,0.0,0.0,0.0,1.0,1.0,31.0,1.0,5.0,1.0,0.0,0.0,0.0,1.0,0.0,2.0,8.0,2.0,2.0,2.0,0.0,0.0,1.0,7.0,11.0,3.0,8.0,10.0,9.0,0.23,0.82,3.0,0.0,2.0,1.0,0.0,2.0,3.0,0.0,0.0,0.0,0.23,0.0,0.0,0.0,0.0,0.0,0.0,0.0
5749658,2026-08-30T16:30:00.000Z,2,Serie A,Napoli,9875,Como,10171,873573,Sam Beukema,Napoli,9875,False,0.0,0.0,0.0,0.0,0.0,0.0,0.0,0.0,0.0,0.0,0.0,0.0,0.0,0.0,0.0,0.0,0.0,0.0,0.0,0.0,0.0,0.0,0.0,0.0,0.0,0.0,0.0,0.0,0.0,0.0,0.0,0.0,0.0,0.0,0.0,0.0,0.0,0.0,0.0,0.0,0.0,0.0,0.0,0.0,0.0,0.0,0.0,0.0,0.0,0.0,0.0,0.0,0.0,0.0,0.0,0.0,0.0,0.0,0.0,0.0,0.0,0.0,0.0
5749658,2026-08-30T16:30:00.000Z,2,Serie A,Napoli,9875,Como,10171,941656,Samuele Ricci,Como,10171,False,0.0,0.0,0.0,0.0,0.0,0.0,0.0,0.0,0.0,0.0,0.0,0.0,0.0,0.0,0.0,0.0,0.0,0.0,0.0,0.0,0.0,0.0,0.0,0.0,0.0,0.0,0.0,0.0,0.0,0.0,0.0,0.0,0.0,0.0,0.0,0.0,0.0,0.0,0.0,0.0,0.0,0.0,0.0,0.0,0.0,0.0,0.0,0.0,0.0,0.0,0.0,0.0,0.0,0.0,0.0,0.0,0.0,0.0,0.0,0.0,0.0,0.0,0.0
5749658,2026-08-30T16:30:00.000Z,2,Serie A,Napoli,9875,Como,10171,942549,Billy Gilmour,Napoli,9875,False,0.0,0.0,0.0,0.0,0.0,0.0,0.0,0.0,0.0,0.0,0.0,0.0,0.0,0.0,0.0,0.0,0.0,0.0,0.0,0.0,0.0,0.0,0.0,0.0,0.0,0.0,0.0,0.0,0.0,0.0,0.0,0.0,0.0,0.0,0.0,0.0,0.0,0.0,0.0,0.0,0.0,0.0,0.0,0.0,0.0,0.0,0.0,0.0,0.0,0.0,0.0,0.0,0.0,0.0,0.0,0.0,0.0,0.0,0.0,0.0,0.0,0.0,0.0
5749658,2026-08-30T16:30:00.000Z,2,Serie A,Napoli,9875,Como,10171,1076647,Lucas Da Cunha,Como,10171,False,7.4,66.0,0.1,0.17,0.0,0.0,0.0,0.0,57.0,59.0,3.0,3.0,0.0,0.0,0.0,0.0,0.0,0.0,2.0,1.0,67.0,3.0,0.0,0.0,2.0,5.0,0.0,0.0,0.0,2.0,0.0,0.0,0.0,0.0,0.0,0.0,0.0,2.0,2.0,0.0,1.0,2.0,1.0,0.07,0.0,3.0,0.0,0.0,1.0,2.0,0.0,1.0,1.0,1.0,0.0,0.07,0.0,0.0,0.0,0.0,0.0,0.0,0.0
5749658,2026-08-30T16:30:00.000Z,2,Serie A,Napoli,9875,Como,10171,1109171,Yan Couto,Como,10171,False,7.05,58.0,0.05,0.05,0.0,0.0,0.0,0.0,53.0,57.0,1.0,1.0,0.0,0.0,0.0,0.0,0.0,0.0,5.0,0.0,67.0,4.0,0.0,0.0,2.0,6.0,2.0,0.0,0.0,0.0,2.0,0.0,0.0,1.0,0.0,0.0,0.0,2.0,3.0,0.0,1.0,2.0,2.0,0.0,0.0,0.0,0.0,0.0,0.0,0.0,0.0,0.0,0.0,1.0,0.0,0.0,0.0,0.0,0.0,0.0,0.0,0.0,0.0
5749658,2026-08-30T16:30:00.000Z,2,Serie A,Napoli,9875,Como,10171,1199272,Rasmus Højlund,Napoli,9875,False,7.32,80.0,0.01,0.3,0.0,0.0,0.0,0.0,8.0,9.0,0.0,0.0,0.0,0.0,0.0,0.0,0.0,0.0,1.0,1.0,20.0,1.0,0.0,0.0,0.0,1.0,0.0,1.0,0.0,0.0,3.0,1.0,4.0,0.0,0.0,1.0,0.0,1.0,4.0,0.0,3.0,1.0,6.0,0.29,0.33,2.0,0.0,1.0,1.0,0.0,1.0,2.0,0.0,0.0,0.0,0.29,0.0,2.0,0.0,0.0,0.0,0.0,0.0
5749658,2026-08-30T16:30:00.000Z,2,Serie A,Napoli,9875,Como,10171,1203946,Iván Azon,Como,10171,False,0.0,0.0,0.0,0.0,0.0,0.0,0.0,0.0,0.0,0.0,0.0,0.0,0.0,0.0,0.0,0.0,0.0,0.0,0.0,0.0,0.0,0.0,0.0,0.0,0.0,0.0,0.0,0.0,0.0,0.0,0.0,0.0,0.0,0.0,0.0,0.0,0.0,0.0,0.0,0.0,0.0,0.0,0.0,0.0,0.0,0.0,0.0,0.0,0.0,0.0,0.0,0.0,0.0,0.0,0.0,0.0,0.0,0.0,0.0,0.0,0.0,0.0,0.0
5749658,2026-08-30T16:30:00.000Z,2,Serie A,Napoli,9875,Como,10171,1212630,Lorenzo Lucca,Napoli,9875,False,6.24,10.0,0.02,0.21,0.0,0.0,0.0,0.0,1.0,2.0,0.0,0.0,0.0,0.0,0.0,0.0,0.0,0.0,0.0,0.0,3.0,0.0,0.0,1.0,0.0,0.0,0.0,0.0,0.0,1.0,3.0,0.0,0.0,0.0,0.0,0.0,0.0,0.0,0.0,1.0,2.0,1.0,1.0,0.19,0.13,1.0,0.0,1.0,0.0,0.0,1.0,1.0,0.0,0.0,0.0,0.19,0.0,2.0,0.0,0.0,0.0,0.0,0.0
5749658,2026-08-30T16:30:00.000Z,2,Serie A,Napoli,9875,Como,10171,1215064,Martin Baturina,Como,10171,False,8.58,58.0,0.3,0.64,0.0,0.0,0.0,0.0,31.0,34.0,1.0,1.0,0.0,0.0,0.0,0.0,0.0,0.0,1.0,0.0,45.0,0.0,1.0,0.0,0.0,1.0,0.0,1.0,1.0,2.0,7.0,0.0,1.0,0.0,0.0,0.0,1.0,1.0,3.0,0.0,1.0,1.0,3.0,0.34,0.58,4.0,0.0,2.0,2.0,0.0,2.0,4.0,0.0,1.0,1.0,0.34,0.0,0.0,0.0,0.0,0.0,0.0,0.0
5749658,2026-08-30T16:30:00.000Z,2,Serie A,Napoli,9875,Como,10171,1313884,Rafa Marín,Napoli,9875,False,6.64,90.0,0.02,0.02,0.0,0.0,0.0,0.0,62.0,64.0,2.0,3.0,0.0,0.0,0.0,0.0,0.0,0.0,4.0,3.0,76.0,8.0,1.0,1.0,2.0,12.0,1.0,0.0,0.0,0.0,0.0,0.0,0.0,0.0,2.0,2.0,1.0,3.0,5.0,1.0,2.0,4.0,3.0,0.0,0.0,0.0,0.0,0.0,0.0,0.0,0.0,0.0,0.0,0.0,0.0,0.0,0.0,0.0,0.0,0.0,0.0,0.0,0.0
5749658,2026-08-30T16:30:00.000Z,2,Serie A,Napoli,9875,Como,10171,1320863,Antonio Vergara,Napoli,9875,False,0.0,0.0,0.0,0.0,0.0,0.0,0.0,0.0,0.0,0.0,0.0,0.0,0.0,0.0,0.0,0.0,0.0,0.0,0.0,0.0,0.0,0.0,0.0,0.0,0.0,0.0,0.0,0.0,0.0,0.0,0.0,0.0,0.0,0.0,0.0,0.0,0.0,0.0,0.0,0.0,0.0,0.0,0.0,0.0,0.0,0.0,0.0,0.0,0.0,0.0,0.0,0.0,0.0,0.0,0.0,0.0,0.0,0.0,0.0,0.0,0.0,0.0,0.0
5749658,2026-08-30T16:30:00.000Z,2,Serie A,Napoli,9875,Como,10171,1336582,Máximo Perrone,Como,10171,False,6.23,24.0,0.01,0.01,0.0,0.0,0.0,0.0,18.0,18.0,0.0,0.0,0.0,0.0,0.0,0.0,0.0,0.0,0.0,1.0,19.0,1.0,0.0,1.0,0.0,0.0,0.0,0.0,0.0,1.0,0.0,0.0,0.0,0.0,0.0,1.0,0.0,0.0,1.0,0.0,0.0,0.0,1.0,0.0,0.0,0.0,0.0,0.0,0.0,0.0,0.0,0.0,0.0,0.0,0.0,0.0,0.0,0.0,0.0,0.0,0.0,0.0,0.0
5749658,2026-08-30T16:30:00.000Z,2,Serie A,Napoli,9875,Como,10171,1344550,Willy Kambwala,Como,10171,False,0.0,0.0,0.0,0.0,0.0,0.0,0.0,0.0,0.0,0.0,0.0,0.0,0.0,0.0,0.0,0.0,0.0,0.0,0.0,0.0,0.0,0.0,0.0,0.0,0.0,0.0,0.0,0.0,0.0,0.0,0.0,0.0,0.0,0.0,0.0,0.0,0.0,0.0,0.0,0.0,0.0,0.0,0.0,0.0,0.0,0.0,0.0,0.0,0.0,0.0,0.0,0.0,0.0,0.0,0.0,0.0,0.0,0.0,0.0,0.0,0.0,0.0,0.0
5749658,2026-08-30T16:30:00.000Z,2,Serie A,Napoli,9875,Como,10171,1347574,Nico Paz,Como,10171,False,7.7,81.0,0.13,0.28,0.0,0.0,0.0,0.0,51.0,55.0,0.0,1.0,0.0,0.0,0.0,0.0,0.0,0.0,3.0,0.0,77.0,2.0,1.0,1.0,2.0,4.0,0.0,0.0,0.0,2.0,6.0,5.0,7.0,2.0,0.0,0.0,1.0,8.0,14.0,0.0,0.0,8.0,6.0,0.15,0.0,5.0,0.0,0.0,2.0,3.0,0.0,2.0,1.0,1.0,1.0,0.15,0.0,0.0,0.0,0.0,0.0,0.0,0.0
5749658,2026-08-30T16:30:00.000Z,2,Serie A,Napoli,9875,Como,10171,1353289,Ivan Smolcic,Como,10171,False,6.73,32.0,0.0,0.0,0.0,0.0,0.0,0.0,5.0,7.0,0.0,1.0,0.0,0.0,0.0,0.0,0.0,0.0,1.0,3.0,18.0,6.0,1.0,0.0,2.0,2.0,1.0,0.0,0.0,0.0,0.0,0.0,0.0,0.0,0.0,0.0,0.0,3.0,3.0,0.0,0.0,3.0,0.0,0.0,0.0,0.0,0.0,0.0,0.0,0.0,0.0,0.0,0.0,0.0,0.0,0.0,0.0,0.0,0.0,0.0,0.0,0.0,0.0
5749658,2026-08-30T16:30:00.000Z,2,Serie A,Napoli,9875,Como,10171,1355552,Alisson Santos,Napoli,9875,False,5.99,34.0,0.05,0.13,0.0,0.0,0.0,0.0,7.0,9.0,0.0,0.0,0.0,0.0,0.0,0.0,0.0,0.0,0.0,0.0,18.0,0.0,0.0,0.0,0.0,0.0,0.0,0.0,0.0,0.0,1.0,1.0,3.0,0.0,0.0,0.0,1.0,1.0,4.0,0.0,0.0,1.0,3.0,0.08,0.0,2.0,0.0,0.0,1.0,1.0,0.0,1.0,0.0,1.0,0.0,0.08,0.0,0.0,0.0,0.0,0.0,0.0,0.0
5749658,2026-08-30T16:30:00.000Z,2,Serie A,Napoli,9875,Como,10171,1355574,Giovane Nascimento,Napoli,9875,False,0.0,0.0,0.0,0.0,0.0,0.0,0.0,0.0,0.0,0.0,0.0,0.0,0.0,0.0,0.0,0.0,0.0,0.0,0.0,0.0,0.0,0.0,0.0,0.0,0.0,0.0,0.0,0.0,0.0,0.0,0.0,0.0,0.0,0.0,0.0,0.0,0.0,0.0,0.0,0.0,0.0,0.0,0.0,0.0,0.0,0.0,0.0,0.0,0.0,0.0,0.0,0.0,0.0,0.0,0.0,0.0,0.0,0.0,0.0,0.0,0.0,0.0,0.0
5749658,2026-08-30T16:30:00.000Z,2,Serie A,Napoli,9875,Como,10171,1384881,Álex Valle,Como,10171,False,7.44,90.0,0.14,0.21000000000000002,0.0,0.0,0.0,0.0,37.0,43.0,1.0,4.0,0.0,0.0,0.0,0.0,0.0,0.0,2.0,1.0,65.0,6.0,0.0,0.0,1.0,6.0,2.0,0.0,0.0,3.0,4.0,0.0,0.0,1.0,2.0,0.0,0.0,1.0,2.0,0.0,0.0,1.0,1.0,0.07,0.0,2.0,0.0,0.0,2.0,0.0,0.0,2.0,1.0,2.0,0.0,0.07,0.0,0.0,0.0,0.0,0.0,0.0,0.0
5749658,2026-08-30T16:30:00.000Z,2,Serie A,Napoli,9875,Como,10171,1403328,Costantino Favasuli,Napoli,9875,False,0.0,0.0,0.0,0.0,0.0,0.0,0.0,0.0,0.0,0.0,0.0,0.0,0.0,0.0,0.0,0.0,0.0,0.0,0.0,0.0,0.0,0.0,0.0,0.0,0.0,0.0,0.0,0.0,0.0,0.0,0.0,0.0,0.0,0.0,0.0,0.0,0.0,0.0,0.0,0.0,0.0,0.0,0.0,0.0,0.0,0.0,0.0,0.0,0.0,0.0,0.0,0.0,0.0,0.0,0.0,0.0,0.0,0.0,0.0,0.0,0.0,0.0,0.0
5749658,2026-08-30T16:30:00.000Z,2,Serie A,Napoli,9875,Como,10171,1413963,Jacobo Ramón,Como,10171,False,7.8,90.0,0.02,0.04,0.0,0.0,0.0,0.0,85.0,88.0,4.0,6.0,0.0,0.0,0.0,0.0,0.0,0.0,5.0,8.0,103.0,11.0,0.0,0.0,2.0,11.0,1.0,0.0,0.0,1.0,2.0,0.0,0.0,0.0,0.0,5.0,1.0,2.0,3.0,2.0,3.0,4.0,2.0,0.02,0.0,1.0,0.0,0.0,1.0,0.0,0.0,1.0,0.0,0.0,0.0,0.02,0.0,0.0,0.0,0.0,0.0,0.0,0.0
5749658,2026-08-30T16:30:00.000Z,2,Serie A,Napoli,9875,Como,10171,1434889,Assane Diao,Como,10171,False,8.11,65.0,0.22,0.32,0.0,0.0,0.0,0.0,30.0,35.0,0.0,1.0,0.0,0.0,0.0,0.0,0.0,0.0,2.0,0.0,49.0,3.0,0.0,0.0,1.0,1.0,2.0,0.0,1.0,2.0,6.0,1.0,1.0,0.0,0.0,0.0,1.0,2.0,3.0,2.0,3.0,4.0,2.0,0.1,0.09,2.0,0.0,1.0,1.0,0.0,1.0,2.0,2.0,6.0,0.0,0.1,0.0,0.0,0.0,0.0,0.0,0.0,0.0
5749658,2026-08-30T16:30:00.000Z,2,Serie A,Napoli,9875,Como,10171,1459564,Kaiki,Como,10171,False,0.0,9.0,0.37,0.43,0.0,0.0,0.0,0.0,2.0,2.0,0.0,0.0,0.0,0.0,0.0,0.0,0.0,0.0,0.0,0.0,5.0,0.0,0.0,0.0,0.0,0.0,0.0,0.0,0.0,1.0,1.0,1.0,1.0,0.0,0.0,0.0,0.0,1.0,1.0,0.0,0.0,1.0,0.0,0.06,0.13,1.0,0.0,1.0,0.0,0.0,1.0,1.0,0.0,0.0,0.0,0.06,0.0,0.0,0.0,0.0,0.0,0.0,0.0
5749658,2026-08-30T16:30:00.000Z,2,Serie A,Napoli,9875,Como,10171,1593861,Mattia Liberali,Como,10171,False,0.0,0.0,0.0,0.0,0.0,0.0,0.0,0.0,0.0,0.0,0.0,0.0,0.0,0.0,0.0,0.0,0.0,0.0,0.0,0.0,0.0,0.0,0.0,0.0,0.0,0.0,0.0,0.0,0.0,0.0,0.0,0.0,0.0,0.0,0.0,0.0,0.0,0.0,0.0,0.0,0.0,0.0,0.0,0.0,0.0,0.0,0.0,0.0,0.0,0.0,0.0,0.0,0.0,0.0,0.0,0.0,0.0,0.0,0.0,0.0,0.0,0.0,0.0
5749658,2026-08-30T16:30:00.000Z,2,Serie A,Napoli,9875,Como,10171,1615459,Adrian Lahdo,Como,10171,False,0.0,0.0,0.0,0.0,0.0,0.0,0.0,0.0,0.0,0.0,0.0,0.0,0.0,0.0,0.0,0.0,0.0,0.0,0.0,0.0,0.0,0.0,0.0,0.0,0.0,0.0,0.0,0.0,0.0,0.0,0.0,0.0,0.0,0.0,0.0,0.0,0.0,0.0,0.0,0.0,0.0,0.0,0.0,0.0,0.0,0.0,0.0,0.0,0.0,0.0,0.0,0.0,0.0,0.0,0.0,0.0,0.0,0.0,0.0,0.0,0.0,0.0,0.0
5749658,2026-08-30T16:30:00.000Z,2,Serie A,Napoli,9875,Como,10171,1624039,Jesús Rodríguez,Como,10171,False,0.0,0.0,0.0,0.0,0.0,0.0,0.0,0.0,0.0,0.0,0.0,0.0,0.0,0.0,0.0,0.0,0.0,0.0,0.0,0.0,0.0,0.0,0.0,0.0,0.0,0.0,0.0,0.0,0.0,0.0,0.0,0.0,0.0,0.0,0.0,0.0,0.0,0.0,0.0,0.0,0.0,0.0,0.0,0.0,0.0,0.0,0.0,0.0,0.0,0.0,0.0,0.0,0.0,0.0,0.0,0.0,0.0,0.0,0.0,0.0,0.0,0.0,0.0
5749658,2026-08-30T16:30:00.000Z,2,Serie A,Napoli,9875,Como,10171,1830782,Christian Garofalo,Napoli,9875,False,0.0,0.0,0.0,0.0,0.0,0.0,0.0,0.0,0.0,0.0,0.0,0.0,0.0,0.0,0.0,0.0,0.0,0.0,0.0,0.0,0.0,0.0,0.0,0.0,0.0,0.0,0.0,0.0,0.0,0.0,0.0,0.0,0.0,0.0,0.0,0.0,0.0,0.0,0.0,0.0,0.0,0.0,0.0,0.0,0.0,0.0,0.0,0.0,0.0,0.0,0.0,0.0,0.0,0.0,0.0,0.0,0.0,0.0,0.0,0.0,0.0,0.0,0.0
5749659,2026-08-29T16:30:00.000Z,2,Serie A,Sassuolo,7943,Torino,9804,115067,Nemanja Matic,Sassuolo,7943,False,7.7,89.0,0.05,0.07,0.0,0.0,0.0,0.0,50.0,57.0,5.0,7.0,0.0,0.0,0.0,0.0,0.0,0.0,6.0,2.0,71.0,5.0,0.0,2.0,2.0,6.0,1.0,0.0,0.0,1.0,0.0,1.0,2.0,0.0,0.0,2.0,0.0,3.0,6.0,0.0,0.0,3.0,3.0,0.02,0.0,1.0,0.0,0.0,0.0,1.0,0.0,0.0,0.0,0.0,0.0,0.02,0.0,0.0,0.0,0.0,0.0,0.0,0.0
5749659,2026-08-29T16:30:00.000Z,2,Serie A,Sassuolo,7943,Torino,9804,116555,Duván Zapata,Torino,9804,False,0.0,7.0,0.01,0.01,0.0,0.0,0.0,0.0,1.0,1.0,0.0,0.0,0.0,0.0,0.0,0.0,0.0,0.0,1.0,1.0,4.0,1.0,0.0,0.0,0.0,1.0,0.0,0.0,0.0,0.0,0.0,0.0,0.0,0.0,0.0,1.0,0.0,0.0,0.0,0.0,1.0,0.0,1.0,0.0,0.0,0.0,0.0,0.0,0.0,0.0,0.0,0.0,0.0,0.0,0.0,0.0,0.0,0.0,0.0,0.0,0.0,0.0,0.0
5749659,2026-08-29T16:30:00.000Z,2,Serie A,Sassuolo,7943,Torino,9804,364520,Domenico Berardi,Sassuolo,7943,False,7.91,18.0,0.06,0.13,0.0,0.0,0.0,0.0,12.0,13.0,1.0,1.0,0.0,0.0,0.0,0.0,0.0,0.0,3.0,0.0,18.0,1.0,1.0,0.0,1.0,1.0,0.0,1.0,0.0,2.0,2.0,0.0,0.0,0.0,0.0,0.0,0.0,2.0,2.0,1.0,1.0,3.0,0.0,0.07,0.08,1.0,0.0,1.0,0.0,0.0,1.0,1.0,0.0,1.0,1.0,0.07,0.0,0.0,0.0,0.0,0.0,0.0,0.0
5749659,2026-08-29T16:30:00.000Z,2,Serie A,Sassuolo,7943,Torino,9804,415137,Alberto Paleari,Torino,9804,True,0.0,0.0,0.0,0.0,0.0,0.0,0.0,0.0,0.0,0.0,0.0,0.0,0.0,0.0,0.0,0.0,0.0,0.0,0.0,0.0,0.0,0.0,0.0,0.0,0.0,0.0,0.0,0.0,0.0,0.0,0.0,0.0,0.0,0.0,0.0,0.0,0.0,0.0,0.0,0.0,0.0,0.0,0.0,0.0,0.0,0.0,0.0,0.0,0.0,0.0,0.0,0.0,0.0,0.0,0.0,0.0,0.0,0.0,0.0,0.0,0.0,0.0,0.0
5749659,2026-08-29T16:30:00.000Z,2,Serie A,Sassuolo,7943,Torino,9804,469615,Giovanni Simeone,Torino,9804,False,6.16,73.0,0.01,0.11,0.0,0.0,0.0,0.0,9.0,14.0,0.0,1.0,0.0,0.0,0.0,0.0,0.0,0.0,0.0,0.0,20.0,1.0,1.0,0.0,1.0,0.0,0.0,0.0,0.0,0.0,1.0,0.0,0.0,0.0,0.0,0.0,0.0,2.0,2.0,1.0,3.0,3.0,2.0,0.1,0.0,1.0,0.0,0.0,1.0,0.0,0.0,1.0,1.0,1.0,0.0,0.1,0.0,0.0,0.0,0.0,0.0,0.0,0.0
5749659,2026-08-29T16:30:00.000Z,2,Serie A,Sassuolo,7943,Torino,9804,557677,Nikola Vlasic,Torino,9804,False,6.18,90.0,0.07,0.32,0.0,0.0,0.0,0.0,39.0,43.0,0.0,0.0,0.0,0.0,0.0,0.0,0.0,0.0,1.0,0.0,53.0,1.0,0.0,2.0,0.0,1.0,0.0,0.0,0.0,1.0,4.0,1.0,1.0,1.0,1.0,0.0,2.0,1.0,6.0,1.0,2.0,2.0,6.0,0.25,0.17,2.0,1.0,1.0,0.0,1.0,1.0,1.0,0.0,1.0,0.0,0.25,0.0,0.0,1.0,0.0,0.0,0.0,0.0
5749659,2026-08-29T16:30:00.000Z,2,Serie A,Sassuolo,7943,Torino,9804,599353,Ché Adams,Torino,9804,False,6.51,83.0,0.25,0.63,0.0,0.0,0.0,0.0,18.0,20.0,0.0,1.0,0.0,0.0,0.0,0.0,0.0,0.0,2.0,0.0,31.0,1.0,0.0,1.0,1.0,1.0,0.0,0.0,0.0,1.0,2.0,1.0,1.0,1.0,0.0,0.0,1.0,2.0,5.0,1.0,2.0,3.0,4.0,0.38,0.29,1.0,0.0,1.0,0.0,0.0,1.0,1.0,0.0,0.0,0.0,0.38,0.0,0.0,1.0,0.0,0.0,0.0,0.0
5749659,2026-08-29T16:30:00.000Z,2,Serie A,Sassuolo,7943,Torino,9804,705484,Eray Cömert,Torino,9804,False,6.76,67.0,0.02,0.02,0.0,0.0,0.0,0.0,81.0,88.0,3.0,7.0,0.0,0.0,0.0,0.0,0.0,0.0,1.0,3.0,100.0,6.0,2.0,0.0,1.0,4.0,1.0,0.0,0.0,0.0,0.0,0.0,0.0,1.0,1.0,1.0,0.0,3.0,4.0,0.0,0.0,3.0,1.0,0.0,0.0,0.0,0.0,0.0,0.0,0.0,0.0,0.0,0.0,0.0,0.0,0.0,0.0,0.0,0.0,0.0,0.0,0.0,0.0
5749659,2026-08-29T16:30:00.000Z,2,Serie A,Sassuolo,7943,Torino,9804,720649,Nicholas Pierini,Sassuolo,7943,False,0.0,0.0,0.0,0.0,0.0,0.0,0.0,0.0,0.0,0.0,0.0,0.0,0.0,0.0,0.0,0.0,0.0,0.0,0.0,0.0,0.0,0.0,0.0,0.0,0.0,0.0,0.0,0.0,0.0,0.0,0.0,0.0,0.0,0.0,0.0,0.0,0.0,0.0,0.0,0.0,0.0,0.0,0.0,0.0,0.0,0.0,0.0,0.0,0.0,0.0,0.0,0.0,0.0,0.0,0.0,0.0,0.0,0.0,0.0,0.0,0.0,0.0,0.0
5749659,2026-08-29T16:30:00.000Z,2,Serie A,Sassuolo,7943,Torino,9804,727654,Giacomo Satalino,Sassuolo,7943,True,0.0,0.0,0.0,0.0,0.0,0.0,0.0,0.0,0.0,0.0,0.0,0.0,0.0,0.0,0.0,0.0,0.0,0.0,0.0,0.0,0.0,0.0,0.0,0.0,0.0,0.0,0.0,0.0,0.0,0.0,0.0,0.0,0.0,0.0,0.0,0.0,0.0,0.0,0.0,0.0,0.0,0.0,0.0,0.0,0.0,0.0,0.0,0.0,0.0,0.0,0.0,0.0,0.0,0.0,0.0,0.0,0.0,0.0,0.0,0.0,0.0,0.0,0.0
5749659,2026-08-29T16:30:00.000Z,2,Serie A,Sassuolo,7943,Torino,9804,750880,Ardian Ismajli,Torino,9804,False,6.34,23.0,0.0,0.0,0.0,0.0,0.0,0.0,12.0,14.0,1.0,2.0,0.0,0.0,0.0,0.0,0.0,0.0,1.0,5.0,20.0,5.0,0.0,0.0,0.0,2.0,0.0,0.0,0.0,0.0,0.0,0.0,0.0,0.0,0.0,2.0,0.0,0.0,0.0,1.0,2.0,1.0,1.0,0.0,0.0,0.0,0.0,0.0,0.0,0.0,0.0,0.0,0.0,0.0,0.0,0.0,0.0,0.0,0.0,0.0,0.0,0.0,0.0
5749659,2026-08-29T16:30:00.000Z,2,Serie A,Sassuolo,7943,Torino,9804,760752,Arijanet Muric,Sassuolo,7943,True,7.74,90.0,0.0,0.0,3.0,1.0,1.38,0.38,11.0,20.0,5.0,14.0,1.0,3.0,1.0,0.0,4.0,4.0,5.0,0.0,33.0,0.0,1.0,0.0,0.0,6.0,0.0,0.0,0.0,0.0,0.0,0.0,0.0,0.0,0.0,0.0,0.0,0.0,0.0,1.0,1.0,1.0,0.0,0.0,0.0,0.0,0.0,0.0,0.0,0.0,0.0,0.0,0.0,0.0,0.0,0.0,0.0,0.0,0.0,0.0,0.0,0.0,0.0
5749659,2026-08-29T16:30:00.000Z,2,Serie A,Sassuolo,7943,Torino,9804,823113,Sandro Kulenovic,Torino,9804,False,6.07,17.0,0.0,0.0,0.0,0.0,0.0,0.0,0.0,1.0,0.0,0.0,0.0,0.0,0.0,0.0,0.0,0.0,0.0,0.0,1.0,0.0,0.0,0.0,0.0,0.0,0.0,0.0,0.0,0.0,0.0,0.0,0.0,0.0,0.0,0.0,0.0,0.0,0.0,1.0,1.0,1.0,0.0,0.0,0.0,0.0,0.0,0.0,0.0,0.0,0.0,0.0,0.0,0.0,0.0,0.0,0.0,0.0,0.0,0.0,0.0,0.0,0.0
5749659,2026-08-29T16:30:00.000Z,2,Serie A,Sassuolo,7943,Torino,9804,846761,Zakaria Aboukhlal,Torino,9804,False,6.24,17.0,0.02,0.05,0.0,0.0,0.0,0.0,3.0,5.0,0.0,1.0,0.0,0.0,0.0,0.0,0.0,0.0,1.0,0.0,8.0,0.0,0.0,2.0,0.0,1.0,0.0,0.0,0.0,0.0,2.0,2.0,2.0,0.0,0.0,0.0,1.0,2.0,4.0,0.0,1.0,2.0,3.0,0.03,0.0,1.0,0.0,0.0,0.0,1.0,0.0,0.0,0.0,0.0,0.0,0.03,0.0,0.0,0.0,0.0,0.0,0.0,0.0
5749659,2026-08-29T16:30:00.000Z,2,Serie A,Sassuolo,7943,Torino,9804,869054,Stefano Turati,Sassuolo,7943,True,0.0,0.0,0.0,0.0,0.0,0.0,0.0,0.0,0.0,0.0,0.0,0.0,0.0,0.0,0.0,0.0,0.0,0.0,0.0,0.0,0.0,0.0,0.0,0.0,0.0,0.0,0.0,0.0,0.0,0.0,0.0,0.0,0.0,0.0,0.0,0.0,0.0,0.0,0.0,0.0,0.0,0.0,0.0,0.0,0.0,0.0,0.0,0.0,0.0,0.0,0.0,0.0,0.0,0.0,0.0,0.0,0.0,0.0,0.0,0.0,0.0,0.0,0.0
5749659,2026-08-29T16:30:00.000Z,2,Serie A,Sassuolo,7943,Torino,9804,921921,Kristian Thorstvedt,Sassuolo,7943,False,6.96,30.0,0.12,0.13999999999999999,0.0,0.0,0.0,0.0,21.0,24.0,1.0,1.0,0.0,0.0,0.0,0.0,0.0,0.0,1.0,0.0,27.0,0.0,0.0,0.0,0.0,7.0,0.0,0.0,0.0,1.0,3.0,1.0,1.0,0.0,0.0,0.0,0.0,1.0,1.0,2.0,2.0,3.0,0.0,0.02,0.0,1.0,0.0,0.0,1.0,0.0,0.0,1.0,0.0,0.0,0.0,0.02,0.0,0.0,0.0,0.0,0.0,0.0,0.0
5749659,2026-08-29T16:30:00.000Z,2,Serie A,Sassuolo,7943,Torino,9804,935769,Armand Laurienté,Sassuolo,7943,False,7.32,90.0,0.27,0.76,0.0,0.0,0.0,0.0,29.0,32.0,0.0,0.0,0.0,0.0,0.0,0.0,0.0,0.0,3.0,0.0,50.0,0.0,1.0,0.0,0.0,3.0,0.0,0.0,0.0,1.0,9.0,0.0,2.0,1.0,0.0,0.0,0.0,1.0,4.0,0.0,0.0,1.0,3.0,0.49,0.11,7.0,1.0,2.0,3.0,2.0,2.0,5.0,1.0,4.0,2.0,0.49,0.0,2.0,0.0,0.0,0.0,0.0,0.0
5749659,2026-08-29T16:30:00.000Z,2,Serie A,Sassuolo,7943,Torino,9804,937412,Jay Idzes,Sassuolo,7943,False,6.77,90.0,0.01,0.01,0.0,0.0,0.0,0.0,41.0,43.0,1.0,3.0,0.0,0.0,0.0,0.0,0.0,0.0,3.0,5.0,52.0,7.0,1.0,1.0,0.0,7.0,0.0,0.0,0.0,0.0,0.0,0.0,0.0,0.0,2.0,2.0,1.0,1.0,3.0,0.0,2.0,1.0,4.0,0.0,0.0,0.0,0.0,0.0,0.0,0.0,0.0,0.0,0.0,0.0,0.0,0.0,0.0,0.0,0.0,0.0,0.0,0.0,0.0
5749659,2026-08-29T16:30:00.000Z,2,Serie A,Sassuolo,7943,Torino,9804,941953,Saúl Coco,Torino,9804,False,6.58,90.0,0.02,0.28,0.0,0.0,0.0,0.0,96.0,102.0,6.0,10.0,0.0,0.0,0.0,0.0,0.0,0.0,4.0,9.0,113.0,10.0,0.0,1.0,0.0,7.0,0.0,0.0,0.0,1.0,1.0,0.0,0.0,0.0,1.0,6.0,0.0,0.0,1.0,1.0,3.0,1.0,3.0,0.26,0.46,1.0,0.0,1.0,0.0,0.0,1.0,1.0,0.0,0.0,0.0,0.26,0.0,0.0,1.0,0.0,0.0,0.0,0.0
5749659,2026-08-29T16:30:00.000Z,2,Serie A,Sassuolo,7943,Torino,9804,982617,Kieron Bowie,Sassuolo,7943,False,6.54,72.0,0.0,0.86,0.0,0.0,0.0,0.0,8.0,12.0,0.0,0.0,0.0,0.0,0.0,0.0,0.0,0.0,1.0,1.0,23.0,2.0,1.0,2.0,0.0,0.0,1.0,0.0,0.0,1.0,6.0,0.0,0.0,0.0,0.0,0.0,2.0,1.0,5.0,0.0,2.0,1.0,6.0,0.86,0.47,3.0,0.0,1.0,1.0,1.0,1.0,2.0,0.0,0.0,0.0,0.86,0.0,1.0,1.0,0.0,0.0,0.0,0.0
5749659,2026-08-29T16:30:00.000Z,2,Serie A,Sassuolo,7943,Torino,9804,983199,Tino Anjorin,Torino,9804,False,0.0,0.0,0.0,0.0,0.0,0.0,0.0,0.0,0.0,0.0,0.0,0.0,0.0,0.0,0.0,0.0,0.0,0.0,0.0,0.0,0.0,0.0,0.0,0.0,0.0,0.0,0.0,0.0,0.0,0.0,0.0,0.0,0.0,0.0,0.0,0.0,0.0,0.0,0.0,0.0,0.0,0.0,0.0,0.0,0.0,0.0,0.0,0.0,0.0,0.0,0.0,0.0,0.0,0.0,0.0,0.0,0.0,0.0,0.0,0.0,0.0,0.0,0.0
5749659,2026-08-29T16:30:00.000Z,2,Serie A,Sassuolo,7943,Torino,9804,1055183,Andrea Ghion,Sassuolo,7943,False,0.0,0.0,0.0,0.0,0.0,0.0,0.0,0.0,0.0,0.0,0.0,0.0,0.0,0.0,0.0,0.0,0.0,0.0,0.0,0.0,0.0,0.0,0.0,0.0,0.0,0.0,0.0,0.0,0.0,0.0,0.0,0.0,0.0,0.0,0.0,0.0,0.0,0.0,0.0,0.0,0.0,0.0,0.0,0.0,0.0,0.0,0.0,0.0,0.0,0.0,0.0,0.0,0.0,0.0,0.0,0.0,0.0,0.0,0.0,0.0,0.0,0.0,0.0
5749659,2026-08-29T16:30:00.000Z,2,Serie A,Sassuolo,7943,Torino,9804,1079501,Cas Odenthal,Sassuolo,7943,False,0.0,0.0,0.0,0.0,0.0,0.0,0.0,0.0,0.0,0.0,0.0,0.0,0.0,0.0,0.0,0.0,0.0,0.0,0.0,0.0,0.0,0.0,0.0,0.0,0.0,0.0,0.0,0.0,0.0,0.0,0.0,0.0,0.0,0.0,0.0,0.0,0.0,0.0,0.0,0.0,0.0,0.0,0.0,0.0,0.0,0.0,0.0,0.0,0.0,0.0,0.0,0.0,0.0,0.0,0.0,0.0,0.0,0.0,0.0,0.0,0.0,0.0,0.0
5749659,2026-08-29T16:30:00.000Z,2,Serie A,Sassuolo,7943,Torino,9804,1110045,Gaetano Oristanio,Torino,9804,False,0.0,0.0,0.0,0.0,0.0,0.0,0.0,0.0,0.0,0.0,0.0,0.0,0.0,0.0,0.0,0.0,0.0,0.0,0.0,0.0,0.0,0.0,0.0,0.0,0.0,0.0,0.0,0.0,0.0,0.0,0.0,0.0,0.0,0.0,0.0,0.0,0.0,0.0,0.0,0.0,0.0,0.0,0.0,0.0,0.0,0.0,0.0,0.0,0.0,0.0,0.0,0.0,0.0,0.0,0.0,0.0,0.0,0.0,0.0,0.0,0.0,0.0,0.0
5749659,2026-08-29T16:30:00.000Z,2,Serie A,Sassuolo,7943,Torino,9804,1130330,Josh Doig,Sassuolo,7943,False,6.67,61.0,0.02,0.02,0.0,0.0,0.0,0.0,17.0,18.0,0.0,0.0,0.0,0.0,0.0,0.0,0.0,0.0,1.0,4.0,30.0,4.0,0.0,1.0,0.0,6.0,0.0,0.0,0.0,1.0,1.0,0.0,1.0,0.0,0.0,2.0,1.0,0.0,3.0,1.0,1.0,1.0,3.0,0.0,0.0,0.0,0.0,0.0,0.0,0.0,0.0,0.0,1.0,1.0,0.0,0.0,0.0,0.0,0.0,0.0,0.0,0.0,0.0
5749659,2026-08-29T16:30:00.000Z,2,Serie A,Sassuolo,7943,Torino,9804,1167529,Rafael Obrador,Sassuolo,7943,False,6.78,29.0,0.01,0.01,0.0,0.0,0.0,0.0,22.0,24.0,3.0,3.0,0.0,0.0,0.0,0.0,0.0,0.0,1.0,1.0,35.0,3.0,1.0,0.0,2.0,1.0,0.0,0.0,0.0,0.0,0.0,0.0,0.0,0.0,0.0,0.0,1.0,3.0,4.0,0.0,1.0,3.0,2.0,0.0,0.0,0.0,0.0,0.0,0.0,0.0,0.0,0.0,1.0,2.0,0.0,0.0,0.0,1.0,0.0,0.0,0.0,0.0,0.0
5749659,2026-08-29T16:30:00.000Z,2,Serie A,Sassuolo,7943,Torino,9804,1189692,Edoardo Iannoni,Sassuolo,7943,False,0.0,0.0,0.0,0.0,0.0,0.0,0.0,0.0,0.0,0.0,0.0,0.0,0.0,0.0,0.0,0.0,0.0,0.0,0.0,0.0,0.0,0.0,0.0,0.0,0.0,0.0,0.0,0.0,0.0,0.0,0.0,0.0,0.0,0.0,0.0,0.0,0.0,0.0,0.0,0.0,0.0,0.0,0.0,0.0,0.0,0.0,0.0,0.0,0.0,0.0,0.0,0.0,0.0,0.0,0.0,0.0,0.0,0.0,0.0,0.0,0.0,0.0,0.0
5749659,2026-08-29T16:30:00.000Z,2,Serie A,Sassuolo,7943,Torino,9804,1203195,Fedde Leysen,Sassuolo,7943,False,7.72,90.0,0.03,0.03,0.0,0.0,0.0,0.0,37.0,41.0,2.0,5.0,0.0,0.0,0.0,0.0,0.0,0.0,3.0,4.0,50.0,4.0,0.0,0.0,0.0,3.0,0.0,0.0,1.0,1.0,1.0,0.0,0.0,0.0,0.0,2.0,2.0,0.0,2.0,4.0,4.0,4.0,2.0,0.0,0.0,0.0,0.0,0.0,0.0,0.0,0.0,0.0,0.0,0.0,0.0,0.0,0.0,0.0,0.0,0.0,0.0,0.0,0.0
5749659,2026-08-29T16:30:00.000Z,2,Serie A,Sassuolo,7943,Torino,9804,1218556,Kian Fitz-Jim,Torino,9804,False,7.31,90.0,0.26,0.28,0.0,0.0,0.0,0.0,36.0,43.0,4.0,5.0,0.0,0.0,0.0,0.0,0.0,0.0,5.0,1.0,60.0,2.0,3.0,0.0,1.0,5.0,0.0,0.0,0.0,1.0,0.0,5.0,5.0,0.0,0.0,0.0,1.0,9.0,10.0,0.0,0.0,9.0,1.0,0.02,0.0,1.0,1.0,0.0,1.0,0.0,0.0,1.0,0.0,2.0,2.0,0.02,0.0,0.0,0.0,0.0,0.0,0.0,0.0
5749659,2026-08-29T16:30:00.000Z,2,Serie A,Sassuolo,7943,Torino,9804,1301633,Emirhan Ilkhan,Torino,9804,False,6.31,23.0,0.25,0.25,0.0,0.0,0.0,0.0,9.0,10.0,0.0,1.0,0.0,0.0,0.0,0.0,0.0,0.0,1.0,0.0,12.0,1.0,0.0,0.0,1.0,1.0,0.0,0.0,0.0,0.0,0.0,0.0,0.0,0.0,0.0,0.0,0.0,1.0,1.0,0.0,0.0,1.0,0.0,0.0,0.0,0.0,0.0,0.0,0.0,0.0,0.0,0.0,0.0,0.0,0.0,0.0,0.0,0.0,0.0,0.0,0.0,0.0,0.0
5749659,2026-08-29T16:30:00.000Z,2,Serie A,Sassuolo,7943,Torino,9804,1307979,Filippo Missori,Sassuolo,7943,False,0.0,0.0,0.0,0.0,0.0,0.0,0.0,0.0,0.0,0.0,0.0,0.0,0.0,0.0,0.0,0.0,0.0,0.0,0.0,0.0,0.0,0.0,0.0,0.0,0.0,0.0,0.0,0.0,0.0,0.0,0.0,0.0,0.0,0.0,0.0,0.0,0.0,0.0,0.0,0.0,0.0,0.0,0.0,0.0,0.0,0.0,0.0,0.0,0.0,0.0,0.0,0.0,0.0,0.0,0.0,0.0,0.0,0.0,0.0,0.0,0.0,0.0,0.0
5749659,2026-08-29T16:30:00.000Z,2,Serie A,Sassuolo,7943,Torino,9804,1308909,Cristian Volpato,Sassuolo,7943,False,8.27,60.0,0.15,0.3,0.0,0.0,0.0,0.0,20.0,24.0,2.0,3.0,0.0,0.0,0.0,0.0,0.0,0.0,3.0,0.0,36.0,1.0,1.0,1.0,1.0,1.0,0.0,1.0,0.0,3.0,4.0,1.0,1.0,1.0,0.0,0.0,1.0,3.0,6.0,1.0,1.0,4.0,3.0,0.15,0.16,3.0,0.0,2.0,0.0,1.0,2.0,2.0,1.0,1.0,1.0,0.15,0.0,0.0,0.0,0.0,0.0,0.0,0.0
5749659,2026-08-29T16:30:00.000Z,2,Serie A,Sassuolo,7943,Torino,9804,1316088,Benja Domínguez,Sassuolo,7943,False,5.54,30.0,0.01,0.01,0.0,0.0,0.0,0.0,10.0,12.0,0.0,0.0,0.0,0.0,0.0,0.0,0.0,0.0,0.0,0.0,26.0,0.0,2.0,0.0,0.0,0.0,0.0,0.0,0.0,0.0,3.0,1.0,3.0,4.0,0.0,0.0,2.0,3.0,11.0,0.0,1.0,3.0,9.0,0.0,0.0,0.0,0.0,0.0,0.0,0.0,0.0,0.0,1.0,2.0,0.0,0.0,0.0,0.0,0.0,0.0,0.0,0.0,0.0
5749659,2026-08-29T16:30:00.000Z,2,Serie A,Sassuolo,7943,Torino,9804,1369279,Luca Lipani,Sassuolo,7943,False,0.0,1.0,0.0,0.0,0.0,0.0,0.0,0.0,1.0,1.0,0.0,0.0,0.0,0.0,0.0,0.0,0.0,0.0,0.0,0.0,1.0,0.0,0.0,0.0,0.0,0.0,0.0,0.0,0.0,0.0,0.0,0.0,0.0,0.0,0.0,0.0,0.0,0.0,0.0,0.0,0.0,0.0,0.0,0.0,0.0,0.0,0.0,0.0,0.0,0.0,0.0,0.0,0.0,0.0,0.0,0.0,0.0,0.0,0.0,0.0,0.0,0.0,0.0
5749659,2026-08-29T16:30:00.000Z,2,Serie A,Sassuolo,7943,Torino,9804,1382375,Vasilije Adzic,Sassuolo,7943,False,7.7,60.0,0.02,0.04,0.0,0.0,0.0,0.0,19.0,20.0,1.0,1.0,0.0,0.0,0.0,0.0,0.0,0.0,2.0,0.0,24.0,1.0,0.0,2.0,1.0,2.0,0.0,0.0,1.0,4.0,1.0,0.0,1.0,0.0,0.0,0.0,1.0,1.0,5.0,0.0,0.0,1.0,4.0,0.02,0.0,1.0,0.0,0.0,0.0,1.0,0.0,0.0,0.0,1.0,0.0,0.02,0.0,1.0,0.0,0.0,0.0,0.0,0.0
5749659,2026-08-29T16:30:00.000Z,2,Serie A,Sassuolo,7943,Torino,9804,1421505,Gvidas Gineitis,Torino,9804,False,6.62,67.0,0.01,0.09,0.0,0.0,0.0,0.0,15.0,19.0,2.0,3.0,0.0,0.0,0.0,0.0,0.0,0.0,3.0,0.0,30.0,2.0,3.0,1.0,2.0,6.0,0.0,0.0,0.0,0.0,1.0,0.0,1.0,0.0,0.0,0.0,0.0,5.0,7.0,0.0,0.0,5.0,2.0,0.08,0.0,1.0,0.0,0.0,1.0,0.0,0.0,1.0,0.0,2.0,0.0,0.08,0.0,0.0,0.0,0.0,0.0,0.0,0.0
5749659,2026-08-29T16:30:00.000Z,2,Serie A,Sassuolo,7943,Torino,9804,1429871,Ali Dembélé,Torino,9804,False,0.0,0.0,0.0,0.0,0.0,0.0,0.0,0.0,0.0,0.0,0.0,0.0,0.0,0.0,0.0,0.0,0.0,0.0,0.0,0.0,0.0,0.0,0.0,0.0,0.0,0.0,0.0,0.0,0.0,0.0,0.0,0.0,0.0,0.0,0.0,0.0,0.0,0.0,0.0,0.0,0.0,0.0,0.0,0.0,0.0,0.0,0.0,0.0,0.0,0.0,0.0,0.0,0.0,0.0,0.0,0.0,0.0,0.0,0.0,0.0,0.0,0.0,0.0
5749659,2026-08-29T16:30:00.000Z,2,Serie A,Sassuolo,7943,Torino,9804,1529222,Pietro Comuzzo,Torino,9804,False,7.88,90.0,0.03,0.1,0.0,0.0,0.0,0.0,57.0,59.0,1.0,1.0,0.0,0.0,0.0,0.0,0.0,0.0,3.0,3.0,80.0,13.0,0.0,1.0,7.0,3.0,1.0,1.0,0.0,1.0,2.0,0.0,0.0,0.0,2.0,1.0,1.0,7.0,9.0,0.0,1.0,7.0,3.0,0.07,0.46,1.0,0.0,1.0,0.0,0.0,1.0,1.0,0.0,0.0,0.0,0.07,0.0,0.0,0.0,0.0,0.0,0.0,0.0
5749659,2026-08-29T16:30:00.000Z,2,Serie A,Sassuolo,7943,Torino,9804,1577119,Diego Mascardi,Torino,9804,True,6.07,90.0,0.0,0.0,5.0,2.0,0.96,-1.04,29.0,32.0,5.0,6.0,2.0,4.0,0.0,0.0,4.0,0.0,9.0,0.0,41.0,0.0,0.0,0.0,0.0,1.0,0.0,0.0,0.0,0.0,0.0,0.0,0.0,0.0,0.0,0.0,0.0,0.0,0.0,0.0,0.0,0.0,0.0,0.0,0.0,0.0,0.0,0.0,0.0,0.0,0.0,0.0,0.0,0.0,0.0,0.0,0.0,0.0,0.0,0.0,0.0,0.0,0.0
5749659,2026-08-29T16:30:00.000Z,2,Serie A,Sassuolo,7943,Torino,9804,1607014,Alieu Njie,Torino,9804,False,0.0,0.0,0.0,0.0,0.0,0.0,0.0,0.0,0.0,0.0,0.0,0.0,0.0,0.0,0.0,0.0,0.0,0.0,0.0,0.0,0.0,0.0,0.0,0.0,0.0,0.0,0.0,0.0,0.0,0.0,0.0,0.0,0.0,0.0,0.0,0.0,0.0,0.0,0.0,0.0,0.0,0.0,0.0,0.0,0.0,0.0,0.0,0.0,0.0,0.0,0.0,0.0,0.0,0.0,0.0,0.0,0.0,0.0,0.0,0.0,0.0,0.0,0.0
5749659,2026-08-29T16:30:00.000Z,2,Serie A,Sassuolo,7943,Torino,9804,1641041,Darryl Bakola,Sassuolo,7943,False,7.57,90.0,0.21,0.21,0.0,0.0,0.0,0.0,49.0,52.0,3.0,3.0,0.0,0.0,0.0,0.0,0.0,0.0,6.0,0.0,74.0,2.0,0.0,2.0,1.0,7.0,0.0,0.0,0.0,3.0,3.0,3.0,5.0,2.0,1.0,0.0,3.0,4.0,13.0,1.0,1.0,5.0,9.0,0.0,0.0,0.0,0.0,0.0,0.0,0.0,0.0,0.0,1.0,4.0,0.0,0.0,0.0,0.0,0.0,0.0,0.0,0.0,0.0
5749659,2026-08-29T16:30:00.000Z,2,Serie A,Sassuolo,7943,Torino,9804,1642351,Niccolò Fortini,Torino,9804,False,6.87,73.0,0.14,0.14,0.0,0.0,0.0,0.0,34.0,38.0,2.0,2.0,0.0,0.0,0.0,0.0,0.0,0.0,6.0,1.0,57.0,2.0,0.0,0.0,1.0,2.0,0.0,0.0,0.0,1.0,1.0,2.0,4.0,0.0,0.0,1.0,1.0,3.0,6.0,0.0,0.0,3.0,3.0,0.0,0.0,0.0,0.0,0.0,0.0,0.0,0.0,0.0,1.0,3.0,1.0,0.0,0.0,0.0,0.0,0.0,0.0,0.0,0.0
5749659,2026-08-29T16:30:00.000Z,2,Serie A,Sassuolo,7943,Torino,9804,1735847,Simone Cinquegrano,Sassuolo,7943,False,7.46,90.0,0.03,0.24,0.0,0.0,0.0,0.0,38.0,43.0,2.0,2.0,0.0,0.0,0.0,0.0,0.0,0.0,5.0,0.0,65.0,2.0,0.0,1.0,1.0,8.0,1.0,0.0,0.0,0.0,3.0,0.0,0.0,0.0,0.0,0.0,0.0,1.0,2.0,1.0,1.0,2.0,1.0,0.21,0.14,2.0,0.0,1.0,1.0,0.0,1.0,2.0,0.0,3.0,0.0,0.21,0.0,0.0,0.0,1.0,0.0,0.0,0.0
5749659,2026-08-29T16:30:00.000Z,2,Serie A,Sassuolo,7943,Torino,9804,1746591,Alessio Cacciamani,Torino,9804,False,7.75,90.0,0.32,0.4,0.0,0.0,0.0,0.0,36.0,38.0,1.0,1.0,0.0,0.0,0.0,0.0,0.0,0.0,3.0,2.0,68.0,5.0,3.0,1.0,2.0,2.0,0.0,0.0,1.0,1.0,2.0,3.0,6.0,0.0,1.0,2.0,0.0,8.0,12.0,0.0,2.0,8.0,6.0,0.08,0.0,1.0,1.0,0.0,0.0,1.0,0.0,0.0,2.0,5.0,0.0,0.08,0.0,0.0,0.0,0.0,0.0,0.0,0.0
5749659,2026-08-29T16:30:00.000Z,2,Serie A,Sassuolo,7943,Torino,9804,1762472,Andrea Luongo,Torino,9804,False,0.0,0.0,0.0,0.0,0.0,0.0,0.0,0.0,0.0,0.0,0.0,0.0,0.0,0.0,0.0,0.0,0.0,0.0,0.0,0.0,0.0,0.0,0.0,0.0,0.0,0.0,0.0,0.0,0.0,0.0,0.0,0.0,0.0,0.0,0.0,0.0,0.0,0.0,0.0,0.0,0.0,0.0,0.0,0.0,0.0,0.0,0.0,0.0,0.0,0.0,0.0,0.0,0.0,0.0,0.0,0.0,0.0,0.0,0.0,0.0,0.0,0.0,0.0
5749659,2026-08-29T16:30:00.000Z,2,Serie A,Sassuolo,7943,Torino,9804,1817264,Lapo Siviero,Torino,9804,True,0.0,0.0,0.0,0.0,0.0,0.0,0.0,0.0,0.0,0.0,0.0,0.0,0.0,0.0,0.0,0.0,0.0,0.0,0.0,0.0,0.0,0.0,0.0,0.0,0.0,0.0,0.0,0.0,0.0,0.0,0.0,0.0,0.0,0.0,0.0,0.0,0.0,0.0,0.0,0.0,0.0,0.0,0.0,0.0,0.0,0.0,0.0,0.0,0.0,0.0,0.0,0.0,0.0,0.0,0.0,0.0,0.0,0.0,0.0,0.0,0.0,0.0,0.0
5749659,2026-08-29T16:30:00.000Z,2,Serie A,Sassuolo,7943,Torino,9804,1879686,Mattia Pellini,Torino,9804,False,0.0,0.0,0.0,0.0,0.0,0.0,0.0,0.0,0.0,0.0,0.0,0.0,0.0,0.0,0.0,0.0,0.0,0.0,0.0,0.0,0.0,0.0,0.0,0.0,0.0,0.0,0.0,0.0,0.0,0.0,0.0,0.0,0.0,0.0,0.0,0.0,0.0,0.0,0.0,0.0,0.0,0.0,0.0,0.0,0.0,0.0,0.0,0.0,0.0,0.0,0.0,0.0,0.0,0.0,0.0,0.0,0.0,0.0,0.0,0.0,0.0,0.0,0.0
5749659,2026-08-29T16:30:00.000Z,2,Serie A,Sassuolo,7943,Torino,9804,2022716,Gabriel Kulla,Sassuolo,7943,False,0.0,0.0,0.0,0.0,0.0,0.0,0.0,0.0,0.0,0.0,0.0,0.0,0.0,0.0,0.0,0.0,0.0,0.0,0.0,0.0,0.0,0.0,0.0,0.0,0.0,0.0,0.0,0.0,0.0,0.0,0.0,0.0,0.0,0.0,0.0,0.0,0.0,0.0,0.0,0.0,0.0,0.0,0.0,0.0,0.0,0.0,0.0,0.0,0.0,0.0,0.0,0.0,0.0,0.0,0.0,0.0,0.0,0.0,0.0,0.0,0.0,0.0,0.0
