match_id,match_date,match_round,league_name,home_team,home_team_id,away_team,away_team_id,id,eventType,teamId,playerId,playerName,x,y,min,minAdded,isBlocked,isOnTarget,blockedX,blockedY,goalCrossedY,goalCrossedZ,expectedGoals,expectedGoalsOnTarget,shotType,situation,period,isOwnGoal,onGoalShot,isSavedOffLine,isFromInsideBox,keeperId,firstName,lastName,fullName,teamColor,shortName
5749640,2026-08-24T18:45:00.000Z,1,Serie A,Roma,8686,Fiorentina,8535,2959516475,AttemptSaved,8686,325916,Paulo Dybala,82.7101941752,23.9992356735,4,,False,True,103.2931034484,33.31375,31.7125,0.160526315,0.03503740578889847,0.09439237415790558,LeftFoot,FastBreak,FirstHalf,False,"{'x': 1.6051587301587305, 'y': 0.042467279100529096, 'zoomRatio': 1}",False,False,182917.0,Paulo,Dybala,Paulo Dybala,#96092B,
5749640,2026-08-24T18:45:00.000Z,1,Serie A,Roma,8686,Fiorentina,8535,2959517791,Miss,8686,325916,Paulo Dybala,88.6,24.699872616500002,6,,False,False,,,37.744,4.7063448344,0.048507820814847946,0.0,LeftFoot,RegularPlay,FirstHalf,False,"{'x': 0.4612339008638947, 'y': 0.6772486772486772, 'zoomRatio': 0.5439465423970294}",False,True,,Paulo,Dybala,Paulo Dybala,#96092B,
5749640,2026-08-24T18:45:00.000Z,1,Serie A,Roma,8686,Fiorentina,8535,2959521659,AttemptSaved,8535,950596,Marco Brescianini,78.8810679624,48.8351592332,12,,False,True,103.9568965518,35.3725,34.533750000000005,0.28252631440000003,0.01411525160074234,0.011552348732948303,LeftFoot,RegularPlay,FirstHalf,False,"{'x': 0.8587962962962951, 'y': 0.07474241121693122, 'zoomRatio': 1}",False,False,768474.0,Marco,Brescianini,Marco Brescianini,#5F259F,
5749640,2026-08-24T18:45:00.000Z,1,Serie A,Roma,8686,Fiorentina,8535,2959522869,Miss,8686,325916,Paulo Dybala,93.3,24.2794904507,14,,False,False,,,30.492499999999996,6.3921379432,0.07037040591239929,0.0,LeftFoot,RegularPlay,FirstHalf,False,"{'x': 1.3716205370656558, 'y': 0.6772486772486772, 'zoomRatio': 0.40049198292464033}",False,True,,Paulo,Dybala,Paulo Dybala,#96092B,
5749640,2026-08-24T18:45:00.000Z,1,Serie A,Roma,8686,Fiorentina,8535,2959527325,AttemptSaved,8686,1525065,Rodrigo Mora,94.1929824545,47.0835668757,19,,False,True,103.2931034484,35.83,32.17,1.4639999928,0.03773796185851097,0.11419954895973206,RightFoot,RegularPlay,FirstHalf,False,"{'x': 1.4841269841269837, 'y': 0.38730158539682535, 'zoomRatio': 1}",False,True,182917.0,Rodrigo,Mora,Rodrigo Mora,#96092B,
5749640,2026-08-24T18:45:00.000Z,1,Serie A,Roma,8686,Fiorentina,8535,2959528099,Miss,8686,787242,Evan N'Dicka,98.7280701752,31.7125,20,,False,False,101.4913793106,37.431250000000006,49.1854777047,0.802631575,0.40696150064468384,0.0,Header,ThrowInSetPiece,FirstHalf,False,"{'x': 0, 'y': 0.05285520749548634, 'zoomRatio': 0.24892203416360534}",False,True,,Evan,N'Dicka,Evan N'Dicka,#96092B,
5749640,2026-08-24T18:45:00.000Z,1,Serie A,Roma,8686,Fiorentina,8535,2959532929,Miss,8686,1800491,Emanuele Lulli,98.4385964909,31.026249999999997,25,,False,False,,,32.39875,5.1842758704000005,0.12121141701936722,0.0,Header,RegularPlay,FirstHalf,False,"{'x': 1.2091795405094392, 'y': 0.6772486772486772, 'zoomRatio': 0.4938008825140857}",False,True,,Emanuele,Lulli,Emanuele Lulli,#96092B,
5749640,2026-08-24T18:45:00.000Z,1,Serie A,Roma,8686,Fiorentina,8535,2959534787,Goal,8686,660301,Donyell Malen,98.3421052628,35.0675,27,,False,True,,,33.2375,0.2439999988,0.3867528438568115,0.2458566427230835,LeftFoot,RegularPlay,FirstHalf,False,"{'x': 1.2017195767195774, 'y': 0.06455026423280423, 'zoomRatio': 1}",False,True,182917.0,Donyell,Malen,Donyell Malen,#96092B,
5749640,2026-08-24T18:45:00.000Z,1,Serie A,Roma,8686,Fiorentina,8535,2959538267,AttemptSaved,8686,325916,Paulo Dybala,76.40339806,33.084999999999994,31,,True,True,85.9235294112,33.466249999999995,34.305,1.2199999940000001,0.03881584480404854,0.0,LeftFoot,FreeKick,FirstHalf,False,"{'x': 0.9193121693121694, 'y': 0.32275132116402117, 'zoomRatio': 1}",False,False,,Paulo,Dybala,Paulo Dybala,#96092B,
5749640,2026-08-24T18:45:00.000Z,1,Serie A,Roma,8686,Fiorentina,8535,2959539307,AttemptSaved,8686,660301,Donyell Malen,91.4,40.721666666999994,32,,True,True,94.675438595,39.292857143999996,35.448750000000004,1.2199999940000001,0.07960372418165207,0.0,RightFoot,RegularPlay,FirstHalf,False,"{'x': 0.6167328042328032, 'y': 0.32275132116402117, 'zoomRatio': 1}",False,True,,Donyell,Malen,Donyell Malen,#96092B,
5749640,2026-08-24T18:45:00.000Z,1,Serie A,Roma,8686,Fiorentina,8535,2959545783,AttemptSaved,8535,1246009,Cher Ndour,82.8228155344,20.9864968186,40,,False,True,101.8706896554,31.636249999999997,37.355000000000004,0.0385263156,0.03312728926539421,0.20280775427818298,RightFoot,RegularPlay,FirstHalf,False,"{'x': 0.11243386243386144, 'y': 0.010192146984126984, 'zoomRatio': 1}",False,False,768474.0,Cher,Ndour,Cher Ndour,#5F259F,
5749640,2026-08-24T18:45:00.000Z,1,Serie A,Roma,8686,Fiorentina,8535,2959546709,AttemptSaved,8686,1525065,Rodrigo Mora,83.2733009712,46.8033120985,41,,False,True,103.2931034484,34.38125,32.70374999999999,0.20547368320000003,0.014072058722376823,0.020702922716736794,RightFoot,RegularPlay,FirstHalf,False,"{'x': 1.3429232804232825, 'y': 0.05435811724867726, 'zoomRatio': 1}",False,False,182917.0,Rodrigo,Mora,Rodrigo Mora,#96092B,
5749640,2026-08-24T18:45:00.000Z,1,Serie A,Roma,8686,Fiorentina,8535,2959567015,Miss,8535,1607566,Franco Mastantuono,75.840291264,23.5788535077,50,,False,False,,,30.72125,5.7925517344,0.03251766785979271,0.0,LeftFoot,FreeKick,SecondHalf,False,"{'x': 1.3833421266386163, 'y': 0.6772486772486772, 'zoomRatio': 0.4419468512981988}",False,False,,Franco,Mastantuono,Franco Mastantuono,#5F259F,
5749640,2026-08-24T18:45:00.000Z,1,Serie A,Roma,8686,Fiorentina,8535,2959568607,Goal,8686,660301,Donyell Malen,100.06896551759999,44.841528658099996,52,,False,True,,,36.2875,1.990526306,0.05776962637901306,0.4224182367324829,LeftFoot,RegularPlay,SecondHalf,False,"{'x': 0.39484126984126955, 'y': 0.5265942608465608, 'zoomRatio': 1}",False,True,182917.0,Donyell,Malen,Donyell Malen,#96092B,
5749640,2026-08-24T18:45:00.000Z,1,Serie A,Roma,8686,Fiorentina,8535,2959569643,Miss,8535,1246009,Cher Ndour,94.38596491070001,31.4075,54,,False,False,103.9568965518,29.967857141,29.799761903000004,0.802631575,0.03576686978340149,0.0,Header,ThrowInSetPiece,SecondHalf,False,"{'x': 2, 'y': 0.1910919229967645, 'zoomRatio': 0.8999489821064788}",False,True,768474.0,Cher,Ndour,Cher Ndour,#5F259F,
5749640,2026-08-24T18:45:00.000Z,1,Serie A,Roma,8686,Fiorentina,8535,2959571663,Miss,8686,660301,Donyell Malen,84.06165048560001,27.110238095,58,,False,False,,,41.7146875,0.3595789456,0.06811240315437317,0.0,RightFoot,RegularPlay,SecondHalf,False,"{'x': 0, 'y': 0.04660965795438897, 'zoomRatio': 0.4899744804958078}",False,False,,Donyell,Malen,Donyell Malen,#96092B,
5749640,2026-08-24T18:45:00.000Z,1,Serie A,Roma,8686,Fiorentina,8535,2959572773,Goal,8686,660301,Donyell Malen,102.4396551726,31.254999999999995,60,,False,True,,,32.0175,0.8925263114,0.8920701146125793,0.9873906373977661,RightFoot,RegularPlay,SecondHalf,False,"{'x': 1.5244708994709, 'y': 0.2361180717989418, 'zoomRatio': 1}",False,True,182917.0,Donyell,Malen,Donyell Malen,#96092B,
5749640,2026-08-24T18:45:00.000Z,1,Serie A,Roma,8686,Fiorentina,8535,2959577453,Miss,8535,1666494,Christ Inao Oulaï,80.345145632,23.438726119099996,67,,False,False,,,27.698571428000005,1.0723157842,0.015975598245859146,0.0,RightFoot,FromCorner,SecondHalf,False,"{'x': 2, 'y': 0.17017026725729606, 'zoomRatio': 0.5998639763681837}",False,False,,Christ Inao,Oulaï,Christ Inao Oulaï,#5F259F,
5749640,2026-08-24T18:45:00.000Z,1,Serie A,Roma,8686,Fiorentina,8535,2959579981,AttemptSaved,8535,747926,Moise Kean,90.7,25.186875,71,,False,True,102.4396551726,31.636249999999997,34.61,0.2439999988,0.13957899808883667,0.12544667720794678,RightFoot,FastBreak,SecondHalf,False,"{'x': 0.8386243386243388, 'y': 0.06455026423280423, 'zoomRatio': 1}",False,True,768474.0,Moise,Kean,Moise Kean,#5F259F,
5749640,2026-08-24T18:45:00.000Z,1,Serie A,Roma,8686,Fiorentina,8535,2959580509,Miss,8535,750734,Dodô,75.6150485456,25.649375000000003,72,,False,False,,,19.304968155399997,6.027172424800001,0.005302860401570797,0.0,RightFoot,FromCorner,SecondHalf,False,"{'x': 2, 'y': 0.4101503479908968, 'zoomRatio': 0.2572297930330134}",False,False,,,Dodô,Dodô,#5F259F,
5749640,2026-08-24T18:45:00.000Z,1,Serie A,Roma,8686,Fiorentina,8535,2959580973,AttemptSaved,8535,747926,Moise Kean,87.53382352919999,48.134522290199996,73,,False,True,102.4396551726,35.90625,34.61,0.5714736814000001,0.0348798930644989,0.0238333772867918,RightFoot,FastBreak,SecondHalf,False,"{'x': 0.8386243386243388, 'y': 0.15118351359788362, 'zoomRatio': 1}",False,False,768474.0,Moise,Kean,Moise Kean,#5F259F,
5749640,2026-08-24T18:45:00.000Z,1,Serie A,Roma,8686,Fiorentina,8535,2959586655,Miss,8535,1203661,Radu Dragusin,95.4473684198,25.071250000000003,81,,False,False,98.92105263139999,31.254999999999995,41.772499999999994,0.8925263114,0.0377790629863739,0.0,Header,SetPiece,SecondHalf,False,"{'x': 0, 'y': 0.11483130413637836, 'zoomRatio': 0.48633000964940537}",False,True,,Radu,Dragusin,Radu Dragusin,#5F259F,
5749640,2026-08-24T18:45:00.000Z,1,Serie A,Roma,8686,Fiorentina,8535,2959588245,Miss,8686,1282008,Santiago Castro,91.1,37.50750000000001,84,,False,False,,,39.040714287,1.9648420956000001,0.15488295257091522,0.0,LeftFoot,RegularPlay,SecondHalf,False,"{'x': 0, 'y': 0.38979437907586373, 'zoomRatio': 0.7498937223537185}",False,True,,Santiago,Castro,Santiago Castro,#96092B,
5749640,2026-08-24T18:45:00.000Z,1,Serie A,Roma,8686,Fiorentina,8535,2959588759,AttemptSaved,8686,1280082,Matias Soulé,99.784482759,25.7071875,85,,False,True,103.103448276,30.22,34.22875,0.3274736826,0.1860889196395874,0.279069721698761,LeftFoot,RegularPlay,SecondHalf,False,"{'x': 0.9394841269841275, 'y': 0.08663324936507935, 'zoomRatio': 1}",False,True,182917.0,Matias,Soulé,Matias Soulé,#96092B,
5749640,2026-08-24T18:45:00.000Z,1,Serie A,Roma,8686,Fiorentina,8535,2959589411,Goal,8686,1451196,Niccolò Pisilli,100.44827586240001,33.084999999999994,86,,False,True,,,36.51625,0.2439999988,0.3167087733745575,0.8354181051254272,RightFoot,RegularPlay,SecondHalf,False,"{'x': 0.33432539682539697, 'y': 0.06455026423280423, 'zoomRatio': 1}",False,True,182917.0,Niccolò,Pisilli,Niccolò Pisilli,#96092B,
5749640,2026-08-24T18:45:00.000Z,1,Serie A,Roma,8686,Fiorentina,8535,2959592317,AttemptSaved,8686,1280082,Matias Soulé,94.675438595,22.878216564699997,90,2.0,True,True,99.01754385950001,28.875238094000004,37.58375000000001,1.2199999940000001,0.1507890820503235,0.0,LeftFoot,RegularPlay,SecondHalf,False,"{'x': 0.05191798941798709, 'y': 0.32275132116402117, 'zoomRatio': 1}",False,True,,Matias,Soulé,Matias Soulé,#96092B,
5749641,2026-08-23T18:45:00.000Z,1,Serie A,Atalanta,8524,Sassuolo,7943,2959078251,Goal,8524,951743,Giacomo Raspadori,94.675438595,44.2810191037,6,,False,True,,,33.92375,1.1814736784,0.09114818274974823,0.06685353070497513,LeftFoot,RegularPlay,FirstHalf,False,"{'x': 1.0201719576719581, 'y': 0.31255917417989415, 'zoomRatio': 1}",False,True,760752.0,Giacomo,Raspadori,Giacomo Raspadori,#004ca6,
5749641,2026-08-23T18:45:00.000Z,1,Serie A,Atalanta,8524,Sassuolo,7943,2959081975,Miss,7943,982617,Kieron Bowie,96.3157894727,38.032142859000004,10,,False,False,,,37.50750000000001,4.341379316,0.06727095693349838,0.0,LeftFoot,RegularPlay,FirstHalf,False,"{'x': 0.4528352483057392, 'y': 0.6772486772486772, 'zoomRatio': 0.5896743439499079}",False,True,,Kieron,Bowie,Kieron Bowie,#009A44,
5749641,2026-08-23T18:45:00.000Z,1,Serie A,Atalanta,8524,Sassuolo,7943,2959082613,AttemptSaved,8524,1053714,Nicola Zalewski,92.3,24.2794904507,10,,False,True,98.6315789471,29.211428570000002,31.7125,0.28252631440000003,0.2582261264324188,0.4471869468688965,RightFoot,RegularPlay,FirstHalf,False,"{'x': 1.6051587301587305, 'y': 0.07474241121693122, 'zoomRatio': 1}",False,True,760752.0,Nicola,Zalewski,Nicola Zalewski,#004ca6,
5749641,2026-08-23T18:45:00.000Z,1,Serie A,Atalanta,8524,Sassuolo,7943,2959089753,AttemptSaved,8524,951743,Giacomo Raspadori,91.7,44.35108279800001,18,,True,True,94.4824561388,42.639687499999994,35.60125,1.2199999940000001,0.07545018196105957,0.0,LeftFoot,FastBreak,FirstHalf,False,"{'x': 0.5763888888888888, 'y': 0.32275132116402117, 'zoomRatio': 1}",False,True,,Giacomo,Raspadori,Giacomo Raspadori,#004ca6,
5749641,2026-08-23T18:45:00.000Z,1,Serie A,Atalanta,8524,Sassuolo,7943,2959090815,AttemptSaved,8524,957203,Éderson,78.4305825256,49.1854777047,19,,False,True,103.2931034484,35.525000000000006,36.135000000000005,0.3659999982,0.013388426974415779,0.0814664289355278,RightFoot,RegularPlay,FirstHalf,False,"{'x': 0.4351851851851839, 'y': 0.09682539634920634, 'zoomRatio': 1}",False,False,760752.0,,Éderson,Éderson,#004ca6,
5749641,2026-08-23T18:45:00.000Z,1,Serie A,Atalanta,8524,Sassuolo,7943,2959098625,Miss,7943,1641041,Darryl Bakola,86.889705882,30.797499999999996,25,,False,False,,,28.707142856,1.4254736772,0.07327617704868317,0.0,LeftFoot,RegularPlay,FirstHalf,False,"{'x': 2, 'y': 0.2693202628406328, 'zoomRatio': 0.7141700403316238}",False,False,,Darryl,Bakola,Darryl Bakola,#009A44,
5749641,2026-08-23T18:45:00.000Z,1,Serie A,Atalanta,8524,Sassuolo,7943,2959099627,Post,8524,244811,Davide Zappacosta,94.38596491070001,19.725350321199997,25,,False,False,,,31.78875,2.554,0.037377726286649704,0.0,RightFoot,RegularPlay,FirstHalf,False,"{'x': 1.5849867724867723, 'y': 0.6756613756613755, 'zoomRatio': 1}",False,True,,Davide,Zappacosta,Davide Zappacosta,#004ca6,
5749641,2026-08-23T18:45:00.000Z,1,Serie A,Atalanta,8524,Sassuolo,7943,2959102219,AttemptSaved,7943,1382375,Vasilije Adzic,82.1470873792,22.738089176099997,27,,True,True,95.2543859636,29.463571426999998,34.7625,1.2199999940000001,0.02346319891512394,0.0,RightFoot,SetPiece,FirstHalf,False,"{'x': 0.7982804232804226, 'y': 0.32275132116402117, 'zoomRatio': 1}",False,False,,Vasilije,Adzic,Vasilije Adzic,#009A44,
5749641,2026-08-23T18:45:00.000Z,1,Serie A,Atalanta,8524,Sassuolo,7943,2959102343,AttemptSaved,7943,1130330,Josh Doig,78.092718448,42.2928125,27,,True,True,92.4,37.696,32.9325,1.2199999940000001,0.020164718851447105,0.0,LeftFoot,SetPiece,FirstHalf,False,"{'x': 1.282407407407408, 'y': 0.32275132116402117, 'zoomRatio': 1}",False,False,,Josh,Doig,Josh Doig,#009A44,
5749641,2026-08-23T18:45:00.000Z,1,Serie A,Atalanta,8524,Sassuolo,7943,2959104455,AttemptSaved,7943,935769,Armand Laurienté,89.3,49.8861146477,29,,True,True,90.5,48.695031844599995,34.07625,1.2199999940000001,0.01615569181740284,0.0,RightFoot,RegularPlay,FirstHalf,False,"{'x': 0.9798280423280419, 'y': 0.32275132116402117, 'zoomRatio': 1}",False,True,,Armand,Laurienté,Armand Laurienté,#009A44,
5749641,2026-08-23T18:45:00.000Z,1,Serie A,Atalanta,8524,Sassuolo,7943,2959105681,AttemptSaved,7943,935769,Armand Laurienté,82.7101941752,46.873375792800005,30,,False,True,103.4827586208,34.99125,32.0175,1.5025263084,0.02067273110151291,0.09337252378463745,RightFoot,RegularPlay,FirstHalf,False,"{'x': 1.5244708994709, 'y': 0.39749373238095237, 'zoomRatio': 1}",False,False,1013021.0,Armand,Laurienté,Armand Laurienté,#009A44,
5749641,2026-08-23T18:45:00.000Z,1,Serie A,Atalanta,8524,Sassuolo,7943,2959107135,AttemptSaved,7943,1382375,Vasilije Adzic,95.15789473550001,31.331249999999997,31,,False,True,98.6315789471,31.941249999999997,34.22875,1.0979999946,0.6167835593223572,0.2894213795661926,RightFoot,RegularPlay,FirstHalf,False,"{'x': 0.9394841269841275, 'y': 0.29047618904761907, 'zoomRatio': 1}",False,True,1013021.0,Vasilije,Adzic,Vasilije Adzic,#009A44,
5749641,2026-08-23T18:45:00.000Z,1,Serie A,Atalanta,8524,Sassuolo,7943,2959108127,Miss,7943,982617,Kieron Bowie,101.9655172416,36.66875,32,,False,False,,,37.696,5.1842758704000005,0.5483758449554443,0.0,Header,FromCorner,FirstHalf,False,"{'x': 0.517172470430672, 'y': 0.6772486772486772, 'zoomRatio': 0.4938008825140857}",False,True,,Kieron,Bowie,Kieron Bowie,#009A44,
5749641,2026-08-23T18:45:00.000Z,1,Serie A,Atalanta,8524,Sassuolo,7943,2959113061,AttemptSaved,7943,1382375,Vasilije Adzic,91.4,30.22,35,,True,True,93.1,30.244,30.873749999999998,1.2199999940000001,0.061881378293037415,0.0,RightFoot,RegularPlay,FirstHalf,False,"{'x': 1.8270502645502642, 'y': 0.32275132116402117, 'zoomRatio': 1}",False,True,,Vasilije,Adzic,Vasilije Adzic,#009A44,
5749641,2026-08-23T18:45:00.000Z,1,Serie A,Atalanta,8524,Sassuolo,7943,2959117761,AttemptSaved,7943,1382375,Vasilije Adzic,96.605263157,24.955625,40,,False,True,104.3362068966,30.873749999999998,31.026249999999997,0.4879999976,0.083136647939682,0.16225895285606384,RightFoot,RegularPlay,FirstHalf,False,"{'x': 1.7867063492063497, 'y': 0.12910052846560846, 'zoomRatio': 1}",False,True,1013021.0,Vasilije,Adzic,Vasilije Adzic,#009A44,
5749641,2026-08-23T18:45:00.000Z,1,Serie A,Atalanta,8524,Sassuolo,7943,2959120257,Miss,7943,935769,Armand Laurienté,76.0655339824,49.3256050933,42,,False,False,,,28.539047618000005,4.7063448344,0.035221491008996964,0.0,RightFoot,FreeKick,FirstHalf,False,"{'x': 1.7858376101544229, 'y': 0.6772486772486772, 'zoomRatio': 0.5439465423970294}",False,False,,Armand,Laurienté,Armand Laurienté,#009A44,
5749641,2026-08-23T18:45:00.000Z,1,Serie A,Atalanta,8524,Sassuolo,7943,2959121317,AttemptSaved,7943,1308909,Cristian Volpato,100.9224137934,23.0183439533,43,,False,True,104.051724138,30.328,31.636249999999997,0.8539999958000001,0.052160538733005524,0.112825907766819,RightFoot,RegularPlay,FirstHalf,False,"{'x': 1.6253306878306886, 'y': 0.22592592481481483, 'zoomRatio': 1}",False,True,1013021.0,Cristian,Volpato,Cristian Volpato,#009A44,
5749641,2026-08-23T18:45:00.000Z,1,Serie A,Atalanta,8524,Sassuolo,7943,2959123421,AttemptSaved,8524,1012842,Gianluca Gaetano,77.1917475744,46.873375792800005,45,0.0,False,True,102.25000000019999,35.3725,34.0,1.2585263096000001,0.013515837490558624,0.009147044271230698,RightFoot,RegularPlay,FirstHalf,False,"{'x': 1, 'y': 0.3329434681481482, 'zoomRatio': 1}",False,False,760752.0,Gianluca,Gaetano,Gianluca Gaetano,#004ca6,
5749641,2026-08-23T18:45:00.000Z,1,Serie A,Atalanta,8524,Sassuolo,7943,2959147961,Miss,7943,935769,Armand Laurienté,92.8,41.5990625,50,,False,False,,,25.1290625,5.0626206976,0.15102188289165497,0.0,RightFoot,RegularPlay,SecondHalf,False,"{'x': 2, 'y': 0.5706973696523059, 'zoomRatio': 0.4261105435586714}",False,True,,Armand,Laurienté,Armand Laurienté,#009A44,
5749641,2026-08-23T18:45:00.000Z,1,Serie A,Atalanta,8524,Sassuolo,7943,2959148519,AttemptSaved,8524,957203,Éderson,78.2053398072,41.9459375,50,,False,True,103.577586207,33.695,31.026249999999997,0.160526315,0.027718380093574524,0.1539667248725891,RightFoot,RegularPlay,SecondHalf,False,"{'x': 1.7867063492063497, 'y': 0.042467279100529096, 'zoomRatio': 1}",False,False,760752.0,,Éderson,Éderson,#004ca6,
5749641,2026-08-23T18:45:00.000Z,1,Serie A,Atalanta,8524,Sassuolo,7943,2959150199,AttemptSaved,8524,951743,Giacomo Raspadori,97.0877192975,44.841528658099996,52,,True,True,98.7280701752,42.7553125,34.4575,1.2199999940000001,0.0888507217168808,0.0,LeftFoot,RegularPlay,SecondHalf,False,"{'x': 0.8789682539682532, 'y': 0.32275132116402117, 'zoomRatio': 1}",False,True,,Giacomo,Raspadori,Giacomo Raspadori,#004ca6,
5749641,2026-08-23T18:45:00.000Z,1,Serie A,Atalanta,8524,Sassuolo,7943,2959152323,Goal,7943,1079501,Cas Odenthal,101.4913793106,34.7625,55,,False,True,,,31.254999999999995,1.1814736784,0.6431993246078491,0.9859776496887207,Header,ThrowInSetPiece,SecondHalf,False,"{'x': 1.7261904761904774, 'y': 0.31255917417989415, 'zoomRatio': 1}",False,True,1013021.0,Cas,Odenthal,Cas Odenthal,#009A44,
5749641,2026-08-23T18:45:00.000Z,1,Serie A,Atalanta,8524,Sassuolo,7943,2959156173,Miss,7943,935769,Armand Laurienté,93.6,36.440000000000005,60,,False,False,,,31.026249999999997,4.7063448344,0.10227861255407333,0.0,RightFoot,RegularPlay,SecondHalf,False,"{'x': 1.427926198532584, 'y': 0.6772486772486772, 'zoomRatio': 0.5439465423970294}",False,True,,Armand,Laurienté,Armand Laurienté,#009A44,
5749641,2026-08-23T18:45:00.000Z,1,Serie A,Atalanta,8524,Sassuolo,7943,2959158645,Miss,7943,115067,Nemanja Matic,80.0072815544,34.07625,64,,False,False,,,35.448750000000004,4.5846896616,0.016018547117710114,0.0,LeftFoot,RegularPlay,SecondHalf,False,"{'x': 0.7859911807374962, 'y': 0.6772486772486772, 'zoomRatio': 0.5583802152284811}",False,False,,Nemanja,Matic,Nemanja Matic,#009A44,
5749641,2026-08-23T18:45:00.000Z,1,Serie A,Atalanta,8524,Sassuolo,7943,2959160123,AttemptSaved,7943,1308909,Cristian Volpato,90.5,42.1771875,65,,False,True,103.19827586219999,35.220000000000006,34.07625,0.3274736826,0.03706975653767586,0.021335419267416,RightFoot,RegularPlay,SecondHalf,False,"{'x': 0.9798280423280419, 'y': 0.08663324936507935, 'zoomRatio': 1}",False,True,1013021.0,Cristian,Volpato,Cristian Volpato,#009A44,
5749641,2026-08-23T18:45:00.000Z,1,Serie A,Atalanta,8524,Sassuolo,7943,2959160527,Goal,8524,833638,Nikola Krstovic,91.0,29.883809522,65,,False,True,,,32.551249999999996,1.0979999946,0.08843642473220825,0.3507232367992401,RightFoot,RegularPlay,SecondHalf,False,"{'x': 1.3832671957671967, 'y': 0.29047618904761907, 'zoomRatio': 1}",False,True,760752.0,Nikola,Krstovic,Nikola Krstovic,#004ca6,
5749641,2026-08-23T18:45:00.000Z,1,Serie A,Atalanta,8524,Sassuolo,7943,2959165109,AttemptSaved,7943,921921,Kristian Thorstvedt,83.2733009712,26.942142857,69,,False,True,102.72413793119999,33.466249999999995,35.83,0.3659999982,0.03641197457909584,0.06634967774152756,LeftFoot,RegularPlay,SecondHalf,False,"{'x': 0.5158730158730164, 'y': 0.09682539634920634, 'zoomRatio': 1}",False,False,1013021.0,Kristian,Thorstvedt,Kristian Thorstvedt,#009A44,
5749641,2026-08-23T18:45:00.000Z,1,Serie A,Atalanta,8524,Sassuolo,7943,2959165593,Miss,8524,1050178,Lazar Samardzic,82.8228155344,25.938437500000003,70,,False,False,,,39.629047619999994,0.5329473658000001,0.033064521849155426,0.0,LeftFoot,RegularPlay,SecondHalf,False,"{'x': 0, 'y': 0.09467807021323453, 'zoomRatio': 0.6715167920359508}",False,False,,Lazar,Samardzic,Lazar Samardzic,#004ca6,
5749641,2026-08-23T18:45:00.000Z,1,Serie A,Atalanta,8524,Sassuolo,7943,2959166509,AttemptSaved,7943,921921,Kristian Thorstvedt,85.279411764,30.568749999999998,71,,True,True,87.7485294116,30.873749999999998,32.9325,1.2199999940000001,0.03495624288916588,0.0,RightFoot,RegularPlay,SecondHalf,False,"{'x': 1.282407407407408, 'y': 0.32275132116402117, 'zoomRatio': 1}",False,False,,Kristian,Thorstvedt,Kristian Thorstvedt,#009A44,
5749641,2026-08-23T18:45:00.000Z,1,Serie A,Atalanta,8524,Sassuolo,7943,2959169225,AttemptSaved,7943,935769,Armand Laurienté,81.6966019424,51.287388533699996,73,,False,True,104.051724138,34.533750000000005,35.9825,0.2439999988,0.02002132683992386,0.037805553525686264,RightFoot,FromCorner,SecondHalf,False,"{'x': 0.47552910052910013, 'y': 0.06455026423280423, 'zoomRatio': 1}",False,False,1013021.0,Armand,Laurienté,Armand Laurienté,#009A44,
5749641,2026-08-23T18:45:00.000Z,1,Serie A,Atalanta,8524,Sassuolo,7943,2959176005,Miss,8524,833638,Nikola Krstovic,84.7373786408,19.655286626899997,78,,False,False,,,42.8709375,1.4254736772,0.020194025710225105,0.0,LeftFoot,RegularPlay,SecondHalf,False,"{'x': 0, 'y': 0.16069030778314022, 'zoomRatio': 0.4261105435586714}",False,False,,Nikola,Krstovic,Nikola Krstovic,#004ca6,
5749641,2026-08-23T18:45:00.000Z,1,Serie A,Atalanta,8524,Sassuolo,7943,2959181673,AttemptSaved,8524,833638,Nikola Krstovic,92.0,24.5597452279,82,,False,True,103.19827586219999,31.559999999999995,31.7125,0.3274736826,0.07275795191526413,0.12531164288520813,RightFoot,RegularPlay,SecondHalf,False,"{'x': 1.6051587301587305, 'y': 0.08663324936507935, 'zoomRatio': 1}",False,True,760752.0,Nikola,Krstovic,Nikola Krstovic,#004ca6,
5749641,2026-08-23T18:45:00.000Z,1,Serie A,Atalanta,8524,Sassuolo,7943,2959189653,Miss,7943,1316088,Benja Domínguez,81.6966019424,51.5676433109,90,0.0,False,False,,,27.782619046999997,3.7417931072000004,0.021279262378811836,0.0,RightFoot,RegularPlay,SecondHalf,False,"{'x': 2, 'y': 0.6018278653802797, 'zoomRatio': 0.6079730401876178}",False,False,,Benja,Domínguez,Benja Domínguez,#009A44,
5749641,2026-08-23T18:45:00.000Z,1,Serie A,Atalanta,8524,Sassuolo,7943,2959191251,AttemptSaved,8524,244811,Davide Zappacosta,81.92184466079999,18.1839490466,90,2.0,True,True,91.1,23.859108284899996,33.084999999999994,1.2199999940000001,0.024121278896927834,0.0,RightFoot,RegularPlay,SecondHalf,False,"{'x': 1.2420634920634936, 'y': 0.32275132116402117, 'zoomRatio': 1}",False,False,,Davide,Zappacosta,Davide Zappacosta,#004ca6,
5749641,2026-08-23T18:45:00.000Z,1,Serie A,Atalanta,8524,Sassuolo,7943,2959191961,Miss,8524,1202358,Giorgio Scalvini,101.9655172416,42.061562499999994,90,2.0,False,False,,,34.22875,7.3566896704,0.03989073634147644,0.0,Header,FromCorner,SecondHalf,False,"{'x': 0.9789415291576096, 'y': 0.6772486772486772, 'zoomRatio': 0.34798260014966853}",False,True,,Giorgio,Scalvini,Giorgio Scalvini,#004ca6,
5749641,2026-08-23T18:45:00.000Z,1,Serie A,Atalanta,8524,Sassuolo,7943,2959193849,Miss,7943,1735847,Simone Cinquegrano,94.2894736826,22.177579621699998,90,4.0,False,False,,,29.379523808000002,0.7127368386,0.02366763912141323,0.0,RightFoot,RegularPlay,SecondHalf,False,"{'x': 2, 'y': 0.15425614351915706, 'zoomRatio': 0.8180974953501073}",False,True,,Simone,Cinquegrano,Simone Cinquegrano,#009A44,
5749642,2026-08-24T16:30:00.000Z,1,Serie A,Bologna,9857,Lazio,8543,2959450259,Miss,8543,541555,Mattia Zaccagni,93.5,43.860636937900004,8,,False,False,,,28.539047618000005,0.3595789456,0.07952262461185455,0.0,RightFoot,RegularPlay,FirstHalf,False,"{'x': 2, 'y': 0.06584546438918212, 'zoomRatio': 0.6921869548724447}",False,True,,Mattia,Zaccagni,Mattia Zaccagni,#75acd4,
5749642,2026-08-24T16:30:00.000Z,1,Serie A,Bologna,9857,Lazio,8543,2959451405,AttemptSaved,8543,629594,Alfonso Pedraza,92.3,46.7332484042,13,,True,True,98.24561403470001,40.973809524,33.61875,1.2199999940000001,0.07152313739061356,0.0,RightFoot,RegularPlay,FirstHalf,False,"{'x': 1.1008597883597888, 'y': 0.32275132116402117, 'zoomRatio': 1}",False,True,,Alfonso,Pedraza,Alfonso Pedraza,#75acd4,
5749642,2026-08-24T16:30:00.000Z,1,Serie A,Bologna,9857,Lazio,8543,2959451771,AttemptSaved,8543,1146500,Matteo Cancellieri,86.6749999996,20.145732487,14,,False,True,104.051724138,32.24625,31.78875,0.0385263156,0.010533866472542286,0.036654453724622726,LeftFoot,FromCorner,FirstHalf,False,"{'x': 1.5849867724867723, 'y': 0.010192146984126984, 'zoomRatio': 1}",False,False,178732.0,Matteo,Cancellieri,Matteo Cancellieri,#75acd4,
5749642,2026-08-24T16:30:00.000Z,1,Serie A,Bologna,9857,Lazio,8543,2959452579,Miss,9857,1017401,Roberto Piccoli,95.9298245603,39.376904763,17,,False,False,,,41.057857143,1.2456842044,0.044511836022138596,0.0,LeftFoot,FromCorner,FirstHalf,False,"{'x': 0, 'y': 0.17649609210856199, 'zoomRatio': 0.5355733225273642}",False,True,,Roberto,Piccoli,Roberto Piccoli,#102880,
5749642,2026-08-24T16:30:00.000Z,1,Serie A,Bologna,9857,Lazio,8543,2959452895,Miss,8543,1146500,Matteo Cancellieri,80.0072815544,22.808152870399997,20,,False,False,,,33.31375,4.940965524800001,0.026392826810479164,0.0,LeftFoot,RegularPlay,FirstHalf,False,"{'x': 1.0940629725969842, 'y': 0.6772486772486772, 'zoomRatio': 0.518117357255518}",False,False,,Matteo,Cancellieri,Matteo Cancellieri,#75acd4,
5749642,2026-08-24T16:30:00.000Z,1,Serie A,Bologna,9857,Lazio,8543,2959457665,AttemptSaved,9857,1080669,Nadir Zortea,90.8,18.1138853523,36,,True,True,94.8684210512,22.457834398899998,33.466249999999995,1.2199999940000001,0.04276067763566971,0.0,RightFoot,RegularPlay,FirstHalf,False,"{'x': 1.141203703703705, 'y': 0.32275132116402117, 'zoomRatio': 1}",False,True,,Nadir,Zortea,Nadir Zortea,#102880,
5749642,2026-08-24T16:30:00.000Z,1,Serie A,Bologna,9857,Lazio,8543,2959458231,Miss,9857,689680,Jens Odgaard,102.155172414,29.127380951,38,,False,False,104.3362068966,29.295476189000002,29.379523808000002,0.1797894728,0.18249090015888214,0.0,RightFoot,FromCorner,FirstHalf,False,"{'x': 2, 'y': 0.03891145962645403, 'zoomRatio': 0.8180974953501073}",False,True,,Jens,Odgaard,Jens Odgaard,#102880,
5749642,2026-08-24T16:30:00.000Z,1,Serie A,Bologna,9857,Lazio,8543,2959465381,Miss,9857,1503574,Eivind Helland,97.4736842099,41.31,45,4.0,False,False,104.525862069,34.99125,34.07625,3.0118620704000003,0.020569495856761932,0.0,Header,FromCorner,FirstHalf,False,"{'x': 0.9828543902631788, 'y': 0.6772486772486772, 'zoomRatio': 0.8499725220351843}",False,True,915156.0,Eivind,Helland,Eivind Helland,#102880,
5749642,2026-08-24T16:30:00.000Z,1,Serie A,Bologna,9857,Lazio,8543,2959476091,AttemptSaved,9857,689680,Jens Odgaard,99.8793103452,35.0675,48,,False,True,104.3362068966,34.305,36.66875,0.7319999964,0.44897598028182983,0.9104180335998535,Header,FromCorner,SecondHalf,False,"{'x': 0.29398148148148073, 'y': 0.19365079269841268, 'zoomRatio': 1}",False,True,915156.0,Jens,Odgaard,Jens Odgaard,#102880,
5749642,2026-08-24T16:30:00.000Z,1,Serie A,Bologna,9857,Lazio,8543,2959476127,Miss,9857,1044029,Nicolò Cambiaghi,100.44827586240001,37.684,48,,False,False,,,40.46952381,0.1797894728,0.18271149694919586,0.0,RightFoot,FromCorner,SecondHalf,False,"{'x': 1.1102230246251565e-16, 'y': 0.027790217345223748, 'zoomRatio': 0.5842779331234892}",False,True,,Nicolò,Cambiaghi,Nicolò Cambiaghi,#102880,
5749642,2026-08-24T16:30:00.000Z,1,Serie A,Bologna,9857,Lazio,8543,2959478119,AttemptSaved,9857,1044029,Nicolò Cambiaghi,93.1,44.841528658099996,51,,True,True,95.35087719170001,42.928749999999994,34.61,1.2199999940000001,0.04344261810183525,0.0,LeftFoot,RegularPlay,SecondHalf,False,"{'x': 0.8386243386243388, 'y': 0.32275132116402117, 'zoomRatio': 1}",False,True,,Nicolò,Cambiaghi,Nicolò Cambiaghi,#102880,
5749642,2026-08-24T16:30:00.000Z,1,Serie A,Bologna,9857,Lazio,8543,2959481687,Miss,8543,1307957,Romano Floriani Mussolini,94.5789473669,36.36375,58,,False,False,,,33.92375,4.2197241432000006,0.03183233365416527,0.0,Header,FromCorner,SecondHalf,False,"{'x': 1.012237816949108, 'y': 0.6772486772486772, 'zoomRatio': 0.6066747287557619}",False,True,,Romano Floriani,Mussolini,Romano Floriani Mussolini,#75acd4,
5749642,2026-08-24T16:30:00.000Z,1,Serie A,Bologna,9857,Lazio,8543,2959482189,Goal,8543,815431,Davide Frattesi,98.3421052628,26.2853125,59,,False,True,,,33.00875,0.5714736814000001,0.21475115418434143,0.20116978883743286,RightFoot,ThrowInSetPiece,SecondHalf,False,"{'x': 1.26223544973545, 'y': 0.15118351359788362, 'zoomRatio': 1}",False,True,178732.0,Davide,Frattesi,Davide Frattesi,#75acd4,
5749642,2026-08-24T16:30:00.000Z,1,Serie A,Bologna,9857,Lazio,8543,2959483603,AttemptSaved,8543,541555,Mattia Zaccagni,79.3315533992,42.6975,63,,False,True,104.3362068966,34.68625,35.29625000000001,0.44947368200000004,0.031390633434057236,0.02326253429055214,RightFoot,RegularPlay,SecondHalf,False,"{'x': 0.6570767195767175, 'y': 0.11890838148148149, 'zoomRatio': 1}",False,False,178732.0,Mattia,Zaccagni,Mattia Zaccagni,#75acd4,
5749642,2026-08-24T16:30:00.000Z,1,Serie A,Bologna,9857,Lazio,8543,2959485539,AttemptSaved,8543,541555,Mattia Zaccagni,85.06470588159999,35.143750000000004,70,,True,True,90.4,34.68625,33.31375,1.2199999940000001,0.03495624288916588,0.0,RightFoot,RegularPlay,SecondHalf,False,"{'x': 1.1815476190476193, 'y': 0.32275132116402117, 'zoomRatio': 1}",False,False,,Mattia,Zaccagni,Mattia Zaccagni,#75acd4,
5749642,2026-08-24T16:30:00.000Z,1,Serie A,Bologna,9857,Lazio,8543,2959488699,AttemptSaved,9857,414245,Federico Bernardeschi,83.2733009712,20.145732487,76,,False,True,103.577586207,32.474999999999994,36.97375,0.6099999970000001,0.04932931438088417,0.38083091378211975,LeftFoot,FreeKick,SecondHalf,False,"{'x': 0.21329365079365015, 'y': 0.16137566058201058, 'zoomRatio': 1}",False,False,915156.0,Federico,Bernardeschi,Federico Bernardeschi,#102880,
5749642,2026-08-24T16:30:00.000Z,1,Serie A,Bologna,9857,Lazio,8543,2959488901,AttemptSaved,9857,1503574,Eivind Helland,97.4736842099,35.220000000000006,76,,False,True,104.81034482759999,36.21125,36.21125,1.2199999940000001,0.09870157390832901,0.0,RightFoot,FromCorner,SecondHalf,False,"{'x': 0.41501322751322767, 'y': 0.32275132116402117, 'zoomRatio': 1}",True,True,,Eivind,Helland,Eivind Helland,#102880,
5749642,2026-08-24T16:30:00.000Z,1,Serie A,Bologna,9857,Lazio,8543,2959489417,AttemptSaved,9857,1113694,Jonathan Rowe,100.44827586240001,34.22875,77,,False,True,102.06034482780001,34.533750000000005,35.29625000000001,0.44947368200000004,0.33633267879486084,0.26704010367393494,RightFoot,FromCorner,SecondHalf,False,"{'x': 0.6570767195767175, 'y': 0.11890838148148149, 'zoomRatio': 1}",False,True,915156.0,Jonathan,Rowe,Jonathan Rowe,#102880,
5749642,2026-08-24T16:30:00.000Z,1,Serie A,Bologna,9857,Lazio,8543,2959491819,Miss,8543,1020963,Nicolò Rovella,76.5160194192,39.881190477,81,,False,False,,,37.78,5.305931043199999,0.035466499626636505,0.0,RightFoot,FreeKick,SecondHalf,False,"{'x': 0.5175210572551903, 'y': 0.6772486772486772, 'zoomRatio': 0.48247894274480957}",False,False,,Nicolò,Rovella,Nicolò Rovella,#75acd4,
5749642,2026-08-24T16:30:00.000Z,1,Serie A,Bologna,9857,Lazio,8543,2959492193,Miss,9857,414245,Federico Bernardeschi,82.37233009760001,21.1266242072,82,,False,False,,,40.049285714999996,7.600000016000001,0.02108124829828739,0.0,LeftFoot,RegularPlay,SecondHalf,False,"{'x': 0.46093806050551644, 'y': 0.6772486772486772, 'zoomRatio': 0.3368421045540166}",False,False,,Federico,Bernardeschi,Federico Bernardeschi,#102880,
5749642,2026-08-24T16:30:00.000Z,1,Serie A,Bologna,9857,Lazio,8543,2959496333,Miss,8543,1016093,Gustav Isaksen,93.9,24.0692993678,89,,False,False,,,32.39875,5.7925517344,0.09603161364793777,0.0,RightFoot,RegularPlay,SecondHalf,False,"{'x': 1.187213596730487, 'y': 0.6772486772486772, 'zoomRatio': 0.4419468512981988}",False,True,,Gustav,Isaksen,Gustav Isaksen,#75acd4,
5749642,2026-08-24T16:30:00.000Z,1,Serie A,Bologna,9857,Lazio,8543,2959498033,AttemptSaved,9857,1014630,Emil Holm,76.966504856,35.90625,90,2.0,True,True,88.1779411764,35.6775,35.220000000000006,1.2199999940000001,0.039774421602487564,0.0,RightFoot,FreeKick,SecondHalf,False,"{'x': 0.6772486772486757, 'y': 0.32275132116402117, 'zoomRatio': 1}",False,False,,Emil,Holm,Emil Holm,#102880,
5749642,2026-08-24T16:30:00.000Z,1,Serie A,Bologna,9857,Lazio,8543,2959501271,Miss,9857,689680,Jens Odgaard,89.7,33.00875,90,3.0,False,False,93.5,30.95,22.878216564699997,1.4254736772,0.04291553050279617,0.0,LeftFoot,SetPiece,SecondHalf,False,"{'x': 2, 'y': 0.1281695229449996, 'zoomRatio': 0.3398735483378019}",False,True,,Jens,Odgaard,Jens Odgaard,#102880,
5749642,2026-08-24T16:30:00.000Z,1,Serie A,Bologna,9857,Lazio,8543,2959500441,AttemptSaved,9857,888921,Lewis Ferguson,101.3965517244,35.60125,90,6.0,False,True,103.00862068980001,35.3725,35.83,1.2199999940000001,0.312240868806839,0.0,LeftFoot,RegularPlay,SecondHalf,False,"{'x': 0.5158730158730164, 'y': 0.32275132116402117, 'zoomRatio': 1}",True,True,915156.0,Lewis,Ferguson,Lewis Ferguson,#102880,
5749643,2026-08-23T16:30:00.000Z,1,Serie A,Frosinone,9891,Juventus,9885,2958923661,Miss,9891,1117058,Ilario Monterisi,98.0526315785,28.286904761,4,,False,False,,,26.858095238000004,3.3768275888,0.055232804268598557,0.0,Header,SetPiece,FirstHalf,False,"{'x': 2, 'y': 0.4728189049463556, 'zoomRatio': 0.5292705694021971}",False,True,,Ilario,Monterisi,Ilario Monterisi,#d5a300,
5749643,2026-08-23T16:30:00.000Z,1,Serie A,Frosinone,9891,Juventus,9885,2958927567,AttemptSaved,9885,823825,Randal Kolo Muani,86.99705882319999,34.38125,7,,False,True,103.6724137932,34.1525,33.92375,0.0385263156,0.12573504447937012,0.04868029057979584,LeftFoot,RegularPlay,FirstHalf,False,"{'x': 1.0201719576719581, 'y': 0.010192146984126984, 'zoomRatio': 1}",False,False,1289655.0,Randal Kolo,Muani,Randal Kolo Muani,#000001,Kolo Muani
5749643,2026-08-23T16:30:00.000Z,1,Serie A,Frosinone,9891,Juventus,9885,2958928261,AttemptSaved,9885,1185336,Francisco Conceição,92.5,26.6321875,7,,True,True,94.38596491070001,27.698571428000005,33.31375,1.2199999940000001,0.09541093558073044,0.0,LeftFoot,FastBreak,FirstHalf,False,"{'x': 1.1815476190476193, 'y': 0.32275132116402117, 'zoomRatio': 1}",False,True,,Francisco,Conceição,Francisco Conceição,#000001,
5749643,2026-08-23T16:30:00.000Z,1,Serie A,Frosinone,9891,Juventus,9885,2958935143,AttemptSaved,9891,1256534,Antonio Raimondo,90.7,41.225952381,13,,True,True,92.7,40.385476190999995,35.60125,1.2199999940000001,0.0449763648211956,0.0,LeftFoot,RegularPlay,FirstHalf,False,"{'x': 0.5763888888888888, 'y': 0.32275132116402117, 'zoomRatio': 1}",False,True,,Antonio,Raimondo,Antonio Raimondo,#d5a300,
5749643,2026-08-23T16:30:00.000Z,1,Serie A,Frosinone,9891,Juventus,9885,2958939835,Miss,9885,857269,Gleison Bremer,96.0263157884,37.355000000000004,17,,False,False,,,28.539047618000005,1.3355789408,0.09978292882442474,0.0,Header,FromCorner,FirstHalf,False,"{'x': 2, 'y': 0.24456886773124792, 'zoomRatio': 0.6921869548724447}",False,True,,Gleison,Bremer,Gleison Bremer,#000001,
5749643,2026-08-23T16:30:00.000Z,1,Serie A,Frosinone,9891,Juventus,9885,2958941951,Miss,9885,823825,Randal Kolo Muani,100.9224137934,29.715714284,19,,False,False,,,33.00875,6.270482770400001,0.299964964389801,0.0,RightFoot,FromCorner,FirstHalf,False,"{'x': 1.1070607760046405, 'y': 0.6772486772486772, 'zoomRatio': 0.4082620260252617}",False,True,,Randal Kolo,Muani,Randal Kolo Muani,#000001,Kolo Muani
5749643,2026-08-23T16:30:00.000Z,1,Serie A,Frosinone,9891,Juventus,9885,2958944429,Goal,9885,857269,Gleison Bremer,99.1140350876,33.8475,22,,False,True,,,33.31375,0.28252631440000003,0.31943708658218384,0.2997131943702698,Header,FromCorner,FirstHalf,False,"{'x': 1.1815476190476193, 'y': 0.07474241121693122, 'zoomRatio': 1}",False,True,1289655.0,Gleison,Bremer,Gleison Bremer,#000001,
5749643,2026-08-23T16:30:00.000Z,1,Serie A,Frosinone,9891,Juventus,9885,2958950751,Miss,9885,787350,Douglas Luiz,77.8674757296,41.8303125,31,,False,False,,,36.745000000000005,3.6201379344000006,0.03874833136796951,0.0,RightFoot,FreeKick,FirstHalf,False,"{'x': 0.4864705011977011, 'y': 0.6772486772486772, 'zoomRatio': 0.7071553753998859}",False,False,,Douglas,Luiz,Douglas Luiz,#000001,
5749643,2026-08-23T16:30:00.000Z,1,Serie A,Frosinone,9891,Juventus,9885,2958955703,AttemptSaved,9885,1412132,Kenan Yildiz,96.605263157,47.013503181400004,35,,True,True,99.4035087719,42.1771875,31.4075,1.2199999940000001,0.03487413749098778,0.0,LeftFoot,FromCorner,FirstHalf,False,"{'x': 1.6858465608465611, 'y': 0.32275132116402117, 'zoomRatio': 1}",False,True,,Kenan,Yildiz,Kenan Yildiz,#000001,
5749643,2026-08-23T16:30:00.000Z,1,Serie A,Frosinone,9891,Juventus,9885,2958955839,Miss,9885,819215,Lloyd Kelly,97.7631578942,37.12625,35,,False,False,,,39.881190477,6.635448288800001,0.10093094408512115,0.0,LeftFoot,FromCorner,FirstHalf,False,"{'x': 0.39973483360291806, 'y': 0.6772486772486772, 'zoomRatio': 0.38580663861415876}",False,True,,Lloyd,Kelly,Lloyd Kelly,#000001,
5749643,2026-08-23T16:30:00.000Z,1,Serie A,Frosinone,9891,Juventus,9885,2958960903,AttemptSaved,9885,787350,Douglas Luiz,86.6749999996,32.24625,38,,True,True,90.8,32.474999999999994,33.39,1.2199999940000001,0.06662710756063461,0.0,RightFoot,FastBreak,FirstHalf,False,"{'x': 1.1613756613756612, 'y': 0.32275132116402117, 'zoomRatio': 1}",False,False,,Douglas,Luiz,Douglas Luiz,#000001,
5749643,2026-08-23T16:30:00.000Z,1,Serie A,Frosinone,9891,Juventus,9885,2958964151,AttemptSaved,9891,1396091,Gabriele Bracaglia,82.7101941752,32.3225,40,,False,True,102.8189655174,33.00875,34.68625,1.0594736790000001,0.031830135732889175,0.03441670536994934,LeftFoot,RegularPlay,FirstHalf,False,"{'x': 0.8184523809523807, 'y': 0.28028404206349206, 'zoomRatio': 1}",False,False,538501.0,Gabriele,Bracaglia,Gabriele Bracaglia,#d5a300,
5749643,2026-08-23T16:30:00.000Z,1,Serie A,Frosinone,9891,Juventus,9885,2958964191,Miss,9891,1342748,Giorgi Kvernadze,93.2,45.3319745182,40,,False,False,,,39.040714287,1.0723157842,0.053799133747816086,0.0,RightFoot,RegularPlay,FirstHalf,False,"{'x': 0, 'y': 0.21273091929957266, 'zoomRatio': 0.7498937223537185}",False,True,,Giorgi,Kvernadze,Giorgi Kvernadze,#d5a300,
5749643,2026-08-23T16:30:00.000Z,1,Serie A,Frosinone,9891,Juventus,9885,2958965875,AttemptSaved,9885,1131217,Pierre Kalulu,94.7719298231,24.955625,42,,False,True,103.19827586219999,31.941249999999997,37.2025,1.0594736790000001,0.05528169497847557,0.5195083022117615,RightFoot,RegularPlay,FirstHalf,False,"{'x': 0.15277777777777768, 'y': 0.28028404206349206, 'zoomRatio': 1}",False,True,1289655.0,Pierre,Kalulu,Pierre Kalulu,#000001,
5749643,2026-08-23T16:30:00.000Z,1,Serie A,Frosinone,9891,Juventus,9885,2958965935,AttemptSaved,9885,1412132,Kenan Yildiz,93.8,41.5990625,42,,False,True,103.19827586219999,34.305,33.466249999999995,0.9759999952,0.15527094900608063,0.07788302004337311,RightFoot,RegularPlay,FirstHalf,False,"{'x': 1.141203703703705, 'y': 0.2582010569312169, 'zoomRatio': 1}",False,True,1289655.0,Kenan,Yildiz,Kenan Yildiz,#000001,
5749643,2026-08-23T16:30:00.000Z,1,Serie A,Frosinone,9891,Juventus,9885,2958973445,Miss,9885,787350,Douglas Luiz,79.8946601952,27.782619046999997,45,1.0,False,False,,,30.316,4.7063448344,0.037591010332107544,0.0,RightFoot,RegularPlay,FirstHalf,False,"{'x': 1.5301320270345649, 'y': 0.6772486772486772, 'zoomRatio': 0.5439465423970294}",False,False,,Douglas,Luiz,Douglas Luiz,#000001,
5749643,2026-08-23T16:30:00.000Z,1,Serie A,Frosinone,9891,Juventus,9885,2958976351,AttemptSaved,9885,823825,Randal Kolo Muani,93.8,40.385476190999995,45,3.0,True,True,95.35087719170001,39.376904763,33.92375,1.2199999940000001,0.06570639461278915,0.0,RightFoot,RegularPlay,FirstHalf,False,"{'x': 1.0201719576719581, 'y': 0.32275132116402117, 'zoomRatio': 1}",False,True,,Randal Kolo,Muani,Randal Kolo Muani,#000001,Kolo Muani
5749643,2026-08-23T16:30:00.000Z,1,Serie A,Frosinone,9891,Juventus,9885,2959002437,AttemptSaved,9885,1185336,Francisco Conceição,90.6,20.5661146528,48,,False,True,103.4827586208,32.24625,33.31375,0.1219999994,0.020296141505241394,0.019993601366877556,LeftFoot,RegularPlay,SecondHalf,False,"{'x': 1.1815476190476193, 'y': 0.032275132116402115, 'zoomRatio': 1}",False,True,1289655.0,Francisco,Conceição,Francisco Conceição,#000001,
5749643,2026-08-23T16:30:00.000Z,1,Serie A,Frosinone,9891,Juventus,9885,2959007945,Miss,9885,1185336,Francisco Conceição,96.1228070165,31.1025,51,,False,False,,,31.865,4.2197241432000006,0.4442596137523651,0.0,LeftFoot,RegularPlay,SecondHalf,False,"{'x': 1.3426588745750145, 'y': 0.6772486772486772, 'zoomRatio': 0.6066747287557619}",False,True,,Francisco,Conceição,Francisco Conceição,#000001,
5749643,2026-08-23T16:30:00.000Z,1,Serie A,Frosinone,9891,Juventus,9885,2959010249,AttemptSaved,9891,1445163,Seydou Fini,92.2,20.145732487,53,,False,True,103.19827586219999,31.78875,31.7125,1.3805263090000002,0.03801393508911133,0.1456419974565506,LeftFoot,RegularPlay,SecondHalf,False,"{'x': 1.6051587301587305, 'y': 0.3652186002645503, 'zoomRatio': 1}",False,True,538501.0,Seydou,Fini,Seydou Fini,#d5a300,
5749643,2026-08-23T16:30:00.000Z,1,Serie A,Frosinone,9891,Juventus,9885,2959016323,Miss,9891,1342748,Giorgi Kvernadze,94.4824561388,50.7969426736,58,,False,False,,,40.049285714999996,0.8925263114,0.024974653497338295,0.0,LeftFoot,RegularPlay,SecondHalf,False,"{'x': 0, 'y': 0.14754242954451036, 'zoomRatio': 0.6248671625192037}",False,True,,Giorgi,Kvernadze,Giorgi Kvernadze,#d5a300,
5749643,2026-08-23T16:30:00.000Z,1,Serie A,Frosinone,9891,Juventus,9885,2959021749,AttemptSaved,9885,848266,Weston McKennie,92.7,24.2794904507,63,,True,True,92.8,24.2094267564,34.61,1.2199999940000001,0.039031174033880234,0.0,LeftFoot,RegularPlay,SecondHalf,False,"{'x': 0.8386243386243388, 'y': 0.32275132116402117, 'zoomRatio': 1}",False,True,,Weston,McKennie,Weston McKennie,#000001,
5749643,2026-08-23T16:30:00.000Z,1,Serie A,Frosinone,9891,Juventus,9885,2959023517,Miss,9885,1185336,Francisco Conceição,79.1063106808,21.4068789844,66,,False,False,,,38.620476192,1.5153684136,0.024318505078554153,0.0,LeftFoot,RegularPlay,SecondHalf,False,"{'x': 0, 'y': 0.32796801685154114, 'zoomRatio': 0.8180974953501073}",False,False,,Francisco,Conceição,Francisco Conceição,#000001,
5749643,2026-08-23T16:30:00.000Z,1,Serie A,Frosinone,9891,Juventus,9885,2959025645,Miss,9891,1415326,Gabriele Calvani,94.9649122793,37.50750000000001,70,,False,False,,,36.66875,5.5492413888000005,0.02732631005346775,0.0,Header,FromCorner,SecondHalf,False,"{'x': 0.6742964883352726, 'y': 0.6772486772486772, 'zoomRatio': 0.46132431816118724}",False,True,,Gabriele,Calvani,Gabriele Calvani,#d5a300,
5749643,2026-08-23T16:30:00.000Z,1,Serie A,Frosinone,9891,Juventus,9885,2959026429,Miss,9885,848266,Weston McKennie,97.0877192975,37.05,71,,False,False,99.8793103452,30.244,14.750828025899997,0.3595789456,0.09590515494346619,0.0,Header,FromCorner,SecondHalf,False,"{'x': 2, 'y': 0.018680229263046636, 'zoomRatio': 0.19637208317770952}",False,True,,Weston,McKennie,Weston McKennie,#000001,
5749643,2026-08-23T16:30:00.000Z,1,Serie A,Frosinone,9891,Juventus,9885,2959028867,AttemptSaved,9891,1342748,Giorgi Kvernadze,91.6,57.833175349499996,74,,True,True,96.9912280694,48.9752866218,35.29625000000001,1.2199999940000001,0.014925106428563595,0.0,RightFoot,RegularPlay,SecondHalf,False,"{'x': 0.6570767195767175, 'y': 0.32275132116402117, 'zoomRatio': 1}",False,False,,Giorgi,Kvernadze,Giorgi Kvernadze,#d5a300,
5749643,2026-08-23T16:30:00.000Z,1,Serie A,Frosinone,9891,Juventus,9885,2959039285,Miss,9885,862616,Edon Zhegrova,76.5160194192,30.316,83,,False,False,,,49.605859870500005,1.3355789408,0.02742411009967327,0.0,LeftFoot,RegularPlay,SecondHalf,False,"{'x': 0, 'y': 0.08558188730918091, 'zoomRatio': 0.24221670778586138}",False,False,,Edon,Zhegrova,Edon Zhegrova,#000001,
5749643,2026-08-23T16:30:00.000Z,1,Serie A,Frosinone,9891,Juventus,9885,2959043997,Miss,9891,1402924,Luis Hasa,83.94902912639999,42.350624999999994,87,,False,False,,,43.044375,1.7850526228,0.07109693437814713,0.0,LeftFoot,RegularPlay,SecondHalf,False,"{'x': 0, 'y': 0.19736605600718674, 'zoomRatio': 0.4179393269297214}",False,False,,Luis,Hasa,Luis Hasa,#d5a300,
5749643,2026-08-23T16:30:00.000Z,1,Serie A,Frosinone,9891,Juventus,9885,2959044889,AttemptSaved,9885,866516,Teun Koopmeiners,85.17205882280001,25.186875,88,,True,True,89.8,26.942142857,34.38125,1.2199999940000001,0.04173561558127403,0.0,RightFoot,RegularPlay,SecondHalf,False,"{'x': 0.8991402116402113, 'y': 0.32275132116402117, 'zoomRatio': 1}",False,False,,Teun,Koopmeiners,Teun Koopmeiners,#000001,
5749643,2026-08-23T16:30:00.000Z,1,Serie A,Frosinone,9891,Juventus,9885,2959050465,Post,9891,1415326,Gabriele Calvani,95.640350876,34.7625,90,3.0,False,False,,,37.708,2.3950526198,0.03606988117098808,0.0,Header,FromCorner,SecondHalf,False,"{'x': 0.019047619047619535, 'y': 0.6336118041798942, 'zoomRatio': 1}",False,True,,Gabriele,Calvani,Gabriele Calvani,#d5a300,
5749643,2026-08-23T16:30:00.000Z,1,Serie A,Frosinone,9891,Juventus,9885,2959053587,Miss,9891,992025,Aleksa Terzic,79.3315533992,52.618598725400005,90,6.0,False,False,,,42.9865625,4.4630344888,0.013121042400598526,0.0,LeftFoot,RegularPlay,SecondHalf,False,"{'x': 0, 'y': 0.49663422346420016, 'zoomRatio': 0.4206280210035819}",False,False,,Aleksa,Terzic,Aleksa Terzic,#d5a300,
5749644,2026-08-22T18:45:00.000Z,1,Serie A,Genoa,10233,Napoli,9875,2958216577,Miss,10233,921543,Morten Frendrup,80.79563106879999,36.745000000000005,6,,False,False,,,35.3725,6.270482770400001,0.021429235115647316,0.0,RightFoot,RegularPlay,FirstHalf,False,"{'x': 0.8517620024551131, 'y': 0.6772486772486772, 'zoomRatio': 0.4082620260252617}",False,False,,Morten,Frendrup,Morten Frendrup,#CB1111,
5749644,2026-08-22T18:45:00.000Z,1,Serie A,Genoa,10233,Napoli,9875,2958217063,Miss,10233,1215057,Vítinha,92.3,46.452993627000005,6,,False,False,,,26.2853125,3.3768275888,0.06406750530004501,0.0,RightFoot,RegularPlay,FirstHalf,False,"{'x': 2, 'y': 0.4377141120492569, 'zoomRatio': 0.4899744804958078}",False,True,,,Vítinha,Vítinha,#CB1111,
5749644,2026-08-22T18:45:00.000Z,1,Serie A,Genoa,10233,Napoli,9875,2958218003,Miss,10233,1215057,Vítinha,88.6,30.05190476,7,,False,False,90.9,31.4075,43.650445855,0.9824210478000001,0.07689128816127777,0.0,RightFoot,RegularPlay,FirstHalf,False,"{'x': 0, 'y': 0.10180058647663383, 'zoomRatio': 0.3916917473861108}",False,True,,,Vítinha,Vítinha,#CB1111,
5749644,2026-08-22T18:45:00.000Z,1,Serie A,Genoa,10233,Napoli,9875,2958229721,AttemptSaved,9875,544693,Amir Rrahmani,71.6733009736,33.92375,17,,True,True,90.0,33.466249999999995,33.2375,1.2199999940000001,0.015586141496896744,0.0,RightFoot,RegularPlay,FirstHalf,False,"{'x': 1.2017195767195774, 'y': 0.32275132116402117, 'zoomRatio': 1}",False,False,,Amir,Rrahmani,Amir Rrahmani,#12A0D7,
5749644,2026-08-22T18:45:00.000Z,1,Serie A,Genoa,10233,Napoli,9875,2958234743,AttemptSaved,10233,1200591,Tommaso Baldanzi,94.0,26.343125,21,,True,True,97.7631578942,28.539047618000005,32.3225,1.2199999940000001,0.06428050249814987,0.0,LeftFoot,FromCorner,FirstHalf,False,"{'x': 1.4437830687830693, 'y': 0.32275132116402117, 'zoomRatio': 1}",False,True,,Tommaso,Baldanzi,Tommaso Baldanzi,#CB1111,
5749644,2026-08-22T18:45:00.000Z,1,Serie A,Genoa,10233,Napoli,9875,2958237513,AttemptSaved,10233,1469120,Amorim,78.655825244,48.134522290199996,22,,False,True,103.8620689656,35.0675,33.77125,1.4254736772,0.019141200929880142,0.013314011506736279,RightFoot,RegularPlay,FirstHalf,False,"{'x': 1.0605158730158726, 'y': 0.3771094384126984, 'zoomRatio': 1}",False,False,577912.0,,Amorim,Amorim,#CB1111,
5749644,2026-08-22T18:45:00.000Z,1,Serie A,Genoa,10233,Napoli,9875,2958257591,AttemptSaved,10233,1200591,Tommaso Baldanzi,92.8,32.856249999999996,37,,True,True,95.54385964789999,33.31375,34.99125,1.2199999940000001,0.20699499547481537,0.0,LeftFoot,RegularPlay,FirstHalf,False,"{'x': 0.73776455026455, 'y': 0.32275132116402117, 'zoomRatio': 1}",False,True,,Tommaso,Baldanzi,Tommaso Baldanzi,#CB1111,
5749644,2026-08-22T18:45:00.000Z,1,Serie A,Genoa,10233,Napoli,9875,2958258063,AttemptSaved,10233,1215057,Vítinha,75.7276699048,38.956666668,37,,False,True,103.4827586208,33.00875,33.695,0.6099999970000001,0.02622159570455551,0.010702251456677914,RightFoot,RegularPlay,FirstHalf,False,"{'x': 1.0806878306878307, 'y': 0.16137566058201058, 'zoomRatio': 1}",False,False,577912.0,,Vítinha,Vítinha,#CB1111,
5749644,2026-08-22T18:45:00.000Z,1,Serie A,Genoa,10233,Napoli,9875,2958259495,Miss,9875,1355552,Alisson Santos,87.6411764704,48.34471337309999,39,,False,False,,,38.872619049,0.1797894728,0.02848542295396328,0.0,RightFoot,RegularPlay,FirstHalf,False,"{'x': 0, 'y': 0.036897912804592814, 'zoomRatio': 0.7757634984363826}",False,False,,Alisson,Santos,Alisson Santos,#12A0D7,
5749644,2026-08-22T18:45:00.000Z,1,Serie A,Genoa,10233,Napoli,9875,2958265645,AttemptSaved,9875,215242,Leonardo Spinazzola,85.06470588159999,42.7553125,44,,False,True,104.1465517242,34.38125,36.05875,0.8925263114,0.020975086838006973,0.0676664412021637,RightFoot,RegularPlay,FirstHalf,False,"{'x': 0.455357142857142, 'y': 0.2361180717989418, 'zoomRatio': 1}",False,False,721533.0,Leonardo,Spinazzola,Leonardo Spinazzola,#12A0D7,
5749644,2026-08-22T18:45:00.000Z,1,Serie A,Genoa,10233,Napoli,9875,2958294301,AttemptSaved,10233,942193,Mikael Egill Ellertsson,92.5,48.554904456,50,,True,True,94.09649122639999,46.8033120985,34.838750000000005,1.2199999940000001,0.05519350245594978,0.0,LeftFoot,RegularPlay,SecondHalf,False,"{'x': 0.7781084656084645, 'y': 0.32275132116402117, 'zoomRatio': 1}",False,True,,Mikael Egill,Ellertsson,Mikael Egill Ellertsson,#CB1111,
5749644,2026-08-22T18:45:00.000Z,1,Serie A,Genoa,10233,Napoli,9875,2958294935,AttemptSaved,10233,1200591,Tommaso Baldanzi,91.4,30.244,51,,True,True,94.0,30.72125,34.99125,1.2199999940000001,0.05441396310925484,0.0,RightFoot,FromCorner,SecondHalf,False,"{'x': 0.73776455026455, 'y': 0.32275132116402117, 'zoomRatio': 1}",False,True,,Tommaso,Baldanzi,Tommaso Baldanzi,#CB1111,
5749644,2026-08-22T18:45:00.000Z,1,Serie A,Genoa,10233,Napoli,9875,2958297385,Miss,9875,1355552,Alisson Santos,77.0791262152,34.533750000000005,54,,False,False,91.9,37.58375000000001,50.2364331192,0.44305262940000006,0.009340761229395866,0.0,RightFoot,FromCorner,SecondHalf,False,"{'x': 0, 'y': 0.02728755916692558, 'zoomRatio': 0.2328097539803895}",False,False,,Alisson,Santos,Alisson Santos,#12A0D7,
5749644,2026-08-22T18:45:00.000Z,1,Serie A,Genoa,10233,Napoli,9875,2958304805,AttemptSaved,9875,1355552,Alisson Santos,83.6111650488,50.586751590700004,62,,True,True,86.889705882,48.34471337309999,34.533750000000005,1.2199999940000001,0.016989856958389282,0.0,RightFoot,RegularPlay,SecondHalf,False,"{'x': 0.8587962962962951, 'y': 0.32275132116402117, 'zoomRatio': 1}",False,False,,Alisson,Santos,Alisson Santos,#12A0D7,
5749644,2026-08-22T18:45:00.000Z,1,Serie A,Genoa,10233,Napoli,9875,2958306465,AttemptSaved,9875,843099,Scott McTominay,77.8674757296,30.22,63,,False,True,101.77586206919999,34.305,36.21125,0.3274736826,0.03585869073867798,0.05497471243143082,RightFoot,RegularPlay,SecondHalf,False,"{'x': 0.41501322751322767, 'y': 0.08663324936507935, 'zoomRatio': 1}",False,False,721533.0,Scott,McTominay,Scott McTominay,#12A0D7,
5749644,2026-08-22T18:45:00.000Z,1,Serie A,Genoa,10233,Napoli,9875,2958308349,AttemptSaved,9875,308517,Stanislav Lobotka,86.889705882,34.38125,64,,True,True,93.1,33.31375,30.645,0.5329473658000001,0.07577796280384064,0.0,LeftFoot,RegularPlay,SecondHalf,False,"{'x': 1.8875661375661386, 'y': 0.14099136661375664, 'zoomRatio': 1}",False,False,,Stanislav,Lobotka,Stanislav Lobotka,#12A0D7,
5749644,2026-08-22T18:45:00.000Z,1,Serie A,Genoa,10233,Napoli,9875,2958308425,Miss,9875,544693,Amir Rrahmani,74.3762135944,32.551249999999996,64,,False,False,,,10.8883412386,1.0723157842,0.009114011190831661,0.0,RightFoot,RegularPlay,SecondHalf,False,"{'x': 2, 'y': 0.046397179677597655, 'zoomRatio': 0.16355381666993013}",False,False,,Amir,Rrahmani,Amir Rrahmani,#12A0D7,
5749644,2026-08-22T18:45:00.000Z,1,Serie A,Genoa,10233,Napoli,9875,2958309493,AttemptSaved,10233,1200591,Tommaso Baldanzi,81.471359224,40.889761905,65,,True,True,84.9573529404,40.217380953,36.440000000000005,1.2199999940000001,0.0282834954559803,0.0,LeftFoot,RegularPlay,SecondHalf,False,"{'x': 0.3544973544973533, 'y': 0.32275132116402117, 'zoomRatio': 1}",False,False,,Tommaso,Baldanzi,Tommaso Baldanzi,#CB1111,
5749644,2026-08-22T18:45:00.000Z,1,Serie A,Genoa,10233,Napoli,9875,2958321075,Miss,9875,308517,Stanislav Lobotka,83.2733009712,38.452380954,74,,False,False,94.09649122639999,38.368333335,38.368333335,1.1622105206000002,0.06794117391109467,0.0,RightFoot,RegularPlay,SecondHalf,False,"{'x': 0, 'y': 0.26605353380158187, 'zoomRatio': 0.8653185803642427}",False,False,,Stanislav,Lobotka,Stanislav Lobotka,#12A0D7,
5749644,2026-08-22T18:45:00.000Z,1,Serie A,Genoa,10233,Napoli,9875,2958324681,AttemptSaved,9875,215242,Leonardo Spinazzola,98.92105263139999,45.9625477669,76,,True,True,99.59482758659999,44.4211464923,32.551249999999996,1.2199999940000001,0.04779867082834244,0.0,LeftFoot,RegularPlay,SecondHalf,False,"{'x': 1.3832671957671967, 'y': 0.32275132116402117, 'zoomRatio': 1}",False,True,,Leonardo,Spinazzola,Leonardo Spinazzola,#12A0D7,
5749644,2026-08-22T18:45:00.000Z,1,Serie A,Genoa,10233,Napoli,9875,2958327675,AttemptSaved,9875,1320863,Antonio Vergara,90.8,36.05875,79,,True,True,93.0,35.83,34.22875,1.2199999940000001,0.05950266867876053,0.0,LeftFoot,RegularPlay,SecondHalf,False,"{'x': 0.9394841269841275, 'y': 0.32275132116402117, 'zoomRatio': 1}",False,True,,Antonio,Vergara,Antonio Vergara,#12A0D7,
5749644,2026-08-22T18:45:00.000Z,1,Serie A,Genoa,10233,Napoli,9875,2958328177,Miss,10233,707970,Djibril Sow,93.2,21.617070067300002,79,,False,False,,,28.539047618000005,1.8749473592,0.05124087259173393,0.0,RightFoot,FastBreak,SecondHalf,False,"{'x': 2, 'y': 0.34333706431502115, 'zoomRatio': 0.6921869548724447}",False,True,,Djibril,Sow,Djibril Sow,#CB1111,
5749644,2026-08-22T18:45:00.000Z,1,Serie A,Genoa,10233,Napoli,9875,2958331271,Goal,9875,169200,Kevin De Bruyne,96.50877192889999,30.304,82,,False,True,,,32.474999999999994,1.4639999928,0.26717469096183777,0.5630850791931152,RightFoot,RegularPlay,SecondHalf,False,"{'x': 1.4034391534391548, 'y': 0.38730158539682535, 'zoomRatio': 1}",False,True,721533.0,Kevin,De Bruyne,Kevin De Bruyne,#12A0D7,
5749644,2026-08-22T18:45:00.000Z,1,Serie A,Genoa,10233,Napoli,9875,2958335709,Goal,9875,1320863,Antonio Vergara,94.7719298231,45.6822929897,87,,False,True,,,35.448750000000004,0.20547368320000003,0.11505403369665146,0.24817697703838348,LeftFoot,FastBreak,SecondHalf,False,"{'x': 0.6167328042328032, 'y': 0.05435811724867726, 'zoomRatio': 1}",False,True,721533.0,Antonio,Vergara,Antonio Vergara,#12A0D7,
5749645,2026-08-22T16:30:00.000Z,1,Serie A,Inter,8636,Monza,6504,2958053833,Goal,8636,304733,Hakan Çalhanoglu,77.9800970888,22.738089176099997,6,,False,True,,,32.9325,2.0354736742,0.014902821741998196,0.071518674492836,RightFoot,RegularPlay,FirstHalf,False,"{'x': 1.282407407407408, 'y': 0.538485098994709, 'zoomRatio': 1}",False,False,917464.0,Hakan,Çalhanoglu,Hakan Çalhanoglu,#010E80,
5749645,2026-08-22T16:30:00.000Z,1,Serie A,Inter,8636,Monza,6504,2958059239,AttemptSaved,8636,1367618,Francesco Pio Esposito,90.1,38.78857143,10,,True,True,92.4,38.032142859000004,34.99125,1.2199999940000001,0.0530371256172657,0.0,RightFoot,ThrowInSetPiece,FirstHalf,False,"{'x': 0.73776455026455, 'y': 0.32275132116402117, 'zoomRatio': 1}",False,True,,Francesco Pio,Esposito,Francesco Pio Esposito,#010E80,
5749645,2026-08-22T16:30:00.000Z,1,Serie A,Inter,8636,Monza,6504,2958075785,Miss,8636,541820,Nicolò Barella,91.2,48.7650955389,26,,False,False,,,27.362380952,1.0723157842,0.018554845824837685,0.0,RightFoot,RegularPlay,FirstHalf,False,"{'x': 2, 'y': 0.16155126958108598, 'zoomRatio': 0.5694813113956819}",False,True,,Nicolò,Barella,Nicolò Barella,#010E80,
5749645,2026-08-22T16:30:00.000Z,1,Serie A,Inter,8636,Monza,6504,2958078249,Goal,6504,1585676,Gustavo Varela,93.5,23.0183439533,29,,False,True,,,36.5925,0.3274736826,0.03805797919631004,0.3570675551891327,RightFoot,RegularPlay,FirstHalf,False,"{'x': 0.31415343915343885, 'y': 0.08663324936507935, 'zoomRatio': 1}",False,True,772168.0,Gustavo,Varela,Gustavo Varela,#e10032,
5749645,2026-08-22T16:30:00.000Z,1,Serie A,Inter,8636,Monza,6504,2958080095,Miss,6504,1585676,Gustavo Varela,97.0877192975,33.161249999999995,31,,False,False,,,52.688662419699995,1.2456842044,0.4020279347896576,0.0,Header,RegularPlay,FirstHalf,False,"{'x': 0, 'y': 0.0666545404066428, 'zoomRatio': 0.20226166619690483}",False,True,,Gustavo,Varela,Gustavo Varela,#e10032,
5749645,2026-08-22T16:30:00.000Z,1,Serie A,Inter,8636,Monza,6504,2958080977,AttemptSaved,8636,605224,Federico Dimarco,85.4941176464,44.4211464923,32,,False,True,103.9568965518,34.533750000000005,34.4575,0.0385263156,0.03622649237513542,0.020707417279481888,LeftFoot,RegularPlay,FirstHalf,False,"{'x': 0.8789682539682532, 'y': 0.010192146984126984, 'zoomRatio': 1}",False,False,917464.0,Federico,Dimarco,Federico Dimarco,#010E80,
5749645,2026-08-22T16:30:00.000Z,1,Serie A,Inter,8636,Monza,6504,2958081595,Miss,8636,1367618,Francesco Pio Esposito,83.2733009712,44.981656046699996,32,,False,False,,,39.629047619999994,4.940965524800001,0.04082123190164566,0.0,LeftFoot,RegularPlay,FirstHalf,False,"{'x': 0.22843722837569835, 'y': 0.6772486772486772, 'zoomRatio': 0.518117357255518}",False,False,,Francesco Pio,Esposito,Francesco Pio Esposito,#010E80,
5749645,2026-08-22T16:30:00.000Z,1,Serie A,Inter,8636,Monza,6504,2958091245,Miss,8636,541820,Nicolò Barella,90.2,19.725350321199997,38,,False,False,,,37.756,5.670896561599999,0.03247540816664696,0.0,RightFoot,SetPiece,FirstHalf,False,"{'x': 0.5514384711280409, 'y': 0.6772486772486772, 'zoomRatio': 0.45142773672417613}",False,True,,Nicolò,Barella,Nicolò Barella,#010E80,
5749645,2026-08-22T16:30:00.000Z,1,Serie A,Inter,8636,Monza,6504,2958093535,Miss,6504,1585676,Gustavo Varela,96.605263157,31.865,40,,False,False,,,44.5612738809,1.6951578864,0.1782856583595276,0.0,Header,RegularPlay,FirstHalf,False,"{'x': 0, 'y': 0.16050695261919892, 'zoomRatio': 0.3579113696536273}",False,True,,Gustavo,Varela,Gustavo Varela,#e10032,
5749645,2026-08-22T16:30:00.000Z,1,Serie A,Inter,8636,Monza,6504,2958096077,AttemptSaved,6504,1879542,Mathis Mout,91.9,23.158471341899997,41,,True,True,93.5,24.699872616500002,36.821250000000006,1.2199999940000001,0.050765059888362885,0.0,LeftFoot,FastBreak,FirstHalf,False,"{'x': 0.2536375661375645, 'y': 0.32275132116402117, 'zoomRatio': 1}",False,True,,Mathis,Mout,Mathis Mout,#e10032,
5749645,2026-08-22T16:30:00.000Z,1,Serie A,Inter,8636,Monza,6504,2958128415,AttemptSaved,8636,1367618,Francesco Pio Esposito,97.8596491223,39.292857143999996,47,,True,True,99.1140350876,38.536428573,35.83,1.2199999940000001,0.10474038869142532,0.0,RightFoot,ThrowInSetPiece,SecondHalf,False,"{'x': 0.5158730158730164, 'y': 0.32275132116402117, 'zoomRatio': 1}",False,True,,Francesco Pio,Esposito,Francesco Pio Esposito,#010E80,
5749645,2026-08-22T16:30:00.000Z,1,Serie A,Inter,8636,Monza,6504,2958129535,Goal,8636,362212,Piotr Zielinski,89.1,39.881190477,48,,False,True,,,32.779999999999994,0.6934736808,0.06327816098928452,0.08513190597295761,RightFoot,FromCorner,SecondHalf,False,"{'x': 1.3227513227513243, 'y': 0.18345864571428572, 'zoomRatio': 1}",False,True,917464.0,Piotr,Zielinski,Piotr Zielinski,#010E80,
5749645,2026-08-22T16:30:00.000Z,1,Serie A,Inter,8636,Monza,6504,2958132165,AttemptSaved,6504,824655,Ricardo Mangas,100.732758621,36.51625,50,,False,True,102.06034482780001,35.83,34.68625,0.2439999988,0.2492394745349884,0.2744707465171814,LeftFoot,RegularPlay,SecondHalf,False,"{'x': 0.8184523809523807, 'y': 0.06455026423280423, 'zoomRatio': 1}",False,True,772168.0,Ricardo,Mangas,Ricardo Mangas,#e10032,
5749645,2026-08-22T16:30:00.000Z,1,Serie A,Inter,8636,Monza,6504,2958141113,Goal,8636,1367618,Francesco Pio Esposito,100.44827586240001,29.295476189000002,55,,False,True,,,31.865,0.9374736796,0.20234599709510803,0.7315449118614197,RightFoot,RegularPlay,SecondHalf,False,"{'x': 1.5648148148148162, 'y': 0.24800890994708993, 'zoomRatio': 1}",False,True,917464.0,Francesco Pio,Esposito,Francesco Pio Esposito,#010E80,
5749645,2026-08-22T16:30:00.000Z,1,Serie A,Inter,8636,Monza,6504,2958151455,Goal,8636,889535,Yann Aurel Bisseck,91.2,40.385476190999995,63,,False,True,,,36.66875,1.3805263090000002,0.0988367423415184,0.6425570249557495,LeftFoot,RegularPlay,SecondHalf,False,"{'x': 0.29398148148148073, 'y': 0.3652186002645503, 'zoomRatio': 1}",False,True,917464.0,Yann Aurel,Bisseck,Yann Aurel Bisseck,#010E80,
5749645,2026-08-22T16:30:00.000Z,1,Serie A,Inter,8636,Monza,6504,2958154455,AttemptSaved,8636,1199383,Ange-Yoan Bonny,95.4473684198,45.6822929897,66,,True,True,100.5431034486,38.200238096999996,31.559999999999995,1.2199999940000001,0.06283805519342422,0.0,RightFoot,ThrowInSetPiece,SecondHalf,False,"{'x': 1.6455026455026467, 'y': 0.32275132116402117, 'zoomRatio': 1}",False,True,,Ange-Yoan,Bonny,Ange-Yoan Bonny,#010E80,
5749645,2026-08-22T16:30:00.000Z,1,Serie A,Inter,8636,Monza,6504,2958155309,Post,8636,521318,Manuel Akanji,95.4473684198,31.48375,67,,False,False,,,36.135000000000005,2.497,0.05368146672844887,0.0,Header,FromCorner,SecondHalf,False,"{'x': 0.4351851851851839, 'y': 0.6605820105820105, 'zoomRatio': 1}",False,True,,Manuel,Akanji,Manuel Akanji,#010E80,
5749645,2026-08-22T16:30:00.000Z,1,Serie A,Inter,8636,Monza,6504,2958163431,AttemptSaved,6504,799497,Samuele Birindelli,96.0263157884,25.071250000000003,76,,False,True,103.9568965518,30.873749999999998,31.48375,0.3274736826,0.2627582550048828,0.10344056785106659,RightFoot,RegularPlay,SecondHalf,False,"{'x': 1.665674603174603, 'y': 0.08663324936507935, 'zoomRatio': 1}",False,True,772168.0,Samuele,Birindelli,Samuele Birindelli,#e10032,
5749645,2026-08-22T16:30:00.000Z,1,Serie A,Inter,8636,Monza,6504,2958165843,Miss,6504,1189402,Nicolas Galazzi,83.2733009712,42.1771875,78,,False,False,,,39.460952381999995,5.670896561599999,0.05118665471673012,0.0,LeftFoot,RegularPlay,SecondHalf,False,"{'x': 0.3478239750886889, 'y': 0.6772486772486772, 'zoomRatio': 0.45142773672417613}",False,False,,Nicolas,Galazzi,Nicolas Galazzi,#e10032,
5749645,2026-08-22T16:30:00.000Z,1,Serie A,Inter,8636,Monza,6504,2958182587,Miss,8636,1367618,Francesco Pio Esposito,100.1637931038,38.452380954,90,2.0,False,False,,,42.061562499999994,3.3768275888,0.2656235992908478,0.0,Header,RegularPlay,SecondHalf,False,"{'x': 0, 'y': 0.418880035824321, 'zoomRatio': 0.46889173159669767}",False,True,,Francesco Pio,Esposito,Francesco Pio Esposito,#010E80,
5749646,2026-08-22T18:45:00.000Z,1,Serie A,Parma,10167,Cagliari,8529,2958214611,AttemptSaved,8529,1902196,Paul Mendy,98.14912280659999,23.9992356735,4,,True,True,99.1140350876,25.071250000000003,31.48375,1.2199999940000001,0.07083013653755188,0.0,RightFoot,RegularPlay,FirstHalf,False,"{'x': 1.665674603174603, 'y': 0.32275132116402117, 'zoomRatio': 1}",False,True,,Paul,Mendy,Paul Mendy,#B51F2B,
5749646,2026-08-22T18:45:00.000Z,1,Serie A,Parma,10167,Cagliari,8529,2958217341,Miss,10167,1053676,Abdoulaye Ndiaye,101.9655172416,28.454999999,7,,False,False,,,27.53047619,0.9824210478000001,0.1023508757352829,0.0,Header,FromCorner,FirstHalf,False,"{'x': 2, 'y': 0.15185368763640122, 'zoomRatio': 0.5842779331234892}",False,True,,Abdoulaye,Ndiaye,Abdoulaye Ndiaye,#000000,
5749646,2026-08-22T18:45:00.000Z,1,Serie A,Parma,10167,Cagliari,8529,2958221645,Miss,10167,935380,Enrico Del Prato,92.3,32.24625,11,,False,False,,,32.39875,4.940965524800001,0.034251436591148376,0.0,Header,SetPiece,FirstHalf,False,"{'x': 1.2194802693929625, 'y': 0.6772486772486772, 'zoomRatio': 0.518117357255518}",False,True,,Enrico,Del Prato,Enrico Del Prato,#000000,
5749646,2026-08-22T18:45:00.000Z,1,Serie A,Parma,10167,Cagliari,8529,2958223911,AttemptSaved,10167,1054114,El Bilal Touré,84.51213592239999,27.614523809,13,,False,True,97.8596491223,31.636249999999997,34.4575,0.2439999988,0.06397205591201782,0.03357861563563347,RightFoot,RegularPlay,FirstHalf,False,"{'x': 0.8789682539682532, 'y': 0.06455026423280423, 'zoomRatio': 1}",False,False,958422.0,El Bilal,Touré,El Bilal Touré,#000000,
5749646,2026-08-22T18:45:00.000Z,1,Serie A,Parma,10167,Cagliari,8529,2958226299,Miss,8529,1072054,Daniel Maldini,83.0480582528,42.6975,15,,False,False,,,29.547619046,2.0483157794,0.0320393331348896,0.0,RightFoot,RegularPlay,FirstHalf,False,"{'x': 2, 'y': 0.4600495331738859, 'zoomRatio': 0.8489839569105302}",False,False,,Daniel,Maldini,Daniel Maldini,#B51F2B,
5749646,2026-08-22T18:45:00.000Z,1,Serie A,Parma,10167,Cagliari,8529,2958233527,Miss,10167,1844134,Abdou-Salam Konate,80.79563106879999,33.695,20,,False,False,,,39.629047619999994,6.7571034616,0.016549233347177505,0.0,RightFoot,SetPiece,FirstHalf,False,"{'x': 0.4358137215924598, 'y': 0.6772486772486772, 'zoomRatio': 0.3788605597869332}",False,False,,Abdou-Salam,Konate,Abdou-Salam Konate,#000000,
5749646,2026-08-22T18:45:00.000Z,1,Serie A,Parma,10167,Cagliari,8529,2958242333,AttemptSaved,8529,1902196,Paul Mendy,92.3,22.247643316,26,,False,True,104.4310344828,30.72125,32.0175,0.3274736826,0.04340711236000061,0.1886865496635437,RightFoot,RegularPlay,FirstHalf,False,"{'x': 1.5244708994709, 'y': 0.08663324936507935, 'zoomRatio': 1}",False,True,1117310.0,Paul,Mendy,Paul Mendy,#B51F2B,
5749646,2026-08-22T18:45:00.000Z,1,Serie A,Parma,10167,Cagliari,8529,2958254295,Miss,10167,1393542,Christian Ordóñez,87.21176470559999,35.525000000000006,34,,False,False,,,43.3001273835,0.44305262940000006,0.0756162479519844,0.0,RightFoot,RegularPlay,FirstHalf,False,"{'x': 0, 'y': 0.047639415153178495, 'zoomRatio': 0.4064460457505519}",False,False,,Christian,Ordóñez,Christian Ordóñez,#000000,
5749646,2026-08-22T18:45:00.000Z,1,Serie A,Parma,10167,Cagliari,8529,2958256125,AttemptSaved,8529,1902196,Paul Mendy,97.1842105256,38.78857143,36,,True,True,98.7280701752,37.768,34.07625,1.2199999940000001,0.11744308471679688,0.0,RightFoot,RegularPlay,FirstHalf,False,"{'x': 0.9798280423280419, 'y': 0.32275132116402117, 'zoomRatio': 1}",False,True,,Paul,Mendy,Paul Mendy,#B51F2B,
5749646,2026-08-22T18:45:00.000Z,1,Serie A,Parma,10167,Cagliari,8529,2958257371,Miss,8529,957107,Zé Pedro,97.7631578942,32.551249999999996,37,,False,False,,,32.39875,6.513793116,0.17771843075752258,0.0,Header,FromCorner,FirstHalf,False,"{'x': 1.1664843241306966, 'y': 0.6772486772486772, 'zoomRatio': 0.3930121749970543}",False,True,,Zé,Pedro,Zé Pedro,#B51F2B,
5749646,2026-08-22T18:45:00.000Z,1,Serie A,Parma,10167,Cagliari,8529,2958263565,Miss,10167,951714,Adrián Bernabé,83.6111650488,21.4068789844,42,,False,False,,,37.431250000000006,6.635448288800001,0.016568008810281754,0.0,LeftFoot,RegularPlay,FirstHalf,False,"{'x': 0.6497886167341709, 'y': 0.6772486772486772, 'zoomRatio': 0.38580663861415876}",False,False,,Adrián,Bernabé,Adrián Bernabé,#000000,
5749646,2026-08-22T18:45:00.000Z,1,Serie A,Parma,10167,Cagliari,8529,2958266043,Miss,10167,1393542,Christian Ordóñez,94.1929824545,39.96523809599999,44,,False,False,,,25.649375000000003,0.5329473658000001,0.02336222305893898,0.0,Header,SetPiece,FirstHalf,False,"{'x': 2, 'y': 0.06382125479230602, 'zoomRatio': 0.4526607289873516}",False,True,,Christian,Ordóñez,Christian Ordóñez,#000000,
5749646,2026-08-22T18:45:00.000Z,1,Serie A,Parma,10167,Cagliari,8529,2958267361,Miss,8529,449283,Alessandro Deiola,97.8596491223,29.463571426999998,45,1.0,False,False,,,28.791190475,0.1797894728,0.13609068095684052,0.0,Header,SetPiece,FirstHalf,False,"{'x': 2, 'y': 0.034516422982466426, 'zoomRatio': 0.725693650700349}",False,True,1117310.0,Alessandro,Deiola,Alessandro Deiola,#B51F2B,
5749646,2026-08-22T18:45:00.000Z,1,Serie A,Parma,10167,Cagliari,8529,2958295671,Miss,8529,1902196,Paul Mendy,92.5,34.99125,50,,False,False,99.59482758659999,68.0,67.4752606632,1.1622105206000002,0.026475051417946815,0.0,Header,RegularPlay,SecondHalf,False,"{'x': 0, 'y': 0.03471849053822725, 'zoomRatio': 0.11291921033957554}",False,True,,Paul,Mendy,Paul Mendy,#B51F2B,
5749646,2026-08-22T18:45:00.000Z,1,Serie A,Parma,10167,Cagliari,8529,2958297349,AttemptSaved,8529,528453,Harry Winks,81.35873786479999,42.6975,52,,False,True,103.9568965518,34.0,32.551249999999996,0.3659999982,0.03953896835446358,0.0490453839302063,RightFoot,RegularPlay,SecondHalf,False,"{'x': 1.3832671957671967, 'y': 0.09682539634920634, 'zoomRatio': 1}",False,False,1117310.0,Harry,Winks,Harry Winks,#B51F2B,
5749646,2026-08-22T18:45:00.000Z,1,Serie A,Parma,10167,Cagliari,8529,2958302557,AttemptSaved,10167,867789,Emanuele Valeri,76.7412621376,37.355000000000004,58,,False,True,102.72413793119999,34.305,31.7125,0.1219999994,0.014503279700875282,0.04577008634805679,LeftFoot,FreeKick,SecondHalf,False,"{'x': 1.6051587301587305, 'y': 0.032275132116402115, 'zoomRatio': 1}",False,False,958422.0,Emanuele,Valeri,Emanuele Valeri,#000000,
5749646,2026-08-22T18:45:00.000Z,1,Serie A,Parma,10167,Cagliari,8529,2958303057,Miss,10167,1843609,Simone Lontani,93.6,42.581875,59,,False,False,,,37.12625,3.8547586247999996,0.08863047510385513,0.0,LeftFoot,RegularPlay,SecondHalf,False,"{'x': 0.45074416239005677, 'y': 0.6772486772486772, 'zoomRatio': 0.6641142154867928}",False,True,,Simone,Lontani,Simone Lontani,#000000,
5749646,2026-08-22T18:45:00.000Z,1,Serie A,Parma,10167,Cagliari,8529,2958304129,AttemptSaved,8529,1329487,Jacopo Fazzini,87.31911764680001,33.92375,60,,False,True,104.525862069,34.305,36.51625,0.5265263132,0.04471210390329361,0.18307790160179138,RightFoot,RegularPlay,SecondHalf,False,"{'x': 0.33432539682539697, 'y': 0.13929267544973545, 'zoomRatio': 1}",False,False,1117310.0,Jacopo,Fazzini,Jacopo Fazzini,#B51F2B,
5749646,2026-08-22T18:45:00.000Z,1,Serie A,Parma,10167,Cagliari,8529,2958310191,AttemptSaved,8529,936164,Michel Ndary Adopo,97.3771929818,22.247643316,64,,True,True,99.50000000040001,24.6298089222,32.39875,1.2199999940000001,0.04144786298274994,0.0,RightFoot,RegularPlay,SecondHalf,False,"{'x': 1.4236111111111112, 'y': 0.32275132116402117, 'zoomRatio': 1}",False,True,,Michel Ndary,Adopo,Michel Ndary Adopo,#B51F2B,
5749646,2026-08-22T18:45:00.000Z,1,Serie A,Parma,10167,Cagliari,8529,2958310637,AttemptSaved,8529,1705649,Alessandro Romano,94.1929824545,42.581875,65,,False,True,103.9568965518,36.21125,35.448750000000004,0.40452631380000004,0.11620721220970154,0.09215035289525986,LeftFoot,RegularPlay,SecondHalf,False,"{'x': 0.6167328042328032, 'y': 0.10701754333333334, 'zoomRatio': 1}",False,True,1117310.0,Alessandro,Romano,Alessandro Romano,#B51F2B,
5749646,2026-08-22T18:45:00.000Z,1,Serie A,Parma,10167,Cagliari,8529,2958317091,Miss,8529,528453,Harry Winks,86.889705882,37.27875,69,,False,False,,,26.69,3.3768275888,0.041241355240345,0.0,RightFoot,FromCorner,SecondHalf,False,"{'x': 2, 'y': 0.46194631857729124, 'zoomRatio': 0.5170998632010942}",False,False,,Harry,Winks,Harry Winks,#B51F2B,
5749646,2026-08-22T18:45:00.000Z,1,Serie A,Parma,10167,Cagliari,8529,2958322101,Miss,8529,1030646,Gennaro Borrelli,93.2,35.143750000000004,73,,False,False,102.72413793119999,28.118809523000003,27.110238095,0.7127368386,0.03332272917032242,0.0,Header,RegularPlay,SecondHalf,False,"{'x': 2, 'y': 0.10344868929109968, 'zoomRatio': 0.5486401492708768}",False,True,,Gennaro,Borrelli,Gennaro Borrelli,#B51F2B,
5749646,2026-08-22T18:45:00.000Z,1,Serie A,Parma,10167,Cagliari,8529,2958329037,Goal,8529,1705649,Alessandro Romano,77.0791262152,34.4575,79,,False,True,,,36.745000000000005,1.5474736766000001,0.015759378671646118,0.05119812861084938,LeftFoot,RegularPlay,SecondHalf,False,"{'x': 0.2738095238095226, 'y': 0.40938457052910054, 'zoomRatio': 1}",False,False,1117310.0,Alessandro,Romano,Alessandro Romano,#B51F2B,
5749646,2026-08-22T18:45:00.000Z,1,Serie A,Parma,10167,Cagliari,8529,2958333905,Miss,10167,867789,Emanuele Valeri,82.4849514568,46.1727388498,84,,False,False,,,40.049285714999996,0.1797894728,0.02113332785665989,0.0,LeftFoot,RegularPlay,SecondHalf,False,"{'x': 0, 'y': 0.029720777174433742, 'zoomRatio': 0.6248671625192037}",False,False,,Emanuele,Valeri,Emanuele Valeri,#000000,
5749646,2026-08-22T18:45:00.000Z,1,Serie A,Parma,10167,Cagliari,8529,2958338147,Miss,10167,935380,Enrico Del Prato,92.0,31.559999999999995,88,,False,False,,,25.53375,0.5329473658000001,0.020540034398436546,0.0,Header,SetPiece,SecondHalf,False,"{'x': 2, 'y': 0.06294963718293223, 'zoomRatio': 0.446478665288646}",False,True,,Enrico,Del Prato,Enrico Del Prato,#000000,
5749646,2026-08-22T18:45:00.000Z,1,Serie A,Parma,10167,Cagliari,8529,2958342383,AttemptSaved,10167,935380,Enrico Del Prato,93.0,38.872619049,90,2.0,True,True,94.38596491070001,37.94809524,30.645,1.60526315,0.03539713844656944,0.0,RightFoot,FromCorner,SecondHalf,False,"{'x': 1.8875661375661386, 'y': 0.424672791005291, 'zoomRatio': 1}",False,True,,Enrico,Del Prato,Enrico Del Prato,#000000,
5749646,2026-08-22T18:45:00.000Z,1,Serie A,Parma,10167,Cagliari,8529,2958343339,Miss,10167,1460253,Nesta Elphege,97.95614035039999,35.29625000000001,90,3.0,False,False,,,32.551249999999996,4.341379316,0.23803606629371643,0.0,Header,SetPiece,SecondHalf,False,"{'x': 1.2260028322215426, 'y': 0.6772486772486772, 'zoomRatio': 0.5896743439499079}",False,True,,Nesta,Elphege,Nesta Elphege,#000000,
5749647,2026-08-23T18:45:00.000Z,1,Serie A,Torino,9804,Milan,8564,2959073067,Miss,8564,1445650,Alphadjo Cissè,103.103448276,44.4211464923,2,,False,False,,,38.368333335,1.3355789408,0.2514122724533081,0.0,LeftFoot,RegularPlay,FirstHalf,False,"{'x': 0, 'y': 0.3057410775178399, 'zoomRatio': 0.8653185803642427}",False,True,,Alphadjo,Cissè,Alphadjo Cissè,#CF2C27,
5749647,2026-08-23T18:45:00.000Z,1,Serie A,Torino,9804,Milan,8564,2959074921,AttemptSaved,8564,940087,Gonçalo Ramos,97.3771929818,22.597961787499997,3,,True,True,98.535087719,24.0692993678,31.941249999999997,1.2199999940000001,0.05775344371795654,0.0,RightFoot,RegularPlay,FirstHalf,False,"{'x': 1.544642857142858, 'y': 0.32275132116402117, 'zoomRatio': 1}",False,True,,Gonçalo,Ramos,Gonçalo Ramos,#CF2C27,
5749647,2026-08-23T18:45:00.000Z,1,Serie A,Torino,9804,Milan,8564,2959077909,Miss,8564,604982,Ruben Loftus-Cheek,90.2,31.1025,6,,False,False,100.25862069,32.24625,25.2446875,0.44305262940000006,0.044567495584487915,0.0,RightFoot,RegularPlay,FirstHalf,False,"{'x': 2, 'y': 0.05060386244351644, 'zoomRatio': 0.43173787343398645}",False,True,,Ruben,Loftus-Cheek,Ruben Loftus-Cheek,#CF2C27,
5749647,2026-08-23T18:45:00.000Z,1,Serie A,Torino,9804,Milan,8564,2959082371,AttemptSaved,9804,469615,Giovanni Simeone,95.73684210409999,26.0540625,9,,True,True,96.4122807008,26.574375,34.38125,1.2199999940000001,0.06620556861162186,0.0,RightFoot,RegularPlay,FirstHalf,False,"{'x': 0.8991402116402113, 'y': 0.32275132116402117, 'zoomRatio': 1}",False,True,,Giovanni,Simeone,Giovanni Simeone,#80110B,
5749647,2026-08-23T18:45:00.000Z,1,Serie A,Torino,9804,Milan,8564,2959094201,AttemptSaved,8564,604982,Ruben Loftus-Cheek,96.79824561320001,27.278333333000003,21,,True,True,97.4736842099,27.782619046999997,32.551249999999996,1.2199999940000001,0.07415814697742462,0.0,RightFoot,RegularPlay,FirstHalf,False,"{'x': 1.3832671957671967, 'y': 0.32275132116402117, 'zoomRatio': 1}",False,True,,Ruben,Loftus-Cheek,Ruben Loftus-Cheek,#CF2C27,
5749647,2026-08-23T18:45:00.000Z,1,Serie A,Torino,9804,Milan,8564,2959096447,AttemptSaved,8564,688278,Pervis Estupinán,96.3157894727,36.5925,23,,True,True,98.14912280659999,36.2875,35.220000000000006,1.2199999940000001,0.0629688948392868,0.0,Header,RegularPlay,FirstHalf,False,"{'x': 0.6772486772486757, 'y': 0.32275132116402117, 'zoomRatio': 1}",False,True,,Pervis,Estupinán,Pervis Estupinán,#CF2C27,
5749647,2026-08-23T18:45:00.000Z,1,Serie A,Torino,9804,Milan,8564,2959098467,Miss,8564,604982,Ruben Loftus-Cheek,99.784482759,25.071250000000003,25,,False,False,,,26.69,0.6228421022,0.07954730093479156,0.0,RightFoot,RegularPlay,FirstHalf,False,"{'x': 2, 'y': 0.0852041179480164, 'zoomRatio': 0.5170998632010942}",False,True,,Ruben,Loftus-Cheek,Ruben Loftus-Cheek,#CF2C27,
5749647,2026-08-23T18:45:00.000Z,1,Serie A,Torino,9804,Milan,8564,2959102609,AttemptSaved,8564,1445650,Alphadjo Cissè,90.1,47.4338853472,28,,True,True,94.2894736826,44.1408917151,32.09375,1.2199999940000001,0.05671776458621025,0.0,RightFoot,RegularPlay,FirstHalf,False,"{'x': 1.5042989417989419, 'y': 0.32275132116402117, 'zoomRatio': 1}",False,True,,Alphadjo,Cissè,Alphadjo Cissè,#CF2C27,
5749647,2026-08-23T18:45:00.000Z,1,Serie A,Torino,9804,Milan,8564,2959105357,AttemptSaved,8564,688300,Samuel Chukwueze,96.3157894727,24.139363062099996,30,,False,True,103.4827586208,30.304,31.559999999999995,0.20547368320000003,0.07897531241178513,0.11397939175367355,LeftFoot,RegularPlay,FirstHalf,False,"{'x': 1.6455026455026467, 'y': 0.05435811724867726, 'zoomRatio': 1}",False,True,1577119.0,Samuel,Chukwueze,Samuel Chukwueze,#CF2C27,
5749647,2026-08-23T18:45:00.000Z,1,Serie A,Torino,9804,Milan,8564,2959105381,Miss,8564,688300,Samuel Chukwueze,94.675438595,27.950714285,30,,False,False,,,45.4020382125,6.635448288800001,0.06834559887647629,0.0,LeftFoot,RegularPlay,FirstHalf,False,"{'x': 1.1102230246251565e-16, 'y': 0.581952819762136, 'zoomRatio': 0.33151967477674327}",False,True,,Samuel,Chukwueze,Samuel Chukwueze,#CF2C27,
5749647,2026-08-23T18:45:00.000Z,1,Serie A,Torino,9804,Milan,8564,2959108563,Miss,8564,1445650,Alphadjo Cissè,101.9655172416,44.981656046699996,32,,False,False,,,38.620476192,1.5153684136,0.021306395530700684,0.0,Header,RegularPlay,FirstHalf,False,"{'x': 0, 'y': 0.32796801685154114, 'zoomRatio': 0.8180974953501073}",False,True,,Alphadjo,Cissè,Alphadjo Cissè,#CF2C27,
5749647,2026-08-23T18:45:00.000Z,1,Serie A,Torino,9804,Milan,8564,2959146371,Miss,8564,604982,Ruben Loftus-Cheek,94.09649122639999,30.797499999999996,46,,False,False,,,25.8228125,0.6228421022,0.03317418694496155,0.0,Header,RegularPlay,SecondHalf,False,"{'x': 2, 'y': 0.07616825494095615, 'zoomRatio': 0.4622616272404172}",False,True,,Ruben,Loftus-Cheek,Ruben Loftus-Cheek,#CF2C27,
5749647,2026-08-23T18:45:00.000Z,1,Serie A,Torino,9804,Milan,8564,2959152929,Miss,9804,941953,Saúl Coco,96.8947368413,25.938437500000003,53,,False,False,,,42.061562499999994,1.3355789408,0.015124072320759296,0.0,OtherBodyParts,SetPiece,SecondHalf,False,"{'x': 0, 'y': 0.16567246619994588, 'zoomRatio': 0.46889173159669767}",False,True,466439.0,Saúl,Coco,Saúl Coco,#80110B,
5749647,2026-08-23T18:45:00.000Z,1,Serie A,Torino,9804,Milan,8564,2959153653,Miss,8564,940087,Gonçalo Ramos,96.3157894727,41.225952381,54,,False,False,,,35.3725,4.7063448344,0.0306318998336792,0.0,Header,RegularPlay,SecondHalf,False,"{'x': 0.8024956006772688, 'y': 0.6772486772486772, 'zoomRatio': 0.5439465423970294}",False,True,,Gonçalo,Ramos,Gonçalo Ramos,#CF2C27,
5749647,2026-08-23T18:45:00.000Z,1,Serie A,Torino,9804,Milan,8564,2959155811,Miss,8564,940087,Gonçalo Ramos,96.0263157884,36.440000000000005,57,,False,False,99.3070175438,42.119375,53.5294267513,0.44305262940000006,0.05999956279993057,0.0,Header,RegularPlay,SecondHalf,False,"{'x': 1.1102230246251565e-16, 'y': 0.02268641240944298, 'zoomRatio': 0.1935540683368179}",False,True,,Gonçalo,Ramos,Gonçalo Ramos,#CF2C27,
5749647,2026-08-23T18:45:00.000Z,1,Serie A,Torino,9804,Milan,8564,2959156419,AttemptSaved,8564,1200630,Koni De Winter,101.681034483,29.211428570000002,58,,True,True,102.06034482780001,29.715714284,32.17,1.2199999940000001,0.14150851964950562,0.0,Header,FromCorner,SecondHalf,False,"{'x': 1.4841269841269837, 'y': 0.32275132116402117, 'zoomRatio': 1}",False,True,,Koni,De Winter,Koni De Winter,#CF2C27,
5749647,2026-08-23T18:45:00.000Z,1,Serie A,Torino,9804,Milan,8564,2959160219,AttemptSaved,9804,469615,Giovanni Simeone,91.1,33.00875,63,,True,True,96.1228070165,33.31375,33.8475,1.2199999940000001,0.14259198307991028,0.0,RightFoot,RegularPlay,SecondHalf,False,"{'x': 1.0403439153439162, 'y': 0.32275132116402117, 'zoomRatio': 1}",False,True,,Giovanni,Simeone,Giovanni Simeone,#80110B,
5749647,2026-08-23T18:45:00.000Z,1,Serie A,Torino,9804,Milan,8564,2959162121,Goal,8564,1445650,Alphadjo Cissè,93.8,42.581875,64,,False,True,,,31.7125,1.3419999934,0.17645078897476196,0.7729272246360779,RightFoot,RegularPlay,SecondHalf,False,"{'x': 1.6051587301587305, 'y': 0.35502645328042326, 'zoomRatio': 1}",False,True,1577119.0,Alphadjo,Cissè,Alphadjo Cissè,#CF2C27,
5749647,2026-08-23T18:45:00.000Z,1,Serie A,Torino,9804,Milan,8564,2959164467,Goal,8564,352879,Adrien Rabiot,101.8706896554,37.756,66,,False,True,,,36.51625,1.5474736766000001,0.3983008563518524,0.8092899322509766,LeftFoot,RegularPlay,SecondHalf,False,"{'x': 0.33432539682539697, 'y': 0.40938457052910054, 'zoomRatio': 1}",False,True,1577119.0,Adrien,Rabiot,Adrien Rabiot,#CF2C27,
5749647,2026-08-23T18:45:00.000Z,1,Serie A,Torino,9804,Milan,8564,2959167343,AttemptSaved,8564,940087,Gonçalo Ramos,92.0,37.708,69,,True,True,93.8,37.58375000000001,35.0675,1.2199999940000001,0.09566932916641235,0.0,RightFoot,RegularPlay,SecondHalf,False,"{'x': 0.7175925925925919, 'y': 0.32275132116402117, 'zoomRatio': 1}",False,True,,Gonçalo,Ramos,Gonçalo Ramos,#CF2C27,
5749647,2026-08-23T18:45:00.000Z,1,Serie A,Torino,9804,Milan,8564,2959167853,Miss,8564,921341,Alexis Saelemaekers,90.8,35.29625000000001,69,,False,False,,,36.66875,5.0626206976,0.13938984274864197,0.0,LeftFoot,RegularPlay,SecondHalf,False,"{'x': 0.6429897645177658, 'y': 0.6772486772486772, 'zoomRatio': 0.5056669564863117}",False,True,,Alexis,Saelemaekers,Alexis Saelemaekers,#CF2C27,
5749647,2026-08-23T18:45:00.000Z,1,Serie A,Torino,9804,Milan,8564,2959170809,AttemptSaved,8564,940087,Gonçalo Ramos,101.3965517244,38.116190478,72,,False,True,104.3362068966,36.8975,36.05875,0.2439999988,0.2806640565395355,0.3503383994102478,LeftFoot,RegularPlay,SecondHalf,False,"{'x': 0.455357142857142, 'y': 0.06455026423280423, 'zoomRatio': 1}",False,True,1577119.0,Gonçalo,Ramos,Gonçalo Ramos,#CF2C27,
5749647,2026-08-23T18:45:00.000Z,1,Serie A,Torino,9804,Milan,8564,2959173897,Post,9804,1607014,Alieu Njie,100.06896551759999,45.1918471296,74,,False,False,,,37.696,1.4639999928,0.10095422714948654,0.0,RightFoot,FastBreak,SecondHalf,False,"{'x': 0.02222222222222281, 'y': 0.38730158539682535, 'zoomRatio': 1}",False,True,,Alieu,Njie,Alieu Njie,#80110B,
5749647,2026-08-23T18:45:00.000Z,1,Serie A,Torino,9804,Milan,8564,2959180055,Miss,9804,1529222,Pietro Comuzzo,95.9298245603,34.07625,79,,False,False,,,37.50750000000001,5.7925517344,0.4861588180065155,0.0,LeftFoot,ThrowInSetPiece,SecondHalf,False,"{'x': 0.5899130738284563, 'y': 0.6772486772486772, 'zoomRatio': 0.4419468512981988}",False,True,,Pietro,Comuzzo,Pietro Comuzzo,#80110B,
5749647,2026-08-23T18:45:00.000Z,1,Serie A,Torino,9804,Milan,8564,2959184593,Miss,9804,1218556,Kian Fitz-Jim,81.6966019424,49.605859870500005,83,,False,False,,,22.037452233099998,1.3355789408,0.024121278896927834,0.0,RightFoot,RegularPlay,SecondHalf,False,"{'x': 2, 'y': 0.1116466965754156, 'zoomRatio': 0.3159861990653147}",False,False,,Kian,Fitz-Jim,Kian Fitz-Jim,#80110B,
5749647,2026-08-23T18:45:00.000Z,1,Serie A,Torino,9804,Milan,8564,2959185415,Miss,9804,846761,Zakaria Aboukhlal,98.0526315785,28.623095236999998,84,,False,False,,,28.707142856,1.4254736772,0.3318435847759247,0.0,LeftFoot,RegularPlay,SecondHalf,False,"{'x': 2, 'y': 0.2693202628406328, 'zoomRatio': 0.7141700403316238}",False,True,,Zakaria,Aboukhlal,Zakaria Aboukhlal,#80110B,
5749647,2026-08-23T18:45:00.000Z,1,Serie A,Torino,9804,Milan,8564,2959194717,Goal,9804,599353,Ché Adams,94.38596491070001,37.708,90,3.0,False,True,,,30.797499999999996,1.7465263072000001,0.11817506700754166,0.8908358216285706,RightFoot,SetPiece,SecondHalf,False,"{'x': 1.8472222222222223, 'y': 0.4620439966137566, 'zoomRatio': 1}",False,True,466439.0,Ché,Adams,Ché Adams,#80110B,
5749648,2026-08-22T16:30:00.000Z,1,Serie A,Udinese,8600,Como,10171,2958047941,AttemptSaved,10171,1384881,Álex Valle,90.1,51.5676433109,2,,True,True,91.1,51.35745222800001,35.525000000000006,1.2199999940000001,0.012789441272616386,0.0,LeftFoot,RegularPlay,FirstHalf,False,"{'x': 0.5965608465608451, 'y': 0.32275132116402117, 'zoomRatio': 1}",False,True,,Álex,Valle,Álex Valle,#005ea9,
5749648,2026-08-22T16:30:00.000Z,1,Serie A,Udinese,8600,Como,10171,2958065523,AttemptSaved,8600,818893,Nicolò Zaniolo,81.35873786479999,37.696,15,,True,True,85.6014705876,37.431250000000006,35.143750000000004,1.2199999940000001,0.034214895218610764,0.0,LeftFoot,RegularPlay,FirstHalf,False,"{'x': 0.6974206349206338, 'y': 0.32275132116402117, 'zoomRatio': 1}",False,False,,Nicolò,Zaniolo,Nicolò Zaniolo,#101010,
5749648,2026-08-22T16:30:00.000Z,1,Serie A,Udinese,8600,Como,10171,2958065575,Miss,8600,560945,Mërgim Vojvoda,93.0,19.445095544,15,,False,False,,,42.46625,0.5329473658000001,0.0381317101418972,0.0,RightFoot,RegularPlay,FirstHalf,False,"{'x': 0, 'y': 0.06294963718293223, 'zoomRatio': 0.446478665288646}",False,True,,Mërgim,Vojvoda,Mërgim Vojvoda,#101010,
5749648,2026-08-22T16:30:00.000Z,1,Serie A,Udinese,8600,Como,10171,2958068407,AttemptSaved,8600,488415,Hassane Kamara,85.17205882280001,46.7332484042,17,,False,True,101.9655172416,35.83,35.525000000000006,0.9374736796,0.028200598433613777,0.19247247278690338,LeftFoot,RegularPlay,FirstHalf,False,"{'x': 0.5965608465608451, 'y': 0.24800890994708993, 'zoomRatio': 1}",False,False,560939.0,Hassane,Kamara,Hassane Kamara,#101010,
5749648,2026-08-22T16:30:00.000Z,1,Serie A,Udinese,8600,Como,10171,2958072607,AttemptSaved,10171,1624039,Jesús Rodríguez,101.8706896554,21.7571974559,22,,True,True,102.4396551726,23.718980896300003,31.78875,1.2199999940000001,0.02843090146780014,0.0,RightFoot,RegularPlay,FirstHalf,False,"{'x': 1.5849867724867723, 'y': 0.32275132116402117, 'zoomRatio': 1}",False,True,1091193.0,Jesús,Rodríguez,Jesús Rodríguez,#005ea9,
5749648,2026-08-22T16:30:00.000Z,1,Serie A,Udinese,8600,Como,10171,2958073215,Miss,10171,1624039,Jesús Rodríguez,91.0,34.838750000000005,23,,False,False,,,31.865,5.670896561599999,0.07112665474414825,0.0,RightFoot,FromCorner,FirstHalf,False,"{'x': 1.2549730735201372, 'y': 0.6772486772486772, 'zoomRatio': 0.45142773672417613}",False,True,,Jesús,Rodríguez,Jesús Rodríguez,#005ea9,
5749648,2026-08-22T16:30:00.000Z,1,Serie A,Udinese,8600,Como,10171,2958074219,AttemptSaved,8600,818893,Nicolò Zaniolo,85.70882352880001,42.46625,24,,True,True,96.50877192889999,37.431250000000006,32.70374999999999,1.2199999940000001,0.0526459664106369,0.0,LeftFoot,RegularPlay,FirstHalf,False,"{'x': 1.3429232804232825, 'y': 0.32275132116402117, 'zoomRatio': 1}",False,False,,Nicolò,Zaniolo,Nicolò Zaniolo,#101010,
5749648,2026-08-22T16:30:00.000Z,1,Serie A,Udinese,8600,Como,10171,2958074291,Miss,8600,689987,Jakub Piotrowski,77.1917475744,33.39,24,,False,False,,,42.46625,0.7127368386,0.014784268103539944,0.0,RightFoot,RegularPlay,FirstHalf,False,"{'x': 0, 'y': 0.08418565936512622, 'zoomRatio': 0.446478665288646}",False,False,,Jakub,Piotrowski,Jakub Piotrowski,#101010,
5749648,2026-08-22T16:30:00.000Z,1,Serie A,Udinese,8600,Como,10171,2958075751,Miss,8600,488415,Hassane Kamara,73.02475728399999,49.7459872591,26,,False,False,,,41.483437499999994,0.7127368386,0.011035948060452938,0.0,LeftFoot,RegularPlay,FirstHalf,False,"{'x': 0, 'y': 0.095241904352111, 'zoomRatio': 0.5051154633148207}",False,False,,Hassane,Kamara,Hassane Kamara,#101010,
5749648,2026-08-22T16:30:00.000Z,1,Serie A,Udinese,8600,Como,10171,2958077669,Goal,8600,488415,Hassane Kamara,91.6,41.9459375,29,,False,True,,,30.873749999999998,0.4879999976,0.5345569849014282,0.7761546969413757,LeftFoot,FastBreak,FirstHalf,False,"{'x': 1.8270502645502642, 'y': 0.12910052846560846, 'zoomRatio': 1}",False,True,560939.0,Hassane,Kamara,Hassane Kamara,#101010,
5749648,2026-08-22T16:30:00.000Z,1,Serie A,Udinese,8600,Como,10171,2958080131,Miss,8600,1532261,Idrissa Gueye,92.5,31.7125,31,,False,False,,,47.994394901599996,2.2281052522,0.03140155225992203,0.0,Header,RegularPlay,FirstHalf,False,"{'x': 0, 'y': 0.15921411878589037, 'zoomRatio': 0.27010814162231683}",False,True,,Idrissa,Gueye,Idrissa Gueye,#101010,
5749648,2026-08-22T16:30:00.000Z,1,Serie A,Udinese,8600,Como,10171,2958085759,Miss,8600,934156,Jurgen Ekkelenkamp,90.5,63.802085305599995,35,,False,False,,,21.7571974559,6.7571034616,0.025177214294672012,0.0,RightFoot,FreeKick,FirstHalf,False,"{'x': 2, 'y': 0.5519245644336847, 'zoomRatio': 0.3087528355034723}",False,False,,Jurgen,Ekkelenkamp,Jurgen Ekkelenkamp,#101010,
5749648,2026-08-22T16:30:00.000Z,1,Serie A,Udinese,8600,Como,10171,2958098061,AttemptSaved,10171,873270,Anastasios Douvikas,97.8596491223,32.09375,43,,False,True,103.9568965518,33.695,33.5425,2.3179999886000004,0.09739670902490616,0.24076740443706512,Header,FromCorner,FirstHalf,False,"{'x': 1.121031746031747, 'y': 0.6132275102116402, 'zoomRatio': 1}",False,True,1091193.0,Anastasios,Douvikas,Anastasios Douvikas,#005ea9,
5749648,2026-08-22T16:30:00.000Z,1,Serie A,Udinese,8600,Como,10171,2958098673,AttemptSaved,10171,1215064,Martin Baturina,83.0480582528,24.84,43,,True,True,96.4122807008,31.636249999999997,37.05,1.2199999940000001,0.026240291073918343,0.0,RightFoot,FromCorner,FirstHalf,False,"{'x': 0.19312169312169392, 'y': 0.32275132116402117, 'zoomRatio': 1}",False,False,,Martin,Baturina,Martin Baturina,#005ea9,
5749648,2026-08-22T16:30:00.000Z,1,Serie A,Udinese,8600,Como,10171,2958099625,AttemptSaved,10171,1384881,Álex Valle,83.2733009712,37.684,44,,True,True,87.7485294116,37.2025,34.38125,1.2199999940000001,0.03426874428987503,0.0,LeftFoot,FromCorner,FirstHalf,False,"{'x': 0.8991402116402113, 'y': 0.32275132116402117, 'zoomRatio': 1}",False,False,,Álex,Valle,Álex Valle,#005ea9,
5749648,2026-08-22T16:30:00.000Z,1,Serie A,Udinese,8600,Como,10171,2958099857,Miss,10171,1109171,Yan Couto,74.82669903120001,29.547619046,44,,False,False,,,33.39,5.670896561599999,0.01685292273759842,0.0,RightFoot,FromCorner,FirstHalf,False,"{'x': 1.0728494495771819, 'y': 0.6772486772486772, 'zoomRatio': 0.45142773672417613}",False,False,,Yan,Couto,Yan Couto,#005ea9,
5749648,2026-08-22T16:30:00.000Z,1,Serie A,Udinese,8600,Como,10171,2958132549,AttemptSaved,10171,1347574,Nico Paz,76.5160194192,25.418125,46,,False,True,103.103448276,33.61875,36.51625,0.40452631380000004,0.03233032673597336,0.08286742120981216,LeftFoot,RegularPlay,SecondHalf,False,"{'x': 0.33432539682539697, 'y': 0.10701754333333334, 'zoomRatio': 1}",False,False,1091193.0,Nico,Paz,Nico Paz,#005ea9,
5749648,2026-08-22T16:30:00.000Z,1,Serie A,Udinese,8600,Como,10171,2958136333,Miss,8600,1532261,Idrissa Gueye,90.4,51.847898088099996,49,,False,False,,,40.637619048000005,5.0626206976,0.21175691485404968,0.0,LeftFoot,RegularPlay,SecondHalf,False,"{'x': 0.11205697822282235, 'y': 0.6772486772486772, 'zoomRatio': 0.5056669564863117}",False,True,,Idrissa,Gueye,Idrissa Gueye,#101010,
5749648,2026-08-22T16:30:00.000Z,1,Serie A,Udinese,8600,Como,10171,2958142373,Miss,8600,560945,Mërgim Vojvoda,94.675438595,19.5852229326,52,,False,False,,,31.48375,6.635448288800001,0.02962048351764679,0.0,RightFoot,RegularPlay,SecondHalf,False,"{'x': 1.2568216810616075, 'y': 0.6772486772486772, 'zoomRatio': 0.38580663861415876}",False,True,,Mërgim,Vojvoda,Mërgim Vojvoda,#101010,
5749648,2026-08-22T16:30:00.000Z,1,Serie A,Udinese,8600,Como,10171,2958143207,AttemptSaved,10171,873270,Anastasios Douvikas,92.3,20.2858598756,53,,True,True,93.4,21.3368152901,33.00875,1.2199999940000001,0.02267131395637989,0.0,RightFoot,RegularPlay,SecondHalf,False,"{'x': 1.26223544973545, 'y': 0.32275132116402117, 'zoomRatio': 1}",False,True,,Anastasios,Douvikas,Anastasios Douvikas,#005ea9,
5749648,2026-08-22T16:30:00.000Z,1,Serie A,Udinese,8600,Como,10171,2958144269,AttemptSaved,10171,793907,Trevoh Chalobah,96.0263157884,34.68625,54,,False,True,103.4827586208,33.695,32.551249999999996,1.0594736790000001,0.06783191859722137,0.09887764602899551,Header,FromCorner,SecondHalf,False,"{'x': 1.3832671957671967, 'y': 0.28028404206349206, 'zoomRatio': 1}",False,True,1091193.0,Trevoh,Chalobah,Trevoh Chalobah,#005ea9,
5749648,2026-08-22T16:30:00.000Z,1,Serie A,Udinese,8600,Como,10171,2958144319,Goal,10171,873270,Anastasios Douvikas,101.9655172416,31.865,54,,False,True,,,32.0175,1.0145263108,0.5129973292350769,0.9171686768531799,RightFoot,FromCorner,SecondHalf,False,"{'x': 1.5244708994709, 'y': 0.2683932039153439, 'zoomRatio': 1}",False,True,1091193.0,Anastasios,Douvikas,Anastasios Douvikas,#005ea9,
5749648,2026-08-22T16:30:00.000Z,1,Serie A,Udinese,8600,Como,10171,2958152135,Miss,8600,818893,Nicolò Zaniolo,94.7719298231,23.5788535077,56,,False,False,,,43.5103184664,0.5329473658000001,0.08160655200481415,0.0,LeftFoot,SetPiece,SecondHalf,False,"{'x': 0, 'y': 0.05603885586827672, 'zoomRatio': 0.39746303063927435}",False,True,,Nicolò,Zaniolo,Nicolò Zaniolo,#101010,
5749648,2026-08-22T16:30:00.000Z,1,Serie A,Udinese,8600,Como,10171,2958149739,AttemptSaved,10171,1347574,Nico Paz,76.1781553416,37.12625,58,,True,True,79.3315533992,36.745000000000005,33.466249999999995,1.2199999940000001,0.013211950659751892,0.0,LeftFoot,RegularPlay,SecondHalf,False,"{'x': 1.141203703703705, 'y': 0.32275132116402117, 'zoomRatio': 1}",False,False,,Nico,Paz,Nico Paz,#005ea9,
5749648,2026-08-22T16:30:00.000Z,1,Serie A,Udinese,8600,Como,10171,2958152945,AttemptSaved,10171,873270,Anastasios Douvikas,95.35087719170001,30.316,61,,False,True,103.577586207,32.779999999999994,35.90625,0.0834736838,0.1919945478439331,0.6102330684661865,LeftFoot,FastBreak,SecondHalf,False,"{'x': 0.49570105820105825, 'y': 0.02208298513227513, 'zoomRatio': 1}",False,True,1091193.0,Anastasios,Douvikas,Anastasios Douvikas,#005ea9,
5749648,2026-08-22T16:30:00.000Z,1,Serie A,Udinese,8600,Como,10171,2958153225,Miss,10171,1434889,Assane Diao,93.0,48.34471337309999,61,,False,False,,,32.9325,6.3921379432,0.022361204028129578,0.0,LeftFoot,RegularPlay,SecondHalf,False,"{'x': 1.1131019025851996, 'y': 0.6772486772486772, 'zoomRatio': 0.40049198292464033}",False,True,,Assane,Diao,Assane Diao,#005ea9,
5749648,2026-08-22T16:30:00.000Z,1,Serie A,Udinese,8600,Como,10171,2958156311,Miss,10171,1434889,Assane Diao,91.4,48.905222927500006,65,,False,False,,,38.032142859000004,0.3595789456,0.030800437554717064,0.0,RightFoot,RegularPlay,SecondHalf,False,"{'x': 0, 'y': 0.089178126414196, 'zoomRatio': 0.9374667843334954}",False,True,,Assane,Diao,Assane Diao,#005ea9,
5749648,2026-08-22T16:30:00.000Z,1,Serie A,Udinese,8600,Como,10171,2958159183,Miss,8600,1532261,Idrissa Gueye,98.8245614033,35.29625000000001,68,,False,False,,,35.0675,4.341379316,0.17702656984329224,0.0,Header,RegularPlay,SecondHalf,False,"{'x': 0.8334715973104423, 'y': 0.6772486772486772, 'zoomRatio': 0.5896743439499079}",False,True,,Idrissa,Gueye,Idrissa Gueye,#101010,
5749648,2026-08-22T16:30:00.000Z,1,Serie A,Udinese,8600,Como,10171,2958166239,AttemptSaved,10171,1593861,Mattia Liberali,87.6411764704,20.2858598756,75,,False,True,103.19827586219999,32.474999999999994,30.416249999999994,0.8925263114,0.01769847422838211,0.2400675117969513,LeftFoot,RegularPlay,SecondHalf,False,"{'x': 1.948082010582013, 'y': 0.2361180717989418, 'zoomRatio': 1}",False,False,1091193.0,Mattia,Liberali,Mattia Liberali,#005ea9,
5749648,2026-08-22T16:30:00.000Z,1,Serie A,Udinese,8600,Como,10171,2958169651,AttemptSaved,10171,1347574,Nico Paz,88.28529411759999,37.72,78,,True,True,90.5,37.696,36.5925,1.2199999940000001,0.045107826590538025,0.0,LeftFoot,RegularPlay,SecondHalf,False,"{'x': 0.31415343915343885, 'y': 0.32275132116402117, 'zoomRatio': 1}",False,False,,Nico,Paz,Nico Paz,#005ea9,
5749648,2026-08-22T16:30:00.000Z,1,Serie A,Udinese,8600,Como,10171,2958172269,Miss,10171,1593861,Mattia Liberali,90.4,41.9459375,80,,False,False,,,28.707142856,0.1797894728,0.039848919957876205,0.0,LeftFoot,RegularPlay,SecondHalf,False,"{'x': 2, 'y': 0.033968321439359093, 'zoomRatio': 0.7141700403316238}",False,True,,Mattia,Liberali,Mattia Liberali,#005ea9,
5749648,2026-08-22T16:30:00.000Z,1,Serie A,Udinese,8600,Como,10171,2958173187,AttemptSaved,8600,1399969,Lennon Miller,96.3157894727,21.547006373000002,81,,False,True,103.9568965518,31.4075,32.474999999999994,0.6934736808,0.03476591780781746,0.05382123589515686,RightFoot,RegularPlay,SecondHalf,False,"{'x': 1.4034391534391548, 'y': 0.18345864571428572, 'zoomRatio': 1}",False,True,560939.0,Lennon,Miller,Lennon Miller,#101010,
5749648,2026-08-22T16:30:00.000Z,1,Serie A,Udinese,8600,Como,10171,2958173251,Miss,8600,934156,Jurgen Ekkelenkamp,96.3157894727,30.22,81,,False,False,99.01754385950001,26.774047619,21.897324844499998,3.0118620704000003,0.10434486716985703,0.0,LeftFoot,RegularPlay,SecondHalf,False,"{'x': 2, 'y': 0.24885920110243345, 'zoomRatio': 0.3123276425610909}",False,True,,Jurgen,Ekkelenkamp,Jurgen Ekkelenkamp,#101010,
5749648,2026-08-22T16:30:00.000Z,1,Serie A,Udinese,8600,Como,10171,2958177367,Miss,10171,1347574,Nico Paz,96.50877192889999,34.22875,84,,False,False,100.5431034486,45.542165601099995,48.134522290199996,0.2696842092,0.05641266703605652,0.0,Header,FromCorner,SecondHalf,False,"{'x': 0, 'y': 0.019079824819193385, 'zoomRatio': 0.26743033279736794}",False,True,,Nico,Paz,Nico Paz,#005ea9,
5749648,2026-08-22T16:30:00.000Z,1,Serie A,Udinese,8600,Como,10171,2958177821,Miss,8600,644738,Vakoun Issouf Bayo,96.79824561320001,25.302500000000002,84,,False,False,,,17.9036942694,1.1622105206000002,0.43501606583595276,0.0,RightFoot,RegularPlay,SecondHalf,False,"{'x': 2, 'y': 0.07220355652108244, 'zoomRatio': 0.2348364937436547}",False,True,,Vakoun Issouf,Bayo,Vakoun Issouf Bayo,#101010,
5749648,2026-08-22T16:30:00.000Z,1,Serie A,Udinese,8600,Como,10171,2958182179,Miss,8600,644738,Vakoun Issouf Bayo,98.24561403470001,30.416249999999994,88,,False,False,,,33.695,3.8547586247999996,0.3012307584285736,0.0,LeftFoot,RegularPlay,SecondHalf,False,"{'x': 1.0535859353765797, 'y': 0.6772486772486772, 'zoomRatio': 0.6641142154867928}",False,True,,Vakoun Issouf,Bayo,Vakoun Issouf Bayo,#101010,
5749648,2026-08-22T16:30:00.000Z,1,Serie A,Udinese,8600,Como,10171,2958189191,Post,10171,1413963,Jacobo Ramón,100.3534482762,33.77125,90,5.0,False,False,,,33.8475,2.497,0.19763359427452087,0.0,Header,FromCorner,SecondHalf,False,"{'x': 1.0403439153439162, 'y': 0.6605820105820105, 'zoomRatio': 1}",False,True,,Jacobo,Ramón,Jacobo Ramón,#005ea9,
5749649,2026-08-23T16:30:00.000Z,1,Serie A,Venezia,7881,Lecce,9888,2958930751,Miss,7881,1290968,Antoine Hainaut,87.7485294116,20.706242041399996,8,,False,False,,,41.5990625,0.0898947364,0.034793756902217865,0.0,RightFoot,RegularPlay,FirstHalf,False,"{'x': 0, 'y': 0.011829714046963025, 'zoomRatio': 0.4974297816342475}",False,False,,Antoine,Hainaut,Antoine Hainaut,#101010,
5749649,2026-08-23T16:30:00.000Z,1,Serie A,Venezia,7881,Lecce,9888,2958934307,Miss,7881,845368,John Yeboah,96.50877192889999,25.8228125,11,,False,False,97.4736842099,33.466249999999995,45.9625477669,0.8925263114,0.03731540963053703,0.0,LeftFoot,SetPiece,FirstHalf,False,"{'x': 0, 'y': 0.0746100520383787, 'zoomRatio': 0.3159861990653147}",False,True,,John,Yeboah,John Yeboah,#101010,
5749649,2026-08-23T16:30:00.000Z,1,Serie A,Venezia,7881,Lecce,9888,2958934353,Miss,7881,958640,Akor Adams,97.7631578942,37.2025,11,,False,False,,,34.68625,4.0980689704,0.12175656855106354,0.0,Header,SetPiece,FirstHalf,False,"{'x': 0.8865900237114502, 'y': 0.6772486772486772, 'zoomRatio': 0.6246844595566009}",False,True,,Akor,Adams,Akor Adams,#101010,
5749649,2026-08-23T16:30:00.000Z,1,Serie A,Venezia,7881,Lecce,9888,2958941003,AttemptSaved,7881,992052,Thierry Correia,93.4,40.805714286,16,,True,True,94.7719298231,39.881190477,33.8475,1.2199999940000001,0.06443345546722412,0.0,RightFoot,RegularPlay,FirstHalf,False,"{'x': 1.0403439153439162, 'y': 0.32275132116402117, 'zoomRatio': 1}",False,True,,Thierry,Correia,Thierry Correia,#101010,
5749649,2026-08-23T16:30:00.000Z,1,Serie A,Venezia,7881,Lecce,9888,2958945075,AttemptSaved,7881,845368,John Yeboah,93.3,26.458750000000002,22,,False,True,98.92105263139999,30.244,35.220000000000006,0.8539999958000001,0.1813890039920807,0.5066704750061035,LeftFoot,FastBreak,FirstHalf,False,"{'x': 0.6772486772486757, 'y': 0.22592592481481483, 'zoomRatio': 1}",False,True,362200.0,John,Yeboah,John Yeboah,#101010,
5749649,2026-08-23T16:30:00.000Z,1,Serie A,Venezia,7881,Lecce,9888,2958946005,Miss,9888,1027594,Konan N’Dri,83.2733009712,44.841528658099996,23,,False,False,98.14912280659999,32.474999999999994,20.3559235699,0.44305262940000006,0.037525638937950134,0.0,LeftFoot,FastBreak,FirstHalf,False,"{'x': 2, 'y': 0.032472159744179385, 'zoomRatio': 0.27704330295753815}",False,False,,Konan,N’Dri,Konan N’Dri,#e12300,
5749649,2026-08-23T16:30:00.000Z,1,Serie A,Venezia,7881,Lecce,9888,2958946547,Miss,7881,992052,Thierry Correia,78.7684466032,41.057857143,24,,False,False,,,48.554904456,0.44305262940000006,0.015909794718027115,0.0,RightFoot,RegularPlay,FirstHalf,False,"{'x': 0, 'y': 0.03044009191124298, 'zoomRatio': 0.2597062736775137}",False,False,,Thierry,Correia,Thierry Correia,#101010,
5749649,2026-08-23T16:30:00.000Z,1,Serie A,Venezia,7881,Lecce,9888,2958953493,Post,7881,924431,Gianluca Busio,86.24558823480001,33.466249999999995,32,,False,False,,,37.78,0.7319999964,0.06453514099121094,0.0,LeftFoot,RegularPlay,FirstHalf,False,"{'x': 0, 'y': 0.19365079269841265, 'zoomRatio': 0.9999999999999998}",False,False,,Gianluca,Busio,Gianluca Busio,#101010,
5749649,2026-08-23T16:30:00.000Z,1,Serie A,Venezia,7881,Lecce,9888,2958956077,Miss,9888,879065,Antonino Gallo,72.68689320639999,47.4338853472,34,,False,False,,,36.135000000000005,5.670896561599999,0.015561293810606003,0.0,LeftFoot,RegularPlay,FirstHalf,False,"{'x': 0.7450269264798629, 'y': 0.6772486772486772, 'zoomRatio': 0.45142773672417613}",False,False,,Antonino,Gallo,Antonino Gallo,#e12300,
5749649,2026-08-23T16:30:00.000Z,1,Serie A,Venezia,7881,Lecce,9888,2958958771,Post,9888,664587,Lassana Coulibaly,101.681034483,24.2794904507,36,,False,False,,,30.291999999999998,0.4879999976,0.11950835585594177,0.0,RightFoot,FromCorner,FirstHalf,False,"{'x': 1.9809523809523806, 'y': 0.12910052846560846, 'zoomRatio': 1}",False,True,,Lassana,Coulibaly,Lassana Coulibaly,#e12300,
5749649,2026-08-23T16:30:00.000Z,1,Serie A,Venezia,7881,Lecce,9888,2958975207,AttemptSaved,7881,992052,Thierry Correia,96.50877192889999,38.284285716,45,2.0,False,True,100.8275862072,35.3725,32.0175,1.2199999940000001,0.09748318046331406,0.0,LeftFoot,RegularPlay,FirstHalf,False,"{'x': 1.5244708994709, 'y': 0.32275132116402117, 'zoomRatio': 1}",True,True,,Thierry,Correia,Thierry Correia,#101010,
5749649,2026-08-23T16:30:00.000Z,1,Serie A,Venezia,7881,Lecce,9888,2958998773,Goal,9888,1414124,Olaf Gorter,88.9,32.17,46,,False,True,,,36.745000000000005,0.7705263120000001,0.13494911789894104,0.8178245425224304,RightFoot,RegularPlay,SecondHalf,False,"{'x': 0.2738095238095226, 'y': 0.2038429396825397, 'zoomRatio': 1}",False,True,1130600.0,Olaf,Gorter,Olaf Gorter,#e12300,
5749649,2026-08-23T16:30:00.000Z,1,Serie A,Venezia,7881,Lecce,9888,2959002537,Miss,7881,951765,Armel Bella-Kotchap,100.8275862072,30.645,49,,False,False,,,26.111875,4.0980689704,0.2512226700782776,0.0,Header,SetPiece,SecondHalf,False,"{'x': 2, 'y': 0.5195238374645431, 'zoomRatio': 0.47920133111480856}",False,True,,Armel,Bella-Kotchap,Armel Bella-Kotchap,#101010,
5749649,2026-08-23T16:30:00.000Z,1,Serie A,Venezia,7881,Lecce,9888,2959005435,AttemptSaved,7881,924431,Gianluca Busio,85.17205882280001,40.721666666999994,50,,True,True,86.78235294080001,40.217380953,34.4575,1.2199999940000001,0.030850771814584732,0.0,RightFoot,RegularPlay,SecondHalf,False,"{'x': 0.8789682539682532, 'y': 0.32275132116402117, 'zoomRatio': 1}",False,False,,Gianluca,Busio,Gianluca Busio,#101010,
5749649,2026-08-23T16:30:00.000Z,1,Serie A,Venezia,7881,Lecce,9888,2959014437,Miss,7881,924431,Gianluca Busio,86.0308823524,30.95,57,,False,False,,,30.244,5.670896561599999,0.14897654950618744,0.0,RightFoot,FreeKick,SecondHalf,False,"{'x': 1.448561528871959, 'y': 0.6772486772486772, 'zoomRatio': 0.45142773672417613}",False,False,,Gianluca,Busio,Gianluca Busio,#101010,
5749649,2026-08-23T16:30:00.000Z,1,Serie A,Venezia,7881,Lecce,9888,2959016983,AttemptSaved,7881,958640,Akor Adams,83.0480582528,46.2428025441,59,,False,True,103.4827586208,35.0675,36.05875,0.4879999976,0.031509384512901306,0.1522635966539383,RightFoot,RegularPlay,SecondHalf,False,"{'x': 0.455357142857142, 'y': 0.12910052846560846, 'zoomRatio': 1}",False,False,362200.0,Akor,Adams,Akor Adams,#101010,
5749649,2026-08-23T16:30:00.000Z,1,Serie A,Venezia,7881,Lecce,9888,2959022023,Miss,7881,958640,Akor Adams,97.8596491223,37.708,64,,False,False,,,34.61,3.3768275888,0.07841640710830688,0.0,Header,RegularPlay,SecondHalf,False,"{'x': 0.8776598205688965, 'y': 0.6772486772486772, 'zoomRatio': 0.7581079971304456}",False,True,,Akor,Adams,Akor Adams,#101010,
5749649,2026-08-23T16:30:00.000Z,1,Serie A,Venezia,7881,Lecce,9888,2959023967,Miss,7881,1290968,Antoine Hainaut,97.570175438,29.463571426999998,67,,False,False,,,33.5425,4.2197241432000006,0.11616892367601395,0.0,Header,RegularPlay,SecondHalf,False,"{'x': 1.0734269016946463, 'y': 0.6772486772486772, 'zoomRatio': 0.6066747287557619}",False,True,,Antoine,Hainaut,Antoine Hainaut,#101010,
5749649,2026-08-23T16:30:00.000Z,1,Serie A,Venezia,7881,Lecce,9888,2959026727,AttemptSaved,7881,1072710,Bartol Franjic,100.9224137934,38.536428573,72,,False,True,104.4310344828,35.525000000000006,35.75375,1.1365263102,0.19610553979873657,0.29292944073677063,Header,FromCorner,SecondHalf,False,"{'x': 0.5360449735449745, 'y': 0.30066833603174603, 'zoomRatio': 1}",False,True,362200.0,Bartol,Franjic,Bartol Franjic,#101010,
5749649,2026-08-23T16:30:00.000Z,1,Serie A,Venezia,7881,Lecce,9888,2959026761,AttemptSaved,7881,1072710,Bartol Franjic,101.58620689680001,40.889761905,72,,False,True,104.81034482759999,35.90625,36.745000000000005,0.40452631380000004,0.08667495846748352,0.3269197940826416,RightFoot,FromCorner,SecondHalf,False,"{'x': 0.2738095238095226, 'y': 0.10701754333333334, 'zoomRatio': 1}",False,True,362200.0,Bartol,Franjic,Bartol Franjic,#101010,
5749649,2026-08-23T16:30:00.000Z,1,Serie A,Venezia,7881,Lecce,9888,2959031799,AttemptSaved,9888,789243,Youssef Maleh,83.0480582528,36.135000000000005,77,,False,True,103.8620689656,34.305,33.2375,0.4879999976,0.02904863841831684,0.110467329621315,LeftFoot,RegularPlay,SecondHalf,False,"{'x': 1.2017195767195774, 'y': 0.12910052846560846, 'zoomRatio': 1}",False,False,1130600.0,Youssef,Maleh,Youssef Maleh,#e12300,
5749649,2026-08-23T16:30:00.000Z,1,Serie A,Venezia,7881,Lecce,9888,2959033429,AttemptSaved,9888,1039403,Santiago Pierotti,78.7684466032,29.211428570000002,79,,False,True,104.051724138,35.90625,36.21125,1.2199999940000001,0.09295269846916199,0.0,RightFoot,RegularPlay,SecondHalf,False,"{'x': 0.41501322751322767, 'y': 0.32275132116402117, 'zoomRatio': 1}",True,False,,Santiago,Pierotti,Santiago Pierotti,#e12300,
5749649,2026-08-23T16:30:00.000Z,1,Serie A,Venezia,7881,Lecce,9888,2959033541,AttemptSaved,9888,1178314,Nikola Stulic,95.8333333322,51.147261145099996,79,,False,True,103.9568965518,36.8975,37.2025,0.9374736796,0.023363022133708,0.20783479511737823,RightFoot,RegularPlay,SecondHalf,False,"{'x': 0.15277777777777768, 'y': 0.24800890994708993, 'zoomRatio': 1}",False,True,1130600.0,Nikola,Stulic,Nikola Stulic,#e12300,
5749649,2026-08-23T16:30:00.000Z,1,Serie A,Venezia,7881,Lecce,9888,2959033761,AttemptSaved,9888,1332538,Oumar Ngom,76.8538834968,40.385476190999995,79,,True,True,90.8,37.27875,33.31375,1.2199999940000001,0.026902683079242706,0.0,RightFoot,RegularPlay,SecondHalf,False,"{'x': 1.1815476190476193, 'y': 0.32275132116402117, 'zoomRatio': 1}",False,False,,Oumar,Ngom,Oumar Ngom,#e12300,
5749649,2026-08-23T16:30:00.000Z,1,Serie A,Venezia,7881,Lecce,9888,2959034819,Goal,9888,1574492,Tiago Gabriel,103.3879310346,32.17,80,,False,True,,,30.95,0.4879999976,0.9029474854469299,0.9937373399734497,Header,FromCorner,SecondHalf,False,"{'x': 1.806878306878306, 'y': 0.12910052846560846, 'zoomRatio': 1}",False,True,1130600.0,Tiago,Gabriel,Tiago Gabriel,#e12300,
5749649,2026-08-23T16:30:00.000Z,1,Serie A,Venezia,7881,Lecce,9888,2959037081,Miss,9888,1178314,Nikola Stulic,101.1120689658,37.94809524,82,,False,False,,,37.756,4.341379316,0.33832526206970215,0.0,LeftFoot,RegularPlay,SecondHalf,False,"{'x': 0.414069620138663, 'y': 0.6772486772486772, 'zoomRatio': 0.5896743439499079}",False,True,,Nikola,Stulic,Nikola Stulic,#e12300,
5749649,2026-08-23T16:30:00.000Z,1,Serie A,Venezia,7881,Lecce,9888,2959039177,Miss,9888,1178314,Nikola Stulic,102.155172414,29.715714284,84,,False,False,,,29.211428570000002,0.3595789456,0.6094081401824951,0.0,LeftFoot,RegularPlay,SecondHalf,False,"{'x': 2, 'y': 0.07509106856948361, 'zoomRatio': 0.7893794747048395}",False,True,,Nikola,Stulic,Nikola Stulic,#e12300,
5749649,2026-08-23T16:30:00.000Z,1,Serie A,Venezia,7881,Lecce,9888,2959040985,Miss,9888,1039403,Santiago Pierotti,101.3017241382,38.452380954,84,,False,False,102.629310345,29.463571426999998,0.655924171,0.5329473658000001,0.37152984738349915,0.0,RightFoot,RegularPlay,SecondHalf,False,"{'x': 2, 'y': 0.01598326996774897, 'zoomRatio': 0.11336346580379532}",False,True,,Santiago,Pierotti,Santiago Pierotti,#e12300,
5749649,2026-08-23T16:30:00.000Z,1,Serie A,Venezia,7881,Lecce,9888,2959047349,AttemptSaved,7881,414232,Ridgeciano Haps,100.6379310348,37.355000000000004,90,1.0,False,True,104.3362068966,35.83,34.915000000000006,1.5474736766000001,0.33203086256980896,0.5221054553985596,Header,RegularPlay,SecondHalf,False,"{'x': 0.7579365079365064, 'y': 0.40938457052910054, 'zoomRatio': 1}",False,True,362200.0,Ridgeciano,Haps,Ridgeciano Haps,#101010,
5749649,2026-08-23T16:30:00.000Z,1,Serie A,Venezia,7881,Lecce,9888,2959047379,Post,7881,1379468,Albion Rrahmani,93.5,37.355000000000004,90,1.0,False,False,,,33.2375,2.515,0.21997997164726257,0.0,RightFoot,RegularPlay,SecondHalf,False,"{'x': 1.2017195767195774, 'y': 0.6653439153439153, 'zoomRatio': 1}",False,True,,Albion,Rrahmani,Albion Rrahmani,#101010,
5749649,2026-08-23T16:30:00.000Z,1,Serie A,Venezia,7881,Lecce,9888,2959050673,AttemptSaved,7881,1379468,Albion Rrahmani,82.37233009760001,43.044375,90,4.0,False,True,102.629310345,34.1525,33.00875,1.0145263108,0.028919639065861702,0.01662493124604225,RightFoot,RegularPlay,SecondHalf,False,"{'x': 1.26223544973545, 'y': 0.2683932039153439, 'zoomRatio': 1}",False,False,362200.0,Albion,Rrahmani,Albion Rrahmani,#101010,
5749650,2026-08-28T18:45:00.000Z,2,Serie A,Milan,8564,Venezia,7881,2960604317,Miss,8564,940087,Gonçalo Ramos,94.7719298231,27.110238095,1,,False,False,,,46.6631847099,0.3595789456,0.16099143028259277,0.0,RightFoot,RegularPlay,FirstHalf,False,"{'x': 1.1102230246251565e-16, 'y': 0.028395617203536744, 'zoomRatio': 0.29850310854621104}",False,True,,Gonçalo,Ramos,Gonçalo Ramos,#CF2C27,
5749650,2026-08-28T18:45:00.000Z,2,Serie A,Milan,8564,Venezia,7881,2960607361,Miss,8564,1445650,Alphadjo Cissè,83.0480582528,40.049285714999996,5,,False,False,,,30.256,5.427586216,0.04782303795218468,0.0,RightFoot,RegularPlay,FirstHalf,False,"{'x': 1.4671725048133344, 'y': 0.6772486772486772, 'zoomRatio': 0.4716645481288473}",False,False,,Alphadjo,Cissè,Alphadjo Cissè,#CF2C27,
5749650,2026-08-28T18:45:00.000Z,2,Serie A,Milan,8564,Venezia,7881,2960613099,AttemptSaved,8564,940087,Gonçalo Ramos,91.9,25.938437500000003,12,,False,True,97.8596491223,29.463571426999998,34.838750000000005,0.6099999970000001,0.20764793455600739,0.2035531997680664,LeftFoot,FastBreak,FirstHalf,False,"{'x': 0.7781084656084645, 'y': 0.16137566058201058, 'zoomRatio': 1}",False,True,1130600.0,Gonçalo,Ramos,Gonçalo Ramos,#CF2C27,
5749650,2026-08-28T18:45:00.000Z,2,Serie A,Milan,8564,Venezia,7881,2960624065,AttemptSaved,7881,958640,Akor Adams,98.3421052628,46.1727388498,19,,False,True,103.8620689656,37.58375000000001,32.551249999999996,0.20547368320000003,0.04070814698934555,0.1656741350889206,LeftFoot,RegularPlay,FirstHalf,False,"{'x': 1.3832671957671967, 'y': 0.05435811724867726, 'zoomRatio': 1}",False,True,466439.0,Akor,Adams,Akor Adams,#101010,
5749650,2026-08-28T18:45:00.000Z,2,Serie A,Milan,8564,Venezia,7881,2960627587,Miss,8564,940087,Gonçalo Ramos,82.1470873792,23.5788535077,22,,False,False,,,43.044375,5.1842758704000005,0.021816778928041458,0.0,LeftFoot,RegularPlay,FirstHalf,False,"{'x': 0, 'y': 0.5732044359505216, 'zoomRatio': 0.4179393269297214}",False,False,,Gonçalo,Ramos,Gonçalo Ramos,#CF2C27,
5749650,2026-08-28T18:45:00.000Z,2,Serie A,Milan,8564,Venezia,7881,2960631583,AttemptSaved,7881,845368,John Yeboah,97.0877192975,33.77125,24,,True,True,99.50000000040001,33.8475,33.92375,1.2199999940000001,0.1308003067970276,0.0,LeftFoot,RegularPlay,FirstHalf,False,"{'x': 1.0201719576719581, 'y': 0.32275132116402117, 'zoomRatio': 1}",False,True,,John,Yeboah,John Yeboah,#101010,
5749650,2026-08-28T18:45:00.000Z,2,Serie A,Milan,8564,Venezia,7881,2960645183,AttemptSaved,8564,940087,Gonçalo Ramos,92.5,30.244,33,,False,True,103.103448276,32.3225,31.78875,0.0385263156,0.17837373912334442,0.27157527208328247,RightFoot,RegularPlay,FirstHalf,False,"{'x': 1.5849867724867723, 'y': 0.010192146984126984, 'zoomRatio': 1}",False,True,1130600.0,Gonçalo,Ramos,Gonçalo Ramos,#CF2C27,
5749650,2026-08-28T18:45:00.000Z,2,Serie A,Milan,8564,Venezia,7881,2960651413,Miss,7881,845368,John Yeboah,81.471359224,22.247643316,37,,False,False,,,37.756,5.670896561599999,0.031076738610863686,0.0,LeftFoot,RegularPlay,FirstHalf,False,"{'x': 0.5514384711280409, 'y': 0.6772486772486772, 'zoomRatio': 0.45142773672417613}",False,False,,John,Yeboah,John Yeboah,#101010,
5749650,2026-08-28T18:45:00.000Z,2,Serie A,Milan,8564,Venezia,7881,2960655519,Miss,8564,1200630,Koni De Winter,98.4385964909,30.34,40,,False,False,,,37.696,5.5492413888000005,0.1811785101890564,0.0,Header,FromCorner,FirstHalf,False,"{'x': 0.5489273333535061, 'y': 0.6772486772486772, 'zoomRatio': 0.46132431816118724}",False,True,,Koni,De Winter,Koni De Winter,#CF2C27,
5749650,2026-08-28T18:45:00.000Z,2,Serie A,Milan,8564,Venezia,7881,2960659103,Miss,8564,940087,Gonçalo Ramos,97.3771929818,35.9825,42,,False,False,,,42.2928125,3.4984827616,0.11173776537179947,0.0,LeftFoot,RegularPlay,FirstHalf,False,"{'x': 0, 'y': 0.4218692707208805, 'zoomRatio': 0.4558164072804012}",False,True,,Gonçalo,Ramos,Gonçalo Ramos,#CF2C27,
5749650,2026-08-28T18:45:00.000Z,2,Serie A,Milan,8564,Venezia,7881,2960661167,AttemptSaved,8564,688300,Samuel Chukwueze,80.68300970960001,32.551249999999996,44,,False,True,100.732758621,32.9325,34.838750000000005,0.3274736826,0.04588284716010094,0.05467837676405907,LeftFoot,RegularPlay,FirstHalf,False,"{'x': 0.7781084656084645, 'y': 0.08663324936507935, 'zoomRatio': 1}",False,False,1130600.0,Samuel,Chukwueze,Samuel Chukwueze,#CF2C27,
5749650,2026-08-28T18:45:00.000Z,2,Serie A,Milan,8564,Venezia,7881,2960696409,Miss,7881,1290968,Antoine Hainaut,96.79824561320001,20.145732487,49,,False,False,,,42.7553125,1.3355789408,0.05136802792549133,0.0,RightFoot,RegularPlay,SecondHalf,False,"{'x': -2.220446049250313e-16, 'y': 0.15254497664132488, 'zoomRatio': 0.43173787343398645}",False,True,,Antoine,Hainaut,Antoine Hainaut,#101010,
5749650,2026-08-28T18:45:00.000Z,2,Serie A,Milan,8564,Venezia,7881,2960697753,AttemptSaved,8564,940087,Gonçalo Ramos,86.4602941172,32.09375,51,,True,True,89.8,32.39875,34.07625,1.2199999940000001,0.04589436948299408,0.0,RightFoot,RegularPlay,SecondHalf,False,"{'x': 0.9798280423280419, 'y': 0.32275132116402117, 'zoomRatio': 1}",False,False,,Gonçalo,Ramos,Gonçalo Ramos,#CF2C27,
5749650,2026-08-28T18:45:00.000Z,2,Serie A,Milan,8564,Venezia,7881,2960698207,Miss,8564,1200630,Koni De Winter,96.605263157,32.24625,52,,False,False,,,21.4068789844,1.3355789408,0.05721239745616913,0.0,Header,FromCorner,SecondHalf,False,"{'x': 2, 'y': 0.10605623015498084, 'zoomRatio': 0.3001638748104971}",False,True,,Koni,De Winter,Koni De Winter,#CF2C27,
5749650,2026-08-28T18:45:00.000Z,2,Serie A,Milan,8564,Venezia,7881,2960701131,Post,8564,1137272,Yunus Musah,101.3965517244,35.60125,55,,False,False,,,35.3725,2.476,0.3380662798881531,0.0,RightFoot,SetPiece,SecondHalf,False,"{'x': 0.6369047619047613, 'y': 0.655026455026455, 'zoomRatio': 1}",False,True,,Yunus,Musah,Yunus Musah,#CF2C27,
5749650,2026-08-28T18:45:00.000Z,2,Serie A,Milan,8564,Venezia,7881,2960705541,Miss,8564,940087,Gonçalo Ramos,98.6315789471,30.492499999999996,60,,False,False,,,29.631666665,4.8280000072,0.10798434913158417,0.0,Header,ThrowInSetPiece,SecondHalf,False,"{'x': 1.612768841859594, 'y': 0.6772486772486772, 'zoomRatio': 0.5302402643293849}",False,True,,Gonçalo,Ramos,Gonçalo Ramos,#CF2C27,
5749650,2026-08-28T18:45:00.000Z,2,Serie A,Milan,8564,Venezia,7881,2960709503,Miss,8564,1048023,Strahinja Pavlovic,91.1,42.581875,65,,False,False,,,38.032142859000004,5.0626206976,0.042566653341054916,0.0,LeftFoot,RegularPlay,SecondHalf,False,"{'x': 0.4606028022146701, 'y': 0.6772486772486772, 'zoomRatio': 0.5056669564863117}",False,True,,Strahinja,Pavlovic,Strahinja Pavlovic,#CF2C27,
5749650,2026-08-28T18:45:00.000Z,2,Serie A,Milan,8564,Venezia,7881,2960711375,AttemptSaved,7881,958640,Akor Adams,93.3,33.695,67,,True,True,96.50877192889999,33.77125,34.0,1.2199999940000001,0.364854633808136,0.0,LeftFoot,FastBreak,SecondHalf,False,"{'x': 1, 'y': 0.32275132116402117, 'zoomRatio': 1}",False,True,,Akor,Adams,Akor Adams,#101010,
5749650,2026-08-28T18:45:00.000Z,2,Serie A,Milan,8564,Venezia,7881,2960712813,Goal,8564,940087,Gonçalo Ramos,96.3157894727,43.440254772100005,69,,False,True,,,31.48375,0.5714736814000001,0.10272128134965897,0.6940140724182129,LeftFoot,FastBreak,SecondHalf,False,"{'x': 1.665674603174603, 'y': 0.15118351359788362, 'zoomRatio': 1}",False,True,1130600.0,Gonçalo,Ramos,Gonçalo Ramos,#CF2C27,
5749650,2026-08-28T18:45:00.000Z,2,Serie A,Milan,8564,Venezia,7881,2960716373,AttemptSaved,7881,845368,John Yeboah,89.9,20.84636943,73,,False,True,103.577586207,33.161249999999995,33.2375,1.2199999940000001,0.034219179302453995,0.03704318776726723,LeftFoot,RegularPlay,SecondHalf,False,"{'x': 1.2017195767195774, 'y': 0.32275132116402117, 'zoomRatio': 1}",False,True,466439.0,John,Yeboah,John Yeboah,#101010,
5749650,2026-08-28T18:45:00.000Z,2,Serie A,Milan,8564,Venezia,7881,2960727925,AttemptSaved,8564,352879,Adrien Rabiot,83.8364077672,36.5925,86,,True,True,87.31911764680001,36.2875,34.38125,1.2199999940000001,0.05728018656373024,0.0,RightFoot,RegularPlay,SecondHalf,False,"{'x': 0.8991402116402113, 'y': 0.32275132116402117, 'zoomRatio': 1}",False,False,,Adrien,Rabiot,Adrien Rabiot,#CF2C27,
5749650,2026-08-28T18:45:00.000Z,2,Serie A,Milan,8564,Venezia,7881,2960730243,AttemptSaved,8564,1163219,Ardon Jashari,91.3,39.545000001,89,,False,True,96.9912280694,37.696,34.61,0.4879999976,0.5002999305725098,0.11476901918649673,LeftFoot,FastBreak,SecondHalf,False,"{'x': 0.8386243386243388, 'y': 0.12910052846560846, 'zoomRatio': 1}",False,True,1130600.0,Ardon,Jashari,Ardon Jashari,#CF2C27,
5749650,2026-08-28T18:45:00.000Z,2,Serie A,Milan,8564,Venezia,7881,2960730309,Goal,7881,1298186,Redouane Halhal,12.4,31.559999999999995,89,,False,True,,,34.915000000000006,1.7465263072000001,,,LeftFoot,FastBreak,SecondHalf,True,"{'x': 0.7579365079365064, 'y': 0.4620439966137566, 'zoomRatio': 1}",False,True,1130600.0,Redouane,Halhal,Redouane Halhal,#101010,
5749650,2026-08-28T18:45:00.000Z,2,Serie A,Milan,8564,Venezia,7881,2960731363,AttemptSaved,7881,958640,Akor Adams,90.4,31.4075,90,1.0,True,True,91.4,31.559999999999995,33.8475,1.2199999940000001,0.04672420397400856,0.0,LeftFoot,RegularPlay,SecondHalf,False,"{'x': 1.0403439153439162, 'y': 0.32275132116402117, 'zoomRatio': 1}",False,True,,Akor,Adams,Akor Adams,#101010,
5749650,2026-08-28T18:45:00.000Z,2,Serie A,Milan,8564,Venezia,7881,2960731599,Miss,7881,951765,Armel Bella-Kotchap,73.70048543920001,30.244,90,1.0,False,False,,,37.696,5.9142069072,0.01763971894979477,0.0,RightFoot,RegularPlay,SecondHalf,False,"{'x': 0.5767630131330368, 'y': 0.6772486772486772, 'zoomRatio': 0.4328560092957581}",False,False,,Armel,Bella-Kotchap,Armel Bella-Kotchap,#101010,
5749650,2026-08-28T18:45:00.000Z,2,Serie A,Milan,8564,Venezia,7881,2960733199,AttemptSaved,7881,1379468,Albion Rrahmani,102.06034482780001,40.553571429,90,3.0,True,True,103.00862068980001,38.704523811,35.6775,1.2199999940000001,0.08501943200826645,0.0,RightFoot,FromCorner,SecondHalf,False,"{'x': 0.5562169312169307, 'y': 0.32275132116402117, 'zoomRatio': 1}",False,True,,Albion,Rrahmani,Albion Rrahmani,#101010,
5749651,2026-08-31T18:45:00.000Z,2,Serie A,Atalanta,8524,Bologna,9857,2962881199,Miss,9857,689680,Jens Odgaard,91.9,15.7317197461,8,,False,False,,,29.547619046,4.2197241432000006,0.013541266322135925,0.0,RightFoot,RegularPlay,FirstHalf,False,"{'x': 1.7145891554458386, 'y': 0.6772486772486772, 'zoomRatio': 0.6066747287557619}",False,True,,Jens,Odgaard,Jens Odgaard,#102880,
5749651,2026-08-31T18:45:00.000Z,2,Serie A,Atalanta,8524,Bologna,9857,2962881779,AttemptSaved,9857,1044029,Nicolò Cambiaghi,92.2,48.34471337309999,8,,False,True,104.4310344828,35.6775,32.856249999999996,0.1219999994,0.06500719487667084,0.09768221527338028,LeftFoot,RegularPlay,FirstHalf,False,"{'x': 1.3025793650793662, 'y': 0.032275132116402115, 'zoomRatio': 1}",False,True,1013021.0,Nicolò,Cambiaghi,Nicolò Cambiaghi,#102880,
5749651,2026-08-31T18:45:00.000Z,2,Serie A,Atalanta,8524,Bologna,9857,2962886801,Miss,9857,1014630,Emil Holm,91.2,20.0756687927,15,,False,False,,,32.6275,6.1488275976,0.042453598231077194,0.0,RightFoot,RegularPlay,FirstHalf,False,"{'x': 1.151170901244104, 'y': 0.6772486772486772, 'zoomRatio': 0.41633953129523665}",False,True,,Emil,Holm,Emil Holm,#102880,
5749651,2026-08-31T18:45:00.000Z,2,Serie A,Atalanta,8524,Bologna,9857,2962889027,AttemptSaved,9857,414245,Federico Bernardeschi,90.4,18.043821658,18,,True,True,99.01754385950001,27.950714285,35.448750000000004,1.2199999940000001,0.041764985769987106,0.0,LeftFoot,RegularPlay,FirstHalf,False,"{'x': 0.6167328042328032, 'y': 0.32275132116402117, 'zoomRatio': 1}",False,True,1013021.0,Federico,Bernardeschi,Federico Bernardeschi,#102880,
5749651,2026-08-31T18:45:00.000Z,2,Serie A,Atalanta,8524,Bologna,9857,2962892243,AttemptSaved,9857,1017401,Roberto Piccoli,98.4385964909,32.24625,18,,False,True,103.9568965518,33.466249999999995,35.75375,1.3805263090000002,0.2601744532585144,0.632475733757019,Header,RegularPlay,FirstHalf,False,"{'x': 0.5360449735449745, 'y': 0.3652186002645503, 'zoomRatio': 1}",False,True,1013021.0,Roberto,Piccoli,Roberto Piccoli,#102880,
5749651,2026-08-31T18:45:00.000Z,2,Serie A,Atalanta,8524,Bologna,9857,2962896093,Miss,9857,790732,Tommaso Pobega,78.2053398072,46.1727388498,26,,False,False,,,24.139363062099996,0.44305262940000006,0.020291896536946297,0.0,LeftFoot,RegularPlay,FirstHalf,False,"{'x': 2, 'y': 0.04493144126391048, 'zoomRatio': 0.3833423767455957}",False,False,,Tommaso,Pobega,Tommaso Pobega,#102880,
5749651,2026-08-31T18:45:00.000Z,2,Serie A,Atalanta,8524,Bologna,9857,2962897361,Miss,8524,951743,Giacomo Raspadori,100.5431034486,45.4020382125,28,,False,False,,,38.620476192,5.305931043199999,0.036090608686208725,0.0,LeftFoot,RegularPlay,FirstHalf,False,"{'x': 0.410242733308539, 'y': 0.6772486772486772, 'zoomRatio': 0.48247894274480957}",False,True,,Giacomo,Raspadori,Giacomo Raspadori,#004ca6,
5749651,2026-08-31T18:45:00.000Z,2,Serie A,Atalanta,8524,Bologna,9857,2962900195,Miss,9857,1017401,Roberto Piccoli,85.4941176464,22.247643316,31,,False,False,,,28.707142856,0.3595789456,0.02780270390212536,0.0,RightFoot,RegularPlay,FirstHalf,False,"{'x': 2, 'y': 0.06793664287871819, 'zoomRatio': 0.7141700403316238}",False,False,,Roberto,Piccoli,Roberto Piccoli,#102880,
5749651,2026-08-31T18:45:00.000Z,2,Serie A,Atalanta,8524,Bologna,9857,2962904841,Miss,8524,951743,Giacomo Raspadori,90.3,47.714140124400004,36,,False,False,103.19827586219999,39.545000001,40.049285714999996,0.44305262940000006,0.026463955640792847,0.0,RightFoot,RegularPlay,FirstHalf,False,"{'x': 0, 'y': 0.07324048660842603, 'zoomRatio': 0.6248671625192037}",False,True,,Giacomo,Raspadori,Giacomo Raspadori,#004ca6,
5749651,2026-08-31T18:45:00.000Z,2,Serie A,Atalanta,8524,Bologna,9857,2962909471,AttemptSaved,8524,721089,Gianluca Scamacca,79.3315533992,26.0540625,42,,False,True,102.06034482780001,32.9325,34.305,0.5714736814000001,0.03503077104687691,0.01190523523837328,RightFoot,RegularPlay,FirstHalf,False,"{'x': 0.9193121693121694, 'y': 0.15118351359788362, 'zoomRatio': 1}",False,False,178732.0,Gianluca,Scamacca,Gianluca Scamacca,#004ca6,
5749651,2026-08-31T18:45:00.000Z,2,Serie A,Atalanta,8524,Bologna,9857,2962911791,AttemptSaved,9857,1044029,Nicolò Cambiaghi,90.5,45.3319745182,45,0.0,True,True,91.8,44.2810191037,33.2375,1.2199999940000001,0.0242359209805727,0.0,RightFoot,RegularPlay,FirstHalf,False,"{'x': 1.2017195767195774, 'y': 0.32275132116402117, 'zoomRatio': 1}",False,True,,Nicolò,Cambiaghi,Nicolò Cambiaghi,#102880,
5749651,2026-08-31T18:45:00.000Z,2,Serie A,Atalanta,8524,Bologna,9857,2962928151,Miss,9857,689680,Jens Odgaard,80.0072815544,25.8228125,50,,False,False,,,28.707142856,0.3595789456,0.023744510486721992,0.0,LeftFoot,RegularPlay,SecondHalf,False,"{'x': 2, 'y': 0.06793664287871819, 'zoomRatio': 0.7141700403316238}",False,False,,Jens,Odgaard,Jens Odgaard,#102880,
5749651,2026-08-31T18:45:00.000Z,2,Serie A,Atalanta,8524,Bologna,9857,2962928555,Miss,9857,1017401,Roberto Piccoli,92.8,25.302500000000002,50,,False,False,,,25.360312500000003,0.3595789456,0.20246164500713348,0.0,RightFoot,RegularPlay,SecondHalf,False,"{'x': 2, 'y': 0.04161943885123162, 'zoomRatio': 0.4375158245017546}",False,True,,Roberto,Piccoli,Roberto Piccoli,#102880,
5749651,2026-08-31T18:45:00.000Z,2,Serie A,Atalanta,8524,Bologna,9857,2962929183,Post,9857,1044029,Nicolò Cambiaghi,82.4849514568,47.6440764301,51,,False,False,,,30.291999999999998,1.4254736772,0.02993691712617874,0.0,RightFoot,RegularPlay,SecondHalf,False,"{'x': 1.9809523809523806, 'y': 0.3771094384126984, 'zoomRatio': 1}",False,False,,Nicolò,Cambiaghi,Nicolò Cambiaghi,#102880,
5749651,2026-08-31T18:45:00.000Z,2,Serie A,Atalanta,8524,Bologna,9857,2962932275,Miss,9857,888921,Lewis Ferguson,70.20922330399999,33.466249999999995,57,,False,False,102.8189655174,27.782619046999997,27.53047619,0.9824210478000001,0.009701226837933064,0.0,RightFoot,RegularPlay,SecondHalf,False,"{'x': 2, 'y': 0.15185368763640122, 'zoomRatio': 0.5842779331234892}",False,False,,Lewis,Ferguson,Lewis Ferguson,#102880,
5749651,2026-08-31T18:45:00.000Z,2,Serie A,Atalanta,8524,Bologna,9857,2962948397,AttemptSaved,9857,655696,Artem Dovbyk,90.4,37.355000000000004,86,,True,True,92.7,36.8975,34.305,1.2199999940000001,0.05458143725991249,0.0,LeftFoot,RegularPlay,SecondHalf,False,"{'x': 0.9193121693121694, 'y': 0.32275132116402117, 'zoomRatio': 1}",False,True,,Artem,Dovbyk,Artem Dovbyk,#102880,
5749651,2026-08-31T18:45:00.000Z,2,Serie A,Atalanta,8524,Bologna,9857,2962948413,Miss,9857,655696,Artem Dovbyk,93.6,40.30142857199999,86,,False,False,,,41.057857143,4.8280000072,0.1413910984992981,0.0,LeftFoot,RegularPlay,SecondHalf,False,"{'x': 0.009957662141969137, 'y': 0.6772486772486772, 'zoomRatio': 0.5302402643293849}",False,True,,Artem,Dovbyk,Artem Dovbyk,#102880,
5749651,2026-08-31T18:45:00.000Z,2,Serie A,Atalanta,8524,Bologna,9857,2962949215,Miss,9857,1661207,Mikel Amondarain,97.2807017537,20.9864968186,88,,False,False,,,45.1918471296,0.3595789456,0.031121287494897842,0.0,RightFoot,RegularPlay,SecondHalf,False,"{'x': 0, 'y': 0.032128650564658974, 'zoomRatio': 0.3377458569821529}",False,True,,Mikel,Amondarain,Mikel Amondarain,#102880,
5749651,2026-08-31T18:45:00.000Z,2,Serie A,Atalanta,8524,Bologna,9857,2962949609,AttemptSaved,9857,414245,Federico Bernardeschi,87.85588235280001,33.00875,88,,False,True,104.051724138,34.0,36.66875,0.1219999994,0.06482962518930435,0.3990909159183502,LeftFoot,SetPiece,SecondHalf,False,"{'x': 0.29398148148148073, 'y': 0.032275132116402115, 'zoomRatio': 1}",False,False,1013021.0,Federico,Bernardeschi,Federico Bernardeschi,#102880,
5749651,2026-08-31T18:45:00.000Z,2,Serie A,Atalanta,8524,Bologna,9857,2962949793,AttemptSaved,8524,1053714,Nicola Zalewski,96.7017543851,48.134522290199996,89,,True,True,98.14912280659999,46.1727388498,31.78875,1.2456842044,0.023797951638698578,0.0,LeftFoot,RegularPlay,SecondHalf,False,"{'x': 1.5849867724867723, 'y': 0.3295460858201058, 'zoomRatio': 1}",False,True,,Nicola,Zalewski,Nicola Zalewski,#004ca6,
5749651,2026-08-31T18:45:00.000Z,2,Serie A,Atalanta,8524,Bologna,9857,2962950889,AttemptSaved,8524,1053714,Nicola Zalewski,86.5676470584,20.706242041399996,90,1.0,True,True,88.39264705880001,21.8272611502,32.70374999999999,1.2199999940000001,0.016812914982438087,0.0,LeftFoot,IndividualPlay,SecondHalf,False,"{'x': 1.3429232804232825, 'y': 0.32275132116402117, 'zoomRatio': 1}",False,False,,Nicola,Zalewski,Nicola Zalewski,#004ca6,
5749651,2026-08-31T18:45:00.000Z,2,Serie A,Atalanta,8524,Bologna,9857,2962953699,Goal,8524,1050178,Lazar Samardzic,75.7276699048,27.110238095,90,6.0,False,True,,,37.355000000000004,0.6485263126,0.015347648411989212,0.04171103239059448,LeftFoot,RegularPlay,SecondHalf,False,"{'x': 0.11243386243386144, 'y': 0.17156780756613757, 'zoomRatio': 1}",False,False,178732.0,Lazar,Samardzic,Lazar Samardzic,#004ca6,
5749652,2026-08-30T18:45:00.000Z,2,Serie A,Cagliari,8529,Inter,8636,2962372489,Miss,8636,690230,Lautaro Martínez,96.8947368413,30.291999999999998,5,,False,False,98.3421052628,15.241273886,2.7548815182,0.7127368386,0.09384941309690475,0.0,Header,RegularPlay,FirstHalf,False,"{'x': 2, 'y': 0.022811142131375264, 'zoomRatio': 0.12097889794214785}",False,True,,Lautaro,Martínez,Lautaro Martínez,#010E80,
5749652,2026-08-30T18:45:00.000Z,2,Serie A,Cagliari,8529,Inter,8636,2962377789,Goal,8636,304733,Hakan Çalhanoglu,82.4849514568,36.440000000000005,9,,False,True,,,31.331249999999997,0.160526315,0.03534851595759392,0.10901403427124023,RightFoot,RegularPlay,FirstHalf,False,"{'x': 1.7060185185185193, 'y': 0.042467279100529096, 'zoomRatio': 1}",False,False,958422.0,Hakan,Çalhanoglu,Hakan Çalhanoglu,#010E80,
5749652,2026-08-30T18:45:00.000Z,2,Serie A,Cagliari,8529,Inter,8636,2962393871,Miss,8636,690230,Lautaro Martínez,85.4941176464,22.808152870399997,23,,False,False,,,40.30142857199999,0.6228421022,0.04106264188885689,0.0,RightFoot,RegularPlay,FirstHalf,False,"{'x': -2.220446049250313e-16, 'y': 0.09884141271830969, 'zoomRatio': 0.5998639763681837}",False,False,,Lautaro,Martínez,Lautaro Martínez,#010E80,
5749652,2026-08-30T18:45:00.000Z,2,Serie A,Cagliari,8529,Inter,8636,2962397169,Miss,8636,521318,Manuel Akanji,98.24561403470001,30.645,25,,False,False,,,28.791190475,1.3355789408,0.10735949128866196,0.0,Header,SetPiece,FirstHalf,False,"{'x': 2, 'y': 0.2564077135840363, 'zoomRatio': 0.725693650700349}",False,True,,Manuel,Akanji,Manuel Akanji,#010E80,
5749652,2026-08-30T18:45:00.000Z,2,Serie A,Cagliari,8529,Inter,8636,2962398147,AttemptSaved,8636,541820,Nicolò Barella,84.1742718448,21.1266242072,26,,False,True,102.4396551726,31.4075,32.09375,1.1365263102,0.03911054506897926,0.05200044810771942,RightFoot,RegularPlay,FirstHalf,False,"{'x': 1.5042989417989419, 'y': 0.30066833603174603, 'zoomRatio': 1}",False,False,958422.0,Nicolò,Barella,Nicolò Barella,#010E80,
5749652,2026-08-30T18:45:00.000Z,2,Serie A,Cagliari,8529,Inter,8636,2962401235,AttemptSaved,8636,605224,Federico Dimarco,93.0,37.708,28,,False,True,103.103448276,32.474999999999994,33.77125,1.4639999928,0.2711191177368164,0.35600095987319946,RightFoot,RegularPlay,FirstHalf,False,"{'x': 1.0605158730158726, 'y': 0.38730158539682535, 'zoomRatio': 1}",False,True,958422.0,Federico,Dimarco,Federico Dimarco,#010E80,
5749652,2026-08-30T18:45:00.000Z,2,Serie A,Cagliari,8529,Inter,8636,2962402115,Miss,8636,805451,Alessandro Bastoni,99.1140350876,39.629047619999994,29,,False,False,103.19827586219999,27.782619046999997,20.84636943,2.4078947250000002,0.044740594923496246,0.0,Header,FromCorner,FirstHalf,False,"{'x': 2, 'y': 0.18305932435808098, 'zoomRatio': 0.287373130930193}",False,True,,Alessandro,Bastoni,Alessandro Bastoni,#010E80,
5749652,2026-08-30T18:45:00.000Z,2,Serie A,Cagliari,8529,Inter,8636,2962402459,AttemptSaved,8636,690230,Lautaro Martínez,99.21052631570001,31.865,29,,True,True,100.3534482762,32.24625,33.61875,1.2199999940000001,0.19050949811935425,0.0,RightFoot,FromCorner,FirstHalf,False,"{'x': 1.1008597883597888, 'y': 0.32275132116402117, 'zoomRatio': 1}",False,True,,Lautaro,Martínez,Lautaro Martínez,#010E80,
5749652,2026-08-30T18:45:00.000Z,2,Serie A,Cagliari,8529,Inter,8636,2962402665,Miss,8636,611223,Benjamin Pavard,89.8,26.6321875,29,,False,False,,,38.200238096999996,6.635448288800001,0.020944993942975998,0.0,RightFoot,FromCorner,FirstHalf,False,"{'x': 0.5713016556659525, 'y': 0.6772486772486772, 'zoomRatio': 0.38580663861415876}",False,True,,Benjamin,Pavard,Benjamin Pavard,#010E80,
5749652,2026-08-30T18:45:00.000Z,2,Serie A,Cagliari,8529,Inter,8636,2962404185,AttemptSaved,8636,1367618,Francesco Pio Esposito,98.7280701752,30.05190476,29,,True,True,99.8793103452,30.328,34.1525,1.2199999940000001,0.08993572741746902,0.0,Header,FromCorner,FirstHalf,False,"{'x': 0.9596560846560838, 'y': 0.32275132116402117, 'zoomRatio': 1}",False,True,,Francesco Pio,Esposito,Francesco Pio Esposito,#010E80,
5749652,2026-08-30T18:45:00.000Z,2,Serie A,Cagliari,8529,Inter,8636,2962406959,AttemptSaved,8636,541820,Nicolò Barella,84.1742718448,19.725350321199997,32,,False,True,102.629310345,32.09375,35.75375,0.1797894728,0.09531884640455246,0.0,RightFoot,RegularPlay,FirstHalf,False,"{'x': 0.5360449735449745, 'y': 0.04756335259259259, 'zoomRatio': 1}",True,False,,Nicolò,Barella,Nicolò Barella,#010E80,
5749652,2026-08-30T18:45:00.000Z,2,Serie A,Cagliari,8529,Inter,8636,2962407679,Miss,8636,690230,Lautaro Martínez,99.21052631570001,33.8475,33,,False,False,,,42.581875,0.8925263114,0.15338419377803802,0.0,Header,FromCorner,FirstHalf,False,"{'x': 0, 'y': 0.10400131805695147, 'zoomRatio': 0.440463185492681}",False,True,,Lautaro,Martínez,Lautaro Martínez,#010E80,
5749652,2026-08-30T18:45:00.000Z,2,Serie A,Cagliari,8529,Inter,8636,2962409875,AttemptSaved,8636,690230,Lautaro Martínez,93.9,30.492499999999996,35,,True,True,99.01754385950001,31.636249999999997,33.084999999999994,1.2199999940000001,0.10249200463294983,0.0,RightFoot,RegularPlay,FirstHalf,False,"{'x': 1.2420634920634936, 'y': 0.32275132116402117, 'zoomRatio': 1}",False,True,,Lautaro,Martínez,Lautaro Martínez,#010E80,
5749652,2026-08-30T18:45:00.000Z,2,Serie A,Cagliari,8529,Inter,8636,2962416941,Miss,8636,1114635,Luis Henrique,93.0,21.2667515958,41,,False,False,,,36.51625,4.940965524800001,0.03910316154360771,0.0,RightFoot,RegularPlay,FirstHalf,False,"{'x': 0.655102433811059, 'y': 0.6772486772486772, 'zoomRatio': 0.518117357255518}",False,True,,Luis,Henrique,Luis Henrique,#010E80,
5749652,2026-08-30T18:45:00.000Z,2,Serie A,Cagliari,8529,Inter,8636,2962420259,Miss,8636,605224,Federico Dimarco,93.5,44.981656046699996,44,,False,False,,,26.111875,3.7417931072000004,0.09936235845088959,0.0,LeftFoot,RegularPlay,FirstHalf,False,"{'x': 2, 'y': 0.47435773484826865, 'zoomRatio': 0.47920133111480856}",False,True,,Federico,Dimarco,Federico Dimarco,#010E80,
5749652,2026-08-30T18:45:00.000Z,2,Serie A,Cagliari,8529,Inter,8636,2962422637,AttemptSaved,8636,1367618,Francesco Pio Esposito,86.889705882,33.466249999999995,45,1.0,False,True,102.72413793119999,34.1525,34.915000000000006,1.0979999946,0.11420624703168869,0.051681384444236755,RightFoot,RegularPlay,FirstHalf,False,"{'x': 0.7579365079365064, 'y': 0.29047618904761907, 'zoomRatio': 1}",False,False,958422.0,Francesco Pio,Esposito,Francesco Pio Esposito,#010E80,
5749652,2026-08-30T18:45:00.000Z,2,Serie A,Cagliari,8529,Inter,8636,2962450493,AttemptSaved,8529,1072054,Daniel Maldini,78.8810679624,30.797499999999996,49,,True,True,91.9,31.1025,31.48375,1.2199999940000001,0.06871411204338074,0.0,RightFoot,FreeKick,SecondHalf,False,"{'x': 1.665674603174603, 'y': 0.32275132116402117, 'zoomRatio': 1}",False,False,,Daniel,Maldini,Daniel Maldini,#B51F2B,
5749652,2026-08-30T18:45:00.000Z,2,Serie A,Cagliari,8529,Inter,8636,2962451109,Miss,8529,1329487,Jacopo Fazzini,79.8946601952,25.302500000000002,50,,False,False,,,37.12625,7.4783448432,0.008520470932126045,0.0,RightFoot,FromCorner,SecondHalf,False,"{'x': 0.7168827164778482, 'y': 0.6772486772486772, 'zoomRatio': 0.3423217374534136}",False,False,,Jacopo,Fazzini,Jacopo Fazzini,#B51F2B,
5749652,2026-08-30T18:45:00.000Z,2,Serie A,Cagliari,8529,Inter,8636,2962452081,Miss,8636,690230,Lautaro Martínez,94.09649122639999,38.620476192,51,,False,False,,,38.872619049,0.1797894728,0.08748219162225723,0.0,RightFoot,RegularPlay,SecondHalf,False,"{'x': 0, 'y': 0.036897912804592814, 'zoomRatio': 0.7757634984363826}",False,True,,Lautaro,Martínez,Lautaro Martínez,#010E80,
5749652,2026-08-30T18:45:00.000Z,2,Serie A,Cagliari,8529,Inter,8636,2962453931,AttemptSaved,8636,1367618,Francesco Pio Esposito,96.0263157884,29.379523808000002,53,,False,True,103.2931034484,32.9325,31.48375,0.2439999988,0.6019090414047241,0.8548730611801147,RightFoot,FastBreak,SecondHalf,False,"{'x': 1.665674603174603, 'y': 0.06455026423280423, 'zoomRatio': 1}",False,True,958422.0,Francesco Pio,Esposito,Francesco Pio Esposito,#010E80,
5749652,2026-08-30T18:45:00.000Z,2,Serie A,Cagliari,8529,Inter,8636,2962456573,AttemptSaved,8636,304733,Hakan Çalhanoglu,79.3315533992,42.061562499999994,57,,True,True,87.53382352919999,40.049285714999996,35.29625000000001,1.2199999940000001,0.05360880866646767,0.0,RightFoot,FreeKick,SecondHalf,False,"{'x': 0.6570767195767175, 'y': 0.32275132116402117, 'zoomRatio': 1}",False,False,,Hakan,Çalhanoglu,Hakan Çalhanoglu,#010E80,
5749652,2026-08-30T18:45:00.000Z,2,Serie A,Cagliari,8529,Inter,8636,2962457331,Miss,8636,1367618,Francesco Pio Esposito,97.4736842099,30.72125,58,,False,False,104.3362068966,41.7146875,42.8709375,0.5329473658000001,0.09174367040395737,0.0,Header,RegularPlay,SecondHalf,False,"{'x': 0, 'y': 0.060077907864867754, 'zoomRatio': 0.4261105435586714}",False,True,,Francesco Pio,Esposito,Francesco Pio Esposito,#010E80,
5749652,2026-08-30T18:45:00.000Z,2,Serie A,Cagliari,8529,Inter,8636,2962458907,Miss,8529,1159233,Alieu Fadera,87.85588235280001,49.0453503161,61,,False,False,102.629310345,31.559999999999995,26.942142857,0.44305262940000006,0.039093002676963806,0.0,RightFoot,RegularPlay,SecondHalf,False,"{'x': 2, 'y': 0.06277438327572567, 'zoomRatio': 0.5355733225273642}",False,False,,Alieu,Fadera,Alieu Fadera,#B51F2B,
5749652,2026-08-30T18:45:00.000Z,2,Serie A,Cagliari,8529,Inter,8636,2962462505,AttemptSaved,8636,933768,Curtis Jones,89.8,49.465732481900005,65,,True,True,92.7,47.0835668757,35.3725,1.2199999940000001,0.023432599380612373,0.0,RightFoot,ThrowInSetPiece,SecondHalf,False,"{'x': 0.6369047619047613, 'y': 0.32275132116402117, 'zoomRatio': 1}",False,True,,Curtis,Jones,Curtis Jones,#010E80,
5749652,2026-08-30T18:45:00.000Z,2,Serie A,Cagliari,8529,Inter,8636,2962463441,Miss,8636,690230,Lautaro Martínez,91.4,34.22875,66,,False,False,,,27.782619046999997,1.8749473592,0.2610611021518707,0.0,RightFoot,FastBreak,SecondHalf,False,"{'x': 2, 'y': 0.3015654619482988, 'zoomRatio': 0.6079730401876178}",False,True,,Lautaro,Martínez,Lautaro Martínez,#010E80,
5749652,2026-08-30T18:45:00.000Z,2,Serie A,Cagliari,8529,Inter,8636,2962464643,AttemptSaved,8636,690230,Lautaro Martínez,92.3,46.1727388498,67,,True,True,93.5,45.1918471296,35.143750000000004,1.2199999940000001,0.030041536316275597,0.0,RightFoot,RegularPlay,SecondHalf,False,"{'x': 0.6974206349206338, 'y': 0.32275132116402117, 'zoomRatio': 1}",False,True,,Lautaro,Martínez,Lautaro Martínez,#010E80,
5749652,2026-08-30T18:45:00.000Z,2,Serie A,Cagliari,8529,Inter,8636,2962467949,Miss,8529,1705649,Alessandro Romano,90.5,19.5852229326,70,,False,False,,,34.61,6.8787586344000005,0.027739418670535088,0.0,RightFoot,FromCorner,SecondHalf,False,"{'x': 0.9399424060242917, 'y': 0.6772486772486772, 'zoomRatio': 0.372160172505209}",False,True,,Alessandro,Romano,Alessandro Romano,#B51F2B,
5749652,2026-08-30T18:45:00.000Z,2,Serie A,Cagliari,8529,Inter,8636,2962473897,Miss,8636,805451,Alessandro Bastoni,95.9298245603,41.3678125,76,,False,False,,,26.858095238000004,0.3595789456,0.2087196558713913,0.0,LeftFoot,RegularPlay,SecondHalf,False,"{'x': 2, 'y': 0.05034776541871789, 'zoomRatio': 0.5292705694021971}",False,True,,Alessandro,Bastoni,Alessandro Bastoni,#010E80,
5749652,2026-08-30T18:45:00.000Z,2,Serie A,Cagliari,8529,Inter,8636,2962474487,Miss,8529,1159233,Alieu Fadera,82.1470873792,37.78,77,,False,False,,,24.4896815336,5.9142069072,0.036623213440179825,0.0,RightFoot,RegularPlay,SecondHalf,False,"{'x': 2, 'y': 0.6218726458104342, 'zoomRatio': 0.39746303063927435}",False,False,,Alieu,Fadera,Alieu Fadera,#B51F2B,
5749652,2026-08-30T18:45:00.000Z,2,Serie A,Cagliari,8529,Inter,8636,2962474877,Miss,8636,621562,Marcus Thuram,90.7,33.00875,77,,False,False,,,42.00375,0.5329473658000001,0.2165040820837021,0.0,Header,RegularPlay,SecondHalf,False,"{'x': 0, 'y': 0.06658720797126351, 'zoomRatio': 0.4722786193971578}",False,True,,Marcus,Thuram,Marcus Thuram,#010E80,
5749652,2026-08-30T18:45:00.000Z,2,Serie A,Cagliari,8529,Inter,8636,2962476409,Miss,8636,621562,Marcus Thuram,91.0,36.8975,79,,False,False,,,39.797142858,0.2696842092,0.1661934107542038,0.0,RightFoot,RegularPlay,SecondHalf,False,"{'x': -2.220446049250313e-16, 'y': 0.046520193793023135, 'zoomRatio': 0.6520453424368587}",False,True,,Marcus,Thuram,Marcus Thuram,#010E80,
5749652,2026-08-30T18:45:00.000Z,2,Serie A,Cagliari,8529,Inter,8636,2962477483,Miss,8529,1289961,Adam Obert,94.38596491070001,44.2810191037,80,,False,False,,,36.8975,3.4984827616,0.043843258172273636,0.0,LeftFoot,RegularPlay,SecondHalf,False,"{'x': 0.4390916931571246, 'y': 0.6772486772486772, 'zoomRatio': 0.7317457807993334}",False,True,,Adam,Obert,Adam Obert,#B51F2B,
5749652,2026-08-30T18:45:00.000Z,2,Serie A,Cagliari,8529,Inter,8636,2962480861,AttemptSaved,8529,936164,Michel Ndary Adopo,91.9,37.50750000000001,84,,True,True,100.8275862072,37.05,36.821250000000006,1.2199999940000001,0.1421690136194229,0.0,LeftFoot,RegularPlay,SecondHalf,False,"{'x': 0.2536375661375645, 'y': 0.32275132116402117, 'zoomRatio': 1}",False,True,,Michel Ndary,Adopo,Michel Ndary Adopo,#B51F2B,
5749652,2026-08-30T18:45:00.000Z,2,Serie A,Cagliari,8529,Inter,8636,2962481329,Miss,8529,1030646,Gennaro Borrelli,101.3017241382,41.3678125,85,,False,False,103.9568965518,30.22,26.227500000000003,0.7127368386,0.05190715938806534,0.0,Header,FromCorner,SecondHalf,False,"{'x': 2, 'y': 0.09169981841106473, 'zoomRatio': 0.48633000964940537}",False,True,,Gennaro,Borrelli,Gennaro Borrelli,#B51F2B,
5749652,2026-08-30T18:45:00.000Z,2,Serie A,Cagliari,8529,Inter,8636,2962482495,AttemptSaved,8636,690230,Lautaro Martínez,98.3421052628,46.5931210156,86,,False,True,103.00862068980001,38.368333335,35.220000000000006,1.0594736790000001,0.14303016662597656,0.12753009796142578,LeftFoot,RegularPlay,SecondHalf,False,"{'x': 0.6772486772486757, 'y': 0.28028404206349206, 'zoomRatio': 1}",False,True,958422.0,Lautaro,Martínez,Lautaro Martínez,#010E80,
5749652,2026-08-30T18:45:00.000Z,2,Serie A,Cagliari,8529,Inter,8636,2962483107,Miss,8636,263653,John Stones,97.8596491223,36.51625,87,,False,False,,,30.22,6.1488275976,0.08565066754817963,0.0,Header,FromCorner,SecondHalf,False,"{'x': 1.4163395312952367, 'y': 0.6772486772486772, 'zoomRatio': 0.41633953129523665}",False,True,,John,Stones,John Stones,#010E80,
5749652,2026-08-30T18:45:00.000Z,2,Serie A,Cagliari,8529,Inter,8636,2962484781,Miss,8636,362212,Piotr Zielinski,90.5,25.071250000000003,89,,False,False,,,27.950714285,0.44305262940000006,0.03356217220425606,0.0,LeftFoot,RegularPlay,SecondHalf,False,"{'x': 2, 'y': 0.07324048660842603, 'zoomRatio': 0.6248671625192037}",False,True,,Piotr,Zielinski,Piotr Zielinski,#010E80,
5749652,2026-08-30T18:45:00.000Z,2,Serie A,Cagliari,8529,Inter,8636,2962485161,AttemptSaved,8636,621562,Marcus Thuram,98.0526315785,30.267999999999997,89,,True,True,99.01754385950001,30.568749999999998,35.448750000000004,0.5329473658000001,0.11362496763467789,0.0,RightFoot,RegularPlay,SecondHalf,False,"{'x': 0.6167328042328032, 'y': 0.14099136661375664, 'zoomRatio': 1}",False,True,,Marcus,Thuram,Marcus Thuram,#010E80,
5749652,2026-08-30T18:45:00.000Z,2,Serie A,Cagliari,8529,Inter,8636,2962486165,Miss,8529,1621219,Juan Rodríguez,78.5432038848,31.559999999999995,90,0.0,False,False,,,35.3725,6.513793116,0.036639511585235596,0.0,LeftFoot,IndividualPlay,SecondHalf,False,"{'x': 0.857299150745117, 'y': 0.6772486772486772, 'zoomRatio': 0.3930121749970543}",False,False,,Juan,Rodríguez,Juan Rodríguez,#B51F2B,
5749652,2026-08-30T18:45:00.000Z,2,Serie A,Cagliari,8529,Inter,8636,2962487671,Miss,8529,1210653,Riccardo Ciervo,95.73684210409999,47.2937579586,90,2.0,False,False,,,39.376904763,0.3595789456,0.028792845085263252,0.0,RightFoot,FromCorner,SecondHalf,False,"{'x': 1.1102230246251565e-16, 'y': 0.06687470979109846, 'zoomRatio': 0.703006686302359}",False,True,,Riccardo,Ciervo,Riccardo Ciervo,#B51F2B,
5749652,2026-08-30T18:45:00.000Z,2,Serie A,Cagliari,8529,Inter,8636,2962488479,Miss,8636,690230,Lautaro Martínez,98.14912280659999,49.956178342,90,2.0,False,False,,,32.9325,3.8547586247999996,0.01480827759951353,0.0,LeftFoot,RegularPlay,SecondHalf,False,"{'x': 1.18755077381803, 'y': 0.6772486772486772, 'zoomRatio': 0.6641142154867928}",False,True,,Lautaro,Martínez,Lautaro Martínez,#010E80,
5749653,2026-08-29T16:30:00.000Z,2,Serie A,Fiorentina,8535,Frosinone,9891,2961282153,Miss,9891,1342748,Giorgi Kvernadze,90.1,47.854267513,4,,False,False,,,33.31375,3.7417931072000004,0.031711459159851074,0.0,RightFoot,RegularPlay,FirstHalf,False,"{'x': 1.1242083384748358, 'y': 0.6772486772486772, 'zoomRatio': 0.6841639627466359}",False,True,,Giorgi,Kvernadze,Giorgi Kvernadze,#d5a300,
5749653,2026-08-29T16:30:00.000Z,2,Serie A,Fiorentina,8535,Frosinone,9891,2961289369,AttemptSaved,8535,1246009,Cher Ndour,97.4736842099,19.655286626899997,9,,True,True,99.3070175438,22.738089176099997,32.474999999999994,1.2199999940000001,0.03133248910307884,0.0,LeftFoot,RegularPlay,FirstHalf,False,"{'x': 1.4034391534391548, 'y': 0.32275132116402117, 'zoomRatio': 1}",False,True,,Cher,Ndour,Cher Ndour,#5F259F,
5749653,2026-08-29T16:30:00.000Z,2,Serie A,Fiorentina,8535,Frosinone,9891,2961292439,AttemptSaved,9891,1396091,Gabriele Bracaglia,87.6411764704,34.99125,11,,False,True,102.629310345,33.695,34.07625,0.0834736838,0.08746641874313354,0.049248263239860535,LeftFoot,RegularPlay,FirstHalf,False,"{'x': 0.9798280423280419, 'y': 0.02208298513227513, 'zoomRatio': 1}",False,False,182917.0,Gabriele,Bracaglia,Gabriele Bracaglia,#d5a300,
5749653,2026-08-29T16:30:00.000Z,2,Serie A,Fiorentina,8535,Frosinone,9891,2961294059,AttemptSaved,8535,665188,Albert Gudmundsson,96.50877192889999,43.044375,13,,False,True,103.6724137932,36.745000000000005,34.533750000000005,0.0834736838,0.13375553488731384,0.16813604533672333,RightFoot,RegularPlay,FirstHalf,False,"{'x': 0.8587962962962951, 'y': 0.02208298513227513, 'zoomRatio': 1}",False,True,1289655.0,Albert,Gudmundsson,Albert Gudmundsson,#5F259F,
5749653,2026-08-29T16:30:00.000Z,2,Serie A,Fiorentina,8535,Frosinone,9891,2961298221,AttemptSaved,8535,1607566,Franco Mastantuono,83.2733009712,27.446428571,16,,True,True,92.8,30.22,33.084999999999994,1.2199999940000001,0.12981253862380981,0.0,LeftFoot,FreeKick,FirstHalf,False,"{'x': 1.2420634920634936, 'y': 0.32275132116402117, 'zoomRatio': 1}",False,False,,Franco,Mastantuono,Franco Mastantuono,#5F259F,
5749653,2026-08-29T16:30:00.000Z,2,Serie A,Fiorentina,8535,Frosinone,9891,2961299633,Miss,8535,1607566,Franco Mastantuono,90.7,23.648917202,17,,False,False,,,39.376904763,1.2456842044,0.05409940704703331,0.0,LeftFoot,RegularPlay,FirstHalf,False,"{'x': 1.1102230246251565e-16, 'y': 0.23167310177630537, 'zoomRatio': 0.703006686302359}",False,True,,Franco,Mastantuono,Franco Mastantuono,#5F259F,
5749653,2026-08-29T16:30:00.000Z,2,Serie A,Fiorentina,8535,Frosinone,9891,2961303177,AttemptSaved,8535,665188,Albert Gudmundsson,86.4602941172,34.99125,20,,True,True,93.4,35.0675,35.29625000000001,1.2199999940000001,0.07307898253202438,0.0,LeftFoot,RegularPlay,FirstHalf,False,"{'x': 0.6570767195767175, 'y': 0.32275132116402117, 'zoomRatio': 1}",False,False,,Albert,Gudmundsson,Albert Gudmundsson,#5F259F,
5749653,2026-08-29T16:30:00.000Z,2,Serie A,Fiorentina,8535,Frosinone,9891,2961303213,AttemptSaved,8535,1428426,Arthur Atta,83.8364077672,34.07625,20,,True,True,87.53382352919999,34.0,33.61875,1.2199999940000001,0.04912196844816208,0.0,RightFoot,RegularPlay,FirstHalf,False,"{'x': 1.1008597883597888, 'y': 0.32275132116402117, 'zoomRatio': 1}",False,False,,Arthur,Atta,Arthur Atta,#5F259F,
5749653,2026-08-29T16:30:00.000Z,2,Serie A,Fiorentina,8535,Frosinone,9891,2961307179,AttemptSaved,9891,1445163,Seydou Fini,97.7631578942,41.8303125,25,,True,True,98.6315789471,40.637619048000005,31.48375,1.2199999940000001,0.14981628954410553,0.0,RightFoot,FastBreak,FirstHalf,False,"{'x': 1.665674603174603, 'y': 0.32275132116402117, 'zoomRatio': 1}",False,True,,Seydou,Fini,Seydou Fini,#d5a300,
5749653,2026-08-29T16:30:00.000Z,2,Serie A,Fiorentina,8535,Frosinone,9891,2961307955,Goal,9891,1256534,Antonio Raimondo,101.3965517244,38.116190478,26,,False,True,,,36.8975,0.28252631440000003,0.21922500431537628,0.4590647518634796,LeftFoot,RegularPlay,FirstHalf,False,"{'x': 0.23346560846560827, 'y': 0.07474241121693122, 'zoomRatio': 1}",False,True,182917.0,Antonio,Raimondo,Antonio Raimondo,#d5a300,
5749653,2026-08-29T16:30:00.000Z,2,Serie A,Fiorentina,8535,Frosinone,9891,2961315929,AttemptSaved,8535,1428426,Arthur Atta,81.80922330160001,22.738089176099997,33,,False,True,103.19827586219999,32.3225,33.77125,1.8685263066000002,0.03410591557621956,0.034636661410331726,LeftFoot,RegularPlay,FirstHalf,False,"{'x': 1.0605158730158726, 'y': 0.49431912873015876, 'zoomRatio': 1}",False,False,1289655.0,Arthur,Atta,Arthur Atta,#5F259F,
5749653,2026-08-29T16:30:00.000Z,2,Serie A,Fiorentina,8535,Frosinone,9891,2961316963,Miss,8535,1224237,Mateo Pellegrino,97.3771929818,26.4009375,34,,False,False,,,25.938437500000003,0.802631575,0.05684109404683113,0.0,RightFoot,RegularPlay,FirstHalf,False,"{'x': 2, 'y': 0.09956278016823669, 'zoomRatio': 0.46889173159669767}",False,True,,Mateo,Pellegrino,Mateo Pellegrino,#5F259F,
5749653,2026-08-29T16:30:00.000Z,2,Serie A,Fiorentina,8535,Frosinone,9891,2961317831,Post,8535,1607566,Franco Mastantuono,96.8947368413,24.2794904507,35,,False,False,,,37.732,0.20547368320000003,0.06871626526117325,0.0,RightFoot,RegularPlay,FirstHalf,False,"{'x': 0.012698412698412986, 'y': 0.05435811724867726, 'zoomRatio': 1}",False,True,,Franco,Mastantuono,Franco Mastantuono,#5F259F,
5749653,2026-08-29T16:30:00.000Z,2,Serie A,Fiorentina,8535,Frosinone,9891,2961317943,Miss,8535,1224237,Mateo Pellegrino,100.1637931038,41.057857143,35,,False,False,104.4310344828,39.545000001,39.629047619999994,0.802631575,0.09738275408744812,0.0,LeftFoot,RegularPlay,FirstHalf,False,"{'x': 0, 'y': 0.1425874551404134, 'zoomRatio': 0.6715167920359508}",False,True,,Mateo,Pellegrino,Mateo Pellegrino,#5F259F,
5749653,2026-08-29T16:30:00.000Z,2,Serie A,Fiorentina,8535,Frosinone,9891,2961319227,Post,8535,1712399,Valde,96.50877192889999,40.889761905,36,,False,False,,,37.708,0.20547368320000003,0.42513278126716614,0.0,LeftFoot,RegularPlay,FirstHalf,False,"{'x': 0.019047619047619535, 'y': 0.05435811724867726, 'zoomRatio': 1}",False,True,,,Valde,Valde,#5F259F,
5749653,2026-08-29T16:30:00.000Z,2,Serie A,Fiorentina,8535,Frosinone,9891,2961320735,AttemptSaved,8535,665188,Albert Gudmundsson,92.1,29.967857141,37,,True,True,94.0,30.267999999999997,33.00875,1.2199999940000001,0.07661637663841248,0.0,RightFoot,RegularPlay,FirstHalf,False,"{'x': 1.26223544973545, 'y': 0.32275132116402117, 'zoomRatio': 1}",False,True,,Albert,Gudmundsson,Albert Gudmundsson,#5F259F,
5749653,2026-08-29T16:30:00.000Z,2,Serie A,Fiorentina,8535,Frosinone,9891,2961320799,AttemptSaved,8535,1607566,Franco Mastantuono,84.1742718448,21.4068789844,37,,False,True,102.3448275864,31.78875,34.7625,1.2199999940000001,0.03789134696125984,0.03307037800550461,LeftFoot,RegularPlay,FirstHalf,False,"{'x': 0.7982804232804226, 'y': 0.32275132116402117, 'zoomRatio': 1}",False,False,1289655.0,Franco,Mastantuono,Franco Mastantuono,#5F259F,
5749653,2026-08-29T16:30:00.000Z,2,Serie A,Fiorentina,8535,Frosinone,9891,2961322837,Goal,9891,1396091,Gabriele Bracaglia,97.3771929818,32.779999999999994,38,,False,True,,,32.474999999999994,0.2439999988,0.07805556803941727,0.2565637230873108,Header,FromCorner,FirstHalf,False,"{'x': 1.4034391534391548, 'y': 0.06455026423280423, 'zoomRatio': 1}",False,True,182917.0,Gabriele,Bracaglia,Gabriele Bracaglia,#d5a300,
5749653,2026-08-29T16:30:00.000Z,2,Serie A,Fiorentina,8535,Frosinone,9891,2961326439,Miss,8535,665188,Albert Gudmundsson,97.1842105256,44.4211464923,40,,False,False,,,35.3725,6.1488275976,0.06920156627893448,0.0,LeftFoot,RegularPlay,FirstHalf,False,"{'x': 0.848829098755896, 'y': 0.6772486772486772, 'zoomRatio': 0.41633953129523665}",False,True,,Albert,Gudmundsson,Albert Gudmundsson,#5F259F,
5749653,2026-08-29T16:30:00.000Z,2,Serie A,Fiorentina,8535,Frosinone,9891,2961336683,AttemptSaved,9891,1235421,Anthony Oyono,78.5432038848,24.2794904507,45,1.0,False,True,102.72413793119999,31.78875,33.00875,1.1365263102,0.04800169914960861,0.022618789225816727,RightFoot,FastBreak,FirstHalf,False,"{'x': 1.26223544973545, 'y': 0.30066833603174603, 'zoomRatio': 1}",False,False,182917.0,Anthony,Oyono,Anthony Oyono,#d5a300,
5749653,2026-08-29T16:30:00.000Z,2,Serie A,Fiorentina,8535,Frosinone,9891,2961369007,Miss,9891,1117058,Ilario Monterisi,96.9912280694,30.291999999999998,47,,False,False,,,30.72125,4.8280000072,0.049630727618932724,0.0,Header,FromCorner,SecondHalf,False,"{'x': 1.4599273192248603, 'y': 0.6772486772486772, 'zoomRatio': 0.5302402643293849}",False,True,,Ilario,Monterisi,Ilario Monterisi,#d5a300,
5749653,2026-08-29T16:30:00.000Z,2,Serie A,Fiorentina,8535,Frosinone,9891,2961376755,Miss,8535,1428426,Arthur Atta,92.6,36.5925,51,,False,False,103.103448276,22.457834398899998,4.8538388654,0.9824210478000001,0.016525883227586746,0.0,Header,FromCorner,SecondHalf,False,"{'x': 2, 'y': 0.0337067047445143, 'zoomRatio': 0.12969117897014182}",False,True,,Arthur,Atta,Arthur Atta,#5F259F,
5749653,2026-08-29T16:30:00.000Z,2,Serie A,Fiorentina,8535,Frosinone,9891,2961376825,Miss,8535,1428426,Arthur Atta,100.6379310348,33.77125,51,,False,False,103.4827586208,59.866540279599995,59.407393359900006,0.1797894728,0.31437262892723083,0.0,RightFoot,FromCorner,SecondHalf,False,"{'x': -2.220446049250313e-16, 'y': 0.007076265961377929, 'zoomRatio': 0.14877559246065364}",False,True,,Arthur,Atta,Arthur Atta,#5F259F,
5749653,2026-08-29T16:30:00.000Z,2,Serie A,Fiorentina,8535,Frosinone,9891,2961377607,Miss,8535,1246009,Cher Ndour,84.62475728160001,37.732,52,,False,False,,,27.950714285,2.2281052522,0.031193874776363373,0.0,RightFoot,RegularPlay,SecondHalf,False,"{'x': 2, 'y': 0.36832534569744674, 'zoomRatio': 0.6248671625192037}",False,False,,Cher,Ndour,Cher Ndour,#5F259F,
5749653,2026-08-29T16:30:00.000Z,2,Serie A,Fiorentina,8535,Frosinone,9891,2961381725,AttemptSaved,9891,1235421,Anthony Oyono,99.784482759,25.7071875,54,,True,True,100.3534482762,26.343125,32.17,1.2199999940000001,0.03465428203344345,0.0,Header,FromCorner,SecondHalf,False,"{'x': 1.4841269841269837, 'y': 0.32275132116402117, 'zoomRatio': 1}",False,True,,Anthony,Oyono,Anthony Oyono,#d5a300,
5749653,2026-08-29T16:30:00.000Z,2,Serie A,Fiorentina,8535,Frosinone,9891,2961383821,AttemptSaved,8535,1526689,Álex Jiménez,82.8228155344,28.286904761,56,,True,True,92.4,30.416249999999994,34.1525,1.2199999940000001,0.03435657545924187,0.0,RightFoot,FromCorner,SecondHalf,False,"{'x': 0.9596560846560838, 'y': 0.32275132116402117, 'zoomRatio': 1}",False,False,,Álex,Jiménez,Álex Jiménez,#5F259F,
5749653,2026-08-29T16:30:00.000Z,2,Serie A,Fiorentina,8535,Frosinone,9891,2961385161,Miss,8535,1607566,Franco Mastantuono,91.3,20.145732487,57,,False,False,,,27.950714285,0.44305262940000006,0.02145787701010704,0.0,LeftFoot,RegularPlay,SecondHalf,False,"{'x': 2, 'y': 0.07324048660842603, 'zoomRatio': 0.6248671625192037}",False,True,,Franco,Mastantuono,Franco Mastantuono,#5F259F,
5749653,2026-08-29T16:30:00.000Z,2,Serie A,Fiorentina,8535,Frosinone,9891,2961393879,Miss,8535,1607566,Franco Mastantuono,89.9,37.05,63,,False,False,,,32.779999999999994,4.5846896616,0.1267714947462082,0.0,LeftFoot,RegularPlay,SecondHalf,False,"{'x': 1.1802179530631616, 'y': 0.6772486772486772, 'zoomRatio': 0.5583802152284811}",False,True,,Franco,Mastantuono,Franco Mastantuono,#5F259F,
5749653,2026-08-29T16:30:00.000Z,2,Serie A,Fiorentina,8535,Frosinone,9891,2961395007,AttemptSaved,9891,1117058,Ilario Monterisi,96.605263157,38.284285716,64,,False,True,103.2931034484,35.83,36.745000000000005,1.5859999922,0.08848851174116135,0.6461886167526245,RightFoot,SetPiece,SecondHalf,False,"{'x': 0.2738095238095226, 'y': 0.4195767175132275, 'zoomRatio': 1}",False,True,182917.0,Ilario,Monterisi,Ilario Monterisi,#d5a300,
5749653,2026-08-29T16:30:00.000Z,2,Serie A,Fiorentina,8535,Frosinone,9891,2961395891,AttemptSaved,8535,951712,Nicolò Fagioli,86.889705882,24.4896815336,65,,True,True,97.6666666661,29.463571426999998,32.779999999999994,1.2199999940000001,0.06024475023150444,0.0,RightFoot,RegularPlay,SecondHalf,False,"{'x': 1.3227513227513243, 'y': 0.32275132116402117, 'zoomRatio': 1}",False,False,,Nicolò,Fagioli,Nicolò Fagioli,#5F259F,
5749653,2026-08-29T16:30:00.000Z,2,Serie A,Fiorentina,8535,Frosinone,9891,2961398753,Goal,9891,1256534,Antonio Raimondo,97.8596491223,22.738089176099997,68,,False,True,,,35.75375,1.6694736760000002,0.1540292203426361,0.5047066807746887,LeftFoot,RegularPlay,SecondHalf,False,"{'x': 0.5360449735449745, 'y': 0.44165970264550264, 'zoomRatio': 1}",False,True,182917.0,Antonio,Raimondo,Antonio Raimondo,#d5a300,
5749653,2026-08-29T16:30:00.000Z,2,Serie A,Fiorentina,8535,Frosinone,9891,2961414561,AttemptSaved,8535,1428426,Arthur Atta,82.8228155344,21.9673885388,81,,True,True,89.2,24.955625,33.161249999999995,1.2199999940000001,0.03138716146349907,0.0,RightFoot,RegularPlay,SecondHalf,False,"{'x': 1.2218915343915355, 'y': 0.32275132116402117, 'zoomRatio': 1}",False,False,,Arthur,Atta,Arthur Atta,#5F259F,
5749653,2026-08-29T16:30:00.000Z,2,Serie A,Fiorentina,8535,Frosinone,9891,2961416531,Miss,9891,1327513,Giorgio Cittadini,96.8947368413,34.7625,82,,False,False,,,34.838750000000005,6.1488275976,0.07011745125055313,0.0,Header,FromCorner,SecondHalf,False,"{'x': 0.9076177825730471, 'y': 0.6772486772486772, 'zoomRatio': 0.41633953129523665}",False,True,,Giorgio,Cittadini,Giorgio Cittadini,#d5a300,
5749653,2026-08-29T16:30:00.000Z,2,Serie A,Fiorentina,8535,Frosinone,9891,2961417999,Miss,8535,1224237,Mateo Pellegrino,90.5,37.708,83,,False,False,,,40.46952381,1.3355789408,0.10932577401399612,0.0,LeftFoot,RegularPlay,SecondHalf,False,"{'x': 1.1102230246251565e-16, 'y': 0.2064416145645193, 'zoomRatio': 0.5842779331234892}",False,True,,Mateo,Pellegrino,Mateo Pellegrino,#5F259F,
5749653,2026-08-29T16:30:00.000Z,2,Serie A,Fiorentina,8535,Frosinone,9891,2961423067,AttemptSaved,9891,1342748,Giorgi Kvernadze,94.9649122793,43.720509549300004,87,,True,True,96.2192982446,42.7553125,35.448750000000004,1.2199999940000001,0.09837885946035385,0.0,RightFoot,FastBreak,SecondHalf,False,"{'x': 0.6167328042328032, 'y': 0.32275132116402117, 'zoomRatio': 1}",False,True,,Giorgi,Kvernadze,Giorgi Kvernadze,#d5a300,
5749653,2026-08-29T16:30:00.000Z,2,Serie A,Fiorentina,8535,Frosinone,9891,2961426901,Miss,8535,1607566,Franco Mastantuono,76.966504856,31.254999999999995,89,,False,False,,,34.4575,5.9142069072,0.01928887329995632,0.0,LeftFoot,RegularPlay,SecondHalf,False,"{'x': 0.9476106814146004, 'y': 0.6772486772486772, 'zoomRatio': 0.4328560092957581}",False,False,,Franco,Mastantuono,Franco Mastantuono,#5F259F,
5749653,2026-08-29T16:30:00.000Z,2,Serie A,Fiorentina,8535,Frosinone,9891,2961431941,AttemptSaved,8535,577911,Rolando Mandragora,75.1645631088,16.9928662435,90,4.0,False,True,104.71551724140001,32.779999999999994,32.6275,0.20547368320000003,0.026093825697898865,0.021279430016875267,LeftFoot,FreeKick,SecondHalf,False,"{'x': 1.3630952380952386, 'y': 0.05435811724867726, 'zoomRatio': 1}",False,False,1289655.0,Rolando,Mandragora,Rolando Mandragora,#5F259F,
5749654,2026-08-29T18:45:00.000Z,2,Serie A,Juventus,9885,Parma,10167,2961467965,Miss,9885,787350,Douglas Luiz,82.7101941752,32.39875,8,,False,False,,,25.360312500000003,5.5492413888000005,0.03359297290444374,0.0,RightFoot,RegularPlay,FirstHalf,False,"{'x': 2, 'y': 0.6422965401005539, 'zoomRatio': 0.4375158245017546}",False,False,,Douglas,Luiz,Douglas Luiz,#000001,
5749654,2026-08-29T18:45:00.000Z,2,Serie A,Juventus,9885,Parma,10167,2961473525,Miss,10167,1393542,Christian Ordóñez,92.3,36.97375,13,,False,False,,,47.013503181400004,1.8749473592,0.056077055633068085,0.0,LeftFoot,SetPiece,FirstHalf,False,"{'x': 0, 'y': 0.14407706618766827, 'zoomRatio': 0.290467520337083}",False,True,,Christian,Ordóñez,Christian Ordóñez,#000000,
5749654,2026-08-29T18:45:00.000Z,2,Serie A,Juventus,9885,Parma,10167,2961481843,AttemptSaved,9885,787350,Douglas Luiz,76.7412621376,33.8475,19,,True,True,90.0,33.695,35.83,2.1382105158,0.038928285241127014,0.0,RightFoot,FreeKick,FirstHalf,False,"{'x': 0.5158730158730164, 'y': 0.5656641576190475, 'zoomRatio': 1}",False,False,,Douglas,Luiz,Douglas Luiz,#000001,
5749654,2026-08-29T18:45:00.000Z,2,Serie A,Juventus,9885,Parma,10167,2961494323,Miss,9885,787350,Douglas Luiz,86.5676470584,32.39875,26,,False,False,,,26.942142857,1.2456842044,0.06131676211953163,0.0,RightFoot,RegularPlay,FirstHalf,False,"{'x': 2, 'y': 0.17649609210856199, 'zoomRatio': 0.5355733225273642}",False,False,,Douglas,Luiz,Douglas Luiz,#000001,
5749654,2026-08-29T18:45:00.000Z,2,Serie A,Juventus,9885,Parma,10167,2961506297,Post,9885,1185336,Francisco Conceição,79.66941747679999,32.551249999999996,33,,False,False,,,30.244,0.160526315,0.019894776865839958,0.0,LeftFoot,RegularPlay,FirstHalf,False,"{'x': 1.9936507936507937, 'y': 0.042467279100529096, 'zoomRatio': 1}",False,False,,Francisco,Conceição,Francisco Conceição,#000001,
5749654,2026-08-29T18:45:00.000Z,2,Serie A,Juventus,9885,Parma,10167,2961512681,Miss,9885,1185336,Francisco Conceição,81.6966019424,22.387770704599998,38,,False,False,,,30.316,4.8280000072,0.05187150463461876,0.0,LeftFoot,FreeKick,FirstHalf,False,"{'x': 1.5167738449178445, 'y': 0.6772486772486772, 'zoomRatio': 0.5302402643293849}",False,False,,Francisco,Conceição,Francisco Conceição,#000001,
5749654,2026-08-29T18:45:00.000Z,2,Serie A,Juventus,9885,Parma,10167,2961517515,AttemptSaved,9885,787350,Douglas Luiz,96.2192982446,37.50750000000001,42,,False,True,104.051724138,34.68625,34.838750000000005,1.4639999928,0.05783781036734581,0.056433770805597305,Header,RegularPlay,FirstHalf,False,"{'x': 0.7781084656084645, 'y': 0.38730158539682535, 'zoomRatio': 1}",False,True,1117310.0,Douglas,Luiz,Douglas Luiz,#000001,
5749654,2026-08-29T18:45:00.000Z,2,Serie A,Juventus,9885,Parma,10167,2961522771,AttemptSaved,9885,939569,Jonathan David,87.85588235280001,33.466249999999995,45,1.0,True,True,90.0,33.31375,32.17,1.2199999940000001,0.04772765934467316,0.0,RightFoot,RegularPlay,FirstHalf,False,"{'x': 1.4841269841269837, 'y': 0.32275132116402117, 'zoomRatio': 1}",False,False,,Jonathan,David,Jonathan David,#000001,
5749654,2026-08-29T18:45:00.000Z,2,Serie A,Juventus,9885,Parma,10167,2961525549,Miss,9885,787350,Douglas Luiz,96.605263157,31.1025,45,4.0,False,False,97.6666666661,42.235,67.1472985777,0.3595789456,0.057170916348695755,0.0,Header,FromCorner,FirstHalf,False,"{'x': 0, 'y': 0.010847911022284887, 'zoomRatio': 0.11403644225001831}",False,True,,Douglas,Luiz,Douglas Luiz,#000001,
5749654,2026-08-29T18:45:00.000Z,2,Serie A,Juventus,9885,Parma,10167,2961554081,Miss,9885,860913,Jhon Lucumí,93.3,35.143750000000004,49,,False,False,,,36.66875,3.8547586247999996,0.08221618086099625,0.0,LeftFoot,FromCorner,SecondHalf,False,"{'x': 0.5311230654549259, 'y': 0.6772486772486772, 'zoomRatio': 0.6641142154867928}",False,True,,Jhon,Lucumí,Jhon Lucumí,#000001,
5749654,2026-08-29T18:45:00.000Z,2,Serie A,Juventus,9885,Parma,10167,2961556847,Miss,9885,939569,Jonathan David,88.6,39.376904763,52,,False,False,,,24.2794904507,6.3921379432,0.030907729640603065,0.0,RightFoot,RegularPlay,SecondHalf,False,"{'x': 2, 'y': 0.6575928875724742, 'zoomRatio': 0.38886850332575484}",False,True,,Jonathan,David,Jonathan David,#000001,
5749654,2026-08-29T18:45:00.000Z,2,Serie A,Juventus,9885,Parma,10167,2961560309,AttemptSaved,9885,823825,Randal Kolo Muani,93.0,29.211428570000002,56,,True,True,94.2894736826,29.967857141,35.220000000000006,1.2199999940000001,0.07046686857938766,0.0,RightFoot,RegularPlay,SecondHalf,False,"{'x': 0.6772486772486757, 'y': 0.32275132116402117, 'zoomRatio': 1}",False,True,,Randal Kolo,Muani,Randal Kolo Muani,#000001,
5749654,2026-08-29T18:45:00.000Z,2,Serie A,Juventus,9885,Parma,10167,2961560341,Miss,9885,823825,Randal Kolo Muani,93.3,29.883809522,56,,False,False,,,42.8709375,0.0898947364,0.13113343715667725,0.0,RightFoot,RegularPlay,SecondHalf,False,"{'x': 0, 'y': 0.010133623013351186, 'zoomRatio': 0.4261105435586714}",False,True,,Randal Kolo,Muani,Randal Kolo Muani,#000001,
5749654,2026-08-29T18:45:00.000Z,2,Serie A,Juventus,9885,Parma,10167,2961565913,AttemptSaved,9885,841672,Nicolás González,87.31911764680001,44.5612738809,60,,False,True,103.4827586208,35.3725,31.026249999999997,0.7319999964,0.028755852952599525,0.227186381816864,LeftFoot,FromCorner,SecondHalf,False,"{'x': 1.7867063492063497, 'y': 0.19365079269841268, 'zoomRatio': 1}",False,False,1117310.0,Nicolás,González,Nicolás González,#000001,
5749654,2026-08-29T18:45:00.000Z,2,Serie A,Juventus,9885,Parma,10167,2961566395,Miss,9885,857269,Gleison Bremer,97.6666666661,36.440000000000005,61,,False,False,,,52.548535031099995,1.1622105206000002,0.08019079267978668,0.0,Header,FromCorner,SecondHalf,False,"{'x': 0, 'y': 0.06265780659504067, 'zoomRatio': 0.20378967900495334}",False,True,,Gleison,Bremer,Gleison Bremer,#000001,
5749654,2026-08-29T18:45:00.000Z,2,Serie A,Juventus,9885,Parma,10167,2961568651,Post,9885,841672,Nicolás González,74.150970876,26.774047619,62,,False,False,,,37.72,0.7319999964,0.01763971894979477,0.0,LeftFoot,RegularPlay,SecondHalf,False,"{'x': 0.01587301587301626, 'y': 0.19365079269841268, 'zoomRatio': 1}",False,False,,Nicolás,González,Nicolás González,#000001,
5749654,2026-08-29T18:45:00.000Z,2,Serie A,Juventus,9885,Parma,10167,2961568741,Goal,9885,841672,Nicolás González,80.11990291360001,36.135000000000005,62,,False,True,,,36.821250000000006,0.3274736826,0.03485730662941933,0.25961917638778687,LeftFoot,RegularPlay,SecondHalf,False,"{'x': 0.2536375661375645, 'y': 0.08663324936507935, 'zoomRatio': 1}",False,False,1117310.0,Nicolás,González,Nicolás González,#000001,
5749654,2026-08-29T18:45:00.000Z,2,Serie A,Juventus,9885,Parma,10167,2961571173,AttemptSaved,10167,1233748,David Romero,76.966504856,36.135000000000005,64,,False,True,103.2931034484,34.38125,32.3225,0.6099999970000001,0.027509476989507675,0.045814789831638336,RightFoot,RegularPlay,SecondHalf,False,"{'x': 1.4437830687830693, 'y': 0.16137566058201058, 'zoomRatio': 1}",False,False,538501.0,David,Romero,David Romero,#000000,
5749654,2026-08-29T18:45:00.000Z,2,Serie A,Juventus,9885,Parma,10167,2961571513,AttemptSaved,10167,1233748,David Romero,96.3157894727,34.533750000000005,64,,False,True,104.3362068966,34.1525,37.2025,0.20547368320000003,0.06479651480913162,0.6401257514953613,Header,RegularPlay,SecondHalf,False,"{'x': 0.15277777777777768, 'y': 0.05435811724867726, 'zoomRatio': 1}",False,True,538501.0,David,Romero,David Romero,#000000,
5749654,2026-08-29T18:45:00.000Z,2,Serie A,Juventus,9885,Parma,10167,2961578973,AttemptSaved,9885,823825,Randal Kolo Muani,98.0526315785,26.4009375,70,,False,True,99.50000000040001,27.614523809,34.99125,0.160526315,0.2859881818294525,0.4426245093345642,RightFoot,RegularPlay,SecondHalf,False,"{'x': 0.73776455026455, 'y': 0.042467279100529096, 'zoomRatio': 1}",False,True,1117310.0,Randal Kolo,Muani,Randal Kolo Muani,#000001,
5749654,2026-08-29T18:45:00.000Z,2,Serie A,Juventus,9885,Parma,10167,2961579775,Miss,9885,823825,Randal Kolo Muani,100.25862069,33.695,70,,False,False,,,34.99125,3.6201379344000006,0.3485485315322876,0.0,Header,FromCorner,SecondHalf,False,"{'x': 0.8145587920991699, 'y': 0.6772486772486772, 'zoomRatio': 0.7071553753998859}",False,True,,Randal Kolo,Muani,Randal Kolo Muani,#000001,
5749654,2026-08-29T18:45:00.000Z,2,Serie A,Juventus,9885,Parma,10167,2961595057,Miss,9885,841672,Nicolás González,76.5160194192,33.00875,83,,False,False,,,29.631666665,0.0898947364,0.03169899061322212,0.0,LeftFoot,FreeKick,SecondHalf,False,"{'x': 2, 'y': 0.020578726371393068, 'zoomRatio': 0.8653185803642427}",False,False,,Nicolás,González,Nicolás González,#000001,
5749654,2026-08-29T18:45:00.000Z,2,Serie A,Juventus,9885,Parma,10167,2961596427,AttemptSaved,10167,1233748,David Romero,91.0,36.8975,85,,False,True,103.9568965518,34.838750000000005,32.3225,0.160526315,0.10321997106075287,0.2996634244918823,LeftFoot,RegularPlay,SecondHalf,False,"{'x': 1.4437830687830693, 'y': 0.042467279100529096, 'zoomRatio': 1}",False,True,538501.0,David,Romero,David Romero,#000000,
5749654,2026-08-29T18:45:00.000Z,2,Serie A,Juventus,9885,Parma,10167,2961599397,Goal,9885,866516,Teun Koopmeiners,89.3,43.720509549300004,88,,False,True,,,30.492499999999996,0.1219999994,0.048852670937776566,0.42865654826164246,LeftFoot,RegularPlay,SecondHalf,False,"{'x': 1.9279100529100548, 'y': 0.032275132116402115, 'zoomRatio': 1}",False,True,1117310.0,Teun,Koopmeiners,Teun Koopmeiners,#000001,
5749654,2026-08-29T18:45:00.000Z,2,Serie A,Juventus,9885,Parma,10167,2961606239,AttemptSaved,9885,787350,Douglas Luiz,86.99705882319999,44.4211464923,90,4.0,False,True,103.8620689656,34.838750000000005,34.38125,0.5265263132,0.021380886435508728,0.05669544264674187,RightFoot,SetPiece,SecondHalf,False,"{'x': 0.8991402116402113, 'y': 0.13929267544973545, 'zoomRatio': 1}",False,False,1117310.0,Douglas,Luiz,Douglas Luiz,#000001,
5749655,2026-08-30T18:45:00.000Z,2,Serie A,Lazio,8543,Genoa,10233,2962380255,Miss,8543,724196,Danilho Doekhi,101.58620689680001,32.6275,11,,False,False,,,25.99625,0.3595789456,0.5096096992492676,0.0,Header,FromCorner,FirstHalf,False,"{'x': 2, 'y': 0.04492630899265971, 'zoomRatio': 0.4722786193971578}",False,True,,Danilho,Doekhi,Danilho Doekhi,#75acd4,
5749655,2026-08-30T18:45:00.000Z,2,Serie A,Lazio,8543,Genoa,10233,2962381483,AttemptSaved,8543,957118,Nuno Tavares,75.7276699048,40.553571429,13,,True,True,83.160679612,38.78857143,34.1525,1.2199999940000001,0.015400080941617489,0.0,RightFoot,RegularPlay,FirstHalf,False,"{'x': 0.9596560846560838, 'y': 0.32275132116402117, 'zoomRatio': 1}",False,False,,Nuno,Tavares,Nuno Tavares,#75acd4,
5749655,2026-08-30T18:45:00.000Z,2,Serie A,Lazio,8543,Genoa,10233,2962382589,Miss,8543,957118,Nuno Tavares,86.4602941172,51.5676433109,14,,False,False,,,35.9825,4.940965524800001,0.03360975906252861,0.0,LeftFoot,RegularPlay,FirstHalf,False,"{'x': 0.7282625236087128, 'y': 0.6772486772486772, 'zoomRatio': 0.518117357255518}",False,False,,Nuno,Tavares,Nuno Tavares,#75acd4,
5749655,2026-08-30T18:45:00.000Z,2,Serie A,Lazio,8543,Genoa,10233,2962388539,AttemptSaved,10233,1050163,Lorenzo Colombo,87.31911764680001,35.9825,19,,True,True,90.9,35.83,34.99125,1.2199999940000001,0.08202338218688965,0.0,LeftFoot,RegularPlay,FirstHalf,False,"{'x': 0.73776455026455, 'y': 0.32275132116402117, 'zoomRatio': 1}",False,False,,Lorenzo,Colombo,Lorenzo Colombo,#CB1111,
5749655,2026-08-30T18:45:00.000Z,2,Serie A,Lazio,8543,Genoa,10233,2962398255,Goal,8543,815431,Davide Frattesi,94.7719298231,39.208809525,25,,False,True,,,32.0175,0.2439999988,0.3664088547229767,0.30340898036956787,LeftFoot,RegularPlay,FirstHalf,False,"{'x': 1.5244708994709, 'y': 0.06455026423280423, 'zoomRatio': 1}",False,True,721533.0,Davide,Frattesi,Davide Frattesi,#75acd4,
5749655,2026-08-30T18:45:00.000Z,2,Serie A,Lazio,8543,Genoa,10233,2962408189,Miss,8543,957118,Nuno Tavares,78.2053398072,40.217380953,33,,False,False,,,30.34,5.5492413888000005,0.028998717665672302,0.0,RightFoot,RegularPlay,FirstHalf,False,"{'x': 1.4466791017116254, 'y': 0.6772486772486772, 'zoomRatio': 0.46132431816118724}",False,False,,Nuno,Tavares,Nuno Tavares,#75acd4,
5749655,2026-08-30T18:45:00.000Z,2,Serie A,Lazio,8543,Genoa,10233,2962422421,Post,8543,957118,Nuno Tavares,93.8,30.797499999999996,45,0.0,False,False,,,30.267999999999997,1.1365263102,0.0437048077583313,0.0,Header,RegularPlay,FirstHalf,False,"{'x': 1.987301587301587, 'y': 0.30066833603174603, 'zoomRatio': 1}",False,True,,Nuno,Tavares,Nuno Tavares,#75acd4,
5749655,2026-08-30T18:45:00.000Z,2,Serie A,Lazio,8543,Genoa,10233,2962453917,AttemptSaved,8543,957118,Nuno Tavares,98.7280701752,48.134522290199996,50,,False,True,104.3362068966,36.5925,35.220000000000006,0.20547368320000003,0.01999932900071144,0.026958463713526726,LeftFoot,RegularPlay,SecondHalf,False,"{'x': 0.6772486772486757, 'y': 0.05435811724867726, 'zoomRatio': 1}",False,True,721533.0,Nuno,Tavares,Nuno Tavares,#75acd4,
5749655,2026-08-30T18:45:00.000Z,2,Serie A,Lazio,8543,Genoa,10233,2962456387,AttemptSaved,10233,1215057,Vítinha,94.1929824545,44.841528658099996,54,,True,True,97.2807017537,42.2928125,35.448750000000004,1.2199999940000001,0.0327327623963356,0.0,LeftFoot,RegularPlay,SecondHalf,False,"{'x': 0.6167328042328032, 'y': 0.32275132116402117, 'zoomRatio': 1}",False,True,,,Vítinha,Vítinha,#CB1111,
5749655,2026-08-30T18:45:00.000Z,2,Serie A,Lazio,8543,Genoa,10233,2962458509,AttemptSaved,8543,541555,Mattia Zaccagni,78.5432038848,43.044375,58,,True,True,92.1,37.732,31.941249999999997,1.2199999940000001,0.018583623692393303,0.0,RightFoot,RegularPlay,SecondHalf,False,"{'x': 1.544642857142858, 'y': 0.32275132116402117, 'zoomRatio': 1}",False,False,,Mattia,Zaccagni,Mattia Zaccagni,#75acd4,
5749655,2026-08-30T18:45:00.000Z,2,Serie A,Lazio,8543,Genoa,10233,2962460909,Miss,8543,1146500,Matteo Cancellieri,90.1,22.107515927399998,61,,False,False,,,40.217380953,6.635448288800001,0.04089861735701561,0.0,LeftFoot,RegularPlay,SecondHalf,False,"{'x': 0.3654214691903106, 'y': 0.6772486772486772, 'zoomRatio': 0.38580663861415876}",False,True,,Matteo,Cancellieri,Matteo Cancellieri,#75acd4,
5749655,2026-08-30T18:45:00.000Z,2,Serie A,Lazio,8543,Genoa,10233,2962468515,Miss,8543,541555,Mattia Zaccagni,79.1063106808,42.350624999999994,68,,False,False,,,34.99125,3.9764137976,0.030707381665706635,0.0,RightFoot,RegularPlay,SecondHalf,False,"{'x': 0.8311738200566715, 'y': 0.6772486772486772, 'zoomRatio': 0.6437961767321879}",False,False,,Mattia,Zaccagni,Mattia Zaccagni,#75acd4,
5749655,2026-08-30T18:45:00.000Z,2,Serie A,Lazio,8543,Genoa,10233,2962475159,AttemptSaved,8543,1016093,Gustav Isaksen,85.6014705876,21.2667515958,75,,True,True,87.21176470559999,22.177579621699998,33.77125,1.2199999940000001,0.009356341324746609,0.0,LeftFoot,FromCorner,SecondHalf,False,"{'x': 1.0605158730158726, 'y': 0.32275132116402117, 'zoomRatio': 1}",False,False,,Gustav,Isaksen,Gustav Isaksen,#75acd4,
5749655,2026-08-30T18:45:00.000Z,2,Serie A,Lazio,8543,Genoa,10233,2962475227,Miss,8543,724196,Danilho Doekhi,97.6666666661,30.34,75,,False,False,,,34.07625,4.5846896616,0.3480868637561798,0.0,RightFoot,FromCorner,SecondHalf,False,"{'x': 0.9887363779335522, 'y': 0.6772486772486772, 'zoomRatio': 0.5583802152284811}",False,True,,Danilho,Doekhi,Danilho Doekhi,#75acd4,
5749655,2026-08-30T18:45:00.000Z,2,Serie A,Lazio,8543,Genoa,10233,2962476333,AttemptSaved,8543,541555,Mattia Zaccagni,93.2,47.9243312073,76,,True,True,96.9912280694,43.5103184664,34.22875,1.2199999940000001,0.03701072186231613,0.0,RightFoot,RegularPlay,SecondHalf,False,"{'x': 0.9394841269841275, 'y': 0.32275132116402117, 'zoomRatio': 1}",False,True,,Mattia,Zaccagni,Mattia Zaccagni,#75acd4,
5749655,2026-08-30T18:45:00.000Z,2,Serie A,Lazio,8543,Genoa,10233,2962476577,AttemptSaved,8543,815431,Davide Frattesi,89.1,35.60125,76,,True,True,90.5,35.525000000000006,34.61,1.2199999940000001,0.05298977717757225,0.0,LeftFoot,RegularPlay,SecondHalf,False,"{'x': 0.8386243386243388, 'y': 0.32275132116402117, 'zoomRatio': 1}",False,True,,Davide,Frattesi,Davide Frattesi,#75acd4,
5749655,2026-08-30T18:45:00.000Z,2,Serie A,Lazio,8543,Genoa,10233,2962478593,Miss,10233,1677025,Franz-Ethan Meichtry,95.73684210409999,30.05190476,79,,False,False,,,42.00375,0.0898947364,0.1211242750287056,0.0,RightFoot,RegularPlay,SecondHalf,False,"{'x': 0, 'y': 0.011231577248164927, 'zoomRatio': 0.4722786193971578}",False,True,,Franz-Ethan,Meichtry,Franz-Ethan Meichtry,#CB1111,
5749655,2026-08-30T18:45:00.000Z,2,Serie A,Lazio,8543,Genoa,10233,2962479587,Miss,10233,1050163,Lorenzo Colombo,92.9,37.72,80,,False,False,,,54.0899363057,0.44305262940000006,0.026927737519145012,0.0,Header,RegularPlay,SecondHalf,False,"{'x': 0, 'y': 0.022053461128908373, 'zoomRatio': 0.18815390663670362}",False,True,,Lorenzo,Colombo,Lorenzo Colombo,#CB1111,
5749655,2026-08-30T18:45:00.000Z,2,Serie A,Lazio,8543,Genoa,10233,2962482879,Miss,10233,1214915,Brooke Norton-Cuffy,86.99705882319999,23.438726119099996,84,,False,False,,,28.791190475,6.513793116,0.026332223787903786,0.0,RightFoot,RegularPlay,SecondHalf,False,"{'x': 1.5415676086152441, 'y': 0.6772486772486772, 'zoomRatio': 0.3930121749970543}",False,False,,Brooke,Norton-Cuffy,Brooke Norton-Cuffy,#CB1111,
5749655,2026-08-30T18:45:00.000Z,2,Serie A,Lazio,8543,Genoa,10233,2962484789,AttemptSaved,10233,1003368,Junior Messias,80.79563106879999,44.2810191037,86,,True,True,91.8,40.385476190999995,34.68625,1.2199999940000001,0.05236833542585373,0.0,LeftFoot,FreeKick,SecondHalf,False,"{'x': 0.8184523809523807, 'y': 0.32275132116402117, 'zoomRatio': 1}",False,False,,Junior,Messias,Junior Messias,#CB1111,
5749655,2026-08-30T18:45:00.000Z,2,Serie A,Lazio,8543,Genoa,10233,2962486487,Miss,8543,750030,Andrea Pinamonti,93.9,42.5240625,87,,False,False,,,38.452380954,0.1797894728,0.06461162120103836,0.0,RightFoot,RegularPlay,SecondHalf,False,"{'x': 0, 'y': 0.04038052328798998, 'zoomRatio': 0.8489839569105302}",False,True,,Andrea,Pinamonti,Andrea Pinamonti,#75acd4,
5749655,2026-08-30T18:45:00.000Z,2,Serie A,Lazio,8543,Genoa,10233,2962492089,Miss,10233,936603,Milutin Osmajic,91.8,29.883809522,90,3.0,False,False,97.1842105256,64.1956398082,66.22900473829999,0.1797894728,0.01900997757911682,0.0,Header,RegularPlay,SecondHalf,False,"{'x': 0, 'y': 0.0055784990650469424, 'zoomRatio': 0.11728565714931807}",False,True,,Milutin,Osmajic,Milutin Osmajic,#CB1111,
5749655,2026-08-30T18:45:00.000Z,2,Serie A,Lazio,8543,Genoa,10233,2962492621,AttemptSaved,10233,921543,Morten Frendrup,96.3157894727,37.27875,90,3.0,False,True,103.6724137932,34.99125,34.1525,2.1510526210000003,0.06328082829713821,0.03716643154621124,Header,RegularPlay,SecondHalf,False,"{'x': 0.9596560846560838, 'y': 0.56906153994709, 'zoomRatio': 1}",False,True,915156.0,Morten,Frendrup,Morten Frendrup,#CB1111,
5749656,2026-08-31T16:30:00.000Z,2,Serie A,Lecce,9888,Roma,8686,2962787113,Goal,8686,660301,Donyell Malen,92.0,29.547619046,4,,False,True,,,30.797499999999996,0.1219999994,0.12237660586833954,0.636903703212738,RightFoot,RegularPlay,FirstHalf,False,"{'x': 1.8472222222222223, 'y': 0.032275132116402115, 'zoomRatio': 1}",False,True,362200.0,Donyell,Malen,Donyell Malen,#96092B,
5749656,2026-08-31T16:30:00.000Z,2,Serie A,Lecce,9888,Roma,8686,2962789019,Miss,9888,883824,Willem Geubbels,98.6315789471,28.791190475,7,,False,False,,,32.24625,5.5492413888000005,0.05876423791050911,0.0,Header,FromCorner,FirstHalf,False,"{'x': 1.2140337362368203, 'y': 0.6772486772486772, 'zoomRatio': 0.46132431816118724}",False,True,,Willem,Geubbels,Willem Geubbels,#e12300,
5749656,2026-08-31T16:30:00.000Z,2,Serie A,Lecce,9888,Roma,8686,2962791209,AttemptSaved,8686,1280082,Matias Soulé,91.4,33.00875,12,,False,True,103.19827586219999,33.161249999999995,33.39,1.0594736790000001,0.16981424391269684,0.05343862995505333,LeftFoot,RegularPlay,FirstHalf,False,"{'x': 1.1613756613756612, 'y': 0.28028404206349206, 'zoomRatio': 1}",False,True,362200.0,Matias,Soulé,Matias Soulé,#96092B,
5749656,2026-08-31T16:30:00.000Z,2,Serie A,Lecce,9888,Roma,8686,2962794051,Goal,8686,660301,Donyell Malen,101.3017241382,37.431250000000006,23,,False,True,,,36.135000000000005,0.5265263132,0.5393136739730835,0.5356196165084839,RightFoot,RegularPlay,FirstHalf,False,"{'x': 0.4351851851851839, 'y': 0.13929267544973545, 'zoomRatio': 1}",False,True,362200.0,Donyell,Malen,Donyell Malen,#96092B,
5749656,2026-08-31T16:30:00.000Z,2,Serie A,Lecce,9888,Roma,8686,2962794405,AttemptSaved,8686,1280082,Matias Soulé,86.4602941172,35.9825,25,,False,True,101.4913793106,33.8475,35.448750000000004,0.20547368320000003,0.1386042833328247,0.2479841113090515,LeftFoot,FastBreak,FirstHalf,False,"{'x': 0.6167328042328032, 'y': 0.05435811724867726, 'zoomRatio': 1}",False,False,362200.0,Matias,Soulé,Matias Soulé,#96092B,
5749656,2026-08-31T16:30:00.000Z,2,Serie A,Lecce,9888,Roma,8686,2962794419,Goal,8686,1280082,Matias Soulé,96.605263157,30.232,25,,False,True,,,32.551249999999996,0.2439999988,0.48386150598526,0.5982140302658081,LeftFoot,FastBreak,FirstHalf,False,"{'x': 1.3832671957671967, 'y': 0.06455026423280423, 'zoomRatio': 1}",False,True,362200.0,Matias,Soulé,Matias Soulé,#96092B,
5749656,2026-08-31T16:30:00.000Z,2,Serie A,Lecce,9888,Roma,8686,2962798821,AttemptSaved,8686,660301,Donyell Malen,97.95614035039999,31.026249999999997,32,,False,True,102.3448275864,32.3225,31.48375,0.28252631440000003,0.298615425825119,0.7341273427009583,RightFoot,RegularPlay,FirstHalf,False,"{'x': 1.665674603174603, 'y': 0.07474241121693122, 'zoomRatio': 1}",False,True,362200.0,Donyell,Malen,Donyell Malen,#96092B,
5749656,2026-08-31T16:30:00.000Z,2,Serie A,Lecce,9888,Roma,8686,2962804021,AttemptSaved,9888,883824,Willem Geubbels,86.5676470584,36.2875,38,,False,True,96.1228070165,35.220000000000006,33.92375,0.160526315,0.3709881603717804,0.14541375637054443,RightFoot,FastBreak,FirstHalf,False,"{'x': 1.0201719576719581, 'y': 0.042467279100529096, 'zoomRatio': 1}",False,False,768474.0,Willem,Geubbels,Willem Geubbels,#e12300,
5749656,2026-08-31T16:30:00.000Z,2,Serie A,Lecce,9888,Roma,8686,2962806109,Miss,8686,1280082,Matias Soulé,91.3,41.9459375,40,,False,False,,,28.791190475,1.3355789408,0.12062095105648041,0.0,RightFoot,RegularPlay,FirstHalf,False,"{'x': 2, 'y': 0.2564077135840363, 'zoomRatio': 0.725693650700349}",False,True,,Matias,Soulé,Matias Soulé,#96092B,
5749656,2026-08-31T16:30:00.000Z,2,Serie A,Lecce,9888,Roma,8686,2962808935,AttemptSaved,8686,325916,Paulo Dybala,84.85,22.387770704599998,43,,False,True,104.3362068966,31.78875,32.3225,0.5714736814000001,0.034685321152210236,0.03766709938645363,LeftFoot,RegularPlay,FirstHalf,False,"{'x': 1.4437830687830693, 'y': 0.15118351359788362, 'zoomRatio': 1}",False,False,362200.0,Paulo,Dybala,Paulo Dybala,#96092B,
5749656,2026-08-31T16:30:00.000Z,2,Serie A,Lecce,9888,Roma,8686,2962811665,Miss,8686,660301,Donyell Malen,92.3,34.99125,45,2.0,False,False,,,29.379523808000002,0.2696842092,0.20277684926986694,0.0,RightFoot,RegularPlay,FirstHalf,False,"{'x': 2, 'y': 0.05836718943968105, 'zoomRatio': 0.8180974953501073}",False,True,,Donyell,Malen,Donyell Malen,#96092B,
5749656,2026-08-31T16:30:00.000Z,2,Serie A,Lecce,9888,Roma,8686,2962833261,Miss,8686,660301,Donyell Malen,87.53382352919999,32.856249999999996,50,,False,False,,,42.1771875,0.44305262940000006,0.13138116896152496,0.0,LeftFoot,RegularPlay,SecondHalf,False,"{'x': 0, 'y': 0.054181542174494585, 'zoomRatio': 0.4622616272404172}",False,False,,Donyell,Malen,Donyell Malen,#96092B,
5749656,2026-08-31T16:30:00.000Z,2,Serie A,Lecce,9888,Roma,8686,2962837573,Miss,9888,1027594,Konan N’Dri,98.7280701752,49.8160509534,56,,False,False,,,35.75375,6.1488275976,0.027785353362560272,0.0,LeftFoot,FastBreak,SecondHalf,False,"{'x': 0.8068371817436455, 'y': 0.6772486772486772, 'zoomRatio': 0.41633953129523665}",False,True,,Konan,N’Dri,Konan N’Dri,#e12300,
5749656,2026-08-31T16:30:00.000Z,2,Serie A,Lecce,9888,Roma,8686,2962838401,Miss,8686,1320176,Wesley,86.6749999996,47.714140124400004,58,,False,False,,,22.948280259,6.270482770400001,0.025663426145911217,0.0,RightFoot,RegularPlay,SecondHalf,False,"{'x': 2, 'y': 0.567376201835591, 'zoomRatio': 0.3420282171992512}",False,False,,,Wesley,Wesley,#96092B,
5749656,2026-08-31T16:30:00.000Z,2,Serie A,Lecce,9888,Roma,8686,2962838739,AttemptSaved,9888,1039403,Santiago Pierotti,81.1334951464,20.84636943,58,,False,True,103.6724137932,33.31375,31.559999999999995,0.20547368320000003,0.01764511689543724,0.05759603530168533,RightFoot,RegularPlay,SecondHalf,False,"{'x': 1.6455026455026467, 'y': 0.05435811724867726, 'zoomRatio': 1}",False,False,768474.0,Santiago,Pierotti,Santiago Pierotti,#e12300,
5749656,2026-08-31T16:30:00.000Z,2,Serie A,Lecce,9888,Roma,8686,2962840017,AttemptSaved,9888,1206806,Kialonda Gaspar,101.9655172416,35.9825,61,,False,True,104.525862069,36.51625,36.5925,1.2199999940000001,0.26362985372543335,0.0,OtherBodyParts,FromCorner,SecondHalf,False,"{'x': 0.31415343915343885, 'y': 0.32275132116402117, 'zoomRatio': 1}",True,True,,Kialonda,Gaspar,Kialonda Gaspar,#e12300,
5749656,2026-08-31T16:30:00.000Z,2,Serie A,Lecce,9888,Roma,8686,2962840559,Miss,8686,325916,Paulo Dybala,94.09649122639999,28.454999999,62,,False,False,,,36.745000000000005,5.305931043199999,0.2934660017490387,0.0,LeftFoot,RegularPlay,SecondHalf,False,"{'x': 0.6496283868162687, 'y': 0.6772486772486772, 'zoomRatio': 0.48247894274480957}",False,True,,Paulo,Dybala,Paulo Dybala,#96092B,
5749656,2026-08-31T16:30:00.000Z,2,Serie A,Lecce,9888,Roma,8686,2962841869,Goal,8686,1525065,Rodrigo Mora,97.1842105256,35.29625000000001,65,,False,True,,,31.559999999999995,0.6934736808,0.6834236979484558,0.9473409056663513,RightFoot,RegularPlay,SecondHalf,False,"{'x': 1.6455026455026467, 'y': 0.18345864571428572, 'zoomRatio': 1}",False,True,362200.0,Rodrigo,Mora,Rodrigo Mora,#96092B,
5749656,2026-08-31T16:30:00.000Z,2,Serie A,Lecce,9888,Roma,8686,2962848991,Miss,8686,325916,Paulo Dybala,85.81617647,23.158471341899997,75,,False,False,,,36.36375,3.6201379344000006,0.03737030550837517,0.0,LeftFoot,RegularPlay,SecondHalf,False,"{'x': 0.5577940426980206, 'y': 0.6772486772486772, 'zoomRatio': 0.7071553753998859}",False,False,,Paulo,Dybala,Paulo Dybala,#96092B,
5749656,2026-08-31T16:30:00.000Z,2,Serie A,Lecce,9888,Roma,8686,2962850197,Miss,8686,1282008,Santiago Castro,94.1929824545,46.1727388498,77,,False,False,,,37.94809524,3.8547586247999996,0.05359096825122833,0.0,LeftFoot,FastBreak,SecondHalf,False,"{'x': 0.3063528642910738, 'y': 0.6772486772486772, 'zoomRatio': 0.6641142154867928}",False,True,,Santiago,Castro,Santiago Castro,#96092B,
5749656,2026-08-31T16:30:00.000Z,2,Serie A,Lecce,9888,Roma,8686,2962850953,Miss,9888,789243,Youssef Maleh,85.279411764,45.4020382125,77,,False,False,,,45.2619108239,2.467,0.03544194996356964,0.0,LeftFoot,RegularPlay,SecondHalf,False,"{'x': 0, 'y': 0.219056964539671, 'zoomRatio': 0.33564463962705976}",False,False,,Youssef,Maleh,Youssef Maleh,#e12300,
5749656,2026-08-31T16:30:00.000Z,2,Serie A,Lecce,9888,Roma,8686,2962859173,Miss,9888,1027594,Konan N’Dri,85.17205882280001,22.107515927399998,88,,False,False,,,42.1771875,3.8547586247999996,0.024372508749365807,0.0,LeftFoot,FastBreak,SecondHalf,False,"{'x': 0, 'y': 0.47140396680398955, 'zoomRatio': 0.4622616272404172}",False,False,,Konan,N’Dri,Konan N’Dri,#e12300,
5749657,2026-08-29T16:30:00.000Z,2,Serie A,Monza,6504,Udinese,8600,2961284631,AttemptSaved,6504,1577900,Foe Ondoa,73.70048543920001,32.0175,6,,True,True,75.7276699048,32.17,33.92375,1.2199999940000001,0.009750600904226303,0.0,RightFoot,FromCorner,FirstHalf,False,"{'x': 1.0201719576719581, 'y': 0.32275132116402117, 'zoomRatio': 1}",False,False,,Foe,Ondoa,Foe Ondoa,#e10032,
5749657,2026-08-29T16:30:00.000Z,2,Serie A,Monza,6504,Udinese,8600,2961286301,AttemptSaved,6504,1577900,Foe Ondoa,91.3,41.7146875,8,,False,True,103.8620689656,35.525000000000006,36.2875,1.5025263084,0.046691909432411194,0.22572681307792664,RightFoot,RegularPlay,FirstHalf,False,"{'x': 0.39484126984126955, 'y': 0.39749373238095237, 'zoomRatio': 1}",False,True,1091193.0,Foe,Ondoa,Foe Ondoa,#e10032,
5749657,2026-08-29T16:30:00.000Z,2,Serie A,Monza,6504,Udinese,8600,2961288145,AttemptSaved,8600,724368,Keinan Davis,95.35087719170001,51.9880254767,9,,True,True,95.8333333322,51.21732483940001,35.6775,1.2199999940000001,0.014424514025449753,0.0,LeftFoot,RegularPlay,FirstHalf,False,"{'x': 0.5562169312169307, 'y': 0.32275132116402117, 'zoomRatio': 1}",False,True,,Keinan,Davis,Keinan Davis,#101010,
5749657,2026-08-29T16:30:00.000Z,2,Serie A,Monza,6504,Udinese,8600,2961292191,Miss,6504,937462,Andrea Colpani,92.6,38.284285716,12,,False,False,97.8596491223,33.61875,25.99625,0.8925263114,0.1687335968017578,0.0,LeftFoot,RegularPlay,FirstHalf,False,"{'x': 2, 'y': 0.11151351696392321, 'zoomRatio': 0.4722786193971578}",False,True,,Andrea,Colpani,Andrea Colpani,#e10032,
5749657,2026-08-29T16:30:00.000Z,2,Serie A,Monza,6504,Udinese,8600,2961302533,AttemptSaved,6504,1585676,Gustavo Varela,80.11990291360001,46.1727388498,20,,True,True,82.1470873792,45.4020382125,36.21125,1.2199999940000001,0.012860200367867947,0.0,RightFoot,RegularPlay,FirstHalf,False,"{'x': 0.41501322751322767, 'y': 0.32275132116402117, 'zoomRatio': 1}",False,False,,Gustavo,Varela,Gustavo Varela,#e10032,
5749657,2026-08-29T16:30:00.000Z,2,Serie A,Monza,6504,Udinese,8600,2961308299,AttemptSaved,6504,639671,Patrick Cutrone,101.3965517244,30.568749999999998,27,,True,True,103.103448276,31.559999999999995,32.6275,1.2199999940000001,0.42349642515182495,0.0,RightFoot,RegularPlay,FirstHalf,False,"{'x': 1.3630952380952386, 'y': 0.32275132116402117, 'zoomRatio': 1}",False,True,,Patrick,Cutrone,Patrick Cutrone,#e10032,
5749657,2026-08-29T16:30:00.000Z,2,Serie A,Monza,6504,Udinese,8600,2961309085,AttemptSaved,6504,799497,Samuele Birindelli,100.6379310348,23.648917202,28,,False,True,104.525862069,30.72125,35.220000000000006,0.6934736808,0.03516479581594467,0.10784528404474258,Header,RegularPlay,FirstHalf,False,"{'x': 0.6772486772486757, 'y': 0.18345864571428572, 'zoomRatio': 1}",False,True,1091193.0,Samuele,Birindelli,Samuele Birindelli,#e10032,
5749657,2026-08-29T16:30:00.000Z,2,Serie A,Monza,6504,Udinese,8600,2961309111,Miss,6504,1123969,Andrea Carboni,101.681034483,37.684,28,,False,False,103.19827586219999,37.756,40.30142857199999,0.3595789456,0.2966628670692444,0.0,Header,RegularPlay,FirstHalf,False,"{'x': -2.220446049250313e-16, 'y': 0.05706308363118909, 'zoomRatio': 0.5998639763681837}",False,True,,Andrea,Carboni,Andrea Carboni,#e10032,
5749657,2026-08-29T16:30:00.000Z,2,Serie A,Monza,6504,Udinese,8600,2961309675,AttemptSaved,8600,689987,Jakub Piotrowski,96.0263157884,26.0540625,29,,True,True,96.9912280694,26.774047619,33.77125,1.2199999940000001,0.1263509839773178,0.0,RightFoot,RegularPlay,FirstHalf,False,"{'x': 1.0605158730158726, 'y': 0.32275132116402117, 'zoomRatio': 1}",False,True,,Jakub,Piotrowski,Jakub Piotrowski,#101010,
5749657,2026-08-29T16:30:00.000Z,2,Serie A,Monza,6504,Udinese,8600,2961312483,AttemptSaved,8600,934156,Jurgen Ekkelenkamp,89.8,41.3678125,32,,True,True,97.4736842099,37.672,33.695,1.2199999940000001,0.0762280821800232,0.0,RightFoot,RegularPlay,FirstHalf,False,"{'x': 1.0806878306878307, 'y': 0.32275132116402117, 'zoomRatio': 1}",False,True,,Jurgen,Ekkelenkamp,Jurgen Ekkelenkamp,#101010,
5749657,2026-08-29T16:30:00.000Z,2,Serie A,Monza,6504,Udinese,8600,2961312583,Goal,8600,689987,Jakub Piotrowski,95.2543859636,29.127380951,32,,False,True,,,37.12625,0.0834736838,0.1847141683101654,0.8590794205665588,LeftFoot,RegularPlay,FirstHalf,False,"{'x': 0.1729497354497358, 'y': 0.02208298513227513, 'zoomRatio': 1}",False,True,955947.0,Jakub,Piotrowski,Jakub Piotrowski,#101010,
5749657,2026-08-29T16:30:00.000Z,2,Serie A,Monza,6504,Udinese,8600,2961320283,Goal,6504,937462,Andrea Colpani,96.3157894727,25.071250000000003,37,,False,True,,,35.6775,0.160526315,0.25334492325782776,0.2389449030160904,RightFoot,RegularPlay,FirstHalf,False,"{'x': 0.5562169312169307, 'y': 0.042467279100529096, 'zoomRatio': 1}",False,True,1091193.0,Andrea,Colpani,Andrea Colpani,#e10032,
5749657,2026-08-29T16:30:00.000Z,2,Serie A,Monza,6504,Udinese,8600,2961331913,AttemptSaved,8600,1436270,Unai Gómez,89.5,28.959285713000003,44,,True,True,90.6,29.295476189000002,32.9325,1.2199999940000001,0.050493594259023666,0.0,LeftFoot,RegularPlay,FirstHalf,False,"{'x': 1.282407407407408, 'y': 0.32275132116402117, 'zoomRatio': 1}",False,True,,Unai,Gómez,Unai Gómez,#101010,
5749657,2026-08-29T16:30:00.000Z,2,Serie A,Monza,6504,Udinese,8600,2961333349,Goal,8600,488415,Hassane Kamara,73.58786407999999,38.200238096999996,45,0.0,False,True,,,32.0175,1.7465263072000001,0.015072855167090893,0.10513456910848618,LeftFoot,FromCorner,FirstHalf,False,"{'x': 1.5244708994709, 'y': 0.4620439966137566, 'zoomRatio': 1}",False,False,955947.0,Hassane,Kamara,Hassane Kamara,#101010,
5749657,2026-08-29T16:30:00.000Z,2,Serie A,Monza,6504,Udinese,8600,2961338093,Miss,8600,689987,Jakub Piotrowski,99.01754385950001,30.95,45,3.0,False,False,101.58620689680001,36.21125,44.7014012695,0.2696842092,0.12090986967086792,0.0,Header,FromCorner,FirstHalf,False,"{'x': 0, 'y': 0.025200831405941697, 'zoomRatio': 0.3532247698040587}",False,True,,Jakub,Piotrowski,Jakub Piotrowski,#101010,
5749657,2026-08-29T16:30:00.000Z,2,Serie A,Monza,6504,Udinese,8600,2961338139,Goal,8600,934156,Jurgen Ekkelenkamp,87.7485294116,37.744,45,3.0,False,True,,,31.254999999999995,1.6694736760000002,0.04228786379098892,0.7699546217918396,RightFoot,FromCorner,FirstHalf,False,"{'x': 1.7261904761904774, 'y': 0.44165970264550264, 'zoomRatio': 1}",False,False,955947.0,Jurgen,Ekkelenkamp,Jurgen Ekkelenkamp,#101010,
5749657,2026-08-29T16:30:00.000Z,2,Serie A,Monza,6504,Udinese,8600,2961367167,AttemptSaved,8600,1436270,Unai Gómez,90.5,32.856249999999996,48,,False,True,103.2931034484,34.0,34.305,1.2199999940000001,0.1466991901397705,0.036158375442028046,LeftFoot,RegularPlay,SecondHalf,False,"{'x': 0.9193121693121694, 'y': 0.32275132116402117, 'zoomRatio': 1}",False,True,955947.0,Unai,Gómez,Unai Gómez,#101010,
5749657,2026-08-29T16:30:00.000Z,2,Serie A,Monza,6504,Udinese,8600,2961376349,Miss,8600,724368,Keinan Davis,95.640350876,44.981656046699996,54,,False,False,,,41.772499999999994,2.509,0.043857332319021225,0.0,LeftFoot,RegularPlay,SecondHalf,False,"{'x': 0, 'y': 0.3228047603731106, 'zoomRatio': 0.48633000964940537}",False,True,,Keinan,Davis,Keinan Davis,#101010,
5749657,2026-08-29T16:30:00.000Z,2,Serie A,Monza,6504,Udinese,8600,2961383089,AttemptSaved,8600,934156,Jurgen Ekkelenkamp,92.3,42.6975,58,,False,True,103.2931034484,35.90625,34.1525,0.44947368200000004,0.10891833901405334,0.05416003614664078,RightFoot,FastBreak,SecondHalf,False,"{'x': 0.9596560846560838, 'y': 0.11890838148148149, 'zoomRatio': 1}",False,True,955947.0,Jurgen,Ekkelenkamp,Jurgen Ekkelenkamp,#101010,
5749657,2026-08-29T16:30:00.000Z,2,Serie A,Monza,6504,Udinese,8600,2961386409,Miss,6504,1585676,Gustavo Varela,83.6111650488,33.31375,60,,False,False,,,42.581875,0.3595789456,0.07162034511566162,0.0,RightFoot,RegularPlay,SecondHalf,False,"{'x': 0, 'y': 0.0418998115912898, 'zoomRatio': 0.440463185492681}",False,False,,Gustavo,Varela,Gustavo Varela,#e10032,
5749657,2026-08-29T16:30:00.000Z,2,Serie A,Monza,6504,Udinese,8600,2961390785,Goal,6504,1585676,Gustavo Varela,97.1842105256,32.856249999999996,63,,False,True,,,31.636249999999997,1.3805263090000002,0.1961144059896469,0.6979968547821045,Header,RegularPlay,SecondHalf,False,"{'x': 1.6253306878306886, 'y': 0.3652186002645503, 'zoomRatio': 1}",False,True,1091193.0,Gustavo,Varela,Gustavo Varela,#e10032,
5749657,2026-08-29T16:30:00.000Z,2,Serie A,Monza,6504,Udinese,8600,2961396495,Miss,8600,1532261,Idrissa Gueye,90.7,28.118809523000003,68,,False,False,99.59482758659999,34.1525,41.888125,0.2696842092,0.05372323468327522,0.0,LeftFoot,RegularPlay,SecondHalf,False,"{'x': 0, 'y': 0.03418863281198003, 'zoomRatio': 0.47920133111480856}",False,True,,Idrissa,Gueye,Idrissa Gueye,#101010,
5749657,2026-08-29T16:30:00.000Z,2,Serie A,Monza,6504,Udinese,8600,2961399397,AttemptSaved,6504,1123969,Andrea Carboni,98.0526315785,35.143750000000004,71,,False,True,104.4310344828,33.61875,35.220000000000006,1.7465263072000001,0.10347491502761841,0.5074536800384521,Header,FromCorner,SecondHalf,False,"{'x': 0.6772486772486757, 'y': 0.4620439966137566, 'zoomRatio': 1}",False,True,1091193.0,Andrea,Carboni,Andrea Carboni,#e10032,
5749657,2026-08-29T16:30:00.000Z,2,Serie A,Monza,6504,Udinese,8600,2961419537,Miss,6504,737339,Dany Mota,103.8620689656,20.706242041399996,87,,False,False,104.1465517242,32.09375,51.287388533699996,0.44305262940000006,0.023426182568073273,0.0,RightFoot,SetPiece,SecondHalf,False,"{'x': 0, 'y': 0.02562866152607806, 'zoomRatio': 0.21865650746677423}",False,True,1091193.0,Dany,Mota,Dany Mota,#e10032,
5749657,2026-08-29T16:30:00.000Z,2,Serie A,Monza,6504,Udinese,8600,2961435583,Miss,6504,639671,Patrick Cutrone,92.3,28.118809523000003,90,0.0,False,False,,,51.287388533699996,1.2456842044,0.01721891574561596,0.0,Header,RegularPlay,SecondHalf,False,"{'x': 0, 'y': 0.0720573961747702, 'zoomRatio': 0.21865650746677423}",False,True,,Patrick,Cutrone,Patrick Cutrone,#e10032,
5749657,2026-08-29T16:30:00.000Z,2,Serie A,Monza,6504,Udinese,8600,2961428435,AttemptSaved,6504,822440,Michael Folorunsho,79.21893204,30.797499999999996,90,3.0,True,True,94.09649122639999,34.305,37.12625,1.2199999940000001,0.019172392785549164,0.0,RightFoot,RegularPlay,SecondHalf,False,"{'x': 0.1729497354497358, 'y': 0.32275132116402117, 'zoomRatio': 1}",False,False,,Michael,Folorunsho,Michael Folorunsho,#e10032,
5749657,2026-08-29T16:30:00.000Z,2,Serie A,Monza,6504,Udinese,8600,2961429005,Miss,6504,822440,Michael Folorunsho,92.9,37.66,90,3.0,False,False,97.8596491223,21.4068789844,24.699872616500002,1.8749473592,0.03595772758126259,0.0,Header,RegularPlay,SecondHalf,False,"{'x': 2, 'y': 0.20160448151779883, 'zoomRatio': 0.4064460457505519}",False,True,,Michael,Folorunsho,Michael Folorunsho,#e10032,
5749658,2026-08-30T16:30:00.000Z,2,Serie A,Napoli,9875,Como,10171,2962208589,Miss,10171,1384881,Álex Valle,92.5,49.7459872591,5,,False,False,98.24561403470001,34.99125,26.858095238000004,0.8925263114,0.03107435442507267,0.0,LeftFoot,RegularPlay,FirstHalf,False,"{'x': 2, 'y': 0.12497034630717478, 'zoomRatio': 0.5292705694021971}",False,True,,Álex,Valle,Álex Valle,#005ea9,
5749658,2026-08-30T16:30:00.000Z,2,Serie A,Napoli,9875,Como,10171,2962210477,Miss,9875,1199272,Rasmus Højlund,101.77586206919999,37.27875,6,,False,False,103.9568965518,28.875238094000004,1.311848342,0.44305262940000006,0.24677777290344238,0.0,RightFoot,RegularPlay,FirstHalf,False,"{'x': 2, 'y': 0.013553921128225333, 'zoomRatio': 0.11563823000909551}",False,True,,Rasmus,Højlund,Rasmus Højlund,#12A0D7,
5749658,2026-08-30T16:30:00.000Z,2,Serie A,Napoli,9875,Como,10171,2962210523,AttemptSaved,9875,843099,Scott McTominay,101.1120689658,31.636249999999997,6,,True,True,102.629310345,32.09375,32.779999999999994,1.2199999940000001,0.2727767825126648,0.0,RightFoot,RegularPlay,FirstHalf,False,"{'x': 1.3227513227513243, 'y': 0.32275132116402117, 'zoomRatio': 1}",False,True,,Scott,McTominay,Scott McTominay,#12A0D7,
5749658,2026-08-30T16:30:00.000Z,2,Serie A,Napoli,9875,Como,10171,2962210809,Miss,9875,729093,Mathías Olivera,91.9,42.7553125,7,,False,False,,,38.368333335,6.1488275976,0.06765329837799072,0.0,LeftFoot,RegularPlay,FirstHalf,False,"{'x': 0.5188598271864395, 'y': 0.6772486772486772, 'zoomRatio': 0.41633953129523665}",False,True,,Mathías,Olivera,Mathías Olivera,#12A0D7,
5749658,2026-08-30T16:30:00.000Z,2,Serie A,Napoli,9875,Como,10171,2962221643,AttemptSaved,10171,1076647,Lucas Da Cunha,84.85,48.2746496788,14,,True,True,92.8,42.4084375,32.39875,1.2199999940000001,0.026907991617918015,0.0,LeftFoot,RegularPlay,FirstHalf,False,"{'x': 1.4236111111111112, 'y': 0.32275132116402117, 'zoomRatio': 1}",False,False,,Lucas,Da Cunha,Lucas Da Cunha,#005ea9,
5749658,2026-08-30T16:30:00.000Z,2,Serie A,Napoli,9875,Como,10171,2962222373,Miss,10171,1384881,Álex Valle,96.50877192889999,29.883809522,15,,False,False,,,32.6275,4.0980689704,0.038766808807849884,0.0,Header,FromCorner,FirstHalf,False,"{'x': 1.2268199525770995, 'y': 0.6772486772486772, 'zoomRatio': 0.6246844595566009}",False,True,,Álex,Valle,Álex Valle,#005ea9,
5749658,2026-08-30T16:30:00.000Z,2,Serie A,Napoli,9875,Como,10171,2962225035,Goal,10171,1215064,Martin Baturina,95.15789473550001,32.0175,17,,False,True,,,32.17,0.0834736838,0.2286752611398697,0.4669361114501953,LeftFoot,RegularPlay,FirstHalf,False,"{'x': 1.4841269841269837, 'y': 0.02208298513227513, 'zoomRatio': 1}",False,True,577912.0,Martin,Baturina,Martin Baturina,#005ea9,
5749658,2026-08-30T16:30:00.000Z,2,Serie A,Napoli,9875,Como,10171,2962227573,Miss,9875,837341,Noa Lang,101.9655172416,39.292857143999996,19,,False,False,,,36.21125,3.1335172432,0.2961697280406952,0.0,Header,RegularPlay,FirstHalf,False,"{'x': 0.5220814116099142, 'y': 0.6772486772486772, 'zoomRatio': 0.8169733246419558}",False,True,,Noa,Lang,Noa Lang,#12A0D7,
5749658,2026-08-30T16:30:00.000Z,2,Serie A,Napoli,9875,Como,10171,2962230403,AttemptSaved,10171,1434889,Assane Diao,95.9298245603,32.551249999999996,22,,False,True,103.2931034484,33.31375,34.0,0.8925263114,0.047254856675863266,0.08937647193670273,Header,FromCorner,FirstHalf,False,"{'x': 1, 'y': 0.2361180717989418, 'zoomRatio': 1}",False,True,577912.0,Assane,Diao,Assane Diao,#005ea9,
5749658,2026-08-30T16:30:00.000Z,2,Serie A,Napoli,9875,Como,10171,2962234337,Miss,10171,1413963,Jacobo Ramón,89.9,26.858095238000004,27,,False,False,,,44.0708280208,1.1622105206000002,0.022198667749762535,0.0,RightFoot,FromCorner,FirstHalf,False,"{'x': 0, 'y': 0.1154036707011185, 'zoomRatio': 0.37534153022898376}",False,True,,Jacobo,Ramón,Jacobo Ramón,#005ea9,
5749658,2026-08-30T16:30:00.000Z,2,Serie A,Napoli,9875,Como,10171,2962235735,Goal,9875,1199272,Rasmus Højlund,87.1044117644,36.440000000000005,30,,False,True,,,31.559999999999995,0.20547368320000003,0.04735712707042694,0.33482369780540466,LeftFoot,RegularPlay,FirstHalf,False,"{'x': 1.6455026455026467, 'y': 0.05435811724867726, 'zoomRatio': 1}",False,False,560939.0,Rasmus,Højlund,Rasmus Højlund,#12A0D7,
5749658,2026-08-30T16:30:00.000Z,2,Serie A,Napoli,9875,Como,10171,2962238677,Miss,10171,1076647,Lucas Da Cunha,41.6606796072,28.623095236999998,33,,False,False,,,51.7778343938,1.1622105206000002,0.008384762331843376,0.0,LeftFoot,RegularPlay,FirstHalf,False,"{'x': 0, 'y': 0.06537413358993376, 'zoomRatio': 0.21262432286568442}",False,False,,Lucas,Da Cunha,Lucas Da Cunha,#005ea9,
5749658,2026-08-30T16:30:00.000Z,2,Serie A,Napoli,9875,Como,10171,2962239729,Miss,10171,873270,Anastasios Douvikas,91.7,32.779999999999994,34,,False,False,,,22.387770704599998,0.5329473658000001,0.026676464825868607,0.0,Header,RegularPlay,FirstHalf,False,"{'x': 2, 'y': 0.04589535327304627, 'zoomRatio': 0.3255188908039723}",False,True,,Anastasios,Douvikas,Anastasios Douvikas,#005ea9,
5749658,2026-08-30T16:30:00.000Z,2,Serie A,Napoli,9875,Como,10171,2962240307,Goal,10171,873270,Anastasios Douvikas,91.9,32.474999999999994,34,,False,True,,,31.331249999999997,0.20547368320000003,0.07995912432670593,0.5108093619346619,RightFoot,RegularPlay,FirstHalf,False,"{'x': 1.7060185185185193, 'y': 0.05435811724867726, 'zoomRatio': 1}",False,True,577912.0,Anastasios,Douvikas,Anastasios Douvikas,#005ea9,
5749658,2026-08-30T16:30:00.000Z,2,Serie A,Napoli,9875,Como,10171,2962251193,AttemptSaved,10171,1347574,Nico Paz,93.3,19.655286626899997,43,,True,True,95.54385964789999,22.738089176099997,36.21125,1.2199999940000001,0.04930812492966652,0.0,LeftFoot,FastBreak,FirstHalf,False,"{'x': 0.41501322751322767, 'y': 0.32275132116402117, 'zoomRatio': 1}",False,True,,Nico,Paz,Nico Paz,#005ea9,
5749658,2026-08-30T16:30:00.000Z,2,Serie A,Napoli,9875,Como,10171,2962252511,Miss,10171,1215064,Martin Baturina,78.092718448,29.463571426999998,44,,False,False,,,41.7146875,0.5329473658000001,0.03346354514360428,0.0,RightFoot,RegularPlay,FirstHalf,False,"{'x': 0, 'y': 0.06908217161096938, 'zoomRatio': 0.4899744804958078}",False,False,,Martin,Baturina,Martin Baturina,#005ea9,
5749658,2026-08-30T16:30:00.000Z,2,Serie A,Napoli,9875,Como,10171,2962260081,AttemptSaved,10171,1076647,Lucas Da Cunha,78.655825244,32.39875,45,4.0,True,True,86.5676470584,32.6275,33.31375,1.2199999940000001,0.03781227394938469,0.0,LeftFoot,RegularPlay,FirstHalf,False,"{'x': 1.1815476190476193, 'y': 0.32275132116402117, 'zoomRatio': 1}",False,False,,Lucas,Da Cunha,Lucas Da Cunha,#005ea9,
5749658,2026-08-30T16:30:00.000Z,2,Serie A,Napoli,9875,Como,10171,2962260295,AttemptSaved,10171,1215064,Martin Baturina,93.7,32.17,45,4.0,False,True,104.051724138,34.1525,33.00875,2.0739999898,0.059390731155872345,0.11488941311836243,Header,RegularPlay,FirstHalf,False,"{'x': 1.26223544973545, 'y': 0.5486772459788359, 'zoomRatio': 1}",False,True,577912.0,Martin,Baturina,Martin Baturina,#005ea9,
5749658,2026-08-30T16:30:00.000Z,2,Serie A,Napoli,9875,Como,10171,2962289139,Miss,10171,1434889,Assane Diao,95.73684210409999,30.256,49,,False,False,,,45.05171974100001,5.5492413888000005,0.04923884943127632,0.0,Header,RegularPlay,SecondHalf,False,"{'x': -2.220446049250313e-16, 'y': 0.5021156452432698, 'zoomRatio': 0.34202821719925103}",False,True,,Assane,Diao,Assane Diao,#005ea9,
5749658,2026-08-30T16:30:00.000Z,2,Serie A,Napoli,9875,Como,10171,2962292485,Miss,10171,1347574,Nico Paz,94.9649122793,14.400509554399997,52,,False,False,,,41.141904761999996,3.3768275888,0.011756239458918571,0.0,LeftFoot,RegularPlay,SecondHalf,False,"{'x': -2.220446049250313e-16, 'y': 0.4728189049463556, 'zoomRatio': 0.5292705694021971}",False,True,,Nico,Paz,Nico Paz,#005ea9,
5749658,2026-08-30T16:30:00.000Z,2,Serie A,Napoli,9875,Como,10171,2962293367,Miss,10171,1215064,Martin Baturina,83.6111650488,47.153630570000004,52,,False,False,,,27.278333333000003,4.7063448344,0.020772719755768776,0.0,RightFoot,RegularPlay,SecondHalf,False,"{'x': 1.9672559107566168, 'y': 0.6772486772486772, 'zoomRatio': 0.5439465423970294}",False,False,,Martin,Baturina,Martin Baturina,#005ea9,
5749658,2026-08-30T16:30:00.000Z,2,Serie A,Napoli,9875,Como,10171,2962297097,Miss,9875,729093,Mathías Olivera,94.7719298231,41.888125,55,,False,False,,,22.5278980932,0.6228421022,0.1132802739739418,0.0,LeftFoot,RegularPlay,SecondHalf,False,"{'x': 2, 'y': 0.0542918906456728, 'zoomRatio': 0.32949498101646346}",False,True,,Mathías,Olivera,Mathías Olivera,#12A0D7,
5749658,2026-08-30T16:30:00.000Z,2,Serie A,Napoli,9875,Como,10171,2962299953,Miss,9875,612863,Frank Anguissa,95.35087719170001,40.805714286,58,,False,False,99.97413793140001,34.68625,26.2853125,0.802631575,0.027752114459872246,0.0,Header,RegularPlay,SecondHalf,False,"{'x': 2, 'y': 0.10403941507676111, 'zoomRatio': 0.4899744804958078}",False,True,,Frank,Anguissa,Frank Anguissa,#12A0D7,
5749658,2026-08-30T16:30:00.000Z,2,Serie A,Napoli,9875,Como,10171,2962302027,AttemptSaved,9875,414906,Giovanni Di Lorenzo,96.7017543851,47.4338853472,60,,True,True,97.4736842099,46.0326114612,33.084999999999994,1.2199999940000001,0.00580998882651329,0.0,Header,FromCorner,SecondHalf,False,"{'x': 1.2420634920634936, 'y': 0.32275132116402117, 'zoomRatio': 1}",False,True,,Giovanni,Di Lorenzo,Giovanni Di Lorenzo,#12A0D7,
5749658,2026-08-30T16:30:00.000Z,2,Serie A,Napoli,9875,Como,10171,2962302097,AttemptSaved,9875,1355552,Alisson Santos,82.37233009760001,50.026242036300005,60,,True,True,87.963235294,46.0326114612,32.474999999999994,1.2199999940000001,0.020823227241635323,0.0,RightFoot,FromCorner,SecondHalf,False,"{'x': 1.4034391534391548, 'y': 0.32275132116402117, 'zoomRatio': 1}",False,False,,Alisson,Santos,Alisson Santos,#12A0D7,
5749658,2026-08-30T16:30:00.000Z,2,Serie A,Napoli,9875,Como,10171,2962321055,Miss,10171,1347574,Nico Paz,84.51213592239999,24.0692993678,78,,False,False,92.4,33.695,43.3001273835,1.0723157842,0.036389898508787155,0.0,RightFoot,RegularPlay,SecondHalf,False,"{'x': 0, 'y': 0.1153011931968233, 'zoomRatio': 0.4064460457505519}",False,False,,Nico,Paz,Nico Paz,#005ea9,
5749658,2026-08-30T16:30:00.000Z,2,Serie A,Napoli,9875,Como,10171,2962321225,AttemptSaved,10171,1347574,Nico Paz,90.7,26.458750000000002,78,,True,True,94.38596491070001,28.118809523000003,32.474999999999994,1.2199999940000001,0.04243350028991699,0.0,LeftFoot,RegularPlay,SecondHalf,False,"{'x': 1.4034391534391548, 'y': 0.32275132116402117, 'zoomRatio': 1}",False,True,,Nico,Paz,Nico Paz,#005ea9,
5749658,2026-08-30T16:30:00.000Z,2,Serie A,Napoli,9875,Como,10171,2962321785,AttemptSaved,10171,1347574,Nico Paz,76.1781553416,32.70374999999999,78,,True,True,78.092718448,32.6275,31.331249999999997,1.2199999940000001,0.014940410852432251,0.0,LeftFoot,RegularPlay,SecondHalf,False,"{'x': 1.7060185185185193, 'y': 0.32275132116402117, 'zoomRatio': 1}",False,False,,Nico,Paz,Nico Paz,#005ea9,
5749658,2026-08-30T16:30:00.000Z,2,Serie A,Napoli,9875,Como,10171,2962323357,Miss,9875,169200,Kevin De Bruyne,75.7276699048,35.29625000000001,80,,False,False,,,40.217380953,0.6228421022,0.022123519331216812,0.0,RightFoot,RegularPlay,SecondHalf,False,"{'x': 1.1102230246251565e-16, 'y': 0.10017756783898966, 'zoomRatio': 0.6079730401876178}",False,False,,Kevin,De Bruyne,Kevin De Bruyne,#12A0D7,
5749658,2026-08-30T16:30:00.000Z,2,Serie A,Napoli,9875,Como,10171,2962327215,Miss,9875,1355552,Alisson Santos,92.7,46.5931210156,83,,False,False,,,26.942142857,5.1842758704000005,0.06264837086200714,0.0,RightFoot,RegularPlay,SecondHalf,False,"{'x': 1.9220042555216252, 'y': 0.6772486772486772, 'zoomRatio': 0.4938008825140857}",False,True,,Alisson,Santos,Alisson Santos,#12A0D7,
5749658,2026-08-30T16:30:00.000Z,2,Serie A,Napoli,9875,Como,10171,2962333617,AttemptSaved,10171,1459564,Kaiki,85.17205882280001,37.2025,88,,False,True,102.8189655174,34.533750000000005,34.7625,0.6934736808,0.06137491762638092,0.128749817609787,RightFoot,RegularPlay,SecondHalf,False,"{'x': 0.7982804232804226, 'y': 0.18345864571428572, 'zoomRatio': 1}",False,False,577912.0,,Kaiki,Kaiki,#005ea9,
5749658,2026-08-30T16:30:00.000Z,2,Serie A,Napoli,9875,Como,10171,2962336711,AttemptSaved,9875,1212630,Lorenzo Lucca,100.25862069,35.143750000000004,90,0.0,False,True,104.1465517242,34.1525,34.0,1.4639999928,0.18752142786979675,0.12660832703113556,Header,FromCorner,SecondHalf,False,"{'x': 1, 'y': 0.38730158539682535, 'zoomRatio': 1}",False,True,560939.0,Lorenzo,Lucca,Lorenzo Lucca,#12A0D7,
5749658,2026-08-30T16:30:00.000Z,2,Serie A,Napoli,9875,Como,10171,2962337377,AttemptSaved,10171,873270,Anastasios Douvikas,98.535087719,30.72125,90,1.0,False,True,103.6724137932,32.24625,33.39,1.7079999916000002,0.12238137423992157,0.3131128251552582,Header,RegularPlay,SecondHalf,False,"{'x': 1.1613756613756612, 'y': 0.45185184962962965, 'zoomRatio': 1}",False,True,577912.0,Anastasios,Douvikas,Anastasios Douvikas,#005ea9,
5749658,2026-08-30T16:30:00.000Z,2,Serie A,Napoli,9875,Como,10171,2962340019,AttemptSaved,9875,793066,David Neres,83.49854368960001,21.9673885388,90,2.0,True,True,85.17205882280001,22.808152870399997,34.0,1.2199999940000001,0.014745465479791164,0.0,LeftFoot,RegularPlay,SecondHalf,False,"{'x': 1, 'y': 0.32275132116402117, 'zoomRatio': 1}",False,False,,David,Neres,David Neres,#12A0D7,
5749659,2026-08-29T16:30:00.000Z,2,Serie A,Sassuolo,7943,Torino,9804,2961277973,Post,7943,1735847,Simone Cinquegrano,95.9298245603,22.597961787499997,2,,False,False,,,32.70374999999999,2.476,0.05538952350616455,0.0,RightFoot,RegularPlay,FirstHalf,False,"{'x': 1.3429232804232825, 'y': 0.655026455026455, 'zoomRatio': 1}",False,True,,Simone,Cinquegrano,Simone Cinquegrano,#009A44,
5749659,2026-08-29T16:30:00.000Z,2,Serie A,Sassuolo,7943,Torino,9804,2961284835,AttemptSaved,9804,599353,Ché Adams,95.73684210409999,43.720509549300004,7,,False,True,99.4035087719,40.637619048000005,33.8475,0.0834736838,0.37712687253952026,0.2932172119617462,LeftFoot,RegularPlay,FirstHalf,False,"{'x': 1.0403439153439162, 'y': 0.02208298513227513, 'zoomRatio': 1}",False,True,760752.0,Ché,Adams,Ché Adams,#80110B,
5749659,2026-08-29T16:30:00.000Z,2,Serie A,Sassuolo,7943,Torino,9804,2961289803,AttemptSaved,7943,935769,Armand Laurienté,94.675438595,46.5931210156,11,,False,True,103.8620689656,36.21125,34.838750000000005,0.8925263114,0.045767493546009064,0.027565961703658104,LeftFoot,RegularPlay,FirstHalf,False,"{'x': 0.7781084656084645, 'y': 0.2361180717989418, 'zoomRatio': 1}",False,True,1577119.0,Armand,Laurienté,Armand Laurienté,#009A44,
5749659,2026-08-29T16:30:00.000Z,2,Serie A,Sassuolo,7943,Torino,9804,2961290307,AttemptSaved,7943,1382375,Vasilije Adzic,78.9936893216,40.553571429,11,,True,True,85.3867647052,38.956666668,34.4575,1.2199999940000001,0.023756753653287888,0.0,RightFoot,RegularPlay,FirstHalf,False,"{'x': 0.8789682539682532, 'y': 0.32275132116402117, 'zoomRatio': 1}",False,False,,Vasilije,Adzic,Vasilije Adzic,#009A44,
5749659,2026-08-29T16:30:00.000Z,2,Serie A,Sassuolo,7943,Torino,9804,2961292795,AttemptSaved,9804,557677,Nikola Vlasic,89.8,40.721666666999994,13,,True,True,91.0,40.217380953,34.99125,1.2199999940000001,0.045048266649246216,0.0,RightFoot,RegularPlay,FirstHalf,False,"{'x': 0.73776455026455, 'y': 0.32275132116402117, 'zoomRatio': 1}",False,True,,Nikola,Vlasic,Nikola Vlasic,#80110B,
5749659,2026-08-29T16:30:00.000Z,2,Serie A,Sassuolo,7943,Torino,9804,2961299911,AttemptSaved,7943,1308909,Cristian Volpato,84.51213592239999,22.107515927399998,18,,False,True,103.577586207,32.6275,35.3725,1.0145263108,0.04425278678536415,0.05729471892118454,LeftFoot,RegularPlay,FirstHalf,False,"{'x': 0.6369047619047613, 'y': 0.2683932039153439, 'zoomRatio': 1}",False,False,1577119.0,Cristian,Volpato,Cristian Volpato,#009A44,
5749659,2026-08-29T16:30:00.000Z,2,Serie A,Sassuolo,7943,Torino,9804,2961301023,AttemptSaved,7943,935769,Armand Laurienté,86.889705882,37.708,19,,True,True,88.1779411764,37.672,34.4575,1.2199999940000001,0.03681802749633789,0.0,RightFoot,RegularPlay,FirstHalf,False,"{'x': 0.8789682539682532, 'y': 0.32275132116402117, 'zoomRatio': 1}",False,False,,Armand,Laurienté,Armand Laurienté,#009A44,
5749659,2026-08-29T16:30:00.000Z,2,Serie A,Sassuolo,7943,Torino,9804,2961305261,Miss,7943,982617,Kieron Bowie,95.640350876,36.8975,24,,False,False,,,43.650445855,1.5153684136,0.14358611404895782,0.0,RightFoot,SetPiece,FirstHalf,False,"{'x': 0, 'y': 0.15702574123193191, 'zoomRatio': 0.3916917473861108}",False,True,,Kieron,Bowie,Kieron Bowie,#009A44,
5749659,2026-08-29T16:30:00.000Z,2,Serie A,Sassuolo,7943,Torino,9804,2961308289,AttemptSaved,7943,982617,Kieron Bowie,94.7719298231,43.16,28,,True,True,95.9298245603,42.46625,35.75375,1.2199999940000001,0.06417287886142731,0.0,RightFoot,RegularPlay,FirstHalf,False,"{'x': 0.5360449735449745, 'y': 0.32275132116402117, 'zoomRatio': 1}",False,True,,Kieron,Bowie,Kieron Bowie,#009A44,
5749659,2026-08-29T16:30:00.000Z,2,Serie A,Sassuolo,7943,Torino,9804,2961308435,AttemptSaved,9804,557677,Nikola Vlasic,97.7631578942,44.841528658099996,28,,False,True,103.19827586219999,37.696,34.4575,0.1219999994,0.2061258852481842,0.16973307728767395,LeftFoot,RegularPlay,FirstHalf,False,"{'x': 0.8789682539682532, 'y': 0.032275132116402115, 'zoomRatio': 1}",False,True,760752.0,Nikola,Vlasic,Nikola Vlasic,#80110B,
5749659,2026-08-29T16:30:00.000Z,2,Serie A,Sassuolo,7943,Torino,9804,2961311239,Miss,9804,1421505,Gvidas Gineitis,91.9,37.684,31,,False,False,,,46.5931210156,1.3355789408,0.07661637663841248,0.0,LeftFoot,RegularPlay,FirstHalf,False,"{'x': 0, 'y': 0.10605623015498089, 'zoomRatio': 0.3001638748104973}",False,True,,Gvidas,Gineitis,Gvidas Gineitis,#80110B,
5749659,2026-08-29T16:30:00.000Z,2,Serie A,Sassuolo,7943,Torino,9804,2961311919,Goal,7943,1308909,Cristian Volpato,79.66941747679999,26.169687500000002,32,,False,True,,,31.78875,1.0145263108,0.03233414143323898,0.1050204262137413,LeftFoot,RegularPlay,FirstHalf,False,"{'x': 1.5849867724867723, 'y': 0.2683932039153439, 'zoomRatio': 1}",False,False,1577119.0,Cristian,Volpato,Cristian Volpato,#009A44,
5749659,2026-08-29T16:30:00.000Z,2,Serie A,Sassuolo,7943,Torino,9804,2961320837,AttemptSaved,7943,982617,Kieron Bowie,100.06896551759999,36.135000000000005,38,,False,True,102.3448275864,35.525000000000006,35.29625000000001,0.6099999970000001,0.6561093926429749,0.4694730341434479,LeftFoot,RegularPlay,FirstHalf,False,"{'x': 0.6570767195767175, 'y': 0.16137566058201058, 'zoomRatio': 1}",False,True,1577119.0,Kieron,Bowie,Kieron Bowie,#009A44,
5749659,2026-08-29T16:30:00.000Z,2,Serie A,Sassuolo,7943,Torino,9804,2961325801,AttemptSaved,9804,941953,Saúl Coco,97.3771929818,30.22,41,,False,True,103.2931034484,31.78875,35.448750000000004,1.0594736790000001,0.2584179639816284,0.45824164152145386,Header,SetPiece,FirstHalf,False,"{'x': 0.6167328042328032, 'y': 0.28028404206349206, 'zoomRatio': 1}",False,True,760752.0,Saúl,Coco,Saúl Coco,#80110B,
5749659,2026-08-29T16:30:00.000Z,2,Serie A,Sassuolo,7943,Torino,9804,2961335499,Goal,9804,1529222,Pietro Comuzzo,96.50877192889999,31.559999999999995,45,2.0,False,True,,,36.21125,0.9374736796,0.06970220059156418,0.46129241585731506,Header,RegularPlay,FirstHalf,False,"{'x': 0.41501322751322767, 'y': 0.24800890994708993, 'zoomRatio': 1}",False,True,760752.0,Pietro,Comuzzo,Pietro Comuzzo,#80110B,
5749659,2026-08-29T16:30:00.000Z,2,Serie A,Sassuolo,7943,Torino,9804,2961364469,AttemptSaved,7943,1308909,Cristian Volpato,91.9,24.419617839300003,48,,True,True,93.1,25.186875,33.5425,1.2199999940000001,0.06959220767021179,0.0,LeftFoot,FastBreak,SecondHalf,False,"{'x': 1.121031746031747, 'y': 0.32275132116402117, 'zoomRatio': 1}",False,True,,Cristian,Volpato,Cristian Volpato,#009A44,
5749659,2026-08-29T16:30:00.000Z,2,Serie A,Sassuolo,7943,Torino,9804,2961367493,Miss,7943,935769,Armand Laurienté,82.03446602,45.2619108239,50,,False,False,,,29.127380951,6.270482770400001,0.0212547704577446,0.0,RightFoot,RegularPlay,SecondHalf,False,"{'x': 1.5262712499984192, 'y': 0.6772486772486772, 'zoomRatio': 0.4082620260252617}",False,False,,Armand,Laurienté,Armand Laurienté,#009A44,
5749659,2026-08-29T16:30:00.000Z,2,Serie A,Sassuolo,7943,Torino,9804,2961371135,Miss,7943,935769,Armand Laurienté,85.4941176464,43.720509549300004,52,,False,False,,,26.516562500000003,0.8925263114,0.05512649193406105,0.0,RightFoot,FastBreak,SecondHalf,False,"{'x': 2, 'y': 0.11926688923372458, 'zoomRatio': 0.5051154633148207}",False,False,,Armand,Laurienté,Armand Laurienté,#009A44,
5749659,2026-08-29T16:30:00.000Z,2,Serie A,Sassuolo,7943,Torino,9804,2961376753,AttemptSaved,7943,1735847,Simone Cinquegrano,98.4385964909,20.9864968186,55,,False,True,103.9568965518,30.22,33.77125,0.8154736802,0.1510329246520996,0.1426164209842682,RightFoot,FastBreak,SecondHalf,False,"{'x': 1.0605158730158726, 'y': 0.2157337778306878, 'zoomRatio': 1}",False,True,1577119.0,Simone,Cinquegrano,Simone Cinquegrano,#009A44,
5749659,2026-08-29T16:30:00.000Z,2,Serie A,Sassuolo,7943,Torino,9804,2961379565,Miss,9804,469615,Giovanni Simeone,97.4736842099,33.466249999999995,57,,False,False,,,32.0175,5.0626206976,0.10002563893795013,0.0,Header,RegularPlay,SecondHalf,False,"{'x': 1.2652076035010884, 'y': 0.6772486772486772, 'zoomRatio': 0.5056669564863117}",False,True,,Giovanni,Simeone,Giovanni Simeone,#80110B,
5749659,2026-08-29T16:30:00.000Z,2,Serie A,Sassuolo,7943,Torino,9804,2961381995,AttemptSaved,9804,1746591,Alessio Cacciamani,91.0,33.466249999999995,58,,True,True,92.2,33.466249999999995,33.77125,1.2199999940000001,0.07497229427099228,0.0,LeftFoot,RegularPlay,SecondHalf,False,"{'x': 1.0605158730158726, 'y': 0.32275132116402117, 'zoomRatio': 1}",False,True,,Alessio,Cacciamani,Alessio Cacciamani,#80110B,
5749659,2026-08-29T16:30:00.000Z,2,Serie A,Sassuolo,7943,Torino,9804,2961383469,AttemptSaved,7943,115067,Nemanja Matic,77.6422330112,23.9992356735,59,,True,True,82.37233009760001,25.4759375,34.0,1.2199999940000001,0.02344912476837635,0.0,LeftFoot,RegularPlay,SecondHalf,False,"{'x': 1, 'y': 0.32275132116402117, 'zoomRatio': 1}",False,False,,Nemanja,Matic,Nemanja Matic,#009A44,
5749659,2026-08-29T16:30:00.000Z,2,Serie A,Sassuolo,7943,Torino,9804,2961391523,Miss,7943,921921,Kristian Thorstvedt,84.51213592239999,44.1408917151,65,,False,False,,,37.94809524,6.1488275976,0.018131060525774956,0.0,LeftFoot,RegularPlay,SecondHalf,False,"{'x': 0.5651459995421813, 'y': 0.6772486772486772, 'zoomRatio': 0.41633953129523665}",False,False,,Kristian,Thorstvedt,Kristian Thorstvedt,#009A44,
5749659,2026-08-29T16:30:00.000Z,2,Serie A,Sassuolo,7943,Torino,9804,2961394763,AttemptSaved,7943,935769,Armand Laurienté,94.7719298231,44.1408917151,68,,False,True,103.9568965518,35.90625,35.75375,0.20547368320000003,0.04743025824427605,0.08016134053468704,RightFoot,RegularPlay,SecondHalf,False,"{'x': 0.5360449735449745, 'y': 0.05435811724867726, 'zoomRatio': 1}",False,True,1577119.0,Armand,Laurienté,Armand Laurienté,#009A44,
5749659,2026-08-29T16:30:00.000Z,2,Serie A,Sassuolo,7943,Torino,9804,2961406281,Goal,7943,364520,Domenico Berardi,92.2,23.859108284899996,78,,False,True,,,31.7125,0.8925263114,0.07192082703113556,0.07826729118824005,LeftFoot,SetPiece,SecondHalf,False,"{'x': 1.6051587301587305, 'y': 0.2361180717989418, 'zoomRatio': 1}",False,True,1577119.0,Domenico,Berardi,Domenico Berardi,#009A44,
5749659,2026-08-29T16:30:00.000Z,2,Serie A,Sassuolo,7943,Torino,9804,2961412075,AttemptSaved,7943,935769,Armand Laurienté,91.4,25.938437500000003,83,,True,True,95.9298245603,28.454999999,33.39,1.2199999940000001,0.10495059937238693,0.0,RightFoot,RegularPlay,SecondHalf,False,"{'x': 1.1613756613756612, 'y': 0.32275132116402117, 'zoomRatio': 1}",False,True,,Armand,Laurienté,Armand Laurienté,#009A44,
5749659,2026-08-29T16:30:00.000Z,2,Serie A,Sassuolo,7943,Torino,9804,2961425933,Miss,9804,1218556,Kian Fitz-Jim,76.1781553416,38.116190478,90,3.0,False,False,,,26.227500000000003,1.1622105206000002,0.01740219257771969,0.0,RightFoot,RegularPlay,SecondHalf,False,"{'x': 2, 'y': 0.14952853272434882, 'zoomRatio': 0.48633000964940537}",False,False,,Kian,Fitz-Jim,Kian Fitz-Jim,#80110B,
5749659,2026-08-29T16:30:00.000Z,2,Serie A,Sassuolo,7943,Torino,9804,2961427395,AttemptSaved,9804,846761,Zakaria Aboukhlal,85.9235294112,27.110238095,90,4.0,True,True,87.426470588,27.614523809,32.70374999999999,1.2199999940000001,0.03417498245835304,0.0,LeftFoot,RegularPlay,SecondHalf,False,"{'x': 1.3429232804232825, 'y': 0.32275132116402117, 'zoomRatio': 1}",False,False,,Zakaria,Aboukhlal,Zakaria Aboukhlal,#80110B,
5749659,2026-08-29T16:30:00.000Z,2,Serie A,Sassuolo,7943,Torino,9804,2961427763,Miss,7943,935769,Armand Laurienté,93.9,25.8228125,90,4.0,False,False,,,43.860636937900004,0.5329473658000001,0.18007676303386688,0.0,RightFoot,FastBreak,SecondHalf,False,"{'x': 0, 'y': 0.0540479655783271, 'zoomRatio': 0.3833423767455957}",False,True,,Armand,Laurienté,Armand Laurienté,#009A44,
