player,attack_player_id,attack_apps,attack_mins_played,attack_goals,attack_xg,attack_goals_vs_xg,attack_shots,attack_shots_on_target,attack_shot_conv,attack_xg_per_shot,attack_first_name,attack_last_name,attack_date_of_birth,attack_age,attack_team_id,attack_shirt_number,attack_squad_position,attack_squad_position_detailed,attack_player_uuid,attack_team_uuid,attack_contestantName,attack_contestantClubName,attack_contestantShortName,attack_contestantCode,carries_carries,carries_carry_distance,carries_progressive_carries,carries_progressive_distance,carries_shot_ending,carries_goal_ending,carries_chance_ending,carries_assist_ending,carries_dist_per_carry,carries_dist_per_progressive_carry,defending_tackles,defending_interceptions,defending_recoveries,defending_blocks,defending_clearances,defending_ground_duels,defending_ground_duels_won,defending_ground_duel_perc,defending_aerial_duels,defending_aerial_duels_won,defending_aerial_duel_perc,goalkeeping_team_mins,goalkeeping_team_mins_perc,goalkeeping_ogs,goalkeeping_goals_conceded,goalkeeping_saves_made,goalkeeping_save_perc,goalkeeping_goals_prevented,goalkeeping_goals_prevented_rate,goalkeeping_xgot_conceded,possession_chanceCreation_player_id,possession_chanceCreation_mins_played,possession_chanceCreation_apps,possession_chanceCreation_chances_created,possession_chanceCreation_op_chances_created,possession_chanceCreation_chances_per_100_pass,possession_chanceCreation_chances_sp_op_ratio,possession_chanceCreation_xa,possession_chanceCreation_op_xa,possession_chanceCreation_assists,possession_chanceCreation_op_assists,possession_chanceCreation_first_name,possession_chanceCreation_last_name,possession_chanceCreation_date_of_birth,possession_chanceCreation_age,possession_chanceCreation_team_id,possession_chanceCreation_shirt_number,possession_chanceCreation_squad_position,possession_chanceCreation_squad_position_detailed,possession_chanceCreation_player_uuid,possession_chanceCreation_team_uuid,possession_chanceCreation_contestantName,possession_chanceCreation_contestantClubName,possession_chanceCreation_contestantShortName,possession_chanceCreation_contestantCode,possession_passing_player_id,possession_passing_mins_played,possession_passing_apps,possession_passing_passes,possession_passing_successful_passes,possession_passing_pass_perc,possession_passing_total_final_third_passes,possession_passing_successful_final_third_passes,possession_passing_ft_pass_perc,possession_passing_op_crosses,possession_passing_successful_op_crosses,possession_passing_cross_perc,possession_passing_through_balls,possession_passing_successful_through_balls,possession_passing_through_ball_perc,possession_passing_first_name,possession_passing_last_name,possession_passing_date_of_birth,possession_passing_age,possession_passing_team_id,possession_passing_shirt_number,possession_passing_squad_position,possession_passing_squad_position_detailed,possession_passing_player_uuid,possession_passing_team_uuid,possession_passing_contestantName,possession_passing_contestantClubName,possession_passing_contestantShortName,possession_passing_contestantCode,opta_player_id,opta_player_uuid,opta_team_id,opta_team_uuid
Abdallah Sima,516211.0,4.0,326.0,1.0,0.72,0.28,7.0,2.0,14.29,0.1,Abdallah,Sima,2001-06-17,25.27,142.0,19.0,Forward,Winger,36ylt0kjn7t0vajmelu4mbazu,3xedluek08t2ka7oypwuullcn,Racing Club de Lens,Lens,Lens,RCL,23.0,266.087,11.0,145.005,1.0,0.0,0.0,0.0,11.569,13.182,3.0,4.0,8.0,0.0,3.0,22.0,10.0,45.455,14.0,6.0,42.857,,,,,,,,,,516211.0,326.0,4.0,5.0,5.0,5.63,0.0,0.455,0.455,1.0,1.0,Abdallah,Sima,2001-06-17,25.27,142.0,19.0,Forward,Winger,36ylt0kjn7t0vajmelu4mbazu,3xedluek08t2ka7oypwuullcn,Racing Club de Lens,Lens,Lens,RCL,516211.0,326.0,4.0,74.0,53.0,71.62,40.0,22.0,55.0,3.0,3.0,100.0,0.0,0.0,0.0,Abdallah,Sima,2001-06-17,25.27,142.0,19.0,Forward,Winger,36ylt0kjn7t0vajmelu4mbazu,3xedluek08t2ka7oypwuullcn,Racing Club de Lens,Lens,Lens,RCL,516211,36ylt0kjn7t0vajmelu4mbazu,142,3xedluek08t2ka7oypwuullcn
Abdelhamid Aït Boudlal,619501.0,2.0,180.0,0.0,0.0,0.0,0.0,0.0,0.0,0.0,Abdelhamid,Aït Boudlal,2006-04-16,20.44,150.0,48.0,Defender,Central Defender,85n9nt673fj0927h3lwthtus4,z1wbqtd0fz5t5eezjvrbld3h,Stade Rennais FC,Rennes,Rennes,REN,31.0,315.261,16.0,168.315,0.0,0.0,0.0,0.0,10.17,10.52,6.0,6.0,10.0,4.0,12.0,10.0,6.0,60.0,7.0,7.0,100.0,,,,,,,,,,619501.0,180.0,2.0,0.0,0.0,0.0,0.0,0.01,0.01,0.0,0.0,Abdelhamid,Aït Boudlal,2006-04-16,20.44,150.0,48.0,Defender,Central Defender,85n9nt673fj0927h3lwthtus4,z1wbqtd0fz5t5eezjvrbld3h,Stade Rennais FC,Rennes,Rennes,REN,619501.0,180.0,2.0,97.0,89.0,91.75,7.0,6.0,85.71,0.0,0.0,0.0,0.0,0.0,0.0,Abdelhamid,Aït Boudlal,2006-04-16,20.44,150.0,48.0,Defender,Central Defender,85n9nt673fj0927h3lwthtus4,z1wbqtd0fz5t5eezjvrbld3h,Stade Rennais FC,Rennes,Rennes,REN,619501,85n9nt673fj0927h3lwthtus4,150,z1wbqtd0fz5t5eezjvrbld3h
Abner Vinícius,475344.0,3.0,190.0,0.0,0.0,0.0,0.0,0.0,0.0,0.0,Abner Vinícius,da Silva Santos,2000-05-27,26.33,143.0,16.0,Defender,Full Back,yhfujfdzpt7tymqdmt7i0mzu,121le8unjfzug3iu9pgkqa1c7,Lyon,Olympique Lyonnais,Lyon,OL,20.0,305.691,16.0,252.84,0.0,0.0,1.0,0.0,15.285,15.802,0.0,0.0,10.0,0.0,3.0,8.0,3.0,37.5,2.0,0.0,0.0,,,,,,,,,,475344.0,190.0,3.0,3.0,2.0,2.3,33.33,0.187,0.103,0.0,0.0,Abner Vinícius,da Silva Santos,2000-05-27,26.33,143.0,16.0,Defender,Full Back,yhfujfdzpt7tymqdmt7i0mzu,121le8unjfzug3iu9pgkqa1c7,Lyon,Olympique Lyonnais,Lyon,OL,475344.0,190.0,3.0,91.0,77.0,84.62,28.0,22.0,78.57,2.0,2.0,100.0,1.0,0.0,0.0,Abner Vinícius,da Silva Santos,2000-05-27,26.33,143.0,16.0,Defender,Full Back,yhfujfdzpt7tymqdmt7i0mzu,121le8unjfzug3iu9pgkqa1c7,Lyon,Olympique Lyonnais,Lyon,OL,475344,yhfujfdzpt7tymqdmt7i0mzu,143,121le8unjfzug3iu9pgkqa1c7
Aboubakar Nagida,634263.0,4.0,202.0,0.0,0.1,-0.1,2.0,0.0,0.0,0.05,Aboubakar,Nagida,2005-06-28,21.24,150.0,18.0,Defender,Full Back,7y2h0upi10c3mp7u2oqn9kq38,z1wbqtd0fz5t5eezjvrbld3h,Stade Rennais FC,Rennes,Rennes,REN,27.0,351.608,13.0,198.87,1.0,0.0,0.0,0.0,13.023,15.298,9.0,7.0,16.0,1.0,10.0,29.0,14.0,48.276,5.0,0.0,0.0,,,,,,,,,,634263.0,202.0,4.0,2.0,2.0,2.11,0.0,0.224,0.223,0.0,0.0,Aboubakar,Nagida,2005-06-28,21.24,150.0,18.0,Defender,Full Back,7y2h0upi10c3mp7u2oqn9kq38,z1wbqtd0fz5t5eezjvrbld3h,Stade Rennais FC,Rennes,Rennes,REN,634263.0,202.0,4.0,97.0,77.0,79.38,25.0,22.0,88.0,8.0,4.0,50.0,0.0,0.0,0.0,Aboubakar,Nagida,2005-06-28,21.24,150.0,18.0,Defender,Full Back,7y2h0upi10c3mp7u2oqn9kq38,z1wbqtd0fz5t5eezjvrbld3h,Stade Rennais FC,Rennes,Rennes,REN,634263,7y2h0upi10c3mp7u2oqn9kq38,150,z1wbqtd0fz5t5eezjvrbld3h
Aboulaye Camara,750207.0,1.0,5.0,0.0,0.0,0.0,0.0,0.0,0.0,0.0,Aboulaye,Camara,2008-02-10,18.62,1395.0,38.0,Midfielder,0,9qh54nq2701u7jm8o3hq1nf9w,bx0cdmzr2gwr70ez72dorx82p,OGC Nice Côte d'Azur,Nice,Nice,NIC,4.0,33.027,1.0,17.535,0.0,0.0,0.0,0.0,8.257,17.535,1.0,0.0,1.0,0.0,1.0,1.0,1.0,100.0,0.0,0.0,0.0,,,,,,,,,,750207.0,5.0,1.0,0.0,0.0,0.0,0.0,0.0,0.0,0.0,0.0,Aboulaye,Camara,2008-02-10,18.62,1395.0,38.0,Midfielder,0,9qh54nq2701u7jm8o3hq1nf9w,bx0cdmzr2gwr70ez72dorx82p,OGC Nice Côte d'Azur,Nice,Nice,NIC,750207.0,5.0,1.0,6.0,5.0,83.33,0.0,0.0,0.0,0.0,0.0,0.0,0.0,0.0,0.0,Aboulaye,Camara,2008-02-10,18.62,1395.0,38.0,Midfielder,0,9qh54nq2701u7jm8o3hq1nf9w,bx0cdmzr2gwr70ez72dorx82p,OGC Nice Côte d'Azur,Nice,Nice,NIC,750207,9qh54nq2701u7jm8o3hq1nf9w,1395,bx0cdmzr2gwr70ez72dorx82p
Achraf Hakimi,223760.0,4.0,309.0,0.0,0.45,-0.45,8.0,1.0,0.0,0.06,Achraf,Hakimi,1998-11-04,27.89,149.0,2.0,Defender,Full Back,1vr896w03yky9kmu8x5tjkicp,2b3mar72yy8d6uvat1ka6tn3r,Paris Saint-Germain FC,Paris Saint-Germain,Paris SG,PSG,74.0,746.633,41.0,397.95,1.0,0.0,1.0,0.0,10.09,9.706,3.0,3.0,21.0,0.0,1.0,35.0,15.0,42.857,2.0,2.0,100.0,,,,,,,,,,223760.0,309.0,4.0,5.0,5.0,1.84,0.0,0.542,0.54,0.0,0.0,Achraf,Hakimi,1998-11-04,27.89,149.0,2.0,Defender,Full Back,1vr896w03yky9kmu8x5tjkicp,2b3mar72yy8d6uvat1ka6tn3r,Paris Saint-Germain FC,Paris Saint-Germain,Paris SG,PSG,223760.0,309.0,4.0,275.0,241.0,87.64,127.0,103.0,81.1,12.0,1.0,8.33,0.0,0.0,0.0,Achraf,Hakimi,1998-11-04,27.89,149.0,2.0,Defender,Full Back,1vr896w03yky9kmu8x5tjkicp,2b3mar72yy8d6uvat1ka6tn3r,Paris Saint-Germain FC,Paris Saint-Germain,Paris SG,PSG,223760,1vr896w03yky9kmu8x5tjkicp,149,2b3mar72yy8d6uvat1ka6tn3r
Adama Camara,624926.0,4.0,360.0,0.0,0.11,-0.11,1.0,0.0,0.0,0.11,Adama,Camara,1996-10-18,29.94,2338.0,17.0,Midfielder,Defensive Midfielder,7l1uizt2vz2a70aarov383xm1,8v00fx2zwhiwm05tqqkt122p5,Paris FC,Paris FC,Paris FC,PAR,25.0,234.942,6.0,51.87,0.0,0.0,0.0,0.0,9.398,8.645,11.0,4.0,15.0,0.0,14.0,23.0,16.0,69.565,6.0,2.0,33.333,,,,,,,,,,624926.0,360.0,4.0,2.0,2.0,1.2,0.0,0.067,0.066,0.0,0.0,Adama,Camara,1996-10-18,29.94,2338.0,17.0,Midfielder,Defensive Midfielder,7l1uizt2vz2a70aarov383xm1,8v00fx2zwhiwm05tqqkt122p5,Paris FC,Paris FC,Paris FC,PAR,624926.0,360.0,4.0,169.0,142.0,84.02,29.0,22.0,75.86,1.0,0.0,0.0,0.0,0.0,0.0,Adama,Camara,1996-10-18,29.94,2338.0,17.0,Midfielder,Defensive Midfielder,7l1uizt2vz2a70aarov383xm1,8v00fx2zwhiwm05tqqkt122p5,Paris FC,Paris FC,Paris FC,PAR,624926,7l1uizt2vz2a70aarov383xm1,2338,8v00fx2zwhiwm05tqqkt122p5
Adil Bourabaa,729203.0,4.0,313.0,2.0,1.16,0.84,6.0,2.0,33.33,0.19,Adil,Bourabaa,2004-11-30,21.81,920.0,11.0,Midfielder,Central Midfielder,7vw44wtfbj77tii550l3o7ndg,bj8hrmj01r3zit0x8r6qm2eu2,Le Mans FC,Le Mans,Le Mans,LEM,43.0,531.706,19.0,212.625,0.0,0.0,3.0,2.0,12.365,11.191,5.0,6.0,12.0,1.0,4.0,33.0,15.0,45.455,4.0,2.0,50.0,,,,,,,,,,729203.0,313.0,4.0,6.0,6.0,3.51,0.0,0.222,0.222,2.0,2.0,Adil,Bourabaa,2004-11-30,21.81,920.0,11.0,Midfielder,Central Midfielder,7vw44wtfbj77tii550l3o7ndg,bj8hrmj01r3zit0x8r6qm2eu2,Le Mans FC,Le Mans,Le Mans,LEM,729203.0,313.0,4.0,114.0,94.0,82.46,30.0,19.0,63.33,4.0,1.0,25.0,2.0,0.0,0.0,Adil,Bourabaa,2004-11-30,21.81,920.0,11.0,Midfielder,Central Midfielder,7vw44wtfbj77tii550l3o7ndg,bj8hrmj01r3zit0x8r6qm2eu2,Le Mans FC,Le Mans,Le Mans,LEM,729203,7vw44wtfbj77tii550l3o7ndg,920,bj8hrmj01r3zit0x8r6qm2eu2
Adrien Monfray,149588.0,4.0,360.0,0.0,0.58,-0.58,6.0,1.0,0.0,0.1,Adrien,Monfray,1990-12-20,35.77,154.0,6.0,Defender,0,9c649h97duf864wx0k6e3yn6d,3unkqo2g6ag99gd5ynz1j7vse,Espérance Sportive Troyes Aube Champagne,Troyes,Troyes,TRO,32.0,253.864,13.0,79.905,0.0,0.0,0.0,0.0,7.933,6.147,11.0,6.0,13.0,2.0,15.0,18.0,13.0,72.222,13.0,10.0,76.923,,,,,,,,,,149588.0,360.0,4.0,3.0,3.0,1.32,0.0,0.108,0.107,0.0,0.0,Adrien,Monfray,1990-12-20,35.77,154.0,6.0,Defender,0,9c649h97duf864wx0k6e3yn6d,3unkqo2g6ag99gd5ynz1j7vse,Espérance Sportive Troyes Aube Champagne,Troyes,Troyes,TRO,149588.0,360.0,4.0,233.0,199.0,85.41,53.0,36.0,67.92,1.0,0.0,0.0,0.0,0.0,0.0,Adrien,Monfray,1990-12-20,35.77,154.0,6.0,Defender,0,9c649h97duf864wx0k6e3yn6d,3unkqo2g6ag99gd5ynz1j7vse,Espérance Sportive Troyes Aube Champagne,Troyes,Troyes,TRO,149588,9c649h97duf864wx0k6e3yn6d,154,3unkqo2g6ag99gd5ynz1j7vse
Adrien Thomasson,115961.0,4.0,283.0,1.0,1.22,-0.22,4.0,1.0,25.0,0.3,Adrien,Thomasson,1993-12-10,32.79,150.0,28.0,Midfielder,0,c8u45gxriyq1rup5fpr30xrdh,z1wbqtd0fz5t5eezjvrbld3h,Stade Rennais FC,Rennes,Rennes,REN,33.0,293.358,15.0,117.075,0.0,0.0,2.0,2.0,8.89,7.805,5.0,4.0,18.0,1.0,2.0,30.0,13.0,43.333,8.0,6.0,75.0,,,,,,,,,,115961.0,283.0,4.0,11.0,7.0,3.14,36.36,0.586,0.408,2.0,2.0,Adrien,Thomasson,1993-12-10,32.79,150.0,28.0,Midfielder,0,c8u45gxriyq1rup5fpr30xrdh,z1wbqtd0fz5t5eezjvrbld3h,Stade Rennais FC,Rennes,Rennes,REN,115961.0,283.0,4.0,164.0,139.0,84.76,50.0,37.0,74.0,5.0,2.0,40.0,1.0,0.0,0.0,Adrien,Thomasson,1993-12-10,32.79,150.0,28.0,Midfielder,0,c8u45gxriyq1rup5fpr30xrdh,z1wbqtd0fz5t5eezjvrbld3h,Stade Rennais FC,Rennes,Rennes,REN,115961,c8u45gxriyq1rup5fpr30xrdh,150,z1wbqtd0fz5t5eezjvrbld3h
Ahmed Touba,240864.0,3.0,270.0,0.0,0.03,-0.03,1.0,0.0,0.0,0.03,Ahmed,Touba,1998-03-13,28.54,141.0,5.0,Defender,Central Defender,65nkv8grj2jhs2hlja63bp90p,23pqcgxu1tip265hbe01kszbt,Le Havre AC,Le Havre,Le Havre,HAC,34.0,332.012,20.0,206.745,0.0,0.0,0.0,0.0,9.765,10.337,9.0,9.0,16.0,1.0,26.0,14.0,9.0,64.286,10.0,6.0,60.0,,,,,,,,,,240864.0,270.0,3.0,1.0,1.0,0.71,0.0,0.316,0.315,0.0,0.0,Ahmed,Touba,1998-03-13,28.54,141.0,5.0,Defender,Central Defender,65nkv8grj2jhs2hlja63bp90p,23pqcgxu1tip265hbe01kszbt,Le Havre AC,Le Havre,Le Havre,HAC,240864.0,270.0,3.0,145.0,125.0,86.21,29.0,20.0,68.97,0.0,0.0,0.0,0.0,0.0,0.0,Ahmed,Touba,1998-03-13,28.54,141.0,5.0,Defender,Central Defender,65nkv8grj2jhs2hlja63bp90p,23pqcgxu1tip265hbe01kszbt,Le Havre AC,Le Havre,Le Havre,HAC,240864,65nkv8grj2jhs2hlja63bp90p,141,23pqcgxu1tip265hbe01kszbt
Ainsley Maitland-Niles,154043.0,0.0,0.0,0.0,0.0,0.0,0.0,0.0,0.0,0.0,Ainsley,Maitland-Niles,1997-08-29,29.07,143.0,98.0,Midfielder,Wing Back,154043,121le8unjfzug3iu9pgkqa1c7,Lyon,Olympique Lyonnais,Lyon,OL,0.0,0.0,0.0,0.0,0.0,0.0,0.0,0.0,0.0,0.0,0.0,0.0,0.0,0.0,0.0,0.0,0.0,0.0,0.0,0.0,0.0,,,,,,,,,,154043.0,0.0,0.0,0.0,0.0,0.0,0.0,0.0,0.0,0.0,0.0,Ainsley,Maitland-Niles,1997-08-29,29.07,143.0,98.0,Midfielder,Wing Back,154043,121le8unjfzug3iu9pgkqa1c7,Lyon,Olympique Lyonnais,Lyon,OL,154043.0,0.0,0.0,0.0,0.0,0.0,0.0,0.0,0.0,0.0,0.0,0.0,0.0,0.0,0.0,Ainsley,Maitland-Niles,1997-08-29,29.07,143.0,98.0,Midfielder,Wing Back,154043,121le8unjfzug3iu9pgkqa1c7,Lyon,Olympique Lyonnais,Lyon,OL,154043,154043,143,121le8unjfzug3iu9pgkqa1c7
Aiyegun Tosin,250182.0,2.0,44.0,0.0,0.37,-0.37,1.0,0.0,0.0,0.37,Oluwatosin,Aiyegun,1998-06-26,28.25,694.0,15.0,Forward,Striker,92x4ssmd4sq2upjn0dyws5wq1,70nn27vgkt6l48lvv5e66q7ww,FC Lorient,Lorient,Lorient,FCL,5.0,41.994,2.0,13.335,0.0,0.0,0.0,0.0,8.399,6.668,0.0,0.0,2.0,0.0,1.0,0.0,0.0,0.0,2.0,1.0,50.0,,,,,,,,,,250182.0,44.0,2.0,0.0,0.0,0.0,0.0,0.003,0.003,0.0,0.0,Oluwatosin,Aiyegun,1998-06-26,28.25,694.0,15.0,Forward,Striker,92x4ssmd4sq2upjn0dyws5wq1,70nn27vgkt6l48lvv5e66q7ww,FC Lorient,Lorient,Lorient,FCL,250182.0,44.0,2.0,5.0,4.0,80.0,2.0,2.0,100.0,0.0,0.0,0.0,0.0,0.0,0.0,Oluwatosin,Aiyegun,1998-06-26,28.25,694.0,15.0,Forward,Striker,92x4ssmd4sq2upjn0dyws5wq1,70nn27vgkt6l48lvv5e66q7ww,FC Lorient,Lorient,Lorient,FCL,250182,92x4ssmd4sq2upjn0dyws5wq1,694,70nn27vgkt6l48lvv5e66q7ww
Alec Georgen,199663.0,1.0,18.0,0.0,0.0,0.0,0.0,0.0,0.0,0.0,Alec,Georgen,1998-09-17,28.02,694.0,2.0,Defender,Full Back,22w7n5sbv8zl8ikngz0lc5tjp,70nn27vgkt6l48lvv5e66q7ww,FC Lorient,Lorient,Lorient,FCL,5.0,50.047,4.0,46.41,0.0,0.0,0.0,0.0,10.009,11.602,0.0,1.0,1.0,1.0,0.0,0.0,0.0,0.0,0.0,0.0,0.0,,,,,,,,,,199663.0,18.0,1.0,1.0,1.0,6.25,0.0,0.151,0.151,0.0,0.0,Alec,Georgen,1998-09-17,28.02,694.0,2.0,Defender,Full Back,22w7n5sbv8zl8ikngz0lc5tjp,70nn27vgkt6l48lvv5e66q7ww,FC Lorient,Lorient,Lorient,FCL,199663.0,18.0,1.0,16.0,16.0,100.0,7.0,7.0,100.0,1.0,1.0,100.0,0.0,0.0,0.0,Alec,Georgen,1998-09-17,28.02,694.0,2.0,Defender,Full Back,22w7n5sbv8zl8ikngz0lc5tjp,70nn27vgkt6l48lvv5e66q7ww,FC Lorient,Lorient,Lorient,FCL,199663,22w7n5sbv8zl8ikngz0lc5tjp,694,70nn27vgkt6l48lvv5e66q7ww
Aleksandr Golovin,161950.0,4.0,348.0,0.0,0.27,-0.27,4.0,2.0,0.0,0.07,Aleksandr,Golovin,1996-05-30,30.32,146.0,10.0,Midfielder,Central Midfielder,28x7i681wkjueanvkevew3bh1,4t4hod56fsj7utpjdor8so5q6,AS Monaco FC,Monaco,Monaco,ASM,50.0,491.225,25.0,176.715,2.0,0.0,1.0,0.0,9.824,7.069,5.0,1.0,11.0,0.0,2.0,25.0,12.0,48.0,2.0,0.0,0.0,,,,,,,,,,161950.0,348.0,4.0,7.0,4.0,3.0,28.57,0.724,0.503,2.0,1.0,Aleksandr,Golovin,1996-05-30,30.32,146.0,10.0,Midfielder,Central Midfielder,28x7i681wkjueanvkevew3bh1,4t4hod56fsj7utpjdor8so5q6,AS Monaco FC,Monaco,Monaco,ASM,161950.0,348.0,4.0,102.0,83.0,81.37,49.0,41.0,83.67,7.0,1.0,14.29,1.0,0.0,0.0,Aleksandr,Golovin,1996-05-30,30.32,146.0,10.0,Midfielder,Central Midfielder,28x7i681wkjueanvkevew3bh1,4t4hod56fsj7utpjdor8so5q6,AS Monaco FC,Monaco,Monaco,ASM,161950,28x7i681wkjueanvkevew3bh1,146,4t4hod56fsj7utpjdor8so5q6
Alexandre Lauray,482549.0,4.0,268.0,0.0,0.14,-0.14,4.0,2.0,0.0,0.03,Alexandre,Lauray,1997-03-18,29.52,920.0,8.0,Midfielder,Defensive Midfielder,ecinw8qh468iydvlfhhxhgwl,bj8hrmj01r3zit0x8r6qm2eu2,Le Mans FC,Le Mans,Le Mans,LEM,9.0,126.433,4.0,50.925,0.0,0.0,0.0,0.0,14.048,12.731,7.0,6.0,13.0,1.0,12.0,25.0,11.0,44.0,6.0,4.0,66.667,,,,,,,,,,482549.0,268.0,4.0,5.0,1.0,0.79,80.0,0.359,0.17,0.0,0.0,Alexandre,Lauray,1997-03-18,29.52,920.0,8.0,Midfielder,Defensive Midfielder,ecinw8qh468iydvlfhhxhgwl,bj8hrmj01r3zit0x8r6qm2eu2,Le Mans FC,Le Mans,Le Mans,LEM,482549.0,268.0,4.0,135.0,102.0,75.56,40.0,24.0,60.0,2.0,1.0,50.0,0.0,0.0,0.0,Alexandre,Lauray,1997-03-18,29.52,920.0,8.0,Midfielder,Defensive Midfielder,ecinw8qh468iydvlfhhxhgwl,bj8hrmj01r3zit0x8r6qm2eu2,Le Mans FC,Le Mans,Le Mans,LEM,482549,ecinw8qh468iydvlfhhxhgwl,920,bj8hrmj01r3zit0x8r6qm2eu2
Alexandre Phliponeau,471437.0,2.0,19.0,0.0,0.0,0.0,0.0,0.0,0.0,0.0,Alexandre,Phliponeau,2000-01-26,26.66,154.0,26.0,Midfielder,0,37zvqmyd52nj302q18liurwbu,3unkqo2g6ag99gd5ynz1j7vse,Espérance Sportive Troyes Aube Champagne,Troyes,Troyes,TRO,2.0,30.083,2.0,29.61,0.0,0.0,0.0,0.0,15.042,14.805,0.0,1.0,2.0,0.0,1.0,2.0,1.0,50.0,1.0,1.0,100.0,,,,,,,,,,471437.0,19.0,2.0,0.0,0.0,0.0,0.0,0.003,0.003,0.0,0.0,Alexandre,Phliponeau,2000-01-26,26.66,154.0,26.0,Midfielder,0,37zvqmyd52nj302q18liurwbu,3unkqo2g6ag99gd5ynz1j7vse,Espérance Sportive Troyes Aube Champagne,Troyes,Troyes,TRO,471437.0,19.0,2.0,9.0,9.0,100.0,2.0,2.0,100.0,0.0,0.0,0.0,0.0,0.0,0.0,Alexandre,Phliponeau,2000-01-26,26.66,154.0,26.0,Midfielder,0,37zvqmyd52nj302q18liurwbu,3unkqo2g6ag99gd5ynz1j7vse,Espérance Sportive Troyes Aube Champagne,Troyes,Troyes,TRO,471437,37zvqmyd52nj302q18liurwbu,154,3unkqo2g6ag99gd5ynz1j7vse
Alexis Vossah,616227.0,3.0,138.0,0.0,0.08,-0.08,3.0,0.0,0.0,0.03,Alexis,Vossah,2008-03-11,18.53,427.0,6.0,Midfielder,Central Midfielder,9mf9yl7utp4pv5zczlz7t3o5w,4aghw9tyi8ba3ju1ne83gmf9w,Toulouse FC,Toulouse,Toulouse,TFC,18.0,191.968,7.0,40.53,0.0,0.0,0.0,0.0,10.665,5.79,4.0,2.0,10.0,0.0,2.0,18.0,8.0,44.444,4.0,2.0,50.0,,,,,,,,,,616227.0,138.0,3.0,0.0,0.0,0.0,0.0,0.044,0.043,0.0,0.0,Alexis,Vossah,2008-03-11,18.53,427.0,6.0,Midfielder,Central Midfielder,9mf9yl7utp4pv5zczlz7t3o5w,4aghw9tyi8ba3ju1ne83gmf9w,Toulouse FC,Toulouse,Toulouse,TFC,616227.0,138.0,3.0,74.0,60.0,81.08,20.0,15.0,75.0,0.0,0.0,0.0,0.0,0.0,0.0,Alexis,Vossah,2008-03-11,18.53,427.0,6.0,Midfielder,Central Midfielder,9mf9yl7utp4pv5zczlz7t3o5w,4aghw9tyi8ba3ju1ne83gmf9w,Toulouse FC,Toulouse,Toulouse,TFC,616227,9mf9yl7utp4pv5zczlz7t3o5w,427,4aghw9tyi8ba3ju1ne83gmf9w
Alexsandro,512253.0,4.0,360.0,0.0,0.0,0.0,0.0,0.0,0.0,0.0,Alexsandro Victor,de Souza Ribeiro,1999-08-09,27.13,429.0,4.0,Defender,Central Defender,avk0vktquq3oum9w6dyodlz6y,be2k34rut1lz79jxenabttqlc,Lille OSC,Lille,Lille,LIL,58.0,501.577,27.0,270.06,0.0,0.0,0.0,0.0,8.648,10.002,5.0,2.0,7.0,4.0,29.0,12.0,9.0,75.0,14.0,9.0,64.286,,,,,,,,,,512253.0,360.0,4.0,0.0,0.0,0.0,0.0,0.021,0.021,0.0,0.0,Alexsandro Victor,de Souza Ribeiro,1999-08-09,27.13,429.0,4.0,Defender,Central Defender,avk0vktquq3oum9w6dyodlz6y,be2k34rut1lz79jxenabttqlc,Lille OSC,Lille,Lille,LIL,512253.0,360.0,4.0,252.0,232.0,92.06,16.0,7.0,43.75,0.0,0.0,0.0,0.0,0.0,0.0,Alexsandro Victor,de Souza Ribeiro,1999-08-09,27.13,429.0,4.0,Defender,Central Defender,avk0vktquq3oum9w6dyodlz6y,be2k34rut1lz79jxenabttqlc,Lille OSC,Lille,Lille,LIL,512253,avk0vktquq3oum9w6dyodlz6y,429,be2k34rut1lz79jxenabttqlc
Ali Abdi,245485.0,2.0,35.0,0.0,0.0,0.0,0.0,0.0,0.0,0.0,Ali,Abdi,1993-12-20,32.77,1395.0,2.0,Defender,Full Back,d4byfkr3jergb1v1nakrmgvdh,bx0cdmzr2gwr70ez72dorx82p,OGC Nice Côte d'Azur,Nice,Nice,NIC,5.0,76.94,4.0,64.47,0.0,0.0,0.0,0.0,15.388,16.118,3.0,0.0,3.0,0.0,1.0,8.0,3.0,37.5,3.0,1.0,33.333,,,,,,,,,,245485.0,35.0,2.0,0.0,0.0,0.0,0.0,0.005,0.005,0.0,0.0,Ali,Abdi,1993-12-20,32.77,1395.0,2.0,Defender,Full Back,d4byfkr3jergb1v1nakrmgvdh,bx0cdmzr2gwr70ez72dorx82p,OGC Nice Côte d'Azur,Nice,Nice,NIC,245485.0,35.0,2.0,17.0,13.0,76.47,5.0,3.0,60.0,1.0,0.0,0.0,0.0,0.0,0.0,Ali,Abdi,1993-12-20,32.77,1395.0,2.0,Defender,Full Back,d4byfkr3jergb1v1nakrmgvdh,bx0cdmzr2gwr70ez72dorx82p,OGC Nice Côte d'Azur,Nice,Nice,NIC,245485,d4byfkr3jergb1v1nakrmgvdh,1395,bx0cdmzr2gwr70ez72dorx82p
Amadou Haidara,218244.0,3.0,125.0,0.0,0.26,-0.26,2.0,1.0,0.0,0.13,Amadou,Haidara,1998-01-31,28.65,142.0,21.0,Midfielder,Defensive Midfielder,7o3fumeufgigw092b7i5n4f6x,3xedluek08t2ka7oypwuullcn,Racing Club de Lens,Lens,Lens,RCL,9.0,83.185,2.0,7.245,0.0,0.0,0.0,0.0,9.243,3.622,2.0,2.0,7.0,0.0,1.0,5.0,2.0,40.0,4.0,3.0,75.0,,,,,,,,,,218244.0,125.0,3.0,0.0,0.0,0.0,0.0,0.036,0.036,0.0,0.0,Amadou,Haidara,1998-01-31,28.65,142.0,21.0,Midfielder,Defensive Midfielder,7o3fumeufgigw092b7i5n4f6x,3xedluek08t2ka7oypwuullcn,Racing Club de Lens,Lens,Lens,RCL,218244.0,125.0,3.0,70.0,63.0,90.0,17.0,15.0,88.24,0.0,0.0,0.0,0.0,0.0,0.0,Amadou,Haidara,1998-01-31,28.65,142.0,21.0,Midfielder,Defensive Midfielder,7o3fumeufgigw092b7i5n4f6x,3xedluek08t2ka7oypwuullcn,Racing Club de Lens,Lens,Lens,RCL,218244,7o3fumeufgigw092b7i5n4f6x,142,3xedluek08t2ka7oypwuullcn
Amine El Ouazzani,501332.0,4.0,308.0,1.0,1.06,-0.06,9.0,2.0,11.11,0.12,Amine,El Ouazzani,2001-07-15,25.19,2128.0,19.0,Forward,Striker,5dgkxz69k6jmim0ryl5fgiqga,75qj99fhg5c0ztj2tva5u4uii,Angers Sporting Club de l'Ouest,Angers,Angers,SCO,22.0,235.034,7.0,14.07,1.0,0.0,1.0,0.0,10.683,2.01,4.0,1.0,6.0,0.0,1.0,27.0,14.0,51.852,28.0,14.0,50.0,,,,,,,,,,501332.0,308.0,4.0,2.0,1.0,1.92,0.0,0.07,0.07,1.0,0.0,Amine,El Ouazzani,2001-07-15,25.19,2128.0,19.0,Forward,Striker,5dgkxz69k6jmim0ryl5fgiqga,75qj99fhg5c0ztj2tva5u4uii,Angers Sporting Club de l'Ouest,Angers,Angers,SCO,501332.0,308.0,4.0,59.0,43.0,72.88,19.0,14.0,73.68,0.0,0.0,0.0,0.0,0.0,0.0,Amine,El Ouazzani,2001-07-15,25.19,2128.0,19.0,Forward,Striker,5dgkxz69k6jmim0ryl5fgiqga,75qj99fhg5c0ztj2tva5u4uii,Angers Sporting Club de l'Ouest,Angers,Angers,SCO,501332,5dgkxz69k6jmim0ryl5fgiqga,2128,75qj99fhg5c0ztj2tva5u4uii
Amine Gouiri,247400.0,4.0,358.0,4.0,2.49,1.51,13.0,6.0,30.77,0.19,Amine,Gouiri,2000-02-16,26.61,144.0,9.0,Forward,Striker,6u2ob6fv950r1qve8uejkq2uh,27xvwccz8kpmqsefjv2b2sc0o,Olympique de Marseille,Olympique Marseille,Marseille,OM,27.0,258.307,9.0,53.76,1.0,0.0,1.0,0.0,9.567,5.973,1.0,0.0,9.0,0.0,1.0,23.0,9.0,39.13,13.0,3.0,23.077,,,,,,,,,,247400.0,358.0,4.0,3.0,3.0,2.88,0.0,0.23,0.23,0.0,0.0,Amine,Gouiri,2000-02-16,26.61,144.0,9.0,Forward,Striker,6u2ob6fv950r1qve8uejkq2uh,27xvwccz8kpmqsefjv2b2sc0o,Olympique de Marseille,Olympique Marseille,Marseille,OM,247400.0,358.0,4.0,113.0,97.0,85.84,56.0,43.0,76.79,1.0,0.0,0.0,0.0,0.0,0.0,Amine,Gouiri,2000-02-16,26.61,144.0,9.0,Forward,Striker,6u2ob6fv950r1qve8uejkq2uh,27xvwccz8kpmqsefjv2b2sc0o,Olympique de Marseille,Olympique Marseille,Marseille,OM,247400,6u2ob6fv950r1qve8uejkq2uh,144,27xvwccz8kpmqsefjv2b2sc0o
Amine Harit,229608.0,4.0,353.0,0.0,0.23,-0.23,5.0,2.0,0.0,0.05,Amine,Harit,1997-06-18,29.27,144.0,77.0,Midfielder,Attacking Midfielder,bt2h27b7sfmsa5w6tnfp7lw4p,27xvwccz8kpmqsefjv2b2sc0o,Olympique de Marseille,Olympique Marseille,Marseille,OM,71.0,735.784,35.0,296.31,3.0,0.0,2.0,0.0,10.363,8.466,5.0,4.0,11.0,0.0,1.0,38.0,19.0,50.0,0.0,0.0,0.0,,,,,,,,,,229608.0,353.0,4.0,8.0,6.0,3.25,25.0,0.851,0.779,1.0,1.0,Amine,Harit,1997-06-18,29.27,144.0,77.0,Midfielder,Attacking Midfielder,bt2h27b7sfmsa5w6tnfp7lw4p,27xvwccz8kpmqsefjv2b2sc0o,Olympique de Marseille,Olympique Marseille,Marseille,OM,229608.0,353.0,4.0,156.0,131.0,83.97,85.0,66.0,77.65,3.0,0.0,0.0,0.0,0.0,0.0,Amine,Harit,1997-06-18,29.27,144.0,77.0,Midfielder,Attacking Midfielder,bt2h27b7sfmsa5w6tnfp7lw4p,27xvwccz8kpmqsefjv2b2sc0o,Olympique de Marseille,Olympique Marseille,Marseille,OM,229608,bt2h27b7sfmsa5w6tnfp7lw4p,144,27xvwccz8kpmqsefjv2b2sc0o
Amine Sbaï,532112.0,4.0,342.0,0.0,0.65,-0.65,10.0,1.0,0.0,0.06,Amine,Sbaï,2000-11-05,25.88,2128.0,10.0,Forward,Winger,4nzndhd2pnky4szpunvlyxs2y,75qj99fhg5c0ztj2tva5u4uii,Angers Sporting Club de l'Ouest,Angers,Angers,SCO,67.0,956.562,41.0,523.215,3.0,0.0,7.0,0.0,14.277,12.761,1.0,0.0,12.0,0.0,0.0,30.0,13.0,43.333,3.0,2.0,66.667,,,,,,,,,,532112.0,342.0,4.0,14.0,13.0,14.13,7.14,1.184,0.989,0.0,0.0,Amine,Sbaï,2000-11-05,25.88,2128.0,10.0,Forward,Winger,4nzndhd2pnky4szpunvlyxs2y,75qj99fhg5c0ztj2tva5u4uii,Angers Sporting Club de l'Ouest,Angers,Angers,SCO,532112.0,342.0,4.0,94.0,64.0,68.09,54.0,37.0,68.52,18.0,4.0,22.22,0.0,0.0,0.0,Amine,Sbaï,2000-11-05,25.88,2128.0,10.0,Forward,Winger,4nzndhd2pnky4szpunvlyxs2y,75qj99fhg5c0ztj2tva5u4uii,Angers Sporting Club de l'Ouest,Angers,Angers,SCO,532112,4nzndhd2pnky4szpunvlyxs2y,2128,75qj99fhg5c0ztj2tva5u4uii
Amir Richardson,538786.0,4.0,360.0,0.0,0.29,-0.29,7.0,3.0,0.0,0.04,Amir,Richardson,2002-01-24,24.67,141.0,7.0,Midfielder,Central Midfielder,45lcfmo0varfc325n562ul2j8,23pqcgxu1tip265hbe01kszbt,Le Havre AC,Le Havre,Le Havre,HAC,52.0,641.429,27.0,335.37,0.0,0.0,1.0,0.0,12.335,12.421,9.0,5.0,20.0,1.0,10.0,35.0,18.0,51.429,15.0,7.0,46.667,,,,,,,,,,538786.0,360.0,4.0,9.0,9.0,5.2,0.0,0.473,0.473,0.0,0.0,Amir,Richardson,2002-01-24,24.67,141.0,7.0,Midfielder,Central Midfielder,45lcfmo0varfc325n562ul2j8,23pqcgxu1tip265hbe01kszbt,Le Havre AC,Le Havre,Le Havre,HAC,538786.0,360.0,4.0,175.0,148.0,84.57,57.0,42.0,73.68,2.0,2.0,100.0,1.0,0.0,0.0,Amir,Richardson,2002-01-24,24.67,141.0,7.0,Midfielder,Central Midfielder,45lcfmo0varfc325n562ul2j8,23pqcgxu1tip265hbe01kszbt,Le Havre AC,Le Havre,Le Havre,HAC,538786,45lcfmo0varfc325n562ul2j8,141,23pqcgxu1tip265hbe01kszbt
Andrew Omobamidele,466404.0,2.0,180.0,0.0,0.06,-0.06,1.0,0.0,0.0,0.06,Andrew,Omobamidele,2002-06-23,24.25,153.0,2.0,Defender,Central Defender,70hdfmna3nvwjlufm9rs92uzu,71ajatxnuhc5cnm3xvgdky49w,RC Strasbourg Alsace,Strasbourg,Strasbourg,STR,37.0,332.561,15.0,135.03,0.0,0.0,0.0,0.0,8.988,9.002,5.0,2.0,6.0,1.0,9.0,6.0,5.0,83.333,1.0,0.0,0.0,,,,,,,,,,466404.0,180.0,2.0,0.0,0.0,0.0,0.0,0.011,0.011,0.0,0.0,Andrew,Omobamidele,2002-06-23,24.25,153.0,2.0,Defender,Central Defender,70hdfmna3nvwjlufm9rs92uzu,71ajatxnuhc5cnm3xvgdky49w,RC Strasbourg Alsace,Strasbourg,Strasbourg,STR,466404.0,180.0,2.0,99.0,96.0,96.97,5.0,5.0,100.0,0.0,0.0,0.0,0.0,0.0,0.0,Andrew,Omobamidele,2002-06-23,24.25,153.0,2.0,Defender,Central Defender,70hdfmna3nvwjlufm9rs92uzu,71ajatxnuhc5cnm3xvgdky49w,RC Strasbourg Alsace,Strasbourg,Strasbourg,STR,466404,70hdfmna3nvwjlufm9rs92uzu,153,71ajatxnuhc5cnm3xvgdky49w
Andrija Bulatovic,622024.0,4.0,149.0,0.0,0.17,-0.17,6.0,2.0,0.0,0.03,Andrija,Bulatovic,2006-12-27,19.74,142.0,5.0,Midfielder,Central Midfielder,1fua3j2pq3ftsfwykefvs6u50,3xedluek08t2ka7oypwuullcn,Racing Club de Lens,Lens,Lens,RCL,27.0,263.377,8.0,33.495,0.0,0.0,0.0,0.0,9.755,4.187,3.0,2.0,8.0,0.0,0.0,13.0,7.0,53.846,1.0,1.0,100.0,,,,,,,,,,622024.0,149.0,4.0,4.0,3.0,3.03,25.0,0.177,0.132,0.0,0.0,Andrija,Bulatovic,2006-12-27,19.74,142.0,5.0,Midfielder,Central Midfielder,1fua3j2pq3ftsfwykefvs6u50,3xedluek08t2ka7oypwuullcn,Racing Club de Lens,Lens,Lens,RCL,622024.0,149.0,4.0,106.0,94.0,88.68,25.0,20.0,80.0,2.0,1.0,50.0,0.0,0.0,0.0,Andrija,Bulatovic,2006-12-27,19.74,142.0,5.0,Midfielder,Central Midfielder,1fua3j2pq3ftsfwykefvs6u50,3xedluek08t2ka7oypwuullcn,Racing Club de Lens,Lens,Lens,RCL,622024,1fua3j2pq3ftsfwykefvs6u50,142,3xedluek08t2ka7oypwuullcn
Angel Gomes,209041.0,4.0,312.0,0.0,0.98,-0.98,8.0,2.0,0.0,0.12,Angel,Gomes,2000-08-31,26.07,144.0,7.0,Midfielder,Attacking Midfielder,7nivkfkngr374fx5totgektm1,27xvwccz8kpmqsefjv2b2sc0o,Olympique de Marseille,Olympique Marseille,Marseille,OM,40.0,415.252,17.0,154.56,2.0,0.0,2.0,1.0,10.381,9.092,7.0,3.0,17.0,0.0,0.0,23.0,12.0,52.174,5.0,2.0,40.0,,,,,,,,,,209041.0,312.0,4.0,3.0,3.0,1.23,0.0,0.46,0.459,1.0,1.0,Angel,Gomes,2000-08-31,26.07,144.0,7.0,Midfielder,Attacking Midfielder,7nivkfkngr374fx5totgektm1,27xvwccz8kpmqsefjv2b2sc0o,Olympique de Marseille,Olympique Marseille,Marseille,OM,209041.0,312.0,4.0,165.0,150.0,90.91,59.0,49.0,83.05,2.0,0.0,0.0,0.0,0.0,0.0,Angel,Gomes,2000-08-31,26.07,144.0,7.0,Midfielder,Attacking Midfielder,7nivkfkngr374fx5totgektm1,27xvwccz8kpmqsefjv2b2sc0o,Olympique de Marseille,Olympique Marseille,Marseille,OM,209041,7nivkfkngr374fx5totgektm1,144,27xvwccz8kpmqsefjv2b2sc0o
Anis Ouzenadji,703779.0,4.0,360.0,0.0,0.05,-0.05,1.0,0.0,0.0,0.05,Anis,Ouzenadji,2006-11-04,19.88,154.0,3.0,Defender,Full Back,82po88ekor7bhxfcnwmvsmdjo,3unkqo2g6ag99gd5ynz1j7vse,Espérance Sportive Troyes Aube Champagne,Troyes,Troyes,TRO,48.0,432.937,23.0,150.36,0.0,0.0,1.0,0.0,9.02,6.537,10.0,5.0,21.0,1.0,11.0,38.0,24.0,63.158,4.0,1.0,25.0,,,,,,,,,,703779.0,360.0,4.0,4.0,4.0,2.04,0.0,0.179,0.175,1.0,1.0,Anis,Ouzenadji,2006-11-04,19.88,154.0,3.0,Defender,Full Back,82po88ekor7bhxfcnwmvsmdjo,3unkqo2g6ag99gd5ynz1j7vse,Espérance Sportive Troyes Aube Champagne,Troyes,Troyes,TRO,703779.0,360.0,4.0,150.0,112.0,74.67,56.0,40.0,71.43,17.0,3.0,17.65,0.0,0.0,0.0,Anis,Ouzenadji,2006-11-04,19.88,154.0,3.0,Defender,Full Back,82po88ekor7bhxfcnwmvsmdjo,3unkqo2g6ag99gd5ynz1j7vse,Espérance Sportive Troyes Aube Champagne,Troyes,Troyes,TRO,703779,82po88ekor7bhxfcnwmvsmdjo,154,3unkqo2g6ag99gd5ynz1j7vse
Anis Soubeir,722369.0,4.0,81.0,0.0,0.46,-0.46,2.0,1.0,0.0,0.23,Anis,Soubeir,2007-05-30,19.32,146.0,46.0,Midfielder,0,dgxvhl9a9dwz2u2h4ruwx42dw,4t4hod56fsj7utpjdor8so5q6,AS Monaco FC,Monaco,Monaco,ASM,9.0,111.831,6.0,65.415,1.0,0.0,0.0,0.0,12.426,10.903,3.0,2.0,9.0,0.0,2.0,14.0,6.0,42.857,3.0,1.0,33.333,,,,,,,,,,722369.0,81.0,4.0,1.0,0.0,0.0,0.0,0.184,0.184,0.0,0.0,Anis,Soubeir,2007-05-30,19.32,146.0,46.0,Midfielder,0,dgxvhl9a9dwz2u2h4ruwx42dw,4t4hod56fsj7utpjdor8so5q6,AS Monaco FC,Monaco,Monaco,ASM,722369.0,81.0,4.0,19.0,16.0,84.21,3.0,2.0,66.67,0.0,0.0,0.0,1.0,1.0,100.0,Anis,Soubeir,2007-05-30,19.32,146.0,46.0,Midfielder,0,dgxvhl9a9dwz2u2h4ruwx42dw,4t4hod56fsj7utpjdor8so5q6,AS Monaco FC,Monaco,Monaco,ASM,722369,dgxvhl9a9dwz2u2h4ruwx42dw,146,4t4hod56fsj7utpjdor8so5q6
Anthony Bermont,634346.0,3.0,170.0,0.0,0.91,-0.91,6.0,0.0,0.0,0.15,Anthony,Bermont,2005-02-10,21.62,2128.0,26.0,Midfielder,Winger,4383t6giufw6n3xq8sgrofzmc,75qj99fhg5c0ztj2tva5u4uii,Angers Sporting Club de l'Ouest,Angers,Angers,SCO,18.0,271.915,12.0,189.63,1.0,0.0,1.0,0.0,15.106,15.802,2.0,2.0,4.0,0.0,0.0,15.0,4.0,26.667,9.0,6.0,66.667,,,,,,,,,,634346.0,170.0,3.0,1.0,1.0,2.56,0.0,0.042,0.042,0.0,0.0,Anthony,Bermont,2005-02-10,21.62,2128.0,26.0,Midfielder,Winger,4383t6giufw6n3xq8sgrofzmc,75qj99fhg5c0ztj2tva5u4uii,Angers Sporting Club de l'Ouest,Angers,Angers,SCO,634346.0,170.0,3.0,39.0,29.0,74.36,24.0,18.0,75.0,1.0,0.0,0.0,0.0,0.0,0.0,Anthony,Bermont,2005-02-10,21.62,2128.0,26.0,Midfielder,Winger,4383t6giufw6n3xq8sgrofzmc,75qj99fhg5c0ztj2tva5u4uii,Angers Sporting Club de l'Ouest,Angers,Angers,SCO,634346,4383t6giufw6n3xq8sgrofzmc,2128,75qj99fhg5c0ztj2tva5u4uii
Anthony Lopes,,,,,,,,,,,,,,,,,,,,,,,,,,,,,,,,,,,,,,,,,,,,,,360.0,100.0,1.0,5.0,23.0,82.14,2.52,1.5,6.52,,,,,,,,,,,,,,,,,,,,,,,,,,,,,,,,,,,,,,,,,,,,,,,,,,,,,,,59957,d3mss0i879krqrk1owzmj2c45,2128,75qj99fhg5c0ztj2tva5u4uii
Anthony Rouault,489887.0,2.0,180.0,0.0,0.03,-0.03,1.0,0.0,0.0,0.03,Anthony,Rouault,2001-05-29,25.32,150.0,24.0,Defender,Central Defender,4c4ghf9zlkof83n5mnmva61d6,z1wbqtd0fz5t5eezjvrbld3h,Stade Rennais FC,Rennes,Rennes,REN,19.0,160.958,6.0,31.185,0.0,0.0,0.0,0.0,8.471,5.198,3.0,1.0,4.0,4.0,19.0,5.0,4.0,80.0,8.0,5.0,62.5,,,,,,,,,,489887.0,180.0,2.0,0.0,0.0,0.0,0.0,0.021,0.021,0.0,0.0,Anthony,Rouault,2001-05-29,25.32,150.0,24.0,Defender,Central Defender,4c4ghf9zlkof83n5mnmva61d6,z1wbqtd0fz5t5eezjvrbld3h,Stade Rennais FC,Rennes,Rennes,REN,489887.0,180.0,2.0,115.0,96.0,83.48,17.0,11.0,64.71,0.0,0.0,0.0,0.0,0.0,0.0,Anthony,Rouault,2001-05-29,25.32,150.0,24.0,Defender,Central Defender,4c4ghf9zlkof83n5mnmva61d6,z1wbqtd0fz5t5eezjvrbld3h,Stade Rennais FC,Rennes,Rennes,REN,489887,4c4ghf9zlkof83n5mnmva61d6,150,z1wbqtd0fz5t5eezjvrbld3h
Antoine Mendy,538452.0,3.0,124.0,0.0,0.1,-0.1,3.0,0.0,0.0,0.03,Antoine,Mendy,2004-05-27,22.33,1395.0,33.0,Defender,Full Back,9yjtdz1toq241g6cgdty94lck,bx0cdmzr2gwr70ez72dorx82p,OGC Nice Côte d'Azur,Nice,Nice,NIC,41.0,390.73,26.0,224.49,1.0,0.0,0.0,0.0,9.53,8.634,5.0,2.0,6.0,0.0,3.0,11.0,7.0,63.636,4.0,2.0,50.0,,,,,,,,,,538452.0,124.0,3.0,1.0,1.0,0.8,0.0,0.045,0.045,0.0,0.0,Antoine,Mendy,2004-05-27,22.33,1395.0,33.0,Defender,Full Back,9yjtdz1toq241g6cgdty94lck,bx0cdmzr2gwr70ez72dorx82p,OGC Nice Côte d'Azur,Nice,Nice,NIC,538452.0,124.0,3.0,127.0,114.0,89.76,39.0,33.0,84.62,0.0,0.0,0.0,0.0,0.0,0.0,Antoine,Mendy,2004-05-27,22.33,1395.0,33.0,Defender,Full Back,9yjtdz1toq241g6cgdty94lck,bx0cdmzr2gwr70ez72dorx82p,OGC Nice Côte d'Azur,Nice,Nice,NIC,538452,9yjtdz1toq241g6cgdty94lck,1395,bx0cdmzr2gwr70ez72dorx82p
Antoine Mille,444395.0,4.0,263.0,1.0,0.38,0.62,6.0,1.0,16.67,0.06,Antoine,Mille,1997-08-14,29.12,154.0,17.0,Midfielder,0,8oi2f8vvytlvm1fx50q0l11ey,3unkqo2g6ag99gd5ynz1j7vse,Espérance Sportive Troyes Aube Champagne,Troyes,Troyes,TRO,29.0,286.062,13.0,40.635,0.0,0.0,2.0,0.0,9.864,3.126,12.0,3.0,15.0,1.0,2.0,39.0,18.0,46.154,13.0,10.0,76.923,,,,,,,,,,444395.0,263.0,4.0,6.0,6.0,4.24,0.0,0.696,0.696,1.0,1.0,Antoine,Mille,1997-08-14,29.12,154.0,17.0,Midfielder,0,8oi2f8vvytlvm1fx50q0l11ey,3unkqo2g6ag99gd5ynz1j7vse,Espérance Sportive Troyes Aube Champagne,Troyes,Troyes,TRO,444395.0,263.0,4.0,123.0,100.0,81.3,59.0,47.0,79.66,7.0,1.0,14.29,0.0,0.0,0.0,Antoine,Mille,1997-08-14,29.12,154.0,17.0,Midfielder,0,8oi2f8vvytlvm1fx50q0l11ey,3unkqo2g6ag99gd5ynz1j7vse,Espérance Sportive Troyes Aube Champagne,Troyes,Troyes,TRO,444395,8oi2f8vvytlvm1fx50q0l11ey,154,3unkqo2g6ag99gd5ynz1j7vse
Antoine Rabillard,221456.0,3.0,141.0,0.0,0.06,-0.06,1.0,0.0,0.0,0.06,Antoine,Rabillard,1995-09-22,31.01,920.0,9.0,Forward,Striker,cvuf4hvrzivk7yhnhf6qu4k45,bj8hrmj01r3zit0x8r6qm2eu2,Le Mans FC,Le Mans,Le Mans,LEM,12.0,112.603,6.0,47.775,0.0,0.0,1.0,0.0,9.384,7.962,4.0,3.0,2.0,0.0,9.0,15.0,9.0,60.0,7.0,2.0,28.571,,,,,,,,,,221456.0,141.0,3.0,2.0,2.0,6.25,0.0,0.452,0.452,0.0,0.0,Antoine,Rabillard,1995-09-22,31.01,920.0,9.0,Forward,Striker,cvuf4hvrzivk7yhnhf6qu4k45,bj8hrmj01r3zit0x8r6qm2eu2,Le Mans FC,Le Mans,Le Mans,LEM,221456.0,141.0,3.0,33.0,26.0,78.79,11.0,8.0,72.73,3.0,1.0,33.33,0.0,0.0,0.0,Antoine,Rabillard,1995-09-22,31.01,920.0,9.0,Forward,Striker,cvuf4hvrzivk7yhnhf6qu4k45,bj8hrmj01r3zit0x8r6qm2eu2,Le Mans FC,Le Mans,Le Mans,LEM,221456,cvuf4hvrzivk7yhnhf6qu4k45,920,bj8hrmj01r3zit0x8r6qm2eu2
Aristide Zossou,669341.0,3.0,119.0,0.0,0.16,-0.16,2.0,0.0,0.0,0.08,Aristide,Zossou,2005-06-14,21.28,138.0,77.0,Midfielder,Winger,dc12yccey0n4fk1cu28wb0hzo,9bxav814mkuhueiyivyive82d,Association Jeunesse Auxerroise,Auxerre,Auxerre,AJA,22.0,288.004,14.0,167.16,0.0,0.0,0.0,0.0,13.091,11.94,1.0,1.0,3.0,0.0,2.0,9.0,4.0,44.444,1.0,0.0,0.0,,,,,,,,,,669341.0,119.0,3.0,1.0,1.0,2.13,0.0,0.192,0.19,0.0,0.0,Aristide,Zossou,2005-06-14,21.28,138.0,77.0,Midfielder,Winger,dc12yccey0n4fk1cu28wb0hzo,9bxav814mkuhueiyivyive82d,Association Jeunesse Auxerroise,Auxerre,Auxerre,AJA,669341.0,119.0,3.0,48.0,39.0,81.25,22.0,16.0,72.73,4.0,1.0,25.0,0.0,0.0,0.0,Aristide,Zossou,2005-06-14,21.28,138.0,77.0,Midfielder,Winger,dc12yccey0n4fk1cu28wb0hzo,9bxav814mkuhueiyivyive82d,Association Jeunesse Auxerroise,Auxerre,Auxerre,AJA,669341,dc12yccey0n4fk1cu28wb0hzo,138,9bxav814mkuhueiyivyive82d
Arnaud Nordin,235050.0,2.0,32.0,0.0,0.66,-0.66,2.0,1.0,0.0,0.33,Arnaud,Nordin,1998-06-17,28.27,150.0,70.0,Forward,Winger,6ir1z8c3o7t4kqx04kw24i415,z1wbqtd0fz5t5eezjvrbld3h,Stade Rennais FC,Rennes,Rennes,REN,7.0,54.003,3.0,15.855,1.0,0.0,0.0,0.0,7.715,5.285,0.0,0.0,0.0,0.0,0.0,1.0,0.0,0.0,0.0,0.0,0.0,,,,,,,,,,235050.0,32.0,2.0,0.0,0.0,0.0,0.0,0.004,0.004,0.0,0.0,Arnaud,Nordin,1998-06-17,28.27,150.0,70.0,Forward,Winger,6ir1z8c3o7t4kqx04kw24i415,z1wbqtd0fz5t5eezjvrbld3h,Stade Rennais FC,Rennes,Rennes,REN,235050.0,32.0,2.0,10.0,9.0,90.0,2.0,1.0,50.0,2.0,0.0,0.0,0.0,0.0,0.0,Arnaud,Nordin,1998-06-17,28.27,150.0,70.0,Forward,Winger,6ir1z8c3o7t4kqx04kw24i415,z1wbqtd0fz5t5eezjvrbld3h,Stade Rennais FC,Rennes,Rennes,REN,235050,6ir1z8c3o7t4kqx04kw24i415,150,z1wbqtd0fz5t5eezjvrbld3h
Arsène Kouassi,651819.0,4.0,360.0,0.0,0.02,-0.02,1.0,0.0,0.0,0.02,Arsène,Kouassi,2004-01-02,22.73,694.0,43.0,Defender,Full Back,5c2zuz7f53hvqn5be1k2nddsk,70nn27vgkt6l48lvv5e66q7ww,FC Lorient,Lorient,Lorient,FCL,50.0,559.41,24.0,276.255,0.0,0.0,2.0,0.0,11.188,11.511,3.0,3.0,20.0,1.0,7.0,27.0,11.0,40.741,3.0,3.0,100.0,,,,,,,,,,651819.0,360.0,4.0,7.0,5.0,3.13,28.57,0.592,0.51,0.0,0.0,Arsène,Kouassi,2004-01-02,22.73,694.0,43.0,Defender,Full Back,5c2zuz7f53hvqn5be1k2nddsk,70nn27vgkt6l48lvv5e66q7ww,FC Lorient,Lorient,Lorient,FCL,651819.0,360.0,4.0,160.0,132.0,82.5,48.0,36.0,75.0,7.0,1.0,14.29,1.0,0.0,0.0,Arsène,Kouassi,2004-01-02,22.73,694.0,43.0,Defender,Full Back,5c2zuz7f53hvqn5be1k2nddsk,70nn27vgkt6l48lvv5e66q7ww,FC Lorient,Lorient,Lorient,FCL,651819,5c2zuz7f53hvqn5be1k2nddsk,694,70nn27vgkt6l48lvv5e66q7ww
Arthur Avom,606371.0,4.0,224.0,0.0,0.17,-0.17,4.0,0.0,0.0,0.04,Arthur,Avom,2004-12-15,21.77,694.0,62.0,Midfielder,Central Midfielder,5wsz3usdkj01snq28pzpiwb2s,70nn27vgkt6l48lvv5e66q7ww,FC Lorient,Lorient,Lorient,FCL,41.0,399.007,19.0,187.005,0.0,0.0,1.0,0.0,9.732,9.842,9.0,6.0,15.0,0.0,1.0,18.0,13.0,72.222,3.0,1.0,33.333,,,,,,,,,,606371.0,224.0,4.0,2.0,2.0,1.1,0.0,0.715,0.711,0.0,0.0,Arthur,Avom,2004-12-15,21.77,694.0,62.0,Midfielder,Central Midfielder,5wsz3usdkj01snq28pzpiwb2s,70nn27vgkt6l48lvv5e66q7ww,FC Lorient,Lorient,Lorient,FCL,606371.0,224.0,4.0,187.0,166.0,88.77,54.0,45.0,83.33,2.0,1.0,50.0,0.0,0.0,0.0,Arthur,Avom,2004-12-15,21.77,694.0,62.0,Midfielder,Central Midfielder,5wsz3usdkj01snq28pzpiwb2s,70nn27vgkt6l48lvv5e66q7ww,FC Lorient,Lorient,Lorient,FCL,606371,5wsz3usdkj01snq28pzpiwb2s,694,70nn27vgkt6l48lvv5e66q7ww
Arthur Piedfort,549914.0,4.0,339.0,0.0,0.0,0.0,0.0,0.0,0.0,0.0,Arthur,Piedfort,2005-02-01,21.64,138.0,46.0,Midfielder,Defensive Midfielder,cbai2262b47qtezzmkt5ctslw,9bxav814mkuhueiyivyive82d,Association Jeunesse Auxerroise,Auxerre,Auxerre,AJA,21.0,206.195,10.0,98.07,0.0,0.0,0.0,0.0,9.819,9.807,4.0,7.0,22.0,2.0,5.0,18.0,8.0,44.444,9.0,4.0,44.444,,,,,,,,,,549914.0,339.0,4.0,2.0,1.0,0.67,50.0,0.162,0.102,0.0,0.0,Arthur,Piedfort,2005-02-01,21.64,138.0,46.0,Midfielder,Defensive Midfielder,cbai2262b47qtezzmkt5ctslw,9bxav814mkuhueiyivyive82d,Association Jeunesse Auxerroise,Auxerre,Auxerre,AJA,549914.0,339.0,4.0,154.0,134.0,87.01,47.0,35.0,74.47,1.0,0.0,0.0,0.0,0.0,0.0,Arthur,Piedfort,2005-02-01,21.64,138.0,46.0,Midfielder,Defensive Midfielder,cbai2262b47qtezzmkt5ctslw,9bxav814mkuhueiyivyive82d,Association Jeunesse Auxerroise,Auxerre,Auxerre,AJA,549914,cbai2262b47qtezzmkt5ctslw,138,9bxav814mkuhueiyivyive82d
Axel Camblan,548831.0,1.0,19.0,0.0,0.04,-0.04,1.0,0.0,0.0,0.04,Axel,Camblan,2003-08-30,23.07,862.0,11.0,Midfielder,Attacking Midfielder,e6se9kft2lf9hs92rof2pnn6c,3adj8hkws0z1al232bg2h6tk0,Stade Brestois 29,Brest,Brest,BRE,3.0,55.986,3.0,53.97,0.0,0.0,0.0,0.0,18.662,17.99,0.0,0.0,1.0,0.0,0.0,0.0,0.0,0.0,0.0,0.0,0.0,,,,,,,,,,548831.0,19.0,1.0,0.0,0.0,0.0,0.0,0.0,0.0,0.0,0.0,Axel,Camblan,2003-08-30,23.07,862.0,11.0,Midfielder,Attacking Midfielder,e6se9kft2lf9hs92rof2pnn6c,3adj8hkws0z1al232bg2h6tk0,Stade Brestois 29,Brest,Brest,BRE,548831.0,19.0,1.0,2.0,0.0,0.0,2.0,0.0,0.0,2.0,0.0,0.0,0.0,0.0,0.0,Axel,Camblan,2003-08-30,23.07,862.0,11.0,Midfielder,Attacking Midfielder,e6se9kft2lf9hs92rof2pnn6c,3adj8hkws0z1al232bg2h6tk0,Stade Brestois 29,Brest,Brest,BRE,548831,e6se9kft2lf9hs92rof2pnn6c,862,3adj8hkws0z1al232bg2h6tk0
Axel Tuanzebe,180804.0,1.0,90.0,0.0,0.25,-0.25,2.0,1.0,0.0,0.13,Axel,Tuanzebe,1997-11-14,28.86,138.0,4.0,Defender,Central Defender,cr74l0rwvkf4yck0go4esw44p,9bxav814mkuhueiyivyive82d,Association Jeunesse Auxerroise,Auxerre,Auxerre,AJA,5.0,39.786,2.0,-4.095,0.0,0.0,0.0,0.0,7.957,-2.047,0.0,1.0,6.0,0.0,6.0,2.0,2.0,100.0,1.0,1.0,100.0,,,,,,,,,,180804.0,90.0,1.0,0.0,0.0,0.0,0.0,0.003,0.003,0.0,0.0,Axel,Tuanzebe,1997-11-14,28.86,138.0,4.0,Defender,Central Defender,cr74l0rwvkf4yck0go4esw44p,9bxav814mkuhueiyivyive82d,Association Jeunesse Auxerroise,Auxerre,Auxerre,AJA,180804.0,90.0,1.0,25.0,24.0,96.0,0.0,0.0,0.0,0.0,0.0,0.0,0.0,0.0,0.0,Axel,Tuanzebe,1997-11-14,28.86,138.0,4.0,Defender,Central Defender,cr74l0rwvkf4yck0go4esw44p,9bxav814mkuhueiyivyive82d,Association Jeunesse Auxerroise,Auxerre,Auxerre,AJA,180804,cr74l0rwvkf4yck0go4esw44p,138,9bxav814mkuhueiyivyive82d
Axel Witsel,41189.0,3.0,232.0,0.0,0.7,-0.7,4.0,1.0,0.0,0.18,Axel,Witsel,1989-01-12,37.71,1395.0,28.0,Midfielder,Defensive Midfielder,59234as8h70fejyfm7492np3p,bx0cdmzr2gwr70ez72dorx82p,OGC Nice Côte d'Azur,Nice,Nice,NIC,26.0,247.683,9.0,38.955,0.0,0.0,0.0,0.0,9.526,4.328,1.0,6.0,19.0,1.0,0.0,12.0,5.0,41.667,3.0,0.0,0.0,,,,,,,,,,41189.0,232.0,3.0,2.0,2.0,1.32,0.0,0.073,0.073,0.0,0.0,Axel,Witsel,1989-01-12,37.71,1395.0,28.0,Midfielder,Defensive Midfielder,59234as8h70fejyfm7492np3p,bx0cdmzr2gwr70ez72dorx82p,OGC Nice Côte d'Azur,Nice,Nice,NIC,41189.0,232.0,3.0,154.0,147.0,95.45,34.0,31.0,91.18,0.0,0.0,0.0,0.0,0.0,0.0,Axel,Witsel,1989-01-12,37.71,1395.0,28.0,Midfielder,Defensive Midfielder,59234as8h70fejyfm7492np3p,bx0cdmzr2gwr70ez72dorx82p,OGC Nice Côte d'Azur,Nice,Nice,NIC,41189,59234as8h70fejyfm7492np3p,1395,bx0cdmzr2gwr70ez72dorx82p
Ayase Ueda,451341.0,2.0,104.0,1.0,1.08,-0.08,5.0,3.0,20.0,0.22,Ayase,Ueda,1998-08-28,28.08,429.0,18.0,Forward,Striker,8d0ffyx2qnnp0limf5aou92ei,be2k34rut1lz79jxenabttqlc,Lille OSC,Lille,Lille,LIL,7.0,58.528,3.0,26.04,2.0,0.0,0.0,0.0,8.361,8.68,0.0,0.0,2.0,0.0,1.0,10.0,1.0,10.0,4.0,1.0,25.0,,,,,,,,,,451341.0,104.0,2.0,1.0,1.0,5.56,0.0,0.144,0.144,0.0,0.0,Ayase,Ueda,1998-08-28,28.08,429.0,18.0,Forward,Striker,8d0ffyx2qnnp0limf5aou92ei,be2k34rut1lz79jxenabttqlc,Lille OSC,Lille,Lille,LIL,451341.0,104.0,2.0,18.0,16.0,88.89,9.0,8.0,88.89,0.0,0.0,0.0,0.0,0.0,0.0,Ayase,Ueda,1998-08-28,28.08,429.0,18.0,Forward,Striker,8d0ffyx2qnnp0limf5aou92ei,be2k34rut1lz79jxenabttqlc,Lille OSC,Lille,Lille,LIL,451341,8d0ffyx2qnnp0limf5aou92ei,429,be2k34rut1lz79jxenabttqlc
Aymen Amaaouch,672306.0,0.0,0.0,0.0,0.0,0.0,0.0,0.0,0.0,0.0,Aymen,Amaaouch,2009-09-30,16.98,427.0,49.0,Forward,0,672306,4aghw9tyi8ba3ju1ne83gmf9w,Toulouse FC,Toulouse,Toulouse,TFC,0.0,0.0,0.0,0.0,0.0,0.0,0.0,0.0,0.0,0.0,0.0,0.0,0.0,0.0,0.0,0.0,0.0,0.0,0.0,0.0,0.0,,,,,,,,,,672306.0,0.0,0.0,0.0,0.0,0.0,0.0,0.0,0.0,0.0,0.0,Aymen,Amaaouch,2009-09-30,16.98,427.0,49.0,Forward,0,672306,4aghw9tyi8ba3ju1ne83gmf9w,Toulouse FC,Toulouse,Toulouse,TFC,672306.0,0.0,0.0,0.0,0.0,0.0,0.0,0.0,0.0,0.0,0.0,0.0,0.0,0.0,0.0,Aymen,Amaaouch,2009-09-30,16.98,427.0,49.0,Forward,0,672306,4aghw9tyi8ba3ju1ne83gmf9w,Toulouse FC,Toulouse,Toulouse,TFC,672306,672306,427,4aghw9tyi8ba3ju1ne83gmf9w
Ayumu Seko,219268.0,4.0,360.0,0.0,0.22,-0.22,3.0,0.0,0.0,0.07,Ayumu,Seko,2000-06-07,26.3,141.0,15.0,Defender,Central Defender,1anl1jfwm7l4p3y0tmyvueiuh,23pqcgxu1tip265hbe01kszbt,Le Havre AC,Le Havre,Le Havre,HAC,36.0,420.896,25.0,282.345,0.0,0.0,1.0,0.0,11.692,11.294,4.0,6.0,10.0,3.0,21.0,13.0,6.0,46.154,8.0,6.0,75.0,,,,,,,,,,219268.0,360.0,4.0,6.0,5.0,2.63,16.67,0.242,0.241,0.0,0.0,Ayumu,Seko,2000-06-07,26.3,141.0,15.0,Defender,Central Defender,1anl1jfwm7l4p3y0tmyvueiuh,23pqcgxu1tip265hbe01kszbt,Le Havre AC,Le Havre,Le Havre,HAC,219268.0,360.0,4.0,198.0,171.0,86.36,44.0,34.0,77.27,1.0,1.0,100.0,1.0,1.0,100.0,Ayumu,Seko,2000-06-07,26.3,141.0,15.0,Defender,Central Defender,1anl1jfwm7l4p3y0tmyvueiuh,23pqcgxu1tip265hbe01kszbt,Le Havre AC,Le Havre,Le Havre,HAC,219268,1anl1jfwm7l4p3y0tmyvueiuh,141,23pqcgxu1tip265hbe01kszbt
Bamo Meïté,544099.0,0.0,0.0,0.0,0.0,0.0,0.0,0.0,0.0,0.0,Bamo,Meïté,2001-12-03,24.81,144.0,18.0,Defender,Central Defender,544099,27xvwccz8kpmqsefjv2b2sc0o,Olympique de Marseille,Olympique Marseille,Marseille,OM,0.0,0.0,0.0,0.0,0.0,0.0,0.0,0.0,0.0,0.0,0.0,0.0,0.0,0.0,0.0,0.0,0.0,0.0,0.0,0.0,0.0,,,,,,,,,,544099.0,0.0,0.0,0.0,0.0,0.0,0.0,0.0,0.0,0.0,0.0,Bamo,Meïté,2001-12-03,24.81,144.0,18.0,Defender,Central Defender,544099,27xvwccz8kpmqsefjv2b2sc0o,Olympique de Marseille,Olympique Marseille,Marseille,OM,544099.0,0.0,0.0,0.0,0.0,0.0,0.0,0.0,0.0,0.0,0.0,0.0,0.0,0.0,0.0,Bamo,Meïté,2001-12-03,24.81,144.0,18.0,Defender,Central Defender,544099,27xvwccz8kpmqsefjv2b2sc0o,Olympique de Marseille,Olympique Marseille,Marseille,OM,544099,544099,144,27xvwccz8kpmqsefjv2b2sc0o
Bandiougou Fadiga,465681.0,0.0,0.0,0.0,0.0,0.0,0.0,0.0,0.0,0.0,Bandiougou,Fadiga,2001-01-15,25.69,694.0,7.0,Midfielder,Attacking Midfielder,465681,70nn27vgkt6l48lvv5e66q7ww,FC Lorient,Lorient,Lorient,FCL,0.0,0.0,0.0,0.0,0.0,0.0,0.0,0.0,0.0,0.0,0.0,0.0,0.0,0.0,0.0,0.0,0.0,0.0,0.0,0.0,0.0,,,,,,,,,,465681.0,0.0,0.0,0.0,0.0,0.0,0.0,0.0,0.0,0.0,0.0,Bandiougou,Fadiga,2001-01-15,25.69,694.0,7.0,Midfielder,Attacking Midfielder,465681,70nn27vgkt6l48lvv5e66q7ww,FC Lorient,Lorient,Lorient,FCL,465681.0,0.0,0.0,0.0,0.0,0.0,0.0,0.0,0.0,0.0,0.0,0.0,0.0,0.0,0.0,Bandiougou,Fadiga,2001-01-15,25.69,694.0,7.0,Midfielder,Attacking Midfielder,465681,70nn27vgkt6l48lvv5e66q7ww,FC Lorient,Lorient,Lorient,FCL,465681,465681,694,70nn27vgkt6l48lvv5e66q7ww
Bané Diatta,737638.0,4.0,123.0,0.0,0.0,0.0,0.0,0.0,0.0,0.0,Bané,Diatta,2008-06-27,18.24,2128.0,36.0,Midfielder,Defensive Midfielder,bpwjiomcefvhknhvx6k8tufbo,75qj99fhg5c0ztj2tva5u4uii,Angers Sporting Club de l'Ouest,Angers,Angers,SCO,11.0,97.901,3.0,2.31,0.0,0.0,0.0,0.0,8.9,0.77,3.0,1.0,5.0,0.0,1.0,15.0,8.0,53.333,2.0,1.0,50.0,,,,,,,,,,737638.0,123.0,4.0,0.0,0.0,0.0,0.0,0.016,0.016,0.0,0.0,Bané,Diatta,2008-06-27,18.24,2128.0,36.0,Midfielder,Defensive Midfielder,bpwjiomcefvhknhvx6k8tufbo,75qj99fhg5c0ztj2tva5u4uii,Angers Sporting Club de l'Ouest,Angers,Angers,SCO,737638.0,123.0,4.0,40.0,35.0,87.5,4.0,3.0,75.0,1.0,1.0,100.0,0.0,0.0,0.0,Bané,Diatta,2008-06-27,18.24,2128.0,36.0,Midfielder,Defensive Midfielder,bpwjiomcefvhknhvx6k8tufbo,75qj99fhg5c0ztj2tva5u4uii,Angers Sporting Club de l'Ouest,Angers,Angers,SCO,737638,bpwjiomcefvhknhvx6k8tufbo,2128,75qj99fhg5c0ztj2tva5u4uii
Basar Önal,574035.0,3.0,147.0,0.0,0.0,0.0,0.0,0.0,0.0,0.0,Basar,Önal,2004-07-06,22.22,429.0,19.0,Forward,Winger,ds0hd4ezvb5rw6l95rhbxtq1g,be2k34rut1lz79jxenabttqlc,Lille OSC,Lille,Lille,LIL,24.0,338.599,10.0,103.74,0.0,0.0,0.0,0.0,14.108,10.374,3.0,0.0,8.0,0.0,2.0,20.0,7.0,35.0,6.0,1.0,16.667,,,,,,,,,,574035.0,147.0,3.0,1.0,1.0,1.96,0.0,0.568,0.566,0.0,0.0,Basar,Önal,2004-07-06,22.22,429.0,19.0,Forward,Winger,ds0hd4ezvb5rw6l95rhbxtq1g,be2k34rut1lz79jxenabttqlc,Lille OSC,Lille,Lille,LIL,574035.0,147.0,3.0,51.0,39.0,76.47,24.0,15.0,62.5,1.0,0.0,0.0,0.0,0.0,0.0,Basar,Önal,2004-07-06,22.22,429.0,19.0,Forward,Winger,ds0hd4ezvb5rw6l95rhbxtq1g,be2k34rut1lz79jxenabttqlc,Lille OSC,Lille,Lille,LIL,574035,ds0hd4ezvb5rw6l95rhbxtq1g,429,be2k34rut1lz79jxenabttqlc
Benjamin André,55948.0,3.0,155.0,0.0,0.0,0.0,0.0,0.0,0.0,0.0,Benjamin,André,1990-08-03,36.15,429.0,21.0,Midfielder,Attacking Midfielder,31sljkjull0n7082fed26stzp,be2k34rut1lz79jxenabttqlc,Lille OSC,Lille,Lille,LIL,15.0,152.139,8.0,70.56,0.0,0.0,0.0,0.0,10.143,8.82,7.0,2.0,10.0,2.0,6.0,26.0,14.0,53.846,2.0,2.0,100.0,,,,,,,,,,55948.0,155.0,3.0,3.0,3.0,4.29,0.0,0.045,0.045,0.0,0.0,Benjamin,André,1990-08-03,36.15,429.0,21.0,Midfielder,Attacking Midfielder,31sljkjull0n7082fed26stzp,be2k34rut1lz79jxenabttqlc,Lille OSC,Lille,Lille,LIL,55948.0,155.0,3.0,73.0,65.0,89.04,16.0,11.0,68.75,0.0,0.0,0.0,0.0,0.0,0.0,Benjamin,André,1990-08-03,36.15,429.0,21.0,Midfielder,Attacking Midfielder,31sljkjull0n7082fed26stzp,be2k34rut1lz79jxenabttqlc,Lille OSC,Lille,Lille,LIL,55948,31sljkjull0n7082fed26stzp,429,be2k34rut1lz79jxenabttqlc
Benjamin Brantlind,648131.0,0.0,0.0,0.0,0.0,0.0,0.0,0.0,0.0,0.0,Benjamin,Brantlind,2008-08-15,18.1,153.0,45.0,Midfielder,Attacking Midfielder,648131,71ajatxnuhc5cnm3xvgdky49w,RC Strasbourg Alsace,Strasbourg,Strasbourg,STR,0.0,0.0,0.0,0.0,0.0,0.0,0.0,0.0,0.0,0.0,0.0,0.0,0.0,0.0,0.0,0.0,0.0,0.0,0.0,0.0,0.0,,,,,,,,,,648131.0,0.0,0.0,0.0,0.0,0.0,0.0,0.0,0.0,0.0,0.0,Benjamin,Brantlind,2008-08-15,18.1,153.0,45.0,Midfielder,Attacking Midfielder,648131,71ajatxnuhc5cnm3xvgdky49w,RC Strasbourg Alsace,Strasbourg,Strasbourg,STR,648131.0,0.0,0.0,0.0,0.0,0.0,0.0,0.0,0.0,0.0,0.0,0.0,0.0,0.0,0.0,Benjamin,Brantlind,2008-08-15,18.1,153.0,45.0,Midfielder,Attacking Midfielder,648131,71ajatxnuhc5cnm3xvgdky49w,RC Strasbourg Alsace,Strasbourg,Strasbourg,STR,648131,648131,153,71ajatxnuhc5cnm3xvgdky49w
Beraldo,534317.0,2.0,84.0,0.0,0.0,0.0,0.0,0.0,0.0,0.0,Lucas,Lopes Beraldo,2003-11-24,22.83,149.0,4.0,Defender,Central Defender,39qaf8nu4uz9g5dgymulxtrmc,2b3mar72yy8d6uvat1ka6tn3r,Paris Saint-Germain FC,Paris Saint-Germain,Paris SG,PSG,14.0,126.405,8.0,69.405,0.0,0.0,0.0,0.0,9.029,8.676,2.0,0.0,3.0,1.0,1.0,4.0,3.0,75.0,1.0,1.0,100.0,,,,,,,,,,534317.0,84.0,2.0,0.0,0.0,0.0,0.0,0.114,0.114,0.0,0.0,Lucas,Lopes Beraldo,2003-11-24,22.83,149.0,4.0,Defender,Central Defender,39qaf8nu4uz9g5dgymulxtrmc,2b3mar72yy8d6uvat1ka6tn3r,Paris Saint-Germain FC,Paris Saint-Germain,Paris SG,PSG,534317.0,84.0,2.0,58.0,51.0,87.93,14.0,10.0,71.43,0.0,0.0,0.0,0.0,0.0,0.0,Lucas,Lopes Beraldo,2003-11-24,22.83,149.0,4.0,Defender,Central Defender,39qaf8nu4uz9g5dgymulxtrmc,2b3mar72yy8d6uvat1ka6tn3r,Paris Saint-Germain FC,Paris Saint-Germain,Paris SG,PSG,534317,39qaf8nu4uz9g5dgymulxtrmc,149,2b3mar72yy8d6uvat1ka6tn3r
Berke Özer,,,,,,,,,,,,,,,,,,,,,,,,,,,,,,,,,,,,,,,,,,,,,,360.0,100.0,0.0,2.0,14.0,87.5,2.69,2.0,4.69,,,,,,,,,,,,,,,,,,,,,,,,,,,,,,,,,,,,,,,,,,,,,,,,,,,,,,,424992,eaf4b3le808xp7j4rejomxf55,429,be2k34rut1lz79jxenabttqlc
Billal Brahimi,437670.0,2.0,38.0,0.0,0.0,0.0,0.0,0.0,0.0,0.0,Billal,Brahimi,2000-03-14,26.53,920.0,7.0,Forward,Winger,5ak9fwtqlr2pll0nsv5br7p7u,bj8hrmj01r3zit0x8r6qm2eu2,Le Mans FC,Le Mans,Le Mans,LEM,7.0,77.322,3.0,17.325,0.0,0.0,0.0,0.0,11.046,5.775,1.0,1.0,4.0,0.0,0.0,8.0,3.0,37.5,2.0,0.0,0.0,,,,,,,,,,437670.0,38.0,2.0,1.0,1.0,5.0,0.0,0.045,0.045,0.0,0.0,Billal,Brahimi,2000-03-14,26.53,920.0,7.0,Forward,Winger,5ak9fwtqlr2pll0nsv5br7p7u,bj8hrmj01r3zit0x8r6qm2eu2,Le Mans FC,Le Mans,Le Mans,LEM,437670.0,38.0,2.0,20.0,16.0,80.0,10.0,6.0,60.0,1.0,1.0,100.0,0.0,0.0,0.0,Billal,Brahimi,2000-03-14,26.53,920.0,7.0,Forward,Winger,5ak9fwtqlr2pll0nsv5br7p7u,bj8hrmj01r3zit0x8r6qm2eu2,Le Mans FC,Le Mans,Le Mans,LEM,437670,5ak9fwtqlr2pll0nsv5br7p7u,920,bj8hrmj01r3zit0x8r6qm2eu2
Boulaye Dia,468488.0,2.0,13.0,0.0,0.0,0.0,0.0,0.0,0.0,0.0,Boulaye,Dia,1996-11-16,29.86,150.0,22.0,Forward,Striker,3mqhkh4iz4kesvmqui3hupgmi,z1wbqtd0fz5t5eezjvrbld3h,Stade Rennais FC,Rennes,Rennes,REN,2.0,14.374,0.0,-5.355,0.0,0.0,0.0,0.0,7.187,0.0,0.0,0.0,3.0,0.0,0.0,1.0,0.0,0.0,1.0,0.0,0.0,,,,,,,,,,468488.0,13.0,2.0,1.0,1.0,9.09,0.0,0.034,0.034,0.0,0.0,Boulaye,Dia,1996-11-16,29.86,150.0,22.0,Forward,Striker,3mqhkh4iz4kesvmqui3hupgmi,z1wbqtd0fz5t5eezjvrbld3h,Stade Rennais FC,Rennes,Rennes,REN,468488.0,13.0,2.0,11.0,9.0,81.82,4.0,3.0,75.0,0.0,0.0,0.0,0.0,0.0,0.0,Boulaye,Dia,1996-11-16,29.86,150.0,22.0,Forward,Striker,3mqhkh4iz4kesvmqui3hupgmi,z1wbqtd0fz5t5eezjvrbld3h,Stade Rennais FC,Rennes,Rennes,REN,468488,3mqhkh4iz4kesvmqui3hupgmi,150,z1wbqtd0fz5t5eezjvrbld3h
Brad-Hamilton Mantsounga,619372.0,0.0,0.0,0.0,0.0,0.0,0.0,0.0,0.0,0.0,Brad-Hamilton,Mantsounga,2007-09-06,19.05,1395.0,36.0,Defender,Central Defender,619372,bx0cdmzr2gwr70ez72dorx82p,OGC Nice Côte d'Azur,Nice,Nice,NIC,0.0,0.0,0.0,0.0,0.0,0.0,0.0,0.0,0.0,0.0,0.0,0.0,0.0,0.0,0.0,0.0,0.0,0.0,0.0,0.0,0.0,,,,,,,,,,619372.0,0.0,0.0,0.0,0.0,0.0,0.0,0.0,0.0,0.0,0.0,Brad-Hamilton,Mantsounga,2007-09-06,19.05,1395.0,36.0,Defender,Central Defender,619372,bx0cdmzr2gwr70ez72dorx82p,OGC Nice Côte d'Azur,Nice,Nice,NIC,619372.0,0.0,0.0,0.0,0.0,0.0,0.0,0.0,0.0,0.0,0.0,0.0,0.0,0.0,0.0,Brad-Hamilton,Mantsounga,2007-09-06,19.05,1395.0,36.0,Defender,Central Defender,619372,bx0cdmzr2gwr70ez72dorx82p,OGC Nice Côte d'Azur,Nice,Nice,NIC,619372,619372,1395,bx0cdmzr2gwr70ez72dorx82p
Bradley Locko,546635.0,4.0,358.0,0.0,0.0,0.0,0.0,0.0,0.0,0.0,Bradley,Locko,2002-05-06,24.39,862.0,2.0,Defender,Full Back,2ds26ub6ho0baamsjcmh7mmfo,3adj8hkws0z1al232bg2h6tk0,Stade Brestois 29,Brest,Brest,BRE,51.0,569.543,34.0,368.445,0.0,0.0,1.0,0.0,11.168,10.837,11.0,7.0,21.0,1.0,13.0,29.0,21.0,72.414,6.0,4.0,66.667,,,,,,,,,,546635.0,358.0,4.0,4.0,4.0,2.52,0.0,0.367,0.364,0.0,0.0,Bradley,Locko,2002-05-06,24.39,862.0,2.0,Defender,Full Back,2ds26ub6ho0baamsjcmh7mmfo,3adj8hkws0z1al232bg2h6tk0,Stade Brestois 29,Brest,Brest,BRE,546635.0,358.0,4.0,162.0,127.0,78.4,51.0,38.0,74.51,16.0,4.0,25.0,0.0,0.0,0.0,Bradley,Locko,2002-05-06,24.39,862.0,2.0,Defender,Full Back,2ds26ub6ho0baamsjcmh7mmfo,3adj8hkws0z1al232bg2h6tk0,Stade Brestois 29,Brest,Brest,BRE,546635,2ds26ub6ho0baamsjcmh7mmfo,862,3adj8hkws0z1al232bg2h6tk0
Branco van den Boomen,174969.0,4.0,360.0,1.0,0.06,0.94,3.0,1.0,33.33,0.02,Branco,van den Boomen,1995-07-21,31.18,2128.0,8.0,Midfielder,Central Midfielder,2rsqkarlkh6z8vrb0clfbz6xh,75qj99fhg5c0ztj2tva5u4uii,Angers Sporting Club de l'Ouest,Angers,Angers,SCO,52.0,472.084,24.0,206.22,0.0,0.0,1.0,0.0,9.079,8.592,8.0,1.0,14.0,0.0,7.0,21.0,11.0,52.381,0.0,0.0,0.0,,,,,,,,,,174969.0,360.0,4.0,11.0,2.0,0.94,72.73,1.049,0.085,1.0,0.0,Branco,van den Boomen,1995-07-21,31.18,2128.0,8.0,Midfielder,Central Midfielder,2rsqkarlkh6z8vrb0clfbz6xh,75qj99fhg5c0ztj2tva5u4uii,Angers Sporting Club de l'Ouest,Angers,Angers,SCO,174969.0,360.0,4.0,235.0,196.0,83.4,83.0,59.0,71.08,7.0,0.0,0.0,0.0,0.0,0.0,Branco,van den Boomen,1995-07-21,31.18,2128.0,8.0,Midfielder,Central Midfielder,2rsqkarlkh6z8vrb0clfbz6xh,75qj99fhg5c0ztj2tva5u4uii,Angers Sporting Club de l'Ouest,Angers,Angers,SCO,174969,2rsqkarlkh6z8vrb0clfbz6xh,2128,75qj99fhg5c0ztj2tva5u4uii
Brice Samba,,,,,,,,,,,,,,,,,,,,,,,,,,,,,,,,,,,,,,,,,,,,,,360.0,75.0,0.0,3.0,10.0,76.92,0.72,1.0,3.72,,,,,,,,,,,,,,,,,,,,,,,,,,,,,,,,,,,,,,,,,,,,,,,,,,,,,,,102836,25cggz2egeqce47yijxadsslx,150,z1wbqtd0fz5t5eezjvrbld3h
Bryan Reynolds,223353.0,2.0,24.0,0.0,0.0,0.0,0.0,0.0,0.0,0.0,Bryan,Reynolds,2001-06-28,25.24,150.0,14.0,Defender,Full Back,e2z19y8is5m24brpa3gzn02qx,z1wbqtd0fz5t5eezjvrbld3h,Stade Rennais FC,Rennes,Rennes,REN,2.0,24.783,2.0,24.78,0.0,0.0,0.0,0.0,12.392,12.39,1.0,1.0,1.0,0.0,3.0,5.0,3.0,60.0,0.0,0.0,0.0,,,,,,,,,,223353.0,24.0,2.0,0.0,0.0,0.0,0.0,0.002,0.002,0.0,0.0,Bryan,Reynolds,2001-06-28,25.24,150.0,14.0,Defender,Full Back,e2z19y8is5m24brpa3gzn02qx,z1wbqtd0fz5t5eezjvrbld3h,Stade Rennais FC,Rennes,Rennes,REN,223353.0,24.0,2.0,10.0,8.0,80.0,2.0,2.0,100.0,1.0,0.0,0.0,0.0,0.0,0.0,Bryan,Reynolds,2001-06-28,25.24,150.0,14.0,Defender,Full Back,e2z19y8is5m24brpa3gzn02qx,z1wbqtd0fz5t5eezjvrbld3h,Stade Rennais FC,Rennes,Rennes,REN,223353,e2z19y8is5m24brpa3gzn02qx,150,z1wbqtd0fz5t5eezjvrbld3h
CJ Egan-Riley,432711.0,4.0,345.0,0.0,0.0,0.0,0.0,0.0,0.0,0.0,CJ,Egan-Riley,2003-01-02,23.73,144.0,4.0,Defender,Central Defender,1xofhzib5lyqx285j8x36xg8a,27xvwccz8kpmqsefjv2b2sc0o,Olympique de Marseille,Olympique Marseille,Marseille,OM,56.0,508.691,26.0,249.795,0.0,0.0,0.0,0.0,9.084,9.608,7.0,6.0,19.0,3.0,24.0,13.0,11.0,84.615,10.0,10.0,100.0,,,,,,,,,,432711.0,345.0,4.0,1.0,1.0,0.36,0.0,0.146,0.146,0.0,0.0,CJ,Egan-Riley,2003-01-02,23.73,144.0,4.0,Defender,Central Defender,1xofhzib5lyqx285j8x36xg8a,27xvwccz8kpmqsefjv2b2sc0o,Olympique de Marseille,Olympique Marseille,Marseille,OM,432711.0,345.0,4.0,280.0,263.0,93.93,25.0,19.0,76.0,0.0,0.0,0.0,1.0,1.0,100.0,CJ,Egan-Riley,2003-01-02,23.73,144.0,4.0,Defender,Central Defender,1xofhzib5lyqx285j8x36xg8a,27xvwccz8kpmqsefjv2b2sc0o,Olympique de Marseille,Olympique Marseille,Marseille,OM,432711,1xofhzib5lyqx285j8x36xg8a,144,27xvwccz8kpmqsefjv2b2sc0o
Calvin Verdonk,180182.0,3.0,69.0,0.0,0.01,-0.01,1.0,0.0,0.0,0.01,Calvin,Verdonk,1997-04-26,29.42,429.0,24.0,Defender,Full Back,6dd248q0adq6su677bw2kk2c5,be2k34rut1lz79jxenabttqlc,Lille OSC,Lille,Lille,LIL,5.0,52.783,2.0,9.66,0.0,0.0,0.0,0.0,10.557,4.83,4.0,0.0,4.0,0.0,3.0,6.0,4.0,66.667,0.0,0.0,0.0,,,,,,,,,,180182.0,69.0,3.0,0.0,0.0,0.0,0.0,0.026,0.026,0.0,0.0,Calvin,Verdonk,1997-04-26,29.42,429.0,24.0,Defender,Full Back,6dd248q0adq6su677bw2kk2c5,be2k34rut1lz79jxenabttqlc,Lille OSC,Lille,Lille,LIL,180182.0,69.0,3.0,34.0,25.0,73.53,9.0,6.0,66.67,0.0,0.0,0.0,0.0,0.0,0.0,Calvin,Verdonk,1997-04-26,29.42,429.0,24.0,Defender,Full Back,6dd248q0adq6su677bw2kk2c5,be2k34rut1lz79jxenabttqlc,Lille OSC,Lille,Lille,LIL,180182,6dd248q0adq6su677bw2kk2c5,429,be2k34rut1lz79jxenabttqlc
Cameron Archer,433979.0,2.0,164.0,2.0,1.49,0.51,5.0,3.0,40.0,0.3,Cameron,Archer,2001-12-09,24.79,138.0,9.0,Forward,Striker,7gaf68yeu28zp80kkb0tqgpd6,9bxav814mkuhueiyivyive82d,Association Jeunesse Auxerroise,Auxerre,Auxerre,AJA,12.0,137.851,8.0,105.63,3.0,1.0,0.0,0.0,11.488,13.204,0.0,1.0,7.0,2.0,0.0,15.0,3.0,20.0,4.0,1.0,25.0,,,,,,,,,,433979.0,164.0,2.0,1.0,1.0,5.0,0.0,0.351,0.351,0.0,0.0,Cameron,Archer,2001-12-09,24.79,138.0,9.0,Forward,Striker,7gaf68yeu28zp80kkb0tqgpd6,9bxav814mkuhueiyivyive82d,Association Jeunesse Auxerroise,Auxerre,Auxerre,AJA,433979.0,164.0,2.0,24.0,19.0,79.17,12.0,8.0,66.67,1.0,0.0,0.0,1.0,0.0,0.0,Cameron,Archer,2001-12-09,24.79,138.0,9.0,Forward,Striker,7gaf68yeu28zp80kkb0tqgpd6,9bxav814mkuhueiyivyive82d,Association Jeunesse Auxerroise,Auxerre,Auxerre,AJA,433979,7gaf68yeu28zp80kkb0tqgpd6,138,9bxav814mkuhueiyivyive82d
Carlens Arcus,209171.0,4.0,253.0,1.0,0.22,0.78,3.0,1.0,33.33,0.07,Carlens,Arcus,1996-06-28,30.24,2128.0,2.0,Defender,Full Back,d3qx3gwypipcl2azrj9ing9ud,75qj99fhg5c0ztj2tva5u4uii,Angers Sporting Club de l'Ouest,Angers,Angers,SCO,27.0,268.069,10.0,48.09,0.0,0.0,0.0,0.0,9.928,4.809,5.0,4.0,12.0,1.0,8.0,11.0,5.0,45.455,4.0,2.0,50.0,,,,,,,,,,209171.0,253.0,4.0,4.0,4.0,4.17,0.0,0.278,0.275,0.0,0.0,Carlens,Arcus,1996-06-28,30.24,2128.0,2.0,Defender,Full Back,d3qx3gwypipcl2azrj9ing9ud,75qj99fhg5c0ztj2tva5u4uii,Angers Sporting Club de l'Ouest,Angers,Angers,SCO,209171.0,253.0,4.0,100.0,89.0,89.0,24.0,20.0,83.33,10.0,4.0,40.0,0.0,0.0,0.0,Carlens,Arcus,1996-06-28,30.24,2128.0,2.0,Defender,Full Back,d3qx3gwypipcl2azrj9ing9ud,75qj99fhg5c0ztj2tva5u4uii,Angers Sporting Club de l'Ouest,Angers,Angers,SCO,209171,d3qx3gwypipcl2azrj9ing9ud,2128,75qj99fhg5c0ztj2tva5u4uii
Casper Tengstedt,477682.0,2.0,70.0,1.0,1.31,-0.31,5.0,1.0,20.0,0.26,Casper,Tengstedt,2000-06-01,26.32,427.0,20.0,Forward,Striker,3o4tq8qooplx2izq9rucgu7d,4aghw9tyi8ba3ju1ne83gmf9w,Toulouse FC,Toulouse,Toulouse,TFC,2.0,13.718,0.0,-2.835,0.0,0.0,0.0,0.0,6.859,0.0,0.0,0.0,0.0,0.0,0.0,5.0,0.0,0.0,1.0,0.0,0.0,,,,,,,,,,477682.0,70.0,2.0,1.0,1.0,6.25,0.0,0.258,0.258,0.0,0.0,Casper,Tengstedt,2000-06-01,26.32,427.0,20.0,Forward,Striker,3o4tq8qooplx2izq9rucgu7d,4aghw9tyi8ba3ju1ne83gmf9w,Toulouse FC,Toulouse,Toulouse,TFC,477682.0,70.0,2.0,16.0,14.0,87.5,9.0,7.0,77.78,1.0,0.0,0.0,0.0,0.0,0.0,Casper,Tengstedt,2000-06-01,26.32,427.0,20.0,Forward,Striker,3o4tq8qooplx2izq9rucgu7d,4aghw9tyi8ba3ju1ne83gmf9w,Toulouse FC,Toulouse,Toulouse,TFC,477682,3o4tq8qooplx2izq9rucgu7d,427,4aghw9tyi8ba3ju1ne83gmf9w
Charlie Cresswell,492373.0,4.0,360.0,0.0,0.09,-0.09,2.0,0.0,0.0,0.05,Charlie,Cresswell,2002-08-17,24.1,150.0,4.0,Defender,Central Defender,aarmpoi343teu4medudpl49ka,z1wbqtd0fz5t5eezjvrbld3h,Stade Rennais FC,Rennes,Rennes,REN,69.0,640.865,32.0,307.23,0.0,0.0,0.0,0.0,9.288,9.601,3.0,3.0,15.0,5.0,22.0,12.0,6.0,50.0,29.0,19.0,65.517,,,,,,,,,,492373.0,360.0,4.0,0.0,0.0,0.0,0.0,0.038,0.038,0.0,0.0,Charlie,Cresswell,2002-08-17,24.1,150.0,4.0,Defender,Central Defender,aarmpoi343teu4medudpl49ka,z1wbqtd0fz5t5eezjvrbld3h,Stade Rennais FC,Rennes,Rennes,REN,492373.0,360.0,4.0,243.0,207.0,85.19,31.0,20.0,64.52,1.0,0.0,0.0,0.0,0.0,0.0,Charlie,Cresswell,2002-08-17,24.1,150.0,4.0,Defender,Central Defender,aarmpoi343teu4medudpl49ka,z1wbqtd0fz5t5eezjvrbld3h,Stade Rennais FC,Rennes,Rennes,REN,492373,aarmpoi343teu4medudpl49ka,150,z1wbqtd0fz5t5eezjvrbld3h
Christ Batola,672304.0,0.0,0.0,0.0,0.0,0.0,0.0,0.0,0.0,0.0,Christ,Batola,2009-06-03,17.3,154.0,37.0,Forward,0,672304,3unkqo2g6ag99gd5ynz1j7vse,Espérance Sportive Troyes Aube Champagne,Troyes,Troyes,TRO,0.0,0.0,0.0,0.0,0.0,0.0,0.0,0.0,0.0,0.0,0.0,0.0,0.0,0.0,0.0,0.0,0.0,0.0,0.0,0.0,0.0,,,,,,,,,,672304.0,0.0,0.0,0.0,0.0,0.0,0.0,0.0,0.0,0.0,0.0,Christ,Batola,2009-06-03,17.3,154.0,37.0,Forward,0,672304,3unkqo2g6ag99gd5ynz1j7vse,Espérance Sportive Troyes Aube Champagne,Troyes,Troyes,TRO,672304.0,0.0,0.0,0.0,0.0,0.0,0.0,0.0,0.0,0.0,0.0,0.0,0.0,0.0,0.0,Christ,Batola,2009-06-03,17.3,154.0,37.0,Forward,0,672304,3unkqo2g6ag99gd5ynz1j7vse,Espérance Sportive Troyes Aube Champagne,Troyes,Troyes,TRO,672304,672304,154,3unkqo2g6ag99gd5ynz1j7vse
Christ Makosso,620069.0,3.0,215.0,0.0,0.0,0.0,0.0,0.0,0.0,0.0,Christ,Makosso,2004-05-09,22.38,138.0,15.0,Defender,Central Defender,4o8pw1qn0edeihbsiau2hsowk,9bxav814mkuhueiyivyive82d,Association Jeunesse Auxerroise,Auxerre,Auxerre,AJA,13.0,149.312,8.0,101.745,0.0,0.0,1.0,1.0,11.486,12.718,3.0,6.0,8.0,3.0,23.0,9.0,5.0,55.556,5.0,3.0,60.0,,,,,,,,,,620069.0,215.0,3.0,2.0,2.0,1.33,0.0,0.212,0.212,1.0,1.0,Christ,Makosso,2004-05-09,22.38,138.0,15.0,Defender,Central Defender,4o8pw1qn0edeihbsiau2hsowk,9bxav814mkuhueiyivyive82d,Association Jeunesse Auxerroise,Auxerre,Auxerre,AJA,620069.0,215.0,3.0,78.0,63.0,80.77,15.0,9.0,60.0,3.0,0.0,0.0,1.0,1.0,100.0,Christ,Makosso,2004-05-09,22.38,138.0,15.0,Defender,Central Defender,4o8pw1qn0edeihbsiau2hsowk,9bxav814mkuhueiyivyive82d,Association Jeunesse Auxerroise,Auxerre,Auxerre,AJA,620069,4o8pw1qn0edeihbsiau2hsowk,138,9bxav814mkuhueiyivyive82d
Christ Tapé,659285.0,4.0,354.0,1.0,1.62,-0.62,5.0,2.0,20.0,0.32,Christ,Tapé,2006-03-02,20.56,427.0,12.0,Defender,Full Back,bdz03qovxerzrv12lgljae1p0,4aghw9tyi8ba3ju1ne83gmf9w,Toulouse FC,Toulouse,Toulouse,TFC,46.0,483.564,24.0,208.32,0.0,0.0,0.0,0.0,10.512,8.68,2.0,4.0,18.0,3.0,15.0,20.0,9.0,45.0,9.0,5.0,55.556,,,,,,,,,,659285.0,354.0,4.0,4.0,4.0,2.52,0.0,0.338,0.337,0.0,0.0,Christ,Tapé,2006-03-02,20.56,427.0,12.0,Defender,Full Back,bdz03qovxerzrv12lgljae1p0,4aghw9tyi8ba3ju1ne83gmf9w,Toulouse FC,Toulouse,Toulouse,TFC,659285.0,354.0,4.0,162.0,139.0,85.8,52.0,44.0,84.62,8.0,1.0,12.5,0.0,0.0,0.0,Christ,Tapé,2006-03-02,20.56,427.0,12.0,Defender,Full Back,bdz03qovxerzrv12lgljae1p0,4aghw9tyi8ba3ju1ne83gmf9w,Toulouse FC,Toulouse,Toulouse,TFC,659285,bdz03qovxerzrv12lgljae1p0,427,4aghw9tyi8ba3ju1ne83gmf9w
Christian Mawissa,578500.0,1.0,3.0,0.0,0.0,0.0,0.0,0.0,0.0,0.0,Christian,Mawissa,2005-04-18,21.43,146.0,13.0,Defender,Central Defender,4r5mejvmxk423kx5j3w4u3n6c,4t4hod56fsj7utpjdor8so5q6,AS Monaco FC,Monaco,Monaco,ASM,0.0,0.0,0.0,0.0,0.0,0.0,0.0,0.0,0.0,0.0,0.0,1.0,0.0,0.0,1.0,0.0,0.0,0.0,0.0,0.0,0.0,,,,,,,,,,578500.0,3.0,1.0,0.0,0.0,0.0,0.0,0.0,0.0,0.0,0.0,Christian,Mawissa,2005-04-18,21.43,146.0,13.0,Defender,Central Defender,4r5mejvmxk423kx5j3w4u3n6c,4t4hod56fsj7utpjdor8so5q6,AS Monaco FC,Monaco,Monaco,ASM,578500.0,3.0,1.0,0.0,0.0,0.0,0.0,0.0,0.0,0.0,0.0,0.0,0.0,0.0,0.0,Christian,Mawissa,2005-04-18,21.43,146.0,13.0,Defender,Central Defender,4r5mejvmxk423kx5j3w4u3n6c,4t4hod56fsj7utpjdor8so5q6,AS Monaco FC,Monaco,Monaco,ASM,578500,4r5mejvmxk423kx5j3w4u3n6c,146,4t4hod56fsj7utpjdor8so5q6
Clinton Mata,189781.0,1.0,90.0,0.0,0.0,0.0,0.0,0.0,0.0,0.0,Clinton Mukoni,Mata Pedro Lourenço,1992-11-07,33.88,143.0,22.0,Defender,Full Back,6tvnsmtj9mma96e8famksevv9,121le8unjfzug3iu9pgkqa1c7,Lyon,Olympique Lyonnais,Lyon,OL,26.0,207.137,10.0,43.89,0.0,0.0,0.0,0.0,7.967,4.389,1.0,1.0,4.0,0.0,6.0,4.0,4.0,100.0,2.0,1.0,50.0,,,,,,,,,,189781.0,90.0,1.0,0.0,0.0,0.0,0.0,0.007,0.007,0.0,0.0,Clinton Mukoni,Mata Pedro Lourenço,1992-11-07,33.88,143.0,22.0,Defender,Full Back,6tvnsmtj9mma96e8famksevv9,121le8unjfzug3iu9pgkqa1c7,Lyon,Olympique Lyonnais,Lyon,OL,189781.0,90.0,1.0,87.0,83.0,95.4,7.0,5.0,71.43,0.0,0.0,0.0,0.0,0.0,0.0,Clinton Mukoni,Mata Pedro Lourenço,1992-11-07,33.88,143.0,22.0,Defender,Full Back,6tvnsmtj9mma96e8famksevv9,121le8unjfzug3iu9pgkqa1c7,Lyon,Olympique Lyonnais,Lyon,OL,189781,6tvnsmtj9mma96e8famksevv9,143,121le8unjfzug3iu9pgkqa1c7
Clément Akpa,584863.0,4.0,360.0,0.0,0.31,-0.31,2.0,1.0,0.0,0.15,Clément,Akpa,2001-11-24,24.83,138.0,92.0,Defender,Full Back,2173tp0hk6gsx2o46hx4h5mju,9bxav814mkuhueiyivyive82d,Association Jeunesse Auxerroise,Auxerre,Auxerre,AJA,35.0,371.152,20.0,213.99,0.0,0.0,0.0,0.0,10.604,10.7,9.0,5.0,19.0,0.0,14.0,29.0,15.0,51.724,14.0,6.0,42.857,,,,,,,,,,584863.0,360.0,4.0,1.0,1.0,0.62,0.0,0.058,0.058,0.0,0.0,Clément,Akpa,2001-11-24,24.83,138.0,92.0,Defender,Full Back,2173tp0hk6gsx2o46hx4h5mju,9bxav814mkuhueiyivyive82d,Association Jeunesse Auxerroise,Auxerre,Auxerre,AJA,584863.0,360.0,4.0,168.0,127.0,75.6,49.0,25.0,51.02,3.0,2.0,66.67,0.0,0.0,0.0,Clément,Akpa,2001-11-24,24.83,138.0,92.0,Defender,Full Back,2173tp0hk6gsx2o46hx4h5mju,9bxav814mkuhueiyivyive82d,Association Jeunesse Auxerroise,Auxerre,Auxerre,AJA,584863,2173tp0hk6gsx2o46hx4h5mju,138,9bxav814mkuhueiyivyive82d
Conrad Harder,621481.0,2.0,40.0,1.0,0.26,0.74,2.0,1.0,50.0,0.13,Conrad,Harder,2005-04-07,21.46,153.0,40.0,Forward,Striker,3nok8qxxj2zl831wgvc7abxuc,71ajatxnuhc5cnm3xvgdky49w,RC Strasbourg Alsace,Strasbourg,Strasbourg,STR,6.0,87.654,4.0,59.745,2.0,1.0,0.0,0.0,14.609,14.936,1.0,0.0,0.0,0.0,0.0,3.0,2.0,66.667,7.0,2.0,28.571,,,,,,,,,,621481.0,40.0,2.0,0.0,0.0,0.0,0.0,0.003,0.003,0.0,0.0,Conrad,Harder,2005-04-07,21.46,153.0,40.0,Forward,Striker,3nok8qxxj2zl831wgvc7abxuc,71ajatxnuhc5cnm3xvgdky49w,RC Strasbourg Alsace,Strasbourg,Strasbourg,STR,621481.0,40.0,2.0,13.0,9.0,69.23,5.0,2.0,40.0,0.0,0.0,0.0,0.0,0.0,0.0,Conrad,Harder,2005-04-07,21.46,153.0,40.0,Forward,Striker,3nok8qxxj2zl831wgvc7abxuc,71ajatxnuhc5cnm3xvgdky49w,RC Strasbourg Alsace,Strasbourg,Strasbourg,STR,621481,3nok8qxxj2zl831wgvc7abxuc,153,71ajatxnuhc5cnm3xvgdky49w
Corentin Tolisso,168568.0,4.0,291.0,0.0,0.67,-0.67,6.0,3.0,0.0,0.11,Corentin,Tolisso,1994-08-03,32.15,143.0,8.0,Midfielder,Central Midfielder,d68byfvk16giaur32gqwpwded,121le8unjfzug3iu9pgkqa1c7,Lyon,Olympique Lyonnais,Lyon,OL,45.0,504.58,20.0,169.26,4.0,0.0,1.0,1.0,11.213,8.463,5.0,5.0,18.0,1.0,5.0,24.0,12.0,50.0,11.0,5.0,45.455,,,,,,,,,,168568.0,291.0,4.0,7.0,7.0,3.95,0.0,0.621,0.621,1.0,1.0,Corentin,Tolisso,1994-08-03,32.15,143.0,8.0,Midfielder,Central Midfielder,d68byfvk16giaur32gqwpwded,121le8unjfzug3iu9pgkqa1c7,Lyon,Olympique Lyonnais,Lyon,OL,168568.0,291.0,4.0,156.0,127.0,81.41,60.0,42.0,70.0,7.0,3.0,42.86,0.0,0.0,0.0,Corentin,Tolisso,1994-08-03,32.15,143.0,8.0,Midfielder,Central Midfielder,d68byfvk16giaur32gqwpwded,121le8unjfzug3iu9pgkqa1c7,Lyon,Olympique Lyonnais,Lyon,OL,168568,d68byfvk16giaur32gqwpwded,143,121le8unjfzug3iu9pgkqa1c7
Cristian Cásseres,446090.0,4.0,360.0,0.0,0.87,-0.87,5.0,1.0,0.0,0.17,Cristian,Cásseres,2000-01-20,26.68,427.0,23.0,Midfielder,0,6vjoq2kgaq2igxoh8cvq0ieax,4aghw9tyi8ba3ju1ne83gmf9w,Toulouse FC,Toulouse,Toulouse,TFC,98.0,975.266,59.0,593.25,2.0,0.0,1.0,0.0,9.952,10.055,20.0,3.0,36.0,2.0,12.0,51.0,36.0,70.588,8.0,6.0,75.0,,,,,,,,,,446090.0,360.0,4.0,15.0,11.0,2.99,13.33,1.471,1.117,3.0,1.0,Cristian,Cásseres,2000-01-20,26.68,427.0,23.0,Midfielder,0,6vjoq2kgaq2igxoh8cvq0ieax,4aghw9tyi8ba3ju1ne83gmf9w,Toulouse FC,Toulouse,Toulouse,TFC,446090.0,360.0,4.0,354.0,305.0,86.16,127.0,98.0,77.17,11.0,4.0,36.36,4.0,1.0,25.0,Cristian,Cásseres,2000-01-20,26.68,427.0,23.0,Midfielder,0,6vjoq2kgaq2igxoh8cvq0ieax,4aghw9tyi8ba3ju1ne83gmf9w,Toulouse FC,Toulouse,Toulouse,TFC,446090,6vjoq2kgaq2igxoh8cvq0ieax,427,4aghw9tyi8ba3ju1ne83gmf9w
Dame Gueye,222862.0,4.0,266.0,1.0,1.87,-0.87,5.0,1.0,20.0,0.37,Dame,Gueye,1995-08-12,31.12,920.0,25.0,Forward,Striker,3wz6sqia8nhpkwaioa9h5nb3d,bj8hrmj01r3zit0x8r6qm2eu2,Le Mans FC,Le Mans,Le Mans,LEM,11.0,173.336,3.0,36.645,0.0,0.0,0.0,0.0,15.758,12.215,4.0,2.0,5.0,0.0,7.0,13.0,5.0,38.462,37.0,17.0,45.946,,,,,,,,,,222862.0,266.0,4.0,0.0,0.0,0.0,0.0,0.029,0.029,0.0,0.0,Dame,Gueye,1995-08-12,31.12,920.0,25.0,Forward,Striker,3wz6sqia8nhpkwaioa9h5nb3d,bj8hrmj01r3zit0x8r6qm2eu2,Le Mans FC,Le Mans,Le Mans,LEM,222862.0,266.0,4.0,52.0,35.0,67.31,14.0,7.0,50.0,2.0,1.0,50.0,0.0,0.0,0.0,Dame,Gueye,1995-08-12,31.12,920.0,25.0,Forward,Striker,3wz6sqia8nhpkwaioa9h5nb3d,bj8hrmj01r3zit0x8r6qm2eu2,Le Mans FC,Le Mans,Le Mans,LEM,222862,3wz6sqia8nhpkwaioa9h5nb3d,920,bj8hrmj01r3zit0x8r6qm2eu2
Daniel Semedo,725822.0,0.0,0.0,0.0,0.0,0.0,0.0,0.0,0.0,0.0,Daniel Xavier,Semedo,2003-10-25,22.92,694.0,23.0,Midfielder,Attacking Midfielder,725822,70nn27vgkt6l48lvv5e66q7ww,FC Lorient,Lorient,Lorient,FCL,0.0,0.0,0.0,0.0,0.0,0.0,0.0,0.0,0.0,0.0,0.0,0.0,0.0,0.0,0.0,0.0,0.0,0.0,0.0,0.0,0.0,,,,,,,,,,725822.0,0.0,0.0,0.0,0.0,0.0,0.0,0.0,0.0,0.0,0.0,Daniel Xavier,Semedo,2003-10-25,22.92,694.0,23.0,Midfielder,Attacking Midfielder,725822,70nn27vgkt6l48lvv5e66q7ww,FC Lorient,Lorient,Lorient,FCL,725822.0,0.0,0.0,0.0,0.0,0.0,0.0,0.0,0.0,0.0,0.0,0.0,0.0,0.0,0.0,Daniel Xavier,Semedo,2003-10-25,22.92,694.0,23.0,Midfielder,Attacking Midfielder,725822,70nn27vgkt6l48lvv5e66q7ww,FC Lorient,Lorient,Lorient,FCL,725822,725822,694,70nn27vgkt6l48lvv5e66q7ww
Danny Namaso,209049.0,4.0,319.0,1.0,1.47,-0.47,8.0,5.0,12.5,0.18,Danny,Namaso,2000-08-28,26.07,138.0,19.0,Forward,Winger,f3zl8ymo5ttze20sffzk044q1,9bxav814mkuhueiyivyive82d,Association Jeunesse Auxerroise,Auxerre,Auxerre,AJA,34.0,357.772,21.0,175.14,2.0,0.0,3.0,0.0,10.523,8.34,8.0,0.0,11.0,0.0,4.0,36.0,16.0,44.444,12.0,7.0,58.333,,,,,,,,,,209049.0,319.0,4.0,6.0,6.0,6.9,0.0,0.162,0.161,0.0,0.0,Danny,Namaso,2000-08-28,26.07,138.0,19.0,Forward,Winger,f3zl8ymo5ttze20sffzk044q1,9bxav814mkuhueiyivyive82d,Association Jeunesse Auxerroise,Auxerre,Auxerre,AJA,209049.0,319.0,4.0,92.0,74.0,80.43,48.0,36.0,75.0,1.0,0.0,0.0,0.0,0.0,0.0,Danny,Namaso,2000-08-28,26.07,138.0,19.0,Forward,Winger,f3zl8ymo5ttze20sffzk044q1,9bxav814mkuhueiyivyive82d,Association Jeunesse Auxerroise,Auxerre,Auxerre,AJA,209049,f3zl8ymo5ttze20sffzk044q1,138,9bxav814mkuhueiyivyive82d
Daouda Traoré,587082.0,1.0,25.0,0.0,0.13,-0.13,1.0,0.0,0.0,0.13,Daouda,Traoré,2006-07-22,20.17,920.0,23.0,Midfielder,Central Midfielder,6bv51lpfscvs71wzbdddqz5sk,bj8hrmj01r3zit0x8r6qm2eu2,Le Mans FC,Le Mans,Le Mans,LEM,4.0,51.999,3.0,39.27,0.0,0.0,0.0,0.0,13.0,13.09,1.0,0.0,3.0,0.0,0.0,5.0,1.0,20.0,0.0,0.0,0.0,,,,,,,,,,587082.0,25.0,1.0,0.0,0.0,0.0,0.0,0.067,0.067,0.0,0.0,Daouda,Traoré,2006-07-22,20.17,920.0,23.0,Midfielder,Central Midfielder,6bv51lpfscvs71wzbdddqz5sk,bj8hrmj01r3zit0x8r6qm2eu2,Le Mans FC,Le Mans,Le Mans,LEM,587082.0,25.0,1.0,12.0,10.0,83.33,4.0,3.0,75.0,0.0,0.0,0.0,0.0,0.0,0.0,Daouda,Traoré,2006-07-22,20.17,920.0,23.0,Midfielder,Central Midfielder,6bv51lpfscvs71wzbdddqz5sk,bj8hrmj01r3zit0x8r6qm2eu2,Le Mans FC,Le Mans,Le Mans,LEM,587082,6bv51lpfscvs71wzbdddqz5sk,920,bj8hrmj01r3zit0x8r6qm2eu2
Daren Mosengo,664882.0,1.0,5.0,0.0,0.0,0.0,0.0,0.0,0.0,0.0,Daren,Mosengo,2006-08-11,20.12,141.0,78.0,Midfielder,Defensive Midfielder,ccjhe1cnlhrlkqzcodcij7fo4,23pqcgxu1tip265hbe01kszbt,Le Havre AC,Le Havre,Le Havre,HAC,1.0,6.032,1.0,5.985,0.0,0.0,0.0,0.0,6.032,5.985,0.0,0.0,2.0,1.0,0.0,3.0,2.0,66.667,0.0,0.0,0.0,,,,,,,,,,664882.0,5.0,1.0,0.0,0.0,0.0,0.0,0.0,0.0,0.0,0.0,Daren,Mosengo,2006-08-11,20.12,141.0,78.0,Midfielder,Defensive Midfielder,ccjhe1cnlhrlkqzcodcij7fo4,23pqcgxu1tip265hbe01kszbt,Le Havre AC,Le Havre,Le Havre,HAC,664882.0,5.0,1.0,2.0,2.0,100.0,1.0,1.0,100.0,0.0,0.0,0.0,0.0,0.0,0.0,Daren,Mosengo,2006-08-11,20.12,141.0,78.0,Midfielder,Defensive Midfielder,ccjhe1cnlhrlkqzcodcij7fo4,23pqcgxu1tip265hbe01kszbt,Le Havre AC,Le Havre,Le Havre,HAC,664882,ccjhe1cnlhrlkqzcodcij7fo4,141,23pqcgxu1tip265hbe01kszbt
David Odogu,571290.0,0.0,0.0,0.0,0.0,0.0,0.0,0.0,0.0,0.0,David,Odogu,2006-06-03,20.31,427.0,19.0,Defender,Central Defender,571290,4aghw9tyi8ba3ju1ne83gmf9w,Toulouse FC,Toulouse,Toulouse,TFC,0.0,0.0,0.0,0.0,0.0,0.0,0.0,0.0,0.0,0.0,0.0,0.0,0.0,0.0,0.0,0.0,0.0,0.0,0.0,0.0,0.0,,,,,,,,,,571290.0,0.0,0.0,0.0,0.0,0.0,0.0,0.0,0.0,0.0,0.0,David,Odogu,2006-06-03,20.31,427.0,19.0,Defender,Central Defender,571290,4aghw9tyi8ba3ju1ne83gmf9w,Toulouse FC,Toulouse,Toulouse,TFC,571290.0,0.0,0.0,0.0,0.0,0.0,0.0,0.0,0.0,0.0,0.0,0.0,0.0,0.0,0.0,David,Odogu,2006-06-03,20.31,427.0,19.0,Defender,Central Defender,571290,4aghw9tyi8ba3ju1ne83gmf9w,Toulouse FC,Toulouse,Toulouse,TFC,571290,571290,427,4aghw9tyi8ba3ju1ne83gmf9w
Dembo Sylla,591255.0,4.0,342.0,0.0,0.0,0.0,0.0,0.0,0.0,0.0,Dembo,Sylla,2002-11-10,23.87,694.0,20.0,Defender,Full Back,dqrtbk6lsscer7078jro6z3hm,70nn27vgkt6l48lvv5e66q7ww,FC Lorient,Lorient,Lorient,FCL,48.0,539.895,23.0,328.545,0.0,0.0,0.0,0.0,11.248,14.285,6.0,12.0,6.0,2.0,15.0,23.0,13.0,56.522,14.0,8.0,57.143,,,,,,,,,,591255.0,342.0,4.0,0.0,0.0,0.0,0.0,0.061,0.061,0.0,0.0,Dembo,Sylla,2002-11-10,23.87,694.0,20.0,Defender,Full Back,dqrtbk6lsscer7078jro6z3hm,70nn27vgkt6l48lvv5e66q7ww,FC Lorient,Lorient,Lorient,FCL,591255.0,342.0,4.0,193.0,172.0,89.12,34.0,28.0,82.35,5.0,0.0,0.0,0.0,0.0,0.0,Dembo,Sylla,2002-11-10,23.87,694.0,20.0,Defender,Full Back,dqrtbk6lsscer7078jro6z3hm,70nn27vgkt6l48lvv5e66q7ww,FC Lorient,Lorient,Lorient,FCL,591255,dqrtbk6lsscer7078jro6z3hm,694,70nn27vgkt6l48lvv5e66q7ww
Denis Zakaria,212701.0,4.0,360.0,0.0,0.2,-0.2,4.0,2.0,0.0,0.05,Denis,Zakaria,1996-11-20,29.85,146.0,6.0,Midfielder,Defensive Midfielder,2jc6sdkse1kxjztsgystidot1,4t4hod56fsj7utpjdor8so5q6,AS Monaco FC,Monaco,Monaco,ASM,32.0,332.427,14.0,150.465,1.0,0.0,0.0,0.0,10.388,10.748,5.0,3.0,12.0,6.0,11.0,21.0,13.0,61.905,3.0,1.0,33.333,,,,,,,,,,212701.0,360.0,4.0,0.0,0.0,0.0,0.0,0.081,0.081,0.0,0.0,Denis,Zakaria,1996-11-20,29.85,146.0,6.0,Midfielder,Defensive Midfielder,2jc6sdkse1kxjztsgystidot1,4t4hod56fsj7utpjdor8so5q6,AS Monaco FC,Monaco,Monaco,ASM,212701.0,360.0,4.0,155.0,144.0,92.9,28.0,24.0,85.71,1.0,0.0,0.0,0.0,0.0,0.0,Denis,Zakaria,1996-11-20,29.85,146.0,6.0,Midfielder,Defensive Midfielder,2jc6sdkse1kxjztsgystidot1,4t4hod56fsj7utpjdor8so5q6,AS Monaco FC,Monaco,Monaco,ASM,212701,2jc6sdkse1kxjztsgystidot1,146,4t4hod56fsj7utpjdor8so5q6
Derek Cornelius,228760.0,3.0,26.0,0.0,0.05,-0.05,1.0,1.0,0.0,0.05,Derek,Cornelius,1997-11-25,28.83,144.0,13.0,Defender,Central Defender,7ujr3n286xjhtwsrckvkbldxx,27xvwccz8kpmqsefjv2b2sc0o,Olympique de Marseille,Olympique Marseille,Marseille,OM,8.0,70.28,4.0,19.215,0.0,0.0,0.0,0.0,8.785,4.804,0.0,1.0,1.0,0.0,2.0,1.0,0.0,0.0,0.0,0.0,0.0,,,,,,,,,,228760.0,26.0,3.0,0.0,0.0,0.0,0.0,0.004,0.004,0.0,0.0,Derek,Cornelius,1997-11-25,28.83,144.0,13.0,Defender,Central Defender,7ujr3n286xjhtwsrckvkbldxx,27xvwccz8kpmqsefjv2b2sc0o,Olympique de Marseille,Olympique Marseille,Marseille,OM,228760.0,26.0,3.0,35.0,33.0,94.29,1.0,1.0,100.0,0.0,0.0,0.0,0.0,0.0,0.0,Derek,Cornelius,1997-11-25,28.83,144.0,13.0,Defender,Central Defender,7ujr3n286xjhtwsrckvkbldxx,27xvwccz8kpmqsefjv2b2sc0o,Olympique de Marseille,Olympique Marseille,Marseille,OM,228760,7ujr3n286xjhtwsrckvkbldxx,144,27xvwccz8kpmqsefjv2b2sc0o
Dermane Karim,544821.0,3.0,186.0,0.0,0.23,-0.23,4.0,1.0,0.0,0.06,Dermane,Karim,2003-12-26,22.75,154.0,29.0,Midfielder,0,6m85ntwegbkk9zkodmxka76dw,3unkqo2g6ag99gd5ynz1j7vse,Espérance Sportive Troyes Aube Champagne,Troyes,Troyes,TRO,33.0,332.993,14.0,162.225,1.0,0.0,0.0,0.0,10.091,11.588,5.0,2.0,17.0,0.0,2.0,21.0,9.0,42.857,3.0,0.0,0.0,,,,,,,,,,544821.0,186.0,3.0,2.0,2.0,2.6,0.0,0.322,0.322,0.0,0.0,Dermane,Karim,2003-12-26,22.75,154.0,29.0,Midfielder,0,6m85ntwegbkk9zkodmxka76dw,3unkqo2g6ag99gd5ynz1j7vse,Espérance Sportive Troyes Aube Champagne,Troyes,Troyes,TRO,544821.0,186.0,3.0,80.0,69.0,86.25,39.0,31.0,79.49,2.0,1.0,50.0,0.0,0.0,0.0,Dermane,Karim,2003-12-26,22.75,154.0,29.0,Midfielder,0,6m85ntwegbkk9zkodmxka76dw,3unkqo2g6ag99gd5ynz1j7vse,Espérance Sportive Troyes Aube Champagne,Troyes,Troyes,TRO,544821,6m85ntwegbkk9zkodmxka76dw,154,3unkqo2g6ag99gd5ynz1j7vse
Diego Coppola,550090.0,4.0,360.0,0.0,0.0,0.0,0.0,0.0,0.0,0.0,Diego,Coppola,2003-12-28,22.74,2338.0,42.0,Defender,Central Defender,8o8o4rxbdhv002pj0q21l0f84,8v00fx2zwhiwm05tqqkt122p5,Paris FC,Paris FC,Paris FC,PAR,38.0,299.312,16.0,120.96,0.0,0.0,0.0,0.0,7.877,7.56,5.0,3.0,17.0,2.0,27.0,8.0,6.0,75.0,19.0,6.0,31.579,,,,,,,,,,550090.0,360.0,4.0,1.0,1.0,0.33,0.0,0.081,0.081,0.0,0.0,Diego,Coppola,2003-12-28,22.74,2338.0,42.0,Defender,Central Defender,8o8o4rxbdhv002pj0q21l0f84,8v00fx2zwhiwm05tqqkt122p5,Paris FC,Paris FC,Paris FC,PAR,550090.0,360.0,4.0,322.0,293.0,90.99,25.0,12.0,48.0,0.0,0.0,0.0,0.0,0.0,0.0,Diego,Coppola,2003-12-28,22.74,2338.0,42.0,Defender,Central Defender,8o8o4rxbdhv002pj0q21l0f84,8v00fx2zwhiwm05tqqkt122p5,Paris FC,Paris FC,Paris FC,PAR,550090,8o8o4rxbdhv002pj0q21l0f84,2338,8v00fx2zwhiwm05tqqkt122p5
Dilane Bakwa,476887.0,3.0,138.0,1.0,0.36,0.64,4.0,1.0,25.0,0.09,Dilane,Bakwa,2002-08-26,24.08,429.0,7.0,Forward,Winger,jvtea24o3s6ze8etqk0rqgru,be2k34rut1lz79jxenabttqlc,Lille OSC,Lille,Lille,LIL,20.0,233.356,7.0,49.35,0.0,0.0,2.0,1.0,11.668,7.05,3.0,2.0,9.0,0.0,2.0,15.0,6.0,40.0,3.0,1.0,33.333,,,,,,,,,,476887.0,138.0,3.0,3.0,2.0,1.64,33.33,0.152,0.091,1.0,1.0,Dilane,Bakwa,2002-08-26,24.08,429.0,7.0,Forward,Winger,jvtea24o3s6ze8etqk0rqgru,be2k34rut1lz79jxenabttqlc,Lille OSC,Lille,Lille,LIL,476887.0,138.0,3.0,62.0,53.0,85.48,26.0,20.0,76.92,0.0,0.0,0.0,0.0,0.0,0.0,Dilane,Bakwa,2002-08-26,24.08,429.0,7.0,Forward,Winger,jvtea24o3s6ze8etqk0rqgru,be2k34rut1lz79jxenabttqlc,Lille OSC,Lille,Lille,LIL,476887,jvtea24o3s6ze8etqk0rqgru,429,be2k34rut1lz79jxenabttqlc
Diogo Sousa,569691.0,4.0,294.0,1.0,1.4,-0.4,5.0,4.0,20.0,0.28,Diogo,Lobão de Sousa,2006-01-20,20.67,153.0,23.0,Midfielder,Defensive Midfielder,5jklag2n51cx568jfucefo1sk,71ajatxnuhc5cnm3xvgdky49w,RC Strasbourg Alsace,Strasbourg,Strasbourg,STR,20.0,205.668,6.0,55.335,1.0,0.0,0.0,0.0,10.283,9.222,3.0,2.0,11.0,1.0,7.0,17.0,4.0,23.529,5.0,1.0,20.0,,,,,,,,,,569691.0,294.0,4.0,4.0,4.0,3.06,0.0,0.651,0.644,1.0,1.0,Diogo,Lobão de Sousa,2006-01-20,20.67,153.0,23.0,Midfielder,Defensive Midfielder,5jklag2n51cx568jfucefo1sk,71ajatxnuhc5cnm3xvgdky49w,RC Strasbourg Alsace,Strasbourg,Strasbourg,STR,569691.0,294.0,4.0,100.0,77.0,77.0,44.0,35.0,79.55,3.0,1.0,33.33,2.0,1.0,50.0,Diogo,Lobão de Sousa,2006-01-20,20.67,153.0,23.0,Midfielder,Defensive Midfielder,5jklag2n51cx568jfucefo1sk,71ajatxnuhc5cnm3xvgdky49w,RC Strasbourg Alsace,Strasbourg,Strasbourg,STR,569691,5jklag2n51cx568jfucefo1sk,153,71ajatxnuhc5cnm3xvgdky49w
Djelan Morana,751514.0,1.0,8.0,0.0,0.0,0.0,0.0,0.0,0.0,0.0,Djelan,Morana,2008-08-05,18.13,1395.0,41.0,Forward,0,88ovuzdm9kc0e66r337fvsro4,bx0cdmzr2gwr70ez72dorx82p,OGC Nice Côte d'Azur,Nice,Nice,NIC,0.0,0.0,0.0,0.0,0.0,0.0,0.0,0.0,0.0,0.0,0.0,0.0,0.0,0.0,0.0,0.0,0.0,0.0,0.0,0.0,0.0,,,,,,,,,,751514.0,8.0,1.0,0.0,0.0,0.0,0.0,0.002,0.002,0.0,0.0,Djelan,Morana,2008-08-05,18.13,1395.0,41.0,Forward,0,88ovuzdm9kc0e66r337fvsro4,bx0cdmzr2gwr70ez72dorx82p,OGC Nice Côte d'Azur,Nice,Nice,NIC,751514.0,8.0,1.0,3.0,3.0,100.0,1.0,1.0,100.0,0.0,0.0,0.0,0.0,0.0,0.0,Djelan,Morana,2008-08-05,18.13,1395.0,41.0,Forward,0,88ovuzdm9kc0e66r337fvsro4,bx0cdmzr2gwr70ez72dorx82p,OGC Nice Côte d'Azur,Nice,Nice,NIC,751514,88ovuzdm9kc0e66r337fvsro4,1395,bx0cdmzr2gwr70ez72dorx82p
Djibril Coulibaly,658332.0,4.0,360.0,0.0,0.12,-0.12,3.0,1.0,0.0,0.04,Djibril,Coulibaly,2008-11-18,17.84,1395.0,39.0,Midfielder,0,3v4tbmgdwxn6h8h9grse37lzo,bx0cdmzr2gwr70ez72dorx82p,OGC Nice Côte d'Azur,Nice,Nice,NIC,42.0,384.522,15.0,86.415,1.0,0.0,0.0,0.0,9.155,5.761,2.0,4.0,20.0,0.0,3.0,27.0,7.0,25.926,17.0,10.0,58.824,,,,,,,,,,658332.0,360.0,4.0,3.0,3.0,1.78,0.0,0.259,0.259,0.0,0.0,Djibril,Coulibaly,2008-11-18,17.84,1395.0,39.0,Midfielder,0,3v4tbmgdwxn6h8h9grse37lzo,bx0cdmzr2gwr70ez72dorx82p,OGC Nice Côte d'Azur,Nice,Nice,NIC,658332.0,360.0,4.0,170.0,156.0,91.76,28.0,24.0,85.71,1.0,0.0,0.0,0.0,0.0,0.0,Djibril,Coulibaly,2008-11-18,17.84,1395.0,39.0,Midfielder,0,3v4tbmgdwxn6h8h9grse37lzo,bx0cdmzr2gwr70ez72dorx82p,OGC Nice Côte d'Azur,Nice,Nice,NIC,658332,3v4tbmgdwxn6h8h9grse37lzo,1395,bx0cdmzr2gwr70ez72dorx82p
Djibril Ouziad,750309.0,3.0,156.0,0.0,0.15,-0.15,3.0,0.0,0.0,0.05,Djibril,Ouziad,2009-04-27,17.41,141.0,33.0,Defender,0,c2zrg04h6qccgx692qm50yot0,23pqcgxu1tip265hbe01kszbt,Le Havre AC,Le Havre,Le Havre,HAC,24.0,292.869,16.0,147.735,0.0,0.0,0.0,0.0,12.203,9.233,2.0,2.0,5.0,1.0,6.0,17.0,13.0,76.471,5.0,2.0,40.0,,,,,,,,,,750309.0,156.0,3.0,0.0,0.0,0.0,0.0,0.097,0.096,0.0,0.0,Djibril,Ouziad,2009-04-27,17.41,141.0,33.0,Defender,0,c2zrg04h6qccgx692qm50yot0,23pqcgxu1tip265hbe01kszbt,Le Havre AC,Le Havre,Le Havre,HAC,750309.0,156.0,3.0,61.0,50.0,81.97,23.0,16.0,69.57,9.0,5.0,55.56,0.0,0.0,0.0,Djibril,Ouziad,2009-04-27,17.41,141.0,33.0,Defender,0,c2zrg04h6qccgx692qm50yot0,23pqcgxu1tip265hbe01kszbt,Le Havre AC,Le Havre,Le Havre,HAC,750309,c2zrg04h6qccgx692qm50yot0,141,23pqcgxu1tip265hbe01kszbt
Djibril Sidibé,102747.0,2.0,46.0,0.0,0.09,-0.09,1.0,0.0,0.0,0.09,Djibril,Sidibé,1992-07-29,34.16,920.0,19.0,Defender,Full Back,2liyw2r4k4gwdkdz51ohws9ud,bj8hrmj01r3zit0x8r6qm2eu2,Le Mans FC,Le Mans,Le Mans,LEM,3.0,27.381,2.0,24.15,0.0,0.0,0.0,0.0,9.127,12.075,1.0,0.0,2.0,0.0,1.0,5.0,2.0,40.0,0.0,0.0,0.0,,,,,,,,,,102747.0,46.0,2.0,0.0,0.0,0.0,0.0,0.005,0.005,0.0,0.0,Djibril,Sidibé,1992-07-29,34.16,920.0,19.0,Defender,Full Back,2liyw2r4k4gwdkdz51ohws9ud,bj8hrmj01r3zit0x8r6qm2eu2,Le Mans FC,Le Mans,Le Mans,LEM,102747.0,46.0,2.0,29.0,27.0,93.1,5.0,4.0,80.0,0.0,0.0,0.0,0.0,0.0,0.0,Djibril,Sidibé,1992-07-29,34.16,920.0,19.0,Defender,Full Back,2liyw2r4k4gwdkdz51ohws9ud,bj8hrmj01r3zit0x8r6qm2eu2,Le Mans FC,Le Mans,Le Mans,LEM,102747,2liyw2r4k4gwdkdz51ohws9ud,920,bj8hrmj01r3zit0x8r6qm2eu2
Djylian N'Guessan,640621.0,1.0,12.0,0.0,0.04,-0.04,1.0,0.0,0.0,0.04,Djylian,N'Guessan,2008-08-30,18.06,862.0,39.0,Forward,Striker,8o3tk9fohlrgeqpl3xck0feac,3adj8hkws0z1al232bg2h6tk0,Stade Brestois 29,Brest,Brest,BRE,0.0,0.0,0.0,0.0,0.0,0.0,0.0,0.0,0.0,0.0,0.0,0.0,0.0,0.0,0.0,1.0,0.0,0.0,0.0,0.0,0.0,,,,,,,,,,640621.0,12.0,1.0,0.0,0.0,0.0,0.0,0.0,0.0,0.0,0.0,Djylian,N'Guessan,2008-08-30,18.06,862.0,39.0,Forward,Striker,8o3tk9fohlrgeqpl3xck0feac,3adj8hkws0z1al232bg2h6tk0,Stade Brestois 29,Brest,Brest,BRE,640621.0,12.0,1.0,1.0,1.0,100.0,0.0,0.0,0.0,0.0,0.0,0.0,0.0,0.0,0.0,Djylian,N'Guessan,2008-08-30,18.06,862.0,39.0,Forward,Striker,8o3tk9fohlrgeqpl3xck0feac,3adj8hkws0z1al232bg2h6tk0,Stade Brestois 29,Brest,Brest,BRE,640621,8o3tk9fohlrgeqpl3xck0feac,862,3adj8hkws0z1al232bg2h6tk0
Dominik Greif,,,,,,,,,,,,,,,,,,,,,,,,,,,,,,,,,,,,,,,,,,,,,,360.0,75.0,0.0,2.0,9.0,81.82,0.81,1.0,2.81,,,,,,,,,,,,,,,,,,,,,,,,,,,,,,,,,,,,,,,,,,,,,,,,,,,,,,,212873,4sz26vstr6b7b110eri7f42jt,143,121le8unjfzug3iu9pgkqa1c7
Dro Fernández,619825.0,3.0,39.0,0.0,0.0,0.0,0.0,0.0,0.0,0.0,Dro,Fernández,2008-01-12,18.7,149.0,27.0,Midfielder,Attacking Midfielder,et72bvivn2sh4gq9lb2fbsm50,2b3mar72yy8d6uvat1ka6tn3r,Paris Saint-Germain FC,Paris Saint-Germain,Paris SG,PSG,6.0,98.298,3.0,54.39,0.0,0.0,0.0,0.0,16.383,18.13,4.0,1.0,2.0,0.0,1.0,11.0,5.0,45.455,1.0,0.0,0.0,,,,,,,,,,619825.0,39.0,3.0,1.0,1.0,4.17,0.0,0.478,0.478,0.0,0.0,Dro,Fernández,2008-01-12,18.7,149.0,27.0,Midfielder,Attacking Midfielder,et72bvivn2sh4gq9lb2fbsm50,2b3mar72yy8d6uvat1ka6tn3r,Paris Saint-Germain FC,Paris Saint-Germain,Paris SG,PSG,619825.0,39.0,3.0,24.0,22.0,91.67,12.0,11.0,91.67,0.0,0.0,0.0,0.0,0.0,0.0,Dro,Fernández,2008-01-12,18.7,149.0,27.0,Midfielder,Attacking Midfielder,et72bvivn2sh4gq9lb2fbsm50,2b3mar72yy8d6uvat1ka6tn3r,Paris Saint-Germain FC,Paris Saint-Germain,Paris SG,PSG,619825,et72bvivn2sh4gq9lb2fbsm50,149,2b3mar72yy8d6uvat1ka6tn3r
Dário Essugo,491007.0,2.0,72.0,0.0,0.37,-0.37,2.0,0.0,0.0,0.18,Dário,Cassia Luís Essugo,2005-03-14,21.53,153.0,14.0,Midfielder,Central Midfielder,1g8xr073jl9jwmh5yrco855d6,71ajatxnuhc5cnm3xvgdky49w,RC Strasbourg Alsace,Strasbourg,Strasbourg,STR,23.0,252.948,12.0,156.66,1.0,0.0,3.0,1.0,10.998,13.055,0.0,1.0,4.0,1.0,1.0,8.0,5.0,62.5,1.0,0.0,0.0,,,,,,,,,,491007.0,72.0,2.0,3.0,3.0,5.71,0.0,0.066,0.066,1.0,1.0,Dário,Cassia Luís Essugo,2005-03-14,21.53,153.0,14.0,Midfielder,Central Midfielder,1g8xr073jl9jwmh5yrco855d6,71ajatxnuhc5cnm3xvgdky49w,RC Strasbourg Alsace,Strasbourg,Strasbourg,STR,491007.0,72.0,2.0,35.0,32.0,91.43,16.0,15.0,93.75,0.0,0.0,0.0,1.0,1.0,100.0,Dário,Cassia Luís Essugo,2005-03-14,21.53,153.0,14.0,Midfielder,Central Midfielder,1g8xr073jl9jwmh5yrco855d6,71ajatxnuhc5cnm3xvgdky49w,RC Strasbourg Alsace,Strasbourg,Strasbourg,STR,491007,1g8xr073jl9jwmh5yrco855d6,153,71ajatxnuhc5cnm3xvgdky49w
Désiré Doué,570810.0,4.0,222.0,0.0,0.68,-0.68,10.0,3.0,0.0,0.07,Désiré,Doué,2005-06-03,21.31,149.0,14.0,Forward,Winger,dzv5f93w5fsnfzohaev6e3rx0,2b3mar72yy8d6uvat1ka6tn3r,Paris Saint-Germain FC,Paris Saint-Germain,Paris SG,PSG,68.0,732.786,23.0,198.555,6.0,0.0,3.0,0.0,10.776,8.633,8.0,2.0,10.0,0.0,0.0,43.0,25.0,58.14,1.0,0.0,0.0,,,,,,,,,,570810.0,222.0,4.0,5.0,5.0,3.42,0.0,0.646,0.645,0.0,0.0,Désiré,Doué,2005-06-03,21.31,149.0,14.0,Forward,Winger,dzv5f93w5fsnfzohaev6e3rx0,2b3mar72yy8d6uvat1ka6tn3r,Paris Saint-Germain FC,Paris Saint-Germain,Paris SG,PSG,570810.0,222.0,4.0,147.0,121.0,82.31,71.0,51.0,71.83,6.0,1.0,16.67,3.0,2.0,66.67,Désiré,Doué,2005-06-03,21.31,149.0,14.0,Forward,Winger,dzv5f93w5fsnfzohaev6e3rx0,2b3mar72yy8d6uvat1ka6tn3r,Paris Saint-Germain FC,Paris Saint-Germain,Paris SG,PSG,570810,dzv5f93w5fsnfzohaev6e3rx0,149,2b3mar72yy8d6uvat1ka6tn3r
Egil Selvik,,,,,,,,,,,,,,,,,,,,,,,,,,,,,,,,,,,,,,,,,,,,,,360.0,100.0,0.0,6.0,12.0,66.67,-0.49,0.83,5.51,,,,,,,,,,,,,,,,,,,,,,,,,,,,,,,,,,,,,,,,,,,,,,,,,,,,,,,477192,372ziaw03h8jne09qiwlt6bjd,862,3adj8hkws0z1al232bg2h6tk0
Elias Jelert,555929.0,3.0,189.0,0.0,0.0,0.0,0.0,0.0,0.0,0.0,Elias,Jelert,2003-06-12,23.28,141.0,12.0,Defender,Full Back,31j3z9eqoxl2qlgncgdiz1zpw,23pqcgxu1tip265hbe01kszbt,Le Havre AC,Le Havre,Le Havre,HAC,17.0,264.234,13.0,191.205,0.0,0.0,1.0,0.0,15.543,14.708,3.0,2.0,7.0,0.0,4.0,11.0,4.0,36.364,1.0,0.0,0.0,,,,,,,,,,555929.0,189.0,3.0,2.0,2.0,2.53,0.0,0.06,0.048,0.0,0.0,Elias,Jelert,2003-06-12,23.28,141.0,12.0,Defender,Full Back,31j3z9eqoxl2qlgncgdiz1zpw,23pqcgxu1tip265hbe01kszbt,Le Havre AC,Le Havre,Le Havre,HAC,555929.0,189.0,3.0,83.0,71.0,85.54,19.0,13.0,68.42,7.0,1.0,14.29,0.0,0.0,0.0,Elias,Jelert,2003-06-12,23.28,141.0,12.0,Defender,Full Back,31j3z9eqoxl2qlgncgdiz1zpw,23pqcgxu1tip265hbe01kszbt,Le Havre AC,Le Havre,Le Havre,HAC,555929,31j3z9eqoxl2qlgncgdiz1zpw,141,23pqcgxu1tip265hbe01kszbt
Eliezer Mayenda,564406.0,3.0,33.0,0.0,0.14,-0.14,4.0,0.0,0.0,0.03,Eliezer,Mayenda,2005-05-08,21.38,150.0,12.0,Forward,Striker,c88btdvycx8d59x4yn1yrfqc4,z1wbqtd0fz5t5eezjvrbld3h,Stade Rennais FC,Rennes,Rennes,REN,13.0,165.771,10.0,130.41,1.0,0.0,0.0,0.0,12.752,13.041,1.0,0.0,1.0,0.0,0.0,7.0,6.0,85.714,1.0,0.0,0.0,,,,,,,,,,564406.0,33.0,3.0,1.0,1.0,5.56,0.0,0.052,0.052,0.0,0.0,Eliezer,Mayenda,2005-05-08,21.38,150.0,12.0,Forward,Striker,c88btdvycx8d59x4yn1yrfqc4,z1wbqtd0fz5t5eezjvrbld3h,Stade Rennais FC,Rennes,Rennes,REN,564406.0,33.0,3.0,18.0,14.0,77.78,6.0,5.0,83.33,1.0,0.0,0.0,0.0,0.0,0.0,Eliezer,Mayenda,2005-05-08,21.38,150.0,12.0,Forward,Striker,c88btdvycx8d59x4yn1yrfqc4,z1wbqtd0fz5t5eezjvrbld3h,Stade Rennais FC,Rennes,Rennes,REN,564406,c88btdvycx8d59x4yn1yrfqc4,150,z1wbqtd0fz5t5eezjvrbld3h
Elikya Legros,697407.0,3.0,141.0,0.0,0.0,0.0,0.0,0.0,0.0,0.0,Elikya,Legros,2008-06-06,18.3,138.0,35.0,Defender,Central Defender,8r9g7532n02dv537xj52cp4b8,9bxav814mkuhueiyivyive82d,Association Jeunesse Auxerroise,Auxerre,Auxerre,AJA,11.0,86.526,4.0,42.63,0.0,0.0,0.0,0.0,7.866,10.658,3.0,2.0,1.0,2.0,19.0,6.0,3.0,50.0,8.0,5.0,62.5,,,,,,,,,,697407.0,141.0,3.0,0.0,0.0,0.0,0.0,0.01,0.01,0.0,0.0,Elikya,Legros,2008-06-06,18.3,138.0,35.0,Defender,Central Defender,8r9g7532n02dv537xj52cp4b8,9bxav814mkuhueiyivyive82d,Association Jeunesse Auxerroise,Auxerre,Auxerre,AJA,697407.0,141.0,3.0,60.0,51.0,85.0,7.0,5.0,71.43,0.0,0.0,0.0,0.0,0.0,0.0,Elikya,Legros,2008-06-06,18.3,138.0,35.0,Defender,Central Defender,8r9g7532n02dv537xj52cp4b8,9bxav814mkuhueiyivyive82d,Association Jeunesse Auxerroise,Auxerre,Auxerre,AJA,697407,8r9g7532n02dv537xj52cp4b8,138,9bxav814mkuhueiyivyive82d
Elye Wahi,477724.0,3.0,203.0,1.0,0.86,0.14,5.0,3.0,20.0,0.17,Elye,Wahi,2003-01-02,23.73,1395.0,11.0,Forward,0,16idj1wxzcbvuaov5duvpqhyi,bx0cdmzr2gwr70ez72dorx82p,OGC Nice Côte d'Azur,Nice,Nice,NIC,22.0,255.726,12.0,108.99,2.0,1.0,2.0,0.0,11.624,9.082,1.0,1.0,2.0,0.0,0.0,13.0,7.0,53.846,7.0,4.0,57.143,,,,,,,,,,477724.0,203.0,3.0,3.0,3.0,6.52,0.0,0.152,0.152,0.0,0.0,Elye,Wahi,2003-01-02,23.73,1395.0,11.0,Forward,0,16idj1wxzcbvuaov5duvpqhyi,bx0cdmzr2gwr70ez72dorx82p,OGC Nice Côte d'Azur,Nice,Nice,NIC,477724.0,203.0,3.0,48.0,35.0,72.92,27.0,19.0,70.37,1.0,0.0,0.0,0.0,0.0,0.0,Elye,Wahi,2003-01-02,23.73,1395.0,11.0,Forward,0,16idj1wxzcbvuaov5duvpqhyi,bx0cdmzr2gwr70ez72dorx82p,OGC Nice Côte d'Azur,Nice,Nice,NIC,477724,16idj1wxzcbvuaov5duvpqhyi,1395,bx0cdmzr2gwr70ez72dorx82p
Elías Legendre,692877.0,0.0,0.0,0.0,0.0,0.0,0.0,0.0,0.0,0.0,Elías,Legendre,2008-04-22,18.42,150.0,35.0,Forward,Winger,692877,z1wbqtd0fz5t5eezjvrbld3h,Stade Rennais FC,Rennes,Rennes,REN,0.0,0.0,0.0,0.0,0.0,0.0,0.0,0.0,0.0,0.0,0.0,0.0,0.0,0.0,0.0,0.0,0.0,0.0,0.0,0.0,0.0,,,,,,,,,,692877.0,0.0,0.0,0.0,0.0,0.0,0.0,0.0,0.0,0.0,0.0,Elías,Legendre,2008-04-22,18.42,150.0,35.0,Forward,Winger,692877,z1wbqtd0fz5t5eezjvrbld3h,Stade Rennais FC,Rennes,Rennes,REN,692877.0,0.0,0.0,0.0,0.0,0.0,0.0,0.0,0.0,0.0,0.0,0.0,0.0,0.0,0.0,Elías,Legendre,2008-04-22,18.42,150.0,35.0,Forward,Winger,692877,z1wbqtd0fz5t5eezjvrbld3h,Stade Rennais FC,Rennes,Rennes,REN,692877,692877,150,z1wbqtd0fz5t5eezjvrbld3h
Emerson,109533.0,4.0,359.0,0.0,0.1,-0.1,3.0,1.0,0.0,0.03,Emerson,Palmieri dos Santos,1994-08-03,32.15,144.0,33.0,Defender,Full Back,8qezzr83ofw7htqufohg2fwlx,27xvwccz8kpmqsefjv2b2sc0o,Olympique de Marseille,Olympique Marseille,Marseille,OM,71.0,715.878,44.0,420.945,3.0,0.0,2.0,0.0,10.083,9.567,7.0,4.0,15.0,1.0,5.0,26.0,18.0,69.231,5.0,3.0,60.0,,,,,,,,,,109533.0,359.0,4.0,4.0,3.0,1.19,25.0,1.019,0.982,0.0,0.0,Emerson,Palmieri dos Santos,1994-08-03,32.15,144.0,33.0,Defender,Full Back,8qezzr83ofw7htqufohg2fwlx,27xvwccz8kpmqsefjv2b2sc0o,Olympique de Marseille,Olympique Marseille,Marseille,OM,109533.0,359.0,4.0,259.0,230.0,88.8,80.0,70.0,87.5,10.0,2.0,20.0,0.0,0.0,0.0,Emerson,Palmieri dos Santos,1994-08-03,32.15,144.0,33.0,Defender,Full Back,8qezzr83ofw7htqufohg2fwlx,27xvwccz8kpmqsefjv2b2sc0o,Olympique de Marseille,Olympique Marseille,Marseille,OM,109533,8qezzr83ofw7htqufohg2fwlx,144,27xvwccz8kpmqsefjv2b2sc0o
Emmanuel Biumla,606929.0,0.0,0.0,0.0,0.0,0.0,0.0,0.0,0.0,0.0,Emmanuel,Biumla,2005-05-08,21.38,2128.0,24.0,Midfielder,Defensive Midfielder,606929,75qj99fhg5c0ztj2tva5u4uii,Angers Sporting Club de l'Ouest,Angers,Angers,SCO,0.0,0.0,0.0,0.0,0.0,0.0,0.0,0.0,0.0,0.0,0.0,0.0,0.0,0.0,0.0,0.0,0.0,0.0,0.0,0.0,0.0,,,,,,,,,,606929.0,0.0,0.0,0.0,0.0,0.0,0.0,0.0,0.0,0.0,0.0,Emmanuel,Biumla,2005-05-08,21.38,2128.0,24.0,Midfielder,Defensive Midfielder,606929,75qj99fhg5c0ztj2tva5u4uii,Angers Sporting Club de l'Ouest,Angers,Angers,SCO,606929.0,0.0,0.0,0.0,0.0,0.0,0.0,0.0,0.0,0.0,0.0,0.0,0.0,0.0,0.0,Emmanuel,Biumla,2005-05-08,21.38,2128.0,24.0,Midfielder,Defensive Midfielder,606929,75qj99fhg5c0ztj2tva5u4uii,Angers Sporting Club de l'Ouest,Angers,Angers,SCO,606929,606929,2128,75qj99fhg5c0ztj2tva5u4uii
Enzo Koffi,711491.0,4.0,102.0,0.0,0.15,-0.15,3.0,2.0,0.0,0.05,Enzo,Koffi,2006-03-04,20.56,141.0,27.0,Forward,Winger,l0e40c7iatiq26mayw0ndw4,23pqcgxu1tip265hbe01kszbt,Le Havre AC,Le Havre,Le Havre,HAC,23.0,238.84,15.0,108.675,2.0,0.0,0.0,0.0,10.384,7.245,4.0,2.0,5.0,0.0,4.0,21.0,12.0,57.143,6.0,5.0,83.333,,,,,,,,,,711491.0,102.0,4.0,3.0,3.0,6.52,0.0,0.121,0.119,0.0,0.0,Enzo,Koffi,2006-03-04,20.56,141.0,27.0,Forward,Winger,l0e40c7iatiq26mayw0ndw4,23pqcgxu1tip265hbe01kszbt,Le Havre AC,Le Havre,Le Havre,HAC,711491.0,102.0,4.0,48.0,42.0,87.5,12.0,10.0,83.33,12.0,2.0,16.67,0.0,0.0,0.0,Enzo,Koffi,2006-03-04,20.56,141.0,27.0,Forward,Winger,l0e40c7iatiq26mayw0ndw4,23pqcgxu1tip265hbe01kszbt,Le Havre AC,Le Havre,Le Havre,HAC,711491,l0e40c7iatiq26mayw0ndw4,141,23pqcgxu1tip265hbe01kszbt
Enzo Monchatre,736842.0,0.0,0.0,0.0,0.0,0.0,0.0,0.0,0.0,0.0,Enzo,Monchatre,2008-02-02,18.64,862.0,33.0,Forward,0,736842,3adj8hkws0z1al232bg2h6tk0,Stade Brestois 29,Brest,Brest,BRE,0.0,0.0,0.0,0.0,0.0,0.0,0.0,0.0,0.0,0.0,0.0,0.0,0.0,0.0,0.0,0.0,0.0,0.0,0.0,0.0,0.0,,,,,,,,,,736842.0,0.0,0.0,0.0,0.0,0.0,0.0,0.0,0.0,0.0,0.0,Enzo,Monchatre,2008-02-02,18.64,862.0,33.0,Forward,0,736842,3adj8hkws0z1al232bg2h6tk0,Stade Brestois 29,Brest,Brest,BRE,736842.0,0.0,0.0,0.0,0.0,0.0,0.0,0.0,0.0,0.0,0.0,0.0,0.0,0.0,0.0,Enzo,Monchatre,2008-02-02,18.64,862.0,33.0,Forward,0,736842,3adj8hkws0z1al232bg2h6tk0,Stade Brestois 29,Brest,Brest,BRE,736842,736842,862,3adj8hkws0z1al232bg2h6tk0
Enísio Carneiro,668881.0,0.0,0.0,0.0,0.0,0.0,0.0,0.0,0.0,0.0,Enísio,Carneiro,2007-07-17,19.19,154.0,41.0,Defender,0,668881,3unkqo2g6ag99gd5ynz1j7vse,Espérance Sportive Troyes Aube Champagne,Troyes,Troyes,TRO,0.0,0.0,0.0,0.0,0.0,0.0,0.0,0.0,0.0,0.0,0.0,0.0,0.0,0.0,0.0,0.0,0.0,0.0,0.0,0.0,0.0,,,,,,,,,,668881.0,0.0,0.0,0.0,0.0,0.0,0.0,0.0,0.0,0.0,0.0,Enísio,Carneiro,2007-07-17,19.19,154.0,41.0,Defender,0,668881,3unkqo2g6ag99gd5ynz1j7vse,Espérance Sportive Troyes Aube Champagne,Troyes,Troyes,TRO,668881.0,0.0,0.0,0.0,0.0,0.0,0.0,0.0,0.0,0.0,0.0,0.0,0.0,0.0,0.0,Enísio,Carneiro,2007-07-17,19.19,154.0,41.0,Defender,0,668881,3unkqo2g6ag99gd5ynz1j7vse,Espérance Sportive Troyes Aube Champagne,Troyes,Troyes,TRO,668881,668881,154,3unkqo2g6ag99gd5ynz1j7vse
Eric Dier,93264.0,4.0,360.0,1.0,0.44,0.56,4.0,1.0,25.0,0.11,Eric,Dier,1994-01-15,32.7,146.0,3.0,Defender,Central Defender,az7wa6km1zhvsb8y4mndlogyd,4t4hod56fsj7utpjdor8so5q6,AS Monaco FC,Monaco,Monaco,ASM,43.0,439.417,22.0,199.185,0.0,0.0,0.0,0.0,10.219,9.054,7.0,3.0,14.0,2.0,33.0,12.0,9.0,75.0,10.0,9.0,90.0,,,,,,,,,,93264.0,360.0,4.0,1.0,0.0,0.0,0.0,0.034,0.033,1.0,0.0,Eric,Dier,1994-01-15,32.7,146.0,3.0,Defender,Central Defender,az7wa6km1zhvsb8y4mndlogyd,4t4hod56fsj7utpjdor8so5q6,AS Monaco FC,Monaco,Monaco,ASM,93264.0,360.0,4.0,223.0,204.0,91.48,17.0,11.0,64.71,0.0,0.0,0.0,0.0,0.0,0.0,Eric,Dier,1994-01-15,32.7,146.0,3.0,Defender,Central Defender,az7wa6km1zhvsb8y4mndlogyd,4t4hod56fsj7utpjdor8so5q6,AS Monaco FC,Monaco,Monaco,ASM,93264,az7wa6km1zhvsb8y4mndlogyd,146,4t4hod56fsj7utpjdor8so5q6
Ernest Nuamah,564992.0,3.0,234.0,1.0,0.57,0.43,8.0,1.0,12.5,0.07,Ernest,Nuamah,2003-11-01,22.9,143.0,7.0,Forward,0,dom2gtnelp3yqgtnchnli0ftg,121le8unjfzug3iu9pgkqa1c7,Lyon,Olympique Lyonnais,Lyon,OL,33.0,423.184,19.0,246.54,2.0,0.0,0.0,0.0,12.824,12.976,1.0,1.0,8.0,0.0,1.0,21.0,10.0,47.619,3.0,2.0,66.667,,,,,,,,,,564992.0,234.0,3.0,3.0,2.0,3.23,0.0,0.61,0.413,1.0,0.0,Ernest,Nuamah,2003-11-01,22.9,143.0,7.0,Forward,0,dom2gtnelp3yqgtnchnli0ftg,121le8unjfzug3iu9pgkqa1c7,Lyon,Olympique Lyonnais,Lyon,OL,564992.0,234.0,3.0,65.0,51.0,78.46,34.0,22.0,64.71,3.0,0.0,0.0,1.0,0.0,0.0,Ernest,Nuamah,2003-11-01,22.9,143.0,7.0,Forward,0,dom2gtnelp3yqgtnchnli0ftg,121le8unjfzug3iu9pgkqa1c7,Lyon,Olympique Lyonnais,Lyon,OL,564992,dom2gtnelp3yqgtnchnli0ftg,143,121le8unjfzug3iu9pgkqa1c7
Erwan Colas,563115.0,1.0,27.0,0.0,0.0,0.0,0.0,0.0,0.0,0.0,Erwan,Colas,1997-04-22,29.43,920.0,28.0,Forward,Striker,aw1v5vvxcd71hgrjdov5tij56,bj8hrmj01r3zit0x8r6qm2eu2,Le Mans FC,Le Mans,Le Mans,LEM,1.0,8.184,0.0,-2.415,0.0,0.0,0.0,0.0,8.184,0.0,0.0,0.0,1.0,1.0,0.0,0.0,0.0,0.0,1.0,0.0,0.0,,,,,,,,,,563115.0,27.0,1.0,0.0,0.0,0.0,0.0,0.004,0.004,0.0,0.0,Erwan,Colas,1997-04-22,29.43,920.0,28.0,Forward,Striker,aw1v5vvxcd71hgrjdov5tij56,bj8hrmj01r3zit0x8r6qm2eu2,Le Mans FC,Le Mans,Le Mans,LEM,563115.0,27.0,1.0,5.0,1.0,20.0,4.0,1.0,25.0,0.0,0.0,0.0,0.0,0.0,0.0,Erwan,Colas,1997-04-22,29.43,920.0,28.0,Forward,Striker,aw1v5vvxcd71hgrjdov5tij56,bj8hrmj01r3zit0x8r6qm2eu2,Le Mans FC,Le Mans,Le Mans,LEM,563115,aw1v5vvxcd71hgrjdov5tij56,920,bj8hrmj01r3zit0x8r6qm2eu2
Estéban Lepaul,468658.0,4.0,347.0,3.0,2.19,0.81,16.0,8.0,18.75,0.14,Estéban,Lepaul,2000-04-18,26.44,150.0,9.0,Forward,Striker,f12l40tkknok5cqitoacfdsve,z1wbqtd0fz5t5eezjvrbld3h,Stade Rennais FC,Rennes,Rennes,REN,23.0,241.193,7.0,42.0,1.0,0.0,1.0,0.0,10.487,6.0,0.0,2.0,6.0,0.0,4.0,14.0,4.0,28.571,11.0,6.0,54.545,,,,,,,,,,468658.0,347.0,4.0,4.0,4.0,5.97,0.0,0.128,0.128,0.0,0.0,Estéban,Lepaul,2000-04-18,26.44,150.0,9.0,Forward,Striker,f12l40tkknok5cqitoacfdsve,z1wbqtd0fz5t5eezjvrbld3h,Stade Rennais FC,Rennes,Rennes,REN,468658.0,347.0,4.0,71.0,58.0,81.69,24.0,16.0,66.67,0.0,0.0,0.0,1.0,0.0,0.0,Estéban,Lepaul,2000-04-18,26.44,150.0,9.0,Forward,Striker,f12l40tkknok5cqitoacfdsve,z1wbqtd0fz5t5eezjvrbld3h,Stade Rennais FC,Rennes,Rennes,REN,468658,f12l40tkknok5cqitoacfdsve,150,z1wbqtd0fz5t5eezjvrbld3h
Ethan Mbappé,499450.0,4.0,208.0,1.0,1.11,-0.11,8.0,6.0,12.5,0.14,Ethan,Mbappé,2006-12-29,19.73,429.0,8.0,Midfielder,Winger,27wum5rq0cw9g7g33cbvc6kno,be2k34rut1lz79jxenabttqlc,Lille OSC,Lille,Lille,LIL,32.0,411.11,20.0,209.055,4.0,0.0,3.0,0.0,12.847,10.453,2.0,1.0,6.0,1.0,2.0,19.0,10.0,52.632,1.0,0.0,0.0,,,,,,,,,,499450.0,208.0,4.0,5.0,4.0,6.15,20.0,0.46,0.438,0.0,0.0,Ethan,Mbappé,2006-12-29,19.73,429.0,8.0,Midfielder,Winger,27wum5rq0cw9g7g33cbvc6kno,be2k34rut1lz79jxenabttqlc,Lille OSC,Lille,Lille,LIL,499450.0,208.0,4.0,65.0,57.0,87.69,23.0,17.0,73.91,0.0,0.0,0.0,0.0,0.0,0.0,Ethan,Mbappé,2006-12-29,19.73,429.0,8.0,Midfielder,Winger,27wum5rq0cw9g7g33cbvc6kno,be2k34rut1lz79jxenabttqlc,Lille OSC,Lille,Lille,LIL,499450,27wum5rq0cw9g7g33cbvc6kno,429,be2k34rut1lz79jxenabttqlc
Evan Mailly,673089.0,0.0,0.0,0.0,0.0,0.0,0.0,0.0,0.0,0.0,Evan,Mailly,2007-11-09,18.87,862.0,34.0,Defender,0,673089,3adj8hkws0z1al232bg2h6tk0,Stade Brestois 29,Brest,Brest,BRE,0.0,0.0,0.0,0.0,0.0,0.0,0.0,0.0,0.0,0.0,0.0,0.0,0.0,0.0,0.0,0.0,0.0,0.0,0.0,0.0,0.0,,,,,,,,,,673089.0,0.0,0.0,0.0,0.0,0.0,0.0,0.0,0.0,0.0,0.0,Evan,Mailly,2007-11-09,18.87,862.0,34.0,Defender,0,673089,3adj8hkws0z1al232bg2h6tk0,Stade Brestois 29,Brest,Brest,BRE,673089.0,0.0,0.0,0.0,0.0,0.0,0.0,0.0,0.0,0.0,0.0,0.0,0.0,0.0,0.0,Evan,Mailly,2007-11-09,18.87,862.0,34.0,Defender,0,673089,3adj8hkws0z1al232bg2h6tk0,Stade Brestois 29,Brest,Brest,BRE,673089,673089,862,3adj8hkws0z1al232bg2h6tk0
Everton Pereira,632699.0,1.0,90.0,0.0,0.0,0.0,0.0,0.0,0.0,0.0,Everton,Pereira,2007-04-12,19.45,1395.0,87.0,Midfielder,Defensive Midfielder,cv763bry7r833k7qg7ah5ek2c,bx0cdmzr2gwr70ez72dorx82p,OGC Nice Côte d'Azur,Nice,Nice,NIC,4.0,34.725,1.0,-1.995,0.0,0.0,0.0,0.0,8.681,-1.995,2.0,0.0,6.0,0.0,1.0,5.0,3.0,60.0,2.0,2.0,100.0,,,,,,,,,,632699.0,90.0,1.0,0.0,0.0,0.0,0.0,0.014,0.014,0.0,0.0,Everton,Pereira,2007-04-12,19.45,1395.0,87.0,Midfielder,Defensive Midfielder,cv763bry7r833k7qg7ah5ek2c,bx0cdmzr2gwr70ez72dorx82p,OGC Nice Côte d'Azur,Nice,Nice,NIC,632699.0,90.0,1.0,29.0,27.0,93.1,8.0,7.0,87.5,0.0,0.0,0.0,0.0,0.0,0.0,Everton,Pereira,2007-04-12,19.45,1395.0,87.0,Midfielder,Defensive Midfielder,cv763bry7r833k7qg7ah5ek2c,bx0cdmzr2gwr70ez72dorx82p,OGC Nice Côte d'Azur,Nice,Nice,NIC,632699,cv763bry7r833k7qg7ah5ek2c,1395,bx0cdmzr2gwr70ez72dorx82p
Ewan Hatfout,,,,,,,,,,,,,,,,,,,,,,,,,,,,,,,,,,,,,,,,,,,,,,360.0,53.0,0.0,4.0,5.0,55.56,-0.18,0.75,3.82,,,,,,,,,,,,,,,,,,,,,,,,,,,,,,,,,,,,,,,,,,,,,,,,,,,,,,,498382,4su8rzwsm3jcvjqk4ranq1k6i,920,bj8hrmj01r3zit0x8r6qm2eu2
Fabio Baldé,576786.0,2.0,12.0,0.0,0.0,0.0,0.0,0.0,0.0,0.0,Fabio Amado Uri,Baldé,2005-07-20,21.18,153.0,19.0,Forward,Winger,5tg6w4wmwtiwvdvsmju5svdhw,71ajatxnuhc5cnm3xvgdky49w,RC Strasbourg Alsace,Strasbourg,Strasbourg,STR,3.0,36.74,2.0,20.895,0.0,0.0,0.0,0.0,12.247,10.448,0.0,0.0,1.0,0.0,0.0,2.0,1.0,50.0,1.0,0.0,0.0,,,,,,,,,,576786.0,12.0,2.0,1.0,1.0,33.33,0.0,0.001,0.001,0.0,0.0,Fabio Amado Uri,Baldé,2005-07-20,21.18,153.0,19.0,Forward,Winger,5tg6w4wmwtiwvdvsmju5svdhw,71ajatxnuhc5cnm3xvgdky49w,RC Strasbourg Alsace,Strasbourg,Strasbourg,STR,576786.0,12.0,2.0,3.0,3.0,100.0,1.0,1.0,100.0,1.0,0.0,0.0,0.0,0.0,0.0,Fabio Amado Uri,Baldé,2005-07-20,21.18,153.0,19.0,Forward,Winger,5tg6w4wmwtiwvdvsmju5svdhw,71ajatxnuhc5cnm3xvgdky49w,RC Strasbourg Alsace,Strasbourg,Strasbourg,STR,576786,5tg6w4wmwtiwvdvsmju5svdhw,153,71ajatxnuhc5cnm3xvgdky49w
Fabián Ruiz,201379.0,4.0,229.0,0.0,0.11,-0.11,2.0,2.0,0.0,0.05,Fabián,Ruiz,1996-04-03,30.48,149.0,8.0,Midfielder,Attacking Midfielder,f3v58fkymhrprt5gs0ccm29xx,2b3mar72yy8d6uvat1ka6tn3r,Paris Saint-Germain FC,Paris Saint-Germain,Paris SG,PSG,43.0,429.074,23.0,172.515,0.0,0.0,3.0,1.0,9.978,7.501,5.0,3.0,12.0,0.0,1.0,16.0,10.0,62.5,0.0,0.0,0.0,,,,,,,,,,201379.0,229.0,4.0,8.0,8.0,3.11,0.0,0.55,0.55,2.0,2.0,Fabián,Ruiz,1996-04-03,30.48,149.0,8.0,Midfielder,Attacking Midfielder,f3v58fkymhrprt5gs0ccm29xx,2b3mar72yy8d6uvat1ka6tn3r,Paris Saint-Germain FC,Paris Saint-Germain,Paris SG,PSG,201379.0,229.0,4.0,198.0,180.0,90.91,64.0,59.0,92.19,5.0,1.0,20.0,2.0,1.0,50.0,Fabián,Ruiz,1996-04-03,30.48,149.0,8.0,Midfielder,Attacking Midfielder,f3v58fkymhrprt5gs0ccm29xx,2b3mar72yy8d6uvat1ka6tn3r,Paris Saint-Germain FC,Paris Saint-Germain,Paris SG,PSG,201379,f3v58fkymhrprt5gs0ccm29xx,149,2b3mar72yy8d6uvat1ka6tn3r
Faris Moumbagna,457269.0,3.0,8.0,0.0,0.27,-0.27,1.0,0.0,0.0,0.27,Faris,Moumbagna,2000-07-01,26.23,144.0,29.0,Forward,Striker,4bntcltsmr5ymc4f8eme1v1ii,27xvwccz8kpmqsefjv2b2sc0o,Olympique de Marseille,Olympique Marseille,Marseille,OM,0.0,0.0,0.0,0.0,0.0,0.0,0.0,0.0,0.0,0.0,0.0,0.0,0.0,0.0,0.0,1.0,0.0,0.0,2.0,0.0,0.0,,,,,,,,,,457269.0,8.0,3.0,0.0,0.0,0.0,0.0,0.0,0.0,0.0,0.0,Faris,Moumbagna,2000-07-01,26.23,144.0,29.0,Forward,Striker,4bntcltsmr5ymc4f8eme1v1ii,27xvwccz8kpmqsefjv2b2sc0o,Olympique de Marseille,Olympique Marseille,Marseille,OM,457269.0,8.0,3.0,0.0,0.0,0.0,0.0,0.0,0.0,0.0,0.0,0.0,0.0,0.0,0.0,Faris,Moumbagna,2000-07-01,26.23,144.0,29.0,Forward,Striker,4bntcltsmr5ymc4f8eme1v1ii,27xvwccz8kpmqsefjv2b2sc0o,Olympique de Marseille,Olympique Marseille,Marseille,OM,457269,4bntcltsmr5ymc4f8eme1v1ii,144,27xvwccz8kpmqsefjv2b2sc0o
Felix Bacher,459633.0,4.0,356.0,1.0,0.35,0.65,3.0,2.0,33.33,0.12,Felix,Bacher,2000-10-25,25.92,143.0,20.0,Defender,Central Defender,bx16v7vdlpv2av8v7576ua2qy,121le8unjfzug3iu9pgkqa1c7,Lyon,Olympique Lyonnais,Lyon,OL,119.0,1321.44,84.0,902.055,0.0,0.0,0.0,0.0,11.105,10.739,4.0,1.0,6.0,1.0,17.0,12.0,7.0,58.333,14.0,7.0,50.0,,,,,,,,,,459633.0,356.0,4.0,1.0,1.0,0.36,0.0,0.069,0.069,0.0,0.0,Felix,Bacher,2000-10-25,25.92,143.0,20.0,Defender,Central Defender,bx16v7vdlpv2av8v7576ua2qy,121le8unjfzug3iu9pgkqa1c7,Lyon,Olympique Lyonnais,Lyon,OL,459633.0,356.0,4.0,287.0,262.0,91.29,33.0,22.0,66.67,1.0,0.0,0.0,0.0,0.0,0.0,Felix,Bacher,2000-10-25,25.92,143.0,20.0,Defender,Central Defender,bx16v7vdlpv2av8v7576ua2qy,121le8unjfzug3iu9pgkqa1c7,Lyon,Olympique Lyonnais,Lyon,OL,459633,bx16v7vdlpv2av8v7576ua2qy,143,121le8unjfzug3iu9pgkqa1c7
Ferran Torres,224444.0,4.0,221.0,3.0,1.43,1.57,6.0,3.0,50.0,0.24,Ferran,Torres,2000-02-29,26.57,149.0,9.0,Forward,Attacking Midfielder,2szgrzcosfeifh664tgt3mfvt,2b3mar72yy8d6uvat1ka6tn3r,Paris Saint-Germain FC,Paris Saint-Germain,Paris SG,PSG,13.0,109.683,6.0,39.27,1.0,1.0,0.0,0.0,8.437,6.545,0.0,2.0,5.0,0.0,0.0,8.0,3.0,37.5,5.0,2.0,40.0,,,,,,,,,,224444.0,221.0,4.0,3.0,3.0,4.76,0.0,0.121,0.121,0.0,0.0,Ferran,Torres,2000-02-29,26.57,149.0,9.0,Forward,Attacking Midfielder,2szgrzcosfeifh664tgt3mfvt,2b3mar72yy8d6uvat1ka6tn3r,Paris Saint-Germain FC,Paris Saint-Germain,Paris SG,PSG,224444.0,221.0,4.0,63.0,53.0,84.13,29.0,23.0,79.31,3.0,0.0,0.0,0.0,0.0,0.0,Ferran,Torres,2000-02-29,26.57,149.0,9.0,Forward,Attacking Midfielder,2szgrzcosfeifh664tgt3mfvt,2b3mar72yy8d6uvat1ka6tn3r,Paris Saint-Germain FC,Paris Saint-Germain,Paris SG,PSG,224444,2szgrzcosfeifh664tgt3mfvt,149,2b3mar72yy8d6uvat1ka6tn3r
Filip Jörgensen,,,,,,,,,,,,,,,,,,,,,,,,,,,,,,,,,,,,,,,,,,,,,,360.0,100.0,0.0,8.0,16.0,66.67,-0.54,0.88,7.46,,,,,,,,,,,,,,,,,,,,,,,,,,,,,,,,,,,,,,,,,,,,,,,,,,,,,,,508479,eiqcjlj9kmitoj8g50vaglawa,153,71ajatxnuhc5cnm3xvgdky49w
Florian Sotoca,204188.0,2.0,21.0,0.0,0.33,-0.33,2.0,1.0,0.0,0.17,Florian,Sotoca,1990-10-25,35.92,142.0,7.0,Forward,Striker,7izciy79i6d6h7usfr8mcmh91,3xedluek08t2ka7oypwuullcn,Racing Club de Lens,Lens,Lens,RCL,1.0,6.837,1.0,6.825,0.0,0.0,0.0,0.0,6.837,6.825,0.0,0.0,1.0,0.0,0.0,0.0,0.0,0.0,0.0,0.0,0.0,,,,,,,,,,204188.0,21.0,2.0,1.0,1.0,12.5,0.0,0.156,0.156,0.0,0.0,Florian,Sotoca,1990-10-25,35.92,142.0,7.0,Forward,Striker,7izciy79i6d6h7usfr8mcmh91,3xedluek08t2ka7oypwuullcn,Racing Club de Lens,Lens,Lens,RCL,204188.0,21.0,2.0,8.0,7.0,87.5,4.0,3.0,75.0,1.0,1.0,100.0,0.0,0.0,0.0,Florian,Sotoca,1990-10-25,35.92,142.0,7.0,Forward,Striker,7izciy79i6d6h7usfr8mcmh91,3xedluek08t2ka7oypwuullcn,Racing Club de Lens,Lens,Lens,RCL,204188,7izciy79i6d6h7usfr8mcmh91,142,3xedluek08t2ka7oypwuullcn
Florian Thauvin,95434.0,4.0,360.0,3.0,3.49,-0.49,14.0,9.0,21.43,0.25,Florian,Thauvin,1993-01-26,33.67,142.0,10.0,Forward,Winger,8shwa0k28rt5duyrhuqza1hhx,3xedluek08t2ka7oypwuullcn,Racing Club de Lens,Lens,Lens,RCL,75.0,829.2,28.0,129.465,6.0,0.0,2.0,0.0,11.056,4.624,2.0,2.0,10.0,0.0,1.0,35.0,13.0,37.143,3.0,3.0,100.0,,,,,,,,,,95434.0,360.0,4.0,12.0,5.0,2.5,58.33,1.581,1.358,1.0,1.0,Florian,Thauvin,1993-01-26,33.67,142.0,10.0,Forward,Winger,8shwa0k28rt5duyrhuqza1hhx,3xedluek08t2ka7oypwuullcn,Racing Club de Lens,Lens,Lens,RCL,95434.0,360.0,4.0,171.0,134.0,78.36,82.0,54.0,65.85,18.0,4.0,22.22,2.0,1.0,50.0,Florian,Thauvin,1993-01-26,33.67,142.0,10.0,Forward,Winger,8shwa0k28rt5duyrhuqza1hhx,3xedluek08t2ka7oypwuullcn,Racing Club de Lens,Lens,Lens,RCL,95434,8shwa0k28rt5duyrhuqza1hhx,142,3xedluek08t2ka7oypwuullcn
Flávio Nazinho,483078.0,4.0,350.0,1.0,0.38,0.62,1.0,1.0,100.0,0.38,Flávio,Basilua Jacinto Nazinho,2003-07-20,23.18,146.0,20.0,Defender,Full Back,7mg9ycwc9ay4fdedl0dpp5nca,4t4hod56fsj7utpjdor8so5q6,AS Monaco FC,Monaco,Monaco,ASM,42.0,400.556,22.0,203.175,0.0,0.0,1.0,0.0,9.537,9.235,10.0,7.0,17.0,2.0,13.0,24.0,14.0,58.333,2.0,2.0,100.0,,,,,,,,,,483078.0,350.0,4.0,4.0,2.0,1.06,25.0,0.371,0.101,1.0,0.0,Flávio,Basilua Jacinto Nazinho,2003-07-20,23.18,146.0,20.0,Defender,Full Back,7mg9ycwc9ay4fdedl0dpp5nca,4t4hod56fsj7utpjdor8so5q6,AS Monaco FC,Monaco,Monaco,ASM,483078.0,350.0,4.0,192.0,162.0,84.38,45.0,30.0,66.67,7.0,0.0,0.0,0.0,0.0,0.0,Flávio,Basilua Jacinto Nazinho,2003-07-20,23.18,146.0,20.0,Defender,Full Back,7mg9ycwc9ay4fdedl0dpp5nca,4t4hod56fsj7utpjdor8so5q6,AS Monaco FC,Monaco,Monaco,ASM,483078,7mg9ycwc9ay4fdedl0dpp5nca,146,4t4hod56fsj7utpjdor8so5q6
Fodé Doucouré,512759.0,2.0,95.0,0.0,0.09,-0.09,2.0,0.0,0.0,0.05,Fodé,Doucouré,2001-02-03,25.64,141.0,13.0,Defender,Full Back,2xpoljxhc1nnjveb06ipqvpt6,23pqcgxu1tip265hbe01kszbt,Le Havre AC,Le Havre,Le Havre,HAC,12.0,119.999,8.0,77.28,0.0,0.0,1.0,0.0,10.0,9.66,1.0,4.0,3.0,0.0,0.0,6.0,2.0,33.333,2.0,0.0,0.0,,,,,,,,,,512759.0,95.0,2.0,2.0,2.0,3.03,0.0,0.288,0.288,1.0,1.0,Fodé,Doucouré,2001-02-03,25.64,141.0,13.0,Defender,Full Back,2xpoljxhc1nnjveb06ipqvpt6,23pqcgxu1tip265hbe01kszbt,Le Havre AC,Le Havre,Le Havre,HAC,512759.0,95.0,2.0,33.0,23.0,69.7,13.0,10.0,76.92,3.0,1.0,33.33,0.0,0.0,0.0,Fodé,Doucouré,2001-02-03,25.64,141.0,13.0,Defender,Full Back,2xpoljxhc1nnjveb06ipqvpt6,23pqcgxu1tip265hbe01kszbt,Le Havre AC,Le Havre,Le Havre,HAC,512759,2xpoljxhc1nnjveb06ipqvpt6,141,23pqcgxu1tip265hbe01kszbt
Franjo Ivanovic,515168.0,3.0,180.0,2.0,0.7,1.3,5.0,4.0,40.0,0.14,Franjo,Ivanovic,2003-10-01,22.98,142.0,29.0,Forward,Striker,amuqk3xvo87ppk7fz39cg0pre,3xedluek08t2ka7oypwuullcn,Racing Club de Lens,Lens,Lens,RCL,24.0,300.234,17.0,185.43,2.0,1.0,0.0,0.0,12.51,10.908,4.0,1.0,1.0,0.0,1.0,29.0,16.0,55.172,4.0,2.0,50.0,,,,,,,,,,515168.0,180.0,3.0,1.0,1.0,2.86,0.0,0.123,0.122,0.0,0.0,Franjo,Ivanovic,2003-10-01,22.98,142.0,29.0,Forward,Striker,amuqk3xvo87ppk7fz39cg0pre,3xedluek08t2ka7oypwuullcn,Racing Club de Lens,Lens,Lens,RCL,515168.0,180.0,3.0,36.0,23.0,63.89,15.0,8.0,53.33,0.0,0.0,0.0,0.0,0.0,0.0,Franjo,Ivanovic,2003-10-01,22.98,142.0,29.0,Forward,Striker,amuqk3xvo87ppk7fz39cg0pre,3xedluek08t2ka7oypwuullcn,Racing Club de Lens,Lens,Lens,RCL,515168,amuqk3xvo87ppk7fz39cg0pre,142,3xedluek08t2ka7oypwuullcn
Fredrik Oppegård,464984.0,2.0,119.0,0.0,0.0,0.0,0.0,0.0,0.0,0.0,Fredrik,Oppegård,2002-08-07,24.13,138.0,22.0,Defender,Full Back,cm78w42nflwgvshpnok680mlm,9bxav814mkuhueiyivyive82d,Association Jeunesse Auxerroise,Auxerre,Auxerre,AJA,6.0,56.857,4.0,30.765,0.0,0.0,0.0,0.0,9.476,7.691,1.0,2.0,8.0,2.0,6.0,9.0,2.0,22.222,2.0,0.0,0.0,,,,,,,,,,464984.0,119.0,2.0,1.0,1.0,3.85,0.0,0.016,0.015,0.0,0.0,Fredrik,Oppegård,2002-08-07,24.13,138.0,22.0,Defender,Full Back,cm78w42nflwgvshpnok680mlm,9bxav814mkuhueiyivyive82d,Association Jeunesse Auxerroise,Auxerre,Auxerre,AJA,464984.0,119.0,2.0,26.0,19.0,73.08,10.0,5.0,50.0,0.0,0.0,0.0,0.0,0.0,0.0,Fredrik,Oppegård,2002-08-07,24.13,138.0,22.0,Defender,Full Back,cm78w42nflwgvshpnok680mlm,9bxav814mkuhueiyivyive82d,Association Jeunesse Auxerroise,Auxerre,Auxerre,AJA,464984,cm78w42nflwgvshpnok680mlm,138,9bxav814mkuhueiyivyive82d
Félix Correia,449991.0,2.0,94.0,0.0,0.1,-0.1,1.0,0.0,0.0,0.1,Félix Alexandre,Andrade Sanches Correia,2001-01-22,25.67,429.0,27.0,Forward,Winger,5ikeslw81x2em97k79crmhh0q,be2k34rut1lz79jxenabttqlc,Lille OSC,Lille,Lille,LIL,8.0,79.355,5.0,21.105,1.0,0.0,0.0,0.0,9.919,4.221,1.0,3.0,7.0,1.0,2.0,6.0,2.0,33.333,0.0,0.0,0.0,,,,,,,,,,449991.0,94.0,2.0,0.0,0.0,0.0,0.0,0.183,0.183,0.0,0.0,Félix Alexandre,Andrade Sanches Correia,2001-01-22,25.67,429.0,27.0,Forward,Winger,5ikeslw81x2em97k79crmhh0q,be2k34rut1lz79jxenabttqlc,Lille OSC,Lille,Lille,LIL,449991.0,94.0,2.0,30.0,27.0,90.0,6.0,5.0,83.33,0.0,0.0,0.0,1.0,1.0,100.0,Félix Alexandre,Andrade Sanches Correia,2001-01-22,25.67,429.0,27.0,Forward,Winger,5ikeslw81x2em97k79crmhh0q,be2k34rut1lz79jxenabttqlc,Lille OSC,Lille,Lille,LIL,449991,5ikeslw81x2em97k79crmhh0q,429,be2k34rut1lz79jxenabttqlc
Gabin Bernardeau,665234.0,4.0,268.0,0.0,0.21,-0.21,3.0,1.0,0.0,0.07,Gabin,Bernardeau,2006-01-24,20.66,694.0,33.0,Midfielder,Attacking Midfielder,3rzjr8wdopfb1xj0d7sq0vrpw,70nn27vgkt6l48lvv5e66q7ww,FC Lorient,Lorient,Lorient,FCL,31.0,377.019,16.0,104.265,2.0,0.0,1.0,0.0,12.162,6.517,5.0,1.0,9.0,0.0,4.0,26.0,14.0,53.846,6.0,2.0,33.333,,,,,,,,,,665234.0,268.0,4.0,3.0,2.0,2.6,33.33,0.588,0.504,0.0,0.0,Gabin,Bernardeau,2006-01-24,20.66,694.0,33.0,Midfielder,Attacking Midfielder,3rzjr8wdopfb1xj0d7sq0vrpw,70nn27vgkt6l48lvv5e66q7ww,FC Lorient,Lorient,Lorient,FCL,665234.0,268.0,4.0,82.0,52.0,63.41,39.0,19.0,48.72,3.0,2.0,66.67,0.0,0.0,0.0,Gabin,Bernardeau,2006-01-24,20.66,694.0,33.0,Midfielder,Attacking Midfielder,3rzjr8wdopfb1xj0d7sq0vrpw,70nn27vgkt6l48lvv5e66q7ww,FC Lorient,Lorient,Lorient,FCL,665234,3rzjr8wdopfb1xj0d7sq0vrpw,694,70nn27vgkt6l48lvv5e66q7ww
Gauthier Gallon,,,,,,,,,,,,,,,,,,,,,,,,,,,,,,,,,,,,,,,,,,,,,,360.0,25.0,0.0,0.0,1.0,100.0,0.25,0.0,0.25,,,,,,,,,,,,,,,,,,,,,,,,,,,,,,,,,,,,,,,,,,,,,,,,,,,,,,,167455,8xdrtww8r5jbxuxtall0wh591,141,23pqcgxu1tip265hbe01kszbt
Gauthier Hein,232182.0,4.0,295.0,0.0,0.19,-0.19,3.0,0.0,0.0,0.06,Gauthier,Hein,1996-08-07,30.13,1395.0,7.0,Midfielder,Winger,co59rv08x22hk5itwibbwq191,bx0cdmzr2gwr70ez72dorx82p,OGC Nice Côte d'Azur,Nice,Nice,NIC,61.0,677.656,30.0,251.16,0.0,0.0,1.0,0.0,11.109,8.372,1.0,1.0,5.0,0.0,0.0,17.0,3.0,17.647,4.0,1.0,25.0,,,,,,,,,,232182.0,295.0,4.0,5.0,3.0,1.35,40.0,0.504,0.37,0.0,0.0,Gauthier,Hein,1996-08-07,30.13,1395.0,7.0,Midfielder,Winger,co59rv08x22hk5itwibbwq191,bx0cdmzr2gwr70ez72dorx82p,OGC Nice Côte d'Azur,Nice,Nice,NIC,232182.0,295.0,4.0,225.0,208.0,92.44,108.0,96.0,88.89,8.0,0.0,0.0,0.0,0.0,0.0,Gauthier,Hein,1996-08-07,30.13,1395.0,7.0,Midfielder,Winger,co59rv08x22hk5itwibbwq191,bx0cdmzr2gwr70ez72dorx82p,OGC Nice Côte d'Azur,Nice,Nice,NIC,232182,co59rv08x22hk5itwibbwq191,1395,bx0cdmzr2gwr70ez72dorx82p
Gautier Lloris,141109.0,3.0,263.0,0.0,0.07,-0.07,1.0,0.0,0.0,0.07,Gautier,Lloris,1995-07-18,31.19,862.0,4.0,Defender,Central Defender,9vk8oyt5lma4ir9tbi3uvlrdh,3adj8hkws0z1al232bg2h6tk0,Stade Brestois 29,Brest,Brest,BRE,26.0,225.33,10.0,75.075,0.0,0.0,0.0,0.0,8.667,7.508,4.0,6.0,7.0,3.0,11.0,7.0,6.0,85.714,13.0,7.0,53.846,,,,,,,,,,141109.0,263.0,3.0,0.0,0.0,0.0,0.0,0.013,0.013,0.0,0.0,Gautier,Lloris,1995-07-18,31.19,862.0,4.0,Defender,Central Defender,9vk8oyt5lma4ir9tbi3uvlrdh,3adj8hkws0z1al232bg2h6tk0,Stade Brestois 29,Brest,Brest,BRE,141109.0,263.0,3.0,128.0,117.0,91.41,10.0,7.0,70.0,0.0,0.0,0.0,0.0,0.0,0.0,Gautier,Lloris,1995-07-18,31.19,862.0,4.0,Defender,Central Defender,9vk8oyt5lma4ir9tbi3uvlrdh,3adj8hkws0z1al232bg2h6tk0,Stade Brestois 29,Brest,Brest,BRE,141109,9vk8oyt5lma4ir9tbi3uvlrdh,862,3adj8hkws0z1al232bg2h6tk0
Gaëtan Perrin,220560.0,3.0,75.0,0.0,0.05,-0.05,1.0,0.0,0.0,0.05,Gaëtan,Perrin,1996-06-07,30.3,429.0,28.0,Forward,Winger,6gdoxudvl1rgcn7d19e89p9ed,be2k34rut1lz79jxenabttqlc,Lille OSC,Lille,Lille,LIL,11.0,111.632,5.0,35.7,0.0,0.0,0.0,0.0,10.148,7.14,2.0,0.0,6.0,0.0,1.0,7.0,3.0,42.857,2.0,1.0,50.0,,,,,,,,,,220560.0,75.0,3.0,0.0,0.0,0.0,0.0,0.057,0.057,0.0,0.0,Gaëtan,Perrin,1996-06-07,30.3,429.0,28.0,Forward,Winger,6gdoxudvl1rgcn7d19e89p9ed,be2k34rut1lz79jxenabttqlc,Lille OSC,Lille,Lille,LIL,220560.0,75.0,3.0,23.0,20.0,86.96,9.0,7.0,77.78,0.0,0.0,0.0,0.0,0.0,0.0,Gaëtan,Perrin,1996-06-07,30.3,429.0,28.0,Forward,Winger,6gdoxudvl1rgcn7d19e89p9ed,be2k34rut1lz79jxenabttqlc,Lille OSC,Lille,Lille,LIL,220560,6gdoxudvl1rgcn7d19e89p9ed,429,be2k34rut1lz79jxenabttqlc
Genesis Antwi,591382.0,4.0,349.0,0.0,0.02,-0.02,1.0,0.0,0.0,0.02,Genesis,Antwi,2007-05-11,19.37,153.0,26.0,Defender,Full Back,6xtgpb1avbypyk8cql8znph5g,71ajatxnuhc5cnm3xvgdky49w,RC Strasbourg Alsace,Strasbourg,Strasbourg,STR,34.0,350.567,11.0,42.63,0.0,0.0,0.0,0.0,10.311,3.875,7.0,4.0,16.0,3.0,8.0,18.0,9.0,50.0,7.0,3.0,42.857,,,,,,,,,,591382.0,349.0,4.0,0.0,0.0,0.0,0.0,0.063,0.062,0.0,0.0,Genesis,Antwi,2007-05-11,19.37,153.0,26.0,Defender,Full Back,6xtgpb1avbypyk8cql8znph5g,71ajatxnuhc5cnm3xvgdky49w,RC Strasbourg Alsace,Strasbourg,Strasbourg,STR,591382.0,349.0,4.0,127.0,110.0,86.61,26.0,23.0,88.46,8.0,1.0,12.5,0.0,0.0,0.0,Genesis,Antwi,2007-05-11,19.37,153.0,26.0,Defender,Full Back,6xtgpb1avbypyk8cql8znph5g,71ajatxnuhc5cnm3xvgdky49w,RC Strasbourg Alsace,Strasbourg,Strasbourg,STR,591382,6xtgpb1avbypyk8cql8znph5g,153,71ajatxnuhc5cnm3xvgdky49w
Geoffrey Kondogbia,88754.0,2.0,141.0,0.0,0.0,0.0,0.0,0.0,0.0,0.0,Geoffrey,Kondogbia,1993-02-15,33.61,144.0,19.0,Midfielder,Central Midfielder,58qeglyxdi7y8ttg8sddv8set,27xvwccz8kpmqsefjv2b2sc0o,Olympique de Marseille,Olympique Marseille,Marseille,OM,34.0,346.183,16.0,168.63,0.0,0.0,0.0,0.0,10.182,10.539,6.0,3.0,8.0,1.0,5.0,10.0,6.0,60.0,3.0,1.0,33.333,,,,,,,,,,88754.0,141.0,2.0,0.0,0.0,0.0,0.0,0.01,0.01,0.0,0.0,Geoffrey,Kondogbia,1993-02-15,33.61,144.0,19.0,Midfielder,Central Midfielder,58qeglyxdi7y8ttg8sddv8set,27xvwccz8kpmqsefjv2b2sc0o,Olympique de Marseille,Olympique Marseille,Marseille,OM,88754.0,141.0,2.0,127.0,120.0,94.49,8.0,5.0,62.5,0.0,0.0,0.0,0.0,0.0,0.0,Geoffrey,Kondogbia,1993-02-15,33.61,144.0,19.0,Midfielder,Central Midfielder,58qeglyxdi7y8ttg8sddv8set,27xvwccz8kpmqsefjv2b2sc0o,Olympique de Marseille,Olympique Marseille,Marseille,OM,88754,58qeglyxdi7y8ttg8sddv8set,144,27xvwccz8kpmqsefjv2b2sc0o
Gessime Yassine,645598.0,4.0,347.0,2.0,0.94,1.06,9.0,5.0,22.22,0.1,Gessime,Yassine,2005-11-22,20.84,153.0,80.0,Forward,Winger,15nu0pkl5nko4fpoyf1j9e87o,71ajatxnuhc5cnm3xvgdky49w,RC Strasbourg Alsace,Strasbourg,Strasbourg,STR,85.0,907.2,42.0,443.205,2.0,0.0,5.0,1.0,10.673,10.552,9.0,3.0,24.0,0.0,3.0,64.0,34.0,53.125,1.0,1.0,100.0,,,,,,,,,,645598.0,347.0,4.0,5.0,5.0,3.67,0.0,1.496,1.496,1.0,1.0,Gessime,Yassine,2005-11-22,20.84,153.0,80.0,Forward,Winger,15nu0pkl5nko4fpoyf1j9e87o,71ajatxnuhc5cnm3xvgdky49w,RC Strasbourg Alsace,Strasbourg,Strasbourg,STR,645598.0,347.0,4.0,109.0,90.0,82.57,51.0,39.0,76.47,7.0,3.0,42.86,2.0,0.0,0.0,Gessime,Yassine,2005-11-22,20.84,153.0,80.0,Forward,Winger,15nu0pkl5nko4fpoyf1j9e87o,71ajatxnuhc5cnm3xvgdky49w,RC Strasbourg Alsace,Strasbourg,Strasbourg,STR,645598,15nu0pkl5nko4fpoyf1j9e87o,153,71ajatxnuhc5cnm3xvgdky49w
Ghianny Kodia,691255.0,0.0,0.0,0.0,0.0,0.0,0.0,0.0,0.0,0.0,Ghianny,Kodia,2007-09-03,19.05,153.0,37.0,Forward,Winger,691255,71ajatxnuhc5cnm3xvgdky49w,RC Strasbourg Alsace,Strasbourg,Strasbourg,STR,0.0,0.0,0.0,0.0,0.0,0.0,0.0,0.0,0.0,0.0,0.0,0.0,0.0,0.0,0.0,0.0,0.0,0.0,0.0,0.0,0.0,,,,,,,,,,691255.0,0.0,0.0,0.0,0.0,0.0,0.0,0.0,0.0,0.0,0.0,Ghianny,Kodia,2007-09-03,19.05,153.0,37.0,Forward,Winger,691255,71ajatxnuhc5cnm3xvgdky49w,RC Strasbourg Alsace,Strasbourg,Strasbourg,STR,691255.0,0.0,0.0,0.0,0.0,0.0,0.0,0.0,0.0,0.0,0.0,0.0,0.0,0.0,0.0,Ghianny,Kodia,2007-09-03,19.05,153.0,37.0,Forward,Winger,691255,71ajatxnuhc5cnm3xvgdky49w,RC Strasbourg Alsace,Strasbourg,Strasbourg,STR,691255,691255,153,71ajatxnuhc5cnm3xvgdky49w
Giovani Versini,612865.0,2.0,81.0,0.0,0.12,-0.12,1.0,0.0,0.0,0.12,Giovani,Versini,2004-03-18,22.52,862.0,10.0,Forward,0,bd8m105q2juv7rcalt6q92kno,3adj8hkws0z1al232bg2h6tk0,Stade Brestois 29,Brest,Brest,BRE,11.0,160.825,5.0,77.175,0.0,0.0,0.0,0.0,14.62,15.435,4.0,2.0,3.0,0.0,0.0,11.0,5.0,45.455,1.0,0.0,0.0,,,,,,,,,,612865.0,81.0,2.0,1.0,1.0,5.0,0.0,0.03,0.03,0.0,0.0,Giovani,Versini,2004-03-18,22.52,862.0,10.0,Forward,0,bd8m105q2juv7rcalt6q92kno,3adj8hkws0z1al232bg2h6tk0,Stade Brestois 29,Brest,Brest,BRE,612865.0,81.0,2.0,20.0,14.0,70.0,7.0,3.0,42.86,6.0,1.0,16.67,1.0,0.0,0.0,Giovani,Versini,2004-03-18,22.52,862.0,10.0,Forward,0,bd8m105q2juv7rcalt6q92kno,3adj8hkws0z1al232bg2h6tk0,Stade Brestois 29,Brest,Brest,BRE,612865,bd8m105q2juv7rcalt6q92kno,862,3adj8hkws0z1al232bg2h6tk0
Giovanni Reyna,427420.0,4.0,241.0,1.0,0.39,0.61,6.0,3.0,16.67,0.06,Giovanni,Reyna,2002-11-13,23.86,153.0,13.0,Midfielder,Attacking Midfielder,2we9yak4ipkr1ljigj20puv6y,71ajatxnuhc5cnm3xvgdky49w,RC Strasbourg Alsace,Strasbourg,Strasbourg,STR,32.0,312.306,9.0,44.835,0.0,0.0,1.0,0.0,9.76,4.982,2.0,1.0,15.0,0.0,2.0,24.0,10.0,41.667,3.0,2.0,66.667,,,,,,,,,,427420.0,241.0,4.0,6.0,6.0,6.59,0.0,0.514,0.513,0.0,0.0,Giovanni,Reyna,2002-11-13,23.86,153.0,13.0,Midfielder,Attacking Midfielder,2we9yak4ipkr1ljigj20puv6y,71ajatxnuhc5cnm3xvgdky49w,RC Strasbourg Alsace,Strasbourg,Strasbourg,STR,427420.0,241.0,4.0,97.0,90.0,92.78,27.0,24.0,88.89,1.0,1.0,100.0,0.0,0.0,0.0,Giovanni,Reyna,2002-11-13,23.86,153.0,13.0,Midfielder,Attacking Midfielder,2we9yak4ipkr1ljigj20puv6y,71ajatxnuhc5cnm3xvgdky49w,RC Strasbourg Alsace,Strasbourg,Strasbourg,STR,427420,2we9yak4ipkr1ljigj20puv6y,153,71ajatxnuhc5cnm3xvgdky49w
Gonçalo Oliveira,500168.0,0.0,0.0,0.0,0.0,0.0,0.0,0.0,0.0,0.0,Gonçalo,Calisto de Oliveira,2006-07-04,20.22,150.0,5.0,Defender,Central Defender,500168,z1wbqtd0fz5t5eezjvrbld3h,Stade Rennais FC,Rennes,Rennes,REN,0.0,0.0,0.0,0.0,0.0,0.0,0.0,0.0,0.0,0.0,0.0,0.0,0.0,0.0,0.0,0.0,0.0,0.0,0.0,0.0,0.0,,,,,,,,,,500168.0,0.0,0.0,0.0,0.0,0.0,0.0,0.0,0.0,0.0,0.0,Gonçalo,Calisto de Oliveira,2006-07-04,20.22,150.0,5.0,Defender,Central Defender,500168,z1wbqtd0fz5t5eezjvrbld3h,Stade Rennais FC,Rennes,Rennes,REN,500168.0,0.0,0.0,0.0,0.0,0.0,0.0,0.0,0.0,0.0,0.0,0.0,0.0,0.0,0.0,Gonçalo,Calisto de Oliveira,2006-07-04,20.22,150.0,5.0,Defender,Central Defender,500168,z1wbqtd0fz5t5eezjvrbld3h,Stade Rennais FC,Rennes,Rennes,REN,500168,500168,150,z1wbqtd0fz5t5eezjvrbld3h
Guillaume Restes,,,,,,,,,,,,,,,,,,,,,,,,,,,,,,,,,,,,,,,,,,,,,,360.0,70.0,0.0,4.0,9.0,69.23,1.67,1.25,5.67,,,,,,,,,,,,,,,,,,,,,,,,,,,,,,,,,,,,,,,,,,,,,,,,,,,,,,,546172,13nrptzjshlqnkuf92vumefx0,427,4aghw9tyi8ba3ju1ne83gmf9w
Guy Noël Zohouri,664883.0,0.0,0.0,0.0,0.0,0.0,0.0,0.0,0.0,0.0,Guy Noël,Zohouri,2007-02-01,19.64,141.0,24.0,Midfielder,Central Midfielder,664883,23pqcgxu1tip265hbe01kszbt,Le Havre AC,Le Havre,Le Havre,HAC,0.0,0.0,0.0,0.0,0.0,0.0,0.0,0.0,0.0,0.0,0.0,0.0,0.0,0.0,0.0,0.0,0.0,0.0,0.0,0.0,0.0,,,,,,,,,,664883.0,0.0,0.0,0.0,0.0,0.0,0.0,0.0,0.0,0.0,0.0,Guy Noël,Zohouri,2007-02-01,19.64,141.0,24.0,Midfielder,Central Midfielder,664883,23pqcgxu1tip265hbe01kszbt,Le Havre AC,Le Havre,Le Havre,HAC,664883.0,0.0,0.0,0.0,0.0,0.0,0.0,0.0,0.0,0.0,0.0,0.0,0.0,0.0,0.0,Guy Noël,Zohouri,2007-02-01,19.64,141.0,24.0,Midfielder,Central Midfielder,664883,23pqcgxu1tip265hbe01kszbt,Le Havre AC,Le Havre,Le Havre,HAC,664883,664883,141,23pqcgxu1tip265hbe01kszbt
Guéla Doué,503720.0,1.0,90.0,0.0,0.05,-0.05,1.0,0.0,0.0,0.05,Guéla,Doué,2002-10-17,23.94,153.0,22.0,Defender,Full Back,446lrhzh79xugyt2pgnrwypnu,71ajatxnuhc5cnm3xvgdky49w,RC Strasbourg Alsace,Strasbourg,Strasbourg,STR,12.0,120.869,9.0,63.945,0.0,0.0,0.0,0.0,10.072,7.105,1.0,0.0,2.0,1.0,3.0,6.0,1.0,16.667,4.0,3.0,75.0,,,,,,,,,,503720.0,90.0,1.0,0.0,0.0,0.0,0.0,0.012,0.012,0.0,0.0,Guéla,Doué,2002-10-17,23.94,153.0,22.0,Defender,Full Back,446lrhzh79xugyt2pgnrwypnu,71ajatxnuhc5cnm3xvgdky49w,RC Strasbourg Alsace,Strasbourg,Strasbourg,STR,503720.0,90.0,1.0,26.0,21.0,80.77,9.0,5.0,55.56,2.0,0.0,0.0,0.0,0.0,0.0,Guéla,Doué,2002-10-17,23.94,153.0,22.0,Defender,Full Back,446lrhzh79xugyt2pgnrwypnu,71ajatxnuhc5cnm3xvgdky49w,RC Strasbourg Alsace,Strasbourg,Strasbourg,STR,503720,446lrhzh79xugyt2pgnrwypnu,153,71ajatxnuhc5cnm3xvgdky49w
Habib Diallo,214254.0,2.0,54.0,0.0,0.05,-0.05,1.0,0.0,0.0,0.05,Habib,Diallo,1995-06-18,31.27,920.0,13.0,Forward,Striker,bndkgzdolm2c3iteenkv8s3it,bj8hrmj01r3zit0x8r6qm2eu2,Le Mans FC,Le Mans,Le Mans,LEM,8.0,66.172,2.0,-9.765,0.0,0.0,0.0,0.0,8.272,-4.882,2.0,0.0,2.0,0.0,0.0,5.0,5.0,100.0,7.0,2.0,28.571,,,,,,,,,,214254.0,54.0,2.0,0.0,0.0,0.0,0.0,0.042,0.042,0.0,0.0,Habib,Diallo,1995-06-18,31.27,920.0,13.0,Forward,Striker,bndkgzdolm2c3iteenkv8s3it,bj8hrmj01r3zit0x8r6qm2eu2,Le Mans FC,Le Mans,Le Mans,LEM,214254.0,54.0,2.0,15.0,11.0,73.33,6.0,4.0,66.67,1.0,0.0,0.0,0.0,0.0,0.0,Habib,Diallo,1995-06-18,31.27,920.0,13.0,Forward,Striker,bndkgzdolm2c3iteenkv8s3it,bj8hrmj01r3zit0x8r6qm2eu2,Le Mans FC,Le Mans,Le Mans,LEM,214254,bndkgzdolm2c3iteenkv8s3it,920,bj8hrmj01r3zit0x8r6qm2eu2
Hakim Dongopandji,753673.0,1.0,1.0,0.0,0.0,0.0,0.0,0.0,0.0,0.0,Hakim,Dongopandji,2007-02-21,19.59,141.0,33.0,Forward,Winger,538ab6vgwhw07sl96rkozd6ok,23pqcgxu1tip265hbe01kszbt,Le Havre AC,Le Havre,Le Havre,HAC,0.0,0.0,0.0,0.0,0.0,0.0,0.0,0.0,0.0,0.0,0.0,0.0,0.0,0.0,0.0,0.0,0.0,0.0,0.0,0.0,0.0,,,,,,,,,,753673.0,1.0,1.0,0.0,0.0,0.0,0.0,0.0,0.0,0.0,0.0,Hakim,Dongopandji,2007-02-21,19.59,141.0,33.0,Forward,Winger,538ab6vgwhw07sl96rkozd6ok,23pqcgxu1tip265hbe01kszbt,Le Havre AC,Le Havre,Le Havre,HAC,753673.0,1.0,1.0,0.0,0.0,0.0,0.0,0.0,0.0,0.0,0.0,0.0,0.0,0.0,0.0,Hakim,Dongopandji,2007-02-21,19.59,141.0,33.0,Forward,Winger,538ab6vgwhw07sl96rkozd6ok,23pqcgxu1tip265hbe01kszbt,Le Havre AC,Le Havre,Le Havre,HAC,753673,538ab6vgwhw07sl96rkozd6ok,141,23pqcgxu1tip265hbe01kszbt
Hamari Traoré,174528.0,3.0,187.0,0.0,0.0,0.0,0.0,0.0,0.0,0.0,Hamari,Traoré,1992-01-27,34.67,2338.0,14.0,Defender,Full Back,xrh2szvp5808no7zm1et2zf9,8v00fx2zwhiwm05tqqkt122p5,Paris FC,Paris FC,Paris FC,PAR,12.0,124.492,4.0,34.335,0.0,0.0,0.0,0.0,10.374,8.584,2.0,1.0,6.0,1.0,4.0,7.0,4.0,57.143,4.0,1.0,25.0,,,,,,,,,,174528.0,187.0,3.0,0.0,0.0,0.0,0.0,0.013,0.012,0.0,0.0,Hamari,Traoré,1992-01-27,34.67,2338.0,14.0,Defender,Full Back,xrh2szvp5808no7zm1et2zf9,8v00fx2zwhiwm05tqqkt122p5,Paris FC,Paris FC,Paris FC,PAR,174528.0,187.0,3.0,97.0,92.0,94.85,8.0,6.0,75.0,0.0,0.0,0.0,0.0,0.0,0.0,Hamari,Traoré,1992-01-27,34.67,2338.0,14.0,Defender,Full Back,xrh2szvp5808no7zm1et2zf9,8v00fx2zwhiwm05tqqkt122p5,Paris FC,Paris FC,Paris FC,PAR,174528,xrh2szvp5808no7zm1et2zf9,2338,8v00fx2zwhiwm05tqqkt122p5
Hamidou Makalou,641036.0,0.0,0.0,0.0,0.0,0.0,0.0,0.0,0.0,0.0,Hamidou,Makalou,2006-07-15,20.19,862.0,33.0,Midfielder,Defensive Midfielder,641036,3adj8hkws0z1al232bg2h6tk0,Stade Brestois 29,Brest,Brest,BRE,0.0,0.0,0.0,0.0,0.0,0.0,0.0,0.0,0.0,0.0,0.0,0.0,0.0,0.0,0.0,0.0,0.0,0.0,0.0,0.0,0.0,,,,,,,,,,641036.0,0.0,0.0,0.0,0.0,0.0,0.0,0.0,0.0,0.0,0.0,Hamidou,Makalou,2006-07-15,20.19,862.0,33.0,Midfielder,Defensive Midfielder,641036,3adj8hkws0z1al232bg2h6tk0,Stade Brestois 29,Brest,Brest,BRE,641036.0,0.0,0.0,0.0,0.0,0.0,0.0,0.0,0.0,0.0,0.0,0.0,0.0,0.0,0.0,Hamidou,Makalou,2006-07-15,20.19,862.0,33.0,Midfielder,Defensive Midfielder,641036,3adj8hkws0z1al232bg2h6tk0,Stade Brestois 29,Brest,Brest,BRE,641036,641036,862,3adj8hkws0z1al232bg2h6tk0
Hamza Koutoune,619512.0,2.0,17.0,0.0,0.03,-0.03,1.0,0.0,0.0,0.03,Hamza,Koutoune,2006-09-17,20.02,1395.0,84.0,Defender,Full Back,evc54vbh4xjsa97r5jk8eywb8,bx0cdmzr2gwr70ez72dorx82p,OGC Nice Côte d'Azur,Nice,Nice,NIC,2.0,31.052,2.0,30.555,0.0,0.0,0.0,0.0,15.526,15.278,0.0,0.0,0.0,0.0,0.0,4.0,0.0,0.0,0.0,0.0,0.0,,,,,,,,,,619512.0,17.0,2.0,0.0,0.0,0.0,0.0,0.0,0.0,0.0,0.0,Hamza,Koutoune,2006-09-17,20.02,1395.0,84.0,Defender,Full Back,evc54vbh4xjsa97r5jk8eywb8,bx0cdmzr2gwr70ez72dorx82p,OGC Nice Côte d'Azur,Nice,Nice,NIC,619512.0,17.0,2.0,3.0,3.0,100.0,0.0,0.0,0.0,1.0,0.0,0.0,0.0,0.0,0.0,Hamza,Koutoune,2006-09-17,20.02,1395.0,84.0,Defender,Full Back,evc54vbh4xjsa97r5jk8eywb8,bx0cdmzr2gwr70ez72dorx82p,OGC Nice Côte d'Azur,Nice,Nice,NIC,619512,evc54vbh4xjsa97r5jk8eywb8,1395,bx0cdmzr2gwr70ez72dorx82p
Harold Voyer,225893.0,3.0,270.0,0.0,0.04,-0.04,1.0,1.0,0.0,0.04,Harold,Voyer,1997-03-26,29.5,920.0,5.0,Defender,Central Defender,71p6itylacjo1c0phfl1m0hxx,bj8hrmj01r3zit0x8r6qm2eu2,Le Mans FC,Le Mans,Le Mans,LEM,24.0,235.182,13.0,144.375,0.0,0.0,0.0,0.0,9.799,11.106,4.0,5.0,12.0,2.0,12.0,13.0,7.0,53.846,6.0,4.0,66.667,,,,,,,,,,225893.0,270.0,3.0,0.0,0.0,0.0,0.0,0.168,0.134,0.0,0.0,Harold,Voyer,1997-03-26,29.5,920.0,5.0,Defender,Central Defender,71p6itylacjo1c0phfl1m0hxx,bj8hrmj01r3zit0x8r6qm2eu2,Le Mans FC,Le Mans,Le Mans,LEM,225893.0,270.0,3.0,187.0,154.0,82.35,35.0,16.0,45.71,1.0,0.0,0.0,0.0,0.0,0.0,Harold,Voyer,1997-03-26,29.5,920.0,5.0,Defender,Central Defender,71p6itylacjo1c0phfl1m0hxx,bj8hrmj01r3zit0x8r6qm2eu2,Le Mans FC,Le Mans,Le Mans,LEM,225893,71p6itylacjo1c0phfl1m0hxx,920,bj8hrmj01r3zit0x8r6qm2eu2
Harouna Djibirin,619025.0,4.0,72.0,1.0,0.41,0.59,3.0,2.0,33.33,0.14,Harouna,Djibirin,2006-11-05,19.88,2128.0,31.0,Forward,Winger,dssrq717aixm0exkwkbf3q42c,75qj99fhg5c0ztj2tva5u4uii,Angers Sporting Club de l'Ouest,Angers,Angers,SCO,22.0,239.666,12.0,72.765,1.0,0.0,1.0,0.0,10.894,6.064,2.0,2.0,6.0,0.0,2.0,13.0,6.0,46.154,2.0,2.0,100.0,,,,,,,,,,619025.0,72.0,4.0,1.0,1.0,3.57,0.0,0.031,0.031,0.0,0.0,Harouna,Djibirin,2006-11-05,19.88,2128.0,31.0,Forward,Winger,dssrq717aixm0exkwkbf3q42c,75qj99fhg5c0ztj2tva5u4uii,Angers Sporting Club de l'Ouest,Angers,Angers,SCO,619025.0,72.0,4.0,28.0,21.0,75.0,12.0,9.0,75.0,4.0,0.0,0.0,0.0,0.0,0.0,Harouna,Djibirin,2006-11-05,19.88,2128.0,31.0,Forward,Winger,dssrq717aixm0exkwkbf3q42c,75qj99fhg5c0ztj2tva5u4uii,Angers Sporting Club de l'Ouest,Angers,Angers,SCO,619025,dssrq717aixm0exkwkbf3q42c,2128,75qj99fhg5c0ztj2tva5u4uii
Henrick Do Marcolino,684058.0,1.0,12.0,0.0,0.0,0.0,0.0,0.0,0.0,0.0,Henrick,Do Marcolino,2006-03-21,20.51,150.0,65.0,Forward,0,3zphe9ua3wsruu3j5vurwm39w,z1wbqtd0fz5t5eezjvrbld3h,Stade Rennais FC,Rennes,Rennes,REN,1.0,7.458,1.0,7.245,0.0,0.0,1.0,0.0,7.458,7.245,0.0,0.0,0.0,0.0,0.0,0.0,0.0,0.0,0.0,0.0,0.0,,,,,,,,,,684058.0,12.0,1.0,1.0,1.0,16.67,0.0,0.002,0.002,0.0,0.0,Henrick,Do Marcolino,2006-03-21,20.51,150.0,65.0,Forward,0,3zphe9ua3wsruu3j5vurwm39w,z1wbqtd0fz5t5eezjvrbld3h,Stade Rennais FC,Rennes,Rennes,REN,684058.0,12.0,1.0,6.0,5.0,83.33,1.0,1.0,100.0,0.0,0.0,0.0,0.0,0.0,0.0,Henrick,Do Marcolino,2006-03-21,20.51,150.0,65.0,Forward,0,3zphe9ua3wsruu3j5vurwm39w,z1wbqtd0fz5t5eezjvrbld3h,Stade Rennais FC,Rennes,Rennes,REN,684058,3zphe9ua3wsruu3j5vurwm39w,150,z1wbqtd0fz5t5eezjvrbld3h
Hicham Boudaoui,480779.0,1.0,4.0,0.0,0.0,0.0,0.0,0.0,0.0,0.0,Hicham,Boudaoui,1999-09-23,27.01,1395.0,6.0,Midfielder,Central Midfielder,e7e68wlpiqqohpg71oh4vrbl6,bx0cdmzr2gwr70ez72dorx82p,OGC Nice Côte d'Azur,Nice,Nice,NIC,4.0,42.809,1.0,7.875,0.0,0.0,0.0,0.0,10.702,7.875,0.0,1.0,1.0,0.0,0.0,0.0,0.0,0.0,0.0,0.0,0.0,,,,,,,,,,480779.0,4.0,1.0,0.0,0.0,0.0,0.0,0.004,0.004,0.0,0.0,Hicham,Boudaoui,1999-09-23,27.01,1395.0,6.0,Midfielder,Central Midfielder,e7e68wlpiqqohpg71oh4vrbl6,bx0cdmzr2gwr70ez72dorx82p,OGC Nice Côte d'Azur,Nice,Nice,NIC,480779.0,4.0,1.0,9.0,8.0,88.89,4.0,3.0,75.0,0.0,0.0,0.0,0.0,0.0,0.0,Hicham,Boudaoui,1999-09-23,27.01,1395.0,6.0,Midfielder,Central Midfielder,e7e68wlpiqqohpg71oh4vrbl6,bx0cdmzr2gwr70ez72dorx82p,OGC Nice Côte d'Azur,Nice,Nice,NIC,480779,e7e68wlpiqqohpg71oh4vrbl6,1395,bx0cdmzr2gwr70ez72dorx82p
Himad Abdelli,462609.0,4.0,295.0,0.0,0.02,-0.02,1.0,0.0,0.0,0.02,Himad,Abdelli,1999-11-17,26.85,144.0,8.0,Midfielder,0,310zaj8t3k4c8aj54ml0n0kx5,27xvwccz8kpmqsefjv2b2sc0o,Olympique de Marseille,Olympique Marseille,Marseille,OM,56.0,537.308,27.0,307.755,1.0,0.0,2.0,0.0,9.595,11.398,4.0,0.0,22.0,1.0,4.0,17.0,9.0,52.941,5.0,1.0,20.0,,,,,,,,,,462609.0,295.0,4.0,2.0,2.0,1.11,0.0,0.176,0.176,0.0,0.0,Himad,Abdelli,1999-11-17,26.85,144.0,8.0,Midfielder,0,310zaj8t3k4c8aj54ml0n0kx5,27xvwccz8kpmqsefjv2b2sc0o,Olympique de Marseille,Olympique Marseille,Marseille,OM,462609.0,295.0,4.0,183.0,167.0,91.26,46.0,36.0,78.26,1.0,0.0,0.0,0.0,0.0,0.0,Himad,Abdelli,1999-11-17,26.85,144.0,8.0,Midfielder,0,310zaj8t3k4c8aj54ml0n0kx5,27xvwccz8kpmqsefjv2b2sc0o,Olympique de Marseille,Olympique Marseille,Marseille,OM,462609,310zaj8t3k4c8aj54ml0n0kx5,144,27xvwccz8kpmqsefjv2b2sc0o
Hugo Magnetti,243741.0,3.0,180.0,0.0,0.05,-0.05,3.0,1.0,0.0,0.02,Hugo,Magnetti,1998-05-30,28.32,862.0,8.0,Midfielder,Central Midfielder,5lfki1zoxd4l96hjbr2rw3d2h,3adj8hkws0z1al232bg2h6tk0,Stade Brestois 29,Brest,Brest,BRE,20.0,191.861,10.0,45.675,0.0,0.0,0.0,0.0,9.593,4.568,7.0,7.0,14.0,1.0,2.0,20.0,12.0,60.0,0.0,0.0,0.0,,,,,,,,,,243741.0,180.0,3.0,3.0,2.0,2.44,0.0,0.277,0.274,1.0,0.0,Hugo,Magnetti,1998-05-30,28.32,862.0,8.0,Midfielder,Central Midfielder,5lfki1zoxd4l96hjbr2rw3d2h,3adj8hkws0z1al232bg2h6tk0,Stade Brestois 29,Brest,Brest,BRE,243741.0,180.0,3.0,86.0,78.0,90.7,11.0,10.0,90.91,1.0,1.0,100.0,0.0,0.0,0.0,Hugo,Magnetti,1998-05-30,28.32,862.0,8.0,Midfielder,Central Midfielder,5lfki1zoxd4l96hjbr2rw3d2h,3adj8hkws0z1al232bg2h6tk0,Stade Brestois 29,Brest,Brest,BRE,243741,5lfki1zoxd4l96hjbr2rw3d2h,862,3adj8hkws0z1al232bg2h6tk0
Hugo Picard,554580.0,4.0,293.0,0.0,0.14,-0.14,3.0,0.0,0.0,0.05,Hugo,Picard,2003-05-09,23.38,154.0,22.0,Midfielder,Wing Back,es8xeko9cu9hvx5smdxiqan84,3unkqo2g6ag99gd5ynz1j7vse,Espérance Sportive Troyes Aube Champagne,Troyes,Troyes,TRO,40.0,542.697,24.0,270.9,1.0,0.0,2.0,0.0,13.567,11.288,4.0,3.0,11.0,0.0,1.0,19.0,6.0,31.579,0.0,0.0,0.0,,,,,,,,,,554580.0,293.0,4.0,10.0,6.0,6.67,40.0,0.724,0.64,0.0,0.0,Hugo,Picard,2003-05-09,23.38,154.0,22.0,Midfielder,Wing Back,es8xeko9cu9hvx5smdxiqan84,3unkqo2g6ag99gd5ynz1j7vse,Espérance Sportive Troyes Aube Champagne,Troyes,Troyes,TRO,554580.0,293.0,4.0,92.0,78.0,84.78,53.0,41.0,77.36,10.0,5.0,50.0,0.0,0.0,0.0,Hugo,Picard,2003-05-09,23.38,154.0,22.0,Midfielder,Wing Back,es8xeko9cu9hvx5smdxiqan84,3unkqo2g6ag99gd5ynz1j7vse,Espérance Sportive Troyes Aube Champagne,Troyes,Troyes,TRO,554580,es8xeko9cu9hvx5smdxiqan84,154,3unkqo2g6ag99gd5ynz1j7vse
Hákon Haraldsson,484842.0,4.0,307.0,1.0,0.59,0.41,5.0,4.0,20.0,0.12,Hákon,Haraldsson,2003-04-10,23.46,429.0,10.0,Midfielder,Attacking Midfielder,9t0jh9kfw1225c8hoj0pu8cbu,be2k34rut1lz79jxenabttqlc,Lille OSC,Lille,Lille,LIL,34.0,311.856,14.0,85.995,1.0,0.0,0.0,0.0,9.172,6.142,4.0,3.0,14.0,0.0,6.0,28.0,12.0,42.857,3.0,1.0,33.333,,,,,,,,,,484842.0,307.0,4.0,7.0,7.0,6.6,0.0,0.822,0.822,0.0,0.0,Hákon,Haraldsson,2003-04-10,23.46,429.0,10.0,Midfielder,Attacking Midfielder,9t0jh9kfw1225c8hoj0pu8cbu,be2k34rut1lz79jxenabttqlc,Lille OSC,Lille,Lille,LIL,484842.0,307.0,4.0,109.0,99.0,90.83,39.0,34.0,87.18,0.0,0.0,0.0,2.0,2.0,100.0,Hákon,Haraldsson,2003-04-10,23.46,429.0,10.0,Midfielder,Attacking Midfielder,9t0jh9kfw1225c8hoj0pu8cbu,be2k34rut1lz79jxenabttqlc,Lille OSC,Lille,Lille,LIL,484842,9t0jh9kfw1225c8hoj0pu8cbu,429,be2k34rut1lz79jxenabttqlc
Ibrahim Kanté,652158.0,0.0,0.0,0.0,0.0,0.0,0.0,0.0,0.0,0.0,Ibrahim,Kanté,2007-03-18,19.52,862.0,21.0,Forward,Winger,652158,3adj8hkws0z1al232bg2h6tk0,Stade Brestois 29,Brest,Brest,BRE,0.0,0.0,0.0,0.0,0.0,0.0,0.0,0.0,0.0,0.0,0.0,0.0,0.0,0.0,0.0,0.0,0.0,0.0,0.0,0.0,0.0,,,,,,,,,,652158.0,0.0,0.0,0.0,0.0,0.0,0.0,0.0,0.0,0.0,0.0,Ibrahim,Kanté,2007-03-18,19.52,862.0,21.0,Forward,Winger,652158,3adj8hkws0z1al232bg2h6tk0,Stade Brestois 29,Brest,Brest,BRE,652158.0,0.0,0.0,0.0,0.0,0.0,0.0,0.0,0.0,0.0,0.0,0.0,0.0,0.0,0.0,Ibrahim,Kanté,2007-03-18,19.52,862.0,21.0,Forward,Winger,652158,3adj8hkws0z1al232bg2h6tk0,Stade Brestois 29,Brest,Brest,BRE,652158,652158,862,3adj8hkws0z1al232bg2h6tk0
Ibrahima Baldé,546613.0,2.0,92.0,1.0,0.43,0.57,2.0,1.0,50.0,0.21,Ibrahima,Baldé,2003-01-17,23.68,694.0,18.0,Forward,Striker,37j0zfw9xb9gu2yim0vgjlyqc,70nn27vgkt6l48lvv5e66q7ww,FC Lorient,Lorient,Lorient,FCL,9.0,93.271,3.0,13.335,0.0,0.0,1.0,0.0,10.363,4.445,0.0,1.0,1.0,0.0,1.0,4.0,1.0,25.0,11.0,5.0,45.455,,,,,,,,,,546613.0,92.0,2.0,1.0,1.0,5.26,0.0,0.079,0.079,0.0,0.0,Ibrahima,Baldé,2003-01-17,23.68,694.0,18.0,Forward,Striker,37j0zfw9xb9gu2yim0vgjlyqc,70nn27vgkt6l48lvv5e66q7ww,FC Lorient,Lorient,Lorient,FCL,546613.0,92.0,2.0,20.0,16.0,80.0,9.0,7.0,77.78,0.0,0.0,0.0,1.0,0.0,0.0,Ibrahima,Baldé,2003-01-17,23.68,694.0,18.0,Forward,Striker,37j0zfw9xb9gu2yim0vgjlyqc,70nn27vgkt6l48lvv5e66q7ww,FC Lorient,Lorient,Lorient,FCL,546613,37j0zfw9xb9gu2yim0vgjlyqc,694,70nn27vgkt6l48lvv5e66q7ww
Idrissa Soukouna,749560.0,0.0,0.0,0.0,0.0,0.0,0.0,0.0,0.0,0.0,Idrissa,Soukouna,2008-08-10,18.12,154.0,36.0,Midfielder,Attacking Midfielder,749560,3unkqo2g6ag99gd5ynz1j7vse,Espérance Sportive Troyes Aube Champagne,Troyes,Troyes,TRO,0.0,0.0,0.0,0.0,0.0,0.0,0.0,0.0,0.0,0.0,0.0,0.0,0.0,0.0,0.0,0.0,0.0,0.0,0.0,0.0,0.0,,,,,,,,,,749560.0,0.0,0.0,0.0,0.0,0.0,0.0,0.0,0.0,0.0,0.0,Idrissa,Soukouna,2008-08-10,18.12,154.0,36.0,Midfielder,Attacking Midfielder,749560,3unkqo2g6ag99gd5ynz1j7vse,Espérance Sportive Troyes Aube Champagne,Troyes,Troyes,TRO,749560.0,0.0,0.0,0.0,0.0,0.0,0.0,0.0,0.0,0.0,0.0,0.0,0.0,0.0,0.0,Idrissa,Soukouna,2008-08-10,18.12,154.0,36.0,Midfielder,Attacking Midfielder,749560,3unkqo2g6ag99gd5ynz1j7vse,Espérance Sportive Troyes Aube Champagne,Troyes,Troyes,TRO,749560,749560,154,3unkqo2g6ag99gd5ynz1j7vse
Igor Paixão,483320.0,3.0,250.0,0.0,0.48,-0.48,4.0,2.0,0.0,0.12,Igor Guilherme,Barbosa da Paixão,2000-06-28,26.24,144.0,14.0,Forward,Winger,e0cy0gwf04lohf0xjef0af8fe,27xvwccz8kpmqsefjv2b2sc0o,Olympique de Marseille,Olympique Marseille,Marseille,OM,59.0,646.779,28.0,243.705,1.0,0.0,3.0,0.0,10.962,8.704,2.0,0.0,8.0,0.0,1.0,39.0,15.0,38.462,3.0,2.0,66.667,,,,,,,,,,483320.0,250.0,3.0,4.0,4.0,3.88,0.0,0.221,0.213,0.0,0.0,Igor Guilherme,Barbosa da Paixão,2000-06-28,26.24,144.0,14.0,Forward,Winger,e0cy0gwf04lohf0xjef0af8fe,27xvwccz8kpmqsefjv2b2sc0o,Olympique de Marseille,Olympique Marseille,Marseille,OM,483320.0,250.0,3.0,107.0,94.0,87.85,55.0,48.0,87.27,6.0,1.0,16.67,0.0,0.0,0.0,Igor Guilherme,Barbosa da Paixão,2000-06-28,26.24,144.0,14.0,Forward,Winger,e0cy0gwf04lohf0xjef0af8fe,27xvwccz8kpmqsefjv2b2sc0o,Olympique de Marseille,Olympique Marseille,Marseille,OM,483320,e0cy0gwf04lohf0xjef0af8fe,144,27xvwccz8kpmqsefjv2b2sc0o
Ilan Kebbal,511182.0,4.0,337.0,0.0,1.12,-1.12,9.0,3.0,0.0,0.12,Ilan,Kebbal,1998-07-10,28.21,2338.0,10.0,Midfielder,Attacking Midfielder,5l02insq2xjtf3dhna970modl,8v00fx2zwhiwm05tqqkt122p5,Paris FC,Paris FC,Paris FC,PAR,60.0,676.764,29.0,257.04,8.0,0.0,1.0,1.0,11.279,8.863,6.0,2.0,30.0,0.0,1.0,41.0,19.0,46.341,7.0,1.0,14.286,,,,,,,,,,511182.0,337.0,4.0,8.0,7.0,3.37,12.5,0.914,0.659,1.0,1.0,Ilan,Kebbal,1998-07-10,28.21,2338.0,10.0,Midfielder,Attacking Midfielder,5l02insq2xjtf3dhna970modl,8v00fx2zwhiwm05tqqkt122p5,Paris FC,Paris FC,Paris FC,PAR,511182.0,337.0,4.0,179.0,148.0,82.68,53.0,41.0,77.36,6.0,0.0,0.0,1.0,1.0,100.0,Ilan,Kebbal,1998-07-10,28.21,2338.0,10.0,Midfielder,Attacking Midfielder,5l02insq2xjtf3dhna970modl,8v00fx2zwhiwm05tqqkt122p5,Paris FC,Paris FC,Paris FC,PAR,511182,5l02insq2xjtf3dhna970modl,2338,8v00fx2zwhiwm05tqqkt122p5
Ilane Touré,633698.0,1.0,10.0,0.0,0.0,0.0,0.0,0.0,0.0,0.0,Ilane,Touré,2006-08-04,20.14,146.0,49.0,Midfielder,0,3hsh863l2s8rhwu8tpjo7lus4,4t4hod56fsj7utpjdor8so5q6,AS Monaco FC,Monaco,Monaco,ASM,1.0,10.034,0.0,-9.975,0.0,0.0,0.0,0.0,10.034,0.0,0.0,1.0,2.0,0.0,3.0,0.0,0.0,0.0,1.0,1.0,100.0,,,,,,,,,,633698.0,10.0,1.0,0.0,0.0,0.0,0.0,0.0,0.0,0.0,0.0,Ilane,Touré,2006-08-04,20.14,146.0,49.0,Midfielder,0,3hsh863l2s8rhwu8tpjo7lus4,4t4hod56fsj7utpjdor8so5q6,AS Monaco FC,Monaco,Monaco,ASM,633698.0,10.0,1.0,3.0,2.0,66.67,0.0,0.0,0.0,0.0,0.0,0.0,0.0,0.0,0.0,Ilane,Touré,2006-08-04,20.14,146.0,49.0,Midfielder,0,3hsh863l2s8rhwu8tpjo7lus4,4t4hod56fsj7utpjdor8so5q6,AS Monaco FC,Monaco,Monaco,ASM,633698,3hsh863l2s8rhwu8tpjo7lus4,146,4t4hod56fsj7utpjdor8so5q6
Illia Zabarnyi,477580.0,0.0,0.0,0.0,0.0,0.0,0.0,0.0,0.0,0.0,Illia,Zabarnyi,2002-09-01,24.06,149.0,6.0,Defender,Central Defender,477580,2b3mar72yy8d6uvat1ka6tn3r,Paris Saint-Germain FC,Paris Saint-Germain,Paris SG,PSG,0.0,0.0,0.0,0.0,0.0,0.0,0.0,0.0,0.0,0.0,0.0,0.0,0.0,0.0,0.0,0.0,0.0,0.0,0.0,0.0,0.0,,,,,,,,,,477580.0,0.0,0.0,0.0,0.0,0.0,0.0,0.0,0.0,0.0,0.0,Illia,Zabarnyi,2002-09-01,24.06,149.0,6.0,Defender,Central Defender,477580,2b3mar72yy8d6uvat1ka6tn3r,Paris Saint-Germain FC,Paris Saint-Germain,Paris SG,PSG,477580.0,0.0,0.0,0.0,0.0,0.0,0.0,0.0,0.0,0.0,0.0,0.0,0.0,0.0,0.0,Illia,Zabarnyi,2002-09-01,24.06,149.0,6.0,Defender,Central Defender,477580,2b3mar72yy8d6uvat1ka6tn3r,Paris Saint-Germain FC,Paris Saint-Germain,Paris SG,PSG,477580,477580,149,2b3mar72yy8d6uvat1ka6tn3r
Ilyas Azizi,616245.0,3.0,176.0,0.0,0.26,-0.26,4.0,1.0,0.0,0.06,Ilyas,Azizi,2008-04-13,18.44,427.0,37.0,Forward,Winger,hqovjub7s0u4vxreo51loqok,4aghw9tyi8ba3ju1ne83gmf9w,Toulouse FC,Toulouse,Toulouse,TFC,39.0,453.694,18.0,195.93,1.0,0.0,0.0,0.0,11.633,10.885,3.0,0.0,14.0,0.0,0.0,26.0,9.0,34.615,4.0,2.0,50.0,,,,,,,,,,616245.0,176.0,3.0,2.0,2.0,2.7,0.0,0.117,0.117,0.0,0.0,Ilyas,Azizi,2008-04-13,18.44,427.0,37.0,Forward,Winger,hqovjub7s0u4vxreo51loqok,4aghw9tyi8ba3ju1ne83gmf9w,Toulouse FC,Toulouse,Toulouse,TFC,616245.0,176.0,3.0,75.0,59.0,78.67,29.0,19.0,65.52,2.0,0.0,0.0,2.0,1.0,50.0,Ilyas,Azizi,2008-04-13,18.44,427.0,37.0,Forward,Winger,hqovjub7s0u4vxreo51loqok,4aghw9tyi8ba3ju1ne83gmf9w,Toulouse FC,Toulouse,Toulouse,TFC,616245,hqovjub7s0u4vxreo51loqok,427,4aghw9tyi8ba3ju1ne83gmf9w
Iron Gomis,480469.0,4.0,182.0,0.0,0.11,-0.11,3.0,0.0,0.0,0.04,Iron,Gomis,1999-11-09,26.88,154.0,11.0,Midfielder,Central Midfielder,83jbypvdtua0f2a50we2ndz6y,3unkqo2g6ag99gd5ynz1j7vse,Espérance Sportive Troyes Aube Champagne,Troyes,Troyes,TRO,13.0,110.503,3.0,-6.3,1.0,0.0,0.0,0.0,8.5,-2.1,4.0,1.0,7.0,1.0,4.0,15.0,8.0,53.333,11.0,7.0,63.636,,,,,,,,,,480469.0,182.0,4.0,1.0,1.0,2.63,0.0,0.033,0.033,0.0,0.0,Iron,Gomis,1999-11-09,26.88,154.0,11.0,Midfielder,Central Midfielder,83jbypvdtua0f2a50we2ndz6y,3unkqo2g6ag99gd5ynz1j7vse,Espérance Sportive Troyes Aube Champagne,Troyes,Troyes,TRO,480469.0,182.0,4.0,38.0,30.0,78.95,19.0,14.0,73.68,1.0,0.0,0.0,0.0,0.0,0.0,Iron,Gomis,1999-11-09,26.88,154.0,11.0,Midfielder,Central Midfielder,83jbypvdtua0f2a50we2ndz6y,3unkqo2g6ag99gd5ynz1j7vse,Espérance Sportive Troyes Aube Champagne,Troyes,Troyes,TRO,480469,83jbypvdtua0f2a50we2ndz6y,154,3unkqo2g6ag99gd5ynz1j7vse
Isaac Cossier,669390.0,1.0,14.0,0.0,0.0,0.0,0.0,0.0,0.0,0.0,Isaac,Cossier,2006-11-30,19.81,429.0,26.0,Defender,Central Defender,796gn0bbr4gw5rt9lnf0btqfo,be2k34rut1lz79jxenabttqlc,Lille OSC,Lille,Lille,LIL,0.0,0.0,0.0,0.0,0.0,0.0,0.0,0.0,0.0,0.0,1.0,0.0,0.0,0.0,2.0,1.0,1.0,100.0,1.0,0.0,0.0,,,,,,,,,,669390.0,14.0,1.0,0.0,0.0,0.0,0.0,0.0,0.0,0.0,0.0,Isaac,Cossier,2006-11-30,19.81,429.0,26.0,Defender,Central Defender,796gn0bbr4gw5rt9lnf0btqfo,be2k34rut1lz79jxenabttqlc,Lille OSC,Lille,Lille,LIL,669390.0,14.0,1.0,4.0,4.0,100.0,0.0,0.0,0.0,0.0,0.0,0.0,0.0,0.0,0.0,Isaac,Cossier,2006-11-30,19.81,429.0,26.0,Defender,Central Defender,796gn0bbr4gw5rt9lnf0btqfo,be2k34rut1lz79jxenabttqlc,Lille OSC,Lille,Lille,LIL,669390,796gn0bbr4gw5rt9lnf0btqfo,429,be2k34rut1lz79jxenabttqlc
Isaak Touré,512745.0,0.0,0.0,0.0,0.0,0.0,0.0,0.0,0.0,0.0,Isaak,Touré,2003-03-28,23.49,694.0,95.0,Defender,Central Defender,512745,70nn27vgkt6l48lvv5e66q7ww,FC Lorient,Lorient,Lorient,FCL,0.0,0.0,0.0,0.0,0.0,0.0,0.0,0.0,0.0,0.0,0.0,0.0,0.0,0.0,0.0,0.0,0.0,0.0,0.0,0.0,0.0,,,,,,,,,,512745.0,0.0,0.0,0.0,0.0,0.0,0.0,0.0,0.0,0.0,0.0,Isaak,Touré,2003-03-28,23.49,694.0,95.0,Defender,Central Defender,512745,70nn27vgkt6l48lvv5e66q7ww,FC Lorient,Lorient,Lorient,FCL,512745.0,0.0,0.0,0.0,0.0,0.0,0.0,0.0,0.0,0.0,0.0,0.0,0.0,0.0,0.0,Isaak,Touré,2003-03-28,23.49,694.0,95.0,Defender,Central Defender,512745,70nn27vgkt6l48lvv5e66q7ww,FC Lorient,Lorient,Lorient,FCL,512745,512745,694,70nn27vgkt6l48lvv5e66q7ww
Isak Jansson,469169.0,2.0,21.0,0.0,0.0,0.0,0.0,0.0,0.0,0.0,Isak,Jansson,2002-01-31,24.65,1395.0,21.0,Forward,Winger,bukiej33alpx4e0t5cpwxhx0q,bx0cdmzr2gwr70ez72dorx82p,OGC Nice Côte d'Azur,Nice,Nice,NIC,1.0,12.102,1.0,11.76,0.0,0.0,0.0,0.0,12.102,11.76,1.0,0.0,0.0,0.0,0.0,3.0,3.0,100.0,1.0,1.0,100.0,,,,,,,,,,469169.0,21.0,2.0,0.0,0.0,0.0,0.0,0.014,0.014,0.0,0.0,Isak,Jansson,2002-01-31,24.65,1395.0,21.0,Forward,Winger,bukiej33alpx4e0t5cpwxhx0q,bx0cdmzr2gwr70ez72dorx82p,OGC Nice Côte d'Azur,Nice,Nice,NIC,469169.0,21.0,2.0,8.0,6.0,75.0,3.0,3.0,100.0,1.0,0.0,0.0,0.0,0.0,0.0,Isak,Jansson,2002-01-31,24.65,1395.0,21.0,Forward,Winger,bukiej33alpx4e0t5cpwxhx0q,bx0cdmzr2gwr70ez72dorx82p,OGC Nice Côte d'Azur,Nice,Nice,NIC,469169,bukiej33alpx4e0t5cpwxhx0q,1395,bx0cdmzr2gwr70ez72dorx82p
Isak Jensen,513456.0,3.0,71.0,0.0,0.05,-0.05,2.0,0.0,0.0,0.03,Isak,Jensen,2003-12-23,22.75,694.0,10.0,Forward,0,73lwz4he5erpp25zi8crjvztg,70nn27vgkt6l48lvv5e66q7ww,FC Lorient,Lorient,Lorient,FCL,13.0,122.926,3.0,-7.56,1.0,0.0,0.0,0.0,9.456,-2.52,0.0,0.0,4.0,0.0,0.0,4.0,4.0,100.0,0.0,0.0,0.0,,,,,,,,,,513456.0,71.0,3.0,0.0,0.0,0.0,0.0,0.032,0.032,0.0,0.0,Isak,Jensen,2003-12-23,22.75,694.0,10.0,Forward,0,73lwz4he5erpp25zi8crjvztg,70nn27vgkt6l48lvv5e66q7ww,FC Lorient,Lorient,Lorient,FCL,513456.0,71.0,3.0,28.0,27.0,96.43,9.0,9.0,100.0,2.0,0.0,0.0,0.0,0.0,0.0,Isak,Jensen,2003-12-23,22.75,694.0,10.0,Forward,0,73lwz4he5erpp25zi8crjvztg,70nn27vgkt6l48lvv5e66q7ww,FC Lorient,Lorient,Lorient,FCL,513456,73lwz4he5erpp25zi8crjvztg,694,70nn27vgkt6l48lvv5e66q7ww
Ismaël Doukouré,511975.0,2.0,160.0,0.0,0.0,0.0,0.0,0.0,0.0,0.0,Ismaël,Doukouré,2003-07-24,23.17,153.0,6.0,Defender,Central Defender,7bba28af7hqhh7ruo91x2mk9g,71ajatxnuhc5cnm3xvgdky49w,RC Strasbourg Alsace,Strasbourg,Strasbourg,STR,32.0,312.473,9.0,46.2,0.0,0.0,0.0,0.0,9.765,5.133,2.0,0.0,10.0,1.0,6.0,6.0,3.0,50.0,5.0,4.0,80.0,,,,,,,,,,511975.0,160.0,2.0,0.0,0.0,0.0,0.0,0.005,0.005,0.0,0.0,Ismaël,Doukouré,2003-07-24,23.17,153.0,6.0,Defender,Central Defender,7bba28af7hqhh7ruo91x2mk9g,71ajatxnuhc5cnm3xvgdky49w,RC Strasbourg Alsace,Strasbourg,Strasbourg,STR,511975.0,160.0,2.0,93.0,85.0,91.4,3.0,2.0,66.67,0.0,0.0,0.0,0.0,0.0,0.0,Ismaël,Doukouré,2003-07-24,23.17,153.0,6.0,Defender,Central Defender,7bba28af7hqhh7ruo91x2mk9g,71ajatxnuhc5cnm3xvgdky49w,RC Strasbourg Alsace,Strasbourg,Strasbourg,STR,511975,7bba28af7hqhh7ruo91x2mk9g,153,71ajatxnuhc5cnm3xvgdky49w
Ismaëlo Ganiou,596121.0,3.0,259.0,1.0,0.68,0.32,3.0,2.0,33.33,0.23,Ismaëlo,Ganiou,2005-03-14,21.53,142.0,25.0,Defender,Central Defender,8ijrlhafx325b0bd78jc8duz8,3xedluek08t2ka7oypwuullcn,Racing Club de Lens,Lens,Lens,RCL,65.0,637.706,37.0,441.63,0.0,0.0,0.0,0.0,9.811,11.936,6.0,5.0,10.0,0.0,12.0,9.0,8.0,88.889,9.0,5.0,55.556,,,,,,,,,,596121.0,259.0,3.0,1.0,1.0,0.58,0.0,0.412,0.412,0.0,0.0,Ismaëlo,Ganiou,2005-03-14,21.53,142.0,25.0,Defender,Central Defender,8ijrlhafx325b0bd78jc8duz8,3xedluek08t2ka7oypwuullcn,Racing Club de Lens,Lens,Lens,RCL,596121.0,259.0,3.0,180.0,163.0,90.56,29.0,24.0,82.76,2.0,1.0,50.0,0.0,0.0,0.0,Ismaëlo,Ganiou,2005-03-14,21.53,142.0,25.0,Defender,Central Defender,8ijrlhafx325b0bd78jc8duz8,3xedluek08t2ka7oypwuullcn,Racing Club de Lens,Lens,Lens,RCL,596121,8ijrlhafx325b0bd78jc8duz8,142,3xedluek08t2ka7oypwuullcn
Ismaïl Bouneb,620407.0,1.0,10.0,0.0,0.0,0.0,0.0,0.0,0.0,0.0,Ismaïl,Bouneb,2006-06-07,20.3,141.0,44.0,Midfielder,Attacking Midfielder,645hnxvl62yb39el1u0nmc844,23pqcgxu1tip265hbe01kszbt,Le Havre AC,Le Havre,Le Havre,HAC,4.0,35.151,1.0,21.735,0.0,0.0,0.0,0.0,8.788,21.735,0.0,0.0,2.0,0.0,0.0,2.0,2.0,100.0,0.0,0.0,0.0,,,,,,,,,,620407.0,10.0,1.0,1.0,0.0,0.0,100.0,0.051,0.0,0.0,0.0,Ismaïl,Bouneb,2006-06-07,20.3,141.0,44.0,Midfielder,Attacking Midfielder,645hnxvl62yb39el1u0nmc844,23pqcgxu1tip265hbe01kszbt,Le Havre AC,Le Havre,Le Havre,HAC,620407.0,10.0,1.0,3.0,1.0,33.33,0.0,0.0,0.0,2.0,0.0,0.0,0.0,0.0,0.0,Ismaïl,Bouneb,2006-06-07,20.3,141.0,44.0,Midfielder,Attacking Midfielder,645hnxvl62yb39el1u0nmc844,23pqcgxu1tip265hbe01kszbt,Le Havre AC,Le Havre,Le Havre,HAC,620407,645hnxvl62yb39el1u0nmc844,141,23pqcgxu1tip265hbe01kszbt
Ismaïl Diallo,664866.0,4.0,146.0,0.0,0.02,-0.02,1.0,0.0,0.0,0.02,Ismaïl,Diallo,2003-08-23,23.09,427.0,94.0,Defender,Full Back,8kc4ody94t1mu45ozb7fayoes,4aghw9tyi8ba3ju1ne83gmf9w,Toulouse FC,Toulouse,Toulouse,TFC,23.0,278.634,11.0,134.82,0.0,0.0,0.0,0.0,12.115,12.256,4.0,0.0,8.0,1.0,4.0,13.0,9.0,69.231,1.0,0.0,0.0,,,,,,,,,,664866.0,146.0,4.0,0.0,0.0,0.0,0.0,0.039,0.038,0.0,0.0,Ismaïl,Diallo,2003-08-23,23.09,427.0,94.0,Defender,Full Back,8kc4ody94t1mu45ozb7fayoes,4aghw9tyi8ba3ju1ne83gmf9w,Toulouse FC,Toulouse,Toulouse,TFC,664866.0,146.0,4.0,60.0,42.0,70.0,21.0,14.0,66.67,4.0,0.0,0.0,0.0,0.0,0.0,Ismaïl,Diallo,2003-08-23,23.09,427.0,94.0,Defender,Full Back,8kc4ody94t1mu45ozb7fayoes,4aghw9tyi8ba3ju1ne83gmf9w,Toulouse FC,Toulouse,Toulouse,TFC,664866,8kc4ody94t1mu45ozb7fayoes,427,4aghw9tyi8ba3ju1ne83gmf9w
Issa Soumaré,495382.0,4.0,215.0,0.0,0.28,-0.28,5.0,1.0,0.0,0.06,Issa,Soumaré,2000-10-10,25.96,150.0,90.0,Forward,Winger,d1p2ke2ry7g9zfjfh93xmjvxm,z1wbqtd0fz5t5eezjvrbld3h,Stade Rennais FC,Rennes,Rennes,REN,17.0,239.406,9.0,119.805,1.0,0.0,1.0,1.0,14.083,13.312,2.0,3.0,5.0,2.0,5.0,17.0,9.0,52.941,11.0,6.0,54.545,,,,,,,,,,495382.0,215.0,4.0,2.0,2.0,1.67,0.0,0.064,0.064,1.0,1.0,Issa,Soumaré,2000-10-10,25.96,150.0,90.0,Forward,Winger,d1p2ke2ry7g9zfjfh93xmjvxm,z1wbqtd0fz5t5eezjvrbld3h,Stade Rennais FC,Rennes,Rennes,REN,495382.0,215.0,4.0,60.0,42.0,70.0,28.0,19.0,67.86,3.0,0.0,0.0,0.0,0.0,0.0,Issa,Soumaré,2000-10-10,25.96,150.0,90.0,Forward,Winger,d1p2ke2ry7g9zfjfh93xmjvxm,z1wbqtd0fz5t5eezjvrbld3h,Stade Rennais FC,Rennes,Rennes,REN,495382,d1p2ke2ry7g9zfjfh93xmjvxm,150,z1wbqtd0fz5t5eezjvrbld3h
Issiaga Camara,632701.0,0.0,0.0,0.0,0.0,0.0,0.0,0.0,0.0,0.0,Issiaga,Camara,2005-02-02,21.64,1395.0,22.0,Midfielder,Central Midfielder,632701,bx0cdmzr2gwr70ez72dorx82p,OGC Nice Côte d'Azur,Nice,Nice,NIC,0.0,0.0,0.0,0.0,0.0,0.0,0.0,0.0,0.0,0.0,0.0,0.0,0.0,0.0,0.0,0.0,0.0,0.0,0.0,0.0,0.0,,,,,,,,,,632701.0,0.0,0.0,0.0,0.0,0.0,0.0,0.0,0.0,0.0,0.0,Issiaga,Camara,2005-02-02,21.64,1395.0,22.0,Midfielder,Central Midfielder,632701,bx0cdmzr2gwr70ez72dorx82p,OGC Nice Côte d'Azur,Nice,Nice,NIC,632701.0,0.0,0.0,0.0,0.0,0.0,0.0,0.0,0.0,0.0,0.0,0.0,0.0,0.0,0.0,Issiaga,Camara,2005-02-02,21.64,1395.0,22.0,Midfielder,Central Midfielder,632701,bx0cdmzr2gwr70ez72dorx82p,OGC Nice Côte d'Azur,Nice,Nice,NIC,632701,632701,1395,bx0cdmzr2gwr70ez72dorx82p
Jacen Russell-Rowe,448010.0,4.0,252.0,1.0,1.56,-0.56,8.0,4.0,12.5,0.2,Jacen,Russell-Rowe,2002-09-13,24.03,427.0,13.0,Forward,Striker,3nu7bqtarr9yo5abdj3len04q,4aghw9tyi8ba3ju1ne83gmf9w,Toulouse FC,Toulouse,Toulouse,TFC,20.0,195.715,9.0,84.0,4.0,1.0,0.0,0.0,9.786,9.333,1.0,1.0,6.0,0.0,4.0,14.0,2.0,14.286,11.0,2.0,18.182,,,,,,,,,,448010.0,252.0,4.0,2.0,2.0,4.44,0.0,0.387,0.387,0.0,0.0,Jacen,Russell-Rowe,2002-09-13,24.03,427.0,13.0,Forward,Striker,3nu7bqtarr9yo5abdj3len04q,4aghw9tyi8ba3ju1ne83gmf9w,Toulouse FC,Toulouse,Toulouse,TFC,448010.0,252.0,4.0,50.0,42.0,84.0,28.0,23.0,82.14,2.0,0.0,0.0,1.0,1.0,100.0,Jacen,Russell-Rowe,2002-09-13,24.03,427.0,13.0,Forward,Striker,3nu7bqtarr9yo5abdj3len04q,4aghw9tyi8ba3ju1ne83gmf9w,Toulouse FC,Toulouse,Toulouse,TFC,448010,3nu7bqtarr9yo5abdj3len04q,427,4aghw9tyi8ba3ju1ne83gmf9w
Jacobo Ortega,499360.0,4.0,244.0,1.0,1.1,-0.1,6.0,4.0,16.67,0.18,Jacobo,Ortega,2006-05-29,20.32,153.0,30.0,Forward,Striker,ezzowlbde1lnuydv9zapzy8es,71ajatxnuhc5cnm3xvgdky49w,RC Strasbourg Alsace,Strasbourg,Strasbourg,STR,24.0,267.859,13.0,167.79,1.0,0.0,1.0,0.0,11.161,12.907,2.0,0.0,4.0,0.0,2.0,22.0,4.0,18.182,12.0,8.0,66.667,,,,,,,,,,499360.0,244.0,4.0,4.0,4.0,6.25,0.0,0.539,0.539,1.0,1.0,Jacobo,Ortega,2006-05-29,20.32,153.0,30.0,Forward,Striker,ezzowlbde1lnuydv9zapzy8es,71ajatxnuhc5cnm3xvgdky49w,RC Strasbourg Alsace,Strasbourg,Strasbourg,STR,499360.0,244.0,4.0,50.0,31.0,62.0,31.0,17.0,54.84,3.0,1.0,33.33,0.0,0.0,0.0,Jacobo,Ortega,2006-05-29,20.32,153.0,30.0,Forward,Striker,ezzowlbde1lnuydv9zapzy8es,71ajatxnuhc5cnm3xvgdky49w,RC Strasbourg Alsace,Strasbourg,Strasbourg,STR,499360,ezzowlbde1lnuydv9zapzy8es,153,71ajatxnuhc5cnm3xvgdky49w
Jacques Ekomié,564920.0,1.0,90.0,0.0,0.07,-0.07,2.0,0.0,0.0,0.04,Jacques,Ekomié,2003-08-19,23.1,2128.0,3.0,Defender,Full Back,4hfq1ngrroah5xew91woxg07o,75qj99fhg5c0ztj2tva5u4uii,Angers Sporting Club de l'Ouest,Angers,Angers,SCO,11.0,102.676,9.0,79.275,0.0,0.0,0.0,0.0,9.334,8.808,3.0,2.0,2.0,0.0,1.0,10.0,4.0,40.0,1.0,1.0,100.0,,,,,,,,,,564920.0,90.0,1.0,0.0,0.0,0.0,0.0,0.008,0.007,0.0,0.0,Jacques,Ekomié,2003-08-19,23.1,2128.0,3.0,Defender,Full Back,4hfq1ngrroah5xew91woxg07o,75qj99fhg5c0ztj2tva5u4uii,Angers Sporting Club de l'Ouest,Angers,Angers,SCO,564920.0,90.0,1.0,30.0,25.0,83.33,10.0,8.0,80.0,3.0,0.0,0.0,0.0,0.0,0.0,Jacques,Ekomié,2003-08-19,23.1,2128.0,3.0,Defender,Full Back,4hfq1ngrroah5xew91woxg07o,75qj99fhg5c0ztj2tva5u4uii,Angers Sporting Club de l'Ouest,Angers,Angers,SCO,564920,4hfq1ngrroah5xew91woxg07o,2128,75qj99fhg5c0ztj2tva5u4uii
Jean Vercruysse,477712.0,3.0,156.0,0.0,0.4,-0.4,3.0,0.0,0.0,0.13,Jean,Vercruysse,2000-07-03,26.23,920.0,10.0,Midfielder,Central Midfielder,8lgdc9gtgcapv0pe6gvznt562,bj8hrmj01r3zit0x8r6qm2eu2,Le Mans FC,Le Mans,Le Mans,LEM,13.0,111.846,6.0,42.735,0.0,0.0,1.0,0.0,8.604,7.122,2.0,2.0,10.0,2.0,2.0,13.0,5.0,38.462,3.0,1.0,33.333,,,,,,,,,,477712.0,156.0,3.0,2.0,2.0,2.08,0.0,0.063,0.063,1.0,1.0,Jean,Vercruysse,2000-07-03,26.23,920.0,10.0,Midfielder,Central Midfielder,8lgdc9gtgcapv0pe6gvznt562,bj8hrmj01r3zit0x8r6qm2eu2,Le Mans FC,Le Mans,Le Mans,LEM,477712.0,156.0,3.0,48.0,34.0,70.83,13.0,8.0,61.54,2.0,0.0,0.0,0.0,0.0,0.0,Jean,Vercruysse,2000-07-03,26.23,920.0,10.0,Midfielder,Central Midfielder,8lgdc9gtgcapv0pe6gvznt562,bj8hrmj01r3zit0x8r6qm2eu2,Le Mans FC,Le Mans,Le Mans,LEM,477712,8lgdc9gtgcapv0pe6gvznt562,920,bj8hrmj01r3zit0x8r6qm2eu2
Jean-Clair Todibo,462116.0,1.0,35.0,0.0,0.02,-0.02,1.0,0.0,0.0,0.02,Jean-Clair,Todibo,1999-12-30,26.74,142.0,20.0,Defender,Central Defender,7cp51c8zn7y08iyk0hc9ix5nt,3xedluek08t2ka7oypwuullcn,Racing Club de Lens,Lens,Lens,RCL,4.0,42.854,4.0,38.115,0.0,0.0,0.0,0.0,10.714,9.529,0.0,0.0,1.0,0.0,3.0,2.0,0.0,0.0,0.0,0.0,0.0,,,,,,,,,,462116.0,35.0,1.0,1.0,1.0,5.88,0.0,0.002,0.001,0.0,0.0,Jean-Clair,Todibo,1999-12-30,26.74,142.0,20.0,Defender,Central Defender,7cp51c8zn7y08iyk0hc9ix5nt,3xedluek08t2ka7oypwuullcn,Racing Club de Lens,Lens,Lens,RCL,462116.0,35.0,1.0,22.0,19.0,86.36,0.0,0.0,0.0,0.0,0.0,0.0,0.0,0.0,0.0,Jean-Clair,Todibo,1999-12-30,26.74,142.0,20.0,Defender,Central Defender,7cp51c8zn7y08iyk0hc9ix5nt,3xedluek08t2ka7oypwuullcn,Racing Club de Lens,Lens,Lens,RCL,462116,7cp51c8zn7y08iyk0hc9ix5nt,142,3xedluek08t2ka7oypwuullcn
Jean-Philippe Krasso,424920.0,0.0,0.0,0.0,0.0,0.0,0.0,0.0,0.0,0.0,Jean-Philippe,Krasso,1997-07-17,29.19,2338.0,11.0,Forward,Striker,424920,8v00fx2zwhiwm05tqqkt122p5,Paris FC,Paris FC,Paris FC,PAR,0.0,0.0,0.0,0.0,0.0,0.0,0.0,0.0,0.0,0.0,0.0,0.0,0.0,0.0,0.0,0.0,0.0,0.0,0.0,0.0,0.0,,,,,,,,,,424920.0,0.0,0.0,0.0,0.0,0.0,0.0,0.0,0.0,0.0,0.0,Jean-Philippe,Krasso,1997-07-17,29.19,2338.0,11.0,Forward,Striker,424920,8v00fx2zwhiwm05tqqkt122p5,Paris FC,Paris FC,Paris FC,PAR,424920.0,0.0,0.0,0.0,0.0,0.0,0.0,0.0,0.0,0.0,0.0,0.0,0.0,0.0,0.0,Jean-Philippe,Krasso,1997-07-17,29.19,2338.0,11.0,Forward,Striker,424920,8v00fx2zwhiwm05tqqkt122p5,Paris FC,Paris FC,Paris FC,PAR,424920,424920,2338,8v00fx2zwhiwm05tqqkt122p5
Jean-Victor Makengo,199666.0,4.0,343.0,1.0,1.08,-0.08,7.0,2.0,14.29,0.15,Jean-Victor,Makengo,1998-06-12,28.29,694.0,17.0,Midfielder,Central Midfielder,60no437awq8i5th7nlffh3dn9,70nn27vgkt6l48lvv5e66q7ww,FC Lorient,Lorient,Lorient,FCL,53.0,557.346,25.0,188.475,1.0,0.0,1.0,0.0,10.516,7.539,6.0,1.0,20.0,1.0,3.0,39.0,23.0,58.974,8.0,3.0,37.5,,,,,,,,,,199666.0,343.0,4.0,3.0,3.0,2.07,0.0,0.47,0.47,0.0,0.0,Jean-Victor,Makengo,1998-06-12,28.29,694.0,17.0,Midfielder,Central Midfielder,60no437awq8i5th7nlffh3dn9,70nn27vgkt6l48lvv5e66q7ww,FC Lorient,Lorient,Lorient,FCL,199666.0,343.0,4.0,147.0,131.0,89.12,43.0,36.0,83.72,2.0,0.0,0.0,1.0,1.0,100.0,Jean-Victor,Makengo,1998-06-12,28.29,694.0,17.0,Midfielder,Central Midfielder,60no437awq8i5th7nlffh3dn9,70nn27vgkt6l48lvv5e66q7ww,FC Lorient,Lorient,Lorient,FCL,199666,60no437awq8i5th7nlffh3dn9,694,70nn27vgkt6l48lvv5e66q7ww
Jeffrey de Lange,,,,,,,,,,,,,,,,,,,,,,,,,,,,,,,,,,,,,,,,,,,,,,360.0,100.0,0.0,6.0,15.0,71.43,2.64,1.33,8.64,,,,,,,,,,,,,,,,,,,,,,,,,,,,,,,,,,,,,,,,,,,,,,,,,,,,,,,216272,4odeml6s5vm38m9u7tnh6n8id,144,27xvwccz8kpmqsefjv2b2sc0o
Jeyland Mitchell,622116.0,3.0,270.0,0.0,0.16,-0.16,1.0,0.0,0.0,0.16,Jeyland,Mitchell,2004-09-29,21.98,153.0,4.0,Defender,Central Defender,3yj2ba2v9rw4odrwqyx2v3f2s,71ajatxnuhc5cnm3xvgdky49w,RC Strasbourg Alsace,Strasbourg,Strasbourg,STR,39.0,334.49,22.0,182.805,0.0,0.0,0.0,0.0,8.577,8.309,6.0,6.0,7.0,4.0,17.0,11.0,6.0,54.545,11.0,8.0,72.727,,,,,,,,,,622116.0,270.0,3.0,0.0,0.0,0.0,0.0,0.041,0.034,0.0,0.0,Jeyland,Mitchell,2004-09-29,21.98,153.0,4.0,Defender,Central Defender,3yj2ba2v9rw4odrwqyx2v3f2s,71ajatxnuhc5cnm3xvgdky49w,RC Strasbourg Alsace,Strasbourg,Strasbourg,STR,622116.0,270.0,3.0,187.0,169.0,90.37,28.0,17.0,60.71,0.0,0.0,0.0,0.0,0.0,0.0,Jeyland,Mitchell,2004-09-29,21.98,153.0,4.0,Defender,Central Defender,3yj2ba2v9rw4odrwqyx2v3f2s,71ajatxnuhc5cnm3xvgdky49w,RC Strasbourg Alsace,Strasbourg,Strasbourg,STR,622116,3yj2ba2v9rw4odrwqyx2v3f2s,153,71ajatxnuhc5cnm3xvgdky49w
Jim Allevinah,473389.0,4.0,295.0,0.0,0.65,-0.65,10.0,2.0,0.0,0.06,Jim,Allevinah,1995-02-27,31.58,2128.0,18.0,Forward,Striker,bt2pm0it9f1o216uxo3abfpbd,75qj99fhg5c0ztj2tva5u4uii,Angers Sporting Club de l'Ouest,Angers,Angers,SCO,45.0,596.662,28.0,351.645,5.0,0.0,1.0,0.0,13.259,12.559,3.0,2.0,15.0,0.0,1.0,26.0,12.0,46.154,6.0,2.0,33.333,,,,,,,,,,473389.0,295.0,4.0,4.0,4.0,4.6,0.0,0.854,0.854,0.0,0.0,Jim,Allevinah,1995-02-27,31.58,2128.0,18.0,Forward,Striker,bt2pm0it9f1o216uxo3abfpbd,75qj99fhg5c0ztj2tva5u4uii,Angers Sporting Club de l'Ouest,Angers,Angers,SCO,473389.0,295.0,4.0,87.0,73.0,83.91,35.0,29.0,82.86,13.0,4.0,30.77,0.0,0.0,0.0,Jim,Allevinah,1995-02-27,31.58,2128.0,18.0,Forward,Striker,bt2pm0it9f1o216uxo3abfpbd,75qj99fhg5c0ztj2tva5u4uii,Angers Sporting Club de l'Ouest,Angers,Angers,SCO,473389,bt2pm0it9f1o216uxo3abfpbd,2128,75qj99fhg5c0ztj2tva5u4uii
Jonathan Clauss,221095.0,4.0,338.0,0.0,0.92,-0.92,12.0,3.0,0.0,0.08,Jonathan,Clauss,1992-09-25,34.0,1395.0,92.0,Defender,Full Back,c4w6l0ha9pvwljyh3aejqz3yt,bx0cdmzr2gwr70ez72dorx82p,OGC Nice Côte d'Azur,Nice,Nice,NIC,44.0,367.145,22.0,115.605,1.0,0.0,2.0,0.0,8.344,5.255,6.0,2.0,19.0,0.0,7.0,20.0,10.0,50.0,4.0,4.0,100.0,,,,,,,,,,221095.0,338.0,4.0,7.0,7.0,3.83,0.0,1.505,1.381,0.0,0.0,Jonathan,Clauss,1992-09-25,34.0,1395.0,92.0,Defender,Full Back,c4w6l0ha9pvwljyh3aejqz3yt,bx0cdmzr2gwr70ez72dorx82p,OGC Nice Côte d'Azur,Nice,Nice,NIC,221095.0,338.0,4.0,186.0,148.0,79.57,93.0,69.0,74.19,25.0,7.0,28.0,1.0,1.0,100.0,Jonathan,Clauss,1992-09-25,34.0,1395.0,92.0,Defender,Full Back,c4w6l0ha9pvwljyh3aejqz3yt,bx0cdmzr2gwr70ez72dorx82p,OGC Nice Côte d'Azur,Nice,Nice,NIC,221095,c4w6l0ha9pvwljyh3aejqz3yt,1395,bx0cdmzr2gwr70ez72dorx82p
Jonathan Gradit,176501.0,1.0,55.0,0.0,0.03,-0.03,1.0,0.0,0.0,0.03,Jonathan,Gradit,1992-11-24,33.84,142.0,24.0,Defender,Central Defender,4t4u4725escxjm2gwz5e7lpsl,3xedluek08t2ka7oypwuullcn,Racing Club de Lens,Lens,Lens,RCL,3.0,19.065,1.0,17.64,0.0,0.0,0.0,0.0,6.355,17.64,0.0,1.0,0.0,1.0,2.0,1.0,0.0,0.0,4.0,1.0,25.0,,,,,,,,,,176501.0,55.0,1.0,0.0,0.0,0.0,0.0,0.0,0.0,0.0,0.0,Jonathan,Gradit,1992-11-24,33.84,142.0,24.0,Defender,Central Defender,4t4u4725escxjm2gwz5e7lpsl,3xedluek08t2ka7oypwuullcn,Racing Club de Lens,Lens,Lens,RCL,176501.0,55.0,1.0,28.0,28.0,100.0,0.0,0.0,0.0,0.0,0.0,0.0,0.0,0.0,0.0,Jonathan,Gradit,1992-11-24,33.84,142.0,24.0,Defender,Central Defender,4t4u4725escxjm2gwz5e7lpsl,3xedluek08t2ka7oypwuullcn,Racing Club de Lens,Lens,Lens,RCL,176501,4t4u4725escxjm2gwz5e7lpsl,142,3xedluek08t2ka7oypwuullcn
Jonathan Ikoné,199672.0,1.0,3.0,0.0,0.0,0.0,0.0,0.0,0.0,0.0,Jonathan,Ikoné,1998-05-02,28.4,2338.0,93.0,Forward,Winger,b5cqy1xamdj38bh87gvz4iac5,8v00fx2zwhiwm05tqqkt122p5,Paris FC,Paris FC,Paris FC,PAR,0.0,0.0,0.0,0.0,0.0,0.0,0.0,0.0,0.0,0.0,0.0,0.0,0.0,0.0,0.0,2.0,0.0,0.0,0.0,0.0,0.0,,,,,,,,,,199672.0,3.0,1.0,0.0,0.0,0.0,0.0,0.0,0.0,0.0,0.0,Jonathan,Ikoné,1998-05-02,28.4,2338.0,93.0,Forward,Winger,b5cqy1xamdj38bh87gvz4iac5,8v00fx2zwhiwm05tqqkt122p5,Paris FC,Paris FC,Paris FC,PAR,199672.0,3.0,1.0,0.0,0.0,0.0,0.0,0.0,0.0,0.0,0.0,0.0,0.0,0.0,0.0,Jonathan,Ikoné,1998-05-02,28.4,2338.0,93.0,Forward,Winger,b5cqy1xamdj38bh87gvz4iac5,8v00fx2zwhiwm05tqqkt122p5,Paris FC,Paris FC,Paris FC,PAR,199672,b5cqy1xamdj38bh87gvz4iac5,2338,8v00fx2zwhiwm05tqqkt122p5
Jordan Lefort,228289.0,4.0,360.0,0.0,0.0,0.0,0.0,0.0,0.0,0.0,Jordan,Lefort,1993-08-09,33.13,2128.0,21.0,Defender,Central Defender,ar3g1flq7vgbl90q9t1v4y02d,75qj99fhg5c0ztj2tva5u4uii,Angers Sporting Club de l'Ouest,Angers,Angers,SCO,71.0,709.711,41.0,368.13,0.0,0.0,0.0,0.0,9.996,8.979,2.0,1.0,22.0,6.0,23.0,17.0,7.0,41.176,8.0,2.0,25.0,,,,,,,,,,228289.0,360.0,4.0,3.0,3.0,1.38,0.0,0.409,0.408,0.0,0.0,Jordan,Lefort,1993-08-09,33.13,2128.0,21.0,Defender,Central Defender,ar3g1flq7vgbl90q9t1v4y02d,75qj99fhg5c0ztj2tva5u4uii,Angers Sporting Club de l'Ouest,Angers,Angers,SCO,228289.0,360.0,4.0,231.0,194.0,83.98,33.0,18.0,54.55,6.0,2.0,33.33,1.0,1.0,100.0,Jordan,Lefort,1993-08-09,33.13,2128.0,21.0,Defender,Central Defender,ar3g1flq7vgbl90q9t1v4y02d,75qj99fhg5c0ztj2tva5u4uii,Angers Sporting Club de l'Ouest,Angers,Angers,SCO,228289,ar3g1flq7vgbl90q9t1v4y02d,2128,75qj99fhg5c0ztj2tva5u4uii
Jordan Teze,222695.0,1.0,38.0,0.0,0.0,0.0,0.0,0.0,0.0,0.0,Jordan,Teze,1999-09-30,26.99,146.0,4.0,Defender,Full Back,2e0o5pwinz3zhg9pqg5vej9ih,4t4hod56fsj7utpjdor8so5q6,AS Monaco FC,Monaco,Monaco,ASM,1.0,12.59,0.0,-2.31,0.0,0.0,0.0,0.0,12.59,0.0,2.0,1.0,1.0,1.0,5.0,4.0,2.0,50.0,0.0,0.0,0.0,,,,,,,,,,222695.0,38.0,1.0,1.0,1.0,0.0,0.0,0.527,0.527,1.0,1.0,Jordan,Teze,1999-09-30,26.99,146.0,4.0,Defender,Full Back,2e0o5pwinz3zhg9pqg5vej9ih,4t4hod56fsj7utpjdor8so5q6,AS Monaco FC,Monaco,Monaco,ASM,222695.0,38.0,1.0,8.0,7.0,87.5,2.0,1.0,50.0,0.0,0.0,0.0,0.0,0.0,0.0,Jordan,Teze,1999-09-30,26.99,146.0,4.0,Defender,Full Back,2e0o5pwinz3zhg9pqg5vej9ih,4t4hod56fsj7utpjdor8so5q6,AS Monaco FC,Monaco,Monaco,ASM,222695,2e0o5pwinz3zhg9pqg5vej9ih,146,4t4hod56fsj7utpjdor8so5q6
Joris Chotard,477711.0,4.0,348.0,0.0,0.22,-0.22,6.0,2.0,0.0,0.04,Joris,Chotard,2001-09-24,25.0,862.0,13.0,Midfielder,Defensive Midfielder,7za8h1pgec0y2s1ihmkkfvpm2,3adj8hkws0z1al232bg2h6tk0,Stade Brestois 29,Brest,Brest,BRE,40.0,337.559,16.0,162.435,0.0,0.0,1.0,0.0,8.439,10.152,5.0,7.0,27.0,1.0,6.0,19.0,7.0,36.842,2.0,2.0,100.0,,,,,,,,,,477711.0,348.0,4.0,11.0,1.0,0.52,90.91,1.509,0.144,0.0,0.0,Joris,Chotard,2001-09-24,25.0,862.0,13.0,Midfielder,Defensive Midfielder,7za8h1pgec0y2s1ihmkkfvpm2,3adj8hkws0z1al232bg2h6tk0,Stade Brestois 29,Brest,Brest,BRE,477711.0,348.0,4.0,217.0,177.0,81.57,53.0,35.0,66.04,7.0,2.0,28.57,1.0,0.0,0.0,Joris,Chotard,2001-09-24,25.0,862.0,13.0,Midfielder,Defensive Midfielder,7za8h1pgec0y2s1ihmkkfvpm2,3adj8hkws0z1al232bg2h6tk0,Stade Brestois 29,Brest,Brest,BRE,477711,7za8h1pgec0y2s1ihmkkfvpm2,862,3adj8hkws0z1al232bg2h6tk0
Joseph Kalulu,633077.0,3.0,270.0,0.0,0.02,-0.02,1.0,0.0,0.0,0.02,Joseph,Kalulu,2004-11-29,21.82,2128.0,17.0,Defender,Full Back,9vpulgx0cava98j7tzkc43lzo,75qj99fhg5c0ztj2tva5u4uii,Angers Sporting Club de l'Ouest,Angers,Angers,SCO,33.0,389.546,18.0,219.66,0.0,0.0,0.0,0.0,11.804,12.203,4.0,4.0,15.0,1.0,7.0,21.0,14.0,66.667,0.0,0.0,0.0,,,,,,,,,,633077.0,270.0,3.0,0.0,0.0,0.0,0.0,0.028,0.025,0.0,0.0,Joseph,Kalulu,2004-11-29,21.82,2128.0,17.0,Defender,Full Back,9vpulgx0cava98j7tzkc43lzo,75qj99fhg5c0ztj2tva5u4uii,Angers Sporting Club de l'Ouest,Angers,Angers,SCO,633077.0,270.0,3.0,102.0,86.0,84.31,25.0,19.0,76.0,7.0,1.0,14.29,0.0,0.0,0.0,Joseph,Kalulu,2004-11-29,21.82,2128.0,17.0,Defender,Full Back,9vpulgx0cava98j7tzkc43lzo,75qj99fhg5c0ztj2tva5u4uii,Angers Sporting Club de l'Ouest,Angers,Angers,SCO,633077,9vpulgx0cava98j7tzkc43lzo,2128,75qj99fhg5c0ztj2tva5u4uii
Joseph Nonge,549915.0,4.0,117.0,0.0,0.01,-0.01,1.0,0.0,0.0,0.01,Joseph,Nonge,2005-05-15,21.36,862.0,7.0,Midfielder,Central Midfielder,49sl1kop4fnjrq5r26hwlls0k,3adj8hkws0z1al232bg2h6tk0,Stade Brestois 29,Brest,Brest,BRE,17.0,199.257,5.0,67.83,1.0,0.0,0.0,0.0,11.721,13.566,4.0,1.0,4.0,1.0,1.0,15.0,8.0,53.333,2.0,0.0,0.0,,,,,,,,,,549915.0,117.0,4.0,0.0,0.0,0.0,0.0,0.021,0.021,0.0,0.0,Joseph,Nonge,2005-05-15,21.36,862.0,7.0,Midfielder,Central Midfielder,49sl1kop4fnjrq5r26hwlls0k,3adj8hkws0z1al232bg2h6tk0,Stade Brestois 29,Brest,Brest,BRE,549915.0,117.0,4.0,34.0,22.0,64.71,13.0,7.0,53.85,1.0,0.0,0.0,0.0,0.0,0.0,Joseph,Nonge,2005-05-15,21.36,862.0,7.0,Midfielder,Central Midfielder,49sl1kop4fnjrq5r26hwlls0k,3adj8hkws0z1al232bg2h6tk0,Stade Brestois 29,Brest,Brest,BRE,549915,49sl1kop4fnjrq5r26hwlls0k,862,3adj8hkws0z1al232bg2h6tk0
Josh Maja,195480.0,4.0,187.0,0.0,0.68,-0.68,3.0,1.0,0.0,0.23,Josh,Maja,1998-12-27,27.75,141.0,9.0,Forward,Striker,ew2sm4xxnq9jvmwq70oz4y2g9,23pqcgxu1tip265hbe01kszbt,Le Havre AC,Le Havre,Le Havre,HAC,6.0,64.365,1.0,0.63,0.0,0.0,0.0,0.0,10.728,0.63,0.0,0.0,4.0,1.0,2.0,8.0,4.0,50.0,6.0,2.0,33.333,,,,,,,,,,195480.0,187.0,4.0,3.0,3.0,7.32,0.0,0.041,0.041,0.0,0.0,Josh,Maja,1998-12-27,27.75,141.0,9.0,Forward,Striker,ew2sm4xxnq9jvmwq70oz4y2g9,23pqcgxu1tip265hbe01kszbt,Le Havre AC,Le Havre,Le Havre,HAC,195480.0,187.0,4.0,45.0,36.0,80.0,15.0,10.0,66.67,0.0,0.0,0.0,0.0,0.0,0.0,Josh,Maja,1998-12-27,27.75,141.0,9.0,Forward,Striker,ew2sm4xxnq9jvmwq70oz4y2g9,23pqcgxu1tip265hbe01kszbt,Le Havre AC,Le Havre,Le Havre,HAC,195480,ew2sm4xxnq9jvmwq70oz4y2g9,141,23pqcgxu1tip265hbe01kszbt
Josué Casimir,509284.0,2.0,22.0,0.0,0.06,-0.06,2.0,0.0,0.0,0.03,Josué,Casimir,2001-09-24,25.0,138.0,7.0,Forward,Winger,1i1kglybnprrm3qliag8citm2,9bxav814mkuhueiyivyive82d,Association Jeunesse Auxerroise,Auxerre,Auxerre,AJA,4.0,73.743,3.0,57.435,0.0,0.0,0.0,0.0,18.436,19.145,2.0,0.0,2.0,0.0,0.0,6.0,4.0,66.667,1.0,1.0,100.0,,,,,,,,,,509284.0,22.0,2.0,0.0,0.0,0.0,0.0,0.088,0.088,0.0,0.0,Josué,Casimir,2001-09-24,25.0,138.0,7.0,Forward,Winger,1i1kglybnprrm3qliag8citm2,9bxav814mkuhueiyivyive82d,Association Jeunesse Auxerroise,Auxerre,Auxerre,AJA,509284.0,22.0,2.0,20.0,18.0,90.0,10.0,9.0,90.0,1.0,0.0,0.0,1.0,1.0,100.0,Josué,Casimir,2001-09-24,25.0,138.0,7.0,Forward,Winger,1i1kglybnprrm3qliag8citm2,9bxav814mkuhueiyivyive82d,Association Jeunesse Auxerroise,Auxerre,Auxerre,AJA,509284,1i1kglybnprrm3qliag8citm2,138,9bxav814mkuhueiyivyive82d
João Neves,551150.0,3.0,240.0,0.0,0.84,-0.84,7.0,3.0,0.0,0.12,João Pedro,Gonçalves Neves,2004-09-27,21.99,149.0,87.0,Midfielder,0,929ho421g2zacylfc97m23uac,2b3mar72yy8d6uvat1ka6tn3r,Paris Saint-Germain FC,Paris Saint-Germain,Paris SG,PSG,38.0,407.084,13.0,128.835,0.0,0.0,0.0,0.0,10.713,9.91,6.0,5.0,14.0,0.0,2.0,18.0,9.0,50.0,11.0,6.0,54.545,,,,,,,,,,551150.0,240.0,3.0,3.0,3.0,1.66,0.0,0.204,0.204,0.0,0.0,João Pedro,Gonçalves Neves,2004-09-27,21.99,149.0,87.0,Midfielder,0,929ho421g2zacylfc97m23uac,2b3mar72yy8d6uvat1ka6tn3r,Paris Saint-Germain FC,Paris Saint-Germain,Paris SG,PSG,551150.0,240.0,3.0,184.0,166.0,90.22,51.0,43.0,84.31,0.0,0.0,0.0,1.0,0.0,0.0,João Pedro,Gonçalves Neves,2004-09-27,21.99,149.0,87.0,Midfielder,0,929ho421g2zacylfc97m23uac,2b3mar72yy8d6uvat1ka6tn3r,Paris Saint-Germain FC,Paris Saint-Germain,Paris SG,PSG,551150,929ho421g2zacylfc97m23uac,149,2b3mar72yy8d6uvat1ka6tn3r
Jules Bouffandeau,749741.0,0.0,0.0,0.0,0.0,0.0,0.0,0.0,0.0,0.0,Jules,Bouffandeau,2009-07-25,17.16,2128.0,37.0,Midfielder,Central Midfielder,749741,75qj99fhg5c0ztj2tva5u4uii,Angers Sporting Club de l'Ouest,Angers,Angers,SCO,0.0,0.0,0.0,0.0,0.0,0.0,0.0,0.0,0.0,0.0,0.0,0.0,0.0,0.0,0.0,0.0,0.0,0.0,0.0,0.0,0.0,,,,,,,,,,749741.0,0.0,0.0,0.0,0.0,0.0,0.0,0.0,0.0,0.0,0.0,Jules,Bouffandeau,2009-07-25,17.16,2128.0,37.0,Midfielder,Central Midfielder,749741,75qj99fhg5c0ztj2tva5u4uii,Angers Sporting Club de l'Ouest,Angers,Angers,SCO,749741.0,0.0,0.0,0.0,0.0,0.0,0.0,0.0,0.0,0.0,0.0,0.0,0.0,0.0,0.0,Jules,Bouffandeau,2009-07-25,17.16,2128.0,37.0,Midfielder,Central Midfielder,749741,75qj99fhg5c0ztj2tva5u4uii,Angers Sporting Club de l'Ouest,Angers,Angers,SCO,749741,749741,2128,75qj99fhg5c0ztj2tva5u4uii
Julien Duranville,560114.0,1.0,63.0,0.0,0.0,0.0,0.0,0.0,0.0,0.0,Julien,Duranville,2006-05-05,20.39,143.0,24.0,Forward,Winger,e2w5cj66plnx3kuhnehgswsus,121le8unjfzug3iu9pgkqa1c7,Lyon,Olympique Lyonnais,Lyon,OL,7.0,55.519,2.0,16.275,0.0,0.0,0.0,0.0,7.931,8.137,0.0,0.0,1.0,0.0,0.0,4.0,2.0,50.0,0.0,0.0,0.0,,,,,,,,,,560114.0,63.0,1.0,0.0,0.0,0.0,0.0,0.063,0.063,0.0,0.0,Julien,Duranville,2006-05-05,20.39,143.0,24.0,Forward,Winger,e2w5cj66plnx3kuhnehgswsus,121le8unjfzug3iu9pgkqa1c7,Lyon,Olympique Lyonnais,Lyon,OL,560114.0,63.0,1.0,22.0,20.0,90.91,12.0,10.0,83.33,1.0,0.0,0.0,0.0,0.0,0.0,Julien,Duranville,2006-05-05,20.39,143.0,24.0,Forward,Winger,e2w5cj66plnx3kuhnehgswsus,121le8unjfzug3iu9pgkqa1c7,Lyon,Olympique Lyonnais,Lyon,OL,560114,e2w5cj66plnx3kuhnehgswsus,143,121le8unjfzug3iu9pgkqa1c7
Julián Vignolo,648413.0,3.0,171.0,0.0,0.28,-0.28,4.0,1.0,0.0,0.07,Julián,Vignolo,2006-12-07,19.79,427.0,7.0,Forward,Striker,bnvxzhxn1vv2pt76q43bu55p0,4aghw9tyi8ba3ju1ne83gmf9w,Toulouse FC,Toulouse,Toulouse,TFC,25.0,294.426,15.0,180.495,2.0,0.0,0.0,0.0,11.777,12.033,2.0,0.0,9.0,0.0,3.0,22.0,9.0,40.909,1.0,1.0,100.0,,,,,,,,,,648413.0,171.0,3.0,1.0,1.0,2.78,0.0,0.165,0.165,0.0,0.0,Julián,Vignolo,2006-12-07,19.79,427.0,7.0,Forward,Striker,bnvxzhxn1vv2pt76q43bu55p0,4aghw9tyi8ba3ju1ne83gmf9w,Toulouse FC,Toulouse,Toulouse,TFC,648413.0,171.0,3.0,36.0,26.0,72.22,22.0,15.0,68.18,7.0,1.0,14.29,1.0,0.0,0.0,Julián,Vignolo,2006-12-07,19.79,427.0,7.0,Forward,Striker,bnvxzhxn1vv2pt76q43bu55p0,4aghw9tyi8ba3ju1ne83gmf9w,Toulouse FC,Toulouse,Toulouse,TFC,648413,bnvxzhxn1vv2pt76q43bu55p0,427,4aghw9tyi8ba3ju1ne83gmf9w
Junior Diaz,592507.0,4.0,360.0,0.0,0.21,-0.21,3.0,1.0,0.0,0.07,Junior,Diaz,2003-07-23,23.17,154.0,4.0,Defender,Central Defender,eja2nphte2kxb19bz108zk7is,3unkqo2g6ag99gd5ynz1j7vse,Espérance Sportive Troyes Aube Champagne,Troyes,Troyes,TRO,32.0,379.779,15.0,178.395,1.0,0.0,0.0,0.0,11.868,11.893,4.0,5.0,13.0,2.0,10.0,9.0,4.0,44.444,10.0,7.0,70.0,,,,,,,,,,592507.0,360.0,4.0,0.0,0.0,0.0,0.0,0.185,0.185,0.0,0.0,Junior,Diaz,2003-07-23,23.17,154.0,4.0,Defender,Central Defender,eja2nphte2kxb19bz108zk7is,3unkqo2g6ag99gd5ynz1j7vse,Espérance Sportive Troyes Aube Champagne,Troyes,Troyes,TRO,592507.0,360.0,4.0,161.0,144.0,89.44,26.0,19.0,73.08,0.0,0.0,0.0,1.0,1.0,100.0,Junior,Diaz,2003-07-23,23.17,154.0,4.0,Defender,Central Defender,eja2nphte2kxb19bz108zk7is,3unkqo2g6ag99gd5ynz1j7vse,Espérance Sportive Troyes Aube Champagne,Troyes,Troyes,TRO,592507,eja2nphte2kxb19bz108zk7is,154,3unkqo2g6ag99gd5ynz1j7vse
Junior Kadile,503721.0,0.0,0.0,0.0,0.0,0.0,0.0,0.0,0.0,0.0,Junior,Kadile,2002-12-16,23.77,142.0,28.0,Forward,0,503721,3xedluek08t2ka7oypwuullcn,Racing Club de Lens,Lens,Lens,RCL,0.0,0.0,0.0,0.0,0.0,0.0,0.0,0.0,0.0,0.0,0.0,0.0,0.0,0.0,0.0,0.0,0.0,0.0,0.0,0.0,0.0,,,,,,,,,,503721.0,0.0,0.0,0.0,0.0,0.0,0.0,0.0,0.0,0.0,0.0,Junior,Kadile,2002-12-16,23.77,142.0,28.0,Forward,0,503721,3xedluek08t2ka7oypwuullcn,Racing Club de Lens,Lens,Lens,RCL,503721.0,0.0,0.0,0.0,0.0,0.0,0.0,0.0,0.0,0.0,0.0,0.0,0.0,0.0,0.0,Junior,Kadile,2002-12-16,23.77,142.0,28.0,Forward,0,503721,3xedluek08t2ka7oypwuullcn,Racing Club de Lens,Lens,Lens,RCL,503721,503721,142,3xedluek08t2ka7oypwuullcn
Junior Mwanga,578052.0,3.0,225.0,0.0,0.0,0.0,0.0,0.0,0.0,0.0,Junior,Mwanga,2003-05-11,23.37,141.0,6.0,Midfielder,Defensive Midfielder,4y1je8y7jioje2r96vf8zutxw,23pqcgxu1tip265hbe01kszbt,Le Havre AC,Le Havre,Le Havre,HAC,23.0,206.493,13.0,143.22,0.0,0.0,1.0,0.0,8.978,11.017,5.0,4.0,6.0,1.0,9.0,14.0,6.0,42.857,2.0,0.0,0.0,,,,,,,,,,578052.0,225.0,3.0,1.0,1.0,1.32,0.0,0.022,0.022,0.0,0.0,Junior,Mwanga,2003-05-11,23.37,141.0,6.0,Midfielder,Defensive Midfielder,4y1je8y7jioje2r96vf8zutxw,23pqcgxu1tip265hbe01kszbt,Le Havre AC,Le Havre,Le Havre,HAC,578052.0,225.0,3.0,79.0,70.0,88.61,11.0,9.0,81.82,1.0,0.0,0.0,1.0,0.0,0.0,Junior,Mwanga,2003-05-11,23.37,141.0,6.0,Midfielder,Defensive Midfielder,4y1je8y7jioje2r96vf8zutxw,23pqcgxu1tip265hbe01kszbt,Le Havre AC,Le Havre,Le Havre,HAC,578052,4y1je8y7jioje2r96vf8zutxw,141,23pqcgxu1tip265hbe01kszbt
Justin Bourgault,659788.0,1.0,2.0,0.0,0.0,0.0,0.0,0.0,0.0,0.0,Justin,Bourgault,2005-09-14,21.02,862.0,18.0,Defender,Full Back,dtq60oy7uyxjs7hob25ldpr10,3adj8hkws0z1al232bg2h6tk0,Stade Brestois 29,Brest,Brest,BRE,0.0,0.0,0.0,0.0,0.0,0.0,0.0,0.0,0.0,0.0,0.0,0.0,0.0,0.0,0.0,0.0,0.0,0.0,0.0,0.0,0.0,,,,,,,,,,659788.0,2.0,1.0,0.0,0.0,0.0,0.0,0.0,0.0,0.0,0.0,Justin,Bourgault,2005-09-14,21.02,862.0,18.0,Defender,Full Back,dtq60oy7uyxjs7hob25ldpr10,3adj8hkws0z1al232bg2h6tk0,Stade Brestois 29,Brest,Brest,BRE,659788.0,2.0,1.0,0.0,0.0,0.0,0.0,0.0,0.0,0.0,0.0,0.0,0.0,0.0,0.0,Justin,Bourgault,2005-09-14,21.02,862.0,18.0,Defender,Full Back,dtq60oy7uyxjs7hob25ldpr10,3adj8hkws0z1al232bg2h6tk0,Stade Brestois 29,Brest,Brest,BRE,659788,dtq60oy7uyxjs7hob25ldpr10,862,3adj8hkws0z1al232bg2h6tk0
Jérémy Le Douaron,511593.0,2.0,124.0,1.0,1.33,-0.33,5.0,1.0,20.0,0.27,Jérémy,Le Douaron,1998-04-21,28.43,154.0,9.0,Forward,Striker,3imcuejzt9r6zvvv1xbn5jbl6,3unkqo2g6ag99gd5ynz1j7vse,Espérance Sportive Troyes Aube Champagne,Troyes,Troyes,TRO,4.0,56.959,3.0,35.49,1.0,0.0,0.0,0.0,14.24,11.83,1.0,0.0,3.0,0.0,0.0,9.0,4.0,44.444,14.0,7.0,50.0,,,,,,,,,,511593.0,124.0,2.0,0.0,0.0,0.0,0.0,0.016,0.016,0.0,0.0,Jérémy,Le Douaron,1998-04-21,28.43,154.0,9.0,Forward,Striker,3imcuejzt9r6zvvv1xbn5jbl6,3unkqo2g6ag99gd5ynz1j7vse,Espérance Sportive Troyes Aube Champagne,Troyes,Troyes,TRO,511593.0,124.0,2.0,28.0,16.0,57.14,15.0,9.0,60.0,1.0,0.0,0.0,0.0,0.0,0.0,Jérémy,Le Douaron,1998-04-21,28.43,154.0,9.0,Forward,Striker,3imcuejzt9r6zvvv1xbn5jbl6,3unkqo2g6ag99gd5ynz1j7vse,Espérance Sportive Troyes Aube Champagne,Troyes,Troyes,TRO,511593,3imcuejzt9r6zvvv1xbn5jbl6,154,3unkqo2g6ag99gd5ynz1j7vse
Kaito Mizuta,547866.0,3.0,152.0,0.0,0.14,-0.14,3.0,0.0,0.0,0.05,Kaito,Mizuta,2000-04-08,26.46,141.0,17.0,Midfielder,Attacking Midfielder,blvsz17s5wjfnl2lg8xa60goa,23pqcgxu1tip265hbe01kszbt,Le Havre AC,Le Havre,Le Havre,HAC,18.0,246.729,11.0,128.52,1.0,0.0,0.0,0.0,13.707,11.684,4.0,0.0,2.0,0.0,1.0,10.0,6.0,60.0,0.0,0.0,0.0,,,,,,,,,,547866.0,152.0,3.0,5.0,4.0,8.0,20.0,0.326,0.298,0.0,0.0,Kaito,Mizuta,2000-04-08,26.46,141.0,17.0,Midfielder,Attacking Midfielder,blvsz17s5wjfnl2lg8xa60goa,23pqcgxu1tip265hbe01kszbt,Le Havre AC,Le Havre,Le Havre,HAC,547866.0,152.0,3.0,50.0,42.0,84.0,25.0,19.0,76.0,10.0,2.0,20.0,0.0,0.0,0.0,Kaito,Mizuta,2000-04-08,26.46,141.0,17.0,Midfielder,Attacking Midfielder,blvsz17s5wjfnl2lg8xa60goa,23pqcgxu1tip265hbe01kszbt,Le Havre AC,Le Havre,Le Havre,HAC,547866,blvsz17s5wjfnl2lg8xa60goa,141,23pqcgxu1tip265hbe01kszbt
Kamory Doumbia,559827.0,4.0,317.0,4.0,3.98,0.02,12.0,5.0,33.33,0.33,Kamory,Doumbia,2003-02-18,23.6,862.0,23.0,Midfielder,Attacking Midfielder,8gkexxgf3pypshhqwg6ibp7o4,3adj8hkws0z1al232bg2h6tk0,Stade Brestois 29,Brest,Brest,BRE,47.0,493.769,17.0,176.61,2.0,0.0,0.0,0.0,10.506,10.389,4.0,5.0,24.0,0.0,0.0,36.0,15.0,41.667,5.0,1.0,20.0,,,,,,,,,,559827.0,317.0,4.0,6.0,6.0,3.7,0.0,0.542,0.542,1.0,1.0,Kamory,Doumbia,2003-02-18,23.6,862.0,23.0,Midfielder,Attacking Midfielder,8gkexxgf3pypshhqwg6ibp7o4,3adj8hkws0z1al232bg2h6tk0,Stade Brestois 29,Brest,Brest,BRE,559827.0,317.0,4.0,135.0,118.0,87.41,37.0,29.0,78.38,0.0,0.0,0.0,0.0,0.0,0.0,Kamory,Doumbia,2003-02-18,23.6,862.0,23.0,Midfielder,Attacking Midfielder,8gkexxgf3pypshhqwg6ibp7o4,3adj8hkws0z1al232bg2h6tk0,Stade Brestois 29,Brest,Brest,BRE,559827,8gkexxgf3pypshhqwg6ibp7o4,862,3adj8hkws0z1al232bg2h6tk0
Kandet Diawara,496521.0,4.0,207.0,0.0,0.09,-0.09,2.0,0.0,0.0,0.05,Kandet,Diawara,2000-02-10,26.62,154.0,7.0,Forward,Winger,8bksz6c74dci1fvznxledrwiy,3unkqo2g6ag99gd5ynz1j7vse,Espérance Sportive Troyes Aube Champagne,Troyes,Troyes,TRO,36.0,440.423,21.0,249.9,0.0,0.0,2.0,1.0,12.234,11.9,3.0,2.0,7.0,0.0,1.0,15.0,9.0,60.0,4.0,2.0,50.0,,,,,,,,,,496521.0,207.0,4.0,3.0,3.0,3.57,0.0,0.892,0.89,1.0,1.0,Kandet,Diawara,2000-02-10,26.62,154.0,7.0,Forward,Winger,8bksz6c74dci1fvznxledrwiy,3unkqo2g6ag99gd5ynz1j7vse,Espérance Sportive Troyes Aube Champagne,Troyes,Troyes,TRO,496521.0,207.0,4.0,59.0,46.0,77.97,45.0,33.0,73.33,7.0,0.0,0.0,0.0,0.0,0.0,Kandet,Diawara,2000-02-10,26.62,154.0,7.0,Forward,Winger,8bksz6c74dci1fvznxledrwiy,3unkqo2g6ag99gd5ynz1j7vse,Espérance Sportive Troyes Aube Champagne,Troyes,Troyes,TRO,496521,8bksz6c74dci1fvznxledrwiy,154,3unkqo2g6ag99gd5ynz1j7vse
Karim Coulibaly,628995.0,3.0,28.0,0.0,0.0,0.0,0.0,0.0,0.0,0.0,Karim,Coulibaly,2007-05-23,19.34,153.0,31.0,Defender,Central Defender,8w9qk5a1mf1ecrm9pfncnafx0,71ajatxnuhc5cnm3xvgdky49w,RC Strasbourg Alsace,Strasbourg,Strasbourg,STR,2.0,18.813,2.0,16.17,0.0,0.0,0.0,0.0,9.406,8.085,0.0,0.0,1.0,2.0,5.0,1.0,0.0,0.0,0.0,0.0,0.0,,,,,,,,,,628995.0,28.0,3.0,0.0,0.0,0.0,0.0,0.0,0.0,0.0,0.0,Karim,Coulibaly,2007-05-23,19.34,153.0,31.0,Defender,Central Defender,8w9qk5a1mf1ecrm9pfncnafx0,71ajatxnuhc5cnm3xvgdky49w,RC Strasbourg Alsace,Strasbourg,Strasbourg,STR,628995.0,28.0,3.0,10.0,9.0,90.0,0.0,0.0,0.0,0.0,0.0,0.0,0.0,0.0,0.0,Karim,Coulibaly,2007-05-23,19.34,153.0,31.0,Defender,Central Defender,8w9qk5a1mf1ecrm9pfncnafx0,71ajatxnuhc5cnm3xvgdky49w,RC Strasbourg Alsace,Strasbourg,Strasbourg,STR,628995,8w9qk5a1mf1ecrm9pfncnafx0,153,71ajatxnuhc5cnm3xvgdky49w
Kaïl Boudache,632700.0,4.0,177.0,0.0,1.32,-1.32,7.0,1.0,0.0,0.19,Kaïl,Boudache,2006-06-15,20.27,143.0,26.0,Forward,Winger,89wbevcfzkyq9qepocguaef4k,121le8unjfzug3iu9pgkqa1c7,Lyon,Olympique Lyonnais,Lyon,OL,29.0,354.224,16.0,175.98,4.0,0.0,0.0,0.0,12.215,10.999,2.0,1.0,5.0,0.0,2.0,24.0,11.0,45.833,0.0,0.0,0.0,,,,,,,,,,632700.0,177.0,4.0,1.0,0.0,0.0,100.0,0.177,0.045,0.0,0.0,Kaïl,Boudache,2006-06-15,20.27,143.0,26.0,Forward,Winger,89wbevcfzkyq9qepocguaef4k,121le8unjfzug3iu9pgkqa1c7,Lyon,Olympique Lyonnais,Lyon,OL,632700.0,177.0,4.0,50.0,38.0,76.0,18.0,11.0,61.11,1.0,0.0,0.0,0.0,0.0,0.0,Kaïl,Boudache,2006-06-15,20.27,143.0,26.0,Forward,Winger,89wbevcfzkyq9qepocguaef4k,121le8unjfzug3iu9pgkqa1c7,Lyon,Olympique Lyonnais,Lyon,OL,632700,89wbevcfzkyq9qepocguaef4k,143,121le8unjfzug3iu9pgkqa1c7
Keito Nakamura,219274.0,1.0,15.0,0.0,0.0,0.0,0.0,0.0,0.0,0.0,Keito,Nakamura,2000-07-28,26.16,143.0,11.0,Forward,Winger,8wq90yejo2ktnfuzrkju45all,121le8unjfzug3iu9pgkqa1c7,Lyon,Olympique Lyonnais,Lyon,OL,1.0,10.946,1.0,10.92,0.0,0.0,0.0,0.0,10.946,10.92,1.0,0.0,0.0,0.0,0.0,2.0,1.0,50.0,0.0,0.0,0.0,,,,,,,,,,219274.0,15.0,1.0,0.0,0.0,0.0,0.0,0.0,0.0,0.0,0.0,Keito,Nakamura,2000-07-28,26.16,143.0,11.0,Forward,Winger,8wq90yejo2ktnfuzrkju45all,121le8unjfzug3iu9pgkqa1c7,Lyon,Olympique Lyonnais,Lyon,OL,219274.0,15.0,1.0,1.0,0.0,0.0,0.0,0.0,0.0,0.0,0.0,0.0,0.0,0.0,0.0,Keito,Nakamura,2000-07-28,26.16,143.0,11.0,Forward,Winger,8wq90yejo2ktnfuzrkju45all,121le8unjfzug3iu9pgkqa1c7,Lyon,Olympique Lyonnais,Lyon,OL,219274,8wq90yejo2ktnfuzrkju45all,143,121le8unjfzug3iu9pgkqa1c7
Kelyann Bezahaf,633742.0,0.0,0.0,0.0,0.0,0.0,0.0,0.0,0.0,0.0,Kelyann,Bezahaf,2006-05-16,20.36,144.0,74.0,Defender,Full Back,633742,27xvwccz8kpmqsefjv2b2sc0o,Olympique de Marseille,Olympique Marseille,Marseille,OM,0.0,0.0,0.0,0.0,0.0,0.0,0.0,0.0,0.0,0.0,0.0,0.0,0.0,0.0,0.0,0.0,0.0,0.0,0.0,0.0,0.0,,,,,,,,,,633742.0,0.0,0.0,0.0,0.0,0.0,0.0,0.0,0.0,0.0,0.0,Kelyann,Bezahaf,2006-05-16,20.36,144.0,74.0,Defender,Full Back,633742,27xvwccz8kpmqsefjv2b2sc0o,Olympique de Marseille,Olympique Marseille,Marseille,OM,633742.0,0.0,0.0,0.0,0.0,0.0,0.0,0.0,0.0,0.0,0.0,0.0,0.0,0.0,0.0,Kelyann,Bezahaf,2006-05-16,20.36,144.0,74.0,Defender,Full Back,633742,27xvwccz8kpmqsefjv2b2sc0o,Olympique de Marseille,Olympique Marseille,Marseille,OM,633742,633742,144,27xvwccz8kpmqsefjv2b2sc0o
Kenny Lala,92527.0,4.0,292.0,0.0,0.04,-0.04,2.0,0.0,0.0,0.02,Kenny,Lala,1991-10-03,34.98,862.0,70.0,Defender,Full Back,ef2n7d6rysar49toiz2k3obth,3adj8hkws0z1al232bg2h6tk0,Stade Brestois 29,Brest,Brest,BRE,48.0,551.693,32.0,398.895,0.0,0.0,5.0,0.0,11.494,12.465,6.0,0.0,14.0,0.0,9.0,17.0,11.0,64.706,3.0,1.0,33.333,,,,,,,,,,92527.0,292.0,4.0,7.0,7.0,5.26,0.0,0.729,0.713,0.0,0.0,Kenny,Lala,1991-10-03,34.98,862.0,70.0,Defender,Full Back,ef2n7d6rysar49toiz2k3obth,3adj8hkws0z1al232bg2h6tk0,Stade Brestois 29,Brest,Brest,BRE,92527.0,292.0,4.0,139.0,98.0,70.5,39.0,18.0,46.15,15.0,6.0,40.0,0.0,0.0,0.0,Kenny,Lala,1991-10-03,34.98,862.0,70.0,Defender,Full Back,ef2n7d6rysar49toiz2k3obth,3adj8hkws0z1al232bg2h6tk0,Stade Brestois 29,Brest,Brest,BRE,92527,ef2n7d6rysar49toiz2k3obth,862,3adj8hkws0z1al232bg2h6tk0
Kevin Trapp,,,,,,,,,,,,,,,,,,,,,,,,,,,,,,,,,,,,,,,,,,,,,,360.0,100.0,0.0,2.0,9.0,81.82,0.96,1.0,2.96,,,,,,,,,,,,,,,,,,,,,,,,,,,,,,,,,,,,,,,,,,,,,,,,,,,,,,,52482,7obuhegyo1qcoikt23egcsr85,2338,8v00fx2zwhiwm05tqqkt122p5
Keyliane Abdallah,634422.0,4.0,94.0,1.0,0.53,0.47,5.0,2.0,20.0,0.11,Keyliane,Abdallah,2006-04-05,20.47,144.0,48.0,Forward,Winger,57ssrnac8lqmbvn1ia1xmfs44,27xvwccz8kpmqsefjv2b2sc0o,Olympique de Marseille,Olympique Marseille,Marseille,OM,39.0,520.145,24.0,267.645,1.0,0.0,2.0,0.0,13.337,11.152,0.0,0.0,2.0,0.0,0.0,16.0,6.0,37.5,2.0,2.0,100.0,,,,,,,,,,634422.0,94.0,4.0,3.0,3.0,4.84,0.0,0.494,0.494,0.0,0.0,Keyliane,Abdallah,2006-04-05,20.47,144.0,48.0,Forward,Winger,57ssrnac8lqmbvn1ia1xmfs44,27xvwccz8kpmqsefjv2b2sc0o,Olympique de Marseille,Olympique Marseille,Marseille,OM,634422.0,94.0,4.0,62.0,53.0,85.48,27.0,23.0,85.19,8.0,2.0,25.0,0.0,0.0,0.0,Keyliane,Abdallah,2006-04-05,20.47,144.0,48.0,Forward,Winger,57ssrnac8lqmbvn1ia1xmfs44,27xvwccz8kpmqsefjv2b2sc0o,Olympique de Marseille,Olympique Marseille,Marseille,OM,634422,57ssrnac8lqmbvn1ia1xmfs44,144,27xvwccz8kpmqsefjv2b2sc0o
Khalis Merah,695367.0,1.0,23.0,0.0,0.0,0.0,0.0,0.0,0.0,0.0,Khalis,Merah,2007-02-24,19.58,143.0,18.0,Midfielder,Central Midfielder,aqht6kkszdz780zccbazy99g4,121le8unjfzug3iu9pgkqa1c7,Lyon,Olympique Lyonnais,Lyon,OL,4.0,26.663,1.0,-1.05,0.0,0.0,1.0,0.0,6.666,-1.05,4.0,0.0,0.0,0.0,0.0,5.0,4.0,80.0,0.0,0.0,0.0,,,,,,,,,,695367.0,23.0,1.0,1.0,1.0,7.69,0.0,0.631,0.631,0.0,0.0,Khalis,Merah,2007-02-24,19.58,143.0,18.0,Midfielder,Central Midfielder,aqht6kkszdz780zccbazy99g4,121le8unjfzug3iu9pgkqa1c7,Lyon,Olympique Lyonnais,Lyon,OL,695367.0,23.0,1.0,13.0,12.0,92.31,5.0,5.0,100.0,0.0,0.0,0.0,0.0,0.0,0.0,Khalis,Merah,2007-02-24,19.58,143.0,18.0,Midfielder,Central Midfielder,aqht6kkszdz780zccbazy99g4,121le8unjfzug3iu9pgkqa1c7,Lyon,Olympique Lyonnais,Lyon,OL,695367,aqht6kkszdz780zccbazy99g4,143,121le8unjfzug3iu9pgkqa1c7
Khvicha Kvaratskhelia,440668.0,4.0,224.0,0.0,0.51,-0.51,10.0,4.0,0.0,0.05,Khvicha,Kvaratskhelia,2001-02-12,25.61,149.0,7.0,Forward,Winger,4zy4d60v2qmaplm9xbe51y1gp,2b3mar72yy8d6uvat1ka6tn3r,Paris Saint-Germain FC,Paris Saint-Germain,Paris SG,PSG,54.0,592.251,17.0,115.71,1.0,0.0,3.0,0.0,10.968,6.806,2.0,1.0,7.0,0.0,0.0,26.0,12.0,46.154,0.0,0.0,0.0,,,,,,,,,,440668.0,224.0,4.0,6.0,5.0,4.2,0.0,0.971,0.969,1.0,0.0,Khvicha,Kvaratskhelia,2001-02-12,25.61,149.0,7.0,Forward,Winger,4zy4d60v2qmaplm9xbe51y1gp,2b3mar72yy8d6uvat1ka6tn3r,Paris Saint-Germain FC,Paris Saint-Germain,Paris SG,PSG,440668.0,224.0,4.0,121.0,111.0,91.74,62.0,55.0,88.71,6.0,2.0,33.33,1.0,0.0,0.0,Khvicha,Kvaratskhelia,2001-02-12,25.61,149.0,7.0,Forward,Winger,4zy4d60v2qmaplm9xbe51y1gp,2b3mar72yy8d6uvat1ka6tn3r,Paris Saint-Germain FC,Paris Saint-Germain,Paris SG,PSG,440668,4zy4d60v2qmaplm9xbe51y1gp,149,2b3mar72yy8d6uvat1ka6tn3r
Kyllian Antonio,634871.0,2.0,180.0,0.0,0.04,-0.04,1.0,0.0,0.0,0.04,Kyllian,Antonio,2008-01-04,18.72,142.0,32.0,Defender,Central Defender,5fuphn1nsmp0e3i3qshhdeyac,3xedluek08t2ka7oypwuullcn,Racing Club de Lens,Lens,Lens,RCL,20.0,210.169,9.0,108.885,0.0,0.0,0.0,0.0,10.508,12.098,4.0,2.0,9.0,1.0,5.0,10.0,8.0,80.0,7.0,1.0,14.286,,,,,,,,,,634871.0,180.0,2.0,1.0,1.0,0.93,0.0,0.062,0.062,0.0,0.0,Kyllian,Antonio,2008-01-04,18.72,142.0,32.0,Defender,Central Defender,5fuphn1nsmp0e3i3qshhdeyac,3xedluek08t2ka7oypwuullcn,Racing Club de Lens,Lens,Lens,RCL,634871.0,180.0,2.0,112.0,99.0,88.39,14.0,9.0,64.29,2.0,1.0,50.0,0.0,0.0,0.0,Kyllian,Antonio,2008-01-04,18.72,142.0,32.0,Defender,Central Defender,5fuphn1nsmp0e3i3qshhdeyac,3xedluek08t2ka7oypwuullcn,Racing Club de Lens,Lens,Lens,RCL,634871,5fuphn1nsmp0e3i3qshhdeyac,142,3xedluek08t2ka7oypwuullcn
Kévin Danois,545272.0,4.0,360.0,0.0,0.28,-0.28,6.0,1.0,0.0,0.05,Kévin,Danois,2004-06-28,22.24,138.0,5.0,Midfielder,Attacking Midfielder,4sjs5ktvkun9g96w6h5a39puc,9bxav814mkuhueiyivyive82d,Association Jeunesse Auxerroise,Auxerre,Auxerre,AJA,77.0,779.639,39.0,358.575,1.0,0.0,1.0,0.0,10.125,9.194,12.0,3.0,21.0,0.0,10.0,41.0,25.0,60.976,4.0,2.0,50.0,,,,,,,,,,545272.0,360.0,4.0,6.0,5.0,2.36,16.67,0.532,0.234,0.0,0.0,Kévin,Danois,2004-06-28,22.24,138.0,5.0,Midfielder,Attacking Midfielder,4sjs5ktvkun9g96w6h5a39puc,9bxav814mkuhueiyivyive82d,Association Jeunesse Auxerroise,Auxerre,Auxerre,AJA,545272.0,360.0,4.0,224.0,179.0,79.91,95.0,62.0,65.26,3.0,0.0,0.0,0.0,0.0,0.0,Kévin,Danois,2004-06-28,22.24,138.0,5.0,Midfielder,Attacking Midfielder,4sjs5ktvkun9g96w6h5a39puc,9bxav814mkuhueiyivyive82d,Association Jeunesse Auxerroise,Auxerre,Auxerre,AJA,545272,4sjs5ktvkun9g96w6h5a39puc,138,9bxav814mkuhueiyivyive82d
Lamfia Dioubaté,725053.0,3.0,34.0,0.0,0.05,-0.05,2.0,1.0,0.0,0.02,Lamfia,Dioubaté,2007-07-20,19.18,138.0,34.0,Midfielder,Defensive Midfielder,baxx0jl4weaymn7wj9692o1zo,9bxav814mkuhueiyivyive82d,Association Jeunesse Auxerroise,Auxerre,Auxerre,AJA,6.0,63.699,3.0,31.185,1.0,0.0,0.0,0.0,10.616,10.395,0.0,0.0,4.0,0.0,0.0,3.0,0.0,0.0,0.0,0.0,0.0,,,,,,,,,,725053.0,34.0,3.0,0.0,0.0,0.0,0.0,0.008,0.007,0.0,0.0,Lamfia,Dioubaté,2007-07-20,19.18,138.0,34.0,Midfielder,Defensive Midfielder,baxx0jl4weaymn7wj9692o1zo,9bxav814mkuhueiyivyive82d,Association Jeunesse Auxerroise,Auxerre,Auxerre,AJA,725053.0,34.0,3.0,13.0,10.0,76.92,5.0,5.0,100.0,0.0,0.0,0.0,0.0,0.0,0.0,Lamfia,Dioubaté,2007-07-20,19.18,138.0,34.0,Midfielder,Defensive Midfielder,baxx0jl4weaymn7wj9692o1zo,9bxav814mkuhueiyivyive82d,Association Jeunesse Auxerroise,Auxerre,Auxerre,AJA,725053,baxx0jl4weaymn7wj9692o1zo,138,9bxav814mkuhueiyivyive82d
Lamine Camara,585597.0,4.0,360.0,0.0,0.12,-0.12,2.0,1.0,0.0,0.06,Lamine,Camara,2004-01-01,22.73,146.0,15.0,Midfielder,Central Midfielder,8eq4c5cotvem9ae9uzb2yezo4,4t4hod56fsj7utpjdor8so5q6,AS Monaco FC,Monaco,Monaco,ASM,63.0,689.453,26.0,266.595,1.0,0.0,0.0,0.0,10.944,10.254,24.0,6.0,37.0,0.0,2.0,57.0,39.0,68.421,6.0,2.0,33.333,,,,,,,,,,585597.0,360.0,4.0,3.0,3.0,0.94,0.0,0.14,0.136,1.0,1.0,Lamine,Camara,2004-01-01,22.73,146.0,15.0,Midfielder,Central Midfielder,8eq4c5cotvem9ae9uzb2yezo4,4t4hod56fsj7utpjdor8so5q6,AS Monaco FC,Monaco,Monaco,ASM,585597.0,360.0,4.0,225.0,209.0,92.89,40.0,34.0,85.0,2.0,2.0,100.0,0.0,0.0,0.0,Lamine,Camara,2004-01-01,22.73,146.0,15.0,Midfielder,Central Midfielder,8eq4c5cotvem9ae9uzb2yezo4,4t4hod56fsj7utpjdor8so5q6,AS Monaco FC,Monaco,Monaco,ASM,585597,8eq4c5cotvem9ae9uzb2yezo4,146,4t4hod56fsj7utpjdor8so5q6
Lamine N'Diaye,641810.0,0.0,0.0,0.0,0.0,0.0,0.0,0.0,0.0,0.0,Lamine,N'Diaye,2005-07-16,21.19,141.0,97.0,Defender,0,641810,23pqcgxu1tip265hbe01kszbt,Le Havre AC,Le Havre,Le Havre,HAC,0.0,0.0,0.0,0.0,0.0,0.0,0.0,0.0,0.0,0.0,0.0,0.0,0.0,0.0,0.0,0.0,0.0,0.0,0.0,0.0,0.0,,,,,,,,,,641810.0,0.0,0.0,0.0,0.0,0.0,0.0,0.0,0.0,0.0,0.0,Lamine,N'Diaye,2005-07-16,21.19,141.0,97.0,Defender,0,641810,23pqcgxu1tip265hbe01kszbt,Le Havre AC,Le Havre,Le Havre,HAC,641810.0,0.0,0.0,0.0,0.0,0.0,0.0,0.0,0.0,0.0,0.0,0.0,0.0,0.0,0.0,Lamine,N'Diaye,2005-07-16,21.19,141.0,97.0,Defender,0,641810,23pqcgxu1tip265hbe01kszbt,Le Havre AC,Le Havre,Le Havre,HAC,641810,641810,141,23pqcgxu1tip265hbe01kszbt
Lamine Sy,552015.0,4.0,359.0,1.0,0.77,0.23,2.0,1.0,50.0,0.39,Lamine,Sy,2002-08-10,24.12,138.0,27.0,Defender,Full Back,9t2dfjl5agcsblpq8dpqojofe,9bxav814mkuhueiyivyive82d,Association Jeunesse Auxerroise,Auxerre,Auxerre,AJA,65.0,815.248,44.0,501.06,1.0,0.0,3.0,0.0,12.542,11.388,2.0,6.0,25.0,0.0,7.0,22.0,10.0,45.455,10.0,4.0,40.0,,,,,,,,,,552015.0,359.0,4.0,4.0,4.0,2.74,0.0,0.37,0.369,0.0,0.0,Lamine,Sy,2002-08-10,24.12,138.0,27.0,Defender,Full Back,9t2dfjl5agcsblpq8dpqojofe,9bxav814mkuhueiyivyive82d,Association Jeunesse Auxerroise,Auxerre,Auxerre,AJA,552015.0,359.0,4.0,147.0,115.0,78.23,54.0,35.0,64.81,14.0,2.0,14.29,0.0,0.0,0.0,Lamine,Sy,2002-08-10,24.12,138.0,27.0,Defender,Full Back,9t2dfjl5agcsblpq8dpqojofe,9bxav814mkuhueiyivyive82d,Association Jeunesse Auxerroise,Auxerre,Auxerre,AJA,552015,9t2dfjl5agcsblpq8dpqojofe,138,9bxav814mkuhueiyivyive82d
Lassana Simakha,753795.0,0.0,0.0,0.0,0.0,0.0,0.0,0.0,0.0,0.0,Lassana,Simakha,2007-04-12,19.45,154.0,34.0,Defender,0,753795,3unkqo2g6ag99gd5ynz1j7vse,Espérance Sportive Troyes Aube Champagne,Troyes,Troyes,TRO,0.0,0.0,0.0,0.0,0.0,0.0,0.0,0.0,0.0,0.0,0.0,0.0,0.0,0.0,0.0,0.0,0.0,0.0,0.0,0.0,0.0,,,,,,,,,,753795.0,0.0,0.0,0.0,0.0,0.0,0.0,0.0,0.0,0.0,0.0,Lassana,Simakha,2007-04-12,19.45,154.0,34.0,Defender,0,753795,3unkqo2g6ag99gd5ynz1j7vse,Espérance Sportive Troyes Aube Champagne,Troyes,Troyes,TRO,753795.0,0.0,0.0,0.0,0.0,0.0,0.0,0.0,0.0,0.0,0.0,0.0,0.0,0.0,0.0,Lassana,Simakha,2007-04-12,19.45,154.0,34.0,Defender,0,753795,3unkqo2g6ag99gd5ynz1j7vse,Espérance Sportive Troyes Aube Champagne,Troyes,Troyes,TRO,753795,753795,154,3unkqo2g6ag99gd5ynz1j7vse
Lassine Sinayoko,445970.0,4.0,348.0,4.0,3.2,0.8,12.0,7.0,33.33,0.27,Lassine,Sinayoko,1999-12-08,26.8,2338.0,9.0,Forward,Striker,aujgya83jg4eylvm7hjjbbasq,8v00fx2zwhiwm05tqqkt122p5,Paris FC,Paris FC,Paris FC,PAR,15.0,137.485,4.0,54.495,0.0,0.0,1.0,0.0,9.166,13.624,8.0,5.0,5.0,0.0,2.0,34.0,20.0,58.824,15.0,6.0,40.0,,,,,,,,,,445970.0,348.0,4.0,7.0,7.0,9.46,0.0,0.272,0.272,0.0,0.0,Lassine,Sinayoko,1999-12-08,26.8,2338.0,9.0,Forward,Striker,aujgya83jg4eylvm7hjjbbasq,8v00fx2zwhiwm05tqqkt122p5,Paris FC,Paris FC,Paris FC,PAR,445970.0,348.0,4.0,75.0,59.0,78.67,21.0,15.0,71.43,0.0,0.0,0.0,0.0,0.0,0.0,Lassine,Sinayoko,1999-12-08,26.8,2338.0,9.0,Forward,Striker,aujgya83jg4eylvm7hjjbbasq,8v00fx2zwhiwm05tqqkt122p5,Paris FC,Paris FC,Paris FC,PAR,445970,aujgya83jg4eylvm7hjjbbasq,2338,8v00fx2zwhiwm05tqqkt122p5
Lasso Coulibaly,544908.0,1.0,13.0,0.0,0.0,0.0,0.0,0.0,0.0,0.0,Lasso,Coulibaly,2002-10-19,23.93,138.0,21.0,Midfielder,Winger,ykp13dluyk1dwzunv5qj2yhg,9bxav814mkuhueiyivyive82d,Association Jeunesse Auxerroise,Auxerre,Auxerre,AJA,1.0,5.544,0.0,-0.63,0.0,0.0,0.0,0.0,5.544,0.0,1.0,0.0,2.0,0.0,1.0,2.0,2.0,100.0,0.0,0.0,0.0,,,,,,,,,,544908.0,13.0,1.0,1.0,1.0,25.0,0.0,0.009,0.009,0.0,0.0,Lasso,Coulibaly,2002-10-19,23.93,138.0,21.0,Midfielder,Winger,ykp13dluyk1dwzunv5qj2yhg,9bxav814mkuhueiyivyive82d,Association Jeunesse Auxerroise,Auxerre,Auxerre,AJA,544908.0,13.0,1.0,5.0,5.0,100.0,3.0,3.0,100.0,0.0,0.0,0.0,0.0,0.0,0.0,Lasso,Coulibaly,2002-10-19,23.93,138.0,21.0,Midfielder,Winger,ykp13dluyk1dwzunv5qj2yhg,9bxav814mkuhueiyivyive82d,Association Jeunesse Auxerroise,Auxerre,Auxerre,AJA,544908,ykp13dluyk1dwzunv5qj2yhg,138,9bxav814mkuhueiyivyive82d
Lilian Raolisoa,608246.0,3.0,104.0,0.0,0.04,-0.04,1.0,0.0,0.0,0.04,Lilian,Raolisoa,2000-06-16,26.27,2128.0,27.0,Defender,Full Back,4l4hmsih1jyb9jegs60cbn4oa,75qj99fhg5c0ztj2tva5u4uii,Angers Sporting Club de l'Ouest,Angers,Angers,SCO,25.0,295.845,17.0,196.455,1.0,0.0,0.0,0.0,11.834,11.556,2.0,6.0,5.0,0.0,8.0,8.0,7.0,87.5,3.0,2.0,66.667,,,,,,,,,,608246.0,104.0,3.0,0.0,0.0,0.0,0.0,0.075,0.074,0.0,0.0,Lilian,Raolisoa,2000-06-16,26.27,2128.0,27.0,Defender,Full Back,4l4hmsih1jyb9jegs60cbn4oa,75qj99fhg5c0ztj2tva5u4uii,Angers Sporting Club de l'Ouest,Angers,Angers,SCO,608246.0,104.0,3.0,53.0,42.0,79.25,10.0,7.0,70.0,11.0,3.0,27.27,0.0,0.0,0.0,Lilian,Raolisoa,2000-06-16,26.27,2128.0,27.0,Defender,Full Back,4l4hmsih1jyb9jegs60cbn4oa,75qj99fhg5c0ztj2tva5u4uii,Angers Sporting Club de l'Ouest,Angers,Angers,SCO,608246,4l4hmsih1jyb9jegs60cbn4oa,2128,75qj99fhg5c0ztj2tva5u4uii
Lionel Mpasi,,,,,,,,,,,,,,,,,,,,,,,,,,,,,,,,,,,,,,,,,,,,,,360.0,75.0,0.0,4.0,19.0,82.61,1.26,1.25,5.26,,,,,,,,,,,,,,,,,,,,,,,,,,,,,,,,,,,,,,,,,,,,,,,,,,,,,,,196111,9s90f4r3095h8mefzmpuut51x,141,23pqcgxu1tip265hbe01kszbt
Louis Mafouta,442793.0,4.0,333.0,3.0,3.96,-0.96,10.0,6.0,30.0,0.4,Louis,Mafouta,1994-07-02,32.24,920.0,14.0,Forward,Striker,27rvy5c5l3x2a9lqv0l87e4et,bj8hrmj01r3zit0x8r6qm2eu2,Le Mans FC,Le Mans,Le Mans,LEM,15.0,195.348,8.0,89.67,3.0,1.0,0.0,0.0,13.023,11.209,1.0,0.0,6.0,0.0,0.0,10.0,5.0,50.0,13.0,4.0,30.769,,,,,,,,,,442793.0,333.0,4.0,2.0,2.0,2.33,0.0,0.436,0.436,1.0,1.0,Louis,Mafouta,1994-07-02,32.24,920.0,14.0,Forward,Striker,27rvy5c5l3x2a9lqv0l87e4et,bj8hrmj01r3zit0x8r6qm2eu2,Le Mans FC,Le Mans,Le Mans,LEM,442793.0,333.0,4.0,52.0,39.0,75.0,18.0,14.0,77.78,0.0,0.0,0.0,0.0,0.0,0.0,Louis,Mafouta,1994-07-02,32.24,920.0,14.0,Forward,Striker,27rvy5c5l3x2a9lqv0l87e4et,bj8hrmj01r3zit0x8r6qm2eu2,Le Mans FC,Le Mans,Le Mans,LEM,442793,27rvy5c5l3x2a9lqv0l87e4et,920,bj8hrmj01r3zit0x8r6qm2eu2
Louis Mouton,565877.0,1.0,2.0,0.0,0.0,0.0,0.0,0.0,0.0,0.0,Louis,Mouton,2002-06-03,24.31,2128.0,6.0,Midfielder,Central Midfielder,avrytipllm79xl3g4lf6si5wq,75qj99fhg5c0ztj2tva5u4uii,Angers Sporting Club de l'Ouest,Angers,Angers,SCO,1.0,6.509,0.0,3.675,0.0,0.0,0.0,0.0,6.509,0.0,0.0,0.0,1.0,0.0,0.0,2.0,0.0,0.0,1.0,0.0,0.0,,,,,,,,,,565877.0,2.0,1.0,1.0,1.0,100.0,0.0,0.001,0.001,0.0,0.0,Louis,Mouton,2002-06-03,24.31,2128.0,6.0,Midfielder,Central Midfielder,avrytipllm79xl3g4lf6si5wq,75qj99fhg5c0ztj2tva5u4uii,Angers Sporting Club de l'Ouest,Angers,Angers,SCO,565877.0,2.0,1.0,1.0,1.0,100.0,1.0,1.0,100.0,0.0,0.0,0.0,0.0,0.0,0.0,Louis,Mouton,2002-06-03,24.31,2128.0,6.0,Midfielder,Central Midfielder,avrytipllm79xl3g4lf6si5wq,75qj99fhg5c0ztj2tva5u4uii,Angers Sporting Club de l'Ouest,Angers,Angers,SCO,565877,avrytipllm79xl3g4lf6si5wq,2128,75qj99fhg5c0ztj2tva5u4uii
Loun Srdanovic,621219.0,0.0,0.0,0.0,0.0,0.0,0.0,0.0,0.0,0.0,Loun,Srdanovic,2006-08-04,20.14,429.0,2.0,Defender,Full Back,621219,be2k34rut1lz79jxenabttqlc,Lille OSC,Lille,Lille,LIL,0.0,0.0,0.0,0.0,0.0,0.0,0.0,0.0,0.0,0.0,0.0,0.0,0.0,0.0,0.0,0.0,0.0,0.0,0.0,0.0,0.0,,,,,,,,,,621219.0,0.0,0.0,0.0,0.0,0.0,0.0,0.0,0.0,0.0,0.0,Loun,Srdanovic,2006-08-04,20.14,429.0,2.0,Defender,Full Back,621219,be2k34rut1lz79jxenabttqlc,Lille OSC,Lille,Lille,LIL,621219.0,0.0,0.0,0.0,0.0,0.0,0.0,0.0,0.0,0.0,0.0,0.0,0.0,0.0,0.0,Loun,Srdanovic,2006-08-04,20.14,429.0,2.0,Defender,Full Back,621219,be2k34rut1lz79jxenabttqlc,Lille OSC,Lille,Lille,LIL,621219,621219,429,be2k34rut1lz79jxenabttqlc
Loïs Openda,235084.0,3.0,255.0,1.0,2.29,-1.29,13.0,5.0,7.69,0.18,Loïs,Openda,2000-02-16,26.61,143.0,17.0,Forward,Striker,64ubq0xra74xaunooi8knyajt,121le8unjfzug3iu9pgkqa1c7,Lyon,Olympique Lyonnais,Lyon,OL,16.0,218.104,11.0,142.065,2.0,0.0,1.0,0.0,13.632,12.915,1.0,0.0,6.0,0.0,2.0,16.0,10.0,62.5,1.0,1.0,100.0,,,,,,,,,,235084.0,255.0,3.0,3.0,3.0,4.65,0.0,0.213,0.213,1.0,1.0,Loïs,Openda,2000-02-16,26.61,143.0,17.0,Forward,Striker,64ubq0xra74xaunooi8knyajt,121le8unjfzug3iu9pgkqa1c7,Lyon,Olympique Lyonnais,Lyon,OL,235084.0,255.0,3.0,43.0,33.0,76.74,32.0,23.0,71.88,2.0,0.0,0.0,1.0,0.0,0.0,Loïs,Openda,2000-02-16,26.61,143.0,17.0,Forward,Striker,64ubq0xra74xaunooi8knyajt,121le8unjfzug3iu9pgkqa1c7,Lyon,Olympique Lyonnais,Lyon,OL,235084,64ubq0xra74xaunooi8knyajt,143,121le8unjfzug3iu9pgkqa1c7
Luca Koleosho,487702.0,3.0,201.0,0.0,0.5,-0.5,6.0,1.0,0.0,0.08,Luca,Koleosho,2004-09-15,22.02,2338.0,15.0,Forward,Winger,4ho3e7wi6z5tq8g87l8tjtwtm,8v00fx2zwhiwm05tqqkt122p5,Paris FC,Paris FC,Paris FC,PAR,27.0,350.609,12.0,132.405,4.0,0.0,1.0,0.0,12.986,11.034,3.0,2.0,3.0,0.0,0.0,21.0,8.0,38.095,2.0,0.0,0.0,,,,,,,,,,487702.0,201.0,3.0,3.0,3.0,3.57,0.0,0.484,0.484,1.0,1.0,Luca,Koleosho,2004-09-15,22.02,2338.0,15.0,Forward,Winger,4ho3e7wi6z5tq8g87l8tjtwtm,8v00fx2zwhiwm05tqqkt122p5,Paris FC,Paris FC,Paris FC,PAR,487702.0,201.0,3.0,56.0,45.0,80.36,26.0,18.0,69.23,2.0,0.0,0.0,0.0,0.0,0.0,Luca,Koleosho,2004-09-15,22.02,2338.0,15.0,Forward,Winger,4ho3e7wi6z5tq8g87l8tjtwtm,8v00fx2zwhiwm05tqqkt122p5,Paris FC,Paris FC,Paris FC,PAR,487702,4ho3e7wi6z5tq8g87l8tjtwtm,2338,8v00fx2zwhiwm05tqqkt122p5
Lucas Bretelle,560489.0,3.0,152.0,0.0,0.0,0.0,0.0,0.0,0.0,0.0,Lucas,Bretelle,2002-04-17,24.44,920.0,29.0,Midfielder,Defensive Midfielder,9doxed39dbbpneo9rosk5pdlg,bj8hrmj01r3zit0x8r6qm2eu2,Le Mans FC,Le Mans,Le Mans,LEM,11.0,87.349,4.0,24.15,0.0,0.0,0.0,0.0,7.941,6.038,3.0,5.0,11.0,3.0,2.0,15.0,7.0,46.667,2.0,0.0,0.0,,,,,,,,,,560489.0,152.0,3.0,1.0,1.0,1.61,0.0,0.018,0.017,0.0,0.0,Lucas,Bretelle,2002-04-17,24.44,920.0,29.0,Midfielder,Defensive Midfielder,9doxed39dbbpneo9rosk5pdlg,bj8hrmj01r3zit0x8r6qm2eu2,Le Mans FC,Le Mans,Le Mans,LEM,560489.0,152.0,3.0,64.0,54.0,84.38,15.0,8.0,53.33,0.0,0.0,0.0,0.0,0.0,0.0,Lucas,Bretelle,2002-04-17,24.44,920.0,29.0,Midfielder,Defensive Midfielder,9doxed39dbbpneo9rosk5pdlg,bj8hrmj01r3zit0x8r6qm2eu2,Le Mans FC,Le Mans,Le Mans,LEM,560489,9doxed39dbbpneo9rosk5pdlg,920,bj8hrmj01r3zit0x8r6qm2eu2
Lucas Buadés,433731.0,2.0,180.0,0.0,0.04,-0.04,1.0,1.0,0.0,0.04,Lucas,Buadés,1997-12-28,28.74,920.0,18.0,Defender,Wing Back,3eia7kklruvqktks8rhodvd2h,bj8hrmj01r3zit0x8r6qm2eu2,Le Mans FC,Le Mans,Le Mans,LEM,22.0,327.083,17.0,201.285,0.0,0.0,1.0,0.0,14.867,11.84,1.0,1.0,4.0,0.0,2.0,11.0,9.0,81.818,6.0,4.0,66.667,,,,,,,,,,433731.0,180.0,2.0,1.0,1.0,1.89,0.0,0.106,0.104,0.0,0.0,Lucas,Buadés,1997-12-28,28.74,920.0,18.0,Defender,Wing Back,3eia7kklruvqktks8rhodvd2h,bj8hrmj01r3zit0x8r6qm2eu2,Le Mans FC,Le Mans,Le Mans,LEM,433731.0,180.0,2.0,54.0,34.0,62.96,19.0,8.0,42.11,7.0,0.0,0.0,1.0,1.0,100.0,Lucas,Buadés,1997-12-28,28.74,920.0,18.0,Defender,Wing Back,3eia7kklruvqktks8rhodvd2h,bj8hrmj01r3zit0x8r6qm2eu2,Le Mans FC,Le Mans,Le Mans,LEM,433731,3eia7kklruvqktks8rhodvd2h,920,bj8hrmj01r3zit0x8r6qm2eu2
Lucas Calodat,561736.0,4.0,245.0,1.0,0.42,0.58,3.0,3.0,33.33,0.14,Lucas,Calodat,2002-02-06,24.63,920.0,22.0,Defender,Wing Back,1leoymz0kfu4y17i1bqdn8zu2,bj8hrmj01r3zit0x8r6qm2eu2,Le Mans FC,Le Mans,Le Mans,LEM,29.0,412.179,20.0,283.92,1.0,1.0,1.0,1.0,14.213,14.196,4.0,5.0,14.0,0.0,2.0,15.0,10.0,66.667,3.0,1.0,33.333,,,,,,,,,,561736.0,245.0,4.0,4.0,4.0,4.35,0.0,0.944,0.942,1.0,1.0,Lucas,Calodat,2002-02-06,24.63,920.0,22.0,Defender,Wing Back,1leoymz0kfu4y17i1bqdn8zu2,bj8hrmj01r3zit0x8r6qm2eu2,Le Mans FC,Le Mans,Le Mans,LEM,561736.0,245.0,4.0,71.0,56.0,78.87,19.0,9.0,47.37,8.0,3.0,37.5,1.0,0.0,0.0,Lucas,Calodat,2002-02-06,24.63,920.0,22.0,Defender,Wing Back,1leoymz0kfu4y17i1bqdn8zu2,bj8hrmj01r3zit0x8r6qm2eu2,Le Mans FC,Le Mans,Le Mans,LEM,561736,1leoymz0kfu4y17i1bqdn8zu2,920,bj8hrmj01r3zit0x8r6qm2eu2
Lucas Digne,101188.0,1.0,18.0,0.0,0.01,-0.01,1.0,0.0,0.0,0.01,Lucas,Digne,1993-07-20,33.19,149.0,12.0,Defender,Full Back,e8gz0tmmdh1ql8qrn1ncrvnpx,2b3mar72yy8d6uvat1ka6tn3r,Paris Saint-Germain FC,Paris Saint-Germain,Paris SG,PSG,2.0,16.728,0.0,-5.25,0.0,0.0,0.0,0.0,8.364,0.0,0.0,0.0,1.0,0.0,0.0,0.0,0.0,0.0,0.0,0.0,0.0,,,,,,,,,,101188.0,18.0,1.0,0.0,0.0,0.0,0.0,0.018,0.018,0.0,0.0,Lucas,Digne,1993-07-20,33.19,149.0,12.0,Defender,Full Back,e8gz0tmmdh1ql8qrn1ncrvnpx,2b3mar72yy8d6uvat1ka6tn3r,Paris Saint-Germain FC,Paris Saint-Germain,Paris SG,PSG,101188.0,18.0,1.0,16.0,15.0,93.75,7.0,6.0,85.71,0.0,0.0,0.0,0.0,0.0,0.0,Lucas,Digne,1993-07-20,33.19,149.0,12.0,Defender,Full Back,e8gz0tmmdh1ql8qrn1ncrvnpx,2b3mar72yy8d6uvat1ka6tn3r,Paris Saint-Germain FC,Paris Saint-Germain,Paris SG,PSG,101188,e8gz0tmmdh1ql8qrn1ncrvnpx,149,2b3mar72yy8d6uvat1ka6tn3r
Lucas Hernández,174888.0,2.0,116.0,0.0,0.0,0.0,0.0,0.0,0.0,0.0,Lucas,Hernández,1996-02-14,30.61,149.0,21.0,Defender,Central Defender,c80tzy7t4hoa8fpbek1od4lw5,2b3mar72yy8d6uvat1ka6tn3r,Paris Saint-Germain FC,Paris Saint-Germain,Paris SG,PSG,13.0,129.278,7.0,64.47,0.0,0.0,0.0,0.0,9.944,9.21,3.0,1.0,5.0,0.0,3.0,4.0,3.0,75.0,4.0,1.0,25.0,,,,,,,,,,174888.0,116.0,2.0,2.0,2.0,1.75,0.0,0.05,0.05,0.0,0.0,Lucas,Hernández,1996-02-14,30.61,149.0,21.0,Defender,Central Defender,c80tzy7t4hoa8fpbek1od4lw5,2b3mar72yy8d6uvat1ka6tn3r,Paris Saint-Germain FC,Paris Saint-Germain,Paris SG,PSG,174888.0,116.0,2.0,115.0,102.0,88.7,31.0,26.0,83.87,0.0,0.0,0.0,0.0,0.0,0.0,Lucas,Hernández,1996-02-14,30.61,149.0,21.0,Defender,Central Defender,c80tzy7t4hoa8fpbek1od4lw5,2b3mar72yy8d6uvat1ka6tn3r,Paris Saint-Germain FC,Paris Saint-Germain,Paris SG,PSG,174888,c80tzy7t4hoa8fpbek1od4lw5,149,2b3mar72yy8d6uvat1ka6tn3r
Lucas Høgsberg,614167.0,3.0,184.0,0.0,0.0,0.0,0.0,0.0,0.0,0.0,Lucas,Høgsberg,2006-06-23,20.25,153.0,24.0,Defender,Central Defender,2rvx2wlfj2rxzcgye6wiw0v84,71ajatxnuhc5cnm3xvgdky49w,RC Strasbourg Alsace,Strasbourg,Strasbourg,STR,19.0,156.127,6.0,29.4,0.0,0.0,0.0,0.0,8.217,4.9,3.0,1.0,5.0,0.0,8.0,10.0,3.0,30.0,2.0,2.0,100.0,,,,,,,,,,614167.0,184.0,3.0,2.0,2.0,2.06,0.0,0.019,0.016,0.0,0.0,Lucas,Høgsberg,2006-06-23,20.25,153.0,24.0,Defender,Central Defender,2rvx2wlfj2rxzcgye6wiw0v84,71ajatxnuhc5cnm3xvgdky49w,RC Strasbourg Alsace,Strasbourg,Strasbourg,STR,614167.0,184.0,3.0,106.0,91.0,85.85,15.0,9.0,60.0,0.0,0.0,0.0,0.0,0.0,0.0,Lucas,Høgsberg,2006-06-23,20.25,153.0,24.0,Defender,Central Defender,2rvx2wlfj2rxzcgye6wiw0v84,71ajatxnuhc5cnm3xvgdky49w,RC Strasbourg Alsace,Strasbourg,Strasbourg,STR,614167,2rvx2wlfj2rxzcgye6wiw0v84,153,71ajatxnuhc5cnm3xvgdky49w
Lucas Maronnier,554582.0,3.0,215.0,1.0,0.42,0.58,3.0,1.0,33.33,0.14,Lucas,Maronnier,2000-03-09,26.55,154.0,2.0,Defender,Full Back,9k8zmlixgthv1pw9hyitzpt6,3unkqo2g6ag99gd5ynz1j7vse,Espérance Sportive Troyes Aube Champagne,Troyes,Troyes,TRO,28.0,339.969,18.0,208.32,0.0,0.0,2.0,0.0,12.142,11.573,8.0,2.0,12.0,2.0,3.0,16.0,12.0,75.0,4.0,2.0,50.0,,,,,,,,,,554582.0,215.0,3.0,4.0,4.0,6.78,0.0,0.394,0.393,0.0,0.0,Lucas,Maronnier,2000-03-09,26.55,154.0,2.0,Defender,Full Back,9k8zmlixgthv1pw9hyitzpt6,3unkqo2g6ag99gd5ynz1j7vse,Espérance Sportive Troyes Aube Champagne,Troyes,Troyes,TRO,554582.0,215.0,3.0,59.0,45.0,76.27,19.0,14.0,73.68,11.0,5.0,45.45,0.0,0.0,0.0,Lucas,Maronnier,2000-03-09,26.55,154.0,2.0,Defender,Full Back,9k8zmlixgthv1pw9hyitzpt6,3unkqo2g6ag99gd5ynz1j7vse,Espérance Sportive Troyes Aube Champagne,Troyes,Troyes,TRO,554582,9k8zmlixgthv1pw9hyitzpt6,154,3unkqo2g6ag99gd5ynz1j7vse
Lucas Tousart,203349.0,4.0,124.0,0.0,0.96,-0.96,4.0,3.0,0.0,0.24,Lucas,Tousart,1997-04-29,29.41,862.0,29.0,Midfielder,Central Midfielder,eg9xhi6wfp1duf01pcsn8vfmd,3adj8hkws0z1al232bg2h6tk0,Stade Brestois 29,Brest,Brest,BRE,14.0,125.82,2.0,-2.1,0.0,0.0,1.0,0.0,8.987,-1.05,3.0,2.0,3.0,0.0,10.0,9.0,5.0,55.556,14.0,6.0,42.857,,,,,,,,,,203349.0,124.0,4.0,1.0,1.0,2.17,0.0,0.08,0.079,0.0,0.0,Lucas,Tousart,1997-04-29,29.41,862.0,29.0,Midfielder,Central Midfielder,eg9xhi6wfp1duf01pcsn8vfmd,3adj8hkws0z1al232bg2h6tk0,Stade Brestois 29,Brest,Brest,BRE,203349.0,124.0,4.0,52.0,41.0,78.85,8.0,3.0,37.5,0.0,0.0,0.0,0.0,0.0,0.0,Lucas,Tousart,1997-04-29,29.41,862.0,29.0,Midfielder,Central Midfielder,eg9xhi6wfp1duf01pcsn8vfmd,3adj8hkws0z1al232bg2h6tk0,Stade Brestois 29,Brest,Brest,BRE,203349,eg9xhi6wfp1duf01pcsn8vfmd,862,3adj8hkws0z1al232bg2h6tk0
Luck Zogbé,622398.0,1.0,68.0,0.0,0.08,-0.08,1.0,0.0,0.0,0.08,Luck,Zogbé,2005-03-24,21.5,862.0,20.0,Defender,Full Back,a1jnkdabgpvq7bdrebyec3cic,3adj8hkws0z1al232bg2h6tk0,Stade Brestois 29,Brest,Brest,BRE,4.0,30.491,2.0,25.515,1.0,0.0,0.0,0.0,7.623,12.758,1.0,4.0,2.0,0.0,3.0,8.0,3.0,37.5,3.0,1.0,33.333,,,,,,,,,,622398.0,68.0,1.0,1.0,1.0,3.57,0.0,0.039,0.038,0.0,0.0,Luck,Zogbé,2005-03-24,21.5,862.0,20.0,Defender,Full Back,a1jnkdabgpvq7bdrebyec3cic,3adj8hkws0z1al232bg2h6tk0,Stade Brestois 29,Brest,Brest,BRE,622398.0,68.0,1.0,28.0,22.0,78.57,5.0,3.0,60.0,3.0,1.0,33.33,0.0,0.0,0.0,Luck,Zogbé,2005-03-24,21.5,862.0,20.0,Defender,Full Back,a1jnkdabgpvq7bdrebyec3cic,3adj8hkws0z1al232bg2h6tk0,Stade Brestois 29,Brest,Brest,BRE,622398,a1jnkdabgpvq7bdrebyec3cic,862,3adj8hkws0z1al232bg2h6tk0
Ludovic Ajorque,168539.0,4.0,360.0,1.0,1.34,-0.34,17.0,5.0,5.88,0.08,Ludovic,Ajorque,1994-02-25,32.58,862.0,19.0,Forward,Striker,am0pcyvtaws1i69jt09dgnsnp,3adj8hkws0z1al232bg2h6tk0,Stade Brestois 29,Brest,Brest,BRE,15.0,197.095,8.0,73.185,0.0,0.0,2.0,0.0,13.14,9.148,1.0,1.0,5.0,1.0,4.0,36.0,12.0,33.333,52.0,28.0,53.846,,,,,,,,,,168539.0,360.0,4.0,7.0,7.0,6.93,0.0,0.714,0.714,0.0,0.0,Ludovic,Ajorque,1994-02-25,32.58,862.0,19.0,Forward,Striker,am0pcyvtaws1i69jt09dgnsnp,3adj8hkws0z1al232bg2h6tk0,Stade Brestois 29,Brest,Brest,BRE,168539.0,360.0,4.0,101.0,80.0,79.21,36.0,29.0,80.56,2.0,0.0,0.0,1.0,1.0,100.0,Ludovic,Ajorque,1994-02-25,32.58,862.0,19.0,Forward,Striker,am0pcyvtaws1i69jt09dgnsnp,3adj8hkws0z1al232bg2h6tk0,Stade Brestois 29,Brest,Brest,BRE,168539,am0pcyvtaws1i69jt09dgnsnp,862,3adj8hkws0z1al232bg2h6tk0
Ludovic Blas,213940.0,4.0,189.0,0.0,1.36,-1.36,10.0,3.0,0.0,0.14,Ludovic,Blas,1997-12-31,28.73,150.0,10.0,Forward,Winger,9yfnfwqog4y572aoe2iztnbv9,z1wbqtd0fz5t5eezjvrbld3h,Stade Rennais FC,Rennes,Rennes,REN,31.0,367.616,17.0,207.165,2.0,0.0,2.0,0.0,11.859,12.186,4.0,2.0,8.0,0.0,0.0,15.0,9.0,60.0,4.0,0.0,0.0,,,,,,,,,,213940.0,189.0,4.0,6.0,4.0,5.13,16.67,0.437,0.342,0.0,0.0,Ludovic,Blas,1997-12-31,28.73,150.0,10.0,Forward,Winger,9yfnfwqog4y572aoe2iztnbv9,z1wbqtd0fz5t5eezjvrbld3h,Stade Rennais FC,Rennes,Rennes,REN,213940.0,189.0,4.0,80.0,70.0,87.5,43.0,35.0,81.4,10.0,2.0,20.0,0.0,0.0,0.0,Ludovic,Blas,1997-12-31,28.73,150.0,10.0,Forward,Winger,9yfnfwqog4y572aoe2iztnbv9,z1wbqtd0fz5t5eezjvrbld3h,Stade Rennais FC,Rennes,Rennes,REN,213940,9yfnfwqog4y572aoe2iztnbv9,150,z1wbqtd0fz5t5eezjvrbld3h
Lukás Hrádecky,,,,,,,,,,,,,,,,,,,,,,,,,,,,,,,,,,,,,,,,,,,,,,360.0,100.0,1.0,2.0,16.0,88.89,4.12,5.0,5.12,,,,,,,,,,,,,,,,,,,,,,,,,,,,,,,,,,,,,,,,,,,,,,,,,,,,,,,68675,cg6h7oq0b5zpx1g4brhzyk1xx,146,4t4hod56fsj7utpjdor8so5q6
Mads Bidstrup,481405.0,4.0,305.0,0.0,0.18,-0.18,3.0,0.0,0.0,0.06,Mads,Bidstrup,2001-02-25,25.58,143.0,2.0,Midfielder,Central Midfielder,ds1wjqejslhsbcvzaufxubey2,121le8unjfzug3iu9pgkqa1c7,Lyon,Olympique Lyonnais,Lyon,OL,16.0,150.234,8.0,78.75,1.0,0.0,0.0,0.0,9.39,9.844,14.0,5.0,10.0,1.0,1.0,30.0,19.0,63.333,2.0,1.0,50.0,,,,,,,,,,481405.0,305.0,4.0,2.0,2.0,2.86,0.0,0.173,0.173,0.0,0.0,Mads,Bidstrup,2001-02-25,25.58,143.0,2.0,Midfielder,Central Midfielder,ds1wjqejslhsbcvzaufxubey2,121le8unjfzug3iu9pgkqa1c7,Lyon,Olympique Lyonnais,Lyon,OL,481405.0,305.0,4.0,75.0,57.0,76.0,24.0,16.0,66.67,2.0,0.0,0.0,0.0,0.0,0.0,Mads,Bidstrup,2001-02-25,25.58,143.0,2.0,Midfielder,Central Midfielder,ds1wjqejslhsbcvzaufxubey2,121le8unjfzug3iu9pgkqa1c7,Lyon,Olympique Lyonnais,Lyon,OL,481405,ds1wjqejslhsbcvzaufxubey2,143,121le8unjfzug3iu9pgkqa1c7
Maghnes Akliouche,555894.0,4.0,201.0,0.0,0.3,-0.3,1.0,1.0,0.0,0.3,Maghnes,Akliouche,2002-02-25,24.58,149.0,11.0,Midfielder,Attacking Midfielder,8vhjmcgjbzpzd4vv3zb945p1w,2b3mar72yy8d6uvat1ka6tn3r,Paris Saint-Germain FC,Paris Saint-Germain,Paris SG,PSG,47.0,516.66,18.0,152.04,0.0,0.0,1.0,0.0,10.993,8.447,9.0,4.0,11.0,0.0,1.0,23.0,11.0,47.826,3.0,1.0,33.333,,,,,,,,,,555894.0,201.0,4.0,5.0,5.0,3.5,0.0,0.548,0.548,0.0,0.0,Maghnes,Akliouche,2002-02-25,24.58,149.0,11.0,Midfielder,Attacking Midfielder,8vhjmcgjbzpzd4vv3zb945p1w,2b3mar72yy8d6uvat1ka6tn3r,Paris Saint-Germain FC,Paris Saint-Germain,Paris SG,PSG,555894.0,201.0,4.0,143.0,128.0,89.51,63.0,51.0,80.95,1.0,0.0,0.0,1.0,0.0,0.0,Maghnes,Akliouche,2002-02-25,24.58,149.0,11.0,Midfielder,Attacking Midfielder,8vhjmcgjbzpzd4vv3zb945p1w,2b3mar72yy8d6uvat1ka6tn3r,Paris Saint-Germain FC,Paris Saint-Germain,Paris SG,PSG,555894,8vhjmcgjbzpzd4vv3zb945p1w,149,2b3mar72yy8d6uvat1ka6tn3r
Mahdi Camara,442264.0,3.0,210.0,0.0,0.31,-0.31,4.0,1.0,0.0,0.08,Mahdi,Camara,1998-06-30,28.24,150.0,45.0,Midfielder,Central Midfielder,36yupk7p1vks4dbguw53xhucp,z1wbqtd0fz5t5eezjvrbld3h,Stade Rennais FC,Rennes,Rennes,REN,40.0,482.757,26.0,309.54,0.0,0.0,2.0,0.0,12.069,11.905,1.0,2.0,16.0,0.0,0.0,18.0,9.0,50.0,1.0,1.0,100.0,,,,,,,,,,442264.0,210.0,3.0,4.0,4.0,3.36,0.0,0.308,0.308,0.0,0.0,Mahdi,Camara,1998-06-30,28.24,150.0,45.0,Midfielder,Central Midfielder,36yupk7p1vks4dbguw53xhucp,z1wbqtd0fz5t5eezjvrbld3h,Stade Rennais FC,Rennes,Rennes,REN,442264.0,210.0,3.0,119.0,111.0,93.28,38.0,33.0,86.84,3.0,0.0,0.0,1.0,1.0,100.0,Mahdi,Camara,1998-06-30,28.24,150.0,45.0,Midfielder,Central Midfielder,36yupk7p1vks4dbguw53xhucp,z1wbqtd0fz5t5eezjvrbld3h,Stade Rennais FC,Rennes,Rennes,REN,442264,36yupk7p1vks4dbguw53xhucp,150,z1wbqtd0fz5t5eezjvrbld3h
Maik Nawrocki,484668.0,2.0,152.0,0.0,0.06,-0.06,1.0,1.0,0.0,0.06,Maik,Nawrocki,2001-02-07,25.63,142.0,3.0,Defender,Central Defender,e1kig9l5arrgiypv09zdxxsa2,3xedluek08t2ka7oypwuullcn,Racing Club de Lens,Lens,Lens,RCL,9.0,91.138,2.0,41.16,0.0,0.0,0.0,0.0,10.126,20.58,1.0,3.0,4.0,4.0,3.0,6.0,1.0,16.667,4.0,1.0,25.0,,,,,,,,,,484668.0,152.0,2.0,0.0,0.0,0.0,0.0,0.008,0.008,0.0,0.0,Maik,Nawrocki,2001-02-07,25.63,142.0,3.0,Defender,Central Defender,e1kig9l5arrgiypv09zdxxsa2,3xedluek08t2ka7oypwuullcn,Racing Club de Lens,Lens,Lens,RCL,484668.0,152.0,2.0,84.0,79.0,94.05,6.0,4.0,66.67,0.0,0.0,0.0,0.0,0.0,0.0,Maik,Nawrocki,2001-02-07,25.63,142.0,3.0,Defender,Central Defender,e1kig9l5arrgiypv09zdxxsa2,3xedluek08t2ka7oypwuullcn,Racing Club de Lens,Lens,Lens,RCL,484668,e1kig9l5arrgiypv09zdxxsa2,142,3xedluek08t2ka7oypwuullcn
Malick Fofana,549940.0,2.0,56.0,1.0,0.28,0.72,3.0,1.0,33.33,0.09,Malick,Fofana,2005-03-31,21.48,143.0,11.0,Forward,Winger,2igz499o21aihmkugktp3nyms,121le8unjfzug3iu9pgkqa1c7,Lyon,Olympique Lyonnais,Lyon,OL,11.0,144.737,9.0,102.165,0.0,0.0,0.0,0.0,13.158,11.352,2.0,0.0,1.0,0.0,0.0,10.0,6.0,60.0,0.0,0.0,0.0,,,,,,,,,,549940.0,56.0,2.0,1.0,1.0,5.56,0.0,0.039,0.039,0.0,0.0,Malick,Fofana,2005-03-31,21.48,143.0,11.0,Forward,Winger,2igz499o21aihmkugktp3nyms,121le8unjfzug3iu9pgkqa1c7,Lyon,Olympique Lyonnais,Lyon,OL,549940.0,56.0,2.0,18.0,16.0,88.89,9.0,7.0,77.78,7.0,1.0,14.29,0.0,0.0,0.0,Malick,Fofana,2005-03-31,21.48,143.0,11.0,Forward,Winger,2igz499o21aihmkugktp3nyms,121le8unjfzug3iu9pgkqa1c7,Lyon,Olympique Lyonnais,Lyon,OL,549940,2igz499o21aihmkugktp3nyms,143,121le8unjfzug3iu9pgkqa1c7
Mama Baldé,430510.0,3.0,109.0,0.0,0.5,-0.5,7.0,1.0,0.0,0.07,Mama Samba,Baldé,1995-11-06,30.89,862.0,17.0,Forward,Striker,bj37ny1s1gbbe4wrgyz1wag9h,3adj8hkws0z1al232bg2h6tk0,Stade Brestois 29,Brest,Brest,BRE,19.0,175.432,13.0,86.205,3.0,0.0,2.0,1.0,9.233,6.631,3.0,0.0,5.0,0.0,0.0,19.0,9.0,47.368,2.0,1.0,50.0,,,,,,,,,,430510.0,109.0,3.0,3.0,3.0,5.56,0.0,0.345,0.345,1.0,1.0,Mama Samba,Baldé,1995-11-06,30.89,862.0,17.0,Forward,Striker,bj37ny1s1gbbe4wrgyz1wag9h,3adj8hkws0z1al232bg2h6tk0,Stade Brestois 29,Brest,Brest,BRE,430510.0,109.0,3.0,36.0,28.0,77.78,10.0,9.0,90.0,4.0,0.0,0.0,0.0,0.0,0.0,Mama Samba,Baldé,1995-11-06,30.89,862.0,17.0,Forward,Striker,bj37ny1s1gbbe4wrgyz1wag9h,3adj8hkws0z1al232bg2h6tk0,Stade Brestois 29,Brest,Brest,BRE,430510,bj37ny1s1gbbe4wrgyz1wag9h,862,3adj8hkws0z1al232bg2h6tk0
Mamadou Coulibaly,604124.0,3.0,211.0,0.0,0.0,0.0,0.0,0.0,0.0,0.0,Mamadou,Coulibaly,2004-04-21,22.42,146.0,28.0,Midfielder,0,52bg33ueyjgfvlh0x4n4rks2c,4t4hod56fsj7utpjdor8so5q6,AS Monaco FC,Monaco,Monaco,ASM,39.0,447.156,25.0,221.97,0.0,0.0,2.0,0.0,11.466,8.879,4.0,4.0,12.0,0.0,1.0,35.0,14.0,40.0,2.0,0.0,0.0,,,,,,,,,,604124.0,211.0,3.0,3.0,3.0,3.49,0.0,0.19,0.19,0.0,0.0,Mamadou,Coulibaly,2004-04-21,22.42,146.0,28.0,Midfielder,0,52bg33ueyjgfvlh0x4n4rks2c,4t4hod56fsj7utpjdor8so5q6,AS Monaco FC,Monaco,Monaco,ASM,604124.0,211.0,3.0,88.0,71.0,80.68,39.0,28.0,71.79,2.0,2.0,100.0,0.0,0.0,0.0,Mamadou,Coulibaly,2004-04-21,22.42,146.0,28.0,Midfielder,0,52bg33ueyjgfvlh0x4n4rks2c,4t4hod56fsj7utpjdor8so5q6,AS Monaco FC,Monaco,Monaco,ASM,604124,52bg33ueyjgfvlh0x4n4rks2c,146,4t4hod56fsj7utpjdor8so5q6
Mamadou Diop,,,,,,,,,,,,,,,,,,,,,,,,,,,,,,,,,,,,,,,,,,,,,,360.0,100.0,0.0,11.0,16.0,59.26,-2.04,0.73,8.96,,,,,,,,,,,,,,,,,,,,,,,,,,,,,,,,,,,,,,,,,,,,,,,,,,,,,,,587304,4ikun8fq4fbkxw6egz7cnedey,138,9bxav814mkuhueiyivyive82d
Mamadou Koné,724962.0,4.0,224.0,1.0,1.45,-0.45,7.0,5.0,14.29,0.21,Mamadou,Koné,2006-11-20,19.84,694.0,42.0,Forward,Striker,1cmhl6aqp9yml3peme245rb4k,70nn27vgkt6l48lvv5e66q7ww,FC Lorient,Lorient,Lorient,FCL,23.0,256.309,14.0,162.435,0.0,0.0,4.0,0.0,11.144,11.603,4.0,2.0,5.0,0.0,0.0,27.0,8.0,29.63,9.0,4.0,44.444,,,,,,,,,,724962.0,224.0,4.0,4.0,4.0,11.43,0.0,0.146,0.146,0.0,0.0,Mamadou,Koné,2006-11-20,19.84,694.0,42.0,Forward,Striker,1cmhl6aqp9yml3peme245rb4k,70nn27vgkt6l48lvv5e66q7ww,FC Lorient,Lorient,Lorient,FCL,724962.0,224.0,4.0,37.0,27.0,72.97,18.0,14.0,77.78,0.0,0.0,0.0,0.0,0.0,0.0,Mamadou,Koné,2006-11-20,19.84,694.0,42.0,Forward,Striker,1cmhl6aqp9yml3peme245rb4k,70nn27vgkt6l48lvv5e66q7ww,FC Lorient,Lorient,Lorient,FCL,724962,1cmhl6aqp9yml3peme245rb4k,694,70nn27vgkt6l48lvv5e66q7ww
Mamady Diambou,524040.0,2.0,102.0,0.0,0.35,-0.35,6.0,2.0,0.0,0.06,Mamady,Diambou,2002-11-11,23.87,862.0,6.0,Midfielder,Defensive Midfielder,8asqfwh2tx52x86r0hlqbyluc,3adj8hkws0z1al232bg2h6tk0,Stade Brestois 29,Brest,Brest,BRE,13.0,123.862,5.0,62.16,2.0,0.0,0.0,0.0,9.528,12.432,8.0,0.0,8.0,0.0,1.0,15.0,9.0,60.0,4.0,1.0,25.0,,,,,,,,,,524040.0,102.0,2.0,2.0,1.0,2.0,0.0,0.029,0.029,1.0,0.0,Mamady,Diambou,2002-11-11,23.87,862.0,6.0,Midfielder,Defensive Midfielder,8asqfwh2tx52x86r0hlqbyluc,3adj8hkws0z1al232bg2h6tk0,Stade Brestois 29,Brest,Brest,BRE,524040.0,102.0,2.0,52.0,46.0,88.46,13.0,12.0,92.31,0.0,0.0,0.0,0.0,0.0,0.0,Mamady,Diambou,2002-11-11,23.87,862.0,6.0,Midfielder,Defensive Midfielder,8asqfwh2tx52x86r0hlqbyluc,3adj8hkws0z1al232bg2h6tk0,Stade Brestois 29,Brest,Brest,BRE,524040,8asqfwh2tx52x86r0hlqbyluc,862,3adj8hkws0z1al232bg2h6tk0
Marius Louër,658062.0,1.0,3.0,0.0,0.0,0.0,0.0,0.0,0.0,0.0,Marius,Louër,2007-03-11,19.54,2128.0,20.0,Defender,Full Back,3wro301r42w3zvf8awh2erkes,75qj99fhg5c0ztj2tva5u4uii,Angers Sporting Club de l'Ouest,Angers,Angers,SCO,0.0,0.0,0.0,0.0,0.0,0.0,0.0,0.0,0.0,0.0,0.0,1.0,0.0,0.0,0.0,0.0,0.0,0.0,0.0,0.0,0.0,,,,,,,,,,658062.0,3.0,1.0,0.0,0.0,0.0,0.0,0.0,0.0,0.0,0.0,Marius,Louër,2007-03-11,19.54,2128.0,20.0,Defender,Full Back,3wro301r42w3zvf8awh2erkes,75qj99fhg5c0ztj2tva5u4uii,Angers Sporting Club de l'Ouest,Angers,Angers,SCO,658062.0,3.0,1.0,1.0,1.0,100.0,0.0,0.0,0.0,0.0,0.0,0.0,0.0,0.0,0.0,Marius,Louër,2007-03-11,19.54,2128.0,20.0,Defender,Full Back,3wro301r42w3zvf8awh2erkes,75qj99fhg5c0ztj2tva5u4uii,Angers Sporting Club de l'Ouest,Angers,Angers,SCO,658062,3wro301r42w3zvf8awh2erkes,2128,75qj99fhg5c0ztj2tva5u4uii
Mark McKenzie,201401.0,4.0,360.0,0.0,0.0,0.0,0.0,0.0,0.0,0.0,Mark,McKenzie,1999-02-25,27.58,427.0,3.0,Defender,Central Defender,5enjhxrx2jrjqtgb9wwq0baax,4aghw9tyi8ba3ju1ne83gmf9w,Toulouse FC,Toulouse,Toulouse,TFC,46.0,418.703,24.0,204.645,0.0,0.0,0.0,0.0,9.102,8.527,3.0,5.0,17.0,2.0,24.0,12.0,6.0,50.0,10.0,8.0,80.0,,,,,,,,,,201401.0,360.0,4.0,2.0,1.0,0.38,50.0,0.079,0.047,0.0,0.0,Mark,McKenzie,1999-02-25,27.58,427.0,3.0,Defender,Central Defender,5enjhxrx2jrjqtgb9wwq0baax,4aghw9tyi8ba3ju1ne83gmf9w,Toulouse FC,Toulouse,Toulouse,TFC,201401.0,360.0,4.0,274.0,253.0,92.34,34.0,26.0,76.47,0.0,0.0,0.0,0.0,0.0,0.0,Mark,McKenzie,1999-02-25,27.58,427.0,3.0,Defender,Central Defender,5enjhxrx2jrjqtgb9wwq0baax,4aghw9tyi8ba3ju1ne83gmf9w,Toulouse FC,Toulouse,Toulouse,TFC,201401,5enjhxrx2jrjqtgb9wwq0baax,427,4aghw9tyi8ba3ju1ne83gmf9w
Marquinhos,116406.0,4.0,360.0,2.0,0.81,1.19,2.0,2.0,100.0,0.4,Marcos,Aoás Corrêa,1994-05-14,32.37,149.0,5.0,Defender,Central Defender,8z0395s37qe2lqi9qsvyskgk5,2b3mar72yy8d6uvat1ka6tn3r,Paris Saint-Germain FC,Paris Saint-Germain,Paris SG,PSG,66.0,546.773,32.0,290.64,0.0,0.0,0.0,0.0,8.284,9.082,2.0,1.0,22.0,1.0,11.0,11.0,4.0,36.364,20.0,7.0,35.0,,,,,,,,,,116406.0,360.0,4.0,1.0,1.0,0.29,0.0,0.136,0.136,0.0,0.0,Marcos,Aoás Corrêa,1994-05-14,32.37,149.0,5.0,Defender,Central Defender,8z0395s37qe2lqi9qsvyskgk5,2b3mar72yy8d6uvat1ka6tn3r,Paris Saint-Germain FC,Paris Saint-Germain,Paris SG,PSG,116406.0,360.0,4.0,350.0,321.0,91.71,75.0,65.0,86.67,0.0,0.0,0.0,0.0,0.0,0.0,Marcos,Aoás Corrêa,1994-05-14,32.37,149.0,5.0,Defender,Central Defender,8z0395s37qe2lqi9qsvyskgk5,2b3mar72yy8d6uvat1ka6tn3r,Paris Saint-Germain FC,Paris Saint-Germain,Paris SG,PSG,116406,8z0395s37qe2lqi9qsvyskgk5,149,2b3mar72yy8d6uvat1ka6tn3r
Mateo del Blanco,569598.0,2.0,12.0,0.0,0.0,0.0,0.0,0.0,0.0,0.0,Mateo,del Blanco,2003-10-31,22.9,153.0,15.0,Defender,Full Back,euydzaplnvzqy758uwigi74t0,71ajatxnuhc5cnm3xvgdky49w,RC Strasbourg Alsace,Strasbourg,Strasbourg,STR,0.0,0.0,0.0,0.0,0.0,0.0,0.0,0.0,0.0,0.0,2.0,0.0,1.0,0.0,3.0,4.0,2.0,50.0,0.0,0.0,0.0,,,,,,,,,,569598.0,12.0,2.0,0.0,0.0,0.0,0.0,0.003,0.003,0.0,0.0,Mateo,del Blanco,2003-10-31,22.9,153.0,15.0,Defender,Full Back,euydzaplnvzqy758uwigi74t0,71ajatxnuhc5cnm3xvgdky49w,RC Strasbourg Alsace,Strasbourg,Strasbourg,STR,569598.0,12.0,2.0,5.0,4.0,80.0,1.0,1.0,100.0,0.0,0.0,0.0,0.0,0.0,0.0,Mateo,del Blanco,2003-10-31,22.9,153.0,15.0,Defender,Full Back,euydzaplnvzqy758uwigi74t0,71ajatxnuhc5cnm3xvgdky49w,RC Strasbourg Alsace,Strasbourg,Strasbourg,STR,569598,euydzaplnvzqy758uwigi74t0,153,71ajatxnuhc5cnm3xvgdky49w
Mathis Amougou,609640.0,0.0,0.0,0.0,0.0,0.0,0.0,0.0,0.0,0.0,Mathis,Amougou,2006-01-18,20.68,427.0,0.0,Midfielder,0,609640,4aghw9tyi8ba3ju1ne83gmf9w,Toulouse FC,Toulouse,Toulouse,TFC,0.0,0.0,0.0,0.0,0.0,0.0,0.0,0.0,0.0,0.0,0.0,0.0,0.0,0.0,0.0,0.0,0.0,0.0,0.0,0.0,0.0,,,,,,,,,,609640.0,0.0,0.0,0.0,0.0,0.0,0.0,0.0,0.0,0.0,0.0,Mathis,Amougou,2006-01-18,20.68,427.0,0.0,Midfielder,0,609640,4aghw9tyi8ba3ju1ne83gmf9w,Toulouse FC,Toulouse,Toulouse,TFC,609640.0,0.0,0.0,0.0,0.0,0.0,0.0,0.0,0.0,0.0,0.0,0.0,0.0,0.0,0.0,Mathis,Amougou,2006-01-18,20.68,427.0,0.0,Midfielder,0,609640,4aghw9tyi8ba3ju1ne83gmf9w,Toulouse FC,Toulouse,Toulouse,TFC,609640,609640,427,4aghw9tyi8ba3ju1ne83gmf9w
Mathis Lainé,669911.0,2.0,8.0,0.0,0.0,0.0,0.0,0.0,0.0,0.0,Mathis,Lainé,2007-03-30,19.48,862.0,32.0,Midfielder,0,5vx4zzaot3ufwnd36w1mvs9hw,3adj8hkws0z1al232bg2h6tk0,Stade Brestois 29,Brest,Brest,BRE,2.0,13.992,0.0,-5.04,0.0,0.0,0.0,0.0,6.996,0.0,0.0,0.0,1.0,0.0,0.0,4.0,4.0,100.0,2.0,0.0,0.0,,,,,,,,,,669911.0,8.0,2.0,0.0,0.0,0.0,0.0,0.001,0.001,0.0,0.0,Mathis,Lainé,2007-03-30,19.48,862.0,32.0,Midfielder,0,5vx4zzaot3ufwnd36w1mvs9hw,3adj8hkws0z1al232bg2h6tk0,Stade Brestois 29,Brest,Brest,BRE,669911.0,8.0,2.0,1.0,1.0,100.0,1.0,1.0,100.0,0.0,0.0,0.0,0.0,0.0,0.0,Mathis,Lainé,2007-03-30,19.48,862.0,32.0,Midfielder,0,5vx4zzaot3ufwnd36w1mvs9hw,3adj8hkws0z1al232bg2h6tk0,Stade Brestois 29,Brest,Brest,BRE,669911,5vx4zzaot3ufwnd36w1mvs9hw,862,3adj8hkws0z1al232bg2h6tk0
Mathis Saka,638416.0,1.0,4.0,0.0,0.0,0.0,0.0,0.0,0.0,0.0,Mathis,Saka,2006-09-20,20.01,427.0,28.0,Midfielder,Attacking Midfielder,a6bj9y28pzb9ejn7av2nyxel0,4aghw9tyi8ba3ju1ne83gmf9w,Toulouse FC,Toulouse,Toulouse,TFC,1.0,29.58,1.0,24.255,0.0,0.0,0.0,0.0,29.58,24.255,0.0,0.0,0.0,0.0,0.0,2.0,0.0,0.0,0.0,0.0,0.0,,,,,,,,,,638416.0,4.0,1.0,0.0,0.0,0.0,0.0,0.003,0.003,0.0,0.0,Mathis,Saka,2006-09-20,20.01,427.0,28.0,Midfielder,Attacking Midfielder,a6bj9y28pzb9ejn7av2nyxel0,4aghw9tyi8ba3ju1ne83gmf9w,Toulouse FC,Toulouse,Toulouse,TFC,638416.0,4.0,1.0,2.0,2.0,100.0,1.0,1.0,100.0,0.0,0.0,0.0,0.0,0.0,0.0,Mathis,Saka,2006-09-20,20.01,427.0,28.0,Midfielder,Attacking Midfielder,a6bj9y28pzb9ejn7av2nyxel0,4aghw9tyi8ba3ju1ne83gmf9w,Toulouse FC,Toulouse,Toulouse,TFC,638416,a6bj9y28pzb9ejn7av2nyxel0,427,4aghw9tyi8ba3ju1ne83gmf9w
Mathys Detourbet,652152.0,2.0,23.0,0.0,0.0,0.0,0.0,0.0,0.0,0.0,Mathys,Detourbet,2007-04-29,19.4,146.0,7.0,Forward,Winger,ar4a4mr7495etl8d8ha4mkd90,4t4hod56fsj7utpjdor8so5q6,AS Monaco FC,Monaco,Monaco,ASM,8.0,115.593,5.0,83.055,0.0,0.0,0.0,0.0,14.449,16.611,0.0,0.0,2.0,0.0,0.0,3.0,1.0,33.333,0.0,0.0,0.0,,,,,,,,,,652152.0,23.0,2.0,0.0,0.0,0.0,0.0,0.156,0.156,0.0,0.0,Mathys,Detourbet,2007-04-29,19.4,146.0,7.0,Forward,Winger,ar4a4mr7495etl8d8ha4mkd90,4t4hod56fsj7utpjdor8so5q6,AS Monaco FC,Monaco,Monaco,ASM,652152.0,23.0,2.0,12.0,10.0,83.33,8.0,7.0,87.5,0.0,0.0,0.0,0.0,0.0,0.0,Mathys,Detourbet,2007-04-29,19.4,146.0,7.0,Forward,Winger,ar4a4mr7495etl8d8ha4mkd90,4t4hod56fsj7utpjdor8so5q6,AS Monaco FC,Monaco,Monaco,ASM,652152,ar4a4mr7495etl8d8ha4mkd90,146,4t4hod56fsj7utpjdor8so5q6
Mathys Niflore,,,,,,,,,,,,,,,,,,,,,,,,,,,,,,,,,,,,,,,,,,,,,,360.0,30.0,0.0,3.0,3.0,50.0,-0.25,0.67,2.75,,,,,,,,,,,,,,,,,,,,,,,,,,,,,,,,,,,,,,,,,,,,,,,,,,,,,,,620411,bfqysdqwqe7ssomxy6tf9fpxw,427,4aghw9tyi8ba3ju1ne83gmf9w
Mathys de Carvalho,633103.0,1.0,69.0,0.0,0.0,0.0,0.0,0.0,0.0,0.0,Mathys,de Carvalho Soares,2005-05-01,21.4,143.0,39.0,Midfielder,Defensive Midfielder,a0et3p3yqtebdkyxql6fxnkt0,121le8unjfzug3iu9pgkqa1c7,Lyon,Olympique Lyonnais,Lyon,OL,4.0,33.485,1.0,13.02,0.0,0.0,0.0,0.0,8.371,13.02,2.0,0.0,2.0,1.0,1.0,4.0,3.0,75.0,2.0,0.0,0.0,,,,,,,,,,633103.0,69.0,1.0,0.0,0.0,0.0,0.0,0.006,0.006,0.0,0.0,Mathys,de Carvalho Soares,2005-05-01,21.4,143.0,39.0,Midfielder,Defensive Midfielder,a0et3p3yqtebdkyxql6fxnkt0,121le8unjfzug3iu9pgkqa1c7,Lyon,Olympique Lyonnais,Lyon,OL,633103.0,69.0,1.0,28.0,23.0,82.14,6.0,3.0,50.0,0.0,0.0,0.0,1.0,0.0,0.0,Mathys,de Carvalho Soares,2005-05-01,21.4,143.0,39.0,Midfielder,Defensive Midfielder,a0et3p3yqtebdkyxql6fxnkt0,121le8unjfzug3iu9pgkqa1c7,Lyon,Olympique Lyonnais,Lyon,OL,633103,a0et3p3yqtebdkyxql6fxnkt0,143,121le8unjfzug3iu9pgkqa1c7
Matthieu Udol,221987.0,4.0,294.0,0.0,1.07,-1.07,4.0,0.0,0.0,0.27,Matthieu,Udol,1996-03-20,30.52,142.0,14.0,Defender,Full Back,d7xmdbhg68ygcowv6pdofgvyt,3xedluek08t2ka7oypwuullcn,Racing Club de Lens,Lens,Lens,RCL,24.0,222.94,15.0,95.445,0.0,0.0,1.0,0.0,9.289,6.363,5.0,4.0,15.0,1.0,7.0,18.0,9.0,50.0,16.0,12.0,75.0,,,,,,,,,,221987.0,294.0,4.0,4.0,4.0,3.57,0.0,0.278,0.277,0.0,0.0,Matthieu,Udol,1996-03-20,30.52,142.0,14.0,Defender,Full Back,d7xmdbhg68ygcowv6pdofgvyt,3xedluek08t2ka7oypwuullcn,Racing Club de Lens,Lens,Lens,RCL,221987.0,294.0,4.0,116.0,94.0,81.03,26.0,18.0,69.23,8.0,1.0,12.5,1.0,1.0,100.0,Matthieu,Udol,1996-03-20,30.52,142.0,14.0,Defender,Full Back,d7xmdbhg68ygcowv6pdofgvyt,3xedluek08t2ka7oypwuullcn,Racing Club de Lens,Lens,Lens,RCL,221987,d7xmdbhg68ygcowv6pdofgvyt,142,3xedluek08t2ka7oypwuullcn
Matthis Abline,503726.0,3.0,94.0,0.0,0.0,0.0,0.0,0.0,0.0,0.0,Matthis,Abline,2003-03-28,23.49,146.0,11.0,Forward,Striker,1py4bk2ik16w8lil31bghq99m,4t4hod56fsj7utpjdor8so5q6,AS Monaco FC,Monaco,Monaco,ASM,15.0,202.885,11.0,147.315,0.0,0.0,0.0,0.0,13.526,13.392,1.0,2.0,4.0,0.0,1.0,9.0,4.0,44.444,6.0,4.0,66.667,,,,,,,,,,503726.0,94.0,3.0,3.0,3.0,11.54,0.0,0.3,0.3,0.0,0.0,Matthis,Abline,2003-03-28,23.49,146.0,11.0,Forward,Striker,1py4bk2ik16w8lil31bghq99m,4t4hod56fsj7utpjdor8so5q6,AS Monaco FC,Monaco,Monaco,ASM,503726.0,94.0,3.0,28.0,19.0,67.86,17.0,11.0,64.71,2.0,1.0,50.0,0.0,0.0,0.0,Matthis,Abline,2003-03-28,23.49,146.0,11.0,Forward,Striker,1py4bk2ik16w8lil31bghq99m,4t4hod56fsj7utpjdor8so5q6,AS Monaco FC,Monaco,Monaco,ASM,503726,1py4bk2ik16w8lil31bghq99m,146,4t4hod56fsj7utpjdor8so5q6
Matvey Safonov,,,,,,,,,,,,,,,,,,,,,,,,,,,,,,,,,,,,,,,,,,,,,,360.0,100.0,0.0,6.0,7.0,53.85,-0.55,0.83,5.45,,,,,,,,,,,,,,,,,,,,,,,,,,,,,,,,,,,,,,,,,,,,,,,,,,,,,,,242194,drmudc3n93faawruj8ct3bwmh,149,2b3mar72yy8d6uvat1ka6tn3r
Maurits Kjærgaard,481503.0,1.0,29.0,0.0,0.32,-0.32,1.0,1.0,0.0,0.32,Maurits,Kjærgaard,2003-06-26,23.25,429.0,14.0,Midfielder,0,36di67wn0rmx79vlwbst3rjhm,be2k34rut1lz79jxenabttqlc,Lille OSC,Lille,Lille,LIL,8.0,67.688,4.0,37.8,1.0,0.0,1.0,1.0,8.461,9.45,0.0,0.0,1.0,0.0,0.0,1.0,0.0,0.0,0.0,0.0,0.0,,,,,,,,,,481503.0,29.0,1.0,3.0,3.0,9.52,0.0,0.216,0.216,1.0,1.0,Maurits,Kjærgaard,2003-06-26,23.25,429.0,14.0,Midfielder,0,36di67wn0rmx79vlwbst3rjhm,be2k34rut1lz79jxenabttqlc,Lille OSC,Lille,Lille,LIL,481503.0,29.0,1.0,21.0,17.0,80.95,11.0,8.0,72.73,0.0,0.0,0.0,1.0,0.0,0.0,Maurits,Kjærgaard,2003-06-26,23.25,429.0,14.0,Midfielder,0,36di67wn0rmx79vlwbst3rjhm,be2k34rut1lz79jxenabttqlc,Lille OSC,Lille,Lille,LIL,481503,36di67wn0rmx79vlwbst3rjhm,429,be2k34rut1lz79jxenabttqlc
Maxime Lopez,213965.0,4.0,296.0,0.0,0.02,-0.02,1.0,1.0,0.0,0.02,Maxime,Lopez,1997-12-04,28.81,2338.0,21.0,Midfielder,Defensive Midfielder,ef4thhub6bsd2gtmltknkz8b9,8v00fx2zwhiwm05tqqkt122p5,Paris FC,Paris FC,Paris FC,PAR,50.0,443.499,17.0,155.715,1.0,0.0,0.0,0.0,8.87,9.16,6.0,5.0,17.0,0.0,4.0,15.0,8.0,53.333,1.0,0.0,0.0,,,,,,,,,,213965.0,296.0,4.0,2.0,1.0,0.36,50.0,0.317,0.243,0.0,0.0,Maxime,Lopez,1997-12-04,28.81,2338.0,21.0,Midfielder,Defensive Midfielder,ef4thhub6bsd2gtmltknkz8b9,8v00fx2zwhiwm05tqqkt122p5,Paris FC,Paris FC,Paris FC,PAR,213965.0,296.0,4.0,289.0,269.0,93.08,43.0,38.0,88.37,0.0,0.0,0.0,0.0,0.0,0.0,Maxime,Lopez,1997-12-04,28.81,2338.0,21.0,Midfielder,Defensive Midfielder,ef4thhub6bsd2gtmltknkz8b9,8v00fx2zwhiwm05tqqkt122p5,Paris FC,Paris FC,Paris FC,PAR,213965,ef4thhub6bsd2gtmltknkz8b9,2338,8v00fx2zwhiwm05tqqkt122p5
Maël Gernigon,672283.0,0.0,0.0,0.0,0.0,0.0,0.0,0.0,0.0,0.0,Maël,Gernigon,2009-10-01,16.98,2128.0,34.0,Defender,Central Defender,672283,75qj99fhg5c0ztj2tva5u4uii,Angers Sporting Club de l'Ouest,Angers,Angers,SCO,0.0,0.0,0.0,0.0,0.0,0.0,0.0,0.0,0.0,0.0,0.0,0.0,0.0,0.0,0.0,0.0,0.0,0.0,0.0,0.0,0.0,,,,,,,,,,672283.0,0.0,0.0,0.0,0.0,0.0,0.0,0.0,0.0,0.0,0.0,Maël,Gernigon,2009-10-01,16.98,2128.0,34.0,Defender,Central Defender,672283,75qj99fhg5c0ztj2tva5u4uii,Angers Sporting Club de l'Ouest,Angers,Angers,SCO,672283.0,0.0,0.0,0.0,0.0,0.0,0.0,0.0,0.0,0.0,0.0,0.0,0.0,0.0,0.0,Maël,Gernigon,2009-10-01,16.98,2128.0,34.0,Defender,Central Defender,672283,75qj99fhg5c0ztj2tva5u4uii,Angers Sporting Club de l'Ouest,Angers,Angers,SCO,672283,672283,2128,75qj99fhg5c0ztj2tva5u4uii
Mbwana Samatta,217487.0,4.0,338.0,1.0,1.09,-0.09,17.0,7.0,5.88,0.06,Mbwana,Samatta,1992-12-23,33.76,141.0,25.0,Forward,Striker,5qpyf80if6m1o5vkwf1yt034l,23pqcgxu1tip265hbe01kszbt,Le Havre AC,Le Havre,Le Havre,HAC,32.0,336.205,14.0,121.8,4.0,0.0,1.0,0.0,10.506,8.7,5.0,2.0,16.0,0.0,4.0,21.0,9.0,42.857,23.0,15.0,65.217,,,,,,,,,,217487.0,338.0,4.0,1.0,1.0,1.23,0.0,0.066,0.066,0.0,0.0,Mbwana,Samatta,1992-12-23,33.76,141.0,25.0,Forward,Striker,5qpyf80if6m1o5vkwf1yt034l,23pqcgxu1tip265hbe01kszbt,Le Havre AC,Le Havre,Le Havre,HAC,217487.0,338.0,4.0,82.0,54.0,65.85,36.0,24.0,66.67,2.0,1.0,50.0,0.0,0.0,0.0,Mbwana,Samatta,1992-12-23,33.76,141.0,25.0,Forward,Striker,5qpyf80if6m1o5vkwf1yt034l,23pqcgxu1tip265hbe01kszbt,Le Havre AC,Le Havre,Le Havre,HAC,217487,5qpyf80if6m1o5vkwf1yt034l,141,23pqcgxu1tip265hbe01kszbt
Melvin Bard,437497.0,2.0,172.0,0.0,0.02,-0.02,1.0,0.0,0.0,0.02,Melvin,Bard,2000-11-06,25.88,1395.0,26.0,Defender,Full Back,7sep6mx2s67mh5fr3raxu7aei,bx0cdmzr2gwr70ez72dorx82p,OGC Nice Côte d'Azur,Nice,Nice,NIC,23.0,265.151,11.0,113.925,0.0,0.0,1.0,0.0,11.528,10.357,3.0,1.0,13.0,2.0,5.0,7.0,5.0,71.429,5.0,5.0,100.0,,,,,,,,,,437497.0,172.0,2.0,2.0,2.0,2.67,0.0,0.084,0.069,0.0,0.0,Melvin,Bard,2000-11-06,25.88,1395.0,26.0,Defender,Full Back,7sep6mx2s67mh5fr3raxu7aei,bx0cdmzr2gwr70ez72dorx82p,OGC Nice Côte d'Azur,Nice,Nice,NIC,437497.0,172.0,2.0,75.0,63.0,84.0,22.0,17.0,77.27,4.0,0.0,0.0,1.0,0.0,0.0,Melvin,Bard,2000-11-06,25.88,1395.0,26.0,Defender,Full Back,7sep6mx2s67mh5fr3raxu7aei,bx0cdmzr2gwr70ez72dorx82p,OGC Nice Côte d'Azur,Nice,Nice,NIC,437497,7sep6mx2s67mh5fr3raxu7aei,1395,bx0cdmzr2gwr70ez72dorx82p
Merwan Ifnaoui,628026.0,3.0,236.0,0.0,0.12,-0.12,1.0,0.0,0.0,0.12,Merwan,Ifnaoui,1998-10-22,27.93,154.0,10.0,Midfielder,0,ekinrtbex5kz9l7x9gbxikjkk,3unkqo2g6ag99gd5ynz1j7vse,Espérance Sportive Troyes Aube Champagne,Troyes,Troyes,TRO,29.0,299.975,16.0,163.38,0.0,0.0,1.0,0.0,10.344,10.211,1.0,1.0,7.0,0.0,2.0,11.0,4.0,36.364,2.0,1.0,50.0,,,,,,,,,,628026.0,236.0,3.0,9.0,5.0,5.43,44.44,0.493,0.255,0.0,0.0,Merwan,Ifnaoui,1998-10-22,27.93,154.0,10.0,Midfielder,0,ekinrtbex5kz9l7x9gbxikjkk,3unkqo2g6ag99gd5ynz1j7vse,Espérance Sportive Troyes Aube Champagne,Troyes,Troyes,TRO,628026.0,236.0,3.0,99.0,79.0,79.8,54.0,42.0,77.78,4.0,1.0,25.0,0.0,0.0,0.0,Merwan,Ifnaoui,1998-10-22,27.93,154.0,10.0,Midfielder,0,ekinrtbex5kz9l7x9gbxikjkk,3unkqo2g6ag99gd5ynz1j7vse,Espérance Sportive Troyes Aube Champagne,Troyes,Troyes,TRO,628026,ekinrtbex5kz9l7x9gbxikjkk,154,3unkqo2g6ag99gd5ynz1j7vse
Mezian Mesloub,713719.0,2.0,46.0,0.0,0.05,-0.05,2.0,1.0,0.0,0.02,Mezian,Mesloub Soares,2009-11-08,16.87,142.0,38.0,Midfielder,Central Midfielder,5eibxcpkkytuil2h3zfh1amms,3xedluek08t2ka7oypwuullcn,Racing Club de Lens,Lens,Lens,RCL,16.0,192.348,9.0,101.535,1.0,0.0,1.0,0.0,12.022,11.282,0.0,0.0,3.0,0.0,1.0,6.0,1.0,16.667,0.0,0.0,0.0,,,,,,,,,,713719.0,46.0,2.0,2.0,2.0,6.67,0.0,0.056,0.054,0.0,0.0,Mezian,Mesloub Soares,2009-11-08,16.87,142.0,38.0,Midfielder,Central Midfielder,5eibxcpkkytuil2h3zfh1amms,3xedluek08t2ka7oypwuullcn,Racing Club de Lens,Lens,Lens,RCL,713719.0,46.0,2.0,31.0,24.0,77.42,17.0,12.0,70.59,0.0,0.0,0.0,0.0,0.0,0.0,Mezian,Mesloub Soares,2009-11-08,16.87,142.0,38.0,Midfielder,Central Midfielder,5eibxcpkkytuil2h3zfh1amms,3xedluek08t2ka7oypwuullcn,Racing Club de Lens,Lens,Lens,RCL,713719,5eibxcpkkytuil2h3zfh1amms,142,3xedluek08t2ka7oypwuullcn
Michal Skóras,484672.0,4.0,252.0,0.0,0.02,-0.02,1.0,0.0,0.0,0.02,Michal,Skóras,2000-02-15,26.61,142.0,22.0,Forward,Winger,jyh107tl6vv8bd1pgautj46h,3xedluek08t2ka7oypwuullcn,Racing Club de Lens,Lens,Lens,RCL,35.0,417.289,18.0,172.62,0.0,0.0,2.0,0.0,11.923,9.59,3.0,7.0,13.0,0.0,10.0,22.0,12.0,54.545,2.0,1.0,50.0,,,,,,,,,,484672.0,252.0,4.0,7.0,7.0,5.5,0.0,1.221,1.218,1.0,1.0,Michal,Skóras,2000-02-15,26.61,142.0,22.0,Forward,Winger,jyh107tl6vv8bd1pgautj46h,3xedluek08t2ka7oypwuullcn,Racing Club de Lens,Lens,Lens,RCL,484672.0,252.0,4.0,112.0,95.0,84.82,42.0,34.0,80.95,12.0,4.0,33.33,2.0,1.0,50.0,Michal,Skóras,2000-02-15,26.61,142.0,22.0,Forward,Winger,jyh107tl6vv8bd1pgautj46h,3xedluek08t2ka7oypwuullcn,Racing Club de Lens,Lens,Lens,RCL,484672,jyh107tl6vv8bd1pgautj46h,142,3xedluek08t2ka7oypwuullcn
Michaël Cuisance,204730.0,4.0,217.0,0.0,0.85,-0.85,3.0,2.0,0.0,0.28,Michaël,Cuisance,1999-08-16,27.11,142.0,27.0,Midfielder,Central Midfielder,rktyecx75c47pgwyt4vm3i7d,3xedluek08t2ka7oypwuullcn,Racing Club de Lens,Lens,Lens,RCL,24.0,234.532,14.0,115.29,0.0,0.0,1.0,0.0,9.772,8.235,6.0,3.0,12.0,0.0,2.0,17.0,8.0,47.059,1.0,0.0,0.0,,,,,,,,,,204730.0,217.0,4.0,2.0,2.0,2.2,0.0,0.044,0.044,0.0,0.0,Michaël,Cuisance,1999-08-16,27.11,142.0,27.0,Midfielder,Central Midfielder,rktyecx75c47pgwyt4vm3i7d,3xedluek08t2ka7oypwuullcn,Racing Club de Lens,Lens,Lens,RCL,204730.0,217.0,4.0,92.0,84.0,91.3,21.0,19.0,90.48,1.0,0.0,0.0,1.0,0.0,0.0,Michaël,Cuisance,1999-08-16,27.11,142.0,27.0,Midfielder,Central Midfielder,rktyecx75c47pgwyt4vm3i7d,3xedluek08t2ka7oypwuullcn,Racing Club de Lens,Lens,Lens,RCL,204730,rktyecx75c47pgwyt4vm3i7d,142,3xedluek08t2ka7oypwuullcn
Mika Biereth,444880.0,2.0,42.0,0.0,0.0,0.0,0.0,0.0,0.0,0.0,Mika,Biereth,2003-02-08,23.62,146.0,14.0,Forward,0,btfanvej91yogqzfml4vmsmei,4t4hod56fsj7utpjdor8so5q6,AS Monaco FC,Monaco,Monaco,ASM,3.0,51.838,2.0,30.87,0.0,0.0,0.0,0.0,17.279,15.435,2.0,0.0,1.0,0.0,2.0,5.0,4.0,80.0,5.0,1.0,20.0,,,,,,,,,,444880.0,42.0,2.0,0.0,0.0,0.0,0.0,0.017,0.017,0.0,0.0,Mika,Biereth,2003-02-08,23.62,146.0,14.0,Forward,0,btfanvej91yogqzfml4vmsmei,4t4hod56fsj7utpjdor8so5q6,AS Monaco FC,Monaco,Monaco,ASM,444880.0,42.0,2.0,8.0,5.0,62.5,7.0,4.0,57.14,1.0,0.0,0.0,0.0,0.0,0.0,Mika,Biereth,2003-02-08,23.62,146.0,14.0,Forward,0,btfanvej91yogqzfml4vmsmei,4t4hod56fsj7utpjdor8so5q6,AS Monaco FC,Monaco,Monaco,ASM,444880,btfanvej91yogqzfml4vmsmei,146,4t4hod56fsj7utpjdor8so5q6
Mika Godts,568465.0,4.0,107.0,0.0,0.16,-0.16,4.0,0.0,0.0,0.04,Mika,Godts,2005-06-07,21.3,149.0,22.0,Forward,Winger,cx6fxszjvjam6zb3c3p0dd1jo,2b3mar72yy8d6uvat1ka6tn3r,Paris Saint-Germain FC,Paris Saint-Germain,Paris SG,PSG,42.0,416.997,22.0,172.41,2.0,0.0,2.0,0.0,9.928,7.837,3.0,0.0,6.0,0.0,0.0,19.0,10.0,52.632,0.0,0.0,0.0,,,,,,,,,,568465.0,107.0,4.0,6.0,4.0,3.06,16.67,0.308,0.243,1.0,1.0,Mika,Godts,2005-06-07,21.3,149.0,22.0,Forward,Winger,cx6fxszjvjam6zb3c3p0dd1jo,2b3mar72yy8d6uvat1ka6tn3r,Paris Saint-Germain FC,Paris Saint-Germain,Paris SG,PSG,568465.0,107.0,4.0,99.0,87.0,87.88,61.0,53.0,86.89,3.0,0.0,0.0,1.0,0.0,0.0,Mika,Godts,2005-06-07,21.3,149.0,22.0,Forward,Winger,cx6fxszjvjam6zb3c3p0dd1jo,2b3mar72yy8d6uvat1ka6tn3r,Paris Saint-Germain FC,Paris Saint-Germain,Paris SG,PSG,568465,cx6fxszjvjam6zb3c3p0dd1jo,149,2b3mar72yy8d6uvat1ka6tn3r
Milan Robin,208557.0,1.0,9.0,0.0,0.0,0.0,0.0,0.0,0.0,0.0,Milan,Robin,1999-11-24,26.84,920.0,24.0,Midfielder,Central Midfielder,be8bdytp0f46cx61mnl8qjvmx,bj8hrmj01r3zit0x8r6qm2eu2,Le Mans FC,Le Mans,Le Mans,LEM,0.0,0.0,0.0,0.0,0.0,0.0,0.0,0.0,0.0,0.0,0.0,0.0,1.0,0.0,0.0,0.0,0.0,0.0,3.0,1.0,33.333,,,,,,,,,,208557.0,9.0,1.0,0.0,0.0,0.0,0.0,0.01,0.01,0.0,0.0,Milan,Robin,1999-11-24,26.84,920.0,24.0,Midfielder,Central Midfielder,be8bdytp0f46cx61mnl8qjvmx,bj8hrmj01r3zit0x8r6qm2eu2,Le Mans FC,Le Mans,Le Mans,LEM,208557.0,9.0,1.0,5.0,3.0,60.0,2.0,1.0,50.0,0.0,0.0,0.0,0.0,0.0,0.0,Milan,Robin,1999-11-24,26.84,920.0,24.0,Midfielder,Central Midfielder,be8bdytp0f46cx61mnl8qjvmx,bj8hrmj01r3zit0x8r6qm2eu2,Le Mans FC,Le Mans,Le Mans,LEM,208557,be8bdytp0f46cx61mnl8qjvmx,920,bj8hrmj01r3zit0x8r6qm2eu2
Mohamed Abdelmonem,510136.0,4.0,251.0,0.0,0.15,-0.15,3.0,0.0,0.0,0.05,Mohamed Abdelmonem El Sayed,Mohamed Ahmed,1999-02-01,27.65,1395.0,5.0,Defender,Central Defender,eeye58v60p8uvt2noaj5u6rfu,bx0cdmzr2gwr70ez72dorx82p,OGC Nice Côte d'Azur,Nice,Nice,NIC,57.0,525.793,24.0,204.33,1.0,0.0,0.0,0.0,9.224,8.514,7.0,3.0,12.0,0.0,7.0,17.0,9.0,52.941,6.0,6.0,100.0,,,,,,,,,,510136.0,251.0,4.0,0.0,0.0,0.0,0.0,0.097,0.097,0.0,0.0,Mohamed Abdelmonem El Sayed,Mohamed Ahmed,1999-02-01,27.65,1395.0,5.0,Defender,Central Defender,eeye58v60p8uvt2noaj5u6rfu,bx0cdmzr2gwr70ez72dorx82p,OGC Nice Côte d'Azur,Nice,Nice,NIC,510136.0,251.0,4.0,256.0,238.0,92.97,44.0,36.0,81.82,2.0,0.0,0.0,0.0,0.0,0.0,Mohamed Abdelmonem El Sayed,Mohamed Ahmed,1999-02-01,27.65,1395.0,5.0,Defender,Central Defender,eeye58v60p8uvt2noaj5u6rfu,bx0cdmzr2gwr70ez72dorx82p,OGC Nice Côte d'Azur,Nice,Nice,NIC,510136,eeye58v60p8uvt2noaj5u6rfu,1395,bx0cdmzr2gwr70ez72dorx82p
Mohamed Ouédraogo,624682.0,1.0,90.0,0.0,0.0,0.0,0.0,0.0,0.0,0.0,Mohamed,Ouédraogo,2003-01-02,23.73,143.0,76.0,Defender,Full Back,4bxfc5vb5csj22ntzqbk7ekgk,121le8unjfzug3iu9pgkqa1c7,Lyon,Olympique Lyonnais,Lyon,OL,19.0,206.766,11.0,129.99,0.0,0.0,0.0,0.0,10.882,11.817,0.0,4.0,7.0,0.0,1.0,9.0,3.0,33.333,0.0,0.0,0.0,,,,,,,,,,624682.0,90.0,1.0,0.0,0.0,0.0,0.0,0.031,0.031,0.0,0.0,Mohamed,Ouédraogo,2003-01-02,23.73,143.0,76.0,Defender,Full Back,4bxfc5vb5csj22ntzqbk7ekgk,121le8unjfzug3iu9pgkqa1c7,Lyon,Olympique Lyonnais,Lyon,OL,624682.0,90.0,1.0,67.0,54.0,80.6,13.0,9.0,69.23,1.0,0.0,0.0,2.0,0.0,0.0,Mohamed,Ouédraogo,2003-01-02,23.73,143.0,76.0,Defender,Full Back,4bxfc5vb5csj22ntzqbk7ekgk,121le8unjfzug3iu9pgkqa1c7,Lyon,Olympique Lyonnais,Lyon,OL,624682,4bxfc5vb5csj22ntzqbk7ekgk,143,121le8unjfzug3iu9pgkqa1c7
Mohamed-Ali Cho,490884.0,1.0,30.0,0.0,0.02,-0.02,1.0,0.0,0.0,0.02,Mohamed-Ali,Cho,2004-01-19,22.68,1395.0,25.0,Forward,Striker,5vznxxfbteooxk2dd2ws76xhw,bx0cdmzr2gwr70ez72dorx82p,OGC Nice Côte d'Azur,Nice,Nice,NIC,1.0,15.0,1.0,10.605,0.0,0.0,0.0,0.0,15.0,10.605,0.0,0.0,1.0,0.0,0.0,3.0,0.0,0.0,2.0,0.0,0.0,,,,,,,,,,490884.0,30.0,1.0,0.0,0.0,0.0,0.0,0.024,0.024,0.0,0.0,Mohamed-Ali,Cho,2004-01-19,22.68,1395.0,25.0,Forward,Striker,5vznxxfbteooxk2dd2ws76xhw,bx0cdmzr2gwr70ez72dorx82p,OGC Nice Côte d'Azur,Nice,Nice,NIC,490884.0,30.0,1.0,10.0,9.0,90.0,8.0,7.0,87.5,0.0,0.0,0.0,0.0,0.0,0.0,Mohamed-Ali,Cho,2004-01-19,22.68,1395.0,25.0,Forward,Striker,5vznxxfbteooxk2dd2ws76xhw,bx0cdmzr2gwr70ez72dorx82p,OGC Nice Côte d'Azur,Nice,Nice,NIC,490884,5vznxxfbteooxk2dd2ws76xhw,1395,bx0cdmzr2gwr70ez72dorx82p
Mohammed Amoura,533339.0,2.0,111.0,0.0,0.17,-0.17,2.0,0.0,0.0,0.08,Mohammed,Amoura,2000-05-09,26.38,1395.0,9.0,Forward,Striker,8855nyl8htw15u4y4apom7fxm,bx0cdmzr2gwr70ez72dorx82p,OGC Nice Côte d'Azur,Nice,Nice,NIC,13.0,140.491,4.0,51.975,0.0,0.0,1.0,0.0,10.807,12.994,3.0,0.0,5.0,0.0,0.0,13.0,6.0,46.154,4.0,1.0,25.0,,,,,,,,,,533339.0,111.0,2.0,1.0,1.0,3.03,0.0,0.802,0.802,0.0,0.0,Mohammed,Amoura,2000-05-09,26.38,1395.0,9.0,Forward,Striker,8855nyl8htw15u4y4apom7fxm,bx0cdmzr2gwr70ez72dorx82p,OGC Nice Côte d'Azur,Nice,Nice,NIC,533339.0,111.0,2.0,33.0,23.0,69.7,18.0,12.0,66.67,2.0,1.0,50.0,0.0,0.0,0.0,Mohammed,Amoura,2000-05-09,26.38,1395.0,9.0,Forward,Striker,8855nyl8htw15u4y4apom7fxm,bx0cdmzr2gwr70ez72dorx82p,OGC Nice Côte d'Azur,Nice,Nice,NIC,533339,8855nyl8htw15u4y4apom7fxm,1395,bx0cdmzr2gwr70ez72dorx82p
Mohammed Salisu,450527.0,0.0,0.0,0.0,0.0,0.0,0.0,0.0,0.0,0.0,Mohammed,Salisu,1999-04-17,27.44,146.0,22.0,Defender,Central Defender,450527,4t4hod56fsj7utpjdor8so5q6,AS Monaco FC,Monaco,Monaco,ASM,0.0,0.0,0.0,0.0,0.0,0.0,0.0,0.0,0.0,0.0,0.0,0.0,0.0,0.0,0.0,0.0,0.0,0.0,0.0,0.0,0.0,,,,,,,,,,450527.0,0.0,0.0,0.0,0.0,0.0,0.0,0.0,0.0,0.0,0.0,Mohammed,Salisu,1999-04-17,27.44,146.0,22.0,Defender,Central Defender,450527,4t4hod56fsj7utpjdor8so5q6,AS Monaco FC,Monaco,Monaco,ASM,450527.0,0.0,0.0,0.0,0.0,0.0,0.0,0.0,0.0,0.0,0.0,0.0,0.0,0.0,0.0,Mohammed,Salisu,1999-04-17,27.44,146.0,22.0,Defender,Central Defender,450527,4t4hod56fsj7utpjdor8so5q6,AS Monaco FC,Monaco,Monaco,ASM,450527,450527,146,4t4hod56fsj7utpjdor8so5q6
Montassar Talbi,422480.0,4.0,360.0,0.0,0.24,-0.24,3.0,2.0,0.0,0.08,Montassar,Talbi,1998-05-26,28.33,694.0,3.0,Defender,Central Defender,996i59930r3kd4xk48x9fsp2h,70nn27vgkt6l48lvv5e66q7ww,FC Lorient,Lorient,Lorient,FCL,79.0,772.071,41.0,380.415,0.0,0.0,0.0,0.0,9.773,9.278,5.0,2.0,16.0,4.0,28.0,8.0,7.0,87.5,14.0,8.0,57.143,,,,,,,,,,422480.0,360.0,4.0,0.0,0.0,0.0,0.0,0.098,0.098,0.0,0.0,Montassar,Talbi,1998-05-26,28.33,694.0,3.0,Defender,Central Defender,996i59930r3kd4xk48x9fsp2h,70nn27vgkt6l48lvv5e66q7ww,FC Lorient,Lorient,Lorient,FCL,422480.0,360.0,4.0,268.0,251.0,93.66,28.0,19.0,67.86,0.0,0.0,0.0,0.0,0.0,0.0,Montassar,Talbi,1998-05-26,28.33,694.0,3.0,Defender,Central Defender,996i59930r3kd4xk48x9fsp2h,70nn27vgkt6l48lvv5e66q7ww,FC Lorient,Lorient,Lorient,FCL,422480,996i59930r3kd4xk48x9fsp2h,694,70nn27vgkt6l48lvv5e66q7ww
Moses Simon,181441.0,4.0,132.0,0.0,0.24,-0.24,3.0,1.0,0.0,0.08,Moses,Simon,1995-07-12,31.21,2338.0,27.0,Forward,Winger,6tedvat245ajkir9c4035i0np,8v00fx2zwhiwm05tqqkt122p5,Paris FC,Paris FC,Paris FC,PAR,24.0,396.757,17.0,308.07,3.0,0.0,1.0,0.0,16.532,18.122,1.0,1.0,5.0,0.0,1.0,8.0,5.0,62.5,2.0,0.0,0.0,,,,,,,,,,181441.0,132.0,4.0,3.0,3.0,5.88,0.0,0.743,0.743,0.0,0.0,Moses,Simon,1995-07-12,31.21,2338.0,27.0,Forward,Winger,6tedvat245ajkir9c4035i0np,8v00fx2zwhiwm05tqqkt122p5,Paris FC,Paris FC,Paris FC,PAR,181441.0,132.0,4.0,51.0,48.0,94.12,16.0,14.0,87.5,6.0,0.0,0.0,0.0,0.0,0.0,Moses,Simon,1995-07-12,31.21,2338.0,27.0,Forward,Winger,6tedvat245ajkir9c4035i0np,8v00fx2zwhiwm05tqqkt122p5,Paris FC,Paris FC,Paris FC,PAR,181441,6tedvat245ajkir9c4035i0np,2338,8v00fx2zwhiwm05tqqkt122p5
Mouhamed Diop,550567.0,4.0,345.0,0.0,0.37,-0.37,4.0,0.0,0.0,0.09,Mouhamed,Diop,2000-09-30,25.98,154.0,8.0,Midfielder,0,8y3eslj8a5bm2rj0aoaluf7kk,3unkqo2g6ag99gd5ynz1j7vse,Espérance Sportive Troyes Aube Champagne,Troyes,Troyes,TRO,22.0,242.29,11.0,94.815,0.0,0.0,0.0,0.0,11.013,8.62,10.0,5.0,18.0,1.0,9.0,37.0,14.0,37.838,5.0,1.0,20.0,,,,,,,,,,550567.0,345.0,4.0,1.0,1.0,0.72,0.0,0.067,0.067,0.0,0.0,Mouhamed,Diop,2000-09-30,25.98,154.0,8.0,Midfielder,0,8y3eslj8a5bm2rj0aoaluf7kk,3unkqo2g6ag99gd5ynz1j7vse,Espérance Sportive Troyes Aube Champagne,Troyes,Troyes,TRO,550567.0,345.0,4.0,139.0,124.0,89.21,35.0,30.0,85.71,0.0,0.0,0.0,0.0,0.0,0.0,Mouhamed,Diop,2000-09-30,25.98,154.0,8.0,Midfielder,0,8y3eslj8a5bm2rj0aoaluf7kk,3unkqo2g6ag99gd5ynz1j7vse,Espérance Sportive Troyes Aube Champagne,Troyes,Troyes,TRO,550567,8y3eslj8a5bm2rj0aoaluf7kk,154,3unkqo2g6ag99gd5ynz1j7vse
Mousa Al Tamari,426342.0,4.0,255.0,0.0,0.45,-0.45,8.0,3.0,0.0,0.06,Mousa Mohammad Mousa,Suleiman Al Tamari,1997-06-10,29.29,150.0,11.0,Forward,Winger,a8pgjuz5yrbxyf1t905gj327d,z1wbqtd0fz5t5eezjvrbld3h,Stade Rennais FC,Rennes,Rennes,REN,50.0,680.608,33.0,423.255,5.0,0.0,2.0,0.0,13.612,12.826,4.0,1.0,15.0,0.0,1.0,30.0,13.0,43.333,4.0,1.0,25.0,,,,,,,,,,426342.0,255.0,4.0,5.0,5.0,7.69,0.0,0.79,0.79,0.0,0.0,Mousa Mohammad Mousa,Suleiman Al Tamari,1997-06-10,29.29,150.0,11.0,Forward,Winger,a8pgjuz5yrbxyf1t905gj327d,z1wbqtd0fz5t5eezjvrbld3h,Stade Rennais FC,Rennes,Rennes,REN,426342.0,255.0,4.0,65.0,49.0,75.38,34.0,22.0,64.71,8.0,2.0,25.0,0.0,0.0,0.0,Mousa Mohammad Mousa,Suleiman Al Tamari,1997-06-10,29.29,150.0,11.0,Forward,Winger,a8pgjuz5yrbxyf1t905gj327d,z1wbqtd0fz5t5eezjvrbld3h,Stade Rennais FC,Rennes,Rennes,REN,426342,a8pgjuz5yrbxyf1t905gj327d,150,z1wbqtd0fz5t5eezjvrbld3h
Moussa Niakhaté,199170.0,3.0,270.0,0.0,0.0,0.0,0.0,0.0,0.0,0.0,Moussa,Niakhaté,1996-03-08,30.55,143.0,19.0,Defender,Central Defender,9rf5uk6c2wce30b9wkmu3iuad,121le8unjfzug3iu9pgkqa1c7,Lyon,Olympique Lyonnais,Lyon,OL,66.0,642.994,39.0,397.53,0.0,0.0,0.0,0.0,9.742,10.193,0.0,5.0,17.0,3.0,12.0,7.0,3.0,42.857,9.0,4.0,44.444,,,,,,,,,,199170.0,270.0,3.0,1.0,1.0,0.47,0.0,0.056,0.056,0.0,0.0,Moussa,Niakhaté,1996-03-08,30.55,143.0,19.0,Defender,Central Defender,9rf5uk6c2wce30b9wkmu3iuad,121le8unjfzug3iu9pgkqa1c7,Lyon,Olympique Lyonnais,Lyon,OL,199170.0,270.0,3.0,231.0,210.0,90.91,29.0,21.0,72.41,1.0,0.0,0.0,1.0,0.0,0.0,Moussa,Niakhaté,1996-03-08,30.55,143.0,19.0,Defender,Central Defender,9rf5uk6c2wce30b9wkmu3iuad,121le8unjfzug3iu9pgkqa1c7,Lyon,Olympique Lyonnais,Lyon,OL,199170,9rf5uk6c2wce30b9wkmu3iuad,143,121le8unjfzug3iu9pgkqa1c7
Moustapha Mbow,476404.0,2.0,91.0,0.0,0.0,0.0,0.0,0.0,0.0,0.0,Moustapha,Mbow,2000-03-08,26.55,2338.0,5.0,Defender,Central Defender,a52575bcqr3acuweauiyzsb56,8v00fx2zwhiwm05tqqkt122p5,Paris FC,Paris FC,Paris FC,PAR,14.0,105.273,4.0,23.1,0.0,0.0,0.0,0.0,7.52,5.775,1.0,0.0,1.0,1.0,4.0,2.0,1.0,50.0,3.0,0.0,0.0,,,,,,,,,,476404.0,91.0,2.0,0.0,0.0,0.0,0.0,0.005,0.005,0.0,0.0,Moustapha,Mbow,2000-03-08,26.55,2338.0,5.0,Defender,Central Defender,a52575bcqr3acuweauiyzsb56,8v00fx2zwhiwm05tqqkt122p5,Paris FC,Paris FC,Paris FC,PAR,476404.0,91.0,2.0,118.0,117.0,99.15,1.0,0.0,0.0,0.0,0.0,0.0,0.0,0.0,0.0,Moustapha,Mbow,2000-03-08,26.55,2338.0,5.0,Defender,Central Defender,a52575bcqr3acuweauiyzsb56,8v00fx2zwhiwm05tqqkt122p5,Paris FC,Paris FC,Paris FC,PAR,476404,a52575bcqr3acuweauiyzsb56,2338,8v00fx2zwhiwm05tqqkt122p5
Mário Sauer,539135.0,0.0,0.0,0.0,0.0,0.0,0.0,0.0,0.0,0.0,Mário,Sauer,2004-05-15,22.36,427.0,77.0,Midfielder,Attacking Midfielder,539135,4aghw9tyi8ba3ju1ne83gmf9w,Toulouse FC,Toulouse,Toulouse,TFC,0.0,0.0,0.0,0.0,0.0,0.0,0.0,0.0,0.0,0.0,0.0,0.0,0.0,0.0,0.0,0.0,0.0,0.0,0.0,0.0,0.0,,,,,,,,,,539135.0,0.0,0.0,0.0,0.0,0.0,0.0,0.0,0.0,0.0,0.0,Mário,Sauer,2004-05-15,22.36,427.0,77.0,Midfielder,Attacking Midfielder,539135,4aghw9tyi8ba3ju1ne83gmf9w,Toulouse FC,Toulouse,Toulouse,TFC,539135.0,0.0,0.0,0.0,0.0,0.0,0.0,0.0,0.0,0.0,0.0,0.0,0.0,0.0,0.0,Mário,Sauer,2004-05-15,22.36,427.0,77.0,Midfielder,Attacking Midfielder,539135,4aghw9tyi8ba3ju1ne83gmf9w,Toulouse FC,Toulouse,Toulouse,TFC,539135,539135,427,4aghw9tyi8ba3ju1ne83gmf9w
Nabil Bentaleb,126407.0,4.0,341.0,0.0,0.14,-0.14,3.0,1.0,0.0,0.05,Nabil,Bentaleb,1994-11-24,31.84,429.0,6.0,Midfielder,Central Midfielder,6ynchgp6o4tajwvnfdnoo11at,be2k34rut1lz79jxenabttqlc,Lille OSC,Lille,Lille,LIL,24.0,168.527,12.0,73.185,0.0,0.0,0.0,0.0,7.022,6.099,3.0,3.0,27.0,0.0,14.0,18.0,8.0,44.444,8.0,5.0,62.5,,,,,,,,,,126407.0,341.0,4.0,5.0,5.0,2.16,0.0,0.324,0.321,1.0,1.0,Nabil,Bentaleb,1994-11-24,31.84,429.0,6.0,Midfielder,Central Midfielder,6ynchgp6o4tajwvnfdnoo11at,be2k34rut1lz79jxenabttqlc,Lille OSC,Lille,Lille,LIL,126407.0,341.0,4.0,200.0,177.0,88.5,46.0,36.0,78.26,0.0,0.0,0.0,3.0,2.0,66.67,Nabil,Bentaleb,1994-11-24,31.84,429.0,6.0,Midfielder,Central Midfielder,6ynchgp6o4tajwvnfdnoo11at,be2k34rut1lz79jxenabttqlc,Lille OSC,Lille,Lille,LIL,126407,6ynchgp6o4tajwvnfdnoo11at,429,be2k34rut1lz79jxenabttqlc
Naouirou Ahamada,466117.0,4.0,242.0,0.0,0.02,-0.02,1.0,1.0,0.0,0.02,Naouirou,Ahamada,2002-03-29,24.49,138.0,8.0,Midfielder,Central Midfielder,9dnne0ny6o6d5c6w3ayoo4vvu,9bxav814mkuhueiyivyive82d,Association Jeunesse Auxerroise,Auxerre,Auxerre,AJA,49.0,609.107,25.0,281.61,0.0,0.0,0.0,0.0,12.431,11.264,1.0,0.0,10.0,1.0,4.0,18.0,7.0,38.889,3.0,1.0,33.333,,,,,,,,,,466117.0,242.0,4.0,5.0,5.0,5.32,0.0,0.452,0.45,0.0,0.0,Naouirou,Ahamada,2002-03-29,24.49,138.0,8.0,Midfielder,Central Midfielder,9dnne0ny6o6d5c6w3ayoo4vvu,9bxav814mkuhueiyivyive82d,Association Jeunesse Auxerroise,Auxerre,Auxerre,AJA,466117.0,242.0,4.0,101.0,84.0,83.17,44.0,35.0,79.55,5.0,1.0,20.0,1.0,0.0,0.0,Naouirou,Ahamada,2002-03-29,24.49,138.0,8.0,Midfielder,Central Midfielder,9dnne0ny6o6d5c6w3ayoo4vvu,9bxav814mkuhueiyivyive82d,Association Jeunesse Auxerroise,Auxerre,Auxerre,AJA,466117,9dnne0ny6o6d5c6w3ayoo4vvu,138,9bxav814mkuhueiyivyive82d
Nathan Ngoumou,469323.0,4.0,141.0,0.0,0.25,-0.25,3.0,0.0,0.0,0.08,Nathan,Ngoumou,2000-03-14,26.53,1395.0,29.0,Forward,Winger,d0qyia80j5079xq5olbttqfl6,bx0cdmzr2gwr70ez72dorx82p,OGC Nice Côte d'Azur,Nice,Nice,NIC,10.0,112.558,6.0,68.67,0.0,0.0,0.0,0.0,11.256,11.445,0.0,0.0,6.0,0.0,0.0,3.0,2.0,66.667,2.0,0.0,0.0,,,,,,,,,,469323.0,141.0,4.0,0.0,0.0,0.0,0.0,0.183,0.183,0.0,0.0,Nathan,Ngoumou,2000-03-14,26.53,1395.0,29.0,Forward,Winger,d0qyia80j5079xq5olbttqfl6,bx0cdmzr2gwr70ez72dorx82p,OGC Nice Côte d'Azur,Nice,Nice,NIC,469323.0,141.0,4.0,44.0,35.0,79.55,17.0,11.0,64.71,3.0,0.0,0.0,0.0,0.0,0.0,Nathan,Ngoumou,2000-03-14,26.53,1395.0,29.0,Forward,Winger,d0qyia80j5079xq5olbttqfl6,bx0cdmzr2gwr70ez72dorx82p,OGC Nice Côte d'Azur,Nice,Nice,NIC,469323,d0qyia80j5079xq5olbttqfl6,1395,bx0cdmzr2gwr70ez72dorx82p
Nathan Ngoy,538078.0,4.0,360.0,0.0,0.0,0.0,0.0,0.0,0.0,0.0,Nathan,Ngoy,2003-06-10,23.29,429.0,3.0,Defender,Central Defender,a5jrqzijth7e3uxl4phi83sdm,be2k34rut1lz79jxenabttqlc,Lille OSC,Lille,Lille,LIL,64.0,636.444,34.0,363.405,0.0,0.0,0.0,0.0,9.944,10.688,4.0,5.0,12.0,2.0,29.0,20.0,13.0,65.0,9.0,5.0,55.556,,,,,,,,,,538078.0,360.0,4.0,0.0,0.0,0.0,0.0,0.013,0.013,0.0,0.0,Nathan,Ngoy,2003-06-10,23.29,429.0,3.0,Defender,Central Defender,a5jrqzijth7e3uxl4phi83sdm,be2k34rut1lz79jxenabttqlc,Lille OSC,Lille,Lille,LIL,538078.0,360.0,4.0,233.0,210.0,90.13,13.0,5.0,38.46,0.0,0.0,0.0,0.0,0.0,0.0,Nathan,Ngoy,2003-06-10,23.29,429.0,3.0,Defender,Central Defender,a5jrqzijth7e3uxl4phi83sdm,be2k34rut1lz79jxenabttqlc,Lille OSC,Lille,Lille,LIL,538078,a5jrqzijth7e3uxl4phi83sdm,429,be2k34rut1lz79jxenabttqlc
Nathaniel Adjei,476391.0,4.0,360.0,0.0,0.0,0.0,0.0,0.0,0.0,0.0,Nathaniel,Adjei,2002-08-21,24.09,694.0,32.0,Defender,Central Defender,csye3q50ciculdiggvcefx8x6,70nn27vgkt6l48lvv5e66q7ww,FC Lorient,Lorient,Lorient,FCL,56.0,527.782,24.0,226.8,0.0,0.0,0.0,0.0,9.425,9.45,7.0,11.0,17.0,3.0,18.0,17.0,15.0,88.235,12.0,7.0,58.333,,,,,,,,,,476391.0,360.0,4.0,0.0,0.0,0.0,0.0,0.06,0.06,0.0,0.0,Nathaniel,Adjei,2002-08-21,24.09,694.0,32.0,Defender,Central Defender,csye3q50ciculdiggvcefx8x6,70nn27vgkt6l48lvv5e66q7ww,FC Lorient,Lorient,Lorient,FCL,476391.0,360.0,4.0,258.0,241.0,93.41,29.0,24.0,82.76,0.0,0.0,0.0,0.0,0.0,0.0,Nathaniel,Adjei,2002-08-21,24.09,694.0,32.0,Defender,Central Defender,csye3q50ciculdiggvcefx8x6,70nn27vgkt6l48lvv5e66q7ww,FC Lorient,Lorient,Lorient,FCL,476391,csye3q50ciculdiggvcefx8x6,694,70nn27vgkt6l48lvv5e66q7ww
Nayef Aguerd,210494.0,4.0,208.0,0.0,0.0,0.0,0.0,0.0,0.0,0.0,Nayef,Aguerd,1996-03-30,30.49,144.0,21.0,Defender,Central Defender,3o0zpl9cnmna2hyk595ja0xrd,27xvwccz8kpmqsefjv2b2sc0o,Olympique de Marseille,Olympique Marseille,Marseille,OM,56.0,505.153,26.0,252.315,0.0,0.0,0.0,0.0,9.021,9.704,1.0,1.0,9.0,2.0,12.0,7.0,1.0,14.286,15.0,11.0,73.333,,,,,,,,,,210494.0,208.0,4.0,0.0,0.0,0.0,0.0,0.052,0.052,0.0,0.0,Nayef,Aguerd,1996-03-30,30.49,144.0,21.0,Defender,Central Defender,3o0zpl9cnmna2hyk595ja0xrd,27xvwccz8kpmqsefjv2b2sc0o,Olympique de Marseille,Olympique Marseille,Marseille,OM,210494.0,208.0,4.0,229.0,212.0,92.58,30.0,23.0,76.67,0.0,0.0,0.0,0.0,0.0,0.0,Nayef,Aguerd,1996-03-30,30.49,144.0,21.0,Defender,Central Defender,3o0zpl9cnmna2hyk595ja0xrd,27xvwccz8kpmqsefjv2b2sc0o,Olympique de Marseille,Olympique Marseille,Marseille,OM,210494,3o0zpl9cnmna2hyk595ja0xrd,144,27xvwccz8kpmqsefjv2b2sc0o
Neal Maupay,115382.0,3.0,30.0,0.0,0.07,-0.07,1.0,0.0,0.0,0.07,Neal,Maupay,1996-08-14,30.12,144.0,11.0,Forward,Striker,xu7mykgl15kaib3olilmsez9,27xvwccz8kpmqsefjv2b2sc0o,Olympique de Marseille,Olympique Marseille,Marseille,OM,10.0,74.605,4.0,29.82,0.0,0.0,0.0,0.0,7.461,7.455,0.0,1.0,1.0,0.0,0.0,2.0,0.0,0.0,3.0,0.0,0.0,,,,,,,,,,115382.0,30.0,3.0,0.0,0.0,0.0,0.0,0.034,0.034,0.0,0.0,Neal,Maupay,1996-08-14,30.12,144.0,11.0,Forward,Striker,xu7mykgl15kaib3olilmsez9,27xvwccz8kpmqsefjv2b2sc0o,Olympique de Marseille,Olympique Marseille,Marseille,OM,115382.0,30.0,3.0,26.0,25.0,96.15,10.0,9.0,90.0,1.0,0.0,0.0,0.0,0.0,0.0,Neal,Maupay,1996-08-14,30.12,144.0,11.0,Forward,Striker,xu7mykgl15kaib3olilmsez9,27xvwccz8kpmqsefjv2b2sc0o,Olympique de Marseille,Olympique Marseille,Marseille,OM,115382,xu7mykgl15kaib3olilmsez9,144,27xvwccz8kpmqsefjv2b2sc0o
Ngal'ayel Mukau,586855.0,4.0,237.0,0.0,0.09,-0.09,1.0,1.0,0.0,0.09,Ngal'ayel,Mukau,2004-11-03,21.89,429.0,17.0,Midfielder,Defensive Midfielder,9ov7tj31hixo7xp0tfffuhpn8,be2k34rut1lz79jxenabttqlc,Lille OSC,Lille,Lille,LIL,17.0,198.28,10.0,93.03,0.0,0.0,0.0,0.0,11.664,9.303,4.0,3.0,20.0,1.0,6.0,11.0,5.0,45.455,5.0,2.0,40.0,,,,,,,,,,586855.0,237.0,4.0,0.0,0.0,0.0,0.0,0.136,0.135,0.0,0.0,Ngal'ayel,Mukau,2004-11-03,21.89,429.0,17.0,Midfielder,Defensive Midfielder,9ov7tj31hixo7xp0tfffuhpn8,be2k34rut1lz79jxenabttqlc,Lille OSC,Lille,Lille,LIL,586855.0,237.0,4.0,95.0,84.0,88.42,29.0,25.0,86.21,0.0,0.0,0.0,0.0,0.0,0.0,Ngal'ayel,Mukau,2004-11-03,21.89,429.0,17.0,Midfielder,Defensive Midfielder,9ov7tj31hixo7xp0tfffuhpn8,be2k34rut1lz79jxenabttqlc,Lille OSC,Lille,Lille,LIL,586855,9ov7tj31hixo7xp0tfffuhpn8,429,be2k34rut1lz79jxenabttqlc
Nicolas Kocik,,,,,,,,,,,,,,,,,,,,,,,,,,,,,,,,,,,,,,,,,,,,,,360.0,48.0,0.0,4.0,9.0,69.23,0.39,1.0,4.39,,,,,,,,,,,,,,,,,,,,,,,,,,,,,,,,,,,,,,,,,,,,,,,,,,,,,,,222388,dvylqzw64ckz6j74ak9kab9wp,920,bj8hrmj01r3zit0x8r6qm2eu2
Nicolas Lemaître,,,,,,,,,,,,,,,,,,,,,,,,,,,,,,,,,,,,,,,,,,,,,,360.0,25.0,0.0,2.0,3.0,60.0,0.45,1.0,2.45,,,,,,,,,,,,,,,,,,,,,,,,,,,,,,,,,,,,,,,,,,,,,,,,,,,,,,,206935,6o7jjvhvhefum5maxyhk7us4p,150,z1wbqtd0fz5t5eezjvrbld3h
Nicolás Tagliafico,86479.0,1.0,80.0,0.0,0.0,0.0,0.0,0.0,0.0,0.0,Nicolás,Tagliafico,1992-08-31,34.07,143.0,3.0,Defender,Full Back,40hu79d2a4k94nc52z7dblpsl,121le8unjfzug3iu9pgkqa1c7,Lyon,Olympique Lyonnais,Lyon,OL,12.0,115.105,7.0,69.72,0.0,0.0,0.0,0.0,9.592,9.96,1.0,2.0,2.0,0.0,3.0,7.0,2.0,28.571,2.0,2.0,100.0,,,,,,,,,,86479.0,80.0,1.0,1.0,1.0,2.56,0.0,0.005,0.005,0.0,0.0,Nicolás,Tagliafico,1992-08-31,34.07,143.0,3.0,Defender,Full Back,40hu79d2a4k94nc52z7dblpsl,121le8unjfzug3iu9pgkqa1c7,Lyon,Olympique Lyonnais,Lyon,OL,86479.0,80.0,1.0,39.0,33.0,84.62,9.0,7.0,77.78,1.0,0.0,0.0,0.0,0.0,0.0,Nicolás,Tagliafico,1992-08-31,34.07,143.0,3.0,Defender,Full Back,40hu79d2a4k94nc52z7dblpsl,121le8unjfzug3iu9pgkqa1c7,Lyon,Olympique Lyonnais,Lyon,OL,86479,40hu79d2a4k94nc52z7dblpsl,143,121le8unjfzug3iu9pgkqa1c7
Nidal Celik,634897.0,0.0,0.0,0.0,0.0,0.0,0.0,0.0,0.0,0.0,Nidal,Celik,2006-07-17,20.19,142.0,4.0,Defender,Central Defender,634897,3xedluek08t2ka7oypwuullcn,Racing Club de Lens,Lens,Lens,RCL,0.0,0.0,0.0,0.0,0.0,0.0,0.0,0.0,0.0,0.0,0.0,0.0,0.0,0.0,0.0,0.0,0.0,0.0,0.0,0.0,0.0,,,,,,,,,,634897.0,0.0,0.0,0.0,0.0,0.0,0.0,0.0,0.0,0.0,0.0,Nidal,Celik,2006-07-17,20.19,142.0,4.0,Defender,Central Defender,634897,3xedluek08t2ka7oypwuullcn,Racing Club de Lens,Lens,Lens,RCL,634897.0,0.0,0.0,0.0,0.0,0.0,0.0,0.0,0.0,0.0,0.0,0.0,0.0,0.0,0.0,Nidal,Celik,2006-07-17,20.19,142.0,4.0,Defender,Central Defender,634897,3xedluek08t2ka7oypwuullcn,Racing Club de Lens,Lens,Lens,RCL,634897,634897,142,3xedluek08t2ka7oypwuullcn
Niels Nkounkou,495542.0,2.0,145.0,0.0,0.0,0.0,0.0,0.0,0.0,0.0,Niels,Nkounkou,2000-11-01,25.9,1395.0,27.0,Defender,Full Back,3r1zsjvt43kg7aoudhh7o3rl6,bx0cdmzr2gwr70ez72dorx82p,OGC Nice Côte d'Azur,Nice,Nice,NIC,11.0,128.435,6.0,54.075,0.0,0.0,0.0,0.0,11.676,9.013,4.0,5.0,5.0,0.0,0.0,15.0,7.0,46.667,4.0,3.0,75.0,,,,,,,,,,495542.0,145.0,2.0,0.0,0.0,0.0,0.0,0.115,0.109,0.0,0.0,Niels,Nkounkou,2000-11-01,25.9,1395.0,27.0,Defender,Full Back,3r1zsjvt43kg7aoudhh7o3rl6,bx0cdmzr2gwr70ez72dorx82p,OGC Nice Côte d'Azur,Nice,Nice,NIC,495542.0,145.0,2.0,48.0,39.0,81.25,20.0,15.0,75.0,6.0,0.0,0.0,0.0,0.0,0.0,Niels,Nkounkou,2000-11-01,25.9,1395.0,27.0,Defender,Full Back,3r1zsjvt43kg7aoudhh7o3rl6,bx0cdmzr2gwr70ez72dorx82p,OGC Nice Côte d'Azur,Nice,Nice,NIC,495542,3r1zsjvt43kg7aoudhh7o3rl6,1395,bx0cdmzr2gwr70ez72dorx82p
Niklas Schmidt,204584.0,4.0,218.0,0.0,0.05,-0.05,2.0,0.0,0.0,0.03,Niklas,Schmidt,1998-03-01,28.57,427.0,31.0,Midfielder,Central Midfielder,d95i3fwjrk3ti4co645mde76x,4aghw9tyi8ba3ju1ne83gmf9w,Toulouse FC,Toulouse,Toulouse,TFC,48.0,396.253,19.0,158.655,0.0,0.0,3.0,0.0,8.255,8.35,4.0,2.0,12.0,1.0,5.0,9.0,4.0,44.444,2.0,2.0,100.0,,,,,,,,,,204584.0,218.0,4.0,6.0,6.0,2.99,0.0,0.416,0.415,0.0,0.0,Niklas,Schmidt,1998-03-01,28.57,427.0,31.0,Midfielder,Central Midfielder,d95i3fwjrk3ti4co645mde76x,4aghw9tyi8ba3ju1ne83gmf9w,Toulouse FC,Toulouse,Toulouse,TFC,204584.0,218.0,4.0,205.0,188.0,91.71,54.0,43.0,79.63,8.0,2.0,25.0,1.0,0.0,0.0,Niklas,Schmidt,1998-03-01,28.57,427.0,31.0,Midfielder,Central Midfielder,d95i3fwjrk3ti4co645mde76x,4aghw9tyi8ba3ju1ne83gmf9w,Toulouse FC,Toulouse,Toulouse,TFC,204584,d95i3fwjrk3ti4co645mde76x,427,4aghw9tyi8ba3ju1ne83gmf9w
Niko Sigur,618956.0,1.0,45.0,0.0,0.0,0.0,0.0,0.0,0.0,0.0,Niko,Sigur,2003-09-09,23.04,427.0,14.0,Midfielder,0,7uw88nwfgndw5rwjdf3ok89hw,4aghw9tyi8ba3ju1ne83gmf9w,Toulouse FC,Toulouse,Toulouse,TFC,4.0,33.87,1.0,-5.88,0.0,0.0,0.0,0.0,8.468,-5.88,0.0,2.0,3.0,1.0,2.0,1.0,0.0,0.0,0.0,0.0,0.0,,,,,,,,,,618956.0,45.0,1.0,1.0,1.0,4.55,0.0,0.013,0.013,0.0,0.0,Niko,Sigur,2003-09-09,23.04,427.0,14.0,Midfielder,0,7uw88nwfgndw5rwjdf3ok89hw,4aghw9tyi8ba3ju1ne83gmf9w,Toulouse FC,Toulouse,Toulouse,TFC,618956.0,45.0,1.0,23.0,21.0,91.3,6.0,5.0,83.33,0.0,0.0,0.0,0.0,0.0,0.0,Niko,Sigur,2003-09-09,23.04,427.0,14.0,Midfielder,0,7uw88nwfgndw5rwjdf3ok89hw,4aghw9tyi8ba3ju1ne83gmf9w,Toulouse FC,Toulouse,Toulouse,TFC,618956,7uw88nwfgndw5rwjdf3ok89hw,427,4aghw9tyi8ba3ju1ne83gmf9w
Noa Boissé,665236.0,4.0,315.0,0.0,0.0,0.0,0.0,0.0,0.0,0.0,Noa,Boissé,2006-01-20,20.67,920.0,15.0,Defender,Central Defender,9bvpig7xdyplu9drlnn7jih3o,bj8hrmj01r3zit0x8r6qm2eu2,Le Mans FC,Le Mans,Le Mans,LEM,43.0,408.976,22.0,199.185,0.0,0.0,0.0,0.0,9.511,9.054,9.0,3.0,12.0,1.0,13.0,22.0,12.0,54.545,12.0,4.0,33.333,,,,,,,,,,665236.0,315.0,4.0,1.0,1.0,0.66,0.0,0.046,0.046,0.0,0.0,Noa,Boissé,2006-01-20,20.67,920.0,15.0,Defender,Central Defender,9bvpig7xdyplu9drlnn7jih3o,bj8hrmj01r3zit0x8r6qm2eu2,Le Mans FC,Le Mans,Le Mans,LEM,665236.0,315.0,4.0,155.0,130.0,83.87,21.0,11.0,52.38,1.0,0.0,0.0,0.0,0.0,0.0,Noa,Boissé,2006-01-20,20.67,920.0,15.0,Defender,Central Defender,9bvpig7xdyplu9drlnn7jih3o,bj8hrmj01r3zit0x8r6qm2eu2,Le Mans FC,Le Mans,Le Mans,LEM,665236,9bvpig7xdyplu9drlnn7jih3o,920,bj8hrmj01r3zit0x8r6qm2eu2
Noah Cadiou,533146.0,4.0,354.0,0.0,0.25,-0.25,6.0,0.0,0.0,0.04,Noah,Cadiou,1998-10-26,27.92,694.0,8.0,Midfielder,0,ax69g2ukn2tsaz71n0waf58q2,70nn27vgkt6l48lvv5e66q7ww,FC Lorient,Lorient,Lorient,FCL,54.0,547.546,28.0,228.9,0.0,0.0,0.0,0.0,10.14,8.175,7.0,3.0,23.0,1.0,5.0,22.0,14.0,63.636,9.0,4.0,44.444,,,,,,,,,,533146.0,354.0,4.0,3.0,3.0,1.28,0.0,0.192,0.192,0.0,0.0,Noah,Cadiou,1998-10-26,27.92,694.0,8.0,Midfielder,0,ax69g2ukn2tsaz71n0waf58q2,70nn27vgkt6l48lvv5e66q7ww,FC Lorient,Lorient,Lorient,FCL,533146.0,354.0,4.0,240.0,195.0,81.25,55.0,35.0,63.64,1.0,0.0,0.0,2.0,0.0,0.0,Noah,Cadiou,1998-10-26,27.92,694.0,8.0,Midfielder,0,ax69g2ukn2tsaz71n0waf58q2,70nn27vgkt6l48lvv5e66q7ww,FC Lorient,Lorient,Lorient,FCL,533146,ax69g2ukn2tsaz71n0waf58q2,694,70nn27vgkt6l48lvv5e66q7ww
Noah Donkor,719331.0,3.0,84.0,0.0,0.0,0.0,0.0,0.0,0.0,0.0,Noah,Donkor,2006-11-25,19.83,154.0,31.0,Defender,Full Back,1ltj05souwyv4firjpkv6j5sk,3unkqo2g6ag99gd5ynz1j7vse,Espérance Sportive Troyes Aube Champagne,Troyes,Troyes,TRO,5.0,40.27,5.0,38.85,0.0,0.0,1.0,0.0,8.054,7.77,0.0,1.0,1.0,1.0,1.0,7.0,1.0,14.286,0.0,0.0,0.0,,,,,,,,,,719331.0,84.0,3.0,1.0,1.0,4.17,0.0,0.166,0.136,0.0,0.0,Noah,Donkor,2006-11-25,19.83,154.0,31.0,Defender,Full Back,1ltj05souwyv4firjpkv6j5sk,3unkqo2g6ag99gd5ynz1j7vse,Espérance Sportive Troyes Aube Champagne,Troyes,Troyes,TRO,719331.0,84.0,3.0,25.0,20.0,80.0,11.0,8.0,72.73,3.0,1.0,33.33,0.0,0.0,0.0,Noah,Donkor,2006-11-25,19.83,154.0,31.0,Defender,Full Back,1ltj05souwyv4firjpkv6j5sk,3unkqo2g6ag99gd5ynz1j7vse,Espérance Sportive Troyes Aube Champagne,Troyes,Troyes,TRO,719331,1ltj05souwyv4firjpkv6j5sk,154,3unkqo2g6ag99gd5ynz1j7vse
Noah Edjouma,628698.0,1.0,23.0,0.0,0.04,-0.04,1.0,1.0,0.0,0.04,Noah,Edjouma,2005-10-04,20.97,862.0,11.0,Forward,Winger,azuin8p3zlcnhew8e914dhvdg,3adj8hkws0z1al232bg2h6tk0,Stade Brestois 29,Brest,Brest,BRE,2.0,53.128,2.0,38.85,0.0,0.0,1.0,0.0,26.564,19.425,0.0,0.0,0.0,0.0,0.0,1.0,0.0,0.0,0.0,0.0,0.0,,,,,,,,,,628698.0,23.0,1.0,1.0,1.0,100.0,0.0,0.012,0.012,0.0,0.0,Noah,Edjouma,2005-10-04,20.97,862.0,11.0,Forward,Winger,azuin8p3zlcnhew8e914dhvdg,3adj8hkws0z1al232bg2h6tk0,Stade Brestois 29,Brest,Brest,BRE,628698.0,23.0,1.0,1.0,1.0,100.0,1.0,1.0,100.0,0.0,0.0,0.0,0.0,0.0,0.0,Noah,Edjouma,2005-10-04,20.97,862.0,11.0,Forward,Winger,azuin8p3zlcnhew8e914dhvdg,3adj8hkws0z1al232bg2h6tk0,Stade Brestois 29,Brest,Brest,BRE,628698,azuin8p3zlcnhew8e914dhvdg,862,3adj8hkws0z1al232bg2h6tk0
Noah Mbamba,530081.0,3.0,142.0,1.0,0.19,0.81,1.0,1.0,100.0,0.19,Noah,Mbamba,2005-01-05,21.72,694.0,72.0,Midfielder,Central Midfielder,jw8lb54ua2iufebwnu8k68t0,70nn27vgkt6l48lvv5e66q7ww,FC Lorient,Lorient,Lorient,FCL,25.0,283.588,18.0,171.15,0.0,0.0,0.0,0.0,11.344,9.508,3.0,3.0,9.0,0.0,2.0,19.0,8.0,42.105,0.0,0.0,0.0,,,,,,,,,,530081.0,142.0,3.0,0.0,0.0,0.0,0.0,0.026,0.026,0.0,0.0,Noah,Mbamba,2005-01-05,21.72,694.0,72.0,Midfielder,Central Midfielder,jw8lb54ua2iufebwnu8k68t0,70nn27vgkt6l48lvv5e66q7ww,FC Lorient,Lorient,Lorient,FCL,530081.0,142.0,3.0,57.0,55.0,96.49,10.0,8.0,80.0,0.0,0.0,0.0,0.0,0.0,0.0,Noah,Mbamba,2005-01-05,21.72,694.0,72.0,Midfielder,Central Midfielder,jw8lb54ua2iufebwnu8k68t0,70nn27vgkt6l48lvv5e66q7ww,FC Lorient,Lorient,Lorient,FCL,530081,jw8lb54ua2iufebwnu8k68t0,694,70nn27vgkt6l48lvv5e66q7ww
Noah Nartey,578610.0,3.0,101.0,1.0,0.07,0.93,1.0,1.0,100.0,0.07,Noah,Nartey,2005-10-05,20.97,143.0,99.0,Midfielder,Attacking Midfielder,2xp7fbcl6a4nua9jpm7b4k1sk,121le8unjfzug3iu9pgkqa1c7,Lyon,Olympique Lyonnais,Lyon,OL,11.0,138.616,7.0,78.435,0.0,0.0,0.0,0.0,12.601,11.205,1.0,1.0,7.0,0.0,1.0,9.0,3.0,33.333,1.0,1.0,100.0,,,,,,,,,,578610.0,101.0,3.0,1.0,1.0,2.78,0.0,0.045,0.045,0.0,0.0,Noah,Nartey,2005-10-05,20.97,143.0,99.0,Midfielder,Attacking Midfielder,2xp7fbcl6a4nua9jpm7b4k1sk,121le8unjfzug3iu9pgkqa1c7,Lyon,Olympique Lyonnais,Lyon,OL,578610.0,101.0,3.0,36.0,30.0,83.33,14.0,11.0,78.57,1.0,0.0,0.0,0.0,0.0,0.0,Noah,Nartey,2005-10-05,20.97,143.0,99.0,Midfielder,Attacking Midfielder,2xp7fbcl6a4nua9jpm7b4k1sk,121le8unjfzug3iu9pgkqa1c7,Lyon,Olympique Lyonnais,Lyon,OL,578610,2xp7fbcl6a4nua9jpm7b4k1sk,143,121le8unjfzug3iu9pgkqa1c7
Nosa Obaretin,551410.0,0.0,0.0,0.0,0.0,0.0,0.0,0.0,0.0,0.0,Nosa,Obaretin,2003-01-26,23.66,694.0,55.0,Defender,Central Defender,551410,70nn27vgkt6l48lvv5e66q7ww,FC Lorient,Lorient,Lorient,FCL,0.0,0.0,0.0,0.0,0.0,0.0,0.0,0.0,0.0,0.0,0.0,0.0,0.0,0.0,0.0,0.0,0.0,0.0,0.0,0.0,0.0,,,,,,,,,,551410.0,0.0,0.0,0.0,0.0,0.0,0.0,0.0,0.0,0.0,0.0,Nosa,Obaretin,2003-01-26,23.66,694.0,55.0,Defender,Central Defender,551410,70nn27vgkt6l48lvv5e66q7ww,FC Lorient,Lorient,Lorient,FCL,551410.0,0.0,0.0,0.0,0.0,0.0,0.0,0.0,0.0,0.0,0.0,0.0,0.0,0.0,0.0,Nosa,Obaretin,2003-01-26,23.66,694.0,55.0,Defender,Central Defender,551410,70nn27vgkt6l48lvv5e66q7ww,FC Lorient,Lorient,Lorient,FCL,551410,551410,694,70nn27vgkt6l48lvv5e66q7ww
Nouhoum Kamissoko,633075.0,0.0,0.0,0.0,0.0,0.0,0.0,0.0,0.0,0.0,Nouhoum,Kamissoko,2004-12-27,21.74,144.0,42.0,Midfielder,0,633075,27xvwccz8kpmqsefjv2b2sc0o,Olympique de Marseille,Olympique Marseille,Marseille,OM,0.0,0.0,0.0,0.0,0.0,0.0,0.0,0.0,0.0,0.0,0.0,0.0,0.0,0.0,0.0,0.0,0.0,0.0,0.0,0.0,0.0,,,,,,,,,,633075.0,0.0,0.0,0.0,0.0,0.0,0.0,0.0,0.0,0.0,0.0,Nouhoum,Kamissoko,2004-12-27,21.74,144.0,42.0,Midfielder,0,633075,27xvwccz8kpmqsefjv2b2sc0o,Olympique de Marseille,Olympique Marseille,Marseille,OM,633075.0,0.0,0.0,0.0,0.0,0.0,0.0,0.0,0.0,0.0,0.0,0.0,0.0,0.0,0.0,Nouhoum,Kamissoko,2004-12-27,21.74,144.0,42.0,Midfielder,0,633075,27xvwccz8kpmqsefjv2b2sc0o,Olympique de Marseille,Olympique Marseille,Marseille,OM,633075,633075,144,27xvwccz8kpmqsefjv2b2sc0o
Nuno Mendes,465206.0,1.0,90.0,0.0,0.08,-0.08,1.0,0.0,0.0,0.08,Nuno Alexandre,Tavares Mendes,2002-06-19,24.27,149.0,25.0,Defender,Full Back,d3dv3vc71981v5oems59892sq,2b3mar72yy8d6uvat1ka6tn3r,Paris Saint-Germain FC,Paris Saint-Germain,Paris SG,PSG,13.0,164.251,9.0,126.945,1.0,0.0,0.0,0.0,12.635,14.105,2.0,1.0,2.0,1.0,4.0,7.0,5.0,71.429,5.0,1.0,20.0,,,,,,,,,,465206.0,90.0,1.0,1.0,1.0,1.64,0.0,0.083,0.05,0.0,0.0,Nuno Alexandre,Tavares Mendes,2002-06-19,24.27,149.0,25.0,Defender,Full Back,d3dv3vc71981v5oems59892sq,2b3mar72yy8d6uvat1ka6tn3r,Paris Saint-Germain FC,Paris Saint-Germain,Paris SG,PSG,465206.0,90.0,1.0,63.0,54.0,85.71,14.0,12.0,85.71,1.0,1.0,100.0,0.0,0.0,0.0,Nuno Alexandre,Tavares Mendes,2002-06-19,24.27,149.0,25.0,Defender,Full Back,d3dv3vc71981v5oems59892sq,2b3mar72yy8d6uvat1ka6tn3r,Paris Saint-Germain FC,Paris Saint-Germain,Paris SG,PSG,465206,d3dv3vc71981v5oems59892sq,149,2b3mar72yy8d6uvat1ka6tn3r
Odsonne Édouard,199670.0,3.0,84.0,0.0,0.29,-0.29,2.0,1.0,0.0,0.14,Odsonne,Édouard,1998-01-16,28.69,142.0,11.0,Forward,Striker,c9pmcoyzgtgcnlc63cl4283bp,3xedluek08t2ka7oypwuullcn,Racing Club de Lens,Lens,Lens,RCL,6.0,61.604,3.0,33.705,1.0,0.0,0.0,0.0,10.267,11.235,0.0,0.0,2.0,0.0,1.0,4.0,1.0,25.0,1.0,0.0,0.0,,,,,,,,,,199670.0,84.0,3.0,2.0,2.0,15.38,0.0,0.096,0.096,0.0,0.0,Odsonne,Édouard,1998-01-16,28.69,142.0,11.0,Forward,Striker,c9pmcoyzgtgcnlc63cl4283bp,3xedluek08t2ka7oypwuullcn,Racing Club de Lens,Lens,Lens,RCL,199670.0,84.0,3.0,16.0,13.0,81.25,8.0,6.0,75.0,1.0,0.0,0.0,0.0,0.0,0.0,Odsonne,Édouard,1998-01-16,28.69,142.0,11.0,Forward,Striker,c9pmcoyzgtgcnlc63cl4283bp,3xedluek08t2ka7oypwuullcn,Racing Club de Lens,Lens,Lens,RCL,199670,c9pmcoyzgtgcnlc63cl4283bp,142,3xedluek08t2ka7oypwuullcn
Olivier Giroud,44346.0,4.0,229.0,1.0,0.87,0.13,3.0,2.0,33.33,0.29,Olivier,Giroud,1986-09-30,39.99,429.0,9.0,Forward,Striker,5awkzgwwh48prwgvxwewuc5hx,be2k34rut1lz79jxenabttqlc,Lille OSC,Lille,Lille,LIL,2.0,10.972,0.0,-1.26,0.0,0.0,0.0,0.0,5.486,0.0,0.0,0.0,4.0,0.0,2.0,7.0,3.0,42.857,15.0,8.0,53.333,,,,,,,,,,44346.0,229.0,4.0,3.0,3.0,2.27,0.0,0.089,0.089,2.0,2.0,Olivier,Giroud,1986-09-30,39.99,429.0,9.0,Forward,Striker,5awkzgwwh48prwgvxwewuc5hx,be2k34rut1lz79jxenabttqlc,Lille OSC,Lille,Lille,LIL,44346.0,229.0,4.0,45.0,31.0,68.89,18.0,14.0,77.78,0.0,0.0,0.0,0.0,0.0,0.0,Olivier,Giroud,1986-09-30,39.99,429.0,9.0,Forward,Striker,5awkzgwwh48prwgvxwewuc5hx,be2k34rut1lz79jxenabttqlc,Lille OSC,Lille,Lille,LIL,44346,5awkzgwwh48prwgvxwewuc5hx,429,be2k34rut1lz79jxenabttqlc
Omar Sissoko,630700.0,2.0,12.0,0.0,0.0,0.0,0.0,0.0,0.0,0.0,Omar,Sissoko,2006-08-18,20.1,2338.0,18.0,Forward,Striker,5ndxzyjrubpcv2ddnpzv9qfis,8v00fx2zwhiwm05tqqkt122p5,Paris FC,Paris FC,Paris FC,PAR,7.0,76.22,3.0,54.075,0.0,0.0,0.0,0.0,10.889,18.025,1.0,0.0,2.0,0.0,0.0,5.0,3.0,60.0,0.0,0.0,0.0,,,,,,,,,,630700.0,12.0,2.0,0.0,0.0,0.0,0.0,0.01,0.01,0.0,0.0,Omar,Sissoko,2006-08-18,20.1,2338.0,18.0,Forward,Striker,5ndxzyjrubpcv2ddnpzv9qfis,8v00fx2zwhiwm05tqqkt122p5,Paris FC,Paris FC,Paris FC,PAR,630700.0,12.0,2.0,7.0,7.0,100.0,3.0,3.0,100.0,0.0,0.0,0.0,0.0,0.0,0.0,Omar,Sissoko,2006-08-18,20.1,2338.0,18.0,Forward,Striker,5ndxzyjrubpcv2ddnpzv9qfis,8v00fx2zwhiwm05tqqkt122p5,Paris FC,Paris FC,Paris FC,PAR,630700,5ndxzyjrubpcv2ddnpzv9qfis,2338,8v00fx2zwhiwm05tqqkt122p5
Omari Kellyman,549068.0,0.0,0.0,0.0,0.0,0.0,0.0,0.0,0.0,0.0,Omari,Kellyman,2005-09-15,21.02,153.0,26.0,Midfielder,Attacking Midfielder,549068,71ajatxnuhc5cnm3xvgdky49w,RC Strasbourg Alsace,Strasbourg,Strasbourg,STR,0.0,0.0,0.0,0.0,0.0,0.0,0.0,0.0,0.0,0.0,0.0,0.0,0.0,0.0,0.0,0.0,0.0,0.0,0.0,0.0,0.0,,,,,,,,,,549068.0,0.0,0.0,0.0,0.0,0.0,0.0,0.0,0.0,0.0,0.0,Omari,Kellyman,2005-09-15,21.02,153.0,26.0,Midfielder,Attacking Midfielder,549068,71ajatxnuhc5cnm3xvgdky49w,RC Strasbourg Alsace,Strasbourg,Strasbourg,STR,549068.0,0.0,0.0,0.0,0.0,0.0,0.0,0.0,0.0,0.0,0.0,0.0,0.0,0.0,0.0,Omari,Kellyman,2005-09-15,21.02,153.0,26.0,Midfielder,Attacking Midfielder,549068,71ajatxnuhc5cnm3xvgdky49w,RC Strasbourg Alsace,Strasbourg,Strasbourg,STR,549068,549068,153,71ajatxnuhc5cnm3xvgdky49w
Osame Sahraoui,471203.0,2.0,72.0,0.0,0.18,-0.18,2.0,1.0,0.0,0.09,Osame,Sahraoui,2001-06-11,25.29,429.0,11.0,Forward,Winger,24daij2a9hj0luq5eaxeejzvu,be2k34rut1lz79jxenabttqlc,Lille OSC,Lille,Lille,LIL,9.0,88.832,4.0,38.325,0.0,0.0,0.0,0.0,9.87,9.581,0.0,1.0,3.0,0.0,0.0,9.0,4.0,44.444,0.0,0.0,0.0,,,,,,,,,,471203.0,72.0,2.0,0.0,0.0,0.0,0.0,0.079,0.079,0.0,0.0,Osame,Sahraoui,2001-06-11,25.29,429.0,11.0,Forward,Winger,24daij2a9hj0luq5eaxeejzvu,be2k34rut1lz79jxenabttqlc,Lille OSC,Lille,Lille,LIL,471203.0,72.0,2.0,26.0,24.0,92.31,15.0,13.0,86.67,0.0,0.0,0.0,0.0,0.0,0.0,Osame,Sahraoui,2001-06-11,25.29,429.0,11.0,Forward,Winger,24daij2a9hj0luq5eaxeejzvu,be2k34rut1lz79jxenabttqlc,Lille OSC,Lille,Lille,LIL,471203,24daij2a9hj0luq5eaxeejzvu,429,be2k34rut1lz79jxenabttqlc
Oso,637705.0,2.0,180.0,0.0,0.21,-0.21,4.0,0.0,0.0,0.05,Joaquín,Martínez Gauna,2003-07-09,23.21,153.0,36.0,Forward,Winger,6bj5k49arillmrgqk04bxvx1w,71ajatxnuhc5cnm3xvgdky49w,RC Strasbourg Alsace,Strasbourg,Strasbourg,STR,35.0,399.077,23.0,234.15,1.0,0.0,0.0,0.0,11.402,10.18,2.0,5.0,13.0,1.0,3.0,14.0,7.0,50.0,3.0,3.0,100.0,,,,,,,,,,637705.0,180.0,2.0,2.0,2.0,1.98,0.0,0.135,0.135,0.0,0.0,Joaquín,Martínez Gauna,2003-07-09,23.21,153.0,36.0,Forward,Winger,6bj5k49arillmrgqk04bxvx1w,71ajatxnuhc5cnm3xvgdky49w,RC Strasbourg Alsace,Strasbourg,Strasbourg,STR,637705.0,180.0,2.0,102.0,87.0,85.29,27.0,20.0,74.07,3.0,0.0,0.0,0.0,0.0,0.0,Joaquín,Martínez Gauna,2003-07-09,23.21,153.0,36.0,Forward,Winger,6bj5k49arillmrgqk04bxvx1w,71ajatxnuhc5cnm3xvgdky49w,RC Strasbourg Alsace,Strasbourg,Strasbourg,STR,637705,6bj5k49arillmrgqk04bxvx1w,153,71ajatxnuhc5cnm3xvgdky49w
Otávio,448093.0,2.0,173.0,0.0,0.11,-0.11,1.0,0.0,0.0,0.11,Otávio,Ataíde da Silva,2002-04-21,24.43,2338.0,6.0,Defender,Central Defender,17e9rercxaanx9ltwmoph9n56,8v00fx2zwhiwm05tqqkt122p5,Paris FC,Paris FC,Paris FC,PAR,17.0,165.5,6.0,51.24,0.0,0.0,0.0,0.0,9.735,8.54,4.0,3.0,13.0,4.0,13.0,10.0,5.0,50.0,3.0,2.0,66.667,,,,,,,,,,448093.0,173.0,2.0,0.0,0.0,0.0,0.0,0.017,0.017,0.0,0.0,Otávio,Ataíde da Silva,2002-04-21,24.43,2338.0,6.0,Defender,Central Defender,17e9rercxaanx9ltwmoph9n56,8v00fx2zwhiwm05tqqkt122p5,Paris FC,Paris FC,Paris FC,PAR,448093.0,173.0,2.0,138.0,129.0,93.48,13.0,10.0,76.92,0.0,0.0,0.0,0.0,0.0,0.0,Otávio,Ataíde da Silva,2002-04-21,24.43,2338.0,6.0,Defender,Central Defender,17e9rercxaanx9ltwmoph9n56,8v00fx2zwhiwm05tqqkt122p5,Paris FC,Paris FC,Paris FC,PAR,448093,17e9rercxaanx9ltwmoph9n56,2338,8v00fx2zwhiwm05tqqkt122p5
Oumar Konaté,659292.0,1.0,9.0,0.0,0.0,0.0,0.0,0.0,0.0,0.0,Oumar,Konaté,2007-05-05,19.39,146.0,42.0,Forward,0,7uvlkqgk4mdryo8ushk31t3x0,4t4hod56fsj7utpjdor8so5q6,AS Monaco FC,Monaco,Monaco,ASM,1.0,11.397,1.0,10.92,0.0,0.0,0.0,0.0,11.397,10.92,0.0,0.0,2.0,0.0,1.0,3.0,1.0,33.333,0.0,0.0,0.0,,,,,,,,,,659292.0,9.0,1.0,0.0,0.0,0.0,0.0,0.008,0.008,0.0,0.0,Oumar,Konaté,2007-05-05,19.39,146.0,42.0,Forward,0,7uvlkqgk4mdryo8ushk31t3x0,4t4hod56fsj7utpjdor8so5q6,AS Monaco FC,Monaco,Monaco,ASM,659292.0,9.0,1.0,3.0,3.0,100.0,2.0,2.0,100.0,0.0,0.0,0.0,0.0,0.0,0.0,Oumar,Konaté,2007-05-05,19.39,146.0,42.0,Forward,0,7uvlkqgk4mdryo8ushk31t3x0,4t4hod56fsj7utpjdor8so5q6,AS Monaco FC,Monaco,Monaco,ASM,659292,7uvlkqgk4mdryo8ushk31t3x0,146,4t4hod56fsj7utpjdor8so5q6
Ousmane Camara,512126.0,4.0,360.0,0.0,0.21,-0.21,2.0,0.0,0.0,0.11,Ousmane,Camara,2003-03-06,23.55,2128.0,4.0,Defender,Central Defender,99yx7t2j59cyia4bkpi59q1as,75qj99fhg5c0ztj2tva5u4uii,Angers Sporting Club de l'Ouest,Angers,Angers,SCO,47.0,430.639,27.0,280.14,0.0,0.0,1.0,0.0,9.163,10.376,7.0,6.0,14.0,5.0,25.0,9.0,8.0,88.889,10.0,5.0,50.0,,,,,,,,,,512126.0,360.0,4.0,2.0,1.0,0.52,0.0,0.227,0.227,1.0,0.0,Ousmane,Camara,2003-03-06,23.55,2128.0,4.0,Defender,Central Defender,99yx7t2j59cyia4bkpi59q1as,75qj99fhg5c0ztj2tva5u4uii,Angers Sporting Club de l'Ouest,Angers,Angers,SCO,512126.0,360.0,4.0,211.0,189.0,89.57,17.0,9.0,52.94,0.0,0.0,0.0,0.0,0.0,0.0,Ousmane,Camara,2003-03-06,23.55,2128.0,4.0,Defender,Central Defender,99yx7t2j59cyia4bkpi59q1as,75qj99fhg5c0ztj2tva5u4uii,Angers Sporting Club de l'Ouest,Angers,Angers,SCO,512126,99yx7t2j59cyia4bkpi59q1as,2128,75qj99fhg5c0ztj2tva5u4uii
Ousmane Dembélé,219438.0,3.0,132.0,0.0,0.57,-0.57,9.0,3.0,0.0,0.06,Ousmane,Dembélé,1997-05-15,29.36,149.0,10.0,Forward,Winger,ckaqxlw257qzj8vjdumvwbaad,2b3mar72yy8d6uvat1ka6tn3r,Paris Saint-Germain FC,Paris Saint-Germain,Paris SG,PSG,39.0,402.964,20.0,230.055,3.0,0.0,1.0,0.0,10.332,11.503,0.0,1.0,3.0,0.0,0.0,7.0,3.0,42.857,0.0,0.0,0.0,,,,,,,,,,219438.0,132.0,3.0,4.0,3.0,2.2,25.0,0.305,0.256,1.0,1.0,Ousmane,Dembélé,1997-05-15,29.36,149.0,10.0,Forward,Winger,ckaqxlw257qzj8vjdumvwbaad,2b3mar72yy8d6uvat1ka6tn3r,Paris Saint-Germain FC,Paris Saint-Germain,Paris SG,PSG,219438.0,132.0,3.0,98.0,84.0,85.71,58.0,50.0,86.21,6.0,0.0,0.0,1.0,0.0,0.0,Ousmane,Dembélé,1997-05-15,29.36,149.0,10.0,Forward,Winger,ckaqxlw257qzj8vjdumvwbaad,2b3mar72yy8d6uvat1ka6tn3r,Paris Saint-Germain FC,Paris Saint-Germain,Paris SG,PSG,219438,ckaqxlw257qzj8vjdumvwbaad,149,2b3mar72yy8d6uvat1ka6tn3r
Pablo Pagis,551976.0,4.0,296.0,0.0,0.33,-0.33,6.0,0.0,0.0,0.06,Pablo,Pagis,2002-12-29,23.74,2338.0,7.0,Forward,Striker,5xswuoacpzuco82mmu00gjyms,8v00fx2zwhiwm05tqqkt122p5,Paris FC,Paris FC,Paris FC,PAR,37.0,424.835,20.0,193.725,5.0,0.0,2.0,0.0,11.482,9.686,4.0,3.0,8.0,0.0,2.0,25.0,10.0,40.0,4.0,1.0,25.0,,,,,,,,,,551976.0,296.0,4.0,7.0,6.0,5.56,0.0,1.103,1.101,1.0,0.0,Pablo,Pagis,2002-12-29,23.74,2338.0,7.0,Forward,Striker,5xswuoacpzuco82mmu00gjyms,8v00fx2zwhiwm05tqqkt122p5,Paris FC,Paris FC,Paris FC,PAR,551976.0,296.0,4.0,111.0,94.0,84.68,37.0,30.0,81.08,5.0,2.0,40.0,2.0,0.0,0.0,Pablo,Pagis,2002-12-29,23.74,2338.0,7.0,Forward,Striker,5xswuoacpzuco82mmu00gjyms,8v00fx2zwhiwm05tqqkt122p5,Paris FC,Paris FC,Paris FC,PAR,551976,5xswuoacpzuco82mmu00gjyms,2338,8v00fx2zwhiwm05tqqkt122p5
Panos Katseris,624764.0,4.0,160.0,0.0,0.07,-0.07,1.0,1.0,0.0,0.07,Panos,Katseris,2001-07-05,25.22,694.0,77.0,Defender,0,avcz4wr4wem1s9vz3y5hl5fdg,70nn27vgkt6l48lvv5e66q7ww,FC Lorient,Lorient,Lorient,FCL,24.0,344.262,18.0,213.57,1.0,0.0,2.0,1.0,14.344,11.865,4.0,4.0,9.0,0.0,7.0,11.0,7.0,63.636,8.0,4.0,50.0,,,,,,,,,,624764.0,160.0,4.0,5.0,5.0,3.64,0.0,0.765,0.765,3.0,3.0,Panos,Katseris,2001-07-05,25.22,694.0,77.0,Defender,0,avcz4wr4wem1s9vz3y5hl5fdg,70nn27vgkt6l48lvv5e66q7ww,FC Lorient,Lorient,Lorient,FCL,624764.0,160.0,4.0,55.0,39.0,70.91,22.0,13.0,59.09,14.0,2.0,14.29,1.0,1.0,100.0,Panos,Katseris,2001-07-05,25.22,694.0,77.0,Defender,0,avcz4wr4wem1s9vz3y5hl5fdg,70nn27vgkt6l48lvv5e66q7ww,FC Lorient,Lorient,Lorient,FCL,624764,avcz4wr4wem1s9vz3y5hl5fdg,694,70nn27vgkt6l48lvv5e66q7ww
Paolo Gozzi,248667.0,0.0,0.0,0.0,0.0,0.0,0.0,0.0,0.0,0.0,Paolo,Gozzi,2001-04-25,25.42,154.0,5.0,Defender,Central Defender,248667,3unkqo2g6ag99gd5ynz1j7vse,Espérance Sportive Troyes Aube Champagne,Troyes,Troyes,TRO,0.0,0.0,0.0,0.0,0.0,0.0,0.0,0.0,0.0,0.0,0.0,0.0,0.0,0.0,0.0,0.0,0.0,0.0,0.0,0.0,0.0,,,,,,,,,,248667.0,0.0,0.0,0.0,0.0,0.0,0.0,0.0,0.0,0.0,0.0,Paolo,Gozzi,2001-04-25,25.42,154.0,5.0,Defender,Central Defender,248667,3unkqo2g6ag99gd5ynz1j7vse,Espérance Sportive Troyes Aube Champagne,Troyes,Troyes,TRO,248667.0,0.0,0.0,0.0,0.0,0.0,0.0,0.0,0.0,0.0,0.0,0.0,0.0,0.0,0.0,Paolo,Gozzi,2001-04-25,25.42,154.0,5.0,Defender,Central Defender,248667,3unkqo2g6ag99gd5ynz1j7vse,Espérance Sportive Troyes Aube Champagne,Troyes,Troyes,TRO,248667,248667,154,3unkqo2g6ag99gd5ynz1j7vse
Pape Cabral,633711.0,0.0,0.0,0.0,0.0,0.0,0.0,0.0,0.0,0.0,Pape,Cabral,2007-01-20,19.67,146.0,19.0,Midfielder,0,633711,4t4hod56fsj7utpjdor8so5q6,AS Monaco FC,Monaco,Monaco,ASM,0.0,0.0,0.0,0.0,0.0,0.0,0.0,0.0,0.0,0.0,0.0,0.0,0.0,0.0,0.0,0.0,0.0,0.0,0.0,0.0,0.0,,,,,,,,,,633711.0,0.0,0.0,0.0,0.0,0.0,0.0,0.0,0.0,0.0,0.0,Pape,Cabral,2007-01-20,19.67,146.0,19.0,Midfielder,0,633711,4t4hod56fsj7utpjdor8so5q6,AS Monaco FC,Monaco,Monaco,ASM,633711.0,0.0,0.0,0.0,0.0,0.0,0.0,0.0,0.0,0.0,0.0,0.0,0.0,0.0,0.0,Pape,Cabral,2007-01-20,19.67,146.0,19.0,Midfielder,0,633711,4t4hod56fsj7utpjdor8so5q6,AS Monaco FC,Monaco,Monaco,ASM,633711,633711,146,4t4hod56fsj7utpjdor8so5q6
Pape Diop,601946.0,4.0,291.0,0.0,0.34,-0.34,5.0,0.0,0.0,0.07,Pape,Diop,2003-09-04,23.05,153.0,21.0,Midfielder,Central Midfielder,7midzsc4xu11dxhw22s9b5e6s,71ajatxnuhc5cnm3xvgdky49w,RC Strasbourg Alsace,Strasbourg,Strasbourg,STR,40.0,366.364,7.0,-41.79,0.0,0.0,1.0,0.0,9.159,-5.97,11.0,5.0,24.0,4.0,9.0,23.0,16.0,69.565,1.0,0.0,0.0,,,,,,,,,,601946.0,291.0,4.0,4.0,4.0,1.99,0.0,0.069,0.067,0.0,0.0,Pape,Diop,2003-09-04,23.05,153.0,21.0,Midfielder,Central Midfielder,7midzsc4xu11dxhw22s9b5e6s,71ajatxnuhc5cnm3xvgdky49w,RC Strasbourg Alsace,Strasbourg,Strasbourg,STR,601946.0,291.0,4.0,209.0,188.0,89.95,38.0,31.0,81.58,1.0,0.0,0.0,0.0,0.0,0.0,Pape,Diop,2003-09-04,23.05,153.0,21.0,Midfielder,Central Midfielder,7midzsc4xu11dxhw22s9b5e6s,71ajatxnuhc5cnm3xvgdky49w,RC Strasbourg Alsace,Strasbourg,Strasbourg,STR,601946,7midzsc4xu11dxhw22s9b5e6s,153,71ajatxnuhc5cnm3xvgdky49w
Paris Brunner,569020.0,4.0,301.0,3.0,2.3,0.7,13.0,6.0,23.08,0.18,Paris,Brunner,2006-02-15,20.6,146.0,29.0,Forward,Striker,4dkerrlcqxybg52pose3qxas,4t4hod56fsj7utpjdor8so5q6,AS Monaco FC,Monaco,Monaco,ASM,22.0,253.042,14.0,168.105,2.0,1.0,0.0,0.0,11.502,12.007,5.0,0.0,5.0,0.0,4.0,27.0,11.0,40.741,9.0,6.0,66.667,,,,,,,,,,569020.0,301.0,4.0,3.0,3.0,5.88,0.0,0.198,0.197,0.0,0.0,Paris,Brunner,2006-02-15,20.6,146.0,29.0,Forward,Striker,4dkerrlcqxybg52pose3qxas,4t4hod56fsj7utpjdor8so5q6,AS Monaco FC,Monaco,Monaco,ASM,569020.0,301.0,4.0,52.0,39.0,75.0,24.0,18.0,75.0,1.0,0.0,0.0,0.0,0.0,0.0,Paris,Brunner,2006-02-15,20.6,146.0,29.0,Forward,Striker,4dkerrlcqxybg52pose3qxas,4t4hod56fsj7utpjdor8so5q6,AS Monaco FC,Monaco,Monaco,ASM,569020,4dkerrlcqxybg52pose3qxas,146,4t4hod56fsj7utpjdor8so5q6
Pathé Mboup,586343.0,4.0,319.0,0.0,1.25,-1.25,15.0,6.0,0.0,0.08,Pathé,Mboup,2003-10-19,22.93,862.0,9.0,Forward,Winger,8ipqhvaekpinqwwgb4eo0g6qc,3adj8hkws0z1al232bg2h6tk0,Stade Brestois 29,Brest,Brest,BRE,49.0,571.207,26.0,257.67,5.0,0.0,1.0,0.0,11.657,9.91,7.0,4.0,13.0,0.0,0.0,45.0,17.0,37.778,10.0,4.0,40.0,,,,,,,,,,586343.0,319.0,4.0,5.0,5.0,6.49,0.0,0.244,0.244,0.0,0.0,Pathé,Mboup,2003-10-19,22.93,862.0,9.0,Forward,Winger,8ipqhvaekpinqwwgb4eo0g6qc,3adj8hkws0z1al232bg2h6tk0,Stade Brestois 29,Brest,Brest,BRE,586343.0,319.0,4.0,77.0,61.0,79.22,34.0,23.0,67.65,4.0,0.0,0.0,1.0,1.0,100.0,Pathé,Mboup,2003-10-19,22.93,862.0,9.0,Forward,Winger,8ipqhvaekpinqwwgb4eo0g6qc,3adj8hkws0z1al232bg2h6tk0,Stade Brestois 29,Brest,Brest,BRE,586343,8ipqhvaekpinqwwgb4eo0g6qc,862,3adj8hkws0z1al232bg2h6tk0
Patrick Beach,,,,,,,,,,,,,,,,,,,,,,,,,,,,,,,,,,,,,,,,,,,,,,360.0,100.0,0.0,9.0,15.0,62.5,1.65,1.11,10.65,,,,,,,,,,,,,,,,,,,,,,,,,,,,,,,,,,,,,,,,,,,,,,,,,,,,,,,568146,16of29foougixh5hpw4l7j76c,154,3unkqo2g6ag99gd5ynz1j7vse
Patrick Zabi,683822.0,3.0,40.0,0.0,1.48,-1.48,2.0,0.0,0.0,0.74,Patrick,Zabi,2006-09-24,20.0,2338.0,8.0,Midfielder,Central Midfielder,8imfhuden1gl71bmhfnw6ehhw,8v00fx2zwhiwm05tqqkt122p5,Paris FC,Paris FC,Paris FC,PAR,12.0,242.718,9.0,162.33,1.0,0.0,0.0,0.0,20.226,18.037,1.0,2.0,6.0,0.0,1.0,5.0,2.0,40.0,1.0,0.0,0.0,,,,,,,,,,683822.0,40.0,3.0,2.0,2.0,4.17,0.0,0.118,0.118,1.0,1.0,Patrick,Zabi,2006-09-24,20.0,2338.0,8.0,Midfielder,Central Midfielder,8imfhuden1gl71bmhfnw6ehhw,8v00fx2zwhiwm05tqqkt122p5,Paris FC,Paris FC,Paris FC,PAR,683822.0,40.0,3.0,24.0,19.0,79.17,7.0,6.0,85.71,1.0,0.0,0.0,1.0,1.0,100.0,Patrick,Zabi,2006-09-24,20.0,2338.0,8.0,Midfielder,Central Midfielder,8imfhuden1gl71bmhfnw6ehhw,8v00fx2zwhiwm05tqqkt122p5,Paris FC,Paris FC,Paris FC,PAR,683822,8imfhuden1gl71bmhfnw6ehhw,2338,8v00fx2zwhiwm05tqqkt122p5
Pavel Sulc,465954.0,4.0,194.0,0.0,0.13,-0.13,3.0,1.0,0.0,0.04,Pavel,Sulc,2000-12-29,25.74,143.0,10.0,Midfielder,0,58vrddf0ws30ev8rrkjpkkrxm,121le8unjfzug3iu9pgkqa1c7,Lyon,Olympique Lyonnais,Lyon,OL,10.0,121.436,8.0,85.365,0.0,0.0,1.0,0.0,12.144,10.671,4.0,0.0,8.0,0.0,3.0,13.0,6.0,46.154,5.0,2.0,40.0,,,,,,,,,,465954.0,194.0,4.0,4.0,4.0,3.28,0.0,0.426,0.426,2.0,2.0,Pavel,Sulc,2000-12-29,25.74,143.0,10.0,Midfielder,0,58vrddf0ws30ev8rrkjpkkrxm,121le8unjfzug3iu9pgkqa1c7,Lyon,Olympique Lyonnais,Lyon,OL,465954.0,194.0,4.0,61.0,48.0,78.69,24.0,14.0,58.33,1.0,0.0,0.0,0.0,0.0,0.0,Pavel,Sulc,2000-12-29,25.74,143.0,10.0,Midfielder,0,58vrddf0ws30ev8rrkjpkkrxm,121le8unjfzug3iu9pgkqa1c7,Lyon,Olympique Lyonnais,Lyon,OL,465954,58vrddf0ws30ev8rrkjpkkrxm,143,121le8unjfzug3iu9pgkqa1c7
Pierre Ekwah,458297.0,2.0,32.0,0.0,0.0,0.0,0.0,0.0,0.0,0.0,Pierre,Ekwah,2002-01-15,24.69,138.0,17.0,Midfielder,0,3vodb1m9l4hcm9pruc063dtnu,9bxav814mkuhueiyivyive82d,Association Jeunesse Auxerroise,Auxerre,Auxerre,AJA,2.0,21.479,1.0,8.4,0.0,0.0,0.0,0.0,10.74,8.4,1.0,0.0,0.0,0.0,0.0,2.0,1.0,50.0,0.0,0.0,0.0,,,,,,,,,,458297.0,32.0,2.0,0.0,0.0,0.0,0.0,0.005,0.005,0.0,0.0,Pierre,Ekwah,2002-01-15,24.69,138.0,17.0,Midfielder,0,3vodb1m9l4hcm9pruc063dtnu,9bxav814mkuhueiyivyive82d,Association Jeunesse Auxerroise,Auxerre,Auxerre,AJA,458297.0,32.0,2.0,11.0,10.0,90.91,2.0,2.0,100.0,0.0,0.0,0.0,0.0,0.0,0.0,Pierre,Ekwah,2002-01-15,24.69,138.0,17.0,Midfielder,0,3vodb1m9l4hcm9pruc063dtnu,9bxav814mkuhueiyivyive82d,Association Jeunesse Auxerroise,Auxerre,Auxerre,AJA,458297,3vodb1m9l4hcm9pruc063dtnu,138,9bxav814mkuhueiyivyive82d
Pierre Lees-Melou,212325.0,4.0,360.0,0.0,0.13,-0.13,4.0,0.0,0.0,0.03,Pierre,Lees-Melou,1993-05-25,33.34,2338.0,33.0,Midfielder,0,dl4e5ojyhccj6w0vgksfzvmxh,8v00fx2zwhiwm05tqqkt122p5,Paris FC,Paris FC,Paris FC,PAR,48.0,411.791,17.0,114.45,1.0,0.0,0.0,0.0,8.579,6.732,12.0,7.0,25.0,1.0,5.0,30.0,20.0,66.667,3.0,2.0,66.667,,,,,,,,,,212325.0,360.0,4.0,1.0,1.0,0.39,0.0,0.146,0.146,0.0,0.0,Pierre,Lees-Melou,1993-05-25,33.34,2338.0,33.0,Midfielder,0,dl4e5ojyhccj6w0vgksfzvmxh,8v00fx2zwhiwm05tqqkt122p5,Paris FC,Paris FC,Paris FC,PAR,212325.0,360.0,4.0,262.0,233.0,88.93,51.0,36.0,70.59,1.0,0.0,0.0,1.0,0.0,0.0,Pierre,Lees-Melou,1993-05-25,33.34,2338.0,33.0,Midfielder,0,dl4e5ojyhccj6w0vgksfzvmxh,8v00fx2zwhiwm05tqqkt122p5,Paris FC,Paris FC,Paris FC,PAR,212325,dl4e5ojyhccj6w0vgksfzvmxh,2338,8v00fx2zwhiwm05tqqkt122p5
Pierre-Emile Højbjerg,132015.0,4.0,360.0,1.0,0.52,0.48,7.0,2.0,14.29,0.07,Pierre-Emile,Højbjerg,1995-08-05,31.14,144.0,23.0,Midfielder,Defensive Midfielder,4zxrdmwphkxvkvo6bt30uanrp,27xvwccz8kpmqsefjv2b2sc0o,Olympique de Marseille,Olympique Marseille,Marseille,OM,100.0,891.605,34.0,191.835,5.0,0.0,1.0,0.0,8.916,5.642,7.0,8.0,23.0,0.0,6.0,28.0,11.0,39.286,6.0,6.0,100.0,,,,,,,,,,132015.0,360.0,4.0,5.0,5.0,1.52,0.0,0.451,0.451,0.0,0.0,Pierre-Emile,Højbjerg,1995-08-05,31.14,144.0,23.0,Midfielder,Defensive Midfielder,4zxrdmwphkxvkvo6bt30uanrp,27xvwccz8kpmqsefjv2b2sc0o,Olympique de Marseille,Olympique Marseille,Marseille,OM,132015.0,360.0,4.0,336.0,304.0,90.48,102.0,86.0,84.31,3.0,2.0,66.67,0.0,0.0,0.0,Pierre-Emile,Højbjerg,1995-08-05,31.14,144.0,23.0,Midfielder,Defensive Midfielder,4zxrdmwphkxvkvo6bt30uanrp,27xvwccz8kpmqsefjv2b2sc0o,Olympique de Marseille,Olympique Marseille,Marseille,OM,132015,4zxrdmwphkxvkvo6bt30uanrp,144,27xvwccz8kpmqsefjv2b2sc0o
Prosper Peter,695695.0,4.0,89.0,0.0,1.06,-1.06,4.0,2.0,0.0,0.27,Prosper,Peter,2007-08-09,19.12,2128.0,9.0,Forward,Striker,5hsayz8xx43z84ounubrnt91w,75qj99fhg5c0ztj2tva5u4uii,Angers Sporting Club de l'Ouest,Angers,Angers,SCO,9.0,122.986,3.0,-19.11,0.0,0.0,0.0,0.0,13.665,-6.37,0.0,0.0,5.0,0.0,0.0,12.0,6.0,50.0,7.0,4.0,57.143,,,,,,,,,,695695.0,89.0,4.0,1.0,1.0,5.56,0.0,0.012,0.012,0.0,0.0,Prosper,Peter,2007-08-09,19.12,2128.0,9.0,Forward,Striker,5hsayz8xx43z84ounubrnt91w,75qj99fhg5c0ztj2tva5u4uii,Angers Sporting Club de l'Ouest,Angers,Angers,SCO,695695.0,89.0,4.0,18.0,13.0,72.22,9.0,4.0,44.44,0.0,0.0,0.0,0.0,0.0,0.0,Prosper,Peter,2007-08-09,19.12,2128.0,9.0,Forward,Striker,5hsayz8xx43z84ounubrnt91w,75qj99fhg5c0ztj2tva5u4uii,Angers Sporting Club de l'Ouest,Angers,Angers,SCO,695695,5hsayz8xx43z84ounubrnt91w,2128,75qj99fhg5c0ztj2tva5u4uii
Przemyslaw Frankowski,140040.0,4.0,336.0,1.0,0.22,0.78,4.0,1.0,25.0,0.06,Przemyslaw,Frankowski,1995-04-12,31.46,150.0,95.0,Midfielder,Wing Back,bt4yy465bb33u7phdhnlr6pcl,z1wbqtd0fz5t5eezjvrbld3h,Stade Rennais FC,Rennes,Rennes,REN,62.0,634.803,36.0,298.305,2.0,0.0,2.0,0.0,10.239,8.286,7.0,6.0,12.0,0.0,11.0,27.0,11.0,40.741,4.0,1.0,25.0,,,,,,,,,,140040.0,336.0,4.0,5.0,5.0,2.15,0.0,0.526,0.524,1.0,1.0,Przemyslaw,Frankowski,1995-04-12,31.46,150.0,95.0,Midfielder,Wing Back,bt4yy465bb33u7phdhnlr6pcl,z1wbqtd0fz5t5eezjvrbld3h,Stade Rennais FC,Rennes,Rennes,REN,140040.0,336.0,4.0,187.0,153.0,81.82,60.0,43.0,71.67,7.0,2.0,28.57,2.0,1.0,50.0,Przemyslaw,Frankowski,1995-04-12,31.46,150.0,95.0,Midfielder,Wing Back,bt4yy465bb33u7phdhnlr6pcl,z1wbqtd0fz5t5eezjvrbld3h,Stade Rennais FC,Rennes,Rennes,REN,140040,bt4yy465bb33u7phdhnlr6pcl,150,z1wbqtd0fz5t5eezjvrbld3h
Quentin Merlin,531003.0,3.0,158.0,0.0,0.0,0.0,0.0,0.0,0.0,0.0,Quentin,Merlin,2002-05-16,24.36,150.0,26.0,Defender,Full Back,4a7x84pflda40oka94y36gwk,z1wbqtd0fz5t5eezjvrbld3h,Stade Rennais FC,Rennes,Rennes,REN,24.0,223.321,15.0,116.655,0.0,0.0,2.0,0.0,9.305,7.777,0.0,2.0,9.0,0.0,4.0,8.0,1.0,12.5,3.0,1.0,33.333,,,,,,,,,,531003.0,158.0,3.0,3.0,3.0,3.57,0.0,0.48,0.478,0.0,0.0,Quentin,Merlin,2002-05-16,24.36,150.0,26.0,Defender,Full Back,4a7x84pflda40oka94y36gwk,z1wbqtd0fz5t5eezjvrbld3h,Stade Rennais FC,Rennes,Rennes,REN,531003.0,158.0,3.0,90.0,79.0,87.78,24.0,18.0,75.0,6.0,2.0,33.33,0.0,0.0,0.0,Quentin,Merlin,2002-05-16,24.36,150.0,26.0,Defender,Full Back,4a7x84pflda40oka94y36gwk,z1wbqtd0fz5t5eezjvrbld3h,Stade Rennais FC,Rennes,Rennes,REN,531003,4a7x84pflda40oka94y36gwk,150,z1wbqtd0fz5t5eezjvrbld3h
Quinten Timber,450063.0,1.0,45.0,0.0,0.0,0.0,0.0,0.0,0.0,0.0,Quinten,Timber,2001-06-17,25.27,144.0,27.0,Midfielder,Central Midfielder,e5xuwwa4qs6zxjd7y52tslih,27xvwccz8kpmqsefjv2b2sc0o,Olympique de Marseille,Olympique Marseille,Marseille,OM,7.0,72.44,4.0,21.315,0.0,0.0,0.0,0.0,10.349,5.329,0.0,0.0,1.0,0.0,0.0,4.0,2.0,50.0,1.0,0.0,0.0,,,,,,,,,,450063.0,45.0,1.0,0.0,0.0,0.0,0.0,0.009,0.009,0.0,0.0,Quinten,Timber,2001-06-17,25.27,144.0,27.0,Midfielder,Central Midfielder,e5xuwwa4qs6zxjd7y52tslih,27xvwccz8kpmqsefjv2b2sc0o,Olympique de Marseille,Olympique Marseille,Marseille,OM,450063.0,45.0,1.0,13.0,10.0,76.92,8.0,5.0,62.5,3.0,0.0,0.0,0.0,0.0,0.0,Quinten,Timber,2001-06-17,25.27,144.0,27.0,Midfielder,Central Midfielder,e5xuwwa4qs6zxjd7y52tslih,27xvwccz8kpmqsefjv2b2sc0o,Olympique de Marseille,Olympique Marseille,Marseille,OM,450063,e5xuwwa4qs6zxjd7y52tslih,144,27xvwccz8kpmqsefjv2b2sc0o
Rafik Messali,656314.0,4.0,175.0,0.0,0.0,0.0,0.0,0.0,0.0,0.0,Rafik,Messali,2003-04-28,23.41,427.0,22.0,Midfielder,0,4aooo9gmqd70fj330jxb3s4r8,4aghw9tyi8ba3ju1ne83gmf9w,Toulouse FC,Toulouse,Toulouse,TFC,21.0,245.094,14.0,152.88,0.0,0.0,0.0,0.0,11.671,10.92,4.0,6.0,13.0,0.0,4.0,18.0,8.0,44.444,7.0,3.0,42.857,,,,,,,,,,656314.0,175.0,4.0,2.0,2.0,1.85,0.0,0.172,0.171,0.0,0.0,Rafik,Messali,2003-04-28,23.41,427.0,22.0,Midfielder,0,4aooo9gmqd70fj330jxb3s4r8,4aghw9tyi8ba3ju1ne83gmf9w,Toulouse FC,Toulouse,Toulouse,TFC,656314.0,175.0,4.0,111.0,91.0,81.98,29.0,22.0,75.86,6.0,1.0,16.67,0.0,0.0,0.0,Rafik,Messali,2003-04-28,23.41,427.0,22.0,Midfielder,0,4aooo9gmqd70fj330jxb3s4r8,4aghw9tyi8ba3ju1ne83gmf9w,Toulouse FC,Toulouse,Toulouse,TFC,656314,4aooo9gmqd70fj330jxb3s4r8,427,4aghw9tyi8ba3ju1ne83gmf9w
Raphaël Le Guen,678291.0,4.0,360.0,0.0,1.07,-1.07,8.0,0.0,0.0,0.13,Raphaël,Le Guen,2006-09-01,20.06,862.0,71.0,Defender,Central Defender,65b7kc7djr4vmbk55wumup72s,3adj8hkws0z1al232bg2h6tk0,Stade Brestois 29,Brest,Brest,BRE,58.0,652.446,32.0,379.575,0.0,0.0,0.0,0.0,11.249,11.862,4.0,4.0,18.0,2.0,27.0,6.0,5.0,83.333,22.0,18.0,81.818,,,,,,,,,,678291.0,360.0,4.0,2.0,2.0,1.12,0.0,0.142,0.142,0.0,0.0,Raphaël,Le Guen,2006-09-01,20.06,862.0,71.0,Defender,Central Defender,65b7kc7djr4vmbk55wumup72s,3adj8hkws0z1al232bg2h6tk0,Stade Brestois 29,Brest,Brest,BRE,678291.0,360.0,4.0,185.0,161.0,87.03,21.0,11.0,52.38,0.0,0.0,0.0,0.0,0.0,0.0,Raphaël,Le Guen,2006-09-01,20.06,862.0,71.0,Defender,Central Defender,65b7kc7djr4vmbk55wumup72s,3adj8hkws0z1al232bg2h6tk0,Stade Brestois 29,Brest,Brest,BRE,678291,65b7kc7djr4vmbk55wumup72s,862,3adj8hkws0z1al232bg2h6tk0
Rasmus Nicolaisen,228955.0,3.0,270.0,0.0,0.19,-0.19,4.0,0.0,0.0,0.05,Rasmus,Nicolaisen,1997-03-16,29.53,427.0,2.0,Defender,Central Defender,2o5wwfsh5xhyatdfelh9dzqax,4aghw9tyi8ba3ju1ne83gmf9w,Toulouse FC,Toulouse,Toulouse,TFC,28.0,223.55,16.0,110.04,0.0,0.0,0.0,0.0,7.984,6.878,2.0,4.0,11.0,5.0,20.0,10.0,4.0,40.0,19.0,14.0,73.684,,,,,,,,,,228955.0,270.0,3.0,1.0,1.0,0.69,0.0,0.022,0.022,0.0,0.0,Rasmus,Nicolaisen,1997-03-16,29.53,427.0,2.0,Defender,Central Defender,2o5wwfsh5xhyatdfelh9dzqax,4aghw9tyi8ba3ju1ne83gmf9w,Toulouse FC,Toulouse,Toulouse,TFC,228955.0,270.0,3.0,154.0,147.0,95.45,11.0,10.0,90.91,0.0,0.0,0.0,0.0,0.0,0.0,Rasmus,Nicolaisen,1997-03-16,29.53,427.0,2.0,Defender,Central Defender,2o5wwfsh5xhyatdfelh9dzqax,4aghw9tyi8ba3ju1ne83gmf9w,Toulouse FC,Toulouse,Toulouse,TFC,228955,2o5wwfsh5xhyatdfelh9dzqax,427,4aghw9tyi8ba3ju1ne83gmf9w
Rassoul Ndiaye,490330.0,3.0,225.0,0.0,0.38,-0.38,6.0,1.0,0.0,0.06,Rassoul,Ndiaye,2001-12-11,24.79,141.0,14.0,Midfielder,Central Midfielder,duuan2ogcypv8ftmnypoed3sa,23pqcgxu1tip265hbe01kszbt,Le Havre AC,Le Havre,Le Havre,HAC,24.0,306.818,16.0,208.005,3.0,0.0,1.0,0.0,12.784,13.0,7.0,2.0,14.0,1.0,0.0,25.0,13.0,52.0,3.0,1.0,33.333,,,,,,,,,,490330.0,225.0,3.0,6.0,5.0,5.21,16.67,0.431,0.353,0.0,0.0,Rassoul,Ndiaye,2001-12-11,24.79,141.0,14.0,Midfielder,Central Midfielder,duuan2ogcypv8ftmnypoed3sa,23pqcgxu1tip265hbe01kszbt,Le Havre AC,Le Havre,Le Havre,HAC,490330.0,225.0,3.0,101.0,83.0,82.18,44.0,35.0,79.55,11.0,3.0,27.27,0.0,0.0,0.0,Rassoul,Ndiaye,2001-12-11,24.79,141.0,14.0,Midfielder,Central Midfielder,duuan2ogcypv8ftmnypoed3sa,23pqcgxu1tip265hbe01kszbt,Le Havre AC,Le Havre,Le Havre,HAC,490330,duuan2ogcypv8ftmnypoed3sa,141,23pqcgxu1tip265hbe01kszbt
Rayan Bamba,653530.0,3.0,270.0,0.0,0.06,-0.06,1.0,0.0,0.0,0.06,Rayan,Bamba,2004-05-14,22.36,920.0,26.0,Defender,Full Back,6nhamg6enmjebvyarfg0e1pn8,bj8hrmj01r3zit0x8r6qm2eu2,Le Mans FC,Le Mans,Le Mans,LEM,37.0,414.244,25.0,229.635,1.0,0.0,0.0,0.0,11.196,9.185,8.0,2.0,19.0,0.0,6.0,20.0,10.0,50.0,1.0,1.0,100.0,,,,,,,,,,653530.0,270.0,3.0,2.0,2.0,1.48,0.0,0.099,0.091,0.0,0.0,Rayan,Bamba,2004-05-14,22.36,920.0,26.0,Defender,Full Back,6nhamg6enmjebvyarfg0e1pn8,bj8hrmj01r3zit0x8r6qm2eu2,Le Mans FC,Le Mans,Le Mans,LEM,653530.0,270.0,3.0,141.0,126.0,89.36,28.0,21.0,75.0,11.0,4.0,36.36,0.0,0.0,0.0,Rayan,Bamba,2004-05-14,22.36,920.0,26.0,Defender,Full Back,6nhamg6enmjebvyarfg0e1pn8,bj8hrmj01r3zit0x8r6qm2eu2,Le Mans FC,Le Mans,Le Mans,LEM,653530,6nhamg6enmjebvyarfg0e1pn8,920,bj8hrmj01r3zit0x8r6qm2eu2
Rayan Fofana,634376.0,2.0,55.0,1.0,1.03,-0.03,3.0,1.0,33.33,0.34,Rayan,Fofana,2006-02-12,20.61,141.0,38.0,Forward,Striker,1dump3yzfngv69uva351fexw4,23pqcgxu1tip265hbe01kszbt,Le Havre AC,Le Havre,Le Havre,HAC,5.0,64.659,4.0,37.065,0.0,0.0,0.0,0.0,12.932,9.266,0.0,0.0,1.0,0.0,0.0,5.0,1.0,20.0,2.0,1.0,50.0,,,,,,,,,,634376.0,55.0,2.0,0.0,0.0,0.0,0.0,0.009,0.009,0.0,0.0,Rayan,Fofana,2006-02-12,20.61,141.0,38.0,Forward,Striker,1dump3yzfngv69uva351fexw4,23pqcgxu1tip265hbe01kszbt,Le Havre AC,Le Havre,Le Havre,HAC,634376.0,55.0,2.0,8.0,7.0,87.5,3.0,3.0,100.0,3.0,0.0,0.0,0.0,0.0,0.0,Rayan,Fofana,2006-02-12,20.61,141.0,38.0,Forward,Striker,1dump3yzfngv69uva351fexw4,23pqcgxu1tip265hbe01kszbt,Le Havre AC,Le Havre,Le Havre,HAC,634376,1dump3yzfngv69uva351fexw4,141,23pqcgxu1tip265hbe01kszbt
Rayan Mandengue,645666.0,3.0,50.0,0.0,0.02,-0.02,1.0,0.0,0.0,0.02,Rayan,Mandengue,2006-01-06,20.71,138.0,32.0,Defender,Full Back,ad7kqqrf4k5a4icsct7dk5vdg,9bxav814mkuhueiyivyive82d,Association Jeunesse Auxerroise,Auxerre,Auxerre,AJA,8.0,94.791,7.0,73.815,0.0,0.0,1.0,1.0,11.849,10.545,1.0,2.0,6.0,0.0,3.0,16.0,6.0,37.5,1.0,1.0,100.0,,,,,,,,,,645666.0,50.0,3.0,1.0,1.0,0.0,0.0,0.606,0.606,1.0,1.0,Rayan,Mandengue,2006-01-06,20.71,138.0,32.0,Defender,Full Back,ad7kqqrf4k5a4icsct7dk5vdg,9bxav814mkuhueiyivyive82d,Association Jeunesse Auxerroise,Auxerre,Auxerre,AJA,645666.0,50.0,3.0,12.0,10.0,83.33,4.0,2.0,50.0,2.0,0.0,0.0,0.0,0.0,0.0,Rayan,Mandengue,2006-01-06,20.71,138.0,32.0,Defender,Full Back,ad7kqqrf4k5a4icsct7dk5vdg,9bxav814mkuhueiyivyive82d,Association Jeunesse Auxerroise,Auxerre,Auxerre,AJA,645666,ad7kqqrf4k5a4icsct7dk5vdg,138,9bxav814mkuhueiyivyive82d
Raúl Torrente,519534.0,2.0,74.0,0.0,0.0,0.0,0.0,0.0,0.0,0.0,Raúl,Torrente,2001-09-11,25.04,920.0,16.0,Defender,Central Defender,bcx883fj4ra94k586139a0e8k,bj8hrmj01r3zit0x8r6qm2eu2,Le Mans FC,Le Mans,Le Mans,LEM,13.0,105.085,1.0,10.395,0.0,0.0,0.0,0.0,8.083,10.395,5.0,0.0,2.0,0.0,8.0,7.0,5.0,71.429,1.0,1.0,100.0,,,,,,,,,,519534.0,74.0,2.0,0.0,0.0,0.0,0.0,0.003,0.003,0.0,0.0,Raúl,Torrente,2001-09-11,25.04,920.0,16.0,Defender,Central Defender,bcx883fj4ra94k586139a0e8k,bj8hrmj01r3zit0x8r6qm2eu2,Le Mans FC,Le Mans,Le Mans,LEM,519534.0,74.0,2.0,36.0,29.0,80.56,6.0,2.0,33.33,0.0,0.0,0.0,0.0,0.0,0.0,Raúl,Torrente,2001-09-11,25.04,920.0,16.0,Defender,Central Defender,bcx883fj4ra94k586139a0e8k,bj8hrmj01r3zit0x8r6qm2eu2,Le Mans FC,Le Mans,Le Mans,LEM,519534,bcx883fj4ra94k586139a0e8k,920,bj8hrmj01r3zit0x8r6qm2eu2
Renaud Ripart,121150.0,4.0,252.0,1.0,1.64,-0.64,8.0,3.0,12.5,0.21,Renaud,Ripart,1993-03-14,33.54,154.0,20.0,Forward,0,a7rdypucykxo0a9xmcuqzabpx,3unkqo2g6ag99gd5ynz1j7vse,Espérance Sportive Troyes Aube Champagne,Troyes,Troyes,TRO,15.0,144.399,4.0,16.38,1.0,0.0,1.0,0.0,9.627,4.095,4.0,1.0,10.0,0.0,0.0,21.0,11.0,52.381,28.0,13.0,46.429,,,,,,,,,,121150.0,252.0,4.0,1.0,1.0,1.92,0.0,0.13,0.13,0.0,0.0,Renaud,Ripart,1993-03-14,33.54,154.0,20.0,Forward,0,a7rdypucykxo0a9xmcuqzabpx,3unkqo2g6ag99gd5ynz1j7vse,Espérance Sportive Troyes Aube Champagne,Troyes,Troyes,TRO,121150.0,252.0,4.0,56.0,32.0,57.14,28.0,17.0,60.71,2.0,1.0,50.0,0.0,0.0,0.0,Renaud,Ripart,1993-03-14,33.54,154.0,20.0,Forward,0,a7rdypucykxo0a9xmcuqzabpx,3unkqo2g6ag99gd5ynz1j7vse,Espérance Sportive Troyes Aube Champagne,Troyes,Troyes,TRO,121150,a7rdypucykxo0a9xmcuqzabpx,154,3unkqo2g6ag99gd5ynz1j7vse
Robin Risser,,,,,,,,,,,,,,,,,,,,,,,,,,,,,,,,,,,,,,,,,,,,,,360.0,100.0,0.0,7.0,11.0,61.11,-0.23,0.86,6.77,,,,,,,,,,,,,,,,,,,,,,,,,,,,,,,,,,,,,,,,,,,,,,,,,,,,,,,584845,3zkkrq8sph1lo23bt8d1nz10,142,3xedluek08t2ka7oypwuullcn
Romain Del Castillo,219873.0,2.0,138.0,1.0,0.2,0.8,1.0,1.0,100.0,0.2,Romain,Del Castillo,1996-03-29,30.49,862.0,10.0,Midfielder,Winger,32bc16sg6h58ajxigp7nl1ryt,3adj8hkws0z1al232bg2h6tk0,Stade Brestois 29,Brest,Brest,BRE,22.0,277.58,7.0,-29.085,1.0,1.0,1.0,0.0,12.617,-4.155,3.0,2.0,7.0,0.0,0.0,15.0,7.0,46.667,3.0,0.0,0.0,,,,,,,,,,219873.0,138.0,2.0,4.0,2.0,3.51,50.0,0.486,0.322,0.0,0.0,Romain,Del Castillo,1996-03-29,30.49,862.0,10.0,Midfielder,Winger,32bc16sg6h58ajxigp7nl1ryt,3adj8hkws0z1al232bg2h6tk0,Stade Brestois 29,Brest,Brest,BRE,219873.0,138.0,2.0,58.0,45.0,77.59,31.0,22.0,70.97,10.0,2.0,20.0,0.0,0.0,0.0,Romain,Del Castillo,1996-03-29,30.49,862.0,10.0,Midfielder,Winger,32bc16sg6h58ajxigp7nl1ryt,3adj8hkws0z1al232bg2h6tk0,Stade Brestois 29,Brest,Brest,BRE,219873,32bc16sg6h58ajxigp7nl1ryt,862,3adj8hkws0z1al232bg2h6tk0
Romain Faivre,441240.0,4.0,170.0,0.0,0.19,-0.19,4.0,1.0,0.0,0.05,Romain,Faivre,1998-07-14,28.2,138.0,28.0,Midfielder,Central Midfielder,7c5uk1ts8jlu88p1x6wubuz8p,9bxav814mkuhueiyivyive82d,Association Jeunesse Auxerroise,Auxerre,Auxerre,AJA,39.0,470.602,19.0,176.82,2.0,0.0,2.0,1.0,12.067,9.306,2.0,0.0,8.0,0.0,0.0,14.0,6.0,42.857,2.0,1.0,50.0,,,,,,,,,,441240.0,170.0,4.0,5.0,3.0,2.47,40.0,0.238,0.097,1.0,1.0,Romain,Faivre,1998-07-14,28.2,138.0,28.0,Midfielder,Central Midfielder,7c5uk1ts8jlu88p1x6wubuz8p,9bxav814mkuhueiyivyive82d,Association Jeunesse Auxerroise,Auxerre,Auxerre,AJA,441240.0,170.0,4.0,82.0,70.0,85.37,40.0,33.0,82.5,1.0,0.0,0.0,0.0,0.0,0.0,Romain,Faivre,1998-07-14,28.2,138.0,28.0,Midfielder,Central Midfielder,7c5uk1ts8jlu88p1x6wubuz8p,9bxav814mkuhueiyivyive82d,Association Jeunesse Auxerroise,Auxerre,Auxerre,AJA,441240,7c5uk1ts8jlu88p1x6wubuz8p,138,9bxav814mkuhueiyivyive82d
Romain Perraud,244560.0,4.0,301.0,0.0,0.08,-0.08,2.0,0.0,0.0,0.04,Romain,Perraud,1997-09-22,29.01,429.0,15.0,Defender,Full Back,67qku7vyvbw76086eu05nowd1,be2k34rut1lz79jxenabttqlc,Lille OSC,Lille,Lille,LIL,41.0,404.77,21.0,160.86,0.0,0.0,1.0,0.0,9.872,7.66,6.0,3.0,12.0,2.0,13.0,21.0,11.0,52.381,10.0,3.0,30.0,,,,,,,,,,244560.0,301.0,4.0,1.0,1.0,0.75,0.0,0.07,0.069,0.0,0.0,Romain,Perraud,1997-09-22,29.01,429.0,15.0,Defender,Full Back,67qku7vyvbw76086eu05nowd1,be2k34rut1lz79jxenabttqlc,Lille OSC,Lille,Lille,LIL,244560.0,301.0,4.0,136.0,114.0,83.82,28.0,21.0,75.0,7.0,2.0,28.57,0.0,0.0,0.0,Romain,Perraud,1997-09-22,29.01,429.0,15.0,Defender,Full Back,67qku7vyvbw76086eu05nowd1,be2k34rut1lz79jxenabttqlc,Lille OSC,Lille,Lille,LIL,244560,67qku7vyvbw76086eu05nowd1,429,be2k34rut1lz79jxenabttqlc
Ruben Aguilar,115327.0,3.0,188.0,0.0,0.05,-0.05,1.0,0.0,0.0,0.05,Ruben,Aguilar,1993-04-26,33.42,142.0,2.0,Defender,Full Back,4rlw04tze791jwt623h5ikg5x,3xedluek08t2ka7oypwuullcn,Racing Club de Lens,Lens,Lens,RCL,27.0,308.668,15.0,165.69,0.0,0.0,0.0,0.0,11.432,11.046,6.0,6.0,10.0,0.0,3.0,20.0,8.0,40.0,1.0,1.0,100.0,,,,,,,,,,115327.0,188.0,3.0,5.0,5.0,3.51,0.0,0.48,0.48,1.0,1.0,Ruben,Aguilar,1993-04-26,33.42,142.0,2.0,Defender,Full Back,4rlw04tze791jwt623h5ikg5x,3xedluek08t2ka7oypwuullcn,Racing Club de Lens,Lens,Lens,RCL,115327.0,188.0,3.0,115.0,106.0,92.17,34.0,29.0,85.29,7.0,5.0,71.43,0.0,0.0,0.0,Ruben,Aguilar,1993-04-26,33.42,142.0,2.0,Defender,Full Back,4rlw04tze791jwt623h5ikg5x,3xedluek08t2ka7oypwuullcn,Racing Club de Lens,Lens,Lens,RCL,115327,4rlw04tze791jwt623h5ikg5x,142,3xedluek08t2ka7oypwuullcn
Ruben Kluivert,501735.0,1.0,4.0,0.0,0.0,0.0,0.0,0.0,0.0,0.0,Ruben,Kluivert,2001-05-21,25.35,143.0,21.0,Defender,Central Defender,9wo8twcbs1jnqzdy0c6y8adey,121le8unjfzug3iu9pgkqa1c7,Lyon,Olympique Lyonnais,Lyon,OL,3.0,26.813,2.0,15.855,0.0,0.0,0.0,0.0,8.938,7.928,0.0,0.0,0.0,0.0,1.0,0.0,0.0,0.0,0.0,0.0,0.0,,,,,,,,,,501735.0,4.0,1.0,0.0,0.0,0.0,0.0,0.001,0.001,0.0,0.0,Ruben,Kluivert,2001-05-21,25.35,143.0,21.0,Defender,Central Defender,9wo8twcbs1jnqzdy0c6y8adey,121le8unjfzug3iu9pgkqa1c7,Lyon,Olympique Lyonnais,Lyon,OL,501735.0,4.0,1.0,14.0,13.0,92.86,0.0,0.0,0.0,0.0,0.0,0.0,0.0,0.0,0.0,Ruben,Kluivert,2001-05-21,25.35,143.0,21.0,Defender,Central Defender,9wo8twcbs1jnqzdy0c6y8adey,121le8unjfzug3iu9pgkqa1c7,Lyon,Olympique Lyonnais,Lyon,OL,501735,9wo8twcbs1jnqzdy0c6y8adey,143,121le8unjfzug3iu9pgkqa1c7
Rudy Matondo,694358.0,4.0,127.0,0.0,0.13,-0.13,1.0,1.0,0.0,0.13,Rudy,Matondo,2008-03-13,18.53,2338.0,23.0,Midfielder,Defensive Midfielder,16x1h9hpemidk9a15q01kfj10,8v00fx2zwhiwm05tqqkt122p5,Paris FC,Paris FC,Paris FC,PAR,14.0,115.897,1.0,24.045,1.0,0.0,1.0,0.0,8.278,24.045,3.0,0.0,11.0,0.0,2.0,12.0,6.0,50.0,0.0,0.0,0.0,,,,,,,,,,694358.0,127.0,4.0,3.0,3.0,6.12,0.0,0.048,0.048,0.0,0.0,Rudy,Matondo,2008-03-13,18.53,2338.0,23.0,Midfielder,Defensive Midfielder,16x1h9hpemidk9a15q01kfj10,8v00fx2zwhiwm05tqqkt122p5,Paris FC,Paris FC,Paris FC,PAR,694358.0,127.0,4.0,49.0,42.0,85.71,11.0,9.0,81.82,0.0,0.0,0.0,0.0,0.0,0.0,Rudy,Matondo,2008-03-13,18.53,2338.0,23.0,Midfielder,Defensive Midfielder,16x1h9hpemidk9a15q01kfj10,8v00fx2zwhiwm05tqqkt122p5,Paris FC,Paris FC,Paris FC,PAR,694358,16x1h9hpemidk9a15q01kfj10,2338,8v00fx2zwhiwm05tqqkt122p5
Rémi Himbert,640619.0,1.0,63.0,0.0,0.0,0.0,0.0,0.0,0.0,0.0,Rémi,Himbert,2008-02-29,18.56,143.0,45.0,Forward,Winger,atpvj8pkmlqq7b6fp4qo5hqms,121le8unjfzug3iu9pgkqa1c7,Lyon,Olympique Lyonnais,Lyon,OL,2.0,21.063,0.0,-2.73,0.0,0.0,0.0,0.0,10.532,0.0,0.0,1.0,1.0,0.0,0.0,5.0,1.0,20.0,3.0,1.0,33.333,,,,,,,,,,640619.0,63.0,1.0,2.0,2.0,20.0,0.0,0.016,0.016,0.0,0.0,Rémi,Himbert,2008-02-29,18.56,143.0,45.0,Forward,Winger,atpvj8pkmlqq7b6fp4qo5hqms,121le8unjfzug3iu9pgkqa1c7,Lyon,Olympique Lyonnais,Lyon,OL,640619.0,63.0,1.0,10.0,7.0,70.0,5.0,3.0,60.0,0.0,0.0,0.0,0.0,0.0,0.0,Rémi,Himbert,2008-02-29,18.56,143.0,45.0,Forward,Winger,atpvj8pkmlqq7b6fp4qo5hqms,121le8unjfzug3iu9pgkqa1c7,Lyon,Olympique Lyonnais,Lyon,OL,640619,atpvj8pkmlqq7b6fp4qo5hqms,143,121le8unjfzug3iu9pgkqa1c7
Rémy Descamps,,,,,,,,,,,,,,,,,,,,,,,,,,,,,,,,,,,,,,,,,,,,,,360.0,25.0,0.0,0.0,2.0,100.0,0.44,0.0,0.44,,,,,,,,,,,,,,,,,,,,,,,,,,,,,,,,,,,,,,,,,,,,,,,,,,,,,,,213199,ctygavkrblcxra880nwej0bf9,143,121le8unjfzug3iu9pgkqa1c7
Rémy Labeau Lascary,592515.0,3.0,198.0,1.0,0.69,0.31,9.0,6.0,11.11,0.08,Rémy,Labeau Lascary,2003-03-03,23.56,138.0,3.0,Forward,Striker,4yxo8gwnou3m7jh6ph8lkuw44,9bxav814mkuhueiyivyive82d,Association Jeunesse Auxerroise,Auxerre,Auxerre,AJA,17.0,168.903,10.0,62.79,2.0,1.0,1.0,0.0,9.935,6.279,4.0,2.0,9.0,0.0,2.0,20.0,11.0,55.0,5.0,0.0,0.0,,,,,,,,,,592515.0,198.0,3.0,1.0,1.0,2.86,0.0,0.15,0.15,0.0,0.0,Rémy,Labeau Lascary,2003-03-03,23.56,138.0,3.0,Forward,Striker,4yxo8gwnou3m7jh6ph8lkuw44,9bxav814mkuhueiyivyive82d,Association Jeunesse Auxerroise,Auxerre,Auxerre,AJA,592515.0,198.0,3.0,35.0,29.0,82.86,13.0,10.0,76.92,1.0,1.0,100.0,0.0,0.0,0.0,Rémy,Labeau Lascary,2003-03-03,23.56,138.0,3.0,Forward,Striker,4yxo8gwnou3m7jh6ph8lkuw44,9bxav814mkuhueiyivyive82d,Association Jeunesse Auxerroise,Auxerre,Auxerre,AJA,592515,4yxo8gwnou3m7jh6ph8lkuw44,138,9bxav814mkuhueiyivyive82d
Sadibou Sané,612589.0,4.0,360.0,0.0,0.0,0.0,0.0,0.0,0.0,0.0,Sadibou,Sané,2004-06-10,22.29,146.0,72.0,Defender,Central Defender,bffc3dzdi9c6ix77k1yaepjpw,4t4hod56fsj7utpjdor8so5q6,AS Monaco FC,Monaco,Monaco,ASM,43.0,450.921,27.0,268.8,0.0,0.0,0.0,0.0,10.487,9.956,7.0,2.0,17.0,4.0,18.0,14.0,9.0,64.286,10.0,3.0,30.0,,,,,,,,,,612589.0,360.0,4.0,1.0,1.0,0.52,0.0,0.041,0.041,0.0,0.0,Sadibou,Sané,2004-06-10,22.29,146.0,72.0,Defender,Central Defender,bffc3dzdi9c6ix77k1yaepjpw,4t4hod56fsj7utpjdor8so5q6,AS Monaco FC,Monaco,Monaco,ASM,612589.0,360.0,4.0,203.0,188.0,92.61,31.0,27.0,87.1,1.0,0.0,0.0,0.0,0.0,0.0,Sadibou,Sané,2004-06-10,22.29,146.0,72.0,Defender,Central Defender,bffc3dzdi9c6ix77k1yaepjpw,4t4hod56fsj7utpjdor8so5q6,AS Monaco FC,Monaco,Monaco,ASM,612589,bffc3dzdi9c6ix77k1yaepjpw,146,4t4hod56fsj7utpjdor8so5q6
Safouane Benzahra,708057.0,1.0,3.0,0.0,0.0,0.0,0.0,0.0,0.0,0.0,Safouane,Benzahra,2008-08-18,18.1,146.0,47.0,Midfielder,0,4fzjy2j9zpdoz65xrwgmlu5uc,4t4hod56fsj7utpjdor8so5q6,AS Monaco FC,Monaco,Monaco,ASM,0.0,0.0,0.0,0.0,0.0,0.0,0.0,0.0,0.0,0.0,0.0,0.0,0.0,1.0,0.0,0.0,0.0,0.0,0.0,0.0,0.0,,,,,,,,,,708057.0,3.0,1.0,0.0,0.0,0.0,0.0,0.0,0.0,0.0,0.0,Safouane,Benzahra,2008-08-18,18.1,146.0,47.0,Midfielder,0,4fzjy2j9zpdoz65xrwgmlu5uc,4t4hod56fsj7utpjdor8so5q6,AS Monaco FC,Monaco,Monaco,ASM,708057.0,3.0,1.0,0.0,0.0,0.0,0.0,0.0,0.0,0.0,0.0,0.0,0.0,0.0,0.0,Safouane,Benzahra,2008-08-18,18.1,146.0,47.0,Midfielder,0,4fzjy2j9zpdoz65xrwgmlu5uc,4t4hod56fsj7utpjdor8so5q6,AS Monaco FC,Monaco,Monaco,ASM,708057,4fzjy2j9zpdoz65xrwgmlu5uc,146,4t4hod56fsj7utpjdor8so5q6
Salimou Danfakha,750163.0,0.0,0.0,0.0,0.0,0.0,0.0,0.0,0.0,0.0,Salimou,Danfakha,2008-09-21,18.0,138.0,45.0,Defender,Full Back,750163,9bxav814mkuhueiyivyive82d,Association Jeunesse Auxerroise,Auxerre,Auxerre,AJA,0.0,0.0,0.0,0.0,0.0,0.0,0.0,0.0,0.0,0.0,0.0,0.0,0.0,0.0,0.0,0.0,0.0,0.0,0.0,0.0,0.0,,,,,,,,,,750163.0,0.0,0.0,0.0,0.0,0.0,0.0,0.0,0.0,0.0,0.0,Salimou,Danfakha,2008-09-21,18.0,138.0,45.0,Defender,Full Back,750163,9bxav814mkuhueiyivyive82d,Association Jeunesse Auxerroise,Auxerre,Auxerre,AJA,750163.0,0.0,0.0,0.0,0.0,0.0,0.0,0.0,0.0,0.0,0.0,0.0,0.0,0.0,0.0,Salimou,Danfakha,2008-09-21,18.0,138.0,45.0,Defender,Full Back,750163,9bxav814mkuhueiyivyive82d,Association Jeunesse Auxerroise,Auxerre,Auxerre,AJA,750163,750163,138,9bxav814mkuhueiyivyive82d
Sam Amo-Ameyaw,499724.0,4.0,118.0,2.0,0.27,1.73,5.0,4.0,40.0,0.05,Sam,Amo-Ameyaw,2006-07-18,20.18,153.0,27.0,Forward,Winger,3e703hmiskmwqd4f3hvx326tw,71ajatxnuhc5cnm3xvgdky49w,RC Strasbourg Alsace,Strasbourg,Strasbourg,STR,30.0,321.032,14.0,82.74,5.0,2.0,1.0,0.0,10.701,5.91,1.0,2.0,8.0,0.0,0.0,13.0,4.0,30.769,1.0,0.0,0.0,,,,,,,,,,499724.0,0.0,0.0,0.0,0.0,0.0,0.0,0.0,0.0,0.0,0.0,Sam,Amo-Ameyaw,2006-07-18,20.18,153.0,27.0,Forward,Winger,3e703hmiskmwqd4f3hvx326tw,71ajatxnuhc5cnm3xvgdky49w,RC Strasbourg Alsace,Strasbourg,Strasbourg,STR,499724.0,0.0,0.0,0.0,0.0,0.0,0.0,0.0,0.0,0.0,0.0,0.0,0.0,0.0,0.0,Sam,Amo-Ameyaw,2006-07-18,20.18,153.0,27.0,Forward,Winger,3e703hmiskmwqd4f3hvx326tw,71ajatxnuhc5cnm3xvgdky49w,RC Strasbourg Alsace,Strasbourg,Strasbourg,STR,499724,3e703hmiskmwqd4f3hvx326tw,153,71ajatxnuhc5cnm3xvgdky49w
Samir Chergui,482380.0,3.0,270.0,1.0,0.07,0.93,1.0,1.0,100.0,0.07,Samir,Chergui,1999-02-06,27.63,2338.0,31.0,Defender,Central Defender,6ivohe6bn57t1z3ptqxlhs2jt,8v00fx2zwhiwm05tqqkt122p5,Paris FC,Paris FC,Paris FC,PAR,22.0,198.47,9.0,42.735,0.0,0.0,0.0,0.0,9.021,4.748,2.0,7.0,9.0,3.0,10.0,8.0,2.0,25.0,1.0,0.0,0.0,,,,,,,,,,482380.0,270.0,3.0,1.0,1.0,0.68,0.0,0.06,0.06,0.0,0.0,Samir,Chergui,1999-02-06,27.63,2338.0,31.0,Defender,Central Defender,6ivohe6bn57t1z3ptqxlhs2jt,8v00fx2zwhiwm05tqqkt122p5,Paris FC,Paris FC,Paris FC,PAR,482380.0,270.0,3.0,151.0,136.0,90.07,7.0,4.0,57.14,0.0,0.0,0.0,0.0,0.0,0.0,Samir,Chergui,1999-02-06,27.63,2338.0,31.0,Defender,Central Defender,6ivohe6bn57t1z3ptqxlhs2jt,8v00fx2zwhiwm05tqqkt122p5,Paris FC,Paris FC,Paris FC,PAR,482380,6ivohe6bn57t1z3ptqxlhs2jt,2338,8v00fx2zwhiwm05tqqkt122p5
Samir El Mourabet,643307.0,2.0,68.0,0.0,0.0,0.0,0.0,0.0,0.0,0.0,Samir,El Mourabet,2005-10-06,20.96,153.0,29.0,Midfielder,Central Midfielder,26yt4f0i77i9fvaujwg0dnbbo,71ajatxnuhc5cnm3xvgdky49w,RC Strasbourg Alsace,Strasbourg,Strasbourg,STR,9.0,98.2,1.0,-1.785,0.0,0.0,0.0,0.0,10.911,-1.785,2.0,1.0,6.0,0.0,2.0,10.0,4.0,40.0,1.0,1.0,100.0,,,,,,,,,,643307.0,68.0,2.0,1.0,1.0,3.57,0.0,0.137,0.133,0.0,0.0,Samir,El Mourabet,2005-10-06,20.96,153.0,29.0,Midfielder,Central Midfielder,26yt4f0i77i9fvaujwg0dnbbo,71ajatxnuhc5cnm3xvgdky49w,RC Strasbourg Alsace,Strasbourg,Strasbourg,STR,643307.0,68.0,2.0,29.0,24.0,82.76,3.0,2.0,66.67,1.0,1.0,100.0,0.0,0.0,0.0,Samir,El Mourabet,2005-10-06,20.96,153.0,29.0,Midfielder,Central Midfielder,26yt4f0i77i9fvaujwg0dnbbo,71ajatxnuhc5cnm3xvgdky49w,RC Strasbourg Alsace,Strasbourg,Strasbourg,STR,643307,26yt4f0i77i9fvaujwg0dnbbo,153,71ajatxnuhc5cnm3xvgdky49w
Samuel Yohou,213576.0,2.0,106.0,0.0,0.0,0.0,0.0,0.0,0.0,0.0,Samuel,Yohou,1991-08-06,35.14,920.0,17.0,Defender,Central Defender,3uo22lnyvu82k5hjvycgdecph,bj8hrmj01r3zit0x8r6qm2eu2,Le Mans FC,Le Mans,Le Mans,LEM,22.0,223.183,10.0,115.29,0.0,0.0,0.0,0.0,10.145,11.529,3.0,1.0,4.0,2.0,3.0,6.0,3.0,50.0,0.0,0.0,0.0,,,,,,,,,,213576.0,106.0,2.0,0.0,0.0,0.0,0.0,0.005,0.005,0.0,0.0,Samuel,Yohou,1991-08-06,35.14,920.0,17.0,Defender,Central Defender,3uo22lnyvu82k5hjvycgdecph,bj8hrmj01r3zit0x8r6qm2eu2,Le Mans FC,Le Mans,Le Mans,LEM,213576.0,106.0,2.0,63.0,57.0,90.48,3.0,1.0,33.33,0.0,0.0,0.0,0.0,0.0,0.0,Samuel,Yohou,1991-08-06,35.14,920.0,17.0,Defender,Central Defender,3uo22lnyvu82k5hjvycgdecph,bj8hrmj01r3zit0x8r6qm2eu2,Le Mans FC,Le Mans,Le Mans,LEM,213576,3uo22lnyvu82k5hjvycgdecph,920,bj8hrmj01r3zit0x8r6qm2eu2
Santiago Hidalgo,575453.0,4.0,185.0,0.0,0.73,-0.73,8.0,5.0,0.0,0.09,Santiago,Hidalgo,2005-02-17,21.6,427.0,9.0,Forward,Striker,1cc4xhk65qvo9h3t7glirqm8k,4aghw9tyi8ba3ju1ne83gmf9w,Toulouse FC,Toulouse,Toulouse,TFC,12.0,124.663,5.0,55.335,2.0,0.0,0.0,0.0,10.389,11.067,2.0,1.0,8.0,1.0,2.0,19.0,6.0,31.579,4.0,0.0,0.0,,,,,,,,,,575453.0,185.0,4.0,1.0,1.0,3.33,0.0,0.049,0.049,0.0,0.0,Santiago,Hidalgo,2005-02-17,21.6,427.0,9.0,Forward,Striker,1cc4xhk65qvo9h3t7glirqm8k,4aghw9tyi8ba3ju1ne83gmf9w,Toulouse FC,Toulouse,Toulouse,TFC,575453.0,185.0,4.0,34.0,25.0,73.53,13.0,8.0,61.54,2.0,0.0,0.0,0.0,0.0,0.0,Santiago,Hidalgo,2005-02-17,21.6,427.0,9.0,Forward,Striker,1cc4xhk65qvo9h3t7glirqm8k,4aghw9tyi8ba3ju1ne83gmf9w,Toulouse FC,Toulouse,Toulouse,TFC,575453,1cc4xhk65qvo9h3t7glirqm8k,427,4aghw9tyi8ba3ju1ne83gmf9w
Saud Abdulhamid,468266.0,1.0,62.0,1.0,0.79,0.21,1.0,1.0,100.0,0.79,Saud bin Abdullah bin Salem,Abdulhamid,1999-07-18,27.19,142.0,23.0,Defender,Full Back,aq8pym2fuweqbkxbbu7hqn0x6,3xedluek08t2ka7oypwuullcn,Racing Club de Lens,Lens,Lens,RCL,2.0,38.511,2.0,36.855,0.0,0.0,0.0,0.0,19.256,18.428,1.0,2.0,2.0,0.0,1.0,4.0,2.0,50.0,1.0,0.0,0.0,,,,,,,,,,468266.0,62.0,1.0,0.0,0.0,0.0,0.0,0.016,0.016,0.0,0.0,Saud bin Abdullah bin Salem,Abdulhamid,1999-07-18,27.19,142.0,23.0,Defender,Full Back,aq8pym2fuweqbkxbbu7hqn0x6,3xedluek08t2ka7oypwuullcn,Racing Club de Lens,Lens,Lens,RCL,468266.0,62.0,1.0,17.0,15.0,88.24,4.0,3.0,75.0,0.0,0.0,0.0,0.0,0.0,0.0,Saud bin Abdullah bin Salem,Abdulhamid,1999-07-18,27.19,142.0,23.0,Defender,Full Back,aq8pym2fuweqbkxbbu7hqn0x6,3xedluek08t2ka7oypwuullcn,Racing Club de Lens,Lens,Lens,RCL,468266,aq8pym2fuweqbkxbbu7hqn0x6,142,3xedluek08t2ka7oypwuullcn
Sebastian Nanasi,484405.0,4.0,313.0,0.0,0.74,-0.74,5.0,2.0,0.0,0.15,Sebastian,Nanasi,2002-05-16,24.36,153.0,11.0,Midfielder,Winger,144jdrezcfwd4uh3sk7zhtizu,71ajatxnuhc5cnm3xvgdky49w,RC Strasbourg Alsace,Strasbourg,Strasbourg,STR,33.0,357.816,12.0,48.93,3.0,0.0,4.0,1.0,10.843,4.077,2.0,0.0,6.0,0.0,3.0,17.0,4.0,23.529,5.0,1.0,20.0,,,,,,,,,,484405.0,313.0,4.0,7.0,7.0,4.63,0.0,1.224,0.991,2.0,2.0,Sebastian,Nanasi,2002-05-16,24.36,153.0,11.0,Midfielder,Winger,144jdrezcfwd4uh3sk7zhtizu,71ajatxnuhc5cnm3xvgdky49w,RC Strasbourg Alsace,Strasbourg,Strasbourg,STR,484405.0,313.0,4.0,110.0,95.0,86.36,52.0,42.0,80.77,5.0,3.0,60.0,0.0,0.0,0.0,Sebastian,Nanasi,2002-05-16,24.36,153.0,11.0,Midfielder,Winger,144jdrezcfwd4uh3sk7zhtizu,71ajatxnuhc5cnm3xvgdky49w,RC Strasbourg Alsace,Strasbourg,Strasbourg,STR,484405,144jdrezcfwd4uh3sk7zhtizu,153,71ajatxnuhc5cnm3xvgdky49w
Sebastian Szymanski,234516.0,4.0,227.0,1.0,0.18,0.82,3.0,1.0,33.33,0.06,Sebastian,Szymanski,1999-05-10,27.38,150.0,17.0,Midfielder,Attacking Midfielder,504o2odlvra056ouwcgreopgp,z1wbqtd0fz5t5eezjvrbld3h,Stade Rennais FC,Rennes,Rennes,REN,21.0,208.46,10.0,77.7,2.0,1.0,1.0,1.0,9.927,7.77,7.0,2.0,3.0,0.0,2.0,17.0,9.0,52.941,1.0,0.0,0.0,,,,,,,,,,234516.0,227.0,4.0,6.0,4.0,4.11,33.33,0.273,0.177,1.0,1.0,Sebastian,Szymanski,1999-05-10,27.38,150.0,17.0,Midfielder,Attacking Midfielder,504o2odlvra056ouwcgreopgp,z1wbqtd0fz5t5eezjvrbld3h,Stade Rennais FC,Rennes,Rennes,REN,234516.0,227.0,4.0,76.0,63.0,82.89,30.0,24.0,80.0,5.0,2.0,40.0,1.0,0.0,0.0,Sebastian,Szymanski,1999-05-10,27.38,150.0,17.0,Midfielder,Attacking Midfielder,504o2odlvra056ouwcgreopgp,z1wbqtd0fz5t5eezjvrbld3h,Stade Rennais FC,Rennes,Rennes,REN,234516,504o2odlvra056ouwcgreopgp,150,z1wbqtd0fz5t5eezjvrbld3h
Senny Mayulu,499448.0,1.0,18.0,0.0,0.0,0.0,0.0,0.0,0.0,0.0,Senny,Mayulu,2006-05-17,20.35,149.0,24.0,Midfielder,Attacking Midfielder,54mv7lufwxcy2gih8owyr00lw,2b3mar72yy8d6uvat1ka6tn3r,Paris Saint-Germain FC,Paris Saint-Germain,Paris SG,PSG,3.0,19.747,0.0,-12.915,0.0,0.0,0.0,0.0,6.582,0.0,0.0,0.0,0.0,0.0,0.0,1.0,0.0,0.0,0.0,0.0,0.0,,,,,,,,,,499448.0,18.0,1.0,0.0,0.0,0.0,0.0,0.032,0.032,0.0,0.0,Senny,Mayulu,2006-05-17,20.35,149.0,24.0,Midfielder,Attacking Midfielder,54mv7lufwxcy2gih8owyr00lw,2b3mar72yy8d6uvat1ka6tn3r,Paris Saint-Germain FC,Paris Saint-Germain,Paris SG,PSG,499448.0,18.0,1.0,10.0,9.0,90.0,7.0,6.0,85.71,1.0,0.0,0.0,0.0,0.0,0.0,Senny,Mayulu,2006-05-17,20.35,149.0,24.0,Midfielder,Attacking Midfielder,54mv7lufwxcy2gih8owyr00lw,2b3mar72yy8d6uvat1ka6tn3r,Paris Saint-Germain FC,Paris Saint-Germain,Paris SG,PSG,499448,54mv7lufwxcy2gih8owyr00lw,149,2b3mar72yy8d6uvat1ka6tn3r
Seny Koumbassa,632582.0,2.0,102.0,0.0,0.0,0.0,0.0,0.0,0.0,0.0,Seny,Koumbassa,2007-06-20,19.26,427.0,5.0,Defender,Central Defender,8n143iu92sawgz5v8al0gyz2s,4aghw9tyi8ba3ju1ne83gmf9w,Toulouse FC,Toulouse,Toulouse,TFC,10.0,61.982,2.0,24.36,0.0,0.0,0.0,0.0,6.198,12.18,1.0,2.0,3.0,0.0,4.0,7.0,2.0,28.571,6.0,2.0,33.333,,,,,,,,,,632582.0,102.0,2.0,0.0,0.0,0.0,0.0,0.007,0.007,0.0,0.0,Seny,Koumbassa,2007-06-20,19.26,427.0,5.0,Defender,Central Defender,8n143iu92sawgz5v8al0gyz2s,4aghw9tyi8ba3ju1ne83gmf9w,Toulouse FC,Toulouse,Toulouse,TFC,632582.0,102.0,2.0,80.0,72.0,90.0,2.0,1.0,50.0,0.0,0.0,0.0,0.0,0.0,0.0,Seny,Koumbassa,2007-06-20,19.26,427.0,5.0,Defender,Central Defender,8n143iu92sawgz5v8al0gyz2s,4aghw9tyi8ba3ju1ne83gmf9w,Toulouse FC,Toulouse,Toulouse,TFC,632582,8n143iu92sawgz5v8al0gyz2s,427,4aghw9tyi8ba3ju1ne83gmf9w
Simon Ebonog,587583.0,4.0,344.0,0.0,0.11,-0.11,3.0,2.0,0.0,0.04,Simon,Ebonog,2004-08-16,22.1,141.0,26.0,Midfielder,Central Midfielder,aou0s44ekqc7vyp71mjf8n3mc,23pqcgxu1tip265hbe01kszbt,Le Havre AC,Le Havre,Le Havre,HAC,63.0,845.816,34.0,442.365,0.0,0.0,0.0,0.0,13.426,13.011,12.0,9.0,37.0,0.0,1.0,50.0,26.0,52.0,6.0,2.0,33.333,,,,,,,,,,587583.0,344.0,4.0,3.0,3.0,1.9,0.0,0.129,0.129,0.0,0.0,Simon,Ebonog,2004-08-16,22.1,141.0,26.0,Midfielder,Central Midfielder,aou0s44ekqc7vyp71mjf8n3mc,23pqcgxu1tip265hbe01kszbt,Le Havre AC,Le Havre,Le Havre,HAC,587583.0,344.0,4.0,160.0,140.0,87.5,54.0,43.0,79.63,2.0,0.0,0.0,0.0,0.0,0.0,Simon,Ebonog,2004-08-16,22.1,141.0,26.0,Midfielder,Central Midfielder,aou0s44ekqc7vyp71mjf8n3mc,23pqcgxu1tip265hbe01kszbt,Le Havre AC,Le Havre,Le Havre,HAC,587583,aou0s44ekqc7vyp71mjf8n3mc,141,23pqcgxu1tip265hbe01kszbt
Sinaly Diomandé,492975.0,2.0,180.0,0.0,0.33,-0.33,2.0,0.0,0.0,0.16,Sinaly,Diomandé,2001-04-09,25.46,138.0,20.0,Defender,Central Defender,e9mtpmkb4qj2gqyv966g9ulpm,9bxav814mkuhueiyivyive82d,Association Jeunesse Auxerroise,Auxerre,Auxerre,AJA,18.0,161.314,9.0,70.245,1.0,0.0,0.0,0.0,8.962,7.805,3.0,3.0,6.0,1.0,9.0,10.0,6.0,60.0,6.0,3.0,50.0,,,,,,,,,,492975.0,180.0,2.0,0.0,0.0,0.0,0.0,0.008,0.008,0.0,0.0,Sinaly,Diomandé,2001-04-09,25.46,138.0,20.0,Defender,Central Defender,e9mtpmkb4qj2gqyv966g9ulpm,9bxav814mkuhueiyivyive82d,Association Jeunesse Auxerroise,Auxerre,Auxerre,AJA,492975.0,180.0,2.0,89.0,82.0,92.13,7.0,5.0,71.43,0.0,0.0,0.0,0.0,0.0,0.0,Sinaly,Diomandé,2001-04-09,25.46,138.0,20.0,Defender,Central Defender,e9mtpmkb4qj2gqyv966g9ulpm,9bxav814mkuhueiyivyive82d,Association Jeunesse Auxerroise,Auxerre,Auxerre,AJA,492975,e9mtpmkb4qj2gqyv966g9ulpm,138,9bxav814mkuhueiyivyive82d
Sion Oppong,685398.0,3.0,56.0,0.0,0.0,0.0,0.0,0.0,0.0,0.0,Sion,Oppong,2007-09-25,18.99,427.0,11.0,Forward,Striker,c7uvrj36f6lhfurysy774ku8k,4aghw9tyi8ba3ju1ne83gmf9w,Toulouse FC,Toulouse,Toulouse,TFC,12.0,144.563,6.0,79.38,0.0,0.0,0.0,0.0,12.047,13.23,2.0,0.0,1.0,0.0,0.0,11.0,7.0,63.636,2.0,1.0,50.0,,,,,,,,,,685398.0,56.0,3.0,0.0,0.0,0.0,0.0,0.063,0.063,0.0,0.0,Sion,Oppong,2007-09-25,18.99,427.0,11.0,Forward,Striker,c7uvrj36f6lhfurysy774ku8k,4aghw9tyi8ba3ju1ne83gmf9w,Toulouse FC,Toulouse,Toulouse,TFC,685398.0,56.0,3.0,22.0,17.0,77.27,10.0,8.0,80.0,0.0,0.0,0.0,0.0,0.0,0.0,Sion,Oppong,2007-09-25,18.99,427.0,11.0,Forward,Striker,c7uvrj36f6lhfurysy774ku8k,4aghw9tyi8ba3ju1ne83gmf9w,Toulouse FC,Toulouse,Toulouse,TFC,685398,c7uvrj36f6lhfurysy774ku8k,427,4aghw9tyi8ba3ju1ne83gmf9w
Sofiane Diop,460267.0,4.0,240.0,0.0,0.3,-0.3,2.0,2.0,0.0,0.15,Sofiane,Diop,2000-06-09,26.29,1395.0,10.0,Midfielder,0,ct32113pfx5q9avf2c0x208ru,bx0cdmzr2gwr70ez72dorx82p,OGC Nice Côte d'Azur,Nice,Nice,NIC,34.0,328.684,11.0,63.21,0.0,0.0,3.0,0.0,9.667,5.746,5.0,2.0,10.0,0.0,0.0,23.0,11.0,47.826,0.0,0.0,0.0,,,,,,,,,,460267.0,240.0,4.0,8.0,8.0,6.14,0.0,0.596,0.596,1.0,1.0,Sofiane,Diop,2000-06-09,26.29,1395.0,10.0,Midfielder,0,ct32113pfx5q9avf2c0x208ru,bx0cdmzr2gwr70ez72dorx82p,OGC Nice Côte d'Azur,Nice,Nice,NIC,460267.0,240.0,4.0,123.0,95.0,77.24,65.0,45.0,69.23,6.0,2.0,33.33,2.0,1.0,50.0,Sofiane,Diop,2000-06-09,26.29,1395.0,10.0,Midfielder,0,ct32113pfx5q9avf2c0x208ru,bx0cdmzr2gwr70ez72dorx82p,OGC Nice Côte d'Azur,Nice,Nice,NIC,460267,ct32113pfx5q9avf2c0x208ru,1395,bx0cdmzr2gwr70ez72dorx82p
Soriba Diaoune,669409.0,0.0,0.0,0.0,0.0,0.0,0.0,0.0,0.0,0.0,Soriba,Diaoune,2007-08-14,19.11,429.0,35.0,Forward,Winger,669409,be2k34rut1lz79jxenabttqlc,Lille OSC,Lille,Lille,LIL,0.0,0.0,0.0,0.0,0.0,0.0,0.0,0.0,0.0,0.0,0.0,0.0,0.0,0.0,0.0,0.0,0.0,0.0,0.0,0.0,0.0,,,,,,,,,,669409.0,0.0,0.0,0.0,0.0,0.0,0.0,0.0,0.0,0.0,0.0,Soriba,Diaoune,2007-08-14,19.11,429.0,35.0,Forward,Winger,669409,be2k34rut1lz79jxenabttqlc,Lille OSC,Lille,Lille,LIL,669409.0,0.0,0.0,0.0,0.0,0.0,0.0,0.0,0.0,0.0,0.0,0.0,0.0,0.0,0.0,Soriba,Diaoune,2007-08-14,19.11,429.0,35.0,Forward,Winger,669409,be2k34rut1lz79jxenabttqlc,Lille OSC,Lille,Lille,LIL,669409,669409,429,be2k34rut1lz79jxenabttqlc
Sota Nakamura,685433.0,4.0,142.0,0.0,0.16,-0.16,3.0,1.0,0.0,0.05,Sota,Nakamura,2002-10-15,23.94,141.0,30.0,Forward,Second Striker,3az5f5awtjo1kepp8dq97owlw,23pqcgxu1tip265hbe01kszbt,Le Havre AC,Le Havre,Le Havre,HAC,16.0,175.025,11.0,112.56,1.0,0.0,0.0,0.0,10.939,10.233,3.0,1.0,7.0,0.0,3.0,12.0,4.0,33.333,1.0,0.0,0.0,,,,,,,,,,685433.0,142.0,4.0,2.0,2.0,3.85,0.0,0.204,0.198,0.0,0.0,Sota,Nakamura,2002-10-15,23.94,141.0,30.0,Forward,Second Striker,3az5f5awtjo1kepp8dq97owlw,23pqcgxu1tip265hbe01kszbt,Le Havre AC,Le Havre,Le Havre,HAC,685433.0,142.0,4.0,53.0,42.0,79.25,21.0,15.0,71.43,7.0,2.0,28.57,0.0,0.0,0.0,Sota,Nakamura,2002-10-15,23.94,141.0,30.0,Forward,Second Striker,3az5f5awtjo1kepp8dq97owlw,23pqcgxu1tip265hbe01kszbt,Le Havre AC,Le Havre,Le Havre,HAC,685433,3az5f5awtjo1kepp8dq97owlw,141,23pqcgxu1tip265hbe01kszbt
Souleymane Faye,482432.0,2.0,38.0,0.0,0.1,-0.1,2.0,0.0,0.0,0.05,Souleymane,Faye,2003-02-08,23.62,694.0,19.0,Forward,Winger,9ocaoc4rmct3neemzpth5c6qc,70nn27vgkt6l48lvv5e66q7ww,FC Lorient,Lorient,Lorient,FCL,4.0,39.858,3.0,25.41,0.0,0.0,0.0,0.0,9.964,8.47,1.0,0.0,1.0,0.0,1.0,4.0,3.0,75.0,2.0,2.0,100.0,,,,,,,,,,482432.0,38.0,2.0,1.0,1.0,10.0,0.0,0.004,0.004,0.0,0.0,Souleymane,Faye,2003-02-08,23.62,694.0,19.0,Forward,Winger,9ocaoc4rmct3neemzpth5c6qc,70nn27vgkt6l48lvv5e66q7ww,FC Lorient,Lorient,Lorient,FCL,482432.0,38.0,2.0,10.0,6.0,60.0,5.0,2.0,40.0,0.0,0.0,0.0,0.0,0.0,0.0,Souleymane,Faye,2003-02-08,23.62,694.0,19.0,Forward,Winger,9ocaoc4rmct3neemzpth5c6qc,70nn27vgkt6l48lvv5e66q7ww,FC Lorient,Lorient,Lorient,FCL,482432,9ocaoc4rmct3neemzpth5c6qc,694,70nn27vgkt6l48lvv5e66q7ww
Souleymane Sagnan,634379.0,3.0,246.0,0.0,0.05,-0.05,1.0,1.0,0.0,0.05,Souleymane,Sagnan,2005-05-06,21.38,142.0,31.0,Defender,Central Defender,b1o88fddlthw3ph7w8bcgskd0,3xedluek08t2ka7oypwuullcn,Racing Club de Lens,Lens,Lens,RCL,37.0,353.296,20.0,193.2,0.0,0.0,0.0,0.0,9.549,9.66,11.0,5.0,7.0,2.0,13.0,18.0,13.0,72.222,6.0,5.0,83.333,,,,,,,,,,634379.0,246.0,3.0,0.0,0.0,0.0,0.0,0.076,0.076,0.0,0.0,Souleymane,Sagnan,2005-05-06,21.38,142.0,31.0,Defender,Central Defender,b1o88fddlthw3ph7w8bcgskd0,3xedluek08t2ka7oypwuullcn,Racing Club de Lens,Lens,Lens,RCL,634379.0,246.0,3.0,158.0,142.0,89.87,27.0,20.0,74.07,2.0,1.0,50.0,0.0,0.0,0.0,Souleymane,Sagnan,2005-05-06,21.38,142.0,31.0,Defender,Central Defender,b1o88fddlthw3ph7w8bcgskd0,3xedluek08t2ka7oypwuullcn,Racing Club de Lens,Lens,Lens,RCL,634379,b1o88fddlthw3ph7w8bcgskd0,142,3xedluek08t2ka7oypwuullcn
Stanis Idumbo,549946.0,4.0,325.0,1.0,0.69,0.31,10.0,3.0,10.0,0.07,Stanis,Idumbo,2005-06-29,21.24,146.0,17.0,Midfielder,Attacking Midfielder,370bp4zp3mxe27rtx3gwhcems,4t4hod56fsj7utpjdor8so5q6,AS Monaco FC,Monaco,Monaco,ASM,54.0,608.317,28.0,305.34,6.0,1.0,1.0,0.0,11.265,10.905,6.0,1.0,15.0,1.0,8.0,35.0,18.0,51.429,0.0,0.0,0.0,,,,,,,,,,549946.0,325.0,4.0,4.0,4.0,4.08,0.0,0.364,0.364,0.0,0.0,Stanis,Idumbo,2005-06-29,21.24,146.0,17.0,Midfielder,Attacking Midfielder,370bp4zp3mxe27rtx3gwhcems,4t4hod56fsj7utpjdor8so5q6,AS Monaco FC,Monaco,Monaco,ASM,549946.0,325.0,4.0,99.0,85.0,85.86,34.0,22.0,64.71,5.0,2.0,40.0,1.0,0.0,0.0,Stanis,Idumbo,2005-06-29,21.24,146.0,17.0,Midfielder,Attacking Midfielder,370bp4zp3mxe27rtx3gwhcems,4t4hod56fsj7utpjdor8so5q6,AS Monaco FC,Monaco,Monaco,ASM,549946,370bp4zp3mxe27rtx3gwhcems,146,4t4hod56fsj7utpjdor8so5q6
Sékou Mara,476888.0,2.0,76.0,0.0,0.0,0.0,0.0,0.0,0.0,0.0,Sékou,Mara,2002-07-30,24.15,153.0,0.0,Forward,Striker,1qcj2upaz0xa98zkc835djo8a,71ajatxnuhc5cnm3xvgdky49w,RC Strasbourg Alsace,Strasbourg,Strasbourg,STR,6.0,60.093,3.0,24.99,0.0,0.0,0.0,0.0,10.016,8.33,2.0,0.0,3.0,0.0,0.0,10.0,4.0,40.0,3.0,0.0,0.0,,,,,,,,,,476888.0,76.0,2.0,0.0,0.0,0.0,0.0,0.006,0.006,0.0,0.0,Sékou,Mara,2002-07-30,24.15,153.0,0.0,Forward,Striker,1qcj2upaz0xa98zkc835djo8a,71ajatxnuhc5cnm3xvgdky49w,RC Strasbourg Alsace,Strasbourg,Strasbourg,STR,476888.0,76.0,2.0,8.0,8.0,100.0,2.0,2.0,100.0,0.0,0.0,0.0,0.0,0.0,0.0,Sékou,Mara,2002-07-30,24.15,153.0,0.0,Forward,Striker,1qcj2upaz0xa98zkc835djo8a,71ajatxnuhc5cnm3xvgdky49w,RC Strasbourg Alsace,Strasbourg,Strasbourg,STR,476888,1qcj2upaz0xa98zkc835djo8a,153,71ajatxnuhc5cnm3xvgdky49w
Tadjidine Mmadi,653269.0,2.0,20.0,0.0,0.1,-0.1,1.0,0.0,0.0,0.1,Tadjidine,Mmadi,2007-03-03,19.56,144.0,43.0,Forward,Attacking Midfielder,6ma3oewkllhcu66tbb6d8shzo,27xvwccz8kpmqsefjv2b2sc0o,Olympique de Marseille,Olympique Marseille,Marseille,OM,8.0,79.122,5.0,44.1,0.0,0.0,0.0,0.0,9.89,8.82,1.0,1.0,0.0,0.0,0.0,3.0,2.0,66.667,0.0,0.0,0.0,,,,,,,,,,653269.0,20.0,2.0,0.0,0.0,0.0,0.0,0.029,0.029,0.0,0.0,Tadjidine,Mmadi,2007-03-03,19.56,144.0,43.0,Forward,Attacking Midfielder,6ma3oewkllhcu66tbb6d8shzo,27xvwccz8kpmqsefjv2b2sc0o,Olympique de Marseille,Olympique Marseille,Marseille,OM,653269.0,20.0,2.0,9.0,7.0,77.78,7.0,5.0,71.43,3.0,1.0,33.33,0.0,0.0,0.0,Tadjidine,Mmadi,2007-03-03,19.56,144.0,43.0,Forward,Attacking Midfielder,6ma3oewkllhcu66tbb6d8shzo,27xvwccz8kpmqsefjv2b2sc0o,Olympique de Marseille,Olympique Marseille,Marseille,OM,653269,6ma3oewkllhcu66tbb6d8shzo,144,27xvwccz8kpmqsefjv2b2sc0o
Tanguy Nianzou,465691.0,0.0,0.0,0.0,0.0,0.0,0.0,0.0,0.0,0.0,Tanguy,Nianzou,2002-06-07,24.3,429.0,23.0,Defender,Central Defender,465691,be2k34rut1lz79jxenabttqlc,Lille OSC,Lille,Lille,LIL,0.0,0.0,0.0,0.0,0.0,0.0,0.0,0.0,0.0,0.0,0.0,0.0,0.0,0.0,0.0,0.0,0.0,0.0,0.0,0.0,0.0,,,,,,,,,,465691.0,0.0,0.0,0.0,0.0,0.0,0.0,0.0,0.0,0.0,0.0,Tanguy,Nianzou,2002-06-07,24.3,429.0,23.0,Defender,Central Defender,465691,be2k34rut1lz79jxenabttqlc,Lille OSC,Lille,Lille,LIL,465691.0,0.0,0.0,0.0,0.0,0.0,0.0,0.0,0.0,0.0,0.0,0.0,0.0,0.0,0.0,Tanguy,Nianzou,2002-06-07,24.3,429.0,23.0,Defender,Central Defender,465691,be2k34rut1lz79jxenabttqlc,Lille OSC,Lille,Lille,LIL,465691,465691,429,be2k34rut1lz79jxenabttqlc
Tanner Tessmann,426634.0,3.0,27.0,0.0,0.02,-0.02,1.0,0.0,0.0,0.02,Tanner,Tessmann,2001-09-24,25.0,143.0,6.0,Midfielder,Defensive Midfielder,cv6hc8tikw5u6l56j02rfqaga,121le8unjfzug3iu9pgkqa1c7,Lyon,Olympique Lyonnais,Lyon,OL,6.0,52.64,4.0,44.52,0.0,0.0,1.0,0.0,8.773,11.13,2.0,0.0,4.0,0.0,1.0,6.0,3.0,50.0,1.0,0.0,0.0,,,,,,,,,,426634.0,27.0,3.0,1.0,1.0,5.26,0.0,0.048,0.048,0.0,0.0,Tanner,Tessmann,2001-09-24,25.0,143.0,6.0,Midfielder,Defensive Midfielder,cv6hc8tikw5u6l56j02rfqaga,121le8unjfzug3iu9pgkqa1c7,Lyon,Olympique Lyonnais,Lyon,OL,426634.0,27.0,3.0,19.0,18.0,94.74,6.0,5.0,83.33,0.0,0.0,0.0,0.0,0.0,0.0,Tanner,Tessmann,2001-09-24,25.0,143.0,6.0,Midfielder,Defensive Midfielder,cv6hc8tikw5u6l56j02rfqaga,121le8unjfzug3iu9pgkqa1c7,Lyon,Olympique Lyonnais,Lyon,OL,426634,cv6hc8tikw5u6l56j02rfqaga,143,121le8unjfzug3iu9pgkqa1c7
Telli Siwe,695285.0,0.0,0.0,0.0,0.0,0.0,0.0,0.0,0.0,0.0,Telli,Siwe,2004-12-14,21.78,138.0,13.0,Defender,Central Defender,695285,9bxav814mkuhueiyivyive82d,Association Jeunesse Auxerroise,Auxerre,Auxerre,AJA,0.0,0.0,0.0,0.0,0.0,0.0,0.0,0.0,0.0,0.0,0.0,0.0,0.0,0.0,0.0,0.0,0.0,0.0,0.0,0.0,0.0,,,,,,,,,,695285.0,0.0,0.0,0.0,0.0,0.0,0.0,0.0,0.0,0.0,0.0,Telli,Siwe,2004-12-14,21.78,138.0,13.0,Defender,Central Defender,695285,9bxav814mkuhueiyivyive82d,Association Jeunesse Auxerroise,Auxerre,Auxerre,AJA,695285.0,0.0,0.0,0.0,0.0,0.0,0.0,0.0,0.0,0.0,0.0,0.0,0.0,0.0,0.0,Telli,Siwe,2004-12-14,21.78,138.0,13.0,Defender,Central Defender,695285,9bxav814mkuhueiyivyive82d,Association Jeunesse Auxerroise,Auxerre,Auxerre,AJA,695285,695285,138,9bxav814mkuhueiyivyive82d
Theo Bair,421350.0,1.0,19.0,0.0,0.03,-0.03,1.0,0.0,0.0,0.03,Theo,Bair,1999-08-27,27.08,138.0,9.0,Forward,Striker,2r6suw717hgzqsp8ogvwdfk6h,9bxav814mkuhueiyivyive82d,Association Jeunesse Auxerroise,Auxerre,Auxerre,AJA,1.0,5.96,0.0,-5.67,0.0,0.0,0.0,0.0,5.96,0.0,0.0,0.0,2.0,0.0,0.0,0.0,0.0,0.0,0.0,0.0,0.0,,,,,,,,,,421350.0,19.0,1.0,0.0,0.0,0.0,0.0,0.013,0.013,0.0,0.0,Theo,Bair,1999-08-27,27.08,138.0,9.0,Forward,Striker,2r6suw717hgzqsp8ogvwdfk6h,9bxav814mkuhueiyivyive82d,Association Jeunesse Auxerroise,Auxerre,Auxerre,AJA,421350.0,19.0,1.0,4.0,4.0,100.0,2.0,2.0,100.0,0.0,0.0,0.0,0.0,0.0,0.0,Theo,Bair,1999-08-27,27.08,138.0,9.0,Forward,Striker,2r6suw717hgzqsp8ogvwdfk6h,9bxav814mkuhueiyivyive82d,Association Jeunesse Auxerroise,Auxerre,Auxerre,AJA,421350,2r6suw717hgzqsp8ogvwdfk6h,138,9bxav814mkuhueiyivyive82d
Thibault De Smet,241059.0,0.0,0.0,0.0,0.0,0.0,0.0,0.0,0.0,0.0,Thibault,De Smet,1998-06-05,28.31,2338.0,28.0,Defender,Full Back,241059,8v00fx2zwhiwm05tqqkt122p5,Paris FC,Paris FC,Paris FC,PAR,0.0,0.0,0.0,0.0,0.0,0.0,0.0,0.0,0.0,0.0,0.0,0.0,0.0,0.0,0.0,0.0,0.0,0.0,0.0,0.0,0.0,,,,,,,,,,241059.0,0.0,0.0,0.0,0.0,0.0,0.0,0.0,0.0,0.0,0.0,Thibault,De Smet,1998-06-05,28.31,2338.0,28.0,Defender,Full Back,241059,8v00fx2zwhiwm05tqqkt122p5,Paris FC,Paris FC,Paris FC,PAR,241059.0,0.0,0.0,0.0,0.0,0.0,0.0,0.0,0.0,0.0,0.0,0.0,0.0,0.0,0.0,Thibault,De Smet,1998-06-05,28.31,2338.0,28.0,Defender,Full Back,241059,8v00fx2zwhiwm05tqqkt122p5,Paris FC,Paris FC,Paris FC,PAR,241059,241059,2338,8v00fx2zwhiwm05tqqkt122p5
Thilo Kehrer,201057.0,1.0,1.0,0.0,0.0,0.0,0.0,0.0,0.0,0.0,Thilo,Kehrer,1996-09-21,30.01,146.0,5.0,Defender,Central Defender,cm0gwoyh5rdb216fx685a7l5h,4t4hod56fsj7utpjdor8so5q6,AS Monaco FC,Monaco,Monaco,ASM,0.0,0.0,0.0,0.0,0.0,0.0,0.0,0.0,0.0,0.0,0.0,0.0,0.0,0.0,1.0,1.0,0.0,0.0,1.0,1.0,100.0,,,,,,,,,,201057.0,1.0,1.0,0.0,0.0,0.0,0.0,0.0,0.0,0.0,0.0,Thilo,Kehrer,1996-09-21,30.01,146.0,5.0,Defender,Central Defender,cm0gwoyh5rdb216fx685a7l5h,4t4hod56fsj7utpjdor8so5q6,AS Monaco FC,Monaco,Monaco,ASM,201057.0,1.0,1.0,1.0,0.0,0.0,0.0,0.0,0.0,0.0,0.0,0.0,0.0,0.0,0.0,Thilo,Kehrer,1996-09-21,30.01,146.0,5.0,Defender,Central Defender,cm0gwoyh5rdb216fx685a7l5h,4t4hod56fsj7utpjdor8so5q6,AS Monaco FC,Monaco,Monaco,ASM,201057,cm0gwoyh5rdb216fx685a7l5h,146,4t4hod56fsj7utpjdor8so5q6
Thomas Jørgensen,592867.0,4.0,348.0,1.0,1.85,-0.85,9.0,3.0,11.11,0.21,Thomas,Jørgensen,2005-09-30,20.98,427.0,8.0,Midfielder,Central Midfielder,vrzye4jqrafujmjw3wakjpxw,4aghw9tyi8ba3ju1ne83gmf9w,Toulouse FC,Toulouse,Toulouse,TFC,60.0,795.894,32.0,391.755,3.0,1.0,0.0,0.0,13.265,12.242,8.0,3.0,14.0,0.0,0.0,28.0,12.0,42.857,4.0,2.0,50.0,,,,,,,,,,592867.0,348.0,4.0,8.0,6.0,5.0,25.0,0.628,0.495,0.0,0.0,Thomas,Jørgensen,2005-09-30,20.98,427.0,8.0,Midfielder,Central Midfielder,vrzye4jqrafujmjw3wakjpxw,4aghw9tyi8ba3ju1ne83gmf9w,Toulouse FC,Toulouse,Toulouse,TFC,592867.0,348.0,4.0,130.0,98.0,75.38,60.0,41.0,68.33,5.0,0.0,0.0,1.0,1.0,100.0,Thomas,Jørgensen,2005-09-30,20.98,427.0,8.0,Midfielder,Central Midfielder,vrzye4jqrafujmjw3wakjpxw,4aghw9tyi8ba3ju1ne83gmf9w,Toulouse FC,Toulouse,Toulouse,TFC,592867,vrzye4jqrafujmjw3wakjpxw,427,4aghw9tyi8ba3ju1ne83gmf9w
Thorgan Hazard,97471.0,4.0,129.0,0.0,0.57,-0.57,3.0,0.0,0.0,0.19,Thorgan,Hazard,1993-03-29,33.5,142.0,9.0,Midfielder,Attacking Midfielder,3y9nm18as1wxhizq3fyazb2t,3xedluek08t2ka7oypwuullcn,Racing Club de Lens,Lens,Lens,RCL,19.0,218.252,8.0,89.355,0.0,0.0,0.0,0.0,11.487,11.169,3.0,0.0,4.0,0.0,0.0,11.0,8.0,72.727,2.0,1.0,50.0,,,,,,,,,,97471.0,129.0,4.0,2.0,2.0,3.7,0.0,0.42,0.42,0.0,0.0,Thorgan,Hazard,1993-03-29,33.5,142.0,9.0,Midfielder,Attacking Midfielder,3y9nm18as1wxhizq3fyazb2t,3xedluek08t2ka7oypwuullcn,Racing Club de Lens,Lens,Lens,RCL,97471.0,129.0,4.0,56.0,48.0,85.71,25.0,18.0,72.0,3.0,1.0,33.33,0.0,0.0,0.0,Thorgan,Hazard,1993-03-29,33.5,142.0,9.0,Midfielder,Attacking Midfielder,3y9nm18as1wxhizq3fyazb2t,3xedluek08t2ka7oypwuullcn,Racing Club de Lens,Lens,Lens,RCL,97471,3y9nm18as1wxhizq3fyazb2t,142,3xedluek08t2ka7oypwuullcn
Théo Eyoum,511500.0,2.0,180.0,0.0,0.0,0.0,0.0,0.0,0.0,0.0,Théo,Eyoum,2002-01-07,24.71,920.0,21.0,Defender,Central Defender,34amaqmj4hm1eoh1ndqv0gwt0,bj8hrmj01r3zit0x8r6qm2eu2,Le Mans FC,Le Mans,Le Mans,LEM,12.0,107.484,2.0,3.78,0.0,0.0,0.0,0.0,8.957,1.89,2.0,2.0,4.0,2.0,14.0,6.0,2.0,33.333,9.0,2.0,22.222,,,,,,,,,,511500.0,180.0,2.0,0.0,0.0,0.0,0.0,0.002,0.002,0.0,0.0,Théo,Eyoum,2002-01-07,24.71,920.0,21.0,Defender,Central Defender,34amaqmj4hm1eoh1ndqv0gwt0,bj8hrmj01r3zit0x8r6qm2eu2,Le Mans FC,Le Mans,Le Mans,LEM,511500.0,180.0,2.0,61.0,57.0,93.44,1.0,0.0,0.0,0.0,0.0,0.0,0.0,0.0,0.0,Théo,Eyoum,2002-01-07,24.71,920.0,21.0,Defender,Central Defender,34amaqmj4hm1eoh1ndqv0gwt0,bj8hrmj01r3zit0x8r6qm2eu2,Le Mans FC,Le Mans,Le Mans,LEM,511500,34amaqmj4hm1eoh1ndqv0gwt0,920,bj8hrmj01r3zit0x8r6qm2eu2
Théo Le Bris,549737.0,4.0,200.0,0.0,0.26,-0.26,3.0,1.0,0.0,0.09,Théo,Le Bris,2002-10-01,23.98,694.0,11.0,Midfielder,0,2zvbw080n4yro1phgv39ri3qi,70nn27vgkt6l48lvv5e66q7ww,FC Lorient,Lorient,Lorient,FCL,17.0,204.157,8.0,82.425,0.0,0.0,0.0,0.0,12.009,10.303,8.0,5.0,2.0,2.0,10.0,19.0,14.0,73.684,5.0,0.0,0.0,,,,,,,,,,549737.0,200.0,4.0,2.0,1.0,1.54,0.0,0.036,0.035,0.0,0.0,Théo,Le Bris,2002-10-01,23.98,694.0,11.0,Midfielder,0,2zvbw080n4yro1phgv39ri3qi,70nn27vgkt6l48lvv5e66q7ww,FC Lorient,Lorient,Lorient,FCL,549737.0,200.0,4.0,66.0,55.0,83.33,16.0,13.0,81.25,10.0,0.0,0.0,0.0,0.0,0.0,Théo,Le Bris,2002-10-01,23.98,694.0,11.0,Midfielder,0,2zvbw080n4yro1phgv39ri3qi,70nn27vgkt6l48lvv5e66q7ww,FC Lorient,Lorient,Lorient,FCL,549737,2zvbw080n4yro1phgv39ri3qi,694,70nn27vgkt6l48lvv5e66q7ww
Tiago Santos,588181.0,4.0,360.0,2.0,0.31,1.69,6.0,4.0,33.33,0.05,Tiago,Carvalho Santos,2002-07-23,24.17,429.0,22.0,Defender,Full Back,3gelookco8f9ft0guaec03t3o,be2k34rut1lz79jxenabttqlc,Lille OSC,Lille,Lille,LIL,53.0,650.966,38.0,480.9,2.0,0.0,1.0,0.0,12.282,12.655,7.0,5.0,14.0,0.0,14.0,28.0,19.0,67.857,4.0,2.0,50.0,,,,,,,,,,588181.0,360.0,4.0,2.0,2.0,1.6,0.0,0.309,0.308,0.0,0.0,Tiago,Carvalho Santos,2002-07-23,24.17,429.0,22.0,Defender,Full Back,3gelookco8f9ft0guaec03t3o,be2k34rut1lz79jxenabttqlc,Lille OSC,Lille,Lille,LIL,588181.0,360.0,4.0,132.0,115.0,87.12,23.0,14.0,60.87,10.0,3.0,30.0,0.0,0.0,0.0,Tiago,Carvalho Santos,2002-07-23,24.17,429.0,22.0,Defender,Full Back,3gelookco8f9ft0guaec03t3o,be2k34rut1lz79jxenabttqlc,Lille OSC,Lille,Lille,LIL,588181,3gelookco8f9ft0guaec03t3o,429,be2k34rut1lz79jxenabttqlc
Tidiane Devernois,659392.0,0.0,0.0,0.0,0.0,0.0,0.0,0.0,0.0,0.0,Tidiane,Devernois,2007-10-18,18.93,138.0,36.0,Midfielder,Central Midfielder,659392,9bxav814mkuhueiyivyive82d,Association Jeunesse Auxerroise,Auxerre,Auxerre,AJA,0.0,0.0,0.0,0.0,0.0,0.0,0.0,0.0,0.0,0.0,0.0,0.0,0.0,0.0,0.0,0.0,0.0,0.0,0.0,0.0,0.0,,,,,,,,,,659392.0,0.0,0.0,0.0,0.0,0.0,0.0,0.0,0.0,0.0,0.0,Tidiane,Devernois,2007-10-18,18.93,138.0,36.0,Midfielder,Central Midfielder,659392,9bxav814mkuhueiyivyive82d,Association Jeunesse Auxerroise,Auxerre,Auxerre,AJA,659392.0,0.0,0.0,0.0,0.0,0.0,0.0,0.0,0.0,0.0,0.0,0.0,0.0,0.0,0.0,Tidiane,Devernois,2007-10-18,18.93,138.0,36.0,Midfielder,Central Midfielder,659392,9bxav814mkuhueiyivyive82d,Association Jeunesse Auxerroise,Auxerre,Auxerre,AJA,659392,659392,138,9bxav814mkuhueiyivyive82d
Timothy Weah,215473.0,4.0,360.0,0.0,0.17,-0.17,4.0,2.0,0.0,0.04,Timothy,Weah,2000-02-22,26.59,144.0,22.0,Forward,Winger,e5xxqwz0sdlwkkmp8bgs1k6w9,27xvwccz8kpmqsefjv2b2sc0o,Olympique de Marseille,Olympique Marseille,Marseille,OM,69.0,700.083,39.0,348.39,1.0,0.0,2.0,0.0,10.146,8.933,8.0,1.0,15.0,3.0,12.0,25.0,15.0,60.0,6.0,3.0,50.0,,,,,,,,,,215473.0,360.0,4.0,5.0,5.0,2.15,0.0,0.568,0.567,0.0,0.0,Timothy,Weah,2000-02-22,26.59,144.0,22.0,Forward,Winger,e5xxqwz0sdlwkkmp8bgs1k6w9,27xvwccz8kpmqsefjv2b2sc0o,Olympique de Marseille,Olympique Marseille,Marseille,OM,215473.0,360.0,4.0,240.0,210.0,87.5,77.0,63.0,81.82,8.0,2.0,25.0,0.0,0.0,0.0,Timothy,Weah,2000-02-22,26.59,144.0,22.0,Forward,Winger,e5xxqwz0sdlwkkmp8bgs1k6w9,27xvwccz8kpmqsefjv2b2sc0o,Olympique de Marseille,Olympique Marseille,Marseille,OM,215473,e5xxqwz0sdlwkkmp8bgs1k6w9,144,27xvwccz8kpmqsefjv2b2sc0o
Timothé Nkada,482140.0,2.0,35.0,0.0,0.17,-0.17,4.0,1.0,0.0,0.04,Timothé,Nkada,1999-07-20,27.18,154.0,23.0,Forward,Striker,46vjiqw7kvnauak7a85i6l695,3unkqo2g6ag99gd5ynz1j7vse,Espérance Sportive Troyes Aube Champagne,Troyes,Troyes,TRO,6.0,61.556,3.0,27.3,2.0,0.0,0.0,0.0,10.259,9.1,0.0,0.0,3.0,0.0,0.0,2.0,1.0,50.0,0.0,0.0,0.0,,,,,,,,,,482140.0,35.0,2.0,1.0,1.0,11.11,0.0,0.045,0.045,0.0,0.0,Timothé,Nkada,1999-07-20,27.18,154.0,23.0,Forward,Striker,46vjiqw7kvnauak7a85i6l695,3unkqo2g6ag99gd5ynz1j7vse,Espérance Sportive Troyes Aube Champagne,Troyes,Troyes,TRO,482140.0,35.0,2.0,10.0,9.0,90.0,3.0,3.0,100.0,0.0,0.0,0.0,0.0,0.0,0.0,Timothé,Nkada,1999-07-20,27.18,154.0,23.0,Forward,Striker,46vjiqw7kvnauak7a85i6l695,3unkqo2g6ag99gd5ynz1j7vse,Espérance Sportive Troyes Aube Champagne,Troyes,Troyes,TRO,482140,46vjiqw7kvnauak7a85i6l695,154,3unkqo2g6ag99gd5ynz1j7vse
Timothée Pembélé,465702.0,3.0,208.0,0.0,0.1,-0.1,2.0,0.0,0.0,0.05,Timothée,Pembélé,2002-09-09,24.04,141.0,32.0,Defender,Full Back,ausceoo438aoxbb6gl8tpes16,23pqcgxu1tip265hbe01kszbt,Le Havre AC,Le Havre,Le Havre,HAC,15.0,186.069,11.0,139.02,1.0,0.0,1.0,0.0,12.405,12.638,8.0,3.0,5.0,0.0,6.0,21.0,11.0,52.381,1.0,1.0,100.0,,,,,,,,,,465702.0,208.0,3.0,1.0,1.0,1.75,0.0,0.064,0.064,0.0,0.0,Timothée,Pembélé,2002-09-09,24.04,141.0,32.0,Defender,Full Back,ausceoo438aoxbb6gl8tpes16,23pqcgxu1tip265hbe01kszbt,Le Havre AC,Le Havre,Le Havre,HAC,465702.0,208.0,3.0,61.0,47.0,77.05,13.0,8.0,61.54,5.0,1.0,20.0,0.0,0.0,0.0,Timothée,Pembélé,2002-09-09,24.04,141.0,32.0,Defender,Full Back,ausceoo438aoxbb6gl8tpes16,23pqcgxu1tip265hbe01kszbt,Le Havre AC,Le Havre,Le Havre,HAC,465702,ausceoo438aoxbb6gl8tpes16,141,23pqcgxu1tip265hbe01kszbt
Tochukwu Nnadi,582399.0,2.0,35.0,0.0,0.0,0.0,0.0,0.0,0.0,0.0,Tochukwu,Nnadi,2003-06-30,23.24,144.0,6.0,Midfielder,Defensive Midfielder,2zfl3uasstx4eknstbzcsg7is,27xvwccz8kpmqsefjv2b2sc0o,Olympique de Marseille,Olympique Marseille,Marseille,OM,3.0,18.683,1.0,-2.52,0.0,0.0,0.0,0.0,6.228,-2.52,2.0,0.0,2.0,0.0,0.0,4.0,3.0,75.0,0.0,0.0,0.0,,,,,,,,,,582399.0,35.0,2.0,0.0,0.0,0.0,0.0,0.028,0.028,0.0,0.0,Tochukwu,Nnadi,2003-06-30,23.24,144.0,6.0,Midfielder,Defensive Midfielder,2zfl3uasstx4eknstbzcsg7is,27xvwccz8kpmqsefjv2b2sc0o,Olympique de Marseille,Olympique Marseille,Marseille,OM,582399.0,35.0,2.0,40.0,37.0,92.5,13.0,11.0,84.62,0.0,0.0,0.0,0.0,0.0,0.0,Tochukwu,Nnadi,2003-06-30,23.24,144.0,6.0,Midfielder,Defensive Midfielder,2zfl3uasstx4eknstbzcsg7is,27xvwccz8kpmqsefjv2b2sc0o,Olympique de Marseille,Olympique Marseille,Marseille,OM,582399,2zfl3uasstx4eknstbzcsg7is,144,27xvwccz8kpmqsefjv2b2sc0o
Tyler Morton,440148.0,4.0,287.0,0.0,0.04,-0.04,2.0,0.0,0.0,0.02,Tyler,Morton,2002-10-31,23.9,143.0,23.0,Midfielder,Defensive Midfielder,j0b21u0klyu8taaxmooycdpm,121le8unjfzug3iu9pgkqa1c7,Lyon,Olympique Lyonnais,Lyon,OL,52.0,561.597,26.0,265.44,1.0,0.0,0.0,0.0,10.8,10.209,4.0,2.0,10.0,1.0,3.0,11.0,4.0,36.364,6.0,2.0,33.333,,,,,,,,,,440148.0,287.0,4.0,3.0,1.0,0.6,66.67,0.367,0.21,0.0,0.0,Tyler,Morton,2002-10-31,23.9,143.0,23.0,Midfielder,Defensive Midfielder,j0b21u0klyu8taaxmooycdpm,121le8unjfzug3iu9pgkqa1c7,Lyon,Olympique Lyonnais,Lyon,OL,440148.0,287.0,4.0,172.0,147.0,85.47,50.0,34.0,68.0,0.0,0.0,0.0,6.0,1.0,16.67,Tyler,Morton,2002-10-31,23.9,143.0,23.0,Midfielder,Defensive Midfielder,j0b21u0klyu8taaxmooycdpm,121le8unjfzug3iu9pgkqa1c7,Lyon,Olympique Lyonnais,Lyon,OL,440148,j0b21u0klyu8taaxmooycdpm,143,121le8unjfzug3iu9pgkqa1c7
Tyrese Noubissie,631877.0,0.0,0.0,0.0,0.0,0.0,0.0,0.0,0.0,0.0,Tyrese,Noubissie,2009-05-13,17.36,153.0,28.0,Midfielder,Central Midfielder,631877,71ajatxnuhc5cnm3xvgdky49w,RC Strasbourg Alsace,Strasbourg,Strasbourg,STR,0.0,0.0,0.0,0.0,0.0,0.0,0.0,0.0,0.0,0.0,0.0,0.0,0.0,0.0,0.0,0.0,0.0,0.0,0.0,0.0,0.0,,,,,,,,,,631877.0,0.0,0.0,0.0,0.0,0.0,0.0,0.0,0.0,0.0,0.0,Tyrese,Noubissie,2009-05-13,17.36,153.0,28.0,Midfielder,Central Midfielder,631877,71ajatxnuhc5cnm3xvgdky49w,RC Strasbourg Alsace,Strasbourg,Strasbourg,STR,631877.0,0.0,0.0,0.0,0.0,0.0,0.0,0.0,0.0,0.0,0.0,0.0,0.0,0.0,0.0,Tyrese,Noubissie,2009-05-13,17.36,153.0,28.0,Midfielder,Central Midfielder,631877,71ajatxnuhc5cnm3xvgdky49w,RC Strasbourg Alsace,Strasbourg,Strasbourg,STR,631877,631877,153,71ajatxnuhc5cnm3xvgdky49w
Ulisses Garcia,184943.0,1.0,1.0,0.0,0.0,0.0,0.0,0.0,0.0,0.0,Ulisses,Garcia,1996-01-11,30.71,144.0,25.0,Defender,Full Back,f414ed8b0apdfxxa56mq04q1h,27xvwccz8kpmqsefjv2b2sc0o,Olympique de Marseille,Olympique Marseille,Marseille,OM,0.0,0.0,0.0,0.0,0.0,0.0,0.0,0.0,0.0,0.0,0.0,0.0,1.0,0.0,0.0,0.0,0.0,0.0,0.0,0.0,0.0,,,,,,,,,,184943.0,1.0,1.0,0.0,0.0,0.0,0.0,0.002,0.002,0.0,0.0,Ulisses,Garcia,1996-01-11,30.71,144.0,25.0,Defender,Full Back,f414ed8b0apdfxxa56mq04q1h,27xvwccz8kpmqsefjv2b2sc0o,Olympique de Marseille,Olympique Marseille,Marseille,OM,184943.0,1.0,1.0,3.0,2.0,66.67,2.0,1.0,50.0,1.0,0.0,0.0,0.0,0.0,0.0,Ulisses,Garcia,1996-01-11,30.71,144.0,25.0,Defender,Full Back,f414ed8b0apdfxxa56mq04q1h,27xvwccz8kpmqsefjv2b2sc0o,Olympique de Marseille,Olympique Marseille,Marseille,OM,184943,f414ed8b0apdfxxa56mq04q1h,144,27xvwccz8kpmqsefjv2b2sc0o
Usman Simbakoli,523895.0,4.0,44.0,0.0,0.58,-0.58,7.0,1.0,0.0,0.08,Usman,Simbakoli,2001-12-12,24.78,2128.0,7.0,Forward,Striker,716sioawhw9kwstzzu6u2en10,75qj99fhg5c0ztj2tva5u4uii,Angers Sporting Club de l'Ouest,Angers,Angers,SCO,8.0,61.661,4.0,33.18,2.0,0.0,0.0,0.0,7.708,8.295,2.0,0.0,5.0,0.0,2.0,14.0,4.0,28.571,6.0,4.0,66.667,,,,,,,,,,523895.0,44.0,4.0,1.0,1.0,6.67,0.0,0.009,0.009,0.0,0.0,Usman,Simbakoli,2001-12-12,24.78,2128.0,7.0,Forward,Striker,716sioawhw9kwstzzu6u2en10,75qj99fhg5c0ztj2tva5u4uii,Angers Sporting Club de l'Ouest,Angers,Angers,SCO,523895.0,44.0,4.0,15.0,10.0,66.67,6.0,3.0,50.0,1.0,0.0,0.0,0.0,0.0,0.0,Usman,Simbakoli,2001-12-12,24.78,2128.0,7.0,Forward,Striker,716sioawhw9kwstzzu6u2en10,75qj99fhg5c0ztj2tva5u4uii,Angers Sporting Club de l'Ouest,Angers,Angers,SCO,523895,716sioawhw9kwstzzu6u2en10,2128,75qj99fhg5c0ztj2tva5u4uii
Valentin Rongier,193539.0,4.0,344.0,1.0,0.19,0.81,3.0,3.0,33.33,0.06,Valentin,Rongier,1994-12-07,31.8,150.0,21.0,Midfielder,Defensive Midfielder,8s259ktv9j6ei0f8rh2msqfh1,z1wbqtd0fz5t5eezjvrbld3h,Stade Rennais FC,Rennes,Rennes,REN,41.0,361.086,10.0,60.06,1.0,1.0,0.0,0.0,8.807,6.006,9.0,4.0,16.0,6.0,10.0,24.0,14.0,58.333,10.0,6.0,60.0,,,,,,,,,,193539.0,344.0,4.0,5.0,4.0,1.87,20.0,0.412,0.407,0.0,0.0,Valentin,Rongier,1994-12-07,31.8,150.0,21.0,Midfielder,Defensive Midfielder,8s259ktv9j6ei0f8rh2msqfh1,z1wbqtd0fz5t5eezjvrbld3h,Stade Rennais FC,Rennes,Rennes,REN,193539.0,344.0,4.0,223.0,200.0,89.69,56.0,48.0,85.71,1.0,0.0,0.0,2.0,2.0,100.0,Valentin,Rongier,1994-12-07,31.8,150.0,21.0,Midfielder,Defensive Midfielder,8s259ktv9j6ei0f8rh2msqfh1,z1wbqtd0fz5t5eezjvrbld3h,Stade Rennais FC,Rennes,Rennes,REN,193539,8s259ktv9j6ei0f8rh2msqfh1,150,z1wbqtd0fz5t5eezjvrbld3h
Vanderson,520403.0,4.0,321.0,0.0,0.06,-0.06,2.0,0.0,0.0,0.03,Vanderson,de Oliveira Campos,2001-06-21,25.26,146.0,2.0,Defender,Full Back,adb8skc3qbvgunhzd9651lij8,4t4hod56fsj7utpjdor8so5q6,AS Monaco FC,Monaco,Monaco,ASM,49.0,616.663,35.0,446.145,0.0,0.0,2.0,0.0,12.585,12.747,11.0,5.0,17.0,3.0,10.0,29.0,17.0,58.621,3.0,3.0,100.0,,,,,,,,,,520403.0,321.0,4.0,3.0,3.0,1.67,0.0,0.632,0.631,0.0,0.0,Vanderson,de Oliveira Campos,2001-06-21,25.26,146.0,2.0,Defender,Full Back,adb8skc3qbvgunhzd9651lij8,4t4hod56fsj7utpjdor8so5q6,AS Monaco FC,Monaco,Monaco,ASM,520403.0,321.0,4.0,185.0,143.0,77.3,58.0,39.0,67.24,10.0,2.0,20.0,0.0,0.0,0.0,Vanderson,de Oliveira Campos,2001-06-21,25.26,146.0,2.0,Defender,Full Back,adb8skc3qbvgunhzd9651lij8,4t4hod56fsj7utpjdor8so5q6,AS Monaco FC,Monaco,Monaco,ASM,520403,adb8skc3qbvgunhzd9651lij8,146,4t4hod56fsj7utpjdor8so5q6
Vincent Marchetti,209874.0,1.0,7.0,1.0,0.33,0.67,2.0,1.0,50.0,0.17,Vincent,Marchetti,1997-07-04,29.23,2338.0,4.0,Midfielder,0,d3d1qks236pztzcqp3wdcc0l,8v00fx2zwhiwm05tqqkt122p5,Paris FC,Paris FC,Paris FC,PAR,1.0,6.457,0.0,-3.255,0.0,0.0,0.0,0.0,6.457,0.0,0.0,0.0,0.0,0.0,0.0,2.0,0.0,0.0,0.0,0.0,0.0,,,,,,,,,,209874.0,7.0,1.0,0.0,0.0,0.0,0.0,0.0,0.0,0.0,0.0,Vincent,Marchetti,1997-07-04,29.23,2338.0,4.0,Midfielder,0,d3d1qks236pztzcqp3wdcc0l,8v00fx2zwhiwm05tqqkt122p5,Paris FC,Paris FC,Paris FC,PAR,209874.0,7.0,1.0,6.0,6.0,100.0,0.0,0.0,0.0,0.0,0.0,0.0,0.0,0.0,0.0,Vincent,Marchetti,1997-07-04,29.23,2338.0,4.0,Midfielder,0,d3d1qks236pztzcqp3wdcc0l,8v00fx2zwhiwm05tqqkt122p5,Paris FC,Paris FC,Paris FC,PAR,209874,d3d1qks236pztzcqp3wdcc0l,2338,8v00fx2zwhiwm05tqqkt122p5
Vincent Sasso,73954.0,2.0,91.0,0.0,0.0,0.0,0.0,0.0,0.0,0.0,Vincent,Sasso,1991-02-16,35.61,141.0,23.0,Defender,Central Defender,3weuuu2vlyod9x7gnk2v9r1ed,23pqcgxu1tip265hbe01kszbt,Le Havre AC,Le Havre,Le Havre,HAC,5.0,62.664,4.0,44.1,0.0,0.0,0.0,0.0,12.533,11.025,2.0,1.0,6.0,0.0,4.0,4.0,2.0,50.0,3.0,2.0,66.667,,,,,,,,,,73954.0,91.0,2.0,0.0,0.0,0.0,0.0,0.01,0.01,0.0,0.0,Vincent,Sasso,1991-02-16,35.61,141.0,23.0,Defender,Central Defender,3weuuu2vlyod9x7gnk2v9r1ed,23pqcgxu1tip265hbe01kszbt,Le Havre AC,Le Havre,Le Havre,HAC,73954.0,91.0,2.0,56.0,48.0,85.71,11.0,9.0,81.82,0.0,0.0,0.0,0.0,0.0,0.0,Vincent,Sasso,1991-02-16,35.61,141.0,23.0,Defender,Central Defender,3weuuu2vlyod9x7gnk2v9r1ed,23pqcgxu1tip265hbe01kszbt,Le Havre AC,Le Havre,Le Havre,HAC,73954,3weuuu2vlyod9x7gnk2v9r1ed,141,23pqcgxu1tip265hbe01kszbt
Vitinha,437858.0,4.0,339.0,1.0,0.32,0.68,9.0,3.0,11.11,0.04,Vítor,Machado Ferreira,2000-02-13,26.61,149.0,17.0,Midfielder,Attacking Midfielder,cionsifzpx5rhc8es29wv6i95,2b3mar72yy8d6uvat1ka6tn3r,Paris Saint-Germain FC,Paris Saint-Germain,Paris SG,PSG,96.0,942.861,38.0,449.4,3.0,0.0,0.0,0.0,9.821,11.826,3.0,4.0,22.0,1.0,3.0,16.0,8.0,50.0,1.0,0.0,0.0,,,,,,,,,,437858.0,339.0,4.0,7.0,5.0,1.33,14.29,1.588,1.314,1.0,0.0,Vítor,Machado Ferreira,2000-02-13,26.61,149.0,17.0,Midfielder,Attacking Midfielder,cionsifzpx5rhc8es29wv6i95,2b3mar72yy8d6uvat1ka6tn3r,Paris Saint-Germain FC,Paris Saint-Germain,Paris SG,PSG,437858.0,339.0,4.0,393.0,362.0,92.11,139.0,117.0,84.17,1.0,0.0,0.0,3.0,1.0,33.33,Vítor,Machado Ferreira,2000-02-13,26.61,149.0,17.0,Midfielder,Attacking Midfielder,cionsifzpx5rhc8es29wv6i95,2b3mar72yy8d6uvat1ka6tn3r,Paris Saint-Germain FC,Paris Saint-Germain,Paris SG,PSG,437858,cionsifzpx5rhc8es29wv6i95,149,2b3mar72yy8d6uvat1ka6tn3r
Warren Zaïre-Emery,550840.0,4.0,291.0,0.0,0.66,-0.66,4.0,1.0,0.0,0.17,Warren,Zaïre-Emery,2006-03-08,20.55,149.0,33.0,Midfielder,0,2s2fzli5c7h9dfcertq2dwxec,2b3mar72yy8d6uvat1ka6tn3r,Paris Saint-Germain FC,Paris Saint-Germain,Paris SG,PSG,69.0,620.577,27.0,256.305,0.0,0.0,0.0,0.0,8.994,9.493,6.0,1.0,20.0,0.0,1.0,22.0,10.0,45.455,3.0,2.0,66.667,,,,,,,,,,550840.0,291.0,4.0,0.0,0.0,0.0,0.0,0.107,0.107,0.0,0.0,Warren,Zaïre-Emery,2006-03-08,20.55,149.0,33.0,Midfielder,0,2s2fzli5c7h9dfcertq2dwxec,2b3mar72yy8d6uvat1ka6tn3r,Paris Saint-Germain FC,Paris Saint-Germain,Paris SG,PSG,550840.0,291.0,4.0,247.0,230.0,93.12,54.0,48.0,88.89,4.0,0.0,0.0,0.0,0.0,0.0,Warren,Zaïre-Emery,2006-03-08,20.55,149.0,33.0,Midfielder,0,2s2fzli5c7h9dfcertq2dwxec,2b3mar72yy8d6uvat1ka6tn3r,Paris Saint-Germain FC,Paris Saint-Germain,Paris SG,PSG,550840,2s2fzli5c7h9dfcertq2dwxec,149,2b3mar72yy8d6uvat1ka6tn3r
William Harhouz,701214.0,1.0,18.0,0.0,0.0,0.0,0.0,0.0,0.0,0.0,William,Harhouz,1999-12-30,26.74,920.0,20.0,Forward,Striker,32nd7lq5vkljkz2mjuaabmxhw,bj8hrmj01r3zit0x8r6qm2eu2,Le Mans FC,Le Mans,Le Mans,LEM,0.0,0.0,0.0,0.0,0.0,0.0,0.0,0.0,0.0,0.0,0.0,0.0,0.0,0.0,1.0,1.0,0.0,0.0,5.0,2.0,40.0,,,,,,,,,,701214.0,18.0,1.0,0.0,0.0,0.0,0.0,0.0,0.0,0.0,0.0,William,Harhouz,1999-12-30,26.74,920.0,20.0,Forward,Striker,32nd7lq5vkljkz2mjuaabmxhw,bj8hrmj01r3zit0x8r6qm2eu2,Le Mans FC,Le Mans,Le Mans,LEM,701214.0,18.0,1.0,5.0,1.0,20.0,2.0,0.0,0.0,0.0,0.0,0.0,0.0,0.0,0.0,William,Harhouz,1999-12-30,26.74,920.0,20.0,Forward,Striker,32nd7lq5vkljkz2mjuaabmxhw,bj8hrmj01r3zit0x8r6qm2eu2,Le Mans FC,Le Mans,Le Mans,LEM,701214,32nd7lq5vkljkz2mjuaabmxhw,920,bj8hrmj01r3zit0x8r6qm2eu2
Willian Pacho,448102.0,4.0,360.0,0.0,0.05,-0.05,1.0,0.0,0.0,0.05,Willian,Pacho,2001-10-16,24.94,149.0,51.0,Defender,Central Defender,ecwzzrkn1snbua5yu4gehxm2,2b3mar72yy8d6uvat1ka6tn3r,Paris Saint-Germain FC,Paris Saint-Germain,Paris SG,PSG,42.0,417.314,19.0,180.39,0.0,0.0,0.0,0.0,9.936,9.494,9.0,4.0,21.0,2.0,7.0,12.0,10.0,83.333,14.0,6.0,42.857,,,,,,,,,,448102.0,360.0,4.0,0.0,0.0,0.0,0.0,0.047,0.047,0.0,0.0,Willian,Pacho,2001-10-16,24.94,149.0,51.0,Defender,Central Defender,ecwzzrkn1snbua5yu4gehxm2,2b3mar72yy8d6uvat1ka6tn3r,Paris Saint-Germain FC,Paris Saint-Germain,Paris SG,PSG,448102.0,360.0,4.0,263.0,254.0,96.58,15.0,13.0,86.67,0.0,0.0,0.0,0.0,0.0,0.0,Willian,Pacho,2001-10-16,24.94,149.0,51.0,Defender,Central Defender,ecwzzrkn1snbua5yu4gehxm2,2b3mar72yy8d6uvat1ka6tn3r,Paris Saint-Germain FC,Paris Saint-Germain,Paris SG,PSG,448102,ecwzzrkn1snbua5yu4gehxm2,149,2b3mar72yy8d6uvat1ka6tn3r
Xavier Mandza,672279.0,4.0,358.0,0.0,0.1,-0.1,4.0,1.0,0.0,0.03,Xavier,Mandza,2009-04-06,17.46,1395.0,35.0,Midfielder,Central Midfielder,1pm0n6c6ao1dp7vgcxelrcxzo,bx0cdmzr2gwr70ez72dorx82p,OGC Nice Côte d'Azur,Nice,Nice,NIC,81.0,793.859,38.0,304.71,1.0,0.0,1.0,0.0,9.801,8.019,8.0,8.0,31.0,1.0,16.0,19.0,10.0,52.632,9.0,7.0,77.778,,,,,,,,,,672279.0,358.0,4.0,4.0,4.0,1.23,0.0,0.119,0.118,0.0,0.0,Xavier,Mandza,2009-04-06,17.46,1395.0,35.0,Midfielder,Central Midfielder,1pm0n6c6ao1dp7vgcxelrcxzo,bx0cdmzr2gwr70ez72dorx82p,OGC Nice Côte d'Azur,Nice,Nice,NIC,672279.0,358.0,4.0,346.0,312.0,90.17,49.0,34.0,69.39,4.0,2.0,50.0,1.0,0.0,0.0,Xavier,Mandza,2009-04-06,17.46,1395.0,35.0,Midfielder,Central Midfielder,1pm0n6c6ao1dp7vgcxelrcxzo,bx0cdmzr2gwr70ez72dorx82p,OGC Nice Côte d'Azur,Nice,Nice,NIC,672279,1pm0n6c6ao1dp7vgcxelrcxzo,1395,bx0cdmzr2gwr70ez72dorx82p
Yacine Titraoui,562049.0,3.0,240.0,0.0,0.03,-0.03,1.0,0.0,0.0,0.03,Yacine,Titraoui,2003-07-26,23.16,142.0,8.0,Midfielder,Central Midfielder,i5s78vnnpjbs05skodkpk9hw,3xedluek08t2ka7oypwuullcn,Racing Club de Lens,Lens,Lens,RCL,38.0,404.649,14.0,152.67,0.0,0.0,0.0,0.0,10.649,10.905,9.0,4.0,20.0,0.0,2.0,25.0,15.0,60.0,2.0,1.0,50.0,,,,,,,,,,562049.0,240.0,3.0,0.0,0.0,0.0,0.0,0.11,0.11,0.0,0.0,Yacine,Titraoui,2003-07-26,23.16,142.0,8.0,Midfielder,Central Midfielder,i5s78vnnpjbs05skodkpk9hw,3xedluek08t2ka7oypwuullcn,Racing Club de Lens,Lens,Lens,RCL,562049.0,240.0,3.0,170.0,152.0,89.41,31.0,23.0,74.19,0.0,0.0,0.0,1.0,0.0,0.0,Yacine,Titraoui,2003-07-26,23.16,142.0,8.0,Midfielder,Central Midfielder,i5s78vnnpjbs05skodkpk9hw,3xedluek08t2ka7oypwuullcn,Racing Club de Lens,Lens,Lens,RCL,562049,i5s78vnnpjbs05skodkpk9hw,142,3xedluek08t2ka7oypwuullcn
Yacouba Koné,749559.0,4.0,24.0,0.0,0.02,-0.02,1.0,1.0,0.0,0.02,Yacouba,Koné,2007-06-21,19.26,154.0,39.0,Forward,Striker,8jnfa56mw9y4roefpbwz5zrbo,3unkqo2g6ag99gd5ynz1j7vse,Espérance Sportive Troyes Aube Champagne,Troyes,Troyes,TRO,1.0,6.445,0.0,-6.09,0.0,0.0,0.0,0.0,6.445,0.0,1.0,0.0,0.0,0.0,0.0,1.0,1.0,100.0,4.0,0.0,0.0,,,,,,,,,,749559.0,24.0,4.0,0.0,0.0,0.0,0.0,0.013,0.013,0.0,0.0,Yacouba,Koné,2007-06-21,19.26,154.0,39.0,Forward,Striker,8jnfa56mw9y4roefpbwz5zrbo,3unkqo2g6ag99gd5ynz1j7vse,Espérance Sportive Troyes Aube Champagne,Troyes,Troyes,TRO,749559.0,24.0,4.0,8.0,7.0,87.5,2.0,2.0,100.0,0.0,0.0,0.0,0.0,0.0,0.0,Yacouba,Koné,2007-06-21,19.26,154.0,39.0,Forward,Striker,8jnfa56mw9y4roefpbwz5zrbo,3unkqo2g6ag99gd5ynz1j7vse,Espérance Sportive Troyes Aube Champagne,Troyes,Troyes,TRO,749559,8jnfa56mw9y4roefpbwz5zrbo,154,3unkqo2g6ag99gd5ynz1j7vse
Yanis Zouaoui,628017.0,1.0,40.0,0.0,0.0,0.0,0.0,0.0,0.0,0.0,Yanis,Zouaoui,1998-04-28,28.41,141.0,18.0,Defender,Full Back,87kn93oiqdrpr8ybyi4wxkgoa,23pqcgxu1tip265hbe01kszbt,Le Havre AC,Le Havre,Le Havre,HAC,4.0,68.808,4.0,64.89,0.0,0.0,0.0,0.0,17.202,16.222,0.0,1.0,3.0,1.0,0.0,4.0,1.0,25.0,0.0,0.0,0.0,,,,,,,,,,628017.0,40.0,1.0,0.0,0.0,0.0,0.0,0.033,0.033,0.0,0.0,Yanis,Zouaoui,1998-04-28,28.41,141.0,18.0,Defender,Full Back,87kn93oiqdrpr8ybyi4wxkgoa,23pqcgxu1tip265hbe01kszbt,Le Havre AC,Le Havre,Le Havre,HAC,628017.0,40.0,1.0,9.0,8.0,88.89,2.0,2.0,100.0,3.0,1.0,33.33,0.0,0.0,0.0,Yanis,Zouaoui,1998-04-28,28.41,141.0,18.0,Defender,Full Back,87kn93oiqdrpr8ybyi4wxkgoa,23pqcgxu1tip265hbe01kszbt,Le Havre AC,Le Havre,Le Havre,HAC,628017,87kn93oiqdrpr8ybyi4wxkgoa,141,23pqcgxu1tip265hbe01kszbt
Yann Gboho,242893.0,2.0,170.0,0.0,0.32,-0.32,2.0,0.0,0.0,0.16,Yann,Gboho,2001-01-14,25.69,427.0,10.0,Forward,Attacking Midfielder,ez9zc94k1nj4qxjf2hrvj5dgq,4aghw9tyi8ba3ju1ne83gmf9w,Toulouse FC,Toulouse,Toulouse,TFC,33.0,421.708,19.0,227.115,1.0,0.0,3.0,0.0,12.779,11.953,0.0,2.0,10.0,0.0,2.0,22.0,9.0,40.909,0.0,0.0,0.0,,,,,,,,,,242893.0,170.0,2.0,4.0,4.0,5.77,0.0,0.248,0.248,1.0,1.0,Yann,Gboho,2001-01-14,25.69,427.0,10.0,Forward,Attacking Midfielder,ez9zc94k1nj4qxjf2hrvj5dgq,4aghw9tyi8ba3ju1ne83gmf9w,Toulouse FC,Toulouse,Toulouse,TFC,242893.0,170.0,2.0,52.0,45.0,86.54,29.0,24.0,82.76,2.0,0.0,0.0,1.0,1.0,100.0,Yann,Gboho,2001-01-14,25.69,427.0,10.0,Forward,Attacking Midfielder,ez9zc94k1nj4qxjf2hrvj5dgq,4aghw9tyi8ba3ju1ne83gmf9w,Toulouse FC,Toulouse,Toulouse,TFC,242893,ez9zc94k1nj4qxjf2hrvj5dgq,427,4aghw9tyi8ba3ju1ne83gmf9w
Yasser Larouci,432990.0,2.0,93.0,0.0,0.06,-0.06,2.0,1.0,0.0,0.03,Yasser,Larouci,2001-01-01,25.73,920.0,76.0,Defender,Full Back,577j49ffrxuurraco9chy388a,bj8hrmj01r3zit0x8r6qm2eu2,Le Mans FC,Le Mans,Le Mans,LEM,16.0,177.386,11.0,131.775,1.0,0.0,0.0,0.0,11.087,11.98,0.0,1.0,3.0,0.0,3.0,6.0,1.0,16.667,1.0,0.0,0.0,,,,,,,,,,432990.0,93.0,2.0,1.0,1.0,2.78,0.0,0.018,0.018,0.0,0.0,Yasser,Larouci,2001-01-01,25.73,920.0,76.0,Defender,Full Back,577j49ffrxuurraco9chy388a,bj8hrmj01r3zit0x8r6qm2eu2,Le Mans FC,Le Mans,Le Mans,LEM,432990.0,93.0,2.0,36.0,27.0,75.0,8.0,4.0,50.0,5.0,0.0,0.0,0.0,0.0,0.0,Yasser,Larouci,2001-01-01,25.73,920.0,76.0,Defender,Full Back,577j49ffrxuurraco9chy388a,bj8hrmj01r3zit0x8r6qm2eu2,Le Mans FC,Le Mans,Le Mans,LEM,432990,577j49ffrxuurraco9chy388a,920,bj8hrmj01r3zit0x8r6qm2eu2
Yassin Belkhdim,574193.0,4.0,355.0,0.0,0.07,-0.07,2.0,0.0,0.0,0.04,Yassin,Belkhdim,2002-02-14,24.61,2128.0,14.0,Midfielder,Central Midfielder,5vvhwzxwq395q3welimok3uqy,75qj99fhg5c0ztj2tva5u4uii,Angers Sporting Club de l'Ouest,Angers,Angers,SCO,24.0,217.303,8.0,90.615,0.0,0.0,0.0,0.0,9.054,11.327,10.0,6.0,9.0,1.0,5.0,29.0,14.0,48.276,3.0,0.0,0.0,,,,,,,,,,574193.0,355.0,4.0,4.0,4.0,3.03,0.0,0.098,0.098,0.0,0.0,Yassin,Belkhdim,2002-02-14,24.61,2128.0,14.0,Midfielder,Central Midfielder,5vvhwzxwq395q3welimok3uqy,75qj99fhg5c0ztj2tva5u4uii,Angers Sporting Club de l'Ouest,Angers,Angers,SCO,574193.0,355.0,4.0,135.0,118.0,87.41,28.0,23.0,82.14,8.0,3.0,37.5,0.0,0.0,0.0,Yassin,Belkhdim,2002-02-14,24.61,2128.0,14.0,Midfielder,Central Midfielder,5vvhwzxwq395q3welimok3uqy,75qj99fhg5c0ztj2tva5u4uii,Angers Sporting Club de l'Ouest,Angers,Angers,SCO,574193,5vvhwzxwq395q3welimok3uqy,2128,75qj99fhg5c0ztj2tva5u4uii
Yoan Koré,546199.0,0.0,0.0,0.0,0.0,0.0,0.0,0.0,0.0,0.0,Yoan,Koré,2004-11-16,21.85,2338.0,25.0,Defender,Central Defender,546199,8v00fx2zwhiwm05tqqkt122p5,Paris FC,Paris FC,Paris FC,PAR,0.0,0.0,0.0,0.0,0.0,0.0,0.0,0.0,0.0,0.0,0.0,0.0,0.0,0.0,0.0,0.0,0.0,0.0,0.0,0.0,0.0,,,,,,,,,,546199.0,0.0,0.0,0.0,0.0,0.0,0.0,0.0,0.0,0.0,0.0,Yoan,Koré,2004-11-16,21.85,2338.0,25.0,Defender,Central Defender,546199,8v00fx2zwhiwm05tqqkt122p5,Paris FC,Paris FC,Paris FC,PAR,546199.0,0.0,0.0,0.0,0.0,0.0,0.0,0.0,0.0,0.0,0.0,0.0,0.0,0.0,0.0,Yoan,Koré,2004-11-16,21.85,2338.0,25.0,Defender,Central Defender,546199,8v00fx2zwhiwm05tqqkt122p5,Paris FC,Paris FC,Paris FC,PAR,546199,546199,2338,8v00fx2zwhiwm05tqqkt122p5
Youssouf Ndayishimiye,420566.0,4.0,360.0,0.0,0.06,-0.06,1.0,0.0,0.0,0.06,Youssouf,Ndayishimiye,1998-10-27,27.91,1395.0,55.0,Midfielder,0,7c0y2e3949kvohxadzfbmct7t,bx0cdmzr2gwr70ez72dorx82p,OGC Nice Côte d'Azur,Nice,Nice,NIC,75.0,709.208,51.0,437.85,0.0,0.0,0.0,0.0,9.456,8.585,3.0,9.0,21.0,4.0,18.0,15.0,8.0,53.333,9.0,5.0,55.556,,,,,,,,,,420566.0,360.0,4.0,0.0,0.0,0.0,0.0,0.068,0.068,0.0,0.0,Youssouf,Ndayishimiye,1998-10-27,27.91,1395.0,55.0,Midfielder,0,7c0y2e3949kvohxadzfbmct7t,bx0cdmzr2gwr70ez72dorx82p,OGC Nice Côte d'Azur,Nice,Nice,NIC,420566.0,360.0,4.0,439.0,405.0,92.26,49.0,29.0,59.18,1.0,0.0,0.0,1.0,0.0,0.0,Youssouf,Ndayishimiye,1998-10-27,27.91,1395.0,55.0,Midfielder,0,7c0y2e3949kvohxadzfbmct7t,bx0cdmzr2gwr70ez72dorx82p,OGC Nice Côte d'Azur,Nice,Nice,NIC,420566,7c0y2e3949kvohxadzfbmct7t,1395,bx0cdmzr2gwr70ez72dorx82p
Yvann Titi,620415.0,1.0,55.0,0.0,0.01,-0.01,1.0,0.0,0.0,0.01,Yvann,Titi,2006-05-05,20.39,154.0,44.0,Defender,Full Back,etv71frsyado4q82acsax9n2s,3unkqo2g6ag99gd5ynz1j7vse,Espérance Sportive Troyes Aube Champagne,Troyes,Troyes,TRO,8.0,81.49,5.0,53.34,0.0,0.0,0.0,0.0,10.186,10.668,0.0,0.0,3.0,1.0,1.0,6.0,2.0,33.333,0.0,0.0,0.0,,,,,,,,,,620415.0,55.0,1.0,0.0,0.0,0.0,0.0,0.016,0.015,0.0,0.0,Yvann,Titi,2006-05-05,20.39,154.0,44.0,Defender,Full Back,etv71frsyado4q82acsax9n2s,3unkqo2g6ag99gd5ynz1j7vse,Espérance Sportive Troyes Aube Champagne,Troyes,Troyes,TRO,620415.0,55.0,1.0,34.0,30.0,88.24,13.0,9.0,69.23,4.0,1.0,25.0,0.0,0.0,0.0,Yvann,Titi,2006-05-05,20.39,154.0,44.0,Defender,Full Back,etv71frsyado4q82acsax9n2s,3unkqo2g6ag99gd5ynz1j7vse,Espérance Sportive Troyes Aube Champagne,Troyes,Troyes,TRO,620415,etv71frsyado4q82acsax9n2s,154,3unkqo2g6ag99gd5ynz1j7vse
Yvon Mvogo,,,,,,,,,,,,,,,,,,,,,,,,,,,,,,,,,,,,,,,,,,,,,,360.0,100.0,0.0,4.0,9.0,69.23,0.41,1.0,4.41,,,,,,,,,,,,,,,,,,,,,,,,,,,,,,,,,,,,,,,,,,,,,,,,,,,,,,,100952,6790uxmc1zs4emxtqf7vl6imt,694,70nn27vgkt6l48lvv5e66q7ww
Yéhvann Diouf,,,,,,,,,,,,,,,,,,,,,,,,,,,,,,,,,,,,,,,,,,,,,,360.0,100.0,0.0,5.0,9.0,64.29,-0.64,0.8,4.36,,,,,,,,,,,,,,,,,,,,,,,,,,,,,,,,,,,,,,,,,,,,,,,,,,,,,,,231875,89sv092huj2obzdazmft854a1,1395,bx0cdmzr2gwr70ez72dorx82p
Zachary Athekame,622748.0,4.0,360.0,1.0,0.1,0.9,2.0,1.0,50.0,0.05,Zachary,Athekame,2004-12-13,21.78,143.0,13.0,Defender,Full Back,ac6r3yi7rzqlcih7qw86jsro4,121le8unjfzug3iu9pgkqa1c7,Lyon,Olympique Lyonnais,Lyon,OL,50.0,682.464,36.0,514.29,0.0,0.0,2.0,0.0,13.649,14.286,12.0,2.0,18.0,0.0,14.0,32.0,18.0,56.25,3.0,1.0,33.333,,,,,,,,,,622748.0,360.0,4.0,5.0,4.0,2.27,0.0,0.773,0.768,1.0,0.0,Zachary,Athekame,2004-12-13,21.78,143.0,13.0,Defender,Full Back,ac6r3yi7rzqlcih7qw86jsro4,121le8unjfzug3iu9pgkqa1c7,Lyon,Olympique Lyonnais,Lyon,OL,622748.0,360.0,4.0,187.0,157.0,83.96,55.0,42.0,76.36,20.0,5.0,25.0,1.0,0.0,0.0,Zachary,Athekame,2004-12-13,21.78,143.0,13.0,Defender,Full Back,ac6r3yi7rzqlcih7qw86jsro4,121le8unjfzug3iu9pgkqa1c7,Lyon,Olympique Lyonnais,Lyon,OL,622748,ac6r3yi7rzqlcih7qw86jsro4,143,121le8unjfzug3iu9pgkqa1c7
Zoumana Diallo,578498.0,1.0,60.0,0.0,0.01,-0.01,1.0,0.0,0.0,0.01,Zoumana,Diallo,2005-02-02,21.64,1395.0,44.0,Forward,0,z09ing18tkgqtubdfw4c43dg,bx0cdmzr2gwr70ez72dorx82p,OGC Nice Côte d'Azur,Nice,Nice,NIC,1.0,8.81,0.0,-8.715,0.0,0.0,0.0,0.0,8.81,0.0,0.0,0.0,0.0,0.0,1.0,4.0,0.0,0.0,5.0,2.0,40.0,,,,,,,,,,578498.0,60.0,1.0,0.0,0.0,0.0,0.0,0.019,0.019,0.0,0.0,Zoumana,Diallo,2005-02-02,21.64,1395.0,44.0,Forward,0,z09ing18tkgqtubdfw4c43dg,bx0cdmzr2gwr70ez72dorx82p,OGC Nice Côte d'Azur,Nice,Nice,NIC,578498.0,60.0,1.0,15.0,13.0,86.67,10.0,8.0,80.0,0.0,0.0,0.0,0.0,0.0,0.0,Zoumana,Diallo,2005-02-02,21.64,1395.0,44.0,Forward,0,z09ing18tkgqtubdfw4c43dg,bx0cdmzr2gwr70ez72dorx82p,OGC Nice Côte d'Azur,Nice,Nice,NIC,578498,z09ing18tkgqtubdfw4c43dg,1395,bx0cdmzr2gwr70ez72dorx82p
