player,attack_player_id,attack_apps,attack_mins_played,attack_goals,attack_xg,attack_goals_vs_xg,attack_shots,attack_shots_on_target,attack_shot_conv,attack_xg_per_shot,attack_first_name,attack_last_name,attack_date_of_birth,attack_age,attack_team_id,attack_shirt_number,attack_squad_position,attack_squad_position_detailed,attack_player_uuid,attack_team_uuid,attack_contestantName,attack_contestantClubName,attack_contestantShortName,attack_contestantCode,carries_carries,carries_carry_distance,carries_progressive_carries,carries_progressive_distance,carries_shot_ending,carries_goal_ending,carries_chance_ending,carries_assist_ending,carries_dist_per_carry,carries_dist_per_progressive_carry,defending_tackles,defending_interceptions,defending_recoveries,defending_blocks,defending_clearances,defending_ground_duels,defending_ground_duels_won,defending_ground_duel_perc,defending_aerial_duels,defending_aerial_duels_won,defending_aerial_duel_perc,goalkeeping_team_mins,goalkeeping_team_mins_perc,goalkeeping_ogs,goalkeeping_goals_conceded,goalkeeping_saves_made,goalkeeping_save_perc,goalkeeping_goals_prevented,goalkeeping_goals_prevented_rate,goalkeeping_xgot_conceded,possession_chanceCreation_player_id,possession_chanceCreation_mins_played,possession_chanceCreation_apps,possession_chanceCreation_chances_created,possession_chanceCreation_op_chances_created,possession_chanceCreation_chances_per_100_pass,possession_chanceCreation_chances_sp_op_ratio,possession_chanceCreation_xa,possession_chanceCreation_op_xa,possession_chanceCreation_assists,possession_chanceCreation_op_assists,possession_chanceCreation_first_name,possession_chanceCreation_last_name,possession_chanceCreation_date_of_birth,possession_chanceCreation_age,possession_chanceCreation_team_id,possession_chanceCreation_shirt_number,possession_chanceCreation_squad_position,possession_chanceCreation_squad_position_detailed,possession_chanceCreation_player_uuid,possession_chanceCreation_team_uuid,possession_chanceCreation_contestantName,possession_chanceCreation_contestantClubName,possession_chanceCreation_contestantShortName,possession_chanceCreation_contestantCode,possession_passing_player_id,possession_passing_mins_played,possession_passing_apps,possession_passing_passes,possession_passing_successful_passes,possession_passing_pass_perc,possession_passing_total_final_third_passes,possession_passing_successful_final_third_passes,possession_passing_ft_pass_perc,possession_passing_op_crosses,possession_passing_successful_op_crosses,possession_passing_cross_perc,possession_passing_through_balls,possession_passing_successful_through_balls,possession_passing_through_ball_perc,possession_passing_first_name,possession_passing_last_name,possession_passing_date_of_birth,possession_passing_age,possession_passing_team_id,possession_passing_shirt_number,possession_passing_squad_position,possession_passing_squad_position_detailed,possession_passing_player_uuid,possession_passing_team_uuid,possession_passing_contestantName,possession_passing_contestantClubName,possession_passing_contestantShortName,possession_passing_contestantCode,opta_player_id,opta_player_uuid,opta_team_id,opta_team_uuid
Aaron Mayol,720320.0,1.0,90.0,0.0,0.0,0.0,0.0,0.0,0.0,0.0,Aaron,Mayol,2008-03-04,18.55,191.0,33.0,Defender,0,7opmymnodcrwcort5muqwq5g4,ba5e91hjacvma2sjvixn00pjo,Valencia CF,Valencia,Valencia,VAL,13.0,151.603,8.0,70.035,0.0,0.0,0.0,0.0,11.662,8.754,1.0,3.0,6.0,0.0,1.0,8.0,2.0,25.0,1.0,0.0,0.0,,,,,,,,,,720320.0,90.0,1.0,0.0,0.0,0.0,0.0,0.018,0.018,0.0,0.0,Aaron,Mayol,2008-03-04,18.55,191.0,33.0,Defender,0,7opmymnodcrwcort5muqwq5g4,ba5e91hjacvma2sjvixn00pjo,Valencia CF,Valencia,Valencia,VAL,720320.0,90.0,1.0,42.0,36.0,85.71,9.0,8.0,88.89,0.0,0.0,0.0,0.0,0.0,0.0,Aaron,Mayol,2008-03-04,18.55,191.0,33.0,Defender,0,7opmymnodcrwcort5muqwq5g4,ba5e91hjacvma2sjvixn00pjo,Valencia CF,Valencia,Valencia,VAL,720320,7opmymnodcrwcort5muqwq5g4,191,ba5e91hjacvma2sjvixn00pjo
Aarón Martín,234369.0,2.0,91.0,0.0,0.0,0.0,0.0,0.0,0.0,0.0,Aarón,Martín,1997-04-22,29.43,189.0,3.0,Defender,Full Back,eh9sh9aa10zrp80l6e4l0c7h1,bzkwzatvwahmbzok1ymm5vqa1,Real Racing Club,Racing de Santander,Santander,RAC,5.0,75.239,3.0,54.705,0.0,0.0,0.0,0.0,15.048,18.235,1.0,2.0,2.0,0.0,1.0,10.0,3.0,30.0,2.0,1.0,50.0,,,,,,,,,,234369.0,91.0,2.0,1.0,0.0,0.0,100.0,0.119,0.073,0.0,0.0,Aarón,Martín,1997-04-22,29.43,189.0,3.0,Defender,Full Back,eh9sh9aa10zrp80l6e4l0c7h1,bzkwzatvwahmbzok1ymm5vqa1,Real Racing Club,Racing de Santander,Santander,RAC,234369.0,91.0,2.0,27.0,21.0,77.78,7.0,6.0,85.71,0.0,0.0,0.0,0.0,0.0,0.0,Aarón,Martín,1997-04-22,29.43,189.0,3.0,Defender,Full Back,eh9sh9aa10zrp80l6e4l0c7h1,bzkwzatvwahmbzok1ymm5vqa1,Real Racing Club,Racing de Santander,Santander,RAC,234369,eh9sh9aa10zrp80l6e4l0c7h1,189,bzkwzatvwahmbzok1ymm5vqa1
Abde Ezzalzouli,500745.0,3.0,154.0,1.0,0.6,0.4,4.0,2.0,25.0,0.15,Abde,Ezzalzouli,2001-12-17,24.77,185.0,10.0,Forward,Winger,96cbv23es0gucmd2v0qvk3iwa,ah8dala7suqqkj04n2l8xz4zd,Real Betis Balompié,Real Betis,Betis,BET,31.0,450.244,15.0,152.985,2.0,0.0,5.0,0.0,14.524,10.199,1.0,0.0,3.0,0.0,1.0,15.0,8.0,53.333,2.0,0.0,0.0,,,,,,,,,,500745.0,154.0,3.0,5.0,5.0,7.46,0.0,0.722,0.721,0.0,0.0,Abde,Ezzalzouli,2001-12-17,24.77,185.0,10.0,Forward,Winger,96cbv23es0gucmd2v0qvk3iwa,ah8dala7suqqkj04n2l8xz4zd,Real Betis Balompié,Real Betis,Betis,BET,500745.0,154.0,3.0,69.0,63.0,91.3,33.0,29.0,87.88,9.0,0.0,0.0,0.0,0.0,0.0,Abde,Ezzalzouli,2001-12-17,24.77,185.0,10.0,Forward,Winger,96cbv23es0gucmd2v0qvk3iwa,ah8dala7suqqkj04n2l8xz4zd,Real Betis Balompié,Real Betis,Betis,BET,500745,96cbv23es0gucmd2v0qvk3iwa,185,ah8dala7suqqkj04n2l8xz4zd
Abde Rebbach,586866.0,6.0,496.0,0.0,0.16,-0.16,5.0,3.0,0.0,0.03,Abde,Rebbach,1998-08-11,28.12,173.0,21.0,Forward,Winger,1ttc96b92xjfx1ta3vdwya0dm,4dtdjgnpdq9uw4sdutti0vaar,Deportivo Alavés,Alavés,Alavés,ALA,60.0,841.587,36.0,555.345,2.0,0.0,0.0,0.0,14.026,15.426,15.0,9.0,21.0,0.0,8.0,52.0,28.0,53.846,8.0,6.0,75.0,,,,,,,,,,586866.0,496.0,6.0,0.0,0.0,0.0,0.0,0.112,0.102,0.0,0.0,Abde,Rebbach,1998-08-11,28.12,173.0,21.0,Forward,Winger,1ttc96b92xjfx1ta3vdwya0dm,4dtdjgnpdq9uw4sdutti0vaar,Deportivo Alavés,Alavés,Alavés,ALA,586866.0,496.0,6.0,140.0,111.0,79.29,42.0,27.0,64.29,15.0,1.0,6.67,0.0,0.0,0.0,Abde,Rebbach,1998-08-11,28.12,173.0,21.0,Forward,Winger,1ttc96b92xjfx1ta3vdwya0dm,4dtdjgnpdq9uw4sdutti0vaar,Deportivo Alavés,Alavés,Alavés,ALA,586866,1ttc96b92xjfx1ta3vdwya0dm,173,4dtdjgnpdq9uw4sdutti0vaar
Abdel Abqar,463001.0,2.0,91.0,0.0,0.0,0.0,0.0,0.0,0.0,0.0,Abdel,Abqar,1999-03-10,27.55,1450.0,5.0,Defender,Central Defender,br4wylyaeqyxoss5of7r51boq,1n1j0wsl763lq7ee1k0c11c02,Getafe CF,Getafe,Getafe,GET,10.0,86.881,4.0,49.77,0.0,0.0,0.0,0.0,8.688,12.442,2.0,1.0,1.0,1.0,8.0,4.0,3.0,75.0,1.0,1.0,100.0,,,,,,,,,,463001.0,91.0,2.0,0.0,0.0,0.0,0.0,0.002,0.001,0.0,0.0,Abdel,Abqar,1999-03-10,27.55,1450.0,5.0,Defender,Central Defender,br4wylyaeqyxoss5of7r51boq,1n1j0wsl763lq7ee1k0c11c02,Getafe CF,Getafe,Getafe,GET,463001.0,91.0,2.0,32.0,22.0,68.75,10.0,2.0,20.0,0.0,0.0,0.0,0.0,0.0,0.0,Abdel,Abqar,1999-03-10,27.55,1450.0,5.0,Defender,Central Defender,br4wylyaeqyxoss5of7r51boq,1n1j0wsl763lq7ee1k0c11c02,Getafe CF,Getafe,Getafe,GET,463001,br4wylyaeqyxoss5of7r51boq,1450,1n1j0wsl763lq7ee1k0c11c02
Abdoulaye Faye,631935.0,1.0,45.0,0.0,0.0,0.0,0.0,0.0,0.0,0.0,Abdoulaye,Faye,2004-09-22,22.0,176.0,4.0,Defender,Central Defender,8h4jv2n2b8w3hmn4oec3tvevo,6f27yvbqcngegwsg2ozxxdj4,Real Club Celta de Vigo,Celta de Vigo,Celta,CEL,4.0,26.731,1.0,-1.89,0.0,0.0,0.0,0.0,6.683,-1.89,1.0,1.0,2.0,0.0,6.0,3.0,1.0,33.333,0.0,0.0,0.0,,,,,,,,,,631935.0,45.0,1.0,0.0,0.0,0.0,0.0,0.002,0.002,0.0,0.0,Abdoulaye,Faye,2004-09-22,22.0,176.0,4.0,Defender,Central Defender,8h4jv2n2b8w3hmn4oec3tvevo,6f27yvbqcngegwsg2ozxxdj4,Real Club Celta de Vigo,Celta de Vigo,Celta,CEL,631935.0,45.0,1.0,33.0,32.0,96.97,2.0,2.0,100.0,0.0,0.0,0.0,0.0,0.0,0.0,Abdoulaye,Faye,2004-09-22,22.0,176.0,4.0,Defender,Central Defender,8h4jv2n2b8w3hmn4oec3tvevo,6f27yvbqcngegwsg2ozxxdj4,Real Club Celta de Vigo,Celta de Vigo,Celta,CEL,631935,8h4jv2n2b8w3hmn4oec3tvevo,176,6f27yvbqcngegwsg2ozxxdj4
Abel Bretones,498594.0,6.0,495.0,0.0,0.03,-0.03,2.0,0.0,0.0,0.02,Abel,Bretones,2000-08-21,26.09,450.0,23.0,Defender,Full Back,bvs3rixmobb9gje6kfvhgb52i,2l0ldgiwsgb8d6y3z0sfgjzyj,CA Osasuna,Osasuna,Osasuna,OSA,61.0,786.547,35.0,433.86,1.0,0.0,2.0,0.0,12.894,12.396,12.0,3.0,27.0,1.0,9.0,42.0,17.0,40.476,13.0,6.0,46.154,,,,,,,,,,498594.0,495.0,6.0,3.0,3.0,1.73,0.0,0.381,0.378,0.0,0.0,Abel,Bretones,2000-08-21,26.09,450.0,23.0,Defender,Full Back,bvs3rixmobb9gje6kfvhgb52i,2l0ldgiwsgb8d6y3z0sfgjzyj,CA Osasuna,Osasuna,Osasuna,OSA,498594.0,495.0,6.0,177.0,145.0,81.92,56.0,43.0,76.79,11.0,2.0,18.18,0.0,0.0,0.0,Abel,Bretones,2000-08-21,26.09,450.0,23.0,Defender,Full Back,bvs3rixmobb9gje6kfvhgb52i,2l0ldgiwsgb8d6y3z0sfgjzyj,CA Osasuna,Osasuna,Osasuna,OSA,498594,bvs3rixmobb9gje6kfvhgb52i,450,2l0ldgiwsgb8d6y3z0sfgjzyj
Abiel Osorio,572662.0,3.0,146.0,1.0,1.05,-0.05,7.0,2.0,14.29,0.15,Abiel,Osorio,2002-06-13,24.28,954.0,24.0,Forward,Striker,40hne98fb2349zcfyoh1lcg7o,4yg9ttzw0m51048doksv8uq5r,Elche CF,Elche,Elche,ELC,6.0,46.37,2.0,12.18,0.0,0.0,0.0,0.0,7.728,6.09,0.0,2.0,2.0,0.0,3.0,12.0,4.0,33.333,5.0,1.0,20.0,,,,,,,,,,572662.0,146.0,3.0,2.0,2.0,10.53,0.0,0.044,0.044,0.0,0.0,Abiel,Osorio,2002-06-13,24.28,954.0,24.0,Forward,Striker,40hne98fb2349zcfyoh1lcg7o,4yg9ttzw0m51048doksv8uq5r,Elche CF,Elche,Elche,ELC,572662.0,146.0,3.0,22.0,18.0,81.82,7.0,4.0,57.14,0.0,0.0,0.0,0.0,0.0,0.0,Abiel,Osorio,2002-06-13,24.28,954.0,24.0,Forward,Striker,40hne98fb2349zcfyoh1lcg7o,4yg9ttzw0m51048doksv8uq5r,Elche CF,Elche,Elche,ELC,572662,40hne98fb2349zcfyoh1lcg7o,954,4yg9ttzw0m51048doksv8uq5r
Adam Aznou,499300.0,0.0,0.0,0.0,0.0,0.0,0.0,0.0,0.0,0.0,Adam,Aznou,2006-06-02,20.31,182.0,39.0,Defender,Full Back,499300,7012hpp3p5vg4fzyn3h0yvf09,Málaga CF,Málaga,Málaga,MAL,0.0,0.0,0.0,0.0,0.0,0.0,0.0,0.0,0.0,0.0,0.0,0.0,0.0,0.0,0.0,0.0,0.0,0.0,0.0,0.0,0.0,,,,,,,,,,499300.0,0.0,0.0,0.0,0.0,0.0,0.0,0.0,0.0,0.0,0.0,Adam,Aznou,2006-06-02,20.31,182.0,39.0,Defender,Full Back,499300,7012hpp3p5vg4fzyn3h0yvf09,Málaga CF,Málaga,Málaga,MAL,499300.0,0.0,0.0,0.0,0.0,0.0,0.0,0.0,0.0,0.0,0.0,0.0,0.0,0.0,0.0,Adam,Aznou,2006-06-02,20.31,182.0,39.0,Defender,Full Back,499300,7012hpp3p5vg4fzyn3h0yvf09,Málaga CF,Málaga,Málaga,MAL,499300,499300,182,7012hpp3p5vg4fzyn3h0yvf09
Adama Boiro,629738.0,1.0,20.0,0.0,0.0,0.0,0.0,0.0,0.0,0.0,Adama,Boiro,2002-06-22,24.26,174.0,19.0,Defender,Full Back,5ayo0fp6wod7cqg71e38zdz4k,3czravw89omgc9o4s0w3l1bg5,Athletic Club,Athletic Club,Athletic,ATH,1.0,22.757,1.0,21.42,0.0,0.0,0.0,0.0,22.757,21.42,0.0,1.0,2.0,0.0,1.0,2.0,1.0,50.0,1.0,0.0,0.0,,,,,,,,,,629738.0,20.0,1.0,0.0,0.0,0.0,0.0,0.002,0.002,0.0,0.0,Adama,Boiro,2002-06-22,24.26,174.0,19.0,Defender,Full Back,5ayo0fp6wod7cqg71e38zdz4k,3czravw89omgc9o4s0w3l1bg5,Athletic Club,Athletic Club,Athletic,ATH,629738.0,20.0,1.0,8.0,7.0,87.5,3.0,2.0,66.67,0.0,0.0,0.0,0.0,0.0,0.0,Adama,Boiro,2002-06-22,24.26,174.0,19.0,Defender,Full Back,5ayo0fp6wod7cqg71e38zdz4k,3czravw89omgc9o4s0w3l1bg5,Athletic Club,Athletic Club,Athletic,ATH,629738,5ayo0fp6wod7cqg71e38zdz4k,174,3czravw89omgc9o4s0w3l1bg5
Adama Timera,720618.0,0.0,0.0,0.0,0.0,0.0,0.0,0.0,0.0,0.0,Adama,Timera,2005-04-09,21.46,177.0,27.0,Defender,Central Defender,720618,c8llrezkm3b3op4afrou6b487,Reial Club Deportiu Espanyol de Barcelona,Espanyol,Espanyol,ESP,0.0,0.0,0.0,0.0,0.0,0.0,0.0,0.0,0.0,0.0,0.0,0.0,0.0,0.0,0.0,0.0,0.0,0.0,0.0,0.0,0.0,,,,,,,,,,720618.0,0.0,0.0,0.0,0.0,0.0,0.0,0.0,0.0,0.0,0.0,Adama,Timera,2005-04-09,21.46,177.0,27.0,Defender,Central Defender,720618,c8llrezkm3b3op4afrou6b487,Reial Club Deportiu Espanyol de Barcelona,Espanyol,Espanyol,ESP,720618.0,0.0,0.0,0.0,0.0,0.0,0.0,0.0,0.0,0.0,0.0,0.0,0.0,0.0,0.0,Adama,Timera,2005-04-09,21.46,177.0,27.0,Defender,Central Defender,720618,c8llrezkm3b3op4afrou6b487,Reial Club Deportiu Espanyol de Barcelona,Espanyol,Espanyol,ESP,720618,720618,177,c8llrezkm3b3op4afrou6b487
Adama Traoré,159533.0,3.0,97.0,0.0,0.0,0.0,0.0,0.0,0.0,0.0,Adama,Traoré,1996-01-25,30.67,180.0,24.0,Forward,Winger,e83zd56y74k8uecxqyo5xw7v9,1r541mega6d838hi0p44sv0h2,RC Deportivo de A Coruña,Deportivo de A Coruña,Deportivo,DEP,25.0,437.465,14.0,194.25,0.0,0.0,0.0,0.0,17.499,13.875,0.0,0.0,6.0,0.0,0.0,20.0,10.0,50.0,1.0,1.0,100.0,,,,,,,,,,159533.0,97.0,3.0,0.0,0.0,0.0,0.0,0.023,0.023,0.0,0.0,Adama,Traoré,1996-01-25,30.67,180.0,24.0,Forward,Winger,e83zd56y74k8uecxqyo5xw7v9,1r541mega6d838hi0p44sv0h2,RC Deportivo de A Coruña,Deportivo de A Coruña,Deportivo,DEP,159533.0,97.0,3.0,30.0,25.0,83.33,7.0,6.0,85.71,8.0,0.0,0.0,0.0,0.0,0.0,Adama,Traoré,1996-01-25,30.67,180.0,24.0,Forward,Winger,e83zd56y74k8uecxqyo5xw7v9,1r541mega6d838hi0p44sv0h2,RC Deportivo de A Coruña,Deportivo de A Coruña,Deportivo,DEP,159533,e83zd56y74k8uecxqyo5xw7v9,180,1r541mega6d838hi0p44sv0h2
Ademola Lookman,219352.0,6.0,437.0,1.0,1.17,-0.17,10.0,3.0,10.0,0.12,Ademola,Lookman,1997-10-20,28.93,175.0,11.0,Forward,Winger,8d04q3yp2kouwog0lj0s7ew2x,4ku8o6uf87yd8iecdalipo6wd,Club Atlético de Madrid,Atlético de Madrid,Atlético,ATM,43.0,420.277,21.0,122.955,1.0,0.0,1.0,0.0,9.774,5.855,4.0,0.0,9.0,0.0,0.0,42.0,15.0,35.714,1.0,0.0,0.0,,,,,,,,,,219352.0,437.0,6.0,10.0,10.0,7.87,0.0,0.521,0.521,0.0,0.0,Ademola,Lookman,1997-10-20,28.93,175.0,11.0,Forward,Winger,8d04q3yp2kouwog0lj0s7ew2x,4ku8o6uf87yd8iecdalipo6wd,Club Atlético de Madrid,Atlético de Madrid,Atlético,ATM,219352.0,437.0,6.0,129.0,106.0,82.17,61.0,50.0,81.97,4.0,1.0,25.0,1.0,0.0,0.0,Ademola,Lookman,1997-10-20,28.93,175.0,11.0,Forward,Winger,8d04q3yp2kouwog0lj0s7ew2x,4ku8o6uf87yd8iecdalipo6wd,Club Atlético de Madrid,Atlético de Madrid,Atlético,ATM,219352,8d04q3yp2kouwog0lj0s7ew2x,175,4ku8o6uf87yd8iecdalipo6wd
Adrià Alti,465599.0,4.0,240.0,0.0,0.0,0.0,0.0,0.0,0.0,0.0,Adrià,Alti,2001-03-28,25.49,180.0,2.0,Defender,Full Back,9p87liko3b1jjpjmi19135y0a,1r541mega6d838hi0p44sv0h2,RC Deportivo de A Coruña,Deportivo de A Coruña,Deportivo,DEP,14.0,135.311,7.0,69.72,0.0,0.0,0.0,0.0,9.665,9.96,6.0,2.0,10.0,1.0,4.0,22.0,10.0,45.455,4.0,3.0,75.0,,,,,,,,,,465599.0,240.0,4.0,1.0,1.0,1.27,0.0,0.069,0.043,0.0,0.0,Adrià,Alti,2001-03-28,25.49,180.0,2.0,Defender,Full Back,9p87liko3b1jjpjmi19135y0a,1r541mega6d838hi0p44sv0h2,RC Deportivo de A Coruña,Deportivo de A Coruña,Deportivo,DEP,465599.0,240.0,4.0,81.0,71.0,87.65,22.0,17.0,77.27,4.0,1.0,25.0,0.0,0.0,0.0,Adrià,Alti,2001-03-28,25.49,180.0,2.0,Defender,Full Back,9p87liko3b1jjpjmi19135y0a,1r541mega6d838hi0p44sv0h2,RC Deportivo de A Coruña,Deportivo de A Coruña,Deportivo,DEP,465599,9p87liko3b1jjpjmi19135y0a,180,1r541mega6d838hi0p44sv0h2
Adrià Pedrosa,446990.0,4.0,308.0,1.0,0.14,0.86,4.0,2.0,25.0,0.04,Adrià,Pedrosa,1998-05-13,28.37,184.0,17.0,Defender,Full Back,8rprxly1blrhq9cwhfqoheeax,3budh3j9xivsid3ptm8ptpy4k,Rayo Vallecano de Madrid,Rayo Vallecano,Rayo,RAY,38.0,464.458,26.0,302.295,1.0,1.0,5.0,0.0,12.223,11.627,6.0,2.0,9.0,0.0,7.0,30.0,14.0,46.667,2.0,2.0,100.0,,,,,,,,,,446990.0,308.0,4.0,7.0,7.0,7.61,0.0,0.729,0.726,0.0,0.0,Adrià,Pedrosa,1998-05-13,28.37,184.0,17.0,Defender,Full Back,8rprxly1blrhq9cwhfqoheeax,3budh3j9xivsid3ptm8ptpy4k,Rayo Vallecano de Madrid,Rayo Vallecano,Rayo,RAY,446990.0,308.0,4.0,97.0,78.0,80.41,32.0,21.0,65.63,8.0,3.0,37.5,1.0,0.0,0.0,Adrià,Pedrosa,1998-05-13,28.37,184.0,17.0,Defender,Full Back,8rprxly1blrhq9cwhfqoheeax,3budh3j9xivsid3ptm8ptpy4k,Rayo Vallecano de Madrid,Rayo Vallecano,Rayo,RAY,446990,8rprxly1blrhq9cwhfqoheeax,184,3budh3j9xivsid3ptm8ptpy4k
Adrián Niño,593196.0,2.0,52.0,1.0,0.43,0.57,4.0,1.0,25.0,0.11,Adrián,Niño,2004-06-19,22.26,182.0,21.0,Forward,Striker,nyirn5d30yz5jwo74a3pyj8,7012hpp3p5vg4fzyn3h0yvf09,Málaga CF,Málaga,Málaga,MAL,2.0,32.053,1.0,6.615,0.0,0.0,0.0,0.0,16.026,6.615,0.0,0.0,0.0,0.0,0.0,2.0,1.0,50.0,6.0,1.0,16.667,,,,,,,,,,593196.0,52.0,2.0,1.0,1.0,33.33,0.0,0.002,0.002,0.0,0.0,Adrián,Niño,2004-06-19,22.26,182.0,21.0,Forward,Striker,nyirn5d30yz5jwo74a3pyj8,7012hpp3p5vg4fzyn3h0yvf09,Málaga CF,Málaga,Málaga,MAL,593196.0,52.0,2.0,4.0,4.0,100.0,1.0,1.0,100.0,0.0,0.0,0.0,0.0,0.0,0.0,Adrián,Niño,2004-06-19,22.26,182.0,21.0,Forward,Striker,nyirn5d30yz5jwo74a3pyj8,7012hpp3p5vg4fzyn3h0yvf09,Málaga CF,Málaga,Málaga,MAL,593196,nyirn5d30yz5jwo74a3pyj8,182,7012hpp3p5vg4fzyn3h0yvf09
Adrián de la Fuente,437808.0,5.0,431.0,1.0,0.46,0.54,7.0,2.0,14.29,0.07,Adrián,de la Fuente,1999-02-26,27.58,855.0,4.0,Defender,Central Defender,49230s4p4daocrftccqqbeqjt,4grc9qgcvusllap8h5j6gc5h5,Levante UD,Levante,Levante,LEV,63.0,682.608,42.0,493.08,1.0,0.0,0.0,0.0,10.835,11.74,4.0,4.0,19.0,1.0,22.0,19.0,10.0,52.632,9.0,4.0,44.444,,,,,,,,,,437808.0,431.0,5.0,2.0,2.0,0.78,0.0,0.928,0.733,0.0,0.0,Adrián,de la Fuente,1999-02-26,27.58,855.0,4.0,Defender,Central Defender,49230s4p4daocrftccqqbeqjt,4grc9qgcvusllap8h5j6gc5h5,Levante UD,Levante,Levante,LEV,437808.0,431.0,5.0,267.0,221.0,82.77,68.0,38.0,55.88,7.0,1.0,14.29,3.0,2.0,66.67,Adrián,de la Fuente,1999-02-26,27.58,855.0,4.0,Defender,Central Defender,49230s4p4daocrftccqqbeqjt,4grc9qgcvusllap8h5j6gc5h5,Levante UD,Levante,Levante,LEV,437808,49230s4p4daocrftccqqbeqjt,855,4grc9qgcvusllap8h5j6gc5h5
Aihen Muñoz,472145.0,1.0,18.0,0.0,0.0,0.0,0.0,0.0,0.0,0.0,Aihen,Muñoz,1997-08-16,29.11,188.0,3.0,Defender,Wing Back,bj929w5yi7lnz36jxsi5qnq7e,63f5h8t5e9qm1fqmvfkb23ghh,Real Sociedad de Fútbol,Real Sociedad,Real Sociedad,RSO,3.0,25.264,3.0,21.525,0.0,0.0,0.0,0.0,8.421,7.175,2.0,0.0,0.0,1.0,0.0,2.0,2.0,100.0,0.0,0.0,0.0,,,,,,,,,,472145.0,18.0,1.0,0.0,0.0,0.0,0.0,0.017,0.017,0.0,0.0,Aihen,Muñoz,1997-08-16,29.11,188.0,3.0,Defender,Wing Back,bj929w5yi7lnz36jxsi5qnq7e,63f5h8t5e9qm1fqmvfkb23ghh,Real Sociedad de Fútbol,Real Sociedad,Real Sociedad,RSO,472145.0,18.0,1.0,7.0,6.0,85.71,2.0,1.0,50.0,2.0,1.0,50.0,0.0,0.0,0.0,Aihen,Muñoz,1997-08-16,29.11,188.0,3.0,Defender,Wing Back,bj929w5yi7lnz36jxsi5qnq7e,63f5h8t5e9qm1fqmvfkb23ghh,Real Sociedad de Fútbol,Real Sociedad,Real Sociedad,RSO,472145,bj929w5yi7lnz36jxsi5qnq7e,188,63f5h8t5e9qm1fqmvfkb23ghh
Aimar Blázquez,609616.0,0.0,0.0,0.0,0.0,0.0,0.0,0.0,0.0,0.0,Aimar,Blázquez,2006-03-19,20.52,191.0,37.0,Forward,Striker,609616,ba5e91hjacvma2sjvixn00pjo,Valencia CF,Valencia,Valencia,VAL,0.0,0.0,0.0,0.0,0.0,0.0,0.0,0.0,0.0,0.0,0.0,0.0,0.0,0.0,0.0,0.0,0.0,0.0,0.0,0.0,0.0,,,,,,,,,,609616.0,0.0,0.0,0.0,0.0,0.0,0.0,0.0,0.0,0.0,0.0,Aimar,Blázquez,2006-03-19,20.52,191.0,37.0,Forward,Striker,609616,ba5e91hjacvma2sjvixn00pjo,Valencia CF,Valencia,Valencia,VAL,609616.0,0.0,0.0,0.0,0.0,0.0,0.0,0.0,0.0,0.0,0.0,0.0,0.0,0.0,0.0,Aimar,Blázquez,2006-03-19,20.52,191.0,37.0,Forward,Striker,609616,ba5e91hjacvma2sjvixn00pjo,Valencia CF,Valencia,Valencia,VAL,609616,609616,191,ba5e91hjacvma2sjvixn00pjo
Aimar Oroz,484702.0,3.0,151.0,0.0,0.11,-0.11,2.0,0.0,0.0,0.06,Aimar,Oroz,2001-11-27,24.82,450.0,10.0,Midfielder,Attacking Midfielder,bpf2fcb73l96fwspo72shmkiy,2l0ldgiwsgb8d6y3z0sfgjzyj,CA Osasuna,Osasuna,Osasuna,OSA,16.0,179.681,8.0,81.9,1.0,0.0,1.0,0.0,11.23,10.238,1.0,0.0,7.0,0.0,0.0,14.0,8.0,57.143,3.0,1.0,33.333,,,,,,,,,,484702.0,151.0,3.0,4.0,3.0,6.52,25.0,0.139,0.028,0.0,0.0,Aimar,Oroz,2001-11-27,24.82,450.0,10.0,Midfielder,Attacking Midfielder,bpf2fcb73l96fwspo72shmkiy,2l0ldgiwsgb8d6y3z0sfgjzyj,CA Osasuna,Osasuna,Osasuna,OSA,484702.0,151.0,3.0,49.0,38.0,77.55,18.0,12.0,66.67,1.0,0.0,0.0,0.0,0.0,0.0,Aimar,Oroz,2001-11-27,24.82,450.0,10.0,Midfielder,Attacking Midfielder,bpf2fcb73l96fwspo72shmkiy,2l0ldgiwsgb8d6y3z0sfgjzyj,CA Osasuna,Osasuna,Osasuna,OSA,484702,bpf2fcb73l96fwspo72shmkiy,450,2l0ldgiwsgb8d6y3z0sfgjzyj
Aitor Fernández,,,,,,,,,,,,,,,,,,,,,,,,,,,,,,,,,,,,,,,,,,,,,,540.0,17.0,0.0,4.0,7.0,63.64,-0.09,0.75,3.91,,,,,,,,,,,,,,,,,,,,,,,,,,,,,,,,,,,,,,,,,,,,,,,,,,,,,,,80993,15no5m0njma23gf0ygu9agt05,450,2l0ldgiwsgb8d6y3z0sfgjzyj
Aitor Mañas,551482.0,4.0,87.0,0.0,0.0,0.0,0.0,0.0,0.0,0.0,Aitor,Mañas,2003-01-05,23.72,173.0,20.0,Forward,Striker,9nqvf6si8k5u91rjslfvgc650,4dtdjgnpdq9uw4sdutti0vaar,Deportivo Alavés,Alavés,Alavés,ALA,2.0,13.335,1.0,9.87,0.0,0.0,0.0,0.0,6.668,9.87,0.0,2.0,1.0,0.0,3.0,8.0,4.0,50.0,7.0,3.0,42.857,,,,,,,,,,551482.0,87.0,4.0,1.0,1.0,12.5,0.0,0.001,0.001,0.0,0.0,Aitor,Mañas,2003-01-05,23.72,173.0,20.0,Forward,Striker,9nqvf6si8k5u91rjslfvgc650,4dtdjgnpdq9uw4sdutti0vaar,Deportivo Alavés,Alavés,Alavés,ALA,551482.0,87.0,4.0,8.0,5.0,62.5,1.0,0.0,0.0,0.0,0.0,0.0,0.0,0.0,0.0,Aitor,Mañas,2003-01-05,23.72,173.0,20.0,Forward,Striker,9nqvf6si8k5u91rjslfvgc650,4dtdjgnpdq9uw4sdutti0vaar,Deportivo Alavés,Alavés,Alavés,ALA,551482,9nqvf6si8k5u91rjslfvgc650,173,4dtdjgnpdq9uw4sdutti0vaar
Aitor Paredes,440593.0,3.0,209.0,1.0,0.26,0.74,1.0,1.0,100.0,0.26,Aitor,Paredes,2000-04-29,26.41,174.0,4.0,Defender,Central Defender,5kd57453a90zahgdxwkghr816,3czravw89omgc9o4s0w3l1bg5,Athletic Club,Athletic Club,Athletic,ATH,31.0,323.971,17.0,194.985,0.0,0.0,0.0,0.0,10.451,11.47,6.0,1.0,8.0,1.0,16.0,11.0,7.0,63.636,6.0,6.0,100.0,,,,,,,,,,440593.0,209.0,3.0,1.0,1.0,0.68,0.0,0.031,0.03,0.0,0.0,Aitor,Paredes,2000-04-29,26.41,174.0,4.0,Defender,Central Defender,5kd57453a90zahgdxwkghr816,3czravw89omgc9o4s0w3l1bg5,Athletic Club,Athletic Club,Athletic,ATH,440593.0,209.0,3.0,150.0,131.0,87.33,23.0,14.0,60.87,2.0,0.0,0.0,0.0,0.0,0.0,Aitor,Paredes,2000-04-29,26.41,174.0,4.0,Defender,Central Defender,5kd57453a90zahgdxwkghr816,3czravw89omgc9o4s0w3l1bg5,Athletic Club,Athletic Club,Athletic,ATH,440593,5kd57453a90zahgdxwkghr816,174,3czravw89omgc9o4s0w3l1bg5
Alassane Diatta,665522.0,0.0,0.0,0.0,0.0,0.0,0.0,0.0,0.0,0.0,Alassane,Diatta,2005-05-14,21.36,449.0,5.0,Midfielder,0,665522,74mcjsm72vr3l9pw2i4qfjchj,Villarreal CF,Villarreal,Villarreal,VIL,0.0,0.0,0.0,0.0,0.0,0.0,0.0,0.0,0.0,0.0,0.0,0.0,0.0,0.0,0.0,0.0,0.0,0.0,0.0,0.0,0.0,,,,,,,,,,665522.0,0.0,0.0,0.0,0.0,0.0,0.0,0.0,0.0,0.0,0.0,Alassane,Diatta,2005-05-14,21.36,449.0,5.0,Midfielder,0,665522,74mcjsm72vr3l9pw2i4qfjchj,Villarreal CF,Villarreal,Villarreal,VIL,665522.0,0.0,0.0,0.0,0.0,0.0,0.0,0.0,0.0,0.0,0.0,0.0,0.0,0.0,0.0,Alassane,Diatta,2005-05-14,21.36,449.0,5.0,Midfielder,0,665522,74mcjsm72vr3l9pw2i4qfjchj,Villarreal CF,Villarreal,Villarreal,VIL,665522,665522,449,74mcjsm72vr3l9pw2i4qfjchj
Alberto Calatrava,645746.0,0.0,0.0,0.0,0.0,0.0,0.0,0.0,0.0,0.0,Alberto,Calatrava,2005-02-03,21.64,855.0,38.0,Midfielder,Central Midfielder,645746,4grc9qgcvusllap8h5j6gc5h5,Levante UD,Levante,Levante,LEV,0.0,0.0,0.0,0.0,0.0,0.0,0.0,0.0,0.0,0.0,0.0,0.0,0.0,0.0,0.0,0.0,0.0,0.0,0.0,0.0,0.0,,,,,,,,,,645746.0,0.0,0.0,0.0,0.0,0.0,0.0,0.0,0.0,0.0,0.0,Alberto,Calatrava,2005-02-03,21.64,855.0,38.0,Midfielder,Central Midfielder,645746,4grc9qgcvusllap8h5j6gc5h5,Levante UD,Levante,Levante,LEV,645746.0,0.0,0.0,0.0,0.0,0.0,0.0,0.0,0.0,0.0,0.0,0.0,0.0,0.0,0.0,Alberto,Calatrava,2005-02-03,21.64,855.0,38.0,Midfielder,Central Midfielder,645746,4grc9qgcvusllap8h5j6gc5h5,Levante UD,Levante,Levante,LEV,645746,645746,855,4grc9qgcvusllap8h5j6gc5h5
Alberto Moleiro,513956.0,6.0,320.0,1.0,0.9,0.1,7.0,4.0,14.29,0.13,Alberto,Moleiro,2003-09-30,22.98,449.0,10.0,Midfielder,Attacking Midfielder,1qkneebzln8byl9td2aswznmy,74mcjsm72vr3l9pw2i4qfjchj,Villarreal CF,Villarreal,Villarreal,VIL,59.0,621.029,28.0,318.045,2.0,0.0,3.0,0.0,10.526,11.359,6.0,0.0,7.0,1.0,1.0,28.0,14.0,50.0,4.0,0.0,0.0,,,,,,,,,,513956.0,320.0,6.0,8.0,7.0,3.57,12.5,1.427,1.253,1.0,1.0,Alberto,Moleiro,2003-09-30,22.98,449.0,10.0,Midfielder,Attacking Midfielder,1qkneebzln8byl9td2aswznmy,74mcjsm72vr3l9pw2i4qfjchj,Villarreal CF,Villarreal,Villarreal,VIL,513956.0,320.0,6.0,178.0,156.0,87.64,99.0,84.0,84.85,5.0,1.0,20.0,0.0,0.0,0.0,Alberto,Moleiro,2003-09-30,22.98,449.0,10.0,Midfielder,Attacking Midfielder,1qkneebzln8byl9td2aswznmy,74mcjsm72vr3l9pw2i4qfjchj,Villarreal CF,Villarreal,Villarreal,VIL,513956,1qkneebzln8byl9td2aswznmy,449,74mcjsm72vr3l9pw2i4qfjchj
Alberto Risco,654780.0,4.0,59.0,0.0,0.1,-0.1,2.0,0.0,0.0,0.05,Alberto,Risco,2005-08-30,21.07,1450.0,28.0,Midfielder,Attacking Midfielder,6j8k3j0qp5zy19mwpmgx0l990,1n1j0wsl763lq7ee1k0c11c02,Getafe CF,Getafe,Getafe,GET,12.0,111.384,4.0,14.175,0.0,0.0,0.0,0.0,9.282,3.544,2.0,1.0,5.0,0.0,0.0,15.0,5.0,33.333,1.0,0.0,0.0,,,,,,,,,,654780.0,59.0,4.0,0.0,0.0,0.0,0.0,0.007,0.007,0.0,0.0,Alberto,Risco,2005-08-30,21.07,1450.0,28.0,Midfielder,Attacking Midfielder,6j8k3j0qp5zy19mwpmgx0l990,1n1j0wsl763lq7ee1k0c11c02,Getafe CF,Getafe,Getafe,GET,654780.0,59.0,4.0,21.0,17.0,80.95,4.0,4.0,100.0,1.0,0.0,0.0,0.0,0.0,0.0,Alberto,Risco,2005-08-30,21.07,1450.0,28.0,Midfielder,Attacking Midfielder,6j8k3j0qp5zy19mwpmgx0l990,1n1j0wsl763lq7ee1k0c11c02,Getafe CF,Getafe,Getafe,GET,654780,6j8k3j0qp5zy19mwpmgx0l990,1450,1n1j0wsl763lq7ee1k0c11c02
Aleix Febas,199250.0,2.0,167.0,0.0,0.02,-0.02,1.0,1.0,0.0,0.02,Aleix,Febas,1996-02-02,30.65,176.0,14.0,Midfielder,Central Midfielder,90ga4jxu6ydpoliajft8w9y39,6f27yvbqcngegwsg2ozxxdj4,Real Club Celta de Vigo,Celta de Vigo,Celta,CEL,27.0,280.515,12.0,112.455,0.0,0.0,0.0,0.0,10.389,9.371,6.0,0.0,8.0,0.0,1.0,21.0,13.0,61.905,2.0,0.0,0.0,,,,,,,,,,199250.0,167.0,2.0,0.0,0.0,0.0,0.0,0.06,0.06,0.0,0.0,Aleix,Febas,1996-02-02,30.65,176.0,14.0,Midfielder,Central Midfielder,90ga4jxu6ydpoliajft8w9y39,6f27yvbqcngegwsg2ozxxdj4,Real Club Celta de Vigo,Celta de Vigo,Celta,CEL,199250.0,167.0,2.0,108.0,100.0,92.59,33.0,29.0,87.88,0.0,0.0,0.0,0.0,0.0,0.0,Aleix,Febas,1996-02-02,30.65,176.0,14.0,Midfielder,Central Midfielder,90ga4jxu6ydpoliajft8w9y39,6f27yvbqcngegwsg2ozxxdj4,Real Club Celta de Vigo,Celta de Vigo,Celta,CEL,199250,90ga4jxu6ydpoliajft8w9y39,176,6f27yvbqcngegwsg2ozxxdj4
Alejandro Balde,493019.0,1.0,12.0,0.0,0.0,0.0,0.0,0.0,0.0,0.0,Alejandro,Balde,2003-10-18,22.93,178.0,3.0,Defender,Full Back,bzgh5psb1janz9y3btpswngbu,agh9ifb2mw3ivjusgedj7c3fe,FC Barcelona,Barcelona,Barcelona,BAR,3.0,66.54,2.0,47.985,0.0,0.0,1.0,0.0,22.18,23.992,2.0,0.0,1.0,0.0,0.0,3.0,3.0,100.0,0.0,0.0,0.0,,,,,,,,,,493019.0,12.0,1.0,1.0,1.0,8.33,0.0,0.095,0.095,0.0,0.0,Alejandro,Balde,2003-10-18,22.93,178.0,3.0,Defender,Full Back,bzgh5psb1janz9y3btpswngbu,agh9ifb2mw3ivjusgedj7c3fe,FC Barcelona,Barcelona,Barcelona,BAR,493019.0,12.0,1.0,13.0,11.0,84.62,4.0,3.0,75.0,0.0,0.0,0.0,1.0,1.0,100.0,Alejandro,Balde,2003-10-18,22.93,178.0,3.0,Defender,Full Back,bzgh5psb1janz9y3btpswngbu,agh9ifb2mw3ivjusgedj7c3fe,FC Barcelona,Barcelona,Barcelona,BAR,493019,bzgh5psb1janz9y3btpswngbu,178,agh9ifb2mw3ivjusgedj7c3fe
Alejandro Catena,244273.0,5.0,450.0,0.0,0.0,0.0,0.0,0.0,0.0,0.0,Alejandro,Catena,1994-10-28,31.91,450.0,24.0,Defender,Central Defender,bi8nrmyaxsgbhixw921fzvm5l,2l0ldgiwsgb8d6y3z0sfgjzyj,CA Osasuna,Osasuna,Osasuna,OSA,82.0,782.113,45.0,417.795,0.0,0.0,1.0,0.0,9.538,9.284,7.0,4.0,19.0,2.0,28.0,16.0,12.0,75.0,23.0,14.0,60.87,,,,,,,,,,244273.0,450.0,5.0,1.0,1.0,0.31,0.0,0.096,0.095,0.0,0.0,Alejandro,Catena,1994-10-28,31.91,450.0,24.0,Defender,Central Defender,bi8nrmyaxsgbhixw921fzvm5l,2l0ldgiwsgb8d6y3z0sfgjzyj,CA Osasuna,Osasuna,Osasuna,OSA,244273.0,450.0,5.0,334.0,286.0,85.63,71.0,38.0,53.52,1.0,1.0,100.0,0.0,0.0,0.0,Alejandro,Catena,1994-10-28,31.91,450.0,24.0,Defender,Central Defender,bi8nrmyaxsgbhixw921fzvm5l,2l0ldgiwsgb8d6y3z0sfgjzyj,CA Osasuna,Osasuna,Osasuna,OSA,244273,bi8nrmyaxsgbhixw921fzvm5l,450,2l0ldgiwsgb8d6y3z0sfgjzyj
Alejandro Grimaldo,106004.0,5.0,445.0,1.0,1.27,-0.27,8.0,4.0,12.5,0.16,Alejandro,Grimaldo,1995-09-20,31.02,175.0,22.0,Defender,Full Back,12f4mz064elnxecq2srl7r6j9,4ku8o6uf87yd8iecdalipo6wd,Club Atlético de Madrid,Atlético de Madrid,Atlético,ATM,61.0,680.321,35.0,284.655,4.0,0.0,2.0,1.0,11.153,8.133,13.0,3.0,17.0,2.0,10.0,39.0,24.0,61.538,9.0,4.0,44.444,,,,,,,,,,106004.0,445.0,5.0,3.0,3.0,0.84,0.0,0.442,0.356,1.0,1.0,Alejandro,Grimaldo,1995-09-20,31.02,175.0,22.0,Defender,Full Back,12f4mz064elnxecq2srl7r6j9,4ku8o6uf87yd8iecdalipo6wd,Club Atlético de Madrid,Atlético de Madrid,Atlético,ATM,106004.0,445.0,5.0,240.0,201.0,83.75,93.0,73.0,78.49,12.0,2.0,16.67,0.0,0.0,0.0,Alejandro,Grimaldo,1995-09-20,31.02,175.0,22.0,Defender,Full Back,12f4mz064elnxecq2srl7r6j9,4ku8o6uf87yd8iecdalipo6wd,Club Atlético de Madrid,Atlético de Madrid,Atlético,ATM,106004,12f4mz064elnxecq2srl7r6j9,175,4ku8o6uf87yd8iecdalipo6wd
Alejandro Rego,631986.0,0.0,0.0,0.0,0.0,0.0,0.0,0.0,0.0,0.0,Alejandro,Rego,2003-06-11,23.29,174.0,20.0,Midfielder,Central Midfielder,631986,3czravw89omgc9o4s0w3l1bg5,Athletic Club,Athletic Club,Athletic,ATH,0.0,0.0,0.0,0.0,0.0,0.0,0.0,0.0,0.0,0.0,0.0,0.0,0.0,0.0,0.0,0.0,0.0,0.0,0.0,0.0,0.0,,,,,,,,,,631986.0,0.0,0.0,0.0,0.0,0.0,0.0,0.0,0.0,0.0,0.0,Alejandro,Rego,2003-06-11,23.29,174.0,20.0,Midfielder,Central Midfielder,631986,3czravw89omgc9o4s0w3l1bg5,Athletic Club,Athletic Club,Athletic,ATH,631986.0,0.0,0.0,0.0,0.0,0.0,0.0,0.0,0.0,0.0,0.0,0.0,0.0,0.0,0.0,Alejandro,Rego,2003-06-11,23.29,174.0,20.0,Midfielder,Central Midfielder,631986,3czravw89omgc9o4s0w3l1bg5,Athletic Club,Athletic Club,Athletic,ATH,631986,631986,174,3czravw89omgc9o4s0w3l1bg5
Alemão,483116.0,5.0,102.0,0.0,0.56,-0.56,5.0,2.0,0.0,0.11,Alexandre,Zurawski,1998-04-01,28.48,184.0,9.0,Forward,Striker,7ppmuz6ays7s0v3gk2x4ecb1l,3budh3j9xivsid3ptm8ptpy4k,Rayo Vallecano de Madrid,Rayo Vallecano,Rayo,RAY,7.0,60.077,4.0,27.93,0.0,0.0,0.0,0.0,8.582,6.982,2.0,0.0,4.0,0.0,2.0,21.0,8.0,38.095,9.0,3.0,33.333,,,,,,,,,,483116.0,102.0,5.0,0.0,0.0,0.0,0.0,0.028,0.028,0.0,0.0,Alexandre,Zurawski,1998-04-01,28.48,184.0,9.0,Forward,Striker,7ppmuz6ays7s0v3gk2x4ecb1l,3budh3j9xivsid3ptm8ptpy4k,Rayo Vallecano de Madrid,Rayo Vallecano,Rayo,RAY,483116.0,102.0,5.0,26.0,20.0,76.92,14.0,10.0,71.43,0.0,0.0,0.0,0.0,0.0,0.0,Alexandre,Zurawski,1998-04-01,28.48,184.0,9.0,Forward,Striker,7ppmuz6ays7s0v3gk2x4ecb1l,3budh3j9xivsid3ptm8ptpy4k,Rayo Vallecano de Madrid,Rayo Vallecano,Rayo,RAY,483116,7ppmuz6ays7s0v3gk2x4ecb1l,184,3budh3j9xivsid3ptm8ptpy4k
Alex Berenguer,195385.0,5.0,252.0,1.0,0.17,0.83,5.0,2.0,20.0,0.03,Alex,Berenguer,1995-07-04,31.23,174.0,7.0,Forward,Winger,do5tibysnhbnbw18nwdo39kut,3czravw89omgc9o4s0w3l1bg5,Athletic Club,Athletic Club,Athletic,ATH,35.0,472.006,22.0,243.18,3.0,1.0,0.0,0.0,13.486,11.054,4.0,4.0,9.0,0.0,2.0,21.0,8.0,38.095,6.0,4.0,66.667,,,,,,,,,,195385.0,252.0,5.0,8.0,3.0,2.97,62.5,0.656,0.114,0.0,0.0,Alex,Berenguer,1995-07-04,31.23,174.0,7.0,Forward,Winger,do5tibysnhbnbw18nwdo39kut,3czravw89omgc9o4s0w3l1bg5,Athletic Club,Athletic Club,Athletic,ATH,195385.0,252.0,5.0,107.0,84.0,78.5,47.0,30.0,63.83,3.0,1.0,33.33,4.0,1.0,25.0,Alex,Berenguer,1995-07-04,31.23,174.0,7.0,Forward,Winger,do5tibysnhbnbw18nwdo39kut,3czravw89omgc9o4s0w3l1bg5,Athletic Club,Athletic Club,Athletic,ATH,195385,do5tibysnhbnbw18nwdo39kut,174,3czravw89omgc9o4s0w3l1bg5
Alex Freeman,484917.0,5.0,224.0,0.0,0.07,-0.07,2.0,1.0,0.0,0.04,Alex,Freeman,2004-08-09,22.12,449.0,3.0,Defender,Full Back,6g7i7z6m8vts105dny1g6z3hm,74mcjsm72vr3l9pw2i4qfjchj,Villarreal CF,Villarreal,Villarreal,VIL,38.0,444.046,25.0,229.53,0.0,0.0,0.0,0.0,11.685,9.181,6.0,1.0,14.0,0.0,6.0,17.0,13.0,76.471,5.0,5.0,100.0,,,,,,,,,,484917.0,224.0,5.0,2.0,2.0,0.99,0.0,0.18,0.179,0.0,0.0,Alex,Freeman,2004-08-09,22.12,449.0,3.0,Defender,Full Back,6g7i7z6m8vts105dny1g6z3hm,74mcjsm72vr3l9pw2i4qfjchj,Villarreal CF,Villarreal,Villarreal,VIL,484917.0,224.0,5.0,205.0,192.0,93.66,68.0,61.0,89.71,3.0,0.0,0.0,0.0,0.0,0.0,Alex,Freeman,2004-08-09,22.12,449.0,3.0,Defender,Full Back,6g7i7z6m8vts105dny1g6z3hm,74mcjsm72vr3l9pw2i4qfjchj,Villarreal CF,Villarreal,Villarreal,VIL,484917,6g7i7z6m8vts105dny1g6z3hm,449,74mcjsm72vr3l9pw2i4qfjchj
Alex Lebarbier,627656.0,0.0,0.0,0.0,0.0,0.0,0.0,0.0,0.0,0.0,Alex,Lebarbier,2004-08-23,22.08,188.0,28.0,Midfielder,0,627656,63f5h8t5e9qm1fqmvfkb23ghh,Real Sociedad de Fútbol,Real Sociedad,Real Sociedad,RSO,0.0,0.0,0.0,0.0,0.0,0.0,0.0,0.0,0.0,0.0,0.0,0.0,0.0,0.0,0.0,0.0,0.0,0.0,0.0,0.0,0.0,,,,,,,,,,627656.0,0.0,0.0,0.0,0.0,0.0,0.0,0.0,0.0,0.0,0.0,Alex,Lebarbier,2004-08-23,22.08,188.0,28.0,Midfielder,0,627656,63f5h8t5e9qm1fqmvfkb23ghh,Real Sociedad de Fútbol,Real Sociedad,Real Sociedad,RSO,627656.0,0.0,0.0,0.0,0.0,0.0,0.0,0.0,0.0,0.0,0.0,0.0,0.0,0.0,0.0,Alex,Lebarbier,2004-08-23,22.08,188.0,28.0,Midfielder,0,627656,63f5h8t5e9qm1fqmvfkb23ghh,Real Sociedad de Fútbol,Real Sociedad,Real Sociedad,RSO,627656,627656,188,63f5h8t5e9qm1fqmvfkb23ghh
Alex Marchal,634254.0,4.0,101.0,0.0,0.18,-0.18,3.0,1.0,0.0,0.06,Alex,Marchal,2007-09-17,19.02,188.0,29.0,Forward,Winger,1bcd2ijk9xkf7mmoqmsfpxzbo,63f5h8t5e9qm1fqmvfkb23ghh,Real Sociedad de Fútbol,Real Sociedad,Real Sociedad,RSO,17.0,177.061,6.0,29.61,0.0,0.0,1.0,0.0,10.415,4.935,3.0,0.0,2.0,0.0,0.0,9.0,4.0,44.444,2.0,0.0,0.0,,,,,,,,,,634254.0,101.0,4.0,2.0,2.0,6.67,0.0,0.445,0.445,0.0,0.0,Alex,Marchal,2007-09-17,19.02,188.0,29.0,Forward,Winger,1bcd2ijk9xkf7mmoqmsfpxzbo,63f5h8t5e9qm1fqmvfkb23ghh,Real Sociedad de Fútbol,Real Sociedad,Real Sociedad,RSO,634254.0,101.0,4.0,30.0,25.0,83.33,11.0,8.0,72.73,3.0,0.0,0.0,0.0,0.0,0.0,Alex,Marchal,2007-09-17,19.02,188.0,29.0,Forward,Winger,1bcd2ijk9xkf7mmoqmsfpxzbo,63f5h8t5e9qm1fqmvfkb23ghh,Real Sociedad de Fútbol,Real Sociedad,Real Sociedad,RSO,634254,1bcd2ijk9xkf7mmoqmsfpxzbo,188,63f5h8t5e9qm1fqmvfkb23ghh
Alex Panach,643319.0,0.0,0.0,0.0,0.0,0.0,0.0,0.0,0.0,0.0,Alejandro,Panach Olmo,2006-01-18,20.68,191.0,29.0,Defender,Central Defender,643319,ba5e91hjacvma2sjvixn00pjo,Valencia CF,Valencia,Valencia,VAL,0.0,0.0,0.0,0.0,0.0,0.0,0.0,0.0,0.0,0.0,0.0,0.0,0.0,0.0,0.0,0.0,0.0,0.0,0.0,0.0,0.0,,,,,,,,,,643319.0,0.0,0.0,0.0,0.0,0.0,0.0,0.0,0.0,0.0,0.0,Alejandro,Panach Olmo,2006-01-18,20.68,191.0,29.0,Defender,Central Defender,643319,ba5e91hjacvma2sjvixn00pjo,Valencia CF,Valencia,Valencia,VAL,643319.0,0.0,0.0,0.0,0.0,0.0,0.0,0.0,0.0,0.0,0.0,0.0,0.0,0.0,0.0,Alejandro,Panach Olmo,2006-01-18,20.68,191.0,29.0,Defender,Central Defender,643319,ba5e91hjacvma2sjvixn00pjo,Valencia CF,Valencia,Valencia,VAL,643319,643319,191,ba5e91hjacvma2sjvixn00pjo
Alexis Ciria,704994.0,0.0,0.0,0.0,0.0,0.0,0.0,0.0,0.0,0.0,Alexis,Ciria,2008-01-04,18.72,186.0,36.0,Midfielder,Winger,704994,3kq9cckrnlogidldtdie2fkbl,Real Madrid CF,Real Madrid,Real Madrid,RMA,0.0,0.0,0.0,0.0,0.0,0.0,0.0,0.0,0.0,0.0,0.0,0.0,0.0,0.0,0.0,0.0,0.0,0.0,0.0,0.0,0.0,,,,,,,,,,704994.0,0.0,0.0,0.0,0.0,0.0,0.0,0.0,0.0,0.0,0.0,Alexis,Ciria,2008-01-04,18.72,186.0,36.0,Midfielder,Winger,704994,3kq9cckrnlogidldtdie2fkbl,Real Madrid CF,Real Madrid,Real Madrid,RMA,704994.0,0.0,0.0,0.0,0.0,0.0,0.0,0.0,0.0,0.0,0.0,0.0,0.0,0.0,0.0,Alexis,Ciria,2008-01-04,18.72,186.0,36.0,Midfielder,Winger,704994,3kq9cckrnlogidldtdie2fkbl,Real Madrid CF,Real Madrid,Real Madrid,RMA,704994,704994,186,3kq9cckrnlogidldtdie2fkbl
Alfon González,446814.0,1.0,10.0,0.0,0.0,0.0,0.0,0.0,0.0,0.0,Alfon,González,1999-05-04,27.39,179.0,7.0,Forward,Winger,7lo14fnq32yyyqql6jws5w3xl,10eyb18v5puw4ez03ocaug09m,Sevilla FC,Sevilla,Sevilla,SEV,1.0,21.865,1.0,21.63,0.0,0.0,0.0,0.0,21.865,21.63,0.0,0.0,1.0,0.0,0.0,1.0,0.0,0.0,0.0,0.0,0.0,,,,,,,,,,446814.0,10.0,1.0,1.0,0.0,0.0,100.0,0.027,0.004,0.0,0.0,Alfon,González,1999-05-04,27.39,179.0,7.0,Forward,Winger,7lo14fnq32yyyqql6jws5w3xl,10eyb18v5puw4ez03ocaug09m,Sevilla FC,Sevilla,Sevilla,SEV,446814.0,10.0,1.0,2.0,2.0,100.0,2.0,2.0,100.0,0.0,0.0,0.0,0.0,0.0,0.0,Alfon,González,1999-05-04,27.39,179.0,7.0,Forward,Winger,7lo14fnq32yyyqql6jws5w3xl,10eyb18v5puw4ez03ocaug09m,Sevilla FC,Sevilla,Sevilla,SEV,446814,7lo14fnq32yyyqql6jws5w3xl,179,10eyb18v5puw4ez03ocaug09m
Alfonso Herrero,,,,,,,,,,,,,,,,,,,,,,,,,,,,,,,,,,,,,,,,,,,,,,540.0,100.0,1.0,11.0,22.0,66.67,2.16,1.2,12.16,,,,,,,,,,,,,,,,,,,,,,,,,,,,,,,,,,,,,,,,,,,,,,,,,,,,,,,165795,cendh30xevkj4sknupwzz0amt,182,7012hpp3p5vg4fzyn3h0yvf09
Ali Houary,631382.0,3.0,190.0,0.0,0.83,-0.83,5.0,2.0,0.0,0.17,Ali,Houary,2005-08-05,21.13,954.0,29.0,Forward,Second Striker,1zpt144smsq4ggjpvfhq55udw,4yg9ttzw0m51048doksv8uq5r,Elche CF,Elche,Elche,ELC,31.0,300.133,10.0,50.505,1.0,0.0,1.0,0.0,9.682,5.05,2.0,1.0,9.0,0.0,0.0,26.0,8.0,30.769,1.0,0.0,0.0,,,,,,,,,,631382.0,190.0,3.0,2.0,2.0,2.15,0.0,0.048,0.048,0.0,0.0,Ali,Houary,2005-08-05,21.13,954.0,29.0,Forward,Second Striker,1zpt144smsq4ggjpvfhq55udw,4yg9ttzw0m51048doksv8uq5r,Elche CF,Elche,Elche,ELC,631382.0,190.0,3.0,94.0,75.0,79.79,28.0,19.0,67.86,2.0,0.0,0.0,2.0,0.0,0.0,Ali,Houary,2005-08-05,21.13,954.0,29.0,Forward,Second Striker,1zpt144smsq4ggjpvfhq55udw,4yg9ttzw0m51048doksv8uq5r,Elche CF,Elche,Elche,ELC,631382,1zpt144smsq4ggjpvfhq55udw,954,4yg9ttzw0m51048doksv8uq5r
Aliou Dieng,449576.0,5.0,227.0,0.0,0.0,0.0,0.0,0.0,0.0,0.0,Aliou,Dieng,1997-10-16,28.94,191.0,15.0,Midfielder,0,58omi7lik71h0zl4b8d6rwdt5,ba5e91hjacvma2sjvixn00pjo,Valencia CF,Valencia,Valencia,VAL,33.0,364.907,10.0,60.795,0.0,0.0,0.0,0.0,11.058,6.08,11.0,0.0,16.0,1.0,7.0,27.0,16.0,59.259,6.0,3.0,50.0,,,,,,,,,,449576.0,227.0,5.0,1.0,1.0,0.93,0.0,0.047,0.046,0.0,0.0,Aliou,Dieng,1997-10-16,28.94,191.0,15.0,Midfielder,0,58omi7lik71h0zl4b8d6rwdt5,ba5e91hjacvma2sjvixn00pjo,Valencia CF,Valencia,Valencia,VAL,449576.0,227.0,5.0,110.0,97.0,88.18,27.0,20.0,74.07,2.0,0.0,0.0,0.0,0.0,0.0,Aliou,Dieng,1997-10-16,28.94,191.0,15.0,Midfielder,0,58omi7lik71h0zl4b8d6rwdt5,ba5e91hjacvma2sjvixn00pjo,Valencia CF,Valencia,Valencia,VAL,449576,58omi7lik71h0zl4b8d6rwdt5,191,ba5e91hjacvma2sjvixn00pjo
Ander Barrenetxea,471138.0,5.0,288.0,1.0,0.29,0.71,6.0,1.0,16.67,0.05,Ander,Barrenetxea,2001-12-27,24.74,188.0,7.0,Forward,Striker,21vx56lpd276xqbu11ubkf78q,63f5h8t5e9qm1fqmvfkb23ghh,Real Sociedad de Fútbol,Real Sociedad,Real Sociedad,RSO,37.0,483.007,20.0,230.895,2.0,0.0,1.0,0.0,13.054,11.545,2.0,1.0,12.0,1.0,1.0,34.0,14.0,41.176,2.0,0.0,0.0,,,,,,,,,,471138.0,288.0,5.0,1.0,1.0,1.18,0.0,0.08,0.079,0.0,0.0,Ander,Barrenetxea,2001-12-27,24.74,188.0,7.0,Forward,Striker,21vx56lpd276xqbu11ubkf78q,63f5h8t5e9qm1fqmvfkb23ghh,Real Sociedad de Fútbol,Real Sociedad,Real Sociedad,RSO,471138.0,288.0,5.0,86.0,68.0,79.07,35.0,24.0,68.57,10.0,2.0,20.0,0.0,0.0,0.0,Ander,Barrenetxea,2001-12-27,24.74,188.0,7.0,Forward,Striker,21vx56lpd276xqbu11ubkf78q,63f5h8t5e9qm1fqmvfkb23ghh,Real Sociedad de Fútbol,Real Sociedad,Real Sociedad,RSO,471138,21vx56lpd276xqbu11ubkf78q,188,63f5h8t5e9qm1fqmvfkb23ghh
Ander Guevara,431644.0,2.0,6.0,0.0,0.0,0.0,0.0,0.0,0.0,0.0,Ander,Guevara,1997-07-07,29.22,173.0,6.0,Midfielder,Central Midfielder,cme92rbmqszu51sjm99ho8a21,4dtdjgnpdq9uw4sdutti0vaar,Deportivo Alavés,Alavés,Alavés,ALA,4.0,41.533,3.0,26.67,0.0,0.0,1.0,0.0,10.383,8.89,1.0,0.0,1.0,0.0,0.0,2.0,2.0,100.0,1.0,1.0,100.0,,,,,,,,,,431644.0,6.0,2.0,1.0,1.0,6.25,0.0,0.009,0.008,0.0,0.0,Ander,Guevara,1997-07-07,29.22,173.0,6.0,Midfielder,Central Midfielder,cme92rbmqszu51sjm99ho8a21,4dtdjgnpdq9uw4sdutti0vaar,Deportivo Alavés,Alavés,Alavés,ALA,431644.0,6.0,2.0,20.0,18.0,90.0,5.0,3.0,60.0,1.0,0.0,0.0,0.0,0.0,0.0,Ander,Guevara,1997-07-07,29.22,173.0,6.0,Midfielder,Central Midfielder,cme92rbmqszu51sjm99ho8a21,4dtdjgnpdq9uw4sdutti0vaar,Deportivo Alavés,Alavés,Alavés,ALA,431644,cme92rbmqszu51sjm99ho8a21,173,4dtdjgnpdq9uw4sdutti0vaar
Andreas Christensen,135363.0,5.0,343.0,0.0,0.49,-0.49,3.0,0.0,0.0,0.16,Andreas,Christensen,1996-04-10,30.46,178.0,15.0,Defender,Central Defender,1av9mmv19jwvc4xdr0p9owyxh,agh9ifb2mw3ivjusgedj7c3fe,FC Barcelona,Barcelona,Barcelona,BAR,60.0,561.029,26.0,251.685,0.0,0.0,0.0,0.0,9.35,9.68,2.0,7.0,17.0,1.0,15.0,11.0,4.0,36.364,16.0,10.0,62.5,,,,,,,,,,135363.0,343.0,5.0,0.0,0.0,0.0,0.0,0.114,0.114,0.0,0.0,Andreas,Christensen,1996-04-10,30.46,178.0,15.0,Defender,Central Defender,1av9mmv19jwvc4xdr0p9owyxh,agh9ifb2mw3ivjusgedj7c3fe,FC Barcelona,Barcelona,Barcelona,BAR,135363.0,343.0,5.0,300.0,294.0,98.0,18.0,17.0,94.44,0.0,0.0,0.0,0.0,0.0,0.0,Andreas,Christensen,1996-04-10,30.46,178.0,15.0,Defender,Central Defender,1av9mmv19jwvc4xdr0p9owyxh,agh9ifb2mw3ivjusgedj7c3fe,FC Barcelona,Barcelona,Barcelona,BAR,135363,1av9mmv19jwvc4xdr0p9owyxh,178,agh9ifb2mw3ivjusgedj7c3fe
Andrei Ratiu,466543.0,5.0,450.0,1.0,0.58,0.42,7.0,2.0,14.29,0.08,Andrei,Ratiu,1998-06-20,28.27,184.0,2.0,Defender,Full Back,38dhmhce7deuqgqmc3p7nhai2,3budh3j9xivsid3ptm8ptpy4k,Rayo Vallecano de Madrid,Rayo Vallecano,Rayo,RAY,77.0,982.776,49.0,647.43,1.0,0.0,2.0,0.0,12.763,13.213,9.0,7.0,23.0,1.0,11.0,50.0,23.0,46.0,9.0,3.0,33.333,,,,,,,,,,466543.0,450.0,5.0,4.0,4.0,2.37,0.0,0.185,0.18,0.0,0.0,Andrei,Ratiu,1998-06-20,28.27,184.0,2.0,Defender,Full Back,38dhmhce7deuqgqmc3p7nhai2,3budh3j9xivsid3ptm8ptpy4k,Rayo Vallecano de Madrid,Rayo Vallecano,Rayo,RAY,466543.0,450.0,5.0,172.0,133.0,77.33,65.0,46.0,70.77,19.0,1.0,5.26,0.0,0.0,0.0,Andrei,Ratiu,1998-06-20,28.27,184.0,2.0,Defender,Full Back,38dhmhce7deuqgqmc3p7nhai2,3budh3j9xivsid3ptm8ptpy4k,Rayo Vallecano de Madrid,Rayo Vallecano,Rayo,RAY,466543,38dhmhce7deuqgqmc3p7nhai2,184,3budh3j9xivsid3ptm8ptpy4k
André Almeida,247636.0,2.0,59.0,0.0,0.0,0.0,0.0,0.0,0.0,0.0,Domingos André,Ribeiro Almeida,2000-05-30,26.32,189.0,8.0,Midfielder,Central Midfielder,9dc4qkvh0vk5kwymibji00kp,bzkwzatvwahmbzok1ymm5vqa1,Real Racing Club,Racing de Santander,Santander,RAC,24.0,219.032,10.0,115.5,0.0,0.0,0.0,0.0,9.126,11.55,3.0,1.0,3.0,0.0,0.0,6.0,3.0,50.0,0.0,0.0,0.0,,,,,,,,,,247636.0,59.0,2.0,0.0,0.0,0.0,0.0,0.451,0.451,0.0,0.0,Domingos André,Ribeiro Almeida,2000-05-30,26.32,189.0,8.0,Midfielder,Central Midfielder,9dc4qkvh0vk5kwymibji00kp,bzkwzatvwahmbzok1ymm5vqa1,Real Racing Club,Racing de Santander,Santander,RAC,247636.0,59.0,2.0,48.0,43.0,89.58,16.0,15.0,93.75,1.0,0.0,0.0,0.0,0.0,0.0,Domingos André,Ribeiro Almeida,2000-05-30,26.32,189.0,8.0,Midfielder,Central Midfielder,9dc4qkvh0vk5kwymibji00kp,bzkwzatvwahmbzok1ymm5vqa1,Real Racing Club,Racing de Santander,Santander,RAC,247636,9dc4qkvh0vk5kwymibji00kp,189,bzkwzatvwahmbzok1ymm5vqa1
Andrés Antañón,672231.0,1.0,63.0,0.0,0.15,-0.15,1.0,0.0,0.0,0.15,Andrés,Antañón,2007-01-22,19.67,176.0,28.0,Midfielder,Attacking Midfielder,96h53hatq4r3zsfvn5xl752c4,6f27yvbqcngegwsg2ozxxdj4,Real Club Celta de Vigo,Celta de Vigo,Celta,CEL,5.0,41.773,2.0,14.805,0.0,0.0,0.0,0.0,8.355,7.402,0.0,1.0,2.0,0.0,1.0,3.0,0.0,0.0,1.0,1.0,100.0,,,,,,,,,,672231.0,63.0,1.0,0.0,0.0,0.0,0.0,0.001,0.001,0.0,0.0,Andrés,Antañón,2007-01-22,19.67,176.0,28.0,Midfielder,Attacking Midfielder,96h53hatq4r3zsfvn5xl752c4,6f27yvbqcngegwsg2ozxxdj4,Real Club Celta de Vigo,Celta de Vigo,Celta,CEL,672231.0,63.0,1.0,14.0,10.0,71.43,3.0,1.0,33.33,1.0,0.0,0.0,0.0,0.0,0.0,Andrés,Antañón,2007-01-22,19.67,176.0,28.0,Midfielder,Attacking Midfielder,96h53hatq4r3zsfvn5xl752c4,6f27yvbqcngegwsg2ozxxdj4,Real Club Celta de Vigo,Celta de Vigo,Celta,CEL,672231,96h53hatq4r3zsfvn5xl752c4,176,6f27yvbqcngegwsg2ozxxdj4
Andrés Castrín,562922.0,5.0,390.0,0.0,0.18,-0.18,2.0,1.0,0.0,0.09,Andrés,López Gallo,2003-05-26,23.33,179.0,5.0,Defender,Central Defender,bofeh3blk8nn3ml0pjwuig4r8,10eyb18v5puw4ez03ocaug09m,Sevilla FC,Sevilla,Sevilla,SEV,42.0,394.846,26.0,250.005,0.0,0.0,1.0,0.0,9.401,9.616,6.0,6.0,21.0,2.0,25.0,11.0,9.0,81.818,9.0,7.0,77.778,,,,,,,,,,562922.0,390.0,5.0,3.0,3.0,1.67,0.0,0.056,0.055,0.0,0.0,Andrés,López Gallo,2003-05-26,23.33,179.0,5.0,Defender,Central Defender,bofeh3blk8nn3ml0pjwuig4r8,10eyb18v5puw4ez03ocaug09m,Sevilla FC,Sevilla,Sevilla,SEV,562922.0,390.0,5.0,185.0,162.0,87.57,35.0,23.0,65.71,0.0,0.0,0.0,0.0,0.0,0.0,Andrés,López Gallo,2003-05-26,23.33,179.0,5.0,Defender,Central Defender,bofeh3blk8nn3ml0pjwuig4r8,10eyb18v5puw4ez03ocaug09m,Sevilla FC,Sevilla,Sevilla,SEV,562922,bofeh3blk8nn3ml0pjwuig4r8,179,10eyb18v5puw4ez03ocaug09m
Andrés García,606798.0,5.0,382.0,0.0,0.1,-0.1,3.0,0.0,0.0,0.03,Andrés,García,2003-02-07,23.63,1450.0,21.0,Defender,Full Back,awifojlj7tvikhdfqftwhco44,1n1j0wsl763lq7ee1k0c11c02,Getafe CF,Getafe,Getafe,GET,47.0,601.686,22.0,293.37,1.0,0.0,1.0,0.0,12.802,13.335,10.0,2.0,17.0,0.0,9.0,27.0,16.0,59.259,4.0,0.0,0.0,,,,,,,,,,606798.0,382.0,5.0,3.0,3.0,2.75,0.0,0.101,0.1,0.0,0.0,Andrés,García,2003-02-07,23.63,1450.0,21.0,Defender,Full Back,awifojlj7tvikhdfqftwhco44,1n1j0wsl763lq7ee1k0c11c02,Getafe CF,Getafe,Getafe,GET,606798.0,382.0,5.0,110.0,95.0,86.36,30.0,24.0,80.0,17.0,3.0,17.65,0.0,0.0,0.0,Andrés,García,2003-02-07,23.63,1450.0,21.0,Defender,Full Back,awifojlj7tvikhdfqftwhco44,1n1j0wsl763lq7ee1k0c11c02,Getafe CF,Getafe,Getafe,GET,606798,awifojlj7tvikhdfqftwhco44,1450,1n1j0wsl763lq7ee1k0c11c02
Andrés Martín,444284.0,3.0,239.0,1.0,2.36,-1.36,9.0,3.0,11.11,0.26,Andrés,Martín,1999-07-11,27.21,189.0,11.0,Forward,Striker,4yzk41dkluqfxb8o3dbq06zqi,bzkwzatvwahmbzok1ymm5vqa1,Real Racing Club,Racing de Santander,Santander,RAC,27.0,312.386,14.0,137.97,2.0,0.0,1.0,0.0,11.57,9.855,5.0,3.0,14.0,0.0,1.0,31.0,15.0,48.387,0.0,0.0,0.0,,,,,,,,,,444284.0,239.0,3.0,6.0,5.0,6.25,16.67,0.532,0.291,0.0,0.0,Andrés,Martín,1999-07-11,27.21,189.0,11.0,Forward,Striker,4yzk41dkluqfxb8o3dbq06zqi,bzkwzatvwahmbzok1ymm5vqa1,Real Racing Club,Racing de Santander,Santander,RAC,444284.0,239.0,3.0,80.0,61.0,76.25,37.0,23.0,62.16,4.0,0.0,0.0,0.0,0.0,0.0,Andrés,Martín,1999-07-11,27.21,189.0,11.0,Forward,Striker,4yzk41dkluqfxb8o3dbq06zqi,bzkwzatvwahmbzok1ymm5vqa1,Real Racing Club,Racing de Santander,Santander,RAC,444284,4yzk41dkluqfxb8o3dbq06zqi,189,bzkwzatvwahmbzok1ymm5vqa1
Andrés Vallecillo,718495.0,0.0,0.0,0.0,0.0,0.0,0.0,0.0,0.0,0.0,Andrés,Vallecillo,2006-02-21,20.59,189.0,29.0,Midfielder,0,718495,bzkwzatvwahmbzok1ymm5vqa1,Real Racing Club,Racing de Santander,Santander,RAC,0.0,0.0,0.0,0.0,0.0,0.0,0.0,0.0,0.0,0.0,0.0,0.0,0.0,0.0,0.0,0.0,0.0,0.0,0.0,0.0,0.0,,,,,,,,,,718495.0,0.0,0.0,0.0,0.0,0.0,0.0,0.0,0.0,0.0,0.0,Andrés,Vallecillo,2006-02-21,20.59,189.0,29.0,Midfielder,0,718495,bzkwzatvwahmbzok1ymm5vqa1,Real Racing Club,Racing de Santander,Santander,RAC,718495.0,0.0,0.0,0.0,0.0,0.0,0.0,0.0,0.0,0.0,0.0,0.0,0.0,0.0,0.0,Andrés,Vallecillo,2006-02-21,20.59,189.0,29.0,Midfielder,0,718495,bzkwzatvwahmbzok1ymm5vqa1,Real Racing Club,Racing de Santander,Santander,RAC,718495,718495,189,bzkwzatvwahmbzok1ymm5vqa1
Angeliño,145235.0,1.0,59.0,0.0,0.0,0.0,0.0,0.0,0.0,0.0,José Ángel,Esmoris Tasende,1997-01-04,29.72,180.0,17.0,Defender,Full Back,9uthj64y9f77y63tq7did539x,1r541mega6d838hi0p44sv0h2,RC Deportivo de A Coruña,Deportivo de A Coruña,Deportivo,DEP,3.0,33.575,2.0,18.27,0.0,0.0,0.0,0.0,11.192,9.135,1.0,1.0,3.0,0.0,2.0,7.0,3.0,42.857,0.0,0.0,0.0,,,,,,,,,,145235.0,59.0,1.0,0.0,0.0,0.0,0.0,0.015,0.015,0.0,0.0,José Ángel,Esmoris Tasende,1997-01-04,29.72,180.0,17.0,Defender,Full Back,9uthj64y9f77y63tq7did539x,1r541mega6d838hi0p44sv0h2,RC Deportivo de A Coruña,Deportivo de A Coruña,Deportivo,DEP,145235.0,59.0,1.0,30.0,23.0,76.67,10.0,7.0,70.0,3.0,0.0,0.0,0.0,0.0,0.0,José Ángel,Esmoris Tasende,1997-01-04,29.72,180.0,17.0,Defender,Full Back,9uthj64y9f77y63tq7did539x,1r541mega6d838hi0p44sv0h2,RC Deportivo de A Coruña,Deportivo de A Coruña,Deportivo,DEP,145235,9uthj64y9f77y63tq7did539x,180,1r541mega6d838hi0p44sv0h2
Ante Budimir,94273.0,6.0,412.0,4.0,4.18,-0.18,16.0,10.0,25.0,0.26,Ante,Budimir,1991-07-22,35.18,450.0,17.0,Forward,Striker,946z96r5q70ryslp3hlhafnx1,2l0ldgiwsgb8d6y3z0sfgjzyj,CA Osasuna,Osasuna,Osasuna,OSA,17.0,214.488,12.0,111.615,1.0,0.0,0.0,0.0,12.617,9.301,6.0,0.0,6.0,1.0,4.0,32.0,22.0,68.75,36.0,20.0,55.556,,,,,,,,,,94273.0,412.0,6.0,1.0,1.0,1.75,0.0,0.106,0.106,0.0,0.0,Ante,Budimir,1991-07-22,35.18,450.0,17.0,Forward,Striker,946z96r5q70ryslp3hlhafnx1,2l0ldgiwsgb8d6y3z0sfgjzyj,CA Osasuna,Osasuna,Osasuna,OSA,94273.0,412.0,6.0,59.0,32.0,54.24,31.0,15.0,48.39,1.0,0.0,0.0,0.0,0.0,0.0,Ante,Budimir,1991-07-22,35.18,450.0,17.0,Forward,Striker,946z96r5q70ryslp3hlhafnx1,2l0ldgiwsgb8d6y3z0sfgjzyj,CA Osasuna,Osasuna,Osasuna,OSA,94273,946z96r5q70ryslp3hlhafnx1,450,2l0ldgiwsgb8d6y3z0sfgjzyj
Anthony Gordon,232826.0,5.0,311.0,0.0,1.21,-1.21,9.0,4.0,0.0,0.13,Anthony,Gordon,2001-02-24,25.58,178.0,17.0,Forward,Winger,8mjj0wgufggpc1ai2dk21h90p,agh9ifb2mw3ivjusgedj7c3fe,FC Barcelona,Barcelona,Barcelona,BAR,51.0,611.504,20.0,154.665,5.0,0.0,3.0,3.0,11.99,7.733,3.0,0.0,9.0,0.0,2.0,28.0,14.0,50.0,1.0,1.0,100.0,,,,,,,,,,232826.0,311.0,5.0,7.0,7.0,3.0,0.0,0.926,0.926,4.0,4.0,Anthony,Gordon,2001-02-24,25.58,178.0,17.0,Forward,Winger,8mjj0wgufggpc1ai2dk21h90p,agh9ifb2mw3ivjusgedj7c3fe,FC Barcelona,Barcelona,Barcelona,BAR,232826.0,311.0,5.0,101.0,91.0,90.1,45.0,39.0,86.67,3.0,0.0,0.0,2.0,0.0,0.0,Anthony,Gordon,2001-02-24,25.58,178.0,17.0,Forward,Winger,8mjj0wgufggpc1ai2dk21h90p,agh9ifb2mw3ivjusgedj7c3fe,FC Barcelona,Barcelona,Barcelona,BAR,232826,8mjj0wgufggpc1ai2dk21h90p,178,agh9ifb2mw3ivjusgedj7c3fe
Antonio Blanco,437465.0,6.0,511.0,0.0,0.2,-0.2,7.0,0.0,0.0,0.03,Antonio,Blanco,2000-07-23,26.17,173.0,8.0,Midfielder,Defensive Midfielder,4zve4017u2i3zvxlnjruv25t5,4dtdjgnpdq9uw4sdutti0vaar,Deportivo Alavés,Alavés,Alavés,ALA,41.0,364.653,16.0,130.935,0.0,0.0,1.0,0.0,8.894,8.183,16.0,13.0,26.0,1.0,7.0,50.0,21.0,42.0,3.0,2.0,66.667,,,,,,,,,,437465.0,511.0,6.0,2.0,1.0,0.45,50.0,0.232,0.103,0.0,0.0,Antonio,Blanco,2000-07-23,26.17,173.0,8.0,Midfielder,Defensive Midfielder,4zve4017u2i3zvxlnjruv25t5,4dtdjgnpdq9uw4sdutti0vaar,Deportivo Alavés,Alavés,Alavés,ALA,437465.0,511.0,6.0,244.0,211.0,86.48,53.0,37.0,69.81,5.0,1.0,20.0,1.0,0.0,0.0,Antonio,Blanco,2000-07-23,26.17,173.0,8.0,Midfielder,Defensive Midfielder,4zve4017u2i3zvxlnjruv25t5,4dtdjgnpdq9uw4sdutti0vaar,Deportivo Alavés,Alavés,Alavés,ALA,437465,4zve4017u2i3zvxlnjruv25t5,173,4dtdjgnpdq9uw4sdutti0vaar
Antonio Rüdiger,102380.0,2.0,180.0,0.0,0.07,-0.07,2.0,1.0,0.0,0.04,Antonio,Rüdiger,1993-03-03,33.57,186.0,22.0,Defender,Central Defender,6fzbp94hf19ysotdassrqdc5x,3kq9cckrnlogidldtdie2fkbl,Real Madrid CF,Real Madrid,Real Madrid,RMA,29.0,238.272,14.0,86.625,0.0,0.0,0.0,0.0,8.216,6.188,0.0,0.0,2.0,5.0,16.0,2.0,1.0,50.0,5.0,4.0,80.0,,,,,,,,,,102380.0,180.0,2.0,1.0,1.0,0.64,0.0,0.021,0.021,0.0,0.0,Antonio,Rüdiger,1993-03-03,33.57,186.0,22.0,Defender,Central Defender,6fzbp94hf19ysotdassrqdc5x,3kq9cckrnlogidldtdie2fkbl,Real Madrid CF,Real Madrid,Real Madrid,RMA,102380.0,180.0,2.0,161.0,153.0,95.03,13.0,10.0,76.92,0.0,0.0,0.0,0.0,0.0,0.0,Antonio,Rüdiger,1993-03-03,33.57,186.0,22.0,Defender,Central Defender,6fzbp94hf19ysotdassrqdc5x,3kq9cckrnlogidldtdie2fkbl,Real Madrid CF,Real Madrid,Real Madrid,RMA,102380,6fzbp94hf19ysotdassrqdc5x,186,3kq9cckrnlogidldtdie2fkbl
Antonio Sivera,,,,,,,,,,,,,,,,,,,,,,,,,,,,,,,,,,,,,,,,,,,,,,540.0,100.0,0.0,6.0,17.0,73.91,0.59,1.0,6.59,,,,,,,,,,,,,,,,,,,,,,,,,,,,,,,,,,,,,,,,,,,,,,,,,,,,,,,176245,c7i0lduij4vsnluxisdnaxsk5,173,4dtdjgnpdq9uw4sdutti0vaar
Antony,467169.0,6.0,460.0,0.0,2.14,-2.14,32.0,13.0,0.0,0.07,Antony Matheus,dos Santos,2000-02-24,26.58,185.0,7.0,Forward,Winger,v22q59d00b5v78rgx7v8z3vu,ah8dala7suqqkj04n2l8xz4zd,Real Betis Balompié,Real Betis,Betis,BET,110.0,1224.536,65.0,536.76,13.0,0.0,3.0,0.0,11.132,8.258,8.0,5.0,23.0,0.0,2.0,42.0,26.0,61.905,5.0,4.0,80.0,,,,,,,,,,467169.0,460.0,6.0,7.0,6.0,2.32,14.29,1.024,0.98,0.0,0.0,Antony Matheus,dos Santos,2000-02-24,26.58,185.0,7.0,Forward,Winger,v22q59d00b5v78rgx7v8z3vu,ah8dala7suqqkj04n2l8xz4zd,Real Betis Balompié,Real Betis,Betis,BET,467169.0,460.0,6.0,265.0,231.0,87.17,130.0,109.0,83.85,10.0,2.0,20.0,1.0,1.0,100.0,Antony Matheus,dos Santos,2000-02-24,26.58,185.0,7.0,Forward,Winger,v22q59d00b5v78rgx7v8z3vu,ah8dala7suqqkj04n2l8xz4zd,Real Betis Balompié,Real Betis,Betis,BET,467169,v22q59d00b5v78rgx7v8z3vu,185,ah8dala7suqqkj04n2l8xz4zd
Arda Güler,520250.0,6.0,295.0,1.0,2.01,-1.01,10.0,3.0,10.0,0.2,Arda,Güler,2005-02-25,21.58,186.0,15.0,Midfielder,Central Midfielder,39gif4xfy8xddarasbsad56ok,3kq9cckrnlogidldtdie2fkbl,Real Madrid CF,Real Madrid,Real Madrid,RMA,62.0,740.13,29.0,213.78,1.0,0.0,4.0,0.0,11.938,7.372,5.0,1.0,22.0,2.0,2.0,37.0,20.0,54.054,1.0,1.0,100.0,,,,,,,,,,520250.0,295.0,6.0,27.0,17.0,10.0,33.33,2.977,2.146,2.0,1.0,Arda,Güler,2005-02-25,21.58,186.0,15.0,Midfielder,Central Midfielder,39gif4xfy8xddarasbsad56ok,3kq9cckrnlogidldtdie2fkbl,Real Madrid CF,Real Madrid,Real Madrid,RMA,520250.0,295.0,6.0,172.0,157.0,91.28,95.0,83.0,87.37,4.0,2.0,50.0,8.0,6.0,75.0,Arda,Güler,2005-02-25,21.58,186.0,15.0,Midfielder,Central Midfielder,39gif4xfy8xddarasbsad56ok,3kq9cckrnlogidldtdie2fkbl,Real Madrid CF,Real Madrid,Real Madrid,RMA,520250,39gif4xfy8xddarasbsad56ok,186,3kq9cckrnlogidldtdie2fkbl
Arnau Comas,437774.0,0.0,0.0,0.0,0.0,0.0,0.0,0.0,0.0,0.0,Arnau,Comas,2000-04-11,26.45,180.0,3.0,Defender,Central Defender,437774,1r541mega6d838hi0p44sv0h2,RC Deportivo de A Coruña,Deportivo de A Coruña,Deportivo,DEP,0.0,0.0,0.0,0.0,0.0,0.0,0.0,0.0,0.0,0.0,0.0,0.0,0.0,0.0,0.0,0.0,0.0,0.0,0.0,0.0,0.0,,,,,,,,,,437774.0,0.0,0.0,0.0,0.0,0.0,0.0,0.0,0.0,0.0,0.0,Arnau,Comas,2000-04-11,26.45,180.0,3.0,Defender,Central Defender,437774,1r541mega6d838hi0p44sv0h2,RC Deportivo de A Coruña,Deportivo de A Coruña,Deportivo,DEP,437774.0,0.0,0.0,0.0,0.0,0.0,0.0,0.0,0.0,0.0,0.0,0.0,0.0,0.0,0.0,Arnau,Comas,2000-04-11,26.45,180.0,3.0,Defender,Central Defender,437774,1r541mega6d838hi0p44sv0h2,RC Deportivo de A Coruña,Deportivo de A Coruña,Deportivo,DEP,437774,437774,180,1r541mega6d838hi0p44sv0h2
Arnau Martínez,517333.0,4.0,242.0,0.0,0.02,-0.02,1.0,0.0,0.0,0.02,Arnau,Martínez,2003-04-25,23.42,191.0,22.0,Defender,Central Defender,2nq5nzq35tfwc7po29dtwqp78,ba5e91hjacvma2sjvixn00pjo,Valencia CF,Valencia,Valencia,VAL,31.0,319.519,15.0,117.495,0.0,0.0,0.0,0.0,10.307,7.833,5.0,1.0,5.0,3.0,3.0,12.0,5.0,41.667,4.0,2.0,50.0,,,,,,,,,,517333.0,242.0,4.0,0.0,0.0,0.0,0.0,0.046,0.04,0.0,0.0,Arnau,Martínez,2003-04-25,23.42,191.0,22.0,Defender,Central Defender,2nq5nzq35tfwc7po29dtwqp78,ba5e91hjacvma2sjvixn00pjo,Valencia CF,Valencia,Valencia,VAL,517333.0,242.0,4.0,112.0,94.0,83.93,34.0,26.0,76.47,3.0,0.0,0.0,0.0,0.0,0.0,Arnau,Martínez,2003-04-25,23.42,191.0,22.0,Defender,Central Defender,2nq5nzq35tfwc7po29dtwqp78,ba5e91hjacvma2sjvixn00pjo,Valencia CF,Valencia,Valencia,VAL,517333,2nq5nzq35tfwc7po29dtwqp78,191,ba5e91hjacvma2sjvixn00pjo
Arnau Ortiz,552095.0,5.0,149.0,0.0,0.28,-0.28,2.0,0.0,0.0,0.14,Arnau,Ortiz,2001-10-29,24.9,175.0,16.0,Forward,Winger,5gyx7sfml246um8pft2afpsa2,4ku8o6uf87yd8iecdalipo6wd,Club Atlético de Madrid,Atlético de Madrid,Atlético,ATM,23.0,285.802,11.0,126.42,0.0,0.0,3.0,0.0,12.426,11.493,2.0,0.0,2.0,0.0,1.0,20.0,9.0,45.0,4.0,1.0,25.0,,,,,,,,,,552095.0,149.0,5.0,5.0,5.0,21.74,0.0,0.441,0.441,0.0,0.0,Arnau,Ortiz,2001-10-29,24.9,175.0,16.0,Forward,Winger,5gyx7sfml246um8pft2afpsa2,4ku8o6uf87yd8iecdalipo6wd,Club Atlético de Madrid,Atlético de Madrid,Atlético,ATM,552095.0,149.0,5.0,23.0,20.0,86.96,14.0,11.0,78.57,3.0,3.0,100.0,1.0,0.0,0.0,Arnau,Ortiz,2001-10-29,24.9,175.0,16.0,Forward,Winger,5gyx7sfml246um8pft2afpsa2,4ku8o6uf87yd8iecdalipo6wd,Club Atlético de Madrid,Atlético de Madrid,Atlético,ATM,552095,5gyx7sfml246um8pft2afpsa2,175,4ku8o6uf87yd8iecdalipo6wd
Arnaut Danjuma,220307.0,6.0,438.0,0.0,1.29,-1.29,13.0,5.0,0.0,0.1,Arnaut,Danjuma,1997-01-31,29.65,191.0,7.0,Forward,Winger,4rktv6j9sioe0gmu7jt77fsh5,ba5e91hjacvma2sjvixn00pjo,Valencia CF,Valencia,Valencia,VAL,48.0,747.052,29.0,377.265,4.0,0.0,1.0,0.0,15.564,13.009,1.0,0.0,6.0,1.0,1.0,29.0,11.0,37.931,2.0,1.0,50.0,,,,,,,,,,220307.0,438.0,6.0,5.0,4.0,4.65,20.0,0.452,0.414,0.0,0.0,Arnaut,Danjuma,1997-01-31,29.65,191.0,7.0,Forward,Winger,4rktv6j9sioe0gmu7jt77fsh5,ba5e91hjacvma2sjvixn00pjo,Valencia CF,Valencia,Valencia,VAL,220307.0,438.0,6.0,91.0,73.0,80.22,40.0,29.0,72.5,5.0,1.0,20.0,1.0,1.0,100.0,Arnaut,Danjuma,1997-01-31,29.65,191.0,7.0,Forward,Winger,4rktv6j9sioe0gmu7jt77fsh5,ba5e91hjacvma2sjvixn00pjo,Valencia CF,Valencia,Valencia,VAL,220307,4rktv6j9sioe0gmu7jt77fsh5,191,ba5e91hjacvma2sjvixn00pjo
Arouna Sangante,509285.0,3.0,214.0,0.0,0.0,0.0,0.0,0.0,0.0,0.0,Arouna,Sangante,2002-04-12,24.45,179.0,12.0,Defender,Central Defender,c6zhg955v927x9vo39e8vunoq,10eyb18v5puw4ez03ocaug09m,Sevilla FC,Sevilla,Sevilla,SEV,24.0,268.748,13.0,122.955,0.0,0.0,0.0,0.0,11.198,9.458,2.0,4.0,6.0,2.0,11.0,8.0,3.0,37.5,13.0,9.0,69.231,,,,,,,,,,509285.0,214.0,3.0,1.0,1.0,0.93,0.0,0.009,0.009,0.0,0.0,Arouna,Sangante,2002-04-12,24.45,179.0,12.0,Defender,Central Defender,c6zhg955v927x9vo39e8vunoq,10eyb18v5puw4ez03ocaug09m,Sevilla FC,Sevilla,Sevilla,SEV,509285.0,214.0,3.0,112.0,88.0,78.57,15.0,5.0,33.33,1.0,0.0,0.0,0.0,0.0,0.0,Arouna,Sangante,2002-04-12,24.45,179.0,12.0,Defender,Central Defender,c6zhg955v927x9vo39e8vunoq,10eyb18v5puw4ez03ocaug09m,Sevilla FC,Sevilla,Sevilla,SEV,509285,c6zhg955v927x9vo39e8vunoq,179,10eyb18v5puw4ez03ocaug09m
Arsen Zakharyan,475612.0,2.0,8.0,0.0,0.0,0.0,0.0,0.0,0.0,0.0,Arsen,Zakharyan,2003-05-26,23.33,188.0,23.0,Midfielder,Attacking Midfielder,6e4d1o09sl2ovlyyvhyd5xboq,63f5h8t5e9qm1fqmvfkb23ghh,Real Sociedad de Fútbol,Real Sociedad,Real Sociedad,RSO,4.0,42.574,3.0,29.925,0.0,0.0,0.0,0.0,10.644,9.975,0.0,0.0,0.0,0.0,0.0,1.0,1.0,100.0,0.0,0.0,0.0,,,,,,,,,,475612.0,8.0,2.0,0.0,0.0,0.0,0.0,0.057,0.057,0.0,0.0,Arsen,Zakharyan,2003-05-26,23.33,188.0,23.0,Midfielder,Attacking Midfielder,6e4d1o09sl2ovlyyvhyd5xboq,63f5h8t5e9qm1fqmvfkb23ghh,Real Sociedad de Fútbol,Real Sociedad,Real Sociedad,RSO,475612.0,8.0,2.0,15.0,11.0,73.33,8.0,5.0,62.5,2.0,0.0,0.0,1.0,1.0,100.0,Arsen,Zakharyan,2003-05-26,23.33,188.0,23.0,Midfielder,Attacking Midfielder,6e4d1o09sl2ovlyyvhyd5xboq,63f5h8t5e9qm1fqmvfkb23ghh,Real Sociedad de Fútbol,Real Sociedad,Real Sociedad,RSO,475612,6e4d1o09sl2ovlyyvhyd5xboq,188,63f5h8t5e9qm1fqmvfkb23ghh
Asier Bonel,647953.0,0.0,0.0,0.0,0.0,0.0,0.0,0.0,0.0,0.0,Asier,Bonel,2008-01-17,18.68,450.0,30.0,Forward,0,647953,2l0ldgiwsgb8d6y3z0sfgjzyj,CA Osasuna,Osasuna,Osasuna,OSA,0.0,0.0,0.0,0.0,0.0,0.0,0.0,0.0,0.0,0.0,0.0,0.0,0.0,0.0,0.0,0.0,0.0,0.0,0.0,0.0,0.0,,,,,,,,,,647953.0,0.0,0.0,0.0,0.0,0.0,0.0,0.0,0.0,0.0,0.0,Asier,Bonel,2008-01-17,18.68,450.0,30.0,Forward,0,647953,2l0ldgiwsgb8d6y3z0sfgjzyj,CA Osasuna,Osasuna,Osasuna,OSA,647953.0,0.0,0.0,0.0,0.0,0.0,0.0,0.0,0.0,0.0,0.0,0.0,0.0,0.0,0.0,Asier,Bonel,2008-01-17,18.68,450.0,30.0,Forward,0,647953,2l0ldgiwsgb8d6y3z0sfgjzyj,CA Osasuna,Osasuna,Osasuna,OSA,647953,647953,450,2l0ldgiwsgb8d6y3z0sfgjzyj
Asier Osambela,646142.0,4.0,200.0,0.0,0.02,-0.02,1.0,0.0,0.0,0.02,Asier,Osambela,2004-10-30,21.9,450.0,29.0,Midfielder,Attacking Midfielder,b5muwvixv0nq4uylgzxz7302c,2l0ldgiwsgb8d6y3z0sfgjzyj,CA Osasuna,Osasuna,Osasuna,OSA,32.0,319.833,23.0,204.855,0.0,0.0,0.0,0.0,9.995,8.907,10.0,2.0,11.0,0.0,7.0,26.0,12.0,46.154,4.0,3.0,75.0,,,,,,,,,,646142.0,200.0,4.0,0.0,0.0,0.0,0.0,0.039,0.039,0.0,0.0,Asier,Osambela,2004-10-30,21.9,450.0,29.0,Midfielder,Attacking Midfielder,b5muwvixv0nq4uylgzxz7302c,2l0ldgiwsgb8d6y3z0sfgjzyj,CA Osasuna,Osasuna,Osasuna,OSA,646142.0,200.0,4.0,122.0,96.0,78.69,36.0,19.0,52.78,5.0,0.0,0.0,0.0,0.0,0.0,Asier,Osambela,2004-10-30,21.9,450.0,29.0,Midfielder,Attacking Midfielder,b5muwvixv0nq4uylgzxz7302c,2l0ldgiwsgb8d6y3z0sfgjzyj,CA Osasuna,Osasuna,Osasuna,OSA,646142,b5muwvixv0nq4uylgzxz7302c,450,2l0ldgiwsgb8d6y3z0sfgjzyj
Asier Villalibre,212770.0,5.0,219.0,0.0,0.43,-0.43,2.0,1.0,0.0,0.21,Asier,Villalibre,1997-09-30,28.99,189.0,12.0,Forward,Striker,egt3tl6hu2bfi16pqyxwv4onp,bzkwzatvwahmbzok1ymm5vqa1,Real Racing Club,Racing de Santander,Santander,RAC,6.0,55.163,4.0,30.03,1.0,0.0,0.0,0.0,9.194,7.508,0.0,0.0,1.0,1.0,4.0,10.0,6.0,60.0,8.0,4.0,50.0,,,,,,,,,,212770.0,219.0,5.0,1.0,1.0,0.0,0.0,0.005,0.005,1.0,1.0,Asier,Villalibre,1997-09-30,28.99,189.0,12.0,Forward,Striker,egt3tl6hu2bfi16pqyxwv4onp,bzkwzatvwahmbzok1ymm5vqa1,Real Racing Club,Racing de Santander,Santander,RAC,212770.0,219.0,5.0,28.0,16.0,57.14,10.0,3.0,30.0,0.0,0.0,0.0,1.0,0.0,0.0,Asier,Villalibre,1997-09-30,28.99,189.0,12.0,Forward,Striker,egt3tl6hu2bfi16pqyxwv4onp,bzkwzatvwahmbzok1ymm5vqa1,Real Racing Club,Racing de Santander,Santander,RAC,212770,egt3tl6hu2bfi16pqyxwv4onp,189,bzkwzatvwahmbzok1ymm5vqa1
Augusto Batalla,,,,,,,,,,,,,,,,,,,,,,,,,,,,,,,,,,,,,,,,,,,,,,540.0,28.0,0.0,2.0,3.0,60.0,-0.19,0.5,1.81,,,,,,,,,,,,,,,,,,,,,,,,,,,,,,,,,,,,,,,,,,,,,,,,,,,,,,,173209,9h6xf4ac4rpsjpummcdx26z9,184,3budh3j9xivsid3ptm8ptpy4k
Aurélien Tchouaméni,219292.0,2.0,107.0,0.0,0.03,-0.03,1.0,0.0,0.0,0.03,Aurélien,Tchouaméni,2000-01-27,26.66,186.0,14.0,Midfielder,Central Midfielder,aipyotc87m5bdvmvizd5n69k9,3kq9cckrnlogidldtdie2fkbl,Real Madrid CF,Real Madrid,Real Madrid,RMA,14.0,138.2,3.0,19.425,0.0,0.0,0.0,0.0,9.871,6.475,2.0,2.0,5.0,0.0,3.0,2.0,2.0,100.0,1.0,0.0,0.0,,,,,,,,,,219292.0,107.0,2.0,3.0,3.0,4.76,0.0,0.093,0.093,0.0,0.0,Aurélien,Tchouaméni,2000-01-27,26.66,186.0,14.0,Midfielder,Central Midfielder,aipyotc87m5bdvmvizd5n69k9,3kq9cckrnlogidldtdie2fkbl,Real Madrid CF,Real Madrid,Real Madrid,RMA,219292.0,107.0,2.0,63.0,60.0,95.24,20.0,19.0,95.0,0.0,0.0,0.0,0.0,0.0,0.0,Aurélien,Tchouaméni,2000-01-27,26.66,186.0,14.0,Midfielder,Central Midfielder,aipyotc87m5bdvmvizd5n69k9,3kq9cckrnlogidldtdie2fkbl,Real Madrid CF,Real Madrid,Real Madrid,RMA,219292,aipyotc87m5bdvmvizd5n69k9,186,3kq9cckrnlogidldtdie2fkbl
Axel Tape,669592.0,0.0,0.0,0.0,0.0,0.0,0.0,0.0,0.0,0.0,Axel,Tape,2007-08-10,19.12,855.0,16.0,Midfielder,0,669592,4grc9qgcvusllap8h5j6gc5h5,Levante UD,Levante,Levante,LEV,0.0,0.0,0.0,0.0,0.0,0.0,0.0,0.0,0.0,0.0,0.0,0.0,0.0,0.0,0.0,0.0,0.0,0.0,0.0,0.0,0.0,,,,,,,,,,669592.0,0.0,0.0,0.0,0.0,0.0,0.0,0.0,0.0,0.0,0.0,Axel,Tape,2007-08-10,19.12,855.0,16.0,Midfielder,0,669592,4grc9qgcvusllap8h5j6gc5h5,Levante UD,Levante,Levante,LEV,669592.0,0.0,0.0,0.0,0.0,0.0,0.0,0.0,0.0,0.0,0.0,0.0,0.0,0.0,0.0,Axel,Tape,2007-08-10,19.12,855.0,16.0,Midfielder,0,669592,4grc9qgcvusllap8h5j6gc5h5,Levante UD,Levante,Levante,LEV,669592,669592,855,4grc9qgcvusllap8h5j6gc5h5
Aymeric Laporte,146941.0,5.0,392.0,0.0,0.43,-0.43,2.0,0.0,0.0,0.22,Aymeric,Laporte,1994-05-27,32.33,174.0,14.0,Defender,Central Defender,7fmpgkx58o9pivo2bbnxxkt05,3czravw89omgc9o4s0w3l1bg5,Athletic Club,Athletic Club,Athletic,ATH,77.0,707.404,45.0,405.09,0.0,0.0,0.0,0.0,9.187,9.002,4.0,2.0,22.0,2.0,17.0,13.0,8.0,61.538,13.0,6.0,46.154,,,,,,,,,,146941.0,392.0,5.0,0.0,0.0,0.0,0.0,0.144,0.144,0.0,0.0,Aymeric,Laporte,1994-05-27,32.33,174.0,14.0,Defender,Central Defender,7fmpgkx58o9pivo2bbnxxkt05,3czravw89omgc9o4s0w3l1bg5,Athletic Club,Athletic Club,Athletic,ATH,146941.0,392.0,5.0,320.0,300.0,93.75,35.0,26.0,74.29,1.0,1.0,100.0,2.0,1.0,50.0,Aymeric,Laporte,1994-05-27,32.33,174.0,14.0,Defender,Central Defender,7fmpgkx58o9pivo2bbnxxkt05,3czravw89omgc9o4s0w3l1bg5,Athletic Club,Athletic Club,Athletic,ATH,146941,7fmpgkx58o9pivo2bbnxxkt05,174,3czravw89omgc9o4s0w3l1bg5
Ayoze Pérez,168580.0,6.0,284.0,0.0,1.51,-1.51,10.0,4.0,0.0,0.15,Ayoze,Pérez,1993-07-29,33.16,449.0,22.0,Forward,Winger,drwacyyicuhy3heg4j0ipqj85,74mcjsm72vr3l9pw2i4qfjchj,Villarreal CF,Villarreal,Villarreal,VIL,29.0,274.711,13.0,137.235,1.0,0.0,3.0,1.0,9.473,10.557,5.0,0.0,8.0,0.0,0.0,32.0,16.0,50.0,8.0,2.0,25.0,,,,,,,,,,168580.0,284.0,6.0,5.0,5.0,4.0,0.0,0.366,0.366,2.0,2.0,Ayoze,Pérez,1993-07-29,33.16,449.0,22.0,Forward,Winger,drwacyyicuhy3heg4j0ipqj85,74mcjsm72vr3l9pw2i4qfjchj,Villarreal CF,Villarreal,Villarreal,VIL,168580.0,284.0,6.0,80.0,63.0,78.75,36.0,24.0,66.67,0.0,0.0,0.0,0.0,0.0,0.0,Ayoze,Pérez,1993-07-29,33.16,449.0,22.0,Forward,Winger,drwacyyicuhy3heg4j0ipqj85,74mcjsm72vr3l9pw2i4qfjchj,Villarreal CF,Villarreal,Villarreal,VIL,168580,drwacyyicuhy3heg4j0ipqj85,449,74mcjsm72vr3l9pw2i4qfjchj
Aïssa Mandi,86813.0,5.0,450.0,0.0,0.05,-0.05,1.0,0.0,0.0,0.05,Aïssa,Mandi,1991-10-22,34.93,855.0,2.0,Defender,Central Defender,7c2qwyzh82a45s25zmdahrd91,4grc9qgcvusllap8h5j6gc5h5,Levante UD,Levante,Levante,LEV,54.0,452.52,24.0,184.905,0.0,0.0,0.0,0.0,8.38,7.704,9.0,7.0,13.0,2.0,30.0,13.0,12.0,92.308,16.0,10.0,62.5,,,,,,,,,,86813.0,450.0,5.0,2.0,2.0,0.81,0.0,0.045,0.044,0.0,0.0,Aïssa,Mandi,1991-10-22,34.93,855.0,2.0,Defender,Central Defender,7c2qwyzh82a45s25zmdahrd91,4grc9qgcvusllap8h5j6gc5h5,Levante UD,Levante,Levante,LEV,86813.0,450.0,5.0,257.0,238.0,92.61,22.0,15.0,68.18,0.0,0.0,0.0,0.0,0.0,0.0,Aïssa,Mandi,1991-10-22,34.93,855.0,2.0,Defender,Central Defender,7c2qwyzh82a45s25zmdahrd91,4grc9qgcvusllap8h5j6gc5h5,Levante UD,Levante,Levante,LEV,86813,7c2qwyzh82a45s25zmdahrd91,855,4grc9qgcvusllap8h5j6gc5h5
Bernardo Silva,165809.0,5.0,274.0,0.0,0.14,-0.14,1.0,0.0,0.0,0.14,Bernardo,Mota Veiga de Carvalho e Silva,1994-08-10,32.13,186.0,20.0,Midfielder,Attacking Midfielder,b3974hgsmyff5xtq7qf1onhlh,3kq9cckrnlogidldtdie2fkbl,Real Madrid CF,Real Madrid,Real Madrid,RMA,54.0,575.849,27.0,238.455,0.0,0.0,0.0,0.0,10.664,8.832,8.0,5.0,12.0,1.0,3.0,29.0,12.0,41.379,2.0,1.0,50.0,,,,,,,,,,165809.0,274.0,5.0,4.0,3.0,1.46,25.0,0.233,0.228,0.0,0.0,Bernardo,Mota Veiga de Carvalho e Silva,1994-08-10,32.13,186.0,20.0,Midfielder,Attacking Midfielder,b3974hgsmyff5xtq7qf1onhlh,3kq9cckrnlogidldtdie2fkbl,Real Madrid CF,Real Madrid,Real Madrid,RMA,165809.0,274.0,5.0,216.0,199.0,92.13,47.0,42.0,89.36,1.0,0.0,0.0,0.0,0.0,0.0,Bernardo,Mota Veiga de Carvalho e Silva,1994-08-10,32.13,186.0,20.0,Midfielder,Attacking Midfielder,b3974hgsmyff5xtq7qf1onhlh,3kq9cckrnlogidldtdie2fkbl,Real Madrid CF,Real Madrid,Real Madrid,RMA,165809,b3974hgsmyff5xtq7qf1onhlh,186,3kq9cckrnlogidldtdie2fkbl
Beñat Gerenabarrena,631990.0,5.0,373.0,0.0,0.03,-0.03,1.0,1.0,0.0,0.03,Beñat,Gerenabarrena,2003-03-29,23.49,174.0,24.0,Midfielder,Central Midfielder,43g9qpb7gic5w7v38259ykt1w,3czravw89omgc9o4s0w3l1bg5,Athletic Club,Athletic Club,Athletic,ATH,32.0,316.363,14.0,142.065,0.0,0.0,0.0,0.0,9.886,10.147,10.0,12.0,11.0,0.0,3.0,32.0,15.0,46.875,4.0,4.0,100.0,,,,,,,,,,631990.0,373.0,5.0,1.0,1.0,0.61,0.0,0.245,0.245,0.0,0.0,Beñat,Gerenabarrena,2003-03-29,23.49,174.0,24.0,Midfielder,Central Midfielder,43g9qpb7gic5w7v38259ykt1w,3czravw89omgc9o4s0w3l1bg5,Athletic Club,Athletic Club,Athletic,ATH,631990.0,373.0,5.0,169.0,146.0,86.39,38.0,26.0,68.42,7.0,1.0,14.29,0.0,0.0,0.0,Beñat,Gerenabarrena,2003-03-29,23.49,174.0,24.0,Midfielder,Central Midfielder,43g9qpb7gic5w7v38259ykt1w,3czravw89omgc9o4s0w3l1bg5,Athletic Club,Athletic Club,Athletic,ATH,631990,43g9qpb7gic5w7v38259ykt1w,174,3czravw89omgc9o4s0w3l1bg5
Beñat Prados,470506.0,0.0,0.0,0.0,0.0,0.0,0.0,0.0,0.0,0.0,Beñat,Prados,2001-02-08,25.62,174.0,6.0,Midfielder,Central Midfielder,470506,3czravw89omgc9o4s0w3l1bg5,Athletic Club,Athletic Club,Athletic,ATH,0.0,0.0,0.0,0.0,0.0,0.0,0.0,0.0,0.0,0.0,0.0,0.0,0.0,0.0,0.0,0.0,0.0,0.0,0.0,0.0,0.0,,,,,,,,,,470506.0,0.0,0.0,0.0,0.0,0.0,0.0,0.0,0.0,0.0,0.0,Beñat,Prados,2001-02-08,25.62,174.0,6.0,Midfielder,Central Midfielder,470506,3czravw89omgc9o4s0w3l1bg5,Athletic Club,Athletic Club,Athletic,ATH,470506.0,0.0,0.0,0.0,0.0,0.0,0.0,0.0,0.0,0.0,0.0,0.0,0.0,0.0,0.0,Beñat,Prados,2001-02-08,25.62,174.0,6.0,Midfielder,Central Midfielder,470506,3czravw89omgc9o4s0w3l1bg5,Athletic Club,Athletic Club,Athletic,ATH,470506,470506,174,3czravw89omgc9o4s0w3l1bg5
Beñat Turrientes,488026.0,4.0,258.0,0.0,0.1,-0.1,4.0,3.0,0.0,0.03,Beñat,Turrientes,2002-01-31,24.65,188.0,8.0,Midfielder,Central Midfielder,et849xmcdgsy5itb8i4w7qkq2,63f5h8t5e9qm1fqmvfkb23ghh,Real Sociedad de Fútbol,Real Sociedad,Real Sociedad,RSO,41.0,401.799,18.0,209.79,2.0,0.0,0.0,0.0,9.8,11.655,7.0,1.0,14.0,1.0,8.0,13.0,9.0,69.231,1.0,0.0,0.0,,,,,,,,,,488026.0,258.0,4.0,4.0,4.0,2.21,0.0,0.142,0.141,0.0,0.0,Beñat,Turrientes,2002-01-31,24.65,188.0,8.0,Midfielder,Central Midfielder,et849xmcdgsy5itb8i4w7qkq2,63f5h8t5e9qm1fqmvfkb23ghh,Real Sociedad de Fútbol,Real Sociedad,Real Sociedad,RSO,488026.0,258.0,4.0,185.0,171.0,92.43,42.0,37.0,88.1,1.0,0.0,0.0,0.0,0.0,0.0,Beñat,Turrientes,2002-01-31,24.65,188.0,8.0,Midfielder,Central Midfielder,et849xmcdgsy5itb8i4w7qkq2,63f5h8t5e9qm1fqmvfkb23ghh,Real Sociedad de Fútbol,Real Sociedad,Real Sociedad,RSO,488026,et849xmcdgsy5itb8i4w7qkq2,188,63f5h8t5e9qm1fqmvfkb23ghh
Bil Nsongo,711110.0,6.0,330.0,0.0,0.43,-0.43,6.0,2.0,0.0,0.07,Bil,Nsongo,2004-09-21,22.01,180.0,32.0,Forward,Striker,25q6hbx0o1l23zizt87bpamms,1r541mega6d838hi0p44sv0h2,RC Deportivo de A Coruña,Deportivo de A Coruña,Deportivo,DEP,40.0,416.985,14.0,145.425,3.0,0.0,2.0,0.0,10.425,10.388,9.0,0.0,9.0,1.0,6.0,51.0,21.0,41.176,25.0,12.0,48.0,,,,,,,,,,711110.0,330.0,6.0,2.0,2.0,2.78,0.0,0.084,0.084,0.0,0.0,Bil,Nsongo,2004-09-21,22.01,180.0,32.0,Forward,Striker,25q6hbx0o1l23zizt87bpamms,1r541mega6d838hi0p44sv0h2,RC Deportivo de A Coruña,Deportivo de A Coruña,Deportivo,DEP,711110.0,330.0,6.0,77.0,55.0,71.43,30.0,21.0,70.0,2.0,1.0,50.0,0.0,0.0,0.0,Bil,Nsongo,2004-09-21,22.01,180.0,32.0,Forward,Striker,25q6hbx0o1l23zizt87bpamms,1r541mega6d838hi0p44sv0h2,RC Deportivo de A Coruña,Deportivo de A Coruña,Deportivo,DEP,711110,25q6hbx0o1l23zizt87bpamms,180,1r541mega6d838hi0p44sv0h2
Borja Iglesias,202044.0,1.0,21.0,0.0,0.29,-0.29,2.0,0.0,0.0,0.14,Borja,Iglesias,1993-01-17,33.69,176.0,7.0,Forward,Striker,d12m2oz1lomkc1qxmpht38lat,6f27yvbqcngegwsg2ozxxdj4,Real Club Celta de Vigo,Celta de Vigo,Celta,CEL,1.0,7.439,1.0,5.88,0.0,0.0,0.0,0.0,7.439,5.88,0.0,0.0,1.0,0.0,0.0,0.0,0.0,0.0,1.0,0.0,0.0,,,,,,,,,,202044.0,21.0,1.0,0.0,0.0,0.0,0.0,0.007,0.007,0.0,0.0,Borja,Iglesias,1993-01-17,33.69,176.0,7.0,Forward,Striker,d12m2oz1lomkc1qxmpht38lat,6f27yvbqcngegwsg2ozxxdj4,Real Club Celta de Vigo,Celta de Vigo,Celta,CEL,202044.0,21.0,1.0,5.0,4.0,80.0,2.0,2.0,100.0,0.0,0.0,0.0,0.0,0.0,0.0,Borja,Iglesias,1993-01-17,33.69,176.0,7.0,Forward,Striker,d12m2oz1lomkc1qxmpht38lat,6f27yvbqcngegwsg2ozxxdj4,Real Club Celta de Vigo,Celta de Vigo,Celta,CEL,202044,d12m2oz1lomkc1qxmpht38lat,176,6f27yvbqcngegwsg2ozxxdj4
Borja Mayoral,199248.0,2.0,5.0,0.0,0.0,0.0,0.0,0.0,0.0,0.0,Borja,Mayoral,1997-04-05,29.47,1450.0,9.0,Forward,Striker,52e2ogoex674bz6pcwluapdxx,1n1j0wsl763lq7ee1k0c11c02,Getafe CF,Getafe,Getafe,GET,1.0,5.721,0.0,0.315,0.0,0.0,0.0,0.0,5.721,0.0,0.0,0.0,1.0,0.0,0.0,1.0,1.0,100.0,1.0,0.0,0.0,,,,,,,,,,199248.0,5.0,2.0,0.0,0.0,0.0,0.0,0.0,0.0,0.0,0.0,Borja,Mayoral,1997-04-05,29.47,1450.0,9.0,Forward,Striker,52e2ogoex674bz6pcwluapdxx,1n1j0wsl763lq7ee1k0c11c02,Getafe CF,Getafe,Getafe,GET,199248.0,5.0,2.0,2.0,0.0,0.0,2.0,0.0,0.0,1.0,0.0,0.0,0.0,0.0,0.0,Borja,Mayoral,1997-04-05,29.47,1450.0,9.0,Forward,Striker,52e2ogoex674bz6pcwluapdxx,1n1j0wsl763lq7ee1k0c11c02,Getafe CF,Getafe,Getafe,GET,199248,52e2ogoex674bz6pcwluapdxx,1450,1n1j0wsl763lq7ee1k0c11c02
Brahim Díaz,216183.0,3.0,99.0,0.0,0.05,-0.05,1.0,0.0,0.0,0.05,Brahim,Díaz,1999-08-03,27.15,186.0,21.0,Midfielder,Attacking Midfielder,3jln1gzc0859ymphvq83i0mp5,3kq9cckrnlogidldtdie2fkbl,Real Madrid CF,Real Madrid,Real Madrid,RMA,13.0,211.529,7.0,145.005,0.0,0.0,0.0,0.0,16.271,20.715,1.0,0.0,6.0,0.0,0.0,9.0,4.0,44.444,0.0,0.0,0.0,,,,,,,,,,216183.0,99.0,3.0,3.0,3.0,6.67,0.0,0.08,0.079,0.0,0.0,Brahim,Díaz,1999-08-03,27.15,186.0,21.0,Midfielder,Attacking Midfielder,3jln1gzc0859ymphvq83i0mp5,3kq9cckrnlogidldtdie2fkbl,Real Madrid CF,Real Madrid,Real Madrid,RMA,216183.0,99.0,3.0,47.0,47.0,100.0,15.0,15.0,100.0,1.0,0.0,0.0,0.0,0.0,0.0,Brahim,Díaz,1999-08-03,27.15,186.0,21.0,Midfielder,Attacking Midfielder,3jln1gzc0859ymphvq83i0mp5,3kq9cckrnlogidldtdie2fkbl,Real Madrid CF,Real Madrid,Real Madrid,RMA,216183,3jln1gzc0859ymphvq83i0mp5,186,3kq9cckrnlogidldtdie2fkbl
Brian Fariñas,499314.0,0.0,0.0,0.0,0.0,0.0,0.0,0.0,0.0,0.0,Brian,Fariñas,2006-02-09,20.62,178.0,4.0,Midfielder,Central Midfielder,499314,agh9ifb2mw3ivjusgedj7c3fe,FC Barcelona,Barcelona,Barcelona,BAR,0.0,0.0,0.0,0.0,0.0,0.0,0.0,0.0,0.0,0.0,0.0,0.0,0.0,0.0,0.0,0.0,0.0,0.0,0.0,0.0,0.0,,,,,,,,,,499314.0,0.0,0.0,0.0,0.0,0.0,0.0,0.0,0.0,0.0,0.0,Brian,Fariñas,2006-02-09,20.62,178.0,4.0,Midfielder,Central Midfielder,499314,agh9ifb2mw3ivjusgedj7c3fe,FC Barcelona,Barcelona,Barcelona,BAR,499314.0,0.0,0.0,0.0,0.0,0.0,0.0,0.0,0.0,0.0,0.0,0.0,0.0,0.0,0.0,Brian,Fariñas,2006-02-09,20.62,178.0,4.0,Midfielder,Central Midfielder,499314,agh9ifb2mw3ivjusgedj7c3fe,FC Barcelona,Barcelona,Barcelona,BAR,499314,499314,178,agh9ifb2mw3ivjusgedj7c3fe
Bright Ede,679125.0,3.0,196.0,0.0,0.04,-0.04,1.0,0.0,0.0,0.04,Bright,Ede,2007-02-18,19.59,180.0,22.0,Defender,Central Defender,dt2c9yjedvsjli6lcv34amgb8,1r541mega6d838hi0p44sv0h2,RC Deportivo de A Coruña,Deportivo de A Coruña,Deportivo,DEP,25.0,291.243,14.0,181.965,0.0,0.0,0.0,0.0,11.65,12.998,4.0,3.0,5.0,1.0,15.0,8.0,5.0,62.5,6.0,5.0,83.333,,,,,,,,,,679125.0,196.0,3.0,0.0,0.0,0.0,0.0,0.015,0.015,0.0,0.0,Bright,Ede,2007-02-18,19.59,180.0,22.0,Defender,Central Defender,dt2c9yjedvsjli6lcv34amgb8,1r541mega6d838hi0p44sv0h2,RC Deportivo de A Coruña,Deportivo de A Coruña,Deportivo,DEP,679125.0,196.0,3.0,115.0,103.0,89.57,14.0,10.0,71.43,0.0,0.0,0.0,0.0,0.0,0.0,Bright,Ede,2007-02-18,19.59,180.0,22.0,Defender,Central Defender,dt2c9yjedvsjli6lcv34amgb8,1r541mega6d838hi0p44sv0h2,RC Deportivo de A Coruña,Deportivo de A Coruña,Deportivo,DEP,679125,dt2c9yjedvsjli6lcv34amgb8,180,1r541mega6d838hi0p44sv0h2
Bryan Zaragoza,522601.0,3.0,70.0,0.0,0.07,-0.07,2.0,1.0,0.0,0.04,Bryan,Zaragoza,2001-09-09,25.04,177.0,15.0,Forward,Winger,bzv32rpgvs111w8e2gch452xg,c8llrezkm3b3op4afrou6b487,Reial Club Deportiu Espanyol de Barcelona,Espanyol,Espanyol,ESP,18.0,223.067,11.0,144.795,1.0,0.0,1.0,0.0,12.393,13.163,0.0,1.0,5.0,0.0,0.0,6.0,4.0,66.667,0.0,0.0,0.0,,,,,,,,,,522601.0,70.0,3.0,2.0,2.0,6.25,0.0,0.446,0.445,0.0,0.0,Bryan,Zaragoza,2001-09-09,25.04,177.0,15.0,Forward,Winger,bzv32rpgvs111w8e2gch452xg,c8llrezkm3b3op4afrou6b487,Reial Club Deportiu Espanyol de Barcelona,Espanyol,Espanyol,ESP,522601.0,70.0,3.0,32.0,20.0,62.5,21.0,11.0,52.38,2.0,0.0,0.0,0.0,0.0,0.0,Bryan,Zaragoza,2001-09-09,25.04,177.0,15.0,Forward,Winger,bzv32rpgvs111w8e2gch452xg,c8llrezkm3b3op4afrou6b487,Reial Club Deportiu Espanyol de Barcelona,Espanyol,Espanyol,ESP,522601,bzv32rpgvs111w8e2gch452xg,177,c8llrezkm3b3op4afrou6b487
Buba Sangaré,633425.0,6.0,503.0,1.0,0.04,0.96,1.0,1.0,100.0,0.04,Buba,Sangaré,2007-08-06,19.13,954.0,2.0,Defender,Full Back,anzk8a183bh3gf3gcuz0v0tuc,4yg9ttzw0m51048doksv8uq5r,Elche CF,Elche,Elche,ELC,43.0,583.715,23.0,326.34,0.0,0.0,1.0,0.0,13.575,14.189,11.0,3.0,7.0,1.0,16.0,34.0,15.0,44.118,5.0,2.0,40.0,,,,,,,,,,633425.0,503.0,6.0,2.0,2.0,1.22,0.0,0.124,0.122,0.0,0.0,Buba,Sangaré,2007-08-06,19.13,954.0,2.0,Defender,Full Back,anzk8a183bh3gf3gcuz0v0tuc,4yg9ttzw0m51048doksv8uq5r,Elche CF,Elche,Elche,ELC,633425.0,503.0,6.0,168.0,142.0,84.52,52.0,35.0,67.31,7.0,1.0,14.29,0.0,0.0,0.0,Buba,Sangaré,2007-08-06,19.13,954.0,2.0,Defender,Full Back,anzk8a183bh3gf3gcuz0v0tuc,4yg9ttzw0m51048doksv8uq5r,Elche CF,Elche,Elche,ELC,633425,anzk8a183bh3gf3gcuz0v0tuc,954,4yg9ttzw0m51048doksv8uq5r
Cala,568812.0,6.0,327.0,1.0,0.77,0.23,8.0,4.0,12.5,0.1,Álex,Calatrava Torrado,2000-06-22,26.26,177.0,22.0,Midfielder,Attacking Midfielder,6fh3f8iawdfay3q4od23itpuc,c8llrezkm3b3op4afrou6b487,Reial Club Deportiu Espanyol de Barcelona,Espanyol,Espanyol,ESP,41.0,431.956,22.0,200.97,1.0,0.0,0.0,0.0,10.536,9.135,11.0,2.0,11.0,0.0,4.0,41.0,18.0,43.902,11.0,6.0,54.545,,,,,,,,,,568812.0,327.0,6.0,2.0,2.0,1.96,0.0,0.212,0.211,0.0,0.0,Álex,Calatrava Torrado,2000-06-22,26.26,177.0,22.0,Midfielder,Attacking Midfielder,6fh3f8iawdfay3q4od23itpuc,c8llrezkm3b3op4afrou6b487,Reial Club Deportiu Espanyol de Barcelona,Espanyol,Espanyol,ESP,568812.0,327.0,6.0,102.0,70.0,68.63,41.0,27.0,65.85,6.0,0.0,0.0,0.0,0.0,0.0,Álex,Calatrava Torrado,2000-06-22,26.26,177.0,22.0,Midfielder,Attacking Midfielder,6fh3f8iawdfay3q4od23itpuc,c8llrezkm3b3op4afrou6b487,Reial Club Deportiu Espanyol de Barcelona,Espanyol,Espanyol,ESP,568812,6fh3f8iawdfay3q4od23itpuc,177,c8llrezkm3b3op4afrou6b487
Carl Starfelt,174249.0,3.0,218.0,1.0,0.3,0.7,4.0,1.0,25.0,0.08,Carl,Starfelt,1995-06-01,31.32,176.0,2.0,Defender,Central Defender,cksi669gcnskpytzh70a43it,6f27yvbqcngegwsg2ozxxdj4,Real Club Celta de Vigo,Celta de Vigo,Celta,CEL,47.0,534.448,39.0,439.635,0.0,0.0,0.0,0.0,11.371,11.273,8.0,4.0,10.0,0.0,10.0,12.0,10.0,83.333,14.0,5.0,35.714,,,,,,,,,,174249.0,218.0,3.0,1.0,1.0,0.52,0.0,0.044,0.044,0.0,0.0,Carl,Starfelt,1995-06-01,31.32,176.0,2.0,Defender,Central Defender,cksi669gcnskpytzh70a43it,6f27yvbqcngegwsg2ozxxdj4,Real Club Celta de Vigo,Celta de Vigo,Celta,CEL,174249.0,218.0,3.0,194.0,188.0,96.91,14.0,11.0,78.57,0.0,0.0,0.0,0.0,0.0,0.0,Carl,Starfelt,1995-06-01,31.32,176.0,2.0,Defender,Central Defender,cksi669gcnskpytzh70a43it,6f27yvbqcngegwsg2ozxxdj4,Real Club Celta de Vigo,Celta de Vigo,Celta,CEL,174249,cksi669gcnskpytzh70a43it,176,6f27yvbqcngegwsg2ozxxdj4
Carles Aleñá,179271.0,5.0,110.0,0.0,0.11,-0.11,2.0,1.0,0.0,0.05,Carles,Aleñá,1998-01-05,28.72,173.0,10.0,Midfielder,Central Midfielder,eiqt71z69beq7akuhot0foset,4dtdjgnpdq9uw4sdutti0vaar,Deportivo Alavés,Alavés,Alavés,ALA,15.0,134.899,7.0,52.08,0.0,0.0,0.0,0.0,8.993,7.44,4.0,1.0,4.0,0.0,2.0,15.0,5.0,33.333,0.0,0.0,0.0,,,,,,,,,,179271.0,110.0,5.0,2.0,2.0,1.56,0.0,0.048,0.048,1.0,1.0,Carles,Aleñá,1998-01-05,28.72,173.0,10.0,Midfielder,Central Midfielder,eiqt71z69beq7akuhot0foset,4dtdjgnpdq9uw4sdutti0vaar,Deportivo Alavés,Alavés,Alavés,ALA,179271.0,110.0,5.0,65.0,53.0,81.54,20.0,15.0,75.0,2.0,0.0,0.0,0.0,0.0,0.0,Carles,Aleñá,1998-01-05,28.72,173.0,10.0,Midfielder,Central Midfielder,eiqt71z69beq7akuhot0foset,4dtdjgnpdq9uw4sdutti0vaar,Deportivo Alavés,Alavés,Alavés,ALA,179271,eiqt71z69beq7akuhot0foset,173,4dtdjgnpdq9uw4sdutti0vaar
Carlos Dotor,448178.0,5.0,377.0,1.0,0.37,0.63,3.0,2.0,33.33,0.12,Carlos,Dotor,2001-03-15,25.53,182.0,8.0,Midfielder,0,cyo6sdiy84t6b9nk46snawq5m,7012hpp3p5vg4fzyn3h0yvf09,Málaga CF,Málaga,Málaga,MAL,61.0,600.146,21.0,143.535,1.0,0.0,0.0,0.0,9.838,6.835,10.0,3.0,20.0,0.0,3.0,28.0,14.0,50.0,6.0,2.0,33.333,,,,,,,,,,448178.0,377.0,5.0,4.0,4.0,1.95,0.0,0.242,0.242,0.0,0.0,Carlos,Dotor,2001-03-15,25.53,182.0,8.0,Midfielder,0,cyo6sdiy84t6b9nk46snawq5m,7012hpp3p5vg4fzyn3h0yvf09,Málaga CF,Málaga,Málaga,MAL,448178.0,377.0,5.0,207.0,176.0,85.02,59.0,50.0,84.75,1.0,0.0,0.0,2.0,1.0,50.0,Carlos,Dotor,2001-03-15,25.53,182.0,8.0,Midfielder,0,cyo6sdiy84t6b9nk46snawq5m,7012hpp3p5vg4fzyn3h0yvf09,Málaga CF,Málaga,Málaga,MAL,448178,cyo6sdiy84t6b9nk46snawq5m,182,7012hpp3p5vg4fzyn3h0yvf09
Carlos Espí,645745.0,4.0,25.0,2.0,1.78,0.22,4.0,3.0,50.0,0.45,Carlos,Espí,2005-07-24,21.17,186.0,19.0,Forward,0,cbh5v5yi380uvbt5z2xbxemfo,3kq9cckrnlogidldtdie2fkbl,Real Madrid CF,Real Madrid,Real Madrid,RMA,3.0,22.01,2.0,9.345,0.0,0.0,0.0,0.0,7.337,4.672,0.0,1.0,2.0,0.0,0.0,4.0,3.0,75.0,0.0,0.0,0.0,,,,,,,,,,645745.0,25.0,4.0,1.0,1.0,20.0,0.0,0.058,0.058,0.0,0.0,Carlos,Espí,2005-07-24,21.17,186.0,19.0,Forward,0,cbh5v5yi380uvbt5z2xbxemfo,3kq9cckrnlogidldtdie2fkbl,Real Madrid CF,Real Madrid,Real Madrid,RMA,645745.0,25.0,4.0,5.0,4.0,80.0,4.0,3.0,75.0,1.0,0.0,0.0,0.0,0.0,0.0,Carlos,Espí,2005-07-24,21.17,186.0,19.0,Forward,0,cbh5v5yi380uvbt5z2xbxemfo,3kq9cckrnlogidldtdie2fkbl,Real Madrid CF,Real Madrid,Real Madrid,RMA,645745,cbh5v5yi380uvbt5z2xbxemfo,186,3kq9cckrnlogidldtdie2fkbl
Carlos Maciá,710081.0,3.0,55.0,0.0,0.0,0.0,0.0,0.0,0.0,0.0,Carlos,Maciá,2008-09-01,18.06,449.0,16.0,Midfielder,0,bzq3430ybx8y4n09hgqtxkt90,74mcjsm72vr3l9pw2i4qfjchj,Villarreal CF,Villarreal,Villarreal,VIL,7.0,50.518,1.0,15.645,0.0,0.0,0.0,0.0,7.217,15.645,4.0,2.0,3.0,0.0,3.0,10.0,5.0,50.0,1.0,0.0,0.0,,,,,,,,,,710081.0,55.0,3.0,0.0,0.0,0.0,0.0,0.018,0.018,0.0,0.0,Carlos,Maciá,2008-09-01,18.06,449.0,16.0,Midfielder,0,bzq3430ybx8y4n09hgqtxkt90,74mcjsm72vr3l9pw2i4qfjchj,Villarreal CF,Villarreal,Villarreal,VIL,710081.0,55.0,3.0,42.0,39.0,92.86,7.0,5.0,71.43,0.0,0.0,0.0,0.0,0.0,0.0,Carlos,Maciá,2008-09-01,18.06,449.0,16.0,Midfielder,0,bzq3430ybx8y4n09hgqtxkt90,74mcjsm72vr3l9pw2i4qfjchj,Villarreal CF,Villarreal,Villarreal,VIL,710081,bzq3430ybx8y4n09hgqtxkt90,449,74mcjsm72vr3l9pw2i4qfjchj
Carlos Martín,531219.0,1.0,57.0,0.0,0.07,-0.07,2.0,0.0,0.0,0.03,Carlos,Martín,2002-04-22,24.42,175.0,12.0,Forward,Striker,c90gk99jn34wxtlad784hpnv8,4ku8o6uf87yd8iecdalipo6wd,Club Atlético de Madrid,Atlético de Madrid,Atlético,ATM,2.0,18.097,1.0,14.07,1.0,0.0,0.0,0.0,9.048,14.07,0.0,0.0,2.0,0.0,0.0,5.0,0.0,0.0,3.0,1.0,33.333,,,,,,,,,,531219.0,57.0,1.0,0.0,0.0,0.0,0.0,0.069,0.069,0.0,0.0,Carlos,Martín,2002-04-22,24.42,175.0,12.0,Forward,Striker,c90gk99jn34wxtlad784hpnv8,4ku8o6uf87yd8iecdalipo6wd,Club Atlético de Madrid,Atlético de Madrid,Atlético,ATM,531219.0,57.0,1.0,20.0,15.0,75.0,13.0,8.0,61.54,1.0,0.0,0.0,0.0,0.0,0.0,Carlos,Martín,2002-04-22,24.42,175.0,12.0,Forward,Striker,c90gk99jn34wxtlad784hpnv8,4ku8o6uf87yd8iecdalipo6wd,Club Atlético de Madrid,Atlético de Madrid,Atlético,ATM,531219,c90gk99jn34wxtlad784hpnv8,175,4ku8o6uf87yd8iecdalipo6wd
Carlos Protesoni,244707.0,2.0,64.0,0.0,0.06,-0.06,1.0,0.0,0.0,0.06,Carlos,Protesoni,1998-03-30,28.49,173.0,23.0,Midfielder,Central Midfielder,16mj3l623plqx1hm9zvpvn5yh,4dtdjgnpdq9uw4sdutti0vaar,Deportivo Alavés,Alavés,Alavés,ALA,7.0,124.447,4.0,-0.105,0.0,0.0,1.0,0.0,17.778,-0.026,1.0,3.0,5.0,0.0,1.0,8.0,3.0,37.5,2.0,1.0,50.0,,,,,,,,,,244707.0,64.0,2.0,1.0,1.0,4.17,0.0,0.017,0.017,0.0,0.0,Carlos,Protesoni,1998-03-30,28.49,173.0,23.0,Midfielder,Central Midfielder,16mj3l623plqx1hm9zvpvn5yh,4dtdjgnpdq9uw4sdutti0vaar,Deportivo Alavés,Alavés,Alavés,ALA,244707.0,64.0,2.0,24.0,19.0,79.17,7.0,4.0,57.14,1.0,0.0,0.0,0.0,0.0,0.0,Carlos,Protesoni,1998-03-30,28.49,173.0,23.0,Midfielder,Central Midfielder,16mj3l623plqx1hm9zvpvn5yh,4dtdjgnpdq9uw4sdutti0vaar,Deportivo Alavés,Alavés,Alavés,ALA,244707,16mj3l623plqx1hm9zvpvn5yh,173,4dtdjgnpdq9uw4sdutti0vaar
Carlos Puga,562075.0,6.0,343.0,0.0,0.02,-0.02,1.0,0.0,0.0,0.02,Carlos,Puga,2000-11-26,25.83,182.0,3.0,Defender,Full Back,9xo5ysik9fasf8vvpn5htwuay,7012hpp3p5vg4fzyn3h0yvf09,Málaga CF,Málaga,Málaga,MAL,52.0,633.52,32.0,432.18,0.0,0.0,1.0,0.0,12.183,13.506,15.0,6.0,12.0,4.0,12.0,62.0,34.0,54.839,4.0,2.0,50.0,,,,,,,,,,562075.0,343.0,6.0,2.0,1.0,0.58,50.0,0.122,0.118,0.0,0.0,Carlos,Puga,2000-11-26,25.83,182.0,3.0,Defender,Full Back,9xo5ysik9fasf8vvpn5htwuay,7012hpp3p5vg4fzyn3h0yvf09,Málaga CF,Málaga,Málaga,MAL,562075.0,343.0,6.0,172.0,136.0,79.07,53.0,36.0,67.92,3.0,0.0,0.0,0.0,0.0,0.0,Carlos,Puga,2000-11-26,25.83,182.0,3.0,Defender,Full Back,9xo5ysik9fasf8vvpn5htwuay,7012hpp3p5vg4fzyn3h0yvf09,Málaga CF,Málaga,Málaga,MAL,562075,9xo5ysik9fasf8vvpn5htwuay,182,7012hpp3p5vg4fzyn3h0yvf09
Carlos Romero,588993.0,5.0,387.0,0.0,0.18,-0.18,4.0,0.0,0.0,0.04,Carlos,Romero,2001-10-29,24.9,449.0,20.0,Defender,Full Back,5djkwcoflvxcv5oida6txfyp6,74mcjsm72vr3l9pw2i4qfjchj,Villarreal CF,Villarreal,Villarreal,VIL,69.0,768.413,36.0,373.8,1.0,0.0,1.0,0.0,11.136,10.383,7.0,2.0,27.0,2.0,7.0,31.0,20.0,64.516,5.0,3.0,60.0,,,,,,,,,,588993.0,387.0,5.0,2.0,2.0,0.86,0.0,0.272,0.271,0.0,0.0,Carlos,Romero,2001-10-29,24.9,449.0,20.0,Defender,Full Back,5djkwcoflvxcv5oida6txfyp6,74mcjsm72vr3l9pw2i4qfjchj,Villarreal CF,Villarreal,Villarreal,VIL,588993.0,387.0,5.0,236.0,209.0,88.56,80.0,66.0,82.5,9.0,1.0,11.11,0.0,0.0,0.0,Carlos,Romero,2001-10-29,24.9,449.0,20.0,Defender,Full Back,5djkwcoflvxcv5oida6txfyp6,74mcjsm72vr3l9pw2i4qfjchj,Villarreal CF,Villarreal,Villarreal,VIL,588993,5djkwcoflvxcv5oida6txfyp6,449,74mcjsm72vr3l9pw2i4qfjchj
Carlos Soler,224860.0,6.0,374.0,0.0,0.07,-0.07,2.0,1.0,0.0,0.04,Carlos,Soler,1997-01-02,29.73,188.0,18.0,Midfielder,Central Midfielder,dsmcqfl0e1be4ag7czbnolo15,63f5h8t5e9qm1fqmvfkb23ghh,Real Sociedad de Fútbol,Real Sociedad,Real Sociedad,RSO,39.0,360.765,18.0,145.53,0.0,0.0,1.0,0.0,9.25,8.085,6.0,1.0,27.0,2.0,4.0,22.0,11.0,50.0,2.0,1.0,50.0,,,,,,,,,,224860.0,374.0,6.0,9.0,5.0,2.35,33.33,0.479,0.277,1.0,0.0,Carlos,Soler,1997-01-02,29.73,188.0,18.0,Midfielder,Central Midfielder,dsmcqfl0e1be4ag7czbnolo15,63f5h8t5e9qm1fqmvfkb23ghh,Real Sociedad de Fútbol,Real Sociedad,Real Sociedad,RSO,224860.0,374.0,6.0,224.0,199.0,88.84,54.0,44.0,81.48,2.0,0.0,0.0,1.0,1.0,100.0,Carlos,Soler,1997-01-02,29.73,188.0,18.0,Midfielder,Central Midfielder,dsmcqfl0e1be4ag7czbnolo15,63f5h8t5e9qm1fqmvfkb23ghh,Real Sociedad de Fútbol,Real Sociedad,Real Sociedad,RSO,224860,dsmcqfl0e1be4ag7czbnolo15,188,63f5h8t5e9qm1fqmvfkb23ghh
Carlos Sánchez,720621.0,0.0,0.0,0.0,0.0,0.0,0.0,0.0,0.0,0.0,Carlos,Sánchez,2005-04-19,21.43,189.0,30.0,Defender,0,720621,bzkwzatvwahmbzok1ymm5vqa1,Real Racing Club,Racing de Santander,Santander,RAC,0.0,0.0,0.0,0.0,0.0,0.0,0.0,0.0,0.0,0.0,0.0,0.0,0.0,0.0,0.0,0.0,0.0,0.0,0.0,0.0,0.0,,,,,,,,,,720621.0,0.0,0.0,0.0,0.0,0.0,0.0,0.0,0.0,0.0,0.0,Carlos,Sánchez,2005-04-19,21.43,189.0,30.0,Defender,0,720621,bzkwzatvwahmbzok1ymm5vqa1,Real Racing Club,Racing de Santander,Santander,RAC,720621.0,0.0,0.0,0.0,0.0,0.0,0.0,0.0,0.0,0.0,0.0,0.0,0.0,0.0,0.0,Carlos,Sánchez,2005-04-19,21.43,189.0,30.0,Defender,0,720621,bzkwzatvwahmbzok1ymm5vqa1,Real Racing Club,Racing de Santander,Santander,RAC,720621,720621,189,bzkwzatvwahmbzok1ymm5vqa1
Carlos Álvarez,494921.0,1.0,45.0,0.0,0.0,0.0,0.0,0.0,0.0,0.0,Carlos,Álvarez,2003-08-06,23.13,855.0,10.0,Midfielder,Attacking Midfielder,6gtfe9aysdrcht4v2rluu0ley,4grc9qgcvusllap8h5j6gc5h5,Levante UD,Levante,Levante,LEV,7.0,106.829,6.0,80.115,0.0,0.0,1.0,0.0,15.261,13.352,0.0,0.0,3.0,0.0,0.0,4.0,2.0,50.0,0.0,0.0,0.0,,,,,,,,,,494921.0,45.0,1.0,1.0,1.0,7.14,0.0,0.014,0.014,0.0,0.0,Carlos,Álvarez,2003-08-06,23.13,855.0,10.0,Midfielder,Attacking Midfielder,6gtfe9aysdrcht4v2rluu0ley,4grc9qgcvusllap8h5j6gc5h5,Levante UD,Levante,Levante,LEV,494921.0,45.0,1.0,14.0,12.0,85.71,5.0,4.0,80.0,0.0,0.0,0.0,0.0,0.0,0.0,Carlos,Álvarez,2003-08-06,23.13,855.0,10.0,Midfielder,Attacking Midfielder,6gtfe9aysdrcht4v2rluu0ley,4grc9qgcvusllap8h5j6gc5h5,Levante UD,Levante,Levante,LEV,494921,6gtfe9aysdrcht4v2rluu0ley,855,4grc9qgcvusllap8h5j6gc5h5
Cestero,499358.0,0.0,0.0,0.0,0.0,0.0,0.0,0.0,0.0,0.0,Jorge,Cestero Sancho,2006-03-24,20.5,186.0,29.0,Midfielder,Central Midfielder,499358,3kq9cckrnlogidldtdie2fkbl,Real Madrid CF,Real Madrid,Real Madrid,RMA,0.0,0.0,0.0,0.0,0.0,0.0,0.0,0.0,0.0,0.0,0.0,0.0,0.0,0.0,0.0,0.0,0.0,0.0,0.0,0.0,0.0,,,,,,,,,,499358.0,0.0,0.0,0.0,0.0,0.0,0.0,0.0,0.0,0.0,0.0,Jorge,Cestero Sancho,2006-03-24,20.5,186.0,29.0,Midfielder,Central Midfielder,499358,3kq9cckrnlogidldtdie2fkbl,Real Madrid CF,Real Madrid,Real Madrid,RMA,499358.0,0.0,0.0,0.0,0.0,0.0,0.0,0.0,0.0,0.0,0.0,0.0,0.0,0.0,0.0,Jorge,Cestero Sancho,2006-03-24,20.5,186.0,29.0,Midfielder,Central Midfielder,499358,3kq9cckrnlogidldtdie2fkbl,Real Madrid CF,Real Madrid,Real Madrid,RMA,499358,499358,186,3kq9cckrnlogidldtdie2fkbl
Cheikh Thiam,696086.0,0.0,0.0,0.0,0.0,0.0,0.0,0.0,0.0,0.0,Cheikh,Thiam,2005-11-07,20.88,449.0,30.0,Midfielder,0,696086,74mcjsm72vr3l9pw2i4qfjchj,Villarreal CF,Villarreal,Villarreal,VIL,0.0,0.0,0.0,0.0,0.0,0.0,0.0,0.0,0.0,0.0,0.0,0.0,0.0,0.0,0.0,0.0,0.0,0.0,0.0,0.0,0.0,,,,,,,,,,696086.0,0.0,0.0,0.0,0.0,0.0,0.0,0.0,0.0,0.0,0.0,Cheikh,Thiam,2005-11-07,20.88,449.0,30.0,Midfielder,0,696086,74mcjsm72vr3l9pw2i4qfjchj,Villarreal CF,Villarreal,Villarreal,VIL,696086.0,0.0,0.0,0.0,0.0,0.0,0.0,0.0,0.0,0.0,0.0,0.0,0.0,0.0,0.0,Cheikh,Thiam,2005-11-07,20.88,449.0,30.0,Midfielder,0,696086,74mcjsm72vr3l9pw2i4qfjchj,Villarreal CF,Villarreal,Villarreal,VIL,696086,696086,449,74mcjsm72vr3l9pw2i4qfjchj
Chidera Ejuke,250437.0,5.0,179.0,1.0,0.34,0.66,2.0,1.0,50.0,0.17,Chidera,Ejuke,1998-01-02,28.73,179.0,21.0,Forward,Winger,6ufkq71qh9wrfyaez5yi94e09,10eyb18v5puw4ez03ocaug09m,Sevilla FC,Sevilla,Sevilla,SEV,35.0,483.709,23.0,339.045,2.0,1.0,1.0,0.0,13.82,14.741,3.0,2.0,12.0,0.0,3.0,29.0,13.0,44.828,4.0,2.0,50.0,,,,,,,,,,250437.0,179.0,5.0,1.0,1.0,1.96,0.0,0.056,0.054,0.0,0.0,Chidera,Ejuke,1998-01-02,28.73,179.0,21.0,Forward,Winger,6ufkq71qh9wrfyaez5yi94e09,10eyb18v5puw4ez03ocaug09m,Sevilla FC,Sevilla,Sevilla,SEV,250437.0,179.0,5.0,52.0,48.0,92.31,18.0,15.0,83.33,4.0,0.0,0.0,0.0,0.0,0.0,Chidera,Ejuke,1998-01-02,28.73,179.0,21.0,Forward,Winger,6ufkq71qh9wrfyaez5yi94e09,10eyb18v5puw4ez03ocaug09m,Sevilla FC,Sevilla,Sevilla,SEV,250437,6ufkq71qh9wrfyaez5yi94e09,179,10eyb18v5puw4ez03ocaug09m
Chupe,620045.0,6.0,540.0,1.0,3.05,-2.05,15.0,3.0,6.67,0.2,Carlos,Ruiz Rubio,2004-08-24,22.08,182.0,9.0,Forward,Striker,57t5u1nz5em7gvnhbgkamr310,7012hpp3p5vg4fzyn3h0yvf09,Málaga CF,Málaga,Málaga,MAL,26.0,289.913,14.0,147.84,3.0,0.0,1.0,0.0,11.151,10.56,3.0,1.0,6.0,0.0,9.0,32.0,13.0,40.625,23.0,12.0,52.174,,,,,,,,,,620045.0,540.0,6.0,3.0,3.0,3.16,0.0,0.122,0.122,0.0,0.0,Carlos,Ruiz Rubio,2004-08-24,22.08,182.0,9.0,Forward,Striker,57t5u1nz5em7gvnhbgkamr310,7012hpp3p5vg4fzyn3h0yvf09,Málaga CF,Málaga,Málaga,MAL,620045.0,540.0,6.0,96.0,61.0,63.54,46.0,27.0,58.7,3.0,0.0,0.0,0.0,0.0,0.0,Carlos,Ruiz Rubio,2004-08-24,22.08,182.0,9.0,Forward,Striker,57t5u1nz5em7gvnhbgkamr310,7012hpp3p5vg4fzyn3h0yvf09,Málaga CF,Málaga,Málaga,MAL,620045,57t5u1nz5em7gvnhbgkamr310,182,7012hpp3p5vg4fzyn3h0yvf09
Clemens Riedel,514968.0,5.0,340.0,0.0,0.04,-0.04,2.0,2.0,0.0,0.02,Clemens,Riedel,2003-07-19,23.18,177.0,5.0,Defender,Central Defender,53bjqee7oomr7czgfmm1mcy96,c8llrezkm3b3op4afrou6b487,Reial Club Deportiu Espanyol de Barcelona,Espanyol,Espanyol,ESP,36.0,354.87,19.0,219.765,1.0,0.0,0.0,0.0,9.858,11.567,4.0,2.0,11.0,2.0,24.0,17.0,5.0,29.412,13.0,8.0,61.538,,,,,,,,,,514968.0,340.0,5.0,0.0,0.0,0.0,0.0,0.04,0.04,0.0,0.0,Clemens,Riedel,2003-07-19,23.18,177.0,5.0,Defender,Central Defender,53bjqee7oomr7czgfmm1mcy96,c8llrezkm3b3op4afrou6b487,Reial Club Deportiu Espanyol de Barcelona,Espanyol,Espanyol,ESP,514968.0,340.0,5.0,200.0,166.0,83.0,24.0,12.0,50.0,1.0,0.0,0.0,0.0,0.0,0.0,Clemens,Riedel,2003-07-19,23.18,177.0,5.0,Defender,Central Defender,53bjqee7oomr7czgfmm1mcy96,c8llrezkm3b3op4afrou6b487,Reial Club Deportiu Espanyol de Barcelona,Espanyol,Espanyol,ESP,514968,53bjqee7oomr7czgfmm1mcy96,177,c8llrezkm3b3op4afrou6b487
Couhaib Driouech,510657.0,3.0,63.0,0.0,0.06,-0.06,2.0,0.0,0.0,0.03,Couhaib,Driouech,2002-04-17,24.44,176.0,24.0,Forward,0,6jhavdnaitqn6ydme8a526aui,6f27yvbqcngegwsg2ozxxdj4,Real Club Celta de Vigo,Celta de Vigo,Celta,CEL,27.0,368.195,18.0,200.445,2.0,0.0,2.0,0.0,13.637,11.136,4.0,2.0,8.0,1.0,0.0,9.0,5.0,55.556,0.0,0.0,0.0,,,,,,,,,,510657.0,63.0,3.0,2.0,2.0,6.45,0.0,0.172,0.172,0.0,0.0,Couhaib,Driouech,2002-04-17,24.44,176.0,24.0,Forward,0,6jhavdnaitqn6ydme8a526aui,6f27yvbqcngegwsg2ozxxdj4,Real Club Celta de Vigo,Celta de Vigo,Celta,CEL,510657.0,63.0,3.0,32.0,25.0,78.13,17.0,10.0,58.82,7.0,2.0,28.57,0.0,0.0,0.0,Couhaib,Driouech,2002-04-17,24.44,176.0,24.0,Forward,0,6jhavdnaitqn6ydme8a526aui,6f27yvbqcngegwsg2ozxxdj4,Real Club Celta de Vigo,Celta de Vigo,Celta,CEL,510657,6jhavdnaitqn6ydme8a526aui,176,6f27yvbqcngegwsg2ozxxdj4
Cristian Romero,221632.0,3.0,189.0,0.0,0.29,-0.29,3.0,1.0,0.0,0.1,Cristian,Romero,1998-04-27,28.41,175.0,21.0,Defender,Central Defender,2w7i4jfw5wgh3j2wuworoumeh,4ku8o6uf87yd8iecdalipo6wd,Club Atlético de Madrid,Atlético de Madrid,Atlético,ATM,39.0,414.654,30.0,341.775,0.0,0.0,0.0,0.0,10.632,11.392,4.0,0.0,11.0,1.0,15.0,11.0,9.0,81.818,7.0,6.0,85.714,,,,,,,,,,221632.0,189.0,3.0,0.0,0.0,0.0,0.0,0.09,0.09,0.0,0.0,Cristian,Romero,1998-04-27,28.41,175.0,21.0,Defender,Central Defender,2w7i4jfw5wgh3j2wuworoumeh,4ku8o6uf87yd8iecdalipo6wd,Club Atlético de Madrid,Atlético de Madrid,Atlético,ATM,221632.0,189.0,3.0,149.0,136.0,91.28,29.0,22.0,75.86,0.0,0.0,0.0,0.0,0.0,0.0,Cristian,Romero,1998-04-27,28.41,175.0,21.0,Defender,Central Defender,2w7i4jfw5wgh3j2wuworoumeh,4ku8o6uf87yd8iecdalipo6wd,Club Atlético de Madrid,Atlético de Madrid,Atlético,ATM,221632,2w7i4jfw5wgh3j2wuworoumeh,175,4ku8o6uf87yd8iecdalipo6wd
Cubo,709993.0,0.0,0.0,0.0,0.0,0.0,0.0,0.0,0.0,0.0,Miguel,Llorente Cubo,2008-02-08,18.62,175.0,29.0,Forward,Striker,709993,4ku8o6uf87yd8iecdalipo6wd,Club Atlético de Madrid,Atlético de Madrid,Atlético,ATM,0.0,0.0,0.0,0.0,0.0,0.0,0.0,0.0,0.0,0.0,0.0,0.0,0.0,0.0,0.0,0.0,0.0,0.0,0.0,0.0,0.0,,,,,,,,,,709993.0,0.0,0.0,0.0,0.0,0.0,0.0,0.0,0.0,0.0,0.0,Miguel,Llorente Cubo,2008-02-08,18.62,175.0,29.0,Forward,Striker,709993,4ku8o6uf87yd8iecdalipo6wd,Club Atlético de Madrid,Atlético de Madrid,Atlético,ATM,709993.0,0.0,0.0,0.0,0.0,0.0,0.0,0.0,0.0,0.0,0.0,0.0,0.0,0.0,0.0,Miguel,Llorente Cubo,2008-02-08,18.62,175.0,29.0,Forward,Striker,709993,4ku8o6uf87yd8iecdalipo6wd,Club Atlético de Madrid,Atlético de Madrid,Atlético,ATM,709993,709993,175,4ku8o6uf87yd8iecdalipo6wd
Cucho Hernández,244716.0,6.0,354.0,1.0,1.85,-0.85,7.0,4.0,14.29,0.26,Cucho,Hernández,1999-04-20,27.43,185.0,9.0,Forward,Striker,8aao79b1g77c5jhp1n0w60xrd,ah8dala7suqqkj04n2l8xz4zd,Real Betis Balompié,Real Betis,Betis,BET,36.0,383.603,12.0,139.965,2.0,0.0,1.0,0.0,10.656,11.664,1.0,0.0,10.0,0.0,2.0,30.0,10.0,33.333,20.0,5.0,25.0,,,,,,,,,,244716.0,354.0,6.0,5.0,5.0,4.44,0.0,0.305,0.305,1.0,1.0,Cucho,Hernández,1999-04-20,27.43,185.0,9.0,Forward,Striker,8aao79b1g77c5jhp1n0w60xrd,ah8dala7suqqkj04n2l8xz4zd,Real Betis Balompié,Real Betis,Betis,BET,244716.0,354.0,6.0,95.0,68.0,71.58,50.0,32.0,64.0,2.0,1.0,50.0,0.0,0.0,0.0,Cucho,Hernández,1999-04-20,27.43,185.0,9.0,Forward,Striker,8aao79b1g77c5jhp1n0w60xrd,ah8dala7suqqkj04n2l8xz4zd,Real Betis Balompié,Real Betis,Betis,BET,244716,8aao79b1g77c5jhp1n0w60xrd,185,ah8dala7suqqkj04n2l8xz4zd
Curro Burgos,675560.0,0.0,0.0,0.0,0.0,0.0,0.0,0.0,0.0,0.0,Francisco,Burgos Barrionuevo,2004-05-30,22.32,1450.0,29.0,Defender,0,675560,1n1j0wsl763lq7ee1k0c11c02,Getafe CF,Getafe,Getafe,GET,0.0,0.0,0.0,0.0,0.0,0.0,0.0,0.0,0.0,0.0,0.0,0.0,0.0,0.0,0.0,0.0,0.0,0.0,0.0,0.0,0.0,,,,,,,,,,675560.0,0.0,0.0,0.0,0.0,0.0,0.0,0.0,0.0,0.0,0.0,Francisco,Burgos Barrionuevo,2004-05-30,22.32,1450.0,29.0,Defender,0,675560,1n1j0wsl763lq7ee1k0c11c02,Getafe CF,Getafe,Getafe,GET,675560.0,0.0,0.0,0.0,0.0,0.0,0.0,0.0,0.0,0.0,0.0,0.0,0.0,0.0,0.0,Francisco,Burgos Barrionuevo,2004-05-30,22.32,1450.0,29.0,Defender,0,675560,1n1j0wsl763lq7ee1k0c11c02,Getafe CF,Getafe,Getafe,GET,675560,675560,1450,1n1j0wsl763lq7ee1k0c11c02
César Tárrega,492898.0,5.0,330.0,0.0,0.14,-0.14,3.0,0.0,0.0,0.05,César,Tárrega,2002-02-26,24.58,191.0,5.0,Defender,Central Defender,2u8bekuidiwqz1gvb4vd3uhg,ba5e91hjacvma2sjvixn00pjo,Valencia CF,Valencia,Valencia,VAL,52.0,482.266,24.0,174.615,1.0,0.0,0.0,0.0,9.274,7.276,10.0,4.0,15.0,1.0,22.0,22.0,13.0,59.091,8.0,4.0,50.0,,,,,,,,,,492898.0,330.0,5.0,0.0,0.0,0.0,0.0,0.051,0.051,0.0,0.0,César,Tárrega,2002-02-26,24.58,191.0,5.0,Defender,Central Defender,2u8bekuidiwqz1gvb4vd3uhg,ba5e91hjacvma2sjvixn00pjo,Valencia CF,Valencia,Valencia,VAL,492898.0,330.0,5.0,205.0,183.0,89.27,24.0,19.0,79.17,0.0,0.0,0.0,0.0,0.0,0.0,César,Tárrega,2002-02-26,24.58,191.0,5.0,Defender,Central Defender,2u8bekuidiwqz1gvb4vd3uhg,ba5e91hjacvma2sjvixn00pjo,Valencia CF,Valencia,Valencia,VAL,492898,2u8bekuidiwqz1gvb4vd3uhg,191,ba5e91hjacvma2sjvixn00pjo
Dani Ceballos,182539.0,2.0,62.0,0.0,0.04,-0.04,1.0,0.0,0.0,0.04,Dani,Ceballos,1996-08-07,30.13,185.0,25.0,Midfielder,Attacking Midfielder,i48mf81fxn2af1xxjzfi8gr9,ah8dala7suqqkj04n2l8xz4zd,Real Betis Balompié,Real Betis,Betis,BET,13.0,154.424,6.0,53.55,0.0,0.0,0.0,0.0,11.879,8.925,4.0,1.0,5.0,0.0,2.0,12.0,10.0,83.333,0.0,0.0,0.0,,,,,,,,,,182539.0,62.0,2.0,1.0,1.0,2.56,0.0,0.025,0.025,0.0,0.0,Dani,Ceballos,1996-08-07,30.13,185.0,25.0,Midfielder,Attacking Midfielder,i48mf81fxn2af1xxjzfi8gr9,ah8dala7suqqkj04n2l8xz4zd,Real Betis Balompié,Real Betis,Betis,BET,182539.0,62.0,2.0,40.0,39.0,97.5,9.0,9.0,100.0,0.0,0.0,0.0,0.0,0.0,0.0,Dani,Ceballos,1996-08-07,30.13,185.0,25.0,Midfielder,Attacking Midfielder,i48mf81fxn2af1xxjzfi8gr9,ah8dala7suqqkj04n2l8xz4zd,Real Betis Balompié,Real Betis,Betis,BET,182539,i48mf81fxn2af1xxjzfi8gr9,185,ah8dala7suqqkj04n2l8xz4zd
Dani Cárdenas,,,,,,,,,,,,,,,,,,,,,,,,,,,,,,,,,,,,,,,,,,,,,,540.0,39.0,1.0,8.0,8.0,50.0,-1.32,0.71,5.68,,,,,,,,,,,,,,,,,,,,,,,,,,,,,,,,,,,,,,,,,,,,,,,,,,,,,,,491436,9xhbpn45z9wvjidbmparzkdm1,184,3budh3j9xivsid3ptm8ptpy4k
Dani Lorenzo,561391.0,5.0,344.0,0.0,0.18,-0.18,1.0,0.0,0.0,0.18,Dani,Lorenzo,2003-04-05,23.47,182.0,22.0,Midfielder,Central Midfielder,7hzgc5dobfw94q0s97ajrmtjo,7012hpp3p5vg4fzyn3h0yvf09,Málaga CF,Málaga,Málaga,MAL,71.0,763.934,32.0,244.65,0.0,0.0,1.0,0.0,10.76,7.645,6.0,4.0,23.0,1.0,0.0,34.0,21.0,61.765,2.0,0.0,0.0,,,,,,,,,,561391.0,344.0,5.0,3.0,3.0,1.32,0.0,0.161,0.161,0.0,0.0,Dani,Lorenzo,2003-04-05,23.47,182.0,22.0,Midfielder,Central Midfielder,7hzgc5dobfw94q0s97ajrmtjo,7012hpp3p5vg4fzyn3h0yvf09,Málaga CF,Málaga,Málaga,MAL,561391.0,344.0,5.0,236.0,220.0,93.22,57.0,49.0,85.96,0.0,0.0,0.0,1.0,0.0,0.0,Dani,Lorenzo,2003-04-05,23.47,182.0,22.0,Midfielder,Central Midfielder,7hzgc5dobfw94q0s97ajrmtjo,7012hpp3p5vg4fzyn3h0yvf09,Málaga CF,Málaga,Málaga,MAL,561391,7hzgc5dobfw94q0s97ajrmtjo,182,7012hpp3p5vg4fzyn3h0yvf09
Dani Martinez,593193.0,1.0,90.0,0.0,0.22,-0.22,1.0,0.0,0.0,0.22,Dani,Martinez,2004-05-05,22.39,175.0,30.0,Defender,Central Defender,51qvkjhgmbxersyfxzb8en1n8,4ku8o6uf87yd8iecdalipo6wd,Club Atlético de Madrid,Atlético de Madrid,Atlético,ATM,10.0,77.02,5.0,6.93,0.0,0.0,0.0,0.0,7.702,1.386,2.0,0.0,8.0,0.0,2.0,13.0,6.0,46.154,0.0,0.0,0.0,,,,,,,,,,593193.0,90.0,1.0,0.0,0.0,0.0,0.0,0.025,0.025,0.0,0.0,Dani,Martinez,2004-05-05,22.39,175.0,30.0,Defender,Central Defender,51qvkjhgmbxersyfxzb8en1n8,4ku8o6uf87yd8iecdalipo6wd,Club Atlético de Madrid,Atlético de Madrid,Atlético,ATM,593193.0,90.0,1.0,55.0,47.0,85.45,18.0,11.0,61.11,2.0,0.0,0.0,0.0,0.0,0.0,Dani,Martinez,2004-05-05,22.39,175.0,30.0,Defender,Central Defender,51qvkjhgmbxersyfxzb8en1n8,4ku8o6uf87yd8iecdalipo6wd,Club Atlético de Madrid,Atlético de Madrid,Atlético,ATM,593193,51qvkjhgmbxersyfxzb8en1n8,175,4ku8o6uf87yd8iecdalipo6wd
Dani Olmo,179370.0,6.0,245.0,0.0,0.68,-0.68,8.0,1.0,0.0,0.08,Dani,Olmo,1998-05-07,28.39,178.0,20.0,Midfielder,Attacking Midfielder,4gq1u1mqg0qzekh1u5djleeax,agh9ifb2mw3ivjusgedj7c3fe,FC Barcelona,Barcelona,Barcelona,BAR,36.0,375.09,21.0,211.155,3.0,0.0,3.0,2.0,10.419,10.055,4.0,2.0,8.0,0.0,3.0,21.0,12.0,57.143,2.0,1.0,50.0,,,,,,,,,,179370.0,245.0,6.0,11.0,10.0,4.46,9.09,1.865,1.59,3.0,3.0,Dani,Olmo,1998-05-07,28.39,178.0,20.0,Midfielder,Attacking Midfielder,4gq1u1mqg0qzekh1u5djleeax,agh9ifb2mw3ivjusgedj7c3fe,FC Barcelona,Barcelona,Barcelona,BAR,179370.0,245.0,6.0,173.0,164.0,94.8,90.0,85.0,94.44,5.0,1.0,20.0,3.0,2.0,66.67,Dani,Olmo,1998-05-07,28.39,178.0,20.0,Midfielder,Attacking Midfielder,4gq1u1mqg0qzekh1u5djleeax,agh9ifb2mw3ivjusgedj7c3fe,FC Barcelona,Barcelona,Barcelona,BAR,179370,4gq1u1mqg0qzekh1u5djleeax,178,agh9ifb2mw3ivjusgedj7c3fe
Dani Raba,240071.0,1.0,8.0,0.0,0.01,-0.01,1.0,0.0,0.0,0.01,Dani,Raba,1995-10-29,30.91,191.0,19.0,Forward,Winger,pr0nfcph8mlm3plq9b69o8a1,ba5e91hjacvma2sjvixn00pjo,Valencia CF,Valencia,Valencia,VAL,3.0,27.716,1.0,10.29,0.0,0.0,0.0,0.0,9.239,10.29,0.0,0.0,2.0,0.0,0.0,2.0,1.0,50.0,0.0,0.0,0.0,,,,,,,,,,240071.0,8.0,1.0,1.0,1.0,12.5,0.0,0.011,0.009,0.0,0.0,Dani,Raba,1995-10-29,30.91,191.0,19.0,Forward,Winger,pr0nfcph8mlm3plq9b69o8a1,ba5e91hjacvma2sjvixn00pjo,Valencia CF,Valencia,Valencia,VAL,240071.0,8.0,1.0,9.0,6.0,66.67,7.0,4.0,57.14,1.0,0.0,0.0,0.0,0.0,0.0,Dani,Raba,1995-10-29,30.91,191.0,19.0,Forward,Winger,pr0nfcph8mlm3plq9b69o8a1,ba5e91hjacvma2sjvixn00pjo,Valencia CF,Valencia,Valencia,VAL,240071,pr0nfcph8mlm3plq9b69o8a1,191,ba5e91hjacvma2sjvixn00pjo
Dani Requena,621306.0,2.0,94.0,0.0,0.03,-0.03,1.0,0.0,0.0,0.03,Dani,Requena,2004-02-12,22.61,855.0,6.0,Midfielder,Central Midfielder,5j6v5fqvmhuwq5u8mamm2sv10,4grc9qgcvusllap8h5j6gc5h5,Levante UD,Levante,Levante,LEV,4.0,50.201,3.0,22.365,0.0,0.0,0.0,0.0,12.55,7.455,3.0,0.0,2.0,0.0,1.0,15.0,6.0,40.0,1.0,0.0,0.0,,,,,,,,,,621306.0,94.0,2.0,0.0,0.0,0.0,0.0,0.004,0.004,0.0,0.0,Dani,Requena,2004-02-12,22.61,855.0,6.0,Midfielder,Central Midfielder,5j6v5fqvmhuwq5u8mamm2sv10,4grc9qgcvusllap8h5j6gc5h5,Levante UD,Levante,Levante,LEV,621306.0,94.0,2.0,18.0,17.0,94.44,2.0,2.0,100.0,0.0,0.0,0.0,0.0,0.0,0.0,Dani,Requena,2004-02-12,22.61,855.0,6.0,Midfielder,Central Midfielder,5j6v5fqvmhuwq5u8mamm2sv10,4grc9qgcvusllap8h5j6gc5h5,Levante UD,Levante,Levante,LEV,621306,5j6v5fqvmhuwq5u8mamm2sv10,855,4grc9qgcvusllap8h5j6gc5h5
David Affengruber,442299.0,3.0,270.0,0.0,0.33,-0.33,5.0,0.0,0.0,0.07,David,Affengruber,2001-03-19,25.52,954.0,22.0,Defender,Central Defender,7o7vwlqxknci1fymzkn9hug6i,4yg9ttzw0m51048doksv8uq5r,Elche CF,Elche,Elche,ELC,46.0,499.409,22.0,200.76,0.0,0.0,1.0,0.0,10.857,9.125,3.0,5.0,17.0,3.0,11.0,11.0,8.0,72.727,5.0,3.0,60.0,,,,,,,,,,442299.0,270.0,3.0,1.0,1.0,0.49,0.0,0.05,0.05,0.0,0.0,David,Affengruber,2001-03-19,25.52,954.0,22.0,Defender,Central Defender,7o7vwlqxknci1fymzkn9hug6i,4yg9ttzw0m51048doksv8uq5r,Elche CF,Elche,Elche,ELC,442299.0,270.0,3.0,212.0,190.0,89.62,21.0,13.0,61.9,1.0,0.0,0.0,0.0,0.0,0.0,David,Affengruber,2001-03-19,25.52,954.0,22.0,Defender,Central Defender,7o7vwlqxknci1fymzkn9hug6i,4yg9ttzw0m51048doksv8uq5r,Elche CF,Elche,Elche,ELC,442299,7o7vwlqxknci1fymzkn9hug6i,954,4yg9ttzw0m51048doksv8uq5r
David Larrubia,495391.0,6.0,484.0,0.0,0.59,-0.59,11.0,2.0,0.0,0.05,David,Larrubia,2002-04-20,24.43,182.0,10.0,Forward,Winger,cygexa4wb2fr45rs9b0eodpii,7012hpp3p5vg4fzyn3h0yvf09,Málaga CF,Málaga,Málaga,MAL,85.0,1185.786,48.0,667.38,3.0,0.0,4.0,0.0,13.95,13.904,19.0,5.0,23.0,1.0,0.0,93.0,40.0,43.011,2.0,0.0,0.0,,,,,,,,,,495391.0,484.0,6.0,8.0,8.0,5.71,0.0,0.427,0.426,0.0,0.0,David,Larrubia,2002-04-20,24.43,182.0,10.0,Forward,Winger,cygexa4wb2fr45rs9b0eodpii,7012hpp3p5vg4fzyn3h0yvf09,Málaga CF,Málaga,Málaga,MAL,495391.0,484.0,6.0,143.0,115.0,80.42,73.0,55.0,75.34,2.0,0.0,0.0,1.0,0.0,0.0,David,Larrubia,2002-04-20,24.43,182.0,10.0,Forward,Winger,cygexa4wb2fr45rs9b0eodpii,7012hpp3p5vg4fzyn3h0yvf09,Málaga CF,Málaga,Málaga,MAL,495391,cygexa4wb2fr45rs9b0eodpii,182,7012hpp3p5vg4fzyn3h0yvf09
David Mella,554651.0,2.0,47.0,0.0,0.0,0.0,0.0,0.0,0.0,0.0,David,Mella,2005-05-23,21.34,180.0,11.0,Forward,Winger,4pk1mszqyrckgiqmw25qtuzv8,1r541mega6d838hi0p44sv0h2,RC Deportivo de A Coruña,Deportivo de A Coruña,Deportivo,DEP,10.0,111.404,5.0,36.12,0.0,0.0,0.0,0.0,11.14,7.224,1.0,1.0,5.0,0.0,1.0,7.0,2.0,28.571,3.0,1.0,33.333,,,,,,,,,,554651.0,47.0,2.0,0.0,0.0,0.0,0.0,0.01,0.009,0.0,0.0,David,Mella,2005-05-23,21.34,180.0,11.0,Forward,Winger,4pk1mszqyrckgiqmw25qtuzv8,1r541mega6d838hi0p44sv0h2,RC Deportivo de A Coruña,Deportivo de A Coruña,Deportivo,DEP,554651.0,47.0,2.0,11.0,7.0,63.64,5.0,3.0,60.0,3.0,0.0,0.0,0.0,0.0,0.0,David,Mella,2005-05-23,21.34,180.0,11.0,Forward,Winger,4pk1mszqyrckgiqmw25qtuzv8,1r541mega6d838hi0p44sv0h2,RC Deportivo de A Coruña,Deportivo de A Coruña,Deportivo,DEP,554651,4pk1mszqyrckgiqmw25qtuzv8,180,1r541mega6d838hi0p44sv0h2
David Otorbi,576682.0,5.0,218.0,0.0,0.11,-0.11,2.0,0.0,0.0,0.06,David,Otorbi,2007-10-16,18.94,191.0,27.0,Forward,Winger,bda9fmdum05xtmj2d8k5dfnkk,ba5e91hjacvma2sjvixn00pjo,Valencia CF,Valencia,Valencia,VAL,28.0,367.001,24.0,274.575,2.0,0.0,1.0,0.0,13.107,11.441,4.0,1.0,10.0,1.0,0.0,16.0,9.0,56.25,4.0,2.0,50.0,,,,,,,,,,576682.0,218.0,5.0,1.0,1.0,1.52,0.0,0.232,0.232,0.0,0.0,David,Otorbi,2007-10-16,18.94,191.0,27.0,Forward,Winger,bda9fmdum05xtmj2d8k5dfnkk,ba5e91hjacvma2sjvixn00pjo,Valencia CF,Valencia,Valencia,VAL,576682.0,218.0,5.0,66.0,50.0,75.76,37.0,28.0,75.68,8.0,1.0,12.5,0.0,0.0,0.0,David,Otorbi,2007-10-16,18.94,191.0,27.0,Forward,Winger,bda9fmdum05xtmj2d8k5dfnkk,ba5e91hjacvma2sjvixn00pjo,Valencia CF,Valencia,Valencia,VAL,576682,bda9fmdum05xtmj2d8k5dfnkk,191,ba5e91hjacvma2sjvixn00pjo
David Soria,,,,,,,,,,,,,,,,,,,,,,,,,,,,,,,,,,,,,,,,,,,,,,540.0,100.0,0.0,7.0,19.0,73.08,1.46,1.14,8.46,,,,,,,,,,,,,,,,,,,,,,,,,,,,,,,,,,,,,,,,,,,,,,,,,,,,,,,175204,vota9gwygxp3wc998tl7ldxx,1450,1n1j0wsl763lq7ee1k0c11c02
Davinchi,700202.0,3.0,91.0,0.0,0.0,0.0,0.0,0.0,0.0,0.0,David,Cordón Mancha,2007-10-16,18.94,1450.0,3.0,Defender,Full Back,5cti09ebqg7or3stoh5k2mo7o,1n1j0wsl763lq7ee1k0c11c02,Getafe CF,Getafe,Getafe,GET,7.0,72.197,5.0,50.82,0.0,0.0,0.0,0.0,10.314,10.164,1.0,0.0,7.0,1.0,4.0,8.0,3.0,37.5,2.0,1.0,50.0,,,,,,,,,,700202.0,91.0,3.0,1.0,1.0,4.0,0.0,0.033,0.032,0.0,0.0,David,Cordón Mancha,2007-10-16,18.94,1450.0,3.0,Defender,Full Back,5cti09ebqg7or3stoh5k2mo7o,1n1j0wsl763lq7ee1k0c11c02,Getafe CF,Getafe,Getafe,GET,700202.0,91.0,3.0,25.0,12.0,48.0,14.0,5.0,35.71,1.0,0.0,0.0,0.0,0.0,0.0,David,Cordón Mancha,2007-10-16,18.94,1450.0,3.0,Defender,Full Back,5cti09ebqg7or3stoh5k2mo7o,1n1j0wsl763lq7ee1k0c11c02,Getafe CF,Getafe,Getafe,GET,700202,5cti09ebqg7or3stoh5k2mo7o,1450,1n1j0wsl763lq7ee1k0c11c02
Dean Huijsen,554605.0,5.0,450.0,0.0,0.64,-0.64,6.0,2.0,0.0,0.11,Dean,Huijsen,2005-04-14,21.44,186.0,4.0,Defender,Central Defender,d2hnxi1yi5rgqj1tvxh1813x0,3kq9cckrnlogidldtdie2fkbl,Real Madrid CF,Real Madrid,Real Madrid,RMA,81.0,794.427,43.0,433.125,0.0,0.0,2.0,0.0,9.808,10.073,6.0,8.0,15.0,0.0,24.0,15.0,9.0,60.0,15.0,10.0,66.667,,,,,,,,,,554605.0,450.0,5.0,2.0,2.0,0.61,0.0,0.265,0.264,0.0,0.0,Dean,Huijsen,2005-04-14,21.44,186.0,4.0,Defender,Central Defender,d2hnxi1yi5rgqj1tvxh1813x0,3kq9cckrnlogidldtdie2fkbl,Real Madrid CF,Real Madrid,Real Madrid,RMA,554605.0,450.0,5.0,340.0,327.0,96.18,49.0,44.0,89.8,1.0,1.0,100.0,1.0,1.0,100.0,Dean,Huijsen,2005-04-14,21.44,186.0,4.0,Defender,Central Defender,d2hnxi1yi5rgqj1tvxh1813x0,3kq9cckrnlogidldtdie2fkbl,Real Madrid CF,Real Madrid,Real Madrid,RMA,554605,d2hnxi1yi5rgqj1tvxh1813x0,186,3kq9cckrnlogidldtdie2fkbl
Denis Suárez,89572.0,6.0,280.0,0.0,0.53,-0.53,2.0,1.0,0.0,0.27,Denis,Suárez,1994-01-06,32.72,173.0,4.0,Midfielder,Attacking Midfielder,28psc296gj3umo59qqha8jil1,4dtdjgnpdq9uw4sdutti0vaar,Deportivo Alavés,Alavés,Alavés,ALA,63.0,735.695,42.0,465.78,0.0,0.0,1.0,0.0,11.678,11.09,5.0,0.0,14.0,0.0,0.0,23.0,13.0,56.522,1.0,1.0,100.0,,,,,,,,,,89572.0,280.0,6.0,11.0,3.0,2.24,72.73,0.773,0.491,0.0,0.0,Denis,Suárez,1994-01-06,32.72,173.0,4.0,Midfielder,Attacking Midfielder,28psc296gj3umo59qqha8jil1,4dtdjgnpdq9uw4sdutti0vaar,Deportivo Alavés,Alavés,Alavés,ALA,89572.0,280.0,6.0,141.0,112.0,79.43,68.0,45.0,66.18,9.0,3.0,33.33,3.0,1.0,33.33,Denis,Suárez,1994-01-06,32.72,173.0,4.0,Midfielder,Attacking Midfielder,28psc296gj3umo59qqha8jil1,4dtdjgnpdq9uw4sdutti0vaar,Deportivo Alavés,Alavés,Alavés,ALA,89572,28psc296gj3umo59qqha8jil1,173,4dtdjgnpdq9uw4sdutti0vaar
Denzel Dumfries,199432.0,5.0,325.0,0.0,0.35,-0.35,6.0,2.0,0.0,0.06,Denzel,Dumfries,1996-04-18,30.44,186.0,24.0,Defender,Full Back,2r6hs8npijvt4wekd059t6tx,3kq9cckrnlogidldtdie2fkbl,Real Madrid CF,Real Madrid,Real Madrid,RMA,23.0,230.986,15.0,131.04,1.0,0.0,0.0,0.0,10.043,8.736,9.0,3.0,7.0,0.0,4.0,17.0,11.0,64.706,3.0,1.0,33.333,,,,,,,,,,199432.0,325.0,5.0,3.0,3.0,2.46,0.0,0.163,0.161,0.0,0.0,Denzel,Dumfries,1996-04-18,30.44,186.0,24.0,Defender,Full Back,2r6hs8npijvt4wekd059t6tx,3kq9cckrnlogidldtdie2fkbl,Real Madrid CF,Real Madrid,Real Madrid,RMA,199432.0,325.0,5.0,124.0,116.0,93.55,36.0,33.0,91.67,4.0,0.0,0.0,0.0,0.0,0.0,Denzel,Dumfries,1996-04-18,30.44,186.0,24.0,Defender,Full Back,2r6hs8npijvt4wekd059t6tx,3kq9cckrnlogidldtdie2fkbl,Real Madrid CF,Real Madrid,Real Madrid,RMA,199432,2r6hs8npijvt4wekd059t6tx,186,3kq9cckrnlogidldtdie2fkbl
Diego Díaz,664923.0,1.0,13.0,0.0,0.0,0.0,0.0,0.0,0.0,0.0,Diego,Díaz,2005-05-31,21.32,189.0,34.0,Midfielder,Attacking Midfielder,c77xlucey12ll2gjj3pvp6uqc,bzkwzatvwahmbzok1ymm5vqa1,Real Racing Club,Racing de Santander,Santander,RAC,3.0,33.434,2.0,15.12,0.0,0.0,0.0,0.0,11.145,7.56,0.0,0.0,1.0,0.0,0.0,3.0,0.0,0.0,0.0,0.0,0.0,,,,,,,,,,664923.0,13.0,1.0,0.0,0.0,0.0,0.0,0.003,0.003,0.0,0.0,Diego,Díaz,2005-05-31,21.32,189.0,34.0,Midfielder,Attacking Midfielder,c77xlucey12ll2gjj3pvp6uqc,bzkwzatvwahmbzok1ymm5vqa1,Real Racing Club,Racing de Santander,Santander,RAC,664923.0,13.0,1.0,4.0,3.0,75.0,2.0,2.0,100.0,0.0,0.0,0.0,0.0,0.0,0.0,Diego,Díaz,2005-05-31,21.32,189.0,34.0,Midfielder,Attacking Midfielder,c77xlucey12ll2gjj3pvp6uqc,bzkwzatvwahmbzok1ymm5vqa1,Real Racing Club,Racing de Santander,Santander,RAC,664923,c77xlucey12ll2gjj3pvp6uqc,189,bzkwzatvwahmbzok1ymm5vqa1
Diego Llorente,149915.0,2.0,129.0,0.0,0.0,0.0,0.0,0.0,0.0,0.0,Diego,Llorente,1993-08-16,33.11,185.0,3.0,Defender,Central Defender,9ao7l82r1xd2rjnvv5u6plcr9,ah8dala7suqqkj04n2l8xz4zd,Real Betis Balompié,Real Betis,Betis,BET,7.0,67.503,4.0,40.74,0.0,0.0,0.0,0.0,9.643,10.185,1.0,6.0,4.0,4.0,10.0,2.0,1.0,50.0,4.0,2.0,50.0,,,,,,,,,,149915.0,129.0,2.0,0.0,0.0,0.0,0.0,0.006,0.006,0.0,0.0,Diego,Llorente,1993-08-16,33.11,185.0,3.0,Defender,Central Defender,9ao7l82r1xd2rjnvv5u6plcr9,ah8dala7suqqkj04n2l8xz4zd,Real Betis Balompié,Real Betis,Betis,BET,149915.0,129.0,2.0,60.0,56.0,93.33,1.0,0.0,0.0,0.0,0.0,0.0,0.0,0.0,0.0,Diego,Llorente,1993-08-16,33.11,185.0,3.0,Defender,Central Defender,9ao7l82r1xd2rjnvv5u6plcr9,ah8dala7suqqkj04n2l8xz4zd,Real Betis Balompié,Real Betis,Betis,BET,149915,9ao7l82r1xd2rjnvv5u6plcr9,185,ah8dala7suqqkj04n2l8xz4zd
Diego Rico,171129.0,1.0,45.0,0.0,0.0,0.0,0.0,0.0,0.0,0.0,Diego,Rico,1993-02-23,33.59,450.0,15.0,Defender,Full Back,dkt9892ixwnz1bkmgileo71sl,2l0ldgiwsgb8d6y3z0sfgjzyj,CA Osasuna,Osasuna,Osasuna,OSA,3.0,26.839,2.0,19.425,0.0,0.0,0.0,0.0,8.946,9.712,2.0,0.0,2.0,0.0,3.0,7.0,5.0,71.429,2.0,1.0,50.0,,,,,,,,,,171129.0,45.0,1.0,0.0,0.0,0.0,0.0,0.191,0.191,0.0,0.0,Diego,Rico,1993-02-23,33.59,450.0,15.0,Defender,Full Back,dkt9892ixwnz1bkmgileo71sl,2l0ldgiwsgb8d6y3z0sfgjzyj,CA Osasuna,Osasuna,Osasuna,OSA,171129.0,45.0,1.0,21.0,17.0,80.95,7.0,4.0,57.14,0.0,0.0,0.0,0.0,0.0,0.0,Diego,Rico,1993-02-23,33.59,450.0,15.0,Defender,Full Back,dkt9892ixwnz1bkmgileo71sl,2l0ldgiwsgb8d6y3z0sfgjzyj,CA Osasuna,Osasuna,Osasuna,OSA,171129,dkt9892ixwnz1bkmgileo71sl,450,2l0ldgiwsgb8d6y3z0sfgjzyj
Diego Villares,562005.0,2.0,58.0,0.0,0.0,0.0,0.0,0.0,0.0,0.0,Diego,Villares,1996-06-17,30.27,180.0,8.0,Midfielder,Central Midfielder,bznkfclbiwpcx4k8wub7q7skq,1r541mega6d838hi0p44sv0h2,RC Deportivo de A Coruña,Deportivo de A Coruña,Deportivo,DEP,7.0,97.06,4.0,49.665,0.0,0.0,0.0,0.0,13.866,12.416,4.0,1.0,4.0,0.0,2.0,6.0,4.0,66.667,2.0,2.0,100.0,,,,,,,,,,562005.0,58.0,2.0,0.0,0.0,0.0,0.0,0.012,0.01,0.0,0.0,Diego,Villares,1996-06-17,30.27,180.0,8.0,Midfielder,Central Midfielder,bznkfclbiwpcx4k8wub7q7skq,1r541mega6d838hi0p44sv0h2,RC Deportivo de A Coruña,Deportivo de A Coruña,Deportivo,DEP,562005.0,58.0,2.0,52.0,44.0,84.62,9.0,5.0,55.56,0.0,0.0,0.0,0.0,0.0,0.0,Diego,Villares,1996-06-17,30.27,180.0,8.0,Midfielder,Central Midfielder,bznkfclbiwpcx4k8wub7q7skq,1r541mega6d838hi0p44sv0h2,RC Deportivo de A Coruña,Deportivo de A Coruña,Deportivo,DEP,562005,bznkfclbiwpcx4k8wub7q7skq,180,1r541mega6d838hi0p44sv0h2
Dimitri Foulquier,96767.0,0.0,0.0,0.0,0.0,0.0,0.0,0.0,0.0,0.0,Dimitri,Foulquier,1993-03-23,33.51,191.0,20.0,Defender,Full Back,96767,ba5e91hjacvma2sjvixn00pjo,Valencia CF,Valencia,Valencia,VAL,0.0,0.0,0.0,0.0,0.0,0.0,0.0,0.0,0.0,0.0,0.0,0.0,0.0,0.0,0.0,0.0,0.0,0.0,0.0,0.0,0.0,,,,,,,,,,96767.0,0.0,0.0,0.0,0.0,0.0,0.0,0.0,0.0,0.0,0.0,Dimitri,Foulquier,1993-03-23,33.51,191.0,20.0,Defender,Full Back,96767,ba5e91hjacvma2sjvixn00pjo,Valencia CF,Valencia,Valencia,VAL,96767.0,0.0,0.0,0.0,0.0,0.0,0.0,0.0,0.0,0.0,0.0,0.0,0.0,0.0,0.0,Dimitri,Foulquier,1993-03-23,33.51,191.0,20.0,Defender,Full Back,96767,ba5e91hjacvma2sjvixn00pjo,Valencia CF,Valencia,Valencia,VAL,96767,96767,191,ba5e91hjacvma2sjvixn00pjo
Djené Dakonam,149838.0,6.0,531.0,0.0,0.0,0.0,0.0,0.0,0.0,0.0,Djené,Dakonam,1991-12-31,34.74,1450.0,2.0,Defender,Full Back,9see13i1f0n1ju4uhs8sijutx,1n1j0wsl763lq7ee1k0c11c02,Getafe CF,Getafe,Getafe,GET,47.0,417.715,21.0,216.3,0.0,0.0,0.0,0.0,8.888,10.3,6.0,9.0,35.0,2.0,21.0,18.0,9.0,50.0,11.0,5.0,45.455,,,,,,,,,,149838.0,531.0,6.0,1.0,1.0,0.47,0.0,0.106,0.099,0.0,0.0,Djené,Dakonam,1991-12-31,34.74,1450.0,2.0,Defender,Full Back,9see13i1f0n1ju4uhs8sijutx,1n1j0wsl763lq7ee1k0c11c02,Getafe CF,Getafe,Getafe,GET,149838.0,531.0,6.0,222.0,181.0,81.53,32.0,14.0,43.75,4.0,2.0,50.0,0.0,0.0,0.0,Djené,Dakonam,1991-12-31,34.74,1450.0,2.0,Defender,Full Back,9see13i1f0n1ju4uhs8sijutx,1n1j0wsl763lq7ee1k0c11c02,Getafe CF,Getafe,Getafe,GET,149838,9see13i1f0n1ju4uhs8sijutx,1450,1n1j0wsl763lq7ee1k0c11c02
Dávid Hancko,235093.0,6.0,455.0,0.0,0.09,-0.09,4.0,0.0,0.0,0.02,Dávid,Hancko,1997-12-13,28.78,175.0,17.0,Defender,Central Defender,1vyh50nfaq2kq5pmivpkc1psl,4ku8o6uf87yd8iecdalipo6wd,Club Atlético de Madrid,Atlético de Madrid,Atlético,ATM,70.0,676.26,41.0,416.325,1.0,0.0,0.0,0.0,9.661,10.154,5.0,9.0,19.0,5.0,20.0,20.0,15.0,75.0,12.0,7.0,58.333,,,,,,,,,,235093.0,455.0,6.0,2.0,2.0,0.0,0.0,0.298,0.297,2.0,2.0,Dávid,Hancko,1997-12-13,28.78,175.0,17.0,Defender,Central Defender,1vyh50nfaq2kq5pmivpkc1psl,4ku8o6uf87yd8iecdalipo6wd,Club Atlético de Madrid,Atlético de Madrid,Atlético,ATM,235093.0,455.0,6.0,370.0,332.0,89.73,73.0,55.0,75.34,2.0,0.0,0.0,0.0,0.0,0.0,Dávid,Hancko,1997-12-13,28.78,175.0,17.0,Defender,Central Defender,1vyh50nfaq2kq5pmivpkc1psl,4ku8o6uf87yd8iecdalipo6wd,Club Atlético de Madrid,Atlético de Madrid,Atlético,ATM,235093,1vyh50nfaq2kq5pmivpkc1psl,175,4ku8o6uf87yd8iecdalipo6wd
Ebrahima Drammeh,748228.0,0.0,0.0,0.0,0.0,0.0,0.0,0.0,0.0,0.0,Ebrahima,Drammeh,2007-01-06,19.71,1450.0,27.0,Forward,Winger,748228,1n1j0wsl763lq7ee1k0c11c02,Getafe CF,Getafe,Getafe,GET,0.0,0.0,0.0,0.0,0.0,0.0,0.0,0.0,0.0,0.0,0.0,0.0,0.0,0.0,0.0,0.0,0.0,0.0,0.0,0.0,0.0,,,,,,,,,,748228.0,0.0,0.0,0.0,0.0,0.0,0.0,0.0,0.0,0.0,0.0,Ebrahima,Drammeh,2007-01-06,19.71,1450.0,27.0,Forward,Winger,748228,1n1j0wsl763lq7ee1k0c11c02,Getafe CF,Getafe,Getafe,GET,748228.0,0.0,0.0,0.0,0.0,0.0,0.0,0.0,0.0,0.0,0.0,0.0,0.0,0.0,0.0,Ebrahima,Drammeh,2007-01-06,19.71,1450.0,27.0,Forward,Winger,748228,1n1j0wsl763lq7ee1k0c11c02,Getafe CF,Getafe,Getafe,GET,748228,748228,1450,1n1j0wsl763lq7ee1k0c11c02
Edu Altozano,592810.0,0.0,0.0,0.0,0.0,0.0,0.0,0.0,0.0,0.0,Edu,Altozano,2006-10-17,19.93,179.0,39.0,Midfielder,0,592810,10eyb18v5puw4ez03ocaug09m,Sevilla FC,Sevilla,Sevilla,SEV,0.0,0.0,0.0,0.0,0.0,0.0,0.0,0.0,0.0,0.0,0.0,0.0,0.0,0.0,0.0,0.0,0.0,0.0,0.0,0.0,0.0,,,,,,,,,,592810.0,0.0,0.0,0.0,0.0,0.0,0.0,0.0,0.0,0.0,0.0,Edu,Altozano,2006-10-17,19.93,179.0,39.0,Midfielder,0,592810,10eyb18v5puw4ez03ocaug09m,Sevilla FC,Sevilla,Sevilla,SEV,592810.0,0.0,0.0,0.0,0.0,0.0,0.0,0.0,0.0,0.0,0.0,0.0,0.0,0.0,0.0,Edu,Altozano,2006-10-17,19.93,179.0,39.0,Midfielder,0,592810,10eyb18v5puw4ez03ocaug09m,Sevilla FC,Sevilla,Sevilla,SEV,592810,592810,179,10eyb18v5puw4ez03ocaug09m
Edu Expósito,420909.0,6.0,468.0,0.0,0.89,-0.89,14.0,1.0,0.0,0.06,Edu,Expósito,1996-08-01,30.15,177.0,8.0,Midfielder,Central Midfielder,8qvqdjw1d58mw7420lpmk7bah,c8llrezkm3b3op4afrou6b487,Reial Club Deportiu Espanyol de Barcelona,Espanyol,Espanyol,ESP,58.0,689.407,29.0,400.89,1.0,0.0,3.0,0.0,11.886,13.824,9.0,1.0,30.0,1.0,9.0,45.0,25.0,55.556,10.0,4.0,40.0,,,,,,,,,,420909.0,468.0,6.0,10.0,7.0,2.88,30.0,1.153,0.946,0.0,0.0,Edu,Expósito,1996-08-01,30.15,177.0,8.0,Midfielder,Central Midfielder,8qvqdjw1d58mw7420lpmk7bah,c8llrezkm3b3op4afrou6b487,Reial Club Deportiu Espanyol de Barcelona,Espanyol,Espanyol,ESP,420909.0,468.0,6.0,251.0,216.0,86.06,84.0,66.0,78.57,7.0,4.0,57.14,6.0,3.0,50.0,Edu,Expósito,1996-08-01,30.15,177.0,8.0,Midfielder,Central Midfielder,8qvqdjw1d58mw7420lpmk7bah,c8llrezkm3b3op4afrou6b487,Reial Club Deportiu Espanyol de Barcelona,Espanyol,Espanyol,ESP,420909,8qvqdjw1d58mw7420lpmk7bah,177,c8llrezkm3b3op4afrou6b487
Eduardo Camavinga,475561.0,5.0,221.0,0.0,0.0,0.0,0.0,0.0,0.0,0.0,Eduardo,Camavinga,2002-11-10,23.87,186.0,6.0,Midfielder,Central Midfielder,en2c7z1raqmcwee78297pbnu2,3kq9cckrnlogidldtdie2fkbl,Real Madrid CF,Real Madrid,Real Madrid,RMA,35.0,413.393,17.0,229.425,0.0,0.0,0.0,0.0,11.811,13.496,4.0,3.0,17.0,3.0,5.0,17.0,7.0,41.176,3.0,3.0,100.0,,,,,,,,,,475561.0,221.0,5.0,0.0,0.0,0.0,0.0,0.163,0.163,0.0,0.0,Eduardo,Camavinga,2002-11-10,23.87,186.0,6.0,Midfielder,Central Midfielder,en2c7z1raqmcwee78297pbnu2,3kq9cckrnlogidldtdie2fkbl,Real Madrid CF,Real Madrid,Real Madrid,RMA,475561.0,221.0,5.0,171.0,159.0,92.98,41.0,34.0,82.93,0.0,0.0,0.0,0.0,0.0,0.0,Eduardo,Camavinga,2002-11-10,23.87,186.0,6.0,Midfielder,Central Midfielder,en2c7z1raqmcwee78297pbnu2,3kq9cckrnlogidldtdie2fkbl,Real Madrid CF,Real Madrid,Real Madrid,RMA,475561,en2c7z1raqmcwee78297pbnu2,186,3kq9cckrnlogidldtdie2fkbl
Einar Galilea,138041.0,6.0,469.0,0.0,0.0,0.0,0.0,0.0,0.0,0.0,Einar,Galilea,1994-05-22,32.35,182.0,4.0,Defender,Central Defender,dh4bzqmzvt3ibl4l9ofp4n2l1,7012hpp3p5vg4fzyn3h0yvf09,Málaga CF,Málaga,Málaga,MAL,77.0,835.648,41.0,431.55,0.0,0.0,0.0,0.0,10.853,10.526,7.0,7.0,13.0,3.0,25.0,25.0,15.0,60.0,4.0,1.0,25.0,,,,,,,,,,138041.0,469.0,6.0,0.0,0.0,0.0,0.0,0.034,0.034,0.0,0.0,Einar,Galilea,1994-05-22,32.35,182.0,4.0,Defender,Central Defender,dh4bzqmzvt3ibl4l9ofp4n2l1,7012hpp3p5vg4fzyn3h0yvf09,Málaga CF,Málaga,Málaga,MAL,138041.0,469.0,6.0,360.0,327.0,90.83,24.0,10.0,41.67,0.0,0.0,0.0,0.0,0.0,0.0,Einar,Galilea,1994-05-22,32.35,182.0,4.0,Defender,Central Defender,dh4bzqmzvt3ibl4l9ofp4n2l1,7012hpp3p5vg4fzyn3h0yvf09,Málaga CF,Málaga,Málaga,MAL,138041,dh4bzqmzvt3ibl4l9ofp4n2l1,182,7012hpp3p5vg4fzyn3h0yvf09
Emil Audero,,,,,,,,,,,,,,,,,,,,,,,,,,,,,,,,,,,,,,,,,,,,,,540.0,33.0,0.0,5.0,10.0,66.67,-0.9,0.8,4.1,,,,,,,,,,,,,,,,,,,,,,,,,,,,,,,,,,,,,,,,,,,,,,,,,,,,,,,193509,e2dn4s6p2f6xnbaje17wd3jyt,184,3budh3j9xivsid3ptm8ptpy4k
Endrick,577107.0,1.0,4.0,0.0,0.15,-0.15,1.0,0.0,0.0,0.15,Endrick Felipe,Moreira de Sousa,2006-07-21,20.18,186.0,9.0,Forward,0,14qv8npo5alwnb5dud8x82ln8,3kq9cckrnlogidldtdie2fkbl,Real Madrid CF,Real Madrid,Real Madrid,RMA,0.0,0.0,0.0,0.0,0.0,0.0,0.0,0.0,0.0,0.0,0.0,0.0,0.0,0.0,0.0,0.0,0.0,0.0,0.0,0.0,0.0,,,,,,,,,,577107.0,4.0,1.0,0.0,0.0,0.0,0.0,0.0,0.0,0.0,0.0,Endrick Felipe,Moreira de Sousa,2006-07-21,20.18,186.0,9.0,Forward,0,14qv8npo5alwnb5dud8x82ln8,3kq9cckrnlogidldtdie2fkbl,Real Madrid CF,Real Madrid,Real Madrid,RMA,577107.0,4.0,1.0,0.0,0.0,0.0,0.0,0.0,0.0,0.0,0.0,0.0,0.0,0.0,0.0,Endrick Felipe,Moreira de Sousa,2006-07-21,20.18,186.0,9.0,Forward,0,14qv8npo5alwnb5dud8x82ln8,3kq9cckrnlogidldtdie2fkbl,Real Madrid CF,Real Madrid,Real Madrid,RMA,577107,14qv8npo5alwnb5dud8x82ln8,186,3kq9cckrnlogidldtdie2fkbl
Eneko Jauregi,216473.0,1.0,10.0,0.0,0.0,0.0,0.0,0.0,0.0,0.0,Eneko,Jauregi,1996-07-13,30.2,182.0,17.0,Forward,Striker,alz61rdcwrd0zbcijeg4l4t0p,7012hpp3p5vg4fzyn3h0yvf09,Málaga CF,Málaga,Málaga,MAL,0.0,0.0,0.0,0.0,0.0,0.0,0.0,0.0,0.0,0.0,1.0,0.0,0.0,0.0,0.0,5.0,2.0,40.0,0.0,0.0,0.0,,,,,,,,,,216473.0,10.0,1.0,0.0,0.0,0.0,0.0,0.0,0.0,0.0,0.0,Eneko,Jauregi,1996-07-13,30.2,182.0,17.0,Forward,Striker,alz61rdcwrd0zbcijeg4l4t0p,7012hpp3p5vg4fzyn3h0yvf09,Málaga CF,Málaga,Málaga,MAL,216473.0,10.0,1.0,4.0,3.0,75.0,1.0,1.0,100.0,0.0,0.0,0.0,0.0,0.0,0.0,Eneko,Jauregi,1996-07-13,30.2,182.0,17.0,Forward,Striker,alz61rdcwrd0zbcijeg4l4t0p,7012hpp3p5vg4fzyn3h0yvf09,Málaga CF,Málaga,Málaga,MAL,216473,alz61rdcwrd0zbcijeg4l4t0p,182,7012hpp3p5vg4fzyn3h0yvf09
Enes Ünal,168636.0,6.0,450.0,1.0,1.19,-0.19,7.0,1.0,14.29,0.17,Enes,Ünal,1997-05-10,29.38,1450.0,19.0,Forward,Striker,b64p21hmhsqgrn6n04mk00zpx,1n1j0wsl763lq7ee1k0c11c02,Getafe CF,Getafe,Getafe,GET,18.0,178.467,8.0,56.595,1.0,0.0,0.0,0.0,9.915,7.074,7.0,0.0,7.0,2.0,1.0,39.0,11.0,28.205,29.0,17.0,58.621,,,,,,,,,,168636.0,450.0,6.0,4.0,4.0,5.0,0.0,0.087,0.087,0.0,0.0,Enes,Ünal,1997-05-10,29.38,1450.0,19.0,Forward,Striker,b64p21hmhsqgrn6n04mk00zpx,1n1j0wsl763lq7ee1k0c11c02,Getafe CF,Getafe,Getafe,GET,168636.0,450.0,6.0,87.0,53.0,60.92,49.0,23.0,46.94,4.0,1.0,25.0,1.0,0.0,0.0,Enes,Ünal,1997-05-10,29.38,1450.0,19.0,Forward,Striker,b64p21hmhsqgrn6n04mk00zpx,1n1j0wsl763lq7ee1k0c11c02,Getafe CF,Getafe,Getafe,GET,168636,b64p21hmhsqgrn6n04mk00zpx,1450,1n1j0wsl763lq7ee1k0c11c02
Enzo Bardeli,492841.0,5.0,308.0,1.0,0.06,0.94,2.0,1.0,50.0,0.03,Enzo,Bardeli,2001-04-11,25.45,855.0,18.0,Midfielder,Central Midfielder,3y58b3su28xxhgx077hmh46ei,4grc9qgcvusllap8h5j6gc5h5,Levante UD,Levante,Levante,LEV,31.0,365.03,16.0,133.455,0.0,0.0,4.0,0.0,11.775,8.341,6.0,4.0,10.0,0.0,0.0,23.0,9.0,39.13,3.0,1.0,33.333,,,,,,,,,,492841.0,308.0,5.0,8.0,6.0,6.0,12.5,0.51,0.311,1.0,0.0,Enzo,Bardeli,2001-04-11,25.45,855.0,18.0,Midfielder,Central Midfielder,3y58b3su28xxhgx077hmh46ei,4grc9qgcvusllap8h5j6gc5h5,Levante UD,Levante,Levante,LEV,492841.0,308.0,5.0,101.0,83.0,82.18,30.0,21.0,70.0,7.0,1.0,14.29,1.0,1.0,100.0,Enzo,Bardeli,2001-04-11,25.45,855.0,18.0,Midfielder,Central Midfielder,3y58b3su28xxhgx077hmh46ei,4grc9qgcvusllap8h5j6gc5h5,Levante UD,Levante,Levante,LEV,492841,3y58b3su28xxhgx077hmh46ei,855,4grc9qgcvusllap8h5j6gc5h5
Enzo Boyomo,437677.0,3.0,201.0,0.0,0.0,0.0,0.0,0.0,0.0,0.0,Enzo,Boyomo,2001-10-07,24.96,450.0,22.0,Defender,Central Defender,5tiol5jc7h11oic9vvyu83fqi,2l0ldgiwsgb8d6y3z0sfgjzyj,CA Osasuna,Osasuna,Osasuna,OSA,18.0,190.862,7.0,89.565,0.0,0.0,0.0,0.0,10.603,12.795,6.0,1.0,7.0,3.0,15.0,14.0,8.0,57.143,5.0,2.0,40.0,,,,,,,,,,437677.0,201.0,3.0,1.0,1.0,1.22,0.0,0.007,0.007,0.0,0.0,Enzo,Boyomo,2001-10-07,24.96,450.0,22.0,Defender,Central Defender,5tiol5jc7h11oic9vvyu83fqi,2l0ldgiwsgb8d6y3z0sfgjzyj,CA Osasuna,Osasuna,Osasuna,OSA,437677.0,201.0,3.0,86.0,77.0,89.53,3.0,2.0,66.67,0.0,0.0,0.0,0.0,0.0,0.0,Enzo,Boyomo,2001-10-07,24.96,450.0,22.0,Defender,Central Defender,5tiol5jc7h11oic9vvyu83fqi,2l0ldgiwsgb8d6y3z0sfgjzyj,CA Osasuna,Osasuna,Osasuna,OSA,437677,5tiol5jc7h11oic9vvyu83fqi,450,2l0ldgiwsgb8d6y3z0sfgjzyj
Eric García,432656.0,5.0,379.0,0.0,0.11,-0.11,3.0,0.0,0.0,0.04,Eric,García,2001-01-09,25.71,178.0,24.0,Defender,Central Defender,4ggz7e009bq3yltc9o6mifbah,agh9ifb2mw3ivjusgedj7c3fe,FC Barcelona,Barcelona,Barcelona,BAR,36.0,289.274,20.0,137.865,0.0,0.0,1.0,0.0,8.035,6.893,13.0,4.0,21.0,1.0,14.0,24.0,14.0,58.333,6.0,4.0,66.667,,,,,,,,,,432656.0,379.0,5.0,3.0,3.0,0.84,0.0,0.458,0.456,0.0,0.0,Eric,García,2001-01-09,25.71,178.0,24.0,Defender,Central Defender,4ggz7e009bq3yltc9o6mifbah,agh9ifb2mw3ivjusgedj7c3fe,FC Barcelona,Barcelona,Barcelona,BAR,432656.0,379.0,5.0,364.0,324.0,89.01,88.0,67.0,76.14,2.0,0.0,0.0,2.0,1.0,50.0,Eric,García,2001-01-09,25.71,178.0,24.0,Defender,Central Defender,4ggz7e009bq3yltc9o6mifbah,agh9ifb2mw3ivjusgedj7c3fe,FC Barcelona,Barcelona,Barcelona,BAR,432656,4ggz7e009bq3yltc9o6mifbah,178,agh9ifb2mw3ivjusgedj7c3fe
Ezequiel Ponce,172845.0,3.0,121.0,0.0,0.2,-0.2,3.0,1.0,0.0,0.07,Ezequiel,Ponce,1997-03-29,29.49,954.0,9.0,Forward,Striker,a971j313ztjvcgojpg6u390b9,4yg9ttzw0m51048doksv8uq5r,Elche CF,Elche,Elche,ELC,8.0,79.729,4.0,27.615,0.0,0.0,1.0,0.0,9.966,6.904,2.0,1.0,1.0,0.0,1.0,8.0,5.0,62.5,8.0,5.0,62.5,,,,,,,,,,172845.0,121.0,3.0,1.0,1.0,5.56,0.0,0.087,0.087,0.0,0.0,Ezequiel,Ponce,1997-03-29,29.49,954.0,9.0,Forward,Striker,a971j313ztjvcgojpg6u390b9,4yg9ttzw0m51048doksv8uq5r,Elche CF,Elche,Elche,ELC,172845.0,121.0,3.0,23.0,20.0,86.96,6.0,5.0,83.33,0.0,0.0,0.0,0.0,0.0,0.0,Ezequiel,Ponce,1997-03-29,29.49,954.0,9.0,Forward,Striker,a971j313ztjvcgojpg6u390b9,4yg9ttzw0m51048doksv8uq5r,Elche CF,Elche,Elche,ELC,172845,a971j313ztjvcgojpg6u390b9,954,4yg9ttzw0m51048doksv8uq5r
Facu González,564895.0,5.0,246.0,0.0,0.0,0.0,0.0,0.0,0.0,0.0,Facu,González,2003-06-06,23.3,189.0,16.0,Defender,Central Defender,1ysjiktcawxozp70p3w13ssgk,bzkwzatvwahmbzok1ymm5vqa1,Real Racing Club,Racing de Santander,Santander,RAC,15.0,124.852,8.0,91.035,0.0,0.0,0.0,0.0,8.323,11.379,5.0,5.0,5.0,4.0,19.0,16.0,8.0,50.0,10.0,4.0,40.0,,,,,,,,,,564895.0,246.0,5.0,0.0,0.0,0.0,0.0,0.004,0.004,0.0,0.0,Facu,González,2003-06-06,23.3,189.0,16.0,Defender,Central Defender,1ysjiktcawxozp70p3w13ssgk,bzkwzatvwahmbzok1ymm5vqa1,Real Racing Club,Racing de Santander,Santander,RAC,564895.0,246.0,5.0,91.0,72.0,79.12,8.0,3.0,37.5,0.0,0.0,0.0,0.0,0.0,0.0,Facu,González,2003-06-06,23.3,189.0,16.0,Defender,Central Defender,1ysjiktcawxozp70p3w13ssgk,bzkwzatvwahmbzok1ymm5vqa1,Real Racing Club,Racing de Santander,Santander,RAC,564895,1ysjiktcawxozp70p3w13ssgk,189,bzkwzatvwahmbzok1ymm5vqa1
Facundo Bernal,614242.0,6.0,386.0,0.0,0.21,-0.21,6.0,1.0,0.0,0.03,Facundo,Bernal,2003-08-21,23.09,185.0,6.0,Midfielder,Defensive Midfielder,c95r9z8d278aou76he7tp3k7o,ah8dala7suqqkj04n2l8xz4zd,Real Betis Balompié,Real Betis,Betis,BET,35.0,318.901,15.0,86.625,1.0,0.0,1.0,0.0,9.111,5.775,11.0,8.0,22.0,0.0,5.0,26.0,17.0,65.385,3.0,3.0,100.0,,,,,,,,,,614242.0,386.0,6.0,1.0,1.0,0.46,0.0,0.081,0.077,0.0,0.0,Facundo,Bernal,2003-08-21,23.09,185.0,6.0,Midfielder,Defensive Midfielder,c95r9z8d278aou76he7tp3k7o,ah8dala7suqqkj04n2l8xz4zd,Real Betis Balompié,Real Betis,Betis,BET,614242.0,386.0,6.0,225.0,197.0,87.56,45.0,30.0,66.67,0.0,0.0,0.0,0.0,0.0,0.0,Facundo,Bernal,2003-08-21,23.09,185.0,6.0,Midfielder,Defensive Midfielder,c95r9z8d278aou76he7tp3k7o,ah8dala7suqqkj04n2l8xz4zd,Real Betis Balompié,Real Betis,Betis,BET,614242,c95r9z8d278aou76he7tp3k7o,185,ah8dala7suqqkj04n2l8xz4zd
Facundo Buonanotte,536916.0,4.0,219.0,1.0,1.13,-0.13,8.0,4.0,12.5,0.14,Facundo,Buonanotte,2004-12-23,21.75,954.0,10.0,Midfielder,Attacking Midfielder,9drh3w3emxjf6aah8pstsdgr8,4yg9ttzw0m51048doksv8uq5r,Elche CF,Elche,Elche,ELC,33.0,355.699,17.0,154.14,4.0,0.0,0.0,0.0,10.779,9.067,6.0,3.0,12.0,2.0,2.0,28.0,11.0,39.286,2.0,0.0,0.0,,,,,,,,,,536916.0,219.0,4.0,1.0,0.0,0.0,100.0,0.162,0.136,0.0,0.0,Facundo,Buonanotte,2004-12-23,21.75,954.0,10.0,Midfielder,Attacking Midfielder,9drh3w3emxjf6aah8pstsdgr8,4yg9ttzw0m51048doksv8uq5r,Elche CF,Elche,Elche,ELC,536916.0,219.0,4.0,74.0,54.0,72.97,26.0,12.0,46.15,3.0,0.0,0.0,1.0,1.0,100.0,Facundo,Buonanotte,2004-12-23,21.75,954.0,10.0,Midfielder,Attacking Midfielder,9drh3w3emxjf6aah8pstsdgr8,4yg9ttzw0m51048doksv8uq5r,Elche CF,Elche,Elche,ELC,536916,9drh3w3emxjf6aah8pstsdgr8,954,4yg9ttzw0m51048doksv8uq5r
Federico Redondo,536884.0,4.0,321.0,0.0,0.05,-0.05,1.0,0.0,0.0,0.05,Federico,Redondo,2003-01-18,23.68,954.0,5.0,Midfielder,Defensive Midfielder,b8yk8yve4u39s9gjjvedzf6l0,4yg9ttzw0m51048doksv8uq5r,Elche CF,Elche,Elche,ELC,53.0,625.848,26.0,315.105,0.0,0.0,0.0,0.0,11.808,12.119,13.0,9.0,25.0,1.0,11.0,26.0,17.0,65.385,3.0,1.0,33.333,,,,,,,,,,536884.0,321.0,4.0,2.0,2.0,1.01,0.0,0.165,0.164,0.0,0.0,Federico,Redondo,2003-01-18,23.68,954.0,5.0,Midfielder,Defensive Midfielder,b8yk8yve4u39s9gjjvedzf6l0,4yg9ttzw0m51048doksv8uq5r,Elche CF,Elche,Elche,ELC,536884.0,321.0,4.0,210.0,197.0,93.81,19.0,16.0,84.21,0.0,0.0,0.0,1.0,1.0,100.0,Federico,Redondo,2003-01-18,23.68,954.0,5.0,Midfielder,Defensive Midfielder,b8yk8yve4u39s9gjjvedzf6l0,4yg9ttzw0m51048doksv8uq5r,Elche CF,Elche,Elche,ELC,536884,b8yk8yve4u39s9gjjvedzf6l0,954,4yg9ttzw0m51048doksv8uq5r
Federico Valverde,223255.0,6.0,474.0,0.0,0.29,-0.29,6.0,1.0,0.0,0.05,Federico,Valverde,1998-07-22,28.18,186.0,8.0,Midfielder,Central Midfielder,1i9wi65k2foqwudeqiyih87hl,3kq9cckrnlogidldtdie2fkbl,Real Madrid CF,Real Madrid,Real Madrid,RMA,64.0,706.502,34.0,328.44,1.0,0.0,2.0,1.0,11.039,9.66,8.0,5.0,19.0,2.0,6.0,22.0,12.0,54.545,2.0,2.0,100.0,,,,,,,,,,223255.0,474.0,6.0,5.0,5.0,1.28,0.0,0.367,0.366,1.0,1.0,Federico,Valverde,1998-07-22,28.18,186.0,8.0,Midfielder,Central Midfielder,1i9wi65k2foqwudeqiyih87hl,3kq9cckrnlogidldtdie2fkbl,Real Madrid CF,Real Madrid,Real Madrid,RMA,223255.0,474.0,6.0,319.0,295.0,92.48,107.0,94.0,87.85,1.0,0.0,0.0,0.0,0.0,0.0,Federico,Valverde,1998-07-22,28.18,186.0,8.0,Midfielder,Central Midfielder,1i9wi65k2foqwudeqiyih87hl,3kq9cckrnlogidldtdie2fkbl,Real Madrid CF,Real Madrid,Real Madrid,RMA,223255,1i9wi65k2foqwudeqiyih87hl,186,3kq9cckrnlogidldtdie2fkbl
Fer Niño,502290.0,6.0,409.0,3.0,2.01,0.99,9.0,7.0,33.33,0.22,Fer,Niño,2000-10-24,25.92,954.0,14.0,Forward,Striker,313x9xk65v0e1qoqvbqqy5u96,4yg9ttzw0m51048doksv8uq5r,Elche CF,Elche,Elche,ELC,29.0,378.777,14.0,150.045,0.0,0.0,0.0,0.0,13.061,10.718,6.0,2.0,10.0,0.0,7.0,35.0,15.0,42.857,36.0,17.0,47.222,,,,,,,,,,502290.0,409.0,6.0,2.0,2.0,2.27,0.0,0.203,0.203,0.0,0.0,Fer,Niño,2000-10-24,25.92,954.0,14.0,Forward,Striker,313x9xk65v0e1qoqvbqqy5u96,4yg9ttzw0m51048doksv8uq5r,Elche CF,Elche,Elche,ELC,502290.0,409.0,6.0,91.0,65.0,71.43,33.0,22.0,66.67,0.0,0.0,0.0,0.0,0.0,0.0,Fer,Niño,2000-10-24,25.92,954.0,14.0,Forward,Striker,313x9xk65v0e1qoqvbqqy5u96,4yg9ttzw0m51048doksv8uq5r,Elche CF,Elche,Elche,ELC,502290,313x9xk65v0e1qoqvbqqy5u96,954,4yg9ttzw0m51048doksv8uq5r
Fermín López,551086.0,5.0,371.0,4.0,2.74,1.26,11.0,8.0,36.36,0.25,Fermín,López,2003-05-11,23.37,178.0,7.0,Midfielder,Central Midfielder,cjll1xrw3xulnl23c9tlf6rys,agh9ifb2mw3ivjusgedj7c3fe,FC Barcelona,Barcelona,Barcelona,BAR,43.0,482.83,23.0,232.995,3.0,1.0,0.0,0.0,11.229,10.13,6.0,2.0,9.0,1.0,1.0,38.0,18.0,47.368,4.0,2.0,50.0,,,,,,,,,,551086.0,371.0,5.0,8.0,7.0,2.78,12.5,0.738,0.674,2.0,2.0,Fermín,López,2003-05-11,23.37,178.0,7.0,Midfielder,Central Midfielder,cjll1xrw3xulnl23c9tlf6rys,agh9ifb2mw3ivjusgedj7c3fe,FC Barcelona,Barcelona,Barcelona,BAR,551086.0,371.0,5.0,184.0,155.0,84.24,82.0,59.0,71.95,3.0,2.0,66.67,2.0,0.0,0.0,Fermín,López,2003-05-11,23.37,178.0,7.0,Midfielder,Central Midfielder,cjll1xrw3xulnl23c9tlf6rys,agh9ifb2mw3ivjusgedj7c3fe,FC Barcelona,Barcelona,Barcelona,BAR,551086,cjll1xrw3xulnl23c9tlf6rys,178,agh9ifb2mw3ivjusgedj7c3fe
Ferran Jutglà,464575.0,6.0,325.0,1.0,0.49,0.51,4.0,2.0,25.0,0.12,Ferran,Jutglà,1999-02-01,27.65,176.0,9.0,Forward,Striker,9mlj7fxon5zy1qmktvvcwjrl6,6f27yvbqcngegwsg2ozxxdj4,Real Club Celta de Vigo,Celta de Vigo,Celta,CEL,33.0,425.202,15.0,201.285,2.0,1.0,3.0,0.0,12.885,13.419,2.0,0.0,7.0,2.0,2.0,26.0,13.0,50.0,14.0,5.0,35.714,,,,,,,,,,464575.0,325.0,6.0,3.0,3.0,4.92,0.0,0.226,0.226,0.0,0.0,Ferran,Jutglà,1999-02-01,27.65,176.0,9.0,Forward,Striker,9mlj7fxon5zy1qmktvvcwjrl6,6f27yvbqcngegwsg2ozxxdj4,Real Club Celta de Vigo,Celta de Vigo,Celta,CEL,464575.0,325.0,6.0,62.0,50.0,80.65,29.0,21.0,72.41,2.0,0.0,0.0,0.0,0.0,0.0,Ferran,Jutglà,1999-02-01,27.65,176.0,9.0,Forward,Striker,9mlj7fxon5zy1qmktvvcwjrl6,6f27yvbqcngegwsg2ozxxdj4,Real Club Celta de Vigo,Celta de Vigo,Celta,CEL,464575,9mlj7fxon5zy1qmktvvcwjrl6,176,6f27yvbqcngegwsg2ozxxdj4
Filip Ugrinic,242169.0,6.0,464.0,0.0,0.41,-0.41,6.0,2.0,0.0,0.07,Filip,Ugrinic,1999-01-05,27.72,191.0,23.0,Midfielder,0,94md3wf5xab5mnj5niiwq33zd,ba5e91hjacvma2sjvixn00pjo,Valencia CF,Valencia,Valencia,VAL,81.0,935.249,35.0,415.38,1.0,0.0,1.0,0.0,11.546,11.868,9.0,3.0,13.0,0.0,8.0,42.0,21.0,50.0,8.0,2.0,25.0,,,,,,,,,,242169.0,464.0,6.0,4.0,3.0,1.27,25.0,0.291,0.219,0.0,0.0,Filip,Ugrinic,1999-01-05,27.72,191.0,23.0,Midfielder,0,94md3wf5xab5mnj5niiwq33zd,ba5e91hjacvma2sjvixn00pjo,Valencia CF,Valencia,Valencia,VAL,242169.0,464.0,6.0,245.0,224.0,91.43,60.0,50.0,83.33,13.0,3.0,23.08,0.0,0.0,0.0,Filip,Ugrinic,1999-01-05,27.72,191.0,23.0,Midfielder,0,94md3wf5xab5mnj5niiwq33zd,ba5e91hjacvma2sjvixn00pjo,Valencia CF,Valencia,Valencia,VAL,242169,94md3wf5xab5mnj5niiwq33zd,191,ba5e91hjacvma2sjvixn00pjo
Florian Lejeune,77359.0,6.0,540.0,0.0,0.25,-0.25,10.0,2.0,0.0,0.03,Florian,Lejeune,1991-05-20,35.36,184.0,24.0,Defender,Central Defender,533095rnz0k8mxqe6gzn0mfo5,3budh3j9xivsid3ptm8ptpy4k,Rayo Vallecano de Madrid,Rayo Vallecano,Rayo,RAY,65.0,680.386,44.0,452.445,2.0,0.0,0.0,0.0,10.467,10.283,13.0,9.0,23.0,5.0,34.0,30.0,20.0,66.667,21.0,12.0,57.143,,,,,,,,,,77359.0,540.0,6.0,1.0,1.0,0.35,0.0,0.075,0.073,0.0,0.0,Florian,Lejeune,1991-05-20,35.36,184.0,24.0,Defender,Central Defender,533095rnz0k8mxqe6gzn0mfo5,3budh3j9xivsid3ptm8ptpy4k,Rayo Vallecano de Madrid,Rayo Vallecano,Rayo,RAY,77359.0,540.0,6.0,299.0,247.0,82.61,49.0,23.0,46.94,0.0,0.0,0.0,0.0,0.0,0.0,Florian,Lejeune,1991-05-20,35.36,184.0,24.0,Defender,Central Defender,533095rnz0k8mxqe6gzn0mfo5,3budh3j9xivsid3ptm8ptpy4k,Rayo Vallecano de Madrid,Rayo Vallecano,Rayo,RAY,77359,533095rnz0k8mxqe6gzn0mfo5,184,3budh3j9xivsid3ptm8ptpy4k
Fran García,227166.0,5.0,391.0,0.0,0.0,0.0,0.0,0.0,0.0,0.0,Fran,García,1999-08-14,27.12,185.0,11.0,Defender,Full Back,39c5g6782qlrtw55fsre7exnt,ah8dala7suqqkj04n2l8xz4zd,Real Betis Balompié,Real Betis,Betis,BET,59.0,650.06,40.0,446.67,0.0,0.0,3.0,1.0,11.018,11.167,11.0,4.0,25.0,2.0,4.0,26.0,17.0,65.385,7.0,3.0,42.857,,,,,,,,,,227166.0,391.0,5.0,5.0,5.0,2.22,0.0,0.315,0.314,1.0,1.0,Fran,García,1999-08-14,27.12,185.0,11.0,Defender,Full Back,39c5g6782qlrtw55fsre7exnt,ah8dala7suqqkj04n2l8xz4zd,Real Betis Balompié,Real Betis,Betis,BET,227166.0,391.0,5.0,186.0,159.0,85.48,50.0,39.0,78.0,15.0,2.0,13.33,0.0,0.0,0.0,Fran,García,1999-08-14,27.12,185.0,11.0,Defender,Full Back,39c5g6782qlrtw55fsre7exnt,ah8dala7suqqkj04n2l8xz4zd,Real Betis Balompié,Real Betis,Betis,BET,227166,39c5g6782qlrtw55fsre7exnt,185,ah8dala7suqqkj04n2l8xz4zd
Fran Pérez,466057.0,5.0,142.0,0.0,0.04,-0.04,1.0,0.0,0.0,0.04,Fran,Pérez,2002-09-09,24.04,184.0,21.0,Forward,Winger,66fshzi5f86wt1lwa4kdhiooa,3budh3j9xivsid3ptm8ptpy4k,Rayo Vallecano de Madrid,Rayo Vallecano,Rayo,RAY,20.0,288.466,12.0,159.6,0.0,0.0,1.0,0.0,14.423,13.3,0.0,2.0,8.0,0.0,1.0,17.0,6.0,35.294,1.0,0.0,0.0,,,,,,,,,,466057.0,142.0,5.0,1.0,1.0,2.78,0.0,0.09,0.09,0.0,0.0,Fran,Pérez,2002-09-09,24.04,184.0,21.0,Forward,Winger,66fshzi5f86wt1lwa4kdhiooa,3budh3j9xivsid3ptm8ptpy4k,Rayo Vallecano de Madrid,Rayo Vallecano,Rayo,RAY,466057.0,142.0,5.0,36.0,29.0,80.56,16.0,10.0,62.5,5.0,1.0,20.0,0.0,0.0,0.0,Fran,Pérez,2002-09-09,24.04,184.0,21.0,Forward,Winger,66fshzi5f86wt1lwa4kdhiooa,3budh3j9xivsid3ptm8ptpy4k,Rayo Vallecano de Madrid,Rayo Vallecano,Rayo,RAY,466057,66fshzi5f86wt1lwa4kdhiooa,184,3budh3j9xivsid3ptm8ptpy4k
Francho Serrano,494495.0,4.0,261.0,0.0,0.01,-0.01,1.0,1.0,0.0,0.01,Francho,Serrano,2001-10-17,24.94,1450.0,16.0,Midfielder,Central Midfielder,3aghufhxo2dygj4og46wivfje,1n1j0wsl763lq7ee1k0c11c02,Getafe CF,Getafe,Getafe,GET,7.0,85.693,4.0,41.895,0.0,0.0,0.0,0.0,12.242,10.474,4.0,4.0,9.0,0.0,4.0,17.0,8.0,47.059,1.0,0.0,0.0,,,,,,,,,,494495.0,261.0,4.0,0.0,0.0,0.0,0.0,0.048,0.048,0.0,0.0,Francho,Serrano,2001-10-17,24.94,1450.0,16.0,Midfielder,Central Midfielder,3aghufhxo2dygj4og46wivfje,1n1j0wsl763lq7ee1k0c11c02,Getafe CF,Getafe,Getafe,GET,494495.0,261.0,4.0,87.0,71.0,81.61,32.0,26.0,81.25,3.0,0.0,0.0,0.0,0.0,0.0,Francho,Serrano,2001-10-17,24.94,1450.0,16.0,Midfielder,Central Midfielder,3aghufhxo2dygj4og46wivfje,1n1j0wsl763lq7ee1k0c11c02,Getafe CF,Getafe,Getafe,GET,494495,3aghufhxo2dygj4og46wivfje,1450,1n1j0wsl763lq7ee1k0c11c02
Félix Correia,449991.0,2.0,164.0,0.0,0.09,-0.09,1.0,1.0,0.0,0.09,Félix Alexandre,Andrade Sanches Correia,2001-01-22,25.67,179.0,20.0,Forward,Winger,5ikeslw81x2em97k79crmhh0q,10eyb18v5puw4ez03ocaug09m,Sevilla FC,Sevilla,Sevilla,SEV,23.0,226.691,9.0,57.435,0.0,0.0,1.0,0.0,9.856,6.382,2.0,0.0,3.0,0.0,2.0,15.0,7.0,46.667,6.0,2.0,33.333,,,,,,,,,,449991.0,164.0,2.0,3.0,1.0,1.96,66.67,0.228,0.129,0.0,0.0,Félix Alexandre,Andrade Sanches Correia,2001-01-22,25.67,179.0,20.0,Forward,Winger,5ikeslw81x2em97k79crmhh0q,10eyb18v5puw4ez03ocaug09m,Sevilla FC,Sevilla,Sevilla,SEV,449991.0,164.0,2.0,51.0,33.0,64.71,29.0,17.0,58.62,3.0,0.0,0.0,1.0,0.0,0.0,Félix Alexandre,Andrade Sanches Correia,2001-01-22,25.67,179.0,20.0,Forward,Winger,5ikeslw81x2em97k79crmhh0q,10eyb18v5puw4ez03ocaug09m,Sevilla FC,Sevilla,Sevilla,SEV,449991,5ikeslw81x2em97k79crmhh0q,179,10eyb18v5puw4ez03ocaug09m
Gabriel Jesus,205651.0,2.0,30.0,1.0,0.3,0.7,3.0,1.0,33.33,0.1,Gabriel Fernando,de Jesus,1997-04-03,29.48,178.0,9.0,Forward,Striker,d66tmyj9pt69gub8pcjgo3bh1,agh9ifb2mw3ivjusgedj7c3fe,FC Barcelona,Barcelona,Barcelona,BAR,8.0,62.958,2.0,9.03,0.0,0.0,0.0,0.0,7.87,4.515,1.0,0.0,0.0,0.0,0.0,5.0,3.0,60.0,0.0,0.0,0.0,,,,,,,,,,205651.0,30.0,2.0,1.0,1.0,5.0,0.0,0.224,0.224,0.0,0.0,Gabriel Fernando,de Jesus,1997-04-03,29.48,178.0,9.0,Forward,Striker,d66tmyj9pt69gub8pcjgo3bh1,agh9ifb2mw3ivjusgedj7c3fe,FC Barcelona,Barcelona,Barcelona,BAR,205651.0,30.0,2.0,20.0,17.0,85.0,11.0,8.0,72.73,0.0,0.0,0.0,1.0,1.0,100.0,Gabriel Fernando,de Jesus,1997-04-03,29.48,178.0,9.0,Forward,Striker,d66tmyj9pt69gub8pcjgo3bh1,agh9ifb2mw3ivjusgedj7c3fe,FC Barcelona,Barcelona,Barcelona,BAR,205651,d66tmyj9pt69gub8pcjgo3bh1,178,agh9ifb2mw3ivjusgedj7c3fe
Gabriel Moscardo,617127.0,4.0,173.0,0.0,0.13,-0.13,2.0,1.0,0.0,0.06,Gabriel,Silva Moscardo de Salles,2005-09-28,20.99,177.0,20.0,Midfielder,Defensive Midfielder,ae9xt3rmdo278sevre9oagx78,c8llrezkm3b3op4afrou6b487,Reial Club Deportiu Espanyol de Barcelona,Espanyol,Espanyol,ESP,12.0,99.977,5.0,-9.24,0.0,0.0,0.0,0.0,8.331,-1.848,8.0,1.0,4.0,0.0,6.0,21.0,10.0,47.619,10.0,7.0,70.0,,,,,,,,,,617127.0,173.0,4.0,0.0,0.0,0.0,0.0,0.025,0.025,0.0,0.0,Gabriel,Silva Moscardo de Salles,2005-09-28,20.99,177.0,20.0,Midfielder,Defensive Midfielder,ae9xt3rmdo278sevre9oagx78,c8llrezkm3b3op4afrou6b487,Reial Club Deportiu Espanyol de Barcelona,Espanyol,Espanyol,ESP,617127.0,173.0,4.0,56.0,46.0,82.14,14.0,10.0,71.43,0.0,0.0,0.0,0.0,0.0,0.0,Gabriel,Silva Moscardo de Salles,2005-09-28,20.99,177.0,20.0,Midfielder,Defensive Midfielder,ae9xt3rmdo278sevre9oagx78,c8llrezkm3b3op4afrou6b487,Reial Club Deportiu Espanyol de Barcelona,Espanyol,Espanyol,ESP,617127,ae9xt3rmdo278sevre9oagx78,177,c8llrezkm3b3op4afrou6b487
Gabriel Suazo,213102.0,6.0,540.0,0.0,0.01,-0.01,1.0,0.0,0.0,0.01,Gabriel,Suazo,1997-08-09,29.13,179.0,17.0,Defender,Full Back,8yak0o9o7z5j5ribga3ui2cb9,10eyb18v5puw4ez03ocaug09m,Sevilla FC,Sevilla,Sevilla,SEV,45.0,550.771,28.0,347.34,0.0,0.0,2.0,0.0,12.239,12.405,16.0,3.0,27.0,1.0,16.0,46.0,26.0,56.522,16.0,9.0,56.25,,,,,,,,,,213102.0,540.0,6.0,8.0,5.0,2.23,37.5,0.478,0.313,0.0,0.0,Gabriel,Suazo,1997-08-09,29.13,179.0,17.0,Defender,Full Back,8yak0o9o7z5j5ribga3ui2cb9,10eyb18v5puw4ez03ocaug09m,Sevilla FC,Sevilla,Sevilla,SEV,213102.0,540.0,6.0,236.0,190.0,80.51,85.0,67.0,78.82,13.0,3.0,23.08,0.0,0.0,0.0,Gabriel,Suazo,1997-08-09,29.13,179.0,17.0,Defender,Full Back,8yak0o9o7z5j5ribga3ui2cb9,10eyb18v5puw4ez03ocaug09m,Sevilla FC,Sevilla,Sevilla,SEV,213102,8yak0o9o7z5j5ribga3ui2cb9,179,10eyb18v5puw4ez03ocaug09m
Gavi,500046.0,2.0,73.0,0.0,0.0,0.0,0.0,0.0,0.0,0.0,Pablo,Páez Gavira,2004-08-05,22.13,178.0,6.0,Midfielder,Central Midfielder,eb3ci3a120om80v80mobsus8a,agh9ifb2mw3ivjusgedj7c3fe,FC Barcelona,Barcelona,Barcelona,BAR,10.0,89.777,2.0,10.5,0.0,0.0,1.0,0.0,8.978,5.25,1.0,2.0,1.0,0.0,0.0,6.0,3.0,50.0,4.0,3.0,75.0,,,,,,,,,,500046.0,73.0,2.0,1.0,1.0,2.44,0.0,0.042,0.042,0.0,0.0,Pablo,Páez Gavira,2004-08-05,22.13,178.0,6.0,Midfielder,Central Midfielder,eb3ci3a120om80v80mobsus8a,agh9ifb2mw3ivjusgedj7c3fe,FC Barcelona,Barcelona,Barcelona,BAR,500046.0,73.0,2.0,41.0,39.0,95.12,10.0,9.0,90.0,0.0,0.0,0.0,0.0,0.0,0.0,Pablo,Páez Gavira,2004-08-05,22.13,178.0,6.0,Midfielder,Central Midfielder,eb3ci3a120om80v80mobsus8a,agh9ifb2mw3ivjusgedj7c3fe,FC Barcelona,Barcelona,Barcelona,BAR,500046,eb3ci3a120om80v80mobsus8a,178,agh9ifb2mw3ivjusgedj7c3fe
Georges Mikautadze,499209.0,6.0,396.0,1.0,3.33,-2.33,17.0,8.0,5.88,0.2,Georges,Mikautadze,2000-10-31,25.9,449.0,9.0,Forward,Striker,8bvn7mn5tjfj3l2bnpvm75gmi,74mcjsm72vr3l9pw2i4qfjchj,Villarreal CF,Villarreal,Villarreal,VIL,47.0,532.571,27.0,260.19,3.0,0.0,2.0,0.0,11.331,9.637,0.0,1.0,9.0,0.0,2.0,43.0,15.0,34.884,2.0,0.0,0.0,,,,,,,,,,499209.0,396.0,6.0,7.0,7.0,4.76,0.0,1.407,1.406,1.0,1.0,Georges,Mikautadze,2000-10-31,25.9,449.0,9.0,Forward,Striker,8bvn7mn5tjfj3l2bnpvm75gmi,74mcjsm72vr3l9pw2i4qfjchj,Villarreal CF,Villarreal,Villarreal,VIL,499209.0,396.0,6.0,133.0,111.0,83.46,79.0,64.0,81.01,3.0,0.0,0.0,1.0,1.0,100.0,Georges,Mikautadze,2000-10-31,25.9,449.0,9.0,Forward,Striker,8bvn7mn5tjfj3l2bnpvm75gmi,74mcjsm72vr3l9pw2i4qfjchj,Villarreal CF,Villarreal,Villarreal,VIL,499209,8bvn7mn5tjfj3l2bnpvm75gmi,449,74mcjsm72vr3l9pw2i4qfjchj
Gerard Martín,523234.0,5.0,405.0,0.0,0.1,-0.1,1.0,0.0,0.0,0.1,Gerard,Martín,2002-02-26,24.58,178.0,18.0,Defender,Full Back,6l1y87tlepsvr83d8y2qifeqy,agh9ifb2mw3ivjusgedj7c3fe,FC Barcelona,Barcelona,Barcelona,BAR,78.0,736.811,47.0,408.45,0.0,0.0,0.0,0.0,9.446,8.69,3.0,7.0,9.0,0.0,24.0,12.0,6.0,50.0,10.0,4.0,40.0,,,,,,,,,,523234.0,405.0,5.0,0.0,0.0,0.0,0.0,0.092,0.092,0.0,0.0,Gerard,Martín,2002-02-26,24.58,178.0,18.0,Defender,Full Back,6l1y87tlepsvr83d8y2qifeqy,agh9ifb2mw3ivjusgedj7c3fe,FC Barcelona,Barcelona,Barcelona,BAR,523234.0,405.0,5.0,359.0,340.0,94.71,59.0,50.0,84.75,0.0,0.0,0.0,0.0,0.0,0.0,Gerard,Martín,2002-02-26,24.58,178.0,18.0,Defender,Full Back,6l1y87tlepsvr83d8y2qifeqy,agh9ifb2mw3ivjusgedj7c3fe,FC Barcelona,Barcelona,Barcelona,BAR,523234,6l1y87tlepsvr83d8y2qifeqy,178,agh9ifb2mw3ivjusgedj7c3fe
Gerard Moreno,93721.0,5.0,273.0,2.0,1.87,0.13,6.0,3.0,33.33,0.31,Gerard,Moreno,1992-04-07,34.47,449.0,7.0,Forward,Striker,2biwwlvzgsu5kmyw5w1adpmtx,74mcjsm72vr3l9pw2i4qfjchj,Villarreal CF,Villarreal,Villarreal,VIL,43.0,414.535,18.0,128.94,0.0,0.0,4.0,0.0,9.64,7.163,2.0,0.0,6.0,0.0,2.0,21.0,12.0,57.143,3.0,3.0,100.0,,,,,,,,,,93721.0,273.0,5.0,9.0,9.0,6.98,0.0,1.105,1.104,0.0,0.0,Gerard,Moreno,1992-04-07,34.47,449.0,7.0,Forward,Striker,2biwwlvzgsu5kmyw5w1adpmtx,74mcjsm72vr3l9pw2i4qfjchj,Villarreal CF,Villarreal,Villarreal,VIL,93721.0,273.0,5.0,134.0,112.0,83.58,85.0,68.0,80.0,6.0,2.0,33.33,1.0,1.0,100.0,Gerard,Moreno,1992-04-07,34.47,449.0,7.0,Forward,Striker,2biwwlvzgsu5kmyw5w1adpmtx,74mcjsm72vr3l9pw2i4qfjchj,Villarreal CF,Villarreal,Villarreal,VIL,93721,2biwwlvzgsu5kmyw5w1adpmtx,449,74mcjsm72vr3l9pw2i4qfjchj
Germán Valera,467020.0,6.0,482.0,0.0,0.03,-0.03,2.0,0.0,0.0,0.01,Germán,Valera,2002-03-16,24.53,954.0,11.0,Forward,Winger,5mgmcero3ui4a24v1w1upx3sa,4yg9ttzw0m51048doksv8uq5r,Elche CF,Elche,Elche,ELC,81.0,1071.625,42.0,457.8,1.0,0.0,6.0,0.0,13.23,10.9,3.0,4.0,19.0,0.0,5.0,38.0,19.0,50.0,4.0,1.0,25.0,,,,,,,,,,467020.0,482.0,6.0,10.0,10.0,6.29,0.0,0.921,0.896,0.0,0.0,Germán,Valera,2002-03-16,24.53,954.0,11.0,Forward,Winger,5mgmcero3ui4a24v1w1upx3sa,4yg9ttzw0m51048doksv8uq5r,Elche CF,Elche,Elche,ELC,467020.0,482.0,6.0,164.0,142.0,86.59,68.0,56.0,82.35,19.0,8.0,42.11,2.0,2.0,100.0,Germán,Valera,2002-03-16,24.53,954.0,11.0,Forward,Winger,5mgmcero3ui4a24v1w1upx3sa,4yg9ttzw0m51048doksv8uq5r,Elche CF,Elche,Elche,ELC,467020,5mgmcero3ui4a24v1w1upx3sa,954,4yg9ttzw0m51048doksv8uq5r
Giacomo Quagliata,456504.0,6.0,479.0,0.0,0.21,-0.21,4.0,1.0,0.0,0.05,Giacomo,Quagliata,2000-02-19,26.6,180.0,12.0,Defender,Full Back,1r35ds2obqkw03f7hfpfsqqui,1r541mega6d838hi0p44sv0h2,RC Deportivo de A Coruña,Deportivo de A Coruña,Deportivo,DEP,46.0,508.148,30.0,223.02,2.0,0.0,1.0,0.0,11.047,7.434,4.0,10.0,27.0,1.0,8.0,34.0,17.0,50.0,8.0,2.0,25.0,,,,,,,,,,456504.0,479.0,6.0,5.0,4.0,2.34,20.0,0.552,0.547,0.0,0.0,Giacomo,Quagliata,2000-02-19,26.6,180.0,12.0,Defender,Full Back,1r35ds2obqkw03f7hfpfsqqui,1r541mega6d838hi0p44sv0h2,RC Deportivo de A Coruña,Deportivo de A Coruña,Deportivo,DEP,456504.0,479.0,6.0,176.0,133.0,75.57,59.0,32.0,54.24,13.0,5.0,38.46,1.0,0.0,0.0,Giacomo,Quagliata,2000-02-19,26.6,180.0,12.0,Defender,Full Back,1r35ds2obqkw03f7hfpfsqqui,1r541mega6d838hi0p44sv0h2,RC Deportivo de A Coruña,Deportivo de A Coruña,Deportivo,DEP,456504,1r35ds2obqkw03f7hfpfsqqui,180,1r541mega6d838hi0p44sv0h2
Giorgi Guliashvili,486783.0,3.0,48.0,0.0,0.0,0.0,0.0,0.0,0.0,0.0,Giorgi,Guliashvili,2001-09-05,25.05,189.0,7.0,Forward,0,9z1o95wkit81ene5cu6yufoq1,bzkwzatvwahmbzok1ymm5vqa1,Real Racing Club,Racing de Santander,Santander,RAC,3.0,18.178,1.0,6.195,0.0,0.0,0.0,0.0,6.059,6.195,0.0,0.0,3.0,0.0,1.0,4.0,2.0,50.0,2.0,0.0,0.0,,,,,,,,,,486783.0,48.0,3.0,0.0,0.0,0.0,0.0,0.0,0.0,0.0,0.0,Giorgi,Guliashvili,2001-09-05,25.05,189.0,7.0,Forward,0,9z1o95wkit81ene5cu6yufoq1,bzkwzatvwahmbzok1ymm5vqa1,Real Racing Club,Racing de Santander,Santander,RAC,486783.0,48.0,3.0,8.0,7.0,87.5,1.0,0.0,0.0,0.0,0.0,0.0,0.0,0.0,0.0,Giorgi,Guliashvili,2001-09-05,25.05,189.0,7.0,Forward,0,9z1o95wkit81ene5cu6yufoq1,bzkwzatvwahmbzok1ymm5vqa1,Real Racing Club,Racing de Santander,Santander,RAC,486783,9z1o95wkit81ene5cu6yufoq1,189,bzkwzatvwahmbzok1ymm5vqa1
Giorgi Kochorashvili,428798.0,4.0,117.0,0.0,0.13,-0.13,4.0,0.0,0.0,0.03,Giorgi,Kochorashvili,1999-06-29,27.24,179.0,8.0,Midfielder,0,6disrpsqjrkg0ye06a5y6box5,10eyb18v5puw4ez03ocaug09m,Sevilla FC,Sevilla,Sevilla,SEV,15.0,173.312,7.0,37.485,0.0,0.0,0.0,0.0,11.554,5.355,3.0,1.0,9.0,0.0,2.0,11.0,5.0,45.455,0.0,0.0,0.0,,,,,,,,,,428798.0,117.0,4.0,1.0,0.0,0.0,0.0,0.222,0.074,1.0,0.0,Giorgi,Kochorashvili,1999-06-29,27.24,179.0,8.0,Midfielder,0,6disrpsqjrkg0ye06a5y6box5,10eyb18v5puw4ez03ocaug09m,Sevilla FC,Sevilla,Sevilla,SEV,428798.0,117.0,4.0,75.0,65.0,86.67,35.0,26.0,74.29,2.0,1.0,50.0,0.0,0.0,0.0,Giorgi,Kochorashvili,1999-06-29,27.24,179.0,8.0,Midfielder,0,6disrpsqjrkg0ye06a5y6box5,10eyb18v5puw4ez03ocaug09m,Sevilla FC,Sevilla,Sevilla,SEV,428798,6disrpsqjrkg0ye06a5y6box5,179,10eyb18v5puw4ez03ocaug09m
Giorgi Tsitaishvili,451017.0,3.0,182.0,0.0,0.63,-0.63,6.0,2.0,0.0,0.1,Giorgi,Tsitaishvili,2000-11-18,25.85,184.0,14.0,Forward,Winger,1sq7k81crma1kde80f06fufhl,3budh3j9xivsid3ptm8ptpy4k,Rayo Vallecano de Madrid,Rayo Vallecano,Rayo,RAY,16.0,237.476,12.0,151.41,4.0,0.0,2.0,0.0,14.842,12.618,1.0,0.0,2.0,0.0,1.0,8.0,1.0,12.5,2.0,0.0,0.0,,,,,,,,,,451017.0,182.0,3.0,2.0,2.0,8.7,0.0,0.176,0.176,0.0,0.0,Giorgi,Tsitaishvili,2000-11-18,25.85,184.0,14.0,Forward,Winger,1sq7k81crma1kde80f06fufhl,3budh3j9xivsid3ptm8ptpy4k,Rayo Vallecano de Madrid,Rayo Vallecano,Rayo,RAY,451017.0,182.0,3.0,23.0,21.0,91.3,11.0,10.0,90.91,6.0,2.0,33.33,0.0,0.0,0.0,Giorgi,Tsitaishvili,2000-11-18,25.85,184.0,14.0,Forward,Winger,1sq7k81crma1kde80f06fufhl,3budh3j9xivsid3ptm8ptpy4k,Rayo Vallecano de Madrid,Rayo Vallecano,Rayo,RAY,451017,1sq7k81crma1kde80f06fufhl,184,3budh3j9xivsid3ptm8ptpy4k
Giovani Lo Celso,200826.0,1.0,6.0,0.0,0.0,0.0,0.0,0.0,0.0,0.0,Giovani,Lo Celso,1996-04-09,30.46,185.0,20.0,Midfielder,Attacking Midfielder,dhtb9gizk25k1u3h0b7xgy4tl,ah8dala7suqqkj04n2l8xz4zd,Real Betis Balompié,Real Betis,Betis,BET,2.0,13.109,0.0,5.145,0.0,0.0,0.0,0.0,6.554,0.0,1.0,1.0,1.0,0.0,0.0,4.0,2.0,50.0,0.0,0.0,0.0,,,,,,,,,,200826.0,6.0,1.0,0.0,0.0,0.0,0.0,0.0,0.0,0.0,0.0,Giovani,Lo Celso,1996-04-09,30.46,185.0,20.0,Midfielder,Attacking Midfielder,dhtb9gizk25k1u3h0b7xgy4tl,ah8dala7suqqkj04n2l8xz4zd,Real Betis Balompié,Real Betis,Betis,BET,200826.0,6.0,1.0,3.0,3.0,100.0,0.0,0.0,0.0,0.0,0.0,0.0,0.0,0.0,0.0,Giovani,Lo Celso,1996-04-09,30.46,185.0,20.0,Midfielder,Attacking Midfielder,dhtb9gizk25k1u3h0b7xgy4tl,ah8dala7suqqkj04n2l8xz4zd,Real Betis Balompié,Real Betis,Betis,BET,200826,dhtb9gizk25k1u3h0b7xgy4tl,185,ah8dala7suqqkj04n2l8xz4zd
Giuliano Simeone,482652.0,6.0,384.0,2.0,0.97,1.03,8.0,2.0,25.0,0.12,Giuliano,Simeone,2002-12-18,23.77,175.0,20.0,Forward,Winger,5es43b4a7fv0lkmp63dj439ey,4ku8o6uf87yd8iecdalipo6wd,Club Atlético de Madrid,Atlético de Madrid,Atlético,ATM,38.0,446.207,22.0,202.86,3.0,1.0,0.0,0.0,11.742,9.221,11.0,5.0,24.0,1.0,3.0,32.0,16.0,50.0,20.0,11.0,55.0,,,,,,,,,,482652.0,384.0,6.0,4.0,4.0,1.74,0.0,0.197,0.196,1.0,1.0,Giuliano,Simeone,2002-12-18,23.77,175.0,20.0,Forward,Winger,5es43b4a7fv0lkmp63dj439ey,4ku8o6uf87yd8iecdalipo6wd,Club Atlético de Madrid,Atlético de Madrid,Atlético,ATM,482652.0,384.0,6.0,172.0,131.0,76.16,70.0,46.0,65.71,5.0,1.0,20.0,0.0,0.0,0.0,Giuliano,Simeone,2002-12-18,23.77,175.0,20.0,Forward,Winger,5es43b4a7fv0lkmp63dj439ey,4ku8o6uf87yd8iecdalipo6wd,Club Atlético de Madrid,Atlético de Madrid,Atlético,ATM,482652,5es43b4a7fv0lkmp63dj439ey,175,4ku8o6uf87yd8iecdalipo6wd
Gnangoro,747880.0,4.0,186.0,0.0,0.04,-0.04,1.0,1.0,0.0,0.04,Gnangoro,Bouare Samake,2004-06-13,22.28,184.0,36.0,Midfielder,0,5ffg76sn0ereo18m4zrfkh2c4,3budh3j9xivsid3ptm8ptpy4k,Rayo Vallecano de Madrid,Rayo Vallecano,Rayo,RAY,15.0,137.871,4.0,38.85,0.0,0.0,1.0,0.0,9.191,9.712,6.0,6.0,7.0,0.0,5.0,18.0,10.0,55.556,6.0,4.0,66.667,,,,,,,,,,747880.0,186.0,4.0,3.0,3.0,4.41,0.0,0.023,0.023,0.0,0.0,Gnangoro,Bouare Samake,2004-06-13,22.28,184.0,36.0,Midfielder,0,5ffg76sn0ereo18m4zrfkh2c4,3budh3j9xivsid3ptm8ptpy4k,Rayo Vallecano de Madrid,Rayo Vallecano,Rayo,RAY,747880.0,186.0,4.0,68.0,57.0,83.82,11.0,5.0,45.45,0.0,0.0,0.0,0.0,0.0,0.0,Gnangoro,Bouare Samake,2004-06-13,22.28,184.0,36.0,Midfielder,0,5ffg76sn0ereo18m4zrfkh2c4,3budh3j9xivsid3ptm8ptpy4k,Rayo Vallecano de Madrid,Rayo Vallecano,Rayo,RAY,747880,5ffg76sn0ereo18m4zrfkh2c4,184,3budh3j9xivsid3ptm8ptpy4k
Gonzalo Villar,450782.0,6.0,513.0,0.0,0.21,-0.21,4.0,3.0,0.0,0.05,Gonzalo,Villar,1998-03-23,28.51,954.0,12.0,Midfielder,Central Midfielder,bh4a2zneilpvi1t7etuhkfl61,4yg9ttzw0m51048doksv8uq5r,Elche CF,Elche,Elche,ELC,90.0,917.813,38.0,323.295,0.0,0.0,2.0,0.0,10.198,8.508,14.0,3.0,28.0,0.0,3.0,61.0,38.0,62.295,13.0,6.0,46.154,,,,,,,,,,450782.0,513.0,6.0,7.0,4.0,1.33,28.57,1.006,0.836,1.0,0.0,Gonzalo,Villar,1998-03-23,28.51,954.0,12.0,Midfielder,Central Midfielder,bh4a2zneilpvi1t7etuhkfl61,4yg9ttzw0m51048doksv8uq5r,Elche CF,Elche,Elche,ELC,450782.0,513.0,6.0,317.0,279.0,88.01,80.0,65.0,81.25,5.0,3.0,60.0,4.0,2.0,50.0,Gonzalo,Villar,1998-03-23,28.51,954.0,12.0,Midfielder,Central Midfielder,bh4a2zneilpvi1t7etuhkfl61,4yg9ttzw0m51048doksv8uq5r,Elche CF,Elche,Elche,ELC,450782,bh4a2zneilpvi1t7etuhkfl61,954,4yg9ttzw0m51048doksv8uq5r
Gonçalo Guedes,181284.0,5.0,177.0,0.0,0.46,-0.46,8.0,3.0,0.0,0.06,Gonçalo Manuel,Ganchinho Guedes,1996-11-29,29.82,188.0,11.0,Forward,Winger,7pmigpf4yfi6dfih8e1ogdwb9,63f5h8t5e9qm1fqmvfkb23ghh,Real Sociedad de Fútbol,Real Sociedad,Real Sociedad,RSO,24.0,264.575,8.0,75.39,2.0,0.0,1.0,0.0,11.024,9.424,5.0,0.0,11.0,0.0,1.0,26.0,12.0,46.154,8.0,3.0,37.5,,,,,,,,,,181284.0,177.0,5.0,4.0,4.0,5.88,0.0,0.2,0.2,0.0,0.0,Gonçalo Manuel,Ganchinho Guedes,1996-11-29,29.82,188.0,11.0,Forward,Winger,7pmigpf4yfi6dfih8e1ogdwb9,63f5h8t5e9qm1fqmvfkb23ghh,Real Sociedad de Fútbol,Real Sociedad,Real Sociedad,RSO,181284.0,177.0,5.0,68.0,58.0,85.29,39.0,31.0,79.49,4.0,1.0,25.0,1.0,0.0,0.0,Gonçalo Manuel,Ganchinho Guedes,1996-11-29,29.82,188.0,11.0,Forward,Winger,7pmigpf4yfi6dfih8e1ogdwb9,63f5h8t5e9qm1fqmvfkb23ghh,Real Sociedad de Fútbol,Real Sociedad,Real Sociedad,RSO,181284,7pmigpf4yfi6dfih8e1ogdwb9,188,63f5h8t5e9qm1fqmvfkb23ghh
Gorka Carrera,632509.0,0.0,0.0,0.0,0.0,0.0,0.0,0.0,0.0,0.0,Gorka,Carrera,2005-05-15,21.36,188.0,27.0,Forward,0,632509,63f5h8t5e9qm1fqmvfkb23ghh,Real Sociedad de Fútbol,Real Sociedad,Real Sociedad,RSO,0.0,0.0,0.0,0.0,0.0,0.0,0.0,0.0,0.0,0.0,0.0,0.0,0.0,0.0,0.0,0.0,0.0,0.0,0.0,0.0,0.0,,,,,,,,,,632509.0,0.0,0.0,0.0,0.0,0.0,0.0,0.0,0.0,0.0,0.0,Gorka,Carrera,2005-05-15,21.36,188.0,27.0,Forward,0,632509,63f5h8t5e9qm1fqmvfkb23ghh,Real Sociedad de Fútbol,Real Sociedad,Real Sociedad,RSO,632509.0,0.0,0.0,0.0,0.0,0.0,0.0,0.0,0.0,0.0,0.0,0.0,0.0,0.0,0.0,Gorka,Carrera,2005-05-15,21.36,188.0,27.0,Forward,0,632509,63f5h8t5e9qm1fqmvfkb23ghh,Real Sociedad de Fútbol,Real Sociedad,Real Sociedad,RSO,632509,632509,188,63f5h8t5e9qm1fqmvfkb23ghh
Gorka Guruzeta,220182.0,4.0,178.0,0.0,0.05,-0.05,2.0,0.0,0.0,0.02,Gorka,Guruzeta,1996-09-12,30.04,174.0,11.0,Forward,Striker,3tzvbdszdrj1tayik9igbve8l,3czravw89omgc9o4s0w3l1bg5,Athletic Club,Athletic Club,Athletic,ATH,5.0,51.153,1.0,-18.69,0.0,0.0,0.0,0.0,10.231,-18.69,2.0,1.0,2.0,0.0,4.0,15.0,5.0,33.333,11.0,4.0,36.364,,,,,,,,,,220182.0,178.0,4.0,1.0,1.0,3.45,0.0,0.235,0.235,0.0,0.0,Gorka,Guruzeta,1996-09-12,30.04,174.0,11.0,Forward,Striker,3tzvbdszdrj1tayik9igbve8l,3czravw89omgc9o4s0w3l1bg5,Athletic Club,Athletic Club,Athletic,ATH,220182.0,178.0,4.0,31.0,19.0,61.29,11.0,6.0,54.55,1.0,0.0,0.0,1.0,1.0,100.0,Gorka,Guruzeta,1996-09-12,30.04,174.0,11.0,Forward,Striker,3tzvbdszdrj1tayik9igbve8l,3czravw89omgc9o4s0w3l1bg5,Athletic Club,Athletic Club,Athletic,ATH,220182,3tzvbdszdrj1tayik9igbve8l,174,3czravw89omgc9o4s0w3l1bg5
Grady Diangana,179830.0,0.0,0.0,0.0,0.0,0.0,0.0,0.0,0.0,0.0,Grady,Diangana,1998-04-19,28.44,954.0,19.0,Forward,Winger,179830,4yg9ttzw0m51048doksv8uq5r,Elche CF,Elche,Elche,ELC,0.0,0.0,0.0,0.0,0.0,0.0,0.0,0.0,0.0,0.0,0.0,0.0,0.0,0.0,0.0,0.0,0.0,0.0,0.0,0.0,0.0,,,,,,,,,,179830.0,0.0,0.0,0.0,0.0,0.0,0.0,0.0,0.0,0.0,0.0,Grady,Diangana,1998-04-19,28.44,954.0,19.0,Forward,Winger,179830,4yg9ttzw0m51048doksv8uq5r,Elche CF,Elche,Elche,ELC,179830.0,0.0,0.0,0.0,0.0,0.0,0.0,0.0,0.0,0.0,0.0,0.0,0.0,0.0,0.0,Grady,Diangana,1998-04-19,28.44,954.0,19.0,Forward,Winger,179830,4yg9ttzw0m51048doksv8uq5r,Elche CF,Elche,Elche,ELC,179830,179830,954,4yg9ttzw0m51048doksv8uq5r
Guido Rodríguez,197024.0,3.0,248.0,0.0,0.07,-0.07,2.0,1.0,0.0,0.04,Guido,Rodríguez,1994-04-12,32.46,191.0,2.0,Midfielder,Defensive Midfielder,73efpm314q2paeacsvp4e8q8l,ba5e91hjacvma2sjvixn00pjo,Valencia CF,Valencia,Valencia,VAL,27.0,235.039,10.0,58.59,0.0,0.0,1.0,0.0,8.705,5.859,9.0,6.0,19.0,1.0,6.0,31.0,18.0,58.065,11.0,7.0,63.636,,,,,,,,,,197024.0,248.0,3.0,1.0,1.0,0.63,0.0,0.054,0.054,0.0,0.0,Guido,Rodríguez,1994-04-12,32.46,191.0,2.0,Midfielder,Defensive Midfielder,73efpm314q2paeacsvp4e8q8l,ba5e91hjacvma2sjvixn00pjo,Valencia CF,Valencia,Valencia,VAL,197024.0,248.0,3.0,165.0,138.0,83.64,36.0,23.0,63.89,0.0,0.0,0.0,0.0,0.0,0.0,Guido,Rodríguez,1994-04-12,32.46,191.0,2.0,Midfielder,Defensive Midfielder,73efpm314q2paeacsvp4e8q8l,ba5e91hjacvma2sjvixn00pjo,Valencia CF,Valencia,Valencia,VAL,197024,73efpm314q2paeacsvp4e8q8l,191,ba5e91hjacvma2sjvixn00pjo
Gustavo Puerta,560564.0,3.0,268.0,0.0,0.05,-0.05,2.0,0.0,0.0,0.03,Gustavo,Puerta,2003-07-23,23.17,189.0,8.0,Midfielder,Central Midfielder,aoi0mip1qm4hcmu30ig7t3l04,bzkwzatvwahmbzok1ymm5vqa1,Real Racing Club,Racing de Santander,Santander,RAC,44.0,398.463,19.0,149.31,0.0,0.0,0.0,0.0,9.056,7.858,7.0,2.0,20.0,1.0,2.0,38.0,18.0,47.368,6.0,0.0,0.0,,,,,,,,,,560564.0,268.0,3.0,4.0,3.0,1.92,25.0,0.399,0.367,0.0,0.0,Gustavo,Puerta,2003-07-23,23.17,189.0,8.0,Midfielder,Central Midfielder,aoi0mip1qm4hcmu30ig7t3l04,bzkwzatvwahmbzok1ymm5vqa1,Real Racing Club,Racing de Santander,Santander,RAC,560564.0,268.0,3.0,176.0,163.0,92.61,40.0,36.0,90.0,1.0,0.0,0.0,1.0,1.0,100.0,Gustavo,Puerta,2003-07-23,23.17,189.0,8.0,Midfielder,Central Midfielder,aoi0mip1qm4hcmu30ig7t3l04,bzkwzatvwahmbzok1ymm5vqa1,Real Racing Club,Racing de Santander,Santander,RAC,560564,aoi0mip1qm4hcmu30ig7t3l04,189,bzkwzatvwahmbzok1ymm5vqa1
Haitam Abaida,482236.0,2.0,33.0,0.0,0.23,-0.23,3.0,0.0,0.0,0.08,Haitam,Abaida,2002-06-01,24.32,182.0,7.0,Forward,Winger,dacbe0qju0g7q0lw4ariup9ii,7012hpp3p5vg4fzyn3h0yvf09,Málaga CF,Málaga,Málaga,MAL,9.0,208.502,9.0,192.78,1.0,0.0,0.0,0.0,23.167,21.42,0.0,0.0,2.0,0.0,0.0,4.0,3.0,75.0,0.0,0.0,0.0,,,,,,,,,,482236.0,33.0,2.0,1.0,1.0,11.11,0.0,0.013,0.013,0.0,0.0,Haitam,Abaida,2002-06-01,24.32,182.0,7.0,Forward,Winger,dacbe0qju0g7q0lw4ariup9ii,7012hpp3p5vg4fzyn3h0yvf09,Málaga CF,Málaga,Málaga,MAL,482236.0,33.0,2.0,9.0,7.0,77.78,7.0,6.0,85.71,5.0,1.0,20.0,0.0,0.0,0.0,Haitam,Abaida,2002-06-01,24.32,182.0,7.0,Forward,Winger,dacbe0qju0g7q0lw4ariup9ii,7012hpp3p5vg4fzyn3h0yvf09,Málaga CF,Málaga,Málaga,MAL,482236,dacbe0qju0g7q0lw4ariup9ii,182,7012hpp3p5vg4fzyn3h0yvf09
Hamza Abdelkarim,684337.0,1.0,4.0,0.0,0.0,0.0,0.0,0.0,0.0,0.0,Hamza Mohamed Abdelkarim Elsayed,Selim,2008-01-01,18.73,178.0,29.0,Forward,Striker,1m3kmmbxavzv5ih3t9cwal1qs,agh9ifb2mw3ivjusgedj7c3fe,FC Barcelona,Barcelona,Barcelona,BAR,0.0,0.0,0.0,0.0,0.0,0.0,0.0,0.0,0.0,0.0,0.0,0.0,1.0,0.0,1.0,1.0,1.0,100.0,0.0,0.0,0.0,,,,,,,,,,684337.0,4.0,1.0,0.0,0.0,0.0,0.0,0.0,0.0,0.0,0.0,Hamza Mohamed Abdelkarim Elsayed,Selim,2008-01-01,18.73,178.0,29.0,Forward,Striker,1m3kmmbxavzv5ih3t9cwal1qs,agh9ifb2mw3ivjusgedj7c3fe,FC Barcelona,Barcelona,Barcelona,BAR,684337.0,4.0,1.0,0.0,0.0,0.0,0.0,0.0,0.0,0.0,0.0,0.0,0.0,0.0,0.0,Hamza Mohamed Abdelkarim Elsayed,Selim,2008-01-01,18.73,178.0,29.0,Forward,Striker,1m3kmmbxavzv5ih3t9cwal1qs,agh9ifb2mw3ivjusgedj7c3fe,FC Barcelona,Barcelona,Barcelona,BAR,684337,1m3kmmbxavzv5ih3t9cwal1qs,178,agh9ifb2mw3ivjusgedj7c3fe
Harvey Elliott,444884.0,2.0,64.0,0.0,0.0,0.0,0.0,0.0,0.0,0.0,Harvey,Elliott,2003-04-04,23.47,191.0,10.0,Midfielder,Attacking Midfielder,dz2rfsmhib89jwilpuub10qcq,ba5e91hjacvma2sjvixn00pjo,Valencia CF,Valencia,Valencia,VAL,9.0,87.904,4.0,19.74,0.0,0.0,0.0,0.0,9.767,4.935,2.0,0.0,1.0,0.0,0.0,2.0,2.0,100.0,0.0,0.0,0.0,,,,,,,,,,444884.0,64.0,2.0,0.0,0.0,0.0,0.0,0.069,0.069,0.0,0.0,Harvey,Elliott,2003-04-04,23.47,191.0,10.0,Midfielder,Attacking Midfielder,dz2rfsmhib89jwilpuub10qcq,ba5e91hjacvma2sjvixn00pjo,Valencia CF,Valencia,Valencia,VAL,444884.0,64.0,2.0,34.0,26.0,76.47,13.0,7.0,53.85,0.0,0.0,0.0,2.0,0.0,0.0,Harvey,Elliott,2003-04-04,23.47,191.0,10.0,Midfielder,Attacking Midfielder,dz2rfsmhib89jwilpuub10qcq,ba5e91hjacvma2sjvixn00pjo,Valencia CF,Valencia,Valencia,VAL,444884,dz2rfsmhib89jwilpuub10qcq,191,ba5e91hjacvma2sjvixn00pjo
Hugo Burcio,657325.0,1.0,16.0,0.0,0.15,-0.15,1.0,0.0,0.0,0.15,Hugo,Burcio,2006-10-31,19.9,176.0,30.0,Midfielder,Central Midfielder,2h0nzzgjm960f5i93ncgp4mxg,6f27yvbqcngegwsg2ozxxdj4,Real Club Celta de Vigo,Celta de Vigo,Celta,CEL,6.0,53.346,3.0,20.37,1.0,0.0,0.0,0.0,8.891,6.79,1.0,0.0,0.0,0.0,0.0,4.0,3.0,75.0,1.0,1.0,100.0,,,,,,,,,,657325.0,16.0,1.0,0.0,0.0,0.0,0.0,0.026,0.026,0.0,0.0,Hugo,Burcio,2006-10-31,19.9,176.0,30.0,Midfielder,Central Midfielder,2h0nzzgjm960f5i93ncgp4mxg,6f27yvbqcngegwsg2ozxxdj4,Real Club Celta de Vigo,Celta de Vigo,Celta,CEL,657325.0,16.0,1.0,18.0,16.0,88.89,10.0,10.0,100.0,0.0,0.0,0.0,0.0,0.0,0.0,Hugo,Burcio,2006-10-31,19.9,176.0,30.0,Midfielder,Central Midfielder,2h0nzzgjm960f5i93ncgp4mxg,6f27yvbqcngegwsg2ozxxdj4,Real Club Celta de Vigo,Celta de Vigo,Celta,CEL,657325,2h0nzzgjm960f5i93ncgp4mxg,176,6f27yvbqcngegwsg2ozxxdj4
Hugo Duro,439716.0,6.0,176.0,0.0,0.14,-0.14,2.0,0.0,0.0,0.07,Hugo,Duro,1999-11-10,26.87,191.0,9.0,Forward,Striker,7yieh5r0uzk6d6x9o060c2bfu,ba5e91hjacvma2sjvixn00pjo,Valencia CF,Valencia,Valencia,VAL,6.0,43.579,3.0,7.665,0.0,0.0,0.0,0.0,7.263,2.555,1.0,1.0,3.0,1.0,3.0,8.0,4.0,50.0,12.0,7.0,58.333,,,,,,,,,,439716.0,176.0,6.0,2.0,2.0,5.41,0.0,0.026,0.026,0.0,0.0,Hugo,Duro,1999-11-10,26.87,191.0,9.0,Forward,Striker,7yieh5r0uzk6d6x9o060c2bfu,ba5e91hjacvma2sjvixn00pjo,Valencia CF,Valencia,Valencia,VAL,439716.0,176.0,6.0,40.0,27.0,67.5,11.0,7.0,63.64,0.0,0.0,0.0,0.0,0.0,0.0,Hugo,Duro,1999-11-10,26.87,191.0,9.0,Forward,Striker,7yieh5r0uzk6d6x9o060c2bfu,ba5e91hjacvma2sjvixn00pjo,Valencia CF,Valencia,Valencia,VAL,439716,7yieh5r0uzk6d6x9o060c2bfu,191,ba5e91hjacvma2sjvixn00pjo
Hugo González,492900.0,3.0,190.0,0.0,0.49,-0.49,7.0,3.0,0.0,0.07,Hugo,González,2003-02-07,23.63,176.0,16.0,Forward,Winger,3xu6rpdncvtd2adn94xaqavze,6f27yvbqcngegwsg2ozxxdj4,Real Club Celta de Vigo,Celta de Vigo,Celta,CEL,17.0,189.124,7.0,83.37,2.0,0.0,1.0,0.0,11.125,11.91,1.0,0.0,8.0,0.0,1.0,17.0,8.0,47.059,1.0,0.0,0.0,,,,,,,,,,492900.0,190.0,3.0,6.0,3.0,4.0,33.33,0.322,0.138,2.0,1.0,Hugo,González,2003-02-07,23.63,176.0,16.0,Forward,Winger,3xu6rpdncvtd2adn94xaqavze,6f27yvbqcngegwsg2ozxxdj4,Real Club Celta de Vigo,Celta de Vigo,Celta,CEL,492900.0,190.0,3.0,50.0,40.0,80.0,24.0,18.0,75.0,0.0,0.0,0.0,0.0,0.0,0.0,Hugo,González,2003-02-07,23.63,176.0,16.0,Forward,Winger,3xu6rpdncvtd2adn94xaqavze,6f27yvbqcngegwsg2ozxxdj4,Real Club Celta de Vigo,Celta de Vigo,Celta,CEL,492900,3xu6rpdncvtd2adn94xaqavze,176,6f27yvbqcngegwsg2ozxxdj4
Hugo Novoa,493055.0,0.0,0.0,0.0,0.0,0.0,0.0,0.0,0.0,0.0,Hugo,Novoa,2003-01-24,23.67,173.0,12.0,Forward,Winger,493055,4dtdjgnpdq9uw4sdutti0vaar,Deportivo Alavés,Alavés,Alavés,ALA,0.0,0.0,0.0,0.0,0.0,0.0,0.0,0.0,0.0,0.0,0.0,0.0,0.0,0.0,0.0,0.0,0.0,0.0,0.0,0.0,0.0,,,,,,,,,,493055.0,0.0,0.0,0.0,0.0,0.0,0.0,0.0,0.0,0.0,0.0,Hugo,Novoa,2003-01-24,23.67,173.0,12.0,Forward,Winger,493055,4dtdjgnpdq9uw4sdutti0vaar,Deportivo Alavés,Alavés,Alavés,ALA,493055.0,0.0,0.0,0.0,0.0,0.0,0.0,0.0,0.0,0.0,0.0,0.0,0.0,0.0,0.0,Hugo,Novoa,2003-01-24,23.67,173.0,12.0,Forward,Winger,493055,4dtdjgnpdq9uw4sdutti0vaar,Deportivo Alavés,Alavés,Alavés,ALA,493055,493055,173,4dtdjgnpdq9uw4sdutti0vaar
Hugo Pérez,730982.0,0.0,0.0,0.0,0.0,0.0,0.0,0.0,0.0,0.0,Hugo,Pérez,2007-06-12,19.28,189.0,38.0,Forward,0,730982,bzkwzatvwahmbzok1ymm5vqa1,Real Racing Club,Racing de Santander,Santander,RAC,0.0,0.0,0.0,0.0,0.0,0.0,0.0,0.0,0.0,0.0,0.0,0.0,0.0,0.0,0.0,0.0,0.0,0.0,0.0,0.0,0.0,,,,,,,,,,730982.0,0.0,0.0,0.0,0.0,0.0,0.0,0.0,0.0,0.0,0.0,Hugo,Pérez,2007-06-12,19.28,189.0,38.0,Forward,0,730982,bzkwzatvwahmbzok1ymm5vqa1,Real Racing Club,Racing de Santander,Santander,RAC,730982.0,0.0,0.0,0.0,0.0,0.0,0.0,0.0,0.0,0.0,0.0,0.0,0.0,0.0,0.0,Hugo,Pérez,2007-06-12,19.28,189.0,38.0,Forward,0,730982,bzkwzatvwahmbzok1ymm5vqa1,Real Racing Club,Racing de Santander,Santander,RAC,730982,730982,189,bzkwzatvwahmbzok1ymm5vqa1
Hugo Rincón,620583.0,2.0,106.0,0.0,0.0,0.0,0.0,0.0,0.0,0.0,Hugo,Rincón,2003-01-27,23.66,174.0,15.0,Defender,Full Back,eku9q64i0rwdxytris5ahfyms,3czravw89omgc9o4s0w3l1bg5,Athletic Club,Athletic Club,Athletic,ATH,10.0,104.854,4.0,17.43,0.0,0.0,0.0,0.0,10.485,4.358,1.0,1.0,2.0,2.0,1.0,8.0,5.0,62.5,2.0,1.0,50.0,,,,,,,,,,620583.0,106.0,2.0,0.0,0.0,0.0,0.0,0.013,0.012,0.0,0.0,Hugo,Rincón,2003-01-27,23.66,174.0,15.0,Defender,Full Back,eku9q64i0rwdxytris5ahfyms,3czravw89omgc9o4s0w3l1bg5,Athletic Club,Athletic Club,Athletic,ATH,620583.0,106.0,2.0,23.0,19.0,82.61,9.0,6.0,66.67,2.0,0.0,0.0,0.0,0.0,0.0,Hugo,Rincón,2003-01-27,23.66,174.0,15.0,Defender,Full Back,eku9q64i0rwdxytris5ahfyms,3czravw89omgc9o4s0w3l1bg5,Athletic Club,Athletic Club,Athletic,ATH,620583,eku9q64i0rwdxytris5ahfyms,174,3czravw89omgc9o4s0w3l1bg5
Hugo Sotelo,538283.0,4.0,99.0,0.0,0.08,-0.08,1.0,0.0,0.0,0.08,Hugo,Sotelo,2003-12-19,22.76,855.0,5.0,Midfielder,Central Midfielder,c60m17adgxbewkrzizwtzd91w,4grc9qgcvusllap8h5j6gc5h5,Levante UD,Levante,Levante,LEV,2.0,18.352,0.0,1.47,0.0,0.0,0.0,0.0,9.176,0.0,4.0,2.0,2.0,0.0,1.0,9.0,5.0,55.556,1.0,0.0,0.0,,,,,,,,,,538283.0,99.0,4.0,0.0,0.0,0.0,0.0,0.015,0.011,0.0,0.0,Hugo,Sotelo,2003-12-19,22.76,855.0,5.0,Midfielder,Central Midfielder,c60m17adgxbewkrzizwtzd91w,4grc9qgcvusllap8h5j6gc5h5,Levante UD,Levante,Levante,LEV,538283.0,99.0,4.0,29.0,22.0,75.86,12.0,7.0,58.33,0.0,0.0,0.0,0.0,0.0,0.0,Hugo,Sotelo,2003-12-19,22.76,855.0,5.0,Midfielder,Central Midfielder,c60m17adgxbewkrzizwtzd91w,4grc9qgcvusllap8h5j6gc5h5,Levante UD,Levante,Levante,LEV,538283,c60m17adgxbewkrzizwtzd91w,855,4grc9qgcvusllap8h5j6gc5h5
Hugo Álvarez,550566.0,4.0,189.0,0.0,0.18,-0.18,1.0,0.0,0.0,0.18,Hugo,Álvarez,2003-07-02,23.23,176.0,23.0,Midfielder,Winger,daid84a2zbh8rasleahdp8nis,6f27yvbqcngegwsg2ozxxdj4,Real Club Celta de Vigo,Celta de Vigo,Celta,CEL,26.0,283.148,11.0,96.285,0.0,0.0,1.0,0.0,10.89,8.753,0.0,1.0,5.0,0.0,0.0,13.0,3.0,23.077,2.0,0.0,0.0,,,,,,,,,,550566.0,189.0,4.0,3.0,3.0,3.95,0.0,0.191,0.19,0.0,0.0,Hugo,Álvarez,2003-07-02,23.23,176.0,23.0,Midfielder,Winger,daid84a2zbh8rasleahdp8nis,6f27yvbqcngegwsg2ozxxdj4,Real Club Celta de Vigo,Celta de Vigo,Celta,CEL,550566.0,189.0,4.0,79.0,64.0,81.01,39.0,29.0,74.36,5.0,1.0,20.0,1.0,0.0,0.0,Hugo,Álvarez,2003-07-02,23.23,176.0,23.0,Midfielder,Winger,daid84a2zbh8rasleahdp8nis,6f27yvbqcngegwsg2ozxxdj4,Real Club Celta de Vigo,Celta de Vigo,Celta,CEL,550566,daid84a2zbh8rasleahdp8nis,176,6f27yvbqcngegwsg2ozxxdj4
Héctor Bellerín,98745.0,6.0,424.0,0.0,0.5,-0.5,3.0,2.0,0.0,0.17,Héctor,Bellerín,1995-03-19,31.52,185.0,2.0,Defender,Full Back,3e8mxxfs5q7gt4lg2beqpkwyd,ah8dala7suqqkj04n2l8xz4zd,Real Betis Balompié,Real Betis,Betis,BET,38.0,484.394,25.0,283.815,1.0,0.0,4.0,0.0,12.747,11.353,10.0,3.0,17.0,2.0,11.0,26.0,12.0,46.154,3.0,2.0,66.667,,,,,,,,,,98745.0,424.0,6.0,9.0,9.0,4.23,0.0,0.746,0.744,0.0,0.0,Héctor,Bellerín,1995-03-19,31.52,185.0,2.0,Defender,Full Back,3e8mxxfs5q7gt4lg2beqpkwyd,ah8dala7suqqkj04n2l8xz4zd,Real Betis Balompié,Real Betis,Betis,BET,98745.0,424.0,6.0,219.0,187.0,85.39,60.0,48.0,80.0,13.0,2.0,15.38,1.0,1.0,100.0,Héctor,Bellerín,1995-03-19,31.52,185.0,2.0,Defender,Full Back,3e8mxxfs5q7gt4lg2beqpkwyd,ah8dala7suqqkj04n2l8xz4zd,Real Betis Balompié,Real Betis,Betis,BET,98745,3e8mxxfs5q7gt4lg2beqpkwyd,185,ah8dala7suqqkj04n2l8xz4zd
Héctor Fort,499310.0,1.0,9.0,0.0,0.0,0.0,0.0,0.0,0.0,0.0,Héctor,Fort,2006-08-02,20.14,188.0,22.0,Defender,Full Back,8xjdsfk5u7wph4o7h1w45dses,63f5h8t5e9qm1fqmvfkb23ghh,Real Sociedad de Fútbol,Real Sociedad,Real Sociedad,RSO,0.0,0.0,0.0,0.0,0.0,0.0,0.0,0.0,0.0,0.0,1.0,1.0,1.0,0.0,0.0,1.0,1.0,100.0,0.0,0.0,0.0,,,,,,,,,,499310.0,9.0,1.0,0.0,0.0,0.0,0.0,0.0,0.0,0.0,0.0,Héctor,Fort,2006-08-02,20.14,188.0,22.0,Defender,Full Back,8xjdsfk5u7wph4o7h1w45dses,63f5h8t5e9qm1fqmvfkb23ghh,Real Sociedad de Fútbol,Real Sociedad,Real Sociedad,RSO,499310.0,9.0,1.0,1.0,1.0,100.0,0.0,0.0,0.0,0.0,0.0,0.0,0.0,0.0,0.0,Héctor,Fort,2006-08-02,20.14,188.0,22.0,Defender,Full Back,8xjdsfk5u7wph4o7h1w45dses,63f5h8t5e9qm1fqmvfkb23ghh,Real Sociedad de Fútbol,Real Sociedad,Real Sociedad,RSO,499310,8xjdsfk5u7wph4o7h1w45dses,188,63f5h8t5e9qm1fqmvfkb23ghh
Iago Aspas,40270.0,6.0,220.0,1.0,0.37,0.63,6.0,2.0,16.67,0.06,Iago,Aspas,1987-08-01,39.16,176.0,10.0,Forward,Striker,cs2yx3hiqjsb4i5ul2r5kmdat,6f27yvbqcngegwsg2ozxxdj4,Real Club Celta de Vigo,Celta de Vigo,Celta,CEL,34.0,319.836,13.0,82.635,2.0,1.0,0.0,0.0,9.407,6.357,1.0,0.0,5.0,2.0,0.0,12.0,7.0,58.333,2.0,2.0,100.0,,,,,,,,,,40270.0,220.0,6.0,2.0,2.0,1.61,0.0,0.195,0.194,0.0,0.0,Iago,Aspas,1987-08-01,39.16,176.0,10.0,Forward,Striker,cs2yx3hiqjsb4i5ul2r5kmdat,6f27yvbqcngegwsg2ozxxdj4,Real Club Celta de Vigo,Celta de Vigo,Celta,CEL,40270.0,220.0,6.0,129.0,108.0,83.72,69.0,53.0,76.81,1.0,0.0,0.0,4.0,0.0,0.0,Iago,Aspas,1987-08-01,39.16,176.0,10.0,Forward,Striker,cs2yx3hiqjsb4i5ul2r5kmdat,6f27yvbqcngegwsg2ozxxdj4,Real Club Celta de Vigo,Celta de Vigo,Celta,CEL,40270,cs2yx3hiqjsb4i5ul2r5kmdat,176,6f27yvbqcngegwsg2ozxxdj4
Ibai Aguirre,634238.0,0.0,0.0,0.0,0.0,0.0,0.0,0.0,0.0,0.0,Ibai,Aguirre,2007-01-10,19.7,188.0,26.0,Midfielder,0,634238,63f5h8t5e9qm1fqmvfkb23ghh,Real Sociedad de Fútbol,Real Sociedad,Real Sociedad,RSO,0.0,0.0,0.0,0.0,0.0,0.0,0.0,0.0,0.0,0.0,0.0,0.0,0.0,0.0,0.0,0.0,0.0,0.0,0.0,0.0,0.0,,,,,,,,,,634238.0,0.0,0.0,0.0,0.0,0.0,0.0,0.0,0.0,0.0,0.0,Ibai,Aguirre,2007-01-10,19.7,188.0,26.0,Midfielder,0,634238,63f5h8t5e9qm1fqmvfkb23ghh,Real Sociedad de Fútbol,Real Sociedad,Real Sociedad,RSO,634238.0,0.0,0.0,0.0,0.0,0.0,0.0,0.0,0.0,0.0,0.0,0.0,0.0,0.0,0.0,Ibai,Aguirre,2007-01-10,19.7,188.0,26.0,Midfielder,0,634238,63f5h8t5e9qm1fqmvfkb23ghh,Real Sociedad de Fútbol,Real Sociedad,Real Sociedad,RSO,634238,634238,188,63f5h8t5e9qm1fqmvfkb23ghh
Ibrahima Konaté,204716.0,5.0,450.0,0.0,0.37,-0.37,4.0,1.0,0.0,0.09,Ibrahima,Konaté,1999-05-25,27.34,186.0,16.0,Defender,Central Defender,2zfjgh5747ge9r9q0thbk123t,3kq9cckrnlogidldtdie2fkbl,Real Madrid CF,Real Madrid,Real Madrid,RMA,66.0,635.387,36.0,391.65,0.0,0.0,0.0,0.0,9.627,10.879,5.0,1.0,23.0,4.0,16.0,20.0,8.0,40.0,17.0,10.0,58.824,,,,,,,,,,204716.0,450.0,5.0,2.0,2.0,0.7,0.0,0.055,0.054,0.0,0.0,Ibrahima,Konaté,1999-05-25,27.34,186.0,16.0,Defender,Central Defender,2zfjgh5747ge9r9q0thbk123t,3kq9cckrnlogidldtdie2fkbl,Real Madrid CF,Real Madrid,Real Madrid,RMA,204716.0,450.0,5.0,303.0,288.0,95.05,34.0,25.0,73.53,0.0,0.0,0.0,0.0,0.0,0.0,Ibrahima,Konaté,1999-05-25,27.34,186.0,16.0,Defender,Central Defender,2zfjgh5747ge9r9q0thbk123t,3kq9cckrnlogidldtdie2fkbl,Real Madrid CF,Real Madrid,Real Madrid,RMA,204716,2zfjgh5747ge9r9q0thbk123t,186,3kq9cckrnlogidldtdie2fkbl
Ibrahima Sow,550797.0,0.0,0.0,0.0,0.0,0.0,0.0,0.0,0.0,0.0,Ibrahima,Sow,2007-01-26,19.66,179.0,37.0,Forward,Striker,550797,10eyb18v5puw4ez03ocaug09m,Sevilla FC,Sevilla,Sevilla,SEV,0.0,0.0,0.0,0.0,0.0,0.0,0.0,0.0,0.0,0.0,0.0,0.0,0.0,0.0,0.0,0.0,0.0,0.0,0.0,0.0,0.0,,,,,,,,,,550797.0,0.0,0.0,0.0,0.0,0.0,0.0,0.0,0.0,0.0,0.0,Ibrahima,Sow,2007-01-26,19.66,179.0,37.0,Forward,Striker,550797,10eyb18v5puw4ez03ocaug09m,Sevilla FC,Sevilla,Sevilla,SEV,550797.0,0.0,0.0,0.0,0.0,0.0,0.0,0.0,0.0,0.0,0.0,0.0,0.0,0.0,0.0,Ibrahima,Sow,2007-01-26,19.66,179.0,37.0,Forward,Striker,550797,10eyb18v5puw4ez03ocaug09m,Sevilla FC,Sevilla,Sevilla,SEV,550797,550797,179,10eyb18v5puw4ez03ocaug09m
Ifeanyi Ndukwe,591617.0,1.0,19.0,0.0,0.0,0.0,0.0,0.0,0.0,0.0,Ifeanyi,Ndukwe,2008-03-03,18.56,855.0,3.0,Defender,Central Defender,87xx02q2v5p70ifmc5rnze68k,4grc9qgcvusllap8h5j6gc5h5,Levante UD,Levante,Levante,LEV,1.0,8.204,1.0,8.19,0.0,0.0,0.0,0.0,8.204,8.19,1.0,0.0,1.0,0.0,2.0,2.0,1.0,50.0,2.0,0.0,0.0,,,,,,,,,,591617.0,19.0,1.0,0.0,0.0,0.0,0.0,0.0,0.0,0.0,0.0,Ifeanyi,Ndukwe,2008-03-03,18.56,855.0,3.0,Defender,Central Defender,87xx02q2v5p70ifmc5rnze68k,4grc9qgcvusllap8h5j6gc5h5,Levante UD,Levante,Levante,LEV,591617.0,19.0,1.0,10.0,6.0,60.0,1.0,0.0,0.0,0.0,0.0,0.0,0.0,0.0,0.0,Ifeanyi,Ndukwe,2008-03-03,18.56,855.0,3.0,Defender,Central Defender,87xx02q2v5p70ifmc5rnze68k,4grc9qgcvusllap8h5j6gc5h5,Levante UD,Levante,Levante,LEV,591617,87xx02q2v5p70ifmc5rnze68k,855,4grc9qgcvusllap8h5j6gc5h5
Igor Zubeldia,216475.0,5.0,393.0,0.0,0.0,0.0,0.0,0.0,0.0,0.0,Igor,Zubeldia,1997-03-30,29.49,188.0,5.0,Defender,Central Defender,48gjuou5eashpj8wbwd18iju1,63f5h8t5e9qm1fqmvfkb23ghh,Real Sociedad de Fútbol,Real Sociedad,Real Sociedad,RSO,45.0,431.1,21.0,224.175,0.0,0.0,0.0,0.0,9.58,10.675,14.0,7.0,10.0,0.0,16.0,22.0,15.0,68.182,15.0,7.0,46.667,,,,,,,,,,216475.0,393.0,5.0,2.0,2.0,0.88,0.0,0.073,0.072,0.0,0.0,Igor,Zubeldia,1997-03-30,29.49,188.0,5.0,Defender,Central Defender,48gjuou5eashpj8wbwd18iju1,63f5h8t5e9qm1fqmvfkb23ghh,Real Sociedad de Fútbol,Real Sociedad,Real Sociedad,RSO,216475.0,393.0,5.0,232.0,198.0,85.34,28.0,16.0,57.14,0.0,0.0,0.0,0.0,0.0,0.0,Igor,Zubeldia,1997-03-30,29.49,188.0,5.0,Defender,Central Defender,48gjuou5eashpj8wbwd18iju1,63f5h8t5e9qm1fqmvfkb23ghh,Real Sociedad de Fútbol,Real Sociedad,Real Sociedad,RSO,216475,48gjuou5eashpj8wbwd18iju1,188,63f5h8t5e9qm1fqmvfkb23ghh
Iker Córdoba,637198.0,3.0,102.0,0.0,0.0,0.0,0.0,0.0,0.0,0.0,Iker,Córdoba,2005-11-11,20.87,191.0,36.0,Defender,Central Defender,9g3to6kcpmla26k0dbwuizspg,ba5e91hjacvma2sjvixn00pjo,Valencia CF,Valencia,Valencia,VAL,11.0,83.882,5.0,54.81,0.0,0.0,0.0,0.0,7.626,10.962,0.0,2.0,5.0,2.0,12.0,3.0,1.0,33.333,5.0,3.0,60.0,,,,,,,,,,637198.0,102.0,3.0,0.0,0.0,0.0,0.0,0.005,0.005,0.0,0.0,Iker,Córdoba,2005-11-11,20.87,191.0,36.0,Defender,Central Defender,9g3to6kcpmla26k0dbwuizspg,ba5e91hjacvma2sjvixn00pjo,Valencia CF,Valencia,Valencia,VAL,637198.0,102.0,3.0,61.0,52.0,85.25,4.0,3.0,75.0,0.0,0.0,0.0,0.0,0.0,0.0,Iker,Córdoba,2005-11-11,20.87,191.0,36.0,Defender,Central Defender,9g3to6kcpmla26k0dbwuizspg,ba5e91hjacvma2sjvixn00pjo,Valencia CF,Valencia,Valencia,VAL,637198,9g3to6kcpmla26k0dbwuizspg,191,ba5e91hjacvma2sjvixn00pjo
Iker Losada,490726.0,0.0,0.0,0.0,0.0,0.0,0.0,0.0,0.0,0.0,Iker,Losada,2001-08-01,25.15,185.0,14.0,Forward,0,490726,ah8dala7suqqkj04n2l8xz4zd,Real Betis Balompié,Real Betis,Betis,BET,0.0,0.0,0.0,0.0,0.0,0.0,0.0,0.0,0.0,0.0,0.0,0.0,0.0,0.0,0.0,0.0,0.0,0.0,0.0,0.0,0.0,,,,,,,,,,490726.0,0.0,0.0,0.0,0.0,0.0,0.0,0.0,0.0,0.0,0.0,Iker,Losada,2001-08-01,25.15,185.0,14.0,Forward,0,490726,ah8dala7suqqkj04n2l8xz4zd,Real Betis Balompié,Real Betis,Betis,BET,490726.0,0.0,0.0,0.0,0.0,0.0,0.0,0.0,0.0,0.0,0.0,0.0,0.0,0.0,0.0,Iker,Losada,2001-08-01,25.15,185.0,14.0,Forward,0,490726,ah8dala7suqqkj04n2l8xz4zd,Real Betis Balompié,Real Betis,Betis,BET,490726,490726,185,ah8dala7suqqkj04n2l8xz4zd
Iker Luque,621933.0,2.0,47.0,0.0,0.05,-0.05,1.0,0.0,0.0,0.05,Iker,Luque,2005-06-05,21.3,189.0,19.0,Forward,Winger,a9olh86vdqnby3hz8ibwfq784,bzkwzatvwahmbzok1ymm5vqa1,Real Racing Club,Racing de Santander,Santander,RAC,6.0,80.701,5.0,58.485,1.0,0.0,0.0,0.0,13.45,11.697,0.0,1.0,1.0,0.0,1.0,9.0,3.0,33.333,1.0,0.0,0.0,,,,,,,,,,621933.0,47.0,2.0,0.0,0.0,0.0,0.0,0.001,0.001,0.0,0.0,Iker,Luque,2005-06-05,21.3,189.0,19.0,Forward,Winger,a9olh86vdqnby3hz8ibwfq784,bzkwzatvwahmbzok1ymm5vqa1,Real Racing Club,Racing de Santander,Santander,RAC,621933.0,47.0,2.0,6.0,4.0,66.67,2.0,1.0,50.0,0.0,0.0,0.0,0.0,0.0,0.0,Iker,Luque,2005-06-05,21.3,189.0,19.0,Forward,Winger,a9olh86vdqnby3hz8ibwfq784,bzkwzatvwahmbzok1ymm5vqa1,Real Racing Club,Racing de Santander,Santander,RAC,621933,a9olh86vdqnby3hz8ibwfq784,189,bzkwzatvwahmbzok1ymm5vqa1
Iker Monreal,668821.0,0.0,0.0,0.0,0.0,0.0,0.0,0.0,0.0,0.0,Iker,Monreal,2005-07-03,21.22,174.0,30.0,Defender,Central Defender,668821,3czravw89omgc9o4s0w3l1bg5,Athletic Club,Athletic Club,Athletic,ATH,0.0,0.0,0.0,0.0,0.0,0.0,0.0,0.0,0.0,0.0,0.0,0.0,0.0,0.0,0.0,0.0,0.0,0.0,0.0,0.0,0.0,,,,,,,,,,668821.0,0.0,0.0,0.0,0.0,0.0,0.0,0.0,0.0,0.0,0.0,Iker,Monreal,2005-07-03,21.22,174.0,30.0,Defender,Central Defender,668821,3czravw89omgc9o4s0w3l1bg5,Athletic Club,Athletic Club,Athletic,ATH,668821.0,0.0,0.0,0.0,0.0,0.0,0.0,0.0,0.0,0.0,0.0,0.0,0.0,0.0,0.0,Iker,Monreal,2005-07-03,21.22,174.0,30.0,Defender,Central Defender,668821,3czravw89omgc9o4s0w3l1bg5,Athletic Club,Athletic Club,Athletic,ATH,668821,668821,174,3czravw89omgc9o4s0w3l1bg5
Iker Munoz,592812.0,0.0,0.0,0.0,0.0,0.0,0.0,0.0,0.0,0.0,Iker,Munoz,2004-01-05,22.72,179.0,34.0,Defender,Central Defender,592812,10eyb18v5puw4ez03ocaug09m,Sevilla FC,Sevilla,Sevilla,SEV,0.0,0.0,0.0,0.0,0.0,0.0,0.0,0.0,0.0,0.0,0.0,0.0,0.0,0.0,0.0,0.0,0.0,0.0,0.0,0.0,0.0,,,,,,,,,,592812.0,0.0,0.0,0.0,0.0,0.0,0.0,0.0,0.0,0.0,0.0,Iker,Munoz,2004-01-05,22.72,179.0,34.0,Defender,Central Defender,592812,10eyb18v5puw4ez03ocaug09m,Sevilla FC,Sevilla,Sevilla,SEV,592812.0,0.0,0.0,0.0,0.0,0.0,0.0,0.0,0.0,0.0,0.0,0.0,0.0,0.0,0.0,Iker,Munoz,2004-01-05,22.72,179.0,34.0,Defender,Central Defender,592812,10eyb18v5puw4ez03ocaug09m,Sevilla FC,Sevilla,Sevilla,SEV,592812,592812,179,10eyb18v5puw4ez03ocaug09m
Iker Muñoz,589577.0,5.0,386.0,0.0,0.09,-0.09,2.0,1.0,0.0,0.04,Iker,Muñoz,2002-09-05,24.05,450.0,8.0,Midfielder,Central Midfielder,1wezo3pjdktc0iqaxze3uh2sq,2l0ldgiwsgb8d6y3z0sfgjzyj,CA Osasuna,Osasuna,Osasuna,OSA,54.0,494.834,24.0,242.445,1.0,0.0,1.0,0.0,9.164,10.102,2.0,6.0,7.0,3.0,13.0,29.0,11.0,37.931,11.0,9.0,81.818,,,,,,,,,,589577.0,386.0,5.0,1.0,1.0,0.42,0.0,0.14,0.139,0.0,0.0,Iker,Muñoz,2002-09-05,24.05,450.0,8.0,Midfielder,Central Midfielder,1wezo3pjdktc0iqaxze3uh2sq,2l0ldgiwsgb8d6y3z0sfgjzyj,CA Osasuna,Osasuna,Osasuna,OSA,589577.0,386.0,5.0,242.0,206.0,85.12,60.0,42.0,70.0,3.0,1.0,33.33,0.0,0.0,0.0,Iker,Muñoz,2002-09-05,24.05,450.0,8.0,Midfielder,Central Midfielder,1wezo3pjdktc0iqaxze3uh2sq,2l0ldgiwsgb8d6y3z0sfgjzyj,CA Osasuna,Osasuna,Osasuna,OSA,589577,1wezo3pjdktc0iqaxze3uh2sq,450,2l0ldgiwsgb8d6y3z0sfgjzyj
Ilaix Moriba,465689.0,6.0,402.0,0.0,0.09,-0.09,4.0,0.0,0.0,0.02,Moriba,Kourouma Kourouma,2003-01-19,23.68,176.0,6.0,Midfielder,Central Midfielder,64ctdbd0w5ikj0fkcuu9jdbhm,6f27yvbqcngegwsg2ozxxdj4,Real Club Celta de Vigo,Celta de Vigo,Celta,CEL,73.0,707.589,34.0,327.915,0.0,0.0,0.0,0.0,9.693,9.645,6.0,2.0,19.0,1.0,5.0,27.0,12.0,44.444,4.0,0.0,0.0,,,,,,,,,,465689.0,402.0,6.0,1.0,1.0,0.4,0.0,0.235,0.234,0.0,0.0,Moriba,Kourouma Kourouma,2003-01-19,23.68,176.0,6.0,Midfielder,Central Midfielder,64ctdbd0w5ikj0fkcuu9jdbhm,6f27yvbqcngegwsg2ozxxdj4,Real Club Celta de Vigo,Celta de Vigo,Celta,CEL,465689.0,402.0,6.0,265.0,247.0,93.21,76.0,69.0,90.79,1.0,0.0,0.0,1.0,0.0,0.0,Moriba,Kourouma Kourouma,2003-01-19,23.68,176.0,6.0,Midfielder,Central Midfielder,64ctdbd0w5ikj0fkcuu9jdbhm,6f27yvbqcngegwsg2ozxxdj4,Real Club Celta de Vigo,Celta de Vigo,Celta,CEL,465689,64ctdbd0w5ikj0fkcuu9jdbhm,176,6f27yvbqcngegwsg2ozxxdj4
Ilias Akhomach,500043.0,5.0,114.0,0.0,0.04,-0.04,2.0,1.0,0.0,0.02,Ilias,Akhomach,2004-04-16,22.44,449.0,11.0,Forward,Winger,73jvx4opw9wvawwpg0bnt8ay2,74mcjsm72vr3l9pw2i4qfjchj,Villarreal CF,Villarreal,Villarreal,VIL,37.0,404.422,21.0,195.3,0.0,0.0,1.0,0.0,10.93,9.3,3.0,1.0,4.0,0.0,0.0,21.0,8.0,38.095,3.0,0.0,0.0,,,,,,,,,,500043.0,114.0,5.0,2.0,2.0,1.69,0.0,0.466,0.448,1.0,1.0,Ilias,Akhomach,2004-04-16,22.44,449.0,11.0,Forward,Winger,73jvx4opw9wvawwpg0bnt8ay2,74mcjsm72vr3l9pw2i4qfjchj,Villarreal CF,Villarreal,Villarreal,VIL,500043.0,114.0,5.0,63.0,54.0,85.71,32.0,24.0,75.0,6.0,1.0,16.67,0.0,0.0,0.0,Ilias,Akhomach,2004-04-16,22.44,449.0,11.0,Forward,Winger,73jvx4opw9wvawwpg0bnt8ay2,74mcjsm72vr3l9pw2i4qfjchj,Villarreal CF,Villarreal,Villarreal,VIL,500043,73jvx4opw9wvawwpg0bnt8ay2,449,74mcjsm72vr3l9pw2i4qfjchj
Ionut Radu,,,,,,,,,,,,,,,,,,,,,,,,,,,,,,,,,,,,,,,,,,,,,,540.0,100.0,0.0,6.0,16.0,72.73,0.93,1.0,6.93,,,,,,,,,,,,,,,,,,,,,,,,,,,,,,,,,,,,,,,,,,,,,,,,,,,,,,,215531,6wplm29z7qxxmujyc2ml19gix,176,6f27yvbqcngegwsg2ozxxdj4
Isaac Romero,610206.0,5.0,189.0,1.0,0.4,0.6,4.0,1.0,25.0,0.1,Isaac,Romero,2000-05-18,26.35,179.0,16.0,Forward,Striker,45rxt159xjefvxlfgeykclw8a,10eyb18v5puw4ez03ocaug09m,Sevilla FC,Sevilla,Sevilla,SEV,13.0,153.495,8.0,62.79,0.0,0.0,1.0,1.0,11.807,7.849,6.0,1.0,9.0,0.0,4.0,29.0,11.0,37.931,22.0,11.0,50.0,,,,,,,,,,610206.0,189.0,5.0,2.0,2.0,1.89,0.0,0.047,0.047,1.0,1.0,Isaac,Romero,2000-05-18,26.35,179.0,16.0,Forward,Striker,45rxt159xjefvxlfgeykclw8a,10eyb18v5puw4ez03ocaug09m,Sevilla FC,Sevilla,Sevilla,SEV,610206.0,189.0,5.0,57.0,40.0,70.18,32.0,20.0,62.5,2.0,0.0,0.0,0.0,0.0,0.0,Isaac,Romero,2000-05-18,26.35,179.0,16.0,Forward,Striker,45rxt159xjefvxlfgeykclw8a,10eyb18v5puw4ez03ocaug09m,Sevilla FC,Sevilla,Sevilla,SEV,610206,45rxt159xjefvxlfgeykclw8a,179,10eyb18v5puw4ez03ocaug09m
Isco,80209.0,6.0,298.0,0.0,0.91,-0.91,11.0,4.0,0.0,0.08,Francisco Román,Alarcón Suárez,1992-04-21,34.43,185.0,22.0,Midfielder,Attacking Midfielder,45s1v9805id09m5zkcylueod1,ah8dala7suqqkj04n2l8xz4zd,Real Betis Balompié,Real Betis,Betis,BET,53.0,587.314,28.0,276.99,3.0,0.0,2.0,0.0,11.081,9.892,2.0,3.0,12.0,1.0,1.0,25.0,13.0,52.0,3.0,1.0,33.333,,,,,,,,,,80209.0,298.0,6.0,12.0,4.0,2.5,66.67,0.607,0.274,0.0,0.0,Francisco Román,Alarcón Suárez,1992-04-21,34.43,185.0,22.0,Midfielder,Attacking Midfielder,45s1v9805id09m5zkcylueod1,ah8dala7suqqkj04n2l8xz4zd,Real Betis Balompié,Real Betis,Betis,BET,80209.0,298.0,6.0,179.0,161.0,89.94,77.0,63.0,81.82,0.0,0.0,0.0,0.0,0.0,0.0,Francisco Román,Alarcón Suárez,1992-04-21,34.43,185.0,22.0,Midfielder,Attacking Midfielder,45s1v9805id09m5zkcylueod1,ah8dala7suqqkj04n2l8xz4zd,Real Betis Balompié,Real Betis,Betis,BET,80209,45s1v9805id09m5zkcylueod1,185,ah8dala7suqqkj04n2l8xz4zd
Isi Palazón,434078.0,2.0,81.0,0.0,0.04,-0.04,1.0,0.0,0.0,0.04,Isi,Palazón,1994-12-27,31.75,184.0,7.0,Midfielder,Attacking Midfielder,3ca7tqrdasmeop6ud9zot0wdl,3budh3j9xivsid3ptm8ptpy4k,Rayo Vallecano de Madrid,Rayo Vallecano,Rayo,RAY,6.0,50.861,0.0,-21.63,1.0,0.0,0.0,0.0,8.477,0.0,3.0,0.0,2.0,0.0,3.0,8.0,5.0,62.5,4.0,2.0,50.0,,,,,,,,,,434078.0,81.0,2.0,0.0,0.0,0.0,0.0,0.012,0.006,0.0,0.0,Isi,Palazón,1994-12-27,31.75,184.0,7.0,Midfielder,Attacking Midfielder,3ca7tqrdasmeop6ud9zot0wdl,3budh3j9xivsid3ptm8ptpy4k,Rayo Vallecano de Madrid,Rayo Vallecano,Rayo,RAY,434078.0,81.0,2.0,21.0,15.0,71.43,8.0,5.0,62.5,2.0,0.0,0.0,0.0,0.0,0.0,Isi,Palazón,1994-12-27,31.75,184.0,7.0,Midfielder,Attacking Midfielder,3ca7tqrdasmeop6ud9zot0wdl,3budh3j9xivsid3ptm8ptpy4k,Rayo Vallecano de Madrid,Rayo Vallecano,Rayo,RAY,434078,3ca7tqrdasmeop6ud9zot0wdl,184,3budh3j9xivsid3ptm8ptpy4k
Iván Alonso,499356.0,0.0,0.0,0.0,0.0,0.0,0.0,0.0,0.0,0.0,Iván,Alonso,2006-03-15,20.53,184.0,34.0,Defender,0,499356,3budh3j9xivsid3ptm8ptpy4k,Rayo Vallecano de Madrid,Rayo Vallecano,Rayo,RAY,0.0,0.0,0.0,0.0,0.0,0.0,0.0,0.0,0.0,0.0,0.0,0.0,0.0,0.0,0.0,0.0,0.0,0.0,0.0,0.0,0.0,,,,,,,,,,499356.0,0.0,0.0,0.0,0.0,0.0,0.0,0.0,0.0,0.0,0.0,Iván,Alonso,2006-03-15,20.53,184.0,34.0,Defender,0,499356,3budh3j9xivsid3ptm8ptpy4k,Rayo Vallecano de Madrid,Rayo Vallecano,Rayo,RAY,499356.0,0.0,0.0,0.0,0.0,0.0,0.0,0.0,0.0,0.0,0.0,0.0,0.0,0.0,0.0,Iván,Alonso,2006-03-15,20.53,184.0,34.0,Defender,0,499356,3budh3j9xivsid3ptm8ptpy4k,Rayo Vallecano de Madrid,Rayo Vallecano,Rayo,RAY,499356,499356,184,3budh3j9xivsid3ptm8ptpy4k
Iván Azón,503798.0,3.0,183.0,0.0,0.13,-0.13,3.0,1.0,0.0,0.04,Iván,Azón,2002-12-24,23.75,1450.0,20.0,Forward,Striker,eqb1f2x60q87wd2mok4z5jbl6,1n1j0wsl763lq7ee1k0c11c02,Getafe CF,Getafe,Getafe,GET,11.0,110.304,5.0,52.08,1.0,0.0,3.0,1.0,10.028,10.416,2.0,1.0,5.0,0.0,2.0,15.0,7.0,46.667,14.0,8.0,57.143,,,,,,,,,,503798.0,183.0,3.0,3.0,3.0,5.71,0.0,0.291,0.291,1.0,1.0,Iván,Azón,2002-12-24,23.75,1450.0,20.0,Forward,Striker,eqb1f2x60q87wd2mok4z5jbl6,1n1j0wsl763lq7ee1k0c11c02,Getafe CF,Getafe,Getafe,GET,503798.0,183.0,3.0,35.0,26.0,74.29,19.0,14.0,73.68,2.0,0.0,0.0,0.0,0.0,0.0,Iván,Azón,2002-12-24,23.75,1450.0,20.0,Forward,Striker,eqb1f2x60q87wd2mok4z5jbl6,1n1j0wsl763lq7ee1k0c11c02,Getafe CF,Getafe,Getafe,GET,503798,eqb1f2x60q87wd2mok4z5jbl6,1450,1n1j0wsl763lq7ee1k0c11c02
Iván Balliu,97624.0,5.0,206.0,0.0,0.0,0.0,0.0,0.0,0.0,0.0,Iván,Balliu,1992-01-01,34.74,184.0,20.0,Defender,Full Back,bpfp895223p7w0px2ui3nb2l1,3budh3j9xivsid3ptm8ptpy4k,Rayo Vallecano de Madrid,Rayo Vallecano,Rayo,RAY,6.0,63.681,3.0,40.95,0.0,0.0,0.0,0.0,10.614,13.65,3.0,2.0,5.0,2.0,8.0,16.0,6.0,37.5,8.0,4.0,50.0,,,,,,,,,,97624.0,206.0,5.0,0.0,0.0,0.0,0.0,0.015,0.013,0.0,0.0,Iván,Balliu,1992-01-01,34.74,184.0,20.0,Defender,Full Back,bpfp895223p7w0px2ui3nb2l1,3budh3j9xivsid3ptm8ptpy4k,Rayo Vallecano de Madrid,Rayo Vallecano,Rayo,RAY,97624.0,206.0,5.0,56.0,42.0,75.0,13.0,6.0,46.15,2.0,0.0,0.0,0.0,0.0,0.0,Iván,Balliu,1992-01-01,34.74,184.0,20.0,Defender,Full Back,bpfp895223p7w0px2ui3nb2l1,3budh3j9xivsid3ptm8ptpy4k,Rayo Vallecano de Madrid,Rayo Vallecano,Rayo,RAY,97624,bpfp895223p7w0px2ui3nb2l1,184,3budh3j9xivsid3ptm8ptpy4k
Iván Martín,224467.0,4.0,315.0,0.0,0.05,-0.05,1.0,0.0,0.0,0.05,Iván,Martín,1999-02-14,27.61,189.0,23.0,Midfielder,Attacking Midfielder,9um7x9zd0e000zt57l3yearqh,bzkwzatvwahmbzok1ymm5vqa1,Real Racing Club,Racing de Santander,Santander,RAC,50.0,491.849,28.0,238.875,0.0,0.0,0.0,0.0,9.837,8.531,17.0,0.0,5.0,1.0,7.0,33.0,24.0,72.727,5.0,1.0,20.0,,,,,,,,,,224467.0,315.0,4.0,2.0,2.0,1.1,0.0,0.07,0.068,0.0,0.0,Iván,Martín,1999-02-14,27.61,189.0,23.0,Midfielder,Attacking Midfielder,9um7x9zd0e000zt57l3yearqh,bzkwzatvwahmbzok1ymm5vqa1,Real Racing Club,Racing de Santander,Santander,RAC,224467.0,315.0,4.0,187.0,162.0,86.63,54.0,44.0,81.48,3.0,0.0,0.0,2.0,0.0,0.0,Iván,Martín,1999-02-14,27.61,189.0,23.0,Midfielder,Attacking Midfielder,9um7x9zd0e000zt57l3yearqh,bzkwzatvwahmbzok1ymm5vqa1,Real Racing Club,Racing de Santander,Santander,RAC,224467,9um7x9zd0e000zt57l3yearqh,189,bzkwzatvwahmbzok1ymm5vqa1
Iván Romero,521508.0,5.0,316.0,1.0,3.02,-2.02,15.0,6.0,6.67,0.2,Iván,Romero,2001-04-10,25.46,855.0,9.0,Forward,Second Striker,8kj8kbwbfiqloxiilj0i00ep6,4grc9qgcvusllap8h5j6gc5h5,Levante UD,Levante,Levante,LEV,27.0,236.86,10.0,70.56,3.0,1.0,2.0,0.0,8.773,7.056,6.0,0.0,12.0,0.0,1.0,33.0,18.0,54.545,20.0,4.0,20.0,,,,,,,,,,521508.0,316.0,5.0,3.0,3.0,6.52,0.0,0.171,0.171,0.0,0.0,Iván,Romero,2001-04-10,25.46,855.0,9.0,Forward,Second Striker,8kj8kbwbfiqloxiilj0i00ep6,4grc9qgcvusllap8h5j6gc5h5,Levante UD,Levante,Levante,LEV,521508.0,316.0,5.0,53.0,40.0,75.47,26.0,17.0,65.38,2.0,0.0,0.0,0.0,0.0,0.0,Iván,Romero,2001-04-10,25.46,855.0,9.0,Forward,Second Striker,8kj8kbwbfiqloxiilj0i00ep6,4grc9qgcvusllap8h5j6gc5h5,Levante UD,Levante,Levante,LEV,521508,8kj8kbwbfiqloxiilj0i00ep6,855,4grc9qgcvusllap8h5j6gc5h5
Izan Merino,620616.0,6.0,421.0,0.0,0.05,-0.05,1.0,0.0,0.0,0.05,Izan,Merino,2006-04-15,20.44,182.0,23.0,Midfielder,Central Midfielder,5fysoe8mcuwt18kqd7mugslxw,7012hpp3p5vg4fzyn3h0yvf09,Málaga CF,Málaga,Málaga,MAL,49.0,432.909,21.0,181.125,0.0,0.0,1.0,0.0,8.835,8.625,4.0,3.0,12.0,1.0,5.0,16.0,5.0,31.25,1.0,0.0,0.0,,,,,,,,,,620616.0,421.0,6.0,3.0,3.0,1.2,0.0,0.114,0.113,0.0,0.0,Izan,Merino,2006-04-15,20.44,182.0,23.0,Midfielder,Central Midfielder,5fysoe8mcuwt18kqd7mugslxw,7012hpp3p5vg4fzyn3h0yvf09,Málaga CF,Málaga,Málaga,MAL,620616.0,421.0,6.0,266.0,249.0,93.61,48.0,44.0,91.67,0.0,0.0,0.0,0.0,0.0,0.0,Izan,Merino,2006-04-15,20.44,182.0,23.0,Midfielder,Central Midfielder,5fysoe8mcuwt18kqd7mugslxw,7012hpp3p5vg4fzyn3h0yvf09,Málaga CF,Málaga,Málaga,MAL,620616,5fysoe8mcuwt18kqd7mugslxw,182,7012hpp3p5vg4fzyn3h0yvf09
Izei Hernández,643253.0,0.0,0.0,0.0,0.0,0.0,0.0,0.0,0.0,0.0,Izei,Hernández,2007-02-02,19.64,173.0,29.0,Forward,Winger,643253,4dtdjgnpdq9uw4sdutti0vaar,Deportivo Alavés,Alavés,Alavés,ALA,0.0,0.0,0.0,0.0,0.0,0.0,0.0,0.0,0.0,0.0,0.0,0.0,0.0,0.0,0.0,0.0,0.0,0.0,0.0,0.0,0.0,,,,,,,,,,643253.0,0.0,0.0,0.0,0.0,0.0,0.0,0.0,0.0,0.0,0.0,Izei,Hernández,2007-02-02,19.64,173.0,29.0,Forward,Winger,643253,4dtdjgnpdq9uw4sdutti0vaar,Deportivo Alavés,Alavés,Alavés,ALA,643253.0,0.0,0.0,0.0,0.0,0.0,0.0,0.0,0.0,0.0,0.0,0.0,0.0,0.0,0.0,Izei,Hernández,2007-02-02,19.64,173.0,29.0,Forward,Winger,643253,4dtdjgnpdq9uw4sdutti0vaar,Deportivo Alavés,Alavés,Alavés,ALA,643253,643253,173,4dtdjgnpdq9uw4sdutti0vaar
Iñaki Williams,197334.0,5.0,330.0,0.0,1.54,-1.54,10.0,4.0,0.0,0.15,Iñaki,Williams,1994-06-15,32.28,174.0,9.0,Forward,Winger,ddvvwqxpsqqboupi3gx1ijhed,3czravw89omgc9o4s0w3l1bg5,Athletic Club,Athletic Club,Athletic,ATH,23.0,219.713,9.0,91.14,2.0,0.0,3.0,1.0,9.553,10.127,4.0,1.0,7.0,1.0,1.0,27.0,13.0,48.148,10.0,4.0,40.0,,,,,,,,,,197334.0,330.0,5.0,5.0,5.0,6.25,0.0,0.077,0.077,2.0,2.0,Iñaki,Williams,1994-06-15,32.28,174.0,9.0,Forward,Winger,ddvvwqxpsqqboupi3gx1ijhed,3czravw89omgc9o4s0w3l1bg5,Athletic Club,Athletic Club,Athletic,ATH,197334.0,330.0,5.0,48.0,27.0,56.25,25.0,13.0,52.0,2.0,0.0,0.0,1.0,0.0,0.0,Iñaki,Williams,1994-06-15,32.28,174.0,9.0,Forward,Winger,ddvvwqxpsqqboupi3gx1ijhed,3czravw89omgc9o4s0w3l1bg5,Athletic Club,Athletic Club,Athletic,ATH,197334,ddvvwqxpsqqboupi3gx1ijhed,174,3czravw89omgc9o4s0w3l1bg5
Iñigo Arguibide,646149.0,6.0,476.0,0.0,0.01,-0.01,1.0,0.0,0.0,0.01,Iñigo,Arguibide,2005-04-19,21.43,450.0,27.0,Defender,Winger,609aarpl34780k5mkkwluvjf8,2l0ldgiwsgb8d6y3z0sfgjzyj,CA Osasuna,Osasuna,Osasuna,OSA,38.0,398.963,24.0,293.37,0.0,0.0,1.0,0.0,10.499,12.224,8.0,2.0,14.0,1.0,6.0,42.0,19.0,45.238,4.0,0.0,0.0,,,,,,,,,,646149.0,476.0,6.0,2.0,2.0,1.6,0.0,0.249,0.243,0.0,0.0,Iñigo,Arguibide,2005-04-19,21.43,450.0,27.0,Defender,Winger,609aarpl34780k5mkkwluvjf8,2l0ldgiwsgb8d6y3z0sfgjzyj,CA Osasuna,Osasuna,Osasuna,OSA,646149.0,476.0,6.0,126.0,100.0,79.37,28.0,14.0,50.0,20.0,4.0,20.0,0.0,0.0,0.0,Iñigo,Arguibide,2005-04-19,21.43,450.0,27.0,Defender,Winger,609aarpl34780k5mkkwluvjf8,2l0ldgiwsgb8d6y3z0sfgjzyj,CA Osasuna,Osasuna,Osasuna,OSA,646149,609aarpl34780k5mkkwluvjf8,450,2l0ldgiwsgb8d6y3z0sfgjzyj
Iñigo Vicente,242833.0,6.0,454.0,0.0,0.04,-0.04,1.0,0.0,0.0,0.04,Iñigo,Vicente,1998-01-06,28.72,189.0,10.0,Forward,Winger,1040ruybncve2enk3dgjb6ead,bzkwzatvwahmbzok1ymm5vqa1,Real Racing Club,Racing de Santander,Santander,RAC,81.0,734.34,35.0,301.455,0.0,0.0,2.0,0.0,9.066,8.613,10.0,4.0,29.0,0.0,5.0,68.0,32.0,47.059,2.0,1.0,50.0,,,,,,,,,,242833.0,454.0,6.0,17.0,12.0,3.23,29.41,2.008,1.713,2.0,2.0,Iñigo,Vicente,1998-01-06,28.72,189.0,10.0,Forward,Winger,1040ruybncve2enk3dgjb6ead,bzkwzatvwahmbzok1ymm5vqa1,Real Racing Club,Racing de Santander,Santander,RAC,242833.0,454.0,6.0,325.0,239.0,73.54,164.0,106.0,64.63,6.0,2.0,33.33,13.0,8.0,61.54,Iñigo,Vicente,1998-01-06,28.72,189.0,10.0,Forward,Winger,1040ruybncve2enk3dgjb6ead,bzkwzatvwahmbzok1ymm5vqa1,Real Racing Club,Racing de Santander,Santander,RAC,242833,1040ruybncve2enk3dgjb6ead,189,bzkwzatvwahmbzok1ymm5vqa1
Jan Oblak,,,,,,,,,,,,,,,,,,,,,,,,,,,,,,,,,,,,,,,,,,,,,,540.0,100.0,0.0,6.0,14.0,70.0,-0.44,0.83,5.56,,,,,,,,,,,,,,,,,,,,,,,,,,,,,,,,,,,,,,,,,,,,,,,,,,,,,,,81352,2yt9oajv9dkbju8tgy1g2nmqd,175,4ku8o6uf87yd8iecdalipo6wd
Jaume Durá,670115.0,0.0,0.0,0.0,0.0,0.0,0.0,0.0,0.0,0.0,Jaume,Durá,2008-05-15,18.36,191.0,38.0,Midfielder,0,670115,ba5e91hjacvma2sjvixn00pjo,Valencia CF,Valencia,Valencia,VAL,0.0,0.0,0.0,0.0,0.0,0.0,0.0,0.0,0.0,0.0,0.0,0.0,0.0,0.0,0.0,0.0,0.0,0.0,0.0,0.0,0.0,,,,,,,,,,670115.0,0.0,0.0,0.0,0.0,0.0,0.0,0.0,0.0,0.0,0.0,Jaume,Durá,2008-05-15,18.36,191.0,38.0,Midfielder,0,670115,ba5e91hjacvma2sjvixn00pjo,Valencia CF,Valencia,Valencia,VAL,670115.0,0.0,0.0,0.0,0.0,0.0,0.0,0.0,0.0,0.0,0.0,0.0,0.0,0.0,0.0,Jaume,Durá,2008-05-15,18.36,191.0,38.0,Midfielder,0,670115,ba5e91hjacvma2sjvixn00pjo,Valencia CF,Valencia,Valencia,VAL,670115,670115,191,ba5e91hjacvma2sjvixn00pjo
Javi Galán,219717.0,5.0,205.0,0.0,0.0,0.0,0.0,0.0,0.0,0.0,Javi,Galán,1994-11-19,31.85,176.0,22.0,Defender,Full Back,40gxfsz7bgrkdudqewlpxzyzt,6f27yvbqcngegwsg2ozxxdj4,Real Club Celta de Vigo,Celta de Vigo,Celta,CEL,22.0,217.468,10.0,118.44,0.0,0.0,2.0,0.0,9.885,11.844,5.0,1.0,7.0,1.0,3.0,16.0,10.0,62.5,4.0,2.0,50.0,,,,,,,,,,219717.0,205.0,5.0,3.0,3.0,3.03,0.0,0.155,0.153,0.0,0.0,Javi,Galán,1994-11-19,31.85,176.0,22.0,Defender,Full Back,40gxfsz7bgrkdudqewlpxzyzt,6f27yvbqcngegwsg2ozxxdj4,Real Club Celta de Vigo,Celta de Vigo,Celta,CEL,219717.0,205.0,5.0,100.0,82.0,82.0,26.0,22.0,84.62,12.0,3.0,25.0,0.0,0.0,0.0,Javi,Galán,1994-11-19,31.85,176.0,22.0,Defender,Full Back,40gxfsz7bgrkdudqewlpxzyzt,6f27yvbqcngegwsg2ozxxdj4,Real Club Celta de Vigo,Celta de Vigo,Celta,CEL,219717,40gxfsz7bgrkdudqewlpxzyzt,176,6f27yvbqcngegwsg2ozxxdj4
Javi Guerra,546540.0,6.0,475.0,0.0,0.37,-0.37,5.0,0.0,0.0,0.07,Javi,Guerra,2003-05-13,23.37,191.0,8.0,Midfielder,Central Midfielder,aqqd7tq7z6bj3wn3u3sz3uuqc,ba5e91hjacvma2sjvixn00pjo,Valencia CF,Valencia,Valencia,VAL,57.0,758.191,34.0,426.72,1.0,0.0,3.0,1.0,13.302,12.551,4.0,1.0,22.0,1.0,4.0,40.0,16.0,40.0,5.0,1.0,20.0,,,,,,,,,,546540.0,475.0,6.0,6.0,5.0,2.55,16.67,0.502,0.455,1.0,1.0,Javi,Guerra,2003-05-13,23.37,191.0,8.0,Midfielder,Central Midfielder,aqqd7tq7z6bj3wn3u3sz3uuqc,ba5e91hjacvma2sjvixn00pjo,Valencia CF,Valencia,Valencia,VAL,546540.0,475.0,6.0,164.0,122.0,74.39,58.0,34.0,58.62,8.0,1.0,12.5,6.0,2.0,33.33,Javi,Guerra,2003-05-13,23.37,191.0,8.0,Midfielder,Central Midfielder,aqqd7tq7z6bj3wn3u3sz3uuqc,ba5e91hjacvma2sjvixn00pjo,Valencia CF,Valencia,Valencia,VAL,546540,aqqd7tq7z6bj3wn3u3sz3uuqc,191,ba5e91hjacvma2sjvixn00pjo
Javi Hernández,628184.0,6.0,471.0,0.0,0.65,-0.65,8.0,3.0,0.0,0.08,Javi,Hernández,2004-01-30,22.65,177.0,28.0,Midfielder,Attacking Midfielder,5240u8emo4o2ma2oqva237cic,c8llrezkm3b3op4afrou6b487,Reial Club Deportiu Espanyol de Barcelona,Espanyol,Espanyol,ESP,65.0,838.628,44.0,584.535,1.0,0.0,6.0,3.0,12.902,13.285,8.0,1.0,17.0,0.0,1.0,73.0,22.0,30.137,3.0,0.0,0.0,,,,,,,,,,628184.0,471.0,6.0,11.0,11.0,6.67,0.0,0.939,0.933,4.0,4.0,Javi,Hernández,2004-01-30,22.65,177.0,28.0,Midfielder,Attacking Midfielder,5240u8emo4o2ma2oqva237cic,c8llrezkm3b3op4afrou6b487,Reial Club Deportiu Espanyol de Barcelona,Espanyol,Espanyol,ESP,628184.0,471.0,6.0,109.0,88.0,80.73,49.0,39.0,79.59,6.0,0.0,0.0,4.0,1.0,25.0,Javi,Hernández,2004-01-30,22.65,177.0,28.0,Midfielder,Attacking Midfielder,5240u8emo4o2ma2oqva237cic,c8llrezkm3b3op4afrou6b487,Reial Club Deportiu Espanyol de Barcelona,Espanyol,Espanyol,ESP,628184,5240u8emo4o2ma2oqva237cic,177,c8llrezkm3b3op4afrou6b487
Javi Rodríguez,638238.0,4.0,231.0,0.0,0.01,-0.01,1.0,1.0,0.0,0.01,Javi,Rodríguez,2003-06-26,23.25,176.0,20.0,Defender,Full Back,79n0dyjagmleor1fpwl25qql0,6f27yvbqcngegwsg2ozxxdj4,Real Club Celta de Vigo,Celta de Vigo,Celta,CEL,45.0,457.468,32.0,342.51,1.0,0.0,0.0,0.0,10.166,10.703,3.0,3.0,7.0,0.0,6.0,7.0,4.0,57.143,2.0,0.0,0.0,,,,,,,,,,638238.0,231.0,4.0,0.0,0.0,0.0,0.0,0.084,0.083,0.0,0.0,Javi,Rodríguez,2003-06-26,23.25,176.0,20.0,Defender,Full Back,79n0dyjagmleor1fpwl25qql0,6f27yvbqcngegwsg2ozxxdj4,Real Club Celta de Vigo,Celta de Vigo,Celta,CEL,638238.0,231.0,4.0,198.0,179.0,90.4,38.0,31.0,81.58,0.0,0.0,0.0,0.0,0.0,0.0,Javi,Rodríguez,2003-06-26,23.25,176.0,20.0,Defender,Full Back,79n0dyjagmleor1fpwl25qql0,6f27yvbqcngegwsg2ozxxdj4,Real Club Celta de Vigo,Celta de Vigo,Celta,CEL,638238,79n0dyjagmleor1fpwl25qql0,176,6f27yvbqcngegwsg2ozxxdj4
Javi Rueda,493333.0,6.0,331.0,0.0,0.05,-0.05,2.0,0.0,0.0,0.02,Javi,Rueda,2002-05-08,24.38,176.0,17.0,Defender,Full Back,75xbiozismh96vufhrhkng4mi,6f27yvbqcngegwsg2ozxxdj4,Real Club Celta de Vigo,Celta de Vigo,Celta,CEL,30.0,319.959,14.0,136.605,0.0,0.0,2.0,0.0,10.665,9.757,6.0,5.0,19.0,1.0,7.0,28.0,15.0,53.571,10.0,4.0,40.0,,,,,,,,,,493333.0,331.0,6.0,6.0,6.0,4.8,0.0,0.425,0.421,0.0,0.0,Javi,Rueda,2002-05-08,24.38,176.0,17.0,Defender,Full Back,75xbiozismh96vufhrhkng4mi,6f27yvbqcngegwsg2ozxxdj4,Real Club Celta de Vigo,Celta de Vigo,Celta,CEL,493333.0,331.0,6.0,127.0,104.0,81.89,56.0,42.0,75.0,10.0,1.0,10.0,0.0,0.0,0.0,Javi,Rueda,2002-05-08,24.38,176.0,17.0,Defender,Full Back,75xbiozismh96vufhrhkng4mi,6f27yvbqcngegwsg2ozxxdj4,Real Club Celta de Vigo,Celta de Vigo,Celta,CEL,493333,75xbiozismh96vufhrhkng4mi,176,6f27yvbqcngegwsg2ozxxdj4
Javier Morcillo,714598.0,4.0,217.0,0.0,0.0,0.0,0.0,0.0,0.0,0.0,Javier,Morcillo,2006-03-15,20.53,954.0,47.0,Midfielder,Central Midfielder,8921la7pznfjc4e69ul2pqmms,4yg9ttzw0m51048doksv8uq5r,Elche CF,Elche,Elche,ELC,13.0,122.198,5.0,39.795,0.0,0.0,0.0,0.0,9.4,7.959,7.0,4.0,13.0,0.0,7.0,13.0,7.0,53.846,2.0,1.0,50.0,,,,,,,,,,714598.0,217.0,4.0,0.0,0.0,0.0,0.0,0.027,0.027,0.0,0.0,Javier,Morcillo,2006-03-15,20.53,954.0,47.0,Midfielder,Central Midfielder,8921la7pznfjc4e69ul2pqmms,4yg9ttzw0m51048doksv8uq5r,Elche CF,Elche,Elche,ELC,714598.0,217.0,4.0,90.0,84.0,93.33,12.0,9.0,75.0,0.0,0.0,0.0,0.0,0.0,0.0,Javier,Morcillo,2006-03-15,20.53,954.0,47.0,Midfielder,Central Midfielder,8921la7pznfjc4e69ul2pqmms,4yg9ttzw0m51048doksv8uq5r,Elche CF,Elche,Elche,ELC,714598,8921la7pznfjc4e69ul2pqmms,954,4yg9ttzw0m51048doksv8uq5r
Jean Valou,677054.0,1.0,17.0,0.0,0.0,0.0,0.0,0.0,0.0,0.0,Jean,Valou,2005-12-22,20.75,1450.0,26.0,Defender,Central Defender,e86pm8pa6for3jd40u0q6b0no,1n1j0wsl763lq7ee1k0c11c02,Getafe CF,Getafe,Getafe,GET,0.0,0.0,0.0,0.0,0.0,0.0,0.0,0.0,0.0,0.0,0.0,0.0,0.0,0.0,2.0,1.0,0.0,0.0,0.0,0.0,0.0,,,,,,,,,,677054.0,17.0,1.0,0.0,0.0,0.0,0.0,0.001,0.001,0.0,0.0,Jean,Valou,2005-12-22,20.75,1450.0,26.0,Defender,Central Defender,e86pm8pa6for3jd40u0q6b0no,1n1j0wsl763lq7ee1k0c11c02,Getafe CF,Getafe,Getafe,GET,677054.0,17.0,1.0,3.0,3.0,100.0,1.0,1.0,100.0,1.0,0.0,0.0,0.0,0.0,0.0,Jean,Valou,2005-12-22,20.75,1450.0,26.0,Defender,Central Defender,e86pm8pa6for3jd40u0q6b0no,1n1j0wsl763lq7ee1k0c11c02,Getafe CF,Getafe,Getafe,GET,677054,e86pm8pa6for3jd40u0q6b0no,1450,1n1j0wsl763lq7ee1k0c11c02
Jeanuël Belocian,565992.0,2.0,125.0,0.0,0.11,-0.11,2.0,0.0,0.0,0.05,Jeanuël,Belocian,2005-02-17,21.6,189.0,24.0,Defender,Central Defender,47bjfjrtjv3uv5lnguc2ycg0k,bzkwzatvwahmbzok1ymm5vqa1,Real Racing Club,Racing de Santander,Santander,RAC,11.0,125.822,5.0,39.795,0.0,0.0,0.0,0.0,11.438,7.959,1.0,2.0,5.0,0.0,17.0,2.0,1.0,50.0,12.0,9.0,75.0,,,,,,,,,,565992.0,125.0,2.0,0.0,0.0,0.0,0.0,0.027,0.027,0.0,0.0,Jeanuël,Belocian,2005-02-17,21.6,189.0,24.0,Defender,Central Defender,47bjfjrtjv3uv5lnguc2ycg0k,bzkwzatvwahmbzok1ymm5vqa1,Real Racing Club,Racing de Santander,Santander,RAC,565992.0,125.0,2.0,71.0,64.0,90.14,5.0,5.0,100.0,0.0,0.0,0.0,0.0,0.0,0.0,Jeanuël,Belocian,2005-02-17,21.6,189.0,24.0,Defender,Central Defender,47bjfjrtjv3uv5lnguc2ycg0k,bzkwzatvwahmbzok1ymm5vqa1,Real Racing Club,Racing de Santander,Santander,RAC,565992,47bjfjrtjv3uv5lnguc2ycg0k,189,bzkwzatvwahmbzok1ymm5vqa1
Jens Cajuste,454667.0,1.0,4.0,0.0,0.0,0.0,0.0,0.0,0.0,0.0,Jens,Cajuste,1999-08-10,27.13,182.0,2.0,Midfielder,0,2lvit204llltk13iglsa2tjah,7012hpp3p5vg4fzyn3h0yvf09,Málaga CF,Málaga,Málaga,MAL,0.0,0.0,0.0,0.0,0.0,0.0,0.0,0.0,0.0,0.0,1.0,0.0,0.0,0.0,0.0,1.0,1.0,100.0,0.0,0.0,0.0,,,,,,,,,,454667.0,4.0,1.0,0.0,0.0,0.0,0.0,0.001,0.001,0.0,0.0,Jens,Cajuste,1999-08-10,27.13,182.0,2.0,Midfielder,0,2lvit204llltk13iglsa2tjah,7012hpp3p5vg4fzyn3h0yvf09,Málaga CF,Málaga,Málaga,MAL,454667.0,4.0,1.0,6.0,5.0,83.33,1.0,1.0,100.0,0.0,0.0,0.0,0.0,0.0,0.0,Jens,Cajuste,1999-08-10,27.13,182.0,2.0,Midfielder,0,2lvit204llltk13iglsa2tjah,7012hpp3p5vg4fzyn3h0yvf09,Málaga CF,Málaga,Málaga,MAL,454667,2lvit204llltk13iglsa2tjah,182,7012hpp3p5vg4fzyn3h0yvf09
Jeremy Toljan,160540.0,5.0,174.0,0.0,0.0,0.0,0.0,0.0,0.0,0.0,Jeremy,Toljan,1994-08-08,32.13,855.0,22.0,Defender,Full Back,5oge5fhmna0oduqvjisoa1djp,4grc9qgcvusllap8h5j6gc5h5,Levante UD,Levante,Levante,LEV,11.0,126.013,6.0,29.61,0.0,0.0,0.0,0.0,11.456,4.935,1.0,1.0,1.0,1.0,7.0,5.0,3.0,60.0,1.0,1.0,100.0,,,,,,,,,,160540.0,174.0,5.0,0.0,0.0,0.0,0.0,0.011,0.009,0.0,0.0,Jeremy,Toljan,1994-08-08,32.13,855.0,22.0,Defender,Full Back,5oge5fhmna0oduqvjisoa1djp,4grc9qgcvusllap8h5j6gc5h5,Levante UD,Levante,Levante,LEV,160540.0,174.0,5.0,47.0,32.0,68.09,13.0,7.0,53.85,7.0,0.0,0.0,0.0,0.0,0.0,Jeremy,Toljan,1994-08-08,32.13,855.0,22.0,Defender,Full Back,5oge5fhmna0oduqvjisoa1djp,4grc9qgcvusllap8h5j6gc5h5,Levante UD,Levante,Levante,LEV,160540,5oge5fhmna0oduqvjisoa1djp,855,4grc9qgcvusllap8h5j6gc5h5
Jesús Areso,437549.0,4.0,299.0,0.0,0.07,-0.07,1.0,0.0,0.0,0.07,Jesús,Areso,1999-07-02,27.23,174.0,12.0,Defender,Full Back,7r7wgbcu7vmlj19m9jpjhu1yi,3czravw89omgc9o4s0w3l1bg5,Athletic Club,Athletic Club,Athletic,ATH,41.0,519.059,28.0,376.95,0.0,0.0,2.0,0.0,12.66,13.462,8.0,6.0,9.0,0.0,6.0,22.0,12.0,54.545,9.0,6.0,66.667,,,,,,,,,,437549.0,299.0,4.0,5.0,5.0,4.31,0.0,0.228,0.226,0.0,0.0,Jesús,Areso,1999-07-02,27.23,174.0,12.0,Defender,Full Back,7r7wgbcu7vmlj19m9jpjhu1yi,3czravw89omgc9o4s0w3l1bg5,Athletic Club,Athletic Club,Athletic,ATH,437549.0,299.0,4.0,116.0,89.0,76.72,31.0,20.0,64.52,11.0,5.0,45.45,0.0,0.0,0.0,Jesús,Areso,1999-07-02,27.23,174.0,12.0,Defender,Full Back,7r7wgbcu7vmlj19m9jpjhu1yi,3czravw89omgc9o4s0w3l1bg5,Athletic Club,Athletic Club,Athletic,ATH,437549,7r7wgbcu7vmlj19m9jpjhu1yi,174,3czravw89omgc9o4s0w3l1bg5
Jesús Vázquez,466044.0,6.0,339.0,0.0,0.04,-0.04,2.0,0.0,0.0,0.02,Jesús,Vázquez,2003-01-02,23.73,191.0,21.0,Defender,Wing Back,d6kzekcwqw0q8fq6wt6rmyusq,ba5e91hjacvma2sjvixn00pjo,Valencia CF,Valencia,Valencia,VAL,36.0,421.303,19.0,226.695,0.0,0.0,0.0,0.0,11.703,11.931,9.0,3.0,15.0,1.0,4.0,41.0,21.0,51.22,3.0,1.0,33.333,,,,,,,,,,466044.0,339.0,6.0,1.0,1.0,0.94,0.0,0.12,0.117,0.0,0.0,Jesús,Vázquez,2003-01-02,23.73,191.0,21.0,Defender,Wing Back,d6kzekcwqw0q8fq6wt6rmyusq,ba5e91hjacvma2sjvixn00pjo,Valencia CF,Valencia,Valencia,VAL,466044.0,339.0,6.0,112.0,92.0,82.14,39.0,29.0,74.36,6.0,1.0,16.67,0.0,0.0,0.0,Jesús,Vázquez,2003-01-02,23.73,191.0,21.0,Defender,Wing Back,d6kzekcwqw0q8fq6wt6rmyusq,ba5e91hjacvma2sjvixn00pjo,Valencia CF,Valencia,Valencia,VAL,466044,d6kzekcwqw0q8fq6wt6rmyusq,191,ba5e91hjacvma2sjvixn00pjo
Joan García,,,,,,,,,,,,,,,,,,,,,,,,,,,,,,,,,,,,,,,,,,,,,,540.0,92.0,0.0,5.0,11.0,68.75,0.9,1.0,5.9,,,,,,,,,,,,,,,,,,,,,,,,,,,,,,,,,,,,,,,,,,,,,,,,,,,,,,,449928,5f8kjgsaabn2li5r7bvpebbsa,178,agh9ifb2mw3ivjusgedj7c3fe
Joaquín Muñoz,437831.0,6.0,322.0,0.0,0.09,-0.09,4.0,0.0,0.0,0.02,Joaquín,Muñoz,1999-03-10,27.55,182.0,11.0,Forward,Winger,2hlrcg7bdv16hdpq9y7h769k9,7012hpp3p5vg4fzyn3h0yvf09,Málaga CF,Málaga,Málaga,MAL,38.0,447.871,20.0,222.6,2.0,0.0,1.0,0.0,11.786,11.13,4.0,1.0,13.0,1.0,1.0,40.0,19.0,47.5,3.0,0.0,0.0,,,,,,,,,,437831.0,322.0,6.0,3.0,2.0,2.41,33.33,0.196,0.127,0.0,0.0,Joaquín,Muñoz,1999-03-10,27.55,182.0,11.0,Forward,Winger,2hlrcg7bdv16hdpq9y7h769k9,7012hpp3p5vg4fzyn3h0yvf09,Málaga CF,Málaga,Málaga,MAL,437831.0,322.0,6.0,89.0,76.0,85.39,40.0,31.0,77.5,4.0,1.0,25.0,0.0,0.0,0.0,Joaquín,Muñoz,1999-03-10,27.55,182.0,11.0,Forward,Winger,2hlrcg7bdv16hdpq9y7h769k9,7012hpp3p5vg4fzyn3h0yvf09,Málaga CF,Málaga,Málaga,MAL,437831,2hlrcg7bdv16hdpq9y7h769k9,182,7012hpp3p5vg4fzyn3h0yvf09
Job Ochieng,612309.0,3.0,174.0,1.0,0.27,0.73,5.0,2.0,20.0,0.05,Job,Ochieng,2003-01-17,23.68,188.0,12.0,Forward,0,1fcmd6qaiira468e8mph4sis4,63f5h8t5e9qm1fqmvfkb23ghh,Real Sociedad de Fútbol,Real Sociedad,Real Sociedad,RSO,19.0,289.246,17.0,237.3,3.0,0.0,1.0,0.0,15.223,13.959,1.0,0.0,9.0,0.0,0.0,16.0,3.0,18.75,3.0,2.0,66.667,,,,,,,,,,612309.0,174.0,3.0,3.0,3.0,2.94,0.0,0.091,0.091,2.0,2.0,Job,Ochieng,2003-01-17,23.68,188.0,12.0,Forward,0,1fcmd6qaiira468e8mph4sis4,63f5h8t5e9qm1fqmvfkb23ghh,Real Sociedad de Fútbol,Real Sociedad,Real Sociedad,RSO,612309.0,174.0,3.0,35.0,22.0,62.86,18.0,10.0,55.56,4.0,1.0,25.0,0.0,0.0,0.0,Job,Ochieng,2003-01-17,23.68,188.0,12.0,Forward,0,1fcmd6qaiira468e8mph4sis4,63f5h8t5e9qm1fqmvfkb23ghh,Real Sociedad de Fútbol,Real Sociedad,Real Sociedad,RSO,612309,1fcmd6qaiira468e8mph4sis4,188,63f5h8t5e9qm1fqmvfkb23ghh
Jofre Carreras,513950.0,3.0,18.0,0.0,0.21,-0.21,2.0,0.0,0.0,0.1,Jofre,Carreras,2001-06-17,25.27,177.0,17.0,Forward,Winger,59u1gn30f6bg5lr06zsglykq2,c8llrezkm3b3op4afrou6b487,Reial Club Deportiu Espanyol de Barcelona,Espanyol,Espanyol,ESP,4.0,61.837,3.0,53.655,0.0,0.0,0.0,0.0,15.459,17.885,0.0,0.0,0.0,0.0,0.0,2.0,0.0,0.0,1.0,1.0,100.0,,,,,,,,,,513950.0,18.0,3.0,0.0,0.0,0.0,0.0,0.003,0.003,0.0,0.0,Jofre,Carreras,2001-06-17,25.27,177.0,17.0,Forward,Winger,59u1gn30f6bg5lr06zsglykq2,c8llrezkm3b3op4afrou6b487,Reial Club Deportiu Espanyol de Barcelona,Espanyol,Espanyol,ESP,513950.0,18.0,3.0,13.0,8.0,61.54,3.0,1.0,33.33,1.0,0.0,0.0,0.0,0.0,0.0,Jofre,Carreras,2001-06-17,25.27,177.0,17.0,Forward,Winger,59u1gn30f6bg5lr06zsglykq2,c8llrezkm3b3op4afrou6b487,Reial Club Deportiu Espanyol de Barcelona,Espanyol,Espanyol,ESP,513950,59u1gn30f6bg5lr06zsglykq2,177,c8llrezkm3b3op4afrou6b487
Johan Mojica,152723.0,5.0,405.0,0.0,0.05,-0.05,2.0,0.0,0.0,0.02,Johan,Mojica,1992-08-21,34.1,1450.0,22.0,Defender,Full Back,dfjph36vcwfj5cevut4x3vf11,1n1j0wsl763lq7ee1k0c11c02,Getafe CF,Getafe,Getafe,GET,39.0,500.943,27.0,319.41,0.0,0.0,1.0,0.0,12.845,11.83,6.0,2.0,21.0,2.0,15.0,34.0,18.0,52.941,9.0,5.0,55.556,,,,,,,,,,152723.0,405.0,5.0,6.0,4.0,3.31,33.33,0.388,0.177,0.0,0.0,Johan,Mojica,1992-08-21,34.1,1450.0,22.0,Defender,Full Back,dfjph36vcwfj5cevut4x3vf11,1n1j0wsl763lq7ee1k0c11c02,Getafe CF,Getafe,Getafe,GET,152723.0,405.0,5.0,128.0,88.0,68.75,39.0,23.0,58.97,23.0,6.0,26.09,0.0,0.0,0.0,Johan,Mojica,1992-08-21,34.1,1450.0,22.0,Defender,Full Back,dfjph36vcwfj5cevut4x3vf11,1n1j0wsl763lq7ee1k0c11c02,Getafe CF,Getafe,Getafe,GET,152723,dfjph36vcwfj5cevut4x3vf11,1450,1n1j0wsl763lq7ee1k0c11c02
Johaneko Louis-Jean,564923.0,4.0,123.0,0.0,0.0,0.0,0.0,0.0,0.0,0.0,Johaneko,Louis-Jean,2004-06-28,22.24,174.0,31.0,Defender,Full Back,30zgptnua3mkghbema5fzd4b8,3czravw89omgc9o4s0w3l1bg5,Athletic Club,Athletic Club,Athletic,ATH,14.0,166.411,9.0,105.315,0.0,0.0,0.0,0.0,11.886,11.702,5.0,6.0,7.0,0.0,6.0,15.0,12.0,80.0,1.0,0.0,0.0,,,,,,,,,,564923.0,123.0,4.0,0.0,0.0,0.0,0.0,0.007,0.006,0.0,0.0,Johaneko,Louis-Jean,2004-06-28,22.24,174.0,31.0,Defender,Full Back,30zgptnua3mkghbema5fzd4b8,3czravw89omgc9o4s0w3l1bg5,Athletic Club,Athletic Club,Athletic,ATH,564923.0,123.0,4.0,42.0,35.0,83.33,6.0,4.0,66.67,3.0,0.0,0.0,0.0,0.0,0.0,Johaneko,Louis-Jean,2004-06-28,22.24,174.0,31.0,Defender,Full Back,30zgptnua3mkghbema5fzd4b8,3czravw89omgc9o4s0w3l1bg5,Athletic Club,Athletic Club,Athletic,ATH,564923,30zgptnua3mkghbema5fzd4b8,174,3czravw89omgc9o4s0w3l1bg5
Johnny Cardoso,488662.0,4.0,135.0,0.0,0.06,-0.06,2.0,0.0,0.0,0.03,Johnny,Cardoso,2001-09-20,25.01,175.0,5.0,Midfielder,Central Midfielder,3ub05nnpt9o7s387z6oj8vf56,4ku8o6uf87yd8iecdalipo6wd,Club Atlético de Madrid,Atlético de Madrid,Atlético,ATM,15.0,140.936,5.0,43.365,0.0,0.0,1.0,1.0,9.396,8.673,4.0,2.0,8.0,1.0,2.0,11.0,5.0,45.455,7.0,3.0,42.857,,,,,,,,,,488662.0,135.0,4.0,1.0,1.0,0.0,0.0,0.338,0.338,1.0,1.0,Johnny,Cardoso,2001-09-20,25.01,175.0,5.0,Midfielder,Central Midfielder,3ub05nnpt9o7s387z6oj8vf56,4ku8o6uf87yd8iecdalipo6wd,Club Atlético de Madrid,Atlético de Madrid,Atlético,ATM,488662.0,135.0,4.0,122.0,112.0,91.8,41.0,35.0,85.37,1.0,0.0,0.0,1.0,1.0,100.0,Johnny,Cardoso,2001-09-20,25.01,175.0,5.0,Midfielder,Central Midfielder,3ub05nnpt9o7s387z6oj8vf56,4ku8o6uf87yd8iecdalipo6wd,Club Atlético de Madrid,Atlético de Madrid,Atlético,ATM,488662,3ub05nnpt9o7s387z6oj8vf56,175,4ku8o6uf87yd8iecdalipo6wd
Jon Ander Olasagasti,513945.0,5.0,415.0,1.0,0.62,0.38,6.0,3.0,16.67,0.1,Jon Ander,Olasagasti,2000-08-16,26.11,855.0,8.0,Midfielder,Central Midfielder,6lnttemmflhxp700fr069ty0a,4grc9qgcvusllap8h5j6gc5h5,Levante UD,Levante,Levante,LEV,26.0,312.951,16.0,228.375,1.0,0.0,0.0,0.0,12.037,14.273,9.0,5.0,16.0,0.0,3.0,34.0,19.0,55.882,11.0,5.0,45.455,,,,,,,,,,513945.0,415.0,5.0,8.0,5.0,3.76,25.0,0.674,0.392,1.0,0.0,Jon Ander,Olasagasti,2000-08-16,26.11,855.0,8.0,Midfielder,Central Midfielder,6lnttemmflhxp700fr069ty0a,4grc9qgcvusllap8h5j6gc5h5,Levante UD,Levante,Levante,LEV,513945.0,415.0,5.0,142.0,93.0,65.49,68.0,36.0,52.94,9.0,1.0,11.11,0.0,0.0,0.0,Jon Ander,Olasagasti,2000-08-16,26.11,855.0,8.0,Midfielder,Central Midfielder,6lnttemmflhxp700fr069ty0a,4grc9qgcvusllap8h5j6gc5h5,Levante UD,Levante,Levante,LEV,513945,6lnttemmflhxp700fr069ty0a,855,4grc9qgcvusllap8h5j6gc5h5
Jon Aramburu,479816.0,6.0,507.0,0.0,0.09,-0.09,4.0,2.0,0.0,0.02,Jon,Aramburu,2002-07-23,24.17,188.0,2.0,Defender,Full Back,ezbplvktzcvzh5kwur32110mi,63f5h8t5e9qm1fqmvfkb23ghh,Real Sociedad de Fútbol,Real Sociedad,Real Sociedad,RSO,59.0,670.225,42.0,517.65,0.0,0.0,1.0,0.0,11.36,12.325,21.0,15.0,21.0,1.0,20.0,75.0,38.0,50.667,22.0,15.0,68.182,,,,,,,,,,479816.0,507.0,6.0,3.0,3.0,1.24,0.0,0.179,0.176,0.0,0.0,Jon,Aramburu,2002-07-23,24.17,188.0,2.0,Defender,Full Back,ezbplvktzcvzh5kwur32110mi,63f5h8t5e9qm1fqmvfkb23ghh,Real Sociedad de Fútbol,Real Sociedad,Real Sociedad,RSO,479816.0,507.0,6.0,247.0,211.0,85.43,74.0,52.0,70.27,9.0,1.0,11.11,0.0,0.0,0.0,Jon,Aramburu,2002-07-23,24.17,188.0,2.0,Defender,Full Back,ezbplvktzcvzh5kwur32110mi,63f5h8t5e9qm1fqmvfkb23ghh,Real Sociedad de Fútbol,Real Sociedad,Real Sociedad,RSO,479816,ezbplvktzcvzh5kwur32110mi,188,63f5h8t5e9qm1fqmvfkb23ghh
Jon Gorrotxategi,546812.0,4.0,62.0,0.0,0.0,0.0,0.0,0.0,0.0,0.0,Jon,Gorrotxategi,2002-09-02,24.06,188.0,4.0,Midfielder,Defensive Midfielder,706la37b8u3v3n6mqtbjs73mc,63f5h8t5e9qm1fqmvfkb23ghh,Real Sociedad de Fútbol,Real Sociedad,Real Sociedad,RSO,12.0,105.13,5.0,50.4,0.0,0.0,0.0,0.0,8.761,10.08,0.0,0.0,4.0,1.0,3.0,1.0,0.0,0.0,1.0,1.0,100.0,,,,,,,,,,546812.0,62.0,4.0,0.0,0.0,0.0,0.0,0.018,0.018,0.0,0.0,Jon,Gorrotxategi,2002-09-02,24.06,188.0,4.0,Midfielder,Defensive Midfielder,706la37b8u3v3n6mqtbjs73mc,63f5h8t5e9qm1fqmvfkb23ghh,Real Sociedad de Fútbol,Real Sociedad,Real Sociedad,RSO,546812.0,62.0,4.0,38.0,34.0,89.47,13.0,11.0,84.62,1.0,0.0,0.0,0.0,0.0,0.0,Jon,Gorrotxategi,2002-09-02,24.06,188.0,4.0,Midfielder,Defensive Midfielder,706la37b8u3v3n6mqtbjs73mc,63f5h8t5e9qm1fqmvfkb23ghh,Real Sociedad de Fútbol,Real Sociedad,Real Sociedad,RSO,546812,706la37b8u3v3n6mqtbjs73mc,188,63f5h8t5e9qm1fqmvfkb23ghh
Jon Guridi,201178.0,6.0,341.0,1.0,0.93,0.07,4.0,3.0,25.0,0.23,Jon,Guridi,1995-02-28,31.58,179.0,18.0,Midfielder,Central Midfielder,bccp1nvtoc3n1q4g4sw1p7ro5,10eyb18v5puw4ez03ocaug09m,Sevilla FC,Sevilla,Sevilla,SEV,32.0,393.237,15.0,120.435,0.0,0.0,0.0,0.0,12.289,8.029,5.0,1.0,18.0,0.0,3.0,27.0,9.0,33.333,14.0,6.0,42.857,,,,,,,,,,201178.0,341.0,6.0,2.0,2.0,1.85,0.0,0.08,0.08,0.0,0.0,Jon,Guridi,1995-02-28,31.58,179.0,18.0,Midfielder,Central Midfielder,bccp1nvtoc3n1q4g4sw1p7ro5,10eyb18v5puw4ez03ocaug09m,Sevilla FC,Sevilla,Sevilla,SEV,201178.0,341.0,6.0,111.0,93.0,83.78,44.0,33.0,75.0,5.0,0.0,0.0,0.0,0.0,0.0,Jon,Guridi,1995-02-28,31.58,179.0,18.0,Midfielder,Central Midfielder,bccp1nvtoc3n1q4g4sw1p7ro5,10eyb18v5puw4ez03ocaug09m,Sevilla FC,Sevilla,Sevilla,SEV,201178,bccp1nvtoc3n1q4g4sw1p7ro5,179,10eyb18v5puw4ez03ocaug09m
Jon Martín,620617.0,5.0,366.0,0.0,0.12,-0.12,2.0,1.0,0.0,0.06,Jon,Martín,2006-04-23,20.42,188.0,6.0,Defender,Central Defender,8krgbfnydbtyongkwnsaj43kk,63f5h8t5e9qm1fqmvfkb23ghh,Real Sociedad de Fútbol,Real Sociedad,Real Sociedad,RSO,47.0,436.756,18.0,94.29,0.0,0.0,0.0,0.0,9.293,5.238,8.0,1.0,17.0,1.0,14.0,19.0,11.0,57.895,17.0,10.0,58.824,,,,,,,,,,620617.0,366.0,5.0,1.0,1.0,0.43,0.0,0.056,0.056,0.0,0.0,Jon,Martín,2006-04-23,20.42,188.0,6.0,Defender,Central Defender,8krgbfnydbtyongkwnsaj43kk,63f5h8t5e9qm1fqmvfkb23ghh,Real Sociedad de Fútbol,Real Sociedad,Real Sociedad,RSO,620617.0,366.0,5.0,249.0,231.0,92.77,8.0,7.0,87.5,0.0,0.0,0.0,0.0,0.0,0.0,Jon,Martín,2006-04-23,20.42,188.0,6.0,Defender,Central Defender,8krgbfnydbtyongkwnsaj43kk,63f5h8t5e9qm1fqmvfkb23ghh,Real Sociedad de Fútbol,Real Sociedad,Real Sociedad,RSO,620617,8krgbfnydbtyongkwnsaj43kk,188,63f5h8t5e9qm1fqmvfkb23ghh
Jon Moncayola,477463.0,6.0,424.0,0.0,0.09,-0.09,2.0,1.0,0.0,0.04,Jon,Moncayola,1998-05-13,28.37,450.0,7.0,Midfielder,Central Midfielder,f4gpe0pxov8sea9e0fs24h8q2,2l0ldgiwsgb8d6y3z0sfgjzyj,CA Osasuna,Osasuna,Osasuna,OSA,33.0,326.04,12.0,94.815,0.0,0.0,0.0,0.0,9.88,7.901,13.0,5.0,16.0,0.0,4.0,22.0,14.0,63.636,10.0,2.0,20.0,,,,,,,,,,477463.0,424.0,6.0,1.0,0.0,0.0,100.0,0.234,0.153,0.0,0.0,Jon,Moncayola,1998-05-13,28.37,450.0,7.0,Midfielder,Central Midfielder,f4gpe0pxov8sea9e0fs24h8q2,2l0ldgiwsgb8d6y3z0sfgjzyj,CA Osasuna,Osasuna,Osasuna,OSA,477463.0,424.0,6.0,208.0,180.0,86.54,53.0,41.0,77.36,6.0,1.0,16.67,0.0,0.0,0.0,Jon,Moncayola,1998-05-13,28.37,450.0,7.0,Midfielder,Central Midfielder,f4gpe0pxov8sea9e0fs24h8q2,2l0ldgiwsgb8d6y3z0sfgjzyj,CA Osasuna,Osasuna,Osasuna,OSA,477463,f4gpe0pxov8sea9e0fs24h8q2,450,2l0ldgiwsgb8d6y3z0sfgjzyj
Jon Pacheco,449931.0,1.0,20.0,0.0,0.0,0.0,0.0,0.0,0.0,0.0,Jon,Pacheco,2001-01-08,25.71,188.0,16.0,Defender,Central Defender,7bs0ph4yksf6lvkg91u9nqzqi,63f5h8t5e9qm1fqmvfkb23ghh,Real Sociedad de Fútbol,Real Sociedad,Real Sociedad,RSO,2.0,12.206,0.0,-5.145,0.0,0.0,0.0,0.0,6.103,0.0,1.0,0.0,0.0,1.0,3.0,1.0,1.0,100.0,0.0,0.0,0.0,,,,,,,,,,449931.0,20.0,1.0,0.0,0.0,0.0,0.0,0.0,0.0,0.0,0.0,Jon,Pacheco,2001-01-08,25.71,188.0,16.0,Defender,Central Defender,7bs0ph4yksf6lvkg91u9nqzqi,63f5h8t5e9qm1fqmvfkb23ghh,Real Sociedad de Fútbol,Real Sociedad,Real Sociedad,RSO,449931.0,20.0,1.0,3.0,3.0,100.0,0.0,0.0,0.0,0.0,0.0,0.0,0.0,0.0,0.0,Jon,Pacheco,2001-01-08,25.71,188.0,16.0,Defender,Central Defender,7bs0ph4yksf6lvkg91u9nqzqi,63f5h8t5e9qm1fqmvfkb23ghh,Real Sociedad de Fútbol,Real Sociedad,Real Sociedad,RSO,449931,7bs0ph4yksf6lvkg91u9nqzqi,188,63f5h8t5e9qm1fqmvfkb23ghh
Jonathan Asp Jensen,568404.0,4.0,162.0,0.0,0.17,-0.17,5.0,4.0,0.0,0.03,Jonathan Asp,Jensen,2006-01-14,20.69,180.0,18.0,Midfielder,Attacking Midfielder,1r8teron8q7t2fvbdqsnq20pg,1r541mega6d838hi0p44sv0h2,RC Deportivo de A Coruña,Deportivo de A Coruña,Deportivo,DEP,10.0,114.019,5.0,35.805,2.0,0.0,0.0,0.0,11.402,7.161,4.0,0.0,4.0,0.0,1.0,14.0,6.0,42.857,1.0,0.0,0.0,,,,,,,,,,568404.0,162.0,4.0,0.0,0.0,0.0,0.0,0.024,0.024,0.0,0.0,Jonathan Asp,Jensen,2006-01-14,20.69,180.0,18.0,Midfielder,Attacking Midfielder,1r8teron8q7t2fvbdqsnq20pg,1r541mega6d838hi0p44sv0h2,RC Deportivo de A Coruña,Deportivo de A Coruña,Deportivo,DEP,568404.0,162.0,4.0,34.0,29.0,85.29,11.0,8.0,72.73,0.0,0.0,0.0,0.0,0.0,0.0,Jonathan Asp,Jensen,2006-01-14,20.69,180.0,18.0,Midfielder,Attacking Midfielder,1r8teron8q7t2fvbdqsnq20pg,1r541mega6d838hi0p44sv0h2,RC Deportivo de A Coruña,Deportivo de A Coruña,Deportivo,DEP,568404,1r8teron8q7t2fvbdqsnq20pg,180,1r541mega6d838hi0p44sv0h2
Jonathan David,421821.0,2.0,98.0,2.0,1.72,0.28,8.0,5.0,25.0,0.22,Jonathan,David,2000-01-14,26.7,175.0,15.0,Forward,Striker,b8dd5q3n5irlkcv0ekzqhzc2x,4ku8o6uf87yd8iecdalipo6wd,Club Atlético de Madrid,Atlético de Madrid,Atlético,ATM,8.0,125.374,7.0,109.515,2.0,0.0,1.0,0.0,15.672,15.645,0.0,0.0,2.0,0.0,0.0,4.0,3.0,75.0,1.0,1.0,100.0,,,,,,,,,,421821.0,98.0,2.0,5.0,5.0,16.0,0.0,0.372,0.372,1.0,1.0,Jonathan,David,2000-01-14,26.7,175.0,15.0,Forward,Striker,b8dd5q3n5irlkcv0ekzqhzc2x,4ku8o6uf87yd8iecdalipo6wd,Club Atlético de Madrid,Atlético de Madrid,Atlético,ATM,421821.0,98.0,2.0,26.0,21.0,80.77,15.0,11.0,73.33,1.0,0.0,0.0,0.0,0.0,0.0,Jonathan,David,2000-01-14,26.7,175.0,15.0,Forward,Striker,b8dd5q3n5irlkcv0ekzqhzc2x,4ku8o6uf87yd8iecdalipo6wd,Club Atlético de Madrid,Atlético de Madrid,Atlético,ATM,421821,b8dd5q3n5irlkcv0ekzqhzc2x,175,4ku8o6uf87yd8iecdalipo6wd
Jonathan Dubasin,523079.0,6.0,232.0,0.0,1.0,-1.0,4.0,2.0,0.0,0.25,Jonathan,Dubasin,2000-02-02,26.64,450.0,21.0,Forward,Winger,2tij0t41eg4ffmhegkrg8c31m,2l0ldgiwsgb8d6y3z0sfgjzyj,CA Osasuna,Osasuna,Osasuna,OSA,24.0,234.739,11.0,89.04,0.0,0.0,0.0,0.0,9.781,8.095,3.0,4.0,14.0,1.0,1.0,23.0,6.0,26.087,5.0,3.0,60.0,,,,,,,,,,523079.0,232.0,6.0,2.0,2.0,1.98,0.0,0.168,0.168,0.0,0.0,Jonathan,Dubasin,2000-02-02,26.64,450.0,21.0,Forward,Winger,2tij0t41eg4ffmhegkrg8c31m,2l0ldgiwsgb8d6y3z0sfgjzyj,CA Osasuna,Osasuna,Osasuna,OSA,523079.0,232.0,6.0,105.0,85.0,80.95,46.0,32.0,69.57,3.0,1.0,33.33,0.0,0.0,0.0,Jonathan,Dubasin,2000-02-02,26.64,450.0,21.0,Forward,Winger,2tij0t41eg4ffmhegkrg8c31m,2l0ldgiwsgb8d6y3z0sfgjzyj,CA Osasuna,Osasuna,Osasuna,OSA,523079,2tij0t41eg4ffmhegkrg8c31m,450,2l0ldgiwsgb8d6y3z0sfgjzyj
Jones El Abdellaoui,566165.0,3.0,152.0,0.0,0.32,-0.32,3.0,1.0,0.0,0.11,Jones,El Abdellaoui,2006-01-12,20.7,176.0,39.0,Forward,Winger,530jf9kq6s7dqggz6how0lt04,6f27yvbqcngegwsg2ozxxdj4,Real Club Celta de Vigo,Celta de Vigo,Celta,CEL,25.0,309.092,18.0,219.555,2.0,0.0,0.0,0.0,12.364,12.198,0.0,0.0,5.0,0.0,2.0,9.0,2.0,22.222,1.0,1.0,100.0,,,,,,,,,,566165.0,152.0,3.0,0.0,0.0,0.0,0.0,0.038,0.038,0.0,0.0,Jones,El Abdellaoui,2006-01-12,20.7,176.0,39.0,Forward,Winger,530jf9kq6s7dqggz6how0lt04,6f27yvbqcngegwsg2ozxxdj4,Real Club Celta de Vigo,Celta de Vigo,Celta,CEL,566165.0,152.0,3.0,39.0,34.0,87.18,22.0,19.0,86.36,6.0,0.0,0.0,0.0,0.0,0.0,Jones,El Abdellaoui,2006-01-12,20.7,176.0,39.0,Forward,Winger,530jf9kq6s7dqggz6how0lt04,6f27yvbqcngegwsg2ozxxdj4,Real Club Celta de Vigo,Celta de Vigo,Celta,CEL,566165,530jf9kq6s7dqggz6how0lt04,176,6f27yvbqcngegwsg2ozxxdj4
Jonny Otto,114128.0,5.0,420.0,0.0,0.1,-0.1,2.0,1.0,0.0,0.05,Jonny,Otto,1994-03-03,32.57,173.0,17.0,Defender,Full Back,7wzwqegxhekjwq361dd2nidp1,4dtdjgnpdq9uw4sdutti0vaar,Deportivo Alavés,Alavés,Alavés,ALA,52.0,517.91,24.0,232.05,1.0,0.0,0.0,0.0,9.96,9.669,12.0,3.0,18.0,3.0,17.0,27.0,18.0,66.667,7.0,5.0,71.429,,,,,,,,,,114128.0,420.0,5.0,2.0,2.0,1.24,0.0,0.122,0.122,0.0,0.0,Jonny,Otto,1994-03-03,32.57,173.0,17.0,Defender,Full Back,7wzwqegxhekjwq361dd2nidp1,4dtdjgnpdq9uw4sdutti0vaar,Deportivo Alavés,Alavés,Alavés,ALA,114128.0,420.0,5.0,168.0,146.0,86.9,39.0,28.0,71.79,3.0,2.0,66.67,0.0,0.0,0.0,Jonny,Otto,1994-03-03,32.57,173.0,17.0,Defender,Full Back,7wzwqegxhekjwq361dd2nidp1,4dtdjgnpdq9uw4sdutti0vaar,Deportivo Alavés,Alavés,Alavés,ALA,114128,7wzwqegxhekjwq361dd2nidp1,173,4dtdjgnpdq9uw4sdutti0vaar
Jordi Pesquer,723493.0,0.0,0.0,0.0,0.0,0.0,0.0,0.0,0.0,0.0,Jordi,Pesquer,2009-01-26,17.65,178.0,33.0,Defender,0,723493,agh9ifb2mw3ivjusgedj7c3fe,FC Barcelona,Barcelona,Barcelona,BAR,0.0,0.0,0.0,0.0,0.0,0.0,0.0,0.0,0.0,0.0,0.0,0.0,0.0,0.0,0.0,0.0,0.0,0.0,0.0,0.0,0.0,,,,,,,,,,723493.0,0.0,0.0,0.0,0.0,0.0,0.0,0.0,0.0,0.0,0.0,Jordi,Pesquer,2009-01-26,17.65,178.0,33.0,Defender,0,723493,agh9ifb2mw3ivjusgedj7c3fe,FC Barcelona,Barcelona,Barcelona,BAR,723493.0,0.0,0.0,0.0,0.0,0.0,0.0,0.0,0.0,0.0,0.0,0.0,0.0,0.0,0.0,Jordi,Pesquer,2009-01-26,17.65,178.0,33.0,Defender,0,723493,agh9ifb2mw3ivjusgedj7c3fe,FC Barcelona,Barcelona,Barcelona,BAR,723493,723493,178,agh9ifb2mw3ivjusgedj7c3fe
Jorge Cabello,648762.0,0.0,0.0,0.0,0.0,0.0,0.0,0.0,0.0,0.0,Jorge,Cabello,2004-04-25,22.41,855.0,14.0,Defender,Full Back,648762,4grc9qgcvusllap8h5j6gc5h5,Levante UD,Levante,Levante,LEV,0.0,0.0,0.0,0.0,0.0,0.0,0.0,0.0,0.0,0.0,0.0,0.0,0.0,0.0,0.0,0.0,0.0,0.0,0.0,0.0,0.0,,,,,,,,,,648762.0,0.0,0.0,0.0,0.0,0.0,0.0,0.0,0.0,0.0,0.0,Jorge,Cabello,2004-04-25,22.41,855.0,14.0,Defender,Full Back,648762,4grc9qgcvusllap8h5j6gc5h5,Levante UD,Levante,Levante,LEV,648762.0,0.0,0.0,0.0,0.0,0.0,0.0,0.0,0.0,0.0,0.0,0.0,0.0,0.0,0.0,Jorge,Cabello,2004-04-25,22.41,855.0,14.0,Defender,Full Back,648762,4grc9qgcvusllap8h5j6gc5h5,Levante UD,Levante,Levante,LEV,648762,648762,855,4grc9qgcvusllap8h5j6gc5h5
Jorge Castellanos,621929.0,0.0,0.0,0.0,0.0,0.0,0.0,0.0,0.0,0.0,Jorge,Castellanos,2005-10-05,20.97,189.0,33.0,Midfielder,Attacking Midfielder,621929,bzkwzatvwahmbzok1ymm5vqa1,Real Racing Club,Racing de Santander,Santander,RAC,0.0,0.0,0.0,0.0,0.0,0.0,0.0,0.0,0.0,0.0,0.0,0.0,0.0,0.0,0.0,0.0,0.0,0.0,0.0,0.0,0.0,,,,,,,,,,621929.0,0.0,0.0,0.0,0.0,0.0,0.0,0.0,0.0,0.0,0.0,Jorge,Castellanos,2005-10-05,20.97,189.0,33.0,Midfielder,Attacking Midfielder,621929,bzkwzatvwahmbzok1ymm5vqa1,Real Racing Club,Racing de Santander,Santander,RAC,621929.0,0.0,0.0,0.0,0.0,0.0,0.0,0.0,0.0,0.0,0.0,0.0,0.0,0.0,0.0,Jorge,Castellanos,2005-10-05,20.97,189.0,33.0,Midfielder,Attacking Midfielder,621929,bzkwzatvwahmbzok1ymm5vqa1,Real Racing Club,Racing de Santander,Santander,RAC,621929,621929,189,bzkwzatvwahmbzok1ymm5vqa1
Jorge Castillo,593184.0,0.0,0.0,0.0,0.0,0.0,0.0,0.0,0.0,0.0,Jorge,Castillo,2006-05-23,20.34,175.0,46.0,Midfielder,Central Midfielder,593184,4ku8o6uf87yd8iecdalipo6wd,Club Atlético de Madrid,Atlético de Madrid,Atlético,ATM,0.0,0.0,0.0,0.0,0.0,0.0,0.0,0.0,0.0,0.0,0.0,0.0,0.0,0.0,0.0,0.0,0.0,0.0,0.0,0.0,0.0,,,,,,,,,,593184.0,0.0,0.0,0.0,0.0,0.0,0.0,0.0,0.0,0.0,0.0,Jorge,Castillo,2006-05-23,20.34,175.0,46.0,Midfielder,Central Midfielder,593184,4ku8o6uf87yd8iecdalipo6wd,Club Atlético de Madrid,Atlético de Madrid,Atlético,ATM,593184.0,0.0,0.0,0.0,0.0,0.0,0.0,0.0,0.0,0.0,0.0,0.0,0.0,0.0,0.0,Jorge,Castillo,2006-05-23,20.34,175.0,46.0,Midfielder,Central Midfielder,593184,4ku8o6uf87yd8iecdalipo6wd,Club Atlético de Madrid,Atlético de Madrid,Atlético,ATM,593184,593184,175,4ku8o6uf87yd8iecdalipo6wd
Jorge Domínguez,710911.0,1.0,45.0,0.0,0.0,0.0,0.0,0.0,0.0,0.0,Jorge,Domínguez,2009-12-21,16.75,175.0,27.0,Defender,Defensive Midfielder,bpvssqgmn2yjnpjqckipenmz8,4ku8o6uf87yd8iecdalipo6wd,Club Atlético de Madrid,Atlético de Madrid,Atlético,ATM,6.0,56.084,3.0,24.045,0.0,0.0,0.0,0.0,9.347,8.015,2.0,0.0,0.0,1.0,0.0,7.0,2.0,28.571,2.0,1.0,50.0,,,,,,,,,,710911.0,45.0,1.0,0.0,0.0,0.0,0.0,0.007,0.007,0.0,0.0,Jorge,Domínguez,2009-12-21,16.75,175.0,27.0,Defender,Defensive Midfielder,bpvssqgmn2yjnpjqckipenmz8,4ku8o6uf87yd8iecdalipo6wd,Club Atlético de Madrid,Atlético de Madrid,Atlético,ATM,710911.0,45.0,1.0,13.0,13.0,100.0,5.0,5.0,100.0,1.0,0.0,0.0,0.0,0.0,0.0,Jorge,Domínguez,2009-12-21,16.75,175.0,27.0,Defender,Defensive Midfielder,bpvssqgmn2yjnpjqckipenmz8,4ku8o6uf87yd8iecdalipo6wd,Club Atlético de Madrid,Atlético de Madrid,Atlético,ATM,710911,bpvssqgmn2yjnpjqckipenmz8,175,4ku8o6uf87yd8iecdalipo6wd
Jorge Herrando,463784.0,3.0,187.0,0.0,0.2,-0.2,2.0,2.0,0.0,0.1,Jorge,Herrando,2001-02-28,25.57,450.0,5.0,Defender,Central Defender,5b9awsil5bgqrsc13xsoj35nu,2l0ldgiwsgb8d6y3z0sfgjzyj,CA Osasuna,Osasuna,Osasuna,OSA,23.0,217.572,11.0,76.23,0.0,0.0,0.0,0.0,9.46,6.93,1.0,3.0,5.0,0.0,10.0,8.0,4.0,50.0,5.0,4.0,80.0,,,,,,,,,,463784.0,187.0,3.0,0.0,0.0,0.0,0.0,0.01,0.01,0.0,0.0,Jorge,Herrando,2001-02-28,25.57,450.0,5.0,Defender,Central Defender,5b9awsil5bgqrsc13xsoj35nu,2l0ldgiwsgb8d6y3z0sfgjzyj,CA Osasuna,Osasuna,Osasuna,OSA,463784.0,187.0,3.0,112.0,94.0,83.93,11.0,5.0,45.45,0.0,0.0,0.0,0.0,0.0,0.0,Jorge,Herrando,2001-02-28,25.57,450.0,5.0,Defender,Central Defender,5b9awsil5bgqrsc13xsoj35nu,2l0ldgiwsgb8d6y3z0sfgjzyj,CA Osasuna,Osasuna,Osasuna,OSA,463784,5b9awsil5bgqrsc13xsoj35nu,450,2l0ldgiwsgb8d6y3z0sfgjzyj
Jorge Salinas,658061.0,6.0,454.0,0.0,0.21,-0.21,1.0,1.0,0.0,0.21,Jorge,Salinas,2007-04-03,19.47,189.0,17.0,Defender,Full Back,2wnh8btu5jzvcybtp9sy6frbo,bzkwzatvwahmbzok1ymm5vqa1,Real Racing Club,Racing de Santander,Santander,RAC,37.0,371.604,20.0,152.46,0.0,0.0,0.0,0.0,10.043,7.623,20.0,9.0,21.0,2.0,27.0,48.0,29.0,60.417,16.0,11.0,68.75,,,,,,,,,,658061.0,454.0,6.0,3.0,3.0,1.31,0.0,0.994,0.993,1.0,1.0,Jorge,Salinas,2007-04-03,19.47,189.0,17.0,Defender,Full Back,2wnh8btu5jzvcybtp9sy6frbo,bzkwzatvwahmbzok1ymm5vqa1,Real Racing Club,Racing de Santander,Santander,RAC,658061.0,454.0,6.0,158.0,119.0,75.32,37.0,31.0,83.78,6.0,1.0,16.67,0.0,0.0,0.0,Jorge,Salinas,2007-04-03,19.47,189.0,17.0,Defender,Full Back,2wnh8btu5jzvcybtp9sy6frbo,bzkwzatvwahmbzok1ymm5vqa1,Real Racing Club,Racing de Santander,Santander,RAC,658061,2wnh8btu5jzvcybtp9sy6frbo,189,bzkwzatvwahmbzok1ymm5vqa1
Jorge de Frutos,241153.0,4.0,302.0,0.0,0.07,-0.07,1.0,1.0,0.0,0.07,Jorge,de Frutos,1997-02-20,29.59,184.0,19.0,Forward,Winger,c157xhi78x9cykn7xz816bjd,3budh3j9xivsid3ptm8ptpy4k,Rayo Vallecano de Madrid,Rayo Vallecano,Rayo,RAY,22.0,285.346,15.0,191.31,0.0,0.0,0.0,0.0,12.97,12.754,9.0,0.0,12.0,0.0,2.0,37.0,17.0,45.946,7.0,3.0,42.857,,,,,,,,,,241153.0,302.0,4.0,1.0,1.0,0.0,0.0,0.047,0.046,1.0,1.0,Jorge,de Frutos,1997-02-20,29.59,184.0,19.0,Forward,Winger,c157xhi78x9cykn7xz816bjd,3budh3j9xivsid3ptm8ptpy4k,Rayo Vallecano de Madrid,Rayo Vallecano,Rayo,RAY,241153.0,302.0,4.0,50.0,37.0,74.0,20.0,13.0,65.0,8.0,1.0,12.5,0.0,0.0,0.0,Jorge,de Frutos,1997-02-20,29.59,184.0,19.0,Forward,Winger,c157xhi78x9cykn7xz816bjd,3budh3j9xivsid3ptm8ptpy4k,Rayo Vallecano de Madrid,Rayo Vallecano,Rayo,RAY,241153,c157xhi78x9cykn7xz816bjd,184,3budh3j9xivsid3ptm8ptpy4k
Josan,199195.0,3.0,25.0,0.0,0.0,0.0,0.0,0.0,0.0,0.0,José Antonio,Ferrández Pomares,1989-12-03,36.82,954.0,17.0,Midfielder,Winger,ac5f9msbvijksbq5s2ivwh979,4yg9ttzw0m51048doksv8uq5r,Elche CF,Elche,Elche,ELC,12.0,143.205,7.0,78.33,0.0,0.0,0.0,0.0,11.934,11.19,0.0,0.0,0.0,0.0,0.0,5.0,2.0,40.0,0.0,0.0,0.0,,,,,,,,,,199195.0,25.0,3.0,5.0,4.0,18.75,20.0,0.611,0.608,1.0,1.0,José Antonio,Ferrández Pomares,1989-12-03,36.82,954.0,17.0,Midfielder,Winger,ac5f9msbvijksbq5s2ivwh979,4yg9ttzw0m51048doksv8uq5r,Elche CF,Elche,Elche,ELC,199195.0,25.0,3.0,18.0,15.0,83.33,9.0,6.0,66.67,11.0,4.0,36.36,0.0,0.0,0.0,José Antonio,Ferrández Pomares,1989-12-03,36.82,954.0,17.0,Midfielder,Winger,ac5f9msbvijksbq5s2ivwh979,4yg9ttzw0m51048doksv8uq5r,Elche CF,Elche,Elche,ELC,199195,ac5f9msbvijksbq5s2ivwh979,954,4yg9ttzw0m51048doksv8uq5r
Joselu Pérez,619893.0,1.0,6.0,0.0,0.0,0.0,0.0,0.0,0.0,0.0,José Luis,Pérez del Amo,2004-03-12,22.53,1450.0,32.0,Forward,Striker,2tm16w51ewqjgabmx93rettsk,1n1j0wsl763lq7ee1k0c11c02,Getafe CF,Getafe,Getafe,GET,1.0,10.877,0.0,-2.94,0.0,0.0,0.0,0.0,10.877,0.0,0.0,0.0,0.0,0.0,0.0,1.0,0.0,0.0,1.0,0.0,0.0,,,,,,,,,,619893.0,6.0,1.0,0.0,0.0,0.0,0.0,0.0,0.0,0.0,0.0,José Luis,Pérez del Amo,2004-03-12,22.53,1450.0,32.0,Forward,Striker,2tm16w51ewqjgabmx93rettsk,1n1j0wsl763lq7ee1k0c11c02,Getafe CF,Getafe,Getafe,GET,619893.0,6.0,1.0,3.0,2.0,66.67,1.0,0.0,0.0,0.0,0.0,0.0,0.0,0.0,0.0,José Luis,Pérez del Amo,2004-03-12,22.53,1450.0,32.0,Forward,Striker,2tm16w51ewqjgabmx93rettsk,1n1j0wsl763lq7ee1k0c11c02,Getafe CF,Getafe,Getafe,GET,619893,2tm16w51ewqjgabmx93rettsk,1450,1n1j0wsl763lq7ee1k0c11c02
Joseph Otu,746342.0,0.0,0.0,0.0,0.0,0.0,0.0,0.0,0.0,0.0,Joseph,Otu,2005-06-27,21.24,182.0,28.0,Midfielder,0,746342,7012hpp3p5vg4fzyn3h0yvf09,Málaga CF,Málaga,Málaga,MAL,0.0,0.0,0.0,0.0,0.0,0.0,0.0,0.0,0.0,0.0,0.0,0.0,0.0,0.0,0.0,0.0,0.0,0.0,0.0,0.0,0.0,,,,,,,,,,746342.0,0.0,0.0,0.0,0.0,0.0,0.0,0.0,0.0,0.0,0.0,Joseph,Otu,2005-06-27,21.24,182.0,28.0,Midfielder,0,746342,7012hpp3p5vg4fzyn3h0yvf09,Málaga CF,Málaga,Málaga,MAL,746342.0,0.0,0.0,0.0,0.0,0.0,0.0,0.0,0.0,0.0,0.0,0.0,0.0,0.0,0.0,Joseph,Otu,2005-06-27,21.24,182.0,28.0,Midfielder,0,746342,7012hpp3p5vg4fzyn3h0yvf09,Málaga CF,Málaga,Málaga,MAL,746342,746342,182,7012hpp3p5vg4fzyn3h0yvf09
José Antonio Morante,680523.0,0.0,0.0,0.0,0.0,0.0,0.0,0.0,0.0,0.0,José Antonio,Morante,2007-06-28,19.24,185.0,27.0,Forward,Winger,680523,ah8dala7suqqkj04n2l8xz4zd,Real Betis Balompié,Real Betis,Betis,BET,0.0,0.0,0.0,0.0,0.0,0.0,0.0,0.0,0.0,0.0,0.0,0.0,0.0,0.0,0.0,0.0,0.0,0.0,0.0,0.0,0.0,,,,,,,,,,680523.0,0.0,0.0,0.0,0.0,0.0,0.0,0.0,0.0,0.0,0.0,José Antonio,Morante,2007-06-28,19.24,185.0,27.0,Forward,Winger,680523,ah8dala7suqqkj04n2l8xz4zd,Real Betis Balompié,Real Betis,Betis,BET,680523.0,0.0,0.0,0.0,0.0,0.0,0.0,0.0,0.0,0.0,0.0,0.0,0.0,0.0,0.0,José Antonio,Morante,2007-06-28,19.24,185.0,27.0,Forward,Winger,680523,ah8dala7suqqkj04n2l8xz4zd,Real Betis Balompié,Real Betis,Betis,BET,680523,680523,185,ah8dala7suqqkj04n2l8xz4zd
José Gayà,132105.0,4.0,278.0,0.0,0.0,0.0,0.0,0.0,0.0,0.0,José,Gayà,1995-05-25,31.34,191.0,14.0,Defender,Full Back,5b1q9bpe23j98eoy4fwi7ld5h,ba5e91hjacvma2sjvixn00pjo,Valencia CF,Valencia,Valencia,VAL,29.0,267.513,13.0,74.025,0.0,0.0,0.0,0.0,9.225,5.694,13.0,0.0,14.0,0.0,11.0,30.0,19.0,63.333,4.0,1.0,25.0,,,,,,,,,,132105.0,278.0,4.0,1.0,1.0,0.82,0.0,0.028,0.026,0.0,0.0,José,Gayà,1995-05-25,31.34,191.0,14.0,Defender,Full Back,5b1q9bpe23j98eoy4fwi7ld5h,ba5e91hjacvma2sjvixn00pjo,Valencia CF,Valencia,Valencia,VAL,132105.0,278.0,4.0,123.0,108.0,87.8,16.0,13.0,81.25,7.0,2.0,28.57,0.0,0.0,0.0,José,Gayà,1995-05-25,31.34,191.0,14.0,Defender,Full Back,5b1q9bpe23j98eoy4fwi7ld5h,ba5e91hjacvma2sjvixn00pjo,Valencia CF,Valencia,Valencia,VAL,132105,5b1q9bpe23j98eoy4fwi7ld5h,191,ba5e91hjacvma2sjvixn00pjo
José María Giménez,151883.0,5.0,274.0,0.0,0.12,-0.12,2.0,0.0,0.0,0.06,José María,Giménez,1995-01-20,31.68,180.0,20.0,Defender,Central Defender,548jzfl9higq44w9bgqvcjh05,1r541mega6d838hi0p44sv0h2,RC Deportivo de A Coruña,Deportivo de A Coruña,Deportivo,DEP,56.0,546.243,27.0,248.64,0.0,0.0,1.0,0.0,9.754,9.209,2.0,4.0,3.0,2.0,23.0,9.0,2.0,22.222,14.0,9.0,64.286,,,,,,,,,,151883.0,274.0,5.0,1.0,1.0,0.57,0.0,0.035,0.035,0.0,0.0,José María,Giménez,1995-01-20,31.68,180.0,20.0,Defender,Central Defender,548jzfl9higq44w9bgqvcjh05,1r541mega6d838hi0p44sv0h2,RC Deportivo de A Coruña,Deportivo de A Coruña,Deportivo,DEP,151883.0,274.0,5.0,201.0,181.0,90.05,22.0,16.0,72.73,0.0,0.0,0.0,0.0,0.0,0.0,José María,Giménez,1995-01-20,31.68,180.0,20.0,Defender,Central Defender,548jzfl9higq44w9bgqvcjh05,1r541mega6d838hi0p44sv0h2,RC Deportivo de A Coruña,Deportivo de A Coruña,Deportivo,DEP,151883,548jzfl9higq44w9bgqvcjh05,180,1r541mega6d838hi0p44sv0h2
José Salinas,515611.0,5.0,270.0,0.0,0.0,0.0,0.0,0.0,0.0,0.0,José,Salinas,2000-09-30,25.98,182.0,12.0,Defender,Full Back,3ghychnf02zs5pmw2s0ds3p7u,7012hpp3p5vg4fzyn3h0yvf09,Málaga CF,Málaga,Málaga,MAL,31.0,421.602,13.0,158.445,0.0,0.0,1.0,0.0,13.6,12.188,7.0,4.0,7.0,2.0,7.0,21.0,11.0,52.381,4.0,3.0,75.0,,,,,,,,,,515611.0,270.0,5.0,1.0,1.0,0.81,0.0,0.029,0.029,0.0,0.0,José,Salinas,2000-09-30,25.98,182.0,12.0,Defender,Full Back,3ghychnf02zs5pmw2s0ds3p7u,7012hpp3p5vg4fzyn3h0yvf09,Málaga CF,Málaga,Málaga,MAL,515611.0,270.0,5.0,126.0,112.0,88.89,21.0,19.0,90.48,0.0,0.0,0.0,0.0,0.0,0.0,José,Salinas,2000-09-30,25.98,182.0,12.0,Defender,Full Back,3ghychnf02zs5pmw2s0ds3p7u,7012hpp3p5vg4fzyn3h0yvf09,Málaga CF,Málaga,Málaga,MAL,515611,3ghychnf02zs5pmw2s0ds3p7u,182,7012hpp3p5vg4fzyn3h0yvf09
José Ángel,623680.0,0.0,0.0,0.0,0.0,0.0,0.0,0.0,0.0,0.0,José Ángel,López Gálvez,2006-03-24,20.5,177.0,32.0,Defender,Full Back,623680,c8llrezkm3b3op4afrou6b487,Reial Club Deportiu Espanyol de Barcelona,Espanyol,Espanyol,ESP,0.0,0.0,0.0,0.0,0.0,0.0,0.0,0.0,0.0,0.0,0.0,0.0,0.0,0.0,0.0,0.0,0.0,0.0,0.0,0.0,0.0,,,,,,,,,,623680.0,0.0,0.0,0.0,0.0,0.0,0.0,0.0,0.0,0.0,0.0,José Ángel,López Gálvez,2006-03-24,20.5,177.0,32.0,Defender,Full Back,623680,c8llrezkm3b3op4afrou6b487,Reial Club Deportiu Espanyol de Barcelona,Espanyol,Espanyol,ESP,623680.0,0.0,0.0,0.0,0.0,0.0,0.0,0.0,0.0,0.0,0.0,0.0,0.0,0.0,0.0,José Ángel,López Gálvez,2006-03-24,20.5,177.0,32.0,Defender,Full Back,623680,c8llrezkm3b3op4afrou6b487,Reial Club Deportiu Espanyol de Barcelona,Espanyol,Espanyol,ESP,623680,623680,177,c8llrezkm3b3op4afrou6b487
José Ángel Carmona,545998.0,2.0,41.0,0.0,0.0,0.0,0.0,0.0,0.0,0.0,José Ángel,Carmona,2002-01-29,24.65,179.0,22.0,Defender,Full Back,6jq376l673aizjxxhhos2j52i,10eyb18v5puw4ez03ocaug09m,Sevilla FC,Sevilla,Sevilla,SEV,2.0,55.919,1.0,30.765,0.0,0.0,0.0,0.0,27.96,30.765,0.0,1.0,1.0,0.0,1.0,5.0,2.0,40.0,0.0,0.0,0.0,,,,,,,,,,545998.0,41.0,2.0,1.0,0.0,0.0,100.0,0.03,0.0,0.0,0.0,José Ángel,Carmona,2002-01-29,24.65,179.0,22.0,Defender,Full Back,6jq376l673aizjxxhhos2j52i,10eyb18v5puw4ez03ocaug09m,Sevilla FC,Sevilla,Sevilla,SEV,545998.0,41.0,2.0,7.0,2.0,28.57,2.0,0.0,0.0,0.0,0.0,0.0,0.0,0.0,0.0,José Ángel,Carmona,2002-01-29,24.65,179.0,22.0,Defender,Full Back,6jq376l673aizjxxhhos2j52i,10eyb18v5puw4ez03ocaug09m,Sevilla FC,Sevilla,Sevilla,SEV,545998,6jq376l673aizjxxhhos2j52i,179,10eyb18v5puw4ez03ocaug09m
Jozhua Vertrouwd,538671.0,2.0,122.0,0.0,0.0,0.0,0.0,0.0,0.0,0.0,Jozhua,Vertrouwd,2004-08-21,22.09,184.0,33.0,Defender,Central Defender,asvxbmdd5j5tlz2fo1jpcrrx0,3budh3j9xivsid3ptm8ptpy4k,Rayo Vallecano de Madrid,Rayo Vallecano,Rayo,RAY,8.0,91.041,5.0,63.315,0.0,0.0,0.0,0.0,11.38,12.663,2.0,0.0,5.0,1.0,3.0,8.0,3.0,37.5,0.0,0.0,0.0,,,,,,,,,,538671.0,122.0,2.0,0.0,0.0,0.0,0.0,0.006,0.006,0.0,0.0,Jozhua,Vertrouwd,2004-08-21,22.09,184.0,33.0,Defender,Central Defender,asvxbmdd5j5tlz2fo1jpcrrx0,3budh3j9xivsid3ptm8ptpy4k,Rayo Vallecano de Madrid,Rayo Vallecano,Rayo,RAY,538671.0,122.0,2.0,36.0,31.0,86.11,9.0,6.0,66.67,0.0,0.0,0.0,0.0,0.0,0.0,Jozhua,Vertrouwd,2004-08-21,22.09,184.0,33.0,Defender,Central Defender,asvxbmdd5j5tlz2fo1jpcrrx0,3budh3j9xivsid3ptm8ptpy4k,Rayo Vallecano de Madrid,Rayo Vallecano,Rayo,RAY,538671,asvxbmdd5j5tlz2fo1jpcrrx0,184,3budh3j9xivsid3ptm8ptpy4k
João Cancelo,121145.0,5.0,116.0,1.0,0.11,0.89,4.0,1.0,25.0,0.03,João Pedro,Cavaco Cancelo,1994-05-27,32.33,178.0,2.0,Defender,Full Back,29pq64smaxdwlraopnxoleqxh,agh9ifb2mw3ivjusgedj7c3fe,FC Barcelona,Barcelona,Barcelona,BAR,32.0,356.165,17.0,232.365,1.0,0.0,0.0,0.0,11.13,13.669,1.0,2.0,4.0,0.0,2.0,10.0,3.0,30.0,2.0,1.0,50.0,,,,,,,,,,121145.0,116.0,5.0,1.0,1.0,0.98,0.0,0.077,0.076,0.0,0.0,João Pedro,Cavaco Cancelo,1994-05-27,32.33,178.0,2.0,Defender,Full Back,29pq64smaxdwlraopnxoleqxh,agh9ifb2mw3ivjusgedj7c3fe,FC Barcelona,Barcelona,Barcelona,BAR,121145.0,116.0,5.0,103.0,89.0,86.41,43.0,36.0,83.72,6.0,0.0,0.0,0.0,0.0,0.0,João Pedro,Cavaco Cancelo,1994-05-27,32.33,178.0,2.0,Defender,Full Back,29pq64smaxdwlraopnxoleqxh,agh9ifb2mw3ivjusgedj7c3fe,FC Barcelona,Barcelona,Barcelona,BAR,121145,29pq64smaxdwlraopnxoleqxh,178,agh9ifb2mw3ivjusgedj7c3fe
Juan Berrocal,433632.0,1.0,3.0,0.0,0.0,0.0,0.0,0.0,0.0,0.0,Juan,Berrocal,1999-02-05,27.64,182.0,25.0,Defender,Central Defender,bdaxbuz59551ktjj7g31slfc9,7012hpp3p5vg4fzyn3h0yvf09,Málaga CF,Málaga,Málaga,MAL,1.0,13.145,0.0,-0.735,0.0,0.0,0.0,0.0,13.145,0.0,0.0,0.0,0.0,0.0,0.0,0.0,0.0,0.0,0.0,0.0,0.0,,,,,,,,,,433632.0,3.0,1.0,0.0,0.0,0.0,0.0,0.0,0.0,0.0,0.0,Juan,Berrocal,1999-02-05,27.64,182.0,25.0,Defender,Central Defender,bdaxbuz59551ktjj7g31slfc9,7012hpp3p5vg4fzyn3h0yvf09,Málaga CF,Málaga,Málaga,MAL,433632.0,3.0,1.0,1.0,1.0,100.0,0.0,0.0,0.0,0.0,0.0,0.0,0.0,0.0,0.0,Juan,Berrocal,1999-02-05,27.64,182.0,25.0,Defender,Central Defender,bdaxbuz59551ktjj7g31slfc9,7012hpp3p5vg4fzyn3h0yvf09,Málaga CF,Málaga,Málaga,MAL,433632,bdaxbuz59551ktjj7g31slfc9,182,7012hpp3p5vg4fzyn3h0yvf09
Juan Carlos Arana,553751.0,3.0,62.0,0.0,0.38,-0.38,1.0,0.0,0.0,0.38,Juan Carlos,Arana,2000-02-08,26.63,189.0,9.0,Forward,Striker,2x4hjas6370jgze21paqzpboq,bzkwzatvwahmbzok1ymm5vqa1,Real Racing Club,Racing de Santander,Santander,RAC,4.0,41.139,2.0,23.52,0.0,0.0,0.0,0.0,10.285,11.76,1.0,1.0,2.0,0.0,0.0,6.0,2.0,33.333,0.0,0.0,0.0,,,,,,,,,,553751.0,62.0,3.0,0.0,0.0,0.0,0.0,0.001,0.001,0.0,0.0,Juan Carlos,Arana,2000-02-08,26.63,189.0,9.0,Forward,Striker,2x4hjas6370jgze21paqzpboq,bzkwzatvwahmbzok1ymm5vqa1,Real Racing Club,Racing de Santander,Santander,RAC,553751.0,62.0,3.0,15.0,11.0,73.33,1.0,0.0,0.0,0.0,0.0,0.0,0.0,0.0,0.0,Juan Carlos,Arana,2000-02-08,26.63,189.0,9.0,Forward,Striker,2x4hjas6370jgze21paqzpboq,bzkwzatvwahmbzok1ymm5vqa1,Real Racing Club,Racing de Santander,Santander,RAC,553751,2x4hjas6370jgze21paqzpboq,189,bzkwzatvwahmbzok1ymm5vqa1
Juan Cruz,451281.0,6.0,241.0,0.0,0.04,-0.04,2.0,0.0,0.0,0.02,Juan,Cruz,2000-04-25,26.42,182.0,19.0,Midfielder,0,4jjk6jqgz3w4uvm3bvhl9t016,7012hpp3p5vg4fzyn3h0yvf09,Málaga CF,Málaga,Málaga,MAL,23.0,294.333,14.0,169.995,2.0,0.0,1.0,1.0,12.797,12.142,6.0,0.0,8.0,0.0,1.0,16.0,9.0,56.25,1.0,1.0,100.0,,,,,,,,,,451281.0,241.0,6.0,1.0,1.0,0.0,0.0,0.115,0.112,1.0,1.0,Juan,Cruz,2000-04-25,26.42,182.0,19.0,Midfielder,0,4jjk6jqgz3w4uvm3bvhl9t016,7012hpp3p5vg4fzyn3h0yvf09,Málaga CF,Málaga,Málaga,MAL,451281.0,241.0,6.0,69.0,58.0,84.06,26.0,22.0,84.62,7.0,2.0,28.57,0.0,0.0,0.0,Juan,Cruz,2000-04-25,26.42,182.0,19.0,Midfielder,0,4jjk6jqgz3w4uvm3bvhl9t016,7012hpp3p5vg4fzyn3h0yvf09,Málaga CF,Málaga,Málaga,MAL,451281,4jjk6jqgz3w4uvm3bvhl9t016,182,7012hpp3p5vg4fzyn3h0yvf09
Juan Foyth,234908.0,3.0,270.0,0.0,0.32,-0.32,4.0,1.0,0.0,0.08,Juan,Foyth,1998-01-12,28.7,449.0,8.0,Defender,Full Back,5soi8e2hlk77rlsbsl76hg3xl,74mcjsm72vr3l9pw2i4qfjchj,Villarreal CF,Villarreal,Villarreal,VIL,55.0,530.472,32.0,303.45,1.0,0.0,0.0,0.0,9.645,9.483,6.0,7.0,18.0,7.0,16.0,12.0,8.0,66.667,13.0,9.0,69.231,,,,,,,,,,234908.0,270.0,3.0,1.0,1.0,0.47,0.0,0.347,0.345,0.0,0.0,Juan,Foyth,1998-01-12,28.7,449.0,8.0,Defender,Full Back,5soi8e2hlk77rlsbsl76hg3xl,74mcjsm72vr3l9pw2i4qfjchj,Villarreal CF,Villarreal,Villarreal,VIL,234908.0,270.0,3.0,231.0,213.0,92.21,39.0,31.0,79.49,0.0,0.0,0.0,0.0,0.0,0.0,Juan,Foyth,1998-01-12,28.7,449.0,8.0,Defender,Full Back,5soi8e2hlk77rlsbsl76hg3xl,74mcjsm72vr3l9pw2i4qfjchj,Villarreal CF,Villarreal,Villarreal,VIL,234908,5soi8e2hlk77rlsbsl76hg3xl,449,74mcjsm72vr3l9pw2i4qfjchj
Juan Iglesias,464283.0,6.0,540.0,1.0,0.42,0.58,4.0,3.0,25.0,0.11,Juan,Iglesias,1998-07-03,28.23,179.0,2.0,Defender,Full Back,5lzbyj5i0cotpry4gneap8c89,10eyb18v5puw4ez03ocaug09m,Sevilla FC,Sevilla,Sevilla,SEV,40.0,443.785,19.0,172.095,0.0,0.0,1.0,0.0,11.095,9.058,12.0,5.0,18.0,1.0,24.0,44.0,27.0,61.364,11.0,6.0,54.545,,,,,,,,,,464283.0,540.0,6.0,2.0,2.0,1.21,0.0,0.198,0.165,0.0,0.0,Juan,Iglesias,1998-07-03,28.23,179.0,2.0,Defender,Full Back,5lzbyj5i0cotpry4gneap8c89,10eyb18v5puw4ez03ocaug09m,Sevilla FC,Sevilla,Sevilla,SEV,464283.0,540.0,6.0,178.0,126.0,70.79,81.0,42.0,51.85,17.0,3.0,17.65,0.0,0.0,0.0,Juan,Iglesias,1998-07-03,28.23,179.0,2.0,Defender,Full Back,5lzbyj5i0cotpry4gneap8c89,10eyb18v5puw4ez03ocaug09m,Sevilla FC,Sevilla,Sevilla,SEV,464283,5lzbyj5i0cotpry4gneap8c89,179,10eyb18v5puw4ez03ocaug09m
Juani,706221.0,0.0,0.0,0.0,0.0,0.0,0.0,0.0,0.0,0.0,Juan Francisco,Fernández Martin,2007-01-17,19.68,182.0,32.0,Forward,0,706221,7012hpp3p5vg4fzyn3h0yvf09,Málaga CF,Málaga,Málaga,MAL,0.0,0.0,0.0,0.0,0.0,0.0,0.0,0.0,0.0,0.0,0.0,0.0,0.0,0.0,0.0,0.0,0.0,0.0,0.0,0.0,0.0,,,,,,,,,,706221.0,0.0,0.0,0.0,0.0,0.0,0.0,0.0,0.0,0.0,0.0,Juan Francisco,Fernández Martin,2007-01-17,19.68,182.0,32.0,Forward,0,706221,7012hpp3p5vg4fzyn3h0yvf09,Málaga CF,Málaga,Málaga,MAL,706221.0,0.0,0.0,0.0,0.0,0.0,0.0,0.0,0.0,0.0,0.0,0.0,0.0,0.0,0.0,Juan Francisco,Fernández Martin,2007-01-17,19.68,182.0,32.0,Forward,0,706221,7012hpp3p5vg4fzyn3h0yvf09,Málaga CF,Málaga,Málaga,MAL,706221,706221,182,7012hpp3p5vg4fzyn3h0yvf09
Jude Bellingham,244855.0,6.0,447.0,3.0,1.26,1.74,16.0,7.0,18.75,0.08,Jude,Bellingham,2003-06-29,23.24,186.0,5.0,Midfielder,Central Midfielder,e83ula4wockmc2xid7185kcq2,3kq9cckrnlogidldtdie2fkbl,Real Madrid CF,Real Madrid,Real Madrid,RMA,112.0,1305.171,51.0,565.11,7.0,1.0,3.0,1.0,11.653,11.081,8.0,2.0,21.0,1.0,4.0,65.0,38.0,58.462,7.0,3.0,42.857,,,,,,,,,,244855.0,447.0,6.0,13.0,12.0,4.74,0.0,1.44,1.44,2.0,2.0,Jude,Bellingham,2003-06-29,23.24,186.0,5.0,Midfielder,Central Midfielder,e83ula4wockmc2xid7185kcq2,3kq9cckrnlogidldtdie2fkbl,Real Madrid CF,Real Madrid,Real Madrid,RMA,244855.0,447.0,6.0,215.0,196.0,91.16,95.0,80.0,84.21,2.0,0.0,0.0,5.0,4.0,80.0,Jude,Bellingham,2003-06-29,23.24,186.0,5.0,Midfielder,Central Midfielder,e83ula4wockmc2xid7185kcq2,3kq9cckrnlogidldtdie2fkbl,Real Madrid CF,Real Madrid,Real Madrid,RMA,244855,e83ula4wockmc2xid7185kcq2,186,3kq9cckrnlogidldtdie2fkbl
Julen Agirrezabala,,,,,,,,,,,,,,,,,,,,,,,,,,,,,,,,,,,,,,,,,,,,,,540.0,100.0,1.0,16.0,26.0,61.9,-2.05,0.8,12.95,,,,,,,,,,,,,,,,,,,,,,,,,,,,,,,,,,,,,,,,,,,,,,,,,,,,,,,470508,1tctbwsidibct7wphjgv8mdm2,189,bzkwzatvwahmbzok1ymm5vqa1
Julen Lobete,495392.0,1.0,5.0,0.0,0.0,0.0,0.0,0.0,0.0,0.0,Julen,Lobete,2000-09-18,26.02,182.0,24.0,Forward,Winger,a0i7hc92p5ijqi4jqw8krh8x6,7012hpp3p5vg4fzyn3h0yvf09,Málaga CF,Málaga,Málaga,MAL,2.0,39.89,2.0,27.3,0.0,0.0,0.0,0.0,19.945,13.65,0.0,0.0,1.0,0.0,0.0,0.0,0.0,0.0,1.0,0.0,0.0,,,,,,,,,,495392.0,5.0,1.0,0.0,0.0,0.0,0.0,0.009,0.009,0.0,0.0,Julen,Lobete,2000-09-18,26.02,182.0,24.0,Forward,Winger,a0i7hc92p5ijqi4jqw8krh8x6,7012hpp3p5vg4fzyn3h0yvf09,Málaga CF,Málaga,Málaga,MAL,495392.0,5.0,1.0,2.0,2.0,100.0,1.0,1.0,100.0,0.0,0.0,0.0,0.0,0.0,0.0,Julen,Lobete,2000-09-18,26.02,182.0,24.0,Forward,Winger,a0i7hc92p5ijqi4jqw8krh8x6,7012hpp3p5vg4fzyn3h0yvf09,Málaga CF,Málaga,Málaga,MAL,495392,a0i7hc92p5ijqi4jqw8krh8x6,182,7012hpp3p5vg4fzyn3h0yvf09
Jules Koundé,220325.0,4.0,171.0,0.0,0.0,0.0,0.0,0.0,0.0,0.0,Jules,Koundé,1998-11-12,27.87,178.0,23.0,Defender,Central Defender,cscn06kwqfzo09h0dc5ybt1pl,agh9ifb2mw3ivjusgedj7c3fe,FC Barcelona,Barcelona,Barcelona,BAR,44.0,434.142,29.0,278.88,0.0,0.0,1.0,0.0,9.867,9.617,1.0,1.0,9.0,0.0,6.0,12.0,6.0,50.0,5.0,3.0,60.0,,,,,,,,,,220325.0,171.0,4.0,2.0,2.0,1.18,0.0,0.072,0.072,0.0,0.0,Jules,Koundé,1998-11-12,27.87,178.0,23.0,Defender,Central Defender,cscn06kwqfzo09h0dc5ybt1pl,agh9ifb2mw3ivjusgedj7c3fe,FC Barcelona,Barcelona,Barcelona,BAR,220325.0,171.0,4.0,174.0,163.0,93.68,47.0,39.0,82.98,0.0,0.0,0.0,2.0,0.0,0.0,Jules,Koundé,1998-11-12,27.87,178.0,23.0,Defender,Central Defender,cscn06kwqfzo09h0dc5ybt1pl,agh9ifb2mw3ivjusgedj7c3fe,FC Barcelona,Barcelona,Barcelona,BAR,220325,cscn06kwqfzo09h0dc5ybt1pl,178,agh9ifb2mw3ivjusgedj7c3fe
Julio Díaz,551311.0,4.0,83.0,0.0,0.0,0.0,0.0,0.0,0.0,0.0,Julio,Díaz,2005-01-10,21.7,179.0,3.0,Defender,Full Back,9mh4ven84dualv113vxinqn10,10eyb18v5puw4ez03ocaug09m,Sevilla FC,Sevilla,Sevilla,SEV,7.0,79.295,3.0,14.07,0.0,0.0,0.0,0.0,11.328,4.69,2.0,0.0,2.0,0.0,0.0,12.0,6.0,50.0,4.0,2.0,50.0,,,,,,,,,,551311.0,83.0,4.0,2.0,2.0,8.7,0.0,0.344,0.344,0.0,0.0,Julio,Díaz,2005-01-10,21.7,179.0,3.0,Defender,Full Back,9mh4ven84dualv113vxinqn10,10eyb18v5puw4ez03ocaug09m,Sevilla FC,Sevilla,Sevilla,SEV,551311.0,83.0,4.0,23.0,18.0,78.26,11.0,9.0,81.82,3.0,2.0,66.67,0.0,0.0,0.0,Julio,Díaz,2005-01-10,21.7,179.0,3.0,Defender,Full Back,9mh4ven84dualv113vxinqn10,10eyb18v5puw4ez03ocaug09m,Sevilla FC,Sevilla,Sevilla,SEV,551311,9mh4ven84dualv113vxinqn10,179,10eyb18v5puw4ez03ocaug09m
Julián Alvarez,461358.0,2.0,55.0,0.0,0.28,-0.28,2.0,1.0,0.0,0.14,Julián,Alvarez,2000-01-31,26.65,175.0,19.0,Forward,Striker,9ikkuxd19avliz1khcrm82gyy,4ku8o6uf87yd8iecdalipo6wd,Club Atlético de Madrid,Atlético de Madrid,Atlético,ATM,5.0,47.015,1.0,-11.025,0.0,0.0,0.0,0.0,9.403,-11.025,0.0,0.0,1.0,0.0,0.0,8.0,4.0,50.0,1.0,0.0,0.0,,,,,,,,,,461358.0,55.0,2.0,2.0,2.0,8.7,0.0,0.053,0.053,0.0,0.0,Julián,Alvarez,2000-01-31,26.65,175.0,19.0,Forward,Striker,9ikkuxd19avliz1khcrm82gyy,4ku8o6uf87yd8iecdalipo6wd,Club Atlético de Madrid,Atlético de Madrid,Atlético,ATM,461358.0,55.0,2.0,26.0,25.0,96.15,12.0,12.0,100.0,0.0,0.0,0.0,0.0,0.0,0.0,Julián,Alvarez,2000-01-31,26.65,175.0,19.0,Forward,Striker,9ikkuxd19avliz1khcrm82gyy,4ku8o6uf87yd8iecdalipo6wd,Club Atlético de Madrid,Atlético de Madrid,Atlético,ATM,461358,9ikkuxd19avliz1khcrm82gyy,175,4ku8o6uf87yd8iecdalipo6wd
Junior Firpo,443967.0,2.0,149.0,0.0,0.0,0.0,0.0,0.0,0.0,0.0,Junior,Firpo,1996-08-22,30.09,185.0,23.0,Defender,Full Back,9rfwfsz5cmckyjripqgtbc7op,ah8dala7suqqkj04n2l8xz4zd,Real Betis Balompié,Real Betis,Betis,BET,17.0,202.592,8.0,67.305,0.0,0.0,0.0,0.0,11.917,8.413,4.0,1.0,4.0,0.0,6.0,14.0,6.0,42.857,3.0,3.0,100.0,,,,,,,,,,443967.0,149.0,2.0,1.0,1.0,1.09,0.0,0.094,0.092,0.0,0.0,Junior,Firpo,1996-08-22,30.09,185.0,23.0,Defender,Full Back,9rfwfsz5cmckyjripqgtbc7op,ah8dala7suqqkj04n2l8xz4zd,Real Betis Balompié,Real Betis,Betis,BET,443967.0,149.0,2.0,94.0,83.0,88.3,32.0,28.0,87.5,3.0,0.0,0.0,0.0,0.0,0.0,Junior,Firpo,1996-08-22,30.09,185.0,23.0,Defender,Full Back,9rfwfsz5cmckyjripqgtbc7op,ah8dala7suqqkj04n2l8xz4zd,Real Betis Balompié,Real Betis,Betis,BET,443967,9rfwfsz5cmckyjripqgtbc7op,185,ah8dala7suqqkj04n2l8xz4zd
Justin de Haas,467622.0,2.0,127.0,0.0,0.0,0.0,0.0,0.0,0.0,0.0,Justin,de Haas,2000-02-01,26.65,191.0,12.0,Defender,Central Defender,1hpdh3zi8zwjmsajy592mukfd,ba5e91hjacvma2sjvixn00pjo,Valencia CF,Valencia,Valencia,VAL,15.0,168.605,8.0,68.355,0.0,0.0,0.0,0.0,11.24,8.544,1.0,2.0,4.0,1.0,6.0,4.0,1.0,25.0,2.0,1.0,50.0,,,,,,,,,,467622.0,127.0,2.0,0.0,0.0,0.0,0.0,0.007,0.006,0.0,0.0,Justin,de Haas,2000-02-01,26.65,191.0,12.0,Defender,Central Defender,1hpdh3zi8zwjmsajy592mukfd,ba5e91hjacvma2sjvixn00pjo,Valencia CF,Valencia,Valencia,VAL,467622.0,127.0,2.0,103.0,93.0,90.29,5.0,2.0,40.0,0.0,0.0,0.0,0.0,0.0,0.0,Justin,de Haas,2000-02-01,26.65,191.0,12.0,Defender,Central Defender,1hpdh3zi8zwjmsajy592mukfd,ba5e91hjacvma2sjvixn00pjo,Valencia CF,Valencia,Valencia,VAL,467622,1hpdh3zi8zwjmsajy592mukfd,191,ba5e91hjacvma2sjvixn00pjo
Kareem Tunde,645755.0,1.0,14.0,0.0,0.0,0.0,0.0,0.0,0.0,0.0,Kareem,Tunde,2005-08-19,21.1,855.0,19.0,Forward,Winger,20s72mrpp0gl3hd333zaows2c,4grc9qgcvusllap8h5j6gc5h5,Levante UD,Levante,Levante,LEV,1.0,6.964,1.0,6.615,0.0,0.0,0.0,0.0,6.964,6.615,0.0,0.0,0.0,0.0,0.0,1.0,0.0,0.0,0.0,0.0,0.0,,,,,,,,,,645755.0,14.0,1.0,0.0,0.0,0.0,0.0,0.001,0.001,0.0,0.0,Kareem,Tunde,2005-08-19,21.1,855.0,19.0,Forward,Winger,20s72mrpp0gl3hd333zaows2c,4grc9qgcvusllap8h5j6gc5h5,Levante UD,Levante,Levante,LEV,645755.0,14.0,1.0,2.0,1.0,50.0,1.0,1.0,100.0,0.0,0.0,0.0,0.0,0.0,0.0,Kareem,Tunde,2005-08-19,21.1,855.0,19.0,Forward,Winger,20s72mrpp0gl3hd333zaows2c,4grc9qgcvusllap8h5j6gc5h5,Levante UD,Levante,Levante,LEV,645755,20s72mrpp0gl3hd333zaows2c,855,4grc9qgcvusllap8h5j6gc5h5
Karim Adeyemi,453750.0,6.0,229.0,2.0,3.86,-1.86,15.0,6.0,13.33,0.26,Karim,Adeyemi,2002-01-18,24.68,178.0,14.0,Forward,Striker,ebj6t5jqzixrnww1z7qofznu2,agh9ifb2mw3ivjusgedj7c3fe,FC Barcelona,Barcelona,Barcelona,BAR,60.0,753.537,34.0,322.875,5.0,1.0,2.0,1.0,12.559,9.496,2.0,0.0,9.0,0.0,1.0,34.0,21.0,61.765,5.0,3.0,60.0,,,,,,,,,,453750.0,229.0,6.0,6.0,6.0,4.44,0.0,0.677,0.677,2.0,2.0,Karim,Adeyemi,2002-01-18,24.68,178.0,14.0,Forward,Striker,ebj6t5jqzixrnww1z7qofznu2,agh9ifb2mw3ivjusgedj7c3fe,FC Barcelona,Barcelona,Barcelona,BAR,453750.0,229.0,6.0,92.0,75.0,81.52,43.0,31.0,72.09,4.0,1.0,25.0,0.0,0.0,0.0,Karim,Adeyemi,2002-01-18,24.68,178.0,14.0,Forward,Striker,ebj6t5jqzixrnww1z7qofznu2,agh9ifb2mw3ivjusgedj7c3fe,FC Barcelona,Barcelona,Barcelona,BAR,453750,ebj6t5jqzixrnww1z7qofznu2,178,agh9ifb2mw3ivjusgedj7c3fe
Karl Etta Eyong,588010.0,3.0,64.0,0.0,0.1,-0.1,2.0,1.0,0.0,0.05,Karl,Etta Eyong,2003-10-14,22.95,855.0,21.0,Forward,Striker,bl3o0pt262qax5cwv4jeu82s4,4grc9qgcvusllap8h5j6gc5h5,Levante UD,Levante,Levante,LEV,4.0,32.95,2.0,22.575,0.0,0.0,1.0,1.0,8.238,11.288,1.0,0.0,3.0,0.0,0.0,10.0,3.0,30.0,7.0,3.0,42.857,,,,,,,,,,588010.0,64.0,3.0,1.0,1.0,0.0,0.0,0.274,0.274,1.0,1.0,Karl,Etta Eyong,2003-10-14,22.95,855.0,21.0,Forward,Striker,bl3o0pt262qax5cwv4jeu82s4,4grc9qgcvusllap8h5j6gc5h5,Levante UD,Levante,Levante,LEV,588010.0,64.0,3.0,10.0,6.0,60.0,8.0,4.0,50.0,1.0,1.0,100.0,0.0,0.0,0.0,Karl,Etta Eyong,2003-10-14,22.95,855.0,21.0,Forward,Striker,bl3o0pt262qax5cwv4jeu82s4,4grc9qgcvusllap8h5j6gc5h5,Levante UD,Levante,Levante,LEV,588010,bl3o0pt262qax5cwv4jeu82s4,855,4grc9qgcvusllap8h5j6gc5h5
Kevin Sánchez,568601.0,1.0,5.0,0.0,0.0,0.0,0.0,0.0,0.0,0.0,Kevin,Sánchez,2005-02-20,21.59,180.0,33.0,Forward,Winger,22b37uyn4h3nmhrsng34wfb4k,1r541mega6d838hi0p44sv0h2,RC Deportivo de A Coruña,Deportivo de A Coruña,Deportivo,DEP,1.0,8.345,0.0,3.255,0.0,0.0,0.0,0.0,8.345,0.0,0.0,0.0,0.0,0.0,0.0,0.0,0.0,0.0,0.0,0.0,0.0,,,,,,,,,,568601.0,5.0,1.0,0.0,0.0,0.0,0.0,0.0,0.0,0.0,0.0,Kevin,Sánchez,2005-02-20,21.59,180.0,33.0,Forward,Winger,22b37uyn4h3nmhrsng34wfb4k,1r541mega6d838hi0p44sv0h2,RC Deportivo de A Coruña,Deportivo de A Coruña,Deportivo,DEP,568601.0,5.0,1.0,1.0,0.0,0.0,1.0,0.0,0.0,0.0,0.0,0.0,0.0,0.0,0.0,Kevin,Sánchez,2005-02-20,21.59,180.0,33.0,Forward,Winger,22b37uyn4h3nmhrsng34wfb4k,1r541mega6d838hi0p44sv0h2,RC Deportivo de A Coruña,Deportivo de A Coruña,Deportivo,DEP,568601,22b37uyn4h3nmhrsng34wfb4k,180,1r541mega6d838hi0p44sv0h2
Kike Barja,178870.0,5.0,181.0,1.0,0.77,0.23,3.0,1.0,33.33,0.26,Kike,Barja,1997-04-01,29.48,450.0,11.0,Forward,Winger,2zcha0sd7axiu2s2c0bccz2s5,2l0ldgiwsgb8d6y3z0sfgjzyj,CA Osasuna,Osasuna,Osasuna,OSA,13.0,156.023,6.0,82.845,0.0,0.0,2.0,0.0,12.002,13.808,3.0,0.0,5.0,0.0,2.0,20.0,7.0,35.0,3.0,0.0,0.0,,,,,,,,,,178870.0,181.0,5.0,4.0,3.0,7.14,25.0,0.492,0.368,0.0,0.0,Kike,Barja,1997-04-01,29.48,450.0,11.0,Forward,Winger,2zcha0sd7axiu2s2c0bccz2s5,2l0ldgiwsgb8d6y3z0sfgjzyj,CA Osasuna,Osasuna,Osasuna,OSA,178870.0,181.0,5.0,44.0,33.0,75.0,8.0,5.0,62.5,11.0,8.0,72.73,0.0,0.0,0.0,Kike,Barja,1997-04-01,29.48,450.0,11.0,Forward,Winger,2zcha0sd7axiu2s2c0bccz2s5,2l0ldgiwsgb8d6y3z0sfgjzyj,CA Osasuna,Osasuna,Osasuna,OSA,178870,2zcha0sd7axiu2s2c0bccz2s5,450,2l0ldgiwsgb8d6y3z0sfgjzyj
Kike Salas,550816.0,5.0,448.0,0.0,0.17,-0.17,6.0,2.0,0.0,0.03,Kike,Salas,2002-04-23,24.42,179.0,4.0,Defender,Central Defender,9nwkxgbl8t933pzu60ye4xxxw,10eyb18v5puw4ez03ocaug09m,Sevilla FC,Sevilla,Sevilla,SEV,42.0,389.375,21.0,206.64,0.0,0.0,1.0,0.0,9.271,9.84,9.0,2.0,22.0,2.0,27.0,27.0,14.0,51.852,32.0,17.0,53.125,,,,,,,,,,550816.0,448.0,5.0,2.0,2.0,0.95,0.0,0.285,0.283,0.0,0.0,Kike,Salas,2002-04-23,24.42,179.0,4.0,Defender,Central Defender,9nwkxgbl8t933pzu60ye4xxxw,10eyb18v5puw4ez03ocaug09m,Sevilla FC,Sevilla,Sevilla,SEV,550816.0,448.0,5.0,222.0,167.0,75.23,68.0,28.0,41.18,1.0,1.0,100.0,1.0,1.0,100.0,Kike,Salas,2002-04-23,24.42,179.0,4.0,Defender,Central Defender,9nwkxgbl8t933pzu60ye4xxxw,10eyb18v5puw4ez03ocaug09m,Sevilla FC,Sevilla,Sevilla,SEV,550816,9nwkxgbl8t933pzu60ye4xxxw,179,10eyb18v5puw4ez03ocaug09m
Kiko Femenía,54484.0,3.0,140.0,0.0,0.0,0.0,0.0,0.0,0.0,0.0,Francisco,Femenía Far,1991-02-02,35.65,1450.0,17.0,Defender,Full Back,6wpnjdlg2p8f19y3gjpz1su6t,1n1j0wsl763lq7ee1k0c11c02,Getafe CF,Getafe,Getafe,GET,23.0,248.202,9.0,105.63,0.0,0.0,0.0,0.0,10.791,11.737,2.0,1.0,8.0,0.0,2.0,8.0,3.0,37.5,2.0,2.0,100.0,,,,,,,,,,54484.0,140.0,3.0,1.0,1.0,1.05,0.0,0.234,0.23,0.0,0.0,Francisco,Femenía Far,1991-02-02,35.65,1450.0,17.0,Defender,Full Back,6wpnjdlg2p8f19y3gjpz1su6t,1n1j0wsl763lq7ee1k0c11c02,Getafe CF,Getafe,Getafe,GET,54484.0,140.0,3.0,96.0,90.0,93.75,31.0,28.0,90.32,3.0,1.0,33.33,0.0,0.0,0.0,Francisco,Femenía Far,1991-02-02,35.65,1450.0,17.0,Defender,Full Back,6wpnjdlg2p8f19y3gjpz1su6t,1n1j0wsl763lq7ee1k0c11c02,Getafe CF,Getafe,Getafe,GET,54484,6wpnjdlg2p8f19y3gjpz1su6t,1450,1n1j0wsl763lq7ee1k0c11c02
Koke,77390.0,6.0,313.0,0.0,0.04,-0.04,1.0,0.0,0.0,0.04,Jorge,Resurrección Merodio,1992-01-08,34.72,175.0,6.0,Midfielder,Central Midfielder,b9kfek16otvdorssn0wzkb36d,4ku8o6uf87yd8iecdalipo6wd,Club Atlético de Madrid,Atlético de Madrid,Atlético,ATM,64.0,641.841,33.0,282.66,0.0,0.0,1.0,0.0,10.029,8.565,12.0,2.0,19.0,0.0,1.0,29.0,17.0,58.621,0.0,0.0,0.0,,,,,,,,,,77390.0,313.0,6.0,5.0,4.0,1.54,20.0,0.37,0.308,0.0,0.0,Jorge,Resurrección Merodio,1992-01-08,34.72,175.0,6.0,Midfielder,Central Midfielder,b9kfek16otvdorssn0wzkb36d,4ku8o6uf87yd8iecdalipo6wd,Club Atlético de Madrid,Atlético de Madrid,Atlético,ATM,77390.0,313.0,6.0,267.0,241.0,90.26,101.0,82.0,81.19,2.0,1.0,50.0,2.0,0.0,0.0,Jorge,Resurrección Merodio,1992-01-08,34.72,175.0,6.0,Midfielder,Central Midfielder,b9kfek16otvdorssn0wzkb36d,4ku8o6uf87yd8iecdalipo6wd,Club Atlético de Madrid,Atlético de Madrid,Atlético,ATM,77390,b9kfek16otvdorssn0wzkb36d,175,4ku8o6uf87yd8iecdalipo6wd
Kylian Mbappé,220160.0,6.0,540.0,7.0,7.86,-0.86,40.0,22.0,17.5,0.2,Kylian,Mbappé,1998-12-20,27.76,186.0,10.0,Forward,Striker,5e9ilgrz3tzg9kd1gk3yvrahh,3kq9cckrnlogidldtdie2fkbl,Real Madrid CF,Real Madrid,Real Madrid,RMA,104.0,1286.224,60.0,753.69,15.0,2.0,5.0,1.0,12.368,12.562,3.0,1.0,9.0,0.0,0.0,59.0,31.0,52.542,2.0,1.0,50.0,,,,,,,,,,220160.0,540.0,6.0,11.0,11.0,4.5,0.0,2.034,2.019,2.0,2.0,Kylian,Mbappé,1998-12-20,27.76,186.0,10.0,Forward,Striker,5e9ilgrz3tzg9kd1gk3yvrahh,3kq9cckrnlogidldtdie2fkbl,Real Madrid CF,Real Madrid,Real Madrid,RMA,220160.0,540.0,6.0,216.0,189.0,87.5,130.0,110.0,84.62,5.0,0.0,0.0,2.0,1.0,50.0,Kylian,Mbappé,1998-12-20,27.76,186.0,10.0,Forward,Striker,5e9ilgrz3tzg9kd1gk3yvrahh,3kq9cckrnlogidldtdie2fkbl,Real Madrid CF,Real Madrid,Real Madrid,RMA,220160,5e9ilgrz3tzg9kd1gk3yvrahh,186,3kq9cckrnlogidldtdie2fkbl
Lamine Yamal,593109.0,6.0,491.0,7.0,5.82,1.18,33.0,13.0,21.21,0.18,Lamine Yamal,Nasraoui Ebana,2007-07-13,19.2,178.0,10.0,Forward,Winger,abr79wsl0folgkyvl821ggs2c,agh9ifb2mw3ivjusgedj7c3fe,FC Barcelona,Barcelona,Barcelona,BAR,118.0,1352.175,70.0,765.765,14.0,0.0,9.0,2.0,11.459,10.94,3.0,2.0,14.0,0.0,2.0,73.0,37.0,50.685,0.0,0.0,0.0,,,,,,,,,,593109.0,491.0,6.0,21.0,21.0,6.6,0.0,2.079,2.076,2.0,2.0,Lamine Yamal,Nasraoui Ebana,2007-07-13,19.2,178.0,10.0,Forward,Winger,abr79wsl0folgkyvl821ggs2c,agh9ifb2mw3ivjusgedj7c3fe,FC Barcelona,Barcelona,Barcelona,BAR,593109.0,491.0,6.0,292.0,235.0,80.48,164.0,115.0,70.12,14.0,3.0,21.43,12.0,4.0,33.33,Lamine Yamal,Nasraoui Ebana,2007-07-13,19.2,178.0,10.0,Forward,Winger,abr79wsl0folgkyvl821ggs2c,agh9ifb2mw3ivjusgedj7c3fe,FC Barcelona,Barcelona,Barcelona,BAR,593109,abr79wsl0folgkyvl821ggs2c,178,agh9ifb2mw3ivjusgedj7c3fe
Leandro Cabrera,64662.0,3.0,270.0,0.0,0.17,-0.17,1.0,0.0,0.0,0.17,Leandro,Cabrera,1991-06-17,35.28,177.0,6.0,Defender,Central Defender,6810qbng9pfg1bztczv11grmd,c8llrezkm3b3op4afrou6b487,Reial Club Deportiu Espanyol de Barcelona,Espanyol,Espanyol,ESP,15.0,141.147,9.0,94.29,0.0,0.0,0.0,0.0,9.41,10.477,1.0,3.0,6.0,1.0,30.0,8.0,2.0,25.0,17.0,11.0,64.706,,,,,,,,,,64662.0,270.0,3.0,0.0,0.0,0.0,0.0,0.155,0.155,0.0,0.0,Leandro,Cabrera,1991-06-17,35.28,177.0,6.0,Defender,Central Defender,6810qbng9pfg1bztczv11grmd,c8llrezkm3b3op4afrou6b487,Reial Club Deportiu Espanyol de Barcelona,Espanyol,Espanyol,ESP,64662.0,270.0,3.0,142.0,124.0,87.32,22.0,13.0,59.09,0.0,0.0,0.0,0.0,0.0,0.0,Leandro,Cabrera,1991-06-17,35.28,177.0,6.0,Defender,Central Defender,6810qbng9pfg1bztczv11grmd,c8llrezkm3b3op4afrou6b487,Reial Club Deportiu Espanyol de Barcelona,Espanyol,Espanyol,ESP,64662,6810qbng9pfg1bztczv11grmd,177,c8llrezkm3b3op4afrou6b487
Lee Kang-In,451358.0,6.0,380.0,2.0,1.22,0.78,18.0,5.0,11.11,0.07,Kang-In,Lee,2001-02-19,25.59,175.0,7.0,Midfielder,Attacking Midfielder,8b3igmuipfhfzm39ack89de96,4ku8o6uf87yd8iecdalipo6wd,Club Atlético de Madrid,Atlético de Madrid,Atlético,ATM,66.0,668.047,24.0,243.18,13.0,1.0,3.0,1.0,10.122,10.132,8.0,2.0,15.0,0.0,2.0,48.0,28.0,58.333,5.0,3.0,60.0,,,,,,,,,,451358.0,380.0,6.0,9.0,9.0,4.65,0.0,0.666,0.664,1.0,1.0,Kang-In,Lee,2001-02-19,25.59,175.0,7.0,Midfielder,Attacking Midfielder,8b3igmuipfhfzm39ack89de96,4ku8o6uf87yd8iecdalipo6wd,Club Atlético de Madrid,Atlético de Madrid,Atlético,ATM,451358.0,380.0,6.0,174.0,141.0,81.03,85.0,63.0,74.12,6.0,2.0,33.33,1.0,0.0,0.0,Kang-In,Lee,2001-02-19,25.59,175.0,7.0,Midfielder,Attacking Midfielder,8b3igmuipfhfzm39ack89de96,4ku8o6uf87yd8iecdalipo6wd,Club Atlético de Madrid,Atlético de Madrid,Atlético,ATM,451358,8b3igmuipfhfzm39ack89de96,175,4ku8o6uf87yd8iecdalipo6wd
Leo Román,,,,,,,,,,,,,,,,,,,,,,,,,,,,,,,,,,,,,,,,,,,,,,540.0,100.0,1.0,7.0,21.0,75.0,1.73,1.17,7.73,,,,,,,,,,,,,,,,,,,,,,,,,,,,,,,,,,,,,,,,,,,,,,,,,,,,,,,500755,5qh2kdatvb03o8oiqvkaaxje2,180,1r541mega6d838hi0p44sv0h2
Logan Costa,445956.0,1.0,83.0,0.0,0.06,-0.06,1.0,0.0,0.0,0.06,Logan Evans,Costa,2001-04-01,25.48,449.0,2.0,Defender,Central Defender,59knsm910b1ruk024rkksla3u,74mcjsm72vr3l9pw2i4qfjchj,Villarreal CF,Villarreal,Villarreal,VIL,15.0,152.407,9.0,115.92,0.0,0.0,0.0,0.0,10.16,12.88,0.0,0.0,2.0,1.0,1.0,0.0,0.0,0.0,1.0,1.0,100.0,,,,,,,,,,445956.0,83.0,1.0,0.0,0.0,0.0,0.0,0.029,0.029,0.0,0.0,Logan Evans,Costa,2001-04-01,25.48,449.0,2.0,Defender,Central Defender,59knsm910b1ruk024rkksla3u,74mcjsm72vr3l9pw2i4qfjchj,Villarreal CF,Villarreal,Villarreal,VIL,445956.0,83.0,1.0,52.0,48.0,92.31,9.0,7.0,77.78,0.0,0.0,0.0,0.0,0.0,0.0,Logan Evans,Costa,2001-04-01,25.48,449.0,2.0,Defender,Central Defender,59knsm910b1ruk024rkksla3u,74mcjsm72vr3l9pw2i4qfjchj,Villarreal CF,Villarreal,Villarreal,VIL,445956,59knsm910b1ruk024rkksla3u,449,74mcjsm72vr3l9pw2i4qfjchj
Lorenzo Amatucci,607463.0,6.0,540.0,0.0,0.0,0.0,0.0,0.0,0.0,0.0,Lorenzo,Amatucci,2004-02-05,22.63,180.0,16.0,Midfielder,Defensive Midfielder,da3j7qp7ed6h7nh3ppcklt5hw,1r541mega6d838hi0p44sv0h2,RC Deportivo de A Coruña,Deportivo de A Coruña,Deportivo,DEP,102.0,1049.843,55.0,528.57,0.0,0.0,1.0,1.0,10.293,9.61,18.0,6.0,24.0,5.0,17.0,53.0,26.0,49.057,16.0,9.0,56.25,,,,,,,,,,607463.0,540.0,6.0,3.0,3.0,0.64,0.0,0.131,0.13,1.0,1.0,Lorenzo,Amatucci,2004-02-05,22.63,180.0,16.0,Midfielder,Defensive Midfielder,da3j7qp7ed6h7nh3ppcklt5hw,1r541mega6d838hi0p44sv0h2,RC Deportivo de A Coruña,Deportivo de A Coruña,Deportivo,DEP,607463.0,540.0,6.0,327.0,295.0,90.21,60.0,43.0,71.67,2.0,0.0,0.0,2.0,0.0,0.0,Lorenzo,Amatucci,2004-02-05,22.63,180.0,16.0,Midfielder,Defensive Midfielder,da3j7qp7ed6h7nh3ppcklt5hw,1r541mega6d838hi0p44sv0h2,RC Deportivo de A Coruña,Deportivo de A Coruña,Deportivo,DEP,607463,da3j7qp7ed6h7nh3ppcklt5hw,180,1r541mega6d838hi0p44sv0h2
Lucas Boyé,193774.0,5.0,409.0,4.0,1.24,2.76,16.0,6.0,25.0,0.08,Lucas,Boyé,1996-02-28,30.58,173.0,15.0,Forward,Striker,9ivrglgy0tibv881e1a93psr9,4dtdjgnpdq9uw4sdutti0vaar,Deportivo Alavés,Alavés,Alavés,ALA,25.0,218.547,13.0,88.41,3.0,1.0,2.0,0.0,8.742,6.801,14.0,0.0,16.0,1.0,5.0,58.0,24.0,41.379,29.0,13.0,44.828,,,,,,,,,,193774.0,409.0,5.0,3.0,3.0,3.9,0.0,0.359,0.359,0.0,0.0,Lucas,Boyé,1996-02-28,30.58,173.0,15.0,Forward,Striker,9ivrglgy0tibv881e1a93psr9,4dtdjgnpdq9uw4sdutti0vaar,Deportivo Alavés,Alavés,Alavés,ALA,193774.0,409.0,5.0,78.0,60.0,76.92,39.0,27.0,69.23,3.0,1.0,33.33,1.0,0.0,0.0,Lucas,Boyé,1996-02-28,30.58,173.0,15.0,Forward,Striker,9ivrglgy0tibv881e1a93psr9,4dtdjgnpdq9uw4sdutti0vaar,Deportivo Alavés,Alavés,Alavés,ALA,193774,9ivrglgy0tibv881e1a93psr9,173,4dtdjgnpdq9uw4sdutti0vaar
Lucas Cepeda,541759.0,6.0,137.0,0.0,0.2,-0.2,7.0,4.0,0.0,0.03,Lucas,Cepeda,2002-10-31,23.9,954.0,21.0,Forward,Winger,d87uduceapind7lgv6273xedw,4yg9ttzw0m51048doksv8uq5r,Elche CF,Elche,Elche,ELC,62.0,756.731,30.0,321.72,4.0,0.0,5.0,2.0,12.205,10.724,1.0,3.0,5.0,1.0,1.0,9.0,3.0,33.333,0.0,0.0,0.0,,,,,,,,,,541759.0,137.0,6.0,5.0,5.0,3.13,0.0,0.66,0.658,2.0,2.0,Lucas,Cepeda,2002-10-31,23.9,954.0,21.0,Forward,Winger,d87uduceapind7lgv6273xedw,4yg9ttzw0m51048doksv8uq5r,Elche CF,Elche,Elche,ELC,541759.0,137.0,6.0,101.0,91.0,90.1,54.0,47.0,87.04,6.0,1.0,16.67,0.0,0.0,0.0,Lucas,Cepeda,2002-10-31,23.9,954.0,21.0,Forward,Winger,d87uduceapind7lgv6273xedw,4yg9ttzw0m51048doksv8uq5r,Elche CF,Elche,Elche,ELC,541759,d87uduceapind7lgv6273xedw,954,4yg9ttzw0m51048doksv8uq5r
Lucas Noubi,543316.0,5.0,450.0,0.0,0.0,0.0,0.0,0.0,0.0,0.0,Lucas,Noubi,2005-01-15,21.69,180.0,4.0,Defender,Central Defender,eq5hfgqm32c7qmj6xwp7j9iqc,1r541mega6d838hi0p44sv0h2,RC Deportivo de A Coruña,Deportivo de A Coruña,Deportivo,DEP,49.0,520.3,25.0,260.4,0.0,0.0,0.0,0.0,10.618,10.416,8.0,8.0,14.0,3.0,37.0,21.0,14.0,66.667,19.0,8.0,42.105,,,,,,,,,,543316.0,450.0,5.0,1.0,1.0,0.39,0.0,0.043,0.043,0.0,0.0,Lucas,Noubi,2005-01-15,21.69,180.0,4.0,Defender,Central Defender,eq5hfgqm32c7qmj6xwp7j9iqc,1r541mega6d838hi0p44sv0h2,RC Deportivo de A Coruña,Deportivo de A Coruña,Deportivo,DEP,543316.0,450.0,5.0,262.0,217.0,82.82,21.0,11.0,52.38,0.0,0.0,0.0,0.0,0.0,0.0,Lucas,Noubi,2005-01-15,21.69,180.0,4.0,Defender,Central Defender,eq5hfgqm32c7qmj6xwp7j9iqc,1r541mega6d838hi0p44sv0h2,RC Deportivo de A Coruña,Deportivo de A Coruña,Deportivo,DEP,543316,eq5hfgqm32c7qmj6xwp7j9iqc,180,1r541mega6d838hi0p44sv0h2
Lucas Stassin,513530.0,3.0,195.0,1.0,0.75,0.25,7.0,4.0,14.29,0.11,Lucas,Stassin,2004-11-29,21.82,179.0,19.0,Forward,Striker,rao8xq2rg3beoc418zv1gzro,10eyb18v5puw4ez03ocaug09m,Sevilla FC,Sevilla,Sevilla,SEV,12.0,147.492,5.0,78.12,4.0,0.0,0.0,0.0,12.291,15.624,1.0,0.0,5.0,0.0,0.0,12.0,6.0,50.0,13.0,6.0,46.154,,,,,,,,,,513530.0,195.0,3.0,2.0,2.0,6.45,0.0,0.036,0.036,0.0,0.0,Lucas,Stassin,2004-11-29,21.82,179.0,19.0,Forward,Striker,rao8xq2rg3beoc418zv1gzro,10eyb18v5puw4ez03ocaug09m,Sevilla FC,Sevilla,Sevilla,SEV,513530.0,195.0,3.0,32.0,20.0,62.5,17.0,10.0,58.82,1.0,1.0,100.0,0.0,0.0,0.0,Lucas,Stassin,2004-11-29,21.82,179.0,19.0,Forward,Striker,rao8xq2rg3beoc418zv1gzro,10eyb18v5puw4ez03ocaug09m,Sevilla FC,Sevilla,Sevilla,SEV,513530,rao8xq2rg3beoc418zv1gzro,179,10eyb18v5puw4ez03ocaug09m
Lucas Torró,111232.0,4.0,208.0,0.0,0.06,-0.06,1.0,0.0,0.0,0.06,Lucas,Torró,1994-07-19,32.19,450.0,6.0,Midfielder,Defensive Midfielder,d3pdr28q2n295ldry2lc1uklx,2l0ldgiwsgb8d6y3z0sfgjzyj,CA Osasuna,Osasuna,Osasuna,OSA,15.0,160.467,7.0,85.575,0.0,0.0,0.0,0.0,10.698,12.225,4.0,1.0,14.0,1.0,7.0,13.0,7.0,53.846,11.0,6.0,54.545,,,,,,,,,,111232.0,208.0,4.0,1.0,1.0,1.02,0.0,0.037,0.037,0.0,0.0,Lucas,Torró,1994-07-19,32.19,450.0,6.0,Midfielder,Defensive Midfielder,d3pdr28q2n295ldry2lc1uklx,2l0ldgiwsgb8d6y3z0sfgjzyj,CA Osasuna,Osasuna,Osasuna,OSA,111232.0,208.0,4.0,99.0,77.0,77.78,29.0,18.0,62.07,0.0,0.0,0.0,0.0,0.0,0.0,Lucas,Torró,1994-07-19,32.19,450.0,6.0,Midfielder,Defensive Midfielder,d3pdr28q2n295ldry2lc1uklx,2l0ldgiwsgb8d6y3z0sfgjzyj,CA Osasuna,Osasuna,Osasuna,OSA,111232,d3pdr28q2n295ldry2lc1uklx,450,2l0ldgiwsgb8d6y3z0sfgjzyj
Lucien Agoumé,468426.0,6.0,540.0,0.0,0.15,-0.15,5.0,0.0,0.0,0.03,Lucien,Agoumé,2002-02-09,24.62,179.0,6.0,Midfielder,Defensive Midfielder,c8mp2wwwyvy930vfjnivg2hre,10eyb18v5puw4ez03ocaug09m,Sevilla FC,Sevilla,Sevilla,SEV,67.0,750.237,36.0,342.195,0.0,0.0,0.0,0.0,11.198,9.505,18.0,12.0,37.0,2.0,14.0,46.0,27.0,58.696,11.0,3.0,27.273,,,,,,,,,,468426.0,540.0,6.0,2.0,2.0,0.79,0.0,0.528,0.516,0.0,0.0,Lucien,Agoumé,2002-02-09,24.62,179.0,6.0,Midfielder,Defensive Midfielder,c8mp2wwwyvy930vfjnivg2hre,10eyb18v5puw4ez03ocaug09m,Sevilla FC,Sevilla,Sevilla,SEV,468426.0,540.0,6.0,262.0,221.0,84.35,98.0,68.0,69.39,3.0,1.0,33.33,3.0,2.0,66.67,Lucien,Agoumé,2002-02-09,24.62,179.0,6.0,Midfielder,Defensive Midfielder,c8mp2wwwyvy930vfjnivg2hre,10eyb18v5puw4ez03ocaug09m,Sevilla FC,Sevilla,Sevilla,SEV,468426,c8mp2wwwyvy930vfjnivg2hre,179,10eyb18v5puw4ez03ocaug09m
Luis Rioja,434941.0,3.0,114.0,1.0,0.4,0.6,3.0,1.0,33.33,0.13,Luis,Rioja,1993-10-16,32.95,191.0,11.0,Forward,Winger,6kc8ieszwg6u00e3sa554y7yt,ba5e91hjacvma2sjvixn00pjo,Valencia CF,Valencia,Valencia,VAL,19.0,190.731,8.0,42.105,1.0,0.0,1.0,0.0,10.038,5.263,0.0,1.0,9.0,0.0,1.0,3.0,2.0,66.667,0.0,0.0,0.0,,,,,,,,,,434941.0,114.0,3.0,2.0,1.0,2.22,50.0,0.15,0.039,0.0,0.0,Luis,Rioja,1993-10-16,32.95,191.0,11.0,Forward,Winger,6kc8ieszwg6u00e3sa554y7yt,ba5e91hjacvma2sjvixn00pjo,Valencia CF,Valencia,Valencia,VAL,434941.0,114.0,3.0,45.0,34.0,75.56,22.0,15.0,68.18,4.0,0.0,0.0,0.0,0.0,0.0,Luis,Rioja,1993-10-16,32.95,191.0,11.0,Forward,Winger,6kc8ieszwg6u00e3sa554y7yt,ba5e91hjacvma2sjvixn00pjo,Valencia CF,Valencia,Valencia,VAL,434941,6kc8ieszwg6u00e3sa554y7yt,191,ba5e91hjacvma2sjvixn00pjo
Luismi Cruz,546000.0,6.0,374.0,1.0,0.37,0.63,4.0,2.0,25.0,0.09,Luismi,Cruz,2001-05-23,25.34,180.0,19.0,Forward,Winger,7jyumaakrro4umaxyy09cjbsa,1r541mega6d838hi0p44sv0h2,RC Deportivo de A Coruña,Deportivo de A Coruña,Deportivo,DEP,48.0,513.489,25.0,240.66,1.0,0.0,6.0,1.0,10.698,9.626,12.0,2.0,14.0,1.0,3.0,47.0,25.0,53.191,5.0,4.0,80.0,,,,,,,,,,546000.0,374.0,6.0,9.0,8.0,5.15,11.11,0.686,0.599,1.0,1.0,Luismi,Cruz,2001-05-23,25.34,180.0,19.0,Forward,Winger,7jyumaakrro4umaxyy09cjbsa,1r541mega6d838hi0p44sv0h2,RC Deportivo de A Coruña,Deportivo de A Coruña,Deportivo,DEP,546000.0,374.0,6.0,137.0,112.0,81.75,57.0,45.0,78.95,1.0,0.0,0.0,2.0,2.0,100.0,Luismi,Cruz,2001-05-23,25.34,180.0,19.0,Forward,Winger,7jyumaakrro4umaxyy09cjbsa,1r541mega6d838hi0p44sv0h2,RC Deportivo de A Coruña,Deportivo de A Coruña,Deportivo,DEP,546000,7jyumaakrro4umaxyy09cjbsa,180,1r541mega6d838hi0p44sv0h2
Luiz Júnior,,,,,,,,,,,,,,,,,,,,,,,,,,,,,,,,,,,,,,,,,,,,,,540.0,67.0,0.0,8.0,6.0,42.86,-3.76,0.5,4.24,,,,,,,,,,,,,,,,,,,,,,,,,,,,,,,,,,,,,,,,,,,,,,,,,,,,,,,514664,6ddxujeb3873j5evwiz8n4wt0,449,74mcjsm72vr3l9pw2i4qfjchj
Luka Sucic,464166.0,6.0,464.0,2.0,0.77,1.23,13.0,5.0,15.38,0.06,Luka,Sucic,2002-09-08,24.04,188.0,24.0,Midfielder,Central Midfielder,9x5uo2wkxp9fk1arygbkl6u0a,63f5h8t5e9qm1fqmvfkb23ghh,Real Sociedad de Fútbol,Real Sociedad,Real Sociedad,RSO,83.0,885.959,33.0,289.275,3.0,1.0,2.0,0.0,10.674,8.766,6.0,1.0,19.0,0.0,1.0,25.0,13.0,52.0,6.0,3.0,50.0,,,,,,,,,,464166.0,464.0,6.0,5.0,5.0,2.53,0.0,0.517,0.495,0.0,0.0,Luka,Sucic,2002-09-08,24.04,188.0,24.0,Midfielder,Central Midfielder,9x5uo2wkxp9fk1arygbkl6u0a,63f5h8t5e9qm1fqmvfkb23ghh,Real Sociedad de Fútbol,Real Sociedad,Real Sociedad,RSO,464166.0,464.0,6.0,211.0,188.0,89.1,63.0,51.0,80.95,5.0,1.0,20.0,2.0,2.0,100.0,Luka,Sucic,2002-09-08,24.04,188.0,24.0,Midfielder,Central Midfielder,9x5uo2wkxp9fk1arygbkl6u0a,63f5h8t5e9qm1fqmvfkb23ghh,Real Sociedad de Fútbol,Real Sociedad,Real Sociedad,RSO,464166,9x5uo2wkxp9fk1arygbkl6u0a,188,63f5h8t5e9qm1fqmvfkb23ghh
Luken Beitia,612301.0,2.0,180.0,0.0,0.0,0.0,0.0,0.0,0.0,0.0,Luken,Beitia,2004-06-30,22.23,188.0,34.0,Defender,Central Defender,8qs8s7c173w8i1dfu06ub5zis,63f5h8t5e9qm1fqmvfkb23ghh,Real Sociedad de Fútbol,Real Sociedad,Real Sociedad,RSO,23.0,274.887,11.0,178.185,0.0,0.0,0.0,0.0,11.952,16.199,1.0,2.0,6.0,2.0,10.0,6.0,1.0,16.667,5.0,4.0,80.0,,,,,,,,,,612301.0,180.0,2.0,2.0,2.0,1.61,0.0,0.136,0.136,0.0,0.0,Luken,Beitia,2004-06-30,22.23,188.0,34.0,Defender,Central Defender,8qs8s7c173w8i1dfu06ub5zis,63f5h8t5e9qm1fqmvfkb23ghh,Real Sociedad de Fútbol,Real Sociedad,Real Sociedad,RSO,612301.0,180.0,2.0,126.0,115.0,91.27,12.0,6.0,50.0,0.0,0.0,0.0,0.0,0.0,0.0,Luken,Beitia,2004-06-30,22.23,188.0,34.0,Defender,Central Defender,8qs8s7c173w8i1dfu06ub5zis,63f5h8t5e9qm1fqmvfkb23ghh,Real Sociedad de Fútbol,Real Sociedad,Real Sociedad,RSO,612301,8qs8s7c173w8i1dfu06ub5zis,188,63f5h8t5e9qm1fqmvfkb23ghh
Maguette Gueye,572069.0,5.0,148.0,1.0,0.45,0.55,3.0,1.0,33.33,0.15,Maguette,Gueye,2002-12-30,23.73,189.0,14.0,Midfielder,Defensive Midfielder,75o3w8gbal0imwmptqunnxzpw,bzkwzatvwahmbzok1ymm5vqa1,Real Racing Club,Racing de Santander,Santander,RAC,22.0,223.185,9.0,66.255,2.0,1.0,0.0,0.0,10.145,7.362,1.0,1.0,9.0,1.0,5.0,13.0,4.0,30.769,3.0,1.0,33.333,,,,,,,,,,572069.0,148.0,5.0,0.0,0.0,0.0,0.0,0.02,0.02,0.0,0.0,Maguette,Gueye,2002-12-30,23.73,189.0,14.0,Midfielder,Defensive Midfielder,75o3w8gbal0imwmptqunnxzpw,bzkwzatvwahmbzok1ymm5vqa1,Real Racing Club,Racing de Santander,Santander,RAC,572069.0,148.0,5.0,55.0,42.0,76.36,11.0,7.0,63.64,0.0,0.0,0.0,0.0,0.0,0.0,Maguette,Gueye,2002-12-30,23.73,189.0,14.0,Midfielder,Defensive Midfielder,75o3w8gbal0imwmptqunnxzpw,bzkwzatvwahmbzok1ymm5vqa1,Real Racing Club,Racing de Santander,Santander,RAC,572069,75o3w8gbal0imwmptqunnxzpw,189,bzkwzatvwahmbzok1ymm5vqa1
Mamadou Sarr,574458.0,2.0,148.0,0.0,0.0,0.0,0.0,0.0,0.0,0.0,Mamadou,Sarr,2005-08-29,21.07,188.0,19.0,Defender,Central Defender,2bfs1dfmyao4e3gzha29t1lw4,63f5h8t5e9qm1fqmvfkb23ghh,Real Sociedad de Fútbol,Real Sociedad,Real Sociedad,RSO,14.0,117.909,6.0,29.715,0.0,0.0,0.0,0.0,8.422,4.952,4.0,1.0,5.0,1.0,4.0,8.0,7.0,87.5,2.0,1.0,50.0,,,,,,,,,,574458.0,148.0,2.0,0.0,0.0,0.0,0.0,0.022,0.022,0.0,0.0,Mamadou,Sarr,2005-08-29,21.07,188.0,19.0,Defender,Central Defender,2bfs1dfmyao4e3gzha29t1lw4,63f5h8t5e9qm1fqmvfkb23ghh,Real Sociedad de Fútbol,Real Sociedad,Real Sociedad,RSO,574458.0,148.0,2.0,98.0,94.0,95.92,5.0,5.0,100.0,0.0,0.0,0.0,0.0,0.0,0.0,Mamadou,Sarr,2005-08-29,21.07,188.0,19.0,Defender,Central Defender,2bfs1dfmyao4e3gzha29t1lw4,63f5h8t5e9qm1fqmvfkb23ghh,Real Sociedad de Fútbol,Real Sociedad,Real Sociedad,RSO,574458,2bfs1dfmyao4e3gzha29t1lw4,188,63f5h8t5e9qm1fqmvfkb23ghh
Manel Usedo,749255.0,0.0,0.0,0.0,0.0,0.0,0.0,0.0,0.0,0.0,Manel,Usedo,2007-05-18,19.35,855.0,34.0,Midfielder,Central Midfielder,749255,4grc9qgcvusllap8h5j6gc5h5,Levante UD,Levante,Levante,LEV,0.0,0.0,0.0,0.0,0.0,0.0,0.0,0.0,0.0,0.0,0.0,0.0,0.0,0.0,0.0,0.0,0.0,0.0,0.0,0.0,0.0,,,,,,,,,,749255.0,0.0,0.0,0.0,0.0,0.0,0.0,0.0,0.0,0.0,0.0,Manel,Usedo,2007-05-18,19.35,855.0,34.0,Midfielder,Central Midfielder,749255,4grc9qgcvusllap8h5j6gc5h5,Levante UD,Levante,Levante,LEV,749255.0,0.0,0.0,0.0,0.0,0.0,0.0,0.0,0.0,0.0,0.0,0.0,0.0,0.0,0.0,Manel,Usedo,2007-05-18,19.35,855.0,34.0,Midfielder,Central Midfielder,749255,4grc9qgcvusllap8h5j6gc5h5,Levante UD,Levante,Levante,LEV,749255,749255,855,4grc9qgcvusllap8h5j6gc5h5
Manu Bueno,550781.0,2.0,27.0,0.0,0.0,0.0,0.0,0.0,0.0,0.0,Manu,Bueno,2004-07-27,22.16,179.0,14.0,Midfielder,Central Midfielder,35i9zcb2szve0ydjga9qnj384,10eyb18v5puw4ez03ocaug09m,Sevilla FC,Sevilla,Sevilla,SEV,4.0,40.058,4.0,30.975,0.0,0.0,0.0,0.0,10.014,7.744,1.0,0.0,3.0,0.0,0.0,4.0,3.0,75.0,1.0,0.0,0.0,,,,,,,,,,550781.0,27.0,2.0,1.0,1.0,10.0,0.0,0.081,0.081,0.0,0.0,Manu,Bueno,2004-07-27,22.16,179.0,14.0,Midfielder,Central Midfielder,35i9zcb2szve0ydjga9qnj384,10eyb18v5puw4ez03ocaug09m,Sevilla FC,Sevilla,Sevilla,SEV,550781.0,27.0,2.0,11.0,6.0,54.55,6.0,6.0,100.0,0.0,0.0,0.0,0.0,0.0,0.0,Manu,Bueno,2004-07-27,22.16,179.0,14.0,Midfielder,Central Midfielder,35i9zcb2szve0ydjga9qnj384,10eyb18v5puw4ez03ocaug09m,Sevilla FC,Sevilla,Sevilla,SEV,550781,35i9zcb2szve0ydjga9qnj384,179,10eyb18v5puw4ez03ocaug09m
Manu Hernando,179372.0,5.0,397.0,0.0,0.08,-0.08,3.0,0.0,0.0,0.03,José Manuel,Hernando Riol,1998-07-19,28.19,189.0,4.0,Defender,Central Defender,9dgvmgys54hmypb8lixarvy09,bzkwzatvwahmbzok1ymm5vqa1,Real Racing Club,Racing de Santander,Santander,RAC,29.0,257.45,7.0,38.64,0.0,0.0,0.0,0.0,8.878,5.52,5.0,4.0,5.0,4.0,41.0,16.0,7.0,43.75,14.0,11.0,78.571,,,,,,,,,,179372.0,397.0,5.0,0.0,0.0,0.0,0.0,0.005,0.004,0.0,0.0,José Manuel,Hernando Riol,1998-07-19,28.19,189.0,4.0,Defender,Central Defender,9dgvmgys54hmypb8lixarvy09,bzkwzatvwahmbzok1ymm5vqa1,Real Racing Club,Racing de Santander,Santander,RAC,179372.0,397.0,5.0,114.0,93.0,81.58,9.0,2.0,22.22,1.0,0.0,0.0,0.0,0.0,0.0,José Manuel,Hernando Riol,1998-07-19,28.19,189.0,4.0,Defender,Central Defender,9dgvmgys54hmypb8lixarvy09,bzkwzatvwahmbzok1ymm5vqa1,Real Racing Club,Racing de Santander,Santander,RAC,179372,9dgvmgys54hmypb8lixarvy09,189,bzkwzatvwahmbzok1ymm5vqa1
Manu Sánchez,465494.0,5.0,431.0,0.0,0.01,-0.01,1.0,0.0,0.0,0.01,Manu,Sánchez,2000-08-24,26.08,855.0,23.0,Defender,Full Back,d34tmogp5h4rwuo3pcxtwp0fe,4grc9qgcvusllap8h5j6gc5h5,Levante UD,Levante,Levante,LEV,69.0,681.265,40.0,411.18,0.0,0.0,1.0,0.0,9.873,10.28,22.0,5.0,14.0,1.0,14.0,58.0,30.0,51.724,7.0,2.0,28.571,,,,,,,,,,465494.0,431.0,5.0,1.0,1.0,0.47,0.0,0.108,0.103,0.0,0.0,Manu,Sánchez,2000-08-24,26.08,855.0,23.0,Defender,Full Back,d34tmogp5h4rwuo3pcxtwp0fe,4grc9qgcvusllap8h5j6gc5h5,Levante UD,Levante,Levante,LEV,465494.0,431.0,5.0,221.0,190.0,85.97,39.0,27.0,69.23,5.0,1.0,20.0,0.0,0.0,0.0,Manu,Sánchez,2000-08-24,26.08,855.0,23.0,Defender,Full Back,d34tmogp5h4rwuo3pcxtwp0fe,4grc9qgcvusllap8h5j6gc5h5,Levante UD,Levante,Levante,LEV,465494,d34tmogp5h4rwuo3pcxtwp0fe,855,4grc9qgcvusllap8h5j6gc5h5
Manuel Ángel Castillo,735727.0,0.0,0.0,0.0,0.0,0.0,0.0,0.0,0.0,0.0,Manuel Ángel,Castillo,2008-06-12,18.28,179.0,26.0,Forward,0,735727,10eyb18v5puw4ez03ocaug09m,Sevilla FC,Sevilla,Sevilla,SEV,0.0,0.0,0.0,0.0,0.0,0.0,0.0,0.0,0.0,0.0,0.0,0.0,0.0,0.0,0.0,0.0,0.0,0.0,0.0,0.0,0.0,,,,,,,,,,735727.0,0.0,0.0,0.0,0.0,0.0,0.0,0.0,0.0,0.0,0.0,Manuel Ángel,Castillo,2008-06-12,18.28,179.0,26.0,Forward,0,735727,10eyb18v5puw4ez03ocaug09m,Sevilla FC,Sevilla,Sevilla,SEV,735727.0,0.0,0.0,0.0,0.0,0.0,0.0,0.0,0.0,0.0,0.0,0.0,0.0,0.0,0.0,Manuel Ángel,Castillo,2008-06-12,18.28,179.0,26.0,Forward,0,735727,10eyb18v5puw4ez03ocaug09m,Sevilla FC,Sevilla,Sevilla,SEV,735727,735727,179,10eyb18v5puw4ez03ocaug09m
Marash Kumbulla,433059.0,0.0,0.0,0.0,0.0,0.0,0.0,0.0,0.0,0.0,Marash,Kumbulla,2000-02-08,26.63,184.0,3.0,Defender,Central Defender,433059,3budh3j9xivsid3ptm8ptpy4k,Rayo Vallecano de Madrid,Rayo Vallecano,Rayo,RAY,0.0,0.0,0.0,0.0,0.0,0.0,0.0,0.0,0.0,0.0,0.0,0.0,0.0,0.0,0.0,0.0,0.0,0.0,0.0,0.0,0.0,,,,,,,,,,433059.0,0.0,0.0,0.0,0.0,0.0,0.0,0.0,0.0,0.0,0.0,Marash,Kumbulla,2000-02-08,26.63,184.0,3.0,Defender,Central Defender,433059,3budh3j9xivsid3ptm8ptpy4k,Rayo Vallecano de Madrid,Rayo Vallecano,Rayo,RAY,433059.0,0.0,0.0,0.0,0.0,0.0,0.0,0.0,0.0,0.0,0.0,0.0,0.0,0.0,0.0,Marash,Kumbulla,2000-02-08,26.63,184.0,3.0,Defender,Central Defender,433059,3budh3j9xivsid3ptm8ptpy4k,Rayo Vallecano de Madrid,Rayo Vallecano,Rayo,RAY,433059,433059,184,3budh3j9xivsid3ptm8ptpy4k
Marc Aguado,484741.0,4.0,257.0,1.0,0.05,0.95,1.0,1.0,100.0,0.05,Marc,Aguado,2000-02-22,26.59,954.0,8.0,Midfielder,Defensive Midfielder,z0qe6u5fvgrjy0jzk1qhbgq2,4yg9ttzw0m51048doksv8uq5r,Elche CF,Elche,Elche,ELC,15.0,144.351,8.0,84.105,0.0,0.0,0.0,0.0,9.623,10.513,2.0,2.0,13.0,0.0,5.0,12.0,5.0,41.667,2.0,1.0,50.0,,,,,,,,,,484741.0,257.0,4.0,1.0,1.0,0.77,0.0,0.02,0.019,0.0,0.0,Marc,Aguado,2000-02-22,26.59,954.0,8.0,Midfielder,Defensive Midfielder,z0qe6u5fvgrjy0jzk1qhbgq2,4yg9ttzw0m51048doksv8uq5r,Elche CF,Elche,Elche,ELC,484741.0,257.0,4.0,144.0,131.0,90.97,19.0,14.0,73.68,0.0,0.0,0.0,0.0,0.0,0.0,Marc,Aguado,2000-02-22,26.59,954.0,8.0,Midfielder,Defensive Midfielder,z0qe6u5fvgrjy0jzk1qhbgq2,4yg9ttzw0m51048doksv8uq5r,Elche CF,Elche,Elche,ELC,484741,z0qe6u5fvgrjy0jzk1qhbgq2,954,4yg9ttzw0m51048doksv8uq5r
Marc Bartra,81138.0,4.0,321.0,1.0,0.16,0.84,4.0,2.0,25.0,0.04,Marc,Bartra,1991-01-15,35.7,185.0,5.0,Defender,Central Defender,evpjdko94awbqbbl5wl9hto7p,ah8dala7suqqkj04n2l8xz4zd,Real Betis Balompié,Real Betis,Betis,BET,19.0,196.548,11.0,114.555,0.0,0.0,0.0,0.0,10.345,10.414,10.0,4.0,10.0,3.0,30.0,14.0,11.0,78.571,14.0,10.0,71.429,,,,,,,,,,81138.0,321.0,4.0,1.0,1.0,0.74,0.0,0.026,0.025,0.0,0.0,Marc,Bartra,1991-01-15,35.7,185.0,5.0,Defender,Central Defender,evpjdko94awbqbbl5wl9hto7p,ah8dala7suqqkj04n2l8xz4zd,Real Betis Balompié,Real Betis,Betis,BET,81138.0,321.0,4.0,144.0,121.0,84.03,28.0,17.0,60.71,2.0,0.0,0.0,0.0,0.0,0.0,Marc,Bartra,1991-01-15,35.7,185.0,5.0,Defender,Central Defender,evpjdko94awbqbbl5wl9hto7p,ah8dala7suqqkj04n2l8xz4zd,Real Betis Balompié,Real Betis,Betis,BET,81138,evpjdko94awbqbbl5wl9hto7p,185,ah8dala7suqqkj04n2l8xz4zd
Marc Bernal,637126.0,6.0,288.0,0.0,0.52,-0.52,3.0,1.0,0.0,0.17,Marc,Bernal,2007-05-26,19.33,178.0,22.0,Midfielder,Defensive Midfielder,4et6r42e7q2ojgaumwnua2kgk,agh9ifb2mw3ivjusgedj7c3fe,FC Barcelona,Barcelona,Barcelona,BAR,35.0,321.756,16.0,94.5,0.0,0.0,3.0,2.0,9.193,5.906,13.0,4.0,22.0,0.0,7.0,32.0,19.0,59.375,8.0,5.0,62.5,,,,,,,,,,637126.0,288.0,6.0,7.0,7.0,2.65,0.0,0.282,0.282,2.0,2.0,Marc,Bernal,2007-05-26,19.33,178.0,22.0,Midfielder,Defensive Midfielder,4et6r42e7q2ojgaumwnua2kgk,agh9ifb2mw3ivjusgedj7c3fe,FC Barcelona,Barcelona,Barcelona,BAR,637126.0,288.0,6.0,190.0,167.0,87.89,60.0,45.0,75.0,0.0,0.0,0.0,4.0,0.0,0.0,Marc,Bernal,2007-05-26,19.33,178.0,22.0,Midfielder,Defensive Midfielder,4et6r42e7q2ojgaumwnua2kgk,agh9ifb2mw3ivjusgedj7c3fe,FC Barcelona,Barcelona,Barcelona,BAR,637126,4et6r42e7q2ojgaumwnua2kgk,178,agh9ifb2mw3ivjusgedj7c3fe
Marc Casadó,494927.0,2.0,86.0,0.0,0.0,0.0,0.0,0.0,0.0,0.0,Marc,Casadó,2003-09-14,23.03,180.0,6.0,Midfielder,Defensive Midfielder,3hht0os2uzu234yq550i3fbe2,1r541mega6d838hi0p44sv0h2,RC Deportivo de A Coruña,Deportivo de A Coruña,Deportivo,DEP,15.0,145.625,10.0,95.655,0.0,0.0,0.0,0.0,9.708,9.566,0.0,1.0,6.0,1.0,1.0,6.0,5.0,83.333,1.0,1.0,100.0,,,,,,,,,,494927.0,86.0,2.0,0.0,0.0,0.0,0.0,0.011,0.011,0.0,0.0,Marc,Casadó,2003-09-14,23.03,180.0,6.0,Midfielder,Defensive Midfielder,3hht0os2uzu234yq550i3fbe2,1r541mega6d838hi0p44sv0h2,RC Deportivo de A Coruña,Deportivo de A Coruña,Deportivo,DEP,494927.0,86.0,2.0,59.0,49.0,83.05,9.0,6.0,66.67,0.0,0.0,0.0,0.0,0.0,0.0,Marc,Casadó,2003-09-14,23.03,180.0,6.0,Midfielder,Defensive Midfielder,3hht0os2uzu234yq550i3fbe2,1r541mega6d838hi0p44sv0h2,RC Deportivo de A Coruña,Deportivo de A Coruña,Deportivo,DEP,494927,3hht0os2uzu234yq550i3fbe2,180,1r541mega6d838hi0p44sv0h2
Marc Cucurella,179268.0,6.0,340.0,0.0,0.0,0.0,0.0,0.0,0.0,0.0,Marc,Cucurella,1998-07-22,28.18,186.0,17.0,Defender,Full Back,7c2wnewpcf1idj6ghj6gu0wyd,3kq9cckrnlogidldtdie2fkbl,Real Madrid CF,Real Madrid,Real Madrid,RMA,35.0,284.089,16.0,103.53,0.0,0.0,1.0,0.0,8.117,6.471,8.0,3.0,20.0,2.0,7.0,14.0,10.0,71.429,6.0,4.0,66.667,,,,,,,,,,179268.0,340.0,6.0,2.0,2.0,1.0,0.0,0.139,0.137,0.0,0.0,Marc,Cucurella,1998-07-22,28.18,186.0,17.0,Defender,Full Back,7c2wnewpcf1idj6ghj6gu0wyd,3kq9cckrnlogidldtdie2fkbl,Real Madrid CF,Real Madrid,Real Madrid,RMA,179268.0,340.0,6.0,206.0,184.0,89.32,55.0,44.0,80.0,4.0,0.0,0.0,0.0,0.0,0.0,Marc,Cucurella,1998-07-22,28.18,186.0,17.0,Defender,Full Back,7c2wnewpcf1idj6ghj6gu0wyd,3kq9cckrnlogidldtdie2fkbl,Real Madrid CF,Real Madrid,Real Madrid,RMA,179268,7c2wnewpcf1idj6ghj6gu0wyd,186,3kq9cckrnlogidldtdie2fkbl
Marc Pubill,562720.0,5.0,358.0,1.0,0.16,0.84,2.0,1.0,50.0,0.08,Marc,Pubill,2003-06-20,23.26,175.0,18.0,Defender,Full Back,d0kzduhj90areaill2gvvw6xg,4ku8o6uf87yd8iecdalipo6wd,Club Atlético de Madrid,Atlético de Madrid,Atlético,ATM,44.0,414.781,26.0,238.35,0.0,0.0,0.0,0.0,9.427,9.167,6.0,1.0,15.0,1.0,8.0,21.0,11.0,52.381,10.0,6.0,60.0,,,,,,,,,,562720.0,358.0,5.0,0.0,0.0,0.0,0.0,0.06,0.059,0.0,0.0,Marc,Pubill,2003-06-20,23.26,175.0,18.0,Defender,Full Back,d0kzduhj90areaill2gvvw6xg,4ku8o6uf87yd8iecdalipo6wd,Club Atlético de Madrid,Atlético de Madrid,Atlético,ATM,562720.0,358.0,5.0,239.0,216.0,90.38,28.0,19.0,67.86,3.0,1.0,33.33,0.0,0.0,0.0,Marc,Pubill,2003-06-20,23.26,175.0,18.0,Defender,Full Back,d0kzduhj90areaill2gvvw6xg,4ku8o6uf87yd8iecdalipo6wd,Club Atlético de Madrid,Atlético de Madrid,Atlético,ATM,562720,d0kzduhj90areaill2gvvw6xg,175,4ku8o6uf87yd8iecdalipo6wd
Marc Roca,234370.0,4.0,337.0,0.0,0.11,-0.11,3.0,0.0,0.0,0.04,Marc,Roca,1996-11-26,29.83,185.0,21.0,Midfielder,Defensive Midfielder,4r6jcuotjs6rz8iwu20996z85,ah8dala7suqqkj04n2l8xz4zd,Real Betis Balompié,Real Betis,Betis,BET,37.0,308.72,14.0,77.175,0.0,0.0,0.0,0.0,8.344,5.512,13.0,4.0,31.0,1.0,7.0,30.0,20.0,66.667,5.0,4.0,80.0,,,,,,,,,,234370.0,337.0,4.0,3.0,2.0,1.05,0.0,0.556,0.553,1.0,0.0,Marc,Roca,1996-11-26,29.83,185.0,21.0,Midfielder,Defensive Midfielder,4r6jcuotjs6rz8iwu20996z85,ah8dala7suqqkj04n2l8xz4zd,Real Betis Balompié,Real Betis,Betis,BET,234370.0,337.0,4.0,200.0,186.0,93.0,38.0,33.0,86.84,0.0,0.0,0.0,0.0,0.0,0.0,Marc,Roca,1996-11-26,29.83,185.0,21.0,Midfielder,Defensive Midfielder,4r6jcuotjs6rz8iwu20996z85,ah8dala7suqqkj04n2l8xz4zd,Real Betis Balompié,Real Betis,Betis,BET,234370,4r6jcuotjs6rz8iwu20996z85,185,ah8dala7suqqkj04n2l8xz4zd
Marc Santos,719440.0,1.0,26.0,0.0,0.0,0.0,0.0,0.0,0.0,0.0,Marc,Santos,2010-11-01,15.89,855.0,33.0,Defender,Full Back,2b3bz6j1mai74ny1ld1xbwvf8,4grc9qgcvusllap8h5j6gc5h5,Levante UD,Levante,Levante,LEV,2.0,12.953,0.0,-1.155,0.0,0.0,0.0,0.0,6.476,0.0,1.0,1.0,1.0,0.0,1.0,4.0,3.0,75.0,3.0,1.0,33.333,,,,,,,,,,719440.0,26.0,1.0,0.0,0.0,0.0,0.0,0.0,0.0,0.0,0.0,Marc,Santos,2010-11-01,15.89,855.0,33.0,Defender,Full Back,2b3bz6j1mai74ny1ld1xbwvf8,4grc9qgcvusllap8h5j6gc5h5,Levante UD,Levante,Levante,LEV,719440.0,26.0,1.0,3.0,2.0,66.67,0.0,0.0,0.0,0.0,0.0,0.0,0.0,0.0,0.0,Marc,Santos,2010-11-01,15.89,855.0,33.0,Defender,Full Back,2b3bz6j1mai74ny1ld1xbwvf8,4grc9qgcvusllap8h5j6gc5h5,Levante UD,Levante,Levante,LEV,719440,2b3bz6j1mai74ny1ld1xbwvf8,855,4grc9qgcvusllap8h5j6gc5h5
Marco Román,722839.0,0.0,0.0,0.0,0.0,0.0,0.0,0.0,0.0,0.0,Marco,Román,2006-05-03,20.39,184.0,31.0,Midfielder,Central Midfielder,722839,3budh3j9xivsid3ptm8ptpy4k,Rayo Vallecano de Madrid,Rayo Vallecano,Rayo,RAY,0.0,0.0,0.0,0.0,0.0,0.0,0.0,0.0,0.0,0.0,0.0,0.0,0.0,0.0,0.0,0.0,0.0,0.0,0.0,0.0,0.0,,,,,,,,,,722839.0,0.0,0.0,0.0,0.0,0.0,0.0,0.0,0.0,0.0,0.0,Marco,Román,2006-05-03,20.39,184.0,31.0,Midfielder,Central Midfielder,722839,3budh3j9xivsid3ptm8ptpy4k,Rayo Vallecano de Madrid,Rayo Vallecano,Rayo,RAY,722839.0,0.0,0.0,0.0,0.0,0.0,0.0,0.0,0.0,0.0,0.0,0.0,0.0,0.0,0.0,Marco,Román,2006-05-03,20.39,184.0,31.0,Midfielder,Central Midfielder,722839,3budh3j9xivsid3ptm8ptpy4k,Rayo Vallecano de Madrid,Rayo Vallecano,Rayo,RAY,722839,722839,184,3budh3j9xivsid3ptm8ptpy4k
Marco de Las Sias,665388.0,0.0,0.0,0.0,0.0,0.0,0.0,0.0,0.0,0.0,Marco,de Las Sias,2005-12-29,20.73,184.0,26.0,Defender,Central Defender,665388,3budh3j9xivsid3ptm8ptpy4k,Rayo Vallecano de Madrid,Rayo Vallecano,Rayo,RAY,0.0,0.0,0.0,0.0,0.0,0.0,0.0,0.0,0.0,0.0,0.0,0.0,0.0,0.0,0.0,0.0,0.0,0.0,0.0,0.0,0.0,,,,,,,,,,665388.0,0.0,0.0,0.0,0.0,0.0,0.0,0.0,0.0,0.0,0.0,Marco,de Las Sias,2005-12-29,20.73,184.0,26.0,Defender,Central Defender,665388,3budh3j9xivsid3ptm8ptpy4k,Rayo Vallecano de Madrid,Rayo Vallecano,Rayo,RAY,665388.0,0.0,0.0,0.0,0.0,0.0,0.0,0.0,0.0,0.0,0.0,0.0,0.0,0.0,0.0,Marco,de Las Sias,2005-12-29,20.73,184.0,26.0,Defender,Central Defender,665388,3budh3j9xivsid3ptm8ptpy4k,Rayo Vallecano de Madrid,Rayo Vallecano,Rayo,RAY,665388,665388,184,3budh3j9xivsid3ptm8ptpy4k
Marcos Alonso,82263.0,5.0,411.0,0.0,0.27,-0.27,3.0,0.0,0.0,0.09,Marcos,Alonso,1990-12-28,35.75,176.0,3.0,Defender,Full Back,9i7lb16qty1t21bnc5h7skclx,6f27yvbqcngegwsg2ozxxdj4,Real Club Celta de Vigo,Celta de Vigo,Celta,CEL,125.0,1515.334,80.0,1023.645,0.0,0.0,0.0,0.0,12.123,12.796,7.0,10.0,24.0,1.0,25.0,21.0,9.0,42.857,9.0,7.0,77.778,,,,,,,,,,82263.0,411.0,5.0,0.0,0.0,0.0,0.0,0.194,0.193,0.0,0.0,Marcos,Alonso,1990-12-28,35.75,176.0,3.0,Defender,Full Back,9i7lb16qty1t21bnc5h7skclx,6f27yvbqcngegwsg2ozxxdj4,Real Club Celta de Vigo,Celta de Vigo,Celta,CEL,82263.0,411.0,5.0,408.0,360.0,88.24,115.0,92.0,80.0,3.0,0.0,0.0,1.0,0.0,0.0,Marcos,Alonso,1990-12-28,35.75,176.0,3.0,Defender,Full Back,9i7lb16qty1t21bnc5h7skclx,6f27yvbqcngegwsg2ozxxdj4,Real Club Celta de Vigo,Celta de Vigo,Celta,CEL,82263,9i7lb16qty1t21bnc5h7skclx,176,6f27yvbqcngegwsg2ozxxdj4
Marcos Fernández,604116.0,5.0,166.0,1.0,1.09,-0.09,10.0,4.0,10.0,0.11,Marcos,Fernández,2003-05-17,23.36,177.0,18.0,Forward,Striker,dy5c8qikqptm7cdjqmiodvqqc,c8llrezkm3b3op4afrou6b487,Reial Club Deportiu Espanyol de Barcelona,Espanyol,Espanyol,ESP,9.0,114.337,6.0,81.795,1.0,0.0,0.0,0.0,12.704,13.632,2.0,0.0,5.0,0.0,1.0,12.0,4.0,33.333,11.0,5.0,45.455,,,,,,,,,,604116.0,166.0,5.0,3.0,3.0,8.0,0.0,0.556,0.556,1.0,1.0,Marcos,Fernández,2003-05-17,23.36,177.0,18.0,Forward,Striker,dy5c8qikqptm7cdjqmiodvqqc,c8llrezkm3b3op4afrou6b487,Reial Club Deportiu Espanyol de Barcelona,Espanyol,Espanyol,ESP,604116.0,166.0,5.0,26.0,17.0,65.38,13.0,5.0,38.46,2.0,2.0,100.0,0.0,0.0,0.0,Marcos,Fernández,2003-05-17,23.36,177.0,18.0,Forward,Striker,dy5c8qikqptm7cdjqmiodvqqc,c8llrezkm3b3op4afrou6b487,Reial Club Deportiu Espanyol de Barcelona,Espanyol,Espanyol,ESP,604116,dy5c8qikqptm7cdjqmiodvqqc,177,c8llrezkm3b3op4afrou6b487
Marcos Llorente,192364.0,6.0,375.0,0.0,0.11,-0.11,3.0,2.0,0.0,0.04,Marcos,Llorente,1995-01-30,31.65,175.0,14.0,Midfielder,Central Midfielder,amxunh6enoc99r07cp7qt621h,4ku8o6uf87yd8iecdalipo6wd,Club Atlético de Madrid,Atlético de Madrid,Atlético,ATM,62.0,709.841,35.0,312.06,1.0,0.0,1.0,0.0,11.449,8.916,10.0,7.0,25.0,5.0,7.0,31.0,16.0,51.613,2.0,2.0,100.0,,,,,,,,,,192364.0,375.0,6.0,6.0,6.0,1.92,0.0,0.187,0.185,1.0,1.0,Marcos,Llorente,1995-01-30,31.65,175.0,14.0,Midfielder,Central Midfielder,amxunh6enoc99r07cp7qt621h,4ku8o6uf87yd8iecdalipo6wd,Club Atlético de Madrid,Atlético de Madrid,Atlético,ATM,192364.0,375.0,6.0,266.0,246.0,92.48,67.0,58.0,86.57,6.0,0.0,0.0,1.0,0.0,0.0,Marcos,Llorente,1995-01-30,31.65,175.0,14.0,Midfielder,Central Midfielder,amxunh6enoc99r07cp7qt621h,4ku8o6uf87yd8iecdalipo6wd,Club Atlético de Madrid,Atlético de Madrid,Atlético,ATM,192364,amxunh6enoc99r07cp7qt621h,175,4ku8o6uf87yd8iecdalipo6wd
Marcos Navarro,619748.0,0.0,0.0,0.0,0.0,0.0,0.0,0.0,0.0,0.0,Marcos,Navarro,2004-05-30,22.32,191.0,41.0,Defender,Full Back,619748,ba5e91hjacvma2sjvixn00pjo,Valencia CF,Valencia,Valencia,VAL,0.0,0.0,0.0,0.0,0.0,0.0,0.0,0.0,0.0,0.0,0.0,0.0,0.0,0.0,0.0,0.0,0.0,0.0,0.0,0.0,0.0,,,,,,,,,,619748.0,0.0,0.0,0.0,0.0,0.0,0.0,0.0,0.0,0.0,0.0,Marcos,Navarro,2004-05-30,22.32,191.0,41.0,Defender,Full Back,619748,ba5e91hjacvma2sjvixn00pjo,Valencia CF,Valencia,Valencia,VAL,619748.0,0.0,0.0,0.0,0.0,0.0,0.0,0.0,0.0,0.0,0.0,0.0,0.0,0.0,0.0,Marcos,Navarro,2004-05-30,22.32,191.0,41.0,Defender,Full Back,619748,ba5e91hjacvma2sjvixn00pjo,Valencia CF,Valencia,Valencia,VAL,619748,619748,191,ba5e91hjacvma2sjvixn00pjo
Marcão,182816.0,0.0,0.0,0.0,0.0,0.0,0.0,0.0,0.0,0.0,Marcos,do Nascimento Teixeira,1996-06-05,30.31,179.0,23.0,Defender,Central Defender,182816,10eyb18v5puw4ez03ocaug09m,Sevilla FC,Sevilla,Sevilla,SEV,0.0,0.0,0.0,0.0,0.0,0.0,0.0,0.0,0.0,0.0,0.0,0.0,0.0,0.0,0.0,0.0,0.0,0.0,0.0,0.0,0.0,,,,,,,,,,182816.0,0.0,0.0,0.0,0.0,0.0,0.0,0.0,0.0,0.0,0.0,Marcos,do Nascimento Teixeira,1996-06-05,30.31,179.0,23.0,Defender,Central Defender,182816,10eyb18v5puw4ez03ocaug09m,Sevilla FC,Sevilla,Sevilla,SEV,182816.0,0.0,0.0,0.0,0.0,0.0,0.0,0.0,0.0,0.0,0.0,0.0,0.0,0.0,0.0,Marcos,do Nascimento Teixeira,1996-06-05,30.31,179.0,23.0,Defender,Central Defender,182816,10eyb18v5puw4ez03ocaug09m,Sevilla FC,Sevilla,Sevilla,SEV,182816,182816,179,10eyb18v5puw4ez03ocaug09m
Mariano Díaz,178347.0,6.0,258.0,3.0,1.29,1.71,9.0,8.0,33.33,0.14,Mariano,Díaz,1993-08-01,33.15,173.0,9.0,Forward,Striker,eufpzdp76oumhybvscmu76vo5,4dtdjgnpdq9uw4sdutti0vaar,Deportivo Alavés,Alavés,Alavés,ALA,22.0,288.505,16.0,167.265,3.0,2.0,0.0,0.0,13.114,10.454,1.0,0.0,10.0,1.0,3.0,22.0,8.0,36.364,19.0,8.0,42.105,,,,,,,,,,178347.0,258.0,6.0,3.0,3.0,0.0,0.0,0.332,0.332,3.0,3.0,Mariano,Díaz,1993-08-01,33.15,173.0,9.0,Forward,Striker,eufpzdp76oumhybvscmu76vo5,4dtdjgnpdq9uw4sdutti0vaar,Deportivo Alavés,Alavés,Alavés,ALA,178347.0,258.0,6.0,36.0,24.0,66.67,20.0,12.0,60.0,2.0,1.0,50.0,1.0,0.0,0.0,Mariano,Díaz,1993-08-01,33.15,173.0,9.0,Forward,Striker,eufpzdp76oumhybvscmu76vo5,4dtdjgnpdq9uw4sdutti0vaar,Deportivo Alavés,Alavés,Alavés,ALA,178347,eufpzdp76oumhybvscmu76vo5,173,4dtdjgnpdq9uw4sdutti0vaar
Mario Martín,561243.0,4.0,333.0,0.0,0.31,-0.31,6.0,2.0,0.0,0.05,Mario,Martín,2004-03-05,22.55,1450.0,6.0,Midfielder,Defensive Midfielder,1riebanoqbl7brs1bm3lkgxlg,1n1j0wsl763lq7ee1k0c11c02,Getafe CF,Getafe,Getafe,GET,19.0,193.418,9.0,94.92,0.0,0.0,0.0,0.0,10.18,10.547,6.0,3.0,12.0,2.0,6.0,38.0,16.0,42.105,14.0,5.0,35.714,,,,,,,,,,561243.0,333.0,4.0,1.0,1.0,1.14,0.0,0.084,0.084,0.0,0.0,Mario,Martín,2004-03-05,22.55,1450.0,6.0,Midfielder,Defensive Midfielder,1riebanoqbl7brs1bm3lkgxlg,1n1j0wsl763lq7ee1k0c11c02,Getafe CF,Getafe,Getafe,GET,561243.0,333.0,4.0,91.0,70.0,76.92,32.0,23.0,71.88,4.0,0.0,0.0,0.0,0.0,0.0,Mario,Martín,2004-03-05,22.55,1450.0,6.0,Midfielder,Defensive Midfielder,1riebanoqbl7brs1bm3lkgxlg,1n1j0wsl763lq7ee1k0c11c02,Getafe CF,Getafe,Getafe,GET,561243,1riebanoqbl7brs1bm3lkgxlg,1450,1n1j0wsl763lq7ee1k0c11c02
Mario Rivas,633424.0,0.0,0.0,0.0,0.0,0.0,0.0,0.0,0.0,0.0,Mario,Rivas,2007-03-16,19.52,186.0,33.0,Defender,Central Defender,633424,3kq9cckrnlogidldtdie2fkbl,Real Madrid CF,Real Madrid,Real Madrid,RMA,0.0,0.0,0.0,0.0,0.0,0.0,0.0,0.0,0.0,0.0,0.0,0.0,0.0,0.0,0.0,0.0,0.0,0.0,0.0,0.0,0.0,,,,,,,,,,633424.0,0.0,0.0,0.0,0.0,0.0,0.0,0.0,0.0,0.0,0.0,Mario,Rivas,2007-03-16,19.52,186.0,33.0,Defender,Central Defender,633424,3kq9cckrnlogidldtdie2fkbl,Real Madrid CF,Real Madrid,Real Madrid,RMA,633424.0,0.0,0.0,0.0,0.0,0.0,0.0,0.0,0.0,0.0,0.0,0.0,0.0,0.0,0.0,Mario,Rivas,2007-03-16,19.52,186.0,33.0,Defender,Central Defender,633424,3kq9cckrnlogidldtdie2fkbl,Real Madrid CF,Real Madrid,Real Madrid,RMA,633424,633424,186,3kq9cckrnlogidldtdie2fkbl
Mario Soriano,488042.0,6.0,418.0,0.0,0.33,-0.33,5.0,1.0,0.0,0.07,Mario,Soriano,2002-04-22,24.42,180.0,21.0,Midfielder,Attacking Midfielder,1iqywa6tuuujqemqpfcxs4nze,1r541mega6d838hi0p44sv0h2,RC Deportivo de A Coruña,Deportivo de A Coruña,Deportivo,DEP,66.0,624.35,25.0,175.14,0.0,0.0,0.0,0.0,9.46,7.006,8.0,3.0,22.0,0.0,4.0,30.0,16.0,53.333,2.0,2.0,100.0,,,,,,,,,,488042.0,418.0,6.0,4.0,3.0,0.75,25.0,0.434,0.399,1.0,1.0,Mario,Soriano,2002-04-22,24.42,180.0,21.0,Midfielder,Attacking Midfielder,1iqywa6tuuujqemqpfcxs4nze,1r541mega6d838hi0p44sv0h2,RC Deportivo de A Coruña,Deportivo de A Coruña,Deportivo,DEP,488042.0,418.0,6.0,273.0,247.0,90.48,66.0,51.0,77.27,3.0,0.0,0.0,6.0,2.0,33.33,Mario,Soriano,2002-04-22,24.42,180.0,21.0,Midfielder,Attacking Midfielder,1iqywa6tuuujqemqpfcxs4nze,1r541mega6d838hi0p44sv0h2,RC Deportivo de A Coruña,Deportivo de A Coruña,Deportivo,DEP,488042,1iqywa6tuuujqemqpfcxs4nze,180,1r541mega6d838hi0p44sv0h2
Marko Dmitrovic,,,,,,,,,,,,,,,,,,,,,,,,,,,,,,,,,,,,,,,,,,,,,,540.0,100.0,0.0,7.0,19.0,73.08,0.41,1.0,7.41,,,,,,,,,,,,,,,,,,,,,,,,,,,,,,,,,,,,,,,,,,,,,,,,,,,,,,,94618,bahph7009sc73jl6s2bramn6d,177,c8llrezkm3b3op4afrou6b487
Maroan Sannadi,611626.0,2.0,41.0,0.0,0.3,-0.3,2.0,1.0,0.0,0.15,Maroan,Sannadi,2001-02-01,25.64,174.0,21.0,Forward,Striker,by8xbw0rb239l1x4b0t33tpn8,3czravw89omgc9o4s0w3l1bg5,Athletic Club,Athletic Club,Athletic,ATH,2.0,13.909,0.0,-9.87,0.0,0.0,0.0,0.0,6.954,0.0,0.0,0.0,3.0,0.0,0.0,1.0,1.0,100.0,3.0,2.0,66.667,,,,,,,,,,611626.0,41.0,2.0,0.0,0.0,0.0,0.0,0.011,0.011,0.0,0.0,Maroan,Sannadi,2001-02-01,25.64,174.0,21.0,Forward,Striker,by8xbw0rb239l1x4b0t33tpn8,3czravw89omgc9o4s0w3l1bg5,Athletic Club,Athletic Club,Athletic,ATH,611626.0,41.0,2.0,7.0,4.0,57.14,1.0,1.0,100.0,0.0,0.0,0.0,0.0,0.0,0.0,Maroan,Sannadi,2001-02-01,25.64,174.0,21.0,Forward,Striker,by8xbw0rb239l1x4b0t33tpn8,3czravw89omgc9o4s0w3l1bg5,Athletic Club,Athletic Club,Athletic,ATH,611626,by8xbw0rb239l1x4b0t33tpn8,174,3czravw89omgc9o4s0w3l1bg5
Martim Neto,483083.0,4.0,161.0,0.0,0.09,-0.09,3.0,0.0,0.0,0.03,Martim,Carvalho Neto,2003-01-14,23.69,954.0,16.0,Midfielder,Central Midfielder,dkdy6ighxc2j05suqc2odry3u,4yg9ttzw0m51048doksv8uq5r,Elche CF,Elche,Elche,ELC,28.0,253.763,17.0,120.225,0.0,0.0,1.0,0.0,9.063,7.072,1.0,1.0,6.0,0.0,0.0,12.0,6.0,50.0,1.0,0.0,0.0,,,,,,,,,,483083.0,161.0,4.0,3.0,3.0,3.95,0.0,0.163,0.146,0.0,0.0,Martim,Carvalho Neto,2003-01-14,23.69,954.0,16.0,Midfielder,Central Midfielder,dkdy6ighxc2j05suqc2odry3u,4yg9ttzw0m51048doksv8uq5r,Elche CF,Elche,Elche,ELC,483083.0,161.0,4.0,78.0,68.0,87.18,31.0,26.0,83.87,0.0,0.0,0.0,0.0,0.0,0.0,Martim,Carvalho Neto,2003-01-14,23.69,954.0,16.0,Midfielder,Central Midfielder,dkdy6ighxc2j05suqc2odry3u,4yg9ttzw0m51048doksv8uq5r,Elche CF,Elche,Elche,ELC,483083,dkdy6ighxc2j05suqc2odry3u,954,4yg9ttzw0m51048doksv8uq5r
Martín Satriano,474843.0,6.0,455.0,1.0,0.72,0.28,13.0,3.0,7.69,0.06,Martín,Satriano,2001-02-20,25.59,1450.0,10.0,Forward,Striker,c68syh6axbkqmcmvrpumqb8mi,1n1j0wsl763lq7ee1k0c11c02,Getafe CF,Getafe,Getafe,GET,24.0,260.194,10.0,66.78,5.0,0.0,1.0,0.0,10.841,6.678,4.0,1.0,12.0,1.0,6.0,50.0,19.0,38.0,21.0,9.0,42.857,,,,,,,,,,474843.0,455.0,6.0,4.0,3.0,3.26,25.0,0.2,0.198,0.0,0.0,Martín,Satriano,2001-02-20,25.59,1450.0,10.0,Forward,Striker,c68syh6axbkqmcmvrpumqb8mi,1n1j0wsl763lq7ee1k0c11c02,Getafe CF,Getafe,Getafe,GET,474843.0,455.0,6.0,96.0,59.0,61.46,50.0,26.0,52.0,2.0,0.0,0.0,1.0,0.0,0.0,Martín,Satriano,2001-02-20,25.59,1450.0,10.0,Forward,Striker,c68syh6axbkqmcmvrpumqb8mi,1n1j0wsl763lq7ee1k0c11c02,Getafe CF,Getafe,Getafe,GET,474843,c68syh6axbkqmcmvrpumqb8mi,1450,1n1j0wsl763lq7ee1k0c11c02
Mathew Ryan,,,,,,,,,,,,,,,,,,,,,,,,,,,,,,,,,,,,,,,,,,,,,,450.0,100.0,0.0,9.0,19.0,67.86,0.48,1.0,9.48,,,,,,,,,,,,,,,,,,,,,,,,,,,,,,,,,,,,,,,,,,,,,,,,,,,,,,,131897,7udphhcokm6vralyz5gkovxsl,855,4grc9qgcvusllap8h5j6gc5h5
Matia Barzic,593181.0,0.0,0.0,0.0,0.0,0.0,0.0,0.0,0.0,0.0,Matia,Barzic,2004-05-31,22.32,954.0,26.0,Defender,Central Defender,593181,4yg9ttzw0m51048doksv8uq5r,Elche CF,Elche,Elche,ELC,0.0,0.0,0.0,0.0,0.0,0.0,0.0,0.0,0.0,0.0,0.0,0.0,0.0,0.0,0.0,0.0,0.0,0.0,0.0,0.0,0.0,,,,,,,,,,593181.0,0.0,0.0,0.0,0.0,0.0,0.0,0.0,0.0,0.0,0.0,Matia,Barzic,2004-05-31,22.32,954.0,26.0,Defender,Central Defender,593181,4yg9ttzw0m51048doksv8uq5r,Elche CF,Elche,Elche,ELC,593181.0,0.0,0.0,0.0,0.0,0.0,0.0,0.0,0.0,0.0,0.0,0.0,0.0,0.0,0.0,Matia,Barzic,2004-05-31,22.32,954.0,26.0,Defender,Central Defender,593181,4yg9ttzw0m51048doksv8uq5r,Elche CF,Elche,Elche,ELC,593181,593181,954,4yg9ttzw0m51048doksv8uq5r
Matteo Prati,588222.0,4.0,260.0,0.0,0.0,0.0,0.0,0.0,0.0,0.0,Matteo,Prati,2003-12-28,22.74,189.0,18.0,Midfielder,Defensive Midfielder,akvrot9hi5mylunfr07nytt04,bzkwzatvwahmbzok1ymm5vqa1,Real Racing Club,Racing de Santander,Santander,RAC,17.0,130.238,7.0,74.445,0.0,0.0,1.0,0.0,7.661,10.635,4.0,2.0,7.0,5.0,12.0,17.0,9.0,52.941,1.0,0.0,0.0,,,,,,,,,,588222.0,260.0,4.0,2.0,2.0,1.74,0.0,0.094,0.094,0.0,0.0,Matteo,Prati,2003-12-28,22.74,189.0,18.0,Midfielder,Defensive Midfielder,akvrot9hi5mylunfr07nytt04,bzkwzatvwahmbzok1ymm5vqa1,Real Racing Club,Racing de Santander,Santander,RAC,588222.0,260.0,4.0,120.0,94.0,78.33,19.0,11.0,57.89,1.0,0.0,0.0,0.0,0.0,0.0,Matteo,Prati,2003-12-28,22.74,189.0,18.0,Midfielder,Defensive Midfielder,akvrot9hi5mylunfr07nytt04,bzkwzatvwahmbzok1ymm5vqa1,Real Racing Club,Racing de Santander,Santander,RAC,588222,akvrot9hi5mylunfr07nytt04,189,bzkwzatvwahmbzok1ymm5vqa1
Matías Dituro,,,,,,,,,,,,,,,,,,,,,,,,,,,,,,,,,,,,,,,,,,,,,,540.0,100.0,2.0,16.0,14.0,46.67,-3.01,0.71,10.99,,,,,,,,,,,,,,,,,,,,,,,,,,,,,,,,,,,,,,,,,,,,,,,,,,,,,,,98448,8rgy29sd9okehwq8bzyb3v0t1,954,4yg9ttzw0m51048doksv8uq5r
Mauro Echegoyen,646145.0,0.0,0.0,0.0,0.0,0.0,0.0,0.0,0.0,0.0,Mauro,Echegoyen,2005-03-03,21.56,450.0,26.0,Midfielder,0,646145,2l0ldgiwsgb8d6y3z0sfgjzyj,CA Osasuna,Osasuna,Osasuna,OSA,0.0,0.0,0.0,0.0,0.0,0.0,0.0,0.0,0.0,0.0,0.0,0.0,0.0,0.0,0.0,0.0,0.0,0.0,0.0,0.0,0.0,,,,,,,,,,646145.0,0.0,0.0,0.0,0.0,0.0,0.0,0.0,0.0,0.0,0.0,Mauro,Echegoyen,2005-03-03,21.56,450.0,26.0,Midfielder,0,646145,2l0ldgiwsgb8d6y3z0sfgjzyj,CA Osasuna,Osasuna,Osasuna,OSA,646145.0,0.0,0.0,0.0,0.0,0.0,0.0,0.0,0.0,0.0,0.0,0.0,0.0,0.0,0.0,Mauro,Echegoyen,2005-03-03,21.56,450.0,26.0,Midfielder,0,646145,2l0ldgiwsgb8d6y3z0sfgjzyj,CA Osasuna,Osasuna,Osasuna,OSA,646145,646145,450,2l0ldgiwsgb8d6y3z0sfgjzyj
Miguel Loureiro,429213.0,4.0,195.0,0.0,0.0,0.0,0.0,0.0,0.0,0.0,Miguel,Loureiro,1996-11-21,29.84,180.0,15.0,Defender,Full Back,c5n0y6vewr01l0wfmhrn9u02x,1r541mega6d838hi0p44sv0h2,RC Deportivo de A Coruña,Deportivo de A Coruña,Deportivo,DEP,49.0,490.768,29.0,296.94,0.0,0.0,0.0,0.0,10.016,10.239,5.0,5.0,3.0,1.0,23.0,21.0,11.0,52.381,6.0,4.0,66.667,,,,,,,,,,429213.0,195.0,4.0,0.0,0.0,0.0,0.0,0.016,0.016,0.0,0.0,Miguel,Loureiro,1996-11-21,29.84,180.0,15.0,Defender,Full Back,c5n0y6vewr01l0wfmhrn9u02x,1r541mega6d838hi0p44sv0h2,RC Deportivo de A Coruña,Deportivo de A Coruña,Deportivo,DEP,429213.0,195.0,4.0,152.0,134.0,88.16,22.0,14.0,63.64,1.0,0.0,0.0,0.0,0.0,0.0,Miguel,Loureiro,1996-11-21,29.84,180.0,15.0,Defender,Full Back,c5n0y6vewr01l0wfmhrn9u02x,1r541mega6d838hi0p44sv0h2,RC Deportivo de A Coruña,Deportivo de A Coruña,Deportivo,DEP,429213,c5n0y6vewr01l0wfmhrn9u02x,180,1r541mega6d838hi0p44sv0h2
Miguel Rodríguez,494932.0,3.0,11.0,0.0,0.0,0.0,0.0,0.0,0.0,0.0,Miguel,Rodríguez,2003-04-29,23.41,173.0,22.0,Forward,Winger,9ano8w4jrlk6zq92rxchzaru2,4dtdjgnpdq9uw4sdutti0vaar,Deportivo Alavés,Alavés,Alavés,ALA,2.0,36.721,1.0,15.54,0.0,0.0,0.0,0.0,18.36,15.54,1.0,0.0,3.0,0.0,1.0,4.0,2.0,50.0,1.0,0.0,0.0,,,,,,,,,,494932.0,11.0,3.0,2.0,2.0,33.33,0.0,0.026,0.026,0.0,0.0,Miguel,Rodríguez,2003-04-29,23.41,173.0,22.0,Forward,Winger,9ano8w4jrlk6zq92rxchzaru2,4dtdjgnpdq9uw4sdutti0vaar,Deportivo Alavés,Alavés,Alavés,ALA,494932.0,11.0,3.0,6.0,4.0,66.67,3.0,3.0,100.0,0.0,0.0,0.0,0.0,0.0,0.0,Miguel,Rodríguez,2003-04-29,23.41,173.0,22.0,Forward,Winger,9ano8w4jrlk6zq92rxchzaru2,4dtdjgnpdq9uw4sdutti0vaar,Deportivo Alavés,Alavés,Alavés,ALA,494932,9ano8w4jrlk6zq92rxchzaru2,173,4dtdjgnpdq9uw4sdutti0vaar
Miguel Román,602479.0,6.0,495.0,0.0,0.11,-0.11,5.0,0.0,0.0,0.02,Miguel,Román,2002-12-26,23.75,176.0,8.0,Midfielder,Central Midfielder,a39ntr1ek9aavke18yucd0r2s,6f27yvbqcngegwsg2ozxxdj4,Real Club Celta de Vigo,Celta de Vigo,Celta,CEL,50.0,521.405,23.0,252.315,1.0,0.0,0.0,0.0,10.428,10.97,5.0,2.0,23.0,2.0,5.0,19.0,11.0,57.895,9.0,4.0,44.444,,,,,,,,,,602479.0,495.0,6.0,6.0,3.0,0.58,50.0,0.726,0.385,1.0,1.0,Miguel,Román,2002-12-26,23.75,176.0,8.0,Midfielder,Central Midfielder,a39ntr1ek9aavke18yucd0r2s,6f27yvbqcngegwsg2ozxxdj4,Real Club Celta de Vigo,Celta de Vigo,Celta,CEL,602479.0,495.0,6.0,360.0,318.0,88.33,129.0,104.0,80.62,1.0,0.0,0.0,3.0,0.0,0.0,Miguel,Román,2002-12-26,23.75,176.0,8.0,Midfielder,Central Midfielder,a39ntr1ek9aavke18yucd0r2s,6f27yvbqcngegwsg2ozxxdj4,Real Club Celta de Vigo,Celta de Vigo,Celta,CEL,602479,a39ntr1ek9aavke18yucd0r2s,176,6f27yvbqcngegwsg2ozxxdj4
Miguel Sierra,639309.0,6.0,418.0,2.0,0.53,1.47,10.0,5.0,20.0,0.05,Miguel,Sierra,2004-07-14,22.19,179.0,30.0,Forward,Winger,9lzqgedy6aaouokqenirdbu38,10eyb18v5puw4ez03ocaug09m,Sevilla FC,Sevilla,Sevilla,SEV,61.0,778.464,31.0,290.01,3.0,0.0,2.0,0.0,12.762,9.355,10.0,1.0,23.0,0.0,2.0,72.0,35.0,48.611,13.0,6.0,46.154,,,,,,,,,,639309.0,418.0,6.0,6.0,5.0,4.67,16.67,0.291,0.237,0.0,0.0,Miguel,Sierra,2004-07-14,22.19,179.0,30.0,Forward,Winger,9lzqgedy6aaouokqenirdbu38,10eyb18v5puw4ez03ocaug09m,Sevilla FC,Sevilla,Sevilla,SEV,639309.0,418.0,6.0,107.0,81.0,75.7,54.0,38.0,70.37,11.0,1.0,9.09,0.0,0.0,0.0,Miguel,Sierra,2004-07-14,22.19,179.0,30.0,Forward,Winger,9lzqgedy6aaouokqenirdbu38,10eyb18v5puw4ez03ocaug09m,Sevilla FC,Sevilla,Sevilla,SEV,639309,9lzqgedy6aaouokqenirdbu38,179,10eyb18v5puw4ez03ocaug09m
Mikel Goti,628792.0,0.0,0.0,0.0,0.0,0.0,0.0,0.0,0.0,0.0,Mikel,Goti,2002-05-23,24.34,188.0,22.0,Midfielder,Attacking Midfielder,628792,63f5h8t5e9qm1fqmvfkb23ghh,Real Sociedad de Fútbol,Real Sociedad,Real Sociedad,RSO,0.0,0.0,0.0,0.0,0.0,0.0,0.0,0.0,0.0,0.0,0.0,0.0,0.0,0.0,0.0,0.0,0.0,0.0,0.0,0.0,0.0,,,,,,,,,,628792.0,0.0,0.0,0.0,0.0,0.0,0.0,0.0,0.0,0.0,0.0,Mikel,Goti,2002-05-23,24.34,188.0,22.0,Midfielder,Attacking Midfielder,628792,63f5h8t5e9qm1fqmvfkb23ghh,Real Sociedad de Fútbol,Real Sociedad,Real Sociedad,RSO,628792.0,0.0,0.0,0.0,0.0,0.0,0.0,0.0,0.0,0.0,0.0,0.0,0.0,0.0,0.0,Mikel,Goti,2002-05-23,24.34,188.0,22.0,Midfielder,Attacking Midfielder,628792,63f5h8t5e9qm1fqmvfkb23ghh,Real Sociedad de Fútbol,Real Sociedad,Real Sociedad,RSO,628792,628792,188,63f5h8t5e9qm1fqmvfkb23ghh
Mikel Jauregizar,632021.0,4.0,150.0,0.0,0.03,-0.03,1.0,1.0,0.0,0.03,Mikel,Jauregizar,2003-11-13,22.86,174.0,18.0,Midfielder,Central Midfielder,ck7lu09geq8mi6vkf2llyi5ii,3czravw89omgc9o4s0w3l1bg5,Athletic Club,Athletic Club,Athletic,ATH,9.0,64.25,4.0,13.545,0.0,0.0,0.0,0.0,7.139,3.386,9.0,4.0,6.0,0.0,1.0,18.0,11.0,61.111,2.0,1.0,50.0,,,,,,,,,,632021.0,150.0,4.0,0.0,0.0,0.0,0.0,0.016,0.016,0.0,0.0,Mikel,Jauregizar,2003-11-13,22.86,174.0,18.0,Midfielder,Central Midfielder,ck7lu09geq8mi6vkf2llyi5ii,3czravw89omgc9o4s0w3l1bg5,Athletic Club,Athletic Club,Athletic,ATH,632021.0,150.0,4.0,67.0,55.0,82.09,12.0,7.0,58.33,0.0,0.0,0.0,0.0,0.0,0.0,Mikel,Jauregizar,2003-11-13,22.86,174.0,18.0,Midfielder,Central Midfielder,ck7lu09geq8mi6vkf2llyi5ii,3czravw89omgc9o4s0w3l1bg5,Athletic Club,Athletic Club,Athletic,ATH,632021,ck7lu09geq8mi6vkf2llyi5ii,174,3czravw89omgc9o4s0w3l1bg5
Mikel Oyarzabal,219000.0,6.0,417.0,0.0,0.56,-0.56,8.0,4.0,0.0,0.07,Mikel,Oyarzabal,1997-04-21,29.43,188.0,10.0,Forward,Second Striker,b45ryclny991bm7qosieyg1cl,63f5h8t5e9qm1fqmvfkb23ghh,Real Sociedad de Fútbol,Real Sociedad,Real Sociedad,RSO,54.0,623.831,31.0,283.71,2.0,0.0,3.0,2.0,11.552,9.152,4.0,2.0,14.0,0.0,0.0,30.0,13.0,43.333,11.0,5.0,45.455,,,,,,,,,,219000.0,417.0,6.0,6.0,6.0,2.82,0.0,0.722,0.722,2.0,2.0,Mikel,Oyarzabal,1997-04-21,29.43,188.0,10.0,Forward,Second Striker,b45ryclny991bm7qosieyg1cl,63f5h8t5e9qm1fqmvfkb23ghh,Real Sociedad de Fútbol,Real Sociedad,Real Sociedad,RSO,219000.0,417.0,6.0,147.0,114.0,77.55,61.0,40.0,65.57,2.0,1.0,50.0,3.0,2.0,66.67,Mikel,Oyarzabal,1997-04-21,29.43,188.0,10.0,Forward,Second Striker,b45ryclny991bm7qosieyg1cl,63f5h8t5e9qm1fqmvfkb23ghh,Real Sociedad de Fútbol,Real Sociedad,Real Sociedad,RSO,219000,b45ryclny991bm7qosieyg1cl,188,63f5h8t5e9qm1fqmvfkb23ghh
Mikel Rodríguez,631521.0,3.0,149.0,1.0,0.57,0.43,2.0,1.0,50.0,0.28,Mikel,Rodríguez,2002-04-03,24.48,173.0,18.0,Midfielder,Central Midfielder,8lmuo5xl3y15zb8xl3xhrs7x0,4dtdjgnpdq9uw4sdutti0vaar,Deportivo Alavés,Alavés,Alavés,ALA,15.0,180.492,9.0,116.13,1.0,0.0,0.0,0.0,12.033,12.903,5.0,2.0,7.0,0.0,3.0,18.0,14.0,77.778,4.0,1.0,25.0,,,,,,,,,,631521.0,149.0,3.0,3.0,3.0,7.5,0.0,0.302,0.302,0.0,0.0,Mikel,Rodríguez,2002-04-03,24.48,173.0,18.0,Midfielder,Central Midfielder,8lmuo5xl3y15zb8xl3xhrs7x0,4dtdjgnpdq9uw4sdutti0vaar,Deportivo Alavés,Alavés,Alavés,ALA,631521.0,149.0,3.0,40.0,31.0,77.5,18.0,14.0,77.78,3.0,0.0,0.0,1.0,1.0,100.0,Mikel,Rodríguez,2002-04-03,24.48,173.0,18.0,Midfielder,Central Midfielder,8lmuo5xl3y15zb8xl3xhrs7x0,4dtdjgnpdq9uw4sdutti0vaar,Deportivo Alavés,Alavés,Alavés,ALA,631521,8lmuo5xl3y15zb8xl3xhrs7x0,173,4dtdjgnpdq9uw4sdutti0vaar
Moha Achraf,753867.0,0.0,0.0,0.0,0.0,0.0,0.0,0.0,0.0,0.0,Moha,Achraf,2006-07-28,20.16,1450.0,33.0,Forward,Winger,753867,1n1j0wsl763lq7ee1k0c11c02,Getafe CF,Getafe,Getafe,GET,0.0,0.0,0.0,0.0,0.0,0.0,0.0,0.0,0.0,0.0,0.0,0.0,0.0,0.0,0.0,0.0,0.0,0.0,0.0,0.0,0.0,,,,,,,,,,753867.0,0.0,0.0,0.0,0.0,0.0,0.0,0.0,0.0,0.0,0.0,Moha,Achraf,2006-07-28,20.16,1450.0,33.0,Forward,Winger,753867,1n1j0wsl763lq7ee1k0c11c02,Getafe CF,Getafe,Getafe,GET,753867.0,0.0,0.0,0.0,0.0,0.0,0.0,0.0,0.0,0.0,0.0,0.0,0.0,0.0,0.0,Moha,Achraf,2006-07-28,20.16,1450.0,33.0,Forward,Winger,753867,1n1j0wsl763lq7ee1k0c11c02,Getafe CF,Getafe,Getafe,GET,753867,753867,1450,1n1j0wsl763lq7ee1k0c11c02
Mohamed Hamdoune,639184.0,0.0,0.0,0.0,0.0,0.0,0.0,0.0,0.0,0.0,Mohamed,Hamdoune,2004-05-24,22.33,1450.0,31.0,Defender,Central Defender,639184,1n1j0wsl763lq7ee1k0c11c02,Getafe CF,Getafe,Getafe,GET,0.0,0.0,0.0,0.0,0.0,0.0,0.0,0.0,0.0,0.0,0.0,0.0,0.0,0.0,0.0,0.0,0.0,0.0,0.0,0.0,0.0,,,,,,,,,,639184.0,0.0,0.0,0.0,0.0,0.0,0.0,0.0,0.0,0.0,0.0,Mohamed,Hamdoune,2004-05-24,22.33,1450.0,31.0,Defender,Central Defender,639184,1n1j0wsl763lq7ee1k0c11c02,Getafe CF,Getafe,Getafe,GET,639184.0,0.0,0.0,0.0,0.0,0.0,0.0,0.0,0.0,0.0,0.0,0.0,0.0,0.0,0.0,Mohamed,Hamdoune,2004-05-24,22.33,1450.0,31.0,Defender,Central Defender,639184,1n1j0wsl763lq7ee1k0c11c02,Getafe CF,Getafe,Getafe,GET,639184,639184,1450,1n1j0wsl763lq7ee1k0c11c02
Moi Gómez,109243.0,4.0,240.0,0.0,0.0,0.0,0.0,0.0,0.0,0.0,Moi,Gómez,1994-06-23,32.26,450.0,16.0,Forward,Winger,5t2ngljfiapcn98qlnbifg53p,2l0ldgiwsgb8d6y3z0sfgjzyj,CA Osasuna,Osasuna,Osasuna,OSA,38.0,417.702,15.0,129.255,0.0,0.0,1.0,1.0,10.992,8.617,3.0,3.0,15.0,1.0,5.0,19.0,11.0,57.895,4.0,1.0,25.0,,,,,,,,,,109243.0,240.0,4.0,4.0,4.0,2.88,0.0,0.485,0.472,1.0,1.0,Moi,Gómez,1994-06-23,32.26,450.0,16.0,Forward,Winger,5t2ngljfiapcn98qlnbifg53p,2l0ldgiwsgb8d6y3z0sfgjzyj,CA Osasuna,Osasuna,Osasuna,OSA,109243.0,240.0,4.0,115.0,98.0,85.22,36.0,29.0,80.56,2.0,1.0,50.0,1.0,1.0,100.0,Moi,Gómez,1994-06-23,32.26,450.0,16.0,Forward,Winger,5t2ngljfiapcn98qlnbifg53p,2l0ldgiwsgb8d6y3z0sfgjzyj,CA Osasuna,Osasuna,Osasuna,OSA,109243,5t2ngljfiapcn98qlnbifg53p,450,2l0ldgiwsgb8d6y3z0sfgjzyj
Morten Hjulmand,454812.0,6.0,341.0,0.0,0.17,-0.17,3.0,0.0,0.0,0.06,Morten,Hjulmand,1999-06-25,27.25,175.0,23.0,Midfielder,Defensive Midfielder,4x1tm440b5cshi5gxkx5k9m95,4ku8o6uf87yd8iecdalipo6wd,Club Atlético de Madrid,Atlético de Madrid,Atlético,ATM,31.0,232.581,9.0,41.37,0.0,0.0,1.0,0.0,7.503,4.597,8.0,8.0,17.0,2.0,8.0,26.0,19.0,73.077,8.0,5.0,62.5,,,,,,,,,,454812.0,341.0,6.0,7.0,7.0,3.24,0.0,0.274,0.273,0.0,0.0,Morten,Hjulmand,1999-06-25,27.25,175.0,23.0,Midfielder,Defensive Midfielder,4x1tm440b5cshi5gxkx5k9m95,4ku8o6uf87yd8iecdalipo6wd,Club Atlético de Madrid,Atlético de Madrid,Atlético,ATM,454812.0,341.0,6.0,225.0,206.0,91.56,52.0,40.0,76.92,0.0,0.0,0.0,0.0,0.0,0.0,Morten,Hjulmand,1999-06-25,27.25,175.0,23.0,Midfielder,Defensive Midfielder,4x1tm440b5cshi5gxkx5k9m95,4ku8o6uf87yd8iecdalipo6wd,Club Atlético de Madrid,Atlético de Madrid,Atlético,ATM,454812,4x1tm440b5cshi5gxkx5k9m95,175,4ku8o6uf87yd8iecdalipo6wd
Mouctar Diakhaby,208135.0,4.0,287.0,0.0,0.1,-0.1,2.0,0.0,0.0,0.05,Mouctar,Diakhaby,1996-12-19,29.77,191.0,4.0,Defender,Central Defender,eucssbf7wamb41y1gixfodivp,ba5e91hjacvma2sjvixn00pjo,Valencia CF,Valencia,Valencia,VAL,34.0,316.217,14.0,124.215,0.0,0.0,0.0,0.0,9.3,8.872,2.0,6.0,13.0,2.0,18.0,7.0,4.0,57.143,8.0,7.0,87.5,,,,,,,,,,208135.0,287.0,4.0,0.0,0.0,0.0,0.0,0.022,0.021,0.0,0.0,Mouctar,Diakhaby,1996-12-19,29.77,191.0,4.0,Defender,Central Defender,eucssbf7wamb41y1gixfodivp,ba5e91hjacvma2sjvixn00pjo,Valencia CF,Valencia,Valencia,VAL,208135.0,287.0,4.0,143.0,119.0,83.22,28.0,17.0,60.71,0.0,0.0,0.0,0.0,0.0,0.0,Mouctar,Diakhaby,1996-12-19,29.77,191.0,4.0,Defender,Central Defender,eucssbf7wamb41y1gixfodivp,ba5e91hjacvma2sjvixn00pjo,Valencia CF,Valencia,Valencia,VAL,208135,eucssbf7wamb41y1gixfodivp,191,ba5e91hjacvma2sjvixn00pjo
Moussa Diarra,485098.0,0.0,0.0,0.0,0.0,0.0,0.0,0.0,0.0,0.0,Moussa,Diarra,2000-11-10,25.87,173.0,24.0,Defender,Central Defender,485098,4dtdjgnpdq9uw4sdutti0vaar,Deportivo Alavés,Alavés,Alavés,ALA,0.0,0.0,0.0,0.0,0.0,0.0,0.0,0.0,0.0,0.0,0.0,0.0,0.0,0.0,0.0,0.0,0.0,0.0,0.0,0.0,0.0,,,,,,,,,,485098.0,0.0,0.0,0.0,0.0,0.0,0.0,0.0,0.0,0.0,0.0,Moussa,Diarra,2000-11-10,25.87,173.0,24.0,Defender,Central Defender,485098,4dtdjgnpdq9uw4sdutti0vaar,Deportivo Alavés,Alavés,Alavés,ALA,485098.0,0.0,0.0,0.0,0.0,0.0,0.0,0.0,0.0,0.0,0.0,0.0,0.0,0.0,0.0,Moussa,Diarra,2000-11-10,25.87,173.0,24.0,Defender,Central Defender,485098,4dtdjgnpdq9uw4sdutti0vaar,Deportivo Alavés,Alavés,Alavés,ALA,485098,485098,173,4dtdjgnpdq9uw4sdutti0vaar
Mujaid Sadick,436027.0,2.0,76.0,0.0,0.0,0.0,0.0,0.0,0.0,0.0,Mujaid,Sadick,2000-03-14,26.53,184.0,15.0,Defender,Full Back,a3on8aipuz77wn25jm2r312lm,3budh3j9xivsid3ptm8ptpy4k,Rayo Vallecano de Madrid,Rayo Vallecano,Rayo,RAY,10.0,93.286,9.0,87.99,0.0,0.0,0.0,0.0,9.329,9.777,0.0,1.0,4.0,2.0,5.0,2.0,1.0,50.0,4.0,2.0,50.0,,,,,,,,,,436027.0,76.0,2.0,0.0,0.0,0.0,0.0,0.003,0.003,0.0,0.0,Mujaid,Sadick,2000-03-14,26.53,184.0,15.0,Defender,Full Back,a3on8aipuz77wn25jm2r312lm,3budh3j9xivsid3ptm8ptpy4k,Rayo Vallecano de Madrid,Rayo Vallecano,Rayo,RAY,436027.0,76.0,2.0,65.0,62.0,95.38,3.0,2.0,66.67,0.0,0.0,0.0,0.0,0.0,0.0,Mujaid,Sadick,2000-03-14,26.53,184.0,15.0,Defender,Full Back,a3on8aipuz77wn25jm2r312lm,3budh3j9xivsid3ptm8ptpy4k,Rayo Vallecano de Madrid,Rayo Vallecano,Rayo,RAY,436027,a3on8aipuz77wn25jm2r312lm,184,3budh3j9xivsid3ptm8ptpy4k
Nacho Pérez,704770.0,5.0,295.0,0.0,0.11,-0.11,1.0,1.0,0.0,0.11,Nacho,Pérez,2008-09-01,18.06,855.0,29.0,Defender,Full Back,a0810cmxke3zmwaqj31bo15hw,4grc9qgcvusllap8h5j6gc5h5,Levante UD,Levante,Levante,LEV,23.0,209.231,11.0,63.735,0.0,0.0,0.0,0.0,9.097,5.794,7.0,5.0,8.0,3.0,19.0,13.0,9.0,69.231,8.0,4.0,50.0,,,,,,,,,,704770.0,295.0,5.0,2.0,1.0,1.08,50.0,0.151,0.139,0.0,0.0,Nacho,Pérez,2008-09-01,18.06,855.0,29.0,Defender,Full Back,a0810cmxke3zmwaqj31bo15hw,4grc9qgcvusllap8h5j6gc5h5,Levante UD,Levante,Levante,LEV,704770.0,295.0,5.0,95.0,71.0,74.74,25.0,14.0,56.0,9.0,1.0,11.11,0.0,0.0,0.0,Nacho,Pérez,2008-09-01,18.06,855.0,29.0,Defender,Full Back,a0810cmxke3zmwaqj31bo15hw,4grc9qgcvusllap8h5j6gc5h5,Levante UD,Levante,Levante,LEV,704770,a0810cmxke3zmwaqj31bo15hw,855,4grc9qgcvusllap8h5j6gc5h5
Nahuel Tenaglia,432855.0,6.0,495.0,1.0,0.38,0.62,6.0,2.0,16.67,0.06,Nahuel,Tenaglia,1996-02-21,30.59,173.0,14.0,Defender,Full Back,9tw6rz3lfmn06fzsabtx9ei95,4dtdjgnpdq9uw4sdutti0vaar,Deportivo Alavés,Alavés,Alavés,ALA,47.0,617.701,33.0,427.245,0.0,0.0,1.0,0.0,13.143,12.947,10.0,7.0,20.0,0.0,28.0,37.0,19.0,51.351,15.0,6.0,40.0,,,,,,,,,,432855.0,495.0,6.0,2.0,2.0,1.15,0.0,0.337,0.332,0.0,0.0,Nahuel,Tenaglia,1996-02-21,30.59,173.0,14.0,Defender,Full Back,9tw6rz3lfmn06fzsabtx9ei95,4dtdjgnpdq9uw4sdutti0vaar,Deportivo Alavés,Alavés,Alavés,ALA,432855.0,495.0,6.0,180.0,147.0,81.67,43.0,24.0,55.81,6.0,1.0,16.67,0.0,0.0,0.0,Nahuel,Tenaglia,1996-02-21,30.59,173.0,14.0,Defender,Full Back,9tw6rz3lfmn06fzsabtx9ei95,4dtdjgnpdq9uw4sdutti0vaar,Deportivo Alavés,Alavés,Alavés,ALA,432855,9tw6rz3lfmn06fzsabtx9ei95,173,4dtdjgnpdq9uw4sdutti0vaar
Natan,448085.0,5.0,450.0,1.0,0.23,0.77,2.0,1.0,50.0,0.11,Natan Bernardo,de Souza,2001-02-06,25.63,185.0,4.0,Defender,Central Defender,2r4450bqkmpcf1ogmcfhvczmy,ah8dala7suqqkj04n2l8xz4zd,Real Betis Balompié,Real Betis,Betis,BET,56.0,554.174,25.0,313.11,0.0,0.0,0.0,0.0,9.896,12.524,12.0,1.0,17.0,2.0,40.0,19.0,16.0,84.211,11.0,9.0,81.818,,,,,,,,,,448085.0,450.0,5.0,2.0,2.0,0.76,0.0,0.036,0.036,0.0,0.0,Natan Bernardo,de Souza,2001-02-06,25.63,185.0,4.0,Defender,Central Defender,2r4450bqkmpcf1ogmcfhvczmy,ah8dala7suqqkj04n2l8xz4zd,Real Betis Balompié,Real Betis,Betis,BET,448085.0,450.0,5.0,287.0,261.0,90.94,33.0,25.0,75.76,0.0,0.0,0.0,0.0,0.0,0.0,Natan Bernardo,de Souza,2001-02-06,25.63,185.0,4.0,Defender,Central Defender,2r4450bqkmpcf1ogmcfhvczmy,ah8dala7suqqkj04n2l8xz4zd,Real Betis Balompié,Real Betis,Betis,BET,448085,2r4450bqkmpcf1ogmcfhvczmy,185,ah8dala7suqqkj04n2l8xz4zd
Nathan Saliba,496694.0,3.0,206.0,0.0,0.12,-0.12,1.0,0.0,0.0,0.12,Nathan,Saliba,2004-02-07,22.63,449.0,24.0,Midfielder,Central Midfielder,8qcl7ywa0ye0tpf7txo4uwuwa,74mcjsm72vr3l9pw2i4qfjchj,Villarreal CF,Villarreal,Villarreal,VIL,27.0,299.005,13.0,120.54,0.0,0.0,0.0,0.0,11.074,9.272,7.0,3.0,8.0,1.0,5.0,21.0,12.0,57.143,5.0,4.0,80.0,,,,,,,,,,496694.0,206.0,3.0,1.0,1.0,0.66,0.0,0.181,0.181,0.0,0.0,Nathan,Saliba,2004-02-07,22.63,449.0,24.0,Midfielder,Central Midfielder,8qcl7ywa0ye0tpf7txo4uwuwa,74mcjsm72vr3l9pw2i4qfjchj,Villarreal CF,Villarreal,Villarreal,VIL,496694.0,206.0,3.0,152.0,137.0,90.13,52.0,40.0,76.92,0.0,0.0,0.0,0.0,0.0,0.0,Nathan,Saliba,2004-02-07,22.63,449.0,24.0,Midfielder,Central Midfielder,8qcl7ywa0ye0tpf7txo4uwuwa,74mcjsm72vr3l9pw2i4qfjchj,Villarreal CF,Villarreal,Villarreal,VIL,496694,8qcl7ywa0ye0tpf7txo4uwuwa,449,74mcjsm72vr3l9pw2i4qfjchj
Nelson Deossa,544538.0,6.0,258.0,0.0,0.55,-0.55,13.0,5.0,0.0,0.04,Nelson,Deossa,2000-02-06,26.63,185.0,18.0,Midfielder,0,72pvwj4z6j8xwsgs6zlhr5e6s,ah8dala7suqqkj04n2l8xz4zd,Real Betis Balompié,Real Betis,Betis,BET,59.0,682.667,28.0,302.505,7.0,0.0,1.0,0.0,11.571,10.804,7.0,3.0,25.0,0.0,9.0,31.0,18.0,58.065,17.0,8.0,47.059,,,,,,,,,,544538.0,258.0,6.0,4.0,4.0,2.37,0.0,0.327,0.327,0.0,0.0,Nelson,Deossa,2000-02-06,26.63,185.0,18.0,Midfielder,0,72pvwj4z6j8xwsgs6zlhr5e6s,ah8dala7suqqkj04n2l8xz4zd,Real Betis Balompié,Real Betis,Betis,BET,544538.0,258.0,6.0,171.0,142.0,83.04,61.0,50.0,81.97,0.0,0.0,0.0,1.0,0.0,0.0,Nelson,Deossa,2000-02-06,26.63,185.0,18.0,Midfielder,0,72pvwj4z6j8xwsgs6zlhr5e6s,ah8dala7suqqkj04n2l8xz4zd,Real Betis Balompié,Real Betis,Betis,BET,544538,72pvwj4z6j8xwsgs6zlhr5e6s,185,ah8dala7suqqkj04n2l8xz4zd
Nemanja Gudelj,72154.0,4.0,284.0,0.0,0.13,-0.13,5.0,0.0,0.0,0.03,Nemanja,Gudelj,1991-11-16,34.86,1450.0,8.0,Midfielder,Defensive Midfielder,6vvwhgic29fekmmj2cg62ytp1,1n1j0wsl763lq7ee1k0c11c02,Getafe CF,Getafe,Getafe,GET,7.0,47.948,4.0,20.475,0.0,0.0,0.0,0.0,6.85,5.119,2.0,4.0,4.0,3.0,7.0,11.0,2.0,18.182,6.0,5.0,83.333,,,,,,,,,,72154.0,284.0,4.0,1.0,1.0,1.52,0.0,0.18,0.173,0.0,0.0,Nemanja,Gudelj,1991-11-16,34.86,1450.0,8.0,Midfielder,Defensive Midfielder,6vvwhgic29fekmmj2cg62ytp1,1n1j0wsl763lq7ee1k0c11c02,Getafe CF,Getafe,Getafe,GET,72154.0,284.0,4.0,72.0,51.0,70.83,26.0,11.0,42.31,0.0,0.0,0.0,0.0,0.0,0.0,Nemanja,Gudelj,1991-11-16,34.86,1450.0,8.0,Midfielder,Defensive Midfielder,6vvwhgic29fekmmj2cg62ytp1,1n1j0wsl763lq7ee1k0c11c02,Getafe CF,Getafe,Getafe,GET,72154,6vvwhgic29fekmmj2cg62ytp1,1450,1n1j0wsl763lq7ee1k0c11c02
Nico Guillén,664217.0,2.0,90.0,0.0,0.04,-0.04,1.0,0.0,0.0,0.04,Nico,Guillén,2008-01-30,18.65,179.0,27.0,Midfielder,0,9eedem908155alk87pc4u8wt0,10eyb18v5puw4ez03ocaug09m,Sevilla FC,Sevilla,Sevilla,SEV,5.0,45.241,1.0,-8.505,0.0,0.0,0.0,0.0,9.048,-8.505,4.0,2.0,6.0,0.0,4.0,16.0,8.0,50.0,0.0,0.0,0.0,,,,,,,,,,664217.0,90.0,2.0,0.0,0.0,0.0,0.0,0.017,0.017,0.0,0.0,Nico,Guillén,2008-01-30,18.65,179.0,27.0,Midfielder,0,9eedem908155alk87pc4u8wt0,10eyb18v5puw4ez03ocaug09m,Sevilla FC,Sevilla,Sevilla,SEV,664217.0,90.0,2.0,25.0,20.0,80.0,8.0,4.0,50.0,1.0,0.0,0.0,0.0,0.0,0.0,Nico,Guillén,2008-01-30,18.65,179.0,27.0,Midfielder,0,9eedem908155alk87pc4u8wt0,10eyb18v5puw4ez03ocaug09m,Sevilla FC,Sevilla,Sevilla,SEV,664217,9eedem908155alk87pc4u8wt0,179,10eyb18v5puw4ez03ocaug09m
Nico Serrano,494929.0,0.0,0.0,0.0,0.0,0.0,0.0,0.0,0.0,0.0,Nico,Serrano,2003-03-05,23.56,174.0,22.0,Forward,Winger,494929,3czravw89omgc9o4s0w3l1bg5,Athletic Club,Athletic Club,Athletic,ATH,0.0,0.0,0.0,0.0,0.0,0.0,0.0,0.0,0.0,0.0,0.0,0.0,0.0,0.0,0.0,0.0,0.0,0.0,0.0,0.0,0.0,,,,,,,,,,494929.0,0.0,0.0,0.0,0.0,0.0,0.0,0.0,0.0,0.0,0.0,Nico,Serrano,2003-03-05,23.56,174.0,22.0,Forward,Winger,494929,3czravw89omgc9o4s0w3l1bg5,Athletic Club,Athletic Club,Athletic,ATH,494929.0,0.0,0.0,0.0,0.0,0.0,0.0,0.0,0.0,0.0,0.0,0.0,0.0,0.0,0.0,Nico,Serrano,2003-03-05,23.56,174.0,22.0,Forward,Winger,494929,3czravw89omgc9o4s0w3l1bg5,Athletic Club,Athletic Club,Athletic,ATH,494929,494929,174,3czravw89omgc9o4s0w3l1bg5
Nico Williams,523654.0,5.0,274.0,1.0,0.98,0.02,9.0,2.0,11.11,0.11,Nico,Williams,2002-07-12,24.2,174.0,10.0,Forward,Winger,66jotyvbhtz5cjvhbby6luelm,3czravw89omgc9o4s0w3l1bg5,Athletic Club,Athletic Club,Athletic,ATH,62.0,694.886,40.0,446.145,4.0,0.0,2.0,0.0,11.208,11.154,5.0,2.0,14.0,0.0,4.0,30.0,10.0,33.333,3.0,1.0,33.333,,,,,,,,,,523654.0,274.0,5.0,4.0,4.0,4.3,0.0,1.245,1.244,0.0,0.0,Nico,Williams,2002-07-12,24.2,174.0,10.0,Forward,Winger,66jotyvbhtz5cjvhbby6luelm,3czravw89omgc9o4s0w3l1bg5,Athletic Club,Athletic Club,Athletic,ATH,523654.0,274.0,5.0,93.0,68.0,73.12,55.0,36.0,65.45,14.0,4.0,28.57,0.0,0.0,0.0,Nico,Williams,2002-07-12,24.2,174.0,10.0,Forward,Winger,66jotyvbhtz5cjvhbby6luelm,3czravw89omgc9o4s0w3l1bg5,Athletic Club,Athletic Club,Athletic,ATH,523654,66jotyvbhtz5cjvhbby6luelm,174,3czravw89omgc9o4s0w3l1bg5
Nicolas Pepe,195735.0,5.0,412.0,2.0,0.82,1.18,14.0,7.0,14.29,0.06,Nicolas,Pepe,1995-05-29,31.33,449.0,19.0,Forward,Winger,3n9jnuteyjx6w6dxviuead0b9,74mcjsm72vr3l9pw2i4qfjchj,Villarreal CF,Villarreal,Villarreal,VIL,88.0,976.674,51.0,518.7,4.0,1.0,3.0,0.0,11.099,10.171,3.0,1.0,17.0,2.0,1.0,52.0,23.0,44.231,1.0,1.0,100.0,,,,,,,,,,195735.0,412.0,5.0,9.0,7.0,3.4,22.22,1.255,1.119,0.0,0.0,Nicolas,Pepe,1995-05-29,31.33,449.0,19.0,Forward,Winger,3n9jnuteyjx6w6dxviuead0b9,74mcjsm72vr3l9pw2i4qfjchj,Villarreal CF,Villarreal,Villarreal,VIL,195735.0,412.0,5.0,215.0,187.0,86.98,125.0,103.0,82.4,11.0,5.0,45.45,0.0,0.0,0.0,Nicolas,Pepe,1995-05-29,31.33,449.0,19.0,Forward,Winger,3n9jnuteyjx6w6dxviuead0b9,74mcjsm72vr3l9pw2i4qfjchj,Villarreal CF,Villarreal,Villarreal,VIL,195735,3n9jnuteyjx6w6dxviuead0b9,449,74mcjsm72vr3l9pw2i4qfjchj
Nicolás Valentini,536665.0,3.0,145.0,0.0,0.02,-0.02,1.0,0.0,0.0,0.02,Nicolás,Valentini,2001-04-06,25.47,173.0,2.0,Defender,Central Defender,djepfduaa3j07utg0j259cowk,4dtdjgnpdq9uw4sdutti0vaar,Deportivo Alavés,Alavés,Alavés,ALA,18.0,171.898,11.0,115.395,0.0,0.0,1.0,0.0,9.55,10.49,1.0,1.0,1.0,4.0,7.0,3.0,2.0,66.667,5.0,3.0,60.0,,,,,,,,,,536665.0,145.0,3.0,1.0,1.0,1.47,0.0,0.082,0.082,0.0,0.0,Nicolás,Valentini,2001-04-06,25.47,173.0,2.0,Defender,Central Defender,djepfduaa3j07utg0j259cowk,4dtdjgnpdq9uw4sdutti0vaar,Deportivo Alavés,Alavés,Alavés,ALA,536665.0,145.0,3.0,69.0,50.0,72.46,17.0,11.0,64.71,3.0,1.0,33.33,0.0,0.0,0.0,Nicolás,Valentini,2001-04-06,25.47,173.0,2.0,Defender,Central Defender,djepfduaa3j07utg0j259cowk,4dtdjgnpdq9uw4sdutti0vaar,Deportivo Alavés,Alavés,Alavés,ALA,536665,djepfduaa3j07utg0j259cowk,173,4dtdjgnpdq9uw4sdutti0vaar
Nizar,746335.0,0.0,0.0,0.0,0.0,0.0,0.0,0.0,0.0,0.0,Nizar,El Jmili Ben Hamou,2004-11-30,21.81,449.0,27.0,Forward,0,746335,74mcjsm72vr3l9pw2i4qfjchj,Villarreal CF,Villarreal,Villarreal,VIL,0.0,0.0,0.0,0.0,0.0,0.0,0.0,0.0,0.0,0.0,0.0,0.0,0.0,0.0,0.0,0.0,0.0,0.0,0.0,0.0,0.0,,,,,,,,,,746335.0,0.0,0.0,0.0,0.0,0.0,0.0,0.0,0.0,0.0,0.0,Nizar,El Jmili Ben Hamou,2004-11-30,21.81,449.0,27.0,Forward,0,746335,74mcjsm72vr3l9pw2i4qfjchj,Villarreal CF,Villarreal,Villarreal,VIL,746335.0,0.0,0.0,0.0,0.0,0.0,0.0,0.0,0.0,0.0,0.0,0.0,0.0,0.0,0.0,Nizar,El Jmili Ben Hamou,2004-11-30,21.81,449.0,27.0,Forward,0,746335,74mcjsm72vr3l9pw2i4qfjchj,Villarreal CF,Villarreal,Villarreal,VIL,746335,746335,449,74mcjsm72vr3l9pw2i4qfjchj
Nordin Al Lal,631383.0,0.0,0.0,0.0,0.0,0.0,0.0,0.0,0.0,0.0,Nordin,Al Lal,2005-02-14,21.61,954.0,33.0,Forward,Winger,631383,4yg9ttzw0m51048doksv8uq5r,Elche CF,Elche,Elche,ELC,0.0,0.0,0.0,0.0,0.0,0.0,0.0,0.0,0.0,0.0,0.0,0.0,0.0,0.0,0.0,0.0,0.0,0.0,0.0,0.0,0.0,,,,,,,,,,631383.0,0.0,0.0,0.0,0.0,0.0,0.0,0.0,0.0,0.0,0.0,Nordin,Al Lal,2005-02-14,21.61,954.0,33.0,Forward,Winger,631383,4yg9ttzw0m51048doksv8uq5r,Elche CF,Elche,Elche,ELC,631383.0,0.0,0.0,0.0,0.0,0.0,0.0,0.0,0.0,0.0,0.0,0.0,0.0,0.0,0.0,Nordin,Al Lal,2005-02-14,21.61,954.0,33.0,Forward,Winger,631383,4yg9ttzw0m51048doksv8uq5r,Elche CF,Elche,Elche,ELC,631383,631383,954,4yg9ttzw0m51048doksv8uq5r
Obed Vargas,502868.0,0.0,0.0,0.0,0.0,0.0,0.0,0.0,0.0,0.0,Obed,Vargas,2005-08-05,21.13,175.0,3.0,Midfielder,Central Midfielder,502868,4ku8o6uf87yd8iecdalipo6wd,Club Atlético de Madrid,Atlético de Madrid,Atlético,ATM,0.0,0.0,0.0,0.0,0.0,0.0,0.0,0.0,0.0,0.0,0.0,0.0,0.0,0.0,0.0,0.0,0.0,0.0,0.0,0.0,0.0,,,,,,,,,,502868.0,0.0,0.0,0.0,0.0,0.0,0.0,0.0,0.0,0.0,0.0,Obed,Vargas,2005-08-05,21.13,175.0,3.0,Midfielder,Central Midfielder,502868,4ku8o6uf87yd8iecdalipo6wd,Club Atlético de Madrid,Atlético de Madrid,Atlético,ATM,502868.0,0.0,0.0,0.0,0.0,0.0,0.0,0.0,0.0,0.0,0.0,0.0,0.0,0.0,0.0,Obed,Vargas,2005-08-05,21.13,175.0,3.0,Midfielder,Central Midfielder,502868,4ku8o6uf87yd8iecdalipo6wd,Club Atlético de Madrid,Atlético de Madrid,Atlético,ATM,502868,502868,175,4ku8o6uf87yd8iecdalipo6wd
Odysseas Vlachodimos,,,,,,,,,,,,,,,,,,,,,,,,,,,,,,,,,,,,,,,,,,,,,,540.0,100.0,0.0,6.0,15.0,71.43,0.93,1.0,6.93,,,,,,,,,,,,,,,,,,,,,,,,,,,,,,,,,,,,,,,,,,,,,,,,,,,,,,,111452,7jtc6yk5xu4cm1an97wrgozbp,179,10eyb18v5puw4ez03ocaug09m
Oihan Sancet,439772.0,5.0,425.0,1.0,1.77,-0.77,15.0,4.0,6.67,0.12,Oihan,Sancet,2000-04-25,26.42,174.0,8.0,Midfielder,Attacking Midfielder,dfcbvsb7o18lavmonbp5ucwoa,3czravw89omgc9o4s0w3l1bg5,Athletic Club,Athletic Club,Athletic,ATH,58.0,682.743,36.0,381.255,2.0,0.0,4.0,0.0,11.771,10.59,2.0,2.0,17.0,0.0,0.0,43.0,21.0,48.837,12.0,6.0,50.0,,,,,,,,,,439772.0,425.0,5.0,8.0,8.0,6.3,0.0,1.179,1.169,0.0,0.0,Oihan,Sancet,2000-04-25,26.42,174.0,8.0,Midfielder,Attacking Midfielder,dfcbvsb7o18lavmonbp5ucwoa,3czravw89omgc9o4s0w3l1bg5,Athletic Club,Athletic Club,Athletic,ATH,439772.0,425.0,5.0,132.0,105.0,79.55,66.0,50.0,75.76,2.0,0.0,0.0,2.0,0.0,0.0,Oihan,Sancet,2000-04-25,26.42,174.0,8.0,Midfielder,Attacking Midfielder,dfcbvsb7o18lavmonbp5ucwoa,3czravw89omgc9o4s0w3l1bg5,Athletic Club,Athletic Club,Athletic,ATH,439772,dfcbvsb7o18lavmonbp5ucwoa,174,3czravw89omgc9o4s0w3l1bg5
Omar El Hilali,517929.0,6.0,525.0,0.0,0.0,0.0,0.0,0.0,0.0,0.0,Omar,El Hilali,2003-09-12,23.03,177.0,23.0,Defender,Full Back,7h0b81yjiiu356rycsakgd0yc,c8llrezkm3b3op4afrou6b487,Reial Club Deportiu Espanyol de Barcelona,Espanyol,Espanyol,ESP,39.0,397.474,23.0,223.23,0.0,0.0,1.0,0.0,10.192,9.706,12.0,6.0,12.0,2.0,27.0,40.0,19.0,47.5,15.0,10.0,66.667,,,,,,,,,,517929.0,525.0,6.0,3.0,3.0,1.3,0.0,0.931,0.92,1.0,1.0,Omar,El Hilali,2003-09-12,23.03,177.0,23.0,Defender,Full Back,7h0b81yjiiu356rycsakgd0yc,c8llrezkm3b3op4afrou6b487,Reial Club Deportiu Espanyol de Barcelona,Espanyol,Espanyol,ESP,517929.0,525.0,6.0,156.0,127.0,81.41,41.0,28.0,68.29,21.0,6.0,28.57,0.0,0.0,0.0,Omar,El Hilali,2003-09-12,23.03,177.0,23.0,Defender,Full Back,7h0b81yjiiu356rycsakgd0yc,c8llrezkm3b3op4afrou6b487,Reial Club Deportiu Espanyol de Barcelona,Espanyol,Espanyol,ESP,517929,7h0b81yjiiu356rycsakgd0yc,177,c8llrezkm3b3op4afrou6b487
Orel Mangala,179519.0,6.0,529.0,0.0,0.17,-0.17,3.0,0.0,0.0,0.06,Orel,Mangala,1998-03-18,28.52,1450.0,23.0,Midfielder,Central Midfielder,95uxoznu15m2xywirv43rcmol,1n1j0wsl763lq7ee1k0c11c02,Getafe CF,Getafe,Getafe,GET,53.0,551.97,28.0,253.89,0.0,0.0,0.0,0.0,10.415,9.067,4.0,14.0,17.0,1.0,6.0,35.0,13.0,37.143,5.0,3.0,60.0,,,,,,,,,,179519.0,529.0,6.0,2.0,2.0,1.2,0.0,0.096,0.095,0.0,0.0,Orel,Mangala,1998-03-18,28.52,1450.0,23.0,Midfielder,Central Midfielder,95uxoznu15m2xywirv43rcmol,1n1j0wsl763lq7ee1k0c11c02,Getafe CF,Getafe,Getafe,GET,179519.0,529.0,6.0,172.0,152.0,88.37,45.0,36.0,80.0,2.0,0.0,0.0,0.0,0.0,0.0,Orel,Mangala,1998-03-18,28.52,1450.0,23.0,Midfielder,Central Midfielder,95uxoznu15m2xywirv43rcmol,1n1j0wsl763lq7ee1k0c11c02,Getafe CF,Getafe,Getafe,GET,179519,95uxoznu15m2xywirv43rcmol,1450,1n1j0wsl763lq7ee1k0c11c02
Oriol Rey,242310.0,5.0,389.0,0.0,0.02,-0.02,1.0,0.0,0.0,0.02,Oriol,Rey,1998-02-25,28.58,855.0,20.0,Midfielder,Defensive Midfielder,a91clevckra05nq55e1ztezmd,4grc9qgcvusllap8h5j6gc5h5,Levante UD,Levante,Levante,LEV,30.0,253.292,14.0,120.33,0.0,0.0,0.0,0.0,8.443,8.595,6.0,2.0,19.0,2.0,10.0,23.0,7.0,30.435,8.0,4.0,50.0,,,,,,,,,,242310.0,389.0,5.0,1.0,1.0,0.71,0.0,0.081,0.071,0.0,0.0,Oriol,Rey,1998-02-25,28.58,855.0,20.0,Midfielder,Defensive Midfielder,a91clevckra05nq55e1ztezmd,4grc9qgcvusllap8h5j6gc5h5,Levante UD,Levante,Levante,LEV,242310.0,389.0,5.0,147.0,131.0,89.12,38.0,33.0,86.84,1.0,0.0,0.0,0.0,0.0,0.0,Oriol,Rey,1998-02-25,28.58,855.0,20.0,Midfielder,Defensive Midfielder,a91clevckra05nq55e1ztezmd,4grc9qgcvusllap8h5j6gc5h5,Levante UD,Levante,Levante,LEV,242310,a91clevckra05nq55e1ztezmd,855,4grc9qgcvusllap8h5j6gc5h5
Orri Óskarsson,507438.0,5.0,283.0,1.0,2.16,-1.16,9.0,4.0,11.11,0.24,Orri,Óskarsson,2004-08-29,22.07,188.0,9.0,Forward,Striker,euur9yvhgrieu4kl0vdkh244q,63f5h8t5e9qm1fqmvfkb23ghh,Real Sociedad de Fútbol,Real Sociedad,Real Sociedad,RSO,16.0,149.059,8.0,75.6,3.0,0.0,0.0,0.0,9.316,9.45,0.0,0.0,4.0,2.0,1.0,18.0,5.0,27.778,16.0,8.0,50.0,,,,,,,,,,507438.0,283.0,5.0,2.0,2.0,3.92,0.0,0.068,0.068,0.0,0.0,Orri,Óskarsson,2004-08-29,22.07,188.0,9.0,Forward,Striker,euur9yvhgrieu4kl0vdkh244q,63f5h8t5e9qm1fqmvfkb23ghh,Real Sociedad de Fútbol,Real Sociedad,Real Sociedad,RSO,507438.0,283.0,5.0,54.0,34.0,62.96,23.0,12.0,52.17,2.0,0.0,0.0,0.0,0.0,0.0,Orri,Óskarsson,2004-08-29,22.07,188.0,9.0,Forward,Striker,euur9yvhgrieu4kl0vdkh244q,63f5h8t5e9qm1fqmvfkb23ghh,Real Sociedad de Fútbol,Real Sociedad,Real Sociedad,RSO,507438,euur9yvhgrieu4kl0vdkh244q,188,63f5h8t5e9qm1fqmvfkb23ghh
Oso,637705.0,2.0,156.0,1.0,0.67,0.33,4.0,1.0,25.0,0.17,Joaquín,Martínez Gauna,2003-07-09,23.21,179.0,19.0,Defender,Full Back,6bj5k49arillmrgqk04bxvx1w,10eyb18v5puw4ez03ocaug09m,Sevilla FC,Sevilla,Sevilla,SEV,13.0,136.54,8.0,85.995,0.0,0.0,1.0,1.0,10.503,10.749,4.0,2.0,9.0,0.0,4.0,17.0,7.0,41.176,6.0,5.0,83.333,,,,,,,,,,637705.0,156.0,2.0,1.0,1.0,0.0,0.0,0.123,0.122,1.0,1.0,Joaquín,Martínez Gauna,2003-07-09,23.21,179.0,19.0,Defender,Full Back,6bj5k49arillmrgqk04bxvx1w,10eyb18v5puw4ez03ocaug09m,Sevilla FC,Sevilla,Sevilla,SEV,637705.0,156.0,2.0,34.0,22.0,64.71,16.0,13.0,81.25,6.0,0.0,0.0,0.0,0.0,0.0,Joaquín,Martínez Gauna,2003-07-09,23.21,179.0,19.0,Defender,Full Back,6bj5k49arillmrgqk04bxvx1w,10eyb18v5puw4ez03ocaug09m,Sevilla FC,Sevilla,Sevilla,SEV,637705,6bj5k49arillmrgqk04bxvx1w,179,10eyb18v5puw4ez03ocaug09m
Pablo Barrios,503523.0,4.0,294.0,0.0,0.11,-0.11,3.0,2.0,0.0,0.04,Pablo,Barrios,2003-06-15,23.28,175.0,8.0,Midfielder,Central Midfielder,9e7ybe0nsu3byq2tteey3zuy2,4ku8o6uf87yd8iecdalipo6wd,Club Atlético de Madrid,Atlético de Madrid,Atlético,ATM,66.0,713.757,23.0,161.7,1.0,0.0,1.0,1.0,10.814,7.03,4.0,7.0,20.0,1.0,1.0,26.0,15.0,57.692,3.0,2.0,66.667,,,,,,,,,,503523.0,294.0,4.0,6.0,6.0,2.17,0.0,0.518,0.517,1.0,1.0,Pablo,Barrios,2003-06-15,23.28,175.0,8.0,Midfielder,Central Midfielder,9e7ybe0nsu3byq2tteey3zuy2,4ku8o6uf87yd8iecdalipo6wd,Club Atlético de Madrid,Atlético de Madrid,Atlético,ATM,503523.0,294.0,4.0,238.0,214.0,89.92,80.0,65.0,81.25,3.0,1.0,33.33,2.0,1.0,50.0,Pablo,Barrios,2003-06-15,23.28,175.0,8.0,Midfielder,Central Midfielder,9e7ybe0nsu3byq2tteey3zuy2,4ku8o6uf87yd8iecdalipo6wd,Club Atlético de Madrid,Atlético de Madrid,Atlético,ATM,503523,9e7ybe0nsu3byq2tteey3zuy2,175,4ku8o6uf87yd8iecdalipo6wd
Pablo Durán,597355.0,4.0,201.0,0.0,0.12,-0.12,2.0,1.0,0.0,0.06,Pablo,Durán,2001-05-25,25.33,176.0,11.0,Forward,Striker,9ksvo095xi2t4q4pvgxa836z8,6f27yvbqcngegwsg2ozxxdj4,Real Club Celta de Vigo,Celta de Vigo,Celta,CEL,18.0,171.859,6.0,23.625,1.0,0.0,1.0,0.0,9.548,3.938,2.0,0.0,7.0,0.0,1.0,14.0,7.0,50.0,2.0,1.0,50.0,,,,,,,,,,597355.0,201.0,4.0,2.0,2.0,3.77,0.0,0.078,0.078,0.0,0.0,Pablo,Durán,2001-05-25,25.33,176.0,11.0,Forward,Striker,9ksvo095xi2t4q4pvgxa836z8,6f27yvbqcngegwsg2ozxxdj4,Real Club Celta de Vigo,Celta de Vigo,Celta,CEL,597355.0,201.0,4.0,53.0,37.0,69.81,34.0,23.0,67.65,1.0,0.0,0.0,1.0,0.0,0.0,Pablo,Durán,2001-05-25,25.33,176.0,11.0,Forward,Striker,9ksvo095xi2t4q4pvgxa836z8,6f27yvbqcngegwsg2ozxxdj4,Real Club Celta de Vigo,Celta de Vigo,Celta,CEL,597355,9ksvo095xi2t4q4pvgxa836z8,176,6f27yvbqcngegwsg2ozxxdj4
Pablo Fornals,217593.0,5.0,376.0,0.0,0.41,-0.41,9.0,0.0,0.0,0.05,Pablo,Fornals,1996-02-22,30.59,185.0,8.0,Midfielder,Attacking Midfielder,6aix9yu384pv1caanqiol231l,ah8dala7suqqkj04n2l8xz4zd,Real Betis Balompié,Real Betis,Betis,BET,85.0,798.402,36.0,216.405,1.0,0.0,3.0,0.0,9.393,6.011,3.0,5.0,34.0,0.0,1.0,19.0,9.0,47.368,5.0,2.0,40.0,,,,,,,,,,217593.0,376.0,5.0,11.0,10.0,3.86,9.09,0.467,0.407,0.0,0.0,Pablo,Fornals,1996-02-22,30.59,185.0,8.0,Midfielder,Attacking Midfielder,6aix9yu384pv1caanqiol231l,ah8dala7suqqkj04n2l8xz4zd,Real Betis Balompié,Real Betis,Betis,BET,217593.0,376.0,5.0,262.0,223.0,85.11,90.0,66.0,73.33,9.0,2.0,22.22,4.0,1.0,25.0,Pablo,Fornals,1996-02-22,30.59,185.0,8.0,Midfielder,Attacking Midfielder,6aix9yu384pv1caanqiol231l,ah8dala7suqqkj04n2l8xz4zd,Real Betis Balompié,Real Betis,Betis,BET,217593,6aix9yu384pv1caanqiol231l,185,ah8dala7suqqkj04n2l8xz4zd
Pablo García,623696.0,5.0,205.0,2.0,0.96,1.04,9.0,4.0,22.22,0.11,Pablo,García,2006-06-13,20.28,189.0,15.0,Forward,Winger,5lsx1d5uu8hu6x6a2eocqhvys,bzkwzatvwahmbzok1ymm5vqa1,Real Racing Club,Racing de Santander,Santander,RAC,28.0,358.382,13.0,79.59,2.0,0.0,2.0,0.0,12.799,6.122,2.0,0.0,10.0,0.0,3.0,28.0,12.0,42.857,3.0,1.0,33.333,,,,,,,,,,623696.0,205.0,5.0,3.0,3.0,7.32,0.0,0.051,0.051,0.0,0.0,Pablo,García,2006-06-13,20.28,189.0,15.0,Forward,Winger,5lsx1d5uu8hu6x6a2eocqhvys,bzkwzatvwahmbzok1ymm5vqa1,Real Racing Club,Racing de Santander,Santander,RAC,623696.0,205.0,5.0,41.0,37.0,90.24,14.0,13.0,92.86,0.0,0.0,0.0,0.0,0.0,0.0,Pablo,García,2006-06-13,20.28,189.0,15.0,Forward,Winger,5lsx1d5uu8hu6x6a2eocqhvys,bzkwzatvwahmbzok1ymm5vqa1,Real Racing Club,Racing de Santander,Santander,RAC,623696,5lsx1d5uu8hu6x6a2eocqhvys,189,bzkwzatvwahmbzok1ymm5vqa1
Pablo Ibáñez,522856.0,6.0,495.0,1.0,0.75,0.25,9.0,2.0,11.11,0.08,Pablo,Ibáñez,1998-09-20,28.01,173.0,19.0,Midfielder,Central Midfielder,eqw6fu3no9qxejk17tqgeey5m,4dtdjgnpdq9uw4sdutti0vaar,Deportivo Alavés,Alavés,Alavés,ALA,73.0,879.842,39.0,462.21,2.0,0.0,0.0,0.0,12.053,11.852,9.0,6.0,28.0,1.0,8.0,49.0,25.0,51.02,7.0,5.0,71.429,,,,,,,,,,522856.0,495.0,6.0,1.0,1.0,0.58,0.0,0.116,0.114,0.0,0.0,Pablo,Ibáñez,1998-09-20,28.01,173.0,19.0,Midfielder,Central Midfielder,eqw6fu3no9qxejk17tqgeey5m,4dtdjgnpdq9uw4sdutti0vaar,Deportivo Alavés,Alavés,Alavés,ALA,522856.0,495.0,6.0,177.0,138.0,77.97,69.0,41.0,59.42,5.0,0.0,0.0,0.0,0.0,0.0,Pablo,Ibáñez,1998-09-20,28.01,173.0,19.0,Midfielder,Central Midfielder,eqw6fu3no9qxejk17tqgeey5m,4dtdjgnpdq9uw4sdutti0vaar,Deportivo Alavés,Alavés,Alavés,ALA,522856,eqw6fu3no9qxejk17tqgeey5m,173,4dtdjgnpdq9uw4sdutti0vaar
Pablo Maffeo,170154.0,5.0,240.0,0.0,0.05,-0.05,1.0,1.0,0.0,0.05,Pablo,Maffeo,1997-07-12,29.21,191.0,24.0,Defender,Full Back,22dchchxwrsty67ultrs61qz9,ba5e91hjacvma2sjvixn00pjo,Valencia CF,Valencia,Valencia,VAL,20.0,177.105,8.0,87.15,0.0,0.0,0.0,0.0,8.855,10.894,2.0,4.0,9.0,1.0,8.0,17.0,6.0,35.294,6.0,2.0,33.333,,,,,,,,,,170154.0,240.0,5.0,1.0,1.0,1.2,0.0,0.062,0.061,0.0,0.0,Pablo,Maffeo,1997-07-12,29.21,191.0,24.0,Defender,Full Back,22dchchxwrsty67ultrs61qz9,ba5e91hjacvma2sjvixn00pjo,Valencia CF,Valencia,Valencia,VAL,170154.0,240.0,5.0,83.0,61.0,73.49,26.0,14.0,53.85,9.0,0.0,0.0,1.0,0.0,0.0,Pablo,Maffeo,1997-07-12,29.21,191.0,24.0,Defender,Full Back,22dchchxwrsty67ultrs61qz9,ba5e91hjacvma2sjvixn00pjo,Valencia CF,Valencia,Valencia,VAL,170154,22dchchxwrsty67ultrs61qz9,191,ba5e91hjacvma2sjvixn00pjo
Pablo Martínez,445998.0,4.0,284.0,0.0,0.1,-0.1,4.0,1.0,0.0,0.03,Pablo,Martínez,1998-02-22,28.59,182.0,18.0,Midfielder,Central Defender,e98i1kwb733b830mk2wqdlene,7012hpp3p5vg4fzyn3h0yvf09,Málaga CF,Málaga,Málaga,MAL,32.0,304.978,13.0,141.12,1.0,0.0,2.0,0.0,9.531,10.855,2.0,4.0,12.0,1.0,3.0,10.0,3.0,30.0,3.0,2.0,66.667,,,,,,,,,,445998.0,284.0,4.0,7.0,3.0,2.21,42.86,0.426,0.22,1.0,0.0,Pablo,Martínez,1998-02-22,28.59,182.0,18.0,Midfielder,Central Defender,e98i1kwb733b830mk2wqdlene,7012hpp3p5vg4fzyn3h0yvf09,Málaga CF,Málaga,Málaga,MAL,445998.0,284.0,4.0,143.0,126.0,88.11,34.0,27.0,79.41,3.0,1.0,33.33,0.0,0.0,0.0,Pablo,Martínez,1998-02-22,28.59,182.0,18.0,Midfielder,Central Defender,e98i1kwb733b830mk2wqdlene,7012hpp3p5vg4fzyn3h0yvf09,Málaga CF,Málaga,Málaga,MAL,445998,e98i1kwb733b830mk2wqdlene,182,7012hpp3p5vg4fzyn3h0yvf09
Pablo Ramón,469317.0,4.0,292.0,0.0,0.0,0.0,0.0,0.0,0.0,0.0,Pablo,Ramón,2001-06-30,25.24,189.0,5.0,Defender,Central Defender,anvi2mtr32u5z2bqmz8tn0e3u,bzkwzatvwahmbzok1ymm5vqa1,Real Racing Club,Racing de Santander,Santander,RAC,52.0,593.949,30.0,317.415,0.0,0.0,0.0,0.0,11.422,10.58,12.0,6.0,17.0,1.0,23.0,29.0,19.0,65.517,11.0,8.0,72.727,,,,,,,,,,469317.0,292.0,4.0,1.0,1.0,0.6,0.0,0.03,0.03,0.0,0.0,Pablo,Ramón,2001-06-30,25.24,189.0,5.0,Defender,Central Defender,anvi2mtr32u5z2bqmz8tn0e3u,bzkwzatvwahmbzok1ymm5vqa1,Real Racing Club,Racing de Santander,Santander,RAC,469317.0,292.0,4.0,177.0,156.0,88.14,19.0,10.0,52.63,0.0,0.0,0.0,0.0,0.0,0.0,Pablo,Ramón,2001-06-30,25.24,189.0,5.0,Defender,Central Defender,anvi2mtr32u5z2bqmz8tn0e3u,bzkwzatvwahmbzok1ymm5vqa1,Real Racing Club,Racing de Santander,Santander,RAC,469317,anvi2mtr32u5z2bqmz8tn0e3u,189,bzkwzatvwahmbzok1ymm5vqa1
Paco Cortés,648430.0,3.0,64.0,0.0,0.03,-0.03,1.0,1.0,0.0,0.03,Paco,Cortés,2007-08-11,19.12,855.0,27.0,Forward,Winger,6w641bd5laym8cnxg6mecsmqc,4grc9qgcvusllap8h5j6gc5h5,Levante UD,Levante,Levante,LEV,7.0,141.787,3.0,-5.775,1.0,0.0,0.0,0.0,20.255,-1.925,0.0,0.0,3.0,0.0,0.0,7.0,4.0,57.143,0.0,0.0,0.0,,,,,,,,,,648430.0,64.0,3.0,0.0,0.0,0.0,0.0,0.01,0.01,0.0,0.0,Paco,Cortés,2007-08-11,19.12,855.0,27.0,Forward,Winger,6w641bd5laym8cnxg6mecsmqc,4grc9qgcvusllap8h5j6gc5h5,Levante UD,Levante,Levante,LEV,648430.0,64.0,3.0,15.0,11.0,73.33,4.0,3.0,75.0,1.0,0.0,0.0,0.0,0.0,0.0,Paco,Cortés,2007-08-11,19.12,855.0,27.0,Forward,Winger,6w641bd5laym8cnxg6mecsmqc,4grc9qgcvusllap8h5j6gc5h5,Levante UD,Levante,Levante,LEV,648430,6w641bd5laym8cnxg6mecsmqc,855,4grc9qgcvusllap8h5j6gc5h5
Pape Gueye,422453.0,6.0,439.0,3.0,1.21,1.79,6.0,4.0,50.0,0.2,Pape,Gueye,1999-01-24,27.67,449.0,18.0,Midfielder,Central Midfielder,ekm47qd8w1x0456lm1tmf5re1,74mcjsm72vr3l9pw2i4qfjchj,Villarreal CF,Villarreal,Villarreal,VIL,78.0,727.718,39.0,355.845,0.0,0.0,1.0,0.0,9.33,9.124,3.0,5.0,24.0,3.0,5.0,26.0,16.0,61.538,7.0,1.0,14.286,,,,,,,,,,422453.0,439.0,6.0,7.0,7.0,1.98,0.0,0.507,0.506,0.0,0.0,Pape,Gueye,1999-01-24,27.67,449.0,18.0,Midfielder,Central Midfielder,ekm47qd8w1x0456lm1tmf5re1,74mcjsm72vr3l9pw2i4qfjchj,Villarreal CF,Villarreal,Villarreal,VIL,422453.0,439.0,6.0,357.0,306.0,85.71,128.0,97.0,75.78,4.0,2.0,50.0,1.0,0.0,0.0,Pape,Gueye,1999-01-24,27.67,449.0,18.0,Midfielder,Central Midfielder,ekm47qd8w1x0456lm1tmf5re1,74mcjsm72vr3l9pw2i4qfjchj,Villarreal CF,Villarreal,Villarreal,VIL,422453,ekm47qd8w1x0456lm1tmf5re1,449,74mcjsm72vr3l9pw2i4qfjchj
Pathé Ciss,441175.0,6.0,540.0,0.0,0.06,-0.06,1.0,0.0,0.0,0.06,Pathé,Ciss,1994-03-16,32.53,184.0,6.0,Midfielder,Defensive Midfielder,1ho7koiegfhsuevuum2meibu2,3budh3j9xivsid3ptm8ptpy4k,Rayo Vallecano de Madrid,Rayo Vallecano,Rayo,RAY,59.0,575.172,29.0,282.975,0.0,0.0,1.0,0.0,9.749,9.758,6.0,16.0,33.0,4.0,36.0,25.0,13.0,52.0,18.0,9.0,50.0,,,,,,,,,,441175.0,540.0,6.0,2.0,2.0,0.75,0.0,0.071,0.07,0.0,0.0,Pathé,Ciss,1994-03-16,32.53,184.0,6.0,Midfielder,Defensive Midfielder,1ho7koiegfhsuevuum2meibu2,3budh3j9xivsid3ptm8ptpy4k,Rayo Vallecano de Madrid,Rayo Vallecano,Rayo,RAY,441175.0,540.0,6.0,284.0,256.0,90.14,40.0,29.0,72.5,0.0,0.0,0.0,1.0,0.0,0.0,Pathé,Ciss,1994-03-16,32.53,184.0,6.0,Midfielder,Defensive Midfielder,1ho7koiegfhsuevuum2meibu2,3budh3j9xivsid3ptm8ptpy4k,Rayo Vallecano de Madrid,Rayo Vallecano,Rayo,RAY,441175,1ho7koiegfhsuevuum2meibu2,184,3budh3j9xivsid3ptm8ptpy4k
Pau Cubarsí,593110.0,4.0,332.0,0.0,0.46,-0.46,2.0,0.0,0.0,0.23,Pau,Cubarsí,2007-01-22,19.67,178.0,5.0,Defender,Central Defender,bkwxem45cf48k14euwqe7rs44,agh9ifb2mw3ivjusgedj7c3fe,FC Barcelona,Barcelona,Barcelona,BAR,82.0,800.471,44.0,392.595,0.0,0.0,0.0,0.0,9.762,8.923,7.0,5.0,12.0,2.0,18.0,12.0,8.0,66.667,14.0,11.0,78.571,,,,,,,,,,593110.0,332.0,4.0,0.0,0.0,0.0,0.0,0.099,0.099,0.0,0.0,Pau,Cubarsí,2007-01-22,19.67,178.0,5.0,Defender,Central Defender,bkwxem45cf48k14euwqe7rs44,agh9ifb2mw3ivjusgedj7c3fe,FC Barcelona,Barcelona,Barcelona,BAR,593110.0,332.0,4.0,387.0,366.0,94.57,43.0,37.0,86.05,0.0,0.0,0.0,1.0,0.0,0.0,Pau,Cubarsí,2007-01-22,19.67,178.0,5.0,Defender,Central Defender,bkwxem45cf48k14euwqe7rs44,agh9ifb2mw3ivjusgedj7c3fe,FC Barcelona,Barcelona,Barcelona,BAR,593110,bkwxem45cf48k14euwqe7rs44,178,agh9ifb2mw3ivjusgedj7c3fe
Pau Navarro,629907.0,2.0,180.0,0.0,0.0,0.0,0.0,0.0,0.0,0.0,Pau,Navarro,2005-04-25,21.41,449.0,6.0,Defender,Central Defender,9rtfwu0z7qtk1kglenp2vm13o,74mcjsm72vr3l9pw2i4qfjchj,Villarreal CF,Villarreal,Villarreal,VIL,14.0,99.859,6.0,29.61,0.0,0.0,0.0,0.0,7.133,4.935,3.0,1.0,6.0,1.0,6.0,12.0,4.0,33.333,4.0,3.0,75.0,,,,,,,,,,629907.0,180.0,2.0,0.0,0.0,0.0,0.0,0.031,0.03,0.0,0.0,Pau,Navarro,2005-04-25,21.41,449.0,6.0,Defender,Central Defender,9rtfwu0z7qtk1kglenp2vm13o,74mcjsm72vr3l9pw2i4qfjchj,Villarreal CF,Villarreal,Villarreal,VIL,629907.0,180.0,2.0,130.0,124.0,95.38,15.0,13.0,86.67,0.0,0.0,0.0,0.0,0.0,0.0,Pau,Navarro,2005-04-25,21.41,449.0,6.0,Defender,Central Defender,9rtfwu0z7qtk1kglenp2vm13o,74mcjsm72vr3l9pw2i4qfjchj,Villarreal CF,Villarreal,Villarreal,VIL,629907,9rtfwu0z7qtk1kglenp2vm13o,449,74mcjsm72vr3l9pw2i4qfjchj
Pedri,490541.0,6.0,416.0,1.0,0.37,0.63,4.0,1.0,25.0,0.09,Pedro,González López,2002-11-25,23.83,178.0,8.0,Midfielder,Winger,4ftlhtels58lyzfluwofzwxuy,agh9ifb2mw3ivjusgedj7c3fe,FC Barcelona,Barcelona,Barcelona,BAR,110.0,1045.956,50.0,448.35,0.0,0.0,2.0,1.0,9.509,8.967,7.0,0.0,35.0,0.0,5.0,32.0,15.0,46.875,0.0,0.0,0.0,,,,,,,,,,490541.0,416.0,6.0,10.0,10.0,2.56,0.0,1.441,1.438,1.0,1.0,Pedro,González López,2002-11-25,23.83,178.0,8.0,Midfielder,Winger,4ftlhtels58lyzfluwofzwxuy,agh9ifb2mw3ivjusgedj7c3fe,FC Barcelona,Barcelona,Barcelona,BAR,490541.0,416.0,6.0,357.0,331.0,92.72,136.0,118.0,86.76,7.0,3.0,42.86,11.0,6.0,54.55,Pedro,González López,2002-11-25,23.83,178.0,8.0,Midfielder,Winger,4ftlhtels58lyzfluwofzwxuy,agh9ifb2mw3ivjusgedj7c3fe,FC Barcelona,Barcelona,Barcelona,BAR,490541,4ftlhtels58lyzfluwofzwxuy,178,agh9ifb2mw3ivjusgedj7c3fe
Pedro Bigas,91393.0,3.0,161.0,0.0,0.02,-0.02,1.0,1.0,0.0,0.02,Pedro,Bigas,1990-05-15,36.37,954.0,6.0,Defender,Central Defender,33r4ae8aivh27ho0ix9mnkedx,4yg9ttzw0m51048doksv8uq5r,Elche CF,Elche,Elche,ELC,26.0,266.941,13.0,120.225,1.0,0.0,0.0,0.0,10.267,9.248,0.0,1.0,5.0,1.0,2.0,3.0,1.0,33.333,1.0,1.0,100.0,,,,,,,,,,91393.0,161.0,3.0,0.0,0.0,0.0,0.0,0.028,0.027,0.0,0.0,Pedro,Bigas,1990-05-15,36.37,954.0,6.0,Defender,Central Defender,33r4ae8aivh27ho0ix9mnkedx,4yg9ttzw0m51048doksv8uq5r,Elche CF,Elche,Elche,ELC,91393.0,161.0,3.0,121.0,109.0,90.08,22.0,18.0,81.82,0.0,0.0,0.0,0.0,0.0,0.0,Pedro,Bigas,1990-05-15,36.37,954.0,6.0,Defender,Central Defender,33r4ae8aivh27ho0ix9mnkedx,4yg9ttzw0m51048doksv8uq5r,Elche CF,Elche,Elche,ELC,91393,33r4ae8aivh27ho0ix9mnkedx,954,4yg9ttzw0m51048doksv8uq5r
Pedro Díaz,435065.0,5.0,292.0,0.0,0.5,-0.5,10.0,2.0,0.0,0.05,Pedro,Díaz,1998-06-05,28.31,184.0,4.0,Midfielder,Central Midfielder,7vb4xrwk7sbgpxzgiwwbt4s89,3budh3j9xivsid3ptm8ptpy4k,Rayo Vallecano de Madrid,Rayo Vallecano,Rayo,RAY,28.0,283.749,13.0,131.355,5.0,0.0,0.0,0.0,10.134,10.104,5.0,1.0,14.0,0.0,1.0,23.0,12.0,52.174,1.0,0.0,0.0,,,,,,,,,,435065.0,292.0,5.0,9.0,6.0,6.25,33.33,0.217,0.102,0.0,0.0,Pedro,Díaz,1998-06-05,28.31,184.0,4.0,Midfielder,Central Midfielder,7vb4xrwk7sbgpxzgiwwbt4s89,3budh3j9xivsid3ptm8ptpy4k,Rayo Vallecano de Madrid,Rayo Vallecano,Rayo,RAY,435065.0,292.0,5.0,99.0,90.0,90.91,42.0,38.0,90.48,1.0,0.0,0.0,0.0,0.0,0.0,Pedro,Díaz,1998-06-05,28.31,184.0,4.0,Midfielder,Central Midfielder,7vb4xrwk7sbgpxzgiwwbt4s89,3budh3j9xivsid3ptm8ptpy4k,Rayo Vallecano de Madrid,Rayo Vallecano,Rayo,RAY,435065,7vb4xrwk7sbgpxzgiwwbt4s89,184,3budh3j9xivsid3ptm8ptpy4k
Pedro Felipe,617105.0,3.0,76.0,0.0,0.0,0.0,0.0,0.0,0.0,0.0,Pedro Felipe,de Jesus Gomes,2004-05-23,22.34,189.0,22.0,Defender,Central Defender,4u0o6pfpmohhbzuggq31bj02c,bzkwzatvwahmbzok1ymm5vqa1,Real Racing Club,Racing de Santander,Santander,RAC,6.0,61.385,2.0,26.04,0.0,0.0,0.0,0.0,10.231,13.02,2.0,0.0,2.0,0.0,5.0,7.0,2.0,28.571,0.0,0.0,0.0,,,,,,,,,,617105.0,76.0,3.0,0.0,0.0,0.0,0.0,0.0,0.0,0.0,0.0,Pedro Felipe,de Jesus Gomes,2004-05-23,22.34,189.0,22.0,Defender,Central Defender,4u0o6pfpmohhbzuggq31bj02c,bzkwzatvwahmbzok1ymm5vqa1,Real Racing Club,Racing de Santander,Santander,RAC,617105.0,76.0,3.0,16.0,13.0,81.25,1.0,0.0,0.0,0.0,0.0,0.0,0.0,0.0,0.0,Pedro Felipe,de Jesus Gomes,2004-05-23,22.34,189.0,22.0,Defender,Central Defender,4u0o6pfpmohhbzuggq31bj02c,bzkwzatvwahmbzok1ymm5vqa1,Real Racing Club,Racing de Santander,Santander,RAC,617105,4u0o6pfpmohhbzuggq31bj02c,189,bzkwzatvwahmbzok1ymm5vqa1
Peio Canales,632023.0,3.0,205.0,0.0,0.16,-0.16,3.0,2.0,0.0,0.05,Peio,Canales,2005-01-17,21.68,174.0,28.0,Midfielder,Attacking Midfielder,ccokndnkkyllbp5vb8nwnhdlg,3czravw89omgc9o4s0w3l1bg5,Athletic Club,Athletic Club,Athletic,ATH,35.0,375.314,14.0,125.265,0.0,0.0,1.0,0.0,10.723,8.948,2.0,1.0,8.0,0.0,1.0,20.0,11.0,55.0,0.0,0.0,0.0,,,,,,,,,,632023.0,205.0,3.0,4.0,2.0,1.94,50.0,0.279,0.231,0.0,0.0,Peio,Canales,2005-01-17,21.68,174.0,28.0,Midfielder,Attacking Midfielder,ccokndnkkyllbp5vb8nwnhdlg,3czravw89omgc9o4s0w3l1bg5,Athletic Club,Athletic Club,Athletic,ATH,632023.0,205.0,3.0,114.0,97.0,85.09,40.0,30.0,75.0,1.0,0.0,0.0,2.0,0.0,0.0,Peio,Canales,2005-01-17,21.68,174.0,28.0,Midfielder,Attacking Midfielder,ccokndnkkyllbp5vb8nwnhdlg,3czravw89omgc9o4s0w3l1bg5,Athletic Club,Athletic Club,Athletic,ATH,632023,ccokndnkkyllbp5vb8nwnhdlg,174,3czravw89omgc9o4s0w3l1bg5
Pelayo Fernández,493085.0,2.0,67.0,0.0,0.0,0.0,0.0,0.0,0.0,0.0,Pelayo,Fernández,2003-04-29,23.41,184.0,22.0,Defender,Central Defender,a8g1nr2nrtkbm34v91bhz44d0,3budh3j9xivsid3ptm8ptpy4k,Rayo Vallecano de Madrid,Rayo Vallecano,Rayo,RAY,3.0,28.087,2.0,17.535,0.0,0.0,0.0,0.0,9.362,8.768,1.0,1.0,3.0,0.0,2.0,5.0,1.0,20.0,3.0,2.0,66.667,,,,,,,,,,493085.0,67.0,2.0,0.0,0.0,0.0,0.0,0.001,0.001,0.0,0.0,Pelayo,Fernández,2003-04-29,23.41,184.0,22.0,Defender,Central Defender,a8g1nr2nrtkbm34v91bhz44d0,3budh3j9xivsid3ptm8ptpy4k,Rayo Vallecano de Madrid,Rayo Vallecano,Rayo,RAY,493085.0,67.0,2.0,32.0,25.0,78.13,4.0,0.0,0.0,0.0,0.0,0.0,0.0,0.0,0.0,Pelayo,Fernández,2003-04-29,23.41,184.0,22.0,Defender,Central Defender,a8g1nr2nrtkbm34v91bhz44d0,3budh3j9xivsid3ptm8ptpy4k,Rayo Vallecano de Madrid,Rayo Vallecano,Rayo,RAY,493085,a8g1nr2nrtkbm34v91bhz44d0,184,3budh3j9xivsid3ptm8ptpy4k
Pepelu,220191.0,6.0,478.0,0.0,0.03,-0.03,1.0,0.0,0.0,0.03,José Luis,García Vayá,1998-08-11,28.12,191.0,18.0,Midfielder,Defensive Midfielder,3702btkgwxf6tq92ouekd7ro5,ba5e91hjacvma2sjvixn00pjo,Valencia CF,Valencia,Valencia,VAL,76.0,663.269,31.0,207.9,0.0,0.0,0.0,0.0,8.727,6.706,10.0,7.0,24.0,3.0,29.0,21.0,11.0,52.381,7.0,3.0,42.857,,,,,,,,,,220191.0,478.0,6.0,1.0,1.0,0.33,0.0,0.132,0.128,0.0,0.0,José Luis,García Vayá,1998-08-11,28.12,191.0,18.0,Midfielder,Defensive Midfielder,3702btkgwxf6tq92ouekd7ro5,ba5e91hjacvma2sjvixn00pjo,Valencia CF,Valencia,Valencia,VAL,220191.0,478.0,6.0,316.0,279.0,88.29,45.0,27.0,60.0,1.0,0.0,0.0,0.0,0.0,0.0,José Luis,García Vayá,1998-08-11,28.12,191.0,18.0,Midfielder,Defensive Midfielder,3702btkgwxf6tq92ouekd7ro5,ba5e91hjacvma2sjvixn00pjo,Valencia CF,Valencia,Valencia,VAL,220191,3702btkgwxf6tq92ouekd7ro5,191,ba5e91hjacvma2sjvixn00pjo
Peque Fernández,493086.0,3.0,158.0,1.0,1.19,-0.19,6.0,3.0,16.67,0.2,Gerard,Fernández Castellano,2002-10-04,23.97,179.0,10.0,Forward,Winger,42laa1qwbzlcruyrmlg5o1fu2,10eyb18v5puw4ez03ocaug09m,Sevilla FC,Sevilla,Sevilla,SEV,21.0,267.371,11.0,77.07,3.0,0.0,0.0,0.0,12.732,7.006,1.0,2.0,6.0,0.0,1.0,20.0,8.0,40.0,5.0,0.0,0.0,,,,,,,,,,493086.0,158.0,3.0,3.0,3.0,9.09,0.0,0.108,0.105,0.0,0.0,Gerard,Fernández Castellano,2002-10-04,23.97,179.0,10.0,Forward,Winger,42laa1qwbzlcruyrmlg5o1fu2,10eyb18v5puw4ez03ocaug09m,Sevilla FC,Sevilla,Sevilla,SEV,493086.0,158.0,3.0,37.0,32.0,86.49,23.0,21.0,91.3,2.0,0.0,0.0,1.0,0.0,0.0,Gerard,Fernández Castellano,2002-10-04,23.97,179.0,10.0,Forward,Winger,42laa1qwbzlcruyrmlg5o1fu2,10eyb18v5puw4ez03ocaug09m,Sevilla FC,Sevilla,Sevilla,SEV,493086,42laa1qwbzlcruyrmlg5o1fu2,179,10eyb18v5puw4ez03ocaug09m
Pere Milla,175090.0,4.0,40.0,0.0,0.02,-0.02,1.0,0.0,0.0,0.02,Pere,Milla,1992-09-23,34.01,177.0,11.0,Midfielder,Winger,1ore4ght7ls393tcpbmah9dcl,c8llrezkm3b3op4afrou6b487,Reial Club Deportiu Espanyol de Barcelona,Espanyol,Espanyol,ESP,6.0,81.689,3.0,42.0,0.0,0.0,0.0,0.0,13.615,14.0,2.0,0.0,4.0,0.0,1.0,6.0,4.0,66.667,8.0,1.0,12.5,,,,,,,,,,175090.0,40.0,4.0,0.0,0.0,0.0,0.0,0.003,0.003,0.0,0.0,Pere,Milla,1992-09-23,34.01,177.0,11.0,Midfielder,Winger,1ore4ght7ls393tcpbmah9dcl,c8llrezkm3b3op4afrou6b487,Reial Club Deportiu Espanyol de Barcelona,Espanyol,Espanyol,ESP,175090.0,40.0,4.0,10.0,9.0,90.0,2.0,2.0,100.0,1.0,0.0,0.0,0.0,0.0,0.0,Pere,Milla,1992-09-23,34.01,177.0,11.0,Midfielder,Winger,1ore4ght7ls393tcpbmah9dcl,c8llrezkm3b3op4afrou6b487,Reial Club Deportiu Espanyol de Barcelona,Espanyol,Espanyol,ESP,175090,1ore4ght7ls393tcpbmah9dcl,177,c8llrezkm3b3op4afrou6b487
Petar Ratkov,530193.0,1.0,59.0,0.0,0.08,-0.08,1.0,0.0,0.0,0.08,Petar,Ratkov,2003-08-18,23.1,855.0,10.0,Forward,Striker,3dar2wtxj1x803zxzdooxfaxg,4grc9qgcvusllap8h5j6gc5h5,Levante UD,Levante,Levante,LEV,3.0,45.386,1.0,2.835,1.0,0.0,0.0,0.0,15.129,2.835,0.0,1.0,3.0,0.0,0.0,5.0,1.0,20.0,4.0,1.0,25.0,,,,,,,,,,530193.0,59.0,1.0,0.0,0.0,0.0,0.0,0.001,0.001,0.0,0.0,Petar,Ratkov,2003-08-18,23.1,855.0,10.0,Forward,Striker,3dar2wtxj1x803zxzdooxfaxg,4grc9qgcvusllap8h5j6gc5h5,Levante UD,Levante,Levante,LEV,530193.0,59.0,1.0,11.0,6.0,54.55,3.0,1.0,33.33,0.0,0.0,0.0,0.0,0.0,0.0,Petar,Ratkov,2003-08-18,23.1,855.0,10.0,Forward,Striker,3dar2wtxj1x803zxzdooxfaxg,4grc9qgcvusllap8h5j6gc5h5,Levante UD,Levante,Levante,LEV,530193,3dar2wtxj1x803zxzdooxfaxg,855,4grc9qgcvusllap8h5j6gc5h5
Pierre-Emerick Aubameyang,54694.0,6.0,535.0,5.0,2.77,2.23,14.0,9.0,35.71,0.2,Pierre-Emerick,Aubameyang,1989-06-18,37.28,180.0,7.0,Forward,Striker,actvnm36s31zf8wh8hjikzlqt,1r541mega6d838hi0p44sv0h2,RC Deportivo de A Coruña,Deportivo de A Coruña,Deportivo,DEP,28.0,346.99,18.0,277.935,7.0,4.0,2.0,1.0,12.392,15.441,3.0,2.0,11.0,0.0,8.0,17.0,8.0,47.059,8.0,4.0,50.0,,,,,,,,,,54694.0,535.0,6.0,9.0,9.0,7.53,0.0,0.49,0.489,2.0,2.0,Pierre-Emerick,Aubameyang,1989-06-18,37.28,180.0,7.0,Forward,Striker,actvnm36s31zf8wh8hjikzlqt,1r541mega6d838hi0p44sv0h2,RC Deportivo de A Coruña,Deportivo de A Coruña,Deportivo,DEP,54694.0,535.0,6.0,102.0,79.0,77.45,51.0,38.0,74.51,7.0,3.0,42.86,2.0,0.0,0.0,Pierre-Emerick,Aubameyang,1989-06-18,37.28,180.0,7.0,Forward,Striker,actvnm36s31zf8wh8hjikzlqt,1r541mega6d838hi0p44sv0h2,RC Deportivo de A Coruña,Deportivo de A Coruña,Deportivo,DEP,54694,actvnm36s31zf8wh8hjikzlqt,180,1r541mega6d838hi0p44sv0h2
Pol Lozano,227172.0,3.0,39.0,0.0,0.06,-0.06,1.0,0.0,0.0,0.06,Pol,Lozano,1999-10-06,26.97,177.0,10.0,Midfielder,Central Midfielder,74wjzeja92l4q8fpy1bkmcsfd,c8llrezkm3b3op4afrou6b487,Reial Club Deportiu Espanyol de Barcelona,Espanyol,Espanyol,ESP,6.0,46.246,1.0,14.805,0.0,0.0,0.0,0.0,7.708,14.805,2.0,0.0,4.0,0.0,1.0,7.0,2.0,28.571,0.0,0.0,0.0,,,,,,,,,,227172.0,39.0,3.0,2.0,2.0,8.0,0.0,0.046,0.046,0.0,0.0,Pol,Lozano,1999-10-06,26.97,177.0,10.0,Midfielder,Central Midfielder,74wjzeja92l4q8fpy1bkmcsfd,c8llrezkm3b3op4afrou6b487,Reial Club Deportiu Espanyol de Barcelona,Espanyol,Espanyol,ESP,227172.0,39.0,3.0,25.0,22.0,88.0,5.0,4.0,80.0,1.0,1.0,100.0,0.0,0.0,0.0,Pol,Lozano,1999-10-06,26.97,177.0,10.0,Midfielder,Central Midfielder,74wjzeja92l4q8fpy1bkmcsfd,c8llrezkm3b3op4afrou6b487,Reial Club Deportiu Espanyol de Barcelona,Espanyol,Espanyol,ESP,227172,74wjzeja92l4q8fpy1bkmcsfd,177,c8llrezkm3b3op4afrou6b487
Péter Gulácsi,,,,,,,,,,,,,,,,,,,,,,,,,,,,,,,,,,,,,,,,,,,,,,540.0,33.0,0.0,3.0,10.0,76.92,1.88,1.33,4.88,,,,,,,,,,,,,,,,,,,,,,,,,,,,,,,,,,,,,,,,,,,,,,,,,,,,,,,46506,3tb27261f8mpzpq3prpv8ng0l,449,74mcjsm72vr3l9pw2i4qfjchj
Quilindschy Hartman,494960.0,2.0,94.0,0.0,0.0,0.0,0.0,0.0,0.0,0.0,Quilindschy,Hartman,2001-11-14,24.86,177.0,3.0,Defender,Full Back,4fcjml5xkrwp4jykruzrzub1m,c8llrezkm3b3op4afrou6b487,Reial Club Deportiu Espanyol de Barcelona,Espanyol,Espanyol,ESP,10.0,113.644,7.0,73.185,0.0,0.0,1.0,0.0,11.364,10.455,5.0,1.0,6.0,0.0,2.0,9.0,5.0,55.556,3.0,2.0,66.667,,,,,,,,,,494960.0,94.0,2.0,4.0,4.0,7.02,0.0,0.298,0.297,0.0,0.0,Quilindschy,Hartman,2001-11-14,24.86,177.0,3.0,Defender,Full Back,4fcjml5xkrwp4jykruzrzub1m,c8llrezkm3b3op4afrou6b487,Reial Club Deportiu Espanyol de Barcelona,Espanyol,Espanyol,ESP,494960.0,94.0,2.0,57.0,50.0,87.72,17.0,15.0,88.24,5.0,1.0,20.0,0.0,0.0,0.0,Quilindschy,Hartman,2001-11-14,24.86,177.0,3.0,Defender,Full Back,4fcjml5xkrwp4jykruzrzub1m,c8llrezkm3b3op4afrou6b487,Reial Club Deportiu Espanyol de Barcelona,Espanyol,Espanyol,ESP,494960,4fcjml5xkrwp4jykruzrzub1m,177,c8llrezkm3b3op4afrou6b487
Quique Ribes,567886.0,0.0,0.0,0.0,0.0,0.0,0.0,0.0,0.0,0.0,Enrique,Ribes,2004-01-16,22.69,176.0,27.0,Defender,0,567886,6f27yvbqcngegwsg2ozxxdj4,Real Club Celta de Vigo,Celta de Vigo,Celta,CEL,0.0,0.0,0.0,0.0,0.0,0.0,0.0,0.0,0.0,0.0,0.0,0.0,0.0,0.0,0.0,0.0,0.0,0.0,0.0,0.0,0.0,,,,,,,,,,567886.0,0.0,0.0,0.0,0.0,0.0,0.0,0.0,0.0,0.0,0.0,Enrique,Ribes,2004-01-16,22.69,176.0,27.0,Defender,0,567886,6f27yvbqcngegwsg2ozxxdj4,Real Club Celta de Vigo,Celta de Vigo,Celta,CEL,567886.0,0.0,0.0,0.0,0.0,0.0,0.0,0.0,0.0,0.0,0.0,0.0,0.0,0.0,0.0,Enrique,Ribes,2004-01-16,22.69,176.0,27.0,Defender,0,567886,6f27yvbqcngegwsg2ozxxdj4,Real Club Celta de Vigo,Celta de Vigo,Celta,CEL,567886,567886,176,6f27yvbqcngegwsg2ozxxdj4
Rafa Rodríguez,608484.0,3.0,85.0,0.0,0.21,-0.21,6.0,0.0,0.0,0.03,Rafa,Rodríguez,2003-07-10,23.21,182.0,14.0,Midfielder,Attacking Midfielder,ehrh3xjsbhfvgbugswntkjx1w,7012hpp3p5vg4fzyn3h0yvf09,Málaga CF,Málaga,Málaga,MAL,8.0,96.534,6.0,66.99,1.0,0.0,1.0,0.0,12.067,11.165,1.0,0.0,5.0,0.0,1.0,9.0,5.0,55.556,1.0,0.0,0.0,,,,,,,,,,608484.0,85.0,3.0,1.0,1.0,2.56,0.0,0.05,0.05,0.0,0.0,Rafa,Rodríguez,2003-07-10,23.21,182.0,14.0,Midfielder,Attacking Midfielder,ehrh3xjsbhfvgbugswntkjx1w,7012hpp3p5vg4fzyn3h0yvf09,Málaga CF,Málaga,Málaga,MAL,608484.0,85.0,3.0,45.0,39.0,86.67,13.0,11.0,84.62,0.0,0.0,0.0,0.0,0.0,0.0,Rafa,Rodríguez,2003-07-10,23.21,182.0,14.0,Midfielder,Attacking Midfielder,ehrh3xjsbhfvgbugswntkjx1w,7012hpp3p5vg4fzyn3h0yvf09,Málaga CF,Málaga,Málaga,MAL,608484,ehrh3xjsbhfvgbugswntkjx1w,182,7012hpp3p5vg4fzyn3h0yvf09
Rafel Bauzà,654680.0,4.0,107.0,0.0,0.02,-0.02,1.0,0.0,0.0,0.02,Rafel,Bauzà,2005-01-30,21.65,177.0,26.0,Midfielder,Central Midfielder,b7bcouznm395r2z5g33ehiiac,c8llrezkm3b3op4afrou6b487,Reial Club Deportiu Espanyol de Barcelona,Espanyol,Espanyol,ESP,20.0,176.189,6.0,37.485,1.0,0.0,1.0,1.0,8.809,6.248,3.0,1.0,1.0,1.0,3.0,14.0,5.0,35.714,3.0,1.0,33.333,,,,,,,,,,654680.0,107.0,4.0,1.0,1.0,0.0,0.0,0.052,0.043,1.0,1.0,Rafel,Bauzà,2005-01-30,21.65,177.0,26.0,Midfielder,Central Midfielder,b7bcouznm395r2z5g33ehiiac,c8llrezkm3b3op4afrou6b487,Reial Club Deportiu Espanyol de Barcelona,Espanyol,Espanyol,ESP,654680.0,107.0,4.0,46.0,40.0,86.96,13.0,11.0,84.62,0.0,0.0,0.0,0.0,0.0,0.0,Rafel,Bauzà,2005-01-30,21.65,177.0,26.0,Midfielder,Central Midfielder,b7bcouznm395r2z5g33ehiiac,c8llrezkm3b3op4afrou6b487,Reial Club Deportiu Espanyol de Barcelona,Espanyol,Espanyol,ESP,654680,b7bcouznm395r2z5g33ehiiac,177,c8llrezkm3b3op4afrou6b487
Rafita,640504.0,6.0,472.0,0.0,0.03,-0.03,1.0,0.0,0.0,0.03,Rafael,Garrido Hierro,2004-11-09,21.87,182.0,31.0,Defender,Full Back,1jzo9gzmz9vxeejmsqw4hfh90,7012hpp3p5vg4fzyn3h0yvf09,Málaga CF,Málaga,Málaga,MAL,60.0,686.825,26.0,219.66,1.0,0.0,0.0,0.0,11.447,8.448,6.0,7.0,21.0,4.0,15.0,37.0,23.0,62.162,8.0,3.0,37.5,,,,,,,,,,640504.0,472.0,6.0,0.0,0.0,0.0,0.0,0.084,0.083,0.0,0.0,Rafael,Garrido Hierro,2004-11-09,21.87,182.0,31.0,Defender,Full Back,1jzo9gzmz9vxeejmsqw4hfh90,7012hpp3p5vg4fzyn3h0yvf09,Málaga CF,Málaga,Málaga,MAL,640504.0,472.0,6.0,238.0,218.0,91.6,56.0,49.0,87.5,6.0,0.0,0.0,0.0,0.0,0.0,Rafael,Garrido Hierro,2004-11-09,21.87,182.0,31.0,Defender,Full Back,1jzo9gzmz9vxeejmsqw4hfh90,7012hpp3p5vg4fzyn3h0yvf09,Málaga CF,Málaga,Málaga,MAL,640504,1jzo9gzmz9vxeejmsqw4hfh90,182,7012hpp3p5vg4fzyn3h0yvf09
Ramón Enríquez,490733.0,6.0,101.0,0.0,0.0,0.0,0.0,0.0,0.0,0.0,Ramón,Enríquez,2001-04-19,25.43,182.0,6.0,Midfielder,Central Midfielder,2blieqbs97320s2w64nhzh6ju,7012hpp3p5vg4fzyn3h0yvf09,Málaga CF,Málaga,Málaga,MAL,38.0,368.019,19.0,146.685,0.0,0.0,0.0,0.0,9.685,7.72,0.0,2.0,8.0,1.0,3.0,6.0,3.0,50.0,0.0,0.0,0.0,,,,,,,,,,490733.0,101.0,6.0,1.0,1.0,0.87,0.0,0.063,0.053,0.0,0.0,Ramón,Enríquez,2001-04-19,25.43,182.0,6.0,Midfielder,Central Midfielder,2blieqbs97320s2w64nhzh6ju,7012hpp3p5vg4fzyn3h0yvf09,Málaga CF,Málaga,Málaga,MAL,490733.0,101.0,6.0,121.0,110.0,90.91,25.0,20.0,80.0,0.0,0.0,0.0,0.0,0.0,0.0,Ramón,Enríquez,2001-04-19,25.43,182.0,6.0,Midfielder,Central Midfielder,2blieqbs97320s2w64nhzh6ju,7012hpp3p5vg4fzyn3h0yvf09,Málaga CF,Málaga,Málaga,MAL,490733,2blieqbs97320s2w64nhzh6ju,182,7012hpp3p5vg4fzyn3h0yvf09
Ramón Terrats,519373.0,5.0,442.0,1.0,0.95,0.05,15.0,4.0,6.67,0.06,Ramón,Terrats,2000-10-18,25.93,1450.0,11.0,Midfielder,Central Midfielder,20ebw399jhbq0i5x2eacrrs6i,1n1j0wsl763lq7ee1k0c11c02,Getafe CF,Getafe,Getafe,GET,52.0,649.519,33.0,372.435,3.0,0.0,1.0,0.0,12.491,11.286,6.0,2.0,21.0,1.0,7.0,44.0,27.0,61.364,10.0,6.0,60.0,,,,,,,,,,519373.0,442.0,5.0,6.0,5.0,3.82,16.67,0.872,0.677,0.0,0.0,Ramón,Terrats,2000-10-18,25.93,1450.0,11.0,Midfielder,Central Midfielder,20ebw399jhbq0i5x2eacrrs6i,1n1j0wsl763lq7ee1k0c11c02,Getafe CF,Getafe,Getafe,GET,519373.0,442.0,5.0,137.0,106.0,77.37,65.0,44.0,67.69,6.0,2.0,33.33,3.0,1.0,33.33,Ramón,Terrats,2000-10-18,25.93,1450.0,11.0,Midfielder,Central Midfielder,20ebw399jhbq0i5x2eacrrs6i,1n1j0wsl763lq7ee1k0c11c02,Getafe CF,Getafe,Getafe,GET,519373,20ebw399jhbq0i5x2eacrrs6i,1450,1n1j0wsl763lq7ee1k0c11c02
Randy Nteka,449300.0,3.0,153.0,0.0,0.88,-0.88,3.0,1.0,0.0,0.29,Randy,Nteka,1997-12-06,28.8,184.0,11.0,Midfielder,Attacking Midfielder,a045sz2acqbfgyq9puwsu8sx6,3budh3j9xivsid3ptm8ptpy4k,Rayo Vallecano de Madrid,Rayo Vallecano,Rayo,RAY,7.0,63.926,3.0,33.18,0.0,0.0,0.0,0.0,9.132,11.06,3.0,0.0,4.0,1.0,2.0,14.0,6.0,42.857,9.0,4.0,44.444,,,,,,,,,,449300.0,153.0,3.0,0.0,0.0,0.0,0.0,0.013,0.013,0.0,0.0,Randy,Nteka,1997-12-06,28.8,184.0,11.0,Midfielder,Attacking Midfielder,a045sz2acqbfgyq9puwsu8sx6,3budh3j9xivsid3ptm8ptpy4k,Rayo Vallecano de Madrid,Rayo Vallecano,Rayo,RAY,449300.0,153.0,3.0,22.0,18.0,81.82,9.0,8.0,88.89,1.0,0.0,0.0,0.0,0.0,0.0,Randy,Nteka,1997-12-06,28.8,184.0,11.0,Midfielder,Attacking Midfielder,a045sz2acqbfgyq9puwsu8sx6,3budh3j9xivsid3ptm8ptpy4k,Rayo Vallecano de Madrid,Rayo Vallecano,Rayo,RAY,449300,a045sz2acqbfgyq9puwsu8sx6,184,3budh3j9xivsid3ptm8ptpy4k
Raphinha,219961.0,6.0,478.0,9.0,8.01,0.99,21.0,13.0,42.86,0.38,Raphael,Dias Belloli,1996-12-14,29.78,178.0,11.0,Forward,Winger,2wl6h1rlrfnn2mr65vuo3t815,agh9ifb2mw3ivjusgedj7c3fe,FC Barcelona,Barcelona,Barcelona,BAR,62.0,673.638,40.0,386.61,5.0,3.0,3.0,1.0,10.865,9.665,3.0,0.0,6.0,0.0,2.0,28.0,17.0,60.714,5.0,1.0,20.0,,,,,,,,,,219961.0,478.0,6.0,14.0,9.0,4.03,35.71,1.459,1.003,3.0,3.0,Raphael,Dias Belloli,1996-12-14,29.78,178.0,11.0,Forward,Winger,2wl6h1rlrfnn2mr65vuo3t815,agh9ifb2mw3ivjusgedj7c3fe,FC Barcelona,Barcelona,Barcelona,BAR,219961.0,478.0,6.0,167.0,141.0,84.43,74.0,56.0,75.68,3.0,0.0,0.0,2.0,0.0,0.0,Raphael,Dias Belloli,1996-12-14,29.78,178.0,11.0,Forward,Winger,2wl6h1rlrfnn2mr65vuo3t815,agh9ifb2mw3ivjusgedj7c3fe,FC Barcelona,Barcelona,Barcelona,BAR,219961,2wl6h1rlrfnn2mr65vuo3t815,178,agh9ifb2mw3ivjusgedj7c3fe
Rayane Belaid,621927.0,1.0,23.0,0.0,0.0,0.0,0.0,0.0,0.0,0.0,Rayane,Belaid,2005-02-11,21.61,184.0,37.0,Forward,Winger,6dswrjvnakdr8gwun530inwgk,3budh3j9xivsid3ptm8ptpy4k,Rayo Vallecano de Madrid,Rayo Vallecano,Rayo,RAY,1.0,8.279,0.0,-4.305,0.0,0.0,0.0,0.0,8.279,0.0,0.0,0.0,1.0,0.0,1.0,2.0,0.0,0.0,1.0,1.0,100.0,,,,,,,,,,621927.0,23.0,1.0,0.0,0.0,0.0,0.0,0.007,0.007,0.0,0.0,Rayane,Belaid,2005-02-11,21.61,184.0,37.0,Forward,Winger,6dswrjvnakdr8gwun530inwgk,3budh3j9xivsid3ptm8ptpy4k,Rayo Vallecano de Madrid,Rayo Vallecano,Rayo,RAY,621927.0,23.0,1.0,5.0,5.0,100.0,2.0,2.0,100.0,0.0,0.0,0.0,0.0,0.0,0.0,Rayane,Belaid,2005-02-11,21.61,184.0,37.0,Forward,Winger,6dswrjvnakdr8gwun530inwgk,3budh3j9xivsid3ptm8ptpy4k,Rayo Vallecano de Madrid,Rayo Vallecano,Rayo,RAY,621927,6dswrjvnakdr8gwun530inwgk,184,3budh3j9xivsid3ptm8ptpy4k
Raúl Asencio,551497.0,0.0,0.0,0.0,0.0,0.0,0.0,0.0,0.0,0.0,Raúl,Asencio,2003-02-13,23.61,186.0,2.0,Defender,Central Defender,551497,3kq9cckrnlogidldtdie2fkbl,Real Madrid CF,Real Madrid,Real Madrid,RMA,0.0,0.0,0.0,0.0,0.0,0.0,0.0,0.0,0.0,0.0,0.0,0.0,0.0,0.0,0.0,0.0,0.0,0.0,0.0,0.0,0.0,,,,,,,,,,551497.0,0.0,0.0,0.0,0.0,0.0,0.0,0.0,0.0,0.0,0.0,Raúl,Asencio,2003-02-13,23.61,186.0,2.0,Defender,Central Defender,551497,3kq9cckrnlogidldtdie2fkbl,Real Madrid CF,Real Madrid,Real Madrid,RMA,551497.0,0.0,0.0,0.0,0.0,0.0,0.0,0.0,0.0,0.0,0.0,0.0,0.0,0.0,0.0,Raúl,Asencio,2003-02-13,23.61,186.0,2.0,Defender,Central Defender,551497,3kq9cckrnlogidldtdie2fkbl,Real Madrid CF,Real Madrid,Real Madrid,RMA,551497,551497,186,3kq9cckrnlogidldtdie2fkbl
Raúl García,490859.0,6.0,340.0,0.0,0.85,-0.85,9.0,3.0,0.0,0.09,Raúl,García,2000-11-03,25.89,450.0,9.0,Forward,Striker,cy3c0cj6yy1mokaj0mlk4k9re,2l0ldgiwsgb8d6y3z0sfgjzyj,CA Osasuna,Osasuna,Osasuna,OSA,24.0,283.414,13.0,162.96,1.0,0.0,0.0,0.0,11.809,12.535,1.0,0.0,10.0,0.0,3.0,24.0,10.0,41.667,13.0,8.0,61.538,,,,,,,,,,490859.0,340.0,6.0,2.0,2.0,1.39,0.0,0.084,0.084,1.0,1.0,Raúl,García,2000-11-03,25.89,450.0,9.0,Forward,Striker,cy3c0cj6yy1mokaj0mlk4k9re,2l0ldgiwsgb8d6y3z0sfgjzyj,CA Osasuna,Osasuna,Osasuna,OSA,490859.0,340.0,6.0,73.0,57.0,78.08,31.0,20.0,64.52,3.0,0.0,0.0,0.0,0.0,0.0,Raúl,García,2000-11-03,25.89,450.0,9.0,Forward,Striker,cy3c0cj6yy1mokaj0mlk4k9re,2l0ldgiwsgb8d6y3z0sfgjzyj,CA Osasuna,Osasuna,Osasuna,OSA,490859,cy3c0cj6yy1mokaj0mlk4k9re,450,2l0ldgiwsgb8d6y3z0sfgjzyj
Raúl Moro,465701.0,4.0,137.0,0.0,0.3,-0.3,4.0,1.0,0.0,0.07,Raúl,Moro,2002-12-05,23.8,450.0,18.0,Forward,0,6km3r9cspyz7g6343o9mri63u,2l0ldgiwsgb8d6y3z0sfgjzyj,CA Osasuna,Osasuna,Osasuna,OSA,26.0,485.205,14.0,295.47,2.0,0.0,1.0,0.0,18.662,21.105,0.0,0.0,8.0,0.0,1.0,19.0,6.0,31.579,1.0,0.0,0.0,,,,,,,,,,465701.0,137.0,4.0,3.0,3.0,8.82,0.0,0.629,0.629,0.0,0.0,Raúl,Moro,2002-12-05,23.8,450.0,18.0,Forward,0,6km3r9cspyz7g6343o9mri63u,2l0ldgiwsgb8d6y3z0sfgjzyj,CA Osasuna,Osasuna,Osasuna,OSA,465701.0,137.0,4.0,35.0,29.0,82.86,16.0,12.0,75.0,6.0,2.0,33.33,2.0,1.0,50.0,Raúl,Moro,2002-12-05,23.8,450.0,18.0,Forward,0,6km3r9cspyz7g6343o9mri63u,2l0ldgiwsgb8d6y3z0sfgjzyj,CA Osasuna,Osasuna,Osasuna,OSA,465701,6km3r9cspyz7g6343o9mri63u,450,2l0ldgiwsgb8d6y3z0sfgjzyj
Renato Veiga,551230.0,6.0,540.0,0.0,0.15,-0.15,3.0,0.0,0.0,0.05,Renato,Palma Veiga,2003-07-29,23.16,449.0,12.0,Defender,Defensive Midfielder,bfdtduknquzhr2br7ahlgvvo4,74mcjsm72vr3l9pw2i4qfjchj,Villarreal CF,Villarreal,Villarreal,VIL,132.0,1289.227,71.0,691.95,1.0,0.0,0.0,0.0,9.767,9.746,2.0,10.0,22.0,9.0,32.0,17.0,4.0,23.529,14.0,9.0,64.286,,,,,,,,,,551230.0,540.0,6.0,2.0,1.0,0.22,0.0,0.704,0.703,1.0,0.0,Renato,Palma Veiga,2003-07-29,23.16,449.0,12.0,Defender,Defensive Midfielder,bfdtduknquzhr2br7ahlgvvo4,74mcjsm72vr3l9pw2i4qfjchj,Villarreal CF,Villarreal,Villarreal,VIL,551230.0,540.0,6.0,491.0,452.0,92.06,81.0,59.0,72.84,1.0,0.0,0.0,0.0,0.0,0.0,Renato,Palma Veiga,2003-07-29,23.16,449.0,12.0,Defender,Defensive Midfielder,bfdtduknquzhr2br7ahlgvvo4,74mcjsm72vr3l9pw2i4qfjchj,Villarreal CF,Villarreal,Villarreal,VIL,551230,bfdtduknquzhr2br7ahlgvvo4,449,74mcjsm72vr3l9pw2i4qfjchj
Riki Rodríguez,464470.0,3.0,175.0,0.0,0.0,0.0,0.0,0.0,0.0,0.0,Riki,Rodríguez,1997-09-25,29.0,180.0,14.0,Midfielder,Central Midfielder,azllpabmlznayktgymd6ytjl6,1r541mega6d838hi0p44sv0h2,RC Deportivo de A Coruña,Deportivo de A Coruña,Deportivo,DEP,19.0,173.237,6.0,35.385,0.0,0.0,0.0,0.0,9.118,5.898,0.0,3.0,5.0,0.0,2.0,9.0,2.0,22.222,3.0,1.0,33.333,,,,,,,,,,464470.0,175.0,3.0,0.0,0.0,0.0,0.0,0.029,0.029,0.0,0.0,Riki,Rodríguez,1997-09-25,29.0,180.0,14.0,Midfielder,Central Midfielder,azllpabmlznayktgymd6ytjl6,1r541mega6d838hi0p44sv0h2,RC Deportivo de A Coruña,Deportivo de A Coruña,Deportivo,DEP,464470.0,175.0,3.0,79.0,65.0,82.28,19.0,13.0,68.42,0.0,0.0,0.0,1.0,0.0,0.0,Riki,Rodríguez,1997-09-25,29.0,180.0,14.0,Midfielder,Central Midfielder,azllpabmlznayktgymd6ytjl6,1r541mega6d838hi0p44sv0h2,RC Deportivo de A Coruña,Deportivo de A Coruña,Deportivo,DEP,464470,azllpabmlznayktgymd6ytjl6,180,1r541mega6d838hi0p44sv0h2
Robbie Ure,503537.0,6.0,307.0,0.0,0.33,-0.33,4.0,0.0,0.0,0.08,Robbie,Ure,2004-02-26,22.58,179.0,9.0,Forward,Striker,9mvwnz2zlvx54nggvvw3l9ega,10eyb18v5puw4ez03ocaug09m,Sevilla FC,Sevilla,Sevilla,SEV,11.0,90.753,5.0,37.695,0.0,0.0,0.0,0.0,8.25,7.539,1.0,0.0,6.0,0.0,0.0,27.0,10.0,37.037,21.0,3.0,14.286,,,,,,,,,,503537.0,307.0,6.0,4.0,4.0,6.98,0.0,0.118,0.118,1.0,1.0,Robbie,Ure,2004-02-26,22.58,179.0,9.0,Forward,Striker,9mvwnz2zlvx54nggvvw3l9ega,10eyb18v5puw4ez03ocaug09m,Sevilla FC,Sevilla,Sevilla,SEV,503537.0,307.0,6.0,44.0,32.0,72.73,21.0,17.0,80.95,2.0,1.0,50.0,0.0,0.0,0.0,Robbie,Ure,2004-02-26,22.58,179.0,9.0,Forward,Striker,9mvwnz2zlvx54nggvvw3l9ega,10eyb18v5puw4ez03ocaug09m,Sevilla FC,Sevilla,Sevilla,SEV,503537,9mvwnz2zlvx54nggvvw3l9ega,179,10eyb18v5puw4ez03ocaug09m
Robert Navarro,460265.0,4.0,242.0,2.0,1.22,0.78,5.0,3.0,40.0,0.24,Robert,Navarro,2002-04-12,24.45,174.0,23.0,Midfielder,Attacking Midfielder,7aoe0u87gxgv9tvgrotcfue7e,3czravw89omgc9o4s0w3l1bg5,Athletic Club,Athletic Club,Athletic,ATH,41.0,513.598,27.0,296.73,0.0,0.0,1.0,0.0,12.527,10.99,5.0,6.0,12.0,0.0,0.0,17.0,9.0,52.941,3.0,0.0,0.0,,,,,,,,,,460265.0,242.0,4.0,5.0,2.0,2.5,60.0,0.273,0.142,0.0,0.0,Robert,Navarro,2002-04-12,24.45,174.0,23.0,Midfielder,Attacking Midfielder,7aoe0u87gxgv9tvgrotcfue7e,3czravw89omgc9o4s0w3l1bg5,Athletic Club,Athletic Club,Athletic,ATH,460265.0,242.0,4.0,83.0,71.0,85.54,37.0,31.0,83.78,5.0,1.0,20.0,1.0,0.0,0.0,Robert,Navarro,2002-04-12,24.45,174.0,23.0,Midfielder,Attacking Midfielder,7aoe0u87gxgv9tvgrotcfue7e,3czravw89omgc9o4s0w3l1bg5,Athletic Club,Athletic Club,Athletic,ATH,460265,7aoe0u87gxgv9tvgrotcfue7e,174,3czravw89omgc9o4s0w3l1bg5
Roberto Fernández,537940.0,6.0,523.0,6.0,3.21,2.79,13.0,6.0,46.15,0.25,Roberto,Fernández,2002-07-03,24.23,177.0,9.0,Forward,Striker,5fqvl0m1rkzhj9tmafrcxur6c,c8llrezkm3b3op4afrou6b487,Reial Club Deportiu Espanyol de Barcelona,Espanyol,Espanyol,ESP,16.0,154.603,7.0,43.68,0.0,0.0,0.0,0.0,9.663,6.24,2.0,1.0,8.0,1.0,8.0,28.0,12.0,42.857,28.0,12.0,42.857,,,,,,,,,,537940.0,523.0,6.0,4.0,4.0,5.97,0.0,0.358,0.358,0.0,0.0,Roberto,Fernández,2002-07-03,24.23,177.0,9.0,Forward,Striker,5fqvl0m1rkzhj9tmafrcxur6c,c8llrezkm3b3op4afrou6b487,Reial Club Deportiu Espanyol de Barcelona,Espanyol,Espanyol,ESP,537940.0,523.0,6.0,75.0,48.0,64.0,30.0,15.0,50.0,1.0,0.0,0.0,0.0,0.0,0.0,Roberto,Fernández,2002-07-03,24.23,177.0,9.0,Forward,Striker,5fqvl0m1rkzhj9tmafrcxur6c,c8llrezkm3b3op4afrou6b487,Reial Club Deportiu Espanyol de Barcelona,Espanyol,Espanyol,ESP,537940,5fqvl0m1rkzhj9tmafrcxur6c,177,c8llrezkm3b3op4afrou6b487
Robin Le Normand,224919.0,3.0,256.0,1.0,0.01,0.99,1.0,1.0,100.0,0.01,Robin,Le Normand,1996-11-11,29.87,175.0,24.0,Defender,Central Defender,6xulax65kp4aid70nk7g5jr2t,4ku8o6uf87yd8iecdalipo6wd,Club Atlético de Madrid,Atlético de Madrid,Atlético,ATM,25.0,239.75,12.0,63.945,0.0,0.0,0.0,0.0,9.59,5.329,4.0,4.0,13.0,0.0,16.0,12.0,6.0,50.0,9.0,7.0,77.778,,,,,,,,,,224919.0,256.0,3.0,0.0,0.0,0.0,0.0,0.014,0.014,0.0,0.0,Robin,Le Normand,1996-11-11,29.87,175.0,24.0,Defender,Central Defender,6xulax65kp4aid70nk7g5jr2t,4ku8o6uf87yd8iecdalipo6wd,Club Atlético de Madrid,Atlético de Madrid,Atlético,ATM,224919.0,256.0,3.0,133.0,123.0,92.48,11.0,6.0,54.55,0.0,0.0,0.0,0.0,0.0,0.0,Robin,Le Normand,1996-11-11,29.87,175.0,24.0,Defender,Central Defender,6xulax65kp4aid70nk7g5jr2t,4ku8o6uf87yd8iecdalipo6wd,Club Atlético de Madrid,Atlético de Madrid,Atlético,ATM,224919,6xulax65kp4aid70nk7g5jr2t,175,4ku8o6uf87yd8iecdalipo6wd
Rockson Yeboah,627127.0,3.0,210.0,0.0,0.0,0.0,0.0,0.0,0.0,0.0,Rockson,Yeboah,2004-08-02,22.14,450.0,48.0,Defender,Central Defender,cde3a2svj5fyjgiugm1n3lwd0,2l0ldgiwsgb8d6y3z0sfgjzyj,CA Osasuna,Osasuna,Osasuna,OSA,47.0,490.777,21.0,274.365,0.0,0.0,1.0,0.0,10.442,13.065,6.0,5.0,12.0,1.0,11.0,17.0,9.0,52.941,2.0,2.0,100.0,,,,,,,,,,627127.0,210.0,3.0,1.0,0.0,0.0,100.0,0.031,0.031,0.0,0.0,Rockson,Yeboah,2004-08-02,22.14,450.0,48.0,Defender,Central Defender,cde3a2svj5fyjgiugm1n3lwd0,2l0ldgiwsgb8d6y3z0sfgjzyj,CA Osasuna,Osasuna,Osasuna,OSA,627127.0,210.0,3.0,119.0,109.0,91.6,15.0,12.0,80.0,0.0,0.0,0.0,1.0,0.0,0.0,Rockson,Yeboah,2004-08-02,22.14,450.0,48.0,Defender,Central Defender,cde3a2svj5fyjgiugm1n3lwd0,2l0ldgiwsgb8d6y3z0sfgjzyj,CA Osasuna,Osasuna,Osasuna,OSA,627127,cde3a2svj5fyjgiugm1n3lwd0,450,2l0ldgiwsgb8d6y3z0sfgjzyj
Rodri,220566.0,5.0,266.0,0.0,0.14,-0.14,2.0,0.0,0.0,0.07,Rodrigo,Hernández Cascante,1996-06-22,30.26,178.0,16.0,Midfielder,Defensive Midfielder,dqfk7czrayirrvonirtk2mk15,agh9ifb2mw3ivjusgedj7c3fe,FC Barcelona,Barcelona,Barcelona,BAR,57.0,527.24,33.0,275.73,0.0,0.0,0.0,0.0,9.25,8.355,7.0,6.0,19.0,0.0,6.0,14.0,10.0,71.429,4.0,2.0,50.0,,,,,,,,,,220566.0,266.0,5.0,4.0,4.0,1.29,0.0,0.499,0.498,0.0,0.0,Rodrigo,Hernández Cascante,1996-06-22,30.26,178.0,16.0,Midfielder,Defensive Midfielder,dqfk7czrayirrvonirtk2mk15,agh9ifb2mw3ivjusgedj7c3fe,FC Barcelona,Barcelona,Barcelona,BAR,220566.0,266.0,5.0,318.0,301.0,94.65,73.0,67.0,91.78,2.0,0.0,0.0,0.0,0.0,0.0,Rodrigo,Hernández Cascante,1996-06-22,30.26,178.0,16.0,Midfielder,Defensive Midfielder,dqfk7czrayirrvonirtk2mk15,agh9ifb2mw3ivjusgedj7c3fe,FC Barcelona,Barcelona,Barcelona,BAR,220566,dqfk7czrayirrvonirtk2mk15,178,agh9ifb2mw3ivjusgedj7c3fe
Rodrigo Gamón,719474.0,0.0,0.0,0.0,0.0,0.0,0.0,0.0,0.0,0.0,Rodrigo,Gamón,2008-07-04,18.22,191.0,31.0,Defender,0,719474,ba5e91hjacvma2sjvixn00pjo,Valencia CF,Valencia,Valencia,VAL,0.0,0.0,0.0,0.0,0.0,0.0,0.0,0.0,0.0,0.0,0.0,0.0,0.0,0.0,0.0,0.0,0.0,0.0,0.0,0.0,0.0,,,,,,,,,,719474.0,0.0,0.0,0.0,0.0,0.0,0.0,0.0,0.0,0.0,0.0,Rodrigo,Gamón,2008-07-04,18.22,191.0,31.0,Defender,0,719474,ba5e91hjacvma2sjvixn00pjo,Valencia CF,Valencia,Valencia,VAL,719474.0,0.0,0.0,0.0,0.0,0.0,0.0,0.0,0.0,0.0,0.0,0.0,0.0,0.0,0.0,Rodrigo,Gamón,2008-07-04,18.22,191.0,31.0,Defender,0,719474,ba5e91hjacvma2sjvixn00pjo,Valencia CF,Valencia,Valencia,VAL,719474,719474,191,ba5e91hjacvma2sjvixn00pjo
Rodrigo Mendoza,578538.0,3.0,107.0,0.0,0.3,-0.3,5.0,3.0,0.0,0.06,Rodrigo,Mendoza,2005-03-15,21.53,175.0,4.0,Midfielder,Central Midfielder,1filh68q6hdk921qkdo7rsvmc,4ku8o6uf87yd8iecdalipo6wd,Club Atlético de Madrid,Atlético de Madrid,Atlético,ATM,15.0,114.452,4.0,29.61,1.0,0.0,0.0,0.0,7.63,7.402,3.0,0.0,5.0,0.0,0.0,14.0,6.0,42.857,2.0,0.0,0.0,,,,,,,,,,578538.0,107.0,3.0,0.0,0.0,0.0,0.0,0.083,0.083,0.0,0.0,Rodrigo,Mendoza,2005-03-15,21.53,175.0,4.0,Midfielder,Central Midfielder,1filh68q6hdk921qkdo7rsvmc,4ku8o6uf87yd8iecdalipo6wd,Club Atlético de Madrid,Atlético de Madrid,Atlético,ATM,578538.0,107.0,3.0,39.0,35.0,89.74,20.0,16.0,80.0,1.0,0.0,0.0,0.0,0.0,0.0,Rodrigo,Mendoza,2005-03-15,21.53,175.0,4.0,Midfielder,Central Midfielder,1filh68q6hdk921qkdo7rsvmc,4ku8o6uf87yd8iecdalipo6wd,Club Atlético de Madrid,Atlético de Madrid,Atlético,ATM,578538,1filh68q6hdk921qkdo7rsvmc,175,4ku8o6uf87yd8iecdalipo6wd
Rodrigo Riquelme,437834.0,6.0,297.0,2.0,1.13,0.87,7.0,4.0,28.57,0.16,Rodrigo,Riquelme,2000-04-02,26.48,185.0,17.0,Midfielder,Attacking Midfielder,bqmhsb2bsuuuijw2ci39l01k9,ah8dala7suqqkj04n2l8xz4zd,Real Betis Balompié,Real Betis,Betis,BET,48.0,583.395,28.0,339.045,1.0,0.0,0.0,0.0,12.154,12.109,4.0,6.0,9.0,0.0,3.0,28.0,18.0,64.286,5.0,1.0,20.0,,,,,,,,,,437834.0,297.0,6.0,6.0,6.0,5.17,0.0,0.322,0.322,0.0,0.0,Rodrigo,Riquelme,2000-04-02,26.48,185.0,17.0,Midfielder,Attacking Midfielder,bqmhsb2bsuuuijw2ci39l01k9,ah8dala7suqqkj04n2l8xz4zd,Real Betis Balompié,Real Betis,Betis,BET,437834.0,297.0,6.0,116.0,95.0,81.9,52.0,41.0,78.85,11.0,2.0,18.18,0.0,0.0,0.0,Rodrigo,Riquelme,2000-04-02,26.48,185.0,17.0,Midfielder,Attacking Midfielder,bqmhsb2bsuuuijw2ci39l01k9,ah8dala7suqqkj04n2l8xz4zd,Real Betis Balompié,Real Betis,Betis,BET,437834,bqmhsb2bsuuuijw2ci39l01k9,185,ah8dala7suqqkj04n2l8xz4zd
Roger Brugué,439878.0,4.0,354.0,3.0,2.74,0.26,12.0,5.0,25.0,0.23,Roger,Brugué,1996-11-04,29.89,855.0,7.0,Midfielder,Central Midfielder,dwvghrdrnqqmfiwwicm5lrskq,4grc9qgcvusllap8h5j6gc5h5,Levante UD,Levante,Levante,LEV,24.0,230.96,7.0,-8.925,3.0,0.0,1.0,0.0,9.623,-1.275,6.0,1.0,13.0,0.0,1.0,22.0,11.0,50.0,17.0,6.0,35.294,,,,,,,,,,439878.0,354.0,4.0,2.0,2.0,3.23,0.0,0.231,0.23,0.0,0.0,Roger,Brugué,1996-11-04,29.89,855.0,7.0,Midfielder,Central Midfielder,dwvghrdrnqqmfiwwicm5lrskq,4grc9qgcvusllap8h5j6gc5h5,Levante UD,Levante,Levante,LEV,439878.0,354.0,4.0,62.0,43.0,69.35,22.0,9.0,40.91,4.0,0.0,0.0,1.0,0.0,0.0,Roger,Brugué,1996-11-04,29.89,855.0,7.0,Midfielder,Central Midfielder,dwvghrdrnqqmfiwwicm5lrskq,4grc9qgcvusllap8h5j6gc5h5,Levante UD,Levante,Levante,LEV,439878,dwvghrdrnqqmfiwwicm5lrskq,855,4grc9qgcvusllap8h5j6gc5h5
Roger Hinojo,690618.0,6.0,491.0,0.0,0.06,-0.06,1.0,0.0,0.0,0.06,Roger,Hinojo,2005-02-21,21.59,177.0,21.0,Defender,Full Back,ch1bilea3jhwexlcdin0llyc4,c8llrezkm3b3op4afrou6b487,Reial Club Deportiu Espanyol de Barcelona,Espanyol,Espanyol,ESP,59.0,659.144,32.0,311.745,0.0,0.0,1.0,0.0,11.172,9.742,14.0,5.0,20.0,0.0,18.0,29.0,17.0,58.621,13.0,7.0,53.846,,,,,,,,,,690618.0,491.0,6.0,1.0,1.0,0.43,0.0,0.281,0.279,0.0,0.0,Roger,Hinojo,2005-02-21,21.59,177.0,21.0,Defender,Full Back,ch1bilea3jhwexlcdin0llyc4,c8llrezkm3b3op4afrou6b487,Reial Club Deportiu Espanyol de Barcelona,Espanyol,Espanyol,ESP,690618.0,491.0,6.0,241.0,199.0,82.57,56.0,43.0,76.79,2.0,1.0,50.0,0.0,0.0,0.0,Roger,Hinojo,2005-02-21,21.59,177.0,21.0,Defender,Full Back,ch1bilea3jhwexlcdin0llyc4,c8llrezkm3b3op4afrou6b487,Reial Club Deportiu Espanyol de Barcelona,Espanyol,Espanyol,ESP,690618,ch1bilea3jhwexlcdin0llyc4,177,c8llrezkm3b3op4afrou6b487
Romain Del Castillo,219873.0,2.0,35.0,0.0,0.0,0.0,0.0,0.0,0.0,0.0,Romain,Del Castillo,1996-03-29,30.49,450.0,20.0,Forward,0,32bc16sg6h58ajxigp7nl1ryt,2l0ldgiwsgb8d6y3z0sfgjzyj,CA Osasuna,Osasuna,Osasuna,OSA,4.0,39.634,1.0,9.135,0.0,0.0,0.0,0.0,9.908,9.135,1.0,0.0,1.0,0.0,0.0,2.0,2.0,100.0,2.0,2.0,100.0,,,,,,,,,,219873.0,35.0,2.0,0.0,0.0,0.0,0.0,0.029,0.029,0.0,0.0,Romain,Del Castillo,1996-03-29,30.49,450.0,20.0,Forward,0,32bc16sg6h58ajxigp7nl1ryt,2l0ldgiwsgb8d6y3z0sfgjzyj,CA Osasuna,Osasuna,Osasuna,OSA,219873.0,35.0,2.0,14.0,14.0,100.0,6.0,6.0,100.0,3.0,0.0,0.0,0.0,0.0,0.0,Romain,Del Castillo,1996-03-29,30.49,450.0,20.0,Forward,0,32bc16sg6h58ajxigp7nl1ryt,2l0ldgiwsgb8d6y3z0sfgjzyj,CA Osasuna,Osasuna,Osasuna,OSA,219873,32bc16sg6h58ajxigp7nl1ryt,450,2l0ldgiwsgb8d6y3z0sfgjzyj
Roy Revivo,545092.0,3.0,189.0,0.0,0.12,-0.12,1.0,0.0,0.0,0.12,Roy,Revivo,2003-05-22,23.34,954.0,3.0,Defender,Full Back,9k9fpax1m803err1528v29clw,4yg9ttzw0m51048doksv8uq5r,Elche CF,Elche,Elche,ELC,23.0,228.702,16.0,151.2,0.0,0.0,0.0,0.0,9.944,9.45,2.0,3.0,3.0,2.0,8.0,15.0,7.0,46.667,6.0,3.0,50.0,,,,,,,,,,545092.0,189.0,3.0,1.0,1.0,1.09,0.0,0.152,0.152,0.0,0.0,Roy,Revivo,2003-05-22,23.34,954.0,3.0,Defender,Full Back,9k9fpax1m803err1528v29clw,4yg9ttzw0m51048doksv8uq5r,Elche CF,Elche,Elche,ELC,545092.0,189.0,3.0,94.0,80.0,85.11,28.0,22.0,78.57,5.0,1.0,20.0,1.0,0.0,0.0,Roy,Revivo,2003-05-22,23.34,954.0,3.0,Defender,Full Back,9k9fpax1m803err1528v29clw,4yg9ttzw0m51048doksv8uq5r,Elche CF,Elche,Elche,ELC,545092,9k9fpax1m803err1528v29clw,954,4yg9ttzw0m51048doksv8uq5r
Rubén García,130026.0,6.0,300.0,0.0,0.38,-0.38,6.0,3.0,0.0,0.06,Rubén,García,1993-07-14,33.2,450.0,14.0,Midfielder,Attacking Midfielder,9xbo6c8uq29ueuyinngjjiaj9,2l0ldgiwsgb8d6y3z0sfgjzyj,CA Osasuna,Osasuna,Osasuna,OSA,28.0,238.05,10.0,-2.835,2.0,0.0,1.0,0.0,8.502,-0.284,11.0,1.0,14.0,1.0,7.0,24.0,15.0,62.5,9.0,4.0,44.444,,,,,,,,,,130026.0,300.0,6.0,6.0,3.0,2.68,50.0,0.987,0.759,0.0,0.0,Rubén,García,1993-07-14,33.2,450.0,14.0,Midfielder,Attacking Midfielder,9xbo6c8uq29ueuyinngjjiaj9,2l0ldgiwsgb8d6y3z0sfgjzyj,CA Osasuna,Osasuna,Osasuna,OSA,130026.0,300.0,6.0,121.0,96.0,79.34,32.0,21.0,65.63,5.0,0.0,0.0,0.0,0.0,0.0,Rubén,García,1993-07-14,33.2,450.0,14.0,Midfielder,Attacking Midfielder,9xbo6c8uq29ueuyinngjjiaj9,2l0ldgiwsgb8d6y3z0sfgjzyj,CA Osasuna,Osasuna,Osasuna,OSA,130026,9xbo6c8uq29ueuyinngjjiaj9,450,2l0ldgiwsgb8d6y3z0sfgjzyj
Rubén Sánchez,539600.0,2.0,36.0,0.0,0.01,-0.01,1.0,0.0,0.0,0.01,Rubén,Sánchez,2001-02-04,25.64,954.0,22.0,Defender,Full Back,4ypoy27moehhbiaf3o1bntht6,4yg9ttzw0m51048doksv8uq5r,Elche CF,Elche,Elche,ELC,3.0,34.187,2.0,25.725,0.0,0.0,0.0,0.0,11.396,12.862,2.0,1.0,2.0,1.0,3.0,5.0,2.0,40.0,1.0,0.0,0.0,,,,,,,,,,539600.0,36.0,2.0,0.0,0.0,0.0,0.0,0.004,0.004,0.0,0.0,Rubén,Sánchez,2001-02-04,25.64,954.0,22.0,Defender,Full Back,4ypoy27moehhbiaf3o1bntht6,4yg9ttzw0m51048doksv8uq5r,Elche CF,Elche,Elche,ELC,539600.0,36.0,2.0,11.0,11.0,100.0,5.0,5.0,100.0,0.0,0.0,0.0,0.0,0.0,0.0,Rubén,Sánchez,2001-02-04,25.64,954.0,22.0,Defender,Full Back,4ypoy27moehhbiaf3o1bntht6,4yg9ttzw0m51048doksv8uq5r,Elche CF,Elche,Elche,ELC,539600,4ypoy27moehhbiaf3o1bntht6,954,4yg9ttzw0m51048doksv8uq5r
Rubén Vargas,429534.0,1.0,20.0,0.0,0.07,-0.07,1.0,0.0,0.0,0.07,Rubén,Vargas,1998-08-05,28.14,179.0,11.0,Midfielder,0,4zrut521fzw9fddqt74pnl756,10eyb18v5puw4ez03ocaug09m,Sevilla FC,Sevilla,Sevilla,SEV,2.0,15.841,1.0,-0.42,0.0,0.0,0.0,0.0,7.92,-0.42,1.0,0.0,2.0,0.0,1.0,2.0,1.0,50.0,0.0,0.0,0.0,,,,,,,,,,429534.0,20.0,1.0,0.0,0.0,0.0,0.0,0.006,0.006,0.0,0.0,Rubén,Vargas,1998-08-05,28.14,179.0,11.0,Midfielder,0,4zrut521fzw9fddqt74pnl756,10eyb18v5puw4ez03ocaug09m,Sevilla FC,Sevilla,Sevilla,SEV,429534.0,20.0,1.0,6.0,2.0,33.33,4.0,2.0,50.0,0.0,0.0,0.0,0.0,0.0,0.0,Rubén,Vargas,1998-08-05,28.14,179.0,11.0,Midfielder,0,4zrut521fzw9fddqt74pnl756,10eyb18v5puw4ez03ocaug09m,Sevilla FC,Sevilla,Sevilla,SEV,429534,4zrut521fzw9fddqt74pnl756,179,10eyb18v5puw4ez03ocaug09m
Ryunosuke Sato,614481.0,5.0,297.0,0.0,0.26,-0.26,5.0,1.0,0.0,0.05,Ryunosuke,Sato,2006-10-16,19.94,191.0,39.0,Midfielder,0,6g4w142avjxqr8ju5tgdskhlg,ba5e91hjacvma2sjvixn00pjo,Valencia CF,Valencia,Valencia,VAL,37.0,413.576,18.0,199.08,2.0,0.0,0.0,0.0,11.178,11.06,4.0,0.0,8.0,0.0,0.0,25.0,6.0,24.0,4.0,1.0,25.0,,,,,,,,,,614481.0,297.0,5.0,1.0,1.0,1.01,0.0,0.057,0.057,0.0,0.0,Ryunosuke,Sato,2006-10-16,19.94,191.0,39.0,Midfielder,0,6g4w142avjxqr8ju5tgdskhlg,ba5e91hjacvma2sjvixn00pjo,Valencia CF,Valencia,Valencia,VAL,614481.0,297.0,5.0,100.0,82.0,82.0,34.0,26.0,76.47,7.0,0.0,0.0,0.0,0.0,0.0,Ryunosuke,Sato,2006-10-16,19.94,191.0,39.0,Midfielder,0,6g4w142avjxqr8ju5tgdskhlg,ba5e91hjacvma2sjvixn00pjo,Valencia CF,Valencia,Valencia,VAL,614481,6g4w142avjxqr8ju5tgdskhlg,191,ba5e91hjacvma2sjvixn00pjo
Saba Sazonov,492977.0,3.0,105.0,0.0,0.01,-0.01,1.0,0.0,0.0,0.01,Saba,Sazonov,2002-02-01,24.64,1450.0,4.0,Defender,Central Defender,7czabe5a0l5icdqb74sa9yru2,1n1j0wsl763lq7ee1k0c11c02,Getafe CF,Getafe,Getafe,GET,11.0,104.523,2.0,19.215,0.0,0.0,0.0,0.0,9.502,9.608,4.0,1.0,4.0,1.0,5.0,9.0,6.0,66.667,1.0,1.0,100.0,,,,,,,,,,492977.0,105.0,3.0,0.0,0.0,0.0,0.0,0.009,0.009,0.0,0.0,Saba,Sazonov,2002-02-01,24.64,1450.0,4.0,Defender,Central Defender,7czabe5a0l5icdqb74sa9yru2,1n1j0wsl763lq7ee1k0c11c02,Getafe CF,Getafe,Getafe,GET,492977.0,105.0,3.0,44.0,36.0,81.82,7.0,1.0,14.29,0.0,0.0,0.0,0.0,0.0,0.0,Saba,Sazonov,2002-02-01,24.64,1450.0,4.0,Defender,Central Defender,7czabe5a0l5icdqb74sa9yru2,1n1j0wsl763lq7ee1k0c11c02,Getafe CF,Getafe,Getafe,GET,492977,7czabe5a0l5icdqb74sa9yru2,1450,1n1j0wsl763lq7ee1k0c11c02
Samu Becerra,690348.0,0.0,0.0,0.0,0.0,0.0,0.0,0.0,0.0,0.0,Samu,Becerra,2006-06-01,20.31,184.0,28.0,Midfielder,0,690348,3budh3j9xivsid3ptm8ptpy4k,Rayo Vallecano de Madrid,Rayo Vallecano,Rayo,RAY,0.0,0.0,0.0,0.0,0.0,0.0,0.0,0.0,0.0,0.0,0.0,0.0,0.0,0.0,0.0,0.0,0.0,0.0,0.0,0.0,0.0,,,,,,,,,,690348.0,0.0,0.0,0.0,0.0,0.0,0.0,0.0,0.0,0.0,0.0,Samu,Becerra,2006-06-01,20.31,184.0,28.0,Midfielder,0,690348,3budh3j9xivsid3ptm8ptpy4k,Rayo Vallecano de Madrid,Rayo Vallecano,Rayo,RAY,690348.0,0.0,0.0,0.0,0.0,0.0,0.0,0.0,0.0,0.0,0.0,0.0,0.0,0.0,0.0,Samu,Becerra,2006-06-01,20.31,184.0,28.0,Midfielder,0,690348,3budh3j9xivsid3ptm8ptpy4k,Rayo Vallecano de Madrid,Rayo Vallecano,Rayo,RAY,690348,690348,184,3budh3j9xivsid3ptm8ptpy4k
Santi Comesaña,230071.0,6.0,357.0,0.0,0.57,-0.57,1.0,1.0,0.0,0.57,Santi,Comesaña,1996-10-05,29.97,449.0,14.0,Midfielder,Attacking Midfielder,b5rea5r4h8bclpenau2au142x,74mcjsm72vr3l9pw2i4qfjchj,Villarreal CF,Villarreal,Villarreal,VIL,58.0,541.146,30.0,231.42,0.0,0.0,0.0,0.0,9.33,7.714,8.0,8.0,16.0,2.0,6.0,34.0,15.0,44.118,5.0,0.0,0.0,,,,,,,,,,230071.0,357.0,6.0,4.0,4.0,1.49,0.0,0.698,0.698,0.0,0.0,Santi,Comesaña,1996-10-05,29.97,449.0,14.0,Midfielder,Attacking Midfielder,b5rea5r4h8bclpenau2au142x,74mcjsm72vr3l9pw2i4qfjchj,Villarreal CF,Villarreal,Villarreal,VIL,230071.0,357.0,6.0,274.0,245.0,89.42,87.0,71.0,81.61,1.0,1.0,100.0,1.0,0.0,0.0,Santi,Comesaña,1996-10-05,29.97,449.0,14.0,Midfielder,Attacking Midfielder,b5rea5r4h8bclpenau2au142x,74mcjsm72vr3l9pw2i4qfjchj,Villarreal CF,Villarreal,Villarreal,VIL,230071,b5rea5r4h8bclpenau2au142x,449,74mcjsm72vr3l9pw2i4qfjchj
Santiago Mouriño,536642.0,5.0,326.0,0.0,0.17,-0.17,2.0,1.0,0.0,0.09,Santiago,Mouriño,2002-02-13,24.61,449.0,15.0,Defender,Central Defender,albt55j4oir1veynmos532psk,74mcjsm72vr3l9pw2i4qfjchj,Villarreal CF,Villarreal,Villarreal,VIL,43.0,450.295,27.0,269.955,0.0,0.0,0.0,0.0,10.472,9.998,13.0,1.0,24.0,2.0,9.0,41.0,18.0,43.902,11.0,6.0,54.545,,,,,,,,,,536642.0,326.0,5.0,3.0,3.0,1.66,0.0,0.537,0.535,0.0,0.0,Santiago,Mouriño,2002-02-13,24.61,449.0,15.0,Defender,Central Defender,albt55j4oir1veynmos532psk,74mcjsm72vr3l9pw2i4qfjchj,Villarreal CF,Villarreal,Villarreal,VIL,536642.0,326.0,5.0,187.0,167.0,89.3,60.0,50.0,83.33,2.0,1.0,50.0,0.0,0.0,0.0,Santiago,Mouriño,2002-02-13,24.61,449.0,15.0,Defender,Central Defender,albt55j4oir1veynmos532psk,74mcjsm72vr3l9pw2i4qfjchj,Villarreal CF,Villarreal,Villarreal,VIL,536642,albt55j4oir1veynmos532psk,449,74mcjsm72vr3l9pw2i4qfjchj
Sebastián Boselli,609050.0,5.0,120.0,0.0,0.0,0.0,0.0,0.0,0.0,0.0,Sebastián,Boselli,2003-12-04,22.81,1450.0,15.0,Defender,Central Defender,4wkn0nrhl9gmaflvw2wdoup04,1n1j0wsl763lq7ee1k0c11c02,Getafe CF,Getafe,Getafe,GET,9.0,75.979,7.0,49.77,0.0,0.0,0.0,0.0,8.442,7.11,3.0,3.0,3.0,0.0,4.0,15.0,4.0,26.667,1.0,1.0,100.0,,,,,,,,,,609050.0,120.0,5.0,0.0,0.0,0.0,0.0,0.059,0.058,0.0,0.0,Sebastián,Boselli,2003-12-04,22.81,1450.0,15.0,Defender,Central Defender,4wkn0nrhl9gmaflvw2wdoup04,1n1j0wsl763lq7ee1k0c11c02,Getafe CF,Getafe,Getafe,GET,609050.0,120.0,5.0,32.0,16.0,50.0,16.0,4.0,25.0,3.0,2.0,66.67,0.0,0.0,0.0,Sebastián,Boselli,2003-12-04,22.81,1450.0,15.0,Defender,Central Defender,4wkn0nrhl9gmaflvw2wdoup04,1n1j0wsl763lq7ee1k0c11c02,Getafe CF,Getafe,Getafe,GET,609050,4wkn0nrhl9gmaflvw2wdoup04,1450,1n1j0wsl763lq7ee1k0c11c02
Sebastián Cáceres,425715.0,1.0,90.0,0.0,0.03,-0.03,1.0,0.0,0.0,0.03,Sebastián,Cáceres,1999-08-18,27.1,176.0,21.0,Defender,Central Defender,claujooxyw4dzynzmy752r3l5,6f27yvbqcngegwsg2ozxxdj4,Real Club Celta de Vigo,Celta de Vigo,Celta,CEL,11.0,109.556,8.0,81.585,0.0,0.0,0.0,0.0,9.96,10.198,1.0,0.0,5.0,0.0,3.0,5.0,2.0,40.0,6.0,4.0,66.667,,,,,,,,,,425715.0,90.0,1.0,0.0,0.0,0.0,0.0,0.02,0.02,0.0,0.0,Sebastián,Cáceres,1999-08-18,27.1,176.0,21.0,Defender,Central Defender,claujooxyw4dzynzmy752r3l5,6f27yvbqcngegwsg2ozxxdj4,Real Club Celta de Vigo,Celta de Vigo,Celta,CEL,425715.0,90.0,1.0,67.0,60.0,89.55,15.0,12.0,80.0,0.0,0.0,0.0,0.0,0.0,0.0,Sebastián,Cáceres,1999-08-18,27.1,176.0,21.0,Defender,Central Defender,claujooxyw4dzynzmy752r3l5,6f27yvbqcngegwsg2ozxxdj4,Real Club Celta de Vigo,Celta de Vigo,Celta,CEL,425715,claujooxyw4dzynzmy752r3l5,176,6f27yvbqcngegwsg2ozxxdj4
Selton Sánchez,646190.0,0.0,0.0,0.0,0.0,0.0,0.0,0.0,0.0,0.0,Selton,Sánchez,2007-02-20,19.59,174.0,44.0,Midfielder,Central Midfielder,646190,3czravw89omgc9o4s0w3l1bg5,Athletic Club,Athletic Club,Athletic,ATH,0.0,0.0,0.0,0.0,0.0,0.0,0.0,0.0,0.0,0.0,0.0,0.0,0.0,0.0,0.0,0.0,0.0,0.0,0.0,0.0,0.0,,,,,,,,,,646190.0,0.0,0.0,0.0,0.0,0.0,0.0,0.0,0.0,0.0,0.0,Selton,Sánchez,2007-02-20,19.59,174.0,44.0,Midfielder,Central Midfielder,646190,3czravw89omgc9o4s0w3l1bg5,Athletic Club,Athletic Club,Athletic,ATH,646190.0,0.0,0.0,0.0,0.0,0.0,0.0,0.0,0.0,0.0,0.0,0.0,0.0,0.0,0.0,Selton,Sánchez,2007-02-20,19.59,174.0,44.0,Midfielder,Central Midfielder,646190,3czravw89omgc9o4s0w3l1bg5,Athletic Club,Athletic Club,Athletic,ATH,646190,646190,174,3czravw89omgc9o4s0w3l1bg5
Selu Diallo,611627.0,0.0,0.0,0.0,0.0,0.0,0.0,0.0,0.0,0.0,Selu,Diallo,2003-10-01,22.98,173.0,24.0,Midfielder,Central Midfielder,611627,4dtdjgnpdq9uw4sdutti0vaar,Deportivo Alavés,Alavés,Alavés,ALA,0.0,0.0,0.0,0.0,0.0,0.0,0.0,0.0,0.0,0.0,0.0,0.0,0.0,0.0,0.0,0.0,0.0,0.0,0.0,0.0,0.0,,,,,,,,,,611627.0,0.0,0.0,0.0,0.0,0.0,0.0,0.0,0.0,0.0,0.0,Selu,Diallo,2003-10-01,22.98,173.0,24.0,Midfielder,Central Midfielder,611627,4dtdjgnpdq9uw4sdutti0vaar,Deportivo Alavés,Alavés,Alavés,ALA,611627.0,0.0,0.0,0.0,0.0,0.0,0.0,0.0,0.0,0.0,0.0,0.0,0.0,0.0,0.0,Selu,Diallo,2003-10-01,22.98,173.0,24.0,Midfielder,Central Midfielder,611627,4dtdjgnpdq9uw4sdutti0vaar,Deportivo Alavés,Alavés,Alavés,ALA,611627,611627,173,4dtdjgnpdq9uw4sdutti0vaar
Sergi Cardona,484693.0,2.0,180.0,0.0,0.05,-0.05,2.0,0.0,0.0,0.03,Sergi,Cardona,1999-07-08,27.22,449.0,23.0,Defender,Full Back,4x854vpovag131b2kdutv4qju,74mcjsm72vr3l9pw2i4qfjchj,Villarreal CF,Villarreal,Villarreal,VIL,32.0,312.351,24.0,243.6,1.0,0.0,0.0,0.0,9.761,10.15,5.0,5.0,11.0,0.0,2.0,18.0,7.0,38.889,2.0,2.0,100.0,,,,,,,,,,484693.0,180.0,2.0,0.0,0.0,0.0,0.0,0.079,0.075,0.0,0.0,Sergi,Cardona,1999-07-08,27.22,449.0,23.0,Defender,Full Back,4x854vpovag131b2kdutv4qju,74mcjsm72vr3l9pw2i4qfjchj,Villarreal CF,Villarreal,Villarreal,VIL,484693.0,180.0,2.0,139.0,125.0,89.93,41.0,33.0,80.49,3.0,0.0,0.0,1.0,0.0,0.0,Sergi,Cardona,1999-07-08,27.22,449.0,23.0,Defender,Full Back,4x854vpovag131b2kdutv4qju,74mcjsm72vr3l9pw2i4qfjchj,Villarreal CF,Villarreal,Villarreal,VIL,484693,4x854vpovag131b2kdutv4qju,449,74mcjsm72vr3l9pw2i4qfjchj
Sergio Camello,248507.0,6.0,399.0,6.0,2.27,3.73,15.0,10.0,40.0,0.15,Sergio,Camello,2001-02-10,25.62,184.0,10.0,Forward,Striker,1bdnkqbxm2u5ror7ipig5m73e,3budh3j9xivsid3ptm8ptpy4k,Rayo Vallecano de Madrid,Rayo Vallecano,Rayo,RAY,44.0,487.155,22.0,212.415,4.0,1.0,4.0,1.0,11.072,9.655,4.0,0.0,15.0,0.0,1.0,47.0,21.0,44.681,13.0,2.0,15.385,,,,,,,,,,248507.0,399.0,6.0,8.0,8.0,7.37,0.0,0.439,0.439,1.0,1.0,Sergio,Camello,2001-02-10,25.62,184.0,10.0,Forward,Striker,1bdnkqbxm2u5ror7ipig5m73e,3budh3j9xivsid3ptm8ptpy4k,Rayo Vallecano de Madrid,Rayo Vallecano,Rayo,RAY,248507.0,399.0,6.0,108.0,79.0,73.15,47.0,30.0,63.83,2.0,0.0,0.0,1.0,0.0,0.0,Sergio,Camello,2001-02-10,25.62,184.0,10.0,Forward,Striker,1bdnkqbxm2u5ror7ipig5m73e,3budh3j9xivsid3ptm8ptpy4k,Rayo Vallecano de Madrid,Rayo Vallecano,Rayo,RAY,248507,1bdnkqbxm2u5ror7ipig5m73e,184,3budh3j9xivsid3ptm8ptpy4k
Sergio Canales,56448.0,6.0,480.0,1.0,0.85,0.15,13.0,5.0,7.69,0.07,Sergio,Canales,1991-02-16,35.61,189.0,20.0,Midfielder,Attacking Midfielder,75079gtd2efpviyo605ozsd79,bzkwzatvwahmbzok1ymm5vqa1,Real Racing Club,Racing de Santander,Santander,RAC,54.0,668.044,29.0,343.77,3.0,0.0,1.0,0.0,12.371,11.854,7.0,2.0,23.0,1.0,2.0,41.0,22.0,53.659,5.0,2.0,40.0,,,,,,,,,,56448.0,480.0,6.0,2.0,1.0,0.49,50.0,0.337,0.187,0.0,0.0,Sergio,Canales,1991-02-16,35.61,189.0,20.0,Midfielder,Attacking Midfielder,75079gtd2efpviyo605ozsd79,bzkwzatvwahmbzok1ymm5vqa1,Real Racing Club,Racing de Santander,Santander,RAC,56448.0,480.0,6.0,222.0,189.0,85.14,69.0,53.0,76.81,4.0,0.0,0.0,1.0,1.0,100.0,Sergio,Canales,1991-02-16,35.61,189.0,20.0,Midfielder,Attacking Midfielder,75079gtd2efpviyo605ozsd79,bzkwzatvwahmbzok1ymm5vqa1,Real Racing Club,Racing de Santander,Santander,RAC,56448,75079gtd2efpviyo605ozsd79,189,bzkwzatvwahmbzok1ymm5vqa1
Sergio Carreira,439871.0,6.0,411.0,0.0,0.55,-0.55,4.0,1.0,0.0,0.14,Sergio,Carreira,2000-10-13,25.95,176.0,5.0,Defender,Full Back,5tc1y5n3h4ties7gbc3zd9j6y,6f27yvbqcngegwsg2ozxxdj4,Real Club Celta de Vigo,Celta de Vigo,Celta,CEL,63.0,750.09,38.0,440.37,1.0,0.0,1.0,0.0,11.906,11.589,2.0,0.0,18.0,1.0,5.0,24.0,13.0,54.167,2.0,0.0,0.0,,,,,,,,,,439871.0,411.0,6.0,3.0,3.0,1.27,0.0,0.514,0.512,0.0,0.0,Sergio,Carreira,2000-10-13,25.95,176.0,5.0,Defender,Full Back,5tc1y5n3h4ties7gbc3zd9j6y,6f27yvbqcngegwsg2ozxxdj4,Real Club Celta de Vigo,Celta de Vigo,Celta,CEL,439871.0,411.0,6.0,240.0,197.0,82.08,101.0,79.0,78.22,3.0,0.0,0.0,0.0,0.0,0.0,Sergio,Carreira,2000-10-13,25.95,176.0,5.0,Defender,Full Back,5tc1y5n3h4ties7gbc3zd9j6y,6f27yvbqcngegwsg2ozxxdj4,Real Club Celta de Vigo,Celta de Vigo,Celta,CEL,439871,5tc1y5n3h4ties7gbc3zd9j6y,176,6f27yvbqcngegwsg2ozxxdj4
Sergio Gómez,437468.0,6.0,522.0,0.0,0.17,-0.17,4.0,1.0,0.0,0.04,Sergio,Gómez,2000-09-04,26.05,188.0,17.0,Forward,Winger,d4tdx2ctadv6kc3tbq4as8bmx,63f5h8t5e9qm1fqmvfkb23ghh,Real Sociedad de Fútbol,Real Sociedad,Real Sociedad,RSO,90.0,864.525,36.0,284.025,0.0,0.0,2.0,0.0,9.606,7.89,11.0,5.0,37.0,3.0,13.0,23.0,17.0,73.913,7.0,3.0,42.857,,,,,,,,,,437468.0,522.0,6.0,6.0,4.0,1.3,33.33,0.331,0.214,0.0,0.0,Sergio,Gómez,2000-09-04,26.05,188.0,17.0,Forward,Winger,d4tdx2ctadv6kc3tbq4as8bmx,63f5h8t5e9qm1fqmvfkb23ghh,Real Sociedad de Fútbol,Real Sociedad,Real Sociedad,RSO,437468.0,522.0,6.0,319.0,280.0,87.77,66.0,55.0,83.33,16.0,1.0,6.25,0.0,0.0,0.0,Sergio,Gómez,2000-09-04,26.05,188.0,17.0,Forward,Winger,d4tdx2ctadv6kc3tbq4as8bmx,63f5h8t5e9qm1fqmvfkb23ghh,Real Sociedad de Fútbol,Real Sociedad,Real Sociedad,RSO,437468,d4tdx2ctadv6kc3tbq4as8bmx,188,63f5h8t5e9qm1fqmvfkb23ghh
Sergio Herrera,,,,,,,,,,,,,,,,,,,,,,,,,,,,,,,,,,,,,,,,,,,,,,540.0,83.0,0.0,8.0,6.0,42.86,-2.27,0.62,5.73,,,,,,,,,,,,,,,,,,,,,,,,,,,,,,,,,,,,,,,,,,,,,,,,,,,,,,,138039,amjegysk3et638l4od103c7o5,450,2l0ldgiwsgb8d6y3z0sfgjzyj
Sergio Lozano,691217.0,0.0,0.0,0.0,0.0,0.0,0.0,0.0,0.0,0.0,Sergio,Lozano,2006-03-30,20.48,184.0,27.0,Defender,0,691217,3budh3j9xivsid3ptm8ptpy4k,Rayo Vallecano de Madrid,Rayo Vallecano,Rayo,RAY,0.0,0.0,0.0,0.0,0.0,0.0,0.0,0.0,0.0,0.0,0.0,0.0,0.0,0.0,0.0,0.0,0.0,0.0,0.0,0.0,0.0,,,,,,,,,,691217.0,0.0,0.0,0.0,0.0,0.0,0.0,0.0,0.0,0.0,0.0,Sergio,Lozano,2006-03-30,20.48,184.0,27.0,Defender,0,691217,3budh3j9xivsid3ptm8ptpy4k,Rayo Vallecano de Madrid,Rayo Vallecano,Rayo,RAY,691217.0,0.0,0.0,0.0,0.0,0.0,0.0,0.0,0.0,0.0,0.0,0.0,0.0,0.0,0.0,Sergio,Lozano,2006-03-30,20.48,184.0,27.0,Defender,0,691217,3budh3j9xivsid3ptm8ptpy4k,Rayo Vallecano de Madrid,Rayo Vallecano,Rayo,RAY,691217,691217,184,3budh3j9xivsid3ptm8ptpy4k
Sergio Martínez,704740.0,2.0,114.0,1.0,0.07,0.93,1.0,1.0,100.0,0.07,Sergio,Martínez,2007-05-15,19.36,186.0,38.0,Midfielder,0,47ry2872euav99idwipg2a49g,3kq9cckrnlogidldtdie2fkbl,Real Madrid CF,Real Madrid,Real Madrid,RMA,6.0,41.529,1.0,0.21,0.0,0.0,0.0,0.0,6.922,0.21,4.0,2.0,2.0,0.0,4.0,12.0,6.0,50.0,1.0,1.0,100.0,,,,,,,,,,704740.0,114.0,2.0,0.0,0.0,0.0,0.0,0.017,0.017,0.0,0.0,Sergio,Martínez,2007-05-15,19.36,186.0,38.0,Midfielder,0,47ry2872euav99idwipg2a49g,3kq9cckrnlogidldtdie2fkbl,Real Madrid CF,Real Madrid,Real Madrid,RMA,704740.0,114.0,2.0,42.0,35.0,83.33,10.0,9.0,90.0,0.0,0.0,0.0,0.0,0.0,0.0,Sergio,Martínez,2007-05-15,19.36,186.0,38.0,Midfielder,0,47ry2872euav99idwipg2a49g,3kq9cckrnlogidldtdie2fkbl,Real Madrid CF,Real Madrid,Real Madrid,RMA,704740,47ry2872euav99idwipg2a49g,186,3kq9cckrnlogidldtdie2fkbl
Stole Dimitrievski,,,,,,,,,,,,,,,,,,,,,,,,,,,,,,,,,,,,,,,,,,,,,,540.0,100.0,2.0,10.0,19.0,65.52,-0.51,0.88,7.49,,,,,,,,,,,,,,,,,,,,,,,,,,,,,,,,,,,,,,,,,,,,,,,,,,,,,,,94878,5dfvefxvwj8kixbajluw25mtx,191,ba5e91hjacvma2sjvixn00pjo
Tajon Buchanan,424622.0,6.0,299.0,0.0,1.06,-1.06,8.0,4.0,0.0,0.13,Tajon,Buchanan,1999-02-08,27.63,449.0,17.0,Forward,Winger,acx78ftnm61hm01wpmme77hbe,74mcjsm72vr3l9pw2i4qfjchj,Villarreal CF,Villarreal,Villarreal,VIL,71.0,823.606,41.0,526.995,3.0,0.0,3.0,0.0,11.6,12.854,6.0,2.0,15.0,0.0,3.0,41.0,21.0,51.22,1.0,1.0,100.0,,,,,,,,,,424622.0,299.0,6.0,6.0,6.0,5.71,0.0,0.755,0.725,0.0,0.0,Tajon,Buchanan,1999-02-08,27.63,449.0,17.0,Forward,Winger,acx78ftnm61hm01wpmme77hbe,74mcjsm72vr3l9pw2i4qfjchj,Villarreal CF,Villarreal,Villarreal,VIL,424622.0,299.0,6.0,112.0,101.0,90.18,55.0,48.0,87.27,16.0,3.0,18.75,0.0,0.0,0.0,Tajon,Buchanan,1999-02-08,27.63,449.0,17.0,Forward,Winger,acx78ftnm61hm01wpmme77hbe,74mcjsm72vr3l9pw2i4qfjchj,Villarreal CF,Villarreal,Villarreal,VIL,424622,acx78ftnm61hm01wpmme77hbe,449,74mcjsm72vr3l9pw2i4qfjchj
Takefusa Kubo,219271.0,5.0,223.0,0.0,0.53,-0.53,2.0,0.0,0.0,0.26,Takefusa,Kubo,2001-06-04,25.31,188.0,14.0,Forward,Winger,1qkep5ck252k1g3oqza5ygh61,63f5h8t5e9qm1fqmvfkb23ghh,Real Sociedad de Fútbol,Real Sociedad,Real Sociedad,RSO,38.0,491.368,27.0,328.86,0.0,0.0,2.0,0.0,12.931,12.18,2.0,1.0,7.0,0.0,1.0,25.0,15.0,60.0,2.0,0.0,0.0,,,,,,,,,,219271.0,223.0,5.0,3.0,3.0,4.92,0.0,0.151,0.15,0.0,0.0,Takefusa,Kubo,2001-06-04,25.31,188.0,14.0,Forward,Winger,1qkep5ck252k1g3oqza5ygh61,63f5h8t5e9qm1fqmvfkb23ghh,Real Sociedad de Fútbol,Real Sociedad,Real Sociedad,RSO,219271.0,223.0,5.0,62.0,47.0,75.81,31.0,21.0,67.74,2.0,0.0,0.0,1.0,0.0,0.0,Takefusa,Kubo,2001-06-04,25.31,188.0,14.0,Forward,Winger,1qkep5ck252k1g3oqza5ygh61,63f5h8t5e9qm1fqmvfkb23ghh,Real Sociedad de Fútbol,Real Sociedad,Real Sociedad,RSO,219271,1qkep5ck252k1g3oqza5ygh61,188,63f5h8t5e9qm1fqmvfkb23ghh
Tani Oluwaseyi,565686.0,4.0,55.0,0.0,0.07,-0.07,1.0,0.0,0.0,0.07,Tani,Oluwaseyi,2000-05-15,26.36,449.0,21.0,Forward,Striker,2mhvgtcem9qn2yzobtkqiegpg,74mcjsm72vr3l9pw2i4qfjchj,Villarreal CF,Villarreal,Villarreal,VIL,4.0,66.076,2.0,43.995,0.0,0.0,0.0,0.0,16.519,21.998,3.0,1.0,2.0,0.0,2.0,10.0,3.0,30.0,2.0,2.0,100.0,,,,,,,,,,565686.0,55.0,4.0,2.0,2.0,11.11,0.0,0.077,0.077,0.0,0.0,Tani,Oluwaseyi,2000-05-15,26.36,449.0,21.0,Forward,Striker,2mhvgtcem9qn2yzobtkqiegpg,74mcjsm72vr3l9pw2i4qfjchj,Villarreal CF,Villarreal,Villarreal,VIL,565686.0,55.0,4.0,19.0,14.0,73.68,11.0,7.0,63.64,0.0,0.0,0.0,0.0,0.0,0.0,Tani,Oluwaseyi,2000-05-15,26.36,449.0,21.0,Forward,Striker,2mhvgtcem9qn2yzobtkqiegpg,74mcjsm72vr3l9pw2i4qfjchj,Villarreal CF,Villarreal,Villarreal,VIL,565686,2mhvgtcem9qn2yzobtkqiegpg,449,74mcjsm72vr3l9pw2i4qfjchj
Tete Morente,429644.0,6.0,385.0,0.0,0.14,-0.14,5.0,1.0,0.0,0.03,José Antonio,Morente Oliva,1996-12-04,29.81,954.0,20.0,Forward,Winger,1i9mqbswolg91evnmsrf5katx,4yg9ttzw0m51048doksv8uq5r,Elche CF,Elche,Elche,ELC,61.0,680.408,33.0,286.23,3.0,0.0,1.0,1.0,11.154,8.674,3.0,5.0,17.0,0.0,3.0,38.0,13.0,34.211,2.0,1.0,50.0,,,,,,,,,,429644.0,385.0,6.0,4.0,4.0,1.46,0.0,0.441,0.44,2.0,2.0,José Antonio,Morente Oliva,1996-12-04,29.81,954.0,20.0,Forward,Winger,1i9mqbswolg91evnmsrf5katx,4yg9ttzw0m51048doksv8uq5r,Elche CF,Elche,Elche,ELC,429644.0,385.0,6.0,138.0,113.0,81.88,69.0,51.0,73.91,23.0,4.0,17.39,1.0,0.0,0.0,José Antonio,Morente Oliva,1996-12-04,29.81,954.0,20.0,Forward,Winger,1i9mqbswolg91evnmsrf5katx,4yg9ttzw0m51048doksv8uq5r,Elche CF,Elche,Elche,ELC,429644,1i9mqbswolg91evnmsrf5katx,954,4yg9ttzw0m51048doksv8uq5r
Teun Gijselhart,560616.0,1.0,26.0,0.0,0.0,0.0,0.0,0.0,0.0,0.0,Teun,Gijselhart,2005-04-06,21.47,180.0,34.0,Midfielder,Central Midfielder,51wk4k31q480j6wst4epgt8us,1r541mega6d838hi0p44sv0h2,RC Deportivo de A Coruña,Deportivo de A Coruña,Deportivo,DEP,1.0,34.5,1.0,30.135,0.0,0.0,0.0,0.0,34.5,30.135,1.0,0.0,0.0,0.0,2.0,4.0,1.0,25.0,0.0,0.0,0.0,,,,,,,,,,560616.0,26.0,1.0,1.0,1.0,25.0,0.0,0.0,0.0,0.0,0.0,Teun,Gijselhart,2005-04-06,21.47,180.0,34.0,Midfielder,Central Midfielder,51wk4k31q480j6wst4epgt8us,1r541mega6d838hi0p44sv0h2,RC Deportivo de A Coruña,Deportivo de A Coruña,Deportivo,DEP,560616.0,26.0,1.0,4.0,2.0,50.0,2.0,1.0,50.0,0.0,0.0,0.0,0.0,0.0,0.0,Teun,Gijselhart,2005-04-06,21.47,180.0,34.0,Midfielder,Central Midfielder,51wk4k31q480j6wst4epgt8us,1r541mega6d838hi0p44sv0h2,RC Deportivo de A Coruña,Deportivo de A Coruña,Deportivo,DEP,560616,51wk4k31q480j6wst4epgt8us,180,1r541mega6d838hi0p44sv0h2
Thiago Fernández,575889.0,3.0,227.0,0.0,0.45,-0.45,5.0,1.0,0.0,0.09,Thiago,Fernández,2004-04-03,22.47,855.0,24.0,Forward,Winger,9xyhn7xadm9zl908lonnj0x04,4grc9qgcvusllap8h5j6gc5h5,Levante UD,Levante,Levante,LEV,27.0,313.557,17.0,194.565,0.0,0.0,1.0,0.0,11.613,11.445,4.0,3.0,7.0,0.0,1.0,20.0,10.0,50.0,1.0,0.0,0.0,,,,,,,,,,575889.0,227.0,3.0,2.0,2.0,3.92,0.0,0.271,0.271,0.0,0.0,Thiago,Fernández,2004-04-03,22.47,855.0,24.0,Forward,Winger,9xyhn7xadm9zl908lonnj0x04,4grc9qgcvusllap8h5j6gc5h5,Levante UD,Levante,Levante,LEV,575889.0,227.0,3.0,52.0,43.0,82.69,25.0,17.0,68.0,5.0,1.0,20.0,0.0,0.0,0.0,Thiago,Fernández,2004-04-03,22.47,855.0,24.0,Forward,Winger,9xyhn7xadm9zl908lonnj0x04,4grc9qgcvusllap8h5j6gc5h5,Levante UD,Levante,Levante,LEV,575889,9xyhn7xadm9zl908lonnj0x04,855,4grc9qgcvusllap8h5j6gc5h5
Thiago Pitarch,657962.0,0.0,0.0,0.0,0.0,0.0,0.0,0.0,0.0,0.0,Thiago,Pitarch,2007-08-03,19.14,186.0,27.0,Midfielder,0,657962,3kq9cckrnlogidldtdie2fkbl,Real Madrid CF,Real Madrid,Real Madrid,RMA,0.0,0.0,0.0,0.0,0.0,0.0,0.0,0.0,0.0,0.0,0.0,0.0,0.0,0.0,0.0,0.0,0.0,0.0,0.0,0.0,0.0,,,,,,,,,,657962.0,0.0,0.0,0.0,0.0,0.0,0.0,0.0,0.0,0.0,0.0,Thiago,Pitarch,2007-08-03,19.14,186.0,27.0,Midfielder,0,657962,3kq9cckrnlogidldtdie2fkbl,Real Madrid CF,Real Madrid,Real Madrid,RMA,657962.0,0.0,0.0,0.0,0.0,0.0,0.0,0.0,0.0,0.0,0.0,0.0,0.0,0.0,0.0,Thiago,Pitarch,2007-08-03,19.14,186.0,27.0,Midfielder,0,657962,3kq9cckrnlogidldtdie2fkbl,Real Madrid CF,Real Madrid,Real Madrid,RMA,657962,657962,186,3kq9cckrnlogidldtdie2fkbl
Thibaut Courtois,,,,,,,,,,,,,,,,,,,,,,,,,,,,,,,,,,,,,,,,,,,,,,540.0,100.0,0.0,6.0,16.0,72.73,-1.02,0.67,4.98,,,,,,,,,,,,,,,,,,,,,,,,,,,,,,,,,,,,,,,,,,,,,,,,,,,,,,,60772,6crmq7vzqts58wg196q48sc7p,186,3kq9cckrnlogidldtdie2fkbl
Thomas Lemar,167449.0,3.0,88.0,1.0,0.12,0.88,3.0,1.0,33.33,0.04,Thomas,Lemar,1995-11-12,30.87,954.0,18.0,Midfielder,Attacking Midfielder,ejcyvgclry4g5pc2rtptifphx,4yg9ttzw0m51048doksv8uq5r,Elche CF,Elche,Elche,ELC,22.0,241.596,18.0,186.165,1.0,1.0,1.0,0.0,10.982,10.342,5.0,1.0,6.0,0.0,2.0,14.0,6.0,42.857,1.0,0.0,0.0,,,,,,,,,,167449.0,88.0,3.0,2.0,2.0,2.94,0.0,0.33,0.328,0.0,0.0,Thomas,Lemar,1995-11-12,30.87,954.0,18.0,Midfielder,Attacking Midfielder,ejcyvgclry4g5pc2rtptifphx,4yg9ttzw0m51048doksv8uq5r,Elche CF,Elche,Elche,ELC,167449.0,88.0,3.0,70.0,65.0,92.86,42.0,39.0,92.86,3.0,1.0,33.33,1.0,1.0,100.0,Thomas,Lemar,1995-11-12,30.87,954.0,18.0,Midfielder,Attacking Midfielder,ejcyvgclry4g5pc2rtptifphx,4yg9ttzw0m51048doksv8uq5r,Elche CF,Elche,Elche,ELC,167449,ejcyvgclry4g5pc2rtptifphx,954,4yg9ttzw0m51048doksv8uq5r
Toni Martínez,178867.0,5.0,324.0,0.0,1.93,-1.93,11.0,0.0,0.0,0.18,Toni,Martínez,1997-06-30,29.24,173.0,11.0,Forward,Striker,1nd8l0ofw9x779c0ufwbbo4ph,4dtdjgnpdq9uw4sdutti0vaar,Deportivo Alavés,Alavés,Alavés,ALA,9.0,116.384,3.0,53.235,1.0,0.0,0.0,0.0,12.932,17.745,4.0,0.0,4.0,1.0,7.0,26.0,14.0,53.846,29.0,16.0,55.172,,,,,,,,,,178867.0,324.0,5.0,5.0,5.0,11.63,0.0,0.14,0.14,0.0,0.0,Toni,Martínez,1997-06-30,29.24,173.0,11.0,Forward,Striker,1nd8l0ofw9x779c0ufwbbo4ph,4dtdjgnpdq9uw4sdutti0vaar,Deportivo Alavés,Alavés,Alavés,ALA,178867.0,324.0,5.0,44.0,27.0,61.36,25.0,14.0,56.0,0.0,0.0,0.0,0.0,0.0,0.0,Toni,Martínez,1997-06-30,29.24,173.0,11.0,Forward,Striker,1nd8l0ofw9x779c0ufwbbo4ph,4dtdjgnpdq9uw4sdutti0vaar,Deportivo Alavés,Alavés,Alavés,ALA,178867,1nd8l0ofw9x779c0ufwbbo4ph,173,4dtdjgnpdq9uw4sdutti0vaar
Trent Alexander-Arnold,169187.0,4.0,213.0,0.0,0.13,-0.13,3.0,1.0,0.0,0.04,Trent,Alexander-Arnold,1998-10-07,27.97,186.0,12.0,Defender,Full Back,19z8jmren3eytg7fbuzqv73kl,3kq9cckrnlogidldtdie2fkbl,Real Madrid CF,Real Madrid,Real Madrid,RMA,42.0,446.98,16.0,105.525,0.0,0.0,1.0,1.0,10.642,6.595,3.0,7.0,13.0,0.0,3.0,8.0,7.0,87.5,0.0,0.0,0.0,,,,,,,,,,169187.0,213.0,4.0,6.0,1.0,0.0,83.33,0.794,0.525,1.0,1.0,Trent,Alexander-Arnold,1998-10-07,27.97,186.0,12.0,Defender,Full Back,19z8jmren3eytg7fbuzqv73kl,3kq9cckrnlogidldtdie2fkbl,Real Madrid CF,Real Madrid,Real Madrid,RMA,169187.0,213.0,4.0,159.0,141.0,88.68,36.0,26.0,72.22,8.0,2.0,25.0,2.0,1.0,50.0,Trent,Alexander-Arnold,1998-10-07,27.97,186.0,12.0,Defender,Full Back,19z8jmren3eytg7fbuzqv73kl,3kq9cckrnlogidldtdie2fkbl,Real Madrid CF,Real Madrid,Real Madrid,RMA,169187,19z8jmren3eytg7fbuzqv73kl,186,3kq9cckrnlogidldtdie2fkbl
Troy Parrott,447235.0,4.0,170.0,1.0,1.26,-0.26,5.0,2.0,20.0,0.25,Troy,Parrott,2002-02-04,24.64,185.0,19.0,Forward,Striker,59ynmlwky3h6m9g2r7a8igi96,ah8dala7suqqkj04n2l8xz4zd,Real Betis Balompié,Real Betis,Betis,BET,12.0,138.137,7.0,65.52,1.0,0.0,0.0,0.0,11.511,9.36,4.0,0.0,7.0,0.0,4.0,12.0,7.0,58.333,4.0,0.0,0.0,,,,,,,,,,447235.0,170.0,4.0,4.0,4.0,10.0,0.0,0.188,0.188,1.0,1.0,Troy,Parrott,2002-02-04,24.64,185.0,19.0,Forward,Striker,59ynmlwky3h6m9g2r7a8igi96,ah8dala7suqqkj04n2l8xz4zd,Real Betis Balompié,Real Betis,Betis,BET,447235.0,170.0,4.0,31.0,24.0,77.42,20.0,14.0,70.0,0.0,0.0,0.0,0.0,0.0,0.0,Troy,Parrott,2002-02-04,24.64,185.0,19.0,Forward,Striker,59ynmlwky3h6m9g2r7a8igi96,ah8dala7suqqkj04n2l8xz4zd,Real Betis Balompié,Real Betis,Betis,BET,447235,59ynmlwky3h6m9g2r7a8igi96,185,ah8dala7suqqkj04n2l8xz4zd
Tyrhys Dolan,420926.0,5.0,410.0,1.0,0.21,0.79,4.0,1.0,25.0,0.05,Tyrhys,Dolan,2001-12-28,24.74,177.0,24.0,Forward,Winger,bce703taa20nxg814t2giuei,c8llrezkm3b3op4afrou6b487,Reial Club Deportiu Espanyol de Barcelona,Espanyol,Espanyol,ESP,60.0,814.933,40.0,538.02,3.0,1.0,1.0,0.0,13.582,13.45,2.0,6.0,26.0,0.0,3.0,41.0,13.0,31.707,3.0,0.0,0.0,,,,,,,,,,420926.0,410.0,5.0,1.0,1.0,1.0,0.0,0.445,0.445,0.0,0.0,Tyrhys,Dolan,2001-12-28,24.74,177.0,24.0,Forward,Winger,bce703taa20nxg814t2giuei,c8llrezkm3b3op4afrou6b487,Reial Club Deportiu Espanyol de Barcelona,Espanyol,Espanyol,ESP,420926.0,410.0,5.0,101.0,87.0,86.14,40.0,33.0,82.5,13.0,3.0,23.08,0.0,0.0,0.0,Tyrhys,Dolan,2001-12-28,24.74,177.0,24.0,Forward,Winger,bce703taa20nxg814t2giuei,c8llrezkm3b3op4afrou6b487,Reial Club Deportiu Espanyol de Barcelona,Espanyol,Espanyol,ESP,420926,bce703taa20nxg814t2giuei,177,c8llrezkm3b3op4afrou6b487
Umar Sadiq,196878.0,3.0,158.0,1.0,1.34,-0.34,3.0,3.0,33.33,0.45,Umar,Sadiq,1997-02-02,29.64,191.0,6.0,Forward,Striker,dtvmsnqlzn5672xb54zj8u7dh,ba5e91hjacvma2sjvixn00pjo,Valencia CF,Valencia,Valencia,VAL,15.0,183.159,7.0,28.245,0.0,0.0,1.0,0.0,12.211,4.035,1.0,0.0,5.0,0.0,1.0,13.0,4.0,30.769,12.0,5.0,41.667,,,,,,,,,,196878.0,158.0,3.0,1.0,1.0,3.85,0.0,0.018,0.018,0.0,0.0,Umar,Sadiq,1997-02-02,29.64,191.0,6.0,Forward,Striker,dtvmsnqlzn5672xb54zj8u7dh,ba5e91hjacvma2sjvixn00pjo,Valencia CF,Valencia,Valencia,VAL,196878.0,158.0,3.0,26.0,20.0,76.92,15.0,11.0,73.33,1.0,0.0,0.0,0.0,0.0,0.0,Umar,Sadiq,1997-02-02,29.64,191.0,6.0,Forward,Striker,dtvmsnqlzn5672xb54zj8u7dh,ba5e91hjacvma2sjvixn00pjo,Valencia CF,Valencia,Valencia,VAL,196878,dtvmsnqlzn5672xb54zj8u7dh,191,ba5e91hjacvma2sjvixn00pjo
Umaru,691630.0,1.0,21.0,0.0,0.0,0.0,0.0,0.0,0.0,0.0,Umaru,Konare Tounkara,2004-08-10,22.12,954.0,36.0,Forward,Striker,5js5j1xu09t7cfq0japzs7z84,4yg9ttzw0m51048doksv8uq5r,Elche CF,Elche,Elche,ELC,1.0,6.706,0.0,2.415,0.0,0.0,0.0,0.0,6.706,0.0,0.0,0.0,0.0,0.0,0.0,3.0,0.0,0.0,1.0,1.0,100.0,,,,,,,,,,691630.0,21.0,1.0,0.0,0.0,0.0,0.0,0.001,0.001,0.0,0.0,Umaru,Konare Tounkara,2004-08-10,22.12,954.0,36.0,Forward,Striker,5js5j1xu09t7cfq0japzs7z84,4yg9ttzw0m51048doksv8uq5r,Elche CF,Elche,Elche,ELC,691630.0,21.0,1.0,4.0,3.0,75.0,1.0,0.0,0.0,0.0,0.0,0.0,0.0,0.0,0.0,Umaru,Konare Tounkara,2004-08-10,22.12,954.0,36.0,Forward,Striker,5js5j1xu09t7cfq0japzs7z84,4yg9ttzw0m51048doksv8uq5r,Elche CF,Elche,Elche,ELC,691630,5js5j1xu09t7cfq0japzs7z84,954,4yg9ttzw0m51048doksv8uq5r
Unai López,183462.0,6.0,469.0,0.0,0.25,-0.25,4.0,1.0,0.0,0.06,Unai,López,1995-10-30,30.91,184.0,8.0,Midfielder,Central Midfielder,u04ao1ldrjjesgqq52o7ghqt,3budh3j9xivsid3ptm8ptpy4k,Rayo Vallecano de Madrid,Rayo Vallecano,Rayo,RAY,67.0,566.128,27.0,173.25,1.0,0.0,1.0,0.0,8.45,6.417,12.0,4.0,22.0,5.0,3.0,44.0,19.0,43.182,10.0,4.0,40.0,,,,,,,,,,183462.0,469.0,6.0,13.0,6.0,1.5,46.15,0.94,0.44,3.0,2.0,Unai,López,1995-10-30,30.91,184.0,8.0,Midfielder,Central Midfielder,u04ao1ldrjjesgqq52o7ghqt,3budh3j9xivsid3ptm8ptpy4k,Rayo Vallecano de Madrid,Rayo Vallecano,Rayo,RAY,183462.0,469.0,6.0,280.0,237.0,84.64,73.0,56.0,76.71,9.0,1.0,11.11,1.0,1.0,100.0,Unai,López,1995-10-30,30.91,184.0,8.0,Midfielder,Central Midfielder,u04ao1ldrjjesgqq52o7ghqt,3budh3j9xivsid3ptm8ptpy4k,Rayo Vallecano de Madrid,Rayo Vallecano,Rayo,RAY,183462,u04ao1ldrjjesgqq52o7ghqt,184,3budh3j9xivsid3ptm8ptpy4k
Unai Marrero,,,,,,,,,,,,,,,,,,,,,,,,,,,,,,,,,,,,,,,,,,,,,,540.0,17.0,0.0,2.0,8.0,80.0,-0.04,0.5,1.96,,,,,,,,,,,,,,,,,,,,,,,,,,,,,,,,,,,,,,,,,,,,,,,,,,,,,,,523062,b2xlrg9xvucrut2fhmvsgjuqy,188,63f5h8t5e9qm1fqmvfkb23ghh
Unai Núñez,242830.0,4.0,356.0,0.0,0.02,-0.02,1.0,0.0,0.0,0.02,Unai,Núñez,1997-01-30,29.65,177.0,14.0,Defender,Central Defender,e8s9ssopq5nmp51zymvqp8jbp,c8llrezkm3b3op4afrou6b487,Reial Club Deportiu Espanyol de Barcelona,Espanyol,Espanyol,ESP,51.0,511.522,34.0,339.99,1.0,0.0,0.0,0.0,10.03,10.0,4.0,2.0,17.0,4.0,23.0,11.0,8.0,72.727,9.0,5.0,55.556,,,,,,,,,,242830.0,356.0,4.0,1.0,1.0,0.47,0.0,0.413,0.413,0.0,0.0,Unai,Núñez,1997-01-30,29.65,177.0,14.0,Defender,Central Defender,e8s9ssopq5nmp51zymvqp8jbp,c8llrezkm3b3op4afrou6b487,Reial Club Deportiu Espanyol de Barcelona,Espanyol,Espanyol,ESP,242830.0,356.0,4.0,226.0,189.0,83.63,22.0,12.0,54.55,0.0,0.0,0.0,0.0,0.0,0.0,Unai,Núñez,1997-01-30,29.65,177.0,14.0,Defender,Central Defender,e8s9ssopq5nmp51zymvqp8jbp,c8llrezkm3b3op4afrou6b487,Reial Club Deportiu Espanyol de Barcelona,Espanyol,Espanyol,ESP,242830,e8s9ssopq5nmp51zymvqp8jbp,177,c8llrezkm3b3op4afrou6b487
Unai Santos,672686.0,1.0,90.0,0.0,0.04,-0.04,1.0,0.0,0.0,0.04,Unai,Santos,2005-11-02,20.89,450.0,35.0,Defender,0,4ub6896uytszxmouo6lamow0k,2l0ldgiwsgb8d6y3z0sfgjzyj,CA Osasuna,Osasuna,Osasuna,OSA,8.0,75.611,6.0,60.27,0.0,0.0,0.0,0.0,9.451,10.045,0.0,2.0,1.0,2.0,8.0,3.0,0.0,0.0,2.0,2.0,100.0,,,,,,,,,,672686.0,90.0,1.0,0.0,0.0,0.0,0.0,0.004,0.004,0.0,0.0,Unai,Santos,2005-11-02,20.89,450.0,35.0,Defender,0,4ub6896uytszxmouo6lamow0k,2l0ldgiwsgb8d6y3z0sfgjzyj,CA Osasuna,Osasuna,Osasuna,OSA,672686.0,90.0,1.0,41.0,31.0,75.61,5.0,3.0,60.0,1.0,0.0,0.0,0.0,0.0,0.0,Unai,Santos,2005-11-02,20.89,450.0,35.0,Defender,0,4ub6896uytszxmouo6lamow0k,2l0ldgiwsgb8d6y3z0sfgjzyj,CA Osasuna,Osasuna,Osasuna,OSA,672686,4ub6896uytszxmouo6lamow0k,450,2l0ldgiwsgb8d6y3z0sfgjzyj
Unai Simón,,,,,,,,,,,,,,,,,,,,,,,,,,,,,,,,,,,,,,,,,,,,,,450.0,100.0,0.0,6.0,17.0,73.91,1.92,1.17,7.92,,,,,,,,,,,,,,,,,,,,,,,,,,,,,,,,,,,,,,,,,,,,,,,,,,,,,,,212769,4vlurpsi44g09g159t61u83bp,174,3czravw89omgc9o4s0w3l1bg5
Urko González de Zárate,514204.0,6.0,397.0,0.0,0.01,-0.01,1.0,0.0,0.0,0.01,Urko,González de Zárate Quirós,2001-03-20,25.52,177.0,4.0,Midfielder,Defensive Midfielder,7y8ns61qioqu7kfsqzkvkwhuy,c8llrezkm3b3op4afrou6b487,Reial Club Deportiu Espanyol de Barcelona,Espanyol,Espanyol,ESP,50.0,593.887,25.0,277.41,0.0,0.0,0.0,0.0,11.878,11.096,4.0,5.0,15.0,1.0,10.0,26.0,10.0,38.462,7.0,3.0,42.857,,,,,,,,,,514204.0,397.0,6.0,1.0,1.0,0.65,0.0,0.1,0.1,0.0,0.0,Urko,González de Zárate Quirós,2001-03-20,25.52,177.0,4.0,Midfielder,Defensive Midfielder,7y8ns61qioqu7kfsqzkvkwhuy,c8llrezkm3b3op4afrou6b487,Reial Club Deportiu Espanyol de Barcelona,Espanyol,Espanyol,ESP,514204.0,397.0,6.0,157.0,140.0,89.17,34.0,28.0,82.35,0.0,0.0,0.0,0.0,0.0,0.0,Urko,González de Zárate Quirós,2001-03-20,25.52,177.0,4.0,Midfielder,Defensive Midfielder,7y8ns61qioqu7kfsqzkvkwhuy,c8llrezkm3b3op4afrou6b487,Reial Club Deportiu Espanyol de Barcelona,Espanyol,Espanyol,ESP,514204,7y8ns61qioqu7kfsqzkvkwhuy,177,c8llrezkm3b3op4afrou6b487
Valentín Gómez,570931.0,2.0,180.0,0.0,0.0,0.0,0.0,0.0,0.0,0.0,Valentín,Gómez,2003-06-26,23.25,185.0,16.0,Defender,Central Defender,79u84y1eb01yyp8mhpej75q1g,ah8dala7suqqkj04n2l8xz4zd,Real Betis Balompié,Real Betis,Betis,BET,26.0,259.892,19.0,178.395,0.0,0.0,0.0,0.0,9.996,9.389,3.0,2.0,4.0,1.0,17.0,11.0,7.0,63.636,7.0,4.0,57.143,,,,,,,,,,570931.0,180.0,2.0,1.0,1.0,0.7,0.0,0.024,0.024,0.0,0.0,Valentín,Gómez,2003-06-26,23.25,185.0,16.0,Defender,Central Defender,79u84y1eb01yyp8mhpej75q1g,ah8dala7suqqkj04n2l8xz4zd,Real Betis Balompié,Real Betis,Betis,BET,570931.0,180.0,2.0,151.0,143.0,94.7,16.0,11.0,68.75,0.0,0.0,0.0,0.0,0.0,0.0,Valentín,Gómez,2003-06-26,23.25,185.0,16.0,Defender,Central Defender,79u84y1eb01yyp8mhpej75q1g,ah8dala7suqqkj04n2l8xz4zd,Real Betis Balompié,Real Betis,Betis,BET,570931,79u84y1eb01yyp8mhpej75q1g,185,ah8dala7suqqkj04n2l8xz4zd
Vanja Drkusic,462097.0,3.0,115.0,0.0,0.0,0.0,0.0,0.0,0.0,0.0,Vanja,Drkusic,1999-10-30,26.9,177.0,16.0,Defender,Central Defender,86b832s2snkdxxfh3ms1zdqzt,c8llrezkm3b3op4afrou6b487,Reial Club Deportiu Espanyol de Barcelona,Espanyol,Espanyol,ESP,10.0,97.153,5.0,29.61,0.0,0.0,0.0,0.0,9.715,5.922,3.0,0.0,3.0,2.0,8.0,8.0,5.0,62.5,4.0,2.0,50.0,,,,,,,,,,462097.0,115.0,3.0,0.0,0.0,0.0,0.0,0.007,0.007,0.0,0.0,Vanja,Drkusic,1999-10-30,26.9,177.0,16.0,Defender,Central Defender,86b832s2snkdxxfh3ms1zdqzt,c8llrezkm3b3op4afrou6b487,Reial Club Deportiu Espanyol de Barcelona,Espanyol,Espanyol,ESP,462097.0,115.0,3.0,65.0,52.0,80.0,8.0,3.0,37.5,0.0,0.0,0.0,0.0,0.0,0.0,Vanja,Drkusic,1999-10-30,26.9,177.0,16.0,Defender,Central Defender,86b832s2snkdxxfh3ms1zdqzt,c8llrezkm3b3op4afrou6b487,Reial Club Deportiu Espanyol de Barcelona,Espanyol,Espanyol,ESP,462097,86b832s2snkdxxfh3ms1zdqzt,177,c8llrezkm3b3op4afrou6b487
Ville Koski,519810.0,6.0,530.0,1.0,0.91,0.09,2.0,2.0,50.0,0.45,Ville,Koski,2002-01-27,24.66,173.0,16.0,Defender,Central Defender,5ol17485ecah0trdmkw3byqne,4dtdjgnpdq9uw4sdutti0vaar,Deportivo Alavés,Alavés,Alavés,ALA,36.0,418.403,20.0,199.815,0.0,0.0,0.0,0.0,11.622,9.991,3.0,6.0,9.0,3.0,40.0,13.0,5.0,38.462,20.0,7.0,35.0,,,,,,,,,,519810.0,530.0,6.0,0.0,0.0,0.0,0.0,0.021,0.021,0.0,0.0,Ville,Koski,2002-01-27,24.66,173.0,16.0,Defender,Central Defender,5ol17485ecah0trdmkw3byqne,4dtdjgnpdq9uw4sdutti0vaar,Deportivo Alavés,Alavés,Alavés,ALA,519810.0,530.0,6.0,197.0,173.0,87.82,14.0,8.0,57.14,0.0,0.0,0.0,0.0,0.0,0.0,Ville,Koski,2002-01-27,24.66,173.0,16.0,Defender,Central Defender,5ol17485ecah0trdmkw3byqne,4dtdjgnpdq9uw4sdutti0vaar,Deportivo Alavés,Alavés,Alavés,ALA,519810,5ol17485ecah0trdmkw3byqne,173,4dtdjgnpdq9uw4sdutti0vaar
Vinícius Júnior,246333.0,6.0,511.0,1.0,2.95,-1.95,20.0,6.0,5.0,0.15,Vinícius José,Paixão de Oliveira Júnior,2000-07-12,26.2,186.0,7.0,Forward,Winger,b4witgokm49tidm1a83qcvbop,3kq9cckrnlogidldtdie2fkbl,Real Madrid CF,Real Madrid,Real Madrid,RMA,110.0,1408.832,58.0,608.37,10.0,0.0,9.0,2.0,12.808,10.489,5.0,0.0,19.0,0.0,0.0,67.0,38.0,56.716,0.0,0.0,0.0,,,,,,,,,,246333.0,511.0,6.0,13.0,12.0,6.1,0.0,1.734,1.727,3.0,2.0,Vinícius José,Paixão de Oliveira Júnior,2000-07-12,26.2,186.0,7.0,Forward,Winger,b4witgokm49tidm1a83qcvbop,3kq9cckrnlogidldtdie2fkbl,Real Madrid CF,Real Madrid,Real Madrid,RMA,246333.0,511.0,6.0,169.0,135.0,79.88,106.0,76.0,71.7,16.0,1.0,6.25,2.0,1.0,50.0,Vinícius José,Paixão de Oliveira Júnior,2000-07-12,26.2,186.0,7.0,Forward,Winger,b4witgokm49tidm1a83qcvbop,3kq9cckrnlogidldtdie2fkbl,Real Madrid CF,Real Madrid,Real Madrid,RMA,246333,b4witgokm49tidm1a83qcvbop,186,3kq9cckrnlogidldtdie2fkbl
Víctor Chust,437463.0,6.0,540.0,0.0,0.4,-0.4,3.0,1.0,0.0,0.13,Víctor,Chust,2000-03-05,26.56,954.0,23.0,Defender,Central Defender,8nbnru9t2qxaotxw0hiaocdt5,4yg9ttzw0m51048doksv8uq5r,Elche CF,Elche,Elche,ELC,137.0,1462.475,65.0,582.435,0.0,0.0,1.0,1.0,10.675,8.961,9.0,6.0,29.0,2.0,13.0,18.0,10.0,55.556,15.0,9.0,60.0,,,,,,,,,,437463.0,540.0,6.0,3.0,2.0,0.22,33.33,0.381,0.28,1.0,1.0,Víctor,Chust,2000-03-05,26.56,954.0,23.0,Defender,Central Defender,8nbnru9t2qxaotxw0hiaocdt5,4yg9ttzw0m51048doksv8uq5r,Elche CF,Elche,Elche,ELC,437463.0,540.0,6.0,457.0,419.0,91.68,66.0,53.0,80.3,2.0,0.0,0.0,2.0,1.0,50.0,Víctor,Chust,2000-03-05,26.56,954.0,23.0,Defender,Central Defender,8nbnru9t2qxaotxw0hiaocdt5,4yg9ttzw0m51048doksv8uq5r,Elche CF,Elche,Elche,ELC,437463,8nbnru9t2qxaotxw0hiaocdt5,954,4yg9ttzw0m51048doksv8uq5r
Víctor García,465278.0,4.0,196.0,0.0,0.15,-0.15,1.0,0.0,0.0,0.15,Víctor,García,1997-09-16,29.02,855.0,17.0,Defender,Winger,a5a9d3z93jct2dtg6ajpi26ay,4grc9qgcvusllap8h5j6gc5h5,Levante UD,Levante,Levante,LEV,16.0,200.833,8.0,102.165,0.0,0.0,0.0,0.0,12.552,12.771,2.0,2.0,8.0,1.0,3.0,20.0,7.0,35.0,3.0,1.0,33.333,,,,,,,,,,465278.0,196.0,4.0,1.0,1.0,2.27,0.0,0.11,0.11,0.0,0.0,Víctor,García,1997-09-16,29.02,855.0,17.0,Defender,Winger,a5a9d3z93jct2dtg6ajpi26ay,4grc9qgcvusllap8h5j6gc5h5,Levante UD,Levante,Levante,LEV,465278.0,196.0,4.0,45.0,37.0,82.22,13.0,10.0,76.92,9.0,3.0,33.33,0.0,0.0,0.0,Víctor,García,1997-09-16,29.02,855.0,17.0,Defender,Winger,a5a9d3z93jct2dtg6ajpi26ay,4grc9qgcvusllap8h5j6gc5h5,Levante UD,Levante,Levante,LEV,465278,a5a9d3z93jct2dtg6ajpi26ay,855,4grc9qgcvusllap8h5j6gc5h5
Williot Swedberg,543932.0,5.0,246.0,0.0,0.78,-0.78,4.0,3.0,0.0,0.2,Williot,Swedberg,2004-02-01,22.64,176.0,19.0,Forward,Attacking Midfielder,e91yegwfliqhfy9yyk19otafo,6f27yvbqcngegwsg2ozxxdj4,Real Club Celta de Vigo,Celta de Vigo,Celta,CEL,31.0,350.254,17.0,113.19,1.0,0.0,0.0,0.0,11.299,6.658,5.0,1.0,5.0,0.0,2.0,28.0,17.0,60.714,6.0,2.0,33.333,,,,,,,,,,543932.0,246.0,5.0,3.0,3.0,4.84,0.0,0.109,0.109,0.0,0.0,Williot,Swedberg,2004-02-01,22.64,176.0,19.0,Forward,Attacking Midfielder,e91yegwfliqhfy9yyk19otafo,6f27yvbqcngegwsg2ozxxdj4,Real Club Celta de Vigo,Celta de Vigo,Celta,CEL,543932.0,246.0,5.0,62.0,44.0,70.97,28.0,18.0,64.29,3.0,0.0,0.0,0.0,0.0,0.0,Williot,Swedberg,2004-02-01,22.64,176.0,19.0,Forward,Attacking Midfielder,e91yegwfliqhfy9yyk19otafo,6f27yvbqcngegwsg2ozxxdj4,Real Club Celta de Vigo,Celta de Vigo,Celta,CEL,543932,e91yegwfliqhfy9yyk19otafo,176,6f27yvbqcngegwsg2ozxxdj4
Willy Kambwala,518466.0,0.0,0.0,0.0,0.0,0.0,0.0,0.0,0.0,0.0,Willy,Kambwala,2004-08-25,22.08,449.0,5.0,Defender,Central Defender,518466,74mcjsm72vr3l9pw2i4qfjchj,Villarreal CF,Villarreal,Villarreal,VIL,0.0,0.0,0.0,0.0,0.0,0.0,0.0,0.0,0.0,0.0,0.0,0.0,0.0,0.0,0.0,0.0,0.0,0.0,0.0,0.0,0.0,,,,,,,,,,518466.0,0.0,0.0,0.0,0.0,0.0,0.0,0.0,0.0,0.0,0.0,Willy,Kambwala,2004-08-25,22.08,449.0,5.0,Defender,Central Defender,518466,74mcjsm72vr3l9pw2i4qfjchj,Villarreal CF,Villarreal,Villarreal,VIL,518466.0,0.0,0.0,0.0,0.0,0.0,0.0,0.0,0.0,0.0,0.0,0.0,0.0,0.0,0.0,Willy,Kambwala,2004-08-25,22.08,449.0,5.0,Defender,Central Defender,518466,74mcjsm72vr3l9pw2i4qfjchj,Villarreal CF,Villarreal,Villarreal,VIL,518466,518466,449,74mcjsm72vr3l9pw2i4qfjchj
Wojciech Szczesny,,,,,,,,,,,,,,,,,,,,,,,,,,,,,,,,,,,,,,,,,,,,,,540.0,8.0,0.0,1.0,0.0,0.0,-0.01,0.0,0.99,,,,,,,,,,,,,,,,,,,,,,,,,,,,,,,,,,,,,,,,,,,,,,,,,,,,,,,59936,6ofu6yc2qwp5ii9cerdq1tk9h,178,agh9ifb2mw3ivjusgedj7c3fe
Xanet Oláiz,554646.0,1.0,10.0,0.0,0.0,0.0,0.0,0.0,0.0,0.0,Xanet,Oláiz,2005-07-18,21.18,173.0,27.0,Defender,Central Defender,2khe1otxcw6vd2bts09ipdzis,4dtdjgnpdq9uw4sdutti0vaar,Deportivo Alavés,Alavés,Alavés,ALA,0.0,0.0,0.0,0.0,0.0,0.0,0.0,0.0,0.0,0.0,0.0,0.0,1.0,1.0,2.0,0.0,0.0,0.0,1.0,0.0,0.0,,,,,,,,,,554646.0,10.0,1.0,0.0,0.0,0.0,0.0,0.0,0.0,0.0,0.0,Xanet,Oláiz,2005-07-18,21.18,173.0,27.0,Defender,Central Defender,2khe1otxcw6vd2bts09ipdzis,4dtdjgnpdq9uw4sdutti0vaar,Deportivo Alavés,Alavés,Alavés,ALA,554646.0,10.0,1.0,7.0,6.0,85.71,1.0,0.0,0.0,0.0,0.0,0.0,0.0,0.0,0.0,Xanet,Oláiz,2005-07-18,21.18,173.0,27.0,Defender,Central Defender,2khe1otxcw6vd2bts09ipdzis,4dtdjgnpdq9uw4sdutti0vaar,Deportivo Alavés,Alavés,Alavés,ALA,554646,2khe1otxcw6vd2bts09ipdzis,173,4dtdjgnpdq9uw4sdutti0vaar
Xavi Espart,634630.0,5.0,440.0,1.0,0.15,0.85,4.0,2.0,25.0,0.04,Xavi,Espart,2007-05-21,19.34,178.0,12.0,Defender,Full Back,1jpq7xvsg1xh51ff03qukrj84,agh9ifb2mw3ivjusgedj7c3fe,FC Barcelona,Barcelona,Barcelona,BAR,48.0,523.076,26.0,338.835,0.0,0.0,2.0,0.0,10.897,13.032,20.0,7.0,27.0,0.0,15.0,43.0,28.0,65.116,10.0,6.0,60.0,,,,,,,,,,634630.0,440.0,5.0,4.0,4.0,0.83,0.0,0.419,0.417,2.0,2.0,Xavi,Espart,2007-05-21,19.34,178.0,12.0,Defender,Full Back,1jpq7xvsg1xh51ff03qukrj84,agh9ifb2mw3ivjusgedj7c3fe,FC Barcelona,Barcelona,Barcelona,BAR,634630.0,440.0,5.0,246.0,213.0,86.59,54.0,41.0,75.93,4.0,1.0,25.0,2.0,1.0,50.0,Xavi,Espart,2007-05-21,19.34,178.0,12.0,Defender,Full Back,1jpq7xvsg1xh51ff03qukrj84,agh9ifb2mw3ivjusgedj7c3fe,FC Barcelona,Barcelona,Barcelona,BAR,634630,1jpq7xvsg1xh51ff03qukrj84,178,agh9ifb2mw3ivjusgedj7c3fe
Ximo Navarro,90728.0,5.0,443.0,0.0,0.07,-0.07,2.0,0.0,0.0,0.04,Joaquín,Navarro Jiménez,1990-01-23,36.68,180.0,23.0,Defender,Full Back,51b7kbz09togoaueykwbm385,1r541mega6d838hi0p44sv0h2,RC Deportivo de A Coruña,Deportivo de A Coruña,Deportivo,DEP,32.0,348.357,18.0,114.24,0.0,0.0,0.0,0.0,10.886,6.347,13.0,6.0,11.0,1.0,22.0,33.0,18.0,54.545,9.0,2.0,22.222,,,,,,,,,,90728.0,443.0,5.0,1.0,1.0,0.55,0.0,0.112,0.108,0.0,0.0,Joaquín,Navarro Jiménez,1990-01-23,36.68,180.0,23.0,Defender,Full Back,51b7kbz09togoaueykwbm385,1r541mega6d838hi0p44sv0h2,RC Deportivo de A Coruña,Deportivo de A Coruña,Deportivo,DEP,90728.0,443.0,5.0,185.0,159.0,85.95,42.0,30.0,71.43,9.0,0.0,0.0,1.0,1.0,100.0,Joaquín,Navarro Jiménez,1990-01-23,36.68,180.0,23.0,Defender,Full Back,51b7kbz09togoaueykwbm385,1r541mega6d838hi0p44sv0h2,RC Deportivo de A Coruña,Deportivo de A Coruña,Deportivo,DEP,90728,51b7kbz09togoaueykwbm385,180,1r541mega6d838hi0p44sv0h2
Yan Diomande,692871.0,6.0,244.0,0.0,0.14,-0.14,2.0,0.0,0.0,0.07,Yan,Diomande,2006-11-14,19.86,186.0,25.0,Forward,Winger,8e6qzf8dp3c9lch7tu5r03qqc,3kq9cckrnlogidldtdie2fkbl,Real Madrid CF,Real Madrid,Real Madrid,RMA,72.0,899.975,38.0,381.15,2.0,0.0,3.0,0.0,12.5,10.03,5.0,3.0,10.0,0.0,1.0,40.0,25.0,62.5,3.0,1.0,33.333,,,,,,,,,,692871.0,244.0,6.0,7.0,6.0,5.21,14.29,0.512,0.437,1.0,1.0,Yan,Diomande,2006-11-14,19.86,186.0,25.0,Forward,Winger,8e6qzf8dp3c9lch7tu5r03qqc,3kq9cckrnlogidldtdie2fkbl,Real Madrid CF,Real Madrid,Real Madrid,RMA,692871.0,244.0,6.0,96.0,78.0,81.25,36.0,25.0,69.44,10.0,4.0,40.0,2.0,0.0,0.0,Yan,Diomande,2006-11-14,19.86,186.0,25.0,Forward,Winger,8e6qzf8dp3c9lch7tu5r03qqc,3kq9cckrnlogidldtdie2fkbl,Real Madrid CF,Real Madrid,Real Madrid,RMA,692871,8e6qzf8dp3c9lch7tu5r03qqc,186,3kq9cckrnlogidldtdie2fkbl
Yangel Herrera,226541.0,6.0,382.0,1.0,0.15,0.85,4.0,2.0,25.0,0.04,Yangel,Herrera,1998-01-07,28.72,188.0,21.0,Midfielder,Central Midfielder,c320492cbp1otejfp1i1oane1,63f5h8t5e9qm1fqmvfkb23ghh,Real Sociedad de Fútbol,Real Sociedad,Real Sociedad,RSO,65.0,600.705,20.0,173.355,0.0,0.0,1.0,0.0,9.242,8.668,9.0,1.0,16.0,1.0,3.0,40.0,20.0,50.0,13.0,5.0,38.462,,,,,,,,,,226541.0,382.0,6.0,1.0,1.0,0.46,0.0,0.062,0.061,0.0,0.0,Yangel,Herrera,1998-01-07,28.72,188.0,21.0,Midfielder,Central Midfielder,c320492cbp1otejfp1i1oane1,63f5h8t5e9qm1fqmvfkb23ghh,Real Sociedad de Fútbol,Real Sociedad,Real Sociedad,RSO,226541.0,382.0,6.0,226.0,198.0,87.61,44.0,36.0,81.82,0.0,0.0,0.0,2.0,0.0,0.0,Yangel,Herrera,1998-01-07,28.72,188.0,21.0,Midfielder,Central Midfielder,c320492cbp1otejfp1i1oane1,63f5h8t5e9qm1fqmvfkb23ghh,Real Sociedad de Fútbol,Real Sociedad,Real Sociedad,RSO,226541,c320492cbp1otejfp1i1oane1,188,63f5h8t5e9qm1fqmvfkb23ghh
Yanis Musuayi,664880.0,1.0,30.0,0.0,0.0,0.0,0.0,0.0,0.0,0.0,Yanis,Musuayi,2007-06-26,19.24,855.0,11.0,Forward,Striker,dl484hplllyu01qwpra62k2z8,4grc9qgcvusllap8h5j6gc5h5,Levante UD,Levante,Levante,LEV,2.0,13.692,1.0,-0.84,0.0,0.0,0.0,0.0,6.846,-0.84,0.0,0.0,3.0,0.0,1.0,8.0,2.0,25.0,1.0,0.0,0.0,,,,,,,,,,664880.0,30.0,1.0,0.0,0.0,0.0,0.0,0.0,0.0,0.0,0.0,Yanis,Musuayi,2007-06-26,19.24,855.0,11.0,Forward,Striker,dl484hplllyu01qwpra62k2z8,4grc9qgcvusllap8h5j6gc5h5,Levante UD,Levante,Levante,LEV,664880.0,30.0,1.0,4.0,3.0,75.0,0.0,0.0,0.0,0.0,0.0,0.0,0.0,0.0,0.0,Yanis,Musuayi,2007-06-26,19.24,855.0,11.0,Forward,Striker,dl484hplllyu01qwpra62k2z8,4grc9qgcvusllap8h5j6gc5h5,Levante UD,Levante,Levante,LEV,664880,dl484hplllyu01qwpra62k2z8,855,4grc9qgcvusllap8h5j6gc5h5
Yassir Zabiri,652987.0,6.0,311.0,6.0,3.49,2.51,13.0,8.0,46.15,0.27,Yassir,Zabiri,2005-02-23,21.58,189.0,21.0,Forward,Striker,3pop9gdilkfcaoqyzj9g3d3is,bzkwzatvwahmbzok1ymm5vqa1,Real Racing Club,Racing de Santander,Santander,RAC,18.0,175.893,6.0,69.93,3.0,0.0,1.0,0.0,9.772,11.655,6.0,0.0,1.0,0.0,3.0,27.0,10.0,37.037,7.0,1.0,14.286,,,,,,,,,,652987.0,311.0,6.0,2.0,2.0,4.35,0.0,0.103,0.103,0.0,0.0,Yassir,Zabiri,2005-02-23,21.58,189.0,21.0,Forward,Striker,3pop9gdilkfcaoqyzj9g3d3is,bzkwzatvwahmbzok1ymm5vqa1,Real Racing Club,Racing de Santander,Santander,RAC,652987.0,311.0,6.0,52.0,40.0,76.92,28.0,21.0,75.0,1.0,0.0,0.0,1.0,0.0,0.0,Yassir,Zabiri,2005-02-23,21.58,189.0,21.0,Forward,Striker,3pop9gdilkfcaoqyzj9g3d3is,bzkwzatvwahmbzok1ymm5vqa1,Real Racing Club,Racing de Santander,Santander,RAC,652987,3pop9gdilkfcaoqyzj9g3d3is,189,bzkwzatvwahmbzok1ymm5vqa1
Yeray Álvarez,197319.0,4.0,315.0,0.0,0.16,-0.16,3.0,0.0,0.0,0.05,Yeray,Álvarez,1995-01-24,31.67,174.0,5.0,Defender,Central Defender,uzzq2p3s1qnb3wv1pee3mcph,3czravw89omgc9o4s0w3l1bg5,Athletic Club,Athletic Club,Athletic,ATH,49.0,507.703,26.0,332.535,0.0,0.0,1.0,0.0,10.361,12.79,4.0,4.0,14.0,2.0,14.0,15.0,10.0,66.667,13.0,7.0,53.846,,,,,,,,,,197319.0,315.0,4.0,2.0,1.0,0.47,0.0,0.031,0.031,1.0,0.0,Yeray,Álvarez,1995-01-24,31.67,174.0,5.0,Defender,Central Defender,uzzq2p3s1qnb3wv1pee3mcph,3czravw89omgc9o4s0w3l1bg5,Athletic Club,Athletic Club,Athletic,ATH,197319.0,315.0,4.0,223.0,196.0,87.89,27.0,19.0,70.37,4.0,0.0,0.0,1.0,0.0,0.0,Yeray,Álvarez,1995-01-24,31.67,174.0,5.0,Defender,Central Defender,uzzq2p3s1qnb3wv1pee3mcph,3czravw89omgc9o4s0w3l1bg5,Athletic Club,Athletic Club,Athletic,ATH,197319,uzzq2p3s1qnb3wv1pee3mcph,174,3czravw89omgc9o4s0w3l1bg5
Yeremay Hernández,523890.0,5.0,146.0,0.0,0.08,-0.08,1.0,0.0,0.0,0.08,Yeremay,Hernández,2002-12-10,23.79,180.0,10.0,Forward,Attacking Midfielder,n736qnsw4gwdhn8juse4pc7o,1r541mega6d838hi0p44sv0h2,RC Deportivo de A Coruña,Deportivo de A Coruña,Deportivo,DEP,30.0,317.016,16.0,131.04,0.0,0.0,1.0,1.0,10.567,8.19,8.0,2.0,17.0,0.0,1.0,28.0,13.0,46.429,2.0,0.0,0.0,,,,,,,,,,523890.0,146.0,5.0,1.0,1.0,0.0,0.0,0.227,0.227,1.0,1.0,Yeremay,Hernández,2002-12-10,23.79,180.0,10.0,Forward,Attacking Midfielder,n736qnsw4gwdhn8juse4pc7o,1r541mega6d838hi0p44sv0h2,RC Deportivo de A Coruña,Deportivo de A Coruña,Deportivo,DEP,523890.0,146.0,5.0,70.0,55.0,78.57,21.0,15.0,71.43,1.0,1.0,100.0,1.0,1.0,100.0,Yeremay,Hernández,2002-12-10,23.79,180.0,10.0,Forward,Attacking Midfielder,n736qnsw4gwdhn8juse4pc7o,1r541mega6d838hi0p44sv0h2,RC Deportivo de A Coruña,Deportivo de A Coruña,Deportivo,DEP,523890,n736qnsw4gwdhn8juse4pc7o,180,1r541mega6d838hi0p44sv0h2
Yoel Lago,643133.0,6.0,495.0,0.0,0.0,0.0,0.0,0.0,0.0,0.0,Yoel,Lago,2004-03-25,22.5,176.0,18.0,Defender,Central Defender,6q341ss6es4r2m1o5s5e80nbo,6f27yvbqcngegwsg2ozxxdj4,Real Club Celta de Vigo,Celta de Vigo,Celta,CEL,75.0,792.228,54.0,604.8,0.0,0.0,0.0,0.0,10.563,11.2,4.0,10.0,25.0,6.0,24.0,21.0,10.0,47.619,11.0,4.0,36.364,,,,,,,,,,643133.0,495.0,6.0,1.0,1.0,0.28,0.0,0.092,0.092,0.0,0.0,Yoel,Lago,2004-03-25,22.5,176.0,18.0,Defender,Central Defender,6q341ss6es4r2m1o5s5e80nbo,6f27yvbqcngegwsg2ozxxdj4,Real Club Celta de Vigo,Celta de Vigo,Celta,CEL,643133.0,495.0,6.0,366.0,340.0,92.9,52.0,38.0,73.08,1.0,0.0,0.0,0.0,0.0,0.0,Yoel,Lago,2004-03-25,22.5,176.0,18.0,Defender,Central Defender,6q341ss6es4r2m1o5s5e80nbo,6f27yvbqcngegwsg2ozxxdj4,Real Club Celta de Vigo,Celta de Vigo,Celta,CEL,643133,6q341ss6es4r2m1o5s5e80nbo,176,6f27yvbqcngegwsg2ozxxdj4
Youssef Enriquez,554656.0,5.0,123.0,0.0,0.02,-0.02,1.0,0.0,0.0,0.02,Youssef,Enriquez,2005-10-07,20.96,173.0,3.0,Defender,Full Back,2ww626a9v31b072prdx0xf1g4,4dtdjgnpdq9uw4sdutti0vaar,Deportivo Alavés,Alavés,Alavés,ALA,12.0,142.964,8.0,78.225,1.0,0.0,0.0,0.0,11.914,9.778,7.0,0.0,4.0,1.0,7.0,17.0,12.0,70.588,1.0,1.0,100.0,,,,,,,,,,554656.0,123.0,5.0,3.0,3.0,6.12,0.0,0.181,0.18,0.0,0.0,Youssef,Enriquez,2005-10-07,20.96,173.0,3.0,Defender,Full Back,2ww626a9v31b072prdx0xf1g4,4dtdjgnpdq9uw4sdutti0vaar,Deportivo Alavés,Alavés,Alavés,ALA,554656.0,123.0,5.0,52.0,44.0,84.62,15.0,11.0,73.33,9.0,5.0,55.56,0.0,0.0,0.0,Youssef,Enriquez,2005-10-07,20.96,173.0,3.0,Defender,Full Back,2ww626a9v31b072prdx0xf1g4,4dtdjgnpdq9uw4sdutti0vaar,Deportivo Alavés,Alavés,Alavés,ALA,554656,2ww626a9v31b072prdx0xf1g4,173,4dtdjgnpdq9uw4sdutti0vaar
Youssouf Fofana,461913.0,3.0,197.0,0.0,0.18,-0.18,4.0,1.0,0.0,0.05,Youssouf,Fofana,1999-01-10,27.71,179.0,24.0,Midfielder,Defensive Midfielder,b0wb7gf04synxlkq7o8gvzkoa,10eyb18v5puw4ez03ocaug09m,Sevilla FC,Sevilla,Sevilla,SEV,19.0,220.194,13.0,123.585,1.0,0.0,0.0,0.0,11.589,9.507,6.0,2.0,13.0,1.0,3.0,19.0,9.0,47.368,3.0,1.0,33.333,,,,,,,,,,461913.0,197.0,3.0,1.0,1.0,1.39,0.0,0.097,0.097,0.0,0.0,Youssouf,Fofana,1999-01-10,27.71,179.0,24.0,Midfielder,Defensive Midfielder,b0wb7gf04synxlkq7o8gvzkoa,10eyb18v5puw4ez03ocaug09m,Sevilla FC,Sevilla,Sevilla,SEV,461913.0,197.0,3.0,72.0,62.0,86.11,21.0,17.0,80.95,0.0,0.0,0.0,1.0,0.0,0.0,Youssouf,Fofana,1999-01-10,27.71,179.0,24.0,Midfielder,Defensive Midfielder,b0wb7gf04synxlkq7o8gvzkoa,10eyb18v5puw4ez03ocaug09m,Sevilla FC,Sevilla,Sevilla,SEV,461913,b0wb7gf04synxlkq7o8gvzkoa,179,10eyb18v5puw4ez03ocaug09m
Yuri Berchiche,42670.0,4.0,281.0,0.0,0.19,-0.19,7.0,0.0,0.0,0.03,Yuri,Berchiche,1990-02-10,36.63,174.0,17.0,Defender,Full Back,8hm6d6395johhjsoe8jz6dcyd,3czravw89omgc9o4s0w3l1bg5,Athletic Club,Athletic Club,Athletic,ATH,33.0,326.682,19.0,197.715,0.0,0.0,0.0,0.0,9.899,10.406,3.0,4.0,18.0,0.0,6.0,11.0,5.0,45.455,5.0,4.0,80.0,,,,,,,,,,42670.0,281.0,4.0,4.0,3.0,1.55,25.0,0.31,0.087,0.0,0.0,Yuri,Berchiche,1990-02-10,36.63,174.0,17.0,Defender,Full Back,8hm6d6395johhjsoe8jz6dcyd,3czravw89omgc9o4s0w3l1bg5,Athletic Club,Athletic Club,Athletic,ATH,42670.0,281.0,4.0,199.0,184.0,92.46,44.0,34.0,77.27,4.0,0.0,0.0,1.0,0.0,0.0,Yuri,Berchiche,1990-02-10,36.63,174.0,17.0,Defender,Full Back,8hm6d6395johhjsoe8jz6dcyd,3czravw89omgc9o4s0w3l1bg5,Athletic Club,Athletic Club,Athletic,ATH,42670,8hm6d6395johhjsoe8jz6dcyd,174,3czravw89omgc9o4s0w3l1bg5
Zaid Romero,500021.0,5.0,427.0,0.0,0.04,-0.04,1.0,0.0,0.0,0.04,Zaid,Romero,1999-12-15,26.78,1450.0,24.0,Defender,Central Defender,buglwgk2hthoyqt1ocghya92i,1n1j0wsl763lq7ee1k0c11c02,Getafe CF,Getafe,Getafe,GET,51.0,552.121,39.0,432.18,1.0,0.0,0.0,0.0,10.826,11.082,7.0,9.0,30.0,1.0,27.0,29.0,17.0,58.621,12.0,8.0,66.667,,,,,,,,,,500021.0,427.0,5.0,0.0,0.0,0.0,0.0,0.085,0.084,0.0,0.0,Zaid,Romero,1999-12-15,26.78,1450.0,24.0,Defender,Central Defender,buglwgk2hthoyqt1ocghya92i,1n1j0wsl763lq7ee1k0c11c02,Getafe CF,Getafe,Getafe,GET,500021.0,427.0,5.0,187.0,149.0,79.68,33.0,20.0,60.61,4.0,0.0,0.0,0.0,0.0,0.0,Zaid,Romero,1999-12-15,26.78,1450.0,24.0,Defender,Central Defender,buglwgk2hthoyqt1ocghya92i,1n1j0wsl763lq7ee1k0c11c02,Getafe CF,Getafe,Getafe,GET,500021,buglwgk2hthoyqt1ocghya92i,1450,1n1j0wsl763lq7ee1k0c11c02
Zakaria Eddahchouri,479491.0,4.0,69.0,1.0,0.12,0.88,3.0,1.0,33.33,0.04,Zakaria,Eddahchouri,2000-05-11,26.37,180.0,9.0,Forward,Striker,bzajzlkiffu1t48lxjzxc8cq2,1r541mega6d838hi0p44sv0h2,RC Deportivo de A Coruña,Deportivo de A Coruña,Deportivo,DEP,5.0,44.869,2.0,10.185,0.0,0.0,0.0,0.0,8.974,5.092,3.0,0.0,2.0,0.0,0.0,10.0,4.0,40.0,6.0,2.0,33.333,,,,,,,,,,479491.0,69.0,4.0,1.0,1.0,5.26,0.0,0.077,0.077,0.0,0.0,Zakaria,Eddahchouri,2000-05-11,26.37,180.0,9.0,Forward,Striker,bzajzlkiffu1t48lxjzxc8cq2,1r541mega6d838hi0p44sv0h2,RC Deportivo de A Coruña,Deportivo de A Coruña,Deportivo,DEP,479491.0,69.0,4.0,20.0,15.0,75.0,8.0,5.0,62.5,1.0,0.0,0.0,0.0,0.0,0.0,Zakaria,Eddahchouri,2000-05-11,26.37,180.0,9.0,Forward,Striker,bzajzlkiffu1t48lxjzxc8cq2,1r541mega6d838hi0p44sv0h2,RC Deportivo de A Coruña,Deportivo de A Coruña,Deportivo,DEP,479491,bzajzlkiffu1t48lxjzxc8cq2,180,1r541mega6d838hi0p44sv0h2
Álex Baena,248501.0,6.0,388.0,4.0,1.11,2.89,14.0,6.0,28.57,0.08,Álex,Baena,2001-07-20,25.18,175.0,10.0,Midfielder,Attacking Midfielder,5zoz3mjooujpv0wdcphyrztd6,4ku8o6uf87yd8iecdalipo6wd,Club Atlético de Madrid,Atlético de Madrid,Atlético,ATM,62.0,660.189,33.0,277.515,4.0,0.0,3.0,1.0,10.648,8.41,2.0,8.0,16.0,0.0,1.0,34.0,9.0,26.471,5.0,1.0,20.0,,,,,,,,,,248501.0,388.0,6.0,14.0,9.0,4.26,35.71,1.174,0.837,1.0,1.0,Álex,Baena,2001-07-20,25.18,175.0,10.0,Midfielder,Attacking Midfielder,5zoz3mjooujpv0wdcphyrztd6,4ku8o6uf87yd8iecdalipo6wd,Club Atlético de Madrid,Atlético de Madrid,Atlético,ATM,248501.0,388.0,6.0,195.0,162.0,83.08,91.0,65.0,71.43,4.0,0.0,0.0,3.0,2.0,66.67,Álex,Baena,2001-07-20,25.18,175.0,10.0,Midfielder,Attacking Midfielder,5zoz3mjooujpv0wdcphyrztd6,4ku8o6uf87yd8iecdalipo6wd,Club Atlético de Madrid,Atlético de Madrid,Atlético,ATM,248501,5zoz3mjooujpv0wdcphyrztd6,175,4ku8o6uf87yd8iecdalipo6wd
Álex Pastor,521429.0,0.0,0.0,0.0,0.0,0.0,0.0,0.0,0.0,0.0,Álex,Pastor,1999-10-01,26.98,182.0,5.0,Defender,Central Defender,521429,7012hpp3p5vg4fzyn3h0yvf09,Málaga CF,Málaga,Málaga,MAL,0.0,0.0,0.0,0.0,0.0,0.0,0.0,0.0,0.0,0.0,0.0,0.0,0.0,0.0,0.0,0.0,0.0,0.0,0.0,0.0,0.0,,,,,,,,,,521429.0,0.0,0.0,0.0,0.0,0.0,0.0,0.0,0.0,0.0,0.0,Álex,Pastor,1999-10-01,26.98,182.0,5.0,Defender,Central Defender,521429,7012hpp3p5vg4fzyn3h0yvf09,Málaga CF,Málaga,Málaga,MAL,521429.0,0.0,0.0,0.0,0.0,0.0,0.0,0.0,0.0,0.0,0.0,0.0,0.0,0.0,0.0,Álex,Pastor,1999-10-01,26.98,182.0,5.0,Defender,Central Defender,521429,7012hpp3p5vg4fzyn3h0yvf09,Málaga CF,Málaga,Málaga,MAL,521429,521429,182,7012hpp3p5vg4fzyn3h0yvf09
Álex Remiro,,,,,,,,,,,,,,,,,,,,,,,,,,,,,,,,,,,,,,,,,,,,,,540.0,83.0,0.0,9.0,19.0,67.86,0.61,1.0,9.61,,,,,,,,,,,,,,,,,,,,,,,,,,,,,,,,,,,,,,,,,,,,,,,,,,,,,,,197316,w503zyr8ipyobglth281uklx,188,63f5h8t5e9qm1fqmvfkb23ghh
Álvaro Carreras,515501.0,4.0,201.0,1.0,0.19,0.81,1.0,1.0,100.0,0.19,Álvaro,Carreras,2003-03-23,23.51,186.0,18.0,Defender,Full Back,a4kw8u4dqsslfwe1ux08lbmc,3kq9cckrnlogidldtdie2fkbl,Real Madrid CF,Real Madrid,Real Madrid,RMA,29.0,334.688,16.0,110.775,0.0,0.0,1.0,0.0,11.541,6.923,4.0,1.0,10.0,0.0,4.0,14.0,11.0,78.571,1.0,1.0,100.0,,,,,,,,,,515501.0,201.0,4.0,5.0,4.0,3.01,20.0,0.22,0.219,0.0,0.0,Álvaro,Carreras,2003-03-23,23.51,186.0,18.0,Defender,Full Back,a4kw8u4dqsslfwe1ux08lbmc,3kq9cckrnlogidldtdie2fkbl,Real Madrid CF,Real Madrid,Real Madrid,RMA,515501.0,201.0,4.0,138.0,125.0,90.58,32.0,26.0,81.25,3.0,1.0,33.33,0.0,0.0,0.0,Álvaro,Carreras,2003-03-23,23.51,186.0,18.0,Defender,Full Back,a4kw8u4dqsslfwe1ux08lbmc,3kq9cckrnlogidldtdie2fkbl,Real Madrid CF,Real Madrid,Real Madrid,RMA,515501,a4kw8u4dqsslfwe1ux08lbmc,186,3kq9cckrnlogidldtdie2fkbl
Álvaro Cortés,634056.0,0.0,0.0,0.0,0.0,0.0,0.0,0.0,0.0,0.0,Álvaro,Cortés,2005-03-17,21.52,178.0,26.0,Defender,Central Defender,634056,agh9ifb2mw3ivjusgedj7c3fe,FC Barcelona,Barcelona,Barcelona,BAR,0.0,0.0,0.0,0.0,0.0,0.0,0.0,0.0,0.0,0.0,0.0,0.0,0.0,0.0,0.0,0.0,0.0,0.0,0.0,0.0,0.0,,,,,,,,,,634056.0,0.0,0.0,0.0,0.0,0.0,0.0,0.0,0.0,0.0,0.0,Álvaro,Cortés,2005-03-17,21.52,178.0,26.0,Defender,Central Defender,634056,agh9ifb2mw3ivjusgedj7c3fe,FC Barcelona,Barcelona,Barcelona,BAR,634056.0,0.0,0.0,0.0,0.0,0.0,0.0,0.0,0.0,0.0,0.0,0.0,0.0,0.0,0.0,Álvaro,Cortés,2005-03-17,21.52,178.0,26.0,Defender,Central Defender,634056,agh9ifb2mw3ivjusgedj7c3fe,FC Barcelona,Barcelona,Barcelona,BAR,634056,634056,178,agh9ifb2mw3ivjusgedj7c3fe
Álvaro Djaló,588171.0,1.0,9.0,0.0,0.0,0.0,0.0,0.0,0.0,0.0,Álvaro,Djaló Dias-Fernandes,1999-08-16,27.11,174.0,25.0,Forward,Winger,23d0t7gqlra3jkskn18bh752i,3czravw89omgc9o4s0w3l1bg5,Athletic Club,Athletic Club,Athletic,ATH,0.0,0.0,0.0,0.0,0.0,0.0,0.0,0.0,0.0,0.0,1.0,0.0,0.0,0.0,0.0,4.0,1.0,25.0,0.0,0.0,0.0,,,,,,,,,,588171.0,9.0,1.0,0.0,0.0,0.0,0.0,0.0,0.0,0.0,0.0,Álvaro,Djaló Dias-Fernandes,1999-08-16,27.11,174.0,25.0,Forward,Winger,23d0t7gqlra3jkskn18bh752i,3czravw89omgc9o4s0w3l1bg5,Athletic Club,Athletic Club,Athletic,ATH,588171.0,9.0,1.0,1.0,0.0,0.0,0.0,0.0,0.0,0.0,0.0,0.0,0.0,0.0,0.0,Álvaro,Djaló Dias-Fernandes,1999-08-16,27.11,174.0,25.0,Forward,Winger,23d0t7gqlra3jkskn18bh752i,3czravw89omgc9o4s0w3l1bg5,Athletic Club,Athletic Club,Athletic,ATH,588171,23d0t7gqlra3jkskn18bh752i,174,3czravw89omgc9o4s0w3l1bg5
Álvaro Fidalgo,223761.0,2.0,31.0,0.0,0.0,0.0,0.0,0.0,0.0,0.0,Álvaro,Fidalgo,1997-04-09,29.46,185.0,15.0,Midfielder,Central Midfielder,733ho2s9aqwwxzbqfiia3b7bp,ah8dala7suqqkj04n2l8xz4zd,Real Betis Balompié,Real Betis,Betis,BET,8.0,114.527,6.0,60.06,0.0,0.0,0.0,0.0,14.316,10.01,2.0,0.0,0.0,0.0,0.0,5.0,2.0,40.0,0.0,0.0,0.0,,,,,,,,,,223761.0,31.0,2.0,0.0,0.0,0.0,0.0,0.007,0.007,0.0,0.0,Álvaro,Fidalgo,1997-04-09,29.46,185.0,15.0,Midfielder,Central Midfielder,733ho2s9aqwwxzbqfiia3b7bp,ah8dala7suqqkj04n2l8xz4zd,Real Betis Balompié,Real Betis,Betis,BET,223761.0,31.0,2.0,17.0,16.0,94.12,5.0,4.0,80.0,1.0,0.0,0.0,0.0,0.0,0.0,Álvaro,Fidalgo,1997-04-09,29.46,185.0,15.0,Midfielder,Central Midfielder,733ho2s9aqwwxzbqfiia3b7bp,ah8dala7suqqkj04n2l8xz4zd,Real Betis Balompié,Real Betis,Betis,BET,223761,733ho2s9aqwwxzbqfiia3b7bp,185,ah8dala7suqqkj04n2l8xz4zd
Álvaro García,165682.0,6.0,443.0,2.0,1.75,0.25,6.0,4.0,33.33,0.29,Álvaro,García,1992-10-27,33.92,184.0,18.0,Midfielder,Winger,8eh38t4oyyt728co362f6uqqd,3budh3j9xivsid3ptm8ptpy4k,Rayo Vallecano de Madrid,Rayo Vallecano,Rayo,RAY,30.0,365.617,17.0,194.775,2.0,0.0,1.0,1.0,12.187,11.457,5.0,6.0,19.0,1.0,7.0,23.0,8.0,34.783,9.0,2.0,22.222,,,,,,,,,,165682.0,443.0,6.0,3.0,3.0,1.1,0.0,0.533,0.533,2.0,2.0,Álvaro,García,1992-10-27,33.92,184.0,18.0,Midfielder,Winger,8eh38t4oyyt728co362f6uqqd,3budh3j9xivsid3ptm8ptpy4k,Rayo Vallecano de Madrid,Rayo Vallecano,Rayo,RAY,165682.0,443.0,6.0,92.0,59.0,64.13,39.0,23.0,58.97,15.0,3.0,20.0,2.0,0.0,0.0,Álvaro,García,1992-10-27,33.92,184.0,18.0,Midfielder,Winger,8eh38t4oyyt728co362f6uqqd,3budh3j9xivsid3ptm8ptpy4k,Rayo Vallecano de Madrid,Rayo Vallecano,Rayo,RAY,165682,8eh38t4oyyt728co362f6uqqd,184,3budh3j9xivsid3ptm8ptpy4k
Álvaro Mantilla,500285.0,5.0,449.0,0.0,0.17,-0.17,2.0,0.0,0.0,0.09,Álvaro,Mantilla,2000-05-09,26.38,189.0,2.0,Defender,Full Back,5l6t8w3nupestrpow5xlldhey,bzkwzatvwahmbzok1ymm5vqa1,Real Racing Club,Racing de Santander,Santander,RAC,38.0,401.494,25.0,250.845,0.0,0.0,0.0,0.0,10.566,10.034,11.0,5.0,18.0,3.0,21.0,23.0,12.0,52.174,11.0,6.0,54.545,,,,,,,,,,500285.0,449.0,5.0,1.0,1.0,0.56,0.0,0.138,0.135,0.0,0.0,Álvaro,Mantilla,2000-05-09,26.38,189.0,2.0,Defender,Full Back,5l6t8w3nupestrpow5xlldhey,bzkwzatvwahmbzok1ymm5vqa1,Real Racing Club,Racing de Santander,Santander,RAC,500285.0,449.0,5.0,183.0,130.0,71.04,48.0,25.0,52.08,4.0,0.0,0.0,0.0,0.0,0.0,Álvaro,Mantilla,2000-05-09,26.38,189.0,2.0,Defender,Full Back,5l6t8w3nupestrpow5xlldhey,bzkwzatvwahmbzok1ymm5vqa1,Real Racing Club,Racing de Santander,Santander,RAC,500285,5l6t8w3nupestrpow5xlldhey,189,bzkwzatvwahmbzok1ymm5vqa1
Álvaro Núñez,440594.0,2.0,174.0,0.0,0.01,-0.01,1.0,1.0,0.0,0.01,Álvaro,Núñez,2000-07-07,26.22,176.0,15.0,Defender,Full Back,e1g4cho31825bw7apvh9xr0x6,6f27yvbqcngegwsg2ozxxdj4,Real Club Celta de Vigo,Celta de Vigo,Celta,CEL,51.0,466.24,27.0,273.735,0.0,0.0,0.0,0.0,9.142,10.138,3.0,3.0,8.0,0.0,4.0,8.0,4.0,50.0,1.0,0.0,0.0,,,,,,,,,,440594.0,174.0,2.0,1.0,1.0,0.73,0.0,0.044,0.043,0.0,0.0,Álvaro,Núñez,2000-07-07,26.22,176.0,15.0,Defender,Full Back,e1g4cho31825bw7apvh9xr0x6,6f27yvbqcngegwsg2ozxxdj4,Real Club Celta de Vigo,Celta de Vigo,Celta,CEL,440594.0,174.0,2.0,146.0,139.0,95.21,40.0,36.0,90.0,2.0,0.0,0.0,0.0,0.0,0.0,Álvaro,Núñez,2000-07-07,26.22,176.0,15.0,Defender,Full Back,e1g4cho31825bw7apvh9xr0x6,6f27yvbqcngegwsg2ozxxdj4,Real Club Celta de Vigo,Celta de Vigo,Celta,CEL,440594,e1g4cho31825bw7apvh9xr0x6,176,6f27yvbqcngegwsg2ozxxdj4
Álvaro Padilla,748535.0,1.0,9.0,0.0,0.0,0.0,0.0,0.0,0.0,0.0,Álvaro,Padilla,2006-04-25,20.41,954.0,30.0,Forward,Winger,5nmqru7xd6w58dagtb2bdas5w,4yg9ttzw0m51048doksv8uq5r,Elche CF,Elche,Elche,ELC,4.0,31.568,0.0,-11.235,0.0,0.0,0.0,0.0,7.892,0.0,0.0,0.0,2.0,0.0,0.0,2.0,1.0,50.0,0.0,0.0,0.0,,,,,,,,,,748535.0,9.0,1.0,0.0,0.0,0.0,0.0,0.002,0.002,0.0,0.0,Álvaro,Padilla,2006-04-25,20.41,954.0,30.0,Forward,Winger,5nmqru7xd6w58dagtb2bdas5w,4yg9ttzw0m51048doksv8uq5r,Elche CF,Elche,Elche,ELC,748535.0,9.0,1.0,7.0,7.0,100.0,2.0,2.0,100.0,0.0,0.0,0.0,0.0,0.0,0.0,Álvaro,Padilla,2006-04-25,20.41,954.0,30.0,Forward,Winger,5nmqru7xd6w58dagtb2bdas5w,4yg9ttzw0m51048doksv8uq5r,Elche CF,Elche,Elche,ELC,748535,5nmqru7xd6w58dagtb2bdas5w,954,4yg9ttzw0m51048doksv8uq5r
Álvaro Valles,,,,,,,,,,,,,,,,,,,,,,,,,,,,,,,,,,,,,,,,,,,,,,540.0,100.0,0.0,6.0,25.0,80.65,6.21,2.0,12.21,,,,,,,,,,,,,,,,,,,,,,,,,,,,,,,,,,,,,,,,,,,,,,,,,,,,,,,472194,routhh0ialijcg3egagouig9,185,ah8dala7suqqkj04n2l8xz4zd
Ángel Ortiz,588143.0,2.0,116.0,0.0,0.02,-0.02,1.0,0.0,0.0,0.02,Ángel,Ortiz,2004-07-25,22.16,185.0,12.0,Defender,Full Back,cd0w7dewgwkiiqkg0jty8ae50,ah8dala7suqqkj04n2l8xz4zd,Real Betis Balompié,Real Betis,Betis,BET,15.0,153.884,5.0,14.28,1.0,0.0,0.0,0.0,10.259,2.856,8.0,1.0,5.0,3.0,4.0,14.0,8.0,57.143,1.0,0.0,0.0,,,,,,,,,,588143.0,116.0,2.0,3.0,3.0,4.41,0.0,0.039,0.038,0.0,0.0,Ángel,Ortiz,2004-07-25,22.16,185.0,12.0,Defender,Full Back,cd0w7dewgwkiiqkg0jty8ae50,ah8dala7suqqkj04n2l8xz4zd,Real Betis Balompié,Real Betis,Betis,BET,588143.0,116.0,2.0,69.0,66.0,95.65,22.0,22.0,100.0,1.0,0.0,0.0,0.0,0.0,0.0,Ángel,Ortiz,2004-07-25,22.16,185.0,12.0,Defender,Full Back,cd0w7dewgwkiiqkg0jty8ae50,ah8dala7suqqkj04n2l8xz4zd,Real Betis Balompié,Real Betis,Betis,BET,588143,cd0w7dewgwkiiqkg0jty8ae50,185,ah8dala7suqqkj04n2l8xz4zd
Ángel Pérez,633295.0,6.0,477.0,0.0,0.92,-0.92,9.0,4.0,0.0,0.1,Ángel,Pérez,2002-08-29,24.07,173.0,7.0,Defender,Full Back,350ehsdbvwysbfxgeian91rf8,4dtdjgnpdq9uw4sdutti0vaar,Deportivo Alavés,Alavés,Alavés,ALA,47.0,543.161,29.0,345.66,1.0,0.0,3.0,1.0,11.557,11.919,6.0,5.0,20.0,0.0,4.0,41.0,21.0,51.22,2.0,2.0,100.0,,,,,,,,,,633295.0,477.0,6.0,10.0,10.0,6.25,0.0,1.559,1.553,3.0,3.0,Ángel,Pérez,2002-08-29,24.07,173.0,7.0,Defender,Full Back,350ehsdbvwysbfxgeian91rf8,4dtdjgnpdq9uw4sdutti0vaar,Deportivo Alavés,Alavés,Alavés,ALA,633295.0,477.0,6.0,112.0,83.0,74.11,46.0,30.0,65.22,25.0,9.0,36.0,1.0,1.0,100.0,Ángel,Pérez,2002-08-29,24.07,173.0,7.0,Defender,Full Back,350ehsdbvwysbfxgeian91rf8,4dtdjgnpdq9uw4sdutti0vaar,Deportivo Alavés,Alavés,Alavés,ALA,633295,350ehsdbvwysbfxgeian91rf8,173,4dtdjgnpdq9uw4sdutti0vaar
Ángel Recio,539602.0,6.0,540.0,0.0,0.08,-0.08,3.0,1.0,0.0,0.03,Ángel,Recio,2003-01-05,23.72,182.0,15.0,Defender,Central Defender,8e3hmqk4yhxk68l0bykoyk1ec,7012hpp3p5vg4fzyn3h0yvf09,Málaga CF,Málaga,Málaga,MAL,77.0,740.622,41.0,322.875,1.0,0.0,1.0,0.0,9.618,7.875,7.0,6.0,22.0,3.0,20.0,16.0,8.0,50.0,14.0,4.0,28.571,,,,,,,,,,539602.0,540.0,6.0,1.0,1.0,0.28,0.0,0.057,0.057,0.0,0.0,Ángel,Recio,2003-01-05,23.72,182.0,15.0,Defender,Central Defender,8e3hmqk4yhxk68l0bykoyk1ec,7012hpp3p5vg4fzyn3h0yvf09,Málaga CF,Málaga,Málaga,MAL,539602.0,540.0,6.0,360.0,333.0,92.5,34.0,27.0,79.41,0.0,0.0,0.0,0.0,0.0,0.0,Ángel,Recio,2003-01-05,23.72,182.0,15.0,Defender,Central Defender,8e3hmqk4yhxk68l0bykoyk1ec,7012hpp3p5vg4fzyn3h0yvf09,Málaga CF,Málaga,Málaga,MAL,539602,8e3hmqk4yhxk68l0bykoyk1ec,182,7012hpp3p5vg4fzyn3h0yvf09
Íñigo Ruiz de Galarreta,96736.0,4.0,197.0,0.0,0.07,-0.07,2.0,0.0,0.0,0.03,Íñigo,Ruiz de Galarreta,1993-08-06,33.14,174.0,16.0,Midfielder,Central Midfielder,7ubtan6a51o79w469zawrqqqd,3czravw89omgc9o4s0w3l1bg5,Athletic Club,Athletic Club,Athletic,ATH,23.0,230.06,7.0,116.445,0.0,0.0,0.0,0.0,10.003,16.635,1.0,3.0,10.0,0.0,1.0,18.0,5.0,27.778,4.0,2.0,50.0,,,,,,,,,,96736.0,197.0,4.0,4.0,4.0,2.31,0.0,0.779,0.776,1.0,1.0,Íñigo,Ruiz de Galarreta,1993-08-06,33.14,174.0,16.0,Midfielder,Central Midfielder,7ubtan6a51o79w469zawrqqqd,3czravw89omgc9o4s0w3l1bg5,Athletic Club,Athletic Club,Athletic,ATH,96736.0,197.0,4.0,134.0,115.0,85.82,37.0,25.0,67.57,2.0,1.0,50.0,2.0,1.0,50.0,Íñigo,Ruiz de Galarreta,1993-08-06,33.14,174.0,16.0,Midfielder,Central Midfielder,7ubtan6a51o79w469zawrqqqd,3czravw89omgc9o4s0w3l1bg5,Athletic Club,Athletic Club,Athletic,ATH,96736,7ubtan6a51o79w469zawrqqqd,174,3czravw89omgc9o4s0w3l1bg5
Íñigo Sainz-Maza,464168.0,1.0,78.0,0.0,0.0,0.0,0.0,0.0,0.0,0.0,Íñigo,Sainz-Maza,1998-06-16,28.28,189.0,6.0,Midfielder,Central Midfielder,7465bqa5kdktlubfyj0smny3u,bzkwzatvwahmbzok1ymm5vqa1,Real Racing Club,Racing de Santander,Santander,RAC,7.0,92.496,4.0,41.055,0.0,0.0,0.0,0.0,13.214,10.264,2.0,0.0,4.0,0.0,1.0,6.0,4.0,66.667,2.0,0.0,0.0,,,,,,,,,,464168.0,78.0,1.0,1.0,1.0,3.85,0.0,0.045,0.045,0.0,0.0,Íñigo,Sainz-Maza,1998-06-16,28.28,189.0,6.0,Midfielder,Central Midfielder,7465bqa5kdktlubfyj0smny3u,bzkwzatvwahmbzok1ymm5vqa1,Real Racing Club,Racing de Santander,Santander,RAC,464168.0,78.0,1.0,26.0,21.0,80.77,0.0,0.0,0.0,1.0,1.0,100.0,0.0,0.0,0.0,Íñigo,Sainz-Maza,1998-06-16,28.28,189.0,6.0,Midfielder,Central Midfielder,7465bqa5kdktlubfyj0smny3u,bzkwzatvwahmbzok1ymm5vqa1,Real Racing Club,Racing de Santander,Santander,RAC,464168,7465bqa5kdktlubfyj0smny3u,189,bzkwzatvwahmbzok1ymm5vqa1
Óscar López,679262.0,2.0,10.0,0.0,0.0,0.0,0.0,0.0,0.0,0.0,Óscar,López,2006-08-13,20.11,1450.0,30.0,Midfielder,0,dww6nts619ckku6xaasurhb84,1n1j0wsl763lq7ee1k0c11c02,Getafe CF,Getafe,Getafe,GET,1.0,8.602,1.0,6.825,0.0,0.0,0.0,0.0,8.602,6.825,0.0,0.0,3.0,0.0,0.0,0.0,0.0,0.0,1.0,1.0,100.0,,,,,,,,,,679262.0,10.0,2.0,0.0,0.0,0.0,0.0,0.001,0.001,0.0,0.0,Óscar,López,2006-08-13,20.11,1450.0,30.0,Midfielder,0,dww6nts619ckku6xaasurhb84,1n1j0wsl763lq7ee1k0c11c02,Getafe CF,Getafe,Getafe,GET,679262.0,10.0,2.0,6.0,4.0,66.67,1.0,0.0,0.0,0.0,0.0,0.0,0.0,0.0,0.0,Óscar,López,2006-08-13,20.11,1450.0,30.0,Midfielder,0,dww6nts619ckku6xaasurhb84,1n1j0wsl763lq7ee1k0c11c02,Getafe CF,Getafe,Getafe,GET,679262,dww6nts619ckku6xaasurhb84,1450,1n1j0wsl763lq7ee1k0c11c02
Óscar Valentín,433161.0,6.0,312.0,0.0,0.0,0.0,0.0,0.0,0.0,0.0,Óscar,Valentín,1994-08-20,32.1,184.0,23.0,Midfielder,Defensive Midfielder,8onruhr4es313aq52xsl7nxlh,3budh3j9xivsid3ptm8ptpy4k,Rayo Vallecano de Madrid,Rayo Vallecano,Rayo,RAY,25.0,250.351,13.0,89.67,0.0,0.0,1.0,0.0,10.014,6.898,10.0,6.0,13.0,4.0,13.0,28.0,15.0,53.571,8.0,6.0,75.0,,,,,,,,,,433161.0,312.0,6.0,1.0,1.0,0.79,0.0,0.047,0.047,0.0,0.0,Óscar,Valentín,1994-08-20,32.1,184.0,23.0,Midfielder,Defensive Midfielder,8onruhr4es313aq52xsl7nxlh,3budh3j9xivsid3ptm8ptpy4k,Rayo Vallecano de Madrid,Rayo Vallecano,Rayo,RAY,433161.0,312.0,6.0,130.0,112.0,86.15,24.0,17.0,70.83,2.0,0.0,0.0,0.0,0.0,0.0,Óscar,Valentín,1994-08-20,32.1,184.0,23.0,Midfielder,Defensive Midfielder,8onruhr4es313aq52xsl7nxlh,3budh3j9xivsid3ptm8ptpy4k,Rayo Vallecano de Madrid,Rayo Vallecano,Rayo,RAY,433161,8onruhr4es313aq52xsl7nxlh,184,3budh3j9xivsid3ptm8ptpy4k
