match_id,match_date,match_round,league_name,home_team,home_team_id,away_team,away_team_id,id,eventType,teamId,playerId,playerName,x,y,min,minAdded,isBlocked,isOnTarget,blockedX,blockedY,goalCrossedY,goalCrossedZ,expectedGoals,expectedGoalsOnTarget,shotType,situation,period,isOwnGoal,onGoalShot,isSavedOffLine,isFromInsideBox,keeperId,firstName,lastName,fullName,teamColor,shortName
5749640,2026-08-24T18:45:00.000Z,1,Serie A,Roma,8686,Fiorentina,8535,2959516475,AttemptSaved,8686,325916,Paulo Dybala,82.7101941752,23.9992356735,4,,False,True,103.2931034484,33.31375,31.7125,0.160526315,0.03503740578889847,0.09439237415790558,LeftFoot,FastBreak,FirstHalf,False,"{'x': 1.6051587301587305, 'y': 0.042467279100529096, 'zoomRatio': 1}",False,False,182917.0,Paulo,Dybala,Paulo Dybala,#96092B,
5749640,2026-08-24T18:45:00.000Z,1,Serie A,Roma,8686,Fiorentina,8535,2959517791,Miss,8686,325916,Paulo Dybala,88.6,24.699872616500002,6,,False,False,,,37.744,4.7063448344,0.048507820814847946,0.0,LeftFoot,RegularPlay,FirstHalf,False,"{'x': 0.4612339008638947, 'y': 0.6772486772486772, 'zoomRatio': 0.5439465423970294}",False,True,,Paulo,Dybala,Paulo Dybala,#96092B,
5749640,2026-08-24T18:45:00.000Z,1,Serie A,Roma,8686,Fiorentina,8535,2959521659,AttemptSaved,8535,950596,Marco Brescianini,78.8810679624,48.8351592332,12,,False,True,103.9568965518,35.3725,34.533750000000005,0.28252631440000003,0.01411525160074234,0.011552348732948303,LeftFoot,RegularPlay,FirstHalf,False,"{'x': 0.8587962962962951, 'y': 0.07474241121693122, 'zoomRatio': 1}",False,False,768474.0,Marco,Brescianini,Marco Brescianini,#5F259F,
5749640,2026-08-24T18:45:00.000Z,1,Serie A,Roma,8686,Fiorentina,8535,2959522869,Miss,8686,325916,Paulo Dybala,93.3,24.2794904507,14,,False,False,,,30.492499999999996,6.3921379432,0.07037040591239929,0.0,LeftFoot,RegularPlay,FirstHalf,False,"{'x': 1.3716205370656558, 'y': 0.6772486772486772, 'zoomRatio': 0.40049198292464033}",False,True,,Paulo,Dybala,Paulo Dybala,#96092B,
5749640,2026-08-24T18:45:00.000Z,1,Serie A,Roma,8686,Fiorentina,8535,2959527325,AttemptSaved,8686,1525065,Rodrigo Mora,94.1929824545,47.0835668757,19,,False,True,103.2931034484,35.83,32.17,1.4639999928,0.03773796185851097,0.11419954895973206,RightFoot,RegularPlay,FirstHalf,False,"{'x': 1.4841269841269837, 'y': 0.38730158539682535, 'zoomRatio': 1}",False,True,182917.0,Rodrigo,Mora,Rodrigo Mora,#96092B,
5749640,2026-08-24T18:45:00.000Z,1,Serie A,Roma,8686,Fiorentina,8535,2959528099,Miss,8686,787242,Evan N'Dicka,98.7280701752,31.7125,20,,False,False,101.4913793106,37.431250000000006,49.1854777047,0.802631575,0.40696150064468384,0.0,Header,ThrowInSetPiece,FirstHalf,False,"{'x': 0, 'y': 0.05285520749548634, 'zoomRatio': 0.24892203416360534}",False,True,,Evan,N'Dicka,Evan N'Dicka,#96092B,
5749640,2026-08-24T18:45:00.000Z,1,Serie A,Roma,8686,Fiorentina,8535,2959532929,Miss,8686,1800491,Emanuele Lulli,98.4385964909,31.026249999999997,25,,False,False,,,32.39875,5.1842758704000005,0.12121141701936722,0.0,Header,RegularPlay,FirstHalf,False,"{'x': 1.2091795405094392, 'y': 0.6772486772486772, 'zoomRatio': 0.4938008825140857}",False,True,,Emanuele,Lulli,Emanuele Lulli,#96092B,
5749640,2026-08-24T18:45:00.000Z,1,Serie A,Roma,8686,Fiorentina,8535,2959534787,Goal,8686,660301,Donyell Malen,98.3421052628,35.0675,27,,False,True,,,33.2375,0.2439999988,0.3867528438568115,0.2458566427230835,LeftFoot,RegularPlay,FirstHalf,False,"{'x': 1.2017195767195774, 'y': 0.06455026423280423, 'zoomRatio': 1}",False,True,182917.0,Donyell,Malen,Donyell Malen,#96092B,
5749640,2026-08-24T18:45:00.000Z,1,Serie A,Roma,8686,Fiorentina,8535,2959538267,AttemptSaved,8686,325916,Paulo Dybala,76.40339806,33.084999999999994,31,,True,True,85.9235294112,33.466249999999995,34.305,1.2199999940000001,0.03881584480404854,0.0,LeftFoot,FreeKick,FirstHalf,False,"{'x': 0.9193121693121694, 'y': 0.32275132116402117, 'zoomRatio': 1}",False,False,,Paulo,Dybala,Paulo Dybala,#96092B,
5749640,2026-08-24T18:45:00.000Z,1,Serie A,Roma,8686,Fiorentina,8535,2959539307,AttemptSaved,8686,660301,Donyell Malen,91.4,40.721666666999994,32,,True,True,94.675438595,39.292857143999996,35.448750000000004,1.2199999940000001,0.07960372418165207,0.0,RightFoot,RegularPlay,FirstHalf,False,"{'x': 0.6167328042328032, 'y': 0.32275132116402117, 'zoomRatio': 1}",False,True,,Donyell,Malen,Donyell Malen,#96092B,
5749640,2026-08-24T18:45:00.000Z,1,Serie A,Roma,8686,Fiorentina,8535,2959545783,AttemptSaved,8535,1246009,Cher Ndour,82.8228155344,20.9864968186,40,,False,True,101.8706896554,31.636249999999997,37.355000000000004,0.0385263156,0.03312728926539421,0.20280775427818298,RightFoot,RegularPlay,FirstHalf,False,"{'x': 0.11243386243386144, 'y': 0.010192146984126984, 'zoomRatio': 1}",False,False,768474.0,Cher,Ndour,Cher Ndour,#5F259F,
5749640,2026-08-24T18:45:00.000Z,1,Serie A,Roma,8686,Fiorentina,8535,2959546709,AttemptSaved,8686,1525065,Rodrigo Mora,83.2733009712,46.8033120985,41,,False,True,103.2931034484,34.38125,32.70374999999999,0.20547368320000003,0.014072058722376823,0.020702922716736794,RightFoot,RegularPlay,FirstHalf,False,"{'x': 1.3429232804232825, 'y': 0.05435811724867726, 'zoomRatio': 1}",False,False,182917.0,Rodrigo,Mora,Rodrigo Mora,#96092B,
5749640,2026-08-24T18:45:00.000Z,1,Serie A,Roma,8686,Fiorentina,8535,2959567015,Miss,8535,1607566,Franco Mastantuono,75.840291264,23.5788535077,50,,False,False,,,30.72125,5.7925517344,0.03251766785979271,0.0,LeftFoot,FreeKick,SecondHalf,False,"{'x': 1.3833421266386163, 'y': 0.6772486772486772, 'zoomRatio': 0.4419468512981988}",False,False,,Franco,Mastantuono,Franco Mastantuono,#5F259F,
5749640,2026-08-24T18:45:00.000Z,1,Serie A,Roma,8686,Fiorentina,8535,2959568607,Goal,8686,660301,Donyell Malen,100.06896551759999,44.841528658099996,52,,False,True,,,36.2875,1.990526306,0.05776962637901306,0.4224182367324829,LeftFoot,RegularPlay,SecondHalf,False,"{'x': 0.39484126984126955, 'y': 0.5265942608465608, 'zoomRatio': 1}",False,True,182917.0,Donyell,Malen,Donyell Malen,#96092B,
5749640,2026-08-24T18:45:00.000Z,1,Serie A,Roma,8686,Fiorentina,8535,2959569643,Miss,8535,1246009,Cher Ndour,94.38596491070001,31.4075,54,,False,False,103.9568965518,29.967857141,29.799761903000004,0.802631575,0.03576686978340149,0.0,Header,ThrowInSetPiece,SecondHalf,False,"{'x': 2, 'y': 0.1910919229967645, 'zoomRatio': 0.8999489821064788}",False,True,768474.0,Cher,Ndour,Cher Ndour,#5F259F,
5749640,2026-08-24T18:45:00.000Z,1,Serie A,Roma,8686,Fiorentina,8535,2959571663,Miss,8686,660301,Donyell Malen,84.06165048560001,27.110238095,58,,False,False,,,41.7146875,0.3595789456,0.06811240315437317,0.0,RightFoot,RegularPlay,SecondHalf,False,"{'x': 0, 'y': 0.04660965795438897, 'zoomRatio': 0.4899744804958078}",False,False,,Donyell,Malen,Donyell Malen,#96092B,
5749640,2026-08-24T18:45:00.000Z,1,Serie A,Roma,8686,Fiorentina,8535,2959572773,Goal,8686,660301,Donyell Malen,102.4396551726,31.254999999999995,60,,False,True,,,32.0175,0.8925263114,0.8920701146125793,0.9873906373977661,RightFoot,RegularPlay,SecondHalf,False,"{'x': 1.5244708994709, 'y': 0.2361180717989418, 'zoomRatio': 1}",False,True,182917.0,Donyell,Malen,Donyell Malen,#96092B,
5749640,2026-08-24T18:45:00.000Z,1,Serie A,Roma,8686,Fiorentina,8535,2959577453,Miss,8535,1666494,Christ Inao Oulaï,80.345145632,23.438726119099996,67,,False,False,,,27.698571428000005,1.0723157842,0.015975598245859146,0.0,RightFoot,FromCorner,SecondHalf,False,"{'x': 2, 'y': 0.17017026725729606, 'zoomRatio': 0.5998639763681837}",False,False,,Christ Inao,Oulaï,Christ Inao Oulaï,#5F259F,
5749640,2026-08-24T18:45:00.000Z,1,Serie A,Roma,8686,Fiorentina,8535,2959579981,AttemptSaved,8535,747926,Moise Kean,90.7,25.186875,71,,False,True,102.4396551726,31.636249999999997,34.61,0.2439999988,0.13957899808883667,0.12544667720794678,RightFoot,FastBreak,SecondHalf,False,"{'x': 0.8386243386243388, 'y': 0.06455026423280423, 'zoomRatio': 1}",False,True,768474.0,Moise,Kean,Moise Kean,#5F259F,
5749640,2026-08-24T18:45:00.000Z,1,Serie A,Roma,8686,Fiorentina,8535,2959580509,Miss,8535,750734,Dodô,75.6150485456,25.649375000000003,72,,False,False,,,19.304968155399997,6.027172424800001,0.005302860401570797,0.0,RightFoot,FromCorner,SecondHalf,False,"{'x': 2, 'y': 0.4101503479908968, 'zoomRatio': 0.2572297930330134}",False,False,,,Dodô,Dodô,#5F259F,
5749640,2026-08-24T18:45:00.000Z,1,Serie A,Roma,8686,Fiorentina,8535,2959580973,AttemptSaved,8535,747926,Moise Kean,87.53382352919999,48.134522290199996,73,,False,True,102.4396551726,35.90625,34.61,0.5714736814000001,0.0348798930644989,0.0238333772867918,RightFoot,FastBreak,SecondHalf,False,"{'x': 0.8386243386243388, 'y': 0.15118351359788362, 'zoomRatio': 1}",False,False,768474.0,Moise,Kean,Moise Kean,#5F259F,
5749640,2026-08-24T18:45:00.000Z,1,Serie A,Roma,8686,Fiorentina,8535,2959586655,Miss,8535,1203661,Radu Dragusin,95.4473684198,25.071250000000003,81,,False,False,98.92105263139999,31.254999999999995,41.772499999999994,0.8925263114,0.0377790629863739,0.0,Header,SetPiece,SecondHalf,False,"{'x': 0, 'y': 0.11483130413637836, 'zoomRatio': 0.48633000964940537}",False,True,,Radu,Dragusin,Radu Dragusin,#5F259F,
5749640,2026-08-24T18:45:00.000Z,1,Serie A,Roma,8686,Fiorentina,8535,2959588245,Miss,8686,1282008,Santiago Castro,91.1,37.50750000000001,84,,False,False,,,39.040714287,1.9648420956000001,0.15488295257091522,0.0,LeftFoot,RegularPlay,SecondHalf,False,"{'x': 0, 'y': 0.38979437907586373, 'zoomRatio': 0.7498937223537185}",False,True,,Santiago,Castro,Santiago Castro,#96092B,
5749640,2026-08-24T18:45:00.000Z,1,Serie A,Roma,8686,Fiorentina,8535,2959588759,AttemptSaved,8686,1280082,Matias Soulé,99.784482759,25.7071875,85,,False,True,103.103448276,30.22,34.22875,0.3274736826,0.1860889196395874,0.279069721698761,LeftFoot,RegularPlay,SecondHalf,False,"{'x': 0.9394841269841275, 'y': 0.08663324936507935, 'zoomRatio': 1}",False,True,182917.0,Matias,Soulé,Matias Soulé,#96092B,
5749640,2026-08-24T18:45:00.000Z,1,Serie A,Roma,8686,Fiorentina,8535,2959589411,Goal,8686,1451196,Niccolò Pisilli,100.44827586240001,33.084999999999994,86,,False,True,,,36.51625,0.2439999988,0.3167087733745575,0.8354181051254272,RightFoot,RegularPlay,SecondHalf,False,"{'x': 0.33432539682539697, 'y': 0.06455026423280423, 'zoomRatio': 1}",False,True,182917.0,Niccolò,Pisilli,Niccolò Pisilli,#96092B,
5749640,2026-08-24T18:45:00.000Z,1,Serie A,Roma,8686,Fiorentina,8535,2959592317,AttemptSaved,8686,1280082,Matias Soulé,94.675438595,22.878216564699997,90,2.0,True,True,99.01754385950001,28.875238094000004,37.58375000000001,1.2199999940000001,0.1507890820503235,0.0,LeftFoot,RegularPlay,SecondHalf,False,"{'x': 0.05191798941798709, 'y': 0.32275132116402117, 'zoomRatio': 1}",False,True,,Matias,Soulé,Matias Soulé,#96092B,
5749641,2026-08-23T18:45:00.000Z,1,Serie A,Atalanta,8524,Sassuolo,7943,2959078251,Goal,8524,951743,Giacomo Raspadori,94.675438595,44.2810191037,6,,False,True,,,33.92375,1.1814736784,0.09114818274974823,0.06685353070497513,LeftFoot,RegularPlay,FirstHalf,False,"{'x': 1.0201719576719581, 'y': 0.31255917417989415, 'zoomRatio': 1}",False,True,760752.0,Giacomo,Raspadori,Giacomo Raspadori,#004ca6,
5749641,2026-08-23T18:45:00.000Z,1,Serie A,Atalanta,8524,Sassuolo,7943,2959081975,Miss,7943,982617,Kieron Bowie,96.3157894727,38.032142859000004,10,,False,False,,,37.50750000000001,4.341379316,0.06727095693349838,0.0,LeftFoot,RegularPlay,FirstHalf,False,"{'x': 0.4528352483057392, 'y': 0.6772486772486772, 'zoomRatio': 0.5896743439499079}",False,True,,Kieron,Bowie,Kieron Bowie,#009A44,
5749641,2026-08-23T18:45:00.000Z,1,Serie A,Atalanta,8524,Sassuolo,7943,2959082613,AttemptSaved,8524,1053714,Nicola Zalewski,92.3,24.2794904507,10,,False,True,98.6315789471,29.211428570000002,31.7125,0.28252631440000003,0.2582261264324188,0.4471869468688965,RightFoot,RegularPlay,FirstHalf,False,"{'x': 1.6051587301587305, 'y': 0.07474241121693122, 'zoomRatio': 1}",False,True,760752.0,Nicola,Zalewski,Nicola Zalewski,#004ca6,
5749641,2026-08-23T18:45:00.000Z,1,Serie A,Atalanta,8524,Sassuolo,7943,2959089753,AttemptSaved,8524,951743,Giacomo Raspadori,91.7,44.35108279800001,18,,True,True,94.4824561388,42.639687499999994,35.60125,1.2199999940000001,0.07545018196105957,0.0,LeftFoot,FastBreak,FirstHalf,False,"{'x': 0.5763888888888888, 'y': 0.32275132116402117, 'zoomRatio': 1}",False,True,,Giacomo,Raspadori,Giacomo Raspadori,#004ca6,
5749641,2026-08-23T18:45:00.000Z,1,Serie A,Atalanta,8524,Sassuolo,7943,2959090815,AttemptSaved,8524,957203,Éderson,78.4305825256,49.1854777047,19,,False,True,103.2931034484,35.525000000000006,36.135000000000005,0.3659999982,0.013388426974415779,0.0814664289355278,RightFoot,RegularPlay,FirstHalf,False,"{'x': 0.4351851851851839, 'y': 0.09682539634920634, 'zoomRatio': 1}",False,False,760752.0,,Éderson,Éderson,#004ca6,
5749641,2026-08-23T18:45:00.000Z,1,Serie A,Atalanta,8524,Sassuolo,7943,2959098625,Miss,7943,1641041,Darryl Bakola,86.889705882,30.797499999999996,25,,False,False,,,28.707142856,1.4254736772,0.07327617704868317,0.0,LeftFoot,RegularPlay,FirstHalf,False,"{'x': 2, 'y': 0.2693202628406328, 'zoomRatio': 0.7141700403316238}",False,False,,Darryl,Bakola,Darryl Bakola,#009A44,
5749641,2026-08-23T18:45:00.000Z,1,Serie A,Atalanta,8524,Sassuolo,7943,2959099627,Post,8524,244811,Davide Zappacosta,94.38596491070001,19.725350321199997,25,,False,False,,,31.78875,2.554,0.037377726286649704,0.0,RightFoot,RegularPlay,FirstHalf,False,"{'x': 1.5849867724867723, 'y': 0.6756613756613755, 'zoomRatio': 1}",False,True,,Davide,Zappacosta,Davide Zappacosta,#004ca6,
5749641,2026-08-23T18:45:00.000Z,1,Serie A,Atalanta,8524,Sassuolo,7943,2959102219,AttemptSaved,7943,1382375,Vasilije Adzic,82.1470873792,22.738089176099997,27,,True,True,95.2543859636,29.463571426999998,34.7625,1.2199999940000001,0.02346319891512394,0.0,RightFoot,SetPiece,FirstHalf,False,"{'x': 0.7982804232804226, 'y': 0.32275132116402117, 'zoomRatio': 1}",False,False,,Vasilije,Adzic,Vasilije Adzic,#009A44,
5749641,2026-08-23T18:45:00.000Z,1,Serie A,Atalanta,8524,Sassuolo,7943,2959102343,AttemptSaved,7943,1130330,Josh Doig,78.092718448,42.2928125,27,,True,True,92.4,37.696,32.9325,1.2199999940000001,0.020164718851447105,0.0,LeftFoot,SetPiece,FirstHalf,False,"{'x': 1.282407407407408, 'y': 0.32275132116402117, 'zoomRatio': 1}",False,False,,Josh,Doig,Josh Doig,#009A44,
5749641,2026-08-23T18:45:00.000Z,1,Serie A,Atalanta,8524,Sassuolo,7943,2959104455,AttemptSaved,7943,935769,Armand Laurienté,89.3,49.8861146477,29,,True,True,90.5,48.695031844599995,34.07625,1.2199999940000001,0.01615569181740284,0.0,RightFoot,RegularPlay,FirstHalf,False,"{'x': 0.9798280423280419, 'y': 0.32275132116402117, 'zoomRatio': 1}",False,True,,Armand,Laurienté,Armand Laurienté,#009A44,
5749641,2026-08-23T18:45:00.000Z,1,Serie A,Atalanta,8524,Sassuolo,7943,2959105681,AttemptSaved,7943,935769,Armand Laurienté,82.7101941752,46.873375792800005,30,,False,True,103.4827586208,34.99125,32.0175,1.5025263084,0.02067273110151291,0.09337252378463745,RightFoot,RegularPlay,FirstHalf,False,"{'x': 1.5244708994709, 'y': 0.39749373238095237, 'zoomRatio': 1}",False,False,1013021.0,Armand,Laurienté,Armand Laurienté,#009A44,
5749641,2026-08-23T18:45:00.000Z,1,Serie A,Atalanta,8524,Sassuolo,7943,2959107135,AttemptSaved,7943,1382375,Vasilije Adzic,95.15789473550001,31.331249999999997,31,,False,True,98.6315789471,31.941249999999997,34.22875,1.0979999946,0.6167835593223572,0.2894213795661926,RightFoot,RegularPlay,FirstHalf,False,"{'x': 0.9394841269841275, 'y': 0.29047618904761907, 'zoomRatio': 1}",False,True,1013021.0,Vasilije,Adzic,Vasilije Adzic,#009A44,
5749641,2026-08-23T18:45:00.000Z,1,Serie A,Atalanta,8524,Sassuolo,7943,2959108127,Miss,7943,982617,Kieron Bowie,101.9655172416,36.66875,32,,False,False,,,37.696,5.1842758704000005,0.5483758449554443,0.0,Header,FromCorner,FirstHalf,False,"{'x': 0.517172470430672, 'y': 0.6772486772486772, 'zoomRatio': 0.4938008825140857}",False,True,,Kieron,Bowie,Kieron Bowie,#009A44,
5749641,2026-08-23T18:45:00.000Z,1,Serie A,Atalanta,8524,Sassuolo,7943,2959113061,AttemptSaved,7943,1382375,Vasilije Adzic,91.4,30.22,35,,True,True,93.1,30.244,30.873749999999998,1.2199999940000001,0.061881378293037415,0.0,RightFoot,RegularPlay,FirstHalf,False,"{'x': 1.8270502645502642, 'y': 0.32275132116402117, 'zoomRatio': 1}",False,True,,Vasilije,Adzic,Vasilije Adzic,#009A44,
5749641,2026-08-23T18:45:00.000Z,1,Serie A,Atalanta,8524,Sassuolo,7943,2959117761,AttemptSaved,7943,1382375,Vasilije Adzic,96.605263157,24.955625,40,,False,True,104.3362068966,30.873749999999998,31.026249999999997,0.4879999976,0.083136647939682,0.16225895285606384,RightFoot,RegularPlay,FirstHalf,False,"{'x': 1.7867063492063497, 'y': 0.12910052846560846, 'zoomRatio': 1}",False,True,1013021.0,Vasilije,Adzic,Vasilije Adzic,#009A44,
5749641,2026-08-23T18:45:00.000Z,1,Serie A,Atalanta,8524,Sassuolo,7943,2959120257,Miss,7943,935769,Armand Laurienté,76.0655339824,49.3256050933,42,,False,False,,,28.539047618000005,4.7063448344,0.035221491008996964,0.0,RightFoot,FreeKick,FirstHalf,False,"{'x': 1.7858376101544229, 'y': 0.6772486772486772, 'zoomRatio': 0.5439465423970294}",False,False,,Armand,Laurienté,Armand Laurienté,#009A44,
5749641,2026-08-23T18:45:00.000Z,1,Serie A,Atalanta,8524,Sassuolo,7943,2959121317,AttemptSaved,7943,1308909,Cristian Volpato,100.9224137934,23.0183439533,43,,False,True,104.051724138,30.328,31.636249999999997,0.8539999958000001,0.052160538733005524,0.112825907766819,RightFoot,RegularPlay,FirstHalf,False,"{'x': 1.6253306878306886, 'y': 0.22592592481481483, 'zoomRatio': 1}",False,True,1013021.0,Cristian,Volpato,Cristian Volpato,#009A44,
5749641,2026-08-23T18:45:00.000Z,1,Serie A,Atalanta,8524,Sassuolo,7943,2959123421,AttemptSaved,8524,1012842,Gianluca Gaetano,77.1917475744,46.873375792800005,45,0.0,False,True,102.25000000019999,35.3725,34.0,1.2585263096000001,0.013515837490558624,0.009147044271230698,RightFoot,RegularPlay,FirstHalf,False,"{'x': 1, 'y': 0.3329434681481482, 'zoomRatio': 1}",False,False,760752.0,Gianluca,Gaetano,Gianluca Gaetano,#004ca6,
5749641,2026-08-23T18:45:00.000Z,1,Serie A,Atalanta,8524,Sassuolo,7943,2959147961,Miss,7943,935769,Armand Laurienté,92.8,41.5990625,50,,False,False,,,25.1290625,5.0626206976,0.15102188289165497,0.0,RightFoot,RegularPlay,SecondHalf,False,"{'x': 2, 'y': 0.5706973696523059, 'zoomRatio': 0.4261105435586714}",False,True,,Armand,Laurienté,Armand Laurienté,#009A44,
5749641,2026-08-23T18:45:00.000Z,1,Serie A,Atalanta,8524,Sassuolo,7943,2959148519,AttemptSaved,8524,957203,Éderson,78.2053398072,41.9459375,50,,False,True,103.577586207,33.695,31.026249999999997,0.160526315,0.027718380093574524,0.1539667248725891,RightFoot,RegularPlay,SecondHalf,False,"{'x': 1.7867063492063497, 'y': 0.042467279100529096, 'zoomRatio': 1}",False,False,760752.0,,Éderson,Éderson,#004ca6,
5749641,2026-08-23T18:45:00.000Z,1,Serie A,Atalanta,8524,Sassuolo,7943,2959150199,AttemptSaved,8524,951743,Giacomo Raspadori,97.0877192975,44.841528658099996,52,,True,True,98.7280701752,42.7553125,34.4575,1.2199999940000001,0.0888507217168808,0.0,LeftFoot,RegularPlay,SecondHalf,False,"{'x': 0.8789682539682532, 'y': 0.32275132116402117, 'zoomRatio': 1}",False,True,,Giacomo,Raspadori,Giacomo Raspadori,#004ca6,
5749641,2026-08-23T18:45:00.000Z,1,Serie A,Atalanta,8524,Sassuolo,7943,2959152323,Goal,7943,1079501,Cas Odenthal,101.4913793106,34.7625,55,,False,True,,,31.254999999999995,1.1814736784,0.6431993246078491,0.9859776496887207,Header,ThrowInSetPiece,SecondHalf,False,"{'x': 1.7261904761904774, 'y': 0.31255917417989415, 'zoomRatio': 1}",False,True,1013021.0,Cas,Odenthal,Cas Odenthal,#009A44,
5749641,2026-08-23T18:45:00.000Z,1,Serie A,Atalanta,8524,Sassuolo,7943,2959156173,Miss,7943,935769,Armand Laurienté,93.6,36.440000000000005,60,,False,False,,,31.026249999999997,4.7063448344,0.10227861255407333,0.0,RightFoot,RegularPlay,SecondHalf,False,"{'x': 1.427926198532584, 'y': 0.6772486772486772, 'zoomRatio': 0.5439465423970294}",False,True,,Armand,Laurienté,Armand Laurienté,#009A44,
5749641,2026-08-23T18:45:00.000Z,1,Serie A,Atalanta,8524,Sassuolo,7943,2959158645,Miss,7943,115067,Nemanja Matic,80.0072815544,34.07625,64,,False,False,,,35.448750000000004,4.5846896616,0.016018547117710114,0.0,LeftFoot,RegularPlay,SecondHalf,False,"{'x': 0.7859911807374962, 'y': 0.6772486772486772, 'zoomRatio': 0.5583802152284811}",False,False,,Nemanja,Matic,Nemanja Matic,#009A44,
5749641,2026-08-23T18:45:00.000Z,1,Serie A,Atalanta,8524,Sassuolo,7943,2959160123,AttemptSaved,7943,1308909,Cristian Volpato,90.5,42.1771875,65,,False,True,103.19827586219999,35.220000000000006,34.07625,0.3274736826,0.03706975653767586,0.021335419267416,RightFoot,RegularPlay,SecondHalf,False,"{'x': 0.9798280423280419, 'y': 0.08663324936507935, 'zoomRatio': 1}",False,True,1013021.0,Cristian,Volpato,Cristian Volpato,#009A44,
5749641,2026-08-23T18:45:00.000Z,1,Serie A,Atalanta,8524,Sassuolo,7943,2959160527,Goal,8524,833638,Nikola Krstovic,91.0,29.883809522,65,,False,True,,,32.551249999999996,1.0979999946,0.08843642473220825,0.3507232367992401,RightFoot,RegularPlay,SecondHalf,False,"{'x': 1.3832671957671967, 'y': 0.29047618904761907, 'zoomRatio': 1}",False,True,760752.0,Nikola,Krstovic,Nikola Krstovic,#004ca6,
5749641,2026-08-23T18:45:00.000Z,1,Serie A,Atalanta,8524,Sassuolo,7943,2959165109,AttemptSaved,7943,921921,Kristian Thorstvedt,83.2733009712,26.942142857,69,,False,True,102.72413793119999,33.466249999999995,35.83,0.3659999982,0.03641197457909584,0.06634967774152756,LeftFoot,RegularPlay,SecondHalf,False,"{'x': 0.5158730158730164, 'y': 0.09682539634920634, 'zoomRatio': 1}",False,False,1013021.0,Kristian,Thorstvedt,Kristian Thorstvedt,#009A44,
5749641,2026-08-23T18:45:00.000Z,1,Serie A,Atalanta,8524,Sassuolo,7943,2959165593,Miss,8524,1050178,Lazar Samardzic,82.8228155344,25.938437500000003,70,,False,False,,,39.629047619999994,0.5329473658000001,0.033064521849155426,0.0,LeftFoot,RegularPlay,SecondHalf,False,"{'x': 0, 'y': 0.09467807021323453, 'zoomRatio': 0.6715167920359508}",False,False,,Lazar,Samardzic,Lazar Samardzic,#004ca6,
5749641,2026-08-23T18:45:00.000Z,1,Serie A,Atalanta,8524,Sassuolo,7943,2959166509,AttemptSaved,7943,921921,Kristian Thorstvedt,85.279411764,30.568749999999998,71,,True,True,87.7485294116,30.873749999999998,32.9325,1.2199999940000001,0.03495624288916588,0.0,RightFoot,RegularPlay,SecondHalf,False,"{'x': 1.282407407407408, 'y': 0.32275132116402117, 'zoomRatio': 1}",False,False,,Kristian,Thorstvedt,Kristian Thorstvedt,#009A44,
5749641,2026-08-23T18:45:00.000Z,1,Serie A,Atalanta,8524,Sassuolo,7943,2959169225,AttemptSaved,7943,935769,Armand Laurienté,81.6966019424,51.287388533699996,73,,False,True,104.051724138,34.533750000000005,35.9825,0.2439999988,0.02002132683992386,0.037805553525686264,RightFoot,FromCorner,SecondHalf,False,"{'x': 0.47552910052910013, 'y': 0.06455026423280423, 'zoomRatio': 1}",False,False,1013021.0,Armand,Laurienté,Armand Laurienté,#009A44,
5749641,2026-08-23T18:45:00.000Z,1,Serie A,Atalanta,8524,Sassuolo,7943,2959176005,Miss,8524,833638,Nikola Krstovic,84.7373786408,19.655286626899997,78,,False,False,,,42.8709375,1.4254736772,0.020194025710225105,0.0,LeftFoot,RegularPlay,SecondHalf,False,"{'x': 0, 'y': 0.16069030778314022, 'zoomRatio': 0.4261105435586714}",False,False,,Nikola,Krstovic,Nikola Krstovic,#004ca6,
5749641,2026-08-23T18:45:00.000Z,1,Serie A,Atalanta,8524,Sassuolo,7943,2959181673,AttemptSaved,8524,833638,Nikola Krstovic,92.0,24.5597452279,82,,False,True,103.19827586219999,31.559999999999995,31.7125,0.3274736826,0.07275795191526413,0.12531164288520813,RightFoot,RegularPlay,SecondHalf,False,"{'x': 1.6051587301587305, 'y': 0.08663324936507935, 'zoomRatio': 1}",False,True,760752.0,Nikola,Krstovic,Nikola Krstovic,#004ca6,
5749641,2026-08-23T18:45:00.000Z,1,Serie A,Atalanta,8524,Sassuolo,7943,2959189653,Miss,7943,1316088,Benja Domínguez,81.6966019424,51.5676433109,90,0.0,False,False,,,27.782619046999997,3.7417931072000004,0.021279262378811836,0.0,RightFoot,RegularPlay,SecondHalf,False,"{'x': 2, 'y': 0.6018278653802797, 'zoomRatio': 0.6079730401876178}",False,False,,Benja,Domínguez,Benja Domínguez,#009A44,
5749641,2026-08-23T18:45:00.000Z,1,Serie A,Atalanta,8524,Sassuolo,7943,2959191251,AttemptSaved,8524,244811,Davide Zappacosta,81.92184466079999,18.1839490466,90,2.0,True,True,91.1,23.859108284899996,33.084999999999994,1.2199999940000001,0.024121278896927834,0.0,RightFoot,RegularPlay,SecondHalf,False,"{'x': 1.2420634920634936, 'y': 0.32275132116402117, 'zoomRatio': 1}",False,False,,Davide,Zappacosta,Davide Zappacosta,#004ca6,
5749641,2026-08-23T18:45:00.000Z,1,Serie A,Atalanta,8524,Sassuolo,7943,2959191961,Miss,8524,1202358,Giorgio Scalvini,101.9655172416,42.061562499999994,90,2.0,False,False,,,34.22875,7.3566896704,0.03989073634147644,0.0,Header,FromCorner,SecondHalf,False,"{'x': 0.9789415291576096, 'y': 0.6772486772486772, 'zoomRatio': 0.34798260014966853}",False,True,,Giorgio,Scalvini,Giorgio Scalvini,#004ca6,
5749641,2026-08-23T18:45:00.000Z,1,Serie A,Atalanta,8524,Sassuolo,7943,2959193849,Miss,7943,1735847,Simone Cinquegrano,94.2894736826,22.177579621699998,90,4.0,False,False,,,29.379523808000002,0.7127368386,0.02366763912141323,0.0,RightFoot,RegularPlay,SecondHalf,False,"{'x': 2, 'y': 0.15425614351915706, 'zoomRatio': 0.8180974953501073}",False,True,,Simone,Cinquegrano,Simone Cinquegrano,#009A44,
5749642,2026-08-24T16:30:00.000Z,1,Serie A,Bologna,9857,Lazio,8543,2959450259,Miss,8543,541555,Mattia Zaccagni,93.5,43.860636937900004,8,,False,False,,,28.539047618000005,0.3595789456,0.07952262461185455,0.0,RightFoot,RegularPlay,FirstHalf,False,"{'x': 2, 'y': 0.06584546438918212, 'zoomRatio': 0.6921869548724447}",False,True,,Mattia,Zaccagni,Mattia Zaccagni,#75acd4,
5749642,2026-08-24T16:30:00.000Z,1,Serie A,Bologna,9857,Lazio,8543,2959451405,AttemptSaved,8543,629594,Alfonso Pedraza,92.3,46.7332484042,13,,True,True,98.24561403470001,40.973809524,33.61875,1.2199999940000001,0.07152313739061356,0.0,RightFoot,RegularPlay,FirstHalf,False,"{'x': 1.1008597883597888, 'y': 0.32275132116402117, 'zoomRatio': 1}",False,True,,Alfonso,Pedraza,Alfonso Pedraza,#75acd4,
5749642,2026-08-24T16:30:00.000Z,1,Serie A,Bologna,9857,Lazio,8543,2959451771,AttemptSaved,8543,1146500,Matteo Cancellieri,86.6749999996,20.145732487,14,,False,True,104.051724138,32.24625,31.78875,0.0385263156,0.010533866472542286,0.036654453724622726,LeftFoot,FromCorner,FirstHalf,False,"{'x': 1.5849867724867723, 'y': 0.010192146984126984, 'zoomRatio': 1}",False,False,178732.0,Matteo,Cancellieri,Matteo Cancellieri,#75acd4,
5749642,2026-08-24T16:30:00.000Z,1,Serie A,Bologna,9857,Lazio,8543,2959452579,Miss,9857,1017401,Roberto Piccoli,95.9298245603,39.376904763,17,,False,False,,,41.057857143,1.2456842044,0.044511836022138596,0.0,LeftFoot,FromCorner,FirstHalf,False,"{'x': 0, 'y': 0.17649609210856199, 'zoomRatio': 0.5355733225273642}",False,True,,Roberto,Piccoli,Roberto Piccoli,#102880,
5749642,2026-08-24T16:30:00.000Z,1,Serie A,Bologna,9857,Lazio,8543,2959452895,Miss,8543,1146500,Matteo Cancellieri,80.0072815544,22.808152870399997,20,,False,False,,,33.31375,4.940965524800001,0.026392826810479164,0.0,LeftFoot,RegularPlay,FirstHalf,False,"{'x': 1.0940629725969842, 'y': 0.6772486772486772, 'zoomRatio': 0.518117357255518}",False,False,,Matteo,Cancellieri,Matteo Cancellieri,#75acd4,
5749642,2026-08-24T16:30:00.000Z,1,Serie A,Bologna,9857,Lazio,8543,2959457665,AttemptSaved,9857,1080669,Nadir Zortea,90.8,18.1138853523,36,,True,True,94.8684210512,22.457834398899998,33.466249999999995,1.2199999940000001,0.04276067763566971,0.0,RightFoot,RegularPlay,FirstHalf,False,"{'x': 1.141203703703705, 'y': 0.32275132116402117, 'zoomRatio': 1}",False,True,,Nadir,Zortea,Nadir Zortea,#102880,
5749642,2026-08-24T16:30:00.000Z,1,Serie A,Bologna,9857,Lazio,8543,2959458231,Miss,9857,689680,Jens Odgaard,102.155172414,29.127380951,38,,False,False,104.3362068966,29.295476189000002,29.379523808000002,0.1797894728,0.18249090015888214,0.0,RightFoot,FromCorner,FirstHalf,False,"{'x': 2, 'y': 0.03891145962645403, 'zoomRatio': 0.8180974953501073}",False,True,,Jens,Odgaard,Jens Odgaard,#102880,
5749642,2026-08-24T16:30:00.000Z,1,Serie A,Bologna,9857,Lazio,8543,2959465381,Miss,9857,1503574,Eivind Helland,97.4736842099,41.31,45,4.0,False,False,104.525862069,34.99125,34.07625,3.0118620704000003,0.020569495856761932,0.0,Header,FromCorner,FirstHalf,False,"{'x': 0.9828543902631788, 'y': 0.6772486772486772, 'zoomRatio': 0.8499725220351843}",False,True,915156.0,Eivind,Helland,Eivind Helland,#102880,
5749642,2026-08-24T16:30:00.000Z,1,Serie A,Bologna,9857,Lazio,8543,2959476091,AttemptSaved,9857,689680,Jens Odgaard,99.8793103452,35.0675,48,,False,True,104.3362068966,34.305,36.66875,0.7319999964,0.44897598028182983,0.9104180335998535,Header,FromCorner,SecondHalf,False,"{'x': 0.29398148148148073, 'y': 0.19365079269841268, 'zoomRatio': 1}",False,True,915156.0,Jens,Odgaard,Jens Odgaard,#102880,
5749642,2026-08-24T16:30:00.000Z,1,Serie A,Bologna,9857,Lazio,8543,2959476127,Miss,9857,1044029,Nicolò Cambiaghi,100.44827586240001,37.684,48,,False,False,,,40.46952381,0.1797894728,0.18271149694919586,0.0,RightFoot,FromCorner,SecondHalf,False,"{'x': 1.1102230246251565e-16, 'y': 0.027790217345223748, 'zoomRatio': 0.5842779331234892}",False,True,,Nicolò,Cambiaghi,Nicolò Cambiaghi,#102880,
5749642,2026-08-24T16:30:00.000Z,1,Serie A,Bologna,9857,Lazio,8543,2959478119,AttemptSaved,9857,1044029,Nicolò Cambiaghi,93.1,44.841528658099996,51,,True,True,95.35087719170001,42.928749999999994,34.61,1.2199999940000001,0.04344261810183525,0.0,LeftFoot,RegularPlay,SecondHalf,False,"{'x': 0.8386243386243388, 'y': 0.32275132116402117, 'zoomRatio': 1}",False,True,,Nicolò,Cambiaghi,Nicolò Cambiaghi,#102880,
5749642,2026-08-24T16:30:00.000Z,1,Serie A,Bologna,9857,Lazio,8543,2959481687,Miss,8543,1307957,Romano Floriani Mussolini,94.5789473669,36.36375,58,,False,False,,,33.92375,4.2197241432000006,0.03183233365416527,0.0,Header,FromCorner,SecondHalf,False,"{'x': 1.012237816949108, 'y': 0.6772486772486772, 'zoomRatio': 0.6066747287557619}",False,True,,Romano Floriani,Mussolini,Romano Floriani Mussolini,#75acd4,
5749642,2026-08-24T16:30:00.000Z,1,Serie A,Bologna,9857,Lazio,8543,2959482189,Goal,8543,815431,Davide Frattesi,98.3421052628,26.2853125,59,,False,True,,,33.00875,0.5714736814000001,0.21475115418434143,0.20116978883743286,RightFoot,ThrowInSetPiece,SecondHalf,False,"{'x': 1.26223544973545, 'y': 0.15118351359788362, 'zoomRatio': 1}",False,True,178732.0,Davide,Frattesi,Davide Frattesi,#75acd4,
5749642,2026-08-24T16:30:00.000Z,1,Serie A,Bologna,9857,Lazio,8543,2959483603,AttemptSaved,8543,541555,Mattia Zaccagni,79.3315533992,42.6975,63,,False,True,104.3362068966,34.68625,35.29625000000001,0.44947368200000004,0.031390633434057236,0.02326253429055214,RightFoot,RegularPlay,SecondHalf,False,"{'x': 0.6570767195767175, 'y': 0.11890838148148149, 'zoomRatio': 1}",False,False,178732.0,Mattia,Zaccagni,Mattia Zaccagni,#75acd4,
5749642,2026-08-24T16:30:00.000Z,1,Serie A,Bologna,9857,Lazio,8543,2959485539,AttemptSaved,8543,541555,Mattia Zaccagni,85.06470588159999,35.143750000000004,70,,True,True,90.4,34.68625,33.31375,1.2199999940000001,0.03495624288916588,0.0,RightFoot,RegularPlay,SecondHalf,False,"{'x': 1.1815476190476193, 'y': 0.32275132116402117, 'zoomRatio': 1}",False,False,,Mattia,Zaccagni,Mattia Zaccagni,#75acd4,
5749642,2026-08-24T16:30:00.000Z,1,Serie A,Bologna,9857,Lazio,8543,2959488699,AttemptSaved,9857,414245,Federico Bernardeschi,83.2733009712,20.145732487,76,,False,True,103.577586207,32.474999999999994,36.97375,0.6099999970000001,0.04932931438088417,0.38083091378211975,LeftFoot,FreeKick,SecondHalf,False,"{'x': 0.21329365079365015, 'y': 0.16137566058201058, 'zoomRatio': 1}",False,False,915156.0,Federico,Bernardeschi,Federico Bernardeschi,#102880,
5749642,2026-08-24T16:30:00.000Z,1,Serie A,Bologna,9857,Lazio,8543,2959488901,AttemptSaved,9857,1503574,Eivind Helland,97.4736842099,35.220000000000006,76,,False,True,104.81034482759999,36.21125,36.21125,1.2199999940000001,0.09870157390832901,0.0,RightFoot,FromCorner,SecondHalf,False,"{'x': 0.41501322751322767, 'y': 0.32275132116402117, 'zoomRatio': 1}",True,True,,Eivind,Helland,Eivind Helland,#102880,
5749642,2026-08-24T16:30:00.000Z,1,Serie A,Bologna,9857,Lazio,8543,2959489417,AttemptSaved,9857,1113694,Jonathan Rowe,100.44827586240001,34.22875,77,,False,True,102.06034482780001,34.533750000000005,35.29625000000001,0.44947368200000004,0.33633267879486084,0.26704010367393494,RightFoot,FromCorner,SecondHalf,False,"{'x': 0.6570767195767175, 'y': 0.11890838148148149, 'zoomRatio': 1}",False,True,915156.0,Jonathan,Rowe,Jonathan Rowe,#102880,
5749642,2026-08-24T16:30:00.000Z,1,Serie A,Bologna,9857,Lazio,8543,2959491819,Miss,8543,1020963,Nicolò Rovella,76.5160194192,39.881190477,81,,False,False,,,37.78,5.305931043199999,0.035466499626636505,0.0,RightFoot,FreeKick,SecondHalf,False,"{'x': 0.5175210572551903, 'y': 0.6772486772486772, 'zoomRatio': 0.48247894274480957}",False,False,,Nicolò,Rovella,Nicolò Rovella,#75acd4,
5749642,2026-08-24T16:30:00.000Z,1,Serie A,Bologna,9857,Lazio,8543,2959492193,Miss,9857,414245,Federico Bernardeschi,82.37233009760001,21.1266242072,82,,False,False,,,40.049285714999996,7.600000016000001,0.02108124829828739,0.0,LeftFoot,RegularPlay,SecondHalf,False,"{'x': 0.46093806050551644, 'y': 0.6772486772486772, 'zoomRatio': 0.3368421045540166}",False,False,,Federico,Bernardeschi,Federico Bernardeschi,#102880,
5749642,2026-08-24T16:30:00.000Z,1,Serie A,Bologna,9857,Lazio,8543,2959496333,Miss,8543,1016093,Gustav Isaksen,93.9,24.0692993678,89,,False,False,,,32.39875,5.7925517344,0.09603161364793777,0.0,RightFoot,RegularPlay,SecondHalf,False,"{'x': 1.187213596730487, 'y': 0.6772486772486772, 'zoomRatio': 0.4419468512981988}",False,True,,Gustav,Isaksen,Gustav Isaksen,#75acd4,
5749642,2026-08-24T16:30:00.000Z,1,Serie A,Bologna,9857,Lazio,8543,2959498033,AttemptSaved,9857,1014630,Emil Holm,76.966504856,35.90625,90,2.0,True,True,88.1779411764,35.6775,35.220000000000006,1.2199999940000001,0.039774421602487564,0.0,RightFoot,FreeKick,SecondHalf,False,"{'x': 0.6772486772486757, 'y': 0.32275132116402117, 'zoomRatio': 1}",False,False,,Emil,Holm,Emil Holm,#102880,
5749642,2026-08-24T16:30:00.000Z,1,Serie A,Bologna,9857,Lazio,8543,2959501271,Miss,9857,689680,Jens Odgaard,89.7,33.00875,90,3.0,False,False,93.5,30.95,22.878216564699997,1.4254736772,0.04291553050279617,0.0,LeftFoot,SetPiece,SecondHalf,False,"{'x': 2, 'y': 0.1281695229449996, 'zoomRatio': 0.3398735483378019}",False,True,,Jens,Odgaard,Jens Odgaard,#102880,
5749642,2026-08-24T16:30:00.000Z,1,Serie A,Bologna,9857,Lazio,8543,2959500441,AttemptSaved,9857,888921,Lewis Ferguson,101.3965517244,35.60125,90,6.0,False,True,103.00862068980001,35.3725,35.83,1.2199999940000001,0.312240868806839,0.0,LeftFoot,RegularPlay,SecondHalf,False,"{'x': 0.5158730158730164, 'y': 0.32275132116402117, 'zoomRatio': 1}",True,True,915156.0,Lewis,Ferguson,Lewis Ferguson,#102880,
5749643,2026-08-23T16:30:00.000Z,1,Serie A,Frosinone,9891,Juventus,9885,2958923661,Miss,9891,1117058,Ilario Monterisi,98.0526315785,28.286904761,4,,False,False,,,26.858095238000004,3.3768275888,0.055232804268598557,0.0,Header,SetPiece,FirstHalf,False,"{'x': 2, 'y': 0.4728189049463556, 'zoomRatio': 0.5292705694021971}",False,True,,Ilario,Monterisi,Ilario Monterisi,#d5a300,
5749643,2026-08-23T16:30:00.000Z,1,Serie A,Frosinone,9891,Juventus,9885,2958927567,AttemptSaved,9885,823825,Randal Kolo Muani,86.99705882319999,34.38125,7,,False,True,103.6724137932,34.1525,33.92375,0.0385263156,0.12573504447937012,0.04868029057979584,LeftFoot,RegularPlay,FirstHalf,False,"{'x': 1.0201719576719581, 'y': 0.010192146984126984, 'zoomRatio': 1}",False,False,1289655.0,Randal Kolo,Muani,Randal Kolo Muani,#000001,Kolo Muani
5749643,2026-08-23T16:30:00.000Z,1,Serie A,Frosinone,9891,Juventus,9885,2958928261,AttemptSaved,9885,1185336,Francisco Conceição,92.5,26.6321875,7,,True,True,94.38596491070001,27.698571428000005,33.31375,1.2199999940000001,0.09541093558073044,0.0,LeftFoot,FastBreak,FirstHalf,False,"{'x': 1.1815476190476193, 'y': 0.32275132116402117, 'zoomRatio': 1}",False,True,,Francisco,Conceição,Francisco Conceição,#000001,
5749643,2026-08-23T16:30:00.000Z,1,Serie A,Frosinone,9891,Juventus,9885,2958935143,AttemptSaved,9891,1256534,Antonio Raimondo,90.7,41.225952381,13,,True,True,92.7,40.385476190999995,35.60125,1.2199999940000001,0.0449763648211956,0.0,LeftFoot,RegularPlay,FirstHalf,False,"{'x': 0.5763888888888888, 'y': 0.32275132116402117, 'zoomRatio': 1}",False,True,,Antonio,Raimondo,Antonio Raimondo,#d5a300,
5749643,2026-08-23T16:30:00.000Z,1,Serie A,Frosinone,9891,Juventus,9885,2958939835,Miss,9885,857269,Gleison Bremer,96.0263157884,37.355000000000004,17,,False,False,,,28.539047618000005,1.3355789408,0.09978292882442474,0.0,Header,FromCorner,FirstHalf,False,"{'x': 2, 'y': 0.24456886773124792, 'zoomRatio': 0.6921869548724447}",False,True,,Gleison,Bremer,Gleison Bremer,#000001,
5749643,2026-08-23T16:30:00.000Z,1,Serie A,Frosinone,9891,Juventus,9885,2958941951,Miss,9885,823825,Randal Kolo Muani,100.9224137934,29.715714284,19,,False,False,,,33.00875,6.270482770400001,0.299964964389801,0.0,RightFoot,FromCorner,FirstHalf,False,"{'x': 1.1070607760046405, 'y': 0.6772486772486772, 'zoomRatio': 0.4082620260252617}",False,True,,Randal Kolo,Muani,Randal Kolo Muani,#000001,Kolo Muani
5749643,2026-08-23T16:30:00.000Z,1,Serie A,Frosinone,9891,Juventus,9885,2958944429,Goal,9885,857269,Gleison Bremer,99.1140350876,33.8475,22,,False,True,,,33.31375,0.28252631440000003,0.31943708658218384,0.2997131943702698,Header,FromCorner,FirstHalf,False,"{'x': 1.1815476190476193, 'y': 0.07474241121693122, 'zoomRatio': 1}",False,True,1289655.0,Gleison,Bremer,Gleison Bremer,#000001,
5749643,2026-08-23T16:30:00.000Z,1,Serie A,Frosinone,9891,Juventus,9885,2958950751,Miss,9885,787350,Douglas Luiz,77.8674757296,41.8303125,31,,False,False,,,36.745000000000005,3.6201379344000006,0.03874833136796951,0.0,RightFoot,FreeKick,FirstHalf,False,"{'x': 0.4864705011977011, 'y': 0.6772486772486772, 'zoomRatio': 0.7071553753998859}",False,False,,Douglas,Luiz,Douglas Luiz,#000001,
5749643,2026-08-23T16:30:00.000Z,1,Serie A,Frosinone,9891,Juventus,9885,2958955703,AttemptSaved,9885,1412132,Kenan Yildiz,96.605263157,47.013503181400004,35,,True,True,99.4035087719,42.1771875,31.4075,1.2199999940000001,0.03487413749098778,0.0,LeftFoot,FromCorner,FirstHalf,False,"{'x': 1.6858465608465611, 'y': 0.32275132116402117, 'zoomRatio': 1}",False,True,,Kenan,Yildiz,Kenan Yildiz,#000001,
5749643,2026-08-23T16:30:00.000Z,1,Serie A,Frosinone,9891,Juventus,9885,2958955839,Miss,9885,819215,Lloyd Kelly,97.7631578942,37.12625,35,,False,False,,,39.881190477,6.635448288800001,0.10093094408512115,0.0,LeftFoot,FromCorner,FirstHalf,False,"{'x': 0.39973483360291806, 'y': 0.6772486772486772, 'zoomRatio': 0.38580663861415876}",False,True,,Lloyd,Kelly,Lloyd Kelly,#000001,
5749643,2026-08-23T16:30:00.000Z,1,Serie A,Frosinone,9891,Juventus,9885,2958960903,AttemptSaved,9885,787350,Douglas Luiz,86.6749999996,32.24625,38,,True,True,90.8,32.474999999999994,33.39,1.2199999940000001,0.06662710756063461,0.0,RightFoot,FastBreak,FirstHalf,False,"{'x': 1.1613756613756612, 'y': 0.32275132116402117, 'zoomRatio': 1}",False,False,,Douglas,Luiz,Douglas Luiz,#000001,
5749643,2026-08-23T16:30:00.000Z,1,Serie A,Frosinone,9891,Juventus,9885,2958964151,AttemptSaved,9891,1396091,Gabriele Bracaglia,82.7101941752,32.3225,40,,False,True,102.8189655174,33.00875,34.68625,1.0594736790000001,0.031830135732889175,0.03441670536994934,LeftFoot,RegularPlay,FirstHalf,False,"{'x': 0.8184523809523807, 'y': 0.28028404206349206, 'zoomRatio': 1}",False,False,538501.0,Gabriele,Bracaglia,Gabriele Bracaglia,#d5a300,
5749643,2026-08-23T16:30:00.000Z,1,Serie A,Frosinone,9891,Juventus,9885,2958964191,Miss,9891,1342748,Giorgi Kvernadze,93.2,45.3319745182,40,,False,False,,,39.040714287,1.0723157842,0.053799133747816086,0.0,RightFoot,RegularPlay,FirstHalf,False,"{'x': 0, 'y': 0.21273091929957266, 'zoomRatio': 0.7498937223537185}",False,True,,Giorgi,Kvernadze,Giorgi Kvernadze,#d5a300,
5749643,2026-08-23T16:30:00.000Z,1,Serie A,Frosinone,9891,Juventus,9885,2958965875,AttemptSaved,9885,1131217,Pierre Kalulu,94.7719298231,24.955625,42,,False,True,103.19827586219999,31.941249999999997,37.2025,1.0594736790000001,0.05528169497847557,0.5195083022117615,RightFoot,RegularPlay,FirstHalf,False,"{'x': 0.15277777777777768, 'y': 0.28028404206349206, 'zoomRatio': 1}",False,True,1289655.0,Pierre,Kalulu,Pierre Kalulu,#000001,
5749643,2026-08-23T16:30:00.000Z,1,Serie A,Frosinone,9891,Juventus,9885,2958965935,AttemptSaved,9885,1412132,Kenan Yildiz,93.8,41.5990625,42,,False,True,103.19827586219999,34.305,33.466249999999995,0.9759999952,0.15527094900608063,0.07788302004337311,RightFoot,RegularPlay,FirstHalf,False,"{'x': 1.141203703703705, 'y': 0.2582010569312169, 'zoomRatio': 1}",False,True,1289655.0,Kenan,Yildiz,Kenan Yildiz,#000001,
5749643,2026-08-23T16:30:00.000Z,1,Serie A,Frosinone,9891,Juventus,9885,2958973445,Miss,9885,787350,Douglas Luiz,79.8946601952,27.782619046999997,45,1.0,False,False,,,30.316,4.7063448344,0.037591010332107544,0.0,RightFoot,RegularPlay,FirstHalf,False,"{'x': 1.5301320270345649, 'y': 0.6772486772486772, 'zoomRatio': 0.5439465423970294}",False,False,,Douglas,Luiz,Douglas Luiz,#000001,
5749643,2026-08-23T16:30:00.000Z,1,Serie A,Frosinone,9891,Juventus,9885,2958976351,AttemptSaved,9885,823825,Randal Kolo Muani,93.8,40.385476190999995,45,3.0,True,True,95.35087719170001,39.376904763,33.92375,1.2199999940000001,0.06570639461278915,0.0,RightFoot,RegularPlay,FirstHalf,False,"{'x': 1.0201719576719581, 'y': 0.32275132116402117, 'zoomRatio': 1}",False,True,,Randal Kolo,Muani,Randal Kolo Muani,#000001,Kolo Muani
5749643,2026-08-23T16:30:00.000Z,1,Serie A,Frosinone,9891,Juventus,9885,2959002437,AttemptSaved,9885,1185336,Francisco Conceição,90.6,20.5661146528,48,,False,True,103.4827586208,32.24625,33.31375,0.1219999994,0.020296141505241394,0.019993601366877556,LeftFoot,RegularPlay,SecondHalf,False,"{'x': 1.1815476190476193, 'y': 0.032275132116402115, 'zoomRatio': 1}",False,True,1289655.0,Francisco,Conceição,Francisco Conceição,#000001,
5749643,2026-08-23T16:30:00.000Z,1,Serie A,Frosinone,9891,Juventus,9885,2959007945,Miss,9885,1185336,Francisco Conceição,96.1228070165,31.1025,51,,False,False,,,31.865,4.2197241432000006,0.4442596137523651,0.0,LeftFoot,RegularPlay,SecondHalf,False,"{'x': 1.3426588745750145, 'y': 0.6772486772486772, 'zoomRatio': 0.6066747287557619}",False,True,,Francisco,Conceição,Francisco Conceição,#000001,
5749643,2026-08-23T16:30:00.000Z,1,Serie A,Frosinone,9891,Juventus,9885,2959010249,AttemptSaved,9891,1445163,Seydou Fini,92.2,20.145732487,53,,False,True,103.19827586219999,31.78875,31.7125,1.3805263090000002,0.03801393508911133,0.1456419974565506,LeftFoot,RegularPlay,SecondHalf,False,"{'x': 1.6051587301587305, 'y': 0.3652186002645503, 'zoomRatio': 1}",False,True,538501.0,Seydou,Fini,Seydou Fini,#d5a300,
5749643,2026-08-23T16:30:00.000Z,1,Serie A,Frosinone,9891,Juventus,9885,2959016323,Miss,9891,1342748,Giorgi Kvernadze,94.4824561388,50.7969426736,58,,False,False,,,40.049285714999996,0.8925263114,0.024974653497338295,0.0,LeftFoot,RegularPlay,SecondHalf,False,"{'x': 0, 'y': 0.14754242954451036, 'zoomRatio': 0.6248671625192037}",False,True,,Giorgi,Kvernadze,Giorgi Kvernadze,#d5a300,
5749643,2026-08-23T16:30:00.000Z,1,Serie A,Frosinone,9891,Juventus,9885,2959021749,AttemptSaved,9885,848266,Weston McKennie,92.7,24.2794904507,63,,True,True,92.8,24.2094267564,34.61,1.2199999940000001,0.039031174033880234,0.0,LeftFoot,RegularPlay,SecondHalf,False,"{'x': 0.8386243386243388, 'y': 0.32275132116402117, 'zoomRatio': 1}",False,True,,Weston,McKennie,Weston McKennie,#000001,
5749643,2026-08-23T16:30:00.000Z,1,Serie A,Frosinone,9891,Juventus,9885,2959023517,Miss,9885,1185336,Francisco Conceição,79.1063106808,21.4068789844,66,,False,False,,,38.620476192,1.5153684136,0.024318505078554153,0.0,LeftFoot,RegularPlay,SecondHalf,False,"{'x': 0, 'y': 0.32796801685154114, 'zoomRatio': 0.8180974953501073}",False,False,,Francisco,Conceição,Francisco Conceição,#000001,
5749643,2026-08-23T16:30:00.000Z,1,Serie A,Frosinone,9891,Juventus,9885,2959025645,Miss,9891,1415326,Gabriele Calvani,94.9649122793,37.50750000000001,70,,False,False,,,36.66875,5.5492413888000005,0.02732631005346775,0.0,Header,FromCorner,SecondHalf,False,"{'x': 0.6742964883352726, 'y': 0.6772486772486772, 'zoomRatio': 0.46132431816118724}",False,True,,Gabriele,Calvani,Gabriele Calvani,#d5a300,
5749643,2026-08-23T16:30:00.000Z,1,Serie A,Frosinone,9891,Juventus,9885,2959026429,Miss,9885,848266,Weston McKennie,97.0877192975,37.05,71,,False,False,99.8793103452,30.244,14.750828025899997,0.3595789456,0.09590515494346619,0.0,Header,FromCorner,SecondHalf,False,"{'x': 2, 'y': 0.018680229263046636, 'zoomRatio': 0.19637208317770952}",False,True,,Weston,McKennie,Weston McKennie,#000001,
5749643,2026-08-23T16:30:00.000Z,1,Serie A,Frosinone,9891,Juventus,9885,2959028867,AttemptSaved,9891,1342748,Giorgi Kvernadze,91.6,57.833175349499996,74,,True,True,96.9912280694,48.9752866218,35.29625000000001,1.2199999940000001,0.014925106428563595,0.0,RightFoot,RegularPlay,SecondHalf,False,"{'x': 0.6570767195767175, 'y': 0.32275132116402117, 'zoomRatio': 1}",False,False,,Giorgi,Kvernadze,Giorgi Kvernadze,#d5a300,
5749643,2026-08-23T16:30:00.000Z,1,Serie A,Frosinone,9891,Juventus,9885,2959039285,Miss,9885,862616,Edon Zhegrova,76.5160194192,30.316,83,,False,False,,,49.605859870500005,1.3355789408,0.02742411009967327,0.0,LeftFoot,RegularPlay,SecondHalf,False,"{'x': 0, 'y': 0.08558188730918091, 'zoomRatio': 0.24221670778586138}",False,False,,Edon,Zhegrova,Edon Zhegrova,#000001,
5749643,2026-08-23T16:30:00.000Z,1,Serie A,Frosinone,9891,Juventus,9885,2959043997,Miss,9891,1402924,Luis Hasa,83.94902912639999,42.350624999999994,87,,False,False,,,43.044375,1.7850526228,0.07109693437814713,0.0,LeftFoot,RegularPlay,SecondHalf,False,"{'x': 0, 'y': 0.19736605600718674, 'zoomRatio': 0.4179393269297214}",False,False,,Luis,Hasa,Luis Hasa,#d5a300,
5749643,2026-08-23T16:30:00.000Z,1,Serie A,Frosinone,9891,Juventus,9885,2959044889,AttemptSaved,9885,866516,Teun Koopmeiners,85.17205882280001,25.186875,88,,True,True,89.8,26.942142857,34.38125,1.2199999940000001,0.04173561558127403,0.0,RightFoot,RegularPlay,SecondHalf,False,"{'x': 0.8991402116402113, 'y': 0.32275132116402117, 'zoomRatio': 1}",False,False,,Teun,Koopmeiners,Teun Koopmeiners,#000001,
5749643,2026-08-23T16:30:00.000Z,1,Serie A,Frosinone,9891,Juventus,9885,2959050465,Post,9891,1415326,Gabriele Calvani,95.640350876,34.7625,90,3.0,False,False,,,37.708,2.3950526198,0.03606988117098808,0.0,Header,FromCorner,SecondHalf,False,"{'x': 0.019047619047619535, 'y': 0.6336118041798942, 'zoomRatio': 1}",False,True,,Gabriele,Calvani,Gabriele Calvani,#d5a300,
5749643,2026-08-23T16:30:00.000Z,1,Serie A,Frosinone,9891,Juventus,9885,2959053587,Miss,9891,992025,Aleksa Terzic,79.3315533992,52.618598725400005,90,6.0,False,False,,,42.9865625,4.4630344888,0.013121042400598526,0.0,LeftFoot,RegularPlay,SecondHalf,False,"{'x': 0, 'y': 0.49663422346420016, 'zoomRatio': 0.4206280210035819}",False,False,,Aleksa,Terzic,Aleksa Terzic,#d5a300,
5749644,2026-08-22T18:45:00.000Z,1,Serie A,Genoa,10233,Napoli,9875,2958216577,Miss,10233,921543,Morten Frendrup,80.79563106879999,36.745000000000005,6,,False,False,,,35.3725,6.270482770400001,0.021429235115647316,0.0,RightFoot,RegularPlay,FirstHalf,False,"{'x': 0.8517620024551131, 'y': 0.6772486772486772, 'zoomRatio': 0.4082620260252617}",False,False,,Morten,Frendrup,Morten Frendrup,#CB1111,
5749644,2026-08-22T18:45:00.000Z,1,Serie A,Genoa,10233,Napoli,9875,2958217063,Miss,10233,1215057,Vítinha,92.3,46.452993627000005,6,,False,False,,,26.2853125,3.3768275888,0.06406750530004501,0.0,RightFoot,RegularPlay,FirstHalf,False,"{'x': 2, 'y': 0.4377141120492569, 'zoomRatio': 0.4899744804958078}",False,True,,,Vítinha,Vítinha,#CB1111,
5749644,2026-08-22T18:45:00.000Z,1,Serie A,Genoa,10233,Napoli,9875,2958218003,Miss,10233,1215057,Vítinha,88.6,30.05190476,7,,False,False,90.9,31.4075,43.650445855,0.9824210478000001,0.07689128816127777,0.0,RightFoot,RegularPlay,FirstHalf,False,"{'x': 0, 'y': 0.10180058647663383, 'zoomRatio': 0.3916917473861108}",False,True,,,Vítinha,Vítinha,#CB1111,
5749644,2026-08-22T18:45:00.000Z,1,Serie A,Genoa,10233,Napoli,9875,2958229721,AttemptSaved,9875,544693,Amir Rrahmani,71.6733009736,33.92375,17,,True,True,90.0,33.466249999999995,33.2375,1.2199999940000001,0.015586141496896744,0.0,RightFoot,RegularPlay,FirstHalf,False,"{'x': 1.2017195767195774, 'y': 0.32275132116402117, 'zoomRatio': 1}",False,False,,Amir,Rrahmani,Amir Rrahmani,#12A0D7,
5749644,2026-08-22T18:45:00.000Z,1,Serie A,Genoa,10233,Napoli,9875,2958234743,AttemptSaved,10233,1200591,Tommaso Baldanzi,94.0,26.343125,21,,True,True,97.7631578942,28.539047618000005,32.3225,1.2199999940000001,0.06428050249814987,0.0,LeftFoot,FromCorner,FirstHalf,False,"{'x': 1.4437830687830693, 'y': 0.32275132116402117, 'zoomRatio': 1}",False,True,,Tommaso,Baldanzi,Tommaso Baldanzi,#CB1111,
5749644,2026-08-22T18:45:00.000Z,1,Serie A,Genoa,10233,Napoli,9875,2958237513,AttemptSaved,10233,1469120,Amorim,78.655825244,48.134522290199996,22,,False,True,103.8620689656,35.0675,33.77125,1.4254736772,0.019141200929880142,0.013314011506736279,RightFoot,RegularPlay,FirstHalf,False,"{'x': 1.0605158730158726, 'y': 0.3771094384126984, 'zoomRatio': 1}",False,False,577912.0,,Amorim,Amorim,#CB1111,
5749644,2026-08-22T18:45:00.000Z,1,Serie A,Genoa,10233,Napoli,9875,2958257591,AttemptSaved,10233,1200591,Tommaso Baldanzi,92.8,32.856249999999996,37,,True,True,95.54385964789999,33.31375,34.99125,1.2199999940000001,0.20699499547481537,0.0,LeftFoot,RegularPlay,FirstHalf,False,"{'x': 0.73776455026455, 'y': 0.32275132116402117, 'zoomRatio': 1}",False,True,,Tommaso,Baldanzi,Tommaso Baldanzi,#CB1111,
5749644,2026-08-22T18:45:00.000Z,1,Serie A,Genoa,10233,Napoli,9875,2958258063,AttemptSaved,10233,1215057,Vítinha,75.7276699048,38.956666668,37,,False,True,103.4827586208,33.00875,33.695,0.6099999970000001,0.02622159570455551,0.010702251456677914,RightFoot,RegularPlay,FirstHalf,False,"{'x': 1.0806878306878307, 'y': 0.16137566058201058, 'zoomRatio': 1}",False,False,577912.0,,Vítinha,Vítinha,#CB1111,
5749644,2026-08-22T18:45:00.000Z,1,Serie A,Genoa,10233,Napoli,9875,2958259495,Miss,9875,1355552,Alisson Santos,87.6411764704,48.34471337309999,39,,False,False,,,38.872619049,0.1797894728,0.02848542295396328,0.0,RightFoot,RegularPlay,FirstHalf,False,"{'x': 0, 'y': 0.036897912804592814, 'zoomRatio': 0.7757634984363826}",False,False,,Alisson,Santos,Alisson Santos,#12A0D7,
5749644,2026-08-22T18:45:00.000Z,1,Serie A,Genoa,10233,Napoli,9875,2958265645,AttemptSaved,9875,215242,Leonardo Spinazzola,85.06470588159999,42.7553125,44,,False,True,104.1465517242,34.38125,36.05875,0.8925263114,0.020975086838006973,0.0676664412021637,RightFoot,RegularPlay,FirstHalf,False,"{'x': 0.455357142857142, 'y': 0.2361180717989418, 'zoomRatio': 1}",False,False,721533.0,Leonardo,Spinazzola,Leonardo Spinazzola,#12A0D7,
5749644,2026-08-22T18:45:00.000Z,1,Serie A,Genoa,10233,Napoli,9875,2958294301,AttemptSaved,10233,942193,Mikael Egill Ellertsson,92.5,48.554904456,50,,True,True,94.09649122639999,46.8033120985,34.838750000000005,1.2199999940000001,0.05519350245594978,0.0,LeftFoot,RegularPlay,SecondHalf,False,"{'x': 0.7781084656084645, 'y': 0.32275132116402117, 'zoomRatio': 1}",False,True,,Mikael Egill,Ellertsson,Mikael Egill Ellertsson,#CB1111,
5749644,2026-08-22T18:45:00.000Z,1,Serie A,Genoa,10233,Napoli,9875,2958294935,AttemptSaved,10233,1200591,Tommaso Baldanzi,91.4,30.244,51,,True,True,94.0,30.72125,34.99125,1.2199999940000001,0.05441396310925484,0.0,RightFoot,FromCorner,SecondHalf,False,"{'x': 0.73776455026455, 'y': 0.32275132116402117, 'zoomRatio': 1}",False,True,,Tommaso,Baldanzi,Tommaso Baldanzi,#CB1111,
5749644,2026-08-22T18:45:00.000Z,1,Serie A,Genoa,10233,Napoli,9875,2958297385,Miss,9875,1355552,Alisson Santos,77.0791262152,34.533750000000005,54,,False,False,91.9,37.58375000000001,50.2364331192,0.44305262940000006,0.009340761229395866,0.0,RightFoot,FromCorner,SecondHalf,False,"{'x': 0, 'y': 0.02728755916692558, 'zoomRatio': 0.2328097539803895}",False,False,,Alisson,Santos,Alisson Santos,#12A0D7,
5749644,2026-08-22T18:45:00.000Z,1,Serie A,Genoa,10233,Napoli,9875,2958304805,AttemptSaved,9875,1355552,Alisson Santos,83.6111650488,50.586751590700004,62,,True,True,86.889705882,48.34471337309999,34.533750000000005,1.2199999940000001,0.016989856958389282,0.0,RightFoot,RegularPlay,SecondHalf,False,"{'x': 0.8587962962962951, 'y': 0.32275132116402117, 'zoomRatio': 1}",False,False,,Alisson,Santos,Alisson Santos,#12A0D7,
5749644,2026-08-22T18:45:00.000Z,1,Serie A,Genoa,10233,Napoli,9875,2958306465,AttemptSaved,9875,843099,Scott McTominay,77.8674757296,30.22,63,,False,True,101.77586206919999,34.305,36.21125,0.3274736826,0.03585869073867798,0.05497471243143082,RightFoot,RegularPlay,SecondHalf,False,"{'x': 0.41501322751322767, 'y': 0.08663324936507935, 'zoomRatio': 1}",False,False,721533.0,Scott,McTominay,Scott McTominay,#12A0D7,
5749644,2026-08-22T18:45:00.000Z,1,Serie A,Genoa,10233,Napoli,9875,2958308349,AttemptSaved,9875,308517,Stanislav Lobotka,86.889705882,34.38125,64,,True,True,93.1,33.31375,30.645,0.5329473658000001,0.07577796280384064,0.0,LeftFoot,RegularPlay,SecondHalf,False,"{'x': 1.8875661375661386, 'y': 0.14099136661375664, 'zoomRatio': 1}",False,False,,Stanislav,Lobotka,Stanislav Lobotka,#12A0D7,
5749644,2026-08-22T18:45:00.000Z,1,Serie A,Genoa,10233,Napoli,9875,2958308425,Miss,9875,544693,Amir Rrahmani,74.3762135944,32.551249999999996,64,,False,False,,,10.8883412386,1.0723157842,0.009114011190831661,0.0,RightFoot,RegularPlay,SecondHalf,False,"{'x': 2, 'y': 0.046397179677597655, 'zoomRatio': 0.16355381666993013}",False,False,,Amir,Rrahmani,Amir Rrahmani,#12A0D7,
5749644,2026-08-22T18:45:00.000Z,1,Serie A,Genoa,10233,Napoli,9875,2958309493,AttemptSaved,10233,1200591,Tommaso Baldanzi,81.471359224,40.889761905,65,,True,True,84.9573529404,40.217380953,36.440000000000005,1.2199999940000001,0.0282834954559803,0.0,LeftFoot,RegularPlay,SecondHalf,False,"{'x': 0.3544973544973533, 'y': 0.32275132116402117, 'zoomRatio': 1}",False,False,,Tommaso,Baldanzi,Tommaso Baldanzi,#CB1111,
5749644,2026-08-22T18:45:00.000Z,1,Serie A,Genoa,10233,Napoli,9875,2958321075,Miss,9875,308517,Stanislav Lobotka,83.2733009712,38.452380954,74,,False,False,94.09649122639999,38.368333335,38.368333335,1.1622105206000002,0.06794117391109467,0.0,RightFoot,RegularPlay,SecondHalf,False,"{'x': 0, 'y': 0.26605353380158187, 'zoomRatio': 0.8653185803642427}",False,False,,Stanislav,Lobotka,Stanislav Lobotka,#12A0D7,
5749644,2026-08-22T18:45:00.000Z,1,Serie A,Genoa,10233,Napoli,9875,2958324681,AttemptSaved,9875,215242,Leonardo Spinazzola,98.92105263139999,45.9625477669,76,,True,True,99.59482758659999,44.4211464923,32.551249999999996,1.2199999940000001,0.04779867082834244,0.0,LeftFoot,RegularPlay,SecondHalf,False,"{'x': 1.3832671957671967, 'y': 0.32275132116402117, 'zoomRatio': 1}",False,True,,Leonardo,Spinazzola,Leonardo Spinazzola,#12A0D7,
5749644,2026-08-22T18:45:00.000Z,1,Serie A,Genoa,10233,Napoli,9875,2958327675,AttemptSaved,9875,1320863,Antonio Vergara,90.8,36.05875,79,,True,True,93.0,35.83,34.22875,1.2199999940000001,0.05950266867876053,0.0,LeftFoot,RegularPlay,SecondHalf,False,"{'x': 0.9394841269841275, 'y': 0.32275132116402117, 'zoomRatio': 1}",False,True,,Antonio,Vergara,Antonio Vergara,#12A0D7,
5749644,2026-08-22T18:45:00.000Z,1,Serie A,Genoa,10233,Napoli,9875,2958328177,Miss,10233,707970,Djibril Sow,93.2,21.617070067300002,79,,False,False,,,28.539047618000005,1.8749473592,0.05124087259173393,0.0,RightFoot,FastBreak,SecondHalf,False,"{'x': 2, 'y': 0.34333706431502115, 'zoomRatio': 0.6921869548724447}",False,True,,Djibril,Sow,Djibril Sow,#CB1111,
5749644,2026-08-22T18:45:00.000Z,1,Serie A,Genoa,10233,Napoli,9875,2958331271,Goal,9875,169200,Kevin De Bruyne,96.50877192889999,30.304,82,,False,True,,,32.474999999999994,1.4639999928,0.26717469096183777,0.5630850791931152,RightFoot,RegularPlay,SecondHalf,False,"{'x': 1.4034391534391548, 'y': 0.38730158539682535, 'zoomRatio': 1}",False,True,721533.0,Kevin,De Bruyne,Kevin De Bruyne,#12A0D7,
5749644,2026-08-22T18:45:00.000Z,1,Serie A,Genoa,10233,Napoli,9875,2958335709,Goal,9875,1320863,Antonio Vergara,94.7719298231,45.6822929897,87,,False,True,,,35.448750000000004,0.20547368320000003,0.11505403369665146,0.24817697703838348,LeftFoot,FastBreak,SecondHalf,False,"{'x': 0.6167328042328032, 'y': 0.05435811724867726, 'zoomRatio': 1}",False,True,721533.0,Antonio,Vergara,Antonio Vergara,#12A0D7,
5749645,2026-08-22T16:30:00.000Z,1,Serie A,Inter,8636,Monza,6504,2958053833,Goal,8636,304733,Hakan Çalhanoglu,77.9800970888,22.738089176099997,6,,False,True,,,32.9325,2.0354736742,0.014902821741998196,0.071518674492836,RightFoot,RegularPlay,FirstHalf,False,"{'x': 1.282407407407408, 'y': 0.538485098994709, 'zoomRatio': 1}",False,False,917464.0,Hakan,Çalhanoglu,Hakan Çalhanoglu,#010E80,
5749645,2026-08-22T16:30:00.000Z,1,Serie A,Inter,8636,Monza,6504,2958059239,AttemptSaved,8636,1367618,Francesco Pio Esposito,90.1,38.78857143,10,,True,True,92.4,38.032142859000004,34.99125,1.2199999940000001,0.0530371256172657,0.0,RightFoot,ThrowInSetPiece,FirstHalf,False,"{'x': 0.73776455026455, 'y': 0.32275132116402117, 'zoomRatio': 1}",False,True,,Francesco Pio,Esposito,Francesco Pio Esposito,#010E80,
5749645,2026-08-22T16:30:00.000Z,1,Serie A,Inter,8636,Monza,6504,2958075785,Miss,8636,541820,Nicolò Barella,91.2,48.7650955389,26,,False,False,,,27.362380952,1.0723157842,0.018554845824837685,0.0,RightFoot,RegularPlay,FirstHalf,False,"{'x': 2, 'y': 0.16155126958108598, 'zoomRatio': 0.5694813113956819}",False,True,,Nicolò,Barella,Nicolò Barella,#010E80,
5749645,2026-08-22T16:30:00.000Z,1,Serie A,Inter,8636,Monza,6504,2958078249,Goal,6504,1585676,Gustavo Varela,93.5,23.0183439533,29,,False,True,,,36.5925,0.3274736826,0.03805797919631004,0.3570675551891327,RightFoot,RegularPlay,FirstHalf,False,"{'x': 0.31415343915343885, 'y': 0.08663324936507935, 'zoomRatio': 1}",False,True,772168.0,Gustavo,Varela,Gustavo Varela,#e10032,
5749645,2026-08-22T16:30:00.000Z,1,Serie A,Inter,8636,Monza,6504,2958080095,Miss,6504,1585676,Gustavo Varela,97.0877192975,33.161249999999995,31,,False,False,,,52.688662419699995,1.2456842044,0.4020279347896576,0.0,Header,RegularPlay,FirstHalf,False,"{'x': 0, 'y': 0.0666545404066428, 'zoomRatio': 0.20226166619690483}",False,True,,Gustavo,Varela,Gustavo Varela,#e10032,
5749645,2026-08-22T16:30:00.000Z,1,Serie A,Inter,8636,Monza,6504,2958080977,AttemptSaved,8636,605224,Federico Dimarco,85.4941176464,44.4211464923,32,,False,True,103.9568965518,34.533750000000005,34.4575,0.0385263156,0.03622649237513542,0.020707417279481888,LeftFoot,RegularPlay,FirstHalf,False,"{'x': 0.8789682539682532, 'y': 0.010192146984126984, 'zoomRatio': 1}",False,False,917464.0,Federico,Dimarco,Federico Dimarco,#010E80,
5749645,2026-08-22T16:30:00.000Z,1,Serie A,Inter,8636,Monza,6504,2958081595,Miss,8636,1367618,Francesco Pio Esposito,83.2733009712,44.981656046699996,32,,False,False,,,39.629047619999994,4.940965524800001,0.04082123190164566,0.0,LeftFoot,RegularPlay,FirstHalf,False,"{'x': 0.22843722837569835, 'y': 0.6772486772486772, 'zoomRatio': 0.518117357255518}",False,False,,Francesco Pio,Esposito,Francesco Pio Esposito,#010E80,
5749645,2026-08-22T16:30:00.000Z,1,Serie A,Inter,8636,Monza,6504,2958091245,Miss,8636,541820,Nicolò Barella,90.2,19.725350321199997,38,,False,False,,,37.756,5.670896561599999,0.03247540816664696,0.0,RightFoot,SetPiece,FirstHalf,False,"{'x': 0.5514384711280409, 'y': 0.6772486772486772, 'zoomRatio': 0.45142773672417613}",False,True,,Nicolò,Barella,Nicolò Barella,#010E80,
5749645,2026-08-22T16:30:00.000Z,1,Serie A,Inter,8636,Monza,6504,2958093535,Miss,6504,1585676,Gustavo Varela,96.605263157,31.865,40,,False,False,,,44.5612738809,1.6951578864,0.1782856583595276,0.0,Header,RegularPlay,FirstHalf,False,"{'x': 0, 'y': 0.16050695261919892, 'zoomRatio': 0.3579113696536273}",False,True,,Gustavo,Varela,Gustavo Varela,#e10032,
5749645,2026-08-22T16:30:00.000Z,1,Serie A,Inter,8636,Monza,6504,2958096077,AttemptSaved,6504,1879542,Mathis Mout,91.9,23.158471341899997,41,,True,True,93.5,24.699872616500002,36.821250000000006,1.2199999940000001,0.050765059888362885,0.0,LeftFoot,FastBreak,FirstHalf,False,"{'x': 0.2536375661375645, 'y': 0.32275132116402117, 'zoomRatio': 1}",False,True,,Mathis,Mout,Mathis Mout,#e10032,
5749645,2026-08-22T16:30:00.000Z,1,Serie A,Inter,8636,Monza,6504,2958128415,AttemptSaved,8636,1367618,Francesco Pio Esposito,97.8596491223,39.292857143999996,47,,True,True,99.1140350876,38.536428573,35.83,1.2199999940000001,0.10474038869142532,0.0,RightFoot,ThrowInSetPiece,SecondHalf,False,"{'x': 0.5158730158730164, 'y': 0.32275132116402117, 'zoomRatio': 1}",False,True,,Francesco Pio,Esposito,Francesco Pio Esposito,#010E80,
5749645,2026-08-22T16:30:00.000Z,1,Serie A,Inter,8636,Monza,6504,2958129535,Goal,8636,362212,Piotr Zielinski,89.1,39.881190477,48,,False,True,,,32.779999999999994,0.6934736808,0.06327816098928452,0.08513190597295761,RightFoot,FromCorner,SecondHalf,False,"{'x': 1.3227513227513243, 'y': 0.18345864571428572, 'zoomRatio': 1}",False,True,917464.0,Piotr,Zielinski,Piotr Zielinski,#010E80,
5749645,2026-08-22T16:30:00.000Z,1,Serie A,Inter,8636,Monza,6504,2958132165,AttemptSaved,6504,824655,Ricardo Mangas,100.732758621,36.51625,50,,False,True,102.06034482780001,35.83,34.68625,0.2439999988,0.2492394745349884,0.2744707465171814,LeftFoot,RegularPlay,SecondHalf,False,"{'x': 0.8184523809523807, 'y': 0.06455026423280423, 'zoomRatio': 1}",False,True,772168.0,Ricardo,Mangas,Ricardo Mangas,#e10032,
5749645,2026-08-22T16:30:00.000Z,1,Serie A,Inter,8636,Monza,6504,2958141113,Goal,8636,1367618,Francesco Pio Esposito,100.44827586240001,29.295476189000002,55,,False,True,,,31.865,0.9374736796,0.20234599709510803,0.7315449118614197,RightFoot,RegularPlay,SecondHalf,False,"{'x': 1.5648148148148162, 'y': 0.24800890994708993, 'zoomRatio': 1}",False,True,917464.0,Francesco Pio,Esposito,Francesco Pio Esposito,#010E80,
5749645,2026-08-22T16:30:00.000Z,1,Serie A,Inter,8636,Monza,6504,2958151455,Goal,8636,889535,Yann Aurel Bisseck,91.2,40.385476190999995,63,,False,True,,,36.66875,1.3805263090000002,0.0988367423415184,0.6425570249557495,LeftFoot,RegularPlay,SecondHalf,False,"{'x': 0.29398148148148073, 'y': 0.3652186002645503, 'zoomRatio': 1}",False,True,917464.0,Yann Aurel,Bisseck,Yann Aurel Bisseck,#010E80,
5749645,2026-08-22T16:30:00.000Z,1,Serie A,Inter,8636,Monza,6504,2958154455,AttemptSaved,8636,1199383,Ange-Yoan Bonny,95.4473684198,45.6822929897,66,,True,True,100.5431034486,38.200238096999996,31.559999999999995,1.2199999940000001,0.06283805519342422,0.0,RightFoot,ThrowInSetPiece,SecondHalf,False,"{'x': 1.6455026455026467, 'y': 0.32275132116402117, 'zoomRatio': 1}",False,True,,Ange-Yoan,Bonny,Ange-Yoan Bonny,#010E80,
5749645,2026-08-22T16:30:00.000Z,1,Serie A,Inter,8636,Monza,6504,2958155309,Post,8636,521318,Manuel Akanji,95.4473684198,31.48375,67,,False,False,,,36.135000000000005,2.497,0.05368146672844887,0.0,Header,FromCorner,SecondHalf,False,"{'x': 0.4351851851851839, 'y': 0.6605820105820105, 'zoomRatio': 1}",False,True,,Manuel,Akanji,Manuel Akanji,#010E80,
5749645,2026-08-22T16:30:00.000Z,1,Serie A,Inter,8636,Monza,6504,2958163431,AttemptSaved,6504,799497,Samuele Birindelli,96.0263157884,25.071250000000003,76,,False,True,103.9568965518,30.873749999999998,31.48375,0.3274736826,0.2627582550048828,0.10344056785106659,RightFoot,RegularPlay,SecondHalf,False,"{'x': 1.665674603174603, 'y': 0.08663324936507935, 'zoomRatio': 1}",False,True,772168.0,Samuele,Birindelli,Samuele Birindelli,#e10032,
5749645,2026-08-22T16:30:00.000Z,1,Serie A,Inter,8636,Monza,6504,2958165843,Miss,6504,1189402,Nicolas Galazzi,83.2733009712,42.1771875,78,,False,False,,,39.460952381999995,5.670896561599999,0.05118665471673012,0.0,LeftFoot,RegularPlay,SecondHalf,False,"{'x': 0.3478239750886889, 'y': 0.6772486772486772, 'zoomRatio': 0.45142773672417613}",False,False,,Nicolas,Galazzi,Nicolas Galazzi,#e10032,
5749645,2026-08-22T16:30:00.000Z,1,Serie A,Inter,8636,Monza,6504,2958182587,Miss,8636,1367618,Francesco Pio Esposito,100.1637931038,38.452380954,90,2.0,False,False,,,42.061562499999994,3.3768275888,0.2656235992908478,0.0,Header,RegularPlay,SecondHalf,False,"{'x': 0, 'y': 0.418880035824321, 'zoomRatio': 0.46889173159669767}",False,True,,Francesco Pio,Esposito,Francesco Pio Esposito,#010E80,
5749646,2026-08-22T18:45:00.000Z,1,Serie A,Parma,10167,Cagliari,8529,2958214611,AttemptSaved,8529,1902196,Paul Mendy,98.14912280659999,23.9992356735,4,,True,True,99.1140350876,25.071250000000003,31.48375,1.2199999940000001,0.07083013653755188,0.0,RightFoot,RegularPlay,FirstHalf,False,"{'x': 1.665674603174603, 'y': 0.32275132116402117, 'zoomRatio': 1}",False,True,,Paul,Mendy,Paul Mendy,#B51F2B,
5749646,2026-08-22T18:45:00.000Z,1,Serie A,Parma,10167,Cagliari,8529,2958217341,Miss,10167,1053676,Abdoulaye Ndiaye,101.9655172416,28.454999999,7,,False,False,,,27.53047619,0.9824210478000001,0.1023508757352829,0.0,Header,FromCorner,FirstHalf,False,"{'x': 2, 'y': 0.15185368763640122, 'zoomRatio': 0.5842779331234892}",False,True,,Abdoulaye,Ndiaye,Abdoulaye Ndiaye,#000000,
5749646,2026-08-22T18:45:00.000Z,1,Serie A,Parma,10167,Cagliari,8529,2958221645,Miss,10167,935380,Enrico Del Prato,92.3,32.24625,11,,False,False,,,32.39875,4.940965524800001,0.034251436591148376,0.0,Header,SetPiece,FirstHalf,False,"{'x': 1.2194802693929625, 'y': 0.6772486772486772, 'zoomRatio': 0.518117357255518}",False,True,,Enrico,Del Prato,Enrico Del Prato,#000000,
5749646,2026-08-22T18:45:00.000Z,1,Serie A,Parma,10167,Cagliari,8529,2958223911,AttemptSaved,10167,1054114,El Bilal Touré,84.51213592239999,27.614523809,13,,False,True,97.8596491223,31.636249999999997,34.4575,0.2439999988,0.06397205591201782,0.03357861563563347,RightFoot,RegularPlay,FirstHalf,False,"{'x': 0.8789682539682532, 'y': 0.06455026423280423, 'zoomRatio': 1}",False,False,958422.0,El Bilal,Touré,El Bilal Touré,#000000,
5749646,2026-08-22T18:45:00.000Z,1,Serie A,Parma,10167,Cagliari,8529,2958226299,Miss,8529,1072054,Daniel Maldini,83.0480582528,42.6975,15,,False,False,,,29.547619046,2.0483157794,0.0320393331348896,0.0,RightFoot,RegularPlay,FirstHalf,False,"{'x': 2, 'y': 0.4600495331738859, 'zoomRatio': 0.8489839569105302}",False,False,,Daniel,Maldini,Daniel Maldini,#B51F2B,
5749646,2026-08-22T18:45:00.000Z,1,Serie A,Parma,10167,Cagliari,8529,2958233527,Miss,10167,1844134,Abdou-Salam Konate,80.79563106879999,33.695,20,,False,False,,,39.629047619999994,6.7571034616,0.016549233347177505,0.0,RightFoot,SetPiece,FirstHalf,False,"{'x': 0.4358137215924598, 'y': 0.6772486772486772, 'zoomRatio': 0.3788605597869332}",False,False,,Abdou-Salam,Konate,Abdou-Salam Konate,#000000,
5749646,2026-08-22T18:45:00.000Z,1,Serie A,Parma,10167,Cagliari,8529,2958242333,AttemptSaved,8529,1902196,Paul Mendy,92.3,22.247643316,26,,False,True,104.4310344828,30.72125,32.0175,0.3274736826,0.04340711236000061,0.1886865496635437,RightFoot,RegularPlay,FirstHalf,False,"{'x': 1.5244708994709, 'y': 0.08663324936507935, 'zoomRatio': 1}",False,True,1117310.0,Paul,Mendy,Paul Mendy,#B51F2B,
5749646,2026-08-22T18:45:00.000Z,1,Serie A,Parma,10167,Cagliari,8529,2958254295,Miss,10167,1393542,Christian Ordóñez,87.21176470559999,35.525000000000006,34,,False,False,,,43.3001273835,0.44305262940000006,0.0756162479519844,0.0,RightFoot,RegularPlay,FirstHalf,False,"{'x': 0, 'y': 0.047639415153178495, 'zoomRatio': 0.4064460457505519}",False,False,,Christian,Ordóñez,Christian Ordóñez,#000000,
5749646,2026-08-22T18:45:00.000Z,1,Serie A,Parma,10167,Cagliari,8529,2958256125,AttemptSaved,8529,1902196,Paul Mendy,97.1842105256,38.78857143,36,,True,True,98.7280701752,37.768,34.07625,1.2199999940000001,0.11744308471679688,0.0,RightFoot,RegularPlay,FirstHalf,False,"{'x': 0.9798280423280419, 'y': 0.32275132116402117, 'zoomRatio': 1}",False,True,,Paul,Mendy,Paul Mendy,#B51F2B,
5749646,2026-08-22T18:45:00.000Z,1,Serie A,Parma,10167,Cagliari,8529,2958257371,Miss,8529,957107,Zé Pedro,97.7631578942,32.551249999999996,37,,False,False,,,32.39875,6.513793116,0.17771843075752258,0.0,Header,FromCorner,FirstHalf,False,"{'x': 1.1664843241306966, 'y': 0.6772486772486772, 'zoomRatio': 0.3930121749970543}",False,True,,Zé,Pedro,Zé Pedro,#B51F2B,
5749646,2026-08-22T18:45:00.000Z,1,Serie A,Parma,10167,Cagliari,8529,2958263565,Miss,10167,951714,Adrián Bernabé,83.6111650488,21.4068789844,42,,False,False,,,37.431250000000006,6.635448288800001,0.016568008810281754,0.0,LeftFoot,RegularPlay,FirstHalf,False,"{'x': 0.6497886167341709, 'y': 0.6772486772486772, 'zoomRatio': 0.38580663861415876}",False,False,,Adrián,Bernabé,Adrián Bernabé,#000000,
5749646,2026-08-22T18:45:00.000Z,1,Serie A,Parma,10167,Cagliari,8529,2958266043,Miss,10167,1393542,Christian Ordóñez,94.1929824545,39.96523809599999,44,,False,False,,,25.649375000000003,0.5329473658000001,0.02336222305893898,0.0,Header,SetPiece,FirstHalf,False,"{'x': 2, 'y': 0.06382125479230602, 'zoomRatio': 0.4526607289873516}",False,True,,Christian,Ordóñez,Christian Ordóñez,#000000,
5749646,2026-08-22T18:45:00.000Z,1,Serie A,Parma,10167,Cagliari,8529,2958267361,Miss,8529,449283,Alessandro Deiola,97.8596491223,29.463571426999998,45,1.0,False,False,,,28.791190475,0.1797894728,0.13609068095684052,0.0,Header,SetPiece,FirstHalf,False,"{'x': 2, 'y': 0.034516422982466426, 'zoomRatio': 0.725693650700349}",False,True,1117310.0,Alessandro,Deiola,Alessandro Deiola,#B51F2B,
5749646,2026-08-22T18:45:00.000Z,1,Serie A,Parma,10167,Cagliari,8529,2958295671,Miss,8529,1902196,Paul Mendy,92.5,34.99125,50,,False,False,99.59482758659999,68.0,67.4752606632,1.1622105206000002,0.026475051417946815,0.0,Header,RegularPlay,SecondHalf,False,"{'x': 0, 'y': 0.03471849053822725, 'zoomRatio': 0.11291921033957554}",False,True,,Paul,Mendy,Paul Mendy,#B51F2B,
5749646,2026-08-22T18:45:00.000Z,1,Serie A,Parma,10167,Cagliari,8529,2958297349,AttemptSaved,8529,528453,Harry Winks,81.35873786479999,42.6975,52,,False,True,103.9568965518,34.0,32.551249999999996,0.3659999982,0.03953896835446358,0.0490453839302063,RightFoot,RegularPlay,SecondHalf,False,"{'x': 1.3832671957671967, 'y': 0.09682539634920634, 'zoomRatio': 1}",False,False,1117310.0,Harry,Winks,Harry Winks,#B51F2B,
5749646,2026-08-22T18:45:00.000Z,1,Serie A,Parma,10167,Cagliari,8529,2958302557,AttemptSaved,10167,867789,Emanuele Valeri,76.7412621376,37.355000000000004,58,,False,True,102.72413793119999,34.305,31.7125,0.1219999994,0.014503279700875282,0.04577008634805679,LeftFoot,FreeKick,SecondHalf,False,"{'x': 1.6051587301587305, 'y': 0.032275132116402115, 'zoomRatio': 1}",False,False,958422.0,Emanuele,Valeri,Emanuele Valeri,#000000,
5749646,2026-08-22T18:45:00.000Z,1,Serie A,Parma,10167,Cagliari,8529,2958303057,Miss,10167,1843609,Simone Lontani,93.6,42.581875,59,,False,False,,,37.12625,3.8547586247999996,0.08863047510385513,0.0,LeftFoot,RegularPlay,SecondHalf,False,"{'x': 0.45074416239005677, 'y': 0.6772486772486772, 'zoomRatio': 0.6641142154867928}",False,True,,Simone,Lontani,Simone Lontani,#000000,
5749646,2026-08-22T18:45:00.000Z,1,Serie A,Parma,10167,Cagliari,8529,2958304129,AttemptSaved,8529,1329487,Jacopo Fazzini,87.31911764680001,33.92375,60,,False,True,104.525862069,34.305,36.51625,0.5265263132,0.04471210390329361,0.18307790160179138,RightFoot,RegularPlay,SecondHalf,False,"{'x': 0.33432539682539697, 'y': 0.13929267544973545, 'zoomRatio': 1}",False,False,1117310.0,Jacopo,Fazzini,Jacopo Fazzini,#B51F2B,
5749646,2026-08-22T18:45:00.000Z,1,Serie A,Parma,10167,Cagliari,8529,2958310191,AttemptSaved,8529,936164,Michel Ndary Adopo,97.3771929818,22.247643316,64,,True,True,99.50000000040001,24.6298089222,32.39875,1.2199999940000001,0.04144786298274994,0.0,RightFoot,RegularPlay,SecondHalf,False,"{'x': 1.4236111111111112, 'y': 0.32275132116402117, 'zoomRatio': 1}",False,True,,Michel Ndary,Adopo,Michel Ndary Adopo,#B51F2B,
5749646,2026-08-22T18:45:00.000Z,1,Serie A,Parma,10167,Cagliari,8529,2958310637,AttemptSaved,8529,1705649,Alessandro Romano,94.1929824545,42.581875,65,,False,True,103.9568965518,36.21125,35.448750000000004,0.40452631380000004,0.11620721220970154,0.09215035289525986,LeftFoot,RegularPlay,SecondHalf,False,"{'x': 0.6167328042328032, 'y': 0.10701754333333334, 'zoomRatio': 1}",False,True,1117310.0,Alessandro,Romano,Alessandro Romano,#B51F2B,
5749646,2026-08-22T18:45:00.000Z,1,Serie A,Parma,10167,Cagliari,8529,2958317091,Miss,8529,528453,Harry Winks,86.889705882,37.27875,69,,False,False,,,26.69,3.3768275888,0.041241355240345,0.0,RightFoot,FromCorner,SecondHalf,False,"{'x': 2, 'y': 0.46194631857729124, 'zoomRatio': 0.5170998632010942}",False,False,,Harry,Winks,Harry Winks,#B51F2B,
5749646,2026-08-22T18:45:00.000Z,1,Serie A,Parma,10167,Cagliari,8529,2958322101,Miss,8529,1030646,Gennaro Borrelli,93.2,35.143750000000004,73,,False,False,102.72413793119999,28.118809523000003,27.110238095,0.7127368386,0.03332272917032242,0.0,Header,RegularPlay,SecondHalf,False,"{'x': 2, 'y': 0.10344868929109968, 'zoomRatio': 0.5486401492708768}",False,True,,Gennaro,Borrelli,Gennaro Borrelli,#B51F2B,
5749646,2026-08-22T18:45:00.000Z,1,Serie A,Parma,10167,Cagliari,8529,2958329037,Goal,8529,1705649,Alessandro Romano,77.0791262152,34.4575,79,,False,True,,,36.745000000000005,1.5474736766000001,0.015759378671646118,0.05119812861084938,LeftFoot,RegularPlay,SecondHalf,False,"{'x': 0.2738095238095226, 'y': 0.40938457052910054, 'zoomRatio': 1}",False,False,1117310.0,Alessandro,Romano,Alessandro Romano,#B51F2B,
5749646,2026-08-22T18:45:00.000Z,1,Serie A,Parma,10167,Cagliari,8529,2958333905,Miss,10167,867789,Emanuele Valeri,82.4849514568,46.1727388498,84,,False,False,,,40.049285714999996,0.1797894728,0.02113332785665989,0.0,LeftFoot,RegularPlay,SecondHalf,False,"{'x': 0, 'y': 0.029720777174433742, 'zoomRatio': 0.6248671625192037}",False,False,,Emanuele,Valeri,Emanuele Valeri,#000000,
5749646,2026-08-22T18:45:00.000Z,1,Serie A,Parma,10167,Cagliari,8529,2958338147,Miss,10167,935380,Enrico Del Prato,92.0,31.559999999999995,88,,False,False,,,25.53375,0.5329473658000001,0.020540034398436546,0.0,Header,SetPiece,SecondHalf,False,"{'x': 2, 'y': 0.06294963718293223, 'zoomRatio': 0.446478665288646}",False,True,,Enrico,Del Prato,Enrico Del Prato,#000000,
5749646,2026-08-22T18:45:00.000Z,1,Serie A,Parma,10167,Cagliari,8529,2958342383,AttemptSaved,10167,935380,Enrico Del Prato,93.0,38.872619049,90,2.0,True,True,94.38596491070001,37.94809524,30.645,1.60526315,0.03539713844656944,0.0,RightFoot,FromCorner,SecondHalf,False,"{'x': 1.8875661375661386, 'y': 0.424672791005291, 'zoomRatio': 1}",False,True,,Enrico,Del Prato,Enrico Del Prato,#000000,
5749646,2026-08-22T18:45:00.000Z,1,Serie A,Parma,10167,Cagliari,8529,2958343339,Miss,10167,1460253,Nesta Elphege,97.95614035039999,35.29625000000001,90,3.0,False,False,,,32.551249999999996,4.341379316,0.23803606629371643,0.0,Header,SetPiece,SecondHalf,False,"{'x': 1.2260028322215426, 'y': 0.6772486772486772, 'zoomRatio': 0.5896743439499079}",False,True,,Nesta,Elphege,Nesta Elphege,#000000,
5749647,2026-08-23T18:45:00.000Z,1,Serie A,Torino,9804,Milan,8564,2959073067,Miss,8564,1445650,Alphadjo Cissè,103.103448276,44.4211464923,2,,False,False,,,38.368333335,1.3355789408,0.2514122724533081,0.0,LeftFoot,RegularPlay,FirstHalf,False,"{'x': 0, 'y': 0.3057410775178399, 'zoomRatio': 0.8653185803642427}",False,True,,Alphadjo,Cissè,Alphadjo Cissè,#CF2C27,
5749647,2026-08-23T18:45:00.000Z,1,Serie A,Torino,9804,Milan,8564,2959074921,AttemptSaved,8564,940087,Gonçalo Ramos,97.3771929818,22.597961787499997,3,,True,True,98.535087719,24.0692993678,31.941249999999997,1.2199999940000001,0.05775344371795654,0.0,RightFoot,RegularPlay,FirstHalf,False,"{'x': 1.544642857142858, 'y': 0.32275132116402117, 'zoomRatio': 1}",False,True,,Gonçalo,Ramos,Gonçalo Ramos,#CF2C27,
5749647,2026-08-23T18:45:00.000Z,1,Serie A,Torino,9804,Milan,8564,2959077909,Miss,8564,604982,Ruben Loftus-Cheek,90.2,31.1025,6,,False,False,100.25862069,32.24625,25.2446875,0.44305262940000006,0.044567495584487915,0.0,RightFoot,RegularPlay,FirstHalf,False,"{'x': 2, 'y': 0.05060386244351644, 'zoomRatio': 0.43173787343398645}",False,True,,Ruben,Loftus-Cheek,Ruben Loftus-Cheek,#CF2C27,
5749647,2026-08-23T18:45:00.000Z,1,Serie A,Torino,9804,Milan,8564,2959082371,AttemptSaved,9804,469615,Giovanni Simeone,95.73684210409999,26.0540625,9,,True,True,96.4122807008,26.574375,34.38125,1.2199999940000001,0.06620556861162186,0.0,RightFoot,RegularPlay,FirstHalf,False,"{'x': 0.8991402116402113, 'y': 0.32275132116402117, 'zoomRatio': 1}",False,True,,Giovanni,Simeone,Giovanni Simeone,#80110B,
5749647,2026-08-23T18:45:00.000Z,1,Serie A,Torino,9804,Milan,8564,2959094201,AttemptSaved,8564,604982,Ruben Loftus-Cheek,96.79824561320001,27.278333333000003,21,,True,True,97.4736842099,27.782619046999997,32.551249999999996,1.2199999940000001,0.07415814697742462,0.0,RightFoot,RegularPlay,FirstHalf,False,"{'x': 1.3832671957671967, 'y': 0.32275132116402117, 'zoomRatio': 1}",False,True,,Ruben,Loftus-Cheek,Ruben Loftus-Cheek,#CF2C27,
5749647,2026-08-23T18:45:00.000Z,1,Serie A,Torino,9804,Milan,8564,2959096447,AttemptSaved,8564,688278,Pervis Estupinán,96.3157894727,36.5925,23,,True,True,98.14912280659999,36.2875,35.220000000000006,1.2199999940000001,0.0629688948392868,0.0,Header,RegularPlay,FirstHalf,False,"{'x': 0.6772486772486757, 'y': 0.32275132116402117, 'zoomRatio': 1}",False,True,,Pervis,Estupinán,Pervis Estupinán,#CF2C27,
5749647,2026-08-23T18:45:00.000Z,1,Serie A,Torino,9804,Milan,8564,2959098467,Miss,8564,604982,Ruben Loftus-Cheek,99.784482759,25.071250000000003,25,,False,False,,,26.69,0.6228421022,0.07954730093479156,0.0,RightFoot,RegularPlay,FirstHalf,False,"{'x': 2, 'y': 0.0852041179480164, 'zoomRatio': 0.5170998632010942}",False,True,,Ruben,Loftus-Cheek,Ruben Loftus-Cheek,#CF2C27,
5749647,2026-08-23T18:45:00.000Z,1,Serie A,Torino,9804,Milan,8564,2959102609,AttemptSaved,8564,1445650,Alphadjo Cissè,90.1,47.4338853472,28,,True,True,94.2894736826,44.1408917151,32.09375,1.2199999940000001,0.05671776458621025,0.0,RightFoot,RegularPlay,FirstHalf,False,"{'x': 1.5042989417989419, 'y': 0.32275132116402117, 'zoomRatio': 1}",False,True,,Alphadjo,Cissè,Alphadjo Cissè,#CF2C27,
5749647,2026-08-23T18:45:00.000Z,1,Serie A,Torino,9804,Milan,8564,2959105357,AttemptSaved,8564,688300,Samuel Chukwueze,96.3157894727,24.139363062099996,30,,False,True,103.4827586208,30.304,31.559999999999995,0.20547368320000003,0.07897531241178513,0.11397939175367355,LeftFoot,RegularPlay,FirstHalf,False,"{'x': 1.6455026455026467, 'y': 0.05435811724867726, 'zoomRatio': 1}",False,True,1577119.0,Samuel,Chukwueze,Samuel Chukwueze,#CF2C27,
5749647,2026-08-23T18:45:00.000Z,1,Serie A,Torino,9804,Milan,8564,2959105381,Miss,8564,688300,Samuel Chukwueze,94.675438595,27.950714285,30,,False,False,,,45.4020382125,6.635448288800001,0.06834559887647629,0.0,LeftFoot,RegularPlay,FirstHalf,False,"{'x': 1.1102230246251565e-16, 'y': 0.581952819762136, 'zoomRatio': 0.33151967477674327}",False,True,,Samuel,Chukwueze,Samuel Chukwueze,#CF2C27,
5749647,2026-08-23T18:45:00.000Z,1,Serie A,Torino,9804,Milan,8564,2959108563,Miss,8564,1445650,Alphadjo Cissè,101.9655172416,44.981656046699996,32,,False,False,,,38.620476192,1.5153684136,0.021306395530700684,0.0,Header,RegularPlay,FirstHalf,False,"{'x': 0, 'y': 0.32796801685154114, 'zoomRatio': 0.8180974953501073}",False,True,,Alphadjo,Cissè,Alphadjo Cissè,#CF2C27,
5749647,2026-08-23T18:45:00.000Z,1,Serie A,Torino,9804,Milan,8564,2959146371,Miss,8564,604982,Ruben Loftus-Cheek,94.09649122639999,30.797499999999996,46,,False,False,,,25.8228125,0.6228421022,0.03317418694496155,0.0,Header,RegularPlay,SecondHalf,False,"{'x': 2, 'y': 0.07616825494095615, 'zoomRatio': 0.4622616272404172}",False,True,,Ruben,Loftus-Cheek,Ruben Loftus-Cheek,#CF2C27,
5749647,2026-08-23T18:45:00.000Z,1,Serie A,Torino,9804,Milan,8564,2959152929,Miss,9804,941953,Saúl Coco,96.8947368413,25.938437500000003,53,,False,False,,,42.061562499999994,1.3355789408,0.015124072320759296,0.0,OtherBodyParts,SetPiece,SecondHalf,False,"{'x': 0, 'y': 0.16567246619994588, 'zoomRatio': 0.46889173159669767}",False,True,466439.0,Saúl,Coco,Saúl Coco,#80110B,
5749647,2026-08-23T18:45:00.000Z,1,Serie A,Torino,9804,Milan,8564,2959153653,Miss,8564,940087,Gonçalo Ramos,96.3157894727,41.225952381,54,,False,False,,,35.3725,4.7063448344,0.0306318998336792,0.0,Header,RegularPlay,SecondHalf,False,"{'x': 0.8024956006772688, 'y': 0.6772486772486772, 'zoomRatio': 0.5439465423970294}",False,True,,Gonçalo,Ramos,Gonçalo Ramos,#CF2C27,
5749647,2026-08-23T18:45:00.000Z,1,Serie A,Torino,9804,Milan,8564,2959155811,Miss,8564,940087,Gonçalo Ramos,96.0263157884,36.440000000000005,57,,False,False,99.3070175438,42.119375,53.5294267513,0.44305262940000006,0.05999956279993057,0.0,Header,RegularPlay,SecondHalf,False,"{'x': 1.1102230246251565e-16, 'y': 0.02268641240944298, 'zoomRatio': 0.1935540683368179}",False,True,,Gonçalo,Ramos,Gonçalo Ramos,#CF2C27,
5749647,2026-08-23T18:45:00.000Z,1,Serie A,Torino,9804,Milan,8564,2959156419,AttemptSaved,8564,1200630,Koni De Winter,101.681034483,29.211428570000002,58,,True,True,102.06034482780001,29.715714284,32.17,1.2199999940000001,0.14150851964950562,0.0,Header,FromCorner,SecondHalf,False,"{'x': 1.4841269841269837, 'y': 0.32275132116402117, 'zoomRatio': 1}",False,True,,Koni,De Winter,Koni De Winter,#CF2C27,
5749647,2026-08-23T18:45:00.000Z,1,Serie A,Torino,9804,Milan,8564,2959160219,AttemptSaved,9804,469615,Giovanni Simeone,91.1,33.00875,63,,True,True,96.1228070165,33.31375,33.8475,1.2199999940000001,0.14259198307991028,0.0,RightFoot,RegularPlay,SecondHalf,False,"{'x': 1.0403439153439162, 'y': 0.32275132116402117, 'zoomRatio': 1}",False,True,,Giovanni,Simeone,Giovanni Simeone,#80110B,
5749647,2026-08-23T18:45:00.000Z,1,Serie A,Torino,9804,Milan,8564,2959162121,Goal,8564,1445650,Alphadjo Cissè,93.8,42.581875,64,,False,True,,,31.7125,1.3419999934,0.17645078897476196,0.7729272246360779,RightFoot,RegularPlay,SecondHalf,False,"{'x': 1.6051587301587305, 'y': 0.35502645328042326, 'zoomRatio': 1}",False,True,1577119.0,Alphadjo,Cissè,Alphadjo Cissè,#CF2C27,
5749647,2026-08-23T18:45:00.000Z,1,Serie A,Torino,9804,Milan,8564,2959164467,Goal,8564,352879,Adrien Rabiot,101.8706896554,37.756,66,,False,True,,,36.51625,1.5474736766000001,0.3983008563518524,0.8092899322509766,LeftFoot,RegularPlay,SecondHalf,False,"{'x': 0.33432539682539697, 'y': 0.40938457052910054, 'zoomRatio': 1}",False,True,1577119.0,Adrien,Rabiot,Adrien Rabiot,#CF2C27,
5749647,2026-08-23T18:45:00.000Z,1,Serie A,Torino,9804,Milan,8564,2959167343,AttemptSaved,8564,940087,Gonçalo Ramos,92.0,37.708,69,,True,True,93.8,37.58375000000001,35.0675,1.2199999940000001,0.09566932916641235,0.0,RightFoot,RegularPlay,SecondHalf,False,"{'x': 0.7175925925925919, 'y': 0.32275132116402117, 'zoomRatio': 1}",False,True,,Gonçalo,Ramos,Gonçalo Ramos,#CF2C27,
5749647,2026-08-23T18:45:00.000Z,1,Serie A,Torino,9804,Milan,8564,2959167853,Miss,8564,921341,Alexis Saelemaekers,90.8,35.29625000000001,69,,False,False,,,36.66875,5.0626206976,0.13938984274864197,0.0,LeftFoot,RegularPlay,SecondHalf,False,"{'x': 0.6429897645177658, 'y': 0.6772486772486772, 'zoomRatio': 0.5056669564863117}",False,True,,Alexis,Saelemaekers,Alexis Saelemaekers,#CF2C27,
5749647,2026-08-23T18:45:00.000Z,1,Serie A,Torino,9804,Milan,8564,2959170809,AttemptSaved,8564,940087,Gonçalo Ramos,101.3965517244,38.116190478,72,,False,True,104.3362068966,36.8975,36.05875,0.2439999988,0.2806640565395355,0.3503383994102478,LeftFoot,RegularPlay,SecondHalf,False,"{'x': 0.455357142857142, 'y': 0.06455026423280423, 'zoomRatio': 1}",False,True,1577119.0,Gonçalo,Ramos,Gonçalo Ramos,#CF2C27,
5749647,2026-08-23T18:45:00.000Z,1,Serie A,Torino,9804,Milan,8564,2959173897,Post,9804,1607014,Alieu Njie,100.06896551759999,45.1918471296,74,,False,False,,,37.696,1.4639999928,0.10095422714948654,0.0,RightFoot,FastBreak,SecondHalf,False,"{'x': 0.02222222222222281, 'y': 0.38730158539682535, 'zoomRatio': 1}",False,True,,Alieu,Njie,Alieu Njie,#80110B,
5749647,2026-08-23T18:45:00.000Z,1,Serie A,Torino,9804,Milan,8564,2959180055,Miss,9804,1529222,Pietro Comuzzo,95.9298245603,34.07625,79,,False,False,,,37.50750000000001,5.7925517344,0.4861588180065155,0.0,LeftFoot,ThrowInSetPiece,SecondHalf,False,"{'x': 0.5899130738284563, 'y': 0.6772486772486772, 'zoomRatio': 0.4419468512981988}",False,True,,Pietro,Comuzzo,Pietro Comuzzo,#80110B,
5749647,2026-08-23T18:45:00.000Z,1,Serie A,Torino,9804,Milan,8564,2959184593,Miss,9804,1218556,Kian Fitz-Jim,81.6966019424,49.605859870500005,83,,False,False,,,22.037452233099998,1.3355789408,0.024121278896927834,0.0,RightFoot,RegularPlay,SecondHalf,False,"{'x': 2, 'y': 0.1116466965754156, 'zoomRatio': 0.3159861990653147}",False,False,,Kian,Fitz-Jim,Kian Fitz-Jim,#80110B,
5749647,2026-08-23T18:45:00.000Z,1,Serie A,Torino,9804,Milan,8564,2959185415,Miss,9804,846761,Zakaria Aboukhlal,98.0526315785,28.623095236999998,84,,False,False,,,28.707142856,1.4254736772,0.3318435847759247,0.0,LeftFoot,RegularPlay,SecondHalf,False,"{'x': 2, 'y': 0.2693202628406328, 'zoomRatio': 0.7141700403316238}",False,True,,Zakaria,Aboukhlal,Zakaria Aboukhlal,#80110B,
5749647,2026-08-23T18:45:00.000Z,1,Serie A,Torino,9804,Milan,8564,2959194717,Goal,9804,599353,Ché Adams,94.38596491070001,37.708,90,3.0,False,True,,,30.797499999999996,1.7465263072000001,0.11817506700754166,0.8908358216285706,RightFoot,SetPiece,SecondHalf,False,"{'x': 1.8472222222222223, 'y': 0.4620439966137566, 'zoomRatio': 1}",False,True,466439.0,Ché,Adams,Ché Adams,#80110B,
5749648,2026-08-22T16:30:00.000Z,1,Serie A,Udinese,8600,Como,10171,2958047941,AttemptSaved,10171,1384881,Álex Valle,90.1,51.5676433109,2,,True,True,91.1,51.35745222800001,35.525000000000006,1.2199999940000001,0.012789441272616386,0.0,LeftFoot,RegularPlay,FirstHalf,False,"{'x': 0.5965608465608451, 'y': 0.32275132116402117, 'zoomRatio': 1}",False,True,,Álex,Valle,Álex Valle,#005ea9,
5749648,2026-08-22T16:30:00.000Z,1,Serie A,Udinese,8600,Como,10171,2958065523,AttemptSaved,8600,818893,Nicolò Zaniolo,81.35873786479999,37.696,15,,True,True,85.6014705876,37.431250000000006,35.143750000000004,1.2199999940000001,0.034214895218610764,0.0,LeftFoot,RegularPlay,FirstHalf,False,"{'x': 0.6974206349206338, 'y': 0.32275132116402117, 'zoomRatio': 1}",False,False,,Nicolò,Zaniolo,Nicolò Zaniolo,#101010,
5749648,2026-08-22T16:30:00.000Z,1,Serie A,Udinese,8600,Como,10171,2958065575,Miss,8600,560945,Mërgim Vojvoda,93.0,19.445095544,15,,False,False,,,42.46625,0.5329473658000001,0.0381317101418972,0.0,RightFoot,RegularPlay,FirstHalf,False,"{'x': 0, 'y': 0.06294963718293223, 'zoomRatio': 0.446478665288646}",False,True,,Mërgim,Vojvoda,Mërgim Vojvoda,#101010,
5749648,2026-08-22T16:30:00.000Z,1,Serie A,Udinese,8600,Como,10171,2958068407,AttemptSaved,8600,488415,Hassane Kamara,85.17205882280001,46.7332484042,17,,False,True,101.9655172416,35.83,35.525000000000006,0.9374736796,0.028200598433613777,0.19247247278690338,LeftFoot,RegularPlay,FirstHalf,False,"{'x': 0.5965608465608451, 'y': 0.24800890994708993, 'zoomRatio': 1}",False,False,560939.0,Hassane,Kamara,Hassane Kamara,#101010,
5749648,2026-08-22T16:30:00.000Z,1,Serie A,Udinese,8600,Como,10171,2958072607,AttemptSaved,10171,1624039,Jesús Rodríguez,101.8706896554,21.7571974559,22,,True,True,102.4396551726,23.718980896300003,31.78875,1.2199999940000001,0.02843090146780014,0.0,RightFoot,RegularPlay,FirstHalf,False,"{'x': 1.5849867724867723, 'y': 0.32275132116402117, 'zoomRatio': 1}",False,True,1091193.0,Jesús,Rodríguez,Jesús Rodríguez,#005ea9,
5749648,2026-08-22T16:30:00.000Z,1,Serie A,Udinese,8600,Como,10171,2958073215,Miss,10171,1624039,Jesús Rodríguez,91.0,34.838750000000005,23,,False,False,,,31.865,5.670896561599999,0.07112665474414825,0.0,RightFoot,FromCorner,FirstHalf,False,"{'x': 1.2549730735201372, 'y': 0.6772486772486772, 'zoomRatio': 0.45142773672417613}",False,True,,Jesús,Rodríguez,Jesús Rodríguez,#005ea9,
5749648,2026-08-22T16:30:00.000Z,1,Serie A,Udinese,8600,Como,10171,2958074219,AttemptSaved,8600,818893,Nicolò Zaniolo,85.70882352880001,42.46625,24,,True,True,96.50877192889999,37.431250000000006,32.70374999999999,1.2199999940000001,0.0526459664106369,0.0,LeftFoot,RegularPlay,FirstHalf,False,"{'x': 1.3429232804232825, 'y': 0.32275132116402117, 'zoomRatio': 1}",False,False,,Nicolò,Zaniolo,Nicolò Zaniolo,#101010,
5749648,2026-08-22T16:30:00.000Z,1,Serie A,Udinese,8600,Como,10171,2958074291,Miss,8600,689987,Jakub Piotrowski,77.1917475744,33.39,24,,False,False,,,42.46625,0.7127368386,0.014784268103539944,0.0,RightFoot,RegularPlay,FirstHalf,False,"{'x': 0, 'y': 0.08418565936512622, 'zoomRatio': 0.446478665288646}",False,False,,Jakub,Piotrowski,Jakub Piotrowski,#101010,
5749648,2026-08-22T16:30:00.000Z,1,Serie A,Udinese,8600,Como,10171,2958075751,Miss,8600,488415,Hassane Kamara,73.02475728399999,49.7459872591,26,,False,False,,,41.483437499999994,0.7127368386,0.011035948060452938,0.0,LeftFoot,RegularPlay,FirstHalf,False,"{'x': 0, 'y': 0.095241904352111, 'zoomRatio': 0.5051154633148207}",False,False,,Hassane,Kamara,Hassane Kamara,#101010,
5749648,2026-08-22T16:30:00.000Z,1,Serie A,Udinese,8600,Como,10171,2958077669,Goal,8600,488415,Hassane Kamara,91.6,41.9459375,29,,False,True,,,30.873749999999998,0.4879999976,0.5345569849014282,0.7761546969413757,LeftFoot,FastBreak,FirstHalf,False,"{'x': 1.8270502645502642, 'y': 0.12910052846560846, 'zoomRatio': 1}",False,True,560939.0,Hassane,Kamara,Hassane Kamara,#101010,
5749648,2026-08-22T16:30:00.000Z,1,Serie A,Udinese,8600,Como,10171,2958080131,Miss,8600,1532261,Idrissa Gueye,92.5,31.7125,31,,False,False,,,47.994394901599996,2.2281052522,0.03140155225992203,0.0,Header,RegularPlay,FirstHalf,False,"{'x': 0, 'y': 0.15921411878589037, 'zoomRatio': 0.27010814162231683}",False,True,,Idrissa,Gueye,Idrissa Gueye,#101010,
5749648,2026-08-22T16:30:00.000Z,1,Serie A,Udinese,8600,Como,10171,2958085759,Miss,8600,934156,Jurgen Ekkelenkamp,90.5,63.802085305599995,35,,False,False,,,21.7571974559,6.7571034616,0.025177214294672012,0.0,RightFoot,FreeKick,FirstHalf,False,"{'x': 2, 'y': 0.5519245644336847, 'zoomRatio': 0.3087528355034723}",False,False,,Jurgen,Ekkelenkamp,Jurgen Ekkelenkamp,#101010,
5749648,2026-08-22T16:30:00.000Z,1,Serie A,Udinese,8600,Como,10171,2958098061,AttemptSaved,10171,873270,Anastasios Douvikas,97.8596491223,32.09375,43,,False,True,103.9568965518,33.695,33.5425,2.3179999886000004,0.09739670902490616,0.24076740443706512,Header,FromCorner,FirstHalf,False,"{'x': 1.121031746031747, 'y': 0.6132275102116402, 'zoomRatio': 1}",False,True,1091193.0,Anastasios,Douvikas,Anastasios Douvikas,#005ea9,
5749648,2026-08-22T16:30:00.000Z,1,Serie A,Udinese,8600,Como,10171,2958098673,AttemptSaved,10171,1215064,Martin Baturina,83.0480582528,24.84,43,,True,True,96.4122807008,31.636249999999997,37.05,1.2199999940000001,0.026240291073918343,0.0,RightFoot,FromCorner,FirstHalf,False,"{'x': 0.19312169312169392, 'y': 0.32275132116402117, 'zoomRatio': 1}",False,False,,Martin,Baturina,Martin Baturina,#005ea9,
5749648,2026-08-22T16:30:00.000Z,1,Serie A,Udinese,8600,Como,10171,2958099625,AttemptSaved,10171,1384881,Álex Valle,83.2733009712,37.684,44,,True,True,87.7485294116,37.2025,34.38125,1.2199999940000001,0.03426874428987503,0.0,LeftFoot,FromCorner,FirstHalf,False,"{'x': 0.8991402116402113, 'y': 0.32275132116402117, 'zoomRatio': 1}",False,False,,Álex,Valle,Álex Valle,#005ea9,
5749648,2026-08-22T16:30:00.000Z,1,Serie A,Udinese,8600,Como,10171,2958099857,Miss,10171,1109171,Yan Couto,74.82669903120001,29.547619046,44,,False,False,,,33.39,5.670896561599999,0.01685292273759842,0.0,RightFoot,FromCorner,FirstHalf,False,"{'x': 1.0728494495771819, 'y': 0.6772486772486772, 'zoomRatio': 0.45142773672417613}",False,False,,Yan,Couto,Yan Couto,#005ea9,
5749648,2026-08-22T16:30:00.000Z,1,Serie A,Udinese,8600,Como,10171,2958132549,AttemptSaved,10171,1347574,Nico Paz,76.5160194192,25.418125,46,,False,True,103.103448276,33.61875,36.51625,0.40452631380000004,0.03233032673597336,0.08286742120981216,LeftFoot,RegularPlay,SecondHalf,False,"{'x': 0.33432539682539697, 'y': 0.10701754333333334, 'zoomRatio': 1}",False,False,1091193.0,Nico,Paz,Nico Paz,#005ea9,
5749648,2026-08-22T16:30:00.000Z,1,Serie A,Udinese,8600,Como,10171,2958136333,Miss,8600,1532261,Idrissa Gueye,90.4,51.847898088099996,49,,False,False,,,40.637619048000005,5.0626206976,0.21175691485404968,0.0,LeftFoot,RegularPlay,SecondHalf,False,"{'x': 0.11205697822282235, 'y': 0.6772486772486772, 'zoomRatio': 0.5056669564863117}",False,True,,Idrissa,Gueye,Idrissa Gueye,#101010,
5749648,2026-08-22T16:30:00.000Z,1,Serie A,Udinese,8600,Como,10171,2958142373,Miss,8600,560945,Mërgim Vojvoda,94.675438595,19.5852229326,52,,False,False,,,31.48375,6.635448288800001,0.02962048351764679,0.0,RightFoot,RegularPlay,SecondHalf,False,"{'x': 1.2568216810616075, 'y': 0.6772486772486772, 'zoomRatio': 0.38580663861415876}",False,True,,Mërgim,Vojvoda,Mërgim Vojvoda,#101010,
5749648,2026-08-22T16:30:00.000Z,1,Serie A,Udinese,8600,Como,10171,2958143207,AttemptSaved,10171,873270,Anastasios Douvikas,92.3,20.2858598756,53,,True,True,93.4,21.3368152901,33.00875,1.2199999940000001,0.02267131395637989,0.0,RightFoot,RegularPlay,SecondHalf,False,"{'x': 1.26223544973545, 'y': 0.32275132116402117, 'zoomRatio': 1}",False,True,,Anastasios,Douvikas,Anastasios Douvikas,#005ea9,
5749648,2026-08-22T16:30:00.000Z,1,Serie A,Udinese,8600,Como,10171,2958144269,AttemptSaved,10171,793907,Trevoh Chalobah,96.0263157884,34.68625,54,,False,True,103.4827586208,33.695,32.551249999999996,1.0594736790000001,0.06783191859722137,0.09887764602899551,Header,FromCorner,SecondHalf,False,"{'x': 1.3832671957671967, 'y': 0.28028404206349206, 'zoomRatio': 1}",False,True,1091193.0,Trevoh,Chalobah,Trevoh Chalobah,#005ea9,
5749648,2026-08-22T16:30:00.000Z,1,Serie A,Udinese,8600,Como,10171,2958144319,Goal,10171,873270,Anastasios Douvikas,101.9655172416,31.865,54,,False,True,,,32.0175,1.0145263108,0.5129973292350769,0.9171686768531799,RightFoot,FromCorner,SecondHalf,False,"{'x': 1.5244708994709, 'y': 0.2683932039153439, 'zoomRatio': 1}",False,True,1091193.0,Anastasios,Douvikas,Anastasios Douvikas,#005ea9,
5749648,2026-08-22T16:30:00.000Z,1,Serie A,Udinese,8600,Como,10171,2958152135,Miss,8600,818893,Nicolò Zaniolo,94.7719298231,23.5788535077,56,,False,False,,,43.5103184664,0.5329473658000001,0.08160655200481415,0.0,LeftFoot,SetPiece,SecondHalf,False,"{'x': 0, 'y': 0.05603885586827672, 'zoomRatio': 0.39746303063927435}",False,True,,Nicolò,Zaniolo,Nicolò Zaniolo,#101010,
5749648,2026-08-22T16:30:00.000Z,1,Serie A,Udinese,8600,Como,10171,2958149739,AttemptSaved,10171,1347574,Nico Paz,76.1781553416,37.12625,58,,True,True,79.3315533992,36.745000000000005,33.466249999999995,1.2199999940000001,0.013211950659751892,0.0,LeftFoot,RegularPlay,SecondHalf,False,"{'x': 1.141203703703705, 'y': 0.32275132116402117, 'zoomRatio': 1}",False,False,,Nico,Paz,Nico Paz,#005ea9,
5749648,2026-08-22T16:30:00.000Z,1,Serie A,Udinese,8600,Como,10171,2958152945,AttemptSaved,10171,873270,Anastasios Douvikas,95.35087719170001,30.316,61,,False,True,103.577586207,32.779999999999994,35.90625,0.0834736838,0.1919945478439331,0.6102330684661865,LeftFoot,FastBreak,SecondHalf,False,"{'x': 0.49570105820105825, 'y': 0.02208298513227513, 'zoomRatio': 1}",False,True,1091193.0,Anastasios,Douvikas,Anastasios Douvikas,#005ea9,
5749648,2026-08-22T16:30:00.000Z,1,Serie A,Udinese,8600,Como,10171,2958153225,Miss,10171,1434889,Assane Diao,93.0,48.34471337309999,61,,False,False,,,32.9325,6.3921379432,0.022361204028129578,0.0,LeftFoot,RegularPlay,SecondHalf,False,"{'x': 1.1131019025851996, 'y': 0.6772486772486772, 'zoomRatio': 0.40049198292464033}",False,True,,Assane,Diao,Assane Diao,#005ea9,
5749648,2026-08-22T16:30:00.000Z,1,Serie A,Udinese,8600,Como,10171,2958156311,Miss,10171,1434889,Assane Diao,91.4,48.905222927500006,65,,False,False,,,38.032142859000004,0.3595789456,0.030800437554717064,0.0,RightFoot,RegularPlay,SecondHalf,False,"{'x': 0, 'y': 0.089178126414196, 'zoomRatio': 0.9374667843334954}",False,True,,Assane,Diao,Assane Diao,#005ea9,
5749648,2026-08-22T16:30:00.000Z,1,Serie A,Udinese,8600,Como,10171,2958159183,Miss,8600,1532261,Idrissa Gueye,98.8245614033,35.29625000000001,68,,False,False,,,35.0675,4.341379316,0.17702656984329224,0.0,Header,RegularPlay,SecondHalf,False,"{'x': 0.8334715973104423, 'y': 0.6772486772486772, 'zoomRatio': 0.5896743439499079}",False,True,,Idrissa,Gueye,Idrissa Gueye,#101010,
5749648,2026-08-22T16:30:00.000Z,1,Serie A,Udinese,8600,Como,10171,2958166239,AttemptSaved,10171,1593861,Mattia Liberali,87.6411764704,20.2858598756,75,,False,True,103.19827586219999,32.474999999999994,30.416249999999994,0.8925263114,0.01769847422838211,0.2400675117969513,LeftFoot,RegularPlay,SecondHalf,False,"{'x': 1.948082010582013, 'y': 0.2361180717989418, 'zoomRatio': 1}",False,False,1091193.0,Mattia,Liberali,Mattia Liberali,#005ea9,
5749648,2026-08-22T16:30:00.000Z,1,Serie A,Udinese,8600,Como,10171,2958169651,AttemptSaved,10171,1347574,Nico Paz,88.28529411759999,37.72,78,,True,True,90.5,37.696,36.5925,1.2199999940000001,0.045107826590538025,0.0,LeftFoot,RegularPlay,SecondHalf,False,"{'x': 0.31415343915343885, 'y': 0.32275132116402117, 'zoomRatio': 1}",False,False,,Nico,Paz,Nico Paz,#005ea9,
5749648,2026-08-22T16:30:00.000Z,1,Serie A,Udinese,8600,Como,10171,2958172269,Miss,10171,1593861,Mattia Liberali,90.4,41.9459375,80,,False,False,,,28.707142856,0.1797894728,0.039848919957876205,0.0,LeftFoot,RegularPlay,SecondHalf,False,"{'x': 2, 'y': 0.033968321439359093, 'zoomRatio': 0.7141700403316238}",False,True,,Mattia,Liberali,Mattia Liberali,#005ea9,
5749648,2026-08-22T16:30:00.000Z,1,Serie A,Udinese,8600,Como,10171,2958173187,AttemptSaved,8600,1399969,Lennon Miller,96.3157894727,21.547006373000002,81,,False,True,103.9568965518,31.4075,32.474999999999994,0.6934736808,0.03476591780781746,0.05382123589515686,RightFoot,RegularPlay,SecondHalf,False,"{'x': 1.4034391534391548, 'y': 0.18345864571428572, 'zoomRatio': 1}",False,True,560939.0,Lennon,Miller,Lennon Miller,#101010,
5749648,2026-08-22T16:30:00.000Z,1,Serie A,Udinese,8600,Como,10171,2958173251,Miss,8600,934156,Jurgen Ekkelenkamp,96.3157894727,30.22,81,,False,False,99.01754385950001,26.774047619,21.897324844499998,3.0118620704000003,0.10434486716985703,0.0,LeftFoot,RegularPlay,SecondHalf,False,"{'x': 2, 'y': 0.24885920110243345, 'zoomRatio': 0.3123276425610909}",False,True,,Jurgen,Ekkelenkamp,Jurgen Ekkelenkamp,#101010,
5749648,2026-08-22T16:30:00.000Z,1,Serie A,Udinese,8600,Como,10171,2958177367,Miss,10171,1347574,Nico Paz,96.50877192889999,34.22875,84,,False,False,100.5431034486,45.542165601099995,48.134522290199996,0.2696842092,0.05641266703605652,0.0,Header,FromCorner,SecondHalf,False,"{'x': 0, 'y': 0.019079824819193385, 'zoomRatio': 0.26743033279736794}",False,True,,Nico,Paz,Nico Paz,#005ea9,
5749648,2026-08-22T16:30:00.000Z,1,Serie A,Udinese,8600,Como,10171,2958177821,Miss,8600,644738,Vakoun Issouf Bayo,96.79824561320001,25.302500000000002,84,,False,False,,,17.9036942694,1.1622105206000002,0.43501606583595276,0.0,RightFoot,RegularPlay,SecondHalf,False,"{'x': 2, 'y': 0.07220355652108244, 'zoomRatio': 0.2348364937436547}",False,True,,Vakoun Issouf,Bayo,Vakoun Issouf Bayo,#101010,
5749648,2026-08-22T16:30:00.000Z,1,Serie A,Udinese,8600,Como,10171,2958182179,Miss,8600,644738,Vakoun Issouf Bayo,98.24561403470001,30.416249999999994,88,,False,False,,,33.695,3.8547586247999996,0.3012307584285736,0.0,LeftFoot,RegularPlay,SecondHalf,False,"{'x': 1.0535859353765797, 'y': 0.6772486772486772, 'zoomRatio': 0.6641142154867928}",False,True,,Vakoun Issouf,Bayo,Vakoun Issouf Bayo,#101010,
5749648,2026-08-22T16:30:00.000Z,1,Serie A,Udinese,8600,Como,10171,2958189191,Post,10171,1413963,Jacobo Ramón,100.3534482762,33.77125,90,5.0,False,False,,,33.8475,2.497,0.19763359427452087,0.0,Header,FromCorner,SecondHalf,False,"{'x': 1.0403439153439162, 'y': 0.6605820105820105, 'zoomRatio': 1}",False,True,,Jacobo,Ramón,Jacobo Ramón,#005ea9,
5749649,2026-08-23T16:30:00.000Z,1,Serie A,Venezia,7881,Lecce,9888,2958930751,Miss,7881,1290968,Antoine Hainaut,87.7485294116,20.706242041399996,8,,False,False,,,41.5990625,0.0898947364,0.034793756902217865,0.0,RightFoot,RegularPlay,FirstHalf,False,"{'x': 0, 'y': 0.011829714046963025, 'zoomRatio': 0.4974297816342475}",False,False,,Antoine,Hainaut,Antoine Hainaut,#101010,
5749649,2026-08-23T16:30:00.000Z,1,Serie A,Venezia,7881,Lecce,9888,2958934307,Miss,7881,845368,John Yeboah,96.50877192889999,25.8228125,11,,False,False,97.4736842099,33.466249999999995,45.9625477669,0.8925263114,0.03731540963053703,0.0,LeftFoot,SetPiece,FirstHalf,False,"{'x': 0, 'y': 0.0746100520383787, 'zoomRatio': 0.3159861990653147}",False,True,,John,Yeboah,John Yeboah,#101010,
5749649,2026-08-23T16:30:00.000Z,1,Serie A,Venezia,7881,Lecce,9888,2958934353,Miss,7881,958640,Akor Adams,97.7631578942,37.2025,11,,False,False,,,34.68625,4.0980689704,0.12175656855106354,0.0,Header,SetPiece,FirstHalf,False,"{'x': 0.8865900237114502, 'y': 0.6772486772486772, 'zoomRatio': 0.6246844595566009}",False,True,,Akor,Adams,Akor Adams,#101010,
5749649,2026-08-23T16:30:00.000Z,1,Serie A,Venezia,7881,Lecce,9888,2958941003,AttemptSaved,7881,992052,Thierry Correia,93.4,40.805714286,16,,True,True,94.7719298231,39.881190477,33.8475,1.2199999940000001,0.06443345546722412,0.0,RightFoot,RegularPlay,FirstHalf,False,"{'x': 1.0403439153439162, 'y': 0.32275132116402117, 'zoomRatio': 1}",False,True,,Thierry,Correia,Thierry Correia,#101010,
5749649,2026-08-23T16:30:00.000Z,1,Serie A,Venezia,7881,Lecce,9888,2958945075,AttemptSaved,7881,845368,John Yeboah,93.3,26.458750000000002,22,,False,True,98.92105263139999,30.244,35.220000000000006,0.8539999958000001,0.1813890039920807,0.5066704750061035,LeftFoot,FastBreak,FirstHalf,False,"{'x': 0.6772486772486757, 'y': 0.22592592481481483, 'zoomRatio': 1}",False,True,362200.0,John,Yeboah,John Yeboah,#101010,
5749649,2026-08-23T16:30:00.000Z,1,Serie A,Venezia,7881,Lecce,9888,2958946005,Miss,9888,1027594,Konan N’Dri,83.2733009712,44.841528658099996,23,,False,False,98.14912280659999,32.474999999999994,20.3559235699,0.44305262940000006,0.037525638937950134,0.0,LeftFoot,FastBreak,FirstHalf,False,"{'x': 2, 'y': 0.032472159744179385, 'zoomRatio': 0.27704330295753815}",False,False,,Konan,N’Dri,Konan N’Dri,#e12300,
5749649,2026-08-23T16:30:00.000Z,1,Serie A,Venezia,7881,Lecce,9888,2958946547,Miss,7881,992052,Thierry Correia,78.7684466032,41.057857143,24,,False,False,,,48.554904456,0.44305262940000006,0.015909794718027115,0.0,RightFoot,RegularPlay,FirstHalf,False,"{'x': 0, 'y': 0.03044009191124298, 'zoomRatio': 0.2597062736775137}",False,False,,Thierry,Correia,Thierry Correia,#101010,
5749649,2026-08-23T16:30:00.000Z,1,Serie A,Venezia,7881,Lecce,9888,2958953493,Post,7881,924431,Gianluca Busio,86.24558823480001,33.466249999999995,32,,False,False,,,37.78,0.7319999964,0.06453514099121094,0.0,LeftFoot,RegularPlay,FirstHalf,False,"{'x': 0, 'y': 0.19365079269841265, 'zoomRatio': 0.9999999999999998}",False,False,,Gianluca,Busio,Gianluca Busio,#101010,
5749649,2026-08-23T16:30:00.000Z,1,Serie A,Venezia,7881,Lecce,9888,2958956077,Miss,9888,879065,Antonino Gallo,72.68689320639999,47.4338853472,34,,False,False,,,36.135000000000005,5.670896561599999,0.015561293810606003,0.0,LeftFoot,RegularPlay,FirstHalf,False,"{'x': 0.7450269264798629, 'y': 0.6772486772486772, 'zoomRatio': 0.45142773672417613}",False,False,,Antonino,Gallo,Antonino Gallo,#e12300,
5749649,2026-08-23T16:30:00.000Z,1,Serie A,Venezia,7881,Lecce,9888,2958958771,Post,9888,664587,Lassana Coulibaly,101.681034483,24.2794904507,36,,False,False,,,30.291999999999998,0.4879999976,0.11950835585594177,0.0,RightFoot,FromCorner,FirstHalf,False,"{'x': 1.9809523809523806, 'y': 0.12910052846560846, 'zoomRatio': 1}",False,True,,Lassana,Coulibaly,Lassana Coulibaly,#e12300,
5749649,2026-08-23T16:30:00.000Z,1,Serie A,Venezia,7881,Lecce,9888,2958975207,AttemptSaved,7881,992052,Thierry Correia,96.50877192889999,38.284285716,45,2.0,False,True,100.8275862072,35.3725,32.0175,1.2199999940000001,0.09748318046331406,0.0,LeftFoot,RegularPlay,FirstHalf,False,"{'x': 1.5244708994709, 'y': 0.32275132116402117, 'zoomRatio': 1}",True,True,,Thierry,Correia,Thierry Correia,#101010,
5749649,2026-08-23T16:30:00.000Z,1,Serie A,Venezia,7881,Lecce,9888,2958998773,Goal,9888,1414124,Olaf Gorter,88.9,32.17,46,,False,True,,,36.745000000000005,0.7705263120000001,0.13494911789894104,0.8178245425224304,RightFoot,RegularPlay,SecondHalf,False,"{'x': 0.2738095238095226, 'y': 0.2038429396825397, 'zoomRatio': 1}",False,True,1130600.0,Olaf,Gorter,Olaf Gorter,#e12300,
5749649,2026-08-23T16:30:00.000Z,1,Serie A,Venezia,7881,Lecce,9888,2959002537,Miss,7881,951765,Armel Bella-Kotchap,100.8275862072,30.645,49,,False,False,,,26.111875,4.0980689704,0.2512226700782776,0.0,Header,SetPiece,SecondHalf,False,"{'x': 2, 'y': 0.5195238374645431, 'zoomRatio': 0.47920133111480856}",False,True,,Armel,Bella-Kotchap,Armel Bella-Kotchap,#101010,
5749649,2026-08-23T16:30:00.000Z,1,Serie A,Venezia,7881,Lecce,9888,2959005435,AttemptSaved,7881,924431,Gianluca Busio,85.17205882280001,40.721666666999994,50,,True,True,86.78235294080001,40.217380953,34.4575,1.2199999940000001,0.030850771814584732,0.0,RightFoot,RegularPlay,SecondHalf,False,"{'x': 0.8789682539682532, 'y': 0.32275132116402117, 'zoomRatio': 1}",False,False,,Gianluca,Busio,Gianluca Busio,#101010,
5749649,2026-08-23T16:30:00.000Z,1,Serie A,Venezia,7881,Lecce,9888,2959014437,Miss,7881,924431,Gianluca Busio,86.0308823524,30.95,57,,False,False,,,30.244,5.670896561599999,0.14897654950618744,0.0,RightFoot,FreeKick,SecondHalf,False,"{'x': 1.448561528871959, 'y': 0.6772486772486772, 'zoomRatio': 0.45142773672417613}",False,False,,Gianluca,Busio,Gianluca Busio,#101010,
5749649,2026-08-23T16:30:00.000Z,1,Serie A,Venezia,7881,Lecce,9888,2959016983,AttemptSaved,7881,958640,Akor Adams,83.0480582528,46.2428025441,59,,False,True,103.4827586208,35.0675,36.05875,0.4879999976,0.031509384512901306,0.1522635966539383,RightFoot,RegularPlay,SecondHalf,False,"{'x': 0.455357142857142, 'y': 0.12910052846560846, 'zoomRatio': 1}",False,False,362200.0,Akor,Adams,Akor Adams,#101010,
5749649,2026-08-23T16:30:00.000Z,1,Serie A,Venezia,7881,Lecce,9888,2959022023,Miss,7881,958640,Akor Adams,97.8596491223,37.708,64,,False,False,,,34.61,3.3768275888,0.07841640710830688,0.0,Header,RegularPlay,SecondHalf,False,"{'x': 0.8776598205688965, 'y': 0.6772486772486772, 'zoomRatio': 0.7581079971304456}",False,True,,Akor,Adams,Akor Adams,#101010,
5749649,2026-08-23T16:30:00.000Z,1,Serie A,Venezia,7881,Lecce,9888,2959023967,Miss,7881,1290968,Antoine Hainaut,97.570175438,29.463571426999998,67,,False,False,,,33.5425,4.2197241432000006,0.11616892367601395,0.0,Header,RegularPlay,SecondHalf,False,"{'x': 1.0734269016946463, 'y': 0.6772486772486772, 'zoomRatio': 0.6066747287557619}",False,True,,Antoine,Hainaut,Antoine Hainaut,#101010,
5749649,2026-08-23T16:30:00.000Z,1,Serie A,Venezia,7881,Lecce,9888,2959026727,AttemptSaved,7881,1072710,Bartol Franjic,100.9224137934,38.536428573,72,,False,True,104.4310344828,35.525000000000006,35.75375,1.1365263102,0.19610553979873657,0.29292944073677063,Header,FromCorner,SecondHalf,False,"{'x': 0.5360449735449745, 'y': 0.30066833603174603, 'zoomRatio': 1}",False,True,362200.0,Bartol,Franjic,Bartol Franjic,#101010,
5749649,2026-08-23T16:30:00.000Z,1,Serie A,Venezia,7881,Lecce,9888,2959026761,AttemptSaved,7881,1072710,Bartol Franjic,101.58620689680001,40.889761905,72,,False,True,104.81034482759999,35.90625,36.745000000000005,0.40452631380000004,0.08667495846748352,0.3269197940826416,RightFoot,FromCorner,SecondHalf,False,"{'x': 0.2738095238095226, 'y': 0.10701754333333334, 'zoomRatio': 1}",False,True,362200.0,Bartol,Franjic,Bartol Franjic,#101010,
5749649,2026-08-23T16:30:00.000Z,1,Serie A,Venezia,7881,Lecce,9888,2959031799,AttemptSaved,9888,789243,Youssef Maleh,83.0480582528,36.135000000000005,77,,False,True,103.8620689656,34.305,33.2375,0.4879999976,0.02904863841831684,0.110467329621315,LeftFoot,RegularPlay,SecondHalf,False,"{'x': 1.2017195767195774, 'y': 0.12910052846560846, 'zoomRatio': 1}",False,False,1130600.0,Youssef,Maleh,Youssef Maleh,#e12300,
5749649,2026-08-23T16:30:00.000Z,1,Serie A,Venezia,7881,Lecce,9888,2959033429,AttemptSaved,9888,1039403,Santiago Pierotti,78.7684466032,29.211428570000002,79,,False,True,104.051724138,35.90625,36.21125,1.2199999940000001,0.09295269846916199,0.0,RightFoot,RegularPlay,SecondHalf,False,"{'x': 0.41501322751322767, 'y': 0.32275132116402117, 'zoomRatio': 1}",True,False,,Santiago,Pierotti,Santiago Pierotti,#e12300,
5749649,2026-08-23T16:30:00.000Z,1,Serie A,Venezia,7881,Lecce,9888,2959033541,AttemptSaved,9888,1178314,Nikola Stulic,95.8333333322,51.147261145099996,79,,False,True,103.9568965518,36.8975,37.2025,0.9374736796,0.023363022133708,0.20783479511737823,RightFoot,RegularPlay,SecondHalf,False,"{'x': 0.15277777777777768, 'y': 0.24800890994708993, 'zoomRatio': 1}",False,True,1130600.0,Nikola,Stulic,Nikola Stulic,#e12300,
5749649,2026-08-23T16:30:00.000Z,1,Serie A,Venezia,7881,Lecce,9888,2959033761,AttemptSaved,9888,1332538,Oumar Ngom,76.8538834968,40.385476190999995,79,,True,True,90.8,37.27875,33.31375,1.2199999940000001,0.026902683079242706,0.0,RightFoot,RegularPlay,SecondHalf,False,"{'x': 1.1815476190476193, 'y': 0.32275132116402117, 'zoomRatio': 1}",False,False,,Oumar,Ngom,Oumar Ngom,#e12300,
5749649,2026-08-23T16:30:00.000Z,1,Serie A,Venezia,7881,Lecce,9888,2959034819,Goal,9888,1574492,Tiago Gabriel,103.3879310346,32.17,80,,False,True,,,30.95,0.4879999976,0.9029474854469299,0.9937373399734497,Header,FromCorner,SecondHalf,False,"{'x': 1.806878306878306, 'y': 0.12910052846560846, 'zoomRatio': 1}",False,True,1130600.0,Tiago,Gabriel,Tiago Gabriel,#e12300,
5749649,2026-08-23T16:30:00.000Z,1,Serie A,Venezia,7881,Lecce,9888,2959037081,Miss,9888,1178314,Nikola Stulic,101.1120689658,37.94809524,82,,False,False,,,37.756,4.341379316,0.33832526206970215,0.0,LeftFoot,RegularPlay,SecondHalf,False,"{'x': 0.414069620138663, 'y': 0.6772486772486772, 'zoomRatio': 0.5896743439499079}",False,True,,Nikola,Stulic,Nikola Stulic,#e12300,
5749649,2026-08-23T16:30:00.000Z,1,Serie A,Venezia,7881,Lecce,9888,2959039177,Miss,9888,1178314,Nikola Stulic,102.155172414,29.715714284,84,,False,False,,,29.211428570000002,0.3595789456,0.6094081401824951,0.0,LeftFoot,RegularPlay,SecondHalf,False,"{'x': 2, 'y': 0.07509106856948361, 'zoomRatio': 0.7893794747048395}",False,True,,Nikola,Stulic,Nikola Stulic,#e12300,
5749649,2026-08-23T16:30:00.000Z,1,Serie A,Venezia,7881,Lecce,9888,2959040985,Miss,9888,1039403,Santiago Pierotti,101.3017241382,38.452380954,84,,False,False,102.629310345,29.463571426999998,0.655924171,0.5329473658000001,0.37152984738349915,0.0,RightFoot,RegularPlay,SecondHalf,False,"{'x': 2, 'y': 0.01598326996774897, 'zoomRatio': 0.11336346580379532}",False,True,,Santiago,Pierotti,Santiago Pierotti,#e12300,
5749649,2026-08-23T16:30:00.000Z,1,Serie A,Venezia,7881,Lecce,9888,2959047349,AttemptSaved,7881,414232,Ridgeciano Haps,100.6379310348,37.355000000000004,90,1.0,False,True,104.3362068966,35.83,34.915000000000006,1.5474736766000001,0.33203086256980896,0.5221054553985596,Header,RegularPlay,SecondHalf,False,"{'x': 0.7579365079365064, 'y': 0.40938457052910054, 'zoomRatio': 1}",False,True,362200.0,Ridgeciano,Haps,Ridgeciano Haps,#101010,
5749649,2026-08-23T16:30:00.000Z,1,Serie A,Venezia,7881,Lecce,9888,2959047379,Post,7881,1379468,Albion Rrahmani,93.5,37.355000000000004,90,1.0,False,False,,,33.2375,2.515,0.21997997164726257,0.0,RightFoot,RegularPlay,SecondHalf,False,"{'x': 1.2017195767195774, 'y': 0.6653439153439153, 'zoomRatio': 1}",False,True,,Albion,Rrahmani,Albion Rrahmani,#101010,
5749649,2026-08-23T16:30:00.000Z,1,Serie A,Venezia,7881,Lecce,9888,2959050673,AttemptSaved,7881,1379468,Albion Rrahmani,82.37233009760001,43.044375,90,4.0,False,True,102.629310345,34.1525,33.00875,1.0145263108,0.028919639065861702,0.01662493124604225,RightFoot,RegularPlay,SecondHalf,False,"{'x': 1.26223544973545, 'y': 0.2683932039153439, 'zoomRatio': 1}",False,False,362200.0,Albion,Rrahmani,Albion Rrahmani,#101010,
