player,attack_player_id,attack_apps,attack_mins_played,attack_goals,attack_xg,attack_goals_vs_xg,attack_shots,attack_shots_on_target,attack_shot_conv,attack_xg_per_shot,attack_first_name,attack_last_name,attack_date_of_birth,attack_age,attack_team_id,attack_shirt_number,attack_squad_position,attack_squad_position_detailed,attack_player_uuid,attack_team_uuid,attack_contestantName,attack_contestantClubName,attack_contestantShortName,attack_contestantCode,carries_carries,carries_carry_distance,carries_progressive_carries,carries_progressive_distance,carries_shot_ending,carries_goal_ending,carries_chance_ending,carries_assist_ending,carries_dist_per_carry,carries_dist_per_progressive_carry,defending_tackles,defending_interceptions,defending_recoveries,defending_blocks,defending_clearances,defending_ground_duels,defending_ground_duels_won,defending_ground_duel_perc,defending_aerial_duels,defending_aerial_duels_won,defending_aerial_duel_perc,goalkeeping_team_mins,goalkeeping_team_mins_perc,goalkeeping_ogs,goalkeeping_goals_conceded,goalkeeping_saves_made,goalkeeping_save_perc,goalkeeping_goals_prevented,goalkeeping_goals_prevented_rate,goalkeeping_xgot_conceded,possession_chanceCreation_player_id,possession_chanceCreation_mins_played,possession_chanceCreation_apps,possession_chanceCreation_chances_created,possession_chanceCreation_op_chances_created,possession_chanceCreation_chances_per_100_pass,possession_chanceCreation_chances_sp_op_ratio,possession_chanceCreation_xa,possession_chanceCreation_op_xa,possession_chanceCreation_assists,possession_chanceCreation_op_assists,possession_chanceCreation_first_name,possession_chanceCreation_last_name,possession_chanceCreation_date_of_birth,possession_chanceCreation_age,possession_chanceCreation_team_id,possession_chanceCreation_shirt_number,possession_chanceCreation_squad_position,possession_chanceCreation_squad_position_detailed,possession_chanceCreation_player_uuid,possession_chanceCreation_team_uuid,possession_chanceCreation_contestantName,possession_chanceCreation_contestantClubName,possession_chanceCreation_contestantShortName,possession_chanceCreation_contestantCode,possession_passing_player_id,possession_passing_mins_played,possession_passing_apps,possession_passing_passes,possession_passing_successful_passes,possession_passing_pass_perc,possession_passing_total_final_third_passes,possession_passing_successful_final_third_passes,possession_passing_ft_pass_perc,possession_passing_op_crosses,possession_passing_successful_op_crosses,possession_passing_cross_perc,possession_passing_through_balls,possession_passing_successful_through_balls,possession_passing_through_ball_perc,possession_passing_first_name,possession_passing_last_name,possession_passing_date_of_birth,possession_passing_age,possession_passing_team_id,possession_passing_shirt_number,possession_passing_squad_position,possession_passing_squad_position_detailed,possession_passing_player_uuid,possession_passing_team_uuid,possession_passing_contestantName,possession_passing_contestantClubName,possession_passing_contestantShortName,possession_passing_contestantCode,opta_player_id,opta_player_uuid,opta_team_id,opta_team_uuid
Aaron Hickey,472713.0,3.0,61.0,0.0,0.0,0.0,0.0,0.0,0.0,0.0,Aaron,Hickey,2002-06-10,24.27,94.0,2.0,Defender,Full Back,9xfrrmf19uv4i69ge0kg1hh7u,7yx5dqhhphyvfisohikodajhv,Brentford FC,Brentford,Brentford,BRE,2.0,29.959,2.0,28.98,0.0,0.0,0.0,0.0,14.98,14.49,2.0,2.0,4.0,0.0,2.0,5.0,3.0,60.0,4.0,1.0,25.0,,,,,,,,,,472713.0,61.0,3.0,0.0,0.0,0.0,0.0,0.026,0.025,0.0,0.0,Aaron,Hickey,2002-06-10,24.27,94.0,2.0,Defender,Full Back,9xfrrmf19uv4i69ge0kg1hh7u,7yx5dqhhphyvfisohikodajhv,Brentford FC,Brentford,Brentford,BRE,472713.0,61.0,3.0,24.0,19.0,79.17,8.0,5.0,62.5,2.0,1.0,50.0,0.0,0.0,0.0,Aaron,Hickey,2002-06-10,24.27,94.0,2.0,Defender,Full Back,9xfrrmf19uv4i69ge0kg1hh7u,7yx5dqhhphyvfisohikodajhv,Brentford FC,Brentford,Brentford,BRE,472713,9xfrrmf19uv4i69ge0kg1hh7u,94,7yx5dqhhphyvfisohikodajhv
Aaron Wan-Bissaka,214590.0,2.0,17.0,0.0,0.0,0.0,0.0,0.0,0.0,0.0,Aaron,Wan-Bissaka,1997-11-26,28.81,7.0,29.0,Defender,Full Back,e1t5rgvs2hwnldts6vn8agzc9,b496gs285it6bheuikox6z9mj,Aston Villa FC,Aston Villa,Villa,AVL,2.0,15.678,1.0,3.045,0.0,0.0,0.0,0.0,7.839,3.045,2.0,0.0,0.0,0.0,1.0,2.0,2.0,100.0,0.0,0.0,0.0,,,,,,,,,,214590.0,17.0,2.0,0.0,0.0,0.0,0.0,0.007,0.007,0.0,0.0,Aaron,Wan-Bissaka,1997-11-26,28.81,7.0,29.0,Defender,Full Back,e1t5rgvs2hwnldts6vn8agzc9,b496gs285it6bheuikox6z9mj,Aston Villa FC,Aston Villa,Villa,AVL,214590.0,17.0,2.0,17.0,16.0,94.12,7.0,6.0,85.71,0.0,0.0,0.0,0.0,0.0,0.0,Aaron,Wan-Bissaka,1997-11-26,28.81,7.0,29.0,Defender,Full Back,e1t5rgvs2hwnldts6vn8agzc9,b496gs285it6bheuikox6z9mj,Aston Villa FC,Aston Villa,Villa,AVL,214590,e1t5rgvs2hwnldts6vn8agzc9,7,b496gs285it6bheuikox6z9mj
Abdoul Ouattara,572584.0,3.0,39.0,0.0,0.0,0.0,0.0,0.0,0.0,0.0,Abdoul,Ouattara,2005-10-22,20.9,40.0,42.0,Defender,Full Back,1gfomo3mo11cttdhprm1jtp0,8b523ujgl21tbc01me65q0aoh,Ipswich Town FC,Ipswich Town,Ipswich,IPS,8.0,98.593,4.0,50.505,0.0,0.0,1.0,0.0,12.324,12.626,0.0,0.0,3.0,0.0,2.0,1.0,0.0,0.0,1.0,0.0,0.0,,,,,,,,,,572584.0,39.0,3.0,2.0,2.0,5.13,0.0,0.019,0.019,0.0,0.0,Abdoul,Ouattara,2005-10-22,20.9,40.0,42.0,Defender,Full Back,1gfomo3mo11cttdhprm1jtp0,8b523ujgl21tbc01me65q0aoh,Ipswich Town FC,Ipswich Town,Ipswich,IPS,572584.0,39.0,3.0,39.0,38.0,97.44,8.0,8.0,100.0,0.0,0.0,0.0,0.0,0.0,0.0,Abdoul,Ouattara,2005-10-22,20.9,40.0,42.0,Defender,Full Back,1gfomo3mo11cttdhprm1jtp0,8b523ujgl21tbc01me65q0aoh,Ipswich Town FC,Ipswich Town,Ipswich,IPS,572584,1gfomo3mo11cttdhprm1jtp0,40,8b523ujgl21tbc01me65q0aoh
Abdukodir Khusanov,578153.0,3.0,269.0,0.0,0.0,0.0,0.0,0.0,0.0,0.0,Abdukodir,Khusanov,2004-02-29,22.55,43.0,45.0,Defender,Central Defender,d7ofv9d9sbp263uo76cm2qxhw,a3nyxabgsqlnqfkeg41m6tnpp,Manchester City FC,Manchester City,Man City,MCI,35.0,367.2,17.0,177.975,0.0,0.0,0.0,0.0,10.491,10.469,8.0,4.0,13.0,1.0,4.0,14.0,10.0,71.429,5.0,5.0,100.0,,,,,,,,,,578153.0,269.0,3.0,0.0,0.0,0.0,0.0,0.059,0.059,0.0,0.0,Abdukodir,Khusanov,2004-02-29,22.55,43.0,45.0,Defender,Central Defender,d7ofv9d9sbp263uo76cm2qxhw,a3nyxabgsqlnqfkeg41m6tnpp,Manchester City FC,Manchester City,Man City,MCI,578153.0,269.0,3.0,257.0,244.0,94.94,38.0,31.0,81.58,2.0,0.0,0.0,0.0,0.0,0.0,Abdukodir,Khusanov,2004-02-29,22.55,43.0,45.0,Defender,Central Defender,d7ofv9d9sbp263uo76cm2qxhw,a3nyxabgsqlnqfkeg41m6tnpp,Manchester City FC,Manchester City,Man City,MCI,578153,d7ofv9d9sbp263uo76cm2qxhw,43,a3nyxabgsqlnqfkeg41m6tnpp
Abdul Fatawu,531442.0,3.0,228.0,0.0,0.03,-0.03,2.0,0.0,0.0,0.02,Abdul Fatawu,Issahaku,2004-03-08,22.53,40.0,7.0,Forward,Winger,6cx5c6bzp1hq6c1vui53mxzx0,8b523ujgl21tbc01me65q0aoh,Ipswich Town FC,Ipswich Town,Ipswich,IPS,39.0,466.53,22.0,286.125,2.0,0.0,4.0,1.0,11.962,13.006,7.0,2.0,6.0,0.0,2.0,40.0,19.0,47.5,4.0,2.0,50.0,,,,,,,,,,531442.0,228.0,3.0,7.0,6.0,12.82,14.29,0.775,0.706,1.0,1.0,Abdul Fatawu,Issahaku,2004-03-08,22.53,40.0,7.0,Forward,Winger,6cx5c6bzp1hq6c1vui53mxzx0,8b523ujgl21tbc01me65q0aoh,Ipswich Town FC,Ipswich Town,Ipswich,IPS,531442.0,228.0,3.0,41.0,25.0,60.98,14.0,7.0,50.0,11.0,5.0,45.45,1.0,0.0,0.0,Abdul Fatawu,Issahaku,2004-03-08,22.53,40.0,7.0,Forward,Winger,6cx5c6bzp1hq6c1vui53mxzx0,8b523ujgl21tbc01me65q0aoh,Ipswich Town FC,Ipswich Town,Ipswich,IPS,531442,6cx5c6bzp1hq6c1vui53mxzx0,40,8b523ujgl21tbc01me65q0aoh
Adam Smith,54469.0,3.0,270.0,0.0,0.01,-0.01,1.0,0.0,0.0,0.01,Adam,Smith,1991-04-29,35.39,91.0,15.0,Defender,Full Back,80bmtj7l07ohb2h475w955n9,1pse9ta7a45pi2w2grjim70ge,AFC Bournemouth,Bournemouth,Bournemouth,BOU,8.0,76.346,2.0,-4.515,0.0,0.0,1.0,0.0,9.543,-2.258,4.0,4.0,9.0,0.0,7.0,17.0,9.0,52.941,4.0,2.0,50.0,,,,,,,,,,54469.0,270.0,3.0,3.0,3.0,4.29,0.0,0.071,0.07,0.0,0.0,Adam,Smith,1991-04-29,35.39,91.0,15.0,Defender,Full Back,80bmtj7l07ohb2h475w955n9,1pse9ta7a45pi2w2grjim70ge,AFC Bournemouth,Bournemouth,Bournemouth,BOU,54469.0,270.0,3.0,71.0,56.0,78.87,21.0,12.0,57.14,3.0,2.0,66.67,0.0,0.0,0.0,Adam,Smith,1991-04-29,35.39,91.0,15.0,Defender,Full Back,80bmtj7l07ohb2h475w955n9,1pse9ta7a45pi2w2grjim70ge,AFC Bournemouth,Bournemouth,Bournemouth,BOU,54469,80bmtj7l07ohb2h475w955n9,91,1pse9ta7a45pi2w2grjim70ge
Adam Wharton,496221.0,3.0,270.0,0.0,0.0,0.0,0.0,0.0,0.0,0.0,Adam,Wharton,2004-02-06,22.61,31.0,20.0,Midfielder,Central Midfielder,asq9gj1a93bltsfd61i6xvqsq,1c8m2ko0wxq1asfkuykurdr0y,Crystal Palace FC,Crystal Palace,Palace,CRY,36.0,348.403,18.0,185.43,0.0,0.0,0.0,0.0,9.678,10.302,7.0,4.0,11.0,1.0,6.0,22.0,14.0,63.636,1.0,1.0,100.0,,,,,,,,,,496221.0,270.0,3.0,4.0,4.0,3.28,0.0,0.317,0.317,0.0,0.0,Adam,Wharton,2004-02-06,22.61,31.0,20.0,Midfielder,Central Midfielder,asq9gj1a93bltsfd61i6xvqsq,1c8m2ko0wxq1asfkuykurdr0y,Crystal Palace FC,Crystal Palace,Palace,CRY,496221.0,270.0,3.0,124.0,96.0,77.42,44.0,29.0,65.91,1.0,1.0,100.0,1.0,1.0,100.0,Adam,Wharton,2004-02-06,22.61,31.0,20.0,Midfielder,Central Midfielder,asq9gj1a93bltsfd61i6xvqsq,1c8m2ko0wxq1asfkuykurdr0y,Crystal Palace FC,Crystal Palace,Palace,CRY,496221,asq9gj1a93bltsfd61i6xvqsq,31,1c8m2ko0wxq1asfkuykurdr0y
Adrien Truffert,494521.0,3.0,270.0,0.0,0.01,-0.01,1.0,0.0,0.0,0.01,Adrien,Truffert,2001-11-20,24.82,91.0,3.0,Defender,Full Back,92qqdiryqd8juqdjq8585476y,1pse9ta7a45pi2w2grjim70ge,AFC Bournemouth,Bournemouth,Bournemouth,BOU,29.0,341.259,18.0,213.255,0.0,0.0,2.0,0.0,11.768,11.848,7.0,4.0,18.0,1.0,9.0,24.0,11.0,45.833,7.0,2.0,28.571,,,,,,,,,,494521.0,270.0,3.0,3.0,3.0,3.09,0.0,0.137,0.125,0.0,0.0,Adrien,Truffert,2001-11-20,24.82,91.0,3.0,Defender,Full Back,92qqdiryqd8juqdjq8585476y,1pse9ta7a45pi2w2grjim70ge,AFC Bournemouth,Bournemouth,Bournemouth,BOU,494521.0,270.0,3.0,99.0,88.0,88.89,26.0,22.0,84.62,8.0,0.0,0.0,0.0,0.0,0.0,Adrien,Truffert,2001-11-20,24.82,91.0,3.0,Defender,Full Back,92qqdiryqd8juqdjq8585476y,1pse9ta7a45pi2w2grjim70ge,AFC Bournemouth,Bournemouth,Bournemouth,BOU,494521,92qqdiryqd8juqdjq8585476y,91,1pse9ta7a45pi2w2grjim70ge
Ainsley Maitland-Niles,154043.0,1.0,13.0,1.0,0.03,0.97,1.0,1.0,100.0,0.03,Ainsley,Maitland-Niles,1997-08-29,29.05,11.0,2.0,Midfielder,Wing Back,dzsd79k6345s9105mb2r4fqol,ehd2iemqmschhj2ec0vayztzz,Everton FC,Everton,Everton,EVE,0.0,0.0,0.0,0.0,0.0,0.0,0.0,0.0,0.0,0.0,0.0,0.0,0.0,0.0,0.0,0.0,0.0,0.0,2.0,0.0,0.0,,,,,,,,,,154043.0,13.0,1.0,0.0,0.0,0.0,0.0,0.004,0.004,0.0,0.0,Ainsley,Maitland-Niles,1997-08-29,29.05,11.0,2.0,Midfielder,Wing Back,dzsd79k6345s9105mb2r4fqol,ehd2iemqmschhj2ec0vayztzz,Everton FC,Everton,Everton,EVE,154043.0,13.0,1.0,4.0,4.0,100.0,4.0,4.0,100.0,0.0,0.0,0.0,0.0,0.0,0.0,Ainsley,Maitland-Niles,1997-08-29,29.05,11.0,2.0,Midfielder,Wing Back,dzsd79k6345s9105mb2r4fqol,ehd2iemqmschhj2ec0vayztzz,Everton FC,Everton,Everton,EVE,154043,dzsd79k6345s9105mb2r4fqol,11,ehd2iemqmschhj2ec0vayztzz
Aladji Bamba,632794.0,1.0,14.0,0.0,0.0,0.0,0.0,0.0,0.0,0.0,Aladji,Bamba,2006-07-14,20.18,4.0,8.0,Midfielder,0,srzdmbirhvpjuok4mf7lj5zo,7vn2i2kd35zuetw6b38gw9jsz,Newcastle United FC,Newcastle United,Newcastle,NEW,0.0,0.0,0.0,0.0,0.0,0.0,0.0,0.0,0.0,0.0,1.0,0.0,0.0,0.0,1.0,1.0,1.0,100.0,2.0,1.0,50.0,,,,,,,,,,632794.0,14.0,1.0,0.0,0.0,0.0,0.0,0.0,0.0,0.0,0.0,Aladji,Bamba,2006-07-14,20.18,4.0,8.0,Midfielder,0,srzdmbirhvpjuok4mf7lj5zo,7vn2i2kd35zuetw6b38gw9jsz,Newcastle United FC,Newcastle United,Newcastle,NEW,632794.0,14.0,1.0,1.0,1.0,100.0,0.0,0.0,0.0,0.0,0.0,0.0,0.0,0.0,0.0,Aladji,Bamba,2006-07-14,20.18,4.0,8.0,Midfielder,0,srzdmbirhvpjuok4mf7lj5zo,7vn2i2kd35zuetw6b38gw9jsz,Newcastle United FC,Newcastle United,Newcastle,NEW,632794,srzdmbirhvpjuok4mf7lj5zo,4,7vn2i2kd35zuetw6b38gw9jsz
Alejandro Garnacho,493105.0,3.0,31.0,0.0,0.0,0.0,0.0,0.0,0.0,0.0,Alejandro,Garnacho,2004-07-01,22.21,7.0,17.0,Forward,Winger,e5eiuko5p1yms97xndrvcr0bu,b496gs285it6bheuikox6z9mj,Aston Villa FC,Aston Villa,Villa,AVL,5.0,42.438,0.0,-29.4,0.0,0.0,0.0,0.0,8.488,0.0,0.0,0.0,2.0,0.0,0.0,3.0,1.0,33.333,0.0,0.0,0.0,,,,,,,,,,493105.0,31.0,3.0,0.0,0.0,0.0,0.0,0.008,0.007,0.0,0.0,Alejandro,Garnacho,2004-07-01,22.21,7.0,17.0,Forward,Winger,e5eiuko5p1yms97xndrvcr0bu,b496gs285it6bheuikox6z9mj,Aston Villa FC,Aston Villa,Villa,AVL,493105.0,31.0,3.0,16.0,15.0,93.75,5.0,4.0,80.0,0.0,0.0,0.0,0.0,0.0,0.0,Alejandro,Garnacho,2004-07-01,22.21,7.0,17.0,Forward,Winger,e5eiuko5p1yms97xndrvcr0bu,b496gs285it6bheuikox6z9mj,Aston Villa FC,Aston Villa,Villa,AVL,493105,e5eiuko5p1yms97xndrvcr0bu,7,b496gs285it6bheuikox6z9mj
Alex Iwobi,153133.0,3.0,263.0,0.0,0.05,-0.05,2.0,0.0,0.0,0.03,Alex,Iwobi,1996-05-03,30.38,54.0,17.0,Forward,Second Striker,8kb5h8df97ju107n9ibigo1cl,hzqh7z0mdl3v7gwete66syxp,Fulham FC,Fulham,Fulham,FUL,67.0,685.776,29.0,185.115,1.0,0.0,1.0,0.0,10.235,6.383,3.0,3.0,11.0,0.0,1.0,12.0,5.0,41.667,1.0,0.0,0.0,,,,,,,,,,153133.0,263.0,3.0,3.0,2.0,0.91,33.33,0.699,0.528,0.0,0.0,Alex,Iwobi,1996-05-03,30.38,54.0,17.0,Forward,Second Striker,8kb5h8df97ju107n9ibigo1cl,hzqh7z0mdl3v7gwete66syxp,Fulham FC,Fulham,Fulham,FUL,153133.0,263.0,3.0,222.0,203.0,91.44,59.0,50.0,84.75,0.0,0.0,0.0,2.0,1.0,50.0,Alex,Iwobi,1996-05-03,30.38,54.0,17.0,Forward,Second Striker,8kb5h8df97ju107n9ibigo1cl,hzqh7z0mdl3v7gwete66syxp,Fulham FC,Fulham,Fulham,FUL,153133,8kb5h8df97ju107n9ibigo1cl,54,hzqh7z0mdl3v7gwete66syxp
Alex Scott,503139.0,3.0,266.0,1.0,0.32,0.68,4.0,1.0,25.0,0.08,Alex,Scott,2003-08-21,23.07,91.0,8.0,Midfielder,Central Midfielder,mfsus6ryni5b1hjn0y70sbo4,1pse9ta7a45pi2w2grjim70ge,AFC Bournemouth,Bournemouth,Bournemouth,BOU,43.0,479.76,21.0,257.775,1.0,0.0,0.0,0.0,11.157,12.275,7.0,5.0,21.0,0.0,4.0,32.0,19.0,59.375,4.0,2.0,50.0,,,,,,,,,,503139.0,266.0,3.0,4.0,2.0,1.54,50.0,0.293,0.049,0.0,0.0,Alex,Scott,2003-08-21,23.07,91.0,8.0,Midfielder,Central Midfielder,mfsus6ryni5b1hjn0y70sbo4,1pse9ta7a45pi2w2grjim70ge,AFC Bournemouth,Bournemouth,Bournemouth,BOU,503139.0,266.0,3.0,141.0,112.0,79.43,42.0,25.0,59.52,2.0,0.0,0.0,0.0,0.0,0.0,Alex,Scott,2003-08-21,23.07,91.0,8.0,Midfielder,Central Midfielder,mfsus6ryni5b1hjn0y70sbo4,1pse9ta7a45pi2w2grjim70ge,AFC Bournemouth,Bournemouth,Bournemouth,BOU,503139,mfsus6ryni5b1hjn0y70sbo4,91,1pse9ta7a45pi2w2grjim70ge
Alex Tóth,614574.0,1.0,15.0,0.0,0.0,0.0,0.0,0.0,0.0,0.0,Alex,Tóth,2005-10-23,20.9,91.0,27.0,Midfielder,Central Midfielder,9s97wjlj2f6cihmrgvymof1n8,1pse9ta7a45pi2w2grjim70ge,AFC Bournemouth,Bournemouth,Bournemouth,BOU,2.0,37.635,2.0,37.38,0.0,0.0,0.0,0.0,18.818,18.69,1.0,0.0,1.0,0.0,0.0,3.0,1.0,33.333,0.0,0.0,0.0,,,,,,,,,,614574.0,15.0,1.0,0.0,0.0,0.0,0.0,0.004,0.003,0.0,0.0,Alex,Tóth,2005-10-23,20.9,91.0,27.0,Midfielder,Central Midfielder,9s97wjlj2f6cihmrgvymof1n8,1pse9ta7a45pi2w2grjim70ge,AFC Bournemouth,Bournemouth,Bournemouth,BOU,614574.0,15.0,1.0,13.0,12.0,92.31,4.0,3.0,75.0,0.0,0.0,0.0,0.0,0.0,0.0,Alex,Tóth,2005-10-23,20.9,91.0,27.0,Midfielder,Central Midfielder,9s97wjlj2f6cihmrgvymof1n8,1pse9ta7a45pi2w2grjim70ge,AFC Bournemouth,Bournemouth,Bournemouth,BOU,614574,9s97wjlj2f6cihmrgvymof1n8,91,1pse9ta7a45pi2w2grjim70ge
Alexander Isak,219168.0,3.0,244.0,3.0,2.29,0.71,9.0,5.0,33.33,0.25,Alexander,Isak,1999-09-21,26.99,14.0,9.0,Forward,Striker,7x6mnev1ob4u5ffmdsvusb4rt,c8h9bw1l82s06h77xxrelzhur,Liverpool FC,Liverpool,Liverpool,LIV,9.0,88.865,3.0,28.77,1.0,1.0,0.0,0.0,9.874,9.59,1.0,0.0,2.0,1.0,1.0,13.0,5.0,38.462,5.0,4.0,80.0,,,,,,,,,,219168.0,244.0,3.0,2.0,2.0,5.71,0.0,0.06,0.06,0.0,0.0,Alexander,Isak,1999-09-21,26.99,14.0,9.0,Forward,Striker,7x6mnev1ob4u5ffmdsvusb4rt,c8h9bw1l82s06h77xxrelzhur,Liverpool FC,Liverpool,Liverpool,LIV,219168.0,244.0,3.0,36.0,30.0,83.33,20.0,18.0,90.0,0.0,0.0,0.0,0.0,0.0,0.0,Alexander,Isak,1999-09-21,26.99,14.0,9.0,Forward,Striker,7x6mnev1ob4u5ffmdsvusb4rt,c8h9bw1l82s06h77xxrelzhur,Liverpool FC,Liverpool,Liverpool,LIV,219168,7x6mnev1ob4u5ffmdsvusb4rt,14,c8h9bw1l82s06h77xxrelzhur
Alexis Mac Allister,243016.0,3.0,188.0,0.0,0.08,-0.08,2.0,1.0,0.0,0.04,Alexis,Mac Allister,1998-12-24,27.73,14.0,10.0,Midfielder,Attacking Midfielder,am6ppbdrbz4ml3xsbty53o73d,c8h9bw1l82s06h77xxrelzhur,Liverpool FC,Liverpool,Liverpool,LIV,20.0,173.138,11.0,83.895,0.0,0.0,0.0,0.0,8.657,7.627,8.0,1.0,11.0,1.0,3.0,20.0,12.0,60.0,8.0,1.0,12.5,,,,,,,,,,243016.0,188.0,3.0,1.0,1.0,0.92,0.0,0.42,0.42,0.0,0.0,Alexis,Mac Allister,1998-12-24,27.73,14.0,10.0,Midfielder,Attacking Midfielder,am6ppbdrbz4ml3xsbty53o73d,c8h9bw1l82s06h77xxrelzhur,Liverpool FC,Liverpool,Liverpool,LIV,243016.0,188.0,3.0,113.0,100.0,88.5,34.0,29.0,85.29,0.0,0.0,0.0,1.0,1.0,100.0,Alexis,Mac Allister,1998-12-24,27.73,14.0,10.0,Midfielder,Attacking Midfielder,am6ppbdrbz4ml3xsbty53o73d,c8h9bw1l82s06h77xxrelzhur,Liverpool FC,Liverpool,Liverpool,LIV,243016,am6ppbdrbz4ml3xsbty53o73d,14,c8h9bw1l82s06h77xxrelzhur
Alfie Cresswell,592740.0,0.0,0.0,0.0,0.0,0.0,0.0,0.0,0.0,0.0,Alfie,Cresswell,2007-07-15,19.17,2.0,50.0,Midfielder,Central Midfielder,592740,48gk2hpqtsl6p9sx9kjhaydq4,Leeds United FC,Leeds United,Leeds,LEE,0.0,0.0,0.0,0.0,0.0,0.0,0.0,0.0,0.0,0.0,0.0,0.0,0.0,0.0,0.0,0.0,0.0,0.0,0.0,0.0,0.0,,,,,,,,,,592740.0,0.0,0.0,0.0,0.0,0.0,0.0,0.0,0.0,0.0,0.0,Alfie,Cresswell,2007-07-15,19.17,2.0,50.0,Midfielder,Central Midfielder,592740,48gk2hpqtsl6p9sx9kjhaydq4,Leeds United FC,Leeds United,Leeds,LEE,592740.0,0.0,0.0,0.0,0.0,0.0,0.0,0.0,0.0,0.0,0.0,0.0,0.0,0.0,0.0,Alfie,Cresswell,2007-07-15,19.17,2.0,50.0,Midfielder,Central Midfielder,592740,48gk2hpqtsl6p9sx9kjhaydq4,Leeds United FC,Leeds United,Leeds,LEE,592740,592740,2,48gk2hpqtsl6p9sx9kjhaydq4
Alisson Becker,,,,,,,,,,,,,,,,,,,,,,,,,,,,,,,,,,,,,,,,,,,,,,270.0,100.0,0.0,4.0,9.0,69.23,-0.4,0.75,3.6,,,,,,,,,,,,,,,,,,,,,,,,,,,,,,,,,,,,,,,,,,,,,,,,,,,,,,,116535,53d0pvr7ylvfhp6p749iniqc5,14,c8h9bw1l82s06h77xxrelzhur
Alysson,653481.0,3.0,42.0,0.0,0.0,0.0,0.0,0.0,0.0,0.0,Alysson Edward Franco,da Rocha dos Santos,2006-05-05,20.37,7.0,47.0,Forward,Winger,7x5very8ubtscmpfk4ghfpwyc,b496gs285it6bheuikox6z9mj,Aston Villa FC,Aston Villa,Villa,AVL,11.0,142.811,4.0,43.365,0.0,0.0,0.0,0.0,12.983,10.841,2.0,0.0,3.0,0.0,1.0,5.0,2.0,40.0,1.0,0.0,0.0,,,,,,,,,,653481.0,42.0,3.0,0.0,0.0,0.0,0.0,0.008,0.008,0.0,0.0,Alysson Edward Franco,da Rocha dos Santos,2006-05-05,20.37,7.0,47.0,Forward,Winger,7x5very8ubtscmpfk4ghfpwyc,b496gs285it6bheuikox6z9mj,Aston Villa FC,Aston Villa,Villa,AVL,653481.0,42.0,3.0,18.0,16.0,88.89,6.0,4.0,66.67,0.0,0.0,0.0,0.0,0.0,0.0,Alysson Edward Franco,da Rocha dos Santos,2006-05-05,20.37,7.0,47.0,Forward,Winger,7x5very8ubtscmpfk4ghfpwyc,b496gs285it6bheuikox6z9mj,Aston Villa FC,Aston Villa,Villa,AVL,653481,7x5very8ubtscmpfk4ghfpwyc,7,b496gs285it6bheuikox6z9mj
Amar Dedic,463726.0,3.0,270.0,0.0,0.14,-0.14,3.0,0.0,0.0,0.05,Amar,Dedic,2002-08-18,24.08,4.0,37.0,Defender,Full Back,a536nk8ps5vrgextz3k3hcl0q,7vn2i2kd35zuetw6b38gw9jsz,Newcastle United FC,Newcastle United,Newcastle,NEW,32.0,390.523,21.0,269.43,1.0,0.0,0.0,0.0,12.204,12.83,5.0,1.0,11.0,2.0,10.0,24.0,13.0,54.167,6.0,3.0,50.0,,,,,,,,,,463726.0,270.0,3.0,2.0,2.0,1.18,0.0,0.084,0.084,1.0,1.0,Amar,Dedic,2002-08-18,24.08,4.0,37.0,Defender,Full Back,a536nk8ps5vrgextz3k3hcl0q,7vn2i2kd35zuetw6b38gw9jsz,Newcastle United FC,Newcastle United,Newcastle,NEW,463726.0,270.0,3.0,88.0,76.0,86.36,20.0,13.0,65.0,4.0,3.0,75.0,0.0,0.0,0.0,Amar,Dedic,2002-08-18,24.08,4.0,37.0,Defender,Full Back,a536nk8ps5vrgextz3k3hcl0q,7vn2i2kd35zuetw6b38gw9jsz,Newcastle United FC,Newcastle United,Newcastle,NEW,463726,a536nk8ps5vrgextz3k3hcl0q,4,7vn2i2kd35zuetw6b38gw9jsz
Amario Cozier-Duberry,519324.0,0.0,0.0,0.0,0.0,0.0,0.0,0.0,0.0,0.0,Amario,Cozier-Duberry,2005-05-29,21.3,36.0,22.0,Midfielder,Winger,519324,e5p0ehyguld7egzhiedpdnc3w,Brighton & Hove Albion FC,Brighton & Hove Albion,Brighton,BHA,0.0,0.0,0.0,0.0,0.0,0.0,0.0,0.0,0.0,0.0,0.0,0.0,0.0,0.0,0.0,0.0,0.0,0.0,0.0,0.0,0.0,,,,,,,,,,519324.0,0.0,0.0,0.0,0.0,0.0,0.0,0.0,0.0,0.0,0.0,Amario,Cozier-Duberry,2005-05-29,21.3,36.0,22.0,Midfielder,Winger,519324,e5p0ehyguld7egzhiedpdnc3w,Brighton & Hove Albion FC,Brighton & Hove Albion,Brighton,BHA,519324.0,0.0,0.0,0.0,0.0,0.0,0.0,0.0,0.0,0.0,0.0,0.0,0.0,0.0,0.0,Amario,Cozier-Duberry,2005-05-29,21.3,36.0,22.0,Midfielder,Winger,519324,e5p0ehyguld7egzhiedpdnc3w,Brighton & Hove Albion FC,Brighton & Hove Albion,Brighton,BHA,519324,519324,36,e5p0ehyguld7egzhiedpdnc3w
Anan Khalaili,570794.0,3.0,200.0,0.0,0.73,-0.73,3.0,0.0,0.0,0.24,Anan,Khalaili,2004-09-03,22.04,31.0,25.0,Defender,Full Back,earug82pg87gzwvm5yt1yd990,1c8m2ko0wxq1asfkuykurdr0y,Crystal Palace FC,Crystal Palace,Palace,CRY,26.0,303.524,17.0,206.955,3.0,0.0,0.0,0.0,11.674,12.174,17.0,5.0,11.0,2.0,9.0,34.0,23.0,67.647,7.0,4.0,57.143,,,,,,,,,,570794.0,200.0,3.0,2.0,2.0,2.56,0.0,0.165,0.165,0.0,0.0,Anan,Khalaili,2004-09-03,22.04,31.0,25.0,Defender,Full Back,earug82pg87gzwvm5yt1yd990,1c8m2ko0wxq1asfkuykurdr0y,Crystal Palace FC,Crystal Palace,Palace,CRY,570794.0,200.0,3.0,79.0,68.0,86.08,16.0,12.0,75.0,7.0,1.0,14.29,0.0,0.0,0.0,Anan,Khalaili,2004-09-03,22.04,31.0,25.0,Defender,Full Back,earug82pg87gzwvm5yt1yd990,1c8m2ko0wxq1asfkuykurdr0y,Crystal Palace FC,Crystal Palace,Palace,CRY,570794,earug82pg87gzwvm5yt1yd990,31,1c8m2ko0wxq1asfkuykurdr0y
Andrey Santos,532605.0,3.0,83.0,0.0,0.0,0.0,0.0,0.0,0.0,0.0,Andrey,Nascimento dos Santos,2004-05-03,22.37,1.0,17.0,Midfielder,Defensive Midfielder,39ccv9t7ydrrcwd1es1xu2e50,6eqit8ye8aomdsrrq0hk3v7gh,Manchester United FC,Manchester United,Man Utd,MUN,23.0,226.479,11.0,138.705,0.0,0.0,0.0,0.0,9.847,12.61,4.0,0.0,7.0,0.0,7.0,10.0,6.0,60.0,4.0,3.0,75.0,,,,,,,,,,532605.0,83.0,3.0,0.0,0.0,0.0,0.0,0.242,0.242,0.0,0.0,Andrey,Nascimento dos Santos,2004-05-03,22.37,1.0,17.0,Midfielder,Defensive Midfielder,39ccv9t7ydrrcwd1es1xu2e50,6eqit8ye8aomdsrrq0hk3v7gh,Manchester United FC,Manchester United,Man Utd,MUN,532605.0,83.0,3.0,83.0,77.0,92.77,17.0,17.0,100.0,0.0,0.0,0.0,0.0,0.0,0.0,Andrey,Nascimento dos Santos,2004-05-03,22.37,1.0,17.0,Midfielder,Defensive Midfielder,39ccv9t7ydrrcwd1es1xu2e50,6eqit8ye8aomdsrrq0hk3v7gh,Manchester United FC,Manchester United,Man Utd,MUN,532605,39ccv9t7ydrrcwd1es1xu2e50,1,6eqit8ye8aomdsrrq0hk3v7gh
Andy Robertson,122798.0,3.0,187.0,0.0,0.06,-0.06,1.0,1.0,0.0,0.06,Andy,Robertson,1994-03-11,32.53,6.0,3.0,Defender,Full Back,eziqega9e25bg939pfh4vjp3p,22doj4sgsocqpxw45h607udje,Tottenham Hotspur FC,Tottenham Hotspur,Spurs,TOT,12.0,139.453,10.0,119.595,0.0,0.0,1.0,0.0,11.621,11.96,3.0,2.0,5.0,3.0,7.0,5.0,5.0,100.0,4.0,2.0,50.0,,,,,,,,,,122798.0,187.0,3.0,2.0,1.0,0.88,50.0,0.078,0.07,0.0,0.0,Andy,Robertson,1994-03-11,32.53,6.0,3.0,Defender,Full Back,eziqega9e25bg939pfh4vjp3p,22doj4sgsocqpxw45h607udje,Tottenham Hotspur FC,Tottenham Hotspur,Spurs,TOT,122798.0,187.0,3.0,118.0,93.0,78.81,34.0,23.0,67.65,6.0,1.0,16.67,0.0,0.0,0.0,Andy,Robertson,1994-03-11,32.53,6.0,3.0,Defender,Full Back,eziqega9e25bg939pfh4vjp3p,22doj4sgsocqpxw45h607udje,Tottenham Hotspur FC,Tottenham Hotspur,Spurs,TOT,122798,eziqega9e25bg939pfh4vjp3p,6,22doj4sgsocqpxw45h607udje
Anthony Elanga,449434.0,3.0,235.0,2.0,0.39,1.61,4.0,3.0,50.0,0.1,Anthony,Elanga,2002-04-27,24.39,4.0,19.0,Forward,Winger,5wengf05apke7rv3kms186j56,7vn2i2kd35zuetw6b38gw9jsz,Newcastle United FC,Newcastle United,Newcastle,NEW,23.0,279.625,18.0,224.07,3.0,1.0,0.0,0.0,12.158,12.448,4.0,0.0,3.0,0.0,2.0,18.0,10.0,55.556,6.0,2.0,33.333,,,,,,,,,,449434.0,235.0,3.0,4.0,3.0,6.25,25.0,0.341,0.25,0.0,0.0,Anthony,Elanga,2002-04-27,24.39,4.0,19.0,Forward,Winger,5wengf05apke7rv3kms186j56,7vn2i2kd35zuetw6b38gw9jsz,Newcastle United FC,Newcastle United,Newcastle,NEW,449434.0,235.0,3.0,48.0,31.0,64.58,30.0,20.0,66.67,3.0,0.0,0.0,0.0,0.0,0.0,Anthony,Elanga,2002-04-27,24.39,4.0,19.0,Forward,Winger,5wengf05apke7rv3kms186j56,7vn2i2kd35zuetw6b38gw9jsz,Newcastle United FC,Newcastle United,Newcastle,NEW,449434,5wengf05apke7rv3kms186j56,4,7vn2i2kd35zuetw6b38gw9jsz
Antoine Semenyo,437730.0,3.0,270.0,0.0,0.18,-0.18,5.0,2.0,0.0,0.04,Antoine,Semenyo,2000-01-07,26.7,43.0,42.0,Forward,Winger,7tnuxlg9l4rjhc7j3ko36hduy,a3nyxabgsqlnqfkeg41m6tnpp,Manchester City FC,Manchester City,Man City,MCI,68.0,896.258,41.0,386.085,1.0,0.0,3.0,0.0,13.18,9.417,3.0,0.0,9.0,0.0,0.0,33.0,11.0,33.333,3.0,1.0,33.333,,,,,,,,,,437730.0,270.0,3.0,6.0,6.0,3.57,0.0,0.934,0.934,2.0,2.0,Antoine,Semenyo,2000-01-07,26.7,43.0,42.0,Forward,Winger,7tnuxlg9l4rjhc7j3ko36hduy,a3nyxabgsqlnqfkeg41m6tnpp,Manchester City FC,Manchester City,Man City,MCI,437730.0,270.0,3.0,112.0,102.0,91.07,44.0,41.0,93.18,8.0,3.0,37.5,1.0,1.0,100.0,Antoine,Semenyo,2000-01-07,26.7,43.0,42.0,Forward,Winger,7tnuxlg9l4rjhc7j3ko36hduy,a3nyxabgsqlnqfkeg41m6tnpp,Manchester City FC,Manchester City,Man City,MCI,437730,7tnuxlg9l4rjhc7j3ko36hduy,43,a3nyxabgsqlnqfkeg41m6tnpp
Anton Stach,466525.0,3.0,270.0,1.0,0.49,0.51,5.0,2.0,20.0,0.1,Anton,Stach,1998-11-15,27.84,2.0,18.0,Midfielder,Defensive Midfielder,az7owi5t4bclkamjsjuyxzv1l,48gk2hpqtsl6p9sx9kjhaydq4,Leeds United FC,Leeds United,Leeds,LEE,14.0,127.229,9.0,80.325,0.0,0.0,0.0,0.0,9.088,8.925,9.0,6.0,11.0,1.0,11.0,31.0,17.0,54.839,10.0,7.0,70.0,,,,,,,,,,466525.0,270.0,3.0,2.0,1.0,1.3,50.0,0.158,0.097,0.0,0.0,Anton,Stach,1998-11-15,27.84,2.0,18.0,Midfielder,Defensive Midfielder,az7owi5t4bclkamjsjuyxzv1l,48gk2hpqtsl6p9sx9kjhaydq4,Leeds United FC,Leeds United,Leeds,LEE,466525.0,270.0,3.0,82.0,49.0,59.76,34.0,16.0,47.06,3.0,1.0,33.33,0.0,0.0,0.0,Anton,Stach,1998-11-15,27.84,2.0,18.0,Midfielder,Defensive Midfielder,az7owi5t4bclkamjsjuyxzv1l,48gk2hpqtsl6p9sx9kjhaydq4,Leeds United FC,Leeds United,Leeds,LEE,466525,az7owi5t4bclkamjsjuyxzv1l,2,48gk2hpqtsl6p9sx9kjhaydq4
Antonee Robinson,169528.0,3.0,251.0,0.0,0.21,-0.21,3.0,0.0,0.0,0.07,Antonee,Robinson,1997-08-08,29.11,54.0,33.0,Defender,Full Back,bgc1psqiv7vagmphfl920nbah,hzqh7z0mdl3v7gwete66syxp,Fulham FC,Fulham,Fulham,FUL,30.0,359.947,18.0,243.6,0.0,0.0,1.0,0.0,11.998,13.533,8.0,1.0,12.0,1.0,5.0,21.0,13.0,61.905,5.0,0.0,0.0,,,,,,,,,,169528.0,251.0,3.0,3.0,3.0,2.01,0.0,0.169,0.168,0.0,0.0,Antonee,Robinson,1997-08-08,29.11,54.0,33.0,Defender,Full Back,bgc1psqiv7vagmphfl920nbah,hzqh7z0mdl3v7gwete66syxp,Fulham FC,Fulham,Fulham,FUL,169528.0,251.0,3.0,149.0,119.0,79.87,54.0,41.0,75.93,10.0,2.0,20.0,0.0,0.0,0.0,Antonee,Robinson,1997-08-08,29.11,54.0,33.0,Defender,Full Back,bgc1psqiv7vagmphfl920nbah,hzqh7z0mdl3v7gwete66syxp,Fulham FC,Fulham,Fulham,FUL,169528,bgc1psqiv7vagmphfl920nbah,54,hzqh7z0mdl3v7gwete66syxp
Antonín Kinsky,,,,,,,,,,,,,,,,,,,,,,,,,,,,,,,,,,,,,,,,,,,,,,270.0,100.0,0.0,5.0,6.0,54.55,-0.99,0.8,4.01,,,,,,,,,,,,,,,,,,,,,,,,,,,,,,,,,,,,,,,,,,,,,,,,,,,,,,,485055,5qc2hwkixcdpfbq6qmfpxvey2,6,22doj4sgsocqpxw45h607udje
António Silva,483067.0,3.0,270.0,0.0,0.27,-0.27,2.0,1.0,0.0,0.13,António João,Pereira de Albuquerque Tavares da Silva,2003-10-30,22.88,91.0,14.0,Defender,Central Defender,2p86mzr8qnu9iy01fusvovf56,1pse9ta7a45pi2w2grjim70ge,AFC Bournemouth,Bournemouth,Bournemouth,BOU,37.0,415.771,21.0,226.485,0.0,0.0,0.0,0.0,11.237,10.785,3.0,2.0,7.0,3.0,23.0,7.0,3.0,42.857,18.0,12.0,66.667,,,,,,,,,,483067.0,270.0,3.0,0.0,0.0,0.0,0.0,0.041,0.041,0.0,0.0,António João,Pereira de Albuquerque Tavares da Silva,2003-10-30,22.88,91.0,14.0,Defender,Central Defender,2p86mzr8qnu9iy01fusvovf56,1pse9ta7a45pi2w2grjim70ge,AFC Bournemouth,Bournemouth,Bournemouth,BOU,483067.0,270.0,3.0,133.0,117.0,87.97,24.0,19.0,79.17,0.0,0.0,0.0,0.0,0.0,0.0,António João,Pereira de Albuquerque Tavares da Silva,2003-10-30,22.88,91.0,14.0,Defender,Central Defender,2p86mzr8qnu9iy01fusvovf56,1pse9ta7a45pi2w2grjim70ge,AFC Bournemouth,Bournemouth,Bournemouth,BOU,483067,2p86mzr8qnu9iy01fusvovf56,91,1pse9ta7a45pi2w2grjim70ge
Ao Tanaka,248056.0,2.0,118.0,0.0,0.53,-0.53,2.0,0.0,0.0,0.26,Ao,Tanaka,1998-09-10,28.02,2.0,22.0,Midfielder,Central Midfielder,28ucbvor6b0yxreoieehudfc9,48gk2hpqtsl6p9sx9kjhaydq4,Leeds United FC,Leeds United,Leeds,LEE,12.0,110.147,3.0,-9.555,0.0,0.0,0.0,0.0,9.179,-3.185,5.0,0.0,6.0,1.0,7.0,9.0,8.0,88.889,2.0,1.0,50.0,,,,,,,,,,248056.0,118.0,2.0,1.0,0.0,0.0,0.0,0.017,0.017,1.0,0.0,Ao,Tanaka,1998-09-10,28.02,2.0,22.0,Midfielder,Central Midfielder,28ucbvor6b0yxreoieehudfc9,48gk2hpqtsl6p9sx9kjhaydq4,Leeds United FC,Leeds United,Leeds,LEE,248056.0,118.0,2.0,50.0,41.0,82.0,10.0,5.0,50.0,0.0,0.0,0.0,0.0,0.0,0.0,Ao,Tanaka,1998-09-10,28.02,2.0,22.0,Midfielder,Central Midfielder,28ucbvor6b0yxreoieehudfc9,48gk2hpqtsl6p9sx9kjhaydq4,Leeds United FC,Leeds United,Leeds,LEE,248056,28ucbvor6b0yxreoieehudfc9,2,48gk2hpqtsl6p9sx9kjhaydq4
Archie Gray,547701.0,2.0,154.0,0.0,0.0,0.0,0.0,0.0,0.0,0.0,Archie,Gray,2006-03-12,20.52,6.0,14.0,Midfielder,Central Midfielder,4stnvxbf7enogqej29n3ll0d0,22doj4sgsocqpxw45h607udje,Tottenham Hotspur FC,Tottenham Hotspur,Spurs,TOT,14.0,128.169,9.0,90.615,0.0,0.0,0.0,0.0,9.155,10.068,1.0,2.0,5.0,0.0,3.0,9.0,6.0,66.667,1.0,1.0,100.0,,,,,,,,,,547701.0,154.0,2.0,0.0,0.0,0.0,0.0,0.016,0.015,0.0,0.0,Archie,Gray,2006-03-12,20.52,6.0,14.0,Midfielder,Central Midfielder,4stnvxbf7enogqej29n3ll0d0,22doj4sgsocqpxw45h607udje,Tottenham Hotspur FC,Tottenham Hotspur,Spurs,TOT,547701.0,154.0,2.0,59.0,47.0,79.66,16.0,14.0,87.5,2.0,0.0,0.0,0.0,0.0,0.0,Archie,Gray,2006-03-12,20.52,6.0,14.0,Midfielder,Central Midfielder,4stnvxbf7enogqej29n3ll0d0,22doj4sgsocqpxw45h607udje,Tottenham Hotspur FC,Tottenham Hotspur,Spurs,TOT,547701,4stnvxbf7enogqej29n3ll0d0,6,22doj4sgsocqpxw45h607udje
Arnaud Kalimuendo,465680.0,1.0,1.0,0.0,0.0,0.0,0.0,0.0,0.0,0.0,Arnaud,Kalimuendo,2002-01-20,24.66,17.0,15.0,Forward,Striker,dw9fzixumboknmucqgqffurmy,1qtaiy11gswx327s0vkibf70n,Nottingham Forest FC,Nottingham Forest,Forest,NFO,0.0,0.0,0.0,0.0,0.0,0.0,0.0,0.0,0.0,0.0,0.0,0.0,0.0,0.0,0.0,0.0,0.0,0.0,0.0,0.0,0.0,,,,,,,,,,465680.0,1.0,1.0,0.0,0.0,0.0,0.0,0.0,0.0,0.0,0.0,Arnaud,Kalimuendo,2002-01-20,24.66,17.0,15.0,Forward,Striker,dw9fzixumboknmucqgqffurmy,1qtaiy11gswx327s0vkibf70n,Nottingham Forest FC,Nottingham Forest,Forest,NFO,465680.0,1.0,1.0,0.0,0.0,0.0,0.0,0.0,0.0,0.0,0.0,0.0,0.0,0.0,0.0,Arnaud,Kalimuendo,2002-01-20,24.66,17.0,15.0,Forward,Striker,dw9fzixumboknmucqgqffurmy,1qtaiy11gswx327s0vkibf70n,Nottingham Forest FC,Nottingham Forest,Forest,NFO,465680,dw9fzixumboknmucqgqffurmy,17,1qtaiy11gswx327s0vkibf70n
Aurèle Amenda,539142.0,3.0,270.0,0.0,0.02,-0.02,1.0,0.0,0.0,0.02,Aurèle,Amenda,2003-07-31,23.13,9.0,24.0,Defender,Central Defender,ekl9e2t93vow1buusgdcs3giy,dacoc20k0n3fxu4zek8wufmko,Coventry City FC,Coventry City,Coventry,COV,44.0,479.833,26.0,303.24,1.0,0.0,0.0,0.0,10.905,11.663,1.0,1.0,11.0,3.0,11.0,9.0,2.0,22.222,12.0,8.0,66.667,,,,,,,,,,539142.0,270.0,3.0,0.0,0.0,0.0,0.0,0.386,0.386,0.0,0.0,Aurèle,Amenda,2003-07-31,23.13,9.0,24.0,Defender,Central Defender,ekl9e2t93vow1buusgdcs3giy,dacoc20k0n3fxu4zek8wufmko,Coventry City FC,Coventry City,Coventry,COV,539142.0,270.0,3.0,135.0,119.0,88.15,29.0,22.0,75.86,0.0,0.0,0.0,0.0,0.0,0.0,Aurèle,Amenda,2003-07-31,23.13,9.0,24.0,Defender,Central Defender,ekl9e2t93vow1buusgdcs3giy,dacoc20k0n3fxu4zek8wufmko,Coventry City FC,Coventry City,Coventry,COV,539142,ekl9e2t93vow1buusgdcs3giy,9,dacoc20k0n3fxu4zek8wufmko
Axel Disasi,220362.0,2.0,106.0,0.0,0.0,0.0,0.0,0.0,0.0,0.0,Axel,Disasi,1998-03-11,28.52,31.0,5.0,Defender,Central Defender,3djmsd2atvq16ysmocq7twsfd,1c8m2ko0wxq1asfkuykurdr0y,Crystal Palace FC,Crystal Palace,Palace,CRY,15.0,150.03,9.0,44.1,0.0,0.0,0.0,0.0,10.002,4.9,5.0,4.0,9.0,2.0,3.0,10.0,6.0,60.0,6.0,3.0,50.0,,,,,,,,,,220362.0,106.0,2.0,1.0,1.0,1.79,0.0,0.044,0.044,0.0,0.0,Axel,Disasi,1998-03-11,28.52,31.0,5.0,Defender,Central Defender,3djmsd2atvq16ysmocq7twsfd,1c8m2ko0wxq1asfkuykurdr0y,Crystal Palace FC,Crystal Palace,Palace,CRY,220362.0,106.0,2.0,67.0,58.0,86.57,10.0,5.0,50.0,0.0,0.0,0.0,1.0,0.0,0.0,Axel,Disasi,1998-03-11,28.52,31.0,5.0,Defender,Central Defender,3djmsd2atvq16ysmocq7twsfd,1c8m2ko0wxq1asfkuykurdr0y,Crystal Palace FC,Crystal Palace,Palace,CRY,220362,3djmsd2atvq16ysmocq7twsfd,31,1c8m2ko0wxq1asfkuykurdr0y
Ayden Heaven,606745.0,1.0,90.0,0.0,0.12,-0.12,2.0,0.0,0.0,0.06,Ayden,Heaven,2006-09-22,19.98,1.0,26.0,Defender,Full Back,4tb2hobv1dwon0e8djvuohxxw,6eqit8ye8aomdsrrq0hk3v7gh,Manchester United FC,Manchester United,Man Utd,MUN,21.0,192.066,7.0,16.065,0.0,0.0,0.0,0.0,9.146,2.295,1.0,0.0,4.0,0.0,1.0,5.0,3.0,60.0,6.0,2.0,33.333,,,,,,,,,,606745.0,90.0,1.0,0.0,0.0,0.0,0.0,0.036,0.036,0.0,0.0,Ayden,Heaven,2006-09-22,19.98,1.0,26.0,Defender,Full Back,4tb2hobv1dwon0e8djvuohxxw,6eqit8ye8aomdsrrq0hk3v7gh,Manchester United FC,Manchester United,Man Utd,MUN,606745.0,90.0,1.0,67.0,61.0,91.04,11.0,9.0,81.82,0.0,0.0,0.0,0.0,0.0,0.0,Ayden,Heaven,2006-09-22,19.98,1.0,26.0,Defender,Full Back,4tb2hobv1dwon0e8djvuohxxw,6eqit8ye8aomdsrrq0hk3v7gh,Manchester United FC,Manchester United,Man Utd,MUN,606745,4tb2hobv1dwon0e8djvuohxxw,1,6eqit8ye8aomdsrrq0hk3v7gh
Ayyoub Bouaddi,637238.0,2.0,22.0,0.0,0.0,0.0,0.0,0.0,0.0,0.0,Ayyoub,Bouaddi,2007-10-02,18.96,43.0,32.0,Midfielder,Central Midfielder,b8w8yita3r3unmolru3o95ous,a3nyxabgsqlnqfkeg41m6tnpp,Manchester City FC,Manchester City,Man City,MCI,11.0,150.409,8.0,106.575,0.0,0.0,0.0,0.0,13.674,13.322,0.0,1.0,3.0,2.0,0.0,1.0,1.0,100.0,0.0,0.0,0.0,,,,,,,,,,637238.0,22.0,2.0,0.0,0.0,0.0,0.0,0.117,0.117,0.0,0.0,Ayyoub,Bouaddi,2007-10-02,18.96,43.0,32.0,Midfielder,Central Midfielder,b8w8yita3r3unmolru3o95ous,a3nyxabgsqlnqfkeg41m6tnpp,Manchester City FC,Manchester City,Man City,MCI,637238.0,22.0,2.0,39.0,35.0,89.74,6.0,6.0,100.0,0.0,0.0,0.0,1.0,1.0,100.0,Ayyoub,Bouaddi,2007-10-02,18.96,43.0,32.0,Midfielder,Central Midfielder,b8w8yita3r3unmolru3o95ous,a3nyxabgsqlnqfkeg41m6tnpp,Manchester City FC,Manchester City,Man City,MCI,637238,b8w8yita3r3unmolru3o95ous,43,a3nyxabgsqlnqfkeg41m6tnpp
Bafodé Diakité,242882.0,0.0,0.0,0.0,0.0,0.0,0.0,0.0,0.0,0.0,Bafodé,Diakité,2001-01-06,25.7,91.0,18.0,Defender,Central Defender,242882,1pse9ta7a45pi2w2grjim70ge,AFC Bournemouth,Bournemouth,Bournemouth,BOU,0.0,0.0,0.0,0.0,0.0,0.0,0.0,0.0,0.0,0.0,0.0,0.0,0.0,0.0,0.0,0.0,0.0,0.0,0.0,0.0,0.0,,,,,,,,,,242882.0,0.0,0.0,0.0,0.0,0.0,0.0,0.0,0.0,0.0,0.0,Bafodé,Diakité,2001-01-06,25.7,91.0,18.0,Defender,Central Defender,242882,1pse9ta7a45pi2w2grjim70ge,AFC Bournemouth,Bournemouth,Bournemouth,BOU,242882.0,0.0,0.0,0.0,0.0,0.0,0.0,0.0,0.0,0.0,0.0,0.0,0.0,0.0,0.0,Bafodé,Diakité,2001-01-06,25.7,91.0,18.0,Defender,Central Defender,242882,1pse9ta7a45pi2w2grjim70ge,AFC Bournemouth,Bournemouth,Bournemouth,BOU,242882,242882,91,1pse9ta7a45pi2w2grjim70ge
Bart Verbruggen,,,,,,,,,,,,,,,,,,,,,,,,,,,,,,,,,,,,,,,,,,,,,,270.0,100.0,0.0,5.0,4.0,44.44,-0.5,0.8,4.5,,,,,,,,,,,,,,,,,,,,,,,,,,,,,,,,,,,,,,,,,,,,,,,,,,,,,,,489639,3wwi5vf2l1qbz7e5zdjoy8yga,36,e5p0ehyguld7egzhiedpdnc3w
Bazoumana Touré,611665.0,1.0,1.0,0.0,0.0,0.0,0.0,0.0,0.0,0.0,Bazoumana,Touré,2006-03-02,20.54,4.0,17.0,Forward,Winger,c2p36c1bs0hddw58lf48iy68k,7vn2i2kd35zuetw6b38gw9jsz,Newcastle United FC,Newcastle United,Newcastle,NEW,0.0,0.0,0.0,0.0,0.0,0.0,0.0,0.0,0.0,0.0,0.0,0.0,0.0,0.0,0.0,0.0,0.0,0.0,0.0,0.0,0.0,,,,,,,,,,611665.0,1.0,1.0,0.0,0.0,0.0,0.0,0.0,0.0,0.0,0.0,Bazoumana,Touré,2006-03-02,20.54,4.0,17.0,Forward,Winger,c2p36c1bs0hddw58lf48iy68k,7vn2i2kd35zuetw6b38gw9jsz,Newcastle United FC,Newcastle United,Newcastle,NEW,611665.0,1.0,1.0,1.0,0.0,0.0,1.0,0.0,0.0,0.0,0.0,0.0,0.0,0.0,0.0,Bazoumana,Touré,2006-03-02,20.54,4.0,17.0,Forward,Winger,c2p36c1bs0hddw58lf48iy68k,7vn2i2kd35zuetw6b38gw9jsz,Newcastle United FC,Newcastle United,Newcastle,NEW,611665,c2p36c1bs0hddw58lf48iy68k,4,7vn2i2kd35zuetw6b38gw9jsz
Ben Chilwell,172850.0,1.0,16.0,1.0,0.15,0.85,1.0,1.0,100.0,0.15,Ben,Chilwell,1996-12-21,29.74,31.0,33.0,Defender,Full Back,7usl4495egoptlrd762f0arbp,1c8m2ko0wxq1asfkuykurdr0y,Crystal Palace FC,Crystal Palace,Palace,CRY,3.0,37.04,3.0,25.515,0.0,0.0,0.0,0.0,12.347,8.505,0.0,0.0,0.0,0.0,0.0,0.0,0.0,0.0,0.0,0.0,0.0,,,,,,,,,,172850.0,16.0,1.0,0.0,0.0,0.0,0.0,0.001,0.001,0.0,0.0,Ben,Chilwell,1996-12-21,29.74,31.0,33.0,Defender,Full Back,7usl4495egoptlrd762f0arbp,1c8m2ko0wxq1asfkuykurdr0y,Crystal Palace FC,Crystal Palace,Palace,CRY,172850.0,16.0,1.0,5.0,5.0,100.0,1.0,1.0,100.0,1.0,0.0,0.0,0.0,0.0,0.0,Ben,Chilwell,1996-12-21,29.74,31.0,33.0,Defender,Full Back,7usl4495egoptlrd762f0arbp,1c8m2ko0wxq1asfkuykurdr0y,Crystal Palace FC,Crystal Palace,Palace,CRY,172850,7usl4495egoptlrd762f0arbp,31,1c8m2ko0wxq1asfkuykurdr0y
Ben Davies,115556.0,0.0,0.0,0.0,0.0,0.0,0.0,0.0,0.0,0.0,Ben,Davies,1993-04-24,33.41,6.0,33.0,Defender,Full Back,115556,22doj4sgsocqpxw45h607udje,Tottenham Hotspur FC,Tottenham Hotspur,Spurs,TOT,0.0,0.0,0.0,0.0,0.0,0.0,0.0,0.0,0.0,0.0,0.0,0.0,0.0,0.0,0.0,0.0,0.0,0.0,0.0,0.0,0.0,,,,,,,,,,115556.0,0.0,0.0,0.0,0.0,0.0,0.0,0.0,0.0,0.0,0.0,Ben,Davies,1993-04-24,33.41,6.0,33.0,Defender,Full Back,115556,22doj4sgsocqpxw45h607udje,Tottenham Hotspur FC,Tottenham Hotspur,Spurs,TOT,115556.0,0.0,0.0,0.0,0.0,0.0,0.0,0.0,0.0,0.0,0.0,0.0,0.0,0.0,0.0,Ben,Davies,1993-04-24,33.41,6.0,33.0,Defender,Full Back,115556,22doj4sgsocqpxw45h607udje,Tottenham Hotspur FC,Tottenham Hotspur,Spurs,TOT,115556,115556,6,22doj4sgsocqpxw45h607udje
Ben Gannon-Doak,496208.0,2.0,2.0,0.0,0.02,-0.02,1.0,0.0,0.0,0.02,Ben,Gannon-Doak,2005-11-11,20.85,91.0,11.0,Forward,Winger,5fn9m086q3b5kdgt055bol638,1pse9ta7a45pi2w2grjim70ge,AFC Bournemouth,Bournemouth,Bournemouth,BOU,1.0,12.422,1.0,11.445,0.0,0.0,0.0,0.0,12.422,11.445,1.0,0.0,2.0,0.0,0.0,2.0,1.0,50.0,0.0,0.0,0.0,,,,,,,,,,496208.0,2.0,2.0,0.0,0.0,0.0,0.0,0.002,0.002,0.0,0.0,Ben,Gannon-Doak,2005-11-11,20.85,91.0,11.0,Forward,Winger,5fn9m086q3b5kdgt055bol638,1pse9ta7a45pi2w2grjim70ge,AFC Bournemouth,Bournemouth,Bournemouth,BOU,496208.0,2.0,2.0,6.0,5.0,83.33,2.0,2.0,100.0,1.0,0.0,0.0,0.0,0.0,0.0,Ben,Gannon-Doak,2005-11-11,20.85,91.0,11.0,Forward,Winger,5fn9m086q3b5kdgt055bol638,1pse9ta7a45pi2w2grjim70ge,AFC Bournemouth,Bournemouth,Bournemouth,BOU,496208,5fn9m086q3b5kdgt055bol638,91,1pse9ta7a45pi2w2grjim70ge
Ben White,198869.0,3.0,270.0,0.0,0.18,-0.18,1.0,0.0,0.0,0.18,Ben,White,1997-10-08,28.95,3.0,4.0,Defender,Central Defender,cnmlhoum9aahwqruxgmz2gcfd,4dsgumo7d4zupm2ugsvm4zm4d,Arsenal FC,Arsenal,Arsenal,ARS,18.0,169.298,11.0,83.475,1.0,0.0,0.0,0.0,9.405,7.589,4.0,2.0,9.0,0.0,9.0,12.0,9.0,75.0,9.0,6.0,66.667,,,,,,,,,,198869.0,270.0,3.0,3.0,3.0,1.4,0.0,0.289,0.287,1.0,1.0,Ben,White,1997-10-08,28.95,3.0,4.0,Defender,Central Defender,cnmlhoum9aahwqruxgmz2gcfd,4dsgumo7d4zupm2ugsvm4zm4d,Arsenal FC,Arsenal,Arsenal,ARS,198869.0,270.0,3.0,147.0,123.0,83.67,68.0,54.0,79.41,10.0,2.0,20.0,0.0,0.0,0.0,Ben,White,1997-10-08,28.95,3.0,4.0,Defender,Central Defender,cnmlhoum9aahwqruxgmz2gcfd,4dsgumo7d4zupm2ugsvm4zm4d,Arsenal FC,Arsenal,Arsenal,ARS,198869,cnmlhoum9aahwqruxgmz2gcfd,3,4dsgumo7d4zupm2ugsvm4zm4d
Benjamin Sesko,485711.0,3.0,53.0,1.0,0.32,0.68,3.0,1.0,33.33,0.11,Benjamin,Sesko,2003-05-31,23.3,1.0,30.0,Forward,Striker,4ynekiqwgd0l8h7cuyvdl28ve,6eqit8ye8aomdsrrq0hk3v7gh,Manchester United FC,Manchester United,Man Utd,MUN,6.0,68.887,3.0,33.39,0.0,0.0,1.0,0.0,11.481,11.13,0.0,0.0,3.0,0.0,0.0,3.0,0.0,0.0,7.0,1.0,14.286,,,,,,,,,,485711.0,53.0,3.0,1.0,1.0,7.69,0.0,0.009,0.009,0.0,0.0,Benjamin,Sesko,2003-05-31,23.3,1.0,30.0,Forward,Striker,4ynekiqwgd0l8h7cuyvdl28ve,6eqit8ye8aomdsrrq0hk3v7gh,Manchester United FC,Manchester United,Man Utd,MUN,485711.0,53.0,3.0,15.0,11.0,73.33,4.0,3.0,75.0,1.0,0.0,0.0,0.0,0.0,0.0,Benjamin,Sesko,2003-05-31,23.3,1.0,30.0,Forward,Striker,4ynekiqwgd0l8h7cuyvdl28ve,6eqit8ye8aomdsrrq0hk3v7gh,Manchester United FC,Manchester United,Man Utd,MUN,485711,4ynekiqwgd0l8h7cuyvdl28ve,1,6eqit8ye8aomdsrrq0hk3v7gh
Bernd Leno,,,,,,,,,,,,,,,,,,,,,,,,,,,,,,,,,,,,,,,,,,,,,,270.0,100.0,0.0,7.0,8.0,53.33,-1.08,0.71,5.92,,,,,,,,,,,,,,,,,,,,,,,,,,,,,,,,,,,,,,,,,,,,,,,,,,,,,,,80201,2f79rc4i712sxstahjkq6pxp1,54,hzqh7z0mdl3v7gwete66syxp
Beto,486385.0,2.0,31.0,0.0,0.09,-0.09,2.0,0.0,0.0,0.04,Norberto Bercique,Gomes Betuncal,1998-01-31,28.63,11.0,9.0,Forward,Striker,6z3a27dxffwacyxof0imvcfvu,ehd2iemqmschhj2ec0vayztzz,Everton FC,Everton,Everton,EVE,1.0,6.804,0.0,4.725,0.0,0.0,0.0,0.0,6.804,0.0,0.0,0.0,0.0,1.0,0.0,1.0,0.0,0.0,5.0,1.0,20.0,,,,,,,,,,486385.0,31.0,2.0,0.0,0.0,0.0,0.0,0.005,0.005,0.0,0.0,Norberto Bercique,Gomes Betuncal,1998-01-31,28.63,11.0,9.0,Forward,Striker,6z3a27dxffwacyxof0imvcfvu,ehd2iemqmschhj2ec0vayztzz,Everton FC,Everton,Everton,EVE,486385.0,31.0,2.0,6.0,4.0,66.67,2.0,1.0,50.0,1.0,0.0,0.0,0.0,0.0,0.0,Norberto Bercique,Gomes Betuncal,1998-01-31,28.63,11.0,9.0,Forward,Striker,6z3a27dxffwacyxof0imvcfvu,ehd2iemqmschhj2ec0vayztzz,Everton FC,Everton,Everton,EVE,486385,6z3a27dxffwacyxof0imvcfvu,11,ehd2iemqmschhj2ec0vayztzz
Bobby Thomas,461102.0,3.0,258.0,0.0,0.24,-0.24,6.0,0.0,0.0,0.04,Bobby,Thomas,2001-01-30,25.63,9.0,4.0,Defender,Central Defender,5raent8a0bdt01n7769n3dw16,dacoc20k0n3fxu4zek8wufmko,Coventry City FC,Coventry City,Coventry,COV,35.0,312.164,15.0,80.64,0.0,0.0,0.0,0.0,8.919,5.376,2.0,4.0,11.0,1.0,22.0,11.0,8.0,72.727,14.0,8.0,57.143,,,,,,,,,,461102.0,258.0,3.0,3.0,3.0,2.5,0.0,0.186,0.186,0.0,0.0,Bobby,Thomas,2001-01-30,25.63,9.0,4.0,Defender,Central Defender,5raent8a0bdt01n7769n3dw16,dacoc20k0n3fxu4zek8wufmko,Coventry City FC,Coventry City,Coventry,COV,461102.0,258.0,3.0,122.0,95.0,77.87,29.0,15.0,51.72,1.0,0.0,0.0,0.0,0.0,0.0,Bobby,Thomas,2001-01-30,25.63,9.0,4.0,Defender,Central Defender,5raent8a0bdt01n7769n3dw16,dacoc20k0n3fxu4zek8wufmko,Coventry City FC,Coventry City,Coventry,COV,461102,5raent8a0bdt01n7769n3dw16,9,dacoc20k0n3fxu4zek8wufmko
Borna Sosa,218364.0,0.0,0.0,0.0,0.0,0.0,0.0,0.0,0.0,0.0,Borna,Sosa,1998-01-21,28.66,31.0,24.0,Defender,Full Back,218364,1c8m2ko0wxq1asfkuykurdr0y,Crystal Palace FC,Crystal Palace,Palace,CRY,0.0,0.0,0.0,0.0,0.0,0.0,0.0,0.0,0.0,0.0,0.0,0.0,0.0,0.0,0.0,0.0,0.0,0.0,0.0,0.0,0.0,,,,,,,,,,218364.0,0.0,0.0,0.0,0.0,0.0,0.0,0.0,0.0,0.0,0.0,Borna,Sosa,1998-01-21,28.66,31.0,24.0,Defender,Full Back,218364,1c8m2ko0wxq1asfkuykurdr0y,Crystal Palace FC,Crystal Palace,Palace,CRY,218364.0,0.0,0.0,0.0,0.0,0.0,0.0,0.0,0.0,0.0,0.0,0.0,0.0,0.0,0.0,Borna,Sosa,1998-01-21,28.66,31.0,24.0,Defender,Full Back,218364,1c8m2ko0wxq1asfkuykurdr0y,Crystal Palace FC,Crystal Palace,Palace,CRY,218364,218364,31,1c8m2ko0wxq1asfkuykurdr0y
Boubacar Kamara,226944.0,3.0,270.0,0.0,0.0,0.0,0.0,0.0,0.0,0.0,Boubacar,Kamara,1999-11-23,26.82,7.0,8.0,Midfielder,Defensive Midfielder,blth4klpu88kgh73abpjlgusp,b496gs285it6bheuikox6z9mj,Aston Villa FC,Aston Villa,Villa,AVL,25.0,187.42,12.0,67.515,0.0,0.0,0.0,0.0,7.497,5.626,4.0,2.0,12.0,1.0,6.0,26.0,10.0,38.462,8.0,5.0,62.5,,,,,,,,,,226944.0,270.0,3.0,2.0,2.0,1.26,0.0,0.103,0.103,0.0,0.0,Boubacar,Kamara,1999-11-23,26.82,7.0,8.0,Midfielder,Defensive Midfielder,blth4klpu88kgh73abpjlgusp,b496gs285it6bheuikox6z9mj,Aston Villa FC,Aston Villa,Villa,AVL,226944.0,270.0,3.0,163.0,147.0,90.18,49.0,41.0,83.67,1.0,0.0,0.0,1.0,0.0,0.0,Boubacar,Kamara,1999-11-23,26.82,7.0,8.0,Midfielder,Defensive Midfielder,blth4klpu88kgh73abpjlgusp,b496gs285it6bheuikox6z9mj,Aston Villa FC,Aston Villa,Villa,AVL,226944,blth4klpu88kgh73abpjlgusp,7,b496gs285it6bheuikox6z9mj
Bradley Barcola,482616.0,1.0,26.0,0.0,0.0,0.0,0.0,0.0,0.0,0.0,Bradley,Barcola,2002-09-02,24.04,14.0,29.0,Forward,Winger,a71n80h977h7fu99ftnri5zsa,c8h9bw1l82s06h77xxrelzhur,Liverpool FC,Liverpool,Liverpool,LIV,5.0,62.151,2.0,12.18,0.0,0.0,0.0,0.0,12.43,6.09,0.0,0.0,0.0,0.0,0.0,2.0,1.0,50.0,0.0,0.0,0.0,,,,,,,,,,482616.0,26.0,1.0,1.0,1.0,14.29,0.0,0.068,0.068,0.0,0.0,Bradley,Barcola,2002-09-02,24.04,14.0,29.0,Forward,Winger,a71n80h977h7fu99ftnri5zsa,c8h9bw1l82s06h77xxrelzhur,Liverpool FC,Liverpool,Liverpool,LIV,482616.0,26.0,1.0,7.0,5.0,71.43,3.0,2.0,66.67,0.0,0.0,0.0,0.0,0.0,0.0,Bradley,Barcola,2002-09-02,24.04,14.0,29.0,Forward,Winger,a71n80h977h7fu99ftnri5zsa,c8h9bw1l82s06h77xxrelzhur,Liverpool FC,Liverpool,Liverpool,LIV,482616,a71n80h977h7fu99ftnri5zsa,14,c8h9bw1l82s06h77xxrelzhur
Bradley Burrowes,645618.0,0.0,0.0,0.0,0.0,0.0,0.0,0.0,0.0,0.0,Bradley,Burrowes,2008-03-04,18.53,7.0,49.0,Forward,Winger,645618,b496gs285it6bheuikox6z9mj,Aston Villa FC,Aston Villa,Villa,AVL,0.0,0.0,0.0,0.0,0.0,0.0,0.0,0.0,0.0,0.0,0.0,0.0,0.0,0.0,0.0,0.0,0.0,0.0,0.0,0.0,0.0,,,,,,,,,,645618.0,0.0,0.0,0.0,0.0,0.0,0.0,0.0,0.0,0.0,0.0,Bradley,Burrowes,2008-03-04,18.53,7.0,49.0,Forward,Winger,645618,b496gs285it6bheuikox6z9mj,Aston Villa FC,Aston Villa,Villa,AVL,645618.0,0.0,0.0,0.0,0.0,0.0,0.0,0.0,0.0,0.0,0.0,0.0,0.0,0.0,0.0,Bradley,Burrowes,2008-03-04,18.53,7.0,49.0,Forward,Winger,645618,b496gs285it6bheuikox6z9mj,Aston Villa FC,Aston Villa,Villa,AVL,645618,645618,7,b496gs285it6bheuikox6z9mj
Braiden Graham,629068.0,0.0,0.0,0.0,0.0,0.0,0.0,0.0,0.0,0.0,Braiden,Graham,2007-11-07,18.86,11.0,58.0,Forward,0,629068,ehd2iemqmschhj2ec0vayztzz,Everton FC,Everton,Everton,EVE,0.0,0.0,0.0,0.0,0.0,0.0,0.0,0.0,0.0,0.0,0.0,0.0,0.0,0.0,0.0,0.0,0.0,0.0,0.0,0.0,0.0,,,,,,,,,,629068.0,0.0,0.0,0.0,0.0,0.0,0.0,0.0,0.0,0.0,0.0,Braiden,Graham,2007-11-07,18.86,11.0,58.0,Forward,0,629068,ehd2iemqmschhj2ec0vayztzz,Everton FC,Everton,Everton,EVE,629068.0,0.0,0.0,0.0,0.0,0.0,0.0,0.0,0.0,0.0,0.0,0.0,0.0,0.0,0.0,Braiden,Graham,2007-11-07,18.86,11.0,58.0,Forward,0,629068,ehd2iemqmschhj2ec0vayztzz,Everton FC,Everton,Everton,EVE,629068,629068,11,ehd2iemqmschhj2ec0vayztzz
Brandon Thomas-Asante,230730.0,3.0,121.0,0.0,0.0,0.0,0.0,0.0,0.0,0.0,Brandon,Thomas-Asante,1998-12-29,27.72,9.0,23.0,Forward,Striker,f0nbu676sq8t66np341nbjmqx,dacoc20k0n3fxu4zek8wufmko,Coventry City FC,Coventry City,Coventry,COV,14.0,144.5,6.0,51.135,0.0,0.0,0.0,0.0,10.321,8.522,0.0,5.0,5.0,0.0,1.0,11.0,7.0,63.636,10.0,3.0,30.0,,,,,,,,,,230730.0,121.0,3.0,0.0,0.0,0.0,0.0,0.022,0.022,0.0,0.0,Brandon,Thomas-Asante,1998-12-29,27.72,9.0,23.0,Forward,Striker,f0nbu676sq8t66np341nbjmqx,dacoc20k0n3fxu4zek8wufmko,Coventry City FC,Coventry City,Coventry,COV,230730.0,121.0,3.0,24.0,14.0,58.33,15.0,8.0,53.33,2.0,0.0,0.0,0.0,0.0,0.0,Brandon,Thomas-Asante,1998-12-29,27.72,9.0,23.0,Forward,Striker,f0nbu676sq8t66np341nbjmqx,dacoc20k0n3fxu4zek8wufmko,Coventry City FC,Coventry City,Coventry,COV,230730,f0nbu676sq8t66np341nbjmqx,9,dacoc20k0n3fxu4zek8wufmko
Brenden Aaronson,427637.0,3.0,155.0,0.0,0.01,-0.01,1.0,1.0,0.0,0.01,Brenden,Aaronson,2000-10-22,25.9,2.0,11.0,Midfielder,Attacking Midfielder,8rrcscn29rs1gk8mi1pwpu92i,48gk2hpqtsl6p9sx9kjhaydq4,Leeds United FC,Leeds United,Leeds,LEE,14.0,166.042,8.0,80.85,1.0,0.0,0.0,0.0,11.86,10.106,2.0,0.0,7.0,0.0,1.0,21.0,9.0,42.857,9.0,3.0,33.333,,,,,,,,,,427637.0,155.0,3.0,0.0,0.0,0.0,0.0,0.012,0.012,0.0,0.0,Brenden,Aaronson,2000-10-22,25.9,2.0,11.0,Midfielder,Attacking Midfielder,8rrcscn29rs1gk8mi1pwpu92i,48gk2hpqtsl6p9sx9kjhaydq4,Leeds United FC,Leeds United,Leeds,LEE,427637.0,155.0,3.0,24.0,17.0,70.83,13.0,7.0,53.85,0.0,0.0,0.0,0.0,0.0,0.0,Brenden,Aaronson,2000-10-22,25.9,2.0,11.0,Midfielder,Attacking Midfielder,8rrcscn29rs1gk8mi1pwpu92i,48gk2hpqtsl6p9sx9kjhaydq4,Leeds United FC,Leeds United,Leeds,LEE,427637,8rrcscn29rs1gk8mi1pwpu92i,2,48gk2hpqtsl6p9sx9kjhaydq4
Brennan Johnson,242898.0,3.0,100.0,0.0,0.05,-0.05,1.0,0.0,0.0,0.05,Brennan,Johnson,2001-05-23,25.32,11.0,22.0,Forward,Winger,1l228p52d8wdf8qhfxqu8rca,ehd2iemqmschhj2ec0vayztzz,Everton FC,Everton,Everton,EVE,9.0,132.473,7.0,96.495,1.0,0.0,0.0,0.0,14.719,13.785,2.0,2.0,5.0,0.0,3.0,9.0,3.0,33.333,3.0,0.0,0.0,,,,,,,,,,242898.0,100.0,3.0,2.0,2.0,9.09,0.0,0.038,0.038,0.0,0.0,Brennan,Johnson,2001-05-23,25.32,11.0,22.0,Forward,Winger,1l228p52d8wdf8qhfxqu8rca,ehd2iemqmschhj2ec0vayztzz,Everton FC,Everton,Everton,EVE,242898.0,100.0,3.0,22.0,17.0,77.27,10.0,6.0,60.0,1.0,0.0,0.0,0.0,0.0,0.0,Brennan,Johnson,2001-05-23,25.32,11.0,22.0,Forward,Winger,1l228p52d8wdf8qhfxqu8rca,ehd2iemqmschhj2ec0vayztzz,Everton FC,Everton,Everton,EVE,242898,1l228p52d8wdf8qhfxqu8rca,11,ehd2iemqmschhj2ec0vayztzz
Brian Brobbey,441264.0,3.0,221.0,0.0,0.59,-0.59,6.0,1.0,0.0,0.1,Brian,Brobbey,2002-02-01,24.62,56.0,9.0,Forward,Striker,9c2i7ddl2uh7kuhwq62klkyui,1r3545b2dzan8yqa80gtmcjch,Sunderland AFC,Sunderland,Sunderland,SUN,4.0,48.414,1.0,15.225,1.0,0.0,0.0,0.0,12.104,15.225,0.0,0.0,6.0,0.0,1.0,11.0,2.0,18.182,12.0,9.0,75.0,,,,,,,,,,441264.0,221.0,3.0,3.0,3.0,9.09,0.0,0.066,0.066,0.0,0.0,Brian,Brobbey,2002-02-01,24.62,56.0,9.0,Forward,Striker,9c2i7ddl2uh7kuhwq62klkyui,1r3545b2dzan8yqa80gtmcjch,Sunderland AFC,Sunderland,Sunderland,SUN,441264.0,221.0,3.0,33.0,25.0,75.76,17.0,11.0,64.71,0.0,0.0,0.0,0.0,0.0,0.0,Brian,Brobbey,2002-02-01,24.62,56.0,9.0,Forward,Striker,9c2i7ddl2uh7kuhwq62klkyui,1r3545b2dzan8yqa80gtmcjch,Sunderland AFC,Sunderland,Sunderland,SUN,441264,9c2i7ddl2uh7kuhwq62klkyui,56,1r3545b2dzan8yqa80gtmcjch
Brooke Norton-Cuffy,496181.0,1.0,26.0,0.0,0.0,0.0,0.0,0.0,0.0,0.0,Brooke,Norton-Cuffy,2004-01-12,22.68,88.0,18.0,Defender,Full Back,bj9f6t8o0nji79rbaxrsioep6,f0figafm2v9h8ofo6slajj7xf,Hull City AFC,Hull City,Hull,HUL,3.0,71.207,2.0,59.535,0.0,0.0,0.0,0.0,23.736,29.768,0.0,0.0,2.0,0.0,1.0,0.0,0.0,0.0,0.0,0.0,0.0,,,,,,,,,,496181.0,26.0,1.0,0.0,0.0,0.0,0.0,0.0,0.0,0.0,0.0,Brooke,Norton-Cuffy,2004-01-12,22.68,88.0,18.0,Defender,Full Back,bj9f6t8o0nji79rbaxrsioep6,f0figafm2v9h8ofo6slajj7xf,Hull City AFC,Hull City,Hull,HUL,496181.0,26.0,1.0,3.0,3.0,100.0,1.0,1.0,100.0,2.0,0.0,0.0,0.0,0.0,0.0,Brooke,Norton-Cuffy,2004-01-12,22.68,88.0,18.0,Defender,Full Back,bj9f6t8o0nji79rbaxrsioep6,f0figafm2v9h8ofo6slajj7xf,Hull City AFC,Hull City,Hull,HUL,496181,bj9f6t8o0nji79rbaxrsioep6,88,f0figafm2v9h8ofo6slajj7xf
Bruno Fernandes,141746.0,3.0,270.0,3.0,2.26,0.74,15.0,4.0,20.0,0.15,Bruno Miguel,Borges Fernandes,1994-09-08,32.03,1.0,8.0,Midfielder,Attacking Midfielder,3vtjjrqof5z2tjj84ehadqc45,6eqit8ye8aomdsrrq0hk3v7gh,Manchester United FC,Manchester United,Man Utd,MUN,38.0,323.606,15.0,93.45,3.0,1.0,1.0,0.0,8.516,6.23,2.0,0.0,12.0,1.0,1.0,14.0,5.0,35.714,1.0,0.0,0.0,,,,,,,,,,141746.0,270.0,3.0,8.0,5.0,2.07,37.5,0.798,0.642,1.0,1.0,Bruno Miguel,Borges Fernandes,1994-09-08,32.03,1.0,8.0,Midfielder,Attacking Midfielder,3vtjjrqof5z2tjj84ehadqc45,6eqit8ye8aomdsrrq0hk3v7gh,Manchester United FC,Manchester United,Man Utd,MUN,141746.0,270.0,3.0,205.0,173.0,84.39,87.0,67.0,77.01,11.0,3.0,27.27,3.0,1.0,33.33,Bruno Miguel,Borges Fernandes,1994-09-08,32.03,1.0,8.0,Midfielder,Attacking Midfielder,3vtjjrqof5z2tjj84ehadqc45,6eqit8ye8aomdsrrq0hk3v7gh,Manchester United FC,Manchester United,Man Utd,MUN,141746,3vtjjrqof5z2tjj84ehadqc45,1,6eqit8ye8aomdsrrq0hk3v7gh
Bruno Guimarães,208706.0,1.0,19.0,0.0,0.0,0.0,0.0,0.0,0.0,0.0,Bruno,Guimarães Rodriguez Moura,1997-11-16,28.84,3.0,39.0,Midfielder,Defensive Midfielder,72m84nwa6dshu3ibmy13dz5rd,4dsgumo7d4zupm2ugsvm4zm4d,Arsenal FC,Arsenal,Arsenal,ARS,4.0,41.001,1.0,-8.82,0.0,0.0,0.0,0.0,10.25,-8.82,0.0,0.0,3.0,0.0,0.0,1.0,0.0,0.0,0.0,0.0,0.0,,,,,,,,,,208706.0,19.0,1.0,0.0,0.0,0.0,0.0,0.013,0.013,0.0,0.0,Bruno,Guimarães Rodriguez Moura,1997-11-16,28.84,3.0,39.0,Midfielder,Defensive Midfielder,72m84nwa6dshu3ibmy13dz5rd,4dsgumo7d4zupm2ugsvm4zm4d,Arsenal FC,Arsenal,Arsenal,ARS,208706.0,19.0,1.0,15.0,13.0,86.67,4.0,2.0,50.0,0.0,0.0,0.0,0.0,0.0,0.0,Bruno,Guimarães Rodriguez Moura,1997-11-16,28.84,3.0,39.0,Midfielder,Defensive Midfielder,72m84nwa6dshu3ibmy13dz5rd,4dsgumo7d4zupm2ugsvm4zm4d,Arsenal FC,Arsenal,Arsenal,ARS,208706,72m84nwa6dshu3ibmy13dz5rd,3,4dsgumo7d4zupm2ugsvm4zm4d
Bryan Mbeumo,446008.0,3.0,270.0,2.0,2.31,-0.31,11.0,4.0,18.18,0.21,Bryan,Mbeumo,1999-08-07,27.12,1.0,19.0,Forward,Winger,v78uhwxgzojcec8lsdvucusp,6eqit8ye8aomdsrrq0hk3v7gh,Manchester United FC,Manchester United,Man Utd,MUN,33.0,363.649,17.0,178.71,5.0,1.0,1.0,0.0,11.02,10.512,3.0,3.0,10.0,0.0,1.0,18.0,6.0,33.333,10.0,3.0,30.0,,,,,,,,,,446008.0,270.0,3.0,5.0,5.0,5.49,0.0,0.474,0.439,0.0,0.0,Bryan,Mbeumo,1999-08-07,27.12,1.0,19.0,Forward,Winger,v78uhwxgzojcec8lsdvucusp,6eqit8ye8aomdsrrq0hk3v7gh,Manchester United FC,Manchester United,Man Utd,MUN,446008.0,270.0,3.0,92.0,81.0,88.04,48.0,41.0,85.42,12.0,3.0,25.0,0.0,0.0,0.0,Bryan,Mbeumo,1999-08-07,27.12,1.0,19.0,Forward,Winger,v78uhwxgzojcec8lsdvucusp,6eqit8ye8aomdsrrq0hk3v7gh,Manchester United FC,Manchester United,Man Utd,MUN,446008,v78uhwxgzojcec8lsdvucusp,1,6eqit8ye8aomdsrrq0hk3v7gh
Bukayo Saka,223340.0,3.0,247.0,2.0,1.5,0.5,9.0,5.0,22.22,0.17,Bukayo,Saka,2001-09-05,25.03,3.0,7.0,Forward,Winger,8tc7dcuwdeqbjgt7vw5p38xgq,4dsgumo7d4zupm2ugsvm4zm4d,Arsenal FC,Arsenal,Arsenal,ARS,39.0,396.647,27.0,241.92,0.0,0.0,0.0,0.0,10.17,8.96,4.0,3.0,12.0,0.0,3.0,28.0,18.0,64.286,6.0,2.0,33.333,,,,,,,,,,223340.0,247.0,3.0,3.0,3.0,2.94,0.0,0.342,0.158,0.0,0.0,Bukayo,Saka,2001-09-05,25.03,3.0,7.0,Forward,Winger,8tc7dcuwdeqbjgt7vw5p38xgq,4dsgumo7d4zupm2ugsvm4zm4d,Arsenal FC,Arsenal,Arsenal,ARS,223340.0,247.0,3.0,109.0,92.0,84.4,68.0,57.0,83.82,6.0,0.0,0.0,1.0,0.0,0.0,Bukayo,Saka,2001-09-05,25.03,3.0,7.0,Forward,Winger,8tc7dcuwdeqbjgt7vw5p38xgq,4dsgumo7d4zupm2ugsvm4zm4d,Arsenal FC,Arsenal,Arsenal,ARS,223340,8tc7dcuwdeqbjgt7vw5p38xgq,3,4dsgumo7d4zupm2ugsvm4zm4d
Caleb Yirenkyi,661888.0,3.0,160.0,0.0,0.03,-0.03,1.0,0.0,0.0,0.03,Caleb,Yirenkyi,2006-01-15,20.67,9.0,8.0,Midfielder,Central Midfielder,3zc9hy5uicgp21wr6z5wyuntg,dacoc20k0n3fxu4zek8wufmko,Coventry City FC,Coventry City,Coventry,COV,18.0,214.241,11.0,145.425,0.0,0.0,0.0,0.0,11.902,13.22,0.0,2.0,11.0,0.0,3.0,11.0,3.0,27.273,8.0,5.0,62.5,,,,,,,,,,661888.0,160.0,3.0,1.0,1.0,1.59,0.0,0.134,0.134,0.0,0.0,Caleb,Yirenkyi,2006-01-15,20.67,9.0,8.0,Midfielder,Central Midfielder,3zc9hy5uicgp21wr6z5wyuntg,dacoc20k0n3fxu4zek8wufmko,Coventry City FC,Coventry City,Coventry,COV,661888.0,160.0,3.0,63.0,52.0,82.54,16.0,12.0,75.0,2.0,1.0,50.0,0.0,0.0,0.0,Caleb,Yirenkyi,2006-01-15,20.67,9.0,8.0,Midfielder,Central Midfielder,3zc9hy5uicgp21wr6z5wyuntg,dacoc20k0n3fxu4zek8wufmko,Coventry City FC,Coventry City,Coventry,COV,661888,3zc9hy5uicgp21wr6z5wyuntg,9,dacoc20k0n3fxu4zek8wufmko
Callum Hudson-Odoi,209046.0,1.0,1.0,0.0,0.0,0.0,0.0,0.0,0.0,0.0,Callum,Hudson-Odoi,2000-11-07,25.86,17.0,7.0,Forward,Winger,7y6f63pj7horkzhdzbge02rqh,1qtaiy11gswx327s0vkibf70n,Nottingham Forest FC,Nottingham Forest,Forest,NFO,1.0,5.611,0.0,-4.515,0.0,0.0,0.0,0.0,5.611,0.0,0.0,0.0,0.0,0.0,0.0,3.0,0.0,0.0,0.0,0.0,0.0,,,,,,,,,,209046.0,1.0,1.0,0.0,0.0,0.0,0.0,0.003,0.003,0.0,0.0,Callum,Hudson-Odoi,2000-11-07,25.86,17.0,7.0,Forward,Winger,7y6f63pj7horkzhdzbge02rqh,1qtaiy11gswx327s0vkibf70n,Nottingham Forest FC,Nottingham Forest,Forest,NFO,209046.0,1.0,1.0,2.0,2.0,100.0,1.0,1.0,100.0,0.0,0.0,0.0,0.0,0.0,0.0,Callum,Hudson-Odoi,2000-11-07,25.86,17.0,7.0,Forward,Winger,7y6f63pj7horkzhdzbge02rqh,1qtaiy11gswx327s0vkibf70n,Nottingham Forest FC,Nottingham Forest,Forest,NFO,209046,7y6f63pj7horkzhdzbge02rqh,17,1qtaiy11gswx327s0vkibf70n
Callum Wilson,75115.0,3.0,13.0,0.0,0.07,-0.07,2.0,0.0,0.0,0.04,Callum,Wilson,1992-02-27,34.56,94.0,13.0,Forward,Striker,66r7rq9kcoyow46ovmhzrtec5,7yx5dqhhphyvfisohikodajhv,Brentford FC,Brentford,Brentford,BRE,2.0,36.651,2.0,36.33,1.0,0.0,1.0,0.0,18.326,18.165,0.0,0.0,1.0,0.0,1.0,3.0,0.0,0.0,3.0,2.0,66.667,,,,,,,,,,75115.0,13.0,3.0,1.0,1.0,33.33,0.0,0.038,0.038,0.0,0.0,Callum,Wilson,1992-02-27,34.56,94.0,13.0,Forward,Striker,66r7rq9kcoyow46ovmhzrtec5,7yx5dqhhphyvfisohikodajhv,Brentford FC,Brentford,Brentford,BRE,75115.0,13.0,3.0,3.0,2.0,66.67,2.0,1.0,50.0,0.0,0.0,0.0,0.0,0.0,0.0,Callum,Wilson,1992-02-27,34.56,94.0,13.0,Forward,Striker,66r7rq9kcoyow46ovmhzrtec5,7yx5dqhhphyvfisohikodajhv,Brentford FC,Brentford,Brentford,BRE,75115,66r7rq9kcoyow46ovmhzrtec5,94,7yx5dqhhphyvfisohikodajhv
Calvin Bassey,232892.0,3.0,270.0,0.0,0.02,-0.02,1.0,0.0,0.0,0.02,Calvin,Bassey,1999-12-31,26.72,54.0,3.0,Defender,Full Back,4jqgl7x5ewke1u0sy2cbkqfhl,hzqh7z0mdl3v7gwete66syxp,Fulham FC,Fulham,Fulham,FUL,74.0,803.291,43.0,497.175,0.0,0.0,0.0,0.0,10.855,11.562,3.0,2.0,12.0,0.0,8.0,15.0,10.0,66.667,4.0,1.0,25.0,,,,,,,,,,232892.0,270.0,3.0,0.0,0.0,0.0,0.0,0.073,0.073,0.0,0.0,Calvin,Bassey,1999-12-31,26.72,54.0,3.0,Defender,Full Back,4jqgl7x5ewke1u0sy2cbkqfhl,hzqh7z0mdl3v7gwete66syxp,Fulham FC,Fulham,Fulham,FUL,232892.0,270.0,3.0,262.0,238.0,90.84,49.0,37.0,75.51,0.0,0.0,0.0,1.0,0.0,0.0,Calvin,Bassey,1999-12-31,26.72,54.0,3.0,Defender,Full Back,4jqgl7x5ewke1u0sy2cbkqfhl,hzqh7z0mdl3v7gwete66syxp,Fulham FC,Fulham,Fulham,FUL,232892,4jqgl7x5ewke1u0sy2cbkqfhl,54,hzqh7z0mdl3v7gwete66syxp
Cameron Humphreys,524180.0,0.0,0.0,0.0,0.0,0.0,0.0,0.0,0.0,0.0,Cameron,Humphreys,2003-10-30,22.88,40.0,30.0,Midfielder,Central Midfielder,524180,8b523ujgl21tbc01me65q0aoh,Ipswich Town FC,Ipswich Town,Ipswich,IPS,0.0,0.0,0.0,0.0,0.0,0.0,0.0,0.0,0.0,0.0,0.0,0.0,0.0,0.0,0.0,0.0,0.0,0.0,0.0,0.0,0.0,,,,,,,,,,524180.0,0.0,0.0,0.0,0.0,0.0,0.0,0.0,0.0,0.0,0.0,Cameron,Humphreys,2003-10-30,22.88,40.0,30.0,Midfielder,Central Midfielder,524180,8b523ujgl21tbc01me65q0aoh,Ipswich Town FC,Ipswich Town,Ipswich,IPS,524180.0,0.0,0.0,0.0,0.0,0.0,0.0,0.0,0.0,0.0,0.0,0.0,0.0,0.0,0.0,Cameron,Humphreys,2003-10-30,22.88,40.0,30.0,Midfielder,Central Midfielder,524180,8b523ujgl21tbc01me65q0aoh,Ipswich Town FC,Ipswich Town,Ipswich,IPS,524180,524180,40,8b523ujgl21tbc01me65q0aoh
Caoimhín Kelleher,,,,,,,,,,,,,,,,,,,,,,,,,,,,,,,,,,,,,,,,,,,,,,270.0,100.0,0.0,2.0,7.0,77.78,0.67,1.0,2.67,,,,,,,,,,,,,,,,,,,,,,,,,,,,,,,,,,,,,,,,,,,,,,,,,,,,,,,200720,dpw4s6nbkfcrjlqxxgf9j5yhh,94,7yx5dqhhphyvfisohikodajhv
Carl Rushworth,,,,,,,,,,,,,,,,,,,,,,,,,,,,,,,,,,,,,,,,,,,,,,270.0,100.0,0.0,5.0,5.0,50.0,-0.65,0.8,4.35,,,,,,,,,,,,,,,,,,,,,,,,,,,,,,,,,,,,,,,,,,,,,,,,,,,,,,,472739,9tlowuu89l3fnv5iowela1ca2,9,dacoc20k0n3fxu4zek8wufmko
Chadi Riad,515621.0,1.0,72.0,0.0,0.0,0.0,0.0,0.0,0.0,0.0,Chadi,Riad,2003-06-17,23.25,31.0,4.0,Defender,Central Defender,31hruvmsmvb0f8cvr63le2kgk,1c8m2ko0wxq1asfkuykurdr0y,Crystal Palace FC,Crystal Palace,Palace,CRY,16.0,166.021,12.0,119.595,0.0,0.0,0.0,0.0,10.376,9.966,1.0,1.0,3.0,0.0,5.0,4.0,1.0,25.0,2.0,2.0,100.0,,,,,,,,,,515621.0,72.0,1.0,0.0,0.0,0.0,0.0,0.007,0.007,0.0,0.0,Chadi,Riad,2003-06-17,23.25,31.0,4.0,Defender,Central Defender,31hruvmsmvb0f8cvr63le2kgk,1c8m2ko0wxq1asfkuykurdr0y,Crystal Palace FC,Crystal Palace,Palace,CRY,515621.0,72.0,1.0,49.0,46.0,93.88,7.0,6.0,85.71,0.0,0.0,0.0,0.0,0.0,0.0,Chadi,Riad,2003-06-17,23.25,31.0,4.0,Defender,Central Defender,31hruvmsmvb0f8cvr63le2kgk,1c8m2ko0wxq1asfkuykurdr0y,Crystal Palace FC,Crystal Palace,Palace,CRY,515621,31hruvmsmvb0f8cvr63le2kgk,31,1c8m2ko0wxq1asfkuykurdr0y
Charalampos Kostoulas,647850.0,3.0,196.0,0.0,0.78,-0.78,6.0,2.0,0.0,0.13,Charalampos,Kostoulas,2007-05-30,19.3,36.0,19.0,Forward,Striker,f23e0mo62rmrrjso771t54jro,e5p0ehyguld7egzhiedpdnc3w,Brighton & Hove Albion FC,Brighton & Hove Albion,Brighton,BHA,21.0,186.287,10.0,67.725,2.0,0.0,0.0,0.0,8.871,6.772,2.0,0.0,11.0,0.0,3.0,21.0,8.0,38.095,14.0,8.0,57.143,,,,,,,,,,647850.0,196.0,3.0,1.0,1.0,2.04,0.0,0.046,0.046,0.0,0.0,Charalampos,Kostoulas,2007-05-30,19.3,36.0,19.0,Forward,Striker,f23e0mo62rmrrjso771t54jro,e5p0ehyguld7egzhiedpdnc3w,Brighton & Hove Albion FC,Brighton & Hove Albion,Brighton,BHA,647850.0,196.0,3.0,51.0,40.0,78.43,23.0,17.0,73.91,2.0,0.0,0.0,0.0,0.0,0.0,Charalampos,Kostoulas,2007-05-30,19.3,36.0,19.0,Forward,Striker,f23e0mo62rmrrjso771t54jro,e5p0ehyguld7egzhiedpdnc3w,Brighton & Hove Albion FC,Brighton & Hove Albion,Brighton,BHA,647850,f23e0mo62rmrrjso771t54jro,36,e5p0ehyguld7egzhiedpdnc3w
Charly Alcaraz,502697.0,2.0,5.0,0.0,0.05,-0.05,2.0,1.0,0.0,0.03,Charly,Alcaraz,2002-11-30,23.8,11.0,24.0,Midfielder,Central Midfielder,18qxb54ol1s4mtgl7n3224ciy,ehd2iemqmschhj2ec0vayztzz,Everton FC,Everton,Everton,EVE,3.0,30.649,3.0,29.295,0.0,0.0,0.0,0.0,10.216,9.765,1.0,0.0,2.0,0.0,0.0,4.0,1.0,25.0,1.0,0.0,0.0,,,,,,,,,,502697.0,5.0,2.0,0.0,0.0,0.0,0.0,0.023,0.023,0.0,0.0,Charly,Alcaraz,2002-11-30,23.8,11.0,24.0,Midfielder,Central Midfielder,18qxb54ol1s4mtgl7n3224ciy,ehd2iemqmschhj2ec0vayztzz,Everton FC,Everton,Everton,EVE,502697.0,5.0,2.0,5.0,3.0,60.0,5.0,3.0,60.0,0.0,0.0,0.0,0.0,0.0,0.0,Charly,Alcaraz,2002-11-30,23.8,11.0,24.0,Midfielder,Central Midfielder,18qxb54ol1s4mtgl7n3224ciy,ehd2iemqmschhj2ec0vayztzz,Everton FC,Everton,Everton,EVE,502697,18qxb54ol1s4mtgl7n3224ciy,11,ehd2iemqmschhj2ec0vayztzz
Cheick Doucouré,438464.0,0.0,0.0,0.0,0.0,0.0,0.0,0.0,0.0,0.0,Cheick,Doucouré,2000-01-08,26.69,31.0,28.0,Midfielder,Defensive Midfielder,438464,1c8m2ko0wxq1asfkuykurdr0y,Crystal Palace FC,Crystal Palace,Palace,CRY,0.0,0.0,0.0,0.0,0.0,0.0,0.0,0.0,0.0,0.0,0.0,0.0,0.0,0.0,0.0,0.0,0.0,0.0,0.0,0.0,0.0,,,,,,,,,,438464.0,0.0,0.0,0.0,0.0,0.0,0.0,0.0,0.0,0.0,0.0,Cheick,Doucouré,2000-01-08,26.69,31.0,28.0,Midfielder,Defensive Midfielder,438464,1c8m2ko0wxq1asfkuykurdr0y,Crystal Palace FC,Crystal Palace,Palace,CRY,438464.0,0.0,0.0,0.0,0.0,0.0,0.0,0.0,0.0,0.0,0.0,0.0,0.0,0.0,0.0,Cheick,Doucouré,2000-01-08,26.69,31.0,28.0,Midfielder,Defensive Midfielder,438464,1c8m2ko0wxq1asfkuykurdr0y,Crystal Palace FC,Crystal Palace,Palace,CRY,438464,438464,31,1c8m2ko0wxq1asfkuykurdr0y
Chema Andrés,592984.0,0.0,0.0,0.0,0.0,0.0,0.0,0.0,0.0,0.0,José María,Andrés Baixauli,2005-04-25,21.39,36.0,14.0,Midfielder,Central Midfielder,592984,e5p0ehyguld7egzhiedpdnc3w,Brighton & Hove Albion FC,Brighton & Hove Albion,Brighton,BHA,0.0,0.0,0.0,0.0,0.0,0.0,0.0,0.0,0.0,0.0,0.0,0.0,0.0,0.0,0.0,0.0,0.0,0.0,0.0,0.0,0.0,,,,,,,,,,592984.0,0.0,0.0,0.0,0.0,0.0,0.0,0.0,0.0,0.0,0.0,José María,Andrés Baixauli,2005-04-25,21.39,36.0,14.0,Midfielder,Central Midfielder,592984,e5p0ehyguld7egzhiedpdnc3w,Brighton & Hove Albion FC,Brighton & Hove Albion,Brighton,BHA,592984.0,0.0,0.0,0.0,0.0,0.0,0.0,0.0,0.0,0.0,0.0,0.0,0.0,0.0,0.0,José María,Andrés Baixauli,2005-04-25,21.39,36.0,14.0,Midfielder,Central Midfielder,592984,e5p0ehyguld7egzhiedpdnc3w,Brighton & Hove Albion FC,Brighton & Hove Albion,Brighton,BHA,592984,592984,36,e5p0ehyguld7egzhiedpdnc3w
Chemsdine Talbi,549912.0,1.0,31.0,0.0,0.0,0.0,0.0,0.0,0.0,0.0,Chemsdine,Talbi,2005-05-09,21.36,56.0,7.0,Forward,Winger,5606cqx2mlkrp81oe6uh6ghec,1r3545b2dzan8yqa80gtmcjch,Sunderland AFC,Sunderland,Sunderland,SUN,4.0,55.071,3.0,42.21,0.0,0.0,0.0,0.0,13.768,14.07,0.0,0.0,2.0,0.0,0.0,3.0,0.0,0.0,0.0,0.0,0.0,,,,,,,,,,549912.0,31.0,1.0,0.0,0.0,0.0,0.0,0.001,0.001,0.0,0.0,Chemsdine,Talbi,2005-05-09,21.36,56.0,7.0,Forward,Winger,5606cqx2mlkrp81oe6uh6ghec,1r3545b2dzan8yqa80gtmcjch,Sunderland AFC,Sunderland,Sunderland,SUN,549912.0,31.0,1.0,11.0,9.0,81.82,2.0,0.0,0.0,3.0,0.0,0.0,0.0,0.0,0.0,Chemsdine,Talbi,2005-05-09,21.36,56.0,7.0,Forward,Winger,5606cqx2mlkrp81oe6uh6ghec,1r3545b2dzan8yqa80gtmcjch,Sunderland AFC,Sunderland,Sunderland,SUN,549912,5606cqx2mlkrp81oe6uh6ghec,56,1r3545b2dzan8yqa80gtmcjch
Chris Richards,427623.0,3.0,270.0,0.0,0.08,-0.08,2.0,2.0,0.0,0.04,Chris,Richards,2000-03-28,26.47,31.0,26.0,Defender,Central Defender,5nsag404623qznyyizl8yuwkq,1c8m2ko0wxq1asfkuykurdr0y,Crystal Palace FC,Crystal Palace,Palace,CRY,24.0,217.59,12.0,80.22,0.0,0.0,0.0,0.0,9.066,6.685,5.0,4.0,7.0,6.0,16.0,9.0,7.0,77.778,7.0,2.0,28.571,,,,,,,,,,427623.0,270.0,3.0,0.0,0.0,0.0,0.0,0.008,0.008,0.0,0.0,Chris,Richards,2000-03-28,26.47,31.0,26.0,Defender,Central Defender,5nsag404623qznyyizl8yuwkq,1c8m2ko0wxq1asfkuykurdr0y,Crystal Palace FC,Crystal Palace,Palace,CRY,427623.0,270.0,3.0,138.0,120.0,86.96,12.0,6.0,50.0,0.0,0.0,0.0,0.0,0.0,0.0,Chris,Richards,2000-03-28,26.47,31.0,26.0,Defender,Central Defender,5nsag404623qznyyizl8yuwkq,1c8m2ko0wxq1asfkuykurdr0y,Crystal Palace FC,Crystal Palace,Palace,CRY,427623,5nsag404623qznyyizl8yuwkq,31,1c8m2ko0wxq1asfkuykurdr0y
Chris Rigg,554197.0,2.0,17.0,0.0,0.0,0.0,0.0,0.0,0.0,0.0,Chris,Rigg,2007-06-18,19.25,56.0,11.0,Midfielder,Attacking Midfielder,b5ff5jpe5loaqmlxwsqine9ec,1r3545b2dzan8yqa80gtmcjch,Sunderland AFC,Sunderland,Sunderland,SUN,2.0,18.906,1.0,-1.575,0.0,0.0,0.0,0.0,9.453,-1.575,0.0,0.0,1.0,0.0,0.0,1.0,0.0,0.0,0.0,0.0,0.0,,,,,,,,,,554197.0,17.0,2.0,0.0,0.0,0.0,0.0,0.001,0.001,0.0,0.0,Chris,Rigg,2007-06-18,19.25,56.0,11.0,Midfielder,Attacking Midfielder,b5ff5jpe5loaqmlxwsqine9ec,1r3545b2dzan8yqa80gtmcjch,Sunderland AFC,Sunderland,Sunderland,SUN,554197.0,17.0,2.0,4.0,2.0,50.0,2.0,1.0,50.0,0.0,0.0,0.0,0.0,0.0,0.0,Chris,Rigg,2007-06-18,19.25,56.0,11.0,Midfielder,Attacking Midfielder,b5ff5jpe5loaqmlxwsqine9ec,1r3545b2dzan8yqa80gtmcjch,Sunderland AFC,Sunderland,Sunderland,SUN,554197,b5ff5jpe5loaqmlxwsqine9ec,56,1r3545b2dzan8yqa80gtmcjch
Chris Wood,60689.0,2.0,44.0,0.0,0.12,-0.12,1.0,0.0,0.0,0.12,Chris,Wood,1991-12-07,34.79,17.0,9.0,Forward,Striker,cjdycctu96jilvbvnl7ndh9sl,1qtaiy11gswx327s0vkibf70n,Nottingham Forest FC,Nottingham Forest,Forest,NFO,3.0,23.365,0.0,-6.3,0.0,0.0,0.0,0.0,7.788,0.0,0.0,0.0,1.0,0.0,0.0,2.0,1.0,50.0,8.0,3.0,37.5,,,,,,,,,,60689.0,44.0,2.0,0.0,0.0,0.0,0.0,0.011,0.011,0.0,0.0,Chris,Wood,1991-12-07,34.79,17.0,9.0,Forward,Striker,cjdycctu96jilvbvnl7ndh9sl,1qtaiy11gswx327s0vkibf70n,Nottingham Forest FC,Nottingham Forest,Forest,NFO,60689.0,44.0,2.0,8.0,6.0,75.0,4.0,3.0,75.0,0.0,0.0,0.0,0.0,0.0,0.0,Chris,Wood,1991-12-07,34.79,17.0,9.0,Forward,Striker,cjdycctu96jilvbvnl7ndh9sl,1qtaiy11gswx327s0vkibf70n,Nottingham Forest FC,Nottingham Forest,Forest,NFO,60689,cjdycctu96jilvbvnl7ndh9sl,17,1qtaiy11gswx327s0vkibf70n
Christos Mouzakitis,647839.0,0.0,0.0,0.0,0.0,0.0,0.0,0.0,0.0,0.0,Christos,Mouzakitis,2006-12-25,19.73,88.0,36.0,Midfielder,Central Midfielder,647839,f0figafm2v9h8ofo6slajj7xf,Hull City AFC,Hull City,Hull,HUL,0.0,0.0,0.0,0.0,0.0,0.0,0.0,0.0,0.0,0.0,0.0,0.0,0.0,0.0,0.0,0.0,0.0,0.0,0.0,0.0,0.0,,,,,,,,,,647839.0,0.0,0.0,0.0,0.0,0.0,0.0,0.0,0.0,0.0,0.0,Christos,Mouzakitis,2006-12-25,19.73,88.0,36.0,Midfielder,Central Midfielder,647839,f0figafm2v9h8ofo6slajj7xf,Hull City AFC,Hull City,Hull,HUL,647839.0,0.0,0.0,0.0,0.0,0.0,0.0,0.0,0.0,0.0,0.0,0.0,0.0,0.0,0.0,Christos,Mouzakitis,2006-12-25,19.73,88.0,36.0,Midfielder,Central Midfielder,647839,f0figafm2v9h8ofo6slajj7xf,Hull City AFC,Hull City,Hull,HUL,647839,647839,88,f0figafm2v9h8ofo6slajj7xf
Christos Tzolis,439509.0,3.0,211.0,0.0,0.19,-0.19,4.0,2.0,0.0,0.05,Christos,Tzolis,2002-01-30,24.63,3.0,17.0,Forward,Winger,acffs01m2p3b4uemzjrp51d9m,4dsgumo7d4zupm2ugsvm4zm4d,Arsenal FC,Arsenal,Arsenal,ARS,34.0,449.134,19.0,267.54,1.0,0.0,5.0,1.0,13.21,14.081,2.0,1.0,10.0,0.0,4.0,18.0,9.0,50.0,5.0,2.0,40.0,,,,,,,,,,439509.0,211.0,3.0,8.0,8.0,7.87,0.0,0.354,0.353,1.0,1.0,Christos,Tzolis,2002-01-30,24.63,3.0,17.0,Forward,Winger,acffs01m2p3b4uemzjrp51d9m,4dsgumo7d4zupm2ugsvm4zm4d,Arsenal FC,Arsenal,Arsenal,ARS,439509.0,211.0,3.0,90.0,77.0,85.56,48.0,40.0,83.33,8.0,2.0,25.0,0.0,0.0,0.0,Christos,Tzolis,2002-01-30,24.63,3.0,17.0,Forward,Winger,acffs01m2p3b4uemzjrp51d9m,4dsgumo7d4zupm2ugsvm4zm4d,Arsenal FC,Arsenal,Arsenal,ARS,439509,acffs01m2p3b4uemzjrp51d9m,3,4dsgumo7d4zupm2ugsvm4zm4d
Chuba Akpom,147675.0,2.0,69.0,1.0,0.97,0.03,1.0,1.0,100.0,0.97,Chuba,Akpom,1995-10-09,30.95,40.0,29.0,Forward,Striker,32n3284h95a93yq9h7hbw5hp1,8b523ujgl21tbc01me65q0aoh,Ipswich Town FC,Ipswich Town,Ipswich,IPS,0.0,0.0,0.0,0.0,0.0,0.0,0.0,0.0,0.0,0.0,1.0,0.0,2.0,0.0,0.0,7.0,3.0,42.857,8.0,2.0,25.0,,,,,,,,,,147675.0,69.0,2.0,0.0,0.0,0.0,0.0,0.004,0.004,0.0,0.0,Chuba,Akpom,1995-10-09,30.95,40.0,29.0,Forward,Striker,32n3284h95a93yq9h7hbw5hp1,8b523ujgl21tbc01me65q0aoh,Ipswich Town FC,Ipswich Town,Ipswich,IPS,147675.0,69.0,2.0,10.0,6.0,60.0,2.0,1.0,50.0,0.0,0.0,0.0,0.0,0.0,0.0,Chuba,Akpom,1995-10-09,30.95,40.0,29.0,Forward,Striker,32n3284h95a93yq9h7hbw5hp1,8b523ujgl21tbc01me65q0aoh,Ipswich Town FC,Ipswich Town,Ipswich,IPS,147675,32n3284h95a93yq9h7hbw5hp1,40,8b523ujgl21tbc01me65q0aoh
Claudio Echeverri,575204.0,0.0,0.0,0.0,0.0,0.0,0.0,0.0,0.0,0.0,Claudio,Echeverri,2006-01-02,20.7,43.0,30.0,Midfielder,Attacking Midfielder,575204,a3nyxabgsqlnqfkeg41m6tnpp,Manchester City FC,Manchester City,Man City,MCI,0.0,0.0,0.0,0.0,0.0,0.0,0.0,0.0,0.0,0.0,0.0,0.0,0.0,0.0,0.0,0.0,0.0,0.0,0.0,0.0,0.0,,,,,,,,,,575204.0,0.0,0.0,0.0,0.0,0.0,0.0,0.0,0.0,0.0,0.0,Claudio,Echeverri,2006-01-02,20.7,43.0,30.0,Midfielder,Attacking Midfielder,575204,a3nyxabgsqlnqfkeg41m6tnpp,Manchester City FC,Manchester City,Man City,MCI,575204.0,0.0,0.0,0.0,0.0,0.0,0.0,0.0,0.0,0.0,0.0,0.0,0.0,0.0,0.0,Claudio,Echeverri,2006-01-02,20.7,43.0,30.0,Midfielder,Attacking Midfielder,575204,a3nyxabgsqlnqfkeg41m6tnpp,Manchester City FC,Manchester City,Man City,MCI,575204,575204,43,a3nyxabgsqlnqfkeg41m6tnpp
Cody Drameh,433590.0,2.0,65.0,0.0,0.05,-0.05,1.0,0.0,0.0,0.05,Cody,Drameh,2001-12-08,24.78,88.0,18.0,Defender,Full Back,ab2502dhe0p0fr35nf7urjxbe,f0figafm2v9h8ofo6slajj7xf,Hull City AFC,Hull City,Hull,HUL,5.0,61.997,4.0,36.855,0.0,0.0,0.0,0.0,12.399,9.214,1.0,2.0,4.0,0.0,3.0,4.0,2.0,50.0,1.0,1.0,100.0,,,,,,,,,,433590.0,65.0,2.0,0.0,0.0,0.0,0.0,0.001,0.001,0.0,0.0,Cody,Drameh,2001-12-08,24.78,88.0,18.0,Defender,Full Back,ab2502dhe0p0fr35nf7urjxbe,f0figafm2v9h8ofo6slajj7xf,Hull City AFC,Hull City,Hull,HUL,433590.0,65.0,2.0,12.0,8.0,66.67,1.0,1.0,100.0,0.0,0.0,0.0,0.0,0.0,0.0,Cody,Drameh,2001-12-08,24.78,88.0,18.0,Defender,Full Back,ab2502dhe0p0fr35nf7urjxbe,f0figafm2v9h8ofo6slajj7xf,Hull City AFC,Hull City,Hull,HUL,433590,ab2502dhe0p0fr35nf7urjxbe,88,f0figafm2v9h8ofo6slajj7xf
Cody Gakpo,243298.0,3.0,251.0,1.0,0.36,0.64,7.0,1.0,14.29,0.05,Cody,Gakpo,1999-05-07,27.37,14.0,18.0,Forward,Striker,9psfk94nduz6icnuwty5v9all,c8h9bw1l82s06h77xxrelzhur,Liverpool FC,Liverpool,Liverpool,LIV,40.0,417.899,17.0,147.315,2.0,1.0,4.0,2.0,10.447,8.666,6.0,5.0,12.0,0.0,2.0,29.0,15.0,51.724,3.0,1.0,33.333,,,,,,,,,,243298.0,251.0,3.0,8.0,8.0,5.68,0.0,1.198,1.198,3.0,3.0,Cody,Gakpo,1999-05-07,27.37,14.0,18.0,Forward,Striker,9psfk94nduz6icnuwty5v9all,c8h9bw1l82s06h77xxrelzhur,Liverpool FC,Liverpool,Liverpool,LIV,243298.0,251.0,3.0,88.0,74.0,84.09,49.0,38.0,77.55,8.0,1.0,12.5,2.0,2.0,100.0,Cody,Gakpo,1999-05-07,27.37,14.0,18.0,Forward,Striker,9psfk94nduz6icnuwty5v9all,c8h9bw1l82s06h77xxrelzhur,Liverpool FC,Liverpool,Liverpool,LIV,243298,9psfk94nduz6icnuwty5v9all,14,c8h9bw1l82s06h77xxrelzhur
Cole Palmer,244851.0,3.0,263.0,2.0,1.06,0.94,12.0,5.0,16.67,0.09,Cole,Palmer,2002-05-06,24.37,8.0,10.0,Midfielder,Attacking Midfielder,dl10343h8yopcgerzur5samwa,9q0arba2kbnywth8bkxlhgmdr,Chelsea FC,Chelsea,Chelsea,CHE,49.0,664.337,31.0,410.865,3.0,1.0,3.0,0.0,13.558,13.254,4.0,1.0,14.0,0.0,1.0,26.0,13.0,50.0,2.0,1.0,50.0,,,,,,,,,,244851.0,263.0,3.0,6.0,5.0,4.35,16.67,0.361,0.32,1.0,1.0,Cole,Palmer,2002-05-06,24.37,8.0,10.0,Midfielder,Attacking Midfielder,dl10343h8yopcgerzur5samwa,9q0arba2kbnywth8bkxlhgmdr,Chelsea FC,Chelsea,Chelsea,CHE,244851.0,263.0,3.0,104.0,84.0,80.77,49.0,38.0,77.55,2.0,1.0,50.0,1.0,1.0,100.0,Cole,Palmer,2002-05-06,24.37,8.0,10.0,Midfielder,Attacking Midfielder,dl10343h8yopcgerzur5samwa,9q0arba2kbnywth8bkxlhgmdr,Chelsea FC,Chelsea,Chelsea,CHE,244851,dl10343h8yopcgerzur5samwa,8,9q0arba2kbnywth8bkxlhgmdr
Conor Gallagher,232787.0,2.0,128.0,0.0,0.02,-0.02,1.0,0.0,0.0,0.02,Conor,Gallagher,2000-02-06,26.61,6.0,8.0,Midfielder,Central Midfielder,c83h08n0vnjvfgglyefy03h0p,22doj4sgsocqpxw45h607udje,Tottenham Hotspur FC,Tottenham Hotspur,Spurs,TOT,8.0,56.223,3.0,19.11,1.0,0.0,0.0,0.0,7.028,6.37,5.0,1.0,8.0,0.0,0.0,14.0,11.0,78.571,5.0,1.0,20.0,,,,,,,,,,232787.0,128.0,2.0,0.0,0.0,0.0,0.0,0.118,0.118,0.0,0.0,Conor,Gallagher,2000-02-06,26.61,6.0,8.0,Midfielder,Central Midfielder,c83h08n0vnjvfgglyefy03h0p,22doj4sgsocqpxw45h607udje,Tottenham Hotspur FC,Tottenham Hotspur,Spurs,TOT,232787.0,128.0,2.0,51.0,46.0,90.2,12.0,9.0,75.0,2.0,0.0,0.0,1.0,0.0,0.0,Conor,Gallagher,2000-02-06,26.61,6.0,8.0,Midfielder,Central Midfielder,c83h08n0vnjvfgglyefy03h0p,22doj4sgsocqpxw45h607udje,Tottenham Hotspur FC,Tottenham Hotspur,Spurs,TOT,232787,c83h08n0vnjvfgglyefy03h0p,6,22doj4sgsocqpxw45h607udje
Costinha,451490.0,3.0,48.0,0.0,0.12,-0.12,2.0,1.0,0.0,0.06,João Pedro,Loureiro da Costa,2000-03-26,26.48,36.0,20.0,Defender,Full Back,degqtleco9n5tlt0yz3q5t9ii,e5p0ehyguld7egzhiedpdnc3w,Brighton & Hove Albion FC,Brighton & Hove Albion,Brighton,BHA,13.0,171.129,10.0,143.01,0.0,0.0,0.0,0.0,13.164,14.301,1.0,1.0,0.0,0.0,3.0,9.0,4.0,44.444,2.0,0.0,0.0,,,,,,,,,,451490.0,48.0,3.0,1.0,1.0,3.23,0.0,0.162,0.162,0.0,0.0,João Pedro,Loureiro da Costa,2000-03-26,26.48,36.0,20.0,Defender,Full Back,degqtleco9n5tlt0yz3q5t9ii,e5p0ehyguld7egzhiedpdnc3w,Brighton & Hove Albion FC,Brighton & Hove Albion,Brighton,BHA,451490.0,48.0,3.0,32.0,30.0,93.75,7.0,5.0,71.43,1.0,1.0,100.0,0.0,0.0,0.0,João Pedro,Loureiro da Costa,2000-03-26,26.48,36.0,20.0,Defender,Full Back,degqtleco9n5tlt0yz3q5t9ii,e5p0ehyguld7egzhiedpdnc3w,Brighton & Hove Albion FC,Brighton & Hove Albion,Brighton,BHA,451490,degqtleco9n5tlt0yz3q5t9ii,36,e5p0ehyguld7egzhiedpdnc3w
Cristhian Mosquera,500040.0,2.0,169.0,0.0,0.0,0.0,0.0,0.0,0.0,0.0,Cristhian,Mosquera,2004-06-27,22.22,3.0,3.0,Defender,Central Defender,6o76owze8y78ue9sb49g8kyz8,4dsgumo7d4zupm2ugsvm4zm4d,Arsenal FC,Arsenal,Arsenal,ARS,25.0,221.258,15.0,148.26,0.0,0.0,0.0,0.0,8.85,9.884,0.0,2.0,3.0,0.0,8.0,4.0,1.0,25.0,3.0,1.0,33.333,,,,,,,,,,500040.0,169.0,2.0,0.0,0.0,0.0,0.0,0.014,0.014,0.0,0.0,Cristhian,Mosquera,2004-06-27,22.22,3.0,3.0,Defender,Central Defender,6o76owze8y78ue9sb49g8kyz8,4dsgumo7d4zupm2ugsvm4zm4d,Arsenal FC,Arsenal,Arsenal,ARS,500040.0,169.0,2.0,120.0,115.0,95.83,5.0,4.0,80.0,0.0,0.0,0.0,0.0,0.0,0.0,Cristhian,Mosquera,2004-06-27,22.22,3.0,3.0,Defender,Central Defender,6o76owze8y78ue9sb49g8kyz8,4dsgumo7d4zupm2ugsvm4zm4d,Arsenal FC,Arsenal,Arsenal,ARS,500040,6o76owze8y78ue9sb49g8kyz8,3,4dsgumo7d4zupm2ugsvm4zm4d
Cédric Kipré,183015.0,0.0,0.0,0.0,0.0,0.0,0.0,0.0,0.0,0.0,Cédric,Kipré,1996-12-09,29.78,40.0,4.0,Defender,Central Defender,183015,8b523ujgl21tbc01me65q0aoh,Ipswich Town FC,Ipswich Town,Ipswich,IPS,0.0,0.0,0.0,0.0,0.0,0.0,0.0,0.0,0.0,0.0,0.0,0.0,0.0,0.0,0.0,0.0,0.0,0.0,0.0,0.0,0.0,,,,,,,,,,183015.0,0.0,0.0,0.0,0.0,0.0,0.0,0.0,0.0,0.0,0.0,Cédric,Kipré,1996-12-09,29.78,40.0,4.0,Defender,Central Defender,183015,8b523ujgl21tbc01me65q0aoh,Ipswich Town FC,Ipswich Town,Ipswich,IPS,183015.0,0.0,0.0,0.0,0.0,0.0,0.0,0.0,0.0,0.0,0.0,0.0,0.0,0.0,0.0,Cédric,Kipré,1996-12-09,29.78,40.0,4.0,Defender,Central Defender,183015,8b523ujgl21tbc01me65q0aoh,Ipswich Town FC,Ipswich Town,Ipswich,IPS,183015,183015,40,8b523ujgl21tbc01me65q0aoh
César Palacios,571779.0,3.0,210.0,1.0,0.98,0.02,8.0,2.0,12.5,0.12,César,Palacios,2004-11-11,21.85,54.0,8.0,Midfielder,Attacking Midfielder,3r4r3w44ski0d4175zfe1iy38,hzqh7z0mdl3v7gwete66syxp,Fulham FC,Fulham,Fulham,FUL,25.0,232.223,7.0,8.925,1.0,0.0,0.0,0.0,9.289,1.275,2.0,1.0,8.0,0.0,2.0,14.0,7.0,50.0,5.0,2.0,40.0,,,,,,,,,,571779.0,210.0,3.0,1.0,1.0,1.11,0.0,0.028,0.028,0.0,0.0,César,Palacios,2004-11-11,21.85,54.0,8.0,Midfielder,Attacking Midfielder,3r4r3w44ski0d4175zfe1iy38,hzqh7z0mdl3v7gwete66syxp,Fulham FC,Fulham,Fulham,FUL,571779.0,210.0,3.0,91.0,79.0,86.81,18.0,14.0,77.78,1.0,0.0,0.0,0.0,0.0,0.0,César,Palacios,2004-11-11,21.85,54.0,8.0,Midfielder,Attacking Midfielder,3r4r3w44ski0d4175zfe1iy38,hzqh7z0mdl3v7gwete66syxp,Fulham FC,Fulham,Fulham,FUL,571779,3r4r3w44ski0d4175zfe1iy38,54,hzqh7z0mdl3v7gwete66syxp
Daichi Kamada,209400.0,3.0,269.0,0.0,0.05,-0.05,1.0,0.0,0.0,0.05,Daichi,Kamada,1996-08-05,30.12,31.0,18.0,Midfielder,Attacking Midfielder,az15xx7m923srf9gdbwmiyga1,1c8m2ko0wxq1asfkuykurdr0y,Crystal Palace FC,Crystal Palace,Palace,CRY,27.0,324.71,19.0,175.245,1.0,0.0,0.0,0.0,12.026,9.223,9.0,1.0,14.0,0.0,3.0,24.0,15.0,62.5,2.0,2.0,100.0,,,,,,,,,,209400.0,269.0,3.0,4.0,4.0,2.21,0.0,0.299,0.299,1.0,1.0,Daichi,Kamada,1996-08-05,30.12,31.0,18.0,Midfielder,Attacking Midfielder,az15xx7m923srf9gdbwmiyga1,1c8m2ko0wxq1asfkuykurdr0y,Crystal Palace FC,Crystal Palace,Palace,CRY,209400.0,269.0,3.0,138.0,120.0,86.96,37.0,28.0,75.68,3.0,1.0,33.33,0.0,0.0,0.0,Daichi,Kamada,1996-08-05,30.12,31.0,18.0,Midfielder,Attacking Midfielder,az15xx7m923srf9gdbwmiyga1,1c8m2ko0wxq1asfkuykurdr0y,Crystal Palace FC,Crystal Palace,Palace,CRY,209400,az15xx7m923srf9gdbwmiyga1,31,1c8m2ko0wxq1asfkuykurdr0y
Daizen Maeda,442967.0,3.0,219.0,0.0,0.72,-0.72,3.0,2.0,0.0,0.24,Daizen,Maeda,1997-10-20,28.91,40.0,38.0,Forward,Winger,4x7o9h6ea8ldt9sxgz87vwycp,8b523ujgl21tbc01me65q0aoh,Ipswich Town FC,Ipswich Town,Ipswich,IPS,12.0,168.882,9.0,116.655,1.0,0.0,0.0,0.0,14.074,12.962,7.0,0.0,4.0,1.0,7.0,22.0,7.0,31.818,5.0,1.0,20.0,,,,,,,,,,442967.0,219.0,3.0,0.0,0.0,0.0,0.0,0.011,0.011,0.0,0.0,Daizen,Maeda,1997-10-20,28.91,40.0,38.0,Forward,Winger,4x7o9h6ea8ldt9sxgz87vwycp,8b523ujgl21tbc01me65q0aoh,Ipswich Town FC,Ipswich Town,Ipswich,IPS,442967.0,219.0,3.0,30.0,24.0,80.0,9.0,6.0,66.67,3.0,0.0,0.0,0.0,0.0,0.0,Daizen,Maeda,1997-10-20,28.91,40.0,38.0,Forward,Winger,4x7o9h6ea8ldt9sxgz87vwycp,8b523ujgl21tbc01me65q0aoh,Ipswich Town FC,Ipswich Town,Ipswich,IPS,442967,4x7o9h6ea8ldt9sxgz87vwycp,40,8b523ujgl21tbc01me65q0aoh
Dan Ballard,223827.0,3.0,270.0,0.0,0.09,-0.09,2.0,0.0,0.0,0.04,Dan,Ballard,1999-09-22,26.99,56.0,5.0,Defender,Central Defender,bnjdkz5d7st9gtn2srjs8ozc9,1r3545b2dzan8yqa80gtmcjch,Sunderland AFC,Sunderland,Sunderland,SUN,31.0,348.011,22.0,249.9,0.0,0.0,0.0,0.0,11.226,11.359,5.0,1.0,6.0,2.0,21.0,17.0,10.0,58.824,29.0,14.0,48.276,,,,,,,,,,223827.0,270.0,3.0,1.0,1.0,0.76,0.0,0.15,0.15,0.0,0.0,Dan,Ballard,1999-09-22,26.99,56.0,5.0,Defender,Central Defender,bnjdkz5d7st9gtn2srjs8ozc9,1r3545b2dzan8yqa80gtmcjch,Sunderland AFC,Sunderland,Sunderland,SUN,223827.0,270.0,3.0,136.0,119.0,87.5,16.0,11.0,68.75,0.0,0.0,0.0,0.0,0.0,0.0,Dan,Ballard,1999-09-22,26.99,56.0,5.0,Defender,Central Defender,bnjdkz5d7st9gtn2srjs8ozc9,1r3545b2dzan8yqa80gtmcjch,Sunderland AFC,Sunderland,Sunderland,SUN,223827,bnjdkz5d7st9gtn2srjs8ozc9,56,1r3545b2dzan8yqa80gtmcjch
Dan Ndoye,456512.0,3.0,187.0,1.0,0.35,0.65,3.0,1.0,33.33,0.12,Dan,Ndoye,2000-10-25,25.9,17.0,14.0,Forward,Winger,ex10o77wnk1exp9tj1t1rqj56,1qtaiy11gswx327s0vkibf70n,Nottingham Forest FC,Nottingham Forest,Forest,NFO,14.0,189.714,10.0,143.115,1.0,1.0,0.0,0.0,13.551,14.312,2.0,1.0,13.0,0.0,1.0,24.0,9.0,37.5,4.0,2.0,50.0,,,,,,,,,,456512.0,187.0,3.0,2.0,2.0,6.25,0.0,0.637,0.637,0.0,0.0,Dan,Ndoye,2000-10-25,25.9,17.0,14.0,Forward,Winger,ex10o77wnk1exp9tj1t1rqj56,1qtaiy11gswx327s0vkibf70n,Nottingham Forest FC,Nottingham Forest,Forest,NFO,456512.0,187.0,3.0,32.0,22.0,68.75,12.0,8.0,66.67,0.0,0.0,0.0,0.0,0.0,0.0,Dan,Ndoye,2000-10-25,25.9,17.0,14.0,Forward,Winger,ex10o77wnk1exp9tj1t1rqj56,1qtaiy11gswx327s0vkibf70n,Nottingham Forest FC,Nottingham Forest,Forest,NFO,456512,ex10o77wnk1exp9tj1t1rqj56,17,1qtaiy11gswx327s0vkibf70n
Dango Ouattara,533463.0,3.0,141.0,0.0,0.07,-0.07,3.0,0.0,0.0,0.02,Dango,Ouattara,2002-02-11,24.6,94.0,11.0,Forward,Winger,dg4782hj9xdqg46w225kzph5g,7yx5dqhhphyvfisohikodajhv,Brentford FC,Brentford,Brentford,BRE,20.0,264.775,15.0,226.065,0.0,0.0,1.0,0.0,13.239,15.071,2.0,3.0,14.0,0.0,5.0,19.0,8.0,42.105,7.0,4.0,57.143,,,,,,,,,,533463.0,141.0,3.0,4.0,4.0,12.5,0.0,0.384,0.384,0.0,0.0,Dango,Ouattara,2002-02-11,24.6,94.0,11.0,Forward,Winger,dg4782hj9xdqg46w225kzph5g,7yx5dqhhphyvfisohikodajhv,Brentford FC,Brentford,Brentford,BRE,533463.0,141.0,3.0,32.0,21.0,65.63,19.0,11.0,57.89,4.0,2.0,50.0,2.0,1.0,50.0,Dango,Ouattara,2002-02-11,24.6,94.0,11.0,Forward,Winger,dg4782hj9xdqg46w225kzph5g,7yx5dqhhphyvfisohikodajhv,Brentford FC,Brentford,Brentford,BRE,533463,dg4782hj9xdqg46w225kzph5g,94,7yx5dqhhphyvfisohikodajhv
Daniel James,200617.0,1.0,22.0,0.0,0.24,-0.24,4.0,0.0,0.0,0.06,Daniel,James,1997-11-10,28.85,2.0,7.0,Forward,Winger,dkwkmrmpb7rq4e660efcu5hat,48gk2hpqtsl6p9sx9kjhaydq4,Leeds United FC,Leeds United,Leeds,LEE,6.0,91.214,6.0,88.515,1.0,0.0,0.0,0.0,15.202,14.752,0.0,0.0,2.0,0.0,0.0,3.0,1.0,33.333,1.0,0.0,0.0,,,,,,,,,,200617.0,22.0,1.0,0.0,0.0,0.0,0.0,0.006,0.006,0.0,0.0,Daniel,James,1997-11-10,28.85,2.0,7.0,Forward,Winger,dkwkmrmpb7rq4e660efcu5hat,48gk2hpqtsl6p9sx9kjhaydq4,Leeds United FC,Leeds United,Leeds,LEE,200617.0,22.0,1.0,6.0,5.0,83.33,3.0,3.0,100.0,2.0,0.0,0.0,0.0,0.0,0.0,Daniel,James,1997-11-10,28.85,2.0,7.0,Forward,Winger,dkwkmrmpb7rq4e660efcu5hat,48gk2hpqtsl6p9sx9kjhaydq4,Leeds United FC,Leeds United,Leeds,LEE,200617,dkwkmrmpb7rq4e660efcu5hat,2,48gk2hpqtsl6p9sx9kjhaydq4
Daniel Jebbison,523700.0,2.0,16.0,0.0,0.1,-0.1,1.0,1.0,0.0,0.1,Daniel,Jebbison,2003-08-13,23.1,91.0,29.0,Forward,Striker,4vzixye912wmbbgju0gpz7sdm,1pse9ta7a45pi2w2grjim70ge,AFC Bournemouth,Bournemouth,Bournemouth,BOU,1.0,5.682,0.0,-3.57,0.0,0.0,0.0,0.0,5.682,0.0,0.0,0.0,1.0,0.0,0.0,2.0,2.0,100.0,0.0,0.0,0.0,,,,,,,,,,523700.0,16.0,2.0,0.0,0.0,0.0,0.0,0.004,0.004,0.0,0.0,Daniel,Jebbison,2003-08-13,23.1,91.0,29.0,Forward,Striker,4vzixye912wmbbgju0gpz7sdm,1pse9ta7a45pi2w2grjim70ge,AFC Bournemouth,Bournemouth,Bournemouth,BOU,523700.0,16.0,2.0,5.0,5.0,100.0,2.0,2.0,100.0,0.0,0.0,0.0,0.0,0.0,0.0,Daniel,Jebbison,2003-08-13,23.1,91.0,29.0,Forward,Striker,4vzixye912wmbbgju0gpz7sdm,1pse9ta7a45pi2w2grjim70ge,AFC Bournemouth,Bournemouth,Bournemouth,BOU,523700,4vzixye912wmbbgju0gpz7sdm,91,1pse9ta7a45pi2w2grjim70ge
Daniel Muñoz,247348.0,2.0,86.0,0.0,0.26,-0.26,3.0,1.0,0.0,0.09,Daniel,Muñoz,1996-05-26,30.32,17.0,27.0,Defender,Full Back,3yb66hal4fvr04bawz0y3efhl,1qtaiy11gswx327s0vkibf70n,Nottingham Forest FC,Nottingham Forest,Forest,NFO,7.0,76.753,2.0,7.56,0.0,0.0,0.0,0.0,10.965,3.78,2.0,1.0,1.0,0.0,2.0,6.0,3.0,50.0,3.0,2.0,66.667,,,,,,,,,,247348.0,86.0,2.0,0.0,0.0,0.0,0.0,0.012,0.012,0.0,0.0,Daniel,Muñoz,1996-05-26,30.32,17.0,27.0,Defender,Full Back,3yb66hal4fvr04bawz0y3efhl,1qtaiy11gswx327s0vkibf70n,Nottingham Forest FC,Nottingham Forest,Forest,NFO,247348.0,86.0,2.0,37.0,30.0,81.08,9.0,6.0,66.67,2.0,0.0,0.0,0.0,0.0,0.0,Daniel,Muñoz,1996-05-26,30.32,17.0,27.0,Defender,Full Back,3yb66hal4fvr04bawz0y3efhl,1qtaiy11gswx327s0vkibf70n,Nottingham Forest FC,Nottingham Forest,Forest,NFO,247348,3yb66hal4fvr04bawz0y3efhl,17,1qtaiy11gswx327s0vkibf70n
Danny Welbeck,50175.0,1.0,3.0,0.0,0.0,0.0,0.0,0.0,0.0,0.0,Danny,Welbeck,1990-11-26,35.82,8.0,18.0,Forward,Striker,c0yxqwkxqx1sty7abj1qwh9zp,9q0arba2kbnywth8bkxlhgmdr,Chelsea FC,Chelsea,Chelsea,CHE,0.0,0.0,0.0,0.0,0.0,0.0,0.0,0.0,0.0,0.0,0.0,0.0,0.0,0.0,0.0,0.0,0.0,0.0,0.0,0.0,0.0,,,,,,,,,,50175.0,3.0,1.0,0.0,0.0,0.0,0.0,0.001,0.001,0.0,0.0,Danny,Welbeck,1990-11-26,35.82,8.0,18.0,Forward,Striker,c0yxqwkxqx1sty7abj1qwh9zp,9q0arba2kbnywth8bkxlhgmdr,Chelsea FC,Chelsea,Chelsea,CHE,50175.0,3.0,1.0,1.0,1.0,100.0,0.0,0.0,0.0,0.0,0.0,0.0,0.0,0.0,0.0,Danny,Welbeck,1990-11-26,35.82,8.0,18.0,Forward,Striker,c0yxqwkxqx1sty7abj1qwh9zp,9q0arba2kbnywth8bkxlhgmdr,Chelsea FC,Chelsea,Chelsea,CHE,50175,c0yxqwkxqx1sty7abj1qwh9zp,8,9q0arba2kbnywth8bkxlhgmdr
Dara O'Shea,216616.0,3.0,270.0,0.0,0.07,-0.07,1.0,0.0,0.0,0.07,Dara,O'Shea,1999-03-04,27.54,40.0,26.0,Defender,Central Defender,dw5enxkcunwwewbmz8xq5ceeh,8b523ujgl21tbc01me65q0aoh,Ipswich Town FC,Ipswich Town,Ipswich,IPS,6.0,68.856,4.0,45.15,0.0,0.0,1.0,0.0,11.476,11.288,5.0,3.0,11.0,2.0,20.0,13.0,8.0,61.538,11.0,7.0,63.636,,,,,,,,,,216616.0,270.0,3.0,2.0,2.0,2.17,0.0,0.17,0.168,0.0,0.0,Dara,O'Shea,1999-03-04,27.54,40.0,26.0,Defender,Central Defender,dw5enxkcunwwewbmz8xq5ceeh,8b523ujgl21tbc01me65q0aoh,Ipswich Town FC,Ipswich Town,Ipswich,IPS,216616.0,270.0,3.0,99.0,72.0,72.73,14.0,5.0,35.71,3.0,2.0,66.67,0.0,0.0,0.0,Dara,O'Shea,1999-03-04,27.54,40.0,26.0,Defender,Central Defender,dw5enxkcunwwewbmz8xq5ceeh,8b523ujgl21tbc01me65q0aoh,Ipswich Town FC,Ipswich Town,Ipswich,IPS,216616,dw5enxkcunwwewbmz8xq5ceeh,40,8b523ujgl21tbc01me65q0aoh
Darnell Furlong,176420.0,1.0,17.0,0.0,0.0,0.0,0.0,0.0,0.0,0.0,Darnell,Furlong,1995-10-31,30.88,40.0,2.0,Defender,Full Back,avw8q4x7brp0t5h1zfvt4nr3d,8b523ujgl21tbc01me65q0aoh,Ipswich Town FC,Ipswich Town,Ipswich,IPS,1.0,15.088,1.0,14.7,0.0,0.0,0.0,0.0,15.088,14.7,1.0,1.0,0.0,0.0,1.0,2.0,1.0,50.0,3.0,2.0,66.667,,,,,,,,,,176420.0,17.0,1.0,0.0,0.0,0.0,0.0,0.001,0.001,0.0,0.0,Darnell,Furlong,1995-10-31,30.88,40.0,2.0,Defender,Full Back,avw8q4x7brp0t5h1zfvt4nr3d,8b523ujgl21tbc01me65q0aoh,Ipswich Town FC,Ipswich Town,Ipswich,IPS,176420.0,17.0,1.0,13.0,9.0,69.23,1.0,1.0,100.0,0.0,0.0,0.0,0.0,0.0,0.0,Darnell,Furlong,1995-10-31,30.88,40.0,2.0,Defender,Full Back,avw8q4x7brp0t5h1zfvt4nr3d,8b523ujgl21tbc01me65q0aoh,Ipswich Town FC,Ipswich Town,Ipswich,IPS,176420,avw8q4x7brp0t5h1zfvt4nr3d,40,8b523ujgl21tbc01me65q0aoh
Darío Osorio,533646.0,1.0,1.0,0.0,0.0,0.0,0.0,0.0,0.0,0.0,Darío,Osorio,2004-01-24,22.65,31.0,24.0,Midfielder,Winger,djlyi0ad4x1p0k4thn8n0axw4,1c8m2ko0wxq1asfkuykurdr0y,Crystal Palace FC,Crystal Palace,Palace,CRY,1.0,12.297,0.0,-2.52,0.0,0.0,0.0,0.0,12.297,0.0,1.0,0.0,0.0,0.0,0.0,1.0,1.0,100.0,0.0,0.0,0.0,,,,,,,,,,533646.0,1.0,1.0,0.0,0.0,0.0,0.0,0.0,0.0,0.0,0.0,Darío,Osorio,2004-01-24,22.65,31.0,24.0,Midfielder,Winger,djlyi0ad4x1p0k4thn8n0axw4,1c8m2ko0wxq1asfkuykurdr0y,Crystal Palace FC,Crystal Palace,Palace,CRY,533646.0,1.0,1.0,2.0,1.0,50.0,1.0,1.0,100.0,0.0,0.0,0.0,0.0,0.0,0.0,Darío,Osorio,2004-01-24,22.65,31.0,24.0,Midfielder,Winger,djlyi0ad4x1p0k4thn8n0axw4,1c8m2ko0wxq1asfkuykurdr0y,Crystal Palace FC,Crystal Palace,Palace,CRY,533646,djlyi0ad4x1p0k4thn8n0axw4,31,1c8m2ko0wxq1asfkuykurdr0y
David Affengruber,442299.0,0.0,0.0,0.0,0.0,0.0,0.0,0.0,0.0,0.0,David,Affengruber,2001-03-19,25.5,54.0,22.0,Defender,Central Defender,442299,hzqh7z0mdl3v7gwete66syxp,Fulham FC,Fulham,Fulham,FUL,0.0,0.0,0.0,0.0,0.0,0.0,0.0,0.0,0.0,0.0,0.0,0.0,0.0,0.0,0.0,0.0,0.0,0.0,0.0,0.0,0.0,,,,,,,,,,442299.0,0.0,0.0,0.0,0.0,0.0,0.0,0.0,0.0,0.0,0.0,David,Affengruber,2001-03-19,25.5,54.0,22.0,Defender,Central Defender,442299,hzqh7z0mdl3v7gwete66syxp,Fulham FC,Fulham,Fulham,FUL,442299.0,0.0,0.0,0.0,0.0,0.0,0.0,0.0,0.0,0.0,0.0,0.0,0.0,0.0,0.0,David,Affengruber,2001-03-19,25.5,54.0,22.0,Defender,Central Defender,442299,hzqh7z0mdl3v7gwete66syxp,Fulham FC,Fulham,Fulham,FUL,442299,442299,54,hzqh7z0mdl3v7gwete66syxp
David Brooks,111317.0,2.0,23.0,0.0,0.0,0.0,0.0,0.0,0.0,0.0,David,Brooks,1997-07-08,29.2,91.0,7.0,Midfielder,Attacking Midfielder,96ou7x51dxymv16l0ocsuhbyt,1pse9ta7a45pi2w2grjim70ge,AFC Bournemouth,Bournemouth,Bournemouth,BOU,2.0,43.998,2.0,41.58,0.0,0.0,0.0,0.0,21.999,20.79,0.0,0.0,0.0,0.0,0.0,3.0,1.0,33.333,0.0,0.0,0.0,,,,,,,,,,111317.0,23.0,2.0,0.0,0.0,0.0,0.0,0.011,0.011,0.0,0.0,David,Brooks,1997-07-08,29.2,91.0,7.0,Midfielder,Attacking Midfielder,96ou7x51dxymv16l0ocsuhbyt,1pse9ta7a45pi2w2grjim70ge,AFC Bournemouth,Bournemouth,Bournemouth,BOU,111317.0,23.0,2.0,10.0,7.0,70.0,8.0,7.0,87.5,0.0,0.0,0.0,0.0,0.0,0.0,David,Brooks,1997-07-08,29.2,91.0,7.0,Midfielder,Attacking Midfielder,96ou7x51dxymv16l0ocsuhbyt,1pse9ta7a45pi2w2grjim70ge,AFC Bournemouth,Bournemouth,Bournemouth,BOU,111317,96ou7x51dxymv16l0ocsuhbyt,91,1pse9ta7a45pi2w2grjim70ge
David Raya,,,,,,,,,,,,,,,,,,,,,,,,,,,,,,,,,,,,,,,,,,,,,,270.0,100.0,0.0,1.0,5.0,83.33,-0.61,0.0,0.39,,,,,,,,,,,,,,,,,,,,,,,,,,,,,,,,,,,,,,,,,,,,,,,,,,,,,,,154561,4iijb6llnz28unsz4rirr3umt,3,4dsgumo7d4zupm2ugsvm4zm4d
Dayann Méthalie,638411.0,0.0,0.0,0.0,0.0,0.0,0.0,0.0,0.0,0.0,Dayann,Méthalie,2006-02-15,20.58,56.0,6.0,Defender,Full Back,638411,1r3545b2dzan8yqa80gtmcjch,Sunderland AFC,Sunderland,Sunderland,SUN,0.0,0.0,0.0,0.0,0.0,0.0,0.0,0.0,0.0,0.0,0.0,0.0,0.0,0.0,0.0,0.0,0.0,0.0,0.0,0.0,0.0,,,,,,,,,,638411.0,0.0,0.0,0.0,0.0,0.0,0.0,0.0,0.0,0.0,0.0,Dayann,Méthalie,2006-02-15,20.58,56.0,6.0,Defender,Full Back,638411,1r3545b2dzan8yqa80gtmcjch,Sunderland AFC,Sunderland,Sunderland,SUN,638411.0,0.0,0.0,0.0,0.0,0.0,0.0,0.0,0.0,0.0,0.0,0.0,0.0,0.0,0.0,Dayann,Méthalie,2006-02-15,20.58,56.0,6.0,Defender,Full Back,638411,1r3545b2dzan8yqa80gtmcjch,Sunderland AFC,Sunderland,Sunderland,SUN,638411,638411,56,1r3545b2dzan8yqa80gtmcjch
Dean Henderson,,,,,,,,,,,,,,,,,,,,,,,,,,,,,,,,,,,,,,,,,,,,,,270.0,100.0,0.0,8.0,12.0,60.0,-1.45,0.75,6.55,,,,,,,,,,,,,,,,,,,,,,,,,,,,,,,,,,,,,,,,,,,,,,,,,,,,,,,172649,5z8ycnd0smdkumi5fgtzf7c9h,31,1c8m2ko0wxq1asfkuykurdr0y
Declan Rice,204480.0,3.0,243.0,0.0,0.1,-0.1,3.0,0.0,0.0,0.03,Declan,Rice,1999-01-14,27.68,3.0,41.0,Midfielder,Central Midfielder,6jgocc12bori2wygyu07c082x,4dsgumo7d4zupm2ugsvm4zm4d,Arsenal FC,Arsenal,Arsenal,ARS,60.0,704.568,30.0,409.185,0.0,0.0,0.0,0.0,11.743,13.64,3.0,3.0,11.0,2.0,5.0,8.0,3.0,37.5,7.0,3.0,42.857,,,,,,,,,,204480.0,243.0,3.0,3.0,2.0,0.47,33.33,0.252,0.147,1.0,1.0,Declan,Rice,1999-01-14,27.68,3.0,41.0,Midfielder,Central Midfielder,6jgocc12bori2wygyu07c082x,4dsgumo7d4zupm2ugsvm4zm4d,Arsenal FC,Arsenal,Arsenal,ARS,204480.0,243.0,3.0,220.0,205.0,93.18,75.0,67.0,89.33,3.0,0.0,0.0,0.0,0.0,0.0,Declan,Rice,1999-01-14,27.68,3.0,41.0,Midfielder,Central Midfielder,6jgocc12bori2wygyu07c082x,4dsgumo7d4zupm2ugsvm4zm4d,Arsenal FC,Arsenal,Arsenal,ARS,204480,6jgocc12bori2wygyu07c082x,3,4dsgumo7d4zupm2ugsvm4zm4d
Destiny Udogie,487053.0,3.0,87.0,0.0,0.0,0.0,0.0,0.0,0.0,0.0,Destiny,Udogie,2002-11-28,23.8,6.0,13.0,Defender,Full Back,c33x61zuxixolkkalsigc3q0a,22doj4sgsocqpxw45h607udje,Tottenham Hotspur FC,Tottenham Hotspur,Spurs,TOT,21.0,192.637,11.0,112.875,0.0,0.0,0.0,0.0,9.173,10.261,1.0,1.0,4.0,0.0,2.0,10.0,4.0,40.0,4.0,3.0,75.0,,,,,,,,,,487053.0,87.0,3.0,1.0,1.0,2.04,0.0,0.234,0.234,0.0,0.0,Destiny,Udogie,2002-11-28,23.8,6.0,13.0,Defender,Full Back,c33x61zuxixolkkalsigc3q0a,22doj4sgsocqpxw45h607udje,Tottenham Hotspur FC,Tottenham Hotspur,Spurs,TOT,487053.0,87.0,3.0,50.0,44.0,88.0,16.0,13.0,81.25,2.0,0.0,0.0,0.0,0.0,0.0,Destiny,Udogie,2002-11-28,23.8,6.0,13.0,Defender,Full Back,c33x61zuxixolkkalsigc3q0a,22doj4sgsocqpxw45h607udje,Tottenham Hotspur FC,Tottenham Hotspur,Spurs,TOT,487053,c33x61zuxixolkkalsigc3q0a,6,22doj4sgsocqpxw45h607udje
Diego Gómez,514254.0,3.0,266.0,0.0,0.65,-0.65,12.0,4.0,0.0,0.05,Diego,Gómez,2003-03-27,23.48,36.0,25.0,Midfielder,Central Midfielder,bqbt9eix8zlp6rxzxofl6rjmc,e5p0ehyguld7egzhiedpdnc3w,Brighton & Hove Albion FC,Brighton & Hove Albion,Brighton,BHA,27.0,282.99,14.0,123.375,1.0,0.0,1.0,0.0,10.481,8.812,8.0,3.0,7.0,0.0,2.0,25.0,9.0,36.0,19.0,10.0,52.632,,,,,,,,,,514254.0,266.0,3.0,5.0,5.0,4.3,0.0,0.701,0.701,1.0,1.0,Diego,Gómez,2003-03-27,23.48,36.0,25.0,Midfielder,Central Midfielder,bqbt9eix8zlp6rxzxofl6rjmc,e5p0ehyguld7egzhiedpdnc3w,Brighton & Hove Albion FC,Brighton & Hove Albion,Brighton,BHA,514254.0,266.0,3.0,93.0,71.0,76.34,47.0,30.0,63.83,8.0,2.0,25.0,0.0,0.0,0.0,Diego,Gómez,2003-03-27,23.48,36.0,25.0,Midfielder,Central Midfielder,bqbt9eix8zlp6rxzxofl6rjmc,e5p0ehyguld7egzhiedpdnc3w,Brighton & Hove Albion FC,Brighton & Hove Albion,Brighton,BHA,514254,bqbt9eix8zlp6rxzxofl6rjmc,36,e5p0ehyguld7egzhiedpdnc3w
Diogo Dalot,216051.0,3.0,168.0,0.0,0.16,-0.16,5.0,1.0,0.0,0.03,José Diogo,Dalot Teixeira,1999-03-18,27.5,1.0,2.0,Defender,Full Back,3f3jcsa7gk6in9fskp9w5a5t5,6eqit8ye8aomdsrrq0hk3v7gh,Manchester United FC,Manchester United,Man Utd,MUN,12.0,102.789,5.0,26.355,1.0,0.0,1.0,0.0,8.566,5.271,4.0,4.0,5.0,0.0,3.0,13.0,5.0,38.462,3.0,1.0,33.333,,,,,,,,,,216051.0,168.0,3.0,6.0,5.0,6.76,16.67,0.135,0.135,0.0,0.0,José Diogo,Dalot Teixeira,1999-03-18,27.5,1.0,2.0,Defender,Full Back,3f3jcsa7gk6in9fskp9w5a5t5,6eqit8ye8aomdsrrq0hk3v7gh,Manchester United FC,Manchester United,Man Utd,MUN,216051.0,168.0,3.0,74.0,68.0,91.89,21.0,18.0,85.71,5.0,2.0,40.0,0.0,0.0,0.0,José Diogo,Dalot Teixeira,1999-03-18,27.5,1.0,2.0,Defender,Full Back,3f3jcsa7gk6in9fskp9w5a5t5,6eqit8ye8aomdsrrq0hk3v7gh,Manchester United FC,Manchester United,Man Utd,MUN,216051,3f3jcsa7gk6in9fskp9w5a5t5,1,6eqit8ye8aomdsrrq0hk3v7gh
Djordje Petrovic,,,,,,,,,,,,,,,,,,,,,,,,,,,,,,,,,,,,,,,,,,,,,,270.0,100.0,0.0,5.0,9.0,64.29,0.76,1.0,5.76,,,,,,,,,,,,,,,,,,,,,,,,,,,,,,,,,,,,,,,,,,,,,,,,,,,,,,,457569,bcfzovs0pj9urgv9r0ykjnlrd,91,1pse9ta7a45pi2w2grjim70ge
Dominic Calvert-Lewin,177815.0,3.0,253.0,1.0,1.61,-0.61,6.0,3.0,16.67,0.27,Dominic,Calvert-Lewin,1997-03-16,29.51,2.0,9.0,Forward,Striker,374kcix9j7e1cob4uxmfncwyd,48gk2hpqtsl6p9sx9kjhaydq4,Leeds United FC,Leeds United,Leeds,LEE,11.0,126.067,3.0,-11.655,1.0,0.0,0.0,0.0,11.461,-3.885,0.0,0.0,5.0,0.0,4.0,13.0,3.0,23.077,30.0,16.0,53.333,,,,,,,,,,177815.0,253.0,3.0,1.0,1.0,2.5,0.0,0.082,0.082,0.0,0.0,Dominic,Calvert-Lewin,1997-03-16,29.51,2.0,9.0,Forward,Striker,374kcix9j7e1cob4uxmfncwyd,48gk2hpqtsl6p9sx9kjhaydq4,Leeds United FC,Leeds United,Leeds,LEE,177815.0,253.0,3.0,40.0,21.0,52.5,22.0,11.0,50.0,0.0,0.0,0.0,0.0,0.0,0.0,Dominic,Calvert-Lewin,1997-03-16,29.51,2.0,9.0,Forward,Striker,374kcix9j7e1cob4uxmfncwyd,48gk2hpqtsl6p9sx9kjhaydq4,Leeds United FC,Leeds United,Leeds,LEE,177815,374kcix9j7e1cob4uxmfncwyd,2,48gk2hpqtsl6p9sx9kjhaydq4
Dominic Solanke,154566.0,3.0,43.0,0.0,0.44,-0.44,3.0,1.0,0.0,0.15,Dominic,Solanke,1997-09-14,29.01,6.0,19.0,Forward,Striker,dvj6rdi2k0td95oxldbj6e28l,22doj4sgsocqpxw45h607udje,Tottenham Hotspur FC,Tottenham Hotspur,Spurs,TOT,2.0,14.604,0.0,3.36,0.0,0.0,0.0,0.0,7.302,0.0,0.0,0.0,0.0,0.0,1.0,3.0,2.0,66.667,5.0,0.0,0.0,,,,,,,,,,154566.0,43.0,3.0,0.0,0.0,0.0,0.0,0.003,0.003,0.0,0.0,Dominic,Solanke,1997-09-14,29.01,6.0,19.0,Forward,Striker,dvj6rdi2k0td95oxldbj6e28l,22doj4sgsocqpxw45h607udje,Tottenham Hotspur FC,Tottenham Hotspur,Spurs,TOT,154566.0,43.0,3.0,3.0,2.0,66.67,3.0,2.0,66.67,0.0,0.0,0.0,0.0,0.0,0.0,Dominic,Solanke,1997-09-14,29.01,6.0,19.0,Forward,Striker,dvj6rdi2k0td95oxldbj6e28l,22doj4sgsocqpxw45h607udje,Tottenham Hotspur FC,Tottenham Hotspur,Spurs,TOT,154566,dvj6rdi2k0td95oxldbj6e28l,6,22doj4sgsocqpxw45h607udje
Dominik Szoboszlai,424876.0,3.0,270.0,1.0,1.17,-0.17,9.0,4.0,11.11,0.13,Dominik,Szoboszlai,2000-10-25,25.9,14.0,8.0,Midfielder,Attacking Midfielder,avh60ensgiwz1qalvn1bbqkfd,c8h9bw1l82s06h77xxrelzhur,Liverpool FC,Liverpool,Liverpool,LIV,34.0,344.27,15.0,164.325,1.0,0.0,0.0,0.0,10.126,10.955,4.0,3.0,17.0,3.0,2.0,16.0,8.0,50.0,9.0,2.0,22.222,,,,,,,,,,424876.0,270.0,3.0,7.0,2.0,1.03,71.43,0.478,0.195,0.0,0.0,Dominik,Szoboszlai,2000-10-25,25.9,14.0,8.0,Midfielder,Attacking Midfielder,avh60ensgiwz1qalvn1bbqkfd,c8h9bw1l82s06h77xxrelzhur,Liverpool FC,Liverpool,Liverpool,LIV,424876.0,270.0,3.0,202.0,178.0,88.12,51.0,39.0,76.47,7.0,2.0,28.57,0.0,0.0,0.0,Dominik,Szoboszlai,2000-10-25,25.9,14.0,8.0,Midfielder,Attacking Midfielder,avh60ensgiwz1qalvn1bbqkfd,c8h9bw1l82s06h77xxrelzhur,Liverpool FC,Liverpool,Liverpool,LIV,424876,avh60ensgiwz1qalvn1bbqkfd,14,c8h9bw1l82s06h77xxrelzhur
Dwight McNeil,433154.0,2.0,85.0,0.0,0.05,-0.05,1.0,0.0,0.0,0.05,Dwight,McNeil,1999-11-22,26.82,31.0,11.0,Forward,Winger,7qgt7sht6py670pt6t4wjhqay,1c8m2ko0wxq1asfkuykurdr0y,Crystal Palace FC,Crystal Palace,Palace,CRY,9.0,113.429,7.0,78.33,0.0,0.0,0.0,0.0,12.603,11.19,0.0,1.0,3.0,1.0,2.0,5.0,0.0,0.0,0.0,0.0,0.0,,,,,,,,,,433154.0,85.0,2.0,0.0,0.0,0.0,0.0,0.024,0.024,0.0,0.0,Dwight,McNeil,1999-11-22,26.82,31.0,11.0,Forward,Winger,7qgt7sht6py670pt6t4wjhqay,1c8m2ko0wxq1asfkuykurdr0y,Crystal Palace FC,Crystal Palace,Palace,CRY,433154.0,85.0,2.0,35.0,29.0,82.86,12.0,10.0,83.33,0.0,0.0,0.0,0.0,0.0,0.0,Dwight,McNeil,1999-11-22,26.82,31.0,11.0,Forward,Winger,7qgt7sht6py670pt6t4wjhqay,1c8m2ko0wxq1asfkuykurdr0y,Crystal Palace FC,Crystal Palace,Palace,CRY,433154,7qgt7sht6py670pt6t4wjhqay,31,1c8m2ko0wxq1asfkuykurdr0y
Eberechi Eze,232413.0,2.0,59.0,0.0,0.04,-0.04,1.0,0.0,0.0,0.04,Eberechi,Eze,1998-06-29,28.22,3.0,10.0,Midfielder,Attacking Midfielder,4wic6z72nwmhkheme209fcmp5,4dsgumo7d4zupm2ugsvm4zm4d,Arsenal FC,Arsenal,Arsenal,ARS,9.0,134.466,1.0,12.18,0.0,0.0,0.0,0.0,14.941,12.18,0.0,0.0,5.0,0.0,0.0,8.0,4.0,50.0,2.0,1.0,50.0,,,,,,,,,,232413.0,59.0,2.0,0.0,0.0,0.0,0.0,0.072,0.072,0.0,0.0,Eberechi,Eze,1998-06-29,28.22,3.0,10.0,Midfielder,Attacking Midfielder,4wic6z72nwmhkheme209fcmp5,4dsgumo7d4zupm2ugsvm4zm4d,Arsenal FC,Arsenal,Arsenal,ARS,232413.0,59.0,2.0,27.0,22.0,81.48,8.0,6.0,75.0,0.0,0.0,0.0,0.0,0.0,0.0,Eberechi,Eze,1998-06-29,28.22,3.0,10.0,Midfielder,Attacking Midfielder,4wic6z72nwmhkheme209fcmp5,4dsgumo7d4zupm2ugsvm4zm4d,Arsenal FC,Arsenal,Arsenal,ARS,232413,4wic6z72nwmhkheme209fcmp5,3,4dsgumo7d4zupm2ugsvm4zm4d
Eddie Nketiah,205533.0,3.0,168.0,0.0,1.1,-1.1,4.0,2.0,0.0,0.27,Eddie,Nketiah,1999-05-30,27.3,31.0,9.0,Forward,Striker,2im16cd31tgg3yac3c8c18jbp,1c8m2ko0wxq1asfkuykurdr0y,Crystal Palace FC,Crystal Palace,Palace,CRY,13.0,147.069,9.0,108.36,1.0,0.0,1.0,0.0,11.313,12.04,4.0,1.0,5.0,0.0,1.0,18.0,7.0,38.889,11.0,4.0,36.364,,,,,,,,,,205533.0,168.0,3.0,4.0,4.0,10.0,0.0,0.583,0.583,1.0,1.0,Eddie,Nketiah,1999-05-30,27.3,31.0,9.0,Forward,Striker,2im16cd31tgg3yac3c8c18jbp,1c8m2ko0wxq1asfkuykurdr0y,Crystal Palace FC,Crystal Palace,Palace,CRY,205533.0,168.0,3.0,30.0,21.0,70.0,13.0,7.0,53.85,0.0,0.0,0.0,1.0,0.0,0.0,Eddie,Nketiah,1999-05-30,27.3,31.0,9.0,Forward,Striker,2im16cd31tgg3yac3c8c18jbp,1c8m2ko0wxq1asfkuykurdr0y,Crystal Palace FC,Crystal Palace,Palace,CRY,205533,2im16cd31tgg3yac3c8c18jbp,31,1c8m2ko0wxq1asfkuykurdr0y
El Hadji Malick Diouf,613804.0,0.0,0.0,0.0,0.0,0.0,0.0,0.0,0.0,0.0,El Hadji Malick,Diouf,2004-12-29,21.72,94.0,25.0,Defender,Full Back,613804,7yx5dqhhphyvfisohikodajhv,Brentford FC,Brentford,Brentford,BRE,0.0,0.0,0.0,0.0,0.0,0.0,0.0,0.0,0.0,0.0,0.0,0.0,0.0,0.0,0.0,0.0,0.0,0.0,0.0,0.0,0.0,,,,,,,,,,613804.0,0.0,0.0,0.0,0.0,0.0,0.0,0.0,0.0,0.0,0.0,El Hadji Malick,Diouf,2004-12-29,21.72,94.0,25.0,Defender,Full Back,613804,7yx5dqhhphyvfisohikodajhv,Brentford FC,Brentford,Brentford,BRE,613804.0,0.0,0.0,0.0,0.0,0.0,0.0,0.0,0.0,0.0,0.0,0.0,0.0,0.0,0.0,El Hadji Malick,Diouf,2004-12-29,21.72,94.0,25.0,Defender,Full Back,613804,7yx5dqhhphyvfisohikodajhv,Brentford FC,Brentford,Brentford,BRE,613804,613804,94,7yx5dqhhphyvfisohikodajhv
Elliot Anderson,215379.0,3.0,235.0,0.0,0.09,-0.09,3.0,1.0,0.0,0.03,Elliot,Anderson,2002-11-06,23.86,43.0,5.0,Midfielder,Central Midfielder,exzca2akgjl00jfd2hzh33h7t,a3nyxabgsqlnqfkeg41m6tnpp,Manchester City FC,Manchester City,Man City,MCI,93.0,1022.036,51.0,438.795,1.0,0.0,0.0,0.0,10.99,8.604,8.0,6.0,14.0,0.0,3.0,27.0,17.0,62.963,7.0,2.0,28.571,,,,,,,,,,215379.0,235.0,3.0,3.0,2.0,0.65,33.33,0.642,0.349,0.0,0.0,Elliot,Anderson,2002-11-06,23.86,43.0,5.0,Midfielder,Central Midfielder,exzca2akgjl00jfd2hzh33h7t,a3nyxabgsqlnqfkeg41m6tnpp,Manchester City FC,Manchester City,Man City,MCI,215379.0,235.0,3.0,317.0,290.0,91.48,81.0,68.0,83.95,4.0,1.0,25.0,1.0,0.0,0.0,Elliot,Anderson,2002-11-06,23.86,43.0,5.0,Midfielder,Central Midfielder,exzca2akgjl00jfd2hzh33h7t,a3nyxabgsqlnqfkeg41m6tnpp,Manchester City FC,Manchester City,Man City,MCI,215379,exzca2akgjl00jfd2hzh33h7t,43,a3nyxabgsqlnqfkeg41m6tnpp
Elliot Stroud,608227.0,3.0,193.0,0.0,0.06,-0.06,2.0,0.0,0.0,0.03,Elliot,Stroud,2002-06-22,24.24,88.0,21.0,Midfielder,Winger,9hg51o20uf6u2bjgshjax9soa,f0figafm2v9h8ofo6slajj7xf,Hull City AFC,Hull City,Hull,HUL,14.0,214.281,10.0,140.805,2.0,0.0,1.0,0.0,15.306,14.08,3.0,2.0,9.0,0.0,1.0,7.0,4.0,57.143,5.0,1.0,20.0,,,,,,,,,,608227.0,193.0,3.0,1.0,1.0,3.85,0.0,0.042,0.042,0.0,0.0,Elliot,Stroud,2002-06-22,24.24,88.0,21.0,Midfielder,Winger,9hg51o20uf6u2bjgshjax9soa,f0figafm2v9h8ofo6slajj7xf,Hull City AFC,Hull City,Hull,HUL,608227.0,193.0,3.0,26.0,18.0,69.23,13.0,7.0,53.85,4.0,1.0,25.0,1.0,0.0,0.0,Elliot,Stroud,2002-06-22,24.24,88.0,21.0,Midfielder,Winger,9hg51o20uf6u2bjgshjax9soa,f0figafm2v9h8ofo6slajj7xf,Hull City AFC,Hull City,Hull,HUL,608227,9hg51o20uf6u2bjgshjax9soa,88,f0figafm2v9h8ofo6slajj7xf
Ellis Simms,218997.0,2.0,89.0,0.0,0.3,-0.3,1.0,1.0,0.0,0.3,Ellis,Simms,2001-01-05,25.7,9.0,9.0,Forward,Striker,4b3axlxopby87f4luevihgwdl,dacoc20k0n3fxu4zek8wufmko,Coventry City FC,Coventry City,Coventry,COV,3.0,48.116,3.0,33.81,0.0,0.0,0.0,0.0,16.039,11.27,0.0,0.0,2.0,0.0,1.0,6.0,2.0,33.333,7.0,4.0,57.143,,,,,,,,,,218997.0,89.0,2.0,2.0,2.0,14.29,0.0,0.007,0.007,0.0,0.0,Ellis,Simms,2001-01-05,25.7,9.0,9.0,Forward,Striker,4b3axlxopby87f4luevihgwdl,dacoc20k0n3fxu4zek8wufmko,Coventry City FC,Coventry City,Coventry,COV,218997.0,89.0,2.0,14.0,9.0,64.29,5.0,4.0,80.0,0.0,0.0,0.0,0.0,0.0,0.0,Ellis,Simms,2001-01-05,25.7,9.0,9.0,Forward,Striker,4b3axlxopby87f4luevihgwdl,dacoc20k0n3fxu4zek8wufmko,Coventry City FC,Coventry City,Coventry,COV,218997,4b3axlxopby87f4luevihgwdl,9,dacoc20k0n3fxu4zek8wufmko
Emersonn,543968.0,3.0,177.0,1.0,1.04,-0.04,4.0,2.0,25.0,0.26,Emersonn,Correia da Silva,2004-07-16,22.17,40.0,19.0,Forward,Striker,9yr3pfa15sb0lljanpcer15p0,8b523ujgl21tbc01me65q0aoh,Ipswich Town FC,Ipswich Town,Ipswich,IPS,7.0,72.106,7.0,66.15,0.0,0.0,1.0,0.0,10.301,9.45,2.0,0.0,2.0,0.0,3.0,15.0,8.0,53.333,15.0,4.0,26.667,,,,,,,,,,543968.0,177.0,3.0,3.0,3.0,17.65,0.0,0.063,0.063,0.0,0.0,Emersonn,Correia da Silva,2004-07-16,22.17,40.0,19.0,Forward,Striker,9yr3pfa15sb0lljanpcer15p0,8b523ujgl21tbc01me65q0aoh,Ipswich Town FC,Ipswich Town,Ipswich,IPS,543968.0,177.0,3.0,17.0,14.0,82.35,4.0,2.0,50.0,1.0,1.0,100.0,0.0,0.0,0.0,Emersonn,Correia da Silva,2004-07-16,22.17,40.0,19.0,Forward,Striker,9yr3pfa15sb0lljanpcer15p0,8b523ujgl21tbc01me65q0aoh,Ipswich Town FC,Ipswich Town,Ipswich,IPS,543968,9yr3pfa15sb0lljanpcer15p0,40,8b523ujgl21tbc01me65q0aoh
Emile Smith Rowe,209289.0,2.0,25.0,0.0,0.06,-0.06,1.0,0.0,0.0,0.06,Emile,Smith Rowe,2000-07-28,26.14,54.0,32.0,Midfielder,Attacking Midfielder,4ali7e2nk26rfzr0660xdrx0p,hzqh7z0mdl3v7gwete66syxp,Fulham FC,Fulham,Fulham,FUL,2.0,15.152,1.0,1.155,0.0,0.0,0.0,0.0,7.576,1.155,0.0,0.0,1.0,0.0,0.0,2.0,0.0,0.0,3.0,0.0,0.0,,,,,,,,,,209289.0,25.0,2.0,2.0,2.0,9.09,0.0,0.027,0.027,0.0,0.0,Emile,Smith Rowe,2000-07-28,26.14,54.0,32.0,Midfielder,Attacking Midfielder,4ali7e2nk26rfzr0660xdrx0p,hzqh7z0mdl3v7gwete66syxp,Fulham FC,Fulham,Fulham,FUL,209289.0,25.0,2.0,22.0,20.0,90.91,12.0,12.0,100.0,0.0,0.0,0.0,0.0,0.0,0.0,Emile,Smith Rowe,2000-07-28,26.14,54.0,32.0,Midfielder,Attacking Midfielder,4ali7e2nk26rfzr0660xdrx0p,hzqh7z0mdl3v7gwete66syxp,Fulham FC,Fulham,Fulham,FUL,209289,4ali7e2nk26rfzr0660xdrx0p,54,hzqh7z0mdl3v7gwete66syxp
Emiliano Buendía,195546.0,3.0,251.0,0.0,0.78,-0.78,6.0,0.0,0.0,0.13,Emiliano,Buendía,1996-12-25,29.73,7.0,10.0,Midfielder,Attacking Midfielder,l0qqn9tlgov91p5d1zzdupcl,b496gs285it6bheuikox6z9mj,Aston Villa FC,Aston Villa,Villa,AVL,20.0,224.705,9.0,80.64,1.0,0.0,0.0,0.0,11.235,8.96,2.0,2.0,9.0,0.0,1.0,14.0,7.0,50.0,17.0,4.0,23.529,,,,,,,,,,195546.0,251.0,3.0,2.0,1.0,1.28,50.0,0.155,0.069,0.0,0.0,Emiliano,Buendía,1996-12-25,29.73,7.0,10.0,Midfielder,Attacking Midfielder,l0qqn9tlgov91p5d1zzdupcl,b496gs285it6bheuikox6z9mj,Aston Villa FC,Aston Villa,Villa,AVL,195546.0,251.0,3.0,84.0,62.0,73.81,37.0,25.0,67.57,2.0,0.0,0.0,1.0,0.0,0.0,Emiliano,Buendía,1996-12-25,29.73,7.0,10.0,Midfielder,Attacking Midfielder,l0qqn9tlgov91p5d1zzdupcl,b496gs285it6bheuikox6z9mj,Aston Villa FC,Aston Villa,Villa,AVL,195546,l0qqn9tlgov91p5d1zzdupcl,7,b496gs285it6bheuikox6z9mj
Emiliano Martínez,,,,,,,,,,,,,,,,,,,,,,,,,,,,,,,,,,,,,,,,,,,,,,270.0,67.0,1.0,5.0,12.0,70.59,0.6,1.0,4.6,,,,,,,,,,,,,,,,,,,,,,,,,,,,,,,,,,,,,,,,,,,,,,,,,,,,,,,98980,3zl1q2gk6tdmzirsyfgm38no5,8,9q0arba2kbnywth8bkxlhgmdr
Enzo Fernández,448047.0,2.0,101.0,0.0,0.13,-0.13,2.0,0.0,0.0,0.06,Enzo,Fernández,2001-01-17,25.67,43.0,17.0,Midfielder,Central Midfielder,1zxwich342p8fholev7ddkwh6,a3nyxabgsqlnqfkeg41m6tnpp,Manchester City FC,Manchester City,Man City,MCI,19.0,208.318,10.0,71.82,0.0,0.0,1.0,0.0,10.964,7.182,1.0,0.0,4.0,0.0,1.0,7.0,5.0,71.429,2.0,1.0,50.0,,,,,,,,,,448047.0,101.0,2.0,2.0,2.0,2.04,0.0,0.136,0.136,0.0,0.0,Enzo,Fernández,2001-01-17,25.67,43.0,17.0,Midfielder,Central Midfielder,1zxwich342p8fholev7ddkwh6,a3nyxabgsqlnqfkeg41m6tnpp,Manchester City FC,Manchester City,Man City,MCI,448047.0,101.0,2.0,99.0,90.0,90.91,24.0,20.0,83.33,3.0,0.0,0.0,0.0,0.0,0.0,Enzo,Fernández,2001-01-17,25.67,43.0,17.0,Midfielder,Central Midfielder,1zxwich342p8fholev7ddkwh6,a3nyxabgsqlnqfkeg41m6tnpp,Manchester City FC,Manchester City,Man City,MCI,448047,1zxwich342p8fholev7ddkwh6,43,a3nyxabgsqlnqfkeg41m6tnpp
Enzo Le Fée,484420.0,3.0,259.0,1.0,1.21,-0.21,7.0,2.0,14.29,0.17,Enzo,Le Fée,2000-02-03,26.62,56.0,28.0,Midfielder,0,44o5mjglkzqxctz07ust9bcru,1r3545b2dzan8yqa80gtmcjch,Sunderland AFC,Sunderland,Sunderland,SUN,28.0,307.192,11.0,105.84,0.0,0.0,0.0,0.0,10.971,9.622,6.0,1.0,7.0,0.0,0.0,29.0,15.0,51.724,5.0,3.0,60.0,,,,,,,,,,484420.0,259.0,3.0,1.0,1.0,0.99,0.0,0.23,0.224,0.0,0.0,Enzo,Le Fée,2000-02-03,26.62,56.0,28.0,Midfielder,0,44o5mjglkzqxctz07ust9bcru,1r3545b2dzan8yqa80gtmcjch,Sunderland AFC,Sunderland,Sunderland,SUN,484420.0,259.0,3.0,103.0,82.0,79.61,44.0,32.0,72.73,4.0,0.0,0.0,2.0,0.0,0.0,Enzo,Le Fée,2000-02-03,26.62,56.0,28.0,Midfielder,0,44o5mjglkzqxctz07ust9bcru,1r3545b2dzan8yqa80gtmcjch,Sunderland AFC,Sunderland,Sunderland,SUN,484420,44o5mjglkzqxctz07ust9bcru,56,1r3545b2dzan8yqa80gtmcjch
Ephron Mason-Clark,241293.0,2.0,129.0,0.0,0.0,0.0,0.0,0.0,0.0,0.0,Ephron,Mason-Clark,1999-08-25,27.07,9.0,10.0,Midfielder,Attacking Midfielder,6ictgtdi9ogl7n8dqh4dm1fxl,dacoc20k0n3fxu4zek8wufmko,Coventry City FC,Coventry City,Coventry,COV,14.0,184.962,6.0,91.455,0.0,0.0,1.0,0.0,13.212,15.242,0.0,0.0,5.0,0.0,4.0,12.0,3.0,25.0,5.0,1.0,20.0,,,,,,,,,,241293.0,129.0,2.0,1.0,1.0,5.26,0.0,0.058,0.058,0.0,0.0,Ephron,Mason-Clark,1999-08-25,27.07,9.0,10.0,Midfielder,Attacking Midfielder,6ictgtdi9ogl7n8dqh4dm1fxl,dacoc20k0n3fxu4zek8wufmko,Coventry City FC,Coventry City,Coventry,COV,241293.0,129.0,2.0,19.0,14.0,73.68,6.0,4.0,66.67,7.0,1.0,14.29,0.0,0.0,0.0,Ephron,Mason-Clark,1999-08-25,27.07,9.0,10.0,Midfielder,Attacking Midfielder,6ictgtdi9ogl7n8dqh4dm1fxl,dacoc20k0n3fxu4zek8wufmko,Coventry City FC,Coventry City,Coventry,COV,241293,6ictgtdi9ogl7n8dqh4dm1fxl,9,dacoc20k0n3fxu4zek8wufmko
Erling Haaland,223094.0,3.0,270.0,3.0,2.47,0.53,14.0,8.0,21.43,0.18,Erling,Haaland,2000-07-21,26.16,43.0,9.0,Forward,Striker,atzboo800gv7gic2rgvgo0kq1,a3nyxabgsqlnqfkeg41m6tnpp,Manchester City FC,Manchester City,Man City,MCI,14.0,177.441,8.0,111.3,1.0,0.0,0.0,0.0,12.674,13.912,0.0,0.0,7.0,0.0,8.0,13.0,4.0,30.769,7.0,6.0,85.714,,,,,,,,,,223094.0,270.0,3.0,1.0,1.0,3.23,0.0,0.492,0.492,0.0,0.0,Erling,Haaland,2000-07-21,26.16,43.0,9.0,Forward,Striker,atzboo800gv7gic2rgvgo0kq1,a3nyxabgsqlnqfkeg41m6tnpp,Manchester City FC,Manchester City,Man City,MCI,223094.0,270.0,3.0,33.0,24.0,72.73,16.0,11.0,68.75,0.0,0.0,0.0,1.0,0.0,0.0,Erling,Haaland,2000-07-21,26.16,43.0,9.0,Forward,Striker,atzboo800gv7gic2rgvgo0kq1,a3nyxabgsqlnqfkeg41m6tnpp,Manchester City FC,Manchester City,Man City,MCI,223094,atzboo800gv7gic2rgvgo0kq1,43,a3nyxabgsqlnqfkeg41m6tnpp
Estêvão,624773.0,2.0,16.0,0.0,0.04,-0.04,1.0,1.0,0.0,0.04,Estêvão Willian,Almeida de Oliveira Gonçalves,2007-04-24,19.4,8.0,41.0,Forward,Winger,8ezfdv6lgv4gz8kogxvvn1rtg,9q0arba2kbnywth8bkxlhgmdr,Chelsea FC,Chelsea,Chelsea,CHE,5.0,65.877,4.0,50.925,1.0,0.0,0.0,0.0,13.175,12.731,0.0,0.0,1.0,0.0,0.0,1.0,0.0,0.0,1.0,0.0,0.0,,,,,,,,,,624773.0,16.0,2.0,0.0,0.0,0.0,0.0,0.004,0.004,0.0,0.0,Estêvão Willian,Almeida de Oliveira Gonçalves,2007-04-24,19.4,8.0,41.0,Forward,Winger,8ezfdv6lgv4gz8kogxvvn1rtg,9q0arba2kbnywth8bkxlhgmdr,Chelsea FC,Chelsea,Chelsea,CHE,624773.0,16.0,2.0,9.0,7.0,77.78,4.0,3.0,75.0,0.0,0.0,0.0,0.0,0.0,0.0,Estêvão Willian,Almeida de Oliveira Gonçalves,2007-04-24,19.4,8.0,41.0,Forward,Winger,8ezfdv6lgv4gz8kogxvvn1rtg,9q0arba2kbnywth8bkxlhgmdr,Chelsea FC,Chelsea,Chelsea,CHE,624773,8ezfdv6lgv4gz8kogxvvn1rtg,8,9q0arba2kbnywth8bkxlhgmdr
Ethan Ampadu,199598.0,3.0,270.0,0.0,0.01,-0.01,1.0,0.0,0.0,0.01,Ethan,Ampadu,2000-09-14,26.01,2.0,4.0,Midfielder,Defensive Midfielder,f1ma05bi3t1hfbflylx5d9tyh,48gk2hpqtsl6p9sx9kjhaydq4,Leeds United FC,Leeds United,Leeds,LEE,18.0,160.496,9.0,64.47,0.0,0.0,0.0,0.0,8.916,7.163,8.0,7.0,9.0,3.0,7.0,20.0,11.0,55.0,9.0,2.0,22.222,,,,,,,,,,199598.0,270.0,3.0,3.0,2.0,1.83,33.33,0.138,0.113,0.0,0.0,Ethan,Ampadu,2000-09-14,26.01,2.0,4.0,Midfielder,Defensive Midfielder,f1ma05bi3t1hfbflylx5d9tyh,48gk2hpqtsl6p9sx9kjhaydq4,Leeds United FC,Leeds United,Leeds,LEE,199598.0,270.0,3.0,115.0,90.0,78.26,27.0,15.0,55.56,2.0,1.0,50.0,0.0,0.0,0.0,Ethan,Ampadu,2000-09-14,26.01,2.0,4.0,Midfielder,Defensive Midfielder,f1ma05bi3t1hfbflylx5d9tyh,48gk2hpqtsl6p9sx9kjhaydq4,Leeds United FC,Leeds United,Leeds,LEE,199598,f1ma05bi3t1hfbflylx5d9tyh,2,48gk2hpqtsl6p9sx9kjhaydq4
Ethan Nwaneri,499175.0,0.0,0.0,0.0,0.0,0.0,0.0,0.0,0.0,0.0,Ethan,Nwaneri,2007-03-21,19.49,3.0,22.0,Midfielder,Attacking Midfielder,499175,4dsgumo7d4zupm2ugsvm4zm4d,Arsenal FC,Arsenal,Arsenal,ARS,0.0,0.0,0.0,0.0,0.0,0.0,0.0,0.0,0.0,0.0,0.0,0.0,0.0,0.0,0.0,0.0,0.0,0.0,0.0,0.0,0.0,,,,,,,,,,499175.0,0.0,0.0,0.0,0.0,0.0,0.0,0.0,0.0,0.0,0.0,Ethan,Nwaneri,2007-03-21,19.49,3.0,22.0,Midfielder,Attacking Midfielder,499175,4dsgumo7d4zupm2ugsvm4zm4d,Arsenal FC,Arsenal,Arsenal,ARS,499175.0,0.0,0.0,0.0,0.0,0.0,0.0,0.0,0.0,0.0,0.0,0.0,0.0,0.0,0.0,Ethan,Nwaneri,2007-03-21,19.49,3.0,22.0,Midfielder,Attacking Midfielder,499175,4dsgumo7d4zupm2ugsvm4zm4d,Arsenal FC,Arsenal,Arsenal,ARS,499175,499175,3,4dsgumo7d4zupm2ugsvm4zm4d
Ethan Pinnock,231065.0,2.0,102.0,0.0,0.11,-0.11,1.0,0.0,0.0,0.11,Ethan,Pinnock,1993-05-29,33.31,9.0,2.0,Defender,Central Defender,d9a62lhx21b0ym73rxd6mw8h5,dacoc20k0n3fxu4zek8wufmko,Coventry City FC,Coventry City,Coventry,COV,8.0,100.315,5.0,65.94,0.0,0.0,0.0,0.0,12.539,13.188,1.0,2.0,2.0,1.0,11.0,3.0,1.0,33.333,5.0,2.0,40.0,,,,,,,,,,231065.0,102.0,2.0,0.0,0.0,0.0,0.0,0.003,0.003,0.0,0.0,Ethan,Pinnock,1993-05-29,33.31,9.0,2.0,Defender,Central Defender,d9a62lhx21b0ym73rxd6mw8h5,dacoc20k0n3fxu4zek8wufmko,Coventry City FC,Coventry City,Coventry,COV,231065.0,102.0,2.0,24.0,20.0,83.33,5.0,3.0,60.0,0.0,0.0,0.0,0.0,0.0,0.0,Ethan,Pinnock,1993-05-29,33.31,9.0,2.0,Defender,Central Defender,d9a62lhx21b0ym73rxd6mw8h5,dacoc20k0n3fxu4zek8wufmko,Coventry City FC,Coventry City,Coventry,COV,231065,d9a62lhx21b0ym73rxd6mw8h5,9,dacoc20k0n3fxu4zek8wufmko
Evanilson,444102.0,3.0,246.0,0.0,0.71,-0.71,6.0,0.0,0.0,0.12,Francisco Evanilson,de Lima Barbosa,1999-10-06,26.95,91.0,9.0,Forward,Striker,2wl0uylmkzi2ls7v4amgaa1yi,1pse9ta7a45pi2w2grjim70ge,AFC Bournemouth,Bournemouth,Bournemouth,BOU,14.0,182.585,7.0,79.275,2.0,0.0,0.0,0.0,13.042,11.325,1.0,4.0,8.0,0.0,5.0,19.0,8.0,42.105,15.0,8.0,53.333,,,,,,,,,,444102.0,246.0,3.0,3.0,3.0,1.89,0.0,0.267,0.267,2.0,2.0,Francisco Evanilson,de Lima Barbosa,1999-10-06,26.95,91.0,9.0,Forward,Striker,2wl0uylmkzi2ls7v4amgaa1yi,1pse9ta7a45pi2w2grjim70ge,AFC Bournemouth,Bournemouth,Bournemouth,BOU,444102.0,246.0,3.0,57.0,43.0,75.44,20.0,14.0,70.0,0.0,0.0,0.0,0.0,0.0,0.0,Francisco Evanilson,de Lima Barbosa,1999-10-06,26.95,91.0,9.0,Forward,Striker,2wl0uylmkzi2ls7v4amgaa1yi,1pse9ta7a45pi2w2grjim70ge,AFC Bournemouth,Bournemouth,Bournemouth,BOU,444102,2wl0uylmkzi2ls7v4amgaa1yi,91,1pse9ta7a45pi2w2grjim70ge
Evann Guessand,485337.0,2.0,54.0,0.0,0.03,-0.03,1.0,1.0,0.0,0.03,Evann,Guessand,2001-07-01,25.21,31.0,29.0,Forward,Striker,7k0r5crdh9blj3edt31zwy0dm,1c8m2ko0wxq1asfkuykurdr0y,Crystal Palace FC,Crystal Palace,Palace,CRY,4.0,43.678,3.0,41.685,1.0,0.0,0.0,0.0,10.92,13.895,1.0,0.0,0.0,0.0,1.0,7.0,1.0,14.286,1.0,0.0,0.0,,,,,,,,,,485337.0,54.0,2.0,0.0,0.0,0.0,0.0,0.025,0.025,0.0,0.0,Evann,Guessand,2001-07-01,25.21,31.0,29.0,Forward,Striker,7k0r5crdh9blj3edt31zwy0dm,1c8m2ko0wxq1asfkuykurdr0y,Crystal Palace FC,Crystal Palace,Palace,CRY,485337.0,54.0,2.0,15.0,14.0,93.33,7.0,6.0,85.71,1.0,0.0,0.0,0.0,0.0,0.0,Evann,Guessand,2001-07-01,25.21,31.0,29.0,Forward,Striker,7k0r5crdh9blj3edt31zwy0dm,1c8m2ko0wxq1asfkuykurdr0y,Crystal Palace FC,Crystal Palace,Palace,CRY,485337,7k0r5crdh9blj3edt31zwy0dm,31,1c8m2ko0wxq1asfkuykurdr0y
Exequiel Palacios,218543.0,2.0,106.0,0.0,0.0,0.0,0.0,0.0,0.0,0.0,Exequiel,Palacios,1998-10-05,27.95,40.0,25.0,Midfielder,0,6rg37ej1x7pwi7r4aq1107pih,8b523ujgl21tbc01me65q0aoh,Ipswich Town FC,Ipswich Town,Ipswich,IPS,22.0,213.004,8.0,113.19,0.0,0.0,1.0,0.0,9.682,14.149,5.0,4.0,15.0,1.0,0.0,14.0,10.0,71.429,1.0,1.0,100.0,,,,,,,,,,218543.0,106.0,2.0,3.0,3.0,3.95,0.0,0.039,0.038,0.0,0.0,Exequiel,Palacios,1998-10-05,27.95,40.0,25.0,Midfielder,0,6rg37ej1x7pwi7r4aq1107pih,8b523ujgl21tbc01me65q0aoh,Ipswich Town FC,Ipswich Town,Ipswich,IPS,218543.0,106.0,2.0,77.0,66.0,85.71,23.0,18.0,78.26,0.0,0.0,0.0,0.0,0.0,0.0,Exequiel,Palacios,1998-10-05,27.95,40.0,25.0,Midfielder,0,6rg37ej1x7pwi7r4aq1107pih,8b523ujgl21tbc01me65q0aoh,Ipswich Town FC,Ipswich Town,Ipswich,IPS,218543,6rg37ej1x7pwi7r4aq1107pih,40,8b523ujgl21tbc01me65q0aoh
Ezri Konsa,199798.0,2.0,101.0,0.0,0.0,0.0,0.0,0.0,0.0,0.0,Ezri,Konsa,1997-10-23,28.9,3.0,15.0,Defender,Central Defender,8qys6qtdwgsycxducl062zld5,4dsgumo7d4zupm2ugsvm4zm4d,Arsenal FC,Arsenal,Arsenal,ARS,15.0,140.235,7.0,72.345,0.0,0.0,0.0,0.0,9.349,10.335,3.0,1.0,5.0,0.0,7.0,7.0,5.0,71.429,7.0,4.0,57.143,,,,,,,,,,199798.0,101.0,2.0,0.0,0.0,0.0,0.0,0.008,0.007,0.0,0.0,Ezri,Konsa,1997-10-23,28.9,3.0,15.0,Defender,Central Defender,8qys6qtdwgsycxducl062zld5,4dsgumo7d4zupm2ugsvm4zm4d,Arsenal FC,Arsenal,Arsenal,ARS,199798.0,101.0,2.0,53.0,51.0,96.23,4.0,3.0,75.0,0.0,0.0,0.0,0.0,0.0,0.0,Ezri,Konsa,1997-10-23,28.9,3.0,15.0,Defender,Central Defender,8qys6qtdwgsycxducl062zld5,4dsgumo7d4zupm2ugsvm4zm4d,Arsenal FC,Arsenal,Arsenal,ARS,199798,8qys6qtdwgsycxducl062zld5,3,4dsgumo7d4zupm2ugsvm4zm4d
Fabian Schär,119471.0,1.0,1.0,0.0,0.0,0.0,0.0,0.0,0.0,0.0,Fabian,Schär,1991-12-20,34.75,4.0,5.0,Defender,Central Defender,dxxc4dioaioidmvamkzqr4b85,7vn2i2kd35zuetw6b38gw9jsz,Newcastle United FC,Newcastle United,Newcastle,NEW,0.0,0.0,0.0,0.0,0.0,0.0,0.0,0.0,0.0,0.0,0.0,0.0,0.0,0.0,0.0,0.0,0.0,0.0,0.0,0.0,0.0,,,,,,,,,,119471.0,1.0,1.0,0.0,0.0,0.0,0.0,0.0,0.0,0.0,0.0,Fabian,Schär,1991-12-20,34.75,4.0,5.0,Defender,Central Defender,dxxc4dioaioidmvamkzqr4b85,7vn2i2kd35zuetw6b38gw9jsz,Newcastle United FC,Newcastle United,Newcastle,NEW,119471.0,1.0,1.0,0.0,0.0,0.0,0.0,0.0,0.0,0.0,0.0,0.0,0.0,0.0,0.0,Fabian,Schär,1991-12-20,34.75,4.0,5.0,Defender,Central Defender,dxxc4dioaioidmvamkzqr4b85,7vn2i2kd35zuetw6b38gw9jsz,Newcastle United FC,Newcastle United,Newcastle,NEW,119471,dxxc4dioaioidmvamkzqr4b85,4,7vn2i2kd35zuetw6b38gw9jsz
Ferdi Kadioglu,231416.0,2.0,168.0,0.0,0.08,-0.08,3.0,1.0,0.0,0.03,Ferdi,Kadioglu,1999-10-07,26.95,36.0,24.0,Defender,Full Back,1lbbxbar7u6t3rl463zd7jp49,e5p0ehyguld7egzhiedpdnc3w,Brighton & Hove Albion FC,Brighton & Hove Albion,Brighton,BHA,17.0,176.999,11.0,116.34,0.0,0.0,1.0,0.0,10.412,10.576,1.0,1.0,4.0,0.0,3.0,6.0,3.0,50.0,2.0,0.0,0.0,,,,,,,,,,231416.0,168.0,2.0,2.0,2.0,2.27,0.0,0.024,0.023,0.0,0.0,Ferdi,Kadioglu,1999-10-07,26.95,36.0,24.0,Defender,Full Back,1lbbxbar7u6t3rl463zd7jp49,e5p0ehyguld7egzhiedpdnc3w,Brighton & Hove Albion FC,Brighton & Hove Albion,Brighton,BHA,231416.0,168.0,2.0,89.0,80.0,89.89,27.0,23.0,85.19,3.0,0.0,0.0,0.0,0.0,0.0,Ferdi,Kadioglu,1999-10-07,26.95,36.0,24.0,Defender,Full Back,1lbbxbar7u6t3rl463zd7jp49,e5p0ehyguld7egzhiedpdnc3w,Brighton & Hove Albion FC,Brighton & Hove Albion,Brighton,BHA,231416,1lbbxbar7u6t3rl463zd7jp49,36,e5p0ehyguld7egzhiedpdnc3w
Florentino,216055.0,0.0,0.0,0.0,0.0,0.0,0.0,0.0,0.0,0.0,Florentino Ibrain,Morris Luís,1999-08-19,27.08,40.0,12.0,Midfielder,Defensive Midfielder,216055,8b523ujgl21tbc01me65q0aoh,Ipswich Town FC,Ipswich Town,Ipswich,IPS,0.0,0.0,0.0,0.0,0.0,0.0,0.0,0.0,0.0,0.0,0.0,0.0,0.0,0.0,0.0,0.0,0.0,0.0,0.0,0.0,0.0,,,,,,,,,,216055.0,0.0,0.0,0.0,0.0,0.0,0.0,0.0,0.0,0.0,0.0,Florentino Ibrain,Morris Luís,1999-08-19,27.08,40.0,12.0,Midfielder,Defensive Midfielder,216055,8b523ujgl21tbc01me65q0aoh,Ipswich Town FC,Ipswich Town,Ipswich,IPS,216055.0,0.0,0.0,0.0,0.0,0.0,0.0,0.0,0.0,0.0,0.0,0.0,0.0,0.0,0.0,Florentino Ibrain,Morris Luís,1999-08-19,27.08,40.0,12.0,Midfielder,Defensive Midfielder,216055,8b523ujgl21tbc01me65q0aoh,Ipswich Town FC,Ipswich Town,Ipswich,IPS,216055,216055,40,8b523ujgl21tbc01me65q0aoh
Florian Wirtz,494595.0,3.0,242.0,0.0,0.66,-0.66,7.0,3.0,0.0,0.09,Florian,Wirtz,2003-05-03,23.38,14.0,7.0,Midfielder,Attacking Midfielder,2k5g68ywtr79lc45wozvifqlm,c8h9bw1l82s06h77xxrelzhur,Liverpool FC,Liverpool,Liverpool,LIV,33.0,345.7,17.0,79.17,1.0,0.0,2.0,1.0,10.476,4.657,4.0,0.0,15.0,0.0,0.0,27.0,11.0,40.741,4.0,3.0,75.0,,,,,,,,,,494595.0,242.0,3.0,4.0,4.0,2.31,0.0,0.288,0.288,1.0,1.0,Florian,Wirtz,2003-05-03,23.38,14.0,7.0,Midfielder,Attacking Midfielder,2k5g68ywtr79lc45wozvifqlm,c8h9bw1l82s06h77xxrelzhur,Liverpool FC,Liverpool,Liverpool,LIV,494595.0,242.0,3.0,135.0,111.0,82.22,61.0,40.0,65.57,3.0,0.0,0.0,2.0,1.0,50.0,Florian,Wirtz,2003-05-03,23.38,14.0,7.0,Midfielder,Attacking Midfielder,2k5g68ywtr79lc45wozvifqlm,c8h9bw1l82s06h77xxrelzhur,Liverpool FC,Liverpool,Liverpool,LIV,494595,2k5g68ywtr79lc45wozvifqlm,14,c8h9bw1l82s06h77xxrelzhur
Floyd Samba,595480.0,0.0,0.0,0.0,0.0,0.0,0.0,0.0,0.0,0.0,Floyd,Samba,2009-01-15,17.67,43.0,75.0,Midfielder,0,595480,a3nyxabgsqlnqfkeg41m6tnpp,Manchester City FC,Manchester City,Man City,MCI,0.0,0.0,0.0,0.0,0.0,0.0,0.0,0.0,0.0,0.0,0.0,0.0,0.0,0.0,0.0,0.0,0.0,0.0,0.0,0.0,0.0,,,,,,,,,,595480.0,0.0,0.0,0.0,0.0,0.0,0.0,0.0,0.0,0.0,0.0,Floyd,Samba,2009-01-15,17.67,43.0,75.0,Midfielder,0,595480,a3nyxabgsqlnqfkeg41m6tnpp,Manchester City FC,Manchester City,Man City,MCI,595480.0,0.0,0.0,0.0,0.0,0.0,0.0,0.0,0.0,0.0,0.0,0.0,0.0,0.0,0.0,Floyd,Samba,2009-01-15,17.67,43.0,75.0,Midfielder,0,595480,a3nyxabgsqlnqfkeg41m6tnpp,Manchester City FC,Manchester City,Man City,MCI,595480,595480,43,a3nyxabgsqlnqfkeg41m6tnpp
Frank Onyeka,428580.0,2.0,153.0,0.0,0.0,0.0,0.0,0.0,0.0,0.0,Frank,Onyeka,1998-01-01,28.71,9.0,16.0,Midfielder,Central Midfielder,34b0oqo4725okjxxngin9piw9,dacoc20k0n3fxu4zek8wufmko,Coventry City FC,Coventry City,Coventry,COV,14.0,99.335,3.0,10.08,0.0,0.0,0.0,0.0,7.095,3.36,2.0,3.0,7.0,0.0,0.0,8.0,3.0,37.5,1.0,1.0,100.0,,,,,,,,,,428580.0,153.0,2.0,0.0,0.0,0.0,0.0,0.009,0.009,0.0,0.0,Frank,Onyeka,1998-01-01,28.71,9.0,16.0,Midfielder,Central Midfielder,34b0oqo4725okjxxngin9piw9,dacoc20k0n3fxu4zek8wufmko,Coventry City FC,Coventry City,Coventry,COV,428580.0,153.0,2.0,39.0,27.0,69.23,11.0,5.0,45.45,0.0,0.0,0.0,0.0,0.0,0.0,Frank,Onyeka,1998-01-01,28.71,9.0,16.0,Midfielder,Central Midfielder,34b0oqo4725okjxxngin9piw9,dacoc20k0n3fxu4zek8wufmko,Coventry City FC,Coventry City,Coventry,COV,428580,34b0oqo4725okjxxngin9piw9,9,dacoc20k0n3fxu4zek8wufmko
Fábio Carvalho,244858.0,0.0,0.0,0.0,0.0,0.0,0.0,0.0,0.0,0.0,Fábio Leandro,Freitas Gouveia de Carvalho,2002-08-30,24.05,94.0,14.0,Midfielder,Attacking Midfielder,244858,7yx5dqhhphyvfisohikodajhv,Brentford FC,Brentford,Brentford,BRE,0.0,0.0,0.0,0.0,0.0,0.0,0.0,0.0,0.0,0.0,0.0,0.0,0.0,0.0,0.0,0.0,0.0,0.0,0.0,0.0,0.0,,,,,,,,,,244858.0,0.0,0.0,0.0,0.0,0.0,0.0,0.0,0.0,0.0,0.0,Fábio Leandro,Freitas Gouveia de Carvalho,2002-08-30,24.05,94.0,14.0,Midfielder,Attacking Midfielder,244858,7yx5dqhhphyvfisohikodajhv,Brentford FC,Brentford,Brentford,BRE,244858.0,0.0,0.0,0.0,0.0,0.0,0.0,0.0,0.0,0.0,0.0,0.0,0.0,0.0,0.0,Fábio Leandro,Freitas Gouveia de Carvalho,2002-08-30,24.05,94.0,14.0,Midfielder,Attacking Midfielder,244858,7yx5dqhhphyvfisohikodajhv,Brentford FC,Brentford,Brentford,BRE,244858,244858,94,7yx5dqhhphyvfisohikodajhv
Gabriel Gudmundsson,243526.0,1.0,90.0,0.0,0.0,0.0,0.0,0.0,0.0,0.0,Gabriel,Gudmundsson,1999-04-29,27.39,2.0,3.0,Defender,Full Back,fij46jr9fq43444gr1y8tl9l,48gk2hpqtsl6p9sx9kjhaydq4,Leeds United FC,Leeds United,Leeds,LEE,9.0,127.485,9.0,121.38,0.0,0.0,0.0,0.0,14.165,13.487,3.0,0.0,9.0,0.0,2.0,10.0,6.0,60.0,2.0,2.0,100.0,,,,,,,,,,243526.0,90.0,1.0,0.0,0.0,0.0,0.0,0.002,0.002,0.0,0.0,Gabriel,Gudmundsson,1999-04-29,27.39,2.0,3.0,Defender,Full Back,fij46jr9fq43444gr1y8tl9l,48gk2hpqtsl6p9sx9kjhaydq4,Leeds United FC,Leeds United,Leeds,LEE,243526.0,90.0,1.0,26.0,16.0,61.54,7.0,2.0,28.57,2.0,0.0,0.0,0.0,0.0,0.0,Gabriel,Gudmundsson,1999-04-29,27.39,2.0,3.0,Defender,Full Back,fij46jr9fq43444gr1y8tl9l,48gk2hpqtsl6p9sx9kjhaydq4,Leeds United FC,Leeds United,Leeds,LEE,243526,fij46jr9fq43444gr1y8tl9l,2,48gk2hpqtsl6p9sx9kjhaydq4
Gabriel Magalhães,226597.0,3.0,270.0,0.0,0.49,-0.49,4.0,2.0,0.0,0.12,Gabriel,dos Santos Magalhães,1997-12-19,28.75,3.0,6.0,Defender,Central Defender,8libvn3hxypz8x7gm4mr7kj55,4dsgumo7d4zupm2ugsvm4zm4d,Arsenal FC,Arsenal,Arsenal,ARS,39.0,373.453,20.0,214.62,0.0,0.0,0.0,0.0,9.576,10.731,2.0,4.0,11.0,1.0,14.0,10.0,5.0,50.0,9.0,2.0,22.222,,,,,,,,,,226597.0,270.0,3.0,0.0,0.0,0.0,0.0,0.049,0.049,0.0,0.0,Gabriel,dos Santos Magalhães,1997-12-19,28.75,3.0,6.0,Defender,Central Defender,8libvn3hxypz8x7gm4mr7kj55,4dsgumo7d4zupm2ugsvm4zm4d,Arsenal FC,Arsenal,Arsenal,ARS,226597.0,270.0,3.0,169.0,154.0,91.12,34.0,27.0,79.41,1.0,0.0,0.0,0.0,0.0,0.0,Gabriel,dos Santos Magalhães,1997-12-19,28.75,3.0,6.0,Defender,Central Defender,8libvn3hxypz8x7gm4mr7kj55,4dsgumo7d4zupm2ugsvm4zm4d,Arsenal FC,Arsenal,Arsenal,ARS,226597,8libvn3hxypz8x7gm4mr7kj55,3,4dsgumo7d4zupm2ugsvm4zm4d
George Hemmings,577285.0,3.0,236.0,0.0,0.07,-0.07,1.0,1.0,0.0,0.07,George,Hemmings,2007-03-04,19.54,7.0,53.0,Midfielder,Central Midfielder,ak6mqx5tyz1duwg1u3v4fwfmc,b496gs285it6bheuikox6z9mj,Aston Villa FC,Aston Villa,Villa,AVL,20.0,235.006,13.0,145.53,0.0,0.0,2.0,0.0,11.75,11.195,6.0,0.0,10.0,0.0,2.0,21.0,9.0,42.857,10.0,4.0,40.0,,,,,,,,,,577285.0,236.0,3.0,2.0,2.0,4.17,0.0,0.15,0.15,0.0,0.0,George,Hemmings,2007-03-04,19.54,7.0,53.0,Midfielder,Central Midfielder,ak6mqx5tyz1duwg1u3v4fwfmc,b496gs285it6bheuikox6z9mj,Aston Villa FC,Aston Villa,Villa,AVL,577285.0,236.0,3.0,48.0,33.0,68.75,17.0,10.0,58.82,2.0,0.0,0.0,1.0,0.0,0.0,George,Hemmings,2007-03-04,19.54,7.0,53.0,Midfielder,Central Midfielder,ak6mqx5tyz1duwg1u3v4fwfmc,b496gs285it6bheuikox6z9mj,Aston Villa FC,Aston Villa,Villa,AVL,577285,ak6mqx5tyz1duwg1u3v4fwfmc,7,b496gs285it6bheuikox6z9mj
Georginio Rutter,463067.0,1.0,90.0,0.0,0.08,-0.08,2.0,0.0,0.0,0.04,Georginio,Rutter,2002-04-20,24.41,36.0,10.0,Forward,Striker,e8ekkg0yayhhmmhinl0v9une,e5p0ehyguld7egzhiedpdnc3w,Brighton & Hove Albion FC,Brighton & Hove Albion,Brighton,BHA,6.0,89.353,5.0,83.895,0.0,0.0,1.0,1.0,14.892,16.779,2.0,0.0,4.0,0.0,1.0,9.0,4.0,44.444,0.0,0.0,0.0,,,,,,,,,,463067.0,90.0,1.0,1.0,1.0,0.0,0.0,0.443,0.443,1.0,1.0,Georginio,Rutter,2002-04-20,24.41,36.0,10.0,Forward,Striker,e8ekkg0yayhhmmhinl0v9une,e5p0ehyguld7egzhiedpdnc3w,Brighton & Hove Albion FC,Brighton & Hove Albion,Brighton,BHA,463067.0,90.0,1.0,12.0,7.0,58.33,7.0,5.0,71.43,0.0,0.0,0.0,0.0,0.0,0.0,Georginio,Rutter,2002-04-20,24.41,36.0,10.0,Forward,Striker,e8ekkg0yayhhmmhinl0v9une,e5p0ehyguld7egzhiedpdnc3w,Brighton & Hove Albion FC,Brighton & Hove Albion,Brighton,BHA,463067,e8ekkg0yayhhmmhinl0v9une,36,e5p0ehyguld7egzhiedpdnc3w
Geovany Quenda,593117.0,1.0,8.0,0.0,0.0,0.0,0.0,0.0,0.0,0.0,Geovany,Tcherno Quenda,2007-04-30,19.38,8.0,23.0,Midfielder,Winger,9c82id3h8v3cahh5fpwtzqlg4,9q0arba2kbnywth8bkxlhgmdr,Chelsea FC,Chelsea,Chelsea,CHE,0.0,0.0,0.0,0.0,0.0,0.0,0.0,0.0,0.0,0.0,0.0,0.0,0.0,0.0,1.0,0.0,0.0,0.0,0.0,0.0,0.0,,,,,,,,,,593117.0,8.0,1.0,0.0,0.0,0.0,0.0,0.0,0.0,0.0,0.0,Geovany,Tcherno Quenda,2007-04-30,19.38,8.0,23.0,Midfielder,Winger,9c82id3h8v3cahh5fpwtzqlg4,9q0arba2kbnywth8bkxlhgmdr,Chelsea FC,Chelsea,Chelsea,CHE,593117.0,8.0,1.0,4.0,2.0,50.0,1.0,0.0,0.0,0.0,0.0,0.0,0.0,0.0,0.0,Geovany,Tcherno Quenda,2007-04-30,19.38,8.0,23.0,Midfielder,Winger,9c82id3h8v3cahh5fpwtzqlg4,9q0arba2kbnywth8bkxlhgmdr,Chelsea FC,Chelsea,Chelsea,CHE,593117,9c82id3h8v3cahh5fpwtzqlg4,8,9q0arba2kbnywth8bkxlhgmdr
Gianluigi Donnarumma,,,,,,,,,,,,,,,,,,,,,,,,,,,,,,,,,,,,,,,,,,,,,,270.0,100.0,1.0,2.0,7.0,77.78,2.5,3.0,3.5,,,,,,,,,,,,,,,,,,,,,,,,,,,,,,,,,,,,,,,,,,,,,,,,,,,,,,,204936,4cetkl0w2uq40ccti5ka6a4t1,43,a3nyxabgsqlnqfkeg41m6tnpp
Gonzalo García,551466.0,3.0,270.0,1.0,1.45,-0.45,11.0,1.0,9.09,0.13,Gonzalo,García,2004-03-24,22.48,54.0,7.0,Forward,Winger,4o9d3hpjlicgce9gtbewyzhn8,hzqh7z0mdl3v7gwete66syxp,Fulham FC,Fulham,Fulham,FUL,18.0,172.828,5.0,39.9,3.0,0.0,0.0,0.0,9.602,7.98,2.0,1.0,6.0,1.0,3.0,26.0,9.0,34.615,19.0,10.0,52.632,,,,,,,,,,551466.0,270.0,3.0,1.0,1.0,1.54,0.0,0.221,0.221,0.0,0.0,Gonzalo,García,2004-03-24,22.48,54.0,7.0,Forward,Winger,4o9d3hpjlicgce9gtbewyzhn8,hzqh7z0mdl3v7gwete66syxp,Fulham FC,Fulham,Fulham,FUL,551466.0,270.0,3.0,66.0,52.0,78.79,24.0,18.0,75.0,3.0,0.0,0.0,0.0,0.0,0.0,Gonzalo,García,2004-03-24,22.48,54.0,7.0,Forward,Winger,4o9d3hpjlicgce9gtbewyzhn8,hzqh7z0mdl3v7gwete66syxp,Fulham FC,Fulham,Fulham,FUL,551466,4o9d3hpjlicgce9gtbewyzhn8,54,hzqh7z0mdl3v7gwete66syxp
Granit Xhaka,84450.0,3.0,270.0,0.0,0.06,-0.06,1.0,0.0,0.0,0.06,Granit,Xhaka,1992-09-27,33.98,56.0,34.0,Midfielder,Defensive Midfielder,6264xjr1y00yu7b9j2pknalzp,1r3545b2dzan8yqa80gtmcjch,Sunderland AFC,Sunderland,Sunderland,SUN,31.0,327.867,15.0,212.31,0.0,0.0,0.0,0.0,10.576,14.154,5.0,4.0,23.0,2.0,1.0,21.0,14.0,66.667,7.0,4.0,57.143,,,,,,,,,,84450.0,270.0,3.0,7.0,3.0,1.68,57.14,0.566,0.43,0.0,0.0,Granit,Xhaka,1992-09-27,33.98,56.0,34.0,Midfielder,Defensive Midfielder,6264xjr1y00yu7b9j2pknalzp,1r3545b2dzan8yqa80gtmcjch,Sunderland AFC,Sunderland,Sunderland,SUN,84450.0,270.0,3.0,189.0,163.0,86.24,65.0,47.0,72.31,4.0,1.0,25.0,3.0,2.0,66.67,Granit,Xhaka,1992-09-27,33.98,56.0,34.0,Midfielder,Defensive Midfielder,6264xjr1y00yu7b9j2pknalzp,1r3545b2dzan8yqa80gtmcjch,Sunderland AFC,Sunderland,Sunderland,SUN,84450,6264xjr1y00yu7b9j2pknalzp,56,1r3545b2dzan8yqa80gtmcjch
Gustavo Hamer,196100.0,3.0,32.0,0.0,0.0,0.0,0.0,0.0,0.0,0.0,Gustavo,Hamer,1997-06-24,29.24,9.0,38.0,Midfielder,Central Midfielder,7gjpyajgsq0pd71bq30m69xpl,dacoc20k0n3fxu4zek8wufmko,Coventry City FC,Coventry City,Coventry,COV,3.0,47.07,2.0,34.23,0.0,0.0,0.0,0.0,15.69,17.115,1.0,0.0,2.0,0.0,0.0,6.0,1.0,16.667,3.0,1.0,33.333,,,,,,,,,,196100.0,32.0,3.0,0.0,0.0,0.0,0.0,0.018,0.018,0.0,0.0,Gustavo,Hamer,1997-06-24,29.24,9.0,38.0,Midfielder,Central Midfielder,7gjpyajgsq0pd71bq30m69xpl,dacoc20k0n3fxu4zek8wufmko,Coventry City FC,Coventry City,Coventry,COV,196100.0,32.0,3.0,21.0,17.0,80.95,10.0,8.0,80.0,0.0,0.0,0.0,0.0,0.0,0.0,Gustavo,Hamer,1997-06-24,29.24,9.0,38.0,Midfielder,Central Midfielder,7gjpyajgsq0pd71bq30m69xpl,dacoc20k0n3fxu4zek8wufmko,Coventry City FC,Coventry City,Coventry,COV,196100,7gjpyajgsq0pd71bq30m69xpl,9,dacoc20k0n3fxu4zek8wufmko
Habib Diarra,547027.0,2.0,28.0,0.0,0.03,-0.03,1.0,0.0,0.0,0.03,Habib,Diarra,2004-01-03,22.7,56.0,19.0,Midfielder,0,egtyl4noukbjkm1va1i11e87o,1r3545b2dzan8yqa80gtmcjch,Sunderland AFC,Sunderland,Sunderland,SUN,2.0,21.07,1.0,8.925,0.0,0.0,0.0,0.0,10.535,8.925,0.0,0.0,0.0,0.0,0.0,2.0,0.0,0.0,1.0,1.0,100.0,,,,,,,,,,547027.0,28.0,2.0,1.0,1.0,0.0,0.0,0.159,0.159,1.0,1.0,Habib,Diarra,2004-01-03,22.7,56.0,19.0,Midfielder,0,egtyl4noukbjkm1va1i11e87o,1r3545b2dzan8yqa80gtmcjch,Sunderland AFC,Sunderland,Sunderland,SUN,547027.0,28.0,2.0,9.0,9.0,100.0,2.0,2.0,100.0,0.0,0.0,0.0,0.0,0.0,0.0,Habib,Diarra,2004-01-03,22.7,56.0,19.0,Midfielder,0,egtyl4noukbjkm1va1i11e87o,1r3545b2dzan8yqa80gtmcjch,Sunderland AFC,Sunderland,Sunderland,SUN,547027,egtyl4noukbjkm1va1i11e87o,56,1r3545b2dzan8yqa80gtmcjch
Harrison Armstrong,609873.0,3.0,266.0,0.0,0.09,-0.09,2.0,0.0,0.0,0.05,Harrison,Armstrong,2007-01-19,19.66,11.0,45.0,Midfielder,Central Midfielder,d84upyw8b3umj864lyffolyj8,ehd2iemqmschhj2ec0vayztzz,Everton FC,Everton,Everton,EVE,30.0,335.321,11.0,93.87,1.0,0.0,1.0,0.0,11.177,8.534,6.0,3.0,15.0,1.0,5.0,22.0,9.0,40.909,5.0,1.0,20.0,,,,,,,,,,609873.0,266.0,3.0,2.0,2.0,1.18,0.0,0.095,0.095,1.0,1.0,Harrison,Armstrong,2007-01-19,19.66,11.0,45.0,Midfielder,Central Midfielder,d84upyw8b3umj864lyffolyj8,ehd2iemqmschhj2ec0vayztzz,Everton FC,Everton,Everton,EVE,609873.0,266.0,3.0,85.0,77.0,90.59,34.0,28.0,82.35,1.0,0.0,0.0,0.0,0.0,0.0,Harrison,Armstrong,2007-01-19,19.66,11.0,45.0,Midfielder,Central Midfielder,d84upyw8b3umj864lyffolyj8,ehd2iemqmschhj2ec0vayztzz,Everton FC,Everton,Everton,EVE,609873,d84upyw8b3umj864lyffolyj8,11,ehd2iemqmschhj2ec0vayztzz
Harrison Reed,153366.0,0.0,0.0,0.0,0.0,0.0,0.0,0.0,0.0,0.0,Harrison,Reed,1995-01-27,31.64,54.0,6.0,Midfielder,Central Midfielder,153366,hzqh7z0mdl3v7gwete66syxp,Fulham FC,Fulham,Fulham,FUL,0.0,0.0,0.0,0.0,0.0,0.0,0.0,0.0,0.0,0.0,0.0,0.0,0.0,0.0,0.0,0.0,0.0,0.0,0.0,0.0,0.0,,,,,,,,,,153366.0,0.0,0.0,0.0,0.0,0.0,0.0,0.0,0.0,0.0,0.0,Harrison,Reed,1995-01-27,31.64,54.0,6.0,Midfielder,Central Midfielder,153366,hzqh7z0mdl3v7gwete66syxp,Fulham FC,Fulham,Fulham,FUL,153366.0,0.0,0.0,0.0,0.0,0.0,0.0,0.0,0.0,0.0,0.0,0.0,0.0,0.0,0.0,Harrison,Reed,1995-01-27,31.64,54.0,6.0,Midfielder,Central Midfielder,153366,hzqh7z0mdl3v7gwete66syxp,Fulham FC,Fulham,Fulham,FUL,153366,153366,54,hzqh7z0mdl3v7gwete66syxp
Harry Maguire,95658.0,3.0,270.0,0.0,0.08,-0.08,3.0,1.0,0.0,0.03,Harry,Maguire,1993-03-05,33.54,1.0,5.0,Defender,Central Defender,1vz038uyzmq8saskeeo0qhm8l,6eqit8ye8aomdsrrq0hk3v7gh,Manchester United FC,Manchester United,Man Utd,MUN,66.0,772.974,48.0,510.825,1.0,0.0,0.0,0.0,11.712,10.642,1.0,4.0,11.0,1.0,15.0,8.0,4.0,50.0,15.0,12.0,80.0,,,,,,,,,,95658.0,270.0,3.0,2.0,2.0,1.08,0.0,0.422,0.422,0.0,0.0,Harry,Maguire,1993-03-05,33.54,1.0,5.0,Defender,Central Defender,1vz038uyzmq8saskeeo0qhm8l,6eqit8ye8aomdsrrq0hk3v7gh,Manchester United FC,Manchester United,Man Utd,MUN,95658.0,270.0,3.0,191.0,170.0,89.01,39.0,32.0,82.05,2.0,1.0,50.0,0.0,0.0,0.0,Harry,Maguire,1993-03-05,33.54,1.0,5.0,Defender,Central Defender,1vz038uyzmq8saskeeo0qhm8l,6eqit8ye8aomdsrrq0hk3v7gh,Manchester United FC,Manchester United,Man Utd,MUN,95658,1vz038uyzmq8saskeeo0qhm8l,1,6eqit8ye8aomdsrrq0hk3v7gh
Harry Wilson,153682.0,3.0,128.0,0.0,0.01,-0.01,1.0,0.0,0.0,0.01,Harry,Wilson,1997-03-22,29.49,2.0,10.0,Forward,Winger,dlpk0a4jgiswcm2r75uh1czpx,48gk2hpqtsl6p9sx9kjhaydq4,Leeds United FC,Leeds United,Leeds,LEE,11.0,116.39,4.0,17.43,0.0,0.0,2.0,0.0,10.581,4.358,3.0,2.0,4.0,0.0,0.0,12.0,6.0,50.0,1.0,0.0,0.0,,,,,,,,,,153682.0,128.0,3.0,4.0,4.0,12.5,0.0,0.066,0.044,0.0,0.0,Harry,Wilson,1997-03-22,29.49,2.0,10.0,Forward,Winger,dlpk0a4jgiswcm2r75uh1czpx,48gk2hpqtsl6p9sx9kjhaydq4,Leeds United FC,Leeds United,Leeds,LEE,153682.0,128.0,3.0,35.0,31.0,88.57,14.0,13.0,92.86,2.0,0.0,0.0,0.0,0.0,0.0,Harry,Wilson,1997-03-22,29.49,2.0,10.0,Forward,Winger,dlpk0a4jgiswcm2r75uh1czpx,48gk2hpqtsl6p9sx9kjhaydq4,Leeds United FC,Leeds United,Leeds,LEE,153682,dlpk0a4jgiswcm2r75uh1czpx,2,48gk2hpqtsl6p9sx9kjhaydq4
Harvey Barnes,201666.0,3.0,269.0,1.0,0.22,0.78,4.0,1.0,25.0,0.06,Harvey,Barnes,1997-12-09,28.78,4.0,11.0,Midfielder,Winger,18paf5a7rfe4kutxjl4cwd695,7vn2i2kd35zuetw6b38gw9jsz,Newcastle United FC,Newcastle United,Newcastle,NEW,22.0,259.224,9.0,94.29,1.0,1.0,0.0,0.0,11.783,10.477,3.0,2.0,8.0,0.0,5.0,22.0,11.0,50.0,1.0,0.0,0.0,,,,,,,,,,201666.0,269.0,3.0,2.0,2.0,4.08,0.0,0.063,0.063,0.0,0.0,Harvey,Barnes,1997-12-09,28.78,4.0,11.0,Midfielder,Winger,18paf5a7rfe4kutxjl4cwd695,7vn2i2kd35zuetw6b38gw9jsz,Newcastle United FC,Newcastle United,Newcastle,NEW,201666.0,269.0,3.0,49.0,39.0,79.59,21.0,15.0,71.43,2.0,0.0,0.0,0.0,0.0,0.0,Harvey,Barnes,1997-12-09,28.78,4.0,11.0,Midfielder,Winger,18paf5a7rfe4kutxjl4cwd695,7vn2i2kd35zuetw6b38gw9jsz,Newcastle United FC,Newcastle United,Newcastle,NEW,201666,18paf5a7rfe4kutxjl4cwd695,4,7vn2i2kd35zuetw6b38gw9jsz
Hayden Hackney,244860.0,3.0,122.0,0.0,0.05,-0.05,2.0,0.0,0.0,0.02,Hayden,Hackney,2002-06-26,24.23,11.0,30.0,Midfielder,Central Midfielder,6abbvs1wnj2hsz5isnbwdyctm,ehd2iemqmschhj2ec0vayztzz,Everton FC,Everton,Everton,EVE,18.0,225.484,12.0,152.25,1.0,0.0,0.0,0.0,12.527,12.688,3.0,2.0,5.0,1.0,0.0,13.0,6.0,46.154,1.0,0.0,0.0,,,,,,,,,,244860.0,122.0,3.0,3.0,2.0,1.37,33.33,0.11,0.047,1.0,1.0,Hayden,Hackney,2002-06-26,24.23,11.0,30.0,Midfielder,Central Midfielder,6abbvs1wnj2hsz5isnbwdyctm,ehd2iemqmschhj2ec0vayztzz,Everton FC,Everton,Everton,EVE,244860.0,122.0,3.0,75.0,67.0,89.33,24.0,19.0,79.17,1.0,0.0,0.0,0.0,0.0,0.0,Hayden,Hackney,2002-06-26,24.23,11.0,30.0,Midfielder,Central Midfielder,6abbvs1wnj2hsz5isnbwdyctm,ehd2iemqmschhj2ec0vayztzz,Everton FC,Everton,Everton,EVE,244860,6abbvs1wnj2hsz5isnbwdyctm,11,ehd2iemqmschhj2ec0vayztzz
Hidemasa Morita,445028.0,1.0,45.0,0.0,0.0,0.0,0.0,0.0,0.0,0.0,Hidemasa,Morita,1995-05-10,31.36,88.0,5.0,Midfielder,Central Midfielder,d9i8y5vlymc2yggwxrax8wcbu,f0figafm2v9h8ofo6slajj7xf,Hull City AFC,Hull City,Hull,HUL,2.0,12.304,0.0,-0.84,0.0,0.0,0.0,0.0,6.152,0.0,0.0,0.0,1.0,1.0,1.0,3.0,2.0,66.667,2.0,1.0,50.0,,,,,,,,,,445028.0,45.0,1.0,1.0,1.0,6.67,0.0,0.001,0.001,0.0,0.0,Hidemasa,Morita,1995-05-10,31.36,88.0,5.0,Midfielder,Central Midfielder,d9i8y5vlymc2yggwxrax8wcbu,f0figafm2v9h8ofo6slajj7xf,Hull City AFC,Hull City,Hull,HUL,445028.0,45.0,1.0,15.0,12.0,80.0,2.0,0.0,0.0,1.0,0.0,0.0,1.0,0.0,0.0,Hidemasa,Morita,1995-05-10,31.36,88.0,5.0,Midfielder,Central Midfielder,d9i8y5vlymc2yggwxrax8wcbu,f0figafm2v9h8ofo6slajj7xf,Hull City AFC,Hull City,Hull,HUL,445028,d9i8y5vlymc2yggwxrax8wcbu,88,f0figafm2v9h8ofo6slajj7xf
Hugo Larsson,551050.0,1.0,11.0,0.0,0.13,-0.13,1.0,0.0,0.0,0.13,Hugo,Larsson,2004-06-27,22.22,54.0,15.0,Midfielder,Central Midfielder,elwm97xvha0y0t8yqx5sur9ck,hzqh7z0mdl3v7gwete66syxp,Fulham FC,Fulham,Fulham,FUL,1.0,7.279,1.0,5.565,0.0,0.0,0.0,0.0,7.279,5.565,1.0,0.0,0.0,0.0,0.0,2.0,1.0,50.0,0.0,0.0,0.0,,,,,,,,,,551050.0,11.0,1.0,0.0,0.0,0.0,0.0,0.221,0.221,0.0,0.0,Hugo,Larsson,2004-06-27,22.22,54.0,15.0,Midfielder,Central Midfielder,elwm97xvha0y0t8yqx5sur9ck,hzqh7z0mdl3v7gwete66syxp,Fulham FC,Fulham,Fulham,FUL,551050.0,11.0,1.0,17.0,14.0,82.35,8.0,5.0,62.5,0.0,0.0,0.0,0.0,0.0,0.0,Hugo,Larsson,2004-06-27,22.22,54.0,15.0,Midfielder,Central Midfielder,elwm97xvha0y0t8yqx5sur9ck,hzqh7z0mdl3v7gwete66syxp,Fulham FC,Fulham,Fulham,FUL,551050,elwm97xvha0y0t8yqx5sur9ck,54,hzqh7z0mdl3v7gwete66syxp
Ian Maatsen,441302.0,3.0,247.0,0.0,0.1,-0.1,3.0,0.0,0.0,0.03,Ian,Maatsen,2002-03-10,24.52,7.0,22.0,Defender,Full Back,9ysvzu336d2ahptkv7eoscl7u,b496gs285it6bheuikox6z9mj,Aston Villa FC,Aston Villa,Villa,AVL,26.0,366.579,17.0,203.595,2.0,0.0,0.0,0.0,14.099,11.976,6.0,5.0,4.0,0.0,9.0,22.0,7.0,31.818,2.0,1.0,50.0,,,,,,,,,,441302.0,247.0,3.0,1.0,1.0,1.61,0.0,0.425,0.425,0.0,0.0,Ian,Maatsen,2002-03-10,24.52,7.0,22.0,Defender,Full Back,9ysvzu336d2ahptkv7eoscl7u,b496gs285it6bheuikox6z9mj,Aston Villa FC,Aston Villa,Villa,AVL,441302.0,247.0,3.0,63.0,55.0,87.3,26.0,22.0,84.62,3.0,1.0,33.33,0.0,0.0,0.0,Ian,Maatsen,2002-03-10,24.52,7.0,22.0,Defender,Full Back,9ysvzu336d2ahptkv7eoscl7u,b496gs285it6bheuikox6z9mj,Aston Villa FC,Aston Villa,Villa,AVL,441302,9ysvzu336d2ahptkv7eoscl7u,7,b496gs285it6bheuikox6z9mj
Ibrahim Mbaye,638987.0,0.0,0.0,0.0,0.0,0.0,0.0,0.0,0.0,0.0,Ibrahim,Mbaye,2008-01-24,18.64,7.0,19.0,Forward,Winger,638987,b496gs285it6bheuikox6z9mj,Aston Villa FC,Aston Villa,Villa,AVL,0.0,0.0,0.0,0.0,0.0,0.0,0.0,0.0,0.0,0.0,0.0,0.0,0.0,0.0,0.0,0.0,0.0,0.0,0.0,0.0,0.0,,,,,,,,,,638987.0,0.0,0.0,0.0,0.0,0.0,0.0,0.0,0.0,0.0,0.0,Ibrahim,Mbaye,2008-01-24,18.64,7.0,19.0,Forward,Winger,638987,b496gs285it6bheuikox6z9mj,Aston Villa FC,Aston Villa,Villa,AVL,638987.0,0.0,0.0,0.0,0.0,0.0,0.0,0.0,0.0,0.0,0.0,0.0,0.0,0.0,0.0,Ibrahim,Mbaye,2008-01-24,18.64,7.0,19.0,Forward,Winger,638987,b496gs285it6bheuikox6z9mj,Aston Villa FC,Aston Villa,Villa,AVL,638987,638987,7,b496gs285it6bheuikox6z9mj
Ibrahim Osman,612855.0,2.0,28.0,0.0,0.0,0.0,0.0,0.0,0.0,0.0,Ibrahim,Osman,2004-11-29,21.8,36.0,15.0,Forward,Winger,3r9qvhedhr1o6zm6c5l4alkpg,e5p0ehyguld7egzhiedpdnc3w,Brighton & Hove Albion FC,Brighton & Hove Albion,Brighton,BHA,12.0,181.284,12.0,165.375,0.0,0.0,1.0,0.0,15.107,13.781,1.0,0.0,2.0,0.0,0.0,7.0,4.0,57.143,0.0,0.0,0.0,,,,,,,,,,612855.0,28.0,2.0,1.0,1.0,5.26,0.0,0.057,0.057,0.0,0.0,Ibrahim,Osman,2004-11-29,21.8,36.0,15.0,Forward,Winger,3r9qvhedhr1o6zm6c5l4alkpg,e5p0ehyguld7egzhiedpdnc3w,Brighton & Hove Albion FC,Brighton & Hove Albion,Brighton,BHA,612855.0,28.0,2.0,19.0,15.0,78.95,12.0,8.0,66.67,3.0,1.0,33.33,0.0,0.0,0.0,Ibrahim,Osman,2004-11-29,21.8,36.0,15.0,Forward,Winger,3r9qvhedhr1o6zm6c5l4alkpg,e5p0ehyguld7egzhiedpdnc3w,Brighton & Hove Albion FC,Brighton & Hove Albion,Brighton,BHA,612855,3r9qvhedhr1o6zm6c5l4alkpg,36,e5p0ehyguld7egzhiedpdnc3w
Ibrahim Sangaré,210462.0,1.0,90.0,0.0,0.03,-0.03,1.0,0.0,0.0,0.03,Ibrahim,Sangaré,1997-12-02,28.79,17.0,6.0,Midfielder,Central Midfielder,1abb1gcw7arw1nkbuxnccjca1,1qtaiy11gswx327s0vkibf70n,Nottingham Forest FC,Nottingham Forest,Forest,NFO,12.0,101.614,5.0,21.84,1.0,0.0,1.0,0.0,8.468,4.368,0.0,0.0,3.0,3.0,0.0,4.0,2.0,50.0,3.0,3.0,100.0,,,,,,,,,,210462.0,90.0,1.0,1.0,1.0,2.08,0.0,0.008,0.008,0.0,0.0,Ibrahim,Sangaré,1997-12-02,28.79,17.0,6.0,Midfielder,Central Midfielder,1abb1gcw7arw1nkbuxnccjca1,1qtaiy11gswx327s0vkibf70n,Nottingham Forest FC,Nottingham Forest,Forest,NFO,210462.0,90.0,1.0,53.0,42.0,79.25,12.0,6.0,50.0,0.0,0.0,0.0,0.0,0.0,0.0,Ibrahim,Sangaré,1997-12-02,28.79,17.0,6.0,Midfielder,Central Midfielder,1abb1gcw7arw1nkbuxnccjca1,1qtaiy11gswx327s0vkibf70n,Nottingham Forest FC,Nottingham Forest,Forest,NFO,210462,1abb1gcw7arw1nkbuxnccjca1,17,1qtaiy11gswx327s0vkibf70n
Igor Jesus,482973.0,3.0,210.0,0.0,0.96,-0.96,6.0,2.0,0.0,0.16,Igor Jesus,Maciel da Cruz,2001-02-25,25.56,17.0,11.0,Forward,Striker,as2byx2nymkahqyzw88gxictm,1qtaiy11gswx327s0vkibf70n,Nottingham Forest FC,Nottingham Forest,Forest,NFO,14.0,158.435,9.0,68.145,0.0,0.0,0.0,0.0,11.317,7.572,2.0,0.0,2.0,0.0,5.0,22.0,7.0,31.818,30.0,17.0,56.667,,,,,,,,,,482973.0,210.0,3.0,1.0,1.0,1.72,0.0,0.06,0.06,0.0,0.0,Igor Jesus,Maciel da Cruz,2001-02-25,25.56,17.0,11.0,Forward,Striker,as2byx2nymkahqyzw88gxictm,1qtaiy11gswx327s0vkibf70n,Nottingham Forest FC,Nottingham Forest,Forest,NFO,482973.0,210.0,3.0,58.0,44.0,75.86,20.0,14.0,70.0,0.0,0.0,0.0,0.0,0.0,0.0,Igor Jesus,Maciel da Cruz,2001-02-25,25.56,17.0,11.0,Forward,Striker,as2byx2nymkahqyzw88gxictm,1qtaiy11gswx327s0vkibf70n,Nottingham Forest FC,Nottingham Forest,Forest,NFO,482973,as2byx2nymkahqyzw88gxictm,17,1qtaiy11gswx327s0vkibf70n
Igor Thiago,502500.0,3.0,263.0,0.0,2.3,-2.3,9.0,3.0,0.0,0.26,Igor Thiago,Nascimento Rodrigues,2001-06-26,25.23,94.0,9.0,Forward,Striker,9jrya38msibxt1c7rx1et4acq,7yx5dqhhphyvfisohikodajhv,Brentford FC,Brentford,Brentford,BRE,14.0,166.731,7.0,70.56,0.0,0.0,0.0,0.0,11.909,10.08,2.0,0.0,9.0,2.0,2.0,14.0,5.0,35.714,28.0,12.0,42.857,,,,,,,,,,502500.0,263.0,3.0,0.0,0.0,0.0,0.0,0.111,0.111,0.0,0.0,Igor Thiago,Nascimento Rodrigues,2001-06-26,25.23,94.0,9.0,Forward,Striker,9jrya38msibxt1c7rx1et4acq,7yx5dqhhphyvfisohikodajhv,Brentford FC,Brentford,Brentford,BRE,502500.0,263.0,3.0,63.0,47.0,74.6,26.0,18.0,69.23,2.0,0.0,0.0,0.0,0.0,0.0,Igor Thiago,Nascimento Rodrigues,2001-06-26,25.23,94.0,9.0,Forward,Striker,9jrya38msibxt1c7rx1et4acq,7yx5dqhhphyvfisohikodajhv,Brentford FC,Brentford,Brentford,BRE,502500,9jrya38msibxt1c7rx1et4acq,94,7yx5dqhhphyvfisohikodajhv
Iliman Ndiaye,440993.0,3.0,267.0,0.0,0.28,-0.28,5.0,3.0,0.0,0.06,Iliman,Ndiaye,2000-03-06,26.53,43.0,7.0,Forward,Winger,3dm2bfuoyips4rbj0vhvbp9be,a3nyxabgsqlnqfkeg41m6tnpp,Manchester City FC,Manchester City,Man City,MCI,46.0,583.221,25.0,273.21,0.0,0.0,0.0,0.0,12.679,10.928,7.0,2.0,17.0,0.0,4.0,34.0,14.0,41.176,6.0,2.0,33.333,,,,,,,,,,440993.0,267.0,3.0,5.0,4.0,3.92,0.0,0.43,0.43,1.0,0.0,Iliman,Ndiaye,2000-03-06,26.53,43.0,7.0,Forward,Winger,3dm2bfuoyips4rbj0vhvbp9be,a3nyxabgsqlnqfkeg41m6tnpp,Manchester City FC,Manchester City,Man City,MCI,440993.0,267.0,3.0,103.0,94.0,91.26,48.0,42.0,87.5,6.0,2.0,33.33,0.0,0.0,0.0,Iliman,Ndiaye,2000-03-06,26.53,43.0,7.0,Forward,Winger,3dm2bfuoyips4rbj0vhvbp9be,a3nyxabgsqlnqfkeg41m6tnpp,Manchester City FC,Manchester City,Man City,MCI,440993,3dm2bfuoyips4rbj0vhvbp9be,43,a3nyxabgsqlnqfkeg41m6tnpp
Issa Diop,219924.0,3.0,270.0,0.0,0.0,0.0,0.0,0.0,0.0,0.0,Issa,Diop,1997-01-09,29.69,40.0,6.0,Defender,Central Defender,chn2v9j6dqmuz2haoiuulbd91,8b523ujgl21tbc01me65q0aoh,Ipswich Town FC,Ipswich Town,Ipswich,IPS,30.0,294.641,12.0,111.3,0.0,0.0,0.0,0.0,9.821,9.275,3.0,5.0,12.0,4.0,15.0,11.0,5.0,45.455,4.0,2.0,50.0,,,,,,,,,,219924.0,270.0,3.0,1.0,1.0,0.77,0.0,0.023,0.023,0.0,0.0,Issa,Diop,1997-01-09,29.69,40.0,6.0,Defender,Central Defender,chn2v9j6dqmuz2haoiuulbd91,8b523ujgl21tbc01me65q0aoh,Ipswich Town FC,Ipswich Town,Ipswich,IPS,219924.0,270.0,3.0,135.0,120.0,88.89,13.0,9.0,69.23,0.0,0.0,0.0,0.0,0.0,0.0,Issa,Diop,1997-01-09,29.69,40.0,6.0,Defender,Central Defender,chn2v9j6dqmuz2haoiuulbd91,8b523ujgl21tbc01me65q0aoh,Ipswich Town FC,Ipswich Town,Ipswich,IPS,219924,chn2v9j6dqmuz2haoiuulbd91,40,8b523ujgl21tbc01me65q0aoh
Jack Clarke,443261.0,2.0,43.0,1.0,0.15,0.85,3.0,1.0,33.33,0.05,Jack,Clarke,2000-11-23,25.82,40.0,47.0,Forward,Winger,eybpkhnd5ldeiau8niu1gg57u,8b523ujgl21tbc01me65q0aoh,Ipswich Town FC,Ipswich Town,Ipswich,IPS,7.0,77.725,5.0,47.67,2.0,1.0,0.0,0.0,11.104,9.534,1.0,1.0,2.0,0.0,0.0,4.0,1.0,25.0,0.0,0.0,0.0,,,,,,,,,,443261.0,43.0,2.0,1.0,1.0,4.0,0.0,0.018,0.018,0.0,0.0,Jack,Clarke,2000-11-23,25.82,40.0,47.0,Forward,Winger,eybpkhnd5ldeiau8niu1gg57u,8b523ujgl21tbc01me65q0aoh,Ipswich Town FC,Ipswich Town,Ipswich,IPS,443261.0,43.0,2.0,25.0,19.0,76.0,13.0,9.0,69.23,0.0,0.0,0.0,0.0,0.0,0.0,Jack,Clarke,2000-11-23,25.82,40.0,47.0,Forward,Winger,eybpkhnd5ldeiau8niu1gg57u,8b523ujgl21tbc01me65q0aoh,Ipswich Town FC,Ipswich Town,Ipswich,IPS,443261,eybpkhnd5ldeiau8niu1gg57u,40,8b523ujgl21tbc01me65q0aoh
Jack Grealish,114283.0,2.0,32.0,0.0,0.02,-0.02,1.0,0.0,0.0,0.02,Jack,Grealish,1995-09-10,31.02,11.0,10.0,Midfielder,Attacking Midfielder,72nph557ee2a9tdky8rvk12vp,ehd2iemqmschhj2ec0vayztzz,Everton FC,Everton,Everton,EVE,12.0,155.893,6.0,51.24,0.0,0.0,1.0,0.0,12.991,8.54,2.0,0.0,0.0,0.0,0.0,6.0,4.0,66.667,0.0,0.0,0.0,,,,,,,,,,114283.0,32.0,2.0,1.0,1.0,5.56,0.0,0.127,0.127,0.0,0.0,Jack,Grealish,1995-09-10,31.02,11.0,10.0,Midfielder,Attacking Midfielder,72nph557ee2a9tdky8rvk12vp,ehd2iemqmschhj2ec0vayztzz,Everton FC,Everton,Everton,EVE,114283.0,32.0,2.0,18.0,16.0,88.89,9.0,9.0,100.0,0.0,0.0,0.0,0.0,0.0,0.0,Jack,Grealish,1995-09-10,31.02,11.0,10.0,Midfielder,Attacking Midfielder,72nph557ee2a9tdky8rvk12vp,ehd2iemqmschhj2ec0vayztzz,Everton FC,Everton,Everton,EVE,114283,72nph557ee2a9tdky8rvk12vp,11,ehd2iemqmschhj2ec0vayztzz
Jack Hinshelwood,532529.0,1.0,64.0,2.0,1.41,0.59,3.0,2.0,66.67,0.47,Jack,Hinshelwood,2005-04-11,21.43,36.0,8.0,Midfielder,Defensive Midfielder,eikpw8bl1se3sj6hnsndi7zmc,e5p0ehyguld7egzhiedpdnc3w,Brighton & Hove Albion FC,Brighton & Hove Albion,Brighton,BHA,1.0,15.569,1.0,7.455,0.0,0.0,0.0,0.0,15.569,7.455,2.0,0.0,1.0,0.0,0.0,5.0,5.0,100.0,1.0,1.0,100.0,,,,,,,,,,532529.0,64.0,1.0,1.0,1.0,7.69,0.0,0.016,0.014,0.0,0.0,Jack,Hinshelwood,2005-04-11,21.43,36.0,8.0,Midfielder,Defensive Midfielder,eikpw8bl1se3sj6hnsndi7zmc,e5p0ehyguld7egzhiedpdnc3w,Brighton & Hove Albion FC,Brighton & Hove Albion,Brighton,BHA,532529.0,64.0,1.0,14.0,13.0,92.86,6.0,5.0,83.33,0.0,0.0,0.0,0.0,0.0,0.0,Jack,Hinshelwood,2005-04-11,21.43,36.0,8.0,Midfielder,Defensive Midfielder,eikpw8bl1se3sj6hnsndi7zmc,e5p0ehyguld7egzhiedpdnc3w,Brighton & Hove Albion FC,Brighton & Hove Albion,Brighton,BHA,532529,eikpw8bl1se3sj6hnsndi7zmc,36,e5p0ehyguld7egzhiedpdnc3w
Jack Rudoni,480457.0,3.0,154.0,0.0,0.49,-0.49,3.0,2.0,0.0,0.16,Jack,Rudoni,2001-06-14,25.26,9.0,5.0,Midfielder,Central Midfielder,9ypls2867yj064gbp5vqfa8ve,dacoc20k0n3fxu4zek8wufmko,Coventry City FC,Coventry City,Coventry,COV,15.0,222.528,14.0,181.545,0.0,0.0,1.0,0.0,14.835,12.968,3.0,2.0,10.0,1.0,0.0,15.0,4.0,26.667,6.0,3.0,50.0,,,,,,,,,,480457.0,154.0,3.0,4.0,3.0,5.17,25.0,0.185,0.155,0.0,0.0,Jack,Rudoni,2001-06-14,25.26,9.0,5.0,Midfielder,Central Midfielder,9ypls2867yj064gbp5vqfa8ve,dacoc20k0n3fxu4zek8wufmko,Coventry City FC,Coventry City,Coventry,COV,480457.0,154.0,3.0,58.0,42.0,72.41,25.0,11.0,44.0,2.0,1.0,50.0,2.0,1.0,50.0,Jack,Rudoni,2001-06-14,25.26,9.0,5.0,Midfielder,Central Midfielder,9ypls2867yj064gbp5vqfa8ve,dacoc20k0n3fxu4zek8wufmko,Coventry City FC,Coventry City,Coventry,COV,480457,9ypls2867yj064gbp5vqfa8ve,9,dacoc20k0n3fxu4zek8wufmko
Jacob Greaves,449429.0,3.0,270.0,0.0,0.0,0.0,0.0,0.0,0.0,0.0,Jacob,Greaves,2000-09-12,26.01,40.0,24.0,Defender,Central Defender,efmz0q74eh8wbjxxn31dv2puy,8b523ujgl21tbc01me65q0aoh,Ipswich Town FC,Ipswich Town,Ipswich,IPS,27.0,288.813,19.0,176.19,0.0,0.0,1.0,0.0,10.697,9.273,5.0,0.0,8.0,4.0,15.0,11.0,10.0,90.909,10.0,5.0,50.0,,,,,,,,,,449429.0,270.0,3.0,1.0,1.0,0.85,0.0,0.049,0.049,0.0,0.0,Jacob,Greaves,2000-09-12,26.01,40.0,24.0,Defender,Central Defender,efmz0q74eh8wbjxxn31dv2puy,8b523ujgl21tbc01me65q0aoh,Ipswich Town FC,Ipswich Town,Ipswich,IPS,449429.0,270.0,3.0,140.0,124.0,88.57,22.0,15.0,68.18,0.0,0.0,0.0,0.0,0.0,0.0,Jacob,Greaves,2000-09-12,26.01,40.0,24.0,Defender,Central Defender,efmz0q74eh8wbjxxn31dv2puy,8b523ujgl21tbc01me65q0aoh,Ipswich Town FC,Ipswich Town,Ipswich,IPS,449429,efmz0q74eh8wbjxxn31dv2puy,40,8b523ujgl21tbc01me65q0aoh
Jacob Murphy,114243.0,3.0,35.0,0.0,0.0,0.0,0.0,0.0,0.0,0.0,Jacob,Murphy,1995-02-24,31.57,4.0,23.0,Midfielder,Winger,37d7oej48pb143o5eilue1hhx,7vn2i2kd35zuetw6b38gw9jsz,Newcastle United FC,Newcastle United,Newcastle,NEW,3.0,43.619,2.0,32.865,0.0,0.0,0.0,0.0,14.54,16.432,1.0,0.0,4.0,0.0,1.0,5.0,3.0,60.0,0.0,0.0,0.0,,,,,,,,,,114243.0,35.0,3.0,0.0,0.0,0.0,0.0,0.202,0.202,0.0,0.0,Jacob,Murphy,1995-02-24,31.57,4.0,23.0,Midfielder,Winger,37d7oej48pb143o5eilue1hhx,7vn2i2kd35zuetw6b38gw9jsz,Newcastle United FC,Newcastle United,Newcastle,NEW,114243.0,35.0,3.0,7.0,6.0,85.71,3.0,2.0,66.67,2.0,0.0,0.0,1.0,1.0,100.0,Jacob,Murphy,1995-02-24,31.57,4.0,23.0,Midfielder,Winger,37d7oej48pb143o5eilue1hhx,7vn2i2kd35zuetw6b38gw9jsz,Newcastle United FC,Newcastle United,Newcastle,NEW,114243,37d7oej48pb143o5eilue1hhx,4,7vn2i2kd35zuetw6b38gw9jsz
Jacob Ramsey,232653.0,3.0,69.0,1.0,0.17,0.83,2.0,1.0,50.0,0.08,Jacob,Ramsey,2001-05-28,25.31,4.0,41.0,Midfielder,Winger,bhsh1n3qfg8awmctxlh8k7yzt,7vn2i2kd35zuetw6b38gw9jsz,Newcastle United FC,Newcastle United,Newcastle,NEW,7.0,93.577,1.0,-16.59,0.0,0.0,0.0,0.0,13.368,-16.59,2.0,1.0,6.0,1.0,1.0,7.0,2.0,28.571,2.0,2.0,100.0,,,,,,,,,,232653.0,69.0,3.0,0.0,0.0,0.0,0.0,0.156,0.156,0.0,0.0,Jacob,Ramsey,2001-05-28,25.31,4.0,41.0,Midfielder,Winger,bhsh1n3qfg8awmctxlh8k7yzt,7vn2i2kd35zuetw6b38gw9jsz,Newcastle United FC,Newcastle United,Newcastle,NEW,232653.0,69.0,3.0,40.0,35.0,87.5,8.0,8.0,100.0,0.0,0.0,0.0,1.0,1.0,100.0,Jacob,Ramsey,2001-05-28,25.31,4.0,41.0,Midfielder,Winger,bhsh1n3qfg8awmctxlh8k7yzt,7vn2i2kd35zuetw6b38gw9jsz,Newcastle United FC,Newcastle United,Newcastle,NEW,232653,bhsh1n3qfg8awmctxlh8k7yzt,4,7vn2i2kd35zuetw6b38gw9jsz
Jaidon Anthony,444180.0,3.0,129.0,0.0,0.19,-0.19,4.0,0.0,0.0,0.05,Jaidon,Anthony,1999-12-01,26.8,94.0,19.0,Forward,Winger,8cmkqkrjme3wb0gegzn1e6xre,7yx5dqhhphyvfisohikodajhv,Brentford FC,Brentford,Brentford,BRE,14.0,159.549,8.0,110.04,0.0,0.0,1.0,0.0,11.396,13.755,2.0,0.0,11.0,0.0,0.0,13.0,4.0,30.769,2.0,2.0,100.0,,,,,,,,,,444180.0,129.0,3.0,5.0,4.0,10.53,20.0,0.421,0.406,0.0,0.0,Jaidon,Anthony,1999-12-01,26.8,94.0,19.0,Forward,Winger,8cmkqkrjme3wb0gegzn1e6xre,7yx5dqhhphyvfisohikodajhv,Brentford FC,Brentford,Brentford,BRE,444180.0,129.0,3.0,38.0,26.0,68.42,17.0,15.0,88.24,7.0,2.0,28.57,0.0,0.0,0.0,Jaidon,Anthony,1999-12-01,26.8,94.0,19.0,Forward,Winger,8cmkqkrjme3wb0gegzn1e6xre,7yx5dqhhphyvfisohikodajhv,Brentford FC,Brentford,Brentford,BRE,444180,8cmkqkrjme3wb0gegzn1e6xre,94,7yx5dqhhphyvfisohikodajhv
Jair Cunha,575458.0,3.0,270.0,0.0,0.03,-0.03,1.0,0.0,0.0,0.03,Jair,Paula da Cunha Filho,2005-03-07,21.53,17.0,23.0,Defender,Central Defender,1hwkpsnmh04e9jakw26e584k4,1qtaiy11gswx327s0vkibf70n,Nottingham Forest FC,Nottingham Forest,Forest,NFO,22.0,220.582,14.0,124.74,0.0,0.0,0.0,0.0,10.026,8.91,5.0,3.0,5.0,2.0,18.0,17.0,11.0,64.706,7.0,3.0,42.857,,,,,,,,,,575458.0,270.0,3.0,0.0,0.0,0.0,0.0,0.018,0.018,0.0,0.0,Jair,Paula da Cunha Filho,2005-03-07,21.53,17.0,23.0,Defender,Central Defender,1hwkpsnmh04e9jakw26e584k4,1qtaiy11gswx327s0vkibf70n,Nottingham Forest FC,Nottingham Forest,Forest,NFO,575458.0,270.0,3.0,92.0,76.0,82.61,20.0,13.0,65.0,1.0,0.0,0.0,0.0,0.0,0.0,Jair,Paula da Cunha Filho,2005-03-07,21.53,17.0,23.0,Defender,Central Defender,1hwkpsnmh04e9jakw26e584k4,1qtaiy11gswx327s0vkibf70n,Nottingham Forest FC,Nottingham Forest,Forest,NFO,575458,1hwkpsnmh04e9jakw26e584k4,17,1qtaiy11gswx327s0vkibf70n
Jaka Bijol,434752.0,3.0,164.0,0.0,0.11,-0.11,2.0,0.0,0.0,0.05,Jaka,Bijol,1999-02-05,27.62,2.0,15.0,Defender,Central Defender,ah0f7tonnst92d8q91j1wll62,48gk2hpqtsl6p9sx9kjhaydq4,Leeds United FC,Leeds United,Leeds,LEE,31.0,291.952,20.0,190.155,0.0,0.0,0.0,0.0,9.418,9.508,3.0,3.0,7.0,0.0,15.0,4.0,4.0,100.0,16.0,8.0,50.0,,,,,,,,,,434752.0,164.0,3.0,0.0,0.0,0.0,0.0,0.004,0.004,0.0,0.0,Jaka,Bijol,1999-02-05,27.62,2.0,15.0,Defender,Central Defender,ah0f7tonnst92d8q91j1wll62,48gk2hpqtsl6p9sx9kjhaydq4,Leeds United FC,Leeds United,Leeds,LEE,434752.0,164.0,3.0,79.0,60.0,75.95,10.0,2.0,20.0,1.0,0.0,0.0,0.0,0.0,0.0,Jaka,Bijol,1999-02-05,27.62,2.0,15.0,Defender,Central Defender,ah0f7tonnst92d8q91j1wll62,48gk2hpqtsl6p9sx9kjhaydq4,Leeds United FC,Leeds United,Leeds,LEE,434752,ah0f7tonnst92d8q91j1wll62,2,48gk2hpqtsl6p9sx9kjhaydq4
Jake O'Brien,512462.0,0.0,0.0,0.0,0.0,0.0,0.0,0.0,0.0,0.0,Jake,O'Brien,2001-05-15,25.34,11.0,15.0,Defender,Central Defender,512462,ehd2iemqmschhj2ec0vayztzz,Everton FC,Everton,Everton,EVE,0.0,0.0,0.0,0.0,0.0,0.0,0.0,0.0,0.0,0.0,0.0,0.0,0.0,0.0,0.0,0.0,0.0,0.0,0.0,0.0,0.0,,,,,,,,,,512462.0,0.0,0.0,0.0,0.0,0.0,0.0,0.0,0.0,0.0,0.0,Jake,O'Brien,2001-05-15,25.34,11.0,15.0,Defender,Central Defender,512462,ehd2iemqmschhj2ec0vayztzz,Everton FC,Everton,Everton,EVE,512462.0,0.0,0.0,0.0,0.0,0.0,0.0,0.0,0.0,0.0,0.0,0.0,0.0,0.0,0.0,Jake,O'Brien,2001-05-15,25.34,11.0,15.0,Defender,Central Defender,512462,ehd2iemqmschhj2ec0vayztzz,Everton FC,Everton,Everton,EVE,512462,512462,11,ehd2iemqmschhj2ec0vayztzz
James Garner,232928.0,3.0,150.0,0.0,0.0,0.0,0.0,0.0,0.0,0.0,James,Garner,2001-03-13,25.52,11.0,37.0,Midfielder,Central Midfielder,15948izygnu32cu1pw6h5wp9l,ehd2iemqmschhj2ec0vayztzz,Everton FC,Everton,Everton,EVE,16.0,160.141,8.0,75.705,0.0,0.0,0.0,0.0,10.009,9.463,5.0,1.0,12.0,0.0,1.0,11.0,6.0,54.545,1.0,0.0,0.0,,,,,,,,,,232928.0,150.0,3.0,3.0,1.0,1.35,66.67,0.11,0.052,0.0,0.0,James,Garner,2001-03-13,25.52,11.0,37.0,Midfielder,Central Midfielder,15948izygnu32cu1pw6h5wp9l,ehd2iemqmschhj2ec0vayztzz,Everton FC,Everton,Everton,EVE,232928.0,150.0,3.0,77.0,70.0,90.91,25.0,23.0,92.0,0.0,0.0,0.0,0.0,0.0,0.0,James,Garner,2001-03-13,25.52,11.0,37.0,Midfielder,Central Midfielder,15948izygnu32cu1pw6h5wp9l,ehd2iemqmschhj2ec0vayztzz,Everton FC,Everton,Everton,EVE,232928,15948izygnu32cu1pw6h5wp9l,11,ehd2iemqmschhj2ec0vayztzz
James Hill,463981.0,3.0,270.0,0.0,0.0,0.0,0.0,0.0,0.0,0.0,James,Hill,2002-01-10,24.68,91.0,5.0,Defender,Central Defender,9ea8t509bssf2bhp1n5xxvrl6,1pse9ta7a45pi2w2grjim70ge,AFC Bournemouth,Bournemouth,Bournemouth,BOU,22.0,193.174,9.0,4.83,0.0,0.0,0.0,0.0,8.781,0.537,4.0,3.0,5.0,0.0,17.0,10.0,5.0,50.0,14.0,10.0,71.429,,,,,,,,,,463981.0,270.0,3.0,5.0,4.0,2.53,20.0,0.758,0.752,0.0,0.0,James,Hill,2002-01-10,24.68,91.0,5.0,Defender,Central Defender,9ea8t509bssf2bhp1n5xxvrl6,1pse9ta7a45pi2w2grjim70ge,AFC Bournemouth,Bournemouth,Bournemouth,BOU,463981.0,270.0,3.0,160.0,121.0,75.63,30.0,15.0,50.0,0.0,0.0,0.0,0.0,0.0,0.0,James,Hill,2002-01-10,24.68,91.0,5.0,Defender,Central Defender,9ea8t509bssf2bhp1n5xxvrl6,1pse9ta7a45pi2w2grjim70ge,AFC Bournemouth,Bournemouth,Bournemouth,BOU,463981,9ea8t509bssf2bhp1n5xxvrl6,91,1pse9ta7a45pi2w2grjim70ge
James Justin,220627.0,3.0,270.0,0.0,0.17,-0.17,3.0,2.0,0.0,0.06,James,Justin,1998-02-23,28.57,2.0,24.0,Defender,Full Back,6icypdqtfk2k81ax0i49j5xpl,48gk2hpqtsl6p9sx9kjhaydq4,Leeds United FC,Leeds United,Leeds,LEE,13.0,145.235,7.0,103.845,1.0,0.0,0.0,0.0,11.172,14.835,11.0,4.0,11.0,2.0,13.0,22.0,14.0,63.636,13.0,8.0,61.538,,,,,,,,,,220627.0,270.0,3.0,1.0,1.0,1.64,0.0,0.021,0.02,0.0,0.0,James,Justin,1998-02-23,28.57,2.0,24.0,Defender,Full Back,6icypdqtfk2k81ax0i49j5xpl,48gk2hpqtsl6p9sx9kjhaydq4,Leeds United FC,Leeds United,Leeds,LEE,220627.0,270.0,3.0,63.0,45.0,71.43,23.0,15.0,65.22,5.0,0.0,0.0,0.0,0.0,0.0,James,Justin,1998-02-23,28.57,2.0,24.0,Defender,Full Back,6icypdqtfk2k81ax0i49j5xpl,48gk2hpqtsl6p9sx9kjhaydq4,Leeds United FC,Leeds United,Leeds,LEE,220627,6icypdqtfk2k81ax0i49j5xpl,2,48gk2hpqtsl6p9sx9kjhaydq4
James Maddison,172780.0,1.0,22.0,0.0,0.0,0.0,0.0,0.0,0.0,0.0,James,Maddison,1996-11-23,29.82,6.0,10.0,Midfielder,Attacking Midfielder,a1yoz8f4985o166nzcyigpj2t,22doj4sgsocqpxw45h607udje,Tottenham Hotspur FC,Tottenham Hotspur,Spurs,TOT,7.0,47.951,0.0,14.595,0.0,0.0,0.0,0.0,6.85,0.0,0.0,0.0,1.0,0.0,1.0,7.0,2.0,28.571,1.0,0.0,0.0,,,,,,,,,,172780.0,22.0,1.0,0.0,0.0,0.0,0.0,0.014,0.014,0.0,0.0,James,Maddison,1996-11-23,29.82,6.0,10.0,Midfielder,Attacking Midfielder,a1yoz8f4985o166nzcyigpj2t,22doj4sgsocqpxw45h607udje,Tottenham Hotspur FC,Tottenham Hotspur,Spurs,TOT,172780.0,22.0,1.0,16.0,15.0,93.75,9.0,8.0,88.89,1.0,1.0,100.0,0.0,0.0,0.0,James,Maddison,1996-11-23,29.82,6.0,10.0,Midfielder,Attacking Midfielder,a1yoz8f4985o166nzcyigpj2t,22doj4sgsocqpxw45h607udje,Tottenham Hotspur FC,Tottenham Hotspur,Spurs,TOT,172780,a1yoz8f4985o166nzcyigpj2t,6,22doj4sgsocqpxw45h607udje
James McAtee,432714.0,3.0,253.0,0.0,0.13,-0.13,3.0,1.0,0.0,0.04,James,McAtee,2002-10-18,23.92,17.0,24.0,Midfielder,Attacking Midfielder,6zjzpbshmem98ecmuc852di0a,1qtaiy11gswx327s0vkibf70n,Nottingham Forest FC,Nottingham Forest,Forest,NFO,27.0,248.994,17.0,106.995,0.0,0.0,1.0,0.0,9.222,6.294,5.0,0.0,14.0,0.0,4.0,23.0,13.0,56.522,7.0,6.0,85.714,,,,,,,,,,432714.0,253.0,3.0,9.0,8.0,8.08,11.11,0.633,0.573,0.0,0.0,James,McAtee,2002-10-18,23.92,17.0,24.0,Midfielder,Attacking Midfielder,6zjzpbshmem98ecmuc852di0a,1qtaiy11gswx327s0vkibf70n,Nottingham Forest FC,Nottingham Forest,Forest,NFO,432714.0,253.0,3.0,106.0,81.0,76.42,37.0,28.0,75.68,2.0,1.0,50.0,3.0,1.0,33.33,James,McAtee,2002-10-18,23.92,17.0,24.0,Midfielder,Attacking Midfielder,6zjzpbshmem98ecmuc852di0a,1qtaiy11gswx327s0vkibf70n,Nottingham Forest FC,Nottingham Forest,Forest,NFO,432714,6zjzpbshmem98ecmuc852di0a,17,1qtaiy11gswx327s0vkibf70n
James McConnell,491501.0,0.0,0.0,0.0,0.0,0.0,0.0,0.0,0.0,0.0,James,McConnell,2004-09-13,22.01,14.0,53.0,Midfielder,Defensive Midfielder,491501,c8h9bw1l82s06h77xxrelzhur,Liverpool FC,Liverpool,Liverpool,LIV,0.0,0.0,0.0,0.0,0.0,0.0,0.0,0.0,0.0,0.0,0.0,0.0,0.0,0.0,0.0,0.0,0.0,0.0,0.0,0.0,0.0,,,,,,,,,,491501.0,0.0,0.0,0.0,0.0,0.0,0.0,0.0,0.0,0.0,0.0,James,McConnell,2004-09-13,22.01,14.0,53.0,Midfielder,Defensive Midfielder,491501,c8h9bw1l82s06h77xxrelzhur,Liverpool FC,Liverpool,Liverpool,LIV,491501.0,0.0,0.0,0.0,0.0,0.0,0.0,0.0,0.0,0.0,0.0,0.0,0.0,0.0,0.0,James,McConnell,2004-09-13,22.01,14.0,53.0,Midfielder,Defensive Midfielder,491501,c8h9bw1l82s06h77xxrelzhur,Liverpool FC,Liverpool,Liverpool,LIV,491501,491501,14,c8h9bw1l82s06h77xxrelzhur
James Tarkowski,17761.0,3.0,270.0,1.0,0.16,0.84,3.0,1.0,33.33,0.05,James,Tarkowski,1992-11-19,33.83,11.0,6.0,Defender,Central Defender,35jaxclh329duzefna708jk5x,ehd2iemqmschhj2ec0vayztzz,Everton FC,Everton,Everton,EVE,24.0,259.669,13.0,176.505,0.0,0.0,0.0,0.0,10.82,13.577,5.0,10.0,10.0,3.0,13.0,12.0,10.0,83.333,16.0,12.0,75.0,,,,,,,,,,17761.0,270.0,3.0,1.0,1.0,0.92,0.0,0.014,0.014,0.0,0.0,James,Tarkowski,1992-11-19,33.83,11.0,6.0,Defender,Central Defender,35jaxclh329duzefna708jk5x,ehd2iemqmschhj2ec0vayztzz,Everton FC,Everton,Everton,EVE,17761.0,270.0,3.0,125.0,102.0,81.6,28.0,16.0,57.14,1.0,0.0,0.0,0.0,0.0,0.0,James,Tarkowski,1992-11-19,33.83,11.0,6.0,Defender,Central Defender,35jaxclh329duzefna708jk5x,ehd2iemqmschhj2ec0vayztzz,Everton FC,Everton,Everton,EVE,17761,35jaxclh329duzefna708jk5x,11,ehd2iemqmschhj2ec0vayztzz
James Trafford,,,,,,,,,,,,,,,,,,,,,,,,,,,,,,,,,,,,,,,,,,,,,,270.0,100.0,0.0,2.0,11.0,84.62,-0.18,0.5,1.82,,,,,,,,,,,,,,,,,,,,,,,,,,,,,,,,,,,,,,,,,,,,,,,,,,,,,,,432720,1c4nu9s3t3p83pufjf3n3xqay,2,48gk2hpqtsl6p9sx9kjhaydq4
Jamie Gittens,463936.0,0.0,0.0,0.0,0.0,0.0,0.0,0.0,0.0,0.0,Jamie,Gittens,2004-08-08,22.11,8.0,11.0,Forward,Winger,463936,9q0arba2kbnywth8bkxlhgmdr,Chelsea FC,Chelsea,Chelsea,CHE,0.0,0.0,0.0,0.0,0.0,0.0,0.0,0.0,0.0,0.0,0.0,0.0,0.0,0.0,0.0,0.0,0.0,0.0,0.0,0.0,0.0,,,,,,,,,,463936.0,0.0,0.0,0.0,0.0,0.0,0.0,0.0,0.0,0.0,0.0,Jamie,Gittens,2004-08-08,22.11,8.0,11.0,Forward,Winger,463936,9q0arba2kbnywth8bkxlhgmdr,Chelsea FC,Chelsea,Chelsea,CHE,463936.0,0.0,0.0,0.0,0.0,0.0,0.0,0.0,0.0,0.0,0.0,0.0,0.0,0.0,0.0,Jamie,Gittens,2004-08-08,22.11,8.0,11.0,Forward,Winger,463936,9q0arba2kbnywth8bkxlhgmdr,Chelsea FC,Chelsea,Chelsea,CHE,463936,463936,8,9q0arba2kbnywth8bkxlhgmdr
Jan Paul van Hecke,469142.0,3.0,270.0,0.0,0.2,-0.2,3.0,1.0,0.0,0.07,Jan Paul,van Hecke,2000-06-08,26.28,6.0,6.0,Defender,Central Defender,2gj7h5fxuh4y0tbp6j308yk4q,22doj4sgsocqpxw45h607udje,Tottenham Hotspur FC,Tottenham Hotspur,Spurs,TOT,90.0,949.802,48.0,481.635,0.0,0.0,2.0,0.0,10.553,10.034,5.0,0.0,11.0,3.0,13.0,13.0,9.0,69.231,18.0,9.0,50.0,,,,,,,,,,469142.0,270.0,3.0,2.0,2.0,0.96,0.0,0.077,0.077,0.0,0.0,Jan Paul,van Hecke,2000-06-08,26.28,6.0,6.0,Defender,Central Defender,2gj7h5fxuh4y0tbp6j308yk4q,22doj4sgsocqpxw45h607udje,Tottenham Hotspur FC,Tottenham Hotspur,Spurs,TOT,469142.0,270.0,3.0,216.0,204.0,94.44,38.0,34.0,89.47,0.0,0.0,0.0,0.0,0.0,0.0,Jan Paul,van Hecke,2000-06-08,26.28,6.0,6.0,Defender,Central Defender,2gj7h5fxuh4y0tbp6j308yk4q,22doj4sgsocqpxw45h607udje,Tottenham Hotspur FC,Tottenham Hotspur,Spurs,TOT,469142,2gj7h5fxuh4y0tbp6j308yk4q,6,22doj4sgsocqpxw45h607udje
Jannik Schuster,513086.0,1.0,73.0,0.0,0.1,-0.1,1.0,0.0,0.0,0.1,Jannik,Schuster,2006-05-16,20.34,94.0,44.0,Defender,Central Defender,47z8ce1qpdr2wi7simlji3gus,7yx5dqhhphyvfisohikodajhv,Brentford FC,Brentford,Brentford,BRE,3.0,27.855,1.0,-1.365,0.0,0.0,0.0,0.0,9.285,-1.365,0.0,0.0,0.0,0.0,9.0,2.0,0.0,0.0,8.0,4.0,50.0,,,,,,,,,,513086.0,73.0,1.0,0.0,0.0,0.0,0.0,0.007,0.005,0.0,0.0,Jannik,Schuster,2006-05-16,20.34,94.0,44.0,Defender,Central Defender,47z8ce1qpdr2wi7simlji3gus,7yx5dqhhphyvfisohikodajhv,Brentford FC,Brentford,Brentford,BRE,513086.0,73.0,1.0,27.0,22.0,81.48,2.0,2.0,100.0,0.0,0.0,0.0,0.0,0.0,0.0,Jannik,Schuster,2006-05-16,20.34,94.0,44.0,Defender,Central Defender,47z8ce1qpdr2wi7simlji3gus,7yx5dqhhphyvfisohikodajhv,Brentford FC,Brentford,Brentford,BRE,513086,47z8ce1qpdr2wi7simlji3gus,94,7yx5dqhhphyvfisohikodajhv
Jaouen Hadjam,512123.0,0.0,0.0,0.0,0.0,0.0,0.0,0.0,0.0,0.0,Jaouen,Hadjam,2003-03-26,23.48,36.0,6.0,Defender,Full Back,512123,e5p0ehyguld7egzhiedpdnc3w,Brighton & Hove Albion FC,Brighton & Hove Albion,Brighton,BHA,0.0,0.0,0.0,0.0,0.0,0.0,0.0,0.0,0.0,0.0,0.0,0.0,0.0,0.0,0.0,0.0,0.0,0.0,0.0,0.0,0.0,,,,,,,,,,512123.0,0.0,0.0,0.0,0.0,0.0,0.0,0.0,0.0,0.0,0.0,Jaouen,Hadjam,2003-03-26,23.48,36.0,6.0,Defender,Full Back,512123,e5p0ehyguld7egzhiedpdnc3w,Brighton & Hove Albion FC,Brighton & Hove Albion,Brighton,BHA,512123.0,0.0,0.0,0.0,0.0,0.0,0.0,0.0,0.0,0.0,0.0,0.0,0.0,0.0,0.0,Jaouen,Hadjam,2003-03-26,23.48,36.0,6.0,Defender,Full Back,512123,e5p0ehyguld7egzhiedpdnc3w,Brighton & Hove Albion FC,Brighton & Hove Albion,Brighton,BHA,512123,512123,36,e5p0ehyguld7egzhiedpdnc3w
Jarrad Branthwaite,480455.0,3.0,270.0,0.0,0.16,-0.16,3.0,3.0,0.0,0.05,Jarrad,Branthwaite,2002-06-27,24.22,11.0,4.0,Defender,Central Defender,1ph4g125dfsijfjzjpcvpcmlm,ehd2iemqmschhj2ec0vayztzz,Everton FC,Everton,Everton,EVE,20.0,155.657,8.0,74.13,0.0,0.0,0.0,0.0,7.783,9.266,4.0,5.0,9.0,5.0,17.0,6.0,4.0,66.667,11.0,10.0,90.909,,,,,,,,,,480455.0,270.0,3.0,0.0,0.0,0.0,0.0,0.021,0.017,0.0,0.0,Jarrad,Branthwaite,2002-06-27,24.22,11.0,4.0,Defender,Central Defender,1ph4g125dfsijfjzjpcvpcmlm,ehd2iemqmschhj2ec0vayztzz,Everton FC,Everton,Everton,EVE,480455.0,270.0,3.0,119.0,102.0,85.71,22.0,10.0,45.45,0.0,0.0,0.0,0.0,0.0,0.0,Jarrad,Branthwaite,2002-06-27,24.22,11.0,4.0,Defender,Central Defender,1ph4g125dfsijfjzjpcvpcmlm,ehd2iemqmschhj2ec0vayztzz,Everton FC,Everton,Everton,EVE,480455,1ph4g125dfsijfjzjpcvpcmlm,11,ehd2iemqmschhj2ec0vayztzz
Jay Dasilva,173878.0,3.0,265.0,0.0,0.18,-0.18,1.0,1.0,0.0,0.18,Jay,Dasilva,1998-04-22,28.41,9.0,3.0,Defender,Full Back,cggeh9sr6mukhr2jl91rpuac5,dacoc20k0n3fxu4zek8wufmko,Coventry City FC,Coventry City,Coventry,COV,30.0,322.423,19.0,200.445,0.0,0.0,0.0,0.0,10.747,10.55,4.0,2.0,7.0,3.0,7.0,15.0,8.0,53.333,4.0,3.0,75.0,,,,,,,,,,173878.0,265.0,3.0,1.0,1.0,0.9,0.0,0.153,0.14,0.0,0.0,Jay,Dasilva,1998-04-22,28.41,9.0,3.0,Defender,Full Back,cggeh9sr6mukhr2jl91rpuac5,dacoc20k0n3fxu4zek8wufmko,Coventry City FC,Coventry City,Coventry,COV,173878.0,265.0,3.0,112.0,93.0,83.04,41.0,31.0,75.61,8.0,1.0,12.5,0.0,0.0,0.0,Jay,Dasilva,1998-04-22,28.41,9.0,3.0,Defender,Full Back,cggeh9sr6mukhr2jl91rpuac5,dacoc20k0n3fxu4zek8wufmko,Coventry City FC,Coventry City,Coventry,COV,173878,cggeh9sr6mukhr2jl91rpuac5,9,dacoc20k0n3fxu4zek8wufmko
Jaydee Canvot,651426.0,3.0,270.0,0.0,0.05,-0.05,1.0,0.0,0.0,0.05,Jaydee,Canvot,2006-07-29,20.13,31.0,6.0,Defender,Central Defender,9t1ikyd85kvlhv9r0u938836c,1c8m2ko0wxq1asfkuykurdr0y,Crystal Palace FC,Crystal Palace,Palace,CRY,51.0,549.172,33.0,333.795,0.0,0.0,0.0,0.0,10.768,10.115,7.0,3.0,6.0,4.0,10.0,14.0,8.0,57.143,7.0,5.0,71.429,,,,,,,,,,651426.0,270.0,3.0,0.0,0.0,0.0,0.0,0.021,0.021,0.0,0.0,Jaydee,Canvot,2006-07-29,20.13,31.0,6.0,Defender,Central Defender,9t1ikyd85kvlhv9r0u938836c,1c8m2ko0wxq1asfkuykurdr0y,Crystal Palace FC,Crystal Palace,Palace,CRY,651426.0,270.0,3.0,186.0,166.0,89.25,24.0,16.0,66.67,0.0,0.0,0.0,1.0,0.0,0.0,Jaydee,Canvot,2006-07-29,20.13,31.0,6.0,Defender,Central Defender,9t1ikyd85kvlhv9r0u938836c,1c8m2ko0wxq1asfkuykurdr0y,Crystal Palace FC,Crystal Palace,Palace,CRY,651426,9t1ikyd85kvlhv9r0u938836c,31,1c8m2ko0wxq1asfkuykurdr0y
Jayden Bogle,226182.0,3.0,219.0,1.0,0.9,0.1,1.0,1.0,100.0,0.9,Jayden,Bogle,2000-07-27,26.14,2.0,2.0,Defender,Full Back,dwumn5qew7ae53givnx2p892h,48gk2hpqtsl6p9sx9kjhaydq4,Leeds United FC,Leeds United,Leeds,LEE,26.0,295.083,11.0,107.31,0.0,0.0,1.0,0.0,11.349,9.755,3.0,2.0,8.0,1.0,6.0,20.0,12.0,60.0,6.0,4.0,66.667,,,,,,,,,,226182.0,219.0,3.0,1.0,1.0,1.67,0.0,0.031,0.03,0.0,0.0,Jayden,Bogle,2000-07-27,26.14,2.0,2.0,Defender,Full Back,dwumn5qew7ae53givnx2p892h,48gk2hpqtsl6p9sx9kjhaydq4,Leeds United FC,Leeds United,Leeds,LEE,226182.0,219.0,3.0,62.0,42.0,67.74,24.0,11.0,45.83,3.0,0.0,0.0,0.0,0.0,0.0,Jayden,Bogle,2000-07-27,26.14,2.0,2.0,Defender,Full Back,dwumn5qew7ae53givnx2p892h,48gk2hpqtsl6p9sx9kjhaydq4,Leeds United FC,Leeds United,Leeds,LEE,226182,dwumn5qew7ae53givnx2p892h,2,48gk2hpqtsl6p9sx9kjhaydq4
Jayden Lienou,643970.0,0.0,0.0,0.0,0.0,0.0,0.0,0.0,0.0,0.0,Jayden,Lienou,2008-04-08,18.44,2.0,65.0,Defender,Full Back,643970,48gk2hpqtsl6p9sx9kjhaydq4,Leeds United FC,Leeds United,Leeds,LEE,0.0,0.0,0.0,0.0,0.0,0.0,0.0,0.0,0.0,0.0,0.0,0.0,0.0,0.0,0.0,0.0,0.0,0.0,0.0,0.0,0.0,,,,,,,,,,643970.0,0.0,0.0,0.0,0.0,0.0,0.0,0.0,0.0,0.0,0.0,Jayden,Lienou,2008-04-08,18.44,2.0,65.0,Defender,Full Back,643970,48gk2hpqtsl6p9sx9kjhaydq4,Leeds United FC,Leeds United,Leeds,LEE,643970.0,0.0,0.0,0.0,0.0,0.0,0.0,0.0,0.0,0.0,0.0,0.0,0.0,0.0,0.0,Jayden,Lienou,2008-04-08,18.44,2.0,65.0,Defender,Full Back,643970,48gk2hpqtsl6p9sx9kjhaydq4,Leeds United FC,Leeds United,Leeds,LEE,643970,643970,2,48gk2hpqtsl6p9sx9kjhaydq4
Jean-Mattéo Bahoya,587982.0,0.0,0.0,0.0,0.0,0.0,0.0,0.0,0.0,0.0,Jean-Mattéo,Bahoya,2005-05-07,21.36,2.0,23.0,Forward,Winger,587982,48gk2hpqtsl6p9sx9kjhaydq4,Leeds United FC,Leeds United,Leeds,LEE,0.0,0.0,0.0,0.0,0.0,0.0,0.0,0.0,0.0,0.0,0.0,0.0,0.0,0.0,0.0,0.0,0.0,0.0,0.0,0.0,0.0,,,,,,,,,,587982.0,0.0,0.0,0.0,0.0,0.0,0.0,0.0,0.0,0.0,0.0,Jean-Mattéo,Bahoya,2005-05-07,21.36,2.0,23.0,Forward,Winger,587982,48gk2hpqtsl6p9sx9kjhaydq4,Leeds United FC,Leeds United,Leeds,LEE,587982.0,0.0,0.0,0.0,0.0,0.0,0.0,0.0,0.0,0.0,0.0,0.0,0.0,0.0,0.0,Jean-Mattéo,Bahoya,2005-05-07,21.36,2.0,23.0,Forward,Winger,587982,48gk2hpqtsl6p9sx9kjhaydq4,Leeds United FC,Leeds United,Leeds,LEE,587982,587982,2,48gk2hpqtsl6p9sx9kjhaydq4
Jean-Philippe Mateta,231747.0,1.0,63.0,0.0,0.7,-0.7,2.0,0.0,0.0,0.35,Jean-Philippe,Mateta,1997-06-28,29.22,31.0,14.0,Forward,Striker,djgqihf08sxqh0zt2xe2xzv1l,1c8m2ko0wxq1asfkuykurdr0y,Crystal Palace FC,Crystal Palace,Palace,CRY,5.0,43.383,2.0,19.635,0.0,0.0,1.0,0.0,8.677,9.818,2.0,0.0,2.0,0.0,1.0,5.0,2.0,40.0,3.0,1.0,33.333,,,,,,,,,,231747.0,63.0,1.0,1.0,1.0,8.33,0.0,0.015,0.015,0.0,0.0,Jean-Philippe,Mateta,1997-06-28,29.22,31.0,14.0,Forward,Striker,djgqihf08sxqh0zt2xe2xzv1l,1c8m2ko0wxq1asfkuykurdr0y,Crystal Palace FC,Crystal Palace,Palace,CRY,231747.0,63.0,1.0,12.0,9.0,75.0,8.0,5.0,62.5,0.0,0.0,0.0,0.0,0.0,0.0,Jean-Philippe,Mateta,1997-06-28,29.22,31.0,14.0,Forward,Striker,djgqihf08sxqh0zt2xe2xzv1l,1c8m2ko0wxq1asfkuykurdr0y,Crystal Palace FC,Crystal Palace,Palace,CRY,231747,djgqihf08sxqh0zt2xe2xzv1l,31,1c8m2ko0wxq1asfkuykurdr0y
Jefferson Lerma,152551.0,0.0,0.0,0.0,0.0,0.0,0.0,0.0,0.0,0.0,Jefferson,Lerma,1994-10-25,31.9,31.0,8.0,Midfielder,Central Midfielder,152551,1c8m2ko0wxq1asfkuykurdr0y,Crystal Palace FC,Crystal Palace,Palace,CRY,0.0,0.0,0.0,0.0,0.0,0.0,0.0,0.0,0.0,0.0,0.0,0.0,0.0,0.0,0.0,0.0,0.0,0.0,0.0,0.0,0.0,,,,,,,,,,152551.0,0.0,0.0,0.0,0.0,0.0,0.0,0.0,0.0,0.0,0.0,Jefferson,Lerma,1994-10-25,31.9,31.0,8.0,Midfielder,Central Midfielder,152551,1c8m2ko0wxq1asfkuykurdr0y,Crystal Palace FC,Crystal Palace,Palace,CRY,152551.0,0.0,0.0,0.0,0.0,0.0,0.0,0.0,0.0,0.0,0.0,0.0,0.0,0.0,0.0,Jefferson,Lerma,1994-10-25,31.9,31.0,8.0,Midfielder,Central Midfielder,152551,1c8m2ko0wxq1asfkuykurdr0y,Crystal Palace FC,Crystal Palace,Palace,CRY,152551,152551,31,1c8m2ko0wxq1asfkuykurdr0y
Jens Hjertø-Dahl,552946.0,1.0,8.0,0.0,0.0,0.0,0.0,0.0,0.0,0.0,Jens,Hjertø-Dahl,2005-10-31,20.88,88.0,14.0,Midfielder,Central Midfielder,5mvddfxv6aqzohz87gopwl990,f0figafm2v9h8ofo6slajj7xf,Hull City AFC,Hull City,Hull,HUL,3.0,21.133,1.0,16.38,0.0,0.0,0.0,0.0,7.044,16.38,0.0,0.0,1.0,0.0,0.0,2.0,1.0,50.0,0.0,0.0,0.0,,,,,,,,,,552946.0,8.0,1.0,0.0,0.0,0.0,0.0,0.0,0.0,0.0,0.0,Jens,Hjertø-Dahl,2005-10-31,20.88,88.0,14.0,Midfielder,Central Midfielder,5mvddfxv6aqzohz87gopwl990,f0figafm2v9h8ofo6slajj7xf,Hull City AFC,Hull City,Hull,HUL,552946.0,8.0,1.0,2.0,1.0,50.0,0.0,0.0,0.0,0.0,0.0,0.0,0.0,0.0,0.0,Jens,Hjertø-Dahl,2005-10-31,20.88,88.0,14.0,Midfielder,Central Midfielder,5mvddfxv6aqzohz87gopwl990,f0figafm2v9h8ofo6slajj7xf,Hull City AFC,Hull City,Hull,HUL,552946,5mvddfxv6aqzohz87gopwl990,88,f0figafm2v9h8ofo6slajj7xf
Jeremie Frimpong,216094.0,2.0,161.0,0.0,0.01,-0.01,1.0,0.0,0.0,0.01,Jeremie,Frimpong,2000-12-10,25.77,14.0,30.0,Defender,Full Back,9qo448ueot8pfc5oqo378wag9,c8h9bw1l82s06h77xxrelzhur,Liverpool FC,Liverpool,Liverpool,LIV,17.0,196.622,12.0,136.08,0.0,0.0,1.0,0.0,11.566,11.34,3.0,0.0,6.0,0.0,5.0,12.0,5.0,41.667,0.0,0.0,0.0,,,,,,,,,,216094.0,161.0,2.0,4.0,4.0,4.76,0.0,0.115,0.115,0.0,0.0,Jeremie,Frimpong,2000-12-10,25.77,14.0,30.0,Defender,Full Back,9qo448ueot8pfc5oqo378wag9,c8h9bw1l82s06h77xxrelzhur,Liverpool FC,Liverpool,Liverpool,LIV,216094.0,161.0,2.0,84.0,74.0,88.1,33.0,29.0,87.88,9.0,1.0,11.11,0.0,0.0,0.0,Jeremie,Frimpong,2000-12-10,25.77,14.0,30.0,Defender,Full Back,9qo448ueot8pfc5oqo378wag9,c8h9bw1l82s06h77xxrelzhur,Liverpool FC,Liverpool,Liverpool,LIV,216094,9qo448ueot8pfc5oqo378wag9,14,c8h9bw1l82s06h77xxrelzhur
Joachim Andersen,174874.0,2.0,180.0,0.0,0.0,0.0,0.0,0.0,0.0,0.0,Joachim,Andersen,1996-05-31,30.3,54.0,5.0,Defender,Central Defender,5wkso3mls5ulkilr0xzfix1p1,hzqh7z0mdl3v7gwete66syxp,Fulham FC,Fulham,Fulham,FUL,35.0,375.12,16.0,131.25,0.0,0.0,1.0,0.0,10.718,8.203,2.0,2.0,9.0,0.0,11.0,8.0,4.0,50.0,11.0,7.0,63.636,,,,,,,,,,174874.0,180.0,2.0,3.0,3.0,1.56,0.0,0.102,0.102,0.0,0.0,Joachim,Andersen,1996-05-31,30.3,54.0,5.0,Defender,Central Defender,5wkso3mls5ulkilr0xzfix1p1,hzqh7z0mdl3v7gwete66syxp,Fulham FC,Fulham,Fulham,FUL,174874.0,180.0,2.0,200.0,178.0,89.0,40.0,25.0,62.5,0.0,0.0,0.0,0.0,0.0,0.0,Joachim,Andersen,1996-05-31,30.3,54.0,5.0,Defender,Central Defender,5wkso3mls5ulkilr0xzfix1p1,hzqh7z0mdl3v7gwete66syxp,Fulham FC,Fulham,Fulham,FUL,174874,5wkso3mls5ulkilr0xzfix1p1,54,hzqh7z0mdl3v7gwete66syxp
Jocelin Ta Bi,699989.0,0.0,0.0,0.0,0.0,0.0,0.0,0.0,0.0,0.0,Jocelin Ta,Bi,2005-02-09,21.6,56.0,37.0,Forward,Winger,699989,1r3545b2dzan8yqa80gtmcjch,Sunderland AFC,Sunderland,Sunderland,SUN,0.0,0.0,0.0,0.0,0.0,0.0,0.0,0.0,0.0,0.0,0.0,0.0,0.0,0.0,0.0,0.0,0.0,0.0,0.0,0.0,0.0,,,,,,,,,,699989.0,0.0,0.0,0.0,0.0,0.0,0.0,0.0,0.0,0.0,0.0,Jocelin Ta,Bi,2005-02-09,21.6,56.0,37.0,Forward,Winger,699989,1r3545b2dzan8yqa80gtmcjch,Sunderland AFC,Sunderland,Sunderland,SUN,699989.0,0.0,0.0,0.0,0.0,0.0,0.0,0.0,0.0,0.0,0.0,0.0,0.0,0.0,0.0,Jocelin Ta,Bi,2005-02-09,21.6,56.0,37.0,Forward,Winger,699989,1r3545b2dzan8yqa80gtmcjch,Sunderland AFC,Sunderland,Sunderland,SUN,699989,699989,56,1r3545b2dzan8yqa80gtmcjch
Joe Rodon,214225.0,2.0,124.0,0.0,0.03,-0.03,1.0,0.0,0.0,0.03,Joe,Rodon,1997-10-22,28.91,2.0,6.0,Defender,Central Defender,otan631zzfnq2sektkl3ywo9,48gk2hpqtsl6p9sx9kjhaydq4,Leeds United FC,Leeds United,Leeds,LEE,5.0,47.454,2.0,19.74,0.0,0.0,0.0,0.0,9.491,9.87,1.0,1.0,2.0,1.0,8.0,8.0,3.0,37.5,4.0,4.0,100.0,,,,,,,,,,214225.0,124.0,2.0,1.0,1.0,3.03,0.0,0.062,0.062,0.0,0.0,Joe,Rodon,1997-10-22,28.91,2.0,6.0,Defender,Central Defender,otan631zzfnq2sektkl3ywo9,48gk2hpqtsl6p9sx9kjhaydq4,Leeds United FC,Leeds United,Leeds,LEE,214225.0,124.0,2.0,34.0,25.0,73.53,5.0,2.0,40.0,1.0,1.0,100.0,0.0,0.0,0.0,Joe,Rodon,1997-10-22,28.91,2.0,6.0,Defender,Central Defender,otan631zzfnq2sektkl3ywo9,48gk2hpqtsl6p9sx9kjhaydq4,Leeds United FC,Leeds United,Leeds,LEE,214225,otan631zzfnq2sektkl3ywo9,2,48gk2hpqtsl6p9sx9kjhaydq4
Joe Willock,200089.0,3.0,168.0,1.0,0.53,0.47,6.0,1.0,16.67,0.09,Joe,Willock,1999-08-20,27.08,4.0,28.0,Midfielder,Attacking Midfielder,5tbabvk43ljv3z3wd9mh0y8r9,7vn2i2kd35zuetw6b38gw9jsz,Newcastle United FC,Newcastle United,Newcastle,NEW,17.0,299.733,14.0,208.215,3.0,1.0,0.0,0.0,17.631,14.872,3.0,0.0,3.0,1.0,1.0,18.0,7.0,38.889,3.0,0.0,0.0,,,,,,,,,,200089.0,168.0,3.0,1.0,1.0,2.44,0.0,0.199,0.199,0.0,0.0,Joe,Willock,1999-08-20,27.08,4.0,28.0,Midfielder,Attacking Midfielder,5tbabvk43ljv3z3wd9mh0y8r9,7vn2i2kd35zuetw6b38gw9jsz,Newcastle United FC,Newcastle United,Newcastle,NEW,200089.0,168.0,3.0,47.0,45.0,95.74,18.0,18.0,100.0,2.0,0.0,0.0,1.0,1.0,100.0,Joe,Willock,1999-08-20,27.08,4.0,28.0,Midfielder,Attacking Midfielder,5tbabvk43ljv3z3wd9mh0y8r9,7vn2i2kd35zuetw6b38gw9jsz,Newcastle United FC,Newcastle United,Newcastle,NEW,200089,5tbabvk43ljv3z3wd9mh0y8r9,4,7vn2i2kd35zuetw6b38gw9jsz
Joel Latibeaudiere,204813.0,0.0,0.0,0.0,0.0,0.0,0.0,0.0,0.0,0.0,Joel,Latibeaudiere,2000-01-06,26.7,9.0,22.0,Defender,Central Defender,204813,dacoc20k0n3fxu4zek8wufmko,Coventry City FC,Coventry City,Coventry,COV,0.0,0.0,0.0,0.0,0.0,0.0,0.0,0.0,0.0,0.0,0.0,0.0,0.0,0.0,0.0,0.0,0.0,0.0,0.0,0.0,0.0,,,,,,,,,,204813.0,0.0,0.0,0.0,0.0,0.0,0.0,0.0,0.0,0.0,0.0,Joel,Latibeaudiere,2000-01-06,26.7,9.0,22.0,Defender,Central Defender,204813,dacoc20k0n3fxu4zek8wufmko,Coventry City FC,Coventry City,Coventry,COV,204813.0,0.0,0.0,0.0,0.0,0.0,0.0,0.0,0.0,0.0,0.0,0.0,0.0,0.0,0.0,Joel,Latibeaudiere,2000-01-06,26.7,9.0,22.0,Defender,Central Defender,204813,dacoc20k0n3fxu4zek8wufmko,Coventry City FC,Coventry City,Coventry,COV,204813,204813,9,dacoc20k0n3fxu4zek8wufmko
John Egan,108416.0,3.0,270.0,0.0,0.0,0.0,0.0,0.0,0.0,0.0,John,Egan,1992-10-20,33.92,88.0,15.0,Defender,Central Defender,b2ak3yqqaexteldtl135erpx,f0figafm2v9h8ofo6slajj7xf,Hull City AFC,Hull City,Hull,HUL,19.0,172.606,9.0,76.545,0.0,0.0,0.0,0.0,9.085,8.505,5.0,4.0,5.0,4.0,28.0,7.0,5.0,71.429,10.0,7.0,70.0,,,,,,,,,,108416.0,270.0,3.0,0.0,0.0,0.0,0.0,0.007,0.007,0.0,0.0,John,Egan,1992-10-20,33.92,88.0,15.0,Defender,Central Defender,b2ak3yqqaexteldtl135erpx,f0figafm2v9h8ofo6slajj7xf,Hull City AFC,Hull City,Hull,HUL,108416.0,270.0,3.0,78.0,58.0,74.36,12.0,5.0,41.67,0.0,0.0,0.0,0.0,0.0,0.0,John,Egan,1992-10-20,33.92,88.0,15.0,Defender,Central Defender,b2ak3yqqaexteldtl135erpx,f0figafm2v9h8ofo6slajj7xf,Hull City AFC,Hull City,Hull,HUL,108416,b2ak3yqqaexteldtl135erpx,88,f0figafm2v9h8ofo6slajj7xf
John McGinn,122806.0,3.0,262.0,0.0,0.76,-0.76,4.0,0.0,0.0,0.19,John,McGinn,1994-10-18,31.92,7.0,7.0,Midfielder,Central Midfielder,btvuam6p4391am219taqtcted,b496gs285it6bheuikox6z9mj,Aston Villa FC,Aston Villa,Villa,AVL,28.0,342.203,11.0,133.035,1.0,0.0,0.0,0.0,12.222,12.094,4.0,3.0,7.0,0.0,1.0,33.0,14.0,42.424,2.0,1.0,50.0,,,,,,,,,,122806.0,262.0,3.0,1.0,1.0,1.35,0.0,0.085,0.078,0.0,0.0,John,McGinn,1994-10-18,31.92,7.0,7.0,Midfielder,Central Midfielder,btvuam6p4391am219taqtcted,b496gs285it6bheuikox6z9mj,Aston Villa FC,Aston Villa,Villa,AVL,122806.0,262.0,3.0,78.0,56.0,71.79,41.0,24.0,58.54,6.0,0.0,0.0,0.0,0.0,0.0,John,McGinn,1994-10-18,31.92,7.0,7.0,Midfielder,Central Midfielder,btvuam6p4391am219taqtcted,b496gs285it6bheuikox6z9mj,Aston Villa FC,Aston Villa,Villa,AVL,122806,btvuam6p4391am219taqtcted,7,b496gs285it6bheuikox6z9mj
Jordan Pickford,,,,,,,,,,,,,,,,,,,,,,,,,,,,,,,,,,,,,,,,,,,,,,270.0,100.0,0.0,3.0,9.0,75.0,0.77,1.0,3.77,,,,,,,,,,,,,,,,,,,,,,,,,,,,,,,,,,,,,,,,,,,,,,,,,,,,,,,111234,e8dina16u5kt5ho4u5igtmimt,11,ehd2iemqmschhj2ec0vayztzz
Jorge Cuenca,246301.0,1.0,90.0,0.0,0.0,0.0,0.0,0.0,0.0,0.0,Jorge,Cuenca,1999-11-17,26.84,54.0,4.0,Defender,Central Defender,aza9jho12wrfa3oczxoj670mh,hzqh7z0mdl3v7gwete66syxp,Fulham FC,Fulham,Fulham,FUL,20.0,177.438,10.0,84.945,0.0,0.0,0.0,0.0,8.872,8.494,1.0,1.0,3.0,3.0,5.0,1.0,1.0,100.0,3.0,2.0,66.667,,,,,,,,,,246301.0,90.0,1.0,2.0,2.0,2.35,0.0,0.028,0.028,0.0,0.0,Jorge,Cuenca,1999-11-17,26.84,54.0,4.0,Defender,Central Defender,aza9jho12wrfa3oczxoj670mh,hzqh7z0mdl3v7gwete66syxp,Fulham FC,Fulham,Fulham,FUL,246301.0,90.0,1.0,87.0,77.0,88.51,9.0,6.0,66.67,0.0,0.0,0.0,0.0,0.0,0.0,Jorge,Cuenca,1999-11-17,26.84,54.0,4.0,Defender,Central Defender,aza9jho12wrfa3oczxoj670mh,hzqh7z0mdl3v7gwete66syxp,Fulham FC,Fulham,Fulham,FUL,246301,aza9jho12wrfa3oczxoj670mh,54,hzqh7z0mdl3v7gwete66syxp
Jorrel Hato,551210.0,3.0,215.0,0.0,0.01,-0.01,1.0,0.0,0.0,0.01,Jorrel,Hato,2006-03-07,20.53,8.0,21.0,Defender,Full Back,bgydmtsi0ngn9k56apo29v0no,9q0arba2kbnywth8bkxlhgmdr,Chelsea FC,Chelsea,Chelsea,CHE,14.0,183.744,8.0,89.565,0.0,0.0,1.0,1.0,13.125,11.196,6.0,1.0,7.0,2.0,6.0,13.0,9.0,69.231,6.0,3.0,50.0,,,,,,,,,,551210.0,215.0,3.0,4.0,3.0,4.0,0.0,0.113,0.113,2.0,1.0,Jorrel,Hato,2006-03-07,20.53,8.0,21.0,Defender,Full Back,bgydmtsi0ngn9k56apo29v0no,9q0arba2kbnywth8bkxlhgmdr,Chelsea FC,Chelsea,Chelsea,CHE,551210.0,215.0,3.0,50.0,39.0,78.0,11.0,10.0,90.91,0.0,0.0,0.0,0.0,0.0,0.0,Jorrel,Hato,2006-03-07,20.53,8.0,21.0,Defender,Full Back,bgydmtsi0ngn9k56apo29v0no,9q0arba2kbnywth8bkxlhgmdr,Chelsea FC,Chelsea,Chelsea,CHE,551210,bgydmtsi0ngn9k56apo29v0no,8,9q0arba2kbnywth8bkxlhgmdr
Josh Acheampong,577016.0,3.0,202.0,0.0,0.0,0.0,0.0,0.0,0.0,0.0,Josh,Acheampong,2006-05-05,20.37,8.0,34.0,Defender,Full Back,ek4oa7zejocbbgu1l2vdebitw,9q0arba2kbnywth8bkxlhgmdr,Chelsea FC,Chelsea,Chelsea,CHE,14.0,145.426,6.0,41.58,0.0,0.0,0.0,0.0,10.388,6.93,6.0,1.0,7.0,2.0,10.0,14.0,7.0,50.0,3.0,1.0,33.333,,,,,,,,,,577016.0,202.0,3.0,0.0,0.0,0.0,0.0,0.022,0.021,0.0,0.0,Josh,Acheampong,2006-05-05,20.37,8.0,34.0,Defender,Full Back,ek4oa7zejocbbgu1l2vdebitw,9q0arba2kbnywth8bkxlhgmdr,Chelsea FC,Chelsea,Chelsea,CHE,577016.0,202.0,3.0,66.0,52.0,78.79,25.0,16.0,64.0,1.0,0.0,0.0,0.0,0.0,0.0,Josh,Acheampong,2006-05-05,20.37,8.0,34.0,Defender,Full Back,ek4oa7zejocbbgu1l2vdebitw,9q0arba2kbnywth8bkxlhgmdr,Chelsea FC,Chelsea,Chelsea,CHE,577016,ek4oa7zejocbbgu1l2vdebitw,8,9q0arba2kbnywth8bkxlhgmdr
Josh Eccles,439668.0,0.0,0.0,0.0,0.0,0.0,0.0,0.0,0.0,0.0,Josh,Eccles,2000-04-06,26.45,9.0,28.0,Midfielder,Central Midfielder,439668,dacoc20k0n3fxu4zek8wufmko,Coventry City FC,Coventry City,Coventry,COV,0.0,0.0,0.0,0.0,0.0,0.0,0.0,0.0,0.0,0.0,0.0,0.0,0.0,0.0,0.0,0.0,0.0,0.0,0.0,0.0,0.0,,,,,,,,,,439668.0,0.0,0.0,0.0,0.0,0.0,0.0,0.0,0.0,0.0,0.0,Josh,Eccles,2000-04-06,26.45,9.0,28.0,Midfielder,Central Midfielder,439668,dacoc20k0n3fxu4zek8wufmko,Coventry City FC,Coventry City,Coventry,COV,439668.0,0.0,0.0,0.0,0.0,0.0,0.0,0.0,0.0,0.0,0.0,0.0,0.0,0.0,0.0,Josh,Eccles,2000-04-06,26.45,9.0,28.0,Midfielder,Central Midfielder,439668,dacoc20k0n3fxu4zek8wufmko,Coventry City FC,Coventry City,Coventry,COV,439668,439668,9,dacoc20k0n3fxu4zek8wufmko
Josh King,577725.0,3.0,270.0,2.0,0.95,1.05,7.0,3.0,28.57,0.14,Josh,King,2007-01-03,19.7,54.0,24.0,Midfielder,Central Midfielder,4oh051knl4dkgju4yvj7xlwr8,hzqh7z0mdl3v7gwete66syxp,Fulham FC,Fulham,Fulham,FUL,46.0,547.331,23.0,215.04,3.0,1.0,2.0,0.0,11.898,9.35,5.0,1.0,10.0,1.0,2.0,28.0,12.0,42.857,2.0,0.0,0.0,,,,,,,,,,577725.0,270.0,3.0,3.0,3.0,3.03,0.0,0.341,0.341,0.0,0.0,Josh,King,2007-01-03,19.7,54.0,24.0,Midfielder,Central Midfielder,4oh051knl4dkgju4yvj7xlwr8,hzqh7z0mdl3v7gwete66syxp,Fulham FC,Fulham,Fulham,FUL,577725.0,270.0,3.0,109.0,91.0,83.49,43.0,32.0,74.42,4.0,0.0,0.0,0.0,0.0,0.0,Josh,King,2007-01-03,19.7,54.0,24.0,Midfielder,Central Midfielder,4oh051knl4dkgju4yvj7xlwr8,hzqh7z0mdl3v7gwete66syxp,Fulham FC,Fulham,Fulham,FUL,577725,4oh051knl4dkgju4yvj7xlwr8,54,hzqh7z0mdl3v7gwete66syxp
Joshua Zirkzee,458249.0,0.0,0.0,0.0,0.0,0.0,0.0,0.0,0.0,0.0,Joshua,Zirkzee,2001-05-22,25.32,1.0,11.0,Forward,Striker,458249,6eqit8ye8aomdsrrq0hk3v7gh,Manchester United FC,Manchester United,Man Utd,MUN,0.0,0.0,0.0,0.0,0.0,0.0,0.0,0.0,0.0,0.0,0.0,0.0,0.0,0.0,0.0,0.0,0.0,0.0,0.0,0.0,0.0,,,,,,,,,,458249.0,0.0,0.0,0.0,0.0,0.0,0.0,0.0,0.0,0.0,0.0,Joshua,Zirkzee,2001-05-22,25.32,1.0,11.0,Forward,Striker,458249,6eqit8ye8aomdsrrq0hk3v7gh,Manchester United FC,Manchester United,Man Utd,MUN,458249.0,0.0,0.0,0.0,0.0,0.0,0.0,0.0,0.0,0.0,0.0,0.0,0.0,0.0,0.0,Joshua,Zirkzee,2001-05-22,25.32,1.0,11.0,Forward,Striker,458249,6eqit8ye8aomdsrrq0hk3v7gh,Manchester United FC,Manchester United,Man Utd,MUN,458249,458249,1,6eqit8ye8aomdsrrq0hk3v7gh
Josko Gvardiol,477424.0,3.0,255.0,1.0,0.2,0.8,2.0,1.0,50.0,0.1,Josko,Gvardiol,2002-01-23,24.65,43.0,24.0,Defender,Central Defender,9prtaifv6stlujgywgq4wd08a,a3nyxabgsqlnqfkeg41m6tnpp,Manchester City FC,Manchester City,Man City,MCI,43.0,480.653,24.0,257.985,0.0,0.0,2.0,1.0,11.178,10.749,7.0,5.0,12.0,1.0,4.0,19.0,13.0,68.421,15.0,6.0,40.0,,,,,,,,,,477424.0,255.0,3.0,2.0,2.0,0.58,0.0,0.12,0.119,1.0,1.0,Josko,Gvardiol,2002-01-23,24.65,43.0,24.0,Defender,Central Defender,9prtaifv6stlujgywgq4wd08a,a3nyxabgsqlnqfkeg41m6tnpp,Manchester City FC,Manchester City,Man City,MCI,477424.0,255.0,3.0,174.0,146.0,83.91,48.0,38.0,79.17,2.0,2.0,100.0,1.0,0.0,0.0,Josko,Gvardiol,2002-01-23,24.65,43.0,24.0,Defender,Central Defender,9prtaifv6stlujgywgq4wd08a,a3nyxabgsqlnqfkeg41m6tnpp,Manchester City FC,Manchester City,Man City,MCI,477424,9prtaifv6stlujgywgq4wd08a,43,a3nyxabgsqlnqfkeg41m6tnpp
João Gomes,448089.0,1.0,40.0,0.0,0.0,0.0,0.0,0.0,0.0,0.0,João Victor,Gomes da Silva,2001-02-12,25.59,7.0,35.0,Midfielder,Central Midfielder,5hu4oy1jz8k1c3ajuiueoo2ga,b496gs285it6bheuikox6z9mj,Aston Villa FC,Aston Villa,Villa,AVL,10.0,118.934,3.0,35.49,0.0,0.0,1.0,0.0,11.893,11.83,4.0,0.0,2.0,0.0,1.0,10.0,6.0,60.0,1.0,0.0,0.0,,,,,,,,,,448089.0,40.0,1.0,1.0,1.0,7.69,0.0,0.006,0.006,0.0,0.0,João Victor,Gomes da Silva,2001-02-12,25.59,7.0,35.0,Midfielder,Central Midfielder,5hu4oy1jz8k1c3ajuiueoo2ga,b496gs285it6bheuikox6z9mj,Aston Villa FC,Aston Villa,Villa,AVL,448089.0,40.0,1.0,14.0,14.0,100.0,2.0,2.0,100.0,0.0,0.0,0.0,0.0,0.0,0.0,João Victor,Gomes da Silva,2001-02-12,25.59,7.0,35.0,Midfielder,Central Midfielder,5hu4oy1jz8k1c3ajuiueoo2ga,b496gs285it6bheuikox6z9mj,Aston Villa FC,Aston Villa,Villa,AVL,448089,5hu4oy1jz8k1c3ajuiueoo2ga,7,b496gs285it6bheuikox6z9mj
João Pedro,475168.0,3.0,270.0,2.0,1.87,0.13,10.0,3.0,20.0,0.19,João Pedro,Junqueira de Jesus,2001-09-26,24.98,8.0,9.0,Forward,Striker,eaqqezw2ed1u0tt3zc128mr1m,9q0arba2kbnywth8bkxlhgmdr,Chelsea FC,Chelsea,Chelsea,CHE,29.0,368.919,18.0,248.535,4.0,1.0,4.0,1.0,12.721,13.808,1.0,0.0,5.0,0.0,1.0,28.0,17.0,60.714,19.0,10.0,52.632,,,,,,,,,,475168.0,270.0,3.0,6.0,5.0,6.45,0.0,0.137,0.137,2.0,1.0,João Pedro,Junqueira de Jesus,2001-09-26,24.98,8.0,9.0,Forward,Striker,eaqqezw2ed1u0tt3zc128mr1m,9q0arba2kbnywth8bkxlhgmdr,Chelsea FC,Chelsea,Chelsea,CHE,475168.0,270.0,3.0,62.0,42.0,67.74,36.0,20.0,55.56,1.0,1.0,100.0,1.0,0.0,0.0,João Pedro,Junqueira de Jesus,2001-09-26,24.98,8.0,9.0,Forward,Striker,eaqqezw2ed1u0tt3zc128mr1m,9q0arba2kbnywth8bkxlhgmdr,Chelsea FC,Chelsea,Chelsea,CHE,475168,eaqqezw2ed1u0tt3zc128mr1m,8,9q0arba2kbnywth8bkxlhgmdr
Juanlu Sánchez,494928.0,0.0,0.0,0.0,0.0,0.0,0.0,0.0,0.0,0.0,Juanlu,Sánchez,2003-08-15,23.09,91.0,24.0,Midfielder,Winger,494928,1pse9ta7a45pi2w2grjim70ge,AFC Bournemouth,Bournemouth,Bournemouth,BOU,0.0,0.0,0.0,0.0,0.0,0.0,0.0,0.0,0.0,0.0,0.0,0.0,0.0,0.0,0.0,0.0,0.0,0.0,0.0,0.0,0.0,,,,,,,,,,494928.0,0.0,0.0,0.0,0.0,0.0,0.0,0.0,0.0,0.0,0.0,Juanlu,Sánchez,2003-08-15,23.09,91.0,24.0,Midfielder,Winger,494928,1pse9ta7a45pi2w2grjim70ge,AFC Bournemouth,Bournemouth,Bournemouth,BOU,494928.0,0.0,0.0,0.0,0.0,0.0,0.0,0.0,0.0,0.0,0.0,0.0,0.0,0.0,0.0,Juanlu,Sánchez,2003-08-15,23.09,91.0,24.0,Midfielder,Winger,494928,1pse9ta7a45pi2w2grjim70ge,AFC Bournemouth,Bournemouth,Bournemouth,BOU,494928,494928,91,1pse9ta7a45pi2w2grjim70ge
Jules Ahoka,696104.0,0.0,0.0,0.0,0.0,0.0,0.0,0.0,0.0,0.0,Jules,Ahoka,2006-05-08,20.36,56.0,29.0,Midfielder,Defensive Midfielder,696104,1r3545b2dzan8yqa80gtmcjch,Sunderland AFC,Sunderland,Sunderland,SUN,0.0,0.0,0.0,0.0,0.0,0.0,0.0,0.0,0.0,0.0,0.0,0.0,0.0,0.0,0.0,0.0,0.0,0.0,0.0,0.0,0.0,,,,,,,,,,696104.0,0.0,0.0,0.0,0.0,0.0,0.0,0.0,0.0,0.0,0.0,Jules,Ahoka,2006-05-08,20.36,56.0,29.0,Midfielder,Defensive Midfielder,696104,1r3545b2dzan8yqa80gtmcjch,Sunderland AFC,Sunderland,Sunderland,SUN,696104.0,0.0,0.0,0.0,0.0,0.0,0.0,0.0,0.0,0.0,0.0,0.0,0.0,0.0,0.0,Jules,Ahoka,2006-05-08,20.36,56.0,29.0,Midfielder,Defensive Midfielder,696104,1r3545b2dzan8yqa80gtmcjch,Sunderland AFC,Sunderland,Sunderland,SUN,696104,696104,56,1r3545b2dzan8yqa80gtmcjch
Julio Enciso,474120.0,3.0,251.0,0.0,0.87,-0.87,12.0,3.0,0.0,0.07,Julio,Enciso,2004-01-23,22.65,40.0,10.0,Midfielder,Attacking Midfielder,1mf7tr17fqnddm23nx1z1tsh6,8b523ujgl21tbc01me65q0aoh,Ipswich Town FC,Ipswich Town,Ipswich,IPS,46.0,603.311,27.0,356.265,7.0,0.0,2.0,2.0,13.115,13.195,2.0,3.0,15.0,0.0,1.0,33.0,15.0,45.455,1.0,0.0,0.0,,,,,,,,,,474120.0,251.0,3.0,4.0,4.0,2.7,0.0,0.643,0.643,2.0,2.0,Julio,Enciso,2004-01-23,22.65,40.0,10.0,Midfielder,Attacking Midfielder,1mf7tr17fqnddm23nx1z1tsh6,8b523ujgl21tbc01me65q0aoh,Ipswich Town FC,Ipswich Town,Ipswich,IPS,474120.0,251.0,3.0,83.0,73.0,87.95,27.0,23.0,85.19,0.0,0.0,0.0,0.0,0.0,0.0,Julio,Enciso,2004-01-23,22.65,40.0,10.0,Midfielder,Attacking Midfielder,1mf7tr17fqnddm23nx1z1tsh6,8b523ujgl21tbc01me65q0aoh,Ipswich Town FC,Ipswich Town,Ipswich,IPS,474120,1mf7tr17fqnddm23nx1z1tsh6,40,8b523ujgl21tbc01me65q0aoh
Julio Soler,575901.0,0.0,0.0,0.0,0.0,0.0,0.0,0.0,0.0,0.0,Julio,Soler,2005-02-16,21.58,91.0,6.0,Defender,Full Back,575901,1pse9ta7a45pi2w2grjim70ge,AFC Bournemouth,Bournemouth,Bournemouth,BOU,0.0,0.0,0.0,0.0,0.0,0.0,0.0,0.0,0.0,0.0,0.0,0.0,0.0,0.0,0.0,0.0,0.0,0.0,0.0,0.0,0.0,,,,,,,,,,575901.0,0.0,0.0,0.0,0.0,0.0,0.0,0.0,0.0,0.0,0.0,Julio,Soler,2005-02-16,21.58,91.0,6.0,Defender,Full Back,575901,1pse9ta7a45pi2w2grjim70ge,AFC Bournemouth,Bournemouth,Bournemouth,BOU,575901.0,0.0,0.0,0.0,0.0,0.0,0.0,0.0,0.0,0.0,0.0,0.0,0.0,0.0,0.0,Julio,Soler,2005-02-16,21.58,91.0,6.0,Defender,Full Back,575901,1pse9ta7a45pi2w2grjim70ge,AFC Bournemouth,Bournemouth,Bournemouth,BOU,575901,575901,91,1pse9ta7a45pi2w2grjim70ge
Justin Kluivert,222683.0,3.0,232.0,0.0,0.78,-0.78,7.0,3.0,0.0,0.11,Justin,Kluivert,1999-05-05,27.37,91.0,19.0,Forward,Winger,5qgc6zjc38a5xjl35gs7h3vu1,1pse9ta7a45pi2w2grjim70ge,AFC Bournemouth,Bournemouth,Bournemouth,BOU,21.0,281.372,17.0,231.945,2.0,0.0,2.0,0.0,13.399,13.644,4.0,1.0,13.0,0.0,0.0,23.0,13.0,56.522,3.0,0.0,0.0,,,,,,,,,,222683.0,232.0,3.0,3.0,3.0,8.11,0.0,0.064,0.064,0.0,0.0,Justin,Kluivert,1999-05-05,27.37,91.0,19.0,Forward,Winger,5qgc6zjc38a5xjl35gs7h3vu1,1pse9ta7a45pi2w2grjim70ge,AFC Bournemouth,Bournemouth,Bournemouth,BOU,222683.0,232.0,3.0,38.0,29.0,76.32,12.0,8.0,66.67,4.0,1.0,25.0,1.0,0.0,0.0,Justin,Kluivert,1999-05-05,27.37,91.0,19.0,Forward,Winger,5qgc6zjc38a5xjl35gs7h3vu1,1pse9ta7a45pi2w2grjim70ge,AFC Bournemouth,Bournemouth,Bournemouth,BOU,222683,5qgc6zjc38a5xjl35gs7h3vu1,91,1pse9ta7a45pi2w2grjim70ge
Jérémy Jacquet,606702.0,3.0,237.0,0.0,0.0,0.0,0.0,0.0,0.0,0.0,Jérémy,Jacquet,2005-07-13,21.18,14.0,5.0,Defender,Central Defender,cg0yobsmbeqqdzpiynwt6m0ic,c8h9bw1l82s06h77xxrelzhur,Liverpool FC,Liverpool,Liverpool,LIV,40.0,438.25,31.0,358.365,0.0,0.0,1.0,0.0,10.956,11.56,7.0,5.0,10.0,2.0,9.0,17.0,13.0,76.471,8.0,5.0,62.5,,,,,,,,,,606702.0,237.0,3.0,3.0,3.0,1.52,0.0,0.1,0.1,0.0,0.0,Jérémy,Jacquet,2005-07-13,21.18,14.0,5.0,Defender,Central Defender,cg0yobsmbeqqdzpiynwt6m0ic,c8h9bw1l82s06h77xxrelzhur,Liverpool FC,Liverpool,Liverpool,LIV,606702.0,237.0,3.0,205.0,190.0,92.68,49.0,42.0,85.71,0.0,0.0,0.0,0.0,0.0,0.0,Jérémy,Jacquet,2005-07-13,21.18,14.0,5.0,Defender,Central Defender,cg0yobsmbeqqdzpiynwt6m0ic,c8h9bw1l82s06h77xxrelzhur,Liverpool FC,Liverpool,Liverpool,LIV,606702,cg0yobsmbeqqdzpiynwt6m0ic,14,c8h9bw1l82s06h77xxrelzhur
Jørgen Strand Larsen,247412.0,3.0,135.0,0.0,0.3,-0.3,2.0,1.0,0.0,0.15,Jørgen,Strand Larsen,2000-02-06,26.61,31.0,22.0,Forward,Striker,2ge9oa66xgsefhhpvuboua76x,1c8m2ko0wxq1asfkuykurdr0y,Crystal Palace FC,Crystal Palace,Palace,CRY,2.0,14.754,0.0,6.09,0.0,0.0,0.0,0.0,7.377,0.0,1.0,0.0,4.0,0.0,2.0,10.0,3.0,30.0,10.0,6.0,60.0,,,,,,,,,,247412.0,135.0,3.0,0.0,0.0,0.0,0.0,0.009,0.009,0.0,0.0,Jørgen,Strand Larsen,2000-02-06,26.61,31.0,22.0,Forward,Striker,2ge9oa66xgsefhhpvuboua76x,1c8m2ko0wxq1asfkuykurdr0y,Crystal Palace FC,Crystal Palace,Palace,CRY,247412.0,135.0,3.0,22.0,14.0,63.64,5.0,3.0,60.0,0.0,0.0,0.0,0.0,0.0,0.0,Jørgen,Strand Larsen,2000-02-06,26.61,31.0,22.0,Forward,Striker,2ge9oa66xgsefhhpvuboua76x,1c8m2ko0wxq1asfkuykurdr0y,Crystal Palace FC,Crystal Palace,Palace,CRY,247412,2ge9oa66xgsefhhpvuboua76x,31,1c8m2ko0wxq1asfkuykurdr0y
Kaden Braithwaite,554054.0,1.0,1.0,0.0,0.0,0.0,0.0,0.0,0.0,0.0,Kaden,Braithwaite,2008-02-08,18.6,43.0,61.0,Defender,Central Defender,45x1fi7jqz4au3lkjkevwnrbo,a3nyxabgsqlnqfkeg41m6tnpp,Manchester City FC,Manchester City,Man City,MCI,1.0,12.788,1.0,12.495,0.0,0.0,0.0,0.0,12.788,12.495,0.0,0.0,1.0,0.0,0.0,0.0,0.0,0.0,0.0,0.0,0.0,,,,,,,,,,554054.0,1.0,1.0,0.0,0.0,0.0,0.0,0.001,0.001,0.0,0.0,Kaden,Braithwaite,2008-02-08,18.6,43.0,61.0,Defender,Central Defender,45x1fi7jqz4au3lkjkevwnrbo,a3nyxabgsqlnqfkeg41m6tnpp,Manchester City FC,Manchester City,Man City,MCI,554054.0,1.0,1.0,10.0,10.0,100.0,0.0,0.0,0.0,0.0,0.0,0.0,0.0,0.0,0.0,Kaden,Braithwaite,2008-02-08,18.6,43.0,61.0,Defender,Central Defender,45x1fi7jqz4au3lkjkevwnrbo,a3nyxabgsqlnqfkeg41m6tnpp,Manchester City FC,Manchester City,Man City,MCI,554054,45x1fi7jqz4au3lkjkevwnrbo,43,a3nyxabgsqlnqfkeg41m6tnpp
Kai Havertz,219847.0,3.0,258.0,2.0,0.56,1.44,5.0,4.0,40.0,0.11,Kai,Havertz,1999-06-11,27.27,3.0,29.0,Forward,Second Striker,ed20ebhqi5c32vbbsze8r6yuh,4dsgumo7d4zupm2ugsvm4zm4d,Arsenal FC,Arsenal,Arsenal,ARS,11.0,149.01,8.0,102.9,2.0,1.0,0.0,0.0,13.546,12.862,0.0,2.0,5.0,0.0,1.0,13.0,6.0,46.154,15.0,8.0,53.333,,,,,,,,,,219847.0,258.0,3.0,4.0,4.0,6.06,0.0,0.326,0.326,0.0,0.0,Kai,Havertz,1999-06-11,27.27,3.0,29.0,Forward,Second Striker,ed20ebhqi5c32vbbsze8r6yuh,4dsgumo7d4zupm2ugsvm4zm4d,Arsenal FC,Arsenal,Arsenal,ARS,219847.0,258.0,3.0,66.0,50.0,75.76,39.0,30.0,76.92,1.0,0.0,0.0,1.0,1.0,100.0,Kai,Havertz,1999-06-11,27.27,3.0,29.0,Forward,Second Striker,ed20ebhqi5c32vbbsze8r6yuh,4dsgumo7d4zupm2ugsvm4zm4d,Arsenal FC,Arsenal,Arsenal,ARS,219847,ed20ebhqi5c32vbbsze8r6yuh,3,4dsgumo7d4zupm2ugsvm4zm4d
Kasey McAteer,461587.0,3.0,42.0,0.0,0.05,-0.05,1.0,1.0,0.0,0.05,Kasey,McAteer,2001-11-22,24.82,40.0,20.0,Midfielder,Attacking Midfielder,4w3hixbz661gepdin7ji0flgq,8b523ujgl21tbc01me65q0aoh,Ipswich Town FC,Ipswich Town,Ipswich,IPS,3.0,34.805,2.0,13.23,1.0,0.0,0.0,0.0,11.602,6.615,1.0,0.0,4.0,0.0,0.0,3.0,1.0,33.333,2.0,0.0,0.0,,,,,,,,,,461587.0,42.0,3.0,0.0,0.0,0.0,0.0,0.007,0.007,0.0,0.0,Kasey,McAteer,2001-11-22,24.82,40.0,20.0,Midfielder,Attacking Midfielder,4w3hixbz661gepdin7ji0flgq,8b523ujgl21tbc01me65q0aoh,Ipswich Town FC,Ipswich Town,Ipswich,IPS,461587.0,42.0,3.0,12.0,11.0,91.67,2.0,2.0,100.0,0.0,0.0,0.0,0.0,0.0,0.0,Kasey,McAteer,2001-11-22,24.82,40.0,20.0,Midfielder,Attacking Midfielder,4w3hixbz661gepdin7ji0flgq,8b523ujgl21tbc01me65q0aoh,Ipswich Town FC,Ipswich Town,Ipswich,IPS,461587,4w3hixbz661gepdin7ji0flgq,40,8b523ujgl21tbc01me65q0aoh
Keane Lewis-Potter,249231.0,3.0,268.0,1.0,1.02,-0.02,6.0,1.0,16.67,0.17,Keane,Lewis-Potter,2001-02-22,25.57,94.0,23.0,Forward,Striker,7j36oy8n0tu8ps0haqb4es48a,7yx5dqhhphyvfisohikodajhv,Brentford FC,Brentford,Brentford,BRE,43.0,450.246,23.0,273.735,0.0,0.0,1.0,0.0,10.471,11.902,4.0,2.0,12.0,1.0,8.0,19.0,6.0,31.579,12.0,2.0,16.667,,,,,,,,,,249231.0,268.0,3.0,6.0,5.0,3.64,16.67,0.646,0.572,1.0,1.0,Keane,Lewis-Potter,2001-02-22,25.57,94.0,23.0,Forward,Striker,7j36oy8n0tu8ps0haqb4es48a,7yx5dqhhphyvfisohikodajhv,Brentford FC,Brentford,Brentford,BRE,249231.0,268.0,3.0,111.0,95.0,85.59,41.0,32.0,78.05,16.0,5.0,31.25,0.0,0.0,0.0,Keane,Lewis-Potter,2001-02-22,25.57,94.0,23.0,Forward,Striker,7j36oy8n0tu8ps0haqb4es48a,7yx5dqhhphyvfisohikodajhv,Brentford FC,Brentford,Brentford,BRE,249231,7j36oy8n0tu8ps0haqb4es48a,94,7yx5dqhhphyvfisohikodajhv
Kenny Tete,167074.0,0.0,0.0,0.0,0.0,0.0,0.0,0.0,0.0,0.0,Kenny,Tete,1995-10-09,30.95,54.0,2.0,Defender,Full Back,167074,hzqh7z0mdl3v7gwete66syxp,Fulham FC,Fulham,Fulham,FUL,0.0,0.0,0.0,0.0,0.0,0.0,0.0,0.0,0.0,0.0,0.0,0.0,0.0,0.0,0.0,0.0,0.0,0.0,0.0,0.0,0.0,,,,,,,,,,167074.0,0.0,0.0,0.0,0.0,0.0,0.0,0.0,0.0,0.0,0.0,Kenny,Tete,1995-10-09,30.95,54.0,2.0,Defender,Full Back,167074,hzqh7z0mdl3v7gwete66syxp,Fulham FC,Fulham,Fulham,FUL,167074.0,0.0,0.0,0.0,0.0,0.0,0.0,0.0,0.0,0.0,0.0,0.0,0.0,0.0,0.0,Kenny,Tete,1995-10-09,30.95,54.0,2.0,Defender,Full Back,167074,hzqh7z0mdl3v7gwete66syxp,Fulham FC,Fulham,Fulham,FUL,167074,167074,54,hzqh7z0mdl3v7gwete66syxp
Kevin,560552.0,2.0,24.0,0.0,0.0,0.0,0.0,0.0,0.0,0.0,Kevin,Santos Lopes de Macedo,2003-01-04,23.7,54.0,11.0,Forward,Winger,8bj0welrf2r362hzigb86704q,hzqh7z0mdl3v7gwete66syxp,Fulham FC,Fulham,Fulham,FUL,10.0,121.178,6.0,102.165,0.0,0.0,0.0,0.0,12.118,17.028,2.0,0.0,1.0,0.0,0.0,11.0,3.0,27.273,0.0,0.0,0.0,,,,,,,,,,560552.0,24.0,2.0,0.0,0.0,0.0,0.0,0.044,0.044,0.0,0.0,Kevin,Santos Lopes de Macedo,2003-01-04,23.7,54.0,11.0,Forward,Winger,8bj0welrf2r362hzigb86704q,hzqh7z0mdl3v7gwete66syxp,Fulham FC,Fulham,Fulham,FUL,560552.0,24.0,2.0,17.0,16.0,94.12,8.0,8.0,100.0,1.0,0.0,0.0,0.0,0.0,0.0,Kevin,Santos Lopes de Macedo,2003-01-04,23.7,54.0,11.0,Forward,Winger,8bj0welrf2r362hzigb86704q,hzqh7z0mdl3v7gwete66syxp,Fulham FC,Fulham,Fulham,FUL,560552,8bj0welrf2r362hzigb86704q,54,hzqh7z0mdl3v7gwete66syxp
Kevin Danso,135720.0,1.0,90.0,0.0,0.0,0.0,0.0,0.0,0.0,0.0,Kevin,Danso,1998-09-19,28.0,56.0,4.0,Defender,Central Defender,4ezld812zytvbokz97jwycgkp,1r3545b2dzan8yqa80gtmcjch,Sunderland AFC,Sunderland,Sunderland,SUN,7.0,78.813,3.0,16.59,0.0,0.0,0.0,0.0,11.259,5.53,1.0,0.0,3.0,0.0,7.0,3.0,2.0,66.667,4.0,2.0,50.0,,,,,,,,,,135720.0,90.0,1.0,1.0,0.0,0.0,100.0,0.076,0.007,0.0,0.0,Kevin,Danso,1998-09-19,28.0,56.0,4.0,Defender,Central Defender,4ezld812zytvbokz97jwycgkp,1r3545b2dzan8yqa80gtmcjch,Sunderland AFC,Sunderland,Sunderland,SUN,135720.0,90.0,1.0,43.0,35.0,81.4,9.0,6.0,66.67,0.0,0.0,0.0,0.0,0.0,0.0,Kevin,Danso,1998-09-19,28.0,56.0,4.0,Defender,Central Defender,4ezld812zytvbokz97jwycgkp,1r3545b2dzan8yqa80gtmcjch,Sunderland AFC,Sunderland,Sunderland,SUN,135720,4ezld812zytvbokz97jwycgkp,56,1r3545b2dzan8yqa80gtmcjch
Kevin Schade,513418.0,3.0,268.0,1.0,0.77,0.23,8.0,3.0,12.5,0.1,Kevin,Schade,2001-11-27,24.81,94.0,7.0,Midfielder,Winger,1h3mduwlaf89ebwtqxuegsodm,7yx5dqhhphyvfisohikodajhv,Brentford FC,Brentford,Brentford,BRE,20.0,249.0,11.0,114.66,0.0,0.0,0.0,0.0,12.45,10.424,5.0,0.0,14.0,1.0,3.0,30.0,14.0,46.667,13.0,8.0,61.538,,,,,,,,,,513418.0,268.0,3.0,3.0,3.0,4.69,0.0,0.199,0.199,0.0,0.0,Kevin,Schade,2001-11-27,24.81,94.0,7.0,Midfielder,Winger,1h3mduwlaf89ebwtqxuegsodm,7yx5dqhhphyvfisohikodajhv,Brentford FC,Brentford,Brentford,BRE,513418.0,268.0,3.0,64.0,38.0,59.38,40.0,21.0,52.5,0.0,0.0,0.0,0.0,0.0,0.0,Kevin,Schade,2001-11-27,24.81,94.0,7.0,Midfielder,Winger,1h3mduwlaf89ebwtqxuegsodm,7yx5dqhhphyvfisohikodajhv,Brentford FC,Brentford,Brentford,BRE,513418,1h3mduwlaf89ebwtqxuegsodm,94,7yx5dqhhphyvfisohikodajhv
Kieran Dowell,171270.0,0.0,0.0,0.0,0.0,0.0,0.0,0.0,0.0,0.0,Kieran,Dowell,1997-10-10,28.94,88.0,26.0,Midfielder,Attacking Midfielder,171270,f0figafm2v9h8ofo6slajj7xf,Hull City AFC,Hull City,Hull,HUL,0.0,0.0,0.0,0.0,0.0,0.0,0.0,0.0,0.0,0.0,0.0,0.0,0.0,0.0,0.0,0.0,0.0,0.0,0.0,0.0,0.0,,,,,,,,,,171270.0,0.0,0.0,0.0,0.0,0.0,0.0,0.0,0.0,0.0,0.0,Kieran,Dowell,1997-10-10,28.94,88.0,26.0,Midfielder,Attacking Midfielder,171270,f0figafm2v9h8ofo6slajj7xf,Hull City AFC,Hull City,Hull,HUL,171270.0,0.0,0.0,0.0,0.0,0.0,0.0,0.0,0.0,0.0,0.0,0.0,0.0,0.0,0.0,Kieran,Dowell,1997-10-10,28.94,88.0,26.0,Midfielder,Attacking Midfielder,171270,f0figafm2v9h8ofo6slajj7xf,Hull City AFC,Hull City,Hull,HUL,171270,171270,88,f0figafm2v9h8ofo6slajj7xf
Kiernan Dewsbury-Hall,215413.0,3.0,269.0,1.0,0.45,0.55,9.0,4.0,11.11,0.05,Kiernan,Dewsbury-Hall,1998-09-06,28.03,11.0,8.0,Midfielder,Central Midfielder,2bkp1lcaxmvwoanxwo0775cdl,ehd2iemqmschhj2ec0vayztzz,Everton FC,Everton,Everton,EVE,40.0,683.812,29.0,518.805,2.0,1.0,2.0,0.0,17.095,17.89,9.0,0.0,17.0,0.0,3.0,29.0,15.0,51.724,2.0,0.0,0.0,,,,,,,,,,215413.0,269.0,3.0,8.0,6.0,5.94,25.0,0.398,0.259,0.0,0.0,Kiernan,Dewsbury-Hall,1998-09-06,28.03,11.0,8.0,Midfielder,Central Midfielder,2bkp1lcaxmvwoanxwo0775cdl,ehd2iemqmschhj2ec0vayztzz,Everton FC,Everton,Everton,EVE,215413.0,269.0,3.0,109.0,91.0,83.49,60.0,47.0,78.33,8.0,1.0,12.5,2.0,0.0,0.0,Kiernan,Dewsbury-Hall,1998-09-06,28.03,11.0,8.0,Midfielder,Central Midfielder,2bkp1lcaxmvwoanxwo0775cdl,ehd2iemqmschhj2ec0vayztzz,Everton FC,Everton,Everton,EVE,215413,2bkp1lcaxmvwoanxwo0775cdl,11,ehd2iemqmschhj2ec0vayztzz
Kjell Scherpen,,,,,,,,,,,,,,,,,,,,,,,,,,,,,,,,,,,,,,,,,,,,,,270.0,100.0,1.0,8.0,13.0,61.9,-0.01,0.86,6.99,,,,,,,,,,,,,,,,,,,,,,,,,,,,,,,,,,,,,,,,,,,,,,,,,,,,,,,240514,84yhv0iilunn0vllz1r5fe7l5,40,8b523ujgl21tbc01me65q0aoh
Kobbie Mainoo,516895.0,3.0,187.0,0.0,0.21,-0.21,4.0,0.0,0.0,0.05,Kobbie,Mainoo,2005-04-19,21.41,1.0,37.0,Midfielder,Central Midfielder,cgm6zre07l5qauif32jtfqsk4,6eqit8ye8aomdsrrq0hk3v7gh,Manchester United FC,Manchester United,Man Utd,MUN,56.0,620.071,32.0,299.145,0.0,0.0,1.0,1.0,11.073,9.348,5.0,3.0,21.0,0.0,2.0,20.0,14.0,70.0,2.0,1.0,50.0,,,,,,,,,,516895.0,187.0,3.0,2.0,2.0,0.65,0.0,0.355,0.354,1.0,1.0,Kobbie,Mainoo,2005-04-19,21.41,1.0,37.0,Midfielder,Central Midfielder,cgm6zre07l5qauif32jtfqsk4,6eqit8ye8aomdsrrq0hk3v7gh,Manchester United FC,Manchester United,Man Utd,MUN,516895.0,187.0,3.0,158.0,146.0,92.41,37.0,31.0,83.78,1.0,0.0,0.0,1.0,1.0,100.0,Kobbie,Mainoo,2005-04-19,21.41,1.0,37.0,Midfielder,Central Midfielder,cgm6zre07l5qauif32jtfqsk4,6eqit8ye8aomdsrrq0hk3v7gh,Manchester United FC,Manchester United,Man Utd,MUN,516895,cgm6zre07l5qauif32jtfqsk4,1,6eqit8ye8aomdsrrq0hk3v7gh
Konstantinos Tzolakis,,,,,,,,,,,,,,,,,,,,,,,,,,,,,,,,,,,,,,,,,,,,,,270.0,100.0,0.0,0.0,9.0,100.0,2.0,0.0,2.0,,,,,,,,,,,,,,,,,,,,,,,,,,,,,,,,,,,,,,,,,,,,,,,,,,,,,,,473284,gw2711y9bgq4w80ntfqvv88a,88,f0figafm2v9h8ofo6slajj7xf
Kostas Tsimikas,214285.0,1.0,19.0,0.0,0.04,-0.04,1.0,1.0,0.0,0.04,Kostas,Tsimikas,1996-05-12,30.35,14.0,21.0,Defender,Full Back,3kwkd3b95n8qzqtq4idxav45x,c8h9bw1l82s06h77xxrelzhur,Liverpool FC,Liverpool,Liverpool,LIV,4.0,32.885,3.0,15.225,0.0,0.0,0.0,0.0,8.221,5.075,0.0,0.0,0.0,0.0,0.0,2.0,0.0,0.0,0.0,0.0,0.0,,,,,,,,,,214285.0,19.0,1.0,0.0,0.0,0.0,0.0,0.005,0.005,0.0,0.0,Kostas,Tsimikas,1996-05-12,30.35,14.0,21.0,Defender,Full Back,3kwkd3b95n8qzqtq4idxav45x,c8h9bw1l82s06h77xxrelzhur,Liverpool FC,Liverpool,Liverpool,LIV,214285.0,19.0,1.0,13.0,13.0,100.0,5.0,5.0,100.0,1.0,0.0,0.0,0.0,0.0,0.0,Kostas,Tsimikas,1996-05-12,30.35,14.0,21.0,Defender,Full Back,3kwkd3b95n8qzqtq4idxav45x,c8h9bw1l82s06h77xxrelzhur,Liverpool FC,Liverpool,Liverpool,LIV,214285,3kwkd3b95n8qzqtq4idxav45x,14,c8h9bw1l82s06h77xxrelzhur
Kristoffer Ajer,191866.0,3.0,270.0,0.0,0.11,-0.11,1.0,1.0,0.0,0.11,Kristoffer,Ajer,1998-04-17,28.42,94.0,20.0,Defender,Central Defender,32bvxwhceid2xdcfx6cd8a8d1,7yx5dqhhphyvfisohikodajhv,Brentford FC,Brentford,Brentford,BRE,31.0,377.673,17.0,217.98,0.0,0.0,1.0,0.0,12.183,12.822,2.0,3.0,7.0,2.0,25.0,10.0,4.0,40.0,23.0,16.0,69.565,,,,,,,,,,191866.0,270.0,3.0,2.0,2.0,1.75,0.0,0.029,0.029,0.0,0.0,Kristoffer,Ajer,1998-04-17,28.42,94.0,20.0,Defender,Central Defender,32bvxwhceid2xdcfx6cd8a8d1,7yx5dqhhphyvfisohikodajhv,Brentford FC,Brentford,Brentford,BRE,191866.0,270.0,3.0,123.0,99.0,80.49,20.0,13.0,65.0,0.0,0.0,0.0,0.0,0.0,0.0,Kristoffer,Ajer,1998-04-17,28.42,94.0,20.0,Defender,Central Defender,32bvxwhceid2xdcfx6cd8a8d1,7yx5dqhhphyvfisohikodajhv,Brentford FC,Brentford,Brentford,BRE,191866,32bvxwhceid2xdcfx6cd8a8d1,94,7yx5dqhhphyvfisohikodajhv
Lamare Bogarde,515597.0,1.0,16.0,0.0,0.0,0.0,0.0,0.0,0.0,0.0,Lamare,Bogarde,2004-01-05,22.7,7.0,26.0,Midfielder,Central Defender,9jj7t00bb5zflz78nlz3bvllg,b496gs285it6bheuikox6z9mj,Aston Villa FC,Aston Villa,Villa,AVL,0.0,0.0,0.0,0.0,0.0,0.0,0.0,0.0,0.0,0.0,0.0,0.0,0.0,0.0,1.0,0.0,0.0,0.0,2.0,1.0,50.0,,,,,,,,,,515597.0,16.0,1.0,0.0,0.0,0.0,0.0,0.002,0.002,0.0,0.0,Lamare,Bogarde,2004-01-05,22.7,7.0,26.0,Midfielder,Central Defender,9jj7t00bb5zflz78nlz3bvllg,b496gs285it6bheuikox6z9mj,Aston Villa FC,Aston Villa,Villa,AVL,515597.0,16.0,1.0,2.0,2.0,100.0,2.0,2.0,100.0,0.0,0.0,0.0,0.0,0.0,0.0,Lamare,Bogarde,2004-01-05,22.7,7.0,26.0,Midfielder,Central Defender,9jj7t00bb5zflz78nlz3bvllg,b496gs285it6bheuikox6z9mj,Aston Villa FC,Aston Villa,Villa,AVL,515597,9jj7t00bb5zflz78nlz3bvllg,7,b496gs285it6bheuikox6z9mj
Leif Davis,455084.0,3.0,270.0,1.0,0.65,0.35,3.0,2.0,33.33,0.22,Leif,Davis,1999-12-31,26.72,40.0,3.0,Defender,Full Back,a9352zsh3xr7rcxs0jmho7o8a,8b523ujgl21tbc01me65q0aoh,Ipswich Town FC,Ipswich Town,Ipswich,IPS,19.0,196.176,10.0,99.855,0.0,0.0,1.0,0.0,10.325,9.986,2.0,2.0,8.0,3.0,10.0,7.0,3.0,42.857,2.0,2.0,100.0,,,,,,,,,,455084.0,270.0,3.0,3.0,3.0,3.53,0.0,0.255,0.254,0.0,0.0,Leif,Davis,1999-12-31,26.72,40.0,3.0,Defender,Full Back,a9352zsh3xr7rcxs0jmho7o8a,8b523ujgl21tbc01me65q0aoh,Ipswich Town FC,Ipswich Town,Ipswich,IPS,455084.0,270.0,3.0,88.0,67.0,76.14,28.0,17.0,60.71,6.0,0.0,0.0,1.0,1.0,100.0,Leif,Davis,1999-12-31,26.72,40.0,3.0,Defender,Full Back,a9352zsh3xr7rcxs0jmho7o8a,8b523ujgl21tbc01me65q0aoh,Ipswich Town FC,Ipswich Town,Ipswich,IPS,455084,a9352zsh3xr7rcxs0jmho7o8a,40,8b523ujgl21tbc01me65q0aoh
Leny Yoro,550864.0,2.0,22.0,0.0,0.0,0.0,0.0,0.0,0.0,0.0,Leny,Yoro,2005-11-13,20.84,1.0,15.0,Defender,Central Defender,6q793p9lurdevqmetgoke54wk,6eqit8ye8aomdsrrq0hk3v7gh,Manchester United FC,Manchester United,Man Utd,MUN,10.0,181.561,8.0,164.22,0.0,0.0,0.0,0.0,18.156,20.528,2.0,2.0,1.0,0.0,1.0,5.0,2.0,40.0,1.0,0.0,0.0,,,,,,,,,,550864.0,22.0,2.0,0.0,0.0,0.0,0.0,0.023,0.023,0.0,0.0,Leny,Yoro,2005-11-13,20.84,1.0,15.0,Defender,Central Defender,6q793p9lurdevqmetgoke54wk,6eqit8ye8aomdsrrq0hk3v7gh,Manchester United FC,Manchester United,Man Utd,MUN,550864.0,22.0,2.0,24.0,22.0,91.67,10.0,8.0,80.0,0.0,0.0,0.0,0.0,0.0,0.0,Leny,Yoro,2005-11-13,20.84,1.0,15.0,Defender,Central Defender,6q793p9lurdevqmetgoke54wk,6eqit8ye8aomdsrrq0hk3v7gh,Manchester United FC,Manchester United,Man Utd,MUN,550864,6q793p9lurdevqmetgoke54wk,1,6eqit8ye8aomdsrrq0hk3v7gh
Leo Shahar,553746.0,0.0,0.0,0.0,0.0,0.0,0.0,0.0,0.0,0.0,Leo,Shahar,2007-03-18,19.5,4.0,51.0,Defender,Full Back,553746,7vn2i2kd35zuetw6b38gw9jsz,Newcastle United FC,Newcastle United,Newcastle,NEW,0.0,0.0,0.0,0.0,0.0,0.0,0.0,0.0,0.0,0.0,0.0,0.0,0.0,0.0,0.0,0.0,0.0,0.0,0.0,0.0,0.0,,,,,,,,,,553746.0,0.0,0.0,0.0,0.0,0.0,0.0,0.0,0.0,0.0,0.0,Leo,Shahar,2007-03-18,19.5,4.0,51.0,Defender,Full Back,553746,7vn2i2kd35zuetw6b38gw9jsz,Newcastle United FC,Newcastle United,Newcastle,NEW,553746.0,0.0,0.0,0.0,0.0,0.0,0.0,0.0,0.0,0.0,0.0,0.0,0.0,0.0,0.0,Leo,Shahar,2007-03-18,19.5,4.0,51.0,Defender,Full Back,553746,7vn2i2kd35zuetw6b38gw9jsz,Newcastle United FC,Newcastle United,Newcastle,NEW,553746,553746,4,7vn2i2kd35zuetw6b38gw9jsz
Levi Colwill,460028.0,2.0,162.0,0.0,0.01,-0.01,1.0,0.0,0.0,0.01,Levi,Colwill,2003-02-26,23.56,8.0,6.0,Defender,Central Defender,573hlc6devy50gjotyav9ql4a,9q0arba2kbnywth8bkxlhgmdr,Chelsea FC,Chelsea,Chelsea,CHE,11.0,78.092,4.0,20.16,0.0,0.0,0.0,0.0,7.099,5.04,3.0,2.0,5.0,0.0,8.0,6.0,5.0,83.333,7.0,4.0,57.143,,,,,,,,,,460028.0,162.0,2.0,0.0,0.0,0.0,0.0,0.03,0.029,0.0,0.0,Levi,Colwill,2003-02-26,23.56,8.0,6.0,Defender,Central Defender,573hlc6devy50gjotyav9ql4a,9q0arba2kbnywth8bkxlhgmdr,Chelsea FC,Chelsea,Chelsea,CHE,460028.0,162.0,2.0,51.0,41.0,80.39,7.0,4.0,57.14,0.0,0.0,0.0,0.0,0.0,0.0,Levi,Colwill,2003-02-26,23.56,8.0,6.0,Defender,Central Defender,573hlc6devy50gjotyav9ql4a,9q0arba2kbnywth8bkxlhgmdr,Chelsea FC,Chelsea,Chelsea,CHE,460028,573hlc6devy50gjotyav9ql4a,8,9q0arba2kbnywth8bkxlhgmdr
Lewie Coyle,193278.0,3.0,179.0,0.0,0.0,0.0,0.0,0.0,0.0,0.0,Lewie,Coyle,1995-10-15,30.93,88.0,2.0,Defender,Full Back,3oye5gz9f1wsjihq9ygx4doet,f0figafm2v9h8ofo6slajj7xf,Hull City AFC,Hull City,Hull,HUL,11.0,84.994,6.0,38.325,0.0,0.0,1.0,0.0,7.727,6.388,1.0,1.0,4.0,0.0,4.0,8.0,5.0,62.5,5.0,2.0,40.0,,,,,,,,,,193278.0,179.0,3.0,1.0,1.0,2.78,0.0,0.016,0.016,0.0,0.0,Lewie,Coyle,1995-10-15,30.93,88.0,2.0,Defender,Full Back,3oye5gz9f1wsjihq9ygx4doet,f0figafm2v9h8ofo6slajj7xf,Hull City AFC,Hull City,Hull,HUL,193278.0,179.0,3.0,40.0,31.0,77.5,15.0,10.0,66.67,5.0,1.0,20.0,0.0,0.0,0.0,Lewie,Coyle,1995-10-15,30.93,88.0,2.0,Defender,Full Back,3oye5gz9f1wsjihq9ygx4doet,f0figafm2v9h8ofo6slajj7xf,Hull City AFC,Hull City,Hull,HUL,193278,3oye5gz9f1wsjihq9ygx4doet,88,f0figafm2v9h8ofo6slajj7xf
Lewis Cook,155408.0,3.0,158.0,0.0,0.0,0.0,0.0,0.0,0.0,0.0,Lewis,Cook,1997-02-03,29.62,91.0,4.0,Midfielder,Central Midfielder,djelmk2oafas355n2u0d1bumt,1pse9ta7a45pi2w2grjim70ge,AFC Bournemouth,Bournemouth,Bournemouth,BOU,12.0,135.684,5.0,34.965,0.0,0.0,0.0,0.0,11.307,6.993,1.0,3.0,5.0,0.0,1.0,6.0,1.0,16.667,6.0,4.0,66.667,,,,,,,,,,155408.0,158.0,3.0,1.0,1.0,1.47,0.0,0.014,0.014,0.0,0.0,Lewis,Cook,1997-02-03,29.62,91.0,4.0,Midfielder,Central Midfielder,djelmk2oafas355n2u0d1bumt,1pse9ta7a45pi2w2grjim70ge,AFC Bournemouth,Bournemouth,Bournemouth,BOU,155408.0,158.0,3.0,70.0,61.0,87.14,8.0,4.0,50.0,0.0,0.0,0.0,0.0,0.0,0.0,Lewis,Cook,1997-02-03,29.62,91.0,4.0,Midfielder,Central Midfielder,djelmk2oafas355n2u0d1bumt,1pse9ta7a45pi2w2grjim70ge,AFC Bournemouth,Bournemouth,Bournemouth,BOU,155408,djelmk2oafas355n2u0d1bumt,91,1pse9ta7a45pi2w2grjim70ge
Lewis Dunk,83299.0,3.0,270.0,0.0,0.0,0.0,0.0,0.0,0.0,0.0,Lewis,Dunk,1991-11-21,34.83,36.0,5.0,Defender,Central Defender,jagvvzc7329tf2c64mnc251,e5p0ehyguld7egzhiedpdnc3w,Brighton & Hove Albion FC,Brighton & Hove Albion,Brighton,BHA,61.0,628.919,36.0,355.11,0.0,0.0,0.0,0.0,10.31,9.864,2.0,1.0,11.0,1.0,12.0,11.0,5.0,45.455,12.0,9.0,75.0,,,,,,,,,,83299.0,270.0,3.0,0.0,0.0,0.0,0.0,0.055,0.055,0.0,0.0,Lewis,Dunk,1991-11-21,34.83,36.0,5.0,Defender,Central Defender,jagvvzc7329tf2c64mnc251,e5p0ehyguld7egzhiedpdnc3w,Brighton & Hove Albion FC,Brighton & Hove Albion,Brighton,BHA,83299.0,270.0,3.0,296.0,271.0,91.55,50.0,37.0,74.0,2.0,0.0,0.0,0.0,0.0,0.0,Lewis,Dunk,1991-11-21,34.83,36.0,5.0,Defender,Central Defender,jagvvzc7329tf2c64mnc251,e5p0ehyguld7egzhiedpdnc3w,Brighton & Hove Albion FC,Brighton & Hove Albion,Brighton,BHA,83299,jagvvzc7329tf2c64mnc251,36,e5p0ehyguld7egzhiedpdnc3w
Lewis Hall,487838.0,3.0,269.0,0.0,0.05,-0.05,2.0,0.0,0.0,0.02,Lewis,Hall,2004-09-08,22.02,4.0,3.0,Defender,Full Back,8i46yzejeiwdmz0tywmy42o2y,7vn2i2kd35zuetw6b38gw9jsz,Newcastle United FC,Newcastle United,Newcastle,NEW,37.0,492.3,17.0,234.15,1.0,0.0,0.0,0.0,13.305,13.774,8.0,5.0,27.0,3.0,12.0,24.0,14.0,58.333,9.0,4.0,44.444,,,,,,,,,,487838.0,269.0,3.0,3.0,2.0,1.0,33.33,0.674,0.637,1.0,1.0,Lewis,Hall,2004-09-08,22.02,4.0,3.0,Defender,Full Back,8i46yzejeiwdmz0tywmy42o2y,7vn2i2kd35zuetw6b38gw9jsz,Newcastle United FC,Newcastle United,Newcastle,NEW,487838.0,269.0,3.0,108.0,88.0,81.48,35.0,25.0,71.43,3.0,2.0,66.67,1.0,1.0,100.0,Lewis,Hall,2004-09-08,22.02,4.0,3.0,Defender,Full Back,8i46yzejeiwdmz0tywmy42o2y,7vn2i2kd35zuetw6b38gw9jsz,Newcastle United FC,Newcastle United,Newcastle,NEW,487838,8i46yzejeiwdmz0tywmy42o2y,4,7vn2i2kd35zuetw6b38gw9jsz
Lewis Koumas,514514.0,2.0,13.0,0.0,0.03,-0.03,1.0,0.0,0.0,0.03,Lewis,Koumas,2005-09-19,20.99,14.0,67.0,Forward,0,bsnrrlvlht03c86wvaok0uuj8,c8h9bw1l82s06h77xxrelzhur,Liverpool FC,Liverpool,Liverpool,LIV,2.0,66.276,2.0,63.63,1.0,0.0,0.0,0.0,33.138,31.815,0.0,0.0,1.0,0.0,0.0,1.0,1.0,100.0,1.0,0.0,0.0,,,,,,,,,,514514.0,13.0,2.0,0.0,0.0,0.0,0.0,0.005,0.005,0.0,0.0,Lewis,Koumas,2005-09-19,20.99,14.0,67.0,Forward,0,bsnrrlvlht03c86wvaok0uuj8,c8h9bw1l82s06h77xxrelzhur,Liverpool FC,Liverpool,Liverpool,LIV,514514.0,13.0,2.0,3.0,2.0,66.67,3.0,2.0,66.67,0.0,0.0,0.0,0.0,0.0,0.0,Lewis,Koumas,2005-09-19,20.99,14.0,67.0,Forward,0,bsnrrlvlht03c86wvaok0uuj8,c8h9bw1l82s06h77xxrelzhur,Liverpool FC,Liverpool,Liverpool,LIV,514514,bsnrrlvlht03c86wvaok0uuj8,14,c8h9bw1l82s06h77xxrelzhur
Lewis Miley,547719.0,3.0,229.0,0.0,0.05,-0.05,1.0,0.0,0.0,0.05,Lewis,Miley,2006-05-01,20.38,4.0,67.0,Midfielder,0,552xyc766gp97a5zu8tcx4xzo,7vn2i2kd35zuetw6b38gw9jsz,Newcastle United FC,Newcastle United,Newcastle,NEW,24.0,247.984,11.0,91.14,0.0,0.0,0.0,0.0,10.333,8.285,1.0,2.0,15.0,1.0,7.0,12.0,6.0,50.0,6.0,3.0,50.0,,,,,,,,,,547719.0,229.0,3.0,3.0,3.0,2.5,0.0,0.069,0.069,0.0,0.0,Lewis,Miley,2006-05-01,20.38,4.0,67.0,Midfielder,0,552xyc766gp97a5zu8tcx4xzo,7vn2i2kd35zuetw6b38gw9jsz,Newcastle United FC,Newcastle United,Newcastle,NEW,547719.0,229.0,3.0,124.0,106.0,85.48,24.0,16.0,66.67,0.0,0.0,0.0,0.0,0.0,0.0,Lewis,Miley,2006-05-01,20.38,4.0,67.0,Midfielder,0,552xyc766gp97a5zu8tcx4xzo,7vn2i2kd35zuetw6b38gw9jsz,Newcastle United FC,Newcastle United,Newcastle,NEW,547719,552xyc766gp97a5zu8tcx4xzo,4,7vn2i2kd35zuetw6b38gw9jsz
Liam Delap,463034.0,2.0,98.0,0.0,0.13,-0.13,2.0,0.0,0.0,0.07,Liam,Delap,2003-02-08,23.61,17.0,19.0,Forward,Striker,5jk0wq14a8emikh2vh53aw0ve,1qtaiy11gswx327s0vkibf70n,Nottingham Forest FC,Nottingham Forest,Forest,NFO,11.0,135.897,5.0,62.16,2.0,0.0,1.0,0.0,12.354,12.432,0.0,0.0,3.0,0.0,2.0,11.0,3.0,27.273,7.0,4.0,57.143,,,,,,,,,,463034.0,98.0,2.0,3.0,2.0,15.38,33.33,0.061,0.058,0.0,0.0,Liam,Delap,2003-02-08,23.61,17.0,19.0,Forward,Striker,5jk0wq14a8emikh2vh53aw0ve,1qtaiy11gswx327s0vkibf70n,Nottingham Forest FC,Nottingham Forest,Forest,NFO,463034.0,98.0,2.0,13.0,8.0,61.54,7.0,4.0,57.14,0.0,0.0,0.0,0.0,0.0,0.0,Liam,Delap,2003-02-08,23.61,17.0,19.0,Forward,Striker,5jk0wq14a8emikh2vh53aw0ve,1qtaiy11gswx327s0vkibf70n,Nottingham Forest FC,Nottingham Forest,Forest,NFO,463034,5jk0wq14a8emikh2vh53aw0ve,17,1qtaiy11gswx327s0vkibf70n
Liam Kitching,436761.0,0.0,0.0,0.0,0.0,0.0,0.0,0.0,0.0,0.0,Liam,Kitching,1999-09-25,26.98,9.0,15.0,Defender,Central Defender,436761,dacoc20k0n3fxu4zek8wufmko,Coventry City FC,Coventry City,Coventry,COV,0.0,0.0,0.0,0.0,0.0,0.0,0.0,0.0,0.0,0.0,0.0,0.0,0.0,0.0,0.0,0.0,0.0,0.0,0.0,0.0,0.0,,,,,,,,,,436761.0,0.0,0.0,0.0,0.0,0.0,0.0,0.0,0.0,0.0,0.0,Liam,Kitching,1999-09-25,26.98,9.0,15.0,Defender,Central Defender,436761,dacoc20k0n3fxu4zek8wufmko,Coventry City FC,Coventry City,Coventry,COV,436761.0,0.0,0.0,0.0,0.0,0.0,0.0,0.0,0.0,0.0,0.0,0.0,0.0,0.0,0.0,Liam,Kitching,1999-09-25,26.98,9.0,15.0,Defender,Central Defender,436761,dacoc20k0n3fxu4zek8wufmko,Coventry City FC,Coventry City,Coventry,COV,436761,436761,9,dacoc20k0n3fxu4zek8wufmko
Liam Millar,232905.0,2.0,50.0,1.0,0.58,0.42,3.0,1.0,33.33,0.19,Liam,Millar,1999-09-27,26.98,88.0,7.0,Forward,Winger,11brjfbwv1v5jvz5rleiob5k9,f0figafm2v9h8ofo6slajj7xf,Hull City AFC,Hull City,Hull,HUL,5.0,124.185,4.0,102.48,2.0,1.0,0.0,0.0,24.837,25.62,1.0,0.0,1.0,1.0,1.0,5.0,2.0,40.0,1.0,0.0,0.0,,,,,,,,,,232905.0,50.0,2.0,0.0,0.0,0.0,0.0,0.005,0.005,0.0,0.0,Liam,Millar,1999-09-27,26.98,88.0,7.0,Forward,Winger,11brjfbwv1v5jvz5rleiob5k9,f0figafm2v9h8ofo6slajj7xf,Hull City AFC,Hull City,Hull,HUL,232905.0,50.0,2.0,10.0,6.0,60.0,7.0,4.0,57.14,0.0,0.0,0.0,0.0,0.0,0.0,Liam,Millar,1999-09-27,26.98,88.0,7.0,Forward,Winger,11brjfbwv1v5jvz5rleiob5k9,f0figafm2v9h8ofo6slajj7xf,Hull City AFC,Hull City,Hull,HUL,232905,11brjfbwv1v5jvz5rleiob5k9,88,f0figafm2v9h8ofo6slajj7xf
Lisandro Martínez,221820.0,2.0,180.0,0.0,0.03,-0.03,1.0,0.0,0.0,0.03,Lisandro,Martínez,1998-01-18,28.67,1.0,6.0,Defender,Central Defender,b17tkj4ea4jld8yupekcolall,6eqit8ye8aomdsrrq0hk3v7gh,Manchester United FC,Manchester United,Man Utd,MUN,30.0,282.204,19.0,142.905,1.0,0.0,0.0,0.0,9.407,7.521,0.0,1.0,8.0,2.0,7.0,3.0,0.0,0.0,9.0,6.0,66.667,,,,,,,,,,221820.0,180.0,2.0,0.0,0.0,0.0,0.0,0.059,0.059,0.0,0.0,Lisandro,Martínez,1998-01-18,28.67,1.0,6.0,Defender,Central Defender,b17tkj4ea4jld8yupekcolall,6eqit8ye8aomdsrrq0hk3v7gh,Manchester United FC,Manchester United,Man Utd,MUN,221820.0,180.0,2.0,136.0,126.0,92.65,13.0,9.0,69.23,0.0,0.0,0.0,0.0,0.0,0.0,Lisandro,Martínez,1998-01-18,28.67,1.0,6.0,Defender,Central Defender,b17tkj4ea4jld8yupekcolall,6eqit8ye8aomdsrrq0hk3v7gh,Manchester United FC,Manchester United,Man Utd,MUN,221820,b17tkj4ea4jld8yupekcolall,1,6eqit8ye8aomdsrrq0hk3v7gh
Loum Tchaouna,469272.0,3.0,168.0,0.0,0.2,-0.2,5.0,1.0,0.0,0.04,Loum,Tchaouna,2003-09-08,23.02,9.0,18.0,Forward,Winger,97nqu0mjr4ulkoiqn3y6nsmzu,dacoc20k0n3fxu4zek8wufmko,Coventry City FC,Coventry City,Coventry,COV,17.0,237.214,9.0,122.64,2.0,0.0,0.0,0.0,13.954,13.627,1.0,0.0,9.0,0.0,5.0,10.0,5.0,50.0,4.0,2.0,50.0,,,,,,,,,,469272.0,168.0,3.0,3.0,2.0,3.45,33.33,0.186,0.162,0.0,0.0,Loum,Tchaouna,2003-09-08,23.02,9.0,18.0,Forward,Winger,97nqu0mjr4ulkoiqn3y6nsmzu,dacoc20k0n3fxu4zek8wufmko,Coventry City FC,Coventry City,Coventry,COV,469272.0,168.0,3.0,59.0,45.0,76.27,26.0,17.0,65.38,7.0,1.0,14.29,0.0,0.0,0.0,Loum,Tchaouna,2003-09-08,23.02,9.0,18.0,Forward,Winger,97nqu0mjr4ulkoiqn3y6nsmzu,dacoc20k0n3fxu4zek8wufmko,Coventry City FC,Coventry City,Coventry,COV,469272,97nqu0mjr4ulkoiqn3y6nsmzu,9,dacoc20k0n3fxu4zek8wufmko
Luc De Fougerolles,547686.0,0.0,0.0,0.0,0.0,0.0,0.0,0.0,0.0,0.0,Luc,De Fougerolles,2005-10-12,20.93,54.0,44.0,Defender,Full Back,547686,hzqh7z0mdl3v7gwete66syxp,Fulham FC,Fulham,Fulham,FUL,0.0,0.0,0.0,0.0,0.0,0.0,0.0,0.0,0.0,0.0,0.0,0.0,0.0,0.0,0.0,0.0,0.0,0.0,0.0,0.0,0.0,,,,,,,,,,547686.0,0.0,0.0,0.0,0.0,0.0,0.0,0.0,0.0,0.0,0.0,Luc,De Fougerolles,2005-10-12,20.93,54.0,44.0,Defender,Full Back,547686,hzqh7z0mdl3v7gwete66syxp,Fulham FC,Fulham,Fulham,FUL,547686.0,0.0,0.0,0.0,0.0,0.0,0.0,0.0,0.0,0.0,0.0,0.0,0.0,0.0,0.0,Luc,De Fougerolles,2005-10-12,20.93,54.0,44.0,Defender,Full Back,547686,hzqh7z0mdl3v7gwete66syxp,Fulham FC,Fulham,Fulham,FUL,547686,547686,54,hzqh7z0mdl3v7gwete66syxp
Luca Netz,470315.0,2.0,20.0,0.0,0.0,0.0,0.0,0.0,0.0,0.0,Luca,Netz,2003-05-15,23.34,17.0,25.0,Defender,Full Back,22zaq3o78o5feeogqdsvig02y,1qtaiy11gswx327s0vkibf70n,Nottingham Forest FC,Nottingham Forest,Forest,NFO,0.0,0.0,0.0,0.0,0.0,0.0,0.0,0.0,0.0,0.0,1.0,0.0,1.0,0.0,0.0,3.0,1.0,33.333,0.0,0.0,0.0,,,,,,,,,,470315.0,20.0,2.0,0.0,0.0,0.0,0.0,0.005,0.005,0.0,0.0,Luca,Netz,2003-05-15,23.34,17.0,25.0,Defender,Full Back,22zaq3o78o5feeogqdsvig02y,1qtaiy11gswx327s0vkibf70n,Nottingham Forest FC,Nottingham Forest,Forest,NFO,470315.0,20.0,2.0,10.0,7.0,70.0,6.0,4.0,66.67,0.0,0.0,0.0,0.0,0.0,0.0,Luca,Netz,2003-05-15,23.34,17.0,25.0,Defender,Full Back,22zaq3o78o5feeogqdsvig02y,1qtaiy11gswx327s0vkibf70n,Nottingham Forest FC,Nottingham Forest,Forest,NFO,470315,22zaq3o78o5feeogqdsvig02y,17,1qtaiy11gswx327s0vkibf70n
Luca Williams-Barnett,611917.0,0.0,0.0,0.0,0.0,0.0,0.0,0.0,0.0,0.0,Luca,Williams-Barnett,2008-10-01,17.96,6.0,68.0,Midfielder,Attacking Midfielder,611917,22doj4sgsocqpxw45h607udje,Tottenham Hotspur FC,Tottenham Hotspur,Spurs,TOT,0.0,0.0,0.0,0.0,0.0,0.0,0.0,0.0,0.0,0.0,0.0,0.0,0.0,0.0,0.0,0.0,0.0,0.0,0.0,0.0,0.0,,,,,,,,,,611917.0,0.0,0.0,0.0,0.0,0.0,0.0,0.0,0.0,0.0,0.0,Luca,Williams-Barnett,2008-10-01,17.96,6.0,68.0,Midfielder,Attacking Midfielder,611917,22doj4sgsocqpxw45h607udje,Tottenham Hotspur FC,Tottenham Hotspur,Spurs,TOT,611917.0,0.0,0.0,0.0,0.0,0.0,0.0,0.0,0.0,0.0,0.0,0.0,0.0,0.0,0.0,Luca,Williams-Barnett,2008-10-01,17.96,6.0,68.0,Midfielder,Attacking Midfielder,611917,22doj4sgsocqpxw45h607udje,Tottenham Hotspur FC,Tottenham Hotspur,Spurs,TOT,611917,611917,6,22doj4sgsocqpxw45h607udje
Lucas Bergvall,570526.0,1.0,45.0,0.0,0.0,0.0,0.0,0.0,0.0,0.0,Lucas,Bergvall,2006-02-02,20.62,6.0,15.0,Midfielder,Central Midfielder,7pk2vyumro8ku45aar5dw7dw4,22doj4sgsocqpxw45h607udje,Tottenham Hotspur FC,Tottenham Hotspur,Spurs,TOT,6.0,80.846,5.0,71.61,0.0,0.0,0.0,0.0,13.474,14.322,1.0,0.0,7.0,0.0,0.0,4.0,2.0,50.0,0.0,0.0,0.0,,,,,,,,,,570526.0,45.0,1.0,0.0,0.0,0.0,0.0,0.012,0.012,0.0,0.0,Lucas,Bergvall,2006-02-02,20.62,6.0,15.0,Midfielder,Central Midfielder,7pk2vyumro8ku45aar5dw7dw4,22doj4sgsocqpxw45h607udje,Tottenham Hotspur FC,Tottenham Hotspur,Spurs,TOT,570526.0,45.0,1.0,20.0,18.0,90.0,7.0,5.0,71.43,1.0,0.0,0.0,0.0,0.0,0.0,Lucas,Bergvall,2006-02-02,20.62,6.0,15.0,Midfielder,Central Midfielder,7pk2vyumro8ku45aar5dw7dw4,22doj4sgsocqpxw45h607udje,Tottenham Hotspur FC,Tottenham Hotspur,Spurs,TOT,570526,7pk2vyumro8ku45aar5dw7dw4,6,22doj4sgsocqpxw45h607udje
Lucas Gourna-Douath,469266.0,2.0,127.0,0.0,0.0,0.0,0.0,0.0,0.0,0.0,Lucas,Gourna-Douath,2003-08-05,23.12,88.0,29.0,Midfielder,Defensive Midfielder,j0zbfr4wa3dovkgo55o6xilm,f0figafm2v9h8ofo6slajj7xf,Hull City AFC,Hull City,Hull,HUL,7.0,51.81,3.0,32.34,0.0,0.0,0.0,0.0,7.401,10.78,4.0,2.0,7.0,2.0,1.0,13.0,6.0,46.154,3.0,3.0,100.0,,,,,,,,,,469266.0,127.0,2.0,2.0,2.0,5.41,0.0,0.02,0.02,0.0,0.0,Lucas,Gourna-Douath,2003-08-05,23.12,88.0,29.0,Midfielder,Defensive Midfielder,j0zbfr4wa3dovkgo55o6xilm,f0figafm2v9h8ofo6slajj7xf,Hull City AFC,Hull City,Hull,HUL,469266.0,127.0,2.0,38.0,26.0,68.42,13.0,9.0,69.23,0.0,0.0,0.0,0.0,0.0,0.0,Lucas,Gourna-Douath,2003-08-05,23.12,88.0,29.0,Midfielder,Defensive Midfielder,j0zbfr4wa3dovkgo55o6xilm,f0figafm2v9h8ofo6slajj7xf,Hull City AFC,Hull City,Hull,HUL,469266,j0zbfr4wa3dovkgo55o6xilm,88,f0figafm2v9h8ofo6slajj7xf
Lucas Herrington,597462.0,3.0,76.0,0.0,0.0,0.0,0.0,0.0,0.0,0.0,Lucas,Herrington,2007-09-05,19.03,88.0,22.0,Defender,Central Defender,mmfx7i96rntv049enlwym8es,f0figafm2v9h8ofo6slajj7xf,Hull City AFC,Hull City,Hull,HUL,2.0,17.668,2.0,17.22,0.0,0.0,0.0,0.0,8.834,8.61,1.0,0.0,1.0,1.0,5.0,2.0,1.0,50.0,4.0,3.0,75.0,,,,,,,,,,597462.0,76.0,3.0,0.0,0.0,0.0,0.0,0.001,0.001,0.0,0.0,Lucas,Herrington,2007-09-05,19.03,88.0,22.0,Defender,Central Defender,mmfx7i96rntv049enlwym8es,f0figafm2v9h8ofo6slajj7xf,Hull City AFC,Hull City,Hull,HUL,597462.0,76.0,3.0,18.0,16.0,88.89,3.0,2.0,66.67,0.0,0.0,0.0,0.0,0.0,0.0,Lucas,Herrington,2007-09-05,19.03,88.0,22.0,Defender,Central Defender,mmfx7i96rntv049enlwym8es,f0figafm2v9h8ofo6slajj7xf,Hull City AFC,Hull City,Hull,HUL,597462,mmfx7i96rntv049enlwym8es,88,f0figafm2v9h8ofo6slajj7xf
Luka Lynch,571380.0,0.0,0.0,0.0,0.0,0.0,0.0,0.0,0.0,0.0,Luka,Lynch,2007-01-11,19.68,7.0,74.0,Forward,Winger,571380,b496gs285it6bheuikox6z9mj,Aston Villa FC,Aston Villa,Villa,AVL,0.0,0.0,0.0,0.0,0.0,0.0,0.0,0.0,0.0,0.0,0.0,0.0,0.0,0.0,0.0,0.0,0.0,0.0,0.0,0.0,0.0,,,,,,,,,,571380.0,0.0,0.0,0.0,0.0,0.0,0.0,0.0,0.0,0.0,0.0,Luka,Lynch,2007-01-11,19.68,7.0,74.0,Forward,Winger,571380,b496gs285it6bheuikox6z9mj,Aston Villa FC,Aston Villa,Villa,AVL,571380.0,0.0,0.0,0.0,0.0,0.0,0.0,0.0,0.0,0.0,0.0,0.0,0.0,0.0,0.0,Luka,Lynch,2007-01-11,19.68,7.0,74.0,Forward,Winger,571380,b496gs285it6bheuikox6z9mj,Aston Villa FC,Aston Villa,Villa,AVL,571380,571380,7,b496gs285it6bheuikox6z9mj
Luka Vuskovic,610799.0,3.0,270.0,1.0,0.35,0.65,6.0,1.0,16.67,0.06,Luka,Vuskovic,2007-02-24,19.56,36.0,44.0,Defender,Central Defender,81qmlg0ttijhkywm55ejdr40k,e5p0ehyguld7egzhiedpdnc3w,Brighton & Hove Albion FC,Brighton & Hove Albion,Brighton,BHA,71.0,685.586,33.0,317.625,1.0,0.0,0.0,0.0,9.656,9.625,3.0,1.0,9.0,2.0,16.0,12.0,6.0,50.0,17.0,10.0,58.824,,,,,,,,,,610799.0,270.0,3.0,0.0,0.0,0.0,0.0,0.06,0.06,0.0,0.0,Luka,Vuskovic,2007-02-24,19.56,36.0,44.0,Defender,Central Defender,81qmlg0ttijhkywm55ejdr40k,e5p0ehyguld7egzhiedpdnc3w,Brighton & Hove Albion FC,Brighton & Hove Albion,Brighton,BHA,610799.0,270.0,3.0,261.0,242.0,92.72,43.0,33.0,76.74,2.0,0.0,0.0,2.0,0.0,0.0,Luka,Vuskovic,2007-02-24,19.56,36.0,44.0,Defender,Central Defender,81qmlg0ttijhkywm55ejdr40k,e5p0ehyguld7egzhiedpdnc3w,Brighton & Hove Albion FC,Brighton & Hove Albion,Brighton,BHA,610799,81qmlg0ttijhkywm55ejdr40k,36,e5p0ehyguld7egzhiedpdnc3w
Lukas Nmecha,174594.0,2.0,38.0,0.0,0.26,-0.26,3.0,0.0,0.0,0.09,Lukas,Nmecha,1998-12-14,27.76,2.0,14.0,Forward,Striker,embn1jhcly07i6pjcvcdiavo5,48gk2hpqtsl6p9sx9kjhaydq4,Leeds United FC,Leeds United,Leeds,LEE,6.0,64.222,5.0,46.62,2.0,0.0,0.0,0.0,10.704,9.324,0.0,0.0,1.0,0.0,0.0,4.0,2.0,50.0,2.0,0.0,0.0,,,,,,,,,,174594.0,38.0,2.0,2.0,2.0,14.29,0.0,0.139,0.139,1.0,1.0,Lukas,Nmecha,1998-12-14,27.76,2.0,14.0,Forward,Striker,embn1jhcly07i6pjcvcdiavo5,48gk2hpqtsl6p9sx9kjhaydq4,Leeds United FC,Leeds United,Leeds,LEE,174594.0,38.0,2.0,7.0,6.0,85.71,3.0,2.0,66.67,2.0,0.0,0.0,0.0,0.0,0.0,Lukas,Nmecha,1998-12-14,27.76,2.0,14.0,Forward,Striker,embn1jhcly07i6pjcvcdiavo5,48gk2hpqtsl6p9sx9kjhaydq4,Leeds United FC,Leeds United,Leeds,LEE,174594,embn1jhcly07i6pjcvcdiavo5,2,48gk2hpqtsl6p9sx9kjhaydq4
Luke O'Nien,167512.0,1.0,67.0,0.0,0.01,-0.01,1.0,0.0,0.0,0.01,Luke,O'Nien,1994-11-21,31.83,56.0,13.0,Midfielder,Central Midfielder,4o48qpaaxvvvbjuxjeshj85hx,1r3545b2dzan8yqa80gtmcjch,Sunderland AFC,Sunderland,Sunderland,SUN,11.0,113.789,6.0,62.055,0.0,0.0,0.0,0.0,10.344,10.342,1.0,0.0,4.0,1.0,3.0,6.0,2.0,33.333,0.0,0.0,0.0,,,,,,,,,,167512.0,67.0,1.0,0.0,0.0,0.0,0.0,0.007,0.006,0.0,0.0,Luke,O'Nien,1994-11-21,31.83,56.0,13.0,Midfielder,Central Midfielder,4o48qpaaxvvvbjuxjeshj85hx,1r3545b2dzan8yqa80gtmcjch,Sunderland AFC,Sunderland,Sunderland,SUN,167512.0,67.0,1.0,55.0,48.0,87.27,9.0,6.0,66.67,2.0,0.0,0.0,0.0,0.0,0.0,Luke,O'Nien,1994-11-21,31.83,56.0,13.0,Midfielder,Central Midfielder,4o48qpaaxvvvbjuxjeshj85hx,1r3545b2dzan8yqa80gtmcjch,Sunderland AFC,Sunderland,Sunderland,SUN,167512,4o48qpaaxvvvbjuxjeshj85hx,56,1r3545b2dzan8yqa80gtmcjch
Luke Shaw,106760.0,3.0,252.0,0.0,0.02,-0.02,1.0,0.0,0.0,0.02,Luke,Shaw,1995-07-12,31.19,1.0,23.0,Defender,Full Back,7uxt9a7t22ij4reg1uire5uqd,6eqit8ye8aomdsrrq0hk3v7gh,Manchester United FC,Manchester United,Man Utd,MUN,20.0,242.478,14.0,186.165,0.0,0.0,1.0,0.0,12.124,13.298,6.0,4.0,6.0,3.0,7.0,12.0,6.0,50.0,6.0,5.0,83.333,,,,,,,,,,106760.0,252.0,3.0,5.0,5.0,2.67,0.0,0.502,0.486,1.0,1.0,Luke,Shaw,1995-07-12,31.19,1.0,23.0,Defender,Full Back,7uxt9a7t22ij4reg1uire5uqd,6eqit8ye8aomdsrrq0hk3v7gh,Manchester United FC,Manchester United,Man Utd,MUN,106760.0,252.0,3.0,150.0,129.0,86.0,52.0,39.0,75.0,8.0,5.0,62.5,0.0,0.0,0.0,Luke,Shaw,1995-07-12,31.19,1.0,23.0,Defender,Full Back,7uxt9a7t22ij4reg1uire5uqd,6eqit8ye8aomdsrrq0hk3v7gh,Manchester United FC,Manchester United,Man Utd,MUN,106760,7uxt9a7t22ij4reg1uire5uqd,1,6eqit8ye8aomdsrrq0hk3v7gh
Lukás Hornícek,,,,,,,,,,,,,,,,,,,,,,,,,,,,,,,,,,,,,,,,,,,,,,270.0,100.0,1.0,4.0,13.0,76.47,2.87,1.67,5.87,,,,,,,,,,,,,,,,,,,,,,,,,,,,,,,,,,,,,,,,,,,,,,,,,,,,,,,470551,6zc6cs596hufgbhu6jv3g2o2y,4,7vn2i2kd35zuetw6b38gw9jsz
Macaulay Zepa,616069.0,0.0,0.0,0.0,0.0,0.0,0.0,0.0,0.0,0.0,Macaulay,Zepa,2008-07-07,18.19,54.0,35.0,Forward,0,616069,hzqh7z0mdl3v7gwete66syxp,Fulham FC,Fulham,Fulham,FUL,0.0,0.0,0.0,0.0,0.0,0.0,0.0,0.0,0.0,0.0,0.0,0.0,0.0,0.0,0.0,0.0,0.0,0.0,0.0,0.0,0.0,,,,,,,,,,616069.0,0.0,0.0,0.0,0.0,0.0,0.0,0.0,0.0,0.0,0.0,Macaulay,Zepa,2008-07-07,18.19,54.0,35.0,Forward,0,616069,hzqh7z0mdl3v7gwete66syxp,Fulham FC,Fulham,Fulham,FUL,616069.0,0.0,0.0,0.0,0.0,0.0,0.0,0.0,0.0,0.0,0.0,0.0,0.0,0.0,0.0,Macaulay,Zepa,2008-07-07,18.19,54.0,35.0,Forward,0,616069,hzqh7z0mdl3v7gwete66syxp,Fulham FC,Fulham,Fulham,FUL,616069,616069,54,hzqh7z0mdl3v7gwete66syxp
Malick Fofana,549940.0,1.0,16.0,0.0,0.0,0.0,0.0,0.0,0.0,0.0,Malick,Fofana,2005-03-31,21.46,56.0,39.0,Forward,Winger,2igz499o21aihmkugktp3nyms,1r3545b2dzan8yqa80gtmcjch,Sunderland AFC,Sunderland,Sunderland,SUN,3.0,45.777,2.0,38.535,0.0,0.0,0.0,0.0,15.259,19.268,0.0,0.0,0.0,0.0,0.0,2.0,1.0,50.0,0.0,0.0,0.0,,,,,,,,,,549940.0,16.0,1.0,0.0,0.0,0.0,0.0,0.003,0.003,0.0,0.0,Malick,Fofana,2005-03-31,21.46,56.0,39.0,Forward,Winger,2igz499o21aihmkugktp3nyms,1r3545b2dzan8yqa80gtmcjch,Sunderland AFC,Sunderland,Sunderland,SUN,549940.0,16.0,1.0,5.0,5.0,100.0,1.0,1.0,100.0,1.0,0.0,0.0,0.0,0.0,0.0,Malick,Fofana,2005-03-31,21.46,56.0,39.0,Forward,Winger,2igz499o21aihmkugktp3nyms,1r3545b2dzan8yqa80gtmcjch,Sunderland AFC,Sunderland,Sunderland,SUN,549940,2igz499o21aihmkugktp3nyms,56,1r3545b2dzan8yqa80gtmcjch
Malick Thiaw,465642.0,3.0,270.0,0.0,0.0,0.0,0.0,0.0,0.0,0.0,Malick,Thiaw,2001-08-08,25.11,4.0,12.0,Defender,0,cfpaejad8i9p2r1fj0wx0g222,7vn2i2kd35zuetw6b38gw9jsz,Newcastle United FC,Newcastle United,Newcastle,NEW,37.0,397.51,22.0,231.525,0.0,0.0,0.0,0.0,10.744,10.524,0.0,0.0,6.0,6.0,15.0,9.0,4.0,44.444,15.0,11.0,73.333,,,,,,,,,,465642.0,270.0,3.0,1.0,1.0,0.79,0.0,0.064,0.064,0.0,0.0,Malick,Thiaw,2001-08-08,25.11,4.0,12.0,Defender,0,cfpaejad8i9p2r1fj0wx0g222,7vn2i2kd35zuetw6b38gw9jsz,Newcastle United FC,Newcastle United,Newcastle,NEW,465642.0,270.0,3.0,133.0,109.0,81.95,16.0,8.0,50.0,0.0,0.0,0.0,0.0,0.0,0.0,Malick,Thiaw,2001-08-08,25.11,4.0,12.0,Defender,0,cfpaejad8i9p2r1fj0wx0g222,7vn2i2kd35zuetw6b38gw9jsz,Newcastle United FC,Newcastle United,Newcastle,NEW,465642,cfpaejad8i9p2r1fj0wx0g222,4,7vn2i2kd35zuetw6b38gw9jsz
Malick Yalcouyé,611695.0,3.0,168.0,1.0,0.75,0.25,3.0,2.0,33.33,0.25,Malick,Yalcouyé,2005-11-18,20.83,36.0,35.0,Midfielder,Central Midfielder,1n4yo2riltjwcxdyu20jiaxhw,e5p0ehyguld7egzhiedpdnc3w,Brighton & Hove Albion FC,Brighton & Hove Albion,Brighton,BHA,28.0,308.164,17.0,154.665,1.0,0.0,2.0,0.0,11.006,9.098,3.0,0.0,5.0,0.0,4.0,14.0,11.0,78.571,2.0,2.0,100.0,,,,,,,,,,611695.0,168.0,3.0,3.0,3.0,3.95,0.0,0.254,0.254,0.0,0.0,Malick,Yalcouyé,2005-11-18,20.83,36.0,35.0,Midfielder,Central Midfielder,1n4yo2riltjwcxdyu20jiaxhw,e5p0ehyguld7egzhiedpdnc3w,Brighton & Hove Albion FC,Brighton & Hove Albion,Brighton,BHA,611695.0,168.0,3.0,79.0,69.0,87.34,30.0,24.0,80.0,4.0,0.0,0.0,1.0,1.0,100.0,Malick,Yalcouyé,2005-11-18,20.83,36.0,35.0,Midfielder,Central Midfielder,1n4yo2riltjwcxdyu20jiaxhw,e5p0ehyguld7egzhiedpdnc3w,Brighton & Hove Albion FC,Brighton & Hove Albion,Brighton,BHA,611695,1n4yo2riltjwcxdyu20jiaxhw,36,e5p0ehyguld7egzhiedpdnc3w
Malo Gusto,482609.0,3.0,196.0,0.0,0.04,-0.04,1.0,0.0,0.0,0.04,Malo,Gusto,2003-05-19,23.33,8.0,27.0,Defender,Full Back,8jt4vsixxoqp4uvskyfl7k222,9q0arba2kbnywth8bkxlhgmdr,Chelsea FC,Chelsea,Chelsea,CHE,15.0,154.076,7.0,67.095,0.0,0.0,0.0,0.0,10.272,9.585,4.0,2.0,9.0,0.0,4.0,10.0,5.0,50.0,5.0,4.0,80.0,,,,,,,,,,482609.0,196.0,3.0,0.0,0.0,0.0,0.0,0.05,0.049,0.0,0.0,Malo,Gusto,2003-05-19,23.33,8.0,27.0,Defender,Full Back,8jt4vsixxoqp4uvskyfl7k222,9q0arba2kbnywth8bkxlhgmdr,Chelsea FC,Chelsea,Chelsea,CHE,482609.0,196.0,3.0,54.0,42.0,77.78,16.0,11.0,68.75,6.0,2.0,33.33,0.0,0.0,0.0,Malo,Gusto,2003-05-19,23.33,8.0,27.0,Defender,Full Back,8jt4vsixxoqp4uvskyfl7k222,9q0arba2kbnywth8bkxlhgmdr,Chelsea FC,Chelsea,Chelsea,CHE,482609,8jt4vsixxoqp4uvskyfl7k222,8,9q0arba2kbnywth8bkxlhgmdr
Mamadou Sangaré,513545.0,3.0,211.0,0.0,0.41,-0.41,6.0,1.0,0.0,0.07,Mamadou,Sangaré,2002-06-26,24.23,94.0,18.0,Midfielder,Central Midfielder,cngitl9unybpxpdle1nlc5qms,7yx5dqhhphyvfisohikodajhv,Brentford FC,Brentford,Brentford,BRE,26.0,247.846,9.0,90.615,1.0,0.0,0.0,0.0,9.533,10.068,7.0,6.0,15.0,1.0,3.0,27.0,14.0,51.852,4.0,1.0,25.0,,,,,,,,,,513545.0,211.0,3.0,4.0,4.0,2.75,0.0,0.371,0.371,1.0,1.0,Mamadou,Sangaré,2002-06-26,24.23,94.0,18.0,Midfielder,Central Midfielder,cngitl9unybpxpdle1nlc5qms,7yx5dqhhphyvfisohikodajhv,Brentford FC,Brentford,Brentford,BRE,513545.0,211.0,3.0,110.0,86.0,78.18,40.0,28.0,70.0,2.0,0.0,0.0,0.0,0.0,0.0,Mamadou,Sangaré,2002-06-26,24.23,94.0,18.0,Midfielder,Central Midfielder,cngitl9unybpxpdle1nlc5qms,7yx5dqhhphyvfisohikodajhv,Brentford FC,Brentford,Brentford,BRE,513545,cngitl9unybpxpdle1nlc5qms,94,7yx5dqhhphyvfisohikodajhv
Manuel Ángel,500033.0,0.0,0.0,0.0,0.0,0.0,0.0,0.0,0.0,0.0,Manuel Ángel,Morán Ibáñez,2004-03-15,22.51,54.0,20.0,Midfielder,Central Midfielder,500033,hzqh7z0mdl3v7gwete66syxp,Fulham FC,Fulham,Fulham,FUL,0.0,0.0,0.0,0.0,0.0,0.0,0.0,0.0,0.0,0.0,0.0,0.0,0.0,0.0,0.0,0.0,0.0,0.0,0.0,0.0,0.0,,,,,,,,,,500033.0,0.0,0.0,0.0,0.0,0.0,0.0,0.0,0.0,0.0,0.0,Manuel Ángel,Morán Ibáñez,2004-03-15,22.51,54.0,20.0,Midfielder,Central Midfielder,500033,hzqh7z0mdl3v7gwete66syxp,Fulham FC,Fulham,Fulham,FUL,500033.0,0.0,0.0,0.0,0.0,0.0,0.0,0.0,0.0,0.0,0.0,0.0,0.0,0.0,0.0,Manuel Ángel,Morán Ibáñez,2004-03-15,22.51,54.0,20.0,Midfielder,Central Midfielder,500033,hzqh7z0mdl3v7gwete66syxp,Fulham FC,Fulham,Fulham,FUL,500033,500033,54,hzqh7z0mdl3v7gwete66syxp
Marc Guéhi,209036.0,3.0,270.0,1.0,0.89,0.11,2.0,1.0,50.0,0.45,Marc,Guéhi,2000-07-13,26.18,43.0,6.0,Defender,Central Defender,9ipux4xiejibplsbbhqz8d5gp,a3nyxabgsqlnqfkeg41m6tnpp,Manchester City FC,Manchester City,Man City,MCI,71.0,701.364,38.0,329.175,0.0,0.0,0.0,0.0,9.878,8.662,3.0,3.0,14.0,0.0,12.0,14.0,10.0,71.429,14.0,10.0,71.429,,,,,,,,,,209036.0,270.0,3.0,2.0,2.0,0.7,0.0,0.383,0.381,0.0,0.0,Marc,Guéhi,2000-07-13,26.18,43.0,6.0,Defender,Central Defender,9ipux4xiejibplsbbhqz8d5gp,a3nyxabgsqlnqfkeg41m6tnpp,Manchester City FC,Manchester City,Man City,MCI,209036.0,270.0,3.0,297.0,282.0,94.95,74.0,66.0,89.19,0.0,0.0,0.0,1.0,0.0,0.0,Marc,Guéhi,2000-07-13,26.18,43.0,6.0,Defender,Central Defender,9ipux4xiejibplsbbhqz8d5gp,a3nyxabgsqlnqfkeg41m6tnpp,Manchester City FC,Manchester City,Man City,MCI,209036,9ipux4xiejibplsbbhqz8d5gp,43,a3nyxabgsqlnqfkeg41m6tnpp
Marcelino Núñez,501390.0,2.0,142.0,0.0,0.03,-0.03,1.0,0.0,0.0,0.03,Marcelino,Núñez,2000-03-01,26.55,40.0,32.0,Midfielder,Central Midfielder,46zgunubdbe82ow2md0xf6o2y,8b523ujgl21tbc01me65q0aoh,Ipswich Town FC,Ipswich Town,Ipswich,IPS,16.0,142.216,3.0,1.995,0.0,0.0,0.0,0.0,8.888,0.665,3.0,1.0,10.0,2.0,4.0,12.0,5.0,41.667,0.0,0.0,0.0,,,,,,,,,,501390.0,142.0,2.0,1.0,1.0,1.43,0.0,0.056,0.046,0.0,0.0,Marcelino,Núñez,2000-03-01,26.55,40.0,32.0,Midfielder,Central Midfielder,46zgunubdbe82ow2md0xf6o2y,8b523ujgl21tbc01me65q0aoh,Ipswich Town FC,Ipswich Town,Ipswich,IPS,501390.0,142.0,2.0,70.0,61.0,87.14,19.0,14.0,73.68,1.0,0.0,0.0,0.0,0.0,0.0,Marcelino,Núñez,2000-03-01,26.55,40.0,32.0,Midfielder,Central Midfielder,46zgunubdbe82ow2md0xf6o2y,8b523ujgl21tbc01me65q0aoh,Ipswich Town FC,Ipswich Town,Ipswich,IPS,501390,46zgunubdbe82ow2md0xf6o2y,40,8b523ujgl21tbc01me65q0aoh
Marco Bizot,,,,,,,,,,,,,,,,,,,,,,,,,,,,,,,,,,,,,,,,,,,,,,270.0,33.0,1.0,4.0,3.0,42.86,0.59,1.0,3.59,,,,,,,,,,,,,,,,,,,,,,,,,,,,,,,,,,,,,,,,,,,,,,,,,,,,,,,72147,7h2icfuwy00ilm14dw5xyl5g5,7,b496gs285it6bheuikox6z9mj
Marcos Senesi,221466.0,1.0,90.0,0.0,0.0,0.0,0.0,0.0,0.0,0.0,Marcos,Senesi,1997-05-10,29.36,6.0,5.0,Defender,Central Defender,95pzsjfh0wf6isp6qpf9lddyh,22doj4sgsocqpxw45h607udje,Tottenham Hotspur FC,Tottenham Hotspur,Spurs,TOT,12.0,95.397,5.0,21.735,0.0,0.0,0.0,0.0,7.95,4.347,5.0,1.0,2.0,2.0,8.0,11.0,8.0,72.727,9.0,4.0,44.444,,,,,,,,,,221466.0,90.0,1.0,0.0,0.0,0.0,0.0,0.02,0.02,0.0,0.0,Marcos,Senesi,1997-05-10,29.36,6.0,5.0,Defender,Central Defender,95pzsjfh0wf6isp6qpf9lddyh,22doj4sgsocqpxw45h607udje,Tottenham Hotspur FC,Tottenham Hotspur,Spurs,TOT,221466.0,90.0,1.0,83.0,75.0,90.36,10.0,9.0,90.0,0.0,0.0,0.0,0.0,0.0,0.0,Marcos,Senesi,1997-05-10,29.36,6.0,5.0,Defender,Central Defender,95pzsjfh0wf6isp6qpf9lddyh,22doj4sgsocqpxw45h607udje,Tottenham Hotspur FC,Tottenham Hotspur,Spurs,TOT,221466,95pzsjfh0wf6isp6qpf9lddyh,6,22doj4sgsocqpxw45h607udje
Marcus Rashford,176297.0,3.0,195.0,0.0,0.26,-0.26,4.0,2.0,0.0,0.06,Marcus,Rashford,1997-10-31,28.88,1.0,9.0,Forward,Second Striker,604osk9a3lxpfpkavuziqmn6x,6eqit8ye8aomdsrrq0hk3v7gh,Manchester United FC,Manchester United,Man Utd,MUN,31.0,418.685,20.0,237.615,0.0,0.0,5.0,0.0,13.506,11.881,3.0,0.0,8.0,0.0,0.0,21.0,14.0,66.667,3.0,1.0,33.333,,,,,,,,,,176297.0,195.0,3.0,8.0,8.0,10.0,0.0,0.206,0.206,0.0,0.0,Marcus,Rashford,1997-10-31,28.88,1.0,9.0,Forward,Second Striker,604osk9a3lxpfpkavuziqmn6x,6eqit8ye8aomdsrrq0hk3v7gh,Manchester United FC,Manchester United,Man Utd,MUN,176297.0,195.0,3.0,81.0,60.0,74.07,41.0,25.0,60.98,8.0,1.0,12.5,0.0,0.0,0.0,Marcus,Rashford,1997-10-31,28.88,1.0,9.0,Forward,Second Striker,604osk9a3lxpfpkavuziqmn6x,6eqit8ye8aomdsrrq0hk3v7gh,Manchester United FC,Manchester United,Man Utd,MUN,176297,604osk9a3lxpfpkavuziqmn6x,1,6eqit8ye8aomdsrrq0hk3v7gh
Marcus Tavernier,201658.0,3.0,269.0,2.0,1.5,0.5,9.0,5.0,22.22,0.17,Marcus,Tavernier,1999-03-22,27.49,91.0,16.0,Midfielder,Winger,b3gobhr43y8oxpafvp4f8rgmh,1pse9ta7a45pi2w2grjim70ge,AFC Bournemouth,Bournemouth,Bournemouth,BOU,36.0,431.8,19.0,158.235,1.0,0.0,1.0,0.0,11.994,8.328,7.0,0.0,18.0,0.0,3.0,28.0,17.0,60.714,6.0,3.0,50.0,,,,,,,,,,201658.0,269.0,3.0,4.0,2.0,2.06,50.0,0.332,0.106,0.0,0.0,Marcus,Tavernier,1999-03-22,27.49,91.0,16.0,Midfielder,Winger,b3gobhr43y8oxpafvp4f8rgmh,1pse9ta7a45pi2w2grjim70ge,AFC Bournemouth,Bournemouth,Bournemouth,BOU,201658.0,269.0,3.0,99.0,84.0,84.85,31.0,24.0,77.42,3.0,1.0,33.33,0.0,0.0,0.0,Marcus,Tavernier,1999-03-22,27.49,91.0,16.0,Midfielder,Winger,b3gobhr43y8oxpafvp4f8rgmh,1pse9ta7a45pi2w2grjim70ge,AFC Bournemouth,Bournemouth,Bournemouth,BOU,201658,b3gobhr43y8oxpafvp4f8rgmh,91,1pse9ta7a45pi2w2grjim70ge
Martin Ødegaard,184029.0,3.0,224.0,2.0,1.0,1.0,6.0,2.0,33.33,0.17,Martin,Ødegaard,1998-12-17,27.75,3.0,8.0,Midfielder,Attacking Midfielder,b1lcxeihx8z6pfv1jef4j5jh1,4dsgumo7d4zupm2ugsvm4zm4d,Arsenal FC,Arsenal,Arsenal,ARS,50.0,520.567,17.0,132.195,0.0,0.0,2.0,0.0,10.411,7.776,5.0,0.0,8.0,0.0,3.0,13.0,9.0,69.231,3.0,0.0,0.0,,,,,,,,,,184029.0,224.0,3.0,7.0,6.0,4.05,14.29,1.047,0.925,0.0,0.0,Martin,Ødegaard,1998-12-17,27.75,3.0,8.0,Midfielder,Attacking Midfielder,b1lcxeihx8z6pfv1jef4j5jh1,4dsgumo7d4zupm2ugsvm4zm4d,Arsenal FC,Arsenal,Arsenal,ARS,184029.0,224.0,3.0,155.0,142.0,91.61,74.0,64.0,86.49,5.0,0.0,0.0,3.0,2.0,66.67,Martin,Ødegaard,1998-12-17,27.75,3.0,8.0,Midfielder,Attacking Midfielder,b1lcxeihx8z6pfv1jef4j5jh1,4dsgumo7d4zupm2ugsvm4zm4d,Arsenal FC,Arsenal,Arsenal,ARS,184029,b1lcxeihx8z6pfv1jef4j5jh1,3,4dsgumo7d4zupm2ugsvm4zm4d
Martín Zubimendi,481655.0,3.0,50.0,0.0,0.08,-0.08,1.0,0.0,0.0,0.08,Martín,Zubimendi,1999-02-02,27.62,3.0,36.0,Midfielder,Defensive Midfielder,80aqmv4ht6rs1812qrr5j8kix,4dsgumo7d4zupm2ugsvm4zm4d,Arsenal FC,Arsenal,Arsenal,ARS,10.0,98.75,3.0,14.49,0.0,0.0,0.0,0.0,9.875,4.83,3.0,3.0,2.0,0.0,1.0,8.0,3.0,37.5,2.0,1.0,50.0,,,,,,,,,,481655.0,50.0,3.0,0.0,0.0,0.0,0.0,0.04,0.04,0.0,0.0,Martín,Zubimendi,1999-02-02,27.62,3.0,36.0,Midfielder,Defensive Midfielder,80aqmv4ht6rs1812qrr5j8kix,4dsgumo7d4zupm2ugsvm4zm4d,Arsenal FC,Arsenal,Arsenal,ARS,481655.0,50.0,3.0,47.0,42.0,89.36,14.0,11.0,78.57,0.0,0.0,0.0,0.0,0.0,0.0,Martín,Zubimendi,1999-02-02,27.62,3.0,36.0,Midfielder,Defensive Midfielder,80aqmv4ht6rs1812qrr5j8kix,4dsgumo7d4zupm2ugsvm4zm4d,Arsenal FC,Arsenal,Arsenal,ARS,481655,80aqmv4ht6rs1812qrr5j8kix,3,4dsgumo7d4zupm2ugsvm4zm4d
Mason Mount,184341.0,0.0,0.0,0.0,0.0,0.0,0.0,0.0,0.0,0.0,Mason,Mount,1999-01-10,27.69,1.0,7.0,Midfielder,Attacking Midfielder,184341,6eqit8ye8aomdsrrq0hk3v7gh,Manchester United FC,Manchester United,Man Utd,MUN,0.0,0.0,0.0,0.0,0.0,0.0,0.0,0.0,0.0,0.0,0.0,0.0,0.0,0.0,0.0,0.0,0.0,0.0,0.0,0.0,0.0,,,,,,,,,,184341.0,0.0,0.0,0.0,0.0,0.0,0.0,0.0,0.0,0.0,0.0,Mason,Mount,1999-01-10,27.69,1.0,7.0,Midfielder,Attacking Midfielder,184341,6eqit8ye8aomdsrrq0hk3v7gh,Manchester United FC,Manchester United,Man Utd,MUN,184341.0,0.0,0.0,0.0,0.0,0.0,0.0,0.0,0.0,0.0,0.0,0.0,0.0,0.0,0.0,Mason,Mount,1999-01-10,27.69,1.0,7.0,Midfielder,Attacking Midfielder,184341,6eqit8ye8aomdsrrq0hk3v7gh,Manchester United FC,Manchester United,Man Utd,MUN,184341,184341,1,6eqit8ye8aomdsrrq0hk3v7gh
Mateo Kovacic,91651.0,2.0,42.0,0.0,0.0,0.0,0.0,0.0,0.0,0.0,Mateo,Kovacic,1994-05-06,32.37,43.0,8.0,Midfielder,Central Midfielder,ehopba709zukxj4vgcync942d,a3nyxabgsqlnqfkeg41m6tnpp,Manchester City FC,Manchester City,Man City,MCI,17.0,167.234,5.0,-4.83,0.0,0.0,0.0,0.0,9.837,-0.966,0.0,0.0,2.0,0.0,0.0,2.0,0.0,0.0,1.0,1.0,100.0,,,,,,,,,,91651.0,0.0,0.0,0.0,0.0,0.0,0.0,0.0,0.0,0.0,0.0,Mateo,Kovacic,1994-05-06,32.37,43.0,8.0,Midfielder,Central Midfielder,ehopba709zukxj4vgcync942d,a3nyxabgsqlnqfkeg41m6tnpp,Manchester City FC,Manchester City,Man City,MCI,91651.0,0.0,0.0,0.0,0.0,0.0,0.0,0.0,0.0,0.0,0.0,0.0,0.0,0.0,0.0,Mateo,Kovacic,1994-05-06,32.37,43.0,8.0,Midfielder,Central Midfielder,ehopba709zukxj4vgcync942d,a3nyxabgsqlnqfkeg41m6tnpp,Manchester City FC,Manchester City,Man City,MCI,91651,ehopba709zukxj4vgcync942d,43,a3nyxabgsqlnqfkeg41m6tnpp
Mateus Fernandes,551226.0,3.0,142.0,0.0,0.01,-0.01,1.0,0.0,0.0,0.01,Mateus Gonçalo,Espanha Fernandes,2004-07-10,22.19,6.0,18.0,Midfielder,Central Midfielder,d6tc895jr5kkxotydz2jcjx1w,22doj4sgsocqpxw45h607udje,Tottenham Hotspur FC,Tottenham Hotspur,Spurs,TOT,24.0,252.882,10.0,50.715,0.0,0.0,2.0,0.0,10.537,5.072,4.0,0.0,6.0,0.0,0.0,11.0,5.0,45.455,2.0,1.0,50.0,,,,,,,,,,551226.0,142.0,3.0,5.0,4.0,4.65,20.0,0.231,0.159,0.0,0.0,Mateus Gonçalo,Espanha Fernandes,2004-07-10,22.19,6.0,18.0,Midfielder,Central Midfielder,d6tc895jr5kkxotydz2jcjx1w,22doj4sgsocqpxw45h607udje,Tottenham Hotspur FC,Tottenham Hotspur,Spurs,TOT,551226.0,142.0,3.0,95.0,91.0,95.79,30.0,29.0,96.67,4.0,1.0,25.0,0.0,0.0,0.0,Mateus Gonçalo,Espanha Fernandes,2004-07-10,22.19,6.0,18.0,Midfielder,Central Midfielder,d6tc895jr5kkxotydz2jcjx1w,22doj4sgsocqpxw45h607udje,Tottenham Hotspur FC,Tottenham Hotspur,Spurs,TOT,551226,d6tc895jr5kkxotydz2jcjx1w,6,22doj4sgsocqpxw45h607udje
Matheus Cunha,430871.0,3.0,230.0,0.0,0.47,-0.47,7.0,2.0,0.0,0.07,Matheus,Santos Carneiro da Cunha,1999-05-27,27.31,1.0,10.0,Forward,Second Striker,9rm3r46uzxlmuqnp0jo4danhm,6eqit8ye8aomdsrrq0hk3v7gh,Manchester United FC,Manchester United,Man Utd,MUN,28.0,401.771,16.0,220.395,0.0,0.0,2.0,1.0,14.349,13.775,2.0,0.0,6.0,0.0,0.0,15.0,6.0,40.0,6.0,0.0,0.0,,,,,,,,,,430871.0,230.0,3.0,4.0,4.0,3.9,0.0,0.418,0.417,1.0,1.0,Matheus,Santos Carneiro da Cunha,1999-05-27,27.31,1.0,10.0,Forward,Second Striker,9rm3r46uzxlmuqnp0jo4danhm,6eqit8ye8aomdsrrq0hk3v7gh,Manchester United FC,Manchester United,Man Utd,MUN,430871.0,230.0,3.0,77.0,68.0,88.31,38.0,32.0,84.21,4.0,0.0,0.0,3.0,2.0,66.67,Matheus,Santos Carneiro da Cunha,1999-05-27,27.31,1.0,10.0,Forward,Second Striker,9rm3r46uzxlmuqnp0jo4danhm,6eqit8ye8aomdsrrq0hk3v7gh,Manchester United FC,Manchester United,Man Utd,MUN,430871,9rm3r46uzxlmuqnp0jo4danhm,1,6eqit8ye8aomdsrrq0hk3v7gh
Matheus Nunes,465351.0,1.0,33.0,0.0,0.0,0.0,0.0,0.0,0.0,0.0,Matheus Luiz,Nunes,1998-08-27,28.06,43.0,27.0,Midfielder,Central Midfielder,3trkre1c81pzretsjsi8jk6sq,a3nyxabgsqlnqfkeg41m6tnpp,Manchester City FC,Manchester City,Man City,MCI,4.0,89.072,3.0,51.135,0.0,0.0,0.0,0.0,22.268,17.045,0.0,0.0,2.0,0.0,1.0,1.0,1.0,100.0,0.0,0.0,0.0,,,,,,,,,,465351.0,33.0,1.0,0.0,0.0,0.0,0.0,0.041,0.041,0.0,0.0,Matheus Luiz,Nunes,1998-08-27,28.06,43.0,27.0,Midfielder,Central Midfielder,3trkre1c81pzretsjsi8jk6sq,a3nyxabgsqlnqfkeg41m6tnpp,Manchester City FC,Manchester City,Man City,MCI,465351.0,33.0,1.0,23.0,20.0,86.96,7.0,7.0,100.0,2.0,0.0,0.0,0.0,0.0,0.0,Matheus Luiz,Nunes,1998-08-27,28.06,43.0,27.0,Midfielder,Central Midfielder,3trkre1c81pzretsjsi8jk6sq,a3nyxabgsqlnqfkeg41m6tnpp,Manchester City FC,Manchester City,Man City,MCI,465351,3trkre1c81pzretsjsi8jk6sq,43,a3nyxabgsqlnqfkeg41m6tnpp
Mathias Jensen,207283.0,1.0,67.0,0.0,0.08,-0.08,2.0,1.0,0.0,0.04,Mathias,Jensen,1996-01-01,30.72,94.0,8.0,Midfielder,Central Midfielder,dtol82tjlq48bs0s70sisguz9,7yx5dqhhphyvfisohikodajhv,Brentford FC,Brentford,Brentford,BRE,7.0,54.032,2.0,16.275,1.0,0.0,1.0,0.0,7.719,8.137,2.0,0.0,3.0,0.0,0.0,7.0,2.0,28.571,1.0,0.0,0.0,,,,,,,,,,207283.0,67.0,1.0,3.0,1.0,4.0,66.67,0.338,0.269,0.0,0.0,Mathias,Jensen,1996-01-01,30.72,94.0,8.0,Midfielder,Central Midfielder,dtol82tjlq48bs0s70sisguz9,7yx5dqhhphyvfisohikodajhv,Brentford FC,Brentford,Brentford,BRE,207283.0,67.0,1.0,27.0,26.0,96.3,9.0,9.0,100.0,3.0,1.0,33.33,0.0,0.0,0.0,Mathias,Jensen,1996-01-01,30.72,94.0,8.0,Midfielder,Central Midfielder,dtol82tjlq48bs0s70sisguz9,7yx5dqhhphyvfisohikodajhv,Brentford FC,Brentford,Brentford,BRE,207283,dtol82tjlq48bs0s70sisguz9,94,7yx5dqhhphyvfisohikodajhv
Mathys Tel,511499.0,3.0,232.0,0.0,0.2,-0.2,5.0,1.0,0.0,0.04,Mathys,Tel,2005-04-27,21.39,6.0,11.0,Forward,0,cv1d56d42wujfuc4kt6bn53x0,22doj4sgsocqpxw45h607udje,Tottenham Hotspur FC,Tottenham Hotspur,Spurs,TOT,54.0,607.173,33.0,344.295,3.0,0.0,3.0,0.0,11.244,10.433,1.0,0.0,11.0,0.0,1.0,34.0,12.0,35.294,4.0,1.0,25.0,,,,,,,,,,511499.0,232.0,3.0,3.0,3.0,4.17,0.0,0.137,0.131,0.0,0.0,Mathys,Tel,2005-04-27,21.39,6.0,11.0,Forward,0,cv1d56d42wujfuc4kt6bn53x0,22doj4sgsocqpxw45h607udje,Tottenham Hotspur FC,Tottenham Hotspur,Spurs,TOT,511499.0,232.0,3.0,75.0,64.0,85.33,48.0,41.0,85.42,7.0,2.0,28.57,0.0,0.0,0.0,Mathys,Tel,2005-04-27,21.39,6.0,11.0,Forward,0,cv1d56d42wujfuc4kt6bn53x0,22doj4sgsocqpxw45h607udje,Tottenham Hotspur FC,Tottenham Hotspur,Spurs,TOT,511499,cv1d56d42wujfuc4kt6bn53x0,6,22doj4sgsocqpxw45h607udje
Matias Fernandez-Pardo,613221.0,1.0,27.0,0.0,0.0,0.0,0.0,0.0,0.0,0.0,Matias,Fernandez-Pardo,2005-02-03,21.62,4.0,20.0,Forward,Striker,2branork7cntloew47tif7das,7vn2i2kd35zuetw6b38gw9jsz,Newcastle United FC,Newcastle United,Newcastle,NEW,5.0,72.213,3.0,46.2,0.0,0.0,0.0,0.0,14.443,15.4,0.0,0.0,1.0,0.0,0.0,3.0,2.0,66.667,0.0,0.0,0.0,,,,,,,,,,613221.0,27.0,1.0,0.0,0.0,0.0,0.0,0.001,0.001,0.0,0.0,Matias,Fernandez-Pardo,2005-02-03,21.62,4.0,20.0,Forward,Striker,2branork7cntloew47tif7das,7vn2i2kd35zuetw6b38gw9jsz,Newcastle United FC,Newcastle United,Newcastle,NEW,613221.0,27.0,1.0,6.0,4.0,66.67,3.0,1.0,33.33,1.0,0.0,0.0,0.0,0.0,0.0,Matias,Fernandez-Pardo,2005-02-03,21.62,4.0,20.0,Forward,Striker,2branork7cntloew47tif7das,7vn2i2kd35zuetw6b38gw9jsz,Newcastle United FC,Newcastle United,Newcastle,NEW,613221,2branork7cntloew47tif7das,4,7vn2i2kd35zuetw6b38gw9jsz
Mats Wieffer,467779.0,2.0,158.0,0.0,0.12,-0.12,2.0,0.0,0.0,0.06,Mats,Wieffer,1999-11-16,26.84,36.0,27.0,Midfielder,Defensive Midfielder,672cwl9zj2d6lce6jda350vvu,e5p0ehyguld7egzhiedpdnc3w,Brighton & Hove Albion FC,Brighton & Hove Albion,Brighton,BHA,20.0,174.169,10.0,57.015,0.0,0.0,0.0,0.0,8.708,5.702,4.0,6.0,9.0,2.0,2.0,15.0,9.0,60.0,8.0,4.0,50.0,,,,,,,,,,467779.0,158.0,2.0,2.0,2.0,1.87,0.0,0.134,0.133,0.0,0.0,Mats,Wieffer,1999-11-16,26.84,36.0,27.0,Midfielder,Defensive Midfielder,672cwl9zj2d6lce6jda350vvu,e5p0ehyguld7egzhiedpdnc3w,Brighton & Hove Albion FC,Brighton & Hove Albion,Brighton,BHA,467779.0,158.0,2.0,109.0,99.0,90.83,31.0,28.0,90.32,5.0,1.0,20.0,0.0,0.0,0.0,Mats,Wieffer,1999-11-16,26.84,36.0,27.0,Midfielder,Defensive Midfielder,672cwl9zj2d6lce6jda350vvu,e5p0ehyguld7egzhiedpdnc3w,Brighton & Hove Albion FC,Brighton & Hove Albion,Brighton,BHA,467779,672cwl9zj2d6lce6jda350vvu,36,e5p0ehyguld7egzhiedpdnc3w
Matt Crooks,101282.0,1.0,90.0,0.0,0.0,0.0,0.0,0.0,0.0,0.0,Matt,Crooks,1994-01-20,32.66,88.0,25.0,Midfielder,Central Midfielder,al2o9s4x633kg6mveprla1ped,f0figafm2v9h8ofo6slajj7xf,Hull City AFC,Hull City,Hull,HUL,5.0,43.895,3.0,20.475,0.0,0.0,0.0,0.0,8.779,6.825,4.0,0.0,1.0,2.0,2.0,10.0,5.0,50.0,3.0,3.0,100.0,,,,,,,,,,101282.0,90.0,1.0,0.0,0.0,0.0,0.0,0.004,0.004,0.0,0.0,Matt,Crooks,1994-01-20,32.66,88.0,25.0,Midfielder,Central Midfielder,al2o9s4x633kg6mveprla1ped,f0figafm2v9h8ofo6slajj7xf,Hull City AFC,Hull City,Hull,HUL,101282.0,90.0,1.0,21.0,15.0,71.43,4.0,2.0,50.0,0.0,0.0,0.0,0.0,0.0,0.0,Matt,Crooks,1994-01-20,32.66,88.0,25.0,Midfielder,Central Midfielder,al2o9s4x633kg6mveprla1ped,f0figafm2v9h8ofo6slajj7xf,Hull City AFC,Hull City,Hull,HUL,101282,al2o9s4x633kg6mveprla1ped,88,f0figafm2v9h8ofo6slajj7xf
Matt Grimes,168144.0,3.0,270.0,0.0,0.05,-0.05,2.0,0.0,0.0,0.02,Matt,Grimes,1995-07-15,31.18,9.0,6.0,Midfielder,Defensive Midfielder,9offctffrvq9n7kcoyya675cl,dacoc20k0n3fxu4zek8wufmko,Coventry City FC,Coventry City,Coventry,COV,57.0,606.236,31.0,340.725,0.0,0.0,0.0,0.0,10.636,10.991,5.0,1.0,12.0,3.0,4.0,12.0,7.0,58.333,6.0,3.0,50.0,,,,,,,,,,168144.0,270.0,3.0,1.0,1.0,0.57,0.0,0.056,0.049,0.0,0.0,Matt,Grimes,1995-07-15,31.18,9.0,6.0,Midfielder,Defensive Midfielder,9offctffrvq9n7kcoyya675cl,dacoc20k0n3fxu4zek8wufmko,Coventry City FC,Coventry City,Coventry,COV,168144.0,270.0,3.0,188.0,160.0,85.11,58.0,41.0,70.69,3.0,0.0,0.0,0.0,0.0,0.0,Matt,Grimes,1995-07-15,31.18,9.0,6.0,Midfielder,Defensive Midfielder,9offctffrvq9n7kcoyya675cl,dacoc20k0n3fxu4zek8wufmko,Coventry City FC,Coventry City,Coventry,COV,168144,9offctffrvq9n7kcoyya675cl,9,dacoc20k0n3fxu4zek8wufmko
Matt O'Riley,219249.0,0.0,0.0,0.0,0.0,0.0,0.0,0.0,0.0,0.0,Matt,O'Riley,2000-11-21,25.82,36.0,33.0,Midfielder,Central Midfielder,219249,e5p0ehyguld7egzhiedpdnc3w,Brighton & Hove Albion FC,Brighton & Hove Albion,Brighton,BHA,0.0,0.0,0.0,0.0,0.0,0.0,0.0,0.0,0.0,0.0,0.0,0.0,0.0,0.0,0.0,0.0,0.0,0.0,0.0,0.0,0.0,,,,,,,,,,219249.0,0.0,0.0,0.0,0.0,0.0,0.0,0.0,0.0,0.0,0.0,Matt,O'Riley,2000-11-21,25.82,36.0,33.0,Midfielder,Central Midfielder,219249,e5p0ehyguld7egzhiedpdnc3w,Brighton & Hove Albion FC,Brighton & Hove Albion,Brighton,BHA,219249.0,0.0,0.0,0.0,0.0,0.0,0.0,0.0,0.0,0.0,0.0,0.0,0.0,0.0,0.0,Matt,O'Riley,2000-11-21,25.82,36.0,33.0,Midfielder,Central Midfielder,219249,e5p0ehyguld7egzhiedpdnc3w,Brighton & Hove Albion FC,Brighton & Hove Albion,Brighton,BHA,219249,219249,36,e5p0ehyguld7egzhiedpdnc3w
Matt Targett,169359.0,1.0,5.0,0.0,0.0,0.0,0.0,0.0,0.0,0.0,Matt,Targett,1995-09-18,31.0,88.0,23.0,Defender,Full Back,7g5elxh8h34yj55h9heydhzv9,f0figafm2v9h8ofo6slajj7xf,Hull City AFC,Hull City,Hull,HUL,0.0,0.0,0.0,0.0,0.0,0.0,0.0,0.0,0.0,0.0,0.0,0.0,1.0,0.0,0.0,0.0,0.0,0.0,0.0,0.0,0.0,,,,,,,,,,169359.0,5.0,1.0,0.0,0.0,0.0,0.0,0.001,0.001,0.0,0.0,Matt,Targett,1995-09-18,31.0,88.0,23.0,Defender,Full Back,7g5elxh8h34yj55h9heydhzv9,f0figafm2v9h8ofo6slajj7xf,Hull City AFC,Hull City,Hull,HUL,169359.0,5.0,1.0,5.0,5.0,100.0,1.0,1.0,100.0,0.0,0.0,0.0,0.0,0.0,0.0,Matt,Targett,1995-09-18,31.0,88.0,23.0,Defender,Full Back,7g5elxh8h34yj55h9heydhzv9,f0figafm2v9h8ofo6slajj7xf,Hull City AFC,Hull City,Hull,HUL,169359,7g5elxh8h34yj55h9heydhzv9,88,f0figafm2v9h8ofo6slajj7xf
Matteo Ruggeri,487992.0,2.0,23.0,0.0,0.0,0.0,0.0,0.0,0.0,0.0,Matteo,Ruggeri,2002-07-11,24.19,7.0,13.0,Defender,Full Back,7mvqysbmyf6uj3jny3qpqw2ga,b496gs285it6bheuikox6z9mj,Aston Villa FC,Aston Villa,Villa,AVL,0.0,0.0,0.0,0.0,0.0,0.0,0.0,0.0,0.0,0.0,2.0,1.0,2.0,0.0,0.0,2.0,2.0,100.0,0.0,0.0,0.0,,,,,,,,,,487992.0,23.0,2.0,0.0,0.0,0.0,0.0,0.006,0.006,0.0,0.0,Matteo,Ruggeri,2002-07-11,24.19,7.0,13.0,Defender,Full Back,7mvqysbmyf6uj3jny3qpqw2ga,b496gs285it6bheuikox6z9mj,Aston Villa FC,Aston Villa,Villa,AVL,487992.0,23.0,2.0,20.0,20.0,100.0,6.0,6.0,100.0,2.0,0.0,0.0,0.0,0.0,0.0,Matteo,Ruggeri,2002-07-11,24.19,7.0,13.0,Defender,Full Back,7mvqysbmyf6uj3jny3qpqw2ga,b496gs285it6bheuikox6z9mj,Aston Villa FC,Aston Villa,Villa,AVL,487992,7mvqysbmyf6uj3jny3qpqw2ga,7,b496gs285it6bheuikox6z9mj
Matty Cash,199796.0,3.0,253.0,0.0,0.15,-0.15,1.0,0.0,0.0,0.15,Matty,Cash,1997-08-07,29.12,7.0,2.0,Defender,Full Back,1e9txzr9hqz94xtun6byo0vs9,b496gs285it6bheuikox6z9mj,Aston Villa FC,Aston Villa,Villa,AVL,32.0,364.146,18.0,128.1,0.0,0.0,0.0,0.0,11.38,7.117,6.0,1.0,2.0,2.0,5.0,17.0,11.0,64.706,4.0,1.0,25.0,,,,,,,,,,199796.0,253.0,3.0,1.0,1.0,0.88,0.0,0.04,0.038,0.0,0.0,Matty,Cash,1997-08-07,29.12,7.0,2.0,Defender,Full Back,1e9txzr9hqz94xtun6byo0vs9,b496gs285it6bheuikox6z9mj,Aston Villa FC,Aston Villa,Villa,AVL,199796.0,253.0,3.0,118.0,98.0,83.05,43.0,31.0,72.09,1.0,0.0,0.0,0.0,0.0,0.0,Matty,Cash,1997-08-07,29.12,7.0,2.0,Defender,Full Back,1e9txzr9hqz94xtun6byo0vs9,b496gs285it6bheuikox6z9mj,Aston Villa FC,Aston Villa,Villa,AVL,199796,1e9txzr9hqz94xtun6byo0vs9,7,b496gs285it6bheuikox6z9mj
Matz Sels,,,,,,,,,,,,,,,,,,,,,,,,,,,,,,,,,,,,,,,,,,,,,,270.0,100.0,0.0,3.0,4.0,57.14,-0.45,0.67,2.55,,,,,,,,,,,,,,,,,,,,,,,,,,,,,,,,,,,,,,,,,,,,,,,,,,,,,,,85633,2vgr8c97x4b2e51tyvvixusid,17,1qtaiy11gswx327s0vkibf70n
Max Dowman,616077.0,0.0,0.0,0.0,0.0,0.0,0.0,0.0,0.0,0.0,Max,Dowman,2009-12-31,16.71,3.0,56.0,Midfielder,Attacking Midfielder,616077,4dsgumo7d4zupm2ugsvm4zm4d,Arsenal FC,Arsenal,Arsenal,ARS,0.0,0.0,0.0,0.0,0.0,0.0,0.0,0.0,0.0,0.0,0.0,0.0,0.0,0.0,0.0,0.0,0.0,0.0,0.0,0.0,0.0,,,,,,,,,,616077.0,0.0,0.0,0.0,0.0,0.0,0.0,0.0,0.0,0.0,0.0,Max,Dowman,2009-12-31,16.71,3.0,56.0,Midfielder,Attacking Midfielder,616077,4dsgumo7d4zupm2ugsvm4zm4d,Arsenal FC,Arsenal,Arsenal,ARS,616077.0,0.0,0.0,0.0,0.0,0.0,0.0,0.0,0.0,0.0,0.0,0.0,0.0,0.0,0.0,Max,Dowman,2009-12-31,16.71,3.0,56.0,Midfielder,Attacking Midfielder,616077,4dsgumo7d4zupm2ugsvm4zm4d,Arsenal FC,Arsenal,Arsenal,ARS,616077,616077,3,4dsgumo7d4zupm2ugsvm4zm4d
Maxence Lacroix,437499.0,3.0,270.0,0.0,0.02,-0.02,1.0,0.0,0.0,0.02,Maxence,Lacroix,2000-04-06,26.45,8.0,5.0,Defender,Central Defender,7e7w34imugzsufvytjxytupd5,9q0arba2kbnywth8bkxlhgmdr,Chelsea FC,Chelsea,Chelsea,CHE,27.0,252.473,9.0,62.895,0.0,0.0,1.0,1.0,9.351,6.988,8.0,3.0,5.0,3.0,18.0,14.0,9.0,64.286,17.0,8.0,47.059,,,,,,,,,,437499.0,270.0,3.0,1.0,1.0,0.0,0.0,0.206,0.206,1.0,1.0,Maxence,Lacroix,2000-04-06,26.45,8.0,5.0,Defender,Central Defender,7e7w34imugzsufvytjxytupd5,9q0arba2kbnywth8bkxlhgmdr,Chelsea FC,Chelsea,Chelsea,CHE,437499.0,270.0,3.0,118.0,106.0,89.83,10.0,5.0,50.0,0.0,0.0,0.0,0.0,0.0,0.0,Maxence,Lacroix,2000-04-06,26.45,8.0,5.0,Defender,Central Defender,7e7w34imugzsufvytjxytupd5,9q0arba2kbnywth8bkxlhgmdr,Chelsea FC,Chelsea,Chelsea,CHE,437499,7e7w34imugzsufvytjxytupd5,8,9q0arba2kbnywth8bkxlhgmdr
Maxim De Cuyper,465730.0,3.0,245.0,1.0,1.5,-0.5,5.0,1.0,20.0,0.3,Maxim,De Cuyper,2000-12-22,25.74,36.0,29.0,Defender,Full Back,bjhjz96omjukrg6tj3mny39t6,e5p0ehyguld7egzhiedpdnc3w,Brighton & Hove Albion FC,Brighton & Hove Albion,Brighton,BHA,36.0,332.048,20.0,176.505,0.0,0.0,0.0,0.0,9.224,8.825,4.0,2.0,10.0,0.0,2.0,14.0,5.0,35.714,1.0,0.0,0.0,,,,,,,,,,465730.0,245.0,3.0,5.0,2.0,1.71,40.0,0.401,0.227,1.0,0.0,Maxim,De Cuyper,2000-12-22,25.74,36.0,29.0,Defender,Full Back,bjhjz96omjukrg6tj3mny39t6,e5p0ehyguld7egzhiedpdnc3w,Brighton & Hove Albion FC,Brighton & Hove Albion,Brighton,BHA,465730.0,245.0,3.0,119.0,105.0,88.24,53.0,44.0,83.02,13.0,2.0,15.38,0.0,0.0,0.0,Maxim,De Cuyper,2000-12-22,25.74,36.0,29.0,Defender,Full Back,bjhjz96omjukrg6tj3mny39t6,e5p0ehyguld7egzhiedpdnc3w,Brighton & Hove Albion FC,Brighton & Hove Albion,Brighton,BHA,465730,bjhjz96omjukrg6tj3mny39t6,36,e5p0ehyguld7egzhiedpdnc3w
Melvin Bard,437497.0,0.0,0.0,0.0,0.0,0.0,0.0,0.0,0.0,0.0,Melvin,Bard,2000-11-06,25.86,2.0,26.0,Defender,Full Back,437497,48gk2hpqtsl6p9sx9kjhaydq4,Leeds United FC,Leeds United,Leeds,LEE,0.0,0.0,0.0,0.0,0.0,0.0,0.0,0.0,0.0,0.0,0.0,0.0,0.0,0.0,0.0,0.0,0.0,0.0,0.0,0.0,0.0,,,,,,,,,,437497.0,0.0,0.0,0.0,0.0,0.0,0.0,0.0,0.0,0.0,0.0,Melvin,Bard,2000-11-06,25.86,2.0,26.0,Defender,Full Back,437497,48gk2hpqtsl6p9sx9kjhaydq4,Leeds United FC,Leeds United,Leeds,LEE,437497.0,0.0,0.0,0.0,0.0,0.0,0.0,0.0,0.0,0.0,0.0,0.0,0.0,0.0,0.0,Melvin,Bard,2000-11-06,25.86,2.0,26.0,Defender,Full Back,437497,48gk2hpqtsl6p9sx9kjhaydq4,Leeds United FC,Leeds United,Leeds,LEE,437497,437497,2,48gk2hpqtsl6p9sx9kjhaydq4
Merlin Röhl,513466.0,3.0,251.0,0.0,0.0,0.0,0.0,0.0,0.0,0.0,Merlin,Röhl,2002-07-05,24.2,11.0,34.0,Midfielder,Attacking Midfielder,5n7vp6g13q7sxkzbygfbz27oq,ehd2iemqmschhj2ec0vayztzz,Everton FC,Everton,Everton,EVE,28.0,384.155,16.0,251.475,0.0,0.0,0.0,0.0,13.72,15.717,5.0,0.0,13.0,0.0,6.0,17.0,9.0,52.941,9.0,3.0,33.333,,,,,,,,,,513466.0,251.0,3.0,2.0,2.0,2.3,0.0,0.192,0.19,0.0,0.0,Merlin,Röhl,2002-07-05,24.2,11.0,34.0,Midfielder,Attacking Midfielder,5n7vp6g13q7sxkzbygfbz27oq,ehd2iemqmschhj2ec0vayztzz,Everton FC,Everton,Everton,EVE,513466.0,251.0,3.0,88.0,71.0,80.68,27.0,23.0,85.19,7.0,1.0,14.29,0.0,0.0,0.0,Merlin,Röhl,2002-07-05,24.2,11.0,34.0,Midfielder,Attacking Midfielder,5n7vp6g13q7sxkzbygfbz27oq,ehd2iemqmschhj2ec0vayztzz,Everton FC,Everton,Everton,EVE,513466,5n7vp6g13q7sxkzbygfbz27oq,11,ehd2iemqmschhj2ec0vayztzz
Michael Kayode,607464.0,3.0,209.0,1.0,0.56,0.44,6.0,1.0,16.67,0.09,Michael,Kayode,2004-07-10,22.19,94.0,33.0,Defender,Full Back,471t4engadct4su6thk5r5qtw,7yx5dqhhphyvfisohikodajhv,Brentford FC,Brentford,Brentford,BRE,8.0,101.179,3.0,7.035,0.0,0.0,0.0,0.0,12.647,2.345,1.0,4.0,11.0,2.0,6.0,20.0,8.0,40.0,7.0,5.0,71.429,,,,,,,,,,607464.0,209.0,3.0,1.0,1.0,2.5,0.0,0.209,0.181,0.0,0.0,Michael,Kayode,2004-07-10,22.19,94.0,33.0,Defender,Full Back,471t4engadct4su6thk5r5qtw,7yx5dqhhphyvfisohikodajhv,Brentford FC,Brentford,Brentford,BRE,607464.0,209.0,3.0,40.0,35.0,87.5,6.0,5.0,83.33,5.0,1.0,20.0,0.0,0.0,0.0,Michael,Kayode,2004-07-10,22.19,94.0,33.0,Defender,Full Back,471t4engadct4su6thk5r5qtw,7yx5dqhhphyvfisohikodajhv,Brentford FC,Brentford,Brentford,BRE,607464,471t4engadct4su6thk5r5qtw,94,7yx5dqhhphyvfisohikodajhv
Michael Keane,106611.0,0.0,0.0,0.0,0.0,0.0,0.0,0.0,0.0,0.0,Michael,Keane,1993-01-11,33.69,11.0,5.0,Defender,Central Defender,106611,ehd2iemqmschhj2ec0vayztzz,Everton FC,Everton,Everton,EVE,0.0,0.0,0.0,0.0,0.0,0.0,0.0,0.0,0.0,0.0,0.0,0.0,0.0,0.0,0.0,0.0,0.0,0.0,0.0,0.0,0.0,,,,,,,,,,106611.0,0.0,0.0,0.0,0.0,0.0,0.0,0.0,0.0,0.0,0.0,Michael,Keane,1993-01-11,33.69,11.0,5.0,Defender,Central Defender,106611,ehd2iemqmschhj2ec0vayztzz,Everton FC,Everton,Everton,EVE,106611.0,0.0,0.0,0.0,0.0,0.0,0.0,0.0,0.0,0.0,0.0,0.0,0.0,0.0,0.0,Michael,Keane,1993-01-11,33.69,11.0,5.0,Defender,Central Defender,106611,ehd2iemqmschhj2ec0vayztzz,Everton FC,Everton,Everton,EVE,106611,106611,11,ehd2iemqmschhj2ec0vayztzz
Michael Svoboda,454490.0,0.0,0.0,0.0,0.0,0.0,0.0,0.0,0.0,0.0,Michael,Svoboda,1998-10-15,27.93,36.0,30.0,Defender,Central Defender,454490,e5p0ehyguld7egzhiedpdnc3w,Brighton & Hove Albion FC,Brighton & Hove Albion,Brighton,BHA,0.0,0.0,0.0,0.0,0.0,0.0,0.0,0.0,0.0,0.0,0.0,0.0,0.0,0.0,0.0,0.0,0.0,0.0,0.0,0.0,0.0,,,,,,,,,,454490.0,0.0,0.0,0.0,0.0,0.0,0.0,0.0,0.0,0.0,0.0,Michael,Svoboda,1998-10-15,27.93,36.0,30.0,Defender,Central Defender,454490,e5p0ehyguld7egzhiedpdnc3w,Brighton & Hove Albion FC,Brighton & Hove Albion,Brighton,BHA,454490.0,0.0,0.0,0.0,0.0,0.0,0.0,0.0,0.0,0.0,0.0,0.0,0.0,0.0,0.0,Michael,Svoboda,1998-10-15,27.93,36.0,30.0,Defender,Central Defender,454490,e5p0ehyguld7egzhiedpdnc3w,Brighton & Hove Albion FC,Brighton & Hove Albion,Brighton,BHA,454490,454490,36,e5p0ehyguld7egzhiedpdnc3w
Micky van de Ven,491279.0,2.0,180.0,0.0,0.57,-0.57,2.0,0.0,0.0,0.29,Micky,van de Ven,2001-04-19,25.41,6.0,37.0,Defender,Central Defender,dodddfi0l5i36vlgbaybhzeqy,22doj4sgsocqpxw45h607udje,Tottenham Hotspur FC,Tottenham Hotspur,Spurs,TOT,40.0,377.977,16.0,133.875,0.0,0.0,0.0,0.0,9.449,8.367,4.0,1.0,8.0,0.0,12.0,9.0,6.0,66.667,7.0,6.0,85.714,,,,,,,,,,491279.0,180.0,2.0,0.0,0.0,0.0,0.0,0.022,0.022,0.0,0.0,Micky,van de Ven,2001-04-19,25.41,6.0,37.0,Defender,Central Defender,dodddfi0l5i36vlgbaybhzeqy,22doj4sgsocqpxw45h607udje,Tottenham Hotspur FC,Tottenham Hotspur,Spurs,TOT,491279.0,180.0,2.0,145.0,141.0,97.24,10.0,9.0,90.0,0.0,0.0,0.0,0.0,0.0,0.0,Micky,van de Ven,2001-04-19,25.41,6.0,37.0,Defender,Central Defender,dodddfi0l5i36vlgbaybhzeqy,22doj4sgsocqpxw45h607udje,Tottenham Hotspur FC,Tottenham Hotspur,Spurs,TOT,491279,dodddfi0l5i36vlgbaybhzeqy,6,22doj4sgsocqpxw45h607udje
Mikel Merino,195384.0,3.0,46.0,0.0,0.14,-0.14,2.0,1.0,0.0,0.07,Mikel,Merino,1996-06-22,30.24,3.0,23.0,Midfielder,Central Midfielder,atigcsq78g14w82lwvay26aj9,4dsgumo7d4zupm2ugsvm4zm4d,Arsenal FC,Arsenal,Arsenal,ARS,10.0,74.637,4.0,49.665,2.0,0.0,0.0,0.0,7.464,12.416,0.0,0.0,6.0,0.0,0.0,9.0,6.0,66.667,2.0,1.0,50.0,,,,,,,,,,195384.0,46.0,3.0,0.0,0.0,0.0,0.0,0.027,0.027,0.0,0.0,Mikel,Merino,1996-06-22,30.24,3.0,23.0,Midfielder,Central Midfielder,atigcsq78g14w82lwvay26aj9,4dsgumo7d4zupm2ugsvm4zm4d,Arsenal FC,Arsenal,Arsenal,ARS,195384.0,46.0,3.0,35.0,33.0,94.29,14.0,12.0,85.71,0.0,0.0,0.0,0.0,0.0,0.0,Mikel,Merino,1996-06-22,30.24,3.0,23.0,Midfielder,Central Midfielder,atigcsq78g14w82lwvay26aj9,4dsgumo7d4zupm2ugsvm4zm4d,Arsenal FC,Arsenal,Arsenal,ARS,195384,atigcsq78g14w82lwvay26aj9,3,4dsgumo7d4zupm2ugsvm4zm4d
Mikey Moore,499721.0,2.0,90.0,0.0,0.4,-0.4,4.0,3.0,0.0,0.1,Mikey,Moore,2007-08-11,19.1,6.0,47.0,Forward,Winger,42rwtl17m029bdkerhfixiolw,22doj4sgsocqpxw45h607udje,Tottenham Hotspur FC,Tottenham Hotspur,Spurs,TOT,12.0,163.541,7.0,65.31,2.0,0.0,0.0,0.0,13.628,9.33,1.0,0.0,2.0,0.0,0.0,5.0,4.0,80.0,2.0,0.0,0.0,,,,,,,,,,499721.0,90.0,2.0,1.0,1.0,5.88,0.0,0.016,0.016,0.0,0.0,Mikey,Moore,2007-08-11,19.1,6.0,47.0,Forward,Winger,42rwtl17m029bdkerhfixiolw,22doj4sgsocqpxw45h607udje,Tottenham Hotspur FC,Tottenham Hotspur,Spurs,TOT,499721.0,90.0,2.0,17.0,14.0,82.35,9.0,7.0,77.78,2.0,1.0,50.0,0.0,0.0,0.0,Mikey,Moore,2007-08-11,19.1,6.0,47.0,Forward,Winger,42rwtl17m029bdkerhfixiolw,22doj4sgsocqpxw45h607udje,Tottenham Hotspur FC,Tottenham Hotspur,Spurs,TOT,499721,42rwtl17m029bdkerhfixiolw,6,22doj4sgsocqpxw45h607udje
Mikkel Damsgaard,440089.0,3.0,169.0,0.0,0.03,-0.03,2.0,1.0,0.0,0.01,Mikkel,Damsgaard,2000-07-03,26.21,94.0,24.0,Midfielder,Attacking Midfielder,ek0k9s7axizns3vtzyy3z5nu,7yx5dqhhphyvfisohikodajhv,Brentford FC,Brentford,Brentford,BRE,18.0,159.838,10.0,57.54,0.0,0.0,0.0,0.0,8.88,5.754,3.0,1.0,11.0,0.0,2.0,15.0,8.0,53.333,1.0,0.0,0.0,,,,,,,,,,440089.0,169.0,3.0,6.0,5.0,5.75,16.67,0.447,0.358,0.0,0.0,Mikkel,Damsgaard,2000-07-03,26.21,94.0,24.0,Midfielder,Attacking Midfielder,ek0k9s7axizns3vtzyy3z5nu,7yx5dqhhphyvfisohikodajhv,Brentford FC,Brentford,Brentford,BRE,440089.0,169.0,3.0,91.0,78.0,85.71,40.0,33.0,82.5,8.0,2.0,25.0,0.0,0.0,0.0,Mikkel,Damsgaard,2000-07-03,26.21,94.0,24.0,Midfielder,Attacking Midfielder,ek0k9s7axizns3vtzyy3z5nu,7yx5dqhhphyvfisohikodajhv,Brentford FC,Brentford,Brentford,BRE,440089,ek0k9s7axizns3vtzyy3z5nu,94,7yx5dqhhphyvfisohikodajhv
Milan van Ewijk,451284.0,3.0,270.0,0.0,0.0,0.0,0.0,0.0,0.0,0.0,Milan,van Ewijk,2000-09-08,26.02,9.0,27.0,Defender,Full Back,etzj9ltadjsvkmahib7hor90q,dacoc20k0n3fxu4zek8wufmko,Coventry City FC,Coventry City,Coventry,COV,26.0,313.519,15.0,177.03,0.0,0.0,0.0,0.0,12.058,11.802,5.0,5.0,10.0,2.0,8.0,17.0,5.0,29.412,3.0,2.0,66.667,,,,,,,,,,451284.0,270.0,3.0,2.0,2.0,2.2,0.0,0.258,0.238,0.0,0.0,Milan,van Ewijk,2000-09-08,26.02,9.0,27.0,Defender,Full Back,etzj9ltadjsvkmahib7hor90q,dacoc20k0n3fxu4zek8wufmko,Coventry City FC,Coventry City,Coventry,COV,451284.0,270.0,3.0,91.0,79.0,86.81,32.0,28.0,87.5,4.0,3.0,75.0,0.0,0.0,0.0,Milan,van Ewijk,2000-09-08,26.02,9.0,27.0,Defender,Full Back,etzj9ltadjsvkmahib7hor90q,dacoc20k0n3fxu4zek8wufmko,Coventry City FC,Coventry City,Coventry,COV,451284,etzj9ltadjsvkmahib7hor90q,9,dacoc20k0n3fxu4zek8wufmko
Milos Kerkez,544877.0,3.0,251.0,0.0,0.02,-0.02,2.0,1.0,0.0,0.01,Milos,Kerkez,2003-11-07,22.86,14.0,6.0,Defender,Full Back,a2zavv31d2aadyddk0kjttdgq,c8h9bw1l82s06h77xxrelzhur,Liverpool FC,Liverpool,Liverpool,LIV,15.0,136.171,8.0,85.68,1.0,0.0,0.0,0.0,9.078,10.71,6.0,2.0,8.0,3.0,9.0,21.0,9.0,42.857,8.0,4.0,50.0,,,,,,,,,,544877.0,251.0,3.0,2.0,2.0,1.79,0.0,0.062,0.062,0.0,0.0,Milos,Kerkez,2003-11-07,22.86,14.0,6.0,Defender,Full Back,a2zavv31d2aadyddk0kjttdgq,c8h9bw1l82s06h77xxrelzhur,Liverpool FC,Liverpool,Liverpool,LIV,544877.0,251.0,3.0,113.0,94.0,83.19,41.0,29.0,70.73,8.0,2.0,25.0,0.0,0.0,0.0,Milos,Kerkez,2003-11-07,22.86,14.0,6.0,Defender,Full Back,a2zavv31d2aadyddk0kjttdgq,c8h9bw1l82s06h77xxrelzhur,Liverpool FC,Liverpool,Liverpool,LIV,544877,a2zavv31d2aadyddk0kjttdgq,14,c8h9bw1l82s06h77xxrelzhur
Mohamed Belloumi,540324.0,3.0,255.0,0.0,0.19,-0.19,5.0,1.0,0.0,0.04,Mohamed,Belloumi,2002-06-01,24.3,88.0,10.0,Forward,Winger,9hbuqi8dt37uxk3ec2oj1s1zo,f0figafm2v9h8ofo6slajj7xf,Hull City AFC,Hull City,Hull,HUL,24.0,269.346,10.0,81.795,1.0,0.0,2.0,1.0,11.223,8.18,9.0,9.0,9.0,2.0,3.0,25.0,13.0,52.0,3.0,1.0,33.333,,,,,,,,,,540324.0,255.0,3.0,2.0,2.0,2.44,0.0,0.062,0.059,1.0,1.0,Mohamed,Belloumi,2002-06-01,24.3,88.0,10.0,Forward,Winger,9hbuqi8dt37uxk3ec2oj1s1zo,f0figafm2v9h8ofo6slajj7xf,Hull City AFC,Hull City,Hull,HUL,540324.0,255.0,3.0,42.0,29.0,69.05,19.0,13.0,68.42,3.0,0.0,0.0,0.0,0.0,0.0,Mohamed,Belloumi,2002-06-01,24.3,88.0,10.0,Forward,Winger,9hbuqi8dt37uxk3ec2oj1s1zo,f0figafm2v9h8ofo6slajj7xf,Hull City AFC,Hull City,Hull,HUL,540324,9hbuqi8dt37uxk3ec2oj1s1zo,88,f0figafm2v9h8ofo6slajj7xf
Mohamed-Ali Cho,490884.0,2.0,15.0,0.0,0.05,-0.05,1.0,1.0,0.0,0.05,Mohamed-Ali,Cho,2004-01-19,22.66,88.0,50.0,Forward,Winger,5vznxxfbteooxk2dd2ws76xhw,f0figafm2v9h8ofo6slajj7xf,Hull City AFC,Hull City,Hull,HUL,2.0,19.663,2.0,10.71,0.0,0.0,0.0,0.0,9.832,5.355,0.0,0.0,0.0,0.0,0.0,0.0,0.0,0.0,1.0,0.0,0.0,,,,,,,,,,490884.0,15.0,2.0,0.0,0.0,0.0,0.0,0.001,0.001,0.0,0.0,Mohamed-Ali,Cho,2004-01-19,22.66,88.0,50.0,Forward,Winger,5vznxxfbteooxk2dd2ws76xhw,f0figafm2v9h8ofo6slajj7xf,Hull City AFC,Hull City,Hull,HUL,490884.0,15.0,2.0,4.0,2.0,50.0,4.0,2.0,50.0,0.0,0.0,0.0,0.0,0.0,0.0,Mohamed-Ali,Cho,2004-01-19,22.66,88.0,50.0,Forward,Winger,5vznxxfbteooxk2dd2ws76xhw,f0figafm2v9h8ofo6slajj7xf,Hull City AFC,Hull City,Hull,HUL,490884,5vznxxfbteooxk2dd2ws76xhw,88,f0figafm2v9h8ofo6slajj7xf
Mohammed Kudus,460842.0,2.0,51.0,0.0,0.04,-0.04,1.0,0.0,0.0,0.04,Mohammed,Kudus,2000-08-02,26.13,6.0,20.0,Midfielder,0,p7vw4thx5wzo49h6hfabcq5m,22doj4sgsocqpxw45h607udje,Tottenham Hotspur FC,Tottenham Hotspur,Spurs,TOT,15.0,157.392,11.0,102.69,1.0,0.0,0.0,0.0,10.493,9.335,0.0,0.0,5.0,0.0,0.0,10.0,6.0,60.0,0.0,0.0,0.0,,,,,,,,,,460842.0,51.0,2.0,1.0,1.0,4.76,0.0,0.17,0.169,0.0,0.0,Mohammed,Kudus,2000-08-02,26.13,6.0,20.0,Midfielder,0,p7vw4thx5wzo49h6hfabcq5m,22doj4sgsocqpxw45h607udje,Tottenham Hotspur FC,Tottenham Hotspur,Spurs,TOT,460842.0,51.0,2.0,22.0,20.0,90.91,13.0,11.0,84.62,8.0,1.0,12.5,0.0,0.0,0.0,Mohammed,Kudus,2000-08-02,26.13,6.0,20.0,Midfielder,0,p7vw4thx5wzo49h6hfabcq5m,22doj4sgsocqpxw45h607udje,Tottenham Hotspur FC,Tottenham Hotspur,Spurs,TOT,460842,p7vw4thx5wzo49h6hfabcq5m,6,22doj4sgsocqpxw45h607udje
Moisés Caicedo,486672.0,1.0,14.0,0.0,0.0,0.0,0.0,0.0,0.0,0.0,Moisés,Caicedo,2001-11-02,24.87,8.0,25.0,Midfielder,Defensive Midfielder,3uc9z96xvain84leorf4ls962,9q0arba2kbnywth8bkxlhgmdr,Chelsea FC,Chelsea,Chelsea,CHE,0.0,0.0,0.0,0.0,0.0,0.0,0.0,0.0,0.0,0.0,0.0,0.0,0.0,0.0,0.0,0.0,0.0,0.0,0.0,0.0,0.0,,,,,,,,,,486672.0,14.0,1.0,0.0,0.0,0.0,0.0,0.0,0.0,0.0,0.0,Moisés,Caicedo,2001-11-02,24.87,8.0,25.0,Midfielder,Defensive Midfielder,3uc9z96xvain84leorf4ls962,9q0arba2kbnywth8bkxlhgmdr,Chelsea FC,Chelsea,Chelsea,CHE,486672.0,14.0,1.0,2.0,2.0,100.0,0.0,0.0,0.0,0.0,0.0,0.0,0.0,0.0,0.0,Moisés,Caicedo,2001-11-02,24.87,8.0,25.0,Midfielder,Defensive Midfielder,3uc9z96xvain84leorf4ls962,9q0arba2kbnywth8bkxlhgmdr,Chelsea FC,Chelsea,Chelsea,CHE,486672,3uc9z96xvain84leorf4ls962,8,9q0arba2kbnywth8bkxlhgmdr
Morgan Gibbs-White,222531.0,3.0,270.0,1.0,1.4,-0.4,7.0,2.0,14.29,0.2,Morgan,Gibbs-White,2000-01-27,26.64,17.0,10.0,Midfielder,Central Midfielder,55yy0p6johtu9nxk90zsfctt5,1qtaiy11gswx327s0vkibf70n,Nottingham Forest FC,Nottingham Forest,Forest,NFO,24.0,201.234,9.0,44.73,1.0,0.0,0.0,0.0,8.385,4.97,4.0,1.0,9.0,0.0,1.0,22.0,11.0,50.0,3.0,1.0,33.333,,,,,,,,,,222531.0,270.0,3.0,1.0,1.0,0.0,0.0,0.115,0.106,1.0,1.0,Morgan,Gibbs-White,2000-01-27,26.64,17.0,10.0,Midfielder,Central Midfielder,55yy0p6johtu9nxk90zsfctt5,1qtaiy11gswx327s0vkibf70n,Nottingham Forest FC,Nottingham Forest,Forest,NFO,222531.0,270.0,3.0,81.0,67.0,82.72,30.0,24.0,80.0,8.0,0.0,0.0,1.0,0.0,0.0,Morgan,Gibbs-White,2000-01-27,26.64,17.0,10.0,Midfielder,Central Midfielder,55yy0p6johtu9nxk90zsfctt5,1qtaiy11gswx327s0vkibf70n,Nottingham Forest FC,Nottingham Forest,Forest,NFO,222531,55yy0p6johtu9nxk90zsfctt5,17,1qtaiy11gswx327s0vkibf70n
Morgan Rogers,244850.0,3.0,259.0,2.0,1.17,0.83,9.0,2.0,22.22,0.13,Morgan,Rogers,2002-07-26,24.15,8.0,17.0,Midfielder,Attacking Midfielder,2eayhzdix8knmn810sbngsdt5,9q0arba2kbnywth8bkxlhgmdr,Chelsea FC,Chelsea,Chelsea,CHE,29.0,284.386,14.0,107.835,3.0,0.0,1.0,1.0,9.806,7.702,3.0,0.0,13.0,0.0,1.0,20.0,10.0,50.0,12.0,4.0,33.333,,,,,,,,,,244850.0,259.0,3.0,10.0,9.0,13.64,0.0,1.143,1.141,1.0,0.0,Morgan,Rogers,2002-07-26,24.15,8.0,17.0,Midfielder,Attacking Midfielder,2eayhzdix8knmn810sbngsdt5,9q0arba2kbnywth8bkxlhgmdr,Chelsea FC,Chelsea,Chelsea,CHE,244850.0,259.0,3.0,68.0,50.0,73.53,38.0,28.0,73.68,3.0,1.0,33.33,0.0,0.0,0.0,Morgan,Rogers,2002-07-26,24.15,8.0,17.0,Midfielder,Attacking Midfielder,2eayhzdix8knmn810sbngsdt5,9q0arba2kbnywth8bkxlhgmdr,Chelsea FC,Chelsea,Chelsea,CHE,244850,2eayhzdix8knmn810sbngsdt5,8,9q0arba2kbnywth8bkxlhgmdr
Murillo,575476.0,3.0,268.0,0.0,0.35,-0.35,3.0,0.0,0.0,0.12,Murillo Santiago,Costa dos Santos,2002-07-04,24.21,17.0,5.0,Defender,Central Defender,4txq9os03xwnktfi0n2qdmok,1qtaiy11gswx327s0vkibf70n,Nottingham Forest FC,Nottingham Forest,Forest,NFO,16.0,123.956,6.0,56.175,0.0,0.0,1.0,0.0,7.747,9.362,6.0,2.0,10.0,2.0,20.0,20.0,9.0,45.0,9.0,4.0,44.444,,,,,,,,,,575476.0,268.0,3.0,2.0,2.0,1.61,0.0,0.284,0.284,0.0,0.0,Murillo Santiago,Costa dos Santos,2002-07-04,24.21,17.0,5.0,Defender,Central Defender,4txq9os03xwnktfi0n2qdmok,1qtaiy11gswx327s0vkibf70n,Nottingham Forest FC,Nottingham Forest,Forest,NFO,575476.0,268.0,3.0,127.0,107.0,84.25,27.0,18.0,66.67,0.0,0.0,0.0,1.0,1.0,100.0,Murillo Santiago,Costa dos Santos,2002-07-04,24.21,17.0,5.0,Defender,Central Defender,4txq9os03xwnktfi0n2qdmok,1qtaiy11gswx327s0vkibf70n,Nottingham Forest FC,Nottingham Forest,Forest,NFO,575476,4txq9os03xwnktfi0n2qdmok,17,1qtaiy11gswx327s0vkibf70n
Mykhailo Mudryk,465920.0,1.0,16.0,0.0,0.0,0.0,0.0,0.0,0.0,0.0,Mykhailo,Mudryk,2001-01-05,25.7,6.0,27.0,Midfielder,Winger,ay02byqc6zdrh5xy3d4fy5qay,22doj4sgsocqpxw45h607udje,Tottenham Hotspur FC,Tottenham Hotspur,Spurs,TOT,1.0,17.246,1.0,13.65,0.0,0.0,0.0,0.0,17.246,13.65,0.0,0.0,0.0,0.0,0.0,2.0,1.0,50.0,0.0,0.0,0.0,,,,,,,,,,465920.0,16.0,1.0,0.0,0.0,0.0,0.0,0.0,0.0,0.0,0.0,Mykhailo,Mudryk,2001-01-05,25.7,6.0,27.0,Midfielder,Winger,ay02byqc6zdrh5xy3d4fy5qay,22doj4sgsocqpxw45h607udje,Tottenham Hotspur FC,Tottenham Hotspur,Spurs,TOT,465920.0,16.0,1.0,2.0,1.0,50.0,0.0,0.0,0.0,1.0,0.0,0.0,0.0,0.0,0.0,Mykhailo,Mudryk,2001-01-05,25.7,6.0,27.0,Midfielder,Winger,ay02byqc6zdrh5xy3d4fy5qay,22doj4sgsocqpxw45h607udje,Tottenham Hotspur FC,Tottenham Hotspur,Spurs,TOT,465920,ay02byqc6zdrh5xy3d4fy5qay,6,22doj4sgsocqpxw45h607udje
Myles Lewis-Skelly,499169.0,3.0,228.0,0.0,0.16,-0.16,3.0,0.0,0.0,0.05,Myles,Lewis-Skelly,2006-09-26,19.97,3.0,49.0,Defender,Full Back,azt1lhru9cgyb64h4h4fffrx0,4dsgumo7d4zupm2ugsvm4zm4d,Arsenal FC,Arsenal,Arsenal,ARS,36.0,342.129,22.0,240.345,2.0,0.0,0.0,0.0,9.504,10.925,1.0,1.0,8.0,2.0,2.0,14.0,7.0,50.0,2.0,2.0,100.0,,,,,,,,,,499169.0,228.0,3.0,2.0,2.0,1.31,0.0,0.228,0.225,0.0,0.0,Myles,Lewis-Skelly,2006-09-26,19.97,3.0,49.0,Defender,Full Back,azt1lhru9cgyb64h4h4fffrx0,4dsgumo7d4zupm2ugsvm4zm4d,Arsenal FC,Arsenal,Arsenal,ARS,499169.0,228.0,3.0,163.0,152.0,93.25,46.0,40.0,86.96,0.0,0.0,0.0,1.0,0.0,0.0,Myles,Lewis-Skelly,2006-09-26,19.97,3.0,49.0,Defender,Full Back,azt1lhru9cgyb64h4h4fffrx0,4dsgumo7d4zupm2ugsvm4zm4d,Arsenal FC,Arsenal,Arsenal,ARS,499169,azt1lhru9cgyb64h4h4fffrx0,3,4dsgumo7d4zupm2ugsvm4zm4d
Nathan Collins,432830.0,3.0,197.0,0.0,0.5,-0.5,5.0,1.0,0.0,0.1,Nathan,Collins,2001-04-30,25.38,94.0,22.0,Defender,Central Defender,csinkvzxcphggdjeflmo173zd,7yx5dqhhphyvfisohikodajhv,Brentford FC,Brentford,Brentford,BRE,22.0,197.048,10.0,77.07,0.0,0.0,0.0,0.0,8.957,7.707,2.0,2.0,11.0,0.0,13.0,9.0,5.0,55.556,11.0,6.0,54.545,,,,,,,,,,432830.0,197.0,3.0,2.0,2.0,1.83,0.0,0.043,0.043,0.0,0.0,Nathan,Collins,2001-04-30,25.38,94.0,22.0,Defender,Central Defender,csinkvzxcphggdjeflmo173zd,7yx5dqhhphyvfisohikodajhv,Brentford FC,Brentford,Brentford,BRE,432830.0,197.0,3.0,119.0,98.0,82.35,20.0,12.0,60.0,0.0,0.0,0.0,0.0,0.0,0.0,Nathan,Collins,2001-04-30,25.38,94.0,22.0,Defender,Central Defender,csinkvzxcphggdjeflmo173zd,7yx5dqhhphyvfisohikodajhv,Brentford FC,Brentford,Brentford,BRE,432830,csinkvzxcphggdjeflmo173zd,94,7yx5dqhhphyvfisohikodajhv
Nathan Patterson,243571.0,0.0,0.0,0.0,0.0,0.0,0.0,0.0,0.0,0.0,Nathan,Patterson,2001-10-16,24.92,11.0,2.0,Defender,Full Back,243571,ehd2iemqmschhj2ec0vayztzz,Everton FC,Everton,Everton,EVE,0.0,0.0,0.0,0.0,0.0,0.0,0.0,0.0,0.0,0.0,0.0,0.0,0.0,0.0,0.0,0.0,0.0,0.0,0.0,0.0,0.0,,,,,,,,,,243571.0,0.0,0.0,0.0,0.0,0.0,0.0,0.0,0.0,0.0,0.0,Nathan,Patterson,2001-10-16,24.92,11.0,2.0,Defender,Full Back,243571,ehd2iemqmschhj2ec0vayztzz,Everton FC,Everton,Everton,EVE,243571.0,0.0,0.0,0.0,0.0,0.0,0.0,0.0,0.0,0.0,0.0,0.0,0.0,0.0,0.0,Nathan,Patterson,2001-10-16,24.92,11.0,2.0,Defender,Full Back,243571,ehd2iemqmschhj2ec0vayztzz,Everton FC,Everton,Everton,EVE,243571,243571,11,ehd2iemqmschhj2ec0vayztzz
Neco Williams,215136.0,3.0,270.0,0.0,0.12,-0.12,1.0,0.0,0.0,0.12,Neco,Williams,2001-04-13,25.43,17.0,3.0,Defender,Full Back,3mgjcyaseuexxlssgatjgsand,1qtaiy11gswx327s0vkibf70n,Nottingham Forest FC,Nottingham Forest,Forest,NFO,19.0,235.48,5.0,53.445,0.0,0.0,1.0,0.0,12.394,10.689,12.0,0.0,19.0,3.0,9.0,31.0,19.0,61.29,8.0,3.0,37.5,,,,,,,,,,215136.0,270.0,3.0,3.0,2.0,2.5,33.33,0.247,0.098,0.0,0.0,Neco,Williams,2001-04-13,25.43,17.0,3.0,Defender,Full Back,3mgjcyaseuexxlssgatjgsand,1qtaiy11gswx327s0vkibf70n,Nottingham Forest FC,Nottingham Forest,Forest,NFO,215136.0,270.0,3.0,84.0,60.0,71.43,28.0,15.0,53.57,7.0,1.0,14.29,0.0,0.0,0.0,Neco,Williams,2001-04-13,25.43,17.0,3.0,Defender,Full Back,3mgjcyaseuexxlssgatjgsand,1qtaiy11gswx327s0vkibf70n,Nottingham Forest FC,Nottingham Forest,Forest,NFO,215136,3mgjcyaseuexxlssgatjgsand,17,1qtaiy11gswx327s0vkibf70n
Nehemiah Oriola,556637.0,0.0,0.0,0.0,0.0,0.0,0.0,0.0,0.0,0.0,Nehemiah,Oriola,2007-06-11,19.27,36.0,49.0,Forward,Winger,556637,e5p0ehyguld7egzhiedpdnc3w,Brighton & Hove Albion FC,Brighton & Hove Albion,Brighton,BHA,0.0,0.0,0.0,0.0,0.0,0.0,0.0,0.0,0.0,0.0,0.0,0.0,0.0,0.0,0.0,0.0,0.0,0.0,0.0,0.0,0.0,,,,,,,,,,556637.0,0.0,0.0,0.0,0.0,0.0,0.0,0.0,0.0,0.0,0.0,Nehemiah,Oriola,2007-06-11,19.27,36.0,49.0,Forward,Winger,556637,e5p0ehyguld7egzhiedpdnc3w,Brighton & Hove Albion FC,Brighton & Hove Albion,Brighton,BHA,556637.0,0.0,0.0,0.0,0.0,0.0,0.0,0.0,0.0,0.0,0.0,0.0,0.0,0.0,0.0,Nehemiah,Oriola,2007-06-11,19.27,36.0,49.0,Forward,Winger,556637,e5p0ehyguld7egzhiedpdnc3w,Brighton & Hove Albion FC,Brighton & Hove Albion,Brighton,BHA,556637,556637,36,e5p0ehyguld7egzhiedpdnc3w
Nick Woltemade,470313.0,1.0,19.0,0.0,0.02,-0.02,1.0,0.0,0.0,0.02,Nick,Woltemade,2002-02-14,24.59,4.0,27.0,Forward,Second Striker,2kd2kqh0ykd5iuziic6590gve,7vn2i2kd35zuetw6b38gw9jsz,Newcastle United FC,Newcastle United,Newcastle,NEW,1.0,9.83,1.0,7.35,0.0,0.0,0.0,0.0,9.83,7.35,0.0,0.0,0.0,0.0,0.0,5.0,3.0,60.0,3.0,2.0,66.667,,,,,,,,,,470313.0,19.0,1.0,1.0,0.0,0.0,0.0,0.013,0.013,1.0,0.0,Nick,Woltemade,2002-02-14,24.59,4.0,27.0,Forward,Second Striker,2kd2kqh0ykd5iuziic6590gve,7vn2i2kd35zuetw6b38gw9jsz,Newcastle United FC,Newcastle United,Newcastle,NEW,470313.0,19.0,1.0,5.0,4.0,80.0,2.0,2.0,100.0,0.0,0.0,0.0,0.0,0.0,0.0,Nick,Woltemade,2002-02-14,24.59,4.0,27.0,Forward,Second Striker,2kd2kqh0ykd5iuziic6590gve,7vn2i2kd35zuetw6b38gw9jsz,Newcastle United FC,Newcastle United,Newcastle,NEW,470313,2kd2kqh0ykd5iuziic6590gve,4,7vn2i2kd35zuetw6b38gw9jsz
Nico Elvedi,173774.0,2.0,146.0,0.0,0.0,0.0,0.0,0.0,0.0,0.0,Nico,Elvedi,1996-09-30,29.97,2.0,30.0,Defender,Central Defender,8k5c8po5gx3vnxx36viq08xqt,48gk2hpqtsl6p9sx9kjhaydq4,Leeds United FC,Leeds United,Leeds,LEE,16.0,162.629,9.0,90.72,0.0,0.0,0.0,0.0,10.164,10.08,1.0,2.0,4.0,3.0,10.0,9.0,3.0,33.333,9.0,4.0,44.444,,,,,,,,,,173774.0,146.0,2.0,2.0,2.0,3.33,0.0,0.572,0.572,0.0,0.0,Nico,Elvedi,1996-09-30,29.97,2.0,30.0,Defender,Central Defender,8k5c8po5gx3vnxx36viq08xqt,48gk2hpqtsl6p9sx9kjhaydq4,Leeds United FC,Leeds United,Leeds,LEE,173774.0,146.0,2.0,60.0,53.0,88.33,17.0,13.0,76.47,0.0,0.0,0.0,0.0,0.0,0.0,Nico,Elvedi,1996-09-30,29.97,2.0,30.0,Defender,Central Defender,8k5c8po5gx3vnxx36viq08xqt,48gk2hpqtsl6p9sx9kjhaydq4,Leeds United FC,Leeds United,Leeds,LEE,173774,8k5c8po5gx3vnxx36viq08xqt,2,48gk2hpqtsl6p9sx9kjhaydq4
Nico González,465694.0,2.0,148.0,0.0,0.0,0.0,0.0,0.0,0.0,0.0,Nico,González,2002-01-03,24.7,4.0,6.0,Midfielder,Central Midfielder,1bnn3tokzwvl4vvw34yxsq9gq,7vn2i2kd35zuetw6b38gw9jsz,Newcastle United FC,Newcastle United,Newcastle,NEW,31.0,288.015,11.0,89.88,0.0,0.0,2.0,0.0,9.291,8.171,0.0,1.0,8.0,1.0,1.0,20.0,4.0,20.0,2.0,1.0,50.0,,,,,,,,,,465694.0,148.0,2.0,3.0,3.0,3.16,0.0,0.21,0.209,0.0,0.0,Nico,González,2002-01-03,24.7,4.0,6.0,Midfielder,Central Midfielder,1bnn3tokzwvl4vvw34yxsq9gq,7vn2i2kd35zuetw6b38gw9jsz,Newcastle United FC,Newcastle United,Newcastle,NEW,465694.0,148.0,2.0,102.0,91.0,89.22,21.0,17.0,80.95,1.0,0.0,0.0,2.0,1.0,50.0,Nico,González,2002-01-03,24.7,4.0,6.0,Midfielder,Central Midfielder,1bnn3tokzwvl4vvw34yxsq9gq,7vn2i2kd35zuetw6b38gw9jsz,Newcastle United FC,Newcastle United,Newcastle,NEW,465694,1bnn3tokzwvl4vvw34yxsq9gq,4,7vn2i2kd35zuetw6b38gw9jsz
Nico O'Reilly,472769.0,2.0,152.0,0.0,0.09,-0.09,2.0,0.0,0.0,0.04,Nico,O'Reilly,2005-03-21,21.49,43.0,33.0,Defender,Full Back,drh7wx5zz8c4dwa9o8mrigjro,a3nyxabgsqlnqfkeg41m6tnpp,Manchester City FC,Manchester City,Man City,MCI,18.0,252.057,9.0,126.525,0.0,0.0,0.0,0.0,14.003,14.058,2.0,0.0,7.0,0.0,1.0,13.0,5.0,38.462,3.0,1.0,33.333,,,,,,,,,,472769.0,152.0,2.0,1.0,1.0,1.25,0.0,0.43,0.43,0.0,0.0,Nico,O'Reilly,2005-03-21,21.49,43.0,33.0,Defender,Full Back,drh7wx5zz8c4dwa9o8mrigjro,a3nyxabgsqlnqfkeg41m6tnpp,Manchester City FC,Manchester City,Man City,MCI,472769.0,152.0,2.0,80.0,73.0,91.25,21.0,15.0,71.43,4.0,3.0,75.0,1.0,0.0,0.0,Nico,O'Reilly,2005-03-21,21.49,43.0,33.0,Defender,Full Back,drh7wx5zz8c4dwa9o8mrigjro,a3nyxabgsqlnqfkeg41m6tnpp,Manchester City FC,Manchester City,Man City,MCI,472769,drh7wx5zz8c4dwa9o8mrigjro,43,a3nyxabgsqlnqfkeg41m6tnpp
Nicolas Jackson,517052.0,2.0,156.0,0.0,0.24,-0.24,2.0,0.0,0.0,0.12,Nicolas,Jackson,2001-06-20,25.24,7.0,11.0,Forward,Striker,amcwh6w0brmkttg4uc5qm6z9w,b496gs285it6bheuikox6z9mj,Aston Villa FC,Aston Villa,Villa,AVL,15.0,191.0,6.0,102.48,0.0,0.0,0.0,0.0,12.733,17.08,0.0,0.0,5.0,0.0,0.0,7.0,5.0,71.429,4.0,3.0,75.0,,,,,,,,,,517052.0,156.0,2.0,1.0,1.0,3.13,0.0,0.538,0.538,0.0,0.0,Nicolas,Jackson,2001-06-20,25.24,7.0,11.0,Forward,Striker,amcwh6w0brmkttg4uc5qm6z9w,b496gs285it6bheuikox6z9mj,Aston Villa FC,Aston Villa,Villa,AVL,517052.0,156.0,2.0,32.0,26.0,81.25,14.0,10.0,71.43,2.0,1.0,50.0,1.0,1.0,100.0,Nicolas,Jackson,2001-06-20,25.24,7.0,11.0,Forward,Striker,amcwh6w0brmkttg4uc5qm6z9w,b496gs285it6bheuikox6z9mj,Aston Villa FC,Aston Villa,Villa,AVL,517052,amcwh6w0brmkttg4uc5qm6z9w,7,b496gs285it6bheuikox6z9mj
Nicolás Domínguez,250199.0,1.0,1.0,0.0,0.0,0.0,0.0,0.0,0.0,0.0,Nicolás,Domínguez,1998-06-28,28.22,17.0,8.0,Midfielder,Central Midfielder,38de1wbyp2ruksgffna791n8p,1qtaiy11gswx327s0vkibf70n,Nottingham Forest FC,Nottingham Forest,Forest,NFO,0.0,0.0,0.0,0.0,0.0,0.0,0.0,0.0,0.0,0.0,0.0,0.0,0.0,0.0,0.0,1.0,0.0,0.0,0.0,0.0,0.0,,,,,,,,,,250199.0,1.0,1.0,0.0,0.0,0.0,0.0,0.0,0.0,0.0,0.0,Nicolás,Domínguez,1998-06-28,28.22,17.0,8.0,Midfielder,Central Midfielder,38de1wbyp2ruksgffna791n8p,1qtaiy11gswx327s0vkibf70n,Nottingham Forest FC,Nottingham Forest,Forest,NFO,250199.0,1.0,1.0,2.0,1.0,50.0,1.0,0.0,0.0,0.0,0.0,0.0,0.0,0.0,0.0,Nicolás,Domínguez,1998-06-28,28.22,17.0,8.0,Midfielder,Central Midfielder,38de1wbyp2ruksgffna791n8p,1qtaiy11gswx327s0vkibf70n,Nottingham Forest FC,Nottingham Forest,Forest,NFO,250199,38de1wbyp2ruksgffna791n8p,17,1qtaiy11gswx327s0vkibf70n
Nikola Milenkovic,227444.0,3.0,270.0,0.0,0.11,-0.11,2.0,0.0,0.0,0.06,Nikola,Milenkovic,1997-10-12,28.93,17.0,31.0,Defender,Central Defender,bhi4ivjgojkot4d7za72gu2nd,1qtaiy11gswx327s0vkibf70n,Nottingham Forest FC,Nottingham Forest,Forest,NFO,21.0,225.839,10.0,65.52,0.0,0.0,0.0,0.0,10.754,6.552,5.0,3.0,12.0,3.0,20.0,17.0,7.0,41.176,14.0,10.0,71.429,,,,,,,,,,227444.0,270.0,3.0,0.0,0.0,0.0,0.0,0.031,0.031,0.0,0.0,Nikola,Milenkovic,1997-10-12,28.93,17.0,31.0,Defender,Central Defender,bhi4ivjgojkot4d7za72gu2nd,1qtaiy11gswx327s0vkibf70n,Nottingham Forest FC,Nottingham Forest,Forest,NFO,227444.0,270.0,3.0,101.0,82.0,81.19,13.0,8.0,61.54,0.0,0.0,0.0,0.0,0.0,0.0,Nikola,Milenkovic,1997-10-12,28.93,17.0,31.0,Defender,Central Defender,bhi4ivjgojkot4d7za72gu2nd,1qtaiy11gswx327s0vkibf70n,Nottingham Forest FC,Nottingham Forest,Forest,NFO,227444,bhi4ivjgojkot4d7za72gu2nd,17,1qtaiy11gswx327s0vkibf70n
Nilson Angulo,536661.0,3.0,188.0,1.0,0.15,0.85,2.0,1.0,50.0,0.08,Nilson,Angulo,2003-06-19,23.25,56.0,10.0,Forward,Winger,drjbms71w0kt1pidq8q17h05w,1r3545b2dzan8yqa80gtmcjch,Sunderland AFC,Sunderland,Sunderland,SUN,25.0,317.779,13.0,131.775,0.0,0.0,0.0,0.0,12.711,10.137,3.0,1.0,12.0,1.0,0.0,23.0,14.0,60.87,7.0,2.0,28.571,,,,,,,,,,536661.0,188.0,3.0,1.0,1.0,1.45,0.0,0.125,0.125,0.0,0.0,Nilson,Angulo,2003-06-19,23.25,56.0,10.0,Forward,Winger,drjbms71w0kt1pidq8q17h05w,1r3545b2dzan8yqa80gtmcjch,Sunderland AFC,Sunderland,Sunderland,SUN,536661.0,188.0,3.0,69.0,57.0,82.61,30.0,23.0,76.67,6.0,1.0,16.67,0.0,0.0,0.0,Nilson,Angulo,2003-06-19,23.25,56.0,10.0,Forward,Winger,drjbms71w0kt1pidq8q17h05w,1r3545b2dzan8yqa80gtmcjch,Sunderland AFC,Sunderland,Sunderland,SUN,536661,drjbms71w0kt1pidq8q17h05w,56,1r3545b2dzan8yqa80gtmcjch
Noah Okafor,435997.0,3.0,155.0,0.0,0.08,-0.08,2.0,0.0,0.0,0.04,Noah,Okafor,2000-05-24,26.32,2.0,19.0,Forward,Winger,aqlu9i7yzmnmyzwuw6u93j6y1,48gk2hpqtsl6p9sx9kjhaydq4,Leeds United FC,Leeds United,Leeds,LEE,18.0,249.005,13.0,152.46,1.0,0.0,0.0,0.0,13.834,11.728,3.0,1.0,2.0,0.0,1.0,18.0,11.0,61.111,1.0,1.0,100.0,,,,,,,,,,435997.0,155.0,3.0,1.0,1.0,4.0,0.0,0.184,0.184,0.0,0.0,Noah,Okafor,2000-05-24,26.32,2.0,19.0,Forward,Winger,aqlu9i7yzmnmyzwuw6u93j6y1,48gk2hpqtsl6p9sx9kjhaydq4,Leeds United FC,Leeds United,Leeds,LEE,435997.0,155.0,3.0,26.0,14.0,53.85,15.0,6.0,40.0,5.0,2.0,40.0,0.0,0.0,0.0,Noah,Okafor,2000-05-24,26.32,2.0,19.0,Forward,Winger,aqlu9i7yzmnmyzwuw6u93j6y1,48gk2hpqtsl6p9sx9kjhaydq4,Leeds United FC,Leeds United,Leeds,LEE,435997,aqlu9i7yzmnmyzwuw6u93j6y1,2,48gk2hpqtsl6p9sx9kjhaydq4
Noah Sadiki,577669.0,3.0,254.0,0.0,0.36,-0.36,5.0,3.0,0.0,0.07,Noah,Sadiki,2004-12-17,21.75,56.0,27.0,Midfielder,Central Midfielder,dwnd8j9ok6ncbp69gmchw953o,1r3545b2dzan8yqa80gtmcjch,Sunderland AFC,Sunderland,Sunderland,SUN,33.0,376.525,19.0,194.775,2.0,0.0,1.0,0.0,11.41,10.251,3.0,2.0,7.0,1.0,3.0,21.0,13.0,61.905,3.0,2.0,66.667,,,,,,,,,,577669.0,254.0,3.0,3.0,3.0,2.36,0.0,0.233,0.232,0.0,0.0,Noah,Sadiki,2004-12-17,21.75,56.0,27.0,Midfielder,Central Midfielder,dwnd8j9ok6ncbp69gmchw953o,1r3545b2dzan8yqa80gtmcjch,Sunderland AFC,Sunderland,Sunderland,SUN,577669.0,254.0,3.0,134.0,122.0,91.04,41.0,37.0,90.24,2.0,2.0,100.0,0.0,0.0,0.0,Noah,Sadiki,2004-12-17,21.75,56.0,27.0,Midfielder,Central Midfielder,dwnd8j9ok6ncbp69gmchw953o,1r3545b2dzan8yqa80gtmcjch,Sunderland AFC,Sunderland,Sunderland,SUN,577669,dwnd8j9ok6ncbp69gmchw953o,56,1r3545b2dzan8yqa80gtmcjch
Nobel Mendy,606930.0,3.0,194.0,1.0,0.31,0.69,4.0,3.0,25.0,0.08,Nobel,Mendy,2004-09-03,22.04,88.0,32.0,Defender,Central Defender,cdsidpd0i3ub2tvw47qt813x0,f0figafm2v9h8ofo6slajj7xf,Hull City AFC,Hull City,Hull,HUL,20.0,220.311,11.0,136.395,1.0,0.0,0.0,0.0,11.016,12.4,5.0,2.0,6.0,4.0,21.0,8.0,5.0,62.5,5.0,2.0,40.0,,,,,,,,,,606930.0,194.0,3.0,0.0,0.0,0.0,0.0,0.006,0.006,0.0,0.0,Nobel,Mendy,2004-09-03,22.04,88.0,32.0,Defender,Central Defender,cdsidpd0i3ub2tvw47qt813x0,f0figafm2v9h8ofo6slajj7xf,Hull City AFC,Hull City,Hull,HUL,606930.0,194.0,3.0,70.0,57.0,81.43,15.0,8.0,53.33,1.0,0.0,0.0,0.0,0.0,0.0,Nobel,Mendy,2004-09-03,22.04,88.0,32.0,Defender,Central Defender,cdsidpd0i3ub2tvw47qt813x0,f0figafm2v9h8ofo6slajj7xf,Hull City AFC,Hull City,Hull,HUL,606930,cdsidpd0i3ub2tvw47qt813x0,88,f0figafm2v9h8ofo6slajj7xf
Noni Madueke,248857.0,2.0,23.0,0.0,0.0,0.0,0.0,0.0,0.0,0.0,Noni,Madueke,2002-03-10,24.52,3.0,20.0,Forward,Winger,e3il1t1s5lrn4g8t85fcm40oa,4dsgumo7d4zupm2ugsvm4zm4d,Arsenal FC,Arsenal,Arsenal,ARS,7.0,75.651,4.0,42.0,0.0,0.0,1.0,0.0,10.807,10.5,1.0,0.0,2.0,0.0,0.0,4.0,2.0,50.0,1.0,1.0,100.0,,,,,,,,,,248857.0,23.0,2.0,4.0,4.0,22.22,0.0,0.05,0.05,0.0,0.0,Noni,Madueke,2002-03-10,24.52,3.0,20.0,Forward,Winger,e3il1t1s5lrn4g8t85fcm40oa,4dsgumo7d4zupm2ugsvm4zm4d,Arsenal FC,Arsenal,Arsenal,ARS,248857.0,23.0,2.0,18.0,16.0,88.89,14.0,12.0,85.71,1.0,0.0,0.0,0.0,0.0,0.0,Noni,Madueke,2002-03-10,24.52,3.0,20.0,Forward,Winger,e3il1t1s5lrn4g8t85fcm40oa,4dsgumo7d4zupm2ugsvm4zm4d,Arsenal FC,Arsenal,Arsenal,ARS,248857,e3il1t1s5lrn4g8t85fcm40oa,3,4dsgumo7d4zupm2ugsvm4zm4d
Nordi Mukiele,200834.0,2.0,180.0,0.0,0.0,0.0,0.0,0.0,0.0,0.0,Nordi,Mukiele,1997-11-01,28.88,56.0,20.0,Defender,Full Back,cfg0ocm0b2icpagbtnzkrihn9,1r3545b2dzan8yqa80gtmcjch,Sunderland AFC,Sunderland,Sunderland,SUN,15.0,150.009,8.0,71.925,0.0,0.0,0.0,0.0,10.001,8.991,6.0,1.0,10.0,3.0,23.0,15.0,9.0,60.0,12.0,7.0,58.333,,,,,,,,,,200834.0,180.0,2.0,0.0,0.0,0.0,0.0,0.028,0.027,0.0,0.0,Nordi,Mukiele,1997-11-01,28.88,56.0,20.0,Defender,Full Back,cfg0ocm0b2icpagbtnzkrihn9,1r3545b2dzan8yqa80gtmcjch,Sunderland AFC,Sunderland,Sunderland,SUN,200834.0,180.0,2.0,76.0,56.0,73.68,19.0,10.0,52.63,2.0,2.0,100.0,1.0,0.0,0.0,Nordi,Mukiele,1997-11-01,28.88,56.0,20.0,Defender,Full Back,cfg0ocm0b2icpagbtnzkrihn9,1r3545b2dzan8yqa80gtmcjch,Sunderland AFC,Sunderland,Sunderland,SUN,200834,cfg0ocm0b2icpagbtnzkrihn9,56,1r3545b2dzan8yqa80gtmcjch
Noussair Mazraoui,230001.0,3.0,98.0,0.0,0.22,-0.22,1.0,0.0,0.0,0.22,Noussair,Mazraoui,1997-11-14,28.84,1.0,3.0,Defender,Full Back,7vhnftizqlyu31st2vsmgh6tx,6eqit8ye8aomdsrrq0hk3v7gh,Manchester United FC,Manchester United,Man Utd,MUN,18.0,201.424,13.0,146.895,0.0,0.0,1.0,0.0,11.19,11.3,2.0,0.0,3.0,1.0,3.0,4.0,2.0,50.0,5.0,2.0,40.0,,,,,,,,,,230001.0,98.0,3.0,2.0,2.0,2.22,0.0,0.072,0.072,0.0,0.0,Noussair,Mazraoui,1997-11-14,28.84,1.0,3.0,Defender,Full Back,7vhnftizqlyu31st2vsmgh6tx,6eqit8ye8aomdsrrq0hk3v7gh,Manchester United FC,Manchester United,Man Utd,MUN,230001.0,98.0,3.0,90.0,85.0,94.44,38.0,35.0,92.11,5.0,0.0,0.0,0.0,0.0,0.0,Noussair,Mazraoui,1997-11-14,28.84,1.0,3.0,Defender,Full Back,7vhnftizqlyu31st2vsmgh6tx,6eqit8ye8aomdsrrq0hk3v7gh,Manchester United FC,Manchester United,Man Utd,MUN,230001,7vhnftizqlyu31st2vsmgh6tx,1,6eqit8ye8aomdsrrq0hk3v7gh
Ola Aina,159506.0,3.0,219.0,0.0,0.04,-0.04,2.0,1.0,0.0,0.02,Ola,Aina,1996-10-08,29.95,17.0,34.0,Defender,Full Back,7zokstl625tj96c64ow4uvjyt,1qtaiy11gswx327s0vkibf70n,Nottingham Forest FC,Nottingham Forest,Forest,NFO,25.0,210.502,13.0,66.045,1.0,0.0,3.0,0.0,8.42,5.08,7.0,2.0,12.0,0.0,5.0,27.0,14.0,51.852,8.0,3.0,37.5,,,,,,,,,,159506.0,219.0,3.0,4.0,3.0,4.11,25.0,0.561,0.529,0.0,0.0,Ola,Aina,1996-10-08,29.95,17.0,34.0,Defender,Full Back,7zokstl625tj96c64ow4uvjyt,1qtaiy11gswx327s0vkibf70n,Nottingham Forest FC,Nottingham Forest,Forest,NFO,159506.0,219.0,3.0,75.0,47.0,62.67,16.0,10.0,62.5,8.0,2.0,25.0,0.0,0.0,0.0,Ola,Aina,1996-10-08,29.95,17.0,34.0,Defender,Full Back,7zokstl625tj96c64ow4uvjyt,1qtaiy11gswx327s0vkibf70n,Nottingham Forest FC,Nottingham Forest,Forest,NFO,159506,7zokstl625tj96c64ow4uvjyt,17,1qtaiy11gswx327s0vkibf70n
Oliver McBurnie,169432.0,3.0,270.0,0.0,0.54,-0.54,5.0,2.0,0.0,0.11,Oliver,McBurnie,1996-06-04,30.29,88.0,9.0,Forward,Striker,d3hg7lo01o84dsvzud3b6vsnp,f0figafm2v9h8ofo6slajj7xf,Hull City AFC,Hull City,Hull,HUL,12.0,110.186,2.0,-8.925,0.0,0.0,2.0,0.0,9.182,-4.462,2.0,0.0,6.0,0.0,4.0,19.0,11.0,57.895,39.0,18.0,46.154,,,,,,,,,,169432.0,270.0,3.0,4.0,4.0,7.14,0.0,0.075,0.075,0.0,0.0,Oliver,McBurnie,1996-06-04,30.29,88.0,9.0,Forward,Striker,d3hg7lo01o84dsvzud3b6vsnp,f0figafm2v9h8ofo6slajj7xf,Hull City AFC,Hull City,Hull,HUL,169432.0,270.0,3.0,56.0,30.0,53.57,29.0,14.0,48.28,0.0,0.0,0.0,0.0,0.0,0.0,Oliver,McBurnie,1996-06-04,30.29,88.0,9.0,Forward,Striker,d3hg7lo01o84dsvzud3b6vsnp,f0figafm2v9h8ofo6slajj7xf,Hull City AFC,Hull City,Hull,HUL,169432,d3hg7lo01o84dsvzud3b6vsnp,88,f0figafm2v9h8ofo6slajj7xf
Olivier Boscagli,204120.0,3.0,269.0,0.0,0.05,-0.05,1.0,1.0,0.0,0.05,Olivier,Boscagli,1997-11-18,28.83,36.0,21.0,Defender,Central Defender,d92v6n4pf20eepvli92lqau39,e5p0ehyguld7egzhiedpdnc3w,Brighton & Hove Albion FC,Brighton & Hove Albion,Brighton,BHA,42.0,347.217,25.0,217.14,0.0,0.0,0.0,0.0,8.267,8.686,1.0,3.0,10.0,1.0,8.0,14.0,6.0,42.857,11.0,5.0,45.455,,,,,,,,,,204120.0,269.0,3.0,6.0,4.0,1.93,33.33,0.473,0.397,0.0,0.0,Olivier,Boscagli,1997-11-18,28.83,36.0,21.0,Defender,Central Defender,d92v6n4pf20eepvli92lqau39,e5p0ehyguld7egzhiedpdnc3w,Brighton & Hove Albion FC,Brighton & Hove Albion,Brighton,BHA,204120.0,269.0,3.0,212.0,183.0,86.32,69.0,50.0,72.46,11.0,2.0,18.18,1.0,0.0,0.0,Olivier,Boscagli,1997-11-18,28.83,36.0,21.0,Defender,Central Defender,d92v6n4pf20eepvli92lqau39,e5p0ehyguld7egzhiedpdnc3w,Brighton & Hove Albion FC,Brighton & Hove Albion,Brighton,BHA,204120,d92v6n4pf20eepvli92lqau39,36,e5p0ehyguld7egzhiedpdnc3w
Omar Alderete,201895.0,1.0,23.0,0.0,0.0,0.0,0.0,0.0,0.0,0.0,Omar,Alderete,1996-12-26,29.73,56.0,15.0,Defender,Central Defender,2o3bka7gokfjkej1f600ovbo5,1r3545b2dzan8yqa80gtmcjch,Sunderland AFC,Sunderland,Sunderland,SUN,11.0,92.279,8.0,74.025,0.0,0.0,0.0,0.0,8.389,9.253,0.0,0.0,2.0,0.0,0.0,0.0,0.0,0.0,1.0,1.0,100.0,,,,,,,,,,201895.0,23.0,1.0,0.0,0.0,0.0,0.0,0.008,0.008,0.0,0.0,Omar,Alderete,1996-12-26,29.73,56.0,15.0,Defender,Central Defender,2o3bka7gokfjkej1f600ovbo5,1r3545b2dzan8yqa80gtmcjch,Sunderland AFC,Sunderland,Sunderland,SUN,201895.0,23.0,1.0,37.0,34.0,91.89,7.0,6.0,85.71,0.0,0.0,0.0,0.0,0.0,0.0,Omar,Alderete,1996-12-26,29.73,56.0,15.0,Defender,Central Defender,2o3bka7gokfjkej1f600ovbo5,1r3545b2dzan8yqa80gtmcjch,Sunderland AFC,Sunderland,Sunderland,SUN,201895,2o3bka7gokfjkej1f600ovbo5,56,1r3545b2dzan8yqa80gtmcjch
Omar Marmoush,438234.0,2.0,174.0,0.0,0.33,-0.33,5.0,1.0,0.0,0.07,Omar Khaled Mohamed Abdelsalam,Marmoush,1999-02-07,27.61,6.0,22.0,Forward,Striker,b8if5dg0k9prjik99aiutewh5,22doj4sgsocqpxw45h607udje,Tottenham Hotspur FC,Tottenham Hotspur,Spurs,TOT,21.0,298.307,13.0,163.485,2.0,0.0,2.0,0.0,14.205,12.576,1.0,0.0,3.0,0.0,0.0,19.0,10.0,52.632,4.0,0.0,0.0,,,,,,,,,,438234.0,174.0,2.0,3.0,3.0,9.68,0.0,0.076,0.076,0.0,0.0,Omar Khaled Mohamed Abdelsalam,Marmoush,1999-02-07,27.61,6.0,22.0,Forward,Striker,b8if5dg0k9prjik99aiutewh5,22doj4sgsocqpxw45h607udje,Tottenham Hotspur FC,Tottenham Hotspur,Spurs,TOT,438234.0,174.0,2.0,31.0,30.0,96.77,15.0,15.0,100.0,0.0,0.0,0.0,0.0,0.0,0.0,Omar Khaled Mohamed Abdelsalam,Marmoush,1999-02-07,27.61,6.0,22.0,Forward,Striker,b8if5dg0k9prjik99aiutewh5,22doj4sgsocqpxw45h607udje,Tottenham Hotspur FC,Tottenham Hotspur,Spurs,TOT,438234,b8if5dg0k9prjik99aiutewh5,6,22doj4sgsocqpxw45h607udje
Oscar Bobb,477555.0,3.0,214.0,0.0,0.32,-0.32,3.0,1.0,0.0,0.11,Oscar,Bobb,2003-07-12,23.18,54.0,14.0,Midfielder,Winger,58de7rbubnxjraen49dxpaqne,hzqh7z0mdl3v7gwete66syxp,Fulham FC,Fulham,Fulham,FUL,32.0,383.506,16.0,185.22,1.0,0.0,3.0,0.0,11.985,11.576,5.0,2.0,8.0,0.0,0.0,23.0,11.0,47.826,4.0,1.0,25.0,,,,,,,,,,477555.0,214.0,3.0,6.0,4.0,5.48,33.33,0.922,0.673,0.0,0.0,Oscar,Bobb,2003-07-12,23.18,54.0,14.0,Midfielder,Winger,58de7rbubnxjraen49dxpaqne,hzqh7z0mdl3v7gwete66syxp,Fulham FC,Fulham,Fulham,FUL,477555.0,214.0,3.0,74.0,59.0,79.73,40.0,29.0,72.5,0.0,0.0,0.0,1.0,0.0,0.0,Oscar,Bobb,2003-07-12,23.18,54.0,14.0,Midfielder,Winger,58de7rbubnxjraen49dxpaqne,hzqh7z0mdl3v7gwete66syxp,Fulham FC,Fulham,Fulham,FUL,477555,58de7rbubnxjraen49dxpaqne,54,hzqh7z0mdl3v7gwete66syxp
Ousmane Diomande,568420.0,1.0,1.0,0.0,0.0,0.0,0.0,0.0,0.0,0.0,Ousmane,Diomande,2003-12-04,22.79,17.0,2.0,Defender,Central Defender,38339rg6eqprxc0w976gozjmc,1qtaiy11gswx327s0vkibf70n,Nottingham Forest FC,Nottingham Forest,Forest,NFO,0.0,0.0,0.0,0.0,0.0,0.0,0.0,0.0,0.0,0.0,0.0,0.0,0.0,0.0,0.0,0.0,0.0,0.0,0.0,0.0,0.0,,,,,,,,,,568420.0,1.0,1.0,0.0,0.0,0.0,0.0,0.0,0.0,0.0,0.0,Ousmane,Diomande,2003-12-04,22.79,17.0,2.0,Defender,Central Defender,38339rg6eqprxc0w976gozjmc,1qtaiy11gswx327s0vkibf70n,Nottingham Forest FC,Nottingham Forest,Forest,NFO,568420.0,1.0,1.0,1.0,0.0,0.0,0.0,0.0,0.0,0.0,0.0,0.0,0.0,0.0,0.0,Ousmane,Diomande,2003-12-04,22.79,17.0,2.0,Defender,Central Defender,38339rg6eqprxc0w976gozjmc,1qtaiy11gswx327s0vkibf70n,Nottingham Forest FC,Nottingham Forest,Forest,NFO,568420,38339rg6eqprxc0w976gozjmc,17,1qtaiy11gswx327s0vkibf70n
Paddy McNair,160817.0,1.0,26.0,0.0,0.0,0.0,0.0,0.0,0.0,0.0,Paddy,McNair,1995-04-27,31.4,88.0,17.0,Defender,Central Defender,5idfnf5wxqpdl73697xm2qb4l,f0figafm2v9h8ofo6slajj7xf,Hull City AFC,Hull City,Hull,HUL,1.0,18.911,1.0,12.705,0.0,0.0,0.0,0.0,18.911,12.705,0.0,0.0,1.0,0.0,2.0,0.0,0.0,0.0,1.0,0.0,0.0,,,,,,,,,,160817.0,26.0,1.0,0.0,0.0,0.0,0.0,0.0,0.0,0.0,0.0,Paddy,McNair,1995-04-27,31.4,88.0,17.0,Defender,Central Defender,5idfnf5wxqpdl73697xm2qb4l,f0figafm2v9h8ofo6slajj7xf,Hull City AFC,Hull City,Hull,HUL,160817.0,26.0,1.0,4.0,3.0,75.0,0.0,0.0,0.0,0.0,0.0,0.0,0.0,0.0,0.0,Paddy,McNair,1995-04-27,31.4,88.0,17.0,Defender,Central Defender,5idfnf5wxqpdl73697xm2qb4l,f0figafm2v9h8ofo6slajj7xf,Hull City AFC,Hull City,Hull,HUL,160817,5idfnf5wxqpdl73697xm2qb4l,88,f0figafm2v9h8ofo6slajj7xf
Pascal Groß,60307.0,3.0,270.0,1.0,0.85,0.15,6.0,1.0,16.67,0.14,Pascal,Groß,1991-06-15,35.27,36.0,13.0,Midfielder,Central Midfielder,3k6znit6fd9mbfcnphlwyvj6d,e5p0ehyguld7egzhiedpdnc3w,Brighton & Hove Albion FC,Brighton & Hove Albion,Brighton,BHA,47.0,511.192,27.0,227.85,0.0,0.0,1.0,0.0,10.876,8.439,4.0,2.0,7.0,1.0,1.0,14.0,4.0,28.571,3.0,2.0,66.667,,,,,,,,,,60307.0,270.0,3.0,7.0,7.0,3.78,0.0,0.415,0.399,0.0,0.0,Pascal,Groß,1991-06-15,35.27,36.0,13.0,Midfielder,Central Midfielder,3k6znit6fd9mbfcnphlwyvj6d,e5p0ehyguld7egzhiedpdnc3w,Brighton & Hove Albion FC,Brighton & Hove Albion,Brighton,BHA,60307.0,270.0,3.0,194.0,172.0,88.66,63.0,50.0,79.37,13.0,2.0,15.38,0.0,0.0,0.0,Pascal,Groß,1991-06-15,35.27,36.0,13.0,Midfielder,Central Midfielder,3k6znit6fd9mbfcnphlwyvj6d,e5p0ehyguld7egzhiedpdnc3w,Brighton & Hove Albion FC,Brighton & Hove Albion,Brighton,BHA,60307,3k6znit6fd9mbfcnphlwyvj6d,36,e5p0ehyguld7egzhiedpdnc3w
Pascal Struijk,222694.0,1.0,1.0,0.0,0.0,0.0,0.0,0.0,0.0,0.0,Pascal,Struijk,1999-08-11,27.1,36.0,4.0,Defender,Central Defender,b275i2lg3anqae5lv9gmrzmqx,e5p0ehyguld7egzhiedpdnc3w,Brighton & Hove Albion FC,Brighton & Hove Albion,Brighton,BHA,1.0,11.132,0.0,-5.88,0.0,0.0,0.0,0.0,11.132,0.0,0.0,0.0,0.0,0.0,0.0,0.0,0.0,0.0,0.0,0.0,0.0,,,,,,,,,,222694.0,1.0,1.0,0.0,0.0,0.0,0.0,0.0,0.0,0.0,0.0,Pascal,Struijk,1999-08-11,27.1,36.0,4.0,Defender,Central Defender,b275i2lg3anqae5lv9gmrzmqx,e5p0ehyguld7egzhiedpdnc3w,Brighton & Hove Albion FC,Brighton & Hove Albion,Brighton,BHA,222694.0,1.0,1.0,2.0,2.0,100.0,0.0,0.0,0.0,0.0,0.0,0.0,0.0,0.0,0.0,Pascal,Struijk,1999-08-11,27.1,36.0,4.0,Defender,Central Defender,b275i2lg3anqae5lv9gmrzmqx,e5p0ehyguld7egzhiedpdnc3w,Brighton & Hove Albion FC,Brighton & Hove Albion,Brighton,BHA,222694,b275i2lg3anqae5lv9gmrzmqx,36,e5p0ehyguld7egzhiedpdnc3w
Patrick Dorgu,596777.0,3.0,75.0,0.0,0.65,-0.65,5.0,1.0,0.0,0.13,Patrick,Dorgu,2004-10-26,21.89,1.0,13.0,Defender,Full Back,cr5wtg3ulqjts3lu3xpnmlmac,6eqit8ye8aomdsrrq0hk3v7gh,Manchester United FC,Manchester United,Man Utd,MUN,9.0,113.067,4.0,68.355,1.0,0.0,1.0,0.0,12.563,17.089,2.0,1.0,1.0,0.0,2.0,7.0,2.0,28.571,8.0,6.0,75.0,,,,,,,,,,596777.0,75.0,3.0,1.0,1.0,4.0,0.0,0.041,0.041,0.0,0.0,Patrick,Dorgu,2004-10-26,21.89,1.0,13.0,Defender,Full Back,cr5wtg3ulqjts3lu3xpnmlmac,6eqit8ye8aomdsrrq0hk3v7gh,Manchester United FC,Manchester United,Man Utd,MUN,596777.0,75.0,3.0,25.0,18.0,72.0,10.0,6.0,60.0,0.0,0.0,0.0,0.0,0.0,0.0,Patrick,Dorgu,2004-10-26,21.89,1.0,13.0,Defender,Full Back,cr5wtg3ulqjts3lu3xpnmlmac,6eqit8ye8aomdsrrq0hk3v7gh,Manchester United FC,Manchester United,Man Utd,MUN,596777,cr5wtg3ulqjts3lu3xpnmlmac,1,6eqit8ye8aomdsrrq0hk3v7gh
Pau Torres,244954.0,2.0,164.0,0.0,0.0,0.0,0.0,0.0,0.0,0.0,Pau,Torres,1997-01-16,29.67,7.0,14.0,Defender,Central Defender,57s7gfvt5btbfzm600wn7df55,b496gs285it6bheuikox6z9mj,Aston Villa FC,Aston Villa,Villa,AVL,23.0,289.92,15.0,175.98,0.0,0.0,0.0,0.0,12.605,11.732,1.0,1.0,9.0,0.0,7.0,5.0,1.0,20.0,3.0,1.0,33.333,,,,,,,,,,244954.0,164.0,2.0,0.0,0.0,0.0,0.0,0.008,0.008,0.0,0.0,Pau,Torres,1997-01-16,29.67,7.0,14.0,Defender,Central Defender,57s7gfvt5btbfzm600wn7df55,b496gs285it6bheuikox6z9mj,Aston Villa FC,Aston Villa,Villa,AVL,244954.0,164.0,2.0,78.0,61.0,78.21,11.0,8.0,72.73,1.0,0.0,0.0,0.0,0.0,0.0,Pau,Torres,1997-01-16,29.67,7.0,14.0,Defender,Central Defender,57s7gfvt5btbfzm600wn7df55,b496gs285it6bheuikox6z9mj,Aston Villa FC,Aston Villa,Villa,AVL,244954,57s7gfvt5btbfzm600wn7df55,7,b496gs285it6bheuikox6z9mj
Pedro Neto,247632.0,3.0,163.0,1.0,0.46,0.54,4.0,2.0,25.0,0.12,Pedro,Lomba Neto,2000-03-09,26.53,8.0,7.0,Forward,Winger,6psklvi66inwws7buzf16yjft,9q0arba2kbnywth8bkxlhgmdr,Chelsea FC,Chelsea,Chelsea,CHE,25.0,284.726,15.0,133.035,1.0,0.0,3.0,0.0,11.389,8.869,2.0,3.0,8.0,0.0,2.0,15.0,8.0,53.333,3.0,2.0,66.667,,,,,,,,,,247632.0,163.0,3.0,4.0,3.0,7.89,25.0,0.429,0.257,0.0,0.0,Pedro,Lomba Neto,2000-03-09,26.53,8.0,7.0,Forward,Winger,6psklvi66inwws7buzf16yjft,9q0arba2kbnywth8bkxlhgmdr,Chelsea FC,Chelsea,Chelsea,CHE,247632.0,163.0,3.0,39.0,30.0,76.92,24.0,18.0,75.0,6.0,1.0,16.67,0.0,0.0,0.0,Pedro,Lomba Neto,2000-03-09,26.53,8.0,7.0,Forward,Winger,6psklvi66inwws7buzf16yjft,9q0arba2kbnywth8bkxlhgmdr,Chelsea FC,Chelsea,Chelsea,CHE,247632,6psklvi66inwws7buzf16yjft,8,9q0arba2kbnywth8bkxlhgmdr
Pedro Porro,441164.0,2.0,180.0,0.0,0.35,-0.35,6.0,1.0,0.0,0.06,Pedro,Porro,1999-09-13,27.01,6.0,23.0,Defender,Full Back,77yaqzy45dxtzicao00jxrlgq,22doj4sgsocqpxw45h607udje,Tottenham Hotspur FC,Tottenham Hotspur,Spurs,TOT,22.0,228.127,18.0,170.52,2.0,0.0,0.0,0.0,10.369,9.473,2.0,1.0,5.0,0.0,5.0,15.0,7.0,46.667,2.0,1.0,50.0,,,,,,,,,,441164.0,180.0,2.0,2.0,0.0,0.0,100.0,0.164,0.115,0.0,0.0,Pedro,Porro,1999-09-13,27.01,6.0,23.0,Defender,Full Back,77yaqzy45dxtzicao00jxrlgq,22doj4sgsocqpxw45h607udje,Tottenham Hotspur FC,Tottenham Hotspur,Spurs,TOT,441164.0,180.0,2.0,92.0,66.0,71.74,39.0,26.0,66.67,5.0,1.0,20.0,1.0,0.0,0.0,Pedro,Porro,1999-09-13,27.01,6.0,23.0,Defender,Full Back,77yaqzy45dxtzicao00jxrlgq,22doj4sgsocqpxw45h607udje,Tottenham Hotspur FC,Tottenham Hotspur,Spurs,TOT,441164,77yaqzy45dxtzicao00jxrlgq,6,22doj4sgsocqpxw45h607udje
Pep Chavarría,498444.0,3.0,73.0,0.0,0.0,0.0,0.0,0.0,0.0,0.0,Pep,Chavarría,1998-04-10,28.44,8.0,29.0,Defender,Full Back,amt4voyjzhnvr55t08hzlw50q,9q0arba2kbnywth8bkxlhgmdr,Chelsea FC,Chelsea,Chelsea,CHE,3.0,27.393,2.0,14.07,0.0,0.0,0.0,0.0,9.131,7.035,2.0,1.0,3.0,0.0,3.0,4.0,2.0,50.0,1.0,0.0,0.0,,,,,,,,,,498444.0,73.0,3.0,0.0,0.0,0.0,0.0,0.021,0.021,0.0,0.0,Pep,Chavarría,1998-04-10,28.44,8.0,29.0,Defender,Full Back,amt4voyjzhnvr55t08hzlw50q,9q0arba2kbnywth8bkxlhgmdr,Chelsea FC,Chelsea,Chelsea,CHE,498444.0,73.0,3.0,22.0,16.0,72.73,6.0,4.0,66.67,1.0,0.0,0.0,0.0,0.0,0.0,Pep,Chavarría,1998-04-10,28.44,8.0,29.0,Defender,Full Back,amt4voyjzhnvr55t08hzlw50q,9q0arba2kbnywth8bkxlhgmdr,Chelsea FC,Chelsea,Chelsea,CHE,498444,amt4voyjzhnvr55t08hzlw50q,8,9q0arba2kbnywth8bkxlhgmdr
Phil Foden,209244.0,3.0,196.0,0.0,1.61,-1.61,6.0,1.0,0.0,0.27,Phil,Foden,2000-05-28,26.31,43.0,47.0,Midfielder,Attacking Midfielder,693z0rzfh3m0h0wsma9v8c9ux,a3nyxabgsqlnqfkeg41m6tnpp,Manchester City FC,Manchester City,Man City,MCI,42.0,443.35,16.0,62.685,0.0,0.0,2.0,2.0,10.556,3.918,4.0,0.0,8.0,0.0,2.0,25.0,12.0,48.0,3.0,1.0,33.333,,,,,,,,,,209244.0,196.0,3.0,6.0,5.0,2.54,16.67,0.866,0.834,2.0,2.0,Phil,Foden,2000-05-28,26.31,43.0,47.0,Midfielder,Attacking Midfielder,693z0rzfh3m0h0wsma9v8c9ux,a3nyxabgsqlnqfkeg41m6tnpp,Manchester City FC,Manchester City,Man City,MCI,209244.0,196.0,3.0,120.0,104.0,86.67,43.0,32.0,74.42,5.0,2.0,40.0,4.0,2.0,50.0,Phil,Foden,2000-05-28,26.31,43.0,47.0,Midfielder,Attacking Midfielder,693z0rzfh3m0h0wsma9v8c9ux,a3nyxabgsqlnqfkeg41m6tnpp,Manchester City FC,Manchester City,Man City,MCI,209244,693z0rzfh3m0h0wsma9v8c9ux,43,a3nyxabgsqlnqfkeg41m6tnpp
Piero Hincapié,448104.0,2.0,32.0,0.0,0.0,0.0,0.0,0.0,0.0,0.0,Piero,Hincapié,2002-01-09,24.69,3.0,5.0,Defender,Central Defender,4foax2b7unlkev1eq6py86lii,4dsgumo7d4zupm2ugsvm4zm4d,Arsenal FC,Arsenal,Arsenal,ARS,5.0,51.735,5.0,50.4,0.0,0.0,0.0,0.0,10.347,10.08,1.0,0.0,0.0,0.0,2.0,1.0,1.0,100.0,1.0,0.0,0.0,,,,,,,,,,448104.0,32.0,2.0,0.0,0.0,0.0,0.0,0.008,0.007,0.0,0.0,Piero,Hincapié,2002-01-09,24.69,3.0,5.0,Defender,Central Defender,4foax2b7unlkev1eq6py86lii,4dsgumo7d4zupm2ugsvm4zm4d,Arsenal FC,Arsenal,Arsenal,ARS,448104.0,32.0,2.0,16.0,15.0,93.75,4.0,4.0,100.0,1.0,0.0,0.0,0.0,0.0,0.0,Piero,Hincapié,2002-01-09,24.69,3.0,5.0,Defender,Central Defender,4foax2b7unlkev1eq6py86lii,4dsgumo7d4zupm2ugsvm4zm4d,Arsenal FC,Arsenal,Arsenal,ARS,448104,4foax2b7unlkev1eq6py86lii,3,4dsgumo7d4zupm2ugsvm4zm4d
Promise David,538007.0,2.0,23.0,0.0,0.42,-0.42,1.0,0.0,0.0,0.42,Promise,David,2001-07-03,25.21,36.0,12.0,Forward,Striker,aegelvfjdhtpcwb2r63ixksgk,e5p0ehyguld7egzhiedpdnc3w,Brighton & Hove Albion FC,Brighton & Hove Albion,Brighton,BHA,1.0,8.749,1.0,8.4,0.0,0.0,0.0,0.0,8.749,8.4,0.0,0.0,0.0,0.0,0.0,3.0,0.0,0.0,1.0,0.0,0.0,,,,,,,,,,538007.0,23.0,2.0,0.0,0.0,0.0,0.0,0.002,0.002,0.0,0.0,Promise,David,2001-07-03,25.21,36.0,12.0,Forward,Striker,aegelvfjdhtpcwb2r63ixksgk,e5p0ehyguld7egzhiedpdnc3w,Brighton & Hove Albion FC,Brighton & Hove Albion,Brighton,BHA,538007.0,23.0,2.0,5.0,5.0,100.0,2.0,2.0,100.0,0.0,0.0,0.0,0.0,0.0,0.0,Promise,David,2001-07-03,25.21,36.0,12.0,Forward,Striker,aegelvfjdhtpcwb2r63ixksgk,e5p0ehyguld7egzhiedpdnc3w,Brighton & Hove Albion FC,Brighton & Hove Albion,Brighton,BHA,538007,aegelvfjdhtpcwb2r63ixksgk,36,e5p0ehyguld7egzhiedpdnc3w
Quinten Timber,450063.0,1.0,74.0,0.0,0.02,-0.02,1.0,0.0,0.0,0.02,Quinten,Timber,2001-06-17,25.25,31.0,23.0,Midfielder,0,e5xuwwa4qs6zxjd7y52tslih,1c8m2ko0wxq1asfkuykurdr0y,Crystal Palace FC,Crystal Palace,Palace,CRY,3.0,47.949,3.0,43.995,0.0,0.0,0.0,0.0,15.983,14.665,1.0,1.0,3.0,1.0,0.0,6.0,3.0,50.0,1.0,0.0,0.0,,,,,,,,,,450063.0,74.0,1.0,0.0,0.0,0.0,0.0,0.002,0.002,0.0,0.0,Quinten,Timber,2001-06-17,25.25,31.0,23.0,Midfielder,0,e5xuwwa4qs6zxjd7y52tslih,1c8m2ko0wxq1asfkuykurdr0y,Crystal Palace FC,Crystal Palace,Palace,CRY,450063.0,74.0,1.0,18.0,12.0,66.67,4.0,2.0,50.0,0.0,0.0,0.0,0.0,0.0,0.0,Quinten,Timber,2001-06-17,25.25,31.0,23.0,Midfielder,0,e5xuwwa4qs6zxjd7y52tslih,1c8m2ko0wxq1asfkuykurdr0y,Crystal Palace FC,Crystal Palace,Palace,CRY,450063,e5xuwwa4qs6zxjd7y52tslih,31,1c8m2ko0wxq1asfkuykurdr0y
Rayan,499604.0,3.0,268.0,0.0,0.48,-0.48,7.0,3.0,0.0,0.07,Rayan Vitor,Simplício Rocha,2006-08-03,20.12,91.0,37.0,Forward,Striker,db59xs6wi27mder57ocnlidjo,1pse9ta7a45pi2w2grjim70ge,AFC Bournemouth,Bournemouth,Bournemouth,BOU,25.0,292.549,13.0,145.635,2.0,0.0,1.0,0.0,11.702,11.203,2.0,1.0,3.0,0.0,2.0,15.0,4.0,26.667,21.0,9.0,42.857,,,,,,,,,,499604.0,268.0,3.0,1.0,1.0,2.17,0.0,0.058,0.058,0.0,0.0,Rayan Vitor,Simplício Rocha,2006-08-03,20.12,91.0,37.0,Forward,Striker,db59xs6wi27mder57ocnlidjo,1pse9ta7a45pi2w2grjim70ge,AFC Bournemouth,Bournemouth,Bournemouth,BOU,499604.0,268.0,3.0,46.0,29.0,63.04,26.0,15.0,57.69,3.0,0.0,0.0,0.0,0.0,0.0,Rayan Vitor,Simplício Rocha,2006-08-03,20.12,91.0,37.0,Forward,Striker,db59xs6wi27mder57ocnlidjo,1pse9ta7a45pi2w2grjim70ge,AFC Bournemouth,Bournemouth,Bournemouth,BOU,499604,db59xs6wi27mder57ocnlidjo,91,1pse9ta7a45pi2w2grjim70ge
Rayan Aït-Nouri,448514.0,0.0,0.0,0.0,0.0,0.0,0.0,0.0,0.0,0.0,Rayan,Aït-Nouri,2001-06-06,25.28,43.0,21.0,Defender,Full Back,448514,a3nyxabgsqlnqfkeg41m6tnpp,Manchester City FC,Manchester City,Man City,MCI,0.0,0.0,0.0,0.0,0.0,0.0,0.0,0.0,0.0,0.0,0.0,0.0,0.0,0.0,0.0,0.0,0.0,0.0,0.0,0.0,0.0,,,,,,,,,,448514.0,0.0,0.0,0.0,0.0,0.0,0.0,0.0,0.0,0.0,0.0,Rayan,Aït-Nouri,2001-06-06,25.28,43.0,21.0,Defender,Full Back,448514,a3nyxabgsqlnqfkeg41m6tnpp,Manchester City FC,Manchester City,Man City,MCI,448514.0,0.0,0.0,0.0,0.0,0.0,0.0,0.0,0.0,0.0,0.0,0.0,0.0,0.0,0.0,Rayan,Aït-Nouri,2001-06-06,25.28,43.0,21.0,Defender,Full Back,448514,a3nyxabgsqlnqfkeg41m6tnpp,Manchester City FC,Manchester City,Man City,MCI,448514,448514,43,a3nyxabgsqlnqfkeg41m6tnpp
Rayan Cherki,466052.0,3.0,175.0,2.0,0.56,1.44,6.0,3.0,33.33,0.09,Rayan,Cherki,2003-08-17,23.08,43.0,10.0,Midfielder,Attacking Midfielder,1ehcji0j9s8b0qsj8v5zinjvu,a3nyxabgsqlnqfkeg41m6tnpp,Manchester City FC,Manchester City,Man City,MCI,61.0,617.169,22.0,186.48,4.0,2.0,3.0,0.0,10.118,8.476,0.0,0.0,6.0,0.0,0.0,18.0,7.0,38.889,3.0,0.0,0.0,,,,,,,,,,466052.0,175.0,3.0,10.0,8.0,4.67,10.0,1.348,1.219,2.0,1.0,Rayan,Cherki,2003-08-17,23.08,43.0,10.0,Midfielder,Attacking Midfielder,1ehcji0j9s8b0qsj8v5zinjvu,a3nyxabgsqlnqfkeg41m6tnpp,Manchester City FC,Manchester City,Man City,MCI,466052.0,175.0,3.0,158.0,146.0,92.41,49.0,37.0,75.51,4.0,0.0,0.0,2.0,2.0,100.0,Rayan,Cherki,2003-08-17,23.08,43.0,10.0,Midfielder,Attacking Midfielder,1ehcji0j9s8b0qsj8v5zinjvu,a3nyxabgsqlnqfkeg41m6tnpp,Manchester City FC,Manchester City,Man City,MCI,466052,1ehcji0j9s8b0qsj8v5zinjvu,43,a3nyxabgsqlnqfkeg41m6tnpp
Reece James,225796.0,3.0,202.0,0.0,0.18,-0.18,5.0,2.0,0.0,0.04,Reece,James,1999-12-08,26.78,8.0,24.0,Defender,Full Back,dczrgxyolp7lcz413wkz7ap61,9q0arba2kbnywth8bkxlhgmdr,Chelsea FC,Chelsea,Chelsea,CHE,19.0,175.58,7.0,25.62,1.0,0.0,0.0,0.0,9.241,3.66,0.0,2.0,11.0,2.0,5.0,8.0,1.0,12.5,3.0,3.0,100.0,,,,,,,,,,225796.0,202.0,3.0,2.0,2.0,2.11,0.0,0.122,0.095,0.0,0.0,Reece,James,1999-12-08,26.78,8.0,24.0,Defender,Full Back,dczrgxyolp7lcz413wkz7ap61,9q0arba2kbnywth8bkxlhgmdr,Chelsea FC,Chelsea,Chelsea,CHE,225796.0,202.0,3.0,102.0,91.0,89.22,20.0,15.0,75.0,4.0,1.0,25.0,0.0,0.0,0.0,Reece,James,1999-12-08,26.78,8.0,24.0,Defender,Full Back,dczrgxyolp7lcz413wkz7ap61,9q0arba2kbnywth8bkxlhgmdr,Chelsea FC,Chelsea,Chelsea,CHE,225796,dczrgxyolp7lcz413wkz7ap61,8,9q0arba2kbnywth8bkxlhgmdr
Regan Slater,243413.0,3.0,270.0,0.0,0.04,-0.04,2.0,1.0,0.0,0.02,Regan,Slater,1999-09-11,27.02,88.0,27.0,Midfielder,Defensive Midfielder,4na6y8lqidwajp19myp5l7bvt,f0figafm2v9h8ofo6slajj7xf,Hull City AFC,Hull City,Hull,HUL,22.0,236.863,7.0,64.89,1.0,0.0,0.0,0.0,10.766,9.27,6.0,2.0,8.0,0.0,3.0,17.0,9.0,52.941,6.0,4.0,66.667,,,,,,,,,,243413.0,270.0,3.0,2.0,1.0,1.43,0.0,0.462,0.028,1.0,0.0,Regan,Slater,1999-09-11,27.02,88.0,27.0,Midfielder,Defensive Midfielder,4na6y8lqidwajp19myp5l7bvt,f0figafm2v9h8ofo6slajj7xf,Hull City AFC,Hull City,Hull,HUL,243413.0,270.0,3.0,74.0,57.0,77.03,27.0,18.0,66.67,0.0,0.0,0.0,0.0,0.0,0.0,Regan,Slater,1999-09-11,27.02,88.0,27.0,Midfielder,Defensive Midfielder,4na6y8lqidwajp19myp5l7bvt,f0figafm2v9h8ofo6slajj7xf,Hull City AFC,Hull City,Hull,HUL,243413,4na6y8lqidwajp19myp5l7bvt,88,f0figafm2v9h8ofo6slajj7xf
Reinildo Mandava,434399.0,3.0,270.0,0.0,0.0,0.0,0.0,0.0,0.0,0.0,Reinildo Isnard,Mandava,1994-01-21,32.66,56.0,17.0,Defender,Full Back,cj3dik1dqyo2nf1jgmyn471sl,1r3545b2dzan8yqa80gtmcjch,Sunderland AFC,Sunderland,Sunderland,SUN,18.0,166.898,9.0,46.62,0.0,0.0,0.0,0.0,9.272,5.18,7.0,6.0,15.0,1.0,8.0,24.0,12.0,50.0,10.0,7.0,70.0,,,,,,,,,,434399.0,270.0,3.0,2.0,2.0,1.57,0.0,0.314,0.313,0.0,0.0,Reinildo Isnard,Mandava,1994-01-21,32.66,56.0,17.0,Defender,Full Back,cj3dik1dqyo2nf1jgmyn471sl,1r3545b2dzan8yqa80gtmcjch,Sunderland AFC,Sunderland,Sunderland,SUN,434399.0,270.0,3.0,128.0,110.0,85.94,29.0,23.0,79.31,3.0,1.0,33.33,1.0,0.0,0.0,Reinildo Isnard,Mandava,1994-01-21,32.66,56.0,17.0,Defender,Full Back,cj3dik1dqyo2nf1jgmyn471sl,1r3545b2dzan8yqa80gtmcjch,Sunderland AFC,Sunderland,Sunderland,SUN,434399,cj3dik1dqyo2nf1jgmyn471sl,56,1r3545b2dzan8yqa80gtmcjch
Riccardo Calafiori,466075.0,3.0,238.0,0.0,0.54,-0.54,4.0,1.0,0.0,0.13,Riccardo,Calafiori,2002-05-19,24.33,3.0,33.0,Defender,Full Back,dhs8pujk55ewcis7y5alchu22,4dsgumo7d4zupm2ugsvm4zm4d,Arsenal FC,Arsenal,Arsenal,ARS,15.0,139.096,8.0,77.175,1.0,0.0,0.0,0.0,9.273,9.647,3.0,1.0,6.0,0.0,5.0,8.0,4.0,50.0,6.0,4.0,66.667,,,,,,,,,,466075.0,238.0,3.0,2.0,2.0,0.0,0.0,0.585,0.585,2.0,2.0,Riccardo,Calafiori,2002-05-19,24.33,3.0,33.0,Defender,Full Back,dhs8pujk55ewcis7y5alchu22,4dsgumo7d4zupm2ugsvm4zm4d,Arsenal FC,Arsenal,Arsenal,ARS,466075.0,238.0,3.0,69.0,58.0,84.06,32.0,26.0,81.25,1.0,0.0,0.0,0.0,0.0,0.0,Riccardo,Calafiori,2002-05-19,24.33,3.0,33.0,Defender,Full Back,dhs8pujk55ewcis7y5alchu22,4dsgumo7d4zupm2ugsvm4zm4d,Arsenal FC,Arsenal,Arsenal,ARS,466075,dhs8pujk55ewcis7y5alchu22,3,4dsgumo7d4zupm2ugsvm4zm4d
Richarlison,212319.0,1.0,68.0,0.0,0.0,0.0,0.0,0.0,0.0,0.0,Richarlison,de Andrade,1997-05-10,29.36,6.0,9.0,Forward,Second Striker,c5zmr0m17riujelm4up44etih,22doj4sgsocqpxw45h607udje,Tottenham Hotspur FC,Tottenham Hotspur,Spurs,TOT,3.0,18.244,0.0,-15.435,0.0,0.0,0.0,0.0,6.081,0.0,0.0,0.0,0.0,0.0,1.0,7.0,2.0,28.571,4.0,0.0,0.0,,,,,,,,,,212319.0,68.0,1.0,0.0,0.0,0.0,0.0,0.004,0.004,0.0,0.0,Richarlison,de Andrade,1997-05-10,29.36,6.0,9.0,Forward,Second Striker,c5zmr0m17riujelm4up44etih,22doj4sgsocqpxw45h607udje,Tottenham Hotspur FC,Tottenham Hotspur,Spurs,TOT,212319.0,68.0,1.0,9.0,8.0,88.89,3.0,2.0,66.67,0.0,0.0,0.0,0.0,0.0,0.0,Richarlison,de Andrade,1997-05-10,29.36,6.0,9.0,Forward,Second Striker,c5zmr0m17riujelm4up44etih,22doj4sgsocqpxw45h607udje,Tottenham Hotspur FC,Tottenham Hotspur,Spurs,TOT,212319,c5zmr0m17riujelm4up44etih,6,22doj4sgsocqpxw45h607udje
Rico Henry,194010.0,1.0,2.0,0.0,0.0,0.0,0.0,0.0,0.0,0.0,Rico,Henry,1997-07-08,29.2,94.0,3.0,Defender,Full Back,2nzefp5pwvldt2ttmxfeakamt,7yx5dqhhphyvfisohikodajhv,Brentford FC,Brentford,Brentford,BRE,1.0,15.854,1.0,5.25,0.0,0.0,0.0,0.0,15.854,5.25,0.0,0.0,0.0,0.0,0.0,0.0,0.0,0.0,0.0,0.0,0.0,,,,,,,,,,194010.0,2.0,1.0,0.0,0.0,0.0,0.0,0.0,0.0,0.0,0.0,Rico,Henry,1997-07-08,29.2,94.0,3.0,Defender,Full Back,2nzefp5pwvldt2ttmxfeakamt,7yx5dqhhphyvfisohikodajhv,Brentford FC,Brentford,Brentford,BRE,194010.0,2.0,1.0,1.0,0.0,0.0,1.0,0.0,0.0,0.0,0.0,0.0,0.0,0.0,0.0,Rico,Henry,1997-07-08,29.2,94.0,3.0,Defender,Full Back,2nzefp5pwvldt2ttmxfeakamt,7yx5dqhhphyvfisohikodajhv,Brentford FC,Brentford,Brentford,BRE,194010,2nzefp5pwvldt2ttmxfeakamt,94,7yx5dqhhphyvfisohikodajhv
Rico Lewis,477064.0,1.0,57.0,0.0,0.17,-0.17,1.0,1.0,0.0,0.17,Rico,Lewis,2004-11-21,21.82,43.0,82.0,Defender,Full Back,d0azo0spzov2hg6ul40l58e3u,a3nyxabgsqlnqfkeg41m6tnpp,Manchester City FC,Manchester City,Man City,MCI,7.0,72.198,4.0,28.245,0.0,0.0,0.0,0.0,10.314,7.061,0.0,2.0,0.0,0.0,0.0,9.0,2.0,22.222,1.0,1.0,100.0,,,,,,,,,,477064.0,57.0,1.0,0.0,0.0,0.0,0.0,0.018,0.018,0.0,0.0,Rico,Lewis,2004-11-21,21.82,43.0,82.0,Defender,Full Back,d0azo0spzov2hg6ul40l58e3u,a3nyxabgsqlnqfkeg41m6tnpp,Manchester City FC,Manchester City,Man City,MCI,477064.0,57.0,1.0,26.0,24.0,92.31,10.0,9.0,90.0,2.0,0.0,0.0,0.0,0.0,0.0,Rico,Lewis,2004-11-21,21.82,43.0,82.0,Defender,Full Back,d0azo0spzov2hg6ul40l58e3u,a3nyxabgsqlnqfkeg41m6tnpp,Manchester City FC,Manchester City,Man City,MCI,477064,d0azo0spzov2hg6ul40l58e3u,43,a3nyxabgsqlnqfkeg41m6tnpp
Rio Ngumoha,611922.0,2.0,82.0,0.0,0.04,-0.04,1.0,0.0,0.0,0.04,Rio,Ngumoha,2008-08-29,18.05,14.0,73.0,Forward,Winger,154gonr6x9vuraxmzd9zi5xck,c8h9bw1l82s06h77xxrelzhur,Liverpool FC,Liverpool,Liverpool,LIV,19.0,171.374,7.0,20.055,0.0,0.0,0.0,0.0,9.02,2.865,1.0,0.0,2.0,0.0,0.0,9.0,4.0,44.444,1.0,0.0,0.0,,,,,,,,,,611922.0,82.0,2.0,0.0,0.0,0.0,0.0,0.048,0.048,0.0,0.0,Rio,Ngumoha,2008-08-29,18.05,14.0,73.0,Forward,Winger,154gonr6x9vuraxmzd9zi5xck,c8h9bw1l82s06h77xxrelzhur,Liverpool FC,Liverpool,Liverpool,LIV,611922.0,82.0,2.0,22.0,18.0,81.82,13.0,10.0,76.92,5.0,1.0,20.0,0.0,0.0,0.0,Rio,Ngumoha,2008-08-29,18.05,14.0,73.0,Forward,Winger,154gonr6x9vuraxmzd9zi5xck,c8h9bw1l82s06h77xxrelzhur,Liverpool FC,Liverpool,Liverpool,LIV,611922,154gonr6x9vuraxmzd9zi5xck,14,c8h9bw1l82s06h77xxrelzhur
Robert Sánchez,,,,,,,,,,,,,,,,,,,,,,,,,,,,,,,,,,,,,,,,,,,,,,270.0,33.0,0.0,2.0,4.0,66.67,-0.83,0.5,1.17,,,,,,,,,,,,,,,,,,,,,,,,,,,,,,,,,,,,,,,,,,,,,,,,,,,,,,,215059,d9yxninyn4bac8f0ufxsnlqll,8,9q0arba2kbnywth8bkxlhgmdr
Robin Roefs,,,,,,,,,,,,,,,,,,,,,,,,,,,,,,,,,,,,,,,,,,,,,,270.0,100.0,0.0,3.0,2.0,40.0,-0.3,0.67,2.7,,,,,,,,,,,,,,,,,,,,,,,,,,,,,,,,,,,,,,,,,,,,,,,,,,,,,,,498016,6h0fuh0aamz86pf25qebm0fvu,56,1r3545b2dzan8yqa80gtmcjch
Robinio Vaz,631000.0,0.0,0.0,0.0,0.0,0.0,0.0,0.0,0.0,0.0,Robinio,Vaz,2007-02-17,19.58,88.0,47.0,Forward,Striker,631000,f0figafm2v9h8ofo6slajj7xf,Hull City AFC,Hull City,Hull,HUL,0.0,0.0,0.0,0.0,0.0,0.0,0.0,0.0,0.0,0.0,0.0,0.0,0.0,0.0,0.0,0.0,0.0,0.0,0.0,0.0,0.0,,,,,,,,,,631000.0,0.0,0.0,0.0,0.0,0.0,0.0,0.0,0.0,0.0,0.0,Robinio,Vaz,2007-02-17,19.58,88.0,47.0,Forward,Striker,631000,f0figafm2v9h8ofo6slajj7xf,Hull City AFC,Hull City,Hull,HUL,631000.0,0.0,0.0,0.0,0.0,0.0,0.0,0.0,0.0,0.0,0.0,0.0,0.0,0.0,0.0,Robinio,Vaz,2007-02-17,19.58,88.0,47.0,Forward,Striker,631000,f0figafm2v9h8ofo6slajj7xf,Hull City AFC,Hull City,Hull,HUL,631000,631000,88,f0figafm2v9h8ofo6slajj7xf
Rodrigo Bentancur,202993.0,3.0,225.0,0.0,0.02,-0.02,1.0,0.0,0.0,0.02,Rodrigo,Bentancur,1997-06-25,29.23,6.0,30.0,Midfielder,Central Midfielder,3wp8fuk07m1ph1fpmbqe7tf55,22doj4sgsocqpxw45h607udje,Tottenham Hotspur FC,Tottenham Hotspur,Spurs,TOT,31.0,320.79,11.0,86.94,0.0,0.0,0.0,0.0,10.348,7.904,6.0,3.0,13.0,1.0,10.0,21.0,7.0,33.333,17.0,7.0,41.176,,,,,,,,,,202993.0,225.0,3.0,1.0,1.0,0.82,0.0,0.043,0.042,0.0,0.0,Rodrigo,Bentancur,1997-06-25,29.23,6.0,30.0,Midfielder,Central Midfielder,3wp8fuk07m1ph1fpmbqe7tf55,22doj4sgsocqpxw45h607udje,Tottenham Hotspur FC,Tottenham Hotspur,Spurs,TOT,202993.0,225.0,3.0,124.0,111.0,89.52,22.0,18.0,81.82,1.0,1.0,100.0,0.0,0.0,0.0,Rodrigo,Bentancur,1997-06-25,29.23,6.0,30.0,Midfielder,Central Midfielder,3wp8fuk07m1ph1fpmbqe7tf55,22doj4sgsocqpxw45h607udje,Tottenham Hotspur FC,Tottenham Hotspur,Spurs,TOT,202993,3wp8fuk07m1ph1fpmbqe7tf55,6,22doj4sgsocqpxw45h607udje
Rodrigo Muniz,244042.0,2.0,15.0,0.0,0.4,-0.4,3.0,2.0,0.0,0.13,Rodrigo,Muniz Carvalho,2001-05-04,25.37,54.0,9.0,Forward,Striker,9wqqm1lr6y75yl27asdcygf3e,hzqh7z0mdl3v7gwete66syxp,Fulham FC,Fulham,Fulham,FUL,0.0,0.0,0.0,0.0,0.0,0.0,0.0,0.0,0.0,0.0,0.0,0.0,0.0,0.0,1.0,1.0,0.0,0.0,7.0,5.0,71.429,,,,,,,,,,244042.0,15.0,2.0,2.0,2.0,33.33,0.0,0.002,0.002,0.0,0.0,Rodrigo,Muniz Carvalho,2001-05-04,25.37,54.0,9.0,Forward,Striker,9wqqm1lr6y75yl27asdcygf3e,hzqh7z0mdl3v7gwete66syxp,Fulham FC,Fulham,Fulham,FUL,244042.0,15.0,2.0,6.0,3.0,50.0,4.0,2.0,50.0,0.0,0.0,0.0,0.0,0.0,0.0,Rodrigo,Muniz Carvalho,2001-05-04,25.37,54.0,9.0,Forward,Striker,9wqqm1lr6y75yl27asdcygf3e,hzqh7z0mdl3v7gwete66syxp,Fulham FC,Fulham,Fulham,FUL,244042,9wqqm1lr6y75yl27asdcygf3e,54,hzqh7z0mdl3v7gwete66syxp
Romaine Mundle,461199.0,1.0,1.0,0.0,0.17,-0.17,1.0,1.0,0.0,0.17,Romaine,Mundle,2003-04-24,23.4,56.0,14.0,Forward,Winger,7jpzrq4bpes3uc1pkh56sc0oa,1r3545b2dzan8yqa80gtmcjch,Sunderland AFC,Sunderland,Sunderland,SUN,2.0,20.271,1.0,2.73,0.0,0.0,0.0,0.0,10.136,2.73,0.0,0.0,0.0,1.0,0.0,1.0,0.0,0.0,0.0,0.0,0.0,,,,,,,,,,461199.0,1.0,1.0,0.0,0.0,0.0,0.0,0.0,0.0,0.0,0.0,Romaine,Mundle,2003-04-24,23.4,56.0,14.0,Forward,Winger,7jpzrq4bpes3uc1pkh56sc0oa,1r3545b2dzan8yqa80gtmcjch,Sunderland AFC,Sunderland,Sunderland,SUN,461199.0,1.0,1.0,3.0,2.0,66.67,0.0,0.0,0.0,0.0,0.0,0.0,0.0,0.0,0.0,Romaine,Mundle,2003-04-24,23.4,56.0,14.0,Forward,Winger,7jpzrq4bpes3uc1pkh56sc0oa,1r3545b2dzan8yqa80gtmcjch,Sunderland AFC,Sunderland,Sunderland,SUN,461199,7jpzrq4bpes3uc1pkh56sc0oa,56,1r3545b2dzan8yqa80gtmcjch
Roméo Lavia,514356.0,3.0,193.0,1.0,0.75,0.25,2.0,2.0,50.0,0.37,Roméo,Lavia,2004-01-06,22.7,8.0,45.0,Midfielder,Defensive Midfielder,dgjl6ks0r7lbh09fe8cuwj7ro,9q0arba2kbnywth8bkxlhgmdr,Chelsea FC,Chelsea,Chelsea,CHE,18.0,188.08,6.0,63.735,0.0,0.0,0.0,0.0,10.449,10.622,5.0,3.0,10.0,0.0,4.0,13.0,10.0,76.923,2.0,1.0,50.0,,,,,,,,,,514356.0,193.0,3.0,2.0,2.0,3.03,0.0,0.042,0.042,0.0,0.0,Roméo,Lavia,2004-01-06,22.7,8.0,45.0,Midfielder,Defensive Midfielder,dgjl6ks0r7lbh09fe8cuwj7ro,9q0arba2kbnywth8bkxlhgmdr,Chelsea FC,Chelsea,Chelsea,CHE,514356.0,193.0,3.0,67.0,62.0,92.54,12.0,10.0,83.33,0.0,0.0,0.0,0.0,0.0,0.0,Roméo,Lavia,2004-01-06,22.7,8.0,45.0,Midfielder,Defensive Midfielder,dgjl6ks0r7lbh09fe8cuwj7ro,9q0arba2kbnywth8bkxlhgmdr,Chelsea FC,Chelsea,Chelsea,CHE,514356,dgjl6ks0r7lbh09fe8cuwj7ro,8,9q0arba2kbnywth8bkxlhgmdr
Ronald Araujo,445087.0,3.0,123.0,0.0,0.0,0.0,0.0,0.0,0.0,0.0,Ronald,Araujo,1999-03-07,27.53,14.0,33.0,Defender,Central Defender,awsod0zmnrukk21d4882ji7e1,c8h9bw1l82s06h77xxrelzhur,Liverpool FC,Liverpool,Liverpool,LIV,22.0,228.327,17.0,146.895,0.0,0.0,0.0,0.0,10.378,8.641,2.0,0.0,4.0,2.0,11.0,8.0,4.0,50.0,11.0,9.0,81.818,,,,,,,,,,445087.0,123.0,3.0,0.0,0.0,0.0,0.0,0.054,0.025,0.0,0.0,Ronald,Araujo,1999-03-07,27.53,14.0,33.0,Defender,Central Defender,awsod0zmnrukk21d4882ji7e1,c8h9bw1l82s06h77xxrelzhur,Liverpool FC,Liverpool,Liverpool,LIV,445087.0,123.0,3.0,91.0,81.0,89.01,22.0,16.0,72.73,2.0,0.0,0.0,0.0,0.0,0.0,Ronald,Araujo,1999-03-07,27.53,14.0,33.0,Defender,Central Defender,awsod0zmnrukk21d4882ji7e1,c8h9bw1l82s06h77xxrelzhur,Liverpool FC,Liverpool,Liverpool,LIV,445087,awsod0zmnrukk21d4882ji7e1,14,c8h9bw1l82s06h77xxrelzhur
Ross Barkley,88894.0,3.0,242.0,0.0,0.35,-0.35,6.0,0.0,0.0,0.06,Ross,Barkley,1993-12-05,32.79,7.0,6.0,Midfielder,Central Midfielder,dxeju5zcb6j8etdgwq0kweor9,b496gs285it6bheuikox6z9mj,Aston Villa FC,Aston Villa,Villa,AVL,53.0,591.233,24.0,216.195,1.0,0.0,3.0,0.0,11.155,9.008,3.0,0.0,10.0,1.0,3.0,19.0,10.0,52.632,10.0,3.0,30.0,,,,,,,,,,88894.0,242.0,3.0,6.0,6.0,3.75,0.0,0.131,0.121,0.0,0.0,Ross,Barkley,1993-12-05,32.79,7.0,6.0,Midfielder,Central Midfielder,dxeju5zcb6j8etdgwq0kweor9,b496gs285it6bheuikox6z9mj,Aston Villa FC,Aston Villa,Villa,AVL,88894.0,242.0,3.0,165.0,148.0,89.7,49.0,42.0,85.71,0.0,0.0,0.0,1.0,0.0,0.0,Ross,Barkley,1993-12-05,32.79,7.0,6.0,Midfielder,Central Midfielder,dxeju5zcb6j8etdgwq0kweor9,b496gs285it6bheuikox6z9mj,Aston Villa FC,Aston Villa,Villa,AVL,88894,dxeju5zcb6j8etdgwq0kweor9,7,b496gs285it6bheuikox6z9mj
Ryan Christie,158499.0,2.0,4.0,0.0,0.0,0.0,0.0,0.0,0.0,0.0,Ryan,Christie,1995-02-22,31.57,91.0,10.0,Midfielder,Attacking Midfielder,cr4c6htcw2jewsvboj6s8p045,1pse9ta7a45pi2w2grjim70ge,AFC Bournemouth,Bournemouth,Bournemouth,BOU,0.0,0.0,0.0,0.0,0.0,0.0,0.0,0.0,0.0,0.0,1.0,0.0,1.0,0.0,0.0,1.0,1.0,100.0,1.0,1.0,100.0,,,,,,,,,,158499.0,4.0,2.0,0.0,0.0,0.0,0.0,0.002,0.002,0.0,0.0,Ryan,Christie,1995-02-22,31.57,91.0,10.0,Midfielder,Attacking Midfielder,cr4c6htcw2jewsvboj6s8p045,1pse9ta7a45pi2w2grjim70ge,AFC Bournemouth,Bournemouth,Bournemouth,BOU,158499.0,4.0,2.0,7.0,5.0,71.43,3.0,2.0,66.67,0.0,0.0,0.0,0.0,0.0,0.0,Ryan,Christie,1995-02-22,31.57,91.0,10.0,Midfielder,Attacking Midfielder,cr4c6htcw2jewsvboj6s8p045,1pse9ta7a45pi2w2grjim70ge,AFC Bournemouth,Bournemouth,Bournemouth,BOU,158499,cr4c6htcw2jewsvboj6s8p045,91,1pse9ta7a45pi2w2grjim70ge
Ryan Giles,232351.0,3.0,265.0,0.0,0.02,-0.02,1.0,0.0,0.0,0.02,Ryan,Giles,2000-01-26,26.64,88.0,3.0,Defender,Full Back,atvrysizvvwtt7fytcuhyt49,f0figafm2v9h8ofo6slajj7xf,Hull City AFC,Hull City,Hull,HUL,31.0,442.018,24.0,354.9,1.0,0.0,2.0,0.0,14.259,14.788,3.0,2.0,10.0,0.0,7.0,6.0,5.0,83.333,5.0,3.0,60.0,,,,,,,,,,232351.0,265.0,3.0,4.0,4.0,7.27,0.0,0.19,0.186,0.0,0.0,Ryan,Giles,2000-01-26,26.64,88.0,3.0,Defender,Full Back,atvrysizvvwtt7fytcuhyt49,f0figafm2v9h8ofo6slajj7xf,Hull City AFC,Hull City,Hull,HUL,232351.0,265.0,3.0,55.0,44.0,80.0,18.0,13.0,72.22,21.0,4.0,19.05,0.0,0.0,0.0,Ryan,Giles,2000-01-26,26.64,88.0,3.0,Defender,Full Back,atvrysizvvwtt7fytcuhyt49,f0figafm2v9h8ofo6slajj7xf,Hull City AFC,Hull City,Hull,HUL,232351,atvrysizvvwtt7fytcuhyt49,88,f0figafm2v9h8ofo6slajj7xf
Ryan Gravenberch,441266.0,3.0,123.0,0.0,0.06,-0.06,2.0,0.0,0.0,0.03,Ryan,Gravenberch,2002-05-16,24.34,14.0,38.0,Midfielder,Central Midfielder,5ga7g20wsa7oqjbh4ijoeknl6,c8h9bw1l82s06h77xxrelzhur,Liverpool FC,Liverpool,Liverpool,LIV,20.0,211.922,11.0,104.16,1.0,0.0,1.0,0.0,10.596,9.469,2.0,2.0,9.0,0.0,1.0,15.0,6.0,40.0,1.0,1.0,100.0,,,,,,,,,,441266.0,123.0,3.0,2.0,2.0,1.43,0.0,0.062,0.062,1.0,1.0,Ryan,Gravenberch,2002-05-16,24.34,14.0,38.0,Midfielder,Central Midfielder,5ga7g20wsa7oqjbh4ijoeknl6,c8h9bw1l82s06h77xxrelzhur,Liverpool FC,Liverpool,Liverpool,LIV,441266.0,123.0,3.0,70.0,65.0,92.86,19.0,16.0,84.21,0.0,0.0,0.0,0.0,0.0,0.0,Ryan,Gravenberch,2002-05-16,24.34,14.0,38.0,Midfielder,Central Midfielder,5ga7g20wsa7oqjbh4ijoeknl6,c8h9bw1l82s06h77xxrelzhur,Liverpool FC,Liverpool,Liverpool,LIV,441266,5ga7g20wsa7oqjbh4ijoeknl6,14,c8h9bw1l82s06h77xxrelzhur
Ryan McAidoo,616288.0,2.0,11.0,0.0,0.1,-0.1,1.0,0.0,0.0,0.1,Ryan,McAidoo,2008-06-24,18.23,43.0,56.0,Forward,Winger,aqvs12aqh0uczvrdi9cn02v4k,a3nyxabgsqlnqfkeg41m6tnpp,Manchester City FC,Manchester City,Man City,MCI,5.0,66.316,4.0,60.27,0.0,0.0,0.0,0.0,13.263,15.068,2.0,0.0,2.0,0.0,0.0,6.0,5.0,83.333,0.0,0.0,0.0,,,,,,,,,,616288.0,11.0,2.0,0.0,0.0,0.0,0.0,0.001,0.001,0.0,0.0,Ryan,McAidoo,2008-06-24,18.23,43.0,56.0,Forward,Winger,aqvs12aqh0uczvrdi9cn02v4k,a3nyxabgsqlnqfkeg41m6tnpp,Manchester City FC,Manchester City,Man City,MCI,616288.0,11.0,2.0,7.0,4.0,57.14,2.0,1.0,50.0,1.0,0.0,0.0,0.0,0.0,0.0,Ryan,McAidoo,2008-06-24,18.23,43.0,56.0,Forward,Winger,aqvs12aqh0uczvrdi9cn02v4k,a3nyxabgsqlnqfkeg41m6tnpp,Manchester City FC,Manchester City,Man City,MCI,616288,aqvs12aqh0uczvrdi9cn02v4k,43,a3nyxabgsqlnqfkeg41m6tnpp
Ryan Sessegnon,184349.0,3.0,50.0,0.0,0.13,-0.13,3.0,1.0,0.0,0.04,Ryan,Sessegnon,2000-05-18,26.33,54.0,30.0,Midfielder,Winger,cag3gzjcv8erx3zpp2lidzcvd,hzqh7z0mdl3v7gwete66syxp,Fulham FC,Fulham,Fulham,FUL,18.0,160.23,10.0,76.965,1.0,0.0,1.0,0.0,8.902,7.696,1.0,2.0,3.0,0.0,0.0,11.0,5.0,45.455,2.0,1.0,50.0,,,,,,,,,,184349.0,50.0,3.0,1.0,1.0,2.56,0.0,0.447,0.446,0.0,0.0,Ryan,Sessegnon,2000-05-18,26.33,54.0,30.0,Midfielder,Winger,cag3gzjcv8erx3zpp2lidzcvd,hzqh7z0mdl3v7gwete66syxp,Fulham FC,Fulham,Fulham,FUL,184349.0,50.0,3.0,40.0,31.0,77.5,17.0,14.0,82.35,6.0,2.0,33.33,1.0,1.0,100.0,Ryan,Sessegnon,2000-05-18,26.33,54.0,30.0,Midfielder,Winger,cag3gzjcv8erx3zpp2lidzcvd,hzqh7z0mdl3v7gwete66syxp,Fulham FC,Fulham,Fulham,FUL,184349,cag3gzjcv8erx3zpp2lidzcvd,54,hzqh7z0mdl3v7gwete66syxp
Ryan Yates,204968.0,0.0,0.0,0.0,0.0,0.0,0.0,0.0,0.0,0.0,Ryan,Yates,1997-11-21,28.82,17.0,22.0,Midfielder,Attacking Midfielder,204968,1qtaiy11gswx327s0vkibf70n,Nottingham Forest FC,Nottingham Forest,Forest,NFO,0.0,0.0,0.0,0.0,0.0,0.0,0.0,0.0,0.0,0.0,0.0,0.0,0.0,0.0,0.0,0.0,0.0,0.0,0.0,0.0,0.0,,,,,,,,,,204968.0,0.0,0.0,0.0,0.0,0.0,0.0,0.0,0.0,0.0,0.0,Ryan,Yates,1997-11-21,28.82,17.0,22.0,Midfielder,Attacking Midfielder,204968,1qtaiy11gswx327s0vkibf70n,Nottingham Forest FC,Nottingham Forest,Forest,NFO,204968.0,0.0,0.0,0.0,0.0,0.0,0.0,0.0,0.0,0.0,0.0,0.0,0.0,0.0,0.0,Ryan,Yates,1997-11-21,28.82,17.0,22.0,Midfielder,Attacking Midfielder,204968,1qtaiy11gswx327s0vkibf70n,Nottingham Forest FC,Nottingham Forest,Forest,NFO,204968,204968,17,1qtaiy11gswx327s0vkibf70n
Rúben Dias,171314.0,3.0,270.0,0.0,0.09,-0.09,1.0,1.0,0.0,0.09,Rúben,dos Santos Gato Alves Dias,1997-05-14,29.35,43.0,3.0,Defender,Central Defender,2t5s4f41jefzuzth0bhcixtcl,a3nyxabgsqlnqfkeg41m6tnpp,Manchester City FC,Manchester City,Man City,MCI,118.0,1100.463,79.0,759.465,0.0,0.0,1.0,0.0,9.326,9.613,1.0,1.0,14.0,0.0,13.0,6.0,4.0,66.667,12.0,10.0,83.333,,,,,,,,,,171314.0,270.0,3.0,3.0,3.0,0.87,0.0,0.736,0.736,0.0,0.0,Rúben,dos Santos Gato Alves Dias,1997-05-14,29.35,43.0,3.0,Defender,Central Defender,2t5s4f41jefzuzth0bhcixtcl,a3nyxabgsqlnqfkeg41m6tnpp,Manchester City FC,Manchester City,Man City,MCI,171314.0,270.0,3.0,359.0,335.0,93.31,44.0,33.0,75.0,0.0,0.0,0.0,2.0,0.0,0.0,Rúben,dos Santos Gato Alves Dias,1997-05-14,29.35,43.0,3.0,Defender,Central Defender,2t5s4f41jefzuzth0bhcixtcl,a3nyxabgsqlnqfkeg41m6tnpp,Manchester City FC,Manchester City,Man City,MCI,171314,2t5s4f41jefzuzth0bhcixtcl,43,a3nyxabgsqlnqfkeg41m6tnpp
Sander Berge,207189.0,3.0,185.0,0.0,0.03,-0.03,1.0,0.0,0.0,0.03,Sander,Berge,1998-02-14,28.59,54.0,16.0,Midfielder,Central Midfielder,6k66e9gxbu8s7zoxb7mrtwcmh,hzqh7z0mdl3v7gwete66syxp,Fulham FC,Fulham,Fulham,FUL,43.0,406.05,18.0,140.91,0.0,0.0,2.0,0.0,9.443,7.828,1.0,0.0,6.0,1.0,0.0,7.0,1.0,14.286,4.0,1.0,25.0,,,,,,,,,,207189.0,185.0,3.0,4.0,4.0,2.68,0.0,0.325,0.325,0.0,0.0,Sander,Berge,1998-02-14,28.59,54.0,16.0,Midfielder,Central Midfielder,6k66e9gxbu8s7zoxb7mrtwcmh,hzqh7z0mdl3v7gwete66syxp,Fulham FC,Fulham,Fulham,FUL,207189.0,185.0,3.0,151.0,142.0,94.04,29.0,24.0,82.76,1.0,0.0,0.0,1.0,1.0,100.0,Sander,Berge,1998-02-14,28.59,54.0,16.0,Midfielder,Central Midfielder,6k66e9gxbu8s7zoxb7mrtwcmh,hzqh7z0mdl3v7gwete66syxp,Fulham FC,Fulham,Fulham,FUL,207189,6k66e9gxbu8s7zoxb7mrtwcmh,54,hzqh7z0mdl3v7gwete66syxp
Sandro Tonali,432422.0,3.0,255.0,0.0,0.09,-0.09,3.0,1.0,0.0,0.03,Sandro,Tonali,2000-05-08,26.36,6.0,16.0,Midfielder,Defensive Midfielder,9sxg58hszjq17avxgumftdu22,22doj4sgsocqpxw45h607udje,Tottenham Hotspur FC,Tottenham Hotspur,Spurs,TOT,39.0,409.268,16.0,209.895,1.0,0.0,1.0,0.0,10.494,13.118,5.0,2.0,10.0,1.0,1.0,18.0,10.0,55.556,1.0,1.0,100.0,,,,,,,,,,432422.0,255.0,3.0,2.0,2.0,1.49,0.0,0.088,0.088,0.0,0.0,Sandro,Tonali,2000-05-08,26.36,6.0,16.0,Midfielder,Defensive Midfielder,9sxg58hszjq17avxgumftdu22,22doj4sgsocqpxw45h607udje,Tottenham Hotspur FC,Tottenham Hotspur,Spurs,TOT,432422.0,255.0,3.0,140.0,120.0,85.71,42.0,31.0,73.81,2.0,0.0,0.0,3.0,0.0,0.0,Sandro,Tonali,2000-05-08,26.36,6.0,16.0,Midfielder,Defensive Midfielder,9sxg58hszjq17avxgumftdu22,22doj4sgsocqpxw45h607udje,Tottenham Hotspur FC,Tottenham Hotspur,Spurs,TOT,432422,9sxg58hszjq17avxgumftdu22,6,22doj4sgsocqpxw45h607udje
Sasa Lukic,212314.0,3.0,253.0,0.0,0.02,-0.02,1.0,0.0,0.0,0.02,Sasa,Lukic,1996-08-13,30.1,40.0,23.0,Midfielder,Central Midfielder,cdrzpuj49ploquvdolgh5c3bp,8b523ujgl21tbc01me65q0aoh,Ipswich Town FC,Ipswich Town,Ipswich,IPS,31.0,426.381,16.0,200.76,1.0,0.0,0.0,0.0,13.754,12.548,5.0,3.0,6.0,1.0,6.0,18.0,6.0,33.333,4.0,1.0,25.0,,,,,,,,,,212314.0,253.0,3.0,3.0,3.0,1.42,0.0,0.055,0.053,1.0,1.0,Sasa,Lukic,1996-08-13,30.1,40.0,23.0,Midfielder,Central Midfielder,cdrzpuj49ploquvdolgh5c3bp,8b523ujgl21tbc01me65q0aoh,Ipswich Town FC,Ipswich Town,Ipswich,IPS,212314.0,253.0,3.0,150.0,133.0,88.67,39.0,27.0,69.23,0.0,0.0,0.0,0.0,0.0,0.0,Sasa,Lukic,1996-08-13,30.1,40.0,23.0,Midfielder,Central Midfielder,cdrzpuj49ploquvdolgh5c3bp,8b523ujgl21tbc01me65q0aoh,Ipswich Town FC,Ipswich Town,Ipswich,IPS,212314,cdrzpuj49ploquvdolgh5c3bp,40,8b523ujgl21tbc01me65q0aoh
Sean Longstaff,180135.0,1.0,8.0,0.0,0.0,0.0,0.0,0.0,0.0,0.0,Sean,Longstaff,1997-10-30,28.88,2.0,8.0,Midfielder,Central Midfielder,9pv566tidfz21e00y4t0mbap5,48gk2hpqtsl6p9sx9kjhaydq4,Leeds United FC,Leeds United,Leeds,LEE,0.0,0.0,0.0,0.0,0.0,0.0,0.0,0.0,0.0,0.0,0.0,0.0,0.0,0.0,0.0,0.0,0.0,0.0,0.0,0.0,0.0,,,,,,,,,,180135.0,8.0,1.0,0.0,0.0,0.0,0.0,0.0,0.0,0.0,0.0,Sean,Longstaff,1997-10-30,28.88,2.0,8.0,Midfielder,Central Midfielder,9pv566tidfz21e00y4t0mbap5,48gk2hpqtsl6p9sx9kjhaydq4,Leeds United FC,Leeds United,Leeds,LEE,180135.0,8.0,1.0,2.0,2.0,100.0,0.0,0.0,0.0,0.0,0.0,0.0,0.0,0.0,0.0,Sean,Longstaff,1997-10-30,28.88,2.0,8.0,Midfielder,Central Midfielder,9pv566tidfz21e00y4t0mbap5,48gk2hpqtsl6p9sx9kjhaydq4,Leeds United FC,Leeds United,Leeds,LEE,180135,9pv566tidfz21e00y4t0mbap5,2,48gk2hpqtsl6p9sx9kjhaydq4
Sean Steur,636852.0,3.0,88.0,0.0,0.0,0.0,0.0,0.0,0.0,0.0,Sean,Steur,2008-01-11,18.68,4.0,14.0,Midfielder,0,56nbghr9snc79dt8h99wleej8,7vn2i2kd35zuetw6b38gw9jsz,Newcastle United FC,Newcastle United,Newcastle,NEW,15.0,156.885,6.0,79.8,0.0,0.0,0.0,0.0,10.459,13.3,0.0,0.0,3.0,0.0,4.0,2.0,0.0,0.0,0.0,0.0,0.0,,,,,,,,,,636852.0,88.0,3.0,0.0,0.0,0.0,0.0,0.004,0.004,0.0,0.0,Sean,Steur,2008-01-11,18.68,4.0,14.0,Midfielder,0,56nbghr9snc79dt8h99wleej8,7vn2i2kd35zuetw6b38gw9jsz,Newcastle United FC,Newcastle United,Newcastle,NEW,636852.0,88.0,3.0,49.0,40.0,81.63,5.0,2.0,40.0,0.0,0.0,0.0,0.0,0.0,0.0,Sean,Steur,2008-01-11,18.68,4.0,14.0,Midfielder,0,56nbghr9snc79dt8h99wleej8,7vn2i2kd35zuetw6b38gw9jsz,Newcastle United FC,Newcastle United,Newcastle,NEW,636852,56nbghr9snc79dt8h99wleej8,4,7vn2i2kd35zuetw6b38gw9jsz
Semi Ajayi,146426.0,3.0,244.0,1.0,0.52,0.48,1.0,1.0,100.0,0.52,Semi,Ajayi,1993-11-09,32.86,88.0,6.0,Defender,Central Defender,c3i64j5vlukz2wlm16tk7ek7p,f0figafm2v9h8ofo6slajj7xf,Hull City AFC,Hull City,Hull,HUL,20.0,184.215,10.0,125.58,0.0,0.0,0.0,0.0,9.211,12.558,3.0,3.0,9.0,0.0,14.0,9.0,6.0,66.667,7.0,4.0,57.143,,,,,,,,,,146426.0,244.0,3.0,0.0,0.0,0.0,0.0,0.009,0.009,0.0,0.0,Semi,Ajayi,1993-11-09,32.86,88.0,6.0,Defender,Central Defender,c3i64j5vlukz2wlm16tk7ek7p,f0figafm2v9h8ofo6slajj7xf,Hull City AFC,Hull City,Hull,HUL,146426.0,244.0,3.0,65.0,56.0,86.15,13.0,8.0,61.54,2.0,0.0,0.0,0.0,0.0,0.0,Semi,Ajayi,1993-11-09,32.86,88.0,6.0,Defender,Central Defender,c3i64j5vlukz2wlm16tk7ek7p,f0figafm2v9h8ofo6slajj7xf,Hull City AFC,Hull City,Hull,HUL,146426,c3i64j5vlukz2wlm16tk7ek7p,88,f0figafm2v9h8ofo6slajj7xf
Senne Lammens,,,,,,,,,,,,,,,,,,,,,,,,,,,,,,,,,,,,,,,,,,,,,,270.0,100.0,0.0,6.0,9.0,60.0,-0.49,0.83,5.51,,,,,,,,,,,,,,,,,,,,,,,,,,,,,,,,,,,,,,,,,,,,,,,,,,,,,,,465247,398isvyux7zpjiwa2hzsxyc16,1,6eqit8ye8aomdsrrq0hk3v7gh
Shea Charles,463210.0,3.0,124.0,0.0,0.09,-0.09,2.0,0.0,0.0,0.05,Shea,Charles,2003-11-05,22.87,54.0,19.0,Midfielder,Defensive Midfielder,adjp65lxg00oauk1a9r024qqy,hzqh7z0mdl3v7gwete66syxp,Fulham FC,Fulham,Fulham,FUL,24.0,311.575,13.0,208.215,0.0,0.0,0.0,0.0,12.982,16.017,1.0,4.0,11.0,0.0,0.0,4.0,2.0,50.0,4.0,1.0,25.0,,,,,,,,,,463210.0,124.0,3.0,3.0,3.0,2.94,0.0,0.126,0.126,0.0,0.0,Shea,Charles,2003-11-05,22.87,54.0,19.0,Midfielder,Defensive Midfielder,adjp65lxg00oauk1a9r024qqy,hzqh7z0mdl3v7gwete66syxp,Fulham FC,Fulham,Fulham,FUL,463210.0,124.0,3.0,104.0,96.0,92.31,25.0,23.0,92.0,1.0,0.0,0.0,0.0,0.0,0.0,Shea,Charles,2003-11-05,22.87,54.0,19.0,Midfielder,Defensive Midfielder,adjp65lxg00oauk1a9r024qqy,hzqh7z0mdl3v7gwete66syxp,Fulham FC,Fulham,Fulham,FUL,463210,adjp65lxg00oauk1a9r024qqy,54,hzqh7z0mdl3v7gwete66syxp
Shea Lacey,576628.0,1.0,10.0,0.0,0.0,0.0,0.0,0.0,0.0,0.0,Shea,Lacey,2007-04-14,19.42,1.0,31.0,Forward,Winger,759tgxt9xusnioh2clkiau4us,6eqit8ye8aomdsrrq0hk3v7gh,Manchester United FC,Manchester United,Man Utd,MUN,1.0,19.873,1.0,5.46,0.0,0.0,0.0,0.0,19.873,5.46,0.0,0.0,1.0,0.0,0.0,0.0,0.0,0.0,0.0,0.0,0.0,,,,,,,,,,576628.0,10.0,1.0,0.0,0.0,0.0,0.0,0.003,0.003,0.0,0.0,Shea,Lacey,2007-04-14,19.42,1.0,31.0,Forward,Winger,759tgxt9xusnioh2clkiau4us,6eqit8ye8aomdsrrq0hk3v7gh,Manchester United FC,Manchester United,Man Utd,MUN,576628.0,10.0,1.0,5.0,4.0,80.0,3.0,2.0,66.67,1.0,0.0,0.0,0.0,0.0,0.0,Shea,Lacey,2007-04-14,19.42,1.0,31.0,Forward,Winger,759tgxt9xusnioh2clkiau4us,6eqit8ye8aomdsrrq0hk3v7gh,Manchester United FC,Manchester United,Man Utd,MUN,576628,759tgxt9xusnioh2clkiau4us,1,6eqit8ye8aomdsrrq0hk3v7gh
Sindre Egeli,557012.0,1.0,10.0,0.0,0.0,0.0,0.0,0.0,0.0,0.0,Sindre,Egeli,2006-06-21,20.24,40.0,8.0,Forward,Winger,7a1vtc0e7ubua2t0dwx9ufk7o,8b523ujgl21tbc01me65q0aoh,Ipswich Town FC,Ipswich Town,Ipswich,IPS,0.0,0.0,0.0,0.0,0.0,0.0,0.0,0.0,0.0,0.0,0.0,0.0,0.0,0.0,0.0,2.0,1.0,50.0,0.0,0.0,0.0,,,,,,,,,,557012.0,10.0,1.0,0.0,0.0,0.0,0.0,0.0,0.0,0.0,0.0,Sindre,Egeli,2006-06-21,20.24,40.0,8.0,Forward,Winger,7a1vtc0e7ubua2t0dwx9ufk7o,8b523ujgl21tbc01me65q0aoh,Ipswich Town FC,Ipswich Town,Ipswich,IPS,557012.0,10.0,1.0,1.0,1.0,100.0,0.0,0.0,0.0,0.0,0.0,0.0,0.0,0.0,0.0,Sindre,Egeli,2006-06-21,20.24,40.0,8.0,Forward,Winger,7a1vtc0e7ubua2t0dwx9ufk7o,8b523ujgl21tbc01me65q0aoh,Ipswich Town FC,Ipswich Town,Ipswich,IPS,557012,7a1vtc0e7ubua2t0dwx9ufk7o,40,8b523ujgl21tbc01me65q0aoh
Sorba Thomas,243951.0,1.0,27.0,0.0,0.0,0.0,0.0,0.0,0.0,0.0,Sorba,Thomas,1999-01-25,27.65,88.0,7.0,Forward,Winger,68fb1zzxa7931hulvp37dlwix,f0figafm2v9h8ofo6slajj7xf,Hull City AFC,Hull City,Hull,HUL,7.0,76.921,4.0,42.42,0.0,0.0,0.0,0.0,10.989,10.605,0.0,0.0,1.0,0.0,0.0,3.0,1.0,33.333,0.0,0.0,0.0,,,,,,,,,,243951.0,27.0,1.0,1.0,0.0,0.0,100.0,0.044,0.021,0.0,0.0,Sorba,Thomas,1999-01-25,27.65,88.0,7.0,Forward,Winger,68fb1zzxa7931hulvp37dlwix,f0figafm2v9h8ofo6slajj7xf,Hull City AFC,Hull City,Hull,HUL,243951.0,27.0,1.0,7.0,6.0,85.71,3.0,3.0,100.0,2.0,0.0,0.0,0.0,0.0,0.0,Sorba,Thomas,1999-01-25,27.65,88.0,7.0,Forward,Winger,68fb1zzxa7931hulvp37dlwix,f0figafm2v9h8ofo6slajj7xf,Hull City AFC,Hull City,Hull,HUL,243951,68fb1zzxa7931hulvp37dlwix,88,f0figafm2v9h8ofo6slajj7xf
Sven Botman,220237.0,3.0,270.0,0.0,0.01,-0.01,1.0,0.0,0.0,0.01,Sven,Botman,2000-01-12,26.68,4.0,4.0,Defender,Central Defender,4jwkz8almo2997hvp09zl0p9l,7vn2i2kd35zuetw6b38gw9jsz,Newcastle United FC,Newcastle United,Newcastle,NEW,31.0,277.348,13.0,96.39,0.0,0.0,0.0,0.0,8.947,7.415,2.0,1.0,9.0,7.0,14.0,5.0,3.0,60.0,16.0,10.0,62.5,,,,,,,,,,220237.0,270.0,3.0,0.0,0.0,0.0,0.0,0.179,0.179,0.0,0.0,Sven,Botman,2000-01-12,26.68,4.0,4.0,Defender,Central Defender,4jwkz8almo2997hvp09zl0p9l,7vn2i2kd35zuetw6b38gw9jsz,Newcastle United FC,Newcastle United,Newcastle,NEW,220237.0,270.0,3.0,159.0,136.0,85.53,9.0,7.0,77.78,0.0,0.0,0.0,0.0,0.0,0.0,Sven,Botman,2000-01-12,26.68,4.0,4.0,Defender,Central Defender,4jwkz8almo2997hvp09zl0p9l,7vn2i2kd35zuetw6b38gw9jsz,Newcastle United FC,Newcastle United,Newcastle,NEW,220237,4jwkz8almo2997hvp09zl0p9l,4,7vn2i2kd35zuetw6b38gw9jsz
Sávio,510281.0,1.0,61.0,0.0,0.02,-0.02,1.0,0.0,0.0,0.02,Sávio,Moreira de Oliveira,2004-04-10,22.44,6.0,17.0,Forward,Winger,6nwn2522yescgrx57wkcxjhwq,22doj4sgsocqpxw45h607udje,Tottenham Hotspur FC,Tottenham Hotspur,Spurs,TOT,21.0,250.444,12.0,76.86,1.0,0.0,0.0,0.0,11.926,6.405,0.0,0.0,0.0,0.0,0.0,12.0,6.0,50.0,0.0,0.0,0.0,,,,,,,,,,510281.0,61.0,1.0,1.0,0.0,0.0,100.0,0.27,0.043,0.0,0.0,Sávio,Moreira de Oliveira,2004-04-10,22.44,6.0,17.0,Forward,Winger,6nwn2522yescgrx57wkcxjhwq,22doj4sgsocqpxw45h607udje,Tottenham Hotspur FC,Tottenham Hotspur,Spurs,TOT,510281.0,61.0,1.0,19.0,15.0,78.95,12.0,8.0,66.67,1.0,0.0,0.0,0.0,0.0,0.0,Sávio,Moreira de Oliveira,2004-04-10,22.44,6.0,17.0,Forward,Winger,6nwn2522yescgrx57wkcxjhwq,22doj4sgsocqpxw45h607udje,Tottenham Hotspur FC,Tottenham Hotspur,Spurs,TOT,510281,6nwn2522yescgrx57wkcxjhwq,6,22doj4sgsocqpxw45h607udje
Taiwo Awoniyi,210156.0,3.0,181.0,0.0,1.24,-1.24,5.0,2.0,0.0,0.25,Taiwo,Awoniyi,1997-08-12,29.1,9.0,14.0,Forward,Striker,55eiicx10oqok1601fqyovt1x,dacoc20k0n3fxu4zek8wufmko,Coventry City FC,Coventry City,Coventry,COV,18.0,194.671,8.0,76.23,1.0,0.0,1.0,0.0,10.815,9.529,0.0,1.0,6.0,0.0,2.0,10.0,5.0,50.0,9.0,2.0,22.222,,,,,,,,,,210156.0,181.0,3.0,3.0,3.0,10.34,0.0,0.033,0.033,0.0,0.0,Taiwo,Awoniyi,1997-08-12,29.1,9.0,14.0,Forward,Striker,55eiicx10oqok1601fqyovt1x,dacoc20k0n3fxu4zek8wufmko,Coventry City FC,Coventry City,Coventry,COV,210156.0,181.0,3.0,29.0,23.0,79.31,5.0,4.0,80.0,0.0,0.0,0.0,0.0,0.0,0.0,Taiwo,Awoniyi,1997-08-12,29.1,9.0,14.0,Forward,Striker,55eiicx10oqok1601fqyovt1x,dacoc20k0n3fxu4zek8wufmko,Coventry City FC,Coventry City,Coventry,COV,210156,55eiicx10oqok1601fqyovt1x,9,dacoc20k0n3fxu4zek8wufmko
Takehiro Tomiyasu,223723.0,2.0,92.0,0.0,0.0,0.0,0.0,0.0,0.0,0.0,Takehiro,Tomiyasu,1998-11-05,27.87,31.0,17.0,Defender,Central Defender,2922aevmtpw4qvcwohmxmqtbd,1c8m2ko0wxq1asfkuykurdr0y,Crystal Palace FC,Crystal Palace,Palace,CRY,17.0,190.299,12.0,108.255,0.0,0.0,0.0,0.0,11.194,9.021,1.0,4.0,4.0,0.0,4.0,3.0,2.0,66.667,5.0,1.0,20.0,,,,,,,,,,223723.0,92.0,2.0,0.0,0.0,0.0,0.0,0.011,0.011,0.0,0.0,Takehiro,Tomiyasu,1998-11-05,27.87,31.0,17.0,Defender,Central Defender,2922aevmtpw4qvcwohmxmqtbd,1c8m2ko0wxq1asfkuykurdr0y,Crystal Palace FC,Crystal Palace,Palace,CRY,223723.0,92.0,2.0,50.0,41.0,82.0,15.0,13.0,86.67,4.0,0.0,0.0,0.0,0.0,0.0,Takehiro,Tomiyasu,1998-11-05,27.87,31.0,17.0,Defender,Central Defender,2922aevmtpw4qvcwohmxmqtbd,1c8m2ko0wxq1asfkuykurdr0y,Crystal Palace FC,Crystal Palace,Palace,CRY,223723,2922aevmtpw4qvcwohmxmqtbd,31,1c8m2ko0wxq1asfkuykurdr0y
Tammy Abraham,173879.0,2.0,24.0,0.0,0.0,0.0,0.0,0.0,0.0,0.0,Tammy,Abraham,1997-10-02,28.96,7.0,18.0,Forward,Striker,363nsa82dww242zeo09wpcslx,b496gs285it6bheuikox6z9mj,Aston Villa FC,Aston Villa,Villa,AVL,0.0,0.0,0.0,0.0,0.0,0.0,0.0,0.0,0.0,0.0,1.0,0.0,0.0,0.0,0.0,1.0,1.0,100.0,2.0,1.0,50.0,,,,,,,,,,173879.0,24.0,2.0,0.0,0.0,0.0,0.0,0.001,0.001,0.0,0.0,Tammy,Abraham,1997-10-02,28.96,7.0,18.0,Forward,Striker,363nsa82dww242zeo09wpcslx,b496gs285it6bheuikox6z9mj,Aston Villa FC,Aston Villa,Villa,AVL,173879.0,24.0,2.0,3.0,2.0,66.67,1.0,1.0,100.0,0.0,0.0,0.0,0.0,0.0,0.0,Tammy,Abraham,1997-10-02,28.96,7.0,18.0,Forward,Striker,363nsa82dww242zeo09wpcslx,b496gs285it6bheuikox6z9mj,Aston Villa FC,Aston Villa,Villa,AVL,173879,363nsa82dww242zeo09wpcslx,7,b496gs285it6bheuikox6z9mj
Tarik Muharemovic,522047.0,3.0,270.0,0.0,0.09,-0.09,1.0,1.0,0.0,0.09,Tarik,Muharemovic,2003-02-28,23.55,2.0,5.0,Defender,Central Defender,17inz8artrqynbg3qbme42r8q,48gk2hpqtsl6p9sx9kjhaydq4,Leeds United FC,Leeds United,Leeds,LEE,18.0,129.256,8.0,50.925,0.0,0.0,0.0,0.0,7.181,6.366,3.0,6.0,6.0,5.0,25.0,13.0,9.0,69.231,20.0,7.0,35.0,,,,,,,,,,522047.0,270.0,3.0,0.0,0.0,0.0,0.0,0.02,0.019,0.0,0.0,Tarik,Muharemovic,2003-02-28,23.55,2.0,5.0,Defender,Central Defender,17inz8artrqynbg3qbme42r8q,48gk2hpqtsl6p9sx9kjhaydq4,Leeds United FC,Leeds United,Leeds,LEE,522047.0,270.0,3.0,125.0,102.0,81.6,21.0,10.0,47.62,1.0,0.0,0.0,0.0,0.0,0.0,Tarik,Muharemovic,2003-02-28,23.55,2.0,5.0,Defender,Central Defender,17inz8artrqynbg3qbme42r8q,48gk2hpqtsl6p9sx9kjhaydq4,Leeds United FC,Leeds United,Leeds,LEE,522047,17inz8artrqynbg3qbme42r8q,2,48gk2hpqtsl6p9sx9kjhaydq4
Tatsuhiro Sakamoto,501459.0,1.0,31.0,0.0,0.02,-0.02,1.0,0.0,0.0,0.02,Tatsuhiro,Sakamoto,1996-10-22,29.91,9.0,7.0,Midfielder,Attacking Midfielder,2rn8mnhlrtrbm6du97f54zckq,dacoc20k0n3fxu4zek8wufmko,Coventry City FC,Coventry City,Coventry,COV,8.0,94.18,2.0,11.34,1.0,0.0,0.0,0.0,11.772,5.67,2.0,0.0,2.0,0.0,0.0,3.0,2.0,66.667,1.0,1.0,100.0,,,,,,,,,,501459.0,31.0,1.0,0.0,0.0,0.0,0.0,0.017,0.017,0.0,0.0,Tatsuhiro,Sakamoto,1996-10-22,29.91,9.0,7.0,Midfielder,Attacking Midfielder,2rn8mnhlrtrbm6du97f54zckq,dacoc20k0n3fxu4zek8wufmko,Coventry City FC,Coventry City,Coventry,COV,501459.0,31.0,1.0,12.0,11.0,91.67,6.0,5.0,83.33,3.0,1.0,33.33,0.0,0.0,0.0,Tatsuhiro,Sakamoto,1996-10-22,29.91,9.0,7.0,Midfielder,Attacking Midfielder,2rn8mnhlrtrbm6du97f54zckq,dacoc20k0n3fxu4zek8wufmko,Coventry City FC,Coventry City,Coventry,COV,501459,2rn8mnhlrtrbm6du97f54zckq,9,dacoc20k0n3fxu4zek8wufmko
Thierno Barry,586309.0,3.0,239.0,1.0,2.31,-1.31,9.0,3.0,11.11,0.26,Thierno,Barry,2002-10-21,23.91,11.0,11.0,Forward,Striker,1wileoy8mxtd2t1b106uhwzro,ehd2iemqmschhj2ec0vayztzz,Everton FC,Everton,Everton,EVE,9.0,137.574,7.0,94.605,1.0,0.0,0.0,0.0,15.286,13.515,1.0,0.0,7.0,0.0,2.0,13.0,8.0,61.538,26.0,9.0,34.615,,,,,,,,,,586309.0,239.0,3.0,3.0,3.0,6.52,0.0,0.111,0.111,0.0,0.0,Thierno,Barry,2002-10-21,23.91,11.0,11.0,Forward,Striker,1wileoy8mxtd2t1b106uhwzro,ehd2iemqmschhj2ec0vayztzz,Everton FC,Everton,Everton,EVE,586309.0,239.0,3.0,46.0,34.0,73.91,22.0,12.0,54.55,2.0,1.0,50.0,0.0,0.0,0.0,Thierno,Barry,2002-10-21,23.91,11.0,11.0,Forward,Striker,1wileoy8mxtd2t1b106uhwzro,ehd2iemqmschhj2ec0vayztzz,Everton FC,Everton,Everton,EVE,586309,1wileoy8mxtd2t1b106uhwzro,11,ehd2iemqmschhj2ec0vayztzz
Thomas Meunier,93605.0,3.0,244.0,0.0,0.21,-0.21,4.0,3.0,0.0,0.05,Thomas,Meunier,1991-09-12,35.02,56.0,12.0,Defender,Full Back,bb6glt8n0ar47cmhmj6gnfiz9,1r3545b2dzan8yqa80gtmcjch,Sunderland AFC,Sunderland,Sunderland,SUN,20.0,316.984,13.0,189.63,0.0,0.0,0.0,0.0,15.849,14.587,2.0,4.0,8.0,0.0,8.0,8.0,3.0,37.5,7.0,2.0,28.571,,,,,,,,,,93605.0,244.0,3.0,1.0,1.0,0.87,0.0,0.135,0.134,0.0,0.0,Thomas,Meunier,1991-09-12,35.02,56.0,12.0,Defender,Full Back,bb6glt8n0ar47cmhmj6gnfiz9,1r3545b2dzan8yqa80gtmcjch,Sunderland AFC,Sunderland,Sunderland,SUN,93605.0,244.0,3.0,115.0,97.0,84.35,33.0,24.0,72.73,7.0,1.0,14.29,1.0,0.0,0.0,Thomas,Meunier,1991-09-12,35.02,56.0,12.0,Defender,Full Back,bb6glt8n0ar47cmhmj6gnfiz9,1r3545b2dzan8yqa80gtmcjch,Sunderland AFC,Sunderland,Sunderland,SUN,93605,bb6glt8n0ar47cmhmj6gnfiz9,56,1r3545b2dzan8yqa80gtmcjch
Tim Iroegbunam,490094.0,1.0,4.0,0.0,0.0,0.0,0.0,0.0,0.0,0.0,Tim,Iroegbunam,2003-06-30,23.22,11.0,42.0,Midfielder,Central Midfielder,axj86ms31y5wju5431l5j2lwq,ehd2iemqmschhj2ec0vayztzz,Everton FC,Everton,Everton,EVE,0.0,0.0,0.0,0.0,0.0,0.0,0.0,0.0,0.0,0.0,0.0,0.0,0.0,0.0,0.0,1.0,0.0,0.0,0.0,0.0,0.0,,,,,,,,,,490094.0,4.0,1.0,0.0,0.0,0.0,0.0,0.0,0.0,0.0,0.0,Tim,Iroegbunam,2003-06-30,23.22,11.0,42.0,Midfielder,Central Midfielder,axj86ms31y5wju5431l5j2lwq,ehd2iemqmschhj2ec0vayztzz,Everton FC,Everton,Everton,EVE,490094.0,4.0,1.0,0.0,0.0,0.0,0.0,0.0,0.0,0.0,0.0,0.0,0.0,0.0,0.0,Tim,Iroegbunam,2003-06-30,23.22,11.0,42.0,Midfielder,Central Midfielder,axj86ms31y5wju5431l5j2lwq,ehd2iemqmschhj2ec0vayztzz,Everton FC,Everton,Everton,EVE,490094,axj86ms31y5wju5431l5j2lwq,11,ehd2iemqmschhj2ec0vayztzz
Timothy Castagne,166477.0,3.0,248.0,0.0,0.68,-0.68,4.0,2.0,0.0,0.17,Timothy,Castagne,1995-12-05,30.79,54.0,21.0,Defender,Full Back,p87gxg8kc9ta6iipqt5fxmtx,hzqh7z0mdl3v7gwete66syxp,Fulham FC,Fulham,Fulham,FUL,18.0,173.075,13.0,102.27,0.0,0.0,1.0,0.0,9.615,7.867,4.0,4.0,11.0,2.0,5.0,18.0,9.0,50.0,7.0,3.0,42.857,,,,,,,,,,166477.0,248.0,3.0,4.0,4.0,2.36,0.0,0.367,0.367,1.0,1.0,Timothy,Castagne,1995-12-05,30.79,54.0,21.0,Defender,Full Back,p87gxg8kc9ta6iipqt5fxmtx,hzqh7z0mdl3v7gwete66syxp,Fulham FC,Fulham,Fulham,FUL,166477.0,248.0,3.0,129.0,107.0,82.95,32.0,25.0,78.13,5.0,1.0,20.0,0.0,0.0,0.0,Timothy,Castagne,1995-12-05,30.79,54.0,21.0,Defender,Full Back,p87gxg8kc9ta6iipqt5fxmtx,hzqh7z0mdl3v7gwete66syxp,Fulham FC,Fulham,Fulham,FUL,166477,p87gxg8kc9ta6iipqt5fxmtx,54,hzqh7z0mdl3v7gwete66syxp
Tino Livramento,441191.0,1.0,1.0,0.0,0.0,0.0,0.0,0.0,0.0,0.0,Tino,Livramento,2002-11-12,23.85,4.0,2.0,Defender,Full Back,bdmomasg7lrn5pwihecvgpuga,7vn2i2kd35zuetw6b38gw9jsz,Newcastle United FC,Newcastle United,Newcastle,NEW,0.0,0.0,0.0,0.0,0.0,0.0,0.0,0.0,0.0,0.0,0.0,0.0,0.0,0.0,0.0,1.0,0.0,0.0,0.0,0.0,0.0,,,,,,,,,,441191.0,1.0,1.0,0.0,0.0,0.0,0.0,0.001,0.0,0.0,0.0,Tino,Livramento,2002-11-12,23.85,4.0,2.0,Defender,Full Back,bdmomasg7lrn5pwihecvgpuga,7vn2i2kd35zuetw6b38gw9jsz,Newcastle United FC,Newcastle United,Newcastle,NEW,441191.0,1.0,1.0,3.0,3.0,100.0,1.0,1.0,100.0,0.0,0.0,0.0,0.0,0.0,0.0,Tino,Livramento,2002-11-12,23.85,4.0,2.0,Defender,Full Back,bdmomasg7lrn5pwihecvgpuga,7vn2i2kd35zuetw6b38gw9jsz,Newcastle United FC,Newcastle United,Newcastle,NEW,441191,bdmomasg7lrn5pwihecvgpuga,4,7vn2i2kd35zuetw6b38gw9jsz
Trai Hume,487676.0,3.0,196.0,0.0,0.04,-0.04,2.0,0.0,0.0,0.02,Trai,Hume,2002-03-18,24.5,56.0,32.0,Defender,Full Back,31foqyshubo5nkh8kdmbjw8kq,1r3545b2dzan8yqa80gtmcjch,Sunderland AFC,Sunderland,Sunderland,SUN,6.0,60.003,4.0,46.41,0.0,0.0,0.0,0.0,10.0,11.602,9.0,1.0,12.0,1.0,1.0,20.0,11.0,55.0,9.0,7.0,77.778,,,,,,,,,,487676.0,196.0,3.0,4.0,4.0,7.41,0.0,0.275,0.274,0.0,0.0,Trai,Hume,2002-03-18,24.5,56.0,32.0,Defender,Full Back,31foqyshubo5nkh8kdmbjw8kq,1r3545b2dzan8yqa80gtmcjch,Sunderland AFC,Sunderland,Sunderland,SUN,487676.0,196.0,3.0,55.0,40.0,72.73,21.0,11.0,52.38,5.0,2.0,40.0,1.0,1.0,100.0,Trai,Hume,2002-03-18,24.5,56.0,32.0,Defender,Full Back,31foqyshubo5nkh8kdmbjw8kq,1r3545b2dzan8yqa80gtmcjch,Sunderland AFC,Sunderland,Sunderland,SUN,487676,31foqyshubo5nkh8kdmbjw8kq,56,1r3545b2dzan8yqa80gtmcjch
Trey Nyoni,591386.0,2.0,19.0,0.0,0.0,0.0,0.0,0.0,0.0,0.0,Trey,Nyoni,2007-06-30,19.21,14.0,42.0,Midfielder,Central Midfielder,e51jmlxup2pdr8ikl98etxgd0,c8h9bw1l82s06h77xxrelzhur,Liverpool FC,Liverpool,Liverpool,LIV,4.0,45.988,3.0,17.64,0.0,0.0,0.0,0.0,11.497,5.88,2.0,1.0,2.0,0.0,0.0,3.0,2.0,66.667,1.0,0.0,0.0,,,,,,,,,,591386.0,19.0,2.0,0.0,0.0,0.0,0.0,0.006,0.006,0.0,0.0,Trey,Nyoni,2007-06-30,19.21,14.0,42.0,Midfielder,Central Midfielder,e51jmlxup2pdr8ikl98etxgd0,c8h9bw1l82s06h77xxrelzhur,Liverpool FC,Liverpool,Liverpool,LIV,591386.0,19.0,2.0,25.0,23.0,92.0,5.0,4.0,80.0,0.0,0.0,0.0,0.0,0.0,0.0,Trey,Nyoni,2007-06-30,19.21,14.0,42.0,Midfielder,Central Midfielder,e51jmlxup2pdr8ikl98etxgd0,c8h9bw1l82s06h77xxrelzhur,Liverpool FC,Liverpool,Liverpool,LIV,591386,e51jmlxup2pdr8ikl98etxgd0,14,c8h9bw1l82s06h77xxrelzhur
Triston Rowe,569577.0,0.0,0.0,0.0,0.0,0.0,0.0,0.0,0.0,0.0,Triston,Rowe,2006-10-02,19.96,7.0,45.0,Defender,Full Back,569577,b496gs285it6bheuikox6z9mj,Aston Villa FC,Aston Villa,Villa,AVL,0.0,0.0,0.0,0.0,0.0,0.0,0.0,0.0,0.0,0.0,0.0,0.0,0.0,0.0,0.0,0.0,0.0,0.0,0.0,0.0,0.0,,,,,,,,,,569577.0,0.0,0.0,0.0,0.0,0.0,0.0,0.0,0.0,0.0,0.0,Triston,Rowe,2006-10-02,19.96,7.0,45.0,Defender,Full Back,569577,b496gs285it6bheuikox6z9mj,Aston Villa FC,Aston Villa,Villa,AVL,569577.0,0.0,0.0,0.0,0.0,0.0,0.0,0.0,0.0,0.0,0.0,0.0,0.0,0.0,0.0,Triston,Rowe,2006-10-02,19.96,7.0,45.0,Defender,Full Back,569577,b496gs285it6bheuikox6z9mj,Aston Villa FC,Aston Villa,Villa,AVL,569577,569577,7,b496gs285it6bheuikox6z9mj
Tyler Adams,200785.0,3.0,112.0,0.0,0.0,0.0,0.0,0.0,0.0,0.0,Tyler,Adams,1999-02-14,27.59,91.0,12.0,Midfielder,Defensive Midfielder,7dbzcwyph2xoljyhaogjo7mcp,1pse9ta7a45pi2w2grjim70ge,AFC Bournemouth,Bournemouth,Bournemouth,BOU,10.0,87.165,7.0,58.38,0.0,0.0,0.0,0.0,8.716,8.34,3.0,3.0,11.0,1.0,0.0,10.0,6.0,60.0,1.0,1.0,100.0,,,,,,,,,,200785.0,112.0,3.0,1.0,1.0,1.56,0.0,0.018,0.018,0.0,0.0,Tyler,Adams,1999-02-14,27.59,91.0,12.0,Midfielder,Defensive Midfielder,7dbzcwyph2xoljyhaogjo7mcp,1pse9ta7a45pi2w2grjim70ge,AFC Bournemouth,Bournemouth,Bournemouth,BOU,200785.0,112.0,3.0,67.0,56.0,83.58,10.0,9.0,90.0,0.0,0.0,0.0,0.0,0.0,0.0,Tyler,Adams,1999-02-14,27.59,91.0,12.0,Midfielder,Defensive Midfielder,7dbzcwyph2xoljyhaogjo7mcp,1pse9ta7a45pi2w2grjim70ge,AFC Bournemouth,Bournemouth,Bournemouth,BOU,200785,7dbzcwyph2xoljyhaogjo7mcp,91,1pse9ta7a45pi2w2grjim70ge
Tyler Dibling,496661.0,0.0,0.0,0.0,0.0,0.0,0.0,0.0,0.0,0.0,Tyler,Dibling,2006-02-17,20.58,11.0,20.0,Forward,Winger,496661,ehd2iemqmschhj2ec0vayztzz,Everton FC,Everton,Everton,EVE,0.0,0.0,0.0,0.0,0.0,0.0,0.0,0.0,0.0,0.0,0.0,0.0,0.0,0.0,0.0,0.0,0.0,0.0,0.0,0.0,0.0,,,,,,,,,,496661.0,0.0,0.0,0.0,0.0,0.0,0.0,0.0,0.0,0.0,0.0,Tyler,Dibling,2006-02-17,20.58,11.0,20.0,Forward,Winger,496661,ehd2iemqmschhj2ec0vayztzz,Everton FC,Everton,Everton,EVE,496661.0,0.0,0.0,0.0,0.0,0.0,0.0,0.0,0.0,0.0,0.0,0.0,0.0,0.0,0.0,Tyler,Dibling,2006-02-17,20.58,11.0,20.0,Forward,Winger,496661,ehd2iemqmschhj2ec0vayztzz,Everton FC,Everton,Everton,EVE,496661,496661,11,ehd2iemqmschhj2ec0vayztzz
Tyrick Mitchell,244723.0,3.0,254.0,2.0,0.77,1.23,5.0,2.0,40.0,0.15,Tyrick,Mitchell,1999-09-01,27.05,31.0,3.0,Defender,Full Back,6dqnwhx0eglxhelidxg0dphm2,1c8m2ko0wxq1asfkuykurdr0y,Crystal Palace FC,Crystal Palace,Palace,CRY,26.0,291.758,14.0,196.455,1.0,0.0,1.0,0.0,11.221,14.032,6.0,2.0,7.0,0.0,8.0,17.0,8.0,47.059,1.0,0.0,0.0,,,,,,,,,,244723.0,254.0,3.0,4.0,4.0,5.41,0.0,0.181,0.181,0.0,0.0,Tyrick,Mitchell,1999-09-01,27.05,31.0,3.0,Defender,Full Back,6dqnwhx0eglxhelidxg0dphm2,1c8m2ko0wxq1asfkuykurdr0y,Crystal Palace FC,Crystal Palace,Palace,CRY,244723.0,254.0,3.0,74.0,57.0,77.03,24.0,19.0,79.17,8.0,0.0,0.0,0.0,0.0,0.0,Tyrick,Mitchell,1999-09-01,27.05,31.0,3.0,Defender,Full Back,6dqnwhx0eglxhelidxg0dphm2,1c8m2ko0wxq1asfkuykurdr0y,Crystal Palace FC,Crystal Palace,Palace,CRY,244723,6dqnwhx0eglxhelidxg0dphm2,31,1c8m2ko0wxq1asfkuykurdr0y
Tyrique George,550615.0,3.0,236.0,1.0,0.26,0.74,8.0,2.0,12.5,0.03,Tyrique,George,2006-02-04,20.61,11.0,19.0,Forward,Winger,es8orzwchom47yjt6nwwuc5qs,ehd2iemqmschhj2ec0vayztzz,Everton FC,Everton,Everton,EVE,51.0,582.74,22.0,216.195,5.0,0.0,3.0,0.0,11.426,9.827,1.0,3.0,8.0,0.0,1.0,20.0,12.0,60.0,2.0,2.0,100.0,,,,,,,,,,550615.0,236.0,3.0,6.0,6.0,7.69,0.0,0.149,0.149,0.0,0.0,Tyrique,George,2006-02-04,20.61,11.0,19.0,Forward,Winger,es8orzwchom47yjt6nwwuc5qs,ehd2iemqmschhj2ec0vayztzz,Everton FC,Everton,Everton,EVE,550615.0,236.0,3.0,78.0,69.0,88.46,35.0,29.0,82.86,6.0,0.0,0.0,0.0,0.0,0.0,Tyrique,George,2006-02-04,20.61,11.0,19.0,Forward,Winger,es8orzwchom47yjt6nwwuc5qs,ehd2iemqmschhj2ec0vayztzz,Everton FC,Everton,Everton,EVE,550615,es8orzwchom47yjt6nwwuc5qs,11,ehd2iemqmschhj2ec0vayztzz
Tyrone Mings,149484.0,2.0,106.0,0.0,0.11,-0.11,3.0,0.0,0.0,0.04,Tyrone,Mings,1993-03-13,33.52,7.0,5.0,Defender,Central Defender,2smmv9hdoiet7necaf00ol51x,b496gs285it6bheuikox6z9mj,Aston Villa FC,Aston Villa,Villa,AVL,27.0,322.247,19.0,236.88,0.0,0.0,0.0,0.0,11.935,12.467,2.0,0.0,2.0,0.0,4.0,4.0,4.0,100.0,4.0,2.0,50.0,,,,,,,,,,149484.0,106.0,2.0,0.0,0.0,0.0,0.0,0.019,0.019,0.0,0.0,Tyrone,Mings,1993-03-13,33.52,7.0,5.0,Defender,Central Defender,2smmv9hdoiet7necaf00ol51x,b496gs285it6bheuikox6z9mj,Aston Villa FC,Aston Villa,Villa,AVL,149484.0,106.0,2.0,80.0,73.0,91.25,16.0,13.0,81.25,0.0,0.0,0.0,0.0,0.0,0.0,Tyrone,Mings,1993-03-13,33.52,7.0,5.0,Defender,Central Defender,2smmv9hdoiet7necaf00ol51x,b496gs285it6bheuikox6z9mj,Aston Villa FC,Aston Villa,Villa,AVL,149484,2smmv9hdoiet7necaf00ol51x,7,b496gs285it6bheuikox6z9mj
Valentín Barco,543158.0,1.0,8.0,0.0,0.04,-0.04,1.0,0.0,0.0,0.04,Valentín,Barco,2004-07-23,22.15,8.0,4.0,Midfielder,Central Midfielder,1au9xpmimbyr1jceidcy6v7kk,9q0arba2kbnywth8bkxlhgmdr,Chelsea FC,Chelsea,Chelsea,CHE,0.0,0.0,0.0,0.0,0.0,0.0,0.0,0.0,0.0,0.0,0.0,1.0,0.0,0.0,0.0,1.0,0.0,0.0,1.0,0.0,0.0,,,,,,,,,,543158.0,8.0,1.0,0.0,0.0,0.0,0.0,0.0,0.0,0.0,0.0,Valentín,Barco,2004-07-23,22.15,8.0,4.0,Midfielder,Central Midfielder,1au9xpmimbyr1jceidcy6v7kk,9q0arba2kbnywth8bkxlhgmdr,Chelsea FC,Chelsea,Chelsea,CHE,543158.0,8.0,1.0,0.0,0.0,0.0,0.0,0.0,0.0,0.0,0.0,0.0,0.0,0.0,0.0,Valentín,Barco,2004-07-23,22.15,8.0,4.0,Midfielder,Central Midfielder,1au9xpmimbyr1jceidcy6v7kk,9q0arba2kbnywth8bkxlhgmdr,Chelsea FC,Chelsea,Chelsea,CHE,543158,1au9xpmimbyr1jceidcy6v7kk,8,9q0arba2kbnywth8bkxlhgmdr
Victor Lindelöf,184667.0,3.0,270.0,0.0,0.0,0.0,0.0,0.0,0.0,0.0,Victor,Lindelöf,1994-07-17,32.18,7.0,3.0,Defender,Central Defender,a3ms8havadt1y9x381l325txx,b496gs285it6bheuikox6z9mj,Aston Villa FC,Aston Villa,Villa,AVL,64.0,676.706,37.0,389.445,0.0,0.0,0.0,0.0,10.574,10.526,1.0,0.0,5.0,0.0,13.0,3.0,1.0,33.333,6.0,2.0,33.333,,,,,,,,,,184667.0,270.0,3.0,2.0,2.0,1.16,0.0,0.165,0.165,0.0,0.0,Victor,Lindelöf,1994-07-17,32.18,7.0,3.0,Defender,Central Defender,a3ms8havadt1y9x381l325txx,b496gs285it6bheuikox6z9mj,Aston Villa FC,Aston Villa,Villa,AVL,184667.0,270.0,3.0,182.0,167.0,91.76,24.0,21.0,87.5,0.0,0.0,0.0,0.0,0.0,0.0,Victor,Lindelöf,1994-07-17,32.18,7.0,3.0,Defender,Central Defender,a3ms8havadt1y9x381l325txx,b496gs285it6bheuikox6z9mj,Aston Villa FC,Aston Villa,Villa,AVL,184667,a3ms8havadt1y9x381l325txx,7,b496gs285it6bheuikox6z9mj
Victor Torp,226965.0,2.0,47.0,0.0,0.0,0.0,0.0,0.0,0.0,0.0,Victor,Torp,1999-07-30,27.14,9.0,29.0,Midfielder,Central Midfielder,2mkfrrq1taiw0l42xzeeua5m1,dacoc20k0n3fxu4zek8wufmko,Coventry City FC,Coventry City,Coventry,COV,5.0,35.154,2.0,5.145,0.0,0.0,1.0,0.0,7.031,2.572,0.0,1.0,2.0,0.0,0.0,3.0,0.0,0.0,0.0,0.0,0.0,,,,,,,,,,226965.0,47.0,2.0,1.0,1.0,3.85,0.0,0.117,0.117,0.0,0.0,Victor,Torp,1999-07-30,27.14,9.0,29.0,Midfielder,Central Midfielder,2mkfrrq1taiw0l42xzeeua5m1,dacoc20k0n3fxu4zek8wufmko,Coventry City FC,Coventry City,Coventry,COV,226965.0,47.0,2.0,26.0,23.0,88.46,9.0,8.0,88.89,2.0,1.0,50.0,0.0,0.0,0.0,Victor,Torp,1999-07-30,27.14,9.0,29.0,Midfielder,Central Midfielder,2mkfrrq1taiw0l42xzeeua5m1,dacoc20k0n3fxu4zek8wufmko,Coventry City FC,Coventry City,Coventry,COV,226965,2mkfrrq1taiw0l42xzeeua5m1,9,dacoc20k0n3fxu4zek8wufmko
Viktor Gyökeres,224117.0,1.0,12.0,0.0,0.0,0.0,0.0,0.0,0.0,0.0,Viktor,Gyökeres,1998-06-04,28.29,3.0,14.0,Forward,Striker,73xu8dfkmgivh8l71hkqfe6sp,4dsgumo7d4zupm2ugsvm4zm4d,Arsenal FC,Arsenal,Arsenal,ARS,2.0,26.095,2.0,25.725,0.0,0.0,0.0,0.0,13.048,12.862,0.0,0.0,1.0,0.0,0.0,1.0,0.0,0.0,0.0,0.0,0.0,,,,,,,,,,224117.0,12.0,1.0,0.0,0.0,0.0,0.0,0.0,0.0,0.0,0.0,Viktor,Gyökeres,1998-06-04,28.29,3.0,14.0,Forward,Striker,73xu8dfkmgivh8l71hkqfe6sp,4dsgumo7d4zupm2ugsvm4zm4d,Arsenal FC,Arsenal,Arsenal,ARS,224117.0,12.0,1.0,3.0,2.0,66.67,2.0,1.0,50.0,0.0,0.0,0.0,0.0,0.0,0.0,Viktor,Gyökeres,1998-06-04,28.29,3.0,14.0,Forward,Striker,73xu8dfkmgivh8l71hkqfe6sp,4dsgumo7d4zupm2ugsvm4zm4d,Arsenal FC,Arsenal,Arsenal,ARS,224117,73xu8dfkmgivh8l71hkqfe6sp,3,4dsgumo7d4zupm2ugsvm4zm4d
Virgil van Dijk,97032.0,3.0,270.0,0.0,0.25,-0.25,2.0,1.0,0.0,0.12,Virgil,van Dijk,1991-07-08,35.2,14.0,4.0,Defender,Central Defender,dxze3b3fsfl814bjcs7q6wcet,c8h9bw1l82s06h77xxrelzhur,Liverpool FC,Liverpool,Liverpool,LIV,47.0,464.659,29.0,272.16,0.0,0.0,0.0,0.0,9.886,9.385,5.0,2.0,15.0,0.0,18.0,5.0,5.0,100.0,14.0,10.0,71.429,,,,,,,,,,97032.0,270.0,3.0,0.0,0.0,0.0,0.0,0.068,0.068,0.0,0.0,Virgil,van Dijk,1991-07-08,35.2,14.0,4.0,Defender,Central Defender,dxze3b3fsfl814bjcs7q6wcet,c8h9bw1l82s06h77xxrelzhur,Liverpool FC,Liverpool,Liverpool,LIV,97032.0,270.0,3.0,265.0,237.0,89.43,62.0,43.0,69.35,0.0,0.0,0.0,0.0,0.0,0.0,Virgil,van Dijk,1991-07-08,35.2,14.0,4.0,Defender,Central Defender,dxze3b3fsfl814bjcs7q6wcet,c8h9bw1l82s06h77xxrelzhur,Liverpool FC,Liverpool,Liverpool,LIV,97032,dxze3b3fsfl814bjcs7q6wcet,14,c8h9bw1l82s06h77xxrelzhur
Vitalii Mykolenko,224967.0,3.0,270.0,0.0,0.0,0.0,0.0,0.0,0.0,0.0,Vitalii,Mykolenko,1999-05-29,27.31,11.0,16.0,Defender,Full Back,9o1vesnpfiucpoq35ihhpstex,ehd2iemqmschhj2ec0vayztzz,Everton FC,Everton,Everton,EVE,25.0,303.414,14.0,93.765,0.0,0.0,0.0,0.0,12.137,6.698,4.0,3.0,15.0,4.0,11.0,13.0,8.0,61.538,13.0,8.0,61.538,,,,,,,,,,224967.0,270.0,3.0,1.0,1.0,0.9,0.0,0.063,0.041,0.0,0.0,Vitalii,Mykolenko,1999-05-29,27.31,11.0,16.0,Defender,Full Back,9o1vesnpfiucpoq35ihhpstex,ehd2iemqmschhj2ec0vayztzz,Everton FC,Everton,Everton,EVE,224967.0,270.0,3.0,114.0,91.0,79.82,33.0,24.0,72.73,7.0,0.0,0.0,0.0,0.0,0.0,Vitalii,Mykolenko,1999-05-29,27.31,11.0,16.0,Defender,Full Back,9o1vesnpfiucpoq35ihhpstex,ehd2iemqmschhj2ec0vayztzz,Everton FC,Everton,Everton,EVE,224967,9o1vesnpfiucpoq35ihhpstex,11,ehd2iemqmschhj2ec0vayztzz
Vitaly Janelt,204580.0,3.0,270.0,2.0,0.5,1.5,3.0,2.0,66.67,0.17,Vitaly,Janelt,1998-05-10,28.36,94.0,27.0,Midfielder,Defensive Midfielder,9k8gysrsy1a261nhcszo4aoyx,7yx5dqhhphyvfisohikodajhv,Brentford FC,Brentford,Brentford,BRE,33.0,345.276,16.0,97.02,0.0,0.0,0.0,0.0,10.463,6.064,11.0,10.0,10.0,2.0,2.0,27.0,12.0,44.444,3.0,2.0,66.667,,,,,,,,,,204580.0,270.0,3.0,4.0,0.0,0.0,100.0,0.321,0.053,0.0,0.0,Vitaly,Janelt,1998-05-10,28.36,94.0,27.0,Midfielder,Defensive Midfielder,9k8gysrsy1a261nhcszo4aoyx,7yx5dqhhphyvfisohikodajhv,Brentford FC,Brentford,Brentford,BRE,204580.0,270.0,3.0,135.0,114.0,84.44,41.0,30.0,73.17,1.0,0.0,0.0,0.0,0.0,0.0,Vitaly,Janelt,1998-05-10,28.36,94.0,27.0,Midfielder,Defensive Midfielder,9k8gysrsy1a261nhcszo4aoyx,7yx5dqhhphyvfisohikodajhv,Brentford FC,Brentford,Brentford,BRE,204580,9k8gysrsy1a261nhcszo4aoyx,94,7yx5dqhhphyvfisohikodajhv
Vitor Reis,616222.0,1.0,1.0,0.0,0.0,0.0,0.0,0.0,0.0,0.0,Vitor,de Oliveira Nunes dos Reis,2006-01-12,20.68,43.0,22.0,Defender,Central Defender,bh4p6egq7e7htivuu0qdjqiac,a3nyxabgsqlnqfkeg41m6tnpp,Manchester City FC,Manchester City,Man City,MCI,4.0,26.581,0.0,1.89,0.0,0.0,0.0,0.0,6.645,0.0,0.0,0.0,0.0,0.0,0.0,0.0,0.0,0.0,0.0,0.0,0.0,,,,,,,,,,616222.0,1.0,1.0,0.0,0.0,0.0,0.0,0.003,0.003,0.0,0.0,Vitor,de Oliveira Nunes dos Reis,2006-01-12,20.68,43.0,22.0,Defender,Central Defender,bh4p6egq7e7htivuu0qdjqiac,a3nyxabgsqlnqfkeg41m6tnpp,Manchester City FC,Manchester City,Man City,MCI,616222.0,1.0,1.0,13.0,13.0,100.0,4.0,4.0,100.0,0.0,0.0,0.0,0.0,0.0,0.0,Vitor,de Oliveira Nunes dos Reis,2006-01-12,20.68,43.0,22.0,Defender,Central Defender,bh4p6egq7e7htivuu0qdjqiac,a3nyxabgsqlnqfkeg41m6tnpp,Manchester City FC,Manchester City,Man City,MCI,616222,bh4p6egq7e7htivuu0qdjqiac,43,a3nyxabgsqlnqfkeg41m6tnpp
Víctor Muñoz,551499.0,3.0,181.0,1.0,0.42,0.58,6.0,1.0,16.67,0.07,Víctor,Muñoz,2003-07-13,23.18,14.0,23.0,Forward,Winger,d358ce00vstqg3ilinhcc10r8,c8h9bw1l82s06h77xxrelzhur,Liverpool FC,Liverpool,Liverpool,LIV,31.0,441.09,21.0,298.41,2.0,0.0,1.0,0.0,14.229,14.21,2.0,3.0,5.0,1.0,0.0,25.0,10.0,40.0,1.0,0.0,0.0,,,,,,,,,,551499.0,181.0,3.0,1.0,1.0,1.92,0.0,0.252,0.252,0.0,0.0,Víctor,Muñoz,2003-07-13,23.18,14.0,23.0,Forward,Winger,d358ce00vstqg3ilinhcc10r8,c8h9bw1l82s06h77xxrelzhur,Liverpool FC,Liverpool,Liverpool,LIV,551499.0,181.0,3.0,52.0,43.0,82.69,25.0,19.0,76.0,8.0,3.0,37.5,0.0,0.0,0.0,Víctor,Muñoz,2003-07-13,23.18,14.0,23.0,Forward,Winger,d358ce00vstqg3ilinhcc10r8,c8h9bw1l82s06h77xxrelzhur,Liverpool FC,Liverpool,Liverpool,LIV,551499,d358ce00vstqg3ilinhcc10r8,14,c8h9bw1l82s06h77xxrelzhur
Wataru Endo,158983.0,0.0,0.0,0.0,0.0,0.0,0.0,0.0,0.0,0.0,Wataru,Endo,1993-02-09,33.61,14.0,3.0,Midfielder,Defensive Midfielder,158983,c8h9bw1l82s06h77xxrelzhur,Liverpool FC,Liverpool,Liverpool,LIV,0.0,0.0,0.0,0.0,0.0,0.0,0.0,0.0,0.0,0.0,0.0,0.0,0.0,0.0,0.0,0.0,0.0,0.0,0.0,0.0,0.0,,,,,,,,,,158983.0,0.0,0.0,0.0,0.0,0.0,0.0,0.0,0.0,0.0,0.0,Wataru,Endo,1993-02-09,33.61,14.0,3.0,Midfielder,Defensive Midfielder,158983,c8h9bw1l82s06h77xxrelzhur,Liverpool FC,Liverpool,Liverpool,LIV,158983.0,0.0,0.0,0.0,0.0,0.0,0.0,0.0,0.0,0.0,0.0,0.0,0.0,0.0,0.0,Wataru,Endo,1993-02-09,33.61,14.0,3.0,Midfielder,Defensive Midfielder,158983,c8h9bw1l82s06h77xxrelzhur,Liverpool FC,Liverpool,Liverpool,LIV,158983,158983,14,c8h9bw1l82s06h77xxrelzhur
Wesley Fofana,444463.0,2.0,158.0,0.0,0.0,0.0,0.0,0.0,0.0,0.0,Wesley,Fofana,2000-12-17,25.75,8.0,3.0,Defender,Central Defender,7yirx71oya71zjsgldj5ucqcq,9q0arba2kbnywth8bkxlhgmdr,Chelsea FC,Chelsea,Chelsea,CHE,19.0,217.619,10.0,101.64,0.0,0.0,0.0,0.0,11.454,10.164,3.0,3.0,3.0,3.0,17.0,12.0,5.0,41.667,1.0,1.0,100.0,,,,,,,,,,444463.0,158.0,2.0,2.0,2.0,3.45,0.0,0.045,0.045,0.0,0.0,Wesley,Fofana,2000-12-17,25.75,8.0,3.0,Defender,Central Defender,7yirx71oya71zjsgldj5ucqcq,9q0arba2kbnywth8bkxlhgmdr,Chelsea FC,Chelsea,Chelsea,CHE,444463.0,158.0,2.0,61.0,57.0,93.44,17.0,13.0,76.47,0.0,0.0,0.0,0.0,0.0,0.0,Wesley,Fofana,2000-12-17,25.75,8.0,3.0,Defender,Central Defender,7yirx71oya71zjsgldj5ucqcq,9q0arba2kbnywth8bkxlhgmdr,Chelsea FC,Chelsea,Chelsea,CHE,444463,7yirx71oya71zjsgldj5ucqcq,8,9q0arba2kbnywth8bkxlhgmdr
Wilfried Gnonto,492859.0,0.0,0.0,0.0,0.0,0.0,0.0,0.0,0.0,0.0,Wilfried,Gnonto,2003-11-05,22.87,2.0,29.0,Forward,Attacking Midfielder,492859,48gk2hpqtsl6p9sx9kjhaydq4,Leeds United FC,Leeds United,Leeds,LEE,0.0,0.0,0.0,0.0,0.0,0.0,0.0,0.0,0.0,0.0,0.0,0.0,0.0,0.0,0.0,0.0,0.0,0.0,0.0,0.0,0.0,,,,,,,,,,492859.0,0.0,0.0,0.0,0.0,0.0,0.0,0.0,0.0,0.0,0.0,Wilfried,Gnonto,2003-11-05,22.87,2.0,29.0,Forward,Attacking Midfielder,492859,48gk2hpqtsl6p9sx9kjhaydq4,Leeds United FC,Leeds United,Leeds,LEE,492859.0,0.0,0.0,0.0,0.0,0.0,0.0,0.0,0.0,0.0,0.0,0.0,0.0,0.0,0.0,Wilfried,Gnonto,2003-11-05,22.87,2.0,29.0,Forward,Attacking Midfielder,492859,48gk2hpqtsl6p9sx9kjhaydq4,Leeds United FC,Leeds United,Leeds,LEE,492859,492859,2,48gk2hpqtsl6p9sx9kjhaydq4
Will Hughes,108413.0,1.0,16.0,0.0,0.0,0.0,0.0,0.0,0.0,0.0,Will,Hughes,1995-04-17,31.42,31.0,19.0,Midfielder,Central Midfielder,dbebh5mvzowjrp7h4qvzxvaol,1c8m2ko0wxq1asfkuykurdr0y,Crystal Palace FC,Crystal Palace,Palace,CRY,1.0,9.292,1.0,6.405,0.0,0.0,0.0,0.0,9.292,6.405,0.0,0.0,1.0,0.0,2.0,0.0,0.0,0.0,0.0,0.0,0.0,,,,,,,,,,108413.0,16.0,1.0,0.0,0.0,0.0,0.0,0.003,0.003,0.0,0.0,Will,Hughes,1995-04-17,31.42,31.0,19.0,Midfielder,Central Midfielder,dbebh5mvzowjrp7h4qvzxvaol,1c8m2ko0wxq1asfkuykurdr0y,Crystal Palace FC,Crystal Palace,Palace,CRY,108413.0,16.0,1.0,4.0,3.0,75.0,2.0,1.0,50.0,0.0,0.0,0.0,0.0,0.0,0.0,Will,Hughes,1995-04-17,31.42,31.0,19.0,Midfielder,Central Midfielder,dbebh5mvzowjrp7h4qvzxvaol,1c8m2ko0wxq1asfkuykurdr0y,Crystal Palace FC,Crystal Palace,Palace,CRY,108413,dbebh5mvzowjrp7h4qvzxvaol,31,1c8m2ko0wxq1asfkuykurdr0y
William Osula,538207.0,1.0,56.0,0.0,0.06,-0.06,2.0,0.0,0.0,0.03,William,Osula,2003-08-04,23.12,4.0,10.0,Forward,Striker,bf7ph89zhr5y6rtct5k9bvqc4,7vn2i2kd35zuetw6b38gw9jsz,Newcastle United FC,Newcastle United,Newcastle,NEW,4.0,66.351,3.0,54.6,0.0,0.0,1.0,1.0,16.588,18.2,1.0,0.0,2.0,2.0,0.0,3.0,1.0,33.333,3.0,0.0,0.0,,,,,,,,,,538207.0,56.0,1.0,1.0,1.0,0.0,0.0,0.139,0.139,1.0,1.0,William,Osula,2003-08-04,23.12,4.0,10.0,Forward,Striker,bf7ph89zhr5y6rtct5k9bvqc4,7vn2i2kd35zuetw6b38gw9jsz,Newcastle United FC,Newcastle United,Newcastle,NEW,538207.0,56.0,1.0,5.0,4.0,80.0,4.0,3.0,75.0,0.0,0.0,0.0,1.0,1.0,100.0,William,Osula,2003-08-04,23.12,4.0,10.0,Forward,Striker,bf7ph89zhr5y6rtct5k9bvqc4,7vn2i2kd35zuetw6b38gw9jsz,Newcastle United FC,Newcastle United,Newcastle,NEW,538207,bf7ph89zhr5y6rtct5k9bvqc4,4,7vn2i2kd35zuetw6b38gw9jsz
Wilson Isidor,437505.0,3.0,75.0,1.0,1.49,-0.49,5.0,2.0,20.0,0.3,Wilson,Isidor,2000-08-27,26.06,56.0,18.0,Forward,Striker,1yev88jhwy9w7c4v3m4yyul7t,1r3545b2dzan8yqa80gtmcjch,Sunderland AFC,Sunderland,Sunderland,SUN,6.0,48.593,3.0,25.2,0.0,0.0,0.0,0.0,8.099,8.4,0.0,0.0,2.0,0.0,0.0,9.0,6.0,66.667,8.0,1.0,12.5,,,,,,,,,,437505.0,75.0,3.0,0.0,0.0,0.0,0.0,0.007,0.007,0.0,0.0,Wilson,Isidor,2000-08-27,26.06,56.0,18.0,Forward,Striker,1yev88jhwy9w7c4v3m4yyul7t,1r3545b2dzan8yqa80gtmcjch,Sunderland AFC,Sunderland,Sunderland,SUN,437505.0,75.0,3.0,11.0,6.0,54.55,5.0,1.0,20.0,0.0,0.0,0.0,0.0,0.0,0.0,Wilson,Isidor,2000-08-27,26.06,56.0,18.0,Forward,Striker,1yev88jhwy9w7c4v3m4yyul7t,1r3545b2dzan8yqa80gtmcjch,Sunderland AFC,Sunderland,Sunderland,SUN,437505,1yev88jhwy9w7c4v3m4yyul7t,56,1r3545b2dzan8yqa80gtmcjch
Xaver Schlager,204561.0,3.0,196.0,0.0,0.08,-0.08,3.0,0.0,0.0,0.03,Xaver,Schlager,1997-09-28,28.97,17.0,21.0,Midfielder,Central Midfielder,1s1v1tweyx8wxc9hj2jrnaggl,1qtaiy11gswx327s0vkibf70n,Nottingham Forest FC,Nottingham Forest,Forest,NFO,12.0,145.746,7.0,67.725,0.0,0.0,0.0,0.0,12.146,9.675,9.0,2.0,11.0,1.0,3.0,21.0,11.0,52.381,4.0,2.0,50.0,,,,,,,,,,204561.0,196.0,3.0,0.0,0.0,0.0,0.0,0.068,0.068,0.0,0.0,Xaver,Schlager,1997-09-28,28.97,17.0,21.0,Midfielder,Central Midfielder,1s1v1tweyx8wxc9hj2jrnaggl,1qtaiy11gswx327s0vkibf70n,Nottingham Forest FC,Nottingham Forest,Forest,NFO,204561.0,196.0,3.0,69.0,59.0,85.51,16.0,13.0,81.25,1.0,0.0,0.0,0.0,0.0,0.0,Xaver,Schlager,1997-09-28,28.97,17.0,21.0,Midfielder,Central Midfielder,1s1v1tweyx8wxc9hj2jrnaggl,1qtaiy11gswx327s0vkibf70n,Nottingham Forest FC,Nottingham Forest,Forest,NFO,204561,1s1v1tweyx8wxc9hj2jrnaggl,17,1qtaiy11gswx327s0vkibf70n
Yasin Ayari,509416.0,2.0,154.0,0.0,0.28,-0.28,4.0,1.0,0.0,0.07,Yasin,Ayari,2003-10-06,22.95,36.0,26.0,Midfielder,Central Midfielder,192qpmicfd10d7mutv5y762qy,e5p0ehyguld7egzhiedpdnc3w,Brighton & Hove Albion FC,Brighton & Hove Albion,Brighton,BHA,20.0,201.598,13.0,105.0,0.0,0.0,0.0,0.0,10.08,8.077,0.0,0.0,5.0,0.0,2.0,10.0,5.0,50.0,3.0,0.0,0.0,,,,,,,,,,509416.0,154.0,2.0,2.0,2.0,2.11,0.0,0.066,0.066,0.0,0.0,Yasin,Ayari,2003-10-06,22.95,36.0,26.0,Midfielder,Central Midfielder,192qpmicfd10d7mutv5y762qy,e5p0ehyguld7egzhiedpdnc3w,Brighton & Hove Albion FC,Brighton & Hove Albion,Brighton,BHA,509416.0,154.0,2.0,98.0,89.0,90.82,23.0,18.0,78.26,0.0,0.0,0.0,0.0,0.0,0.0,Yasin,Ayari,2003-10-06,22.95,36.0,26.0,Midfielder,Central Midfielder,192qpmicfd10d7mutv5y762qy,e5p0ehyguld7egzhiedpdnc3w,Brighton & Hove Albion FC,Brighton & Hove Albion,Brighton,BHA,509416,192qpmicfd10d7mutv5y762qy,36,e5p0ehyguld7egzhiedpdnc3w
Yehor Yarmoliuk,508395.0,3.0,89.0,0.0,0.07,-0.07,2.0,0.0,0.0,0.03,Yehor,Yarmoliuk,2004-03-01,22.55,94.0,6.0,Midfielder,Attacking Midfielder,9mrmzuytv82k3u2nco9tq9y0a,7yx5dqhhphyvfisohikodajhv,Brentford FC,Brentford,Brentford,BRE,17.0,196.27,7.0,-10.395,0.0,0.0,1.0,0.0,11.545,-1.485,3.0,1.0,6.0,0.0,1.0,9.0,4.0,44.444,1.0,1.0,100.0,,,,,,,,,,508395.0,89.0,3.0,1.0,1.0,2.0,0.0,0.034,0.034,0.0,0.0,Yehor,Yarmoliuk,2004-03-01,22.55,94.0,6.0,Midfielder,Attacking Midfielder,9mrmzuytv82k3u2nco9tq9y0a,7yx5dqhhphyvfisohikodajhv,Brentford FC,Brentford,Brentford,BRE,508395.0,89.0,3.0,50.0,41.0,82.0,20.0,18.0,90.0,2.0,0.0,0.0,0.0,0.0,0.0,Yehor,Yarmoliuk,2004-03-01,22.55,94.0,6.0,Midfielder,Attacking Midfielder,9mrmzuytv82k3u2nco9tq9y0a,7yx5dqhhphyvfisohikodajhv,Brentford FC,Brentford,Brentford,BRE,508395,9mrmzuytv82k3u2nco9tq9y0a,94,7yx5dqhhphyvfisohikodajhv
Yoane Wissa,216646.0,3.0,261.0,1.0,1.34,-0.34,6.0,2.0,16.67,0.22,Yoane,Wissa,1996-09-03,30.04,4.0,9.0,Forward,Striker,bxjc2heo4ve54cyvw98qcck45,7vn2i2kd35zuetw6b38gw9jsz,Newcastle United FC,Newcastle United,Newcastle,NEW,24.0,405.685,17.0,303.555,1.0,0.0,1.0,1.0,16.904,17.856,5.0,0.0,10.0,0.0,2.0,30.0,19.0,63.333,16.0,6.0,37.5,,,,,,,,,,216646.0,261.0,3.0,2.0,2.0,2.27,0.0,0.048,0.047,1.0,1.0,Yoane,Wissa,1996-09-03,30.04,4.0,9.0,Forward,Striker,bxjc2heo4ve54cyvw98qcck45,7vn2i2kd35zuetw6b38gw9jsz,Newcastle United FC,Newcastle United,Newcastle,NEW,216646.0,261.0,3.0,49.0,35.0,71.43,15.0,11.0,73.33,1.0,1.0,100.0,1.0,0.0,0.0,Yoane,Wissa,1996-09-03,30.04,4.0,9.0,Forward,Striker,bxjc2heo4ve54cyvw98qcck45,7vn2i2kd35zuetw6b38gw9jsz,Newcastle United FC,Newcastle United,Newcastle,NEW,216646,bxjc2heo4ve54cyvw98qcck45,4,7vn2i2kd35zuetw6b38gw9jsz
Youri Tielemans,166989.0,3.0,247.0,0.0,0.55,-0.55,6.0,3.0,0.0,0.09,Youri,Tielemans,1997-05-07,29.37,1.0,18.0,Midfielder,Central Midfielder,eo4uva2gnx08xdazfaqzyz2dx,6eqit8ye8aomdsrrq0hk3v7gh,Manchester United FC,Manchester United,Man Utd,MUN,37.0,322.867,17.0,163.485,1.0,0.0,3.0,0.0,8.726,9.617,2.0,3.0,17.0,1.0,2.0,17.0,10.0,58.824,3.0,1.0,33.333,,,,,,,,,,166989.0,247.0,3.0,5.0,5.0,2.26,0.0,0.274,0.274,0.0,0.0,Youri,Tielemans,1997-05-07,29.37,1.0,18.0,Midfielder,Central Midfielder,eo4uva2gnx08xdazfaqzyz2dx,6eqit8ye8aomdsrrq0hk3v7gh,Manchester United FC,Manchester United,Man Utd,MUN,166989.0,247.0,3.0,226.0,205.0,90.71,71.0,63.0,88.73,1.0,0.0,0.0,2.0,0.0,0.0,Youri,Tielemans,1997-05-07,29.37,1.0,18.0,Midfielder,Central Midfielder,eo4uva2gnx08xdazfaqzyz2dx,6eqit8ye8aomdsrrq0hk3v7gh,Manchester United FC,Manchester United,Man Utd,MUN,166989,eo4uva2gnx08xdazfaqzyz2dx,1,6eqit8ye8aomdsrrq0hk3v7gh
Yéremy Pino,488024.0,3.0,192.0,0.0,0.36,-0.36,4.0,0.0,0.0,0.09,Yéremy,Pino,2002-10-20,23.91,31.0,10.0,Midfielder,Winger,4eezya3lwcwur6c8s6rl0rzvu,1c8m2ko0wxq1asfkuykurdr0y,Crystal Palace FC,Crystal Palace,Palace,CRY,27.0,293.2,14.0,110.46,2.0,0.0,2.0,0.0,10.859,7.89,5.0,1.0,12.0,0.0,2.0,14.0,9.0,64.286,4.0,1.0,25.0,,,,,,,,,,488024.0,192.0,3.0,5.0,4.0,5.56,20.0,0.397,0.367,0.0,0.0,Yéremy,Pino,2002-10-20,23.91,31.0,10.0,Midfielder,Winger,4eezya3lwcwur6c8s6rl0rzvu,1c8m2ko0wxq1asfkuykurdr0y,Crystal Palace FC,Crystal Palace,Palace,CRY,488024.0,192.0,3.0,81.0,64.0,79.01,25.0,17.0,68.0,7.0,2.0,28.57,4.0,2.0,50.0,Yéremy,Pino,2002-10-20,23.91,31.0,10.0,Midfielder,Winger,4eezya3lwcwur6c8s6rl0rzvu,1c8m2ko0wxq1asfkuykurdr0y,Crystal Palace FC,Crystal Palace,Palace,CRY,488024,4eezya3lwcwur6c8s6rl0rzvu,31,1c8m2ko0wxq1asfkuykurdr0y
Zach Abbott,549067.0,0.0,0.0,0.0,0.0,0.0,0.0,0.0,0.0,0.0,Zach,Abbott,2006-05-13,20.35,17.0,44.0,Defender,Central Defender,549067,1qtaiy11gswx327s0vkibf70n,Nottingham Forest FC,Nottingham Forest,Forest,NFO,0.0,0.0,0.0,0.0,0.0,0.0,0.0,0.0,0.0,0.0,0.0,0.0,0.0,0.0,0.0,0.0,0.0,0.0,0.0,0.0,0.0,,,,,,,,,,549067.0,0.0,0.0,0.0,0.0,0.0,0.0,0.0,0.0,0.0,0.0,Zach,Abbott,2006-05-13,20.35,17.0,44.0,Defender,Central Defender,549067,1qtaiy11gswx327s0vkibf70n,Nottingham Forest FC,Nottingham Forest,Forest,NFO,549067.0,0.0,0.0,0.0,0.0,0.0,0.0,0.0,0.0,0.0,0.0,0.0,0.0,0.0,0.0,Zach,Abbott,2006-05-13,20.35,17.0,44.0,Defender,Central Defender,549067,1qtaiy11gswx327s0vkibf70n,Nottingham Forest FC,Nottingham Forest,Forest,NFO,549067,549067,17,1qtaiy11gswx327s0vkibf70n
Zadok Yohanna,700308.0,1.0,12.0,0.0,0.0,0.0,0.0,0.0,0.0,0.0,Zadok,Yohanna,2007-06-29,19.22,36.0,36.0,Forward,Winger,9rc52qb9ok79fbfbesv2amuj8,e5p0ehyguld7egzhiedpdnc3w,Brighton & Hove Albion FC,Brighton & Hove Albion,Brighton,BHA,2.0,20.1,2.0,19.005,0.0,0.0,0.0,0.0,10.05,9.502,0.0,0.0,0.0,0.0,0.0,4.0,1.0,25.0,0.0,0.0,0.0,,,,,,,,,,700308.0,12.0,1.0,0.0,0.0,0.0,0.0,0.026,0.026,0.0,0.0,Zadok,Yohanna,2007-06-29,19.22,36.0,36.0,Forward,Winger,9rc52qb9ok79fbfbesv2amuj8,e5p0ehyguld7egzhiedpdnc3w,Brighton & Hove Albion FC,Brighton & Hove Albion,Brighton,BHA,700308.0,12.0,1.0,5.0,5.0,100.0,4.0,4.0,100.0,0.0,0.0,0.0,0.0,0.0,0.0,Zadok,Yohanna,2007-06-29,19.22,36.0,36.0,Forward,Winger,9rc52qb9ok79fbfbesv2amuj8,e5p0ehyguld7egzhiedpdnc3w,Brighton & Hove Albion FC,Brighton & Hove Albion,Brighton,BHA,700308,9rc52qb9ok79fbfbesv2amuj8,36,e5p0ehyguld7egzhiedpdnc3w
Zavier Gozo,559152.0,1.0,22.0,0.0,0.0,0.0,0.0,0.0,0.0,0.0,Zavier,Gozo,2007-03-22,19.49,31.0,12.0,Forward,Winger,72xq9zy27facbbowtwsuzw0lw,1c8m2ko0wxq1asfkuykurdr0y,Crystal Palace FC,Crystal Palace,Palace,CRY,1.0,5.88,0.0,4.935,0.0,0.0,0.0,0.0,5.88,0.0,1.0,0.0,0.0,0.0,0.0,6.0,1.0,16.667,0.0,0.0,0.0,,,,,,,,,,559152.0,22.0,1.0,0.0,0.0,0.0,0.0,0.001,0.001,0.0,0.0,Zavier,Gozo,2007-03-22,19.49,31.0,12.0,Forward,Winger,72xq9zy27facbbowtwsuzw0lw,1c8m2ko0wxq1asfkuykurdr0y,Crystal Palace FC,Crystal Palace,Palace,CRY,559152.0,22.0,1.0,4.0,3.0,75.0,1.0,1.0,100.0,0.0,0.0,0.0,0.0,0.0,0.0,Zavier,Gozo,2007-03-22,19.49,31.0,12.0,Forward,Winger,72xq9zy27facbbowtwsuzw0lw,1c8m2ko0wxq1asfkuykurdr0y,Crystal Palace FC,Crystal Palace,Palace,CRY,559152,72xq9zy27facbbowtwsuzw0lw,31,1c8m2ko0wxq1asfkuykurdr0y
Zian Flemming,431639.0,1.0,24.0,0.0,0.02,-0.02,1.0,1.0,0.0,0.02,Zian,Flemming,1998-08-01,28.13,40.0,9.0,Forward,Striker,7s79un28qujnx64qwl49wy4tl,8b523ujgl21tbc01me65q0aoh,Ipswich Town FC,Ipswich Town,Ipswich,IPS,3.0,25.758,1.0,13.965,0.0,0.0,0.0,0.0,8.586,13.965,0.0,0.0,0.0,0.0,0.0,2.0,1.0,50.0,0.0,0.0,0.0,,,,,,,,,,431639.0,24.0,1.0,0.0,0.0,0.0,0.0,0.007,0.007,0.0,0.0,Zian,Flemming,1998-08-01,28.13,40.0,9.0,Forward,Striker,7s79un28qujnx64qwl49wy4tl,8b523ujgl21tbc01me65q0aoh,Ipswich Town FC,Ipswich Town,Ipswich,IPS,431639.0,24.0,1.0,5.0,2.0,40.0,5.0,2.0,40.0,0.0,0.0,0.0,0.0,0.0,0.0,Zian,Flemming,1998-08-01,28.13,40.0,9.0,Forward,Striker,7s79un28qujnx64qwl49wy4tl,8b523ujgl21tbc01me65q0aoh,Ipswich Town FC,Ipswich Town,Ipswich,IPS,431639,7s79un28qujnx64qwl49wy4tl,40,8b523ujgl21tbc01me65q0aoh
Zion Suzuki,,,,,,,,,,,,,,,,,,,,,,,,,,,,,,,,,,,,,,,,,,,,,,270.0,67.0,0.0,1.0,5.0,83.33,-0.04,0.0,0.96,,,,,,,,,,,,,,,,,,,,,,,,,,,,,,,,,,,,,,,,,,,,,,,,,,,,,,,433969,2mfunwzltzdnmzlcjyvx752i,7,b496gs285it6bheuikox6z9mj
Álvaro Rodríguez,561245.0,1.0,9.0,0.0,0.0,0.0,0.0,0.0,0.0,0.0,Álvaro,Rodríguez,2004-07-14,22.18,91.0,30.0,Forward,Striker,osme4gegtnhlldt4lsqf56ac,1pse9ta7a45pi2w2grjim70ge,AFC Bournemouth,Bournemouth,Bournemouth,BOU,2.0,16.791,0.0,-16.17,0.0,0.0,0.0,0.0,8.396,0.0,0.0,0.0,1.0,0.0,0.0,2.0,2.0,100.0,4.0,0.0,0.0,,,,,,,,,,561245.0,9.0,1.0,0.0,0.0,0.0,0.0,0.0,0.0,0.0,0.0,Álvaro,Rodríguez,2004-07-14,22.18,91.0,30.0,Forward,Striker,osme4gegtnhlldt4lsqf56ac,1pse9ta7a45pi2w2grjim70ge,AFC Bournemouth,Bournemouth,Bournemouth,BOU,561245.0,9.0,1.0,3.0,2.0,66.67,0.0,0.0,0.0,0.0,0.0,0.0,0.0,0.0,0.0,Álvaro,Rodríguez,2004-07-14,22.18,91.0,30.0,Forward,Striker,osme4gegtnhlldt4lsqf56ac,1pse9ta7a45pi2w2grjim70ge,AFC Bournemouth,Bournemouth,Bournemouth,BOU,561245,osme4gegtnhlldt4lsqf56ac,91,1pse9ta7a45pi2w2grjim70ge
Óscar Mingueza,242313.0,2.0,16.0,0.0,0.0,0.0,0.0,0.0,0.0,0.0,Óscar,Mingueza,1999-05-13,27.35,31.0,30.0,Defender,Central Defender,c3sl9ajm4q424r4u37iath3hl,1c8m2ko0wxq1asfkuykurdr0y,Crystal Palace FC,Crystal Palace,Palace,CRY,0.0,0.0,0.0,0.0,0.0,0.0,0.0,0.0,0.0,0.0,2.0,0.0,1.0,0.0,0.0,4.0,2.0,50.0,1.0,0.0,0.0,,,,,,,,,,242313.0,16.0,2.0,0.0,0.0,0.0,0.0,0.001,0.001,0.0,0.0,Óscar,Mingueza,1999-05-13,27.35,31.0,30.0,Defender,Central Defender,c3sl9ajm4q424r4u37iath3hl,1c8m2ko0wxq1asfkuykurdr0y,Crystal Palace FC,Crystal Palace,Palace,CRY,242313.0,16.0,2.0,5.0,3.0,60.0,1.0,0.0,0.0,0.0,0.0,0.0,0.0,0.0,0.0,Óscar,Mingueza,1999-05-13,27.35,31.0,30.0,Defender,Central Defender,c3sl9ajm4q424r4u37iath3hl,1c8m2ko0wxq1asfkuykurdr0y,Crystal Palace FC,Crystal Palace,Palace,CRY,242313,c3sl9ajm4q424r4u37iath3hl,31,1c8m2ko0wxq1asfkuykurdr0y
