player,attack_player_id,attack_apps,attack_mins_played,attack_goals,attack_xg,attack_goals_vs_xg,attack_shots,attack_shots_on_target,attack_shot_conv,attack_xg_per_shot,attack_first_name,attack_last_name,attack_date_of_birth,attack_age,attack_team_id,attack_shirt_number,attack_squad_position,attack_squad_position_detailed,attack_player_uuid,attack_team_uuid,attack_contestantName,attack_contestantClubName,attack_contestantShortName,attack_contestantCode,carries_carries,carries_carry_distance,carries_progressive_carries,carries_progressive_distance,carries_shot_ending,carries_goal_ending,carries_chance_ending,carries_assist_ending,carries_dist_per_carry,carries_dist_per_progressive_carry,defending_tackles,defending_interceptions,defending_recoveries,defending_blocks,defending_clearances,defending_ground_duels,defending_ground_duels_won,defending_ground_duel_perc,defending_aerial_duels,defending_aerial_duels_won,defending_aerial_duel_perc,goalkeeping_team_mins,goalkeeping_team_mins_perc,goalkeeping_ogs,goalkeeping_goals_conceded,goalkeeping_saves_made,goalkeeping_save_perc,goalkeeping_goals_prevented,goalkeeping_goals_prevented_rate,goalkeeping_xgot_conceded,possession_chanceCreation_player_id,possession_chanceCreation_mins_played,possession_chanceCreation_apps,possession_chanceCreation_chances_created,possession_chanceCreation_op_chances_created,possession_chanceCreation_chances_per_100_pass,possession_chanceCreation_chances_sp_op_ratio,possession_chanceCreation_xa,possession_chanceCreation_op_xa,possession_chanceCreation_assists,possession_chanceCreation_op_assists,possession_chanceCreation_first_name,possession_chanceCreation_last_name,possession_chanceCreation_date_of_birth,possession_chanceCreation_age,possession_chanceCreation_team_id,possession_chanceCreation_shirt_number,possession_chanceCreation_squad_position,possession_chanceCreation_squad_position_detailed,possession_chanceCreation_player_uuid,possession_chanceCreation_team_uuid,possession_chanceCreation_contestantName,possession_chanceCreation_contestantClubName,possession_chanceCreation_contestantShortName,possession_chanceCreation_contestantCode,possession_passing_player_id,possession_passing_mins_played,possession_passing_apps,possession_passing_passes,possession_passing_successful_passes,possession_passing_pass_perc,possession_passing_total_final_third_passes,possession_passing_successful_final_third_passes,possession_passing_ft_pass_perc,possession_passing_op_crosses,possession_passing_successful_op_crosses,possession_passing_cross_perc,possession_passing_through_balls,possession_passing_successful_through_balls,possession_passing_through_ball_perc,possession_passing_first_name,possession_passing_last_name,possession_passing_date_of_birth,possession_passing_age,possession_passing_team_id,possession_passing_shirt_number,possession_passing_squad_position,possession_passing_squad_position_detailed,possession_passing_player_uuid,possession_passing_team_uuid,possession_passing_contestantName,possession_passing_contestantClubName,possession_passing_contestantShortName,possession_passing_contestantCode,opta_player_id,opta_player_uuid,opta_team_id,opta_team_uuid
Aarón Martín,234369.0,0.0,0.0,0.0,0.0,0.0,0.0,0.0,0.0,0.0,Aarón,Martín,1997-04-22,29.41,990.0,3.0,Defender,Full Back,234369,4kumqzwifv478caxed8zywlh3,Genoa CFC,Genoa,Genoa,GEN,0.0,0.0,0.0,0.0,0.0,0.0,0.0,0.0,0.0,0.0,0.0,0.0,0.0,0.0,0.0,0.0,0.0,0.0,0.0,0.0,0.0,,,,,,,,,,234369.0,0.0,0.0,0.0,0.0,0.0,0.0,0.0,0.0,0.0,0.0,Aarón,Martín,1997-04-22,29.41,990.0,3.0,Defender,Full Back,234369,4kumqzwifv478caxed8zywlh3,Genoa CFC,Genoa,Genoa,GEN,234369.0,0.0,0.0,0.0,0.0,0.0,0.0,0.0,0.0,0.0,0.0,0.0,0.0,0.0,0.0,Aarón,Martín,1997-04-22,29.41,990.0,3.0,Defender,Full Back,234369,4kumqzwifv478caxed8zywlh3,Genoa CFC,Genoa,Genoa,GEN,234369,234369,990,4kumqzwifv478caxed8zywlh3
Abdou-Salam Konate,604265.0,2.0,94.0,0.0,0.02,-0.02,1.0,0.0,0.0,0.02,Abdou-Salam,Konate,2006-11-25,19.81,131.0,47.0,Midfielder,Central Midfielder,5cbgzhflcbbrh3s1bbb5cx4pg,5aosfavi55p40c65lkriqnqnl,Parma Calcio 1913,Parma,Parma,PAR,6.0,51.725,2.0,30.45,0.0,0.0,0.0,0.0,8.621,15.225,3.0,2.0,6.0,0.0,1.0,12.0,6.0,50.0,1.0,1.0,100.0,,,,,,,,,,604265.0,94.0,2.0,0.0,0.0,0.0,0.0,0.007,0.006,0.0,0.0,Abdou-Salam,Konate,2006-11-25,19.81,131.0,47.0,Midfielder,Central Midfielder,5cbgzhflcbbrh3s1bbb5cx4pg,5aosfavi55p40c65lkriqnqnl,Parma Calcio 1913,Parma,Parma,PAR,604265.0,94.0,2.0,50.0,42.0,84.0,5.0,2.0,40.0,0.0,0.0,0.0,0.0,0.0,0.0,Abdou-Salam,Konate,2006-11-25,19.81,131.0,47.0,Midfielder,Central Midfielder,5cbgzhflcbbrh3s1bbb5cx4pg,5aosfavi55p40c65lkriqnqnl,Parma Calcio 1913,Parma,Parma,PAR,604265,5cbgzhflcbbrh3s1bbb5cx4pg,131,5aosfavi55p40c65lkriqnqnl
Abdoulaye Ndiaye,484743.0,1.0,90.0,0.0,0.1,-0.1,1.0,0.0,0.0,0.1,Abdoulaye,Ndiaye,2002-04-10,24.44,131.0,3.0,Defender,Central Defender,7pd1rtu3x4tjacwmvuodib4oa,5aosfavi55p40c65lkriqnqnl,Parma Calcio 1913,Parma,Parma,PAR,14.0,162.756,10.0,112.245,0.0,0.0,0.0,0.0,11.625,11.224,3.0,0.0,2.0,0.0,4.0,10.0,6.0,60.0,0.0,0.0,0.0,,,,,,,,,,484743.0,90.0,1.0,0.0,0.0,0.0,0.0,0.003,0.003,0.0,0.0,Abdoulaye,Ndiaye,2002-04-10,24.44,131.0,3.0,Defender,Central Defender,7pd1rtu3x4tjacwmvuodib4oa,5aosfavi55p40c65lkriqnqnl,Parma Calcio 1913,Parma,Parma,PAR,484743.0,90.0,1.0,60.0,54.0,90.0,3.0,0.0,0.0,0.0,0.0,0.0,0.0,0.0,0.0,Abdoulaye,Ndiaye,2002-04-10,24.44,131.0,3.0,Defender,Central Defender,7pd1rtu3x4tjacwmvuodib4oa,5aosfavi55p40c65lkriqnqnl,Parma Calcio 1913,Parma,Parma,PAR,484743,7pd1rtu3x4tjacwmvuodib4oa,131,5aosfavi55p40c65lkriqnqnl
Adam Bakoune,578303.0,2.0,79.0,0.0,0.0,0.0,0.0,0.0,0.0,0.0,Adam,Bakoune,2006-02-06,20.61,742.0,24.0,Defender,Wing Back,e1stdqg5nnekau6lis7nqsg0k,67z1gqyiuzpmmb15q5fy7ntc4,AC Monza,Monza,Monza,MON,9.0,88.344,6.0,54.915,0.0,0.0,0.0,0.0,9.816,9.152,1.0,4.0,11.0,0.0,1.0,8.0,3.0,37.5,0.0,0.0,0.0,,,,,,,,,,578303.0,79.0,2.0,0.0,0.0,0.0,0.0,0.005,0.005,0.0,0.0,Adam,Bakoune,2006-02-06,20.61,742.0,24.0,Defender,Wing Back,e1stdqg5nnekau6lis7nqsg0k,67z1gqyiuzpmmb15q5fy7ntc4,AC Monza,Monza,Monza,MON,578303.0,79.0,2.0,26.0,19.0,73.08,8.0,5.0,62.5,1.0,0.0,0.0,0.0,0.0,0.0,Adam,Bakoune,2006-02-06,20.61,742.0,24.0,Defender,Wing Back,e1stdqg5nnekau6lis7nqsg0k,67z1gqyiuzpmmb15q5fy7ntc4,AC Monza,Monza,Monza,MON,578303,e1stdqg5nnekau6lis7nqsg0k,742,67z1gqyiuzpmmb15q5fy7ntc4
Adam Marusic,169107.0,1.0,19.0,0.0,0.0,0.0,0.0,0.0,0.0,0.0,Adam,Marusic,1992-10-17,33.92,129.0,77.0,Defender,Full Back,a22hb1s02edsj7t38out5r3rp,btcy9nra9ak4m22ovr2ia6m5v,SS Lazio,Lazio,Lazio,LAZ,0.0,0.0,0.0,0.0,0.0,0.0,0.0,0.0,0.0,0.0,1.0,0.0,0.0,0.0,1.0,5.0,2.0,40.0,0.0,0.0,0.0,,,,,,,,,,169107.0,19.0,1.0,0.0,0.0,0.0,0.0,0.0,0.0,0.0,0.0,Adam,Marusic,1992-10-17,33.92,129.0,77.0,Defender,Full Back,a22hb1s02edsj7t38out5r3rp,btcy9nra9ak4m22ovr2ia6m5v,SS Lazio,Lazio,Lazio,LAZ,169107.0,19.0,1.0,10.0,7.0,70.0,1.0,0.0,0.0,0.0,0.0,0.0,0.0,0.0,0.0,Adam,Marusic,1992-10-17,33.92,129.0,77.0,Defender,Full Back,a22hb1s02edsj7t38out5r3rp,btcy9nra9ak4m22ovr2ia6m5v,SS Lazio,Lazio,Lazio,LAZ,169107,a22hb1s02edsj7t38out5r3rp,129,btcy9nra9ak4m22ovr2ia6m5v
Adam Obert,484995.0,3.0,267.0,0.0,0.08,-0.08,2.0,1.0,0.0,0.04,Adam,Obert,2002-08-23,24.07,124.0,33.0,Defender,Central Defender,2uvexgjeidkvy6qu4i2nf14a,5rwlg5cfv1hu7yf0ek1zxpzy3,Cagliari Calcio,Cagliari,Cagliari,CAG,30.0,293.411,17.0,172.305,1.0,0.0,1.0,0.0,9.78,10.136,4.0,3.0,14.0,2.0,7.0,10.0,6.0,60.0,3.0,1.0,33.333,,,,,,,,,,484995.0,267.0,3.0,3.0,3.0,2.88,0.0,0.165,0.165,0.0,0.0,Adam,Obert,2002-08-23,24.07,124.0,33.0,Defender,Central Defender,2uvexgjeidkvy6qu4i2nf14a,5rwlg5cfv1hu7yf0ek1zxpzy3,Cagliari Calcio,Cagliari,Cagliari,CAG,484995.0,267.0,3.0,105.0,95.0,90.48,17.0,14.0,82.35,12.0,1.0,8.33,0.0,0.0,0.0,Adam,Obert,2002-08-23,24.07,124.0,33.0,Defender,Central Defender,2uvexgjeidkvy6qu4i2nf14a,5rwlg5cfv1hu7yf0ek1zxpzy3,Cagliari Calcio,Cagliari,Cagliari,CAG,484995,2uvexgjeidkvy6qu4i2nf14a,124,5rwlg5cfv1hu7yf0ek1zxpzy3
Adam Zulevic,662323.0,1.0,3.0,0.0,0.0,0.0,0.0,0.0,0.0,0.0,Adam,Zulevic,2007-09-14,19.01,990.0,80.0,Forward,Striker,3l9tawvteu62tvyy8ontwyln8,4kumqzwifv478caxed8zywlh3,Genoa CFC,Genoa,Genoa,GEN,0.0,0.0,0.0,0.0,0.0,0.0,0.0,0.0,0.0,0.0,0.0,0.0,0.0,0.0,0.0,0.0,0.0,0.0,1.0,0.0,0.0,,,,,,,,,,662323.0,3.0,1.0,0.0,0.0,0.0,0.0,0.0,0.0,0.0,0.0,Adam,Zulevic,2007-09-14,19.01,990.0,80.0,Forward,Striker,3l9tawvteu62tvyy8ontwyln8,4kumqzwifv478caxed8zywlh3,Genoa CFC,Genoa,Genoa,GEN,662323.0,3.0,1.0,1.0,1.0,100.0,0.0,0.0,0.0,0.0,0.0,0.0,0.0,0.0,0.0,Adam,Zulevic,2007-09-14,19.01,990.0,80.0,Forward,Striker,3l9tawvteu62tvyy8ontwyln8,4kumqzwifv478caxed8zywlh3,Genoa CFC,Genoa,Genoa,GEN,662323,3l9tawvteu62tvyy8ontwyln8,990,4kumqzwifv478caxed8zywlh3
Adrian Lahdo,649948.0,0.0,0.0,0.0,0.0,0.0,0.0,0.0,0.0,0.0,Adrian,Lahdo,2007-12-26,18.72,1065.0,15.0,Midfielder,Central Midfielder,649948,6uzfw7ahyxg4wrrfxo5u7qt0n,Calcio Como 1907,Como,Como,COM,0.0,0.0,0.0,0.0,0.0,0.0,0.0,0.0,0.0,0.0,0.0,0.0,0.0,0.0,0.0,0.0,0.0,0.0,0.0,0.0,0.0,,,,,,,,,,649948.0,0.0,0.0,0.0,0.0,0.0,0.0,0.0,0.0,0.0,0.0,Adrian,Lahdo,2007-12-26,18.72,1065.0,15.0,Midfielder,Central Midfielder,649948,6uzfw7ahyxg4wrrfxo5u7qt0n,Calcio Como 1907,Como,Como,COM,649948.0,0.0,0.0,0.0,0.0,0.0,0.0,0.0,0.0,0.0,0.0,0.0,0.0,0.0,0.0,Adrian,Lahdo,2007-12-26,18.72,1065.0,15.0,Midfielder,Central Midfielder,649948,6uzfw7ahyxg4wrrfxo5u7qt0n,Calcio Como 1907,Como,Como,COM,649948,649948,1065,6uzfw7ahyxg4wrrfxo5u7qt0n
Adrian Przyborek,609683.0,0.0,0.0,0.0,0.0,0.0,0.0,0.0,0.0,0.0,Adrian,Przyborek,2007-01-01,19.71,129.0,28.0,Midfielder,Attacking Midfielder,609683,btcy9nra9ak4m22ovr2ia6m5v,SS Lazio,Lazio,Lazio,LAZ,0.0,0.0,0.0,0.0,0.0,0.0,0.0,0.0,0.0,0.0,0.0,0.0,0.0,0.0,0.0,0.0,0.0,0.0,0.0,0.0,0.0,,,,,,,,,,609683.0,0.0,0.0,0.0,0.0,0.0,0.0,0.0,0.0,0.0,0.0,Adrian,Przyborek,2007-01-01,19.71,129.0,28.0,Midfielder,Attacking Midfielder,609683,btcy9nra9ak4m22ovr2ia6m5v,SS Lazio,Lazio,Lazio,LAZ,609683.0,0.0,0.0,0.0,0.0,0.0,0.0,0.0,0.0,0.0,0.0,0.0,0.0,0.0,0.0,Adrian,Przyborek,2007-01-01,19.71,129.0,28.0,Midfielder,Attacking Midfielder,609683,btcy9nra9ak4m22ovr2ia6m5v,SS Lazio,Lazio,Lazio,LAZ,609683,609683,129,btcy9nra9ak4m22ovr2ia6m5v
Adrien Rabiot,120743.0,3.0,126.0,1.0,0.5,0.5,3.0,1.0,33.33,0.17,Adrien,Rabiot,1995-04-03,31.46,120.0,12.0,Midfielder,Central Midfielder,2nddcty9qris2mmeldon0ogd1,9dntj5dioj5ex52yrgwzxrq9l,AC Milan,Milan,Milan,MIL,18.0,190.12,8.0,98.07,0.0,0.0,1.0,1.0,10.562,12.259,2.0,0.0,4.0,1.0,3.0,11.0,6.0,54.545,5.0,2.0,40.0,,,,,,,,,,120743.0,126.0,3.0,1.0,1.0,0.0,0.0,0.072,0.072,1.0,1.0,Adrien,Rabiot,1995-04-03,31.46,120.0,12.0,Midfielder,Central Midfielder,2nddcty9qris2mmeldon0ogd1,9dntj5dioj5ex52yrgwzxrq9l,AC Milan,Milan,Milan,MIL,120743.0,126.0,3.0,70.0,56.0,80.0,28.0,21.0,75.0,2.0,1.0,50.0,0.0,0.0,0.0,Adrien,Rabiot,1995-04-03,31.46,120.0,12.0,Midfielder,Central Midfielder,2nddcty9qris2mmeldon0ogd1,9dntj5dioj5ex52yrgwzxrq9l,AC Milan,Milan,Milan,MIL,120743,2nddcty9qris2mmeldon0ogd1,120,9dntj5dioj5ex52yrgwzxrq9l
Adrián Bernabé,449926.0,2.0,146.0,0.0,0.02,-0.02,1.0,0.0,0.0,0.02,Adrián,Bernabé,2001-05-26,25.31,131.0,10.0,Midfielder,0,b7l20ljluxk74v0ok82s0iz56,5aosfavi55p40c65lkriqnqnl,Parma Calcio 1913,Parma,Parma,PAR,21.0,207.698,10.0,64.995,0.0,0.0,1.0,0.0,9.89,6.5,2.0,2.0,8.0,0.0,2.0,15.0,10.0,66.667,1.0,0.0,0.0,,,,,,,,,,449926.0,146.0,2.0,3.0,2.0,2.38,33.33,0.091,0.087,0.0,0.0,Adrián,Bernabé,2001-05-26,25.31,131.0,10.0,Midfielder,0,b7l20ljluxk74v0ok82s0iz56,5aosfavi55p40c65lkriqnqnl,Parma Calcio 1913,Parma,Parma,PAR,449926.0,146.0,2.0,90.0,76.0,84.44,22.0,13.0,59.09,1.0,1.0,100.0,1.0,0.0,0.0,Adrián,Bernabé,2001-05-26,25.31,131.0,10.0,Midfielder,0,b7l20ljluxk74v0ok82s0iz56,5aosfavi55p40c65lkriqnqnl,Parma Calcio 1913,Parma,Parma,PAR,449926,b7l20ljluxk74v0ok82s0iz56,131,5aosfavi55p40c65lkriqnqnl
Akor Adams,484640.0,3.0,250.0,0.0,0.98,-0.98,8.0,3.0,0.0,0.12,Akor,Adams,2000-01-29,26.64,137.0,45.0,Forward,Striker,6mf11pv0pfvyl9vom1i1pi0yy,565sm63rjm2y7xeae0dcdbtnu,Venezia FC,Venezia,Venezia,VEN,13.0,165.661,8.0,113.61,2.0,0.0,1.0,0.0,12.743,14.201,0.0,1.0,4.0,0.0,2.0,15.0,6.0,40.0,12.0,6.0,50.0,,,,,,,,,,484640.0,250.0,3.0,2.0,2.0,5.13,0.0,0.034,0.033,0.0,0.0,Akor,Adams,2000-01-29,26.64,137.0,45.0,Forward,Striker,6mf11pv0pfvyl9vom1i1pi0yy,565sm63rjm2y7xeae0dcdbtnu,Venezia FC,Venezia,Venezia,VEN,484640.0,250.0,3.0,39.0,25.0,64.1,21.0,14.0,66.67,1.0,0.0,0.0,1.0,0.0,0.0,Akor,Adams,2000-01-29,26.64,137.0,45.0,Forward,Striker,6mf11pv0pfvyl9vom1i1pi0yy,565sm63rjm2y7xeae0dcdbtnu,Venezia FC,Venezia,Venezia,VEN,484640,6mf11pv0pfvyl9vom1i1pi0yy,137,565sm63rjm2y7xeae0dcdbtnu
Albert Gudmundsson,215147.0,2.0,81.0,1.0,0.51,0.49,6.0,2.0,16.67,0.09,Albert,Gudmundsson,1997-06-15,29.26,129.0,80.0,Forward,Winger,ejzxqtdo5xxvbg6gvtju3lk9h,btcy9nra9ak4m22ovr2ia6m5v,SS Lazio,Lazio,Lazio,LAZ,12.0,144.871,8.0,97.545,2.0,0.0,3.0,0.0,12.073,12.193,1.0,0.0,2.0,0.0,1.0,5.0,2.0,40.0,0.0,0.0,0.0,,,,,,,,,,215147.0,81.0,2.0,6.0,5.0,22.73,16.67,0.86,0.83,0.0,0.0,Albert,Gudmundsson,1997-06-15,29.26,129.0,80.0,Forward,Winger,ejzxqtdo5xxvbg6gvtju3lk9h,btcy9nra9ak4m22ovr2ia6m5v,SS Lazio,Lazio,Lazio,LAZ,215147.0,81.0,2.0,23.0,21.0,91.3,11.0,11.0,100.0,0.0,0.0,0.0,0.0,0.0,0.0,Albert,Gudmundsson,1997-06-15,29.26,129.0,80.0,Forward,Winger,ejzxqtdo5xxvbg6gvtju3lk9h,btcy9nra9ak4m22ovr2ia6m5v,SS Lazio,Lazio,Lazio,LAZ,215147,ejzxqtdo5xxvbg6gvtju3lk9h,129,btcy9nra9ak4m22ovr2ia6m5v
Alberto Dossena,247014.0,0.0,0.0,0.0,0.0,0.0,0.0,0.0,0.0,0.0,Alberto,Dossena,1998-10-13,27.93,1065.0,13.0,Defender,Central Defender,247014,6uzfw7ahyxg4wrrfxo5u7qt0n,Calcio Como 1907,Como,Como,COM,0.0,0.0,0.0,0.0,0.0,0.0,0.0,0.0,0.0,0.0,0.0,0.0,0.0,0.0,0.0,0.0,0.0,0.0,0.0,0.0,0.0,,,,,,,,,,247014.0,0.0,0.0,0.0,0.0,0.0,0.0,0.0,0.0,0.0,0.0,Alberto,Dossena,1998-10-13,27.93,1065.0,13.0,Defender,Central Defender,247014,6uzfw7ahyxg4wrrfxo5u7qt0n,Calcio Como 1907,Como,Como,COM,247014.0,0.0,0.0,0.0,0.0,0.0,0.0,0.0,0.0,0.0,0.0,0.0,0.0,0.0,0.0,Alberto,Dossena,1998-10-13,27.93,1065.0,13.0,Defender,Central Defender,247014,6uzfw7ahyxg4wrrfxo5u7qt0n,Calcio Como 1907,Como,Como,COM,247014,247014,1065,6uzfw7ahyxg4wrrfxo5u7qt0n
Albion Rrahmani,543173.0,3.0,60.0,0.0,0.35,-0.35,4.0,1.0,0.0,0.09,Albion,Rrahmani,2000-08-31,26.05,137.0,7.0,Forward,Striker,8byp1lyd4twbvremuoip7zfv8,565sm63rjm2y7xeae0dcdbtnu,Venezia FC,Venezia,Venezia,VEN,8.0,63.754,2.0,4.725,2.0,0.0,0.0,0.0,7.969,2.362,2.0,1.0,2.0,0.0,0.0,10.0,3.0,30.0,4.0,2.0,50.0,,,,,,,,,,543173.0,60.0,3.0,0.0,0.0,0.0,0.0,0.004,0.004,0.0,0.0,Albion,Rrahmani,2000-08-31,26.05,137.0,7.0,Forward,Striker,8byp1lyd4twbvremuoip7zfv8,565sm63rjm2y7xeae0dcdbtnu,Venezia FC,Venezia,Venezia,VEN,543173.0,60.0,3.0,14.0,9.0,64.29,7.0,3.0,42.86,0.0,0.0,0.0,1.0,0.0,0.0,Albion,Rrahmani,2000-08-31,26.05,137.0,7.0,Forward,Striker,8byp1lyd4twbvremuoip7zfv8,565sm63rjm2y7xeae0dcdbtnu,Venezia FC,Venezia,Venezia,VEN,543173,8byp1lyd4twbvremuoip7zfv8,137,565sm63rjm2y7xeae0dcdbtnu
Ale Gomes,712678.0,0.0,0.0,0.0,0.0,0.0,0.0,0.0,0.0,0.0,Ale,Gomes,2008-02-14,18.59,137.0,95.0,Defender,Central Defender,712678,565sm63rjm2y7xeae0dcdbtnu,Venezia FC,Venezia,Venezia,VEN,0.0,0.0,0.0,0.0,0.0,0.0,0.0,0.0,0.0,0.0,0.0,0.0,0.0,0.0,0.0,0.0,0.0,0.0,0.0,0.0,0.0,,,,,,,,,,712678.0,0.0,0.0,0.0,0.0,0.0,0.0,0.0,0.0,0.0,0.0,Ale,Gomes,2008-02-14,18.59,137.0,95.0,Defender,Central Defender,712678,565sm63rjm2y7xeae0dcdbtnu,Venezia FC,Venezia,Venezia,VEN,712678.0,0.0,0.0,0.0,0.0,0.0,0.0,0.0,0.0,0.0,0.0,0.0,0.0,0.0,0.0,Ale,Gomes,2008-02-14,18.59,137.0,95.0,Defender,Central Defender,712678,565sm63rjm2y7xeae0dcdbtnu,Venezia FC,Venezia,Venezia,VEN,712678,712678,137,565sm63rjm2y7xeae0dcdbtnu
Aleksa Terzic,430847.0,2.0,30.0,0.0,0.01,-0.01,1.0,0.0,0.0,0.01,Aleksa,Terzic,1999-08-17,27.09,2037.0,71.0,Defender,Full Back,3jtsqwoi9w0dxxneld0mt5rs9,5khizzei8z0qbb7exz622wxw3,Frosinone Calcio,Frosinone,Frosinone,FRO,3.0,32.401,2.0,17.64,1.0,0.0,0.0,0.0,10.8,8.82,0.0,0.0,1.0,0.0,1.0,4.0,1.0,25.0,2.0,2.0,100.0,,,,,,,,,,430847.0,30.0,2.0,1.0,1.0,11.11,0.0,0.023,0.023,0.0,0.0,Aleksa,Terzic,1999-08-17,27.09,2037.0,71.0,Defender,Full Back,3jtsqwoi9w0dxxneld0mt5rs9,5khizzei8z0qbb7exz622wxw3,Frosinone Calcio,Frosinone,Frosinone,FRO,430847.0,30.0,2.0,10.0,7.0,70.0,3.0,2.0,66.67,2.0,1.0,50.0,0.0,0.0,0.0,Aleksa,Terzic,1999-08-17,27.09,2037.0,71.0,Defender,Full Back,3jtsqwoi9w0dxxneld0mt5rs9,5khizzei8z0qbb7exz622wxw3,Frosinone Calcio,Frosinone,Frosinone,FRO,430847,3jtsqwoi9w0dxxneld0mt5rs9,2037,5khizzei8z0qbb7exz622wxw3
Aleksandar Stankovic,563722.0,1.0,7.0,0.0,0.0,0.0,0.0,0.0,0.0,0.0,Aleksandar,Stankovic,2005-08-03,21.12,127.0,5.0,Midfielder,Defensive Midfielder,10lpk2wft7zsd1fa38ulbakno,3vo5mpj7catp66nrwwqiuhuup,FC Internazionale Milano,Internazionale,Inter,INT,1.0,7.553,0.0,-1.05,0.0,0.0,0.0,0.0,7.553,0.0,0.0,0.0,0.0,0.0,2.0,0.0,0.0,0.0,0.0,0.0,0.0,,,,,,,,,,563722.0,7.0,1.0,0.0,0.0,0.0,0.0,0.001,0.001,0.0,0.0,Aleksandar,Stankovic,2005-08-03,21.12,127.0,5.0,Midfielder,Defensive Midfielder,10lpk2wft7zsd1fa38ulbakno,3vo5mpj7catp66nrwwqiuhuup,FC Internazionale Milano,Internazionale,Inter,INT,563722.0,7.0,1.0,13.0,13.0,100.0,0.0,0.0,0.0,0.0,0.0,0.0,0.0,0.0,0.0,Aleksandar,Stankovic,2005-08-03,21.12,127.0,5.0,Midfielder,Defensive Midfielder,10lpk2wft7zsd1fa38ulbakno,3vo5mpj7catp66nrwwqiuhuup,FC Internazionale Milano,Internazionale,Inter,INT,563722,10lpk2wft7zsd1fa38ulbakno,127,3vo5mpj7catp66nrwwqiuhuup
Alessandro Bastoni,215977.0,3.0,259.0,0.0,0.25,-0.25,2.0,0.0,0.0,0.13,Alessandro,Bastoni,1999-04-13,27.43,127.0,95.0,Defender,Central Defender,q6ns1fyw7w10xkkubh8etfc9,3vo5mpj7catp66nrwwqiuhuup,FC Internazionale Milano,Internazionale,Inter,INT,72.0,663.427,39.0,280.035,0.0,0.0,2.0,0.0,9.214,7.18,8.0,0.0,22.0,1.0,6.0,14.0,9.0,64.286,4.0,3.0,75.0,,,,,,,,,,215977.0,259.0,3.0,5.0,4.0,1.53,20.0,0.405,0.351,0.0,0.0,Alessandro,Bastoni,1999-04-13,27.43,127.0,95.0,Defender,Central Defender,q6ns1fyw7w10xkkubh8etfc9,3vo5mpj7catp66nrwwqiuhuup,FC Internazionale Milano,Internazionale,Inter,INT,215977.0,259.0,3.0,275.0,248.0,90.18,51.0,38.0,74.51,7.0,2.0,28.57,0.0,0.0,0.0,Alessandro,Bastoni,1999-04-13,27.43,127.0,95.0,Defender,Central Defender,q6ns1fyw7w10xkkubh8etfc9,3vo5mpj7catp66nrwwqiuhuup,FC Internazionale Milano,Internazionale,Inter,INT,215977,q6ns1fyw7w10xkkubh8etfc9,127,3vo5mpj7catp66nrwwqiuhuup
Alessandro Deiola,162330.0,3.0,263.0,0.0,0.14,-0.14,1.0,0.0,0.0,0.14,Alessandro,Deiola,1995-08-01,31.13,124.0,14.0,Midfielder,Defensive Midfielder,cmg6y5t0yuzeuzuxitelbvglx,5rwlg5cfv1hu7yf0ek1zxpzy3,Cagliari Calcio,Cagliari,Cagliari,CAG,21.0,178.569,8.0,38.01,0.0,0.0,0.0,0.0,8.503,4.751,5.0,2.0,11.0,2.0,11.0,10.0,6.0,60.0,2.0,0.0,0.0,,,,,,,,,,162330.0,263.0,3.0,0.0,0.0,0.0,0.0,0.03,0.029,0.0,0.0,Alessandro,Deiola,1995-08-01,31.13,124.0,14.0,Midfielder,Defensive Midfielder,cmg6y5t0yuzeuzuxitelbvglx,5rwlg5cfv1hu7yf0ek1zxpzy3,Cagliari Calcio,Cagliari,Cagliari,CAG,162330.0,263.0,3.0,113.0,101.0,89.38,12.0,9.0,75.0,0.0,0.0,0.0,0.0,0.0,0.0,Alessandro,Deiola,1995-08-01,31.13,124.0,14.0,Midfielder,Defensive Midfielder,cmg6y5t0yuzeuzuxitelbvglx,5rwlg5cfv1hu7yf0ek1zxpzy3,Cagliari Calcio,Cagliari,Cagliari,CAG,162330,cmg6y5t0yuzeuzuxitelbvglx,124,5rwlg5cfv1hu7yf0ek1zxpzy3
Alessandro Di Bitonto,666360.0,0.0,0.0,0.0,0.0,0.0,0.0,0.0,0.0,0.0,Alessandro,Di Bitonto,2005-10-08,20.94,2182.0,23.0,Defender,Central Defender,666360,6tuibxq39fdryu8ou06wcm0q3,US Sassuolo Calcio,Sassuolo,Sassuolo,SAS,0.0,0.0,0.0,0.0,0.0,0.0,0.0,0.0,0.0,0.0,0.0,0.0,0.0,0.0,0.0,0.0,0.0,0.0,0.0,0.0,0.0,,,,,,,,,,666360.0,0.0,0.0,0.0,0.0,0.0,0.0,0.0,0.0,0.0,0.0,Alessandro,Di Bitonto,2005-10-08,20.94,2182.0,23.0,Defender,Central Defender,666360,6tuibxq39fdryu8ou06wcm0q3,US Sassuolo Calcio,Sassuolo,Sassuolo,SAS,666360.0,0.0,0.0,0.0,0.0,0.0,0.0,0.0,0.0,0.0,0.0,0.0,0.0,0.0,0.0,Alessandro,Di Bitonto,2005-10-08,20.94,2182.0,23.0,Defender,Central Defender,666360,6tuibxq39fdryu8ou06wcm0q3,US Sassuolo Calcio,Sassuolo,Sassuolo,SAS,666360,666360,2182,6tuibxq39fdryu8ou06wcm0q3
Alessandro Marcandalli,624931.0,3.0,261.0,0.0,0.0,0.0,0.0,0.0,0.0,0.0,Alessandro,Marcandalli,2002-10-25,23.9,990.0,27.0,Defender,Central Defender,1lxfpn0wmr895me9xbzcfnh90,4kumqzwifv478caxed8zywlh3,Genoa CFC,Genoa,Genoa,GEN,33.0,379.035,19.0,132.405,0.0,0.0,0.0,0.0,11.486,6.969,5.0,0.0,7.0,0.0,6.0,10.0,7.0,70.0,2.0,0.0,0.0,,,,,,,,,,624931.0,261.0,3.0,0.0,0.0,0.0,0.0,0.013,0.013,0.0,0.0,Alessandro,Marcandalli,2002-10-25,23.9,990.0,27.0,Defender,Central Defender,1lxfpn0wmr895me9xbzcfnh90,4kumqzwifv478caxed8zywlh3,Genoa CFC,Genoa,Genoa,GEN,624931.0,261.0,3.0,129.0,111.0,86.05,15.0,12.0,80.0,2.0,0.0,0.0,0.0,0.0,0.0,Alessandro,Marcandalli,2002-10-25,23.9,990.0,27.0,Defender,Central Defender,1lxfpn0wmr895me9xbzcfnh90,4kumqzwifv478caxed8zywlh3,Genoa CFC,Genoa,Genoa,GEN,624931,1lxfpn0wmr895me9xbzcfnh90,990,4kumqzwifv478caxed8zywlh3
Alessandro Romano,620568.0,3.0,270.0,1.0,0.19,0.81,5.0,3.0,20.0,0.04,Alessandro,Romano,2006-06-17,20.25,124.0,4.0,Midfielder,Defensive Midfielder,5lv11o8diz2g5sxqzwond4q38,5rwlg5cfv1hu7yf0ek1zxpzy3,Cagliari Calcio,Cagliari,Cagliari,CAG,21.0,252.029,11.0,141.75,1.0,1.0,0.0,0.0,12.001,12.886,7.0,2.0,12.0,1.0,7.0,24.0,13.0,54.167,4.0,1.0,25.0,,,,,,,,,,620568.0,270.0,3.0,3.0,0.0,0.0,100.0,0.356,0.044,0.0,0.0,Alessandro,Romano,2006-06-17,20.25,124.0,4.0,Midfielder,Defensive Midfielder,5lv11o8diz2g5sxqzwond4q38,5rwlg5cfv1hu7yf0ek1zxpzy3,Cagliari Calcio,Cagliari,Cagliari,CAG,620568.0,270.0,3.0,134.0,117.0,87.31,36.0,26.0,72.22,3.0,0.0,0.0,1.0,0.0,0.0,Alessandro,Romano,2006-06-17,20.25,124.0,4.0,Midfielder,Defensive Midfielder,5lv11o8diz2g5sxqzwond4q38,5rwlg5cfv1hu7yf0ek1zxpzy3,Cagliari Calcio,Cagliari,Cagliari,CAG,620568,5lv11o8diz2g5sxqzwond4q38,124,5rwlg5cfv1hu7yf0ek1zxpzy3
Alessandro Sugamele,657746.0,1.0,16.0,0.0,0.09,-0.09,1.0,1.0,0.0,0.09,Alessandro,Sugamele,2007-02-22,19.56,124.0,35.0,Forward,0,81ik42i6id9wm0tdzq3smip78,5rwlg5cfv1hu7yf0ek1zxpzy3,Cagliari Calcio,Cagliari,Cagliari,CAG,4.0,68.768,4.0,56.07,1.0,0.0,0.0,0.0,17.192,14.018,0.0,0.0,3.0,0.0,0.0,1.0,0.0,0.0,1.0,0.0,0.0,,,,,,,,,,657746.0,16.0,1.0,0.0,0.0,0.0,0.0,0.003,0.003,0.0,0.0,Alessandro,Sugamele,2007-02-22,19.56,124.0,35.0,Forward,0,81ik42i6id9wm0tdzq3smip78,5rwlg5cfv1hu7yf0ek1zxpzy3,Cagliari Calcio,Cagliari,Cagliari,CAG,657746.0,16.0,1.0,5.0,5.0,100.0,1.0,1.0,100.0,0.0,0.0,0.0,0.0,0.0,0.0,Alessandro,Sugamele,2007-02-22,19.56,124.0,35.0,Forward,0,81ik42i6id9wm0tdzq3smip78,5rwlg5cfv1hu7yf0ek1zxpzy3,Cagliari Calcio,Cagliari,Cagliari,CAG,657746,81ik42i6id9wm0tdzq3smip78,124,5rwlg5cfv1hu7yf0ek1zxpzy3
Alessio Cacciamani,643622.0,3.0,227.0,0.0,0.08,-0.08,1.0,0.0,0.0,0.08,Alessio,Cacciamani,2007-06-29,19.22,135.0,77.0,Midfielder,Winger,7gdfooe2sa90g72nddjazusd0,7gnly6999wao1xarwct4p8fe9,Torino FC,Torino,Torino,TOR,43.0,588.542,29.0,392.07,0.0,0.0,1.0,0.0,13.687,13.52,4.0,1.0,7.0,1.0,4.0,20.0,13.0,65.0,2.0,0.0,0.0,,,,,,,,,,643622.0,227.0,3.0,2.0,2.0,1.37,0.0,0.407,0.406,1.0,1.0,Alessio,Cacciamani,2007-06-29,19.22,135.0,77.0,Midfielder,Winger,7gdfooe2sa90g72nddjazusd0,7gnly6999wao1xarwct4p8fe9,Torino FC,Torino,Torino,TOR,643622.0,227.0,3.0,73.0,64.0,87.67,20.0,17.0,85.0,12.0,3.0,25.0,0.0,0.0,0.0,Alessio,Cacciamani,2007-06-29,19.22,135.0,77.0,Midfielder,Winger,7gdfooe2sa90g72nddjazusd0,7gnly6999wao1xarwct4p8fe9,Torino FC,Torino,Torino,TOR,643622,7gdfooe2sa90g72nddjazusd0,135,7gnly6999wao1xarwct4p8fe9
Alessio Romagnoli,126551.0,0.0,0.0,0.0,0.0,0.0,0.0,0.0,0.0,0.0,Alessio,Romagnoli,1995-01-12,31.68,129.0,13.0,Defender,Central Defender,126551,btcy9nra9ak4m22ovr2ia6m5v,SS Lazio,Lazio,Lazio,LAZ,0.0,0.0,0.0,0.0,0.0,0.0,0.0,0.0,0.0,0.0,0.0,0.0,0.0,0.0,0.0,0.0,0.0,0.0,0.0,0.0,0.0,,,,,,,,,,126551.0,0.0,0.0,0.0,0.0,0.0,0.0,0.0,0.0,0.0,0.0,Alessio,Romagnoli,1995-01-12,31.68,129.0,13.0,Defender,Central Defender,126551,btcy9nra9ak4m22ovr2ia6m5v,SS Lazio,Lazio,Lazio,LAZ,126551.0,0.0,0.0,0.0,0.0,0.0,0.0,0.0,0.0,0.0,0.0,0.0,0.0,0.0,0.0,Alessio,Romagnoli,1995-01-12,31.68,129.0,13.0,Defender,Central Defender,126551,btcy9nra9ak4m22ovr2ia6m5v,SS Lazio,Lazio,Lazio,LAZ,126551,126551,129,btcy9nra9ak4m22ovr2ia6m5v
Alessio Zerbin,247099.0,2.0,76.0,0.0,0.0,0.0,0.0,0.0,0.0,0.0,Alessio,Zerbin,1999-03-03,27.55,2037.0,24.0,Forward,Winger,7knk2xsg4690hgq9us9us8ull,5khizzei8z0qbb7exz622wxw3,Frosinone Calcio,Frosinone,Frosinone,FRO,14.0,154.126,9.0,117.495,0.0,0.0,0.0,0.0,11.009,13.055,2.0,2.0,4.0,0.0,1.0,12.0,5.0,41.667,3.0,1.0,33.333,,,,,,,,,,247099.0,76.0,2.0,1.0,1.0,4.17,0.0,0.022,0.022,0.0,0.0,Alessio,Zerbin,1999-03-03,27.55,2037.0,24.0,Forward,Winger,7knk2xsg4690hgq9us9us8ull,5khizzei8z0qbb7exz622wxw3,Frosinone Calcio,Frosinone,Frosinone,FRO,247099.0,76.0,2.0,24.0,14.0,58.33,13.0,7.0,53.85,5.0,0.0,0.0,0.0,0.0,0.0,Alessio,Zerbin,1999-03-03,27.55,2037.0,24.0,Forward,Winger,7knk2xsg4690hgq9us9us8ull,5khizzei8z0qbb7exz622wxw3,Frosinone Calcio,Frosinone,Frosinone,FRO,247099,7knk2xsg4690hgq9us9us8ull,2037,5khizzei8z0qbb7exz622wxw3
Alex Amorim,610163.0,3.0,102.0,0.0,0.02,-0.02,1.0,1.0,0.0,0.02,Alexsandro,Amorim de Freitas Filho,2005-05-18,21.33,990.0,4.0,Midfielder,Central Midfielder,2bgqwwop0ppczzaigcu3j5no4,4kumqzwifv478caxed8zywlh3,Genoa CFC,Genoa,Genoa,GEN,39.0,407.526,15.0,144.48,1.0,0.0,1.0,0.0,10.449,9.632,4.0,1.0,4.0,0.0,1.0,11.0,6.0,54.545,1.0,1.0,100.0,,,,,,,,,,610163.0,102.0,3.0,2.0,1.0,1.56,50.0,0.098,0.043,0.0,0.0,Alexsandro,Amorim de Freitas Filho,2005-05-18,21.33,990.0,4.0,Midfielder,Central Midfielder,2bgqwwop0ppczzaigcu3j5no4,4kumqzwifv478caxed8zywlh3,Genoa CFC,Genoa,Genoa,GEN,610163.0,102.0,3.0,67.0,64.0,95.52,21.0,18.0,85.71,4.0,0.0,0.0,0.0,0.0,0.0,Alexsandro,Amorim de Freitas Filho,2005-05-18,21.33,990.0,4.0,Midfielder,Central Midfielder,2bgqwwop0ppczzaigcu3j5no4,4kumqzwifv478caxed8zywlh3,Genoa CFC,Genoa,Genoa,GEN,610163,2bgqwwop0ppczzaigcu3j5no4,990,4kumqzwifv478caxed8zywlh3
Alex Meret,,,,,,,,,,,,,,,,,,,,,,,,,,,,,,,,,,,,,,,,,,,,,,270.0,100.0,0.0,5.0,11.0,68.75,-0.16,0.8,4.84,,,,,,,,,,,,,,,,,,,,,,,,,,,,,,,,,,,,,,,,,,,,,,,,,,,,,,,171366,af58rhtg8ck7c8g7nwfs67d91,459,gi0l1habji5hpgar77dl5jqe
Alexis Saelemaekers,437746.0,3.0,116.0,0.0,0.14,-0.14,1.0,0.0,0.0,0.14,Alexis,Saelemaekers,1999-06-27,27.23,120.0,56.0,Forward,Winger,9vnr9uog5fmggich2i4vjxwbt,9dntj5dioj5ex52yrgwzxrq9l,AC Milan,Milan,Milan,MIL,27.0,317.727,12.0,114.765,1.0,0.0,1.0,1.0,11.768,9.564,4.0,2.0,10.0,0.0,1.0,14.0,5.0,35.714,1.0,1.0,100.0,,,,,,,,,,437746.0,116.0,3.0,3.0,3.0,3.23,0.0,0.409,0.409,1.0,1.0,Alexis,Saelemaekers,1999-06-27,27.23,120.0,56.0,Forward,Winger,9vnr9uog5fmggich2i4vjxwbt,9dntj5dioj5ex52yrgwzxrq9l,AC Milan,Milan,Milan,MIL,437746.0,116.0,3.0,62.0,52.0,83.87,23.0,18.0,78.26,1.0,1.0,100.0,2.0,1.0,50.0,Alexis,Saelemaekers,1999-06-27,27.23,120.0,56.0,Forward,Winger,9vnr9uog5fmggich2i4vjxwbt,9dntj5dioj5ex52yrgwzxrq9l,AC Milan,Milan,Milan,MIL,437746,9vnr9uog5fmggich2i4vjxwbt,120,9dntj5dioj5ex52yrgwzxrq9l
Alfonso Pedraza,208380.0,3.0,106.0,0.0,0.07,-0.07,1.0,0.0,0.0,0.07,Alfonso,Pedraza,1996-04-09,30.44,129.0,23.0,Defender,Full Back,eh70fwampgdyfv3hu25o2qx,btcy9nra9ak4m22ovr2ia6m5v,SS Lazio,Lazio,Lazio,LAZ,8.0,83.476,4.0,43.785,0.0,0.0,1.0,0.0,10.434,10.946,0.0,0.0,3.0,0.0,1.0,9.0,2.0,22.222,1.0,0.0,0.0,,,,,,,,,,208380.0,106.0,3.0,2.0,2.0,11.76,0.0,0.017,0.01,0.0,0.0,Alfonso,Pedraza,1996-04-09,30.44,129.0,23.0,Defender,Full Back,eh70fwampgdyfv3hu25o2qx,btcy9nra9ak4m22ovr2ia6m5v,SS Lazio,Lazio,Lazio,LAZ,208380.0,106.0,3.0,19.0,17.0,89.47,8.0,8.0,100.0,1.0,0.0,0.0,0.0,0.0,0.0,Alfonso,Pedraza,1996-04-09,30.44,129.0,23.0,Defender,Full Back,eh70fwampgdyfv3hu25o2qx,btcy9nra9ak4m22ovr2ia6m5v,SS Lazio,Lazio,Lazio,LAZ,208380,eh70fwampgdyfv3hu25o2qx,129,btcy9nra9ak4m22ovr2ia6m5v
Ali Dembélé,607395.0,0.0,0.0,0.0,0.0,0.0,0.0,0.0,0.0,0.0,Ali,Dembélé,2004-01-05,22.7,130.0,2.0,Defender,Full Back,607395,bi1fxjrncd0ram0oi7ja1jyuo,US Lecce,Lecce,Lecce,LEC,0.0,0.0,0.0,0.0,0.0,0.0,0.0,0.0,0.0,0.0,0.0,0.0,0.0,0.0,0.0,0.0,0.0,0.0,0.0,0.0,0.0,,,,,,,,,,607395.0,0.0,0.0,0.0,0.0,0.0,0.0,0.0,0.0,0.0,0.0,Ali,Dembélé,2004-01-05,22.7,130.0,2.0,Defender,Full Back,607395,bi1fxjrncd0ram0oi7ja1jyuo,US Lecce,Lecce,Lecce,LEC,607395.0,0.0,0.0,0.0,0.0,0.0,0.0,0.0,0.0,0.0,0.0,0.0,0.0,0.0,0.0,Ali,Dembélé,2004-01-05,22.7,130.0,2.0,Defender,Full Back,607395,bi1fxjrncd0ram0oi7ja1jyuo,US Lecce,Lecce,Lecce,LEC,607395,607395,130,bi1fxjrncd0ram0oi7ja1jyuo
Alieu Fadera,509026.0,2.0,57.0,0.0,0.15,-0.15,4.0,1.0,0.0,0.04,Alieu,Fadera,2001-11-03,24.87,124.0,39.0,Forward,0,5f13ro5hgmago2bmqtzjw5ey,5rwlg5cfv1hu7yf0ek1zxpzy3,Cagliari Calcio,Cagliari,Cagliari,CAG,19.0,234.986,16.0,168.0,3.0,0.0,1.0,0.0,12.368,10.5,3.0,0.0,5.0,0.0,0.0,12.0,5.0,41.667,1.0,1.0,100.0,,,,,,,,,,509026.0,57.0,2.0,2.0,2.0,9.52,0.0,0.016,0.016,0.0,0.0,Alieu,Fadera,2001-11-03,24.87,124.0,39.0,Forward,0,5f13ro5hgmago2bmqtzjw5ey,5rwlg5cfv1hu7yf0ek1zxpzy3,Cagliari Calcio,Cagliari,Cagliari,CAG,509026.0,57.0,2.0,21.0,15.0,71.43,11.0,7.0,63.64,4.0,0.0,0.0,0.0,0.0,0.0,Alieu,Fadera,2001-11-03,24.87,124.0,39.0,Forward,0,5f13ro5hgmago2bmqtzjw5ey,5rwlg5cfv1hu7yf0ek1zxpzy3,Cagliari Calcio,Cagliari,Cagliari,CAG,509026,5f13ro5hgmago2bmqtzjw5ey,124,5rwlg5cfv1hu7yf0ek1zxpzy3
Alieu Njie,629450.0,2.0,99.0,0.0,0.31,-0.31,2.0,1.0,0.0,0.15,Alieu,Njie,2005-05-14,21.34,125.0,25.0,Forward,Striker,9hl7yh42qvmdcjw69si5imnf8,4raiad4l2j5lkfaz92pk4osb,ACF Fiorentina,Fiorentina,Fiorentina,FIO,22.0,375.736,12.0,199.605,1.0,0.0,5.0,0.0,17.079,16.634,2.0,0.0,4.0,0.0,1.0,13.0,7.0,53.846,2.0,1.0,50.0,,,,,,,,,,629450.0,99.0,2.0,5.0,5.0,19.23,0.0,0.181,0.181,0.0,0.0,Alieu,Njie,2005-05-14,21.34,125.0,25.0,Forward,Striker,9hl7yh42qvmdcjw69si5imnf8,4raiad4l2j5lkfaz92pk4osb,ACF Fiorentina,Fiorentina,Fiorentina,FIO,629450.0,99.0,2.0,26.0,20.0,76.92,13.0,10.0,76.92,4.0,2.0,50.0,0.0,0.0,0.0,Alieu,Njie,2005-05-14,21.34,125.0,25.0,Forward,Striker,9hl7yh42qvmdcjw69si5imnf8,4raiad4l2j5lkfaz92pk4osb,ACF Fiorentina,Fiorentina,Fiorentina,FIO,629450,9hl7yh42qvmdcjw69si5imnf8,125,4raiad4l2j5lkfaz92pk4osb
Alisson Santos,539366.0,3.0,180.0,0.0,0.21,-0.21,8.0,1.0,0.0,0.03,Alisson,de Almeida Santos,2002-09-27,23.97,459.0,27.0,Forward,Winger,7ax7vrumfwlxb8a4tchkho650,gi0l1habji5hpgar77dl5jqe,SSC Napoli,Napoli,Napoli,NAP,39.0,607.571,25.0,372.435,5.0,0.0,1.0,0.0,15.579,14.897,2.0,0.0,3.0,0.0,3.0,11.0,5.0,45.455,0.0,0.0,0.0,,,,,,,,,,539366.0,180.0,3.0,2.0,2.0,5.26,0.0,0.259,0.255,0.0,0.0,Alisson,de Almeida Santos,2002-09-27,23.97,459.0,27.0,Forward,Winger,7ax7vrumfwlxb8a4tchkho650,gi0l1habji5hpgar77dl5jqe,SSC Napoli,Napoli,Napoli,NAP,539366.0,180.0,3.0,39.0,30.0,76.92,24.0,17.0,70.83,10.0,1.0,10.0,0.0,0.0,0.0,Alisson,de Almeida Santos,2002-09-27,23.97,459.0,27.0,Forward,Winger,7ax7vrumfwlxb8a4tchkho650,gi0l1habji5hpgar77dl5jqe,SSC Napoli,Napoli,Napoli,NAP,539366,7ax7vrumfwlxb8a4tchkho650,459,gi0l1habji5hpgar77dl5jqe
Alphadjo Cisse,578315.0,3.0,154.0,2.0,0.6,1.4,6.0,2.0,33.33,0.1,Alphadjo,Cisse,2006-10-22,19.9,120.0,70.0,Midfielder,Attacking Midfielder,498kxii7w64hmki575xdur28k,9dntj5dioj5ex52yrgwzxrq9l,AC Milan,Milan,Milan,MIL,27.0,327.46,16.0,162.225,0.0,0.0,1.0,0.0,12.128,10.139,2.0,0.0,5.0,0.0,0.0,18.0,8.0,44.444,2.0,1.0,50.0,,,,,,,,,,578315.0,154.0,3.0,1.0,1.0,1.79,0.0,0.09,0.089,0.0,0.0,Alphadjo,Cisse,2006-10-22,19.9,120.0,70.0,Midfielder,Attacking Midfielder,498kxii7w64hmki575xdur28k,9dntj5dioj5ex52yrgwzxrq9l,AC Milan,Milan,Milan,MIL,578315.0,154.0,3.0,57.0,45.0,78.95,16.0,10.0,62.5,6.0,1.0,16.67,0.0,0.0,0.0,Alphadjo,Cisse,2006-10-22,19.9,120.0,70.0,Midfielder,Attacking Midfielder,498kxii7w64hmki575xdur28k,9dntj5dioj5ex52yrgwzxrq9l,AC Milan,Milan,Milan,MIL,578315,498kxii7w64hmki575xdur28k,120,9dntj5dioj5ex52yrgwzxrq9l
Alvin Okoro,577193.0,0.0,0.0,0.0,0.0,0.0,0.0,0.0,0.0,0.0,Alvin,Okoro,2005-03-26,21.48,137.0,90.0,Forward,Striker,577193,565sm63rjm2y7xeae0dcdbtnu,Venezia FC,Venezia,Venezia,VEN,0.0,0.0,0.0,0.0,0.0,0.0,0.0,0.0,0.0,0.0,0.0,0.0,0.0,0.0,0.0,0.0,0.0,0.0,0.0,0.0,0.0,,,,,,,,,,577193.0,0.0,0.0,0.0,0.0,0.0,0.0,0.0,0.0,0.0,0.0,Alvin,Okoro,2005-03-26,21.48,137.0,90.0,Forward,Striker,577193,565sm63rjm2y7xeae0dcdbtnu,Venezia FC,Venezia,Venezia,VEN,577193.0,0.0,0.0,0.0,0.0,0.0,0.0,0.0,0.0,0.0,0.0,0.0,0.0,0.0,0.0,Alvin,Okoro,2005-03-26,21.48,137.0,90.0,Forward,Striker,577193,565sm63rjm2y7xeae0dcdbtnu,Venezia FC,Venezia,Venezia,VEN,577193,577193,137,565sm63rjm2y7xeae0dcdbtnu
Amar Fatah,560293.0,2.0,63.0,0.0,0.02,-0.02,1.0,0.0,0.0,0.02,Amar,Fatah,2004-02-19,22.58,130.0,7.0,Forward,0,2190fr0h93harqz08la1ov4t0,bi1fxjrncd0ram0oi7ja1jyuo,US Lecce,Lecce,Lecce,LEC,9.0,81.88,5.0,40.215,1.0,0.0,0.0,0.0,9.098,8.043,2.0,0.0,0.0,0.0,0.0,14.0,9.0,64.286,0.0,0.0,0.0,,,,,,,,,,560293.0,63.0,2.0,1.0,1.0,7.14,0.0,0.029,0.029,0.0,0.0,Amar,Fatah,2004-02-19,22.58,130.0,7.0,Forward,0,2190fr0h93harqz08la1ov4t0,bi1fxjrncd0ram0oi7ja1jyuo,US Lecce,Lecce,Lecce,LEC,560293.0,63.0,2.0,14.0,9.0,64.29,7.0,5.0,71.43,1.0,0.0,0.0,0.0,0.0,0.0,Amar,Fatah,2004-02-19,22.58,130.0,7.0,Forward,0,2190fr0h93harqz08la1ov4t0,bi1fxjrncd0ram0oi7ja1jyuo,US Lecce,Lecce,Lecce,LEC,560293,2190fr0h93harqz08la1ov4t0,130,bi1fxjrncd0ram0oi7ja1jyuo
Amir Rrahmani,165196.0,3.0,270.0,0.0,0.02,-0.02,2.0,0.0,0.0,0.01,Amir,Rrahmani,1994-02-24,32.57,459.0,13.0,Defender,Central Defender,2kfkjjqh7vrfcfbgr4aa85dqt,gi0l1habji5hpgar77dl5jqe,SSC Napoli,Napoli,Napoli,NAP,28.0,239.684,19.0,155.505,0.0,0.0,0.0,0.0,8.56,8.184,8.0,2.0,10.0,3.0,27.0,16.0,9.0,56.25,22.0,16.0,72.727,,,,,,,,,,165196.0,270.0,3.0,1.0,1.0,0.0,0.0,0.074,0.073,1.0,1.0,Amir,Rrahmani,1994-02-24,32.57,459.0,13.0,Defender,Central Defender,2kfkjjqh7vrfcfbgr4aa85dqt,gi0l1habji5hpgar77dl5jqe,SSC Napoli,Napoli,Napoli,NAP,165196.0,270.0,3.0,188.0,165.0,87.77,48.0,38.0,79.17,0.0,0.0,0.0,0.0,0.0,0.0,Amir,Rrahmani,1994-02-24,32.57,459.0,13.0,Defender,Central Defender,2kfkjjqh7vrfcfbgr4aa85dqt,gi0l1habji5hpgar77dl5jqe,SSC Napoli,Napoli,Napoli,NAP,165196,2kfkjjqh7vrfcfbgr4aa85dqt,459,gi0l1habji5hpgar77dl5jqe
Andrea Cambiaso,515759.0,2.0,31.0,0.0,0.0,0.0,0.0,0.0,0.0,0.0,Andrea,Cambiaso,2000-02-20,26.58,128.0,20.0,Defender,Wing Back,7ohgxs03szerp6mwiiv58ryay,bqbbqm98ud8obe45ds9ohgyrd,Juventus FC,Juventus,Juventus,JUV,7.0,63.256,4.0,26.985,0.0,0.0,0.0,0.0,9.037,6.746,2.0,0.0,2.0,0.0,0.0,5.0,3.0,60.0,1.0,0.0,0.0,,,,,,,,,,515759.0,31.0,2.0,0.0,0.0,0.0,0.0,0.007,0.007,0.0,0.0,Andrea,Cambiaso,2000-02-20,26.58,128.0,20.0,Defender,Wing Back,7ohgxs03szerp6mwiiv58ryay,bqbbqm98ud8obe45ds9ohgyrd,Juventus FC,Juventus,Juventus,JUV,515759.0,31.0,2.0,16.0,15.0,93.75,3.0,3.0,100.0,0.0,0.0,0.0,0.0,0.0,0.0,Andrea,Cambiaso,2000-02-20,26.58,128.0,20.0,Defender,Wing Back,7ohgxs03szerp6mwiiv58ryay,bqbbqm98ud8obe45ds9ohgyrd,Juventus FC,Juventus,Juventus,JUV,515759,7ohgxs03szerp6mwiiv58ryay,128,bqbbqm98ud8obe45ds9ohgyrd
Andrea Carboni,501395.0,3.0,261.0,0.0,0.46,-0.46,3.0,1.0,0.0,0.15,Andrea,Carboni,2001-02-04,25.62,742.0,44.0,Defender,Central Defender,chjjcy789cuwlsik2ibmubtyi,67z1gqyiuzpmmb15q5fy7ntc4,AC Monza,Monza,Monza,MON,30.0,291.045,14.0,92.715,0.0,0.0,0.0,0.0,9.702,6.623,2.0,3.0,7.0,2.0,7.0,7.0,2.0,28.571,20.0,10.0,50.0,,,,,,,,,,501395.0,261.0,3.0,2.0,2.0,1.42,0.0,0.28,0.279,0.0,0.0,Andrea,Carboni,2001-02-04,25.62,742.0,44.0,Defender,Central Defender,chjjcy789cuwlsik2ibmubtyi,67z1gqyiuzpmmb15q5fy7ntc4,AC Monza,Monza,Monza,MON,501395.0,261.0,3.0,146.0,120.0,82.19,38.0,27.0,71.05,4.0,1.0,25.0,1.0,1.0,100.0,Andrea,Carboni,2001-02-04,25.62,742.0,44.0,Defender,Central Defender,chjjcy789cuwlsik2ibmubtyi,67z1gqyiuzpmmb15q5fy7ntc4,AC Monza,Monza,Monza,MON,501395,chjjcy789cuwlsik2ibmubtyi,742,67z1gqyiuzpmmb15q5fy7ntc4
Andrea Colpani,449739.0,3.0,190.0,1.0,0.49,0.51,3.0,2.0,33.33,0.16,Andrea,Colpani,1999-05-11,27.36,742.0,28.0,Midfielder,Attacking Midfielder,duqiler25n63ksi0fxreo50mi,67z1gqyiuzpmmb15q5fy7ntc4,AC Monza,Monza,Monza,MON,17.0,184.399,9.0,99.015,1.0,0.0,1.0,0.0,10.847,11.002,0.0,2.0,4.0,0.0,2.0,7.0,3.0,42.857,1.0,0.0,0.0,,,,,,,,,,449739.0,190.0,3.0,5.0,1.0,2.33,80.0,0.401,0.038,0.0,0.0,Andrea,Colpani,1999-05-11,27.36,742.0,28.0,Midfielder,Attacking Midfielder,duqiler25n63ksi0fxreo50mi,67z1gqyiuzpmmb15q5fy7ntc4,AC Monza,Monza,Monza,MON,449739.0,190.0,3.0,43.0,35.0,81.4,18.0,14.0,77.78,1.0,0.0,0.0,0.0,0.0,0.0,Andrea,Colpani,1999-05-11,27.36,742.0,28.0,Midfielder,Attacking Midfielder,duqiler25n63ksi0fxreo50mi,67z1gqyiuzpmmb15q5fy7ntc4,AC Monza,Monza,Monza,MON,449739,duqiler25n63ksi0fxreo50mi,742,67z1gqyiuzpmmb15q5fy7ntc4
Andrea Ghion,485264.0,1.0,10.0,0.0,0.0,0.0,0.0,0.0,0.0,0.0,Andrea,Ghion,2000-02-23,26.57,2182.0,8.0,Midfielder,Defensive Midfielder,4vkdz07ldrv7dxirfqo479a3u,6tuibxq39fdryu8ou06wcm0q3,US Sassuolo Calcio,Sassuolo,Sassuolo,SAS,1.0,7.284,0.0,-6.93,0.0,0.0,0.0,0.0,7.284,0.0,1.0,0.0,4.0,0.0,0.0,2.0,1.0,50.0,0.0,0.0,0.0,,,,,,,,,,485264.0,10.0,1.0,0.0,0.0,0.0,0.0,0.0,0.0,0.0,0.0,Andrea,Ghion,2000-02-23,26.57,2182.0,8.0,Midfielder,Defensive Midfielder,4vkdz07ldrv7dxirfqo479a3u,6tuibxq39fdryu8ou06wcm0q3,US Sassuolo Calcio,Sassuolo,Sassuolo,SAS,485264.0,10.0,1.0,11.0,10.0,90.91,0.0,0.0,0.0,0.0,0.0,0.0,0.0,0.0,0.0,Andrea,Ghion,2000-02-23,26.57,2182.0,8.0,Midfielder,Defensive Midfielder,4vkdz07ldrv7dxirfqo479a3u,6tuibxq39fdryu8ou06wcm0q3,US Sassuolo Calcio,Sassuolo,Sassuolo,SAS,485264,4vkdz07ldrv7dxirfqo479a3u,2182,6tuibxq39fdryu8ou06wcm0q3
Andrea Luongo,635773.0,0.0,0.0,0.0,0.0,0.0,0.0,0.0,0.0,0.0,Andrea,Luongo,2008-02-16,18.58,135.0,79.0,Forward,0,635773,7gnly6999wao1xarwct4p8fe9,Torino FC,Torino,Torino,TOR,0.0,0.0,0.0,0.0,0.0,0.0,0.0,0.0,0.0,0.0,0.0,0.0,0.0,0.0,0.0,0.0,0.0,0.0,0.0,0.0,0.0,,,,,,,,,,635773.0,0.0,0.0,0.0,0.0,0.0,0.0,0.0,0.0,0.0,0.0,Andrea,Luongo,2008-02-16,18.58,135.0,79.0,Forward,0,635773,7gnly6999wao1xarwct4p8fe9,Torino FC,Torino,Torino,TOR,635773.0,0.0,0.0,0.0,0.0,0.0,0.0,0.0,0.0,0.0,0.0,0.0,0.0,0.0,0.0,Andrea,Luongo,2008-02-16,18.58,135.0,79.0,Forward,0,635773,7gnly6999wao1xarwct4p8fe9,Torino FC,Torino,Torino,TOR,635773,635773,135,7gnly6999wao1xarwct4p8fe9
Andrea Pinamonti,216040.0,2.0,63.0,0.0,0.06,-0.06,1.0,0.0,0.0,0.06,Andrea,Pinamonti,1999-05-19,27.33,129.0,9.0,Forward,Striker,153ljvbov0n176vm9fdaizoix,btcy9nra9ak4m22ovr2ia6m5v,SS Lazio,Lazio,Lazio,LAZ,2.0,14.516,1.0,8.925,0.0,0.0,0.0,0.0,7.258,8.925,0.0,0.0,1.0,0.0,0.0,5.0,1.0,20.0,5.0,1.0,20.0,,,,,,,,,,216040.0,63.0,2.0,0.0,0.0,0.0,0.0,0.001,0.001,0.0,0.0,Andrea,Pinamonti,1999-05-19,27.33,129.0,9.0,Forward,Striker,153ljvbov0n176vm9fdaizoix,btcy9nra9ak4m22ovr2ia6m5v,SS Lazio,Lazio,Lazio,LAZ,216040.0,63.0,2.0,13.0,8.0,61.54,0.0,0.0,0.0,0.0,0.0,0.0,0.0,0.0,0.0,Andrea,Pinamonti,1999-05-19,27.33,129.0,9.0,Forward,Striker,153ljvbov0n176vm9fdaizoix,btcy9nra9ak4m22ovr2ia6m5v,SS Lazio,Lazio,Lazio,LAZ,216040,153ljvbov0n176vm9fdaizoix,129,btcy9nra9ak4m22ovr2ia6m5v
Andy Diouf,503696.0,2.0,165.0,0.0,0.09,-0.09,2.0,1.0,0.0,0.04,Andy,Diouf,2003-05-17,23.34,127.0,17.0,Midfielder,Central Midfielder,3hpaoy4qzn5xp7qnzdrj1yvsa,3vo5mpj7catp66nrwwqiuhuup,FC Internazionale Milano,Internazionale,Inter,INT,27.0,292.954,15.0,167.055,0.0,0.0,5.0,1.0,10.85,11.137,4.0,1.0,4.0,0.0,3.0,9.0,5.0,55.556,1.0,1.0,100.0,,,,,,,,,,503696.0,165.0,2.0,10.0,10.0,9.64,0.0,1.167,1.167,2.0,2.0,Andy,Diouf,2003-05-17,23.34,127.0,17.0,Midfielder,Central Midfielder,3hpaoy4qzn5xp7qnzdrj1yvsa,3vo5mpj7catp66nrwwqiuhuup,FC Internazionale Milano,Internazionale,Inter,INT,503696.0,165.0,2.0,83.0,76.0,91.57,33.0,30.0,90.91,3.0,1.0,33.33,0.0,0.0,0.0,Andy,Diouf,2003-05-17,23.34,127.0,17.0,Midfielder,Central Midfielder,3hpaoy4qzn5xp7qnzdrj1yvsa,3vo5mpj7catp66nrwwqiuhuup,FC Internazionale Milano,Internazionale,Inter,INT,503696,3hpaoy4qzn5xp7qnzdrj1yvsa,127,3vo5mpj7catp66nrwwqiuhuup
Ange-Yoan Bonny,518531.0,2.0,47.0,0.0,0.06,-0.06,1.0,0.0,0.0,0.06,Ange-Yoan,Bonny,2003-10-25,22.9,127.0,14.0,Forward,Striker,ejbp3sxls7lgrg6y3a9q4u978,3vo5mpj7catp66nrwwqiuhuup,FC Internazionale Milano,Internazionale,Inter,INT,9.0,143.241,5.0,68.46,0.0,0.0,0.0,0.0,15.916,13.692,6.0,1.0,0.0,0.0,1.0,9.0,7.0,77.778,1.0,1.0,100.0,,,,,,,,,,518531.0,47.0,2.0,0.0,0.0,0.0,0.0,0.015,0.015,0.0,0.0,Ange-Yoan,Bonny,2003-10-25,22.9,127.0,14.0,Forward,Striker,ejbp3sxls7lgrg6y3a9q4u978,3vo5mpj7catp66nrwwqiuhuup,FC Internazionale Milano,Internazionale,Inter,INT,518531.0,47.0,2.0,23.0,20.0,86.96,6.0,4.0,66.67,3.0,0.0,0.0,0.0,0.0,0.0,Ange-Yoan,Bonny,2003-10-25,22.9,127.0,14.0,Forward,Striker,ejbp3sxls7lgrg6y3a9q4u978,3vo5mpj7catp66nrwwqiuhuup,FC Internazionale Milano,Internazionale,Inter,INT,518531,ejbp3sxls7lgrg6y3a9q4u978,127,3vo5mpj7catp66nrwwqiuhuup
Anouar El Azzouzi,464965.0,0.0,0.0,0.0,0.0,0.0,0.0,0.0,0.0,0.0,Anouar,El Azzouzi,2001-05-29,25.3,2037.0,34.0,Midfielder,Central Midfielder,464965,5khizzei8z0qbb7exz622wxw3,Frosinone Calcio,Frosinone,Frosinone,FRO,0.0,0.0,0.0,0.0,0.0,0.0,0.0,0.0,0.0,0.0,0.0,0.0,0.0,0.0,0.0,0.0,0.0,0.0,0.0,0.0,0.0,,,,,,,,,,464965.0,0.0,0.0,0.0,0.0,0.0,0.0,0.0,0.0,0.0,0.0,Anouar,El Azzouzi,2001-05-29,25.3,2037.0,34.0,Midfielder,Central Midfielder,464965,5khizzei8z0qbb7exz622wxw3,Frosinone Calcio,Frosinone,Frosinone,FRO,464965.0,0.0,0.0,0.0,0.0,0.0,0.0,0.0,0.0,0.0,0.0,0.0,0.0,0.0,0.0,Anouar,El Azzouzi,2001-05-29,25.3,2037.0,34.0,Midfielder,Central Midfielder,464965,5khizzei8z0qbb7exz622wxw3,Frosinone Calcio,Frosinone,Frosinone,FRO,464965,464965,2037,5khizzei8z0qbb7exz622wxw3
Anthony Oyono,520025.0,3.0,203.0,0.0,0.12,-0.12,3.0,1.0,0.0,0.04,Anthony,Oyono,2001-04-12,25.43,2037.0,20.0,Defender,Full Back,3j2yog3zyussh0aq1xgz3e2cq,5khizzei8z0qbb7exz622wxw3,Frosinone Calcio,Frosinone,Frosinone,FRO,17.0,211.599,13.0,185.01,1.0,0.0,0.0,0.0,12.447,14.232,10.0,3.0,16.0,0.0,10.0,27.0,18.0,66.667,6.0,2.0,33.333,,,,,,,,,,520025.0,203.0,3.0,1.0,1.0,0.0,0.0,0.185,0.182,1.0,1.0,Anthony,Oyono,2001-04-12,25.43,2037.0,20.0,Defender,Full Back,3j2yog3zyussh0aq1xgz3e2cq,5khizzei8z0qbb7exz622wxw3,Frosinone Calcio,Frosinone,Frosinone,FRO,520025.0,203.0,3.0,49.0,34.0,69.39,17.0,11.0,64.71,3.0,1.0,33.33,0.0,0.0,0.0,Anthony,Oyono,2001-04-12,25.43,2037.0,20.0,Defender,Full Back,3j2yog3zyussh0aq1xgz3e2cq,5khizzei8z0qbb7exz622wxw3,Frosinone Calcio,Frosinone,Frosinone,FRO,520025,3j2yog3zyussh0aq1xgz3e2cq,2037,5khizzei8z0qbb7exz622wxw3
Antoine Hainaut,588403.0,3.0,265.0,0.0,0.31,-0.31,4.0,0.0,0.0,0.08,Antoine,Hainaut,2002-02-18,24.58,137.0,18.0,Defender,Full Back,8ct2oybj8d1b03aklkg8ihbf8,565sm63rjm2y7xeae0dcdbtnu,Venezia FC,Venezia,Venezia,VEN,18.0,201.693,9.0,100.065,0.0,0.0,0.0,0.0,11.205,11.118,5.0,2.0,13.0,0.0,7.0,22.0,8.0,36.364,7.0,6.0,85.714,,,,,,,,,,588403.0,265.0,3.0,5.0,5.0,3.67,0.0,0.952,0.95,1.0,1.0,Antoine,Hainaut,2002-02-18,24.58,137.0,18.0,Defender,Full Back,8ct2oybj8d1b03aklkg8ihbf8,565sm63rjm2y7xeae0dcdbtnu,Venezia FC,Venezia,Venezia,VEN,588403.0,265.0,3.0,110.0,95.0,86.36,36.0,31.0,86.11,11.0,3.0,27.27,0.0,0.0,0.0,Antoine,Hainaut,2002-02-18,24.58,137.0,18.0,Defender,Full Back,8ct2oybj8d1b03aklkg8ihbf8,565sm63rjm2y7xeae0dcdbtnu,Venezia FC,Venezia,Venezia,VEN,588403,8ct2oybj8d1b03aklkg8ihbf8,137,565sm63rjm2y7xeae0dcdbtnu
Antonino Gallo,462484.0,2.0,135.0,0.0,0.02,-0.02,1.0,0.0,0.0,0.02,Antonino,Gallo,2000-01-05,26.7,130.0,25.0,Defender,Full Back,1oszv53od5pulbhx566ht984q,bi1fxjrncd0ram0oi7ja1jyuo,US Lecce,Lecce,Lecce,LEC,5.0,53.699,3.0,25.41,0.0,0.0,0.0,0.0,10.74,8.47,1.0,1.0,3.0,1.0,5.0,1.0,1.0,100.0,3.0,0.0,0.0,,,,,,,,,,462484.0,135.0,2.0,1.0,1.0,2.56,0.0,0.319,0.318,0.0,0.0,Antonino,Gallo,2000-01-05,26.7,130.0,25.0,Defender,Full Back,1oszv53od5pulbhx566ht984q,bi1fxjrncd0ram0oi7ja1jyuo,US Lecce,Lecce,Lecce,LEC,462484.0,135.0,2.0,40.0,26.0,65.0,19.0,9.0,47.37,1.0,0.0,0.0,0.0,0.0,0.0,Antonino,Gallo,2000-01-05,26.7,130.0,25.0,Defender,Full Back,1oszv53od5pulbhx566ht984q,bi1fxjrncd0ram0oi7ja1jyuo,US Lecce,Lecce,Lecce,LEC,462484,1oszv53od5pulbhx566ht984q,130,bi1fxjrncd0ram0oi7ja1jyuo
Antonio Arena,697465.0,0.0,0.0,0.0,0.0,0.0,0.0,0.0,0.0,0.0,Antonio,Arena,2009-02-10,17.59,121.0,68.0,Forward,Striker,697465,2tk2l9sgktwc9jhzqdd4mpdtb,AS Roma,Roma,Roma,ROM,0.0,0.0,0.0,0.0,0.0,0.0,0.0,0.0,0.0,0.0,0.0,0.0,0.0,0.0,0.0,0.0,0.0,0.0,0.0,0.0,0.0,,,,,,,,,,697465.0,0.0,0.0,0.0,0.0,0.0,0.0,0.0,0.0,0.0,0.0,Antonio,Arena,2009-02-10,17.59,121.0,68.0,Forward,Striker,697465,2tk2l9sgktwc9jhzqdd4mpdtb,AS Roma,Roma,Roma,ROM,697465.0,0.0,0.0,0.0,0.0,0.0,0.0,0.0,0.0,0.0,0.0,0.0,0.0,0.0,0.0,Antonio,Arena,2009-02-10,17.59,121.0,68.0,Forward,Striker,697465,2tk2l9sgktwc9jhzqdd4mpdtb,AS Roma,Roma,Roma,ROM,697465,697465,121,2tk2l9sgktwc9jhzqdd4mpdtb
Antonio Pirrò,679442.0,0.0,0.0,0.0,0.0,0.0,0.0,0.0,0.0,0.0,Antonio,Pirrò,2008-01-28,18.63,125.0,72.0,Midfielder,0,679442,4raiad4l2j5lkfaz92pk4osb,ACF Fiorentina,Fiorentina,Fiorentina,FIO,0.0,0.0,0.0,0.0,0.0,0.0,0.0,0.0,0.0,0.0,0.0,0.0,0.0,0.0,0.0,0.0,0.0,0.0,0.0,0.0,0.0,,,,,,,,,,679442.0,0.0,0.0,0.0,0.0,0.0,0.0,0.0,0.0,0.0,0.0,Antonio,Pirrò,2008-01-28,18.63,125.0,72.0,Midfielder,0,679442,4raiad4l2j5lkfaz92pk4osb,ACF Fiorentina,Fiorentina,Fiorentina,FIO,679442.0,0.0,0.0,0.0,0.0,0.0,0.0,0.0,0.0,0.0,0.0,0.0,0.0,0.0,0.0,Antonio,Pirrò,2008-01-28,18.63,125.0,72.0,Midfielder,0,679442,4raiad4l2j5lkfaz92pk4osb,ACF Fiorentina,Fiorentina,Fiorentina,FIO,679442,679442,125,4raiad4l2j5lkfaz92pk4osb
Antonio Raimondo,538734.0,3.0,258.0,4.0,1.61,2.39,7.0,4.0,57.14,0.23,Antonio,Raimondo,2004-03-18,22.5,2037.0,9.0,Forward,Striker,ct2t62s5gte4o5hodlfz9hkb8,5khizzei8z0qbb7exz622wxw3,Frosinone Calcio,Frosinone,Frosinone,FRO,12.0,98.917,6.0,50.505,2.0,1.0,2.0,0.0,8.243,8.418,1.0,1.0,5.0,1.0,0.0,19.0,5.0,26.316,11.0,2.0,18.182,,,,,,,,,,538734.0,258.0,3.0,3.0,3.0,13.64,0.0,0.061,0.061,0.0,0.0,Antonio,Raimondo,2004-03-18,22.5,2037.0,9.0,Forward,Striker,ct2t62s5gte4o5hodlfz9hkb8,5khizzei8z0qbb7exz622wxw3,Frosinone Calcio,Frosinone,Frosinone,FRO,538734.0,258.0,3.0,23.0,14.0,60.87,16.0,9.0,56.25,2.0,0.0,0.0,0.0,0.0,0.0,Antonio,Raimondo,2004-03-18,22.5,2037.0,9.0,Forward,Striker,ct2t62s5gte4o5hodlfz9hkb8,5khizzei8z0qbb7exz622wxw3,Frosinone Calcio,Frosinone,Frosinone,FRO,538734,ct2t62s5gte4o5hodlfz9hkb8,2037,5khizzei8z0qbb7exz622wxw3
Antonio Vergara,563809.0,2.0,85.0,1.0,0.17,0.83,2.0,1.0,50.0,0.09,Antonio,Vergara,2003-01-16,23.67,459.0,26.0,Midfielder,Attacking Midfielder,cjliznudpjjraqhj47l40wil0,gi0l1habji5hpgar77dl5jqe,SSC Napoli,Napoli,Napoli,NAP,8.0,62.767,3.0,28.35,0.0,0.0,0.0,0.0,7.846,9.45,6.0,2.0,7.0,1.0,1.0,18.0,9.0,50.0,0.0,0.0,0.0,,,,,,,,,,563809.0,85.0,2.0,2.0,2.0,4.35,0.0,0.362,0.362,1.0,1.0,Antonio,Vergara,2003-01-16,23.67,459.0,26.0,Midfielder,Attacking Midfielder,cjliznudpjjraqhj47l40wil0,gi0l1habji5hpgar77dl5jqe,SSC Napoli,Napoli,Napoli,NAP,563809.0,85.0,2.0,23.0,21.0,91.3,10.0,10.0,100.0,1.0,0.0,0.0,1.0,1.0,100.0,Antonio,Vergara,2003-01-16,23.67,459.0,26.0,Midfielder,Attacking Midfielder,cjliznudpjjraqhj47l40wil0,gi0l1habji5hpgar77dl5jqe,SSC Napoli,Napoli,Napoli,NAP,563809,cjliznudpjjraqhj47l40wil0,459,gi0l1habji5hpgar77dl5jqe
Ardian Ismajli,229912.0,3.0,163.0,0.0,0.0,0.0,0.0,0.0,0.0,0.0,Ardian,Ismajli,1996-09-30,29.97,135.0,44.0,Defender,Central Defender,54mmovmx3osoxgbloe9rzmx9l,7gnly6999wao1xarwct4p8fe9,Torino FC,Torino,Torino,TOR,14.0,111.895,5.0,37.485,0.0,0.0,0.0,0.0,7.992,7.497,0.0,4.0,6.0,2.0,17.0,4.0,2.0,50.0,11.0,4.0,36.364,,,,,,,,,,229912.0,163.0,3.0,0.0,0.0,0.0,0.0,0.014,0.014,0.0,0.0,Ardian,Ismajli,1996-09-30,29.97,135.0,44.0,Defender,Central Defender,54mmovmx3osoxgbloe9rzmx9l,7gnly6999wao1xarwct4p8fe9,Torino FC,Torino,Torino,TOR,229912.0,163.0,3.0,113.0,104.0,92.04,9.0,6.0,66.67,0.0,0.0,0.0,0.0,0.0,0.0,Ardian,Ismajli,1996-09-30,29.97,135.0,44.0,Defender,Central Defender,54mmovmx3osoxgbloe9rzmx9l,7gnly6999wao1xarwct4p8fe9,Torino FC,Torino,Torino,TOR,229912,54mmovmx3osoxgbloe9rzmx9l,135,7gnly6999wao1xarwct4p8fe9
Ardon Jashari,508855.0,3.0,80.0,0.0,0.57,-0.57,1.0,1.0,0.0,0.57,Ardon,Jashari,2002-07-30,24.13,120.0,30.0,Midfielder,Defensive Midfielder,94sln58zt76ydfvs4pl7xkqy2,9dntj5dioj5ex52yrgwzxrq9l,AC Milan,Milan,Milan,MIL,14.0,137.25,4.0,5.985,1.0,0.0,0.0,0.0,9.804,1.496,0.0,0.0,3.0,0.0,1.0,2.0,0.0,0.0,1.0,0.0,0.0,,,,,,,,,,508855.0,80.0,3.0,2.0,2.0,3.13,0.0,0.048,0.048,0.0,0.0,Ardon,Jashari,2002-07-30,24.13,120.0,30.0,Midfielder,Defensive Midfielder,94sln58zt76ydfvs4pl7xkqy2,9dntj5dioj5ex52yrgwzxrq9l,AC Milan,Milan,Milan,MIL,508855.0,80.0,3.0,68.0,61.0,89.71,17.0,15.0,88.24,1.0,0.0,0.0,0.0,0.0,0.0,Ardon,Jashari,2002-07-30,24.13,120.0,30.0,Midfielder,Defensive Midfielder,94sln58zt76ydfvs4pl7xkqy2,9dntj5dioj5ex52yrgwzxrq9l,AC Milan,Milan,Milan,MIL,508855,94sln58zt76ydfvs4pl7xkqy2,120,9dntj5dioj5ex52yrgwzxrq9l
Arijanet Muric,,,,,,,,,,,,,,,,,,,,,,,,,,,,,,,,,,,,,,,,,,,,,,270.0,100.0,0.0,5.0,11.0,68.75,-0.55,0.8,4.45,,,,,,,,,,,,,,,,,,,,,,,,,,,,,,,,,,,,,,,,,,,,,,,,,,,,,,,232917,2k18wcecasfnrys3vm9sm2lt5,2182,6tuibxq39fdryu8ou06wcm0q3
Arkadiusz Milik,103076.0,0.0,0.0,0.0,0.0,0.0,0.0,0.0,0.0,0.0,Arkadiusz,Milik,1994-02-28,32.56,128.0,14.0,Forward,Striker,103076,bqbbqm98ud8obe45ds9ohgyrd,Juventus FC,Juventus,Juventus,JUV,0.0,0.0,0.0,0.0,0.0,0.0,0.0,0.0,0.0,0.0,0.0,0.0,0.0,0.0,0.0,0.0,0.0,0.0,0.0,0.0,0.0,,,,,,,,,,103076.0,0.0,0.0,0.0,0.0,0.0,0.0,0.0,0.0,0.0,0.0,Arkadiusz,Milik,1994-02-28,32.56,128.0,14.0,Forward,Striker,103076,bqbbqm98ud8obe45ds9ohgyrd,Juventus FC,Juventus,Juventus,JUV,103076.0,0.0,0.0,0.0,0.0,0.0,0.0,0.0,0.0,0.0,0.0,0.0,0.0,0.0,0.0,Arkadiusz,Milik,1994-02-28,32.56,128.0,14.0,Forward,Striker,103076,bqbbqm98ud8obe45ds9ohgyrd,Juventus FC,Juventus,Juventus,JUV,103076,103076,128,bqbbqm98ud8obe45ds9ohgyrd
Armand Laurienté,449431.0,3.0,270.0,0.0,1.08,-1.08,16.0,4.0,0.0,0.07,Armand,Laurienté,1998-12-04,27.79,2182.0,45.0,Forward,Winger,27xj7me8icr5ptta7kwx0kfs9,6tuibxq39fdryu8ou06wcm0q3,US Sassuolo Calcio,Sassuolo,Sassuolo,SAS,44.0,626.788,27.0,370.02,8.0,0.0,1.0,0.0,14.245,13.704,1.0,0.0,8.0,0.0,0.0,25.0,9.0,36.0,1.0,0.0,0.0,,,,,,,,,,449431.0,270.0,3.0,3.0,3.0,3.3,0.0,0.795,0.725,0.0,0.0,Armand,Laurienté,1998-12-04,27.79,2182.0,45.0,Forward,Winger,27xj7me8icr5ptta7kwx0kfs9,6tuibxq39fdryu8ou06wcm0q3,US Sassuolo Calcio,Sassuolo,Sassuolo,SAS,449431.0,270.0,3.0,95.0,88.0,92.63,54.0,50.0,92.59,3.0,0.0,0.0,1.0,1.0,100.0,Armand,Laurienté,1998-12-04,27.79,2182.0,45.0,Forward,Winger,27xj7me8icr5ptta7kwx0kfs9,6tuibxq39fdryu8ou06wcm0q3,US Sassuolo Calcio,Sassuolo,Sassuolo,SAS,449431,27xj7me8icr5ptta7kwx0kfs9,2182,6tuibxq39fdryu8ou06wcm0q3
Armel Bella-Kotchap,477386.0,3.0,196.0,0.0,0.27,-0.27,2.0,0.0,0.0,0.13,Armel,Bella-Kotchap,2001-12-11,24.77,137.0,17.0,Defender,Central Defender,7zkku0gboniozaks9yx0ous8a,565sm63rjm2y7xeae0dcdbtnu,Venezia FC,Venezia,Venezia,VEN,31.0,294.238,19.0,172.305,0.0,0.0,0.0,0.0,9.492,9.069,4.0,3.0,7.0,1.0,13.0,12.0,9.0,75.0,14.0,11.0,78.571,,,,,,,,,,477386.0,196.0,3.0,0.0,0.0,0.0,0.0,0.012,0.012,0.0,0.0,Armel,Bella-Kotchap,2001-12-11,24.77,137.0,17.0,Defender,Central Defender,7zkku0gboniozaks9yx0ous8a,565sm63rjm2y7xeae0dcdbtnu,Venezia FC,Venezia,Venezia,VEN,477386.0,196.0,3.0,129.0,114.0,88.37,7.0,4.0,57.14,0.0,0.0,0.0,0.0,0.0,0.0,Armel,Bella-Kotchap,2001-12-11,24.77,137.0,17.0,Defender,Central Defender,7zkku0gboniozaks9yx0ous8a,565sm63rjm2y7xeae0dcdbtnu,Venezia FC,Venezia,Venezia,VEN,477386,7zkku0gboniozaks9yx0ous8a,137,565sm63rjm2y7xeae0dcdbtnu
Artem Dovbyk,213294.0,3.0,84.0,1.0,0.74,0.26,4.0,1.0,25.0,0.18,Artem,Dovbyk,1997-06-21,29.24,123.0,9.0,Forward,Striker,192q3f2xwk9nc6juoa1bcm3th,ej5er0oyngdw138yuumwqbyqt,Bologna FC 1909,Bologna,Bologna,BOL,2.0,21.089,1.0,-0.105,0.0,0.0,0.0,0.0,10.544,-0.105,0.0,0.0,0.0,0.0,1.0,5.0,0.0,0.0,2.0,1.0,50.0,,,,,,,,,,213294.0,84.0,3.0,1.0,1.0,9.09,0.0,0.099,0.099,0.0,0.0,Artem,Dovbyk,1997-06-21,29.24,123.0,9.0,Forward,Striker,192q3f2xwk9nc6juoa1bcm3th,ej5er0oyngdw138yuumwqbyqt,Bologna FC 1909,Bologna,Bologna,BOL,213294.0,84.0,3.0,11.0,11.0,100.0,7.0,7.0,100.0,0.0,0.0,0.0,0.0,0.0,0.0,Artem,Dovbyk,1997-06-21,29.24,123.0,9.0,Forward,Striker,192q3f2xwk9nc6juoa1bcm3th,ej5er0oyngdw138yuumwqbyqt,Bologna FC 1909,Bologna,Bologna,BOL,213294,192q3f2xwk9nc6juoa1bcm3th,123,ej5er0oyngdw138yuumwqbyqt
Arthur Atta,606931.0,3.0,209.0,0.0,1.17,-1.17,9.0,3.0,0.0,0.13,Arthur,Atta,2003-01-14,23.67,125.0,14.0,Midfielder,Central Midfielder,2wwbf11c9mc2psxaa8p58qnmc,4raiad4l2j5lkfaz92pk4osb,ACF Fiorentina,Fiorentina,Fiorentina,FIO,46.0,597.087,26.0,265.755,3.0,0.0,0.0,0.0,12.98,10.221,1.0,2.0,7.0,0.0,2.0,21.0,4.0,19.048,3.0,2.0,66.667,,,,,,,,,,606931.0,209.0,3.0,2.0,2.0,2.02,0.0,0.32,0.316,0.0,0.0,Arthur,Atta,2003-01-14,23.67,125.0,14.0,Midfielder,Central Midfielder,2wwbf11c9mc2psxaa8p58qnmc,4raiad4l2j5lkfaz92pk4osb,ACF Fiorentina,Fiorentina,Fiorentina,FIO,606931.0,209.0,3.0,102.0,93.0,91.18,42.0,36.0,85.71,4.0,1.0,25.0,0.0,0.0,0.0,Arthur,Atta,2003-01-14,23.67,125.0,14.0,Midfielder,Central Midfielder,2wwbf11c9mc2psxaa8p58qnmc,4raiad4l2j5lkfaz92pk4osb,ACF Fiorentina,Fiorentina,Fiorentina,FIO,606931,2wwbf11c9mc2psxaa8p58qnmc,125,4raiad4l2j5lkfaz92pk4osb
Arthur Theate,465189.0,1.0,90.0,0.0,0.07,-0.07,2.0,0.0,0.0,0.03,Arthur,Theate,2000-05-25,26.32,123.0,3.0,Defender,Central Defender,8qlz4omhgfnzyb2cgeou7xn56,ej5er0oyngdw138yuumwqbyqt,Bologna FC 1909,Bologna,Bologna,BOL,22.0,205.969,12.0,142.485,0.0,0.0,0.0,0.0,9.362,11.874,1.0,2.0,2.0,1.0,3.0,3.0,1.0,33.333,2.0,2.0,100.0,,,,,,,,,,465189.0,90.0,1.0,0.0,0.0,0.0,0.0,0.014,0.014,0.0,0.0,Arthur,Theate,2000-05-25,26.32,123.0,3.0,Defender,Central Defender,8qlz4omhgfnzyb2cgeou7xn56,ej5er0oyngdw138yuumwqbyqt,Bologna FC 1909,Bologna,Bologna,BOL,465189.0,90.0,1.0,64.0,62.0,96.88,7.0,5.0,71.43,1.0,0.0,0.0,0.0,0.0,0.0,Arthur,Theate,2000-05-25,26.32,123.0,3.0,Defender,Central Defender,8qlz4omhgfnzyb2cgeou7xn56,ej5er0oyngdw138yuumwqbyqt,Bologna FC 1909,Bologna,Bologna,BOL,465189,8qlz4omhgfnzyb2cgeou7xn56,123,ej5er0oyngdw138yuumwqbyqt
Assane Diao,624877.0,3.0,194.0,2.0,0.52,1.48,7.0,3.0,28.57,0.07,Assane,Diao,2005-09-07,21.02,1065.0,11.0,Forward,Winger,13uxs8820y7mi31fsw1i0qxw4,6uzfw7ahyxg4wrrfxo5u7qt0n,Calcio Como 1907,Como,Como,COM,40.0,586.869,24.0,343.98,2.0,0.0,6.0,1.0,14.672,14.333,4.0,2.0,5.0,0.0,2.0,21.0,11.0,52.381,5.0,2.0,40.0,,,,,,,,,,624877.0,194.0,3.0,6.0,6.0,5.95,0.0,0.403,0.403,1.0,1.0,Assane,Diao,2005-09-07,21.02,1065.0,11.0,Forward,Winger,13uxs8820y7mi31fsw1i0qxw4,6uzfw7ahyxg4wrrfxo5u7qt0n,Calcio Como 1907,Como,Como,COM,624877.0,194.0,3.0,84.0,73.0,86.9,38.0,35.0,92.11,10.0,2.0,20.0,0.0,0.0,0.0,Assane,Diao,2005-09-07,21.02,1065.0,11.0,Forward,Winger,13uxs8820y7mi31fsw1i0qxw4,6uzfw7ahyxg4wrrfxo5u7qt0n,Calcio Como 1907,Como,Como,COM,624877,13uxs8820y7mi31fsw1i0qxw4,1065,6uzfw7ahyxg4wrrfxo5u7qt0n
Augusto Owusu,599366.0,0.0,0.0,0.0,0.0,0.0,0.0,0.0,0.0,0.0,Augusto,Owusu,2005-01-28,21.63,128.0,41.0,Midfielder,0,599366,bqbbqm98ud8obe45ds9ohgyrd,Juventus FC,Juventus,Juventus,JUV,0.0,0.0,0.0,0.0,0.0,0.0,0.0,0.0,0.0,0.0,0.0,0.0,0.0,0.0,0.0,0.0,0.0,0.0,0.0,0.0,0.0,,,,,,,,,,599366.0,0.0,0.0,0.0,0.0,0.0,0.0,0.0,0.0,0.0,0.0,Augusto,Owusu,2005-01-28,21.63,128.0,41.0,Midfielder,0,599366,bqbbqm98ud8obe45ds9ohgyrd,Juventus FC,Juventus,Juventus,JUV,599366.0,0.0,0.0,0.0,0.0,0.0,0.0,0.0,0.0,0.0,0.0,0.0,0.0,0.0,0.0,Augusto,Owusu,2005-01-28,21.63,128.0,41.0,Midfielder,0,599366,bqbbqm98ud8obe45ds9ohgyrd,Juventus FC,Juventus,Juventus,JUV,599366,599366,128,bqbbqm98ud8obe45ds9ohgyrd
Bartol Franjic,240996.0,2.0,134.0,0.0,0.27,-0.27,2.0,2.0,0.0,0.13,Bartol,Franjic,2000-01-14,26.68,137.0,4.0,Defender,Central Defender,en0a6a574x1yvnk8kdxwub949,565sm63rjm2y7xeae0dcdbtnu,Venezia FC,Venezia,Venezia,VEN,39.0,481.651,21.0,159.285,0.0,0.0,0.0,0.0,12.35,7.585,4.0,3.0,9.0,0.0,1.0,9.0,7.0,77.778,4.0,2.0,50.0,,,,,,,,,,240996.0,134.0,2.0,0.0,0.0,0.0,0.0,0.023,0.023,0.0,0.0,Bartol,Franjic,2000-01-14,26.68,137.0,4.0,Defender,Central Defender,en0a6a574x1yvnk8kdxwub949,565sm63rjm2y7xeae0dcdbtnu,Venezia FC,Venezia,Venezia,VEN,240996.0,134.0,2.0,94.0,85.0,90.43,24.0,20.0,83.33,2.0,0.0,0.0,1.0,0.0,0.0,Bartol,Franjic,2000-01-14,26.68,137.0,4.0,Defender,Central Defender,en0a6a574x1yvnk8kdxwub949,565sm63rjm2y7xeae0dcdbtnu,Venezia FC,Venezia,Venezia,VEN,240996,en0a6a574x1yvnk8kdxwub949,137,565sm63rjm2y7xeae0dcdbtnu
Benja Domínguez,561201.0,2.0,46.0,0.0,0.02,-0.02,1.0,0.0,0.0,0.02,Benja,Domínguez,2003-09-19,22.99,2182.0,25.0,Forward,Winger,ausjnoieiyx9m37qzam0gqgic,6tuibxq39fdryu8ou06wcm0q3,US Sassuolo Calcio,Sassuolo,Sassuolo,SAS,11.0,96.555,5.0,26.25,1.0,0.0,0.0,0.0,8.778,5.25,0.0,0.0,1.0,0.0,0.0,14.0,4.0,28.571,1.0,0.0,0.0,,,,,,,,,,561201.0,46.0,2.0,0.0,0.0,0.0,0.0,0.009,0.009,0.0,0.0,Benja,Domínguez,2003-09-19,22.99,2182.0,25.0,Forward,Winger,ausjnoieiyx9m37qzam0gqgic,6tuibxq39fdryu8ou06wcm0q3,US Sassuolo Calcio,Sassuolo,Sassuolo,SAS,561201.0,46.0,2.0,14.0,12.0,85.71,6.0,4.0,66.67,2.0,1.0,50.0,0.0,0.0,0.0,Benja,Domínguez,2003-09-19,22.99,2182.0,25.0,Forward,Winger,ausjnoieiyx9m37qzam0gqgic,6tuibxq39fdryu8ou06wcm0q3,US Sassuolo Calcio,Sassuolo,Sassuolo,SAS,561201,ausjnoieiyx9m37qzam0gqgic,2182,6tuibxq39fdryu8ou06wcm0q3
Benjamin Pavard,202675.0,1.0,90.0,0.0,0.02,-0.02,1.0,0.0,0.0,0.02,Benjamin,Pavard,1996-03-28,30.48,127.0,28.0,Defender,Central Defender,yq0cm7vwr0tkv7nvt9vo77bp,3vo5mpj7catp66nrwwqiuhuup,FC Internazionale Milano,Internazionale,Inter,INT,17.0,167.201,11.0,129.255,0.0,0.0,0.0,0.0,9.835,11.75,2.0,1.0,3.0,0.0,1.0,2.0,2.0,100.0,4.0,0.0,0.0,,,,,,,,,,202675.0,90.0,1.0,1.0,1.0,1.03,0.0,0.133,0.133,0.0,0.0,Benjamin,Pavard,1996-03-28,30.48,127.0,28.0,Defender,Central Defender,yq0cm7vwr0tkv7nvt9vo77bp,3vo5mpj7catp66nrwwqiuhuup,FC Internazionale Milano,Internazionale,Inter,INT,202675.0,90.0,1.0,97.0,93.0,95.88,19.0,16.0,84.21,1.0,1.0,100.0,0.0,0.0,0.0,Benjamin,Pavard,1996-03-28,30.48,127.0,28.0,Defender,Central Defender,yq0cm7vwr0tkv7nvt9vo77bp,3vo5mpj7catp66nrwwqiuhuup,FC Internazionale Milano,Internazionale,Inter,INT,202675,yq0cm7vwr0tkv7nvt9vo77bp,127,3vo5mpj7catp66nrwwqiuhuup
Benjamín Cremaschi,541690.0,2.0,34.0,0.0,0.0,0.0,0.0,0.0,0.0,0.0,Benjamín,Cremaschi,2005-03-02,21.54,131.0,8.0,Midfielder,Central Midfielder,5q5ti9wmab56mk2995qk01ixg,5aosfavi55p40c65lkriqnqnl,Parma Calcio 1913,Parma,Parma,PAR,7.0,45.096,2.0,5.67,0.0,0.0,0.0,0.0,6.442,2.835,2.0,0.0,1.0,0.0,0.0,9.0,4.0,44.444,3.0,1.0,33.333,,,,,,,,,,541690.0,34.0,2.0,0.0,0.0,0.0,0.0,0.002,0.002,0.0,0.0,Benjamín,Cremaschi,2005-03-02,21.54,131.0,8.0,Midfielder,Central Midfielder,5q5ti9wmab56mk2995qk01ixg,5aosfavi55p40c65lkriqnqnl,Parma Calcio 1913,Parma,Parma,PAR,541690.0,34.0,2.0,15.0,12.0,80.0,1.0,1.0,100.0,1.0,0.0,0.0,0.0,0.0,0.0,Benjamín,Cremaschi,2005-03-02,21.54,131.0,8.0,Midfielder,Central Midfielder,5q5ti9wmab56mk2995qk01ixg,5aosfavi55p40c65lkriqnqnl,Parma Calcio 1913,Parma,Parma,PAR,541690,5q5ti9wmab56mk2995qk01ixg,131,5aosfavi55p40c65lkriqnqnl
Benoît Badiashile,242880.0,1.0,10.0,0.0,0.0,0.0,0.0,0.0,0.0,0.0,Benoît,Badiashile,2001-03-26,25.48,459.0,5.0,Defender,Central Defender,5g5wwp5luxo1rz1kp6chvz0x6,gi0l1habji5hpgar77dl5jqe,SSC Napoli,Napoli,Napoli,NAP,2.0,16.691,1.0,13.02,0.0,0.0,0.0,0.0,8.346,13.02,0.0,0.0,1.0,0.0,1.0,0.0,0.0,0.0,2.0,1.0,50.0,,,,,,,,,,242880.0,10.0,1.0,0.0,0.0,0.0,0.0,0.0,0.0,0.0,0.0,Benoît,Badiashile,2001-03-26,25.48,459.0,5.0,Defender,Central Defender,5g5wwp5luxo1rz1kp6chvz0x6,gi0l1habji5hpgar77dl5jqe,SSC Napoli,Napoli,Napoli,NAP,242880.0,10.0,1.0,7.0,7.0,100.0,0.0,0.0,0.0,0.0,0.0,0.0,0.0,0.0,0.0,Benoît,Badiashile,2001-03-26,25.48,459.0,5.0,Defender,Central Defender,5g5wwp5luxo1rz1kp6chvz0x6,gi0l1habji5hpgar77dl5jqe,SSC Napoli,Napoli,Napoli,NAP,242880,5g5wwp5luxo1rz1kp6chvz0x6,459,gi0l1habji5hpgar77dl5jqe
Beto,486385.0,1.0,14.0,0.0,0.06,-0.06,1.0,0.0,0.0,0.06,Norberto Bercique,Gomes Betuncal,1998-01-31,28.63,125.0,23.0,Forward,Striker,6z3a27dxffwacyxof0imvcfvu,4raiad4l2j5lkfaz92pk4osb,ACF Fiorentina,Fiorentina,Fiorentina,FIO,0.0,0.0,0.0,0.0,0.0,0.0,0.0,0.0,0.0,0.0,1.0,0.0,0.0,0.0,0.0,3.0,1.0,33.333,1.0,1.0,100.0,,,,,,,,,,486385.0,14.0,1.0,0.0,0.0,0.0,0.0,0.0,0.0,0.0,0.0,Norberto Bercique,Gomes Betuncal,1998-01-31,28.63,125.0,23.0,Forward,Striker,6z3a27dxffwacyxof0imvcfvu,4raiad4l2j5lkfaz92pk4osb,ACF Fiorentina,Fiorentina,Fiorentina,FIO,486385.0,14.0,1.0,2.0,1.0,50.0,1.0,0.0,0.0,0.0,0.0,0.0,0.0,0.0,0.0,Norberto Bercique,Gomes Betuncal,1998-01-31,28.63,125.0,23.0,Forward,Striker,6z3a27dxffwacyxof0imvcfvu,4raiad4l2j5lkfaz92pk4osb,ACF Fiorentina,Fiorentina,Fiorentina,FIO,486385,6z3a27dxffwacyxof0imvcfvu,125,4raiad4l2j5lkfaz92pk4osb
Billy Gilmour,243568.0,1.0,11.0,0.0,0.0,0.0,0.0,0.0,0.0,0.0,Billy,Gilmour,2001-06-11,25.27,459.0,6.0,Midfielder,Defensive Midfielder,5okl8s3e8ad2add75m46ojo4p,gi0l1habji5hpgar77dl5jqe,SSC Napoli,Napoli,Napoli,NAP,2.0,17.413,1.0,8.505,0.0,0.0,0.0,0.0,8.706,8.505,0.0,0.0,1.0,0.0,0.0,1.0,0.0,0.0,0.0,0.0,0.0,,,,,,,,,,243568.0,11.0,1.0,0.0,0.0,0.0,0.0,0.002,0.002,0.0,0.0,Billy,Gilmour,2001-06-11,25.27,459.0,6.0,Midfielder,Defensive Midfielder,5okl8s3e8ad2add75m46ojo4p,gi0l1habji5hpgar77dl5jqe,SSC Napoli,Napoli,Napoli,NAP,243568.0,11.0,1.0,14.0,10.0,71.43,3.0,2.0,66.67,0.0,0.0,0.0,0.0,0.0,0.0,Billy,Gilmour,2001-06-11,25.27,459.0,6.0,Midfielder,Defensive Midfielder,5okl8s3e8ad2add75m46ojo4p,gi0l1habji5hpgar77dl5jqe,SSC Napoli,Napoli,Napoli,NAP,243568,5okl8s3e8ad2add75m46ojo4p,459,gi0l1habji5hpgar77dl5jqe
Boulaye Dia,468488.0,2.0,159.0,0.0,0.0,0.0,0.0,0.0,0.0,0.0,Boulaye,Dia,1996-11-16,29.84,129.0,19.0,Forward,Striker,3mqhkh4iz4kesvmqui3hupgmi,btcy9nra9ak4m22ovr2ia6m5v,SS Lazio,Lazio,Lazio,LAZ,7.0,63.447,2.0,-0.105,0.0,0.0,1.0,0.0,9.064,-0.052,0.0,0.0,3.0,0.0,0.0,5.0,1.0,20.0,5.0,2.0,40.0,,,,,,,,,,468488.0,159.0,2.0,4.0,3.0,7.14,0.0,0.186,0.186,1.0,0.0,Boulaye,Dia,1996-11-16,29.84,129.0,19.0,Forward,Striker,3mqhkh4iz4kesvmqui3hupgmi,btcy9nra9ak4m22ovr2ia6m5v,SS Lazio,Lazio,Lazio,LAZ,468488.0,159.0,2.0,44.0,38.0,86.36,16.0,14.0,87.5,0.0,0.0,0.0,0.0,0.0,0.0,Boulaye,Dia,1996-11-16,29.84,129.0,19.0,Forward,Striker,3mqhkh4iz4kesvmqui3hupgmi,btcy9nra9ak4m22ovr2ia6m5v,SS Lazio,Lazio,Lazio,LAZ,468488,3mqhkh4iz4kesvmqui3hupgmi,129,btcy9nra9ak4m22ovr2ia6m5v
Brando Mazzeo,682910.0,0.0,0.0,0.0,0.0,0.0,0.0,0.0,0.0,0.0,Brando,Mazzeo,2007-10-04,18.95,125.0,72.0,Midfielder,Winger,682910,4raiad4l2j5lkfaz92pk4osb,ACF Fiorentina,Fiorentina,Fiorentina,FIO,0.0,0.0,0.0,0.0,0.0,0.0,0.0,0.0,0.0,0.0,0.0,0.0,0.0,0.0,0.0,0.0,0.0,0.0,0.0,0.0,0.0,,,,,,,,,,682910.0,0.0,0.0,0.0,0.0,0.0,0.0,0.0,0.0,0.0,0.0,Brando,Mazzeo,2007-10-04,18.95,125.0,72.0,Midfielder,Winger,682910,4raiad4l2j5lkfaz92pk4osb,ACF Fiorentina,Fiorentina,Fiorentina,FIO,682910.0,0.0,0.0,0.0,0.0,0.0,0.0,0.0,0.0,0.0,0.0,0.0,0.0,0.0,0.0,Brando,Mazzeo,2007-10-04,18.95,125.0,72.0,Midfielder,Winger,682910,4raiad4l2j5lkfaz92pk4osb,ACF Fiorentina,Fiorentina,Fiorentina,FIO,682910,682910,125,4raiad4l2j5lkfaz92pk4osb
Branimir Mlacic,685714.0,0.0,0.0,0.0,0.0,0.0,0.0,0.0,0.0,0.0,Branimir,Mlacic,2007-03-12,19.52,136.0,22.0,Defender,Central Defender,685714,dxq76zcvnokq07cszdx0i6kve,Udinese Calcio,Udinese,Udinese,UDI,0.0,0.0,0.0,0.0,0.0,0.0,0.0,0.0,0.0,0.0,0.0,0.0,0.0,0.0,0.0,0.0,0.0,0.0,0.0,0.0,0.0,,,,,,,,,,685714.0,0.0,0.0,0.0,0.0,0.0,0.0,0.0,0.0,0.0,0.0,Branimir,Mlacic,2007-03-12,19.52,136.0,22.0,Defender,Central Defender,685714,dxq76zcvnokq07cszdx0i6kve,Udinese Calcio,Udinese,Udinese,UDI,685714.0,0.0,0.0,0.0,0.0,0.0,0.0,0.0,0.0,0.0,0.0,0.0,0.0,0.0,0.0,Branimir,Mlacic,2007-03-12,19.52,136.0,22.0,Defender,Central Defender,685714,dxq76zcvnokq07cszdx0i6kve,Udinese Calcio,Udinese,Udinese,UDI,685714,685714,136,dxq76zcvnokq07cszdx0i6kve
Bremer,428585.0,3.0,270.0,1.0,0.5,0.5,3.0,1.0,33.33,0.17,Gleison Bremer,Silva Nascimento,1997-03-18,29.5,128.0,3.0,Defender,Central Defender,d196vatyvq6ycn1q7d477d2i1,bqbbqm98ud8obe45ds9ohgyrd,Juventus FC,Juventus,Juventus,JUV,25.0,258.013,12.0,107.415,0.0,0.0,0.0,0.0,10.321,8.951,5.0,5.0,12.0,1.0,18.0,9.0,7.0,77.778,17.0,8.0,47.059,,,,,,,,,,428585.0,270.0,3.0,4.0,4.0,3.01,0.0,0.339,0.339,0.0,0.0,Gleison Bremer,Silva Nascimento,1997-03-18,29.5,128.0,3.0,Defender,Central Defender,d196vatyvq6ycn1q7d477d2i1,bqbbqm98ud8obe45ds9ohgyrd,Juventus FC,Juventus,Juventus,JUV,428585.0,270.0,3.0,137.0,122.0,89.05,26.0,19.0,73.08,0.0,0.0,0.0,0.0,0.0,0.0,Gleison Bremer,Silva Nascimento,1997-03-18,29.5,128.0,3.0,Defender,Central Defender,d196vatyvq6ycn1q7d477d2i1,bqbbqm98ud8obe45ds9ohgyrd,Juventus FC,Juventus,Juventus,JUV,428585,d196vatyvq6ycn1q7d477d2i1,128,bqbbqm98ud8obe45ds9ohgyrd
Brooke Norton-Cuffy,496181.0,2.0,180.0,0.0,0.03,-0.03,1.0,0.0,0.0,0.03,Brooke,Norton-Cuffy,2004-01-12,22.68,990.0,15.0,Defender,Full Back,bj9f6t8o0nji79rbaxrsioep6,4kumqzwifv478caxed8zywlh3,Genoa CFC,Genoa,Genoa,GEN,24.0,301.838,12.0,149.625,0.0,0.0,2.0,0.0,12.577,12.469,0.0,0.0,8.0,1.0,5.0,10.0,4.0,40.0,1.0,0.0,0.0,,,,,,,,,,496181.0,180.0,2.0,4.0,3.0,5.56,0.0,0.1,0.1,0.0,0.0,Brooke,Norton-Cuffy,2004-01-12,22.68,990.0,15.0,Defender,Full Back,bj9f6t8o0nji79rbaxrsioep6,4kumqzwifv478caxed8zywlh3,Genoa CFC,Genoa,Genoa,GEN,496181.0,180.0,2.0,55.0,44.0,80.0,15.0,11.0,73.33,8.0,2.0,25.0,0.0,0.0,0.0,Brooke,Norton-Cuffy,2004-01-12,22.68,990.0,15.0,Defender,Full Back,bj9f6t8o0nji79rbaxrsioep6,4kumqzwifv478caxed8zywlh3,Genoa CFC,Genoa,Genoa,GEN,496181,bj9f6t8o0nji79rbaxrsioep6,990,4kumqzwifv478caxed8zywlh3
Bryan Cristante,109511.0,3.0,270.0,0.0,0.27,-0.27,4.0,1.0,0.0,0.07,Bryan,Cristante,1995-03-03,31.55,121.0,4.0,Midfielder,Central Midfielder,1ftejgsl4hho40cceqne1hcyd,2tk2l9sgktwc9jhzqdd4mpdtb,AS Roma,Roma,Roma,ROM,71.0,796.829,40.0,460.635,0.0,0.0,1.0,0.0,11.223,11.516,8.0,4.0,17.0,0.0,5.0,18.0,11.0,61.111,16.0,11.0,68.75,,,,,,,,,,109511.0,270.0,3.0,1.0,1.0,0.42,0.0,0.109,0.108,0.0,0.0,Bryan,Cristante,1995-03-03,31.55,121.0,4.0,Midfielder,Central Midfielder,1ftejgsl4hho40cceqne1hcyd,2tk2l9sgktwc9jhzqdd4mpdtb,AS Roma,Roma,Roma,ROM,109511.0,270.0,3.0,244.0,217.0,88.93,66.0,53.0,80.3,2.0,0.0,0.0,0.0,0.0,0.0,Bryan,Cristante,1995-03-03,31.55,121.0,4.0,Midfielder,Central Midfielder,1ftejgsl4hho40cceqne1hcyd,2tk2l9sgktwc9jhzqdd4mpdtb,AS Roma,Roma,Roma,ROM,109511,1ftejgsl4hho40cceqne1hcyd,121,2tk2l9sgktwc9jhzqdd4mpdtb
Carlos Augusto,230843.0,1.0,28.0,0.0,0.0,0.0,0.0,0.0,0.0,0.0,Carlos Augusto,Zopolato Neves,1999-01-07,27.7,127.0,30.0,Defender,Full Back,4d17grk2qflzake218uz76uei,3vo5mpj7catp66nrwwqiuhuup,FC Internazionale Milano,Internazionale,Inter,INT,5.0,36.739,5.0,35.595,0.0,0.0,0.0,0.0,7.348,7.119,1.0,0.0,1.0,0.0,2.0,1.0,1.0,100.0,3.0,1.0,33.333,,,,,,,,,,230843.0,28.0,1.0,1.0,1.0,0.0,0.0,0.076,0.075,1.0,1.0,Carlos Augusto,Zopolato Neves,1999-01-07,27.7,127.0,30.0,Defender,Full Back,4d17grk2qflzake218uz76uei,3vo5mpj7catp66nrwwqiuhuup,FC Internazionale Milano,Internazionale,Inter,INT,230843.0,28.0,1.0,15.0,13.0,86.67,4.0,3.0,75.0,4.0,2.0,50.0,0.0,0.0,0.0,Carlos Augusto,Zopolato Neves,1999-01-07,27.7,127.0,30.0,Defender,Full Back,4d17grk2qflzake218uz76uei,3vo5mpj7catp66nrwwqiuhuup,FC Internazionale Milano,Internazionale,Inter,INT,230843,4d17grk2qflzake218uz76uei,127,3vo5mpj7catp66nrwwqiuhuup
Cas Odenthal,219252.0,1.0,90.0,1.0,0.64,0.36,1.0,1.0,100.0,0.64,Cas,Odenthal,2000-09-26,25.98,2182.0,26.0,Defender,Central Defender,5ld0lornm6gih88rs3qg59jze,6tuibxq39fdryu8ou06wcm0q3,US Sassuolo Calcio,Sassuolo,Sassuolo,SAS,12.0,95.971,9.0,70.98,0.0,0.0,0.0,0.0,7.998,7.887,0.0,0.0,3.0,1.0,0.0,3.0,0.0,0.0,1.0,0.0,0.0,,,,,,,,,,219252.0,90.0,1.0,1.0,1.0,1.56,0.0,0.005,0.005,0.0,0.0,Cas,Odenthal,2000-09-26,25.98,2182.0,26.0,Defender,Central Defender,5ld0lornm6gih88rs3qg59jze,6tuibxq39fdryu8ou06wcm0q3,US Sassuolo Calcio,Sassuolo,Sassuolo,SAS,219252.0,90.0,1.0,65.0,64.0,98.46,2.0,1.0,50.0,0.0,0.0,0.0,0.0,0.0,0.0,Cas,Odenthal,2000-09-26,25.98,2182.0,26.0,Defender,Central Defender,5ld0lornm6gih88rs3qg59jze,6tuibxq39fdryu8ou06wcm0q3,US Sassuolo Calcio,Sassuolo,Sassuolo,SAS,219252,5ld0lornm6gih88rs3qg59jze,2182,6tuibxq39fdryu8ou06wcm0q3
Cesare Casadei,505187.0,1.0,70.0,0.0,0.0,0.0,0.0,0.0,0.0,0.0,Cesare,Casadei,2003-01-10,23.68,135.0,22.0,Midfielder,Central Midfielder,82pgcsfvbitzlpbao9ptbsgoa,7gnly6999wao1xarwct4p8fe9,Torino FC,Torino,Torino,TOR,4.0,61.003,2.0,45.99,0.0,0.0,0.0,0.0,15.251,22.995,2.0,0.0,5.0,0.0,1.0,6.0,3.0,50.0,5.0,2.0,40.0,,,,,,,,,,505187.0,70.0,1.0,0.0,0.0,0.0,0.0,0.002,0.002,0.0,0.0,Cesare,Casadei,2003-01-10,23.68,135.0,22.0,Midfielder,Central Midfielder,82pgcsfvbitzlpbao9ptbsgoa,7gnly6999wao1xarwct4p8fe9,Torino FC,Torino,Torino,TOR,505187.0,70.0,1.0,17.0,11.0,64.71,1.0,0.0,0.0,1.0,0.0,0.0,0.0,0.0,0.0,Cesare,Casadei,2003-01-10,23.68,135.0,22.0,Midfielder,Central Midfielder,82pgcsfvbitzlpbao9ptbsgoa,7gnly6999wao1xarwct4p8fe9,Torino FC,Torino,Torino,TOR,505187,82pgcsfvbitzlpbao9ptbsgoa,135,7gnly6999wao1xarwct4p8fe9
Charles De Ketelaere,465716.0,3.0,175.0,0.0,0.05,-0.05,1.0,0.0,0.0,0.05,Charles,De Ketelaere,2001-03-10,25.52,456.0,17.0,Forward,Second Striker,7ox43isyywsnrfcd56nm65be,e75syeuawg3ql8nwpi3vr2btz,Atalanta Bergamasca Calcio,Atalanta,Atalanta,ATA,25.0,332.836,14.0,196.245,1.0,0.0,0.0,0.0,13.313,14.018,4.0,1.0,8.0,0.0,1.0,22.0,11.0,50.0,9.0,5.0,55.556,,,,,,,,,,465716.0,175.0,3.0,4.0,4.0,6.25,0.0,0.141,0.141,0.0,0.0,Charles,De Ketelaere,2001-03-10,25.52,456.0,17.0,Forward,Second Striker,7ox43isyywsnrfcd56nm65be,e75syeuawg3ql8nwpi3vr2btz,Atalanta Bergamasca Calcio,Atalanta,Atalanta,ATA,465716.0,175.0,3.0,64.0,44.0,68.75,27.0,18.0,66.67,2.0,2.0,100.0,0.0,0.0,0.0,Charles,De Ketelaere,2001-03-10,25.52,456.0,17.0,Forward,Second Striker,7ox43isyywsnrfcd56nm65be,e75syeuawg3ql8nwpi3vr2btz,Atalanta Bergamasca Calcio,Atalanta,Atalanta,ATA,465716,7ox43isyywsnrfcd56nm65be,456,e75syeuawg3ql8nwpi3vr2btz
Cher Ndour,536474.0,3.0,218.0,0.0,0.13,-0.13,4.0,1.0,0.0,0.03,Cher,Ndour,2004-07-27,22.14,125.0,27.0,Midfielder,Central Midfielder,kvbjuvcseqk4sbr04ctkqi38,4raiad4l2j5lkfaz92pk4osb,ACF Fiorentina,Fiorentina,Fiorentina,FIO,24.0,215.252,14.0,115.185,2.0,0.0,1.0,0.0,8.969,8.228,3.0,2.0,12.0,1.0,1.0,16.0,6.0,37.5,4.0,3.0,75.0,,,,,,,,,,536474.0,218.0,3.0,4.0,4.0,4.76,0.0,0.2,0.199,0.0,0.0,Cher,Ndour,2004-07-27,22.14,125.0,27.0,Midfielder,Central Midfielder,kvbjuvcseqk4sbr04ctkqi38,4raiad4l2j5lkfaz92pk4osb,ACF Fiorentina,Fiorentina,Fiorentina,FIO,536474.0,218.0,3.0,88.0,75.0,85.23,33.0,29.0,87.88,2.0,1.0,50.0,0.0,0.0,0.0,Cher,Ndour,2004-07-27,22.14,125.0,27.0,Midfielder,Central Midfielder,kvbjuvcseqk4sbr04ctkqi38,4raiad4l2j5lkfaz92pk4osb,ACF Fiorentina,Fiorentina,Fiorentina,FIO,536474,kvbjuvcseqk4sbr04ctkqi38,125,4raiad4l2j5lkfaz92pk4osb
Christ Inao Oulaï,660728.0,3.0,123.0,0.0,0.02,-0.02,1.0,0.0,0.0,0.02,Christ,Inao Oulaï,2006-04-06,20.45,125.0,42.0,Midfielder,Central Midfielder,cbciqoin4avsen0vu7cfqtxqs,4raiad4l2j5lkfaz92pk4osb,ACF Fiorentina,Fiorentina,Fiorentina,FIO,20.0,229.873,9.0,67.62,0.0,0.0,0.0,0.0,11.494,7.513,6.0,3.0,8.0,1.0,1.0,17.0,14.0,82.353,1.0,1.0,100.0,,,,,,,,,,660728.0,123.0,3.0,2.0,2.0,3.28,0.0,0.032,0.032,0.0,0.0,Christ,Inao Oulaï,2006-04-06,20.45,125.0,42.0,Midfielder,Central Midfielder,cbciqoin4avsen0vu7cfqtxqs,4raiad4l2j5lkfaz92pk4osb,ACF Fiorentina,Fiorentina,Fiorentina,FIO,660728.0,123.0,3.0,63.0,58.0,92.06,12.0,10.0,83.33,0.0,0.0,0.0,0.0,0.0,0.0,Christ,Inao Oulaï,2006-04-06,20.45,125.0,42.0,Midfielder,Central Midfielder,cbciqoin4avsen0vu7cfqtxqs,4raiad4l2j5lkfaz92pk4osb,ACF Fiorentina,Fiorentina,Fiorentina,FIO,660728,cbciqoin4avsen0vu7cfqtxqs,125,4raiad4l2j5lkfaz92pk4osb
Christian Comotto,631119.0,0.0,0.0,0.0,0.0,0.0,0.0,0.0,0.0,0.0,Christian,Comotto,2008-04-25,18.39,120.0,28.0,Midfielder,Central Midfielder,631119,9dntj5dioj5ex52yrgwzxrq9l,AC Milan,Milan,Milan,MIL,0.0,0.0,0.0,0.0,0.0,0.0,0.0,0.0,0.0,0.0,0.0,0.0,0.0,0.0,0.0,0.0,0.0,0.0,0.0,0.0,0.0,,,,,,,,,,631119.0,0.0,0.0,0.0,0.0,0.0,0.0,0.0,0.0,0.0,0.0,Christian,Comotto,2008-04-25,18.39,120.0,28.0,Midfielder,Central Midfielder,631119,9dntj5dioj5ex52yrgwzxrq9l,AC Milan,Milan,Milan,MIL,631119.0,0.0,0.0,0.0,0.0,0.0,0.0,0.0,0.0,0.0,0.0,0.0,0.0,0.0,0.0,Christian,Comotto,2008-04-25,18.39,120.0,28.0,Midfielder,Central Midfielder,631119,9dntj5dioj5ex52yrgwzxrq9l,AC Milan,Milan,Milan,MIL,631119,631119,120,9dntj5dioj5ex52yrgwzxrq9l
Christian Garofalo,577684.0,0.0,0.0,0.0,0.0,0.0,0.0,0.0,0.0,0.0,Christian,Garofalo,2007-01-04,19.7,459.0,47.0,Defender,0,577684,gi0l1habji5hpgar77dl5jqe,SSC Napoli,Napoli,Napoli,NAP,0.0,0.0,0.0,0.0,0.0,0.0,0.0,0.0,0.0,0.0,0.0,0.0,0.0,0.0,0.0,0.0,0.0,0.0,0.0,0.0,0.0,,,,,,,,,,577684.0,0.0,0.0,0.0,0.0,0.0,0.0,0.0,0.0,0.0,0.0,Christian,Garofalo,2007-01-04,19.7,459.0,47.0,Defender,0,577684,gi0l1habji5hpgar77dl5jqe,SSC Napoli,Napoli,Napoli,NAP,577684.0,0.0,0.0,0.0,0.0,0.0,0.0,0.0,0.0,0.0,0.0,0.0,0.0,0.0,0.0,Christian,Garofalo,2007-01-04,19.7,459.0,47.0,Defender,0,577684,gi0l1habji5hpgar77dl5jqe,SSC Napoli,Napoli,Napoli,NAP,577684,577684,459,gi0l1habji5hpgar77dl5jqe
Christian Kabasele,85624.0,1.0,52.0,0.0,0.0,0.0,0.0,0.0,0.0,0.0,Christian,Kabasele,1991-02-24,35.57,136.0,27.0,Defender,Central Defender,5ljs2bj3wwiurcyxiwka2i8d1,dxq76zcvnokq07cszdx0i6kve,Udinese Calcio,Udinese,Udinese,UDI,2.0,10.327,0.0,4.935,0.0,0.0,0.0,0.0,5.164,0.0,1.0,0.0,0.0,2.0,4.0,2.0,1.0,50.0,3.0,2.0,66.667,,,,,,,,,,85624.0,52.0,1.0,0.0,0.0,0.0,0.0,0.032,0.032,0.0,0.0,Christian,Kabasele,1991-02-24,35.57,136.0,27.0,Defender,Central Defender,5ljs2bj3wwiurcyxiwka2i8d1,dxq76zcvnokq07cszdx0i6kve,Udinese Calcio,Udinese,Udinese,UDI,85624.0,52.0,1.0,11.0,10.0,90.91,2.0,1.0,50.0,0.0,0.0,0.0,0.0,0.0,0.0,Christian,Kabasele,1991-02-24,35.57,136.0,27.0,Defender,Central Defender,5ljs2bj3wwiurcyxiwka2i8d1,dxq76zcvnokq07cszdx0i6kve,Udinese Calcio,Udinese,Udinese,UDI,85624,5ljs2bj3wwiurcyxiwka2i8d1,136,dxq76zcvnokq07cszdx0i6kve
Christian Ordóñez,575886.0,3.0,196.0,0.0,0.16,-0.16,3.0,0.0,0.0,0.05,Christian,Ordóñez,2004-07-24,22.15,131.0,32.0,Midfielder,Central Midfielder,e5pi22e4qopz95q3y5co7thqs,5aosfavi55p40c65lkriqnqnl,Parma Calcio 1913,Parma,Parma,PAR,20.0,193.518,9.0,74.97,0.0,0.0,0.0,0.0,9.676,8.33,6.0,2.0,9.0,1.0,4.0,18.0,14.0,77.778,2.0,0.0,0.0,,,,,,,,,,575886.0,196.0,3.0,2.0,2.0,2.38,0.0,0.338,0.338,0.0,0.0,Christian,Ordóñez,2004-07-24,22.15,131.0,32.0,Midfielder,Central Midfielder,e5pi22e4qopz95q3y5co7thqs,5aosfavi55p40c65lkriqnqnl,Parma Calcio 1913,Parma,Parma,PAR,575886.0,196.0,3.0,87.0,77.0,88.51,13.0,11.0,84.62,1.0,0.0,0.0,0.0,0.0,0.0,Christian,Ordóñez,2004-07-24,22.15,131.0,32.0,Midfielder,Central Midfielder,e5pi22e4qopz95q3y5co7thqs,5aosfavi55p40c65lkriqnqnl,Parma Calcio 1913,Parma,Parma,PAR,575886,e5pi22e4qopz95q3y5co7thqs,131,5aosfavi55p40c65lkriqnqnl
Christian Pulisic,176413.0,0.0,0.0,0.0,0.0,0.0,0.0,0.0,0.0,0.0,Christian,Pulisic,1998-09-18,28.0,120.0,11.0,Midfielder,Attacking Midfielder,176413,9dntj5dioj5ex52yrgwzxrq9l,AC Milan,Milan,Milan,MIL,0.0,0.0,0.0,0.0,0.0,0.0,0.0,0.0,0.0,0.0,0.0,0.0,0.0,0.0,0.0,0.0,0.0,0.0,0.0,0.0,0.0,,,,,,,,,,176413.0,0.0,0.0,0.0,0.0,0.0,0.0,0.0,0.0,0.0,0.0,Christian,Pulisic,1998-09-18,28.0,120.0,11.0,Midfielder,Attacking Midfielder,176413,9dntj5dioj5ex52yrgwzxrq9l,AC Milan,Milan,Milan,MIL,176413.0,0.0,0.0,0.0,0.0,0.0,0.0,0.0,0.0,0.0,0.0,0.0,0.0,0.0,0.0,Christian,Pulisic,1998-09-18,28.0,120.0,11.0,Midfielder,Attacking Midfielder,176413,9dntj5dioj5ex52yrgwzxrq9l,AC Milan,Milan,Milan,MIL,176413,176413,120,9dntj5dioj5ex52yrgwzxrq9l
Christos Mandas,,,,,,,,,,,,,,,,,,,,,,,,,,,,,,,,,,,,,,,,,,,,,,270.0,100.0,0.0,1.0,9.0,90.0,1.52,2.0,2.52,,,,,,,,,,,,,,,,,,,,,,,,,,,,,,,,,,,,,,,,,,,,,,,,,,,,,,,436416,1jv2z06bjokvswjhuo1xsxdgq,129,btcy9nra9ak4m22ovr2ia6m5v
Ché Adams,200439.0,3.0,193.0,2.0,0.82,1.18,3.0,3.0,66.67,0.27,Ché,Adams,1996-07-13,30.18,135.0,19.0,Forward,Striker,59ujnkvl7rlffomi2bqpsmbpx,7gnly6999wao1xarwct4p8fe9,Torino FC,Torino,Torino,TOR,10.0,86.086,3.0,1.365,1.0,0.0,0.0,0.0,8.609,0.455,1.0,0.0,2.0,0.0,2.0,11.0,3.0,27.273,8.0,4.0,50.0,,,,,,,,,,200439.0,193.0,3.0,2.0,2.0,4.26,0.0,0.276,0.276,0.0,0.0,Ché,Adams,1996-07-13,30.18,135.0,19.0,Forward,Striker,59ujnkvl7rlffomi2bqpsmbpx,7gnly6999wao1xarwct4p8fe9,Torino FC,Torino,Torino,TOR,200439.0,193.0,3.0,48.0,40.0,83.33,19.0,12.0,63.16,0.0,0.0,0.0,0.0,0.0,0.0,Ché,Adams,1996-07-13,30.18,135.0,19.0,Forward,Striker,59ujnkvl7rlffomi2bqpsmbpx,7gnly6999wao1xarwct4p8fe9,Torino FC,Torino,Torino,TOR,200439,59ujnkvl7rlffomi2bqpsmbpx,135,7gnly6999wao1xarwct4p8fe9
Corrie Ndaba,246265.0,2.0,135.0,0.0,0.0,0.0,0.0,0.0,0.0,0.0,Corrie,Ndaba,1999-12-25,26.73,130.0,3.0,Defender,Central Defender,90ljpsmc6jf9657bs8cwkavl6,bi1fxjrncd0ram0oi7ja1jyuo,US Lecce,Lecce,Lecce,LEC,8.0,77.727,3.0,10.815,0.0,0.0,0.0,0.0,9.716,3.605,1.0,0.0,5.0,0.0,6.0,3.0,1.0,33.333,1.0,0.0,0.0,,,,,,,,,,246265.0,135.0,2.0,0.0,0.0,0.0,0.0,0.009,0.008,0.0,0.0,Corrie,Ndaba,1999-12-25,26.73,130.0,3.0,Defender,Central Defender,90ljpsmc6jf9657bs8cwkavl6,bi1fxjrncd0ram0oi7ja1jyuo,US Lecce,Lecce,Lecce,LEC,246265.0,135.0,2.0,38.0,32.0,84.21,8.0,6.0,75.0,1.0,0.0,0.0,0.0,0.0,0.0,Corrie,Ndaba,1999-12-25,26.73,130.0,3.0,Defender,Central Defender,90ljpsmc6jf9657bs8cwkavl6,bi1fxjrncd0ram0oi7ja1jyuo,US Lecce,Lecce,Lecce,LEC,246265,90ljpsmc6jf9657bs8cwkavl6,130,bi1fxjrncd0ram0oi7ja1jyuo
Costantino Favasuli,587833.0,0.0,0.0,0.0,0.0,0.0,0.0,0.0,0.0,0.0,Costantino,Favasuli,2004-04-26,22.39,459.0,2.0,Defender,Full Back,587833,gi0l1habji5hpgar77dl5jqe,SSC Napoli,Napoli,Napoli,NAP,0.0,0.0,0.0,0.0,0.0,0.0,0.0,0.0,0.0,0.0,0.0,0.0,0.0,0.0,0.0,0.0,0.0,0.0,0.0,0.0,0.0,,,,,,,,,,587833.0,0.0,0.0,0.0,0.0,0.0,0.0,0.0,0.0,0.0,0.0,Costantino,Favasuli,2004-04-26,22.39,459.0,2.0,Defender,Full Back,587833,gi0l1habji5hpgar77dl5jqe,SSC Napoli,Napoli,Napoli,NAP,587833.0,0.0,0.0,0.0,0.0,0.0,0.0,0.0,0.0,0.0,0.0,0.0,0.0,0.0,0.0,Costantino,Favasuli,2004-04-26,22.39,459.0,2.0,Defender,Full Back,587833,gi0l1habji5hpgar77dl5jqe,SSC Napoli,Napoli,Napoli,NAP,587833,587833,459,gi0l1habji5hpgar77dl5jqe
Cristian Volpato,558973.0,3.0,186.0,1.0,0.24,0.76,5.0,4.0,20.0,0.05,Cristian,Volpato,2003-11-15,22.84,2182.0,7.0,Midfielder,Attacking Midfielder,bh9jia8qgkhpm5xn82bx0hhck,6tuibxq39fdryu8ou06wcm0q3,US Sassuolo Calcio,Sassuolo,Sassuolo,SAS,34.0,521.116,21.0,333.48,3.0,0.0,3.0,0.0,15.327,15.88,3.0,0.0,7.0,0.0,2.0,17.0,8.0,47.059,1.0,1.0,100.0,,,,,,,,,,558973.0,186.0,3.0,8.0,6.0,8.82,25.0,0.492,0.254,0.0,0.0,Cristian,Volpato,2003-11-15,22.84,2182.0,7.0,Midfielder,Attacking Midfielder,bh9jia8qgkhpm5xn82bx0hhck,6tuibxq39fdryu8ou06wcm0q3,US Sassuolo Calcio,Sassuolo,Sassuolo,SAS,558973.0,186.0,3.0,71.0,60.0,84.51,38.0,33.0,86.84,3.0,1.0,33.33,1.0,0.0,0.0,Cristian,Volpato,2003-11-15,22.84,2182.0,7.0,Midfielder,Attacking Midfielder,bh9jia8qgkhpm5xn82bx0hhck,6tuibxq39fdryu8ou06wcm0q3,US Sassuolo Calcio,Sassuolo,Sassuolo,SAS,558973,bh9jia8qgkhpm5xn82bx0hhck,2182,6tuibxq39fdryu8ou06wcm0q3
Cristiano Biraghi,88432.0,0.0,0.0,0.0,0.0,0.0,0.0,0.0,0.0,0.0,Cristiano,Biraghi,1992-09-01,34.05,135.0,3.0,Defender,Full Back,88432,7gnly6999wao1xarwct4p8fe9,Torino FC,Torino,Torino,TOR,0.0,0.0,0.0,0.0,0.0,0.0,0.0,0.0,0.0,0.0,0.0,0.0,0.0,0.0,0.0,0.0,0.0,0.0,0.0,0.0,0.0,,,,,,,,,,88432.0,0.0,0.0,0.0,0.0,0.0,0.0,0.0,0.0,0.0,0.0,Cristiano,Biraghi,1992-09-01,34.05,135.0,3.0,Defender,Full Back,88432,7gnly6999wao1xarwct4p8fe9,Torino FC,Torino,Torino,TOR,88432.0,0.0,0.0,0.0,0.0,0.0,0.0,0.0,0.0,0.0,0.0,0.0,0.0,0.0,0.0,Cristiano,Biraghi,1992-09-01,34.05,135.0,3.0,Defender,Full Back,88432,7gnly6999wao1xarwct4p8fe9,Torino FC,Torino,Torino,TOR,88432,88432,135,7gnly6999wao1xarwct4p8fe9
Curtis Jones,206915.0,2.0,70.0,0.0,0.06,-0.06,2.0,0.0,0.0,0.03,Curtis,Jones,2001-01-30,25.63,127.0,21.0,Midfielder,Central Midfielder,3kdl679ra6mlobdg09xqf7fft,3vo5mpj7catp66nrwwqiuhuup,FC Internazionale Milano,Internazionale,Inter,INT,18.0,171.948,7.0,59.43,0.0,0.0,0.0,0.0,9.553,8.49,3.0,0.0,7.0,0.0,2.0,12.0,6.0,50.0,2.0,1.0,50.0,,,,,,,,,,206915.0,70.0,2.0,1.0,1.0,2.0,0.0,0.096,0.096,0.0,0.0,Curtis,Jones,2001-01-30,25.63,127.0,21.0,Midfielder,Central Midfielder,3kdl679ra6mlobdg09xqf7fft,3vo5mpj7catp66nrwwqiuhuup,FC Internazionale Milano,Internazionale,Inter,INT,206915.0,70.0,2.0,50.0,45.0,90.0,23.0,20.0,86.96,1.0,0.0,0.0,1.0,0.0,0.0,Curtis,Jones,2001-01-30,25.63,127.0,21.0,Midfielder,Central Midfielder,3kdl679ra6mlobdg09xqf7fft,3vo5mpj7catp66nrwwqiuhuup,FC Internazionale Milano,Internazionale,Inter,INT,206915,3kdl679ra6mlobdg09xqf7fft,127,3vo5mpj7catp66nrwwqiuhuup
Daniel Bragança,437911.0,1.0,20.0,0.0,0.0,0.0,0.0,0.0,0.0,0.0,Daniel,Santos Bragança,1999-05-27,27.31,135.0,21.0,Midfielder,Defensive Midfielder,ehbhpv43ealtggnkc4z2dtka1,7gnly6999wao1xarwct4p8fe9,Torino FC,Torino,Torino,TOR,6.0,55.642,2.0,16.38,0.0,0.0,0.0,0.0,9.274,8.19,2.0,0.0,1.0,0.0,0.0,3.0,2.0,66.667,0.0,0.0,0.0,,,,,,,,,,437911.0,20.0,1.0,0.0,0.0,0.0,0.0,0.005,0.005,0.0,0.0,Daniel,Santos Bragança,1999-05-27,27.31,135.0,21.0,Midfielder,Defensive Midfielder,ehbhpv43ealtggnkc4z2dtka1,7gnly6999wao1xarwct4p8fe9,Torino FC,Torino,Torino,TOR,437911.0,20.0,1.0,18.0,17.0,94.44,3.0,2.0,66.67,0.0,0.0,0.0,0.0,0.0,0.0,Daniel,Santos Bragança,1999-05-27,27.31,135.0,21.0,Midfielder,Defensive Midfielder,ehbhpv43ealtggnkc4z2dtka1,7gnly6999wao1xarwct4p8fe9,Torino FC,Torino,Torino,TOR,437911,ehbhpv43ealtggnkc4z2dtka1,135,7gnly6999wao1xarwct4p8fe9
Daniel Bîrligea,567663.0,2.0,12.0,0.0,0.0,0.0,0.0,0.0,0.0,0.0,Daniel,Bîrligea,2000-04-19,26.41,2037.0,11.0,Forward,Striker,aianahl18ooxmlr5ok6v321d6,5khizzei8z0qbb7exz622wxw3,Frosinone Calcio,Frosinone,Frosinone,FRO,0.0,0.0,0.0,0.0,0.0,0.0,0.0,0.0,0.0,0.0,2.0,0.0,1.0,0.0,0.0,3.0,2.0,66.667,2.0,1.0,50.0,,,,,,,,,,567663.0,12.0,2.0,0.0,0.0,0.0,0.0,0.0,0.0,0.0,0.0,Daniel,Bîrligea,2000-04-19,26.41,2037.0,11.0,Forward,Striker,aianahl18ooxmlr5ok6v321d6,5khizzei8z0qbb7exz622wxw3,Frosinone Calcio,Frosinone,Frosinone,FRO,567663.0,12.0,2.0,3.0,2.0,66.67,0.0,0.0,0.0,0.0,0.0,0.0,0.0,0.0,0.0,Daniel,Bîrligea,2000-04-19,26.41,2037.0,11.0,Forward,Striker,aianahl18ooxmlr5ok6v321d6,5khizzei8z0qbb7exz622wxw3,Frosinone Calcio,Frosinone,Frosinone,FRO,567663,aianahl18ooxmlr5ok6v321d6,2037,5khizzei8z0qbb7exz622wxw3
Daniel Maldini,488253.0,3.0,231.0,1.0,0.85,0.15,7.0,1.0,14.29,0.12,Daniel,Maldini,2001-10-11,24.93,124.0,70.0,Forward,Striker,1fsum47fkh62rer9xxe3smctm,5rwlg5cfv1hu7yf0ek1zxpzy3,Cagliari Calcio,Cagliari,Cagliari,CAG,28.0,311.165,20.0,192.465,1.0,0.0,0.0,0.0,11.113,9.623,3.0,2.0,5.0,1.0,2.0,25.0,11.0,44.0,1.0,0.0,0.0,,,,,,,,,,488253.0,231.0,3.0,4.0,4.0,5.8,0.0,0.299,0.203,0.0,0.0,Daniel,Maldini,2001-10-11,24.93,124.0,70.0,Forward,Striker,1fsum47fkh62rer9xxe3smctm,5rwlg5cfv1hu7yf0ek1zxpzy3,Cagliari Calcio,Cagliari,Cagliari,CAG,488253.0,231.0,3.0,72.0,59.0,81.94,27.0,22.0,81.48,1.0,1.0,100.0,0.0,0.0,0.0,Daniel,Maldini,2001-10-11,24.93,124.0,70.0,Forward,Striker,1fsum47fkh62rer9xxe3smctm,5rwlg5cfv1hu7yf0ek1zxpzy3,Cagliari Calcio,Cagliari,Cagliari,CAG,488253,1fsum47fkh62rer9xxe3smctm,124,5rwlg5cfv1hu7yf0ek1zxpzy3
Daniele Ghilardi,550093.0,2.0,118.0,0.0,0.0,0.0,0.0,0.0,0.0,0.0,Daniele,Ghilardi,2003-01-06,23.7,121.0,87.0,Defender,Central Defender,n92xjnlc1ppuxe70hsyc0mj8,2tk2l9sgktwc9jhzqdd4mpdtb,AS Roma,Roma,Roma,ROM,17.0,210.389,8.0,109.83,0.0,0.0,0.0,0.0,12.376,13.729,7.0,0.0,6.0,0.0,3.0,17.0,12.0,70.588,7.0,4.0,57.143,,,,,,,,,,550093.0,118.0,2.0,0.0,0.0,0.0,0.0,0.028,0.028,0.0,0.0,Daniele,Ghilardi,2003-01-06,23.7,121.0,87.0,Defender,Central Defender,n92xjnlc1ppuxe70hsyc0mj8,2tk2l9sgktwc9jhzqdd4mpdtb,AS Roma,Roma,Roma,ROM,550093.0,118.0,2.0,82.0,74.0,90.24,23.0,19.0,82.61,1.0,0.0,0.0,0.0,0.0,0.0,Daniele,Ghilardi,2003-01-06,23.7,121.0,87.0,Defender,Central Defender,n92xjnlc1ppuxe70hsyc0mj8,2tk2l9sgktwc9jhzqdd4mpdtb,AS Roma,Roma,Roma,ROM,550093,n92xjnlc1ppuxe70hsyc0mj8,121,2tk2l9sgktwc9jhzqdd4mpdtb
Daniele Rugani,150710.0,0.0,0.0,0.0,0.0,0.0,0.0,0.0,0.0,0.0,Daniele,Rugani,1994-07-29,32.14,128.0,24.0,Defender,Central Defender,150710,bqbbqm98ud8obe45ds9ohgyrd,Juventus FC,Juventus,Juventus,JUV,0.0,0.0,0.0,0.0,0.0,0.0,0.0,0.0,0.0,0.0,0.0,0.0,0.0,0.0,0.0,0.0,0.0,0.0,0.0,0.0,0.0,,,,,,,,,,150710.0,0.0,0.0,0.0,0.0,0.0,0.0,0.0,0.0,0.0,0.0,Daniele,Rugani,1994-07-29,32.14,128.0,24.0,Defender,Central Defender,150710,bqbbqm98ud8obe45ds9ohgyrd,Juventus FC,Juventus,Juventus,JUV,150710.0,0.0,0.0,0.0,0.0,0.0,0.0,0.0,0.0,0.0,0.0,0.0,0.0,0.0,0.0,Daniele,Rugani,1994-07-29,32.14,128.0,24.0,Defender,Central Defender,150710,bqbbqm98ud8obe45ds9ohgyrd,Juventus FC,Juventus,Juventus,JUV,150710,150710,128,bqbbqm98ud8obe45ds9ohgyrd
Danilho Doekhi,216257.0,3.0,270.0,0.0,0.9,-0.9,3.0,0.0,0.0,0.3,Danilho,Doekhi,1998-06-30,28.22,129.0,5.0,Defender,Central Defender,1ywfkwrcysdlvkt859q00kt7t,btcy9nra9ak4m22ovr2ia6m5v,SS Lazio,Lazio,Lazio,LAZ,26.0,178.861,9.0,70.035,0.0,0.0,0.0,0.0,6.879,7.782,2.0,2.0,8.0,3.0,16.0,9.0,5.0,55.556,9.0,5.0,55.556,,,,,,,,,,216257.0,270.0,3.0,2.0,2.0,0.81,0.0,0.211,0.211,1.0,1.0,Danilho,Doekhi,1998-06-30,28.22,129.0,5.0,Defender,Central Defender,1ywfkwrcysdlvkt859q00kt7t,btcy9nra9ak4m22ovr2ia6m5v,SS Lazio,Lazio,Lazio,LAZ,216257.0,270.0,3.0,131.0,124.0,94.66,3.0,3.0,100.0,1.0,1.0,100.0,0.0,0.0,0.0,Danilho,Doekhi,1998-06-30,28.22,129.0,5.0,Defender,Central Defender,1ywfkwrcysdlvkt859q00kt7t,btcy9nra9ak4m22ovr2ia6m5v,SS Lazio,Lazio,Lazio,LAZ,216257,1ywfkwrcysdlvkt859q00kt7t,129,btcy9nra9ak4m22ovr2ia6m5v
Danilo Veiga,503566.0,3.0,270.0,0.0,0.0,0.0,0.0,0.0,0.0,0.0,Danilo Filipe,de Melo Veiga,2002-09-25,23.98,130.0,17.0,Defender,Full Back,1lisq580zw4yfk6id6f1dwr56,bi1fxjrncd0ram0oi7ja1jyuo,US Lecce,Lecce,Lecce,LEC,20.0,243.91,15.0,189.525,0.0,0.0,1.0,0.0,12.196,12.635,5.0,4.0,10.0,1.0,7.0,23.0,8.0,34.783,3.0,2.0,66.667,,,,,,,,,,503566.0,270.0,3.0,1.0,1.0,0.93,0.0,0.127,0.125,0.0,0.0,Danilo Filipe,de Melo Veiga,2002-09-25,23.98,130.0,17.0,Defender,Full Back,1lisq580zw4yfk6id6f1dwr56,bi1fxjrncd0ram0oi7ja1jyuo,US Lecce,Lecce,Lecce,LEC,503566.0,270.0,3.0,111.0,84.0,75.68,23.0,13.0,56.52,6.0,1.0,16.67,0.0,0.0,0.0,Danilo Filipe,de Melo Veiga,2002-09-25,23.98,130.0,17.0,Defender,Full Back,1lisq580zw4yfk6id6f1dwr56,bi1fxjrncd0ram0oi7ja1jyuo,US Lecce,Lecce,Lecce,LEC,503566,1lisq580zw4yfk6id6f1dwr56,130,bi1fxjrncd0ram0oi7ja1jyuo
Dany Mota,225452.0,2.0,68.0,0.0,0.89,-0.89,4.0,1.0,0.0,0.22,Dany,Mota Carvalho,1998-05-02,28.38,742.0,47.0,Forward,Striker,dq037w5t3ht5zgd75mue4p1pl,67z1gqyiuzpmmb15q5fy7ntc4,AC Monza,Monza,Monza,MON,11.0,130.757,6.0,50.295,3.0,0.0,1.0,0.0,11.887,8.382,1.0,0.0,3.0,0.0,1.0,5.0,3.0,60.0,2.0,1.0,50.0,,,,,,,,,,225452.0,68.0,2.0,3.0,3.0,17.65,0.0,0.014,0.014,0.0,0.0,Dany,Mota Carvalho,1998-05-02,28.38,742.0,47.0,Forward,Striker,dq037w5t3ht5zgd75mue4p1pl,67z1gqyiuzpmmb15q5fy7ntc4,AC Monza,Monza,Monza,MON,225452.0,68.0,2.0,17.0,15.0,88.24,6.0,5.0,83.33,1.0,0.0,0.0,0.0,0.0,0.0,Dany,Mota Carvalho,1998-05-02,28.38,742.0,47.0,Forward,Striker,dq037w5t3ht5zgd75mue4p1pl,67z1gqyiuzpmmb15q5fy7ntc4,AC Monza,Monza,Monza,MON,225452,dq037w5t3ht5zgd75mue4p1pl,742,67z1gqyiuzpmmb15q5fy7ntc4
Darryl Bakola,634416.0,2.0,180.0,0.0,0.07,-0.07,1.0,0.0,0.0,0.07,Darryl,Bakola,2007-11-30,18.79,2182.0,50.0,Midfielder,Attacking Midfielder,exqldi3zpsfhvhhvphmpw1ez8,6tuibxq39fdryu8ou06wcm0q3,US Sassuolo Calcio,Sassuolo,Sassuolo,SAS,40.0,469.983,22.0,287.07,1.0,0.0,2.0,0.0,11.75,13.049,6.0,1.0,16.0,1.0,0.0,24.0,13.0,54.167,1.0,1.0,100.0,,,,,,,,,,634416.0,180.0,2.0,3.0,3.0,2.75,0.0,0.229,0.229,0.0,0.0,Darryl,Bakola,2007-11-30,18.79,2182.0,50.0,Midfielder,Attacking Midfielder,exqldi3zpsfhvhhvphmpw1ez8,6tuibxq39fdryu8ou06wcm0q3,US Sassuolo Calcio,Sassuolo,Sassuolo,SAS,634416.0,180.0,2.0,110.0,94.0,85.45,34.0,26.0,76.47,4.0,1.0,25.0,1.0,0.0,0.0,Darryl,Bakola,2007-11-30,18.79,2182.0,50.0,Midfielder,Attacking Midfielder,exqldi3zpsfhvhhvphmpw1ez8,6tuibxq39fdryu8ou06wcm0q3,US Sassuolo Calcio,Sassuolo,Sassuolo,SAS,634416,exqldi3zpsfhvhhvphmpw1ez8,2182,6tuibxq39fdryu8ou06wcm0q3
David Neres,235887.0,2.0,38.0,0.0,0.28,-0.28,2.0,0.0,0.0,0.14,David,Neres Campos,1997-03-03,29.55,459.0,7.0,Forward,Winger,7pi4j76iy3cfh0bfkxf9x8ell,gi0l1habji5hpgar77dl5jqe,SSC Napoli,Napoli,Napoli,NAP,7.0,76.863,3.0,36.015,1.0,0.0,0.0,0.0,10.98,12.005,0.0,0.0,1.0,0.0,0.0,3.0,0.0,0.0,1.0,0.0,0.0,,,,,,,,,,235887.0,38.0,2.0,0.0,0.0,0.0,0.0,0.077,0.077,0.0,0.0,David,Neres Campos,1997-03-03,29.55,459.0,7.0,Forward,Winger,7pi4j76iy3cfh0bfkxf9x8ell,gi0l1habji5hpgar77dl5jqe,SSC Napoli,Napoli,Napoli,NAP,235887.0,38.0,2.0,13.0,12.0,92.31,7.0,6.0,85.71,0.0,0.0,0.0,0.0,0.0,0.0,David,Neres Campos,1997-03-03,29.55,459.0,7.0,Forward,Winger,7pi4j76iy3cfh0bfkxf9x8ell,gi0l1habji5hpgar77dl5jqe,SSC Napoli,Napoli,Napoli,NAP,235887,7pi4j76iy3cfh0bfkxf9x8ell,459,gi0l1habji5hpgar77dl5jqe
David Pejicic,577947.0,0.0,0.0,0.0,0.0,0.0,0.0,0.0,0.0,0.0,David,Pejicic,2007-06-14,19.26,136.0,79.0,Midfielder,Attacking Midfielder,577947,dxq76zcvnokq07cszdx0i6kve,Udinese Calcio,Udinese,Udinese,UDI,0.0,0.0,0.0,0.0,0.0,0.0,0.0,0.0,0.0,0.0,0.0,0.0,0.0,0.0,0.0,0.0,0.0,0.0,0.0,0.0,0.0,,,,,,,,,,577947.0,0.0,0.0,0.0,0.0,0.0,0.0,0.0,0.0,0.0,0.0,David,Pejicic,2007-06-14,19.26,136.0,79.0,Midfielder,Attacking Midfielder,577947,dxq76zcvnokq07cszdx0i6kve,Udinese Calcio,Udinese,Udinese,UDI,577947.0,0.0,0.0,0.0,0.0,0.0,0.0,0.0,0.0,0.0,0.0,0.0,0.0,0.0,0.0,David,Pejicic,2007-06-14,19.26,136.0,79.0,Midfielder,Attacking Midfielder,577947,dxq76zcvnokq07cszdx0i6kve,Udinese Calcio,Udinese,Udinese,UDI,577947,577947,136,dxq76zcvnokq07cszdx0i6kve
David Puczka,520217.0,0.0,0.0,0.0,0.0,0.0,0.0,0.0,0.0,0.0,David,Puczka,2005-01-26,21.64,990.0,31.0,Defender,Full Back,520217,4kumqzwifv478caxed8zywlh3,Genoa CFC,Genoa,Genoa,GEN,0.0,0.0,0.0,0.0,0.0,0.0,0.0,0.0,0.0,0.0,0.0,0.0,0.0,0.0,0.0,0.0,0.0,0.0,0.0,0.0,0.0,,,,,,,,,,520217.0,0.0,0.0,0.0,0.0,0.0,0.0,0.0,0.0,0.0,0.0,David,Puczka,2005-01-26,21.64,990.0,31.0,Defender,Full Back,520217,4kumqzwifv478caxed8zywlh3,Genoa CFC,Genoa,Genoa,GEN,520217.0,0.0,0.0,0.0,0.0,0.0,0.0,0.0,0.0,0.0,0.0,0.0,0.0,0.0,0.0,David,Puczka,2005-01-26,21.64,990.0,31.0,Defender,Full Back,520217,4kumqzwifv478caxed8zywlh3,Genoa CFC,Genoa,Genoa,GEN,520217,520217,990,4kumqzwifv478caxed8zywlh3
David Romero,482766.0,2.0,83.0,0.0,0.2,-0.2,3.0,3.0,0.0,0.07,David,Romero,2003-03-25,23.48,131.0,9.0,Forward,Striker,7fjuocjtwoad4kit5l7fg5x0q,5aosfavi55p40c65lkriqnqnl,Parma Calcio 1913,Parma,Parma,PAR,5.0,71.979,3.0,60.375,1.0,0.0,0.0,0.0,14.396,20.125,1.0,0.0,4.0,0.0,0.0,7.0,3.0,42.857,3.0,2.0,66.667,,,,,,,,,,482766.0,83.0,2.0,0.0,0.0,0.0,0.0,0.004,0.004,0.0,0.0,David,Romero,2003-03-25,23.48,131.0,9.0,Forward,Striker,7fjuocjtwoad4kit5l7fg5x0q,5aosfavi55p40c65lkriqnqnl,Parma Calcio 1913,Parma,Parma,PAR,482766.0,83.0,2.0,13.0,8.0,61.54,3.0,2.0,66.67,0.0,0.0,0.0,0.0,0.0,0.0,David,Romero,2003-03-25,23.48,131.0,9.0,Forward,Striker,7fjuocjtwoad4kit5l7fg5x0q,5aosfavi55p40c65lkriqnqnl,Parma Calcio 1913,Parma,Parma,PAR,482766,7fjuocjtwoad4kit5l7fg5x0q,131,5aosfavi55p40c65lkriqnqnl
David de Gea,,,,,,,,,,,,,,,,,,,,,,,,,,,,,,,,,,,,,,,,,,,,,,270.0,100.0,0.0,9.0,9.0,50.0,-2.56,0.67,6.44,,,,,,,,,,,,,,,,,,,,,,,,,,,,,,,,,,,,,,,,,,,,,,,,,,,,,,,51940,e00004wkpfc8jawioejmpu1n9,125,4raiad4l2j5lkfaz92pk4osb
Davide Bartesaghi,586248.0,2.0,111.0,0.0,0.0,0.0,0.0,0.0,0.0,0.0,Davide,Bartesaghi,2005-12-29,20.72,120.0,33.0,Defender,Full Back,7odl8qgd0qak6w4ox0t3kg3kk,9dntj5dioj5ex52yrgwzxrq9l,AC Milan,Milan,Milan,MIL,6.0,79.552,4.0,67.515,0.0,0.0,1.0,0.0,13.259,16.879,4.0,1.0,5.0,0.0,4.0,11.0,5.0,45.455,4.0,2.0,50.0,,,,,,,,,,586248.0,111.0,2.0,4.0,4.0,8.33,0.0,0.432,0.426,0.0,0.0,Davide,Bartesaghi,2005-12-29,20.72,120.0,33.0,Defender,Full Back,7odl8qgd0qak6w4ox0t3kg3kk,9dntj5dioj5ex52yrgwzxrq9l,AC Milan,Milan,Milan,MIL,586248.0,111.0,2.0,49.0,41.0,83.67,14.0,11.0,78.57,2.0,2.0,100.0,0.0,0.0,0.0,Davide,Bartesaghi,2005-12-29,20.72,120.0,33.0,Defender,Full Back,7odl8qgd0qak6w4ox0t3kg3kk,9dntj5dioj5ex52yrgwzxrq9l,AC Milan,Milan,Milan,MIL,586248,7odl8qgd0qak6w4ox0t3kg3kk,120,9dntj5dioj5ex52yrgwzxrq9l
Davide Frattesi,235453.0,3.0,206.0,3.0,1.33,1.67,6.0,3.0,50.0,0.22,Davide,Frattesi,1999-09-22,26.99,129.0,16.0,Midfielder,Central Midfielder,4qejyummzkrfllds8ord642qx,btcy9nra9ak4m22ovr2ia6m5v,SS Lazio,Lazio,Lazio,LAZ,19.0,233.39,11.0,126.42,2.0,0.0,1.0,0.0,12.284,11.493,5.0,4.0,9.0,1.0,0.0,34.0,12.0,35.294,1.0,0.0,0.0,,,,,,,,,,235453.0,206.0,3.0,2.0,2.0,3.64,0.0,0.474,0.473,0.0,0.0,Davide,Frattesi,1999-09-22,26.99,129.0,16.0,Midfielder,Central Midfielder,4qejyummzkrfllds8ord642qx,btcy9nra9ak4m22ovr2ia6m5v,SS Lazio,Lazio,Lazio,LAZ,235453.0,206.0,3.0,56.0,45.0,80.36,24.0,16.0,66.67,0.0,0.0,0.0,0.0,0.0,0.0,Davide,Frattesi,1999-09-22,26.99,129.0,16.0,Midfielder,Central Midfielder,4qejyummzkrfllds8ord642qx,btcy9nra9ak4m22ovr2ia6m5v,SS Lazio,Lazio,Lazio,LAZ,235453,4qejyummzkrfllds8ord642qx,129,btcy9nra9ak4m22ovr2ia6m5v
Davide Zappacosta,105700.0,3.0,197.0,0.0,0.06,-0.06,2.0,0.0,0.0,0.03,Davide,Zappacosta,1992-06-11,34.27,456.0,77.0,Defender,Wing Back,a69r2pf2w8da4dl0zl4k5vil1,e75syeuawg3ql8nwpi3vr2btz,Atalanta Bergamasca Calcio,Atalanta,Atalanta,ATA,26.0,399.159,19.0,324.66,2.0,0.0,0.0,0.0,15.352,17.087,2.0,0.0,7.0,1.0,3.0,6.0,2.0,33.333,0.0,0.0,0.0,,,,,,,,,,105700.0,197.0,3.0,0.0,0.0,0.0,0.0,0.227,0.224,0.0,0.0,Davide,Zappacosta,1992-06-11,34.27,456.0,77.0,Defender,Wing Back,a69r2pf2w8da4dl0zl4k5vil1,e75syeuawg3ql8nwpi3vr2btz,Atalanta Bergamasca Calcio,Atalanta,Atalanta,ATA,105700.0,197.0,3.0,105.0,95.0,90.48,24.0,20.0,83.33,6.0,0.0,0.0,0.0,0.0,0.0,Davide,Zappacosta,1992-06-11,34.27,456.0,77.0,Defender,Wing Back,a69r2pf2w8da4dl0zl4k5vil1,e75syeuawg3ql8nwpi3vr2btz,Atalanta Bergamasca Calcio,Atalanta,Atalanta,ATA,105700,a69r2pf2w8da4dl0zl4k5vil1,456,e75syeuawg3ql8nwpi3vr2btz
Demba Thiam,,,,,,,,,,,,,,,,,,,,,,,,,,,,,,,,,,,,,,,,,,,,,,270.0,67.0,0.0,4.0,4.0,50.0,-1.37,0.5,2.63,,,,,,,,,,,,,,,,,,,,,,,,,,,,,,,,,,,,,,,,,,,,,,,,,,,,,,,243837,6710kg06aejtq0tq9a7303z6x,742,67z1gqyiuzpmmb15q5fy7ntc4
Demi Akarakiri,644145.0,0.0,0.0,0.0,0.0,0.0,0.0,0.0,0.0,0.0,Demi,Akarakiri,2007-09-29,18.96,124.0,30.0,Midfielder,Central Midfielder,644145,5rwlg5cfv1hu7yf0ek1zxpzy3,Cagliari Calcio,Cagliari,Cagliari,CAG,0.0,0.0,0.0,0.0,0.0,0.0,0.0,0.0,0.0,0.0,0.0,0.0,0.0,0.0,0.0,0.0,0.0,0.0,0.0,0.0,0.0,,,,,,,,,,644145.0,0.0,0.0,0.0,0.0,0.0,0.0,0.0,0.0,0.0,0.0,Demi,Akarakiri,2007-09-29,18.96,124.0,30.0,Midfielder,Central Midfielder,644145,5rwlg5cfv1hu7yf0ek1zxpzy3,Cagliari Calcio,Cagliari,Cagliari,CAG,644145.0,0.0,0.0,0.0,0.0,0.0,0.0,0.0,0.0,0.0,0.0,0.0,0.0,0.0,0.0,Demi,Akarakiri,2007-09-29,18.96,124.0,30.0,Midfielder,Central Midfielder,644145,5rwlg5cfv1hu7yf0ek1zxpzy3,Cagliari Calcio,Cagliari,Cagliari,CAG,644145,644145,124,5rwlg5cfv1hu7yf0ek1zxpzy3
Devyne Rensch,466002.0,0.0,0.0,0.0,0.0,0.0,0.0,0.0,0.0,0.0,Devyne,Rensch,2003-01-18,23.66,121.0,2.0,Defender,0,466002,2tk2l9sgktwc9jhzqdd4mpdtb,AS Roma,Roma,Roma,ROM,0.0,0.0,0.0,0.0,0.0,0.0,0.0,0.0,0.0,0.0,0.0,0.0,0.0,0.0,0.0,0.0,0.0,0.0,0.0,0.0,0.0,,,,,,,,,,466002.0,0.0,0.0,0.0,0.0,0.0,0.0,0.0,0.0,0.0,0.0,Devyne,Rensch,2003-01-18,23.66,121.0,2.0,Defender,0,466002,2tk2l9sgktwc9jhzqdd4mpdtb,AS Roma,Roma,Roma,ROM,466002.0,0.0,0.0,0.0,0.0,0.0,0.0,0.0,0.0,0.0,0.0,0.0,0.0,0.0,0.0,Devyne,Rensch,2003-01-18,23.66,121.0,2.0,Defender,0,466002,2tk2l9sgktwc9jhzqdd4mpdtb,AS Roma,Roma,Roma,ROM,466002,466002,121,2tk2l9sgktwc9jhzqdd4mpdtb
Diego Carlos,165659.0,1.0,45.0,0.0,0.04,-0.04,1.0,0.0,0.0,0.04,Diego Carlos,Santos Silva,1993-03-15,33.52,131.0,34.0,Defender,Central Defender,cot71zatz9vm1hyzp5ecqhvpx,5aosfavi55p40c65lkriqnqnl,Parma Calcio 1913,Parma,Parma,PAR,4.0,31.077,3.0,20.895,0.0,0.0,0.0,0.0,7.769,6.965,0.0,0.0,2.0,0.0,3.0,2.0,0.0,0.0,1.0,0.0,0.0,,,,,,,,,,165659.0,45.0,1.0,0.0,0.0,0.0,0.0,0.122,0.122,0.0,0.0,Diego Carlos,Santos Silva,1993-03-15,33.52,131.0,34.0,Defender,Central Defender,cot71zatz9vm1hyzp5ecqhvpx,5aosfavi55p40c65lkriqnqnl,Parma Calcio 1913,Parma,Parma,PAR,165659.0,45.0,1.0,41.0,33.0,80.49,7.0,3.0,42.86,0.0,0.0,0.0,0.0,0.0,0.0,Diego Carlos,Santos Silva,1993-03-15,33.52,131.0,34.0,Defender,Central Defender,cot71zatz9vm1hyzp5ecqhvpx,5aosfavi55p40c65lkriqnqnl,Parma Calcio 1913,Parma,Parma,PAR,165659,cot71zatz9vm1hyzp5ecqhvpx,131,5aosfavi55p40c65lkriqnqnl
Diego Mascardi,,,,,,,,,,,,,,,,,,,,,,,,,,,,,,,,,,,,,,,,,,,,,,270.0,67.0,0.0,4.0,7.0,63.64,-0.99,0.75,3.01,,,,,,,,,,,,,,,,,,,,,,,,,,,,,,,,,,,,,,,,,,,,,,,,,,,,,,,596959,8bou10ttzwz0734eu9qbkk1sk,135,7gnly6999wao1xarwct4p8fe9
Diego Moreira,491011.0,1.0,61.0,0.0,0.0,0.0,0.0,0.0,0.0,0.0,Diego,Moreira,2004-08-06,22.11,120.0,22.0,Forward,Winger,8hg7sqlb5o3duhbhm31oifjhm,9dntj5dioj5ex52yrgwzxrq9l,AC Milan,Milan,Milan,MIL,11.0,123.555,7.0,84.945,0.0,0.0,0.0,0.0,11.232,12.135,2.0,1.0,1.0,0.0,2.0,8.0,2.0,25.0,0.0,0.0,0.0,,,,,,,,,,491011.0,61.0,1.0,0.0,0.0,0.0,0.0,0.019,0.019,0.0,0.0,Diego,Moreira,2004-08-06,22.11,120.0,22.0,Forward,Winger,8hg7sqlb5o3duhbhm31oifjhm,9dntj5dioj5ex52yrgwzxrq9l,AC Milan,Milan,Milan,MIL,491011.0,61.0,1.0,31.0,27.0,87.1,13.0,9.0,69.23,5.0,0.0,0.0,0.0,0.0,0.0,Diego,Moreira,2004-08-06,22.11,120.0,22.0,Forward,Winger,8hg7sqlb5o3duhbhm31oifjhm,9dntj5dioj5ex52yrgwzxrq9l,AC Milan,Milan,Milan,MIL,491011,8hg7sqlb5o3duhbhm31oifjhm,120,9dntj5dioj5ex52yrgwzxrq9l
Djibril Sow,185524.0,3.0,148.0,0.0,0.05,-0.05,1.0,0.0,0.0,0.05,Djibril,Sow,1997-02-06,29.61,990.0,97.0,Midfielder,Central Midfielder,7cdiijsvnfc7tafy0zkf4uz9,4kumqzwifv478caxed8zywlh3,Genoa CFC,Genoa,Genoa,GEN,23.0,233.742,8.0,51.765,0.0,0.0,0.0,0.0,10.163,6.471,2.0,1.0,5.0,1.0,0.0,7.0,4.0,57.143,0.0,0.0,0.0,,,,,,,,,,185524.0,148.0,3.0,1.0,0.0,0.0,100.0,0.196,0.04,0.0,0.0,Djibril,Sow,1997-02-06,29.61,990.0,97.0,Midfielder,Central Midfielder,7cdiijsvnfc7tafy0zkf4uz9,4kumqzwifv478caxed8zywlh3,Genoa CFC,Genoa,Genoa,GEN,185524.0,148.0,3.0,91.0,83.0,91.21,19.0,13.0,68.42,0.0,0.0,0.0,1.0,0.0,0.0,Djibril,Sow,1997-02-06,29.61,990.0,97.0,Midfielder,Central Midfielder,7cdiijsvnfc7tafy0zkf4uz9,4kumqzwifv478caxed8zywlh3,Genoa CFC,Genoa,Genoa,GEN,185524,7cdiijsvnfc7tafy0zkf4uz9,990,4kumqzwifv478caxed8zywlh3
Dodô,218445.0,1.0,90.0,0.0,0.01,-0.01,1.0,0.0,0.0,0.01,Domilson,Cordeiro Dos Santos,1998-11-17,27.84,125.0,2.0,Defender,Full Back,9e3t2wyjqzxsn690aysao8cfd,4raiad4l2j5lkfaz92pk4osb,ACF Fiorentina,Fiorentina,Fiorentina,FIO,3.0,38.338,3.0,28.56,0.0,0.0,0.0,0.0,12.779,9.52,1.0,0.0,2.0,0.0,1.0,4.0,2.0,50.0,0.0,0.0,0.0,,,,,,,,,,218445.0,90.0,1.0,0.0,0.0,0.0,0.0,0.005,0.004,0.0,0.0,Domilson,Cordeiro Dos Santos,1998-11-17,27.84,125.0,2.0,Defender,Full Back,9e3t2wyjqzxsn690aysao8cfd,4raiad4l2j5lkfaz92pk4osb,ACF Fiorentina,Fiorentina,Fiorentina,FIO,218445.0,90.0,1.0,29.0,24.0,82.76,4.0,2.0,50.0,0.0,0.0,0.0,0.0,0.0,0.0,Domilson,Cordeiro Dos Santos,1998-11-17,27.84,125.0,2.0,Defender,Full Back,9e3t2wyjqzxsn690aysao8cfd,4raiad4l2j5lkfaz92pk4osb,ACF Fiorentina,Fiorentina,Fiorentina,FIO,218445,9e3t2wyjqzxsn690aysao8cfd,125,4raiad4l2j5lkfaz92pk4osb
Domenico Berardi,116796.0,2.0,70.0,1.0,0.19,0.81,4.0,3.0,25.0,0.05,Domenico,Berardi,1994-08-01,32.13,2182.0,10.0,Forward,Second Striker,m030tubgf3zpgf0axzm7z26t,6tuibxq39fdryu8ou06wcm0q3,US Sassuolo Calcio,Sassuolo,Sassuolo,SAS,12.0,161.277,7.0,95.76,0.0,0.0,0.0,0.0,13.44,13.68,2.0,1.0,5.0,1.0,0.0,9.0,5.0,55.556,1.0,1.0,100.0,,,,,,,,,,116796.0,70.0,2.0,2.0,2.0,6.67,0.0,0.112,0.105,0.0,0.0,Domenico,Berardi,1994-08-01,32.13,2182.0,10.0,Forward,Second Striker,m030tubgf3zpgf0axzm7z26t,6tuibxq39fdryu8ou06wcm0q3,US Sassuolo Calcio,Sassuolo,Sassuolo,SAS,116796.0,70.0,2.0,31.0,29.0,93.55,12.0,11.0,91.67,1.0,0.0,0.0,0.0,0.0,0.0,Domenico,Berardi,1994-08-01,32.13,2182.0,10.0,Forward,Second Striker,m030tubgf3zpgf0axzm7z26t,6tuibxq39fdryu8ou06wcm0q3,US Sassuolo Calcio,Sassuolo,Sassuolo,SAS,116796,m030tubgf3zpgf0axzm7z26t,2182,6tuibxq39fdryu8ou06wcm0q3
Dominik Drobnic,577976.0,1.0,90.0,0.0,0.0,0.0,0.0,0.0,0.0,0.0,Dominik,Drobnic,2007-04-05,19.45,131.0,72.0,Defender,Central Defender,a0pgxy0u3ecyl0v1e95cks0lw,5aosfavi55p40c65lkriqnqnl,Parma Calcio 1913,Parma,Parma,PAR,10.0,76.196,3.0,22.365,0.0,0.0,0.0,0.0,7.62,7.455,1.0,0.0,1.0,1.0,9.0,4.0,1.0,25.0,5.0,3.0,60.0,,,,,,,,,,577976.0,90.0,1.0,0.0,0.0,0.0,0.0,0.003,0.003,0.0,0.0,Dominik,Drobnic,2007-04-05,19.45,131.0,72.0,Defender,Central Defender,a0pgxy0u3ecyl0v1e95cks0lw,5aosfavi55p40c65lkriqnqnl,Parma Calcio 1913,Parma,Parma,PAR,577976.0,90.0,1.0,43.0,36.0,83.72,2.0,1.0,50.0,0.0,0.0,0.0,0.0,0.0,0.0,Dominik,Drobnic,2007-04-05,19.45,131.0,72.0,Defender,Central Defender,a0pgxy0u3ecyl0v1e95cks0lw,5aosfavi55p40c65lkriqnqnl,Parma Calcio 1913,Parma,Parma,PAR,577976,a0pgxy0u3ecyl0v1e95cks0lw,131,5aosfavi55p40c65lkriqnqnl
Donyell Malen,204646.0,3.0,198.0,5.0,2.91,2.09,13.0,7.0,38.46,0.22,Donyell,Malen,1999-01-19,27.66,121.0,14.0,Forward,Striker,7q96z3aaee5jyccb8pjthi8kp,2tk2l9sgktwc9jhzqdd4mpdtb,AS Roma,Roma,Roma,ROM,34.0,336.27,15.0,149.415,3.0,1.0,1.0,0.0,9.89,9.961,1.0,2.0,5.0,0.0,0.0,21.0,12.0,57.143,0.0,0.0,0.0,,,,,,,,,,204646.0,198.0,3.0,3.0,3.0,7.14,0.0,0.161,0.161,0.0,0.0,Donyell,Malen,1999-01-19,27.66,121.0,14.0,Forward,Striker,7q96z3aaee5jyccb8pjthi8kp,2tk2l9sgktwc9jhzqdd4mpdtb,AS Roma,Roma,Roma,ROM,204646.0,198.0,3.0,42.0,34.0,80.95,24.0,18.0,75.0,1.0,0.0,0.0,0.0,0.0,0.0,Donyell,Malen,1999-01-19,27.66,121.0,14.0,Forward,Striker,7q96z3aaee5jyccb8pjthi8kp,2tk2l9sgktwc9jhzqdd4mpdtb,AS Roma,Roma,Roma,ROM,204646,7q96z3aaee5jyccb8pjthi8kp,121,2tk2l9sgktwc9jhzqdd4mpdtb
Douglas Luiz,230046.0,3.0,245.0,0.0,0.43,-0.43,10.0,2.0,0.0,0.04,Douglas Luiz,Soares de Paulo,1998-05-09,28.36,128.0,12.0,Midfielder,Central Midfielder,7j84ozqdpgupzxevbxemi5tyh,bqbbqm98ud8obe45ds9ohgyrd,Juventus FC,Juventus,Juventus,JUV,33.0,380.978,15.0,172.515,2.0,0.0,1.0,0.0,11.545,11.501,3.0,1.0,9.0,0.0,0.0,22.0,11.0,50.0,2.0,1.0,50.0,,,,,,,,,,230046.0,245.0,3.0,5.0,5.0,3.27,0.0,0.401,0.337,0.0,0.0,Douglas Luiz,Soares de Paulo,1998-05-09,28.36,128.0,12.0,Midfielder,Central Midfielder,7j84ozqdpgupzxevbxemi5tyh,bqbbqm98ud8obe45ds9ohgyrd,Juventus FC,Juventus,Juventus,JUV,230046.0,245.0,3.0,165.0,149.0,90.3,82.0,72.0,87.8,6.0,1.0,16.67,2.0,1.0,50.0,Douglas Luiz,Soares de Paulo,1998-05-09,28.36,128.0,12.0,Midfielder,Central Midfielder,7j84ozqdpgupzxevbxemi5tyh,bqbbqm98ud8obe45ds9ohgyrd,Juventus FC,Juventus,Juventus,JUV,230046,7j84ozqdpgupzxevbxemi5tyh,128,bqbbqm98ud8obe45ds9ohgyrd
Duje Caleta-Car,173271.0,0.0,0.0,0.0,0.0,0.0,0.0,0.0,0.0,0.0,Duje,Caleta-Car,1996-09-17,30.0,2182.0,15.0,Defender,Central Defender,173271,6tuibxq39fdryu8ou06wcm0q3,US Sassuolo Calcio,Sassuolo,Sassuolo,SAS,0.0,0.0,0.0,0.0,0.0,0.0,0.0,0.0,0.0,0.0,0.0,0.0,0.0,0.0,0.0,0.0,0.0,0.0,0.0,0.0,0.0,,,,,,,,,,173271.0,0.0,0.0,0.0,0.0,0.0,0.0,0.0,0.0,0.0,0.0,Duje,Caleta-Car,1996-09-17,30.0,2182.0,15.0,Defender,Central Defender,173271,6tuibxq39fdryu8ou06wcm0q3,US Sassuolo Calcio,Sassuolo,Sassuolo,SAS,173271.0,0.0,0.0,0.0,0.0,0.0,0.0,0.0,0.0,0.0,0.0,0.0,0.0,0.0,0.0,Duje,Caleta-Car,1996-09-17,30.0,2182.0,15.0,Defender,Central Defender,173271,6tuibxq39fdryu8ou06wcm0q3,US Sassuolo Calcio,Sassuolo,Sassuolo,SAS,173271,173271,2182,6tuibxq39fdryu8ou06wcm0q3
Duván Zapata,103086.0,1.0,7.0,0.0,0.0,0.0,0.0,0.0,0.0,0.0,Duván,Zapata,1991-04-01,35.47,135.0,91.0,Forward,Striker,30gsjr0xlmjulnz227zfxga8l,7gnly6999wao1xarwct4p8fe9,Torino FC,Torino,Torino,TOR,1.0,43.793,1.0,43.785,0.0,0.0,0.0,0.0,43.793,43.785,0.0,0.0,1.0,0.0,1.0,0.0,0.0,0.0,1.0,0.0,0.0,,,,,,,,,,103086.0,7.0,1.0,0.0,0.0,0.0,0.0,0.007,0.007,0.0,0.0,Duván,Zapata,1991-04-01,35.47,135.0,91.0,Forward,Striker,30gsjr0xlmjulnz227zfxga8l,7gnly6999wao1xarwct4p8fe9,Torino FC,Torino,Torino,TOR,103086.0,7.0,1.0,1.0,1.0,100.0,1.0,1.0,100.0,0.0,0.0,0.0,0.0,0.0,0.0,Duván,Zapata,1991-04-01,35.47,135.0,91.0,Forward,Striker,30gsjr0xlmjulnz227zfxga8l,7gnly6999wao1xarwct4p8fe9,Torino FC,Torino,Torino,TOR,103086,30gsjr0xlmjulnz227zfxga8l,135,7gnly6999wao1xarwct4p8fe9
Ebenezer Akinsanmiro,621432.0,2.0,126.0,0.0,0.0,0.0,0.0,0.0,0.0,0.0,Ebenezer,Akinsanmiro,2004-11-25,21.81,742.0,14.0,Midfielder,Central Midfielder,3o7gvykqi9ldgjrzxl14dqas4,67z1gqyiuzpmmb15q5fy7ntc4,AC Monza,Monza,Monza,MON,30.0,299.894,20.0,187.95,0.0,0.0,0.0,0.0,9.996,9.397,2.0,2.0,6.0,0.0,2.0,12.0,4.0,33.333,2.0,2.0,100.0,,,,,,,,,,621432.0,126.0,2.0,1.0,1.0,0.0,0.0,0.244,0.244,1.0,1.0,Ebenezer,Akinsanmiro,2004-11-25,21.81,742.0,14.0,Midfielder,Central Midfielder,3o7gvykqi9ldgjrzxl14dqas4,67z1gqyiuzpmmb15q5fy7ntc4,AC Monza,Monza,Monza,MON,621432.0,126.0,2.0,84.0,79.0,94.05,27.0,24.0,88.89,1.0,1.0,100.0,0.0,0.0,0.0,Ebenezer,Akinsanmiro,2004-11-25,21.81,742.0,14.0,Midfielder,Central Midfielder,3o7gvykqi9ldgjrzxl14dqas4,67z1gqyiuzpmmb15q5fy7ntc4,AC Monza,Monza,Monza,MON,621432,3o7gvykqi9ldgjrzxl14dqas4,742,67z1gqyiuzpmmb15q5fy7ntc4
Eddy Kouadio,654936.0,3.0,261.0,0.0,0.16,-0.16,1.0,1.0,0.0,0.16,Eddy,Kouadio,2006-05-07,20.36,742.0,60.0,Defender,Central Defender,dnoda2j8vhyppw1gt0s6x2044,67z1gqyiuzpmmb15q5fy7ntc4,AC Monza,Monza,Monza,MON,23.0,232.488,7.0,70.77,0.0,0.0,1.0,0.0,10.108,10.11,3.0,11.0,10.0,1.0,7.0,6.0,3.0,50.0,3.0,2.0,66.667,,,,,,,,,,654936.0,261.0,3.0,2.0,2.0,1.87,0.0,0.512,0.512,0.0,0.0,Eddy,Kouadio,2006-05-07,20.36,742.0,60.0,Defender,Central Defender,dnoda2j8vhyppw1gt0s6x2044,67z1gqyiuzpmmb15q5fy7ntc4,AC Monza,Monza,Monza,MON,654936.0,261.0,3.0,110.0,95.0,86.36,12.0,8.0,66.67,1.0,0.0,0.0,0.0,0.0,0.0,Eddy,Kouadio,2006-05-07,20.36,742.0,60.0,Defender,Central Defender,dnoda2j8vhyppw1gt0s6x2044,67z1gqyiuzpmmb15q5fy7ntc4,AC Monza,Monza,Monza,MON,654936,dnoda2j8vhyppw1gt0s6x2044,742,67z1gqyiuzpmmb15q5fy7ntc4
Edoardo Corvi,,,,,,,,,,,,,,,,,,,,,,,,,,,,,,,,,,,,,,,,,,,,,,270.0,100.0,0.0,4.0,12.0,75.0,-0.14,0.75,3.86,,,,,,,,,,,,,,,,,,,,,,,,,,,,,,,,,,,,,,,,,,,,,,,,,,,,,,,488616,ais3wh8wz8oeyjpwv84o4ybfu,131,5aosfavi55p40c65lkriqnqnl
Edoardo Goldaniga,147614.0,0.0,0.0,0.0,0.0,0.0,0.0,0.0,0.0,0.0,Edoardo,Goldaniga,1993-11-02,32.88,1065.0,18.0,Defender,Central Defender,147614,6uzfw7ahyxg4wrrfxo5u7qt0n,Calcio Como 1907,Como,Como,COM,0.0,0.0,0.0,0.0,0.0,0.0,0.0,0.0,0.0,0.0,0.0,0.0,0.0,0.0,0.0,0.0,0.0,0.0,0.0,0.0,0.0,,,,,,,,,,147614.0,0.0,0.0,0.0,0.0,0.0,0.0,0.0,0.0,0.0,0.0,Edoardo,Goldaniga,1993-11-02,32.88,1065.0,18.0,Defender,Central Defender,147614,6uzfw7ahyxg4wrrfxo5u7qt0n,Calcio Como 1907,Como,Como,COM,147614.0,0.0,0.0,0.0,0.0,0.0,0.0,0.0,0.0,0.0,0.0,0.0,0.0,0.0,0.0,Edoardo,Goldaniga,1993-11-02,32.88,1065.0,18.0,Defender,Central Defender,147614,6uzfw7ahyxg4wrrfxo5u7qt0n,Calcio Como 1907,Como,Como,COM,147614,147614,1065,6uzfw7ahyxg4wrrfxo5u7qt0n
Edoardo Iannoni,513353.0,0.0,0.0,0.0,0.0,0.0,0.0,0.0,0.0,0.0,Edoardo,Iannoni,2001-04-11,25.44,2182.0,44.0,Midfielder,Central Midfielder,513353,6tuibxq39fdryu8ou06wcm0q3,US Sassuolo Calcio,Sassuolo,Sassuolo,SAS,0.0,0.0,0.0,0.0,0.0,0.0,0.0,0.0,0.0,0.0,0.0,0.0,0.0,0.0,0.0,0.0,0.0,0.0,0.0,0.0,0.0,,,,,,,,,,513353.0,0.0,0.0,0.0,0.0,0.0,0.0,0.0,0.0,0.0,0.0,Edoardo,Iannoni,2001-04-11,25.44,2182.0,44.0,Midfielder,Central Midfielder,513353,6tuibxq39fdryu8ou06wcm0q3,US Sassuolo Calcio,Sassuolo,Sassuolo,SAS,513353.0,0.0,0.0,0.0,0.0,0.0,0.0,0.0,0.0,0.0,0.0,0.0,0.0,0.0,0.0,Edoardo,Iannoni,2001-04-11,25.44,2182.0,44.0,Midfielder,Central Midfielder,513353,6tuibxq39fdryu8ou06wcm0q3,US Sassuolo Calcio,Sassuolo,Sassuolo,SAS,513353,513353,2182,6tuibxq39fdryu8ou06wcm0q3
Edon Zhegrova,431128.0,2.0,23.0,0.0,0.03,-0.03,1.0,0.0,0.0,0.03,Edon,Zhegrova,1999-03-31,27.47,128.0,11.0,Forward,Winger,4st4hurqbtyzw1tbkzuuk78fe,bqbbqm98ud8obe45ds9ohgyrd,Juventus FC,Juventus,Juventus,JUV,4.0,69.441,3.0,48.09,1.0,0.0,0.0,0.0,17.36,16.03,1.0,0.0,6.0,0.0,2.0,4.0,1.0,25.0,1.0,1.0,100.0,,,,,,,,,,431128.0,23.0,2.0,2.0,1.0,5.56,50.0,0.092,0.029,0.0,0.0,Edon,Zhegrova,1999-03-31,27.47,128.0,11.0,Forward,Winger,4st4hurqbtyzw1tbkzuuk78fe,bqbbqm98ud8obe45ds9ohgyrd,Juventus FC,Juventus,Juventus,JUV,431128.0,23.0,2.0,20.0,18.0,90.0,9.0,9.0,100.0,1.0,0.0,0.0,0.0,0.0,0.0,Edon,Zhegrova,1999-03-31,27.47,128.0,11.0,Forward,Winger,4st4hurqbtyzw1tbkzuuk78fe,bqbbqm98ud8obe45ds9ohgyrd,Juventus FC,Juventus,Juventus,JUV,431128,4st4hurqbtyzw1tbkzuuk78fe,128,bqbbqm98ud8obe45ds9ohgyrd
Eivind Helland,617551.0,2.0,180.0,0.0,0.12,-0.12,2.0,1.0,0.0,0.06,Eivind,Helland,2005-04-25,21.39,123.0,5.0,Defender,Central Defender,ahe00hzfpxhe742i5db3mpe6s,ej5er0oyngdw138yuumwqbyqt,Bologna FC 1909,Bologna,Bologna,BOL,29.0,267.122,12.0,86.94,0.0,0.0,0.0,0.0,9.211,7.245,7.0,4.0,4.0,0.0,9.0,10.0,8.0,80.0,5.0,3.0,60.0,,,,,,,,,,617551.0,180.0,2.0,0.0,0.0,0.0,0.0,0.21,0.21,0.0,0.0,Eivind,Helland,2005-04-25,21.39,123.0,5.0,Defender,Central Defender,ahe00hzfpxhe742i5db3mpe6s,ej5er0oyngdw138yuumwqbyqt,Bologna FC 1909,Bologna,Bologna,BOL,617551.0,180.0,2.0,162.0,155.0,95.68,6.0,4.0,66.67,0.0,0.0,0.0,1.0,1.0,100.0,Eivind,Helland,2005-04-25,21.39,123.0,5.0,Defender,Central Defender,ahe00hzfpxhe742i5db3mpe6s,ej5er0oyngdw138yuumwqbyqt,Bologna FC 1909,Bologna,Bologna,BOL,617551,ahe00hzfpxhe742i5db3mpe6s,123,ej5er0oyngdw138yuumwqbyqt
El Bilal Touré,476489.0,3.0,260.0,0.0,0.38,-0.38,3.0,2.0,0.0,0.13,El Bilal,Touré,2001-10-03,24.96,131.0,19.0,Forward,Striker,e6ok0deqkoe80184iu509gzu2,5aosfavi55p40c65lkriqnqnl,Parma Calcio 1913,Parma,Parma,PAR,16.0,205.867,10.0,60.795,0.0,0.0,0.0,0.0,12.867,6.08,0.0,0.0,10.0,0.0,2.0,11.0,7.0,63.636,19.0,7.0,36.842,,,,,,,,,,476489.0,260.0,3.0,0.0,0.0,0.0,0.0,0.033,0.033,0.0,0.0,El Bilal,Touré,2001-10-03,24.96,131.0,19.0,Forward,Striker,e6ok0deqkoe80184iu509gzu2,5aosfavi55p40c65lkriqnqnl,Parma Calcio 1913,Parma,Parma,PAR,476489.0,260.0,3.0,48.0,34.0,70.83,17.0,11.0,64.71,1.0,0.0,0.0,0.0,0.0,0.0,El Bilal,Touré,2001-10-03,24.96,131.0,19.0,Forward,Striker,e6ok0deqkoe80184iu509gzu2,5aosfavi55p40c65lkriqnqnl,Parma Calcio 1913,Parma,Parma,PAR,476489,e6ok0deqkoe80184iu509gzu2,131,5aosfavi55p40c65lkriqnqnl
Elia Caprile,,,,,,,,,,,,,,,,,,,,,,,,,,,,,,,,,,,,,,,,,,,,,,270.0,100.0,0.0,1.0,10.0,90.91,1.3,2.0,2.3,,,,,,,,,,,,,,,,,,,,,,,,,,,,,,,,,,,,,,,,,,,,,,,,,,,,,,,463912,ab420lzne042a3e3b2lfmy5ii,124,5rwlg5cfv1hu7yf0ek1zxpzy3
Elias Havel,492911.0,0.0,0.0,0.0,0.0,0.0,0.0,0.0,0.0,0.0,Elias,Havel,2003-04-16,23.42,990.0,17.0,Forward,Striker,492911,4kumqzwifv478caxed8zywlh3,Genoa CFC,Genoa,Genoa,GEN,0.0,0.0,0.0,0.0,0.0,0.0,0.0,0.0,0.0,0.0,0.0,0.0,0.0,0.0,0.0,0.0,0.0,0.0,0.0,0.0,0.0,,,,,,,,,,492911.0,0.0,0.0,0.0,0.0,0.0,0.0,0.0,0.0,0.0,0.0,Elias,Havel,2003-04-16,23.42,990.0,17.0,Forward,Striker,492911,4kumqzwifv478caxed8zywlh3,Genoa CFC,Genoa,Genoa,GEN,492911.0,0.0,0.0,0.0,0.0,0.0,0.0,0.0,0.0,0.0,0.0,0.0,0.0,0.0,0.0,Elias,Havel,2003-04-16,23.42,990.0,17.0,Forward,Striker,492911,4kumqzwifv478caxed8zywlh3,Genoa CFC,Genoa,Genoa,GEN,492911,492911,990,4kumqzwifv478caxed8zywlh3
Elijah Scott,629245.0,0.0,0.0,0.0,0.0,0.0,0.0,0.0,0.0,0.0,Elijah,Scott,2006-02-03,20.62,130.0,31.0,Defender,0,629245,bi1fxjrncd0ram0oi7ja1jyuo,US Lecce,Lecce,Lecce,LEC,0.0,0.0,0.0,0.0,0.0,0.0,0.0,0.0,0.0,0.0,0.0,0.0,0.0,0.0,0.0,0.0,0.0,0.0,0.0,0.0,0.0,,,,,,,,,,629245.0,0.0,0.0,0.0,0.0,0.0,0.0,0.0,0.0,0.0,0.0,Elijah,Scott,2006-02-03,20.62,130.0,31.0,Defender,0,629245,bi1fxjrncd0ram0oi7ja1jyuo,US Lecce,Lecce,Lecce,LEC,629245.0,0.0,0.0,0.0,0.0,0.0,0.0,0.0,0.0,0.0,0.0,0.0,0.0,0.0,0.0,Elijah,Scott,2006-02-03,20.62,130.0,31.0,Defender,0,629245,bi1fxjrncd0ram0oi7ja1jyuo,US Lecce,Lecce,Lecce,LEC,629245,629245,130,bi1fxjrncd0ram0oi7ja1jyuo
Eljif Elmas,225807.0,3.0,108.0,0.0,0.0,0.0,0.0,0.0,0.0,0.0,Eljif,Elmas,1999-09-24,26.98,456.0,99.0,Midfielder,Central Midfielder,72im0m7d8rqpsclo4f5crqmsp,e75syeuawg3ql8nwpi3vr2btz,Atalanta Bergamasca Calcio,Atalanta,Atalanta,ATA,9.0,86.742,6.0,63.525,0.0,0.0,0.0,0.0,9.638,10.588,1.0,2.0,3.0,0.0,1.0,7.0,3.0,42.857,1.0,0.0,0.0,,,,,,,,,,225807.0,108.0,3.0,0.0,0.0,0.0,0.0,0.032,0.032,0.0,0.0,Eljif,Elmas,1999-09-24,26.98,456.0,99.0,Midfielder,Central Midfielder,72im0m7d8rqpsclo4f5crqmsp,e75syeuawg3ql8nwpi3vr2btz,Atalanta Bergamasca Calcio,Atalanta,Atalanta,ATA,225807.0,108.0,3.0,26.0,20.0,76.92,12.0,9.0,75.0,0.0,0.0,0.0,0.0,0.0,0.0,Eljif,Elmas,1999-09-24,26.98,456.0,99.0,Midfielder,Central Midfielder,72im0m7d8rqpsclo4f5crqmsp,e75syeuawg3ql8nwpi3vr2btz,Atalanta Bergamasca Calcio,Atalanta,Atalanta,ATA,225807,72im0m7d8rqpsclo4f5crqmsp,456,e75syeuawg3ql8nwpi3vr2btz
Eman Kospo,634069.0,0.0,0.0,0.0,0.0,0.0,0.0,0.0,0.0,0.0,Eman,Kospo,2007-05-17,19.33,125.0,0.0,Defender,Central Defender,634069,4raiad4l2j5lkfaz92pk4osb,ACF Fiorentina,Fiorentina,Fiorentina,FIO,0.0,0.0,0.0,0.0,0.0,0.0,0.0,0.0,0.0,0.0,0.0,0.0,0.0,0.0,0.0,0.0,0.0,0.0,0.0,0.0,0.0,,,,,,,,,,634069.0,0.0,0.0,0.0,0.0,0.0,0.0,0.0,0.0,0.0,0.0,Eman,Kospo,2007-05-17,19.33,125.0,0.0,Defender,Central Defender,634069,4raiad4l2j5lkfaz92pk4osb,ACF Fiorentina,Fiorentina,Fiorentina,FIO,634069.0,0.0,0.0,0.0,0.0,0.0,0.0,0.0,0.0,0.0,0.0,0.0,0.0,0.0,0.0,Eman,Kospo,2007-05-17,19.33,125.0,0.0,Defender,Central Defender,634069,4raiad4l2j5lkfaz92pk4osb,ACF Fiorentina,Fiorentina,Fiorentina,FIO,634069,634069,125,4raiad4l2j5lkfaz92pk4osb
Emanuele Lulli,657750.0,3.0,234.0,0.0,0.12,-0.12,1.0,0.0,0.0,0.12,Emanuele,Lulli,2007-08-17,19.08,121.0,77.0,Defender,Full Back,dknh1ecpb9kcwzuijmdcoq8lw,2tk2l9sgktwc9jhzqdd4mpdtb,AS Roma,Roma,Roma,ROM,46.0,624.705,30.0,417.585,0.0,0.0,1.0,0.0,13.581,13.92,6.0,2.0,15.0,0.0,1.0,17.0,12.0,70.588,2.0,1.0,50.0,,,,,,,,,,657750.0,234.0,3.0,4.0,4.0,3.6,0.0,0.509,0.509,0.0,0.0,Emanuele,Lulli,2007-08-17,19.08,121.0,77.0,Defender,Full Back,dknh1ecpb9kcwzuijmdcoq8lw,2tk2l9sgktwc9jhzqdd4mpdtb,AS Roma,Roma,Roma,ROM,657750.0,234.0,3.0,112.0,100.0,89.29,47.0,39.0,82.98,9.0,3.0,33.33,0.0,0.0,0.0,Emanuele,Lulli,2007-08-17,19.08,121.0,77.0,Defender,Full Back,dknh1ecpb9kcwzuijmdcoq8lw,2tk2l9sgktwc9jhzqdd4mpdtb,AS Roma,Roma,Roma,ROM,657750,dknh1ecpb9kcwzuijmdcoq8lw,121,2tk2l9sgktwc9jhzqdd4mpdtb
Emanuele Valeri,430529.0,3.0,270.0,0.0,0.04,-0.04,2.0,1.0,0.0,0.02,Emanuele,Valeri,1998-12-07,27.78,131.0,14.0,Defender,Full Back,d9bg5jjv8pz0f8u55x3hg0962,5aosfavi55p40c65lkriqnqnl,Parma Calcio 1913,Parma,Parma,PAR,23.0,268.947,17.0,173.46,1.0,0.0,1.0,0.0,11.693,10.204,5.0,2.0,10.0,0.0,4.0,14.0,8.0,57.143,4.0,2.0,50.0,,,,,,,,,,430529.0,270.0,3.0,6.0,2.0,3.23,66.67,0.592,0.065,0.0,0.0,Emanuele,Valeri,1998-12-07,27.78,131.0,14.0,Defender,Full Back,d9bg5jjv8pz0f8u55x3hg0962,5aosfavi55p40c65lkriqnqnl,Parma Calcio 1913,Parma,Parma,PAR,430529.0,270.0,3.0,70.0,48.0,68.57,22.0,11.0,50.0,9.0,1.0,11.11,0.0,0.0,0.0,Emanuele,Valeri,1998-12-07,27.78,131.0,14.0,Defender,Full Back,d9bg5jjv8pz0f8u55x3hg0962,5aosfavi55p40c65lkriqnqnl,Parma Calcio 1913,Parma,Parma,PAR,430529,d9bg5jjv8pz0f8u55x3hg0962,131,5aosfavi55p40c65lkriqnqnl
Emil Holm,479401.0,3.0,183.0,0.0,0.13,-0.13,3.0,0.0,0.0,0.04,Emil,Holm,2000-05-13,26.35,123.0,2.0,Defender,0,awf3x41nsz8m73bhte5wlz6ui,ej5er0oyngdw138yuumwqbyqt,Bologna FC 1909,Bologna,Bologna,BOL,30.0,357.291,18.0,170.835,0.0,0.0,0.0,0.0,11.91,9.491,9.0,0.0,15.0,1.0,4.0,22.0,17.0,77.273,1.0,1.0,100.0,,,,,,,,,,479401.0,183.0,3.0,1.0,1.0,0.95,0.0,0.072,0.071,0.0,0.0,Emil,Holm,2000-05-13,26.35,123.0,2.0,Defender,0,awf3x41nsz8m73bhte5wlz6ui,ej5er0oyngdw138yuumwqbyqt,Bologna FC 1909,Bologna,Bologna,BOL,479401.0,183.0,3.0,109.0,97.0,88.99,25.0,18.0,72.0,7.0,1.0,14.29,0.0,0.0,0.0,Emil,Holm,2000-05-13,26.35,123.0,2.0,Defender,0,awf3x41nsz8m73bhte5wlz6ui,ej5er0oyngdw138yuumwqbyqt,Bologna FC 1909,Bologna,Bologna,BOL,479401,awf3x41nsz8m73bhte5wlz6ui,123,ej5er0oyngdw138yuumwqbyqt
Emirhan Ilkhan,551286.0,1.0,23.0,0.0,0.0,0.0,0.0,0.0,0.0,0.0,Emirhan,Ilkhan,2004-06-01,22.29,135.0,6.0,Midfielder,Central Midfielder,8vom3bt6es2kp5sdl98az6gwk,7gnly6999wao1xarwct4p8fe9,Torino FC,Torino,Torino,TOR,4.0,55.111,4.0,45.675,0.0,0.0,0.0,0.0,13.778,11.419,1.0,0.0,1.0,0.0,0.0,1.0,1.0,100.0,0.0,0.0,0.0,,,,,,,,,,551286.0,23.0,1.0,0.0,0.0,0.0,0.0,0.248,0.248,0.0,0.0,Emirhan,Ilkhan,2004-06-01,22.29,135.0,6.0,Midfielder,Central Midfielder,8vom3bt6es2kp5sdl98az6gwk,7gnly6999wao1xarwct4p8fe9,Torino FC,Torino,Torino,TOR,551286.0,23.0,1.0,10.0,9.0,90.0,3.0,2.0,66.67,0.0,0.0,0.0,0.0,0.0,0.0,Emirhan,Ilkhan,2004-06-01,22.29,135.0,6.0,Midfielder,Central Midfielder,8vom3bt6es2kp5sdl98az6gwk,7gnly6999wao1xarwct4p8fe9,Torino FC,Torino,Torino,TOR,551286,8vom3bt6es2kp5sdl98az6gwk,135,7gnly6999wao1xarwct4p8fe9
Enrico Delprato,449321.0,3.0,270.0,0.0,0.13,-0.13,4.0,0.0,0.0,0.03,Enrico,Delprato,1999-11-10,26.85,131.0,15.0,Defender,Full Back,r9rn4eaw3twb224jrpojz0x6,5aosfavi55p40c65lkriqnqnl,Parma Calcio 1913,Parma,Parma,PAR,7.0,57.397,2.0,3.255,0.0,0.0,0.0,0.0,8.2,1.628,3.0,3.0,11.0,3.0,4.0,7.0,5.0,71.429,4.0,3.0,75.0,,,,,,,,,,449321.0,270.0,3.0,3.0,3.0,2.68,0.0,0.2,0.198,0.0,0.0,Enrico,Delprato,1999-11-10,26.85,131.0,15.0,Defender,Full Back,r9rn4eaw3twb224jrpojz0x6,5aosfavi55p40c65lkriqnqnl,Parma Calcio 1913,Parma,Parma,PAR,449321.0,270.0,3.0,118.0,88.0,74.58,29.0,13.0,44.83,1.0,1.0,100.0,0.0,0.0,0.0,Enrico,Delprato,1999-11-10,26.85,131.0,15.0,Defender,Full Back,r9rn4eaw3twb224jrpojz0x6,5aosfavi55p40c65lkriqnqnl,Parma Calcio 1913,Parma,Parma,PAR,449321,r9rn4eaw3twb224jrpojz0x6,131,5aosfavi55p40c65lkriqnqnl
Enzo Ebosse,208554.0,3.0,203.0,0.0,0.0,0.0,0.0,0.0,0.0,0.0,Enzo,Ebosse,1999-03-11,27.52,136.0,77.0,Defender,Full Back,e2xiayt8k5tv4dw5hjop71fqh,dxq76zcvnokq07cszdx0i6kve,Udinese Calcio,Udinese,Udinese,UDI,24.0,236.474,11.0,94.395,0.0,0.0,1.0,0.0,9.853,8.581,2.0,3.0,6.0,0.0,10.0,8.0,3.0,37.5,6.0,4.0,66.667,,,,,,,,,,208554.0,203.0,3.0,2.0,2.0,1.64,0.0,0.058,0.058,0.0,0.0,Enzo,Ebosse,1999-03-11,27.52,136.0,77.0,Defender,Full Back,e2xiayt8k5tv4dw5hjop71fqh,dxq76zcvnokq07cszdx0i6kve,Udinese Calcio,Udinese,Udinese,UDI,208554.0,203.0,3.0,130.0,113.0,86.92,26.0,15.0,57.69,3.0,1.0,33.33,0.0,0.0,0.0,Enzo,Ebosse,1999-03-11,27.52,136.0,77.0,Defender,Full Back,e2xiayt8k5tv4dw5hjop71fqh,dxq76zcvnokq07cszdx0i6kve,Udinese Calcio,Udinese,Udinese,UDI,208554,e2xiayt8k5tv4dw5hjop71fqh,136,dxq76zcvnokq07cszdx0i6kve
Enzo Tchato,531301.0,0.0,0.0,0.0,0.0,0.0,0.0,0.0,0.0,0.0,Enzo,Tchato,2002-11-23,23.82,2037.0,90.0,Defender,Full Back,531301,5khizzei8z0qbb7exz622wxw3,Frosinone Calcio,Frosinone,Frosinone,FRO,0.0,0.0,0.0,0.0,0.0,0.0,0.0,0.0,0.0,0.0,0.0,0.0,0.0,0.0,0.0,0.0,0.0,0.0,0.0,0.0,0.0,,,,,,,,,,531301.0,0.0,0.0,0.0,0.0,0.0,0.0,0.0,0.0,0.0,0.0,Enzo,Tchato,2002-11-23,23.82,2037.0,90.0,Defender,Full Back,531301,5khizzei8z0qbb7exz622wxw3,Frosinone Calcio,Frosinone,Frosinone,FRO,531301.0,0.0,0.0,0.0,0.0,0.0,0.0,0.0,0.0,0.0,0.0,0.0,0.0,0.0,0.0,Enzo,Tchato,2002-11-23,23.82,2037.0,90.0,Defender,Full Back,531301,5khizzei8z0qbb7exz622wxw3,Frosinone Calcio,Frosinone,Frosinone,FRO,531301,531301,2037,5khizzei8z0qbb7exz622wxw3
Eray Cömert,220327.0,2.0,157.0,0.0,0.0,0.0,0.0,0.0,0.0,0.0,Eray,Cömert,1998-02-04,28.62,135.0,5.0,Defender,Central Defender,5uig03vbbv71f0q31cp3vfbv9,7gnly6999wao1xarwct4p8fe9,Torino FC,Torino,Torino,TOR,24.0,192.273,13.0,80.955,0.0,0.0,0.0,0.0,8.011,6.227,2.0,1.0,1.0,1.0,12.0,8.0,5.0,62.5,1.0,1.0,100.0,,,,,,,,,,220327.0,157.0,2.0,1.0,1.0,0.0,0.0,0.047,0.046,1.0,1.0,Eray,Cömert,1998-02-04,28.62,135.0,5.0,Defender,Central Defender,5uig03vbbv71f0q31cp3vfbv9,7gnly6999wao1xarwct4p8fe9,Torino FC,Torino,Torino,TOR,220327.0,157.0,2.0,172.0,160.0,93.02,32.0,27.0,84.38,0.0,0.0,0.0,0.0,0.0,0.0,Eray,Cömert,1998-02-04,28.62,135.0,5.0,Defender,Central Defender,5uig03vbbv71f0q31cp3vfbv9,7gnly6999wao1xarwct4p8fe9,Torino FC,Torino,Torino,TOR,220327,5uig03vbbv71f0q31cp3vfbv9,135,7gnly6999wao1xarwct4p8fe9
Ethan Meichtry,661006.0,3.0,37.0,0.0,0.12,-0.12,1.0,0.0,0.0,0.12,Ethan,Meichtry,2005-07-08,21.19,990.0,11.0,Midfielder,Central Midfielder,aqq2kfm26hmrmwyl3sc6hrdhw,4kumqzwifv478caxed8zywlh3,Genoa CFC,Genoa,Genoa,GEN,10.0,132.755,5.0,88.62,1.0,0.0,1.0,0.0,13.276,17.724,0.0,0.0,3.0,0.0,0.0,11.0,4.0,36.364,0.0,0.0,0.0,,,,,,,,,,661006.0,37.0,3.0,1.0,1.0,7.14,0.0,0.006,0.006,0.0,0.0,Ethan,Meichtry,2005-07-08,21.19,990.0,11.0,Midfielder,Central Midfielder,aqq2kfm26hmrmwyl3sc6hrdhw,4kumqzwifv478caxed8zywlh3,Genoa CFC,Genoa,Genoa,GEN,661006.0,37.0,3.0,14.0,13.0,92.86,6.0,5.0,83.33,1.0,0.0,0.0,0.0,0.0,0.0,Ethan,Meichtry,2005-07-08,21.19,990.0,11.0,Midfielder,Central Midfielder,aqq2kfm26hmrmwyl3sc6hrdhw,4kumqzwifv478caxed8zywlh3,Genoa CFC,Genoa,Genoa,GEN,661006,aqq2kfm26hmrmwyl3sc6hrdhw,990,4kumqzwifv478caxed8zywlh3
Evan Ndicka,208553.0,2.0,157.0,0.0,0.45,-0.45,2.0,0.0,0.0,0.22,Evan,Ndicka,1999-08-20,27.08,121.0,5.0,Defender,Central Defender,efzokrggje7s9wc6hg75yc6ax,2tk2l9sgktwc9jhzqdd4mpdtb,AS Roma,Roma,Roma,ROM,27.0,244.605,12.0,58.485,0.0,0.0,0.0,0.0,9.059,4.874,4.0,3.0,12.0,0.0,8.0,13.0,5.0,38.462,8.0,6.0,75.0,,,,,,,,,,208553.0,157.0,2.0,0.0,0.0,0.0,0.0,0.011,0.011,0.0,0.0,Evan,Ndicka,1999-08-20,27.08,121.0,5.0,Defender,Central Defender,efzokrggje7s9wc6hg75yc6ax,2tk2l9sgktwc9jhzqdd4mpdtb,AS Roma,Roma,Roma,ROM,208553.0,157.0,2.0,108.0,104.0,96.3,4.0,4.0,100.0,0.0,0.0,0.0,0.0,0.0,0.0,Evan,Ndicka,1999-08-20,27.08,121.0,5.0,Defender,Central Defender,efzokrggje7s9wc6hg75yc6ax,2tk2l9sgktwc9jhzqdd4mpdtb,AS Roma,Roma,Roma,ROM,208553,efzokrggje7s9wc6hg75yc6ax,121,2tk2l9sgktwc9jhzqdd4mpdtb
Fabio Miretti,493115.0,0.0,0.0,0.0,0.0,0.0,0.0,0.0,0.0,0.0,Fabio,Miretti,2003-08-03,23.12,128.0,21.0,Midfielder,Attacking Midfielder,493115,bqbbqm98ud8obe45ds9ohgyrd,Juventus FC,Juventus,Juventus,JUV,0.0,0.0,0.0,0.0,0.0,0.0,0.0,0.0,0.0,0.0,0.0,0.0,0.0,0.0,0.0,0.0,0.0,0.0,0.0,0.0,0.0,,,,,,,,,,493115.0,0.0,0.0,0.0,0.0,0.0,0.0,0.0,0.0,0.0,0.0,Fabio,Miretti,2003-08-03,23.12,128.0,21.0,Midfielder,Attacking Midfielder,493115,bqbbqm98ud8obe45ds9ohgyrd,Juventus FC,Juventus,Juventus,JUV,493115.0,0.0,0.0,0.0,0.0,0.0,0.0,0.0,0.0,0.0,0.0,0.0,0.0,0.0,0.0,Fabio,Miretti,2003-08-03,23.12,128.0,21.0,Midfielder,Attacking Midfielder,493115,bqbbqm98ud8obe45ds9ohgyrd,Juventus FC,Juventus,Juventus,JUV,493115,493115,128,bqbbqm98ud8obe45ds9ohgyrd
Farès Ghedjemis,607330.0,1.0,33.0,0.0,0.05,-0.05,2.0,2.0,0.0,0.02,Farès,Ghedjemis,2002-09-06,24.03,2037.0,7.0,Forward,Winger,56oxuwxbszkg8xjic1bizd1xw,5khizzei8z0qbb7exz622wxw3,Frosinone Calcio,Frosinone,Frosinone,FRO,7.0,125.969,3.0,69.405,2.0,0.0,0.0,0.0,17.996,23.135,2.0,0.0,2.0,0.0,0.0,4.0,4.0,100.0,2.0,0.0,0.0,,,,,,,,,,607330.0,33.0,1.0,0.0,0.0,0.0,0.0,0.007,0.007,0.0,0.0,Farès,Ghedjemis,2002-09-06,24.03,2037.0,7.0,Forward,Winger,56oxuwxbszkg8xjic1bizd1xw,5khizzei8z0qbb7exz622wxw3,Frosinone Calcio,Frosinone,Frosinone,FRO,607330.0,33.0,1.0,8.0,6.0,75.0,4.0,4.0,100.0,2.0,0.0,0.0,0.0,0.0,0.0,Farès,Ghedjemis,2002-09-06,24.03,2037.0,7.0,Forward,Winger,56oxuwxbszkg8xjic1bizd1xw,5khizzei8z0qbb7exz622wxw3,Frosinone Calcio,Frosinone,Frosinone,FRO,607330,56oxuwxbszkg8xjic1bizd1xw,2037,5khizzei8z0qbb7exz622wxw3
Fedde Leysen,519635.0,3.0,196.0,0.0,0.0,0.0,0.0,0.0,0.0,0.0,Fedde,Leysen,2003-07-09,23.19,2182.0,16.0,Defender,Central Defender,7b0vbfxlv3uiozb19fcj2vsyy,6tuibxq39fdryu8ou06wcm0q3,US Sassuolo Calcio,Sassuolo,Sassuolo,SAS,15.0,117.827,4.0,-17.745,0.0,0.0,0.0,0.0,7.855,-4.436,4.0,1.0,7.0,3.0,9.0,9.0,4.0,44.444,10.0,8.0,80.0,,,,,,,,,,519635.0,196.0,3.0,1.0,0.0,0.0,0.0,0.029,0.029,1.0,0.0,Fedde,Leysen,2003-07-09,23.19,2182.0,16.0,Defender,Central Defender,7b0vbfxlv3uiozb19fcj2vsyy,6tuibxq39fdryu8ou06wcm0q3,US Sassuolo Calcio,Sassuolo,Sassuolo,SAS,519635.0,196.0,3.0,92.0,86.0,93.48,6.0,5.0,83.33,0.0,0.0,0.0,0.0,0.0,0.0,Fedde,Leysen,2003-07-09,23.19,2182.0,16.0,Defender,Central Defender,7b0vbfxlv3uiozb19fcj2vsyy,6tuibxq39fdryu8ou06wcm0q3,US Sassuolo Calcio,Sassuolo,Sassuolo,SAS,519635,7b0vbfxlv3uiozb19fcj2vsyy,2182,6tuibxq39fdryu8ou06wcm0q3
Federico Bernardeschi,147297.0,3.0,206.0,0.0,0.31,-0.31,7.0,4.0,0.0,0.04,Federico,Bernardeschi,1994-02-16,32.59,123.0,10.0,Forward,Winger,6kms3ctf8joymna289onk9lg5,ej5er0oyngdw138yuumwqbyqt,Bologna FC 1909,Bologna,Bologna,BOL,38.0,525.086,10.0,-30.975,3.0,0.0,1.0,0.0,13.818,-3.098,0.0,0.0,6.0,0.0,2.0,12.0,5.0,41.667,1.0,1.0,100.0,,,,,,,,,,147297.0,206.0,3.0,6.0,4.0,4.26,33.33,0.618,0.455,0.0,0.0,Federico,Bernardeschi,1994-02-16,32.59,123.0,10.0,Forward,Winger,6kms3ctf8joymna289onk9lg5,ej5er0oyngdw138yuumwqbyqt,Bologna FC 1909,Bologna,Bologna,BOL,147297.0,206.0,3.0,97.0,88.0,90.72,34.0,28.0,82.35,12.0,5.0,41.67,1.0,0.0,0.0,Federico,Bernardeschi,1994-02-16,32.59,123.0,10.0,Forward,Winger,6kms3ctf8joymna289onk9lg5,ej5er0oyngdw138yuumwqbyqt,Bologna FC 1909,Bologna,Bologna,BOL,147297,6kms3ctf8joymna289onk9lg5,123,ej5er0oyngdw138yuumwqbyqt
Federico Cassa,617164.0,0.0,0.0,0.0,0.0,0.0,0.0,0.0,0.0,0.0,Federico,Cassa,2006-02-01,20.62,456.0,49.0,Midfielder,Attacking Midfielder,617164,e75syeuawg3ql8nwpi3vr2btz,Atalanta Bergamasca Calcio,Atalanta,Atalanta,ATA,0.0,0.0,0.0,0.0,0.0,0.0,0.0,0.0,0.0,0.0,0.0,0.0,0.0,0.0,0.0,0.0,0.0,0.0,0.0,0.0,0.0,,,,,,,,,,617164.0,0.0,0.0,0.0,0.0,0.0,0.0,0.0,0.0,0.0,0.0,Federico,Cassa,2006-02-01,20.62,456.0,49.0,Midfielder,Attacking Midfielder,617164,e75syeuawg3ql8nwpi3vr2btz,Atalanta Bergamasca Calcio,Atalanta,Atalanta,ATA,617164.0,0.0,0.0,0.0,0.0,0.0,0.0,0.0,0.0,0.0,0.0,0.0,0.0,0.0,0.0,Federico,Cassa,2006-02-01,20.62,456.0,49.0,Midfielder,Attacking Midfielder,617164,e75syeuawg3ql8nwpi3vr2btz,Atalanta Bergamasca Calcio,Atalanta,Atalanta,ATA,617164,617164,456,e75syeuawg3ql8nwpi3vr2btz
Federico Croci,665767.0,0.0,0.0,0.0,0.0,0.0,0.0,0.0,0.0,0.0,Federico,Croci,2010-07-01,16.21,125.0,70.0,Forward,Winger,665767,4raiad4l2j5lkfaz92pk4osb,ACF Fiorentina,Fiorentina,Fiorentina,FIO,0.0,0.0,0.0,0.0,0.0,0.0,0.0,0.0,0.0,0.0,0.0,0.0,0.0,0.0,0.0,0.0,0.0,0.0,0.0,0.0,0.0,,,,,,,,,,665767.0,0.0,0.0,0.0,0.0,0.0,0.0,0.0,0.0,0.0,0.0,Federico,Croci,2010-07-01,16.21,125.0,70.0,Forward,Winger,665767,4raiad4l2j5lkfaz92pk4osb,ACF Fiorentina,Fiorentina,Fiorentina,FIO,665767.0,0.0,0.0,0.0,0.0,0.0,0.0,0.0,0.0,0.0,0.0,0.0,0.0,0.0,0.0,Federico,Croci,2010-07-01,16.21,125.0,70.0,Forward,Winger,665767,4raiad4l2j5lkfaz92pk4osb,ACF Fiorentina,Fiorentina,Fiorentina,FIO,665767,665767,125,4raiad4l2j5lkfaz92pk4osb
Federico Dimarco,161919.0,3.0,242.0,0.0,0.58,-0.58,7.0,2.0,0.0,0.08,Federico,Dimarco,1997-11-10,28.85,127.0,32.0,Defender,Full Back,19856wqwrmzmvfw9thf0tzrv9,3vo5mpj7catp66nrwwqiuhuup,FC Internazionale Milano,Internazionale,Inter,INT,26.0,308.723,18.0,177.765,0.0,0.0,1.0,0.0,11.874,9.876,4.0,4.0,7.0,0.0,0.0,10.0,6.0,60.0,2.0,1.0,50.0,,,,,,,,,,161919.0,242.0,3.0,12.0,7.0,4.96,33.33,1.412,0.988,1.0,0.0,Federico,Dimarco,1997-11-10,28.85,127.0,32.0,Defender,Full Back,19856wqwrmzmvfw9thf0tzrv9,3vo5mpj7catp66nrwwqiuhuup,FC Internazionale Milano,Internazionale,Inter,INT,161919.0,242.0,3.0,144.0,123.0,85.42,52.0,42.0,80.77,13.0,5.0,38.46,0.0,0.0,0.0,Federico,Dimarco,1997-11-10,28.85,127.0,32.0,Defender,Full Back,19856wqwrmzmvfw9thf0tzrv9,3vo5mpj7catp66nrwwqiuhuup,FC Internazionale Milano,Internazionale,Inter,INT,161919,19856wqwrmzmvfw9thf0tzrv9,127,3vo5mpj7catp66nrwwqiuhuup
Federico Gatti,543612.0,1.0,2.0,1.0,0.27,0.73,1.0,1.0,100.0,0.27,Federico,Gatti,1998-06-24,28.24,128.0,4.0,Defender,Central Defender,cv46mxj5i98p4hgtbomxlxs7o,bqbbqm98ud8obe45ds9ohgyrd,Juventus FC,Juventus,Juventus,JUV,0.0,0.0,0.0,0.0,0.0,0.0,0.0,0.0,0.0,0.0,0.0,0.0,0.0,0.0,0.0,0.0,0.0,0.0,0.0,0.0,0.0,,,,,,,,,,543612.0,2.0,1.0,0.0,0.0,0.0,0.0,0.002,0.002,0.0,0.0,Federico,Gatti,1998-06-24,28.24,128.0,4.0,Defender,Central Defender,cv46mxj5i98p4hgtbomxlxs7o,bqbbqm98ud8obe45ds9ohgyrd,Juventus FC,Juventus,Juventus,JUV,543612.0,2.0,1.0,2.0,2.0,100.0,1.0,1.0,100.0,0.0,0.0,0.0,0.0,0.0,0.0,Federico,Gatti,1998-06-24,28.24,128.0,4.0,Defender,Central Defender,cv46mxj5i98p4hgtbomxlxs7o,bqbbqm98ud8obe45ds9ohgyrd,Juventus FC,Juventus,Juventus,JUV,543612,cv46mxj5i98p4hgtbomxlxs7o,128,bqbbqm98ud8obe45ds9ohgyrd
Federico Serra,633962.0,0.0,0.0,0.0,0.0,0.0,0.0,0.0,0.0,0.0,Federico,Serra,2006-01-03,20.7,129.0,63.0,Forward,Striker,633962,btcy9nra9ak4m22ovr2ia6m5v,SS Lazio,Lazio,Lazio,LAZ,0.0,0.0,0.0,0.0,0.0,0.0,0.0,0.0,0.0,0.0,0.0,0.0,0.0,0.0,0.0,0.0,0.0,0.0,0.0,0.0,0.0,,,,,,,,,,633962.0,0.0,0.0,0.0,0.0,0.0,0.0,0.0,0.0,0.0,0.0,Federico,Serra,2006-01-03,20.7,129.0,63.0,Forward,Striker,633962,btcy9nra9ak4m22ovr2ia6m5v,SS Lazio,Lazio,Lazio,LAZ,633962.0,0.0,0.0,0.0,0.0,0.0,0.0,0.0,0.0,0.0,0.0,0.0,0.0,0.0,0.0,Federico,Serra,2006-01-03,20.7,129.0,63.0,Forward,Striker,633962,btcy9nra9ak4m22ovr2ia6m5v,SS Lazio,Lazio,Lazio,LAZ,633962,633962,129,btcy9nra9ak4m22ovr2ia6m5v
Fikayo Tomori,194794.0,0.0,0.0,0.0,0.0,0.0,0.0,0.0,0.0,0.0,Fikayo,Tomori,1997-12-19,28.75,120.0,23.0,Defender,Central Defender,194794,9dntj5dioj5ex52yrgwzxrq9l,AC Milan,Milan,Milan,MIL,0.0,0.0,0.0,0.0,0.0,0.0,0.0,0.0,0.0,0.0,0.0,0.0,0.0,0.0,0.0,0.0,0.0,0.0,0.0,0.0,0.0,,,,,,,,,,194794.0,0.0,0.0,0.0,0.0,0.0,0.0,0.0,0.0,0.0,0.0,Fikayo,Tomori,1997-12-19,28.75,120.0,23.0,Defender,Central Defender,194794,9dntj5dioj5ex52yrgwzxrq9l,AC Milan,Milan,Milan,MIL,194794.0,0.0,0.0,0.0,0.0,0.0,0.0,0.0,0.0,0.0,0.0,0.0,0.0,0.0,0.0,Fikayo,Tomori,1997-12-19,28.75,120.0,23.0,Defender,Central Defender,194794,9dntj5dioj5ex52yrgwzxrq9l,AC Milan,Milan,Milan,MIL,194794,194794,120,9dntj5dioj5ex52yrgwzxrq9l
Filip Stankovic,,,,,,,,,,,,,,,,,,,,,,,,,,,,,,,,,,,,,,,,,,,,,,270.0,100.0,1.0,7.0,11.0,61.11,0.27,1.0,6.27,,,,,,,,,,,,,,,,,,,,,,,,,,,,,,,,,,,,,,,,,,,,,,,,,,,,,,,465626,7dg8woqlx67ch0ji3ujhgb52i,137,565sm63rjm2y7xeae0dcdbtnu
Filippo Delli Carri,244397.0,2.0,31.0,0.0,0.0,0.0,0.0,0.0,0.0,0.0,Filippo,Delli Carri,1999-05-03,27.38,742.0,15.0,Defender,Central Defender,628n16k677wb1zsidcm3yz4rt,67z1gqyiuzpmmb15q5fy7ntc4,AC Monza,Monza,Monza,MON,5.0,56.58,2.0,9.03,0.0,0.0,0.0,0.0,11.316,4.515,0.0,0.0,4.0,0.0,5.0,2.0,0.0,0.0,4.0,3.0,75.0,,,,,,,,,,244397.0,31.0,2.0,0.0,0.0,0.0,0.0,0.004,0.004,0.0,0.0,Filippo,Delli Carri,1999-05-03,27.38,742.0,15.0,Defender,Central Defender,628n16k677wb1zsidcm3yz4rt,67z1gqyiuzpmmb15q5fy7ntc4,AC Monza,Monza,Monza,MON,244397.0,31.0,2.0,31.0,29.0,93.55,4.0,3.0,75.0,0.0,0.0,0.0,0.0,0.0,0.0,Filippo,Delli Carri,1999-05-03,27.38,742.0,15.0,Defender,Central Defender,628n16k677wb1zsidcm3yz4rt,67z1gqyiuzpmmb15q5fy7ntc4,AC Monza,Monza,Monza,MON,244397,628n16k677wb1zsidcm3yz4rt,742,67z1gqyiuzpmmb15q5fy7ntc4
Filippo Missori,550264.0,0.0,0.0,0.0,0.0,0.0,0.0,0.0,0.0,0.0,Filippo,Missori,2004-03-24,22.48,2182.0,2.0,Defender,Full Back,550264,6tuibxq39fdryu8ou06wcm0q3,US Sassuolo Calcio,Sassuolo,Sassuolo,SAS,0.0,0.0,0.0,0.0,0.0,0.0,0.0,0.0,0.0,0.0,0.0,0.0,0.0,0.0,0.0,0.0,0.0,0.0,0.0,0.0,0.0,,,,,,,,,,550264.0,0.0,0.0,0.0,0.0,0.0,0.0,0.0,0.0,0.0,0.0,Filippo,Missori,2004-03-24,22.48,2182.0,2.0,Defender,Full Back,550264,6tuibxq39fdryu8ou06wcm0q3,US Sassuolo Calcio,Sassuolo,Sassuolo,SAS,550264.0,0.0,0.0,0.0,0.0,0.0,0.0,0.0,0.0,0.0,0.0,0.0,0.0,0.0,0.0,Filippo,Missori,2004-03-24,22.48,2182.0,2.0,Defender,Full Back,550264,6tuibxq39fdryu8ou06wcm0q3,US Sassuolo Calcio,Sassuolo,Sassuolo,SAS,550264,550264,2182,6tuibxq39fdryu8ou06wcm0q3
Filippo Pagnucco,578307.0,0.0,0.0,0.0,0.0,0.0,0.0,0.0,0.0,0.0,Filippo,Pagnucco,2006-02-09,20.6,128.0,46.0,Defender,0,578307,bqbbqm98ud8obe45ds9ohgyrd,Juventus FC,Juventus,Juventus,JUV,0.0,0.0,0.0,0.0,0.0,0.0,0.0,0.0,0.0,0.0,0.0,0.0,0.0,0.0,0.0,0.0,0.0,0.0,0.0,0.0,0.0,,,,,,,,,,578307.0,0.0,0.0,0.0,0.0,0.0,0.0,0.0,0.0,0.0,0.0,Filippo,Pagnucco,2006-02-09,20.6,128.0,46.0,Defender,0,578307,bqbbqm98ud8obe45ds9ohgyrd,Juventus FC,Juventus,Juventus,JUV,578307.0,0.0,0.0,0.0,0.0,0.0,0.0,0.0,0.0,0.0,0.0,0.0,0.0,0.0,0.0,Filippo,Pagnucco,2006-02-09,20.6,128.0,46.0,Defender,0,578307,bqbbqm98ud8obe45ds9ohgyrd,Juventus FC,Juventus,Juventus,JUV,578307,578307,128,bqbbqm98ud8obe45ds9ohgyrd
Filippo Terracciano,508625.0,1.0,2.0,0.0,0.0,0.0,0.0,0.0,0.0,0.0,Filippo,Terracciano,2003-02-08,23.61,120.0,42.0,Defender,0,20f5apcbciifqyln8hp3cziwa,9dntj5dioj5ex52yrgwzxrq9l,AC Milan,Milan,Milan,MIL,2.0,20.444,1.0,13.65,0.0,0.0,0.0,0.0,10.222,13.65,0.0,0.0,0.0,0.0,1.0,1.0,1.0,100.0,1.0,1.0,100.0,,,,,,,,,,508625.0,2.0,1.0,0.0,0.0,0.0,0.0,0.001,0.001,0.0,0.0,Filippo,Terracciano,2003-02-08,23.61,120.0,42.0,Defender,0,20f5apcbciifqyln8hp3cziwa,9dntj5dioj5ex52yrgwzxrq9l,AC Milan,Milan,Milan,MIL,508625.0,2.0,1.0,4.0,4.0,100.0,2.0,2.0,100.0,0.0,0.0,0.0,0.0,0.0,0.0,Filippo,Terracciano,2003-02-08,23.61,120.0,42.0,Defender,0,20f5apcbciifqyln8hp3cziwa,9dntj5dioj5ex52yrgwzxrq9l,AC Milan,Milan,Milan,MIL,508625,20f5apcbciifqyln8hp3cziwa,120,9dntj5dioj5ex52yrgwzxrq9l
Fisayo Dele-Bashiru,215814.0,1.0,54.0,0.0,0.0,0.0,0.0,0.0,0.0,0.0,Fisayo,Dele-Bashiru,2001-02-06,25.61,129.0,7.0,Midfielder,Attacking Midfielder,7f87a26gzayk0bfzbm42huuw9,btcy9nra9ak4m22ovr2ia6m5v,SS Lazio,Lazio,Lazio,LAZ,9.0,127.446,5.0,29.295,0.0,0.0,0.0,0.0,14.161,5.859,0.0,0.0,1.0,0.0,0.0,5.0,3.0,60.0,0.0,0.0,0.0,,,,,,,,,,215814.0,54.0,1.0,0.0,0.0,0.0,0.0,0.008,0.008,0.0,0.0,Fisayo,Dele-Bashiru,2001-02-06,25.61,129.0,7.0,Midfielder,Attacking Midfielder,7f87a26gzayk0bfzbm42huuw9,btcy9nra9ak4m22ovr2ia6m5v,SS Lazio,Lazio,Lazio,LAZ,215814.0,54.0,1.0,21.0,19.0,90.48,8.0,7.0,87.5,0.0,0.0,0.0,0.0,0.0,0.0,Fisayo,Dele-Bashiru,2001-02-06,25.61,129.0,7.0,Midfielder,Attacking Midfielder,7f87a26gzayk0bfzbm42huuw9,btcy9nra9ak4m22ovr2ia6m5v,SS Lazio,Lazio,Lazio,LAZ,215814,7f87a26gzayk0bfzbm42huuw9,129,btcy9nra9ak4m22ovr2ia6m5v
Florian Grillitsch,210159.0,1.0,8.0,0.0,0.0,0.0,0.0,0.0,0.0,0.0,Florian,Grillitsch,1995-08-07,31.12,2037.0,27.0,Midfielder,Defensive Midfielder,1ekkj2b713kjnugsk4dz50q1h,5khizzei8z0qbb7exz622wxw3,Frosinone Calcio,Frosinone,Frosinone,FRO,2.0,11.96,1.0,11.235,0.0,0.0,0.0,0.0,5.98,11.235,0.0,0.0,1.0,0.0,1.0,3.0,1.0,33.333,0.0,0.0,0.0,,,,,,,,,,210159.0,8.0,1.0,0.0,0.0,0.0,0.0,0.0,0.0,0.0,0.0,Florian,Grillitsch,1995-08-07,31.12,2037.0,27.0,Midfielder,Defensive Midfielder,1ekkj2b713kjnugsk4dz50q1h,5khizzei8z0qbb7exz622wxw3,Frosinone Calcio,Frosinone,Frosinone,FRO,210159.0,8.0,1.0,8.0,5.0,62.5,2.0,0.0,0.0,0.0,0.0,0.0,0.0,0.0,0.0,Florian,Grillitsch,1995-08-07,31.12,2037.0,27.0,Midfielder,Defensive Midfielder,1ekkj2b713kjnugsk4dz50q1h,5khizzei8z0qbb7exz622wxw3,Frosinone Calcio,Frosinone,Frosinone,FRO,210159,1ekkj2b713kjnugsk4dz50q1h,2037,5khizzei8z0qbb7exz622wxw3
Francesco Camarda,633952.0,0.0,0.0,0.0,0.0,0.0,0.0,0.0,0.0,0.0,Francesco,Camarda,2008-03-10,18.52,120.0,73.0,Forward,Striker,633952,9dntj5dioj5ex52yrgwzxrq9l,AC Milan,Milan,Milan,MIL,0.0,0.0,0.0,0.0,0.0,0.0,0.0,0.0,0.0,0.0,0.0,0.0,0.0,0.0,0.0,0.0,0.0,0.0,0.0,0.0,0.0,,,,,,,,,,633952.0,0.0,0.0,0.0,0.0,0.0,0.0,0.0,0.0,0.0,0.0,Francesco,Camarda,2008-03-10,18.52,120.0,73.0,Forward,Striker,633952,9dntj5dioj5ex52yrgwzxrq9l,AC Milan,Milan,Milan,MIL,633952.0,0.0,0.0,0.0,0.0,0.0,0.0,0.0,0.0,0.0,0.0,0.0,0.0,0.0,0.0,Francesco,Camarda,2008-03-10,18.52,120.0,73.0,Forward,Striker,633952,9dntj5dioj5ex52yrgwzxrq9l,AC Milan,Milan,Milan,MIL,633952,633952,120,9dntj5dioj5ex52yrgwzxrq9l
Francesco Pio Esposito,551444.0,3.0,200.0,1.0,1.69,-0.69,11.0,4.0,9.09,0.15,Francesco Pio,Esposito,2005-06-28,21.22,127.0,94.0,Forward,Striker,1v6nfd46wx11jbfertslccbo4,3vo5mpj7catp66nrwwqiuhuup,FC Internazionale Milano,Internazionale,Inter,INT,15.0,135.452,5.0,12.495,1.0,0.0,0.0,0.0,9.03,2.499,1.0,0.0,4.0,0.0,2.0,13.0,7.0,53.846,11.0,8.0,72.727,,,,,,,,,,551444.0,200.0,3.0,4.0,4.0,4.55,0.0,0.123,0.123,1.0,1.0,Francesco Pio,Esposito,2005-06-28,21.22,127.0,94.0,Forward,Striker,1v6nfd46wx11jbfertslccbo4,3vo5mpj7catp66nrwwqiuhuup,FC Internazionale Milano,Internazionale,Inter,INT,551444.0,200.0,3.0,66.0,45.0,68.18,26.0,17.0,65.38,0.0,0.0,0.0,0.0,0.0,0.0,Francesco Pio,Esposito,2005-06-28,21.22,127.0,94.0,Forward,Striker,1v6nfd46wx11jbfertslccbo4,3vo5mpj7catp66nrwwqiuhuup,FC Internazionale Milano,Internazionale,Inter,INT,551444,1v6nfd46wx11jbfertslccbo4,127,3vo5mpj7catp66nrwwqiuhuup
Francisco Conceição,465630.0,3.0,233.0,0.0,0.98,-0.98,9.0,3.0,0.0,0.11,Francisco,Fernandes da Conceição,2002-12-14,23.76,128.0,7.0,Forward,Winger,2x44f29a52v8kpkkjsuiiywdm,bqbbqm98ud8obe45ds9ohgyrd,Juventus FC,Juventus,Juventus,JUV,53.0,731.695,30.0,371.7,5.0,0.0,2.0,0.0,13.806,12.39,1.0,1.0,8.0,0.0,0.0,30.0,10.0,33.333,0.0,0.0,0.0,,,,,,,,,,465630.0,233.0,3.0,6.0,3.0,3.3,33.33,0.884,0.606,1.0,0.0,Francisco,Fernandes da Conceição,2002-12-14,23.76,128.0,7.0,Forward,Winger,2x44f29a52v8kpkkjsuiiywdm,bqbbqm98ud8obe45ds9ohgyrd,Juventus FC,Juventus,Juventus,JUV,465630.0,233.0,3.0,99.0,87.0,87.88,61.0,53.0,86.89,12.0,3.0,25.0,0.0,0.0,0.0,Francisco,Fernandes da Conceição,2002-12-14,23.76,128.0,7.0,Forward,Winger,2x44f29a52v8kpkkjsuiiywdm,bqbbqm98ud8obe45ds9ohgyrd,Juventus FC,Juventus,Juventus,JUV,465630,2x44f29a52v8kpkkjsuiiywdm,128,bqbbqm98ud8obe45ds9ohgyrd
Franck Kessie,173181.0,1.0,11.0,0.0,0.0,0.0,0.0,0.0,0.0,0.0,Franck,Kessie,1996-12-19,29.75,456.0,19.0,Midfielder,Central Midfielder,4ct72ovumvt09au6gpulwpjv9,e75syeuawg3ql8nwpi3vr2btz,Atalanta Bergamasca Calcio,Atalanta,Atalanta,ATA,1.0,9.916,0.0,-9.87,0.0,0.0,0.0,0.0,9.916,0.0,0.0,0.0,1.0,0.0,0.0,1.0,0.0,0.0,0.0,0.0,0.0,,,,,,,,,,173181.0,11.0,1.0,0.0,0.0,0.0,0.0,0.002,0.002,0.0,0.0,Franck,Kessie,1996-12-19,29.75,456.0,19.0,Midfielder,Central Midfielder,4ct72ovumvt09au6gpulwpjv9,e75syeuawg3ql8nwpi3vr2btz,Atalanta Bergamasca Calcio,Atalanta,Atalanta,ATA,173181.0,11.0,1.0,8.0,6.0,75.0,3.0,2.0,66.67,0.0,0.0,0.0,0.0,0.0,0.0,Franck,Kessie,1996-12-19,29.75,456.0,19.0,Midfielder,Central Midfielder,4ct72ovumvt09au6gpulwpjv9,e75syeuawg3ql8nwpi3vr2btz,Atalanta Bergamasca Calcio,Atalanta,Atalanta,ATA,173181,4ct72ovumvt09au6gpulwpjv9,456,e75syeuawg3ql8nwpi3vr2btz
Franco Carboni,505185.0,0.0,0.0,0.0,0.0,0.0,0.0,0.0,0.0,0.0,Franco,Carboni,2003-04-04,23.45,131.0,29.0,Defender,Full Back,505185,5aosfavi55p40c65lkriqnqnl,Parma Calcio 1913,Parma,Parma,PAR,0.0,0.0,0.0,0.0,0.0,0.0,0.0,0.0,0.0,0.0,0.0,0.0,0.0,0.0,0.0,0.0,0.0,0.0,0.0,0.0,0.0,,,,,,,,,,505185.0,0.0,0.0,0.0,0.0,0.0,0.0,0.0,0.0,0.0,0.0,Franco,Carboni,2003-04-04,23.45,131.0,29.0,Defender,Full Back,505185,5aosfavi55p40c65lkriqnqnl,Parma Calcio 1913,Parma,Parma,PAR,505185.0,0.0,0.0,0.0,0.0,0.0,0.0,0.0,0.0,0.0,0.0,0.0,0.0,0.0,0.0,Franco,Carboni,2003-04-04,23.45,131.0,29.0,Defender,Full Back,505185,5aosfavi55p40c65lkriqnqnl,Parma Calcio 1913,Parma,Parma,PAR,505185,505185,131,5aosfavi55p40c65lkriqnqnl
Franco Mastantuono,576550.0,3.0,198.0,0.0,0.92,-0.92,10.0,2.0,0.0,0.09,Franco,Mastantuono,2007-08-14,19.09,125.0,30.0,Forward,Winger,1fkntyd2z8e169yh98k0zst90,4raiad4l2j5lkfaz92pk4osb,ACF Fiorentina,Fiorentina,Fiorentina,FIO,33.0,471.534,16.0,236.145,3.0,0.0,0.0,0.0,14.289,14.759,1.0,1.0,4.0,0.0,0.0,30.0,10.0,33.333,7.0,1.0,14.286,,,,,,,,,,576550.0,198.0,3.0,2.0,2.0,3.51,0.0,0.172,0.147,0.0,0.0,Franco,Mastantuono,2007-08-14,19.09,125.0,30.0,Forward,Winger,1fkntyd2z8e169yh98k0zst90,4raiad4l2j5lkfaz92pk4osb,ACF Fiorentina,Fiorentina,Fiorentina,FIO,576550.0,198.0,3.0,57.0,44.0,77.19,33.0,25.0,75.76,1.0,0.0,0.0,1.0,0.0,0.0,Franco,Mastantuono,2007-08-14,19.09,125.0,30.0,Forward,Winger,1fkntyd2z8e169yh98k0zst90,4raiad4l2j5lkfaz92pk4osb,ACF Fiorentina,Fiorentina,Fiorentina,FIO,576550,1fkntyd2z8e169yh98k0zst90,125,4raiad4l2j5lkfaz92pk4osb
Frank Anguissa,203325.0,3.0,237.0,0.0,1.29,-1.29,5.0,1.0,0.0,0.26,Frank,Anguissa,1995-11-16,30.84,459.0,99.0,Midfielder,Central Midfielder,3bhy6x04rbwzk0nh1fm59dmnd,gi0l1habji5hpgar77dl5jqe,SSC Napoli,Napoli,Napoli,NAP,14.0,149.719,7.0,76.44,0.0,0.0,0.0,0.0,10.694,10.92,3.0,1.0,10.0,3.0,2.0,17.0,8.0,47.059,7.0,4.0,57.143,,,,,,,,,,203325.0,237.0,3.0,2.0,2.0,2.53,0.0,0.103,0.103,0.0,0.0,Frank,Anguissa,1995-11-16,30.84,459.0,99.0,Midfielder,Central Midfielder,3bhy6x04rbwzk0nh1fm59dmnd,gi0l1habji5hpgar77dl5jqe,SSC Napoli,Napoli,Napoli,NAP,203325.0,237.0,3.0,82.0,68.0,82.93,16.0,9.0,56.25,0.0,0.0,0.0,0.0,0.0,0.0,Frank,Anguissa,1995-11-16,30.84,459.0,99.0,Midfielder,Central Midfielder,3bhy6x04rbwzk0nh1fm59dmnd,gi0l1habji5hpgar77dl5jqe,SSC Napoli,Napoli,Napoli,NAP,203325,3bhy6x04rbwzk0nh1fm59dmnd,459,gi0l1habji5hpgar77dl5jqe
Gabriel Kulla,669708.0,1.0,2.0,0.0,0.0,0.0,0.0,0.0,0.0,0.0,Gabriel,Kulla,2008-02-20,18.57,2182.0,14.0,Forward,Striker,dpn1zttyqs0gwjgs4b5kydd78,6tuibxq39fdryu8ou06wcm0q3,US Sassuolo Calcio,Sassuolo,Sassuolo,SAS,0.0,0.0,0.0,0.0,0.0,0.0,0.0,0.0,0.0,0.0,0.0,0.0,0.0,0.0,0.0,0.0,0.0,0.0,1.0,0.0,0.0,,,,,,,,,,669708.0,2.0,1.0,0.0,0.0,0.0,0.0,0.003,0.003,0.0,0.0,Gabriel,Kulla,2008-02-20,18.57,2182.0,14.0,Forward,Striker,dpn1zttyqs0gwjgs4b5kydd78,6tuibxq39fdryu8ou06wcm0q3,US Sassuolo Calcio,Sassuolo,Sassuolo,SAS,669708.0,2.0,1.0,2.0,2.0,100.0,1.0,1.0,100.0,0.0,0.0,0.0,0.0,0.0,0.0,Gabriel,Kulla,2008-02-20,18.57,2182.0,14.0,Forward,Striker,dpn1zttyqs0gwjgs4b5kydd78,6tuibxq39fdryu8ou06wcm0q3,US Sassuolo Calcio,Sassuolo,Sassuolo,SAS,669708,dpn1zttyqs0gwjgs4b5kydd78,2182,6tuibxq39fdryu8ou06wcm0q3
Gabriele Bracaglia,588664.0,3.0,240.0,1.0,0.2,0.8,3.0,3.0,33.33,0.07,Gabriele,Bracaglia,2003-07-19,23.16,2037.0,79.0,Defender,Full Back,j3e45tivwj7iod1xde5o642c,5khizzei8z0qbb7exz622wxw3,Frosinone Calcio,Frosinone,Frosinone,FRO,12.0,89.32,8.0,59.325,1.0,0.0,1.0,0.0,7.443,7.416,3.0,1.0,7.0,4.0,14.0,15.0,9.0,60.0,9.0,5.0,55.556,,,,,,,,,,588664.0,240.0,3.0,4.0,4.0,5.26,0.0,0.163,0.154,1.0,1.0,Gabriele,Bracaglia,2003-07-19,23.16,2037.0,79.0,Defender,Full Back,j3e45tivwj7iod1xde5o642c,5khizzei8z0qbb7exz622wxw3,Frosinone Calcio,Frosinone,Frosinone,FRO,588664.0,240.0,3.0,60.0,38.0,63.33,24.0,15.0,62.5,1.0,1.0,100.0,1.0,1.0,100.0,Gabriele,Bracaglia,2003-07-19,23.16,2037.0,79.0,Defender,Full Back,j3e45tivwj7iod1xde5o642c,5khizzei8z0qbb7exz622wxw3,Frosinone Calcio,Frosinone,Frosinone,FRO,588664,j3e45tivwj7iod1xde5o642c,2037,5khizzei8z0qbb7exz622wxw3
Gabriele Calvani,594346.0,3.0,254.0,0.0,0.1,-0.1,3.0,0.0,0.0,0.03,Gabriele,Calvani,2004-01-12,22.68,2037.0,3.0,Defender,Central Defender,eg9jgcpcll4b1rfcx7u1gspw4,5khizzei8z0qbb7exz622wxw3,Frosinone Calcio,Frosinone,Frosinone,FRO,10.0,153.923,6.0,78.645,0.0,0.0,0.0,0.0,15.392,13.108,8.0,4.0,12.0,5.0,11.0,18.0,10.0,55.556,8.0,7.0,87.5,,,,,,,,,,594346.0,254.0,3.0,0.0,0.0,0.0,0.0,0.021,0.021,0.0,0.0,Gabriele,Calvani,2004-01-12,22.68,2037.0,3.0,Defender,Central Defender,eg9jgcpcll4b1rfcx7u1gspw4,5khizzei8z0qbb7exz622wxw3,Frosinone Calcio,Frosinone,Frosinone,FRO,594346.0,254.0,3.0,65.0,47.0,72.31,15.0,8.0,53.33,1.0,0.0,0.0,0.0,0.0,0.0,Gabriele,Calvani,2004-01-12,22.68,2037.0,3.0,Defender,Central Defender,eg9jgcpcll4b1rfcx7u1gspw4,5khizzei8z0qbb7exz622wxw3,Frosinone Calcio,Frosinone,Frosinone,FRO,594346,eg9jgcpcll4b1rfcx7u1gspw4,2037,5khizzei8z0qbb7exz622wxw3
Gabriele Zappa,235584.0,1.0,24.0,0.0,0.0,0.0,0.0,0.0,0.0,0.0,Gabriele,Zappa,1999-12-22,26.74,124.0,28.0,Defender,Full Back,13ey9mb0ullya36lpv62pspre,5rwlg5cfv1hu7yf0ek1zxpzy3,Cagliari Calcio,Cagliari,Cagliari,CAG,3.0,37.485,2.0,27.93,0.0,0.0,1.0,0.0,12.495,13.965,0.0,0.0,0.0,0.0,0.0,0.0,0.0,0.0,0.0,0.0,0.0,,,,,,,,,,235584.0,24.0,1.0,1.0,1.0,11.11,0.0,0.044,0.044,0.0,0.0,Gabriele,Zappa,1999-12-22,26.74,124.0,28.0,Defender,Full Back,13ey9mb0ullya36lpv62pspre,5rwlg5cfv1hu7yf0ek1zxpzy3,Cagliari Calcio,Cagliari,Cagliari,CAG,235584.0,24.0,1.0,9.0,7.0,77.78,4.0,2.0,50.0,2.0,1.0,50.0,1.0,0.0,0.0,Gabriele,Zappa,1999-12-22,26.74,124.0,28.0,Defender,Full Back,13ey9mb0ullya36lpv62pspre,5rwlg5cfv1hu7yf0ek1zxpzy3,Cagliari Calcio,Cagliari,Cagliari,CAG,235584,13ey9mb0ullya36lpv62pspre,124,5rwlg5cfv1hu7yf0ek1zxpzy3
Gaby Jean,587293.0,0.0,0.0,0.0,0.0,0.0,0.0,0.0,0.0,0.0,Gaby,Jean,2000-02-19,26.58,130.0,18.0,Defender,Central Defender,587293,bi1fxjrncd0ram0oi7ja1jyuo,US Lecce,Lecce,Lecce,LEC,0.0,0.0,0.0,0.0,0.0,0.0,0.0,0.0,0.0,0.0,0.0,0.0,0.0,0.0,0.0,0.0,0.0,0.0,0.0,0.0,0.0,,,,,,,,,,587293.0,0.0,0.0,0.0,0.0,0.0,0.0,0.0,0.0,0.0,0.0,Gaby,Jean,2000-02-19,26.58,130.0,18.0,Defender,Central Defender,587293,bi1fxjrncd0ram0oi7ja1jyuo,US Lecce,Lecce,Lecce,LEC,587293.0,0.0,0.0,0.0,0.0,0.0,0.0,0.0,0.0,0.0,0.0,0.0,0.0,0.0,0.0,Gaby,Jean,2000-02-19,26.58,130.0,18.0,Defender,Central Defender,587293,bi1fxjrncd0ram0oi7ja1jyuo,US Lecce,Lecce,Lecce,LEC,587293,587293,130,bi1fxjrncd0ram0oi7ja1jyuo
Gaetano Oristanio,465628.0,0.0,0.0,0.0,0.0,0.0,0.0,0.0,0.0,0.0,Gaetano,Oristanio,2002-09-28,23.97,135.0,11.0,Midfielder,Attacking Midfielder,465628,7gnly6999wao1xarwct4p8fe9,Torino FC,Torino,Torino,TOR,0.0,0.0,0.0,0.0,0.0,0.0,0.0,0.0,0.0,0.0,0.0,0.0,0.0,0.0,0.0,0.0,0.0,0.0,0.0,0.0,0.0,,,,,,,,,,465628.0,0.0,0.0,0.0,0.0,0.0,0.0,0.0,0.0,0.0,0.0,Gaetano,Oristanio,2002-09-28,23.97,135.0,11.0,Midfielder,Attacking Midfielder,465628,7gnly6999wao1xarwct4p8fe9,Torino FC,Torino,Torino,TOR,465628.0,0.0,0.0,0.0,0.0,0.0,0.0,0.0,0.0,0.0,0.0,0.0,0.0,0.0,0.0,Gaetano,Oristanio,2002-09-28,23.97,135.0,11.0,Midfielder,Attacking Midfielder,465628,7gnly6999wao1xarwct4p8fe9,Torino FC,Torino,Torino,TOR,465628,465628,135,7gnly6999wao1xarwct4p8fe9
Gennaro Borrelli,480374.0,2.0,36.0,0.0,0.09,-0.09,2.0,0.0,0.0,0.04,Gennaro,Borrelli,2000-03-10,26.52,124.0,29.0,Forward,Striker,8bjzw0pgu2gbwhyfm2k62hv8q,5rwlg5cfv1hu7yf0ek1zxpzy3,Cagliari Calcio,Cagliari,Cagliari,CAG,4.0,46.533,2.0,22.68,0.0,0.0,0.0,0.0,11.633,11.34,2.0,1.0,2.0,0.0,0.0,13.0,6.0,46.154,7.0,4.0,57.143,,,,,,,,,,480374.0,36.0,2.0,0.0,0.0,0.0,0.0,0.003,0.003,0.0,0.0,Gennaro,Borrelli,2000-03-10,26.52,124.0,29.0,Forward,Striker,8bjzw0pgu2gbwhyfm2k62hv8q,5rwlg5cfv1hu7yf0ek1zxpzy3,Cagliari Calcio,Cagliari,Cagliari,CAG,480374.0,36.0,2.0,8.0,6.0,75.0,2.0,1.0,50.0,0.0,0.0,0.0,0.0,0.0,0.0,Gennaro,Borrelli,2000-03-10,26.52,124.0,29.0,Forward,Striker,8bjzw0pgu2gbwhyfm2k62hv8q,5rwlg5cfv1hu7yf0ek1zxpzy3,Cagliari Calcio,Cagliari,Cagliari,CAG,480374,8bjzw0pgu2gbwhyfm2k62hv8q,124,5rwlg5cfv1hu7yf0ek1zxpzy3
Giacomo Calò,226522.0,3.0,260.0,0.0,0.06,-0.06,1.0,1.0,0.0,0.06,Giacomo,Calò,1997-02-05,29.62,2037.0,14.0,Midfielder,Defensive Midfielder,51shig8ylkdt63h19537eclbd,5khizzei8z0qbb7exz622wxw3,Frosinone Calcio,Frosinone,Frosinone,FRO,16.0,126.832,7.0,48.405,0.0,0.0,0.0,0.0,7.927,6.915,3.0,1.0,14.0,4.0,3.0,17.0,12.0,70.588,2.0,1.0,50.0,,,,,,,,,,226522.0,260.0,3.0,11.0,2.0,2.35,72.73,0.556,0.083,1.0,0.0,Giacomo,Calò,1997-02-05,29.62,2037.0,14.0,Midfielder,Defensive Midfielder,51shig8ylkdt63h19537eclbd,5khizzei8z0qbb7exz622wxw3,Frosinone Calcio,Frosinone,Frosinone,FRO,226522.0,260.0,3.0,107.0,85.0,79.44,37.0,25.0,67.57,1.0,0.0,0.0,1.0,1.0,100.0,Giacomo,Calò,1997-02-05,29.62,2037.0,14.0,Midfielder,Defensive Midfielder,51shig8ylkdt63h19537eclbd,5khizzei8z0qbb7exz622wxw3,Frosinone Calcio,Frosinone,Frosinone,FRO,226522,51shig8ylkdt63h19537eclbd,2037,5khizzei8z0qbb7exz622wxw3
Giacomo Raspadori,446969.0,2.0,138.0,1.0,0.32,0.68,5.0,1.0,20.0,0.06,Giacomo,Raspadori,2000-02-18,26.58,456.0,18.0,Forward,Second Striker,abq67eup8kd31w8da2i0eftgp,e75syeuawg3ql8nwpi3vr2btz,Atalanta Bergamasca Calcio,Atalanta,Atalanta,ATA,9.0,113.917,4.0,18.795,1.0,0.0,0.0,0.0,12.657,4.699,4.0,2.0,3.0,0.0,0.0,9.0,7.0,77.778,1.0,0.0,0.0,,,,,,,,,,446969.0,138.0,2.0,0.0,0.0,0.0,0.0,0.066,0.066,0.0,0.0,Giacomo,Raspadori,2000-02-18,26.58,456.0,18.0,Forward,Second Striker,abq67eup8kd31w8da2i0eftgp,e75syeuawg3ql8nwpi3vr2btz,Atalanta Bergamasca Calcio,Atalanta,Atalanta,ATA,446969.0,138.0,2.0,29.0,25.0,86.21,5.0,3.0,60.0,1.0,0.0,0.0,0.0,0.0,0.0,Giacomo,Raspadori,2000-02-18,26.58,456.0,18.0,Forward,Second Striker,abq67eup8kd31w8da2i0eftgp,e75syeuawg3ql8nwpi3vr2btz,Atalanta Bergamasca Calcio,Atalanta,Atalanta,ATA,446969,abq67eup8kd31w8da2i0eftgp,456,e75syeuawg3ql8nwpi3vr2btz
Gianluca Busio,427168.0,3.0,270.0,0.0,0.33,-0.33,5.0,0.0,0.0,0.07,Gianluca,Busio,2002-05-28,24.31,137.0,6.0,Midfielder,Attacking Midfielder,3haxsyfrccsgw6x5jgbwdjze,565sm63rjm2y7xeae0dcdbtnu,Venezia FC,Venezia,Venezia,VEN,53.0,520.318,30.0,303.24,2.0,0.0,1.0,1.0,9.817,10.108,8.0,1.0,12.0,1.0,2.0,24.0,14.0,58.333,4.0,4.0,100.0,,,,,,,,,,427168.0,270.0,3.0,4.0,3.0,1.21,25.0,0.161,0.107,1.0,1.0,Gianluca,Busio,2002-05-28,24.31,137.0,6.0,Midfielder,Attacking Midfielder,3haxsyfrccsgw6x5jgbwdjze,565sm63rjm2y7xeae0dcdbtnu,Venezia FC,Venezia,Venezia,VEN,427168.0,270.0,3.0,185.0,171.0,92.43,47.0,39.0,82.98,2.0,0.0,0.0,0.0,0.0,0.0,Gianluca,Busio,2002-05-28,24.31,137.0,6.0,Midfielder,Attacking Midfielder,3haxsyfrccsgw6x5jgbwdjze,565sm63rjm2y7xeae0dcdbtnu,Venezia FC,Venezia,Venezia,VEN,427168,3haxsyfrccsgw6x5jgbwdjze,137,565sm63rjm2y7xeae0dcdbtnu
Gianluca Gaetano,437780.0,3.0,270.0,0.0,0.01,-0.01,1.0,1.0,0.0,0.01,Gianluca,Gaetano,2000-05-05,26.37,456.0,70.0,Midfielder,Central Midfielder,1ct0gujao4wvj1ff3aebqgqnd,e75syeuawg3ql8nwpi3vr2btz,Atalanta Bergamasca Calcio,Atalanta,Atalanta,ATA,25.0,253.36,12.0,76.44,0.0,0.0,1.0,0.0,10.134,6.37,6.0,5.0,10.0,0.0,5.0,20.0,10.0,50.0,3.0,2.0,66.667,,,,,,,,,,437780.0,270.0,3.0,2.0,2.0,0.7,0.0,0.065,0.063,1.0,1.0,Gianluca,Gaetano,2000-05-05,26.37,456.0,70.0,Midfielder,Central Midfielder,1ct0gujao4wvj1ff3aebqgqnd,e75syeuawg3ql8nwpi3vr2btz,Atalanta Bergamasca Calcio,Atalanta,Atalanta,ATA,437780.0,270.0,3.0,150.0,134.0,89.33,24.0,17.0,70.83,0.0,0.0,0.0,0.0,0.0,0.0,Gianluca,Gaetano,2000-05-05,26.37,456.0,70.0,Midfielder,Central Midfielder,1ct0gujao4wvj1ff3aebqgqnd,e75syeuawg3ql8nwpi3vr2btz,Atalanta Bergamasca Calcio,Atalanta,Atalanta,ATA,437780,1ct0gujao4wvj1ff3aebqgqnd,456,e75syeuawg3ql8nwpi3vr2btz
Gianluca Mancini,198374.0,3.0,242.0,0.0,0.22,-0.22,2.0,1.0,0.0,0.11,Gianluca,Mancini,1996-04-17,30.42,121.0,23.0,Defender,Central Defender,6fttn5mk6n1lstqt0dl5xzn4l,2tk2l9sgktwc9jhzqdd4mpdtb,AS Roma,Roma,Roma,ROM,26.0,242.156,10.0,107.94,0.0,0.0,1.0,0.0,9.314,10.794,4.0,3.0,14.0,0.0,3.0,13.0,8.0,61.538,3.0,2.0,66.667,,,,,,,,,,198374.0,242.0,3.0,3.0,3.0,1.29,0.0,0.647,0.647,1.0,1.0,Gianluca,Mancini,1996-04-17,30.42,121.0,23.0,Defender,Central Defender,6fttn5mk6n1lstqt0dl5xzn4l,2tk2l9sgktwc9jhzqdd4mpdtb,AS Roma,Roma,Roma,ROM,198374.0,242.0,3.0,157.0,149.0,94.9,33.0,30.0,90.91,0.0,0.0,0.0,0.0,0.0,0.0,Gianluca,Mancini,1996-04-17,30.42,121.0,23.0,Defender,Central Defender,6fttn5mk6n1lstqt0dl5xzn4l,2tk2l9sgktwc9jhzqdd4mpdtb,AS Roma,Roma,Roma,ROM,198374,6fttn5mk6n1lstqt0dl5xzn4l,121,2tk2l9sgktwc9jhzqdd4mpdtb
Gianluca Scamacca,195899.0,3.0,173.0,0.0,0.06,-0.06,2.0,2.0,0.0,0.03,Gianluca,Scamacca,1999-01-01,27.71,456.0,9.0,Forward,Striker,4ml8pyt3rxwxakjxslg0c8kb9,e75syeuawg3ql8nwpi3vr2btz,Atalanta Bergamasca Calcio,Atalanta,Atalanta,ATA,9.0,75.784,2.0,-12.81,1.0,0.0,0.0,0.0,8.42,-6.405,2.0,0.0,3.0,2.0,1.0,19.0,8.0,42.105,6.0,3.0,50.0,,,,,,,,,,195899.0,173.0,3.0,2.0,2.0,4.26,0.0,0.389,0.389,0.0,0.0,Gianluca,Scamacca,1999-01-01,27.71,456.0,9.0,Forward,Striker,4ml8pyt3rxwxakjxslg0c8kb9,e75syeuawg3ql8nwpi3vr2btz,Atalanta Bergamasca Calcio,Atalanta,Atalanta,ATA,195899.0,173.0,3.0,50.0,37.0,74.0,20.0,12.0,60.0,0.0,0.0,0.0,0.0,0.0,0.0,Gianluca,Scamacca,1999-01-01,27.71,456.0,9.0,Forward,Striker,4ml8pyt3rxwxakjxslg0c8kb9,e75syeuawg3ql8nwpi3vr2btz,Atalanta Bergamasca Calcio,Atalanta,Atalanta,ATA,195899,4ml8pyt3rxwxakjxslg0c8kb9,456,e75syeuawg3ql8nwpi3vr2btz
Giorgi Chakvetadze,240990.0,0.0,0.0,0.0,0.0,0.0,0.0,0.0,0.0,0.0,Giorgi,Chakvetadze,1999-08-29,27.05,136.0,30.0,Midfielder,Attacking Midfielder,240990,dxq76zcvnokq07cszdx0i6kve,Udinese Calcio,Udinese,Udinese,UDI,0.0,0.0,0.0,0.0,0.0,0.0,0.0,0.0,0.0,0.0,0.0,0.0,0.0,0.0,0.0,0.0,0.0,0.0,0.0,0.0,0.0,,,,,,,,,,240990.0,0.0,0.0,0.0,0.0,0.0,0.0,0.0,0.0,0.0,0.0,Giorgi,Chakvetadze,1999-08-29,27.05,136.0,30.0,Midfielder,Attacking Midfielder,240990,dxq76zcvnokq07cszdx0i6kve,Udinese Calcio,Udinese,Udinese,UDI,240990.0,0.0,0.0,0.0,0.0,0.0,0.0,0.0,0.0,0.0,0.0,0.0,0.0,0.0,0.0,Giorgi,Chakvetadze,1999-08-29,27.05,136.0,30.0,Midfielder,Attacking Midfielder,240990,dxq76zcvnokq07cszdx0i6kve,Udinese Calcio,Udinese,Udinese,UDI,240990,240990,136,dxq76zcvnokq07cszdx0i6kve
Giorgi Kvernadze,558122.0,3.0,270.0,1.0,0.71,0.29,8.0,2.0,12.5,0.09,Giorgi,Kvernadze,2003-02-07,23.61,2037.0,17.0,Forward,Winger,2lx4dy8gdeox803t8iwmy2ivo,5khizzei8z0qbb7exz622wxw3,Frosinone Calcio,Frosinone,Frosinone,FRO,51.0,626.828,27.0,252.42,5.0,0.0,2.0,0.0,12.291,9.349,6.0,0.0,13.0,0.0,1.0,45.0,20.0,44.444,2.0,0.0,0.0,,,,,,,,,,558122.0,270.0,3.0,4.0,4.0,5.66,0.0,0.485,0.483,1.0,1.0,Giorgi,Kvernadze,2003-02-07,23.61,2037.0,17.0,Forward,Winger,2lx4dy8gdeox803t8iwmy2ivo,5khizzei8z0qbb7exz622wxw3,Frosinone Calcio,Frosinone,Frosinone,FRO,558122.0,270.0,3.0,55.0,47.0,85.45,29.0,24.0,82.76,4.0,0.0,0.0,0.0,0.0,0.0,Giorgi,Kvernadze,2003-02-07,23.61,2037.0,17.0,Forward,Winger,2lx4dy8gdeox803t8iwmy2ivo,5khizzei8z0qbb7exz622wxw3,Frosinone Calcio,Frosinone,Frosinone,FRO,558122,2lx4dy8gdeox803t8iwmy2ivo,2037,5khizzei8z0qbb7exz622wxw3
Giorgio Cittadini,493261.0,3.0,185.0,0.0,0.07,-0.07,1.0,0.0,0.0,0.07,Giorgio,Cittadini,2002-04-18,24.42,2037.0,2.0,Defender,Central Defender,1e6s5l3tp48t6ybq73lzzmkx6,5khizzei8z0qbb7exz622wxw3,Frosinone Calcio,Frosinone,Frosinone,FRO,9.0,101.401,3.0,8.4,0.0,0.0,0.0,0.0,11.267,2.8,9.0,9.0,7.0,1.0,12.0,13.0,10.0,76.923,9.0,8.0,88.889,,,,,,,,,,493261.0,185.0,3.0,1.0,1.0,2.0,0.0,0.02,0.02,0.0,0.0,Giorgio,Cittadini,2002-04-18,24.42,2037.0,2.0,Defender,Central Defender,1e6s5l3tp48t6ybq73lzzmkx6,5khizzei8z0qbb7exz622wxw3,Frosinone Calcio,Frosinone,Frosinone,FRO,493261.0,185.0,3.0,57.0,43.0,75.44,14.0,7.0,50.0,0.0,0.0,0.0,0.0,0.0,0.0,Giorgio,Cittadini,2002-04-18,24.42,2037.0,2.0,Defender,Central Defender,1e6s5l3tp48t6ybq73lzzmkx6,5khizzei8z0qbb7exz622wxw3,Frosinone Calcio,Frosinone,Frosinone,FRO,493261,1e6s5l3tp48t6ybq73lzzmkx6,2037,5khizzei8z0qbb7exz622wxw3
Giorgio Scalvini,519394.0,3.0,270.0,0.0,0.04,-0.04,1.0,0.0,0.0,0.04,Giorgio,Scalvini,2003-12-11,22.77,456.0,42.0,Defender,Central Defender,4cejhrr3ji36591xf54jue3ca,e75syeuawg3ql8nwpi3vr2btz,Atalanta Bergamasca Calcio,Atalanta,Atalanta,ATA,25.0,188.383,10.0,99.435,0.0,0.0,0.0,0.0,7.535,9.944,5.0,1.0,4.0,2.0,12.0,14.0,7.0,50.0,10.0,6.0,60.0,,,,,,,,,,519394.0,270.0,3.0,0.0,0.0,0.0,0.0,0.02,0.02,0.0,0.0,Giorgio,Scalvini,2003-12-11,22.77,456.0,42.0,Defender,Central Defender,4cejhrr3ji36591xf54jue3ca,e75syeuawg3ql8nwpi3vr2btz,Atalanta Bergamasca Calcio,Atalanta,Atalanta,ATA,519394.0,270.0,3.0,179.0,172.0,96.09,11.0,9.0,81.82,0.0,0.0,0.0,0.0,0.0,0.0,Giorgio,Scalvini,2003-12-11,22.77,456.0,42.0,Defender,Central Defender,4cejhrr3ji36591xf54jue3ca,e75syeuawg3ql8nwpi3vr2btz,Atalanta Bergamasca Calcio,Atalanta,Atalanta,ATA,519394,4cejhrr3ji36591xf54jue3ca,456,e75syeuawg3ql8nwpi3vr2btz
Giovane,576812.0,0.0,0.0,0.0,0.0,0.0,0.0,0.0,0.0,0.0,Giovane,Santana do Nascimento,2003-11-24,22.81,459.0,23.0,Forward,0,576812,gi0l1habji5hpgar77dl5jqe,SSC Napoli,Napoli,Napoli,NAP,0.0,0.0,0.0,0.0,0.0,0.0,0.0,0.0,0.0,0.0,0.0,0.0,0.0,0.0,0.0,0.0,0.0,0.0,0.0,0.0,0.0,,,,,,,,,,576812.0,0.0,0.0,0.0,0.0,0.0,0.0,0.0,0.0,0.0,0.0,Giovane,Santana do Nascimento,2003-11-24,22.81,459.0,23.0,Forward,0,576812,gi0l1habji5hpgar77dl5jqe,SSC Napoli,Napoli,Napoli,NAP,576812.0,0.0,0.0,0.0,0.0,0.0,0.0,0.0,0.0,0.0,0.0,0.0,0.0,0.0,0.0,Giovane,Santana do Nascimento,2003-11-24,22.81,459.0,23.0,Forward,0,576812,gi0l1habji5hpgar77dl5jqe,SSC Napoli,Napoli,Napoli,NAP,576812,576812,459,gi0l1habji5hpgar77dl5jqe
Giovanni Di Lorenzo,93661.0,3.0,270.0,0.0,0.01,-0.01,1.0,0.0,0.0,0.01,Giovanni,Di Lorenzo,1993-08-04,33.13,459.0,22.0,Defender,Full Back,5d9i8ubibyiecxecr9jjvxexh,gi0l1habji5hpgar77dl5jqe,SSC Napoli,Napoli,Napoli,NAP,29.0,245.49,21.0,171.465,0.0,0.0,0.0,0.0,8.465,8.165,9.0,2.0,6.0,2.0,4.0,17.0,10.0,58.824,7.0,6.0,85.714,,,,,,,,,,93661.0,270.0,3.0,2.0,2.0,0.78,0.0,0.241,0.24,1.0,1.0,Giovanni,Di Lorenzo,1993-08-04,33.13,459.0,22.0,Defender,Full Back,5d9i8ubibyiecxecr9jjvxexh,gi0l1habji5hpgar77dl5jqe,SSC Napoli,Napoli,Napoli,NAP,93661.0,270.0,3.0,130.0,116.0,89.23,50.0,41.0,82.0,5.0,0.0,0.0,1.0,0.0,0.0,Giovanni,Di Lorenzo,1993-08-04,33.13,459.0,22.0,Defender,Full Back,5d9i8ubibyiecxecr9jjvxexh,gi0l1habji5hpgar77dl5jqe,SSC Napoli,Napoli,Napoli,NAP,93661,5d9i8ubibyiecxecr9jjvxexh,459,gi0l1habji5hpgar77dl5jqe
Giovanni Fabbian,511444.0,1.0,45.0,0.0,0.11,-0.11,1.0,0.0,0.0,0.11,Giovanni,Fabbian,2003-01-14,23.67,131.0,80.0,Midfielder,Attacking Midfielder,4j3d7ujmhevsi0y3zvs34i13o,5aosfavi55p40c65lkriqnqnl,Parma Calcio 1913,Parma,Parma,PAR,1.0,5.599,1.0,5.565,0.0,0.0,0.0,0.0,5.599,5.565,2.0,1.0,0.0,0.0,0.0,4.0,3.0,75.0,3.0,0.0,0.0,,,,,,,,,,511444.0,45.0,1.0,0.0,0.0,0.0,0.0,0.001,0.001,0.0,0.0,Giovanni,Fabbian,2003-01-14,23.67,131.0,80.0,Midfielder,Attacking Midfielder,4j3d7ujmhevsi0y3zvs34i13o,5aosfavi55p40c65lkriqnqnl,Parma Calcio 1913,Parma,Parma,PAR,511444.0,45.0,1.0,8.0,5.0,62.5,3.0,1.0,33.33,0.0,0.0,0.0,0.0,0.0,0.0,Giovanni,Fabbian,2003-01-14,23.67,131.0,80.0,Midfielder,Attacking Midfielder,4j3d7ujmhevsi0y3zvs34i13o,5aosfavi55p40c65lkriqnqnl,Parma Calcio 1913,Parma,Parma,PAR,511444,4j3d7ujmhevsi0y3zvs34i13o,131,5aosfavi55p40c65lkriqnqnl
Giovanni Simeone,166016.0,3.0,163.0,0.0,0.31,-0.31,3.0,0.0,0.0,0.1,Giovanni,Simeone,1995-07-05,31.21,135.0,18.0,Forward,0,cp13vthbds3tl1wtfelfx2evp,7gnly6999wao1xarwct4p8fe9,Torino FC,Torino,Torino,TOR,10.0,96.792,4.0,2.94,0.0,0.0,1.0,0.0,9.679,0.735,1.0,0.0,5.0,0.0,0.0,9.0,5.0,55.556,6.0,1.0,16.667,,,,,,,,,,166016.0,163.0,3.0,1.0,1.0,3.45,0.0,0.05,0.05,0.0,0.0,Giovanni,Simeone,1995-07-05,31.21,135.0,18.0,Forward,0,cp13vthbds3tl1wtfelfx2evp,7gnly6999wao1xarwct4p8fe9,Torino FC,Torino,Torino,TOR,166016.0,163.0,3.0,34.0,24.0,70.59,5.0,3.0,60.0,1.0,1.0,100.0,0.0,0.0,0.0,Giovanni,Simeone,1995-07-05,31.21,135.0,18.0,Forward,0,cp13vthbds3tl1wtfelfx2evp,7gnly6999wao1xarwct4p8fe9,Torino FC,Torino,Torino,TOR,166016,cp13vthbds3tl1wtfelfx2evp,135,7gnly6999wao1xarwct4p8fe9
Giulio Vinciati,683686.0,0.0,0.0,0.0,0.0,0.0,0.0,0.0,0.0,0.0,Giulio,Vinciati,2007-08-29,19.05,136.0,45.0,Forward,0,683686,dxq76zcvnokq07cszdx0i6kve,Udinese Calcio,Udinese,Udinese,UDI,0.0,0.0,0.0,0.0,0.0,0.0,0.0,0.0,0.0,0.0,0.0,0.0,0.0,0.0,0.0,0.0,0.0,0.0,0.0,0.0,0.0,,,,,,,,,,683686.0,0.0,0.0,0.0,0.0,0.0,0.0,0.0,0.0,0.0,0.0,Giulio,Vinciati,2007-08-29,19.05,136.0,45.0,Forward,0,683686,dxq76zcvnokq07cszdx0i6kve,Udinese Calcio,Udinese,Udinese,UDI,683686.0,0.0,0.0,0.0,0.0,0.0,0.0,0.0,0.0,0.0,0.0,0.0,0.0,0.0,0.0,Giulio,Vinciati,2007-08-29,19.05,136.0,45.0,Forward,0,683686,dxq76zcvnokq07cszdx0i6kve,Udinese Calcio,Udinese,Udinese,UDI,683686,683686,136,dxq76zcvnokq07cszdx0i6kve
Giuseppe Aurelio,508629.0,1.0,3.0,0.0,0.0,0.0,0.0,0.0,0.0,0.0,Giuseppe,Aurelio,2000-03-22,26.49,124.0,24.0,Defender,Full Back,57iidaul9ucet0aq666t5z2wa,5rwlg5cfv1hu7yf0ek1zxpzy3,Cagliari Calcio,Cagliari,Cagliari,CAG,0.0,0.0,0.0,0.0,0.0,0.0,0.0,0.0,0.0,0.0,0.0,0.0,0.0,0.0,1.0,1.0,0.0,0.0,0.0,0.0,0.0,,,,,,,,,,508629.0,3.0,1.0,0.0,0.0,0.0,0.0,0.0,0.0,0.0,0.0,Giuseppe,Aurelio,2000-03-22,26.49,124.0,24.0,Defender,Full Back,57iidaul9ucet0aq666t5z2wa,5rwlg5cfv1hu7yf0ek1zxpzy3,Cagliari Calcio,Cagliari,Cagliari,CAG,508629.0,3.0,1.0,0.0,0.0,0.0,0.0,0.0,0.0,0.0,0.0,0.0,0.0,0.0,0.0,Giuseppe,Aurelio,2000-03-22,26.49,124.0,24.0,Defender,Full Back,57iidaul9ucet0aq666t5z2wa,5rwlg5cfv1hu7yf0ek1zxpzy3,Cagliari Calcio,Cagliari,Cagliari,CAG,508629,57iidaul9ucet0aq666t5z2wa,124,5rwlg5cfv1hu7yf0ek1zxpzy3
Gonçalo Ramos,449980.0,3.0,270.0,1.0,1.46,-0.46,13.0,4.0,7.69,0.11,Gonçalo,Matias Ramos,2001-06-20,25.24,120.0,9.0,Forward,Striker,9v4l7ic3ve6d22c0gs9p1oe3u,9dntj5dioj5ex52yrgwzxrq9l,AC Milan,Milan,Milan,MIL,17.0,158.587,9.0,79.695,1.0,0.0,0.0,0.0,9.329,8.855,4.0,1.0,7.0,0.0,3.0,22.0,8.0,36.364,22.0,12.0,54.545,,,,,,,,,,449980.0,270.0,3.0,2.0,2.0,2.82,0.0,0.087,0.087,0.0,0.0,Gonçalo,Matias Ramos,2001-06-20,25.24,120.0,9.0,Forward,Striker,9v4l7ic3ve6d22c0gs9p1oe3u,9dntj5dioj5ex52yrgwzxrq9l,AC Milan,Milan,Milan,MIL,449980.0,270.0,3.0,74.0,52.0,70.27,20.0,13.0,65.0,0.0,0.0,0.0,0.0,0.0,0.0,Gonçalo,Matias Ramos,2001-06-20,25.24,120.0,9.0,Forward,Striker,9v4l7ic3ve6d22c0gs9p1oe3u,9dntj5dioj5ex52yrgwzxrq9l,AC Milan,Milan,Milan,MIL,449980,9v4l7ic3ve6d22c0gs9p1oe3u,120,9dntj5dioj5ex52yrgwzxrq9l
Guglielmo Vicario,,,,,,,,,,,,,,,,,,,,,,,,,,,,,,,,,,,,,,,,,,,,,,270.0,100.0,0.0,1.0,5.0,83.33,0.31,1.0,1.31,,,,,,,,,,,,,,,,,,,,,,,,,,,,,,,,,,,,,,,,,,,,,,,,,,,,,,,184254,h12c7ocq35slzrop3ltnrsnp,128,bqbbqm98ud8obe45ds9ohgyrd
Gustav Isaksen,449896.0,3.0,125.0,0.0,0.17,-0.17,3.0,0.0,0.0,0.06,Gustav,Isaksen,2001-04-19,25.41,129.0,11.0,Forward,Winger,5ec6f4mm3rwjm0fgis0k3cmp5,btcy9nra9ak4m22ovr2ia6m5v,SS Lazio,Lazio,Lazio,LAZ,15.0,216.802,11.0,148.26,1.0,0.0,0.0,0.0,14.453,13.478,1.0,0.0,8.0,1.0,4.0,12.0,6.0,50.0,6.0,2.0,33.333,,,,,,,,,,449896.0,125.0,3.0,1.0,1.0,2.22,0.0,0.039,0.039,0.0,0.0,Gustav,Isaksen,2001-04-19,25.41,129.0,11.0,Forward,Winger,5ec6f4mm3rwjm0fgis0k3cmp5,btcy9nra9ak4m22ovr2ia6m5v,SS Lazio,Lazio,Lazio,LAZ,449896.0,125.0,3.0,45.0,35.0,77.78,15.0,10.0,66.67,2.0,0.0,0.0,0.0,0.0,0.0,Gustav,Isaksen,2001-04-19,25.41,129.0,11.0,Forward,Winger,5ec6f4mm3rwjm0fgis0k3cmp5,btcy9nra9ak4m22ovr2ia6m5v,SS Lazio,Lazio,Lazio,LAZ,449896,5ec6f4mm3rwjm0fgis0k3cmp5,129,btcy9nra9ak4m22ovr2ia6m5v
Gustavo Varela,561812.0,2.0,173.0,2.0,0.9,1.1,6.0,2.0,33.33,0.15,Gustavo Miguel,Pereira Sousa Varela,2005-01-30,21.63,742.0,9.0,Forward,Striker,8smzjuaqx9238kylng11dgphw,67z1gqyiuzpmmb15q5fy7ntc4,AC Monza,Monza,Monza,MON,8.0,108.346,4.0,52.5,2.0,1.0,0.0,0.0,13.543,13.125,0.0,0.0,1.0,0.0,3.0,6.0,0.0,0.0,9.0,2.0,22.222,,,,,,,,,,561812.0,173.0,2.0,0.0,0.0,0.0,0.0,0.026,0.026,0.0,0.0,Gustavo Miguel,Pereira Sousa Varela,2005-01-30,21.63,742.0,9.0,Forward,Striker,8smzjuaqx9238kylng11dgphw,67z1gqyiuzpmmb15q5fy7ntc4,AC Monza,Monza,Monza,MON,561812.0,173.0,2.0,26.0,20.0,76.92,11.0,6.0,54.55,0.0,0.0,0.0,0.0,0.0,0.0,Gustavo Miguel,Pereira Sousa Varela,2005-01-30,21.63,742.0,9.0,Forward,Striker,8smzjuaqx9238kylng11dgphw,67z1gqyiuzpmmb15q5fy7ntc4,AC Monza,Monza,Monza,MON,561812,8smzjuaqx9238kylng11dgphw,742,67z1gqyiuzpmmb15q5fy7ntc4
Gvidas Gineitis,561003.0,3.0,227.0,0.0,0.08,-0.08,1.0,0.0,0.0,0.08,Gvidas,Gineitis,2004-04-15,22.42,135.0,66.0,Midfielder,Central Midfielder,6egg2gwvxxqv2i9hrr0zg4yz8,7gnly6999wao1xarwct4p8fe9,Torino FC,Torino,Torino,TOR,26.0,330.337,12.0,159.285,1.0,0.0,0.0,0.0,12.705,13.274,5.0,0.0,7.0,1.0,2.0,18.0,11.0,61.111,2.0,0.0,0.0,,,,,,,,,,561003.0,227.0,3.0,1.0,0.0,0.0,0.0,0.143,0.091,1.0,0.0,Gvidas,Gineitis,2004-04-15,22.42,135.0,66.0,Midfielder,Central Midfielder,6egg2gwvxxqv2i9hrr0zg4yz8,7gnly6999wao1xarwct4p8fe9,Torino FC,Torino,Torino,TOR,561003.0,227.0,3.0,70.0,57.0,81.43,18.0,14.0,77.78,3.0,0.0,0.0,0.0,0.0,0.0,Gvidas,Gineitis,2004-04-15,22.42,135.0,66.0,Midfielder,Central Midfielder,6egg2gwvxxqv2i9hrr0zg4yz8,7gnly6999wao1xarwct4p8fe9,Torino FC,Torino,Torino,TOR,561003,6egg2gwvxxqv2i9hrr0zg4yz8,135,7gnly6999wao1xarwct4p8fe9
Hakan Çalhanoglu,111732.0,3.0,137.0,2.0,0.1,1.9,3.0,2.0,66.67,0.03,Hakan,Çalhanoglu,1994-02-08,32.61,127.0,20.0,Midfielder,Attacking Midfielder,botfgp0oq4wqlwtcs9m90kded,3vo5mpj7catp66nrwwqiuhuup,FC Internazionale Milano,Internazionale,Inter,INT,27.0,255.075,10.0,68.67,0.0,0.0,1.0,0.0,9.447,6.867,4.0,3.0,13.0,2.0,0.0,10.0,5.0,50.0,1.0,1.0,100.0,,,,,,,,,,111732.0,137.0,3.0,5.0,3.0,2.04,40.0,0.257,0.112,0.0,0.0,Hakan,Çalhanoglu,1994-02-08,32.61,127.0,20.0,Midfielder,Attacking Midfielder,botfgp0oq4wqlwtcs9m90kded,3vo5mpj7catp66nrwwqiuhuup,FC Internazionale Milano,Internazionale,Inter,INT,111732.0,137.0,3.0,151.0,136.0,90.07,33.0,26.0,78.79,2.0,0.0,0.0,0.0,0.0,0.0,Hakan,Çalhanoglu,1994-02-08,32.61,127.0,20.0,Midfielder,Attacking Midfielder,botfgp0oq4wqlwtcs9m90kded,3vo5mpj7catp66nrwwqiuhuup,FC Internazionale Milano,Internazionale,Inter,INT,111732,botfgp0oq4wqlwtcs9m90kded,127,3vo5mpj7catp66nrwwqiuhuup
Hamed Traoré,424044.0,0.0,0.0,0.0,0.0,0.0,0.0,0.0,0.0,0.0,Hamed,Traoré,2000-02-16,26.59,990.0,25.0,Midfielder,Attacking Midfielder,424044,4kumqzwifv478caxed8zywlh3,Genoa CFC,Genoa,Genoa,GEN,0.0,0.0,0.0,0.0,0.0,0.0,0.0,0.0,0.0,0.0,0.0,0.0,0.0,0.0,0.0,0.0,0.0,0.0,0.0,0.0,0.0,,,,,,,,,,424044.0,0.0,0.0,0.0,0.0,0.0,0.0,0.0,0.0,0.0,0.0,Hamed,Traoré,2000-02-16,26.59,990.0,25.0,Midfielder,Attacking Midfielder,424044,4kumqzwifv478caxed8zywlh3,Genoa CFC,Genoa,Genoa,GEN,424044.0,0.0,0.0,0.0,0.0,0.0,0.0,0.0,0.0,0.0,0.0,0.0,0.0,0.0,0.0,Hamed,Traoré,2000-02-16,26.59,990.0,25.0,Midfielder,Attacking Midfielder,424044,4kumqzwifv478caxed8zywlh3,Genoa CFC,Genoa,Genoa,GEN,424044,424044,990,4kumqzwifv478caxed8zywlh3
Harry Winks,157668.0,3.0,237.0,0.0,0.09,-0.09,3.0,1.0,0.0,0.03,Harry,Winks,1996-02-02,30.63,124.0,6.0,Midfielder,Defensive Midfielder,5qfa3h4gut5jlnfkexq5m1djp,5rwlg5cfv1hu7yf0ek1zxpzy3,Cagliari Calcio,Cagliari,Cagliari,CAG,27.0,221.118,8.0,60.48,0.0,0.0,0.0,0.0,8.19,7.56,1.0,5.0,12.0,2.0,4.0,10.0,3.0,30.0,1.0,1.0,100.0,,,,,,,,,,157668.0,237.0,3.0,0.0,0.0,0.0,0.0,0.071,0.07,0.0,0.0,Harry,Winks,1996-02-02,30.63,124.0,6.0,Midfielder,Defensive Midfielder,5qfa3h4gut5jlnfkexq5m1djp,5rwlg5cfv1hu7yf0ek1zxpzy3,Cagliari Calcio,Cagliari,Cagliari,CAG,157668.0,237.0,3.0,137.0,123.0,89.78,31.0,25.0,80.65,1.0,0.0,0.0,0.0,0.0,0.0,Harry,Winks,1996-02-02,30.63,124.0,6.0,Midfielder,Defensive Midfielder,5qfa3h4gut5jlnfkexq5m1djp,5rwlg5cfv1hu7yf0ek1zxpzy3,Cagliari Calcio,Cagliari,Cagliari,CAG,157668,5qfa3h4gut5jlnfkexq5m1djp,124,5rwlg5cfv1hu7yf0ek1zxpzy3
Hassane Kamara,171099.0,3.0,270.0,2.0,0.74,1.26,7.0,5.0,28.57,0.11,Hassane,Kamara,1994-03-05,32.54,136.0,11.0,Defender,Full Back,95qrrtlyz4ikkzjbgy6exbnit,dxq76zcvnokq07cszdx0i6kve,Udinese Calcio,Udinese,Udinese,UDI,38.0,464.05,25.0,305.655,3.0,1.0,0.0,0.0,12.212,12.226,9.0,3.0,11.0,1.0,8.0,17.0,12.0,70.588,3.0,0.0,0.0,,,,,,,,,,171099.0,270.0,3.0,1.0,1.0,0.0,0.0,0.098,0.097,1.0,1.0,Hassane,Kamara,1994-03-05,32.54,136.0,11.0,Defender,Full Back,95qrrtlyz4ikkzjbgy6exbnit,dxq76zcvnokq07cszdx0i6kve,Udinese Calcio,Udinese,Udinese,UDI,171099.0,270.0,3.0,86.0,66.0,76.74,28.0,19.0,67.86,10.0,2.0,20.0,0.0,0.0,0.0,Hassane,Kamara,1994-03-05,32.54,136.0,11.0,Defender,Full Back,95qrrtlyz4ikkzjbgy6exbnit,dxq76zcvnokq07cszdx0i6kve,Udinese Calcio,Udinese,Udinese,UDI,171099,95qrrtlyz4ikkzjbgy6exbnit,136,dxq76zcvnokq07cszdx0i6kve
Henrikh Mkhitaryan,57249.0,0.0,0.0,0.0,0.0,0.0,0.0,0.0,0.0,0.0,Henrikh,Mkhitaryan,1989-01-21,37.66,127.0,22.0,Midfielder,Attacking Midfielder,57249,3vo5mpj7catp66nrwwqiuhuup,FC Internazionale Milano,Internazionale,Inter,INT,0.0,0.0,0.0,0.0,0.0,0.0,0.0,0.0,0.0,0.0,0.0,0.0,0.0,0.0,0.0,0.0,0.0,0.0,0.0,0.0,0.0,,,,,,,,,,57249.0,0.0,0.0,0.0,0.0,0.0,0.0,0.0,0.0,0.0,0.0,Henrikh,Mkhitaryan,1989-01-21,37.66,127.0,22.0,Midfielder,Attacking Midfielder,57249,3vo5mpj7catp66nrwwqiuhuup,FC Internazionale Milano,Internazionale,Inter,INT,57249.0,0.0,0.0,0.0,0.0,0.0,0.0,0.0,0.0,0.0,0.0,0.0,0.0,0.0,0.0,Henrikh,Mkhitaryan,1989-01-21,37.66,127.0,22.0,Midfielder,Attacking Midfielder,57249,3vo5mpj7catp66nrwwqiuhuup,FC Internazionale Milano,Internazionale,Inter,INT,57249,57249,127,3vo5mpj7catp66nrwwqiuhuup
Hjalte Lærke,670530.0,0.0,0.0,0.0,0.0,0.0,0.0,0.0,0.0,0.0,Hjalte,Lærke,2007-04-23,19.4,130.0,34.0,Forward,Winger,670530,bi1fxjrncd0ram0oi7ja1jyuo,US Lecce,Lecce,Lecce,LEC,0.0,0.0,0.0,0.0,0.0,0.0,0.0,0.0,0.0,0.0,0.0,0.0,0.0,0.0,0.0,0.0,0.0,0.0,0.0,0.0,0.0,,,,,,,,,,670530.0,0.0,0.0,0.0,0.0,0.0,0.0,0.0,0.0,0.0,0.0,Hjalte,Lærke,2007-04-23,19.4,130.0,34.0,Forward,Winger,670530,bi1fxjrncd0ram0oi7ja1jyuo,US Lecce,Lecce,Lecce,LEC,670530.0,0.0,0.0,0.0,0.0,0.0,0.0,0.0,0.0,0.0,0.0,0.0,0.0,0.0,0.0,Hjalte,Lærke,2007-04-23,19.4,130.0,34.0,Forward,Winger,670530,bi1fxjrncd0ram0oi7ja1jyuo,US Lecce,Lecce,Lecce,LEC,670530,670530,130,bi1fxjrncd0ram0oi7ja1jyuo
Ibrahim Sulemana,588753.0,1.0,30.0,0.0,0.0,0.0,0.0,0.0,0.0,0.0,Ibrahim,Sulemana,2003-05-22,23.32,2182.0,55.0,Midfielder,Defensive Midfielder,8kdamc6zz4bskby51c59uuntg,6tuibxq39fdryu8ou06wcm0q3,US Sassuolo Calcio,Sassuolo,Sassuolo,SAS,5.0,52.881,2.0,12.39,0.0,0.0,0.0,0.0,10.576,6.195,0.0,0.0,3.0,1.0,2.0,1.0,1.0,100.0,1.0,1.0,100.0,,,,,,,,,,588753.0,30.0,1.0,0.0,0.0,0.0,0.0,0.003,0.003,0.0,0.0,Ibrahim,Sulemana,2003-05-22,23.32,2182.0,55.0,Midfielder,Defensive Midfielder,8kdamc6zz4bskby51c59uuntg,6tuibxq39fdryu8ou06wcm0q3,US Sassuolo Calcio,Sassuolo,Sassuolo,SAS,588753.0,30.0,1.0,26.0,25.0,96.15,1.0,1.0,100.0,0.0,0.0,0.0,0.0,0.0,0.0,Ibrahim,Sulemana,2003-05-22,23.32,2182.0,55.0,Midfielder,Defensive Midfielder,8kdamc6zz4bskby51c59uuntg,6tuibxq39fdryu8ou06wcm0q3,US Sassuolo Calcio,Sassuolo,Sassuolo,SAS,588753,8kdamc6zz4bskby51c59uuntg,2182,6tuibxq39fdryu8ou06wcm0q3
Idrissa Gueye,632811.0,2.0,94.0,0.0,0.47,-0.47,4.0,0.0,0.0,0.12,Idrissa,Gueye,2006-09-16,20.0,136.0,7.0,Forward,Striker,71u496icvidir8qgjqut39qms,dxq76zcvnokq07cszdx0i6kve,Udinese Calcio,Udinese,Udinese,UDI,10.0,91.162,3.0,4.725,0.0,0.0,1.0,0.0,9.116,1.575,0.0,0.0,2.0,0.0,2.0,6.0,2.0,33.333,18.0,10.0,55.556,,,,,,,,,,632811.0,94.0,2.0,2.0,2.0,8.33,0.0,0.023,0.023,0.0,0.0,Idrissa,Gueye,2006-09-16,20.0,136.0,7.0,Forward,Striker,71u496icvidir8qgjqut39qms,dxq76zcvnokq07cszdx0i6kve,Udinese Calcio,Udinese,Udinese,UDI,632811.0,94.0,2.0,25.0,15.0,60.0,9.0,4.0,44.44,0.0,0.0,0.0,0.0,0.0,0.0,Idrissa,Gueye,2006-09-16,20.0,136.0,7.0,Forward,Striker,71u496icvidir8qgjqut39qms,dxq76zcvnokq07cszdx0i6kve,Udinese Calcio,Udinese,Udinese,UDI,632811,71u496icvidir8qgjqut39qms,136,dxq76zcvnokq07cszdx0i6kve
Ignace Van der Brempt,248882.0,0.0,0.0,0.0,0.0,0.0,0.0,0.0,0.0,0.0,Ignace,Van der Brempt,2002-04-01,24.46,2182.0,20.0,Defender,Full Back,248882,6tuibxq39fdryu8ou06wcm0q3,US Sassuolo Calcio,Sassuolo,Sassuolo,SAS,0.0,0.0,0.0,0.0,0.0,0.0,0.0,0.0,0.0,0.0,0.0,0.0,0.0,0.0,0.0,0.0,0.0,0.0,0.0,0.0,0.0,,,,,,,,,,248882.0,0.0,0.0,0.0,0.0,0.0,0.0,0.0,0.0,0.0,0.0,Ignace,Van der Brempt,2002-04-01,24.46,2182.0,20.0,Defender,Full Back,248882,6tuibxq39fdryu8ou06wcm0q3,US Sassuolo Calcio,Sassuolo,Sassuolo,SAS,248882.0,0.0,0.0,0.0,0.0,0.0,0.0,0.0,0.0,0.0,0.0,0.0,0.0,0.0,0.0,Ignace,Van der Brempt,2002-04-01,24.46,2182.0,20.0,Defender,Full Back,248882,6tuibxq39fdryu8ou06wcm0q3,US Sassuolo Calcio,Sassuolo,Sassuolo,SAS,248882,248882,2182,6tuibxq39fdryu8ou06wcm0q3
Ilario Monterisi,499207.0,3.0,168.0,0.0,0.19,-0.19,3.0,1.0,0.0,0.06,Ilario,Monterisi,2001-12-19,24.75,2037.0,30.0,Defender,Central Defender,cbzfr0b3pjiknahduv488ogoa,5khizzei8z0qbb7exz622wxw3,Frosinone Calcio,Frosinone,Frosinone,FRO,6.0,77.016,5.0,59.745,0.0,0.0,0.0,0.0,12.836,11.949,6.0,3.0,1.0,1.0,13.0,13.0,7.0,53.846,6.0,1.0,16.667,,,,,,,,,,499207.0,168.0,3.0,1.0,1.0,2.94,0.0,0.01,0.01,0.0,0.0,Ilario,Monterisi,2001-12-19,24.75,2037.0,30.0,Defender,Central Defender,cbzfr0b3pjiknahduv488ogoa,5khizzei8z0qbb7exz622wxw3,Frosinone Calcio,Frosinone,Frosinone,FRO,499207.0,168.0,3.0,37.0,26.0,70.27,10.0,5.0,50.0,0.0,0.0,0.0,0.0,0.0,0.0,Ilario,Monterisi,2001-12-19,24.75,2037.0,30.0,Defender,Central Defender,cbzfr0b3pjiknahduv488ogoa,5khizzei8z0qbb7exz622wxw3,Frosinone Calcio,Frosinone,Frosinone,FRO,499207,cbzfr0b3pjiknahduv488ogoa,2037,5khizzei8z0qbb7exz622wxw3
Ilias Koutsoupias,492199.0,0.0,0.0,0.0,0.0,0.0,0.0,0.0,0.0,0.0,Ilias,Koutsoupias,2001-05-10,25.36,2037.0,8.0,Midfielder,Central Midfielder,492199,5khizzei8z0qbb7exz622wxw3,Frosinone Calcio,Frosinone,Frosinone,FRO,0.0,0.0,0.0,0.0,0.0,0.0,0.0,0.0,0.0,0.0,0.0,0.0,0.0,0.0,0.0,0.0,0.0,0.0,0.0,0.0,0.0,,,,,,,,,,492199.0,0.0,0.0,0.0,0.0,0.0,0.0,0.0,0.0,0.0,0.0,Ilias,Koutsoupias,2001-05-10,25.36,2037.0,8.0,Midfielder,Central Midfielder,492199,5khizzei8z0qbb7exz622wxw3,Frosinone Calcio,Frosinone,Frosinone,FRO,492199.0,0.0,0.0,0.0,0.0,0.0,0.0,0.0,0.0,0.0,0.0,0.0,0.0,0.0,0.0,Ilias,Koutsoupias,2001-05-10,25.36,2037.0,8.0,Midfielder,Central Midfielder,492199,5khizzei8z0qbb7exz622wxw3,Frosinone Calcio,Frosinone,Frosinone,FRO,492199,492199,2037,5khizzei8z0qbb7exz622wxw3
Ivan Ilic,430848.0,2.0,84.0,0.0,0.05,-0.05,1.0,0.0,0.0,0.05,Ivan,Ilic,2001-03-17,25.5,130.0,20.0,Midfielder,Central Midfielder,7hwj9pf9roe74jifvuhiu6n6x,bi1fxjrncd0ram0oi7ja1jyuo,US Lecce,Lecce,Lecce,LEC,19.0,169.831,5.0,50.925,0.0,0.0,0.0,0.0,8.938,10.185,1.0,0.0,6.0,0.0,2.0,5.0,1.0,20.0,0.0,0.0,0.0,,,,,,,,,,430848.0,84.0,2.0,1.0,1.0,1.43,0.0,0.068,0.068,0.0,0.0,Ivan,Ilic,2001-03-17,25.5,130.0,20.0,Midfielder,Central Midfielder,7hwj9pf9roe74jifvuhiu6n6x,bi1fxjrncd0ram0oi7ja1jyuo,US Lecce,Lecce,Lecce,LEC,430848.0,84.0,2.0,73.0,69.0,94.52,14.0,12.0,85.71,1.0,0.0,0.0,0.0,0.0,0.0,Ivan,Ilic,2001-03-17,25.5,130.0,20.0,Midfielder,Central Midfielder,7hwj9pf9roe74jifvuhiu6n6x,bi1fxjrncd0ram0oi7ja1jyuo,US Lecce,Lecce,Lecce,LEC,430848,7hwj9pf9roe74jifvuhiu6n6x,130,bi1fxjrncd0ram0oi7ja1jyuo
Ivan Smolcic,510565.0,2.0,33.0,0.0,0.0,0.0,0.0,0.0,0.0,0.0,Ivan,Smolcic,2000-08-17,26.08,1065.0,28.0,Defender,Full Back,94qw1jp87gqyvae89n11z05ey,6uzfw7ahyxg4wrrfxo5u7qt0n,Calcio Como 1907,Como,Como,COM,3.0,16.102,0.0,-7.035,0.0,0.0,0.0,0.0,5.367,0.0,2.0,2.0,1.0,0.0,4.0,4.0,3.0,75.0,0.0,0.0,0.0,,,,,,,,,,510565.0,33.0,2.0,0.0,0.0,0.0,0.0,0.001,0.001,0.0,0.0,Ivan,Smolcic,2000-08-17,26.08,1065.0,28.0,Defender,Full Back,94qw1jp87gqyvae89n11z05ey,6uzfw7ahyxg4wrrfxo5u7qt0n,Calcio Como 1907,Como,Como,COM,510565.0,33.0,2.0,16.0,12.0,75.0,4.0,1.0,25.0,0.0,0.0,0.0,0.0,0.0,0.0,Ivan,Smolcic,2000-08-17,26.08,1065.0,28.0,Defender,Full Back,94qw1jp87gqyvae89n11z05ey,6uzfw7ahyxg4wrrfxo5u7qt0n,Calcio Como 1907,Como,Como,COM,510565,94qw1jp87gqyvae89n11z05ey,1065,6uzfw7ahyxg4wrrfxo5u7qt0n
Ivan Sulev,572156.0,0.0,0.0,0.0,0.0,0.0,0.0,0.0,0.0,0.0,Ivan,Sulev,2006-09-11,20.01,124.0,32.0,Midfielder,Central Midfielder,572156,5rwlg5cfv1hu7yf0ek1zxpzy3,Cagliari Calcio,Cagliari,Cagliari,CAG,0.0,0.0,0.0,0.0,0.0,0.0,0.0,0.0,0.0,0.0,0.0,0.0,0.0,0.0,0.0,0.0,0.0,0.0,0.0,0.0,0.0,,,,,,,,,,572156.0,0.0,0.0,0.0,0.0,0.0,0.0,0.0,0.0,0.0,0.0,Ivan,Sulev,2006-09-11,20.01,124.0,32.0,Midfielder,Central Midfielder,572156,5rwlg5cfv1hu7yf0ek1zxpzy3,Cagliari Calcio,Cagliari,Cagliari,CAG,572156.0,0.0,0.0,0.0,0.0,0.0,0.0,0.0,0.0,0.0,0.0,0.0,0.0,0.0,0.0,Ivan,Sulev,2006-09-11,20.01,124.0,32.0,Midfielder,Central Midfielder,572156,5rwlg5cfv1hu7yf0ek1zxpzy3,Cagliari Calcio,Cagliari,Cagliari,CAG,572156,572156,124,5rwlg5cfv1hu7yf0ek1zxpzy3
Iván Azón,503798.0,0.0,0.0,0.0,0.0,0.0,0.0,0.0,0.0,0.0,Iván,Azón,2002-12-24,23.73,1065.0,90.0,Forward,Striker,503798,6uzfw7ahyxg4wrrfxo5u7qt0n,Calcio Como 1907,Como,Como,COM,0.0,0.0,0.0,0.0,0.0,0.0,0.0,0.0,0.0,0.0,0.0,0.0,0.0,0.0,0.0,0.0,0.0,0.0,0.0,0.0,0.0,,,,,,,,,,503798.0,0.0,0.0,0.0,0.0,0.0,0.0,0.0,0.0,0.0,0.0,Iván,Azón,2002-12-24,23.73,1065.0,90.0,Forward,Striker,503798,6uzfw7ahyxg4wrrfxo5u7qt0n,Calcio Como 1907,Como,Como,COM,503798.0,0.0,0.0,0.0,0.0,0.0,0.0,0.0,0.0,0.0,0.0,0.0,0.0,0.0,0.0,Iván,Azón,2002-12-24,23.73,1065.0,90.0,Forward,Striker,503798,6uzfw7ahyxg4wrrfxo5u7qt0n,Calcio Como 1907,Como,Como,COM,503798,503798,1065,6uzfw7ahyxg4wrrfxo5u7qt0n
Jacobo Ramón,592991.0,3.0,270.0,0.0,0.24,-0.24,3.0,1.0,0.0,0.08,Jacobo,Ramón,2005-01-06,21.69,1065.0,4.0,Defender,Central Defender,2b1aq7e51fjbukd3muxfthd78,6uzfw7ahyxg4wrrfxo5u7qt0n,Calcio Como 1907,Como,Como,COM,37.0,351.717,23.0,232.26,0.0,0.0,0.0,0.0,9.506,10.098,6.0,2.0,13.0,1.0,12.0,13.0,8.0,61.538,10.0,7.0,70.0,,,,,,,,,,592991.0,270.0,3.0,2.0,1.0,0.47,50.0,0.059,0.059,0.0,0.0,Jacobo,Ramón,2005-01-06,21.69,1065.0,4.0,Defender,Central Defender,2b1aq7e51fjbukd3muxfthd78,6uzfw7ahyxg4wrrfxo5u7qt0n,Calcio Como 1907,Como,Como,COM,592991.0,270.0,3.0,222.0,209.0,94.14,32.0,29.0,90.63,1.0,0.0,0.0,0.0,0.0,0.0,Jacobo,Ramón,2005-01-06,21.69,1065.0,4.0,Defender,Central Defender,2b1aq7e51fjbukd3muxfthd78,6uzfw7ahyxg4wrrfxo5u7qt0n,Calcio Como 1907,Como,Como,COM,592991,2b1aq7e51fjbukd3muxfthd78,1065,6uzfw7ahyxg4wrrfxo5u7qt0n
Jacopo Fazzini,550095.0,3.0,184.0,0.0,0.15,-0.15,4.0,1.0,0.0,0.04,Jacopo,Fazzini,2003-03-16,23.51,124.0,10.0,Midfielder,Central Midfielder,6e9fu9o226zn6jzx02jutvi3u,5rwlg5cfv1hu7yf0ek1zxpzy3,Cagliari Calcio,Cagliari,Cagliari,CAG,22.0,222.115,11.0,115.395,1.0,0.0,0.0,0.0,10.096,10.49,3.0,4.0,13.0,0.0,3.0,26.0,12.0,46.154,0.0,0.0,0.0,,,,,,,,,,550095.0,184.0,3.0,4.0,0.0,0.0,75.0,0.348,0.037,1.0,0.0,Jacopo,Fazzini,2003-03-16,23.51,124.0,10.0,Midfielder,Central Midfielder,6e9fu9o226zn6jzx02jutvi3u,5rwlg5cfv1hu7yf0ek1zxpzy3,Cagliari Calcio,Cagliari,Cagliari,CAG,550095.0,184.0,3.0,76.0,66.0,86.84,24.0,18.0,75.0,3.0,0.0,0.0,0.0,0.0,0.0,Jacopo,Fazzini,2003-03-16,23.51,124.0,10.0,Midfielder,Central Midfielder,6e9fu9o226zn6jzx02jutvi3u,5rwlg5cfv1hu7yf0ek1zxpzy3,Cagliari Calcio,Cagliari,Cagliari,CAG,550095,6e9fu9o226zn6jzx02jutvi3u,124,5rwlg5cfv1hu7yf0ek1zxpzy3
Jakub Piotrowski,219155.0,3.0,146.0,1.0,0.45,0.55,4.0,1.0,25.0,0.11,Jakub,Piotrowski,1997-10-04,28.96,136.0,24.0,Midfielder,0,7qk6gr48g3n1jfzz2tgb3iz1l,dxq76zcvnokq07cszdx0i6kve,Udinese Calcio,Udinese,Udinese,UDI,24.0,343.263,12.0,179.235,0.0,0.0,3.0,0.0,14.303,14.936,3.0,0.0,6.0,1.0,4.0,12.0,7.0,58.333,2.0,1.0,50.0,,,,,,,,,,219155.0,146.0,3.0,3.0,3.0,4.62,0.0,0.048,0.048,0.0,0.0,Jakub,Piotrowski,1997-10-04,28.96,136.0,24.0,Midfielder,0,7qk6gr48g3n1jfzz2tgb3iz1l,dxq76zcvnokq07cszdx0i6kve,Udinese Calcio,Udinese,Udinese,UDI,219155.0,146.0,3.0,65.0,59.0,90.77,16.0,14.0,87.5,0.0,0.0,0.0,1.0,0.0,0.0,Jakub,Piotrowski,1997-10-04,28.96,136.0,24.0,Midfielder,0,7qk6gr48g3n1jfzz2tgb3iz1l,dxq76zcvnokq07cszdx0i6kve,Udinese Calcio,Udinese,Udinese,UDI,219155,7qk6gr48g3n1jfzz2tgb3iz1l,136,dxq76zcvnokq07cszdx0i6kve
Jamal Iddrissou,669929.0,0.0,0.0,0.0,0.0,0.0,0.0,0.0,0.0,0.0,Jamal,Iddrissou,2007-09-22,18.98,127.0,52.0,Forward,0,669929,3vo5mpj7catp66nrwwqiuhuup,FC Internazionale Milano,Internazionale,Inter,INT,0.0,0.0,0.0,0.0,0.0,0.0,0.0,0.0,0.0,0.0,0.0,0.0,0.0,0.0,0.0,0.0,0.0,0.0,0.0,0.0,0.0,,,,,,,,,,669929.0,0.0,0.0,0.0,0.0,0.0,0.0,0.0,0.0,0.0,0.0,Jamal,Iddrissou,2007-09-22,18.98,127.0,52.0,Forward,0,669929,3vo5mpj7catp66nrwwqiuhuup,FC Internazionale Milano,Internazionale,Inter,INT,669929.0,0.0,0.0,0.0,0.0,0.0,0.0,0.0,0.0,0.0,0.0,0.0,0.0,0.0,0.0,Jamal,Iddrissou,2007-09-22,18.98,127.0,52.0,Forward,0,669929,3vo5mpj7catp66nrwwqiuhuup,FC Internazionale Milano,Internazionale,Inter,INT,669929,669929,127,3vo5mpj7catp66nrwwqiuhuup
James Abankwah,491266.0,3.0,256.0,0.0,0.0,0.0,0.0,0.0,0.0,0.0,James,Abankwah,2004-01-16,22.67,136.0,14.0,Defender,Full Back,8e4wkgb71btkez592um5vts0k,dxq76zcvnokq07cszdx0i6kve,Udinese Calcio,Udinese,Udinese,UDI,25.0,276.029,13.0,155.715,0.0,0.0,1.0,0.0,11.041,11.978,5.0,1.0,14.0,4.0,12.0,17.0,7.0,41.176,5.0,2.0,40.0,,,,,,,,,,491266.0,256.0,3.0,1.0,1.0,1.12,0.0,0.138,0.137,0.0,0.0,James,Abankwah,2004-01-16,22.67,136.0,14.0,Defender,Full Back,8e4wkgb71btkez592um5vts0k,dxq76zcvnokq07cszdx0i6kve,Udinese Calcio,Udinese,Udinese,UDI,491266.0,256.0,3.0,93.0,81.0,87.1,15.0,10.0,66.67,1.0,0.0,0.0,1.0,1.0,100.0,James,Abankwah,2004-01-16,22.67,136.0,14.0,Defender,Full Back,8e4wkgb71btkez592um5vts0k,dxq76zcvnokq07cszdx0i6kve,Udinese Calcio,Udinese,Udinese,UDI,491266,8e4wkgb71btkez592um5vts0k,136,dxq76zcvnokq07cszdx0i6kve
Jamil Siebert,514410.0,3.0,204.0,0.0,0.17,-0.17,1.0,0.0,0.0,0.17,Jamil,Siebert,2002-04-02,24.46,130.0,5.0,Defender,Central Defender,2izep8yz4gavm10cvf82py5pm,bi1fxjrncd0ram0oi7ja1jyuo,US Lecce,Lecce,Lecce,LEC,17.0,192.099,13.0,139.23,0.0,0.0,2.0,0.0,11.3,10.71,4.0,5.0,6.0,0.0,13.0,14.0,8.0,57.143,3.0,2.0,66.667,,,,,,,,,,514410.0,204.0,3.0,2.0,2.0,3.08,0.0,0.268,0.267,0.0,0.0,Jamil,Siebert,2002-04-02,24.46,130.0,5.0,Defender,Central Defender,2izep8yz4gavm10cvf82py5pm,bi1fxjrncd0ram0oi7ja1jyuo,US Lecce,Lecce,Lecce,LEC,514410.0,204.0,3.0,76.0,59.0,77.63,9.0,3.0,33.33,1.0,1.0,100.0,0.0,0.0,0.0,Jamil,Siebert,2002-04-02,24.46,130.0,5.0,Defender,Central Defender,2izep8yz4gavm10cvf82py5pm,bi1fxjrncd0ram0oi7ja1jyuo,US Lecce,Lecce,Lecce,LEC,514410,2izep8yz4gavm10cvf82py5pm,130,bi1fxjrncd0ram0oi7ja1jyuo
Jan Ziólkowski,609659.0,0.0,0.0,0.0,0.0,0.0,0.0,0.0,0.0,0.0,Jan,Ziólkowski,2005-06-05,21.28,121.0,24.0,Defender,Central Defender,609659,2tk2l9sgktwc9jhzqdd4mpdtb,AS Roma,Roma,Roma,ROM,0.0,0.0,0.0,0.0,0.0,0.0,0.0,0.0,0.0,0.0,0.0,0.0,0.0,0.0,0.0,0.0,0.0,0.0,0.0,0.0,0.0,,,,,,,,,,609659.0,0.0,0.0,0.0,0.0,0.0,0.0,0.0,0.0,0.0,0.0,Jan,Ziólkowski,2005-06-05,21.28,121.0,24.0,Defender,Central Defender,609659,2tk2l9sgktwc9jhzqdd4mpdtb,AS Roma,Roma,Roma,ROM,609659.0,0.0,0.0,0.0,0.0,0.0,0.0,0.0,0.0,0.0,0.0,0.0,0.0,0.0,0.0,Jan,Ziólkowski,2005-06-05,21.28,121.0,24.0,Defender,Central Defender,609659,2tk2l9sgktwc9jhzqdd4mpdtb,AS Roma,Roma,Roma,ROM,609659,609659,121,2tk2l9sgktwc9jhzqdd4mpdtb
Jay Enem,551209.0,0.0,0.0,0.0,0.0,0.0,0.0,0.0,0.0,0.0,Jay,Enem,2003-03-11,23.52,123.0,22.0,Forward,0,551209,ej5er0oyngdw138yuumwqbyqt,Bologna FC 1909,Bologna,Bologna,BOL,0.0,0.0,0.0,0.0,0.0,0.0,0.0,0.0,0.0,0.0,0.0,0.0,0.0,0.0,0.0,0.0,0.0,0.0,0.0,0.0,0.0,,,,,,,,,,551209.0,0.0,0.0,0.0,0.0,0.0,0.0,0.0,0.0,0.0,0.0,Jay,Enem,2003-03-11,23.52,123.0,22.0,Forward,0,551209,ej5er0oyngdw138yuumwqbyqt,Bologna FC 1909,Bologna,Bologna,BOL,551209.0,0.0,0.0,0.0,0.0,0.0,0.0,0.0,0.0,0.0,0.0,0.0,0.0,0.0,0.0,Jay,Enem,2003-03-11,23.52,123.0,22.0,Forward,0,551209,ej5er0oyngdw138yuumwqbyqt,Bologna FC 1909,Bologna,Bologna,BOL,551209,551209,123,ej5er0oyngdw138yuumwqbyqt
Jay Idzes,449722.0,2.0,180.0,0.0,0.0,0.0,0.0,0.0,0.0,0.0,Jay,Idzes,2000-06-02,26.29,2182.0,21.0,Defender,Central Defender,7nfr8xuo637qma7ovxx4r9fmy,6tuibxq39fdryu8ou06wcm0q3,US Sassuolo Calcio,Sassuolo,Sassuolo,SAS,12.0,112.082,4.0,22.26,0.0,0.0,0.0,0.0,9.34,5.565,0.0,1.0,4.0,3.0,9.0,4.0,1.0,25.0,4.0,2.0,50.0,,,,,,,,,,449722.0,180.0,2.0,1.0,1.0,1.64,0.0,0.009,0.007,0.0,0.0,Jay,Idzes,2000-06-02,26.29,2182.0,21.0,Defender,Central Defender,7nfr8xuo637qma7ovxx4r9fmy,6tuibxq39fdryu8ou06wcm0q3,US Sassuolo Calcio,Sassuolo,Sassuolo,SAS,449722.0,180.0,2.0,63.0,58.0,92.06,11.0,9.0,81.82,1.0,0.0,0.0,0.0,0.0,0.0,Jay,Idzes,2000-06-02,26.29,2182.0,21.0,Defender,Central Defender,7nfr8xuo637qma7ovxx4r9fmy,6tuibxq39fdryu8ou06wcm0q3,US Sassuolo Calcio,Sassuolo,Sassuolo,SAS,449722,7nfr8xuo637qma7ovxx4r9fmy,2182,6tuibxq39fdryu8ou06wcm0q3
Jay Robinson,495024.0,2.0,88.0,1.0,0.03,0.97,1.0,1.0,100.0,0.03,Jay,Robinson,2007-03-15,19.51,742.0,46.0,Forward,Winger,5mjnwh7z3nk3g8kipl6a69ses,67z1gqyiuzpmmb15q5fy7ntc4,AC Monza,Monza,Monza,MON,12.0,132.975,8.0,83.16,1.0,1.0,0.0,0.0,11.081,10.395,2.0,0.0,3.0,0.0,0.0,13.0,8.0,61.538,1.0,1.0,100.0,,,,,,,,,,495024.0,88.0,2.0,0.0,0.0,0.0,0.0,0.017,0.016,0.0,0.0,Jay,Robinson,2007-03-15,19.51,742.0,46.0,Forward,Winger,5mjnwh7z3nk3g8kipl6a69ses,67z1gqyiuzpmmb15q5fy7ntc4,AC Monza,Monza,Monza,MON,495024.0,88.0,2.0,19.0,15.0,78.95,6.0,5.0,83.33,2.0,0.0,0.0,0.0,0.0,0.0,Jay,Robinson,2007-03-15,19.51,742.0,46.0,Forward,Winger,5mjnwh7z3nk3g8kipl6a69ses,67z1gqyiuzpmmb15q5fy7ntc4,AC Monza,Monza,Monza,MON,495024,5mjnwh7z3nk3g8kipl6a69ses,742,67z1gqyiuzpmmb15q5fy7ntc4
Jean Butez,,,,,,,,,,,,,,,,,,,,,,,,,,,,,,,,,,,,,,,,,,,,,,270.0,100.0,0.0,3.0,4.0,57.14,-0.77,0.67,2.23,,,,,,,,,,,,,,,,,,,,,,,,,,,,,,,,,,,,,,,,,,,,,,,,,,,,,,,201559,r0hm6ahwcvdu57bgfi5zkslx,1065,6uzfw7ahyxg4wrrfxo5u7qt0n
Jeff Ekhator,606408.0,0.0,0.0,0.0,0.0,0.0,0.0,0.0,0.0,0.0,Jeff,Ekhator,2006-11-11,19.85,128.0,18.0,Forward,Striker,606408,bqbbqm98ud8obe45ds9ohgyrd,Juventus FC,Juventus,Juventus,JUV,0.0,0.0,0.0,0.0,0.0,0.0,0.0,0.0,0.0,0.0,0.0,0.0,0.0,0.0,0.0,0.0,0.0,0.0,0.0,0.0,0.0,,,,,,,,,,606408.0,0.0,0.0,0.0,0.0,0.0,0.0,0.0,0.0,0.0,0.0,Jeff,Ekhator,2006-11-11,19.85,128.0,18.0,Forward,Striker,606408,bqbbqm98ud8obe45ds9ohgyrd,Juventus FC,Juventus,Juventus,JUV,606408.0,0.0,0.0,0.0,0.0,0.0,0.0,0.0,0.0,0.0,0.0,0.0,0.0,0.0,0.0,Jeff,Ekhator,2006-11-11,19.85,128.0,18.0,Forward,Striker,606408,bqbbqm98ud8obe45ds9ohgyrd,Juventus FC,Juventus,Juventus,JUV,606408,606408,128,bqbbqm98ud8obe45ds9ohgyrd
Jens Odgaard,219117.0,3.0,195.0,0.0,0.81,-0.81,6.0,1.0,0.0,0.13,Jens,Odgaard,1999-03-31,27.47,123.0,21.0,Forward,Striker,1t7nph4960rjzu7rgi47sf8ix,ej5er0oyngdw138yuumwqbyqt,Bologna FC 1909,Bologna,Bologna,BOL,26.0,272.855,10.0,55.335,2.0,0.0,2.0,0.0,10.494,5.534,1.0,1.0,2.0,0.0,1.0,24.0,10.0,41.667,1.0,0.0,0.0,,,,,,,,,,219117.0,195.0,3.0,2.0,2.0,4.65,0.0,0.194,0.193,0.0,0.0,Jens,Odgaard,1999-03-31,27.47,123.0,21.0,Forward,Striker,1t7nph4960rjzu7rgi47sf8ix,ej5er0oyngdw138yuumwqbyqt,Bologna FC 1909,Bologna,Bologna,BOL,219117.0,195.0,3.0,45.0,36.0,80.0,15.0,12.0,80.0,1.0,0.0,0.0,1.0,1.0,100.0,Jens,Odgaard,1999-03-31,27.47,123.0,21.0,Forward,Striker,1t7nph4960rjzu7rgi47sf8ix,ej5er0oyngdw138yuumwqbyqt,Bologna FC 1909,Bologna,Bologna,BOL,219117,1t7nph4960rjzu7rgi47sf8ix,123,ej5er0oyngdw138yuumwqbyqt
Jesper Karlström,160602.0,3.0,270.0,1.0,0.31,0.69,1.0,1.0,100.0,0.31,Jesper,Karlström,1995-06-21,31.25,136.0,8.0,Midfielder,Defensive Midfielder,agnmzpaj62lzsavtq43uxt4gl,dxq76zcvnokq07cszdx0i6kve,Udinese Calcio,Udinese,Udinese,UDI,21.0,218.586,10.0,116.34,0.0,0.0,0.0,0.0,10.409,11.634,5.0,1.0,11.0,2.0,4.0,15.0,6.0,40.0,0.0,0.0,0.0,,,,,,,,,,160602.0,270.0,3.0,2.0,2.0,1.89,0.0,0.128,0.127,0.0,0.0,Jesper,Karlström,1995-06-21,31.25,136.0,8.0,Midfielder,Defensive Midfielder,agnmzpaj62lzsavtq43uxt4gl,dxq76zcvnokq07cszdx0i6kve,Udinese Calcio,Udinese,Udinese,UDI,160602.0,270.0,3.0,113.0,94.0,83.19,25.0,12.0,48.0,5.0,1.0,20.0,0.0,0.0,0.0,Jesper,Karlström,1995-06-21,31.25,136.0,8.0,Midfielder,Defensive Midfielder,agnmzpaj62lzsavtq43uxt4gl,dxq76zcvnokq07cszdx0i6kve,Udinese Calcio,Udinese,Udinese,UDI,160602,agnmzpaj62lzsavtq43uxt4gl,136,dxq76zcvnokq07cszdx0i6kve
Jesús Rodríguez,638374.0,1.0,71.0,0.0,0.1,-0.1,2.0,0.0,0.0,0.05,Jesús,Rodríguez,2005-11-21,20.82,1065.0,17.0,Forward,Winger,30ed2aojjzmqigq6vkcrzc8pg,6uzfw7ahyxg4wrrfxo5u7qt0n,Calcio Como 1907,Como,Como,COM,8.0,90.592,4.0,59.64,0.0,0.0,0.0,0.0,11.324,14.91,0.0,0.0,0.0,0.0,0.0,6.0,1.0,16.667,1.0,0.0,0.0,,,,,,,,,,638374.0,71.0,1.0,0.0,0.0,0.0,0.0,0.012,0.012,0.0,0.0,Jesús,Rodríguez,2005-11-21,20.82,1065.0,17.0,Forward,Winger,30ed2aojjzmqigq6vkcrzc8pg,6uzfw7ahyxg4wrrfxo5u7qt0n,Calcio Como 1907,Como,Como,COM,638374.0,71.0,1.0,10.0,8.0,80.0,3.0,2.0,66.67,2.0,0.0,0.0,0.0,0.0,0.0,Jesús,Rodríguez,2005-11-21,20.82,1065.0,17.0,Forward,Winger,30ed2aojjzmqigq6vkcrzc8pg,6uzfw7ahyxg4wrrfxo5u7qt0n,Calcio Como 1907,Como,Como,COM,638374,30ed2aojjzmqigq6vkcrzc8pg,1065,6uzfw7ahyxg4wrrfxo5u7qt0n
Jhon Lucumí,217532.0,2.0,165.0,0.0,0.08,-0.08,1.0,0.0,0.0,0.08,Jhon,Lucumí,1998-06-26,28.23,128.0,26.0,Defender,Central Defender,3l0mj1zzhytxvm9tryvqv8kix,bqbbqm98ud8obe45ds9ohgyrd,Juventus FC,Juventus,Juventus,JUV,27.0,248.142,10.0,47.775,0.0,0.0,0.0,0.0,9.19,4.778,3.0,1.0,6.0,0.0,4.0,5.0,3.0,60.0,6.0,4.0,66.667,,,,,,,,,,217532.0,165.0,2.0,1.0,1.0,0.88,0.0,0.061,0.061,0.0,0.0,Jhon,Lucumí,1998-06-26,28.23,128.0,26.0,Defender,Central Defender,3l0mj1zzhytxvm9tryvqv8kix,bqbbqm98ud8obe45ds9ohgyrd,Juventus FC,Juventus,Juventus,JUV,217532.0,165.0,2.0,118.0,108.0,91.53,26.0,21.0,80.77,0.0,0.0,0.0,0.0,0.0,0.0,Jhon,Lucumí,1998-06-26,28.23,128.0,26.0,Defender,Central Defender,3l0mj1zzhytxvm9tryvqv8kix,bqbbqm98ud8obe45ds9ohgyrd,Juventus FC,Juventus,Juventus,JUV,217532,3l0mj1zzhytxvm9tryvqv8kix,128,bqbbqm98ud8obe45ds9ohgyrd
Johan Vásquez,431026.0,3.0,255.0,0.0,0.05,-0.05,1.0,0.0,0.0,0.05,Johan,Vásquez,1998-10-22,27.91,990.0,22.0,Defender,Central Defender,7ojvhhfvbtbn60sc50y4l2ctm,4kumqzwifv478caxed8zywlh3,Genoa CFC,Genoa,Genoa,GEN,57.0,598.153,37.0,385.35,0.0,0.0,0.0,0.0,10.494,10.415,3.0,0.0,13.0,2.0,12.0,12.0,6.0,50.0,5.0,4.0,80.0,,,,,,,,,,431026.0,255.0,3.0,0.0,0.0,0.0,0.0,0.069,0.068,0.0,0.0,Johan,Vásquez,1998-10-22,27.91,990.0,22.0,Defender,Central Defender,7ojvhhfvbtbn60sc50y4l2ctm,4kumqzwifv478caxed8zywlh3,Genoa CFC,Genoa,Genoa,GEN,431026.0,255.0,3.0,195.0,170.0,87.18,27.0,17.0,62.96,2.0,0.0,0.0,0.0,0.0,0.0,Johan,Vásquez,1998-10-22,27.91,990.0,22.0,Defender,Central Defender,7ojvhhfvbtbn60sc50y4l2ctm,4kumqzwifv478caxed8zywlh3,Genoa CFC,Genoa,Genoa,GEN,431026,7ojvhhfvbtbn60sc50y4l2ctm,990,4kumqzwifv478caxed8zywlh3
John Stones,97299.0,2.0,37.0,0.0,0.09,-0.09,1.0,0.0,0.0,0.09,John,Stones,1994-05-28,32.31,127.0,6.0,Defender,Central Defender,3gem1jrrkgye0omb88fk1lsk5,3vo5mpj7catp66nrwwqiuhuup,FC Internazionale Milano,Internazionale,Inter,INT,3.0,24.737,2.0,5.145,0.0,0.0,0.0,0.0,8.246,2.572,2.0,0.0,1.0,0.0,7.0,4.0,3.0,75.0,6.0,6.0,100.0,,,,,,,,,,97299.0,37.0,2.0,0.0,0.0,0.0,0.0,0.003,0.003,0.0,0.0,John,Stones,1994-05-28,32.31,127.0,6.0,Defender,Central Defender,3gem1jrrkgye0omb88fk1lsk5,3vo5mpj7catp66nrwwqiuhuup,FC Internazionale Milano,Internazionale,Inter,INT,97299.0,37.0,2.0,21.0,18.0,85.71,2.0,1.0,50.0,0.0,0.0,0.0,0.0,0.0,0.0,John,Stones,1994-05-28,32.31,127.0,6.0,Defender,Central Defender,3gem1jrrkgye0omb88fk1lsk5,3vo5mpj7catp66nrwwqiuhuup,FC Internazionale Milano,Internazionale,Inter,INT,97299,3gem1jrrkgye0omb88fk1lsk5,127,3vo5mpj7catp66nrwwqiuhuup
John Yeboah,241243.0,3.0,215.0,1.0,0.81,0.19,10.0,4.0,10.0,0.08,John,Yeboah,2000-06-23,26.24,137.0,10.0,Forward,Winger,2c796ozt5nw1l8n61cwtv9all,565sm63rjm2y7xeae0dcdbtnu,Venezia FC,Venezia,Venezia,VEN,23.0,261.055,12.0,115.92,2.0,1.0,2.0,0.0,11.35,9.66,5.0,0.0,11.0,0.0,0.0,30.0,13.0,43.333,2.0,0.0,0.0,,,,,,,,,,241243.0,215.0,3.0,5.0,5.0,7.35,0.0,0.455,0.455,0.0,0.0,John,Yeboah,2000-06-23,26.24,137.0,10.0,Forward,Winger,2c796ozt5nw1l8n61cwtv9all,565sm63rjm2y7xeae0dcdbtnu,Venezia FC,Venezia,Venezia,VEN,241243.0,215.0,3.0,68.0,58.0,85.29,26.0,24.0,92.31,2.0,0.0,0.0,2.0,2.0,100.0,John,Yeboah,2000-06-23,26.24,137.0,10.0,Forward,Winger,2c796ozt5nw1l8n61cwtv9all,565sm63rjm2y7xeae0dcdbtnu,Venezia FC,Venezia,Venezia,VEN,241243,2c796ozt5nw1l8n61cwtv9all,137,565sm63rjm2y7xeae0dcdbtnu
Jonathan David,421821.0,1.0,57.0,0.0,0.08,-0.08,2.0,0.0,0.0,0.04,Jonathan,David,2000-01-14,26.68,128.0,30.0,Forward,Striker,b8dd5q3n5irlkcv0ekzqhzc2x,bqbbqm98ud8obe45ds9ohgyrd,Juventus FC,Juventus,Juventus,JUV,0.0,0.0,0.0,0.0,0.0,0.0,0.0,0.0,0.0,0.0,3.0,0.0,3.0,0.0,0.0,3.0,3.0,100.0,2.0,1.0,50.0,,,,,,,,,,421821.0,57.0,1.0,1.0,1.0,8.33,0.0,0.048,0.048,0.0,0.0,Jonathan,David,2000-01-14,26.68,128.0,30.0,Forward,Striker,b8dd5q3n5irlkcv0ekzqhzc2x,bqbbqm98ud8obe45ds9ohgyrd,Juventus FC,Juventus,Juventus,JUV,421821.0,57.0,1.0,13.0,12.0,92.31,7.0,7.0,100.0,0.0,0.0,0.0,0.0,0.0,0.0,Jonathan,David,2000-01-14,26.68,128.0,30.0,Forward,Striker,b8dd5q3n5irlkcv0ekzqhzc2x,bqbbqm98ud8obe45ds9ohgyrd,Juventus FC,Juventus,Juventus,JUV,421821,b8dd5q3n5irlkcv0ekzqhzc2x,128,bqbbqm98ud8obe45ds9ohgyrd
Jonathan Rowe,483365.0,1.0,30.0,0.0,0.34,-0.34,1.0,1.0,0.0,0.34,Jonathan,Rowe,2003-04-30,23.38,456.0,11.0,Forward,Striker,2bmeynv0dhsc8sjfuaprkexre,e75syeuawg3ql8nwpi3vr2btz,Atalanta Bergamasca Calcio,Atalanta,Atalanta,ATA,9.0,100.768,4.0,25.095,0.0,0.0,0.0,0.0,11.196,6.274,0.0,0.0,2.0,0.0,0.0,4.0,3.0,75.0,0.0,0.0,0.0,,,,,,,,,,483365.0,30.0,1.0,0.0,0.0,0.0,0.0,0.003,0.003,0.0,0.0,Jonathan,Rowe,2003-04-30,23.38,456.0,11.0,Forward,Striker,2bmeynv0dhsc8sjfuaprkexre,e75syeuawg3ql8nwpi3vr2btz,Atalanta Bergamasca Calcio,Atalanta,Atalanta,ATA,483365.0,30.0,1.0,10.0,7.0,70.0,4.0,2.0,50.0,1.0,0.0,0.0,0.0,0.0,0.0,Jonathan,Rowe,2003-04-30,23.38,456.0,11.0,Forward,Striker,2bmeynv0dhsc8sjfuaprkexre,e75syeuawg3ql8nwpi3vr2btz,Atalanta Bergamasca Calcio,Atalanta,Atalanta,ATA,483365,2bmeynv0dhsc8sjfuaprkexre,456,e75syeuawg3ql8nwpi3vr2btz
Josep Martínez,,,,,,,,,,,,,,,,,,,,,,,,,,,,,,,,,,,,,,,,,,,,,,270.0,100.0,0.0,3.0,8.0,72.73,-0.32,0.67,2.68,,,,,,,,,,,,,,,,,,,,,,,,,,,,,,,,,,,,,,,,,,,,,,,,,,,,,,,231188,3yqxkw0tqpoucur51ieh9xdrd,127,3vo5mpj7catp66nrwwqiuhuup
Joseph Liteta,618927.0,0.0,0.0,0.0,0.0,0.0,0.0,0.0,0.0,0.0,Joseph,Liteta,2006-02-22,20.56,124.0,27.0,Midfielder,Central Midfielder,618927,5rwlg5cfv1hu7yf0ek1zxpzy3,Cagliari Calcio,Cagliari,Cagliari,CAG,0.0,0.0,0.0,0.0,0.0,0.0,0.0,0.0,0.0,0.0,0.0,0.0,0.0,0.0,0.0,0.0,0.0,0.0,0.0,0.0,0.0,,,,,,,,,,618927.0,0.0,0.0,0.0,0.0,0.0,0.0,0.0,0.0,0.0,0.0,Joseph,Liteta,2006-02-22,20.56,124.0,27.0,Midfielder,Central Midfielder,618927,5rwlg5cfv1hu7yf0ek1zxpzy3,Cagliari Calcio,Cagliari,Cagliari,CAG,618927.0,0.0,0.0,0.0,0.0,0.0,0.0,0.0,0.0,0.0,0.0,0.0,0.0,0.0,0.0,Joseph,Liteta,2006-02-22,20.56,124.0,27.0,Midfielder,Central Midfielder,618927,5rwlg5cfv1hu7yf0ek1zxpzy3,Cagliari Calcio,Cagliari,Cagliari,CAG,618927,618927,124,5rwlg5cfv1hu7yf0ek1zxpzy3
Josh Doig,487997.0,3.0,231.0,1.0,0.14,0.86,2.0,1.0,50.0,0.07,Josh,Doig,2002-05-18,24.33,2182.0,3.0,Defender,Full Back,7uf7y7xa6hy3gieetcte3td2i,6tuibxq39fdryu8ou06wcm0q3,US Sassuolo Calcio,Sassuolo,Sassuolo,SAS,24.0,275.294,15.0,161.49,0.0,0.0,1.0,0.0,11.471,10.766,6.0,2.0,3.0,1.0,8.0,13.0,6.0,46.154,2.0,2.0,100.0,,,,,,,,,,487997.0,231.0,3.0,4.0,4.0,5.19,0.0,0.1,0.095,0.0,0.0,Josh,Doig,2002-05-18,24.33,2182.0,3.0,Defender,Full Back,7uf7y7xa6hy3gieetcte3td2i,6tuibxq39fdryu8ou06wcm0q3,US Sassuolo Calcio,Sassuolo,Sassuolo,SAS,487997.0,231.0,3.0,78.0,68.0,87.18,22.0,16.0,72.73,5.0,2.0,40.0,0.0,0.0,0.0,Josh,Doig,2002-05-18,24.33,2182.0,3.0,Defender,Full Back,7uf7y7xa6hy3gieetcte3td2i,6tuibxq39fdryu8ou06wcm0q3,US Sassuolo Calcio,Sassuolo,Sassuolo,SAS,487997,7uf7y7xa6hy3gieetcte3td2i,2182,6tuibxq39fdryu8ou06wcm0q3
Josip Sutalo,240992.0,0.0,0.0,0.0,0.0,0.0,0.0,0.0,0.0,0.0,Josip,Sutalo,2000-02-28,26.55,129.0,37.0,Defender,Central Defender,240992,btcy9nra9ak4m22ovr2ia6m5v,SS Lazio,Lazio,Lazio,LAZ,0.0,0.0,0.0,0.0,0.0,0.0,0.0,0.0,0.0,0.0,0.0,0.0,0.0,0.0,0.0,0.0,0.0,0.0,0.0,0.0,0.0,,,,,,,,,,240992.0,0.0,0.0,0.0,0.0,0.0,0.0,0.0,0.0,0.0,0.0,Josip,Sutalo,2000-02-28,26.55,129.0,37.0,Defender,Central Defender,240992,btcy9nra9ak4m22ovr2ia6m5v,SS Lazio,Lazio,Lazio,LAZ,240992.0,0.0,0.0,0.0,0.0,0.0,0.0,0.0,0.0,0.0,0.0,0.0,0.0,0.0,0.0,Josip,Sutalo,2000-02-28,26.55,129.0,37.0,Defender,Central Defender,240992,btcy9nra9ak4m22ovr2ia6m5v,SS Lazio,Lazio,Lazio,LAZ,240992,240992,129,btcy9nra9ak4m22ovr2ia6m5v
João Mário,437860.0,3.0,176.0,0.0,0.0,0.0,0.0,0.0,0.0,0.0,João Mário,Neto Lopes,2000-01-03,26.71,125.0,17.0,Defender,Full Back,dowh6oc93ggduous7ligguqne,4raiad4l2j5lkfaz92pk4osb,ACF Fiorentina,Fiorentina,Fiorentina,FIO,28.0,312.093,15.0,156.765,0.0,0.0,0.0,0.0,11.146,10.451,4.0,2.0,10.0,0.0,7.0,20.0,14.0,70.0,2.0,0.0,0.0,,,,,,,,,,437860.0,176.0,3.0,2.0,2.0,2.38,0.0,0.151,0.15,0.0,0.0,João Mário,Neto Lopes,2000-01-03,26.71,125.0,17.0,Defender,Full Back,dowh6oc93ggduous7ligguqne,4raiad4l2j5lkfaz92pk4osb,ACF Fiorentina,Fiorentina,Fiorentina,FIO,437860.0,176.0,3.0,85.0,74.0,87.06,30.0,24.0,80.0,9.0,2.0,22.22,0.0,0.0,0.0,João Mário,Neto Lopes,2000-01-03,26.71,125.0,17.0,Defender,Full Back,dowh6oc93ggduous7ligguqne,4raiad4l2j5lkfaz92pk4osb,ACF Fiorentina,Fiorentina,Fiorentina,FIO,437860,dowh6oc93ggduous7ligguqne,125,4raiad4l2j5lkfaz92pk4osb
Joël Monteiro,515677.0,1.0,66.0,0.0,0.02,-0.02,1.0,0.0,0.0,0.02,Joël,Monteiro,1999-08-05,27.12,130.0,99.0,Forward,0,8oor1m6o9js5bby3qh5imf8d0,bi1fxjrncd0ram0oi7ja1jyuo,US Lecce,Lecce,Lecce,LEC,7.0,70.974,4.0,33.285,1.0,0.0,0.0,0.0,10.139,8.321,3.0,0.0,1.0,0.0,2.0,14.0,6.0,42.857,4.0,3.0,75.0,,,,,,,,,,515677.0,66.0,1.0,1.0,1.0,6.67,0.0,0.016,0.016,0.0,0.0,Joël,Monteiro,1999-08-05,27.12,130.0,99.0,Forward,0,8oor1m6o9js5bby3qh5imf8d0,bi1fxjrncd0ram0oi7ja1jyuo,US Lecce,Lecce,Lecce,LEC,515677.0,66.0,1.0,15.0,10.0,66.67,7.0,4.0,57.14,0.0,0.0,0.0,0.0,0.0,0.0,Joël,Monteiro,1999-08-05,27.12,130.0,99.0,Forward,0,8oor1m6o9js5bby3qh5imf8d0,bi1fxjrncd0ram0oi7ja1jyuo,US Lecce,Lecce,Lecce,LEC,515677,8oor1m6o9js5bby3qh5imf8d0,130,bi1fxjrncd0ram0oi7ja1jyuo
Joël Schingtienne,585392.0,3.0,270.0,0.0,0.0,0.0,0.0,0.0,0.0,0.0,Joël,Schingtienne,2002-08-14,24.09,137.0,3.0,Defender,Central Defender,avubg95m07a6rted50ejdkftg,565sm63rjm2y7xeae0dcdbtnu,Venezia FC,Venezia,Venezia,VEN,30.0,308.392,13.0,103.11,0.0,0.0,0.0,0.0,10.28,7.932,7.0,2.0,15.0,1.0,6.0,9.0,8.0,88.889,8.0,2.0,25.0,,,,,,,,,,585392.0,270.0,3.0,2.0,2.0,1.37,0.0,0.014,0.014,0.0,0.0,Joël,Schingtienne,2002-08-14,24.09,137.0,3.0,Defender,Central Defender,avubg95m07a6rted50ejdkftg,565sm63rjm2y7xeae0dcdbtnu,Venezia FC,Venezia,Venezia,VEN,585392.0,270.0,3.0,149.0,127.0,85.23,16.0,9.0,56.25,0.0,0.0,0.0,0.0,0.0,0.0,Joël,Schingtienne,2002-08-14,24.09,137.0,3.0,Defender,Central Defender,avubg95m07a6rted50ejdkftg,565sm63rjm2y7xeae0dcdbtnu,Venezia FC,Venezia,Venezia,VEN,585392,avubg95m07a6rted50ejdkftg,137,565sm63rjm2y7xeae0dcdbtnu
Juan Arizala,614790.0,1.0,5.0,0.0,0.0,0.0,0.0,0.0,0.0,0.0,Juan,Arizala,2005-10-10,20.93,136.0,20.0,Midfielder,Wing Back,536xixhoric6hoimktme1kftg,dxq76zcvnokq07cszdx0i6kve,Udinese Calcio,Udinese,Udinese,UDI,0.0,0.0,0.0,0.0,0.0,0.0,0.0,0.0,0.0,0.0,0.0,0.0,1.0,0.0,2.0,0.0,0.0,0.0,0.0,0.0,0.0,,,,,,,,,,614790.0,5.0,1.0,0.0,0.0,0.0,0.0,0.0,0.0,0.0,0.0,Juan,Arizala,2005-10-10,20.93,136.0,20.0,Midfielder,Wing Back,536xixhoric6hoimktme1kftg,dxq76zcvnokq07cszdx0i6kve,Udinese Calcio,Udinese,Udinese,UDI,614790.0,5.0,1.0,1.0,1.0,100.0,0.0,0.0,0.0,0.0,0.0,0.0,0.0,0.0,0.0,Juan,Arizala,2005-10-10,20.93,136.0,20.0,Midfielder,Wing Back,536xixhoric6hoimktme1kftg,dxq76zcvnokq07cszdx0i6kve,Udinese Calcio,Udinese,Udinese,UDI,614790,536xixhoric6hoimktme1kftg,136,dxq76zcvnokq07cszdx0i6kve
Juan Cabal,486797.0,0.0,0.0,0.0,0.0,0.0,0.0,0.0,0.0,0.0,Juan,Cabal,2001-01-08,25.69,128.0,32.0,Defender,Full Back,486797,bqbbqm98ud8obe45ds9ohgyrd,Juventus FC,Juventus,Juventus,JUV,0.0,0.0,0.0,0.0,0.0,0.0,0.0,0.0,0.0,0.0,0.0,0.0,0.0,0.0,0.0,0.0,0.0,0.0,0.0,0.0,0.0,,,,,,,,,,486797.0,0.0,0.0,0.0,0.0,0.0,0.0,0.0,0.0,0.0,0.0,Juan,Cabal,2001-01-08,25.69,128.0,32.0,Defender,Full Back,486797,bqbbqm98ud8obe45ds9ohgyrd,Juventus FC,Juventus,Juventus,JUV,486797.0,0.0,0.0,0.0,0.0,0.0,0.0,0.0,0.0,0.0,0.0,0.0,0.0,0.0,0.0,Juan,Cabal,2001-01-08,25.69,128.0,32.0,Defender,Full Back,486797,bqbbqm98ud8obe45ds9ohgyrd,Juventus FC,Juventus,Juventus,JUV,486797,486797,128,bqbbqm98ud8obe45ds9ohgyrd
Juan Miranda,433530.0,2.0,135.0,0.0,0.0,0.0,0.0,0.0,0.0,0.0,Juan,Miranda,2000-01-19,26.66,123.0,33.0,Defender,Full Back,emvmn561wgd62zj0s3qi5j5rd,ej5er0oyngdw138yuumwqbyqt,Bologna FC 1909,Bologna,Bologna,BOL,18.0,175.889,11.0,89.04,0.0,0.0,0.0,0.0,9.772,8.095,3.0,1.0,5.0,0.0,4.0,9.0,4.0,44.444,1.0,1.0,100.0,,,,,,,,,,433530.0,135.0,2.0,4.0,1.0,1.69,50.0,0.358,0.22,1.0,0.0,Juan,Miranda,2000-01-19,26.66,123.0,33.0,Defender,Full Back,emvmn561wgd62zj0s3qi5j5rd,ej5er0oyngdw138yuumwqbyqt,Bologna FC 1909,Bologna,Bologna,BOL,433530.0,135.0,2.0,62.0,54.0,87.1,31.0,23.0,74.19,8.0,2.0,25.0,0.0,0.0,0.0,Juan,Miranda,2000-01-19,26.66,123.0,33.0,Defender,Full Back,emvmn561wgd62zj0s3qi5j5rd,ej5er0oyngdw138yuumwqbyqt,Bologna FC 1909,Bologna,Bologna,BOL,433530,emvmn561wgd62zj0s3qi5j5rd,123,ej5er0oyngdw138yuumwqbyqt
Juan Rodríguez,617160.0,3.0,246.0,0.0,0.04,-0.04,1.0,0.0,0.0,0.04,Juan,Rodríguez,2005-05-30,21.3,124.0,15.0,Defender,Central Defender,6zcua8ycqj1pca5fxwvie4x04,5rwlg5cfv1hu7yf0ek1zxpzy3,Cagliari Calcio,Cagliari,Cagliari,CAG,24.0,210.451,13.0,99.75,0.0,0.0,0.0,0.0,8.769,7.673,3.0,6.0,7.0,1.0,16.0,9.0,4.0,44.444,12.0,5.0,41.667,,,,,,,,,,617160.0,246.0,3.0,2.0,2.0,1.47,0.0,0.015,0.015,0.0,0.0,Juan,Rodríguez,2005-05-30,21.3,124.0,15.0,Defender,Central Defender,6zcua8ycqj1pca5fxwvie4x04,5rwlg5cfv1hu7yf0ek1zxpzy3,Cagliari Calcio,Cagliari,Cagliari,CAG,617160.0,246.0,3.0,160.0,147.0,91.88,8.0,5.0,62.5,0.0,0.0,0.0,0.0,0.0,0.0,Juan,Rodríguez,2005-05-30,21.3,124.0,15.0,Defender,Central Defender,6zcua8ycqj1pca5fxwvie4x04,5rwlg5cfv1hu7yf0ek1zxpzy3,Cagliari Calcio,Cagliari,Cagliari,CAG,617160,6zcua8ycqj1pca5fxwvie4x04,124,5rwlg5cfv1hu7yf0ek1zxpzy3
Junior Messias,432070.0,3.0,80.0,0.0,0.19,-0.19,3.0,0.0,0.0,0.06,Walter,Messias Junior,1991-05-13,35.36,990.0,10.0,Forward,Winger,17au7v1ocl4zab872g59821yi,4kumqzwifv478caxed8zywlh3,Genoa CFC,Genoa,Genoa,GEN,20.0,275.711,13.0,177.66,1.0,0.0,1.0,0.0,13.786,13.666,7.0,1.0,3.0,1.0,2.0,19.0,15.0,78.947,3.0,2.0,66.667,,,,,,,,,,432070.0,80.0,3.0,2.0,2.0,8.7,0.0,0.24,0.24,0.0,0.0,Walter,Messias Junior,1991-05-13,35.36,990.0,10.0,Forward,Winger,17au7v1ocl4zab872g59821yi,4kumqzwifv478caxed8zywlh3,Genoa CFC,Genoa,Genoa,GEN,432070.0,80.0,3.0,24.0,20.0,83.33,8.0,5.0,62.5,1.0,1.0,100.0,1.0,0.0,0.0,Walter,Messias Junior,1991-05-13,35.36,990.0,10.0,Forward,Winger,17au7v1ocl4zab872g59821yi,4kumqzwifv478caxed8zywlh3,Genoa CFC,Genoa,Genoa,GEN,432070,17au7v1ocl4zab872g59821yi,990,4kumqzwifv478caxed8zywlh3
Jurgen Ekkelenkamp,220238.0,3.0,265.0,1.0,0.42,0.58,7.0,3.0,14.29,0.06,Jurgen,Ekkelenkamp,2000-04-05,26.45,136.0,32.0,Midfielder,Attacking Midfielder,d19yalwh3i2olvpwoi89feqjt,dxq76zcvnokq07cszdx0i6kve,Udinese Calcio,Udinese,Udinese,UDI,21.0,195.556,11.0,101.745,2.0,0.0,0.0,0.0,9.312,9.25,6.0,3.0,17.0,0.0,2.0,24.0,12.0,50.0,4.0,2.0,50.0,,,,,,,,,,220238.0,265.0,3.0,2.0,2.0,1.22,0.0,0.239,0.239,1.0,1.0,Jurgen,Ekkelenkamp,2000-04-05,26.45,136.0,32.0,Midfielder,Attacking Midfielder,d19yalwh3i2olvpwoi89feqjt,dxq76zcvnokq07cszdx0i6kve,Udinese Calcio,Udinese,Udinese,UDI,220238.0,265.0,3.0,83.0,61.0,73.49,34.0,24.0,70.59,1.0,0.0,0.0,1.0,1.0,100.0,Jurgen,Ekkelenkamp,2000-04-05,26.45,136.0,32.0,Midfielder,Attacking Midfielder,d19yalwh3i2olvpwoi89feqjt,dxq76zcvnokq07cszdx0i6kve,Udinese Calcio,Udinese,Udinese,UDI,220238,d19yalwh3i2olvpwoi89feqjt,136,dxq76zcvnokq07cszdx0i6kve
Justin Bijlow,,,,,,,,,,,,,,,,,,,,,,,,,,,,,,,,,,,,,,,,,,,,,,270.0,100.0,0.0,7.0,8.0,53.33,-2.89,0.57,4.11,,,,,,,,,,,,,,,,,,,,,,,,,,,,,,,,,,,,,,,,,,,,,,,,,,,,,,,184933,9pgr69ub37hmr76gwbfw7lhw5,990,4kumqzwifv478caxed8zywlh3
Jérémie Boga,135365.0,3.0,104.0,0.0,0.03,-0.03,1.0,1.0,0.0,0.03,Jérémie,Boga,1997-01-03,29.71,128.0,13.0,Forward,Winger,2fqlri41xq6p924kine7pjr2t,bqbbqm98ud8obe45ds9ohgyrd,Juventus FC,Juventus,Juventus,JUV,27.0,328.897,18.0,174.93,1.0,0.0,1.0,0.0,12.181,9.718,1.0,0.0,4.0,0.0,0.0,9.0,4.0,44.444,1.0,0.0,0.0,,,,,,,,,,135365.0,104.0,3.0,2.0,2.0,5.56,0.0,0.467,0.467,0.0,0.0,Jérémie,Boga,1997-01-03,29.71,128.0,13.0,Forward,Winger,2fqlri41xq6p924kine7pjr2t,bqbbqm98ud8obe45ds9ohgyrd,Juventus FC,Juventus,Juventus,JUV,135365.0,104.0,3.0,36.0,34.0,94.44,13.0,11.0,84.62,11.0,2.0,18.18,0.0,0.0,0.0,Jérémie,Boga,1997-01-03,29.71,128.0,13.0,Forward,Winger,2fqlri41xq6p924kine7pjr2t,bqbbqm98ud8obe45ds9ohgyrd,Juventus FC,Juventus,Juventus,JUV,135365,2fqlri41xq6p924kine7pjr2t,128,bqbbqm98ud8obe45ds9ohgyrd
Kaiki,535554.0,1.0,9.0,0.0,0.06,-0.06,1.0,1.0,0.0,0.06,Kaiki Bruno,da Silva,2003-03-08,23.53,1065.0,16.0,Defender,Full Back,ax04uy8dqdccn8bvmw05uov84,6uzfw7ahyxg4wrrfxo5u7qt0n,Calcio Como 1907,Como,Como,COM,1.0,21.735,1.0,21.735,0.0,0.0,1.0,0.0,21.735,21.735,0.0,0.0,0.0,0.0,0.0,1.0,1.0,100.0,0.0,0.0,0.0,,,,,,,,,,535554.0,9.0,1.0,1.0,1.0,50.0,0.0,0.373,0.373,0.0,0.0,Kaiki Bruno,da Silva,2003-03-08,23.53,1065.0,16.0,Defender,Full Back,ax04uy8dqdccn8bvmw05uov84,6uzfw7ahyxg4wrrfxo5u7qt0n,Calcio Como 1907,Como,Como,COM,535554.0,9.0,1.0,2.0,2.0,100.0,1.0,1.0,100.0,0.0,0.0,0.0,0.0,0.0,0.0,Kaiki Bruno,da Silva,2003-03-08,23.53,1065.0,16.0,Defender,Full Back,ax04uy8dqdccn8bvmw05uov84,6uzfw7ahyxg4wrrfxo5u7qt0n,Calcio Como 1907,Como,Como,COM,535554,ax04uy8dqdccn8bvmw05uov84,1065,6uzfw7ahyxg4wrrfxo5u7qt0n
Keinan Davis,221239.0,2.0,144.0,0.0,0.37,-0.37,5.0,2.0,0.0,0.07,Keinan,Davis,1998-02-13,28.59,136.0,9.0,Forward,0,bdg3xeth77c0nw61hvj5fct0p,dxq76zcvnokq07cszdx0i6kve,Udinese Calcio,Udinese,Udinese,UDI,11.0,131.76,5.0,84.21,3.0,0.0,0.0,0.0,11.978,16.842,1.0,0.0,4.0,0.0,1.0,4.0,2.0,50.0,14.0,9.0,64.286,,,,,,,,,,221239.0,144.0,2.0,4.0,4.0,6.38,0.0,0.183,0.183,1.0,1.0,Keinan,Davis,1998-02-13,28.59,136.0,9.0,Forward,0,bdg3xeth77c0nw61hvj5fct0p,dxq76zcvnokq07cszdx0i6kve,Udinese Calcio,Udinese,Udinese,UDI,221239.0,144.0,2.0,47.0,33.0,70.21,18.0,9.0,50.0,0.0,0.0,0.0,0.0,0.0,0.0,Keinan,Davis,1998-02-13,28.59,136.0,9.0,Forward,0,bdg3xeth77c0nw61hvj5fct0p,dxq76zcvnokq07cszdx0i6kve,Udinese Calcio,Udinese,Udinese,UDI,221239,bdg3xeth77c0nw61hvj5fct0p,136,dxq76zcvnokq07cszdx0i6kve
Kenan Yildiz,547103.0,1.0,69.0,0.0,0.19,-0.19,2.0,1.0,0.0,0.1,Kenan,Yildiz,2005-05-04,21.37,128.0,10.0,Forward,Second Striker,6kvtqep8korw8d75n5me0lbmc,bqbbqm98ud8obe45ds9ohgyrd,Juventus FC,Juventus,Juventus,JUV,13.0,139.429,8.0,86.625,1.0,0.0,1.0,0.0,10.725,10.828,0.0,1.0,4.0,0.0,0.0,4.0,4.0,100.0,0.0,0.0,0.0,,,,,,,,,,547103.0,69.0,1.0,3.0,3.0,15.79,0.0,0.328,0.328,0.0,0.0,Kenan,Yildiz,2005-05-04,21.37,128.0,10.0,Forward,Second Striker,6kvtqep8korw8d75n5me0lbmc,bqbbqm98ud8obe45ds9ohgyrd,Juventus FC,Juventus,Juventus,JUV,547103.0,69.0,1.0,19.0,17.0,89.47,9.0,7.0,77.78,0.0,0.0,0.0,0.0,0.0,0.0,Kenan,Yildiz,2005-05-04,21.37,128.0,10.0,Forward,Second Striker,6kvtqep8korw8d75n5me0lbmc,bqbbqm98ud8obe45ds9ohgyrd,Juventus FC,Juventus,Juventus,JUV,547103,6kvtqep8korw8d75n5me0lbmc,128,bqbbqm98ud8obe45ds9ohgyrd
Kenneth Taylor,441278.0,3.0,270.0,0.0,0.06,-0.06,2.0,0.0,0.0,0.03,Kenneth,Taylor,2002-05-16,24.34,129.0,24.0,Midfielder,Central Midfielder,35qg0rrwtl00pycx468s62m3u,btcy9nra9ak4m22ovr2ia6m5v,SS Lazio,Lazio,Lazio,LAZ,32.0,341.145,19.0,219.975,0.0,0.0,2.0,0.0,10.661,11.578,6.0,3.0,13.0,0.0,0.0,25.0,10.0,40.0,1.0,1.0,100.0,,,,,,,,,,441278.0,270.0,3.0,5.0,5.0,3.65,0.0,0.329,0.329,0.0,0.0,Kenneth,Taylor,2002-05-16,24.34,129.0,24.0,Midfielder,Central Midfielder,35qg0rrwtl00pycx468s62m3u,btcy9nra9ak4m22ovr2ia6m5v,SS Lazio,Lazio,Lazio,LAZ,441278.0,270.0,3.0,141.0,125.0,88.65,57.0,47.0,82.46,1.0,1.0,100.0,2.0,1.0,50.0,Kenneth,Taylor,2002-05-16,24.34,129.0,24.0,Midfielder,Central Midfielder,35qg0rrwtl00pycx468s62m3u,btcy9nra9ak4m22ovr2ia6m5v,SS Lazio,Lazio,Lazio,LAZ,441278,35qg0rrwtl00pycx468s62m3u,129,btcy9nra9ak4m22ovr2ia6m5v
Kerim Alajbegovic,593271.0,2.0,97.0,0.0,0.03,-0.03,2.0,0.0,0.0,0.01,Kerim,Alajbegovic,2007-09-21,18.99,128.0,17.0,Forward,Winger,3u86fbw1xj6g51hlm20iruok,bqbbqm98ud8obe45ds9ohgyrd,Juventus FC,Juventus,Juventus,JUV,20.0,185.403,8.0,37.695,1.0,0.0,0.0,0.0,9.27,4.712,0.0,0.0,10.0,0.0,1.0,8.0,3.0,37.5,1.0,0.0,0.0,,,,,,,,,,593271.0,97.0,2.0,0.0,0.0,0.0,0.0,0.047,0.047,0.0,0.0,Kerim,Alajbegovic,2007-09-21,18.99,128.0,17.0,Forward,Winger,3u86fbw1xj6g51hlm20iruok,bqbbqm98ud8obe45ds9ohgyrd,Juventus FC,Juventus,Juventus,JUV,593271.0,97.0,2.0,33.0,29.0,87.88,16.0,13.0,81.25,3.0,1.0,33.33,0.0,0.0,0.0,Kerim,Alajbegovic,2007-09-21,18.99,128.0,17.0,Forward,Winger,3u86fbw1xj6g51hlm20iruok,bqbbqm98ud8obe45ds9ohgyrd,Juventus FC,Juventus,Juventus,JUV,593271,3u86fbw1xj6g51hlm20iruok,128,bqbbqm98ud8obe45ds9ohgyrd
Kevin Akpoguma,120002.0,0.0,0.0,0.0,0.0,0.0,0.0,0.0,0.0,0.0,Kevin,Akpoguma,1995-04-19,31.42,2037.0,25.0,Defender,Central Defender,120002,5khizzei8z0qbb7exz622wxw3,Frosinone Calcio,Frosinone,Frosinone,FRO,0.0,0.0,0.0,0.0,0.0,0.0,0.0,0.0,0.0,0.0,0.0,0.0,0.0,0.0,0.0,0.0,0.0,0.0,0.0,0.0,0.0,,,,,,,,,,120002.0,0.0,0.0,0.0,0.0,0.0,0.0,0.0,0.0,0.0,0.0,Kevin,Akpoguma,1995-04-19,31.42,2037.0,25.0,Defender,Central Defender,120002,5khizzei8z0qbb7exz622wxw3,Frosinone Calcio,Frosinone,Frosinone,FRO,120002.0,0.0,0.0,0.0,0.0,0.0,0.0,0.0,0.0,0.0,0.0,0.0,0.0,0.0,0.0,Kevin,Akpoguma,1995-04-19,31.42,2037.0,25.0,Defender,Central Defender,120002,5khizzei8z0qbb7exz622wxw3,Frosinone Calcio,Frosinone,Frosinone,FRO,120002,120002,2037,5khizzei8z0qbb7exz622wxw3
Kevin Carlos,509201.0,1.0,33.0,0.0,0.0,0.0,0.0,0.0,0.0,0.0,Kevin,Carlos,2001-04-10,25.44,124.0,9.0,Forward,Striker,bby7fmthsys2h60mp0w93gqqy,5rwlg5cfv1hu7yf0ek1zxpzy3,Cagliari Calcio,Cagliari,Cagliari,CAG,2.0,51.949,2.0,47.355,0.0,0.0,0.0,0.0,25.974,23.678,0.0,0.0,1.0,0.0,1.0,4.0,1.0,25.0,5.0,2.0,40.0,,,,,,,,,,509201.0,33.0,1.0,0.0,0.0,0.0,0.0,0.0,0.0,0.0,0.0,Kevin,Carlos,2001-04-10,25.44,124.0,9.0,Forward,Striker,bby7fmthsys2h60mp0w93gqqy,5rwlg5cfv1hu7yf0ek1zxpzy3,Cagliari Calcio,Cagliari,Cagliari,CAG,509201.0,33.0,1.0,3.0,1.0,33.33,0.0,0.0,0.0,1.0,0.0,0.0,0.0,0.0,0.0,Kevin,Carlos,2001-04-10,25.44,124.0,9.0,Forward,Striker,bby7fmthsys2h60mp0w93gqqy,5rwlg5cfv1hu7yf0ek1zxpzy3,Cagliari Calcio,Cagliari,Cagliari,CAG,509201,bby7fmthsys2h60mp0w93gqqy,124,5rwlg5cfv1hu7yf0ek1zxpzy3
Kevin De Bruyne,61366.0,3.0,85.0,1.0,0.29,0.71,2.0,1.0,50.0,0.14,Kevin,De Bruyne,1991-06-28,35.23,459.0,11.0,Midfielder,Attacking Midfielder,c2jqa9vozhqu7x79h5rr2n1ed,gi0l1habji5hpgar77dl5jqe,SSC Napoli,Napoli,Napoli,NAP,17.0,131.068,7.0,61.74,0.0,0.0,2.0,1.0,7.71,8.82,3.0,1.0,6.0,0.0,0.0,8.0,5.0,62.5,2.0,0.0,0.0,,,,,,,,,,61366.0,85.0,3.0,7.0,5.0,7.14,28.57,0.415,0.221,1.0,1.0,Kevin,De Bruyne,1991-06-28,35.23,459.0,11.0,Midfielder,Attacking Midfielder,c2jqa9vozhqu7x79h5rr2n1ed,gi0l1habji5hpgar77dl5jqe,SSC Napoli,Napoli,Napoli,NAP,61366.0,85.0,3.0,59.0,45.0,76.27,38.0,27.0,71.05,2.0,1.0,50.0,2.0,0.0,0.0,Kevin,De Bruyne,1991-06-28,35.23,459.0,11.0,Midfielder,Attacking Midfielder,c2jqa9vozhqu7x79h5rr2n1ed,gi0l1habji5hpgar77dl5jqe,SSC Napoli,Napoli,Napoli,NAP,61366,c2jqa9vozhqu7x79h5rr2n1ed,459,gi0l1habji5hpgar77dl5jqe
Khéphren Thuram,242887.0,0.0,0.0,0.0,0.0,0.0,0.0,0.0,0.0,0.0,Khéphren,Thuram,2001-03-26,25.48,128.0,19.0,Midfielder,Central Midfielder,242887,bqbbqm98ud8obe45ds9ohgyrd,Juventus FC,Juventus,Juventus,JUV,0.0,0.0,0.0,0.0,0.0,0.0,0.0,0.0,0.0,0.0,0.0,0.0,0.0,0.0,0.0,0.0,0.0,0.0,0.0,0.0,0.0,,,,,,,,,,242887.0,0.0,0.0,0.0,0.0,0.0,0.0,0.0,0.0,0.0,0.0,Khéphren,Thuram,2001-03-26,25.48,128.0,19.0,Midfielder,Central Midfielder,242887,bqbbqm98ud8obe45ds9ohgyrd,Juventus FC,Juventus,Juventus,JUV,242887.0,0.0,0.0,0.0,0.0,0.0,0.0,0.0,0.0,0.0,0.0,0.0,0.0,0.0,0.0,Khéphren,Thuram,2001-03-26,25.48,128.0,19.0,Midfielder,Central Midfielder,242887,bqbbqm98ud8obe45ds9ohgyrd,Juventus FC,Juventus,Juventus,JUV,242887,242887,128,bqbbqm98ud8obe45ds9ohgyrd
Kialonda Gaspar,520242.0,3.0,246.0,0.0,0.26,-0.26,1.0,1.0,0.0,0.26,Esmevânio Kialonda,Gaspar,1997-09-27,28.98,130.0,4.0,Defender,Central Defender,6udrxynn6611j9tjm258iu80k,bi1fxjrncd0ram0oi7ja1jyuo,US Lecce,Lecce,Lecce,LEC,10.0,88.941,2.0,23.1,0.0,0.0,0.0,0.0,8.894,11.55,11.0,2.0,7.0,1.0,21.0,20.0,14.0,70.0,5.0,3.0,60.0,,,,,,,,,,520242.0,246.0,3.0,0.0,0.0,0.0,0.0,0.011,0.011,0.0,0.0,Esmevânio Kialonda,Gaspar,1997-09-27,28.98,130.0,4.0,Defender,Central Defender,6udrxynn6611j9tjm258iu80k,bi1fxjrncd0ram0oi7ja1jyuo,US Lecce,Lecce,Lecce,LEC,520242.0,246.0,3.0,121.0,105.0,86.78,9.0,6.0,66.67,1.0,0.0,0.0,0.0,0.0,0.0,Esmevânio Kialonda,Gaspar,1997-09-27,28.98,130.0,4.0,Defender,Central Defender,6udrxynn6611j9tjm258iu80k,bi1fxjrncd0ram0oi7ja1jyuo,US Lecce,Lecce,Lecce,LEC,520242,6udrxynn6611j9tjm258iu80k,130,bi1fxjrncd0ram0oi7ja1jyuo
Kian Fitz-Jim,492771.0,3.0,270.0,0.0,0.04,-0.04,2.0,0.0,0.0,0.02,Kian,Fitz-Jim,2003-07-05,23.2,135.0,28.0,Midfielder,0,b8ixf31bdyfqqcwoy4ulai73e,7gnly6999wao1xarwct4p8fe9,Torino FC,Torino,Torino,TOR,42.0,409.456,20.0,176.295,0.0,0.0,3.0,0.0,9.749,8.815,3.0,2.0,11.0,0.0,2.0,19.0,13.0,68.421,1.0,0.0,0.0,,,,,,,,,,492771.0,270.0,3.0,5.0,4.0,2.8,20.0,0.623,0.599,0.0,0.0,Kian,Fitz-Jim,2003-07-05,23.2,135.0,28.0,Midfielder,0,b8ixf31bdyfqqcwoy4ulai73e,7gnly6999wao1xarwct4p8fe9,Torino FC,Torino,Torino,TOR,492771.0,270.0,3.0,149.0,133.0,89.26,40.0,32.0,80.0,1.0,0.0,0.0,1.0,1.0,100.0,Kian,Fitz-Jim,2003-07-05,23.2,135.0,28.0,Midfielder,0,b8ixf31bdyfqqcwoy4ulai73e,7gnly6999wao1xarwct4p8fe9,Torino FC,Torino,Torino,TOR,492771,b8ixf31bdyfqqcwoy4ulai73e,135,7gnly6999wao1xarwct4p8fe9
Kieron Bowie,470692.0,3.0,250.0,0.0,1.55,-1.55,7.0,2.0,0.0,0.22,Kieron,Bowie,2002-09-21,23.99,2182.0,9.0,Forward,Striker,ccczt6xl3hftl0qkn0txhi5pm,6tuibxq39fdryu8ou06wcm0q3,US Sassuolo Calcio,Sassuolo,Sassuolo,SAS,6.0,76.192,4.0,58.065,1.0,0.0,2.0,0.0,12.699,14.516,1.0,1.0,2.0,0.0,2.0,13.0,7.0,53.846,4.0,1.0,25.0,,,,,,,,,,470692.0,250.0,3.0,5.0,5.0,16.13,0.0,0.136,0.136,0.0,0.0,Kieron,Bowie,2002-09-21,23.99,2182.0,9.0,Forward,Striker,ccczt6xl3hftl0qkn0txhi5pm,6tuibxq39fdryu8ou06wcm0q3,US Sassuolo Calcio,Sassuolo,Sassuolo,SAS,470692.0,250.0,3.0,39.0,30.0,76.92,10.0,8.0,80.0,0.0,0.0,0.0,0.0,0.0,0.0,Kieron,Bowie,2002-09-21,23.99,2182.0,9.0,Forward,Striker,ccczt6xl3hftl0qkn0txhi5pm,6tuibxq39fdryu8ou06wcm0q3,US Sassuolo Calcio,Sassuolo,Sassuolo,SAS,470692,ccczt6xl3hftl0qkn0txhi5pm,2182,6tuibxq39fdryu8ou06wcm0q3
Kike Pérez,241865.0,3.0,240.0,0.0,0.0,0.0,0.0,0.0,0.0,0.0,Enrique,Pérez Muñoz,1997-02-14,29.59,137.0,71.0,Midfielder,Central Midfielder,66t7zm54jgmcjtiizl9g0rkkp,565sm63rjm2y7xeae0dcdbtnu,Venezia FC,Venezia,Venezia,VEN,37.0,397.111,16.0,156.03,0.0,0.0,0.0,0.0,10.733,9.752,9.0,1.0,14.0,0.0,1.0,25.0,16.0,64.0,4.0,1.0,25.0,,,,,,,,,,241865.0,240.0,3.0,5.0,3.0,2.16,40.0,0.417,0.223,0.0,0.0,Enrique,Pérez Muñoz,1997-02-14,29.59,137.0,71.0,Midfielder,Central Midfielder,66t7zm54jgmcjtiizl9g0rkkp,565sm63rjm2y7xeae0dcdbtnu,Venezia FC,Venezia,Venezia,VEN,241865.0,240.0,3.0,146.0,116.0,79.45,38.0,24.0,63.16,3.0,0.0,0.0,2.0,1.0,50.0,Enrique,Pérez Muñoz,1997-02-14,29.59,137.0,71.0,Midfielder,Central Midfielder,66t7zm54jgmcjtiizl9g0rkkp,565sm63rjm2y7xeae0dcdbtnu,Venezia FC,Venezia,Venezia,VEN,241865,66t7zm54jgmcjtiizl9g0rkkp,137,565sm63rjm2y7xeae0dcdbtnu
Kingsley Ehizibue,198081.0,1.0,24.0,0.0,0.0,0.0,0.0,0.0,0.0,0.0,Kingsley,Ehizibue,1995-05-25,31.32,990.0,3.0,Defender,Full Back,dfckk0xst90yjlep74tvups5x,4kumqzwifv478caxed8zywlh3,Genoa CFC,Genoa,Genoa,GEN,6.0,61.01,4.0,35.7,0.0,0.0,0.0,0.0,10.168,8.925,1.0,0.0,2.0,0.0,0.0,2.0,2.0,100.0,0.0,0.0,0.0,,,,,,,,,,198081.0,24.0,1.0,1.0,0.0,0.0,100.0,0.014,0.014,0.0,0.0,Kingsley,Ehizibue,1995-05-25,31.32,990.0,3.0,Defender,Full Back,dfckk0xst90yjlep74tvups5x,4kumqzwifv478caxed8zywlh3,Genoa CFC,Genoa,Genoa,GEN,198081.0,24.0,1.0,10.0,9.0,90.0,3.0,3.0,100.0,0.0,0.0,0.0,0.0,0.0,0.0,Kingsley,Ehizibue,1995-05-25,31.32,990.0,3.0,Defender,Full Back,dfckk0xst90yjlep74tvups5x,4kumqzwifv478caxed8zywlh3,Genoa CFC,Genoa,Genoa,GEN,198081,dfckk0xst90yjlep74tvups5x,990,4kumqzwifv478caxed8zywlh3
Kingstone Mutandwa,612704.0,1.0,3.0,0.0,0.0,0.0,0.0,0.0,0.0,0.0,Kingstone,Mutandwa,2003-01-05,23.7,124.0,18.0,Forward,Striker,6xd7rgs4s3717tnasercrgqok,5rwlg5cfv1hu7yf0ek1zxpzy3,Cagliari Calcio,Cagliari,Cagliari,CAG,2.0,29.497,2.0,21.21,0.0,0.0,0.0,0.0,14.748,10.605,0.0,0.0,0.0,0.0,0.0,4.0,0.0,0.0,2.0,0.0,0.0,,,,,,,,,,612704.0,3.0,1.0,0.0,0.0,0.0,0.0,0.0,0.0,0.0,0.0,Kingstone,Mutandwa,2003-01-05,23.7,124.0,18.0,Forward,Striker,6xd7rgs4s3717tnasercrgqok,5rwlg5cfv1hu7yf0ek1zxpzy3,Cagliari Calcio,Cagliari,Cagliari,CAG,612704.0,3.0,1.0,0.0,0.0,0.0,0.0,0.0,0.0,0.0,0.0,0.0,0.0,0.0,0.0,Kingstone,Mutandwa,2003-01-05,23.7,124.0,18.0,Forward,Striker,6xd7rgs4s3717tnasercrgqok,5rwlg5cfv1hu7yf0ek1zxpzy3,Cagliari Calcio,Cagliari,Cagliari,CAG,612704,6xd7rgs4s3717tnasercrgqok,124,5rwlg5cfv1hu7yf0ek1zxpzy3
Konan N’Dri,477240.0,3.0,143.0,0.0,0.09,-0.09,3.0,0.0,0.0,0.03,Konan,N’Dri,2000-10-27,25.89,130.0,11.0,Forward,Winger,8xjlysmwl5vnhcnvsynftjd62,bi1fxjrncd0ram0oi7ja1jyuo,US Lecce,Lecce,Lecce,LEC,27.0,486.04,22.0,380.94,3.0,0.0,0.0,0.0,18.001,17.315,4.0,0.0,6.0,0.0,1.0,19.0,10.0,52.632,2.0,0.0,0.0,,,,,,,,,,477240.0,143.0,3.0,0.0,0.0,0.0,0.0,0.032,0.032,0.0,0.0,Konan,N’Dri,2000-10-27,25.89,130.0,11.0,Forward,Winger,8xjlysmwl5vnhcnvsynftjd62,bi1fxjrncd0ram0oi7ja1jyuo,US Lecce,Lecce,Lecce,LEC,477240.0,143.0,3.0,31.0,20.0,64.52,18.0,10.0,55.56,6.0,0.0,0.0,0.0,0.0,0.0,Konan,N’Dri,2000-10-27,25.89,130.0,11.0,Forward,Winger,8xjlysmwl5vnhcnvsynftjd62,bi1fxjrncd0ram0oi7ja1jyuo,US Lecce,Lecce,Lecce,LEC,477240,8xjlysmwl5vnhcnvsynftjd62,130,bi1fxjrncd0ram0oi7ja1jyuo
Koni De Winter,248881.0,3.0,270.0,0.0,0.38,-0.38,3.0,0.0,0.0,0.13,Koni,De Winter,2002-06-12,24.27,120.0,5.0,Defender,Central Defender,95r0jtkw03vjohzwc8os8ielm,9dntj5dioj5ex52yrgwzxrq9l,AC Milan,Milan,Milan,MIL,32.0,342.613,15.0,120.645,0.0,0.0,0.0,0.0,10.707,8.043,7.0,4.0,11.0,2.0,17.0,15.0,8.0,53.333,9.0,7.0,77.778,,,,,,,,,,248881.0,270.0,3.0,0.0,0.0,0.0,0.0,0.016,0.016,0.0,0.0,Koni,De Winter,2002-06-12,24.27,120.0,5.0,Defender,Central Defender,95r0jtkw03vjohzwc8os8ielm,9dntj5dioj5ex52yrgwzxrq9l,AC Milan,Milan,Milan,MIL,248881.0,270.0,3.0,144.0,135.0,93.75,6.0,4.0,66.67,0.0,0.0,0.0,0.0,0.0,0.0,Koni,De Winter,2002-06-12,24.27,120.0,5.0,Defender,Central Defender,95r0jtkw03vjohzwc8os8ielm,9dntj5dioj5ex52yrgwzxrq9l,AC Milan,Milan,Milan,MIL,248881,95r0jtkw03vjohzwc8os8ielm,120,9dntj5dioj5ex52yrgwzxrq9l
Konstantinos Koulierakis,570164.0,1.0,22.0,0.0,0.0,0.0,0.0,0.0,0.0,0.0,Konstantinos,Koulierakis,2003-11-28,22.8,121.0,3.0,Defender,Central Defender,5d3stmq3pgka4qhdfoff35t9m,2tk2l9sgktwc9jhzqdd4mpdtb,AS Roma,Roma,Roma,ROM,3.0,47.878,2.0,40.11,0.0,0.0,0.0,0.0,15.959,20.055,1.0,0.0,2.0,0.0,0.0,1.0,1.0,100.0,0.0,0.0,0.0,,,,,,,,,,570164.0,22.0,1.0,0.0,0.0,0.0,0.0,0.002,0.002,0.0,0.0,Konstantinos,Koulierakis,2003-11-28,22.8,121.0,3.0,Defender,Central Defender,5d3stmq3pgka4qhdfoff35t9m,2tk2l9sgktwc9jhzqdd4mpdtb,AS Roma,Roma,Roma,ROM,570164.0,22.0,1.0,15.0,14.0,93.33,1.0,1.0,100.0,1.0,0.0,0.0,0.0,0.0,0.0,Konstantinos,Koulierakis,2003-11-28,22.8,121.0,3.0,Defender,Central Defender,5d3stmq3pgka4qhdfoff35t9m,2tk2l9sgktwc9jhzqdd4mpdtb,AS Roma,Roma,Roma,ROM,570164,5d3stmq3pgka4qhdfoff35t9m,121,2tk2l9sgktwc9jhzqdd4mpdtb
Kornel Lisman,639018.0,0.0,0.0,0.0,0.0,0.0,0.0,0.0,0.0,0.0,Kornel,Lisman,2006-02-20,20.57,137.0,56.0,Forward,Winger,639018,565sm63rjm2y7xeae0dcdbtnu,Venezia FC,Venezia,Venezia,VEN,0.0,0.0,0.0,0.0,0.0,0.0,0.0,0.0,0.0,0.0,0.0,0.0,0.0,0.0,0.0,0.0,0.0,0.0,0.0,0.0,0.0,,,,,,,,,,639018.0,0.0,0.0,0.0,0.0,0.0,0.0,0.0,0.0,0.0,0.0,Kornel,Lisman,2006-02-20,20.57,137.0,56.0,Forward,Winger,639018,565sm63rjm2y7xeae0dcdbtnu,Venezia FC,Venezia,Venezia,VEN,639018.0,0.0,0.0,0.0,0.0,0.0,0.0,0.0,0.0,0.0,0.0,0.0,0.0,0.0,0.0,Kornel,Lisman,2006-02-20,20.57,137.0,56.0,Forward,Winger,639018,565sm63rjm2y7xeae0dcdbtnu,Venezia FC,Venezia,Venezia,VEN,639018,639018,137,565sm63rjm2y7xeae0dcdbtnu
Kristian Thorstvedt,445043.0,3.0,86.0,0.0,0.42,-0.42,4.0,2.0,0.0,0.1,Kristian,Thorstvedt,1999-03-13,27.52,2182.0,42.0,Midfielder,Central Midfielder,cc04mat3snly9oe4bt7xaeooa,6tuibxq39fdryu8ou06wcm0q3,US Sassuolo Calcio,Sassuolo,Sassuolo,SAS,18.0,208.238,8.0,107.94,1.0,0.0,0.0,0.0,11.569,13.492,2.0,0.0,6.0,0.0,0.0,10.0,7.0,70.0,2.0,2.0,100.0,,,,,,,,,,445043.0,86.0,3.0,1.0,1.0,1.47,0.0,0.145,0.144,0.0,0.0,Kristian,Thorstvedt,1999-03-13,27.52,2182.0,42.0,Midfielder,Central Midfielder,cc04mat3snly9oe4bt7xaeooa,6tuibxq39fdryu8ou06wcm0q3,US Sassuolo Calcio,Sassuolo,Sassuolo,SAS,445043.0,86.0,3.0,71.0,66.0,92.96,28.0,24.0,85.71,1.0,0.0,0.0,0.0,0.0,0.0,Kristian,Thorstvedt,1999-03-13,27.52,2182.0,42.0,Midfielder,Central Midfielder,cc04mat3snly9oe4bt7xaeooa,6tuibxq39fdryu8ou06wcm0q3,US Sassuolo Calcio,Sassuolo,Sassuolo,SAS,445043,cc04mat3snly9oe4bt7xaeooa,2182,6tuibxq39fdryu8ou06wcm0q3
Lamine Fanne,617693.0,0.0,0.0,0.0,0.0,0.0,0.0,0.0,0.0,0.0,Lamine,Fanne,2004-01-30,22.63,137.0,8.0,Midfielder,Central Midfielder,617693,565sm63rjm2y7xeae0dcdbtnu,Venezia FC,Venezia,Venezia,VEN,0.0,0.0,0.0,0.0,0.0,0.0,0.0,0.0,0.0,0.0,0.0,0.0,0.0,0.0,0.0,0.0,0.0,0.0,0.0,0.0,0.0,,,,,,,,,,617693.0,0.0,0.0,0.0,0.0,0.0,0.0,0.0,0.0,0.0,0.0,Lamine,Fanne,2004-01-30,22.63,137.0,8.0,Midfielder,Central Midfielder,617693,565sm63rjm2y7xeae0dcdbtnu,Venezia FC,Venezia,Venezia,VEN,617693.0,0.0,0.0,0.0,0.0,0.0,0.0,0.0,0.0,0.0,0.0,0.0,0.0,0.0,0.0,Lamine,Fanne,2004-01-30,22.63,137.0,8.0,Midfielder,Central Midfielder,617693,565sm63rjm2y7xeae0dcdbtnu,Venezia FC,Venezia,Venezia,VEN,617693,617693,137,565sm63rjm2y7xeae0dcdbtnu
Lassana Coulibaly,215047.0,3.0,270.0,0.0,0.22,-0.22,2.0,1.0,0.0,0.11,Lassana,Coulibaly,1996-04-10,30.44,130.0,29.0,Midfielder,Central Midfielder,7pg1pu4ptby6hi0rp29hv4jxl,bi1fxjrncd0ram0oi7ja1jyuo,US Lecce,Lecce,Lecce,LEC,46.0,545.931,17.0,131.355,0.0,0.0,1.0,0.0,11.868,7.727,3.0,3.0,17.0,0.0,3.0,23.0,12.0,52.174,3.0,2.0,66.667,,,,,,,,,,215047.0,270.0,3.0,5.0,5.0,3.23,0.0,0.121,0.121,1.0,1.0,Lassana,Coulibaly,1996-04-10,30.44,130.0,29.0,Midfielder,Central Midfielder,7pg1pu4ptby6hi0rp29hv4jxl,bi1fxjrncd0ram0oi7ja1jyuo,US Lecce,Lecce,Lecce,LEC,215047.0,270.0,3.0,124.0,104.0,83.87,31.0,22.0,70.97,0.0,0.0,0.0,0.0,0.0,0.0,Lassana,Coulibaly,1996-04-10,30.44,130.0,29.0,Midfielder,Central Midfielder,7pg1pu4ptby6hi0rp29hv4jxl,bi1fxjrncd0ram0oi7ja1jyuo,US Lecce,Lecce,Lecce,LEC,215047,7pg1pu4ptby6hi0rp29hv4jxl,130,bi1fxjrncd0ram0oi7ja1jyuo
Laurs Skjellerup,508870.0,0.0,0.0,0.0,0.0,0.0,0.0,0.0,0.0,0.0,Laurs,Skjellerup,2002-08-12,24.1,2182.0,19.0,Forward,Striker,508870,6tuibxq39fdryu8ou06wcm0q3,US Sassuolo Calcio,Sassuolo,Sassuolo,SAS,0.0,0.0,0.0,0.0,0.0,0.0,0.0,0.0,0.0,0.0,0.0,0.0,0.0,0.0,0.0,0.0,0.0,0.0,0.0,0.0,0.0,,,,,,,,,,508870.0,0.0,0.0,0.0,0.0,0.0,0.0,0.0,0.0,0.0,0.0,Laurs,Skjellerup,2002-08-12,24.1,2182.0,19.0,Forward,Striker,508870,6tuibxq39fdryu8ou06wcm0q3,US Sassuolo Calcio,Sassuolo,Sassuolo,SAS,508870.0,0.0,0.0,0.0,0.0,0.0,0.0,0.0,0.0,0.0,0.0,0.0,0.0,0.0,0.0,Laurs,Skjellerup,2002-08-12,24.1,2182.0,19.0,Forward,Striker,508870,6tuibxq39fdryu8ou06wcm0q3,US Sassuolo Calcio,Sassuolo,Sassuolo,SAS,508870,508870,2182,6tuibxq39fdryu8ou06wcm0q3
Lautaro Martínez,209737.0,3.0,234.0,2.0,3.06,-1.06,16.0,4.0,12.5,0.19,Lautaro,Martínez,1997-08-22,29.07,127.0,10.0,Forward,Striker,7r2tgpdrr4v6n9d2gkzwmlazt,3vo5mpj7catp66nrwwqiuhuup,FC Internazionale Milano,Internazionale,Inter,INT,21.0,220.032,9.0,71.085,2.0,0.0,2.0,0.0,10.478,7.898,4.0,1.0,3.0,0.0,2.0,24.0,10.0,41.667,5.0,2.0,40.0,,,,,,,,,,209737.0,234.0,3.0,4.0,4.0,5.41,0.0,0.185,0.184,0.0,0.0,Lautaro,Martínez,1997-08-22,29.07,127.0,10.0,Forward,Striker,7r2tgpdrr4v6n9d2gkzwmlazt,3vo5mpj7catp66nrwwqiuhuup,FC Internazionale Milano,Internazionale,Inter,INT,209737.0,234.0,3.0,81.0,64.0,79.01,37.0,24.0,64.86,2.0,1.0,50.0,0.0,0.0,0.0,Lautaro,Martínez,1997-08-22,29.07,127.0,10.0,Forward,Striker,7r2tgpdrr4v6n9d2gkzwmlazt,3vo5mpj7catp66nrwwqiuhuup,FC Internazionale Milano,Internazionale,Inter,INT,209737,7r2tgpdrr4v6n9d2gkzwmlazt,127,3vo5mpj7catp66nrwwqiuhuup
Lautaro Valenti,462487.0,1.0,45.0,0.0,0.0,0.0,0.0,0.0,0.0,0.0,Lautaro,Valenti,1999-01-14,27.68,131.0,5.0,Defender,Central Defender,befbveuodyomkhm9ed31kb4a2,5aosfavi55p40c65lkriqnqnl,Parma Calcio 1913,Parma,Parma,PAR,1.0,7.594,1.0,6.405,0.0,0.0,0.0,0.0,7.594,6.405,0.0,1.0,0.0,0.0,0.0,0.0,0.0,0.0,3.0,1.0,33.333,,,,,,,,,,462487.0,45.0,1.0,0.0,0.0,0.0,0.0,0.013,0.002,0.0,0.0,Lautaro,Valenti,1999-01-14,27.68,131.0,5.0,Defender,Central Defender,befbveuodyomkhm9ed31kb4a2,5aosfavi55p40c65lkriqnqnl,Parma Calcio 1913,Parma,Parma,PAR,462487.0,45.0,1.0,16.0,14.0,87.5,2.0,1.0,50.0,0.0,0.0,0.0,0.0,0.0,0.0,Lautaro,Valenti,1999-01-14,27.68,131.0,5.0,Defender,Central Defender,befbveuodyomkhm9ed31kb4a2,5aosfavi55p40c65lkriqnqnl,Parma Calcio 1913,Parma,Parma,PAR,462487,befbveuodyomkhm9ed31kb4a2,131,5aosfavi55p40c65lkriqnqnl
Lazar Jovanovic,620478.0,0.0,0.0,0.0,0.0,0.0,0.0,0.0,0.0,0.0,Lazar,Jovanovic,2006-11-30,19.79,136.0,91.0,Forward,Winger,620478,dxq76zcvnokq07cszdx0i6kve,Udinese Calcio,Udinese,Udinese,UDI,0.0,0.0,0.0,0.0,0.0,0.0,0.0,0.0,0.0,0.0,0.0,0.0,0.0,0.0,0.0,0.0,0.0,0.0,0.0,0.0,0.0,,,,,,,,,,620478.0,0.0,0.0,0.0,0.0,0.0,0.0,0.0,0.0,0.0,0.0,Lazar,Jovanovic,2006-11-30,19.79,136.0,91.0,Forward,Winger,620478,dxq76zcvnokq07cszdx0i6kve,Udinese Calcio,Udinese,Udinese,UDI,620478.0,0.0,0.0,0.0,0.0,0.0,0.0,0.0,0.0,0.0,0.0,0.0,0.0,0.0,0.0,Lazar,Jovanovic,2006-11-30,19.79,136.0,91.0,Forward,Winger,620478,dxq76zcvnokq07cszdx0i6kve,Udinese Calcio,Udinese,Udinese,UDI,620478,620478,136,dxq76zcvnokq07cszdx0i6kve
Lazar Samardzic,477529.0,3.0,118.0,1.0,0.22,0.78,3.0,1.0,33.33,0.07,Lazar,Samardzic,2002-02-24,24.56,456.0,10.0,Midfielder,Central Midfielder,bl76cebhta912vfi9z7ky32p6,e75syeuawg3ql8nwpi3vr2btz,Atalanta Bergamasca Calcio,Atalanta,Atalanta,ATA,6.0,60.753,4.0,28.77,1.0,1.0,0.0,0.0,10.126,7.192,4.0,2.0,3.0,0.0,1.0,14.0,5.0,35.714,2.0,1.0,50.0,,,,,,,,,,477529.0,118.0,3.0,3.0,1.0,2.33,66.67,0.074,0.028,0.0,0.0,Lazar,Samardzic,2002-02-24,24.56,456.0,10.0,Midfielder,Central Midfielder,bl76cebhta912vfi9z7ky32p6,e75syeuawg3ql8nwpi3vr2btz,Atalanta Bergamasca Calcio,Atalanta,Atalanta,ATA,477529.0,118.0,3.0,43.0,36.0,83.72,14.0,12.0,85.71,1.0,0.0,0.0,0.0,0.0,0.0,Lazar,Samardzic,2002-02-24,24.56,456.0,10.0,Midfielder,Central Midfielder,bl76cebhta912vfi9z7ky32p6,e75syeuawg3ql8nwpi3vr2btz,Atalanta Bergamasca Calcio,Atalanta,Atalanta,ATA,477529,bl76cebhta912vfi9z7ky32p6,456,e75syeuawg3ql8nwpi3vr2btz
Lennon Miller,568793.0,3.0,124.0,0.0,0.03,-0.03,1.0,1.0,0.0,0.03,Lennon,Miller,2006-08-25,20.06,136.0,38.0,Midfielder,Central Midfielder,9785y6kolfs8e6yxbl7o4xzis,dxq76zcvnokq07cszdx0i6kve,Udinese Calcio,Udinese,Udinese,UDI,14.0,153.12,6.0,45.36,1.0,0.0,0.0,0.0,10.937,7.56,2.0,6.0,6.0,1.0,6.0,20.0,8.0,40.0,0.0,0.0,0.0,,,,,,,,,,568793.0,124.0,3.0,1.0,1.0,2.5,0.0,0.031,0.027,0.0,0.0,Lennon,Miller,2006-08-25,20.06,136.0,38.0,Midfielder,Central Midfielder,9785y6kolfs8e6yxbl7o4xzis,dxq76zcvnokq07cszdx0i6kve,Udinese Calcio,Udinese,Udinese,UDI,568793.0,124.0,3.0,44.0,39.0,88.64,16.0,12.0,75.0,0.0,0.0,0.0,0.0,0.0,0.0,Lennon,Miller,2006-08-25,20.06,136.0,38.0,Midfielder,Central Midfielder,9785y6kolfs8e6yxbl7o4xzis,dxq76zcvnokq07cszdx0i6kve,Udinese Calcio,Udinese,Udinese,UDI,568793,9785y6kolfs8e6yxbl7o4xzis,136,dxq76zcvnokq07cszdx0i6kve
Leo Østigård,462026.0,3.0,246.0,0.0,0.0,0.0,0.0,0.0,0.0,0.0,Leo,Østigård,1999-11-28,26.81,990.0,5.0,Defender,Central Defender,40msbo4o5bwx0oeuz4743w161,4kumqzwifv478caxed8zywlh3,Genoa CFC,Genoa,Genoa,GEN,48.0,520.264,30.0,352.38,0.0,0.0,0.0,0.0,10.839,11.746,4.0,4.0,6.0,6.0,17.0,9.0,5.0,55.556,14.0,8.0,57.143,,,,,,,,,,462026.0,246.0,3.0,1.0,1.0,0.55,0.0,0.026,0.026,0.0,0.0,Leo,Østigård,1999-11-28,26.81,990.0,5.0,Defender,Central Defender,40msbo4o5bwx0oeuz4743w161,4kumqzwifv478caxed8zywlh3,Genoa CFC,Genoa,Genoa,GEN,462026.0,246.0,3.0,185.0,167.0,90.27,13.0,3.0,23.08,0.0,0.0,0.0,0.0,0.0,0.0,Leo,Østigård,1999-11-28,26.81,990.0,5.0,Defender,Central Defender,40msbo4o5bwx0oeuz4743w161,4kumqzwifv478caxed8zywlh3,Genoa CFC,Genoa,Genoa,GEN,462026,40msbo4o5bwx0oeuz4743w161,990,4kumqzwifv478caxed8zywlh3
Leonardo Balerdi,446682.0,1.0,23.0,0.0,0.0,0.0,0.0,0.0,0.0,0.0,Leonardo,Balerdi,1999-01-26,27.64,121.0,26.0,Defender,Central Defender,74edqcuzfzy7nswqzn0v3pe22,2tk2l9sgktwc9jhzqdd4mpdtb,AS Roma,Roma,Roma,ROM,7.0,97.069,5.0,66.15,0.0,0.0,0.0,0.0,13.867,13.23,1.0,2.0,3.0,0.0,0.0,1.0,1.0,100.0,1.0,1.0,100.0,,,,,,,,,,446682.0,23.0,1.0,0.0,0.0,0.0,0.0,0.005,0.005,0.0,0.0,Leonardo,Balerdi,1999-01-26,27.64,121.0,26.0,Defender,Central Defender,74edqcuzfzy7nswqzn0v3pe22,2tk2l9sgktwc9jhzqdd4mpdtb,AS Roma,Roma,Roma,ROM,446682.0,23.0,1.0,23.0,21.0,91.3,3.0,3.0,100.0,0.0,0.0,0.0,0.0,0.0,0.0,Leonardo,Balerdi,1999-01-26,27.64,121.0,26.0,Defender,Central Defender,74edqcuzfzy7nswqzn0v3pe22,2tk2l9sgktwc9jhzqdd4mpdtb,AS Roma,Roma,Roma,ROM,446682,74edqcuzfzy7nswqzn0v3pe22,121,2tk2l9sgktwc9jhzqdd4mpdtb
Leonardo Bovio,631126.0,0.0,0.0,0.0,0.0,0.0,0.0,0.0,0.0,0.0,Leonardo,Bovio,2008-02-04,18.61,127.0,46.0,Defender,Central Defender,631126,3vo5mpj7catp66nrwwqiuhuup,FC Internazionale Milano,Internazionale,Inter,INT,0.0,0.0,0.0,0.0,0.0,0.0,0.0,0.0,0.0,0.0,0.0,0.0,0.0,0.0,0.0,0.0,0.0,0.0,0.0,0.0,0.0,,,,,,,,,,631126.0,0.0,0.0,0.0,0.0,0.0,0.0,0.0,0.0,0.0,0.0,Leonardo,Bovio,2008-02-04,18.61,127.0,46.0,Defender,Central Defender,631126,3vo5mpj7catp66nrwwqiuhuup,FC Internazionale Milano,Internazionale,Inter,INT,631126.0,0.0,0.0,0.0,0.0,0.0,0.0,0.0,0.0,0.0,0.0,0.0,0.0,0.0,0.0,Leonardo,Bovio,2008-02-04,18.61,127.0,46.0,Defender,Central Defender,631126,3vo5mpj7catp66nrwwqiuhuup,FC Internazionale Milano,Internazionale,Inter,INT,631126,631126,127,3vo5mpj7catp66nrwwqiuhuup
Leonardo Colombo,601201.0,1.0,28.0,0.0,0.0,0.0,0.0,0.0,0.0,0.0,Leonardo,Colombo,2005-06-04,21.28,742.0,21.0,Midfielder,Defensive Midfielder,6r2xfmixeizxzt19lna2jjwgk,67z1gqyiuzpmmb15q5fy7ntc4,AC Monza,Monza,Monza,MON,5.0,40.713,3.0,12.18,0.0,0.0,0.0,0.0,8.143,4.06,0.0,0.0,0.0,0.0,0.0,1.0,0.0,0.0,0.0,0.0,0.0,,,,,,,,,,601201.0,28.0,1.0,0.0,0.0,0.0,0.0,0.003,0.003,0.0,0.0,Leonardo,Colombo,2005-06-04,21.28,742.0,21.0,Midfielder,Defensive Midfielder,6r2xfmixeizxzt19lna2jjwgk,67z1gqyiuzpmmb15q5fy7ntc4,AC Monza,Monza,Monza,MON,601201.0,28.0,1.0,16.0,11.0,68.75,5.0,3.0,60.0,0.0,0.0,0.0,0.0,0.0,0.0,Leonardo,Colombo,2005-06-04,21.28,742.0,21.0,Midfielder,Defensive Midfielder,6r2xfmixeizxzt19lna2jjwgk,67z1gqyiuzpmmb15q5fy7ntc4,AC Monza,Monza,Monza,MON,601201,6r2xfmixeizxzt19lna2jjwgk,742,67z1gqyiuzpmmb15q5fy7ntc4
Leonardo Spinazzola,84161.0,3.0,214.0,0.0,0.07,-0.07,2.0,1.0,0.0,0.03,Leonardo,Spinazzola,1993-03-25,33.49,459.0,37.0,Defender,Full Back,9ka7y81b5kst146mhq7mom5ed,gi0l1habji5hpgar77dl5jqe,SSC Napoli,Napoli,Napoli,NAP,45.0,547.11,30.0,392.805,0.0,0.0,0.0,0.0,12.158,13.094,0.0,1.0,5.0,1.0,2.0,8.0,0.0,0.0,0.0,0.0,0.0,,,,,,,,,,84161.0,214.0,3.0,3.0,3.0,2.34,0.0,0.36,0.359,0.0,0.0,Leonardo,Spinazzola,1993-03-25,33.49,459.0,37.0,Defender,Full Back,9ka7y81b5kst146mhq7mom5ed,gi0l1habji5hpgar77dl5jqe,SSC Napoli,Napoli,Napoli,NAP,84161.0,214.0,3.0,129.0,111.0,86.05,60.0,51.0,85.0,1.0,1.0,100.0,1.0,0.0,0.0,Leonardo,Spinazzola,1993-03-25,33.49,459.0,37.0,Defender,Full Back,9ka7y81b5kst146mhq7mom5ed,gi0l1habji5hpgar77dl5jqe,SSC Napoli,Napoli,Napoli,NAP,84161,9ka7y81b5kst146mhq7mom5ed,459,gi0l1habji5hpgar77dl5jqe
Lewis Ferguson,439492.0,3.0,270.0,0.0,0.35,-0.35,3.0,1.0,0.0,0.12,Lewis,Ferguson,1999-08-24,27.07,123.0,19.0,Midfielder,Central Midfielder,bdb6j168crcrwje9k0titxv55,ej5er0oyngdw138yuumwqbyqt,Bologna FC 1909,Bologna,Bologna,BOL,67.0,802.681,35.0,436.17,1.0,0.0,0.0,0.0,11.98,12.462,9.0,2.0,12.0,2.0,2.0,21.0,12.0,57.143,2.0,1.0,50.0,,,,,,,,,,439492.0,270.0,3.0,5.0,4.0,1.31,20.0,0.68,0.664,0.0,0.0,Lewis,Ferguson,1999-08-24,27.07,123.0,19.0,Midfielder,Central Midfielder,bdb6j168crcrwje9k0titxv55,ej5er0oyngdw138yuumwqbyqt,Bologna FC 1909,Bologna,Bologna,BOL,439492.0,270.0,3.0,327.0,304.0,92.97,83.0,75.0,90.36,1.0,1.0,100.0,1.0,0.0,0.0,Lewis,Ferguson,1999-08-24,27.07,123.0,19.0,Midfielder,Central Midfielder,bdb6j168crcrwje9k0titxv55,ej5er0oyngdw138yuumwqbyqt,Bologna FC 1909,Bologna,Bologna,BOL,439492,bdb6j168crcrwje9k0titxv55,123,ej5er0oyngdw138yuumwqbyqt
Lion Lauberbach,428364.0,2.0,30.0,0.0,0.0,0.0,0.0,0.0,0.0,0.0,Lion,Lauberbach,1998-02-15,28.59,137.0,29.0,Forward,Striker,aigck7fak1wyc90vol0euvr3d,565sm63rjm2y7xeae0dcdbtnu,Venezia FC,Venezia,Venezia,VEN,2.0,15.961,1.0,11.55,0.0,0.0,0.0,0.0,7.98,11.55,1.0,0.0,1.0,0.0,0.0,6.0,3.0,50.0,1.0,1.0,100.0,,,,,,,,,,428364.0,30.0,2.0,0.0,0.0,0.0,0.0,0.004,0.004,0.0,0.0,Lion,Lauberbach,1998-02-15,28.59,137.0,29.0,Forward,Striker,aigck7fak1wyc90vol0euvr3d,565sm63rjm2y7xeae0dcdbtnu,Venezia FC,Venezia,Venezia,VEN,428364.0,30.0,2.0,11.0,6.0,54.55,6.0,3.0,50.0,1.0,0.0,0.0,0.0,0.0,0.0,Lion,Lauberbach,1998-02-15,28.59,137.0,29.0,Forward,Striker,aigck7fak1wyc90vol0euvr3d,565sm63rjm2y7xeae0dcdbtnu,Venezia FC,Venezia,Venezia,VEN,428364,aigck7fak1wyc90vol0euvr3d,137,565sm63rjm2y7xeae0dcdbtnu
Lloyd Kelly,235530.0,2.0,105.0,0.0,0.1,-0.1,1.0,0.0,0.0,0.1,Lloyd,Kelly,1998-10-06,27.95,128.0,6.0,Defender,Central Defender,7gyfpskzbb3r5nhiniky22o6h,bqbbqm98ud8obe45ds9ohgyrd,Juventus FC,Juventus,Juventus,JUV,16.0,187.549,6.0,47.04,0.0,0.0,0.0,0.0,11.722,7.84,0.0,0.0,7.0,0.0,3.0,3.0,1.0,33.333,3.0,0.0,0.0,,,,,,,,,,235530.0,105.0,2.0,0.0,0.0,0.0,0.0,0.006,0.006,0.0,0.0,Lloyd,Kelly,1998-10-06,27.95,128.0,6.0,Defender,Central Defender,7gyfpskzbb3r5nhiniky22o6h,bqbbqm98ud8obe45ds9ohgyrd,Juventus FC,Juventus,Juventus,JUV,235530.0,105.0,2.0,73.0,62.0,84.93,9.0,4.0,44.44,0.0,0.0,0.0,0.0,0.0,0.0,Lloyd,Kelly,1998-10-06,27.95,128.0,6.0,Defender,Central Defender,7gyfpskzbb3r5nhiniky22o6h,bqbbqm98ud8obe45ds9ohgyrd,Juventus FC,Juventus,Juventus,JUV,235530,7gyfpskzbb3r5nhiniky22o6h,128,bqbbqm98ud8obe45ds9ohgyrd
Lorenzo Berardi,703653.0,0.0,0.0,0.0,0.0,0.0,0.0,0.0,0.0,0.0,Lorenzo,Berardi,2006-04-05,20.45,137.0,36.0,Midfielder,Attacking Midfielder,703653,565sm63rjm2y7xeae0dcdbtnu,Venezia FC,Venezia,Venezia,VEN,0.0,0.0,0.0,0.0,0.0,0.0,0.0,0.0,0.0,0.0,0.0,0.0,0.0,0.0,0.0,0.0,0.0,0.0,0.0,0.0,0.0,,,,,,,,,,703653.0,0.0,0.0,0.0,0.0,0.0,0.0,0.0,0.0,0.0,0.0,Lorenzo,Berardi,2006-04-05,20.45,137.0,36.0,Midfielder,Attacking Midfielder,703653,565sm63rjm2y7xeae0dcdbtnu,Venezia FC,Venezia,Venezia,VEN,703653.0,0.0,0.0,0.0,0.0,0.0,0.0,0.0,0.0,0.0,0.0,0.0,0.0,0.0,0.0,Lorenzo,Berardi,2006-04-05,20.45,137.0,36.0,Midfielder,Attacking Midfielder,703653,565sm63rjm2y7xeae0dcdbtnu,Venezia FC,Venezia,Venezia,VEN,703653,703653,137,565sm63rjm2y7xeae0dcdbtnu
Lorenzo Bernasconi,508878.0,1.0,71.0,0.0,0.0,0.0,0.0,0.0,0.0,0.0,Lorenzo,Bernasconi,2003-11-16,22.84,456.0,47.0,Defender,Wing Back,63tj5b59b7en3tnd4sjff8woa,e75syeuawg3ql8nwpi3vr2btz,Atalanta Bergamasca Calcio,Atalanta,Atalanta,ATA,3.0,40.436,3.0,39.06,0.0,0.0,0.0,0.0,13.479,13.02,0.0,0.0,0.0,0.0,0.0,2.0,0.0,0.0,1.0,0.0,0.0,,,,,,,,,,508878.0,71.0,1.0,0.0,0.0,0.0,0.0,0.02,0.006,0.0,0.0,Lorenzo,Bernasconi,2003-11-16,22.84,456.0,47.0,Defender,Wing Back,63tj5b59b7en3tnd4sjff8woa,e75syeuawg3ql8nwpi3vr2btz,Atalanta Bergamasca Calcio,Atalanta,Atalanta,ATA,508878.0,71.0,1.0,27.0,24.0,88.89,7.0,5.0,71.43,0.0,0.0,0.0,0.0,0.0,0.0,Lorenzo,Bernasconi,2003-11-16,22.84,456.0,47.0,Defender,Wing Back,63tj5b59b7en3tnd4sjff8woa,e75syeuawg3ql8nwpi3vr2btz,Atalanta Bergamasca Calcio,Atalanta,Atalanta,ATA,508878,63tj5b59b7en3tnd4sjff8woa,456,e75syeuawg3ql8nwpi3vr2btz
Lorenzo Colombo,450025.0,3.0,230.0,0.0,0.12,-0.12,3.0,0.0,0.0,0.04,Lorenzo,Colombo,2002-03-08,24.53,990.0,29.0,Forward,Striker,46yp8iqh0qm7i75d98tfrsbxm,4kumqzwifv478caxed8zywlh3,Genoa CFC,Genoa,Genoa,GEN,9.0,105.928,3.0,38.85,0.0,0.0,2.0,1.0,11.77,12.95,2.0,1.0,2.0,1.0,1.0,17.0,7.0,41.176,10.0,0.0,0.0,,,,,,,,,,450025.0,230.0,3.0,4.0,4.0,7.89,0.0,0.532,0.532,1.0,1.0,Lorenzo,Colombo,2002-03-08,24.53,990.0,29.0,Forward,Striker,46yp8iqh0qm7i75d98tfrsbxm,4kumqzwifv478caxed8zywlh3,Genoa CFC,Genoa,Genoa,GEN,450025.0,230.0,3.0,38.0,28.0,73.68,19.0,13.0,68.42,1.0,1.0,100.0,0.0,0.0,0.0,Lorenzo,Colombo,2002-03-08,24.53,990.0,29.0,Forward,Striker,46yp8iqh0qm7i75d98tfrsbxm,4kumqzwifv478caxed8zywlh3,Genoa CFC,Genoa,Genoa,GEN,450025,46yp8iqh0qm7i75d98tfrsbxm,990,4kumqzwifv478caxed8zywlh3
Lorenzo De Silvestri,21125.0,0.0,0.0,0.0,0.0,0.0,0.0,0.0,0.0,0.0,Lorenzo,De Silvestri,1988-05-23,38.33,123.0,29.0,Defender,Full Back,21125,ej5er0oyngdw138yuumwqbyqt,Bologna FC 1909,Bologna,Bologna,BOL,0.0,0.0,0.0,0.0,0.0,0.0,0.0,0.0,0.0,0.0,0.0,0.0,0.0,0.0,0.0,0.0,0.0,0.0,0.0,0.0,0.0,,,,,,,,,,21125.0,0.0,0.0,0.0,0.0,0.0,0.0,0.0,0.0,0.0,0.0,Lorenzo,De Silvestri,1988-05-23,38.33,123.0,29.0,Defender,Full Back,21125,ej5er0oyngdw138yuumwqbyqt,Bologna FC 1909,Bologna,Bologna,BOL,21125.0,0.0,0.0,0.0,0.0,0.0,0.0,0.0,0.0,0.0,0.0,0.0,0.0,0.0,0.0,Lorenzo,De Silvestri,1988-05-23,38.33,123.0,29.0,Defender,Full Back,21125,ej5er0oyngdw138yuumwqbyqt,Bologna FC 1909,Bologna,Bologna,BOL,21125,21125,123,ej5er0oyngdw138yuumwqbyqt
Lorenzo Lucca,469130.0,3.0,40.0,0.0,0.27,-0.27,2.0,1.0,0.0,0.13,Lorenzo,Lucca,2000-09-10,26.02,459.0,20.0,Forward,Striker,6w6ewzxircqxk6dsrs1rvc8ru,gi0l1habji5hpgar77dl5jqe,SSC Napoli,Napoli,Napoli,NAP,2.0,24.895,2.0,20.79,0.0,0.0,0.0,0.0,12.448,10.395,0.0,1.0,1.0,0.0,1.0,4.0,0.0,0.0,5.0,3.0,60.0,,,,,,,,,,469130.0,40.0,3.0,2.0,2.0,25.0,0.0,0.028,0.028,0.0,0.0,Lorenzo,Lucca,2000-09-10,26.02,459.0,20.0,Forward,Striker,6w6ewzxircqxk6dsrs1rvc8ru,gi0l1habji5hpgar77dl5jqe,SSC Napoli,Napoli,Napoli,NAP,469130.0,40.0,3.0,10.0,7.0,70.0,5.0,2.0,40.0,0.0,0.0,0.0,0.0,0.0,0.0,Lorenzo,Lucca,2000-09-10,26.02,459.0,20.0,Forward,Striker,6w6ewzxircqxk6dsrs1rvc8ru,gi0l1habji5hpgar77dl5jqe,SSC Napoli,Napoli,Napoli,NAP,469130,6w6ewzxircqxk6dsrs1rvc8ru,459,gi0l1habji5hpgar77dl5jqe
Lorenzo Lucchesi,629287.0,3.0,239.0,0.0,0.11,-0.11,2.0,1.0,0.0,0.05,Lorenzo,Lucchesi,2003-05-09,23.36,742.0,3.0,Defender,Central Defender,eqb9vu09rjjofy9iksko10qac,67z1gqyiuzpmmb15q5fy7ntc4,AC Monza,Monza,Monza,MON,20.0,149.077,3.0,13.125,0.0,0.0,0.0,0.0,7.454,4.375,3.0,8.0,8.0,5.0,13.0,14.0,5.0,35.714,10.0,4.0,40.0,,,,,,,,,,629287.0,239.0,3.0,0.0,0.0,0.0,0.0,0.009,0.009,0.0,0.0,Lorenzo,Lucchesi,2003-05-09,23.36,742.0,3.0,Defender,Central Defender,eqb9vu09rjjofy9iksko10qac,67z1gqyiuzpmmb15q5fy7ntc4,AC Monza,Monza,Monza,MON,629287.0,239.0,3.0,103.0,97.0,94.17,6.0,4.0,66.67,0.0,0.0,0.0,0.0,0.0,0.0,Lorenzo,Lucchesi,2003-05-09,23.36,742.0,3.0,Defender,Central Defender,eqb9vu09rjjofy9iksko10qac,67z1gqyiuzpmmb15q5fy7ntc4,AC Monza,Monza,Monza,MON,629287,eqb9vu09rjjofy9iksko10qac,742,67z1gqyiuzpmmb15q5fy7ntc4
Lorenzo Palmisani,,,,,,,,,,,,,,,,,,,,,,,,,,,,,,,,,,,,,,,,,,,,,,270.0,100.0,0.0,3.0,10.0,76.92,-0.07,0.67,2.93,,,,,,,,,,,,,,,,,,,,,,,,,,,,,,,,,,,,,,,,,,,,,,,,,,,,,,,547908,cf6s9r48j9nm47c2o0tld0gt0,2037,5khizzei8z0qbb7exz622wxw3
Luca Lipani,578990.0,2.0,61.0,0.0,0.0,0.0,0.0,0.0,0.0,0.0,Luca,Lipani,2005-05-18,21.33,2182.0,35.0,Midfielder,Defensive Midfielder,9cv979t3dmbwoy586m01xdvkk,6tuibxq39fdryu8ou06wcm0q3,US Sassuolo Calcio,Sassuolo,Sassuolo,SAS,1.0,5.13,0.0,3.36,0.0,0.0,0.0,0.0,5.13,0.0,1.0,2.0,3.0,0.0,2.0,6.0,1.0,16.667,0.0,0.0,0.0,,,,,,,,,,578990.0,61.0,2.0,0.0,0.0,0.0,0.0,0.044,0.044,0.0,0.0,Luca,Lipani,2005-05-18,21.33,2182.0,35.0,Midfielder,Defensive Midfielder,9cv979t3dmbwoy586m01xdvkk,6tuibxq39fdryu8ou06wcm0q3,US Sassuolo Calcio,Sassuolo,Sassuolo,SAS,578990.0,61.0,2.0,21.0,18.0,85.71,5.0,3.0,60.0,0.0,0.0,0.0,0.0,0.0,0.0,Luca,Lipani,2005-05-18,21.33,2182.0,35.0,Midfielder,Defensive Midfielder,9cv979t3dmbwoy586m01xdvkk,6tuibxq39fdryu8ou06wcm0q3,US Sassuolo Calcio,Sassuolo,Sassuolo,SAS,578990,9cv979t3dmbwoy586m01xdvkk,2182,6tuibxq39fdryu8ou06wcm0q3
Luca Ranieri,215983.0,1.0,90.0,0.0,0.0,0.0,0.0,0.0,0.0,0.0,Luca,Ranieri,1999-04-23,27.41,125.0,6.0,Defender,Full Back,476nfumr6aadvufrqk72tq5be,4raiad4l2j5lkfaz92pk4osb,ACF Fiorentina,Fiorentina,Fiorentina,FIO,5.0,57.238,2.0,28.14,0.0,0.0,0.0,0.0,11.448,14.07,1.0,0.0,3.0,0.0,9.0,3.0,1.0,33.333,1.0,1.0,100.0,,,,,,,,,,215983.0,90.0,1.0,0.0,0.0,0.0,0.0,0.002,0.001,0.0,0.0,Luca,Ranieri,1999-04-23,27.41,125.0,6.0,Defender,Full Back,476nfumr6aadvufrqk72tq5be,4raiad4l2j5lkfaz92pk4osb,ACF Fiorentina,Fiorentina,Fiorentina,FIO,215983.0,90.0,1.0,29.0,25.0,86.21,4.0,2.0,50.0,0.0,0.0,0.0,1.0,0.0,0.0,Luca,Ranieri,1999-04-23,27.41,125.0,6.0,Defender,Full Back,476nfumr6aadvufrqk72tq5be,4raiad4l2j5lkfaz92pk4osb,ACF Fiorentina,Fiorentina,Fiorentina,FIO,215983,476nfumr6aadvufrqk72tq5be,125,4raiad4l2j5lkfaz92pk4osb
Lucas Perri,,,,,,,,,,,,,,,,,,,,,,,,,,,,,,,,,,,,,,,,,,,,,,270.0,33.0,0.0,1.0,4.0,80.0,0.09,1.0,1.09,,,,,,,,,,,,,,,,,,,,,,,,,,,,,,,,,,,,,,,,,,,,,,,,,,,,,,,201595,dve7yj8usejn9x7pmdjvozje1,135,7gnly6999wao1xarwct4p8fe9
Lucas da Cunha,465158.0,3.0,191.0,0.0,0.23,-0.23,6.0,0.0,0.0,0.04,Lucas,da Cunha,2001-06-09,25.27,1065.0,7.0,Midfielder,Winger,92vjurxjnipl210yanki2oz8q,6uzfw7ahyxg4wrrfxo5u7qt0n,Calcio Como 1907,Como,Como,COM,41.0,409.272,18.0,197.505,3.0,0.0,0.0,0.0,9.982,10.972,5.0,0.0,14.0,0.0,3.0,12.0,8.0,66.667,2.0,0.0,0.0,,,,,,,,,,465158.0,191.0,3.0,4.0,3.0,1.83,25.0,0.189,0.167,0.0,0.0,Lucas,da Cunha,2001-06-09,25.27,1065.0,7.0,Midfielder,Winger,92vjurxjnipl210yanki2oz8q,6uzfw7ahyxg4wrrfxo5u7qt0n,Calcio Como 1907,Como,Como,COM,465158.0,191.0,3.0,167.0,159.0,95.21,39.0,34.0,87.18,3.0,1.0,33.33,0.0,0.0,0.0,Lucas,da Cunha,2001-06-09,25.27,1065.0,7.0,Midfielder,Winger,92vjurxjnipl210yanki2oz8q,6uzfw7ahyxg4wrrfxo5u7qt0n,Calcio Como 1907,Como,Como,COM,465158,92vjurxjnipl210yanki2oz8q,1065,6uzfw7ahyxg4wrrfxo5u7qt0n
Luis Hasa,550269.0,1.0,23.0,0.0,0.07,-0.07,1.0,0.0,0.0,0.07,Luis,Hasa,2004-01-06,22.7,2037.0,70.0,Midfielder,Central Midfielder,el1iasw3t612r6gawvodhyf4k,5khizzei8z0qbb7exz622wxw3,Frosinone Calcio,Frosinone,Frosinone,FRO,7.0,76.975,6.0,58.905,0.0,0.0,0.0,0.0,10.996,9.818,0.0,0.0,1.0,0.0,0.0,2.0,1.0,50.0,0.0,0.0,0.0,,,,,,,,,,550269.0,23.0,1.0,2.0,2.0,15.38,0.0,0.018,0.018,0.0,0.0,Luis,Hasa,2004-01-06,22.7,2037.0,70.0,Midfielder,Central Midfielder,el1iasw3t612r6gawvodhyf4k,5khizzei8z0qbb7exz622wxw3,Frosinone Calcio,Frosinone,Frosinone,FRO,550269.0,23.0,1.0,13.0,10.0,76.92,9.0,8.0,88.89,0.0,0.0,0.0,0.0,0.0,0.0,Luis,Hasa,2004-01-06,22.7,2037.0,70.0,Midfielder,Central Midfielder,el1iasw3t612r6gawvodhyf4k,5khizzei8z0qbb7exz622wxw3,Frosinone Calcio,Frosinone,Frosinone,FRO,550269,el1iasw3t612r6gawvodhyf4k,2037,5khizzei8z0qbb7exz622wxw3
Luis Henrique,478270.0,2.0,96.0,0.0,0.04,-0.04,1.0,0.0,0.0,0.04,Luis Henrique Tomaz,de Lima,2001-12-14,24.76,127.0,11.0,Forward,Winger,7rfw6pyjslb3p5q7gmoj1ysmi,3vo5mpj7catp66nrwwqiuhuup,FC Internazionale Milano,Internazionale,Inter,INT,25.0,229.988,5.0,-3.045,1.0,0.0,0.0,0.0,9.2,-0.609,1.0,2.0,10.0,0.0,0.0,4.0,2.0,50.0,0.0,0.0,0.0,,,,,,,,,,478270.0,96.0,2.0,0.0,0.0,0.0,0.0,0.036,0.036,0.0,0.0,Luis Henrique Tomaz,de Lima,2001-12-14,24.76,127.0,11.0,Forward,Winger,7rfw6pyjslb3p5q7gmoj1ysmi,3vo5mpj7catp66nrwwqiuhuup,FC Internazionale Milano,Internazionale,Inter,INT,478270.0,96.0,2.0,81.0,75.0,92.59,19.0,16.0,84.21,1.0,0.0,0.0,0.0,0.0,0.0,Luis Henrique Tomaz,de Lima,2001-12-14,24.76,127.0,11.0,Forward,Winger,7rfw6pyjslb3p5q7gmoj1ysmi,3vo5mpj7catp66nrwwqiuhuup,FC Internazionale Milano,Internazionale,Inter,INT,478270,7rfw6pyjslb3p5q7gmoj1ysmi,127,3vo5mpj7catp66nrwwqiuhuup
Luis Milla,167742.0,3.0,190.0,0.0,0.0,0.0,0.0,0.0,0.0,0.0,Luis,Milla,1994-10-07,31.95,1065.0,6.0,Midfielder,Central Midfielder,ch1lxxbn01at4jmkafy4uevh1,6uzfw7ahyxg4wrrfxo5u7qt0n,Calcio Como 1907,Como,Como,COM,18.0,181.311,12.0,124.32,0.0,0.0,0.0,0.0,10.073,10.36,3.0,8.0,8.0,2.0,5.0,12.0,8.0,66.667,1.0,0.0,0.0,,,,,,,,,,167742.0,190.0,3.0,6.0,1.0,0.62,83.33,0.519,0.097,0.0,0.0,Luis,Milla,1994-10-07,31.95,1065.0,6.0,Midfielder,Central Midfielder,ch1lxxbn01at4jmkafy4uevh1,6uzfw7ahyxg4wrrfxo5u7qt0n,Calcio Como 1907,Como,Como,COM,167742.0,190.0,3.0,165.0,152.0,92.12,41.0,37.0,90.24,2.0,0.0,0.0,0.0,0.0,0.0,Luis,Milla,1994-10-07,31.95,1065.0,6.0,Midfielder,Central Midfielder,ch1lxxbn01at4jmkafy4uevh1,6uzfw7ahyxg4wrrfxo5u7qt0n,Calcio Como 1907,Como,Como,COM,167742,ch1lxxbn01at4jmkafy4uevh1,1065,6uzfw7ahyxg4wrrfxo5u7qt0n
Luka Modric,37055.0,3.0,190.0,0.0,0.0,0.0,0.0,0.0,0.0,0.0,Luka,Modric,1985-09-09,41.03,120.0,14.0,Midfielder,Central Midfielder,diod1hv5hv7v7z7mfleev1txx,9dntj5dioj5ex52yrgwzxrq9l,AC Milan,Milan,Milan,MIL,39.0,412.211,15.0,138.285,0.0,0.0,0.0,0.0,10.57,9.219,2.0,3.0,14.0,0.0,1.0,9.0,6.0,66.667,0.0,0.0,0.0,,,,,,,,,,37055.0,190.0,3.0,3.0,1.0,0.72,66.67,0.407,0.254,0.0,0.0,Luka,Modric,1985-09-09,41.03,120.0,14.0,Midfielder,Central Midfielder,diod1hv5hv7v7z7mfleev1txx,9dntj5dioj5ex52yrgwzxrq9l,AC Milan,Milan,Milan,MIL,37055.0,190.0,3.0,152.0,140.0,92.11,40.0,32.0,80.0,1.0,1.0,100.0,1.0,0.0,0.0,Luka,Modric,1985-09-09,41.03,120.0,14.0,Midfielder,Central Midfielder,diod1hv5hv7v7z7mfleev1txx,9dntj5dioj5ex52yrgwzxrq9l,AC Milan,Milan,Milan,MIL,37055,diod1hv5hv7v7z7mfleev1txx,120,9dntj5dioj5ex52yrgwzxrq9l
Lukasz Skorupski,,,,,,,,,,,,,,,,,,,,,,,,,,,,,,,,,,,,,,,,,,,,,,270.0,100.0,0.0,4.0,7.0,63.64,-2.04,0.25,1.96,,,,,,,,,,,,,,,,,,,,,,,,,,,,,,,,,,,,,,,,,,,,,,,,,,,,,,,85288,4hrmzpx1nt5ze55fpby71mcb9,123,ej5er0oyngdw138yuumwqbyqt
Maduka Okoye,,,,,,,,,,,,,,,,,,,,,,,,,,,,,,,,,,,,,,,,,,,,,,270.0,100.0,0.0,5.0,12.0,70.59,1.14,1.2,6.14,,,,,,,,,,,,,,,,,,,,,,,,,,,,,,,,,,,,,,,,,,,,,,,,,,,,,,,492443,70ps22rygrlq3msxgwmesowyx,136,dxq76zcvnokq07cszdx0i6kve
Mamedi Doucouré,656992.0,0.0,0.0,0.0,0.0,0.0,0.0,0.0,0.0,0.0,Mamedi,Doucouré,2007-01-19,19.66,990.0,74.0,Defender,Central Defender,656992,4kumqzwifv478caxed8zywlh3,Genoa CFC,Genoa,Genoa,GEN,0.0,0.0,0.0,0.0,0.0,0.0,0.0,0.0,0.0,0.0,0.0,0.0,0.0,0.0,0.0,0.0,0.0,0.0,0.0,0.0,0.0,,,,,,,,,,656992.0,0.0,0.0,0.0,0.0,0.0,0.0,0.0,0.0,0.0,0.0,Mamedi,Doucouré,2007-01-19,19.66,990.0,74.0,Defender,Central Defender,656992,4kumqzwifv478caxed8zywlh3,Genoa CFC,Genoa,Genoa,GEN,656992.0,0.0,0.0,0.0,0.0,0.0,0.0,0.0,0.0,0.0,0.0,0.0,0.0,0.0,0.0,Mamedi,Doucouré,2007-01-19,19.66,990.0,74.0,Defender,Central Defender,656992,4kumqzwifv478caxed8zywlh3,Genoa CFC,Genoa,Genoa,GEN,656992,656992,990,4kumqzwifv478caxed8zywlh3
Mandela Keita,534913.0,3.0,255.0,0.0,0.0,0.0,0.0,0.0,0.0,0.0,Mandela,Keita,2002-05-10,24.36,131.0,16.0,Midfielder,Defensive Midfielder,cjf412x9sg56vos0jkj85k3ys,5aosfavi55p40c65lkriqnqnl,Parma Calcio 1913,Parma,Parma,PAR,26.0,302.523,15.0,169.575,0.0,0.0,0.0,0.0,11.636,11.305,2.0,4.0,6.0,0.0,1.0,21.0,13.0,61.905,1.0,0.0,0.0,,,,,,,,,,534913.0,255.0,3.0,1.0,1.0,1.2,0.0,0.228,0.224,0.0,0.0,Mandela,Keita,2002-05-10,24.36,131.0,16.0,Midfielder,Defensive Midfielder,cjf412x9sg56vos0jkj85k3ys,5aosfavi55p40c65lkriqnqnl,Parma Calcio 1913,Parma,Parma,PAR,534913.0,255.0,3.0,90.0,80.0,88.89,23.0,18.0,78.26,0.0,0.0,0.0,0.0,0.0,0.0,Mandela,Keita,2002-05-10,24.36,131.0,16.0,Midfielder,Defensive Midfielder,cjf412x9sg56vos0jkj85k3ys,5aosfavi55p40c65lkriqnqnl,Parma Calcio 1913,Parma,Parma,PAR,534913,cjf412x9sg56vos0jkj85k3ys,131,5aosfavi55p40c65lkriqnqnl
Manga Foe Ondoa,640813.0,2.0,144.0,0.0,0.06,-0.06,2.0,1.0,0.0,0.03,Manga,Foe Ondoa,2005-12-12,20.76,742.0,8.0,Midfielder,Central Midfielder,oxjqheti8zn0kf1l4b8psff8,67z1gqyiuzpmmb15q5fy7ntc4,AC Monza,Monza,Monza,MON,14.0,185.66,8.0,125.265,0.0,0.0,1.0,0.0,13.261,15.658,2.0,2.0,10.0,0.0,0.0,9.0,4.0,44.444,2.0,1.0,50.0,,,,,,,,,,640813.0,144.0,2.0,2.0,2.0,4.17,0.0,0.033,0.033,0.0,0.0,Manga,Foe Ondoa,2005-12-12,20.76,742.0,8.0,Midfielder,Central Midfielder,oxjqheti8zn0kf1l4b8psff8,67z1gqyiuzpmmb15q5fy7ntc4,AC Monza,Monza,Monza,MON,640813.0,144.0,2.0,49.0,46.0,93.88,14.0,13.0,92.86,0.0,0.0,0.0,0.0,0.0,0.0,Manga,Foe Ondoa,2005-12-12,20.76,742.0,8.0,Midfielder,Central Midfielder,oxjqheti8zn0kf1l4b8psff8,67z1gqyiuzpmmb15q5fy7ntc4,AC Monza,Monza,Monza,MON,640813,oxjqheti8zn0kf1l4b8psff8,742,67z1gqyiuzpmmb15q5fy7ntc4
Manu Koné,475767.0,3.0,236.0,0.0,0.15,-0.15,4.0,1.0,0.0,0.04,Manu,Koné,2001-05-17,25.34,121.0,17.0,Midfielder,Defensive Midfielder,au5tbnn48ve4kqnuu3dhmk296,2tk2l9sgktwc9jhzqdd4mpdtb,AS Roma,Roma,Roma,ROM,43.0,415.144,23.0,245.805,0.0,0.0,1.0,0.0,9.655,10.687,6.0,2.0,18.0,0.0,1.0,15.0,10.0,66.667,4.0,1.0,25.0,,,,,,,,,,475767.0,236.0,3.0,6.0,6.0,3.45,0.0,0.365,0.365,0.0,0.0,Manu,Koné,2001-05-17,25.34,121.0,17.0,Midfielder,Defensive Midfielder,au5tbnn48ve4kqnuu3dhmk296,2tk2l9sgktwc9jhzqdd4mpdtb,AS Roma,Roma,Roma,ROM,475767.0,236.0,3.0,175.0,159.0,90.86,43.0,36.0,83.72,0.0,0.0,0.0,0.0,0.0,0.0,Manu,Koné,2001-05-17,25.34,121.0,17.0,Midfielder,Defensive Midfielder,au5tbnn48ve4kqnuu3dhmk296,2tk2l9sgktwc9jhzqdd4mpdtb,AS Roma,Roma,Roma,ROM,475767,au5tbnn48ve4kqnuu3dhmk296,121,2tk2l9sgktwc9jhzqdd4mpdtb
Manuel Akanji,211975.0,3.0,233.0,0.0,0.54,-0.54,4.0,0.0,0.0,0.13,Manuel,Akanji,1995-07-19,31.17,127.0,25.0,Defender,Central Defender,almf0gtdjmsdm5zhyot1hvydx,3vo5mpj7catp66nrwwqiuhuup,FC Internazionale Milano,Internazionale,Inter,INT,35.0,374.008,22.0,231.84,0.0,0.0,0.0,0.0,10.686,10.538,5.0,4.0,10.0,2.0,14.0,6.0,5.0,83.333,15.0,12.0,80.0,,,,,,,,,,211975.0,233.0,3.0,2.0,1.0,0.56,0.0,0.035,0.035,1.0,0.0,Manuel,Akanji,1995-07-19,31.17,127.0,25.0,Defender,Central Defender,almf0gtdjmsdm5zhyot1hvydx,3vo5mpj7catp66nrwwqiuhuup,FC Internazionale Milano,Internazionale,Inter,INT,211975.0,233.0,3.0,187.0,178.0,95.19,18.0,16.0,88.89,1.0,0.0,0.0,0.0,0.0,0.0,Manuel,Akanji,1995-07-19,31.17,127.0,25.0,Defender,Central Defender,almf0gtdjmsdm5zhyot1hvydx,3vo5mpj7catp66nrwwqiuhuup,FC Internazionale Milano,Internazionale,Inter,INT,211975,almf0gtdjmsdm5zhyot1hvydx,127,3vo5mpj7catp66nrwwqiuhuup
Manuel Carrascosa,684238.0,0.0,0.0,0.0,0.0,0.0,0.0,0.0,0.0,0.0,Manuel,Carrascosa,2008-08-24,18.06,135.0,63.0,Defender,Central Defender,684238,7gnly6999wao1xarwct4p8fe9,Torino FC,Torino,Torino,TOR,0.0,0.0,0.0,0.0,0.0,0.0,0.0,0.0,0.0,0.0,0.0,0.0,0.0,0.0,0.0,0.0,0.0,0.0,0.0,0.0,0.0,,,,,,,,,,684238.0,0.0,0.0,0.0,0.0,0.0,0.0,0.0,0.0,0.0,0.0,Manuel,Carrascosa,2008-08-24,18.06,135.0,63.0,Defender,Central Defender,684238,7gnly6999wao1xarwct4p8fe9,Torino FC,Torino,Torino,TOR,684238.0,0.0,0.0,0.0,0.0,0.0,0.0,0.0,0.0,0.0,0.0,0.0,0.0,0.0,0.0,Manuel,Carrascosa,2008-08-24,18.06,135.0,63.0,Defender,Central Defender,684238,7gnly6999wao1xarwct4p8fe9,Torino FC,Torino,Torino,TOR,684238,684238,135,7gnly6999wao1xarwct4p8fe9
Manuel Lazzari,156323.0,1.0,10.0,0.0,0.0,0.0,0.0,0.0,0.0,0.0,Manuel,Lazzari,1993-11-29,32.81,129.0,29.0,Midfielder,Winger,8w2rfa3vnu6t1a37510374nv9,btcy9nra9ak4m22ovr2ia6m5v,SS Lazio,Lazio,Lazio,LAZ,2.0,27.963,2.0,25.935,0.0,0.0,0.0,0.0,13.982,12.968,0.0,1.0,2.0,0.0,1.0,1.0,0.0,0.0,1.0,0.0,0.0,,,,,,,,,,156323.0,10.0,1.0,0.0,0.0,0.0,0.0,0.0,0.0,0.0,0.0,Manuel,Lazzari,1993-11-29,32.81,129.0,29.0,Midfielder,Winger,8w2rfa3vnu6t1a37510374nv9,btcy9nra9ak4m22ovr2ia6m5v,SS Lazio,Lazio,Lazio,LAZ,156323.0,10.0,1.0,5.0,3.0,60.0,3.0,1.0,33.33,0.0,0.0,0.0,0.0,0.0,0.0,Manuel,Lazzari,1993-11-29,32.81,129.0,29.0,Midfielder,Winger,8w2rfa3vnu6t1a37510374nv9,btcy9nra9ak4m22ovr2ia6m5v,SS Lazio,Lazio,Lazio,LAZ,156323,8w2rfa3vnu6t1a37510374nv9,129,btcy9nra9ak4m22ovr2ia6m5v
Manuel Locatelli,171387.0,3.0,270.0,0.0,0.56,-0.56,2.0,0.0,0.0,0.28,Manuel,Locatelli,1998-01-08,28.69,128.0,5.0,Midfielder,Central Midfielder,ahz2npxe4geixkaz25f2pc82d,bqbbqm98ud8obe45ds9ohgyrd,Juventus FC,Juventus,Juventus,JUV,35.0,341.447,17.0,162.12,0.0,0.0,0.0,0.0,9.756,9.536,5.0,7.0,11.0,1.0,9.0,26.0,13.0,50.0,8.0,5.0,62.5,,,,,,,,,,171387.0,270.0,3.0,6.0,6.0,2.26,0.0,0.52,0.51,1.0,1.0,Manuel,Locatelli,1998-01-08,28.69,128.0,5.0,Midfielder,Central Midfielder,ahz2npxe4geixkaz25f2pc82d,bqbbqm98ud8obe45ds9ohgyrd,Juventus FC,Juventus,Juventus,JUV,171387.0,270.0,3.0,232.0,202.0,87.07,94.0,76.0,80.85,2.0,0.0,0.0,0.0,0.0,0.0,Manuel,Locatelli,1998-01-08,28.69,128.0,5.0,Midfielder,Central Midfielder,ahz2npxe4geixkaz25f2pc82d,bqbbqm98ud8obe45ds9ohgyrd,Juventus FC,Juventus,Juventus,JUV,171387,ahz2npxe4geixkaz25f2pc82d,128,bqbbqm98ud8obe45ds9ohgyrd
Marc Oliver Kempf,120670.0,1.0,25.0,0.0,0.0,0.0,0.0,0.0,0.0,0.0,Marc Oliver,Kempf,1995-01-28,31.64,1065.0,2.0,Defender,Central Defender,djpsc1fvcnrh61c071t00gmad,6uzfw7ahyxg4wrrfxo5u7qt0n,Calcio Como 1907,Como,Como,COM,2.0,19.575,2.0,19.425,0.0,0.0,0.0,0.0,9.788,9.712,0.0,0.0,0.0,0.0,2.0,0.0,0.0,0.0,2.0,2.0,100.0,,,,,,,,,,120670.0,25.0,1.0,0.0,0.0,0.0,0.0,0.0,0.0,0.0,0.0,Marc Oliver,Kempf,1995-01-28,31.64,1065.0,2.0,Defender,Central Defender,djpsc1fvcnrh61c071t00gmad,6uzfw7ahyxg4wrrfxo5u7qt0n,Calcio Como 1907,Como,Como,COM,120670.0,25.0,1.0,6.0,4.0,66.67,0.0,0.0,0.0,0.0,0.0,0.0,0.0,0.0,0.0,Marc Oliver,Kempf,1995-01-28,31.64,1065.0,2.0,Defender,Central Defender,djpsc1fvcnrh61c071t00gmad,6uzfw7ahyxg4wrrfxo5u7qt0n,Calcio Como 1907,Como,Como,COM,120670,djpsc1fvcnrh61c071t00gmad,1065,6uzfw7ahyxg4wrrfxo5u7qt0n
Marcelo Vaz,742435.0,0.0,0.0,0.0,0.0,0.0,0.0,0.0,0.0,0.0,Marcelo Manuel,Vaz,2007-07-31,19.13,990.0,85.0,Defender,Full Back,742435,4kumqzwifv478caxed8zywlh3,Genoa CFC,Genoa,Genoa,GEN,0.0,0.0,0.0,0.0,0.0,0.0,0.0,0.0,0.0,0.0,0.0,0.0,0.0,0.0,0.0,0.0,0.0,0.0,0.0,0.0,0.0,,,,,,,,,,742435.0,0.0,0.0,0.0,0.0,0.0,0.0,0.0,0.0,0.0,0.0,Marcelo Manuel,Vaz,2007-07-31,19.13,990.0,85.0,Defender,Full Back,742435,4kumqzwifv478caxed8zywlh3,Genoa CFC,Genoa,Genoa,GEN,742435.0,0.0,0.0,0.0,0.0,0.0,0.0,0.0,0.0,0.0,0.0,0.0,0.0,0.0,0.0,Marcelo Manuel,Vaz,2007-07-31,19.13,990.0,85.0,Defender,Full Back,742435,4kumqzwifv478caxed8zywlh3,Genoa CFC,Genoa,Genoa,GEN,742435,742435,990,4kumqzwifv478caxed8zywlh3
Marco Brescianini,458059.0,3.0,126.0,0.0,0.01,-0.01,1.0,1.0,0.0,0.01,Marco,Brescianini,2000-01-20,26.66,125.0,4.0,Midfielder,Central Midfielder,1f37bo8dikes3350u2a0h9hm2,4raiad4l2j5lkfaz92pk4osb,ACF Fiorentina,Fiorentina,Fiorentina,FIO,17.0,197.916,13.0,120.435,1.0,0.0,0.0,0.0,11.642,9.264,2.0,3.0,5.0,0.0,2.0,6.0,4.0,66.667,3.0,0.0,0.0,,,,,,,,,,458059.0,126.0,3.0,0.0,0.0,0.0,0.0,0.013,0.012,0.0,0.0,Marco,Brescianini,2000-01-20,26.66,125.0,4.0,Midfielder,Central Midfielder,1f37bo8dikes3350u2a0h9hm2,4raiad4l2j5lkfaz92pk4osb,ACF Fiorentina,Fiorentina,Fiorentina,FIO,458059.0,126.0,3.0,34.0,32.0,94.12,6.0,5.0,83.33,0.0,0.0,0.0,0.0,0.0,0.0,Marco,Brescianini,2000-01-20,26.66,125.0,4.0,Midfielder,Central Midfielder,1f37bo8dikes3350u2a0h9hm2,4raiad4l2j5lkfaz92pk4osb,ACF Fiorentina,Fiorentina,Fiorentina,FIO,458059,1f37bo8dikes3350u2a0h9hm2,125,4raiad4l2j5lkfaz92pk4osb
Marco Carnesecchi,,,,,,,,,,,,,,,,,,,,,,,,,,,,,,,,,,,,,,,,,,,,,,270.0,100.0,0.0,3.0,19.0,86.36,2.47,1.67,5.47,,,,,,,,,,,,,,,,,,,,,,,,,,,,,,,,,,,,,,,,,,,,,,,,,,,,,,,462537,eu9b86opw6n66vftu1r5alfqh,456,e75syeuawg3ql8nwpi3vr2btz
Marco Libra,650842.0,1.0,45.0,0.0,0.08,-0.08,1.0,1.0,0.0,0.08,Marco,Libra,2008-03-21,18.49,123.0,18.0,Defender,0,1abv9bf0peiqo72m2zh2hgu8k,ej5er0oyngdw138yuumwqbyqt,Bologna FC 1909,Bologna,Bologna,BOL,9.0,129.076,4.0,67.725,0.0,0.0,1.0,0.0,14.342,16.931,2.0,0.0,3.0,0.0,0.0,6.0,3.0,50.0,1.0,0.0,0.0,,,,,,,,,,650842.0,45.0,1.0,1.0,1.0,5.0,0.0,0.033,0.032,0.0,0.0,Marco,Libra,2008-03-21,18.49,123.0,18.0,Defender,0,1abv9bf0peiqo72m2zh2hgu8k,ej5er0oyngdw138yuumwqbyqt,Bologna FC 1909,Bologna,Bologna,BOL,650842.0,45.0,1.0,21.0,19.0,90.48,7.0,6.0,85.71,1.0,0.0,0.0,0.0,0.0,0.0,Marco,Libra,2008-03-21,18.49,123.0,18.0,Defender,0,1abv9bf0peiqo72m2zh2hgu8k,ej5er0oyngdw138yuumwqbyqt,Bologna FC 1909,Bologna,Bologna,BOL,650842,1abv9bf0peiqo72m2zh2hgu8k,123,ej5er0oyngdw138yuumwqbyqt
Marcus Pedersen,450444.0,1.0,70.0,0.0,0.0,0.0,0.0,0.0,0.0,0.0,Marcus,Pedersen,2000-07-16,26.17,135.0,16.0,Defender,Full Back,e6xexn53yyoxmdt5naduyx8bu,7gnly6999wao1xarwct4p8fe9,Torino FC,Torino,Torino,TOR,6.0,134.033,5.0,119.805,0.0,0.0,1.0,0.0,22.339,23.961,1.0,0.0,1.0,1.0,0.0,4.0,3.0,75.0,1.0,0.0,0.0,,,,,,,,,,450444.0,70.0,1.0,1.0,1.0,6.25,0.0,0.083,0.083,0.0,0.0,Marcus,Pedersen,2000-07-16,26.17,135.0,16.0,Defender,Full Back,e6xexn53yyoxmdt5naduyx8bu,7gnly6999wao1xarwct4p8fe9,Torino FC,Torino,Torino,TOR,450444.0,70.0,1.0,16.0,11.0,68.75,4.0,3.0,75.0,1.0,0.0,0.0,0.0,0.0,0.0,Marcus,Pedersen,2000-07-16,26.17,135.0,16.0,Defender,Full Back,e6xexn53yyoxmdt5naduyx8bu,7gnly6999wao1xarwct4p8fe9,Torino FC,Torino,Torino,TOR,450444,e6xexn53yyoxmdt5naduyx8bu,135,7gnly6999wao1xarwct4p8fe9
Marcus Thuram,205880.0,2.0,70.0,1.0,1.28,-0.28,8.0,1.0,12.5,0.16,Marcus,Thuram,1997-08-06,29.12,127.0,9.0,Forward,Striker,66nvc8a4kd3cyeyj3i474cudx,3vo5mpj7catp66nrwwqiuhuup,FC Internazionale Milano,Internazionale,Inter,INT,6.0,75.408,4.0,62.37,0.0,0.0,0.0,0.0,12.568,15.592,0.0,0.0,0.0,0.0,2.0,1.0,0.0,0.0,7.0,4.0,57.143,,,,,,,,,,205880.0,70.0,2.0,1.0,1.0,8.33,0.0,0.065,0.065,0.0,0.0,Marcus,Thuram,1997-08-06,29.12,127.0,9.0,Forward,Striker,66nvc8a4kd3cyeyj3i474cudx,3vo5mpj7catp66nrwwqiuhuup,FC Internazionale Milano,Internazionale,Inter,INT,205880.0,70.0,2.0,12.0,12.0,100.0,8.0,8.0,100.0,1.0,0.0,0.0,0.0,0.0,0.0,Marcus,Thuram,1997-08-06,29.12,127.0,9.0,Forward,Striker,66nvc8a4kd3cyeyj3i474cudx,3vo5mpj7catp66nrwwqiuhuup,FC Internazionale Milano,Internazionale,Inter,INT,205880,66nvc8a4kd3cyeyj3i474cudx,127,3vo5mpj7catp66nrwwqiuhuup
Mariano Troilo,626942.0,3.0,265.0,0.0,0.0,0.0,0.0,0.0,0.0,0.0,Mariano,Troilo,2003-06-28,23.22,131.0,37.0,Defender,Central Defender,5pb27xx81rwtal31u892ydes4,5aosfavi55p40c65lkriqnqnl,Parma Calcio 1913,Parma,Parma,PAR,39.0,369.315,29.0,292.845,0.0,0.0,0.0,0.0,9.47,10.098,3.0,3.0,12.0,3.0,17.0,11.0,6.0,54.545,9.0,4.0,44.444,,,,,,,,,,626942.0,265.0,3.0,2.0,2.0,1.08,0.0,0.159,0.158,0.0,0.0,Mariano,Troilo,2003-06-28,23.22,131.0,37.0,Defender,Central Defender,5pb27xx81rwtal31u892ydes4,5aosfavi55p40c65lkriqnqnl,Parma Calcio 1913,Parma,Parma,PAR,626942.0,265.0,3.0,205.0,188.0,91.71,16.0,9.0,56.25,0.0,0.0,0.0,0.0,0.0,0.0,Mariano,Troilo,2003-06-28,23.22,131.0,37.0,Defender,Central Defender,5pb27xx81rwtal31u892ydes4,5aosfavi55p40c65lkriqnqnl,Parma Calcio 1913,Parma,Parma,PAR,626942,5pb27xx81rwtal31u892ydes4,131,5aosfavi55p40c65lkriqnqnl
Marin Pongracic,421634.0,1.0,61.0,0.0,0.0,0.0,0.0,0.0,0.0,0.0,Marin,Pongracic,1997-09-11,29.02,125.0,5.0,Defender,Central Defender,8j498fkairlyk82v1qprc13op,4raiad4l2j5lkfaz92pk4osb,ACF Fiorentina,Fiorentina,Fiorentina,FIO,13.0,115.726,4.0,26.88,0.0,0.0,0.0,0.0,8.902,6.72,0.0,0.0,3.0,0.0,7.0,3.0,0.0,0.0,1.0,1.0,100.0,,,,,,,,,,421634.0,61.0,1.0,0.0,0.0,0.0,0.0,0.002,0.002,0.0,0.0,Marin,Pongracic,1997-09-11,29.02,125.0,5.0,Defender,Central Defender,8j498fkairlyk82v1qprc13op,4raiad4l2j5lkfaz92pk4osb,ACF Fiorentina,Fiorentina,Fiorentina,FIO,421634.0,61.0,1.0,40.0,38.0,95.0,4.0,2.0,50.0,0.0,0.0,0.0,0.0,0.0,0.0,Marin,Pongracic,1997-09-11,29.02,125.0,5.0,Defender,Central Defender,8j498fkairlyk82v1qprc13op,4raiad4l2j5lkfaz92pk4osb,ACF Fiorentina,Fiorentina,Fiorentina,FIO,421634,8j498fkairlyk82v1qprc13op,125,4raiad4l2j5lkfaz92pk4osb
Mario Gila,466064.0,3.0,251.0,0.0,0.0,0.0,0.0,0.0,0.0,0.0,Mario,Gila,2000-08-29,26.05,120.0,34.0,Defender,Central Defender,5gond4ss348863bc1768s4q,9dntj5dioj5ex52yrgwzxrq9l,AC Milan,Milan,Milan,MIL,44.0,468.607,19.0,188.055,0.0,0.0,0.0,0.0,10.65,9.898,2.0,1.0,11.0,1.0,7.0,10.0,3.0,30.0,10.0,6.0,60.0,,,,,,,,,,466064.0,251.0,3.0,2.0,2.0,1.08,0.0,0.156,0.155,0.0,0.0,Mario,Gila,2000-08-29,26.05,120.0,34.0,Defender,Central Defender,5gond4ss348863bc1768s4q,9dntj5dioj5ex52yrgwzxrq9l,AC Milan,Milan,Milan,MIL,466064.0,251.0,3.0,192.0,178.0,92.71,29.0,22.0,75.86,1.0,1.0,100.0,0.0,0.0,0.0,Mario,Gila,2000-08-29,26.05,120.0,34.0,Defender,Central Defender,5gond4ss348863bc1768s4q,9dntj5dioj5ex52yrgwzxrq9l,AC Milan,Milan,Milan,MIL,466064,5gond4ss348863bc1768s4q,120,9dntj5dioj5ex52yrgwzxrq9l
Mario Hermoso,213431.0,3.0,248.0,1.0,0.09,0.91,2.0,1.0,50.0,0.05,Mario,Hermoso,1995-06-18,31.25,121.0,22.0,Defender,Central Defender,am5gj5qg3gjtyhvwfnj8sjz6d,2tk2l9sgktwc9jhzqdd4mpdtb,AS Roma,Roma,Roma,ROM,43.0,405.995,21.0,181.335,0.0,0.0,0.0,0.0,9.442,8.635,9.0,13.0,21.0,1.0,6.0,18.0,13.0,72.222,9.0,4.0,44.444,,,,,,,,,,213431.0,248.0,3.0,4.0,4.0,1.9,0.0,0.363,0.362,0.0,0.0,Mario,Hermoso,1995-06-18,31.25,121.0,22.0,Defender,Central Defender,am5gj5qg3gjtyhvwfnj8sjz6d,2tk2l9sgktwc9jhzqdd4mpdtb,AS Roma,Roma,Roma,ROM,213431.0,248.0,3.0,220.0,195.0,88.64,42.0,36.0,85.71,1.0,1.0,100.0,1.0,0.0,0.0,Mario,Hermoso,1995-06-18,31.25,121.0,22.0,Defender,Central Defender,am5gj5qg3gjtyhvwfnj8sjz6d,2tk2l9sgktwc9jhzqdd4mpdtb,AS Roma,Roma,Roma,ROM,213431,am5gj5qg3gjtyhvwfnj8sjz6d,121,2tk2l9sgktwc9jhzqdd4mpdtb
Mario Mitaj,474900.0,0.0,0.0,0.0,0.0,0.0,0.0,0.0,0.0,0.0,Mario,Mitaj,2003-08-06,23.12,990.0,2.0,Defender,Full Back,474900,4kumqzwifv478caxed8zywlh3,Genoa CFC,Genoa,Genoa,GEN,0.0,0.0,0.0,0.0,0.0,0.0,0.0,0.0,0.0,0.0,0.0,0.0,0.0,0.0,0.0,0.0,0.0,0.0,0.0,0.0,0.0,,,,,,,,,,474900.0,0.0,0.0,0.0,0.0,0.0,0.0,0.0,0.0,0.0,0.0,Mario,Mitaj,2003-08-06,23.12,990.0,2.0,Defender,Full Back,474900,4kumqzwifv478caxed8zywlh3,Genoa CFC,Genoa,Genoa,GEN,474900.0,0.0,0.0,0.0,0.0,0.0,0.0,0.0,0.0,0.0,0.0,0.0,0.0,0.0,0.0,Mario,Mitaj,2003-08-06,23.12,990.0,2.0,Defender,Full Back,474900,4kumqzwifv478caxed8zywlh3,Genoa CFC,Genoa,Genoa,GEN,474900,474900,990,4kumqzwifv478caxed8zywlh3
Mario Pasalic,164570.0,3.0,174.0,0.0,0.0,0.0,0.0,0.0,0.0,0.0,Mario,Pasalic,1995-02-09,31.61,456.0,8.0,Midfielder,Central Midfielder,2fsgc0b4mvwpenawmit0q0bmd,e75syeuawg3ql8nwpi3vr2btz,Atalanta Bergamasca Calcio,Atalanta,Atalanta,ATA,15.0,144.319,8.0,66.255,0.0,0.0,0.0,0.0,9.621,8.282,0.0,1.0,5.0,1.0,2.0,8.0,1.0,12.5,1.0,0.0,0.0,,,,,,,,,,164570.0,174.0,3.0,2.0,2.0,1.98,0.0,0.085,0.083,0.0,0.0,Mario,Pasalic,1995-02-09,31.61,456.0,8.0,Midfielder,Central Midfielder,2fsgc0b4mvwpenawmit0q0bmd,e75syeuawg3ql8nwpi3vr2btz,Atalanta Bergamasca Calcio,Atalanta,Atalanta,ATA,164570.0,174.0,3.0,103.0,92.0,89.32,31.0,23.0,74.19,0.0,0.0,0.0,0.0,0.0,0.0,Mario,Pasalic,1995-02-09,31.61,456.0,8.0,Midfielder,Central Midfielder,2fsgc0b4mvwpenawmit0q0bmd,e75syeuawg3ql8nwpi3vr2btz,Atalanta Bergamasca Calcio,Atalanta,Atalanta,ATA,164570,2fsgc0b4mvwpenawmit0q0bmd,456,e75syeuawg3ql8nwpi3vr2btz
Marko Farji,549738.0,0.0,0.0,0.0,0.0,0.0,0.0,0.0,0.0,0.0,Marko Jabbar Hussein,Farji,2004-03-16,22.5,137.0,11.0,Forward,Winger,549738,565sm63rjm2y7xeae0dcdbtnu,Venezia FC,Venezia,Venezia,VEN,0.0,0.0,0.0,0.0,0.0,0.0,0.0,0.0,0.0,0.0,0.0,0.0,0.0,0.0,0.0,0.0,0.0,0.0,0.0,0.0,0.0,,,,,,,,,,549738.0,0.0,0.0,0.0,0.0,0.0,0.0,0.0,0.0,0.0,0.0,Marko Jabbar Hussein,Farji,2004-03-16,22.5,137.0,11.0,Forward,Winger,549738,565sm63rjm2y7xeae0dcdbtnu,Venezia FC,Venezia,Venezia,VEN,549738.0,0.0,0.0,0.0,0.0,0.0,0.0,0.0,0.0,0.0,0.0,0.0,0.0,0.0,0.0,Marko Jabbar Hussein,Farji,2004-03-16,22.5,137.0,11.0,Forward,Winger,549738,565sm63rjm2y7xeae0dcdbtnu,Venezia FC,Venezia,Venezia,VEN,549738,549738,137,565sm63rjm2y7xeae0dcdbtnu
Marten de Roon,82428.0,1.0,6.0,0.0,0.0,0.0,0.0,0.0,0.0,0.0,Marten,de Roon,1991-03-29,35.48,121.0,15.0,Midfielder,0,9q01y4w4dwpaqf8lmpv9wnmc5,2tk2l9sgktwc9jhzqdd4mpdtb,AS Roma,Roma,Roma,ROM,2.0,10.157,0.0,-5.355,0.0,0.0,0.0,0.0,5.078,0.0,1.0,0.0,0.0,0.0,0.0,1.0,1.0,100.0,0.0,0.0,0.0,,,,,,,,,,82428.0,6.0,1.0,0.0,0.0,0.0,0.0,0.004,0.004,0.0,0.0,Marten,de Roon,1991-03-29,35.48,121.0,15.0,Midfielder,0,9q01y4w4dwpaqf8lmpv9wnmc5,2tk2l9sgktwc9jhzqdd4mpdtb,AS Roma,Roma,Roma,ROM,82428.0,6.0,1.0,9.0,7.0,77.78,1.0,1.0,100.0,0.0,0.0,0.0,0.0,0.0,0.0,Marten,de Roon,1991-03-29,35.48,121.0,15.0,Midfielder,0,9q01y4w4dwpaqf8lmpv9wnmc5,2tk2l9sgktwc9jhzqdd4mpdtb,AS Roma,Roma,Roma,ROM,82428,9q01y4w4dwpaqf8lmpv9wnmc5,121,2tk2l9sgktwc9jhzqdd4mpdtb
Martin Baturina,522476.0,3.0,169.0,2.0,0.4,1.6,6.0,3.0,33.33,0.07,Martin,Baturina,2003-02-16,23.58,1065.0,20.0,Midfielder,Attacking Midfielder,7onr52be14is8cwcfd2k1i784,6uzfw7ahyxg4wrrfxo5u7qt0n,Calcio Como 1907,Como,Como,COM,34.0,320.153,15.0,164.22,1.0,0.0,1.0,0.0,9.416,10.948,2.0,0.0,6.0,0.0,0.0,15.0,7.0,46.667,2.0,0.0,0.0,,,,,,,,,,522476.0,169.0,3.0,3.0,3.0,2.27,0.0,0.516,0.512,1.0,1.0,Martin,Baturina,2003-02-16,23.58,1065.0,20.0,Midfielder,Attacking Midfielder,7onr52be14is8cwcfd2k1i784,6uzfw7ahyxg4wrrfxo5u7qt0n,Calcio Como 1907,Como,Como,COM,522476.0,169.0,3.0,90.0,79.0,87.78,45.0,39.0,86.67,3.0,1.0,33.33,1.0,1.0,100.0,Martin,Baturina,2003-02-16,23.58,1065.0,20.0,Midfielder,Attacking Midfielder,7onr52be14is8cwcfd2k1i784,6uzfw7ahyxg4wrrfxo5u7qt0n,Calcio Como 1907,Como,Como,COM,522476,7onr52be14is8cwcfd2k1i784,1065,6uzfw7ahyxg4wrrfxo5u7qt0n
Martin Vitík,485066.0,0.0,0.0,0.0,0.0,0.0,0.0,0.0,0.0,0.0,Martin,Vitík,2003-01-21,23.65,123.0,41.0,Defender,Central Defender,485066,ej5er0oyngdw138yuumwqbyqt,Bologna FC 1909,Bologna,Bologna,BOL,0.0,0.0,0.0,0.0,0.0,0.0,0.0,0.0,0.0,0.0,0.0,0.0,0.0,0.0,0.0,0.0,0.0,0.0,0.0,0.0,0.0,,,,,,,,,,485066.0,0.0,0.0,0.0,0.0,0.0,0.0,0.0,0.0,0.0,0.0,Martin,Vitík,2003-01-21,23.65,123.0,41.0,Defender,Central Defender,485066,ej5er0oyngdw138yuumwqbyqt,Bologna FC 1909,Bologna,Bologna,BOL,485066.0,0.0,0.0,0.0,0.0,0.0,0.0,0.0,0.0,0.0,0.0,0.0,0.0,0.0,0.0,Martin,Vitík,2003-01-21,23.65,123.0,41.0,Defender,Central Defender,485066,ej5er0oyngdw138yuumwqbyqt,Bologna FC 1909,Bologna,Bologna,BOL,485066,485066,123,ej5er0oyngdw138yuumwqbyqt
Mateo Pellegrino,524463.0,3.0,256.0,1.0,0.31,0.69,4.0,1.0,25.0,0.08,Mateo,Pellegrino,2001-10-22,24.9,125.0,32.0,Forward,Striker,7maur0rp96hubnkuu84576wpg,4raiad4l2j5lkfaz92pk4osb,ACF Fiorentina,Fiorentina,Fiorentina,FIO,17.0,136.549,4.0,3.15,1.0,1.0,1.0,0.0,8.032,0.788,1.0,0.0,2.0,1.0,2.0,26.0,11.0,42.308,19.0,8.0,42.105,,,,,,,,,,524463.0,256.0,3.0,4.0,4.0,8.0,0.0,0.1,0.1,0.0,0.0,Mateo,Pellegrino,2001-10-22,24.9,125.0,32.0,Forward,Striker,7maur0rp96hubnkuu84576wpg,4raiad4l2j5lkfaz92pk4osb,ACF Fiorentina,Fiorentina,Fiorentina,FIO,524463.0,256.0,3.0,55.0,38.0,69.09,25.0,15.0,60.0,0.0,0.0,0.0,0.0,0.0,0.0,Mateo,Pellegrino,2001-10-22,24.9,125.0,32.0,Forward,Striker,7maur0rp96hubnkuu84576wpg,4raiad4l2j5lkfaz92pk4osb,ACF Fiorentina,Fiorentina,Fiorentina,FIO,524463,7maur0rp96hubnkuu84576wpg,125,4raiad4l2j5lkfaz92pk4osb
Mathis Mout,598561.0,3.0,133.0,0.0,0.05,-0.05,1.0,0.0,0.0,0.05,Mathis,Mout,2007-08-06,19.11,742.0,80.0,Midfielder,Central Midfielder,3ljpx8whr1ulrif20fbxg77kk,67z1gqyiuzpmmb15q5fy7ntc4,AC Monza,Monza,Monza,MON,36.0,456.723,18.0,217.245,1.0,0.0,0.0,0.0,12.687,12.069,6.0,3.0,12.0,1.0,2.0,11.0,9.0,81.818,0.0,0.0,0.0,,,,,,,,,,598561.0,133.0,3.0,1.0,1.0,0.0,0.0,0.029,0.029,1.0,1.0,Mathis,Mout,2007-08-06,19.11,742.0,80.0,Midfielder,Central Midfielder,3ljpx8whr1ulrif20fbxg77kk,67z1gqyiuzpmmb15q5fy7ntc4,AC Monza,Monza,Monza,MON,598561.0,133.0,3.0,67.0,48.0,71.64,24.0,12.0,50.0,2.0,0.0,0.0,0.0,0.0,0.0,Mathis,Mout,2007-08-06,19.11,742.0,80.0,Midfielder,Central Midfielder,3ljpx8whr1ulrif20fbxg77kk,67z1gqyiuzpmmb15q5fy7ntc4,AC Monza,Monza,Monza,MON,598561,3ljpx8whr1ulrif20fbxg77kk,742,67z1gqyiuzpmmb15q5fy7ntc4
Mathías Olivera,214966.0,2.0,65.0,0.0,0.18,-0.18,2.0,0.0,0.0,0.09,Mathías,Olivera,1997-10-31,28.88,459.0,17.0,Defender,Full Back,896uaqjrz22q6fqjfzuwf77jd,gi0l1habji5hpgar77dl5jqe,SSC Napoli,Napoli,Napoli,NAP,3.0,37.393,1.0,-2.31,0.0,0.0,0.0,0.0,12.464,-2.31,2.0,1.0,6.0,0.0,0.0,5.0,2.0,40.0,2.0,0.0,0.0,,,,,,,,,,214966.0,65.0,2.0,1.0,1.0,2.78,0.0,0.545,0.545,0.0,0.0,Mathías,Olivera,1997-10-31,28.88,459.0,17.0,Defender,Full Back,896uaqjrz22q6fqjfzuwf77jd,gi0l1habji5hpgar77dl5jqe,SSC Napoli,Napoli,Napoli,NAP,214966.0,65.0,2.0,36.0,28.0,77.78,9.0,5.0,55.56,0.0,0.0,0.0,0.0,0.0,0.0,Mathías,Olivera,1997-10-31,28.88,459.0,17.0,Defender,Full Back,896uaqjrz22q6fqjfzuwf77jd,gi0l1habji5hpgar77dl5jqe,SSC Napoli,Napoli,Napoli,NAP,214966,896uaqjrz22q6fqjfzuwf77jd,459,gi0l1habji5hpgar77dl5jqe
Matija Frigan,521472.0,1.0,45.0,0.0,0.0,0.0,0.0,0.0,0.0,0.0,Matija,Frigan,2003-02-11,23.6,131.0,20.0,Forward,0,8ny9dh0x33c2ejy507qyj2cd0,5aosfavi55p40c65lkriqnqnl,Parma Calcio 1913,Parma,Parma,PAR,0.0,0.0,0.0,0.0,0.0,0.0,0.0,0.0,0.0,0.0,1.0,1.0,1.0,0.0,0.0,6.0,3.0,50.0,0.0,0.0,0.0,,,,,,,,,,521472.0,45.0,1.0,1.0,1.0,20.0,0.0,0.031,0.031,0.0,0.0,Matija,Frigan,2003-02-11,23.6,131.0,20.0,Forward,0,8ny9dh0x33c2ejy507qyj2cd0,5aosfavi55p40c65lkriqnqnl,Parma Calcio 1913,Parma,Parma,PAR,521472.0,45.0,1.0,5.0,4.0,80.0,1.0,1.0,100.0,1.0,0.0,0.0,0.0,0.0,0.0,Matija,Frigan,2003-02-11,23.6,131.0,20.0,Forward,0,8ny9dh0x33c2ejy507qyj2cd0,5aosfavi55p40c65lkriqnqnl,Parma Calcio 1913,Parma,Parma,PAR,521472,8ny9dh0x33c2ejy507qyj2cd0,131,5aosfavi55p40c65lkriqnqnl
Matteo Cancellieri,466149.0,3.0,145.0,0.0,0.25,-0.25,5.0,2.0,0.0,0.05,Matteo,Cancellieri,2002-02-12,24.59,129.0,22.0,Forward,Winger,ho87m362sey4msdjp4n180oa,btcy9nra9ak4m22ovr2ia6m5v,SS Lazio,Lazio,Lazio,LAZ,15.0,250.367,7.0,107.415,2.0,0.0,2.0,0.0,16.691,15.345,2.0,1.0,5.0,0.0,0.0,14.0,6.0,42.857,4.0,1.0,25.0,,,,,,,,,,466149.0,145.0,3.0,5.0,5.0,10.0,0.0,0.721,0.719,0.0,0.0,Matteo,Cancellieri,2002-02-12,24.59,129.0,22.0,Forward,Winger,ho87m362sey4msdjp4n180oa,btcy9nra9ak4m22ovr2ia6m5v,SS Lazio,Lazio,Lazio,LAZ,466149.0,145.0,3.0,51.0,45.0,88.24,30.0,28.0,93.33,3.0,0.0,0.0,0.0,0.0,0.0,Matteo,Cancellieri,2002-02-12,24.59,129.0,22.0,Forward,Winger,ho87m362sey4msdjp4n180oa,btcy9nra9ak4m22ovr2ia6m5v,SS Lazio,Lazio,Lazio,LAZ,466149,ho87m362sey4msdjp4n180oa,129,btcy9nra9ak4m22ovr2ia6m5v
Matteo Cichella,576530.0,2.0,100.0,0.0,0.04,-0.04,1.0,1.0,0.0,0.04,Matteo,Cichella,2005-10-04,20.95,2037.0,16.0,Midfielder,Defensive Midfielder,7g92lfswalp2spd6yzocy6978,5khizzei8z0qbb7exz622wxw3,Frosinone Calcio,Frosinone,Frosinone,FRO,7.0,84.354,6.0,57.435,0.0,0.0,0.0,0.0,12.051,9.572,2.0,1.0,5.0,0.0,2.0,5.0,2.0,40.0,2.0,2.0,100.0,,,,,,,,,,576530.0,100.0,2.0,0.0,0.0,0.0,0.0,0.009,0.009,0.0,0.0,Matteo,Cichella,2005-10-04,20.95,2037.0,16.0,Midfielder,Defensive Midfielder,7g92lfswalp2spd6yzocy6978,5khizzei8z0qbb7exz622wxw3,Frosinone Calcio,Frosinone,Frosinone,FRO,576530.0,100.0,2.0,39.0,27.0,69.23,14.0,7.0,50.0,0.0,0.0,0.0,0.0,0.0,0.0,Matteo,Cichella,2005-10-04,20.95,2037.0,16.0,Midfielder,Defensive Midfielder,7g92lfswalp2spd6yzocy6978,5khizzei8z0qbb7exz622wxw3,Frosinone Calcio,Frosinone,Frosinone,FRO,576530,7g92lfswalp2spd6yzocy6978,2037,5khizzei8z0qbb7exz622wxw3
Matteo Dagasso,628209.0,1.0,20.0,0.0,0.0,0.0,0.0,0.0,0.0,0.0,Matteo,Dagasso,2004-04-01,22.46,137.0,30.0,Midfielder,Central Midfielder,371jzzxulselcl40ezk5l64no,565sm63rjm2y7xeae0dcdbtnu,Venezia FC,Venezia,Venezia,VEN,2.0,25.081,2.0,18.69,0.0,0.0,0.0,0.0,12.54,9.345,0.0,0.0,0.0,0.0,0.0,2.0,0.0,0.0,1.0,1.0,100.0,,,,,,,,,,628209.0,20.0,1.0,0.0,0.0,0.0,0.0,0.003,0.002,0.0,0.0,Matteo,Dagasso,2004-04-01,22.46,137.0,30.0,Midfielder,Central Midfielder,371jzzxulselcl40ezk5l64no,565sm63rjm2y7xeae0dcdbtnu,Venezia FC,Venezia,Venezia,VEN,628209.0,20.0,1.0,20.0,17.0,85.0,3.0,3.0,100.0,1.0,0.0,0.0,0.0,0.0,0.0,Matteo,Dagasso,2004-04-01,22.46,137.0,30.0,Midfielder,Central Midfielder,371jzzxulselcl40ezk5l64no,565sm63rjm2y7xeae0dcdbtnu,Venezia FC,Venezia,Venezia,VEN,628209,371jzzxulselcl40ezk5l64no,137,565sm63rjm2y7xeae0dcdbtnu
Matteo Gabbia,215979.0,2.0,17.0,0.0,0.0,0.0,0.0,0.0,0.0,0.0,Matteo,Gabbia,1999-10-21,26.91,120.0,46.0,Defender,Central Defender,enqcaecpt5hy0qv9x5pzmkjc9,9dntj5dioj5ex52yrgwzxrq9l,AC Milan,Milan,Milan,MIL,0.0,0.0,0.0,0.0,0.0,0.0,0.0,0.0,0.0,0.0,1.0,0.0,0.0,0.0,4.0,1.0,1.0,100.0,1.0,0.0,0.0,,,,,,,,,,215979.0,17.0,2.0,0.0,0.0,0.0,0.0,0.0,0.0,0.0,0.0,Matteo,Gabbia,1999-10-21,26.91,120.0,46.0,Defender,Central Defender,enqcaecpt5hy0qv9x5pzmkjc9,9dntj5dioj5ex52yrgwzxrq9l,AC Milan,Milan,Milan,MIL,215979.0,17.0,2.0,1.0,1.0,100.0,0.0,0.0,0.0,0.0,0.0,0.0,0.0,0.0,0.0,Matteo,Gabbia,1999-10-21,26.91,120.0,46.0,Defender,Central Defender,enqcaecpt5hy0qv9x5pzmkjc9,9dntj5dioj5ex52yrgwzxrq9l,AC Milan,Milan,Milan,MIL,215979,enqcaecpt5hy0qv9x5pzmkjc9,120,9dntj5dioj5ex52yrgwzxrq9l
Matteo Palma,647151.0,1.0,45.0,0.0,0.0,0.0,0.0,0.0,0.0,0.0,Matteo,Palma,2008-03-13,18.51,136.0,16.0,Defender,Central Defender,b4qo4uwejb2o323k7lgefzac4,dxq76zcvnokq07cszdx0i6kve,Udinese Calcio,Udinese,Udinese,UDI,5.0,35.157,0.0,-16.17,0.0,0.0,0.0,0.0,7.031,0.0,1.0,0.0,2.0,1.0,3.0,2.0,2.0,100.0,2.0,2.0,100.0,,,,,,,,,,647151.0,45.0,1.0,0.0,0.0,0.0,0.0,0.002,0.002,0.0,0.0,Matteo,Palma,2008-03-13,18.51,136.0,16.0,Defender,Central Defender,b4qo4uwejb2o323k7lgefzac4,dxq76zcvnokq07cszdx0i6kve,Udinese Calcio,Udinese,Udinese,UDI,647151.0,45.0,1.0,17.0,15.0,88.24,2.0,1.0,50.0,0.0,0.0,0.0,0.0,0.0,0.0,Matteo,Palma,2008-03-13,18.51,136.0,16.0,Defender,Central Defender,b4qo4uwejb2o323k7lgefzac4,dxq76zcvnokq07cszdx0i6kve,Udinese Calcio,Udinese,Udinese,UDI,647151,b4qo4uwejb2o323k7lgefzac4,136,dxq76zcvnokq07cszdx0i6kve
Matteo Politano,153776.0,3.0,219.0,1.0,0.56,0.44,3.0,2.0,33.33,0.19,Matteo,Politano,1993-08-03,33.13,459.0,21.0,Forward,Second Striker,9bba1hgnx5mzpkzeazsoikn9x,gi0l1habji5hpgar77dl5jqe,SSC Napoli,Napoli,Napoli,NAP,28.0,273.622,12.0,59.01,0.0,0.0,1.0,0.0,9.772,4.917,3.0,1.0,3.0,0.0,3.0,12.0,5.0,41.667,3.0,1.0,33.333,,,,,,,,,,153776.0,219.0,3.0,3.0,3.0,4.35,0.0,0.385,0.38,0.0,0.0,Matteo,Politano,1993-08-03,33.13,459.0,21.0,Forward,Second Striker,9bba1hgnx5mzpkzeazsoikn9x,gi0l1habji5hpgar77dl5jqe,SSC Napoli,Napoli,Napoli,NAP,153776.0,219.0,3.0,71.0,60.0,84.51,32.0,25.0,78.13,12.0,4.0,33.33,0.0,0.0,0.0,Matteo,Politano,1993-08-03,33.13,459.0,21.0,Forward,Second Striker,9bba1hgnx5mzpkzeazsoikn9x,gi0l1habji5hpgar77dl5jqe,SSC Napoli,Napoli,Napoli,NAP,153776,9bba1hgnx5mzpkzeazsoikn9x,459,gi0l1habji5hpgar77dl5jqe
Matteo Prati,588222.0,0.0,0.0,0.0,0.0,0.0,0.0,0.0,0.0,0.0,Matteo,Prati,2003-12-28,22.72,124.0,16.0,Midfielder,Defensive Midfielder,588222,5rwlg5cfv1hu7yf0ek1zxpzy3,Cagliari Calcio,Cagliari,Cagliari,CAG,0.0,0.0,0.0,0.0,0.0,0.0,0.0,0.0,0.0,0.0,0.0,0.0,0.0,0.0,0.0,0.0,0.0,0.0,0.0,0.0,0.0,,,,,,,,,,588222.0,0.0,0.0,0.0,0.0,0.0,0.0,0.0,0.0,0.0,0.0,Matteo,Prati,2003-12-28,22.72,124.0,16.0,Midfielder,Defensive Midfielder,588222,5rwlg5cfv1hu7yf0ek1zxpzy3,Cagliari Calcio,Cagliari,Cagliari,CAG,588222.0,0.0,0.0,0.0,0.0,0.0,0.0,0.0,0.0,0.0,0.0,0.0,0.0,0.0,0.0,Matteo,Prati,2003-12-28,22.72,124.0,16.0,Midfielder,Defensive Midfielder,588222,5rwlg5cfv1hu7yf0ek1zxpzy3,Cagliari Calcio,Cagliari,Cagliari,CAG,588222,588222,124,5rwlg5cfv1hu7yf0ek1zxpzy3
Mattia Felici,476933.0,2.0,37.0,0.0,0.09,-0.09,1.0,1.0,0.0,0.09,Mattia,Felici,2001-04-17,25.42,124.0,17.0,Forward,Winger,ancokw84xekm3uve7tnoiiju,5rwlg5cfv1hu7yf0ek1zxpzy3,Cagliari Calcio,Cagliari,Cagliari,CAG,7.0,96.252,4.0,57.645,0.0,0.0,1.0,0.0,13.75,14.411,0.0,0.0,1.0,0.0,0.0,6.0,2.0,33.333,0.0,0.0,0.0,,,,,,,,,,476933.0,37.0,2.0,1.0,1.0,9.09,0.0,0.013,0.013,0.0,0.0,Mattia,Felici,2001-04-17,25.42,124.0,17.0,Forward,Winger,ancokw84xekm3uve7tnoiiju,5rwlg5cfv1hu7yf0ek1zxpzy3,Cagliari Calcio,Cagliari,Cagliari,CAG,476933.0,37.0,2.0,11.0,7.0,63.64,6.0,4.0,66.67,0.0,0.0,0.0,0.0,0.0,0.0,Mattia,Felici,2001-04-17,25.42,124.0,17.0,Forward,Winger,ancokw84xekm3uve7tnoiiju,5rwlg5cfv1hu7yf0ek1zxpzy3,Cagliari Calcio,Cagliari,Cagliari,CAG,476933,ancokw84xekm3uve7tnoiiju,124,5rwlg5cfv1hu7yf0ek1zxpzy3
Mattia Liberali,577694.0,2.0,25.0,0.0,0.06,-0.06,2.0,1.0,0.0,0.03,Mattia,Liberali,2007-04-06,19.45,1065.0,30.0,Midfielder,Attacking Midfielder,22vctvwf3zrm9jzgrmo4kc4k4,6uzfw7ahyxg4wrrfxo5u7qt0n,Calcio Como 1907,Como,Como,COM,8.0,87.751,2.0,14.49,1.0,0.0,1.0,0.0,10.969,7.245,1.0,1.0,3.0,0.0,0.0,5.0,2.0,40.0,0.0,0.0,0.0,,,,,,,,,,577694.0,25.0,2.0,1.0,1.0,9.09,0.0,0.033,0.032,0.0,0.0,Mattia,Liberali,2007-04-06,19.45,1065.0,30.0,Midfielder,Attacking Midfielder,22vctvwf3zrm9jzgrmo4kc4k4,6uzfw7ahyxg4wrrfxo5u7qt0n,Calcio Como 1907,Como,Como,COM,577694.0,25.0,2.0,12.0,12.0,100.0,3.0,3.0,100.0,0.0,0.0,0.0,0.0,0.0,0.0,Mattia,Liberali,2007-04-06,19.45,1065.0,30.0,Midfielder,Attacking Midfielder,22vctvwf3zrm9jzgrmo4kc4k4,6uzfw7ahyxg4wrrfxo5u7qt0n,Calcio Como 1907,Como,Como,COM,577694,22vctvwf3zrm9jzgrmo4kc4k4,1065,6uzfw7ahyxg4wrrfxo5u7qt0n
Mattia Pellini,667790.0,0.0,0.0,0.0,0.0,0.0,0.0,0.0,0.0,0.0,Mattia,Pellini,2007-02-23,19.56,135.0,25.0,Defender,0,667790,7gnly6999wao1xarwct4p8fe9,Torino FC,Torino,Torino,TOR,0.0,0.0,0.0,0.0,0.0,0.0,0.0,0.0,0.0,0.0,0.0,0.0,0.0,0.0,0.0,0.0,0.0,0.0,0.0,0.0,0.0,,,,,,,,,,667790.0,0.0,0.0,0.0,0.0,0.0,0.0,0.0,0.0,0.0,0.0,Mattia,Pellini,2007-02-23,19.56,135.0,25.0,Defender,0,667790,7gnly6999wao1xarwct4p8fe9,Torino FC,Torino,Torino,TOR,667790.0,0.0,0.0,0.0,0.0,0.0,0.0,0.0,0.0,0.0,0.0,0.0,0.0,0.0,0.0,Mattia,Pellini,2007-02-23,19.56,135.0,25.0,Defender,0,667790,7gnly6999wao1xarwct4p8fe9,Torino FC,Torino,Torino,TOR,667790,667790,135,7gnly6999wao1xarwct4p8fe9
Mattia Zaccagni,157008.0,3.0,269.0,0.0,0.62,-0.62,10.0,3.0,0.0,0.06,Mattia,Zaccagni,1995-06-16,31.26,129.0,10.0,Midfielder,Winger,cfzvplhlvlfvau521u6b86xud,btcy9nra9ak4m22ovr2ia6m5v,SS Lazio,Lazio,Lazio,LAZ,40.0,433.745,19.0,126.84,4.0,0.0,4.0,1.0,10.844,6.676,4.0,4.0,7.0,0.0,3.0,22.0,12.0,54.545,2.0,1.0,50.0,,,,,,,,,,157008.0,269.0,3.0,7.0,5.0,3.77,28.57,0.947,0.687,1.0,1.0,Mattia,Zaccagni,1995-06-16,31.26,129.0,10.0,Midfielder,Winger,cfzvplhlvlfvau521u6b86xud,btcy9nra9ak4m22ovr2ia6m5v,SS Lazio,Lazio,Lazio,LAZ,157008.0,269.0,3.0,107.0,87.0,81.31,47.0,39.0,82.98,6.0,1.0,16.67,0.0,0.0,0.0,Mattia,Zaccagni,1995-06-16,31.26,129.0,10.0,Midfielder,Winger,cfzvplhlvlfvau521u6b86xud,btcy9nra9ak4m22ovr2ia6m5v,SS Lazio,Lazio,Lazio,LAZ,157008,cfzvplhlvlfvau521u6b86xud,129,btcy9nra9ak4m22ovr2ia6m5v
Matías Moreno,622127.0,1.0,15.0,0.0,0.11,-0.11,1.0,0.0,0.0,0.11,Matías,Moreno,2003-09-24,22.98,137.0,2.0,Defender,Central Defender,4v3mcgy4w1n4g3vkq0fe7iwwk,565sm63rjm2y7xeae0dcdbtnu,Venezia FC,Venezia,Venezia,VEN,1.0,5.599,0.0,-3.255,0.0,0.0,0.0,0.0,5.599,0.0,0.0,0.0,1.0,0.0,0.0,1.0,0.0,0.0,3.0,2.0,66.667,,,,,,,,,,622127.0,15.0,1.0,0.0,0.0,0.0,0.0,0.002,0.002,0.0,0.0,Matías,Moreno,2003-09-24,22.98,137.0,2.0,Defender,Central Defender,4v3mcgy4w1n4g3vkq0fe7iwwk,565sm63rjm2y7xeae0dcdbtnu,Venezia FC,Venezia,Venezia,VEN,622127.0,15.0,1.0,7.0,4.0,57.14,4.0,2.0,50.0,0.0,0.0,0.0,0.0,0.0,0.0,Matías,Moreno,2003-09-24,22.98,137.0,2.0,Defender,Central Defender,4v3mcgy4w1n4g3vkq0fe7iwwk,565sm63rjm2y7xeae0dcdbtnu,Venezia FC,Venezia,Venezia,VEN,622127,4v3mcgy4w1n4g3vkq0fe7iwwk,137,565sm63rjm2y7xeae0dcdbtnu
Matías Soulé,511505.0,3.0,132.0,2.0,1.63,0.37,13.0,7.0,15.38,0.13,Matías,Soulé,2003-04-15,23.42,121.0,18.0,Forward,Winger,erwh25hbq259kqdirfufnbcb8,2tk2l9sgktwc9jhzqdd4mpdtb,AS Roma,Roma,Roma,ROM,43.0,425.971,19.0,156.45,4.0,1.0,1.0,0.0,9.906,8.234,2.0,3.0,10.0,0.0,1.0,9.0,5.0,55.556,2.0,2.0,100.0,,,,,,,,,,511505.0,132.0,3.0,3.0,2.0,2.41,0.0,0.245,0.203,1.0,0.0,Matías,Soulé,2003-04-15,23.42,121.0,18.0,Forward,Winger,erwh25hbq259kqdirfufnbcb8,2tk2l9sgktwc9jhzqdd4mpdtb,AS Roma,Roma,Roma,ROM,511505.0,132.0,3.0,85.0,75.0,88.24,42.0,36.0,85.71,2.0,1.0,50.0,2.0,0.0,0.0,Matías,Soulé,2003-04-15,23.42,121.0,18.0,Forward,Winger,erwh25hbq259kqdirfufnbcb8,2tk2l9sgktwc9jhzqdd4mpdtb,AS Roma,Roma,Roma,ROM,511505,erwh25hbq259kqdirfufnbcb8,121,2tk2l9sgktwc9jhzqdd4mpdtb
Maxence Caqueret,219296.0,3.0,57.0,0.0,0.0,0.0,0.0,0.0,0.0,0.0,Maxence,Caqueret,2000-02-15,26.59,1065.0,8.0,Midfielder,Central Midfielder,79dz7zni5fcgh5e70spoj2j8p,6uzfw7ahyxg4wrrfxo5u7qt0n,Calcio Como 1907,Como,Como,COM,8.0,73.828,2.0,-4.095,0.0,0.0,0.0,0.0,9.228,-2.047,0.0,0.0,5.0,0.0,1.0,6.0,0.0,0.0,0.0,0.0,0.0,,,,,,,,,,219296.0,57.0,3.0,2.0,2.0,4.44,0.0,0.102,0.102,0.0,0.0,Maxence,Caqueret,2000-02-15,26.59,1065.0,8.0,Midfielder,Central Midfielder,79dz7zni5fcgh5e70spoj2j8p,6uzfw7ahyxg4wrrfxo5u7qt0n,Calcio Como 1907,Como,Como,COM,219296.0,57.0,3.0,45.0,40.0,88.89,9.0,8.0,88.89,0.0,0.0,0.0,0.0,0.0,0.0,Maxence,Caqueret,2000-02-15,26.59,1065.0,8.0,Midfielder,Central Midfielder,79dz7zni5fcgh5e70spoj2j8p,6uzfw7ahyxg4wrrfxo5u7qt0n,Calcio Como 1907,Como,Como,COM,219296,79dz7zni5fcgh5e70spoj2j8p,1065,6uzfw7ahyxg4wrrfxo5u7qt0n
Medon Berisha,550922.0,1.0,8.0,0.0,0.03,-0.03,1.0,1.0,0.0,0.03,Medon,Berisha,2003-10-21,22.91,130.0,10.0,Midfielder,Central Midfielder,d12unjo4sk39iix9of2yfask4,bi1fxjrncd0ram0oi7ja1jyuo,US Lecce,Lecce,Lecce,LEC,4.0,96.084,3.0,84.63,1.0,0.0,0.0,0.0,24.021,28.21,0.0,0.0,2.0,1.0,0.0,0.0,0.0,0.0,0.0,0.0,0.0,,,,,,,,,,550922.0,8.0,1.0,0.0,0.0,0.0,0.0,0.023,0.023,0.0,0.0,Medon,Berisha,2003-10-21,22.91,130.0,10.0,Midfielder,Central Midfielder,d12unjo4sk39iix9of2yfask4,bi1fxjrncd0ram0oi7ja1jyuo,US Lecce,Lecce,Lecce,LEC,550922.0,8.0,1.0,9.0,4.0,44.44,6.0,2.0,33.33,1.0,0.0,0.0,0.0,0.0,0.0,Medon,Berisha,2003-10-21,22.91,130.0,10.0,Midfielder,Central Midfielder,d12unjo4sk39iix9of2yfask4,bi1fxjrncd0ram0oi7ja1jyuo,US Lecce,Lecce,Lecce,LEC,550922,d12unjo4sk39iix9of2yfask4,130,bi1fxjrncd0ram0oi7ja1jyuo
Michael Folorunsho,247050.0,2.0,126.0,0.0,0.34,-0.34,5.0,0.0,0.0,0.07,Michael,Folorunsho,1998-02-07,28.61,742.0,90.0,Midfielder,Central Midfielder,8ofihttdgz6nyxxon2zim7x0p,67z1gqyiuzpmmb15q5fy7ntc4,AC Monza,Monza,Monza,MON,25.0,220.287,14.0,138.075,1.0,0.0,0.0,0.0,8.811,9.862,1.0,2.0,6.0,0.0,1.0,11.0,6.0,54.545,4.0,0.0,0.0,,,,,,,,,,247050.0,126.0,2.0,2.0,2.0,2.9,0.0,0.094,0.093,0.0,0.0,Michael,Folorunsho,1998-02-07,28.61,742.0,90.0,Midfielder,Central Midfielder,8ofihttdgz6nyxxon2zim7x0p,67z1gqyiuzpmmb15q5fy7ntc4,AC Monza,Monza,Monza,MON,247050.0,126.0,2.0,73.0,61.0,83.56,22.0,15.0,68.18,3.0,2.0,66.67,1.0,0.0,0.0,Michael,Folorunsho,1998-02-07,28.61,742.0,90.0,Midfielder,Central Midfielder,8ofihttdgz6nyxxon2zim7x0p,67z1gqyiuzpmmb15q5fy7ntc4,AC Monza,Monza,Monza,MON,247050,8ofihttdgz6nyxxon2zim7x0p,742,67z1gqyiuzpmmb15q5fy7ntc4
Michel Adopo,449470.0,3.0,270.0,0.0,0.33,-0.33,4.0,2.0,0.0,0.08,Michel,Adopo,2000-07-19,26.16,124.0,8.0,Midfielder,Central Midfielder,43rid94d7jz7u5ba4xzb8bbe2,5rwlg5cfv1hu7yf0ek1zxpzy3,Cagliari Calcio,Cagliari,Cagliari,CAG,26.0,254.814,6.0,85.47,2.0,0.0,2.0,0.0,9.801,14.245,1.0,0.0,15.0,0.0,3.0,11.0,2.0,18.182,7.0,4.0,57.143,,,,,,,,,,449470.0,270.0,3.0,6.0,6.0,4.31,0.0,0.148,0.148,1.0,1.0,Michel,Adopo,2000-07-19,26.16,124.0,8.0,Midfielder,Central Midfielder,43rid94d7jz7u5ba4xzb8bbe2,5rwlg5cfv1hu7yf0ek1zxpzy3,Cagliari Calcio,Cagliari,Cagliari,CAG,449470.0,270.0,3.0,116.0,101.0,87.07,47.0,42.0,89.36,1.0,0.0,0.0,0.0,0.0,0.0,Michel,Adopo,2000-07-19,26.16,124.0,8.0,Midfielder,Central Midfielder,43rid94d7jz7u5ba4xzb8bbe2,5rwlg5cfv1hu7yf0ek1zxpzy3,Cagliari Calcio,Cagliari,Cagliari,CAG,449470,43rid94d7jz7u5ba4xzb8bbe2,124,5rwlg5cfv1hu7yf0ek1zxpzy3
Mikael Ellertsson,488006.0,3.0,270.0,0.0,0.09,-0.09,2.0,0.0,0.0,0.05,Mikael,Ellertsson,2002-03-11,24.52,990.0,77.0,Midfielder,Central Midfielder,7u9bpiajlgr3zibj89pub7wbu,4kumqzwifv478caxed8zywlh3,Genoa CFC,Genoa,Genoa,GEN,23.0,236.69,14.0,128.1,1.0,0.0,1.0,0.0,10.291,9.15,7.0,2.0,7.0,1.0,6.0,21.0,12.0,57.143,2.0,0.0,0.0,,,,,,,,,,488006.0,270.0,3.0,1.0,1.0,1.47,0.0,0.137,0.136,0.0,0.0,Mikael,Ellertsson,2002-03-11,24.52,990.0,77.0,Midfielder,Central Midfielder,7u9bpiajlgr3zibj89pub7wbu,4kumqzwifv478caxed8zywlh3,Genoa CFC,Genoa,Genoa,GEN,488006.0,270.0,3.0,69.0,55.0,79.71,23.0,15.0,65.22,6.0,2.0,33.33,0.0,0.0,0.0,Mikael,Ellertsson,2002-03-11,24.52,990.0,77.0,Midfielder,Central Midfielder,7u9bpiajlgr3zibj89pub7wbu,4kumqzwifv478caxed8zywlh3,Genoa CFC,Genoa,Genoa,GEN,488006,7u9bpiajlgr3zibj89pub7wbu,990,4kumqzwifv478caxed8zywlh3
Mike Maignan,,,,,,,,,,,,,,,,,,,,,,,,,,,,,,,,,,,,,,,,,,,,,,270.0,100.0,0.0,2.0,6.0,75.0,0.6,1.0,2.6,,,,,,,,,,,,,,,,,,,,,,,,,,,,,,,,,,,,,,,,,,,,,,,,,,,,,,,129487,3fpnfgoy4lbpapv2th6g60cet,120,9dntj5dioj5ex52yrgwzxrq9l
Mikel Amondarain,625459.0,2.0,29.0,0.0,0.03,-0.03,1.0,0.0,0.0,0.03,Mikel,Amondarain,2005-01-06,21.69,123.0,8.0,Midfielder,Central Midfielder,9zb6o6wb89urv2thwis51c7is,ej5er0oyngdw138yuumwqbyqt,Bologna FC 1909,Bologna,Bologna,BOL,8.0,95.183,4.0,59.115,1.0,0.0,0.0,0.0,11.898,14.779,1.0,0.0,3.0,0.0,1.0,3.0,2.0,66.667,0.0,0.0,0.0,,,,,,,,,,625459.0,29.0,2.0,0.0,0.0,0.0,0.0,0.036,0.036,0.0,0.0,Mikel,Amondarain,2005-01-06,21.69,123.0,8.0,Midfielder,Central Midfielder,9zb6o6wb89urv2thwis51c7is,ej5er0oyngdw138yuumwqbyqt,Bologna FC 1909,Bologna,Bologna,BOL,625459.0,29.0,2.0,20.0,17.0,85.0,4.0,4.0,100.0,1.0,0.0,0.0,0.0,0.0,0.0,Mikel,Amondarain,2005-01-06,21.69,123.0,8.0,Midfielder,Central Midfielder,9zb6o6wb89urv2thwis51c7is,ej5er0oyngdw138yuumwqbyqt,Bologna FC 1909,Bologna,Bologna,BOL,625459,9zb6o6wb89urv2thwis51c7is,123,ej5er0oyngdw138yuumwqbyqt
Mile Svilar,,,,,,,,,,,,,,,,,,,,,,,,,,,,,,,,,,,,,,,,,,,,,,270.0,100.0,0.0,1.0,7.0,87.5,-0.04,0.0,0.96,,,,,,,,,,,,,,,,,,,,,,,,,,,,,,,,,,,,,,,,,,,,,,,,,,,,,,,228531,el58uxf7oaqu95yx1vbgmr7it,121,2tk2l9sgktwc9jhzqdd4mpdtb
Milutin Osmajic,449327.0,2.0,117.0,1.0,0.37,0.63,3.0,1.0,33.33,0.12,Milutin,Osmajic,1999-07-25,27.15,990.0,18.0,Forward,0,2u7fm04v2xzqso4rubkrvjcru,4kumqzwifv478caxed8zywlh3,Genoa CFC,Genoa,Genoa,GEN,7.0,60.541,2.0,15.015,0.0,0.0,0.0,0.0,8.649,7.508,0.0,0.0,2.0,0.0,1.0,6.0,4.0,66.667,2.0,2.0,100.0,,,,,,,,,,449327.0,117.0,2.0,3.0,3.0,33.33,0.0,0.02,0.02,0.0,0.0,Milutin,Osmajic,1999-07-25,27.15,990.0,18.0,Forward,0,2u7fm04v2xzqso4rubkrvjcru,4kumqzwifv478caxed8zywlh3,Genoa CFC,Genoa,Genoa,GEN,449327.0,117.0,2.0,10.0,8.0,80.0,5.0,4.0,80.0,0.0,0.0,0.0,0.0,0.0,0.0,Milutin,Osmajic,1999-07-25,27.15,990.0,18.0,Forward,0,2u7fm04v2xzqso4rubkrvjcru,4kumqzwifv478caxed8zywlh3,Genoa CFC,Genoa,Genoa,GEN,449327,2u7fm04v2xzqso4rubkrvjcru,990,4kumqzwifv478caxed8zywlh3
Moise Kean,242058.0,2.0,51.0,0.0,0.17,-0.17,2.0,2.0,0.0,0.09,Moise,Kean,2000-02-28,26.55,1065.0,90.0,Forward,Striker,3zqpvn7r1c779l9vwwh7yukfd,6uzfw7ahyxg4wrrfxo5u7qt0n,Calcio Como 1907,Como,Como,COM,6.0,74.827,2.0,20.79,0.0,0.0,1.0,1.0,12.471,10.395,0.0,0.0,1.0,0.0,0.0,3.0,2.0,66.667,3.0,0.0,0.0,,,,,,,,,,242058.0,51.0,2.0,1.0,1.0,0.0,0.0,0.117,0.117,1.0,1.0,Moise,Kean,2000-02-28,26.55,1065.0,90.0,Forward,Striker,3zqpvn7r1c779l9vwwh7yukfd,6uzfw7ahyxg4wrrfxo5u7qt0n,Calcio Como 1907,Como,Como,COM,242058.0,51.0,2.0,17.0,16.0,94.12,8.0,7.0,87.5,1.0,0.0,0.0,0.0,0.0,0.0,Moise,Kean,2000-02-28,26.55,1065.0,90.0,Forward,Striker,3zqpvn7r1c779l9vwwh7yukfd,6uzfw7ahyxg4wrrfxo5u7qt0n,Calcio Como 1907,Como,Como,COM,242058,3zqpvn7r1c779l9vwwh7yukfd,1065,6uzfw7ahyxg4wrrfxo5u7qt0n
Morten Frendrup,445733.0,3.0,270.0,0.0,0.08,-0.08,2.0,1.0,0.0,0.04,Morten,Frendrup,2001-04-07,25.45,990.0,32.0,Midfielder,Defensive Midfielder,2um03dny7h3sdvehq3bygd1t6,4kumqzwifv478caxed8zywlh3,Genoa CFC,Genoa,Genoa,GEN,53.0,529.723,17.0,207.06,0.0,0.0,0.0,0.0,9.995,12.18,6.0,9.0,10.0,2.0,4.0,18.0,10.0,55.556,4.0,2.0,50.0,,,,,,,,,,445733.0,270.0,3.0,4.0,4.0,2.48,0.0,0.107,0.106,0.0,0.0,Morten,Frendrup,2001-04-07,25.45,990.0,32.0,Midfielder,Defensive Midfielder,2um03dny7h3sdvehq3bygd1t6,4kumqzwifv478caxed8zywlh3,Genoa CFC,Genoa,Genoa,GEN,445733.0,270.0,3.0,172.0,159.0,92.44,33.0,26.0,78.79,1.0,1.0,100.0,1.0,0.0,0.0,Morten,Frendrup,2001-04-07,25.45,990.0,32.0,Midfielder,Defensive Midfielder,2um03dny7h3sdvehq3bygd1t6,4kumqzwifv478caxed8zywlh3,Genoa CFC,Genoa,Genoa,GEN,445733,2um03dny7h3sdvehq3bygd1t6,990,4kumqzwifv478caxed8zywlh3
Máximo Perrone,482769.0,3.0,159.0,0.0,0.11,-0.11,2.0,0.0,0.0,0.06,Máximo,Perrone,2003-01-07,23.69,1065.0,5.0,Midfielder,Defensive Midfielder,6d36zn3fr35yhj70yx5n445qs,6uzfw7ahyxg4wrrfxo5u7qt0n,Calcio Como 1907,Como,Como,COM,30.0,253.993,8.0,47.985,0.0,0.0,0.0,0.0,8.466,5.998,2.0,0.0,6.0,1.0,3.0,5.0,2.0,40.0,1.0,0.0,0.0,,,,,,,,,,482769.0,159.0,3.0,3.0,3.0,1.96,0.0,0.081,0.08,0.0,0.0,Máximo,Perrone,2003-01-07,23.69,1065.0,5.0,Midfielder,Defensive Midfielder,6d36zn3fr35yhj70yx5n445qs,6uzfw7ahyxg4wrrfxo5u7qt0n,Calcio Como 1907,Como,Como,COM,482769.0,159.0,3.0,159.0,153.0,96.23,27.0,23.0,85.19,0.0,0.0,0.0,0.0,0.0,0.0,Máximo,Perrone,2003-01-07,23.69,1065.0,5.0,Midfielder,Defensive Midfielder,6d36zn3fr35yhj70yx5n445qs,6uzfw7ahyxg4wrrfxo5u7qt0n,Calcio Como 1907,Como,Como,COM,482769,6d36zn3fr35yhj70yx5n445qs,1065,6uzfw7ahyxg4wrrfxo5u7qt0n
Mërgim Vojvoda,212667.0,3.0,265.0,0.0,0.07,-0.07,2.0,0.0,0.0,0.03,Mërgim,Vojvoda,1995-02-01,31.63,136.0,23.0,Defender,Full Back,16kv5p8we3pwqpt5ktwrb7mj9,dxq76zcvnokq07cszdx0i6kve,Udinese Calcio,Udinese,Udinese,UDI,42.0,455.013,20.0,102.795,0.0,0.0,3.0,0.0,10.834,5.14,8.0,3.0,13.0,0.0,6.0,17.0,13.0,76.471,1.0,1.0,100.0,,,,,,,,,,212667.0,265.0,3.0,5.0,5.0,3.47,0.0,0.562,0.559,0.0,0.0,Mërgim,Vojvoda,1995-02-01,31.63,136.0,23.0,Defender,Full Back,16kv5p8we3pwqpt5ktwrb7mj9,dxq76zcvnokq07cszdx0i6kve,Udinese Calcio,Udinese,Udinese,UDI,212667.0,265.0,3.0,148.0,116.0,78.38,54.0,32.0,59.26,7.0,1.0,14.29,1.0,1.0,100.0,Mërgim,Vojvoda,1995-02-01,31.63,136.0,23.0,Defender,Full Back,16kv5p8we3pwqpt5ktwrb7mj9,dxq76zcvnokq07cszdx0i6kve,Udinese Calcio,Udinese,Udinese,UDI,212667,16kv5p8we3pwqpt5ktwrb7mj9,136,dxq76zcvnokq07cszdx0i6kve
Nadir Zortea,489209.0,2.0,87.0,0.0,0.04,-0.04,1.0,0.0,0.0,0.04,Nadir,Zortea,1999-06-19,27.25,123.0,20.0,Defender,Wing Back,42m78ny1ggvmzmjtka7exyzqi,ej5er0oyngdw138yuumwqbyqt,Bologna FC 1909,Bologna,Bologna,BOL,8.0,105.009,4.0,46.2,1.0,0.0,0.0,0.0,13.126,11.55,3.0,0.0,1.0,0.0,1.0,8.0,4.0,50.0,0.0,0.0,0.0,,,,,,,,,,489209.0,87.0,2.0,0.0,0.0,0.0,0.0,0.007,0.007,0.0,0.0,Nadir,Zortea,1999-06-19,27.25,123.0,20.0,Defender,Wing Back,42m78ny1ggvmzmjtka7exyzqi,ej5er0oyngdw138yuumwqbyqt,Bologna FC 1909,Bologna,Bologna,BOL,489209.0,87.0,2.0,37.0,33.0,89.19,5.0,4.0,80.0,1.0,0.0,0.0,0.0,0.0,0.0,Nadir,Zortea,1999-06-19,27.25,123.0,20.0,Defender,Wing Back,42m78ny1ggvmzmjtka7exyzqi,ej5er0oyngdw138yuumwqbyqt,Bologna FC 1909,Bologna,Bologna,BOL,489209,42m78ny1ggvmzmjtka7exyzqi,123,ej5er0oyngdw138yuumwqbyqt
Nahuel Molina,221586.0,2.0,66.0,0.0,0.0,0.0,0.0,0.0,0.0,0.0,Nahuel,Molina,1998-04-06,28.45,121.0,20.0,Defender,Full Back,ieu0x9fy8hpqyztdjg8bgpnt,2tk2l9sgktwc9jhzqdd4mpdtb,AS Roma,Roma,Roma,ROM,14.0,139.141,10.0,103.74,0.0,0.0,1.0,0.0,9.939,10.374,3.0,0.0,4.0,0.0,0.0,7.0,5.0,71.429,0.0,0.0,0.0,,,,,,,,,,221586.0,66.0,2.0,5.0,5.0,8.93,0.0,0.314,0.314,0.0,0.0,Nahuel,Molina,1998-04-06,28.45,121.0,20.0,Defender,Full Back,ieu0x9fy8hpqyztdjg8bgpnt,2tk2l9sgktwc9jhzqdd4mpdtb,AS Roma,Roma,Roma,ROM,221586.0,66.0,2.0,56.0,49.0,87.5,25.0,20.0,80.0,7.0,2.0,28.57,0.0,0.0,0.0,Nahuel,Molina,1998-04-06,28.45,121.0,20.0,Defender,Full Back,ieu0x9fy8hpqyztdjg8bgpnt,2tk2l9sgktwc9jhzqdd4mpdtb,AS Roma,Roma,Roma,ROM,221586,ieu0x9fy8hpqyztdjg8bgpnt,121,2tk2l9sgktwc9jhzqdd4mpdtb
Nathan Patterson,243571.0,1.0,34.0,0.0,0.0,0.0,0.0,0.0,0.0,0.0,Nathan,Patterson,2001-10-16,24.92,135.0,2.0,Defender,Full Back,a559ewan4122b6orx6d0f6s16,7gnly6999wao1xarwct4p8fe9,Torino FC,Torino,Torino,TOR,3.0,23.514,1.0,0.63,0.0,0.0,0.0,0.0,7.838,0.63,1.0,0.0,1.0,1.0,1.0,1.0,1.0,100.0,0.0,0.0,0.0,,,,,,,,,,243571.0,34.0,1.0,0.0,0.0,0.0,0.0,0.004,0.004,0.0,0.0,Nathan,Patterson,2001-10-16,24.92,135.0,2.0,Defender,Full Back,a559ewan4122b6orx6d0f6s16,7gnly6999wao1xarwct4p8fe9,Torino FC,Torino,Torino,TOR,243571.0,34.0,1.0,13.0,12.0,92.31,4.0,3.0,75.0,1.0,0.0,0.0,0.0,0.0,0.0,Nathan,Patterson,2001-10-16,24.92,135.0,2.0,Defender,Full Back,a559ewan4122b6orx6d0f6s16,7gnly6999wao1xarwct4p8fe9,Torino FC,Torino,Torino,TOR,243571,a559ewan4122b6orx6d0f6s16,135,7gnly6999wao1xarwct4p8fe9
Neil El Aynaoui,545286.0,1.0,11.0,0.0,0.0,0.0,0.0,0.0,0.0,0.0,Neil,El Aynaoui,2001-07-02,25.21,121.0,8.0,Midfielder,Central Midfielder,6zf7dbi1xepyxdohsnrunu5m,2tk2l9sgktwc9jhzqdd4mpdtb,AS Roma,Roma,Roma,ROM,3.0,25.76,1.0,4.62,0.0,0.0,0.0,0.0,8.587,4.62,0.0,0.0,0.0,0.0,0.0,0.0,0.0,0.0,0.0,0.0,0.0,,,,,,,,,,545286.0,11.0,1.0,0.0,0.0,0.0,0.0,0.002,0.001,0.0,0.0,Neil,El Aynaoui,2001-07-02,25.21,121.0,8.0,Midfielder,Central Midfielder,6zf7dbi1xepyxdohsnrunu5m,2tk2l9sgktwc9jhzqdd4mpdtb,AS Roma,Roma,Roma,ROM,545286.0,11.0,1.0,10.0,10.0,100.0,1.0,1.0,100.0,0.0,0.0,0.0,0.0,0.0,0.0,Neil,El Aynaoui,2001-07-02,25.21,121.0,8.0,Midfielder,Central Midfielder,6zf7dbi1xepyxdohsnrunu5m,2tk2l9sgktwc9jhzqdd4mpdtb,AS Roma,Roma,Roma,ROM,545286,6zf7dbi1xepyxdohsnrunu5m,121,2tk2l9sgktwc9jhzqdd4mpdtb
Nemanja Matic,62398.0,3.0,243.0,0.0,0.06,-0.06,3.0,0.0,0.0,0.02,Nemanja,Matic,1988-08-01,38.14,2182.0,18.0,Midfielder,Defensive Midfielder,c5a7z6vphv9tp9ddid5jnrnx1,6tuibxq39fdryu8ou06wcm0q3,US Sassuolo Calcio,Sassuolo,Sassuolo,SAS,31.0,305.14,10.0,77.7,2.0,0.0,1.0,0.0,9.843,7.77,4.0,5.0,17.0,1.0,7.0,17.0,10.0,58.824,0.0,0.0,0.0,,,,,,,,,,62398.0,243.0,3.0,6.0,6.0,4.11,0.0,0.279,0.278,0.0,0.0,Nemanja,Matic,1988-08-01,38.14,2182.0,18.0,Midfielder,Defensive Midfielder,c5a7z6vphv9tp9ddid5jnrnx1,6tuibxq39fdryu8ou06wcm0q3,US Sassuolo Calcio,Sassuolo,Sassuolo,SAS,62398.0,243.0,3.0,148.0,126.0,85.14,44.0,34.0,77.27,3.0,2.0,66.67,1.0,1.0,100.0,Nemanja,Matic,1988-08-01,38.14,2182.0,18.0,Midfielder,Defensive Midfielder,c5a7z6vphv9tp9ddid5jnrnx1,6tuibxq39fdryu8ou06wcm0q3,US Sassuolo Calcio,Sassuolo,Sassuolo,SAS,62398,c5a7z6vphv9tp9ddid5jnrnx1,2182,6tuibxq39fdryu8ou06wcm0q3
Nesta Elphege,617559.0,2.0,16.0,0.0,0.24,-0.24,1.0,0.0,0.0,0.24,Nesta,Elphege,2001-01-09,25.69,131.0,23.0,Forward,0,4ilb0ze8usfyb8893fhh9zoyc,5aosfavi55p40c65lkriqnqnl,Parma Calcio 1913,Parma,Parma,PAR,0.0,0.0,0.0,0.0,0.0,0.0,0.0,0.0,0.0,0.0,0.0,0.0,0.0,0.0,0.0,1.0,0.0,0.0,0.0,0.0,0.0,,,,,,,,,,617559.0,16.0,2.0,0.0,0.0,0.0,0.0,0.0,0.0,0.0,0.0,Nesta,Elphege,2001-01-09,25.69,131.0,23.0,Forward,0,4ilb0ze8usfyb8893fhh9zoyc,5aosfavi55p40c65lkriqnqnl,Parma Calcio 1913,Parma,Parma,PAR,617559.0,16.0,2.0,1.0,1.0,100.0,0.0,0.0,0.0,0.0,0.0,0.0,0.0,0.0,0.0,Nesta,Elphege,2001-01-09,25.69,131.0,23.0,Forward,0,4ilb0ze8usfyb8893fhh9zoyc,5aosfavi55p40c65lkriqnqnl,Parma Calcio 1913,Parma,Parma,PAR,617559,4ilb0ze8usfyb8893fhh9zoyc,131,5aosfavi55p40c65lkriqnqnl
Niccolò Fortini,602122.0,3.0,149.0,0.0,0.04,-0.04,1.0,0.0,0.0,0.04,Niccolò,Fortini,2006-02-13,20.59,135.0,29.0,Defender,Full Back,c4bccspnyg73206u27nhiwu1g,7gnly6999wao1xarwct4p8fe9,Torino FC,Torino,Torino,TOR,30.0,334.168,21.0,179.55,0.0,0.0,1.0,0.0,11.139,8.55,2.0,0.0,9.0,0.0,1.0,14.0,8.0,57.143,0.0,0.0,0.0,,,,,,,,,,602122.0,149.0,3.0,1.0,1.0,1.18,0.0,0.173,0.172,0.0,0.0,Niccolò,Fortini,2006-02-13,20.59,135.0,29.0,Defender,Full Back,c4bccspnyg73206u27nhiwu1g,7gnly6999wao1xarwct4p8fe9,Torino FC,Torino,Torino,TOR,602122.0,149.0,3.0,86.0,79.0,91.86,28.0,24.0,85.71,7.0,2.0,28.57,0.0,0.0,0.0,Niccolò,Fortini,2006-02-13,20.59,135.0,29.0,Defender,Full Back,c4bccspnyg73206u27nhiwu1g,7gnly6999wao1xarwct4p8fe9,Torino FC,Torino,Torino,TOR,602122,c4bccspnyg73206u27nhiwu1g,135,7gnly6999wao1xarwct4p8fe9
Niccolò Pisilli,614866.0,2.0,34.0,1.0,0.32,0.68,1.0,1.0,100.0,0.32,Niccolò,Pisilli,2004-09-23,21.98,121.0,61.0,Midfielder,Central Midfielder,5kktohikuoy0a1oagcgps8mxg,2tk2l9sgktwc9jhzqdd4mpdtb,AS Roma,Roma,Roma,ROM,10.0,131.741,7.0,107.73,0.0,0.0,0.0,0.0,13.174,15.39,1.0,1.0,2.0,0.0,0.0,2.0,1.0,50.0,0.0,0.0,0.0,,,,,,,,,,614866.0,34.0,2.0,1.0,1.0,2.94,0.0,0.075,0.075,0.0,0.0,Niccolò,Pisilli,2004-09-23,21.98,121.0,61.0,Midfielder,Central Midfielder,5kktohikuoy0a1oagcgps8mxg,2tk2l9sgktwc9jhzqdd4mpdtb,AS Roma,Roma,Roma,ROM,614866.0,34.0,2.0,34.0,32.0,94.12,9.0,8.0,88.89,0.0,0.0,0.0,0.0,0.0,0.0,Niccolò,Pisilli,2004-09-23,21.98,121.0,61.0,Midfielder,Central Midfielder,5kktohikuoy0a1oagcgps8mxg,2tk2l9sgktwc9jhzqdd4mpdtb,AS Roma,Roma,Roma,ROM,614866,5kktohikuoy0a1oagcgps8mxg,121,2tk2l9sgktwc9jhzqdd4mpdtb
Nicholas Pierini,221800.0,0.0,0.0,0.0,0.0,0.0,0.0,0.0,0.0,0.0,Nicholas,Pierini,1998-08-06,28.12,2182.0,77.0,Forward,Winger,221800,6tuibxq39fdryu8ou06wcm0q3,US Sassuolo Calcio,Sassuolo,Sassuolo,SAS,0.0,0.0,0.0,0.0,0.0,0.0,0.0,0.0,0.0,0.0,0.0,0.0,0.0,0.0,0.0,0.0,0.0,0.0,0.0,0.0,0.0,,,,,,,,,,221800.0,0.0,0.0,0.0,0.0,0.0,0.0,0.0,0.0,0.0,0.0,Nicholas,Pierini,1998-08-06,28.12,2182.0,77.0,Forward,Winger,221800,6tuibxq39fdryu8ou06wcm0q3,US Sassuolo Calcio,Sassuolo,Sassuolo,SAS,221800.0,0.0,0.0,0.0,0.0,0.0,0.0,0.0,0.0,0.0,0.0,0.0,0.0,0.0,0.0,Nicholas,Pierini,1998-08-06,28.12,2182.0,77.0,Forward,Winger,221800,6tuibxq39fdryu8ou06wcm0q3,US Sassuolo Calcio,Sassuolo,Sassuolo,SAS,221800,221800,2182,6tuibxq39fdryu8ou06wcm0q3
Nick Woltemade,470313.0,1.0,14.0,0.0,0.12,-0.12,1.0,0.0,0.0,0.12,Nick,Woltemade,2002-02-14,24.59,128.0,27.0,Forward,Winger,2kd2kqh0ykd5iuziic6590gve,bqbbqm98ud8obe45ds9ohgyrd,Juventus FC,Juventus,Juventus,JUV,1.0,6.941,1.0,5.565,0.0,0.0,0.0,0.0,6.941,5.565,0.0,0.0,0.0,0.0,0.0,2.0,2.0,100.0,0.0,0.0,0.0,,,,,,,,,,470313.0,14.0,1.0,0.0,0.0,0.0,0.0,0.001,0.001,0.0,0.0,Nick,Woltemade,2002-02-14,24.59,128.0,27.0,Forward,Winger,2kd2kqh0ykd5iuziic6590gve,bqbbqm98ud8obe45ds9ohgyrd,Juventus FC,Juventus,Juventus,JUV,470313.0,14.0,1.0,4.0,3.0,75.0,2.0,1.0,50.0,0.0,0.0,0.0,0.0,0.0,0.0,Nick,Woltemade,2002-02-14,24.59,128.0,27.0,Forward,Winger,2kd2kqh0ykd5iuziic6590gve,bqbbqm98ud8obe45ds9ohgyrd,Juventus FC,Juventus,Juventus,JUV,470313,2kd2kqh0ykd5iuziic6590gve,128,bqbbqm98ud8obe45ds9ohgyrd
Nico González,231004.0,2.0,97.0,1.0,0.17,0.83,5.0,3.0,20.0,0.03,Nico,González,1998-04-06,28.45,128.0,31.0,Forward,Winger,eh1ul4duphy1iz4odwx9tkjjd,bqbbqm98ud8obe45ds9ohgyrd,Juventus FC,Juventus,Juventus,JUV,13.0,130.295,7.0,65.835,2.0,0.0,1.0,0.0,10.023,9.405,2.0,4.0,10.0,0.0,0.0,11.0,8.0,72.727,2.0,0.0,0.0,,,,,,,,,,231004.0,97.0,2.0,2.0,2.0,5.26,0.0,0.226,0.226,0.0,0.0,Nico,González,1998-04-06,28.45,128.0,31.0,Forward,Winger,eh1ul4duphy1iz4odwx9tkjjd,bqbbqm98ud8obe45ds9ohgyrd,Juventus FC,Juventus,Juventus,JUV,231004.0,97.0,2.0,38.0,31.0,81.58,13.0,9.0,69.23,1.0,0.0,0.0,1.0,1.0,100.0,Nico,González,1998-04-06,28.45,128.0,31.0,Forward,Winger,eh1ul4duphy1iz4odwx9tkjjd,bqbbqm98ud8obe45ds9ohgyrd,Juventus FC,Juventus,Juventus,JUV,231004,eh1ul4duphy1iz4odwx9tkjjd,128,bqbbqm98ud8obe45ds9ohgyrd
Nico Paz,551493.0,3.0,250.0,1.0,0.92,0.08,12.0,3.0,8.33,0.08,Nico,Paz,2004-09-08,22.02,1065.0,10.0,Midfielder,Attacking Midfielder,9i6hs8toyjwrh7ub04vow8wes,6uzfw7ahyxg4wrrfxo5u7qt0n,Calcio Como 1907,Como,Como,COM,48.0,468.221,22.0,208.845,5.0,1.0,1.0,0.0,9.755,9.493,12.0,1.0,7.0,0.0,0.0,40.0,22.0,55.0,2.0,1.0,50.0,,,,,,,,,,551493.0,250.0,3.0,4.0,3.0,1.78,25.0,0.274,0.232,0.0,0.0,Nico,Paz,2004-09-08,22.02,1065.0,10.0,Midfielder,Attacking Midfielder,9i6hs8toyjwrh7ub04vow8wes,6uzfw7ahyxg4wrrfxo5u7qt0n,Calcio Como 1907,Como,Como,COM,551493.0,250.0,3.0,169.0,153.0,90.53,64.0,52.0,81.25,2.0,0.0,0.0,0.0,0.0,0.0,Nico,Paz,2004-09-08,22.02,1065.0,10.0,Midfielder,Attacking Midfielder,9i6hs8toyjwrh7ub04vow8wes,6uzfw7ahyxg4wrrfxo5u7qt0n,Calcio Como 1907,Como,Como,COM,551493,9i6hs8toyjwrh7ub04vow8wes,1065,6uzfw7ahyxg4wrrfxo5u7qt0n
Nicola Grandu,620811.0,0.0,0.0,0.0,0.0,0.0,0.0,0.0,0.0,0.0,Nicola,Grandu,2006-07-15,20.17,124.0,36.0,Midfielder,Central Midfielder,620811,5rwlg5cfv1hu7yf0ek1zxpzy3,Cagliari Calcio,Cagliari,Cagliari,CAG,0.0,0.0,0.0,0.0,0.0,0.0,0.0,0.0,0.0,0.0,0.0,0.0,0.0,0.0,0.0,0.0,0.0,0.0,0.0,0.0,0.0,,,,,,,,,,620811.0,0.0,0.0,0.0,0.0,0.0,0.0,0.0,0.0,0.0,0.0,Nicola,Grandu,2006-07-15,20.17,124.0,36.0,Midfielder,Central Midfielder,620811,5rwlg5cfv1hu7yf0ek1zxpzy3,Cagliari Calcio,Cagliari,Cagliari,CAG,620811.0,0.0,0.0,0.0,0.0,0.0,0.0,0.0,0.0,0.0,0.0,0.0,0.0,0.0,0.0,Nicola,Grandu,2006-07-15,20.17,124.0,36.0,Midfielder,Central Midfielder,620811,5rwlg5cfv1hu7yf0ek1zxpzy3,Cagliari Calcio,Cagliari,Cagliari,CAG,620811,620811,124,5rwlg5cfv1hu7yf0ek1zxpzy3
Nicola Zalewski,466147.0,3.0,119.0,0.0,0.3,-0.3,3.0,1.0,0.0,0.1,Nicola,Zalewski,2002-01-23,24.65,456.0,59.0,Midfielder,Wing Back,du4ciqofpkn3nei5q3huwlnje,e75syeuawg3ql8nwpi3vr2btz,Atalanta Bergamasca Calcio,Atalanta,Atalanta,ATA,22.0,243.919,12.0,129.045,2.0,0.0,2.0,1.0,11.087,10.754,2.0,4.0,5.0,0.0,2.0,10.0,6.0,60.0,0.0,0.0,0.0,,,,,,,,,,466147.0,119.0,3.0,3.0,3.0,3.7,0.0,0.106,0.07,1.0,1.0,Nicola,Zalewski,2002-01-23,24.65,456.0,59.0,Midfielder,Wing Back,du4ciqofpkn3nei5q3huwlnje,e75syeuawg3ql8nwpi3vr2btz,Atalanta Bergamasca Calcio,Atalanta,Atalanta,ATA,466147.0,119.0,3.0,54.0,47.0,87.04,25.0,22.0,88.0,1.0,0.0,0.0,0.0,0.0,0.0,Nicola,Zalewski,2002-01-23,24.65,456.0,59.0,Midfielder,Wing Back,du4ciqofpkn3nei5q3huwlnje,e75syeuawg3ql8nwpi3vr2btz,Atalanta Bergamasca Calcio,Atalanta,Atalanta,ATA,466147,du4ciqofpkn3nei5q3huwlnje,456,e75syeuawg3ql8nwpi3vr2btz
Nicolas Galazzi,516018.0,1.0,20.0,0.0,0.05,-0.05,1.0,0.0,0.0,0.05,Nicolas,Galazzi,2000-12-18,25.75,742.0,23.0,Midfielder,Attacking Midfielder,8c5btf6abhx9cxkew943d08wk,67z1gqyiuzpmmb15q5fy7ntc4,AC Monza,Monza,Monza,MON,9.0,121.639,6.0,92.925,1.0,0.0,0.0,0.0,13.515,15.487,0.0,0.0,2.0,0.0,0.0,1.0,0.0,0.0,0.0,0.0,0.0,,,,,,,,,,516018.0,20.0,1.0,0.0,0.0,0.0,0.0,0.003,0.003,0.0,0.0,Nicolas,Galazzi,2000-12-18,25.75,742.0,23.0,Midfielder,Attacking Midfielder,8c5btf6abhx9cxkew943d08wk,67z1gqyiuzpmmb15q5fy7ntc4,AC Monza,Monza,Monza,MON,516018.0,20.0,1.0,15.0,12.0,80.0,5.0,2.0,40.0,0.0,0.0,0.0,0.0,0.0,0.0,Nicolas,Galazzi,2000-12-18,25.75,742.0,23.0,Midfielder,Attacking Midfielder,8c5btf6abhx9cxkew943d08wk,67z1gqyiuzpmmb15q5fy7ntc4,AC Monza,Monza,Monza,MON,516018,8c5btf6abhx9cxkew943d08wk,742,67z1gqyiuzpmmb15q5fy7ntc4
Nicolò Barella,171384.0,3.0,270.0,0.0,0.24,-0.24,5.0,3.0,0.0,0.05,Nicolò,Barella,1997-02-07,29.61,127.0,23.0,Midfielder,Central Midfielder,ahgd3on22t4h7gg9ipnj1itw5,3vo5mpj7catp66nrwwqiuhuup,FC Internazionale Milano,Internazionale,Inter,INT,55.0,563.981,23.0,130.62,2.0,0.0,2.0,1.0,10.254,5.679,4.0,1.0,12.0,1.0,3.0,19.0,13.0,68.421,0.0,0.0,0.0,,,,,,,,,,171384.0,270.0,3.0,5.0,4.0,1.79,20.0,0.288,0.245,1.0,1.0,Nicolò,Barella,1997-02-07,29.61,127.0,23.0,Midfielder,Central Midfielder,ahgd3on22t4h7gg9ipnj1itw5,3vo5mpj7catp66nrwwqiuhuup,FC Internazionale Milano,Internazionale,Inter,INT,171384.0,270.0,3.0,169.0,153.0,90.53,63.0,50.0,79.37,4.0,2.0,50.0,0.0,0.0,0.0,Nicolò,Barella,1997-02-07,29.61,127.0,23.0,Midfielder,Central Midfielder,ahgd3on22t4h7gg9ipnj1itw5,3vo5mpj7catp66nrwwqiuhuup,FC Internazionale Milano,Internazionale,Inter,INT,171384,ahgd3on22t4h7gg9ipnj1itw5,127,3vo5mpj7catp66nrwwqiuhuup
Nicolò Bertola,539223.0,2.0,36.0,0.0,0.0,0.0,0.0,0.0,0.0,0.0,Nicolò,Bertola,2003-03-23,23.49,136.0,13.0,Defender,Central Defender,8kioh2rzit592d4zwjoqsftas,dxq76zcvnokq07cszdx0i6kve,Udinese Calcio,Udinese,Udinese,UDI,3.0,25.989,1.0,-3.885,0.0,0.0,0.0,0.0,8.663,-3.885,1.0,0.0,1.0,0.0,3.0,3.0,1.0,33.333,0.0,0.0,0.0,,,,,,,,,,539223.0,36.0,2.0,0.0,0.0,0.0,0.0,0.002,0.002,0.0,0.0,Nicolò,Bertola,2003-03-23,23.49,136.0,13.0,Defender,Central Defender,8kioh2rzit592d4zwjoqsftas,dxq76zcvnokq07cszdx0i6kve,Udinese Calcio,Udinese,Udinese,UDI,539223.0,36.0,2.0,18.0,15.0,83.33,3.0,1.0,33.33,0.0,0.0,0.0,0.0,0.0,0.0,Nicolò,Bertola,2003-03-23,23.49,136.0,13.0,Defender,Central Defender,8kioh2rzit592d4zwjoqsftas,dxq76zcvnokq07cszdx0i6kve,Udinese Calcio,Udinese,Udinese,UDI,539223,8kioh2rzit592d4zwjoqsftas,136,dxq76zcvnokq07cszdx0i6kve
Nicolò Cambiaghi,483264.0,3.0,216.0,0.0,0.52,-0.52,8.0,1.0,0.0,0.07,Nicolò,Cambiaghi,2000-12-28,25.72,123.0,28.0,Forward,Second Striker,d5m5q6dlc7vnbs634dinbsuwa,ej5er0oyngdw138yuumwqbyqt,Bologna FC 1909,Bologna,Bologna,BOL,42.0,475.561,26.0,281.085,4.0,0.0,2.0,0.0,11.323,10.811,4.0,2.0,9.0,1.0,0.0,33.0,16.0,48.485,1.0,0.0,0.0,,,,,,,,,,483264.0,216.0,3.0,3.0,3.0,3.9,0.0,0.199,0.199,0.0,0.0,Nicolò,Cambiaghi,2000-12-28,25.72,123.0,28.0,Forward,Second Striker,d5m5q6dlc7vnbs634dinbsuwa,ej5er0oyngdw138yuumwqbyqt,Bologna FC 1909,Bologna,Bologna,BOL,483264.0,216.0,3.0,77.0,66.0,85.71,36.0,29.0,80.56,8.0,0.0,0.0,0.0,0.0,0.0,Nicolò,Cambiaghi,2000-12-28,25.72,123.0,28.0,Forward,Second Striker,d5m5q6dlc7vnbs634dinbsuwa,ej5er0oyngdw138yuumwqbyqt,Bologna FC 1909,Bologna,Bologna,BOL,483264,d5m5q6dlc7vnbs634dinbsuwa,123,ej5er0oyngdw138yuumwqbyqt
Nicolò Casale,244453.0,0.0,0.0,0.0,0.0,0.0,0.0,0.0,0.0,0.0,Nicolò,Casale,1998-02-14,28.59,123.0,16.0,Defender,Central Defender,244453,ej5er0oyngdw138yuumwqbyqt,Bologna FC 1909,Bologna,Bologna,BOL,0.0,0.0,0.0,0.0,0.0,0.0,0.0,0.0,0.0,0.0,0.0,0.0,0.0,0.0,0.0,0.0,0.0,0.0,0.0,0.0,0.0,,,,,,,,,,244453.0,0.0,0.0,0.0,0.0,0.0,0.0,0.0,0.0,0.0,0.0,Nicolò,Casale,1998-02-14,28.59,123.0,16.0,Defender,Central Defender,244453,ej5er0oyngdw138yuumwqbyqt,Bologna FC 1909,Bologna,Bologna,BOL,244453.0,0.0,0.0,0.0,0.0,0.0,0.0,0.0,0.0,0.0,0.0,0.0,0.0,0.0,0.0,Nicolò,Casale,1998-02-14,28.59,123.0,16.0,Defender,Central Defender,244453,ej5er0oyngdw138yuumwqbyqt,Bologna FC 1909,Bologna,Bologna,BOL,244453,244453,123,ej5er0oyngdw138yuumwqbyqt
Nicolò Cavuoti,549167.0,0.0,0.0,0.0,0.0,0.0,0.0,0.0,0.0,0.0,Nicolò,Cavuoti,2003-04-04,23.45,124.0,21.0,Midfielder,Attacking Midfielder,549167,5rwlg5cfv1hu7yf0ek1zxpzy3,Cagliari Calcio,Cagliari,Cagliari,CAG,0.0,0.0,0.0,0.0,0.0,0.0,0.0,0.0,0.0,0.0,0.0,0.0,0.0,0.0,0.0,0.0,0.0,0.0,0.0,0.0,0.0,,,,,,,,,,549167.0,0.0,0.0,0.0,0.0,0.0,0.0,0.0,0.0,0.0,0.0,Nicolò,Cavuoti,2003-04-04,23.45,124.0,21.0,Midfielder,Attacking Midfielder,549167,5rwlg5cfv1hu7yf0ek1zxpzy3,Cagliari Calcio,Cagliari,Cagliari,CAG,549167.0,0.0,0.0,0.0,0.0,0.0,0.0,0.0,0.0,0.0,0.0,0.0,0.0,0.0,0.0,Nicolò,Cavuoti,2003-04-04,23.45,124.0,21.0,Midfielder,Attacking Midfielder,549167,5rwlg5cfv1hu7yf0ek1zxpzy3,Cagliari Calcio,Cagliari,Cagliari,CAG,549167,549167,124,5rwlg5cfv1hu7yf0ek1zxpzy3
Nicolò Fagioli,226270.0,3.0,180.0,0.0,0.11,-0.11,2.0,0.0,0.0,0.05,Nicolò,Fagioli,2001-02-12,25.59,125.0,44.0,Midfielder,Central Midfielder,418gw0hpjoy8dt0ywaxjgm5pm,4raiad4l2j5lkfaz92pk4osb,ACF Fiorentina,Fiorentina,Fiorentina,FIO,31.0,278.227,12.0,87.045,1.0,0.0,0.0,0.0,8.975,7.254,5.0,4.0,11.0,0.0,3.0,14.0,6.0,42.857,1.0,0.0,0.0,,,,,,,,,,226270.0,180.0,3.0,2.0,1.0,1.14,50.0,0.226,0.126,0.0,0.0,Nicolò,Fagioli,2001-02-12,25.59,125.0,44.0,Midfielder,Central Midfielder,418gw0hpjoy8dt0ywaxjgm5pm,4raiad4l2j5lkfaz92pk4osb,ACF Fiorentina,Fiorentina,Fiorentina,FIO,226270.0,180.0,3.0,97.0,84.0,86.6,36.0,29.0,80.56,1.0,1.0,100.0,0.0,0.0,0.0,Nicolò,Fagioli,2001-02-12,25.59,125.0,44.0,Midfielder,Central Midfielder,418gw0hpjoy8dt0ywaxjgm5pm,4raiad4l2j5lkfaz92pk4osb,ACF Fiorentina,Fiorentina,Fiorentina,FIO,226270,418gw0hpjoy8dt0ywaxjgm5pm,125,4raiad4l2j5lkfaz92pk4osb
Nicolò Rovella,450024.0,2.0,127.0,0.0,0.04,-0.04,1.0,0.0,0.0,0.04,Nicolò,Rovella,2001-12-04,24.79,129.0,6.0,Midfielder,Defensive Midfielder,79e6khfyg3rdauul0yjlixv8q,btcy9nra9ak4m22ovr2ia6m5v,SS Lazio,Lazio,Lazio,LAZ,13.0,119.11,2.0,38.955,0.0,0.0,1.0,0.0,9.162,19.478,3.0,2.0,11.0,0.0,4.0,11.0,6.0,54.545,0.0,0.0,0.0,,,,,,,,,,450024.0,127.0,2.0,2.0,2.0,2.5,0.0,0.054,0.054,0.0,0.0,Nicolò,Rovella,2001-12-04,24.79,129.0,6.0,Midfielder,Defensive Midfielder,79e6khfyg3rdauul0yjlixv8q,btcy9nra9ak4m22ovr2ia6m5v,SS Lazio,Lazio,Lazio,LAZ,450024.0,127.0,2.0,82.0,76.0,92.68,28.0,25.0,89.29,0.0,0.0,0.0,0.0,0.0,0.0,Nicolò,Rovella,2001-12-04,24.79,129.0,6.0,Midfielder,Defensive Midfielder,79e6khfyg3rdauul0yjlixv8q,btcy9nra9ak4m22ovr2ia6m5v,SS Lazio,Lazio,Lazio,LAZ,450024,79e6khfyg3rdauul0yjlixv8q,129,btcy9nra9ak4m22ovr2ia6m5v
Nicolò Zaniolo,245414.0,1.0,89.0,0.0,0.17,-0.17,3.0,0.0,0.0,0.06,Nicolò,Zaniolo,1999-07-02,27.21,136.0,10.0,Midfielder,Attacking Midfielder,eu4xivu8i6yla9fcnuncx1ucp,dxq76zcvnokq07cszdx0i6kve,Udinese Calcio,Udinese,Udinese,UDI,11.0,158.232,5.0,52.08,0.0,0.0,0.0,0.0,14.385,10.416,2.0,1.0,2.0,1.0,0.0,15.0,8.0,53.333,0.0,0.0,0.0,,,,,,,,,,245414.0,89.0,1.0,2.0,2.0,8.33,0.0,0.419,0.416,0.0,0.0,Nicolò,Zaniolo,1999-07-02,27.21,136.0,10.0,Midfielder,Attacking Midfielder,eu4xivu8i6yla9fcnuncx1ucp,dxq76zcvnokq07cszdx0i6kve,Udinese Calcio,Udinese,Udinese,UDI,245414.0,89.0,1.0,25.0,18.0,72.0,14.0,9.0,64.29,1.0,0.0,0.0,2.0,0.0,0.0,Nicolò,Zaniolo,1999-07-02,27.21,136.0,10.0,Midfielder,Attacking Midfielder,eu4xivu8i6yla9fcnuncx1ucp,dxq76zcvnokq07cszdx0i6kve,Udinese Calcio,Udinese,Udinese,UDI,245414,eu4xivu8i6yla9fcnuncx1ucp,136,dxq76zcvnokq07cszdx0i6kve
Nikola Krstovic,233723.0,3.0,97.0,1.0,0.5,0.5,4.0,2.0,25.0,0.13,Nikola,Krstovic,2000-04-05,26.45,456.0,90.0,Forward,Striker,11r7kkbcv2bn8lar3unczuz8p,e75syeuawg3ql8nwpi3vr2btz,Atalanta Bergamasca Calcio,Atalanta,Atalanta,ATA,14.0,175.319,4.0,10.605,2.0,0.0,1.0,0.0,12.523,2.651,0.0,0.0,2.0,1.0,0.0,8.0,1.0,12.5,3.0,0.0,0.0,,,,,,,,,,233723.0,97.0,3.0,2.0,2.0,5.56,0.0,0.038,0.038,0.0,0.0,Nikola,Krstovic,2000-04-05,26.45,456.0,90.0,Forward,Striker,11r7kkbcv2bn8lar3unczuz8p,e75syeuawg3ql8nwpi3vr2btz,Atalanta Bergamasca Calcio,Atalanta,Atalanta,ATA,233723.0,97.0,3.0,38.0,27.0,71.05,18.0,11.0,61.11,0.0,0.0,0.0,0.0,0.0,0.0,Nikola,Krstovic,2000-04-05,26.45,456.0,90.0,Forward,Striker,11r7kkbcv2bn8lar3unczuz8p,e75syeuawg3ql8nwpi3vr2btz,Atalanta Bergamasca Calcio,Atalanta,Atalanta,ATA,233723,11r7kkbcv2bn8lar3unczuz8p,456,e75syeuawg3ql8nwpi3vr2btz
Nikola Moro,218373.0,2.0,55.0,0.0,0.0,0.0,0.0,0.0,0.0,0.0,Nikola,Moro,1998-03-12,28.52,123.0,6.0,Midfielder,Defensive Midfielder,6eqqtmbg35rg2stk10ic7q8k5,ej5er0oyngdw138yuumwqbyqt,Bologna FC 1909,Bologna,Bologna,BOL,10.0,114.178,7.0,74.55,0.0,0.0,0.0,0.0,11.418,10.65,0.0,0.0,3.0,0.0,2.0,2.0,0.0,0.0,1.0,1.0,100.0,,,,,,,,,,218373.0,55.0,2.0,0.0,0.0,0.0,0.0,0.056,0.056,0.0,0.0,Nikola,Moro,1998-03-12,28.52,123.0,6.0,Midfielder,Defensive Midfielder,6eqqtmbg35rg2stk10ic7q8k5,ej5er0oyngdw138yuumwqbyqt,Bologna FC 1909,Bologna,Bologna,BOL,218373.0,55.0,2.0,38.0,33.0,86.84,14.0,13.0,92.86,2.0,0.0,0.0,0.0,0.0,0.0,Nikola,Moro,1998-03-12,28.52,123.0,6.0,Midfielder,Defensive Midfielder,6eqqtmbg35rg2stk10ic7q8k5,ej5er0oyngdw138yuumwqbyqt,Bologna FC 1909,Bologna,Bologna,BOL,218373,6eqqtmbg35rg2stk10ic7q8k5,123,ej5er0oyngdw138yuumwqbyqt
Nikola Stulic,509685.0,3.0,142.0,0.0,1.04,-1.04,5.0,2.0,0.0,0.21,Nikola,Stulic,2001-09-08,25.02,130.0,9.0,Forward,Striker,4gnprufs4yyf7wq9mzmkmf622,bi1fxjrncd0ram0oi7ja1jyuo,US Lecce,Lecce,Lecce,LEC,5.0,44.442,2.0,1.155,1.0,0.0,0.0,0.0,8.888,0.578,0.0,0.0,6.0,0.0,1.0,5.0,1.0,20.0,4.0,1.0,25.0,,,,,,,,,,509685.0,142.0,3.0,0.0,0.0,0.0,0.0,0.02,0.02,0.0,0.0,Nikola,Stulic,2001-09-08,25.02,130.0,9.0,Forward,Striker,4gnprufs4yyf7wq9mzmkmf622,bi1fxjrncd0ram0oi7ja1jyuo,US Lecce,Lecce,Lecce,LEC,509685.0,142.0,3.0,30.0,26.0,86.67,11.0,8.0,72.73,0.0,0.0,0.0,0.0,0.0,0.0,Nikola,Stulic,2001-09-08,25.02,130.0,9.0,Forward,Striker,4gnprufs4yyf7wq9mzmkmf622,bi1fxjrncd0ram0oi7ja1jyuo,US Lecce,Lecce,Lecce,LEC,509685,4gnprufs4yyf7wq9mzmkmf622,130,bi1fxjrncd0ram0oi7ja1jyuo
Nikola Vlasic,180151.0,3.0,270.0,0.0,0.34,-0.34,4.0,2.0,0.0,0.08,Nikola,Vlasic,1997-10-04,28.96,135.0,10.0,Midfielder,Attacking Midfielder,ebgkv548xih19m8uza7bgrvmd,7gnly6999wao1xarwct4p8fe9,Torino FC,Torino,Torino,TOR,32.0,312.226,12.0,91.245,2.0,0.0,0.0,0.0,9.757,7.604,1.0,0.0,7.0,1.0,0.0,21.0,6.0,28.571,9.0,5.0,55.556,,,,,,,,,,180151.0,270.0,3.0,1.0,1.0,1.01,0.0,0.103,0.103,0.0,0.0,Nikola,Vlasic,1997-10-04,28.96,135.0,10.0,Midfielder,Attacking Midfielder,ebgkv548xih19m8uza7bgrvmd,7gnly6999wao1xarwct4p8fe9,Torino FC,Torino,Torino,TOR,180151.0,270.0,3.0,101.0,89.0,88.12,31.0,27.0,87.1,2.0,0.0,0.0,0.0,0.0,0.0,Nikola,Vlasic,1997-10-04,28.96,135.0,10.0,Midfielder,Attacking Midfielder,ebgkv548xih19m8uza7bgrvmd,7gnly6999wao1xarwct4p8fe9,Torino FC,Torino,Torino,TOR,180151,ebgkv548xih19m8uza7bgrvmd,135,7gnly6999wao1xarwct4p8fe9
Noa Lang,421002.0,2.0,80.0,0.0,0.3,-0.3,1.0,0.0,0.0,0.3,Noa,Lang,1999-06-17,27.25,459.0,70.0,Forward,Winger,7ew7g18qo649t8ld44omgib55,gi0l1habji5hpgar77dl5jqe,SSC Napoli,Napoli,Napoli,NAP,24.0,297.904,12.0,100.8,0.0,0.0,0.0,0.0,12.413,8.4,2.0,0.0,1.0,0.0,1.0,7.0,3.0,42.857,1.0,1.0,100.0,,,,,,,,,,421002.0,80.0,2.0,1.0,1.0,4.17,0.0,0.049,0.049,0.0,0.0,Noa,Lang,1999-06-17,27.25,459.0,70.0,Forward,Winger,7ew7g18qo649t8ld44omgib55,gi0l1habji5hpgar77dl5jqe,SSC Napoli,Napoli,Napoli,NAP,421002.0,80.0,2.0,24.0,22.0,91.67,12.0,10.0,83.33,5.0,0.0,0.0,0.0,0.0,0.0,Noa,Lang,1999-06-17,27.25,459.0,70.0,Forward,Winger,7ew7g18qo649t8ld44omgib55,gi0l1habji5hpgar77dl5jqe,SSC Napoli,Napoli,Napoli,NAP,421002,7ew7g18qo649t8ld44omgib55,459,gi0l1habji5hpgar77dl5jqe
Nuno Tavares,437626.0,3.0,165.0,0.0,0.2,-0.2,7.0,2.0,0.0,0.03,Nuno Albertino,Varela Tavares,2000-01-26,26.64,129.0,17.0,Defender,Full Back,dqsslq1iz1azubowq3anwws4q,btcy9nra9ak4m22ovr2ia6m5v,SS Lazio,Lazio,Lazio,LAZ,35.0,406.752,25.0,332.325,3.0,0.0,1.0,1.0,11.621,13.293,4.0,1.0,12.0,0.0,5.0,18.0,13.0,72.222,1.0,1.0,100.0,,,,,,,,,,437626.0,165.0,3.0,4.0,3.0,1.69,25.0,0.175,0.128,1.0,1.0,Nuno Albertino,Varela Tavares,2000-01-26,26.64,129.0,17.0,Defender,Full Back,dqsslq1iz1azubowq3anwws4q,btcy9nra9ak4m22ovr2ia6m5v,SS Lazio,Lazio,Lazio,LAZ,437626.0,165.0,3.0,123.0,104.0,84.55,45.0,35.0,77.78,5.0,0.0,0.0,0.0,0.0,0.0,Nuno Albertino,Varela Tavares,2000-01-26,26.64,129.0,17.0,Defender,Full Back,dqsslq1iz1azubowq3anwws4q,btcy9nra9ak4m22ovr2ia6m5v,SS Lazio,Lazio,Lazio,LAZ,437626,dqsslq1iz1azubowq3anwws4q,129,btcy9nra9ak4m22ovr2ia6m5v
Odilon Kossounou,208540.0,3.0,270.0,0.0,0.05,-0.05,1.0,0.0,0.0,0.05,Odilon,Kossounou,2001-01-04,25.7,456.0,3.0,Defender,Central Defender,cis0z72hgahfnfjduk7hdnz3e,e75syeuawg3ql8nwpi3vr2btz,Atalanta Bergamasca Calcio,Atalanta,Atalanta,ATA,27.0,223.258,13.0,114.975,0.0,0.0,0.0,0.0,8.269,8.844,3.0,3.0,12.0,4.0,10.0,9.0,4.0,44.444,3.0,1.0,33.333,,,,,,,,,,208540.0,270.0,3.0,0.0,0.0,0.0,0.0,0.026,0.026,0.0,0.0,Odilon,Kossounou,2001-01-04,25.7,456.0,3.0,Defender,Central Defender,cis0z72hgahfnfjduk7hdnz3e,e75syeuawg3ql8nwpi3vr2btz,Atalanta Bergamasca Calcio,Atalanta,Atalanta,ATA,208540.0,270.0,3.0,187.0,181.0,96.79,8.0,6.0,75.0,0.0,0.0,0.0,0.0,0.0,0.0,Odilon,Kossounou,2001-01-04,25.7,456.0,3.0,Defender,Central Defender,cis0z72hgahfnfjduk7hdnz3e,e75syeuawg3ql8nwpi3vr2btz,Atalanta Bergamasca Calcio,Atalanta,Atalanta,ATA,208540,cis0z72hgahfnfjduk7hdnz3e,456,e75syeuawg3ql8nwpi3vr2btz
Oier Zarraga,245018.0,3.0,45.0,0.0,0.0,0.0,0.0,0.0,0.0,0.0,Oier,Zarraga,1999-01-04,27.7,136.0,6.0,Midfielder,Central Midfielder,488vwilxllk6nhf4o1wrh0gve,dxq76zcvnokq07cszdx0i6kve,Udinese Calcio,Udinese,Udinese,UDI,3.0,19.542,2.0,6.51,0.0,0.0,0.0,0.0,6.514,3.255,0.0,0.0,2.0,0.0,0.0,2.0,2.0,100.0,0.0,0.0,0.0,,,,,,,,,,245018.0,45.0,3.0,0.0,0.0,0.0,0.0,0.01,0.01,0.0,0.0,Oier,Zarraga,1999-01-04,27.7,136.0,6.0,Midfielder,Central Midfielder,488vwilxllk6nhf4o1wrh0gve,dxq76zcvnokq07cszdx0i6kve,Udinese Calcio,Udinese,Udinese,UDI,245018.0,45.0,3.0,12.0,11.0,91.67,4.0,4.0,100.0,0.0,0.0,0.0,0.0,0.0,0.0,Oier,Zarraga,1999-01-04,27.7,136.0,6.0,Midfielder,Central Midfielder,488vwilxllk6nhf4o1wrh0gve,dxq76zcvnokq07cszdx0i6kve,Udinese Calcio,Udinese,Udinese,UDI,245018,488vwilxllk6nhf4o1wrh0gve,136,dxq76zcvnokq07cszdx0i6kve
Olaf Gorter,551214.0,2.0,106.0,1.0,0.13,0.87,1.0,1.0,100.0,0.13,Olaf,Gorter,2005-01-31,21.62,130.0,28.0,Midfielder,Central Midfielder,ake9g5cu6vhwm4tip27gbvuac,bi1fxjrncd0ram0oi7ja1jyuo,US Lecce,Lecce,Lecce,LEC,4.0,33.602,1.0,3.78,0.0,0.0,0.0,0.0,8.4,3.78,0.0,0.0,0.0,1.0,1.0,6.0,1.0,16.667,6.0,2.0,33.333,,,,,,,,,,551214.0,106.0,2.0,1.0,0.0,0.0,100.0,0.06,0.003,0.0,0.0,Olaf,Gorter,2005-01-31,21.62,130.0,28.0,Midfielder,Central Midfielder,ake9g5cu6vhwm4tip27gbvuac,bi1fxjrncd0ram0oi7ja1jyuo,US Lecce,Lecce,Lecce,LEC,551214.0,106.0,2.0,24.0,17.0,70.83,8.0,4.0,50.0,0.0,0.0,0.0,0.0,0.0,0.0,Olaf,Gorter,2005-01-31,21.62,130.0,28.0,Midfielder,Central Midfielder,ake9g5cu6vhwm4tip27gbvuac,bi1fxjrncd0ram0oi7ja1jyuo,US Lecce,Lecce,Lecce,LEC,551214,ake9g5cu6vhwm4tip27gbvuac,130,bi1fxjrncd0ram0oi7ja1jyuo
Oliver Provstgaard,497891.0,3.0,270.0,0.0,0.15,-0.15,1.0,0.0,0.0,0.15,Oliver,Provstgaard,2003-06-04,23.29,129.0,25.0,Defender,Central Defender,7hukebiijqntuvetwzralzuju,btcy9nra9ak4m22ovr2ia6m5v,SS Lazio,Lazio,Lazio,LAZ,37.0,338.873,18.0,199.71,0.0,0.0,0.0,0.0,9.159,11.095,4.0,4.0,7.0,2.0,9.0,12.0,5.0,41.667,10.0,3.0,30.0,,,,,,,,,,497891.0,270.0,3.0,0.0,0.0,0.0,0.0,0.025,0.025,0.0,0.0,Oliver,Provstgaard,2003-06-04,23.29,129.0,25.0,Defender,Central Defender,7hukebiijqntuvetwzralzuju,btcy9nra9ak4m22ovr2ia6m5v,SS Lazio,Lazio,Lazio,LAZ,497891.0,270.0,3.0,162.0,144.0,88.89,23.0,19.0,82.61,0.0,0.0,0.0,0.0,0.0,0.0,Oliver,Provstgaard,2003-06-04,23.29,129.0,25.0,Defender,Central Defender,7hukebiijqntuvetwzralzuju,btcy9nra9ak4m22ovr2ia6m5v,SS Lazio,Lazio,Lazio,LAZ,497891,7hukebiijqntuvetwzralzuju,129,btcy9nra9ak4m22ovr2ia6m5v
Oliver Sørensen,494784.0,0.0,0.0,0.0,0.0,0.0,0.0,0.0,0.0,0.0,Oliver,Sørensen,2002-03-10,24.52,131.0,24.0,Midfielder,0,494784,5aosfavi55p40c65lkriqnqnl,Parma Calcio 1913,Parma,Parma,PAR,0.0,0.0,0.0,0.0,0.0,0.0,0.0,0.0,0.0,0.0,0.0,0.0,0.0,0.0,0.0,0.0,0.0,0.0,0.0,0.0,0.0,,,,,,,,,,494784.0,0.0,0.0,0.0,0.0,0.0,0.0,0.0,0.0,0.0,0.0,Oliver,Sørensen,2002-03-10,24.52,131.0,24.0,Midfielder,0,494784,5aosfavi55p40c65lkriqnqnl,Parma Calcio 1913,Parma,Parma,PAR,494784.0,0.0,0.0,0.0,0.0,0.0,0.0,0.0,0.0,0.0,0.0,0.0,0.0,0.0,0.0,Oliver,Sørensen,2002-03-10,24.52,131.0,24.0,Midfielder,0,494784,5aosfavi55p40c65lkriqnqnl,Parma Calcio 1913,Parma,Parma,PAR,494784,494784,131,5aosfavi55p40c65lkriqnqnl
Omar Fayed,591123.0,0.0,0.0,0.0,0.0,0.0,0.0,0.0,0.0,0.0,Omar Fayed Abdelwahab,El Rakhawy,2003-07-04,23.21,2037.0,74.0,Defender,Central Defender,591123,5khizzei8z0qbb7exz622wxw3,Frosinone Calcio,Frosinone,Frosinone,FRO,0.0,0.0,0.0,0.0,0.0,0.0,0.0,0.0,0.0,0.0,0.0,0.0,0.0,0.0,0.0,0.0,0.0,0.0,0.0,0.0,0.0,,,,,,,,,,591123.0,0.0,0.0,0.0,0.0,0.0,0.0,0.0,0.0,0.0,0.0,Omar Fayed Abdelwahab,El Rakhawy,2003-07-04,23.21,2037.0,74.0,Defender,Central Defender,591123,5khizzei8z0qbb7exz622wxw3,Frosinone Calcio,Frosinone,Frosinone,FRO,591123.0,0.0,0.0,0.0,0.0,0.0,0.0,0.0,0.0,0.0,0.0,0.0,0.0,0.0,0.0,Omar Fayed Abdelwahab,El Rakhawy,2003-07-04,23.21,2037.0,74.0,Defender,Central Defender,591123,5khizzei8z0qbb7exz622wxw3,Frosinone Calcio,Frosinone,Frosinone,FRO,591123,591123,2037,5khizzei8z0qbb7exz622wxw3
Omari Forson,487828.0,3.0,80.0,0.0,0.1,-0.1,2.0,0.0,0.0,0.05,Omari,Forson,2004-07-20,22.16,742.0,11.0,Forward,Winger,ez84mmwnccba4l4mprch00962,67z1gqyiuzpmmb15q5fy7ntc4,AC Monza,Monza,Monza,MON,16.0,181.414,6.0,61.425,2.0,0.0,0.0,0.0,11.338,10.237,0.0,0.0,1.0,0.0,0.0,2.0,2.0,100.0,1.0,1.0,100.0,,,,,,,,,,487828.0,80.0,3.0,3.0,2.0,5.71,33.33,0.082,0.059,0.0,0.0,Omari,Forson,2004-07-20,22.16,742.0,11.0,Forward,Winger,ez84mmwnccba4l4mprch00962,67z1gqyiuzpmmb15q5fy7ntc4,AC Monza,Monza,Monza,MON,487828.0,80.0,3.0,35.0,32.0,91.43,18.0,15.0,83.33,5.0,1.0,20.0,0.0,0.0,0.0,Omari,Forson,2004-07-20,22.16,742.0,11.0,Forward,Winger,ez84mmwnccba4l4mprch00962,67z1gqyiuzpmmb15q5fy7ntc4,AC Monza,Monza,Monza,MON,487828,ez84mmwnccba4l4mprch00962,742,67z1gqyiuzpmmb15q5fy7ntc4
Omari Hutchinson,503301.0,0.0,0.0,0.0,0.0,0.0,0.0,0.0,0.0,0.0,Omari,Hutchinson,2003-10-30,22.88,120.0,20.0,Forward,Winger,503301,9dntj5dioj5ex52yrgwzxrq9l,AC Milan,Milan,Milan,MIL,0.0,0.0,0.0,0.0,0.0,0.0,0.0,0.0,0.0,0.0,0.0,0.0,0.0,0.0,0.0,0.0,0.0,0.0,0.0,0.0,0.0,,,,,,,,,,503301.0,0.0,0.0,0.0,0.0,0.0,0.0,0.0,0.0,0.0,0.0,Omari,Hutchinson,2003-10-30,22.88,120.0,20.0,Forward,Winger,503301,9dntj5dioj5ex52yrgwzxrq9l,AC Milan,Milan,Milan,MIL,503301.0,0.0,0.0,0.0,0.0,0.0,0.0,0.0,0.0,0.0,0.0,0.0,0.0,0.0,0.0,Omari,Hutchinson,2003-10-30,22.88,120.0,20.0,Forward,Winger,503301,9dntj5dioj5ex52yrgwzxrq9l,AC Milan,Milan,Milan,MIL,503301,503301,120,9dntj5dioj5ex52yrgwzxrq9l
Omri Gandelman,491445.0,1.0,1.0,0.0,0.0,0.0,0.0,0.0,0.0,0.0,Omri,Gandelman,2000-05-16,26.34,130.0,16.0,Midfielder,Attacking Midfielder,7eox5w91a19w4kx2u3cc8d4yy,bi1fxjrncd0ram0oi7ja1jyuo,US Lecce,Lecce,Lecce,LEC,0.0,0.0,0.0,0.0,0.0,0.0,0.0,0.0,0.0,0.0,0.0,0.0,0.0,0.0,0.0,0.0,0.0,0.0,0.0,0.0,0.0,,,,,,,,,,491445.0,1.0,1.0,0.0,0.0,0.0,0.0,0.0,0.0,0.0,0.0,Omri,Gandelman,2000-05-16,26.34,130.0,16.0,Midfielder,Attacking Midfielder,7eox5w91a19w4kx2u3cc8d4yy,bi1fxjrncd0ram0oi7ja1jyuo,US Lecce,Lecce,Lecce,LEC,491445.0,1.0,1.0,0.0,0.0,0.0,0.0,0.0,0.0,0.0,0.0,0.0,0.0,0.0,0.0,Omri,Gandelman,2000-05-16,26.34,130.0,16.0,Midfielder,Attacking Midfielder,7eox5w91a19w4kx2u3cc8d4yy,bi1fxjrncd0ram0oi7ja1jyuo,US Lecce,Lecce,Lecce,LEC,491445,7eox5w91a19w4kx2u3cc8d4yy,130,bi1fxjrncd0ram0oi7ja1jyuo
Oumar Ngom,566980.0,3.0,207.0,0.0,0.06,-0.06,3.0,0.0,0.0,0.02,Oumar,Ngom,2004-03-09,22.52,130.0,79.0,Midfielder,Central Midfielder,eorgs50x6dss1dzy86fvb97o4,bi1fxjrncd0ram0oi7ja1jyuo,US Lecce,Lecce,Lecce,LEC,23.0,240.173,9.0,124.11,1.0,0.0,0.0,0.0,10.442,13.79,8.0,3.0,15.0,0.0,2.0,17.0,8.0,47.059,0.0,0.0,0.0,,,,,,,,,,566980.0,207.0,3.0,2.0,2.0,2.06,0.0,0.036,0.035,0.0,0.0,Oumar,Ngom,2004-03-09,22.52,130.0,79.0,Midfielder,Central Midfielder,eorgs50x6dss1dzy86fvb97o4,bi1fxjrncd0ram0oi7ja1jyuo,US Lecce,Lecce,Lecce,LEC,566980.0,207.0,3.0,103.0,80.0,77.67,26.0,18.0,69.23,1.0,0.0,0.0,0.0,0.0,0.0,Oumar,Ngom,2004-03-09,22.52,130.0,79.0,Midfielder,Central Midfielder,eorgs50x6dss1dzy86fvb97o4,bi1fxjrncd0ram0oi7ja1jyuo,US Lecce,Lecce,Lecce,LEC,566980,eorgs50x6dss1dzy86fvb97o4,130,bi1fxjrncd0ram0oi7ja1jyuo
Oumar Solet,432649.0,3.0,218.0,0.0,0.0,0.0,0.0,0.0,0.0,0.0,Oumar,Solet,2000-02-07,26.61,136.0,28.0,Defender,Central Defender,cet0tgjv82l6ao07ij1ylgp9l,dxq76zcvnokq07cszdx0i6kve,Udinese Calcio,Udinese,Udinese,UDI,29.0,350.387,13.0,171.99,0.0,0.0,1.0,0.0,12.082,13.23,3.0,5.0,13.0,2.0,11.0,15.0,7.0,46.667,6.0,3.0,50.0,,,,,,,,,,432649.0,218.0,3.0,2.0,2.0,1.75,0.0,0.05,0.05,0.0,0.0,Oumar,Solet,2000-02-07,26.61,136.0,28.0,Defender,Central Defender,cet0tgjv82l6ao07ij1ylgp9l,dxq76zcvnokq07cszdx0i6kve,Udinese Calcio,Udinese,Udinese,UDI,432649.0,218.0,3.0,122.0,107.0,87.7,8.0,6.0,75.0,1.0,1.0,100.0,0.0,0.0,0.0,Oumar,Solet,2000-02-07,26.61,136.0,28.0,Defender,Central Defender,cet0tgjv82l6ao07ij1ylgp9l,dxq76zcvnokq07cszdx0i6kve,Udinese Calcio,Udinese,Udinese,UDI,432649,cet0tgjv82l6ao07ij1ylgp9l,136,dxq76zcvnokq07cszdx0i6kve
Ousmane Diallo,633419.0,1.0,15.0,0.0,0.0,0.0,0.0,0.0,0.0,0.0,Ousmane,Diallo,2007-06-12,19.26,131.0,7.0,Forward,0,bpn7kblutmgxqetcnflb39iqc,5aosfavi55p40c65lkriqnqnl,Parma Calcio 1913,Parma,Parma,PAR,0.0,0.0,0.0,0.0,0.0,0.0,0.0,0.0,0.0,0.0,0.0,0.0,0.0,0.0,0.0,0.0,0.0,0.0,0.0,0.0,0.0,,,,,,,,,,633419.0,15.0,1.0,0.0,0.0,0.0,0.0,0.0,0.0,0.0,0.0,Ousmane,Diallo,2007-06-12,19.26,131.0,7.0,Forward,0,bpn7kblutmgxqetcnflb39iqc,5aosfavi55p40c65lkriqnqnl,Parma Calcio 1913,Parma,Parma,PAR,633419.0,15.0,1.0,0.0,0.0,0.0,0.0,0.0,0.0,1.0,0.0,0.0,0.0,0.0,0.0,Ousmane,Diallo,2007-06-12,19.26,131.0,7.0,Forward,0,bpn7kblutmgxqetcnflb39iqc,5aosfavi55p40c65lkriqnqnl,Parma Calcio 1913,Parma,Parma,PAR,633419,bpn7kblutmgxqetcnflb39iqc,131,5aosfavi55p40c65lkriqnqnl
Oussama El Azzouzi,543215.0,1.0,79.0,0.0,0.0,0.0,0.0,0.0,0.0,0.0,Oussama,El Azzouzi,2001-05-29,25.3,123.0,17.0,Midfielder,Defensive Midfielder,7a6hqi5iy91onh9u7l7t88tbe,ej5er0oyngdw138yuumwqbyqt,Bologna FC 1909,Bologna,Bologna,BOL,16.0,136.105,7.0,31.29,0.0,0.0,0.0,0.0,8.507,4.47,1.0,1.0,1.0,1.0,0.0,5.0,3.0,60.0,0.0,0.0,0.0,,,,,,,,,,543215.0,79.0,1.0,1.0,1.0,2.0,0.0,0.054,0.053,0.0,0.0,Oussama,El Azzouzi,2001-05-29,25.3,123.0,17.0,Midfielder,Defensive Midfielder,7a6hqi5iy91onh9u7l7t88tbe,ej5er0oyngdw138yuumwqbyqt,Bologna FC 1909,Bologna,Bologna,BOL,543215.0,79.0,1.0,54.0,51.0,94.44,10.0,10.0,100.0,0.0,0.0,0.0,0.0,0.0,0.0,Oussama,El Azzouzi,2001-05-29,25.3,123.0,17.0,Midfielder,Defensive Midfielder,7a6hqi5iy91onh9u7l7t88tbe,ej5er0oyngdw138yuumwqbyqt,Bologna FC 1909,Bologna,Bologna,BOL,543215,7a6hqi5iy91onh9u7l7t88tbe,123,ej5er0oyngdw138yuumwqbyqt
Paco Esteban,598675.0,0.0,0.0,0.0,0.0,0.0,0.0,0.0,0.0,0.0,Francisco,Esteban Sánchez,2006-05-02,20.38,130.0,22.0,Forward,Striker,598675,bi1fxjrncd0ram0oi7ja1jyuo,US Lecce,Lecce,Lecce,LEC,0.0,0.0,0.0,0.0,0.0,0.0,0.0,0.0,0.0,0.0,0.0,0.0,0.0,0.0,0.0,0.0,0.0,0.0,0.0,0.0,0.0,,,,,,,,,,598675.0,0.0,0.0,0.0,0.0,0.0,0.0,0.0,0.0,0.0,0.0,Francisco,Esteban Sánchez,2006-05-02,20.38,130.0,22.0,Forward,Striker,598675,bi1fxjrncd0ram0oi7ja1jyuo,US Lecce,Lecce,Lecce,LEC,598675.0,0.0,0.0,0.0,0.0,0.0,0.0,0.0,0.0,0.0,0.0,0.0,0.0,0.0,0.0,Francisco,Esteban Sánchez,2006-05-02,20.38,130.0,22.0,Forward,Striker,598675,bi1fxjrncd0ram0oi7ja1jyuo,US Lecce,Lecce,Lecce,LEC,598675,598675,130,bi1fxjrncd0ram0oi7ja1jyuo
Pasquale Mazzocchi,428237.0,0.0,0.0,0.0,0.0,0.0,0.0,0.0,0.0,0.0,Pasquale,Mazzocchi,1995-07-27,31.15,137.0,70.0,Defender,Full Back,428237,565sm63rjm2y7xeae0dcdbtnu,Venezia FC,Venezia,Venezia,VEN,0.0,0.0,0.0,0.0,0.0,0.0,0.0,0.0,0.0,0.0,0.0,0.0,0.0,0.0,0.0,0.0,0.0,0.0,0.0,0.0,0.0,,,,,,,,,,428237.0,0.0,0.0,0.0,0.0,0.0,0.0,0.0,0.0,0.0,0.0,Pasquale,Mazzocchi,1995-07-27,31.15,137.0,70.0,Defender,Full Back,428237,565sm63rjm2y7xeae0dcdbtnu,Venezia FC,Venezia,Venezia,VEN,428237.0,0.0,0.0,0.0,0.0,0.0,0.0,0.0,0.0,0.0,0.0,0.0,0.0,0.0,0.0,Pasquale,Mazzocchi,1995-07-27,31.15,137.0,70.0,Defender,Full Back,428237,565sm63rjm2y7xeae0dcdbtnu,Venezia FC,Venezia,Venezia,VEN,428237,428237,137,565sm63rjm2y7xeae0dcdbtnu
Patrick Cutrone,209353.0,2.0,110.0,0.0,0.44,-0.44,2.0,0.0,0.0,0.22,Patrick,Cutrone,1998-01-03,28.71,742.0,10.0,Forward,Striker,7dnu1vdavskc4ct33k88lpdcl,67z1gqyiuzpmmb15q5fy7ntc4,AC Monza,Monza,Monza,MON,13.0,170.262,5.0,45.99,0.0,0.0,1.0,0.0,13.097,9.198,2.0,0.0,5.0,0.0,1.0,8.0,6.0,75.0,1.0,1.0,100.0,,,,,,,,,,209353.0,110.0,2.0,3.0,3.0,13.64,0.0,0.143,0.143,0.0,0.0,Patrick,Cutrone,1998-01-03,28.71,742.0,10.0,Forward,Striker,7dnu1vdavskc4ct33k88lpdcl,67z1gqyiuzpmmb15q5fy7ntc4,AC Monza,Monza,Monza,MON,209353.0,110.0,2.0,22.0,20.0,90.91,12.0,11.0,91.67,5.0,1.0,20.0,0.0,0.0,0.0,Patrick,Cutrone,1998-01-03,28.71,742.0,10.0,Forward,Striker,7dnu1vdavskc4ct33k88lpdcl,67z1gqyiuzpmmb15q5fy7ntc4,AC Monza,Monza,Monza,MON,209353,7dnu1vdavskc4ct33k88lpdcl,742,67z1gqyiuzpmmb15q5fy7ntc4
Patrick Nuamah,588203.0,0.0,0.0,0.0,0.0,0.0,0.0,0.0,0.0,0.0,Patrick,Nuamah,2005-12-31,20.71,2182.0,30.0,Forward,Winger,588203,6tuibxq39fdryu8ou06wcm0q3,US Sassuolo Calcio,Sassuolo,Sassuolo,SAS,0.0,0.0,0.0,0.0,0.0,0.0,0.0,0.0,0.0,0.0,0.0,0.0,0.0,0.0,0.0,0.0,0.0,0.0,0.0,0.0,0.0,,,,,,,,,,588203.0,0.0,0.0,0.0,0.0,0.0,0.0,0.0,0.0,0.0,0.0,Patrick,Nuamah,2005-12-31,20.71,2182.0,30.0,Forward,Winger,588203,6tuibxq39fdryu8ou06wcm0q3,US Sassuolo Calcio,Sassuolo,Sassuolo,SAS,588203.0,0.0,0.0,0.0,0.0,0.0,0.0,0.0,0.0,0.0,0.0,0.0,0.0,0.0,0.0,Patrick,Nuamah,2005-12-31,20.71,2182.0,30.0,Forward,Winger,588203,6tuibxq39fdryu8ou06wcm0q3,US Sassuolo Calcio,Sassuolo,Sassuolo,SAS,588203,588203,2182,6tuibxq39fdryu8ou06wcm0q3
Patrizio Masini,588118.0,3.0,211.0,0.0,0.0,0.0,0.0,0.0,0.0,0.0,Patrizio,Masini,2001-01-27,25.64,2037.0,73.0,Midfielder,Central Midfielder,7xdhy2xi9mrhzjn6aiatd9ono,5khizzei8z0qbb7exz622wxw3,Frosinone Calcio,Frosinone,Frosinone,FRO,15.0,141.222,9.0,80.85,0.0,0.0,0.0,0.0,9.415,8.983,13.0,4.0,13.0,2.0,6.0,27.0,17.0,62.963,5.0,2.0,40.0,,,,,,,,,,588118.0,211.0,3.0,1.0,0.0,0.0,0.0,0.653,0.652,1.0,0.0,Patrizio,Masini,2001-01-27,25.64,2037.0,73.0,Midfielder,Central Midfielder,7xdhy2xi9mrhzjn6aiatd9ono,5khizzei8z0qbb7exz622wxw3,Frosinone Calcio,Frosinone,Frosinone,FRO,588118.0,211.0,3.0,65.0,49.0,75.38,22.0,18.0,81.82,2.0,0.0,0.0,0.0,0.0,0.0,Patrizio,Masini,2001-01-27,25.64,2037.0,73.0,Midfielder,Central Midfielder,7xdhy2xi9mrhzjn6aiatd9ono,5khizzei8z0qbb7exz622wxw3,Frosinone Calcio,Frosinone,Frosinone,FRO,588118,7xdhy2xi9mrhzjn6aiatd9ono,2037,5khizzei8z0qbb7exz622wxw3
Paul Mendy,687995.0,3.0,197.0,0.0,0.48,-0.48,6.0,2.0,0.0,0.08,Paul,Mendy,2007-01-13,19.67,124.0,31.0,Forward,Striker,2ma0fsvwn2lzchpbbxw3k2uc4,5rwlg5cfv1hu7yf0ek1zxpzy3,Cagliari Calcio,Cagliari,Cagliari,CAG,16.0,157.14,8.0,92.4,2.0,0.0,1.0,0.0,9.821,11.55,2.0,0.0,6.0,0.0,2.0,18.0,5.0,27.778,11.0,5.0,45.455,,,,,,,,,,687995.0,197.0,3.0,2.0,2.0,5.88,0.0,0.038,0.038,0.0,0.0,Paul,Mendy,2007-01-13,19.67,124.0,31.0,Forward,Striker,2ma0fsvwn2lzchpbbxw3k2uc4,5rwlg5cfv1hu7yf0ek1zxpzy3,Cagliari Calcio,Cagliari,Cagliari,CAG,687995.0,197.0,3.0,35.0,27.0,77.14,10.0,8.0,80.0,1.0,0.0,0.0,0.0,0.0,0.0,Paul,Mendy,2007-01-13,19.67,124.0,31.0,Forward,Striker,2ma0fsvwn2lzchpbbxw3k2uc4,5rwlg5cfv1hu7yf0ek1zxpzy3,Cagliari Calcio,Cagliari,Cagliari,CAG,687995,2ma0fsvwn2lzchpbbxw3k2uc4,124,5rwlg5cfv1hu7yf0ek1zxpzy3
Paulo Dybala,120638.0,3.0,253.0,0.0,1.32,-1.32,13.0,4.0,0.0,0.1,Paulo,Dybala,1993-11-15,32.84,121.0,21.0,Forward,Striker,93i0gcndi2m8giqqcm4knduxh,2tk2l9sgktwc9jhzqdd4mpdtb,AS Roma,Roma,Roma,ROM,56.0,651.947,32.0,306.285,2.0,0.0,5.0,2.0,11.642,9.571,3.0,0.0,12.0,0.0,0.0,20.0,8.0,40.0,3.0,0.0,0.0,,,,,,,,,,120638.0,253.0,3.0,14.0,12.0,5.26,7.14,2.64,2.576,4.0,4.0,Paulo,Dybala,1993-11-15,32.84,121.0,21.0,Forward,Striker,93i0gcndi2m8giqqcm4knduxh,2tk2l9sgktwc9jhzqdd4mpdtb,AS Roma,Roma,Roma,ROM,120638.0,253.0,3.0,164.0,136.0,82.93,102.0,78.0,76.47,8.0,3.0,37.5,4.0,3.0,75.0,Paulo,Dybala,1993-11-15,32.84,121.0,21.0,Forward,Striker,93i0gcndi2m8giqqcm4knduxh,2tk2l9sgktwc9jhzqdd4mpdtb,AS Roma,Roma,Roma,ROM,120638,93i0gcndi2m8giqqcm4knduxh,121,2tk2l9sgktwc9jhzqdd4mpdtb
Pervis Estupiñán,204214.0,3.0,159.0,0.0,0.07,-0.07,2.0,0.0,0.0,0.04,Pervis,Estupiñán,1998-01-21,28.66,120.0,2.0,Defender,Full Back,87g6qlasqe627i5g7ir30j2sp,9dntj5dioj5ex52yrgwzxrq9l,AC Milan,Milan,Milan,MIL,13.0,115.978,6.0,48.825,0.0,0.0,0.0,0.0,8.921,8.138,2.0,4.0,4.0,1.0,9.0,8.0,3.0,37.5,5.0,3.0,60.0,,,,,,,,,,204214.0,159.0,3.0,2.0,2.0,2.5,0.0,0.108,0.107,0.0,0.0,Pervis,Estupiñán,1998-01-21,28.66,120.0,2.0,Defender,Full Back,87g6qlasqe627i5g7ir30j2sp,9dntj5dioj5ex52yrgwzxrq9l,AC Milan,Milan,Milan,MIL,204214.0,159.0,3.0,81.0,74.0,91.36,20.0,18.0,90.0,3.0,2.0,66.67,0.0,0.0,0.0,Pervis,Estupiñán,1998-01-21,28.66,120.0,2.0,Defender,Full Back,87g6qlasqe627i5g7ir30j2sp,9dntj5dioj5ex52yrgwzxrq9l,AC Milan,Milan,Milan,MIL,204214,87g6qlasqe627i5g7ir30j2sp,120,9dntj5dioj5ex52yrgwzxrq9l
Petar Ratkov,530193.0,0.0,0.0,0.0,0.0,0.0,0.0,0.0,0.0,0.0,Petar,Ratkov,2003-08-18,23.08,129.0,20.0,Forward,Striker,530193,btcy9nra9ak4m22ovr2ia6m5v,SS Lazio,Lazio,Lazio,LAZ,0.0,0.0,0.0,0.0,0.0,0.0,0.0,0.0,0.0,0.0,0.0,0.0,0.0,0.0,0.0,0.0,0.0,0.0,0.0,0.0,0.0,,,,,,,,,,530193.0,0.0,0.0,0.0,0.0,0.0,0.0,0.0,0.0,0.0,0.0,Petar,Ratkov,2003-08-18,23.08,129.0,20.0,Forward,Striker,530193,btcy9nra9ak4m22ovr2ia6m5v,SS Lazio,Lazio,Lazio,LAZ,530193.0,0.0,0.0,0.0,0.0,0.0,0.0,0.0,0.0,0.0,0.0,0.0,0.0,0.0,0.0,Petar,Ratkov,2003-08-18,23.08,129.0,20.0,Forward,Striker,530193,btcy9nra9ak4m22ovr2ia6m5v,SS Lazio,Lazio,Lazio,LAZ,530193,530193,129,btcy9nra9ak4m22ovr2ia6m5v
Petar Sucic,581229.0,3.0,146.0,0.0,0.0,0.0,0.0,0.0,0.0,0.0,Petar,Sucic,2003-10-25,22.9,127.0,8.0,Midfielder,Defensive Midfielder,6u7iuum6kqfwb4pbw5lsoff56,3vo5mpj7catp66nrwwqiuhuup,FC Internazionale Milano,Internazionale,Inter,INT,40.0,454.692,19.0,235.515,0.0,0.0,0.0,0.0,11.367,12.396,3.0,0.0,10.0,1.0,0.0,9.0,7.0,77.778,2.0,1.0,50.0,,,,,,,,,,581229.0,146.0,3.0,1.0,1.0,1.06,0.0,0.287,0.286,0.0,0.0,Petar,Sucic,2003-10-25,22.9,127.0,8.0,Midfielder,Defensive Midfielder,6u7iuum6kqfwb4pbw5lsoff56,3vo5mpj7catp66nrwwqiuhuup,FC Internazionale Milano,Internazionale,Inter,INT,581229.0,146.0,3.0,95.0,82.0,86.32,39.0,29.0,74.36,3.0,1.0,33.33,0.0,0.0,0.0,Petar,Sucic,2003-10-25,22.9,127.0,8.0,Midfielder,Defensive Midfielder,6u7iuum6kqfwb4pbw5lsoff56,3vo5mpj7catp66nrwwqiuhuup,FC Internazionale Milano,Internazionale,Inter,INT,581229,6u7iuum6kqfwb4pbw5lsoff56,127,3vo5mpj7catp66nrwwqiuhuup
Pierre Kalulu,466041.0,3.0,270.0,0.0,0.06,-0.06,1.0,1.0,0.0,0.06,Pierre,Kalulu,2000-06-05,26.28,128.0,15.0,Defender,Central Defender,b33rlpjo3kx4477alx82si5wq,bqbbqm98ud8obe45ds9ohgyrd,Juventus FC,Juventus,Juventus,JUV,29.0,380.135,12.0,178.5,0.0,0.0,0.0,0.0,13.108,14.875,5.0,4.0,10.0,1.0,9.0,9.0,8.0,88.889,4.0,2.0,50.0,,,,,,,,,,466041.0,270.0,3.0,3.0,3.0,2.16,0.0,0.267,0.266,0.0,0.0,Pierre,Kalulu,2000-06-05,26.28,128.0,15.0,Defender,Central Defender,b33rlpjo3kx4477alx82si5wq,bqbbqm98ud8obe45ds9ohgyrd,Juventus FC,Juventus,Juventus,JUV,466041.0,270.0,3.0,144.0,125.0,86.81,63.0,52.0,82.54,8.0,2.0,25.0,1.0,0.0,0.0,Pierre,Kalulu,2000-06-05,26.28,128.0,15.0,Defender,Central Defender,b33rlpjo3kx4477alx82si5wq,bqbbqm98ud8obe45ds9ohgyrd,Juventus FC,Juventus,Juventus,JUV,466041,b33rlpjo3kx4477alx82si5wq,128,bqbbqm98ud8obe45ds9ohgyrd
Pietro Comuzzo,628413.0,3.0,245.0,1.0,0.56,0.44,2.0,1.0,50.0,0.28,Pietro,Comuzzo,2005-02-20,21.57,135.0,15.0,Defender,Central Defender,9srjp22oprs2tkcutb2g4o2dw,7gnly6999wao1xarwct4p8fe9,Torino FC,Torino,Torino,TOR,19.0,187.816,7.0,29.19,0.0,0.0,0.0,0.0,9.885,4.17,10.0,2.0,11.0,3.0,7.0,18.0,11.0,61.111,8.0,3.0,37.5,,,,,,,,,,628413.0,245.0,3.0,1.0,1.0,0.71,0.0,0.048,0.045,0.0,0.0,Pietro,Comuzzo,2005-02-20,21.57,135.0,15.0,Defender,Central Defender,9srjp22oprs2tkcutb2g4o2dw,7gnly6999wao1xarwct4p8fe9,Torino FC,Torino,Torino,TOR,628413.0,245.0,3.0,143.0,134.0,93.71,19.0,18.0,94.74,0.0,0.0,0.0,0.0,0.0,0.0,Pietro,Comuzzo,2005-02-20,21.57,135.0,15.0,Defender,Central Defender,9srjp22oprs2tkcutb2g4o2dw,7gnly6999wao1xarwct4p8fe9,Torino FC,Torino,Torino,TOR,628413,9srjp22oprs2tkcutb2g4o2dw,135,7gnly6999wao1xarwct4p8fe9
Piotr Zielinski,126440.0,3.0,180.0,1.0,0.28,0.72,6.0,2.0,16.67,0.05,Piotr,Zielinski,1994-05-20,32.33,127.0,7.0,Midfielder,Central Midfielder,dpcws493fepch23sk26m1a8yd,3vo5mpj7catp66nrwwqiuhuup,FC Internazionale Milano,Internazionale,Inter,INT,47.0,567.795,28.0,311.535,1.0,0.0,2.0,0.0,12.081,11.126,2.0,1.0,11.0,0.0,1.0,7.0,4.0,57.143,1.0,0.0,0.0,,,,,,,,,,126440.0,180.0,3.0,2.0,2.0,1.45,0.0,0.207,0.207,0.0,0.0,Piotr,Zielinski,1994-05-20,32.33,127.0,7.0,Midfielder,Central Midfielder,dpcws493fepch23sk26m1a8yd,3vo5mpj7catp66nrwwqiuhuup,FC Internazionale Milano,Internazionale,Inter,INT,126440.0,180.0,3.0,140.0,132.0,94.29,41.0,37.0,90.24,3.0,2.0,66.67,1.0,1.0,100.0,Piotr,Zielinski,1994-05-20,32.33,127.0,7.0,Midfielder,Central Midfielder,dpcws493fepch23sk26m1a8yd,3vo5mpj7catp66nrwwqiuhuup,FC Internazionale Milano,Internazionale,Inter,INT,126440,dpcws493fepch23sk26m1a8yd,127,3vo5mpj7catp66nrwwqiuhuup
Pontus Almqvist,248755.0,3.0,43.0,0.0,0.0,0.0,0.0,0.0,0.0,0.0,Pontus,Almqvist,1999-07-10,27.19,131.0,11.0,Forward,0,21bdtv9f28xkfmo2dy3uk7bah,5aosfavi55p40c65lkriqnqnl,Parma Calcio 1913,Parma,Parma,PAR,11.0,171.456,4.0,84.105,0.0,0.0,1.0,0.0,15.587,21.026,2.0,0.0,0.0,0.0,0.0,7.0,3.0,42.857,1.0,1.0,100.0,,,,,,,,,,248755.0,43.0,3.0,1.0,1.0,7.14,0.0,0.061,0.061,0.0,0.0,Pontus,Almqvist,1999-07-10,27.19,131.0,11.0,Forward,0,21bdtv9f28xkfmo2dy3uk7bah,5aosfavi55p40c65lkriqnqnl,Parma Calcio 1913,Parma,Parma,PAR,248755.0,43.0,3.0,14.0,12.0,85.71,8.0,6.0,75.0,4.0,0.0,0.0,0.0,0.0,0.0,Pontus,Almqvist,1999-07-10,27.19,131.0,11.0,Forward,0,21bdtv9f28xkfmo2dy3uk7bah,5aosfavi55p40c65lkriqnqnl,Parma Calcio 1913,Parma,Parma,PAR,248755,21bdtv9f28xkfmo2dy3uk7bah,131,5aosfavi55p40c65lkriqnqnl
Pote,433145.0,1.0,11.0,0.0,0.0,0.0,0.0,0.0,0.0,0.0,Pedro António,Pereira Gonçalves,1998-06-28,28.22,125.0,28.0,Midfielder,Attacking Midfielder,eee0bq4dkdn91l81e8cf1zxpm,4raiad4l2j5lkfaz92pk4osb,ACF Fiorentina,Fiorentina,Fiorentina,FIO,3.0,18.105,1.0,2.73,0.0,0.0,0.0,0.0,6.035,2.73,0.0,1.0,1.0,0.0,1.0,1.0,1.0,100.0,0.0,0.0,0.0,,,,,,,,,,433145.0,11.0,1.0,0.0,0.0,0.0,0.0,0.004,0.004,0.0,0.0,Pedro António,Pereira Gonçalves,1998-06-28,28.22,125.0,28.0,Midfielder,Attacking Midfielder,eee0bq4dkdn91l81e8cf1zxpm,4raiad4l2j5lkfaz92pk4osb,ACF Fiorentina,Fiorentina,Fiorentina,FIO,433145.0,11.0,1.0,6.0,5.0,83.33,2.0,1.0,50.0,0.0,0.0,0.0,0.0,0.0,0.0,Pedro António,Pereira Gonçalves,1998-06-28,28.22,125.0,28.0,Midfielder,Attacking Midfielder,eee0bq4dkdn91l81e8cf1zxpm,4raiad4l2j5lkfaz92pk4osb,ACF Fiorentina,Fiorentina,Fiorentina,FIO,433145,eee0bq4dkdn91l81e8cf1zxpm,125,4raiad4l2j5lkfaz92pk4osb
Rachid Kouda,625908.0,1.0,15.0,0.0,0.0,0.0,0.0,0.0,0.0,0.0,Rachid,Kouda,2002-07-25,24.15,131.0,80.0,Midfielder,0,3as3hk30rs52hwrcxldkrciz8,5aosfavi55p40c65lkriqnqnl,Parma Calcio 1913,Parma,Parma,PAR,2.0,23.74,1.0,16.695,0.0,0.0,0.0,0.0,11.87,16.695,2.0,0.0,1.0,0.0,0.0,6.0,2.0,33.333,2.0,1.0,50.0,,,,,,,,,,625908.0,15.0,1.0,1.0,1.0,14.29,0.0,0.034,0.034,0.0,0.0,Rachid,Kouda,2002-07-25,24.15,131.0,80.0,Midfielder,0,3as3hk30rs52hwrcxldkrciz8,5aosfavi55p40c65lkriqnqnl,Parma Calcio 1913,Parma,Parma,PAR,625908.0,15.0,1.0,7.0,3.0,42.86,5.0,2.0,40.0,2.0,1.0,50.0,0.0,0.0,0.0,Rachid,Kouda,2002-07-25,24.15,131.0,80.0,Midfielder,0,3as3hk30rs52hwrcxldkrciz8,5aosfavi55p40c65lkriqnqnl,Parma Calcio 1913,Parma,Parma,PAR,625908,3as3hk30rs52hwrcxldkrciz8,131,5aosfavi55p40c65lkriqnqnl
Radu Dragusin,493125.0,3.0,270.0,0.0,0.17,-0.17,2.0,0.0,0.0,0.08,Radu,Dragusin,2002-02-03,24.62,125.0,3.0,Defender,Central Defender,4gbk8ka3fv401f8zyslo38fai,4raiad4l2j5lkfaz92pk4osb,ACF Fiorentina,Fiorentina,Fiorentina,FIO,18.0,161.198,3.0,-23.205,0.0,0.0,0.0,0.0,8.955,-7.735,3.0,5.0,9.0,4.0,18.0,15.0,7.0,46.667,10.0,6.0,60.0,,,,,,,,,,493125.0,270.0,3.0,1.0,1.0,0.0,0.0,0.018,0.018,1.0,1.0,Radu,Dragusin,2002-02-03,24.62,125.0,3.0,Defender,Central Defender,4gbk8ka3fv401f8zyslo38fai,4raiad4l2j5lkfaz92pk4osb,ACF Fiorentina,Fiorentina,Fiorentina,FIO,493125.0,270.0,3.0,84.0,75.0,89.29,13.0,10.0,76.92,0.0,0.0,0.0,0.0,0.0,0.0,Radu,Dragusin,2002-02-03,24.62,125.0,3.0,Defender,Central Defender,4gbk8ka3fv401f8zyslo38fai,4raiad4l2j5lkfaz92pk4osb,ACF Fiorentina,Fiorentina,Fiorentina,FIO,493125,4gbk8ka3fv401f8zyslo38fai,125,4raiad4l2j5lkfaz92pk4osb
Rafa Marín,488040.0,3.0,261.0,0.0,0.05,-0.05,1.0,0.0,0.0,0.05,Rafa,Marín,2002-05-19,24.33,459.0,16.0,Defender,Central Defender,d27r61wcc9az0shpevisc4iga,gi0l1habji5hpgar77dl5jqe,SSC Napoli,Napoli,Napoli,NAP,20.0,163.489,13.0,87.675,0.0,0.0,0.0,0.0,8.174,6.744,5.0,3.0,8.0,4.0,15.0,19.0,8.0,42.105,7.0,1.0,14.286,,,,,,,,,,488040.0,261.0,3.0,1.0,1.0,0.71,0.0,0.041,0.04,0.0,0.0,Rafa,Marín,2002-05-19,24.33,459.0,16.0,Defender,Central Defender,d27r61wcc9az0shpevisc4iga,gi0l1habji5hpgar77dl5jqe,SSC Napoli,Napoli,Napoli,NAP,488040.0,261.0,3.0,147.0,137.0,93.2,27.0,23.0,85.19,0.0,0.0,0.0,0.0,0.0,0.0,Rafa,Marín,2002-05-19,24.33,459.0,16.0,Defender,Central Defender,d27r61wcc9az0shpevisc4iga,gi0l1habji5hpgar77dl5jqe,SSC Napoli,Napoli,Napoli,NAP,488040,d27r61wcc9az0shpevisc4iga,459,gi0l1habji5hpgar77dl5jqe
Rafa Obrador,500047.0,2.0,39.0,0.0,0.0,0.0,0.0,0.0,0.0,0.0,Rafa,Obrador,2004-02-24,22.56,2182.0,33.0,Defender,Full Back,4vdmmwetnlmvrc4erlhjbcvoq,6tuibxq39fdryu8ou06wcm0q3,US Sassuolo Calcio,Sassuolo,Sassuolo,SAS,11.0,192.162,7.0,38.325,0.0,0.0,0.0,0.0,17.469,5.475,3.0,0.0,1.0,0.0,3.0,5.0,4.0,80.0,1.0,0.0,0.0,,,,,,,,,,500047.0,39.0,2.0,0.0,0.0,0.0,0.0,0.012,0.012,0.0,0.0,Rafa,Obrador,2004-02-24,22.56,2182.0,33.0,Defender,Full Back,4vdmmwetnlmvrc4erlhjbcvoq,6tuibxq39fdryu8ou06wcm0q3,US Sassuolo Calcio,Sassuolo,Sassuolo,SAS,500047.0,39.0,2.0,30.0,27.0,90.0,7.0,6.0,85.71,2.0,1.0,50.0,0.0,0.0,0.0,Rafa,Obrador,2004-02-24,22.56,2182.0,33.0,Defender,Full Back,4vdmmwetnlmvrc4erlhjbcvoq,6tuibxq39fdryu8ou06wcm0q3,US Sassuolo Calcio,Sassuolo,Sassuolo,SAS,500047,4vdmmwetnlmvrc4erlhjbcvoq,2182,6tuibxq39fdryu8ou06wcm0q3
Rafik Belghali,531602.0,1.0,34.0,0.0,0.0,0.0,0.0,0.0,0.0,0.0,Rafik,Belghali,2002-06-07,24.28,135.0,45.0,Defender,Full Back,88bb68l7u2rd453gz303p4qvo,7gnly6999wao1xarwct4p8fe9,Torino FC,Torino,Torino,TOR,6.0,105.837,4.0,79.485,0.0,0.0,0.0,0.0,17.64,19.871,0.0,0.0,2.0,0.0,3.0,2.0,0.0,0.0,0.0,0.0,0.0,,,,,,,,,,531602.0,34.0,1.0,1.0,1.0,0.0,0.0,0.004,0.004,1.0,1.0,Rafik,Belghali,2002-06-07,24.28,135.0,45.0,Defender,Full Back,88bb68l7u2rd453gz303p4qvo,7gnly6999wao1xarwct4p8fe9,Torino FC,Torino,Torino,TOR,531602.0,34.0,1.0,17.0,12.0,70.59,7.0,2.0,28.57,3.0,0.0,0.0,0.0,0.0,0.0,Rafik,Belghali,2002-06-07,24.28,135.0,45.0,Defender,Full Back,88bb68l7u2rd453gz303p4qvo,7gnly6999wao1xarwct4p8fe9,Torino FC,Torino,Torino,TOR,531602,88bb68l7u2rd453gz303p4qvo,135,7gnly6999wao1xarwct4p8fe9
Rahim Alhassane,562061.0,2.0,135.0,0.0,0.25,-0.25,2.0,0.0,0.0,0.13,Rahim,Alhassane,2002-01-01,24.71,123.0,23.0,Defender,Full Back,4aszgga510z652sajxoea2has,ej5er0oyngdw138yuumwqbyqt,Bologna FC 1909,Bologna,Bologna,BOL,18.0,276.172,10.0,166.74,0.0,0.0,0.0,0.0,15.343,16.674,4.0,2.0,6.0,2.0,2.0,12.0,7.0,58.333,1.0,1.0,100.0,,,,,,,,,,562061.0,135.0,2.0,3.0,3.0,3.09,0.0,0.04,0.039,0.0,0.0,Rahim,Alhassane,2002-01-01,24.71,123.0,23.0,Defender,Full Back,4aszgga510z652sajxoea2has,ej5er0oyngdw138yuumwqbyqt,Bologna FC 1909,Bologna,Bologna,BOL,562061.0,135.0,2.0,99.0,83.0,83.84,32.0,22.0,68.75,3.0,1.0,33.33,0.0,0.0,0.0,Rahim,Alhassane,2002-01-01,24.71,123.0,23.0,Defender,Full Back,4aszgga510z652sajxoea2has,ej5er0oyngdw138yuumwqbyqt,Bologna FC 1909,Bologna,Bologna,BOL,562061,4aszgga510z652sajxoea2has,123,ej5er0oyngdw138yuumwqbyqt
Randal Kolo Muani,247693.0,3.0,270.0,0.0,1.54,-1.54,8.0,2.0,0.0,0.19,Randal,Kolo Muani,1998-12-05,27.79,128.0,9.0,Forward,Striker,g3fgd752o63acmmuahdvppm1,bqbbqm98ud8obe45ds9ohgyrd,Juventus FC,Juventus,Juventus,JUV,18.0,234.869,10.0,135.765,1.0,0.0,1.0,0.0,13.048,13.576,1.0,0.0,4.0,0.0,2.0,26.0,8.0,30.769,14.0,3.0,21.429,,,,,,,,,,247693.0,270.0,3.0,1.0,1.0,1.47,0.0,0.153,0.153,0.0,0.0,Randal,Kolo Muani,1998-12-05,27.79,128.0,9.0,Forward,Striker,g3fgd752o63acmmuahdvppm1,bqbbqm98ud8obe45ds9ohgyrd,Juventus FC,Juventus,Juventus,JUV,247693.0,270.0,3.0,68.0,45.0,66.18,37.0,22.0,59.46,1.0,0.0,0.0,1.0,0.0,0.0,Randal,Kolo Muani,1998-12-05,27.79,128.0,9.0,Forward,Striker,g3fgd752o63acmmuahdvppm1,bqbbqm98ud8obe45ds9ohgyrd,Juventus FC,Juventus,Juventus,JUV,247693,g3fgd752o63acmmuahdvppm1,128,bqbbqm98ud8obe45ds9ohgyrd
Raoul Bellanova,209330.0,2.0,102.0,0.0,0.0,0.0,0.0,0.0,0.0,0.0,Raoul,Bellanova,2000-05-17,26.34,456.0,16.0,Defender,Wing Back,aripnzu9yo2wlr8ud93ufdhih,e75syeuawg3ql8nwpi3vr2btz,Atalanta Bergamasca Calcio,Atalanta,Atalanta,ATA,7.0,86.981,5.0,74.445,0.0,0.0,0.0,0.0,12.426,14.889,1.0,2.0,2.0,3.0,8.0,5.0,3.0,60.0,2.0,1.0,50.0,,,,,,,,,,209330.0,102.0,2.0,1.0,1.0,2.7,0.0,0.258,0.252,0.0,0.0,Raoul,Bellanova,2000-05-17,26.34,456.0,16.0,Defender,Wing Back,aripnzu9yo2wlr8ud93ufdhih,e75syeuawg3ql8nwpi3vr2btz,Atalanta Bergamasca Calcio,Atalanta,Atalanta,ATA,209330.0,102.0,2.0,38.0,36.0,94.74,12.0,12.0,100.0,1.0,0.0,0.0,0.0,0.0,0.0,Raoul,Bellanova,2000-05-17,26.34,456.0,16.0,Defender,Wing Back,aripnzu9yo2wlr8ud93ufdhih,e75syeuawg3ql8nwpi3vr2btz,Atalanta Bergamasca Calcio,Atalanta,Atalanta,ATA,209330,aripnzu9yo2wlr8ud93ufdhih,456,e75syeuawg3ql8nwpi3vr2btz
Raphael Kofler,587803.0,2.0,57.0,0.0,0.06,-0.06,1.0,0.0,0.0,0.06,Raphael,Kofler,2005-04-26,21.39,124.0,22.0,Defender,Central Defender,edzd28hr2ys0p9n08qsyrrrbo,5rwlg5cfv1hu7yf0ek1zxpzy3,Cagliari Calcio,Cagliari,Cagliari,CAG,2.0,14.985,1.0,1.785,0.0,0.0,0.0,0.0,7.492,1.785,1.0,1.0,2.0,2.0,8.0,1.0,1.0,100.0,1.0,1.0,100.0,,,,,,,,,,587803.0,57.0,2.0,1.0,1.0,4.55,0.0,0.014,0.014,0.0,0.0,Raphael,Kofler,2005-04-26,21.39,124.0,22.0,Defender,Central Defender,edzd28hr2ys0p9n08qsyrrrbo,5rwlg5cfv1hu7yf0ek1zxpzy3,Cagliari Calcio,Cagliari,Cagliari,CAG,587803.0,57.0,2.0,22.0,21.0,95.45,2.0,1.0,50.0,0.0,0.0,0.0,0.0,0.0,0.0,Raphael,Kofler,2005-04-26,21.39,124.0,22.0,Defender,Central Defender,edzd28hr2ys0p9n08qsyrrrbo,5rwlg5cfv1hu7yf0ek1zxpzy3,Cagliari Calcio,Cagliari,Cagliari,CAG,587803,edzd28hr2ys0p9n08qsyrrrbo,124,5rwlg5cfv1hu7yf0ek1zxpzy3
Rasmus Højlund,497894.0,3.0,230.0,2.0,0.44,1.56,4.0,3.0,50.0,0.11,Rasmus,Højlund,2003-02-04,23.62,459.0,19.0,Forward,Striker,d364lpc0km51psy3zwc4a6zca,gi0l1habji5hpgar77dl5jqe,SSC Napoli,Napoli,Napoli,NAP,4.0,43.186,4.0,36.12,0.0,0.0,0.0,0.0,10.796,9.03,0.0,0.0,2.0,0.0,3.0,11.0,3.0,27.273,13.0,4.0,30.769,,,,,,,,,,497894.0,230.0,3.0,1.0,1.0,4.55,0.0,0.024,0.024,0.0,0.0,Rasmus,Højlund,2003-02-04,23.62,459.0,19.0,Forward,Striker,d364lpc0km51psy3zwc4a6zca,gi0l1habji5hpgar77dl5jqe,SSC Napoli,Napoli,Napoli,NAP,497894.0,230.0,3.0,26.0,16.0,61.54,12.0,8.0,66.67,1.0,0.0,0.0,0.0,0.0,0.0,Rasmus,Højlund,2003-02-04,23.62,459.0,19.0,Forward,Striker,d364lpc0km51psy3zwc4a6zca,gi0l1habji5hpgar77dl5jqe,SSC Napoli,Napoli,Napoli,NAP,497894,d364lpc0km51psy3zwc4a6zca,459,gi0l1habji5hpgar77dl5jqe
Reda Belahyane,585579.0,2.0,143.0,0.0,0.0,0.0,0.0,0.0,0.0,0.0,Reda,Belahyane,2004-06-01,22.29,129.0,21.0,Midfielder,Defensive Midfielder,cjgrtf1xc97ir3b64cnl9ecyc,btcy9nra9ak4m22ovr2ia6m5v,SS Lazio,Lazio,Lazio,LAZ,14.0,125.25,5.0,23.31,0.0,0.0,0.0,0.0,8.946,4.662,5.0,2.0,16.0,0.0,1.0,11.0,6.0,54.545,3.0,1.0,33.333,,,,,,,,,,585579.0,143.0,2.0,2.0,2.0,2.13,0.0,0.096,0.096,0.0,0.0,Reda,Belahyane,2004-06-01,22.29,129.0,21.0,Midfielder,Defensive Midfielder,cjgrtf1xc97ir3b64cnl9ecyc,btcy9nra9ak4m22ovr2ia6m5v,SS Lazio,Lazio,Lazio,LAZ,585579.0,143.0,2.0,95.0,89.0,93.68,26.0,24.0,92.31,0.0,0.0,0.0,1.0,0.0,0.0,Reda,Belahyane,2004-06-01,22.29,129.0,21.0,Midfielder,Defensive Midfielder,cjgrtf1xc97ir3b64cnl9ecyc,btcy9nra9ak4m22ovr2ia6m5v,SS Lazio,Lazio,Lazio,LAZ,585579,cjgrtf1xc97ir3b64cnl9ecyc,129,btcy9nra9ak4m22ovr2ia6m5v
Redouane Halhal,552173.0,2.0,136.0,0.0,0.1,-0.1,1.0,0.0,0.0,0.1,Redouane,Halhal,2003-03-05,23.54,137.0,25.0,Defender,Central Defender,46k78w8naot7srar2fwdko1lg,565sm63rjm2y7xeae0dcdbtnu,Venezia FC,Venezia,Venezia,VEN,6.0,51.172,1.0,8.4,0.0,0.0,0.0,0.0,8.529,8.4,3.0,1.0,3.0,1.0,10.0,10.0,4.0,40.0,9.0,8.0,88.889,,,,,,,,,,552173.0,136.0,2.0,0.0,0.0,0.0,0.0,0.007,0.007,0.0,0.0,Redouane,Halhal,2003-03-05,23.54,137.0,25.0,Defender,Central Defender,46k78w8naot7srar2fwdko1lg,565sm63rjm2y7xeae0dcdbtnu,Venezia FC,Venezia,Venezia,VEN,552173.0,136.0,2.0,53.0,49.0,92.45,5.0,5.0,100.0,0.0,0.0,0.0,0.0,0.0,0.0,Redouane,Halhal,2003-03-05,23.54,137.0,25.0,Defender,Central Defender,46k78w8naot7srar2fwdko1lg,565sm63rjm2y7xeae0dcdbtnu,Venezia FC,Venezia,Venezia,VEN,552173,46k78w8naot7srar2fwdko1lg,137,565sm63rjm2y7xeae0dcdbtnu
Relja Obric,620509.0,0.0,0.0,0.0,0.0,0.0,0.0,0.0,0.0,0.0,Relja,Obric,2006-04-11,20.43,456.0,40.0,Defender,Central Defender,620509,e75syeuawg3ql8nwpi3vr2btz,Atalanta Bergamasca Calcio,Atalanta,Atalanta,ATA,0.0,0.0,0.0,0.0,0.0,0.0,0.0,0.0,0.0,0.0,0.0,0.0,0.0,0.0,0.0,0.0,0.0,0.0,0.0,0.0,0.0,,,,,,,,,,620509.0,0.0,0.0,0.0,0.0,0.0,0.0,0.0,0.0,0.0,0.0,Relja,Obric,2006-04-11,20.43,456.0,40.0,Defender,Central Defender,620509,e75syeuawg3ql8nwpi3vr2btz,Atalanta Bergamasca Calcio,Atalanta,Atalanta,ATA,620509.0,0.0,0.0,0.0,0.0,0.0,0.0,0.0,0.0,0.0,0.0,0.0,0.0,0.0,0.0,Relja,Obric,2006-04-11,20.43,456.0,40.0,Defender,Central Defender,620509,e75syeuawg3ql8nwpi3vr2btz,Atalanta Bergamasca Calcio,Atalanta,Atalanta,ATA,620509,620509,456,e75syeuawg3ql8nwpi3vr2btz
Ricardo Bordon,681438.0,0.0,0.0,0.0,0.0,0.0,0.0,0.0,0.0,0.0,Ricardo,Bordon,2006-11-02,19.87,129.0,33.0,Defender,Central Defender,681438,btcy9nra9ak4m22ovr2ia6m5v,SS Lazio,Lazio,Lazio,LAZ,0.0,0.0,0.0,0.0,0.0,0.0,0.0,0.0,0.0,0.0,0.0,0.0,0.0,0.0,0.0,0.0,0.0,0.0,0.0,0.0,0.0,,,,,,,,,,681438.0,0.0,0.0,0.0,0.0,0.0,0.0,0.0,0.0,0.0,0.0,Ricardo,Bordon,2006-11-02,19.87,129.0,33.0,Defender,Central Defender,681438,btcy9nra9ak4m22ovr2ia6m5v,SS Lazio,Lazio,Lazio,LAZ,681438.0,0.0,0.0,0.0,0.0,0.0,0.0,0.0,0.0,0.0,0.0,0.0,0.0,0.0,0.0,Ricardo,Bordon,2006-11-02,19.87,129.0,33.0,Defender,Central Defender,681438,btcy9nra9ak4m22ovr2ia6m5v,SS Lazio,Lazio,Lazio,LAZ,681438,681438,129,btcy9nra9ak4m22ovr2ia6m5v
Ricardo Mangas,176490.0,3.0,270.0,0.0,0.25,-0.25,1.0,1.0,0.0,0.25,Ricardo Luís,Chaby Mangas,1998-03-19,28.5,742.0,7.0,Defender,Wing Back,4ax49niuix9tiqdv05y3vbdn9,67z1gqyiuzpmmb15q5fy7ntc4,AC Monza,Monza,Monza,MON,24.0,236.589,10.0,82.005,0.0,0.0,2.0,0.0,9.858,8.2,3.0,4.0,10.0,0.0,5.0,17.0,7.0,41.176,6.0,3.0,50.0,,,,,,,,,,176490.0,270.0,3.0,6.0,6.0,5.48,0.0,0.472,0.468,2.0,2.0,Ricardo Luís,Chaby Mangas,1998-03-19,28.5,742.0,7.0,Defender,Wing Back,4ax49niuix9tiqdv05y3vbdn9,67z1gqyiuzpmmb15q5fy7ntc4,AC Monza,Monza,Monza,MON,176490.0,270.0,3.0,75.0,54.0,72.0,28.0,20.0,71.43,8.0,3.0,37.5,0.0,0.0,0.0,Ricardo Luís,Chaby Mangas,1998-03-19,28.5,742.0,7.0,Defender,Wing Back,4ax49niuix9tiqdv05y3vbdn9,67z1gqyiuzpmmb15q5fy7ntc4,AC Monza,Monza,Monza,MON,176490,4ax49niuix9tiqdv05y3vbdn9,742,67z1gqyiuzpmmb15q5fy7ntc4
Riccardo Cassano,679547.0,0.0,0.0,0.0,0.0,0.0,0.0,0.0,0.0,0.0,Riccardo,Cassano,2009-03-18,17.5,1065.0,49.0,Midfielder,Central Midfielder,679547,6uzfw7ahyxg4wrrfxo5u7qt0n,Calcio Como 1907,Como,Como,COM,0.0,0.0,0.0,0.0,0.0,0.0,0.0,0.0,0.0,0.0,0.0,0.0,0.0,0.0,0.0,0.0,0.0,0.0,0.0,0.0,0.0,,,,,,,,,,679547.0,0.0,0.0,0.0,0.0,0.0,0.0,0.0,0.0,0.0,0.0,Riccardo,Cassano,2009-03-18,17.5,1065.0,49.0,Midfielder,Central Midfielder,679547,6uzfw7ahyxg4wrrfxo5u7qt0n,Calcio Como 1907,Como,Como,COM,679547.0,0.0,0.0,0.0,0.0,0.0,0.0,0.0,0.0,0.0,0.0,0.0,0.0,0.0,0.0,Riccardo,Cassano,2009-03-18,17.5,1065.0,49.0,Midfielder,Central Midfielder,679547,6uzfw7ahyxg4wrrfxo5u7qt0n,Calcio Como 1907,Como,Como,COM,679547,679547,1065,6uzfw7ahyxg4wrrfxo5u7qt0n
Riccardo Ciervo,515593.0,2.0,9.0,0.0,0.03,-0.03,1.0,0.0,0.0,0.03,Riccardo,Ciervo,2002-04-01,24.46,124.0,20.0,Forward,Winger,7e529xhuteq29a8cphvq8p53o,5rwlg5cfv1hu7yf0ek1zxpzy3,Cagliari Calcio,Cagliari,Cagliari,CAG,4.0,55.135,3.0,37.905,0.0,0.0,0.0,0.0,13.784,12.635,0.0,0.0,2.0,0.0,0.0,1.0,0.0,0.0,0.0,0.0,0.0,,,,,,,,,,515593.0,9.0,2.0,0.0,0.0,0.0,0.0,0.109,0.109,0.0,0.0,Riccardo,Ciervo,2002-04-01,24.46,124.0,20.0,Forward,Winger,7e529xhuteq29a8cphvq8p53o,5rwlg5cfv1hu7yf0ek1zxpzy3,Cagliari Calcio,Cagliari,Cagliari,CAG,515593.0,9.0,2.0,14.0,13.0,92.86,9.0,9.0,100.0,2.0,1.0,50.0,0.0,0.0,0.0,Riccardo,Ciervo,2002-04-01,24.46,124.0,20.0,Forward,Winger,7e529xhuteq29a8cphvq8p53o,5rwlg5cfv1hu7yf0ek1zxpzy3,Cagliari Calcio,Cagliari,Cagliari,CAG,515593,7e529xhuteq29a8cphvq8p53o,124,5rwlg5cfv1hu7yf0ek1zxpzy3
Riccardo Orsolini,223966.0,2.0,80.0,0.0,0.0,0.0,0.0,0.0,0.0,0.0,Riccardo,Orsolini,1997-01-24,29.65,123.0,7.0,Forward,Winger,1cu7fg8sf90isf9gp21e5fqh,ej5er0oyngdw138yuumwqbyqt,Bologna FC 1909,Bologna,Bologna,BOL,6.0,64.191,1.0,3.15,0.0,0.0,1.0,0.0,10.699,3.15,0.0,0.0,3.0,0.0,1.0,3.0,1.0,33.333,0.0,0.0,0.0,,,,,,,,,,223966.0,80.0,2.0,2.0,2.0,16.67,0.0,0.164,0.164,0.0,0.0,Riccardo,Orsolini,1997-01-24,29.65,123.0,7.0,Forward,Winger,1cu7fg8sf90isf9gp21e5fqh,ej5er0oyngdw138yuumwqbyqt,Bologna FC 1909,Bologna,Bologna,BOL,223966.0,80.0,2.0,12.0,9.0,75.0,2.0,1.0,50.0,3.0,1.0,33.33,0.0,0.0,0.0,Riccardo,Orsolini,1997-01-24,29.65,123.0,7.0,Forward,Winger,1cu7fg8sf90isf9gp21e5fqh,ej5er0oyngdw138yuumwqbyqt,Bologna FC 1909,Bologna,Bologna,BOL,223966,1cu7fg8sf90isf9gp21e5fqh,123,ej5er0oyngdw138yuumwqbyqt
Richie Sagrado,513537.0,2.0,79.0,1.0,1.06,-0.06,2.0,1.0,50.0,0.53,Richie,Sagrado,2004-01-30,22.63,137.0,20.0,Defender,Full Back,amc2rculxvgo2wanilkna8s2c,565sm63rjm2y7xeae0dcdbtnu,Venezia FC,Venezia,Venezia,VEN,7.0,84.682,2.0,29.715,0.0,0.0,0.0,0.0,12.097,14.858,0.0,0.0,4.0,0.0,1.0,8.0,2.0,25.0,4.0,2.0,50.0,,,,,,,,,,513537.0,79.0,2.0,0.0,0.0,0.0,0.0,0.045,0.041,0.0,0.0,Richie,Sagrado,2004-01-30,22.63,137.0,20.0,Defender,Full Back,amc2rculxvgo2wanilkna8s2c,565sm63rjm2y7xeae0dcdbtnu,Venezia FC,Venezia,Venezia,VEN,513537.0,79.0,2.0,17.0,11.0,64.71,8.0,6.0,75.0,2.0,1.0,50.0,0.0,0.0,0.0,Richie,Sagrado,2004-01-30,22.63,137.0,20.0,Defender,Full Back,amc2rculxvgo2wanilkna8s2c,565sm63rjm2y7xeae0dcdbtnu,Venezia FC,Venezia,Venezia,VEN,513537,amc2rculxvgo2wanilkna8s2c,137,565sm63rjm2y7xeae0dcdbtnu
Ridgeciano Haps,148435.0,3.0,167.0,0.0,0.33,-0.33,1.0,1.0,0.0,0.33,Ridgeciano,Haps,1993-06-12,33.27,137.0,5.0,Defender,Wing Back,abk9geafxglsmnu9qhra8x1at,565sm63rjm2y7xeae0dcdbtnu,Venezia FC,Venezia,Venezia,VEN,20.0,235.365,7.0,46.095,0.0,0.0,1.0,0.0,11.768,6.585,2.0,2.0,7.0,1.0,5.0,12.0,8.0,66.667,6.0,2.0,33.333,,,,,,,,,,148435.0,167.0,3.0,2.0,2.0,5.0,0.0,0.092,0.091,0.0,0.0,Ridgeciano,Haps,1993-06-12,33.27,137.0,5.0,Defender,Wing Back,abk9geafxglsmnu9qhra8x1at,565sm63rjm2y7xeae0dcdbtnu,Venezia FC,Venezia,Venezia,VEN,148435.0,167.0,3.0,41.0,32.0,78.05,9.0,5.0,55.56,6.0,2.0,33.33,0.0,0.0,0.0,Ridgeciano,Haps,1993-06-12,33.27,137.0,5.0,Defender,Wing Back,abk9geafxglsmnu9qhra8x1at,565sm63rjm2y7xeae0dcdbtnu,Venezia FC,Venezia,Venezia,VEN,148435,abk9geafxglsmnu9qhra8x1at,137,565sm63rjm2y7xeae0dcdbtnu
Roberto Gagliardini,171152.0,1.0,16.0,0.0,0.0,0.0,0.0,0.0,0.0,0.0,Roberto,Gagliardini,1994-04-07,32.45,124.0,21.0,Midfielder,Central Midfielder,ci37qg2uu0z3nppxvn0z9034l,5rwlg5cfv1hu7yf0ek1zxpzy3,Cagliari Calcio,Cagliari,Cagliari,CAG,1.0,9.812,0.0,-0.63,0.0,0.0,0.0,0.0,9.812,0.0,0.0,2.0,2.0,0.0,3.0,0.0,0.0,0.0,0.0,0.0,0.0,,,,,,,,,,171152.0,16.0,1.0,1.0,1.0,11.11,0.0,0.011,0.011,0.0,0.0,Roberto,Gagliardini,1994-04-07,32.45,124.0,21.0,Midfielder,Central Midfielder,ci37qg2uu0z3nppxvn0z9034l,5rwlg5cfv1hu7yf0ek1zxpzy3,Cagliari Calcio,Cagliari,Cagliari,CAG,171152.0,16.0,1.0,9.0,7.0,77.78,3.0,2.0,66.67,0.0,0.0,0.0,0.0,0.0,0.0,Roberto,Gagliardini,1994-04-07,32.45,124.0,21.0,Midfielder,Central Midfielder,ci37qg2uu0z3nppxvn0z9034l,5rwlg5cfv1hu7yf0ek1zxpzy3,Cagliari Calcio,Cagliari,Cagliari,CAG,171152,ci37qg2uu0z3nppxvn0z9034l,124,5rwlg5cfv1hu7yf0ek1zxpzy3
Roberto Piccoli,226267.0,3.0,210.0,1.0,0.87,0.13,7.0,2.0,14.29,0.12,Roberto,Piccoli,2001-01-27,25.64,123.0,91.0,Forward,Striker,31b0dvddmki2b2zvumesyrx4a,ej5er0oyngdw138yuumwqbyqt,Bologna FC 1909,Bologna,Bologna,BOL,8.0,107.699,5.0,55.02,0.0,0.0,1.0,0.0,13.462,11.004,0.0,1.0,1.0,0.0,2.0,12.0,6.0,50.0,4.0,1.0,25.0,,,,,,,,,,226267.0,210.0,3.0,1.0,1.0,7.14,0.0,0.049,0.049,0.0,0.0,Roberto,Piccoli,2001-01-27,25.64,123.0,91.0,Forward,Striker,31b0dvddmki2b2zvumesyrx4a,ej5er0oyngdw138yuumwqbyqt,Bologna FC 1909,Bologna,Bologna,BOL,226267.0,210.0,3.0,19.0,18.0,94.74,11.0,10.0,90.91,0.0,0.0,0.0,0.0,0.0,0.0,Roberto,Piccoli,2001-01-27,25.64,123.0,91.0,Forward,Striker,31b0dvddmki2b2zvumesyrx4a,ej5er0oyngdw138yuumwqbyqt,Bologna FC 1909,Bologna,Bologna,BOL,226267,31b0dvddmki2b2zvumesyrx4a,123,ej5er0oyngdw138yuumwqbyqt
Robinio Vaz,631000.0,0.0,0.0,0.0,0.0,0.0,0.0,0.0,0.0,0.0,Robinio,Vaz,2007-02-17,19.58,121.0,78.0,Forward,Striker,631000,2tk2l9sgktwc9jhzqdd4mpdtb,AS Roma,Roma,Roma,ROM,0.0,0.0,0.0,0.0,0.0,0.0,0.0,0.0,0.0,0.0,0.0,0.0,0.0,0.0,0.0,0.0,0.0,0.0,0.0,0.0,0.0,,,,,,,,,,631000.0,0.0,0.0,0.0,0.0,0.0,0.0,0.0,0.0,0.0,0.0,Robinio,Vaz,2007-02-17,19.58,121.0,78.0,Forward,Striker,631000,2tk2l9sgktwc9jhzqdd4mpdtb,AS Roma,Roma,Roma,ROM,631000.0,0.0,0.0,0.0,0.0,0.0,0.0,0.0,0.0,0.0,0.0,0.0,0.0,0.0,0.0,Robinio,Vaz,2007-02-17,19.58,121.0,78.0,Forward,Striker,631000,2tk2l9sgktwc9jhzqdd4mpdtb,AS Roma,Roma,Roma,ROM,631000,631000,121,2tk2l9sgktwc9jhzqdd4mpdtb
Rodrigo Mora,593207.0,3.0,138.0,1.0,1.11,-0.11,9.0,3.0,11.11,0.12,Rodrigo,Mora de Carvalho,2007-05-05,19.37,121.0,86.0,Midfielder,Central Midfielder,8hebxu2r9uw6thv94bj5mum8k,2tk2l9sgktwc9jhzqdd4mpdtb,AS Roma,Roma,Roma,ROM,18.0,211.779,10.0,79.905,3.0,0.0,1.0,0.0,11.766,7.99,3.0,0.0,5.0,0.0,0.0,9.0,6.0,66.667,2.0,1.0,50.0,,,,,,,,,,593207.0,138.0,3.0,3.0,3.0,5.56,0.0,0.234,0.232,0.0,0.0,Rodrigo,Mora de Carvalho,2007-05-05,19.37,121.0,86.0,Midfielder,Central Midfielder,8hebxu2r9uw6thv94bj5mum8k,2tk2l9sgktwc9jhzqdd4mpdtb,AS Roma,Roma,Roma,ROM,593207.0,138.0,3.0,58.0,47.0,81.03,27.0,19.0,70.37,4.0,1.0,25.0,0.0,0.0,0.0,Rodrigo,Mora de Carvalho,2007-05-05,19.37,121.0,86.0,Midfielder,Central Midfielder,8hebxu2r9uw6thv94bj5mum8k,2tk2l9sgktwc9jhzqdd4mpdtb,AS Roma,Roma,Roma,ROM,593207,8hebxu2r9uw6thv94bj5mum8k,121,2tk2l9sgktwc9jhzqdd4mpdtb
Rolando Mandragora,182514.0,3.0,125.0,1.0,0.15,0.85,4.0,3.0,25.0,0.04,Rolando,Mandragora,1997-06-29,29.22,135.0,8.0,Midfielder,Central Midfielder,dpnp9rguhhs04of6vmlw5spg5,7gnly6999wao1xarwct4p8fe9,Torino FC,Torino,Torino,TOR,14.0,129.974,8.0,63.315,1.0,1.0,0.0,0.0,9.284,7.914,3.0,3.0,6.0,0.0,3.0,12.0,5.0,41.667,1.0,1.0,100.0,,,,,,,,,,182514.0,125.0,3.0,1.0,1.0,1.08,0.0,0.061,0.046,0.0,0.0,Rolando,Mandragora,1997-06-29,29.22,135.0,8.0,Midfielder,Central Midfielder,dpnp9rguhhs04of6vmlw5spg5,7gnly6999wao1xarwct4p8fe9,Torino FC,Torino,Torino,TOR,182514.0,125.0,3.0,103.0,94.0,91.26,26.0,22.0,84.62,1.0,0.0,0.0,0.0,0.0,0.0,Rolando,Mandragora,1997-06-29,29.22,135.0,8.0,Midfielder,Central Midfielder,dpnp9rguhhs04of6vmlw5spg5,7gnly6999wao1xarwct4p8fe9,Torino FC,Torino,Torino,TOR,182514,dpnp9rguhhs04of6vmlw5spg5,135,7gnly6999wao1xarwct4p8fe9
Romano Floriani Mussolini,556998.0,3.0,241.0,0.0,0.03,-0.03,1.0,0.0,0.0,0.03,Romano,Floriani Mussolini,2003-01-27,23.64,129.0,15.0,Defender,Full Back,d3dzhnj9na7marc0c4j0d1zbo,btcy9nra9ak4m22ovr2ia6m5v,SS Lazio,Lazio,Lazio,LAZ,25.0,336.808,12.0,188.58,0.0,0.0,0.0,0.0,13.472,15.715,6.0,3.0,10.0,2.0,6.0,16.0,7.0,43.75,3.0,2.0,66.667,,,,,,,,,,556998.0,241.0,3.0,1.0,1.0,0.85,0.0,0.046,0.045,0.0,0.0,Romano,Floriani Mussolini,2003-01-27,23.64,129.0,15.0,Defender,Full Back,d3dzhnj9na7marc0c4j0d1zbo,btcy9nra9ak4m22ovr2ia6m5v,SS Lazio,Lazio,Lazio,LAZ,556998.0,241.0,3.0,121.0,108.0,89.26,30.0,24.0,80.0,6.0,0.0,0.0,0.0,0.0,0.0,Romano,Floriani Mussolini,2003-01-27,23.64,129.0,15.0,Defender,Full Back,d3dzhnj9na7marc0c4j0d1zbo,btcy9nra9ak4m22ovr2ia6m5v,SS Lazio,Lazio,Lazio,LAZ,556998,d3dzhnj9na7marc0c4j0d1zbo,129,btcy9nra9ak4m22ovr2ia6m5v
Romano Schmid,228564.0,3.0,206.0,0.0,0.0,0.0,0.0,0.0,0.0,0.0,Romano,Schmid,2000-01-27,26.64,2037.0,10.0,Midfielder,Attacking Midfielder,b4q9q0qgmtz959rygieg9ln1l,5khizzei8z0qbb7exz622wxw3,Frosinone Calcio,Frosinone,Frosinone,FRO,16.0,175.241,9.0,99.645,0.0,0.0,0.0,0.0,10.953,11.072,2.0,0.0,5.0,0.0,2.0,16.0,6.0,37.5,3.0,1.0,33.333,,,,,,,,,,228564.0,206.0,3.0,0.0,0.0,0.0,0.0,0.043,0.043,0.0,0.0,Romano,Schmid,2000-01-27,26.64,2037.0,10.0,Midfielder,Attacking Midfielder,b4q9q0qgmtz959rygieg9ln1l,5khizzei8z0qbb7exz622wxw3,Frosinone Calcio,Frosinone,Frosinone,FRO,228564.0,206.0,3.0,66.0,46.0,69.7,31.0,19.0,61.29,1.0,0.0,0.0,0.0,0.0,0.0,Romano,Schmid,2000-01-27,26.64,2037.0,10.0,Midfielder,Attacking Midfielder,b4q9q0qgmtz959rygieg9ln1l,5khizzei8z0qbb7exz622wxw3,Frosinone Calcio,Frosinone,Frosinone,FRO,228564,b4q9q0qgmtz959rygieg9ln1l,2037,5khizzei8z0qbb7exz622wxw3
Ruben Loftus-Cheek,126187.0,3.0,144.0,0.0,0.23,-0.23,4.0,0.0,0.0,0.06,Ruben,Loftus-Cheek,1996-01-23,30.65,120.0,8.0,Midfielder,Central Midfielder,e6jaaazxqeczj6ziaj0qnqpxx,9dntj5dioj5ex52yrgwzxrq9l,AC Milan,Milan,Milan,MIL,13.0,198.578,10.0,162.855,0.0,0.0,2.0,0.0,15.275,16.285,0.0,0.0,1.0,1.0,0.0,9.0,3.0,33.333,6.0,1.0,16.667,,,,,,,,,,126187.0,144.0,3.0,6.0,6.0,10.53,0.0,0.206,0.206,0.0,0.0,Ruben,Loftus-Cheek,1996-01-23,30.65,120.0,8.0,Midfielder,Central Midfielder,e6jaaazxqeczj6ziaj0qnqpxx,9dntj5dioj5ex52yrgwzxrq9l,AC Milan,Milan,Milan,MIL,126187.0,144.0,3.0,57.0,56.0,98.25,18.0,18.0,100.0,2.0,2.0,100.0,0.0,0.0,0.0,Ruben,Loftus-Cheek,1996-01-23,30.65,120.0,8.0,Midfielder,Central Midfielder,e6jaaazxqeczj6ziaj0qnqpxx,9dntj5dioj5ex52yrgwzxrq9l,AC Milan,Milan,Milan,MIL,126187,e6jaaazxqeczj6ziaj0qnqpxx,120,9dntj5dioj5ex52yrgwzxrq9l
Saba Goglichidze,570983.0,0.0,0.0,0.0,0.0,0.0,0.0,0.0,0.0,0.0,Saba,Goglichidze,2004-06-25,22.23,742.0,2.0,Defender,Central Defender,570983,67z1gqyiuzpmmb15q5fy7ntc4,AC Monza,Monza,Monza,MON,0.0,0.0,0.0,0.0,0.0,0.0,0.0,0.0,0.0,0.0,0.0,0.0,0.0,0.0,0.0,0.0,0.0,0.0,0.0,0.0,0.0,,,,,,,,,,570983.0,0.0,0.0,0.0,0.0,0.0,0.0,0.0,0.0,0.0,0.0,Saba,Goglichidze,2004-06-25,22.23,742.0,2.0,Defender,Central Defender,570983,67z1gqyiuzpmmb15q5fy7ntc4,AC Monza,Monza,Monza,MON,570983.0,0.0,0.0,0.0,0.0,0.0,0.0,0.0,0.0,0.0,0.0,0.0,0.0,0.0,0.0,Saba,Goglichidze,2004-06-25,22.23,742.0,2.0,Defender,Central Defender,570983,67z1gqyiuzpmmb15q5fy7ntc4,AC Monza,Monza,Monza,MON,570983,570983,742,67z1gqyiuzpmmb15q5fy7ntc4
Sadik Fofana,546761.0,0.0,0.0,0.0,0.0,0.0,0.0,0.0,0.0,0.0,Sadik,Fofana,2003-05-16,23.34,130.0,8.0,Midfielder,Defensive Midfielder,546761,bi1fxjrncd0ram0oi7ja1jyuo,US Lecce,Lecce,Lecce,LEC,0.0,0.0,0.0,0.0,0.0,0.0,0.0,0.0,0.0,0.0,0.0,0.0,0.0,0.0,0.0,0.0,0.0,0.0,0.0,0.0,0.0,,,,,,,,,,546761.0,0.0,0.0,0.0,0.0,0.0,0.0,0.0,0.0,0.0,0.0,Sadik,Fofana,2003-05-16,23.34,130.0,8.0,Midfielder,Defensive Midfielder,546761,bi1fxjrncd0ram0oi7ja1jyuo,US Lecce,Lecce,Lecce,LEC,546761.0,0.0,0.0,0.0,0.0,0.0,0.0,0.0,0.0,0.0,0.0,0.0,0.0,0.0,0.0,Sadik,Fofana,2003-05-16,23.34,130.0,8.0,Midfielder,Defensive Midfielder,546761,bi1fxjrncd0ram0oi7ja1jyuo,US Lecce,Lecce,Lecce,LEC,546761,546761,130,bi1fxjrncd0ram0oi7ja1jyuo
Sam Beukema,433521.0,0.0,0.0,0.0,0.0,0.0,0.0,0.0,0.0,0.0,Sam,Beukema,1998-11-17,27.84,459.0,31.0,Defender,Central Defender,433521,gi0l1habji5hpgar77dl5jqe,SSC Napoli,Napoli,Napoli,NAP,0.0,0.0,0.0,0.0,0.0,0.0,0.0,0.0,0.0,0.0,0.0,0.0,0.0,0.0,0.0,0.0,0.0,0.0,0.0,0.0,0.0,,,,,,,,,,433521.0,0.0,0.0,0.0,0.0,0.0,0.0,0.0,0.0,0.0,0.0,Sam,Beukema,1998-11-17,27.84,459.0,31.0,Defender,Central Defender,433521,gi0l1habji5hpgar77dl5jqe,SSC Napoli,Napoli,Napoli,NAP,433521.0,0.0,0.0,0.0,0.0,0.0,0.0,0.0,0.0,0.0,0.0,0.0,0.0,0.0,0.0,Sam,Beukema,1998-11-17,27.84,459.0,31.0,Defender,Central Defender,433521,gi0l1habji5hpgar77dl5jqe,SSC Napoli,Napoli,Napoli,NAP,433521,433521,459,gi0l1habji5hpgar77dl5jqe
Samuel Chukwueze,218328.0,3.0,209.0,0.0,0.19,-0.19,3.0,2.0,0.0,0.06,Samuel,Chukwueze,1999-05-22,27.33,120.0,21.0,Forward,Winger,3bm08rp9rgzh6cjhk0picxs6h,9dntj5dioj5ex52yrgwzxrq9l,AC Milan,Milan,Milan,MIL,33.0,468.188,22.0,286.02,0.0,0.0,5.0,1.0,14.188,13.001,4.0,0.0,10.0,1.0,1.0,11.0,7.0,63.636,3.0,2.0,66.667,,,,,,,,,,218328.0,209.0,3.0,8.0,7.0,5.62,0.0,0.685,0.683,2.0,2.0,Samuel,Chukwueze,1999-05-22,27.33,120.0,21.0,Forward,Winger,3bm08rp9rgzh6cjhk0picxs6h,9dntj5dioj5ex52yrgwzxrq9l,AC Milan,Milan,Milan,MIL,218328.0,209.0,3.0,89.0,68.0,76.4,24.0,17.0,70.83,11.0,4.0,36.36,0.0,0.0,0.0,Samuel,Chukwueze,1999-05-22,27.33,120.0,21.0,Forward,Winger,3bm08rp9rgzh6cjhk0picxs6h,9dntj5dioj5ex52yrgwzxrq9l,AC Milan,Milan,Milan,MIL,218328,3bm08rp9rgzh6cjhk0picxs6h,120,9dntj5dioj5ex52yrgwzxrq9l
Samuel Mbangula,513536.0,1.0,4.0,0.0,0.0,0.0,0.0,0.0,0.0,0.0,Samuel,Mbangula,2004-01-16,22.67,123.0,11.0,Forward,Winger,58d87tochcm6hk4n6l7ua7jvu,ej5er0oyngdw138yuumwqbyqt,Bologna FC 1909,Bologna,Bologna,BOL,7.0,60.403,2.0,16.8,0.0,0.0,0.0,0.0,8.629,8.4,0.0,0.0,1.0,0.0,0.0,3.0,1.0,33.333,0.0,0.0,0.0,,,,,,,,,,513536.0,4.0,1.0,0.0,0.0,0.0,0.0,0.004,0.004,0.0,0.0,Samuel,Mbangula,2004-01-16,22.67,123.0,11.0,Forward,Winger,58d87tochcm6hk4n6l7ua7jvu,ej5er0oyngdw138yuumwqbyqt,Bologna FC 1909,Bologna,Bologna,BOL,513536.0,4.0,1.0,5.0,5.0,100.0,3.0,3.0,100.0,1.0,0.0,0.0,0.0,0.0,0.0,Samuel,Mbangula,2004-01-16,22.67,123.0,11.0,Forward,Winger,58d87tochcm6hk4n6l7ua7jvu,ej5er0oyngdw138yuumwqbyqt,Bologna FC 1909,Bologna,Bologna,BOL,513536,58d87tochcm6hk4n6l7ua7jvu,123,ej5er0oyngdw138yuumwqbyqt
Samuel Wiafe,613692.0,0.0,0.0,0.0,0.0,0.0,0.0,0.0,0.0,0.0,Samuel,Wiafe,2008-06-22,18.23,990.0,71.0,Midfielder,Central Midfielder,613692,4kumqzwifv478caxed8zywlh3,Genoa CFC,Genoa,Genoa,GEN,0.0,0.0,0.0,0.0,0.0,0.0,0.0,0.0,0.0,0.0,0.0,0.0,0.0,0.0,0.0,0.0,0.0,0.0,0.0,0.0,0.0,,,,,,,,,,613692.0,0.0,0.0,0.0,0.0,0.0,0.0,0.0,0.0,0.0,0.0,Samuel,Wiafe,2008-06-22,18.23,990.0,71.0,Midfielder,Central Midfielder,613692,4kumqzwifv478caxed8zywlh3,Genoa CFC,Genoa,Genoa,GEN,613692.0,0.0,0.0,0.0,0.0,0.0,0.0,0.0,0.0,0.0,0.0,0.0,0.0,0.0,0.0,Samuel,Wiafe,2008-06-22,18.23,990.0,71.0,Midfielder,Central Midfielder,613692,4kumqzwifv478caxed8zywlh3,Genoa CFC,Genoa,Genoa,GEN,613692,613692,990,4kumqzwifv478caxed8zywlh3
Samuele Birindelli,241711.0,3.0,264.0,0.0,0.32,-0.32,3.0,2.0,0.0,0.11,Samuele,Birindelli,1999-07-19,27.17,742.0,19.0,Defender,Wing Back,721e4tx2wrwb4kd9w80fcq19l,67z1gqyiuzpmmb15q5fy7ntc4,AC Monza,Monza,Monza,MON,17.0,211.721,11.0,127.47,0.0,0.0,2.0,0.0,12.454,11.588,3.0,2.0,14.0,0.0,5.0,12.0,5.0,41.667,3.0,1.0,33.333,,,,,,,,,,241711.0,264.0,3.0,3.0,2.0,2.78,33.33,0.335,0.33,0.0,0.0,Samuele,Birindelli,1999-07-19,27.17,742.0,19.0,Defender,Wing Back,721e4tx2wrwb4kd9w80fcq19l,67z1gqyiuzpmmb15q5fy7ntc4,AC Monza,Monza,Monza,MON,241711.0,264.0,3.0,74.0,60.0,81.08,35.0,28.0,80.0,8.0,2.0,25.0,0.0,0.0,0.0,Samuele,Birindelli,1999-07-19,27.17,742.0,19.0,Defender,Wing Back,721e4tx2wrwb4kd9w80fcq19l,67z1gqyiuzpmmb15q5fy7ntc4,AC Monza,Monza,Monza,MON,241711,721e4tx2wrwb4kd9w80fcq19l,742,67z1gqyiuzpmmb15q5fy7ntc4
Samuele Ricci,450023.0,1.0,10.0,0.0,0.06,-0.06,1.0,1.0,0.0,0.06,Samuele,Ricci,2001-08-21,25.07,1065.0,14.0,Midfielder,Defensive Midfielder,e2oeysariwd866ksilu3t4m7e,6uzfw7ahyxg4wrrfxo5u7qt0n,Calcio Como 1907,Como,Como,COM,0.0,0.0,0.0,0.0,0.0,0.0,0.0,0.0,0.0,0.0,1.0,0.0,0.0,0.0,0.0,2.0,1.0,50.0,0.0,0.0,0.0,,,,,,,,,,450023.0,10.0,1.0,0.0,0.0,0.0,0.0,0.0,0.0,0.0,0.0,Samuele,Ricci,2001-08-21,25.07,1065.0,14.0,Midfielder,Defensive Midfielder,e2oeysariwd866ksilu3t4m7e,6uzfw7ahyxg4wrrfxo5u7qt0n,Calcio Como 1907,Como,Como,COM,450023.0,10.0,1.0,4.0,4.0,100.0,0.0,0.0,0.0,0.0,0.0,0.0,0.0,0.0,0.0,Samuele,Ricci,2001-08-21,25.07,1065.0,14.0,Midfielder,Defensive Midfielder,e2oeysariwd866ksilu3t4m7e,6uzfw7ahyxg4wrrfxo5u7qt0n,Calcio Como 1907,Como,Como,COM,450023,e2oeysariwd866ksilu3t4m7e,1065,6uzfw7ahyxg4wrrfxo5u7qt0n
Sandi Lovric,191794.0,0.0,0.0,0.0,0.0,0.0,0.0,0.0,0.0,0.0,Sandi,Lovric,1998-03-28,28.48,136.0,4.0,Midfielder,Central Midfielder,191794,dxq76zcvnokq07cszdx0i6kve,Udinese Calcio,Udinese,Udinese,UDI,0.0,0.0,0.0,0.0,0.0,0.0,0.0,0.0,0.0,0.0,0.0,0.0,0.0,0.0,0.0,0.0,0.0,0.0,0.0,0.0,0.0,,,,,,,,,,191794.0,0.0,0.0,0.0,0.0,0.0,0.0,0.0,0.0,0.0,0.0,Sandi,Lovric,1998-03-28,28.48,136.0,4.0,Midfielder,Central Midfielder,191794,dxq76zcvnokq07cszdx0i6kve,Udinese Calcio,Udinese,Udinese,UDI,191794.0,0.0,0.0,0.0,0.0,0.0,0.0,0.0,0.0,0.0,0.0,0.0,0.0,0.0,0.0,Sandi,Lovric,1998-03-28,28.48,136.0,4.0,Midfielder,Central Midfielder,191794,dxq76zcvnokq07cszdx0i6kve,Udinese Calcio,Udinese,Udinese,UDI,191794,191794,136,dxq76zcvnokq07cszdx0i6kve
Sandro Kulenovic,235740.0,2.0,22.0,0.0,0.0,0.0,0.0,0.0,0.0,0.0,Sandro,Kulenovic,1999-12-04,26.79,135.0,17.0,Forward,Striker,2yuntws503qs5o9er31diwmp5,7gnly6999wao1xarwct4p8fe9,Torino FC,Torino,Torino,TOR,0.0,0.0,0.0,0.0,0.0,0.0,0.0,0.0,0.0,0.0,0.0,0.0,0.0,0.0,0.0,1.0,0.0,0.0,2.0,1.0,50.0,,,,,,,,,,235740.0,22.0,2.0,0.0,0.0,0.0,0.0,0.0,0.0,0.0,0.0,Sandro,Kulenovic,1999-12-04,26.79,135.0,17.0,Forward,Striker,2yuntws503qs5o9er31diwmp5,7gnly6999wao1xarwct4p8fe9,Torino FC,Torino,Torino,TOR,235740.0,22.0,2.0,1.0,0.0,0.0,1.0,0.0,0.0,0.0,0.0,0.0,0.0,0.0,0.0,Sandro,Kulenovic,1999-12-04,26.79,135.0,17.0,Forward,Striker,2yuntws503qs5o9er31diwmp5,7gnly6999wao1xarwct4p8fe9,Torino FC,Torino,Torino,TOR,235740,2yuntws503qs5o9er31diwmp5,135,7gnly6999wao1xarwct4p8fe9
Sankhoun Diawara,662133.0,0.0,0.0,0.0,0.0,0.0,0.0,0.0,0.0,0.0,Sankhoun,Diawara,2006-01-13,20.67,120.0,13.0,Defender,Central Defender,662133,9dntj5dioj5ex52yrgwzxrq9l,AC Milan,Milan,Milan,MIL,0.0,0.0,0.0,0.0,0.0,0.0,0.0,0.0,0.0,0.0,0.0,0.0,0.0,0.0,0.0,0.0,0.0,0.0,0.0,0.0,0.0,,,,,,,,,,662133.0,0.0,0.0,0.0,0.0,0.0,0.0,0.0,0.0,0.0,0.0,Sankhoun,Diawara,2006-01-13,20.67,120.0,13.0,Defender,Central Defender,662133,9dntj5dioj5ex52yrgwzxrq9l,AC Milan,Milan,Milan,MIL,662133.0,0.0,0.0,0.0,0.0,0.0,0.0,0.0,0.0,0.0,0.0,0.0,0.0,0.0,0.0,Sankhoun,Diawara,2006-01-13,20.67,120.0,13.0,Defender,Central Defender,662133,9dntj5dioj5ex52yrgwzxrq9l,AC Milan,Milan,Milan,MIL,662133,662133,120,9dntj5dioj5ex52yrgwzxrq9l
Santiago Castro,536690.0,3.0,72.0,0.0,0.69,-0.69,6.0,0.0,0.0,0.12,Santiago,Castro,2004-09-18,21.99,121.0,9.0,Forward,Striker,b9clhoz198r69kavhw4anymms,2tk2l9sgktwc9jhzqdd4mpdtb,AS Roma,Roma,Roma,ROM,5.0,47.432,2.0,13.23,1.0,0.0,0.0,0.0,9.486,6.615,1.0,1.0,2.0,0.0,1.0,10.0,4.0,40.0,1.0,1.0,100.0,,,,,,,,,,536690.0,72.0,3.0,2.0,2.0,16.67,0.0,0.142,0.142,0.0,0.0,Santiago,Castro,2004-09-18,21.99,121.0,9.0,Forward,Striker,b9clhoz198r69kavhw4anymms,2tk2l9sgktwc9jhzqdd4mpdtb,AS Roma,Roma,Roma,ROM,536690.0,72.0,3.0,12.0,11.0,91.67,6.0,6.0,100.0,2.0,0.0,0.0,0.0,0.0,0.0,Santiago,Castro,2004-09-18,21.99,121.0,9.0,Forward,Striker,b9clhoz198r69kavhw4anymms,2tk2l9sgktwc9jhzqdd4mpdtb,AS Roma,Roma,Roma,ROM,536690,b9clhoz198r69kavhw4anymms,121,2tk2l9sgktwc9jhzqdd4mpdtb
Santiago Pierotti,482466.0,3.0,243.0,0.0,0.48,-0.48,3.0,2.0,0.0,0.16,Santiago,Pierotti,2001-04-03,25.46,130.0,50.0,Forward,Winger,dy4p5raczhbmglfsu8n4xcdwq,bi1fxjrncd0ram0oi7ja1jyuo,US Lecce,Lecce,Lecce,LEC,29.0,345.02,15.0,166.845,1.0,0.0,1.0,0.0,11.897,11.123,8.0,2.0,17.0,0.0,4.0,27.0,11.0,40.741,8.0,6.0,75.0,,,,,,,,,,482466.0,243.0,3.0,2.0,2.0,2.63,0.0,0.339,0.339,0.0,0.0,Santiago,Pierotti,2001-04-03,25.46,130.0,50.0,Forward,Winger,dy4p5raczhbmglfsu8n4xcdwq,bi1fxjrncd0ram0oi7ja1jyuo,US Lecce,Lecce,Lecce,LEC,482466.0,243.0,3.0,78.0,63.0,80.77,26.0,20.0,76.92,2.0,0.0,0.0,2.0,1.0,50.0,Santiago,Pierotti,2001-04-03,25.46,130.0,50.0,Forward,Winger,dy4p5raczhbmglfsu8n4xcdwq,bi1fxjrncd0ram0oi7ja1jyuo,US Lecce,Lecce,Lecce,LEC,482466,dy4p5raczhbmglfsu8n4xcdwq,130,bi1fxjrncd0ram0oi7ja1jyuo
Sascha Britschgi,678583.0,2.0,161.0,0.0,0.0,0.0,0.0,0.0,0.0,0.0,Sascha,Britschgi,2006-08-27,20.05,131.0,27.0,Defender,0,9olzf630oclv41h41p5iunm6s,5aosfavi55p40c65lkriqnqnl,Parma Calcio 1913,Parma,Parma,PAR,9.0,90.055,4.0,31.29,0.0,0.0,0.0,0.0,10.006,7.822,3.0,0.0,6.0,0.0,2.0,14.0,6.0,42.857,6.0,3.0,50.0,,,,,,,,,,678583.0,161.0,2.0,0.0,0.0,0.0,0.0,0.04,0.04,0.0,0.0,Sascha,Britschgi,2006-08-27,20.05,131.0,27.0,Defender,0,9olzf630oclv41h41p5iunm6s,5aosfavi55p40c65lkriqnqnl,Parma Calcio 1913,Parma,Parma,PAR,678583.0,161.0,2.0,33.0,25.0,75.76,10.0,5.0,50.0,0.0,0.0,0.0,0.0,0.0,0.0,Sascha,Britschgi,2006-08-27,20.05,131.0,27.0,Defender,0,9olzf630oclv41h41p5iunm6s,5aosfavi55p40c65lkriqnqnl,Parma Calcio 1913,Parma,Parma,PAR,678583,9olzf630oclv41h41p5iunm6s,131,5aosfavi55p40c65lkriqnqnl
Saúl Coco,451565.0,3.0,220.0,0.0,0.27,-0.27,2.0,1.0,0.0,0.14,Saúl,Coco,1999-02-09,27.61,135.0,23.0,Defender,Central Defender,7vykym3hy0qf1rxw3yv58kxgq,7gnly6999wao1xarwct4p8fe9,Torino FC,Torino,Torino,TOR,27.0,258.905,13.0,112.77,0.0,0.0,0.0,0.0,9.589,8.675,3.0,0.0,7.0,2.0,16.0,8.0,4.0,50.0,5.0,3.0,60.0,,,,,,,,,,451565.0,220.0,3.0,1.0,1.0,0.57,0.0,0.033,0.033,0.0,0.0,Saúl,Coco,1999-02-09,27.61,135.0,23.0,Defender,Central Defender,7vykym3hy0qf1rxw3yv58kxgq,7gnly6999wao1xarwct4p8fe9,Torino FC,Torino,Torino,TOR,451565.0,220.0,3.0,179.0,169.0,94.41,19.0,16.0,84.21,0.0,0.0,0.0,0.0,0.0,0.0,Saúl,Coco,1999-02-09,27.61,135.0,23.0,Defender,Central Defender,7vykym3hy0qf1rxw3yv58kxgq,7gnly6999wao1xarwct4p8fe9,Torino FC,Torino,Torino,TOR,451565,7vykym3hy0qf1rxw3yv58kxgq,135,7gnly6999wao1xarwct4p8fe9
Scott McTominay,195851.0,2.0,146.0,0.0,0.31,-0.31,2.0,1.0,0.0,0.15,Scott,McTominay,1996-12-08,29.78,459.0,8.0,Midfielder,Central Midfielder,9fvo9v5e9r0ptibied6ejv3zd,gi0l1habji5hpgar77dl5jqe,SSC Napoli,Napoli,Napoli,NAP,20.0,168.443,9.0,68.775,0.0,0.0,1.0,0.0,8.422,7.642,0.0,2.0,3.0,2.0,3.0,8.0,1.0,12.5,1.0,1.0,100.0,,,,,,,,,,195851.0,146.0,2.0,3.0,2.0,4.0,0.0,0.022,0.022,0.0,0.0,Scott,McTominay,1996-12-08,29.78,459.0,8.0,Midfielder,Central Midfielder,9fvo9v5e9r0ptibied6ejv3zd,gi0l1habji5hpgar77dl5jqe,SSC Napoli,Napoli,Napoli,NAP,195851.0,146.0,2.0,50.0,45.0,90.0,17.0,15.0,88.24,1.0,0.0,0.0,0.0,0.0,0.0,Scott,McTominay,1996-12-08,29.78,459.0,8.0,Midfielder,Central Midfielder,9fvo9v5e9r0ptibied6ejv3zd,gi0l1habji5hpgar77dl5jqe,SSC Napoli,Napoli,Napoli,NAP,195851,9fvo9v5e9r0ptibied6ejv3zd,459,gi0l1habji5hpgar77dl5jqe
Sead Kolasinac,111457.0,3.0,170.0,0.0,0.0,0.0,0.0,0.0,0.0,0.0,Sead,Kolasinac,1993-06-20,33.25,456.0,23.0,Defender,Full Back,9j742o5vdc7d54x1xdz4t9ck5,e75syeuawg3ql8nwpi3vr2btz,Atalanta Bergamasca Calcio,Atalanta,Atalanta,ATA,7.0,65.689,2.0,21.63,0.0,0.0,0.0,0.0,9.384,10.815,1.0,1.0,10.0,2.0,4.0,7.0,3.0,42.857,2.0,1.0,50.0,,,,,,,,,,111457.0,170.0,3.0,0.0,0.0,0.0,0.0,0.028,0.026,0.0,0.0,Sead,Kolasinac,1993-06-20,33.25,456.0,23.0,Defender,Full Back,9j742o5vdc7d54x1xdz4t9ck5,e75syeuawg3ql8nwpi3vr2btz,Atalanta Bergamasca Calcio,Atalanta,Atalanta,ATA,111457.0,170.0,3.0,72.0,60.0,83.33,11.0,9.0,81.82,0.0,0.0,0.0,0.0,0.0,0.0,Sead,Kolasinac,1993-06-20,33.25,456.0,23.0,Defender,Full Back,9j742o5vdc7d54x1xdz4t9ck5,e75syeuawg3ql8nwpi3vr2btz,Atalanta Bergamasca Calcio,Atalanta,Atalanta,ATA,111457,9j742o5vdc7d54x1xdz4t9ck5,456,e75syeuawg3ql8nwpi3vr2btz
Sebastian Otoa,594234.0,1.0,24.0,0.0,0.0,0.0,0.0,0.0,0.0,0.0,Sebastian,Otoa,2004-05-13,22.35,990.0,34.0,Defender,Central Defender,dq2eqqywinhsh9ijg8amqyp78,4kumqzwifv478caxed8zywlh3,Genoa CFC,Genoa,Genoa,GEN,1.0,12.536,1.0,8.82,0.0,0.0,0.0,0.0,12.536,8.82,0.0,0.0,0.0,0.0,0.0,0.0,0.0,0.0,1.0,1.0,100.0,,,,,,,,,,594234.0,24.0,1.0,0.0,0.0,0.0,0.0,0.0,0.0,0.0,0.0,Sebastian,Otoa,2004-05-13,22.35,990.0,34.0,Defender,Central Defender,dq2eqqywinhsh9ijg8amqyp78,4kumqzwifv478caxed8zywlh3,Genoa CFC,Genoa,Genoa,GEN,594234.0,24.0,1.0,7.0,5.0,71.43,0.0,0.0,0.0,0.0,0.0,0.0,0.0,0.0,0.0,Sebastian,Otoa,2004-05-13,22.35,990.0,34.0,Defender,Central Defender,dq2eqqywinhsh9ijg8amqyp78,4kumqzwifv478caxed8zywlh3,Genoa CFC,Genoa,Genoa,GEN,594234,dq2eqqywinhsh9ijg8amqyp78,990,4kumqzwifv478caxed8zywlh3
Sebastiano Esposito,465661.0,0.0,0.0,0.0,0.0,0.0,0.0,0.0,0.0,0.0,Sebastiano,Esposito,2002-07-02,24.21,2182.0,94.0,Forward,Second Striker,465661,6tuibxq39fdryu8ou06wcm0q3,US Sassuolo Calcio,Sassuolo,Sassuolo,SAS,0.0,0.0,0.0,0.0,0.0,0.0,0.0,0.0,0.0,0.0,0.0,0.0,0.0,0.0,0.0,0.0,0.0,0.0,0.0,0.0,0.0,,,,,,,,,,465661.0,0.0,0.0,0.0,0.0,0.0,0.0,0.0,0.0,0.0,0.0,Sebastiano,Esposito,2002-07-02,24.21,2182.0,94.0,Forward,Second Striker,465661,6tuibxq39fdryu8ou06wcm0q3,US Sassuolo Calcio,Sassuolo,Sassuolo,SAS,465661.0,0.0,0.0,0.0,0.0,0.0,0.0,0.0,0.0,0.0,0.0,0.0,0.0,0.0,0.0,Sebastiano,Esposito,2002-07-02,24.21,2182.0,94.0,Forward,Second Striker,465661,6tuibxq39fdryu8ou06wcm0q3,US Sassuolo Calcio,Sassuolo,Sassuolo,SAS,465661,465661,2182,6tuibxq39fdryu8ou06wcm0q3
Semuel Pizzignacco,,,,,,,,,,,,,,,,,,,,,,,,,,,,,,,,,,,,,,,,,,,,,,270.0,33.0,0.0,4.0,1.0,20.0,-2.45,0.25,1.55,,,,,,,,,,,,,,,,,,,,,,,,,,,,,,,,,,,,,,,,,,,,,,,,,,,,,,,444455,40rsjcp9bgu6pt4bf2qrczyp6,742,67z1gqyiuzpmmb15q5fy7ntc4
Seydou Fini,589998.0,3.0,161.0,0.0,0.19,-0.19,2.0,1.0,0.0,0.09,Seydou,Fini,2006-06-02,20.29,2037.0,40.0,Forward,Winger,dx7fg77tfqytimfiixw9tyfx0,5khizzei8z0qbb7exz622wxw3,Frosinone Calcio,Frosinone,Frosinone,FRO,14.0,179.436,10.0,123.585,1.0,0.0,0.0,0.0,12.817,12.358,2.0,1.0,6.0,0.0,0.0,11.0,6.0,54.545,2.0,0.0,0.0,,,,,,,,,,589998.0,161.0,3.0,0.0,0.0,0.0,0.0,0.009,0.009,0.0,0.0,Seydou,Fini,2006-06-02,20.29,2037.0,40.0,Forward,Winger,dx7fg77tfqytimfiixw9tyfx0,5khizzei8z0qbb7exz622wxw3,Frosinone Calcio,Frosinone,Frosinone,FRO,589998.0,161.0,3.0,18.0,13.0,72.22,8.0,5.0,62.5,1.0,0.0,0.0,0.0,0.0,0.0,Seydou,Fini,2006-06-02,20.29,2037.0,40.0,Forward,Winger,dx7fg77tfqytimfiixw9tyfx0,5khizzei8z0qbb7exz622wxw3,Frosinone Calcio,Frosinone,Frosinone,FRO,589998,dx7fg77tfqytimfiixw9tyfx0,2037,5khizzei8z0qbb7exz622wxw3
Simon Sohm,449790.0,2.0,70.0,0.0,0.0,0.0,0.0,0.0,0.0,0.0,Simon,Sohm,2001-04-11,25.44,137.0,19.0,Midfielder,Central Midfielder,87kiw3scnrpt6t0hsaqkgvpey,565sm63rjm2y7xeae0dcdbtnu,Venezia FC,Venezia,Venezia,VEN,5.0,64.766,2.0,40.635,0.0,0.0,0.0,0.0,12.953,20.318,0.0,0.0,2.0,0.0,0.0,2.0,0.0,0.0,4.0,2.0,50.0,,,,,,,,,,449790.0,70.0,2.0,2.0,2.0,9.52,0.0,0.015,0.015,0.0,0.0,Simon,Sohm,2001-04-11,25.44,137.0,19.0,Midfielder,Central Midfielder,87kiw3scnrpt6t0hsaqkgvpey,565sm63rjm2y7xeae0dcdbtnu,Venezia FC,Venezia,Venezia,VEN,449790.0,70.0,2.0,21.0,16.0,76.19,5.0,3.0,60.0,0.0,0.0,0.0,0.0,0.0,0.0,Simon,Sohm,2001-04-11,25.44,137.0,19.0,Midfielder,Central Midfielder,87kiw3scnrpt6t0hsaqkgvpey,565sm63rjm2y7xeae0dcdbtnu,Venezia FC,Venezia,Venezia,VEN,449790,87kiw3scnrpt6t0hsaqkgvpey,137,565sm63rjm2y7xeae0dcdbtnu
Simone Cinquegrano,704987.0,3.0,270.0,0.0,0.32,-0.32,4.0,1.0,0.0,0.08,Simone,Cinquegrano,2004-06-25,22.23,2182.0,46.0,Midfielder,Central Midfielder,atuelrskb8akyh9076gar89p0,6tuibxq39fdryu8ou06wcm0q3,US Sassuolo Calcio,Sassuolo,Sassuolo,SAS,21.0,275.364,16.0,200.34,0.0,0.0,0.0,0.0,13.113,12.521,2.0,2.0,11.0,2.0,11.0,14.0,6.0,42.857,3.0,2.0,66.667,,,,,,,,,,704987.0,270.0,3.0,1.0,1.0,0.92,0.0,0.084,0.081,0.0,0.0,Simone,Cinquegrano,2004-06-25,22.23,2182.0,46.0,Midfielder,Central Midfielder,atuelrskb8akyh9076gar89p0,6tuibxq39fdryu8ou06wcm0q3,US Sassuolo Calcio,Sassuolo,Sassuolo,SAS,704987.0,270.0,3.0,112.0,98.0,87.5,42.0,35.0,83.33,8.0,1.0,12.5,0.0,0.0,0.0,Simone,Cinquegrano,2004-06-25,22.23,2182.0,46.0,Midfielder,Central Midfielder,atuelrskb8akyh9076gar89p0,6tuibxq39fdryu8ou06wcm0q3,US Sassuolo Calcio,Sassuolo,Sassuolo,SAS,704987,atuelrskb8akyh9076gar89p0,2182,6tuibxq39fdryu8ou06wcm0q3
Simone Lontani,631127.0,3.0,172.0,1.0,0.31,0.69,3.0,2.0,33.33,0.1,Simone,Lontani,2008-01-18,18.66,131.0,76.0,Forward,0,b294k1gu7hwp7dpcq01vjb3mc,5aosfavi55p40c65lkriqnqnl,Parma Calcio 1913,Parma,Parma,PAR,16.0,191.801,10.0,114.03,1.0,0.0,0.0,0.0,11.988,11.403,2.0,1.0,3.0,0.0,1.0,19.0,12.0,63.158,3.0,1.0,33.333,,,,,,,,,,631127.0,172.0,3.0,1.0,0.0,0.0,100.0,0.086,0.01,0.0,0.0,Simone,Lontani,2008-01-18,18.66,131.0,76.0,Forward,0,b294k1gu7hwp7dpcq01vjb3mc,5aosfavi55p40c65lkriqnqnl,Parma Calcio 1913,Parma,Parma,PAR,631127.0,172.0,3.0,45.0,32.0,71.11,13.0,6.0,46.15,2.0,0.0,0.0,0.0,0.0,0.0,Simone,Lontani,2008-01-18,18.66,131.0,76.0,Forward,0,b294k1gu7hwp7dpcq01vjb3mc,5aosfavi55p40c65lkriqnqnl,Parma Calcio 1913,Parma,Parma,PAR,631127,b294k1gu7hwp7dpcq01vjb3mc,131,5aosfavi55p40c65lkriqnqnl
Simone Panada,487989.0,0.0,0.0,0.0,0.0,0.0,0.0,0.0,0.0,0.0,Simone,Panada,2002-06-02,24.29,137.0,55.0,Midfielder,Defensive Midfielder,487989,565sm63rjm2y7xeae0dcdbtnu,Venezia FC,Venezia,Venezia,VEN,0.0,0.0,0.0,0.0,0.0,0.0,0.0,0.0,0.0,0.0,0.0,0.0,0.0,0.0,0.0,0.0,0.0,0.0,0.0,0.0,0.0,,,,,,,,,,487989.0,0.0,0.0,0.0,0.0,0.0,0.0,0.0,0.0,0.0,0.0,Simone,Panada,2002-06-02,24.29,137.0,55.0,Midfielder,Defensive Midfielder,487989,565sm63rjm2y7xeae0dcdbtnu,Venezia FC,Venezia,Venezia,VEN,487989.0,0.0,0.0,0.0,0.0,0.0,0.0,0.0,0.0,0.0,0.0,0.0,0.0,0.0,0.0,Simone,Panada,2002-06-02,24.29,137.0,55.0,Midfielder,Defensive Midfielder,487989,565sm63rjm2y7xeae0dcdbtnu,Venezia FC,Venezia,Venezia,VEN,487989,487989,137,565sm63rjm2y7xeae0dcdbtnu
Solomon Loubao,664879.0,0.0,0.0,0.0,0.0,0.0,0.0,0.0,0.0,0.0,Solomon,Loubao,2005-12-03,20.79,742.0,22.0,Forward,Striker,664879,67z1gqyiuzpmmb15q5fy7ntc4,AC Monza,Monza,Monza,MON,0.0,0.0,0.0,0.0,0.0,0.0,0.0,0.0,0.0,0.0,0.0,0.0,0.0,0.0,0.0,0.0,0.0,0.0,0.0,0.0,0.0,,,,,,,,,,664879.0,0.0,0.0,0.0,0.0,0.0,0.0,0.0,0.0,0.0,0.0,Solomon,Loubao,2005-12-03,20.79,742.0,22.0,Forward,Striker,664879,67z1gqyiuzpmmb15q5fy7ntc4,AC Monza,Monza,Monza,MON,664879.0,0.0,0.0,0.0,0.0,0.0,0.0,0.0,0.0,0.0,0.0,0.0,0.0,0.0,0.0,Solomon,Loubao,2005-12-03,20.79,742.0,22.0,Forward,Striker,664879,67z1gqyiuzpmmb15q5fy7ntc4,AC Monza,Monza,Monza,MON,664879,664879,742,67z1gqyiuzpmmb15q5fy7ntc4
Stanislav Lobotka,101820.0,3.0,259.0,0.0,0.16,-0.16,3.0,1.0,0.0,0.05,Stanislav,Lobotka,1994-11-25,31.82,459.0,68.0,Midfielder,Defensive Midfielder,9y8fnvazj02vy31ljx3du0d79,gi0l1habji5hpgar77dl5jqe,SSC Napoli,Napoli,Napoli,NAP,35.0,399.792,18.0,185.01,0.0,0.0,0.0,0.0,11.423,10.278,5.0,2.0,18.0,1.0,5.0,17.0,10.0,58.824,3.0,0.0,0.0,,,,,,,,,,101820.0,259.0,3.0,1.0,1.0,0.68,0.0,0.305,0.304,0.0,0.0,Stanislav,Lobotka,1994-11-25,31.82,459.0,68.0,Midfielder,Defensive Midfielder,9y8fnvazj02vy31ljx3du0d79,gi0l1habji5hpgar77dl5jqe,SSC Napoli,Napoli,Napoli,NAP,101820.0,259.0,3.0,150.0,139.0,92.67,57.0,54.0,94.74,1.0,0.0,0.0,0.0,0.0,0.0,Stanislav,Lobotka,1994-11-25,31.82,459.0,68.0,Midfielder,Defensive Midfielder,9y8fnvazj02vy31ljx3du0d79,gi0l1habji5hpgar77dl5jqe,SSC Napoli,Napoli,Napoli,NAP,101820,9y8fnvazj02vy31ljx3du0d79,459,gi0l1habji5hpgar77dl5jqe
Stefano Sabelli,126488.0,1.0,45.0,0.0,0.0,0.0,0.0,0.0,0.0,0.0,Stefano,Sabelli,1993-01-13,33.68,990.0,20.0,Defender,Full Back,8psio8fqce76uinoqpilzxsd1,4kumqzwifv478caxed8zywlh3,Genoa CFC,Genoa,Genoa,GEN,1.0,8.976,1.0,8.925,0.0,0.0,0.0,0.0,8.976,8.925,0.0,2.0,0.0,0.0,1.0,4.0,1.0,25.0,1.0,1.0,100.0,,,,,,,,,,126488.0,45.0,1.0,0.0,0.0,0.0,0.0,0.002,0.002,0.0,0.0,Stefano,Sabelli,1993-01-13,33.68,990.0,20.0,Defender,Full Back,8psio8fqce76uinoqpilzxsd1,4kumqzwifv478caxed8zywlh3,Genoa CFC,Genoa,Genoa,GEN,126488.0,45.0,1.0,8.0,5.0,62.5,3.0,2.0,66.67,1.0,0.0,0.0,0.0,0.0,0.0,Stefano,Sabelli,1993-01-13,33.68,990.0,20.0,Defender,Full Back,8psio8fqce76uinoqpilzxsd1,4kumqzwifv478caxed8zywlh3,Genoa CFC,Genoa,Genoa,GEN,126488,8psio8fqce76uinoqpilzxsd1,990,4kumqzwifv478caxed8zywlh3
Stephan El Shaarawy,58928.0,0.0,0.0,0.0,0.0,0.0,0.0,0.0,0.0,0.0,Stephan,El Shaarawy,1992-10-27,33.9,990.0,0.0,Forward,Winger,58928,4kumqzwifv478caxed8zywlh3,Genoa CFC,Genoa,Genoa,GEN,0.0,0.0,0.0,0.0,0.0,0.0,0.0,0.0,0.0,0.0,0.0,0.0,0.0,0.0,0.0,0.0,0.0,0.0,0.0,0.0,0.0,,,,,,,,,,58928.0,0.0,0.0,0.0,0.0,0.0,0.0,0.0,0.0,0.0,0.0,Stephan,El Shaarawy,1992-10-27,33.9,990.0,0.0,Forward,Winger,58928,4kumqzwifv478caxed8zywlh3,Genoa CFC,Genoa,Genoa,GEN,58928.0,0.0,0.0,0.0,0.0,0.0,0.0,0.0,0.0,0.0,0.0,0.0,0.0,0.0,0.0,Stephan,El Shaarawy,1992-10-27,33.9,990.0,0.0,Forward,Winger,58928,4kumqzwifv478caxed8zywlh3,Genoa CFC,Genoa,Genoa,GEN,58928,58928,990,4kumqzwifv478caxed8zywlh3
Strahinja Pavlovic,487606.0,3.0,270.0,0.0,0.04,-0.04,1.0,0.0,0.0,0.04,Strahinja,Pavlovic,2001-05-24,25.32,120.0,31.0,Defender,Central Defender,7wjdqyl3bkhsfca5cu4riwley,9dntj5dioj5ex52yrgwzxrq9l,AC Milan,Milan,Milan,MIL,37.0,332.081,16.0,104.37,0.0,0.0,0.0,0.0,8.975,6.523,11.0,1.0,14.0,1.0,16.0,25.0,18.0,72.0,10.0,7.0,70.0,,,,,,,,,,487606.0,270.0,3.0,0.0,0.0,0.0,0.0,0.023,0.023,0.0,0.0,Strahinja,Pavlovic,2001-05-24,25.32,120.0,31.0,Defender,Central Defender,7wjdqyl3bkhsfca5cu4riwley,9dntj5dioj5ex52yrgwzxrq9l,AC Milan,Milan,Milan,MIL,487606.0,270.0,3.0,178.0,161.0,90.45,13.0,10.0,76.92,0.0,0.0,0.0,0.0,0.0,0.0,Strahinja,Pavlovic,2001-05-24,25.32,120.0,31.0,Defender,Central Defender,7wjdqyl3bkhsfca5cu4riwley,9dntj5dioj5ex52yrgwzxrq9l,AC Milan,Milan,Milan,MIL,487606,7wjdqyl3bkhsfca5cu4riwley,120,9dntj5dioj5ex52yrgwzxrq9l
Sulayman Jallow,703923.0,0.0,0.0,0.0,0.0,0.0,0.0,0.0,0.0,0.0,Sulayman,Jallow,2007-05-04,19.37,125.0,71.0,Forward,Striker,703923,4raiad4l2j5lkfaz92pk4osb,ACF Fiorentina,Fiorentina,Fiorentina,FIO,0.0,0.0,0.0,0.0,0.0,0.0,0.0,0.0,0.0,0.0,0.0,0.0,0.0,0.0,0.0,0.0,0.0,0.0,0.0,0.0,0.0,,,,,,,,,,703923.0,0.0,0.0,0.0,0.0,0.0,0.0,0.0,0.0,0.0,0.0,Sulayman,Jallow,2007-05-04,19.37,125.0,71.0,Forward,Striker,703923,4raiad4l2j5lkfaz92pk4osb,ACF Fiorentina,Fiorentina,Fiorentina,FIO,703923.0,0.0,0.0,0.0,0.0,0.0,0.0,0.0,0.0,0.0,0.0,0.0,0.0,0.0,0.0,Sulayman,Jallow,2007-05-04,19.37,125.0,71.0,Forward,Striker,703923,4raiad4l2j5lkfaz92pk4osb,ACF Fiorentina,Fiorentina,Fiorentina,FIO,703923,703923,125,4raiad4l2j5lkfaz92pk4osb
Tasos Douvikas,433634.0,3.0,246.0,2.0,1.4,0.6,10.0,5.0,20.0,0.14,Tasos,Douvikas,1999-08-02,27.13,1065.0,9.0,Forward,Striker,1p0xp2onnys7jlru55vfgf1pm,6uzfw7ahyxg4wrrfxo5u7qt0n,Calcio Como 1907,Como,Como,COM,17.0,187.472,10.0,55.755,2.0,0.0,1.0,0.0,11.028,5.576,0.0,0.0,1.0,0.0,2.0,18.0,10.0,55.556,15.0,6.0,40.0,,,,,,,,,,433634.0,246.0,3.0,3.0,3.0,8.82,0.0,0.172,0.172,0.0,0.0,Tasos,Douvikas,1999-08-02,27.13,1065.0,9.0,Forward,Striker,1p0xp2onnys7jlru55vfgf1pm,6uzfw7ahyxg4wrrfxo5u7qt0n,Calcio Como 1907,Como,Como,COM,433634.0,246.0,3.0,39.0,26.0,66.67,13.0,10.0,76.92,0.0,0.0,0.0,0.0,0.0,0.0,Tasos,Douvikas,1999-08-02,27.13,1065.0,9.0,Forward,Striker,1p0xp2onnys7jlru55vfgf1pm,6uzfw7ahyxg4wrrfxo5u7qt0n,Calcio Como 1907,Como,Como,COM,433634,1p0xp2onnys7jlru55vfgf1pm,1065,6uzfw7ahyxg4wrrfxo5u7qt0n
Teun Koopmeiners,204644.0,3.0,41.0,1.0,0.14,0.86,3.0,1.0,33.33,0.05,Teun,Koopmeiners,1998-02-28,28.55,128.0,8.0,Midfielder,Defensive Midfielder,2ugzqrpaooto1r24a6kvqf2ll,bqbbqm98ud8obe45ds9ohgyrd,Juventus FC,Juventus,Juventus,JUV,6.0,91.703,6.0,83.265,1.0,1.0,1.0,1.0,15.284,13.878,0.0,1.0,5.0,0.0,1.0,2.0,0.0,0.0,3.0,1.0,33.333,,,,,,,,,,204644.0,41.0,3.0,1.0,0.0,0.0,0.0,0.217,0.214,1.0,0.0,Teun,Koopmeiners,1998-02-28,28.55,128.0,8.0,Midfielder,Defensive Midfielder,2ugzqrpaooto1r24a6kvqf2ll,bqbbqm98ud8obe45ds9ohgyrd,Juventus FC,Juventus,Juventus,JUV,204644.0,41.0,3.0,26.0,23.0,88.46,10.0,8.0,80.0,2.0,1.0,50.0,0.0,0.0,0.0,Teun,Koopmeiners,1998-02-28,28.55,128.0,8.0,Midfielder,Defensive Midfielder,2ugzqrpaooto1r24a6kvqf2ll,bqbbqm98ud8obe45ds9ohgyrd,Juventus FC,Juventus,Juventus,JUV,204644,2ugzqrpaooto1r24a6kvqf2ll,128,bqbbqm98ud8obe45ds9ohgyrd
Thierry Correia,222629.0,2.0,88.0,0.0,0.18,-0.18,3.0,1.0,0.0,0.06,Thierry,Rendall Correia,1999-03-09,27.53,137.0,14.0,Defender,Full Back,8vmrboswsfyb5bfoq07s6susp,565sm63rjm2y7xeae0dcdbtnu,Venezia FC,Venezia,Venezia,VEN,13.0,159.644,8.0,122.01,0.0,0.0,0.0,0.0,12.28,15.251,3.0,0.0,10.0,1.0,0.0,12.0,4.0,33.333,0.0,0.0,0.0,,,,,,,,,,222629.0,88.0,2.0,1.0,1.0,2.94,0.0,0.052,0.051,0.0,0.0,Thierry,Rendall Correia,1999-03-09,27.53,137.0,14.0,Defender,Full Back,8vmrboswsfyb5bfoq07s6susp,565sm63rjm2y7xeae0dcdbtnu,Venezia FC,Venezia,Venezia,VEN,222629.0,88.0,2.0,34.0,23.0,67.65,17.0,11.0,64.71,4.0,1.0,25.0,1.0,0.0,0.0,Thierry,Rendall Correia,1999-03-09,27.53,137.0,14.0,Defender,Full Back,8vmrboswsfyb5bfoq07s6susp,565sm63rjm2y7xeae0dcdbtnu,Venezia FC,Venezia,Venezia,VEN,222629,8vmrboswsfyb5bfoq07s6susp,137,565sm63rjm2y7xeae0dcdbtnu
Thomas Kristensen,513425.0,0.0,0.0,0.0,0.0,0.0,0.0,0.0,0.0,0.0,Thomas,Kristensen,2002-01-17,24.67,456.0,31.0,Defender,Central Defender,513425,e75syeuawg3ql8nwpi3vr2btz,Atalanta Bergamasca Calcio,Atalanta,Atalanta,ATA,0.0,0.0,0.0,0.0,0.0,0.0,0.0,0.0,0.0,0.0,0.0,0.0,0.0,0.0,0.0,0.0,0.0,0.0,0.0,0.0,0.0,,,,,,,,,,513425.0,0.0,0.0,0.0,0.0,0.0,0.0,0.0,0.0,0.0,0.0,Thomas,Kristensen,2002-01-17,24.67,456.0,31.0,Defender,Central Defender,513425,e75syeuawg3ql8nwpi3vr2btz,Atalanta Bergamasca Calcio,Atalanta,Atalanta,ATA,513425.0,0.0,0.0,0.0,0.0,0.0,0.0,0.0,0.0,0.0,0.0,0.0,0.0,0.0,0.0,Thomas,Kristensen,2002-01-17,24.67,456.0,31.0,Defender,Central Defender,513425,e75syeuawg3ql8nwpi3vr2btz,Atalanta Bergamasca Calcio,Atalanta,Atalanta,ATA,513425,513425,456,e75syeuawg3ql8nwpi3vr2btz
Thomás de Martis,659246.0,0.0,0.0,0.0,0.0,0.0,0.0,0.0,0.0,0.0,Thomás,de Martis,2008-06-26,18.22,131.0,25.0,Forward,Striker,659246,5aosfavi55p40c65lkriqnqnl,Parma Calcio 1913,Parma,Parma,PAR,0.0,0.0,0.0,0.0,0.0,0.0,0.0,0.0,0.0,0.0,0.0,0.0,0.0,0.0,0.0,0.0,0.0,0.0,0.0,0.0,0.0,,,,,,,,,,659246.0,0.0,0.0,0.0,0.0,0.0,0.0,0.0,0.0,0.0,0.0,Thomás,de Martis,2008-06-26,18.22,131.0,25.0,Forward,Striker,659246,5aosfavi55p40c65lkriqnqnl,Parma Calcio 1913,Parma,Parma,PAR,659246.0,0.0,0.0,0.0,0.0,0.0,0.0,0.0,0.0,0.0,0.0,0.0,0.0,0.0,0.0,Thomás,de Martis,2008-06-26,18.22,131.0,25.0,Forward,Striker,659246,5aosfavi55p40c65lkriqnqnl,Parma Calcio 1913,Parma,Parma,PAR,659246,659246,131,5aosfavi55p40c65lkriqnqnl
Thórir Helgason,449122.0,0.0,0.0,0.0,0.0,0.0,0.0,0.0,0.0,0.0,Thórir,Helgason,2000-09-28,25.97,137.0,21.0,Midfielder,Central Midfielder,449122,565sm63rjm2y7xeae0dcdbtnu,Venezia FC,Venezia,Venezia,VEN,0.0,0.0,0.0,0.0,0.0,0.0,0.0,0.0,0.0,0.0,0.0,0.0,0.0,0.0,0.0,0.0,0.0,0.0,0.0,0.0,0.0,,,,,,,,,,449122.0,0.0,0.0,0.0,0.0,0.0,0.0,0.0,0.0,0.0,0.0,Thórir,Helgason,2000-09-28,25.97,137.0,21.0,Midfielder,Central Midfielder,449122,565sm63rjm2y7xeae0dcdbtnu,Venezia FC,Venezia,Venezia,VEN,449122.0,0.0,0.0,0.0,0.0,0.0,0.0,0.0,0.0,0.0,0.0,0.0,0.0,0.0,0.0,Thórir,Helgason,2000-09-28,25.97,137.0,21.0,Midfielder,Central Midfielder,449122,565sm63rjm2y7xeae0dcdbtnu,Venezia FC,Venezia,Venezia,VEN,449122,449122,137,565sm63rjm2y7xeae0dcdbtnu
Tiago Gabriel,647210.0,3.0,151.0,1.0,0.9,0.1,1.0,1.0,100.0,0.9,Tiago Gabriel,Coelho Oliveira,2004-12-26,21.72,130.0,44.0,Defender,Central Defender,dfsb8uzowi737si30le6gjaxg,bi1fxjrncd0ram0oi7ja1jyuo,US Lecce,Lecce,Lecce,LEC,20.0,241.311,12.0,138.915,0.0,0.0,0.0,0.0,12.066,11.576,4.0,2.0,6.0,1.0,11.0,9.0,5.0,55.556,6.0,5.0,83.333,,,,,,,,,,647210.0,151.0,3.0,0.0,0.0,0.0,0.0,0.017,0.016,0.0,0.0,Tiago Gabriel,Coelho Oliveira,2004-12-26,21.72,130.0,44.0,Defender,Central Defender,dfsb8uzowi737si30le6gjaxg,bi1fxjrncd0ram0oi7ja1jyuo,US Lecce,Lecce,Lecce,LEC,647210.0,151.0,3.0,97.0,91.0,93.81,10.0,6.0,60.0,0.0,0.0,0.0,0.0,0.0,0.0,Tiago Gabriel,Coelho Oliveira,2004-12-26,21.72,130.0,44.0,Defender,Central Defender,dfsb8uzowi737si30le6gjaxg,bi1fxjrncd0ram0oi7ja1jyuo,US Lecce,Lecce,Lecce,LEC,647210,dfsb8uzowi737si30le6gjaxg,130,bi1fxjrncd0ram0oi7ja1jyuo
Tijjani Noslin,544865.0,2.0,48.0,0.0,0.04,-0.04,1.0,0.0,0.0,0.04,Tijjani,Noslin,1999-07-07,27.2,129.0,14.0,Forward,Winger,71gwdg60saiwwwnnv6is52may,btcy9nra9ak4m22ovr2ia6m5v,SS Lazio,Lazio,Lazio,LAZ,3.0,24.389,0.0,-14.07,0.0,0.0,0.0,0.0,8.13,0.0,0.0,0.0,1.0,0.0,1.0,3.0,0.0,0.0,0.0,0.0,0.0,,,,,,,,,,544865.0,48.0,2.0,0.0,0.0,0.0,0.0,0.121,0.121,0.0,0.0,Tijjani,Noslin,1999-07-07,27.2,129.0,14.0,Forward,Winger,71gwdg60saiwwwnnv6is52may,btcy9nra9ak4m22ovr2ia6m5v,SS Lazio,Lazio,Lazio,LAZ,544865.0,48.0,2.0,14.0,10.0,71.43,9.0,8.0,88.89,0.0,0.0,0.0,0.0,0.0,0.0,Tijjani,Noslin,1999-07-07,27.2,129.0,14.0,Forward,Winger,71gwdg60saiwwwnnv6is52may,btcy9nra9ak4m22ovr2ia6m5v,SS Lazio,Lazio,Lazio,LAZ,544865,71gwdg60saiwwwnnv6is52may,129,btcy9nra9ak4m22ovr2ia6m5v
Tino Anjorin,223332.0,0.0,0.0,0.0,0.0,0.0,0.0,0.0,0.0,0.0,Tino,Anjorin,2001-11-23,24.82,135.0,14.0,Midfielder,0,223332,7gnly6999wao1xarwct4p8fe9,Torino FC,Torino,Torino,TOR,0.0,0.0,0.0,0.0,0.0,0.0,0.0,0.0,0.0,0.0,0.0,0.0,0.0,0.0,0.0,0.0,0.0,0.0,0.0,0.0,0.0,,,,,,,,,,223332.0,0.0,0.0,0.0,0.0,0.0,0.0,0.0,0.0,0.0,0.0,Tino,Anjorin,2001-11-23,24.82,135.0,14.0,Midfielder,0,223332,7gnly6999wao1xarwct4p8fe9,Torino FC,Torino,Torino,TOR,223332.0,0.0,0.0,0.0,0.0,0.0,0.0,0.0,0.0,0.0,0.0,0.0,0.0,0.0,0.0,Tino,Anjorin,2001-11-23,24.82,135.0,14.0,Midfielder,0,223332,7gnly6999wao1xarwct4p8fe9,Torino FC,Torino,Torino,TOR,223332,223332,135,7gnly6999wao1xarwct4p8fe9
Toma Basic,212851.0,2.0,150.0,0.0,0.0,0.0,0.0,0.0,0.0,0.0,Toma,Basic,1996-11-25,29.81,137.0,26.0,Midfielder,Central Midfielder,7y5qwgl0xu7btfd7yxgeb2gut,565sm63rjm2y7xeae0dcdbtnu,Venezia FC,Venezia,Venezia,VEN,20.0,174.953,7.0,70.56,0.0,0.0,0.0,0.0,8.748,10.08,2.0,0.0,3.0,0.0,3.0,9.0,4.0,44.444,2.0,1.0,50.0,,,,,,,,,,212851.0,150.0,2.0,3.0,2.0,2.67,33.33,0.4,0.097,0.0,0.0,Toma,Basic,1996-11-25,29.81,137.0,26.0,Midfielder,Central Midfielder,7y5qwgl0xu7btfd7yxgeb2gut,565sm63rjm2y7xeae0dcdbtnu,Venezia FC,Venezia,Venezia,VEN,212851.0,150.0,2.0,77.0,62.0,80.52,22.0,16.0,72.73,6.0,1.0,16.67,0.0,0.0,0.0,Toma,Basic,1996-11-25,29.81,137.0,26.0,Midfielder,Central Midfielder,7y5qwgl0xu7btfd7yxgeb2gut,565sm63rjm2y7xeae0dcdbtnu,Venezia FC,Venezia,Venezia,VEN,212851,7y5qwgl0xu7btfd7yxgeb2gut,137,565sm63rjm2y7xeae0dcdbtnu
Tommaso Baldanzi,518908.0,3.0,210.0,0.0,0.53,-0.53,7.0,0.0,0.0,0.08,Tommaso,Baldanzi,2003-03-23,23.49,990.0,8.0,Midfielder,Attacking Midfielder,bk1gdyxtfp4drwb0yotwerbsa,4kumqzwifv478caxed8zywlh3,Genoa CFC,Genoa,Genoa,GEN,40.0,509.024,21.0,243.285,1.0,0.0,0.0,0.0,12.726,11.585,4.0,1.0,5.0,0.0,3.0,11.0,5.0,45.455,1.0,1.0,100.0,,,,,,,,,,518908.0,210.0,3.0,1.0,1.0,1.22,0.0,0.061,0.061,0.0,0.0,Tommaso,Baldanzi,2003-03-23,23.49,990.0,8.0,Midfielder,Attacking Midfielder,bk1gdyxtfp4drwb0yotwerbsa,4kumqzwifv478caxed8zywlh3,Genoa CFC,Genoa,Genoa,GEN,518908.0,210.0,3.0,84.0,74.0,88.1,32.0,23.0,71.88,2.0,1.0,50.0,0.0,0.0,0.0,Tommaso,Baldanzi,2003-03-23,23.49,990.0,8.0,Midfielder,Attacking Midfielder,bk1gdyxtfp4drwb0yotwerbsa,4kumqzwifv478caxed8zywlh3,Genoa CFC,Genoa,Genoa,GEN,518908,bk1gdyxtfp4drwb0yotwerbsa,990,4kumqzwifv478caxed8zywlh3
Tommaso Macchioni,594993.0,1.0,74.0,0.0,0.0,0.0,0.0,0.0,0.0,0.0,Tommaso,Macchioni,2006-04-04,20.45,2182.0,31.0,Defender,Central Defender,dpq2amw7jamibajl9xas5jeok,6tuibxq39fdryu8ou06wcm0q3,US Sassuolo Calcio,Sassuolo,Sassuolo,SAS,11.0,108.523,6.0,61.74,0.0,0.0,0.0,0.0,9.866,10.29,0.0,0.0,1.0,0.0,2.0,0.0,0.0,0.0,1.0,1.0,100.0,,,,,,,,,,594993.0,74.0,1.0,0.0,0.0,0.0,0.0,0.001,0.001,0.0,0.0,Tommaso,Macchioni,2006-04-04,20.45,2182.0,31.0,Defender,Central Defender,dpq2amw7jamibajl9xas5jeok,6tuibxq39fdryu8ou06wcm0q3,US Sassuolo Calcio,Sassuolo,Sassuolo,SAS,594993.0,74.0,1.0,43.0,42.0,97.67,0.0,0.0,0.0,0.0,0.0,0.0,0.0,0.0,0.0,Tommaso,Macchioni,2006-04-04,20.45,2182.0,31.0,Defender,Central Defender,dpq2amw7jamibajl9xas5jeok,6tuibxq39fdryu8ou06wcm0q3,US Sassuolo Calcio,Sassuolo,Sassuolo,SAS,594993,dpq2amw7jamibajl9xas5jeok,2182,6tuibxq39fdryu8ou06wcm0q3
Tommaso Pobega,459025.0,2.0,117.0,0.0,0.06,-0.06,2.0,0.0,0.0,0.03,Tommaso,Pobega,1999-07-15,27.18,123.0,4.0,Midfielder,Central Midfielder,ch5rw8dgb6wh99wyhd8o3t1pl,ej5er0oyngdw138yuumwqbyqt,Bologna FC 1909,Bologna,Bologna,BOL,16.0,135.347,6.0,37.59,0.0,0.0,0.0,0.0,8.459,6.265,1.0,2.0,7.0,0.0,0.0,5.0,1.0,20.0,1.0,0.0,0.0,,,,,,,,,,459025.0,117.0,2.0,2.0,2.0,2.7,0.0,0.035,0.035,0.0,0.0,Tommaso,Pobega,1999-07-15,27.18,123.0,4.0,Midfielder,Central Midfielder,ch5rw8dgb6wh99wyhd8o3t1pl,ej5er0oyngdw138yuumwqbyqt,Bologna FC 1909,Bologna,Bologna,BOL,459025.0,117.0,2.0,75.0,68.0,90.67,17.0,16.0,94.12,0.0,0.0,0.0,0.0,0.0,0.0,Tommaso,Pobega,1999-07-15,27.18,123.0,4.0,Midfielder,Central Midfielder,ch5rw8dgb6wh99wyhd8o3t1pl,ej5er0oyngdw138yuumwqbyqt,Bologna FC 1909,Bologna,Bologna,BOL,459025,ch5rw8dgb6wh99wyhd8o3t1pl,123,ej5er0oyngdw138yuumwqbyqt
Tomás Bobcek,484998.0,0.0,0.0,0.0,0.0,0.0,0.0,0.0,0.0,0.0,Tomás,Bobcek,2001-09-08,25.02,2037.0,89.0,Forward,Striker,484998,5khizzei8z0qbb7exz622wxw3,Frosinone Calcio,Frosinone,Frosinone,FRO,0.0,0.0,0.0,0.0,0.0,0.0,0.0,0.0,0.0,0.0,0.0,0.0,0.0,0.0,0.0,0.0,0.0,0.0,0.0,0.0,0.0,,,,,,,,,,484998.0,0.0,0.0,0.0,0.0,0.0,0.0,0.0,0.0,0.0,0.0,Tomás,Bobcek,2001-09-08,25.02,2037.0,89.0,Forward,Striker,484998,5khizzei8z0qbb7exz622wxw3,Frosinone Calcio,Frosinone,Frosinone,FRO,484998.0,0.0,0.0,0.0,0.0,0.0,0.0,0.0,0.0,0.0,0.0,0.0,0.0,0.0,0.0,Tomás,Bobcek,2001-09-08,25.02,2037.0,89.0,Forward,Striker,484998,5khizzei8z0qbb7exz622wxw3,Frosinone Calcio,Frosinone,Frosinone,FRO,484998,484998,2037,5khizzei8z0qbb7exz622wxw3
Toni Fernández,619822.0,1.0,45.0,0.0,0.0,0.0,0.0,0.0,0.0,0.0,Toni,Fernández,2008-07-15,18.17,137.0,77.0,Midfielder,Attacking Midfielder,9sanzxzkj52vz1mqj1d7g08b8,565sm63rjm2y7xeae0dcdbtnu,Venezia FC,Venezia,Venezia,VEN,4.0,27.173,1.0,11.55,0.0,0.0,0.0,0.0,6.793,11.55,0.0,0.0,1.0,0.0,0.0,3.0,0.0,0.0,0.0,0.0,0.0,,,,,,,,,,619822.0,45.0,1.0,0.0,0.0,0.0,0.0,0.052,0.052,0.0,0.0,Toni,Fernández,2008-07-15,18.17,137.0,77.0,Midfielder,Attacking Midfielder,9sanzxzkj52vz1mqj1d7g08b8,565sm63rjm2y7xeae0dcdbtnu,Venezia FC,Venezia,Venezia,VEN,619822.0,45.0,1.0,20.0,14.0,70.0,9.0,4.0,44.44,0.0,0.0,0.0,1.0,0.0,0.0,Toni,Fernández,2008-07-15,18.17,137.0,77.0,Midfielder,Attacking Midfielder,9sanzxzkj52vz1mqj1d7g08b8,565sm63rjm2y7xeae0dcdbtnu,Venezia FC,Venezia,Venezia,VEN,619822,9sanzxzkj52vz1mqj1d7g08b8,137,565sm63rjm2y7xeae0dcdbtnu
Torbjørn Heggem,449652.0,3.0,270.0,0.0,0.08,-0.08,1.0,0.0,0.0,0.08,Torbjørn,Heggem,1999-01-12,27.68,123.0,14.0,Defender,Central Defender,5gf24ds4ejjztxyj8b5rs3tnt,ej5er0oyngdw138yuumwqbyqt,Bologna FC 1909,Bologna,Bologna,BOL,78.0,782.859,56.0,628.74,0.0,0.0,0.0,0.0,10.037,11.228,1.0,2.0,11.0,3.0,10.0,10.0,3.0,30.0,5.0,4.0,80.0,,,,,,,,,,449652.0,270.0,3.0,3.0,3.0,1.1,0.0,0.179,0.179,0.0,0.0,Torbjørn,Heggem,1999-01-12,27.68,123.0,14.0,Defender,Central Defender,5gf24ds4ejjztxyj8b5rs3tnt,ej5er0oyngdw138yuumwqbyqt,Bologna FC 1909,Bologna,Bologna,BOL,449652.0,270.0,3.0,275.0,264.0,96.0,16.0,12.0,75.0,0.0,0.0,0.0,0.0,0.0,0.0,Torbjørn,Heggem,1999-01-12,27.68,123.0,14.0,Defender,Central Defender,5gf24ds4ejjztxyj8b5rs3tnt,ej5er0oyngdw138yuumwqbyqt,Bologna FC 1909,Bologna,Bologna,BOL,449652,5gf24ds4ejjztxyj8b5rs3tnt,123,ej5er0oyngdw138yuumwqbyqt
Trevoh Chalobah,180736.0,3.0,270.0,0.0,0.07,-0.07,1.0,1.0,0.0,0.07,Trevoh,Chalobah,1999-07-05,27.21,1065.0,99.0,Defender,Central Defender,5e2zgfe3ltc6qbnoqdfshqsph,6uzfw7ahyxg4wrrfxo5u7qt0n,Calcio Como 1907,Como,Como,COM,17.0,165.304,10.0,61.005,0.0,0.0,0.0,0.0,9.724,6.1,6.0,3.0,6.0,2.0,14.0,8.0,8.0,100.0,11.0,6.0,54.545,,,,,,,,,,180736.0,270.0,3.0,1.0,1.0,0.53,0.0,0.036,0.036,0.0,0.0,Trevoh,Chalobah,1999-07-05,27.21,1065.0,99.0,Defender,Central Defender,5e2zgfe3ltc6qbnoqdfshqsph,6uzfw7ahyxg4wrrfxo5u7qt0n,Calcio Como 1907,Como,Como,COM,180736.0,270.0,3.0,206.0,195.0,94.66,11.0,7.0,63.64,0.0,0.0,0.0,0.0,0.0,0.0,Trevoh,Chalobah,1999-07-05,27.21,1065.0,99.0,Defender,Central Defender,5e2zgfe3ltc6qbnoqdfshqsph,6uzfw7ahyxg4wrrfxo5u7qt0n,Calcio Como 1907,Como,Como,COM,180736,5e2zgfe3ltc6qbnoqdfshqsph,1065,6uzfw7ahyxg4wrrfxo5u7qt0n
Unai Gómez,619506.0,3.0,110.0,0.0,0.23,-0.23,3.0,1.0,0.0,0.08,Unai,Gómez,2003-05-25,23.32,136.0,46.0,Midfielder,0,b2rqgjegzeyq6wy6qu63zz2fo,dxq76zcvnokq07cszdx0i6kve,Udinese Calcio,Udinese,Udinese,UDI,14.0,148.179,7.0,32.76,1.0,0.0,0.0,0.0,10.584,4.68,2.0,0.0,4.0,0.0,0.0,13.0,6.0,46.154,4.0,2.0,50.0,,,,,,,,,,619506.0,110.0,3.0,2.0,1.0,4.17,50.0,0.202,0.099,0.0,0.0,Unai,Gómez,2003-05-25,23.32,136.0,46.0,Midfielder,0,b2rqgjegzeyq6wy6qu63zz2fo,dxq76zcvnokq07cszdx0i6kve,Udinese Calcio,Udinese,Udinese,UDI,619506.0,110.0,3.0,27.0,17.0,62.96,8.0,2.0,25.0,2.0,2.0,100.0,1.0,0.0,0.0,Unai,Gómez,2003-05-25,23.32,136.0,46.0,Midfielder,0,b2rqgjegzeyq6wy6qu63zz2fo,dxq76zcvnokq07cszdx0i6kve,Udinese Calcio,Udinese,Udinese,UDI,619506,b2rqgjegzeyq6wy6qu63zz2fo,136,dxq76zcvnokq07cszdx0i6kve
Vakoun Bayo,210464.0,2.0,63.0,0.0,0.74,-0.74,2.0,0.0,0.0,0.37,Vakoun,Bayo,1997-01-10,29.69,136.0,15.0,Forward,Striker,dqazrm2wmu9zqpvp8xbeeb7jd,dxq76zcvnokq07cszdx0i6kve,Udinese Calcio,Udinese,Udinese,UDI,2.0,12.006,0.0,-1.47,0.0,0.0,0.0,0.0,6.003,0.0,0.0,0.0,4.0,0.0,2.0,3.0,1.0,33.333,6.0,5.0,83.333,,,,,,,,,,210464.0,63.0,2.0,0.0,0.0,0.0,0.0,0.013,0.013,0.0,0.0,Vakoun,Bayo,1997-01-10,29.69,136.0,15.0,Forward,Striker,dqazrm2wmu9zqpvp8xbeeb7jd,dxq76zcvnokq07cszdx0i6kve,Udinese Calcio,Udinese,Udinese,UDI,210464.0,63.0,2.0,16.0,9.0,56.25,9.0,3.0,33.33,0.0,0.0,0.0,0.0,0.0,0.0,Vakoun,Bayo,1997-01-10,29.69,136.0,15.0,Forward,Striker,dqazrm2wmu9zqpvp8xbeeb7jd,dxq76zcvnokq07cszdx0i6kve,Udinese Calcio,Udinese,Udinese,UDI,210464,dqazrm2wmu9zqpvp8xbeeb7jd,136,dxq76zcvnokq07cszdx0i6kve
Valde,669473.0,3.0,190.0,0.0,0.43,-0.43,1.0,0.0,0.0,0.43,Víctor,Valdepeñas Talavera,2006-10-20,19.91,125.0,21.0,Defender,Central Defender,3pxte13sf3ybzb3cgvim1tqtw,4raiad4l2j5lkfaz92pk4osb,ACF Fiorentina,Fiorentina,Fiorentina,FIO,37.0,448.935,23.0,328.755,1.0,0.0,0.0,0.0,12.133,14.294,5.0,1.0,4.0,0.0,6.0,17.0,9.0,52.941,6.0,4.0,66.667,,,,,,,,,,669473.0,190.0,3.0,2.0,2.0,2.27,0.0,0.141,0.139,0.0,0.0,Víctor,Valdepeñas Talavera,2006-10-20,19.91,125.0,21.0,Defender,Central Defender,3pxte13sf3ybzb3cgvim1tqtw,4raiad4l2j5lkfaz92pk4osb,ACF Fiorentina,Fiorentina,Fiorentina,FIO,669473.0,190.0,3.0,89.0,72.0,80.9,31.0,19.0,61.29,6.0,1.0,16.67,0.0,0.0,0.0,Víctor,Valdepeñas Talavera,2006-10-20,19.91,125.0,21.0,Defender,Central Defender,3pxte13sf3ybzb3cgvim1tqtw,4raiad4l2j5lkfaz92pk4osb,ACF Fiorentina,Fiorentina,Fiorentina,FIO,669473,3pxte13sf3ybzb3cgvim1tqtw,125,4raiad4l2j5lkfaz92pk4osb
Valentin Antov,235001.0,0.0,0.0,0.0,0.0,0.0,0.0,0.0,0.0,0.0,Valentin,Antov,2000-11-09,25.85,742.0,6.0,Defender,Central Defender,235001,67z1gqyiuzpmmb15q5fy7ntc4,AC Monza,Monza,Monza,MON,0.0,0.0,0.0,0.0,0.0,0.0,0.0,0.0,0.0,0.0,0.0,0.0,0.0,0.0,0.0,0.0,0.0,0.0,0.0,0.0,0.0,,,,,,,,,,235001.0,0.0,0.0,0.0,0.0,0.0,0.0,0.0,0.0,0.0,0.0,Valentin,Antov,2000-11-09,25.85,742.0,6.0,Defender,Central Defender,235001,67z1gqyiuzpmmb15q5fy7ntc4,AC Monza,Monza,Monza,MON,235001.0,0.0,0.0,0.0,0.0,0.0,0.0,0.0,0.0,0.0,0.0,0.0,0.0,0.0,0.0,Valentin,Antov,2000-11-09,25.85,742.0,6.0,Defender,Central Defender,235001,67z1gqyiuzpmmb15q5fy7ntc4,AC Monza,Monza,Monza,MON,235001,235001,742,67z1gqyiuzpmmb15q5fy7ntc4
Valerio Farcomeni,638709.0,0.0,0.0,0.0,0.0,0.0,0.0,0.0,0.0,0.0,Valerio,Farcomeni,2006-01-18,20.66,129.0,71.0,Midfielder,Central Midfielder,638709,btcy9nra9ak4m22ovr2ia6m5v,SS Lazio,Lazio,Lazio,LAZ,0.0,0.0,0.0,0.0,0.0,0.0,0.0,0.0,0.0,0.0,0.0,0.0,0.0,0.0,0.0,0.0,0.0,0.0,0.0,0.0,0.0,,,,,,,,,,638709.0,0.0,0.0,0.0,0.0,0.0,0.0,0.0,0.0,0.0,0.0,Valerio,Farcomeni,2006-01-18,20.66,129.0,71.0,Midfielder,Central Midfielder,638709,btcy9nra9ak4m22ovr2ia6m5v,SS Lazio,Lazio,Lazio,LAZ,638709.0,0.0,0.0,0.0,0.0,0.0,0.0,0.0,0.0,0.0,0.0,0.0,0.0,0.0,0.0,Valerio,Farcomeni,2006-01-18,20.66,129.0,71.0,Midfielder,Central Midfielder,638709,btcy9nra9ak4m22ovr2ia6m5v,SS Lazio,Lazio,Lazio,LAZ,638709,638709,129,btcy9nra9ak4m22ovr2ia6m5v
Vasilije Adzic,585201.0,3.0,184.0,1.0,1.45,-0.45,8.0,3.0,12.5,0.18,Vasilije,Adzic,2006-05-12,20.35,2182.0,17.0,Midfielder,Attacking Midfielder,7pirs3v9u80j5qy71cmhzbxn8,6tuibxq39fdryu8ou06wcm0q3,US Sassuolo Calcio,Sassuolo,Sassuolo,SAS,15.0,203.034,9.0,77.07,2.0,0.0,1.0,0.0,13.536,8.563,3.0,1.0,3.0,0.0,3.0,14.0,6.0,42.857,2.0,1.0,50.0,,,,,,,,,,585201.0,184.0,3.0,10.0,9.0,15.09,10.0,0.157,0.114,1.0,1.0,Vasilije,Adzic,2006-05-12,20.35,2182.0,17.0,Midfielder,Attacking Midfielder,7pirs3v9u80j5qy71cmhzbxn8,6tuibxq39fdryu8ou06wcm0q3,US Sassuolo Calcio,Sassuolo,Sassuolo,SAS,585201.0,184.0,3.0,56.0,50.0,89.29,23.0,20.0,86.96,2.0,1.0,50.0,0.0,0.0,0.0,Vasilije,Adzic,2006-05-12,20.35,2182.0,17.0,Midfielder,Attacking Midfielder,7pirs3v9u80j5qy71cmhzbxn8,6tuibxq39fdryu8ou06wcm0q3,US Sassuolo Calcio,Sassuolo,Sassuolo,SAS,585201,7pirs3v9u80j5qy71cmhzbxn8,2182,6tuibxq39fdryu8ou06wcm0q3
Viery,624094.0,2.0,119.0,0.0,0.0,0.0,0.0,0.0,0.0,0.0,Viery,Fernandes Santos Lopes,2005-01-02,21.7,125.0,33.0,Defender,Central Defender,1kk5928mkxm2coxeic26dorh0,4raiad4l2j5lkfaz92pk4osb,ACF Fiorentina,Fiorentina,Fiorentina,FIO,13.0,126.793,8.0,85.575,0.0,0.0,0.0,0.0,9.753,10.697,2.0,3.0,2.0,1.0,6.0,5.0,2.0,40.0,3.0,2.0,66.667,,,,,,,,,,624094.0,119.0,2.0,0.0,0.0,0.0,0.0,0.009,0.009,0.0,0.0,Viery,Fernandes Santos Lopes,2005-01-02,21.7,125.0,33.0,Defender,Central Defender,1kk5928mkxm2coxeic26dorh0,4raiad4l2j5lkfaz92pk4osb,ACF Fiorentina,Fiorentina,Fiorentina,FIO,624094.0,119.0,2.0,51.0,42.0,82.35,7.0,6.0,85.71,0.0,0.0,0.0,0.0,0.0,0.0,Viery,Fernandes Santos Lopes,2005-01-02,21.7,125.0,33.0,Defender,Central Defender,1kk5928mkxm2coxeic26dorh0,4raiad4l2j5lkfaz92pk4osb,ACF Fiorentina,Fiorentina,Fiorentina,FIO,624094,1kk5928mkxm2coxeic26dorh0,125,4raiad4l2j5lkfaz92pk4osb
Vincent Sierro,209208.0,1.0,45.0,0.0,0.0,0.0,0.0,0.0,0.0,0.0,Vincent,Sierro,1995-10-08,30.95,131.0,4.0,Midfielder,Central Midfielder,ierx7puzqykloqwz9c5gsovd,5aosfavi55p40c65lkriqnqnl,Parma Calcio 1913,Parma,Parma,PAR,4.0,30.504,1.0,2.415,0.0,0.0,0.0,0.0,7.626,2.415,1.0,1.0,5.0,0.0,1.0,6.0,2.0,33.333,1.0,0.0,0.0,,,,,,,,,,209208.0,45.0,1.0,0.0,0.0,0.0,0.0,0.034,0.03,0.0,0.0,Vincent,Sierro,1995-10-08,30.95,131.0,4.0,Midfielder,Central Midfielder,ierx7puzqykloqwz9c5gsovd,5aosfavi55p40c65lkriqnqnl,Parma Calcio 1913,Parma,Parma,PAR,209208.0,45.0,1.0,26.0,21.0,80.77,9.0,6.0,66.67,0.0,0.0,0.0,0.0,0.0,0.0,Vincent,Sierro,1995-10-08,30.95,131.0,4.0,Midfielder,Central Midfielder,ierx7puzqykloqwz9c5gsovd,5aosfavi55p40c65lkriqnqnl,Parma Calcio 1913,Parma,Parma,PAR,209208,ierx7puzqykloqwz9c5gsovd,131,5aosfavi55p40c65lkriqnqnl
Vítinha,522479.0,3.0,198.0,0.0,0.23,-0.23,5.0,2.0,0.0,0.05,Vítor Manuel,Carvalho Oliveira,2000-03-15,26.51,990.0,9.0,Forward,Striker,cnriqwh17pqgz7p2gt74uar6c,4kumqzwifv478caxed8zywlh3,Genoa CFC,Genoa,Genoa,GEN,24.0,264.769,12.0,131.145,1.0,0.0,0.0,0.0,11.032,10.929,3.0,1.0,12.0,0.0,1.0,21.0,8.0,38.095,4.0,0.0,0.0,,,,,,,,,,522479.0,198.0,3.0,0.0,0.0,0.0,0.0,0.046,0.045,0.0,0.0,Vítor Manuel,Carvalho Oliveira,2000-03-15,26.51,990.0,9.0,Forward,Striker,cnriqwh17pqgz7p2gt74uar6c,4kumqzwifv478caxed8zywlh3,Genoa CFC,Genoa,Genoa,GEN,522479.0,198.0,3.0,41.0,30.0,73.17,20.0,13.0,65.0,4.0,1.0,25.0,0.0,0.0,0.0,Vítor Manuel,Carvalho Oliveira,2000-03-15,26.51,990.0,9.0,Forward,Striker,cnriqwh17pqgz7p2gt74uar6c,4kumqzwifv478caxed8zywlh3,Genoa CFC,Genoa,Genoa,GEN,522479,cnriqwh17pqgz7p2gt74uar6c,990,4kumqzwifv478caxed8zywlh3
Wesley,563663.0,3.0,240.0,0.0,0.03,-0.03,1.0,0.0,0.0,0.03,Wesley Vinícius,França Lima,2003-09-06,23.03,121.0,43.0,Defender,Full Back,9k3cr9bc23253jmcw2a53hn2s,2tk2l9sgktwc9jhzqdd4mpdtb,AS Roma,Roma,Roma,ROM,47.0,479.132,32.0,265.125,1.0,0.0,5.0,0.0,10.194,8.285,8.0,0.0,14.0,0.0,1.0,24.0,13.0,54.167,3.0,2.0,66.667,,,,,,,,,,563663.0,240.0,3.0,13.0,13.0,9.76,0.0,1.338,1.335,1.0,1.0,Wesley Vinícius,França Lima,2003-09-06,23.03,121.0,43.0,Defender,Full Back,9k3cr9bc23253jmcw2a53hn2s,2tk2l9sgktwc9jhzqdd4mpdtb,AS Roma,Roma,Roma,ROM,563663.0,240.0,3.0,125.0,108.0,86.4,55.0,47.0,85.45,15.0,8.0,53.33,0.0,0.0,0.0,Wesley Vinícius,França Lima,2003-09-06,23.03,121.0,43.0,Defender,Full Back,9k3cr9bc23253jmcw2a53hn2s,2tk2l9sgktwc9jhzqdd4mpdtb,AS Roma,Roma,Roma,ROM,563663,9k3cr9bc23253jmcw2a53hn2s,121,2tk2l9sgktwc9jhzqdd4mpdtb
Weston McKennie,241519.0,1.0,90.0,0.0,0.13,-0.13,2.0,0.0,0.0,0.07,Weston,McKennie,1998-08-28,28.06,128.0,22.0,Midfielder,Central Midfielder,288nn7pbq5ewriiyb9o7da86h,bqbbqm98ud8obe45ds9ohgyrd,Juventus FC,Juventus,Juventus,JUV,5.0,36.263,0.0,9.765,1.0,0.0,0.0,0.0,7.253,0.0,0.0,0.0,0.0,0.0,2.0,4.0,2.0,50.0,2.0,0.0,0.0,,,,,,,,,,241519.0,90.0,1.0,0.0,0.0,0.0,0.0,0.04,0.039,0.0,0.0,Weston,McKennie,1998-08-28,28.06,128.0,22.0,Midfielder,Central Midfielder,288nn7pbq5ewriiyb9o7da86h,bqbbqm98ud8obe45ds9ohgyrd,Juventus FC,Juventus,Juventus,JUV,241519.0,90.0,1.0,45.0,40.0,88.89,17.0,15.0,88.24,0.0,0.0,0.0,0.0,0.0,0.0,Weston,McKennie,1998-08-28,28.06,128.0,22.0,Midfielder,Central Midfielder,288nn7pbq5ewriiyb9o7da86h,bqbbqm98ud8obe45ds9ohgyrd,Juventus FC,Juventus,Juventus,JUV,241519,288nn7pbq5ewriiyb9o7da86h,128,bqbbqm98ud8obe45ds9ohgyrd
Wilfried Gnonto,492859.0,1.0,45.0,0.0,0.11,-0.11,3.0,1.0,0.0,0.04,Wilfried,Gnonto,2003-11-05,22.87,125.0,29.0,Forward,0,9z2j13bl5yh4i1vyofautc9yi,4raiad4l2j5lkfaz92pk4osb,ACF Fiorentina,Fiorentina,Fiorentina,FIO,5.0,41.087,2.0,-1.89,2.0,0.0,0.0,0.0,8.217,-0.945,0.0,0.0,0.0,0.0,0.0,1.0,0.0,0.0,0.0,0.0,0.0,,,,,,,,,,492859.0,45.0,1.0,0.0,0.0,0.0,0.0,0.013,0.013,0.0,0.0,Wilfried,Gnonto,2003-11-05,22.87,125.0,29.0,Forward,0,9z2j13bl5yh4i1vyofautc9yi,4raiad4l2j5lkfaz92pk4osb,ACF Fiorentina,Fiorentina,Fiorentina,FIO,492859.0,45.0,1.0,19.0,16.0,84.21,11.0,9.0,81.82,4.0,0.0,0.0,0.0,0.0,0.0,Wilfried,Gnonto,2003-11-05,22.87,125.0,29.0,Forward,0,9z2j13bl5yh4i1vyofautc9yi,4raiad4l2j5lkfaz92pk4osb,ACF Fiorentina,Fiorentina,Fiorentina,FIO,492859,9z2j13bl5yh4i1vyofautc9yi,125,4raiad4l2j5lkfaz92pk4osb
Willem Geubbels,242894.0,2.0,128.0,0.0,0.43,-0.43,2.0,1.0,0.0,0.21,Willem,Geubbels,2001-08-16,25.09,130.0,69.0,Forward,Striker,ckt75xb064etqh7aep6k5pfqh,bi1fxjrncd0ram0oi7ja1jyuo,US Lecce,Lecce,Lecce,LEC,6.0,89.482,3.0,25.83,1.0,0.0,0.0,0.0,14.914,8.61,1.0,0.0,1.0,0.0,0.0,15.0,2.0,13.333,10.0,2.0,20.0,,,,,,,,,,242894.0,128.0,2.0,0.0,0.0,0.0,0.0,0.037,0.037,0.0,0.0,Willem,Geubbels,2001-08-16,25.09,130.0,69.0,Forward,Striker,ckt75xb064etqh7aep6k5pfqh,bi1fxjrncd0ram0oi7ja1jyuo,US Lecce,Lecce,Lecce,LEC,242894.0,128.0,2.0,18.0,13.0,72.22,5.0,4.0,80.0,0.0,0.0,0.0,1.0,0.0,0.0,Willem,Geubbels,2001-08-16,25.09,130.0,69.0,Forward,Striker,ckt75xb064etqh7aep6k5pfqh,bi1fxjrncd0ram0oi7ja1jyuo,US Lecce,Lecce,Lecce,LEC,242894,ckt75xb064etqh7aep6k5pfqh,130,bi1fxjrncd0ram0oi7ja1jyuo
Willy Kambwala,518466.0,0.0,0.0,0.0,0.0,0.0,0.0,0.0,0.0,0.0,Willy,Kambwala,2004-08-25,22.06,1065.0,53.0,Defender,Central Defender,518466,6uzfw7ahyxg4wrrfxo5u7qt0n,Calcio Como 1907,Como,Como,COM,0.0,0.0,0.0,0.0,0.0,0.0,0.0,0.0,0.0,0.0,0.0,0.0,0.0,0.0,0.0,0.0,0.0,0.0,0.0,0.0,0.0,,,,,,,,,,518466.0,0.0,0.0,0.0,0.0,0.0,0.0,0.0,0.0,0.0,0.0,Willy,Kambwala,2004-08-25,22.06,1065.0,53.0,Defender,Central Defender,518466,6uzfw7ahyxg4wrrfxo5u7qt0n,Calcio Como 1907,Como,Como,COM,518466.0,0.0,0.0,0.0,0.0,0.0,0.0,0.0,0.0,0.0,0.0,0.0,0.0,0.0,0.0,Willy,Kambwala,2004-08-25,22.06,1065.0,53.0,Defender,Central Defender,518466,6uzfw7ahyxg4wrrfxo5u7qt0n,Calcio Como 1907,Como,Como,COM,518466,518466,1065,6uzfw7ahyxg4wrrfxo5u7qt0n
Wisdom Amey,537503.0,1.0,2.0,0.0,0.0,0.0,0.0,0.0,0.0,0.0,Wisdom,Amey,2005-08-11,21.1,2037.0,5.0,Defender,Central Defender,5tfh0jvfxlw1aqfaiiok4pwr8,5khizzei8z0qbb7exz622wxw3,Frosinone Calcio,Frosinone,Frosinone,FRO,0.0,0.0,0.0,0.0,0.0,0.0,0.0,0.0,0.0,0.0,1.0,0.0,1.0,0.0,1.0,1.0,1.0,100.0,2.0,1.0,50.0,,,,,,,,,,537503.0,2.0,1.0,0.0,0.0,0.0,0.0,0.0,0.0,0.0,0.0,Wisdom,Amey,2005-08-11,21.1,2037.0,5.0,Defender,Central Defender,5tfh0jvfxlw1aqfaiiok4pwr8,5khizzei8z0qbb7exz622wxw3,Frosinone Calcio,Frosinone,Frosinone,FRO,537503.0,2.0,1.0,1.0,1.0,100.0,0.0,0.0,0.0,0.0,0.0,0.0,0.0,0.0,0.0,Wisdom,Amey,2005-08-11,21.1,2037.0,5.0,Defender,Central Defender,5tfh0jvfxlw1aqfaiiok4pwr8,5khizzei8z0qbb7exz622wxw3,Frosinone Calcio,Frosinone,Frosinone,FRO,537503,5tfh0jvfxlw1aqfaiiok4pwr8,2037,5khizzei8z0qbb7exz622wxw3
Wladimiro Falcone,,,,,,,,,,,,,,,,,,,,,,,,,,,,,,,,,,,,,,,,,,,,,,270.0,100.0,0.0,5.0,18.0,78.26,2.67,1.4,7.67,,,,,,,,,,,,,,,,,,,,,,,,,,,,,,,,,,,,,,,,,,,,,,,,,,,,,,,126486,3nfxhugbxid6o0r92txslivh1,130,bi1fxjrncd0ram0oi7ja1jyuo
Yan Couto,468236.0,3.0,237.0,0.0,0.07,-0.07,3.0,1.0,0.0,0.02,Yan,Bueno Couto,2002-06-03,24.29,1065.0,27.0,Defender,Full Back,ay89se5rytzay8md0yeadykq2,6uzfw7ahyxg4wrrfxo5u7qt0n,Calcio Como 1907,Como,Como,COM,37.0,388.106,21.0,215.67,0.0,0.0,3.0,1.0,10.489,10.27,3.0,2.0,11.0,0.0,5.0,5.0,3.0,60.0,1.0,0.0,0.0,,,,,,,,,,468236.0,237.0,3.0,4.0,4.0,1.89,0.0,0.422,0.42,1.0,1.0,Yan,Bueno Couto,2002-06-03,24.29,1065.0,27.0,Defender,Full Back,ay89se5rytzay8md0yeadykq2,6uzfw7ahyxg4wrrfxo5u7qt0n,Calcio Como 1907,Como,Como,COM,468236.0,237.0,3.0,160.0,143.0,89.38,51.0,43.0,84.31,4.0,1.0,25.0,1.0,1.0,100.0,Yan,Bueno Couto,2002-06-03,24.29,1065.0,27.0,Defender,Full Back,ay89se5rytzay8md0yeadykq2,6uzfw7ahyxg4wrrfxo5u7qt0n,Calcio Como 1907,Como,Como,COM,468236,ay89se5rytzay8md0yeadykq2,1065,6uzfw7ahyxg4wrrfxo5u7qt0n
Yanis Massolin,582822.0,0.0,0.0,0.0,0.0,0.0,0.0,0.0,0.0,0.0,Yanis,Massolin,2002-09-20,23.99,124.0,79.0,Midfielder,0,582822,5rwlg5cfv1hu7yf0ek1zxpzy3,Cagliari Calcio,Cagliari,Cagliari,CAG,0.0,0.0,0.0,0.0,0.0,0.0,0.0,0.0,0.0,0.0,0.0,0.0,0.0,0.0,0.0,0.0,0.0,0.0,0.0,0.0,0.0,,,,,,,,,,582822.0,0.0,0.0,0.0,0.0,0.0,0.0,0.0,0.0,0.0,0.0,Yanis,Massolin,2002-09-20,23.99,124.0,79.0,Midfielder,0,582822,5rwlg5cfv1hu7yf0ek1zxpzy3,Cagliari Calcio,Cagliari,Cagliari,CAG,582822.0,0.0,0.0,0.0,0.0,0.0,0.0,0.0,0.0,0.0,0.0,0.0,0.0,0.0,0.0,Yanis,Massolin,2002-09-20,23.99,124.0,79.0,Midfielder,0,582822,5rwlg5cfv1hu7yf0ek1zxpzy3,Cagliari Calcio,Cagliari,Cagliari,CAG,582822,582822,124,5rwlg5cfv1hu7yf0ek1zxpzy3
Yann Bisseck,438261.0,3.0,189.0,1.0,0.2,0.8,3.0,1.0,33.33,0.07,Yann,Bisseck,2000-11-29,25.8,127.0,31.0,Defender,Central Defender,280fh7f5q9lud8lk8reyu7fxm,3vo5mpj7catp66nrwwqiuhuup,FC Internazionale Milano,Internazionale,Inter,INT,25.0,204.757,11.0,62.055,1.0,0.0,0.0,0.0,8.19,5.641,4.0,4.0,10.0,1.0,6.0,7.0,6.0,85.714,5.0,2.0,40.0,,,,,,,,,,438261.0,189.0,3.0,2.0,2.0,1.72,0.0,0.185,0.184,0.0,0.0,Yann,Bisseck,2000-11-29,25.8,127.0,31.0,Defender,Central Defender,280fh7f5q9lud8lk8reyu7fxm,3vo5mpj7catp66nrwwqiuhuup,FC Internazionale Milano,Internazionale,Inter,INT,438261.0,189.0,3.0,121.0,113.0,93.39,26.0,23.0,88.46,3.0,1.0,33.33,0.0,0.0,0.0,Yann,Bisseck,2000-11-29,25.8,127.0,31.0,Defender,Central Defender,280fh7f5q9lud8lk8reyu7fxm,3vo5mpj7catp66nrwwqiuhuup,FC Internazionale Milano,Internazionale,Inter,INT,438261,280fh7f5q9lud8lk8reyu7fxm,127,3vo5mpj7catp66nrwwqiuhuup
Yerry Mina,164511.0,0.0,0.0,0.0,0.0,0.0,0.0,0.0,0.0,0.0,Yerry,Mina,1994-09-23,31.99,124.0,26.0,Defender,Central Defender,164511,5rwlg5cfv1hu7yf0ek1zxpzy3,Cagliari Calcio,Cagliari,Cagliari,CAG,0.0,0.0,0.0,0.0,0.0,0.0,0.0,0.0,0.0,0.0,0.0,0.0,0.0,0.0,0.0,0.0,0.0,0.0,0.0,0.0,0.0,,,,,,,,,,164511.0,0.0,0.0,0.0,0.0,0.0,0.0,0.0,0.0,0.0,0.0,Yerry,Mina,1994-09-23,31.99,124.0,26.0,Defender,Central Defender,164511,5rwlg5cfv1hu7yf0ek1zxpzy3,Cagliari Calcio,Cagliari,Cagliari,CAG,164511.0,0.0,0.0,0.0,0.0,0.0,0.0,0.0,0.0,0.0,0.0,0.0,0.0,0.0,0.0,Yerry,Mina,1994-09-23,31.99,124.0,26.0,Defender,Central Defender,164511,5rwlg5cfv1hu7yf0ek1zxpzy3,Cagliari Calcio,Cagliari,Cagliari,CAG,164511,164511,124,5rwlg5cfv1hu7yf0ek1zxpzy3
Youssef Maleh,232066.0,3.0,98.0,0.0,0.06,-0.06,2.0,1.0,0.0,0.03,Youssef,Maleh,1998-08-22,28.07,130.0,14.0,Midfielder,Central Midfielder,d9sakxlp96siw0z1jltszdlgp,bi1fxjrncd0ram0oi7ja1jyuo,US Lecce,Lecce,Lecce,LEC,12.0,89.955,5.0,28.245,0.0,0.0,1.0,0.0,7.496,5.649,2.0,2.0,4.0,0.0,1.0,7.0,3.0,42.857,3.0,0.0,0.0,,,,,,,,,,232066.0,98.0,3.0,2.0,2.0,3.85,0.0,0.421,0.404,0.0,0.0,Youssef,Maleh,1998-08-22,28.07,130.0,14.0,Midfielder,Central Midfielder,d9sakxlp96siw0z1jltszdlgp,bi1fxjrncd0ram0oi7ja1jyuo,US Lecce,Lecce,Lecce,LEC,232066.0,98.0,3.0,55.0,49.0,89.09,12.0,11.0,91.67,3.0,0.0,0.0,0.0,0.0,0.0,Youssef,Maleh,1998-08-22,28.07,130.0,14.0,Midfielder,Central Midfielder,d9sakxlp96siw0z1jltszdlgp,bi1fxjrncd0ram0oi7ja1jyuo,US Lecce,Lecce,Lecce,LEC,232066,d9sakxlp96siw0z1jltszdlgp,130,bi1fxjrncd0ram0oi7ja1jyuo
Yunus Musah,244847.0,3.0,270.0,0.0,0.34,-0.34,1.0,0.0,0.0,0.34,Yunus,Musah,2002-11-29,23.8,120.0,80.0,Midfielder,Central Midfielder,b2e12l3s3dxgyr8d2rk5qb9ey,9dntj5dioj5ex52yrgwzxrq9l,AC Milan,Milan,Milan,MIL,26.0,373.191,13.0,156.45,0.0,0.0,1.0,0.0,14.353,12.035,2.0,2.0,16.0,0.0,3.0,13.0,9.0,69.231,3.0,1.0,33.333,,,,,,,,,,244847.0,270.0,3.0,1.0,1.0,0.81,0.0,0.056,0.054,0.0,0.0,Yunus,Musah,2002-11-29,23.8,120.0,80.0,Midfielder,Central Midfielder,b2e12l3s3dxgyr8d2rk5qb9ey,9dntj5dioj5ex52yrgwzxrq9l,AC Milan,Milan,Milan,MIL,244847.0,270.0,3.0,127.0,115.0,90.55,21.0,19.0,90.48,0.0,0.0,0.0,0.0,0.0,0.0,Yunus,Musah,2002-11-29,23.8,120.0,80.0,Midfielder,Central Midfielder,b2e12l3s3dxgyr8d2rk5qb9ey,9dntj5dioj5ex52yrgwzxrq9l,AC Milan,Milan,Milan,MIL,244847,b2e12l3s3dxgyr8d2rk5qb9ey,120,9dntj5dioj5ex52yrgwzxrq9l
Yvan Maye,614416.0,1.0,9.0,0.0,0.03,-0.03,1.0,0.0,0.0,0.03,Yvan,Maye,2006-03-21,20.49,742.0,5.0,Defender,Central Defender,21cq3sjfig3w6lxubd9uakavo,67z1gqyiuzpmmb15q5fy7ntc4,AC Monza,Monza,Monza,MON,2.0,19.374,1.0,-3.15,0.0,0.0,0.0,0.0,9.687,-3.15,0.0,0.0,0.0,0.0,0.0,1.0,1.0,100.0,2.0,2.0,100.0,,,,,,,,,,614416.0,9.0,1.0,0.0,0.0,0.0,0.0,0.002,0.002,0.0,0.0,Yvan,Maye,2006-03-21,20.49,742.0,5.0,Defender,Central Defender,21cq3sjfig3w6lxubd9uakavo,67z1gqyiuzpmmb15q5fy7ntc4,AC Monza,Monza,Monza,MON,614416.0,9.0,1.0,6.0,6.0,100.0,2.0,2.0,100.0,0.0,0.0,0.0,0.0,0.0,0.0,Yvan,Maye,2006-03-21,20.49,742.0,5.0,Defender,Central Defender,21cq3sjfig3w6lxubd9uakavo,67z1gqyiuzpmmb15q5fy7ntc4,AC Monza,Monza,Monza,MON,614416,21cq3sjfig3w6lxubd9uakavo,742,67z1gqyiuzpmmb15q5fy7ntc4
Zakaria Aboukhlal,219263.0,2.0,26.0,0.0,0.37,-0.37,2.0,0.0,0.0,0.18,Zakaria,Aboukhlal,2000-02-18,26.58,135.0,7.0,Forward,Winger,anr9qh585ctgk2d17zperhgix,7gnly6999wao1xarwct4p8fe9,Torino FC,Torino,Torino,TOR,8.0,104.057,4.0,14.07,1.0,0.0,0.0,0.0,13.007,3.518,0.0,0.0,2.0,0.0,0.0,4.0,2.0,50.0,1.0,0.0,0.0,,,,,,,,,,219263.0,26.0,2.0,0.0,0.0,0.0,0.0,0.019,0.019,0.0,0.0,Zakaria,Aboukhlal,2000-02-18,26.58,135.0,7.0,Forward,Winger,anr9qh585ctgk2d17zperhgix,7gnly6999wao1xarwct4p8fe9,Torino FC,Torino,Torino,TOR,219263.0,26.0,2.0,10.0,8.0,80.0,6.0,4.0,66.67,0.0,0.0,0.0,0.0,0.0,0.0,Zakaria,Aboukhlal,2000-02-18,26.58,135.0,7.0,Forward,Winger,anr9qh585ctgk2d17zperhgix,7gnly6999wao1xarwct4p8fe9,Torino FC,Torino,Torino,TOR,219263,anr9qh585ctgk2d17zperhgix,135,7gnly6999wao1xarwct4p8fe9
Zeki Çelik,171435.0,3.0,247.0,0.0,0.0,0.0,0.0,0.0,0.0,0.0,Zeki,Çelik,1997-02-17,29.58,128.0,2.0,Defender,Full Back,1pkymw7biivk760rxhubin1ed,bqbbqm98ud8obe45ds9ohgyrd,Juventus FC,Juventus,Juventus,JUV,20.0,213.01,8.0,100.8,0.0,0.0,1.0,0.0,10.65,12.6,7.0,5.0,6.0,0.0,3.0,18.0,9.0,50.0,5.0,2.0,40.0,,,,,,,,,,171435.0,247.0,3.0,2.0,2.0,1.9,0.0,0.354,0.35,0.0,0.0,Zeki,Çelik,1997-02-17,29.58,128.0,2.0,Defender,Full Back,1pkymw7biivk760rxhubin1ed,bqbbqm98ud8obe45ds9ohgyrd,Juventus FC,Juventus,Juventus,JUV,171435.0,247.0,3.0,106.0,93.0,87.74,42.0,36.0,85.71,2.0,0.0,0.0,1.0,0.0,0.0,Zeki,Çelik,1997-02-17,29.58,128.0,2.0,Defender,Full Back,1pkymw7biivk760rxhubin1ed,bqbbqm98ud8obe45ds9ohgyrd,Juventus FC,Juventus,Juventus,JUV,171435,1pkymw7biivk760rxhubin1ed,128,bqbbqm98ud8obe45ds9ohgyrd
Zé Pedro,545932.0,3.0,246.0,0.0,0.18,-0.18,1.0,0.0,0.0,0.18,José Pedro,da Silva Figueiredo Freitas,1997-06-06,29.28,124.0,2.0,Defender,Central Defender,1blngn7afc8verjkysdegb0tl,5rwlg5cfv1hu7yf0ek1zxpzy3,Cagliari Calcio,Cagliari,Cagliari,CAG,17.0,194.488,10.0,162.75,0.0,0.0,2.0,0.0,11.44,16.275,3.0,1.0,5.0,0.0,9.0,15.0,4.0,26.667,2.0,1.0,50.0,,,,,,,,,,545932.0,246.0,3.0,2.0,2.0,2.22,0.0,0.14,0.138,0.0,0.0,José Pedro,da Silva Figueiredo Freitas,1997-06-06,29.28,124.0,2.0,Defender,Central Defender,1blngn7afc8verjkysdegb0tl,5rwlg5cfv1hu7yf0ek1zxpzy3,Cagliari Calcio,Cagliari,Cagliari,CAG,545932.0,246.0,3.0,91.0,71.0,78.02,21.0,15.0,71.43,7.0,3.0,42.86,0.0,0.0,0.0,José Pedro,da Silva Figueiredo Freitas,1997-06-06,29.28,124.0,2.0,Defender,Central Defender,1blngn7afc8verjkysdegb0tl,5rwlg5cfv1hu7yf0ek1zxpzy3,Cagliari Calcio,Cagliari,Cagliari,CAG,545932,1blngn7afc8verjkysdegb0tl,124,5rwlg5cfv1hu7yf0ek1zxpzy3
Álex Jiménez,551483.0,2.0,112.0,0.0,0.03,-0.03,1.0,0.0,0.0,0.03,Álex,Jiménez,2005-05-08,21.36,125.0,20.0,Defender,Full Back,clbsrtzkf61e6vx28ou5lbx90,4raiad4l2j5lkfaz92pk4osb,ACF Fiorentina,Fiorentina,Fiorentina,FIO,22.0,275.595,14.0,193.2,0.0,0.0,1.0,0.0,12.527,13.8,5.0,0.0,5.0,0.0,3.0,20.0,10.0,50.0,1.0,1.0,100.0,,,,,,,,,,551483.0,112.0,2.0,3.0,3.0,9.09,0.0,0.063,0.061,0.0,0.0,Álex,Jiménez,2005-05-08,21.36,125.0,20.0,Defender,Full Back,clbsrtzkf61e6vx28ou5lbx90,4raiad4l2j5lkfaz92pk4osb,ACF Fiorentina,Fiorentina,Fiorentina,FIO,551483.0,112.0,2.0,34.0,27.0,79.41,16.0,10.0,62.5,4.0,0.0,0.0,0.0,0.0,0.0,Álex,Jiménez,2005-05-08,21.36,125.0,20.0,Defender,Full Back,clbsrtzkf61e6vx28ou5lbx90,4raiad4l2j5lkfaz92pk4osb,ACF Fiorentina,Fiorentina,Fiorentina,FIO,551483,clbsrtzkf61e6vx28ou5lbx90,125,4raiad4l2j5lkfaz92pk4osb
Álex Valle,551074.0,3.0,270.0,0.0,0.14,-0.14,5.0,1.0,0.0,0.03,Álex,Valle,2004-04-25,22.39,1065.0,3.0,Defender,Full Back,54foi544tygbd4sfx62t7wno,6uzfw7ahyxg4wrrfxo5u7qt0n,Calcio Como 1907,Como,Como,COM,31.0,326.906,18.0,207.06,0.0,0.0,1.0,0.0,10.545,11.503,2.0,5.0,12.0,3.0,3.0,13.0,4.0,30.769,2.0,1.0,50.0,,,,,,,,,,551074.0,270.0,3.0,7.0,7.0,4.05,0.0,0.26,0.259,1.0,1.0,Álex,Valle,2004-04-25,22.39,1065.0,3.0,Defender,Full Back,54foi544tygbd4sfx62t7wno,6uzfw7ahyxg4wrrfxo5u7qt0n,Calcio Como 1907,Como,Como,COM,551074.0,270.0,3.0,150.0,132.0,88.0,43.0,36.0,83.72,6.0,2.0,33.33,0.0,0.0,0.0,Álex,Valle,2004-04-25,22.39,1065.0,3.0,Defender,Full Back,54foi544tygbd4sfx62t7wno,6uzfw7ahyxg4wrrfxo5u7qt0n,Calcio Como 1907,Como,Como,COM,551074,54foi544tygbd4sfx62t7wno,1065,6uzfw7ahyxg4wrrfxo5u7qt0n
Álvaro Morata,88482.0,0.0,0.0,0.0,0.0,0.0,0.0,0.0,0.0,0.0,Álvaro,Morata,1992-10-23,33.91,1065.0,23.0,Forward,Striker,88482,6uzfw7ahyxg4wrrfxo5u7qt0n,Calcio Como 1907,Como,Como,COM,0.0,0.0,0.0,0.0,0.0,0.0,0.0,0.0,0.0,0.0,0.0,0.0,0.0,0.0,0.0,0.0,0.0,0.0,0.0,0.0,0.0,,,,,,,,,,88482.0,0.0,0.0,0.0,0.0,0.0,0.0,0.0,0.0,0.0,0.0,Álvaro,Morata,1992-10-23,33.91,1065.0,23.0,Forward,Striker,88482,6uzfw7ahyxg4wrrfxo5u7qt0n,Calcio Como 1907,Como,Como,COM,88482.0,0.0,0.0,0.0,0.0,0.0,0.0,0.0,0.0,0.0,0.0,0.0,0.0,0.0,0.0,Álvaro,Morata,1992-10-23,33.91,1065.0,23.0,Forward,Striker,88482,6uzfw7ahyxg4wrrfxo5u7qt0n,Calcio Como 1907,Como,Como,COM,88482,88482,1065,6uzfw7ahyxg4wrrfxo5u7qt0n
Éderson,463184.0,3.0,237.0,1.0,0.12,0.88,3.0,3.0,33.33,0.04,Éderson José,dos Santos Lourenço da Silva,1999-07-07,27.2,456.0,13.0,Midfielder,Central Midfielder,4aqkgskbra4wsoo7a8uw7xl9l,e75syeuawg3ql8nwpi3vr2btz,Atalanta Bergamasca Calcio,Atalanta,Atalanta,ATA,21.0,271.029,10.0,23.415,0.0,0.0,0.0,0.0,12.906,2.342,2.0,2.0,8.0,0.0,3.0,19.0,9.0,47.368,0.0,0.0,0.0,,,,,,,,,,463184.0,237.0,3.0,1.0,1.0,1.08,0.0,0.032,0.032,0.0,0.0,Éderson José,dos Santos Lourenço da Silva,1999-07-07,27.2,456.0,13.0,Midfielder,Central Midfielder,4aqkgskbra4wsoo7a8uw7xl9l,e75syeuawg3ql8nwpi3vr2btz,Atalanta Bergamasca Calcio,Atalanta,Atalanta,ATA,463184.0,237.0,3.0,94.0,82.0,87.23,19.0,12.0,63.16,1.0,0.0,0.0,0.0,0.0,0.0,Éderson José,dos Santos Lourenço da Silva,1999-07-07,27.2,456.0,13.0,Midfielder,Central Midfielder,4aqkgskbra4wsoo7a8uw7xl9l,e75syeuawg3ql8nwpi3vr2btz,Atalanta Bergamasca Calcio,Atalanta,Atalanta,ATA,463184,4aqkgskbra4wsoo7a8uw7xl9l,456,e75syeuawg3ql8nwpi3vr2btz
