player,attack_player_id,attack_apps,attack_mins_played,attack_goals,attack_xg,attack_goals_vs_xg,attack_shots,attack_shots_on_target,attack_shot_conv,attack_xg_per_shot,attack_first_name,attack_last_name,attack_date_of_birth,attack_age,attack_team_id,attack_shirt_number,attack_squad_position,attack_squad_position_detailed,attack_player_uuid,attack_team_uuid,attack_contestantName,attack_contestantClubName,attack_contestantShortName,attack_contestantCode,carries_carries,carries_carry_distance,carries_progressive_carries,carries_progressive_distance,carries_shot_ending,carries_goal_ending,carries_chance_ending,carries_assist_ending,carries_dist_per_carry,carries_dist_per_progressive_carry,defending_tackles,defending_interceptions,defending_recoveries,defending_blocks,defending_clearances,defending_ground_duels,defending_ground_duels_won,defending_ground_duel_perc,defending_aerial_duels,defending_aerial_duels_won,defending_aerial_duel_perc,goalkeeping_team_mins,goalkeeping_team_mins_perc,goalkeeping_ogs,goalkeeping_goals_conceded,goalkeeping_saves_made,goalkeeping_save_perc,goalkeeping_goals_prevented,goalkeeping_goals_prevented_rate,goalkeeping_xgot_conceded,possession_chanceCreation_player_id,possession_chanceCreation_mins_played,possession_chanceCreation_apps,possession_chanceCreation_chances_created,possession_chanceCreation_op_chances_created,possession_chanceCreation_chances_per_100_pass,possession_chanceCreation_chances_sp_op_ratio,possession_chanceCreation_xa,possession_chanceCreation_op_xa,possession_chanceCreation_assists,possession_chanceCreation_op_assists,possession_chanceCreation_first_name,possession_chanceCreation_last_name,possession_chanceCreation_date_of_birth,possession_chanceCreation_age,possession_chanceCreation_team_id,possession_chanceCreation_shirt_number,possession_chanceCreation_squad_position,possession_chanceCreation_squad_position_detailed,possession_chanceCreation_player_uuid,possession_chanceCreation_team_uuid,possession_chanceCreation_contestantName,possession_chanceCreation_contestantClubName,possession_chanceCreation_contestantShortName,possession_chanceCreation_contestantCode,possession_passing_player_id,possession_passing_mins_played,possession_passing_apps,possession_passing_passes,possession_passing_successful_passes,possession_passing_pass_perc,possession_passing_total_final_third_passes,possession_passing_successful_final_third_passes,possession_passing_ft_pass_perc,possession_passing_op_crosses,possession_passing_successful_op_crosses,possession_passing_cross_perc,possession_passing_through_balls,possession_passing_successful_through_balls,possession_passing_through_ball_perc,possession_passing_first_name,possession_passing_last_name,possession_passing_date_of_birth,possession_passing_age,possession_passing_team_id,possession_passing_shirt_number,possession_passing_squad_position,possession_passing_squad_position_detailed,possession_passing_player_uuid,possession_passing_team_uuid,possession_passing_contestantName,possession_passing_contestantClubName,possession_passing_contestantShortName,possession_passing_contestantCode,opta_player_id,opta_player_uuid,opta_team_id,opta_team_uuid
Aaron Hickey,472713.0,2.0,16.0,0.0,0.0,0.0,0.0,0.0,0.0,0.0,Aaron,Hickey,2002-06-10,24.25,94.0,2.0,Defender,Full Back,9xfrrmf19uv4i69ge0kg1hh7u,7yx5dqhhphyvfisohikodajhv,Brentford FC,Brentford,Brentford,BRE,1.0,20.456,1.0,20.16,0.0,0.0,0.0,0.0,20.456,20.16,1.0,0.0,2.0,0.0,0.0,4.0,2.0,50.0,0.0,0.0,0.0,,,,,,,,,,472713.0,16.0,2.0,0.0,0.0,0.0,0.0,0.021,0.02,0.0,0.0,Aaron,Hickey,2002-06-10,24.25,94.0,2.0,Defender,Full Back,9xfrrmf19uv4i69ge0kg1hh7u,7yx5dqhhphyvfisohikodajhv,Brentford FC,Brentford,Brentford,BRE,472713.0,16.0,2.0,9.0,6.0,66.67,3.0,2.0,66.67,1.0,1.0,100.0,0.0,0.0,0.0,Aaron,Hickey,2002-06-10,24.25,94.0,2.0,Defender,Full Back,9xfrrmf19uv4i69ge0kg1hh7u,7yx5dqhhphyvfisohikodajhv,Brentford FC,Brentford,Brentford,BRE,472713,9xfrrmf19uv4i69ge0kg1hh7u,94,7yx5dqhhphyvfisohikodajhv
Aaron Wan-Bissaka,214590.0,1.0,12.0,0.0,0.0,0.0,0.0,0.0,0.0,0.0,Aaron,Wan-Bissaka,1997-11-26,28.79,7.0,29.0,Defender,Full Back,e1t5rgvs2hwnldts6vn8agzc9,b496gs285it6bheuikox6z9mj,Aston Villa FC,Aston Villa,Villa,AVL,0.0,0.0,0.0,0.0,0.0,0.0,0.0,0.0,0.0,0.0,2.0,0.0,0.0,0.0,0.0,2.0,2.0,100.0,0.0,0.0,0.0,,,,,,,,,,214590.0,12.0,1.0,0.0,0.0,0.0,0.0,0.003,0.003,0.0,0.0,Aaron,Wan-Bissaka,1997-11-26,28.79,7.0,29.0,Defender,Full Back,e1t5rgvs2hwnldts6vn8agzc9,b496gs285it6bheuikox6z9mj,Aston Villa FC,Aston Villa,Villa,AVL,214590.0,12.0,1.0,8.0,7.0,87.5,3.0,2.0,66.67,0.0,0.0,0.0,0.0,0.0,0.0,Aaron,Wan-Bissaka,1997-11-26,28.79,7.0,29.0,Defender,Full Back,e1t5rgvs2hwnldts6vn8agzc9,b496gs285it6bheuikox6z9mj,Aston Villa FC,Aston Villa,Villa,AVL,214590,e1t5rgvs2hwnldts6vn8agzc9,7,b496gs285it6bheuikox6z9mj
Abdoul Ouattara,572584.0,2.0,27.0,0.0,0.0,0.0,0.0,0.0,0.0,0.0,Abdoul,Ouattara,2005-10-22,20.88,40.0,42.0,Defender,Full Back,1gfomo3mo11cttdhprm1jtp0,8b523ujgl21tbc01me65q0aoh,Ipswich Town FC,Ipswich Town,Ipswich,IPS,3.0,41.272,2.0,24.78,0.0,0.0,1.0,0.0,13.757,12.39,0.0,0.0,1.0,0.0,2.0,0.0,0.0,0.0,0.0,0.0,0.0,,,,,,,,,,572584.0,27.0,2.0,1.0,1.0,6.67,0.0,0.002,0.002,0.0,0.0,Abdoul,Ouattara,2005-10-22,20.88,40.0,42.0,Defender,Full Back,1gfomo3mo11cttdhprm1jtp0,8b523ujgl21tbc01me65q0aoh,Ipswich Town FC,Ipswich Town,Ipswich,IPS,572584.0,27.0,2.0,15.0,14.0,93.33,2.0,2.0,100.0,0.0,0.0,0.0,0.0,0.0,0.0,Abdoul,Ouattara,2005-10-22,20.88,40.0,42.0,Defender,Full Back,1gfomo3mo11cttdhprm1jtp0,8b523ujgl21tbc01me65q0aoh,Ipswich Town FC,Ipswich Town,Ipswich,IPS,572584,1gfomo3mo11cttdhprm1jtp0,40,8b523ujgl21tbc01me65q0aoh
Abdukodir Khusanov,578153.0,2.0,179.0,0.0,0.0,0.0,0.0,0.0,0.0,0.0,Abdukodir,Khusanov,2004-02-29,22.53,43.0,45.0,Defender,Central Defender,d7ofv9d9sbp263uo76cm2qxhw,a3nyxabgsqlnqfkeg41m6tnpp,Manchester City FC,Manchester City,Man City,MCI,27.0,299.166,13.0,143.955,0.0,0.0,0.0,0.0,11.08,11.073,6.0,3.0,9.0,1.0,1.0,8.0,7.0,87.5,3.0,3.0,100.0,,,,,,,,,,578153.0,179.0,2.0,0.0,0.0,0.0,0.0,0.043,0.042,0.0,0.0,Abdukodir,Khusanov,2004-02-29,22.53,43.0,45.0,Defender,Central Defender,d7ofv9d9sbp263uo76cm2qxhw,a3nyxabgsqlnqfkeg41m6tnpp,Manchester City FC,Manchester City,Man City,MCI,578153.0,179.0,2.0,173.0,165.0,95.38,29.0,24.0,82.76,2.0,0.0,0.0,0.0,0.0,0.0,Abdukodir,Khusanov,2004-02-29,22.53,43.0,45.0,Defender,Central Defender,d7ofv9d9sbp263uo76cm2qxhw,a3nyxabgsqlnqfkeg41m6tnpp,Manchester City FC,Manchester City,Man City,MCI,578153,d7ofv9d9sbp263uo76cm2qxhw,43,a3nyxabgsqlnqfkeg41m6tnpp
Abdul Fatawu,531442.0,2.0,149.0,0.0,0.0,0.0,0.0,0.0,0.0,0.0,Abdul Fatawu,Issahaku,2004-03-08,22.5,40.0,7.0,Forward,Winger,6cx5c6bzp1hq6c1vui53mxzx0,8b523ujgl21tbc01me65q0aoh,Ipswich Town FC,Ipswich Town,Ipswich,IPS,27.0,324.041,16.0,213.57,0.0,0.0,4.0,1.0,12.002,13.348,5.0,1.0,4.0,0.0,1.0,29.0,14.0,48.276,2.0,0.0,0.0,,,,,,,,,,531442.0,149.0,2.0,5.0,4.0,12.0,20.0,0.625,0.611,1.0,1.0,Abdul Fatawu,Issahaku,2004-03-08,22.5,40.0,7.0,Forward,Winger,6cx5c6bzp1hq6c1vui53mxzx0,8b523ujgl21tbc01me65q0aoh,Ipswich Town FC,Ipswich Town,Ipswich,IPS,531442.0,149.0,2.0,25.0,15.0,60.0,10.0,4.0,40.0,7.0,3.0,42.86,1.0,0.0,0.0,Abdul Fatawu,Issahaku,2004-03-08,22.5,40.0,7.0,Forward,Winger,6cx5c6bzp1hq6c1vui53mxzx0,8b523ujgl21tbc01me65q0aoh,Ipswich Town FC,Ipswich Town,Ipswich,IPS,531442,6cx5c6bzp1hq6c1vui53mxzx0,40,8b523ujgl21tbc01me65q0aoh
Adam Smith,54469.0,2.0,180.0,0.0,0.0,0.0,0.0,0.0,0.0,0.0,Adam,Smith,1991-04-29,35.37,91.0,15.0,Defender,Full Back,80bmtj7l07ohb2h475w955n9,1pse9ta7a45pi2w2grjim70ge,AFC Bournemouth,Bournemouth,Bournemouth,BOU,2.0,16.966,0.0,-9.66,0.0,0.0,0.0,0.0,8.483,0.0,3.0,3.0,3.0,0.0,5.0,11.0,6.0,54.545,4.0,2.0,50.0,,,,,,,,,,54469.0,180.0,2.0,1.0,1.0,2.0,0.0,0.026,0.026,0.0,0.0,Adam,Smith,1991-04-29,35.37,91.0,15.0,Defender,Full Back,80bmtj7l07ohb2h475w955n9,1pse9ta7a45pi2w2grjim70ge,AFC Bournemouth,Bournemouth,Bournemouth,BOU,54469.0,180.0,2.0,51.0,41.0,80.39,15.0,9.0,60.0,2.0,1.0,50.0,0.0,0.0,0.0,Adam,Smith,1991-04-29,35.37,91.0,15.0,Defender,Full Back,80bmtj7l07ohb2h475w955n9,1pse9ta7a45pi2w2grjim70ge,AFC Bournemouth,Bournemouth,Bournemouth,BOU,54469,80bmtj7l07ohb2h475w955n9,91,1pse9ta7a45pi2w2grjim70ge
Adam Wharton,496221.0,2.0,180.0,0.0,0.0,0.0,0.0,0.0,0.0,0.0,Adam,Wharton,2004-02-06,22.59,31.0,20.0,Midfielder,Central Midfielder,asq9gj1a93bltsfd61i6xvqsq,1c8m2ko0wxq1asfkuykurdr0y,Crystal Palace FC,Crystal Palace,Palace,CRY,33.0,325.144,18.0,194.355,0.0,0.0,0.0,0.0,9.853,10.798,6.0,3.0,11.0,0.0,1.0,17.0,11.0,64.706,1.0,1.0,100.0,,,,,,,,,,496221.0,180.0,2.0,4.0,4.0,4.08,0.0,0.311,0.311,0.0,0.0,Adam,Wharton,2004-02-06,22.59,31.0,20.0,Midfielder,Central Midfielder,asq9gj1a93bltsfd61i6xvqsq,1c8m2ko0wxq1asfkuykurdr0y,Crystal Palace FC,Crystal Palace,Palace,CRY,496221.0,180.0,2.0,100.0,80.0,80.0,37.0,26.0,70.27,1.0,1.0,100.0,1.0,1.0,100.0,Adam,Wharton,2004-02-06,22.59,31.0,20.0,Midfielder,Central Midfielder,asq9gj1a93bltsfd61i6xvqsq,1c8m2ko0wxq1asfkuykurdr0y,Crystal Palace FC,Crystal Palace,Palace,CRY,496221,asq9gj1a93bltsfd61i6xvqsq,31,1c8m2ko0wxq1asfkuykurdr0y
Adrien Truffert,494521.0,2.0,180.0,0.0,0.0,0.0,0.0,0.0,0.0,0.0,Adrien,Truffert,2001-11-20,24.8,91.0,3.0,Defender,Full Back,92qqdiryqd8juqdjq8585476y,1pse9ta7a45pi2w2grjim70ge,AFC Bournemouth,Bournemouth,Bournemouth,BOU,16.0,155.309,8.0,53.76,0.0,0.0,1.0,0.0,9.707,6.72,4.0,2.0,13.0,1.0,8.0,13.0,7.0,53.846,5.0,2.0,40.0,,,,,,,,,,494521.0,180.0,2.0,2.0,2.0,2.9,0.0,0.073,0.073,0.0,0.0,Adrien,Truffert,2001-11-20,24.8,91.0,3.0,Defender,Full Back,92qqdiryqd8juqdjq8585476y,1pse9ta7a45pi2w2grjim70ge,AFC Bournemouth,Bournemouth,Bournemouth,BOU,494521.0,180.0,2.0,70.0,63.0,90.0,19.0,16.0,84.21,3.0,0.0,0.0,0.0,0.0,0.0,Adrien,Truffert,2001-11-20,24.8,91.0,3.0,Defender,Full Back,92qqdiryqd8juqdjq8585476y,1pse9ta7a45pi2w2grjim70ge,AFC Bournemouth,Bournemouth,Bournemouth,BOU,494521,92qqdiryqd8juqdjq8585476y,91,1pse9ta7a45pi2w2grjim70ge
Aladji Bamba,632794.0,1.0,14.0,0.0,0.0,0.0,0.0,0.0,0.0,0.0,Aladji,Bamba,2006-07-14,20.15,4.0,8.0,Midfielder,0,srzdmbirhvpjuok4mf7lj5zo,7vn2i2kd35zuetw6b38gw9jsz,Newcastle United FC,Newcastle United,Newcastle,NEW,0.0,0.0,0.0,0.0,0.0,0.0,0.0,0.0,0.0,0.0,1.0,0.0,0.0,0.0,1.0,1.0,1.0,100.0,2.0,1.0,50.0,,,,,,,,,,632794.0,14.0,1.0,0.0,0.0,0.0,0.0,0.0,0.0,0.0,0.0,Aladji,Bamba,2006-07-14,20.15,4.0,8.0,Midfielder,0,srzdmbirhvpjuok4mf7lj5zo,7vn2i2kd35zuetw6b38gw9jsz,Newcastle United FC,Newcastle United,Newcastle,NEW,632794.0,14.0,1.0,1.0,1.0,100.0,0.0,0.0,0.0,0.0,0.0,0.0,0.0,0.0,0.0,Aladji,Bamba,2006-07-14,20.15,4.0,8.0,Midfielder,0,srzdmbirhvpjuok4mf7lj5zo,7vn2i2kd35zuetw6b38gw9jsz,Newcastle United FC,Newcastle United,Newcastle,NEW,632794,srzdmbirhvpjuok4mf7lj5zo,4,7vn2i2kd35zuetw6b38gw9jsz
Alejandro Garnacho,493105.0,2.0,16.0,0.0,0.0,0.0,0.0,0.0,0.0,0.0,Alejandro,Garnacho,2004-07-01,22.19,7.0,17.0,Forward,Winger,e5eiuko5p1yms97xndrvcr0bu,b496gs285it6bheuikox6z9mj,Aston Villa FC,Aston Villa,Villa,AVL,2.0,19.834,0.0,-19.635,0.0,0.0,0.0,0.0,9.917,0.0,0.0,0.0,2.0,0.0,0.0,1.0,0.0,0.0,0.0,0.0,0.0,,,,,,,,,,493105.0,16.0,2.0,0.0,0.0,0.0,0.0,0.004,0.004,0.0,0.0,Alejandro,Garnacho,2004-07-01,22.19,7.0,17.0,Forward,Winger,e5eiuko5p1yms97xndrvcr0bu,b496gs285it6bheuikox6z9mj,Aston Villa FC,Aston Villa,Villa,AVL,493105.0,16.0,2.0,7.0,7.0,100.0,1.0,1.0,100.0,0.0,0.0,0.0,0.0,0.0,0.0,Alejandro,Garnacho,2004-07-01,22.19,7.0,17.0,Forward,Winger,e5eiuko5p1yms97xndrvcr0bu,b496gs285it6bheuikox6z9mj,Aston Villa FC,Aston Villa,Villa,AVL,493105,e5eiuko5p1yms97xndrvcr0bu,7,b496gs285it6bheuikox6z9mj
Alex Iwobi,153133.0,2.0,180.0,0.0,0.01,-0.01,1.0,0.0,0.0,0.01,Alex,Iwobi,1996-05-03,30.36,54.0,17.0,Forward,Second Striker,8kb5h8df97ju107n9ibigo1cl,hzqh7z0mdl3v7gwete66syxp,Fulham FC,Fulham,Fulham,FUL,47.0,463.087,16.0,85.26,0.0,0.0,0.0,0.0,9.853,5.329,2.0,3.0,8.0,0.0,1.0,8.0,3.0,37.5,1.0,0.0,0.0,,,,,,,,,,153133.0,180.0,2.0,2.0,1.0,0.67,50.0,0.441,0.284,0.0,0.0,Alex,Iwobi,1996-05-03,30.36,54.0,17.0,Forward,Second Striker,8kb5h8df97ju107n9ibigo1cl,hzqh7z0mdl3v7gwete66syxp,Fulham FC,Fulham,Fulham,FUL,153133.0,180.0,2.0,152.0,139.0,91.45,35.0,30.0,85.71,0.0,0.0,0.0,1.0,1.0,100.0,Alex,Iwobi,1996-05-03,30.36,54.0,17.0,Forward,Second Striker,8kb5h8df97ju107n9ibigo1cl,hzqh7z0mdl3v7gwete66syxp,Fulham FC,Fulham,Fulham,FUL,153133,8kb5h8df97ju107n9ibigo1cl,54,hzqh7z0mdl3v7gwete66syxp
Alex Scott,503139.0,2.0,177.0,1.0,0.26,0.74,2.0,1.0,50.0,0.13,Alex,Scott,2003-08-21,23.05,91.0,8.0,Midfielder,Central Midfielder,mfsus6ryni5b1hjn0y70sbo4,1pse9ta7a45pi2w2grjim70ge,AFC Bournemouth,Bournemouth,Bournemouth,BOU,27.0,296.091,14.0,157.08,0.0,0.0,0.0,0.0,10.966,11.22,7.0,2.0,15.0,0.0,2.0,20.0,12.0,60.0,1.0,1.0,100.0,,,,,,,,,,503139.0,177.0,2.0,2.0,1.0,1.05,50.0,0.278,0.037,0.0,0.0,Alex,Scott,2003-08-21,23.05,91.0,8.0,Midfielder,Central Midfielder,mfsus6ryni5b1hjn0y70sbo4,1pse9ta7a45pi2w2grjim70ge,AFC Bournemouth,Bournemouth,Bournemouth,BOU,503139.0,177.0,2.0,99.0,80.0,80.81,23.0,14.0,60.87,2.0,0.0,0.0,0.0,0.0,0.0,Alex,Scott,2003-08-21,23.05,91.0,8.0,Midfielder,Central Midfielder,mfsus6ryni5b1hjn0y70sbo4,1pse9ta7a45pi2w2grjim70ge,AFC Bournemouth,Bournemouth,Bournemouth,BOU,503139,mfsus6ryni5b1hjn0y70sbo4,91,1pse9ta7a45pi2w2grjim70ge
Alex Tóth,614574.0,1.0,15.0,0.0,0.0,0.0,0.0,0.0,0.0,0.0,Alex,Tóth,2005-10-23,20.88,91.0,27.0,Midfielder,Central Midfielder,9s97wjlj2f6cihmrgvymof1n8,1pse9ta7a45pi2w2grjim70ge,AFC Bournemouth,Bournemouth,Bournemouth,BOU,2.0,37.635,2.0,37.38,0.0,0.0,0.0,0.0,18.818,18.69,1.0,0.0,1.0,0.0,0.0,3.0,1.0,33.333,0.0,0.0,0.0,,,,,,,,,,614574.0,15.0,1.0,0.0,0.0,0.0,0.0,0.004,0.003,0.0,0.0,Alex,Tóth,2005-10-23,20.88,91.0,27.0,Midfielder,Central Midfielder,9s97wjlj2f6cihmrgvymof1n8,1pse9ta7a45pi2w2grjim70ge,AFC Bournemouth,Bournemouth,Bournemouth,BOU,614574.0,15.0,1.0,13.0,12.0,92.31,4.0,3.0,75.0,0.0,0.0,0.0,0.0,0.0,0.0,Alex,Tóth,2005-10-23,20.88,91.0,27.0,Midfielder,Central Midfielder,9s97wjlj2f6cihmrgvymof1n8,1pse9ta7a45pi2w2grjim70ge,AFC Bournemouth,Bournemouth,Bournemouth,BOU,614574,9s97wjlj2f6cihmrgvymof1n8,91,1pse9ta7a45pi2w2grjim70ge
Alexander Isak,219168.0,2.0,180.0,1.0,2.08,-1.08,7.0,3.0,14.29,0.3,Alexander,Isak,1999-09-21,26.97,14.0,9.0,Forward,Striker,7x6mnev1ob4u5ffmdsvusb4rt,c8h9bw1l82s06h77xxrelzhur,Liverpool FC,Liverpool,Liverpool,LIV,4.0,51.7,1.0,15.33,0.0,0.0,0.0,0.0,12.925,15.33,1.0,0.0,0.0,1.0,0.0,9.0,3.0,33.333,5.0,4.0,80.0,,,,,,,,,,219168.0,180.0,2.0,2.0,2.0,12.5,0.0,0.009,0.009,0.0,0.0,Alexander,Isak,1999-09-21,26.97,14.0,9.0,Forward,Striker,7x6mnev1ob4u5ffmdsvusb4rt,c8h9bw1l82s06h77xxrelzhur,Liverpool FC,Liverpool,Liverpool,LIV,219168.0,180.0,2.0,17.0,12.0,70.59,9.0,7.0,77.78,0.0,0.0,0.0,0.0,0.0,0.0,Alexander,Isak,1999-09-21,26.97,14.0,9.0,Forward,Striker,7x6mnev1ob4u5ffmdsvusb4rt,c8h9bw1l82s06h77xxrelzhur,Liverpool FC,Liverpool,Liverpool,LIV,219168,7x6mnev1ob4u5ffmdsvusb4rt,14,c8h9bw1l82s06h77xxrelzhur
Alexis Mac Allister,243016.0,2.0,104.0,0.0,0.0,0.0,0.0,0.0,0.0,0.0,Alexis,Mac Allister,1998-12-24,27.71,14.0,10.0,Midfielder,Attacking Midfielder,am6ppbdrbz4ml3xsbty53o73d,c8h9bw1l82s06h77xxrelzhur,Liverpool FC,Liverpool,Liverpool,LIV,11.0,98.559,6.0,50.19,0.0,0.0,0.0,0.0,8.96,8.365,5.0,0.0,6.0,0.0,2.0,15.0,9.0,60.0,6.0,1.0,16.667,,,,,,,,,,243016.0,104.0,2.0,0.0,0.0,0.0,0.0,0.395,0.395,0.0,0.0,Alexis,Mac Allister,1998-12-24,27.71,14.0,10.0,Midfielder,Attacking Midfielder,am6ppbdrbz4ml3xsbty53o73d,c8h9bw1l82s06h77xxrelzhur,Liverpool FC,Liverpool,Liverpool,LIV,243016.0,104.0,2.0,71.0,63.0,88.73,22.0,20.0,90.91,0.0,0.0,0.0,1.0,1.0,100.0,Alexis,Mac Allister,1998-12-24,27.71,14.0,10.0,Midfielder,Attacking Midfielder,am6ppbdrbz4ml3xsbty53o73d,c8h9bw1l82s06h77xxrelzhur,Liverpool FC,Liverpool,Liverpool,LIV,243016,am6ppbdrbz4ml3xsbty53o73d,14,c8h9bw1l82s06h77xxrelzhur
Alfie Cresswell,592740.0,0.0,0.0,0.0,0.0,0.0,0.0,0.0,0.0,0.0,Alfie,Cresswell,2007-07-15,19.15,2.0,50.0,Midfielder,Central Midfielder,592740,48gk2hpqtsl6p9sx9kjhaydq4,Leeds United FC,Leeds United,Leeds,LEE,0.0,0.0,0.0,0.0,0.0,0.0,0.0,0.0,0.0,0.0,0.0,0.0,0.0,0.0,0.0,0.0,0.0,0.0,0.0,0.0,0.0,,,,,,,,,,592740.0,0.0,0.0,0.0,0.0,0.0,0.0,0.0,0.0,0.0,0.0,Alfie,Cresswell,2007-07-15,19.15,2.0,50.0,Midfielder,Central Midfielder,592740,48gk2hpqtsl6p9sx9kjhaydq4,Leeds United FC,Leeds United,Leeds,LEE,592740.0,0.0,0.0,0.0,0.0,0.0,0.0,0.0,0.0,0.0,0.0,0.0,0.0,0.0,0.0,Alfie,Cresswell,2007-07-15,19.15,2.0,50.0,Midfielder,Central Midfielder,592740,48gk2hpqtsl6p9sx9kjhaydq4,Leeds United FC,Leeds United,Leeds,LEE,592740,592740,2,48gk2hpqtsl6p9sx9kjhaydq4
Alisson Becker,,,,,,,,,,,,,,,,,,,,,,,,,,,,,,,,,,,,,,,,,,,,,,180.0,100.0,0.0,4.0,4.0,50.0,-1.17,0.5,2.83,,,,,,,,,,,,,,,,,,,,,,,,,,,,,,,,,,,,,,,,,,,,,,,,,,,,,,,116535,53d0pvr7ylvfhp6p749iniqc5,14,c8h9bw1l82s06h77xxrelzhur
Alysson,653481.0,2.0,27.0,0.0,0.0,0.0,0.0,0.0,0.0,0.0,Alysson Edward Franco,da Rocha dos Santos,2006-05-05,20.35,7.0,47.0,Forward,Winger,7x5very8ubtscmpfk4ghfpwyc,b496gs285it6bheuikox6z9mj,Aston Villa FC,Aston Villa,Villa,AVL,6.0,80.525,3.0,42.525,0.0,0.0,0.0,0.0,13.421,14.175,2.0,0.0,2.0,0.0,1.0,3.0,2.0,66.667,1.0,0.0,0.0,,,,,,,,,,653481.0,27.0,2.0,0.0,0.0,0.0,0.0,0.004,0.004,0.0,0.0,Alysson Edward Franco,da Rocha dos Santos,2006-05-05,20.35,7.0,47.0,Forward,Winger,7x5very8ubtscmpfk4ghfpwyc,b496gs285it6bheuikox6z9mj,Aston Villa FC,Aston Villa,Villa,AVL,653481.0,27.0,2.0,7.0,6.0,85.71,3.0,2.0,66.67,0.0,0.0,0.0,0.0,0.0,0.0,Alysson Edward Franco,da Rocha dos Santos,2006-05-05,20.35,7.0,47.0,Forward,Winger,7x5very8ubtscmpfk4ghfpwyc,b496gs285it6bheuikox6z9mj,Aston Villa FC,Aston Villa,Villa,AVL,653481,7x5very8ubtscmpfk4ghfpwyc,7,b496gs285it6bheuikox6z9mj
Amar Dedic,463726.0,2.0,180.0,0.0,0.03,-0.03,1.0,0.0,0.0,0.03,Amar,Dedic,2002-08-18,24.06,4.0,37.0,Defender,Full Back,a536nk8ps5vrgextz3k3hcl0q,7vn2i2kd35zuetw6b38gw9jsz,Newcastle United FC,Newcastle United,Newcastle,NEW,14.0,165.091,8.0,96.285,1.0,0.0,0.0,0.0,11.792,12.036,5.0,0.0,7.0,2.0,10.0,16.0,9.0,56.25,4.0,2.0,50.0,,,,,,,,,,463726.0,180.0,2.0,2.0,2.0,2.22,0.0,0.062,0.061,1.0,1.0,Amar,Dedic,2002-08-18,24.06,4.0,37.0,Defender,Full Back,a536nk8ps5vrgextz3k3hcl0q,7vn2i2kd35zuetw6b38gw9jsz,Newcastle United FC,Newcastle United,Newcastle,NEW,463726.0,180.0,2.0,47.0,43.0,91.49,10.0,8.0,80.0,2.0,2.0,100.0,0.0,0.0,0.0,Amar,Dedic,2002-08-18,24.06,4.0,37.0,Defender,Full Back,a536nk8ps5vrgextz3k3hcl0q,7vn2i2kd35zuetw6b38gw9jsz,Newcastle United FC,Newcastle United,Newcastle,NEW,463726,a536nk8ps5vrgextz3k3hcl0q,4,7vn2i2kd35zuetw6b38gw9jsz
Amario Cozier-Duberry,519324.0,0.0,0.0,0.0,0.0,0.0,0.0,0.0,0.0,0.0,Amario,Cozier-Duberry,2005-05-29,21.28,36.0,22.0,Midfielder,Winger,519324,e5p0ehyguld7egzhiedpdnc3w,Brighton & Hove Albion FC,Brighton & Hove Albion,Brighton,BHA,0.0,0.0,0.0,0.0,0.0,0.0,0.0,0.0,0.0,0.0,0.0,0.0,0.0,0.0,0.0,0.0,0.0,0.0,0.0,0.0,0.0,,,,,,,,,,519324.0,0.0,0.0,0.0,0.0,0.0,0.0,0.0,0.0,0.0,0.0,Amario,Cozier-Duberry,2005-05-29,21.28,36.0,22.0,Midfielder,Winger,519324,e5p0ehyguld7egzhiedpdnc3w,Brighton & Hove Albion FC,Brighton & Hove Albion,Brighton,BHA,519324.0,0.0,0.0,0.0,0.0,0.0,0.0,0.0,0.0,0.0,0.0,0.0,0.0,0.0,0.0,Amario,Cozier-Duberry,2005-05-29,21.28,36.0,22.0,Midfielder,Winger,519324,e5p0ehyguld7egzhiedpdnc3w,Brighton & Hove Albion FC,Brighton & Hove Albion,Brighton,BHA,519324,519324,36,e5p0ehyguld7egzhiedpdnc3w
Anan Khalaili,570794.0,2.0,110.0,0.0,0.02,-0.02,1.0,0.0,0.0,0.02,Anan,Khalaili,2004-09-03,22.01,31.0,25.0,Defender,Full Back,earug82pg87gzwvm5yt1yd990,1c8m2ko0wxq1asfkuykurdr0y,Crystal Palace FC,Crystal Palace,Palace,CRY,19.0,237.752,13.0,173.145,1.0,0.0,0.0,0.0,12.513,13.319,14.0,3.0,8.0,1.0,5.0,25.0,19.0,76.0,4.0,1.0,25.0,,,,,,,,,,570794.0,110.0,2.0,2.0,2.0,4.17,0.0,0.159,0.158,0.0,0.0,Anan,Khalaili,2004-09-03,22.01,31.0,25.0,Defender,Full Back,earug82pg87gzwvm5yt1yd990,1c8m2ko0wxq1asfkuykurdr0y,Crystal Palace FC,Crystal Palace,Palace,CRY,570794.0,110.0,2.0,49.0,44.0,89.8,9.0,7.0,77.78,7.0,1.0,14.29,0.0,0.0,0.0,Anan,Khalaili,2004-09-03,22.01,31.0,25.0,Defender,Full Back,earug82pg87gzwvm5yt1yd990,1c8m2ko0wxq1asfkuykurdr0y,Crystal Palace FC,Crystal Palace,Palace,CRY,570794,earug82pg87gzwvm5yt1yd990,31,1c8m2ko0wxq1asfkuykurdr0y
Andrey Santos,532605.0,2.0,77.0,0.0,0.0,0.0,0.0,0.0,0.0,0.0,Andrey,Nascimento dos Santos,2004-05-03,22.35,1.0,17.0,Midfielder,Defensive Midfielder,39ccv9t7ydrrcwd1es1xu2e50,6eqit8ye8aomdsrrq0hk3v7gh,Manchester United FC,Manchester United,Man Utd,MUN,20.0,201.307,9.0,126.63,0.0,0.0,0.0,0.0,10.065,14.07,4.0,0.0,7.0,0.0,3.0,9.0,6.0,66.667,3.0,2.0,66.667,,,,,,,,,,532605.0,77.0,2.0,0.0,0.0,0.0,0.0,0.236,0.236,0.0,0.0,Andrey,Nascimento dos Santos,2004-05-03,22.35,1.0,17.0,Midfielder,Defensive Midfielder,39ccv9t7ydrrcwd1es1xu2e50,6eqit8ye8aomdsrrq0hk3v7gh,Manchester United FC,Manchester United,Man Utd,MUN,532605.0,77.0,2.0,75.0,69.0,92.0,15.0,15.0,100.0,0.0,0.0,0.0,0.0,0.0,0.0,Andrey,Nascimento dos Santos,2004-05-03,22.35,1.0,17.0,Midfielder,Defensive Midfielder,39ccv9t7ydrrcwd1es1xu2e50,6eqit8ye8aomdsrrq0hk3v7gh,Manchester United FC,Manchester United,Man Utd,MUN,532605,39ccv9t7ydrrcwd1es1xu2e50,1,6eqit8ye8aomdsrrq0hk3v7gh
Andy Robertson,122798.0,2.0,158.0,0.0,0.06,-0.06,1.0,1.0,0.0,0.06,Andy,Robertson,1994-03-11,32.5,6.0,3.0,Defender,Full Back,eziqega9e25bg939pfh4vjp3p,22doj4sgsocqpxw45h607udje,Tottenham Hotspur FC,Tottenham Hotspur,Spurs,TOT,9.0,116.782,9.0,113.82,0.0,0.0,1.0,0.0,12.976,12.647,3.0,2.0,4.0,2.0,7.0,5.0,5.0,100.0,4.0,2.0,50.0,,,,,,,,,,122798.0,158.0,2.0,2.0,1.0,1.1,50.0,0.077,0.069,0.0,0.0,Andy,Robertson,1994-03-11,32.5,6.0,3.0,Defender,Full Back,eziqega9e25bg939pfh4vjp3p,22doj4sgsocqpxw45h607udje,Tottenham Hotspur FC,Tottenham Hotspur,Spurs,TOT,122798.0,158.0,2.0,95.0,77.0,81.05,31.0,22.0,70.97,5.0,1.0,20.0,0.0,0.0,0.0,Andy,Robertson,1994-03-11,32.5,6.0,3.0,Defender,Full Back,eziqega9e25bg939pfh4vjp3p,22doj4sgsocqpxw45h607udje,Tottenham Hotspur FC,Tottenham Hotspur,Spurs,TOT,122798,eziqega9e25bg939pfh4vjp3p,6,22doj4sgsocqpxw45h607udje
Anthony Elanga,449434.0,2.0,158.0,2.0,0.42,1.58,4.0,3.0,50.0,0.1,Anthony,Elanga,2002-04-27,24.37,4.0,19.0,Forward,Winger,5wengf05apke7rv3kms186j56,7vn2i2kd35zuetw6b38gw9jsz,Newcastle United FC,Newcastle United,Newcastle,NEW,16.0,198.356,12.0,160.02,3.0,1.0,0.0,0.0,12.397,13.335,2.0,0.0,2.0,0.0,1.0,12.0,8.0,66.667,2.0,1.0,50.0,,,,,,,,,,449434.0,158.0,2.0,1.0,0.0,0.0,100.0,0.107,0.016,0.0,0.0,Anthony,Elanga,2002-04-27,24.37,4.0,19.0,Forward,Winger,5wengf05apke7rv3kms186j56,7vn2i2kd35zuetw6b38gw9jsz,Newcastle United FC,Newcastle United,Newcastle,NEW,449434.0,158.0,2.0,35.0,23.0,65.71,19.0,13.0,68.42,2.0,0.0,0.0,0.0,0.0,0.0,Anthony,Elanga,2002-04-27,24.37,4.0,19.0,Forward,Winger,5wengf05apke7rv3kms186j56,7vn2i2kd35zuetw6b38gw9jsz,Newcastle United FC,Newcastle United,Newcastle,NEW,449434,5wengf05apke7rv3kms186j56,4,7vn2i2kd35zuetw6b38gw9jsz
Antoine Semenyo,437730.0,2.0,180.0,0.0,0.12,-0.12,3.0,2.0,0.0,0.04,Antoine,Semenyo,2000-01-07,26.67,43.0,42.0,Forward,Winger,7tnuxlg9l4rjhc7j3ko36hduy,a3nyxabgsqlnqfkeg41m6tnpp,Manchester City FC,Manchester City,Man City,MCI,53.0,743.045,37.0,406.35,1.0,0.0,1.0,0.0,14.02,10.982,2.0,0.0,6.0,0.0,0.0,27.0,10.0,37.037,3.0,1.0,33.333,,,,,,,,,,437730.0,180.0,2.0,3.0,3.0,2.53,0.0,0.59,0.589,1.0,1.0,Antoine,Semenyo,2000-01-07,26.67,43.0,42.0,Forward,Winger,7tnuxlg9l4rjhc7j3ko36hduy,a3nyxabgsqlnqfkeg41m6tnpp,Manchester City FC,Manchester City,Man City,MCI,437730.0,180.0,2.0,79.0,72.0,91.14,33.0,30.0,90.91,5.0,1.0,20.0,0.0,0.0,0.0,Antoine,Semenyo,2000-01-07,26.67,43.0,42.0,Forward,Winger,7tnuxlg9l4rjhc7j3ko36hduy,a3nyxabgsqlnqfkeg41m6tnpp,Manchester City FC,Manchester City,Man City,MCI,437730,7tnuxlg9l4rjhc7j3ko36hduy,43,a3nyxabgsqlnqfkeg41m6tnpp
Anton Stach,466525.0,2.0,180.0,1.0,0.17,0.83,4.0,1.0,25.0,0.04,Anton,Stach,1998-11-15,27.82,2.0,18.0,Midfielder,Defensive Midfielder,az7owi5t4bclkamjsjuyxzv1l,48gk2hpqtsl6p9sx9kjhaydq4,Leeds United FC,Leeds United,Leeds,LEE,9.0,90.428,6.0,63.315,0.0,0.0,0.0,0.0,10.048,10.552,7.0,6.0,9.0,0.0,10.0,22.0,13.0,59.091,5.0,4.0,80.0,,,,,,,,,,466525.0,180.0,2.0,1.0,1.0,1.69,0.0,0.061,0.061,0.0,0.0,Anton,Stach,1998-11-15,27.82,2.0,18.0,Midfielder,Defensive Midfielder,az7owi5t4bclkamjsjuyxzv1l,48gk2hpqtsl6p9sx9kjhaydq4,Leeds United FC,Leeds United,Leeds,LEE,466525.0,180.0,2.0,63.0,36.0,57.14,27.0,11.0,40.74,1.0,1.0,100.0,0.0,0.0,0.0,Anton,Stach,1998-11-15,27.82,2.0,18.0,Midfielder,Defensive Midfielder,az7owi5t4bclkamjsjuyxzv1l,48gk2hpqtsl6p9sx9kjhaydq4,Leeds United FC,Leeds United,Leeds,LEE,466525,az7owi5t4bclkamjsjuyxzv1l,2,48gk2hpqtsl6p9sx9kjhaydq4
Antonee Robinson,169528.0,2.0,172.0,0.0,0.13,-0.13,1.0,0.0,0.0,0.13,Antonee,Robinson,1997-08-08,29.09,54.0,33.0,Defender,Full Back,bgc1psqiv7vagmphfl920nbah,hzqh7z0mdl3v7gwete66syxp,Fulham FC,Fulham,Fulham,FUL,17.0,208.169,10.0,157.5,0.0,0.0,0.0,0.0,12.245,15.75,6.0,1.0,7.0,1.0,2.0,16.0,9.0,56.25,4.0,0.0,0.0,,,,,,,,,,169528.0,172.0,2.0,1.0,1.0,1.01,0.0,0.065,0.064,0.0,0.0,Antonee,Robinson,1997-08-08,29.09,54.0,33.0,Defender,Full Back,bgc1psqiv7vagmphfl920nbah,hzqh7z0mdl3v7gwete66syxp,Fulham FC,Fulham,Fulham,FUL,169528.0,172.0,2.0,99.0,76.0,76.77,38.0,28.0,73.68,7.0,2.0,28.57,0.0,0.0,0.0,Antonee,Robinson,1997-08-08,29.09,54.0,33.0,Defender,Full Back,bgc1psqiv7vagmphfl920nbah,hzqh7z0mdl3v7gwete66syxp,Fulham FC,Fulham,Fulham,FUL,169528,bgc1psqiv7vagmphfl920nbah,54,hzqh7z0mdl3v7gwete66syxp
Antonín Kinsky,,,,,,,,,,,,,,,,,,,,,,,,,,,,,,,,,,,,,,,,,,,,,,180.0,100.0,0.0,5.0,5.0,50.0,-1.19,0.6,3.81,,,,,,,,,,,,,,,,,,,,,,,,,,,,,,,,,,,,,,,,,,,,,,,,,,,,,,,485055,5qc2hwkixcdpfbq6qmfpxvey2,6,22doj4sgsocqpxw45h607udje
António Silva,483067.0,2.0,180.0,0.0,0.25,-0.25,1.0,0.0,0.0,0.25,António João,Pereira de Albuquerque Tavares da Silva,2003-10-30,22.86,91.0,14.0,Defender,Central Defender,2p86mzr8qnu9iy01fusvovf56,1pse9ta7a45pi2w2grjim70ge,AFC Bournemouth,Bournemouth,Bournemouth,BOU,23.0,274.278,13.0,145.845,0.0,0.0,0.0,0.0,11.925,11.219,2.0,2.0,5.0,2.0,17.0,5.0,2.0,40.0,7.0,4.0,57.143,,,,,,,,,,483067.0,180.0,2.0,0.0,0.0,0.0,0.0,0.033,0.033,0.0,0.0,António João,Pereira de Albuquerque Tavares da Silva,2003-10-30,22.86,91.0,14.0,Defender,Central Defender,2p86mzr8qnu9iy01fusvovf56,1pse9ta7a45pi2w2grjim70ge,AFC Bournemouth,Bournemouth,Bournemouth,BOU,483067.0,180.0,2.0,89.0,80.0,89.89,18.0,14.0,77.78,0.0,0.0,0.0,0.0,0.0,0.0,António João,Pereira de Albuquerque Tavares da Silva,2003-10-30,22.86,91.0,14.0,Defender,Central Defender,2p86mzr8qnu9iy01fusvovf56,1pse9ta7a45pi2w2grjim70ge,AFC Bournemouth,Bournemouth,Bournemouth,BOU,483067,2p86mzr8qnu9iy01fusvovf56,91,1pse9ta7a45pi2w2grjim70ge
Ao Tanaka,248056.0,1.0,45.0,0.0,0.0,0.0,0.0,0.0,0.0,0.0,Ao,Tanaka,1998-09-10,28.0,2.0,22.0,Midfielder,0,28ucbvor6b0yxreoieehudfc9,48gk2hpqtsl6p9sx9kjhaydq4,Leeds United FC,Leeds United,Leeds,LEE,8.0,75.952,2.0,-6.825,0.0,0.0,0.0,0.0,9.494,-3.412,3.0,0.0,3.0,1.0,4.0,5.0,4.0,80.0,2.0,1.0,50.0,,,,,,,,,,248056.0,45.0,1.0,0.0,0.0,0.0,0.0,0.011,0.011,0.0,0.0,Ao,Tanaka,1998-09-10,28.0,2.0,22.0,Midfielder,0,28ucbvor6b0yxreoieehudfc9,48gk2hpqtsl6p9sx9kjhaydq4,Leeds United FC,Leeds United,Leeds,LEE,248056.0,45.0,1.0,26.0,22.0,84.62,4.0,2.0,50.0,0.0,0.0,0.0,0.0,0.0,0.0,Ao,Tanaka,1998-09-10,28.0,2.0,22.0,Midfielder,0,28ucbvor6b0yxreoieehudfc9,48gk2hpqtsl6p9sx9kjhaydq4,Leeds United FC,Leeds United,Leeds,LEE,248056,28ucbvor6b0yxreoieehudfc9,2,48gk2hpqtsl6p9sx9kjhaydq4
Archie Gray,547701.0,2.0,154.0,0.0,0.0,0.0,0.0,0.0,0.0,0.0,Archie,Gray,2006-03-12,20.49,6.0,14.0,Midfielder,Central Midfielder,4stnvxbf7enogqej29n3ll0d0,22doj4sgsocqpxw45h607udje,Tottenham Hotspur FC,Tottenham Hotspur,Spurs,TOT,14.0,128.169,9.0,90.615,0.0,0.0,0.0,0.0,9.155,10.068,1.0,2.0,5.0,0.0,3.0,9.0,6.0,66.667,1.0,1.0,100.0,,,,,,,,,,547701.0,154.0,2.0,0.0,0.0,0.0,0.0,0.016,0.015,0.0,0.0,Archie,Gray,2006-03-12,20.49,6.0,14.0,Midfielder,Central Midfielder,4stnvxbf7enogqej29n3ll0d0,22doj4sgsocqpxw45h607udje,Tottenham Hotspur FC,Tottenham Hotspur,Spurs,TOT,547701.0,154.0,2.0,59.0,47.0,79.66,16.0,14.0,87.5,2.0,0.0,0.0,0.0,0.0,0.0,Archie,Gray,2006-03-12,20.49,6.0,14.0,Midfielder,Central Midfielder,4stnvxbf7enogqej29n3ll0d0,22doj4sgsocqpxw45h607udje,Tottenham Hotspur FC,Tottenham Hotspur,Spurs,TOT,547701,4stnvxbf7enogqej29n3ll0d0,6,22doj4sgsocqpxw45h607udje
Arnaud Kalimuendo,465680.0,1.0,1.0,0.0,0.0,0.0,0.0,0.0,0.0,0.0,Arnaud,Kalimuendo,2002-01-20,24.64,17.0,15.0,Forward,Striker,dw9fzixumboknmucqgqffurmy,1qtaiy11gswx327s0vkibf70n,Nottingham Forest FC,Nottingham Forest,Forest,NFO,0.0,0.0,0.0,0.0,0.0,0.0,0.0,0.0,0.0,0.0,0.0,0.0,0.0,0.0,0.0,0.0,0.0,0.0,0.0,0.0,0.0,,,,,,,,,,465680.0,1.0,1.0,0.0,0.0,0.0,0.0,0.0,0.0,0.0,0.0,Arnaud,Kalimuendo,2002-01-20,24.64,17.0,15.0,Forward,Striker,dw9fzixumboknmucqgqffurmy,1qtaiy11gswx327s0vkibf70n,Nottingham Forest FC,Nottingham Forest,Forest,NFO,465680.0,1.0,1.0,0.0,0.0,0.0,0.0,0.0,0.0,0.0,0.0,0.0,0.0,0.0,0.0,Arnaud,Kalimuendo,2002-01-20,24.64,17.0,15.0,Forward,Striker,dw9fzixumboknmucqgqffurmy,1qtaiy11gswx327s0vkibf70n,Nottingham Forest FC,Nottingham Forest,Forest,NFO,465680,dw9fzixumboknmucqgqffurmy,17,1qtaiy11gswx327s0vkibf70n
Aurèle Amenda,539142.0,2.0,180.0,0.0,0.02,-0.02,1.0,0.0,0.0,0.02,Aurèle,Amenda,2003-07-31,23.11,9.0,24.0,Defender,Central Defender,ekl9e2t93vow1buusgdcs3giy,dacoc20k0n3fxu4zek8wufmko,Coventry City FC,Coventry City,Coventry,COV,38.0,415.941,21.0,251.685,1.0,0.0,0.0,0.0,10.946,11.985,0.0,0.0,5.0,3.0,10.0,5.0,1.0,20.0,9.0,6.0,66.667,,,,,,,,,,539142.0,180.0,2.0,0.0,0.0,0.0,0.0,0.043,0.043,0.0,0.0,Aurèle,Amenda,2003-07-31,23.11,9.0,24.0,Defender,Central Defender,ekl9e2t93vow1buusgdcs3giy,dacoc20k0n3fxu4zek8wufmko,Coventry City FC,Coventry City,Coventry,COV,539142.0,180.0,2.0,106.0,97.0,91.51,19.0,16.0,84.21,0.0,0.0,0.0,0.0,0.0,0.0,Aurèle,Amenda,2003-07-31,23.11,9.0,24.0,Defender,Central Defender,ekl9e2t93vow1buusgdcs3giy,dacoc20k0n3fxu4zek8wufmko,Coventry City FC,Coventry City,Coventry,COV,539142,ekl9e2t93vow1buusgdcs3giy,9,dacoc20k0n3fxu4zek8wufmko
Axel Disasi,220362.0,1.0,16.0,0.0,0.0,0.0,0.0,0.0,0.0,0.0,Axel,Disasi,1998-03-11,28.5,31.0,5.0,Defender,Central Defender,3djmsd2atvq16ysmocq7twsfd,1c8m2ko0wxq1asfkuykurdr0y,Crystal Palace FC,Crystal Palace,Palace,CRY,1.0,14.622,0.0,-14.595,0.0,0.0,0.0,0.0,14.622,0.0,1.0,0.0,1.0,0.0,0.0,2.0,1.0,50.0,1.0,0.0,0.0,,,,,,,,,,220362.0,16.0,1.0,0.0,0.0,0.0,0.0,0.0,0.0,0.0,0.0,Axel,Disasi,1998-03-11,28.5,31.0,5.0,Defender,Central Defender,3djmsd2atvq16ysmocq7twsfd,1c8m2ko0wxq1asfkuykurdr0y,Crystal Palace FC,Crystal Palace,Palace,CRY,220362.0,16.0,1.0,7.0,5.0,71.43,1.0,0.0,0.0,0.0,0.0,0.0,0.0,0.0,0.0,Axel,Disasi,1998-03-11,28.5,31.0,5.0,Defender,Central Defender,3djmsd2atvq16ysmocq7twsfd,1c8m2ko0wxq1asfkuykurdr0y,Crystal Palace FC,Crystal Palace,Palace,CRY,220362,3djmsd2atvq16ysmocq7twsfd,31,1c8m2ko0wxq1asfkuykurdr0y
Ayden Heaven,606745.0,1.0,90.0,0.0,0.12,-0.12,2.0,0.0,0.0,0.06,Ayden,Heaven,2006-09-22,19.96,1.0,26.0,Defender,Full Back,4tb2hobv1dwon0e8djvuohxxw,6eqit8ye8aomdsrrq0hk3v7gh,Manchester United FC,Manchester United,Man Utd,MUN,21.0,192.066,7.0,16.065,0.0,0.0,0.0,0.0,9.146,2.295,1.0,0.0,4.0,0.0,1.0,5.0,3.0,60.0,6.0,2.0,33.333,,,,,,,,,,606745.0,90.0,1.0,0.0,0.0,0.0,0.0,0.036,0.036,0.0,0.0,Ayden,Heaven,2006-09-22,19.96,1.0,26.0,Defender,Full Back,4tb2hobv1dwon0e8djvuohxxw,6eqit8ye8aomdsrrq0hk3v7gh,Manchester United FC,Manchester United,Man Utd,MUN,606745.0,90.0,1.0,67.0,61.0,91.04,11.0,9.0,81.82,0.0,0.0,0.0,0.0,0.0,0.0,Ayden,Heaven,2006-09-22,19.96,1.0,26.0,Defender,Full Back,4tb2hobv1dwon0e8djvuohxxw,6eqit8ye8aomdsrrq0hk3v7gh,Manchester United FC,Manchester United,Man Utd,MUN,606745,4tb2hobv1dwon0e8djvuohxxw,1,6eqit8ye8aomdsrrq0hk3v7gh
Ayyoub Bouaddi,637238.0,1.0,8.0,0.0,0.0,0.0,0.0,0.0,0.0,0.0,Ayyoub,Bouaddi,2007-10-02,18.93,43.0,32.0,Midfielder,Central Midfielder,b8w8yita3r3unmolru3o95ous,a3nyxabgsqlnqfkeg41m6tnpp,Manchester City FC,Manchester City,Man City,MCI,7.0,94.158,7.0,89.25,0.0,0.0,0.0,0.0,13.451,12.75,0.0,1.0,0.0,0.0,0.0,0.0,0.0,0.0,0.0,0.0,0.0,,,,,,,,,,637238.0,8.0,1.0,0.0,0.0,0.0,0.0,0.116,0.116,0.0,0.0,Ayyoub,Bouaddi,2007-10-02,18.93,43.0,32.0,Midfielder,Central Midfielder,b8w8yita3r3unmolru3o95ous,a3nyxabgsqlnqfkeg41m6tnpp,Manchester City FC,Manchester City,Man City,MCI,637238.0,8.0,1.0,21.0,21.0,100.0,5.0,5.0,100.0,0.0,0.0,0.0,1.0,1.0,100.0,Ayyoub,Bouaddi,2007-10-02,18.93,43.0,32.0,Midfielder,Central Midfielder,b8w8yita3r3unmolru3o95ous,a3nyxabgsqlnqfkeg41m6tnpp,Manchester City FC,Manchester City,Man City,MCI,637238,b8w8yita3r3unmolru3o95ous,43,a3nyxabgsqlnqfkeg41m6tnpp
Bafodé Diakité,242882.0,0.0,0.0,0.0,0.0,0.0,0.0,0.0,0.0,0.0,Bafodé,Diakité,2001-01-06,25.67,91.0,18.0,Defender,Central Defender,242882,1pse9ta7a45pi2w2grjim70ge,AFC Bournemouth,Bournemouth,Bournemouth,BOU,0.0,0.0,0.0,0.0,0.0,0.0,0.0,0.0,0.0,0.0,0.0,0.0,0.0,0.0,0.0,0.0,0.0,0.0,0.0,0.0,0.0,,,,,,,,,,242882.0,0.0,0.0,0.0,0.0,0.0,0.0,0.0,0.0,0.0,0.0,Bafodé,Diakité,2001-01-06,25.67,91.0,18.0,Defender,Central Defender,242882,1pse9ta7a45pi2w2grjim70ge,AFC Bournemouth,Bournemouth,Bournemouth,BOU,242882.0,0.0,0.0,0.0,0.0,0.0,0.0,0.0,0.0,0.0,0.0,0.0,0.0,0.0,0.0,Bafodé,Diakité,2001-01-06,25.67,91.0,18.0,Defender,Central Defender,242882,1pse9ta7a45pi2w2grjim70ge,AFC Bournemouth,Bournemouth,Bournemouth,BOU,242882,242882,91,1pse9ta7a45pi2w2grjim70ge
Bart Verbruggen,,,,,,,,,,,,,,,,,,,,,,,,,,,,,,,,,,,,,,,,,,,,,,180.0,100.0,0.0,4.0,1.0,20.0,-1.4,0.5,2.6,,,,,,,,,,,,,,,,,,,,,,,,,,,,,,,,,,,,,,,,,,,,,,,,,,,,,,,489639,3wwi5vf2l1qbz7e5zdjoy8yga,36,e5p0ehyguld7egzhiedpdnc3w
Bazoumana Touré,611665.0,1.0,1.0,0.0,0.0,0.0,0.0,0.0,0.0,0.0,Bazoumana,Touré,2006-03-02,20.52,4.0,17.0,Forward,Winger,c2p36c1bs0hddw58lf48iy68k,7vn2i2kd35zuetw6b38gw9jsz,Newcastle United FC,Newcastle United,Newcastle,NEW,0.0,0.0,0.0,0.0,0.0,0.0,0.0,0.0,0.0,0.0,0.0,0.0,0.0,0.0,0.0,0.0,0.0,0.0,0.0,0.0,0.0,,,,,,,,,,611665.0,1.0,1.0,0.0,0.0,0.0,0.0,0.0,0.0,0.0,0.0,Bazoumana,Touré,2006-03-02,20.52,4.0,17.0,Forward,Winger,c2p36c1bs0hddw58lf48iy68k,7vn2i2kd35zuetw6b38gw9jsz,Newcastle United FC,Newcastle United,Newcastle,NEW,611665.0,1.0,1.0,1.0,0.0,0.0,1.0,0.0,0.0,0.0,0.0,0.0,0.0,0.0,0.0,Bazoumana,Touré,2006-03-02,20.52,4.0,17.0,Forward,Winger,c2p36c1bs0hddw58lf48iy68k,7vn2i2kd35zuetw6b38gw9jsz,Newcastle United FC,Newcastle United,Newcastle,NEW,611665,c2p36c1bs0hddw58lf48iy68k,4,7vn2i2kd35zuetw6b38gw9jsz
Ben Davies,115556.0,0.0,0.0,0.0,0.0,0.0,0.0,0.0,0.0,0.0,Ben,Davies,1993-04-24,33.38,6.0,33.0,Defender,Full Back,115556,22doj4sgsocqpxw45h607udje,Tottenham Hotspur FC,Tottenham Hotspur,Spurs,TOT,0.0,0.0,0.0,0.0,0.0,0.0,0.0,0.0,0.0,0.0,0.0,0.0,0.0,0.0,0.0,0.0,0.0,0.0,0.0,0.0,0.0,,,,,,,,,,115556.0,0.0,0.0,0.0,0.0,0.0,0.0,0.0,0.0,0.0,0.0,Ben,Davies,1993-04-24,33.38,6.0,33.0,Defender,Full Back,115556,22doj4sgsocqpxw45h607udje,Tottenham Hotspur FC,Tottenham Hotspur,Spurs,TOT,115556.0,0.0,0.0,0.0,0.0,0.0,0.0,0.0,0.0,0.0,0.0,0.0,0.0,0.0,0.0,Ben,Davies,1993-04-24,33.38,6.0,33.0,Defender,Full Back,115556,22doj4sgsocqpxw45h607udje,Tottenham Hotspur FC,Tottenham Hotspur,Spurs,TOT,115556,115556,6,22doj4sgsocqpxw45h607udje
Ben Gannon-Doak,496208.0,1.0,1.0,0.0,0.0,0.0,0.0,0.0,0.0,0.0,Ben,Gannon-Doak,2005-11-11,20.82,91.0,11.0,Forward,Winger,5fn9m086q3b5kdgt055bol638,1pse9ta7a45pi2w2grjim70ge,AFC Bournemouth,Bournemouth,Bournemouth,BOU,1.0,12.422,1.0,11.445,0.0,0.0,0.0,0.0,12.422,11.445,0.0,0.0,1.0,0.0,0.0,1.0,0.0,0.0,0.0,0.0,0.0,,,,,,,,,,496208.0,1.0,1.0,0.0,0.0,0.0,0.0,0.002,0.002,0.0,0.0,Ben,Gannon-Doak,2005-11-11,20.82,91.0,11.0,Forward,Winger,5fn9m086q3b5kdgt055bol638,1pse9ta7a45pi2w2grjim70ge,AFC Bournemouth,Bournemouth,Bournemouth,BOU,496208.0,1.0,1.0,3.0,2.0,66.67,1.0,1.0,100.0,1.0,0.0,0.0,0.0,0.0,0.0,Ben,Gannon-Doak,2005-11-11,20.82,91.0,11.0,Forward,Winger,5fn9m086q3b5kdgt055bol638,1pse9ta7a45pi2w2grjim70ge,AFC Bournemouth,Bournemouth,Bournemouth,BOU,496208,5fn9m086q3b5kdgt055bol638,91,1pse9ta7a45pi2w2grjim70ge
Ben White,198869.0,2.0,180.0,0.0,0.18,-0.18,1.0,0.0,0.0,0.18,Ben,White,1997-10-08,28.92,3.0,4.0,Defender,Central Defender,cnmlhoum9aahwqruxgmz2gcfd,4dsgumo7d4zupm2ugsvm4zm4d,Arsenal FC,Arsenal,Arsenal,ARS,17.0,158.682,11.0,87.885,1.0,0.0,0.0,0.0,9.334,7.99,2.0,2.0,5.0,0.0,5.0,5.0,4.0,80.0,9.0,6.0,66.667,,,,,,,,,,198869.0,180.0,2.0,3.0,3.0,1.8,0.0,0.26,0.259,1.0,1.0,Ben,White,1997-10-08,28.92,3.0,4.0,Defender,Central Defender,cnmlhoum9aahwqruxgmz2gcfd,4dsgumo7d4zupm2ugsvm4zm4d,Arsenal FC,Arsenal,Arsenal,ARS,198869.0,180.0,2.0,114.0,98.0,85.96,45.0,37.0,82.22,6.0,2.0,33.33,0.0,0.0,0.0,Ben,White,1997-10-08,28.92,3.0,4.0,Defender,Central Defender,cnmlhoum9aahwqruxgmz2gcfd,4dsgumo7d4zupm2ugsvm4zm4d,Arsenal FC,Arsenal,Arsenal,ARS,198869,cnmlhoum9aahwqruxgmz2gcfd,3,4dsgumo7d4zupm2ugsvm4zm4d
Benjamin Sesko,485711.0,2.0,33.0,0.0,0.04,-0.04,1.0,0.0,0.0,0.04,Benjamin,Sesko,2003-05-31,23.28,1.0,30.0,Forward,Striker,4ynekiqwgd0l8h7cuyvdl28ve,6eqit8ye8aomdsrrq0hk3v7gh,Manchester United FC,Manchester United,Man Utd,MUN,5.0,61.413,3.0,39.9,0.0,0.0,1.0,0.0,12.283,13.3,0.0,0.0,3.0,0.0,0.0,3.0,0.0,0.0,4.0,1.0,25.0,,,,,,,,,,485711.0,33.0,2.0,1.0,1.0,11.11,0.0,0.008,0.008,0.0,0.0,Benjamin,Sesko,2003-05-31,23.28,1.0,30.0,Forward,Striker,4ynekiqwgd0l8h7cuyvdl28ve,6eqit8ye8aomdsrrq0hk3v7gh,Manchester United FC,Manchester United,Man Utd,MUN,485711.0,33.0,2.0,10.0,8.0,80.0,3.0,2.0,66.67,1.0,0.0,0.0,0.0,0.0,0.0,Benjamin,Sesko,2003-05-31,23.28,1.0,30.0,Forward,Striker,4ynekiqwgd0l8h7cuyvdl28ve,6eqit8ye8aomdsrrq0hk3v7gh,Manchester United FC,Manchester United,Man Utd,MUN,485711,4ynekiqwgd0l8h7cuyvdl28ve,1,6eqit8ye8aomdsrrq0hk3v7gh
Bernd Leno,,,,,,,,,,,,,,,,,,,,,,,,,,,,,,,,,,,,,,,,,,,,,,180.0,100.0,0.0,4.0,6.0,60.0,-0.65,0.75,3.35,,,,,,,,,,,,,,,,,,,,,,,,,,,,,,,,,,,,,,,,,,,,,,,,,,,,,,,80201,2f79rc4i712sxstahjkq6pxp1,54,hzqh7z0mdl3v7gwete66syxp
Beto,486385.0,2.0,31.0,0.0,0.09,-0.09,2.0,0.0,0.0,0.04,Norberto Bercique,Gomes Betuncal,1998-01-31,28.61,11.0,9.0,Forward,Striker,6z3a27dxffwacyxof0imvcfvu,ehd2iemqmschhj2ec0vayztzz,Everton FC,Everton,Everton,EVE,1.0,6.804,0.0,4.725,0.0,0.0,0.0,0.0,6.804,0.0,0.0,0.0,0.0,1.0,0.0,1.0,0.0,0.0,5.0,1.0,20.0,,,,,,,,,,486385.0,31.0,2.0,0.0,0.0,0.0,0.0,0.005,0.005,0.0,0.0,Norberto Bercique,Gomes Betuncal,1998-01-31,28.61,11.0,9.0,Forward,Striker,6z3a27dxffwacyxof0imvcfvu,ehd2iemqmschhj2ec0vayztzz,Everton FC,Everton,Everton,EVE,486385.0,31.0,2.0,6.0,4.0,66.67,2.0,1.0,50.0,1.0,0.0,0.0,0.0,0.0,0.0,Norberto Bercique,Gomes Betuncal,1998-01-31,28.61,11.0,9.0,Forward,Striker,6z3a27dxffwacyxof0imvcfvu,ehd2iemqmschhj2ec0vayztzz,Everton FC,Everton,Everton,EVE,486385,6z3a27dxffwacyxof0imvcfvu,11,ehd2iemqmschhj2ec0vayztzz
Bobby Thomas,461102.0,2.0,168.0,0.0,0.02,-0.02,1.0,0.0,0.0,0.02,Bobby,Thomas,2001-01-30,25.61,9.0,4.0,Defender,Central Defender,5raent8a0bdt01n7769n3dw16,dacoc20k0n3fxu4zek8wufmko,Coventry City FC,Coventry City,Coventry,COV,32.0,280.558,13.0,78.435,0.0,0.0,0.0,0.0,8.767,6.033,1.0,0.0,8.0,1.0,16.0,8.0,6.0,75.0,7.0,3.0,42.857,,,,,,,,,,461102.0,168.0,2.0,1.0,1.0,1.01,0.0,0.019,0.019,0.0,0.0,Bobby,Thomas,2001-01-30,25.61,9.0,4.0,Defender,Central Defender,5raent8a0bdt01n7769n3dw16,dacoc20k0n3fxu4zek8wufmko,Coventry City FC,Coventry City,Coventry,COV,461102.0,168.0,2.0,101.0,84.0,83.17,21.0,11.0,52.38,1.0,0.0,0.0,0.0,0.0,0.0,Bobby,Thomas,2001-01-30,25.61,9.0,4.0,Defender,Central Defender,5raent8a0bdt01n7769n3dw16,dacoc20k0n3fxu4zek8wufmko,Coventry City FC,Coventry City,Coventry,COV,461102,5raent8a0bdt01n7769n3dw16,9,dacoc20k0n3fxu4zek8wufmko
Borna Sosa,218364.0,0.0,0.0,0.0,0.0,0.0,0.0,0.0,0.0,0.0,Borna,Sosa,1998-01-21,28.64,31.0,24.0,Defender,Full Back,218364,1c8m2ko0wxq1asfkuykurdr0y,Crystal Palace FC,Crystal Palace,Palace,CRY,0.0,0.0,0.0,0.0,0.0,0.0,0.0,0.0,0.0,0.0,0.0,0.0,0.0,0.0,0.0,0.0,0.0,0.0,0.0,0.0,0.0,,,,,,,,,,218364.0,0.0,0.0,0.0,0.0,0.0,0.0,0.0,0.0,0.0,0.0,Borna,Sosa,1998-01-21,28.64,31.0,24.0,Defender,Full Back,218364,1c8m2ko0wxq1asfkuykurdr0y,Crystal Palace FC,Crystal Palace,Palace,CRY,218364.0,0.0,0.0,0.0,0.0,0.0,0.0,0.0,0.0,0.0,0.0,0.0,0.0,0.0,0.0,Borna,Sosa,1998-01-21,28.64,31.0,24.0,Defender,Full Back,218364,1c8m2ko0wxq1asfkuykurdr0y,Crystal Palace FC,Crystal Palace,Palace,CRY,218364,218364,31,1c8m2ko0wxq1asfkuykurdr0y
Boubacar Kamara,226944.0,2.0,180.0,0.0,0.0,0.0,0.0,0.0,0.0,0.0,Boubacar,Kamara,1999-11-23,26.8,7.0,8.0,Midfielder,Defensive Midfielder,blth4klpu88kgh73abpjlgusp,b496gs285it6bheuikox6z9mj,Aston Villa FC,Aston Villa,Villa,AVL,8.0,47.488,1.0,-5.565,0.0,0.0,0.0,0.0,5.936,-5.565,3.0,1.0,6.0,1.0,4.0,17.0,6.0,35.294,2.0,2.0,100.0,,,,,,,,,,226944.0,180.0,2.0,1.0,1.0,1.56,0.0,0.033,0.033,0.0,0.0,Boubacar,Kamara,1999-11-23,26.8,7.0,8.0,Midfielder,Defensive Midfielder,blth4klpu88kgh73abpjlgusp,b496gs285it6bheuikox6z9mj,Aston Villa FC,Aston Villa,Villa,AVL,226944.0,180.0,2.0,66.0,59.0,89.39,16.0,12.0,75.0,1.0,0.0,0.0,0.0,0.0,0.0,Boubacar,Kamara,1999-11-23,26.8,7.0,8.0,Midfielder,Defensive Midfielder,blth4klpu88kgh73abpjlgusp,b496gs285it6bheuikox6z9mj,Aston Villa FC,Aston Villa,Villa,AVL,226944,blth4klpu88kgh73abpjlgusp,7,b496gs285it6bheuikox6z9mj
Bradley Burrowes,645618.0,0.0,0.0,0.0,0.0,0.0,0.0,0.0,0.0,0.0,Bradley,Burrowes,2008-03-04,18.51,7.0,49.0,Forward,Winger,645618,b496gs285it6bheuikox6z9mj,Aston Villa FC,Aston Villa,Villa,AVL,0.0,0.0,0.0,0.0,0.0,0.0,0.0,0.0,0.0,0.0,0.0,0.0,0.0,0.0,0.0,0.0,0.0,0.0,0.0,0.0,0.0,,,,,,,,,,645618.0,0.0,0.0,0.0,0.0,0.0,0.0,0.0,0.0,0.0,0.0,Bradley,Burrowes,2008-03-04,18.51,7.0,49.0,Forward,Winger,645618,b496gs285it6bheuikox6z9mj,Aston Villa FC,Aston Villa,Villa,AVL,645618.0,0.0,0.0,0.0,0.0,0.0,0.0,0.0,0.0,0.0,0.0,0.0,0.0,0.0,0.0,Bradley,Burrowes,2008-03-04,18.51,7.0,49.0,Forward,Winger,645618,b496gs285it6bheuikox6z9mj,Aston Villa FC,Aston Villa,Villa,AVL,645618,645618,7,b496gs285it6bheuikox6z9mj
Brandon Thomas-Asante,230730.0,2.0,102.0,0.0,0.0,0.0,0.0,0.0,0.0,0.0,Brandon,Thomas-Asante,1998-12-29,27.7,9.0,23.0,Forward,Striker,f0nbu676sq8t66np341nbjmqx,dacoc20k0n3fxu4zek8wufmko,Coventry City FC,Coventry City,Coventry,COV,11.0,112.244,5.0,45.675,0.0,0.0,0.0,0.0,10.204,9.135,0.0,4.0,3.0,0.0,1.0,7.0,4.0,57.143,8.0,3.0,37.5,,,,,,,,,,230730.0,102.0,2.0,0.0,0.0,0.0,0.0,0.021,0.021,0.0,0.0,Brandon,Thomas-Asante,1998-12-29,27.7,9.0,23.0,Forward,Striker,f0nbu676sq8t66np341nbjmqx,dacoc20k0n3fxu4zek8wufmko,Coventry City FC,Coventry City,Coventry,COV,230730.0,102.0,2.0,20.0,12.0,60.0,13.0,7.0,53.85,2.0,0.0,0.0,0.0,0.0,0.0,Brandon,Thomas-Asante,1998-12-29,27.7,9.0,23.0,Forward,Striker,f0nbu676sq8t66np341nbjmqx,dacoc20k0n3fxu4zek8wufmko,Coventry City FC,Coventry City,Coventry,COV,230730,f0nbu676sq8t66np341nbjmqx,9,dacoc20k0n3fxu4zek8wufmko
Brenden Aaronson,427637.0,2.0,127.0,0.0,0.01,-0.01,1.0,1.0,0.0,0.01,Brenden,Aaronson,2000-10-22,25.88,2.0,11.0,Midfielder,Attacking Midfielder,8rrcscn29rs1gk8mi1pwpu92i,48gk2hpqtsl6p9sx9kjhaydq4,Leeds United FC,Leeds United,Leeds,LEE,11.0,135.876,8.0,79.8,1.0,0.0,0.0,0.0,12.352,9.975,2.0,0.0,7.0,0.0,1.0,15.0,7.0,46.667,8.0,2.0,25.0,,,,,,,,,,427637.0,127.0,2.0,0.0,0.0,0.0,0.0,0.012,0.012,0.0,0.0,Brenden,Aaronson,2000-10-22,25.88,2.0,11.0,Midfielder,Attacking Midfielder,8rrcscn29rs1gk8mi1pwpu92i,48gk2hpqtsl6p9sx9kjhaydq4,Leeds United FC,Leeds United,Leeds,LEE,427637.0,127.0,2.0,20.0,15.0,75.0,11.0,7.0,63.64,0.0,0.0,0.0,0.0,0.0,0.0,Brenden,Aaronson,2000-10-22,25.88,2.0,11.0,Midfielder,Attacking Midfielder,8rrcscn29rs1gk8mi1pwpu92i,48gk2hpqtsl6p9sx9kjhaydq4,Leeds United FC,Leeds United,Leeds,LEE,427637,8rrcscn29rs1gk8mi1pwpu92i,2,48gk2hpqtsl6p9sx9kjhaydq4
Brennan Johnson,242898.0,2.0,34.0,0.0,0.0,0.0,0.0,0.0,0.0,0.0,Brennan,Johnson,2001-05-23,25.3,11.0,22.0,Forward,Winger,1l228p52d8wdf8qhfxqu8rca,ehd2iemqmschhj2ec0vayztzz,Everton FC,Everton,Everton,EVE,3.0,37.845,3.0,34.44,0.0,0.0,0.0,0.0,12.615,11.48,1.0,0.0,1.0,0.0,2.0,5.0,2.0,40.0,2.0,0.0,0.0,,,,,,,,,,242898.0,34.0,2.0,0.0,0.0,0.0,0.0,0.001,0.001,0.0,0.0,Brennan,Johnson,2001-05-23,25.3,11.0,22.0,Forward,Winger,1l228p52d8wdf8qhfxqu8rca,ehd2iemqmschhj2ec0vayztzz,Everton FC,Everton,Everton,EVE,242898.0,34.0,2.0,6.0,3.0,50.0,3.0,1.0,33.33,0.0,0.0,0.0,0.0,0.0,0.0,Brennan,Johnson,2001-05-23,25.3,11.0,22.0,Forward,Winger,1l228p52d8wdf8qhfxqu8rca,ehd2iemqmschhj2ec0vayztzz,Everton FC,Everton,Everton,EVE,242898,1l228p52d8wdf8qhfxqu8rca,11,ehd2iemqmschhj2ec0vayztzz
Brian Brobbey,441264.0,2.0,131.0,0.0,0.33,-0.33,3.0,1.0,0.0,0.11,Brian,Brobbey,2002-02-01,24.6,56.0,9.0,Forward,Striker,9c2i7ddl2uh7kuhwq62klkyui,1r3545b2dzan8yqa80gtmcjch,Sunderland AFC,Sunderland,Sunderland,SUN,3.0,35.346,1.0,19.215,1.0,0.0,0.0,0.0,11.782,19.215,0.0,0.0,3.0,0.0,1.0,7.0,1.0,14.286,4.0,4.0,100.0,,,,,,,,,,441264.0,131.0,2.0,0.0,0.0,0.0,0.0,0.005,0.005,0.0,0.0,Brian,Brobbey,2002-02-01,24.6,56.0,9.0,Forward,Striker,9c2i7ddl2uh7kuhwq62klkyui,1r3545b2dzan8yqa80gtmcjch,Sunderland AFC,Sunderland,Sunderland,SUN,441264.0,131.0,2.0,12.0,10.0,83.33,4.0,4.0,100.0,0.0,0.0,0.0,0.0,0.0,0.0,Brian,Brobbey,2002-02-01,24.6,56.0,9.0,Forward,Striker,9c2i7ddl2uh7kuhwq62klkyui,1r3545b2dzan8yqa80gtmcjch,Sunderland AFC,Sunderland,Sunderland,SUN,441264,9c2i7ddl2uh7kuhwq62klkyui,56,1r3545b2dzan8yqa80gtmcjch
Bruno Fernandes,141746.0,2.0,180.0,3.0,2.11,0.89,11.0,4.0,27.27,0.19,Bruno Miguel,Borges Fernandes,1994-09-08,32.01,1.0,8.0,Midfielder,Attacking Midfielder,3vtjjrqof5z2tjj84ehadqc45,6eqit8ye8aomdsrrq0hk3v7gh,Manchester United FC,Manchester United,Man Utd,MUN,30.0,261.47,12.0,62.055,3.0,1.0,0.0,0.0,8.716,5.171,2.0,0.0,10.0,1.0,1.0,10.0,4.0,40.0,0.0,0.0,0.0,,,,,,,,,,141746.0,180.0,2.0,6.0,4.0,2.08,33.33,0.737,0.593,1.0,1.0,Bruno Miguel,Borges Fernandes,1994-09-08,32.01,1.0,8.0,Midfielder,Attacking Midfielder,3vtjjrqof5z2tjj84ehadqc45,6eqit8ye8aomdsrrq0hk3v7gh,Manchester United FC,Manchester United,Man Utd,MUN,141746.0,180.0,2.0,153.0,130.0,84.97,74.0,58.0,78.38,9.0,2.0,22.22,3.0,1.0,33.33,Bruno Miguel,Borges Fernandes,1994-09-08,32.01,1.0,8.0,Midfielder,Attacking Midfielder,3vtjjrqof5z2tjj84ehadqc45,6eqit8ye8aomdsrrq0hk3v7gh,Manchester United FC,Manchester United,Man Utd,MUN,141746,3vtjjrqof5z2tjj84ehadqc45,1,6eqit8ye8aomdsrrq0hk3v7gh
Bruno Guimarães,208706.0,1.0,19.0,0.0,0.0,0.0,0.0,0.0,0.0,0.0,Bruno,Guimarães Rodriguez Moura,1997-11-16,28.82,3.0,39.0,Midfielder,Defensive Midfielder,72m84nwa6dshu3ibmy13dz5rd,4dsgumo7d4zupm2ugsvm4zm4d,Arsenal FC,Arsenal,Arsenal,ARS,4.0,41.001,1.0,-8.82,0.0,0.0,0.0,0.0,10.25,-8.82,0.0,0.0,3.0,0.0,0.0,1.0,0.0,0.0,0.0,0.0,0.0,,,,,,,,,,208706.0,19.0,1.0,0.0,0.0,0.0,0.0,0.013,0.013,0.0,0.0,Bruno,Guimarães Rodriguez Moura,1997-11-16,28.82,3.0,39.0,Midfielder,Defensive Midfielder,72m84nwa6dshu3ibmy13dz5rd,4dsgumo7d4zupm2ugsvm4zm4d,Arsenal FC,Arsenal,Arsenal,ARS,208706.0,19.0,1.0,15.0,13.0,86.67,4.0,2.0,50.0,0.0,0.0,0.0,0.0,0.0,0.0,Bruno,Guimarães Rodriguez Moura,1997-11-16,28.82,3.0,39.0,Midfielder,Defensive Midfielder,72m84nwa6dshu3ibmy13dz5rd,4dsgumo7d4zupm2ugsvm4zm4d,Arsenal FC,Arsenal,Arsenal,ARS,208706,72m84nwa6dshu3ibmy13dz5rd,3,4dsgumo7d4zupm2ugsvm4zm4d
Bryan Mbeumo,446008.0,2.0,180.0,1.0,2.25,-1.25,9.0,3.0,11.11,0.25,Bryan,Mbeumo,1999-08-07,27.09,1.0,19.0,Forward,Winger,v78uhwxgzojcec8lsdvucusp,6eqit8ye8aomdsrrq0hk3v7gh,Manchester United FC,Manchester United,Man Utd,MUN,25.0,273.532,12.0,137.445,3.0,0.0,1.0,0.0,10.941,11.454,3.0,0.0,6.0,0.0,0.0,8.0,4.0,50.0,8.0,3.0,37.5,,,,,,,,,,446008.0,180.0,2.0,4.0,4.0,5.88,0.0,0.439,0.405,0.0,0.0,Bryan,Mbeumo,1999-08-07,27.09,1.0,19.0,Forward,Winger,v78uhwxgzojcec8lsdvucusp,6eqit8ye8aomdsrrq0hk3v7gh,Manchester United FC,Manchester United,Man Utd,MUN,446008.0,180.0,2.0,69.0,61.0,88.41,41.0,35.0,85.37,11.0,3.0,27.27,0.0,0.0,0.0,Bryan,Mbeumo,1999-08-07,27.09,1.0,19.0,Forward,Winger,v78uhwxgzojcec8lsdvucusp,6eqit8ye8aomdsrrq0hk3v7gh,Manchester United FC,Manchester United,Man Utd,MUN,446008,v78uhwxgzojcec8lsdvucusp,1,6eqit8ye8aomdsrrq0hk3v7gh
Bukayo Saka,223340.0,2.0,158.0,2.0,1.27,0.73,5.0,2.0,40.0,0.25,Bukayo,Saka,2001-09-05,25.01,3.0,7.0,Forward,Winger,8tc7dcuwdeqbjgt7vw5p38xgq,4dsgumo7d4zupm2ugsvm4zm4d,Arsenal FC,Arsenal,Arsenal,ARS,32.0,332.566,24.0,224.595,0.0,0.0,0.0,0.0,10.393,9.358,3.0,2.0,10.0,0.0,3.0,20.0,13.0,65.0,3.0,2.0,66.667,,,,,,,,,,223340.0,158.0,2.0,2.0,2.0,2.67,0.0,0.114,0.109,0.0,0.0,Bukayo,Saka,2001-09-05,25.01,3.0,7.0,Forward,Winger,8tc7dcuwdeqbjgt7vw5p38xgq,4dsgumo7d4zupm2ugsvm4zm4d,Arsenal FC,Arsenal,Arsenal,ARS,223340.0,158.0,2.0,81.0,68.0,83.95,47.0,39.0,82.98,5.0,0.0,0.0,0.0,0.0,0.0,Bukayo,Saka,2001-09-05,25.01,3.0,7.0,Forward,Winger,8tc7dcuwdeqbjgt7vw5p38xgq,4dsgumo7d4zupm2ugsvm4zm4d,Arsenal FC,Arsenal,Arsenal,ARS,223340,8tc7dcuwdeqbjgt7vw5p38xgq,3,4dsgumo7d4zupm2ugsvm4zm4d
Caleb Yirenkyi,661888.0,2.0,133.0,0.0,0.03,-0.03,1.0,0.0,0.0,0.03,Caleb,Yirenkyi,2006-01-15,20.65,9.0,8.0,Midfielder,Central Midfielder,3zc9hy5uicgp21wr6z5wyuntg,dacoc20k0n3fxu4zek8wufmko,Coventry City FC,Coventry City,Coventry,COV,14.0,176.49,9.0,116.13,0.0,0.0,0.0,0.0,12.606,12.903,0.0,0.0,7.0,0.0,3.0,8.0,2.0,25.0,5.0,4.0,80.0,,,,,,,,,,661888.0,133.0,2.0,1.0,1.0,1.96,0.0,0.134,0.134,0.0,0.0,Caleb,Yirenkyi,2006-01-15,20.65,9.0,8.0,Midfielder,Central Midfielder,3zc9hy5uicgp21wr6z5wyuntg,dacoc20k0n3fxu4zek8wufmko,Coventry City FC,Coventry City,Coventry,COV,661888.0,133.0,2.0,51.0,47.0,92.16,13.0,12.0,92.31,1.0,1.0,100.0,0.0,0.0,0.0,Caleb,Yirenkyi,2006-01-15,20.65,9.0,8.0,Midfielder,Central Midfielder,3zc9hy5uicgp21wr6z5wyuntg,dacoc20k0n3fxu4zek8wufmko,Coventry City FC,Coventry City,Coventry,COV,661888,3zc9hy5uicgp21wr6z5wyuntg,9,dacoc20k0n3fxu4zek8wufmko
Callum Hudson-Odoi,209046.0,1.0,1.0,0.0,0.0,0.0,0.0,0.0,0.0,0.0,Callum,Hudson-Odoi,2000-11-07,25.84,17.0,7.0,Forward,Winger,7y6f63pj7horkzhdzbge02rqh,1qtaiy11gswx327s0vkibf70n,Nottingham Forest FC,Nottingham Forest,Forest,NFO,1.0,5.611,0.0,-4.515,0.0,0.0,0.0,0.0,5.611,0.0,0.0,0.0,0.0,0.0,0.0,3.0,0.0,0.0,0.0,0.0,0.0,,,,,,,,,,209046.0,1.0,1.0,0.0,0.0,0.0,0.0,0.003,0.003,0.0,0.0,Callum,Hudson-Odoi,2000-11-07,25.84,17.0,7.0,Forward,Winger,7y6f63pj7horkzhdzbge02rqh,1qtaiy11gswx327s0vkibf70n,Nottingham Forest FC,Nottingham Forest,Forest,NFO,209046.0,1.0,1.0,2.0,2.0,100.0,1.0,1.0,100.0,0.0,0.0,0.0,0.0,0.0,0.0,Callum,Hudson-Odoi,2000-11-07,25.84,17.0,7.0,Forward,Winger,7y6f63pj7horkzhdzbge02rqh,1qtaiy11gswx327s0vkibf70n,Nottingham Forest FC,Nottingham Forest,Forest,NFO,209046,7y6f63pj7horkzhdzbge02rqh,17,1qtaiy11gswx327s0vkibf70n
Callum Wilson,75115.0,2.0,9.0,0.0,0.07,-0.07,2.0,0.0,0.0,0.04,Callum,Wilson,1992-02-27,34.54,94.0,13.0,Forward,Striker,66r7rq9kcoyow46ovmhzrtec5,7yx5dqhhphyvfisohikodajhv,Brentford FC,Brentford,Brentford,BRE,2.0,36.651,2.0,36.33,1.0,0.0,1.0,0.0,18.326,18.165,0.0,0.0,1.0,0.0,0.0,1.0,0.0,0.0,2.0,1.0,50.0,,,,,,,,,,75115.0,9.0,2.0,1.0,1.0,33.33,0.0,0.038,0.038,0.0,0.0,Callum,Wilson,1992-02-27,34.54,94.0,13.0,Forward,Striker,66r7rq9kcoyow46ovmhzrtec5,7yx5dqhhphyvfisohikodajhv,Brentford FC,Brentford,Brentford,BRE,75115.0,9.0,2.0,3.0,2.0,66.67,2.0,1.0,50.0,0.0,0.0,0.0,0.0,0.0,0.0,Callum,Wilson,1992-02-27,34.54,94.0,13.0,Forward,Striker,66r7rq9kcoyow46ovmhzrtec5,7yx5dqhhphyvfisohikodajhv,Brentford FC,Brentford,Brentford,BRE,75115,66r7rq9kcoyow46ovmhzrtec5,94,7yx5dqhhphyvfisohikodajhv
Calvin Bassey,232892.0,2.0,180.0,0.0,0.02,-0.02,1.0,0.0,0.0,0.02,Calvin,Bassey,1999-12-31,26.69,54.0,3.0,Defender,Full Back,4jqgl7x5ewke1u0sy2cbkqfhl,hzqh7z0mdl3v7gwete66syxp,Fulham FC,Fulham,Fulham,FUL,47.0,471.687,24.0,271.32,0.0,0.0,0.0,0.0,10.036,11.305,2.0,2.0,10.0,0.0,7.0,9.0,6.0,66.667,1.0,1.0,100.0,,,,,,,,,,232892.0,180.0,2.0,0.0,0.0,0.0,0.0,0.033,0.033,0.0,0.0,Calvin,Bassey,1999-12-31,26.69,54.0,3.0,Defender,Full Back,4jqgl7x5ewke1u0sy2cbkqfhl,hzqh7z0mdl3v7gwete66syxp,Fulham FC,Fulham,Fulham,FUL,232892.0,180.0,2.0,167.0,151.0,90.42,36.0,29.0,80.56,0.0,0.0,0.0,0.0,0.0,0.0,Calvin,Bassey,1999-12-31,26.69,54.0,3.0,Defender,Full Back,4jqgl7x5ewke1u0sy2cbkqfhl,hzqh7z0mdl3v7gwete66syxp,Fulham FC,Fulham,Fulham,FUL,232892,4jqgl7x5ewke1u0sy2cbkqfhl,54,hzqh7z0mdl3v7gwete66syxp
Cameron Humphreys,524180.0,0.0,0.0,0.0,0.0,0.0,0.0,0.0,0.0,0.0,Cameron,Humphreys,2003-10-30,22.86,40.0,30.0,Midfielder,Central Midfielder,524180,8b523ujgl21tbc01me65q0aoh,Ipswich Town FC,Ipswich Town,Ipswich,IPS,0.0,0.0,0.0,0.0,0.0,0.0,0.0,0.0,0.0,0.0,0.0,0.0,0.0,0.0,0.0,0.0,0.0,0.0,0.0,0.0,0.0,,,,,,,,,,524180.0,0.0,0.0,0.0,0.0,0.0,0.0,0.0,0.0,0.0,0.0,Cameron,Humphreys,2003-10-30,22.86,40.0,30.0,Midfielder,Central Midfielder,524180,8b523ujgl21tbc01me65q0aoh,Ipswich Town FC,Ipswich Town,Ipswich,IPS,524180.0,0.0,0.0,0.0,0.0,0.0,0.0,0.0,0.0,0.0,0.0,0.0,0.0,0.0,0.0,Cameron,Humphreys,2003-10-30,22.86,40.0,30.0,Midfielder,Central Midfielder,524180,8b523ujgl21tbc01me65q0aoh,Ipswich Town FC,Ipswich Town,Ipswich,IPS,524180,524180,40,8b523ujgl21tbc01me65q0aoh
Caoimhín Kelleher,,,,,,,,,,,,,,,,,,,,,,,,,,,,,,,,,,,,,,,,,,,,,,180.0,100.0,0.0,1.0,5.0,83.33,0.78,1.0,1.78,,,,,,,,,,,,,,,,,,,,,,,,,,,,,,,,,,,,,,,,,,,,,,,,,,,,,,,200720,dpw4s6nbkfcrjlqxxgf9j5yhh,94,7yx5dqhhphyvfisohikodajhv
Carl Rushworth,,,,,,,,,,,,,,,,,,,,,,,,,,,,,,,,,,,,,,,,,,,,,,180.0,100.0,0.0,4.0,3.0,42.86,-1.06,0.5,2.94,,,,,,,,,,,,,,,,,,,,,,,,,,,,,,,,,,,,,,,,,,,,,,,,,,,,,,,472739,9tlowuu89l3fnv5iowela1ca2,9,dacoc20k0n3fxu4zek8wufmko
Chadi Riad,515621.0,1.0,72.0,0.0,0.0,0.0,0.0,0.0,0.0,0.0,Chadi,Riad,2003-06-17,23.23,31.0,4.0,Defender,Central Defender,31hruvmsmvb0f8cvr63le2kgk,1c8m2ko0wxq1asfkuykurdr0y,Crystal Palace FC,Crystal Palace,Palace,CRY,16.0,166.021,12.0,119.595,0.0,0.0,0.0,0.0,10.376,9.966,1.0,1.0,3.0,0.0,5.0,4.0,1.0,25.0,2.0,2.0,100.0,,,,,,,,,,515621.0,72.0,1.0,0.0,0.0,0.0,0.0,0.007,0.007,0.0,0.0,Chadi,Riad,2003-06-17,23.23,31.0,4.0,Defender,Central Defender,31hruvmsmvb0f8cvr63le2kgk,1c8m2ko0wxq1asfkuykurdr0y,Crystal Palace FC,Crystal Palace,Palace,CRY,515621.0,72.0,1.0,49.0,46.0,93.88,7.0,6.0,85.71,0.0,0.0,0.0,0.0,0.0,0.0,Chadi,Riad,2003-06-17,23.23,31.0,4.0,Defender,Central Defender,31hruvmsmvb0f8cvr63le2kgk,1c8m2ko0wxq1asfkuykurdr0y,Crystal Palace FC,Crystal Palace,Palace,CRY,515621,31hruvmsmvb0f8cvr63le2kgk,31,1c8m2ko0wxq1asfkuykurdr0y
Charalampos Kostoulas,647850.0,2.0,106.0,0.0,0.35,-0.35,3.0,1.0,0.0,0.12,Charalampos,Kostoulas,2007-05-30,19.28,36.0,19.0,Forward,Striker,f23e0mo62rmrrjso771t54jro,e5p0ehyguld7egzhiedpdnc3w,Brighton & Hove Albion FC,Brighton & Hove Albion,Brighton,BHA,9.0,66.537,3.0,14.07,0.0,0.0,0.0,0.0,7.393,4.69,1.0,0.0,7.0,0.0,0.0,7.0,2.0,28.571,6.0,5.0,83.333,,,,,,,,,,647850.0,106.0,2.0,1.0,1.0,3.7,0.0,0.022,0.022,0.0,0.0,Charalampos,Kostoulas,2007-05-30,19.28,36.0,19.0,Forward,Striker,f23e0mo62rmrrjso771t54jro,e5p0ehyguld7egzhiedpdnc3w,Brighton & Hove Albion FC,Brighton & Hove Albion,Brighton,BHA,647850.0,106.0,2.0,29.0,22.0,75.86,14.0,9.0,64.29,1.0,0.0,0.0,0.0,0.0,0.0,Charalampos,Kostoulas,2007-05-30,19.28,36.0,19.0,Forward,Striker,f23e0mo62rmrrjso771t54jro,e5p0ehyguld7egzhiedpdnc3w,Brighton & Hove Albion FC,Brighton & Hove Albion,Brighton,BHA,647850,f23e0mo62rmrrjso771t54jro,36,e5p0ehyguld7egzhiedpdnc3w
Charly Alcaraz,502697.0,2.0,5.0,0.0,0.05,-0.05,2.0,1.0,0.0,0.03,Charly,Alcaraz,2002-11-30,23.78,11.0,24.0,Midfielder,Central Midfielder,18qxb54ol1s4mtgl7n3224ciy,ehd2iemqmschhj2ec0vayztzz,Everton FC,Everton,Everton,EVE,3.0,30.649,3.0,29.295,0.0,0.0,0.0,0.0,10.216,9.765,1.0,0.0,2.0,0.0,0.0,4.0,1.0,25.0,1.0,0.0,0.0,,,,,,,,,,502697.0,5.0,2.0,0.0,0.0,0.0,0.0,0.023,0.023,0.0,0.0,Charly,Alcaraz,2002-11-30,23.78,11.0,24.0,Midfielder,Central Midfielder,18qxb54ol1s4mtgl7n3224ciy,ehd2iemqmschhj2ec0vayztzz,Everton FC,Everton,Everton,EVE,502697.0,5.0,2.0,5.0,3.0,60.0,5.0,3.0,60.0,0.0,0.0,0.0,0.0,0.0,0.0,Charly,Alcaraz,2002-11-30,23.78,11.0,24.0,Midfielder,Central Midfielder,18qxb54ol1s4mtgl7n3224ciy,ehd2iemqmschhj2ec0vayztzz,Everton FC,Everton,Everton,EVE,502697,18qxb54ol1s4mtgl7n3224ciy,11,ehd2iemqmschhj2ec0vayztzz
Chemsdine Talbi,549912.0,1.0,31.0,0.0,0.0,0.0,0.0,0.0,0.0,0.0,Chemsdine,Talbi,2005-05-09,21.33,56.0,7.0,Forward,Winger,5606cqx2mlkrp81oe6uh6ghec,1r3545b2dzan8yqa80gtmcjch,Sunderland AFC,Sunderland,Sunderland,SUN,4.0,55.071,3.0,42.21,0.0,0.0,0.0,0.0,13.768,14.07,0.0,0.0,2.0,0.0,0.0,3.0,0.0,0.0,0.0,0.0,0.0,,,,,,,,,,549912.0,31.0,1.0,0.0,0.0,0.0,0.0,0.001,0.001,0.0,0.0,Chemsdine,Talbi,2005-05-09,21.33,56.0,7.0,Forward,Winger,5606cqx2mlkrp81oe6uh6ghec,1r3545b2dzan8yqa80gtmcjch,Sunderland AFC,Sunderland,Sunderland,SUN,549912.0,31.0,1.0,11.0,9.0,81.82,2.0,0.0,0.0,3.0,0.0,0.0,0.0,0.0,0.0,Chemsdine,Talbi,2005-05-09,21.33,56.0,7.0,Forward,Winger,5606cqx2mlkrp81oe6uh6ghec,1r3545b2dzan8yqa80gtmcjch,Sunderland AFC,Sunderland,Sunderland,SUN,549912,5606cqx2mlkrp81oe6uh6ghec,56,1r3545b2dzan8yqa80gtmcjch
Chris Richards,427623.0,2.0,180.0,0.0,0.04,-0.04,1.0,1.0,0.0,0.04,Chris,Richards,2000-03-28,26.45,31.0,26.0,Defender,Central Defender,5nsag404623qznyyizl8yuwkq,1c8m2ko0wxq1asfkuykurdr0y,Crystal Palace FC,Crystal Palace,Palace,CRY,19.0,172.574,11.0,74.655,0.0,0.0,0.0,0.0,9.083,6.787,4.0,4.0,3.0,3.0,11.0,7.0,6.0,85.714,4.0,1.0,25.0,,,,,,,,,,427623.0,180.0,2.0,0.0,0.0,0.0,0.0,0.006,0.005,0.0,0.0,Chris,Richards,2000-03-28,26.45,31.0,26.0,Defender,Central Defender,5nsag404623qznyyizl8yuwkq,1c8m2ko0wxq1asfkuykurdr0y,Crystal Palace FC,Crystal Palace,Palace,CRY,427623.0,180.0,2.0,95.0,84.0,88.42,7.0,3.0,42.86,0.0,0.0,0.0,0.0,0.0,0.0,Chris,Richards,2000-03-28,26.45,31.0,26.0,Defender,Central Defender,5nsag404623qznyyizl8yuwkq,1c8m2ko0wxq1asfkuykurdr0y,Crystal Palace FC,Crystal Palace,Palace,CRY,427623,5nsag404623qznyyizl8yuwkq,31,1c8m2ko0wxq1asfkuykurdr0y
Chris Rigg,554197.0,2.0,17.0,0.0,0.0,0.0,0.0,0.0,0.0,0.0,Chris,Rigg,2007-06-18,19.22,56.0,11.0,Midfielder,Attacking Midfielder,b5ff5jpe5loaqmlxwsqine9ec,1r3545b2dzan8yqa80gtmcjch,Sunderland AFC,Sunderland,Sunderland,SUN,2.0,18.906,1.0,-1.575,0.0,0.0,0.0,0.0,9.453,-1.575,0.0,0.0,1.0,0.0,0.0,1.0,0.0,0.0,0.0,0.0,0.0,,,,,,,,,,554197.0,17.0,2.0,0.0,0.0,0.0,0.0,0.001,0.001,0.0,0.0,Chris,Rigg,2007-06-18,19.22,56.0,11.0,Midfielder,Attacking Midfielder,b5ff5jpe5loaqmlxwsqine9ec,1r3545b2dzan8yqa80gtmcjch,Sunderland AFC,Sunderland,Sunderland,SUN,554197.0,17.0,2.0,4.0,2.0,50.0,2.0,1.0,50.0,0.0,0.0,0.0,0.0,0.0,0.0,Chris,Rigg,2007-06-18,19.22,56.0,11.0,Midfielder,Attacking Midfielder,b5ff5jpe5loaqmlxwsqine9ec,1r3545b2dzan8yqa80gtmcjch,Sunderland AFC,Sunderland,Sunderland,SUN,554197,b5ff5jpe5loaqmlxwsqine9ec,56,1r3545b2dzan8yqa80gtmcjch
Chris Wood,60689.0,1.0,28.0,0.0,0.12,-0.12,1.0,0.0,0.0,0.12,Chris,Wood,1991-12-07,34.76,17.0,9.0,Forward,Striker,cjdycctu96jilvbvnl7ndh9sl,1qtaiy11gswx327s0vkibf70n,Nottingham Forest FC,Nottingham Forest,Forest,NFO,3.0,23.365,0.0,-6.3,0.0,0.0,0.0,0.0,7.788,0.0,0.0,0.0,1.0,0.0,0.0,2.0,1.0,50.0,3.0,1.0,33.333,,,,,,,,,,60689.0,28.0,1.0,0.0,0.0,0.0,0.0,0.008,0.008,0.0,0.0,Chris,Wood,1991-12-07,34.76,17.0,9.0,Forward,Striker,cjdycctu96jilvbvnl7ndh9sl,1qtaiy11gswx327s0vkibf70n,Nottingham Forest FC,Nottingham Forest,Forest,NFO,60689.0,28.0,1.0,5.0,5.0,100.0,2.0,2.0,100.0,0.0,0.0,0.0,0.0,0.0,0.0,Chris,Wood,1991-12-07,34.76,17.0,9.0,Forward,Striker,cjdycctu96jilvbvnl7ndh9sl,1qtaiy11gswx327s0vkibf70n,Nottingham Forest FC,Nottingham Forest,Forest,NFO,60689,cjdycctu96jilvbvnl7ndh9sl,17,1qtaiy11gswx327s0vkibf70n
Christos Tzolis,439509.0,2.0,121.0,0.0,0.19,-0.19,4.0,2.0,0.0,0.05,Christos,Tzolis,2002-01-30,24.61,3.0,17.0,Forward,Winger,acffs01m2p3b4uemzjrp51d9m,4dsgumo7d4zupm2ugsvm4zm4d,Arsenal FC,Arsenal,Arsenal,ARS,17.0,247.938,8.0,145.53,1.0,0.0,1.0,0.0,14.585,18.191,1.0,0.0,5.0,0.0,3.0,11.0,4.0,36.364,3.0,1.0,33.333,,,,,,,,,,439509.0,121.0,2.0,4.0,4.0,8.7,0.0,0.155,0.155,0.0,0.0,Christos,Tzolis,2002-01-30,24.61,3.0,17.0,Forward,Winger,acffs01m2p3b4uemzjrp51d9m,4dsgumo7d4zupm2ugsvm4zm4d,Arsenal FC,Arsenal,Arsenal,ARS,439509.0,121.0,2.0,46.0,39.0,84.78,27.0,23.0,85.19,6.0,1.0,16.67,0.0,0.0,0.0,Christos,Tzolis,2002-01-30,24.61,3.0,17.0,Forward,Winger,acffs01m2p3b4uemzjrp51d9m,4dsgumo7d4zupm2ugsvm4zm4d,Arsenal FC,Arsenal,Arsenal,ARS,439509,acffs01m2p3b4uemzjrp51d9m,3,4dsgumo7d4zupm2ugsvm4zm4d
Chuba Akpom,147675.0,2.0,69.0,1.0,0.97,0.03,1.0,1.0,100.0,0.97,Chuba,Akpom,1995-10-09,30.92,40.0,29.0,Forward,Striker,32n3284h95a93yq9h7hbw5hp1,8b523ujgl21tbc01me65q0aoh,Ipswich Town FC,Ipswich Town,Ipswich,IPS,0.0,0.0,0.0,0.0,0.0,0.0,0.0,0.0,0.0,0.0,1.0,0.0,2.0,0.0,0.0,7.0,3.0,42.857,8.0,2.0,25.0,,,,,,,,,,147675.0,69.0,2.0,0.0,0.0,0.0,0.0,0.004,0.004,0.0,0.0,Chuba,Akpom,1995-10-09,30.92,40.0,29.0,Forward,Striker,32n3284h95a93yq9h7hbw5hp1,8b523ujgl21tbc01me65q0aoh,Ipswich Town FC,Ipswich Town,Ipswich,IPS,147675.0,69.0,2.0,10.0,6.0,60.0,2.0,1.0,50.0,0.0,0.0,0.0,0.0,0.0,0.0,Chuba,Akpom,1995-10-09,30.92,40.0,29.0,Forward,Striker,32n3284h95a93yq9h7hbw5hp1,8b523ujgl21tbc01me65q0aoh,Ipswich Town FC,Ipswich Town,Ipswich,IPS,147675,32n3284h95a93yq9h7hbw5hp1,40,8b523ujgl21tbc01me65q0aoh
Claudio Echeverri,575204.0,0.0,0.0,0.0,0.0,0.0,0.0,0.0,0.0,0.0,Claudio,Echeverri,2006-01-02,20.68,43.0,30.0,Midfielder,Attacking Midfielder,575204,a3nyxabgsqlnqfkeg41m6tnpp,Manchester City FC,Manchester City,Man City,MCI,0.0,0.0,0.0,0.0,0.0,0.0,0.0,0.0,0.0,0.0,0.0,0.0,0.0,0.0,0.0,0.0,0.0,0.0,0.0,0.0,0.0,,,,,,,,,,575204.0,0.0,0.0,0.0,0.0,0.0,0.0,0.0,0.0,0.0,0.0,Claudio,Echeverri,2006-01-02,20.68,43.0,30.0,Midfielder,Attacking Midfielder,575204,a3nyxabgsqlnqfkeg41m6tnpp,Manchester City FC,Manchester City,Man City,MCI,575204.0,0.0,0.0,0.0,0.0,0.0,0.0,0.0,0.0,0.0,0.0,0.0,0.0,0.0,0.0,Claudio,Echeverri,2006-01-02,20.68,43.0,30.0,Midfielder,Attacking Midfielder,575204,a3nyxabgsqlnqfkeg41m6tnpp,Manchester City FC,Manchester City,Man City,MCI,575204,575204,43,a3nyxabgsqlnqfkeg41m6tnpp
Cody Drameh,433590.0,2.0,65.0,0.0,0.05,-0.05,1.0,0.0,0.0,0.05,Cody,Drameh,2001-12-08,24.75,88.0,18.0,Defender,Full Back,ab2502dhe0p0fr35nf7urjxbe,f0figafm2v9h8ofo6slajj7xf,Hull City AFC,Hull City,Hull,HUL,5.0,61.997,4.0,36.855,0.0,0.0,0.0,0.0,12.399,9.214,1.0,2.0,4.0,0.0,3.0,4.0,2.0,50.0,1.0,1.0,100.0,,,,,,,,,,433590.0,65.0,2.0,0.0,0.0,0.0,0.0,0.001,0.001,0.0,0.0,Cody,Drameh,2001-12-08,24.75,88.0,18.0,Defender,Full Back,ab2502dhe0p0fr35nf7urjxbe,f0figafm2v9h8ofo6slajj7xf,Hull City AFC,Hull City,Hull,HUL,433590.0,65.0,2.0,12.0,8.0,66.67,1.0,1.0,100.0,0.0,0.0,0.0,0.0,0.0,0.0,Cody,Drameh,2001-12-08,24.75,88.0,18.0,Defender,Full Back,ab2502dhe0p0fr35nf7urjxbe,f0figafm2v9h8ofo6slajj7xf,Hull City AFC,Hull City,Hull,HUL,433590,ab2502dhe0p0fr35nf7urjxbe,88,f0figafm2v9h8ofo6slajj7xf
Cody Gakpo,243298.0,2.0,161.0,1.0,0.3,0.7,6.0,1.0,16.67,0.05,Cody,Gakpo,1999-05-07,27.35,14.0,18.0,Forward,Striker,9psfk94nduz6icnuwty5v9all,c8h9bw1l82s06h77xxrelzhur,Liverpool FC,Liverpool,Liverpool,LIV,27.0,273.656,10.0,82.95,2.0,1.0,2.0,0.0,10.135,8.295,3.0,4.0,7.0,0.0,1.0,18.0,7.0,38.889,3.0,1.0,33.333,,,,,,,,,,243298.0,161.0,2.0,5.0,5.0,7.84,0.0,0.8,0.8,1.0,1.0,Cody,Gakpo,1999-05-07,27.35,14.0,18.0,Forward,Striker,9psfk94nduz6icnuwty5v9all,c8h9bw1l82s06h77xxrelzhur,Liverpool FC,Liverpool,Liverpool,LIV,243298.0,161.0,2.0,51.0,40.0,78.43,33.0,24.0,72.73,8.0,1.0,12.5,0.0,0.0,0.0,Cody,Gakpo,1999-05-07,27.35,14.0,18.0,Forward,Striker,9psfk94nduz6icnuwty5v9all,c8h9bw1l82s06h77xxrelzhur,Liverpool FC,Liverpool,Liverpool,LIV,243298,9psfk94nduz6icnuwty5v9all,14,c8h9bw1l82s06h77xxrelzhur
Cole Palmer,244851.0,2.0,173.0,2.0,0.94,1.06,9.0,3.0,22.22,0.1,Cole,Palmer,2002-05-06,24.35,8.0,10.0,Midfielder,Attacking Midfielder,dl10343h8yopcgerzur5samwa,9q0arba2kbnywth8bkxlhgmdr,Chelsea FC,Chelsea,Chelsea,CHE,30.0,417.33,18.0,245.175,3.0,1.0,2.0,0.0,13.911,13.621,4.0,1.0,11.0,0.0,1.0,21.0,12.0,57.143,2.0,1.0,50.0,,,,,,,,,,244851.0,173.0,2.0,5.0,4.0,6.12,20.0,0.319,0.279,1.0,1.0,Cole,Palmer,2002-05-06,24.35,8.0,10.0,Midfielder,Attacking Midfielder,dl10343h8yopcgerzur5samwa,9q0arba2kbnywth8bkxlhgmdr,Chelsea FC,Chelsea,Chelsea,CHE,244851.0,173.0,2.0,57.0,45.0,78.95,23.0,18.0,78.26,2.0,1.0,50.0,1.0,1.0,100.0,Cole,Palmer,2002-05-06,24.35,8.0,10.0,Midfielder,Attacking Midfielder,dl10343h8yopcgerzur5samwa,9q0arba2kbnywth8bkxlhgmdr,Chelsea FC,Chelsea,Chelsea,CHE,244851,dl10343h8yopcgerzur5samwa,8,9q0arba2kbnywth8bkxlhgmdr
Conor Gallagher,232787.0,1.0,45.0,0.0,0.02,-0.02,1.0,0.0,0.0,0.02,Conor,Gallagher,2000-02-06,26.59,6.0,8.0,Midfielder,Central Midfielder,c83h08n0vnjvfgglyefy03h0p,22doj4sgsocqpxw45h607udje,Tottenham Hotspur FC,Tottenham Hotspur,Spurs,TOT,2.0,16.574,1.0,4.725,1.0,0.0,0.0,0.0,8.287,4.725,1.0,0.0,2.0,0.0,0.0,4.0,2.0,50.0,1.0,0.0,0.0,,,,,,,,,,232787.0,45.0,1.0,0.0,0.0,0.0,0.0,0.059,0.059,0.0,0.0,Conor,Gallagher,2000-02-06,26.59,6.0,8.0,Midfielder,Central Midfielder,c83h08n0vnjvfgglyefy03h0p,22doj4sgsocqpxw45h607udje,Tottenham Hotspur FC,Tottenham Hotspur,Spurs,TOT,232787.0,45.0,1.0,19.0,16.0,84.21,8.0,6.0,75.0,0.0,0.0,0.0,1.0,0.0,0.0,Conor,Gallagher,2000-02-06,26.59,6.0,8.0,Midfielder,Central Midfielder,c83h08n0vnjvfgglyefy03h0p,22doj4sgsocqpxw45h607udje,Tottenham Hotspur FC,Tottenham Hotspur,Spurs,TOT,232787,c83h08n0vnjvfgglyefy03h0p,6,22doj4sgsocqpxw45h607udje
Costinha,451490.0,2.0,36.0,0.0,0.12,-0.12,2.0,1.0,0.0,0.06,João Pedro,Loureiro da Costa,2000-03-26,26.46,36.0,20.0,Defender,Full Back,degqtleco9n5tlt0yz3q5t9ii,e5p0ehyguld7egzhiedpdnc3w,Brighton & Hove Albion FC,Brighton & Hove Albion,Brighton,BHA,9.0,116.498,6.0,93.03,0.0,0.0,0.0,0.0,12.944,15.505,1.0,1.0,0.0,0.0,2.0,5.0,1.0,20.0,1.0,0.0,0.0,,,,,,,,,,451490.0,36.0,2.0,0.0,0.0,0.0,0.0,0.004,0.004,0.0,0.0,João Pedro,Loureiro da Costa,2000-03-26,26.46,36.0,20.0,Defender,Full Back,degqtleco9n5tlt0yz3q5t9ii,e5p0ehyguld7egzhiedpdnc3w,Brighton & Hove Albion FC,Brighton & Hove Albion,Brighton,BHA,451490.0,36.0,2.0,24.0,23.0,95.83,5.0,4.0,80.0,0.0,0.0,0.0,0.0,0.0,0.0,João Pedro,Loureiro da Costa,2000-03-26,26.46,36.0,20.0,Defender,Full Back,degqtleco9n5tlt0yz3q5t9ii,e5p0ehyguld7egzhiedpdnc3w,Brighton & Hove Albion FC,Brighton & Hove Albion,Brighton,BHA,451490,degqtleco9n5tlt0yz3q5t9ii,36,e5p0ehyguld7egzhiedpdnc3w
Cristhian Mosquera,500040.0,2.0,169.0,0.0,0.0,0.0,0.0,0.0,0.0,0.0,Cristhian,Mosquera,2004-06-27,22.2,3.0,3.0,Defender,Central Defender,6o76owze8y78ue9sb49g8kyz8,4dsgumo7d4zupm2ugsvm4zm4d,Arsenal FC,Arsenal,Arsenal,ARS,25.0,221.258,15.0,148.26,0.0,0.0,0.0,0.0,8.85,9.884,0.0,2.0,3.0,0.0,8.0,4.0,1.0,25.0,3.0,1.0,33.333,,,,,,,,,,500040.0,169.0,2.0,0.0,0.0,0.0,0.0,0.014,0.014,0.0,0.0,Cristhian,Mosquera,2004-06-27,22.2,3.0,3.0,Defender,Central Defender,6o76owze8y78ue9sb49g8kyz8,4dsgumo7d4zupm2ugsvm4zm4d,Arsenal FC,Arsenal,Arsenal,ARS,500040.0,169.0,2.0,120.0,115.0,95.83,5.0,4.0,80.0,0.0,0.0,0.0,0.0,0.0,0.0,Cristhian,Mosquera,2004-06-27,22.2,3.0,3.0,Defender,Central Defender,6o76owze8y78ue9sb49g8kyz8,4dsgumo7d4zupm2ugsvm4zm4d,Arsenal FC,Arsenal,Arsenal,ARS,500040,6o76owze8y78ue9sb49g8kyz8,3,4dsgumo7d4zupm2ugsvm4zm4d
Cédric Kipré,183015.0,0.0,0.0,0.0,0.0,0.0,0.0,0.0,0.0,0.0,Cédric,Kipré,1996-12-09,29.75,40.0,4.0,Defender,Central Defender,183015,8b523ujgl21tbc01me65q0aoh,Ipswich Town FC,Ipswich Town,Ipswich,IPS,0.0,0.0,0.0,0.0,0.0,0.0,0.0,0.0,0.0,0.0,0.0,0.0,0.0,0.0,0.0,0.0,0.0,0.0,0.0,0.0,0.0,,,,,,,,,,183015.0,0.0,0.0,0.0,0.0,0.0,0.0,0.0,0.0,0.0,0.0,Cédric,Kipré,1996-12-09,29.75,40.0,4.0,Defender,Central Defender,183015,8b523ujgl21tbc01me65q0aoh,Ipswich Town FC,Ipswich Town,Ipswich,IPS,183015.0,0.0,0.0,0.0,0.0,0.0,0.0,0.0,0.0,0.0,0.0,0.0,0.0,0.0,0.0,Cédric,Kipré,1996-12-09,29.75,40.0,4.0,Defender,Central Defender,183015,8b523ujgl21tbc01me65q0aoh,Ipswich Town FC,Ipswich Town,Ipswich,IPS,183015,183015,40,8b523ujgl21tbc01me65q0aoh
César Palacios,571779.0,2.0,149.0,0.0,0.18,-0.18,3.0,0.0,0.0,0.06,César,Palacios,2004-11-11,21.82,54.0,8.0,Midfielder,Attacking Midfielder,3r4r3w44ski0d4175zfe1iy38,hzqh7z0mdl3v7gwete66syxp,Fulham FC,Fulham,Fulham,FUL,18.0,168.55,3.0,-23.625,1.0,0.0,0.0,0.0,9.364,-7.875,2.0,1.0,8.0,0.0,2.0,11.0,6.0,54.545,4.0,1.0,25.0,,,,,,,,,,571779.0,149.0,2.0,0.0,0.0,0.0,0.0,0.013,0.013,0.0,0.0,César,Palacios,2004-11-11,21.82,54.0,8.0,Midfielder,Attacking Midfielder,3r4r3w44ski0d4175zfe1iy38,hzqh7z0mdl3v7gwete66syxp,Fulham FC,Fulham,Fulham,FUL,571779.0,149.0,2.0,62.0,53.0,85.48,13.0,10.0,76.92,1.0,0.0,0.0,0.0,0.0,0.0,César,Palacios,2004-11-11,21.82,54.0,8.0,Midfielder,Attacking Midfielder,3r4r3w44ski0d4175zfe1iy38,hzqh7z0mdl3v7gwete66syxp,Fulham FC,Fulham,Fulham,FUL,571779,3r4r3w44ski0d4175zfe1iy38,54,hzqh7z0mdl3v7gwete66syxp
Daichi Kamada,209400.0,2.0,180.0,0.0,0.05,-0.05,1.0,0.0,0.0,0.05,Daichi,Kamada,1996-08-05,30.1,31.0,18.0,Midfielder,Attacking Midfielder,az15xx7m923srf9gdbwmiyga1,1c8m2ko0wxq1asfkuykurdr0y,Crystal Palace FC,Crystal Palace,Palace,CRY,24.0,278.879,17.0,147.525,1.0,0.0,0.0,0.0,11.62,8.678,9.0,1.0,10.0,0.0,3.0,22.0,14.0,63.636,2.0,2.0,100.0,,,,,,,,,,209400.0,180.0,2.0,2.0,2.0,1.89,0.0,0.291,0.291,0.0,0.0,Daichi,Kamada,1996-08-05,30.1,31.0,18.0,Midfielder,Attacking Midfielder,az15xx7m923srf9gdbwmiyga1,1c8m2ko0wxq1asfkuykurdr0y,Crystal Palace FC,Crystal Palace,Palace,CRY,209400.0,180.0,2.0,108.0,98.0,90.74,27.0,23.0,85.19,3.0,1.0,33.33,0.0,0.0,0.0,Daichi,Kamada,1996-08-05,30.1,31.0,18.0,Midfielder,Attacking Midfielder,az15xx7m923srf9gdbwmiyga1,1c8m2ko0wxq1asfkuykurdr0y,Crystal Palace FC,Crystal Palace,Palace,CRY,209400,az15xx7m923srf9gdbwmiyga1,31,1c8m2ko0wxq1asfkuykurdr0y
Daizen Maeda,442967.0,2.0,153.0,0.0,0.67,-0.67,2.0,1.0,0.0,0.34,Daizen,Maeda,1997-10-20,28.89,40.0,38.0,Forward,Winger,4x7o9h6ea8ldt9sxgz87vwycp,8b523ujgl21tbc01me65q0aoh,Ipswich Town FC,Ipswich Town,Ipswich,IPS,9.0,142.617,8.0,110.88,0.0,0.0,0.0,0.0,15.846,13.86,5.0,0.0,3.0,1.0,5.0,15.0,5.0,33.333,1.0,1.0,100.0,,,,,,,,,,442967.0,153.0,2.0,0.0,0.0,0.0,0.0,0.01,0.01,0.0,0.0,Daizen,Maeda,1997-10-20,28.89,40.0,38.0,Forward,Winger,4x7o9h6ea8ldt9sxgz87vwycp,8b523ujgl21tbc01me65q0aoh,Ipswich Town FC,Ipswich Town,Ipswich,IPS,442967.0,153.0,2.0,23.0,18.0,78.26,9.0,6.0,66.67,2.0,0.0,0.0,0.0,0.0,0.0,Daizen,Maeda,1997-10-20,28.89,40.0,38.0,Forward,Winger,4x7o9h6ea8ldt9sxgz87vwycp,8b523ujgl21tbc01me65q0aoh,Ipswich Town FC,Ipswich Town,Ipswich,IPS,442967,4x7o9h6ea8ldt9sxgz87vwycp,40,8b523ujgl21tbc01me65q0aoh
Dan Ballard,223827.0,2.0,180.0,0.0,0.03,-0.03,1.0,0.0,0.0,0.03,Dan,Ballard,1999-09-22,26.97,56.0,5.0,Defender,Central Defender,bnjdkz5d7st9gtn2srjs8ozc9,1r3545b2dzan8yqa80gtmcjch,Sunderland AFC,Sunderland,Sunderland,SUN,19.0,232.531,15.0,183.75,0.0,0.0,0.0,0.0,12.238,12.25,3.0,1.0,1.0,1.0,14.0,11.0,5.0,45.455,17.0,8.0,47.059,,,,,,,,,,223827.0,180.0,2.0,0.0,0.0,0.0,0.0,0.01,0.01,0.0,0.0,Dan,Ballard,1999-09-22,26.97,56.0,5.0,Defender,Central Defender,bnjdkz5d7st9gtn2srjs8ozc9,1r3545b2dzan8yqa80gtmcjch,Sunderland AFC,Sunderland,Sunderland,SUN,223827.0,180.0,2.0,102.0,94.0,92.16,11.0,9.0,81.82,0.0,0.0,0.0,0.0,0.0,0.0,Dan,Ballard,1999-09-22,26.97,56.0,5.0,Defender,Central Defender,bnjdkz5d7st9gtn2srjs8ozc9,1r3545b2dzan8yqa80gtmcjch,Sunderland AFC,Sunderland,Sunderland,SUN,223827,bnjdkz5d7st9gtn2srjs8ozc9,56,1r3545b2dzan8yqa80gtmcjch
Dan Ndoye,456512.0,2.0,128.0,1.0,0.35,0.65,3.0,1.0,33.33,0.12,Dan,Ndoye,2000-10-25,25.87,17.0,14.0,Forward,Winger,ex10o77wnk1exp9tj1t1rqj56,1qtaiy11gswx327s0vkibf70n,Nottingham Forest FC,Nottingham Forest,Forest,NFO,11.0,148.924,7.0,102.375,1.0,1.0,0.0,0.0,13.539,14.625,1.0,1.0,9.0,0.0,1.0,13.0,5.0,38.462,1.0,1.0,100.0,,,,,,,,,,456512.0,128.0,2.0,2.0,2.0,7.41,0.0,0.636,0.636,0.0,0.0,Dan,Ndoye,2000-10-25,25.87,17.0,14.0,Forward,Winger,ex10o77wnk1exp9tj1t1rqj56,1qtaiy11gswx327s0vkibf70n,Nottingham Forest FC,Nottingham Forest,Forest,NFO,456512.0,128.0,2.0,27.0,19.0,70.37,10.0,7.0,70.0,0.0,0.0,0.0,0.0,0.0,0.0,Dan,Ndoye,2000-10-25,25.87,17.0,14.0,Forward,Winger,ex10o77wnk1exp9tj1t1rqj56,1qtaiy11gswx327s0vkibf70n,Nottingham Forest FC,Nottingham Forest,Forest,NFO,456512,ex10o77wnk1exp9tj1t1rqj56,17,1qtaiy11gswx327s0vkibf70n
Dango Ouattara,533463.0,2.0,96.0,0.0,0.07,-0.07,3.0,0.0,0.0,0.02,Dango,Ouattara,2002-02-11,24.58,94.0,11.0,Forward,Winger,dg4782hj9xdqg46w225kzph5g,7yx5dqhhphyvfisohikodajhv,Brentford FC,Brentford,Brentford,BRE,15.0,186.681,11.0,161.07,0.0,0.0,1.0,0.0,12.445,14.643,1.0,2.0,7.0,0.0,3.0,14.0,7.0,50.0,7.0,4.0,57.143,,,,,,,,,,533463.0,96.0,2.0,3.0,3.0,16.67,0.0,0.371,0.371,0.0,0.0,Dango,Ouattara,2002-02-11,24.58,94.0,11.0,Forward,Winger,dg4782hj9xdqg46w225kzph5g,7yx5dqhhphyvfisohikodajhv,Brentford FC,Brentford,Brentford,BRE,533463.0,96.0,2.0,18.0,11.0,61.11,12.0,6.0,50.0,4.0,2.0,50.0,2.0,1.0,50.0,Dango,Ouattara,2002-02-11,24.58,94.0,11.0,Forward,Winger,dg4782hj9xdqg46w225kzph5g,7yx5dqhhphyvfisohikodajhv,Brentford FC,Brentford,Brentford,BRE,533463,dg4782hj9xdqg46w225kzph5g,94,7yx5dqhhphyvfisohikodajhv
Daniel James,200617.0,1.0,22.0,0.0,0.24,-0.24,4.0,0.0,0.0,0.06,Daniel,James,1997-11-10,28.83,2.0,7.0,Forward,Winger,dkwkmrmpb7rq4e660efcu5hat,48gk2hpqtsl6p9sx9kjhaydq4,Leeds United FC,Leeds United,Leeds,LEE,6.0,91.214,6.0,88.515,1.0,0.0,0.0,0.0,15.202,14.752,0.0,0.0,2.0,0.0,0.0,3.0,1.0,33.333,1.0,0.0,0.0,,,,,,,,,,200617.0,22.0,1.0,0.0,0.0,0.0,0.0,0.006,0.006,0.0,0.0,Daniel,James,1997-11-10,28.83,2.0,7.0,Forward,Winger,dkwkmrmpb7rq4e660efcu5hat,48gk2hpqtsl6p9sx9kjhaydq4,Leeds United FC,Leeds United,Leeds,LEE,200617.0,22.0,1.0,6.0,5.0,83.33,3.0,3.0,100.0,2.0,0.0,0.0,0.0,0.0,0.0,Daniel,James,1997-11-10,28.83,2.0,7.0,Forward,Winger,dkwkmrmpb7rq4e660efcu5hat,48gk2hpqtsl6p9sx9kjhaydq4,Leeds United FC,Leeds United,Leeds,LEE,200617,dkwkmrmpb7rq4e660efcu5hat,2,48gk2hpqtsl6p9sx9kjhaydq4
Daniel Jebbison,523700.0,1.0,15.0,0.0,0.1,-0.1,1.0,1.0,0.0,0.1,Daniel,Jebbison,2003-08-13,23.07,91.0,29.0,Forward,Striker,4vzixye912wmbbgju0gpz7sdm,1pse9ta7a45pi2w2grjim70ge,AFC Bournemouth,Bournemouth,Bournemouth,BOU,1.0,5.682,0.0,-3.57,0.0,0.0,0.0,0.0,5.682,0.0,0.0,0.0,1.0,0.0,0.0,1.0,1.0,100.0,0.0,0.0,0.0,,,,,,,,,,523700.0,15.0,1.0,0.0,0.0,0.0,0.0,0.004,0.004,0.0,0.0,Daniel,Jebbison,2003-08-13,23.07,91.0,29.0,Forward,Striker,4vzixye912wmbbgju0gpz7sdm,1pse9ta7a45pi2w2grjim70ge,AFC Bournemouth,Bournemouth,Bournemouth,BOU,523700.0,15.0,1.0,5.0,5.0,100.0,2.0,2.0,100.0,0.0,0.0,0.0,0.0,0.0,0.0,Daniel,Jebbison,2003-08-13,23.07,91.0,29.0,Forward,Striker,4vzixye912wmbbgju0gpz7sdm,1pse9ta7a45pi2w2grjim70ge,AFC Bournemouth,Bournemouth,Bournemouth,BOU,523700,4vzixye912wmbbgju0gpz7sdm,91,1pse9ta7a45pi2w2grjim70ge
Daniel Muñoz,247348.0,1.0,55.0,0.0,0.23,-0.23,2.0,1.0,0.0,0.11,Daniel,Muñoz,1996-05-26,30.29,31.0,2.0,Defender,Full Back,3yb66hal4fvr04bawz0y3efhl,1c8m2ko0wxq1asfkuykurdr0y,Crystal Palace FC,Crystal Palace,Palace,CRY,6.0,69.545,2.0,7.56,0.0,0.0,0.0,0.0,11.591,3.78,1.0,1.0,1.0,0.0,2.0,3.0,1.0,33.333,3.0,2.0,66.667,,,,,,,,,,247348.0,55.0,1.0,0.0,0.0,0.0,0.0,0.01,0.01,0.0,0.0,Daniel,Muñoz,1996-05-26,30.29,31.0,2.0,Defender,Full Back,3yb66hal4fvr04bawz0y3efhl,1c8m2ko0wxq1asfkuykurdr0y,Crystal Palace FC,Crystal Palace,Palace,CRY,247348.0,55.0,1.0,31.0,25.0,80.65,6.0,4.0,66.67,0.0,0.0,0.0,0.0,0.0,0.0,Daniel,Muñoz,1996-05-26,30.29,31.0,2.0,Defender,Full Back,3yb66hal4fvr04bawz0y3efhl,1c8m2ko0wxq1asfkuykurdr0y,Crystal Palace FC,Crystal Palace,Palace,CRY,247348,3yb66hal4fvr04bawz0y3efhl,31,1c8m2ko0wxq1asfkuykurdr0y
Danny Welbeck,50175.0,0.0,0.0,0.0,0.0,0.0,0.0,0.0,0.0,0.0,Danny,Welbeck,1990-11-26,35.79,8.0,18.0,Forward,Striker,50175,9q0arba2kbnywth8bkxlhgmdr,Chelsea FC,Chelsea,Chelsea,CHE,0.0,0.0,0.0,0.0,0.0,0.0,0.0,0.0,0.0,0.0,0.0,0.0,0.0,0.0,0.0,0.0,0.0,0.0,0.0,0.0,0.0,,,,,,,,,,50175.0,0.0,0.0,0.0,0.0,0.0,0.0,0.0,0.0,0.0,0.0,Danny,Welbeck,1990-11-26,35.79,8.0,18.0,Forward,Striker,50175,9q0arba2kbnywth8bkxlhgmdr,Chelsea FC,Chelsea,Chelsea,CHE,50175.0,0.0,0.0,0.0,0.0,0.0,0.0,0.0,0.0,0.0,0.0,0.0,0.0,0.0,0.0,Danny,Welbeck,1990-11-26,35.79,8.0,18.0,Forward,Striker,50175,9q0arba2kbnywth8bkxlhgmdr,Chelsea FC,Chelsea,Chelsea,CHE,50175,50175,8,9q0arba2kbnywth8bkxlhgmdr
Dara O'Shea,216616.0,2.0,180.0,0.0,0.07,-0.07,1.0,0.0,0.0,0.07,Dara,O'Shea,1999-03-04,27.52,40.0,26.0,Defender,Central Defender,dw5enxkcunwwewbmz8xq5ceeh,8b523ujgl21tbc01me65q0aoh,Ipswich Town FC,Ipswich Town,Ipswich,IPS,4.0,32.527,3.0,24.045,0.0,0.0,1.0,0.0,8.132,8.015,2.0,2.0,8.0,2.0,13.0,8.0,4.0,50.0,8.0,5.0,62.5,,,,,,,,,,216616.0,180.0,2.0,2.0,2.0,3.17,0.0,0.164,0.162,0.0,0.0,Dara,O'Shea,1999-03-04,27.52,40.0,26.0,Defender,Central Defender,dw5enxkcunwwewbmz8xq5ceeh,8b523ujgl21tbc01me65q0aoh,Ipswich Town FC,Ipswich Town,Ipswich,IPS,216616.0,180.0,2.0,68.0,52.0,76.47,11.0,5.0,45.45,2.0,1.0,50.0,0.0,0.0,0.0,Dara,O'Shea,1999-03-04,27.52,40.0,26.0,Defender,Central Defender,dw5enxkcunwwewbmz8xq5ceeh,8b523ujgl21tbc01me65q0aoh,Ipswich Town FC,Ipswich Town,Ipswich,IPS,216616,dw5enxkcunwwewbmz8xq5ceeh,40,8b523ujgl21tbc01me65q0aoh
Darnell Furlong,176420.0,1.0,17.0,0.0,0.0,0.0,0.0,0.0,0.0,0.0,Darnell,Furlong,1995-10-31,30.86,40.0,2.0,Defender,Full Back,avw8q4x7brp0t5h1zfvt4nr3d,8b523ujgl21tbc01me65q0aoh,Ipswich Town FC,Ipswich Town,Ipswich,IPS,1.0,15.088,1.0,14.7,0.0,0.0,0.0,0.0,15.088,14.7,1.0,1.0,0.0,0.0,1.0,2.0,1.0,50.0,3.0,2.0,66.667,,,,,,,,,,176420.0,17.0,1.0,0.0,0.0,0.0,0.0,0.001,0.001,0.0,0.0,Darnell,Furlong,1995-10-31,30.86,40.0,2.0,Defender,Full Back,avw8q4x7brp0t5h1zfvt4nr3d,8b523ujgl21tbc01me65q0aoh,Ipswich Town FC,Ipswich Town,Ipswich,IPS,176420.0,17.0,1.0,13.0,9.0,69.23,1.0,1.0,100.0,0.0,0.0,0.0,0.0,0.0,0.0,Darnell,Furlong,1995-10-31,30.86,40.0,2.0,Defender,Full Back,avw8q4x7brp0t5h1zfvt4nr3d,8b523ujgl21tbc01me65q0aoh,Ipswich Town FC,Ipswich Town,Ipswich,IPS,176420,avw8q4x7brp0t5h1zfvt4nr3d,40,8b523ujgl21tbc01me65q0aoh
David Brooks,111317.0,1.0,9.0,0.0,0.0,0.0,0.0,0.0,0.0,0.0,David,Brooks,1997-07-08,29.18,91.0,7.0,Midfielder,Attacking Midfielder,96ou7x51dxymv16l0ocsuhbyt,1pse9ta7a45pi2w2grjim70ge,AFC Bournemouth,Bournemouth,Bournemouth,BOU,2.0,43.998,2.0,41.58,0.0,0.0,0.0,0.0,21.999,20.79,0.0,0.0,0.0,0.0,0.0,2.0,1.0,50.0,0.0,0.0,0.0,,,,,,,,,,111317.0,9.0,1.0,0.0,0.0,0.0,0.0,0.011,0.011,0.0,0.0,David,Brooks,1997-07-08,29.18,91.0,7.0,Midfielder,Attacking Midfielder,96ou7x51dxymv16l0ocsuhbyt,1pse9ta7a45pi2w2grjim70ge,AFC Bournemouth,Bournemouth,Bournemouth,BOU,111317.0,9.0,1.0,9.0,7.0,77.78,8.0,7.0,87.5,0.0,0.0,0.0,0.0,0.0,0.0,David,Brooks,1997-07-08,29.18,91.0,7.0,Midfielder,Attacking Midfielder,96ou7x51dxymv16l0ocsuhbyt,1pse9ta7a45pi2w2grjim70ge,AFC Bournemouth,Bournemouth,Bournemouth,BOU,111317,96ou7x51dxymv16l0ocsuhbyt,91,1pse9ta7a45pi2w2grjim70ge
David Raya,,,,,,,,,,,,,,,,,,,,,,,,,,,,,,,,,,,,,,,,,,,,,,180.0,100.0,0.0,0.0,1.0,100.0,0.04,0.0,0.04,,,,,,,,,,,,,,,,,,,,,,,,,,,,,,,,,,,,,,,,,,,,,,,,,,,,,,,154561,4iijb6llnz28unsz4rirr3umt,3,4dsgumo7d4zupm2ugsvm4zm4d
Dean Henderson,,,,,,,,,,,,,,,,,,,,,,,,,,,,,,,,,,,,,,,,,,,,,,180.0,100.0,0.0,6.0,7.0,53.85,-1.26,0.67,4.74,,,,,,,,,,,,,,,,,,,,,,,,,,,,,,,,,,,,,,,,,,,,,,,,,,,,,,,172649,5z8ycnd0smdkumi5fgtzf7c9h,31,1c8m2ko0wxq1asfkuykurdr0y
Declan Rice,204480.0,2.0,153.0,0.0,0.07,-0.07,2.0,0.0,0.0,0.04,Declan,Rice,1999-01-14,27.65,3.0,41.0,Midfielder,Central Midfielder,6jgocc12bori2wygyu07c082x,4dsgumo7d4zupm2ugsvm4zm4d,Arsenal FC,Arsenal,Arsenal,ARS,43.0,483.326,21.0,243.39,0.0,0.0,0.0,0.0,11.24,11.59,3.0,2.0,10.0,1.0,2.0,7.0,3.0,42.857,3.0,1.0,33.333,,,,,,,,,,204480.0,153.0,2.0,2.0,1.0,0.68,50.0,0.173,0.094,0.0,0.0,Declan,Rice,1999-01-14,27.65,3.0,41.0,Midfielder,Central Midfielder,6jgocc12bori2wygyu07c082x,4dsgumo7d4zupm2ugsvm4zm4d,Arsenal FC,Arsenal,Arsenal,ARS,204480.0,153.0,2.0,152.0,142.0,93.42,47.0,40.0,85.11,3.0,0.0,0.0,0.0,0.0,0.0,Declan,Rice,1999-01-14,27.65,3.0,41.0,Midfielder,Central Midfielder,6jgocc12bori2wygyu07c082x,4dsgumo7d4zupm2ugsvm4zm4d,Arsenal FC,Arsenal,Arsenal,ARS,204480,6jgocc12bori2wygyu07c082x,3,4dsgumo7d4zupm2ugsvm4zm4d
Destiny Udogie,487053.0,2.0,26.0,0.0,0.0,0.0,0.0,0.0,0.0,0.0,Destiny,Udogie,2002-11-28,23.78,6.0,13.0,Defender,Full Back,c33x61zuxixolkkalsigc3q0a,22doj4sgsocqpxw45h607udje,Tottenham Hotspur FC,Tottenham Hotspur,Spurs,TOT,8.0,54.375,2.0,8.505,0.0,0.0,0.0,0.0,6.797,4.252,1.0,0.0,3.0,0.0,0.0,3.0,2.0,66.667,1.0,0.0,0.0,,,,,,,,,,487053.0,26.0,2.0,1.0,1.0,4.55,0.0,0.215,0.215,0.0,0.0,Destiny,Udogie,2002-11-28,23.78,6.0,13.0,Defender,Full Back,c33x61zuxixolkkalsigc3q0a,22doj4sgsocqpxw45h607udje,Tottenham Hotspur FC,Tottenham Hotspur,Spurs,TOT,487053.0,26.0,2.0,23.0,20.0,86.96,9.0,8.0,88.89,2.0,0.0,0.0,0.0,0.0,0.0,Destiny,Udogie,2002-11-28,23.78,6.0,13.0,Defender,Full Back,c33x61zuxixolkkalsigc3q0a,22doj4sgsocqpxw45h607udje,Tottenham Hotspur FC,Tottenham Hotspur,Spurs,TOT,487053,c33x61zuxixolkkalsigc3q0a,6,22doj4sgsocqpxw45h607udje
Diego Gómez,514254.0,2.0,176.0,0.0,0.56,-0.56,8.0,3.0,0.0,0.07,Diego,Gómez,2003-03-27,23.45,36.0,25.0,Midfielder,Central Midfielder,bqbt9eix8zlp6rxzxofl6rjmc,e5p0ehyguld7egzhiedpdnc3w,Brighton & Hove Albion FC,Brighton & Hove Albion,Brighton,BHA,15.0,137.897,7.0,37.38,0.0,0.0,1.0,0.0,9.193,5.34,5.0,2.0,3.0,0.0,1.0,16.0,6.0,37.5,12.0,6.0,50.0,,,,,,,,,,514254.0,176.0,2.0,3.0,3.0,3.23,0.0,0.649,0.649,1.0,1.0,Diego,Gómez,2003-03-27,23.45,36.0,25.0,Midfielder,Central Midfielder,bqbt9eix8zlp6rxzxofl6rjmc,e5p0ehyguld7egzhiedpdnc3w,Brighton & Hove Albion FC,Brighton & Hove Albion,Brighton,BHA,514254.0,176.0,2.0,62.0,51.0,82.26,31.0,21.0,67.74,4.0,1.0,25.0,0.0,0.0,0.0,Diego,Gómez,2003-03-27,23.45,36.0,25.0,Midfielder,Central Midfielder,bqbt9eix8zlp6rxzxofl6rjmc,e5p0ehyguld7egzhiedpdnc3w,Brighton & Hove Albion FC,Brighton & Hove Albion,Brighton,BHA,514254,bqbt9eix8zlp6rxzxofl6rjmc,36,e5p0ehyguld7egzhiedpdnc3w
Diogo Dalot,216051.0,2.0,84.0,0.0,0.15,-0.15,4.0,1.0,0.0,0.04,José Diogo,Dalot Teixeira,1999-03-18,27.48,1.0,2.0,Defender,Full Back,3f3jcsa7gk6in9fskp9w5a5t5,6eqit8ye8aomdsrrq0hk3v7gh,Manchester United FC,Manchester United,Man Utd,MUN,7.0,50.992,3.0,7.14,1.0,0.0,0.0,0.0,7.285,2.38,2.0,3.0,2.0,0.0,2.0,4.0,3.0,75.0,2.0,0.0,0.0,,,,,,,,,,216051.0,84.0,2.0,4.0,3.0,7.89,25.0,0.12,0.12,0.0,0.0,José Diogo,Dalot Teixeira,1999-03-18,27.48,1.0,2.0,Defender,Full Back,3f3jcsa7gk6in9fskp9w5a5t5,6eqit8ye8aomdsrrq0hk3v7gh,Manchester United FC,Manchester United,Man Utd,MUN,216051.0,84.0,2.0,38.0,35.0,92.11,16.0,14.0,87.5,5.0,2.0,40.0,0.0,0.0,0.0,José Diogo,Dalot Teixeira,1999-03-18,27.48,1.0,2.0,Defender,Full Back,3f3jcsa7gk6in9fskp9w5a5t5,6eqit8ye8aomdsrrq0hk3v7gh,Manchester United FC,Manchester United,Man Utd,MUN,216051,3f3jcsa7gk6in9fskp9w5a5t5,1,6eqit8ye8aomdsrrq0hk3v7gh
Djordje Petrovic,,,,,,,,,,,,,,,,,,,,,,,,,,,,,,,,,,,,,,,,,,,,,,180.0,100.0,0.0,3.0,9.0,75.0,1.08,1.33,4.08,,,,,,,,,,,,,,,,,,,,,,,,,,,,,,,,,,,,,,,,,,,,,,,,,,,,,,,457569,bcfzovs0pj9urgv9r0ykjnlrd,91,1pse9ta7a45pi2w2grjim70ge
Dominic Calvert-Lewin,177815.0,2.0,180.0,1.0,1.05,-0.05,4.0,1.0,25.0,0.26,Dominic,Calvert-Lewin,1997-03-16,29.49,2.0,9.0,Forward,Striker,374kcix9j7e1cob4uxmfncwyd,48gk2hpqtsl6p9sx9kjhaydq4,Leeds United FC,Leeds United,Leeds,LEE,7.0,70.307,0.0,-40.53,0.0,0.0,0.0,0.0,10.044,0.0,0.0,0.0,3.0,0.0,3.0,8.0,1.0,12.5,22.0,11.0,50.0,,,,,,,,,,177815.0,180.0,2.0,0.0,0.0,0.0,0.0,0.022,0.022,0.0,0.0,Dominic,Calvert-Lewin,1997-03-16,29.49,2.0,9.0,Forward,Striker,374kcix9j7e1cob4uxmfncwyd,48gk2hpqtsl6p9sx9kjhaydq4,Leeds United FC,Leeds United,Leeds,LEE,177815.0,180.0,2.0,28.0,13.0,46.43,14.0,6.0,42.86,0.0,0.0,0.0,0.0,0.0,0.0,Dominic,Calvert-Lewin,1997-03-16,29.49,2.0,9.0,Forward,Striker,374kcix9j7e1cob4uxmfncwyd,48gk2hpqtsl6p9sx9kjhaydq4,Leeds United FC,Leeds United,Leeds,LEE,177815,374kcix9j7e1cob4uxmfncwyd,2,48gk2hpqtsl6p9sx9kjhaydq4
Dominic Solanke,154566.0,2.0,37.0,0.0,0.27,-0.27,2.0,1.0,0.0,0.14,Dominic,Solanke,1997-09-14,28.99,6.0,19.0,Forward,Striker,dvj6rdi2k0td95oxldbj6e28l,22doj4sgsocqpxw45h607udje,Tottenham Hotspur FC,Tottenham Hotspur,Spurs,TOT,2.0,14.604,0.0,3.36,0.0,0.0,0.0,0.0,7.302,0.0,0.0,0.0,0.0,0.0,0.0,3.0,2.0,66.667,4.0,0.0,0.0,,,,,,,,,,154566.0,37.0,2.0,0.0,0.0,0.0,0.0,0.001,0.001,0.0,0.0,Dominic,Solanke,1997-09-14,28.99,6.0,19.0,Forward,Striker,dvj6rdi2k0td95oxldbj6e28l,22doj4sgsocqpxw45h607udje,Tottenham Hotspur FC,Tottenham Hotspur,Spurs,TOT,154566.0,37.0,2.0,2.0,1.0,50.0,2.0,1.0,50.0,0.0,0.0,0.0,0.0,0.0,0.0,Dominic,Solanke,1997-09-14,28.99,6.0,19.0,Forward,Striker,dvj6rdi2k0td95oxldbj6e28l,22doj4sgsocqpxw45h607udje,Tottenham Hotspur FC,Tottenham Hotspur,Spurs,TOT,154566,dvj6rdi2k0td95oxldbj6e28l,6,22doj4sgsocqpxw45h607udje
Dominik Szoboszlai,424876.0,2.0,180.0,1.0,1.01,-0.01,6.0,1.0,16.67,0.17,Dominik,Szoboszlai,2000-10-25,25.87,14.0,8.0,Midfielder,Attacking Midfielder,avh60ensgiwz1qalvn1bbqkfd,c8h9bw1l82s06h77xxrelzhur,Liverpool FC,Liverpool,Liverpool,LIV,23.0,250.641,11.0,127.575,1.0,0.0,0.0,0.0,10.897,11.598,4.0,2.0,11.0,2.0,1.0,15.0,8.0,53.333,6.0,0.0,0.0,,,,,,,,,,424876.0,180.0,2.0,5.0,1.0,0.76,80.0,0.403,0.152,0.0,0.0,Dominik,Szoboszlai,2000-10-25,25.87,14.0,8.0,Midfielder,Attacking Midfielder,avh60ensgiwz1qalvn1bbqkfd,c8h9bw1l82s06h77xxrelzhur,Liverpool FC,Liverpool,Liverpool,LIV,424876.0,180.0,2.0,138.0,120.0,86.96,37.0,28.0,75.68,6.0,2.0,33.33,0.0,0.0,0.0,Dominik,Szoboszlai,2000-10-25,25.87,14.0,8.0,Midfielder,Attacking Midfielder,avh60ensgiwz1qalvn1bbqkfd,c8h9bw1l82s06h77xxrelzhur,Liverpool FC,Liverpool,Liverpool,LIV,424876,avh60ensgiwz1qalvn1bbqkfd,14,c8h9bw1l82s06h77xxrelzhur
Dwight McNeil,433154.0,2.0,85.0,0.0,0.05,-0.05,1.0,0.0,0.0,0.05,Dwight,McNeil,1999-11-22,26.8,31.0,11.0,Forward,Winger,7qgt7sht6py670pt6t4wjhqay,1c8m2ko0wxq1asfkuykurdr0y,Crystal Palace FC,Crystal Palace,Palace,CRY,9.0,113.429,7.0,78.33,0.0,0.0,0.0,0.0,12.603,11.19,0.0,1.0,3.0,1.0,2.0,5.0,0.0,0.0,0.0,0.0,0.0,,,,,,,,,,433154.0,85.0,2.0,0.0,0.0,0.0,0.0,0.024,0.024,0.0,0.0,Dwight,McNeil,1999-11-22,26.8,31.0,11.0,Forward,Winger,7qgt7sht6py670pt6t4wjhqay,1c8m2ko0wxq1asfkuykurdr0y,Crystal Palace FC,Crystal Palace,Palace,CRY,433154.0,85.0,2.0,35.0,29.0,82.86,12.0,10.0,83.33,0.0,0.0,0.0,0.0,0.0,0.0,Dwight,McNeil,1999-11-22,26.8,31.0,11.0,Forward,Winger,7qgt7sht6py670pt6t4wjhqay,1c8m2ko0wxq1asfkuykurdr0y,Crystal Palace FC,Crystal Palace,Palace,CRY,433154,7qgt7sht6py670pt6t4wjhqay,31,1c8m2ko0wxq1asfkuykurdr0y
Eberechi Eze,232413.0,2.0,59.0,0.0,0.04,-0.04,1.0,0.0,0.0,0.04,Eberechi,Eze,1998-06-29,28.2,3.0,10.0,Midfielder,Attacking Midfielder,4wic6z72nwmhkheme209fcmp5,4dsgumo7d4zupm2ugsvm4zm4d,Arsenal FC,Arsenal,Arsenal,ARS,9.0,134.466,1.0,12.18,0.0,0.0,0.0,0.0,14.941,12.18,0.0,0.0,5.0,0.0,0.0,8.0,4.0,50.0,2.0,1.0,50.0,,,,,,,,,,232413.0,59.0,2.0,0.0,0.0,0.0,0.0,0.072,0.072,0.0,0.0,Eberechi,Eze,1998-06-29,28.2,3.0,10.0,Midfielder,Attacking Midfielder,4wic6z72nwmhkheme209fcmp5,4dsgumo7d4zupm2ugsvm4zm4d,Arsenal FC,Arsenal,Arsenal,ARS,232413.0,59.0,2.0,27.0,22.0,81.48,8.0,6.0,75.0,0.0,0.0,0.0,0.0,0.0,0.0,Eberechi,Eze,1998-06-29,28.2,3.0,10.0,Midfielder,Attacking Midfielder,4wic6z72nwmhkheme209fcmp5,4dsgumo7d4zupm2ugsvm4zm4d,Arsenal FC,Arsenal,Arsenal,ARS,232413,4wic6z72nwmhkheme209fcmp5,3,4dsgumo7d4zupm2ugsvm4zm4d
Eddie Nketiah,205533.0,2.0,123.0,0.0,0.96,-0.96,3.0,1.0,0.0,0.32,Eddie,Nketiah,1999-05-30,27.28,31.0,9.0,Forward,Striker,2im16cd31tgg3yac3c8c18jbp,1c8m2ko0wxq1asfkuykurdr0y,Crystal Palace FC,Crystal Palace,Palace,CRY,10.0,103.358,7.0,75.285,1.0,0.0,1.0,0.0,10.336,10.755,3.0,1.0,4.0,0.0,1.0,14.0,5.0,35.714,8.0,3.0,37.5,,,,,,,,,,205533.0,123.0,2.0,3.0,3.0,13.64,0.0,0.581,0.581,0.0,0.0,Eddie,Nketiah,1999-05-30,27.28,31.0,9.0,Forward,Striker,2im16cd31tgg3yac3c8c18jbp,1c8m2ko0wxq1asfkuykurdr0y,Crystal Palace FC,Crystal Palace,Palace,CRY,205533.0,123.0,2.0,22.0,16.0,72.73,8.0,5.0,62.5,0.0,0.0,0.0,1.0,0.0,0.0,Eddie,Nketiah,1999-05-30,27.28,31.0,9.0,Forward,Striker,2im16cd31tgg3yac3c8c18jbp,1c8m2ko0wxq1asfkuykurdr0y,Crystal Palace FC,Crystal Palace,Palace,CRY,205533,2im16cd31tgg3yac3c8c18jbp,31,1c8m2ko0wxq1asfkuykurdr0y
El Hadji Malick Diouf,613804.0,0.0,0.0,0.0,0.0,0.0,0.0,0.0,0.0,0.0,El Hadji Malick,Diouf,2004-12-29,21.69,94.0,25.0,Defender,Full Back,613804,7yx5dqhhphyvfisohikodajhv,Brentford FC,Brentford,Brentford,BRE,0.0,0.0,0.0,0.0,0.0,0.0,0.0,0.0,0.0,0.0,0.0,0.0,0.0,0.0,0.0,0.0,0.0,0.0,0.0,0.0,0.0,,,,,,,,,,613804.0,0.0,0.0,0.0,0.0,0.0,0.0,0.0,0.0,0.0,0.0,El Hadji Malick,Diouf,2004-12-29,21.69,94.0,25.0,Defender,Full Back,613804,7yx5dqhhphyvfisohikodajhv,Brentford FC,Brentford,Brentford,BRE,613804.0,0.0,0.0,0.0,0.0,0.0,0.0,0.0,0.0,0.0,0.0,0.0,0.0,0.0,0.0,El Hadji Malick,Diouf,2004-12-29,21.69,94.0,25.0,Defender,Full Back,613804,7yx5dqhhphyvfisohikodajhv,Brentford FC,Brentford,Brentford,BRE,613804,613804,94,7yx5dqhhphyvfisohikodajhv
Elliot Anderson,215379.0,2.0,145.0,0.0,0.07,-0.07,2.0,1.0,0.0,0.03,Elliot,Anderson,2002-11-06,23.84,43.0,5.0,Midfielder,Central Midfielder,exzca2akgjl00jfd2hzh33h7t,a3nyxabgsqlnqfkeg41m6tnpp,Manchester City FC,Manchester City,Man City,MCI,55.0,607.541,24.0,198.45,0.0,0.0,0.0,0.0,11.046,8.269,7.0,4.0,8.0,0.0,1.0,21.0,11.0,52.381,2.0,1.0,50.0,,,,,,,,,,215379.0,145.0,2.0,2.0,1.0,0.65,50.0,0.471,0.18,0.0,0.0,Elliot,Anderson,2002-11-06,23.84,43.0,5.0,Midfielder,Central Midfielder,exzca2akgjl00jfd2hzh33h7t,a3nyxabgsqlnqfkeg41m6tnpp,Manchester City FC,Manchester City,Man City,MCI,215379.0,145.0,2.0,159.0,144.0,90.57,42.0,35.0,83.33,2.0,0.0,0.0,1.0,0.0,0.0,Elliot,Anderson,2002-11-06,23.84,43.0,5.0,Midfielder,Central Midfielder,exzca2akgjl00jfd2hzh33h7t,a3nyxabgsqlnqfkeg41m6tnpp,Manchester City FC,Manchester City,Man City,MCI,215379,exzca2akgjl00jfd2hzh33h7t,43,a3nyxabgsqlnqfkeg41m6tnpp
Elliot Stroud,608227.0,2.0,130.0,0.0,0.01,-0.01,1.0,0.0,0.0,0.01,Elliot,Stroud,2002-06-22,24.22,88.0,21.0,Midfielder,Winger,9hg51o20uf6u2bjgshjax9soa,f0figafm2v9h8ofo6slajj7xf,Hull City AFC,Hull City,Hull,HUL,10.0,166.509,7.0,105.84,1.0,0.0,0.0,0.0,16.651,15.12,3.0,2.0,7.0,0.0,1.0,5.0,3.0,60.0,2.0,1.0,50.0,,,,,,,,,,608227.0,130.0,2.0,0.0,0.0,0.0,0.0,0.034,0.034,0.0,0.0,Elliot,Stroud,2002-06-22,24.22,88.0,21.0,Midfielder,Winger,9hg51o20uf6u2bjgshjax9soa,f0figafm2v9h8ofo6slajj7xf,Hull City AFC,Hull City,Hull,HUL,608227.0,130.0,2.0,17.0,12.0,70.59,8.0,4.0,50.0,3.0,1.0,33.33,1.0,0.0,0.0,Elliot,Stroud,2002-06-22,24.22,88.0,21.0,Midfielder,Winger,9hg51o20uf6u2bjgshjax9soa,f0figafm2v9h8ofo6slajj7xf,Hull City AFC,Hull City,Hull,HUL,608227,9hg51o20uf6u2bjgshjax9soa,88,f0figafm2v9h8ofo6slajj7xf
Ellis Simms,218997.0,1.0,70.0,0.0,0.0,0.0,0.0,0.0,0.0,0.0,Ellis,Simms,2001-01-05,25.68,9.0,9.0,Forward,Striker,4b3axlxopby87f4luevihgwdl,dacoc20k0n3fxu4zek8wufmko,Coventry City FC,Coventry City,Coventry,COV,3.0,48.116,3.0,33.81,0.0,0.0,0.0,0.0,16.039,11.27,0.0,0.0,2.0,0.0,1.0,6.0,2.0,33.333,3.0,3.0,100.0,,,,,,,,,,218997.0,70.0,1.0,1.0,1.0,7.69,0.0,0.007,0.007,0.0,0.0,Ellis,Simms,2001-01-05,25.68,9.0,9.0,Forward,Striker,4b3axlxopby87f4luevihgwdl,dacoc20k0n3fxu4zek8wufmko,Coventry City FC,Coventry City,Coventry,COV,218997.0,70.0,1.0,13.0,9.0,69.23,5.0,4.0,80.0,0.0,0.0,0.0,0.0,0.0,0.0,Ellis,Simms,2001-01-05,25.68,9.0,9.0,Forward,Striker,4b3axlxopby87f4luevihgwdl,dacoc20k0n3fxu4zek8wufmko,Coventry City FC,Coventry City,Coventry,COV,218997,4b3axlxopby87f4luevihgwdl,9,dacoc20k0n3fxu4zek8wufmko
Emersonn,543968.0,2.0,111.0,1.0,0.82,0.18,3.0,2.0,33.33,0.27,Emersonn,Correia da Silva,2004-07-16,22.15,40.0,19.0,Forward,Striker,9yr3pfa15sb0lljanpcer15p0,8b523ujgl21tbc01me65q0aoh,Ipswich Town FC,Ipswich Town,Ipswich,IPS,5.0,58.038,5.0,53.655,0.0,0.0,1.0,0.0,11.608,10.731,1.0,0.0,1.0,0.0,2.0,9.0,5.0,55.556,10.0,3.0,30.0,,,,,,,,,,543968.0,111.0,2.0,3.0,3.0,23.08,0.0,0.063,0.063,0.0,0.0,Emersonn,Correia da Silva,2004-07-16,22.15,40.0,19.0,Forward,Striker,9yr3pfa15sb0lljanpcer15p0,8b523ujgl21tbc01me65q0aoh,Ipswich Town FC,Ipswich Town,Ipswich,IPS,543968.0,111.0,2.0,13.0,10.0,76.92,4.0,2.0,50.0,1.0,1.0,100.0,0.0,0.0,0.0,Emersonn,Correia da Silva,2004-07-16,22.15,40.0,19.0,Forward,Striker,9yr3pfa15sb0lljanpcer15p0,8b523ujgl21tbc01me65q0aoh,Ipswich Town FC,Ipswich Town,Ipswich,IPS,543968,9yr3pfa15sb0lljanpcer15p0,40,8b523ujgl21tbc01me65q0aoh
Emile Smith Rowe,209289.0,1.0,14.0,0.0,0.06,-0.06,1.0,0.0,0.0,0.06,Emile,Smith Rowe,2000-07-28,26.12,54.0,32.0,Midfielder,Attacking Midfielder,4ali7e2nk26rfzr0660xdrx0p,hzqh7z0mdl3v7gwete66syxp,Fulham FC,Fulham,Fulham,FUL,2.0,15.152,1.0,1.155,0.0,0.0,0.0,0.0,7.576,1.155,0.0,0.0,1.0,0.0,0.0,1.0,0.0,0.0,2.0,0.0,0.0,,,,,,,,,,209289.0,14.0,1.0,2.0,2.0,12.5,0.0,0.024,0.024,0.0,0.0,Emile,Smith Rowe,2000-07-28,26.12,54.0,32.0,Midfielder,Attacking Midfielder,4ali7e2nk26rfzr0660xdrx0p,hzqh7z0mdl3v7gwete66syxp,Fulham FC,Fulham,Fulham,FUL,209289.0,14.0,1.0,16.0,16.0,100.0,10.0,10.0,100.0,0.0,0.0,0.0,0.0,0.0,0.0,Emile,Smith Rowe,2000-07-28,26.12,54.0,32.0,Midfielder,Attacking Midfielder,4ali7e2nk26rfzr0660xdrx0p,hzqh7z0mdl3v7gwete66syxp,Fulham FC,Fulham,Fulham,FUL,209289,4ali7e2nk26rfzr0660xdrx0p,54,hzqh7z0mdl3v7gwete66syxp
Emiliano Buendía,195546.0,2.0,176.0,0.0,0.17,-0.17,4.0,0.0,0.0,0.04,Emiliano,Buendía,1996-12-25,29.71,7.0,10.0,Midfielder,Attacking Midfielder,l0qqn9tlgov91p5d1zzdupcl,b496gs285it6bheuikox6z9mj,Aston Villa FC,Aston Villa,Villa,AVL,14.0,128.828,5.0,14.7,1.0,0.0,0.0,0.0,9.202,2.94,2.0,2.0,7.0,0.0,1.0,13.0,6.0,46.154,13.0,4.0,30.769,,,,,,,,,,195546.0,176.0,2.0,2.0,1.0,2.17,50.0,0.109,0.038,0.0,0.0,Emiliano,Buendía,1996-12-25,29.71,7.0,10.0,Midfielder,Attacking Midfielder,l0qqn9tlgov91p5d1zzdupcl,b496gs285it6bheuikox6z9mj,Aston Villa FC,Aston Villa,Villa,AVL,195546.0,176.0,2.0,50.0,39.0,78.0,21.0,15.0,71.43,2.0,0.0,0.0,0.0,0.0,0.0,Emiliano,Buendía,1996-12-25,29.71,7.0,10.0,Midfielder,Attacking Midfielder,l0qqn9tlgov91p5d1zzdupcl,b496gs285it6bheuikox6z9mj,Aston Villa FC,Aston Villa,Villa,AVL,195546,l0qqn9tlgov91p5d1zzdupcl,7,b496gs285it6bheuikox6z9mj
Emiliano Martínez,,,,,,,,,,,,,,,,,,,,,,,,,,,,,,,,,,,,,,,,,,,,,,180.0,50.0,1.0,3.0,4.0,57.14,0.61,1.0,2.61,,,,,,,,,,,,,,,,,,,,,,,,,,,,,,,,,,,,,,,,,,,,,,,,,,,,,,,98980,3zl1q2gk6tdmzirsyfgm38no5,8,9q0arba2kbnywth8bkxlhgmdr
Enzo Fernández,448047.0,1.0,25.0,0.0,0.0,0.0,0.0,0.0,0.0,0.0,Enzo,Fernández,2001-01-17,25.64,8.0,8.0,Midfielder,Central Midfielder,1zxwich342p8fholev7ddkwh6,9q0arba2kbnywth8bkxlhgmdr,Chelsea FC,Chelsea,Chelsea,CHE,3.0,32.601,0.0,-14.7,0.0,0.0,0.0,0.0,10.867,0.0,0.0,0.0,3.0,0.0,0.0,2.0,1.0,50.0,0.0,0.0,0.0,,,,,,,,,,448047.0,25.0,1.0,1.0,1.0,4.76,0.0,0.016,0.016,0.0,0.0,Enzo,Fernández,2001-01-17,25.64,8.0,8.0,Midfielder,Central Midfielder,1zxwich342p8fholev7ddkwh6,9q0arba2kbnywth8bkxlhgmdr,Chelsea FC,Chelsea,Chelsea,CHE,448047.0,25.0,1.0,21.0,19.0,90.48,4.0,3.0,75.0,0.0,0.0,0.0,0.0,0.0,0.0,Enzo,Fernández,2001-01-17,25.64,8.0,8.0,Midfielder,Central Midfielder,1zxwich342p8fholev7ddkwh6,9q0arba2kbnywth8bkxlhgmdr,Chelsea FC,Chelsea,Chelsea,CHE,448047,1zxwich342p8fholev7ddkwh6,8,9q0arba2kbnywth8bkxlhgmdr
Enzo Le Fée,484420.0,2.0,169.0,0.0,0.37,-0.37,4.0,1.0,0.0,0.09,Enzo,Le Fée,2000-02-03,26.6,56.0,28.0,Midfielder,0,44o5mjglkzqxctz07ust9bcru,1r3545b2dzan8yqa80gtmcjch,Sunderland AFC,Sunderland,Sunderland,SUN,21.0,218.174,8.0,58.695,0.0,0.0,0.0,0.0,10.389,7.337,2.0,1.0,5.0,0.0,0.0,22.0,8.0,36.364,0.0,0.0,0.0,,,,,,,,,,484420.0,169.0,2.0,1.0,1.0,1.54,0.0,0.204,0.199,0.0,0.0,Enzo,Le Fée,2000-02-03,26.6,56.0,28.0,Midfielder,0,44o5mjglkzqxctz07ust9bcru,1r3545b2dzan8yqa80gtmcjch,Sunderland AFC,Sunderland,Sunderland,SUN,484420.0,169.0,2.0,67.0,59.0,88.06,27.0,23.0,85.19,3.0,0.0,0.0,2.0,0.0,0.0,Enzo,Le Fée,2000-02-03,26.6,56.0,28.0,Midfielder,0,44o5mjglkzqxctz07ust9bcru,1r3545b2dzan8yqa80gtmcjch,Sunderland AFC,Sunderland,Sunderland,SUN,484420,44o5mjglkzqxctz07ust9bcru,56,1r3545b2dzan8yqa80gtmcjch
Ephron Mason-Clark,241293.0,1.0,58.0,0.0,0.0,0.0,0.0,0.0,0.0,0.0,Ephron,Mason-Clark,1999-08-25,27.04,9.0,10.0,Midfielder,Attacking Midfielder,6ictgtdi9ogl7n8dqh4dm1fxl,dacoc20k0n3fxu4zek8wufmko,Coventry City FC,Coventry City,Coventry,COV,8.0,86.501,2.0,23.205,0.0,0.0,1.0,0.0,10.813,11.602,0.0,0.0,2.0,0.0,2.0,5.0,2.0,40.0,3.0,0.0,0.0,,,,,,,,,,241293.0,58.0,1.0,1.0,1.0,9.09,0.0,0.056,0.056,0.0,0.0,Ephron,Mason-Clark,1999-08-25,27.04,9.0,10.0,Midfielder,Attacking Midfielder,6ictgtdi9ogl7n8dqh4dm1fxl,dacoc20k0n3fxu4zek8wufmko,Coventry City FC,Coventry City,Coventry,COV,241293.0,58.0,1.0,11.0,8.0,72.73,4.0,2.0,50.0,6.0,1.0,16.67,0.0,0.0,0.0,Ephron,Mason-Clark,1999-08-25,27.04,9.0,10.0,Midfielder,Attacking Midfielder,6ictgtdi9ogl7n8dqh4dm1fxl,dacoc20k0n3fxu4zek8wufmko,Coventry City FC,Coventry City,Coventry,COV,241293,6ictgtdi9ogl7n8dqh4dm1fxl,9,dacoc20k0n3fxu4zek8wufmko
Erling Haaland,223094.0,2.0,180.0,2.0,1.41,0.59,10.0,5.0,20.0,0.14,Erling,Haaland,2000-07-21,26.14,43.0,9.0,Forward,Striker,atzboo800gv7gic2rgvgo0kq1,a3nyxabgsqlnqfkeg41m6tnpp,Manchester City FC,Manchester City,Man City,MCI,8.0,120.034,4.0,78.12,0.0,0.0,0.0,0.0,15.004,19.53,0.0,0.0,5.0,0.0,3.0,8.0,2.0,25.0,5.0,4.0,80.0,,,,,,,,,,223094.0,180.0,2.0,0.0,0.0,0.0,0.0,0.016,0.016,0.0,0.0,Erling,Haaland,2000-07-21,26.14,43.0,9.0,Forward,Striker,atzboo800gv7gic2rgvgo0kq1,a3nyxabgsqlnqfkeg41m6tnpp,Manchester City FC,Manchester City,Man City,MCI,223094.0,180.0,2.0,20.0,13.0,65.0,9.0,5.0,55.56,0.0,0.0,0.0,1.0,0.0,0.0,Erling,Haaland,2000-07-21,26.14,43.0,9.0,Forward,Striker,atzboo800gv7gic2rgvgo0kq1,a3nyxabgsqlnqfkeg41m6tnpp,Manchester City FC,Manchester City,Man City,MCI,223094,atzboo800gv7gic2rgvgo0kq1,43,a3nyxabgsqlnqfkeg41m6tnpp
Estêvão,624773.0,1.0,7.0,0.0,0.0,0.0,0.0,0.0,0.0,0.0,Estêvão Willian,Almeida de Oliveira Gonçalves,2007-04-24,19.38,8.0,41.0,Forward,Winger,8ezfdv6lgv4gz8kogxvvn1rtg,9q0arba2kbnywth8bkxlhgmdr,Chelsea FC,Chelsea,Chelsea,CHE,2.0,22.205,2.0,22.05,0.0,0.0,0.0,0.0,11.102,11.025,0.0,0.0,1.0,0.0,0.0,1.0,0.0,0.0,1.0,0.0,0.0,,,,,,,,,,624773.0,7.0,1.0,0.0,0.0,0.0,0.0,0.002,0.001,0.0,0.0,Estêvão Willian,Almeida de Oliveira Gonçalves,2007-04-24,19.38,8.0,41.0,Forward,Winger,8ezfdv6lgv4gz8kogxvvn1rtg,9q0arba2kbnywth8bkxlhgmdr,Chelsea FC,Chelsea,Chelsea,CHE,624773.0,7.0,1.0,4.0,3.0,75.0,2.0,2.0,100.0,0.0,0.0,0.0,0.0,0.0,0.0,Estêvão Willian,Almeida de Oliveira Gonçalves,2007-04-24,19.38,8.0,41.0,Forward,Winger,8ezfdv6lgv4gz8kogxvvn1rtg,9q0arba2kbnywth8bkxlhgmdr,Chelsea FC,Chelsea,Chelsea,CHE,624773,8ezfdv6lgv4gz8kogxvvn1rtg,8,9q0arba2kbnywth8bkxlhgmdr
Ethan Ampadu,199598.0,2.0,180.0,0.0,0.01,-0.01,1.0,0.0,0.0,0.01,Ethan,Ampadu,2000-09-14,25.99,2.0,4.0,Midfielder,Defensive Midfielder,f1ma05bi3t1hfbflylx5d9tyh,48gk2hpqtsl6p9sx9kjhaydq4,Leeds United FC,Leeds United,Leeds,LEE,17.0,154.331,9.0,61.005,0.0,0.0,0.0,0.0,9.078,6.778,4.0,5.0,8.0,1.0,5.0,14.0,7.0,50.0,5.0,1.0,20.0,,,,,,,,,,199598.0,180.0,2.0,3.0,2.0,2.38,33.33,0.129,0.103,0.0,0.0,Ethan,Ampadu,2000-09-14,25.99,2.0,4.0,Midfielder,Defensive Midfielder,f1ma05bi3t1hfbflylx5d9tyh,48gk2hpqtsl6p9sx9kjhaydq4,Leeds United FC,Leeds United,Leeds,LEE,199598.0,180.0,2.0,87.0,71.0,81.61,19.0,11.0,57.89,1.0,1.0,100.0,0.0,0.0,0.0,Ethan,Ampadu,2000-09-14,25.99,2.0,4.0,Midfielder,Defensive Midfielder,f1ma05bi3t1hfbflylx5d9tyh,48gk2hpqtsl6p9sx9kjhaydq4,Leeds United FC,Leeds United,Leeds,LEE,199598,f1ma05bi3t1hfbflylx5d9tyh,2,48gk2hpqtsl6p9sx9kjhaydq4
Ethan Nwaneri,499175.0,0.0,0.0,0.0,0.0,0.0,0.0,0.0,0.0,0.0,Ethan,Nwaneri,2007-03-21,19.47,3.0,22.0,Midfielder,Attacking Midfielder,499175,4dsgumo7d4zupm2ugsvm4zm4d,Arsenal FC,Arsenal,Arsenal,ARS,0.0,0.0,0.0,0.0,0.0,0.0,0.0,0.0,0.0,0.0,0.0,0.0,0.0,0.0,0.0,0.0,0.0,0.0,0.0,0.0,0.0,,,,,,,,,,499175.0,0.0,0.0,0.0,0.0,0.0,0.0,0.0,0.0,0.0,0.0,Ethan,Nwaneri,2007-03-21,19.47,3.0,22.0,Midfielder,Attacking Midfielder,499175,4dsgumo7d4zupm2ugsvm4zm4d,Arsenal FC,Arsenal,Arsenal,ARS,499175.0,0.0,0.0,0.0,0.0,0.0,0.0,0.0,0.0,0.0,0.0,0.0,0.0,0.0,0.0,Ethan,Nwaneri,2007-03-21,19.47,3.0,22.0,Midfielder,Attacking Midfielder,499175,4dsgumo7d4zupm2ugsvm4zm4d,Arsenal FC,Arsenal,Arsenal,ARS,499175,499175,3,4dsgumo7d4zupm2ugsvm4zm4d
Ethan Pinnock,231065.0,1.0,12.0,0.0,0.0,0.0,0.0,0.0,0.0,0.0,Ethan,Pinnock,1993-05-29,33.29,9.0,2.0,Defender,Central Defender,d9a62lhx21b0ym73rxd6mw8h5,dacoc20k0n3fxu4zek8wufmko,Coventry City FC,Coventry City,Coventry,COV,5.0,81.115,4.0,53.445,0.0,0.0,0.0,0.0,16.223,13.361,0.0,0.0,0.0,0.0,2.0,0.0,0.0,0.0,3.0,2.0,66.667,,,,,,,,,,231065.0,12.0,1.0,0.0,0.0,0.0,0.0,0.003,0.003,0.0,0.0,Ethan,Pinnock,1993-05-29,33.29,9.0,2.0,Defender,Central Defender,d9a62lhx21b0ym73rxd6mw8h5,dacoc20k0n3fxu4zek8wufmko,Coventry City FC,Coventry City,Coventry,COV,231065.0,12.0,1.0,12.0,11.0,91.67,4.0,3.0,75.0,0.0,0.0,0.0,0.0,0.0,0.0,Ethan,Pinnock,1993-05-29,33.29,9.0,2.0,Defender,Central Defender,d9a62lhx21b0ym73rxd6mw8h5,dacoc20k0n3fxu4zek8wufmko,Coventry City FC,Coventry City,Coventry,COV,231065,d9a62lhx21b0ym73rxd6mw8h5,9,dacoc20k0n3fxu4zek8wufmko
Evanilson,444102.0,2.0,156.0,0.0,0.58,-0.58,3.0,0.0,0.0,0.19,Francisco Evanilson,de Lima Barbosa,1999-10-06,26.93,91.0,9.0,Forward,Striker,2wl0uylmkzi2ls7v4amgaa1yi,1pse9ta7a45pi2w2grjim70ge,AFC Bournemouth,Bournemouth,Bournemouth,BOU,7.0,103.92,3.0,32.97,0.0,0.0,0.0,0.0,14.846,10.99,1.0,4.0,5.0,0.0,1.0,15.0,6.0,40.0,4.0,3.0,75.0,,,,,,,,,,444102.0,156.0,2.0,3.0,3.0,2.86,0.0,0.254,0.254,2.0,2.0,Francisco Evanilson,de Lima Barbosa,1999-10-06,26.93,91.0,9.0,Forward,Striker,2wl0uylmkzi2ls7v4amgaa1yi,1pse9ta7a45pi2w2grjim70ge,AFC Bournemouth,Bournemouth,Bournemouth,BOU,444102.0,156.0,2.0,36.0,27.0,75.0,12.0,10.0,83.33,0.0,0.0,0.0,0.0,0.0,0.0,Francisco Evanilson,de Lima Barbosa,1999-10-06,26.93,91.0,9.0,Forward,Striker,2wl0uylmkzi2ls7v4amgaa1yi,1pse9ta7a45pi2w2grjim70ge,AFC Bournemouth,Bournemouth,Bournemouth,BOU,444102,2wl0uylmkzi2ls7v4amgaa1yi,91,1pse9ta7a45pi2w2grjim70ge
Evann Guessand,485337.0,2.0,54.0,0.0,0.03,-0.03,1.0,1.0,0.0,0.03,Evann,Guessand,2001-07-01,25.19,31.0,29.0,Forward,Striker,7k0r5crdh9blj3edt31zwy0dm,1c8m2ko0wxq1asfkuykurdr0y,Crystal Palace FC,Crystal Palace,Palace,CRY,4.0,43.678,3.0,41.685,1.0,0.0,0.0,0.0,10.92,13.895,1.0,0.0,0.0,0.0,1.0,7.0,1.0,14.286,1.0,0.0,0.0,,,,,,,,,,485337.0,54.0,2.0,0.0,0.0,0.0,0.0,0.025,0.025,0.0,0.0,Evann,Guessand,2001-07-01,25.19,31.0,29.0,Forward,Striker,7k0r5crdh9blj3edt31zwy0dm,1c8m2ko0wxq1asfkuykurdr0y,Crystal Palace FC,Crystal Palace,Palace,CRY,485337.0,54.0,2.0,15.0,14.0,93.33,7.0,6.0,85.71,1.0,0.0,0.0,0.0,0.0,0.0,Evann,Guessand,2001-07-01,25.19,31.0,29.0,Forward,Striker,7k0r5crdh9blj3edt31zwy0dm,1c8m2ko0wxq1asfkuykurdr0y,Crystal Palace FC,Crystal Palace,Palace,CRY,485337,7k0r5crdh9blj3edt31zwy0dm,31,1c8m2ko0wxq1asfkuykurdr0y
Exequiel Palacios,218543.0,1.0,28.0,0.0,0.0,0.0,0.0,0.0,0.0,0.0,Exequiel,Palacios,1998-10-05,27.93,40.0,25.0,Midfielder,0,6rg37ej1x7pwi7r4aq1107pih,8b523ujgl21tbc01me65q0aoh,Ipswich Town FC,Ipswich Town,Ipswich,IPS,12.0,86.393,3.0,38.43,0.0,0.0,1.0,0.0,7.199,12.81,1.0,2.0,3.0,0.0,0.0,4.0,2.0,50.0,1.0,1.0,100.0,,,,,,,,,,218543.0,28.0,1.0,1.0,1.0,3.23,0.0,0.015,0.015,0.0,0.0,Exequiel,Palacios,1998-10-05,27.93,40.0,25.0,Midfielder,0,6rg37ej1x7pwi7r4aq1107pih,8b523ujgl21tbc01me65q0aoh,Ipswich Town FC,Ipswich Town,Ipswich,IPS,218543.0,28.0,1.0,31.0,25.0,80.65,10.0,8.0,80.0,0.0,0.0,0.0,0.0,0.0,0.0,Exequiel,Palacios,1998-10-05,27.93,40.0,25.0,Midfielder,0,6rg37ej1x7pwi7r4aq1107pih,8b523ujgl21tbc01me65q0aoh,Ipswich Town FC,Ipswich Town,Ipswich,IPS,218543,6rg37ej1x7pwi7r4aq1107pih,40,8b523ujgl21tbc01me65q0aoh
Ezri Konsa,199798.0,1.0,11.0,0.0,0.0,0.0,0.0,0.0,0.0,0.0,Ezri,Konsa,1997-10-23,28.88,3.0,15.0,Defender,Central Defender,8qys6qtdwgsycxducl062zld5,4dsgumo7d4zupm2ugsvm4zm4d,Arsenal FC,Arsenal,Arsenal,ARS,6.0,46.091,4.0,24.15,0.0,0.0,0.0,0.0,7.682,6.038,0.0,0.0,0.0,0.0,1.0,0.0,0.0,0.0,2.0,1.0,50.0,,,,,,,,,,199798.0,11.0,1.0,0.0,0.0,0.0,0.0,0.0,0.0,0.0,0.0,Ezri,Konsa,1997-10-23,28.88,3.0,15.0,Defender,Central Defender,8qys6qtdwgsycxducl062zld5,4dsgumo7d4zupm2ugsvm4zm4d,Arsenal FC,Arsenal,Arsenal,ARS,199798.0,11.0,1.0,10.0,10.0,100.0,0.0,0.0,0.0,0.0,0.0,0.0,0.0,0.0,0.0,Ezri,Konsa,1997-10-23,28.88,3.0,15.0,Defender,Central Defender,8qys6qtdwgsycxducl062zld5,4dsgumo7d4zupm2ugsvm4zm4d,Arsenal FC,Arsenal,Arsenal,ARS,199798,8qys6qtdwgsycxducl062zld5,3,4dsgumo7d4zupm2ugsvm4zm4d
Fabian Schär,119471.0,1.0,1.0,0.0,0.0,0.0,0.0,0.0,0.0,0.0,Fabian,Schär,1991-12-20,34.73,4.0,5.0,Defender,Central Defender,dxxc4dioaioidmvamkzqr4b85,7vn2i2kd35zuetw6b38gw9jsz,Newcastle United FC,Newcastle United,Newcastle,NEW,0.0,0.0,0.0,0.0,0.0,0.0,0.0,0.0,0.0,0.0,0.0,0.0,0.0,0.0,0.0,0.0,0.0,0.0,0.0,0.0,0.0,,,,,,,,,,119471.0,1.0,1.0,0.0,0.0,0.0,0.0,0.0,0.0,0.0,0.0,Fabian,Schär,1991-12-20,34.73,4.0,5.0,Defender,Central Defender,dxxc4dioaioidmvamkzqr4b85,7vn2i2kd35zuetw6b38gw9jsz,Newcastle United FC,Newcastle United,Newcastle,NEW,119471.0,1.0,1.0,0.0,0.0,0.0,0.0,0.0,0.0,0.0,0.0,0.0,0.0,0.0,0.0,Fabian,Schär,1991-12-20,34.73,4.0,5.0,Defender,Central Defender,dxxc4dioaioidmvamkzqr4b85,7vn2i2kd35zuetw6b38gw9jsz,Newcastle United FC,Newcastle United,Newcastle,NEW,119471,dxxc4dioaioidmvamkzqr4b85,4,7vn2i2kd35zuetw6b38gw9jsz
Ferdi Kadioglu,231416.0,1.0,90.0,0.0,0.02,-0.02,1.0,0.0,0.0,0.02,Ferdi,Kadioglu,1999-10-07,26.93,36.0,24.0,Defender,Full Back,1lbbxbar7u6t3rl463zd7jp49,e5p0ehyguld7egzhiedpdnc3w,Brighton & Hove Albion FC,Brighton & Hove Albion,Brighton,BHA,11.0,110.197,9.0,98.175,0.0,0.0,0.0,0.0,10.018,10.908,0.0,0.0,2.0,0.0,0.0,2.0,1.0,50.0,1.0,0.0,0.0,,,,,,,,,,231416.0,90.0,1.0,1.0,1.0,1.64,0.0,0.013,0.013,0.0,0.0,Ferdi,Kadioglu,1999-10-07,26.93,36.0,24.0,Defender,Full Back,1lbbxbar7u6t3rl463zd7jp49,e5p0ehyguld7egzhiedpdnc3w,Brighton & Hove Albion FC,Brighton & Hove Albion,Brighton,BHA,231416.0,90.0,1.0,61.0,57.0,93.44,24.0,20.0,83.33,1.0,0.0,0.0,0.0,0.0,0.0,Ferdi,Kadioglu,1999-10-07,26.93,36.0,24.0,Defender,Full Back,1lbbxbar7u6t3rl463zd7jp49,e5p0ehyguld7egzhiedpdnc3w,Brighton & Hove Albion FC,Brighton & Hove Albion,Brighton,BHA,231416,1lbbxbar7u6t3rl463zd7jp49,36,e5p0ehyguld7egzhiedpdnc3w
Florian Wirtz,494595.0,2.0,153.0,0.0,0.48,-0.48,5.0,2.0,0.0,0.1,Florian,Wirtz,2003-05-03,23.35,14.0,7.0,Midfielder,Attacking Midfielder,2k5g68ywtr79lc45wozvifqlm,c8h9bw1l82s06h77xxrelzhur,Liverpool FC,Liverpool,Liverpool,LIV,18.0,187.254,8.0,32.13,1.0,0.0,1.0,1.0,10.403,4.016,4.0,0.0,11.0,0.0,0.0,14.0,7.0,50.0,2.0,1.0,50.0,,,,,,,,,,494595.0,153.0,2.0,2.0,2.0,1.22,0.0,0.238,0.238,1.0,1.0,Florian,Wirtz,2003-05-03,23.35,14.0,7.0,Midfielder,Attacking Midfielder,2k5g68ywtr79lc45wozvifqlm,c8h9bw1l82s06h77xxrelzhur,Liverpool FC,Liverpool,Liverpool,LIV,494595.0,153.0,2.0,86.0,71.0,82.56,40.0,26.0,65.0,2.0,0.0,0.0,1.0,1.0,100.0,Florian,Wirtz,2003-05-03,23.35,14.0,7.0,Midfielder,Attacking Midfielder,2k5g68ywtr79lc45wozvifqlm,c8h9bw1l82s06h77xxrelzhur,Liverpool FC,Liverpool,Liverpool,LIV,494595,2k5g68ywtr79lc45wozvifqlm,14,c8h9bw1l82s06h77xxrelzhur
Frank Onyeka,428580.0,1.0,90.0,0.0,0.0,0.0,0.0,0.0,0.0,0.0,Frank,Onyeka,1998-01-01,28.69,9.0,16.0,Midfielder,Central Midfielder,34b0oqo4725okjxxngin9piw9,dacoc20k0n3fxu4zek8wufmko,Coventry City FC,Coventry City,Coventry,COV,10.0,74.518,2.0,8.61,0.0,0.0,0.0,0.0,7.452,4.305,1.0,3.0,5.0,0.0,0.0,6.0,2.0,33.333,0.0,0.0,0.0,,,,,,,,,,428580.0,90.0,1.0,0.0,0.0,0.0,0.0,0.005,0.005,0.0,0.0,Frank,Onyeka,1998-01-01,28.69,9.0,16.0,Midfielder,Central Midfielder,34b0oqo4725okjxxngin9piw9,dacoc20k0n3fxu4zek8wufmko,Coventry City FC,Coventry City,Coventry,COV,428580.0,90.0,1.0,22.0,16.0,72.73,6.0,4.0,66.67,0.0,0.0,0.0,0.0,0.0,0.0,Frank,Onyeka,1998-01-01,28.69,9.0,16.0,Midfielder,Central Midfielder,34b0oqo4725okjxxngin9piw9,dacoc20k0n3fxu4zek8wufmko,Coventry City FC,Coventry City,Coventry,COV,428580,34b0oqo4725okjxxngin9piw9,9,dacoc20k0n3fxu4zek8wufmko
Fábio Carvalho,244858.0,0.0,0.0,0.0,0.0,0.0,0.0,0.0,0.0,0.0,Fábio Leandro,Freitas Gouveia de Carvalho,2002-08-30,24.03,94.0,14.0,Midfielder,Attacking Midfielder,244858,7yx5dqhhphyvfisohikodajhv,Brentford FC,Brentford,Brentford,BRE,0.0,0.0,0.0,0.0,0.0,0.0,0.0,0.0,0.0,0.0,0.0,0.0,0.0,0.0,0.0,0.0,0.0,0.0,0.0,0.0,0.0,,,,,,,,,,244858.0,0.0,0.0,0.0,0.0,0.0,0.0,0.0,0.0,0.0,0.0,Fábio Leandro,Freitas Gouveia de Carvalho,2002-08-30,24.03,94.0,14.0,Midfielder,Attacking Midfielder,244858,7yx5dqhhphyvfisohikodajhv,Brentford FC,Brentford,Brentford,BRE,244858.0,0.0,0.0,0.0,0.0,0.0,0.0,0.0,0.0,0.0,0.0,0.0,0.0,0.0,0.0,Fábio Leandro,Freitas Gouveia de Carvalho,2002-08-30,24.03,94.0,14.0,Midfielder,Attacking Midfielder,244858,7yx5dqhhphyvfisohikodajhv,Brentford FC,Brentford,Brentford,BRE,244858,244858,94,7yx5dqhhphyvfisohikodajhv
Gabriel Gudmundsson,243526.0,0.0,0.0,0.0,0.0,0.0,0.0,0.0,0.0,0.0,Gabriel,Gudmundsson,1999-04-29,27.37,2.0,3.0,Defender,Full Back,243526,48gk2hpqtsl6p9sx9kjhaydq4,Leeds United FC,Leeds United,Leeds,LEE,0.0,0.0,0.0,0.0,0.0,0.0,0.0,0.0,0.0,0.0,0.0,0.0,0.0,0.0,0.0,0.0,0.0,0.0,0.0,0.0,0.0,,,,,,,,,,243526.0,0.0,0.0,0.0,0.0,0.0,0.0,0.0,0.0,0.0,0.0,Gabriel,Gudmundsson,1999-04-29,27.37,2.0,3.0,Defender,Full Back,243526,48gk2hpqtsl6p9sx9kjhaydq4,Leeds United FC,Leeds United,Leeds,LEE,243526.0,0.0,0.0,0.0,0.0,0.0,0.0,0.0,0.0,0.0,0.0,0.0,0.0,0.0,0.0,Gabriel,Gudmundsson,1999-04-29,27.37,2.0,3.0,Defender,Full Back,243526,48gk2hpqtsl6p9sx9kjhaydq4,Leeds United FC,Leeds United,Leeds,LEE,243526,243526,2,48gk2hpqtsl6p9sx9kjhaydq4
Gabriel Magalhães,226597.0,2.0,180.0,0.0,0.17,-0.17,2.0,0.0,0.0,0.09,Gabriel,dos Santos Magalhães,1997-12-19,28.73,3.0,6.0,Defender,Central Defender,8libvn3hxypz8x7gm4mr7kj55,4dsgumo7d4zupm2ugsvm4zm4d,Arsenal FC,Arsenal,Arsenal,ARS,31.0,286.904,16.0,169.68,0.0,0.0,0.0,0.0,9.255,10.605,2.0,3.0,7.0,0.0,9.0,10.0,5.0,50.0,6.0,1.0,16.667,,,,,,,,,,226597.0,180.0,2.0,0.0,0.0,0.0,0.0,0.029,0.029,0.0,0.0,Gabriel,dos Santos Magalhães,1997-12-19,28.73,3.0,6.0,Defender,Central Defender,8libvn3hxypz8x7gm4mr7kj55,4dsgumo7d4zupm2ugsvm4zm4d,Arsenal FC,Arsenal,Arsenal,ARS,226597.0,180.0,2.0,131.0,122.0,93.13,23.0,18.0,78.26,0.0,0.0,0.0,0.0,0.0,0.0,Gabriel,dos Santos Magalhães,1997-12-19,28.73,3.0,6.0,Defender,Central Defender,8libvn3hxypz8x7gm4mr7kj55,4dsgumo7d4zupm2ugsvm4zm4d,Arsenal FC,Arsenal,Arsenal,ARS,226597,8libvn3hxypz8x7gm4mr7kj55,3,4dsgumo7d4zupm2ugsvm4zm4d
George Hemmings,577285.0,2.0,161.0,0.0,0.0,0.0,0.0,0.0,0.0,0.0,George,Hemmings,2007-03-04,19.52,7.0,53.0,Midfielder,Central Midfielder,ak6mqx5tyz1duwg1u3v4fwfmc,b496gs285it6bheuikox6z9mj,Aston Villa FC,Aston Villa,Villa,AVL,11.0,135.886,7.0,75.075,0.0,0.0,1.0,0.0,12.353,10.725,5.0,0.0,6.0,0.0,0.0,12.0,6.0,50.0,7.0,3.0,42.857,,,,,,,,,,577285.0,161.0,2.0,1.0,1.0,3.45,0.0,0.013,0.013,0.0,0.0,George,Hemmings,2007-03-04,19.52,7.0,53.0,Midfielder,Central Midfielder,ak6mqx5tyz1duwg1u3v4fwfmc,b496gs285it6bheuikox6z9mj,Aston Villa FC,Aston Villa,Villa,AVL,577285.0,161.0,2.0,29.0,16.0,55.17,11.0,5.0,45.45,1.0,0.0,0.0,1.0,0.0,0.0,George,Hemmings,2007-03-04,19.52,7.0,53.0,Midfielder,Central Midfielder,ak6mqx5tyz1duwg1u3v4fwfmc,b496gs285it6bheuikox6z9mj,Aston Villa FC,Aston Villa,Villa,AVL,577285,ak6mqx5tyz1duwg1u3v4fwfmc,7,b496gs285it6bheuikox6z9mj
Georginio Rutter,463067.0,1.0,90.0,0.0,0.08,-0.08,2.0,0.0,0.0,0.04,Georginio,Rutter,2002-04-20,24.39,36.0,10.0,Forward,Striker,e8ekkg0yayhhmmhinl0v9une,e5p0ehyguld7egzhiedpdnc3w,Brighton & Hove Albion FC,Brighton & Hove Albion,Brighton,BHA,6.0,89.353,5.0,83.895,0.0,0.0,1.0,1.0,14.892,16.779,2.0,0.0,4.0,0.0,1.0,9.0,4.0,44.444,0.0,0.0,0.0,,,,,,,,,,463067.0,90.0,1.0,1.0,1.0,0.0,0.0,0.443,0.443,1.0,1.0,Georginio,Rutter,2002-04-20,24.39,36.0,10.0,Forward,Striker,e8ekkg0yayhhmmhinl0v9une,e5p0ehyguld7egzhiedpdnc3w,Brighton & Hove Albion FC,Brighton & Hove Albion,Brighton,BHA,463067.0,90.0,1.0,12.0,7.0,58.33,7.0,5.0,71.43,0.0,0.0,0.0,0.0,0.0,0.0,Georginio,Rutter,2002-04-20,24.39,36.0,10.0,Forward,Striker,e8ekkg0yayhhmmhinl0v9une,e5p0ehyguld7egzhiedpdnc3w,Brighton & Hove Albion FC,Brighton & Hove Albion,Brighton,BHA,463067,e8ekkg0yayhhmmhinl0v9une,36,e5p0ehyguld7egzhiedpdnc3w
Geovany Quenda,593117.0,1.0,8.0,0.0,0.0,0.0,0.0,0.0,0.0,0.0,Geovany,Tcherno Quenda,2007-04-30,19.36,8.0,23.0,Midfielder,Winger,9c82id3h8v3cahh5fpwtzqlg4,9q0arba2kbnywth8bkxlhgmdr,Chelsea FC,Chelsea,Chelsea,CHE,0.0,0.0,0.0,0.0,0.0,0.0,0.0,0.0,0.0,0.0,0.0,0.0,0.0,0.0,1.0,0.0,0.0,0.0,0.0,0.0,0.0,,,,,,,,,,593117.0,8.0,1.0,0.0,0.0,0.0,0.0,0.0,0.0,0.0,0.0,Geovany,Tcherno Quenda,2007-04-30,19.36,8.0,23.0,Midfielder,Winger,9c82id3h8v3cahh5fpwtzqlg4,9q0arba2kbnywth8bkxlhgmdr,Chelsea FC,Chelsea,Chelsea,CHE,593117.0,8.0,1.0,4.0,2.0,50.0,1.0,0.0,0.0,0.0,0.0,0.0,0.0,0.0,0.0,Geovany,Tcherno Quenda,2007-04-30,19.36,8.0,23.0,Midfielder,Winger,9c82id3h8v3cahh5fpwtzqlg4,9q0arba2kbnywth8bkxlhgmdr,Chelsea FC,Chelsea,Chelsea,CHE,593117,9c82id3h8v3cahh5fpwtzqlg4,8,9q0arba2kbnywth8bkxlhgmdr
Gianluigi Donnarumma,,,,,,,,,,,,,,,,,,,,,,,,,,,,,,,,,,,,,,,,,,,,,,180.0,100.0,1.0,2.0,4.0,66.67,0.74,1.0,1.74,,,,,,,,,,,,,,,,,,,,,,,,,,,,,,,,,,,,,,,,,,,,,,,,,,,,,,,204936,4cetkl0w2uq40ccti5ka6a4t1,43,a3nyxabgsqlnqfkeg41m6tnpp
Gonzalo García,551466.0,2.0,180.0,1.0,1.0,0.0,6.0,1.0,16.67,0.17,Gonzalo,García,2004-03-24,22.46,54.0,7.0,Forward,Winger,4o9d3hpjlicgce9gtbewyzhn8,hzqh7z0mdl3v7gwete66syxp,Fulham FC,Fulham,Fulham,FUL,11.0,112.668,4.0,25.305,2.0,0.0,0.0,0.0,10.243,6.326,1.0,0.0,3.0,1.0,1.0,17.0,5.0,29.412,13.0,7.0,53.846,,,,,,,,,,551466.0,180.0,2.0,0.0,0.0,0.0,0.0,0.019,0.019,0.0,0.0,Gonzalo,García,2004-03-24,22.46,54.0,7.0,Forward,Winger,4o9d3hpjlicgce9gtbewyzhn8,hzqh7z0mdl3v7gwete66syxp,Fulham FC,Fulham,Fulham,FUL,551466.0,180.0,2.0,46.0,36.0,78.26,16.0,11.0,68.75,1.0,0.0,0.0,0.0,0.0,0.0,Gonzalo,García,2004-03-24,22.46,54.0,7.0,Forward,Winger,4o9d3hpjlicgce9gtbewyzhn8,hzqh7z0mdl3v7gwete66syxp,Fulham FC,Fulham,Fulham,FUL,551466,4o9d3hpjlicgce9gtbewyzhn8,54,hzqh7z0mdl3v7gwete66syxp
Granit Xhaka,84450.0,2.0,180.0,0.0,0.0,0.0,0.0,0.0,0.0,0.0,Granit,Xhaka,1992-09-27,33.96,56.0,34.0,Midfielder,Defensive Midfielder,6264xjr1y00yu7b9j2pknalzp,1r3545b2dzan8yqa80gtmcjch,Sunderland AFC,Sunderland,Sunderland,SUN,26.0,288.254,13.0,200.445,0.0,0.0,0.0,0.0,11.087,15.419,3.0,2.0,14.0,1.0,0.0,16.0,11.0,68.75,3.0,2.0,66.667,,,,,,,,,,84450.0,180.0,2.0,6.0,3.0,2.4,50.0,0.447,0.336,0.0,0.0,Granit,Xhaka,1992-09-27,33.96,56.0,34.0,Midfielder,Defensive Midfielder,6264xjr1y00yu7b9j2pknalzp,1r3545b2dzan8yqa80gtmcjch,Sunderland AFC,Sunderland,Sunderland,SUN,84450.0,180.0,2.0,133.0,124.0,93.23,42.0,36.0,85.71,3.0,1.0,33.33,2.0,2.0,100.0,Granit,Xhaka,1992-09-27,33.96,56.0,34.0,Midfielder,Defensive Midfielder,6264xjr1y00yu7b9j2pknalzp,1r3545b2dzan8yqa80gtmcjch,Sunderland AFC,Sunderland,Sunderland,SUN,84450,6264xjr1y00yu7b9j2pknalzp,56,1r3545b2dzan8yqa80gtmcjch
Gustavo Hamer,196100.0,2.0,27.0,0.0,0.0,0.0,0.0,0.0,0.0,0.0,Gustavo,Hamer,1997-06-24,29.21,9.0,38.0,Midfielder,Central Midfielder,7gjpyajgsq0pd71bq30m69xpl,dacoc20k0n3fxu4zek8wufmko,Coventry City FC,Coventry City,Coventry,COV,3.0,47.07,2.0,34.23,0.0,0.0,0.0,0.0,15.69,17.115,0.0,0.0,1.0,0.0,0.0,3.0,0.0,0.0,3.0,1.0,33.333,,,,,,,,,,196100.0,27.0,2.0,0.0,0.0,0.0,0.0,0.018,0.018,0.0,0.0,Gustavo,Hamer,1997-06-24,29.21,9.0,38.0,Midfielder,Central Midfielder,7gjpyajgsq0pd71bq30m69xpl,dacoc20k0n3fxu4zek8wufmko,Coventry City FC,Coventry City,Coventry,COV,196100.0,27.0,2.0,20.0,16.0,80.0,10.0,8.0,80.0,0.0,0.0,0.0,0.0,0.0,0.0,Gustavo,Hamer,1997-06-24,29.21,9.0,38.0,Midfielder,Central Midfielder,7gjpyajgsq0pd71bq30m69xpl,dacoc20k0n3fxu4zek8wufmko,Coventry City FC,Coventry City,Coventry,COV,196100,7gjpyajgsq0pd71bq30m69xpl,9,dacoc20k0n3fxu4zek8wufmko
Habib Diarra,547027.0,2.0,28.0,0.0,0.03,-0.03,1.0,0.0,0.0,0.03,Habib,Diarra,2004-01-03,22.68,56.0,19.0,Midfielder,0,egtyl4noukbjkm1va1i11e87o,1r3545b2dzan8yqa80gtmcjch,Sunderland AFC,Sunderland,Sunderland,SUN,2.0,21.07,1.0,8.925,0.0,0.0,0.0,0.0,10.535,8.925,0.0,0.0,0.0,0.0,0.0,2.0,0.0,0.0,1.0,1.0,100.0,,,,,,,,,,547027.0,28.0,2.0,1.0,1.0,0.0,0.0,0.159,0.159,1.0,1.0,Habib,Diarra,2004-01-03,22.68,56.0,19.0,Midfielder,0,egtyl4noukbjkm1va1i11e87o,1r3545b2dzan8yqa80gtmcjch,Sunderland AFC,Sunderland,Sunderland,SUN,547027.0,28.0,2.0,9.0,9.0,100.0,2.0,2.0,100.0,0.0,0.0,0.0,0.0,0.0,0.0,Habib,Diarra,2004-01-03,22.68,56.0,19.0,Midfielder,0,egtyl4noukbjkm1va1i11e87o,1r3545b2dzan8yqa80gtmcjch,Sunderland AFC,Sunderland,Sunderland,SUN,547027,egtyl4noukbjkm1va1i11e87o,56,1r3545b2dzan8yqa80gtmcjch
Harrison Armstrong,609873.0,2.0,176.0,0.0,0.0,0.0,0.0,0.0,0.0,0.0,Harrison,Armstrong,2007-01-19,19.64,11.0,45.0,Midfielder,Central Midfielder,d84upyw8b3umj864lyffolyj8,ehd2iemqmschhj2ec0vayztzz,Everton FC,Everton,Everton,EVE,25.0,289.821,9.0,84.0,0.0,0.0,1.0,0.0,11.593,9.333,5.0,3.0,14.0,1.0,2.0,18.0,7.0,38.889,4.0,1.0,25.0,,,,,,,,,,609873.0,176.0,2.0,2.0,2.0,1.72,0.0,0.069,0.069,1.0,1.0,Harrison,Armstrong,2007-01-19,19.64,11.0,45.0,Midfielder,Central Midfielder,d84upyw8b3umj864lyffolyj8,ehd2iemqmschhj2ec0vayztzz,Everton FC,Everton,Everton,EVE,609873.0,176.0,2.0,58.0,53.0,91.38,21.0,18.0,85.71,1.0,0.0,0.0,0.0,0.0,0.0,Harrison,Armstrong,2007-01-19,19.64,11.0,45.0,Midfielder,Central Midfielder,d84upyw8b3umj864lyffolyj8,ehd2iemqmschhj2ec0vayztzz,Everton FC,Everton,Everton,EVE,609873,d84upyw8b3umj864lyffolyj8,11,ehd2iemqmschhj2ec0vayztzz
Harrison Reed,153366.0,0.0,0.0,0.0,0.0,0.0,0.0,0.0,0.0,0.0,Harrison,Reed,1995-01-27,31.62,54.0,6.0,Midfielder,Central Midfielder,153366,hzqh7z0mdl3v7gwete66syxp,Fulham FC,Fulham,Fulham,FUL,0.0,0.0,0.0,0.0,0.0,0.0,0.0,0.0,0.0,0.0,0.0,0.0,0.0,0.0,0.0,0.0,0.0,0.0,0.0,0.0,0.0,,,,,,,,,,153366.0,0.0,0.0,0.0,0.0,0.0,0.0,0.0,0.0,0.0,0.0,Harrison,Reed,1995-01-27,31.62,54.0,6.0,Midfielder,Central Midfielder,153366,hzqh7z0mdl3v7gwete66syxp,Fulham FC,Fulham,Fulham,FUL,153366.0,0.0,0.0,0.0,0.0,0.0,0.0,0.0,0.0,0.0,0.0,0.0,0.0,0.0,0.0,Harrison,Reed,1995-01-27,31.62,54.0,6.0,Midfielder,Central Midfielder,153366,hzqh7z0mdl3v7gwete66syxp,Fulham FC,Fulham,Fulham,FUL,153366,153366,54,hzqh7z0mdl3v7gwete66syxp
Harry Maguire,95658.0,2.0,180.0,0.0,0.08,-0.08,3.0,1.0,0.0,0.03,Harry,Maguire,1993-03-05,33.52,1.0,5.0,Defender,Central Defender,1vz038uyzmq8saskeeo0qhm8l,6eqit8ye8aomdsrrq0hk3v7gh,Manchester United FC,Manchester United,Man Utd,MUN,45.0,574.911,36.0,418.215,1.0,0.0,0.0,0.0,12.776,11.617,1.0,3.0,9.0,0.0,5.0,6.0,4.0,66.667,8.0,7.0,87.5,,,,,,,,,,95658.0,180.0,2.0,2.0,2.0,1.63,0.0,0.416,0.416,0.0,0.0,Harry,Maguire,1993-03-05,33.52,1.0,5.0,Defender,Central Defender,1vz038uyzmq8saskeeo0qhm8l,6eqit8ye8aomdsrrq0hk3v7gh,Manchester United FC,Manchester United,Man Utd,MUN,95658.0,180.0,2.0,125.0,115.0,92.0,32.0,27.0,84.38,2.0,1.0,50.0,0.0,0.0,0.0,Harry,Maguire,1993-03-05,33.52,1.0,5.0,Defender,Central Defender,1vz038uyzmq8saskeeo0qhm8l,6eqit8ye8aomdsrrq0hk3v7gh,Manchester United FC,Manchester United,Man Utd,MUN,95658,1vz038uyzmq8saskeeo0qhm8l,1,6eqit8ye8aomdsrrq0hk3v7gh
Harry Wilson,153682.0,2.0,111.0,0.0,0.01,-0.01,1.0,0.0,0.0,0.01,Harry,Wilson,1997-03-22,29.47,2.0,10.0,Forward,Winger,dlpk0a4jgiswcm2r75uh1czpx,48gk2hpqtsl6p9sx9kjhaydq4,Leeds United FC,Leeds United,Leeds,LEE,10.0,110.624,4.0,15.015,0.0,0.0,1.0,0.0,11.062,3.754,3.0,2.0,3.0,0.0,0.0,9.0,6.0,66.667,0.0,0.0,0.0,,,,,,,,,,153682.0,111.0,2.0,2.0,2.0,7.14,0.0,0.063,0.041,0.0,0.0,Harry,Wilson,1997-03-22,29.47,2.0,10.0,Forward,Winger,dlpk0a4jgiswcm2r75uh1czpx,48gk2hpqtsl6p9sx9kjhaydq4,Leeds United FC,Leeds United,Leeds,LEE,153682.0,111.0,2.0,30.0,27.0,90.0,12.0,11.0,91.67,2.0,0.0,0.0,0.0,0.0,0.0,Harry,Wilson,1997-03-22,29.47,2.0,10.0,Forward,Winger,dlpk0a4jgiswcm2r75uh1czpx,48gk2hpqtsl6p9sx9kjhaydq4,Leeds United FC,Leeds United,Leeds,LEE,153682,dlpk0a4jgiswcm2r75uh1czpx,2,48gk2hpqtsl6p9sx9kjhaydq4
Harvey Barnes,201666.0,2.0,179.0,0.0,0.11,-0.11,2.0,0.0,0.0,0.06,Harvey,Barnes,1997-12-09,28.75,4.0,11.0,Midfielder,Winger,18paf5a7rfe4kutxjl4cwd695,7vn2i2kd35zuetw6b38gw9jsz,Newcastle United FC,Newcastle United,Newcastle,NEW,12.0,160.904,6.0,74.97,0.0,0.0,0.0,0.0,13.409,12.495,3.0,0.0,4.0,0.0,5.0,15.0,7.0,46.667,0.0,0.0,0.0,,,,,,,,,,201666.0,179.0,2.0,2.0,2.0,6.67,0.0,0.028,0.028,0.0,0.0,Harvey,Barnes,1997-12-09,28.75,4.0,11.0,Midfielder,Winger,18paf5a7rfe4kutxjl4cwd695,7vn2i2kd35zuetw6b38gw9jsz,Newcastle United FC,Newcastle United,Newcastle,NEW,201666.0,179.0,2.0,30.0,23.0,76.67,14.0,9.0,64.29,1.0,0.0,0.0,0.0,0.0,0.0,Harvey,Barnes,1997-12-09,28.75,4.0,11.0,Midfielder,Winger,18paf5a7rfe4kutxjl4cwd695,7vn2i2kd35zuetw6b38gw9jsz,Newcastle United FC,Newcastle United,Newcastle,NEW,201666,18paf5a7rfe4kutxjl4cwd695,4,7vn2i2kd35zuetw6b38gw9jsz
Hayden Hackney,244860.0,2.0,107.0,0.0,0.01,-0.01,1.0,0.0,0.0,0.01,Hayden,Hackney,2002-06-26,24.21,11.0,30.0,Midfielder,Central Midfielder,6abbvs1wnj2hsz5isnbwdyctm,ehd2iemqmschhj2ec0vayztzz,Everton FC,Everton,Everton,EVE,14.0,175.235,8.0,106.89,1.0,0.0,0.0,0.0,12.517,13.361,2.0,2.0,5.0,1.0,0.0,11.0,5.0,45.455,1.0,0.0,0.0,,,,,,,,,,244860.0,107.0,2.0,1.0,1.0,1.72,0.0,0.021,0.02,0.0,0.0,Hayden,Hackney,2002-06-26,24.21,11.0,30.0,Midfielder,Central Midfielder,6abbvs1wnj2hsz5isnbwdyctm,ehd2iemqmschhj2ec0vayztzz,Everton FC,Everton,Everton,EVE,244860.0,107.0,2.0,60.0,54.0,90.0,16.0,13.0,81.25,1.0,0.0,0.0,0.0,0.0,0.0,Hayden,Hackney,2002-06-26,24.21,11.0,30.0,Midfielder,Central Midfielder,6abbvs1wnj2hsz5isnbwdyctm,ehd2iemqmschhj2ec0vayztzz,Everton FC,Everton,Everton,EVE,244860,6abbvs1wnj2hsz5isnbwdyctm,11,ehd2iemqmschhj2ec0vayztzz
Hidemasa Morita,445028.0,1.0,45.0,0.0,0.0,0.0,0.0,0.0,0.0,0.0,Hidemasa,Morita,1995-05-10,31.34,88.0,5.0,Midfielder,Central Midfielder,d9i8y5vlymc2yggwxrax8wcbu,f0figafm2v9h8ofo6slajj7xf,Hull City AFC,Hull City,Hull,HUL,2.0,12.304,0.0,-0.84,0.0,0.0,0.0,0.0,6.152,0.0,0.0,0.0,1.0,1.0,1.0,3.0,2.0,66.667,2.0,1.0,50.0,,,,,,,,,,445028.0,45.0,1.0,1.0,1.0,6.67,0.0,0.001,0.001,0.0,0.0,Hidemasa,Morita,1995-05-10,31.34,88.0,5.0,Midfielder,Central Midfielder,d9i8y5vlymc2yggwxrax8wcbu,f0figafm2v9h8ofo6slajj7xf,Hull City AFC,Hull City,Hull,HUL,445028.0,45.0,1.0,15.0,12.0,80.0,2.0,0.0,0.0,1.0,0.0,0.0,1.0,0.0,0.0,Hidemasa,Morita,1995-05-10,31.34,88.0,5.0,Midfielder,Central Midfielder,d9i8y5vlymc2yggwxrax8wcbu,f0figafm2v9h8ofo6slajj7xf,Hull City AFC,Hull City,Hull,HUL,445028,d9i8y5vlymc2yggwxrax8wcbu,88,f0figafm2v9h8ofo6slajj7xf
Ian Maatsen,441302.0,2.0,172.0,0.0,0.1,-0.1,3.0,0.0,0.0,0.03,Ian,Maatsen,2002-03-10,24.5,7.0,22.0,Defender,Full Back,9ysvzu336d2ahptkv7eoscl7u,b496gs285it6bheuikox6z9mj,Aston Villa FC,Aston Villa,Villa,AVL,12.0,201.35,10.0,173.985,2.0,0.0,0.0,0.0,16.779,17.399,5.0,4.0,4.0,0.0,8.0,20.0,5.0,25.0,1.0,0.0,0.0,,,,,,,,,,441302.0,172.0,2.0,0.0,0.0,0.0,0.0,0.004,0.004,0.0,0.0,Ian,Maatsen,2002-03-10,24.5,7.0,22.0,Defender,Full Back,9ysvzu336d2ahptkv7eoscl7u,b496gs285it6bheuikox6z9mj,Aston Villa FC,Aston Villa,Villa,AVL,441302.0,172.0,2.0,23.0,19.0,82.61,4.0,3.0,75.0,1.0,0.0,0.0,0.0,0.0,0.0,Ian,Maatsen,2002-03-10,24.5,7.0,22.0,Defender,Full Back,9ysvzu336d2ahptkv7eoscl7u,b496gs285it6bheuikox6z9mj,Aston Villa FC,Aston Villa,Villa,AVL,441302,9ysvzu336d2ahptkv7eoscl7u,7,b496gs285it6bheuikox6z9mj
Ibrahim Osman,612855.0,2.0,28.0,0.0,0.0,0.0,0.0,0.0,0.0,0.0,Ibrahim,Osman,2004-11-29,21.78,36.0,15.0,Forward,Winger,3r9qvhedhr1o6zm6c5l4alkpg,e5p0ehyguld7egzhiedpdnc3w,Brighton & Hove Albion FC,Brighton & Hove Albion,Brighton,BHA,12.0,181.284,12.0,165.375,0.0,0.0,1.0,0.0,15.107,13.781,1.0,0.0,2.0,0.0,0.0,7.0,4.0,57.143,0.0,0.0,0.0,,,,,,,,,,612855.0,28.0,2.0,1.0,1.0,5.26,0.0,0.057,0.057,0.0,0.0,Ibrahim,Osman,2004-11-29,21.78,36.0,15.0,Forward,Winger,3r9qvhedhr1o6zm6c5l4alkpg,e5p0ehyguld7egzhiedpdnc3w,Brighton & Hove Albion FC,Brighton & Hove Albion,Brighton,BHA,612855.0,28.0,2.0,19.0,15.0,78.95,12.0,8.0,66.67,3.0,1.0,33.33,0.0,0.0,0.0,Ibrahim,Osman,2004-11-29,21.78,36.0,15.0,Forward,Winger,3r9qvhedhr1o6zm6c5l4alkpg,e5p0ehyguld7egzhiedpdnc3w,Brighton & Hove Albion FC,Brighton & Hove Albion,Brighton,BHA,612855,3r9qvhedhr1o6zm6c5l4alkpg,36,e5p0ehyguld7egzhiedpdnc3w
Ibrahim Sangaré,210462.0,1.0,90.0,0.0,0.03,-0.03,1.0,0.0,0.0,0.03,Ibrahim,Sangaré,1997-12-02,28.77,17.0,6.0,Midfielder,Central Midfielder,1abb1gcw7arw1nkbuxnccjca1,1qtaiy11gswx327s0vkibf70n,Nottingham Forest FC,Nottingham Forest,Forest,NFO,12.0,101.614,5.0,21.84,1.0,0.0,1.0,0.0,8.468,4.368,0.0,0.0,3.0,3.0,0.0,4.0,2.0,50.0,3.0,3.0,100.0,,,,,,,,,,210462.0,90.0,1.0,1.0,1.0,2.08,0.0,0.008,0.008,0.0,0.0,Ibrahim,Sangaré,1997-12-02,28.77,17.0,6.0,Midfielder,Central Midfielder,1abb1gcw7arw1nkbuxnccjca1,1qtaiy11gswx327s0vkibf70n,Nottingham Forest FC,Nottingham Forest,Forest,NFO,210462.0,90.0,1.0,53.0,42.0,79.25,12.0,6.0,50.0,0.0,0.0,0.0,0.0,0.0,0.0,Ibrahim,Sangaré,1997-12-02,28.77,17.0,6.0,Midfielder,Central Midfielder,1abb1gcw7arw1nkbuxnccjca1,1qtaiy11gswx327s0vkibf70n,Nottingham Forest FC,Nottingham Forest,Forest,NFO,210462,1abb1gcw7arw1nkbuxnccjca1,17,1qtaiy11gswx327s0vkibf70n
Igor Jesus,482973.0,2.0,179.0,0.0,0.96,-0.96,6.0,2.0,0.0,0.16,Igor Jesus,Maciel da Cruz,2001-02-25,25.54,17.0,11.0,Forward,Striker,as2byx2nymkahqyzw88gxictm,1qtaiy11gswx327s0vkibf70n,Nottingham Forest FC,Nottingham Forest,Forest,NFO,11.0,116.265,8.0,65.31,0.0,0.0,0.0,0.0,10.57,8.164,1.0,0.0,2.0,0.0,5.0,17.0,5.0,29.412,28.0,16.0,57.143,,,,,,,,,,482973.0,179.0,2.0,1.0,1.0,1.92,0.0,0.059,0.059,0.0,0.0,Igor Jesus,Maciel da Cruz,2001-02-25,25.54,17.0,11.0,Forward,Striker,as2byx2nymkahqyzw88gxictm,1qtaiy11gswx327s0vkibf70n,Nottingham Forest FC,Nottingham Forest,Forest,NFO,482973.0,179.0,2.0,52.0,39.0,75.0,18.0,13.0,72.22,0.0,0.0,0.0,0.0,0.0,0.0,Igor Jesus,Maciel da Cruz,2001-02-25,25.54,17.0,11.0,Forward,Striker,as2byx2nymkahqyzw88gxictm,1qtaiy11gswx327s0vkibf70n,Nottingham Forest FC,Nottingham Forest,Forest,NFO,482973,as2byx2nymkahqyzw88gxictm,17,1qtaiy11gswx327s0vkibf70n
Igor Thiago,502500.0,2.0,173.0,0.0,1.81,-1.81,7.0,2.0,0.0,0.26,Igor Thiago,Nascimento Rodrigues,2001-06-26,25.21,94.0,9.0,Forward,Striker,9jrya38msibxt1c7rx1et4acq,7yx5dqhhphyvfisohikodajhv,Brentford FC,Brentford,Brentford,BRE,8.0,111.612,5.0,57.435,0.0,0.0,0.0,0.0,13.952,11.487,1.0,0.0,7.0,1.0,0.0,10.0,3.0,30.0,14.0,5.0,35.714,,,,,,,,,,502500.0,173.0,2.0,0.0,0.0,0.0,0.0,0.097,0.097,0.0,0.0,Igor Thiago,Nascimento Rodrigues,2001-06-26,25.21,94.0,9.0,Forward,Striker,9jrya38msibxt1c7rx1et4acq,7yx5dqhhphyvfisohikodajhv,Brentford FC,Brentford,Brentford,BRE,502500.0,173.0,2.0,44.0,34.0,77.27,20.0,14.0,70.0,2.0,0.0,0.0,0.0,0.0,0.0,Igor Thiago,Nascimento Rodrigues,2001-06-26,25.21,94.0,9.0,Forward,Striker,9jrya38msibxt1c7rx1et4acq,7yx5dqhhphyvfisohikodajhv,Brentford FC,Brentford,Brentford,BRE,502500,9jrya38msibxt1c7rx1et4acq,94,7yx5dqhhphyvfisohikodajhv
Iliman Ndiaye,440993.0,2.0,180.0,0.0,0.26,-0.26,4.0,3.0,0.0,0.07,Iliman,Ndiaye,2000-03-06,26.51,11.0,10.0,Forward,Winger,3dm2bfuoyips4rbj0vhvbp9be,ehd2iemqmschhj2ec0vayztzz,Everton FC,Everton,Everton,EVE,33.0,404.648,18.0,199.29,0.0,0.0,0.0,0.0,12.262,11.072,5.0,2.0,15.0,0.0,3.0,21.0,8.0,38.095,3.0,1.0,33.333,,,,,,,,,,440993.0,180.0,2.0,4.0,3.0,3.95,0.0,0.392,0.392,1.0,0.0,Iliman,Ndiaye,2000-03-06,26.51,11.0,10.0,Forward,Winger,3dm2bfuoyips4rbj0vhvbp9be,ehd2iemqmschhj2ec0vayztzz,Everton FC,Everton,Everton,EVE,440993.0,180.0,2.0,76.0,69.0,90.79,38.0,33.0,86.84,2.0,1.0,50.0,0.0,0.0,0.0,Iliman,Ndiaye,2000-03-06,26.51,11.0,10.0,Forward,Winger,3dm2bfuoyips4rbj0vhvbp9be,ehd2iemqmschhj2ec0vayztzz,Everton FC,Everton,Everton,EVE,440993,3dm2bfuoyips4rbj0vhvbp9be,11,ehd2iemqmschhj2ec0vayztzz
Issa Diop,219924.0,2.0,180.0,0.0,0.0,0.0,0.0,0.0,0.0,0.0,Issa,Diop,1997-01-09,29.67,40.0,6.0,Defender,Central Defender,chn2v9j6dqmuz2haoiuulbd91,8b523ujgl21tbc01me65q0aoh,Ipswich Town FC,Ipswich Town,Ipswich,IPS,19.0,190.105,9.0,87.57,0.0,0.0,0.0,0.0,10.006,9.73,1.0,4.0,10.0,4.0,7.0,9.0,3.0,33.333,3.0,1.0,33.333,,,,,,,,,,219924.0,180.0,2.0,0.0,0.0,0.0,0.0,0.015,0.015,0.0,0.0,Issa,Diop,1997-01-09,29.67,40.0,6.0,Defender,Central Defender,chn2v9j6dqmuz2haoiuulbd91,8b523ujgl21tbc01me65q0aoh,Ipswich Town FC,Ipswich Town,Ipswich,IPS,219924.0,180.0,2.0,81.0,73.0,90.12,10.0,8.0,80.0,0.0,0.0,0.0,0.0,0.0,0.0,Issa,Diop,1997-01-09,29.67,40.0,6.0,Defender,Central Defender,chn2v9j6dqmuz2haoiuulbd91,8b523ujgl21tbc01me65q0aoh,Ipswich Town FC,Ipswich Town,Ipswich,IPS,219924,chn2v9j6dqmuz2haoiuulbd91,40,8b523ujgl21tbc01me65q0aoh
Jack Clarke,443261.0,1.0,19.0,1.0,0.1,0.9,2.0,1.0,50.0,0.05,Jack,Clarke,2000-11-23,25.79,40.0,47.0,Forward,Winger,eybpkhnd5ldeiau8niu1gg57u,8b523ujgl21tbc01me65q0aoh,Ipswich Town FC,Ipswich Town,Ipswich,IPS,2.0,26.332,2.0,22.995,1.0,1.0,0.0,0.0,13.166,11.498,1.0,0.0,1.0,0.0,0.0,1.0,1.0,100.0,0.0,0.0,0.0,,,,,,,,,,443261.0,19.0,1.0,0.0,0.0,0.0,0.0,0.002,0.002,0.0,0.0,Jack,Clarke,2000-11-23,25.79,40.0,47.0,Forward,Winger,eybpkhnd5ldeiau8niu1gg57u,8b523ujgl21tbc01me65q0aoh,Ipswich Town FC,Ipswich Town,Ipswich,IPS,443261.0,19.0,1.0,5.0,5.0,100.0,1.0,1.0,100.0,0.0,0.0,0.0,0.0,0.0,0.0,Jack,Clarke,2000-11-23,25.79,40.0,47.0,Forward,Winger,eybpkhnd5ldeiau8niu1gg57u,8b523ujgl21tbc01me65q0aoh,Ipswich Town FC,Ipswich Town,Ipswich,IPS,443261,eybpkhnd5ldeiau8niu1gg57u,40,8b523ujgl21tbc01me65q0aoh
Jack Grealish,114283.0,1.0,8.0,0.0,0.0,0.0,0.0,0.0,0.0,0.0,Jack,Grealish,1995-09-10,31.0,43.0,18.0,Midfielder,Attacking Midfielder,72nph557ee2a9tdky8rvk12vp,a3nyxabgsqlnqfkeg41m6tnpp,Manchester City FC,Manchester City,Man City,MCI,4.0,55.028,0.0,-15.12,0.0,0.0,0.0,0.0,13.757,0.0,1.0,0.0,0.0,0.0,0.0,2.0,1.0,50.0,0.0,0.0,0.0,,,,,,,,,,114283.0,8.0,1.0,0.0,0.0,0.0,0.0,0.001,0.001,0.0,0.0,Jack,Grealish,1995-09-10,31.0,43.0,18.0,Midfielder,Attacking Midfielder,72nph557ee2a9tdky8rvk12vp,a3nyxabgsqlnqfkeg41m6tnpp,Manchester City FC,Manchester City,Man City,MCI,114283.0,8.0,1.0,7.0,6.0,85.71,1.0,1.0,100.0,0.0,0.0,0.0,0.0,0.0,0.0,Jack,Grealish,1995-09-10,31.0,43.0,18.0,Midfielder,Attacking Midfielder,72nph557ee2a9tdky8rvk12vp,a3nyxabgsqlnqfkeg41m6tnpp,Manchester City FC,Manchester City,Man City,MCI,114283,72nph557ee2a9tdky8rvk12vp,43,a3nyxabgsqlnqfkeg41m6tnpp
Jack Hinshelwood,532529.0,1.0,64.0,2.0,1.41,0.59,3.0,2.0,66.67,0.47,Jack,Hinshelwood,2005-04-11,21.41,36.0,8.0,Midfielder,Defensive Midfielder,eikpw8bl1se3sj6hnsndi7zmc,e5p0ehyguld7egzhiedpdnc3w,Brighton & Hove Albion FC,Brighton & Hove Albion,Brighton,BHA,1.0,15.569,1.0,7.455,0.0,0.0,0.0,0.0,15.569,7.455,2.0,0.0,1.0,0.0,0.0,5.0,5.0,100.0,1.0,1.0,100.0,,,,,,,,,,532529.0,64.0,1.0,1.0,1.0,7.69,0.0,0.016,0.014,0.0,0.0,Jack,Hinshelwood,2005-04-11,21.41,36.0,8.0,Midfielder,Defensive Midfielder,eikpw8bl1se3sj6hnsndi7zmc,e5p0ehyguld7egzhiedpdnc3w,Brighton & Hove Albion FC,Brighton & Hove Albion,Brighton,BHA,532529.0,64.0,1.0,14.0,13.0,92.86,6.0,5.0,83.33,0.0,0.0,0.0,0.0,0.0,0.0,Jack,Hinshelwood,2005-04-11,21.41,36.0,8.0,Midfielder,Defensive Midfielder,eikpw8bl1se3sj6hnsndi7zmc,e5p0ehyguld7egzhiedpdnc3w,Brighton & Hove Albion FC,Brighton & Hove Albion,Brighton,BHA,532529,eikpw8bl1se3sj6hnsndi7zmc,36,e5p0ehyguld7egzhiedpdnc3w
Jack Rudoni,480457.0,2.0,91.0,0.0,0.2,-0.2,2.0,1.0,0.0,0.1,Jack,Rudoni,2001-06-14,25.24,9.0,5.0,Midfielder,Central Midfielder,9ypls2867yj064gbp5vqfa8ve,dacoc20k0n3fxu4zek8wufmko,Coventry City FC,Coventry City,Coventry,COV,14.0,209.936,13.0,169.155,0.0,0.0,1.0,0.0,14.995,13.012,2.0,1.0,8.0,0.0,0.0,5.0,2.0,40.0,3.0,2.0,66.667,,,,,,,,,,480457.0,91.0,2.0,2.0,2.0,4.17,0.0,0.09,0.09,0.0,0.0,Jack,Rudoni,2001-06-14,25.24,9.0,5.0,Midfielder,Central Midfielder,9ypls2867yj064gbp5vqfa8ve,dacoc20k0n3fxu4zek8wufmko,Coventry City FC,Coventry City,Coventry,COV,480457.0,91.0,2.0,48.0,37.0,77.08,19.0,10.0,52.63,1.0,0.0,0.0,2.0,1.0,50.0,Jack,Rudoni,2001-06-14,25.24,9.0,5.0,Midfielder,Central Midfielder,9ypls2867yj064gbp5vqfa8ve,dacoc20k0n3fxu4zek8wufmko,Coventry City FC,Coventry City,Coventry,COV,480457,9ypls2867yj064gbp5vqfa8ve,9,dacoc20k0n3fxu4zek8wufmko
Jacob Greaves,449429.0,2.0,180.0,0.0,0.0,0.0,0.0,0.0,0.0,0.0,Jacob,Greaves,2000-09-12,25.99,40.0,24.0,Defender,Central Defender,efmz0q74eh8wbjxxn31dv2puy,8b523ujgl21tbc01me65q0aoh,Ipswich Town FC,Ipswich Town,Ipswich,IPS,17.0,180.977,10.0,89.145,0.0,0.0,0.0,0.0,10.646,8.914,4.0,0.0,5.0,4.0,9.0,9.0,8.0,88.889,8.0,4.0,50.0,,,,,,,,,,449429.0,180.0,2.0,0.0,0.0,0.0,0.0,0.01,0.01,0.0,0.0,Jacob,Greaves,2000-09-12,25.99,40.0,24.0,Defender,Central Defender,efmz0q74eh8wbjxxn31dv2puy,8b523ujgl21tbc01me65q0aoh,Ipswich Town FC,Ipswich Town,Ipswich,IPS,449429.0,180.0,2.0,88.0,78.0,88.64,12.0,8.0,66.67,0.0,0.0,0.0,0.0,0.0,0.0,Jacob,Greaves,2000-09-12,25.99,40.0,24.0,Defender,Central Defender,efmz0q74eh8wbjxxn31dv2puy,8b523ujgl21tbc01me65q0aoh,Ipswich Town FC,Ipswich Town,Ipswich,IPS,449429,efmz0q74eh8wbjxxn31dv2puy,40,8b523ujgl21tbc01me65q0aoh
Jacob Murphy,114243.0,2.0,22.0,0.0,0.0,0.0,0.0,0.0,0.0,0.0,Jacob,Murphy,1995-02-24,31.55,4.0,23.0,Midfielder,Winger,37d7oej48pb143o5eilue1hhx,7vn2i2kd35zuetw6b38gw9jsz,Newcastle United FC,Newcastle United,Newcastle,NEW,2.0,33.009,1.0,22.26,0.0,0.0,0.0,0.0,16.504,22.26,1.0,0.0,3.0,0.0,1.0,3.0,1.0,33.333,0.0,0.0,0.0,,,,,,,,,,114243.0,22.0,2.0,0.0,0.0,0.0,0.0,0.2,0.2,0.0,0.0,Jacob,Murphy,1995-02-24,31.55,4.0,23.0,Midfielder,Winger,37d7oej48pb143o5eilue1hhx,7vn2i2kd35zuetw6b38gw9jsz,Newcastle United FC,Newcastle United,Newcastle,NEW,114243.0,22.0,2.0,4.0,4.0,100.0,1.0,1.0,100.0,1.0,0.0,0.0,1.0,1.0,100.0,Jacob,Murphy,1995-02-24,31.55,4.0,23.0,Midfielder,Winger,37d7oej48pb143o5eilue1hhx,7vn2i2kd35zuetw6b38gw9jsz,Newcastle United FC,Newcastle United,Newcastle,NEW,114243,37d7oej48pb143o5eilue1hhx,4,7vn2i2kd35zuetw6b38gw9jsz
Jacob Ramsey,232653.0,2.0,42.0,0.0,0.06,-0.06,1.0,0.0,0.0,0.06,Jacob,Ramsey,2001-05-28,25.28,4.0,41.0,Midfielder,Winger,bhsh1n3qfg8awmctxlh8k7yzt,7vn2i2kd35zuetw6b38gw9jsz,Newcastle United FC,Newcastle United,Newcastle,NEW,4.0,71.515,1.0,-13.23,0.0,0.0,0.0,0.0,17.879,-13.23,2.0,1.0,2.0,1.0,1.0,5.0,2.0,40.0,1.0,1.0,100.0,,,,,,,,,,232653.0,42.0,2.0,0.0,0.0,0.0,0.0,0.138,0.138,0.0,0.0,Jacob,Ramsey,2001-05-28,25.28,4.0,41.0,Midfielder,Winger,bhsh1n3qfg8awmctxlh8k7yzt,7vn2i2kd35zuetw6b38gw9jsz,Newcastle United FC,Newcastle United,Newcastle,NEW,232653.0,42.0,2.0,23.0,21.0,91.3,5.0,5.0,100.0,0.0,0.0,0.0,1.0,1.0,100.0,Jacob,Ramsey,2001-05-28,25.28,4.0,41.0,Midfielder,Winger,bhsh1n3qfg8awmctxlh8k7yzt,7vn2i2kd35zuetw6b38gw9jsz,Newcastle United FC,Newcastle United,Newcastle,NEW,232653,bhsh1n3qfg8awmctxlh8k7yzt,4,7vn2i2kd35zuetw6b38gw9jsz
Jaidon Anthony,444180.0,2.0,84.0,0.0,0.14,-0.14,3.0,0.0,0.0,0.05,Jaidon,Anthony,1999-12-01,26.78,94.0,19.0,Forward,Winger,8cmkqkrjme3wb0gegzn1e6xre,7yx5dqhhphyvfisohikodajhv,Brentford FC,Brentford,Brentford,BRE,7.0,62.901,4.0,40.11,0.0,0.0,1.0,0.0,8.986,10.028,2.0,0.0,7.0,0.0,0.0,8.0,3.0,37.5,2.0,2.0,100.0,,,,,,,,,,444180.0,84.0,2.0,5.0,4.0,16.0,20.0,0.415,0.4,0.0,0.0,Jaidon,Anthony,1999-12-01,26.78,94.0,19.0,Forward,Winger,8cmkqkrjme3wb0gegzn1e6xre,7yx5dqhhphyvfisohikodajhv,Brentford FC,Brentford,Brentford,BRE,444180.0,84.0,2.0,25.0,19.0,76.0,13.0,11.0,84.62,4.0,2.0,50.0,0.0,0.0,0.0,Jaidon,Anthony,1999-12-01,26.78,94.0,19.0,Forward,Winger,8cmkqkrjme3wb0gegzn1e6xre,7yx5dqhhphyvfisohikodajhv,Brentford FC,Brentford,Brentford,BRE,444180,8cmkqkrjme3wb0gegzn1e6xre,94,7yx5dqhhphyvfisohikodajhv
Jair Cunha,575458.0,2.0,180.0,0.0,0.0,0.0,0.0,0.0,0.0,0.0,Jair,Paula da Cunha Filho,2005-03-07,21.51,17.0,23.0,Defender,Central Defender,1hwkpsnmh04e9jakw26e584k4,1qtaiy11gswx327s0vkibf70n,Nottingham Forest FC,Nottingham Forest,Forest,NFO,18.0,185.398,13.0,125.37,0.0,0.0,0.0,0.0,10.3,9.644,3.0,1.0,3.0,2.0,10.0,13.0,8.0,61.538,5.0,1.0,20.0,,,,,,,,,,575458.0,180.0,2.0,0.0,0.0,0.0,0.0,0.01,0.01,0.0,0.0,Jair,Paula da Cunha Filho,2005-03-07,21.51,17.0,23.0,Defender,Central Defender,1hwkpsnmh04e9jakw26e584k4,1qtaiy11gswx327s0vkibf70n,Nottingham Forest FC,Nottingham Forest,Forest,NFO,575458.0,180.0,2.0,60.0,50.0,83.33,11.0,7.0,63.64,1.0,0.0,0.0,0.0,0.0,0.0,Jair,Paula da Cunha Filho,2005-03-07,21.51,17.0,23.0,Defender,Central Defender,1hwkpsnmh04e9jakw26e584k4,1qtaiy11gswx327s0vkibf70n,Nottingham Forest FC,Nottingham Forest,Forest,NFO,575458,1hwkpsnmh04e9jakw26e584k4,17,1qtaiy11gswx327s0vkibf70n
Jaka Bijol,434752.0,2.0,135.0,0.0,0.11,-0.11,2.0,0.0,0.0,0.05,Jaka,Bijol,1999-02-05,27.59,2.0,15.0,Defender,Central Defender,ah0f7tonnst92d8q91j1wll62,48gk2hpqtsl6p9sx9kjhaydq4,Leeds United FC,Leeds United,Leeds,LEE,30.0,286.587,20.0,187.215,0.0,0.0,0.0,0.0,9.553,9.361,1.0,3.0,7.0,0.0,13.0,2.0,2.0,100.0,15.0,8.0,53.333,,,,,,,,,,434752.0,135.0,2.0,0.0,0.0,0.0,0.0,0.004,0.004,0.0,0.0,Jaka,Bijol,1999-02-05,27.59,2.0,15.0,Defender,Central Defender,ah0f7tonnst92d8q91j1wll62,48gk2hpqtsl6p9sx9kjhaydq4,Leeds United FC,Leeds United,Leeds,LEE,434752.0,135.0,2.0,75.0,57.0,76.0,10.0,2.0,20.0,1.0,0.0,0.0,0.0,0.0,0.0,Jaka,Bijol,1999-02-05,27.59,2.0,15.0,Defender,Central Defender,ah0f7tonnst92d8q91j1wll62,48gk2hpqtsl6p9sx9kjhaydq4,Leeds United FC,Leeds United,Leeds,LEE,434752,ah0f7tonnst92d8q91j1wll62,2,48gk2hpqtsl6p9sx9kjhaydq4
Jake O'Brien,512462.0,0.0,0.0,0.0,0.0,0.0,0.0,0.0,0.0,0.0,Jake,O'Brien,2001-05-15,25.32,11.0,15.0,Defender,Central Defender,512462,ehd2iemqmschhj2ec0vayztzz,Everton FC,Everton,Everton,EVE,0.0,0.0,0.0,0.0,0.0,0.0,0.0,0.0,0.0,0.0,0.0,0.0,0.0,0.0,0.0,0.0,0.0,0.0,0.0,0.0,0.0,,,,,,,,,,512462.0,0.0,0.0,0.0,0.0,0.0,0.0,0.0,0.0,0.0,0.0,Jake,O'Brien,2001-05-15,25.32,11.0,15.0,Defender,Central Defender,512462,ehd2iemqmschhj2ec0vayztzz,Everton FC,Everton,Everton,EVE,512462.0,0.0,0.0,0.0,0.0,0.0,0.0,0.0,0.0,0.0,0.0,0.0,0.0,0.0,0.0,Jake,O'Brien,2001-05-15,25.32,11.0,15.0,Defender,Central Defender,512462,ehd2iemqmschhj2ec0vayztzz,Everton FC,Everton,Everton,EVE,512462,512462,11,ehd2iemqmschhj2ec0vayztzz
James Garner,232928.0,2.0,73.0,0.0,0.0,0.0,0.0,0.0,0.0,0.0,James,Garner,2001-03-13,25.49,11.0,37.0,Midfielder,Central Midfielder,15948izygnu32cu1pw6h5wp9l,ehd2iemqmschhj2ec0vayztzz,Everton FC,Everton,Everton,EVE,9.0,66.174,4.0,6.195,0.0,0.0,0.0,0.0,7.353,1.549,4.0,0.0,7.0,0.0,0.0,7.0,4.0,57.143,1.0,0.0,0.0,,,,,,,,,,232928.0,73.0,2.0,1.0,1.0,3.23,0.0,0.03,0.03,0.0,0.0,James,Garner,2001-03-13,25.49,11.0,37.0,Midfielder,Central Midfielder,15948izygnu32cu1pw6h5wp9l,ehd2iemqmschhj2ec0vayztzz,Everton FC,Everton,Everton,EVE,232928.0,73.0,2.0,31.0,28.0,90.32,12.0,12.0,100.0,0.0,0.0,0.0,0.0,0.0,0.0,James,Garner,2001-03-13,25.49,11.0,37.0,Midfielder,Central Midfielder,15948izygnu32cu1pw6h5wp9l,ehd2iemqmschhj2ec0vayztzz,Everton FC,Everton,Everton,EVE,232928,15948izygnu32cu1pw6h5wp9l,11,ehd2iemqmschhj2ec0vayztzz
James Hill,463981.0,2.0,180.0,0.0,0.0,0.0,0.0,0.0,0.0,0.0,James,Hill,2002-01-10,24.66,91.0,23.0,Defender,Central Defender,9ea8t509bssf2bhp1n5xxvrl6,1pse9ta7a45pi2w2grjim70ge,AFC Bournemouth,Bournemouth,Bournemouth,BOU,17.0,152.219,7.0,-7.35,0.0,0.0,0.0,0.0,8.954,-1.05,4.0,2.0,4.0,0.0,12.0,8.0,5.0,62.5,13.0,9.0,69.231,,,,,,,,,,463981.0,180.0,2.0,2.0,2.0,1.79,0.0,0.74,0.74,0.0,0.0,James,Hill,2002-01-10,24.66,91.0,23.0,Defender,Central Defender,9ea8t509bssf2bhp1n5xxvrl6,1pse9ta7a45pi2w2grjim70ge,AFC Bournemouth,Bournemouth,Bournemouth,BOU,463981.0,180.0,2.0,113.0,88.0,77.88,15.0,6.0,40.0,0.0,0.0,0.0,0.0,0.0,0.0,James,Hill,2002-01-10,24.66,91.0,23.0,Defender,Central Defender,9ea8t509bssf2bhp1n5xxvrl6,1pse9ta7a45pi2w2grjim70ge,AFC Bournemouth,Bournemouth,Bournemouth,BOU,463981,9ea8t509bssf2bhp1n5xxvrl6,91,1pse9ta7a45pi2w2grjim70ge
James Justin,220627.0,2.0,180.0,0.0,0.03,-0.03,1.0,1.0,0.0,0.03,James,Justin,1998-02-23,28.55,2.0,24.0,Defender,0,6icypdqtfk2k81ax0i49j5xpl,48gk2hpqtsl6p9sx9kjhaydq4,Leeds United FC,Leeds United,Leeds,LEE,11.0,129.438,6.0,88.41,1.0,0.0,0.0,0.0,11.767,14.735,8.0,2.0,7.0,2.0,8.0,15.0,10.0,66.667,10.0,6.0,60.0,,,,,,,,,,220627.0,180.0,2.0,1.0,1.0,2.13,0.0,0.018,0.018,0.0,0.0,James,Justin,1998-02-23,28.55,2.0,24.0,Defender,0,6icypdqtfk2k81ax0i49j5xpl,48gk2hpqtsl6p9sx9kjhaydq4,Leeds United FC,Leeds United,Leeds,LEE,220627.0,180.0,2.0,47.0,33.0,70.21,22.0,14.0,63.64,3.0,0.0,0.0,0.0,0.0,0.0,James,Justin,1998-02-23,28.55,2.0,24.0,Defender,0,6icypdqtfk2k81ax0i49j5xpl,48gk2hpqtsl6p9sx9kjhaydq4,Leeds United FC,Leeds United,Leeds,LEE,220627,6icypdqtfk2k81ax0i49j5xpl,2,48gk2hpqtsl6p9sx9kjhaydq4
James Maddison,172780.0,1.0,22.0,0.0,0.0,0.0,0.0,0.0,0.0,0.0,James,Maddison,1996-11-23,29.8,6.0,10.0,Midfielder,Attacking Midfielder,a1yoz8f4985o166nzcyigpj2t,22doj4sgsocqpxw45h607udje,Tottenham Hotspur FC,Tottenham Hotspur,Spurs,TOT,7.0,47.951,0.0,14.595,0.0,0.0,0.0,0.0,6.85,0.0,0.0,0.0,1.0,0.0,1.0,7.0,2.0,28.571,1.0,0.0,0.0,,,,,,,,,,172780.0,22.0,1.0,0.0,0.0,0.0,0.0,0.014,0.014,0.0,0.0,James,Maddison,1996-11-23,29.8,6.0,10.0,Midfielder,Attacking Midfielder,a1yoz8f4985o166nzcyigpj2t,22doj4sgsocqpxw45h607udje,Tottenham Hotspur FC,Tottenham Hotspur,Spurs,TOT,172780.0,22.0,1.0,16.0,15.0,93.75,9.0,8.0,88.89,1.0,1.0,100.0,0.0,0.0,0.0,James,Maddison,1996-11-23,29.8,6.0,10.0,Midfielder,Attacking Midfielder,a1yoz8f4985o166nzcyigpj2t,22doj4sgsocqpxw45h607udje,Tottenham Hotspur FC,Tottenham Hotspur,Spurs,TOT,172780,a1yoz8f4985o166nzcyigpj2t,6,22doj4sgsocqpxw45h607udje
James McAtee,432714.0,2.0,163.0,0.0,0.0,0.0,0.0,0.0,0.0,0.0,James,McAtee,2002-10-18,23.89,17.0,24.0,Midfielder,Attacking Midfielder,6zjzpbshmem98ecmuc852di0a,1qtaiy11gswx327s0vkibf70n,Nottingham Forest FC,Nottingham Forest,Forest,NFO,19.0,169.146,11.0,73.71,0.0,0.0,0.0,0.0,8.902,6.701,2.0,0.0,10.0,0.0,4.0,11.0,7.0,63.636,6.0,5.0,83.333,,,,,,,,,,432714.0,163.0,2.0,4.0,3.0,4.17,25.0,0.41,0.357,0.0,0.0,James,McAtee,2002-10-18,23.89,17.0,24.0,Midfielder,Attacking Midfielder,6zjzpbshmem98ecmuc852di0a,1qtaiy11gswx327s0vkibf70n,Nottingham Forest FC,Nottingham Forest,Forest,NFO,432714.0,163.0,2.0,76.0,56.0,73.68,26.0,18.0,69.23,2.0,1.0,50.0,2.0,0.0,0.0,James,McAtee,2002-10-18,23.89,17.0,24.0,Midfielder,Attacking Midfielder,6zjzpbshmem98ecmuc852di0a,1qtaiy11gswx327s0vkibf70n,Nottingham Forest FC,Nottingham Forest,Forest,NFO,432714,6zjzpbshmem98ecmuc852di0a,17,1qtaiy11gswx327s0vkibf70n
James McConnell,491501.0,0.0,0.0,0.0,0.0,0.0,0.0,0.0,0.0,0.0,James,McConnell,2004-09-13,21.99,14.0,53.0,Midfielder,0,491501,c8h9bw1l82s06h77xxrelzhur,Liverpool FC,Liverpool,Liverpool,LIV,0.0,0.0,0.0,0.0,0.0,0.0,0.0,0.0,0.0,0.0,0.0,0.0,0.0,0.0,0.0,0.0,0.0,0.0,0.0,0.0,0.0,,,,,,,,,,491501.0,0.0,0.0,0.0,0.0,0.0,0.0,0.0,0.0,0.0,0.0,James,McConnell,2004-09-13,21.99,14.0,53.0,Midfielder,0,491501,c8h9bw1l82s06h77xxrelzhur,Liverpool FC,Liverpool,Liverpool,LIV,491501.0,0.0,0.0,0.0,0.0,0.0,0.0,0.0,0.0,0.0,0.0,0.0,0.0,0.0,0.0,James,McConnell,2004-09-13,21.99,14.0,53.0,Midfielder,0,491501,c8h9bw1l82s06h77xxrelzhur,Liverpool FC,Liverpool,Liverpool,LIV,491501,491501,14,c8h9bw1l82s06h77xxrelzhur
James Tarkowski,17761.0,2.0,180.0,1.0,0.15,0.85,2.0,1.0,50.0,0.07,James,Tarkowski,1992-11-19,33.81,11.0,6.0,Defender,Central Defender,35jaxclh329duzefna708jk5x,ehd2iemqmschhj2ec0vayztzz,Everton FC,Everton,Everton,EVE,12.0,96.779,6.0,53.55,0.0,0.0,0.0,0.0,8.065,8.925,2.0,6.0,7.0,2.0,9.0,9.0,7.0,77.778,10.0,8.0,80.0,,,,,,,,,,17761.0,180.0,2.0,1.0,1.0,1.59,0.0,0.009,0.009,0.0,0.0,James,Tarkowski,1992-11-19,33.81,11.0,6.0,Defender,Central Defender,35jaxclh329duzefna708jk5x,ehd2iemqmschhj2ec0vayztzz,Everton FC,Everton,Everton,EVE,17761.0,180.0,2.0,72.0,59.0,81.94,15.0,10.0,66.67,0.0,0.0,0.0,0.0,0.0,0.0,James,Tarkowski,1992-11-19,33.81,11.0,6.0,Defender,Central Defender,35jaxclh329duzefna708jk5x,ehd2iemqmschhj2ec0vayztzz,Everton FC,Everton,Everton,EVE,17761,35jaxclh329duzefna708jk5x,11,ehd2iemqmschhj2ec0vayztzz
James Trafford,,,,,,,,,,,,,,,,,,,,,,,,,,,,,,,,,,,,,,,,,,,,,,180.0,100.0,0.0,1.0,7.0,87.5,0.14,1.0,1.14,,,,,,,,,,,,,,,,,,,,,,,,,,,,,,,,,,,,,,,,,,,,,,,,,,,,,,,432720,1c4nu9s3t3p83pufjf3n3xqay,2,48gk2hpqtsl6p9sx9kjhaydq4
Jamie Gittens,463936.0,0.0,0.0,0.0,0.0,0.0,0.0,0.0,0.0,0.0,Jamie,Gittens,2004-08-08,22.08,8.0,11.0,Forward,Winger,463936,9q0arba2kbnywth8bkxlhgmdr,Chelsea FC,Chelsea,Chelsea,CHE,0.0,0.0,0.0,0.0,0.0,0.0,0.0,0.0,0.0,0.0,0.0,0.0,0.0,0.0,0.0,0.0,0.0,0.0,0.0,0.0,0.0,,,,,,,,,,463936.0,0.0,0.0,0.0,0.0,0.0,0.0,0.0,0.0,0.0,0.0,Jamie,Gittens,2004-08-08,22.08,8.0,11.0,Forward,Winger,463936,9q0arba2kbnywth8bkxlhgmdr,Chelsea FC,Chelsea,Chelsea,CHE,463936.0,0.0,0.0,0.0,0.0,0.0,0.0,0.0,0.0,0.0,0.0,0.0,0.0,0.0,0.0,Jamie,Gittens,2004-08-08,22.08,8.0,11.0,Forward,Winger,463936,9q0arba2kbnywth8bkxlhgmdr,Chelsea FC,Chelsea,Chelsea,CHE,463936,463936,8,9q0arba2kbnywth8bkxlhgmdr
Jan Paul van Hecke,469142.0,2.0,180.0,0.0,0.11,-0.11,1.0,1.0,0.0,0.11,Jan Paul,van Hecke,2000-06-08,26.25,6.0,6.0,Defender,Central Defender,2gj7h5fxuh4y0tbp6j308yk4q,22doj4sgsocqpxw45h607udje,Tottenham Hotspur FC,Tottenham Hotspur,Spurs,TOT,53.0,581.881,30.0,327.705,0.0,0.0,1.0,0.0,10.979,10.923,4.0,0.0,7.0,2.0,11.0,8.0,5.0,62.5,13.0,7.0,53.846,,,,,,,,,,469142.0,180.0,2.0,1.0,1.0,0.71,0.0,0.066,0.066,0.0,0.0,Jan Paul,van Hecke,2000-06-08,26.25,6.0,6.0,Defender,Central Defender,2gj7h5fxuh4y0tbp6j308yk4q,22doj4sgsocqpxw45h607udje,Tottenham Hotspur FC,Tottenham Hotspur,Spurs,TOT,469142.0,180.0,2.0,143.0,135.0,94.41,31.0,28.0,90.32,0.0,0.0,0.0,0.0,0.0,0.0,Jan Paul,van Hecke,2000-06-08,26.25,6.0,6.0,Defender,Central Defender,2gj7h5fxuh4y0tbp6j308yk4q,22doj4sgsocqpxw45h607udje,Tottenham Hotspur FC,Tottenham Hotspur,Spurs,TOT,469142,2gj7h5fxuh4y0tbp6j308yk4q,6,22doj4sgsocqpxw45h607udje
Jannik Schuster,513086.0,0.0,0.0,0.0,0.0,0.0,0.0,0.0,0.0,0.0,Jannik,Schuster,2006-05-16,20.32,94.0,44.0,Defender,Central Defender,513086,7yx5dqhhphyvfisohikodajhv,Brentford FC,Brentford,Brentford,BRE,0.0,0.0,0.0,0.0,0.0,0.0,0.0,0.0,0.0,0.0,0.0,0.0,0.0,0.0,0.0,0.0,0.0,0.0,0.0,0.0,0.0,,,,,,,,,,513086.0,0.0,0.0,0.0,0.0,0.0,0.0,0.0,0.0,0.0,0.0,Jannik,Schuster,2006-05-16,20.32,94.0,44.0,Defender,Central Defender,513086,7yx5dqhhphyvfisohikodajhv,Brentford FC,Brentford,Brentford,BRE,513086.0,0.0,0.0,0.0,0.0,0.0,0.0,0.0,0.0,0.0,0.0,0.0,0.0,0.0,0.0,Jannik,Schuster,2006-05-16,20.32,94.0,44.0,Defender,Central Defender,513086,7yx5dqhhphyvfisohikodajhv,Brentford FC,Brentford,Brentford,BRE,513086,513086,94,7yx5dqhhphyvfisohikodajhv
Jaouen Hadjam,512123.0,0.0,0.0,0.0,0.0,0.0,0.0,0.0,0.0,0.0,Jaouen,Hadjam,2003-03-26,23.46,36.0,0.0,Defender,Full Back,512123,e5p0ehyguld7egzhiedpdnc3w,Brighton & Hove Albion FC,Brighton & Hove Albion,Brighton,BHA,0.0,0.0,0.0,0.0,0.0,0.0,0.0,0.0,0.0,0.0,0.0,0.0,0.0,0.0,0.0,0.0,0.0,0.0,0.0,0.0,0.0,,,,,,,,,,512123.0,0.0,0.0,0.0,0.0,0.0,0.0,0.0,0.0,0.0,0.0,Jaouen,Hadjam,2003-03-26,23.46,36.0,0.0,Defender,Full Back,512123,e5p0ehyguld7egzhiedpdnc3w,Brighton & Hove Albion FC,Brighton & Hove Albion,Brighton,BHA,512123.0,0.0,0.0,0.0,0.0,0.0,0.0,0.0,0.0,0.0,0.0,0.0,0.0,0.0,0.0,Jaouen,Hadjam,2003-03-26,23.46,36.0,0.0,Defender,Full Back,512123,e5p0ehyguld7egzhiedpdnc3w,Brighton & Hove Albion FC,Brighton & Hove Albion,Brighton,BHA,512123,512123,36,e5p0ehyguld7egzhiedpdnc3w
Jarrad Branthwaite,480455.0,2.0,180.0,0.0,0.08,-0.08,1.0,1.0,0.0,0.08,Jarrad,Branthwaite,2002-06-27,24.2,11.0,4.0,Defender,Central Defender,1ph4g125dfsijfjzjpcvpcmlm,ehd2iemqmschhj2ec0vayztzz,Everton FC,Everton,Everton,EVE,12.0,91.536,4.0,23.94,0.0,0.0,0.0,0.0,7.628,5.985,3.0,3.0,5.0,1.0,13.0,5.0,3.0,60.0,7.0,6.0,85.714,,,,,,,,,,480455.0,180.0,2.0,0.0,0.0,0.0,0.0,0.018,0.014,0.0,0.0,Jarrad,Branthwaite,2002-06-27,24.2,11.0,4.0,Defender,Central Defender,1ph4g125dfsijfjzjpcvpcmlm,ehd2iemqmschhj2ec0vayztzz,Everton FC,Everton,Everton,EVE,480455.0,180.0,2.0,65.0,54.0,83.08,16.0,9.0,56.25,0.0,0.0,0.0,0.0,0.0,0.0,Jarrad,Branthwaite,2002-06-27,24.2,11.0,4.0,Defender,Central Defender,1ph4g125dfsijfjzjpcvpcmlm,ehd2iemqmschhj2ec0vayztzz,Everton FC,Everton,Everton,EVE,480455,1ph4g125dfsijfjzjpcvpcmlm,11,ehd2iemqmschhj2ec0vayztzz
Jay Dasilva,173878.0,2.0,180.0,0.0,0.18,-0.18,1.0,1.0,0.0,0.18,Jay,Dasilva,1998-04-22,28.39,9.0,3.0,Defender,Full Back,cggeh9sr6mukhr2jl91rpuac5,dacoc20k0n3fxu4zek8wufmko,Coventry City FC,Coventry City,Coventry,COV,26.0,278.081,16.0,169.68,0.0,0.0,0.0,0.0,10.695,10.605,2.0,1.0,4.0,1.0,5.0,11.0,6.0,54.545,3.0,2.0,66.667,,,,,,,,,,173878.0,180.0,2.0,0.0,0.0,0.0,0.0,0.069,0.056,0.0,0.0,Jay,Dasilva,1998-04-22,28.39,9.0,3.0,Defender,Full Back,cggeh9sr6mukhr2jl91rpuac5,dacoc20k0n3fxu4zek8wufmko,Coventry City FC,Coventry City,Coventry,COV,173878.0,180.0,2.0,97.0,83.0,85.57,34.0,26.0,76.47,5.0,0.0,0.0,0.0,0.0,0.0,Jay,Dasilva,1998-04-22,28.39,9.0,3.0,Defender,Full Back,cggeh9sr6mukhr2jl91rpuac5,dacoc20k0n3fxu4zek8wufmko,Coventry City FC,Coventry City,Coventry,COV,173878,cggeh9sr6mukhr2jl91rpuac5,9,dacoc20k0n3fxu4zek8wufmko
Jaydee Canvot,651426.0,2.0,180.0,0.0,0.05,-0.05,1.0,0.0,0.0,0.05,Jaydee,Canvot,2006-07-29,20.11,31.0,6.0,Defender,Central Defender,9t1ikyd85kvlhv9r0u938836c,1c8m2ko0wxq1asfkuykurdr0y,Crystal Palace FC,Crystal Palace,Palace,CRY,46.0,496.075,31.0,307.44,0.0,0.0,0.0,0.0,10.784,9.917,5.0,0.0,4.0,4.0,6.0,10.0,6.0,60.0,6.0,4.0,66.667,,,,,,,,,,651426.0,180.0,2.0,0.0,0.0,0.0,0.0,0.019,0.019,0.0,0.0,Jaydee,Canvot,2006-07-29,20.11,31.0,6.0,Defender,Central Defender,9t1ikyd85kvlhv9r0u938836c,1c8m2ko0wxq1asfkuykurdr0y,Crystal Palace FC,Crystal Palace,Palace,CRY,651426.0,180.0,2.0,137.0,122.0,89.05,20.0,12.0,60.0,0.0,0.0,0.0,1.0,0.0,0.0,Jaydee,Canvot,2006-07-29,20.11,31.0,6.0,Defender,Central Defender,9t1ikyd85kvlhv9r0u938836c,1c8m2ko0wxq1asfkuykurdr0y,Crystal Palace FC,Crystal Palace,Palace,CRY,651426,9t1ikyd85kvlhv9r0u938836c,31,1c8m2ko0wxq1asfkuykurdr0y
Jayden Bogle,226182.0,2.0,158.0,0.0,0.0,0.0,0.0,0.0,0.0,0.0,Jayden,Bogle,2000-07-27,26.12,2.0,2.0,Defender,Full Back,dwumn5qew7ae53givnx2p892h,48gk2hpqtsl6p9sx9kjhaydq4,Leeds United FC,Leeds United,Leeds,LEE,22.0,261.634,11.0,119.49,0.0,0.0,1.0,0.0,11.892,10.863,3.0,1.0,8.0,1.0,5.0,16.0,10.0,62.5,6.0,4.0,66.667,,,,,,,,,,226182.0,158.0,2.0,1.0,1.0,2.08,0.0,0.009,0.008,0.0,0.0,Jayden,Bogle,2000-07-27,26.12,2.0,2.0,Defender,Full Back,dwumn5qew7ae53givnx2p892h,48gk2hpqtsl6p9sx9kjhaydq4,Leeds United FC,Leeds United,Leeds,LEE,226182.0,158.0,2.0,50.0,34.0,68.0,19.0,9.0,47.37,3.0,0.0,0.0,0.0,0.0,0.0,Jayden,Bogle,2000-07-27,26.12,2.0,2.0,Defender,Full Back,dwumn5qew7ae53givnx2p892h,48gk2hpqtsl6p9sx9kjhaydq4,Leeds United FC,Leeds United,Leeds,LEE,226182,dwumn5qew7ae53givnx2p892h,2,48gk2hpqtsl6p9sx9kjhaydq4
Jayden Lienou,643970.0,0.0,0.0,0.0,0.0,0.0,0.0,0.0,0.0,0.0,Jayden,Lienou,2008-04-08,18.42,2.0,65.0,Defender,Full Back,643970,48gk2hpqtsl6p9sx9kjhaydq4,Leeds United FC,Leeds United,Leeds,LEE,0.0,0.0,0.0,0.0,0.0,0.0,0.0,0.0,0.0,0.0,0.0,0.0,0.0,0.0,0.0,0.0,0.0,0.0,0.0,0.0,0.0,,,,,,,,,,643970.0,0.0,0.0,0.0,0.0,0.0,0.0,0.0,0.0,0.0,0.0,Jayden,Lienou,2008-04-08,18.42,2.0,65.0,Defender,Full Back,643970,48gk2hpqtsl6p9sx9kjhaydq4,Leeds United FC,Leeds United,Leeds,LEE,643970.0,0.0,0.0,0.0,0.0,0.0,0.0,0.0,0.0,0.0,0.0,0.0,0.0,0.0,0.0,Jayden,Lienou,2008-04-08,18.42,2.0,65.0,Defender,Full Back,643970,48gk2hpqtsl6p9sx9kjhaydq4,Leeds United FC,Leeds United,Leeds,LEE,643970,643970,2,48gk2hpqtsl6p9sx9kjhaydq4
Jean-Philippe Mateta,231747.0,1.0,63.0,0.0,0.7,-0.7,2.0,0.0,0.0,0.35,Jean-Philippe,Mateta,1997-06-28,29.2,31.0,14.0,Forward,Striker,djgqihf08sxqh0zt2xe2xzv1l,1c8m2ko0wxq1asfkuykurdr0y,Crystal Palace FC,Crystal Palace,Palace,CRY,5.0,43.383,2.0,19.635,0.0,0.0,1.0,0.0,8.677,9.818,2.0,0.0,2.0,0.0,1.0,5.0,2.0,40.0,3.0,1.0,33.333,,,,,,,,,,231747.0,63.0,1.0,1.0,1.0,8.33,0.0,0.015,0.015,0.0,0.0,Jean-Philippe,Mateta,1997-06-28,29.2,31.0,14.0,Forward,Striker,djgqihf08sxqh0zt2xe2xzv1l,1c8m2ko0wxq1asfkuykurdr0y,Crystal Palace FC,Crystal Palace,Palace,CRY,231747.0,63.0,1.0,12.0,9.0,75.0,8.0,5.0,62.5,0.0,0.0,0.0,0.0,0.0,0.0,Jean-Philippe,Mateta,1997-06-28,29.2,31.0,14.0,Forward,Striker,djgqihf08sxqh0zt2xe2xzv1l,1c8m2ko0wxq1asfkuykurdr0y,Crystal Palace FC,Crystal Palace,Palace,CRY,231747,djgqihf08sxqh0zt2xe2xzv1l,31,1c8m2ko0wxq1asfkuykurdr0y
Jefferson Lerma,152551.0,0.0,0.0,0.0,0.0,0.0,0.0,0.0,0.0,0.0,Jefferson,Lerma,1994-10-25,31.88,31.0,8.0,Midfielder,Central Midfielder,152551,1c8m2ko0wxq1asfkuykurdr0y,Crystal Palace FC,Crystal Palace,Palace,CRY,0.0,0.0,0.0,0.0,0.0,0.0,0.0,0.0,0.0,0.0,0.0,0.0,0.0,0.0,0.0,0.0,0.0,0.0,0.0,0.0,0.0,,,,,,,,,,152551.0,0.0,0.0,0.0,0.0,0.0,0.0,0.0,0.0,0.0,0.0,Jefferson,Lerma,1994-10-25,31.88,31.0,8.0,Midfielder,Central Midfielder,152551,1c8m2ko0wxq1asfkuykurdr0y,Crystal Palace FC,Crystal Palace,Palace,CRY,152551.0,0.0,0.0,0.0,0.0,0.0,0.0,0.0,0.0,0.0,0.0,0.0,0.0,0.0,0.0,Jefferson,Lerma,1994-10-25,31.88,31.0,8.0,Midfielder,Central Midfielder,152551,1c8m2ko0wxq1asfkuykurdr0y,Crystal Palace FC,Crystal Palace,Palace,CRY,152551,152551,31,1c8m2ko0wxq1asfkuykurdr0y
Jens Hjertø-Dahl,552946.0,0.0,0.0,0.0,0.0,0.0,0.0,0.0,0.0,0.0,Jens,Hjertø-Dahl,2005-10-31,20.85,88.0,14.0,Midfielder,Central Midfielder,552946,f0figafm2v9h8ofo6slajj7xf,Hull City AFC,Hull City,Hull,HUL,0.0,0.0,0.0,0.0,0.0,0.0,0.0,0.0,0.0,0.0,0.0,0.0,0.0,0.0,0.0,0.0,0.0,0.0,0.0,0.0,0.0,,,,,,,,,,552946.0,0.0,0.0,0.0,0.0,0.0,0.0,0.0,0.0,0.0,0.0,Jens,Hjertø-Dahl,2005-10-31,20.85,88.0,14.0,Midfielder,Central Midfielder,552946,f0figafm2v9h8ofo6slajj7xf,Hull City AFC,Hull City,Hull,HUL,552946.0,0.0,0.0,0.0,0.0,0.0,0.0,0.0,0.0,0.0,0.0,0.0,0.0,0.0,0.0,Jens,Hjertø-Dahl,2005-10-31,20.85,88.0,14.0,Midfielder,Central Midfielder,552946,f0figafm2v9h8ofo6slajj7xf,Hull City AFC,Hull City,Hull,HUL,552946,552946,88,f0figafm2v9h8ofo6slajj7xf
Jeremie Frimpong,216094.0,2.0,161.0,0.0,0.01,-0.01,1.0,0.0,0.0,0.01,Jeremie,Frimpong,2000-12-10,25.75,14.0,30.0,Defender,Full Back,9qo448ueot8pfc5oqo378wag9,c8h9bw1l82s06h77xxrelzhur,Liverpool FC,Liverpool,Liverpool,LIV,17.0,196.622,12.0,136.08,0.0,0.0,1.0,0.0,11.566,11.34,3.0,0.0,6.0,0.0,5.0,12.0,5.0,41.667,0.0,0.0,0.0,,,,,,,,,,216094.0,161.0,2.0,4.0,4.0,4.76,0.0,0.115,0.115,0.0,0.0,Jeremie,Frimpong,2000-12-10,25.75,14.0,30.0,Defender,Full Back,9qo448ueot8pfc5oqo378wag9,c8h9bw1l82s06h77xxrelzhur,Liverpool FC,Liverpool,Liverpool,LIV,216094.0,161.0,2.0,84.0,74.0,88.1,33.0,29.0,87.88,9.0,1.0,11.11,0.0,0.0,0.0,Jeremie,Frimpong,2000-12-10,25.75,14.0,30.0,Defender,Full Back,9qo448ueot8pfc5oqo378wag9,c8h9bw1l82s06h77xxrelzhur,Liverpool FC,Liverpool,Liverpool,LIV,216094,9qo448ueot8pfc5oqo378wag9,14,c8h9bw1l82s06h77xxrelzhur
Joachim Andersen,174874.0,1.0,90.0,0.0,0.0,0.0,0.0,0.0,0.0,0.0,Joachim,Andersen,1996-05-31,30.28,54.0,5.0,Defender,Central Defender,5wkso3mls5ulkilr0xzfix1p1,hzqh7z0mdl3v7gwete66syxp,Fulham FC,Fulham,Fulham,FUL,16.0,171.58,8.0,56.91,0.0,0.0,0.0,0.0,10.724,7.114,0.0,1.0,2.0,0.0,7.0,4.0,1.0,25.0,8.0,5.0,62.5,,,,,,,,,,174874.0,90.0,1.0,1.0,1.0,1.19,0.0,0.038,0.038,0.0,0.0,Joachim,Andersen,1996-05-31,30.28,54.0,5.0,Defender,Central Defender,5wkso3mls5ulkilr0xzfix1p1,hzqh7z0mdl3v7gwete66syxp,Fulham FC,Fulham,Fulham,FUL,174874.0,90.0,1.0,88.0,77.0,87.5,18.0,12.0,66.67,0.0,0.0,0.0,0.0,0.0,0.0,Joachim,Andersen,1996-05-31,30.28,54.0,5.0,Defender,Central Defender,5wkso3mls5ulkilr0xzfix1p1,hzqh7z0mdl3v7gwete66syxp,Fulham FC,Fulham,Fulham,FUL,174874,5wkso3mls5ulkilr0xzfix1p1,54,hzqh7z0mdl3v7gwete66syxp
Jocelin Ta Bi,699989.0,0.0,0.0,0.0,0.0,0.0,0.0,0.0,0.0,0.0,Jocelin Ta,Bi,2005-02-09,21.58,56.0,37.0,Forward,Winger,699989,1r3545b2dzan8yqa80gtmcjch,Sunderland AFC,Sunderland,Sunderland,SUN,0.0,0.0,0.0,0.0,0.0,0.0,0.0,0.0,0.0,0.0,0.0,0.0,0.0,0.0,0.0,0.0,0.0,0.0,0.0,0.0,0.0,,,,,,,,,,699989.0,0.0,0.0,0.0,0.0,0.0,0.0,0.0,0.0,0.0,0.0,Jocelin Ta,Bi,2005-02-09,21.58,56.0,37.0,Forward,Winger,699989,1r3545b2dzan8yqa80gtmcjch,Sunderland AFC,Sunderland,Sunderland,SUN,699989.0,0.0,0.0,0.0,0.0,0.0,0.0,0.0,0.0,0.0,0.0,0.0,0.0,0.0,0.0,Jocelin Ta,Bi,2005-02-09,21.58,56.0,37.0,Forward,Winger,699989,1r3545b2dzan8yqa80gtmcjch,Sunderland AFC,Sunderland,Sunderland,SUN,699989,699989,56,1r3545b2dzan8yqa80gtmcjch
Joe Rodon,214225.0,2.0,124.0,0.0,0.03,-0.03,1.0,0.0,0.0,0.03,Joe,Rodon,1997-10-22,28.88,2.0,6.0,Defender,Central Defender,otan631zzfnq2sektkl3ywo9,48gk2hpqtsl6p9sx9kjhaydq4,Leeds United FC,Leeds United,Leeds,LEE,5.0,47.454,2.0,19.74,0.0,0.0,0.0,0.0,9.491,9.87,1.0,1.0,2.0,1.0,8.0,8.0,3.0,37.5,4.0,4.0,100.0,,,,,,,,,,214225.0,124.0,2.0,1.0,1.0,3.03,0.0,0.062,0.062,0.0,0.0,Joe,Rodon,1997-10-22,28.88,2.0,6.0,Defender,Central Defender,otan631zzfnq2sektkl3ywo9,48gk2hpqtsl6p9sx9kjhaydq4,Leeds United FC,Leeds United,Leeds,LEE,214225.0,124.0,2.0,34.0,25.0,73.53,5.0,2.0,40.0,1.0,1.0,100.0,0.0,0.0,0.0,Joe,Rodon,1997-10-22,28.88,2.0,6.0,Defender,Central Defender,otan631zzfnq2sektkl3ywo9,48gk2hpqtsl6p9sx9kjhaydq4,Leeds United FC,Leeds United,Leeds,LEE,214225,otan631zzfnq2sektkl3ywo9,2,48gk2hpqtsl6p9sx9kjhaydq4
Joe Willock,200089.0,2.0,105.0,1.0,0.16,0.84,4.0,1.0,25.0,0.04,Joe,Willock,1999-08-20,27.06,4.0,28.0,Midfielder,Attacking Midfielder,5tbabvk43ljv3z3wd9mh0y8r9,7vn2i2kd35zuetw6b38gw9jsz,Newcastle United FC,Newcastle United,Newcastle,NEW,12.0,205.15,10.0,154.875,2.0,1.0,0.0,0.0,17.096,15.488,2.0,0.0,2.0,0.0,1.0,11.0,3.0,27.273,2.0,0.0,0.0,,,,,,,,,,200089.0,105.0,2.0,1.0,1.0,4.0,0.0,0.191,0.191,0.0,0.0,Joe,Willock,1999-08-20,27.06,4.0,28.0,Midfielder,Attacking Midfielder,5tbabvk43ljv3z3wd9mh0y8r9,7vn2i2kd35zuetw6b38gw9jsz,Newcastle United FC,Newcastle United,Newcastle,NEW,200089.0,105.0,2.0,28.0,28.0,100.0,14.0,14.0,100.0,2.0,0.0,0.0,1.0,1.0,100.0,Joe,Willock,1999-08-20,27.06,4.0,28.0,Midfielder,Attacking Midfielder,5tbabvk43ljv3z3wd9mh0y8r9,7vn2i2kd35zuetw6b38gw9jsz,Newcastle United FC,Newcastle United,Newcastle,NEW,200089,5tbabvk43ljv3z3wd9mh0y8r9,4,7vn2i2kd35zuetw6b38gw9jsz
Joel Latibeaudiere,204813.0,0.0,0.0,0.0,0.0,0.0,0.0,0.0,0.0,0.0,Joel,Latibeaudiere,2000-01-06,26.68,9.0,22.0,Defender,Central Defender,204813,dacoc20k0n3fxu4zek8wufmko,Coventry City FC,Coventry City,Coventry,COV,0.0,0.0,0.0,0.0,0.0,0.0,0.0,0.0,0.0,0.0,0.0,0.0,0.0,0.0,0.0,0.0,0.0,0.0,0.0,0.0,0.0,,,,,,,,,,204813.0,0.0,0.0,0.0,0.0,0.0,0.0,0.0,0.0,0.0,0.0,Joel,Latibeaudiere,2000-01-06,26.68,9.0,22.0,Defender,Central Defender,204813,dacoc20k0n3fxu4zek8wufmko,Coventry City FC,Coventry City,Coventry,COV,204813.0,0.0,0.0,0.0,0.0,0.0,0.0,0.0,0.0,0.0,0.0,0.0,0.0,0.0,0.0,Joel,Latibeaudiere,2000-01-06,26.68,9.0,22.0,Defender,Central Defender,204813,dacoc20k0n3fxu4zek8wufmko,Coventry City FC,Coventry City,Coventry,COV,204813,204813,9,dacoc20k0n3fxu4zek8wufmko
John Egan,108416.0,2.0,180.0,0.0,0.0,0.0,0.0,0.0,0.0,0.0,John,Egan,1992-10-20,33.89,88.0,15.0,Defender,Central Defender,b2ak3yqqaexteldtl135erpx,f0figafm2v9h8ofo6slajj7xf,Hull City AFC,Hull City,Hull,HUL,15.0,143.694,7.0,64.785,0.0,0.0,0.0,0.0,9.58,9.255,2.0,2.0,4.0,3.0,27.0,3.0,2.0,66.667,8.0,6.0,75.0,,,,,,,,,,108416.0,180.0,2.0,0.0,0.0,0.0,0.0,0.005,0.005,0.0,0.0,John,Egan,1992-10-20,33.89,88.0,15.0,Defender,Central Defender,b2ak3yqqaexteldtl135erpx,f0figafm2v9h8ofo6slajj7xf,Hull City AFC,Hull City,Hull,HUL,108416.0,180.0,2.0,60.0,45.0,75.0,10.0,4.0,40.0,0.0,0.0,0.0,0.0,0.0,0.0,John,Egan,1992-10-20,33.89,88.0,15.0,Defender,Central Defender,b2ak3yqqaexteldtl135erpx,f0figafm2v9h8ofo6slajj7xf,Hull City AFC,Hull City,Hull,HUL,108416,b2ak3yqqaexteldtl135erpx,88,f0figafm2v9h8ofo6slajj7xf
John McGinn,122806.0,2.0,172.0,0.0,0.08,-0.08,3.0,0.0,0.0,0.03,John,McGinn,1994-10-18,31.9,7.0,7.0,Midfielder,Central Midfielder,btvuam6p4391am219taqtcted,b496gs285it6bheuikox6z9mj,Aston Villa FC,Aston Villa,Villa,AVL,21.0,240.439,8.0,100.38,1.0,0.0,0.0,0.0,11.449,12.548,2.0,2.0,5.0,0.0,1.0,23.0,10.0,43.478,1.0,0.0,0.0,,,,,,,,,,122806.0,172.0,2.0,1.0,1.0,2.56,0.0,0.052,0.052,0.0,0.0,John,McGinn,1994-10-18,31.9,7.0,7.0,Midfielder,Central Midfielder,btvuam6p4391am219taqtcted,b496gs285it6bheuikox6z9mj,Aston Villa FC,Aston Villa,Villa,AVL,122806.0,172.0,2.0,42.0,26.0,61.9,20.0,9.0,45.0,5.0,0.0,0.0,0.0,0.0,0.0,John,McGinn,1994-10-18,31.9,7.0,7.0,Midfielder,Central Midfielder,btvuam6p4391am219taqtcted,b496gs285it6bheuikox6z9mj,Aston Villa FC,Aston Villa,Villa,AVL,122806,btvuam6p4391am219taqtcted,7,b496gs285it6bheuikox6z9mj
Jordan Pickford,,,,,,,,,,,,,,,,,,,,,,,,,,,,,,,,,,,,,,,,,,,,,,180.0,100.0,0.0,1.0,8.0,88.89,1.84,2.0,2.84,,,,,,,,,,,,,,,,,,,,,,,,,,,,,,,,,,,,,,,,,,,,,,,,,,,,,,,111234,e8dina16u5kt5ho4u5igtmimt,11,ehd2iemqmschhj2ec0vayztzz
Jorge Cuenca,246301.0,1.0,90.0,0.0,0.0,0.0,0.0,0.0,0.0,0.0,Jorge,Cuenca,1999-11-17,26.81,54.0,4.0,Defender,Central Defender,aza9jho12wrfa3oczxoj670mh,hzqh7z0mdl3v7gwete66syxp,Fulham FC,Fulham,Fulham,FUL,20.0,177.438,10.0,84.945,0.0,0.0,0.0,0.0,8.872,8.494,1.0,1.0,3.0,3.0,5.0,1.0,1.0,100.0,3.0,2.0,66.667,,,,,,,,,,246301.0,90.0,1.0,2.0,2.0,2.35,0.0,0.028,0.028,0.0,0.0,Jorge,Cuenca,1999-11-17,26.81,54.0,4.0,Defender,Central Defender,aza9jho12wrfa3oczxoj670mh,hzqh7z0mdl3v7gwete66syxp,Fulham FC,Fulham,Fulham,FUL,246301.0,90.0,1.0,87.0,77.0,88.51,9.0,6.0,66.67,0.0,0.0,0.0,0.0,0.0,0.0,Jorge,Cuenca,1999-11-17,26.81,54.0,4.0,Defender,Central Defender,aza9jho12wrfa3oczxoj670mh,hzqh7z0mdl3v7gwete66syxp,Fulham FC,Fulham,Fulham,FUL,246301,aza9jho12wrfa3oczxoj670mh,54,hzqh7z0mdl3v7gwete66syxp
Jorrel Hato,551210.0,2.0,155.0,0.0,0.01,-0.01,1.0,0.0,0.0,0.01,Jorrel,Hato,2006-03-07,20.51,8.0,21.0,Defender,Full Back,bgydmtsi0ngn9k56apo29v0no,9q0arba2kbnywth8bkxlhgmdr,Chelsea FC,Chelsea,Chelsea,CHE,14.0,183.744,8.0,89.565,0.0,0.0,1.0,1.0,13.125,11.196,4.0,1.0,5.0,0.0,4.0,9.0,7.0,77.778,3.0,1.0,33.333,,,,,,,,,,551210.0,155.0,2.0,3.0,3.0,5.56,0.0,0.097,0.097,1.0,1.0,Jorrel,Hato,2006-03-07,20.51,8.0,21.0,Defender,Full Back,bgydmtsi0ngn9k56apo29v0no,9q0arba2kbnywth8bkxlhgmdr,Chelsea FC,Chelsea,Chelsea,CHE,551210.0,155.0,2.0,36.0,28.0,77.78,7.0,6.0,85.71,0.0,0.0,0.0,0.0,0.0,0.0,Jorrel,Hato,2006-03-07,20.51,8.0,21.0,Defender,Full Back,bgydmtsi0ngn9k56apo29v0no,9q0arba2kbnywth8bkxlhgmdr,Chelsea FC,Chelsea,Chelsea,CHE,551210,bgydmtsi0ngn9k56apo29v0no,8,9q0arba2kbnywth8bkxlhgmdr
Josh Acheampong,577016.0,2.0,112.0,0.0,0.0,0.0,0.0,0.0,0.0,0.0,Josh,Acheampong,2006-05-05,20.35,8.0,34.0,Defender,Full Back,ek4oa7zejocbbgu1l2vdebitw,9q0arba2kbnywth8bkxlhgmdr,Chelsea FC,Chelsea,Chelsea,CHE,11.0,108.68,5.0,51.87,0.0,0.0,0.0,0.0,9.88,10.374,6.0,1.0,6.0,2.0,9.0,13.0,7.0,53.846,2.0,1.0,50.0,,,,,,,,,,577016.0,112.0,2.0,0.0,0.0,0.0,0.0,0.013,0.013,0.0,0.0,Josh,Acheampong,2006-05-05,20.35,8.0,34.0,Defender,Full Back,ek4oa7zejocbbgu1l2vdebitw,9q0arba2kbnywth8bkxlhgmdr,Chelsea FC,Chelsea,Chelsea,CHE,577016.0,112.0,2.0,53.0,41.0,77.36,16.0,9.0,56.25,1.0,0.0,0.0,0.0,0.0,0.0,Josh,Acheampong,2006-05-05,20.35,8.0,34.0,Defender,Full Back,ek4oa7zejocbbgu1l2vdebitw,9q0arba2kbnywth8bkxlhgmdr,Chelsea FC,Chelsea,Chelsea,CHE,577016,ek4oa7zejocbbgu1l2vdebitw,8,9q0arba2kbnywth8bkxlhgmdr
Josh Eccles,439668.0,0.0,0.0,0.0,0.0,0.0,0.0,0.0,0.0,0.0,Josh,Eccles,2000-04-06,26.43,9.0,28.0,Midfielder,Central Midfielder,439668,dacoc20k0n3fxu4zek8wufmko,Coventry City FC,Coventry City,Coventry,COV,0.0,0.0,0.0,0.0,0.0,0.0,0.0,0.0,0.0,0.0,0.0,0.0,0.0,0.0,0.0,0.0,0.0,0.0,0.0,0.0,0.0,,,,,,,,,,439668.0,0.0,0.0,0.0,0.0,0.0,0.0,0.0,0.0,0.0,0.0,Josh,Eccles,2000-04-06,26.43,9.0,28.0,Midfielder,Central Midfielder,439668,dacoc20k0n3fxu4zek8wufmko,Coventry City FC,Coventry City,Coventry,COV,439668.0,0.0,0.0,0.0,0.0,0.0,0.0,0.0,0.0,0.0,0.0,0.0,0.0,0.0,0.0,Josh,Eccles,2000-04-06,26.43,9.0,28.0,Midfielder,Central Midfielder,439668,dacoc20k0n3fxu4zek8wufmko,Coventry City FC,Coventry City,Coventry,COV,439668,439668,9,dacoc20k0n3fxu4zek8wufmko
Josh King,577725.0,2.0,180.0,1.0,0.64,0.36,5.0,2.0,20.0,0.13,Josh,King,2007-01-03,19.68,54.0,24.0,Midfielder,Central Midfielder,4oh051knl4dkgju4yvj7xlwr8,hzqh7z0mdl3v7gwete66syxp,Fulham FC,Fulham,Fulham,FUL,36.0,421.377,17.0,126.315,3.0,1.0,1.0,0.0,11.705,7.43,4.0,0.0,5.0,1.0,2.0,21.0,8.0,38.095,2.0,0.0,0.0,,,,,,,,,,577725.0,180.0,2.0,1.0,1.0,1.52,0.0,0.071,0.071,0.0,0.0,Josh,King,2007-01-03,19.68,54.0,24.0,Midfielder,Central Midfielder,4oh051knl4dkgju4yvj7xlwr8,hzqh7z0mdl3v7gwete66syxp,Fulham FC,Fulham,Fulham,FUL,577725.0,180.0,2.0,72.0,58.0,80.56,29.0,20.0,68.97,3.0,0.0,0.0,0.0,0.0,0.0,Josh,King,2007-01-03,19.68,54.0,24.0,Midfielder,Central Midfielder,4oh051knl4dkgju4yvj7xlwr8,hzqh7z0mdl3v7gwete66syxp,Fulham FC,Fulham,Fulham,FUL,577725,4oh051knl4dkgju4yvj7xlwr8,54,hzqh7z0mdl3v7gwete66syxp
Joshua Zirkzee,458249.0,0.0,0.0,0.0,0.0,0.0,0.0,0.0,0.0,0.0,Joshua,Zirkzee,2001-05-22,25.3,1.0,11.0,Forward,Striker,458249,6eqit8ye8aomdsrrq0hk3v7gh,Manchester United FC,Manchester United,Man Utd,MUN,0.0,0.0,0.0,0.0,0.0,0.0,0.0,0.0,0.0,0.0,0.0,0.0,0.0,0.0,0.0,0.0,0.0,0.0,0.0,0.0,0.0,,,,,,,,,,458249.0,0.0,0.0,0.0,0.0,0.0,0.0,0.0,0.0,0.0,0.0,Joshua,Zirkzee,2001-05-22,25.3,1.0,11.0,Forward,Striker,458249,6eqit8ye8aomdsrrq0hk3v7gh,Manchester United FC,Manchester United,Man Utd,MUN,458249.0,0.0,0.0,0.0,0.0,0.0,0.0,0.0,0.0,0.0,0.0,0.0,0.0,0.0,0.0,Joshua,Zirkzee,2001-05-22,25.3,1.0,11.0,Forward,Striker,458249,6eqit8ye8aomdsrrq0hk3v7gh,Manchester United FC,Manchester United,Man Utd,MUN,458249,458249,1,6eqit8ye8aomdsrrq0hk3v7gh
Josko Gvardiol,477424.0,2.0,165.0,1.0,0.19,0.81,1.0,1.0,100.0,0.19,Josko,Gvardiol,2002-01-23,24.63,43.0,24.0,Defender,Central Defender,9prtaifv6stlujgywgq4wd08a,a3nyxabgsqlnqfkeg41m6tnpp,Manchester City FC,Manchester City,Man City,MCI,28.0,311.71,17.0,184.59,0.0,0.0,2.0,1.0,11.132,10.858,3.0,4.0,5.0,0.0,2.0,10.0,6.0,60.0,9.0,4.0,44.444,,,,,,,,,,477424.0,165.0,2.0,2.0,2.0,0.8,0.0,0.096,0.095,1.0,1.0,Josko,Gvardiol,2002-01-23,24.63,43.0,24.0,Defender,Central Defender,9prtaifv6stlujgywgq4wd08a,a3nyxabgsqlnqfkeg41m6tnpp,Manchester City FC,Manchester City,Man City,MCI,477424.0,165.0,2.0,126.0,105.0,83.33,34.0,28.0,82.35,2.0,2.0,100.0,1.0,0.0,0.0,Josko,Gvardiol,2002-01-23,24.63,43.0,24.0,Defender,Central Defender,9prtaifv6stlujgywgq4wd08a,a3nyxabgsqlnqfkeg41m6tnpp,Manchester City FC,Manchester City,Man City,MCI,477424,9prtaifv6stlujgywgq4wd08a,43,a3nyxabgsqlnqfkeg41m6tnpp
João Gomes,448089.0,1.0,40.0,0.0,0.0,0.0,0.0,0.0,0.0,0.0,João Victor,Gomes da Silva,2001-02-12,25.57,7.0,35.0,Midfielder,Central Midfielder,5hu4oy1jz8k1c3ajuiueoo2ga,b496gs285it6bheuikox6z9mj,Aston Villa FC,Aston Villa,Villa,AVL,10.0,118.934,3.0,35.49,0.0,0.0,1.0,0.0,11.893,11.83,4.0,0.0,2.0,0.0,1.0,10.0,6.0,60.0,1.0,0.0,0.0,,,,,,,,,,448089.0,40.0,1.0,1.0,1.0,7.69,0.0,0.006,0.006,0.0,0.0,João Victor,Gomes da Silva,2001-02-12,25.57,7.0,35.0,Midfielder,Central Midfielder,5hu4oy1jz8k1c3ajuiueoo2ga,b496gs285it6bheuikox6z9mj,Aston Villa FC,Aston Villa,Villa,AVL,448089.0,40.0,1.0,14.0,14.0,100.0,2.0,2.0,100.0,0.0,0.0,0.0,0.0,0.0,0.0,João Victor,Gomes da Silva,2001-02-12,25.57,7.0,35.0,Midfielder,Central Midfielder,5hu4oy1jz8k1c3ajuiueoo2ga,b496gs285it6bheuikox6z9mj,Aston Villa FC,Aston Villa,Villa,AVL,448089,5hu4oy1jz8k1c3ajuiueoo2ga,7,b496gs285it6bheuikox6z9mj
João Pedro,475168.0,2.0,180.0,2.0,1.85,0.15,9.0,3.0,22.22,0.21,João Pedro,Junqueira de Jesus,2001-09-26,24.95,8.0,9.0,Forward,Striker,eaqqezw2ed1u0tt3zc128mr1m,9q0arba2kbnywth8bkxlhgmdr,Chelsea FC,Chelsea,Chelsea,CHE,23.0,297.947,13.0,192.465,4.0,1.0,3.0,1.0,12.954,14.805,1.0,0.0,4.0,0.0,1.0,19.0,11.0,57.895,11.0,6.0,54.545,,,,,,,,,,475168.0,180.0,2.0,4.0,3.0,4.65,0.0,0.091,0.091,2.0,1.0,João Pedro,Junqueira de Jesus,2001-09-26,24.95,8.0,9.0,Forward,Striker,eaqqezw2ed1u0tt3zc128mr1m,9q0arba2kbnywth8bkxlhgmdr,Chelsea FC,Chelsea,Chelsea,CHE,475168.0,180.0,2.0,43.0,29.0,67.44,26.0,14.0,53.85,0.0,0.0,0.0,0.0,0.0,0.0,João Pedro,Junqueira de Jesus,2001-09-26,24.95,8.0,9.0,Forward,Striker,eaqqezw2ed1u0tt3zc128mr1m,9q0arba2kbnywth8bkxlhgmdr,Chelsea FC,Chelsea,Chelsea,CHE,475168,eaqqezw2ed1u0tt3zc128mr1m,8,9q0arba2kbnywth8bkxlhgmdr
Juanlu Sánchez,494928.0,0.0,0.0,0.0,0.0,0.0,0.0,0.0,0.0,0.0,Juanlu,Sánchez,2003-08-15,23.07,91.0,24.0,Midfielder,Winger,494928,1pse9ta7a45pi2w2grjim70ge,AFC Bournemouth,Bournemouth,Bournemouth,BOU,0.0,0.0,0.0,0.0,0.0,0.0,0.0,0.0,0.0,0.0,0.0,0.0,0.0,0.0,0.0,0.0,0.0,0.0,0.0,0.0,0.0,,,,,,,,,,494928.0,0.0,0.0,0.0,0.0,0.0,0.0,0.0,0.0,0.0,0.0,Juanlu,Sánchez,2003-08-15,23.07,91.0,24.0,Midfielder,Winger,494928,1pse9ta7a45pi2w2grjim70ge,AFC Bournemouth,Bournemouth,Bournemouth,BOU,494928.0,0.0,0.0,0.0,0.0,0.0,0.0,0.0,0.0,0.0,0.0,0.0,0.0,0.0,0.0,Juanlu,Sánchez,2003-08-15,23.07,91.0,24.0,Midfielder,Winger,494928,1pse9ta7a45pi2w2grjim70ge,AFC Bournemouth,Bournemouth,Bournemouth,BOU,494928,494928,91,1pse9ta7a45pi2w2grjim70ge
Jules Ahoka,696104.0,0.0,0.0,0.0,0.0,0.0,0.0,0.0,0.0,0.0,Jules,Ahoka,2006-05-08,20.34,56.0,0.0,Midfielder,0,696104,1r3545b2dzan8yqa80gtmcjch,Sunderland AFC,Sunderland,Sunderland,SUN,0.0,0.0,0.0,0.0,0.0,0.0,0.0,0.0,0.0,0.0,0.0,0.0,0.0,0.0,0.0,0.0,0.0,0.0,0.0,0.0,0.0,,,,,,,,,,696104.0,0.0,0.0,0.0,0.0,0.0,0.0,0.0,0.0,0.0,0.0,Jules,Ahoka,2006-05-08,20.34,56.0,0.0,Midfielder,0,696104,1r3545b2dzan8yqa80gtmcjch,Sunderland AFC,Sunderland,Sunderland,SUN,696104.0,0.0,0.0,0.0,0.0,0.0,0.0,0.0,0.0,0.0,0.0,0.0,0.0,0.0,0.0,Jules,Ahoka,2006-05-08,20.34,56.0,0.0,Midfielder,0,696104,1r3545b2dzan8yqa80gtmcjch,Sunderland AFC,Sunderland,Sunderland,SUN,696104,696104,56,1r3545b2dzan8yqa80gtmcjch
Julio Enciso,474120.0,2.0,161.0,0.0,0.63,-0.63,6.0,1.0,0.0,0.11,Julio,Enciso,2004-01-23,22.63,40.0,10.0,Midfielder,Attacking Midfielder,1mf7tr17fqnddm23nx1z1tsh6,8b523ujgl21tbc01me65q0aoh,Ipswich Town FC,Ipswich Town,Ipswich,IPS,30.0,412.962,19.0,259.77,3.0,0.0,2.0,2.0,13.765,13.672,2.0,1.0,12.0,0.0,1.0,22.0,13.0,59.091,0.0,0.0,0.0,,,,,,,,,,474120.0,161.0,2.0,2.0,2.0,0.0,0.0,0.625,0.624,2.0,2.0,Julio,Enciso,2004-01-23,22.63,40.0,10.0,Midfielder,Attacking Midfielder,1mf7tr17fqnddm23nx1z1tsh6,8b523ujgl21tbc01me65q0aoh,Ipswich Town FC,Ipswich Town,Ipswich,IPS,474120.0,161.0,2.0,47.0,40.0,85.11,18.0,15.0,83.33,0.0,0.0,0.0,0.0,0.0,0.0,Julio,Enciso,2004-01-23,22.63,40.0,10.0,Midfielder,Attacking Midfielder,1mf7tr17fqnddm23nx1z1tsh6,8b523ujgl21tbc01me65q0aoh,Ipswich Town FC,Ipswich Town,Ipswich,IPS,474120,1mf7tr17fqnddm23nx1z1tsh6,40,8b523ujgl21tbc01me65q0aoh
Julio Soler,575901.0,0.0,0.0,0.0,0.0,0.0,0.0,0.0,0.0,0.0,Julio,Soler,2005-02-16,21.56,91.0,6.0,Defender,Full Back,575901,1pse9ta7a45pi2w2grjim70ge,AFC Bournemouth,Bournemouth,Bournemouth,BOU,0.0,0.0,0.0,0.0,0.0,0.0,0.0,0.0,0.0,0.0,0.0,0.0,0.0,0.0,0.0,0.0,0.0,0.0,0.0,0.0,0.0,,,,,,,,,,575901.0,0.0,0.0,0.0,0.0,0.0,0.0,0.0,0.0,0.0,0.0,Julio,Soler,2005-02-16,21.56,91.0,6.0,Defender,Full Back,575901,1pse9ta7a45pi2w2grjim70ge,AFC Bournemouth,Bournemouth,Bournemouth,BOU,575901.0,0.0,0.0,0.0,0.0,0.0,0.0,0.0,0.0,0.0,0.0,0.0,0.0,0.0,0.0,Julio,Soler,2005-02-16,21.56,91.0,6.0,Defender,Full Back,575901,1pse9ta7a45pi2w2grjim70ge,AFC Bournemouth,Bournemouth,Bournemouth,BOU,575901,575901,91,1pse9ta7a45pi2w2grjim70ge
Justin Kluivert,222683.0,2.0,156.0,0.0,0.72,-0.72,5.0,3.0,0.0,0.14,Justin,Kluivert,1999-05-05,27.35,91.0,19.0,Forward,Winger,5qgc6zjc38a5xjl35gs7h3vu1,1pse9ta7a45pi2w2grjim70ge,AFC Bournemouth,Bournemouth,Bournemouth,BOU,17.0,229.885,14.0,186.27,1.0,0.0,2.0,0.0,13.523,13.305,3.0,1.0,10.0,0.0,0.0,13.0,8.0,61.538,1.0,0.0,0.0,,,,,,,,,,222683.0,156.0,2.0,3.0,3.0,10.71,0.0,0.054,0.054,0.0,0.0,Justin,Kluivert,1999-05-05,27.35,91.0,19.0,Forward,Winger,5qgc6zjc38a5xjl35gs7h3vu1,1pse9ta7a45pi2w2grjim70ge,AFC Bournemouth,Bournemouth,Bournemouth,BOU,222683.0,156.0,2.0,29.0,22.0,75.86,7.0,4.0,57.14,3.0,1.0,33.33,1.0,0.0,0.0,Justin,Kluivert,1999-05-05,27.35,91.0,19.0,Forward,Winger,5qgc6zjc38a5xjl35gs7h3vu1,1pse9ta7a45pi2w2grjim70ge,AFC Bournemouth,Bournemouth,Bournemouth,BOU,222683,5qgc6zjc38a5xjl35gs7h3vu1,91,1pse9ta7a45pi2w2grjim70ge
Jérémy Jacquet,606702.0,2.0,147.0,0.0,0.0,0.0,0.0,0.0,0.0,0.0,Jérémy,Jacquet,2005-07-13,21.16,14.0,5.0,Defender,Central Defender,cg0yobsmbeqqdzpiynwt6m0ic,c8h9bw1l82s06h77xxrelzhur,Liverpool FC,Liverpool,Liverpool,LIV,28.0,341.502,24.0,293.58,0.0,0.0,1.0,0.0,12.196,12.232,4.0,4.0,7.0,1.0,5.0,9.0,9.0,100.0,5.0,4.0,80.0,,,,,,,,,,606702.0,147.0,2.0,2.0,2.0,1.48,0.0,0.068,0.068,0.0,0.0,Jérémy,Jacquet,2005-07-13,21.16,14.0,5.0,Defender,Central Defender,cg0yobsmbeqqdzpiynwt6m0ic,c8h9bw1l82s06h77xxrelzhur,Liverpool FC,Liverpool,Liverpool,LIV,606702.0,147.0,2.0,136.0,123.0,90.44,39.0,33.0,84.62,0.0,0.0,0.0,0.0,0.0,0.0,Jérémy,Jacquet,2005-07-13,21.16,14.0,5.0,Defender,Central Defender,cg0yobsmbeqqdzpiynwt6m0ic,c8h9bw1l82s06h77xxrelzhur,Liverpool FC,Liverpool,Liverpool,LIV,606702,cg0yobsmbeqqdzpiynwt6m0ic,14,c8h9bw1l82s06h77xxrelzhur
Jørgen Strand Larsen,247412.0,2.0,90.0,0.0,0.3,-0.3,2.0,1.0,0.0,0.15,Jørgen,Strand Larsen,2000-02-06,26.59,31.0,22.0,Forward,Striker,2ge9oa66xgsefhhpvuboua76x,1c8m2ko0wxq1asfkuykurdr0y,Crystal Palace FC,Crystal Palace,Palace,CRY,1.0,5.069,0.0,4.725,0.0,0.0,0.0,0.0,5.069,0.0,1.0,0.0,1.0,0.0,1.0,6.0,2.0,33.333,5.0,1.0,20.0,,,,,,,,,,247412.0,90.0,2.0,0.0,0.0,0.0,0.0,0.007,0.007,0.0,0.0,Jørgen,Strand Larsen,2000-02-06,26.59,31.0,22.0,Forward,Striker,2ge9oa66xgsefhhpvuboua76x,1c8m2ko0wxq1asfkuykurdr0y,Crystal Palace FC,Crystal Palace,Palace,CRY,247412.0,90.0,2.0,13.0,9.0,69.23,2.0,2.0,100.0,0.0,0.0,0.0,0.0,0.0,0.0,Jørgen,Strand Larsen,2000-02-06,26.59,31.0,22.0,Forward,Striker,2ge9oa66xgsefhhpvuboua76x,1c8m2ko0wxq1asfkuykurdr0y,Crystal Palace FC,Crystal Palace,Palace,CRY,247412,2ge9oa66xgsefhhpvuboua76x,31,1c8m2ko0wxq1asfkuykurdr0y
Kaden Braithwaite,554054.0,1.0,1.0,0.0,0.0,0.0,0.0,0.0,0.0,0.0,Kaden,Braithwaite,2008-02-08,18.58,43.0,61.0,Defender,Central Defender,45x1fi7jqz4au3lkjkevwnrbo,a3nyxabgsqlnqfkeg41m6tnpp,Manchester City FC,Manchester City,Man City,MCI,1.0,12.788,1.0,12.495,0.0,0.0,0.0,0.0,12.788,12.495,0.0,0.0,1.0,0.0,0.0,0.0,0.0,0.0,0.0,0.0,0.0,,,,,,,,,,554054.0,1.0,1.0,0.0,0.0,0.0,0.0,0.001,0.001,0.0,0.0,Kaden,Braithwaite,2008-02-08,18.58,43.0,61.0,Defender,Central Defender,45x1fi7jqz4au3lkjkevwnrbo,a3nyxabgsqlnqfkeg41m6tnpp,Manchester City FC,Manchester City,Man City,MCI,554054.0,1.0,1.0,10.0,10.0,100.0,0.0,0.0,0.0,0.0,0.0,0.0,0.0,0.0,0.0,Kaden,Braithwaite,2008-02-08,18.58,43.0,61.0,Defender,Central Defender,45x1fi7jqz4au3lkjkevwnrbo,a3nyxabgsqlnqfkeg41m6tnpp,Manchester City FC,Manchester City,Man City,MCI,554054,45x1fi7jqz4au3lkjkevwnrbo,43,a3nyxabgsqlnqfkeg41m6tnpp
Kai Havertz,219847.0,2.0,180.0,1.0,0.29,0.71,2.0,2.0,50.0,0.14,Kai,Havertz,1999-06-11,27.25,3.0,29.0,Forward,Second Striker,ed20ebhqi5c32vbbsze8r6yuh,4dsgumo7d4zupm2ugsvm4zm4d,Arsenal FC,Arsenal,Arsenal,ARS,7.0,102.404,6.0,85.155,1.0,0.0,0.0,0.0,14.629,14.192,0.0,1.0,5.0,0.0,1.0,10.0,4.0,40.0,8.0,4.0,50.0,,,,,,,,,,219847.0,180.0,2.0,1.0,1.0,2.5,0.0,0.058,0.058,0.0,0.0,Kai,Havertz,1999-06-11,27.25,3.0,29.0,Forward,Second Striker,ed20ebhqi5c32vbbsze8r6yuh,4dsgumo7d4zupm2ugsvm4zm4d,Arsenal FC,Arsenal,Arsenal,ARS,219847.0,180.0,2.0,40.0,31.0,77.5,23.0,17.0,73.91,0.0,0.0,0.0,0.0,0.0,0.0,Kai,Havertz,1999-06-11,27.25,3.0,29.0,Forward,Second Striker,ed20ebhqi5c32vbbsze8r6yuh,4dsgumo7d4zupm2ugsvm4zm4d,Arsenal FC,Arsenal,Arsenal,ARS,219847,ed20ebhqi5c32vbbsze8r6yuh,3,4dsgumo7d4zupm2ugsvm4zm4d
Kasey McAteer,461587.0,2.0,31.0,0.0,0.0,0.0,0.0,0.0,0.0,0.0,Kasey,McAteer,2001-11-22,24.8,40.0,20.0,Midfielder,Attacking Midfielder,4w3hixbz661gepdin7ji0flgq,8b523ujgl21tbc01me65q0aoh,Ipswich Town FC,Ipswich Town,Ipswich,IPS,1.0,11.103,1.0,7.455,0.0,0.0,0.0,0.0,11.103,7.455,1.0,0.0,3.0,0.0,0.0,3.0,1.0,33.333,1.0,0.0,0.0,,,,,,,,,,461587.0,31.0,2.0,0.0,0.0,0.0,0.0,0.005,0.005,0.0,0.0,Kasey,McAteer,2001-11-22,24.8,40.0,20.0,Midfielder,Attacking Midfielder,4w3hixbz661gepdin7ji0flgq,8b523ujgl21tbc01me65q0aoh,Ipswich Town FC,Ipswich Town,Ipswich,IPS,461587.0,31.0,2.0,9.0,8.0,88.89,1.0,1.0,100.0,0.0,0.0,0.0,0.0,0.0,0.0,Kasey,McAteer,2001-11-22,24.8,40.0,20.0,Midfielder,Attacking Midfielder,4w3hixbz661gepdin7ji0flgq,8b523ujgl21tbc01me65q0aoh,Ipswich Town FC,Ipswich Town,Ipswich,IPS,461587,4w3hixbz661gepdin7ji0flgq,40,8b523ujgl21tbc01me65q0aoh
Keane Lewis-Potter,249231.0,2.0,178.0,1.0,0.79,0.21,3.0,1.0,33.33,0.26,Keane,Lewis-Potter,2001-02-22,25.55,94.0,23.0,Forward,Striker,7j36oy8n0tu8ps0haqb4es48a,7yx5dqhhphyvfisohikodajhv,Brentford FC,Brentford,Brentford,BRE,32.0,335.701,17.0,201.915,0.0,0.0,0.0,0.0,10.491,11.877,3.0,2.0,11.0,1.0,4.0,10.0,4.0,40.0,7.0,2.0,28.571,,,,,,,,,,249231.0,178.0,2.0,3.0,3.0,2.47,0.0,0.246,0.246,1.0,1.0,Keane,Lewis-Potter,2001-02-22,25.55,94.0,23.0,Forward,Striker,7j36oy8n0tu8ps0haqb4es48a,7yx5dqhhphyvfisohikodajhv,Brentford FC,Brentford,Brentford,BRE,249231.0,178.0,2.0,82.0,70.0,85.37,31.0,23.0,74.19,9.0,3.0,33.33,0.0,0.0,0.0,Keane,Lewis-Potter,2001-02-22,25.55,94.0,23.0,Forward,Striker,7j36oy8n0tu8ps0haqb4es48a,7yx5dqhhphyvfisohikodajhv,Brentford FC,Brentford,Brentford,BRE,249231,7j36oy8n0tu8ps0haqb4es48a,94,7yx5dqhhphyvfisohikodajhv
Kenny Tete,167074.0,0.0,0.0,0.0,0.0,0.0,0.0,0.0,0.0,0.0,Kenny,Tete,1995-10-09,30.92,54.0,2.0,Defender,Full Back,167074,hzqh7z0mdl3v7gwete66syxp,Fulham FC,Fulham,Fulham,FUL,0.0,0.0,0.0,0.0,0.0,0.0,0.0,0.0,0.0,0.0,0.0,0.0,0.0,0.0,0.0,0.0,0.0,0.0,0.0,0.0,0.0,,,,,,,,,,167074.0,0.0,0.0,0.0,0.0,0.0,0.0,0.0,0.0,0.0,0.0,Kenny,Tete,1995-10-09,30.92,54.0,2.0,Defender,Full Back,167074,hzqh7z0mdl3v7gwete66syxp,Fulham FC,Fulham,Fulham,FUL,167074.0,0.0,0.0,0.0,0.0,0.0,0.0,0.0,0.0,0.0,0.0,0.0,0.0,0.0,0.0,Kenny,Tete,1995-10-09,30.92,54.0,2.0,Defender,Full Back,167074,hzqh7z0mdl3v7gwete66syxp,Fulham FC,Fulham,Fulham,FUL,167074,167074,54,hzqh7z0mdl3v7gwete66syxp
Kevin,560552.0,2.0,24.0,0.0,0.0,0.0,0.0,0.0,0.0,0.0,Kevin,Santos Lopes de Macedo,2003-01-04,23.68,54.0,11.0,Forward,Winger,8bj0welrf2r362hzigb86704q,hzqh7z0mdl3v7gwete66syxp,Fulham FC,Fulham,Fulham,FUL,10.0,121.178,6.0,102.165,0.0,0.0,0.0,0.0,12.118,17.028,2.0,0.0,1.0,0.0,0.0,11.0,3.0,27.273,0.0,0.0,0.0,,,,,,,,,,560552.0,24.0,2.0,0.0,0.0,0.0,0.0,0.044,0.044,0.0,0.0,Kevin,Santos Lopes de Macedo,2003-01-04,23.68,54.0,11.0,Forward,Winger,8bj0welrf2r362hzigb86704q,hzqh7z0mdl3v7gwete66syxp,Fulham FC,Fulham,Fulham,FUL,560552.0,24.0,2.0,17.0,16.0,94.12,8.0,8.0,100.0,1.0,0.0,0.0,0.0,0.0,0.0,Kevin,Santos Lopes de Macedo,2003-01-04,23.68,54.0,11.0,Forward,Winger,8bj0welrf2r362hzigb86704q,hzqh7z0mdl3v7gwete66syxp,Fulham FC,Fulham,Fulham,FUL,560552,8bj0welrf2r362hzigb86704q,54,hzqh7z0mdl3v7gwete66syxp
Kevin Danso,135720.0,0.0,0.0,0.0,0.0,0.0,0.0,0.0,0.0,0.0,Kevin,Danso,1998-09-19,27.98,6.0,4.0,Defender,Central Defender,135720,22doj4sgsocqpxw45h607udje,Tottenham Hotspur FC,Tottenham Hotspur,Spurs,TOT,0.0,0.0,0.0,0.0,0.0,0.0,0.0,0.0,0.0,0.0,0.0,0.0,0.0,0.0,0.0,0.0,0.0,0.0,0.0,0.0,0.0,,,,,,,,,,135720.0,0.0,0.0,0.0,0.0,0.0,0.0,0.0,0.0,0.0,0.0,Kevin,Danso,1998-09-19,27.98,6.0,4.0,Defender,Central Defender,135720,22doj4sgsocqpxw45h607udje,Tottenham Hotspur FC,Tottenham Hotspur,Spurs,TOT,135720.0,0.0,0.0,0.0,0.0,0.0,0.0,0.0,0.0,0.0,0.0,0.0,0.0,0.0,0.0,Kevin,Danso,1998-09-19,27.98,6.0,4.0,Defender,Central Defender,135720,22doj4sgsocqpxw45h607udje,Tottenham Hotspur FC,Tottenham Hotspur,Spurs,TOT,135720,135720,6,22doj4sgsocqpxw45h607udje
Kevin Schade,513418.0,2.0,178.0,1.0,0.77,0.23,8.0,3.0,12.5,0.1,Kevin,Schade,2001-11-27,24.78,94.0,7.0,Midfielder,Winger,1h3mduwlaf89ebwtqxuegsodm,7yx5dqhhphyvfisohikodajhv,Brentford FC,Brentford,Brentford,BRE,11.0,133.055,5.0,35.595,0.0,0.0,0.0,0.0,12.096,7.119,5.0,0.0,9.0,1.0,3.0,21.0,11.0,52.381,6.0,4.0,66.667,,,,,,,,,,513418.0,178.0,2.0,2.0,2.0,5.0,0.0,0.03,0.03,0.0,0.0,Kevin,Schade,2001-11-27,24.78,94.0,7.0,Midfielder,Winger,1h3mduwlaf89ebwtqxuegsodm,7yx5dqhhphyvfisohikodajhv,Brentford FC,Brentford,Brentford,BRE,513418.0,178.0,2.0,40.0,20.0,50.0,23.0,9.0,39.13,0.0,0.0,0.0,0.0,0.0,0.0,Kevin,Schade,2001-11-27,24.78,94.0,7.0,Midfielder,Winger,1h3mduwlaf89ebwtqxuegsodm,7yx5dqhhphyvfisohikodajhv,Brentford FC,Brentford,Brentford,BRE,513418,1h3mduwlaf89ebwtqxuegsodm,94,7yx5dqhhphyvfisohikodajhv
Kieran Dowell,171270.0,0.0,0.0,0.0,0.0,0.0,0.0,0.0,0.0,0.0,Kieran,Dowell,1997-10-10,28.92,88.0,26.0,Midfielder,Attacking Midfielder,171270,f0figafm2v9h8ofo6slajj7xf,Hull City AFC,Hull City,Hull,HUL,0.0,0.0,0.0,0.0,0.0,0.0,0.0,0.0,0.0,0.0,0.0,0.0,0.0,0.0,0.0,0.0,0.0,0.0,0.0,0.0,0.0,,,,,,,,,,171270.0,0.0,0.0,0.0,0.0,0.0,0.0,0.0,0.0,0.0,0.0,Kieran,Dowell,1997-10-10,28.92,88.0,26.0,Midfielder,Attacking Midfielder,171270,f0figafm2v9h8ofo6slajj7xf,Hull City AFC,Hull City,Hull,HUL,171270.0,0.0,0.0,0.0,0.0,0.0,0.0,0.0,0.0,0.0,0.0,0.0,0.0,0.0,0.0,Kieran,Dowell,1997-10-10,28.92,88.0,26.0,Midfielder,Attacking Midfielder,171270,f0figafm2v9h8ofo6slajj7xf,Hull City AFC,Hull City,Hull,HUL,171270,171270,88,f0figafm2v9h8ofo6slajj7xf
Kiernan Dewsbury-Hall,215413.0,2.0,179.0,1.0,0.18,0.82,5.0,2.0,20.0,0.04,Kiernan,Dewsbury-Hall,1998-09-06,28.01,11.0,8.0,Midfielder,Central Midfielder,2bkp1lcaxmvwoanxwo0775cdl,ehd2iemqmschhj2ec0vayztzz,Everton FC,Everton,Everton,EVE,33.0,577.509,25.0,455.175,2.0,1.0,2.0,0.0,17.5,18.207,5.0,0.0,12.0,0.0,1.0,19.0,10.0,52.632,1.0,0.0,0.0,,,,,,,,,,215413.0,179.0,2.0,6.0,4.0,6.35,33.33,0.327,0.189,0.0,0.0,Kiernan,Dewsbury-Hall,1998-09-06,28.01,11.0,8.0,Midfielder,Central Midfielder,2bkp1lcaxmvwoanxwo0775cdl,ehd2iemqmschhj2ec0vayztzz,Everton FC,Everton,Everton,EVE,215413.0,179.0,2.0,69.0,57.0,82.61,36.0,28.0,77.78,4.0,1.0,25.0,1.0,0.0,0.0,Kiernan,Dewsbury-Hall,1998-09-06,28.01,11.0,8.0,Midfielder,Central Midfielder,2bkp1lcaxmvwoanxwo0775cdl,ehd2iemqmschhj2ec0vayztzz,Everton FC,Everton,Everton,EVE,215413,2bkp1lcaxmvwoanxwo0775cdl,11,ehd2iemqmschhj2ec0vayztzz
Kjell Scherpen,,,,,,,,,,,,,,,,,,,,,,,,,,,,,,,,,,,,,,,,,,,,,,180.0,100.0,1.0,6.0,8.0,57.14,0.04,1.0,5.04,,,,,,,,,,,,,,,,,,,,,,,,,,,,,,,,,,,,,,,,,,,,,,,,,,,,,,,240514,84yhv0iilunn0vllz1r5fe7l5,40,8b523ujgl21tbc01me65q0aoh
Kobbie Mainoo,516895.0,2.0,103.0,0.0,0.21,-0.21,4.0,0.0,0.0,0.05,Kobbie,Mainoo,2005-04-19,21.39,1.0,37.0,Midfielder,Central Midfielder,cgm6zre07l5qauif32jtfqsk4,6eqit8ye8aomdsrrq0hk3v7gh,Manchester United FC,Manchester United,Man Utd,MUN,29.0,325.825,18.0,170.73,0.0,0.0,0.0,0.0,11.235,9.485,3.0,2.0,11.0,0.0,0.0,12.0,9.0,75.0,2.0,1.0,50.0,,,,,,,,,,516895.0,103.0,2.0,0.0,0.0,0.0,0.0,0.283,0.282,0.0,0.0,Kobbie,Mainoo,2005-04-19,21.39,1.0,37.0,Midfielder,Central Midfielder,cgm6zre07l5qauif32jtfqsk4,6eqit8ye8aomdsrrq0hk3v7gh,Manchester United FC,Manchester United,Man Utd,MUN,516895.0,103.0,2.0,81.0,72.0,88.89,26.0,21.0,80.77,1.0,0.0,0.0,1.0,1.0,100.0,Kobbie,Mainoo,2005-04-19,21.39,1.0,37.0,Midfielder,Central Midfielder,cgm6zre07l5qauif32jtfqsk4,6eqit8ye8aomdsrrq0hk3v7gh,Manchester United FC,Manchester United,Man Utd,MUN,516895,cgm6zre07l5qauif32jtfqsk4,1,6eqit8ye8aomdsrrq0hk3v7gh
Konstantinos Tzolakis,,,,,,,,,,,,,,,,,,,,,,,,,,,,,,,,,,,,,,,,,,,,,,180.0,100.0,0.0,0.0,8.0,100.0,1.92,0.0,1.92,,,,,,,,,,,,,,,,,,,,,,,,,,,,,,,,,,,,,,,,,,,,,,,,,,,,,,,473284,gw2711y9bgq4w80ntfqvv88a,88,f0figafm2v9h8ofo6slajj7xf
Kostas Tsimikas,214285.0,1.0,19.0,0.0,0.04,-0.04,1.0,1.0,0.0,0.04,Kostas,Tsimikas,1996-05-12,30.33,14.0,21.0,Defender,Full Back,3kwkd3b95n8qzqtq4idxav45x,c8h9bw1l82s06h77xxrelzhur,Liverpool FC,Liverpool,Liverpool,LIV,4.0,32.885,3.0,15.225,0.0,0.0,0.0,0.0,8.221,5.075,0.0,0.0,0.0,0.0,0.0,2.0,0.0,0.0,0.0,0.0,0.0,,,,,,,,,,214285.0,19.0,1.0,0.0,0.0,0.0,0.0,0.005,0.005,0.0,0.0,Kostas,Tsimikas,1996-05-12,30.33,14.0,21.0,Defender,Full Back,3kwkd3b95n8qzqtq4idxav45x,c8h9bw1l82s06h77xxrelzhur,Liverpool FC,Liverpool,Liverpool,LIV,214285.0,19.0,1.0,13.0,13.0,100.0,5.0,5.0,100.0,1.0,0.0,0.0,0.0,0.0,0.0,Kostas,Tsimikas,1996-05-12,30.33,14.0,21.0,Defender,Full Back,3kwkd3b95n8qzqtq4idxav45x,c8h9bw1l82s06h77xxrelzhur,Liverpool FC,Liverpool,Liverpool,LIV,214285,3kwkd3b95n8qzqtq4idxav45x,14,c8h9bw1l82s06h77xxrelzhur
Kristoffer Ajer,191866.0,2.0,180.0,0.0,0.11,-0.11,1.0,1.0,0.0,0.11,Kristoffer,Ajer,1998-04-17,28.4,94.0,20.0,Defender,Central Defender,32bvxwhceid2xdcfx6cd8a8d1,7yx5dqhhphyvfisohikodajhv,Brentford FC,Brentford,Brentford,BRE,18.0,211.852,9.0,113.61,0.0,0.0,1.0,0.0,11.77,12.623,2.0,2.0,5.0,2.0,21.0,7.0,3.0,42.857,13.0,10.0,76.923,,,,,,,,,,191866.0,180.0,2.0,2.0,2.0,3.17,0.0,0.026,0.026,0.0,0.0,Kristoffer,Ajer,1998-04-17,28.4,94.0,20.0,Defender,Central Defender,32bvxwhceid2xdcfx6cd8a8d1,7yx5dqhhphyvfisohikodajhv,Brentford FC,Brentford,Brentford,BRE,191866.0,180.0,2.0,66.0,53.0,80.3,16.0,10.0,62.5,0.0,0.0,0.0,0.0,0.0,0.0,Kristoffer,Ajer,1998-04-17,28.4,94.0,20.0,Defender,Central Defender,32bvxwhceid2xdcfx6cd8a8d1,7yx5dqhhphyvfisohikodajhv,Brentford FC,Brentford,Brentford,BRE,191866,32bvxwhceid2xdcfx6cd8a8d1,94,7yx5dqhhphyvfisohikodajhv
Lamare Bogarde,515597.0,1.0,16.0,0.0,0.0,0.0,0.0,0.0,0.0,0.0,Lamare,Bogarde,2004-01-05,22.68,7.0,26.0,Midfielder,Central Defender,9jj7t00bb5zflz78nlz3bvllg,b496gs285it6bheuikox6z9mj,Aston Villa FC,Aston Villa,Villa,AVL,0.0,0.0,0.0,0.0,0.0,0.0,0.0,0.0,0.0,0.0,0.0,0.0,0.0,0.0,1.0,0.0,0.0,0.0,2.0,1.0,50.0,,,,,,,,,,515597.0,16.0,1.0,0.0,0.0,0.0,0.0,0.002,0.002,0.0,0.0,Lamare,Bogarde,2004-01-05,22.68,7.0,26.0,Midfielder,Central Defender,9jj7t00bb5zflz78nlz3bvllg,b496gs285it6bheuikox6z9mj,Aston Villa FC,Aston Villa,Villa,AVL,515597.0,16.0,1.0,2.0,2.0,100.0,2.0,2.0,100.0,0.0,0.0,0.0,0.0,0.0,0.0,Lamare,Bogarde,2004-01-05,22.68,7.0,26.0,Midfielder,Central Defender,9jj7t00bb5zflz78nlz3bvllg,b496gs285it6bheuikox6z9mj,Aston Villa FC,Aston Villa,Villa,AVL,515597,9jj7t00bb5zflz78nlz3bvllg,7,b496gs285it6bheuikox6z9mj
Leif Davis,455084.0,2.0,180.0,1.0,0.54,0.46,2.0,2.0,50.0,0.27,Leif,Davis,1999-12-31,26.69,40.0,3.0,Defender,Full Back,a9352zsh3xr7rcxs0jmho7o8a,8b523ujgl21tbc01me65q0aoh,Ipswich Town FC,Ipswich Town,Ipswich,IPS,13.0,150.486,7.0,81.27,0.0,0.0,0.0,0.0,11.576,11.61,0.0,2.0,5.0,2.0,7.0,5.0,1.0,20.0,2.0,2.0,100.0,,,,,,,,,,455084.0,180.0,2.0,1.0,1.0,1.92,0.0,0.136,0.136,0.0,0.0,Leif,Davis,1999-12-31,26.69,40.0,3.0,Defender,Full Back,a9352zsh3xr7rcxs0jmho7o8a,8b523ujgl21tbc01me65q0aoh,Ipswich Town FC,Ipswich Town,Ipswich,IPS,455084.0,180.0,2.0,54.0,43.0,79.63,16.0,12.0,75.0,2.0,0.0,0.0,1.0,1.0,100.0,Leif,Davis,1999-12-31,26.69,40.0,3.0,Defender,Full Back,a9352zsh3xr7rcxs0jmho7o8a,8b523ujgl21tbc01me65q0aoh,Ipswich Town FC,Ipswich Town,Ipswich,IPS,455084,a9352zsh3xr7rcxs0jmho7o8a,40,8b523ujgl21tbc01me65q0aoh
Leny Yoro,550864.0,1.0,16.0,0.0,0.0,0.0,0.0,0.0,0.0,0.0,Leny,Yoro,2005-11-13,20.82,1.0,15.0,Defender,Central Defender,6q793p9lurdevqmetgoke54wk,6eqit8ye8aomdsrrq0hk3v7gh,Manchester United FC,Manchester United,Man Utd,MUN,8.0,156.878,6.0,139.965,0.0,0.0,0.0,0.0,19.61,23.328,0.0,2.0,1.0,0.0,0.0,2.0,0.0,0.0,1.0,0.0,0.0,,,,,,,,,,550864.0,16.0,1.0,0.0,0.0,0.0,0.0,0.008,0.008,0.0,0.0,Leny,Yoro,2005-11-13,20.82,1.0,15.0,Defender,Central Defender,6q793p9lurdevqmetgoke54wk,6eqit8ye8aomdsrrq0hk3v7gh,Manchester United FC,Manchester United,Man Utd,MUN,550864.0,16.0,1.0,18.0,17.0,94.44,7.0,6.0,85.71,0.0,0.0,0.0,0.0,0.0,0.0,Leny,Yoro,2005-11-13,20.82,1.0,15.0,Defender,Central Defender,6q793p9lurdevqmetgoke54wk,6eqit8ye8aomdsrrq0hk3v7gh,Manchester United FC,Manchester United,Man Utd,MUN,550864,6q793p9lurdevqmetgoke54wk,1,6eqit8ye8aomdsrrq0hk3v7gh
Leo Shahar,553746.0,0.0,0.0,0.0,0.0,0.0,0.0,0.0,0.0,0.0,Leo,Shahar,2007-03-18,19.48,4.0,51.0,Defender,Full Back,553746,7vn2i2kd35zuetw6b38gw9jsz,Newcastle United FC,Newcastle United,Newcastle,NEW,0.0,0.0,0.0,0.0,0.0,0.0,0.0,0.0,0.0,0.0,0.0,0.0,0.0,0.0,0.0,0.0,0.0,0.0,0.0,0.0,0.0,,,,,,,,,,553746.0,0.0,0.0,0.0,0.0,0.0,0.0,0.0,0.0,0.0,0.0,Leo,Shahar,2007-03-18,19.48,4.0,51.0,Defender,Full Back,553746,7vn2i2kd35zuetw6b38gw9jsz,Newcastle United FC,Newcastle United,Newcastle,NEW,553746.0,0.0,0.0,0.0,0.0,0.0,0.0,0.0,0.0,0.0,0.0,0.0,0.0,0.0,0.0,Leo,Shahar,2007-03-18,19.48,4.0,51.0,Defender,Full Back,553746,7vn2i2kd35zuetw6b38gw9jsz,Newcastle United FC,Newcastle United,Newcastle,NEW,553746,553746,4,7vn2i2kd35zuetw6b38gw9jsz
Levi Colwill,460028.0,2.0,162.0,0.0,0.01,-0.01,1.0,0.0,0.0,0.01,Levi,Colwill,2003-02-26,23.53,8.0,6.0,Defender,Central Defender,573hlc6devy50gjotyav9ql4a,9q0arba2kbnywth8bkxlhgmdr,Chelsea FC,Chelsea,Chelsea,CHE,11.0,78.092,4.0,20.16,0.0,0.0,0.0,0.0,7.099,5.04,3.0,2.0,5.0,0.0,8.0,6.0,5.0,83.333,7.0,4.0,57.143,,,,,,,,,,460028.0,162.0,2.0,0.0,0.0,0.0,0.0,0.03,0.029,0.0,0.0,Levi,Colwill,2003-02-26,23.53,8.0,6.0,Defender,Central Defender,573hlc6devy50gjotyav9ql4a,9q0arba2kbnywth8bkxlhgmdr,Chelsea FC,Chelsea,Chelsea,CHE,460028.0,162.0,2.0,51.0,41.0,80.39,7.0,4.0,57.14,0.0,0.0,0.0,0.0,0.0,0.0,Levi,Colwill,2003-02-26,23.53,8.0,6.0,Defender,Central Defender,573hlc6devy50gjotyav9ql4a,9q0arba2kbnywth8bkxlhgmdr,Chelsea FC,Chelsea,Chelsea,CHE,460028,573hlc6devy50gjotyav9ql4a,8,9q0arba2kbnywth8bkxlhgmdr
Lewie Coyle,193278.0,2.0,115.0,0.0,0.0,0.0,0.0,0.0,0.0,0.0,Lewie,Coyle,1995-10-15,30.91,88.0,2.0,Defender,Full Back,3oye5gz9f1wsjihq9ygx4doet,f0figafm2v9h8ofo6slajj7xf,Hull City AFC,Hull City,Hull,HUL,10.0,77.422,6.0,34.86,0.0,0.0,1.0,0.0,7.742,5.81,1.0,1.0,4.0,0.0,4.0,7.0,5.0,71.429,4.0,2.0,50.0,,,,,,,,,,193278.0,115.0,2.0,1.0,1.0,3.57,0.0,0.009,0.008,0.0,0.0,Lewie,Coyle,1995-10-15,30.91,88.0,2.0,Defender,Full Back,3oye5gz9f1wsjihq9ygx4doet,f0figafm2v9h8ofo6slajj7xf,Hull City AFC,Hull City,Hull,HUL,193278.0,115.0,2.0,32.0,24.0,75.0,12.0,7.0,58.33,2.0,0.0,0.0,0.0,0.0,0.0,Lewie,Coyle,1995-10-15,30.91,88.0,2.0,Defender,Full Back,3oye5gz9f1wsjihq9ygx4doet,f0figafm2v9h8ofo6slajj7xf,Hull City AFC,Hull City,Hull,HUL,193278,3oye5gz9f1wsjihq9ygx4doet,88,f0figafm2v9h8ofo6slajj7xf
Lewis Cook,155408.0,2.0,144.0,0.0,0.0,0.0,0.0,0.0,0.0,0.0,Lewis,Cook,1997-02-03,29.6,91.0,4.0,Midfielder,Central Midfielder,djelmk2oafas355n2u0d1bumt,1pse9ta7a45pi2w2grjim70ge,AFC Bournemouth,Bournemouth,Bournemouth,BOU,12.0,135.684,5.0,34.965,0.0,0.0,0.0,0.0,11.307,6.993,1.0,2.0,5.0,0.0,1.0,5.0,1.0,20.0,5.0,4.0,80.0,,,,,,,,,,155408.0,144.0,2.0,1.0,1.0,1.56,0.0,0.013,0.013,0.0,0.0,Lewis,Cook,1997-02-03,29.6,91.0,4.0,Midfielder,Central Midfielder,djelmk2oafas355n2u0d1bumt,1pse9ta7a45pi2w2grjim70ge,AFC Bournemouth,Bournemouth,Bournemouth,BOU,155408.0,144.0,2.0,66.0,58.0,87.88,7.0,4.0,57.14,0.0,0.0,0.0,0.0,0.0,0.0,Lewis,Cook,1997-02-03,29.6,91.0,4.0,Midfielder,Central Midfielder,djelmk2oafas355n2u0d1bumt,1pse9ta7a45pi2w2grjim70ge,AFC Bournemouth,Bournemouth,Bournemouth,BOU,155408,djelmk2oafas355n2u0d1bumt,91,1pse9ta7a45pi2w2grjim70ge
Lewis Dunk,83299.0,2.0,180.0,0.0,0.0,0.0,0.0,0.0,0.0,0.0,Lewis,Dunk,1991-11-21,34.81,36.0,5.0,Defender,Central Defender,jagvvzc7329tf2c64mnc251,e5p0ehyguld7egzhiedpdnc3w,Brighton & Hove Albion FC,Brighton & Hove Albion,Brighton,BHA,46.0,453.977,26.0,237.93,0.0,0.0,0.0,0.0,9.869,9.151,2.0,1.0,6.0,1.0,1.0,8.0,4.0,50.0,5.0,2.0,40.0,,,,,,,,,,83299.0,180.0,2.0,0.0,0.0,0.0,0.0,0.048,0.048,0.0,0.0,Lewis,Dunk,1991-11-21,34.81,36.0,5.0,Defender,Central Defender,jagvvzc7329tf2c64mnc251,e5p0ehyguld7egzhiedpdnc3w,Brighton & Hove Albion FC,Brighton & Hove Albion,Brighton,BHA,83299.0,180.0,2.0,213.0,200.0,93.9,41.0,33.0,80.49,2.0,0.0,0.0,0.0,0.0,0.0,Lewis,Dunk,1991-11-21,34.81,36.0,5.0,Defender,Central Defender,jagvvzc7329tf2c64mnc251,e5p0ehyguld7egzhiedpdnc3w,Brighton & Hove Albion FC,Brighton & Hove Albion,Brighton,BHA,83299,jagvvzc7329tf2c64mnc251,36,e5p0ehyguld7egzhiedpdnc3w
Lewis Hall,487838.0,2.0,180.0,0.0,0.03,-0.03,1.0,0.0,0.0,0.03,Lewis,Hall,2004-09-08,22.0,4.0,3.0,Defender,Full Back,8i46yzejeiwdmz0tywmy42o2y,7vn2i2kd35zuetw6b38gw9jsz,Newcastle United FC,Newcastle United,Newcastle,NEW,20.0,299.851,12.0,175.455,0.0,0.0,0.0,0.0,14.993,14.621,7.0,3.0,14.0,3.0,9.0,17.0,11.0,64.706,3.0,1.0,33.333,,,,,,,,,,487838.0,180.0,2.0,2.0,1.0,1.72,50.0,0.662,0.628,0.0,0.0,Lewis,Hall,2004-09-08,22.0,4.0,3.0,Defender,Full Back,8i46yzejeiwdmz0tywmy42o2y,7vn2i2kd35zuetw6b38gw9jsz,Newcastle United FC,Newcastle United,Newcastle,NEW,487838.0,180.0,2.0,61.0,47.0,77.05,18.0,12.0,66.67,2.0,2.0,100.0,1.0,1.0,100.0,Lewis,Hall,2004-09-08,22.0,4.0,3.0,Defender,Full Back,8i46yzejeiwdmz0tywmy42o2y,7vn2i2kd35zuetw6b38gw9jsz,Newcastle United FC,Newcastle United,Newcastle,NEW,487838,8i46yzejeiwdmz0tywmy42o2y,4,7vn2i2kd35zuetw6b38gw9jsz
Lewis Koumas,514514.0,1.0,12.0,0.0,0.03,-0.03,1.0,0.0,0.0,0.03,Lewis,Koumas,2005-09-19,20.97,14.0,67.0,Forward,0,bsnrrlvlht03c86wvaok0uuj8,c8h9bw1l82s06h77xxrelzhur,Liverpool FC,Liverpool,Liverpool,LIV,2.0,66.276,2.0,63.63,1.0,0.0,0.0,0.0,33.138,31.815,0.0,0.0,1.0,0.0,0.0,1.0,1.0,100.0,1.0,0.0,0.0,,,,,,,,,,514514.0,12.0,1.0,0.0,0.0,0.0,0.0,0.005,0.005,0.0,0.0,Lewis,Koumas,2005-09-19,20.97,14.0,67.0,Forward,0,bsnrrlvlht03c86wvaok0uuj8,c8h9bw1l82s06h77xxrelzhur,Liverpool FC,Liverpool,Liverpool,LIV,514514.0,12.0,1.0,3.0,2.0,66.67,3.0,2.0,66.67,0.0,0.0,0.0,0.0,0.0,0.0,Lewis,Koumas,2005-09-19,20.97,14.0,67.0,Forward,0,bsnrrlvlht03c86wvaok0uuj8,c8h9bw1l82s06h77xxrelzhur,Liverpool FC,Liverpool,Liverpool,LIV,514514,bsnrrlvlht03c86wvaok0uuj8,14,c8h9bw1l82s06h77xxrelzhur
Lewis Miley,547719.0,2.0,166.0,0.0,0.05,-0.05,1.0,0.0,0.0,0.05,Lewis,Miley,2006-05-01,20.36,4.0,67.0,Midfielder,0,552xyc766gp97a5zu8tcx4xzo,7vn2i2kd35zuetw6b38gw9jsz,Newcastle United FC,Newcastle United,Newcastle,NEW,19.0,206.239,10.0,84.735,0.0,0.0,0.0,0.0,10.855,8.474,1.0,2.0,12.0,1.0,6.0,8.0,5.0,62.5,4.0,3.0,75.0,,,,,,,,,,547719.0,166.0,2.0,3.0,3.0,3.45,0.0,0.05,0.05,0.0,0.0,Lewis,Miley,2006-05-01,20.36,4.0,67.0,Midfielder,0,552xyc766gp97a5zu8tcx4xzo,7vn2i2kd35zuetw6b38gw9jsz,Newcastle United FC,Newcastle United,Newcastle,NEW,547719.0,166.0,2.0,90.0,78.0,86.67,19.0,13.0,68.42,0.0,0.0,0.0,0.0,0.0,0.0,Lewis,Miley,2006-05-01,20.36,4.0,67.0,Midfielder,0,552xyc766gp97a5zu8tcx4xzo,7vn2i2kd35zuetw6b38gw9jsz,Newcastle United FC,Newcastle United,Newcastle,NEW,547719,552xyc766gp97a5zu8tcx4xzo,4,7vn2i2kd35zuetw6b38gw9jsz
Liam Delap,463034.0,1.0,24.0,0.0,0.07,-0.07,1.0,0.0,0.0,0.07,Liam,Delap,2003-02-08,23.58,17.0,19.0,Forward,Striker,5jk0wq14a8emikh2vh53aw0ve,1qtaiy11gswx327s0vkibf70n,Nottingham Forest FC,Nottingham Forest,Forest,NFO,6.0,66.098,3.0,35.28,1.0,0.0,0.0,0.0,11.016,11.76,0.0,0.0,0.0,0.0,0.0,5.0,2.0,40.0,2.0,0.0,0.0,,,,,,,,,,463034.0,24.0,1.0,1.0,0.0,0.0,100.0,0.003,0.0,0.0,0.0,Liam,Delap,2003-02-08,23.58,17.0,19.0,Forward,Striker,5jk0wq14a8emikh2vh53aw0ve,1qtaiy11gswx327s0vkibf70n,Nottingham Forest FC,Nottingham Forest,Forest,NFO,463034.0,24.0,1.0,4.0,2.0,50.0,1.0,0.0,0.0,0.0,0.0,0.0,0.0,0.0,0.0,Liam,Delap,2003-02-08,23.58,17.0,19.0,Forward,Striker,5jk0wq14a8emikh2vh53aw0ve,1qtaiy11gswx327s0vkibf70n,Nottingham Forest FC,Nottingham Forest,Forest,NFO,463034,5jk0wq14a8emikh2vh53aw0ve,17,1qtaiy11gswx327s0vkibf70n
Liam Kitching,436761.0,0.0,0.0,0.0,0.0,0.0,0.0,0.0,0.0,0.0,Liam,Kitching,1999-09-25,26.96,9.0,15.0,Defender,Central Defender,436761,dacoc20k0n3fxu4zek8wufmko,Coventry City FC,Coventry City,Coventry,COV,0.0,0.0,0.0,0.0,0.0,0.0,0.0,0.0,0.0,0.0,0.0,0.0,0.0,0.0,0.0,0.0,0.0,0.0,0.0,0.0,0.0,,,,,,,,,,436761.0,0.0,0.0,0.0,0.0,0.0,0.0,0.0,0.0,0.0,0.0,Liam,Kitching,1999-09-25,26.96,9.0,15.0,Defender,Central Defender,436761,dacoc20k0n3fxu4zek8wufmko,Coventry City FC,Coventry City,Coventry,COV,436761.0,0.0,0.0,0.0,0.0,0.0,0.0,0.0,0.0,0.0,0.0,0.0,0.0,0.0,0.0,Liam,Kitching,1999-09-25,26.96,9.0,15.0,Defender,Central Defender,436761,dacoc20k0n3fxu4zek8wufmko,Coventry City FC,Coventry City,Coventry,COV,436761,436761,9,dacoc20k0n3fxu4zek8wufmko
Liam Millar,232905.0,2.0,50.0,1.0,0.58,0.42,3.0,1.0,33.33,0.19,Liam,Millar,1999-09-27,26.95,88.0,7.0,Forward,Winger,11brjfbwv1v5jvz5rleiob5k9,f0figafm2v9h8ofo6slajj7xf,Hull City AFC,Hull City,Hull,HUL,5.0,124.185,4.0,102.48,2.0,1.0,0.0,0.0,24.837,25.62,1.0,0.0,1.0,1.0,1.0,5.0,2.0,40.0,1.0,0.0,0.0,,,,,,,,,,232905.0,50.0,2.0,0.0,0.0,0.0,0.0,0.005,0.005,0.0,0.0,Liam,Millar,1999-09-27,26.95,88.0,7.0,Forward,Winger,11brjfbwv1v5jvz5rleiob5k9,f0figafm2v9h8ofo6slajj7xf,Hull City AFC,Hull City,Hull,HUL,232905.0,50.0,2.0,10.0,6.0,60.0,7.0,4.0,57.14,0.0,0.0,0.0,0.0,0.0,0.0,Liam,Millar,1999-09-27,26.95,88.0,7.0,Forward,Winger,11brjfbwv1v5jvz5rleiob5k9,f0figafm2v9h8ofo6slajj7xf,Hull City AFC,Hull City,Hull,HUL,232905,11brjfbwv1v5jvz5rleiob5k9,88,f0figafm2v9h8ofo6slajj7xf
Lisandro Martínez,221820.0,1.0,90.0,0.0,0.03,-0.03,1.0,0.0,0.0,0.03,Lisandro,Martínez,1998-01-18,28.64,1.0,6.0,Defender,Central Defender,b17tkj4ea4jld8yupekcolall,6eqit8ye8aomdsrrq0hk3v7gh,Manchester United FC,Manchester United,Man Utd,MUN,22.0,219.054,15.0,110.25,1.0,0.0,0.0,0.0,9.957,7.35,0.0,0.0,6.0,0.0,0.0,1.0,0.0,0.0,4.0,3.0,75.0,,,,,,,,,,221820.0,90.0,1.0,0.0,0.0,0.0,0.0,0.057,0.057,0.0,0.0,Lisandro,Martínez,1998-01-18,28.64,1.0,6.0,Defender,Central Defender,b17tkj4ea4jld8yupekcolall,6eqit8ye8aomdsrrq0hk3v7gh,Manchester United FC,Manchester United,Man Utd,MUN,221820.0,90.0,1.0,92.0,83.0,90.22,10.0,7.0,70.0,0.0,0.0,0.0,0.0,0.0,0.0,Lisandro,Martínez,1998-01-18,28.64,1.0,6.0,Defender,Central Defender,b17tkj4ea4jld8yupekcolall,6eqit8ye8aomdsrrq0hk3v7gh,Manchester United FC,Manchester United,Man Utd,MUN,221820,b17tkj4ea4jld8yupekcolall,1,6eqit8ye8aomdsrrq0hk3v7gh
Loum Tchaouna,469272.0,2.0,141.0,0.0,0.09,-0.09,3.0,0.0,0.0,0.03,Loum,Tchaouna,2003-09-08,23.0,9.0,18.0,Forward,Winger,97nqu0mjr4ulkoiqn3y6nsmzu,dacoc20k0n3fxu4zek8wufmko,Coventry City FC,Coventry City,Coventry,COV,16.0,228.703,9.0,124.215,2.0,0.0,0.0,0.0,14.294,13.802,1.0,0.0,8.0,0.0,5.0,8.0,4.0,50.0,3.0,2.0,66.667,,,,,,,,,,469272.0,141.0,2.0,1.0,1.0,1.92,0.0,0.156,0.156,0.0,0.0,Loum,Tchaouna,2003-09-08,23.0,9.0,18.0,Forward,Winger,97nqu0mjr4ulkoiqn3y6nsmzu,dacoc20k0n3fxu4zek8wufmko,Coventry City FC,Coventry City,Coventry,COV,469272.0,141.0,2.0,52.0,39.0,75.0,22.0,14.0,63.64,7.0,1.0,14.29,0.0,0.0,0.0,Loum,Tchaouna,2003-09-08,23.0,9.0,18.0,Forward,Winger,97nqu0mjr4ulkoiqn3y6nsmzu,dacoc20k0n3fxu4zek8wufmko,Coventry City FC,Coventry City,Coventry,COV,469272,97nqu0mjr4ulkoiqn3y6nsmzu,9,dacoc20k0n3fxu4zek8wufmko
Luc De Fougerolles,547686.0,0.0,0.0,0.0,0.0,0.0,0.0,0.0,0.0,0.0,Luc,De Fougerolles,2005-10-12,20.91,54.0,44.0,Defender,Full Back,547686,hzqh7z0mdl3v7gwete66syxp,Fulham FC,Fulham,Fulham,FUL,0.0,0.0,0.0,0.0,0.0,0.0,0.0,0.0,0.0,0.0,0.0,0.0,0.0,0.0,0.0,0.0,0.0,0.0,0.0,0.0,0.0,,,,,,,,,,547686.0,0.0,0.0,0.0,0.0,0.0,0.0,0.0,0.0,0.0,0.0,Luc,De Fougerolles,2005-10-12,20.91,54.0,44.0,Defender,Full Back,547686,hzqh7z0mdl3v7gwete66syxp,Fulham FC,Fulham,Fulham,FUL,547686.0,0.0,0.0,0.0,0.0,0.0,0.0,0.0,0.0,0.0,0.0,0.0,0.0,0.0,0.0,Luc,De Fougerolles,2005-10-12,20.91,54.0,44.0,Defender,Full Back,547686,hzqh7z0mdl3v7gwete66syxp,Fulham FC,Fulham,Fulham,FUL,547686,547686,54,hzqh7z0mdl3v7gwete66syxp
Luca Netz,470315.0,2.0,20.0,0.0,0.0,0.0,0.0,0.0,0.0,0.0,Luca,Netz,2003-05-15,23.32,17.0,25.0,Defender,Full Back,22zaq3o78o5feeogqdsvig02y,1qtaiy11gswx327s0vkibf70n,Nottingham Forest FC,Nottingham Forest,Forest,NFO,0.0,0.0,0.0,0.0,0.0,0.0,0.0,0.0,0.0,0.0,1.0,0.0,1.0,0.0,0.0,3.0,1.0,33.333,0.0,0.0,0.0,,,,,,,,,,470315.0,20.0,2.0,0.0,0.0,0.0,0.0,0.005,0.005,0.0,0.0,Luca,Netz,2003-05-15,23.32,17.0,25.0,Defender,Full Back,22zaq3o78o5feeogqdsvig02y,1qtaiy11gswx327s0vkibf70n,Nottingham Forest FC,Nottingham Forest,Forest,NFO,470315.0,20.0,2.0,10.0,7.0,70.0,6.0,4.0,66.67,0.0,0.0,0.0,0.0,0.0,0.0,Luca,Netz,2003-05-15,23.32,17.0,25.0,Defender,Full Back,22zaq3o78o5feeogqdsvig02y,1qtaiy11gswx327s0vkibf70n,Nottingham Forest FC,Nottingham Forest,Forest,NFO,470315,22zaq3o78o5feeogqdsvig02y,17,1qtaiy11gswx327s0vkibf70n
Luca Williams-Barnett,611917.0,0.0,0.0,0.0,0.0,0.0,0.0,0.0,0.0,0.0,Luca,Williams-Barnett,2008-10-01,17.93,6.0,68.0,Midfielder,Attacking Midfielder,611917,22doj4sgsocqpxw45h607udje,Tottenham Hotspur FC,Tottenham Hotspur,Spurs,TOT,0.0,0.0,0.0,0.0,0.0,0.0,0.0,0.0,0.0,0.0,0.0,0.0,0.0,0.0,0.0,0.0,0.0,0.0,0.0,0.0,0.0,,,,,,,,,,611917.0,0.0,0.0,0.0,0.0,0.0,0.0,0.0,0.0,0.0,0.0,Luca,Williams-Barnett,2008-10-01,17.93,6.0,68.0,Midfielder,Attacking Midfielder,611917,22doj4sgsocqpxw45h607udje,Tottenham Hotspur FC,Tottenham Hotspur,Spurs,TOT,611917.0,0.0,0.0,0.0,0.0,0.0,0.0,0.0,0.0,0.0,0.0,0.0,0.0,0.0,0.0,Luca,Williams-Barnett,2008-10-01,17.93,6.0,68.0,Midfielder,Attacking Midfielder,611917,22doj4sgsocqpxw45h607udje,Tottenham Hotspur FC,Tottenham Hotspur,Spurs,TOT,611917,611917,6,22doj4sgsocqpxw45h607udje
Lucas Bergvall,570526.0,1.0,45.0,0.0,0.0,0.0,0.0,0.0,0.0,0.0,Lucas,Bergvall,2006-02-02,20.6,6.0,15.0,Midfielder,Central Midfielder,7pk2vyumro8ku45aar5dw7dw4,22doj4sgsocqpxw45h607udje,Tottenham Hotspur FC,Tottenham Hotspur,Spurs,TOT,6.0,80.846,5.0,71.61,0.0,0.0,0.0,0.0,13.474,14.322,1.0,0.0,7.0,0.0,0.0,4.0,2.0,50.0,0.0,0.0,0.0,,,,,,,,,,570526.0,45.0,1.0,0.0,0.0,0.0,0.0,0.012,0.012,0.0,0.0,Lucas,Bergvall,2006-02-02,20.6,6.0,15.0,Midfielder,Central Midfielder,7pk2vyumro8ku45aar5dw7dw4,22doj4sgsocqpxw45h607udje,Tottenham Hotspur FC,Tottenham Hotspur,Spurs,TOT,570526.0,45.0,1.0,20.0,18.0,90.0,7.0,5.0,71.43,1.0,0.0,0.0,0.0,0.0,0.0,Lucas,Bergvall,2006-02-02,20.6,6.0,15.0,Midfielder,Central Midfielder,7pk2vyumro8ku45aar5dw7dw4,22doj4sgsocqpxw45h607udje,Tottenham Hotspur FC,Tottenham Hotspur,Spurs,TOT,570526,7pk2vyumro8ku45aar5dw7dw4,6,22doj4sgsocqpxw45h607udje
Lucas Gourna-Douath,469266.0,1.0,45.0,0.0,0.0,0.0,0.0,0.0,0.0,0.0,Lucas,Gourna-Douath,2003-08-05,23.1,88.0,29.0,Midfielder,Defensive Midfielder,j0zbfr4wa3dovkgo55o6xilm,f0figafm2v9h8ofo6slajj7xf,Hull City AFC,Hull City,Hull,HUL,3.0,20.638,1.0,12.6,0.0,0.0,0.0,0.0,6.879,12.6,3.0,0.0,2.0,1.0,0.0,8.0,4.0,50.0,1.0,1.0,100.0,,,,,,,,,,469266.0,45.0,1.0,0.0,0.0,0.0,0.0,0.01,0.01,0.0,0.0,Lucas,Gourna-Douath,2003-08-05,23.1,88.0,29.0,Midfielder,Defensive Midfielder,j0zbfr4wa3dovkgo55o6xilm,f0figafm2v9h8ofo6slajj7xf,Hull City AFC,Hull City,Hull,HUL,469266.0,45.0,1.0,15.0,10.0,66.67,4.0,3.0,75.0,0.0,0.0,0.0,0.0,0.0,0.0,Lucas,Gourna-Douath,2003-08-05,23.1,88.0,29.0,Midfielder,Defensive Midfielder,j0zbfr4wa3dovkgo55o6xilm,f0figafm2v9h8ofo6slajj7xf,Hull City AFC,Hull City,Hull,HUL,469266,j0zbfr4wa3dovkgo55o6xilm,88,f0figafm2v9h8ofo6slajj7xf
Lucas Herrington,597462.0,2.0,57.0,0.0,0.0,0.0,0.0,0.0,0.0,0.0,Lucas,Herrington,2007-09-05,19.01,88.0,22.0,Defender,Central Defender,mmfx7i96rntv049enlwym8es,f0figafm2v9h8ofo6slajj7xf,Hull City AFC,Hull City,Hull,HUL,1.0,7.968,1.0,7.56,0.0,0.0,0.0,0.0,7.968,7.56,0.0,0.0,0.0,0.0,5.0,0.0,0.0,0.0,3.0,3.0,100.0,,,,,,,,,,597462.0,57.0,2.0,0.0,0.0,0.0,0.0,0.001,0.001,0.0,0.0,Lucas,Herrington,2007-09-05,19.01,88.0,22.0,Defender,Central Defender,mmfx7i96rntv049enlwym8es,f0figafm2v9h8ofo6slajj7xf,Hull City AFC,Hull City,Hull,HUL,597462.0,57.0,2.0,13.0,11.0,84.62,2.0,1.0,50.0,0.0,0.0,0.0,0.0,0.0,0.0,Lucas,Herrington,2007-09-05,19.01,88.0,22.0,Defender,Central Defender,mmfx7i96rntv049enlwym8es,f0figafm2v9h8ofo6slajj7xf,Hull City AFC,Hull City,Hull,HUL,597462,mmfx7i96rntv049enlwym8es,88,f0figafm2v9h8ofo6slajj7xf
Luka Lynch,571380.0,0.0,0.0,0.0,0.0,0.0,0.0,0.0,0.0,0.0,Luka,Lynch,2007-01-11,19.66,7.0,74.0,Forward,Winger,571380,b496gs285it6bheuikox6z9mj,Aston Villa FC,Aston Villa,Villa,AVL,0.0,0.0,0.0,0.0,0.0,0.0,0.0,0.0,0.0,0.0,0.0,0.0,0.0,0.0,0.0,0.0,0.0,0.0,0.0,0.0,0.0,,,,,,,,,,571380.0,0.0,0.0,0.0,0.0,0.0,0.0,0.0,0.0,0.0,0.0,Luka,Lynch,2007-01-11,19.66,7.0,74.0,Forward,Winger,571380,b496gs285it6bheuikox6z9mj,Aston Villa FC,Aston Villa,Villa,AVL,571380.0,0.0,0.0,0.0,0.0,0.0,0.0,0.0,0.0,0.0,0.0,0.0,0.0,0.0,0.0,Luka,Lynch,2007-01-11,19.66,7.0,74.0,Forward,Winger,571380,b496gs285it6bheuikox6z9mj,Aston Villa FC,Aston Villa,Villa,AVL,571380,571380,7,b496gs285it6bheuikox6z9mj
Luka Vuskovic,610799.0,2.0,180.0,0.0,0.16,-0.16,4.0,0.0,0.0,0.04,Luka,Vuskovic,2007-02-24,19.54,36.0,44.0,Defender,Central Defender,81qmlg0ttijhkywm55ejdr40k,e5p0ehyguld7egzhiedpdnc3w,Brighton & Hove Albion FC,Brighton & Hove Albion,Brighton,BHA,55.0,543.357,29.0,308.91,1.0,0.0,0.0,0.0,9.879,10.652,1.0,0.0,5.0,1.0,10.0,5.0,1.0,20.0,13.0,9.0,69.231,,,,,,,,,,610799.0,180.0,2.0,0.0,0.0,0.0,0.0,0.051,0.051,0.0,0.0,Luka,Vuskovic,2007-02-24,19.54,36.0,44.0,Defender,Central Defender,81qmlg0ttijhkywm55ejdr40k,e5p0ehyguld7egzhiedpdnc3w,Brighton & Hove Albion FC,Brighton & Hove Albion,Brighton,BHA,610799.0,180.0,2.0,198.0,186.0,93.94,34.0,28.0,82.35,0.0,0.0,0.0,2.0,0.0,0.0,Luka,Vuskovic,2007-02-24,19.54,36.0,44.0,Defender,Central Defender,81qmlg0ttijhkywm55ejdr40k,e5p0ehyguld7egzhiedpdnc3w,Brighton & Hove Albion FC,Brighton & Hove Albion,Brighton,BHA,610799,81qmlg0ttijhkywm55ejdr40k,36,e5p0ehyguld7egzhiedpdnc3w
Lukas Nmecha,174594.0,1.0,21.0,0.0,0.1,-0.1,1.0,0.0,0.0,0.1,Lukas,Nmecha,1998-12-14,27.74,2.0,14.0,Forward,Striker,embn1jhcly07i6pjcvcdiavo5,48gk2hpqtsl6p9sx9kjhaydq4,Leeds United FC,Leeds United,Leeds,LEE,5.0,49.443,4.0,35.49,1.0,0.0,0.0,0.0,9.889,8.872,0.0,0.0,1.0,0.0,0.0,3.0,2.0,66.667,1.0,0.0,0.0,,,,,,,,,,174594.0,21.0,1.0,2.0,2.0,33.33,0.0,0.002,0.002,1.0,1.0,Lukas,Nmecha,1998-12-14,27.74,2.0,14.0,Forward,Striker,embn1jhcly07i6pjcvcdiavo5,48gk2hpqtsl6p9sx9kjhaydq4,Leeds United FC,Leeds United,Leeds,LEE,174594.0,21.0,1.0,3.0,2.0,66.67,2.0,1.0,50.0,2.0,0.0,0.0,0.0,0.0,0.0,Lukas,Nmecha,1998-12-14,27.74,2.0,14.0,Forward,Striker,embn1jhcly07i6pjcvcdiavo5,48gk2hpqtsl6p9sx9kjhaydq4,Leeds United FC,Leeds United,Leeds,LEE,174594,embn1jhcly07i6pjcvcdiavo5,2,48gk2hpqtsl6p9sx9kjhaydq4
Luke O'Nien,167512.0,1.0,67.0,0.0,0.01,-0.01,1.0,0.0,0.0,0.01,Luke,O'Nien,1994-11-21,31.81,56.0,13.0,Midfielder,Central Midfielder,4o48qpaaxvvvbjuxjeshj85hx,1r3545b2dzan8yqa80gtmcjch,Sunderland AFC,Sunderland,Sunderland,SUN,11.0,113.789,6.0,62.055,0.0,0.0,0.0,0.0,10.344,10.342,1.0,0.0,4.0,1.0,3.0,6.0,2.0,33.333,0.0,0.0,0.0,,,,,,,,,,167512.0,67.0,1.0,0.0,0.0,0.0,0.0,0.007,0.006,0.0,0.0,Luke,O'Nien,1994-11-21,31.81,56.0,13.0,Midfielder,Central Midfielder,4o48qpaaxvvvbjuxjeshj85hx,1r3545b2dzan8yqa80gtmcjch,Sunderland AFC,Sunderland,Sunderland,SUN,167512.0,67.0,1.0,55.0,48.0,87.27,9.0,6.0,66.67,2.0,0.0,0.0,0.0,0.0,0.0,Luke,O'Nien,1994-11-21,31.81,56.0,13.0,Midfielder,Central Midfielder,4o48qpaaxvvvbjuxjeshj85hx,1r3545b2dzan8yqa80gtmcjch,Sunderland AFC,Sunderland,Sunderland,SUN,167512,4o48qpaaxvvvbjuxjeshj85hx,56,1r3545b2dzan8yqa80gtmcjch
Luke Shaw,106760.0,2.0,163.0,0.0,0.0,0.0,0.0,0.0,0.0,0.0,Luke,Shaw,1995-07-12,31.17,1.0,23.0,Defender,Full Back,7uxt9a7t22ij4reg1uire5uqd,6eqit8ye8aomdsrrq0hk3v7gh,Manchester United FC,Manchester United,Man Utd,MUN,13.0,170.481,12.0,155.19,0.0,0.0,1.0,0.0,13.114,12.932,5.0,3.0,5.0,0.0,4.0,9.0,5.0,55.556,5.0,4.0,80.0,,,,,,,,,,106760.0,163.0,2.0,4.0,4.0,3.74,0.0,0.276,0.276,0.0,0.0,Luke,Shaw,1995-07-12,31.17,1.0,23.0,Defender,Full Back,7uxt9a7t22ij4reg1uire5uqd,6eqit8ye8aomdsrrq0hk3v7gh,Manchester United FC,Manchester United,Man Utd,MUN,106760.0,163.0,2.0,107.0,90.0,84.11,42.0,32.0,76.19,6.0,3.0,50.0,0.0,0.0,0.0,Luke,Shaw,1995-07-12,31.17,1.0,23.0,Defender,Full Back,7uxt9a7t22ij4reg1uire5uqd,6eqit8ye8aomdsrrq0hk3v7gh,Manchester United FC,Manchester United,Man Utd,MUN,106760,7uxt9a7t22ij4reg1uire5uqd,1,6eqit8ye8aomdsrrq0hk3v7gh
Lukás Hornícek,,,,,,,,,,,,,,,,,,,,,,,,,,,,,,,,,,,,,,,,,,,,,,180.0,100.0,0.0,2.0,9.0,81.82,1.87,1.5,3.87,,,,,,,,,,,,,,,,,,,,,,,,,,,,,,,,,,,,,,,,,,,,,,,,,,,,,,,470551,6zc6cs596hufgbhu6jv3g2o2y,4,7vn2i2kd35zuetw6b38gw9jsz
Macauley Zepa,616069.0,0.0,0.0,0.0,0.0,0.0,0.0,0.0,0.0,0.0,Macauley,Zepa,2008-07-07,18.17,54.0,35.0,Forward,0,616069,hzqh7z0mdl3v7gwete66syxp,Fulham FC,Fulham,Fulham,FUL,0.0,0.0,0.0,0.0,0.0,0.0,0.0,0.0,0.0,0.0,0.0,0.0,0.0,0.0,0.0,0.0,0.0,0.0,0.0,0.0,0.0,,,,,,,,,,616069.0,0.0,0.0,0.0,0.0,0.0,0.0,0.0,0.0,0.0,0.0,Macauley,Zepa,2008-07-07,18.17,54.0,35.0,Forward,0,616069,hzqh7z0mdl3v7gwete66syxp,Fulham FC,Fulham,Fulham,FUL,616069.0,0.0,0.0,0.0,0.0,0.0,0.0,0.0,0.0,0.0,0.0,0.0,0.0,0.0,0.0,Macauley,Zepa,2008-07-07,18.17,54.0,35.0,Forward,0,616069,hzqh7z0mdl3v7gwete66syxp,Fulham FC,Fulham,Fulham,FUL,616069,616069,54,hzqh7z0mdl3v7gwete66syxp
Malick Thiaw,465642.0,2.0,180.0,0.0,0.0,0.0,0.0,0.0,0.0,0.0,Malick,Thiaw,2001-08-08,25.09,4.0,12.0,Defender,0,cfpaejad8i9p2r1fj0wx0g222,7vn2i2kd35zuetw6b38gw9jsz,Newcastle United FC,Newcastle United,Newcastle,NEW,23.0,270.396,18.0,196.98,0.0,0.0,0.0,0.0,11.756,10.943,0.0,0.0,3.0,6.0,12.0,6.0,2.0,33.333,9.0,6.0,66.667,,,,,,,,,,465642.0,180.0,2.0,0.0,0.0,0.0,0.0,0.016,0.016,0.0,0.0,Malick,Thiaw,2001-08-08,25.09,4.0,12.0,Defender,0,cfpaejad8i9p2r1fj0wx0g222,7vn2i2kd35zuetw6b38gw9jsz,Newcastle United FC,Newcastle United,Newcastle,NEW,465642.0,180.0,2.0,68.0,52.0,76.47,11.0,5.0,45.45,0.0,0.0,0.0,0.0,0.0,0.0,Malick,Thiaw,2001-08-08,25.09,4.0,12.0,Defender,0,cfpaejad8i9p2r1fj0wx0g222,7vn2i2kd35zuetw6b38gw9jsz,Newcastle United FC,Newcastle United,Newcastle,NEW,465642,cfpaejad8i9p2r1fj0wx0g222,4,7vn2i2kd35zuetw6b38gw9jsz
Malick Yalcouyé,611695.0,2.0,78.0,1.0,0.7,0.3,2.0,2.0,50.0,0.35,Malick,Yalcouyé,2005-11-18,20.81,36.0,35.0,Midfielder,Central Midfielder,1n4yo2riltjwcxdyu20jiaxhw,e5p0ehyguld7egzhiedpdnc3w,Brighton & Hove Albion FC,Brighton & Hove Albion,Brighton,BHA,14.0,124.942,6.0,45.675,0.0,0.0,1.0,0.0,8.924,7.612,3.0,0.0,2.0,0.0,2.0,9.0,7.0,77.778,0.0,0.0,0.0,,,,,,,,,,611695.0,78.0,2.0,1.0,1.0,2.33,0.0,0.166,0.166,0.0,0.0,Malick,Yalcouyé,2005-11-18,20.81,36.0,35.0,Midfielder,Central Midfielder,1n4yo2riltjwcxdyu20jiaxhw,e5p0ehyguld7egzhiedpdnc3w,Brighton & Hove Albion FC,Brighton & Hove Albion,Brighton,BHA,611695.0,78.0,2.0,45.0,40.0,88.89,19.0,14.0,73.68,2.0,0.0,0.0,1.0,1.0,100.0,Malick,Yalcouyé,2005-11-18,20.81,36.0,35.0,Midfielder,Central Midfielder,1n4yo2riltjwcxdyu20jiaxhw,e5p0ehyguld7egzhiedpdnc3w,Brighton & Hove Albion FC,Brighton & Hove Albion,Brighton,BHA,611695,1n4yo2riltjwcxdyu20jiaxhw,36,e5p0ehyguld7egzhiedpdnc3w
Malo Gusto,482609.0,2.0,166.0,0.0,0.0,0.0,0.0,0.0,0.0,0.0,Malo,Gusto,2003-05-19,23.31,8.0,27.0,Defender,Full Back,8jt4vsixxoqp4uvskyfl7k222,9q0arba2kbnywth8bkxlhgmdr,Chelsea FC,Chelsea,Chelsea,CHE,12.0,122.014,5.0,40.95,0.0,0.0,0.0,0.0,10.168,8.19,2.0,2.0,7.0,0.0,4.0,8.0,3.0,37.5,4.0,3.0,75.0,,,,,,,,,,482609.0,166.0,2.0,0.0,0.0,0.0,0.0,0.043,0.042,0.0,0.0,Malo,Gusto,2003-05-19,23.31,8.0,27.0,Defender,Full Back,8jt4vsixxoqp4uvskyfl7k222,9q0arba2kbnywth8bkxlhgmdr,Chelsea FC,Chelsea,Chelsea,CHE,482609.0,166.0,2.0,36.0,26.0,72.22,12.0,8.0,66.67,4.0,2.0,50.0,0.0,0.0,0.0,Malo,Gusto,2003-05-19,23.31,8.0,27.0,Defender,Full Back,8jt4vsixxoqp4uvskyfl7k222,9q0arba2kbnywth8bkxlhgmdr,Chelsea FC,Chelsea,Chelsea,CHE,482609,8jt4vsixxoqp4uvskyfl7k222,8,9q0arba2kbnywth8bkxlhgmdr
Mamadou Sangaré,513545.0,2.0,166.0,0.0,0.27,-0.27,4.0,1.0,0.0,0.07,Mamadou,Sangaré,2002-06-26,24.21,94.0,18.0,Midfielder,Central Midfielder,cngitl9unybpxpdle1nlc5qms,7yx5dqhhphyvfisohikodajhv,Brentford FC,Brentford,Brentford,BRE,19.0,169.17,8.0,92.505,0.0,0.0,0.0,0.0,8.904,11.563,6.0,5.0,12.0,1.0,3.0,21.0,11.0,52.381,3.0,1.0,33.333,,,,,,,,,,513545.0,166.0,2.0,4.0,4.0,3.33,0.0,0.358,0.358,1.0,1.0,Mamadou,Sangaré,2002-06-26,24.21,94.0,18.0,Midfielder,Central Midfielder,cngitl9unybpxpdle1nlc5qms,7yx5dqhhphyvfisohikodajhv,Brentford FC,Brentford,Brentford,BRE,513545.0,166.0,2.0,91.0,70.0,76.92,34.0,23.0,67.65,2.0,0.0,0.0,0.0,0.0,0.0,Mamadou,Sangaré,2002-06-26,24.21,94.0,18.0,Midfielder,Central Midfielder,cngitl9unybpxpdle1nlc5qms,7yx5dqhhphyvfisohikodajhv,Brentford FC,Brentford,Brentford,BRE,513545,cngitl9unybpxpdle1nlc5qms,94,7yx5dqhhphyvfisohikodajhv
Marc Guéhi,209036.0,2.0,180.0,1.0,0.89,0.11,2.0,1.0,50.0,0.45,Marc,Guéhi,2000-07-13,26.16,43.0,6.0,Defender,Central Defender,9ipux4xiejibplsbbhqz8d5gp,a3nyxabgsqlnqfkeg41m6tnpp,Manchester City FC,Manchester City,Man City,MCI,44.0,437.305,20.0,158.13,0.0,0.0,0.0,0.0,9.939,7.906,3.0,2.0,8.0,0.0,4.0,11.0,8.0,72.727,6.0,5.0,83.333,,,,,,,,,,209036.0,180.0,2.0,2.0,2.0,1.2,0.0,0.358,0.357,0.0,0.0,Marc,Guéhi,2000-07-13,26.16,43.0,6.0,Defender,Central Defender,9ipux4xiejibplsbbhqz8d5gp,a3nyxabgsqlnqfkeg41m6tnpp,Manchester City FC,Manchester City,Man City,MCI,209036.0,180.0,2.0,174.0,169.0,97.13,51.0,48.0,94.12,0.0,0.0,0.0,0.0,0.0,0.0,Marc,Guéhi,2000-07-13,26.16,43.0,6.0,Defender,Central Defender,9ipux4xiejibplsbbhqz8d5gp,a3nyxabgsqlnqfkeg41m6tnpp,Manchester City FC,Manchester City,Man City,MCI,209036,9ipux4xiejibplsbbhqz8d5gp,43,a3nyxabgsqlnqfkeg41m6tnpp
Marcelino Núñez,501390.0,2.0,142.0,0.0,0.03,-0.03,1.0,0.0,0.0,0.03,Marcelino,Núñez,2000-03-01,26.53,40.0,32.0,Midfielder,Central Midfielder,46zgunubdbe82ow2md0xf6o2y,8b523ujgl21tbc01me65q0aoh,Ipswich Town FC,Ipswich Town,Ipswich,IPS,16.0,142.216,3.0,1.995,0.0,0.0,0.0,0.0,8.888,0.665,3.0,1.0,10.0,2.0,4.0,12.0,5.0,41.667,0.0,0.0,0.0,,,,,,,,,,501390.0,142.0,2.0,1.0,1.0,1.43,0.0,0.056,0.046,0.0,0.0,Marcelino,Núñez,2000-03-01,26.53,40.0,32.0,Midfielder,Central Midfielder,46zgunubdbe82ow2md0xf6o2y,8b523ujgl21tbc01me65q0aoh,Ipswich Town FC,Ipswich Town,Ipswich,IPS,501390.0,142.0,2.0,70.0,61.0,87.14,19.0,14.0,73.68,1.0,0.0,0.0,0.0,0.0,0.0,Marcelino,Núñez,2000-03-01,26.53,40.0,32.0,Midfielder,Central Midfielder,46zgunubdbe82ow2md0xf6o2y,8b523ujgl21tbc01me65q0aoh,Ipswich Town FC,Ipswich Town,Ipswich,IPS,501390,46zgunubdbe82ow2md0xf6o2y,40,8b523ujgl21tbc01me65q0aoh
Marco Bizot,,,,,,,,,,,,,,,,,,,,,,,,,,,,,,,,,,,,,,,,,,,,,,180.0,50.0,1.0,4.0,3.0,42.86,0.59,1.0,3.59,,,,,,,,,,,,,,,,,,,,,,,,,,,,,,,,,,,,,,,,,,,,,,,,,,,,,,,72147,7h2icfuwy00ilm14dw5xyl5g5,7,b496gs285it6bheuikox6z9mj
Marcos Senesi,221466.0,1.0,90.0,0.0,0.0,0.0,0.0,0.0,0.0,0.0,Marcos,Senesi,1997-05-10,29.34,6.0,5.0,Defender,Central Defender,95pzsjfh0wf6isp6qpf9lddyh,22doj4sgsocqpxw45h607udje,Tottenham Hotspur FC,Tottenham Hotspur,Spurs,TOT,12.0,95.397,5.0,21.735,0.0,0.0,0.0,0.0,7.95,4.347,5.0,1.0,2.0,2.0,8.0,11.0,8.0,72.727,9.0,4.0,44.444,,,,,,,,,,221466.0,90.0,1.0,0.0,0.0,0.0,0.0,0.02,0.02,0.0,0.0,Marcos,Senesi,1997-05-10,29.34,6.0,5.0,Defender,Central Defender,95pzsjfh0wf6isp6qpf9lddyh,22doj4sgsocqpxw45h607udje,Tottenham Hotspur FC,Tottenham Hotspur,Spurs,TOT,221466.0,90.0,1.0,83.0,75.0,90.36,10.0,9.0,90.0,0.0,0.0,0.0,0.0,0.0,0.0,Marcos,Senesi,1997-05-10,29.34,6.0,5.0,Defender,Central Defender,95pzsjfh0wf6isp6qpf9lddyh,22doj4sgsocqpxw45h607udje,Tottenham Hotspur FC,Tottenham Hotspur,Spurs,TOT,221466,95pzsjfh0wf6isp6qpf9lddyh,6,22doj4sgsocqpxw45h607udje
Marcus Rashford,176297.0,2.0,125.0,0.0,0.26,-0.26,4.0,2.0,0.0,0.06,Marcus,Rashford,1997-10-31,28.86,1.0,9.0,Forward,Second Striker,604osk9a3lxpfpkavuziqmn6x,6eqit8ye8aomdsrrq0hk3v7gh,Manchester United FC,Manchester United,Man Utd,MUN,20.0,246.555,12.0,125.055,0.0,0.0,4.0,0.0,12.328,10.421,3.0,0.0,4.0,0.0,0.0,13.0,9.0,69.231,2.0,0.0,0.0,,,,,,,,,,176297.0,125.0,2.0,7.0,7.0,12.96,0.0,0.143,0.143,0.0,0.0,Marcus,Rashford,1997-10-31,28.86,1.0,9.0,Forward,Second Striker,604osk9a3lxpfpkavuziqmn6x,6eqit8ye8aomdsrrq0hk3v7gh,Manchester United FC,Manchester United,Man Utd,MUN,176297.0,125.0,2.0,55.0,43.0,78.18,29.0,18.0,62.07,6.0,1.0,16.67,0.0,0.0,0.0,Marcus,Rashford,1997-10-31,28.86,1.0,9.0,Forward,Second Striker,604osk9a3lxpfpkavuziqmn6x,6eqit8ye8aomdsrrq0hk3v7gh,Manchester United FC,Manchester United,Man Utd,MUN,176297,604osk9a3lxpfpkavuziqmn6x,1,6eqit8ye8aomdsrrq0hk3v7gh
Marcus Tavernier,201658.0,2.0,180.0,1.0,0.49,0.51,4.0,1.0,25.0,0.12,Marcus,Tavernier,1999-03-22,27.47,91.0,16.0,Midfielder,Winger,b3gobhr43y8oxpafvp4f8rgmh,1pse9ta7a45pi2w2grjim70ge,AFC Bournemouth,Bournemouth,Bournemouth,BOU,22.0,291.104,12.0,104.265,1.0,0.0,1.0,0.0,13.232,8.689,6.0,0.0,10.0,0.0,3.0,21.0,11.0,52.381,3.0,2.0,66.667,,,,,,,,,,201658.0,180.0,2.0,3.0,1.0,1.47,66.67,0.285,0.061,0.0,0.0,Marcus,Tavernier,1999-03-22,27.47,91.0,16.0,Midfielder,Winger,b3gobhr43y8oxpafvp4f8rgmh,1pse9ta7a45pi2w2grjim70ge,AFC Bournemouth,Bournemouth,Bournemouth,BOU,201658.0,180.0,2.0,69.0,58.0,84.06,22.0,17.0,77.27,3.0,1.0,33.33,0.0,0.0,0.0,Marcus,Tavernier,1999-03-22,27.47,91.0,16.0,Midfielder,Winger,b3gobhr43y8oxpafvp4f8rgmh,1pse9ta7a45pi2w2grjim70ge,AFC Bournemouth,Bournemouth,Bournemouth,BOU,201658,b3gobhr43y8oxpafvp4f8rgmh,91,1pse9ta7a45pi2w2grjim70ge
Martin Ødegaard,184029.0,2.0,147.0,1.0,0.28,0.72,4.0,1.0,25.0,0.07,Martin,Ødegaard,1998-12-17,27.73,3.0,8.0,Midfielder,Attacking Midfielder,b1lcxeihx8z6pfv1jef4j5jh1,4dsgumo7d4zupm2ugsvm4zm4d,Arsenal FC,Arsenal,Arsenal,ARS,35.0,383.963,13.0,118.965,0.0,0.0,1.0,0.0,10.97,9.151,5.0,0.0,5.0,0.0,3.0,9.0,6.0,66.667,2.0,0.0,0.0,,,,,,,,,,184029.0,147.0,2.0,3.0,3.0,3.13,0.0,0.17,0.156,0.0,0.0,Martin,Ødegaard,1998-12-17,27.73,3.0,8.0,Midfielder,Attacking Midfielder,b1lcxeihx8z6pfv1jef4j5jh1,4dsgumo7d4zupm2ugsvm4zm4d,Arsenal FC,Arsenal,Arsenal,ARS,184029.0,147.0,2.0,100.0,93.0,93.0,45.0,38.0,84.44,3.0,0.0,0.0,1.0,0.0,0.0,Martin,Ødegaard,1998-12-17,27.73,3.0,8.0,Midfielder,Attacking Midfielder,b1lcxeihx8z6pfv1jef4j5jh1,4dsgumo7d4zupm2ugsvm4zm4d,Arsenal FC,Arsenal,Arsenal,ARS,184029,b1lcxeihx8z6pfv1jef4j5jh1,3,4dsgumo7d4zupm2ugsvm4zm4d
Martín Zubimendi,481655.0,2.0,27.0,0.0,0.0,0.0,0.0,0.0,0.0,0.0,Martín,Zubimendi,1999-02-02,27.6,3.0,36.0,Midfielder,Defensive Midfielder,80aqmv4ht6rs1812qrr5j8kix,4dsgumo7d4zupm2ugsvm4zm4d,Arsenal FC,Arsenal,Arsenal,ARS,8.0,87.354,3.0,21.105,0.0,0.0,0.0,0.0,10.919,7.035,3.0,0.0,2.0,0.0,0.0,3.0,3.0,100.0,1.0,0.0,0.0,,,,,,,,,,481655.0,27.0,2.0,0.0,0.0,0.0,0.0,0.021,0.021,0.0,0.0,Martín,Zubimendi,1999-02-02,27.6,3.0,36.0,Midfielder,Defensive Midfielder,80aqmv4ht6rs1812qrr5j8kix,4dsgumo7d4zupm2ugsvm4zm4d,Arsenal FC,Arsenal,Arsenal,ARS,481655.0,27.0,2.0,37.0,34.0,91.89,10.0,9.0,90.0,0.0,0.0,0.0,0.0,0.0,0.0,Martín,Zubimendi,1999-02-02,27.6,3.0,36.0,Midfielder,Defensive Midfielder,80aqmv4ht6rs1812qrr5j8kix,4dsgumo7d4zupm2ugsvm4zm4d,Arsenal FC,Arsenal,Arsenal,ARS,481655,80aqmv4ht6rs1812qrr5j8kix,3,4dsgumo7d4zupm2ugsvm4zm4d
Mateo Kovacic,91651.0,2.0,42.0,0.0,0.0,0.0,0.0,0.0,0.0,0.0,Mateo,Kovacic,1994-05-06,32.35,43.0,8.0,Midfielder,Central Midfielder,ehopba709zukxj4vgcync942d,a3nyxabgsqlnqfkeg41m6tnpp,Manchester City FC,Manchester City,Man City,MCI,17.0,167.234,5.0,-4.83,0.0,0.0,0.0,0.0,9.837,-0.966,0.0,0.0,2.0,0.0,0.0,2.0,0.0,0.0,1.0,1.0,100.0,,,,,,,,,,91651.0,0.0,0.0,0.0,0.0,0.0,0.0,0.0,0.0,0.0,0.0,Mateo,Kovacic,1994-05-06,32.35,43.0,8.0,Midfielder,Central Midfielder,ehopba709zukxj4vgcync942d,a3nyxabgsqlnqfkeg41m6tnpp,Manchester City FC,Manchester City,Man City,MCI,91651.0,0.0,0.0,0.0,0.0,0.0,0.0,0.0,0.0,0.0,0.0,0.0,0.0,0.0,0.0,Mateo,Kovacic,1994-05-06,32.35,43.0,8.0,Midfielder,Central Midfielder,ehopba709zukxj4vgcync942d,a3nyxabgsqlnqfkeg41m6tnpp,Manchester City FC,Manchester City,Man City,MCI,91651,ehopba709zukxj4vgcync942d,43,a3nyxabgsqlnqfkeg41m6tnpp
Mateus Fernandes,551226.0,2.0,135.0,0.0,0.01,-0.01,1.0,0.0,0.0,0.01,Mateus Gonçalo,Espanha Fernandes,2004-07-10,22.16,6.0,18.0,Midfielder,Central Midfielder,d6tc895jr5kkxotydz2jcjx1w,22doj4sgsocqpxw45h607udje,Tottenham Hotspur FC,Tottenham Hotspur,Spurs,TOT,23.0,245.934,10.0,49.665,0.0,0.0,2.0,0.0,10.693,4.966,4.0,0.0,6.0,0.0,0.0,10.0,5.0,50.0,2.0,1.0,50.0,,,,,,,,,,551226.0,135.0,2.0,5.0,4.0,4.82,20.0,0.226,0.155,0.0,0.0,Mateus Gonçalo,Espanha Fernandes,2004-07-10,22.16,6.0,18.0,Midfielder,Central Midfielder,d6tc895jr5kkxotydz2jcjx1w,22doj4sgsocqpxw45h607udje,Tottenham Hotspur FC,Tottenham Hotspur,Spurs,TOT,551226.0,135.0,2.0,92.0,88.0,95.65,29.0,28.0,96.55,4.0,1.0,25.0,0.0,0.0,0.0,Mateus Gonçalo,Espanha Fernandes,2004-07-10,22.16,6.0,18.0,Midfielder,Central Midfielder,d6tc895jr5kkxotydz2jcjx1w,22doj4sgsocqpxw45h607udje,Tottenham Hotspur FC,Tottenham Hotspur,Spurs,TOT,551226,d6tc895jr5kkxotydz2jcjx1w,6,22doj4sgsocqpxw45h607udje
Matheus Cunha,430871.0,2.0,160.0,0.0,0.35,-0.35,5.0,2.0,0.0,0.07,Matheus,Santos Carneiro da Cunha,1999-05-27,27.29,1.0,10.0,Forward,Second Striker,9rm3r46uzxlmuqnp0jo4danhm,6eqit8ye8aomdsrrq0hk3v7gh,Manchester United FC,Manchester United,Man Utd,MUN,18.0,284.462,9.0,151.83,0.0,0.0,2.0,1.0,15.803,16.87,0.0,0.0,5.0,0.0,0.0,10.0,3.0,30.0,4.0,0.0,0.0,,,,,,,,,,430871.0,160.0,2.0,4.0,4.0,6.12,0.0,0.364,0.364,1.0,1.0,Matheus,Santos Carneiro da Cunha,1999-05-27,27.29,1.0,10.0,Forward,Second Striker,9rm3r46uzxlmuqnp0jo4danhm,6eqit8ye8aomdsrrq0hk3v7gh,Manchester United FC,Manchester United,Man Utd,MUN,430871.0,160.0,2.0,49.0,46.0,93.88,27.0,25.0,92.59,4.0,0.0,0.0,2.0,2.0,100.0,Matheus,Santos Carneiro da Cunha,1999-05-27,27.29,1.0,10.0,Forward,Second Striker,9rm3r46uzxlmuqnp0jo4danhm,6eqit8ye8aomdsrrq0hk3v7gh,Manchester United FC,Manchester United,Man Utd,MUN,430871,9rm3r46uzxlmuqnp0jo4danhm,1,6eqit8ye8aomdsrrq0hk3v7gh
Matheus Nunes,465351.0,1.0,33.0,0.0,0.0,0.0,0.0,0.0,0.0,0.0,Matheus Luiz,Nunes,1998-08-27,28.04,43.0,27.0,Midfielder,Central Midfielder,3trkre1c81pzretsjsi8jk6sq,a3nyxabgsqlnqfkeg41m6tnpp,Manchester City FC,Manchester City,Man City,MCI,4.0,89.072,3.0,51.135,0.0,0.0,0.0,0.0,22.268,17.045,0.0,0.0,2.0,0.0,1.0,1.0,1.0,100.0,0.0,0.0,0.0,,,,,,,,,,465351.0,33.0,1.0,0.0,0.0,0.0,0.0,0.041,0.041,0.0,0.0,Matheus Luiz,Nunes,1998-08-27,28.04,43.0,27.0,Midfielder,Central Midfielder,3trkre1c81pzretsjsi8jk6sq,a3nyxabgsqlnqfkeg41m6tnpp,Manchester City FC,Manchester City,Man City,MCI,465351.0,33.0,1.0,23.0,20.0,86.96,7.0,7.0,100.0,2.0,0.0,0.0,0.0,0.0,0.0,Matheus Luiz,Nunes,1998-08-27,28.04,43.0,27.0,Midfielder,Central Midfielder,3trkre1c81pzretsjsi8jk6sq,a3nyxabgsqlnqfkeg41m6tnpp,Manchester City FC,Manchester City,Man City,MCI,465351,3trkre1c81pzretsjsi8jk6sq,43,a3nyxabgsqlnqfkeg41m6tnpp
Mathias Jensen,207283.0,1.0,67.0,0.0,0.08,-0.08,2.0,1.0,0.0,0.04,Mathias,Jensen,1996-01-01,30.69,94.0,8.0,Midfielder,Central Midfielder,dtol82tjlq48bs0s70sisguz9,7yx5dqhhphyvfisohikodajhv,Brentford FC,Brentford,Brentford,BRE,7.0,54.032,2.0,16.275,1.0,0.0,1.0,0.0,7.719,8.137,2.0,0.0,3.0,0.0,0.0,7.0,2.0,28.571,1.0,0.0,0.0,,,,,,,,,,207283.0,67.0,1.0,3.0,1.0,4.0,66.67,0.338,0.269,0.0,0.0,Mathias,Jensen,1996-01-01,30.69,94.0,8.0,Midfielder,Central Midfielder,dtol82tjlq48bs0s70sisguz9,7yx5dqhhphyvfisohikodajhv,Brentford FC,Brentford,Brentford,BRE,207283.0,67.0,1.0,27.0,26.0,96.3,9.0,9.0,100.0,3.0,1.0,33.33,0.0,0.0,0.0,Mathias,Jensen,1996-01-01,30.69,94.0,8.0,Midfielder,Central Midfielder,dtol82tjlq48bs0s70sisguz9,7yx5dqhhphyvfisohikodajhv,Brentford FC,Brentford,Brentford,BRE,207283,dtol82tjlq48bs0s70sisguz9,94,7yx5dqhhphyvfisohikodajhv
Mathys Tel,511499.0,2.0,158.0,0.0,0.2,-0.2,5.0,1.0,0.0,0.04,Mathys,Tel,2005-04-27,21.37,6.0,11.0,Forward,0,cv1d56d42wujfuc4kt6bn53x0,22doj4sgsocqpxw45h607udje,Tottenham Hotspur FC,Tottenham Hotspur,Spurs,TOT,43.0,507.318,27.0,290.43,3.0,0.0,2.0,0.0,11.798,10.757,1.0,0.0,9.0,0.0,1.0,22.0,8.0,36.364,3.0,1.0,33.333,,,,,,,,,,511499.0,158.0,2.0,2.0,2.0,3.57,0.0,0.092,0.087,0.0,0.0,Mathys,Tel,2005-04-27,21.37,6.0,11.0,Forward,0,cv1d56d42wujfuc4kt6bn53x0,22doj4sgsocqpxw45h607udje,Tottenham Hotspur FC,Tottenham Hotspur,Spurs,TOT,511499.0,158.0,2.0,58.0,49.0,84.48,40.0,35.0,87.5,4.0,0.0,0.0,0.0,0.0,0.0,Mathys,Tel,2005-04-27,21.37,6.0,11.0,Forward,0,cv1d56d42wujfuc4kt6bn53x0,22doj4sgsocqpxw45h607udje,Tottenham Hotspur FC,Tottenham Hotspur,Spurs,TOT,511499,cv1d56d42wujfuc4kt6bn53x0,6,22doj4sgsocqpxw45h607udje
Mats Wieffer,467779.0,2.0,158.0,0.0,0.12,-0.12,2.0,0.0,0.0,0.06,Mats,Wieffer,1999-11-16,26.82,36.0,27.0,Midfielder,Defensive Midfielder,672cwl9zj2d6lce6jda350vvu,e5p0ehyguld7egzhiedpdnc3w,Brighton & Hove Albion FC,Brighton & Hove Albion,Brighton,BHA,20.0,174.169,10.0,57.015,0.0,0.0,0.0,0.0,8.708,5.702,4.0,6.0,9.0,2.0,2.0,15.0,9.0,60.0,8.0,4.0,50.0,,,,,,,,,,467779.0,158.0,2.0,2.0,2.0,1.87,0.0,0.134,0.133,0.0,0.0,Mats,Wieffer,1999-11-16,26.82,36.0,27.0,Midfielder,Defensive Midfielder,672cwl9zj2d6lce6jda350vvu,e5p0ehyguld7egzhiedpdnc3w,Brighton & Hove Albion FC,Brighton & Hove Albion,Brighton,BHA,467779.0,158.0,2.0,109.0,99.0,90.83,31.0,28.0,90.32,5.0,1.0,20.0,0.0,0.0,0.0,Mats,Wieffer,1999-11-16,26.82,36.0,27.0,Midfielder,Defensive Midfielder,672cwl9zj2d6lce6jda350vvu,e5p0ehyguld7egzhiedpdnc3w,Brighton & Hove Albion FC,Brighton & Hove Albion,Brighton,BHA,467779,672cwl9zj2d6lce6jda350vvu,36,e5p0ehyguld7egzhiedpdnc3w
Matt Crooks,101282.0,1.0,90.0,0.0,0.0,0.0,0.0,0.0,0.0,0.0,Matt,Crooks,1994-01-20,32.64,88.0,25.0,Midfielder,Central Midfielder,al2o9s4x633kg6mveprla1ped,f0figafm2v9h8ofo6slajj7xf,Hull City AFC,Hull City,Hull,HUL,5.0,43.895,3.0,20.475,0.0,0.0,0.0,0.0,8.779,6.825,4.0,0.0,1.0,2.0,2.0,10.0,5.0,50.0,3.0,3.0,100.0,,,,,,,,,,101282.0,90.0,1.0,0.0,0.0,0.0,0.0,0.004,0.004,0.0,0.0,Matt,Crooks,1994-01-20,32.64,88.0,25.0,Midfielder,Central Midfielder,al2o9s4x633kg6mveprla1ped,f0figafm2v9h8ofo6slajj7xf,Hull City AFC,Hull City,Hull,HUL,101282.0,90.0,1.0,21.0,15.0,71.43,4.0,2.0,50.0,0.0,0.0,0.0,0.0,0.0,0.0,Matt,Crooks,1994-01-20,32.64,88.0,25.0,Midfielder,Central Midfielder,al2o9s4x633kg6mveprla1ped,f0figafm2v9h8ofo6slajj7xf,Hull City AFC,Hull City,Hull,HUL,101282,al2o9s4x633kg6mveprla1ped,88,f0figafm2v9h8ofo6slajj7xf
Matt Grimes,168144.0,2.0,180.0,0.0,0.01,-0.01,1.0,0.0,0.0,0.01,Matt,Grimes,1995-07-15,31.16,9.0,6.0,Midfielder,Defensive Midfielder,9offctffrvq9n7kcoyya675cl,dacoc20k0n3fxu4zek8wufmko,Coventry City FC,Coventry City,Coventry,COV,54.0,574.78,30.0,337.365,0.0,0.0,0.0,0.0,10.644,11.246,0.0,0.0,12.0,1.0,4.0,3.0,2.0,66.667,5.0,3.0,60.0,,,,,,,,,,168144.0,180.0,2.0,1.0,1.0,0.65,0.0,0.053,0.046,0.0,0.0,Matt,Grimes,1995-07-15,31.16,9.0,6.0,Midfielder,Defensive Midfielder,9offctffrvq9n7kcoyya675cl,dacoc20k0n3fxu4zek8wufmko,Coventry City FC,Coventry City,Coventry,COV,168144.0,180.0,2.0,164.0,143.0,87.2,47.0,36.0,76.6,1.0,0.0,0.0,0.0,0.0,0.0,Matt,Grimes,1995-07-15,31.16,9.0,6.0,Midfielder,Defensive Midfielder,9offctffrvq9n7kcoyya675cl,dacoc20k0n3fxu4zek8wufmko,Coventry City FC,Coventry City,Coventry,COV,168144,9offctffrvq9n7kcoyya675cl,9,dacoc20k0n3fxu4zek8wufmko
Matt O'Riley,219249.0,0.0,0.0,0.0,0.0,0.0,0.0,0.0,0.0,0.0,Matt,O'Riley,2000-11-21,25.8,36.0,33.0,Midfielder,Central Midfielder,219249,e5p0ehyguld7egzhiedpdnc3w,Brighton & Hove Albion FC,Brighton & Hove Albion,Brighton,BHA,0.0,0.0,0.0,0.0,0.0,0.0,0.0,0.0,0.0,0.0,0.0,0.0,0.0,0.0,0.0,0.0,0.0,0.0,0.0,0.0,0.0,,,,,,,,,,219249.0,0.0,0.0,0.0,0.0,0.0,0.0,0.0,0.0,0.0,0.0,Matt,O'Riley,2000-11-21,25.8,36.0,33.0,Midfielder,Central Midfielder,219249,e5p0ehyguld7egzhiedpdnc3w,Brighton & Hove Albion FC,Brighton & Hove Albion,Brighton,BHA,219249.0,0.0,0.0,0.0,0.0,0.0,0.0,0.0,0.0,0.0,0.0,0.0,0.0,0.0,0.0,Matt,O'Riley,2000-11-21,25.8,36.0,33.0,Midfielder,Central Midfielder,219249,e5p0ehyguld7egzhiedpdnc3w,Brighton & Hove Albion FC,Brighton & Hove Albion,Brighton,BHA,219249,219249,36,e5p0ehyguld7egzhiedpdnc3w
Matt Targett,169359.0,1.0,5.0,0.0,0.0,0.0,0.0,0.0,0.0,0.0,Matt,Targett,1995-09-18,30.98,88.0,23.0,Defender,Full Back,7g5elxh8h34yj55h9heydhzv9,f0figafm2v9h8ofo6slajj7xf,Hull City AFC,Hull City,Hull,HUL,0.0,0.0,0.0,0.0,0.0,0.0,0.0,0.0,0.0,0.0,0.0,0.0,1.0,0.0,0.0,0.0,0.0,0.0,0.0,0.0,0.0,,,,,,,,,,169359.0,5.0,1.0,0.0,0.0,0.0,0.0,0.001,0.001,0.0,0.0,Matt,Targett,1995-09-18,30.98,88.0,23.0,Defender,Full Back,7g5elxh8h34yj55h9heydhzv9,f0figafm2v9h8ofo6slajj7xf,Hull City AFC,Hull City,Hull,HUL,169359.0,5.0,1.0,5.0,5.0,100.0,1.0,1.0,100.0,0.0,0.0,0.0,0.0,0.0,0.0,Matt,Targett,1995-09-18,30.98,88.0,23.0,Defender,Full Back,7g5elxh8h34yj55h9heydhzv9,f0figafm2v9h8ofo6slajj7xf,Hull City AFC,Hull City,Hull,HUL,169359,7g5elxh8h34yj55h9heydhzv9,88,f0figafm2v9h8ofo6slajj7xf
Matteo Ruggeri,487992.0,1.0,8.0,0.0,0.0,0.0,0.0,0.0,0.0,0.0,Matteo,Ruggeri,2002-07-11,24.16,7.0,13.0,Defender,Full Back,7mvqysbmyf6uj3jny3qpqw2ga,b496gs285it6bheuikox6z9mj,Aston Villa FC,Aston Villa,Villa,AVL,0.0,0.0,0.0,0.0,0.0,0.0,0.0,0.0,0.0,0.0,2.0,0.0,0.0,0.0,0.0,2.0,2.0,100.0,0.0,0.0,0.0,,,,,,,,,,487992.0,8.0,1.0,0.0,0.0,0.0,0.0,0.0,0.0,0.0,0.0,Matteo,Ruggeri,2002-07-11,24.16,7.0,13.0,Defender,Full Back,7mvqysbmyf6uj3jny3qpqw2ga,b496gs285it6bheuikox6z9mj,Aston Villa FC,Aston Villa,Villa,AVL,487992.0,8.0,1.0,0.0,0.0,0.0,0.0,0.0,0.0,0.0,0.0,0.0,0.0,0.0,0.0,Matteo,Ruggeri,2002-07-11,24.16,7.0,13.0,Defender,Full Back,7mvqysbmyf6uj3jny3qpqw2ga,b496gs285it6bheuikox6z9mj,Aston Villa FC,Aston Villa,Villa,AVL,487992,7mvqysbmyf6uj3jny3qpqw2ga,7,b496gs285it6bheuikox6z9mj
Matty Cash,199796.0,2.0,168.0,0.0,0.15,-0.15,1.0,0.0,0.0,0.15,Matty,Cash,1997-08-07,29.09,7.0,2.0,Defender,Full Back,1e9txzr9hqz94xtun6byo0vs9,b496gs285it6bheuikox6z9mj,Aston Villa FC,Aston Villa,Villa,AVL,12.0,135.38,7.0,26.46,0.0,0.0,0.0,0.0,11.282,3.78,6.0,1.0,1.0,2.0,4.0,13.0,10.0,76.923,1.0,0.0,0.0,,,,,,,,,,199796.0,168.0,2.0,0.0,0.0,0.0,0.0,0.012,0.011,0.0,0.0,Matty,Cash,1997-08-07,29.09,7.0,2.0,Defender,Full Back,1e9txzr9hqz94xtun6byo0vs9,b496gs285it6bheuikox6z9mj,Aston Villa FC,Aston Villa,Villa,AVL,199796.0,168.0,2.0,52.0,41.0,78.85,19.0,14.0,73.68,0.0,0.0,0.0,0.0,0.0,0.0,Matty,Cash,1997-08-07,29.09,7.0,2.0,Defender,Full Back,1e9txzr9hqz94xtun6byo0vs9,b496gs285it6bheuikox6z9mj,Aston Villa FC,Aston Villa,Villa,AVL,199796,1e9txzr9hqz94xtun6byo0vs9,7,b496gs285it6bheuikox6z9mj
Matz Sels,,,,,,,,,,,,,,,,,,,,,,,,,,,,,,,,,,,,,,,,,,,,,,180.0,100.0,0.0,3.0,4.0,57.14,-0.45,0.67,2.55,,,,,,,,,,,,,,,,,,,,,,,,,,,,,,,,,,,,,,,,,,,,,,,,,,,,,,,85633,2vgr8c97x4b2e51tyvvixusid,17,1qtaiy11gswx327s0vkibf70n
Max Dowman,616077.0,0.0,0.0,0.0,0.0,0.0,0.0,0.0,0.0,0.0,Max,Dowman,2009-12-31,16.68,3.0,56.0,Midfielder,Attacking Midfielder,616077,4dsgumo7d4zupm2ugsvm4zm4d,Arsenal FC,Arsenal,Arsenal,ARS,0.0,0.0,0.0,0.0,0.0,0.0,0.0,0.0,0.0,0.0,0.0,0.0,0.0,0.0,0.0,0.0,0.0,0.0,0.0,0.0,0.0,,,,,,,,,,616077.0,0.0,0.0,0.0,0.0,0.0,0.0,0.0,0.0,0.0,0.0,Max,Dowman,2009-12-31,16.68,3.0,56.0,Midfielder,Attacking Midfielder,616077,4dsgumo7d4zupm2ugsvm4zm4d,Arsenal FC,Arsenal,Arsenal,ARS,616077.0,0.0,0.0,0.0,0.0,0.0,0.0,0.0,0.0,0.0,0.0,0.0,0.0,0.0,0.0,Max,Dowman,2009-12-31,16.68,3.0,56.0,Midfielder,Attacking Midfielder,616077,4dsgumo7d4zupm2ugsvm4zm4d,Arsenal FC,Arsenal,Arsenal,ARS,616077,616077,3,4dsgumo7d4zupm2ugsvm4zm4d
Maxence Lacroix,437499.0,2.0,180.0,0.0,0.02,-0.02,1.0,0.0,0.0,0.02,Maxence,Lacroix,2000-04-06,26.43,8.0,5.0,Defender,Central Defender,7e7w34imugzsufvytjxytupd5,9q0arba2kbnywth8bkxlhgmdr,Chelsea FC,Chelsea,Chelsea,CHE,16.0,166.381,6.0,34.755,0.0,0.0,1.0,1.0,10.399,5.792,6.0,2.0,3.0,1.0,12.0,11.0,7.0,63.636,12.0,5.0,41.667,,,,,,,,,,437499.0,180.0,2.0,1.0,1.0,0.0,0.0,0.201,0.201,1.0,1.0,Maxence,Lacroix,2000-04-06,26.43,8.0,5.0,Defender,Central Defender,7e7w34imugzsufvytjxytupd5,9q0arba2kbnywth8bkxlhgmdr,Chelsea FC,Chelsea,Chelsea,CHE,437499.0,180.0,2.0,70.0,63.0,90.0,6.0,3.0,50.0,0.0,0.0,0.0,0.0,0.0,0.0,Maxence,Lacroix,2000-04-06,26.43,8.0,5.0,Defender,Central Defender,7e7w34imugzsufvytjxytupd5,9q0arba2kbnywth8bkxlhgmdr,Chelsea FC,Chelsea,Chelsea,CHE,437499,7e7w34imugzsufvytjxytupd5,8,9q0arba2kbnywth8bkxlhgmdr
Maxim De Cuyper,465730.0,2.0,168.0,1.0,1.5,-0.5,5.0,1.0,20.0,0.3,Maxim,De Cuyper,2000-12-22,25.72,36.0,29.0,Defender,Full Back,bjhjz96omjukrg6tj3mny39t6,e5p0ehyguld7egzhiedpdnc3w,Brighton & Hove Albion FC,Brighton & Hove Albion,Brighton,BHA,26.0,237.307,13.0,124.215,0.0,0.0,0.0,0.0,9.127,9.555,3.0,2.0,6.0,0.0,1.0,8.0,3.0,37.5,0.0,0.0,0.0,,,,,,,,,,465730.0,168.0,2.0,4.0,2.0,2.35,50.0,0.262,0.195,0.0,0.0,Maxim,De Cuyper,2000-12-22,25.72,36.0,29.0,Defender,Full Back,bjhjz96omjukrg6tj3mny39t6,e5p0ehyguld7egzhiedpdnc3w,Brighton & Hove Albion FC,Brighton & Hove Albion,Brighton,BHA,465730.0,168.0,2.0,87.0,76.0,87.36,43.0,35.0,81.4,9.0,2.0,22.22,0.0,0.0,0.0,Maxim,De Cuyper,2000-12-22,25.72,36.0,29.0,Defender,Full Back,bjhjz96omjukrg6tj3mny39t6,e5p0ehyguld7egzhiedpdnc3w,Brighton & Hove Albion FC,Brighton & Hove Albion,Brighton,BHA,465730,bjhjz96omjukrg6tj3mny39t6,36,e5p0ehyguld7egzhiedpdnc3w
Merlin Röhl,513466.0,2.0,176.0,0.0,0.0,0.0,0.0,0.0,0.0,0.0,Merlin,Röhl,2002-07-05,24.18,11.0,34.0,Midfielder,Attacking Midfielder,5n7vp6g13q7sxkzbygfbz27oq,ehd2iemqmschhj2ec0vayztzz,Everton FC,Everton,Everton,EVE,21.0,245.889,10.0,136.395,0.0,0.0,0.0,0.0,11.709,13.64,5.0,0.0,9.0,0.0,4.0,10.0,6.0,60.0,7.0,3.0,42.857,,,,,,,,,,513466.0,176.0,2.0,1.0,1.0,1.54,0.0,0.066,0.065,0.0,0.0,Merlin,Röhl,2002-07-05,24.18,11.0,34.0,Midfielder,Attacking Midfielder,5n7vp6g13q7sxkzbygfbz27oq,ehd2iemqmschhj2ec0vayztzz,Everton FC,Everton,Everton,EVE,513466.0,176.0,2.0,66.0,51.0,77.27,20.0,16.0,80.0,5.0,0.0,0.0,0.0,0.0,0.0,Merlin,Röhl,2002-07-05,24.18,11.0,34.0,Midfielder,Attacking Midfielder,5n7vp6g13q7sxkzbygfbz27oq,ehd2iemqmschhj2ec0vayztzz,Everton FC,Everton,Everton,EVE,513466,5n7vp6g13q7sxkzbygfbz27oq,11,ehd2iemqmschhj2ec0vayztzz
Michael Kayode,607464.0,2.0,164.0,1.0,0.53,0.47,5.0,1.0,20.0,0.11,Michael,Kayode,2004-07-10,22.16,94.0,33.0,Defender,Full Back,471t4engadct4su6thk5r5qtw,7yx5dqhhphyvfisohikodajhv,Brentford FC,Brentford,Brentford,BRE,7.0,63.642,2.0,-30.135,0.0,0.0,0.0,0.0,9.092,-15.068,1.0,3.0,9.0,1.0,3.0,16.0,8.0,50.0,6.0,4.0,66.667,,,,,,,,,,607464.0,164.0,2.0,1.0,1.0,2.94,0.0,0.208,0.18,0.0,0.0,Michael,Kayode,2004-07-10,22.16,94.0,33.0,Defender,Full Back,471t4engadct4su6thk5r5qtw,7yx5dqhhphyvfisohikodajhv,Brentford FC,Brentford,Brentford,BRE,607464.0,164.0,2.0,34.0,29.0,85.29,5.0,4.0,80.0,4.0,1.0,25.0,0.0,0.0,0.0,Michael,Kayode,2004-07-10,22.16,94.0,33.0,Defender,Full Back,471t4engadct4su6thk5r5qtw,7yx5dqhhphyvfisohikodajhv,Brentford FC,Brentford,Brentford,BRE,607464,471t4engadct4su6thk5r5qtw,94,7yx5dqhhphyvfisohikodajhv
Michael Keane,106611.0,0.0,0.0,0.0,0.0,0.0,0.0,0.0,0.0,0.0,Michael,Keane,1993-01-11,33.67,11.0,5.0,Defender,Central Defender,106611,ehd2iemqmschhj2ec0vayztzz,Everton FC,Everton,Everton,EVE,0.0,0.0,0.0,0.0,0.0,0.0,0.0,0.0,0.0,0.0,0.0,0.0,0.0,0.0,0.0,0.0,0.0,0.0,0.0,0.0,0.0,,,,,,,,,,106611.0,0.0,0.0,0.0,0.0,0.0,0.0,0.0,0.0,0.0,0.0,Michael,Keane,1993-01-11,33.67,11.0,5.0,Defender,Central Defender,106611,ehd2iemqmschhj2ec0vayztzz,Everton FC,Everton,Everton,EVE,106611.0,0.0,0.0,0.0,0.0,0.0,0.0,0.0,0.0,0.0,0.0,0.0,0.0,0.0,0.0,Michael,Keane,1993-01-11,33.67,11.0,5.0,Defender,Central Defender,106611,ehd2iemqmschhj2ec0vayztzz,Everton FC,Everton,Everton,EVE,106611,106611,11,ehd2iemqmschhj2ec0vayztzz
Michael Svoboda,454490.0,0.0,0.0,0.0,0.0,0.0,0.0,0.0,0.0,0.0,Michael,Svoboda,1998-10-15,27.9,36.0,30.0,Defender,Central Defender,454490,e5p0ehyguld7egzhiedpdnc3w,Brighton & Hove Albion FC,Brighton & Hove Albion,Brighton,BHA,0.0,0.0,0.0,0.0,0.0,0.0,0.0,0.0,0.0,0.0,0.0,0.0,0.0,0.0,0.0,0.0,0.0,0.0,0.0,0.0,0.0,,,,,,,,,,454490.0,0.0,0.0,0.0,0.0,0.0,0.0,0.0,0.0,0.0,0.0,Michael,Svoboda,1998-10-15,27.9,36.0,30.0,Defender,Central Defender,454490,e5p0ehyguld7egzhiedpdnc3w,Brighton & Hove Albion FC,Brighton & Hove Albion,Brighton,BHA,454490.0,0.0,0.0,0.0,0.0,0.0,0.0,0.0,0.0,0.0,0.0,0.0,0.0,0.0,0.0,Michael,Svoboda,1998-10-15,27.9,36.0,30.0,Defender,Central Defender,454490,e5p0ehyguld7egzhiedpdnc3w,Brighton & Hove Albion FC,Brighton & Hove Albion,Brighton,BHA,454490,454490,36,e5p0ehyguld7egzhiedpdnc3w
Micky van de Ven,491279.0,1.0,90.0,0.0,0.0,0.0,0.0,0.0,0.0,0.0,Micky,van de Ven,2001-04-19,25.39,6.0,37.0,Defender,Central Defender,dodddfi0l5i36vlgbaybhzeqy,22doj4sgsocqpxw45h607udje,Tottenham Hotspur FC,Tottenham Hotspur,Spurs,TOT,19.0,201.566,8.0,80.85,0.0,0.0,0.0,0.0,10.609,10.106,1.0,1.0,4.0,0.0,6.0,4.0,2.0,50.0,2.0,2.0,100.0,,,,,,,,,,491279.0,90.0,1.0,0.0,0.0,0.0,0.0,0.017,0.017,0.0,0.0,Micky,van de Ven,2001-04-19,25.39,6.0,37.0,Defender,Central Defender,dodddfi0l5i36vlgbaybhzeqy,22doj4sgsocqpxw45h607udje,Tottenham Hotspur FC,Tottenham Hotspur,Spurs,TOT,491279.0,90.0,1.0,78.0,77.0,98.72,7.0,7.0,100.0,0.0,0.0,0.0,0.0,0.0,0.0,Micky,van de Ven,2001-04-19,25.39,6.0,37.0,Defender,Central Defender,dodddfi0l5i36vlgbaybhzeqy,22doj4sgsocqpxw45h607udje,Tottenham Hotspur FC,Tottenham Hotspur,Spurs,TOT,491279,dodddfi0l5i36vlgbaybhzeqy,6,22doj4sgsocqpxw45h607udje
Mikel Merino,195384.0,2.0,33.0,0.0,0.14,-0.14,2.0,1.0,0.0,0.07,Mikel,Merino,1996-06-22,30.22,3.0,23.0,Midfielder,Central Midfielder,atigcsq78g14w82lwvay26aj9,4dsgumo7d4zupm2ugsvm4zm4d,Arsenal FC,Arsenal,Arsenal,ARS,10.0,74.637,4.0,49.665,2.0,0.0,0.0,0.0,7.464,12.416,0.0,0.0,6.0,0.0,0.0,9.0,6.0,66.667,1.0,1.0,100.0,,,,,,,,,,195384.0,33.0,2.0,0.0,0.0,0.0,0.0,0.022,0.022,0.0,0.0,Mikel,Merino,1996-06-22,30.22,3.0,23.0,Midfielder,Central Midfielder,atigcsq78g14w82lwvay26aj9,4dsgumo7d4zupm2ugsvm4zm4d,Arsenal FC,Arsenal,Arsenal,ARS,195384.0,33.0,2.0,26.0,25.0,96.15,10.0,9.0,90.0,0.0,0.0,0.0,0.0,0.0,0.0,Mikel,Merino,1996-06-22,30.22,3.0,23.0,Midfielder,Central Midfielder,atigcsq78g14w82lwvay26aj9,4dsgumo7d4zupm2ugsvm4zm4d,Arsenal FC,Arsenal,Arsenal,ARS,195384,atigcsq78g14w82lwvay26aj9,3,4dsgumo7d4zupm2ugsvm4zm4d
Mikey Moore,499721.0,2.0,90.0,0.0,0.4,-0.4,4.0,3.0,0.0,0.1,Mikey,Moore,2007-08-11,19.08,6.0,47.0,Forward,Winger,42rwtl17m029bdkerhfixiolw,22doj4sgsocqpxw45h607udje,Tottenham Hotspur FC,Tottenham Hotspur,Spurs,TOT,12.0,163.541,7.0,65.31,2.0,0.0,0.0,0.0,13.628,9.33,1.0,0.0,2.0,0.0,0.0,5.0,4.0,80.0,2.0,0.0,0.0,,,,,,,,,,499721.0,90.0,2.0,0.0,0.0,0.0,0.0,0.016,0.016,0.0,0.0,Mikey,Moore,2007-08-11,19.08,6.0,47.0,Forward,Winger,42rwtl17m029bdkerhfixiolw,22doj4sgsocqpxw45h607udje,Tottenham Hotspur FC,Tottenham Hotspur,Spurs,TOT,499721.0,90.0,2.0,17.0,14.0,82.35,9.0,7.0,77.78,2.0,1.0,50.0,0.0,0.0,0.0,Mikey,Moore,2007-08-11,19.08,6.0,47.0,Forward,Winger,42rwtl17m029bdkerhfixiolw,22doj4sgsocqpxw45h607udje,Tottenham Hotspur FC,Tottenham Hotspur,Spurs,TOT,499721,42rwtl17m029bdkerhfixiolw,6,22doj4sgsocqpxw45h607udje
Mikkel Damsgaard,440089.0,2.0,83.0,0.0,0.03,-0.03,2.0,1.0,0.0,0.01,Mikkel,Damsgaard,2000-07-03,26.19,94.0,24.0,Midfielder,Attacking Midfielder,ek0k9s7axizns3vtzyy3z5nu,7yx5dqhhphyvfisohikodajhv,Brentford FC,Brentford,Brentford,BRE,12.0,117.018,9.0,68.145,0.0,0.0,0.0,0.0,9.752,7.572,3.0,1.0,8.0,0.0,1.0,9.0,4.0,44.444,1.0,0.0,0.0,,,,,,,,,,440089.0,83.0,2.0,4.0,3.0,5.88,25.0,0.238,0.15,0.0,0.0,Mikkel,Damsgaard,2000-07-03,26.19,94.0,24.0,Midfielder,Attacking Midfielder,ek0k9s7axizns3vtzyy3z5nu,7yx5dqhhphyvfisohikodajhv,Brentford FC,Brentford,Brentford,BRE,440089.0,83.0,2.0,54.0,48.0,88.89,20.0,17.0,85.0,5.0,1.0,20.0,0.0,0.0,0.0,Mikkel,Damsgaard,2000-07-03,26.19,94.0,24.0,Midfielder,Attacking Midfielder,ek0k9s7axizns3vtzyy3z5nu,7yx5dqhhphyvfisohikodajhv,Brentford FC,Brentford,Brentford,BRE,440089,ek0k9s7axizns3vtzyy3z5nu,94,7yx5dqhhphyvfisohikodajhv
Milan van Ewijk,451284.0,2.0,180.0,0.0,0.0,0.0,0.0,0.0,0.0,0.0,Milan,van Ewijk,2000-09-08,26.0,9.0,27.0,Defender,Full Back,etzj9ltadjsvkmahib7hor90q,dacoc20k0n3fxu4zek8wufmko,Coventry City FC,Coventry City,Coventry,COV,21.0,266.977,13.0,158.55,0.0,0.0,0.0,0.0,12.713,12.196,2.0,1.0,6.0,2.0,4.0,8.0,2.0,25.0,1.0,0.0,0.0,,,,,,,,,,451284.0,180.0,2.0,2.0,2.0,2.9,0.0,0.195,0.194,0.0,0.0,Milan,van Ewijk,2000-09-08,26.0,9.0,27.0,Defender,Full Back,etzj9ltadjsvkmahib7hor90q,dacoc20k0n3fxu4zek8wufmko,Coventry City FC,Coventry City,Coventry,COV,451284.0,180.0,2.0,69.0,60.0,86.96,25.0,22.0,88.0,3.0,2.0,66.67,0.0,0.0,0.0,Milan,van Ewijk,2000-09-08,26.0,9.0,27.0,Defender,Full Back,etzj9ltadjsvkmahib7hor90q,dacoc20k0n3fxu4zek8wufmko,Coventry City FC,Coventry City,Coventry,COV,451284,etzj9ltadjsvkmahib7hor90q,9,dacoc20k0n3fxu4zek8wufmko
Milos Kerkez,544877.0,2.0,161.0,0.0,0.02,-0.02,2.0,1.0,0.0,0.01,Milos,Kerkez,2003-11-07,22.84,14.0,6.0,Defender,Full Back,a2zavv31d2aadyddk0kjttdgq,c8h9bw1l82s06h77xxrelzhur,Liverpool FC,Liverpool,Liverpool,LIV,8.0,61.711,4.0,26.775,1.0,0.0,0.0,0.0,7.714,6.694,4.0,2.0,7.0,3.0,6.0,14.0,6.0,42.857,5.0,3.0,60.0,,,,,,,,,,544877.0,161.0,2.0,2.0,2.0,2.56,0.0,0.036,0.036,0.0,0.0,Milos,Kerkez,2003-11-07,22.84,14.0,6.0,Defender,Full Back,a2zavv31d2aadyddk0kjttdgq,c8h9bw1l82s06h77xxrelzhur,Liverpool FC,Liverpool,Liverpool,LIV,544877.0,161.0,2.0,79.0,65.0,82.28,32.0,23.0,71.88,4.0,0.0,0.0,0.0,0.0,0.0,Milos,Kerkez,2003-11-07,22.84,14.0,6.0,Defender,Full Back,a2zavv31d2aadyddk0kjttdgq,c8h9bw1l82s06h77xxrelzhur,Liverpool FC,Liverpool,Liverpool,LIV,544877,a2zavv31d2aadyddk0kjttdgq,14,c8h9bw1l82s06h77xxrelzhur
Mohamed Belloumi,540324.0,2.0,173.0,0.0,0.16,-0.16,3.0,0.0,0.0,0.05,Mohamed,Belloumi,2002-06-01,24.27,88.0,10.0,Forward,Winger,9hbuqi8dt37uxk3ec2oj1s1zo,f0figafm2v9h8ofo6slajj7xf,Hull City AFC,Hull City,Hull,HUL,15.0,177.539,7.0,40.845,1.0,0.0,1.0,1.0,11.836,5.835,6.0,3.0,8.0,1.0,2.0,16.0,8.0,50.0,1.0,0.0,0.0,,,,,,,,,,540324.0,173.0,2.0,1.0,1.0,0.0,0.0,0.05,0.048,1.0,1.0,Mohamed,Belloumi,2002-06-01,24.27,88.0,10.0,Forward,Winger,9hbuqi8dt37uxk3ec2oj1s1zo,f0figafm2v9h8ofo6slajj7xf,Hull City AFC,Hull City,Hull,HUL,540324.0,173.0,2.0,29.0,20.0,68.97,10.0,7.0,70.0,2.0,0.0,0.0,0.0,0.0,0.0,Mohamed,Belloumi,2002-06-01,24.27,88.0,10.0,Forward,Winger,9hbuqi8dt37uxk3ec2oj1s1zo,f0figafm2v9h8ofo6slajj7xf,Hull City AFC,Hull City,Hull,HUL,540324,9hbuqi8dt37uxk3ec2oj1s1zo,88,f0figafm2v9h8ofo6slajj7xf
Mohamed-Ali Cho,490884.0,1.0,7.0,0.0,0.0,0.0,0.0,0.0,0.0,0.0,Mohamed-Ali,Cho,2004-01-19,22.64,88.0,50.0,Forward,Winger,5vznxxfbteooxk2dd2ws76xhw,f0figafm2v9h8ofo6slajj7xf,Hull City AFC,Hull City,Hull,HUL,1.0,9.011,1.0,5.67,0.0,0.0,0.0,0.0,9.011,5.67,0.0,0.0,0.0,0.0,0.0,0.0,0.0,0.0,1.0,0.0,0.0,,,,,,,,,,490884.0,7.0,1.0,0.0,0.0,0.0,0.0,0.001,0.001,0.0,0.0,Mohamed-Ali,Cho,2004-01-19,22.64,88.0,50.0,Forward,Winger,5vznxxfbteooxk2dd2ws76xhw,f0figafm2v9h8ofo6slajj7xf,Hull City AFC,Hull City,Hull,HUL,490884.0,7.0,1.0,3.0,2.0,66.67,3.0,2.0,66.67,0.0,0.0,0.0,0.0,0.0,0.0,Mohamed-Ali,Cho,2004-01-19,22.64,88.0,50.0,Forward,Winger,5vznxxfbteooxk2dd2ws76xhw,f0figafm2v9h8ofo6slajj7xf,Hull City AFC,Hull City,Hull,HUL,490884,5vznxxfbteooxk2dd2ws76xhw,88,f0figafm2v9h8ofo6slajj7xf
Mohammed Kudus,460842.0,1.0,22.0,0.0,0.04,-0.04,1.0,0.0,0.0,0.04,Mohammed,Kudus,2000-08-02,26.1,6.0,20.0,Midfielder,0,p7vw4thx5wzo49h6hfabcq5m,22doj4sgsocqpxw45h607udje,Tottenham Hotspur FC,Tottenham Hotspur,Spurs,TOT,9.0,96.339,7.0,65.73,1.0,0.0,0.0,0.0,10.704,9.39,0.0,0.0,2.0,0.0,0.0,2.0,1.0,50.0,0.0,0.0,0.0,,,,,,,,,,460842.0,22.0,1.0,0.0,0.0,0.0,0.0,0.012,0.011,0.0,0.0,Mohammed,Kudus,2000-08-02,26.1,6.0,20.0,Midfielder,0,p7vw4thx5wzo49h6hfabcq5m,22doj4sgsocqpxw45h607udje,Tottenham Hotspur FC,Tottenham Hotspur,Spurs,TOT,460842.0,22.0,1.0,14.0,12.0,85.71,10.0,8.0,80.0,4.0,0.0,0.0,0.0,0.0,0.0,Mohammed,Kudus,2000-08-02,26.1,6.0,20.0,Midfielder,0,p7vw4thx5wzo49h6hfabcq5m,22doj4sgsocqpxw45h607udje,Tottenham Hotspur FC,Tottenham Hotspur,Spurs,TOT,460842,p7vw4thx5wzo49h6hfabcq5m,6,22doj4sgsocqpxw45h607udje
Moisés Caicedo,486672.0,1.0,14.0,0.0,0.0,0.0,0.0,0.0,0.0,0.0,Moisés,Caicedo,2001-11-02,24.85,8.0,25.0,Midfielder,Defensive Midfielder,3uc9z96xvain84leorf4ls962,9q0arba2kbnywth8bkxlhgmdr,Chelsea FC,Chelsea,Chelsea,CHE,0.0,0.0,0.0,0.0,0.0,0.0,0.0,0.0,0.0,0.0,0.0,0.0,0.0,0.0,0.0,0.0,0.0,0.0,0.0,0.0,0.0,,,,,,,,,,486672.0,14.0,1.0,0.0,0.0,0.0,0.0,0.0,0.0,0.0,0.0,Moisés,Caicedo,2001-11-02,24.85,8.0,25.0,Midfielder,Defensive Midfielder,3uc9z96xvain84leorf4ls962,9q0arba2kbnywth8bkxlhgmdr,Chelsea FC,Chelsea,Chelsea,CHE,486672.0,14.0,1.0,2.0,2.0,100.0,0.0,0.0,0.0,0.0,0.0,0.0,0.0,0.0,0.0,Moisés,Caicedo,2001-11-02,24.85,8.0,25.0,Midfielder,Defensive Midfielder,3uc9z96xvain84leorf4ls962,9q0arba2kbnywth8bkxlhgmdr,Chelsea FC,Chelsea,Chelsea,CHE,486672,3uc9z96xvain84leorf4ls962,8,9q0arba2kbnywth8bkxlhgmdr
Morgan Gibbs-White,222531.0,2.0,180.0,1.0,0.92,0.08,4.0,1.0,25.0,0.23,Morgan,Gibbs-White,2000-01-27,26.62,17.0,10.0,Midfielder,Central Midfielder,55yy0p6johtu9nxk90zsfctt5,1qtaiy11gswx327s0vkibf70n,Nottingham Forest FC,Nottingham Forest,Forest,NFO,15.0,127.856,6.0,37.59,0.0,0.0,0.0,0.0,8.524,6.265,2.0,1.0,4.0,0.0,1.0,19.0,9.0,47.368,2.0,1.0,50.0,,,,,,,,,,222531.0,180.0,2.0,1.0,1.0,0.0,0.0,0.102,0.093,1.0,1.0,Morgan,Gibbs-White,2000-01-27,26.62,17.0,10.0,Midfielder,Central Midfielder,55yy0p6johtu9nxk90zsfctt5,1qtaiy11gswx327s0vkibf70n,Nottingham Forest FC,Nottingham Forest,Forest,NFO,222531.0,180.0,2.0,59.0,49.0,83.05,22.0,17.0,77.27,2.0,0.0,0.0,1.0,0.0,0.0,Morgan,Gibbs-White,2000-01-27,26.62,17.0,10.0,Midfielder,Central Midfielder,55yy0p6johtu9nxk90zsfctt5,1qtaiy11gswx327s0vkibf70n,Nottingham Forest FC,Nottingham Forest,Forest,NFO,222531,55yy0p6johtu9nxk90zsfctt5,17,1qtaiy11gswx327s0vkibf70n
Morgan Rogers,244850.0,2.0,172.0,1.0,1.1,-0.1,6.0,1.0,16.67,0.18,Morgan,Rogers,2002-07-26,24.12,8.0,17.0,Midfielder,Attacking Midfielder,2eayhzdix8knmn810sbngsdt5,9q0arba2kbnywth8bkxlhgmdr,Chelsea FC,Chelsea,Chelsea,CHE,18.0,164.923,10.0,67.095,2.0,0.0,1.0,1.0,9.162,6.71,3.0,0.0,8.0,0.0,1.0,16.0,9.0,56.25,7.0,3.0,42.857,,,,,,,,,,244850.0,172.0,2.0,9.0,8.0,21.62,0.0,1.111,1.109,1.0,0.0,Morgan,Rogers,2002-07-26,24.12,8.0,17.0,Midfielder,Attacking Midfielder,2eayhzdix8knmn810sbngsdt5,9q0arba2kbnywth8bkxlhgmdr,Chelsea FC,Chelsea,Chelsea,CHE,244850.0,172.0,2.0,39.0,29.0,74.36,22.0,18.0,81.82,3.0,1.0,33.33,0.0,0.0,0.0,Morgan,Rogers,2002-07-26,24.12,8.0,17.0,Midfielder,Attacking Midfielder,2eayhzdix8knmn810sbngsdt5,9q0arba2kbnywth8bkxlhgmdr,Chelsea FC,Chelsea,Chelsea,CHE,244850,2eayhzdix8knmn810sbngsdt5,8,9q0arba2kbnywth8bkxlhgmdr
Murillo,575476.0,2.0,179.0,0.0,0.18,-0.18,1.0,0.0,0.0,0.18,Murillo Santiago,Costa dos Santos,2002-07-04,24.18,17.0,5.0,Defender,Central Defender,4txq9os03xwnktfi0n2qdmok,1qtaiy11gswx327s0vkibf70n,Nottingham Forest FC,Nottingham Forest,Forest,NFO,11.0,81.508,2.0,21.42,0.0,0.0,1.0,0.0,7.41,10.71,2.0,1.0,6.0,1.0,16.0,9.0,4.0,44.444,7.0,3.0,42.857,,,,,,,,,,575476.0,179.0,2.0,2.0,2.0,2.63,0.0,0.279,0.279,0.0,0.0,Murillo Santiago,Costa dos Santos,2002-07-04,24.18,17.0,5.0,Defender,Central Defender,4txq9os03xwnktfi0n2qdmok,1qtaiy11gswx327s0vkibf70n,Nottingham Forest FC,Nottingham Forest,Forest,NFO,575476.0,179.0,2.0,78.0,69.0,88.46,18.0,14.0,77.78,0.0,0.0,0.0,1.0,1.0,100.0,Murillo Santiago,Costa dos Santos,2002-07-04,24.18,17.0,5.0,Defender,Central Defender,4txq9os03xwnktfi0n2qdmok,1qtaiy11gswx327s0vkibf70n,Nottingham Forest FC,Nottingham Forest,Forest,NFO,575476,4txq9os03xwnktfi0n2qdmok,17,1qtaiy11gswx327s0vkibf70n
Myles Lewis-Skelly,499169.0,2.0,161.0,0.0,0.13,-0.13,2.0,0.0,0.0,0.07,Myles,Lewis-Skelly,2006-09-26,19.95,3.0,49.0,Defender,Full Back,azt1lhru9cgyb64h4h4fffrx0,4dsgumo7d4zupm2ugsvm4zm4d,Arsenal FC,Arsenal,Arsenal,ARS,30.0,298.357,18.0,209.16,1.0,0.0,0.0,0.0,9.945,11.62,1.0,1.0,6.0,2.0,2.0,7.0,6.0,85.714,1.0,1.0,100.0,,,,,,,,,,499169.0,161.0,2.0,1.0,1.0,0.81,0.0,0.125,0.123,0.0,0.0,Myles,Lewis-Skelly,2006-09-26,19.95,3.0,49.0,Defender,Full Back,azt1lhru9cgyb64h4h4fffrx0,4dsgumo7d4zupm2ugsvm4zm4d,Arsenal FC,Arsenal,Arsenal,ARS,499169.0,161.0,2.0,131.0,124.0,94.66,34.0,30.0,88.24,0.0,0.0,0.0,1.0,0.0,0.0,Myles,Lewis-Skelly,2006-09-26,19.95,3.0,49.0,Defender,Full Back,azt1lhru9cgyb64h4h4fffrx0,4dsgumo7d4zupm2ugsvm4zm4d,Arsenal FC,Arsenal,Arsenal,ARS,499169,azt1lhru9cgyb64h4h4fffrx0,3,4dsgumo7d4zupm2ugsvm4zm4d
Nathan Collins,432830.0,2.0,180.0,0.0,0.5,-0.5,5.0,1.0,0.0,0.1,Nathan,Collins,2001-04-30,25.36,94.0,22.0,Defender,Central Defender,csinkvzxcphggdjeflmo173zd,7yx5dqhhphyvfisohikodajhv,Brentford FC,Brentford,Brentford,BRE,22.0,197.048,10.0,77.07,0.0,0.0,0.0,0.0,8.957,7.707,2.0,2.0,11.0,0.0,12.0,8.0,4.0,50.0,11.0,6.0,54.545,,,,,,,,,,432830.0,180.0,2.0,2.0,2.0,1.85,0.0,0.043,0.043,0.0,0.0,Nathan,Collins,2001-04-30,25.36,94.0,22.0,Defender,Central Defender,csinkvzxcphggdjeflmo173zd,7yx5dqhhphyvfisohikodajhv,Brentford FC,Brentford,Brentford,BRE,432830.0,180.0,2.0,117.0,97.0,82.91,19.0,12.0,63.16,0.0,0.0,0.0,0.0,0.0,0.0,Nathan,Collins,2001-04-30,25.36,94.0,22.0,Defender,Central Defender,csinkvzxcphggdjeflmo173zd,7yx5dqhhphyvfisohikodajhv,Brentford FC,Brentford,Brentford,BRE,432830,csinkvzxcphggdjeflmo173zd,94,7yx5dqhhphyvfisohikodajhv
Nathan Patterson,243571.0,0.0,0.0,0.0,0.0,0.0,0.0,0.0,0.0,0.0,Nathan,Patterson,2001-10-16,24.9,11.0,2.0,Defender,Full Back,243571,ehd2iemqmschhj2ec0vayztzz,Everton FC,Everton,Everton,EVE,0.0,0.0,0.0,0.0,0.0,0.0,0.0,0.0,0.0,0.0,0.0,0.0,0.0,0.0,0.0,0.0,0.0,0.0,0.0,0.0,0.0,,,,,,,,,,243571.0,0.0,0.0,0.0,0.0,0.0,0.0,0.0,0.0,0.0,0.0,Nathan,Patterson,2001-10-16,24.9,11.0,2.0,Defender,Full Back,243571,ehd2iemqmschhj2ec0vayztzz,Everton FC,Everton,Everton,EVE,243571.0,0.0,0.0,0.0,0.0,0.0,0.0,0.0,0.0,0.0,0.0,0.0,0.0,0.0,0.0,Nathan,Patterson,2001-10-16,24.9,11.0,2.0,Defender,Full Back,243571,ehd2iemqmschhj2ec0vayztzz,Everton FC,Everton,Everton,EVE,243571,243571,11,ehd2iemqmschhj2ec0vayztzz
Neco Williams,215136.0,2.0,180.0,0.0,0.12,-0.12,1.0,0.0,0.0,0.12,Neco,Williams,2001-04-13,25.41,17.0,3.0,Defender,Full Back,3mgjcyaseuexxlssgatjgsand,1qtaiy11gswx327s0vkibf70n,Nottingham Forest FC,Nottingham Forest,Forest,NFO,14.0,184.475,3.0,39.585,0.0,0.0,1.0,0.0,13.177,13.195,9.0,0.0,11.0,3.0,6.0,18.0,12.0,66.667,8.0,3.0,37.5,,,,,,,,,,215136.0,180.0,2.0,2.0,1.0,1.96,50.0,0.178,0.029,0.0,0.0,Neco,Williams,2001-04-13,25.41,17.0,3.0,Defender,Full Back,3mgjcyaseuexxlssgatjgsand,1qtaiy11gswx327s0vkibf70n,Nottingham Forest FC,Nottingham Forest,Forest,NFO,215136.0,180.0,2.0,54.0,39.0,72.22,20.0,12.0,60.0,3.0,1.0,33.33,0.0,0.0,0.0,Neco,Williams,2001-04-13,25.41,17.0,3.0,Defender,Full Back,3mgjcyaseuexxlssgatjgsand,1qtaiy11gswx327s0vkibf70n,Nottingham Forest FC,Nottingham Forest,Forest,NFO,215136,3mgjcyaseuexxlssgatjgsand,17,1qtaiy11gswx327s0vkibf70n
Nehemiah Oriola,556637.0,0.0,0.0,0.0,0.0,0.0,0.0,0.0,0.0,0.0,Nehemiah,Oriola,2007-06-11,19.24,36.0,49.0,Forward,Winger,556637,e5p0ehyguld7egzhiedpdnc3w,Brighton & Hove Albion FC,Brighton & Hove Albion,Brighton,BHA,0.0,0.0,0.0,0.0,0.0,0.0,0.0,0.0,0.0,0.0,0.0,0.0,0.0,0.0,0.0,0.0,0.0,0.0,0.0,0.0,0.0,,,,,,,,,,556637.0,0.0,0.0,0.0,0.0,0.0,0.0,0.0,0.0,0.0,0.0,Nehemiah,Oriola,2007-06-11,19.24,36.0,49.0,Forward,Winger,556637,e5p0ehyguld7egzhiedpdnc3w,Brighton & Hove Albion FC,Brighton & Hove Albion,Brighton,BHA,556637.0,0.0,0.0,0.0,0.0,0.0,0.0,0.0,0.0,0.0,0.0,0.0,0.0,0.0,0.0,Nehemiah,Oriola,2007-06-11,19.24,36.0,49.0,Forward,Winger,556637,e5p0ehyguld7egzhiedpdnc3w,Brighton & Hove Albion FC,Brighton & Hove Albion,Brighton,BHA,556637,556637,36,e5p0ehyguld7egzhiedpdnc3w
Nick Woltemade,470313.0,1.0,19.0,0.0,0.02,-0.02,1.0,0.0,0.0,0.02,Nick,Woltemade,2002-02-14,24.57,4.0,27.0,Forward,Second Striker,2kd2kqh0ykd5iuziic6590gve,7vn2i2kd35zuetw6b38gw9jsz,Newcastle United FC,Newcastle United,Newcastle,NEW,1.0,9.83,1.0,7.35,0.0,0.0,0.0,0.0,9.83,7.35,0.0,0.0,0.0,0.0,0.0,5.0,3.0,60.0,3.0,2.0,66.667,,,,,,,,,,470313.0,19.0,1.0,1.0,0.0,0.0,0.0,0.013,0.013,1.0,0.0,Nick,Woltemade,2002-02-14,24.57,4.0,27.0,Forward,Second Striker,2kd2kqh0ykd5iuziic6590gve,7vn2i2kd35zuetw6b38gw9jsz,Newcastle United FC,Newcastle United,Newcastle,NEW,470313.0,19.0,1.0,5.0,4.0,80.0,2.0,2.0,100.0,0.0,0.0,0.0,0.0,0.0,0.0,Nick,Woltemade,2002-02-14,24.57,4.0,27.0,Forward,Second Striker,2kd2kqh0ykd5iuziic6590gve,7vn2i2kd35zuetw6b38gw9jsz,Newcastle United FC,Newcastle United,Newcastle,NEW,470313,2kd2kqh0ykd5iuziic6590gve,4,7vn2i2kd35zuetw6b38gw9jsz
Nico Elvedi,173774.0,1.0,56.0,0.0,0.0,0.0,0.0,0.0,0.0,0.0,Nico,Elvedi,1996-09-30,29.95,2.0,30.0,Defender,Central Defender,8k5c8po5gx3vnxx36viq08xqt,48gk2hpqtsl6p9sx9kjhaydq4,Leeds United FC,Leeds United,Leeds,LEE,11.0,109.078,7.0,71.925,0.0,0.0,0.0,0.0,9.916,10.275,1.0,1.0,4.0,1.0,3.0,6.0,3.0,50.0,1.0,0.0,0.0,,,,,,,,,,173774.0,56.0,1.0,0.0,0.0,0.0,0.0,0.005,0.005,0.0,0.0,Nico,Elvedi,1996-09-30,29.95,2.0,30.0,Defender,Central Defender,8k5c8po5gx3vnxx36viq08xqt,48gk2hpqtsl6p9sx9kjhaydq4,Leeds United FC,Leeds United,Leeds,LEE,173774.0,56.0,1.0,38.0,34.0,89.47,11.0,7.0,63.64,0.0,0.0,0.0,0.0,0.0,0.0,Nico,Elvedi,1996-09-30,29.95,2.0,30.0,Defender,Central Defender,8k5c8po5gx3vnxx36viq08xqt,48gk2hpqtsl6p9sx9kjhaydq4,Leeds United FC,Leeds United,Leeds,LEE,173774,8k5c8po5gx3vnxx36viq08xqt,2,48gk2hpqtsl6p9sx9kjhaydq4
Nico González,465694.0,1.0,71.0,0.0,0.0,0.0,0.0,0.0,0.0,0.0,Nico,González,2002-01-03,24.68,4.0,6.0,Midfielder,Central Midfielder,1bnn3tokzwvl4vvw34yxsq9gq,7vn2i2kd35zuetw6b38gw9jsz,Newcastle United FC,Newcastle United,Newcastle,NEW,15.0,155.657,6.0,47.145,0.0,0.0,1.0,0.0,10.377,7.858,0.0,1.0,2.0,0.0,1.0,7.0,0.0,0.0,1.0,0.0,0.0,,,,,,,,,,465694.0,71.0,1.0,2.0,2.0,4.35,0.0,0.197,0.197,0.0,0.0,Nico,González,2002-01-03,24.68,4.0,6.0,Midfielder,Central Midfielder,1bnn3tokzwvl4vvw34yxsq9gq,7vn2i2kd35zuetw6b38gw9jsz,Newcastle United FC,Newcastle United,Newcastle,NEW,465694.0,71.0,1.0,51.0,48.0,94.12,12.0,11.0,91.67,1.0,0.0,0.0,2.0,1.0,50.0,Nico,González,2002-01-03,24.68,4.0,6.0,Midfielder,Central Midfielder,1bnn3tokzwvl4vvw34yxsq9gq,7vn2i2kd35zuetw6b38gw9jsz,Newcastle United FC,Newcastle United,Newcastle,NEW,465694,1bnn3tokzwvl4vvw34yxsq9gq,4,7vn2i2kd35zuetw6b38gw9jsz
Nico O'Reilly,472769.0,2.0,152.0,0.0,0.09,-0.09,2.0,0.0,0.0,0.04,Nico,O'Reilly,2005-03-21,21.47,43.0,33.0,Defender,Full Back,drh7wx5zz8c4dwa9o8mrigjro,a3nyxabgsqlnqfkeg41m6tnpp,Manchester City FC,Manchester City,Man City,MCI,18.0,252.057,9.0,126.525,0.0,0.0,0.0,0.0,14.003,14.058,2.0,0.0,7.0,0.0,1.0,13.0,5.0,38.462,3.0,1.0,33.333,,,,,,,,,,472769.0,152.0,2.0,1.0,1.0,1.25,0.0,0.43,0.43,0.0,0.0,Nico,O'Reilly,2005-03-21,21.47,43.0,33.0,Defender,Full Back,drh7wx5zz8c4dwa9o8mrigjro,a3nyxabgsqlnqfkeg41m6tnpp,Manchester City FC,Manchester City,Man City,MCI,472769.0,152.0,2.0,80.0,73.0,91.25,21.0,15.0,71.43,4.0,3.0,75.0,1.0,0.0,0.0,Nico,O'Reilly,2005-03-21,21.47,43.0,33.0,Defender,Full Back,drh7wx5zz8c4dwa9o8mrigjro,a3nyxabgsqlnqfkeg41m6tnpp,Manchester City FC,Manchester City,Man City,MCI,472769,drh7wx5zz8c4dwa9o8mrigjro,43,a3nyxabgsqlnqfkeg41m6tnpp
Nicolas Jackson,517052.0,1.0,71.0,0.0,0.0,0.0,0.0,0.0,0.0,0.0,Nicolas,Jackson,2001-06-20,25.22,7.0,11.0,Forward,Striker,amcwh6w0brmkttg4uc5qm6z9w,b496gs285it6bheuikox6z9mj,Aston Villa FC,Aston Villa,Villa,AVL,9.0,136.948,4.0,79.8,0.0,0.0,0.0,0.0,15.216,19.95,0.0,0.0,3.0,0.0,0.0,4.0,3.0,75.0,1.0,1.0,100.0,,,,,,,,,,517052.0,71.0,1.0,0.0,0.0,0.0,0.0,0.099,0.099,0.0,0.0,Nicolas,Jackson,2001-06-20,25.22,7.0,11.0,Forward,Striker,amcwh6w0brmkttg4uc5qm6z9w,b496gs285it6bheuikox6z9mj,Aston Villa FC,Aston Villa,Villa,AVL,517052.0,71.0,1.0,12.0,9.0,75.0,4.0,3.0,75.0,1.0,1.0,100.0,0.0,0.0,0.0,Nicolas,Jackson,2001-06-20,25.22,7.0,11.0,Forward,Striker,amcwh6w0brmkttg4uc5qm6z9w,b496gs285it6bheuikox6z9mj,Aston Villa FC,Aston Villa,Villa,AVL,517052,amcwh6w0brmkttg4uc5qm6z9w,7,b496gs285it6bheuikox6z9mj
Nicolás Domínguez,250199.0,1.0,1.0,0.0,0.0,0.0,0.0,0.0,0.0,0.0,Nicolás,Domínguez,1998-06-28,28.2,17.0,8.0,Midfielder,Central Midfielder,38de1wbyp2ruksgffna791n8p,1qtaiy11gswx327s0vkibf70n,Nottingham Forest FC,Nottingham Forest,Forest,NFO,0.0,0.0,0.0,0.0,0.0,0.0,0.0,0.0,0.0,0.0,0.0,0.0,0.0,0.0,0.0,1.0,0.0,0.0,0.0,0.0,0.0,,,,,,,,,,250199.0,1.0,1.0,0.0,0.0,0.0,0.0,0.0,0.0,0.0,0.0,Nicolás,Domínguez,1998-06-28,28.2,17.0,8.0,Midfielder,Central Midfielder,38de1wbyp2ruksgffna791n8p,1qtaiy11gswx327s0vkibf70n,Nottingham Forest FC,Nottingham Forest,Forest,NFO,250199.0,1.0,1.0,2.0,1.0,50.0,1.0,0.0,0.0,0.0,0.0,0.0,0.0,0.0,0.0,Nicolás,Domínguez,1998-06-28,28.2,17.0,8.0,Midfielder,Central Midfielder,38de1wbyp2ruksgffna791n8p,1qtaiy11gswx327s0vkibf70n,Nottingham Forest FC,Nottingham Forest,Forest,NFO,250199,38de1wbyp2ruksgffna791n8p,17,1qtaiy11gswx327s0vkibf70n
Nikola Milenkovic,227444.0,2.0,180.0,0.0,0.11,-0.11,2.0,0.0,0.0,0.06,Nikola,Milenkovic,1997-10-12,28.91,17.0,31.0,Defender,Central Defender,bhi4ivjgojkot4d7za72gu2nd,1qtaiy11gswx327s0vkibf70n,Nottingham Forest FC,Nottingham Forest,Forest,NFO,12.0,134.245,6.0,61.53,0.0,0.0,0.0,0.0,11.187,10.255,3.0,3.0,9.0,0.0,14.0,12.0,4.0,33.333,11.0,8.0,72.727,,,,,,,,,,227444.0,180.0,2.0,0.0,0.0,0.0,0.0,0.024,0.024,0.0,0.0,Nikola,Milenkovic,1997-10-12,28.91,17.0,31.0,Defender,Central Defender,bhi4ivjgojkot4d7za72gu2nd,1qtaiy11gswx327s0vkibf70n,Nottingham Forest FC,Nottingham Forest,Forest,NFO,227444.0,180.0,2.0,59.0,44.0,74.58,7.0,3.0,42.86,0.0,0.0,0.0,0.0,0.0,0.0,Nikola,Milenkovic,1997-10-12,28.91,17.0,31.0,Defender,Central Defender,bhi4ivjgojkot4d7za72gu2nd,1qtaiy11gswx327s0vkibf70n,Nottingham Forest FC,Nottingham Forest,Forest,NFO,227444,bhi4ivjgojkot4d7za72gu2nd,17,1qtaiy11gswx327s0vkibf70n
Nilson Angulo,536661.0,2.0,124.0,1.0,0.15,0.85,2.0,1.0,50.0,0.08,Nilson,Angulo,2003-06-19,23.22,56.0,10.0,Forward,Winger,drjbms71w0kt1pidq8q17h05w,1r3545b2dzan8yqa80gtmcjch,Sunderland AFC,Sunderland,Sunderland,SUN,19.0,198.54,9.0,52.185,0.0,0.0,0.0,0.0,10.449,5.798,2.0,1.0,9.0,0.0,0.0,16.0,9.0,56.25,7.0,2.0,28.571,,,,,,,,,,536661.0,124.0,2.0,1.0,1.0,2.38,0.0,0.051,0.051,0.0,0.0,Nilson,Angulo,2003-06-19,23.22,56.0,10.0,Forward,Winger,drjbms71w0kt1pidq8q17h05w,1r3545b2dzan8yqa80gtmcjch,Sunderland AFC,Sunderland,Sunderland,SUN,536661.0,124.0,2.0,42.0,35.0,83.33,16.0,12.0,75.0,4.0,1.0,25.0,0.0,0.0,0.0,Nilson,Angulo,2003-06-19,23.22,56.0,10.0,Forward,Winger,drjbms71w0kt1pidq8q17h05w,1r3545b2dzan8yqa80gtmcjch,Sunderland AFC,Sunderland,Sunderland,SUN,536661,drjbms71w0kt1pidq8q17h05w,56,1r3545b2dzan8yqa80gtmcjch
Noah Okafor,435997.0,2.0,93.0,0.0,0.08,-0.08,2.0,0.0,0.0,0.04,Noah,Okafor,2000-05-24,26.3,2.0,19.0,Forward,Winger,aqlu9i7yzmnmyzwuw6u93j6y1,48gk2hpqtsl6p9sx9kjhaydq4,Leeds United FC,Leeds United,Leeds,LEE,14.0,180.184,9.0,94.08,1.0,0.0,0.0,0.0,12.87,10.453,3.0,1.0,2.0,0.0,1.0,12.0,7.0,58.333,1.0,1.0,100.0,,,,,,,,,,435997.0,93.0,2.0,1.0,1.0,5.56,0.0,0.17,0.17,0.0,0.0,Noah,Okafor,2000-05-24,26.3,2.0,19.0,Forward,Winger,aqlu9i7yzmnmyzwuw6u93j6y1,48gk2hpqtsl6p9sx9kjhaydq4,Leeds United FC,Leeds United,Leeds,LEE,435997.0,93.0,2.0,19.0,11.0,57.89,10.0,3.0,30.0,5.0,2.0,40.0,0.0,0.0,0.0,Noah,Okafor,2000-05-24,26.3,2.0,19.0,Forward,Winger,aqlu9i7yzmnmyzwuw6u93j6y1,48gk2hpqtsl6p9sx9kjhaydq4,Leeds United FC,Leeds United,Leeds,LEE,435997,aqlu9i7yzmnmyzwuw6u93j6y1,2,48gk2hpqtsl6p9sx9kjhaydq4
Noah Sadiki,577669.0,2.0,180.0,0.0,0.08,-0.08,2.0,1.0,0.0,0.04,Noah,Sadiki,2004-12-17,21.73,56.0,27.0,Midfielder,Central Midfielder,dwnd8j9ok6ncbp69gmchw953o,1r3545b2dzan8yqa80gtmcjch,Sunderland AFC,Sunderland,Sunderland,SUN,25.0,295.825,14.0,136.92,0.0,0.0,1.0,0.0,11.833,9.78,3.0,2.0,4.0,1.0,3.0,17.0,11.0,64.706,2.0,2.0,100.0,,,,,,,,,,577669.0,180.0,2.0,2.0,2.0,2.15,0.0,0.049,0.049,0.0,0.0,Noah,Sadiki,2004-12-17,21.73,56.0,27.0,Midfielder,Central Midfielder,dwnd8j9ok6ncbp69gmchw953o,1r3545b2dzan8yqa80gtmcjch,Sunderland AFC,Sunderland,Sunderland,SUN,577669.0,180.0,2.0,98.0,88.0,89.8,25.0,22.0,88.0,2.0,2.0,100.0,0.0,0.0,0.0,Noah,Sadiki,2004-12-17,21.73,56.0,27.0,Midfielder,Central Midfielder,dwnd8j9ok6ncbp69gmchw953o,1r3545b2dzan8yqa80gtmcjch,Sunderland AFC,Sunderland,Sunderland,SUN,577669,dwnd8j9ok6ncbp69gmchw953o,56,1r3545b2dzan8yqa80gtmcjch
Nobel Mendy,606930.0,2.0,123.0,1.0,0.29,0.71,2.0,2.0,50.0,0.14,Nobel,Mendy,2004-09-03,22.01,88.0,32.0,Defender,Central Defender,cdsidpd0i3ub2tvw47qt813x0,f0figafm2v9h8ofo6slajj7xf,Hull City AFC,Hull City,Hull,HUL,12.0,105.854,6.0,67.515,0.0,0.0,0.0,0.0,8.821,11.252,2.0,0.0,4.0,3.0,17.0,3.0,2.0,66.667,5.0,2.0,40.0,,,,,,,,,,606930.0,123.0,2.0,0.0,0.0,0.0,0.0,0.005,0.005,0.0,0.0,Nobel,Mendy,2004-09-03,22.01,88.0,32.0,Defender,Central Defender,cdsidpd0i3ub2tvw47qt813x0,f0figafm2v9h8ofo6slajj7xf,Hull City AFC,Hull City,Hull,HUL,606930.0,123.0,2.0,46.0,39.0,84.78,10.0,6.0,60.0,0.0,0.0,0.0,0.0,0.0,0.0,Nobel,Mendy,2004-09-03,22.01,88.0,32.0,Defender,Central Defender,cdsidpd0i3ub2tvw47qt813x0,f0figafm2v9h8ofo6slajj7xf,Hull City AFC,Hull City,Hull,HUL,606930,cdsidpd0i3ub2tvw47qt813x0,88,f0figafm2v9h8ofo6slajj7xf
Noni Madueke,248857.0,1.0,22.0,0.0,0.0,0.0,0.0,0.0,0.0,0.0,Noni,Madueke,2002-03-10,24.5,3.0,20.0,Forward,Winger,e3il1t1s5lrn4g8t85fcm40oa,4dsgumo7d4zupm2ugsvm4zm4d,Arsenal FC,Arsenal,Arsenal,ARS,6.0,58.856,3.0,25.305,0.0,0.0,1.0,0.0,9.809,8.435,0.0,0.0,2.0,0.0,0.0,2.0,1.0,50.0,1.0,1.0,100.0,,,,,,,,,,248857.0,22.0,1.0,4.0,4.0,26.67,0.0,0.041,0.041,0.0,0.0,Noni,Madueke,2002-03-10,24.5,3.0,20.0,Forward,Winger,e3il1t1s5lrn4g8t85fcm40oa,4dsgumo7d4zupm2ugsvm4zm4d,Arsenal FC,Arsenal,Arsenal,ARS,248857.0,22.0,1.0,15.0,13.0,86.67,11.0,9.0,81.82,1.0,0.0,0.0,0.0,0.0,0.0,Noni,Madueke,2002-03-10,24.5,3.0,20.0,Forward,Winger,e3il1t1s5lrn4g8t85fcm40oa,4dsgumo7d4zupm2ugsvm4zm4d,Arsenal FC,Arsenal,Arsenal,ARS,248857,e3il1t1s5lrn4g8t85fcm40oa,3,4dsgumo7d4zupm2ugsvm4zm4d
Nordi Mukiele,200834.0,1.0,90.0,0.0,0.0,0.0,0.0,0.0,0.0,0.0,Nordi,Mukiele,1997-11-01,28.86,56.0,20.0,Defender,Full Back,cfg0ocm0b2icpagbtnzkrihn9,1r3545b2dzan8yqa80gtmcjch,Sunderland AFC,Sunderland,Sunderland,SUN,9.0,105.214,5.0,44.52,0.0,0.0,0.0,0.0,11.69,8.904,2.0,1.0,4.0,2.0,14.0,3.0,3.0,100.0,4.0,2.0,50.0,,,,,,,,,,200834.0,90.0,1.0,0.0,0.0,0.0,0.0,0.011,0.011,0.0,0.0,Nordi,Mukiele,1997-11-01,28.86,56.0,20.0,Defender,Full Back,cfg0ocm0b2icpagbtnzkrihn9,1r3545b2dzan8yqa80gtmcjch,Sunderland AFC,Sunderland,Sunderland,SUN,200834.0,90.0,1.0,49.0,37.0,75.51,10.0,4.0,40.0,1.0,1.0,100.0,1.0,0.0,0.0,Nordi,Mukiele,1997-11-01,28.86,56.0,20.0,Defender,Full Back,cfg0ocm0b2icpagbtnzkrihn9,1r3545b2dzan8yqa80gtmcjch,Sunderland AFC,Sunderland,Sunderland,SUN,200834,cfg0ocm0b2icpagbtnzkrihn9,56,1r3545b2dzan8yqa80gtmcjch
Noussair Mazraoui,230001.0,2.0,97.0,0.0,0.22,-0.22,1.0,0.0,0.0,0.22,Noussair,Mazraoui,1997-11-14,28.82,1.0,3.0,Defender,Full Back,7vhnftizqlyu31st2vsmgh6tx,6eqit8ye8aomdsrrq0hk3v7gh,Manchester United FC,Manchester United,Man Utd,MUN,17.0,185.982,12.0,131.46,0.0,0.0,1.0,0.0,10.94,10.955,1.0,0.0,3.0,1.0,3.0,3.0,1.0,33.333,5.0,2.0,40.0,,,,,,,,,,230001.0,97.0,2.0,2.0,2.0,2.3,0.0,0.059,0.058,0.0,0.0,Noussair,Mazraoui,1997-11-14,28.82,1.0,3.0,Defender,Full Back,7vhnftizqlyu31st2vsmgh6tx,6eqit8ye8aomdsrrq0hk3v7gh,Manchester United FC,Manchester United,Man Utd,MUN,230001.0,97.0,2.0,87.0,82.0,94.25,36.0,33.0,91.67,5.0,0.0,0.0,0.0,0.0,0.0,Noussair,Mazraoui,1997-11-14,28.82,1.0,3.0,Defender,Full Back,7vhnftizqlyu31st2vsmgh6tx,6eqit8ye8aomdsrrq0hk3v7gh,Manchester United FC,Manchester United,Man Utd,MUN,230001,7vhnftizqlyu31st2vsmgh6tx,1,6eqit8ye8aomdsrrq0hk3v7gh
Ola Aina,159506.0,2.0,160.0,0.0,0.04,-0.04,2.0,1.0,0.0,0.02,Ola,Aina,1996-10-08,29.92,17.0,34.0,Defender,Full Back,7zokstl625tj96c64ow4uvjyt,1qtaiy11gswx327s0vkibf70n,Nottingham Forest FC,Nottingham Forest,Forest,NFO,24.0,199.177,13.0,63.42,1.0,0.0,3.0,0.0,8.299,4.878,2.0,1.0,8.0,0.0,4.0,16.0,8.0,50.0,4.0,2.0,50.0,,,,,,,,,,159506.0,160.0,2.0,4.0,3.0,5.26,25.0,0.559,0.527,0.0,0.0,Ola,Aina,1996-10-08,29.92,17.0,34.0,Defender,Full Back,7zokstl625tj96c64ow4uvjyt,1qtaiy11gswx327s0vkibf70n,Nottingham Forest FC,Nottingham Forest,Forest,NFO,159506.0,160.0,2.0,58.0,37.0,63.79,11.0,7.0,63.64,6.0,2.0,33.33,0.0,0.0,0.0,Ola,Aina,1996-10-08,29.92,17.0,34.0,Defender,Full Back,7zokstl625tj96c64ow4uvjyt,1qtaiy11gswx327s0vkibf70n,Nottingham Forest FC,Nottingham Forest,Forest,NFO,159506,7zokstl625tj96c64ow4uvjyt,17,1qtaiy11gswx327s0vkibf70n
Oliver McBurnie,169432.0,2.0,180.0,0.0,0.16,-0.16,2.0,2.0,0.0,0.08,Oliver,McBurnie,1996-06-04,30.27,88.0,9.0,Forward,Striker,d3hg7lo01o84dsvzud3b6vsnp,f0figafm2v9h8ofo6slajj7xf,Hull City AFC,Hull City,Hull,HUL,8.0,73.133,1.0,-3.045,0.0,0.0,1.0,0.0,9.142,-3.045,0.0,0.0,6.0,0.0,3.0,12.0,7.0,58.333,24.0,9.0,37.5,,,,,,,,,,169432.0,180.0,2.0,3.0,3.0,7.32,0.0,0.024,0.024,0.0,0.0,Oliver,McBurnie,1996-06-04,30.27,88.0,9.0,Forward,Striker,d3hg7lo01o84dsvzud3b6vsnp,f0figafm2v9h8ofo6slajj7xf,Hull City AFC,Hull City,Hull,HUL,169432.0,180.0,2.0,41.0,21.0,51.22,18.0,8.0,44.44,0.0,0.0,0.0,0.0,0.0,0.0,Oliver,McBurnie,1996-06-04,30.27,88.0,9.0,Forward,Striker,d3hg7lo01o84dsvzud3b6vsnp,f0figafm2v9h8ofo6slajj7xf,Hull City AFC,Hull City,Hull,HUL,169432,d3hg7lo01o84dsvzud3b6vsnp,88,f0figafm2v9h8ofo6slajj7xf
Olivier Boscagli,204120.0,2.0,180.0,0.0,0.05,-0.05,1.0,1.0,0.0,0.05,Olivier,Boscagli,1997-11-18,28.81,36.0,21.0,Defender,Central Defender,d92v6n4pf20eepvli92lqau39,e5p0ehyguld7egzhiedpdnc3w,Brighton & Hove Albion FC,Brighton & Hove Albion,Brighton,BHA,25.0,201.222,14.0,133.98,0.0,0.0,0.0,0.0,8.049,9.57,1.0,3.0,6.0,1.0,4.0,10.0,4.0,40.0,5.0,2.0,40.0,,,,,,,,,,204120.0,180.0,2.0,1.0,0.0,0.0,100.0,0.145,0.084,0.0,0.0,Olivier,Boscagli,1997-11-18,28.81,36.0,21.0,Defender,Central Defender,d92v6n4pf20eepvli92lqau39,e5p0ehyguld7egzhiedpdnc3w,Brighton & Hove Albion FC,Brighton & Hove Albion,Brighton,BHA,204120.0,180.0,2.0,148.0,132.0,89.19,48.0,35.0,72.92,4.0,1.0,25.0,1.0,0.0,0.0,Olivier,Boscagli,1997-11-18,28.81,36.0,21.0,Defender,Central Defender,d92v6n4pf20eepvli92lqau39,e5p0ehyguld7egzhiedpdnc3w,Brighton & Hove Albion FC,Brighton & Hove Albion,Brighton,BHA,204120,d92v6n4pf20eepvli92lqau39,36,e5p0ehyguld7egzhiedpdnc3w
Omar Alderete,201895.0,1.0,23.0,0.0,0.0,0.0,0.0,0.0,0.0,0.0,Omar,Alderete,1996-12-26,29.71,56.0,15.0,Defender,Central Defender,2o3bka7gokfjkej1f600ovbo5,1r3545b2dzan8yqa80gtmcjch,Sunderland AFC,Sunderland,Sunderland,SUN,11.0,92.279,8.0,74.025,0.0,0.0,0.0,0.0,8.389,9.253,0.0,0.0,2.0,0.0,0.0,0.0,0.0,0.0,1.0,1.0,100.0,,,,,,,,,,201895.0,23.0,1.0,0.0,0.0,0.0,0.0,0.008,0.008,0.0,0.0,Omar,Alderete,1996-12-26,29.71,56.0,15.0,Defender,Central Defender,2o3bka7gokfjkej1f600ovbo5,1r3545b2dzan8yqa80gtmcjch,Sunderland AFC,Sunderland,Sunderland,SUN,201895.0,23.0,1.0,37.0,34.0,91.89,7.0,6.0,85.71,0.0,0.0,0.0,0.0,0.0,0.0,Omar,Alderete,1996-12-26,29.71,56.0,15.0,Defender,Central Defender,2o3bka7gokfjkej1f600ovbo5,1r3545b2dzan8yqa80gtmcjch,Sunderland AFC,Sunderland,Sunderland,SUN,201895,2o3bka7gokfjkej1f600ovbo5,56,1r3545b2dzan8yqa80gtmcjch
Omar Marmoush,438234.0,1.0,90.0,0.0,0.17,-0.17,3.0,1.0,0.0,0.06,Omar Khaled Mohamed Abdelsalam,Marmoush,1999-02-07,27.59,6.0,22.0,Forward,Striker,b8if5dg0k9prjik99aiutewh5,22doj4sgsocqpxw45h607udje,Tottenham Hotspur FC,Tottenham Hotspur,Spurs,TOT,12.0,190.473,8.0,120.33,1.0,0.0,2.0,0.0,15.873,15.041,1.0,0.0,3.0,0.0,0.0,9.0,6.0,66.667,3.0,0.0,0.0,,,,,,,,,,438234.0,90.0,1.0,3.0,3.0,15.79,0.0,0.069,0.069,0.0,0.0,Omar Khaled Mohamed Abdelsalam,Marmoush,1999-02-07,27.59,6.0,22.0,Forward,Striker,b8if5dg0k9prjik99aiutewh5,22doj4sgsocqpxw45h607udje,Tottenham Hotspur FC,Tottenham Hotspur,Spurs,TOT,438234.0,90.0,1.0,19.0,19.0,100.0,12.0,12.0,100.0,0.0,0.0,0.0,0.0,0.0,0.0,Omar Khaled Mohamed Abdelsalam,Marmoush,1999-02-07,27.59,6.0,22.0,Forward,Striker,b8if5dg0k9prjik99aiutewh5,22doj4sgsocqpxw45h607udje,Tottenham Hotspur FC,Tottenham Hotspur,Spurs,TOT,438234,b8if5dg0k9prjik99aiutewh5,6,22doj4sgsocqpxw45h607udje
Oscar Bobb,477555.0,2.0,135.0,0.0,0.0,0.0,0.0,0.0,0.0,0.0,Oscar,Bobb,2003-07-12,23.16,54.0,14.0,Midfielder,Winger,58de7rbubnxjraen49dxpaqne,hzqh7z0mdl3v7gwete66syxp,Fulham FC,Fulham,Fulham,FUL,19.0,242.548,11.0,141.435,0.0,0.0,1.0,0.0,12.766,12.858,5.0,2.0,4.0,0.0,0.0,18.0,9.0,50.0,4.0,1.0,25.0,,,,,,,,,,477555.0,135.0,2.0,2.0,2.0,4.08,0.0,0.273,0.273,0.0,0.0,Oscar,Bobb,2003-07-12,23.16,54.0,14.0,Midfielder,Winger,58de7rbubnxjraen49dxpaqne,hzqh7z0mdl3v7gwete66syxp,Fulham FC,Fulham,Fulham,FUL,477555.0,135.0,2.0,50.0,41.0,82.0,27.0,20.0,74.07,0.0,0.0,0.0,0.0,0.0,0.0,Oscar,Bobb,2003-07-12,23.16,54.0,14.0,Midfielder,Winger,58de7rbubnxjraen49dxpaqne,hzqh7z0mdl3v7gwete66syxp,Fulham FC,Fulham,Fulham,FUL,477555,58de7rbubnxjraen49dxpaqne,54,hzqh7z0mdl3v7gwete66syxp
Ousmane Diomande,568420.0,0.0,0.0,0.0,0.0,0.0,0.0,0.0,0.0,0.0,Ousmane,Diomande,2003-12-04,22.76,17.0,2.0,Defender,Central Defender,568420,1qtaiy11gswx327s0vkibf70n,Nottingham Forest FC,Nottingham Forest,Forest,NFO,0.0,0.0,0.0,0.0,0.0,0.0,0.0,0.0,0.0,0.0,0.0,0.0,0.0,0.0,0.0,0.0,0.0,0.0,0.0,0.0,0.0,,,,,,,,,,568420.0,0.0,0.0,0.0,0.0,0.0,0.0,0.0,0.0,0.0,0.0,Ousmane,Diomande,2003-12-04,22.76,17.0,2.0,Defender,Central Defender,568420,1qtaiy11gswx327s0vkibf70n,Nottingham Forest FC,Nottingham Forest,Forest,NFO,568420.0,0.0,0.0,0.0,0.0,0.0,0.0,0.0,0.0,0.0,0.0,0.0,0.0,0.0,0.0,Ousmane,Diomande,2003-12-04,22.76,17.0,2.0,Defender,Central Defender,568420,1qtaiy11gswx327s0vkibf70n,Nottingham Forest FC,Nottingham Forest,Forest,NFO,568420,568420,17,1qtaiy11gswx327s0vkibf70n
Paddy McNair,160817.0,1.0,26.0,0.0,0.0,0.0,0.0,0.0,0.0,0.0,Paddy,McNair,1995-04-27,31.38,88.0,17.0,Defender,Central Defender,5idfnf5wxqpdl73697xm2qb4l,f0figafm2v9h8ofo6slajj7xf,Hull City AFC,Hull City,Hull,HUL,1.0,18.911,1.0,12.705,0.0,0.0,0.0,0.0,18.911,12.705,0.0,0.0,1.0,0.0,2.0,0.0,0.0,0.0,1.0,0.0,0.0,,,,,,,,,,160817.0,26.0,1.0,0.0,0.0,0.0,0.0,0.0,0.0,0.0,0.0,Paddy,McNair,1995-04-27,31.38,88.0,17.0,Defender,Central Defender,5idfnf5wxqpdl73697xm2qb4l,f0figafm2v9h8ofo6slajj7xf,Hull City AFC,Hull City,Hull,HUL,160817.0,26.0,1.0,4.0,3.0,75.0,0.0,0.0,0.0,0.0,0.0,0.0,0.0,0.0,0.0,Paddy,McNair,1995-04-27,31.38,88.0,17.0,Defender,Central Defender,5idfnf5wxqpdl73697xm2qb4l,f0figafm2v9h8ofo6slajj7xf,Hull City AFC,Hull City,Hull,HUL,160817,5idfnf5wxqpdl73697xm2qb4l,88,f0figafm2v9h8ofo6slajj7xf
Pascal Groß,60307.0,2.0,180.0,1.0,0.05,0.95,1.0,1.0,100.0,0.05,Pascal,Groß,1991-06-15,35.24,36.0,13.0,Midfielder,Central Midfielder,3k6znit6fd9mbfcnphlwyvj6d,e5p0ehyguld7egzhiedpdnc3w,Brighton & Hove Albion FC,Brighton & Hove Albion,Brighton,BHA,37.0,403.639,19.0,145.425,0.0,0.0,1.0,0.0,10.909,7.654,4.0,0.0,5.0,1.0,1.0,9.0,4.0,44.444,1.0,1.0,100.0,,,,,,,,,,60307.0,180.0,2.0,6.0,6.0,4.48,0.0,0.378,0.362,0.0,0.0,Pascal,Groß,1991-06-15,35.24,36.0,13.0,Midfielder,Central Midfielder,3k6znit6fd9mbfcnphlwyvj6d,e5p0ehyguld7egzhiedpdnc3w,Brighton & Hove Albion FC,Brighton & Hove Albion,Brighton,BHA,60307.0,180.0,2.0,140.0,127.0,90.71,45.0,33.0,73.33,10.0,2.0,20.0,0.0,0.0,0.0,Pascal,Groß,1991-06-15,35.24,36.0,13.0,Midfielder,Central Midfielder,3k6znit6fd9mbfcnphlwyvj6d,e5p0ehyguld7egzhiedpdnc3w,Brighton & Hove Albion FC,Brighton & Hove Albion,Brighton,BHA,60307,3k6znit6fd9mbfcnphlwyvj6d,36,e5p0ehyguld7egzhiedpdnc3w
Pascal Struijk,222694.0,0.0,0.0,0.0,0.0,0.0,0.0,0.0,0.0,0.0,Pascal,Struijk,1999-08-11,27.08,36.0,4.0,Defender,Central Defender,222694,e5p0ehyguld7egzhiedpdnc3w,Brighton & Hove Albion FC,Brighton & Hove Albion,Brighton,BHA,0.0,0.0,0.0,0.0,0.0,0.0,0.0,0.0,0.0,0.0,0.0,0.0,0.0,0.0,0.0,0.0,0.0,0.0,0.0,0.0,0.0,,,,,,,,,,222694.0,0.0,0.0,0.0,0.0,0.0,0.0,0.0,0.0,0.0,0.0,Pascal,Struijk,1999-08-11,27.08,36.0,4.0,Defender,Central Defender,222694,e5p0ehyguld7egzhiedpdnc3w,Brighton & Hove Albion FC,Brighton & Hove Albion,Brighton,BHA,222694.0,0.0,0.0,0.0,0.0,0.0,0.0,0.0,0.0,0.0,0.0,0.0,0.0,0.0,0.0,Pascal,Struijk,1999-08-11,27.08,36.0,4.0,Defender,Central Defender,222694,e5p0ehyguld7egzhiedpdnc3w,Brighton & Hove Albion FC,Brighton & Hove Albion,Brighton,BHA,222694,222694,36,e5p0ehyguld7egzhiedpdnc3w
Patrick Dorgu,596777.0,2.0,55.0,0.0,0.65,-0.65,5.0,1.0,0.0,0.13,Patrick,Dorgu,2004-10-26,21.87,1.0,13.0,Defender,Full Back,cr5wtg3ulqjts3lu3xpnmlmac,6eqit8ye8aomdsrrq0hk3v7gh,Manchester United FC,Manchester United,Man Utd,MUN,7.0,95.888,3.0,62.79,1.0,0.0,1.0,0.0,13.698,20.93,1.0,1.0,0.0,0.0,1.0,5.0,1.0,20.0,5.0,3.0,60.0,,,,,,,,,,596777.0,55.0,2.0,1.0,1.0,5.88,0.0,0.034,0.034,0.0,0.0,Patrick,Dorgu,2004-10-26,21.87,1.0,13.0,Defender,Full Back,cr5wtg3ulqjts3lu3xpnmlmac,6eqit8ye8aomdsrrq0hk3v7gh,Manchester United FC,Manchester United,Man Utd,MUN,596777.0,55.0,2.0,17.0,13.0,76.47,7.0,4.0,57.14,0.0,0.0,0.0,0.0,0.0,0.0,Patrick,Dorgu,2004-10-26,21.87,1.0,13.0,Defender,Full Back,cr5wtg3ulqjts3lu3xpnmlmac,6eqit8ye8aomdsrrq0hk3v7gh,Manchester United FC,Manchester United,Man Utd,MUN,596777,cr5wtg3ulqjts3lu3xpnmlmac,1,6eqit8ye8aomdsrrq0hk3v7gh
Pau Torres,244954.0,2.0,164.0,0.0,0.0,0.0,0.0,0.0,0.0,0.0,Pau,Torres,1997-01-16,29.65,7.0,14.0,Defender,Central Defender,57s7gfvt5btbfzm600wn7df55,b496gs285it6bheuikox6z9mj,Aston Villa FC,Aston Villa,Villa,AVL,23.0,289.92,15.0,175.98,0.0,0.0,0.0,0.0,12.605,11.732,1.0,1.0,9.0,0.0,7.0,5.0,1.0,20.0,3.0,1.0,33.333,,,,,,,,,,244954.0,164.0,2.0,0.0,0.0,0.0,0.0,0.008,0.008,0.0,0.0,Pau,Torres,1997-01-16,29.65,7.0,14.0,Defender,Central Defender,57s7gfvt5btbfzm600wn7df55,b496gs285it6bheuikox6z9mj,Aston Villa FC,Aston Villa,Villa,AVL,244954.0,164.0,2.0,78.0,61.0,78.21,11.0,8.0,72.73,1.0,0.0,0.0,0.0,0.0,0.0,Pau,Torres,1997-01-16,29.65,7.0,14.0,Defender,Central Defender,57s7gfvt5btbfzm600wn7df55,b496gs285it6bheuikox6z9mj,Aston Villa FC,Aston Villa,Villa,AVL,244954,57s7gfvt5btbfzm600wn7df55,7,b496gs285it6bheuikox6z9mj
Pedro Neto,247632.0,2.0,82.0,1.0,0.44,0.56,3.0,2.0,33.33,0.15,Pedro,Lomba Neto,2000-03-09,26.5,8.0,7.0,Forward,Winger,6psklvi66inwws7buzf16yjft,9q0arba2kbnywth8bkxlhgmdr,Chelsea FC,Chelsea,Chelsea,CHE,7.0,81.793,4.0,26.565,1.0,0.0,1.0,0.0,11.685,6.641,1.0,1.0,4.0,0.0,2.0,9.0,6.0,66.667,1.0,1.0,100.0,,,,,,,,,,247632.0,82.0,2.0,2.0,1.0,6.25,50.0,0.395,0.223,0.0,0.0,Pedro,Lomba Neto,2000-03-09,26.5,8.0,7.0,Forward,Winger,6psklvi66inwws7buzf16yjft,9q0arba2kbnywth8bkxlhgmdr,Chelsea FC,Chelsea,Chelsea,CHE,247632.0,82.0,2.0,17.0,12.0,70.59,9.0,6.0,66.67,2.0,1.0,50.0,0.0,0.0,0.0,Pedro,Lomba Neto,2000-03-09,26.5,8.0,7.0,Forward,Winger,6psklvi66inwws7buzf16yjft,9q0arba2kbnywth8bkxlhgmdr,Chelsea FC,Chelsea,Chelsea,CHE,247632,6psklvi66inwws7buzf16yjft,8,9q0arba2kbnywth8bkxlhgmdr
Pedro Porro,441164.0,1.0,90.0,0.0,0.33,-0.33,4.0,1.0,0.0,0.08,Pedro,Porro,1999-09-13,26.99,6.0,23.0,Defender,Full Back,77yaqzy45dxtzicao00jxrlgq,22doj4sgsocqpxw45h607udje,Tottenham Hotspur FC,Tottenham Hotspur,Spurs,TOT,5.0,36.022,4.0,24.045,1.0,0.0,0.0,0.0,7.204,6.011,1.0,0.0,2.0,0.0,3.0,8.0,4.0,50.0,1.0,1.0,100.0,,,,,,,,,,441164.0,90.0,1.0,0.0,0.0,0.0,0.0,0.099,0.099,0.0,0.0,Pedro,Porro,1999-09-13,26.99,6.0,23.0,Defender,Full Back,77yaqzy45dxtzicao00jxrlgq,22doj4sgsocqpxw45h607udje,Tottenham Hotspur FC,Tottenham Hotspur,Spurs,TOT,441164.0,90.0,1.0,31.0,23.0,74.19,20.0,14.0,70.0,4.0,1.0,25.0,0.0,0.0,0.0,Pedro,Porro,1999-09-13,26.99,6.0,23.0,Defender,Full Back,77yaqzy45dxtzicao00jxrlgq,22doj4sgsocqpxw45h607udje,Tottenham Hotspur FC,Tottenham Hotspur,Spurs,TOT,441164,77yaqzy45dxtzicao00jxrlgq,6,22doj4sgsocqpxw45h607udje
Pep Chavarría,498444.0,2.0,43.0,0.0,0.0,0.0,0.0,0.0,0.0,0.0,Pep,Chavarría,1998-04-10,28.42,8.0,29.0,Defender,Full Back,amt4voyjzhnvr55t08hzlw50q,9q0arba2kbnywth8bkxlhgmdr,Chelsea FC,Chelsea,Chelsea,CHE,1.0,7.008,0.0,-6.09,0.0,0.0,0.0,0.0,7.008,0.0,1.0,0.0,2.0,0.0,3.0,2.0,1.0,50.0,1.0,0.0,0.0,,,,,,,,,,498444.0,43.0,2.0,0.0,0.0,0.0,0.0,0.02,0.02,0.0,0.0,Pep,Chavarría,1998-04-10,28.42,8.0,29.0,Defender,Full Back,amt4voyjzhnvr55t08hzlw50q,9q0arba2kbnywth8bkxlhgmdr,Chelsea FC,Chelsea,Chelsea,CHE,498444.0,43.0,2.0,12.0,9.0,75.0,3.0,2.0,66.67,0.0,0.0,0.0,0.0,0.0,0.0,Pep,Chavarría,1998-04-10,28.42,8.0,29.0,Defender,Full Back,amt4voyjzhnvr55t08hzlw50q,9q0arba2kbnywth8bkxlhgmdr,Chelsea FC,Chelsea,Chelsea,CHE,498444,amt4voyjzhnvr55t08hzlw50q,8,9q0arba2kbnywth8bkxlhgmdr
Phil Foden,209244.0,2.0,172.0,0.0,0.99,-0.99,5.0,0.0,0.0,0.2,Phil,Foden,2000-05-28,26.28,43.0,47.0,Midfielder,Attacking Midfielder,693z0rzfh3m0h0wsma9v8c9ux,a3nyxabgsqlnqfkeg41m6tnpp,Manchester City FC,Manchester City,Man City,MCI,39.0,404.359,13.0,37.275,0.0,0.0,2.0,2.0,10.368,2.867,4.0,0.0,7.0,0.0,2.0,22.0,11.0,50.0,3.0,1.0,33.333,,,,,,,,,,209244.0,172.0,2.0,5.0,4.0,2.0,20.0,0.853,0.821,2.0,2.0,Phil,Foden,2000-05-28,26.28,43.0,47.0,Midfielder,Attacking Midfielder,693z0rzfh3m0h0wsma9v8c9ux,a3nyxabgsqlnqfkeg41m6tnpp,Manchester City FC,Manchester City,Man City,MCI,209244.0,172.0,2.0,102.0,87.0,85.29,39.0,29.0,74.36,5.0,2.0,40.0,4.0,2.0,50.0,Phil,Foden,2000-05-28,26.28,43.0,47.0,Midfielder,Attacking Midfielder,693z0rzfh3m0h0wsma9v8c9ux,a3nyxabgsqlnqfkeg41m6tnpp,Manchester City FC,Manchester City,Man City,MCI,209244,693z0rzfh3m0h0wsma9v8c9ux,43,a3nyxabgsqlnqfkeg41m6tnpp
Piero Hincapié,448104.0,1.0,9.0,0.0,0.0,0.0,0.0,0.0,0.0,0.0,Piero,Hincapié,2002-01-09,24.67,3.0,5.0,Defender,Central Defender,4foax2b7unlkev1eq6py86lii,4dsgumo7d4zupm2ugsvm4zm4d,Arsenal FC,Arsenal,Arsenal,ARS,3.0,35.438,3.0,34.65,0.0,0.0,0.0,0.0,11.813,11.55,0.0,0.0,0.0,0.0,0.0,0.0,0.0,0.0,1.0,0.0,0.0,,,,,,,,,,448104.0,9.0,1.0,0.0,0.0,0.0,0.0,0.003,0.003,0.0,0.0,Piero,Hincapié,2002-01-09,24.67,3.0,5.0,Defender,Central Defender,4foax2b7unlkev1eq6py86lii,4dsgumo7d4zupm2ugsvm4zm4d,Arsenal FC,Arsenal,Arsenal,ARS,448104.0,9.0,1.0,5.0,5.0,100.0,2.0,2.0,100.0,1.0,0.0,0.0,0.0,0.0,0.0,Piero,Hincapié,2002-01-09,24.67,3.0,5.0,Defender,Central Defender,4foax2b7unlkev1eq6py86lii,4dsgumo7d4zupm2ugsvm4zm4d,Arsenal FC,Arsenal,Arsenal,ARS,448104,4foax2b7unlkev1eq6py86lii,3,4dsgumo7d4zupm2ugsvm4zm4d
Promise David,538007.0,1.0,10.0,0.0,0.0,0.0,0.0,0.0,0.0,0.0,Promise,David,2001-07-03,25.19,36.0,12.0,Forward,Striker,aegelvfjdhtpcwb2r63ixksgk,e5p0ehyguld7egzhiedpdnc3w,Brighton & Hove Albion FC,Brighton & Hove Albion,Brighton,BHA,0.0,0.0,0.0,0.0,0.0,0.0,0.0,0.0,0.0,0.0,0.0,0.0,0.0,0.0,0.0,0.0,0.0,0.0,1.0,0.0,0.0,,,,,,,,,,538007.0,10.0,1.0,0.0,0.0,0.0,0.0,0.002,0.002,0.0,0.0,Promise,David,2001-07-03,25.19,36.0,12.0,Forward,Striker,aegelvfjdhtpcwb2r63ixksgk,e5p0ehyguld7egzhiedpdnc3w,Brighton & Hove Albion FC,Brighton & Hove Albion,Brighton,BHA,538007.0,10.0,1.0,5.0,5.0,100.0,2.0,2.0,100.0,0.0,0.0,0.0,0.0,0.0,0.0,Promise,David,2001-07-03,25.19,36.0,12.0,Forward,Striker,aegelvfjdhtpcwb2r63ixksgk,e5p0ehyguld7egzhiedpdnc3w,Brighton & Hove Albion FC,Brighton & Hove Albion,Brighton,BHA,538007,aegelvfjdhtpcwb2r63ixksgk,36,e5p0ehyguld7egzhiedpdnc3w
Rayan,499604.0,2.0,179.0,0.0,0.44,-0.44,6.0,3.0,0.0,0.07,Rayan Vitor,Simplício Rocha,2006-08-03,20.1,91.0,37.0,Forward,Striker,db59xs6wi27mder57ocnlidjo,1pse9ta7a45pi2w2grjim70ge,AFC Bournemouth,Bournemouth,Bournemouth,BOU,21.0,221.362,9.0,80.115,2.0,0.0,1.0,0.0,10.541,8.902,1.0,1.0,3.0,0.0,1.0,9.0,1.0,11.111,15.0,5.0,33.333,,,,,,,,,,499604.0,179.0,2.0,1.0,1.0,3.03,0.0,0.048,0.048,0.0,0.0,Rayan Vitor,Simplício Rocha,2006-08-03,20.1,91.0,37.0,Forward,Striker,db59xs6wi27mder57ocnlidjo,1pse9ta7a45pi2w2grjim70ge,AFC Bournemouth,Bournemouth,Bournemouth,BOU,499604.0,179.0,2.0,33.0,23.0,69.7,18.0,12.0,66.67,0.0,0.0,0.0,0.0,0.0,0.0,Rayan Vitor,Simplício Rocha,2006-08-03,20.1,91.0,37.0,Forward,Striker,db59xs6wi27mder57ocnlidjo,1pse9ta7a45pi2w2grjim70ge,AFC Bournemouth,Bournemouth,Bournemouth,BOU,499604,db59xs6wi27mder57ocnlidjo,91,1pse9ta7a45pi2w2grjim70ge
Rayan Aït-Nouri,448514.0,0.0,0.0,0.0,0.0,0.0,0.0,0.0,0.0,0.0,Rayan,Aït-Nouri,2001-06-06,25.26,43.0,21.0,Defender,Full Back,448514,a3nyxabgsqlnqfkeg41m6tnpp,Manchester City FC,Manchester City,Man City,MCI,0.0,0.0,0.0,0.0,0.0,0.0,0.0,0.0,0.0,0.0,0.0,0.0,0.0,0.0,0.0,0.0,0.0,0.0,0.0,0.0,0.0,,,,,,,,,,448514.0,0.0,0.0,0.0,0.0,0.0,0.0,0.0,0.0,0.0,0.0,Rayan,Aït-Nouri,2001-06-06,25.26,43.0,21.0,Defender,Full Back,448514,a3nyxabgsqlnqfkeg41m6tnpp,Manchester City FC,Manchester City,Man City,MCI,448514.0,0.0,0.0,0.0,0.0,0.0,0.0,0.0,0.0,0.0,0.0,0.0,0.0,0.0,0.0,Rayan,Aït-Nouri,2001-06-06,25.26,43.0,21.0,Defender,Full Back,448514,a3nyxabgsqlnqfkeg41m6tnpp,Manchester City FC,Manchester City,Man City,MCI,448514,448514,43,a3nyxabgsqlnqfkeg41m6tnpp
Rayan Cherki,466052.0,2.0,109.0,2.0,0.35,1.65,3.0,3.0,66.67,0.12,Rayan,Cherki,2003-08-17,23.06,43.0,10.0,Midfielder,Attacking Midfielder,1ehcji0j9s8b0qsj8v5zinjvu,a3nyxabgsqlnqfkeg41m6tnpp,Manchester City FC,Manchester City,Man City,MCI,31.0,365.593,12.0,120.75,2.0,2.0,3.0,0.0,11.793,10.062,0.0,0.0,3.0,0.0,0.0,12.0,3.0,25.0,2.0,0.0,0.0,,,,,,,,,,466052.0,109.0,2.0,7.0,6.0,6.49,0.0,1.046,0.948,2.0,1.0,Rayan,Cherki,2003-08-17,23.06,43.0,10.0,Midfielder,Attacking Midfielder,1ehcji0j9s8b0qsj8v5zinjvu,a3nyxabgsqlnqfkeg41m6tnpp,Manchester City FC,Manchester City,Man City,MCI,466052.0,109.0,2.0,81.0,75.0,92.59,27.0,21.0,77.78,1.0,0.0,0.0,1.0,1.0,100.0,Rayan,Cherki,2003-08-17,23.06,43.0,10.0,Midfielder,Attacking Midfielder,1ehcji0j9s8b0qsj8v5zinjvu,a3nyxabgsqlnqfkeg41m6tnpp,Manchester City FC,Manchester City,Man City,MCI,466052,1ehcji0j9s8b0qsj8v5zinjvu,43,a3nyxabgsqlnqfkeg41m6tnpp
Reece James,225796.0,2.0,112.0,0.0,0.1,-0.1,2.0,1.0,0.0,0.05,Reece,James,1999-12-08,26.76,8.0,24.0,Defender,Full Back,dczrgxyolp7lcz413wkz7ap61,9q0arba2kbnywth8bkxlhgmdr,Chelsea FC,Chelsea,Chelsea,CHE,7.0,72.842,3.0,19.215,0.0,0.0,0.0,0.0,10.406,6.405,0.0,2.0,5.0,2.0,2.0,4.0,0.0,0.0,1.0,1.0,100.0,,,,,,,,,,225796.0,112.0,2.0,1.0,1.0,1.82,0.0,0.073,0.072,0.0,0.0,Reece,James,1999-12-08,26.76,8.0,24.0,Defender,Full Back,dczrgxyolp7lcz413wkz7ap61,9q0arba2kbnywth8bkxlhgmdr,Chelsea FC,Chelsea,Chelsea,CHE,225796.0,112.0,2.0,56.0,48.0,85.71,9.0,6.0,66.67,1.0,1.0,100.0,0.0,0.0,0.0,Reece,James,1999-12-08,26.76,8.0,24.0,Defender,Full Back,dczrgxyolp7lcz413wkz7ap61,9q0arba2kbnywth8bkxlhgmdr,Chelsea FC,Chelsea,Chelsea,CHE,225796,dczrgxyolp7lcz413wkz7ap61,8,9q0arba2kbnywth8bkxlhgmdr
Regan Slater,243413.0,2.0,180.0,0.0,0.0,0.0,0.0,0.0,0.0,0.0,Regan,Slater,1999-09-11,27.0,88.0,27.0,Midfielder,Defensive Midfielder,4na6y8lqidwajp19myp5l7bvt,f0figafm2v9h8ofo6slajj7xf,Hull City AFC,Hull City,Hull,HUL,16.0,169.424,4.0,23.205,0.0,0.0,0.0,0.0,10.589,5.801,5.0,0.0,6.0,0.0,2.0,12.0,6.0,50.0,3.0,1.0,33.333,,,,,,,,,,243413.0,180.0,2.0,1.0,0.0,0.0,0.0,0.447,0.013,1.0,0.0,Regan,Slater,1999-09-11,27.0,88.0,27.0,Midfielder,Defensive Midfielder,4na6y8lqidwajp19myp5l7bvt,f0figafm2v9h8ofo6slajj7xf,Hull City AFC,Hull City,Hull,HUL,243413.0,180.0,2.0,50.0,39.0,78.0,17.0,10.0,58.82,0.0,0.0,0.0,0.0,0.0,0.0,Regan,Slater,1999-09-11,27.0,88.0,27.0,Midfielder,Defensive Midfielder,4na6y8lqidwajp19myp5l7bvt,f0figafm2v9h8ofo6slajj7xf,Hull City AFC,Hull City,Hull,HUL,243413,4na6y8lqidwajp19myp5l7bvt,88,f0figafm2v9h8ofo6slajj7xf
Reinildo Mandava,434399.0,2.0,180.0,0.0,0.0,0.0,0.0,0.0,0.0,0.0,Reinildo Isnard,Mandava,1994-01-21,32.64,56.0,17.0,Defender,Full Back,cj3dik1dqyo2nf1jgmyn471sl,1r3545b2dzan8yqa80gtmcjch,Sunderland AFC,Sunderland,Sunderland,SUN,14.0,119.99,6.0,26.145,0.0,0.0,0.0,0.0,8.571,4.358,4.0,4.0,8.0,1.0,6.0,19.0,8.0,42.105,8.0,6.0,75.0,,,,,,,,,,434399.0,180.0,2.0,2.0,2.0,2.22,0.0,0.303,0.303,0.0,0.0,Reinildo Isnard,Mandava,1994-01-21,32.64,56.0,17.0,Defender,Full Back,cj3dik1dqyo2nf1jgmyn471sl,1r3545b2dzan8yqa80gtmcjch,Sunderland AFC,Sunderland,Sunderland,SUN,434399.0,180.0,2.0,91.0,79.0,86.81,20.0,16.0,80.0,3.0,1.0,33.33,1.0,0.0,0.0,Reinildo Isnard,Mandava,1994-01-21,32.64,56.0,17.0,Defender,Full Back,cj3dik1dqyo2nf1jgmyn471sl,1r3545b2dzan8yqa80gtmcjch,Sunderland AFC,Sunderland,Sunderland,SUN,434399,cj3dik1dqyo2nf1jgmyn471sl,56,1r3545b2dzan8yqa80gtmcjch
Riccardo Calafiori,466075.0,2.0,171.0,0.0,0.15,-0.15,2.0,0.0,0.0,0.07,Riccardo,Calafiori,2002-05-19,24.31,3.0,33.0,Defender,Full Back,dhs8pujk55ewcis7y5alchu22,4dsgumo7d4zupm2ugsvm4zm4d,Arsenal FC,Arsenal,Arsenal,ARS,10.0,96.069,6.0,55.86,0.0,0.0,0.0,0.0,9.607,9.31,2.0,1.0,5.0,0.0,5.0,5.0,3.0,60.0,5.0,4.0,80.0,,,,,,,,,,466075.0,171.0,2.0,2.0,2.0,0.0,0.0,0.553,0.553,2.0,2.0,Riccardo,Calafiori,2002-05-19,24.31,3.0,33.0,Defender,Full Back,dhs8pujk55ewcis7y5alchu22,4dsgumo7d4zupm2ugsvm4zm4d,Arsenal FC,Arsenal,Arsenal,ARS,466075.0,171.0,2.0,45.0,39.0,86.67,15.0,13.0,86.67,1.0,0.0,0.0,0.0,0.0,0.0,Riccardo,Calafiori,2002-05-19,24.31,3.0,33.0,Defender,Full Back,dhs8pujk55ewcis7y5alchu22,4dsgumo7d4zupm2ugsvm4zm4d,Arsenal FC,Arsenal,Arsenal,ARS,466075,dhs8pujk55ewcis7y5alchu22,3,4dsgumo7d4zupm2ugsvm4zm4d
Richarlison,212319.0,1.0,68.0,0.0,0.0,0.0,0.0,0.0,0.0,0.0,Richarlison,de Andrade,1997-05-10,29.34,6.0,9.0,Forward,Second Striker,c5zmr0m17riujelm4up44etih,22doj4sgsocqpxw45h607udje,Tottenham Hotspur FC,Tottenham Hotspur,Spurs,TOT,3.0,18.244,0.0,-15.435,0.0,0.0,0.0,0.0,6.081,0.0,0.0,0.0,0.0,0.0,1.0,7.0,2.0,28.571,4.0,0.0,0.0,,,,,,,,,,212319.0,68.0,1.0,0.0,0.0,0.0,0.0,0.004,0.004,0.0,0.0,Richarlison,de Andrade,1997-05-10,29.34,6.0,9.0,Forward,Second Striker,c5zmr0m17riujelm4up44etih,22doj4sgsocqpxw45h607udje,Tottenham Hotspur FC,Tottenham Hotspur,Spurs,TOT,212319.0,68.0,1.0,9.0,8.0,88.89,3.0,2.0,66.67,0.0,0.0,0.0,0.0,0.0,0.0,Richarlison,de Andrade,1997-05-10,29.34,6.0,9.0,Forward,Second Striker,c5zmr0m17riujelm4up44etih,22doj4sgsocqpxw45h607udje,Tottenham Hotspur FC,Tottenham Hotspur,Spurs,TOT,212319,c5zmr0m17riujelm4up44etih,6,22doj4sgsocqpxw45h607udje
Rico Henry,194010.0,1.0,2.0,0.0,0.0,0.0,0.0,0.0,0.0,0.0,Rico,Henry,1997-07-08,29.18,94.0,3.0,Defender,Full Back,2nzefp5pwvldt2ttmxfeakamt,7yx5dqhhphyvfisohikodajhv,Brentford FC,Brentford,Brentford,BRE,1.0,15.854,1.0,5.25,0.0,0.0,0.0,0.0,15.854,5.25,0.0,0.0,0.0,0.0,0.0,0.0,0.0,0.0,0.0,0.0,0.0,,,,,,,,,,194010.0,2.0,1.0,0.0,0.0,0.0,0.0,0.0,0.0,0.0,0.0,Rico,Henry,1997-07-08,29.18,94.0,3.0,Defender,Full Back,2nzefp5pwvldt2ttmxfeakamt,7yx5dqhhphyvfisohikodajhv,Brentford FC,Brentford,Brentford,BRE,194010.0,2.0,1.0,1.0,0.0,0.0,1.0,0.0,0.0,0.0,0.0,0.0,0.0,0.0,0.0,Rico,Henry,1997-07-08,29.18,94.0,3.0,Defender,Full Back,2nzefp5pwvldt2ttmxfeakamt,7yx5dqhhphyvfisohikodajhv,Brentford FC,Brentford,Brentford,BRE,194010,2nzefp5pwvldt2ttmxfeakamt,94,7yx5dqhhphyvfisohikodajhv
Rico Lewis,477064.0,1.0,57.0,0.0,0.17,-0.17,1.0,1.0,0.0,0.17,Rico,Lewis,2004-11-21,21.8,43.0,82.0,Defender,Full Back,d0azo0spzov2hg6ul40l58e3u,a3nyxabgsqlnqfkeg41m6tnpp,Manchester City FC,Manchester City,Man City,MCI,7.0,72.198,4.0,28.245,0.0,0.0,0.0,0.0,10.314,7.061,0.0,2.0,0.0,0.0,0.0,9.0,2.0,22.222,1.0,1.0,100.0,,,,,,,,,,477064.0,57.0,1.0,0.0,0.0,0.0,0.0,0.018,0.018,0.0,0.0,Rico,Lewis,2004-11-21,21.8,43.0,82.0,Defender,Full Back,d0azo0spzov2hg6ul40l58e3u,a3nyxabgsqlnqfkeg41m6tnpp,Manchester City FC,Manchester City,Man City,MCI,477064.0,57.0,1.0,26.0,24.0,92.31,10.0,9.0,90.0,2.0,0.0,0.0,0.0,0.0,0.0,Rico,Lewis,2004-11-21,21.8,43.0,82.0,Defender,Full Back,d0azo0spzov2hg6ul40l58e3u,a3nyxabgsqlnqfkeg41m6tnpp,Manchester City FC,Manchester City,Man City,MCI,477064,d0azo0spzov2hg6ul40l58e3u,43,a3nyxabgsqlnqfkeg41m6tnpp
Rio Ngumoha,611922.0,2.0,82.0,0.0,0.04,-0.04,1.0,0.0,0.0,0.04,Rio,Ngumoha,2008-08-29,18.02,14.0,73.0,Forward,Winger,154gonr6x9vuraxmzd9zi5xck,c8h9bw1l82s06h77xxrelzhur,Liverpool FC,Liverpool,Liverpool,LIV,19.0,171.374,7.0,20.055,0.0,0.0,0.0,0.0,9.02,2.865,1.0,0.0,2.0,0.0,0.0,9.0,4.0,44.444,1.0,0.0,0.0,,,,,,,,,,611922.0,82.0,2.0,0.0,0.0,0.0,0.0,0.048,0.048,0.0,0.0,Rio,Ngumoha,2008-08-29,18.02,14.0,73.0,Forward,Winger,154gonr6x9vuraxmzd9zi5xck,c8h9bw1l82s06h77xxrelzhur,Liverpool FC,Liverpool,Liverpool,LIV,611922.0,82.0,2.0,22.0,18.0,81.82,13.0,10.0,76.92,5.0,1.0,20.0,0.0,0.0,0.0,Rio,Ngumoha,2008-08-29,18.02,14.0,73.0,Forward,Winger,154gonr6x9vuraxmzd9zi5xck,c8h9bw1l82s06h77xxrelzhur,Liverpool FC,Liverpool,Liverpool,LIV,611922,154gonr6x9vuraxmzd9zi5xck,14,c8h9bw1l82s06h77xxrelzhur
Robert Sánchez,,,,,,,,,,,,,,,,,,,,,,,,,,,,,,,,,,,,,,,,,,,,,,180.0,50.0,0.0,2.0,4.0,66.67,-0.83,0.5,1.17,,,,,,,,,,,,,,,,,,,,,,,,,,,,,,,,,,,,,,,,,,,,,,,,,,,,,,,215059,d9yxninyn4bac8f0ufxsnlqll,8,9q0arba2kbnywth8bkxlhgmdr
Robin Roefs,,,,,,,,,,,,,,,,,,,,,,,,,,,,,,,,,,,,,,,,,,,,,,180.0,100.0,0.0,2.0,1.0,33.33,-0.37,0.5,1.63,,,,,,,,,,,,,,,,,,,,,,,,,,,,,,,,,,,,,,,,,,,,,,,,,,,,,,,498016,6h0fuh0aamz86pf25qebm0fvu,56,1r3545b2dzan8yqa80gtmcjch
Rodrigo Bentancur,202993.0,2.0,135.0,0.0,0.0,0.0,0.0,0.0,0.0,0.0,Rodrigo,Bentancur,1997-06-25,29.21,6.0,30.0,Midfielder,Central Midfielder,3wp8fuk07m1ph1fpmbqe7tf55,22doj4sgsocqpxw45h607udje,Tottenham Hotspur FC,Tottenham Hotspur,Spurs,TOT,21.0,236.238,6.0,52.395,0.0,0.0,0.0,0.0,11.249,8.732,5.0,1.0,8.0,1.0,1.0,16.0,5.0,31.25,8.0,3.0,37.5,,,,,,,,,,202993.0,135.0,2.0,1.0,1.0,1.16,0.0,0.029,0.029,0.0,0.0,Rodrigo,Bentancur,1997-06-25,29.21,6.0,30.0,Midfielder,Central Midfielder,3wp8fuk07m1ph1fpmbqe7tf55,22doj4sgsocqpxw45h607udje,Tottenham Hotspur FC,Tottenham Hotspur,Spurs,TOT,202993.0,135.0,2.0,88.0,82.0,93.18,16.0,14.0,87.5,1.0,1.0,100.0,0.0,0.0,0.0,Rodrigo,Bentancur,1997-06-25,29.21,6.0,30.0,Midfielder,Central Midfielder,3wp8fuk07m1ph1fpmbqe7tf55,22doj4sgsocqpxw45h607udje,Tottenham Hotspur FC,Tottenham Hotspur,Spurs,TOT,202993,3wp8fuk07m1ph1fpmbqe7tf55,6,22doj4sgsocqpxw45h607udje
Rodrigo Muniz,244042.0,1.0,8.0,0.0,0.02,-0.02,1.0,1.0,0.0,0.02,Rodrigo,Muniz Carvalho,2001-05-04,25.35,54.0,9.0,Forward,Striker,9wqqm1lr6y75yl27asdcygf3e,hzqh7z0mdl3v7gwete66syxp,Fulham FC,Fulham,Fulham,FUL,0.0,0.0,0.0,0.0,0.0,0.0,0.0,0.0,0.0,0.0,0.0,0.0,0.0,0.0,1.0,1.0,0.0,0.0,3.0,3.0,100.0,,,,,,,,,,244042.0,8.0,1.0,1.0,1.0,25.0,0.0,0.002,0.002,0.0,0.0,Rodrigo,Muniz Carvalho,2001-05-04,25.35,54.0,9.0,Forward,Striker,9wqqm1lr6y75yl27asdcygf3e,hzqh7z0mdl3v7gwete66syxp,Fulham FC,Fulham,Fulham,FUL,244042.0,8.0,1.0,4.0,2.0,50.0,3.0,2.0,66.67,0.0,0.0,0.0,0.0,0.0,0.0,Rodrigo,Muniz Carvalho,2001-05-04,25.35,54.0,9.0,Forward,Striker,9wqqm1lr6y75yl27asdcygf3e,hzqh7z0mdl3v7gwete66syxp,Fulham FC,Fulham,Fulham,FUL,244042,9wqqm1lr6y75yl27asdcygf3e,54,hzqh7z0mdl3v7gwete66syxp
Romaine Mundle,461199.0,1.0,1.0,0.0,0.17,-0.17,1.0,1.0,0.0,0.17,Romaine,Mundle,2003-04-24,23.38,56.0,14.0,Forward,Winger,7jpzrq4bpes3uc1pkh56sc0oa,1r3545b2dzan8yqa80gtmcjch,Sunderland AFC,Sunderland,Sunderland,SUN,2.0,20.271,1.0,2.73,0.0,0.0,0.0,0.0,10.136,2.73,0.0,0.0,0.0,1.0,0.0,1.0,0.0,0.0,0.0,0.0,0.0,,,,,,,,,,461199.0,1.0,1.0,0.0,0.0,0.0,0.0,0.0,0.0,0.0,0.0,Romaine,Mundle,2003-04-24,23.38,56.0,14.0,Forward,Winger,7jpzrq4bpes3uc1pkh56sc0oa,1r3545b2dzan8yqa80gtmcjch,Sunderland AFC,Sunderland,Sunderland,SUN,461199.0,1.0,1.0,3.0,2.0,66.67,0.0,0.0,0.0,0.0,0.0,0.0,0.0,0.0,0.0,Romaine,Mundle,2003-04-24,23.38,56.0,14.0,Forward,Winger,7jpzrq4bpes3uc1pkh56sc0oa,1r3545b2dzan8yqa80gtmcjch,Sunderland AFC,Sunderland,Sunderland,SUN,461199,7jpzrq4bpes3uc1pkh56sc0oa,56,1r3545b2dzan8yqa80gtmcjch
Roméo Lavia,514356.0,2.0,133.0,1.0,0.75,0.25,2.0,2.0,50.0,0.37,Roméo,Lavia,2004-01-06,22.67,8.0,45.0,Midfielder,Defensive Midfielder,dgjl6ks0r7lbh09fe8cuwj7ro,9q0arba2kbnywth8bkxlhgmdr,Chelsea FC,Chelsea,Chelsea,CHE,8.0,97.215,2.0,38.745,0.0,0.0,0.0,0.0,12.152,19.372,4.0,2.0,7.0,0.0,3.0,9.0,6.0,66.667,1.0,0.0,0.0,,,,,,,,,,514356.0,133.0,2.0,2.0,2.0,5.0,0.0,0.034,0.034,0.0,0.0,Roméo,Lavia,2004-01-06,22.67,8.0,45.0,Midfielder,Defensive Midfielder,dgjl6ks0r7lbh09fe8cuwj7ro,9q0arba2kbnywth8bkxlhgmdr,Chelsea FC,Chelsea,Chelsea,CHE,514356.0,133.0,2.0,40.0,38.0,95.0,6.0,6.0,100.0,0.0,0.0,0.0,0.0,0.0,0.0,Roméo,Lavia,2004-01-06,22.67,8.0,45.0,Midfielder,Defensive Midfielder,dgjl6ks0r7lbh09fe8cuwj7ro,9q0arba2kbnywth8bkxlhgmdr,Chelsea FC,Chelsea,Chelsea,CHE,514356,dgjl6ks0r7lbh09fe8cuwj7ro,8,9q0arba2kbnywth8bkxlhgmdr
Ronald Araujo,445087.0,2.0,33.0,0.0,0.0,0.0,0.0,0.0,0.0,0.0,Ronald,Araujo,1999-03-07,27.51,14.0,33.0,Defender,Central Defender,awsod0zmnrukk21d4882ji7e1,c8h9bw1l82s06h77xxrelzhur,Liverpool FC,Liverpool,Liverpool,LIV,16.0,171.879,13.0,134.4,0.0,0.0,0.0,0.0,10.742,10.338,1.0,0.0,3.0,2.0,2.0,4.0,1.0,25.0,5.0,3.0,60.0,,,,,,,,,,445087.0,33.0,2.0,0.0,0.0,0.0,0.0,0.048,0.019,0.0,0.0,Ronald,Araujo,1999-03-07,27.51,14.0,33.0,Defender,Central Defender,awsod0zmnrukk21d4882ji7e1,c8h9bw1l82s06h77xxrelzhur,Liverpool FC,Liverpool,Liverpool,LIV,445087.0,33.0,2.0,54.0,50.0,92.59,14.0,12.0,85.71,0.0,0.0,0.0,0.0,0.0,0.0,Ronald,Araujo,1999-03-07,27.51,14.0,33.0,Defender,Central Defender,awsod0zmnrukk21d4882ji7e1,c8h9bw1l82s06h77xxrelzhur,Liverpool FC,Liverpool,Liverpool,LIV,445087,awsod0zmnrukk21d4882ji7e1,14,c8h9bw1l82s06h77xxrelzhur
Ross Barkley,88894.0,2.0,152.0,0.0,0.13,-0.13,2.0,0.0,0.0,0.06,Ross,Barkley,1993-12-05,32.77,7.0,6.0,Midfielder,Central Midfielder,dxeju5zcb6j8etdgwq0kweor9,b496gs285it6bheuikox6z9mj,Aston Villa FC,Aston Villa,Villa,AVL,25.0,328.161,10.0,93.87,1.0,0.0,2.0,0.0,13.126,9.387,3.0,0.0,6.0,1.0,1.0,12.0,8.0,66.667,6.0,2.0,33.333,,,,,,,,,,88894.0,152.0,2.0,4.0,4.0,7.02,0.0,0.038,0.029,0.0,0.0,Ross,Barkley,1993-12-05,32.77,7.0,6.0,Midfielder,Central Midfielder,dxeju5zcb6j8etdgwq0kweor9,b496gs285it6bheuikox6z9mj,Aston Villa FC,Aston Villa,Villa,AVL,88894.0,152.0,2.0,62.0,54.0,87.1,15.0,13.0,86.67,0.0,0.0,0.0,0.0,0.0,0.0,Ross,Barkley,1993-12-05,32.77,7.0,6.0,Midfielder,Central Midfielder,dxeju5zcb6j8etdgwq0kweor9,b496gs285it6bheuikox6z9mj,Aston Villa FC,Aston Villa,Villa,AVL,88894,dxeju5zcb6j8etdgwq0kweor9,7,b496gs285it6bheuikox6z9mj
Ryan Christie,158499.0,1.0,3.0,0.0,0.0,0.0,0.0,0.0,0.0,0.0,Ryan,Christie,1995-02-22,31.55,91.0,10.0,Midfielder,Attacking Midfielder,cr4c6htcw2jewsvboj6s8p045,1pse9ta7a45pi2w2grjim70ge,AFC Bournemouth,Bournemouth,Bournemouth,BOU,0.0,0.0,0.0,0.0,0.0,0.0,0.0,0.0,0.0,0.0,1.0,0.0,1.0,0.0,0.0,1.0,1.0,100.0,1.0,1.0,100.0,,,,,,,,,,158499.0,3.0,1.0,0.0,0.0,0.0,0.0,0.002,0.002,0.0,0.0,Ryan,Christie,1995-02-22,31.55,91.0,10.0,Midfielder,Attacking Midfielder,cr4c6htcw2jewsvboj6s8p045,1pse9ta7a45pi2w2grjim70ge,AFC Bournemouth,Bournemouth,Bournemouth,BOU,158499.0,3.0,1.0,6.0,5.0,83.33,3.0,2.0,66.67,0.0,0.0,0.0,0.0,0.0,0.0,Ryan,Christie,1995-02-22,31.55,91.0,10.0,Midfielder,Attacking Midfielder,cr4c6htcw2jewsvboj6s8p045,1pse9ta7a45pi2w2grjim70ge,AFC Bournemouth,Bournemouth,Bournemouth,BOU,158499,cr4c6htcw2jewsvboj6s8p045,91,1pse9ta7a45pi2w2grjim70ge
Ryan Giles,232351.0,2.0,175.0,0.0,0.02,-0.02,1.0,0.0,0.0,0.02,Ryan,Giles,2000-01-26,26.62,88.0,3.0,Defender,Full Back,atvrysizvvwtt7fytcuhyt49,f0figafm2v9h8ofo6slajj7xf,Hull City AFC,Hull City,Hull,HUL,22.0,261.621,18.0,204.645,1.0,0.0,1.0,0.0,11.892,11.369,2.0,1.0,5.0,0.0,5.0,3.0,2.0,66.667,5.0,3.0,60.0,,,,,,,,,,232351.0,175.0,2.0,2.0,2.0,5.41,0.0,0.148,0.145,0.0,0.0,Ryan,Giles,2000-01-26,26.62,88.0,3.0,Defender,Full Back,atvrysizvvwtt7fytcuhyt49,f0figafm2v9h8ofo6slajj7xf,Hull City AFC,Hull City,Hull,HUL,232351.0,175.0,2.0,37.0,29.0,78.38,11.0,7.0,63.64,13.0,3.0,23.08,0.0,0.0,0.0,Ryan,Giles,2000-01-26,26.62,88.0,3.0,Defender,Full Back,atvrysizvvwtt7fytcuhyt49,f0figafm2v9h8ofo6slajj7xf,Hull City AFC,Hull City,Hull,HUL,232351,atvrysizvvwtt7fytcuhyt49,88,f0figafm2v9h8ofo6slajj7xf
Ryan Gravenberch,441266.0,2.0,97.0,0.0,0.06,-0.06,2.0,0.0,0.0,0.03,Ryan,Gravenberch,2002-05-16,24.32,14.0,38.0,Midfielder,Central Midfielder,5ga7g20wsa7oqjbh4ijoeknl6,c8h9bw1l82s06h77xxrelzhur,Liverpool FC,Liverpool,Liverpool,LIV,16.0,176.073,9.0,92.715,1.0,0.0,1.0,0.0,11.005,10.302,2.0,2.0,8.0,0.0,0.0,14.0,6.0,42.857,0.0,0.0,0.0,,,,,,,,,,441266.0,97.0,2.0,2.0,2.0,1.75,0.0,0.06,0.06,1.0,1.0,Ryan,Gravenberch,2002-05-16,24.32,14.0,38.0,Midfielder,Central Midfielder,5ga7g20wsa7oqjbh4ijoeknl6,c8h9bw1l82s06h77xxrelzhur,Liverpool FC,Liverpool,Liverpool,LIV,441266.0,97.0,2.0,57.0,53.0,92.98,19.0,16.0,84.21,0.0,0.0,0.0,0.0,0.0,0.0,Ryan,Gravenberch,2002-05-16,24.32,14.0,38.0,Midfielder,Central Midfielder,5ga7g20wsa7oqjbh4ijoeknl6,c8h9bw1l82s06h77xxrelzhur,Liverpool FC,Liverpool,Liverpool,LIV,441266,5ga7g20wsa7oqjbh4ijoeknl6,14,c8h9bw1l82s06h77xxrelzhur
Ryan McAidoo,616288.0,1.0,8.0,0.0,0.1,-0.1,1.0,0.0,0.0,0.1,Ryan,McAidoo,2008-06-24,18.21,43.0,56.0,Forward,Winger,aqvs12aqh0uczvrdi9cn02v4k,a3nyxabgsqlnqfkeg41m6tnpp,Manchester City FC,Manchester City,Man City,MCI,1.0,34.757,1.0,34.65,0.0,0.0,0.0,0.0,34.757,34.65,0.0,0.0,0.0,0.0,0.0,1.0,1.0,100.0,0.0,0.0,0.0,,,,,,,,,,616288.0,8.0,1.0,0.0,0.0,0.0,0.0,0.001,0.001,0.0,0.0,Ryan,McAidoo,2008-06-24,18.21,43.0,56.0,Forward,Winger,aqvs12aqh0uczvrdi9cn02v4k,a3nyxabgsqlnqfkeg41m6tnpp,Manchester City FC,Manchester City,Man City,MCI,616288.0,8.0,1.0,5.0,2.0,40.0,2.0,1.0,50.0,0.0,0.0,0.0,0.0,0.0,0.0,Ryan,McAidoo,2008-06-24,18.21,43.0,56.0,Forward,Winger,aqvs12aqh0uczvrdi9cn02v4k,a3nyxabgsqlnqfkeg41m6tnpp,Manchester City FC,Manchester City,Man City,MCI,616288,aqvs12aqh0uczvrdi9cn02v4k,43,a3nyxabgsqlnqfkeg41m6tnpp
Ryan Sessegnon,184349.0,2.0,39.0,0.0,0.05,-0.05,2.0,1.0,0.0,0.03,Ryan,Sessegnon,2000-05-18,26.31,54.0,30.0,Midfielder,Winger,cag3gzjcv8erx3zpp2lidzcvd,hzqh7z0mdl3v7gwete66syxp,Fulham FC,Fulham,Fulham,FUL,11.0,106.526,8.0,68.04,1.0,0.0,0.0,0.0,9.684,8.505,1.0,1.0,2.0,0.0,0.0,8.0,5.0,62.5,1.0,1.0,100.0,,,,,,,,,,184349.0,39.0,2.0,0.0,0.0,0.0,0.0,0.127,0.126,0.0,0.0,Ryan,Sessegnon,2000-05-18,26.31,54.0,30.0,Midfielder,Winger,cag3gzjcv8erx3zpp2lidzcvd,hzqh7z0mdl3v7gwete66syxp,Fulham FC,Fulham,Fulham,FUL,184349.0,39.0,2.0,23.0,17.0,73.91,11.0,10.0,90.91,6.0,2.0,33.33,0.0,0.0,0.0,Ryan,Sessegnon,2000-05-18,26.31,54.0,30.0,Midfielder,Winger,cag3gzjcv8erx3zpp2lidzcvd,hzqh7z0mdl3v7gwete66syxp,Fulham FC,Fulham,Fulham,FUL,184349,cag3gzjcv8erx3zpp2lidzcvd,54,hzqh7z0mdl3v7gwete66syxp
Ryan Yates,204968.0,0.0,0.0,0.0,0.0,0.0,0.0,0.0,0.0,0.0,Ryan,Yates,1997-11-21,28.8,17.0,22.0,Midfielder,Attacking Midfielder,204968,1qtaiy11gswx327s0vkibf70n,Nottingham Forest FC,Nottingham Forest,Forest,NFO,0.0,0.0,0.0,0.0,0.0,0.0,0.0,0.0,0.0,0.0,0.0,0.0,0.0,0.0,0.0,0.0,0.0,0.0,0.0,0.0,0.0,,,,,,,,,,204968.0,0.0,0.0,0.0,0.0,0.0,0.0,0.0,0.0,0.0,0.0,Ryan,Yates,1997-11-21,28.8,17.0,22.0,Midfielder,Attacking Midfielder,204968,1qtaiy11gswx327s0vkibf70n,Nottingham Forest FC,Nottingham Forest,Forest,NFO,204968.0,0.0,0.0,0.0,0.0,0.0,0.0,0.0,0.0,0.0,0.0,0.0,0.0,0.0,0.0,Ryan,Yates,1997-11-21,28.8,17.0,22.0,Midfielder,Attacking Midfielder,204968,1qtaiy11gswx327s0vkibf70n,Nottingham Forest FC,Nottingham Forest,Forest,NFO,204968,204968,17,1qtaiy11gswx327s0vkibf70n
Rúben Dias,171314.0,2.0,180.0,0.0,0.09,-0.09,1.0,1.0,0.0,0.09,Rúben,dos Santos Gato Alves Dias,1997-05-14,29.33,43.0,3.0,Defender,Central Defender,2t5s4f41jefzuzth0bhcixtcl,a3nyxabgsqlnqfkeg41m6tnpp,Manchester City FC,Manchester City,Man City,MCI,70.0,628.205,46.0,383.88,0.0,0.0,1.0,0.0,8.974,8.345,1.0,1.0,14.0,0.0,10.0,4.0,3.0,75.0,6.0,5.0,83.333,,,,,,,,,,171314.0,180.0,2.0,3.0,3.0,1.31,0.0,0.709,0.709,0.0,0.0,Rúben,dos Santos Gato Alves Dias,1997-05-14,29.33,43.0,3.0,Defender,Central Defender,2t5s4f41jefzuzth0bhcixtcl,a3nyxabgsqlnqfkeg41m6tnpp,Manchester City FC,Manchester City,Man City,MCI,171314.0,180.0,2.0,236.0,219.0,92.8,30.0,23.0,76.67,0.0,0.0,0.0,1.0,0.0,0.0,Rúben,dos Santos Gato Alves Dias,1997-05-14,29.33,43.0,3.0,Defender,Central Defender,2t5s4f41jefzuzth0bhcixtcl,a3nyxabgsqlnqfkeg41m6tnpp,Manchester City FC,Manchester City,Man City,MCI,171314,2t5s4f41jefzuzth0bhcixtcl,43,a3nyxabgsqlnqfkeg41m6tnpp
Sander Berge,207189.0,2.0,156.0,0.0,0.03,-0.03,1.0,0.0,0.0,0.03,Sander,Berge,1998-02-14,28.57,54.0,16.0,Midfielder,Central Midfielder,6k66e9gxbu8s7zoxb7mrtwcmh,hzqh7z0mdl3v7gwete66syxp,Fulham FC,Fulham,Fulham,FUL,32.0,290.877,13.0,77.7,0.0,0.0,2.0,0.0,9.09,5.977,1.0,0.0,4.0,1.0,0.0,7.0,1.0,14.286,4.0,1.0,25.0,,,,,,,,,,207189.0,156.0,2.0,4.0,4.0,3.48,0.0,0.223,0.223,0.0,0.0,Sander,Berge,1998-02-14,28.57,54.0,16.0,Midfielder,Central Midfielder,6k66e9gxbu8s7zoxb7mrtwcmh,hzqh7z0mdl3v7gwete66syxp,Fulham FC,Fulham,Fulham,FUL,207189.0,156.0,2.0,117.0,108.0,92.31,22.0,17.0,77.27,1.0,0.0,0.0,1.0,1.0,100.0,Sander,Berge,1998-02-14,28.57,54.0,16.0,Midfielder,Central Midfielder,6k66e9gxbu8s7zoxb7mrtwcmh,hzqh7z0mdl3v7gwete66syxp,Fulham FC,Fulham,Fulham,FUL,207189,6k66e9gxbu8s7zoxb7mrtwcmh,54,hzqh7z0mdl3v7gwete66syxp
Sandro Tonali,432422.0,2.0,165.0,0.0,0.09,-0.09,3.0,1.0,0.0,0.03,Sandro,Tonali,2000-05-08,26.34,6.0,16.0,Midfielder,Defensive Midfielder,9sxg58hszjq17avxgumftdu22,22doj4sgsocqpxw45h607udje,Tottenham Hotspur FC,Tottenham Hotspur,Spurs,TOT,26.0,283.763,12.0,178.08,1.0,0.0,1.0,0.0,10.914,14.84,1.0,1.0,6.0,0.0,0.0,7.0,4.0,57.143,0.0,0.0,0.0,,,,,,,,,,432422.0,165.0,2.0,2.0,2.0,2.04,0.0,0.082,0.082,0.0,0.0,Sandro,Tonali,2000-05-08,26.34,6.0,16.0,Midfielder,Defensive Midfielder,9sxg58hszjq17avxgumftdu22,22doj4sgsocqpxw45h607udje,Tottenham Hotspur FC,Tottenham Hotspur,Spurs,TOT,432422.0,165.0,2.0,99.0,85.0,85.86,34.0,27.0,79.41,1.0,0.0,0.0,1.0,0.0,0.0,Sandro,Tonali,2000-05-08,26.34,6.0,16.0,Midfielder,Defensive Midfielder,9sxg58hszjq17avxgumftdu22,22doj4sgsocqpxw45h607udje,Tottenham Hotspur FC,Tottenham Hotspur,Spurs,TOT,432422,9sxg58hszjq17avxgumftdu22,6,22doj4sgsocqpxw45h607udje
Sasa Lukic,212314.0,2.0,163.0,0.0,0.02,-0.02,1.0,0.0,0.0,0.02,Sasa,Lukic,1996-08-13,30.08,40.0,23.0,Midfielder,Central Midfielder,cdrzpuj49ploquvdolgh5c3bp,8b523ujgl21tbc01me65q0aoh,Ipswich Town FC,Ipswich Town,Ipswich,IPS,13.0,199.738,8.0,94.5,1.0,0.0,0.0,0.0,15.364,11.812,4.0,2.0,4.0,1.0,6.0,13.0,4.0,30.769,2.0,1.0,50.0,,,,,,,,,,212314.0,163.0,2.0,2.0,2.0,1.23,0.0,0.035,0.033,1.0,1.0,Sasa,Lukic,1996-08-13,30.08,40.0,23.0,Midfielder,Central Midfielder,cdrzpuj49ploquvdolgh5c3bp,8b523ujgl21tbc01me65q0aoh,Ipswich Town FC,Ipswich Town,Ipswich,IPS,212314.0,163.0,2.0,85.0,72.0,84.71,23.0,14.0,60.87,0.0,0.0,0.0,0.0,0.0,0.0,Sasa,Lukic,1996-08-13,30.08,40.0,23.0,Midfielder,Central Midfielder,cdrzpuj49ploquvdolgh5c3bp,8b523ujgl21tbc01me65q0aoh,Ipswich Town FC,Ipswich Town,Ipswich,IPS,212314,cdrzpuj49ploquvdolgh5c3bp,40,8b523ujgl21tbc01me65q0aoh
Sean Longstaff,180135.0,1.0,8.0,0.0,0.0,0.0,0.0,0.0,0.0,0.0,Sean,Longstaff,1997-10-30,28.86,2.0,8.0,Midfielder,Central Midfielder,9pv566tidfz21e00y4t0mbap5,48gk2hpqtsl6p9sx9kjhaydq4,Leeds United FC,Leeds United,Leeds,LEE,0.0,0.0,0.0,0.0,0.0,0.0,0.0,0.0,0.0,0.0,0.0,0.0,0.0,0.0,0.0,0.0,0.0,0.0,0.0,0.0,0.0,,,,,,,,,,180135.0,8.0,1.0,0.0,0.0,0.0,0.0,0.0,0.0,0.0,0.0,Sean,Longstaff,1997-10-30,28.86,2.0,8.0,Midfielder,Central Midfielder,9pv566tidfz21e00y4t0mbap5,48gk2hpqtsl6p9sx9kjhaydq4,Leeds United FC,Leeds United,Leeds,LEE,180135.0,8.0,1.0,2.0,2.0,100.0,0.0,0.0,0.0,0.0,0.0,0.0,0.0,0.0,0.0,Sean,Longstaff,1997-10-30,28.86,2.0,8.0,Midfielder,Central Midfielder,9pv566tidfz21e00y4t0mbap5,48gk2hpqtsl6p9sx9kjhaydq4,Leeds United FC,Leeds United,Leeds,LEE,180135,9pv566tidfz21e00y4t0mbap5,2,48gk2hpqtsl6p9sx9kjhaydq4
Sean Steur,636852.0,2.0,75.0,0.0,0.0,0.0,0.0,0.0,0.0,0.0,Sean,Steur,2008-01-11,18.66,4.0,14.0,Midfielder,0,56nbghr9snc79dt8h99wleej8,7vn2i2kd35zuetw6b38gw9jsz,Newcastle United FC,Newcastle United,Newcastle,NEW,9.0,96.058,4.0,49.875,0.0,0.0,0.0,0.0,10.673,12.469,0.0,0.0,2.0,0.0,3.0,1.0,0.0,0.0,0.0,0.0,0.0,,,,,,,,,,636852.0,75.0,2.0,0.0,0.0,0.0,0.0,0.001,0.001,0.0,0.0,Sean,Steur,2008-01-11,18.66,4.0,14.0,Midfielder,0,56nbghr9snc79dt8h99wleej8,7vn2i2kd35zuetw6b38gw9jsz,Newcastle United FC,Newcastle United,Newcastle,NEW,636852.0,75.0,2.0,38.0,30.0,78.95,2.0,0.0,0.0,0.0,0.0,0.0,0.0,0.0,0.0,Sean,Steur,2008-01-11,18.66,4.0,14.0,Midfielder,0,56nbghr9snc79dt8h99wleej8,7vn2i2kd35zuetw6b38gw9jsz,Newcastle United FC,Newcastle United,Newcastle,NEW,636852,56nbghr9snc79dt8h99wleej8,4,7vn2i2kd35zuetw6b38gw9jsz
Semi Ajayi,146426.0,2.0,154.0,1.0,0.52,0.48,1.0,1.0,100.0,0.52,Semi,Ajayi,1993-11-09,32.84,88.0,6.0,Defender,Central Defender,c3i64j5vlukz2wlm16tk7ek7p,f0figafm2v9h8ofo6slajj7xf,Hull City AFC,Hull City,Hull,HUL,9.0,71.15,3.0,52.185,0.0,0.0,0.0,0.0,7.906,17.395,2.0,2.0,8.0,0.0,10.0,5.0,5.0,100.0,5.0,3.0,60.0,,,,,,,,,,146426.0,154.0,2.0,0.0,0.0,0.0,0.0,0.005,0.005,0.0,0.0,Semi,Ajayi,1993-11-09,32.84,88.0,6.0,Defender,Central Defender,c3i64j5vlukz2wlm16tk7ek7p,f0figafm2v9h8ofo6slajj7xf,Hull City AFC,Hull City,Hull,HUL,146426.0,154.0,2.0,40.0,33.0,82.5,7.0,4.0,57.14,1.0,0.0,0.0,0.0,0.0,0.0,Semi,Ajayi,1993-11-09,32.84,88.0,6.0,Defender,Central Defender,c3i64j5vlukz2wlm16tk7ek7p,f0figafm2v9h8ofo6slajj7xf,Hull City AFC,Hull City,Hull,HUL,146426,c3i64j5vlukz2wlm16tk7ek7p,88,f0figafm2v9h8ofo6slajj7xf
Senne Lammens,,,,,,,,,,,,,,,,,,,,,,,,,,,,,,,,,,,,,,,,,,,,,,180.0,100.0,0.0,4.0,5.0,55.56,0.42,1.0,4.42,,,,,,,,,,,,,,,,,,,,,,,,,,,,,,,,,,,,,,,,,,,,,,,,,,,,,,,465247,398isvyux7zpjiwa2hzsxyc16,1,6eqit8ye8aomdsrrq0hk3v7gh
Shea Charles,463210.0,2.0,45.0,0.0,0.09,-0.09,2.0,0.0,0.0,0.05,Shea,Charles,2003-11-05,22.84,54.0,19.0,Midfielder,Defensive Midfielder,adjp65lxg00oauk1a9r024qqy,hzqh7z0mdl3v7gwete66syxp,Fulham FC,Fulham,Fulham,FUL,14.0,153.255,6.0,81.27,0.0,0.0,0.0,0.0,10.947,13.545,1.0,1.0,3.0,0.0,0.0,1.0,1.0,100.0,2.0,1.0,50.0,,,,,,,,,,463210.0,45.0,2.0,0.0,0.0,0.0,0.0,0.036,0.036,0.0,0.0,Shea,Charles,2003-11-05,22.84,54.0,19.0,Midfielder,Defensive Midfielder,adjp65lxg00oauk1a9r024qqy,hzqh7z0mdl3v7gwete66syxp,Fulham FC,Fulham,Fulham,FUL,463210.0,45.0,2.0,50.0,47.0,94.0,13.0,11.0,84.62,1.0,0.0,0.0,0.0,0.0,0.0,Shea,Charles,2003-11-05,22.84,54.0,19.0,Midfielder,Defensive Midfielder,adjp65lxg00oauk1a9r024qqy,hzqh7z0mdl3v7gwete66syxp,Fulham FC,Fulham,Fulham,FUL,463210,adjp65lxg00oauk1a9r024qqy,54,hzqh7z0mdl3v7gwete66syxp
Shea Lacey,576628.0,1.0,10.0,0.0,0.0,0.0,0.0,0.0,0.0,0.0,Shea,Lacey,2007-04-14,19.4,1.0,61.0,Forward,Winger,759tgxt9xusnioh2clkiau4us,6eqit8ye8aomdsrrq0hk3v7gh,Manchester United FC,Manchester United,Man Utd,MUN,1.0,19.873,1.0,5.46,0.0,0.0,0.0,0.0,19.873,5.46,0.0,0.0,1.0,0.0,0.0,0.0,0.0,0.0,0.0,0.0,0.0,,,,,,,,,,576628.0,10.0,1.0,0.0,0.0,0.0,0.0,0.003,0.003,0.0,0.0,Shea,Lacey,2007-04-14,19.4,1.0,61.0,Forward,Winger,759tgxt9xusnioh2clkiau4us,6eqit8ye8aomdsrrq0hk3v7gh,Manchester United FC,Manchester United,Man Utd,MUN,576628.0,10.0,1.0,5.0,4.0,80.0,3.0,2.0,66.67,1.0,0.0,0.0,0.0,0.0,0.0,Shea,Lacey,2007-04-14,19.4,1.0,61.0,Forward,Winger,759tgxt9xusnioh2clkiau4us,6eqit8ye8aomdsrrq0hk3v7gh,Manchester United FC,Manchester United,Man Utd,MUN,576628,759tgxt9xusnioh2clkiau4us,1,6eqit8ye8aomdsrrq0hk3v7gh
Sindre Egeli,557012.0,1.0,10.0,0.0,0.0,0.0,0.0,0.0,0.0,0.0,Sindre,Egeli,2006-06-21,20.22,40.0,8.0,Forward,Winger,7a1vtc0e7ubua2t0dwx9ufk7o,8b523ujgl21tbc01me65q0aoh,Ipswich Town FC,Ipswich Town,Ipswich,IPS,0.0,0.0,0.0,0.0,0.0,0.0,0.0,0.0,0.0,0.0,0.0,0.0,0.0,0.0,0.0,2.0,1.0,50.0,0.0,0.0,0.0,,,,,,,,,,557012.0,10.0,1.0,0.0,0.0,0.0,0.0,0.0,0.0,0.0,0.0,Sindre,Egeli,2006-06-21,20.22,40.0,8.0,Forward,Winger,7a1vtc0e7ubua2t0dwx9ufk7o,8b523ujgl21tbc01me65q0aoh,Ipswich Town FC,Ipswich Town,Ipswich,IPS,557012.0,10.0,1.0,1.0,1.0,100.0,0.0,0.0,0.0,0.0,0.0,0.0,0.0,0.0,0.0,Sindre,Egeli,2006-06-21,20.22,40.0,8.0,Forward,Winger,7a1vtc0e7ubua2t0dwx9ufk7o,8b523ujgl21tbc01me65q0aoh,Ipswich Town FC,Ipswich Town,Ipswich,IPS,557012,7a1vtc0e7ubua2t0dwx9ufk7o,40,8b523ujgl21tbc01me65q0aoh
Sven Botman,220237.0,2.0,180.0,0.0,0.01,-0.01,1.0,0.0,0.0,0.01,Sven,Botman,2000-01-12,26.66,4.0,4.0,Defender,Central Defender,4jwkz8almo2997hvp09zl0p9l,7vn2i2kd35zuetw6b38gw9jsz,Newcastle United FC,Newcastle United,Newcastle,NEW,19.0,183.982,10.0,101.43,0.0,0.0,0.0,0.0,9.683,10.143,1.0,0.0,6.0,4.0,10.0,4.0,2.0,50.0,4.0,4.0,100.0,,,,,,,,,,220237.0,180.0,2.0,0.0,0.0,0.0,0.0,0.017,0.017,0.0,0.0,Sven,Botman,2000-01-12,26.66,4.0,4.0,Defender,Central Defender,4jwkz8almo2997hvp09zl0p9l,7vn2i2kd35zuetw6b38gw9jsz,Newcastle United FC,Newcastle United,Newcastle,NEW,220237.0,180.0,2.0,88.0,76.0,86.36,4.0,3.0,75.0,0.0,0.0,0.0,0.0,0.0,0.0,Sven,Botman,2000-01-12,26.66,4.0,4.0,Defender,Central Defender,4jwkz8almo2997hvp09zl0p9l,7vn2i2kd35zuetw6b38gw9jsz,Newcastle United FC,Newcastle United,Newcastle,NEW,220237,4jwkz8almo2997hvp09zl0p9l,4,7vn2i2kd35zuetw6b38gw9jsz
Taiwo Awoniyi,210156.0,2.0,110.0,0.0,0.93,-0.93,4.0,2.0,0.0,0.23,Taiwo,Awoniyi,1997-08-12,29.08,9.0,14.0,Forward,Striker,55eiicx10oqok1601fqyovt1x,dacoc20k0n3fxu4zek8wufmko,Coventry City FC,Coventry City,Coventry,COV,9.0,88.285,4.0,31.71,0.0,0.0,1.0,0.0,9.809,7.928,0.0,0.0,3.0,0.0,1.0,4.0,2.0,50.0,5.0,2.0,40.0,,,,,,,,,,210156.0,110.0,2.0,2.0,2.0,10.0,0.0,0.032,0.032,0.0,0.0,Taiwo,Awoniyi,1997-08-12,29.08,9.0,14.0,Forward,Striker,55eiicx10oqok1601fqyovt1x,dacoc20k0n3fxu4zek8wufmko,Coventry City FC,Coventry City,Coventry,COV,210156.0,110.0,2.0,20.0,16.0,80.0,5.0,4.0,80.0,0.0,0.0,0.0,0.0,0.0,0.0,Taiwo,Awoniyi,1997-08-12,29.08,9.0,14.0,Forward,Striker,55eiicx10oqok1601fqyovt1x,dacoc20k0n3fxu4zek8wufmko,Coventry City FC,Coventry City,Coventry,COV,210156,55eiicx10oqok1601fqyovt1x,9,dacoc20k0n3fxu4zek8wufmko
Takehiro Tomiyasu,223723.0,2.0,92.0,0.0,0.0,0.0,0.0,0.0,0.0,0.0,Takehiro,Tomiyasu,1998-11-05,27.85,31.0,17.0,Defender,Central Defender,2922aevmtpw4qvcwohmxmqtbd,1c8m2ko0wxq1asfkuykurdr0y,Crystal Palace FC,Crystal Palace,Palace,CRY,17.0,190.299,12.0,108.255,0.0,0.0,0.0,0.0,11.194,9.021,1.0,4.0,4.0,0.0,4.0,3.0,2.0,66.667,5.0,1.0,20.0,,,,,,,,,,223723.0,92.0,2.0,0.0,0.0,0.0,0.0,0.011,0.011,0.0,0.0,Takehiro,Tomiyasu,1998-11-05,27.85,31.0,17.0,Defender,Central Defender,2922aevmtpw4qvcwohmxmqtbd,1c8m2ko0wxq1asfkuykurdr0y,Crystal Palace FC,Crystal Palace,Palace,CRY,223723.0,92.0,2.0,50.0,41.0,82.0,15.0,13.0,86.67,4.0,0.0,0.0,0.0,0.0,0.0,Takehiro,Tomiyasu,1998-11-05,27.85,31.0,17.0,Defender,Central Defender,2922aevmtpw4qvcwohmxmqtbd,1c8m2ko0wxq1asfkuykurdr0y,Crystal Palace FC,Crystal Palace,Palace,CRY,223723,2922aevmtpw4qvcwohmxmqtbd,31,1c8m2ko0wxq1asfkuykurdr0y
Tammy Abraham,173879.0,1.0,19.0,0.0,0.0,0.0,0.0,0.0,0.0,0.0,Tammy,Abraham,1997-10-02,28.94,7.0,18.0,Forward,Striker,363nsa82dww242zeo09wpcslx,b496gs285it6bheuikox6z9mj,Aston Villa FC,Aston Villa,Villa,AVL,0.0,0.0,0.0,0.0,0.0,0.0,0.0,0.0,0.0,0.0,0.0,0.0,0.0,0.0,0.0,0.0,0.0,0.0,2.0,1.0,50.0,,,,,,,,,,173879.0,19.0,1.0,0.0,0.0,0.0,0.0,0.001,0.001,0.0,0.0,Tammy,Abraham,1997-10-02,28.94,7.0,18.0,Forward,Striker,363nsa82dww242zeo09wpcslx,b496gs285it6bheuikox6z9mj,Aston Villa FC,Aston Villa,Villa,AVL,173879.0,19.0,1.0,1.0,1.0,100.0,1.0,1.0,100.0,0.0,0.0,0.0,0.0,0.0,0.0,Tammy,Abraham,1997-10-02,28.94,7.0,18.0,Forward,Striker,363nsa82dww242zeo09wpcslx,b496gs285it6bheuikox6z9mj,Aston Villa FC,Aston Villa,Villa,AVL,173879,363nsa82dww242zeo09wpcslx,7,b496gs285it6bheuikox6z9mj
Tarik Muharemovic,522047.0,2.0,180.0,0.0,0.09,-0.09,1.0,1.0,0.0,0.09,Tarik,Muharemovic,2003-02-28,23.53,2.0,5.0,Defender,Central Defender,17inz8artrqynbg3qbme42r8q,48gk2hpqtsl6p9sx9kjhaydq4,Leeds United FC,Leeds United,Leeds,LEE,15.0,107.871,7.0,50.82,0.0,0.0,0.0,0.0,7.191,7.26,2.0,4.0,4.0,4.0,16.0,9.0,6.0,66.667,12.0,4.0,33.333,,,,,,,,,,522047.0,180.0,2.0,0.0,0.0,0.0,0.0,0.013,0.012,0.0,0.0,Tarik,Muharemovic,2003-02-28,23.53,2.0,5.0,Defender,Central Defender,17inz8artrqynbg3qbme42r8q,48gk2hpqtsl6p9sx9kjhaydq4,Leeds United FC,Leeds United,Leeds,LEE,522047.0,180.0,2.0,88.0,76.0,86.36,12.0,7.0,58.33,1.0,0.0,0.0,0.0,0.0,0.0,Tarik,Muharemovic,2003-02-28,23.53,2.0,5.0,Defender,Central Defender,17inz8artrqynbg3qbme42r8q,48gk2hpqtsl6p9sx9kjhaydq4,Leeds United FC,Leeds United,Leeds,LEE,522047,17inz8artrqynbg3qbme42r8q,2,48gk2hpqtsl6p9sx9kjhaydq4
Tatsuhiro Sakamoto,501459.0,1.0,31.0,0.0,0.02,-0.02,1.0,0.0,0.0,0.02,Tatsuhiro,Sakamoto,1996-10-22,29.88,9.0,7.0,Midfielder,Attacking Midfielder,2rn8mnhlrtrbm6du97f54zckq,dacoc20k0n3fxu4zek8wufmko,Coventry City FC,Coventry City,Coventry,COV,8.0,94.18,2.0,11.34,1.0,0.0,0.0,0.0,11.772,5.67,2.0,0.0,2.0,0.0,0.0,3.0,2.0,66.667,1.0,1.0,100.0,,,,,,,,,,501459.0,31.0,1.0,0.0,0.0,0.0,0.0,0.017,0.017,0.0,0.0,Tatsuhiro,Sakamoto,1996-10-22,29.88,9.0,7.0,Midfielder,Attacking Midfielder,2rn8mnhlrtrbm6du97f54zckq,dacoc20k0n3fxu4zek8wufmko,Coventry City FC,Coventry City,Coventry,COV,501459.0,31.0,1.0,12.0,11.0,91.67,6.0,5.0,83.33,3.0,1.0,33.33,0.0,0.0,0.0,Tatsuhiro,Sakamoto,1996-10-22,29.88,9.0,7.0,Midfielder,Attacking Midfielder,2rn8mnhlrtrbm6du97f54zckq,dacoc20k0n3fxu4zek8wufmko,Coventry City FC,Coventry City,Coventry,COV,501459,2rn8mnhlrtrbm6du97f54zckq,9,dacoc20k0n3fxu4zek8wufmko
Thierno Barry,586309.0,2.0,149.0,1.0,1.93,-0.93,5.0,3.0,20.0,0.39,Thierno,Barry,2002-10-21,23.88,11.0,11.0,Forward,Striker,1wileoy8mxtd2t1b106uhwzro,ehd2iemqmschhj2ec0vayztzz,Everton FC,Everton,Everton,EVE,7.0,102.46,5.0,59.955,0.0,0.0,0.0,0.0,14.637,11.991,1.0,0.0,3.0,0.0,2.0,9.0,4.0,44.444,14.0,4.0,28.571,,,,,,,,,,586309.0,149.0,2.0,2.0,2.0,8.33,0.0,0.089,0.089,0.0,0.0,Thierno,Barry,2002-10-21,23.88,11.0,11.0,Forward,Striker,1wileoy8mxtd2t1b106uhwzro,ehd2iemqmschhj2ec0vayztzz,Everton FC,Everton,Everton,EVE,586309.0,149.0,2.0,24.0,17.0,70.83,12.0,6.0,50.0,1.0,1.0,100.0,0.0,0.0,0.0,Thierno,Barry,2002-10-21,23.88,11.0,11.0,Forward,Striker,1wileoy8mxtd2t1b106uhwzro,ehd2iemqmschhj2ec0vayztzz,Everton FC,Everton,Everton,EVE,586309,1wileoy8mxtd2t1b106uhwzro,11,ehd2iemqmschhj2ec0vayztzz
Thomas Meunier,93605.0,2.0,180.0,0.0,0.1,-0.1,3.0,2.0,0.0,0.03,Thomas,Meunier,1991-09-12,35.0,56.0,12.0,Defender,Full Back,bb6glt8n0ar47cmhmj6gnfiz9,1r3545b2dzan8yqa80gtmcjch,Sunderland AFC,Sunderland,Sunderland,SUN,19.0,299.895,13.0,204.645,0.0,0.0,0.0,0.0,15.784,15.742,2.0,3.0,8.0,0.0,7.0,6.0,3.0,50.0,3.0,2.0,66.667,,,,,,,,,,93605.0,180.0,2.0,1.0,1.0,0.97,0.0,0.134,0.134,0.0,0.0,Thomas,Meunier,1991-09-12,35.0,56.0,12.0,Defender,Full Back,bb6glt8n0ar47cmhmj6gnfiz9,1r3545b2dzan8yqa80gtmcjch,Sunderland AFC,Sunderland,Sunderland,SUN,93605.0,180.0,2.0,103.0,87.0,84.47,32.0,24.0,75.0,7.0,1.0,14.29,1.0,0.0,0.0,Thomas,Meunier,1991-09-12,35.0,56.0,12.0,Defender,Full Back,bb6glt8n0ar47cmhmj6gnfiz9,1r3545b2dzan8yqa80gtmcjch,Sunderland AFC,Sunderland,Sunderland,SUN,93605,bb6glt8n0ar47cmhmj6gnfiz9,56,1r3545b2dzan8yqa80gtmcjch
Tim Iroegbunam,490094.0,1.0,4.0,0.0,0.0,0.0,0.0,0.0,0.0,0.0,Tim,Iroegbunam,2003-06-30,23.19,11.0,42.0,Midfielder,Central Midfielder,axj86ms31y5wju5431l5j2lwq,ehd2iemqmschhj2ec0vayztzz,Everton FC,Everton,Everton,EVE,0.0,0.0,0.0,0.0,0.0,0.0,0.0,0.0,0.0,0.0,0.0,0.0,0.0,0.0,0.0,1.0,0.0,0.0,0.0,0.0,0.0,,,,,,,,,,490094.0,4.0,1.0,0.0,0.0,0.0,0.0,0.0,0.0,0.0,0.0,Tim,Iroegbunam,2003-06-30,23.19,11.0,42.0,Midfielder,Central Midfielder,axj86ms31y5wju5431l5j2lwq,ehd2iemqmschhj2ec0vayztzz,Everton FC,Everton,Everton,EVE,490094.0,4.0,1.0,0.0,0.0,0.0,0.0,0.0,0.0,0.0,0.0,0.0,0.0,0.0,0.0,Tim,Iroegbunam,2003-06-30,23.19,11.0,42.0,Midfielder,Central Midfielder,axj86ms31y5wju5431l5j2lwq,ehd2iemqmschhj2ec0vayztzz,Everton FC,Everton,Everton,EVE,490094,axj86ms31y5wju5431l5j2lwq,11,ehd2iemqmschhj2ec0vayztzz
Timothy Castagne,166477.0,2.0,158.0,0.0,0.09,-0.09,1.0,1.0,0.0,0.09,Timothy,Castagne,1995-12-05,30.77,54.0,21.0,Defender,Full Back,p87gxg8kc9ta6iipqt5fxmtx,hzqh7z0mdl3v7gwete66syxp,Fulham FC,Fulham,Fulham,FUL,10.0,82.462,6.0,38.535,0.0,0.0,0.0,0.0,8.246,6.422,2.0,2.0,6.0,1.0,3.0,13.0,7.0,53.846,6.0,3.0,50.0,,,,,,,,,,166477.0,158.0,2.0,2.0,2.0,1.72,0.0,0.181,0.18,1.0,1.0,Timothy,Castagne,1995-12-05,30.77,54.0,21.0,Defender,Full Back,p87gxg8kc9ta6iipqt5fxmtx,hzqh7z0mdl3v7gwete66syxp,Fulham FC,Fulham,Fulham,FUL,166477.0,158.0,2.0,60.0,48.0,80.0,15.0,11.0,73.33,3.0,1.0,33.33,0.0,0.0,0.0,Timothy,Castagne,1995-12-05,30.77,54.0,21.0,Defender,Full Back,p87gxg8kc9ta6iipqt5fxmtx,hzqh7z0mdl3v7gwete66syxp,Fulham FC,Fulham,Fulham,FUL,166477,p87gxg8kc9ta6iipqt5fxmtx,54,hzqh7z0mdl3v7gwete66syxp
Trai Hume,487676.0,2.0,170.0,0.0,0.04,-0.04,2.0,0.0,0.0,0.02,Trai,Hume,2002-03-18,24.48,56.0,32.0,Defender,Full Back,31foqyshubo5nkh8kdmbjw8kq,1r3545b2dzan8yqa80gtmcjch,Sunderland AFC,Sunderland,Sunderland,SUN,4.0,33.183,3.0,25.41,0.0,0.0,0.0,0.0,8.296,8.47,7.0,1.0,10.0,1.0,1.0,15.0,7.0,46.667,6.0,4.0,66.667,,,,,,,,,,487676.0,170.0,2.0,4.0,4.0,8.7,0.0,0.275,0.274,0.0,0.0,Trai,Hume,2002-03-18,24.48,56.0,32.0,Defender,Full Back,31foqyshubo5nkh8kdmbjw8kq,1r3545b2dzan8yqa80gtmcjch,Sunderland AFC,Sunderland,Sunderland,SUN,487676.0,170.0,2.0,47.0,35.0,74.47,17.0,10.0,58.82,4.0,2.0,50.0,1.0,1.0,100.0,Trai,Hume,2002-03-18,24.48,56.0,32.0,Defender,Full Back,31foqyshubo5nkh8kdmbjw8kq,1r3545b2dzan8yqa80gtmcjch,Sunderland AFC,Sunderland,Sunderland,SUN,487676,31foqyshubo5nkh8kdmbjw8kq,56,1r3545b2dzan8yqa80gtmcjch
Trey Nyoni,591386.0,1.0,13.0,0.0,0.0,0.0,0.0,0.0,0.0,0.0,Trey,Nyoni,2007-06-30,19.19,14.0,42.0,Midfielder,Central Midfielder,e51jmlxup2pdr8ikl98etxgd0,c8h9bw1l82s06h77xxrelzhur,Liverpool FC,Liverpool,Liverpool,LIV,3.0,39.674,2.0,11.445,0.0,0.0,0.0,0.0,13.225,5.722,2.0,1.0,2.0,0.0,0.0,3.0,2.0,66.667,1.0,0.0,0.0,,,,,,,,,,591386.0,13.0,1.0,0.0,0.0,0.0,0.0,0.004,0.004,0.0,0.0,Trey,Nyoni,2007-06-30,19.19,14.0,42.0,Midfielder,Central Midfielder,e51jmlxup2pdr8ikl98etxgd0,c8h9bw1l82s06h77xxrelzhur,Liverpool FC,Liverpool,Liverpool,LIV,591386.0,13.0,1.0,20.0,18.0,90.0,4.0,3.0,75.0,0.0,0.0,0.0,0.0,0.0,0.0,Trey,Nyoni,2007-06-30,19.19,14.0,42.0,Midfielder,Central Midfielder,e51jmlxup2pdr8ikl98etxgd0,c8h9bw1l82s06h77xxrelzhur,Liverpool FC,Liverpool,Liverpool,LIV,591386,e51jmlxup2pdr8ikl98etxgd0,14,c8h9bw1l82s06h77xxrelzhur
Triston Rowe,569577.0,0.0,0.0,0.0,0.0,0.0,0.0,0.0,0.0,0.0,Triston,Rowe,2006-10-02,19.93,7.0,45.0,Defender,Full Back,569577,b496gs285it6bheuikox6z9mj,Aston Villa FC,Aston Villa,Villa,AVL,0.0,0.0,0.0,0.0,0.0,0.0,0.0,0.0,0.0,0.0,0.0,0.0,0.0,0.0,0.0,0.0,0.0,0.0,0.0,0.0,0.0,,,,,,,,,,569577.0,0.0,0.0,0.0,0.0,0.0,0.0,0.0,0.0,0.0,0.0,Triston,Rowe,2006-10-02,19.93,7.0,45.0,Defender,Full Back,569577,b496gs285it6bheuikox6z9mj,Aston Villa FC,Aston Villa,Villa,AVL,569577.0,0.0,0.0,0.0,0.0,0.0,0.0,0.0,0.0,0.0,0.0,0.0,0.0,0.0,0.0,Triston,Rowe,2006-10-02,19.93,7.0,45.0,Defender,Full Back,569577,b496gs285it6bheuikox6z9mj,Aston Villa FC,Aston Villa,Villa,AVL,569577,569577,7,b496gs285it6bheuikox6z9mj
Tyler Adams,200785.0,2.0,36.0,0.0,0.0,0.0,0.0,0.0,0.0,0.0,Tyler,Adams,1999-02-14,27.57,91.0,12.0,Midfielder,Defensive Midfielder,7dbzcwyph2xoljyhaogjo7mcp,1pse9ta7a45pi2w2grjim70ge,AFC Bournemouth,Bournemouth,Bournemouth,BOU,3.0,29.802,2.0,23.73,0.0,0.0,0.0,0.0,9.934,11.865,0.0,3.0,3.0,0.0,0.0,0.0,0.0,0.0,0.0,0.0,0.0,,,,,,,,,,200785.0,36.0,2.0,0.0,0.0,0.0,0.0,0.005,0.005,0.0,0.0,Tyler,Adams,1999-02-14,27.57,91.0,12.0,Midfielder,Defensive Midfielder,7dbzcwyph2xoljyhaogjo7mcp,1pse9ta7a45pi2w2grjim70ge,AFC Bournemouth,Bournemouth,Bournemouth,BOU,200785.0,36.0,2.0,26.0,23.0,88.46,4.0,3.0,75.0,0.0,0.0,0.0,0.0,0.0,0.0,Tyler,Adams,1999-02-14,27.57,91.0,12.0,Midfielder,Defensive Midfielder,7dbzcwyph2xoljyhaogjo7mcp,1pse9ta7a45pi2w2grjim70ge,AFC Bournemouth,Bournemouth,Bournemouth,BOU,200785,7dbzcwyph2xoljyhaogjo7mcp,91,1pse9ta7a45pi2w2grjim70ge
Tyler Dibling,496661.0,0.0,0.0,0.0,0.0,0.0,0.0,0.0,0.0,0.0,Tyler,Dibling,2006-02-17,20.56,11.0,20.0,Forward,Winger,496661,ehd2iemqmschhj2ec0vayztzz,Everton FC,Everton,Everton,EVE,0.0,0.0,0.0,0.0,0.0,0.0,0.0,0.0,0.0,0.0,0.0,0.0,0.0,0.0,0.0,0.0,0.0,0.0,0.0,0.0,0.0,,,,,,,,,,496661.0,0.0,0.0,0.0,0.0,0.0,0.0,0.0,0.0,0.0,0.0,Tyler,Dibling,2006-02-17,20.56,11.0,20.0,Forward,Winger,496661,ehd2iemqmschhj2ec0vayztzz,Everton FC,Everton,Everton,EVE,496661.0,0.0,0.0,0.0,0.0,0.0,0.0,0.0,0.0,0.0,0.0,0.0,0.0,0.0,0.0,Tyler,Dibling,2006-02-17,20.56,11.0,20.0,Forward,Winger,496661,ehd2iemqmschhj2ec0vayztzz,Everton FC,Everton,Everton,EVE,496661,496661,11,ehd2iemqmschhj2ec0vayztzz
Tyrick Mitchell,244723.0,2.0,180.0,0.0,0.11,-0.11,2.0,0.0,0.0,0.05,Tyrick,Mitchell,1999-09-01,27.02,31.0,3.0,Defender,Full Back,6dqnwhx0eglxhelidxg0dphm2,1c8m2ko0wxq1asfkuykurdr0y,Crystal Palace FC,Crystal Palace,Palace,CRY,17.0,181.493,7.0,108.57,0.0,0.0,1.0,0.0,10.676,15.51,4.0,1.0,5.0,0.0,5.0,11.0,5.0,45.455,1.0,0.0,0.0,,,,,,,,,,244723.0,180.0,2.0,3.0,3.0,5.56,0.0,0.173,0.173,0.0,0.0,Tyrick,Mitchell,1999-09-01,27.02,31.0,3.0,Defender,Full Back,6dqnwhx0eglxhelidxg0dphm2,1c8m2ko0wxq1asfkuykurdr0y,Crystal Palace FC,Crystal Palace,Palace,CRY,244723.0,180.0,2.0,54.0,47.0,87.04,18.0,17.0,94.44,5.0,0.0,0.0,0.0,0.0,0.0,Tyrick,Mitchell,1999-09-01,27.02,31.0,3.0,Defender,Full Back,6dqnwhx0eglxhelidxg0dphm2,1c8m2ko0wxq1asfkuykurdr0y,Crystal Palace FC,Crystal Palace,Palace,CRY,244723,6dqnwhx0eglxhelidxg0dphm2,31,1c8m2ko0wxq1asfkuykurdr0y
Tyrique George,550615.0,2.0,146.0,0.0,0.22,-0.22,7.0,1.0,0.0,0.03,Tyrique,George,2006-02-04,20.59,11.0,19.0,Forward,Winger,es8orzwchom47yjt6nwwuc5qs,ehd2iemqmschhj2ec0vayztzz,Everton FC,Everton,Everton,EVE,31.0,381.109,12.0,109.41,5.0,0.0,2.0,0.0,12.294,9.118,1.0,2.0,5.0,0.0,1.0,8.0,5.0,62.5,2.0,2.0,100.0,,,,,,,,,,550615.0,146.0,2.0,3.0,3.0,6.0,0.0,0.083,0.083,0.0,0.0,Tyrique,George,2006-02-04,20.59,11.0,19.0,Forward,Winger,es8orzwchom47yjt6nwwuc5qs,ehd2iemqmschhj2ec0vayztzz,Everton FC,Everton,Everton,EVE,550615.0,146.0,2.0,50.0,43.0,86.0,18.0,14.0,77.78,4.0,0.0,0.0,0.0,0.0,0.0,Tyrique,George,2006-02-04,20.59,11.0,19.0,Forward,Winger,es8orzwchom47yjt6nwwuc5qs,ehd2iemqmschhj2ec0vayztzz,Everton FC,Everton,Everton,EVE,550615,es8orzwchom47yjt6nwwuc5qs,11,ehd2iemqmschhj2ec0vayztzz
Tyrone Mings,149484.0,1.0,16.0,0.0,0.0,0.0,0.0,0.0,0.0,0.0,Tyrone,Mings,1993-03-13,33.5,7.0,5.0,Defender,Central Defender,2smmv9hdoiet7necaf00ol51x,b496gs285it6bheuikox6z9mj,Aston Villa FC,Aston Villa,Villa,AVL,0.0,0.0,0.0,0.0,0.0,0.0,0.0,0.0,0.0,0.0,1.0,0.0,0.0,0.0,0.0,1.0,1.0,100.0,0.0,0.0,0.0,,,,,,,,,,149484.0,16.0,1.0,0.0,0.0,0.0,0.0,0.0,0.0,0.0,0.0,Tyrone,Mings,1993-03-13,33.5,7.0,5.0,Defender,Central Defender,2smmv9hdoiet7necaf00ol51x,b496gs285it6bheuikox6z9mj,Aston Villa FC,Aston Villa,Villa,AVL,149484.0,16.0,1.0,0.0,0.0,0.0,0.0,0.0,0.0,0.0,0.0,0.0,0.0,0.0,0.0,Tyrone,Mings,1993-03-13,33.5,7.0,5.0,Defender,Central Defender,2smmv9hdoiet7necaf00ol51x,b496gs285it6bheuikox6z9mj,Aston Villa FC,Aston Villa,Villa,AVL,149484,2smmv9hdoiet7necaf00ol51x,7,b496gs285it6bheuikox6z9mj
Valentín Barco,543158.0,1.0,8.0,0.0,0.04,-0.04,1.0,0.0,0.0,0.04,Valentín,Barco,2004-07-23,22.13,8.0,4.0,Midfielder,Central Midfielder,1au9xpmimbyr1jceidcy6v7kk,9q0arba2kbnywth8bkxlhgmdr,Chelsea FC,Chelsea,Chelsea,CHE,0.0,0.0,0.0,0.0,0.0,0.0,0.0,0.0,0.0,0.0,0.0,1.0,0.0,0.0,0.0,1.0,0.0,0.0,1.0,0.0,0.0,,,,,,,,,,543158.0,8.0,1.0,0.0,0.0,0.0,0.0,0.0,0.0,0.0,0.0,Valentín,Barco,2004-07-23,22.13,8.0,4.0,Midfielder,Central Midfielder,1au9xpmimbyr1jceidcy6v7kk,9q0arba2kbnywth8bkxlhgmdr,Chelsea FC,Chelsea,Chelsea,CHE,543158.0,8.0,1.0,0.0,0.0,0.0,0.0,0.0,0.0,0.0,0.0,0.0,0.0,0.0,0.0,Valentín,Barco,2004-07-23,22.13,8.0,4.0,Midfielder,Central Midfielder,1au9xpmimbyr1jceidcy6v7kk,9q0arba2kbnywth8bkxlhgmdr,Chelsea FC,Chelsea,Chelsea,CHE,543158,1au9xpmimbyr1jceidcy6v7kk,8,9q0arba2kbnywth8bkxlhgmdr
Victor Lindelöf,184667.0,2.0,180.0,0.0,0.0,0.0,0.0,0.0,0.0,0.0,Victor,Lindelöf,1994-07-17,32.15,7.0,3.0,Defender,Central Defender,a3ms8havadt1y9x381l325txx,b496gs285it6bheuikox6z9mj,Aston Villa FC,Aston Villa,Villa,AVL,27.0,324.933,12.0,167.16,0.0,0.0,0.0,0.0,12.035,13.93,1.0,0.0,2.0,0.0,9.0,3.0,1.0,33.333,5.0,1.0,20.0,,,,,,,,,,184667.0,180.0,2.0,0.0,0.0,0.0,0.0,0.08,0.08,0.0,0.0,Victor,Lindelöf,1994-07-17,32.15,7.0,3.0,Defender,Central Defender,a3ms8havadt1y9x381l325txx,b496gs285it6bheuikox6z9mj,Aston Villa FC,Aston Villa,Villa,AVL,184667.0,180.0,2.0,72.0,62.0,86.11,7.0,5.0,71.43,0.0,0.0,0.0,0.0,0.0,0.0,Victor,Lindelöf,1994-07-17,32.15,7.0,3.0,Defender,Central Defender,a3ms8havadt1y9x381l325txx,b496gs285it6bheuikox6z9mj,Aston Villa FC,Aston Villa,Villa,AVL,184667,a3ms8havadt1y9x381l325txx,7,b496gs285it6bheuikox6z9mj
Victor Torp,226965.0,2.0,47.0,0.0,0.0,0.0,0.0,0.0,0.0,0.0,Victor,Torp,1999-07-30,27.12,9.0,29.0,Midfielder,Central Midfielder,2mkfrrq1taiw0l42xzeeua5m1,dacoc20k0n3fxu4zek8wufmko,Coventry City FC,Coventry City,Coventry,COV,5.0,35.154,2.0,5.145,0.0,0.0,1.0,0.0,7.031,2.572,0.0,1.0,2.0,0.0,0.0,3.0,0.0,0.0,0.0,0.0,0.0,,,,,,,,,,226965.0,47.0,2.0,1.0,1.0,3.85,0.0,0.117,0.117,0.0,0.0,Victor,Torp,1999-07-30,27.12,9.0,29.0,Midfielder,Central Midfielder,2mkfrrq1taiw0l42xzeeua5m1,dacoc20k0n3fxu4zek8wufmko,Coventry City FC,Coventry City,Coventry,COV,226965.0,47.0,2.0,26.0,23.0,88.46,9.0,8.0,88.89,2.0,1.0,50.0,0.0,0.0,0.0,Victor,Torp,1999-07-30,27.12,9.0,29.0,Midfielder,Central Midfielder,2mkfrrq1taiw0l42xzeeua5m1,dacoc20k0n3fxu4zek8wufmko,Coventry City FC,Coventry City,Coventry,COV,226965,2mkfrrq1taiw0l42xzeeua5m1,9,dacoc20k0n3fxu4zek8wufmko
Viktor Gyökeres,224117.0,0.0,0.0,0.0,0.0,0.0,0.0,0.0,0.0,0.0,Viktor,Gyökeres,1998-06-04,28.27,3.0,14.0,Forward,Striker,224117,4dsgumo7d4zupm2ugsvm4zm4d,Arsenal FC,Arsenal,Arsenal,ARS,0.0,0.0,0.0,0.0,0.0,0.0,0.0,0.0,0.0,0.0,0.0,0.0,0.0,0.0,0.0,0.0,0.0,0.0,0.0,0.0,0.0,,,,,,,,,,224117.0,0.0,0.0,0.0,0.0,0.0,0.0,0.0,0.0,0.0,0.0,Viktor,Gyökeres,1998-06-04,28.27,3.0,14.0,Forward,Striker,224117,4dsgumo7d4zupm2ugsvm4zm4d,Arsenal FC,Arsenal,Arsenal,ARS,224117.0,0.0,0.0,0.0,0.0,0.0,0.0,0.0,0.0,0.0,0.0,0.0,0.0,0.0,0.0,Viktor,Gyökeres,1998-06-04,28.27,3.0,14.0,Forward,Striker,224117,4dsgumo7d4zupm2ugsvm4zm4d,Arsenal FC,Arsenal,Arsenal,ARS,224117,224117,3,4dsgumo7d4zupm2ugsvm4zm4d
Virgil van Dijk,97032.0,2.0,180.0,0.0,0.25,-0.25,2.0,1.0,0.0,0.12,Virgil,van Dijk,1991-07-08,35.18,14.0,4.0,Defender,Central Defender,dxze3b3fsfl814bjcs7q6wcet,c8h9bw1l82s06h77xxrelzhur,Liverpool FC,Liverpool,Liverpool,LIV,32.0,294.397,19.0,173.145,0.0,0.0,0.0,0.0,9.2,9.113,2.0,1.0,11.0,0.0,15.0,2.0,2.0,100.0,12.0,8.0,66.667,,,,,,,,,,97032.0,180.0,2.0,0.0,0.0,0.0,0.0,0.045,0.045,0.0,0.0,Virgil,van Dijk,1991-07-08,35.18,14.0,4.0,Defender,Central Defender,dxze3b3fsfl814bjcs7q6wcet,c8h9bw1l82s06h77xxrelzhur,Liverpool FC,Liverpool,Liverpool,LIV,97032.0,180.0,2.0,172.0,152.0,88.37,43.0,30.0,69.77,0.0,0.0,0.0,0.0,0.0,0.0,Virgil,van Dijk,1991-07-08,35.18,14.0,4.0,Defender,Central Defender,dxze3b3fsfl814bjcs7q6wcet,c8h9bw1l82s06h77xxrelzhur,Liverpool FC,Liverpool,Liverpool,LIV,97032,dxze3b3fsfl814bjcs7q6wcet,14,c8h9bw1l82s06h77xxrelzhur
Vitalii Mykolenko,224967.0,2.0,180.0,0.0,0.0,0.0,0.0,0.0,0.0,0.0,Vitalii,Mykolenko,1999-05-29,27.28,11.0,16.0,Defender,Full Back,9o1vesnpfiucpoq35ihhpstex,ehd2iemqmschhj2ec0vayztzz,Everton FC,Everton,Everton,EVE,17.0,199.065,11.0,80.85,0.0,0.0,0.0,0.0,11.71,7.35,1.0,1.0,11.0,4.0,10.0,7.0,3.0,42.857,12.0,7.0,58.333,,,,,,,,,,224967.0,180.0,2.0,1.0,1.0,1.35,0.0,0.053,0.031,0.0,0.0,Vitalii,Mykolenko,1999-05-29,27.28,11.0,16.0,Defender,Full Back,9o1vesnpfiucpoq35ihhpstex,ehd2iemqmschhj2ec0vayztzz,Everton FC,Everton,Everton,EVE,224967.0,180.0,2.0,75.0,56.0,74.67,21.0,14.0,66.67,3.0,0.0,0.0,0.0,0.0,0.0,Vitalii,Mykolenko,1999-05-29,27.28,11.0,16.0,Defender,Full Back,9o1vesnpfiucpoq35ihhpstex,ehd2iemqmschhj2ec0vayztzz,Everton FC,Everton,Everton,EVE,224967,9o1vesnpfiucpoq35ihhpstex,11,ehd2iemqmschhj2ec0vayztzz
Vitaly Janelt,204580.0,2.0,180.0,1.0,0.39,0.61,2.0,1.0,50.0,0.19,Vitaly,Janelt,1998-05-10,28.34,94.0,27.0,Midfielder,Defensive Midfielder,9k8gysrsy1a261nhcszo4aoyx,7yx5dqhhphyvfisohikodajhv,Brentford FC,Brentford,Brentford,BRE,19.0,211.05,9.0,35.805,0.0,0.0,0.0,0.0,11.108,3.978,7.0,8.0,5.0,1.0,2.0,19.0,8.0,42.105,2.0,2.0,100.0,,,,,,,,,,204580.0,180.0,2.0,4.0,0.0,0.0,100.0,0.308,0.04,0.0,0.0,Vitaly,Janelt,1998-05-10,28.34,94.0,27.0,Midfielder,Defensive Midfielder,9k8gysrsy1a261nhcszo4aoyx,7yx5dqhhphyvfisohikodajhv,Brentford FC,Brentford,Brentford,BRE,204580.0,180.0,2.0,84.0,74.0,88.1,24.0,20.0,83.33,1.0,0.0,0.0,0.0,0.0,0.0,Vitaly,Janelt,1998-05-10,28.34,94.0,27.0,Midfielder,Defensive Midfielder,9k8gysrsy1a261nhcszo4aoyx,7yx5dqhhphyvfisohikodajhv,Brentford FC,Brentford,Brentford,BRE,204580,9k8gysrsy1a261nhcszo4aoyx,94,7yx5dqhhphyvfisohikodajhv
Vitor Reis,616222.0,1.0,1.0,0.0,0.0,0.0,0.0,0.0,0.0,0.0,Vitor,de Oliveira Nunes dos Reis,2006-01-12,20.65,43.0,22.0,Defender,Central Defender,bh4p6egq7e7htivuu0qdjqiac,a3nyxabgsqlnqfkeg41m6tnpp,Manchester City FC,Manchester City,Man City,MCI,4.0,26.581,0.0,1.89,0.0,0.0,0.0,0.0,6.645,0.0,0.0,0.0,0.0,0.0,0.0,0.0,0.0,0.0,0.0,0.0,0.0,,,,,,,,,,616222.0,1.0,1.0,0.0,0.0,0.0,0.0,0.003,0.003,0.0,0.0,Vitor,de Oliveira Nunes dos Reis,2006-01-12,20.65,43.0,22.0,Defender,Central Defender,bh4p6egq7e7htivuu0qdjqiac,a3nyxabgsqlnqfkeg41m6tnpp,Manchester City FC,Manchester City,Man City,MCI,616222.0,1.0,1.0,13.0,13.0,100.0,4.0,4.0,100.0,0.0,0.0,0.0,0.0,0.0,0.0,Vitor,de Oliveira Nunes dos Reis,2006-01-12,20.65,43.0,22.0,Defender,Central Defender,bh4p6egq7e7htivuu0qdjqiac,a3nyxabgsqlnqfkeg41m6tnpp,Manchester City FC,Manchester City,Man City,MCI,616222,bh4p6egq7e7htivuu0qdjqiac,43,a3nyxabgsqlnqfkeg41m6tnpp
Víctor Muñoz,551499.0,2.0,117.0,1.0,0.42,0.58,6.0,1.0,16.67,0.07,Víctor,Muñoz,2003-07-13,23.16,14.0,23.0,Forward,Winger,d358ce00vstqg3ilinhcc10r8,c8h9bw1l82s06h77xxrelzhur,Liverpool FC,Liverpool,Liverpool,LIV,20.0,256.329,15.0,159.39,2.0,0.0,1.0,0.0,12.816,10.626,2.0,3.0,1.0,1.0,0.0,17.0,7.0,41.176,1.0,0.0,0.0,,,,,,,,,,551499.0,117.0,2.0,1.0,1.0,3.85,0.0,0.231,0.231,0.0,0.0,Víctor,Muñoz,2003-07-13,23.16,14.0,23.0,Forward,Winger,d358ce00vstqg3ilinhcc10r8,c8h9bw1l82s06h77xxrelzhur,Liverpool FC,Liverpool,Liverpool,LIV,551499.0,117.0,2.0,26.0,20.0,76.92,12.0,8.0,66.67,8.0,3.0,37.5,0.0,0.0,0.0,Víctor,Muñoz,2003-07-13,23.16,14.0,23.0,Forward,Winger,d358ce00vstqg3ilinhcc10r8,c8h9bw1l82s06h77xxrelzhur,Liverpool FC,Liverpool,Liverpool,LIV,551499,d358ce00vstqg3ilinhcc10r8,14,c8h9bw1l82s06h77xxrelzhur
Wataru Endo,158983.0,0.0,0.0,0.0,0.0,0.0,0.0,0.0,0.0,0.0,Wataru,Endo,1993-02-09,33.59,14.0,3.0,Midfielder,Defensive Midfielder,158983,c8h9bw1l82s06h77xxrelzhur,Liverpool FC,Liverpool,Liverpool,LIV,0.0,0.0,0.0,0.0,0.0,0.0,0.0,0.0,0.0,0.0,0.0,0.0,0.0,0.0,0.0,0.0,0.0,0.0,0.0,0.0,0.0,,,,,,,,,,158983.0,0.0,0.0,0.0,0.0,0.0,0.0,0.0,0.0,0.0,0.0,Wataru,Endo,1993-02-09,33.59,14.0,3.0,Midfielder,Defensive Midfielder,158983,c8h9bw1l82s06h77xxrelzhur,Liverpool FC,Liverpool,Liverpool,LIV,158983.0,0.0,0.0,0.0,0.0,0.0,0.0,0.0,0.0,0.0,0.0,0.0,0.0,0.0,0.0,Wataru,Endo,1993-02-09,33.59,14.0,3.0,Midfielder,Defensive Midfielder,158983,c8h9bw1l82s06h77xxrelzhur,Liverpool FC,Liverpool,Liverpool,LIV,158983,158983,14,c8h9bw1l82s06h77xxrelzhur
Wesley Fofana,444463.0,1.0,68.0,0.0,0.0,0.0,0.0,0.0,0.0,0.0,Wesley,Fofana,2000-12-17,25.73,8.0,3.0,Defender,Central Defender,7yirx71oya71zjsgldj5ucqcq,9q0arba2kbnywth8bkxlhgmdr,Chelsea FC,Chelsea,Chelsea,CHE,2.0,50.444,1.0,40.95,0.0,0.0,0.0,0.0,25.222,40.95,0.0,1.0,0.0,1.0,7.0,0.0,0.0,0.0,0.0,0.0,0.0,,,,,,,,,,444463.0,68.0,1.0,0.0,0.0,0.0,0.0,0.01,0.01,0.0,0.0,Wesley,Fofana,2000-12-17,25.73,8.0,3.0,Defender,Central Defender,7yirx71oya71zjsgldj5ucqcq,9q0arba2kbnywth8bkxlhgmdr,Chelsea FC,Chelsea,Chelsea,CHE,444463.0,68.0,1.0,13.0,13.0,100.0,4.0,4.0,100.0,0.0,0.0,0.0,0.0,0.0,0.0,Wesley,Fofana,2000-12-17,25.73,8.0,3.0,Defender,Central Defender,7yirx71oya71zjsgldj5ucqcq,9q0arba2kbnywth8bkxlhgmdr,Chelsea FC,Chelsea,Chelsea,CHE,444463,7yirx71oya71zjsgldj5ucqcq,8,9q0arba2kbnywth8bkxlhgmdr
Wilfried Gnonto,492859.0,0.0,0.0,0.0,0.0,0.0,0.0,0.0,0.0,0.0,Wilfried,Gnonto,2003-11-05,22.84,2.0,29.0,Forward,Attacking Midfielder,492859,48gk2hpqtsl6p9sx9kjhaydq4,Leeds United FC,Leeds United,Leeds,LEE,0.0,0.0,0.0,0.0,0.0,0.0,0.0,0.0,0.0,0.0,0.0,0.0,0.0,0.0,0.0,0.0,0.0,0.0,0.0,0.0,0.0,,,,,,,,,,492859.0,0.0,0.0,0.0,0.0,0.0,0.0,0.0,0.0,0.0,0.0,Wilfried,Gnonto,2003-11-05,22.84,2.0,29.0,Forward,Attacking Midfielder,492859,48gk2hpqtsl6p9sx9kjhaydq4,Leeds United FC,Leeds United,Leeds,LEE,492859.0,0.0,0.0,0.0,0.0,0.0,0.0,0.0,0.0,0.0,0.0,0.0,0.0,0.0,0.0,Wilfried,Gnonto,2003-11-05,22.84,2.0,29.0,Forward,Attacking Midfielder,492859,48gk2hpqtsl6p9sx9kjhaydq4,Leeds United FC,Leeds United,Leeds,LEE,492859,492859,2,48gk2hpqtsl6p9sx9kjhaydq4
Will Hughes,108413.0,0.0,0.0,0.0,0.0,0.0,0.0,0.0,0.0,0.0,Will,Hughes,1995-04-17,31.4,31.0,19.0,Midfielder,Central Midfielder,108413,1c8m2ko0wxq1asfkuykurdr0y,Crystal Palace FC,Crystal Palace,Palace,CRY,0.0,0.0,0.0,0.0,0.0,0.0,0.0,0.0,0.0,0.0,0.0,0.0,0.0,0.0,0.0,0.0,0.0,0.0,0.0,0.0,0.0,,,,,,,,,,108413.0,0.0,0.0,0.0,0.0,0.0,0.0,0.0,0.0,0.0,0.0,Will,Hughes,1995-04-17,31.4,31.0,19.0,Midfielder,Central Midfielder,108413,1c8m2ko0wxq1asfkuykurdr0y,Crystal Palace FC,Crystal Palace,Palace,CRY,108413.0,0.0,0.0,0.0,0.0,0.0,0.0,0.0,0.0,0.0,0.0,0.0,0.0,0.0,0.0,Will,Hughes,1995-04-17,31.4,31.0,19.0,Midfielder,Central Midfielder,108413,1c8m2ko0wxq1asfkuykurdr0y,Crystal Palace FC,Crystal Palace,Palace,CRY,108413,108413,31,1c8m2ko0wxq1asfkuykurdr0y
William Osula,538207.0,1.0,56.0,0.0,0.06,-0.06,2.0,0.0,0.0,0.03,William,Osula,2003-08-04,23.1,4.0,10.0,Forward,Striker,bf7ph89zhr5y6rtct5k9bvqc4,7vn2i2kd35zuetw6b38gw9jsz,Newcastle United FC,Newcastle United,Newcastle,NEW,4.0,66.351,3.0,54.6,0.0,0.0,1.0,1.0,16.588,18.2,1.0,0.0,2.0,2.0,0.0,3.0,1.0,33.333,3.0,0.0,0.0,,,,,,,,,,538207.0,56.0,1.0,1.0,1.0,0.0,0.0,0.139,0.139,1.0,1.0,William,Osula,2003-08-04,23.1,4.0,10.0,Forward,Striker,bf7ph89zhr5y6rtct5k9bvqc4,7vn2i2kd35zuetw6b38gw9jsz,Newcastle United FC,Newcastle United,Newcastle,NEW,538207.0,56.0,1.0,5.0,4.0,80.0,4.0,3.0,75.0,0.0,0.0,0.0,1.0,1.0,100.0,William,Osula,2003-08-04,23.1,4.0,10.0,Forward,Striker,bf7ph89zhr5y6rtct5k9bvqc4,7vn2i2kd35zuetw6b38gw9jsz,Newcastle United FC,Newcastle United,Newcastle,NEW,538207,bf7ph89zhr5y6rtct5k9bvqc4,4,7vn2i2kd35zuetw6b38gw9jsz
Wilson Isidor,437505.0,2.0,49.0,1.0,1.39,-0.39,3.0,1.0,33.33,0.46,Wilson,Isidor,2000-08-27,26.04,56.0,18.0,Forward,Striker,1yev88jhwy9w7c4v3m4yyul7t,1r3545b2dzan8yqa80gtmcjch,Sunderland AFC,Sunderland,Sunderland,SUN,2.0,10.603,1.0,9.555,0.0,0.0,0.0,0.0,5.302,9.555,0.0,0.0,0.0,0.0,0.0,3.0,2.0,66.667,5.0,0.0,0.0,,,,,,,,,,437505.0,49.0,2.0,0.0,0.0,0.0,0.0,0.0,0.0,0.0,0.0,Wilson,Isidor,2000-08-27,26.04,56.0,18.0,Forward,Striker,1yev88jhwy9w7c4v3m4yyul7t,1r3545b2dzan8yqa80gtmcjch,Sunderland AFC,Sunderland,Sunderland,SUN,437505.0,49.0,2.0,5.0,3.0,60.0,2.0,0.0,0.0,0.0,0.0,0.0,0.0,0.0,0.0,Wilson,Isidor,2000-08-27,26.04,56.0,18.0,Forward,Striker,1yev88jhwy9w7c4v3m4yyul7t,1r3545b2dzan8yqa80gtmcjch,Sunderland AFC,Sunderland,Sunderland,SUN,437505,1yev88jhwy9w7c4v3m4yyul7t,56,1r3545b2dzan8yqa80gtmcjch
Xaver Schlager,204561.0,2.0,106.0,0.0,0.05,-0.05,2.0,0.0,0.0,0.03,Xaver,Schlager,1997-09-28,28.95,17.0,21.0,Midfielder,Central Midfielder,1s1v1tweyx8wxc9hj2jrnaggl,1qtaiy11gswx327s0vkibf70n,Nottingham Forest FC,Nottingham Forest,Forest,NFO,6.0,55.201,2.0,11.13,0.0,0.0,0.0,0.0,9.2,5.565,5.0,0.0,8.0,1.0,2.0,9.0,7.0,77.778,2.0,1.0,50.0,,,,,,,,,,204561.0,106.0,2.0,0.0,0.0,0.0,0.0,0.005,0.005,0.0,0.0,Xaver,Schlager,1997-09-28,28.95,17.0,21.0,Midfielder,Central Midfielder,1s1v1tweyx8wxc9hj2jrnaggl,1qtaiy11gswx327s0vkibf70n,Nottingham Forest FC,Nottingham Forest,Forest,NFO,204561.0,106.0,2.0,37.0,30.0,81.08,6.0,4.0,66.67,1.0,0.0,0.0,0.0,0.0,0.0,Xaver,Schlager,1997-09-28,28.95,17.0,21.0,Midfielder,Central Midfielder,1s1v1tweyx8wxc9hj2jrnaggl,1qtaiy11gswx327s0vkibf70n,Nottingham Forest FC,Nottingham Forest,Forest,NFO,204561,1s1v1tweyx8wxc9hj2jrnaggl,17,1qtaiy11gswx327s0vkibf70n
Yasin Ayari,509416.0,1.0,64.0,0.0,0.11,-0.11,2.0,0.0,0.0,0.06,Yasin,Ayari,2003-10-06,22.93,36.0,26.0,Midfielder,Central Midfielder,192qpmicfd10d7mutv5y762qy,e5p0ehyguld7egzhiedpdnc3w,Brighton & Hove Albion FC,Brighton & Hove Albion,Brighton,BHA,8.0,73.858,4.0,31.815,0.0,0.0,0.0,0.0,9.232,7.954,0.0,0.0,3.0,0.0,1.0,5.0,1.0,20.0,0.0,0.0,0.0,,,,,,,,,,509416.0,64.0,1.0,1.0,1.0,2.56,0.0,0.029,0.029,0.0,0.0,Yasin,Ayari,2003-10-06,22.93,36.0,26.0,Midfielder,Central Midfielder,192qpmicfd10d7mutv5y762qy,e5p0ehyguld7egzhiedpdnc3w,Brighton & Hove Albion FC,Brighton & Hove Albion,Brighton,BHA,509416.0,64.0,1.0,40.0,36.0,90.0,9.0,6.0,66.67,0.0,0.0,0.0,0.0,0.0,0.0,Yasin,Ayari,2003-10-06,22.93,36.0,26.0,Midfielder,Central Midfielder,192qpmicfd10d7mutv5y762qy,e5p0ehyguld7egzhiedpdnc3w,Brighton & Hove Albion FC,Brighton & Hove Albion,Brighton,BHA,509416,192qpmicfd10d7mutv5y762qy,36,e5p0ehyguld7egzhiedpdnc3w
Yehor Yarmoliuk,508395.0,2.0,44.0,0.0,0.04,-0.04,1.0,0.0,0.0,0.04,Yehor,Yarmoliuk,2004-03-01,22.52,94.0,6.0,Midfielder,Attacking Midfielder,9mrmzuytv82k3u2nco9tq9y0a,7yx5dqhhphyvfisohikodajhv,Brentford FC,Brentford,Brentford,BRE,8.0,104.43,2.0,-31.92,0.0,0.0,1.0,0.0,13.054,-15.96,2.0,1.0,3.0,0.0,0.0,5.0,3.0,60.0,0.0,0.0,0.0,,,,,,,,,,508395.0,44.0,2.0,1.0,1.0,4.55,0.0,0.014,0.014,0.0,0.0,Yehor,Yarmoliuk,2004-03-01,22.52,94.0,6.0,Midfielder,Attacking Midfielder,9mrmzuytv82k3u2nco9tq9y0a,7yx5dqhhphyvfisohikodajhv,Brentford FC,Brentford,Brentford,BRE,508395.0,44.0,2.0,22.0,18.0,81.82,11.0,9.0,81.82,2.0,0.0,0.0,0.0,0.0,0.0,Yehor,Yarmoliuk,2004-03-01,22.52,94.0,6.0,Midfielder,Attacking Midfielder,9mrmzuytv82k3u2nco9tq9y0a,7yx5dqhhphyvfisohikodajhv,Brentford FC,Brentford,Brentford,BRE,508395,9mrmzuytv82k3u2nco9tq9y0a,94,7yx5dqhhphyvfisohikodajhv
Yoane Wissa,216646.0,2.0,171.0,1.0,1.34,-0.34,6.0,2.0,16.67,0.22,Yoane,Wissa,1996-09-03,30.02,4.0,9.0,Forward,Striker,bxjc2heo4ve54cyvw98qcck45,7vn2i2kd35zuetw6b38gw9jsz,Newcastle United FC,Newcastle United,Newcastle,NEW,13.0,227.927,10.0,158.025,1.0,0.0,1.0,1.0,17.533,15.802,5.0,0.0,7.0,0.0,2.0,22.0,14.0,63.636,10.0,4.0,40.0,,,,,,,,,,216646.0,171.0,2.0,2.0,2.0,3.85,0.0,0.016,0.016,1.0,1.0,Yoane,Wissa,1996-09-03,30.02,4.0,9.0,Forward,Striker,bxjc2heo4ve54cyvw98qcck45,7vn2i2kd35zuetw6b38gw9jsz,Newcastle United FC,Newcastle United,Newcastle,NEW,216646.0,171.0,2.0,27.0,18.0,66.67,9.0,6.0,66.67,0.0,0.0,0.0,1.0,0.0,0.0,Yoane,Wissa,1996-09-03,30.02,4.0,9.0,Forward,Striker,bxjc2heo4ve54cyvw98qcck45,7vn2i2kd35zuetw6b38gw9jsz,Newcastle United FC,Newcastle United,Newcastle,NEW,216646,bxjc2heo4ve54cyvw98qcck45,4,7vn2i2kd35zuetw6b38gw9jsz
Youri Tielemans,166989.0,2.0,157.0,0.0,0.51,-0.51,4.0,2.0,0.0,0.13,Youri,Tielemans,1997-05-07,29.35,1.0,18.0,Midfielder,Central Midfielder,eo4uva2gnx08xdazfaqzyz2dx,6eqit8ye8aomdsrrq0hk3v7gh,Manchester United FC,Manchester United,Man Utd,MUN,22.0,203.156,10.0,117.6,1.0,0.0,2.0,0.0,9.234,11.76,2.0,2.0,12.0,0.0,2.0,14.0,9.0,64.286,1.0,1.0,100.0,,,,,,,,,,166989.0,157.0,2.0,4.0,4.0,2.84,0.0,0.213,0.213,0.0,0.0,Youri,Tielemans,1997-05-07,29.35,1.0,18.0,Midfielder,Central Midfielder,eo4uva2gnx08xdazfaqzyz2dx,6eqit8ye8aomdsrrq0hk3v7gh,Manchester United FC,Manchester United,Man Utd,MUN,166989.0,157.0,2.0,145.0,131.0,90.34,53.0,46.0,86.79,1.0,0.0,0.0,1.0,0.0,0.0,Youri,Tielemans,1997-05-07,29.35,1.0,18.0,Midfielder,Central Midfielder,eo4uva2gnx08xdazfaqzyz2dx,6eqit8ye8aomdsrrq0hk3v7gh,Manchester United FC,Manchester United,Man Utd,MUN,166989,eo4uva2gnx08xdazfaqzyz2dx,1,6eqit8ye8aomdsrrq0hk3v7gh
Yéremy Pino,488024.0,2.0,103.0,0.0,0.11,-0.11,3.0,0.0,0.0,0.04,Yéremy,Pino,2002-10-20,23.89,31.0,10.0,Midfielder,Winger,4eezya3lwcwur6c8s6rl0rzvu,1c8m2ko0wxq1asfkuykurdr0y,Crystal Palace FC,Crystal Palace,Palace,CRY,21.0,203.542,10.0,68.88,2.0,0.0,1.0,0.0,9.692,6.888,4.0,1.0,9.0,0.0,1.0,10.0,7.0,70.0,3.0,0.0,0.0,,,,,,,,,,488024.0,103.0,2.0,2.0,1.0,2.63,50.0,0.092,0.063,0.0,0.0,Yéremy,Pino,2002-10-20,23.89,31.0,10.0,Midfielder,Winger,4eezya3lwcwur6c8s6rl0rzvu,1c8m2ko0wxq1asfkuykurdr0y,Crystal Palace FC,Crystal Palace,Palace,CRY,488024.0,103.0,2.0,43.0,33.0,76.74,15.0,10.0,66.67,5.0,2.0,40.0,1.0,0.0,0.0,Yéremy,Pino,2002-10-20,23.89,31.0,10.0,Midfielder,Winger,4eezya3lwcwur6c8s6rl0rzvu,1c8m2ko0wxq1asfkuykurdr0y,Crystal Palace FC,Crystal Palace,Palace,CRY,488024,4eezya3lwcwur6c8s6rl0rzvu,31,1c8m2ko0wxq1asfkuykurdr0y
Zach Abbott,549067.0,0.0,0.0,0.0,0.0,0.0,0.0,0.0,0.0,0.0,Zach,Abbott,2006-05-13,20.32,17.0,44.0,Defender,Central Defender,549067,1qtaiy11gswx327s0vkibf70n,Nottingham Forest FC,Nottingham Forest,Forest,NFO,0.0,0.0,0.0,0.0,0.0,0.0,0.0,0.0,0.0,0.0,0.0,0.0,0.0,0.0,0.0,0.0,0.0,0.0,0.0,0.0,0.0,,,,,,,,,,549067.0,0.0,0.0,0.0,0.0,0.0,0.0,0.0,0.0,0.0,0.0,Zach,Abbott,2006-05-13,20.32,17.0,44.0,Defender,Central Defender,549067,1qtaiy11gswx327s0vkibf70n,Nottingham Forest FC,Nottingham Forest,Forest,NFO,549067.0,0.0,0.0,0.0,0.0,0.0,0.0,0.0,0.0,0.0,0.0,0.0,0.0,0.0,0.0,Zach,Abbott,2006-05-13,20.32,17.0,44.0,Defender,Central Defender,549067,1qtaiy11gswx327s0vkibf70n,Nottingham Forest FC,Nottingham Forest,Forest,NFO,549067,549067,17,1qtaiy11gswx327s0vkibf70n
Zadok Yohanna,700308.0,1.0,12.0,0.0,0.0,0.0,0.0,0.0,0.0,0.0,Zadok,Yohanna,2007-06-29,19.19,36.0,36.0,Forward,Winger,9rc52qb9ok79fbfbesv2amuj8,e5p0ehyguld7egzhiedpdnc3w,Brighton & Hove Albion FC,Brighton & Hove Albion,Brighton,BHA,2.0,20.1,2.0,19.005,0.0,0.0,0.0,0.0,10.05,9.502,0.0,0.0,0.0,0.0,0.0,4.0,1.0,25.0,0.0,0.0,0.0,,,,,,,,,,700308.0,12.0,1.0,0.0,0.0,0.0,0.0,0.026,0.026,0.0,0.0,Zadok,Yohanna,2007-06-29,19.19,36.0,36.0,Forward,Winger,9rc52qb9ok79fbfbesv2amuj8,e5p0ehyguld7egzhiedpdnc3w,Brighton & Hove Albion FC,Brighton & Hove Albion,Brighton,BHA,700308.0,12.0,1.0,5.0,5.0,100.0,4.0,4.0,100.0,0.0,0.0,0.0,0.0,0.0,0.0,Zadok,Yohanna,2007-06-29,19.19,36.0,36.0,Forward,Winger,9rc52qb9ok79fbfbesv2amuj8,e5p0ehyguld7egzhiedpdnc3w,Brighton & Hove Albion FC,Brighton & Hove Albion,Brighton,BHA,700308,9rc52qb9ok79fbfbesv2amuj8,36,e5p0ehyguld7egzhiedpdnc3w
Zavier Gozo,559152.0,1.0,22.0,0.0,0.0,0.0,0.0,0.0,0.0,0.0,Zavier,Gozo,2007-03-22,19.47,31.0,12.0,Forward,Winger,72xq9zy27facbbowtwsuzw0lw,1c8m2ko0wxq1asfkuykurdr0y,Crystal Palace FC,Crystal Palace,Palace,CRY,1.0,5.88,0.0,4.935,0.0,0.0,0.0,0.0,5.88,0.0,1.0,0.0,0.0,0.0,0.0,6.0,1.0,16.667,0.0,0.0,0.0,,,,,,,,,,559152.0,22.0,1.0,0.0,0.0,0.0,0.0,0.001,0.001,0.0,0.0,Zavier,Gozo,2007-03-22,19.47,31.0,12.0,Forward,Winger,72xq9zy27facbbowtwsuzw0lw,1c8m2ko0wxq1asfkuykurdr0y,Crystal Palace FC,Crystal Palace,Palace,CRY,559152.0,22.0,1.0,4.0,3.0,75.0,1.0,1.0,100.0,0.0,0.0,0.0,0.0,0.0,0.0,Zavier,Gozo,2007-03-22,19.47,31.0,12.0,Forward,Winger,72xq9zy27facbbowtwsuzw0lw,1c8m2ko0wxq1asfkuykurdr0y,Crystal Palace FC,Crystal Palace,Palace,CRY,559152,72xq9zy27facbbowtwsuzw0lw,31,1c8m2ko0wxq1asfkuykurdr0y
Zion Suzuki,,,,,,,,,,,,,,,,,,,,,,,,,,,,,,,,,,,,,,,,,,,,,,180.0,50.0,0.0,1.0,1.0,50.0,-0.2,0.0,0.8,,,,,,,,,,,,,,,,,,,,,,,,,,,,,,,,,,,,,,,,,,,,,,,,,,,,,,,433969,2mfunwzltzdnmzlcjyvx752i,7,b496gs285it6bheuikox6z9mj
Álvaro Rodríguez,561245.0,1.0,9.0,0.0,0.0,0.0,0.0,0.0,0.0,0.0,Álvaro,Rodríguez,2004-07-14,22.15,91.0,30.0,Forward,Striker,osme4gegtnhlldt4lsqf56ac,1pse9ta7a45pi2w2grjim70ge,AFC Bournemouth,Bournemouth,Bournemouth,BOU,2.0,16.791,0.0,-16.17,0.0,0.0,0.0,0.0,8.396,0.0,0.0,0.0,1.0,0.0,0.0,2.0,2.0,100.0,4.0,0.0,0.0,,,,,,,,,,561245.0,9.0,1.0,0.0,0.0,0.0,0.0,0.0,0.0,0.0,0.0,Álvaro,Rodríguez,2004-07-14,22.15,91.0,30.0,Forward,Striker,osme4gegtnhlldt4lsqf56ac,1pse9ta7a45pi2w2grjim70ge,AFC Bournemouth,Bournemouth,Bournemouth,BOU,561245.0,9.0,1.0,3.0,2.0,66.67,0.0,0.0,0.0,0.0,0.0,0.0,0.0,0.0,0.0,Álvaro,Rodríguez,2004-07-14,22.15,91.0,30.0,Forward,Striker,osme4gegtnhlldt4lsqf56ac,1pse9ta7a45pi2w2grjim70ge,AFC Bournemouth,Bournemouth,Bournemouth,BOU,561245,osme4gegtnhlldt4lsqf56ac,91,1pse9ta7a45pi2w2grjim70ge
Óscar Mingueza,242313.0,1.0,15.0,0.0,0.0,0.0,0.0,0.0,0.0,0.0,Óscar,Mingueza,1999-05-13,27.33,31.0,30.0,Defender,Central Defender,c3sl9ajm4q424r4u37iath3hl,1c8m2ko0wxq1asfkuykurdr0y,Crystal Palace FC,Crystal Palace,Palace,CRY,0.0,0.0,0.0,0.0,0.0,0.0,0.0,0.0,0.0,0.0,1.0,0.0,0.0,0.0,0.0,2.0,1.0,50.0,0.0,0.0,0.0,,,,,,,,,,242313.0,15.0,1.0,0.0,0.0,0.0,0.0,0.0,0.0,0.0,0.0,Óscar,Mingueza,1999-05-13,27.33,31.0,30.0,Defender,Central Defender,c3sl9ajm4q424r4u37iath3hl,1c8m2ko0wxq1asfkuykurdr0y,Crystal Palace FC,Crystal Palace,Palace,CRY,242313.0,15.0,1.0,2.0,1.0,50.0,0.0,0.0,0.0,0.0,0.0,0.0,0.0,0.0,0.0,Óscar,Mingueza,1999-05-13,27.33,31.0,30.0,Defender,Central Defender,c3sl9ajm4q424r4u37iath3hl,1c8m2ko0wxq1asfkuykurdr0y,Crystal Palace FC,Crystal Palace,Palace,CRY,242313,c3sl9ajm4q424r4u37iath3hl,31,1c8m2ko0wxq1asfkuykurdr0y
