player,attack_player_id,attack_apps,attack_mins_played,attack_goals,attack_xg,attack_goals_vs_xg,attack_shots,attack_shots_on_target,attack_shot_conv,attack_xg_per_shot,attack_first_name,attack_last_name,attack_date_of_birth,attack_age,attack_team_id,attack_shirt_number,attack_squad_position,attack_squad_position_detailed,attack_player_uuid,attack_team_uuid,attack_contestantName,attack_contestantClubName,attack_contestantShortName,attack_contestantCode,carries_carries,carries_carry_distance,carries_progressive_carries,carries_progressive_distance,carries_shot_ending,carries_goal_ending,carries_chance_ending,carries_assist_ending,carries_dist_per_carry,carries_dist_per_progressive_carry,defending_tackles,defending_interceptions,defending_recoveries,defending_blocks,defending_clearances,defending_ground_duels,defending_ground_duels_won,defending_ground_duel_perc,defending_aerial_duels,defending_aerial_duels_won,defending_aerial_duel_perc,goalkeeping_team_mins,goalkeeping_team_mins_perc,goalkeeping_ogs,goalkeeping_goals_conceded,goalkeeping_saves_made,goalkeeping_save_perc,goalkeeping_goals_prevented,goalkeeping_goals_prevented_rate,goalkeeping_xgot_conceded,possession_chanceCreation_player_id,possession_chanceCreation_mins_played,possession_chanceCreation_apps,possession_chanceCreation_chances_created,possession_chanceCreation_op_chances_created,possession_chanceCreation_chances_per_100_pass,possession_chanceCreation_chances_sp_op_ratio,possession_chanceCreation_xa,possession_chanceCreation_op_xa,possession_chanceCreation_assists,possession_chanceCreation_op_assists,possession_chanceCreation_first_name,possession_chanceCreation_last_name,possession_chanceCreation_date_of_birth,possession_chanceCreation_age,possession_chanceCreation_team_id,possession_chanceCreation_shirt_number,possession_chanceCreation_squad_position,possession_chanceCreation_squad_position_detailed,possession_chanceCreation_player_uuid,possession_chanceCreation_team_uuid,possession_chanceCreation_contestantName,possession_chanceCreation_contestantClubName,possession_chanceCreation_contestantShortName,possession_chanceCreation_contestantCode,possession_passing_player_id,possession_passing_mins_played,possession_passing_apps,possession_passing_passes,possession_passing_successful_passes,possession_passing_pass_perc,possession_passing_total_final_third_passes,possession_passing_successful_final_third_passes,possession_passing_ft_pass_perc,possession_passing_op_crosses,possession_passing_successful_op_crosses,possession_passing_cross_perc,possession_passing_through_balls,possession_passing_successful_through_balls,possession_passing_through_ball_perc,possession_passing_first_name,possession_passing_last_name,possession_passing_date_of_birth,possession_passing_age,possession_passing_team_id,possession_passing_shirt_number,possession_passing_squad_position,possession_passing_squad_position_detailed,possession_passing_player_uuid,possession_passing_team_uuid,possession_passing_contestantName,possession_passing_contestantClubName,possession_passing_contestantShortName,possession_passing_contestantCode,opta_player_id,opta_player_uuid,opta_team_id,opta_team_uuid
Abdallah Sima,516211.0,2.0,160.0,0.0,0.25,-0.25,2.0,1.0,0.0,0.12,Abdallah,Sima,2001-06-17,25.23,142.0,19.0,Forward,Winger,36ylt0kjn7t0vajmelu4mbazu,3xedluek08t2ka7oypwuullcn,Racing Club de Lens,Lens,Lens,RCL,15.0,193.265,7.0,100.59,1.0,0.0,0.0,0.0,12.884,14.37,1.0,1.0,3.0,0.0,1.0,9.0,6.0,66.667,7.0,2.0,28.571,,,,,,,,,,516211.0,160.0,2.0,3.0,3.0,6.06,0.0,0.228,0.228,1.0,1.0,Abdallah,Sima,2001-06-17,25.23,142.0,19.0,Forward,Winger,36ylt0kjn7t0vajmelu4mbazu,3xedluek08t2ka7oypwuullcn,Racing Club de Lens,Lens,Lens,RCL,516211.0,160.0,2.0,35.0,20.0,57.14,22.0,9.0,40.91,1.0,1.0,100.0,0.0,0.0,0.0,Abdallah,Sima,2001-06-17,25.23,142.0,19.0,Forward,Winger,36ylt0kjn7t0vajmelu4mbazu,3xedluek08t2ka7oypwuullcn,Racing Club de Lens,Lens,Lens,RCL,516211,36ylt0kjn7t0vajmelu4mbazu,142,3xedluek08t2ka7oypwuullcn
Abdelhamid Aït Boudlal,619501.0,2.0,180.0,0.0,0.0,0.0,0.0,0.0,0.0,0.0,Abdelhamid,Aït Boudlal,2006-04-16,20.4,150.0,48.0,Defender,Central Defender,85n9nt673fj0927h3lwthtus4,z1wbqtd0fz5t5eezjvrbld3h,Stade Rennais FC,Rennes,Rennes,REN,31.0,315.261,16.0,168.315,0.0,0.0,0.0,0.0,10.17,10.52,6.0,6.0,10.0,4.0,12.0,10.0,6.0,60.0,7.0,7.0,100.0,,,,,,,,,,619501.0,180.0,2.0,0.0,0.0,0.0,0.0,0.01,0.01,0.0,0.0,Abdelhamid,Aït Boudlal,2006-04-16,20.4,150.0,48.0,Defender,Central Defender,85n9nt673fj0927h3lwthtus4,z1wbqtd0fz5t5eezjvrbld3h,Stade Rennais FC,Rennes,Rennes,REN,619501.0,180.0,2.0,97.0,89.0,91.75,7.0,6.0,85.71,0.0,0.0,0.0,0.0,0.0,0.0,Abdelhamid,Aït Boudlal,2006-04-16,20.4,150.0,48.0,Defender,Central Defender,85n9nt673fj0927h3lwthtus4,z1wbqtd0fz5t5eezjvrbld3h,Stade Rennais FC,Rennes,Rennes,REN,619501,85n9nt673fj0927h3lwthtus4,150,z1wbqtd0fz5t5eezjvrbld3h
Abner Vinícius,475344.0,1.0,10.0,0.0,0.0,0.0,0.0,0.0,0.0,0.0,Abner Vinícius,da Silva Santos,2000-05-27,26.29,143.0,16.0,Defender,Full Back,yhfujfdzpt7tymqdmt7i0mzu,121le8unjfzug3iu9pgkqa1c7,Lyon,Olympique Lyonnais,Lyon,OL,5.0,57.935,4.0,48.195,0.0,0.0,0.0,0.0,11.587,12.049,0.0,0.0,2.0,0.0,0.0,1.0,1.0,100.0,0.0,0.0,0.0,,,,,,,,,,475344.0,10.0,1.0,1.0,0.0,0.0,100.0,0.086,0.004,0.0,0.0,Abner Vinícius,da Silva Santos,2000-05-27,26.29,143.0,16.0,Defender,Full Back,yhfujfdzpt7tymqdmt7i0mzu,121le8unjfzug3iu9pgkqa1c7,Lyon,Olympique Lyonnais,Lyon,OL,475344.0,10.0,1.0,13.0,8.0,61.54,2.0,1.0,50.0,1.0,1.0,100.0,0.0,0.0,0.0,Abner Vinícius,da Silva Santos,2000-05-27,26.29,143.0,16.0,Defender,Full Back,yhfujfdzpt7tymqdmt7i0mzu,121le8unjfzug3iu9pgkqa1c7,Lyon,Olympique Lyonnais,Lyon,OL,475344,yhfujfdzpt7tymqdmt7i0mzu,143,121le8unjfzug3iu9pgkqa1c7
Aboubakar Nagida,634263.0,2.0,90.0,0.0,0.1,-0.1,2.0,0.0,0.0,0.05,Aboubakar,Nagida,2005-06-28,21.2,150.0,18.0,Defender,Full Back,7y2h0upi10c3mp7u2oqn9kq38,z1wbqtd0fz5t5eezjvrbld3h,Stade Rennais FC,Rennes,Rennes,REN,15.0,230.619,10.0,191.52,1.0,0.0,0.0,0.0,15.375,19.152,4.0,2.0,9.0,1.0,3.0,16.0,7.0,43.75,1.0,0.0,0.0,,,,,,,,,,634263.0,90.0,2.0,1.0,1.0,2.63,0.0,0.054,0.054,0.0,0.0,Aboubakar,Nagida,2005-06-28,21.2,150.0,18.0,Defender,Full Back,7y2h0upi10c3mp7u2oqn9kq38,z1wbqtd0fz5t5eezjvrbld3h,Stade Rennais FC,Rennes,Rennes,REN,634263.0,90.0,2.0,38.0,26.0,68.42,9.0,7.0,77.78,3.0,2.0,66.67,0.0,0.0,0.0,Aboubakar,Nagida,2005-06-28,21.2,150.0,18.0,Defender,Full Back,7y2h0upi10c3mp7u2oqn9kq38,z1wbqtd0fz5t5eezjvrbld3h,Stade Rennais FC,Rennes,Rennes,REN,634263,7y2h0upi10c3mp7u2oqn9kq38,150,z1wbqtd0fz5t5eezjvrbld3h
Aboulaye Camara,750207.0,0.0,0.0,0.0,0.0,0.0,0.0,0.0,0.0,0.0,Aboulaye,Camara,2008-02-10,18.58,1395.0,38.0,Midfielder,0,750207,bx0cdmzr2gwr70ez72dorx82p,OGC Nice Côte d'Azur,Nice,Nice,NIC,0.0,0.0,0.0,0.0,0.0,0.0,0.0,0.0,0.0,0.0,0.0,0.0,0.0,0.0,0.0,0.0,0.0,0.0,0.0,0.0,0.0,,,,,,,,,,750207.0,0.0,0.0,0.0,0.0,0.0,0.0,0.0,0.0,0.0,0.0,Aboulaye,Camara,2008-02-10,18.58,1395.0,38.0,Midfielder,0,750207,bx0cdmzr2gwr70ez72dorx82p,OGC Nice Côte d'Azur,Nice,Nice,NIC,750207.0,0.0,0.0,0.0,0.0,0.0,0.0,0.0,0.0,0.0,0.0,0.0,0.0,0.0,0.0,Aboulaye,Camara,2008-02-10,18.58,1395.0,38.0,Midfielder,0,750207,bx0cdmzr2gwr70ez72dorx82p,OGC Nice Côte d'Azur,Nice,Nice,NIC,750207,750207,1395,bx0cdmzr2gwr70ez72dorx82p
Achraf Hakimi,223760.0,2.0,180.0,0.0,0.14,-0.14,3.0,0.0,0.0,0.05,Achraf,Hakimi,1998-11-04,27.85,149.0,2.0,Defender,Full Back,1vr896w03yky9kmu8x5tjkicp,2b3mar72yy8d6uvat1ka6tn3r,Paris Saint-Germain FC,Paris Saint-Germain,Paris SG,PSG,46.0,447.489,24.0,208.425,0.0,0.0,1.0,0.0,9.728,8.684,3.0,1.0,14.0,0.0,0.0,24.0,12.0,50.0,1.0,1.0,100.0,,,,,,,,,,223760.0,180.0,2.0,2.0,2.0,1.13,0.0,0.456,0.454,0.0,0.0,Achraf,Hakimi,1998-11-04,27.85,149.0,2.0,Defender,Full Back,1vr896w03yky9kmu8x5tjkicp,2b3mar72yy8d6uvat1ka6tn3r,Paris Saint-Germain FC,Paris Saint-Germain,Paris SG,PSG,223760.0,180.0,2.0,179.0,159.0,88.83,93.0,78.0,83.87,9.0,0.0,0.0,0.0,0.0,0.0,Achraf,Hakimi,1998-11-04,27.85,149.0,2.0,Defender,Full Back,1vr896w03yky9kmu8x5tjkicp,2b3mar72yy8d6uvat1ka6tn3r,Paris Saint-Germain FC,Paris Saint-Germain,Paris SG,PSG,223760,1vr896w03yky9kmu8x5tjkicp,149,2b3mar72yy8d6uvat1ka6tn3r
Adama Camara,624926.0,2.0,180.0,0.0,0.0,0.0,0.0,0.0,0.0,0.0,Adama,Camara,1996-10-18,29.9,2338.0,17.0,Midfielder,Defensive Midfielder,7l1uizt2vz2a70aarov383xm1,8v00fx2zwhiwm05tqqkt122p5,Paris FC,Paris FC,Paris FC,PAR,13.0,94.026,1.0,-6.615,0.0,0.0,0.0,0.0,7.233,-6.615,2.0,4.0,8.0,0.0,5.0,9.0,5.0,55.556,4.0,1.0,25.0,,,,,,,,,,624926.0,180.0,2.0,1.0,1.0,1.14,0.0,0.019,0.019,0.0,0.0,Adama,Camara,1996-10-18,29.9,2338.0,17.0,Midfielder,Defensive Midfielder,7l1uizt2vz2a70aarov383xm1,8v00fx2zwhiwm05tqqkt122p5,Paris FC,Paris FC,Paris FC,PAR,624926.0,180.0,2.0,88.0,76.0,86.36,14.0,11.0,78.57,1.0,0.0,0.0,0.0,0.0,0.0,Adama,Camara,1996-10-18,29.9,2338.0,17.0,Midfielder,Defensive Midfielder,7l1uizt2vz2a70aarov383xm1,8v00fx2zwhiwm05tqqkt122p5,Paris FC,Paris FC,Paris FC,PAR,624926,7l1uizt2vz2a70aarov383xm1,2338,8v00fx2zwhiwm05tqqkt122p5
Adil Bourabaa,729203.0,2.0,153.0,0.0,0.07,-0.07,3.0,0.0,0.0,0.02,Adil,Bourabaa,2004-11-30,21.77,920.0,11.0,Midfielder,Central Midfielder,7vw44wtfbj77tii550l3o7ndg,bj8hrmj01r3zit0x8r6qm2eu2,Le Mans FC,Le Mans,Le Mans,LEM,16.0,199.581,6.0,67.095,0.0,0.0,2.0,1.0,12.474,11.182,2.0,5.0,7.0,0.0,2.0,21.0,8.0,38.095,2.0,2.0,100.0,,,,,,,,,,729203.0,153.0,2.0,4.0,4.0,6.52,0.0,0.118,0.118,1.0,1.0,Adil,Bourabaa,2004-11-30,21.77,920.0,11.0,Midfielder,Central Midfielder,7vw44wtfbj77tii550l3o7ndg,bj8hrmj01r3zit0x8r6qm2eu2,Le Mans FC,Le Mans,Le Mans,LEM,729203.0,153.0,2.0,46.0,39.0,84.78,11.0,6.0,54.55,1.0,1.0,100.0,1.0,0.0,0.0,Adil,Bourabaa,2004-11-30,21.77,920.0,11.0,Midfielder,Central Midfielder,7vw44wtfbj77tii550l3o7ndg,bj8hrmj01r3zit0x8r6qm2eu2,Le Mans FC,Le Mans,Le Mans,LEM,729203,7vw44wtfbj77tii550l3o7ndg,920,bj8hrmj01r3zit0x8r6qm2eu2
Adrien Monfray,149588.0,2.0,180.0,0.0,0.01,-0.01,1.0,0.0,0.0,0.01,Adrien,Monfray,1990-12-20,35.73,154.0,6.0,Defender,0,9c649h97duf864wx0k6e3yn6d,3unkqo2g6ag99gd5ynz1j7vse,Espérance Sportive Troyes Aube Champagne,Troyes,Troyes,TRO,10.0,88.947,5.0,25.41,0.0,0.0,0.0,0.0,8.895,5.082,6.0,5.0,7.0,1.0,8.0,9.0,6.0,66.667,4.0,4.0,100.0,,,,,,,,,,149588.0,180.0,2.0,0.0,0.0,0.0,0.0,0.03,0.03,0.0,0.0,Adrien,Monfray,1990-12-20,35.73,154.0,6.0,Defender,0,9c649h97duf864wx0k6e3yn6d,3unkqo2g6ag99gd5ynz1j7vse,Espérance Sportive Troyes Aube Champagne,Troyes,Troyes,TRO,149588.0,180.0,2.0,129.0,115.0,89.15,26.0,22.0,84.62,0.0,0.0,0.0,0.0,0.0,0.0,Adrien,Monfray,1990-12-20,35.73,154.0,6.0,Defender,0,9c649h97duf864wx0k6e3yn6d,3unkqo2g6ag99gd5ynz1j7vse,Espérance Sportive Troyes Aube Champagne,Troyes,Troyes,TRO,149588,9c649h97duf864wx0k6e3yn6d,154,3unkqo2g6ag99gd5ynz1j7vse
Adrien Thomasson,115961.0,2.0,180.0,0.0,0.2,-0.2,1.0,0.0,0.0,0.2,Adrien,Thomasson,1993-12-10,32.75,150.0,28.0,Midfielder,0,c8u45gxriyq1rup5fpr30xrdh,z1wbqtd0fz5t5eezjvrbld3h,Stade Rennais FC,Rennes,Rennes,REN,25.0,233.767,12.0,97.545,0.0,0.0,2.0,2.0,9.351,8.129,3.0,1.0,12.0,1.0,1.0,20.0,8.0,40.0,8.0,6.0,75.0,,,,,,,,,,115961.0,180.0,2.0,5.0,3.0,1.09,40.0,0.22,0.107,2.0,2.0,Adrien,Thomasson,1993-12-10,32.75,150.0,28.0,Midfielder,0,c8u45gxriyq1rup5fpr30xrdh,z1wbqtd0fz5t5eezjvrbld3h,Stade Rennais FC,Rennes,Rennes,REN,115961.0,180.0,2.0,96.0,82.0,85.42,23.0,18.0,78.26,2.0,0.0,0.0,0.0,0.0,0.0,Adrien,Thomasson,1993-12-10,32.75,150.0,28.0,Midfielder,0,c8u45gxriyq1rup5fpr30xrdh,z1wbqtd0fz5t5eezjvrbld3h,Stade Rennais FC,Rennes,Rennes,REN,115961,c8u45gxriyq1rup5fpr30xrdh,150,z1wbqtd0fz5t5eezjvrbld3h
Ahmed Touba,240864.0,1.0,90.0,0.0,0.0,0.0,0.0,0.0,0.0,0.0,Ahmed,Touba,1998-03-13,28.5,141.0,5.0,Defender,Central Defender,65nkv8grj2jhs2hlja63bp90p,23pqcgxu1tip265hbe01kszbt,Le Havre AC,Le Havre,Le Havre,HAC,9.0,78.514,3.0,16.275,0.0,0.0,0.0,0.0,8.724,5.425,2.0,1.0,4.0,0.0,3.0,4.0,2.0,50.0,1.0,0.0,0.0,,,,,,,,,,240864.0,90.0,1.0,0.0,0.0,0.0,0.0,0.006,0.006,0.0,0.0,Ahmed,Touba,1998-03-13,28.5,141.0,5.0,Defender,Central Defender,65nkv8grj2jhs2hlja63bp90p,23pqcgxu1tip265hbe01kszbt,Le Havre AC,Le Havre,Le Havre,HAC,240864.0,90.0,1.0,44.0,39.0,88.64,9.0,5.0,55.56,0.0,0.0,0.0,0.0,0.0,0.0,Ahmed,Touba,1998-03-13,28.5,141.0,5.0,Defender,Central Defender,65nkv8grj2jhs2hlja63bp90p,23pqcgxu1tip265hbe01kszbt,Le Havre AC,Le Havre,Le Havre,HAC,240864,65nkv8grj2jhs2hlja63bp90p,141,23pqcgxu1tip265hbe01kszbt
Ainsley Maitland-Niles,154043.0,0.0,0.0,0.0,0.0,0.0,0.0,0.0,0.0,0.0,Ainsley,Maitland-Niles,1997-08-29,29.03,143.0,98.0,Midfielder,Wing Back,154043,121le8unjfzug3iu9pgkqa1c7,Lyon,Olympique Lyonnais,Lyon,OL,0.0,0.0,0.0,0.0,0.0,0.0,0.0,0.0,0.0,0.0,0.0,0.0,0.0,0.0,0.0,0.0,0.0,0.0,0.0,0.0,0.0,,,,,,,,,,154043.0,0.0,0.0,0.0,0.0,0.0,0.0,0.0,0.0,0.0,0.0,Ainsley,Maitland-Niles,1997-08-29,29.03,143.0,98.0,Midfielder,Wing Back,154043,121le8unjfzug3iu9pgkqa1c7,Lyon,Olympique Lyonnais,Lyon,OL,154043.0,0.0,0.0,0.0,0.0,0.0,0.0,0.0,0.0,0.0,0.0,0.0,0.0,0.0,0.0,Ainsley,Maitland-Niles,1997-08-29,29.03,143.0,98.0,Midfielder,Wing Back,154043,121le8unjfzug3iu9pgkqa1c7,Lyon,Olympique Lyonnais,Lyon,OL,154043,154043,143,121le8unjfzug3iu9pgkqa1c7
Aiyegun Tosin,250182.0,2.0,44.0,0.0,0.37,-0.37,1.0,0.0,0.0,0.37,Oluwatosin,Aiyegun,1998-06-26,28.21,694.0,15.0,Forward,Striker,92x4ssmd4sq2upjn0dyws5wq1,70nn27vgkt6l48lvv5e66q7ww,FC Lorient,Lorient,Lorient,FCL,5.0,41.994,2.0,13.335,0.0,0.0,0.0,0.0,8.399,6.668,0.0,0.0,2.0,0.0,1.0,0.0,0.0,0.0,2.0,1.0,50.0,,,,,,,,,,250182.0,44.0,2.0,0.0,0.0,0.0,0.0,0.003,0.003,0.0,0.0,Oluwatosin,Aiyegun,1998-06-26,28.21,694.0,15.0,Forward,Striker,92x4ssmd4sq2upjn0dyws5wq1,70nn27vgkt6l48lvv5e66q7ww,FC Lorient,Lorient,Lorient,FCL,250182.0,44.0,2.0,5.0,4.0,80.0,2.0,2.0,100.0,0.0,0.0,0.0,0.0,0.0,0.0,Oluwatosin,Aiyegun,1998-06-26,28.21,694.0,15.0,Forward,Striker,92x4ssmd4sq2upjn0dyws5wq1,70nn27vgkt6l48lvv5e66q7ww,FC Lorient,Lorient,Lorient,FCL,250182,92x4ssmd4sq2upjn0dyws5wq1,694,70nn27vgkt6l48lvv5e66q7ww
Alec Georgen,199663.0,1.0,18.0,0.0,0.0,0.0,0.0,0.0,0.0,0.0,Alec,Georgen,1998-09-17,27.98,694.0,2.0,Defender,Full Back,22w7n5sbv8zl8ikngz0lc5tjp,70nn27vgkt6l48lvv5e66q7ww,FC Lorient,Lorient,Lorient,FCL,5.0,50.047,4.0,46.41,0.0,0.0,0.0,0.0,10.009,11.602,0.0,1.0,1.0,1.0,0.0,0.0,0.0,0.0,0.0,0.0,0.0,,,,,,,,,,199663.0,18.0,1.0,1.0,1.0,6.25,0.0,0.151,0.151,0.0,0.0,Alec,Georgen,1998-09-17,27.98,694.0,2.0,Defender,Full Back,22w7n5sbv8zl8ikngz0lc5tjp,70nn27vgkt6l48lvv5e66q7ww,FC Lorient,Lorient,Lorient,FCL,199663.0,18.0,1.0,16.0,16.0,100.0,7.0,7.0,100.0,1.0,1.0,100.0,0.0,0.0,0.0,Alec,Georgen,1998-09-17,27.98,694.0,2.0,Defender,Full Back,22w7n5sbv8zl8ikngz0lc5tjp,70nn27vgkt6l48lvv5e66q7ww,FC Lorient,Lorient,Lorient,FCL,199663,22w7n5sbv8zl8ikngz0lc5tjp,694,70nn27vgkt6l48lvv5e66q7ww
Aleksandr Golovin,161950.0,2.0,171.0,0.0,0.24,-0.24,2.0,2.0,0.0,0.12,Aleksandr,Golovin,1996-05-30,30.28,146.0,10.0,Midfielder,Central Midfielder,28x7i681wkjueanvkevew3bh1,4t4hod56fsj7utpjdor8so5q6,AS Monaco FC,Monaco,Monaco,ASM,18.0,156.389,11.0,88.62,0.0,0.0,0.0,0.0,8.688,8.056,3.0,1.0,5.0,0.0,2.0,6.0,4.0,66.667,0.0,0.0,0.0,,,,,,,,,,161950.0,171.0,2.0,3.0,2.0,4.08,0.0,0.384,0.384,1.0,0.0,Aleksandr,Golovin,1996-05-30,30.28,146.0,10.0,Midfielder,Central Midfielder,28x7i681wkjueanvkevew3bh1,4t4hod56fsj7utpjdor8so5q6,AS Monaco FC,Monaco,Monaco,ASM,161950.0,171.0,2.0,50.0,42.0,84.0,25.0,22.0,88.0,4.0,1.0,25.0,0.0,0.0,0.0,Aleksandr,Golovin,1996-05-30,30.28,146.0,10.0,Midfielder,Central Midfielder,28x7i681wkjueanvkevew3bh1,4t4hod56fsj7utpjdor8so5q6,AS Monaco FC,Monaco,Monaco,ASM,161950,28x7i681wkjueanvkevew3bh1,146,4t4hod56fsj7utpjdor8so5q6
Alexandre Lauray,482549.0,2.0,153.0,0.0,0.1,-0.1,2.0,1.0,0.0,0.05,Alexandre,Lauray,1997-03-18,29.48,920.0,8.0,Midfielder,Defensive Midfielder,ecinw8qh468iydvlfhhxhgwl,bj8hrmj01r3zit0x8r6qm2eu2,Le Mans FC,Le Mans,Le Mans,LEM,5.0,73.477,2.0,27.195,0.0,0.0,0.0,0.0,14.695,13.598,2.0,2.0,6.0,1.0,8.0,15.0,6.0,40.0,4.0,4.0,100.0,,,,,,,,,,482549.0,153.0,2.0,2.0,0.0,0.0,100.0,0.145,0.013,0.0,0.0,Alexandre,Lauray,1997-03-18,29.48,920.0,8.0,Midfielder,Defensive Midfielder,ecinw8qh468iydvlfhhxhgwl,bj8hrmj01r3zit0x8r6qm2eu2,Le Mans FC,Le Mans,Le Mans,LEM,482549.0,153.0,2.0,62.0,46.0,74.19,16.0,9.0,56.25,1.0,0.0,0.0,0.0,0.0,0.0,Alexandre,Lauray,1997-03-18,29.48,920.0,8.0,Midfielder,Defensive Midfielder,ecinw8qh468iydvlfhhxhgwl,bj8hrmj01r3zit0x8r6qm2eu2,Le Mans FC,Le Mans,Le Mans,LEM,482549,ecinw8qh468iydvlfhhxhgwl,920,bj8hrmj01r3zit0x8r6qm2eu2
Alexandre Phliponeau,471437.0,2.0,19.0,0.0,0.0,0.0,0.0,0.0,0.0,0.0,Alexandre,Phliponeau,2000-01-26,26.62,154.0,26.0,Midfielder,0,37zvqmyd52nj302q18liurwbu,3unkqo2g6ag99gd5ynz1j7vse,Espérance Sportive Troyes Aube Champagne,Troyes,Troyes,TRO,2.0,30.083,2.0,29.61,0.0,0.0,0.0,0.0,15.042,14.805,0.0,1.0,2.0,0.0,1.0,2.0,1.0,50.0,1.0,1.0,100.0,,,,,,,,,,471437.0,19.0,2.0,0.0,0.0,0.0,0.0,0.003,0.003,0.0,0.0,Alexandre,Phliponeau,2000-01-26,26.62,154.0,26.0,Midfielder,0,37zvqmyd52nj302q18liurwbu,3unkqo2g6ag99gd5ynz1j7vse,Espérance Sportive Troyes Aube Champagne,Troyes,Troyes,TRO,471437.0,19.0,2.0,9.0,9.0,100.0,2.0,2.0,100.0,0.0,0.0,0.0,0.0,0.0,0.0,Alexandre,Phliponeau,2000-01-26,26.62,154.0,26.0,Midfielder,0,37zvqmyd52nj302q18liurwbu,3unkqo2g6ag99gd5ynz1j7vse,Espérance Sportive Troyes Aube Champagne,Troyes,Troyes,TRO,471437,37zvqmyd52nj302q18liurwbu,154,3unkqo2g6ag99gd5ynz1j7vse
Alexis Vossah,616227.0,1.0,60.0,0.0,0.0,0.0,0.0,0.0,0.0,0.0,Alexis,Vossah,2008-03-11,18.49,427.0,6.0,Midfielder,Central Midfielder,9mf9yl7utp4pv5zczlz7t3o5w,4aghw9tyi8ba3ju1ne83gmf9w,Toulouse FC,Toulouse,Toulouse,TFC,8.0,62.25,0.0,-19.95,0.0,0.0,0.0,0.0,7.781,0.0,2.0,1.0,6.0,0.0,1.0,9.0,4.0,44.444,1.0,1.0,100.0,,,,,,,,,,616227.0,60.0,1.0,0.0,0.0,0.0,0.0,0.012,0.011,0.0,0.0,Alexis,Vossah,2008-03-11,18.49,427.0,6.0,Midfielder,Central Midfielder,9mf9yl7utp4pv5zczlz7t3o5w,4aghw9tyi8ba3ju1ne83gmf9w,Toulouse FC,Toulouse,Toulouse,TFC,616227.0,60.0,1.0,24.0,18.0,75.0,7.0,4.0,57.14,0.0,0.0,0.0,0.0,0.0,0.0,Alexis,Vossah,2008-03-11,18.49,427.0,6.0,Midfielder,Central Midfielder,9mf9yl7utp4pv5zczlz7t3o5w,4aghw9tyi8ba3ju1ne83gmf9w,Toulouse FC,Toulouse,Toulouse,TFC,616227,9mf9yl7utp4pv5zczlz7t3o5w,427,4aghw9tyi8ba3ju1ne83gmf9w
Alexsandro Ribeiro,512253.0,2.0,180.0,0.0,0.0,0.0,0.0,0.0,0.0,0.0,Alexsandro Victor,de Souza Ribeiro,1999-08-09,27.09,429.0,4.0,Defender,Central Defender,avk0vktquq3oum9w6dyodlz6y,be2k34rut1lz79jxenabttqlc,Lille OSC,Lille,Lille,LIL,11.0,118.315,8.0,76.86,0.0,0.0,0.0,0.0,10.756,9.608,3.0,1.0,3.0,3.0,13.0,6.0,4.0,66.667,6.0,3.0,50.0,,,,,,,,,,512253.0,180.0,2.0,0.0,0.0,0.0,0.0,0.01,0.01,0.0,0.0,Alexsandro Victor,de Souza Ribeiro,1999-08-09,27.09,429.0,4.0,Defender,Central Defender,avk0vktquq3oum9w6dyodlz6y,be2k34rut1lz79jxenabttqlc,Lille OSC,Lille,Lille,LIL,512253.0,180.0,2.0,68.0,63.0,92.65,6.0,3.0,50.0,0.0,0.0,0.0,0.0,0.0,0.0,Alexsandro Victor,de Souza Ribeiro,1999-08-09,27.09,429.0,4.0,Defender,Central Defender,avk0vktquq3oum9w6dyodlz6y,be2k34rut1lz79jxenabttqlc,Lille OSC,Lille,Lille,LIL,512253,avk0vktquq3oum9w6dyodlz6y,429,be2k34rut1lz79jxenabttqlc
Amadou Haidara,218244.0,1.0,19.0,0.0,0.0,0.0,0.0,0.0,0.0,0.0,Amadou,Haidara,1998-01-31,28.61,142.0,21.0,Midfielder,Defensive Midfielder,7o3fumeufgigw092b7i5n4f6x,3xedluek08t2ka7oypwuullcn,Racing Club de Lens,Lens,Lens,RCL,2.0,11.499,0.0,3.15,0.0,0.0,0.0,0.0,5.75,0.0,0.0,0.0,0.0,0.0,0.0,2.0,0.0,0.0,0.0,0.0,0.0,,,,,,,,,,218244.0,19.0,1.0,0.0,0.0,0.0,0.0,0.006,0.006,0.0,0.0,Amadou,Haidara,1998-01-31,28.61,142.0,21.0,Midfielder,Defensive Midfielder,7o3fumeufgigw092b7i5n4f6x,3xedluek08t2ka7oypwuullcn,Racing Club de Lens,Lens,Lens,RCL,218244.0,19.0,1.0,19.0,19.0,100.0,5.0,5.0,100.0,0.0,0.0,0.0,0.0,0.0,0.0,Amadou,Haidara,1998-01-31,28.61,142.0,21.0,Midfielder,Defensive Midfielder,7o3fumeufgigw092b7i5n4f6x,3xedluek08t2ka7oypwuullcn,Racing Club de Lens,Lens,Lens,RCL,218244,7o3fumeufgigw092b7i5n4f6x,142,3xedluek08t2ka7oypwuullcn
Amine El Ouazzani,501332.0,2.0,161.0,1.0,0.57,0.43,5.0,2.0,20.0,0.11,Amine,El Ouazzani,2001-07-15,25.15,2128.0,19.0,Forward,Striker,5dgkxz69k6jmim0ryl5fgiqga,75qj99fhg5c0ztj2tva5u4uii,Angers Sporting Club de l'Ouest,Angers,Angers,SCO,19.0,213.774,5.0,4.2,1.0,0.0,0.0,0.0,11.251,0.84,2.0,1.0,1.0,0.0,0.0,17.0,10.0,58.824,16.0,9.0,56.25,,,,,,,,,,501332.0,161.0,2.0,1.0,0.0,0.0,0.0,0.058,0.058,1.0,0.0,Amine,El Ouazzani,2001-07-15,25.15,2128.0,19.0,Forward,Striker,5dgkxz69k6jmim0ryl5fgiqga,75qj99fhg5c0ztj2tva5u4uii,Angers Sporting Club de l'Ouest,Angers,Angers,SCO,501332.0,161.0,2.0,34.0,24.0,70.59,9.0,7.0,77.78,0.0,0.0,0.0,0.0,0.0,0.0,Amine,El Ouazzani,2001-07-15,25.15,2128.0,19.0,Forward,Striker,5dgkxz69k6jmim0ryl5fgiqga,75qj99fhg5c0ztj2tva5u4uii,Angers Sporting Club de l'Ouest,Angers,Angers,SCO,501332,5dgkxz69k6jmim0ryl5fgiqga,2128,75qj99fhg5c0ztj2tva5u4uii
Amine Gouiri,247400.0,2.0,180.0,2.0,1.47,0.53,6.0,3.0,33.33,0.25,Amine,Gouiri,2000-02-16,26.56,144.0,9.0,Forward,Striker,6u2ob6fv950r1qve8uejkq2uh,27xvwccz8kpmqsefjv2b2sc0o,Olympique de Marseille,Olympique Marseille,Marseille,OM,15.0,110.315,5.0,20.58,1.0,0.0,0.0,0.0,7.354,4.116,1.0,0.0,4.0,0.0,1.0,13.0,5.0,38.462,4.0,0.0,0.0,,,,,,,,,,247400.0,180.0,2.0,1.0,1.0,1.67,0.0,0.051,0.051,0.0,0.0,Amine,Gouiri,2000-02-16,26.56,144.0,9.0,Forward,Striker,6u2ob6fv950r1qve8uejkq2uh,27xvwccz8kpmqsefjv2b2sc0o,Olympique de Marseille,Olympique Marseille,Marseille,OM,247400.0,180.0,2.0,64.0,57.0,89.06,30.0,24.0,80.0,1.0,0.0,0.0,0.0,0.0,0.0,Amine,Gouiri,2000-02-16,26.56,144.0,9.0,Forward,Striker,6u2ob6fv950r1qve8uejkq2uh,27xvwccz8kpmqsefjv2b2sc0o,Olympique de Marseille,Olympique Marseille,Marseille,OM,247400,6u2ob6fv950r1qve8uejkq2uh,144,27xvwccz8kpmqsefjv2b2sc0o
Amine Harit,229608.0,2.0,173.0,0.0,0.15,-0.15,3.0,1.0,0.0,0.05,Amine,Harit,1997-06-18,29.23,144.0,77.0,Midfielder,Attacking Midfielder,bt2h27b7sfmsa5w6tnfp7lw4p,27xvwccz8kpmqsefjv2b2sc0o,Olympique de Marseille,Olympique Marseille,Marseille,OM,38.0,383.922,17.0,141.645,1.0,0.0,1.0,0.0,10.103,8.332,3.0,1.0,3.0,0.0,1.0,17.0,6.0,35.294,0.0,0.0,0.0,,,,,,,,,,229608.0,173.0,2.0,3.0,2.0,2.47,33.33,0.302,0.272,0.0,0.0,Amine,Harit,1997-06-18,29.23,144.0,77.0,Midfielder,Attacking Midfielder,bt2h27b7sfmsa5w6tnfp7lw4p,27xvwccz8kpmqsefjv2b2sc0o,Olympique de Marseille,Olympique Marseille,Marseille,OM,229608.0,173.0,2.0,82.0,68.0,82.93,44.0,33.0,75.0,2.0,0.0,0.0,0.0,0.0,0.0,Amine,Harit,1997-06-18,29.23,144.0,77.0,Midfielder,Attacking Midfielder,bt2h27b7sfmsa5w6tnfp7lw4p,27xvwccz8kpmqsefjv2b2sc0o,Olympique de Marseille,Olympique Marseille,Marseille,OM,229608,bt2h27b7sfmsa5w6tnfp7lw4p,144,27xvwccz8kpmqsefjv2b2sc0o
Amine Sbaï,532112.0,2.0,171.0,0.0,0.54,-0.54,7.0,1.0,0.0,0.08,Amine,Sbaï,2000-11-05,25.84,2128.0,10.0,Forward,Winger,4nzndhd2pnky4szpunvlyxs2y,75qj99fhg5c0ztj2tva5u4uii,Angers Sporting Club de l'Ouest,Angers,Angers,SCO,31.0,460.187,21.0,267.225,2.0,0.0,4.0,0.0,14.845,12.725,1.0,0.0,5.0,0.0,0.0,14.0,7.0,50.0,2.0,1.0,50.0,,,,,,,,,,532112.0,171.0,2.0,10.0,9.0,20.45,10.0,1.039,0.844,0.0,0.0,Amine,Sbaï,2000-11-05,25.84,2128.0,10.0,Forward,Winger,4nzndhd2pnky4szpunvlyxs2y,75qj99fhg5c0ztj2tva5u4uii,Angers Sporting Club de l'Ouest,Angers,Angers,SCO,532112.0,171.0,2.0,45.0,33.0,73.33,30.0,22.0,73.33,10.0,4.0,40.0,0.0,0.0,0.0,Amine,Sbaï,2000-11-05,25.84,2128.0,10.0,Forward,Winger,4nzndhd2pnky4szpunvlyxs2y,75qj99fhg5c0ztj2tva5u4uii,Angers Sporting Club de l'Ouest,Angers,Angers,SCO,532112,4nzndhd2pnky4szpunvlyxs2y,2128,75qj99fhg5c0ztj2tva5u4uii
Amir Richardson,538786.0,2.0,180.0,0.0,0.15,-0.15,3.0,1.0,0.0,0.05,Amir,Richardson,2002-01-24,24.62,141.0,7.0,Midfielder,Central Midfielder,45lcfmo0varfc325n562ul2j8,23pqcgxu1tip265hbe01kszbt,Le Havre AC,Le Havre,Le Havre,HAC,15.0,152.509,7.0,55.86,0.0,0.0,0.0,0.0,10.167,7.98,3.0,4.0,4.0,0.0,6.0,13.0,5.0,38.462,6.0,3.0,50.0,,,,,,,,,,538786.0,180.0,2.0,3.0,3.0,4.35,0.0,0.057,0.057,0.0,0.0,Amir,Richardson,2002-01-24,24.62,141.0,7.0,Midfielder,Central Midfielder,45lcfmo0varfc325n562ul2j8,23pqcgxu1tip265hbe01kszbt,Le Havre AC,Le Havre,Le Havre,HAC,538786.0,180.0,2.0,69.0,61.0,88.41,16.0,13.0,81.25,1.0,1.0,100.0,0.0,0.0,0.0,Amir,Richardson,2002-01-24,24.62,141.0,7.0,Midfielder,Central Midfielder,45lcfmo0varfc325n562ul2j8,23pqcgxu1tip265hbe01kszbt,Le Havre AC,Le Havre,Le Havre,HAC,538786,45lcfmo0varfc325n562ul2j8,141,23pqcgxu1tip265hbe01kszbt
Andrew Omobamidele,466404.0,2.0,180.0,0.0,0.06,-0.06,1.0,0.0,0.0,0.06,Andrew,Omobamidele,2002-06-23,24.21,153.0,2.0,Defender,Central Defender,70hdfmna3nvwjlufm9rs92uzu,71ajatxnuhc5cnm3xvgdky49w,RC Strasbourg Alsace,Strasbourg,Strasbourg,STR,37.0,332.561,15.0,135.03,0.0,0.0,0.0,0.0,8.988,9.002,5.0,2.0,6.0,1.0,9.0,6.0,5.0,83.333,1.0,0.0,0.0,,,,,,,,,,466404.0,180.0,2.0,0.0,0.0,0.0,0.0,0.011,0.011,0.0,0.0,Andrew,Omobamidele,2002-06-23,24.21,153.0,2.0,Defender,Central Defender,70hdfmna3nvwjlufm9rs92uzu,71ajatxnuhc5cnm3xvgdky49w,RC Strasbourg Alsace,Strasbourg,Strasbourg,STR,466404.0,180.0,2.0,99.0,96.0,96.97,5.0,5.0,100.0,0.0,0.0,0.0,0.0,0.0,0.0,Andrew,Omobamidele,2002-06-23,24.21,153.0,2.0,Defender,Central Defender,70hdfmna3nvwjlufm9rs92uzu,71ajatxnuhc5cnm3xvgdky49w,RC Strasbourg Alsace,Strasbourg,Strasbourg,STR,466404,70hdfmna3nvwjlufm9rs92uzu,153,71ajatxnuhc5cnm3xvgdky49w
Andrija Bulatovic,622024.0,2.0,29.0,0.0,0.1,-0.1,3.0,1.0,0.0,0.03,Andrija,Bulatovic,2006-12-27,19.7,142.0,5.0,Midfielder,Central Midfielder,1fua3j2pq3ftsfwykefvs6u50,3xedluek08t2ka7oypwuullcn,Racing Club de Lens,Lens,Lens,RCL,8.0,85.43,4.0,26.25,0.0,0.0,0.0,0.0,10.679,6.562,1.0,1.0,2.0,0.0,0.0,3.0,3.0,100.0,0.0,0.0,0.0,,,,,,,,,,622024.0,29.0,2.0,1.0,1.0,3.57,0.0,0.061,0.059,0.0,0.0,Andrija,Bulatovic,2006-12-27,19.7,142.0,5.0,Midfielder,Central Midfielder,1fua3j2pq3ftsfwykefvs6u50,3xedluek08t2ka7oypwuullcn,Racing Club de Lens,Lens,Lens,RCL,622024.0,29.0,2.0,32.0,29.0,90.63,5.0,4.0,80.0,1.0,1.0,100.0,0.0,0.0,0.0,Andrija,Bulatovic,2006-12-27,19.7,142.0,5.0,Midfielder,Central Midfielder,1fua3j2pq3ftsfwykefvs6u50,3xedluek08t2ka7oypwuullcn,Racing Club de Lens,Lens,Lens,RCL,622024,1fua3j2pq3ftsfwykefvs6u50,142,3xedluek08t2ka7oypwuullcn
Angel Gomes,209041.0,2.0,174.0,0.0,0.59,-0.59,5.0,1.0,0.0,0.12,Angel,Gomes,2000-08-31,26.02,144.0,7.0,Midfielder,Attacking Midfielder,7nivkfkngr374fx5totgektm1,27xvwccz8kpmqsefjv2b2sc0o,Olympique de Marseille,Olympique Marseille,Marseille,OM,25.0,216.714,12.0,76.545,1.0,0.0,1.0,1.0,8.669,6.379,5.0,1.0,7.0,0.0,0.0,15.0,8.0,53.333,2.0,1.0,50.0,,,,,,,,,,209041.0,174.0,2.0,2.0,2.0,1.11,0.0,0.396,0.395,1.0,1.0,Angel,Gomes,2000-08-31,26.02,144.0,7.0,Midfielder,Attacking Midfielder,7nivkfkngr374fx5totgektm1,27xvwccz8kpmqsefjv2b2sc0o,Olympique de Marseille,Olympique Marseille,Marseille,OM,209041.0,174.0,2.0,91.0,85.0,93.41,32.0,28.0,87.5,2.0,0.0,0.0,0.0,0.0,0.0,Angel,Gomes,2000-08-31,26.02,144.0,7.0,Midfielder,Attacking Midfielder,7nivkfkngr374fx5totgektm1,27xvwccz8kpmqsefjv2b2sc0o,Olympique de Marseille,Olympique Marseille,Marseille,OM,209041,7nivkfkngr374fx5totgektm1,144,27xvwccz8kpmqsefjv2b2sc0o
Anis Ouzenadji,703779.0,2.0,180.0,0.0,0.0,0.0,0.0,0.0,0.0,0.0,Anis,Ouzenadji,2006-11-04,19.84,154.0,3.0,Defender,Full Back,82po88ekor7bhxfcnwmvsmdjo,3unkqo2g6ag99gd5ynz1j7vse,Espérance Sportive Troyes Aube Champagne,Troyes,Troyes,TRO,19.0,163.128,8.0,47.46,0.0,0.0,0.0,0.0,8.586,5.932,4.0,2.0,13.0,1.0,7.0,18.0,10.0,55.556,3.0,1.0,33.333,,,,,,,,,,703779.0,180.0,2.0,0.0,0.0,0.0,0.0,0.02,0.018,0.0,0.0,Anis,Ouzenadji,2006-11-04,19.84,154.0,3.0,Defender,Full Back,82po88ekor7bhxfcnwmvsmdjo,3unkqo2g6ag99gd5ynz1j7vse,Espérance Sportive Troyes Aube Champagne,Troyes,Troyes,TRO,703779.0,180.0,2.0,90.0,69.0,76.67,32.0,22.0,68.75,7.0,0.0,0.0,0.0,0.0,0.0,Anis,Ouzenadji,2006-11-04,19.84,154.0,3.0,Defender,Full Back,82po88ekor7bhxfcnwmvsmdjo,3unkqo2g6ag99gd5ynz1j7vse,Espérance Sportive Troyes Aube Champagne,Troyes,Troyes,TRO,703779,82po88ekor7bhxfcnwmvsmdjo,154,3unkqo2g6ag99gd5ynz1j7vse
Anis Soubeir,722369.0,2.0,42.0,0.0,0.34,-0.34,1.0,1.0,0.0,0.34,Anis,Soubeir,2007-05-30,19.28,146.0,46.0,Midfielder,0,dgxvhl9a9dwz2u2h4ruwx42dw,4t4hod56fsj7utpjdor8so5q6,AS Monaco FC,Monaco,Monaco,ASM,3.0,32.495,2.0,7.245,1.0,0.0,0.0,0.0,10.832,3.622,2.0,2.0,3.0,0.0,1.0,8.0,4.0,50.0,2.0,0.0,0.0,,,,,,,,,,722369.0,42.0,2.0,1.0,0.0,0.0,0.0,0.18,0.18,0.0,0.0,Anis,Soubeir,2007-05-30,19.28,146.0,46.0,Midfielder,0,dgxvhl9a9dwz2u2h4ruwx42dw,4t4hod56fsj7utpjdor8so5q6,AS Monaco FC,Monaco,Monaco,ASM,722369.0,42.0,2.0,5.0,4.0,80.0,2.0,1.0,50.0,0.0,0.0,0.0,1.0,1.0,100.0,Anis,Soubeir,2007-05-30,19.28,146.0,46.0,Midfielder,0,dgxvhl9a9dwz2u2h4ruwx42dw,4t4hod56fsj7utpjdor8so5q6,AS Monaco FC,Monaco,Monaco,ASM,722369,dgxvhl9a9dwz2u2h4ruwx42dw,146,4t4hod56fsj7utpjdor8so5q6
Anthony Bermont,634346.0,2.0,125.0,0.0,0.68,-0.68,4.0,0.0,0.0,0.17,Anthony,Bermont,2005-02-10,21.58,2128.0,26.0,Midfielder,Winger,4383t6giufw6n3xq8sgrofzmc,75qj99fhg5c0ztj2tva5u4uii,Angers Sporting Club de l'Ouest,Angers,Angers,SCO,12.0,195.929,9.0,154.665,1.0,0.0,1.0,0.0,16.327,17.185,2.0,1.0,3.0,0.0,0.0,10.0,3.0,30.0,8.0,5.0,62.5,,,,,,,,,,634346.0,125.0,2.0,1.0,1.0,3.85,0.0,0.037,0.037,0.0,0.0,Anthony,Bermont,2005-02-10,21.58,2128.0,26.0,Midfielder,Winger,4383t6giufw6n3xq8sgrofzmc,75qj99fhg5c0ztj2tva5u4uii,Angers Sporting Club de l'Ouest,Angers,Angers,SCO,634346.0,125.0,2.0,26.0,20.0,76.92,18.0,13.0,72.22,1.0,0.0,0.0,0.0,0.0,0.0,Anthony,Bermont,2005-02-10,21.58,2128.0,26.0,Midfielder,Winger,4383t6giufw6n3xq8sgrofzmc,75qj99fhg5c0ztj2tva5u4uii,Angers Sporting Club de l'Ouest,Angers,Angers,SCO,634346,4383t6giufw6n3xq8sgrofzmc,2128,75qj99fhg5c0ztj2tva5u4uii
Anthony Lopes,,,,,,,,,,,,,,,,,,,,,,,,,,,,,,,,,,,,,,,,,,,,,,180.0,100.0,0.0,3.0,13.0,81.25,0.84,1.0,3.84,,,,,,,,,,,,,,,,,,,,,,,,,,,,,,,,,,,,,,,,,,,,,,,,,,,,,,,59957,d3mss0i879krqrk1owzmj2c45,2128,75qj99fhg5c0ztj2tva5u4uii
Anthony Rouault,489887.0,0.0,0.0,0.0,0.0,0.0,0.0,0.0,0.0,0.0,Anthony,Rouault,2001-05-29,25.28,150.0,24.0,Defender,Central Defender,489887,z1wbqtd0fz5t5eezjvrbld3h,Stade Rennais FC,Rennes,Rennes,REN,0.0,0.0,0.0,0.0,0.0,0.0,0.0,0.0,0.0,0.0,0.0,0.0,0.0,0.0,0.0,0.0,0.0,0.0,0.0,0.0,0.0,,,,,,,,,,489887.0,0.0,0.0,0.0,0.0,0.0,0.0,0.0,0.0,0.0,0.0,Anthony,Rouault,2001-05-29,25.28,150.0,24.0,Defender,Central Defender,489887,z1wbqtd0fz5t5eezjvrbld3h,Stade Rennais FC,Rennes,Rennes,REN,489887.0,0.0,0.0,0.0,0.0,0.0,0.0,0.0,0.0,0.0,0.0,0.0,0.0,0.0,0.0,Anthony,Rouault,2001-05-29,25.28,150.0,24.0,Defender,Central Defender,489887,z1wbqtd0fz5t5eezjvrbld3h,Stade Rennais FC,Rennes,Rennes,REN,489887,489887,150,z1wbqtd0fz5t5eezjvrbld3h
Antoine Mendy,538452.0,2.0,107.0,0.0,0.1,-0.1,3.0,0.0,0.0,0.03,Antoine,Mendy,2004-05-27,22.28,1395.0,33.0,Defender,Full Back,9yjtdz1toq241g6cgdty94lck,bx0cdmzr2gwr70ez72dorx82p,OGC Nice Côte d'Azur,Nice,Nice,NIC,40.0,377.486,26.0,237.09,1.0,0.0,0.0,0.0,9.437,9.119,5.0,2.0,6.0,0.0,3.0,11.0,7.0,63.636,4.0,2.0,50.0,,,,,,,,,,538452.0,107.0,2.0,1.0,1.0,0.84,0.0,0.041,0.041,0.0,0.0,Antoine,Mendy,2004-05-27,22.28,1395.0,33.0,Defender,Full Back,9yjtdz1toq241g6cgdty94lck,bx0cdmzr2gwr70ez72dorx82p,OGC Nice Côte d'Azur,Nice,Nice,NIC,538452.0,107.0,2.0,121.0,108.0,89.26,38.0,32.0,84.21,0.0,0.0,0.0,0.0,0.0,0.0,Antoine,Mendy,2004-05-27,22.28,1395.0,33.0,Defender,Full Back,9yjtdz1toq241g6cgdty94lck,bx0cdmzr2gwr70ez72dorx82p,OGC Nice Côte d'Azur,Nice,Nice,NIC,538452,9yjtdz1toq241g6cgdty94lck,1395,bx0cdmzr2gwr70ez72dorx82p
Antoine Mille,444395.0,2.0,93.0,0.0,0.08,-0.08,3.0,0.0,0.0,0.03,Antoine,Mille,1997-08-14,29.07,154.0,17.0,Midfielder,0,8oi2f8vvytlvm1fx50q0l11ey,3unkqo2g6ag99gd5ynz1j7vse,Espérance Sportive Troyes Aube Champagne,Troyes,Troyes,TRO,7.0,67.013,3.0,-0.735,0.0,0.0,1.0,0.0,9.573,-0.245,5.0,0.0,6.0,1.0,1.0,16.0,6.0,37.5,6.0,5.0,83.333,,,,,,,,,,444395.0,93.0,2.0,2.0,2.0,2.38,0.0,0.246,0.246,1.0,1.0,Antoine,Mille,1997-08-14,29.07,154.0,17.0,Midfielder,0,8oi2f8vvytlvm1fx50q0l11ey,3unkqo2g6ag99gd5ynz1j7vse,Espérance Sportive Troyes Aube Champagne,Troyes,Troyes,TRO,444395.0,93.0,2.0,43.0,31.0,72.09,20.0,14.0,70.0,0.0,0.0,0.0,0.0,0.0,0.0,Antoine,Mille,1997-08-14,29.07,154.0,17.0,Midfielder,0,8oi2f8vvytlvm1fx50q0l11ey,3unkqo2g6ag99gd5ynz1j7vse,Espérance Sportive Troyes Aube Champagne,Troyes,Troyes,TRO,444395,8oi2f8vvytlvm1fx50q0l11ey,154,3unkqo2g6ag99gd5ynz1j7vse
Antoine Rabillard,221456.0,2.0,112.0,0.0,0.06,-0.06,1.0,0.0,0.0,0.06,Antoine,Rabillard,1995-09-22,30.97,920.0,9.0,Forward,Striker,cvuf4hvrzivk7yhnhf6qu4k45,bj8hrmj01r3zit0x8r6qm2eu2,Le Mans FC,Le Mans,Le Mans,LEM,8.0,67.403,4.0,18.795,0.0,0.0,0.0,0.0,8.425,4.699,4.0,2.0,0.0,0.0,9.0,13.0,8.0,61.538,6.0,2.0,33.333,,,,,,,,,,221456.0,112.0,2.0,1.0,1.0,3.85,0.0,0.443,0.443,0.0,0.0,Antoine,Rabillard,1995-09-22,30.97,920.0,9.0,Forward,Striker,cvuf4hvrzivk7yhnhf6qu4k45,bj8hrmj01r3zit0x8r6qm2eu2,Le Mans FC,Le Mans,Le Mans,LEM,221456.0,112.0,2.0,27.0,20.0,74.07,9.0,6.0,66.67,2.0,1.0,50.0,0.0,0.0,0.0,Antoine,Rabillard,1995-09-22,30.97,920.0,9.0,Forward,Striker,cvuf4hvrzivk7yhnhf6qu4k45,bj8hrmj01r3zit0x8r6qm2eu2,Le Mans FC,Le Mans,Le Mans,LEM,221456,cvuf4hvrzivk7yhnhf6qu4k45,920,bj8hrmj01r3zit0x8r6qm2eu2
Aristide Zossou,669341.0,2.0,95.0,0.0,0.16,-0.16,2.0,0.0,0.0,0.08,Aristide,Zossou,2005-06-14,21.24,138.0,77.0,Midfielder,Winger,dc12yccey0n4fk1cu28wb0hzo,9bxav814mkuhueiyivyive82d,Association Jeunesse Auxerroise,Auxerre,Auxerre,AJA,18.0,218.691,11.0,98.595,0.0,0.0,0.0,0.0,12.15,8.963,1.0,1.0,3.0,0.0,2.0,9.0,4.0,44.444,1.0,0.0,0.0,,,,,,,,,,669341.0,95.0,2.0,1.0,1.0,2.33,0.0,0.191,0.189,0.0,0.0,Aristide,Zossou,2005-06-14,21.24,138.0,77.0,Midfielder,Winger,dc12yccey0n4fk1cu28wb0hzo,9bxav814mkuhueiyivyive82d,Association Jeunesse Auxerroise,Auxerre,Auxerre,AJA,669341.0,95.0,2.0,44.0,36.0,81.82,21.0,15.0,71.43,2.0,1.0,50.0,0.0,0.0,0.0,Aristide,Zossou,2005-06-14,21.24,138.0,77.0,Midfielder,Winger,dc12yccey0n4fk1cu28wb0hzo,9bxav814mkuhueiyivyive82d,Association Jeunesse Auxerroise,Auxerre,Auxerre,AJA,669341,dc12yccey0n4fk1cu28wb0hzo,138,9bxav814mkuhueiyivyive82d
Arnaud Nordin,235050.0,2.0,32.0,0.0,0.66,-0.66,2.0,1.0,0.0,0.33,Arnaud,Nordin,1998-06-17,28.23,150.0,70.0,Forward,Winger,6ir1z8c3o7t4kqx04kw24i415,z1wbqtd0fz5t5eezjvrbld3h,Stade Rennais FC,Rennes,Rennes,REN,7.0,54.003,3.0,15.855,1.0,0.0,0.0,0.0,7.715,5.285,0.0,0.0,0.0,0.0,0.0,1.0,0.0,0.0,0.0,0.0,0.0,,,,,,,,,,235050.0,32.0,2.0,0.0,0.0,0.0,0.0,0.004,0.004,0.0,0.0,Arnaud,Nordin,1998-06-17,28.23,150.0,70.0,Forward,Winger,6ir1z8c3o7t4kqx04kw24i415,z1wbqtd0fz5t5eezjvrbld3h,Stade Rennais FC,Rennes,Rennes,REN,235050.0,32.0,2.0,10.0,9.0,90.0,2.0,1.0,50.0,2.0,0.0,0.0,0.0,0.0,0.0,Arnaud,Nordin,1998-06-17,28.23,150.0,70.0,Forward,Winger,6ir1z8c3o7t4kqx04kw24i415,z1wbqtd0fz5t5eezjvrbld3h,Stade Rennais FC,Rennes,Rennes,REN,235050,6ir1z8c3o7t4kqx04kw24i415,150,z1wbqtd0fz5t5eezjvrbld3h
Arsène Kouassi,651819.0,2.0,180.0,0.0,0.0,0.0,0.0,0.0,0.0,0.0,Arsène,Kouassi,2004-01-02,22.68,694.0,43.0,Defender,Full Back,5c2zuz7f53hvqn5be1k2nddsk,70nn27vgkt6l48lvv5e66q7ww,FC Lorient,Lorient,Lorient,FCL,29.0,303.021,12.0,128.835,0.0,0.0,2.0,0.0,10.449,10.736,2.0,2.0,9.0,0.0,2.0,19.0,7.0,36.842,3.0,3.0,100.0,,,,,,,,,,651819.0,180.0,2.0,3.0,3.0,3.75,0.0,0.074,0.074,0.0,0.0,Arsène,Kouassi,2004-01-02,22.68,694.0,43.0,Defender,Full Back,5c2zuz7f53hvqn5be1k2nddsk,70nn27vgkt6l48lvv5e66q7ww,FC Lorient,Lorient,Lorient,FCL,651819.0,180.0,2.0,80.0,68.0,85.0,25.0,21.0,84.0,4.0,0.0,0.0,1.0,0.0,0.0,Arsène,Kouassi,2004-01-02,22.68,694.0,43.0,Defender,Full Back,5c2zuz7f53hvqn5be1k2nddsk,70nn27vgkt6l48lvv5e66q7ww,FC Lorient,Lorient,Lorient,FCL,651819,5c2zuz7f53hvqn5be1k2nddsk,694,70nn27vgkt6l48lvv5e66q7ww
Arthur Avom,606371.0,2.0,180.0,0.0,0.1,-0.1,3.0,0.0,0.0,0.03,Arthur,Avom,2004-12-15,21.73,694.0,62.0,Midfielder,0,5wsz3usdkj01snq28pzpiwb2s,70nn27vgkt6l48lvv5e66q7ww,FC Lorient,Lorient,Lorient,FCL,36.0,357.638,16.0,157.5,0.0,0.0,1.0,0.0,9.934,9.844,6.0,4.0,9.0,0.0,0.0,13.0,9.0,69.231,3.0,1.0,33.333,,,,,,,,,,606371.0,180.0,2.0,2.0,2.0,1.41,0.0,0.56,0.558,0.0,0.0,Arthur,Avom,2004-12-15,21.73,694.0,62.0,Midfielder,0,5wsz3usdkj01snq28pzpiwb2s,70nn27vgkt6l48lvv5e66q7ww,FC Lorient,Lorient,Lorient,FCL,606371.0,180.0,2.0,146.0,129.0,88.36,48.0,39.0,81.25,2.0,1.0,50.0,0.0,0.0,0.0,Arthur,Avom,2004-12-15,21.73,694.0,62.0,Midfielder,0,5wsz3usdkj01snq28pzpiwb2s,70nn27vgkt6l48lvv5e66q7ww,FC Lorient,Lorient,Lorient,FCL,606371,5wsz3usdkj01snq28pzpiwb2s,694,70nn27vgkt6l48lvv5e66q7ww
Arthur Piedfort,549914.0,2.0,167.0,0.0,0.0,0.0,0.0,0.0,0.0,0.0,Arthur,Piedfort,2005-02-01,21.6,138.0,46.0,Midfielder,Defensive Midfielder,cbai2262b47qtezzmkt5ctslw,9bxav814mkuhueiyivyive82d,Association Jeunesse Auxerroise,Auxerre,Auxerre,AJA,15.0,135.894,6.0,45.36,0.0,0.0,0.0,0.0,9.06,7.56,2.0,4.0,17.0,0.0,1.0,9.0,4.0,44.444,4.0,3.0,75.0,,,,,,,,,,549914.0,167.0,2.0,0.0,0.0,0.0,0.0,0.086,0.052,0.0,0.0,Arthur,Piedfort,2005-02-01,21.6,138.0,46.0,Midfielder,Defensive Midfielder,cbai2262b47qtezzmkt5ctslw,9bxav814mkuhueiyivyive82d,Association Jeunesse Auxerroise,Auxerre,Auxerre,AJA,549914.0,167.0,2.0,87.0,80.0,91.95,24.0,18.0,75.0,1.0,0.0,0.0,0.0,0.0,0.0,Arthur,Piedfort,2005-02-01,21.6,138.0,46.0,Midfielder,Defensive Midfielder,cbai2262b47qtezzmkt5ctslw,9bxav814mkuhueiyivyive82d,Association Jeunesse Auxerroise,Auxerre,Auxerre,AJA,549914,cbai2262b47qtezzmkt5ctslw,138,9bxav814mkuhueiyivyive82d
Axel Camblan,548831.0,1.0,19.0,0.0,0.04,-0.04,1.0,0.0,0.0,0.04,Axel,Camblan,2003-08-30,23.03,862.0,11.0,Midfielder,Attacking Midfielder,e6se9kft2lf9hs92rof2pnn6c,3adj8hkws0z1al232bg2h6tk0,Stade Brestois 29,Brest,Brest,BRE,3.0,55.986,3.0,53.97,0.0,0.0,0.0,0.0,18.662,17.99,0.0,0.0,1.0,0.0,0.0,0.0,0.0,0.0,0.0,0.0,0.0,,,,,,,,,,548831.0,19.0,1.0,0.0,0.0,0.0,0.0,0.0,0.0,0.0,0.0,Axel,Camblan,2003-08-30,23.03,862.0,11.0,Midfielder,Attacking Midfielder,e6se9kft2lf9hs92rof2pnn6c,3adj8hkws0z1al232bg2h6tk0,Stade Brestois 29,Brest,Brest,BRE,548831.0,19.0,1.0,2.0,0.0,0.0,2.0,0.0,0.0,2.0,0.0,0.0,0.0,0.0,0.0,Axel,Camblan,2003-08-30,23.03,862.0,11.0,Midfielder,Attacking Midfielder,e6se9kft2lf9hs92rof2pnn6c,3adj8hkws0z1al232bg2h6tk0,Stade Brestois 29,Brest,Brest,BRE,548831,e6se9kft2lf9hs92rof2pnn6c,862,3adj8hkws0z1al232bg2h6tk0
Axel Witsel,41189.0,1.0,73.0,0.0,0.0,0.0,0.0,0.0,0.0,0.0,Axel,Witsel,1989-01-12,37.67,1395.0,28.0,Midfielder,Defensive Midfielder,59234as8h70fejyfm7492np3p,bx0cdmzr2gwr70ez72dorx82p,OGC Nice Côte d'Azur,Nice,Nice,NIC,8.0,81.758,1.0,-47.67,0.0,0.0,0.0,0.0,10.22,-47.67,0.0,4.0,7.0,0.0,0.0,4.0,3.0,75.0,0.0,0.0,0.0,,,,,,,,,,41189.0,73.0,1.0,1.0,1.0,2.38,0.0,0.032,0.032,0.0,0.0,Axel,Witsel,1989-01-12,37.67,1395.0,28.0,Midfielder,Defensive Midfielder,59234as8h70fejyfm7492np3p,bx0cdmzr2gwr70ez72dorx82p,OGC Nice Côte d'Azur,Nice,Nice,NIC,41189.0,73.0,1.0,43.0,39.0,90.7,16.0,14.0,87.5,0.0,0.0,0.0,0.0,0.0,0.0,Axel,Witsel,1989-01-12,37.67,1395.0,28.0,Midfielder,Defensive Midfielder,59234as8h70fejyfm7492np3p,bx0cdmzr2gwr70ez72dorx82p,OGC Nice Côte d'Azur,Nice,Nice,NIC,41189,59234as8h70fejyfm7492np3p,1395,bx0cdmzr2gwr70ez72dorx82p
Aymen Amaaouch,672306.0,0.0,0.0,0.0,0.0,0.0,0.0,0.0,0.0,0.0,Aymen,Amaaouch,2009-09-30,16.94,427.0,49.0,Forward,0,672306,4aghw9tyi8ba3ju1ne83gmf9w,Toulouse FC,Toulouse,Toulouse,TFC,0.0,0.0,0.0,0.0,0.0,0.0,0.0,0.0,0.0,0.0,0.0,0.0,0.0,0.0,0.0,0.0,0.0,0.0,0.0,0.0,0.0,,,,,,,,,,672306.0,0.0,0.0,0.0,0.0,0.0,0.0,0.0,0.0,0.0,0.0,Aymen,Amaaouch,2009-09-30,16.94,427.0,49.0,Forward,0,672306,4aghw9tyi8ba3ju1ne83gmf9w,Toulouse FC,Toulouse,Toulouse,TFC,672306.0,0.0,0.0,0.0,0.0,0.0,0.0,0.0,0.0,0.0,0.0,0.0,0.0,0.0,0.0,Aymen,Amaaouch,2009-09-30,16.94,427.0,49.0,Forward,0,672306,4aghw9tyi8ba3ju1ne83gmf9w,Toulouse FC,Toulouse,Toulouse,TFC,672306,672306,427,4aghw9tyi8ba3ju1ne83gmf9w
Ayumu Seko,219268.0,2.0,180.0,0.0,0.02,-0.02,1.0,0.0,0.0,0.02,Ayumu,Seko,2000-06-07,26.26,141.0,15.0,Defender,Central Defender,1anl1jfwm7l4p3y0tmyvueiuh,23pqcgxu1tip265hbe01kszbt,Le Havre AC,Le Havre,Le Havre,HAC,5.0,55.306,3.0,34.965,0.0,0.0,0.0,0.0,11.061,11.655,3.0,5.0,6.0,2.0,12.0,7.0,3.0,42.857,4.0,2.0,50.0,,,,,,,,,,219268.0,180.0,2.0,3.0,2.0,2.74,33.33,0.037,0.036,0.0,0.0,Ayumu,Seko,2000-06-07,26.26,141.0,15.0,Defender,Central Defender,1anl1jfwm7l4p3y0tmyvueiuh,23pqcgxu1tip265hbe01kszbt,Le Havre AC,Le Havre,Le Havre,HAC,219268.0,180.0,2.0,79.0,66.0,83.54,15.0,9.0,60.0,0.0,0.0,0.0,0.0,0.0,0.0,Ayumu,Seko,2000-06-07,26.26,141.0,15.0,Defender,Central Defender,1anl1jfwm7l4p3y0tmyvueiuh,23pqcgxu1tip265hbe01kszbt,Le Havre AC,Le Havre,Le Havre,HAC,219268,1anl1jfwm7l4p3y0tmyvueiuh,141,23pqcgxu1tip265hbe01kszbt
Bandiougou Fadiga,465681.0,0.0,0.0,0.0,0.0,0.0,0.0,0.0,0.0,0.0,Bandiougou,Fadiga,2001-01-15,25.65,694.0,7.0,Midfielder,Attacking Midfielder,465681,70nn27vgkt6l48lvv5e66q7ww,FC Lorient,Lorient,Lorient,FCL,0.0,0.0,0.0,0.0,0.0,0.0,0.0,0.0,0.0,0.0,0.0,0.0,0.0,0.0,0.0,0.0,0.0,0.0,0.0,0.0,0.0,,,,,,,,,,465681.0,0.0,0.0,0.0,0.0,0.0,0.0,0.0,0.0,0.0,0.0,Bandiougou,Fadiga,2001-01-15,25.65,694.0,7.0,Midfielder,Attacking Midfielder,465681,70nn27vgkt6l48lvv5e66q7ww,FC Lorient,Lorient,Lorient,FCL,465681.0,0.0,0.0,0.0,0.0,0.0,0.0,0.0,0.0,0.0,0.0,0.0,0.0,0.0,0.0,Bandiougou,Fadiga,2001-01-15,25.65,694.0,7.0,Midfielder,Attacking Midfielder,465681,70nn27vgkt6l48lvv5e66q7ww,FC Lorient,Lorient,Lorient,FCL,465681,465681,694,70nn27vgkt6l48lvv5e66q7ww
Bané Diatta,737638.0,2.0,7.0,0.0,0.0,0.0,0.0,0.0,0.0,0.0,Bané,Diatta,2008-06-27,18.2,2128.0,36.0,Midfielder,Defensive Midfielder,bpwjiomcefvhknhvx6k8tufbo,75qj99fhg5c0ztj2tva5u4uii,Angers Sporting Club de l'Ouest,Angers,Angers,SCO,2.0,13.843,0.0,2.625,0.0,0.0,0.0,0.0,6.922,0.0,2.0,0.0,0.0,0.0,0.0,3.0,2.0,66.667,1.0,0.0,0.0,,,,,,,,,,737638.0,7.0,2.0,0.0,0.0,0.0,0.0,0.003,0.003,0.0,0.0,Bané,Diatta,2008-06-27,18.2,2128.0,36.0,Midfielder,Defensive Midfielder,bpwjiomcefvhknhvx6k8tufbo,75qj99fhg5c0ztj2tva5u4uii,Angers Sporting Club de l'Ouest,Angers,Angers,SCO,737638.0,7.0,2.0,10.0,8.0,80.0,2.0,2.0,100.0,0.0,0.0,0.0,0.0,0.0,0.0,Bané,Diatta,2008-06-27,18.2,2128.0,36.0,Midfielder,Defensive Midfielder,bpwjiomcefvhknhvx6k8tufbo,75qj99fhg5c0ztj2tva5u4uii,Angers Sporting Club de l'Ouest,Angers,Angers,SCO,737638,bpwjiomcefvhknhvx6k8tufbo,2128,75qj99fhg5c0ztj2tva5u4uii
Basar Önal,574035.0,1.0,57.0,0.0,0.0,0.0,0.0,0.0,0.0,0.0,Basar,Önal,2004-07-06,22.18,429.0,19.0,Forward,Winger,ds0hd4ezvb5rw6l95rhbxtq1g,be2k34rut1lz79jxenabttqlc,Lille OSC,Lille,Lille,LIL,9.0,112.313,4.0,16.905,0.0,0.0,0.0,0.0,12.479,4.226,2.0,0.0,2.0,0.0,0.0,9.0,3.0,33.333,2.0,0.0,0.0,,,,,,,,,,574035.0,57.0,1.0,0.0,0.0,0.0,0.0,0.013,0.012,0.0,0.0,Basar,Önal,2004-07-06,22.18,429.0,19.0,Forward,Winger,ds0hd4ezvb5rw6l95rhbxtq1g,be2k34rut1lz79jxenabttqlc,Lille OSC,Lille,Lille,LIL,574035.0,57.0,1.0,19.0,11.0,57.89,12.0,6.0,50.0,1.0,0.0,0.0,0.0,0.0,0.0,Basar,Önal,2004-07-06,22.18,429.0,19.0,Forward,Winger,ds0hd4ezvb5rw6l95rhbxtq1g,be2k34rut1lz79jxenabttqlc,Lille OSC,Lille,Lille,LIL,574035,ds0hd4ezvb5rw6l95rhbxtq1g,429,be2k34rut1lz79jxenabttqlc
Benjamin André,55948.0,1.0,61.0,0.0,0.0,0.0,0.0,0.0,0.0,0.0,Benjamin,André,1990-08-03,36.11,429.0,21.0,Midfielder,Attacking Midfielder,31sljkjull0n7082fed26stzp,be2k34rut1lz79jxenabttqlc,Lille OSC,Lille,Lille,LIL,4.0,53.053,3.0,34.02,0.0,0.0,0.0,0.0,13.263,11.34,4.0,1.0,2.0,1.0,2.0,11.0,5.0,45.455,0.0,0.0,0.0,,,,,,,,,,55948.0,61.0,1.0,1.0,1.0,4.0,0.0,0.007,0.007,0.0,0.0,Benjamin,André,1990-08-03,36.11,429.0,21.0,Midfielder,Attacking Midfielder,31sljkjull0n7082fed26stzp,be2k34rut1lz79jxenabttqlc,Lille OSC,Lille,Lille,LIL,55948.0,61.0,1.0,25.0,23.0,92.0,2.0,2.0,100.0,0.0,0.0,0.0,0.0,0.0,0.0,Benjamin,André,1990-08-03,36.11,429.0,21.0,Midfielder,Attacking Midfielder,31sljkjull0n7082fed26stzp,be2k34rut1lz79jxenabttqlc,Lille OSC,Lille,Lille,LIL,55948,31sljkjull0n7082fed26stzp,429,be2k34rut1lz79jxenabttqlc
Benjamin Brantlind,648131.0,0.0,0.0,0.0,0.0,0.0,0.0,0.0,0.0,0.0,Benjamin,Brantlind,2008-08-15,18.06,153.0,45.0,Midfielder,Attacking Midfielder,648131,71ajatxnuhc5cnm3xvgdky49w,RC Strasbourg Alsace,Strasbourg,Strasbourg,STR,0.0,0.0,0.0,0.0,0.0,0.0,0.0,0.0,0.0,0.0,0.0,0.0,0.0,0.0,0.0,0.0,0.0,0.0,0.0,0.0,0.0,,,,,,,,,,648131.0,0.0,0.0,0.0,0.0,0.0,0.0,0.0,0.0,0.0,0.0,Benjamin,Brantlind,2008-08-15,18.06,153.0,45.0,Midfielder,Attacking Midfielder,648131,71ajatxnuhc5cnm3xvgdky49w,RC Strasbourg Alsace,Strasbourg,Strasbourg,STR,648131.0,0.0,0.0,0.0,0.0,0.0,0.0,0.0,0.0,0.0,0.0,0.0,0.0,0.0,0.0,Benjamin,Brantlind,2008-08-15,18.06,153.0,45.0,Midfielder,Attacking Midfielder,648131,71ajatxnuhc5cnm3xvgdky49w,RC Strasbourg Alsace,Strasbourg,Strasbourg,STR,648131,648131,153,71ajatxnuhc5cnm3xvgdky49w
Beraldo,534317.0,2.0,84.0,0.0,0.0,0.0,0.0,0.0,0.0,0.0,Lucas,Lopes Beraldo,2003-11-24,22.79,149.0,4.0,Defender,Central Defender,39qaf8nu4uz9g5dgymulxtrmc,2b3mar72yy8d6uvat1ka6tn3r,Paris Saint-Germain FC,Paris Saint-Germain,Paris SG,PSG,14.0,126.405,8.0,69.405,0.0,0.0,0.0,0.0,9.029,8.676,2.0,0.0,3.0,1.0,1.0,4.0,3.0,75.0,1.0,1.0,100.0,,,,,,,,,,534317.0,84.0,2.0,0.0,0.0,0.0,0.0,0.114,0.114,0.0,0.0,Lucas,Lopes Beraldo,2003-11-24,22.79,149.0,4.0,Defender,Central Defender,39qaf8nu4uz9g5dgymulxtrmc,2b3mar72yy8d6uvat1ka6tn3r,Paris Saint-Germain FC,Paris Saint-Germain,Paris SG,PSG,534317.0,84.0,2.0,58.0,51.0,87.93,14.0,10.0,71.43,0.0,0.0,0.0,0.0,0.0,0.0,Lucas,Lopes Beraldo,2003-11-24,22.79,149.0,4.0,Defender,Central Defender,39qaf8nu4uz9g5dgymulxtrmc,2b3mar72yy8d6uvat1ka6tn3r,Paris Saint-Germain FC,Paris Saint-Germain,Paris SG,PSG,534317,39qaf8nu4uz9g5dgymulxtrmc,149,2b3mar72yy8d6uvat1ka6tn3r
Berke Özer,,,,,,,,,,,,,,,,,,,,,,,,,,,,,,,,,,,,,,,,,,,,,,180.0,100.0,0.0,2.0,4.0,66.67,0.86,1.0,2.86,,,,,,,,,,,,,,,,,,,,,,,,,,,,,,,,,,,,,,,,,,,,,,,,,,,,,,,424992,eaf4b3le808xp7j4rejomxf55,429,be2k34rut1lz79jxenabttqlc
Billal Brahimi,437670.0,1.0,18.0,0.0,0.0,0.0,0.0,0.0,0.0,0.0,Billal,Brahimi,2000-03-14,26.49,920.0,7.0,Forward,Winger,5ak9fwtqlr2pll0nsv5br7p7u,bj8hrmj01r3zit0x8r6qm2eu2,Le Mans FC,Le Mans,Le Mans,LEM,0.0,0.0,0.0,0.0,0.0,0.0,0.0,0.0,0.0,0.0,0.0,0.0,1.0,0.0,0.0,3.0,1.0,33.333,1.0,0.0,0.0,,,,,,,,,,437670.0,18.0,1.0,0.0,0.0,0.0,0.0,0.002,0.002,0.0,0.0,Billal,Brahimi,2000-03-14,26.49,920.0,7.0,Forward,Winger,5ak9fwtqlr2pll0nsv5br7p7u,bj8hrmj01r3zit0x8r6qm2eu2,Le Mans FC,Le Mans,Le Mans,LEM,437670.0,18.0,1.0,5.0,4.0,80.0,3.0,2.0,66.67,0.0,0.0,0.0,0.0,0.0,0.0,Billal,Brahimi,2000-03-14,26.49,920.0,7.0,Forward,Winger,5ak9fwtqlr2pll0nsv5br7p7u,bj8hrmj01r3zit0x8r6qm2eu2,Le Mans FC,Le Mans,Le Mans,LEM,437670,5ak9fwtqlr2pll0nsv5br7p7u,920,bj8hrmj01r3zit0x8r6qm2eu2
Brad-Hamilton Mantsounga,619372.0,0.0,0.0,0.0,0.0,0.0,0.0,0.0,0.0,0.0,Brad-Hamilton,Mantsounga,2007-09-06,19.01,1395.0,36.0,Defender,Central Defender,619372,bx0cdmzr2gwr70ez72dorx82p,OGC Nice Côte d'Azur,Nice,Nice,NIC,0.0,0.0,0.0,0.0,0.0,0.0,0.0,0.0,0.0,0.0,0.0,0.0,0.0,0.0,0.0,0.0,0.0,0.0,0.0,0.0,0.0,,,,,,,,,,619372.0,0.0,0.0,0.0,0.0,0.0,0.0,0.0,0.0,0.0,0.0,Brad-Hamilton,Mantsounga,2007-09-06,19.01,1395.0,36.0,Defender,Central Defender,619372,bx0cdmzr2gwr70ez72dorx82p,OGC Nice Côte d'Azur,Nice,Nice,NIC,619372.0,0.0,0.0,0.0,0.0,0.0,0.0,0.0,0.0,0.0,0.0,0.0,0.0,0.0,0.0,Brad-Hamilton,Mantsounga,2007-09-06,19.01,1395.0,36.0,Defender,Central Defender,619372,bx0cdmzr2gwr70ez72dorx82p,OGC Nice Côte d'Azur,Nice,Nice,NIC,619372,619372,1395,bx0cdmzr2gwr70ez72dorx82p
Bradley Locko,546635.0,2.0,180.0,0.0,0.0,0.0,0.0,0.0,0.0,0.0,Bradley,Locko,2002-05-06,24.35,862.0,2.0,Defender,Full Back,2ds26ub6ho0baamsjcmh7mmfo,3adj8hkws0z1al232bg2h6tk0,Stade Brestois 29,Brest,Brest,BRE,28.0,341.148,22.0,250.845,0.0,0.0,1.0,0.0,12.184,11.402,7.0,4.0,9.0,0.0,3.0,17.0,12.0,70.588,4.0,3.0,75.0,,,,,,,,,,546635.0,180.0,2.0,2.0,2.0,2.47,0.0,0.218,0.216,0.0,0.0,Bradley,Locko,2002-05-06,24.35,862.0,2.0,Defender,Full Back,2ds26ub6ho0baamsjcmh7mmfo,3adj8hkws0z1al232bg2h6tk0,Stade Brestois 29,Brest,Brest,BRE,546635.0,180.0,2.0,84.0,63.0,75.0,32.0,22.0,68.75,10.0,3.0,30.0,0.0,0.0,0.0,Bradley,Locko,2002-05-06,24.35,862.0,2.0,Defender,Full Back,2ds26ub6ho0baamsjcmh7mmfo,3adj8hkws0z1al232bg2h6tk0,Stade Brestois 29,Brest,Brest,BRE,546635,2ds26ub6ho0baamsjcmh7mmfo,862,3adj8hkws0z1al232bg2h6tk0
Branco van den Boomen,174969.0,2.0,180.0,1.0,0.01,0.99,1.0,1.0,100.0,0.01,Branco,van den Boomen,1995-07-21,31.14,2128.0,8.0,Midfielder,Central Midfielder,2rsqkarlkh6z8vrb0clfbz6xh,75qj99fhg5c0ztj2tva5u4uii,Angers Sporting Club de l'Ouest,Angers,Angers,SCO,19.0,189.273,9.0,93.03,0.0,0.0,0.0,0.0,9.962,10.337,5.0,1.0,9.0,0.0,7.0,13.0,5.0,38.462,0.0,0.0,0.0,,,,,,,,,,174969.0,180.0,2.0,5.0,1.0,0.94,80.0,0.345,0.043,0.0,0.0,Branco,van den Boomen,1995-07-21,31.14,2128.0,8.0,Midfielder,Central Midfielder,2rsqkarlkh6z8vrb0clfbz6xh,75qj99fhg5c0ztj2tva5u4uii,Angers Sporting Club de l'Ouest,Angers,Angers,SCO,174969.0,180.0,2.0,115.0,93.0,80.87,41.0,27.0,65.85,2.0,0.0,0.0,0.0,0.0,0.0,Branco,van den Boomen,1995-07-21,31.14,2128.0,8.0,Midfielder,Central Midfielder,2rsqkarlkh6z8vrb0clfbz6xh,75qj99fhg5c0ztj2tva5u4uii,Angers Sporting Club de l'Ouest,Angers,Angers,SCO,174969,2rsqkarlkh6z8vrb0clfbz6xh,2128,75qj99fhg5c0ztj2tva5u4uii
Brice Samba,,,,,,,,,,,,,,,,,,,,,,,,,,,,,,,,,,,,,,,,,,,,,,180.0,50.0,0.0,2.0,3.0,60.0,0.37,1.0,2.37,,,,,,,,,,,,,,,,,,,,,,,,,,,,,,,,,,,,,,,,,,,,,,,,,,,,,,,102836,25cggz2egeqce47yijxadsslx,150,z1wbqtd0fz5t5eezjvrbld3h
Bryan Reynolds,223353.0,1.0,2.0,0.0,0.0,0.0,0.0,0.0,0.0,0.0,Bryan,Reynolds,2001-06-28,25.2,150.0,14.0,Defender,Full Back,e2z19y8is5m24brpa3gzn02qx,z1wbqtd0fz5t5eezjvrbld3h,Stade Rennais FC,Rennes,Rennes,REN,0.0,0.0,0.0,0.0,0.0,0.0,0.0,0.0,0.0,0.0,0.0,1.0,0.0,0.0,2.0,0.0,0.0,0.0,0.0,0.0,0.0,,,,,,,,,,223353.0,2.0,1.0,0.0,0.0,0.0,0.0,0.0,0.0,0.0,0.0,Bryan,Reynolds,2001-06-28,25.2,150.0,14.0,Defender,Full Back,e2z19y8is5m24brpa3gzn02qx,z1wbqtd0fz5t5eezjvrbld3h,Stade Rennais FC,Rennes,Rennes,REN,223353.0,2.0,1.0,2.0,1.0,50.0,0.0,0.0,0.0,0.0,0.0,0.0,0.0,0.0,0.0,Bryan,Reynolds,2001-06-28,25.2,150.0,14.0,Defender,Full Back,e2z19y8is5m24brpa3gzn02qx,z1wbqtd0fz5t5eezjvrbld3h,Stade Rennais FC,Rennes,Rennes,REN,223353,e2z19y8is5m24brpa3gzn02qx,150,z1wbqtd0fz5t5eezjvrbld3h
CJ Egan-Riley,432711.0,2.0,165.0,0.0,0.0,0.0,0.0,0.0,0.0,0.0,CJ,Egan-Riley,2003-01-02,23.68,144.0,4.0,Defender,Central Defender,1xofhzib5lyqx285j8x36xg8a,27xvwccz8kpmqsefjv2b2sc0o,Olympique de Marseille,Olympique Marseille,Marseille,OM,23.0,187.893,6.0,67.935,0.0,0.0,0.0,0.0,8.169,11.322,2.0,1.0,9.0,0.0,7.0,3.0,2.0,66.667,5.0,5.0,100.0,,,,,,,,,,432711.0,165.0,2.0,1.0,1.0,0.65,0.0,0.04,0.039,0.0,0.0,CJ,Egan-Riley,2003-01-02,23.68,144.0,4.0,Defender,Central Defender,1xofhzib5lyqx285j8x36xg8a,27xvwccz8kpmqsefjv2b2sc0o,Olympique de Marseille,Olympique Marseille,Marseille,OM,432711.0,165.0,2.0,155.0,149.0,96.13,10.0,8.0,80.0,0.0,0.0,0.0,0.0,0.0,0.0,CJ,Egan-Riley,2003-01-02,23.68,144.0,4.0,Defender,Central Defender,1xofhzib5lyqx285j8x36xg8a,27xvwccz8kpmqsefjv2b2sc0o,Olympique de Marseille,Olympique Marseille,Marseille,OM,432711,1xofhzib5lyqx285j8x36xg8a,144,27xvwccz8kpmqsefjv2b2sc0o
Calvin Verdonk,180182.0,2.0,24.0,0.0,0.0,0.0,0.0,0.0,0.0,0.0,Calvin,Verdonk,1997-04-26,29.38,429.0,24.0,Defender,Full Back,6dd248q0adq6su677bw2kk2c5,be2k34rut1lz79jxenabttqlc,Lille OSC,Lille,Lille,LIL,0.0,0.0,0.0,0.0,0.0,0.0,0.0,0.0,0.0,0.0,1.0,0.0,1.0,0.0,3.0,1.0,1.0,100.0,0.0,0.0,0.0,,,,,,,,,,180182.0,24.0,2.0,0.0,0.0,0.0,0.0,0.002,0.002,0.0,0.0,Calvin,Verdonk,1997-04-26,29.38,429.0,24.0,Defender,Full Back,6dd248q0adq6su677bw2kk2c5,be2k34rut1lz79jxenabttqlc,Lille OSC,Lille,Lille,LIL,180182.0,24.0,2.0,3.0,1.0,33.33,2.0,1.0,50.0,0.0,0.0,0.0,0.0,0.0,0.0,Calvin,Verdonk,1997-04-26,29.38,429.0,24.0,Defender,Full Back,6dd248q0adq6su677bw2kk2c5,be2k34rut1lz79jxenabttqlc,Lille OSC,Lille,Lille,LIL,180182,6dd248q0adq6su677bw2kk2c5,429,be2k34rut1lz79jxenabttqlc
Carlens Arcus,209171.0,2.0,92.0,0.0,0.0,0.0,0.0,0.0,0.0,0.0,Carlens,Arcus,1996-06-28,30.2,2128.0,2.0,Defender,Full Back,d3qx3gwypipcl2azrj9ing9ud,75qj99fhg5c0ztj2tva5u4uii,Angers Sporting Club de l'Ouest,Angers,Angers,SCO,6.0,60.325,2.0,18.165,0.0,0.0,0.0,0.0,10.054,9.082,2.0,1.0,4.0,0.0,1.0,4.0,2.0,50.0,0.0,0.0,0.0,,,,,,,,,,209171.0,92.0,2.0,2.0,2.0,6.9,0.0,0.172,0.171,0.0,0.0,Carlens,Arcus,1996-06-28,30.2,2128.0,2.0,Defender,Full Back,d3qx3gwypipcl2azrj9ing9ud,75qj99fhg5c0ztj2tva5u4uii,Angers Sporting Club de l'Ouest,Angers,Angers,SCO,209171.0,92.0,2.0,32.0,28.0,87.5,11.0,9.0,81.82,4.0,2.0,50.0,0.0,0.0,0.0,Carlens,Arcus,1996-06-28,30.2,2128.0,2.0,Defender,Full Back,d3qx3gwypipcl2azrj9ing9ud,75qj99fhg5c0ztj2tva5u4uii,Angers Sporting Club de l'Ouest,Angers,Angers,SCO,209171,d3qx3gwypipcl2azrj9ing9ud,2128,75qj99fhg5c0ztj2tva5u4uii
Charlie Cresswell,492373.0,2.0,180.0,0.0,0.09,-0.09,2.0,0.0,0.0,0.05,Charlie,Cresswell,2002-08-17,24.06,150.0,4.0,Defender,Central Defender,aarmpoi343teu4medudpl49ka,z1wbqtd0fz5t5eezjvrbld3h,Stade Rennais FC,Rennes,Rennes,REN,37.0,331.698,13.0,159.81,0.0,0.0,0.0,0.0,8.965,12.293,1.0,3.0,8.0,1.0,9.0,5.0,2.0,40.0,15.0,10.0,66.667,,,,,,,,,,492373.0,180.0,2.0,0.0,0.0,0.0,0.0,0.02,0.019,0.0,0.0,Charlie,Cresswell,2002-08-17,24.06,150.0,4.0,Defender,Central Defender,aarmpoi343teu4medudpl49ka,z1wbqtd0fz5t5eezjvrbld3h,Stade Rennais FC,Rennes,Rennes,REN,492373.0,180.0,2.0,109.0,88.0,80.73,14.0,7.0,50.0,1.0,0.0,0.0,0.0,0.0,0.0,Charlie,Cresswell,2002-08-17,24.06,150.0,4.0,Defender,Central Defender,aarmpoi343teu4medudpl49ka,z1wbqtd0fz5t5eezjvrbld3h,Stade Rennais FC,Rennes,Rennes,REN,492373,aarmpoi343teu4medudpl49ka,150,z1wbqtd0fz5t5eezjvrbld3h
Christ Batola,672304.0,0.0,0.0,0.0,0.0,0.0,0.0,0.0,0.0,0.0,Christ,Batola,2009-06-03,17.26,154.0,37.0,Forward,0,672304,3unkqo2g6ag99gd5ynz1j7vse,Espérance Sportive Troyes Aube Champagne,Troyes,Troyes,TRO,0.0,0.0,0.0,0.0,0.0,0.0,0.0,0.0,0.0,0.0,0.0,0.0,0.0,0.0,0.0,0.0,0.0,0.0,0.0,0.0,0.0,,,,,,,,,,672304.0,0.0,0.0,0.0,0.0,0.0,0.0,0.0,0.0,0.0,0.0,Christ,Batola,2009-06-03,17.26,154.0,37.0,Forward,0,672304,3unkqo2g6ag99gd5ynz1j7vse,Espérance Sportive Troyes Aube Champagne,Troyes,Troyes,TRO,672304.0,0.0,0.0,0.0,0.0,0.0,0.0,0.0,0.0,0.0,0.0,0.0,0.0,0.0,0.0,Christ,Batola,2009-06-03,17.26,154.0,37.0,Forward,0,672304,3unkqo2g6ag99gd5ynz1j7vse,Espérance Sportive Troyes Aube Champagne,Troyes,Troyes,TRO,672304,672304,154,3unkqo2g6ag99gd5ynz1j7vse
Christ Makosso,620069.0,1.0,35.0,0.0,0.0,0.0,0.0,0.0,0.0,0.0,Christ,Makosso,2004-05-09,22.33,138.0,15.0,Defender,Central Defender,4o8pw1qn0edeihbsiau2hsowk,9bxav814mkuhueiyivyive82d,Association Jeunesse Auxerroise,Auxerre,Auxerre,AJA,4.0,41.261,1.0,10.815,0.0,0.0,0.0,0.0,10.315,10.815,1.0,1.0,1.0,0.0,1.0,4.0,2.0,50.0,1.0,0.0,0.0,,,,,,,,,,620069.0,35.0,1.0,0.0,0.0,0.0,0.0,0.002,0.002,0.0,0.0,Christ,Makosso,2004-05-09,22.33,138.0,15.0,Defender,Central Defender,4o8pw1qn0edeihbsiau2hsowk,9bxav814mkuhueiyivyive82d,Association Jeunesse Auxerroise,Auxerre,Auxerre,AJA,620069.0,35.0,1.0,25.0,22.0,88.0,1.0,0.0,0.0,0.0,0.0,0.0,0.0,0.0,0.0,Christ,Makosso,2004-05-09,22.33,138.0,15.0,Defender,Central Defender,4o8pw1qn0edeihbsiau2hsowk,9bxav814mkuhueiyivyive82d,Association Jeunesse Auxerroise,Auxerre,Auxerre,AJA,620069,4o8pw1qn0edeihbsiau2hsowk,138,9bxav814mkuhueiyivyive82d
Christ Tapé,659285.0,2.0,180.0,1.0,1.31,-0.31,4.0,1.0,25.0,0.33,Christ,Tapé,2006-03-02,20.52,427.0,12.0,Defender,Full Back,bdz03qovxerzrv12lgljae1p0,4aghw9tyi8ba3ju1ne83gmf9w,Toulouse FC,Toulouse,Toulouse,TFC,22.0,211.206,13.0,107.415,0.0,0.0,0.0,0.0,9.6,8.263,2.0,1.0,3.0,2.0,8.0,13.0,5.0,38.462,5.0,3.0,60.0,,,,,,,,,,659285.0,180.0,2.0,2.0,2.0,2.63,0.0,0.298,0.296,0.0,0.0,Christ,Tapé,2006-03-02,20.52,427.0,12.0,Defender,Full Back,bdz03qovxerzrv12lgljae1p0,4aghw9tyi8ba3ju1ne83gmf9w,Toulouse FC,Toulouse,Toulouse,TFC,659285.0,180.0,2.0,79.0,66.0,83.54,23.0,20.0,86.96,5.0,1.0,20.0,0.0,0.0,0.0,Christ,Tapé,2006-03-02,20.52,427.0,12.0,Defender,Full Back,bdz03qovxerzrv12lgljae1p0,4aghw9tyi8ba3ju1ne83gmf9w,Toulouse FC,Toulouse,Toulouse,TFC,659285,bdz03qovxerzrv12lgljae1p0,427,4aghw9tyi8ba3ju1ne83gmf9w
Christian Mawissa,578500.0,0.0,0.0,0.0,0.0,0.0,0.0,0.0,0.0,0.0,Christian,Mawissa,2005-04-18,21.39,146.0,13.0,Defender,Central Defender,578500,4t4hod56fsj7utpjdor8so5q6,AS Monaco FC,Monaco,Monaco,ASM,0.0,0.0,0.0,0.0,0.0,0.0,0.0,0.0,0.0,0.0,0.0,0.0,0.0,0.0,0.0,0.0,0.0,0.0,0.0,0.0,0.0,,,,,,,,,,578500.0,0.0,0.0,0.0,0.0,0.0,0.0,0.0,0.0,0.0,0.0,Christian,Mawissa,2005-04-18,21.39,146.0,13.0,Defender,Central Defender,578500,4t4hod56fsj7utpjdor8so5q6,AS Monaco FC,Monaco,Monaco,ASM,578500.0,0.0,0.0,0.0,0.0,0.0,0.0,0.0,0.0,0.0,0.0,0.0,0.0,0.0,0.0,Christian,Mawissa,2005-04-18,21.39,146.0,13.0,Defender,Central Defender,578500,4t4hod56fsj7utpjdor8so5q6,AS Monaco FC,Monaco,Monaco,ASM,578500,578500,146,4t4hod56fsj7utpjdor8so5q6
Clinton Mata,189781.0,1.0,90.0,0.0,0.0,0.0,0.0,0.0,0.0,0.0,Clinton Mukoni,Mata Pedro Lourenço,1992-11-07,33.84,143.0,22.0,Defender,Full Back,6tvnsmtj9mma96e8famksevv9,121le8unjfzug3iu9pgkqa1c7,Lyon,Olympique Lyonnais,Lyon,OL,26.0,207.137,10.0,43.89,0.0,0.0,0.0,0.0,7.967,4.389,1.0,1.0,4.0,0.0,6.0,4.0,4.0,100.0,2.0,1.0,50.0,,,,,,,,,,189781.0,90.0,1.0,0.0,0.0,0.0,0.0,0.007,0.007,0.0,0.0,Clinton Mukoni,Mata Pedro Lourenço,1992-11-07,33.84,143.0,22.0,Defender,Full Back,6tvnsmtj9mma96e8famksevv9,121le8unjfzug3iu9pgkqa1c7,Lyon,Olympique Lyonnais,Lyon,OL,189781.0,90.0,1.0,87.0,83.0,95.4,7.0,5.0,71.43,0.0,0.0,0.0,0.0,0.0,0.0,Clinton Mukoni,Mata Pedro Lourenço,1992-11-07,33.84,143.0,22.0,Defender,Full Back,6tvnsmtj9mma96e8famksevv9,121le8unjfzug3iu9pgkqa1c7,Lyon,Olympique Lyonnais,Lyon,OL,189781,6tvnsmtj9mma96e8famksevv9,143,121le8unjfzug3iu9pgkqa1c7
Clément Akpa,584863.0,2.0,180.0,0.0,0.26,-0.26,1.0,0.0,0.0,0.26,Clément,Akpa,2001-11-24,24.79,138.0,92.0,Defender,Full Back,2173tp0hk6gsx2o46hx4h5mju,9bxav814mkuhueiyivyive82d,Association Jeunesse Auxerroise,Auxerre,Auxerre,AJA,25.0,281.33,14.0,170.625,0.0,0.0,0.0,0.0,11.253,12.188,5.0,4.0,10.0,0.0,4.0,16.0,7.0,43.75,9.0,5.0,55.556,,,,,,,,,,584863.0,180.0,2.0,1.0,1.0,1.03,0.0,0.03,0.03,0.0,0.0,Clément,Akpa,2001-11-24,24.79,138.0,92.0,Defender,Full Back,2173tp0hk6gsx2o46hx4h5mju,9bxav814mkuhueiyivyive82d,Association Jeunesse Auxerroise,Auxerre,Auxerre,AJA,584863.0,180.0,2.0,98.0,82.0,83.67,26.0,16.0,61.54,3.0,2.0,66.67,0.0,0.0,0.0,Clément,Akpa,2001-11-24,24.79,138.0,92.0,Defender,Full Back,2173tp0hk6gsx2o46hx4h5mju,9bxav814mkuhueiyivyive82d,Association Jeunesse Auxerroise,Auxerre,Auxerre,AJA,584863,2173tp0hk6gsx2o46hx4h5mju,138,9bxav814mkuhueiyivyive82d
Corentin Tolisso,168568.0,2.0,111.0,0.0,0.64,-0.64,5.0,2.0,0.0,0.13,Corentin,Tolisso,1994-08-03,32.11,143.0,8.0,Midfielder,Central Midfielder,d68byfvk16giaur32gqwpwded,121le8unjfzug3iu9pgkqa1c7,Lyon,Olympique Lyonnais,Lyon,OL,20.0,257.995,11.0,144.48,3.0,0.0,1.0,1.0,12.9,13.135,2.0,3.0,9.0,1.0,1.0,12.0,5.0,41.667,7.0,4.0,57.143,,,,,,,,,,168568.0,111.0,2.0,3.0,3.0,3.39,0.0,0.2,0.199,1.0,1.0,Corentin,Tolisso,1994-08-03,32.11,143.0,8.0,Midfielder,Central Midfielder,d68byfvk16giaur32gqwpwded,121le8unjfzug3iu9pgkqa1c7,Lyon,Olympique Lyonnais,Lyon,OL,168568.0,111.0,2.0,61.0,48.0,78.69,30.0,20.0,66.67,5.0,1.0,20.0,0.0,0.0,0.0,Corentin,Tolisso,1994-08-03,32.11,143.0,8.0,Midfielder,Central Midfielder,d68byfvk16giaur32gqwpwded,121le8unjfzug3iu9pgkqa1c7,Lyon,Olympique Lyonnais,Lyon,OL,168568,d68byfvk16giaur32gqwpwded,143,121le8unjfzug3iu9pgkqa1c7
Cristian Cásseres,446090.0,2.0,180.0,0.0,0.02,-0.02,1.0,0.0,0.0,0.02,Cristian,Cásseres,2000-01-20,26.64,427.0,23.0,Midfielder,0,6vjoq2kgaq2igxoh8cvq0ieax,4aghw9tyi8ba3ju1ne83gmf9w,Toulouse FC,Toulouse,Toulouse,TFC,33.0,286.871,18.0,181.86,0.0,0.0,0.0,0.0,8.693,10.103,8.0,1.0,17.0,1.0,10.0,25.0,18.0,72.0,8.0,6.0,75.0,,,,,,,,,,446090.0,180.0,2.0,5.0,4.0,3.15,0.0,0.342,0.094,1.0,0.0,Cristian,Cásseres,2000-01-20,26.64,427.0,23.0,Midfielder,0,6vjoq2kgaq2igxoh8cvq0ieax,4aghw9tyi8ba3ju1ne83gmf9w,Toulouse FC,Toulouse,Toulouse,TFC,446090.0,180.0,2.0,139.0,113.0,81.29,32.0,21.0,65.63,2.0,1.0,50.0,3.0,0.0,0.0,Cristian,Cásseres,2000-01-20,26.64,427.0,23.0,Midfielder,0,6vjoq2kgaq2igxoh8cvq0ieax,4aghw9tyi8ba3ju1ne83gmf9w,Toulouse FC,Toulouse,Toulouse,TFC,446090,6vjoq2kgaq2igxoh8cvq0ieax,427,4aghw9tyi8ba3ju1ne83gmf9w
Dame Gueye,222862.0,2.0,140.0,1.0,1.16,-0.16,3.0,1.0,33.33,0.39,Dame,Gueye,1995-08-12,31.08,920.0,25.0,Forward,Striker,3wz6sqia8nhpkwaioa9h5nb3d,bj8hrmj01r3zit0x8r6qm2eu2,Le Mans FC,Le Mans,Le Mans,LEM,10.0,159.807,2.0,31.5,0.0,0.0,0.0,0.0,15.981,15.75,3.0,1.0,2.0,0.0,3.0,10.0,3.0,30.0,21.0,8.0,38.095,,,,,,,,,,222862.0,140.0,2.0,0.0,0.0,0.0,0.0,0.022,0.022,0.0,0.0,Dame,Gueye,1995-08-12,31.08,920.0,25.0,Forward,Striker,3wz6sqia8nhpkwaioa9h5nb3d,bj8hrmj01r3zit0x8r6qm2eu2,Le Mans FC,Le Mans,Le Mans,LEM,222862.0,140.0,2.0,33.0,23.0,69.7,9.0,3.0,33.33,2.0,1.0,50.0,0.0,0.0,0.0,Dame,Gueye,1995-08-12,31.08,920.0,25.0,Forward,Striker,3wz6sqia8nhpkwaioa9h5nb3d,bj8hrmj01r3zit0x8r6qm2eu2,Le Mans FC,Le Mans,Le Mans,LEM,222862,3wz6sqia8nhpkwaioa9h5nb3d,920,bj8hrmj01r3zit0x8r6qm2eu2
Daniel Semedo,725822.0,0.0,0.0,0.0,0.0,0.0,0.0,0.0,0.0,0.0,Daniel Xavier,Semedo,2003-10-25,22.87,694.0,23.0,Midfielder,Attacking Midfielder,725822,70nn27vgkt6l48lvv5e66q7ww,FC Lorient,Lorient,Lorient,FCL,0.0,0.0,0.0,0.0,0.0,0.0,0.0,0.0,0.0,0.0,0.0,0.0,0.0,0.0,0.0,0.0,0.0,0.0,0.0,0.0,0.0,,,,,,,,,,725822.0,0.0,0.0,0.0,0.0,0.0,0.0,0.0,0.0,0.0,0.0,Daniel Xavier,Semedo,2003-10-25,22.87,694.0,23.0,Midfielder,Attacking Midfielder,725822,70nn27vgkt6l48lvv5e66q7ww,FC Lorient,Lorient,Lorient,FCL,725822.0,0.0,0.0,0.0,0.0,0.0,0.0,0.0,0.0,0.0,0.0,0.0,0.0,0.0,0.0,Daniel Xavier,Semedo,2003-10-25,22.87,694.0,23.0,Midfielder,Attacking Midfielder,725822,70nn27vgkt6l48lvv5e66q7ww,FC Lorient,Lorient,Lorient,FCL,725822,725822,694,70nn27vgkt6l48lvv5e66q7ww
Danny Namaso,209049.0,2.0,148.0,1.0,1.06,-0.06,3.0,2.0,33.33,0.35,Danny,Namaso,2000-08-28,26.03,138.0,19.0,Forward,Winger,f3zl8ymo5ttze20sffzk044q1,9bxav814mkuhueiyivyive82d,Association Jeunesse Auxerroise,Auxerre,Auxerre,AJA,13.0,127.937,8.0,67.62,1.0,0.0,1.0,0.0,9.841,8.452,3.0,0.0,2.0,0.0,1.0,19.0,4.0,21.053,6.0,4.0,66.667,,,,,,,,,,209049.0,148.0,2.0,3.0,3.0,7.32,0.0,0.072,0.072,0.0,0.0,Danny,Namaso,2000-08-28,26.03,138.0,19.0,Forward,Winger,f3zl8ymo5ttze20sffzk044q1,9bxav814mkuhueiyivyive82d,Association Jeunesse Auxerroise,Auxerre,Auxerre,AJA,209049.0,148.0,2.0,43.0,36.0,83.72,25.0,20.0,80.0,1.0,0.0,0.0,0.0,0.0,0.0,Danny,Namaso,2000-08-28,26.03,138.0,19.0,Forward,Winger,f3zl8ymo5ttze20sffzk044q1,9bxav814mkuhueiyivyive82d,Association Jeunesse Auxerroise,Auxerre,Auxerre,AJA,209049,f3zl8ymo5ttze20sffzk044q1,138,9bxav814mkuhueiyivyive82d
Daouda Traoré,587082.0,0.0,0.0,0.0,0.0,0.0,0.0,0.0,0.0,0.0,Daouda,Traoré,2006-07-22,20.13,920.0,23.0,Midfielder,Central Midfielder,587082,bj8hrmj01r3zit0x8r6qm2eu2,Le Mans FC,Le Mans,Le Mans,LEM,0.0,0.0,0.0,0.0,0.0,0.0,0.0,0.0,0.0,0.0,0.0,0.0,0.0,0.0,0.0,0.0,0.0,0.0,0.0,0.0,0.0,,,,,,,,,,587082.0,0.0,0.0,0.0,0.0,0.0,0.0,0.0,0.0,0.0,0.0,Daouda,Traoré,2006-07-22,20.13,920.0,23.0,Midfielder,Central Midfielder,587082,bj8hrmj01r3zit0x8r6qm2eu2,Le Mans FC,Le Mans,Le Mans,LEM,587082.0,0.0,0.0,0.0,0.0,0.0,0.0,0.0,0.0,0.0,0.0,0.0,0.0,0.0,0.0,Daouda,Traoré,2006-07-22,20.13,920.0,23.0,Midfielder,Central Midfielder,587082,bj8hrmj01r3zit0x8r6qm2eu2,Le Mans FC,Le Mans,Le Mans,LEM,587082,587082,920,bj8hrmj01r3zit0x8r6qm2eu2
Daren Mosengo,664882.0,0.0,0.0,0.0,0.0,0.0,0.0,0.0,0.0,0.0,Daren,Mosengo,2006-08-11,20.08,141.0,78.0,Midfielder,Defensive Midfielder,664882,23pqcgxu1tip265hbe01kszbt,Le Havre AC,Le Havre,Le Havre,HAC,0.0,0.0,0.0,0.0,0.0,0.0,0.0,0.0,0.0,0.0,0.0,0.0,0.0,0.0,0.0,0.0,0.0,0.0,0.0,0.0,0.0,,,,,,,,,,664882.0,0.0,0.0,0.0,0.0,0.0,0.0,0.0,0.0,0.0,0.0,Daren,Mosengo,2006-08-11,20.08,141.0,78.0,Midfielder,Defensive Midfielder,664882,23pqcgxu1tip265hbe01kszbt,Le Havre AC,Le Havre,Le Havre,HAC,664882.0,0.0,0.0,0.0,0.0,0.0,0.0,0.0,0.0,0.0,0.0,0.0,0.0,0.0,0.0,Daren,Mosengo,2006-08-11,20.08,141.0,78.0,Midfielder,Defensive Midfielder,664882,23pqcgxu1tip265hbe01kszbt,Le Havre AC,Le Havre,Le Havre,HAC,664882,664882,141,23pqcgxu1tip265hbe01kszbt
David Odogu,571290.0,0.0,0.0,0.0,0.0,0.0,0.0,0.0,0.0,0.0,David,Odogu,2006-06-03,20.27,427.0,19.0,Defender,Central Defender,571290,4aghw9tyi8ba3ju1ne83gmf9w,Toulouse FC,Toulouse,Toulouse,TFC,0.0,0.0,0.0,0.0,0.0,0.0,0.0,0.0,0.0,0.0,0.0,0.0,0.0,0.0,0.0,0.0,0.0,0.0,0.0,0.0,0.0,,,,,,,,,,571290.0,0.0,0.0,0.0,0.0,0.0,0.0,0.0,0.0,0.0,0.0,David,Odogu,2006-06-03,20.27,427.0,19.0,Defender,Central Defender,571290,4aghw9tyi8ba3ju1ne83gmf9w,Toulouse FC,Toulouse,Toulouse,TFC,571290.0,0.0,0.0,0.0,0.0,0.0,0.0,0.0,0.0,0.0,0.0,0.0,0.0,0.0,0.0,David,Odogu,2006-06-03,20.27,427.0,19.0,Defender,Central Defender,571290,4aghw9tyi8ba3ju1ne83gmf9w,Toulouse FC,Toulouse,Toulouse,TFC,571290,571290,427,4aghw9tyi8ba3ju1ne83gmf9w
Dembo Sylla,591255.0,2.0,162.0,0.0,0.0,0.0,0.0,0.0,0.0,0.0,Dembo,Sylla,2002-11-10,23.83,694.0,20.0,Defender,Full Back,dqrtbk6lsscer7078jro6z3hm,70nn27vgkt6l48lvv5e66q7ww,FC Lorient,Lorient,Lorient,FCL,24.0,293.81,10.0,194.355,0.0,0.0,0.0,0.0,12.242,19.435,1.0,7.0,2.0,2.0,8.0,7.0,4.0,57.143,9.0,4.0,44.444,,,,,,,,,,591255.0,162.0,2.0,0.0,0.0,0.0,0.0,0.037,0.036,0.0,0.0,Dembo,Sylla,2002-11-10,23.83,694.0,20.0,Defender,Full Back,dqrtbk6lsscer7078jro6z3hm,70nn27vgkt6l48lvv5e66q7ww,FC Lorient,Lorient,Lorient,FCL,591255.0,162.0,2.0,98.0,93.0,94.9,20.0,17.0,85.0,4.0,0.0,0.0,0.0,0.0,0.0,Dembo,Sylla,2002-11-10,23.83,694.0,20.0,Defender,Full Back,dqrtbk6lsscer7078jro6z3hm,70nn27vgkt6l48lvv5e66q7ww,FC Lorient,Lorient,Lorient,FCL,591255,dqrtbk6lsscer7078jro6z3hm,694,70nn27vgkt6l48lvv5e66q7ww
Denis Zakaria,212701.0,2.0,180.0,0.0,0.08,-0.08,2.0,1.0,0.0,0.04,Denis,Zakaria,1996-11-20,29.81,146.0,6.0,Midfielder,Defensive Midfielder,2jc6sdkse1kxjztsgystidot1,4t4hod56fsj7utpjdor8so5q6,AS Monaco FC,Monaco,Monaco,ASM,11.0,119.163,5.0,51.66,1.0,0.0,0.0,0.0,10.833,10.332,3.0,1.0,5.0,2.0,6.0,12.0,8.0,66.667,3.0,1.0,33.333,,,,,,,,,,212701.0,180.0,2.0,0.0,0.0,0.0,0.0,0.052,0.052,0.0,0.0,Denis,Zakaria,1996-11-20,29.81,146.0,6.0,Midfielder,Defensive Midfielder,2jc6sdkse1kxjztsgystidot1,4t4hod56fsj7utpjdor8so5q6,AS Monaco FC,Monaco,Monaco,ASM,212701.0,180.0,2.0,65.0,58.0,89.23,10.0,9.0,90.0,1.0,0.0,0.0,0.0,0.0,0.0,Denis,Zakaria,1996-11-20,29.81,146.0,6.0,Midfielder,Defensive Midfielder,2jc6sdkse1kxjztsgystidot1,4t4hod56fsj7utpjdor8so5q6,AS Monaco FC,Monaco,Monaco,ASM,212701,2jc6sdkse1kxjztsgystidot1,146,4t4hod56fsj7utpjdor8so5q6
Derek Cornelius,228760.0,1.0,7.0,0.0,0.0,0.0,0.0,0.0,0.0,0.0,Derek,Cornelius,1997-11-25,28.79,144.0,13.0,Defender,Central Defender,7ujr3n286xjhtwsrckvkbldxx,27xvwccz8kpmqsefjv2b2sc0o,Olympique de Marseille,Olympique Marseille,Marseille,OM,2.0,16.366,2.0,16.275,0.0,0.0,0.0,0.0,8.183,8.137,0.0,1.0,1.0,0.0,0.0,0.0,0.0,0.0,0.0,0.0,0.0,,,,,,,,,,228760.0,7.0,1.0,0.0,0.0,0.0,0.0,0.001,0.001,0.0,0.0,Derek,Cornelius,1997-11-25,28.79,144.0,13.0,Defender,Central Defender,7ujr3n286xjhtwsrckvkbldxx,27xvwccz8kpmqsefjv2b2sc0o,Olympique de Marseille,Olympique Marseille,Marseille,OM,228760.0,7.0,1.0,13.0,13.0,100.0,0.0,0.0,0.0,0.0,0.0,0.0,0.0,0.0,0.0,Derek,Cornelius,1997-11-25,28.79,144.0,13.0,Defender,Central Defender,7ujr3n286xjhtwsrckvkbldxx,27xvwccz8kpmqsefjv2b2sc0o,Olympique de Marseille,Olympique Marseille,Marseille,OM,228760,7ujr3n286xjhtwsrckvkbldxx,144,27xvwccz8kpmqsefjv2b2sc0o
Dermane Karim,544821.0,1.0,12.0,0.0,0.0,0.0,0.0,0.0,0.0,0.0,Dermane,Karim,2003-12-26,22.7,154.0,29.0,Midfielder,0,6m85ntwegbkk9zkodmxka76dw,3unkqo2g6ag99gd5ynz1j7vse,Espérance Sportive Troyes Aube Champagne,Troyes,Troyes,TRO,0.0,0.0,0.0,0.0,0.0,0.0,0.0,0.0,0.0,0.0,0.0,0.0,0.0,0.0,1.0,2.0,0.0,0.0,0.0,0.0,0.0,,,,,,,,,,544821.0,12.0,1.0,0.0,0.0,0.0,0.0,0.003,0.003,0.0,0.0,Dermane,Karim,2003-12-26,22.7,154.0,29.0,Midfielder,0,6m85ntwegbkk9zkodmxka76dw,3unkqo2g6ag99gd5ynz1j7vse,Espérance Sportive Troyes Aube Champagne,Troyes,Troyes,TRO,544821.0,12.0,1.0,3.0,2.0,66.67,2.0,1.0,50.0,0.0,0.0,0.0,0.0,0.0,0.0,Dermane,Karim,2003-12-26,22.7,154.0,29.0,Midfielder,0,6m85ntwegbkk9zkodmxka76dw,3unkqo2g6ag99gd5ynz1j7vse,Espérance Sportive Troyes Aube Champagne,Troyes,Troyes,TRO,544821,6m85ntwegbkk9zkodmxka76dw,154,3unkqo2g6ag99gd5ynz1j7vse
Diego Coppola,550090.0,2.0,180.0,0.0,0.0,0.0,0.0,0.0,0.0,0.0,Diego,Coppola,2003-12-28,22.7,2338.0,42.0,Defender,Central Defender,8o8o4rxbdhv002pj0q21l0f84,8v00fx2zwhiwm05tqqkt122p5,Paris FC,Paris FC,Paris FC,PAR,19.0,143.456,7.0,53.235,0.0,0.0,0.0,0.0,7.55,7.605,5.0,1.0,8.0,1.0,17.0,7.0,6.0,85.714,10.0,3.0,30.0,,,,,,,,,,550090.0,180.0,2.0,0.0,0.0,0.0,0.0,0.029,0.029,0.0,0.0,Diego,Coppola,2003-12-28,22.7,2338.0,42.0,Defender,Central Defender,8o8o4rxbdhv002pj0q21l0f84,8v00fx2zwhiwm05tqqkt122p5,Paris FC,Paris FC,Paris FC,PAR,550090.0,180.0,2.0,171.0,153.0,89.47,14.0,8.0,57.14,0.0,0.0,0.0,0.0,0.0,0.0,Diego,Coppola,2003-12-28,22.7,2338.0,42.0,Defender,Central Defender,8o8o4rxbdhv002pj0q21l0f84,8v00fx2zwhiwm05tqqkt122p5,Paris FC,Paris FC,Paris FC,PAR,550090,8o8o4rxbdhv002pj0q21l0f84,2338,8v00fx2zwhiwm05tqqkt122p5
Dilane Bakwa,476887.0,1.0,22.0,1.0,0.04,0.96,1.0,1.0,100.0,0.04,Dilane,Bakwa,2002-08-26,24.04,429.0,18.0,Forward,Winger,jvtea24o3s6ze8etqk0rqgru,be2k34rut1lz79jxenabttqlc,Lille OSC,Lille,Lille,LIL,3.0,29.052,0.0,-3.15,0.0,0.0,0.0,0.0,9.684,0.0,1.0,0.0,1.0,0.0,0.0,3.0,1.0,33.333,0.0,0.0,0.0,,,,,,,,,,476887.0,22.0,1.0,0.0,0.0,0.0,0.0,0.004,0.004,0.0,0.0,Dilane,Bakwa,2002-08-26,24.04,429.0,18.0,Forward,Winger,jvtea24o3s6ze8etqk0rqgru,be2k34rut1lz79jxenabttqlc,Lille OSC,Lille,Lille,LIL,476887.0,22.0,1.0,6.0,6.0,100.0,1.0,1.0,100.0,0.0,0.0,0.0,0.0,0.0,0.0,Dilane,Bakwa,2002-08-26,24.04,429.0,18.0,Forward,Winger,jvtea24o3s6ze8etqk0rqgru,be2k34rut1lz79jxenabttqlc,Lille OSC,Lille,Lille,LIL,476887,jvtea24o3s6ze8etqk0rqgru,429,be2k34rut1lz79jxenabttqlc
Diogo Sousa,569691.0,2.0,159.0,0.0,0.01,-0.01,1.0,1.0,0.0,0.01,Diogo,Lobão de Sousa,2006-01-20,20.63,153.0,23.0,Midfielder,Defensive Midfielder,5jklag2n51cx568jfucefo1sk,71ajatxnuhc5cnm3xvgdky49w,RC Strasbourg Alsace,Strasbourg,Strasbourg,STR,8.0,84.331,2.0,26.355,1.0,0.0,0.0,0.0,10.541,13.178,2.0,0.0,5.0,0.0,3.0,11.0,2.0,18.182,3.0,0.0,0.0,,,,,,,,,,569691.0,159.0,2.0,1.0,1.0,1.96,0.0,0.376,0.37,0.0,0.0,Diogo,Lobão de Sousa,2006-01-20,20.63,153.0,23.0,Midfielder,Defensive Midfielder,5jklag2n51cx568jfucefo1sk,71ajatxnuhc5cnm3xvgdky49w,RC Strasbourg Alsace,Strasbourg,Strasbourg,STR,569691.0,159.0,2.0,53.0,39.0,73.58,25.0,18.0,72.0,2.0,0.0,0.0,2.0,1.0,50.0,Diogo,Lobão de Sousa,2006-01-20,20.63,153.0,23.0,Midfielder,Defensive Midfielder,5jklag2n51cx568jfucefo1sk,71ajatxnuhc5cnm3xvgdky49w,RC Strasbourg Alsace,Strasbourg,Strasbourg,STR,569691,5jklag2n51cx568jfucefo1sk,153,71ajatxnuhc5cnm3xvgdky49w
Djelan Morana,751514.0,1.0,8.0,0.0,0.0,0.0,0.0,0.0,0.0,0.0,Djelan,Morana,2008-08-05,18.09,1395.0,41.0,Forward,0,88ovuzdm9kc0e66r337fvsro4,bx0cdmzr2gwr70ez72dorx82p,OGC Nice Côte d'Azur,Nice,Nice,NIC,0.0,0.0,0.0,0.0,0.0,0.0,0.0,0.0,0.0,0.0,0.0,0.0,0.0,0.0,0.0,0.0,0.0,0.0,0.0,0.0,0.0,,,,,,,,,,751514.0,8.0,1.0,0.0,0.0,0.0,0.0,0.002,0.002,0.0,0.0,Djelan,Morana,2008-08-05,18.09,1395.0,41.0,Forward,0,88ovuzdm9kc0e66r337fvsro4,bx0cdmzr2gwr70ez72dorx82p,OGC Nice Côte d'Azur,Nice,Nice,NIC,751514.0,8.0,1.0,3.0,3.0,100.0,1.0,1.0,100.0,0.0,0.0,0.0,0.0,0.0,0.0,Djelan,Morana,2008-08-05,18.09,1395.0,41.0,Forward,0,88ovuzdm9kc0e66r337fvsro4,bx0cdmzr2gwr70ez72dorx82p,OGC Nice Côte d'Azur,Nice,Nice,NIC,751514,88ovuzdm9kc0e66r337fvsro4,1395,bx0cdmzr2gwr70ez72dorx82p
Djibril Coulibaly,658332.0,2.0,180.0,0.0,0.06,-0.06,1.0,0.0,0.0,0.06,Djibril,Coulibaly,2008-11-18,17.8,1395.0,39.0,Midfielder,0,3v4tbmgdwxn6h8h9grse37lzo,bx0cdmzr2gwr70ez72dorx82p,OGC Nice Côte d'Azur,Nice,Nice,NIC,12.0,123.977,6.0,40.53,0.0,0.0,0.0,0.0,10.331,6.755,1.0,2.0,12.0,0.0,1.0,10.0,4.0,40.0,7.0,4.0,57.143,,,,,,,,,,658332.0,180.0,2.0,3.0,3.0,4.17,0.0,0.221,0.221,0.0,0.0,Djibril,Coulibaly,2008-11-18,17.8,1395.0,39.0,Midfielder,0,3v4tbmgdwxn6h8h9grse37lzo,bx0cdmzr2gwr70ez72dorx82p,OGC Nice Côte d'Azur,Nice,Nice,NIC,658332.0,180.0,2.0,73.0,63.0,86.3,16.0,12.0,75.0,1.0,0.0,0.0,0.0,0.0,0.0,Djibril,Coulibaly,2008-11-18,17.8,1395.0,39.0,Midfielder,0,3v4tbmgdwxn6h8h9grse37lzo,bx0cdmzr2gwr70ez72dorx82p,OGC Nice Côte d'Azur,Nice,Nice,NIC,658332,3v4tbmgdwxn6h8h9grse37lzo,1395,bx0cdmzr2gwr70ez72dorx82p
Djibril Ouziad,750309.0,1.0,65.0,0.0,0.02,-0.02,1.0,0.0,0.0,0.02,Djibril,Ouziad,2007-04-27,19.37,141.0,33.0,Defender,0,c2zrg04h6qccgx692qm50yot0,23pqcgxu1tip265hbe01kszbt,Le Havre AC,Le Havre,Le Havre,HAC,9.0,111.404,5.0,16.38,0.0,0.0,0.0,0.0,12.378,3.276,2.0,1.0,3.0,0.0,3.0,8.0,5.0,62.5,4.0,1.0,25.0,,,,,,,,,,750309.0,65.0,1.0,0.0,0.0,0.0,0.0,0.046,0.045,0.0,0.0,Djibril,Ouziad,2007-04-27,19.37,141.0,33.0,Defender,0,c2zrg04h6qccgx692qm50yot0,23pqcgxu1tip265hbe01kszbt,Le Havre AC,Le Havre,Le Havre,HAC,750309.0,65.0,1.0,25.0,19.0,76.0,9.0,6.0,66.67,4.0,2.0,50.0,0.0,0.0,0.0,Djibril,Ouziad,2007-04-27,19.37,141.0,33.0,Defender,0,c2zrg04h6qccgx692qm50yot0,23pqcgxu1tip265hbe01kszbt,Le Havre AC,Le Havre,Le Havre,HAC,750309,c2zrg04h6qccgx692qm50yot0,141,23pqcgxu1tip265hbe01kszbt
Djibril Sidibé,102747.0,1.0,1.0,0.0,0.0,0.0,0.0,0.0,0.0,0.0,Djibril,Sidibé,1992-07-29,34.12,920.0,19.0,Defender,Full Back,2liyw2r4k4gwdkdz51ohws9ud,bj8hrmj01r3zit0x8r6qm2eu2,Le Mans FC,Le Mans,Le Mans,LEM,0.0,0.0,0.0,0.0,0.0,0.0,0.0,0.0,0.0,0.0,0.0,0.0,0.0,0.0,0.0,1.0,0.0,0.0,0.0,0.0,0.0,,,,,,,,,,102747.0,1.0,1.0,0.0,0.0,0.0,0.0,0.0,0.0,0.0,0.0,Djibril,Sidibé,1992-07-29,34.12,920.0,19.0,Defender,Full Back,2liyw2r4k4gwdkdz51ohws9ud,bj8hrmj01r3zit0x8r6qm2eu2,Le Mans FC,Le Mans,Le Mans,LEM,102747.0,1.0,1.0,0.0,0.0,0.0,0.0,0.0,0.0,0.0,0.0,0.0,0.0,0.0,0.0,Djibril,Sidibé,1992-07-29,34.12,920.0,19.0,Defender,Full Back,2liyw2r4k4gwdkdz51ohws9ud,bj8hrmj01r3zit0x8r6qm2eu2,Le Mans FC,Le Mans,Le Mans,LEM,102747,2liyw2r4k4gwdkdz51ohws9ud,920,bj8hrmj01r3zit0x8r6qm2eu2
Dominik Greif,,,,,,,,,,,,,,,,,,,,,,,,,,,,,,,,,,,,,,,,,,,,,,180.0,50.0,0.0,1.0,3.0,75.0,0.43,1.0,1.43,,,,,,,,,,,,,,,,,,,,,,,,,,,,,,,,,,,,,,,,,,,,,,,,,,,,,,,212873,4sz26vstr6b7b110eri7f42jt,143,121le8unjfzug3iu9pgkqa1c7
Dro Fernández,619825.0,1.0,12.0,0.0,0.0,0.0,0.0,0.0,0.0,0.0,Dro,Fernández,2008-01-12,18.65,149.0,27.0,Midfielder,Attacking Midfielder,et72bvivn2sh4gq9lb2fbsm50,2b3mar72yy8d6uvat1ka6tn3r,Paris Saint-Germain FC,Paris Saint-Germain,Paris SG,PSG,2.0,43.726,1.0,26.355,0.0,0.0,0.0,0.0,21.863,26.355,2.0,1.0,0.0,0.0,0.0,2.0,2.0,100.0,0.0,0.0,0.0,,,,,,,,,,619825.0,12.0,1.0,1.0,1.0,12.5,0.0,0.451,0.451,0.0,0.0,Dro,Fernández,2008-01-12,18.65,149.0,27.0,Midfielder,Attacking Midfielder,et72bvivn2sh4gq9lb2fbsm50,2b3mar72yy8d6uvat1ka6tn3r,Paris Saint-Germain FC,Paris Saint-Germain,Paris SG,PSG,619825.0,12.0,1.0,8.0,7.0,87.5,5.0,4.0,80.0,0.0,0.0,0.0,0.0,0.0,0.0,Dro,Fernández,2008-01-12,18.65,149.0,27.0,Midfielder,Attacking Midfielder,et72bvivn2sh4gq9lb2fbsm50,2b3mar72yy8d6uvat1ka6tn3r,Paris Saint-Germain FC,Paris Saint-Germain,Paris SG,PSG,619825,et72bvivn2sh4gq9lb2fbsm50,149,2b3mar72yy8d6uvat1ka6tn3r
Désiré Doué,570810.0,2.0,135.0,0.0,0.41,-0.41,6.0,1.0,0.0,0.07,Désiré,Doué,2005-06-03,21.27,149.0,14.0,Forward,Winger,dzv5f93w5fsnfzohaev6e3rx0,2b3mar72yy8d6uvat1ka6tn3r,Paris Saint-Germain FC,Paris Saint-Germain,Paris SG,PSG,45.0,482.899,18.0,179.025,5.0,0.0,1.0,0.0,10.731,9.946,4.0,1.0,7.0,0.0,0.0,27.0,15.0,55.556,1.0,0.0,0.0,,,,,,,,,,570810.0,135.0,2.0,2.0,2.0,2.13,0.0,0.201,0.201,0.0,0.0,Désiré,Doué,2005-06-03,21.27,149.0,14.0,Forward,Winger,dzv5f93w5fsnfzohaev6e3rx0,2b3mar72yy8d6uvat1ka6tn3r,Paris Saint-Germain FC,Paris Saint-Germain,Paris SG,PSG,570810.0,135.0,2.0,94.0,77.0,81.91,52.0,37.0,71.15,4.0,0.0,0.0,1.0,0.0,0.0,Désiré,Doué,2005-06-03,21.27,149.0,14.0,Forward,Winger,dzv5f93w5fsnfzohaev6e3rx0,2b3mar72yy8d6uvat1ka6tn3r,Paris Saint-Germain FC,Paris Saint-Germain,Paris SG,PSG,570810,dzv5f93w5fsnfzohaev6e3rx0,149,2b3mar72yy8d6uvat1ka6tn3r
Egil Selvik,,,,,,,,,,,,,,,,,,,,,,,,,,,,,,,,,,,,,,,,,,,,,,180.0,100.0,0.0,4.0,3.0,42.86,-1.3,0.5,2.7,,,,,,,,,,,,,,,,,,,,,,,,,,,,,,,,,,,,,,,,,,,,,,,,,,,,,,,477192,372ziaw03h8jne09qiwlt6bjd,862,3adj8hkws0z1al232bg2h6tk0
Elias Jelert,555929.0,1.0,20.0,0.0,0.0,0.0,0.0,0.0,0.0,0.0,Elias,Jelert,2003-06-12,23.24,141.0,12.0,Defender,Full Back,31j3z9eqoxl2qlgncgdiz1zpw,23pqcgxu1tip265hbe01kszbt,Le Havre AC,Le Havre,Le Havre,HAC,1.0,6.57,1.0,6.51,0.0,0.0,0.0,0.0,6.57,6.51,1.0,0.0,0.0,0.0,0.0,3.0,1.0,33.333,1.0,0.0,0.0,,,,,,,,,,555929.0,20.0,1.0,0.0,0.0,0.0,0.0,0.003,0.003,0.0,0.0,Elias,Jelert,2003-06-12,23.24,141.0,12.0,Defender,Full Back,31j3z9eqoxl2qlgncgdiz1zpw,23pqcgxu1tip265hbe01kszbt,Le Havre AC,Le Havre,Le Havre,HAC,555929.0,20.0,1.0,6.0,5.0,83.33,4.0,3.0,75.0,1.0,0.0,0.0,0.0,0.0,0.0,Elias,Jelert,2003-06-12,23.24,141.0,12.0,Defender,Full Back,31j3z9eqoxl2qlgncgdiz1zpw,23pqcgxu1tip265hbe01kszbt,Le Havre AC,Le Havre,Le Havre,HAC,555929,31j3z9eqoxl2qlgncgdiz1zpw,141,23pqcgxu1tip265hbe01kszbt
Eliezer Mayenda,564406.0,1.0,16.0,0.0,0.0,0.0,0.0,0.0,0.0,0.0,Eliezer,Mayenda,2005-05-08,21.34,150.0,12.0,Forward,Striker,c88btdvycx8d59x4yn1yrfqc4,z1wbqtd0fz5t5eezjvrbld3h,Stade Rennais FC,Rennes,Rennes,REN,8.0,72.117,6.0,44.94,0.0,0.0,0.0,0.0,9.015,7.49,0.0,0.0,0.0,0.0,0.0,3.0,2.0,66.667,1.0,0.0,0.0,,,,,,,,,,564406.0,16.0,1.0,1.0,1.0,10.0,0.0,0.048,0.048,0.0,0.0,Eliezer,Mayenda,2005-05-08,21.34,150.0,12.0,Forward,Striker,c88btdvycx8d59x4yn1yrfqc4,z1wbqtd0fz5t5eezjvrbld3h,Stade Rennais FC,Rennes,Rennes,REN,564406.0,16.0,1.0,10.0,8.0,80.0,4.0,3.0,75.0,1.0,0.0,0.0,0.0,0.0,0.0,Eliezer,Mayenda,2005-05-08,21.34,150.0,12.0,Forward,Striker,c88btdvycx8d59x4yn1yrfqc4,z1wbqtd0fz5t5eezjvrbld3h,Stade Rennais FC,Rennes,Rennes,REN,564406,c88btdvycx8d59x4yn1yrfqc4,150,z1wbqtd0fz5t5eezjvrbld3h
Elikya Legros,697407.0,2.0,75.0,0.0,0.0,0.0,0.0,0.0,0.0,0.0,Elikya,Legros,2008-06-06,18.25,138.0,35.0,Defender,Central Defender,8r9g7532n02dv537xj52cp4b8,9bxav814mkuhueiyivyive82d,Association Jeunesse Auxerroise,Auxerre,Auxerre,AJA,8.0,59.951,3.0,28.875,0.0,0.0,0.0,0.0,7.494,9.625,3.0,0.0,0.0,2.0,11.0,6.0,3.0,50.0,5.0,4.0,80.0,,,,,,,,,,697407.0,75.0,2.0,0.0,0.0,0.0,0.0,0.005,0.005,0.0,0.0,Elikya,Legros,2008-06-06,18.25,138.0,35.0,Defender,Central Defender,8r9g7532n02dv537xj52cp4b8,9bxav814mkuhueiyivyive82d,Association Jeunesse Auxerroise,Auxerre,Auxerre,AJA,697407.0,75.0,2.0,43.0,36.0,83.72,3.0,1.0,33.33,0.0,0.0,0.0,0.0,0.0,0.0,Elikya,Legros,2008-06-06,18.25,138.0,35.0,Defender,Central Defender,8r9g7532n02dv537xj52cp4b8,9bxav814mkuhueiyivyive82d,Association Jeunesse Auxerroise,Auxerre,Auxerre,AJA,697407,8r9g7532n02dv537xj52cp4b8,138,9bxav814mkuhueiyivyive82d
Elye Wahi,477724.0,1.0,27.0,0.0,0.08,-0.08,1.0,1.0,0.0,0.08,Elye,Wahi,2003-01-02,23.68,1395.0,0.0,Forward,0,16idj1wxzcbvuaov5duvpqhyi,bx0cdmzr2gwr70ez72dorx82p,OGC Nice Côte d'Azur,Nice,Nice,NIC,2.0,36.324,0.0,-11.55,0.0,0.0,1.0,0.0,18.162,0.0,0.0,1.0,1.0,0.0,0.0,1.0,1.0,100.0,2.0,1.0,50.0,,,,,,,,,,477724.0,27.0,1.0,1.0,1.0,16.67,0.0,0.017,0.017,0.0,0.0,Elye,Wahi,2003-01-02,23.68,1395.0,0.0,Forward,0,16idj1wxzcbvuaov5duvpqhyi,bx0cdmzr2gwr70ez72dorx82p,OGC Nice Côte d'Azur,Nice,Nice,NIC,477724.0,27.0,1.0,7.0,7.0,100.0,3.0,3.0,100.0,0.0,0.0,0.0,0.0,0.0,0.0,Elye,Wahi,2003-01-02,23.68,1395.0,0.0,Forward,0,16idj1wxzcbvuaov5duvpqhyi,bx0cdmzr2gwr70ez72dorx82p,OGC Nice Côte d'Azur,Nice,Nice,NIC,477724,16idj1wxzcbvuaov5duvpqhyi,1395,bx0cdmzr2gwr70ez72dorx82p
Elías Legendre,692877.0,0.0,0.0,0.0,0.0,0.0,0.0,0.0,0.0,0.0,Elías,Legendre,2008-04-22,18.38,150.0,35.0,Forward,Winger,692877,z1wbqtd0fz5t5eezjvrbld3h,Stade Rennais FC,Rennes,Rennes,REN,0.0,0.0,0.0,0.0,0.0,0.0,0.0,0.0,0.0,0.0,0.0,0.0,0.0,0.0,0.0,0.0,0.0,0.0,0.0,0.0,0.0,,,,,,,,,,692877.0,0.0,0.0,0.0,0.0,0.0,0.0,0.0,0.0,0.0,0.0,Elías,Legendre,2008-04-22,18.38,150.0,35.0,Forward,Winger,692877,z1wbqtd0fz5t5eezjvrbld3h,Stade Rennais FC,Rennes,Rennes,REN,692877.0,0.0,0.0,0.0,0.0,0.0,0.0,0.0,0.0,0.0,0.0,0.0,0.0,0.0,0.0,Elías,Legendre,2008-04-22,18.38,150.0,35.0,Forward,Winger,692877,z1wbqtd0fz5t5eezjvrbld3h,Stade Rennais FC,Rennes,Rennes,REN,692877,692877,150,z1wbqtd0fz5t5eezjvrbld3h
Emerson,109533.0,2.0,180.0,0.0,0.03,-0.03,1.0,1.0,0.0,0.03,Emerson,Palmieri dos Santos,1994-08-03,32.11,144.0,33.0,Defender,Full Back,8qezzr83ofw7htqufohg2fwlx,27xvwccz8kpmqsefjv2b2sc0o,Olympique de Marseille,Olympique Marseille,Marseille,OM,42.0,424.667,26.0,242.235,1.0,0.0,1.0,0.0,10.111,9.317,4.0,1.0,8.0,0.0,3.0,15.0,9.0,60.0,3.0,1.0,33.333,,,,,,,,,,109533.0,180.0,2.0,1.0,1.0,0.85,0.0,0.553,0.552,0.0,0.0,Emerson,Palmieri dos Santos,1994-08-03,32.11,144.0,33.0,Defender,Full Back,8qezzr83ofw7htqufohg2fwlx,27xvwccz8kpmqsefjv2b2sc0o,Olympique de Marseille,Olympique Marseille,Marseille,OM,109533.0,180.0,2.0,121.0,107.0,88.43,31.0,27.0,87.1,6.0,1.0,16.67,0.0,0.0,0.0,Emerson,Palmieri dos Santos,1994-08-03,32.11,144.0,33.0,Defender,Full Back,8qezzr83ofw7htqufohg2fwlx,27xvwccz8kpmqsefjv2b2sc0o,Olympique de Marseille,Olympique Marseille,Marseille,OM,109533,8qezzr83ofw7htqufohg2fwlx,144,27xvwccz8kpmqsefjv2b2sc0o
Emmanuel Biumla,606929.0,0.0,0.0,0.0,0.0,0.0,0.0,0.0,0.0,0.0,Emmanuel,Biumla,2005-05-08,21.34,2128.0,24.0,Midfielder,Defensive Midfielder,606929,75qj99fhg5c0ztj2tva5u4uii,Angers Sporting Club de l'Ouest,Angers,Angers,SCO,0.0,0.0,0.0,0.0,0.0,0.0,0.0,0.0,0.0,0.0,0.0,0.0,0.0,0.0,0.0,0.0,0.0,0.0,0.0,0.0,0.0,,,,,,,,,,606929.0,0.0,0.0,0.0,0.0,0.0,0.0,0.0,0.0,0.0,0.0,Emmanuel,Biumla,2005-05-08,21.34,2128.0,24.0,Midfielder,Defensive Midfielder,606929,75qj99fhg5c0ztj2tva5u4uii,Angers Sporting Club de l'Ouest,Angers,Angers,SCO,606929.0,0.0,0.0,0.0,0.0,0.0,0.0,0.0,0.0,0.0,0.0,0.0,0.0,0.0,0.0,Emmanuel,Biumla,2005-05-08,21.34,2128.0,24.0,Midfielder,Defensive Midfielder,606929,75qj99fhg5c0ztj2tva5u4uii,Angers Sporting Club de l'Ouest,Angers,Angers,SCO,606929,606929,2128,75qj99fhg5c0ztj2tva5u4uii
Enzo Koffi,711491.0,2.0,64.0,0.0,0.15,-0.15,3.0,2.0,0.0,0.05,Enzo,Koffi,2006-03-04,20.52,141.0,27.0,Forward,Winger,l0e40c7iatiq26mayw0ndw4,23pqcgxu1tip265hbe01kszbt,Le Havre AC,Le Havre,Le Havre,HAC,15.0,171.42,10.0,78.12,2.0,0.0,0.0,0.0,11.428,7.812,1.0,0.0,3.0,0.0,1.0,12.0,6.0,50.0,3.0,3.0,100.0,,,,,,,,,,711491.0,64.0,2.0,1.0,1.0,3.85,0.0,0.071,0.071,0.0,0.0,Enzo,Koffi,2006-03-04,20.52,141.0,27.0,Forward,Winger,l0e40c7iatiq26mayw0ndw4,23pqcgxu1tip265hbe01kszbt,Le Havre AC,Le Havre,Le Havre,HAC,711491.0,64.0,2.0,26.0,22.0,84.62,6.0,5.0,83.33,7.0,0.0,0.0,0.0,0.0,0.0,Enzo,Koffi,2006-03-04,20.52,141.0,27.0,Forward,Winger,l0e40c7iatiq26mayw0ndw4,23pqcgxu1tip265hbe01kszbt,Le Havre AC,Le Havre,Le Havre,HAC,711491,l0e40c7iatiq26mayw0ndw4,141,23pqcgxu1tip265hbe01kszbt
Eric Dier,93264.0,2.0,180.0,1.0,0.19,0.81,2.0,1.0,50.0,0.09,Eric,Dier,1994-01-15,32.65,146.0,3.0,Defender,Central Defender,az7wa6km1zhvsb8y4mndlogyd,4t4hod56fsj7utpjdor8so5q6,AS Monaco FC,Monaco,Monaco,ASM,12.0,140.76,7.0,102.9,0.0,0.0,0.0,0.0,11.73,14.7,2.0,1.0,6.0,2.0,24.0,5.0,4.0,80.0,5.0,5.0,100.0,,,,,,,,,,93264.0,180.0,2.0,1.0,0.0,0.0,0.0,0.009,0.008,1.0,0.0,Eric,Dier,1994-01-15,32.65,146.0,3.0,Defender,Central Defender,az7wa6km1zhvsb8y4mndlogyd,4t4hod56fsj7utpjdor8so5q6,AS Monaco FC,Monaco,Monaco,ASM,93264.0,180.0,2.0,80.0,70.0,87.5,9.0,5.0,55.56,0.0,0.0,0.0,0.0,0.0,0.0,Eric,Dier,1994-01-15,32.65,146.0,3.0,Defender,Central Defender,az7wa6km1zhvsb8y4mndlogyd,4t4hod56fsj7utpjdor8so5q6,AS Monaco FC,Monaco,Monaco,ASM,93264,az7wa6km1zhvsb8y4mndlogyd,146,4t4hod56fsj7utpjdor8so5q6
Ernest Nuamah,564992.0,1.0,80.0,0.0,0.12,-0.12,2.0,0.0,0.0,0.06,Ernest,Nuamah,2003-11-01,22.85,143.0,7.0,Forward,0,dom2gtnelp3yqgtnchnli0ftg,121le8unjfzug3iu9pgkqa1c7,Lyon,Olympique Lyonnais,Lyon,OL,12.0,164.541,8.0,113.715,1.0,0.0,0.0,0.0,13.712,14.214,0.0,0.0,0.0,0.0,1.0,5.0,3.0,60.0,0.0,0.0,0.0,,,,,,,,,,564992.0,80.0,1.0,2.0,2.0,7.14,0.0,0.459,0.405,0.0,0.0,Ernest,Nuamah,2003-11-01,22.85,143.0,7.0,Forward,0,dom2gtnelp3yqgtnchnli0ftg,121le8unjfzug3iu9pgkqa1c7,Lyon,Olympique Lyonnais,Lyon,OL,564992.0,80.0,1.0,30.0,26.0,86.67,21.0,17.0,80.95,0.0,0.0,0.0,0.0,0.0,0.0,Ernest,Nuamah,2003-11-01,22.85,143.0,7.0,Forward,0,dom2gtnelp3yqgtnchnli0ftg,121le8unjfzug3iu9pgkqa1c7,Lyon,Olympique Lyonnais,Lyon,OL,564992,dom2gtnelp3yqgtnchnli0ftg,143,121le8unjfzug3iu9pgkqa1c7
Erwan Colas,563115.0,1.0,27.0,0.0,0.0,0.0,0.0,0.0,0.0,0.0,Erwan,Colas,1997-04-22,29.39,920.0,28.0,Forward,Striker,aw1v5vvxcd71hgrjdov5tij56,bj8hrmj01r3zit0x8r6qm2eu2,Le Mans FC,Le Mans,Le Mans,LEM,1.0,8.184,0.0,-2.415,0.0,0.0,0.0,0.0,8.184,0.0,0.0,0.0,1.0,1.0,0.0,0.0,0.0,0.0,1.0,0.0,0.0,,,,,,,,,,563115.0,27.0,1.0,0.0,0.0,0.0,0.0,0.004,0.004,0.0,0.0,Erwan,Colas,1997-04-22,29.39,920.0,28.0,Forward,Striker,aw1v5vvxcd71hgrjdov5tij56,bj8hrmj01r3zit0x8r6qm2eu2,Le Mans FC,Le Mans,Le Mans,LEM,563115.0,27.0,1.0,5.0,1.0,20.0,4.0,1.0,25.0,0.0,0.0,0.0,0.0,0.0,0.0,Erwan,Colas,1997-04-22,29.39,920.0,28.0,Forward,Striker,aw1v5vvxcd71hgrjdov5tij56,bj8hrmj01r3zit0x8r6qm2eu2,Le Mans FC,Le Mans,Le Mans,LEM,563115,aw1v5vvxcd71hgrjdov5tij56,920,bj8hrmj01r3zit0x8r6qm2eu2
Estéban Lepaul,468658.0,2.0,180.0,3.0,1.44,1.56,8.0,5.0,37.5,0.18,Estéban,Lepaul,2000-04-18,26.39,150.0,9.0,Forward,Striker,f12l40tkknok5cqitoacfdsve,z1wbqtd0fz5t5eezjvrbld3h,Stade Rennais FC,Rennes,Rennes,REN,10.0,124.679,3.0,18.48,0.0,0.0,0.0,0.0,12.468,6.16,0.0,0.0,0.0,0.0,0.0,10.0,3.0,30.0,3.0,1.0,33.333,,,,,,,,,,468658.0,180.0,2.0,2.0,2.0,6.25,0.0,0.073,0.073,0.0,0.0,Estéban,Lepaul,2000-04-18,26.39,150.0,9.0,Forward,Striker,f12l40tkknok5cqitoacfdsve,z1wbqtd0fz5t5eezjvrbld3h,Stade Rennais FC,Rennes,Rennes,REN,468658.0,180.0,2.0,35.0,27.0,77.14,11.0,7.0,63.64,0.0,0.0,0.0,1.0,0.0,0.0,Estéban,Lepaul,2000-04-18,26.39,150.0,9.0,Forward,Striker,f12l40tkknok5cqitoacfdsve,z1wbqtd0fz5t5eezjvrbld3h,Stade Rennais FC,Rennes,Rennes,REN,468658,f12l40tkknok5cqitoacfdsve,150,z1wbqtd0fz5t5eezjvrbld3h
Ethan Mbappé,499450.0,2.0,131.0,0.0,0.56,-0.56,4.0,2.0,0.0,0.14,Ethan,Mbappé,2006-12-29,19.69,429.0,8.0,Midfielder,0,27wum5rq0cw9g7g33cbvc6kno,be2k34rut1lz79jxenabttqlc,Lille OSC,Lille,Lille,LIL,22.0,259.819,13.0,130.41,3.0,0.0,2.0,0.0,11.81,10.032,1.0,1.0,5.0,1.0,1.0,14.0,8.0,57.143,1.0,0.0,0.0,,,,,,,,,,499450.0,131.0,2.0,4.0,3.0,7.32,25.0,0.419,0.397,0.0,0.0,Ethan,Mbappé,2006-12-29,19.69,429.0,8.0,Midfielder,0,27wum5rq0cw9g7g33cbvc6kno,be2k34rut1lz79jxenabttqlc,Lille OSC,Lille,Lille,LIL,499450.0,131.0,2.0,41.0,36.0,87.8,13.0,10.0,76.92,0.0,0.0,0.0,0.0,0.0,0.0,Ethan,Mbappé,2006-12-29,19.69,429.0,8.0,Midfielder,0,27wum5rq0cw9g7g33cbvc6kno,be2k34rut1lz79jxenabttqlc,Lille OSC,Lille,Lille,LIL,499450,27wum5rq0cw9g7g33cbvc6kno,429,be2k34rut1lz79jxenabttqlc
Evan Mailly,673089.0,0.0,0.0,0.0,0.0,0.0,0.0,0.0,0.0,0.0,Evan,Mailly,2007-11-09,18.83,862.0,34.0,Defender,0,673089,3adj8hkws0z1al232bg2h6tk0,Stade Brestois 29,Brest,Brest,BRE,0.0,0.0,0.0,0.0,0.0,0.0,0.0,0.0,0.0,0.0,0.0,0.0,0.0,0.0,0.0,0.0,0.0,0.0,0.0,0.0,0.0,,,,,,,,,,673089.0,0.0,0.0,0.0,0.0,0.0,0.0,0.0,0.0,0.0,0.0,Evan,Mailly,2007-11-09,18.83,862.0,34.0,Defender,0,673089,3adj8hkws0z1al232bg2h6tk0,Stade Brestois 29,Brest,Brest,BRE,673089.0,0.0,0.0,0.0,0.0,0.0,0.0,0.0,0.0,0.0,0.0,0.0,0.0,0.0,0.0,Evan,Mailly,2007-11-09,18.83,862.0,34.0,Defender,0,673089,3adj8hkws0z1al232bg2h6tk0,Stade Brestois 29,Brest,Brest,BRE,673089,673089,862,3adj8hkws0z1al232bg2h6tk0
Everton Pereira,632699.0,1.0,90.0,0.0,0.0,0.0,0.0,0.0,0.0,0.0,Everton,Pereira,2007-04-12,19.41,1395.0,87.0,Midfielder,Defensive Midfielder,cv763bry7r833k7qg7ah5ek2c,bx0cdmzr2gwr70ez72dorx82p,OGC Nice Côte d'Azur,Nice,Nice,NIC,4.0,34.725,1.0,-1.995,0.0,0.0,0.0,0.0,8.681,-1.995,2.0,0.0,6.0,0.0,1.0,5.0,3.0,60.0,2.0,2.0,100.0,,,,,,,,,,632699.0,90.0,1.0,0.0,0.0,0.0,0.0,0.014,0.014,0.0,0.0,Everton,Pereira,2007-04-12,19.41,1395.0,87.0,Midfielder,Defensive Midfielder,cv763bry7r833k7qg7ah5ek2c,bx0cdmzr2gwr70ez72dorx82p,OGC Nice Côte d'Azur,Nice,Nice,NIC,632699.0,90.0,1.0,29.0,27.0,93.1,8.0,7.0,87.5,0.0,0.0,0.0,0.0,0.0,0.0,Everton,Pereira,2007-04-12,19.41,1395.0,87.0,Midfielder,Defensive Midfielder,cv763bry7r833k7qg7ah5ek2c,bx0cdmzr2gwr70ez72dorx82p,OGC Nice Côte d'Azur,Nice,Nice,NIC,632699,cv763bry7r833k7qg7ah5ek2c,1395,bx0cdmzr2gwr70ez72dorx82p
Ewan Hatfout,,,,,,,,,,,,,,,,,,,,,,,,,,,,,,,,,,,,,,,,,,,,,,180.0,5.0,0.0,1.0,0.0,0.0,-0.24,0.0,0.76,,,,,,,,,,,,,,,,,,,,,,,,,,,,,,,,,,,,,,,,,,,,,,,,,,,,,,,498382,4su8rzwsm3jcvjqk4ranq1k6i,920,bj8hrmj01r3zit0x8r6qm2eu2
Fabio Baldé,576786.0,2.0,12.0,0.0,0.0,0.0,0.0,0.0,0.0,0.0,Fabio Amado Uri,Baldé,2005-07-20,21.14,153.0,19.0,Forward,Winger,5tg6w4wmwtiwvdvsmju5svdhw,71ajatxnuhc5cnm3xvgdky49w,RC Strasbourg Alsace,Strasbourg,Strasbourg,STR,3.0,36.74,2.0,20.895,0.0,0.0,0.0,0.0,12.247,10.448,0.0,0.0,1.0,0.0,0.0,2.0,1.0,50.0,1.0,0.0,0.0,,,,,,,,,,576786.0,12.0,2.0,1.0,1.0,33.33,0.0,0.001,0.001,0.0,0.0,Fabio Amado Uri,Baldé,2005-07-20,21.14,153.0,19.0,Forward,Winger,5tg6w4wmwtiwvdvsmju5svdhw,71ajatxnuhc5cnm3xvgdky49w,RC Strasbourg Alsace,Strasbourg,Strasbourg,STR,576786.0,12.0,2.0,3.0,3.0,100.0,1.0,1.0,100.0,1.0,0.0,0.0,0.0,0.0,0.0,Fabio Amado Uri,Baldé,2005-07-20,21.14,153.0,19.0,Forward,Winger,5tg6w4wmwtiwvdvsmju5svdhw,71ajatxnuhc5cnm3xvgdky49w,RC Strasbourg Alsace,Strasbourg,Strasbourg,STR,576786,5tg6w4wmwtiwvdvsmju5svdhw,153,71ajatxnuhc5cnm3xvgdky49w
Fabián Ruiz,201379.0,2.0,102.0,0.0,0.09,-0.09,1.0,1.0,0.0,0.09,Fabián,Ruiz,1996-04-03,30.44,149.0,8.0,Midfielder,Attacking Midfielder,f3v58fkymhrprt5gs0ccm29xx,2b3mar72yy8d6uvat1ka6tn3r,Paris Saint-Germain FC,Paris Saint-Germain,Paris SG,PSG,17.0,152.693,10.0,58.485,0.0,0.0,2.0,1.0,8.982,5.848,4.0,1.0,5.0,0.0,0.0,10.0,8.0,80.0,0.0,0.0,0.0,,,,,,,,,,201379.0,102.0,2.0,5.0,5.0,3.61,0.0,0.399,0.399,2.0,2.0,Fabián,Ruiz,1996-04-03,30.44,149.0,8.0,Midfielder,Attacking Midfielder,f3v58fkymhrprt5gs0ccm29xx,2b3mar72yy8d6uvat1ka6tn3r,Paris Saint-Germain FC,Paris Saint-Germain,Paris SG,PSG,201379.0,102.0,2.0,84.0,77.0,91.67,32.0,28.0,87.5,3.0,1.0,33.33,1.0,1.0,100.0,Fabián,Ruiz,1996-04-03,30.44,149.0,8.0,Midfielder,Attacking Midfielder,f3v58fkymhrprt5gs0ccm29xx,2b3mar72yy8d6uvat1ka6tn3r,Paris Saint-Germain FC,Paris Saint-Germain,Paris SG,PSG,201379,f3v58fkymhrprt5gs0ccm29xx,149,2b3mar72yy8d6uvat1ka6tn3r
Faris Moumbagna,457269.0,1.0,5.0,0.0,0.27,-0.27,1.0,0.0,0.0,0.27,Faris,Moumbagna,2000-07-01,26.19,144.0,29.0,Forward,Striker,4bntcltsmr5ymc4f8eme1v1ii,27xvwccz8kpmqsefjv2b2sc0o,Olympique de Marseille,Olympique Marseille,Marseille,OM,0.0,0.0,0.0,0.0,0.0,0.0,0.0,0.0,0.0,0.0,0.0,0.0,0.0,0.0,0.0,0.0,0.0,0.0,1.0,0.0,0.0,,,,,,,,,,457269.0,5.0,1.0,0.0,0.0,0.0,0.0,0.0,0.0,0.0,0.0,Faris,Moumbagna,2000-07-01,26.19,144.0,29.0,Forward,Striker,4bntcltsmr5ymc4f8eme1v1ii,27xvwccz8kpmqsefjv2b2sc0o,Olympique de Marseille,Olympique Marseille,Marseille,OM,457269.0,5.0,1.0,0.0,0.0,0.0,0.0,0.0,0.0,0.0,0.0,0.0,0.0,0.0,0.0,Faris,Moumbagna,2000-07-01,26.19,144.0,29.0,Forward,Striker,4bntcltsmr5ymc4f8eme1v1ii,27xvwccz8kpmqsefjv2b2sc0o,Olympique de Marseille,Olympique Marseille,Marseille,OM,457269,4bntcltsmr5ymc4f8eme1v1ii,144,27xvwccz8kpmqsefjv2b2sc0o
Felix Bacher,459633.0,2.0,180.0,0.0,0.06,-0.06,1.0,0.0,0.0,0.06,Felix,Bacher,2000-10-25,25.87,143.0,20.0,Defender,Central Defender,bx16v7vdlpv2av8v7576ua2qy,121le8unjfzug3iu9pgkqa1c7,Lyon,Olympique Lyonnais,Lyon,OL,55.0,593.727,39.0,421.995,0.0,0.0,0.0,0.0,10.795,10.82,2.0,1.0,3.0,1.0,7.0,5.0,3.0,60.0,6.0,1.0,16.667,,,,,,,,,,459633.0,180.0,2.0,1.0,1.0,0.82,0.0,0.021,0.021,0.0,0.0,Felix,Bacher,2000-10-25,25.87,143.0,20.0,Defender,Central Defender,bx16v7vdlpv2av8v7576ua2qy,121le8unjfzug3iu9pgkqa1c7,Lyon,Olympique Lyonnais,Lyon,OL,459633.0,180.0,2.0,130.0,122.0,93.85,11.0,9.0,81.82,0.0,0.0,0.0,0.0,0.0,0.0,Felix,Bacher,2000-10-25,25.87,143.0,20.0,Defender,Central Defender,bx16v7vdlpv2av8v7576ua2qy,121le8unjfzug3iu9pgkqa1c7,Lyon,Olympique Lyonnais,Lyon,OL,459633,bx16v7vdlpv2av8v7576ua2qy,143,121le8unjfzug3iu9pgkqa1c7
Ferran Torres,224444.0,2.0,117.0,2.0,1.39,0.61,5.0,2.0,40.0,0.28,Ferran,Torres,2000-02-29,26.53,149.0,9.0,Forward,Attacking Midfielder,2szgrzcosfeifh664tgt3mfvt,2b3mar72yy8d6uvat1ka6tn3r,Paris Saint-Germain FC,Paris Saint-Germain,Paris SG,PSG,4.0,28.17,0.0,-4.725,1.0,1.0,0.0,0.0,7.042,0.0,0.0,2.0,3.0,0.0,0.0,4.0,2.0,50.0,3.0,1.0,33.333,,,,,,,,,,224444.0,117.0,2.0,1.0,1.0,4.17,0.0,0.026,0.026,0.0,0.0,Ferran,Torres,2000-02-29,26.53,149.0,9.0,Forward,Attacking Midfielder,2szgrzcosfeifh664tgt3mfvt,2b3mar72yy8d6uvat1ka6tn3r,Paris Saint-Germain FC,Paris Saint-Germain,Paris SG,PSG,224444.0,117.0,2.0,24.0,19.0,79.17,13.0,9.0,69.23,3.0,0.0,0.0,0.0,0.0,0.0,Ferran,Torres,2000-02-29,26.53,149.0,9.0,Forward,Attacking Midfielder,2szgrzcosfeifh664tgt3mfvt,2b3mar72yy8d6uvat1ka6tn3r,Paris Saint-Germain FC,Paris Saint-Germain,Paris SG,PSG,224444,2szgrzcosfeifh664tgt3mfvt,149,2b3mar72yy8d6uvat1ka6tn3r
Filip Jörgensen,,,,,,,,,,,,,,,,,,,,,,,,,,,,,,,,,,,,,,,,,,,,,,180.0,100.0,0.0,5.0,10.0,66.67,-1.24,0.6,3.76,,,,,,,,,,,,,,,,,,,,,,,,,,,,,,,,,,,,,,,,,,,,,,,,,,,,,,,508479,eiqcjlj9kmitoj8g50vaglawa,153,71ajatxnuhc5cnm3xvgdky49w
Florian Sotoca,204188.0,1.0,1.0,0.0,0.33,-0.33,2.0,1.0,0.0,0.17,Florian,Sotoca,1990-10-25,35.88,142.0,7.0,Forward,Striker,7izciy79i6d6h7usfr8mcmh91,3xedluek08t2ka7oypwuullcn,Racing Club de Lens,Lens,Lens,RCL,0.0,0.0,0.0,0.0,0.0,0.0,0.0,0.0,0.0,0.0,0.0,0.0,0.0,0.0,0.0,0.0,0.0,0.0,0.0,0.0,0.0,,,,,,,,,,204188.0,1.0,1.0,0.0,0.0,0.0,0.0,0.0,0.0,0.0,0.0,Florian,Sotoca,1990-10-25,35.88,142.0,7.0,Forward,Striker,7izciy79i6d6h7usfr8mcmh91,3xedluek08t2ka7oypwuullcn,Racing Club de Lens,Lens,Lens,RCL,204188.0,1.0,1.0,0.0,0.0,0.0,0.0,0.0,0.0,0.0,0.0,0.0,0.0,0.0,0.0,Florian,Sotoca,1990-10-25,35.88,142.0,7.0,Forward,Striker,7izciy79i6d6h7usfr8mcmh91,3xedluek08t2ka7oypwuullcn,Racing Club de Lens,Lens,Lens,RCL,204188,7izciy79i6d6h7usfr8mcmh91,142,3xedluek08t2ka7oypwuullcn
Florian Thauvin,95434.0,2.0,180.0,3.0,2.42,0.58,4.0,4.0,75.0,0.61,Florian,Thauvin,1993-01-26,33.62,142.0,10.0,Forward,Winger,8shwa0k28rt5duyrhuqza1hhx,3xedluek08t2ka7oypwuullcn,Racing Club de Lens,Lens,Lens,RCL,25.0,296.585,11.0,99.645,0.0,0.0,1.0,0.0,11.863,9.059,1.0,0.0,4.0,0.0,0.0,17.0,7.0,41.176,0.0,0.0,0.0,,,,,,,,,,95434.0,180.0,2.0,6.0,3.0,3.08,50.0,0.883,0.794,1.0,1.0,Florian,Thauvin,1993-01-26,33.62,142.0,10.0,Forward,Winger,8shwa0k28rt5duyrhuqza1hhx,3xedluek08t2ka7oypwuullcn,Racing Club de Lens,Lens,Lens,RCL,95434.0,180.0,2.0,72.0,58.0,80.56,31.0,23.0,74.19,3.0,0.0,0.0,2.0,1.0,50.0,Florian,Thauvin,1993-01-26,33.62,142.0,10.0,Forward,Winger,8shwa0k28rt5duyrhuqza1hhx,3xedluek08t2ka7oypwuullcn,Racing Club de Lens,Lens,Lens,RCL,95434,8shwa0k28rt5duyrhuqza1hhx,142,3xedluek08t2ka7oypwuullcn
Flávio Nazinho,483078.0,2.0,170.0,0.0,0.0,0.0,0.0,0.0,0.0,0.0,Flávio,Basilua Jacinto Nazinho,2003-07-20,23.14,146.0,20.0,Defender,Full Back,7mg9ycwc9ay4fdedl0dpp5nca,4t4hod56fsj7utpjdor8so5q6,AS Monaco FC,Monaco,Monaco,ASM,14.0,121.593,7.0,74.76,0.0,0.0,1.0,0.0,8.685,10.68,5.0,5.0,4.0,2.0,4.0,11.0,6.0,54.545,2.0,2.0,100.0,,,,,,,,,,483078.0,170.0,2.0,3.0,1.0,1.35,33.33,0.332,0.063,1.0,0.0,Flávio,Basilua Jacinto Nazinho,2003-07-20,23.14,146.0,20.0,Defender,Full Back,7mg9ycwc9ay4fdedl0dpp5nca,4t4hod56fsj7utpjdor8so5q6,AS Monaco FC,Monaco,Monaco,ASM,483078.0,170.0,2.0,76.0,64.0,84.21,20.0,15.0,75.0,3.0,0.0,0.0,0.0,0.0,0.0,Flávio,Basilua Jacinto Nazinho,2003-07-20,23.14,146.0,20.0,Defender,Full Back,7mg9ycwc9ay4fdedl0dpp5nca,4t4hod56fsj7utpjdor8so5q6,AS Monaco FC,Monaco,Monaco,ASM,483078,7mg9ycwc9ay4fdedl0dpp5nca,146,4t4hod56fsj7utpjdor8so5q6
Fodé Doucouré,512759.0,2.0,95.0,0.0,0.09,-0.09,2.0,0.0,0.0,0.05,Fodé,Doucouré,2001-02-03,25.6,141.0,13.0,Defender,Full Back,2xpoljxhc1nnjveb06ipqvpt6,23pqcgxu1tip265hbe01kszbt,Le Havre AC,Le Havre,Le Havre,HAC,12.0,119.999,8.0,77.28,0.0,0.0,1.0,0.0,10.0,9.66,1.0,4.0,3.0,0.0,0.0,6.0,2.0,33.333,2.0,0.0,0.0,,,,,,,,,,512759.0,95.0,2.0,2.0,2.0,3.03,0.0,0.288,0.288,1.0,1.0,Fodé,Doucouré,2001-02-03,25.6,141.0,13.0,Defender,Full Back,2xpoljxhc1nnjveb06ipqvpt6,23pqcgxu1tip265hbe01kszbt,Le Havre AC,Le Havre,Le Havre,HAC,512759.0,95.0,2.0,33.0,23.0,69.7,13.0,10.0,76.92,3.0,1.0,33.33,0.0,0.0,0.0,Fodé,Doucouré,2001-02-03,25.6,141.0,13.0,Defender,Full Back,2xpoljxhc1nnjveb06ipqvpt6,23pqcgxu1tip265hbe01kszbt,Le Havre AC,Le Havre,Le Havre,HAC,512759,2xpoljxhc1nnjveb06ipqvpt6,141,23pqcgxu1tip265hbe01kszbt
Franjo Ivanovic,515168.0,2.0,135.0,1.0,0.42,0.58,4.0,3.0,25.0,0.11,Franjo,Ivanovic,2003-10-01,22.94,142.0,29.0,Forward,Striker,amuqk3xvo87ppk7fz39cg0pre,3xedluek08t2ka7oypwuullcn,Racing Club de Lens,Lens,Lens,RCL,15.0,193.741,9.0,125.685,2.0,1.0,0.0,0.0,12.916,13.965,3.0,0.0,0.0,0.0,1.0,20.0,11.0,55.0,4.0,2.0,50.0,,,,,,,,,,515168.0,135.0,2.0,1.0,1.0,5.0,0.0,0.114,0.114,0.0,0.0,Franjo,Ivanovic,2003-10-01,22.94,142.0,29.0,Forward,Striker,amuqk3xvo87ppk7fz39cg0pre,3xedluek08t2ka7oypwuullcn,Racing Club de Lens,Lens,Lens,RCL,515168.0,135.0,2.0,21.0,16.0,76.19,10.0,6.0,60.0,0.0,0.0,0.0,0.0,0.0,0.0,Franjo,Ivanovic,2003-10-01,22.94,142.0,29.0,Forward,Striker,amuqk3xvo87ppk7fz39cg0pre,3xedluek08t2ka7oypwuullcn,Racing Club de Lens,Lens,Lens,RCL,515168,amuqk3xvo87ppk7fz39cg0pre,142,3xedluek08t2ka7oypwuullcn
Fredrik Oppegård,464984.0,1.0,29.0,0.0,0.0,0.0,0.0,0.0,0.0,0.0,Fredrik,Oppegård,2002-08-07,24.09,138.0,22.0,Defender,Full Back,cm78w42nflwgvshpnok680mlm,9bxav814mkuhueiyivyive82d,Association Jeunesse Auxerroise,Auxerre,Auxerre,AJA,4.0,33.856,3.0,11.55,0.0,0.0,0.0,0.0,8.464,3.85,0.0,2.0,2.0,1.0,1.0,3.0,0.0,0.0,1.0,0.0,0.0,,,,,,,,,,464984.0,29.0,1.0,0.0,0.0,0.0,0.0,0.006,0.006,0.0,0.0,Fredrik,Oppegård,2002-08-07,24.09,138.0,22.0,Defender,Full Back,cm78w42nflwgvshpnok680mlm,9bxav814mkuhueiyivyive82d,Association Jeunesse Auxerroise,Auxerre,Auxerre,AJA,464984.0,29.0,1.0,15.0,12.0,80.0,5.0,3.0,60.0,0.0,0.0,0.0,0.0,0.0,0.0,Fredrik,Oppegård,2002-08-07,24.09,138.0,22.0,Defender,Full Back,cm78w42nflwgvshpnok680mlm,9bxav814mkuhueiyivyive82d,Association Jeunesse Auxerroise,Auxerre,Auxerre,AJA,464984,cm78w42nflwgvshpnok680mlm,138,9bxav814mkuhueiyivyive82d
Félix Correia,449991.0,2.0,94.0,0.0,0.1,-0.1,1.0,0.0,0.0,0.1,Félix Alexandre,Andrade Sanches Correia,2001-01-22,25.63,429.0,27.0,Forward,Winger,5ikeslw81x2em97k79crmhh0q,be2k34rut1lz79jxenabttqlc,Lille OSC,Lille,Lille,LIL,8.0,79.355,5.0,21.105,1.0,0.0,0.0,0.0,9.919,4.221,1.0,3.0,7.0,1.0,2.0,6.0,2.0,33.333,0.0,0.0,0.0,,,,,,,,,,449991.0,94.0,2.0,0.0,0.0,0.0,0.0,0.183,0.183,0.0,0.0,Félix Alexandre,Andrade Sanches Correia,2001-01-22,25.63,429.0,27.0,Forward,Winger,5ikeslw81x2em97k79crmhh0q,be2k34rut1lz79jxenabttqlc,Lille OSC,Lille,Lille,LIL,449991.0,94.0,2.0,30.0,27.0,90.0,6.0,5.0,83.33,0.0,0.0,0.0,1.0,1.0,100.0,Félix Alexandre,Andrade Sanches Correia,2001-01-22,25.63,429.0,27.0,Forward,Winger,5ikeslw81x2em97k79crmhh0q,be2k34rut1lz79jxenabttqlc,Lille OSC,Lille,Lille,LIL,449991,5ikeslw81x2em97k79crmhh0q,429,be2k34rut1lz79jxenabttqlc
Gabin Bernardeau,665234.0,2.0,135.0,0.0,0.21,-0.21,3.0,1.0,0.0,0.07,Gabin,Bernardeau,2006-01-24,20.62,694.0,33.0,Midfielder,Attacking Midfielder,3rzjr8wdopfb1xj0d7sq0vrpw,70nn27vgkt6l48lvv5e66q7ww,FC Lorient,Lorient,Lorient,FCL,16.0,164.787,8.0,40.32,2.0,0.0,1.0,0.0,10.299,5.04,2.0,1.0,4.0,0.0,1.0,14.0,7.0,50.0,2.0,0.0,0.0,,,,,,,,,,665234.0,135.0,2.0,3.0,2.0,5.13,33.33,0.565,0.482,0.0,0.0,Gabin,Bernardeau,2006-01-24,20.62,694.0,33.0,Midfielder,Attacking Midfielder,3rzjr8wdopfb1xj0d7sq0vrpw,70nn27vgkt6l48lvv5e66q7ww,FC Lorient,Lorient,Lorient,FCL,665234.0,135.0,2.0,42.0,24.0,57.14,23.0,10.0,43.48,3.0,2.0,66.67,0.0,0.0,0.0,Gabin,Bernardeau,2006-01-24,20.62,694.0,33.0,Midfielder,Attacking Midfielder,3rzjr8wdopfb1xj0d7sq0vrpw,70nn27vgkt6l48lvv5e66q7ww,FC Lorient,Lorient,Lorient,FCL,665234,3rzjr8wdopfb1xj0d7sq0vrpw,694,70nn27vgkt6l48lvv5e66q7ww
Gauthier Hein,232182.0,2.0,180.0,0.0,0.06,-0.06,2.0,0.0,0.0,0.03,Gauthier,Hein,1996-08-07,30.09,1395.0,7.0,Midfielder,Winger,co59rv08x22hk5itwibbwq191,bx0cdmzr2gwr70ez72dorx82p,OGC Nice Côte d'Azur,Nice,Nice,NIC,36.0,385.548,16.0,142.17,0.0,0.0,1.0,0.0,10.71,8.886,1.0,1.0,2.0,0.0,0.0,11.0,1.0,9.091,2.0,0.0,0.0,,,,,,,,,,232182.0,180.0,2.0,3.0,2.0,1.41,33.33,0.227,0.163,0.0,0.0,Gauthier,Hein,1996-08-07,30.09,1395.0,7.0,Midfielder,Winger,co59rv08x22hk5itwibbwq191,bx0cdmzr2gwr70ez72dorx82p,OGC Nice Côte d'Azur,Nice,Nice,NIC,232182.0,180.0,2.0,144.0,129.0,89.58,78.0,66.0,84.62,5.0,0.0,0.0,0.0,0.0,0.0,Gauthier,Hein,1996-08-07,30.09,1395.0,7.0,Midfielder,Winger,co59rv08x22hk5itwibbwq191,bx0cdmzr2gwr70ez72dorx82p,OGC Nice Côte d'Azur,Nice,Nice,NIC,232182,co59rv08x22hk5itwibbwq191,1395,bx0cdmzr2gwr70ez72dorx82p
Gautier Lloris,141109.0,1.0,83.0,0.0,0.07,-0.07,1.0,0.0,0.0,0.07,Gautier,Lloris,1995-07-18,31.15,862.0,4.0,Defender,Central Defender,9vk8oyt5lma4ir9tbi3uvlrdh,3adj8hkws0z1al232bg2h6tk0,Stade Brestois 29,Brest,Brest,BRE,10.0,86.591,5.0,49.14,0.0,0.0,0.0,0.0,8.659,9.828,0.0,1.0,4.0,0.0,5.0,0.0,0.0,0.0,7.0,5.0,71.429,,,,,,,,,,141109.0,83.0,1.0,0.0,0.0,0.0,0.0,0.003,0.003,0.0,0.0,Gautier,Lloris,1995-07-18,31.15,862.0,4.0,Defender,Central Defender,9vk8oyt5lma4ir9tbi3uvlrdh,3adj8hkws0z1al232bg2h6tk0,Stade Brestois 29,Brest,Brest,BRE,141109.0,83.0,1.0,52.0,47.0,90.38,6.0,3.0,50.0,0.0,0.0,0.0,0.0,0.0,0.0,Gautier,Lloris,1995-07-18,31.15,862.0,4.0,Defender,Central Defender,9vk8oyt5lma4ir9tbi3uvlrdh,3adj8hkws0z1al232bg2h6tk0,Stade Brestois 29,Brest,Brest,BRE,141109,9vk8oyt5lma4ir9tbi3uvlrdh,862,3adj8hkws0z1al232bg2h6tk0
Gaëtan Perrin,220560.0,2.0,56.0,0.0,0.0,0.0,0.0,0.0,0.0,0.0,Gaëtan,Perrin,1996-06-07,30.26,429.0,28.0,Forward,Winger,6gdoxudvl1rgcn7d19e89p9ed,be2k34rut1lz79jxenabttqlc,Lille OSC,Lille,Lille,LIL,6.0,63.416,2.0,14.7,0.0,0.0,0.0,0.0,10.569,7.35,2.0,0.0,3.0,0.0,1.0,6.0,3.0,50.0,2.0,1.0,50.0,,,,,,,,,,220560.0,56.0,2.0,0.0,0.0,0.0,0.0,0.012,0.012,0.0,0.0,Gaëtan,Perrin,1996-06-07,30.26,429.0,28.0,Forward,Winger,6gdoxudvl1rgcn7d19e89p9ed,be2k34rut1lz79jxenabttqlc,Lille OSC,Lille,Lille,LIL,220560.0,56.0,2.0,12.0,11.0,91.67,4.0,3.0,75.0,0.0,0.0,0.0,0.0,0.0,0.0,Gaëtan,Perrin,1996-06-07,30.26,429.0,28.0,Forward,Winger,6gdoxudvl1rgcn7d19e89p9ed,be2k34rut1lz79jxenabttqlc,Lille OSC,Lille,Lille,LIL,220560,6gdoxudvl1rgcn7d19e89p9ed,429,be2k34rut1lz79jxenabttqlc
Genesis Antwi,591382.0,2.0,169.0,0.0,0.0,0.0,0.0,0.0,0.0,0.0,Genesis,Antwi,2007-05-11,19.33,153.0,26.0,Defender,Full Back,6xtgpb1avbypyk8cql8znph5g,71ajatxnuhc5cnm3xvgdky49w,RC Strasbourg Alsace,Strasbourg,Strasbourg,STR,18.0,170.668,5.0,3.57,0.0,0.0,0.0,0.0,9.482,0.714,3.0,1.0,6.0,0.0,3.0,6.0,4.0,66.667,3.0,1.0,33.333,,,,,,,,,,591382.0,169.0,2.0,0.0,0.0,0.0,0.0,0.038,0.038,0.0,0.0,Genesis,Antwi,2007-05-11,19.33,153.0,26.0,Defender,Full Back,6xtgpb1avbypyk8cql8znph5g,71ajatxnuhc5cnm3xvgdky49w,RC Strasbourg Alsace,Strasbourg,Strasbourg,STR,591382.0,169.0,2.0,59.0,53.0,89.83,12.0,10.0,83.33,3.0,1.0,33.33,0.0,0.0,0.0,Genesis,Antwi,2007-05-11,19.33,153.0,26.0,Defender,Full Back,6xtgpb1avbypyk8cql8znph5g,71ajatxnuhc5cnm3xvgdky49w,RC Strasbourg Alsace,Strasbourg,Strasbourg,STR,591382,6xtgpb1avbypyk8cql8znph5g,153,71ajatxnuhc5cnm3xvgdky49w
Geoffrey Kondogbia,88754.0,2.0,141.0,0.0,0.0,0.0,0.0,0.0,0.0,0.0,Geoffrey,Kondogbia,1993-02-15,33.57,144.0,19.0,Midfielder,Central Midfielder,58qeglyxdi7y8ttg8sddv8set,27xvwccz8kpmqsefjv2b2sc0o,Olympique de Marseille,Olympique Marseille,Marseille,OM,34.0,346.183,16.0,168.63,0.0,0.0,0.0,0.0,10.182,10.539,6.0,3.0,8.0,1.0,5.0,10.0,6.0,60.0,3.0,1.0,33.333,,,,,,,,,,88754.0,141.0,2.0,0.0,0.0,0.0,0.0,0.01,0.01,0.0,0.0,Geoffrey,Kondogbia,1993-02-15,33.57,144.0,19.0,Midfielder,Central Midfielder,58qeglyxdi7y8ttg8sddv8set,27xvwccz8kpmqsefjv2b2sc0o,Olympique de Marseille,Olympique Marseille,Marseille,OM,88754.0,141.0,2.0,127.0,120.0,94.49,8.0,5.0,62.5,0.0,0.0,0.0,0.0,0.0,0.0,Geoffrey,Kondogbia,1993-02-15,33.57,144.0,19.0,Midfielder,Central Midfielder,58qeglyxdi7y8ttg8sddv8set,27xvwccz8kpmqsefjv2b2sc0o,Olympique de Marseille,Olympique Marseille,Marseille,OM,88754,58qeglyxdi7y8ttg8sddv8set,144,27xvwccz8kpmqsefjv2b2sc0o
Gessime Yassine,645598.0,2.0,179.0,2.0,0.47,1.53,5.0,3.0,40.0,0.09,Gessime,Yassine,2005-11-22,20.79,153.0,80.0,Forward,Winger,15nu0pkl5nko4fpoyf1j9e87o,71ajatxnuhc5cnm3xvgdky49w,RC Strasbourg Alsace,Strasbourg,Strasbourg,STR,33.0,347.258,16.0,175.875,0.0,0.0,1.0,0.0,10.523,10.992,2.0,1.0,14.0,0.0,2.0,29.0,17.0,58.621,1.0,1.0,100.0,,,,,,,,,,645598.0,179.0,2.0,1.0,1.0,2.27,0.0,0.403,0.403,0.0,0.0,Gessime,Yassine,2005-11-22,20.79,153.0,80.0,Forward,Winger,15nu0pkl5nko4fpoyf1j9e87o,71ajatxnuhc5cnm3xvgdky49w,RC Strasbourg Alsace,Strasbourg,Strasbourg,STR,645598.0,179.0,2.0,44.0,36.0,81.82,20.0,13.0,65.0,5.0,2.0,40.0,1.0,0.0,0.0,Gessime,Yassine,2005-11-22,20.79,153.0,80.0,Forward,Winger,15nu0pkl5nko4fpoyf1j9e87o,71ajatxnuhc5cnm3xvgdky49w,RC Strasbourg Alsace,Strasbourg,Strasbourg,STR,645598,15nu0pkl5nko4fpoyf1j9e87o,153,71ajatxnuhc5cnm3xvgdky49w
Ghianny Kodia,691255.0,0.0,0.0,0.0,0.0,0.0,0.0,0.0,0.0,0.0,Ghianny,Kodia,2007-09-03,19.01,153.0,37.0,Forward,Winger,691255,71ajatxnuhc5cnm3xvgdky49w,RC Strasbourg Alsace,Strasbourg,Strasbourg,STR,0.0,0.0,0.0,0.0,0.0,0.0,0.0,0.0,0.0,0.0,0.0,0.0,0.0,0.0,0.0,0.0,0.0,0.0,0.0,0.0,0.0,,,,,,,,,,691255.0,0.0,0.0,0.0,0.0,0.0,0.0,0.0,0.0,0.0,0.0,Ghianny,Kodia,2007-09-03,19.01,153.0,37.0,Forward,Winger,691255,71ajatxnuhc5cnm3xvgdky49w,RC Strasbourg Alsace,Strasbourg,Strasbourg,STR,691255.0,0.0,0.0,0.0,0.0,0.0,0.0,0.0,0.0,0.0,0.0,0.0,0.0,0.0,0.0,Ghianny,Kodia,2007-09-03,19.01,153.0,37.0,Forward,Winger,691255,71ajatxnuhc5cnm3xvgdky49w,RC Strasbourg Alsace,Strasbourg,Strasbourg,STR,691255,691255,153,71ajatxnuhc5cnm3xvgdky49w
Giovanni Reyna,427420.0,2.0,97.0,0.0,0.17,-0.17,2.0,1.0,0.0,0.08,Giovanni,Reyna,2002-11-13,23.82,153.0,13.0,Midfielder,Attacking Midfielder,2we9yak4ipkr1ljigj20puv6y,71ajatxnuhc5cnm3xvgdky49w,RC Strasbourg Alsace,Strasbourg,Strasbourg,STR,17.0,182.164,6.0,58.59,0.0,0.0,0.0,0.0,10.716,9.765,0.0,0.0,3.0,0.0,1.0,9.0,5.0,55.556,1.0,1.0,100.0,,,,,,,,,,427420.0,97.0,2.0,3.0,3.0,7.5,0.0,0.484,0.484,0.0,0.0,Giovanni,Reyna,2002-11-13,23.82,153.0,13.0,Midfielder,Attacking Midfielder,2we9yak4ipkr1ljigj20puv6y,71ajatxnuhc5cnm3xvgdky49w,RC Strasbourg Alsace,Strasbourg,Strasbourg,STR,427420.0,97.0,2.0,43.0,41.0,95.35,11.0,10.0,90.91,1.0,1.0,100.0,0.0,0.0,0.0,Giovanni,Reyna,2002-11-13,23.82,153.0,13.0,Midfielder,Attacking Midfielder,2we9yak4ipkr1ljigj20puv6y,71ajatxnuhc5cnm3xvgdky49w,RC Strasbourg Alsace,Strasbourg,Strasbourg,STR,427420,2we9yak4ipkr1ljigj20puv6y,153,71ajatxnuhc5cnm3xvgdky49w
Guillaume Restes,,,,,,,,,,,,,,,,,,,,,,,,,,,,,,,,,,,,,,,,,,,,,,180.0,100.0,0.0,4.0,6.0,60.0,0.83,1.0,4.83,,,,,,,,,,,,,,,,,,,,,,,,,,,,,,,,,,,,,,,,,,,,,,,,,,,,,,,546172,13nrptzjshlqnkuf92vumefx0,427,4aghw9tyi8ba3ju1ne83gmf9w
Guéla Doué,503720.0,1.0,90.0,0.0,0.05,-0.05,1.0,0.0,0.0,0.05,Guéla,Doué,2002-10-17,23.9,153.0,22.0,Defender,Full Back,446lrhzh79xugyt2pgnrwypnu,71ajatxnuhc5cnm3xvgdky49w,RC Strasbourg Alsace,Strasbourg,Strasbourg,STR,12.0,120.869,9.0,63.945,0.0,0.0,0.0,0.0,10.072,7.105,1.0,0.0,2.0,1.0,3.0,6.0,1.0,16.667,4.0,3.0,75.0,,,,,,,,,,503720.0,90.0,1.0,0.0,0.0,0.0,0.0,0.012,0.012,0.0,0.0,Guéla,Doué,2002-10-17,23.9,153.0,22.0,Defender,Full Back,446lrhzh79xugyt2pgnrwypnu,71ajatxnuhc5cnm3xvgdky49w,RC Strasbourg Alsace,Strasbourg,Strasbourg,STR,503720.0,90.0,1.0,26.0,21.0,80.77,9.0,5.0,55.56,2.0,0.0,0.0,0.0,0.0,0.0,Guéla,Doué,2002-10-17,23.9,153.0,22.0,Defender,Full Back,446lrhzh79xugyt2pgnrwypnu,71ajatxnuhc5cnm3xvgdky49w,RC Strasbourg Alsace,Strasbourg,Strasbourg,STR,503720,446lrhzh79xugyt2pgnrwypnu,153,71ajatxnuhc5cnm3xvgdky49w
Hamari Traoré,174528.0,1.0,7.0,0.0,0.0,0.0,0.0,0.0,0.0,0.0,Hamari,Traoré,1992-01-27,34.62,2338.0,14.0,Defender,Full Back,xrh2szvp5808no7zm1et2zf9,8v00fx2zwhiwm05tqqkt122p5,Paris FC,Paris FC,Paris FC,PAR,0.0,0.0,0.0,0.0,0.0,0.0,0.0,0.0,0.0,0.0,0.0,0.0,2.0,0.0,1.0,1.0,1.0,100.0,0.0,0.0,0.0,,,,,,,,,,174528.0,7.0,1.0,0.0,0.0,0.0,0.0,0.001,0.0,0.0,0.0,Hamari,Traoré,1992-01-27,34.62,2338.0,14.0,Defender,Full Back,xrh2szvp5808no7zm1et2zf9,8v00fx2zwhiwm05tqqkt122p5,Paris FC,Paris FC,Paris FC,PAR,174528.0,7.0,1.0,6.0,6.0,100.0,0.0,0.0,0.0,0.0,0.0,0.0,0.0,0.0,0.0,Hamari,Traoré,1992-01-27,34.62,2338.0,14.0,Defender,Full Back,xrh2szvp5808no7zm1et2zf9,8v00fx2zwhiwm05tqqkt122p5,Paris FC,Paris FC,Paris FC,PAR,174528,xrh2szvp5808no7zm1et2zf9,2338,8v00fx2zwhiwm05tqqkt122p5
Hamidou Makalou,641036.0,0.0,0.0,0.0,0.0,0.0,0.0,0.0,0.0,0.0,Hamidou,Makalou,2006-07-15,20.15,862.0,33.0,Midfielder,Defensive Midfielder,641036,3adj8hkws0z1al232bg2h6tk0,Stade Brestois 29,Brest,Brest,BRE,0.0,0.0,0.0,0.0,0.0,0.0,0.0,0.0,0.0,0.0,0.0,0.0,0.0,0.0,0.0,0.0,0.0,0.0,0.0,0.0,0.0,,,,,,,,,,641036.0,0.0,0.0,0.0,0.0,0.0,0.0,0.0,0.0,0.0,0.0,Hamidou,Makalou,2006-07-15,20.15,862.0,33.0,Midfielder,Defensive Midfielder,641036,3adj8hkws0z1al232bg2h6tk0,Stade Brestois 29,Brest,Brest,BRE,641036.0,0.0,0.0,0.0,0.0,0.0,0.0,0.0,0.0,0.0,0.0,0.0,0.0,0.0,0.0,Hamidou,Makalou,2006-07-15,20.15,862.0,33.0,Midfielder,Defensive Midfielder,641036,3adj8hkws0z1al232bg2h6tk0,Stade Brestois 29,Brest,Brest,BRE,641036,641036,862,3adj8hkws0z1al232bg2h6tk0
Hamza Koutoune,619512.0,2.0,17.0,0.0,0.03,-0.03,1.0,0.0,0.0,0.03,Hamza,Koutoune,2006-09-17,19.98,1395.0,84.0,Defender,Full Back,evc54vbh4xjsa97r5jk8eywb8,bx0cdmzr2gwr70ez72dorx82p,OGC Nice Côte d'Azur,Nice,Nice,NIC,2.0,31.052,2.0,30.555,0.0,0.0,0.0,0.0,15.526,15.278,0.0,0.0,0.0,0.0,0.0,4.0,0.0,0.0,0.0,0.0,0.0,,,,,,,,,,619512.0,17.0,2.0,0.0,0.0,0.0,0.0,0.0,0.0,0.0,0.0,Hamza,Koutoune,2006-09-17,19.98,1395.0,84.0,Defender,Full Back,evc54vbh4xjsa97r5jk8eywb8,bx0cdmzr2gwr70ez72dorx82p,OGC Nice Côte d'Azur,Nice,Nice,NIC,619512.0,17.0,2.0,3.0,3.0,100.0,0.0,0.0,0.0,1.0,0.0,0.0,0.0,0.0,0.0,Hamza,Koutoune,2006-09-17,19.98,1395.0,84.0,Defender,Full Back,evc54vbh4xjsa97r5jk8eywb8,bx0cdmzr2gwr70ez72dorx82p,OGC Nice Côte d'Azur,Nice,Nice,NIC,619512,evc54vbh4xjsa97r5jk8eywb8,1395,bx0cdmzr2gwr70ez72dorx82p
Harold Voyer,225893.0,1.0,90.0,0.0,0.0,0.0,0.0,0.0,0.0,0.0,Harold,Voyer,1997-03-26,29.46,920.0,5.0,Defender,Central Defender,71p6itylacjo1c0phfl1m0hxx,bj8hrmj01r3zit0x8r6qm2eu2,Le Mans FC,Le Mans,Le Mans,LEM,2.0,20.075,2.0,17.745,0.0,0.0,0.0,0.0,10.038,8.872,2.0,2.0,7.0,1.0,7.0,5.0,3.0,60.0,2.0,1.0,50.0,,,,,,,,,,225893.0,90.0,1.0,0.0,0.0,0.0,0.0,0.035,0.001,0.0,0.0,Harold,Voyer,1997-03-26,29.46,920.0,5.0,Defender,Central Defender,71p6itylacjo1c0phfl1m0hxx,bj8hrmj01r3zit0x8r6qm2eu2,Le Mans FC,Le Mans,Le Mans,LEM,225893.0,90.0,1.0,48.0,31.0,64.58,14.0,3.0,21.43,0.0,0.0,0.0,0.0,0.0,0.0,Harold,Voyer,1997-03-26,29.46,920.0,5.0,Defender,Central Defender,71p6itylacjo1c0phfl1m0hxx,bj8hrmj01r3zit0x8r6qm2eu2,Le Mans FC,Le Mans,Le Mans,LEM,225893,71p6itylacjo1c0phfl1m0hxx,920,bj8hrmj01r3zit0x8r6qm2eu2
Harouna Djibirin,619025.0,2.0,39.0,1.0,0.37,0.63,2.0,2.0,50.0,0.19,Harouna,Djibirin,2006-11-05,19.84,2128.0,31.0,Forward,Winger,dssrq717aixm0exkwkbf3q42c,75qj99fhg5c0ztj2tva5u4uii,Angers Sporting Club de l'Ouest,Angers,Angers,SCO,14.0,157.915,8.0,73.395,1.0,0.0,1.0,0.0,11.28,9.174,1.0,1.0,4.0,0.0,2.0,7.0,4.0,57.143,1.0,1.0,100.0,,,,,,,,,,619025.0,39.0,2.0,1.0,1.0,6.67,0.0,0.026,0.026,0.0,0.0,Harouna,Djibirin,2006-11-05,19.84,2128.0,31.0,Forward,Winger,dssrq717aixm0exkwkbf3q42c,75qj99fhg5c0ztj2tva5u4uii,Angers Sporting Club de l'Ouest,Angers,Angers,SCO,619025.0,39.0,2.0,15.0,13.0,86.67,7.0,6.0,85.71,1.0,0.0,0.0,0.0,0.0,0.0,Harouna,Djibirin,2006-11-05,19.84,2128.0,31.0,Forward,Winger,dssrq717aixm0exkwkbf3q42c,75qj99fhg5c0ztj2tva5u4uii,Angers Sporting Club de l'Ouest,Angers,Angers,SCO,619025,dssrq717aixm0exkwkbf3q42c,2128,75qj99fhg5c0ztj2tva5u4uii
Henrick Do Marcolino,684058.0,1.0,12.0,0.0,0.0,0.0,0.0,0.0,0.0,0.0,Henrick,Do Marcolino,2006-03-21,20.47,150.0,69.0,Forward,0,3zphe9ua3wsruu3j5vurwm39w,z1wbqtd0fz5t5eezjvrbld3h,Stade Rennais FC,Rennes,Rennes,REN,1.0,7.458,1.0,7.245,0.0,0.0,1.0,0.0,7.458,7.245,0.0,0.0,0.0,0.0,0.0,0.0,0.0,0.0,0.0,0.0,0.0,,,,,,,,,,684058.0,12.0,1.0,1.0,1.0,16.67,0.0,0.002,0.002,0.0,0.0,Henrick,Do Marcolino,2006-03-21,20.47,150.0,69.0,Forward,0,3zphe9ua3wsruu3j5vurwm39w,z1wbqtd0fz5t5eezjvrbld3h,Stade Rennais FC,Rennes,Rennes,REN,684058.0,12.0,1.0,6.0,5.0,83.33,1.0,1.0,100.0,0.0,0.0,0.0,0.0,0.0,0.0,Henrick,Do Marcolino,2006-03-21,20.47,150.0,69.0,Forward,0,3zphe9ua3wsruu3j5vurwm39w,z1wbqtd0fz5t5eezjvrbld3h,Stade Rennais FC,Rennes,Rennes,REN,684058,3zphe9ua3wsruu3j5vurwm39w,150,z1wbqtd0fz5t5eezjvrbld3h
Himad Abdelli,462609.0,2.0,128.0,0.0,0.0,0.0,0.0,0.0,0.0,0.0,Himad,Abdelli,1999-11-17,26.81,144.0,8.0,Midfielder,0,310zaj8t3k4c8aj54ml0n0kx5,27xvwccz8kpmqsefjv2b2sc0o,Olympique de Marseille,Olympique Marseille,Marseille,OM,28.0,280.879,13.0,152.88,0.0,0.0,1.0,0.0,10.031,11.76,1.0,0.0,9.0,0.0,0.0,9.0,5.0,55.556,3.0,0.0,0.0,,,,,,,,,,462609.0,128.0,2.0,1.0,1.0,1.12,0.0,0.075,0.075,0.0,0.0,Himad,Abdelli,1999-11-17,26.81,144.0,8.0,Midfielder,0,310zaj8t3k4c8aj54ml0n0kx5,27xvwccz8kpmqsefjv2b2sc0o,Olympique de Marseille,Olympique Marseille,Marseille,OM,462609.0,128.0,2.0,90.0,85.0,94.44,17.0,16.0,94.12,0.0,0.0,0.0,0.0,0.0,0.0,Himad,Abdelli,1999-11-17,26.81,144.0,8.0,Midfielder,0,310zaj8t3k4c8aj54ml0n0kx5,27xvwccz8kpmqsefjv2b2sc0o,Olympique de Marseille,Olympique Marseille,Marseille,OM,462609,310zaj8t3k4c8aj54ml0n0kx5,144,27xvwccz8kpmqsefjv2b2sc0o
Hugo Magnetti,243741.0,1.0,15.0,0.0,0.01,-0.01,1.0,0.0,0.0,0.01,Hugo,Magnetti,1998-05-30,28.28,862.0,8.0,Midfielder,Central Midfielder,5lfki1zoxd4l96hjbr2rw3d2h,3adj8hkws0z1al232bg2h6tk0,Stade Brestois 29,Brest,Brest,BRE,1.0,6.743,1.0,5.565,0.0,0.0,0.0,0.0,6.743,5.565,0.0,2.0,1.0,0.0,1.0,1.0,1.0,100.0,0.0,0.0,0.0,,,,,,,,,,243741.0,15.0,1.0,2.0,1.0,11.11,0.0,0.256,0.256,1.0,0.0,Hugo,Magnetti,1998-05-30,28.28,862.0,8.0,Midfielder,Central Midfielder,5lfki1zoxd4l96hjbr2rw3d2h,3adj8hkws0z1al232bg2h6tk0,Stade Brestois 29,Brest,Brest,BRE,243741.0,15.0,1.0,9.0,9.0,100.0,3.0,3.0,100.0,1.0,1.0,100.0,0.0,0.0,0.0,Hugo,Magnetti,1998-05-30,28.28,862.0,8.0,Midfielder,Central Midfielder,5lfki1zoxd4l96hjbr2rw3d2h,3adj8hkws0z1al232bg2h6tk0,Stade Brestois 29,Brest,Brest,BRE,243741,5lfki1zoxd4l96hjbr2rw3d2h,862,3adj8hkws0z1al232bg2h6tk0
Hugo Picard,554580.0,2.0,157.0,0.0,0.0,0.0,0.0,0.0,0.0,0.0,Hugo,Picard,2003-05-09,23.34,154.0,22.0,Midfielder,Wing Back,es8xeko9cu9hvx5smdxiqan84,3unkqo2g6ag99gd5ynz1j7vse,Espérance Sportive Troyes Aube Champagne,Troyes,Troyes,TRO,19.0,278.272,13.0,193.83,0.0,0.0,0.0,0.0,14.646,14.91,1.0,1.0,7.0,0.0,1.0,10.0,1.0,10.0,0.0,0.0,0.0,,,,,,,,,,554580.0,157.0,2.0,5.0,4.0,8.16,20.0,0.578,0.569,0.0,0.0,Hugo,Picard,2003-05-09,23.34,154.0,22.0,Midfielder,Wing Back,es8xeko9cu9hvx5smdxiqan84,3unkqo2g6ag99gd5ynz1j7vse,Espérance Sportive Troyes Aube Champagne,Troyes,Troyes,TRO,554580.0,157.0,2.0,49.0,42.0,85.71,28.0,22.0,78.57,7.0,5.0,71.43,0.0,0.0,0.0,Hugo,Picard,2003-05-09,23.34,154.0,22.0,Midfielder,Wing Back,es8xeko9cu9hvx5smdxiqan84,3unkqo2g6ag99gd5ynz1j7vse,Espérance Sportive Troyes Aube Champagne,Troyes,Troyes,TRO,554580,es8xeko9cu9hvx5smdxiqan84,154,3unkqo2g6ag99gd5ynz1j7vse
Hákon Haraldsson,484842.0,2.0,156.0,1.0,0.59,0.41,5.0,4.0,20.0,0.12,Hákon,Haraldsson,2003-04-10,23.42,429.0,10.0,Midfielder,Attacking Midfielder,9t0jh9kfw1225c8hoj0pu8cbu,be2k34rut1lz79jxenabttqlc,Lille OSC,Lille,Lille,LIL,18.0,167.325,10.0,61.74,1.0,0.0,0.0,0.0,9.296,6.174,1.0,3.0,8.0,0.0,5.0,14.0,4.0,28.571,3.0,1.0,33.333,,,,,,,,,,484842.0,156.0,2.0,2.0,2.0,3.92,0.0,0.264,0.264,0.0,0.0,Hákon,Haraldsson,2003-04-10,23.42,429.0,10.0,Midfielder,Attacking Midfielder,9t0jh9kfw1225c8hoj0pu8cbu,be2k34rut1lz79jxenabttqlc,Lille OSC,Lille,Lille,LIL,484842.0,156.0,2.0,53.0,49.0,92.45,16.0,15.0,93.75,0.0,0.0,0.0,0.0,0.0,0.0,Hákon,Haraldsson,2003-04-10,23.42,429.0,10.0,Midfielder,Attacking Midfielder,9t0jh9kfw1225c8hoj0pu8cbu,be2k34rut1lz79jxenabttqlc,Lille OSC,Lille,Lille,LIL,484842,9t0jh9kfw1225c8hoj0pu8cbu,429,be2k34rut1lz79jxenabttqlc
Idrissa Soukouna,749560.0,0.0,0.0,0.0,0.0,0.0,0.0,0.0,0.0,0.0,Idrissa,Soukouna,2008-08-10,18.08,154.0,36.0,Midfielder,Attacking Midfielder,749560,3unkqo2g6ag99gd5ynz1j7vse,Espérance Sportive Troyes Aube Champagne,Troyes,Troyes,TRO,0.0,0.0,0.0,0.0,0.0,0.0,0.0,0.0,0.0,0.0,0.0,0.0,0.0,0.0,0.0,0.0,0.0,0.0,0.0,0.0,0.0,,,,,,,,,,749560.0,0.0,0.0,0.0,0.0,0.0,0.0,0.0,0.0,0.0,0.0,Idrissa,Soukouna,2008-08-10,18.08,154.0,36.0,Midfielder,Attacking Midfielder,749560,3unkqo2g6ag99gd5ynz1j7vse,Espérance Sportive Troyes Aube Champagne,Troyes,Troyes,TRO,749560.0,0.0,0.0,0.0,0.0,0.0,0.0,0.0,0.0,0.0,0.0,0.0,0.0,0.0,0.0,Idrissa,Soukouna,2008-08-10,18.08,154.0,36.0,Midfielder,Attacking Midfielder,749560,3unkqo2g6ag99gd5ynz1j7vse,Espérance Sportive Troyes Aube Champagne,Troyes,Troyes,TRO,749560,749560,154,3unkqo2g6ag99gd5ynz1j7vse
Igor Paixão,483320.0,1.0,90.0,0.0,0.02,-0.02,1.0,1.0,0.0,0.02,Igor Guilherme,Barbosa da Paixão,2000-06-28,26.2,144.0,14.0,Forward,Winger,e0cy0gwf04lohf0xjef0af8fe,27xvwccz8kpmqsefjv2b2sc0o,Olympique de Marseille,Olympique Marseille,Marseille,OM,21.0,243.646,12.0,87.675,1.0,0.0,0.0,0.0,11.602,7.306,1.0,0.0,2.0,0.0,0.0,11.0,5.0,45.455,0.0,0.0,0.0,,,,,,,,,,483320.0,90.0,1.0,0.0,0.0,0.0,0.0,0.072,0.071,0.0,0.0,Igor Guilherme,Barbosa da Paixão,2000-06-28,26.2,144.0,14.0,Forward,Winger,e0cy0gwf04lohf0xjef0af8fe,27xvwccz8kpmqsefjv2b2sc0o,Olympique de Marseille,Olympique Marseille,Marseille,OM,483320.0,90.0,1.0,38.0,33.0,86.84,19.0,16.0,84.21,4.0,1.0,25.0,0.0,0.0,0.0,Igor Guilherme,Barbosa da Paixão,2000-06-28,26.2,144.0,14.0,Forward,Winger,e0cy0gwf04lohf0xjef0af8fe,27xvwccz8kpmqsefjv2b2sc0o,Olympique de Marseille,Olympique Marseille,Marseille,OM,483320,e0cy0gwf04lohf0xjef0af8fe,144,27xvwccz8kpmqsefjv2b2sc0o
Ilan Kebbal,511182.0,2.0,173.0,0.0,0.21,-0.21,5.0,1.0,0.0,0.04,Ilan,Kebbal,1998-07-10,28.17,2338.0,10.0,Midfielder,Attacking Midfielder,5l02insq2xjtf3dhna970modl,8v00fx2zwhiwm05tqqkt122p5,Paris FC,Paris FC,Paris FC,PAR,36.0,367.388,15.0,108.885,5.0,0.0,1.0,1.0,10.205,7.259,1.0,0.0,18.0,0.0,0.0,22.0,7.0,31.818,2.0,0.0,0.0,,,,,,,,,,511182.0,173.0,2.0,5.0,4.0,3.19,20.0,0.266,0.194,1.0,1.0,Ilan,Kebbal,1998-07-10,28.17,2338.0,10.0,Midfielder,Attacking Midfielder,5l02insq2xjtf3dhna970modl,8v00fx2zwhiwm05tqqkt122p5,Paris FC,Paris FC,Paris FC,PAR,511182.0,173.0,2.0,95.0,75.0,78.95,30.0,22.0,73.33,2.0,0.0,0.0,0.0,0.0,0.0,Ilan,Kebbal,1998-07-10,28.17,2338.0,10.0,Midfielder,Attacking Midfielder,5l02insq2xjtf3dhna970modl,8v00fx2zwhiwm05tqqkt122p5,Paris FC,Paris FC,Paris FC,PAR,511182,5l02insq2xjtf3dhna970modl,2338,8v00fx2zwhiwm05tqqkt122p5
Ilane Touré,633698.0,1.0,10.0,0.0,0.0,0.0,0.0,0.0,0.0,0.0,Ilane,Touré,2006-08-04,20.1,146.0,49.0,Midfielder,0,3hsh863l2s8rhwu8tpjo7lus4,4t4hod56fsj7utpjdor8so5q6,AS Monaco FC,Monaco,Monaco,ASM,1.0,10.034,0.0,-9.975,0.0,0.0,0.0,0.0,10.034,0.0,0.0,1.0,2.0,0.0,3.0,0.0,0.0,0.0,1.0,1.0,100.0,,,,,,,,,,633698.0,10.0,1.0,0.0,0.0,0.0,0.0,0.0,0.0,0.0,0.0,Ilane,Touré,2006-08-04,20.1,146.0,49.0,Midfielder,0,3hsh863l2s8rhwu8tpjo7lus4,4t4hod56fsj7utpjdor8so5q6,AS Monaco FC,Monaco,Monaco,ASM,633698.0,10.0,1.0,3.0,2.0,66.67,0.0,0.0,0.0,0.0,0.0,0.0,0.0,0.0,0.0,Ilane,Touré,2006-08-04,20.1,146.0,49.0,Midfielder,0,3hsh863l2s8rhwu8tpjo7lus4,4t4hod56fsj7utpjdor8so5q6,AS Monaco FC,Monaco,Monaco,ASM,633698,3hsh863l2s8rhwu8tpjo7lus4,146,4t4hod56fsj7utpjdor8so5q6
Illia Zabarnyi,477580.0,0.0,0.0,0.0,0.0,0.0,0.0,0.0,0.0,0.0,Illia,Zabarnyi,2002-09-01,24.02,149.0,6.0,Defender,Central Defender,477580,2b3mar72yy8d6uvat1ka6tn3r,Paris Saint-Germain FC,Paris Saint-Germain,Paris SG,PSG,0.0,0.0,0.0,0.0,0.0,0.0,0.0,0.0,0.0,0.0,0.0,0.0,0.0,0.0,0.0,0.0,0.0,0.0,0.0,0.0,0.0,,,,,,,,,,477580.0,0.0,0.0,0.0,0.0,0.0,0.0,0.0,0.0,0.0,0.0,Illia,Zabarnyi,2002-09-01,24.02,149.0,6.0,Defender,Central Defender,477580,2b3mar72yy8d6uvat1ka6tn3r,Paris Saint-Germain FC,Paris Saint-Germain,Paris SG,PSG,477580.0,0.0,0.0,0.0,0.0,0.0,0.0,0.0,0.0,0.0,0.0,0.0,0.0,0.0,0.0,Illia,Zabarnyi,2002-09-01,24.02,149.0,6.0,Defender,Central Defender,477580,2b3mar72yy8d6uvat1ka6tn3r,Paris Saint-Germain FC,Paris Saint-Germain,Paris SG,PSG,477580,477580,149,2b3mar72yy8d6uvat1ka6tn3r
Ilyas Azizi,616245.0,1.0,19.0,0.0,0.0,0.0,0.0,0.0,0.0,0.0,Ilyas,Azizi,2008-04-13,18.4,427.0,37.0,Forward,Winger,hqovjub7s0u4vxreo51loqok,4aghw9tyi8ba3ju1ne83gmf9w,Toulouse FC,Toulouse,Toulouse,TFC,5.0,56.089,2.0,13.125,0.0,0.0,0.0,0.0,11.218,6.562,0.0,0.0,1.0,0.0,0.0,2.0,2.0,100.0,2.0,1.0,50.0,,,,,,,,,,616245.0,19.0,1.0,0.0,0.0,0.0,0.0,0.001,0.001,0.0,0.0,Ilyas,Azizi,2008-04-13,18.4,427.0,37.0,Forward,Winger,hqovjub7s0u4vxreo51loqok,4aghw9tyi8ba3ju1ne83gmf9w,Toulouse FC,Toulouse,Toulouse,TFC,616245.0,19.0,1.0,11.0,6.0,54.55,5.0,1.0,20.0,0.0,0.0,0.0,0.0,0.0,0.0,Ilyas,Azizi,2008-04-13,18.4,427.0,37.0,Forward,Winger,hqovjub7s0u4vxreo51loqok,4aghw9tyi8ba3ju1ne83gmf9w,Toulouse FC,Toulouse,Toulouse,TFC,616245,hqovjub7s0u4vxreo51loqok,427,4aghw9tyi8ba3ju1ne83gmf9w
Iron Gomis,480469.0,2.0,161.0,0.0,0.11,-0.11,3.0,0.0,0.0,0.04,Iron,Gomis,1999-11-09,26.84,154.0,11.0,Midfielder,Central Midfielder,83jbypvdtua0f2a50we2ndz6y,3unkqo2g6ag99gd5ynz1j7vse,Espérance Sportive Troyes Aube Champagne,Troyes,Troyes,TRO,11.0,87.041,2.0,-8.61,1.0,0.0,0.0,0.0,7.913,-4.305,3.0,1.0,7.0,1.0,4.0,12.0,7.0,58.333,11.0,7.0,63.636,,,,,,,,,,480469.0,161.0,2.0,1.0,1.0,2.86,0.0,0.027,0.027,0.0,0.0,Iron,Gomis,1999-11-09,26.84,154.0,11.0,Midfielder,Central Midfielder,83jbypvdtua0f2a50we2ndz6y,3unkqo2g6ag99gd5ynz1j7vse,Espérance Sportive Troyes Aube Champagne,Troyes,Troyes,TRO,480469.0,161.0,2.0,35.0,27.0,77.14,17.0,12.0,70.59,1.0,0.0,0.0,0.0,0.0,0.0,Iron,Gomis,1999-11-09,26.84,154.0,11.0,Midfielder,Central Midfielder,83jbypvdtua0f2a50we2ndz6y,3unkqo2g6ag99gd5ynz1j7vse,Espérance Sportive Troyes Aube Champagne,Troyes,Troyes,TRO,480469,83jbypvdtua0f2a50we2ndz6y,154,3unkqo2g6ag99gd5ynz1j7vse
Isaac Cossier,669390.0,1.0,14.0,0.0,0.0,0.0,0.0,0.0,0.0,0.0,Isaac,Cossier,2006-11-30,19.77,429.0,26.0,Defender,Central Defender,796gn0bbr4gw5rt9lnf0btqfo,be2k34rut1lz79jxenabttqlc,Lille OSC,Lille,Lille,LIL,0.0,0.0,0.0,0.0,0.0,0.0,0.0,0.0,0.0,0.0,1.0,0.0,0.0,0.0,2.0,1.0,1.0,100.0,1.0,0.0,0.0,,,,,,,,,,669390.0,14.0,1.0,0.0,0.0,0.0,0.0,0.0,0.0,0.0,0.0,Isaac,Cossier,2006-11-30,19.77,429.0,26.0,Defender,Central Defender,796gn0bbr4gw5rt9lnf0btqfo,be2k34rut1lz79jxenabttqlc,Lille OSC,Lille,Lille,LIL,669390.0,14.0,1.0,4.0,4.0,100.0,0.0,0.0,0.0,0.0,0.0,0.0,0.0,0.0,0.0,Isaac,Cossier,2006-11-30,19.77,429.0,26.0,Defender,Central Defender,796gn0bbr4gw5rt9lnf0btqfo,be2k34rut1lz79jxenabttqlc,Lille OSC,Lille,Lille,LIL,669390,796gn0bbr4gw5rt9lnf0btqfo,429,be2k34rut1lz79jxenabttqlc
Isaak Touré,512745.0,0.0,0.0,0.0,0.0,0.0,0.0,0.0,0.0,0.0,Isaak,Touré,2003-03-28,23.45,694.0,95.0,Defender,Central Defender,512745,70nn27vgkt6l48lvv5e66q7ww,FC Lorient,Lorient,Lorient,FCL,0.0,0.0,0.0,0.0,0.0,0.0,0.0,0.0,0.0,0.0,0.0,0.0,0.0,0.0,0.0,0.0,0.0,0.0,0.0,0.0,0.0,,,,,,,,,,512745.0,0.0,0.0,0.0,0.0,0.0,0.0,0.0,0.0,0.0,0.0,Isaak,Touré,2003-03-28,23.45,694.0,95.0,Defender,Central Defender,512745,70nn27vgkt6l48lvv5e66q7ww,FC Lorient,Lorient,Lorient,FCL,512745.0,0.0,0.0,0.0,0.0,0.0,0.0,0.0,0.0,0.0,0.0,0.0,0.0,0.0,0.0,Isaak,Touré,2003-03-28,23.45,694.0,95.0,Defender,Central Defender,512745,70nn27vgkt6l48lvv5e66q7ww,FC Lorient,Lorient,Lorient,FCL,512745,512745,694,70nn27vgkt6l48lvv5e66q7ww
Isak Jansson,469169.0,1.0,17.0,0.0,0.0,0.0,0.0,0.0,0.0,0.0,Isak,Jansson,2002-01-31,24.61,1395.0,21.0,Forward,Winger,bukiej33alpx4e0t5cpwxhx0q,bx0cdmzr2gwr70ez72dorx82p,OGC Nice Côte d'Azur,Nice,Nice,NIC,1.0,12.102,1.0,11.76,0.0,0.0,0.0,0.0,12.102,11.76,1.0,0.0,0.0,0.0,0.0,1.0,1.0,100.0,0.0,0.0,0.0,,,,,,,,,,469169.0,17.0,1.0,0.0,0.0,0.0,0.0,0.014,0.014,0.0,0.0,Isak,Jansson,2002-01-31,24.61,1395.0,21.0,Forward,Winger,bukiej33alpx4e0t5cpwxhx0q,bx0cdmzr2gwr70ez72dorx82p,OGC Nice Côte d'Azur,Nice,Nice,NIC,469169.0,17.0,1.0,6.0,6.0,100.0,3.0,3.0,100.0,1.0,0.0,0.0,0.0,0.0,0.0,Isak,Jansson,2002-01-31,24.61,1395.0,21.0,Forward,Winger,bukiej33alpx4e0t5cpwxhx0q,bx0cdmzr2gwr70ez72dorx82p,OGC Nice Côte d'Azur,Nice,Nice,NIC,469169,bukiej33alpx4e0t5cpwxhx0q,1395,bx0cdmzr2gwr70ez72dorx82p
Isak Jensen,513456.0,1.0,24.0,0.0,0.0,0.0,0.0,0.0,0.0,0.0,Isak,Jensen,2003-12-23,22.71,694.0,10.0,Forward,0,73lwz4he5erpp25zi8crjvztg,70nn27vgkt6l48lvv5e66q7ww,FC Lorient,Lorient,Lorient,FCL,7.0,63.115,1.0,0.735,0.0,0.0,0.0,0.0,9.016,0.735,0.0,0.0,1.0,0.0,0.0,1.0,1.0,100.0,0.0,0.0,0.0,,,,,,,,,,513456.0,24.0,1.0,0.0,0.0,0.0,0.0,0.023,0.023,0.0,0.0,Isak,Jensen,2003-12-23,22.71,694.0,10.0,Forward,0,73lwz4he5erpp25zi8crjvztg,70nn27vgkt6l48lvv5e66q7ww,FC Lorient,Lorient,Lorient,FCL,513456.0,24.0,1.0,16.0,16.0,100.0,5.0,5.0,100.0,1.0,0.0,0.0,0.0,0.0,0.0,Isak,Jensen,2003-12-23,22.71,694.0,10.0,Forward,0,73lwz4he5erpp25zi8crjvztg,70nn27vgkt6l48lvv5e66q7ww,FC Lorient,Lorient,Lorient,FCL,513456,73lwz4he5erpp25zi8crjvztg,694,70nn27vgkt6l48lvv5e66q7ww
Ismaëlo Ganiou,596121.0,2.0,169.0,1.0,0.5,0.5,2.0,2.0,50.0,0.25,Ismaëlo,Ganiou,2005-03-14,21.49,142.0,25.0,Defender,Central Defender,8ijrlhafx325b0bd78jc8duz8,3xedluek08t2ka7oypwuullcn,Racing Club de Lens,Lens,Lens,RCL,33.0,338.915,22.0,263.865,0.0,0.0,0.0,0.0,10.27,11.994,3.0,3.0,5.0,0.0,10.0,6.0,5.0,83.333,4.0,1.0,25.0,,,,,,,,,,596121.0,169.0,2.0,1.0,1.0,1.22,0.0,0.375,0.375,0.0,0.0,Ismaëlo,Ganiou,2005-03-14,21.49,142.0,25.0,Defender,Central Defender,8ijrlhafx325b0bd78jc8duz8,3xedluek08t2ka7oypwuullcn,Racing Club de Lens,Lens,Lens,RCL,596121.0,169.0,2.0,85.0,75.0,88.24,8.0,4.0,50.0,1.0,1.0,100.0,0.0,0.0,0.0,Ismaëlo,Ganiou,2005-03-14,21.49,142.0,25.0,Defender,Central Defender,8ijrlhafx325b0bd78jc8duz8,3xedluek08t2ka7oypwuullcn,Racing Club de Lens,Lens,Lens,RCL,596121,8ijrlhafx325b0bd78jc8duz8,142,3xedluek08t2ka7oypwuullcn
Ismaïl Bouneb,620407.0,0.0,0.0,0.0,0.0,0.0,0.0,0.0,0.0,0.0,Ismaïl,Bouneb,2006-06-07,20.25,141.0,44.0,Midfielder,Attacking Midfielder,620407,23pqcgxu1tip265hbe01kszbt,Le Havre AC,Le Havre,Le Havre,HAC,0.0,0.0,0.0,0.0,0.0,0.0,0.0,0.0,0.0,0.0,0.0,0.0,0.0,0.0,0.0,0.0,0.0,0.0,0.0,0.0,0.0,,,,,,,,,,620407.0,0.0,0.0,0.0,0.0,0.0,0.0,0.0,0.0,0.0,0.0,Ismaïl,Bouneb,2006-06-07,20.25,141.0,44.0,Midfielder,Attacking Midfielder,620407,23pqcgxu1tip265hbe01kszbt,Le Havre AC,Le Havre,Le Havre,HAC,620407.0,0.0,0.0,0.0,0.0,0.0,0.0,0.0,0.0,0.0,0.0,0.0,0.0,0.0,0.0,Ismaïl,Bouneb,2006-06-07,20.25,141.0,44.0,Midfielder,Attacking Midfielder,620407,23pqcgxu1tip265hbe01kszbt,Le Havre AC,Le Havre,Le Havre,HAC,620407,620407,141,23pqcgxu1tip265hbe01kszbt
Ismaïl Diallo,664866.0,2.0,116.0,0.0,0.02,-0.02,1.0,0.0,0.0,0.02,Ismaïl,Diallo,2003-08-23,23.05,427.0,94.0,Defender,Full Back,8kc4ody94t1mu45ozb7fayoes,4aghw9tyi8ba3ju1ne83gmf9w,Toulouse FC,Toulouse,Toulouse,TFC,13.0,158.532,5.0,71.61,0.0,0.0,0.0,0.0,12.195,14.322,3.0,0.0,5.0,1.0,4.0,10.0,7.0,70.0,0.0,0.0,0.0,,,,,,,,,,664866.0,116.0,2.0,0.0,0.0,0.0,0.0,0.018,0.017,0.0,0.0,Ismaïl,Diallo,2003-08-23,23.05,427.0,94.0,Defender,Full Back,8kc4ody94t1mu45ozb7fayoes,4aghw9tyi8ba3ju1ne83gmf9w,Toulouse FC,Toulouse,Toulouse,TFC,664866.0,116.0,2.0,43.0,27.0,62.79,16.0,9.0,56.25,2.0,0.0,0.0,0.0,0.0,0.0,Ismaïl,Diallo,2003-08-23,23.05,427.0,94.0,Defender,Full Back,8kc4ody94t1mu45ozb7fayoes,4aghw9tyi8ba3ju1ne83gmf9w,Toulouse FC,Toulouse,Toulouse,TFC,664866,8kc4ody94t1mu45ozb7fayoes,427,4aghw9tyi8ba3ju1ne83gmf9w
Issa Soumaré,495382.0,2.0,148.0,0.0,0.15,-0.15,2.0,0.0,0.0,0.08,Issa,Soumaré,2000-10-10,25.92,150.0,90.0,Forward,Winger,d1p2ke2ry7g9zfjfh93xmjvxm,z1wbqtd0fz5t5eezjvrbld3h,Stade Rennais FC,Rennes,Rennes,REN,9.0,133.571,4.0,60.06,0.0,0.0,1.0,1.0,14.841,15.015,2.0,2.0,4.0,1.0,4.0,12.0,8.0,66.667,5.0,3.0,60.0,,,,,,,,,,495382.0,148.0,2.0,2.0,2.0,2.38,0.0,0.055,0.055,1.0,1.0,Issa,Soumaré,2000-10-10,25.92,150.0,90.0,Forward,Winger,d1p2ke2ry7g9zfjfh93xmjvxm,z1wbqtd0fz5t5eezjvrbld3h,Stade Rennais FC,Rennes,Rennes,REN,495382.0,148.0,2.0,42.0,30.0,71.43,20.0,15.0,75.0,1.0,0.0,0.0,0.0,0.0,0.0,Issa,Soumaré,2000-10-10,25.92,150.0,90.0,Forward,Winger,d1p2ke2ry7g9zfjfh93xmjvxm,z1wbqtd0fz5t5eezjvrbld3h,Stade Rennais FC,Rennes,Rennes,REN,495382,d1p2ke2ry7g9zfjfh93xmjvxm,150,z1wbqtd0fz5t5eezjvrbld3h
Issiaga Camara,632701.0,0.0,0.0,0.0,0.0,0.0,0.0,0.0,0.0,0.0,Issiaga,Camara,2005-02-02,21.6,1395.0,22.0,Midfielder,Central Midfielder,632701,bx0cdmzr2gwr70ez72dorx82p,OGC Nice Côte d'Azur,Nice,Nice,NIC,0.0,0.0,0.0,0.0,0.0,0.0,0.0,0.0,0.0,0.0,0.0,0.0,0.0,0.0,0.0,0.0,0.0,0.0,0.0,0.0,0.0,,,,,,,,,,632701.0,0.0,0.0,0.0,0.0,0.0,0.0,0.0,0.0,0.0,0.0,Issiaga,Camara,2005-02-02,21.6,1395.0,22.0,Midfielder,Central Midfielder,632701,bx0cdmzr2gwr70ez72dorx82p,OGC Nice Côte d'Azur,Nice,Nice,NIC,632701.0,0.0,0.0,0.0,0.0,0.0,0.0,0.0,0.0,0.0,0.0,0.0,0.0,0.0,0.0,Issiaga,Camara,2005-02-02,21.6,1395.0,22.0,Midfielder,Central Midfielder,632701,bx0cdmzr2gwr70ez72dorx82p,OGC Nice Côte d'Azur,Nice,Nice,NIC,632701,632701,1395,bx0cdmzr2gwr70ez72dorx82p
Jacen Russell-Rowe,448010.0,2.0,97.0,1.0,0.55,0.45,1.0,1.0,100.0,0.55,Jacen,Russell-Rowe,2002-09-13,23.99,427.0,13.0,Forward,Striker,3nu7bqtarr9yo5abdj3len04q,4aghw9tyi8ba3ju1ne83gmf9w,Toulouse FC,Toulouse,Toulouse,TFC,8.0,65.26,2.0,-4.515,1.0,1.0,0.0,0.0,8.158,-2.258,1.0,0.0,1.0,0.0,3.0,6.0,2.0,33.333,6.0,1.0,16.667,,,,,,,,,,448010.0,97.0,2.0,0.0,0.0,0.0,0.0,0.036,0.036,0.0,0.0,Jacen,Russell-Rowe,2002-09-13,23.99,427.0,13.0,Forward,Striker,3nu7bqtarr9yo5abdj3len04q,4aghw9tyi8ba3ju1ne83gmf9w,Toulouse FC,Toulouse,Toulouse,TFC,448010.0,97.0,2.0,19.0,15.0,78.95,10.0,7.0,70.0,1.0,0.0,0.0,0.0,0.0,0.0,Jacen,Russell-Rowe,2002-09-13,23.99,427.0,13.0,Forward,Striker,3nu7bqtarr9yo5abdj3len04q,4aghw9tyi8ba3ju1ne83gmf9w,Toulouse FC,Toulouse,Toulouse,TFC,448010,3nu7bqtarr9yo5abdj3len04q,427,4aghw9tyi8ba3ju1ne83gmf9w
Jacobo Ortega,499360.0,2.0,104.0,0.0,0.34,-0.34,3.0,2.0,0.0,0.11,Jacobo,Ortega,2006-05-29,20.28,153.0,30.0,Forward,Striker,ezzowlbde1lnuydv9zapzy8es,71ajatxnuhc5cnm3xvgdky49w,RC Strasbourg Alsace,Strasbourg,Strasbourg,STR,15.0,173.07,9.0,107.31,1.0,0.0,0.0,0.0,11.538,11.923,1.0,0.0,2.0,0.0,1.0,9.0,3.0,33.333,5.0,4.0,80.0,,,,,,,,,,499360.0,104.0,2.0,1.0,1.0,4.76,0.0,0.087,0.087,0.0,0.0,Jacobo,Ortega,2006-05-29,20.28,153.0,30.0,Forward,Striker,ezzowlbde1lnuydv9zapzy8es,71ajatxnuhc5cnm3xvgdky49w,RC Strasbourg Alsace,Strasbourg,Strasbourg,STR,499360.0,104.0,2.0,23.0,16.0,69.57,13.0,9.0,69.23,3.0,1.0,33.33,0.0,0.0,0.0,Jacobo,Ortega,2006-05-29,20.28,153.0,30.0,Forward,Striker,ezzowlbde1lnuydv9zapzy8es,71ajatxnuhc5cnm3xvgdky49w,RC Strasbourg Alsace,Strasbourg,Strasbourg,STR,499360,ezzowlbde1lnuydv9zapzy8es,153,71ajatxnuhc5cnm3xvgdky49w
Jacques Ekomié,564920.0,1.0,90.0,0.0,0.07,-0.07,2.0,0.0,0.0,0.04,Jacques,Ekomié,2003-08-19,23.06,2128.0,3.0,Defender,Full Back,4hfq1ngrroah5xew91woxg07o,75qj99fhg5c0ztj2tva5u4uii,Angers Sporting Club de l'Ouest,Angers,Angers,SCO,11.0,102.676,9.0,79.275,0.0,0.0,0.0,0.0,9.334,8.808,3.0,2.0,2.0,0.0,1.0,10.0,4.0,40.0,1.0,1.0,100.0,,,,,,,,,,564920.0,90.0,1.0,0.0,0.0,0.0,0.0,0.008,0.007,0.0,0.0,Jacques,Ekomié,2003-08-19,23.06,2128.0,3.0,Defender,Full Back,4hfq1ngrroah5xew91woxg07o,75qj99fhg5c0ztj2tva5u4uii,Angers Sporting Club de l'Ouest,Angers,Angers,SCO,564920.0,90.0,1.0,30.0,25.0,83.33,10.0,8.0,80.0,3.0,0.0,0.0,0.0,0.0,0.0,Jacques,Ekomié,2003-08-19,23.06,2128.0,3.0,Defender,Full Back,4hfq1ngrroah5xew91woxg07o,75qj99fhg5c0ztj2tva5u4uii,Angers Sporting Club de l'Ouest,Angers,Angers,SCO,564920,4hfq1ngrroah5xew91woxg07o,2128,75qj99fhg5c0ztj2tva5u4uii
Jean Vercruysse,477712.0,1.0,30.0,0.0,0.0,0.0,0.0,0.0,0.0,0.0,Jean,Vercruysse,2000-07-03,26.19,920.0,10.0,Midfielder,Central Midfielder,8lgdc9gtgcapv0pe6gvznt562,bj8hrmj01r3zit0x8r6qm2eu2,Le Mans FC,Le Mans,Le Mans,LEM,6.0,52.757,3.0,23.415,0.0,0.0,1.0,0.0,8.793,7.805,2.0,1.0,3.0,0.0,1.0,7.0,4.0,57.143,3.0,1.0,33.333,,,,,,,,,,477712.0,30.0,1.0,1.0,1.0,9.09,0.0,0.054,0.054,0.0,0.0,Jean,Vercruysse,2000-07-03,26.19,920.0,10.0,Midfielder,Central Midfielder,8lgdc9gtgcapv0pe6gvznt562,bj8hrmj01r3zit0x8r6qm2eu2,Le Mans FC,Le Mans,Le Mans,LEM,477712.0,30.0,1.0,11.0,6.0,54.55,5.0,3.0,60.0,0.0,0.0,0.0,0.0,0.0,0.0,Jean,Vercruysse,2000-07-03,26.19,920.0,10.0,Midfielder,Central Midfielder,8lgdc9gtgcapv0pe6gvznt562,bj8hrmj01r3zit0x8r6qm2eu2,Le Mans FC,Le Mans,Le Mans,LEM,477712,8lgdc9gtgcapv0pe6gvznt562,920,bj8hrmj01r3zit0x8r6qm2eu2
Jean-Philippe Krasso,424920.0,0.0,0.0,0.0,0.0,0.0,0.0,0.0,0.0,0.0,Jean-Philippe,Krasso,1997-07-17,29.15,2338.0,11.0,Forward,Striker,424920,8v00fx2zwhiwm05tqqkt122p5,Paris FC,Paris FC,Paris FC,PAR,0.0,0.0,0.0,0.0,0.0,0.0,0.0,0.0,0.0,0.0,0.0,0.0,0.0,0.0,0.0,0.0,0.0,0.0,0.0,0.0,0.0,,,,,,,,,,424920.0,0.0,0.0,0.0,0.0,0.0,0.0,0.0,0.0,0.0,0.0,Jean-Philippe,Krasso,1997-07-17,29.15,2338.0,11.0,Forward,Striker,424920,8v00fx2zwhiwm05tqqkt122p5,Paris FC,Paris FC,Paris FC,PAR,424920.0,0.0,0.0,0.0,0.0,0.0,0.0,0.0,0.0,0.0,0.0,0.0,0.0,0.0,0.0,Jean-Philippe,Krasso,1997-07-17,29.15,2338.0,11.0,Forward,Striker,424920,8v00fx2zwhiwm05tqqkt122p5,Paris FC,Paris FC,Paris FC,PAR,424920,424920,2338,8v00fx2zwhiwm05tqqkt122p5
Jean-Victor Makengo,199666.0,2.0,163.0,1.0,0.34,0.66,4.0,2.0,25.0,0.09,Jean-Victor,Makengo,1998-06-12,28.25,694.0,17.0,Midfielder,Central Midfielder,60no437awq8i5th7nlffh3dn9,70nn27vgkt6l48lvv5e66q7ww,FC Lorient,Lorient,Lorient,FCL,26.0,260.354,11.0,56.28,1.0,0.0,0.0,0.0,10.014,5.116,1.0,0.0,6.0,1.0,2.0,14.0,8.0,57.143,5.0,2.0,40.0,,,,,,,,,,199666.0,163.0,2.0,0.0,0.0,0.0,0.0,0.074,0.074,0.0,0.0,Jean-Victor,Makengo,1998-06-12,28.25,694.0,17.0,Midfielder,Central Midfielder,60no437awq8i5th7nlffh3dn9,70nn27vgkt6l48lvv5e66q7ww,FC Lorient,Lorient,Lorient,FCL,199666.0,163.0,2.0,77.0,71.0,92.21,27.0,22.0,81.48,1.0,0.0,0.0,0.0,0.0,0.0,Jean-Victor,Makengo,1998-06-12,28.25,694.0,17.0,Midfielder,Central Midfielder,60no437awq8i5th7nlffh3dn9,70nn27vgkt6l48lvv5e66q7ww,FC Lorient,Lorient,Lorient,FCL,199666,60no437awq8i5th7nlffh3dn9,694,70nn27vgkt6l48lvv5e66q7ww
Jeffrey de Lange,,,,,,,,,,,,,,,,,,,,,,,,,,,,,,,,,,,,,,,,,,,,,,180.0,100.0,0.0,2.0,5.0,71.43,1.02,1.5,3.02,,,,,,,,,,,,,,,,,,,,,,,,,,,,,,,,,,,,,,,,,,,,,,,,,,,,,,,216272,4odeml6s5vm38m9u7tnh6n8id,144,27xvwccz8kpmqsefjv2b2sc0o
Jeyland Mitchell,622116.0,1.0,90.0,0.0,0.16,-0.16,1.0,0.0,0.0,0.16,Jeyland,Mitchell,2004-09-29,21.94,153.0,4.0,Defender,Central Defender,3yj2ba2v9rw4odrwqyx2v3f2s,71ajatxnuhc5cnm3xvgdky49w,RC Strasbourg Alsace,Strasbourg,Strasbourg,STR,14.0,118.679,8.0,46.725,0.0,0.0,0.0,0.0,8.477,5.841,0.0,1.0,2.0,0.0,5.0,3.0,0.0,0.0,6.0,4.0,66.667,,,,,,,,,,622116.0,90.0,1.0,0.0,0.0,0.0,0.0,0.026,0.019,0.0,0.0,Jeyland,Mitchell,2004-09-29,21.94,153.0,4.0,Defender,Central Defender,3yj2ba2v9rw4odrwqyx2v3f2s,71ajatxnuhc5cnm3xvgdky49w,RC Strasbourg Alsace,Strasbourg,Strasbourg,STR,622116.0,90.0,1.0,68.0,60.0,88.24,12.0,7.0,58.33,0.0,0.0,0.0,0.0,0.0,0.0,Jeyland,Mitchell,2004-09-29,21.94,153.0,4.0,Defender,Central Defender,3yj2ba2v9rw4odrwqyx2v3f2s,71ajatxnuhc5cnm3xvgdky49w,RC Strasbourg Alsace,Strasbourg,Strasbourg,STR,622116,3yj2ba2v9rw4odrwqyx2v3f2s,153,71ajatxnuhc5cnm3xvgdky49w
Jim Allevinah,473389.0,2.0,140.0,0.0,0.22,-0.22,4.0,0.0,0.0,0.06,Jim,Allevinah,1995-02-27,31.54,2128.0,18.0,Forward,Striker,bt2pm0it9f1o216uxo3abfpbd,75qj99fhg5c0ztj2tva5u4uii,Angers Sporting Club de l'Ouest,Angers,Angers,SCO,15.0,177.056,7.0,79.065,2.0,0.0,0.0,0.0,11.804,11.295,2.0,2.0,8.0,0.0,0.0,11.0,7.0,63.636,4.0,2.0,50.0,,,,,,,,,,473389.0,140.0,2.0,1.0,1.0,3.13,0.0,0.398,0.398,0.0,0.0,Jim,Allevinah,1995-02-27,31.54,2128.0,18.0,Forward,Striker,bt2pm0it9f1o216uxo3abfpbd,75qj99fhg5c0ztj2tva5u4uii,Angers Sporting Club de l'Ouest,Angers,Angers,SCO,473389.0,140.0,2.0,32.0,27.0,84.38,9.0,8.0,88.89,4.0,2.0,50.0,0.0,0.0,0.0,Jim,Allevinah,1995-02-27,31.54,2128.0,18.0,Forward,Striker,bt2pm0it9f1o216uxo3abfpbd,75qj99fhg5c0ztj2tva5u4uii,Angers Sporting Club de l'Ouest,Angers,Angers,SCO,473389,bt2pm0it9f1o216uxo3abfpbd,2128,75qj99fhg5c0ztj2tva5u4uii
Jonathan Clauss,221095.0,2.0,163.0,0.0,0.68,-0.68,8.0,1.0,0.0,0.08,Jonathan,Clauss,1992-09-25,33.96,1395.0,92.0,Defender,Full Back,c4w6l0ha9pvwljyh3aejqz3yt,bx0cdmzr2gwr70ez72dorx82p,OGC Nice Côte d'Azur,Nice,Nice,NIC,18.0,153.866,11.0,100.8,1.0,0.0,1.0,0.0,8.548,9.164,2.0,0.0,11.0,0.0,3.0,12.0,5.0,41.667,2.0,2.0,100.0,,,,,,,,,,221095.0,163.0,2.0,4.0,4.0,4.08,0.0,0.763,0.642,0.0,0.0,Jonathan,Clauss,1992-09-25,33.96,1395.0,92.0,Defender,Full Back,c4w6l0ha9pvwljyh3aejqz3yt,bx0cdmzr2gwr70ez72dorx82p,OGC Nice Côte d'Azur,Nice,Nice,NIC,221095.0,163.0,2.0,100.0,77.0,77.0,56.0,43.0,76.79,16.0,5.0,31.25,0.0,0.0,0.0,Jonathan,Clauss,1992-09-25,33.96,1395.0,92.0,Defender,Full Back,c4w6l0ha9pvwljyh3aejqz3yt,bx0cdmzr2gwr70ez72dorx82p,OGC Nice Côte d'Azur,Nice,Nice,NIC,221095,c4w6l0ha9pvwljyh3aejqz3yt,1395,bx0cdmzr2gwr70ez72dorx82p
Jordan Lefort,228289.0,2.0,180.0,0.0,0.0,0.0,0.0,0.0,0.0,0.0,Jordan,Lefort,1993-08-09,33.09,2128.0,21.0,Defender,Central Defender,ar3g1flq7vgbl90q9t1v4y02d,75qj99fhg5c0ztj2tva5u4uii,Angers Sporting Club de l'Ouest,Angers,Angers,SCO,30.0,305.244,16.0,116.025,0.0,0.0,0.0,0.0,10.175,7.252,2.0,1.0,14.0,2.0,11.0,7.0,4.0,57.143,5.0,2.0,40.0,,,,,,,,,,228289.0,180.0,2.0,2.0,2.0,1.92,0.0,0.162,0.161,0.0,0.0,Jordan,Lefort,1993-08-09,33.09,2128.0,21.0,Defender,Central Defender,ar3g1flq7vgbl90q9t1v4y02d,75qj99fhg5c0ztj2tva5u4uii,Angers Sporting Club de l'Ouest,Angers,Angers,SCO,228289.0,180.0,2.0,113.0,96.0,84.96,21.0,13.0,61.9,4.0,1.0,25.0,0.0,0.0,0.0,Jordan,Lefort,1993-08-09,33.09,2128.0,21.0,Defender,Central Defender,ar3g1flq7vgbl90q9t1v4y02d,75qj99fhg5c0ztj2tva5u4uii,Angers Sporting Club de l'Ouest,Angers,Angers,SCO,228289,ar3g1flq7vgbl90q9t1v4y02d,2128,75qj99fhg5c0ztj2tva5u4uii
Jordan Teze,222695.0,0.0,0.0,0.0,0.0,0.0,0.0,0.0,0.0,0.0,Jordan,Teze,1999-09-30,26.95,146.0,4.0,Defender,Full Back,222695,4t4hod56fsj7utpjdor8so5q6,AS Monaco FC,Monaco,Monaco,ASM,0.0,0.0,0.0,0.0,0.0,0.0,0.0,0.0,0.0,0.0,0.0,0.0,0.0,0.0,0.0,0.0,0.0,0.0,0.0,0.0,0.0,,,,,,,,,,222695.0,0.0,0.0,0.0,0.0,0.0,0.0,0.0,0.0,0.0,0.0,Jordan,Teze,1999-09-30,26.95,146.0,4.0,Defender,Full Back,222695,4t4hod56fsj7utpjdor8so5q6,AS Monaco FC,Monaco,Monaco,ASM,222695.0,0.0,0.0,0.0,0.0,0.0,0.0,0.0,0.0,0.0,0.0,0.0,0.0,0.0,0.0,Jordan,Teze,1999-09-30,26.95,146.0,4.0,Defender,Full Back,222695,4t4hod56fsj7utpjdor8so5q6,AS Monaco FC,Monaco,Monaco,ASM,222695,222695,146,4t4hod56fsj7utpjdor8so5q6
Joris Chotard,477711.0,2.0,180.0,0.0,0.16,-0.16,5.0,1.0,0.0,0.03,Joris,Chotard,2001-09-24,24.96,862.0,13.0,Midfielder,Defensive Midfielder,7za8h1pgec0y2s1ihmkkfvpm2,3adj8hkws0z1al232bg2h6tk0,Stade Brestois 29,Brest,Brest,BRE,24.0,199.75,12.0,109.62,0.0,0.0,1.0,0.0,8.323,9.135,4.0,6.0,17.0,0.0,2.0,13.0,6.0,46.154,2.0,2.0,100.0,,,,,,,,,,477711.0,180.0,2.0,7.0,1.0,1.01,85.71,1.286,0.092,0.0,0.0,Joris,Chotard,2001-09-24,24.96,862.0,13.0,Midfielder,Defensive Midfielder,7za8h1pgec0y2s1ihmkkfvpm2,3adj8hkws0z1al232bg2h6tk0,Stade Brestois 29,Brest,Brest,BRE,477711.0,180.0,2.0,116.0,90.0,77.59,32.0,21.0,65.63,5.0,1.0,20.0,0.0,0.0,0.0,Joris,Chotard,2001-09-24,24.96,862.0,13.0,Midfielder,Defensive Midfielder,7za8h1pgec0y2s1ihmkkfvpm2,3adj8hkws0z1al232bg2h6tk0,Stade Brestois 29,Brest,Brest,BRE,477711,7za8h1pgec0y2s1ihmkkfvpm2,862,3adj8hkws0z1al232bg2h6tk0
Joseph Kalulu,633077.0,1.0,90.0,0.0,0.0,0.0,0.0,0.0,0.0,0.0,Joseph,Kalulu,2004-11-29,21.78,2128.0,17.0,Defender,Full Back,9vpulgx0cava98j7tzkc43lzo,75qj99fhg5c0ztj2tva5u4uii,Angers Sporting Club de l'Ouest,Angers,Angers,SCO,8.0,81.086,4.0,48.195,0.0,0.0,0.0,0.0,10.136,12.049,2.0,2.0,10.0,0.0,1.0,5.0,4.0,80.0,0.0,0.0,0.0,,,,,,,,,,633077.0,90.0,1.0,0.0,0.0,0.0,0.0,0.012,0.011,0.0,0.0,Joseph,Kalulu,2004-11-29,21.78,2128.0,17.0,Defender,Full Back,9vpulgx0cava98j7tzkc43lzo,75qj99fhg5c0ztj2tva5u4uii,Angers Sporting Club de l'Ouest,Angers,Angers,SCO,633077.0,90.0,1.0,25.0,23.0,92.0,7.0,7.0,100.0,3.0,0.0,0.0,0.0,0.0,0.0,Joseph,Kalulu,2004-11-29,21.78,2128.0,17.0,Defender,Full Back,9vpulgx0cava98j7tzkc43lzo,75qj99fhg5c0ztj2tva5u4uii,Angers Sporting Club de l'Ouest,Angers,Angers,SCO,633077,9vpulgx0cava98j7tzkc43lzo,2128,75qj99fhg5c0ztj2tva5u4uii
Joseph Nonge,549915.0,2.0,78.0,0.0,0.0,0.0,0.0,0.0,0.0,0.0,Joseph,Nonge,2005-05-15,21.32,862.0,7.0,Midfielder,Central Midfielder,49sl1kop4fnjrq5r26hwlls0k,3adj8hkws0z1al232bg2h6tk0,Stade Brestois 29,Brest,Brest,BRE,11.0,85.968,2.0,13.86,0.0,0.0,0.0,0.0,7.815,6.93,3.0,1.0,3.0,1.0,1.0,9.0,7.0,77.778,1.0,0.0,0.0,,,,,,,,,,549915.0,78.0,2.0,0.0,0.0,0.0,0.0,0.019,0.019,0.0,0.0,Joseph,Nonge,2005-05-15,21.32,862.0,7.0,Midfielder,Central Midfielder,49sl1kop4fnjrq5r26hwlls0k,3adj8hkws0z1al232bg2h6tk0,Stade Brestois 29,Brest,Brest,BRE,549915.0,78.0,2.0,22.0,14.0,63.64,10.0,7.0,70.0,0.0,0.0,0.0,0.0,0.0,0.0,Joseph,Nonge,2005-05-15,21.32,862.0,7.0,Midfielder,Central Midfielder,49sl1kop4fnjrq5r26hwlls0k,3adj8hkws0z1al232bg2h6tk0,Stade Brestois 29,Brest,Brest,BRE,549915,49sl1kop4fnjrq5r26hwlls0k,862,3adj8hkws0z1al232bg2h6tk0
Josh Maja,195480.0,2.0,45.0,0.0,0.0,0.0,0.0,0.0,0.0,0.0,Josh,Maja,1998-12-27,27.7,141.0,9.0,Forward,Striker,ew2sm4xxnq9jvmwq70oz4y2g9,23pqcgxu1tip265hbe01kszbt,Le Havre AC,Le Havre,Le Havre,HAC,3.0,29.709,1.0,8.61,0.0,0.0,0.0,0.0,9.903,8.61,0.0,0.0,4.0,1.0,1.0,1.0,0.0,0.0,1.0,0.0,0.0,,,,,,,,,,195480.0,45.0,2.0,2.0,2.0,13.33,0.0,0.029,0.029,0.0,0.0,Josh,Maja,1998-12-27,27.7,141.0,9.0,Forward,Striker,ew2sm4xxnq9jvmwq70oz4y2g9,23pqcgxu1tip265hbe01kszbt,Le Havre AC,Le Havre,Le Havre,HAC,195480.0,45.0,2.0,16.0,15.0,93.75,6.0,5.0,83.33,0.0,0.0,0.0,0.0,0.0,0.0,Josh,Maja,1998-12-27,27.7,141.0,9.0,Forward,Striker,ew2sm4xxnq9jvmwq70oz4y2g9,23pqcgxu1tip265hbe01kszbt,Le Havre AC,Le Havre,Le Havre,HAC,195480,ew2sm4xxnq9jvmwq70oz4y2g9,141,23pqcgxu1tip265hbe01kszbt
Josué Casimir,509284.0,2.0,22.0,0.0,0.06,-0.06,2.0,0.0,0.0,0.03,Josué,Casimir,2001-09-24,24.96,138.0,7.0,Forward,Winger,1i1kglybnprrm3qliag8citm2,9bxav814mkuhueiyivyive82d,Association Jeunesse Auxerroise,Auxerre,Auxerre,AJA,4.0,73.743,3.0,57.435,0.0,0.0,0.0,0.0,18.436,19.145,2.0,0.0,2.0,0.0,0.0,6.0,4.0,66.667,1.0,1.0,100.0,,,,,,,,,,509284.0,22.0,2.0,0.0,0.0,0.0,0.0,0.088,0.088,0.0,0.0,Josué,Casimir,2001-09-24,24.96,138.0,7.0,Forward,Winger,1i1kglybnprrm3qliag8citm2,9bxav814mkuhueiyivyive82d,Association Jeunesse Auxerroise,Auxerre,Auxerre,AJA,509284.0,22.0,2.0,20.0,18.0,90.0,10.0,9.0,90.0,1.0,0.0,0.0,1.0,1.0,100.0,Josué,Casimir,2001-09-24,24.96,138.0,7.0,Forward,Winger,1i1kglybnprrm3qliag8citm2,9bxav814mkuhueiyivyive82d,Association Jeunesse Auxerroise,Auxerre,Auxerre,AJA,509284,1i1kglybnprrm3qliag8citm2,138,9bxav814mkuhueiyivyive82d
João Neves,551150.0,1.0,60.0,0.0,0.16,-0.16,3.0,1.0,0.0,0.05,João Pedro,Gonçalves Neves,2004-09-27,21.95,149.0,87.0,Midfielder,0,929ho421g2zacylfc97m23uac,2b3mar72yy8d6uvat1ka6tn3r,Paris Saint-Germain FC,Paris Saint-Germain,Paris SG,PSG,11.0,120.295,3.0,9.765,0.0,0.0,0.0,0.0,10.936,3.255,2.0,2.0,3.0,0.0,0.0,3.0,2.0,66.667,5.0,2.0,40.0,,,,,,,,,,551150.0,60.0,1.0,1.0,1.0,1.69,0.0,0.048,0.048,0.0,0.0,João Pedro,Gonçalves Neves,2004-09-27,21.95,149.0,87.0,Midfielder,0,929ho421g2zacylfc97m23uac,2b3mar72yy8d6uvat1ka6tn3r,Paris Saint-Germain FC,Paris Saint-Germain,Paris SG,PSG,551150.0,60.0,1.0,59.0,56.0,94.92,20.0,17.0,85.0,0.0,0.0,0.0,0.0,0.0,0.0,João Pedro,Gonçalves Neves,2004-09-27,21.95,149.0,87.0,Midfielder,0,929ho421g2zacylfc97m23uac,2b3mar72yy8d6uvat1ka6tn3r,Paris Saint-Germain FC,Paris Saint-Germain,Paris SG,PSG,551150,929ho421g2zacylfc97m23uac,149,2b3mar72yy8d6uvat1ka6tn3r
Jules Bouffandeau,749741.0,0.0,0.0,0.0,0.0,0.0,0.0,0.0,0.0,0.0,Jules,Bouffandeau,2009-07-25,17.12,2128.0,37.0,Midfielder,Central Midfielder,749741,75qj99fhg5c0ztj2tva5u4uii,Angers Sporting Club de l'Ouest,Angers,Angers,SCO,0.0,0.0,0.0,0.0,0.0,0.0,0.0,0.0,0.0,0.0,0.0,0.0,0.0,0.0,0.0,0.0,0.0,0.0,0.0,0.0,0.0,,,,,,,,,,749741.0,0.0,0.0,0.0,0.0,0.0,0.0,0.0,0.0,0.0,0.0,Jules,Bouffandeau,2009-07-25,17.12,2128.0,37.0,Midfielder,Central Midfielder,749741,75qj99fhg5c0ztj2tva5u4uii,Angers Sporting Club de l'Ouest,Angers,Angers,SCO,749741.0,0.0,0.0,0.0,0.0,0.0,0.0,0.0,0.0,0.0,0.0,0.0,0.0,0.0,0.0,Jules,Bouffandeau,2009-07-25,17.12,2128.0,37.0,Midfielder,Central Midfielder,749741,75qj99fhg5c0ztj2tva5u4uii,Angers Sporting Club de l'Ouest,Angers,Angers,SCO,749741,749741,2128,75qj99fhg5c0ztj2tva5u4uii
Julien Duranville,560114.0,1.0,63.0,0.0,0.0,0.0,0.0,0.0,0.0,0.0,Julien,Duranville,2006-05-05,20.35,143.0,24.0,Forward,Winger,e2w5cj66plnx3kuhnehgswsus,121le8unjfzug3iu9pgkqa1c7,Lyon,Olympique Lyonnais,Lyon,OL,7.0,55.519,2.0,16.275,0.0,0.0,0.0,0.0,7.931,8.137,0.0,0.0,1.0,0.0,0.0,4.0,2.0,50.0,0.0,0.0,0.0,,,,,,,,,,560114.0,63.0,1.0,0.0,0.0,0.0,0.0,0.063,0.063,0.0,0.0,Julien,Duranville,2006-05-05,20.35,143.0,24.0,Forward,Winger,e2w5cj66plnx3kuhnehgswsus,121le8unjfzug3iu9pgkqa1c7,Lyon,Olympique Lyonnais,Lyon,OL,560114.0,63.0,1.0,22.0,20.0,90.91,12.0,10.0,83.33,1.0,0.0,0.0,0.0,0.0,0.0,Julien,Duranville,2006-05-05,20.35,143.0,24.0,Forward,Winger,e2w5cj66plnx3kuhnehgswsus,121le8unjfzug3iu9pgkqa1c7,Lyon,Olympique Lyonnais,Lyon,OL,560114,e2w5cj66plnx3kuhnehgswsus,143,121le8unjfzug3iu9pgkqa1c7
Julián Vignolo,648413.0,2.0,138.0,0.0,0.28,-0.28,4.0,1.0,0.0,0.07,Julián,Vignolo,2006-12-07,19.75,427.0,7.0,Forward,Striker,bnvxzhxn1vv2pt76q43bu55p0,4aghw9tyi8ba3ju1ne83gmf9w,Toulouse FC,Toulouse,Toulouse,TFC,11.0,152.584,10.0,140.805,2.0,0.0,0.0,0.0,13.871,14.08,2.0,0.0,7.0,0.0,3.0,13.0,5.0,38.462,1.0,1.0,100.0,,,,,,,,,,648413.0,138.0,2.0,1.0,1.0,5.0,0.0,0.095,0.095,0.0,0.0,Julián,Vignolo,2006-12-07,19.75,427.0,7.0,Forward,Striker,bnvxzhxn1vv2pt76q43bu55p0,4aghw9tyi8ba3ju1ne83gmf9w,Toulouse FC,Toulouse,Toulouse,TFC,648413.0,138.0,2.0,20.0,13.0,65.0,12.0,7.0,58.33,2.0,0.0,0.0,1.0,0.0,0.0,Julián,Vignolo,2006-12-07,19.75,427.0,7.0,Forward,Striker,bnvxzhxn1vv2pt76q43bu55p0,4aghw9tyi8ba3ju1ne83gmf9w,Toulouse FC,Toulouse,Toulouse,TFC,648413,bnvxzhxn1vv2pt76q43bu55p0,427,4aghw9tyi8ba3ju1ne83gmf9w
Junior Diaz,592507.0,2.0,180.0,0.0,0.14,-0.14,1.0,0.0,0.0,0.14,Junior,Diaz,2003-07-23,23.13,154.0,4.0,Defender,Central Defender,eja2nphte2kxb19bz108zk7is,3unkqo2g6ag99gd5ynz1j7vse,Espérance Sportive Troyes Aube Champagne,Troyes,Troyes,TRO,16.0,168.035,5.0,44.31,0.0,0.0,0.0,0.0,10.502,8.862,3.0,4.0,7.0,0.0,8.0,7.0,3.0,42.857,5.0,3.0,60.0,,,,,,,,,,592507.0,180.0,2.0,0.0,0.0,0.0,0.0,0.16,0.16,0.0,0.0,Junior,Diaz,2003-07-23,23.13,154.0,4.0,Defender,Central Defender,eja2nphte2kxb19bz108zk7is,3unkqo2g6ag99gd5ynz1j7vse,Espérance Sportive Troyes Aube Champagne,Troyes,Troyes,TRO,592507.0,180.0,2.0,84.0,77.0,91.67,7.0,5.0,71.43,0.0,0.0,0.0,1.0,1.0,100.0,Junior,Diaz,2003-07-23,23.13,154.0,4.0,Defender,Central Defender,eja2nphte2kxb19bz108zk7is,3unkqo2g6ag99gd5ynz1j7vse,Espérance Sportive Troyes Aube Champagne,Troyes,Troyes,TRO,592507,eja2nphte2kxb19bz108zk7is,154,3unkqo2g6ag99gd5ynz1j7vse
Junior Mwanga,578052.0,2.0,180.0,0.0,0.0,0.0,0.0,0.0,0.0,0.0,Junior,Mwanga,2003-05-11,23.33,141.0,6.0,Midfielder,Defensive Midfielder,4y1je8y7jioje2r96vf8zutxw,23pqcgxu1tip265hbe01kszbt,Le Havre AC,Le Havre,Le Havre,HAC,19.0,163.617,11.0,115.29,0.0,0.0,1.0,0.0,8.611,10.481,5.0,3.0,6.0,1.0,8.0,11.0,5.0,45.455,1.0,0.0,0.0,,,,,,,,,,578052.0,180.0,2.0,1.0,1.0,1.64,0.0,0.022,0.022,0.0,0.0,Junior,Mwanga,2003-05-11,23.33,141.0,6.0,Midfielder,Defensive Midfielder,4y1je8y7jioje2r96vf8zutxw,23pqcgxu1tip265hbe01kszbt,Le Havre AC,Le Havre,Le Havre,HAC,578052.0,180.0,2.0,64.0,55.0,85.94,11.0,9.0,81.82,1.0,0.0,0.0,1.0,0.0,0.0,Junior,Mwanga,2003-05-11,23.33,141.0,6.0,Midfielder,Defensive Midfielder,4y1je8y7jioje2r96vf8zutxw,23pqcgxu1tip265hbe01kszbt,Le Havre AC,Le Havre,Le Havre,HAC,578052,4y1je8y7jioje2r96vf8zutxw,141,23pqcgxu1tip265hbe01kszbt
Kaito Mizuta,547866.0,2.0,67.0,0.0,0.14,-0.14,3.0,0.0,0.0,0.05,Kaito,Mizuta,2000-04-08,26.42,141.0,17.0,Midfielder,Attacking Midfielder,blvsz17s5wjfnl2lg8xa60goa,23pqcgxu1tip265hbe01kszbt,Le Havre AC,Le Havre,Le Havre,HAC,10.0,149.447,5.0,76.02,1.0,0.0,0.0,0.0,14.945,15.204,1.0,0.0,1.0,0.0,0.0,3.0,2.0,66.667,0.0,0.0,0.0,,,,,,,,,,547866.0,67.0,2.0,1.0,0.0,0.0,100.0,0.168,0.14,0.0,0.0,Kaito,Mizuta,2000-04-08,26.42,141.0,17.0,Midfielder,Attacking Midfielder,blvsz17s5wjfnl2lg8xa60goa,23pqcgxu1tip265hbe01kszbt,Le Havre AC,Le Havre,Le Havre,HAC,547866.0,67.0,2.0,24.0,19.0,79.17,12.0,9.0,75.0,5.0,0.0,0.0,0.0,0.0,0.0,Kaito,Mizuta,2000-04-08,26.42,141.0,17.0,Midfielder,Attacking Midfielder,blvsz17s5wjfnl2lg8xa60goa,23pqcgxu1tip265hbe01kszbt,Le Havre AC,Le Havre,Le Havre,HAC,547866,blvsz17s5wjfnl2lg8xa60goa,141,23pqcgxu1tip265hbe01kszbt
Kamory Doumbia,559827.0,2.0,164.0,2.0,1.16,0.84,5.0,2.0,40.0,0.23,Kamory,Doumbia,2003-02-18,23.56,862.0,23.0,Midfielder,Attacking Midfielder,8gkexxgf3pypshhqwg6ibp7o4,3adj8hkws0z1al232bg2h6tk0,Stade Brestois 29,Brest,Brest,BRE,26.0,259.476,10.0,115.605,0.0,0.0,0.0,0.0,9.98,11.561,2.0,3.0,12.0,0.0,0.0,24.0,11.0,45.833,3.0,0.0,0.0,,,,,,,,,,559827.0,164.0,2.0,2.0,2.0,1.54,0.0,0.487,0.487,1.0,1.0,Kamory,Doumbia,2003-02-18,23.56,862.0,23.0,Midfielder,Attacking Midfielder,8gkexxgf3pypshhqwg6ibp7o4,3adj8hkws0z1al232bg2h6tk0,Stade Brestois 29,Brest,Brest,BRE,559827.0,164.0,2.0,65.0,60.0,92.31,24.0,20.0,83.33,0.0,0.0,0.0,0.0,0.0,0.0,Kamory,Doumbia,2003-02-18,23.56,862.0,23.0,Midfielder,Attacking Midfielder,8gkexxgf3pypshhqwg6ibp7o4,3adj8hkws0z1al232bg2h6tk0,Stade Brestois 29,Brest,Brest,BRE,559827,8gkexxgf3pypshhqwg6ibp7o4,862,3adj8hkws0z1al232bg2h6tk0
Kandet Diawara,496521.0,2.0,98.0,0.0,0.02,-0.02,1.0,0.0,0.0,0.02,Kandet,Diawara,2000-02-10,26.58,154.0,7.0,Forward,Winger,8bksz6c74dci1fvznxledrwiy,3unkqo2g6ag99gd5ynz1j7vse,Espérance Sportive Troyes Aube Champagne,Troyes,Troyes,TRO,14.0,205.219,12.0,168.945,0.0,0.0,0.0,0.0,14.658,14.079,0.0,0.0,6.0,0.0,0.0,4.0,0.0,0.0,2.0,2.0,100.0,,,,,,,,,,496521.0,98.0,2.0,1.0,1.0,4.0,0.0,0.057,0.057,0.0,0.0,Kandet,Diawara,2000-02-10,26.58,154.0,7.0,Forward,Winger,8bksz6c74dci1fvznxledrwiy,3unkqo2g6ag99gd5ynz1j7vse,Espérance Sportive Troyes Aube Champagne,Troyes,Troyes,TRO,496521.0,98.0,2.0,26.0,20.0,76.92,22.0,16.0,72.73,3.0,0.0,0.0,0.0,0.0,0.0,Kandet,Diawara,2000-02-10,26.58,154.0,7.0,Forward,Winger,8bksz6c74dci1fvznxledrwiy,3unkqo2g6ag99gd5ynz1j7vse,Espérance Sportive Troyes Aube Champagne,Troyes,Troyes,TRO,496521,8bksz6c74dci1fvznxledrwiy,154,3unkqo2g6ag99gd5ynz1j7vse
Karim Coulibaly,628995.0,1.0,7.0,0.0,0.0,0.0,0.0,0.0,0.0,0.0,Karim,Coulibaly,2007-05-23,19.3,153.0,31.0,Defender,Central Defender,8w9qk5a1mf1ecrm9pfncnafx0,71ajatxnuhc5cnm3xvgdky49w,RC Strasbourg Alsace,Strasbourg,Strasbourg,STR,1.0,8.846,1.0,8.82,0.0,0.0,0.0,0.0,8.846,8.82,0.0,0.0,1.0,2.0,1.0,0.0,0.0,0.0,0.0,0.0,0.0,,,,,,,,,,628995.0,7.0,1.0,0.0,0.0,0.0,0.0,0.0,0.0,0.0,0.0,Karim,Coulibaly,2007-05-23,19.3,153.0,31.0,Defender,Central Defender,8w9qk5a1mf1ecrm9pfncnafx0,71ajatxnuhc5cnm3xvgdky49w,RC Strasbourg Alsace,Strasbourg,Strasbourg,STR,628995.0,7.0,1.0,3.0,2.0,66.67,0.0,0.0,0.0,0.0,0.0,0.0,0.0,0.0,0.0,Karim,Coulibaly,2007-05-23,19.3,153.0,31.0,Defender,Central Defender,8w9qk5a1mf1ecrm9pfncnafx0,71ajatxnuhc5cnm3xvgdky49w,RC Strasbourg Alsace,Strasbourg,Strasbourg,STR,628995,8w9qk5a1mf1ecrm9pfncnafx0,153,71ajatxnuhc5cnm3xvgdky49w
Kaïl Boudache,632700.0,2.0,151.0,0.0,0.38,-0.38,6.0,1.0,0.0,0.06,Kaïl,Boudache,2006-06-15,20.23,143.0,26.0,Forward,Winger,89wbevcfzkyq9qepocguaef4k,121le8unjfzug3iu9pgkqa1c7,Lyon,Olympique Lyonnais,Lyon,OL,26.0,316.46,14.0,168.105,4.0,0.0,0.0,0.0,12.172,12.007,1.0,0.0,5.0,0.0,1.0,19.0,9.0,47.368,0.0,0.0,0.0,,,,,,,,,,632700.0,151.0,2.0,0.0,0.0,0.0,0.0,0.045,0.045,0.0,0.0,Kaïl,Boudache,2006-06-15,20.23,143.0,26.0,Forward,Winger,89wbevcfzkyq9qepocguaef4k,121le8unjfzug3iu9pgkqa1c7,Lyon,Olympique Lyonnais,Lyon,OL,632700.0,151.0,2.0,42.0,35.0,83.33,17.0,11.0,64.71,1.0,0.0,0.0,0.0,0.0,0.0,Kaïl,Boudache,2006-06-15,20.23,143.0,26.0,Forward,Winger,89wbevcfzkyq9qepocguaef4k,121le8unjfzug3iu9pgkqa1c7,Lyon,Olympique Lyonnais,Lyon,OL,632700,89wbevcfzkyq9qepocguaef4k,143,121le8unjfzug3iu9pgkqa1c7
Kelyann Bezahaf,633742.0,0.0,0.0,0.0,0.0,0.0,0.0,0.0,0.0,0.0,Kelyann,Bezahaf,2006-05-16,20.32,144.0,74.0,Defender,Full Back,633742,27xvwccz8kpmqsefjv2b2sc0o,Olympique de Marseille,Olympique Marseille,Marseille,OM,0.0,0.0,0.0,0.0,0.0,0.0,0.0,0.0,0.0,0.0,0.0,0.0,0.0,0.0,0.0,0.0,0.0,0.0,0.0,0.0,0.0,,,,,,,,,,633742.0,0.0,0.0,0.0,0.0,0.0,0.0,0.0,0.0,0.0,0.0,Kelyann,Bezahaf,2006-05-16,20.32,144.0,74.0,Defender,Full Back,633742,27xvwccz8kpmqsefjv2b2sc0o,Olympique de Marseille,Olympique Marseille,Marseille,OM,633742.0,0.0,0.0,0.0,0.0,0.0,0.0,0.0,0.0,0.0,0.0,0.0,0.0,0.0,0.0,Kelyann,Bezahaf,2006-05-16,20.32,144.0,74.0,Defender,Full Back,633742,27xvwccz8kpmqsefjv2b2sc0o,Olympique de Marseille,Olympique Marseille,Marseille,OM,633742,633742,144,27xvwccz8kpmqsefjv2b2sc0o
Kenny Lala,92527.0,2.0,180.0,0.0,0.04,-0.04,2.0,0.0,0.0,0.02,Kenny,Lala,1991-10-03,34.94,862.0,70.0,Defender,Full Back,ef2n7d6rysar49toiz2k3obth,3adj8hkws0z1al232bg2h6tk0,Stade Brestois 29,Brest,Brest,BRE,32.0,409.507,26.0,342.72,0.0,0.0,5.0,0.0,12.797,13.182,3.0,0.0,7.0,0.0,7.0,8.0,5.0,62.5,2.0,1.0,50.0,,,,,,,,,,92527.0,180.0,2.0,6.0,6.0,7.41,0.0,0.641,0.625,0.0,0.0,Kenny,Lala,1991-10-03,34.94,862.0,70.0,Defender,Full Back,ef2n7d6rysar49toiz2k3obth,3adj8hkws0z1al232bg2h6tk0,Stade Brestois 29,Brest,Brest,BRE,92527.0,180.0,2.0,86.0,61.0,70.93,25.0,13.0,52.0,12.0,5.0,41.67,0.0,0.0,0.0,Kenny,Lala,1991-10-03,34.94,862.0,70.0,Defender,Full Back,ef2n7d6rysar49toiz2k3obth,3adj8hkws0z1al232bg2h6tk0,Stade Brestois 29,Brest,Brest,BRE,92527,ef2n7d6rysar49toiz2k3obth,862,3adj8hkws0z1al232bg2h6tk0
Kevin Trapp,,,,,,,,,,,,,,,,,,,,,,,,,,,,,,,,,,,,,,,,,,,,,,180.0,100.0,0.0,0.0,6.0,100.0,0.86,0.0,0.86,,,,,,,,,,,,,,,,,,,,,,,,,,,,,,,,,,,,,,,,,,,,,,,,,,,,,,,52482,7obuhegyo1qcoikt23egcsr85,2338,8v00fx2zwhiwm05tqqkt122p5
Keyliane Abdallah,634422.0,2.0,52.0,1.0,0.51,0.49,4.0,2.0,25.0,0.13,Keyliane,Abdallah,2006-04-05,20.43,144.0,48.0,Forward,Winger,57ssrnac8lqmbvn1ia1xmfs44,27xvwccz8kpmqsefjv2b2sc0o,Olympique de Marseille,Olympique Marseille,Marseille,OM,25.0,276.15,13.0,111.51,1.0,0.0,1.0,0.0,11.046,8.578,0.0,0.0,0.0,0.0,0.0,8.0,5.0,62.5,0.0,0.0,0.0,,,,,,,,,,634422.0,52.0,2.0,2.0,2.0,4.88,0.0,0.415,0.415,0.0,0.0,Keyliane,Abdallah,2006-04-05,20.43,144.0,48.0,Forward,Winger,57ssrnac8lqmbvn1ia1xmfs44,27xvwccz8kpmqsefjv2b2sc0o,Olympique de Marseille,Olympique Marseille,Marseille,OM,634422.0,52.0,2.0,41.0,36.0,87.8,20.0,17.0,85.0,4.0,1.0,25.0,0.0,0.0,0.0,Keyliane,Abdallah,2006-04-05,20.43,144.0,48.0,Forward,Winger,57ssrnac8lqmbvn1ia1xmfs44,27xvwccz8kpmqsefjv2b2sc0o,Olympique de Marseille,Olympique Marseille,Marseille,OM,634422,57ssrnac8lqmbvn1ia1xmfs44,144,27xvwccz8kpmqsefjv2b2sc0o
Khalis Merah,695367.0,0.0,0.0,0.0,0.0,0.0,0.0,0.0,0.0,0.0,Khalis,Merah,2007-02-24,19.54,143.0,18.0,Midfielder,Central Midfielder,695367,121le8unjfzug3iu9pgkqa1c7,Lyon,Olympique Lyonnais,Lyon,OL,0.0,0.0,0.0,0.0,0.0,0.0,0.0,0.0,0.0,0.0,0.0,0.0,0.0,0.0,0.0,0.0,0.0,0.0,0.0,0.0,0.0,,,,,,,,,,695367.0,0.0,0.0,0.0,0.0,0.0,0.0,0.0,0.0,0.0,0.0,Khalis,Merah,2007-02-24,19.54,143.0,18.0,Midfielder,Central Midfielder,695367,121le8unjfzug3iu9pgkqa1c7,Lyon,Olympique Lyonnais,Lyon,OL,695367.0,0.0,0.0,0.0,0.0,0.0,0.0,0.0,0.0,0.0,0.0,0.0,0.0,0.0,0.0,Khalis,Merah,2007-02-24,19.54,143.0,18.0,Midfielder,Central Midfielder,695367,121le8unjfzug3iu9pgkqa1c7,Lyon,Olympique Lyonnais,Lyon,OL,695367,695367,143,121le8unjfzug3iu9pgkqa1c7
Khvicha Kvaratskhelia,440668.0,2.0,90.0,0.0,0.15,-0.15,3.0,0.0,0.0,0.05,Khvicha,Kvaratskhelia,2001-02-12,25.57,149.0,7.0,Forward,Winger,4zy4d60v2qmaplm9xbe51y1gp,2b3mar72yy8d6uvat1ka6tn3r,Paris Saint-Germain FC,Paris Saint-Germain,Paris SG,PSG,22.0,234.736,4.0,-29.925,1.0,0.0,1.0,0.0,10.67,-7.481,0.0,0.0,0.0,0.0,0.0,11.0,3.0,27.273,0.0,0.0,0.0,,,,,,,,,,440668.0,90.0,2.0,1.0,1.0,2.22,0.0,0.171,0.17,0.0,0.0,Khvicha,Kvaratskhelia,2001-02-12,25.57,149.0,7.0,Forward,Winger,4zy4d60v2qmaplm9xbe51y1gp,2b3mar72yy8d6uvat1ka6tn3r,Paris Saint-Germain FC,Paris Saint-Germain,Paris SG,PSG,440668.0,90.0,2.0,46.0,46.0,100.0,33.0,33.0,100.0,4.0,1.0,25.0,0.0,0.0,0.0,Khvicha,Kvaratskhelia,2001-02-12,25.57,149.0,7.0,Forward,Winger,4zy4d60v2qmaplm9xbe51y1gp,2b3mar72yy8d6uvat1ka6tn3r,Paris Saint-Germain FC,Paris Saint-Germain,Paris SG,PSG,440668,4zy4d60v2qmaplm9xbe51y1gp,149,2b3mar72yy8d6uvat1ka6tn3r
Kévin Danois,545272.0,2.0,180.0,0.0,0.28,-0.28,6.0,1.0,0.0,0.05,Kévin,Danois,2004-06-28,22.2,138.0,5.0,Midfielder,Attacking Midfielder,4sjs5ktvkun9g96w6h5a39puc,9bxav814mkuhueiyivyive82d,Association Jeunesse Auxerroise,Auxerre,Auxerre,AJA,52.0,527.125,24.0,237.93,1.0,0.0,1.0,0.0,10.137,9.914,7.0,1.0,12.0,0.0,3.0,22.0,14.0,63.636,2.0,1.0,50.0,,,,,,,,,,545272.0,180.0,2.0,2.0,2.0,1.6,0.0,0.162,0.162,0.0,0.0,Kévin,Danois,2004-06-28,22.2,138.0,5.0,Midfielder,Attacking Midfielder,4sjs5ktvkun9g96w6h5a39puc,9bxav814mkuhueiyivyive82d,Association Jeunesse Auxerroise,Auxerre,Auxerre,AJA,545272.0,180.0,2.0,130.0,105.0,80.77,52.0,35.0,67.31,2.0,0.0,0.0,0.0,0.0,0.0,Kévin,Danois,2004-06-28,22.2,138.0,5.0,Midfielder,Attacking Midfielder,4sjs5ktvkun9g96w6h5a39puc,9bxav814mkuhueiyivyive82d,Association Jeunesse Auxerroise,Auxerre,Auxerre,AJA,545272,4sjs5ktvkun9g96w6h5a39puc,138,9bxav814mkuhueiyivyive82d
Lamfia Dioubaté,725053.0,2.0,33.0,0.0,0.05,-0.05,2.0,1.0,0.0,0.02,Lamfia,Dioubaté,2007-07-20,19.14,138.0,34.0,Midfielder,Defensive Midfielder,baxx0jl4weaymn7wj9692o1zo,9bxav814mkuhueiyivyive82d,Association Jeunesse Auxerroise,Auxerre,Auxerre,AJA,6.0,63.699,3.0,31.185,1.0,0.0,0.0,0.0,10.616,10.395,0.0,0.0,4.0,0.0,0.0,3.0,0.0,0.0,0.0,0.0,0.0,,,,,,,,,,725053.0,33.0,2.0,0.0,0.0,0.0,0.0,0.007,0.007,0.0,0.0,Lamfia,Dioubaté,2007-07-20,19.14,138.0,34.0,Midfielder,Defensive Midfielder,baxx0jl4weaymn7wj9692o1zo,9bxav814mkuhueiyivyive82d,Association Jeunesse Auxerroise,Auxerre,Auxerre,AJA,725053.0,33.0,2.0,12.0,9.0,75.0,4.0,4.0,100.0,0.0,0.0,0.0,0.0,0.0,0.0,Lamfia,Dioubaté,2007-07-20,19.14,138.0,34.0,Midfielder,Defensive Midfielder,baxx0jl4weaymn7wj9692o1zo,9bxav814mkuhueiyivyive82d,Association Jeunesse Auxerroise,Auxerre,Auxerre,AJA,725053,baxx0jl4weaymn7wj9692o1zo,138,9bxav814mkuhueiyivyive82d
Lamine Camara,585597.0,2.0,180.0,0.0,0.02,-0.02,1.0,1.0,0.0,0.02,Lamine,Camara,2004-01-01,22.69,146.0,15.0,Midfielder,Central Midfielder,8eq4c5cotvem9ae9uzb2yezo4,4t4hod56fsj7utpjdor8so5q6,AS Monaco FC,Monaco,Monaco,ASM,34.0,376.425,16.0,172.515,1.0,0.0,0.0,0.0,11.071,10.782,13.0,4.0,22.0,0.0,2.0,28.0,20.0,71.429,2.0,1.0,50.0,,,,,,,,,,585597.0,180.0,2.0,2.0,2.0,1.71,0.0,0.041,0.038,0.0,0.0,Lamine,Camara,2004-01-01,22.69,146.0,15.0,Midfielder,Central Midfielder,8eq4c5cotvem9ae9uzb2yezo4,4t4hod56fsj7utpjdor8so5q6,AS Monaco FC,Monaco,Monaco,ASM,585597.0,180.0,2.0,126.0,118.0,93.65,20.0,18.0,90.0,1.0,1.0,100.0,0.0,0.0,0.0,Lamine,Camara,2004-01-01,22.69,146.0,15.0,Midfielder,Central Midfielder,8eq4c5cotvem9ae9uzb2yezo4,4t4hod56fsj7utpjdor8so5q6,AS Monaco FC,Monaco,Monaco,ASM,585597,8eq4c5cotvem9ae9uzb2yezo4,146,4t4hod56fsj7utpjdor8so5q6
Lamine Sy,552015.0,2.0,180.0,1.0,0.77,0.23,2.0,1.0,50.0,0.39,Lamine,Sy,2002-08-10,24.08,138.0,27.0,Defender,Full Back,9t2dfjl5agcsblpq8dpqojofe,9bxav814mkuhueiyivyive82d,Association Jeunesse Auxerroise,Auxerre,Auxerre,AJA,32.0,359.419,17.0,170.1,1.0,0.0,2.0,0.0,11.232,10.006,1.0,4.0,6.0,0.0,3.0,13.0,3.0,23.077,8.0,3.0,37.5,,,,,,,,,,552015.0,180.0,2.0,3.0,3.0,3.7,0.0,0.085,0.085,0.0,0.0,Lamine,Sy,2002-08-10,24.08,138.0,27.0,Defender,Full Back,9t2dfjl5agcsblpq8dpqojofe,9bxav814mkuhueiyivyive82d,Association Jeunesse Auxerroise,Auxerre,Auxerre,AJA,552015.0,180.0,2.0,82.0,69.0,84.15,28.0,19.0,67.86,5.0,1.0,20.0,0.0,0.0,0.0,Lamine,Sy,2002-08-10,24.08,138.0,27.0,Defender,Full Back,9t2dfjl5agcsblpq8dpqojofe,9bxav814mkuhueiyivyive82d,Association Jeunesse Auxerroise,Auxerre,Auxerre,AJA,552015,9t2dfjl5agcsblpq8dpqojofe,138,9bxav814mkuhueiyivyive82d
Lassine Sinayoko,445970.0,2.0,169.0,1.0,1.47,-0.47,6.0,1.0,16.67,0.25,Lassine,Sinayoko,1999-12-08,26.76,2338.0,9.0,Forward,Striker,aujgya83jg4eylvm7hjjbbasq,8v00fx2zwhiwm05tqqkt122p5,Paris FC,Paris FC,Paris FC,PAR,5.0,54.043,1.0,-2.1,0.0,0.0,1.0,0.0,10.809,-2.1,5.0,3.0,5.0,0.0,0.0,13.0,8.0,61.538,9.0,4.0,44.444,,,,,,,,,,445970.0,169.0,2.0,5.0,5.0,13.16,0.0,0.058,0.058,0.0,0.0,Lassine,Sinayoko,1999-12-08,26.76,2338.0,9.0,Forward,Striker,aujgya83jg4eylvm7hjjbbasq,8v00fx2zwhiwm05tqqkt122p5,Paris FC,Paris FC,Paris FC,PAR,445970.0,169.0,2.0,38.0,32.0,84.21,13.0,11.0,84.62,0.0,0.0,0.0,0.0,0.0,0.0,Lassine,Sinayoko,1999-12-08,26.76,2338.0,9.0,Forward,Striker,aujgya83jg4eylvm7hjjbbasq,8v00fx2zwhiwm05tqqkt122p5,Paris FC,Paris FC,Paris FC,PAR,445970,aujgya83jg4eylvm7hjjbbasq,2338,8v00fx2zwhiwm05tqqkt122p5
Lasso Coulibaly,544908.0,1.0,13.0,0.0,0.0,0.0,0.0,0.0,0.0,0.0,Lasso,Coulibaly,2002-10-19,23.89,138.0,21.0,Midfielder,Winger,ykp13dluyk1dwzunv5qj2yhg,9bxav814mkuhueiyivyive82d,Association Jeunesse Auxerroise,Auxerre,Auxerre,AJA,1.0,5.544,0.0,-0.63,0.0,0.0,0.0,0.0,5.544,0.0,1.0,0.0,2.0,0.0,1.0,2.0,2.0,100.0,0.0,0.0,0.0,,,,,,,,,,544908.0,13.0,1.0,1.0,1.0,25.0,0.0,0.009,0.009,0.0,0.0,Lasso,Coulibaly,2002-10-19,23.89,138.0,21.0,Midfielder,Winger,ykp13dluyk1dwzunv5qj2yhg,9bxav814mkuhueiyivyive82d,Association Jeunesse Auxerroise,Auxerre,Auxerre,AJA,544908.0,13.0,1.0,5.0,5.0,100.0,3.0,3.0,100.0,0.0,0.0,0.0,0.0,0.0,0.0,Lasso,Coulibaly,2002-10-19,23.89,138.0,21.0,Midfielder,Winger,ykp13dluyk1dwzunv5qj2yhg,9bxav814mkuhueiyivyive82d,Association Jeunesse Auxerroise,Auxerre,Auxerre,AJA,544908,ykp13dluyk1dwzunv5qj2yhg,138,9bxav814mkuhueiyivyive82d
Lilian Raolisoa,608246.0,1.0,85.0,0.0,0.04,-0.04,1.0,0.0,0.0,0.04,Lilian,Raolisoa,2000-06-16,26.23,2128.0,27.0,Defender,Full Back,4l4hmsih1jyb9jegs60cbn4oa,75qj99fhg5c0ztj2tva5u4uii,Angers Sporting Club de l'Ouest,Angers,Angers,SCO,21.0,240.084,13.0,143.325,1.0,0.0,0.0,0.0,11.433,11.025,2.0,6.0,5.0,0.0,6.0,8.0,7.0,87.5,2.0,2.0,100.0,,,,,,,,,,608246.0,85.0,1.0,0.0,0.0,0.0,0.0,0.071,0.07,0.0,0.0,Lilian,Raolisoa,2000-06-16,26.23,2128.0,27.0,Defender,Full Back,4l4hmsih1jyb9jegs60cbn4oa,75qj99fhg5c0ztj2tva5u4uii,Angers Sporting Club de l'Ouest,Angers,Angers,SCO,608246.0,85.0,1.0,47.0,36.0,76.6,7.0,4.0,57.14,9.0,3.0,33.33,0.0,0.0,0.0,Lilian,Raolisoa,2000-06-16,26.23,2128.0,27.0,Defender,Full Back,4l4hmsih1jyb9jegs60cbn4oa,75qj99fhg5c0ztj2tva5u4uii,Angers Sporting Club de l'Ouest,Angers,Angers,SCO,608246,4l4hmsih1jyb9jegs60cbn4oa,2128,75qj99fhg5c0ztj2tva5u4uii
Lionel Mpasi,,,,,,,,,,,,,,,,,,,,,,,,,,,,,,,,,,,,,,,,,,,,,,180.0,100.0,0.0,2.0,11.0,84.62,0.66,1.0,2.66,,,,,,,,,,,,,,,,,,,,,,,,,,,,,,,,,,,,,,,,,,,,,,,,,,,,,,,196111,9s90f4r3095h8mefzmpuut51x,141,23pqcgxu1tip265hbe01kszbt
Louis Mafouta,442793.0,2.0,153.0,3.0,2.21,0.79,7.0,5.0,42.86,0.32,Louis,Mafouta,1994-07-02,32.19,920.0,14.0,Forward,Striker,27rvy5c5l3x2a9lqv0l87e4et,bj8hrmj01r3zit0x8r6qm2eu2,Le Mans FC,Le Mans,Le Mans,LEM,5.0,55.125,2.0,5.46,2.0,1.0,0.0,0.0,11.025,2.73,0.0,0.0,2.0,0.0,0.0,5.0,1.0,20.0,7.0,3.0,42.857,,,,,,,,,,442793.0,153.0,2.0,2.0,2.0,4.55,0.0,0.407,0.407,1.0,1.0,Louis,Mafouta,1994-07-02,32.19,920.0,14.0,Forward,Striker,27rvy5c5l3x2a9lqv0l87e4et,bj8hrmj01r3zit0x8r6qm2eu2,Le Mans FC,Le Mans,Le Mans,LEM,442793.0,153.0,2.0,27.0,20.0,74.07,10.0,7.0,70.0,0.0,0.0,0.0,0.0,0.0,0.0,Louis,Mafouta,1994-07-02,32.19,920.0,14.0,Forward,Striker,27rvy5c5l3x2a9lqv0l87e4et,bj8hrmj01r3zit0x8r6qm2eu2,Le Mans FC,Le Mans,Le Mans,LEM,442793,27rvy5c5l3x2a9lqv0l87e4et,920,bj8hrmj01r3zit0x8r6qm2eu2
Loun Srdanovic,621219.0,0.0,0.0,0.0,0.0,0.0,0.0,0.0,0.0,0.0,Loun,Srdanovic,2006-08-04,20.1,429.0,2.0,Defender,0,621219,be2k34rut1lz79jxenabttqlc,Lille OSC,Lille,Lille,LIL,0.0,0.0,0.0,0.0,0.0,0.0,0.0,0.0,0.0,0.0,0.0,0.0,0.0,0.0,0.0,0.0,0.0,0.0,0.0,0.0,0.0,,,,,,,,,,621219.0,0.0,0.0,0.0,0.0,0.0,0.0,0.0,0.0,0.0,0.0,Loun,Srdanovic,2006-08-04,20.1,429.0,2.0,Defender,0,621219,be2k34rut1lz79jxenabttqlc,Lille OSC,Lille,Lille,LIL,621219.0,0.0,0.0,0.0,0.0,0.0,0.0,0.0,0.0,0.0,0.0,0.0,0.0,0.0,0.0,Loun,Srdanovic,2006-08-04,20.1,429.0,2.0,Defender,0,621219,be2k34rut1lz79jxenabttqlc,Lille OSC,Lille,Lille,LIL,621219,621219,429,be2k34rut1lz79jxenabttqlc
Loïs Openda,235084.0,1.0,90.0,1.0,0.77,0.23,4.0,2.0,25.0,0.19,Loïs,Openda,2000-02-16,26.56,143.0,17.0,Forward,Striker,64ubq0xra74xaunooi8knyajt,121le8unjfzug3iu9pgkqa1c7,Lyon,Olympique Lyonnais,Lyon,OL,6.0,101.966,6.0,94.5,0.0,0.0,1.0,0.0,16.994,15.75,1.0,0.0,5.0,0.0,2.0,5.0,5.0,100.0,0.0,0.0,0.0,,,,,,,,,,235084.0,90.0,1.0,1.0,1.0,9.09,0.0,0.039,0.039,0.0,0.0,Loïs,Openda,2000-02-16,26.56,143.0,17.0,Forward,Striker,64ubq0xra74xaunooi8knyajt,121le8unjfzug3iu9pgkqa1c7,Lyon,Olympique Lyonnais,Lyon,OL,235084.0,90.0,1.0,11.0,8.0,72.73,8.0,6.0,75.0,1.0,0.0,0.0,1.0,0.0,0.0,Loïs,Openda,2000-02-16,26.56,143.0,17.0,Forward,Striker,64ubq0xra74xaunooi8knyajt,121le8unjfzug3iu9pgkqa1c7,Lyon,Olympique Lyonnais,Lyon,OL,235084,64ubq0xra74xaunooi8knyajt,143,121le8unjfzug3iu9pgkqa1c7
Luca Koleosho,487702.0,1.0,45.0,0.0,0.02,-0.02,1.0,0.0,0.0,0.02,Luca,Koleosho,2004-09-15,21.98,2338.0,15.0,Forward,Winger,4ho3e7wi6z5tq8g87l8tjtwtm,8v00fx2zwhiwm05tqqkt122p5,Paris FC,Paris FC,Paris FC,PAR,7.0,69.661,3.0,4.62,1.0,0.0,0.0,0.0,9.952,1.54,0.0,2.0,2.0,0.0,0.0,3.0,1.0,33.333,0.0,0.0,0.0,,,,,,,,,,487702.0,45.0,1.0,1.0,1.0,4.55,0.0,0.016,0.016,0.0,0.0,Luca,Koleosho,2004-09-15,21.98,2338.0,15.0,Forward,Winger,4ho3e7wi6z5tq8g87l8tjtwtm,8v00fx2zwhiwm05tqqkt122p5,Paris FC,Paris FC,Paris FC,PAR,487702.0,45.0,1.0,22.0,17.0,77.27,8.0,4.0,50.0,0.0,0.0,0.0,0.0,0.0,0.0,Luca,Koleosho,2004-09-15,21.98,2338.0,15.0,Forward,Winger,4ho3e7wi6z5tq8g87l8tjtwtm,8v00fx2zwhiwm05tqqkt122p5,Paris FC,Paris FC,Paris FC,PAR,487702,4ho3e7wi6z5tq8g87l8tjtwtm,2338,8v00fx2zwhiwm05tqqkt122p5
Lucas Bretelle,560489.0,2.0,87.0,0.0,0.0,0.0,0.0,0.0,0.0,0.0,Lucas,Bretelle,2002-04-17,24.4,920.0,29.0,Midfielder,Defensive Midfielder,9doxed39dbbpneo9rosk5pdlg,bj8hrmj01r3zit0x8r6qm2eu2,Le Mans FC,Le Mans,Le Mans,LEM,4.0,30.485,1.0,5.67,0.0,0.0,0.0,0.0,7.621,5.67,1.0,2.0,4.0,3.0,2.0,4.0,1.0,25.0,2.0,0.0,0.0,,,,,,,,,,560489.0,87.0,2.0,1.0,1.0,4.55,0.0,0.01,0.01,0.0,0.0,Lucas,Bretelle,2002-04-17,24.4,920.0,29.0,Midfielder,Defensive Midfielder,9doxed39dbbpneo9rosk5pdlg,bj8hrmj01r3zit0x8r6qm2eu2,Le Mans FC,Le Mans,Le Mans,LEM,560489.0,87.0,2.0,22.0,18.0,81.82,10.0,6.0,60.0,0.0,0.0,0.0,0.0,0.0,0.0,Lucas,Bretelle,2002-04-17,24.4,920.0,29.0,Midfielder,Defensive Midfielder,9doxed39dbbpneo9rosk5pdlg,bj8hrmj01r3zit0x8r6qm2eu2,Le Mans FC,Le Mans,Le Mans,LEM,560489,9doxed39dbbpneo9rosk5pdlg,920,bj8hrmj01r3zit0x8r6qm2eu2
Lucas Buadés,433731.0,2.0,180.0,0.0,0.04,-0.04,1.0,1.0,0.0,0.04,Lucas,Buadés,1997-12-28,28.7,920.0,18.0,Defender,Wing Back,3eia7kklruvqktks8rhodvd2h,bj8hrmj01r3zit0x8r6qm2eu2,Le Mans FC,Le Mans,Le Mans,LEM,22.0,327.083,17.0,201.285,0.0,0.0,1.0,0.0,14.867,11.84,1.0,1.0,4.0,0.0,2.0,11.0,9.0,81.818,6.0,4.0,66.667,,,,,,,,,,433731.0,180.0,2.0,1.0,1.0,1.89,0.0,0.106,0.104,0.0,0.0,Lucas,Buadés,1997-12-28,28.7,920.0,18.0,Defender,Wing Back,3eia7kklruvqktks8rhodvd2h,bj8hrmj01r3zit0x8r6qm2eu2,Le Mans FC,Le Mans,Le Mans,LEM,433731.0,180.0,2.0,54.0,34.0,62.96,19.0,8.0,42.11,7.0,0.0,0.0,1.0,1.0,100.0,Lucas,Buadés,1997-12-28,28.7,920.0,18.0,Defender,Wing Back,3eia7kklruvqktks8rhodvd2h,bj8hrmj01r3zit0x8r6qm2eu2,Le Mans FC,Le Mans,Le Mans,LEM,433731,3eia7kklruvqktks8rhodvd2h,920,bj8hrmj01r3zit0x8r6qm2eu2
Lucas Calodat,561736.0,2.0,77.0,0.0,0.02,-0.02,1.0,1.0,0.0,0.02,Lucas,Calodat,2002-02-06,24.59,920.0,22.0,Defender,Wing Back,1leoymz0kfu4y17i1bqdn8zu2,bj8hrmj01r3zit0x8r6qm2eu2,Le Mans FC,Le Mans,Le Mans,LEM,9.0,149.963,6.0,83.685,0.0,0.0,1.0,1.0,16.663,13.948,1.0,1.0,4.0,0.0,2.0,4.0,3.0,75.0,1.0,1.0,100.0,,,,,,,,,,561736.0,77.0,2.0,1.0,1.0,0.0,0.0,0.607,0.606,1.0,1.0,Lucas,Calodat,2002-02-06,24.59,920.0,22.0,Defender,Wing Back,1leoymz0kfu4y17i1bqdn8zu2,bj8hrmj01r3zit0x8r6qm2eu2,Le Mans FC,Le Mans,Le Mans,LEM,561736.0,77.0,2.0,21.0,14.0,66.67,7.0,2.0,28.57,3.0,1.0,33.33,1.0,0.0,0.0,Lucas,Calodat,2002-02-06,24.59,920.0,22.0,Defender,Wing Back,1leoymz0kfu4y17i1bqdn8zu2,bj8hrmj01r3zit0x8r6qm2eu2,Le Mans FC,Le Mans,Le Mans,LEM,561736,1leoymz0kfu4y17i1bqdn8zu2,920,bj8hrmj01r3zit0x8r6qm2eu2
Lucas Digne,101188.0,1.0,18.0,0.0,0.01,-0.01,1.0,0.0,0.0,0.01,Lucas,Digne,1993-07-20,33.15,149.0,12.0,Defender,Full Back,e8gz0tmmdh1ql8qrn1ncrvnpx,2b3mar72yy8d6uvat1ka6tn3r,Paris Saint-Germain FC,Paris Saint-Germain,Paris SG,PSG,2.0,16.728,0.0,-5.25,0.0,0.0,0.0,0.0,8.364,0.0,0.0,0.0,1.0,0.0,0.0,0.0,0.0,0.0,0.0,0.0,0.0,,,,,,,,,,101188.0,18.0,1.0,0.0,0.0,0.0,0.0,0.018,0.018,0.0,0.0,Lucas,Digne,1993-07-20,33.15,149.0,12.0,Defender,Full Back,e8gz0tmmdh1ql8qrn1ncrvnpx,2b3mar72yy8d6uvat1ka6tn3r,Paris Saint-Germain FC,Paris Saint-Germain,Paris SG,PSG,101188.0,18.0,1.0,16.0,15.0,93.75,7.0,6.0,85.71,0.0,0.0,0.0,0.0,0.0,0.0,Lucas,Digne,1993-07-20,33.15,149.0,12.0,Defender,Full Back,e8gz0tmmdh1ql8qrn1ncrvnpx,2b3mar72yy8d6uvat1ka6tn3r,Paris Saint-Germain FC,Paris Saint-Germain,Paris SG,PSG,101188,e8gz0tmmdh1ql8qrn1ncrvnpx,149,2b3mar72yy8d6uvat1ka6tn3r
Lucas Hernández,174888.0,1.0,90.0,0.0,0.0,0.0,0.0,0.0,0.0,0.0,Lucas,Hernández,1996-02-14,30.57,149.0,21.0,Defender,Central Defender,c80tzy7t4hoa8fpbek1od4lw5,2b3mar72yy8d6uvat1ka6tn3r,Paris Saint-Germain FC,Paris Saint-Germain,Paris SG,PSG,11.0,97.307,5.0,35.91,0.0,0.0,0.0,0.0,8.846,7.182,0.0,0.0,3.0,0.0,3.0,0.0,0.0,0.0,4.0,1.0,25.0,,,,,,,,,,174888.0,90.0,1.0,1.0,1.0,1.18,0.0,0.033,0.033,0.0,0.0,Lucas,Hernández,1996-02-14,30.57,149.0,21.0,Defender,Central Defender,c80tzy7t4hoa8fpbek1od4lw5,2b3mar72yy8d6uvat1ka6tn3r,Paris Saint-Germain FC,Paris Saint-Germain,Paris SG,PSG,174888.0,90.0,1.0,86.0,75.0,87.21,22.0,17.0,77.27,0.0,0.0,0.0,0.0,0.0,0.0,Lucas,Hernández,1996-02-14,30.57,149.0,21.0,Defender,Central Defender,c80tzy7t4hoa8fpbek1od4lw5,2b3mar72yy8d6uvat1ka6tn3r,Paris Saint-Germain FC,Paris Saint-Germain,Paris SG,PSG,174888,c80tzy7t4hoa8fpbek1od4lw5,149,2b3mar72yy8d6uvat1ka6tn3r
Lucas Høgsberg,614167.0,2.0,173.0,0.0,0.0,0.0,0.0,0.0,0.0,0.0,Lucas,Høgsberg,2006-06-23,20.21,153.0,24.0,Defender,Central Defender,2rvx2wlfj2rxzcgye6wiw0v84,71ajatxnuhc5cnm3xvgdky49w,RC Strasbourg Alsace,Strasbourg,Strasbourg,STR,19.0,156.127,6.0,29.4,0.0,0.0,0.0,0.0,8.217,4.9,3.0,1.0,5.0,0.0,8.0,7.0,3.0,42.857,2.0,2.0,100.0,,,,,,,,,,614167.0,173.0,2.0,2.0,2.0,2.15,0.0,0.019,0.016,0.0,0.0,Lucas,Høgsberg,2006-06-23,20.21,153.0,24.0,Defender,Central Defender,2rvx2wlfj2rxzcgye6wiw0v84,71ajatxnuhc5cnm3xvgdky49w,RC Strasbourg Alsace,Strasbourg,Strasbourg,STR,614167.0,173.0,2.0,102.0,88.0,86.27,14.0,9.0,64.29,0.0,0.0,0.0,0.0,0.0,0.0,Lucas,Høgsberg,2006-06-23,20.21,153.0,24.0,Defender,Central Defender,2rvx2wlfj2rxzcgye6wiw0v84,71ajatxnuhc5cnm3xvgdky49w,RC Strasbourg Alsace,Strasbourg,Strasbourg,STR,614167,2rvx2wlfj2rxzcgye6wiw0v84,153,71ajatxnuhc5cnm3xvgdky49w
Lucas Maronnier,554582.0,1.0,86.0,1.0,0.4,0.6,1.0,1.0,100.0,0.4,Lucas,Maronnier,2000-03-09,26.5,154.0,2.0,Defender,Full Back,9k8zmlixgthv1pw9hyitzpt6,3unkqo2g6ag99gd5ynz1j7vse,Espérance Sportive Troyes Aube Champagne,Troyes,Troyes,TRO,8.0,119.781,4.0,51.45,0.0,0.0,0.0,0.0,14.973,12.862,3.0,2.0,6.0,0.0,3.0,6.0,3.0,50.0,1.0,0.0,0.0,,,,,,,,,,554582.0,86.0,1.0,0.0,0.0,0.0,0.0,0.007,0.006,0.0,0.0,Lucas,Maronnier,2000-03-09,26.5,154.0,2.0,Defender,Full Back,9k8zmlixgthv1pw9hyitzpt6,3unkqo2g6ag99gd5ynz1j7vse,Espérance Sportive Troyes Aube Champagne,Troyes,Troyes,TRO,554582.0,86.0,1.0,25.0,20.0,80.0,5.0,3.0,60.0,2.0,0.0,0.0,0.0,0.0,0.0,Lucas,Maronnier,2000-03-09,26.5,154.0,2.0,Defender,Full Back,9k8zmlixgthv1pw9hyitzpt6,3unkqo2g6ag99gd5ynz1j7vse,Espérance Sportive Troyes Aube Champagne,Troyes,Troyes,TRO,554582,9k8zmlixgthv1pw9hyitzpt6,154,3unkqo2g6ag99gd5ynz1j7vse
Lucas Tousart,203349.0,2.0,97.0,0.0,0.96,-0.96,4.0,3.0,0.0,0.24,Lucas,Tousart,1997-04-29,29.37,862.0,29.0,Midfielder,Central Midfielder,eg9xhi6wfp1duf01pcsn8vfmd,3adj8hkws0z1al232bg2h6tk0,Stade Brestois 29,Brest,Brest,BRE,12.0,99.272,1.0,-13.65,0.0,0.0,0.0,0.0,8.273,-13.65,1.0,2.0,2.0,0.0,7.0,3.0,3.0,100.0,11.0,4.0,36.364,,,,,,,,,,203349.0,97.0,2.0,0.0,0.0,0.0,0.0,0.003,0.003,0.0,0.0,Lucas,Tousart,1997-04-29,29.37,862.0,29.0,Midfielder,Central Midfielder,eg9xhi6wfp1duf01pcsn8vfmd,3adj8hkws0z1al232bg2h6tk0,Stade Brestois 29,Brest,Brest,BRE,203349.0,97.0,2.0,44.0,36.0,81.82,3.0,1.0,33.33,0.0,0.0,0.0,0.0,0.0,0.0,Lucas,Tousart,1997-04-29,29.37,862.0,29.0,Midfielder,Central Midfielder,eg9xhi6wfp1duf01pcsn8vfmd,3adj8hkws0z1al232bg2h6tk0,Stade Brestois 29,Brest,Brest,BRE,203349,eg9xhi6wfp1duf01pcsn8vfmd,862,3adj8hkws0z1al232bg2h6tk0
Luck Zogbé,622398.0,0.0,0.0,0.0,0.0,0.0,0.0,0.0,0.0,0.0,Luck,Zogbé,2005-03-24,21.46,862.0,20.0,Defender,Full Back,622398,3adj8hkws0z1al232bg2h6tk0,Stade Brestois 29,Brest,Brest,BRE,0.0,0.0,0.0,0.0,0.0,0.0,0.0,0.0,0.0,0.0,0.0,0.0,0.0,0.0,0.0,0.0,0.0,0.0,0.0,0.0,0.0,,,,,,,,,,622398.0,0.0,0.0,0.0,0.0,0.0,0.0,0.0,0.0,0.0,0.0,Luck,Zogbé,2005-03-24,21.46,862.0,20.0,Defender,Full Back,622398,3adj8hkws0z1al232bg2h6tk0,Stade Brestois 29,Brest,Brest,BRE,622398.0,0.0,0.0,0.0,0.0,0.0,0.0,0.0,0.0,0.0,0.0,0.0,0.0,0.0,0.0,Luck,Zogbé,2005-03-24,21.46,862.0,20.0,Defender,Full Back,622398,3adj8hkws0z1al232bg2h6tk0,Stade Brestois 29,Brest,Brest,BRE,622398,622398,862,3adj8hkws0z1al232bg2h6tk0
Ludovic Ajorque,168539.0,2.0,180.0,1.0,1.06,-0.06,10.0,3.0,10.0,0.11,Ludovic,Ajorque,1994-02-25,32.54,862.0,19.0,Forward,Striker,am0pcyvtaws1i69jt09dgnsnp,3adj8hkws0z1al232bg2h6tk0,Stade Brestois 29,Brest,Brest,BRE,9.0,107.782,4.0,19.425,0.0,0.0,1.0,0.0,11.976,4.856,0.0,1.0,4.0,0.0,2.0,19.0,7.0,36.842,33.0,17.0,51.515,,,,,,,,,,168539.0,180.0,2.0,4.0,4.0,10.0,0.0,0.493,0.493,0.0,0.0,Ludovic,Ajorque,1994-02-25,32.54,862.0,19.0,Forward,Striker,am0pcyvtaws1i69jt09dgnsnp,3adj8hkws0z1al232bg2h6tk0,Stade Brestois 29,Brest,Brest,BRE,168539.0,180.0,2.0,40.0,31.0,77.5,18.0,16.0,88.89,1.0,0.0,0.0,0.0,0.0,0.0,Ludovic,Ajorque,1994-02-25,32.54,862.0,19.0,Forward,Striker,am0pcyvtaws1i69jt09dgnsnp,3adj8hkws0z1al232bg2h6tk0,Stade Brestois 29,Brest,Brest,BRE,168539,am0pcyvtaws1i69jt09dgnsnp,862,3adj8hkws0z1al232bg2h6tk0
Ludovic Blas,213940.0,2.0,34.0,0.0,0.83,-0.83,4.0,1.0,0.0,0.21,Ludovic,Blas,1997-12-31,28.69,150.0,10.0,Forward,Winger,9yfnfwqog4y572aoe2iztnbv9,z1wbqtd0fz5t5eezjvrbld3h,Stade Rennais FC,Rennes,Rennes,REN,4.0,46.279,2.0,27.93,1.0,0.0,1.0,0.0,11.57,13.965,2.0,1.0,2.0,0.0,0.0,3.0,3.0,100.0,1.0,0.0,0.0,,,,,,,,,,213940.0,34.0,2.0,2.0,1.0,6.67,50.0,0.115,0.02,0.0,0.0,Ludovic,Blas,1997-12-31,28.69,150.0,10.0,Forward,Winger,9yfnfwqog4y572aoe2iztnbv9,z1wbqtd0fz5t5eezjvrbld3h,Stade Rennais FC,Rennes,Rennes,REN,213940.0,34.0,2.0,17.0,16.0,94.12,8.0,8.0,100.0,2.0,0.0,0.0,0.0,0.0,0.0,Ludovic,Blas,1997-12-31,28.69,150.0,10.0,Forward,Winger,9yfnfwqog4y572aoe2iztnbv9,z1wbqtd0fz5t5eezjvrbld3h,Stade Rennais FC,Rennes,Rennes,REN,213940,9yfnfwqog4y572aoe2iztnbv9,150,z1wbqtd0fz5t5eezjvrbld3h
Lukás Hrádecky,,,,,,,,,,,,,,,,,,,,,,,,,,,,,,,,,,,,,,,,,,,,,,180.0,100.0,0.0,0.0,5.0,100.0,1.08,0.0,1.08,,,,,,,,,,,,,,,,,,,,,,,,,,,,,,,,,,,,,,,,,,,,,,,,,,,,,,,68675,cg6h7oq0b5zpx1g4brhzyk1xx,146,4t4hod56fsj7utpjdor8so5q6
Mads Bidstrup,481405.0,2.0,142.0,0.0,0.08,-0.08,1.0,0.0,0.0,0.08,Mads,Bidstrup,2001-02-25,25.54,143.0,2.0,Midfielder,Central Midfielder,ds1wjqejslhsbcvzaufxubey2,121le8unjfzug3iu9pgkqa1c7,Lyon,Olympique Lyonnais,Lyon,OL,7.0,62.813,3.0,39.375,1.0,0.0,0.0,0.0,8.973,13.125,3.0,2.0,5.0,1.0,0.0,9.0,4.0,44.444,2.0,1.0,50.0,,,,,,,,,,481405.0,142.0,2.0,2.0,2.0,6.25,0.0,0.116,0.116,0.0,0.0,Mads,Bidstrup,2001-02-25,25.54,143.0,2.0,Midfielder,Central Midfielder,ds1wjqejslhsbcvzaufxubey2,121le8unjfzug3iu9pgkqa1c7,Lyon,Olympique Lyonnais,Lyon,OL,481405.0,142.0,2.0,34.0,26.0,76.47,12.0,9.0,75.0,2.0,0.0,0.0,0.0,0.0,0.0,Mads,Bidstrup,2001-02-25,25.54,143.0,2.0,Midfielder,Central Midfielder,ds1wjqejslhsbcvzaufxubey2,121le8unjfzug3iu9pgkqa1c7,Lyon,Olympique Lyonnais,Lyon,OL,481405,ds1wjqejslhsbcvzaufxubey2,143,121le8unjfzug3iu9pgkqa1c7
Maghnes Akliouche,555894.0,2.0,108.0,0.0,0.0,0.0,0.0,0.0,0.0,0.0,Maghnes,Akliouche,2002-02-25,24.54,149.0,11.0,Midfielder,Attacking Midfielder,8vhjmcgjbzpzd4vv3zb945p1w,2b3mar72yy8d6uvat1ka6tn3r,Paris Saint-Germain FC,Paris Saint-Germain,Paris SG,PSG,29.0,307.742,11.0,73.71,0.0,0.0,1.0,0.0,10.612,6.701,2.0,2.0,8.0,0.0,0.0,9.0,2.0,22.222,3.0,1.0,33.333,,,,,,,,,,555894.0,108.0,2.0,3.0,3.0,3.41,0.0,0.469,0.469,0.0,0.0,Maghnes,Akliouche,2002-02-25,24.54,149.0,11.0,Midfielder,Attacking Midfielder,8vhjmcgjbzpzd4vv3zb945p1w,2b3mar72yy8d6uvat1ka6tn3r,Paris Saint-Germain FC,Paris Saint-Germain,Paris SG,PSG,555894.0,108.0,2.0,88.0,78.0,88.64,45.0,37.0,82.22,0.0,0.0,0.0,1.0,0.0,0.0,Maghnes,Akliouche,2002-02-25,24.54,149.0,11.0,Midfielder,Attacking Midfielder,8vhjmcgjbzpzd4vv3zb945p1w,2b3mar72yy8d6uvat1ka6tn3r,Paris Saint-Germain FC,Paris Saint-Germain,Paris SG,PSG,555894,8vhjmcgjbzpzd4vv3zb945p1w,149,2b3mar72yy8d6uvat1ka6tn3r
Mahdi Camara,442264.0,1.0,30.0,0.0,0.0,0.0,0.0,0.0,0.0,0.0,Mahdi,Camara,1998-06-30,28.2,150.0,45.0,Midfielder,Central Midfielder,36yupk7p1vks4dbguw53xhucp,z1wbqtd0fz5t5eezjvrbld3h,Stade Rennais FC,Rennes,Rennes,REN,10.0,110.071,8.0,73.29,0.0,0.0,0.0,0.0,11.007,9.161,0.0,1.0,2.0,0.0,0.0,3.0,3.0,100.0,0.0,0.0,0.0,,,,,,,,,,442264.0,30.0,1.0,0.0,0.0,0.0,0.0,0.019,0.019,0.0,0.0,Mahdi,Camara,1998-06-30,28.2,150.0,45.0,Midfielder,Central Midfielder,36yupk7p1vks4dbguw53xhucp,z1wbqtd0fz5t5eezjvrbld3h,Stade Rennais FC,Rennes,Rennes,REN,442264.0,30.0,1.0,18.0,18.0,100.0,6.0,6.0,100.0,0.0,0.0,0.0,0.0,0.0,0.0,Mahdi,Camara,1998-06-30,28.2,150.0,45.0,Midfielder,Central Midfielder,36yupk7p1vks4dbguw53xhucp,z1wbqtd0fz5t5eezjvrbld3h,Stade Rennais FC,Rennes,Rennes,REN,442264,36yupk7p1vks4dbguw53xhucp,150,z1wbqtd0fz5t5eezjvrbld3h
Maik Nawrocki,484668.0,2.0,152.0,0.0,0.06,-0.06,1.0,1.0,0.0,0.06,Maik,Nawrocki,2001-02-07,25.59,142.0,3.0,Defender,Central Defender,e1kig9l5arrgiypv09zdxxsa2,3xedluek08t2ka7oypwuullcn,Racing Club de Lens,Lens,Lens,RCL,9.0,91.138,2.0,41.16,0.0,0.0,0.0,0.0,10.126,20.58,1.0,3.0,4.0,4.0,3.0,6.0,1.0,16.667,4.0,1.0,25.0,,,,,,,,,,484668.0,152.0,2.0,0.0,0.0,0.0,0.0,0.008,0.008,0.0,0.0,Maik,Nawrocki,2001-02-07,25.59,142.0,3.0,Defender,Central Defender,e1kig9l5arrgiypv09zdxxsa2,3xedluek08t2ka7oypwuullcn,Racing Club de Lens,Lens,Lens,RCL,484668.0,152.0,2.0,84.0,79.0,94.05,6.0,4.0,66.67,0.0,0.0,0.0,0.0,0.0,0.0,Maik,Nawrocki,2001-02-07,25.59,142.0,3.0,Defender,Central Defender,e1kig9l5arrgiypv09zdxxsa2,3xedluek08t2ka7oypwuullcn,Racing Club de Lens,Lens,Lens,RCL,484668,e1kig9l5arrgiypv09zdxxsa2,142,3xedluek08t2ka7oypwuullcn
Malick Fofana,549940.0,2.0,56.0,1.0,0.28,0.72,3.0,1.0,33.33,0.09,Malick,Fofana,2005-03-31,21.44,143.0,11.0,Forward,Winger,2igz499o21aihmkugktp3nyms,121le8unjfzug3iu9pgkqa1c7,Lyon,Olympique Lyonnais,Lyon,OL,11.0,144.737,9.0,102.165,0.0,0.0,0.0,0.0,13.158,11.352,2.0,0.0,1.0,0.0,0.0,10.0,6.0,60.0,0.0,0.0,0.0,,,,,,,,,,549940.0,56.0,2.0,1.0,1.0,5.56,0.0,0.039,0.039,0.0,0.0,Malick,Fofana,2005-03-31,21.44,143.0,11.0,Forward,Winger,2igz499o21aihmkugktp3nyms,121le8unjfzug3iu9pgkqa1c7,Lyon,Olympique Lyonnais,Lyon,OL,549940.0,56.0,2.0,18.0,16.0,88.89,9.0,7.0,77.78,7.0,1.0,14.29,0.0,0.0,0.0,Malick,Fofana,2005-03-31,21.44,143.0,11.0,Forward,Winger,2igz499o21aihmkugktp3nyms,121le8unjfzug3iu9pgkqa1c7,Lyon,Olympique Lyonnais,Lyon,OL,549940,2igz499o21aihmkugktp3nyms,143,121le8unjfzug3iu9pgkqa1c7
Mama Baldé,430510.0,2.0,42.0,0.0,0.24,-0.24,5.0,0.0,0.0,0.05,Mama Samba,Baldé,1995-11-06,30.85,862.0,17.0,Forward,Striker,bj37ny1s1gbbe4wrgyz1wag9h,3adj8hkws0z1al232bg2h6tk0,Stade Brestois 29,Brest,Brest,BRE,8.0,74.926,5.0,47.25,1.0,0.0,1.0,0.0,9.366,9.45,1.0,0.0,2.0,0.0,0.0,9.0,5.0,55.556,1.0,1.0,100.0,,,,,,,,,,430510.0,42.0,2.0,2.0,2.0,16.67,0.0,0.044,0.044,0.0,0.0,Mama Samba,Baldé,1995-11-06,30.85,862.0,17.0,Forward,Striker,bj37ny1s1gbbe4wrgyz1wag9h,3adj8hkws0z1al232bg2h6tk0,Stade Brestois 29,Brest,Brest,BRE,430510.0,42.0,2.0,12.0,9.0,75.0,3.0,3.0,100.0,3.0,0.0,0.0,0.0,0.0,0.0,Mama Samba,Baldé,1995-11-06,30.85,862.0,17.0,Forward,Striker,bj37ny1s1gbbe4wrgyz1wag9h,3adj8hkws0z1al232bg2h6tk0,Stade Brestois 29,Brest,Brest,BRE,430510,bj37ny1s1gbbe4wrgyz1wag9h,862,3adj8hkws0z1al232bg2h6tk0
Mamadou Coulibaly,604124.0,2.0,138.0,0.0,0.0,0.0,0.0,0.0,0.0,0.0,Mamadou,Coulibaly,2004-04-21,22.38,146.0,28.0,Midfielder,0,52bg33ueyjgfvlh0x4n4rks2c,4t4hod56fsj7utpjdor8so5q6,AS Monaco FC,Monaco,Monaco,ASM,28.0,325.732,18.0,160.65,0.0,0.0,2.0,0.0,11.633,8.925,3.0,3.0,9.0,0.0,0.0,22.0,9.0,40.909,1.0,0.0,0.0,,,,,,,,,,604124.0,138.0,2.0,3.0,3.0,4.48,0.0,0.172,0.172,0.0,0.0,Mamadou,Coulibaly,2004-04-21,22.38,146.0,28.0,Midfielder,0,52bg33ueyjgfvlh0x4n4rks2c,4t4hod56fsj7utpjdor8so5q6,AS Monaco FC,Monaco,Monaco,ASM,604124.0,138.0,2.0,68.0,57.0,83.82,28.0,21.0,75.0,2.0,2.0,100.0,0.0,0.0,0.0,Mamadou,Coulibaly,2004-04-21,22.38,146.0,28.0,Midfielder,0,52bg33ueyjgfvlh0x4n4rks2c,4t4hod56fsj7utpjdor8so5q6,AS Monaco FC,Monaco,Monaco,ASM,604124,52bg33ueyjgfvlh0x4n4rks2c,146,4t4hod56fsj7utpjdor8so5q6
Mamadou Diop,,,,,,,,,,,,,,,,,,,,,,,,,,,,,,,,,,,,,,,,,,,,,,180.0,100.0,0.0,8.0,7.0,46.67,-1.89,0.75,6.11,,,,,,,,,,,,,,,,,,,,,,,,,,,,,,,,,,,,,,,,,,,,,,,,,,,,,,,587304,4ikun8fq4fbkxw6egz7cnedey,138,9bxav814mkuhueiyivyive82d
Mamadou Koné,724962.0,2.0,136.0,0.0,0.71,-0.71,5.0,3.0,0.0,0.14,Mamadou,Koné,2006-11-20,19.8,694.0,42.0,Forward,Striker,1cmhl6aqp9yml3peme245rb4k,70nn27vgkt6l48lvv5e66q7ww,FC Lorient,Lorient,Lorient,FCL,15.0,159.29,8.0,97.965,0.0,0.0,3.0,0.0,10.619,12.246,4.0,0.0,3.0,0.0,0.0,15.0,5.0,33.333,5.0,3.0,60.0,,,,,,,,,,724962.0,136.0,2.0,3.0,3.0,12.0,0.0,0.134,0.134,0.0,0.0,Mamadou,Koné,2006-11-20,19.8,694.0,42.0,Forward,Striker,1cmhl6aqp9yml3peme245rb4k,70nn27vgkt6l48lvv5e66q7ww,FC Lorient,Lorient,Lorient,FCL,724962.0,136.0,2.0,26.0,19.0,73.08,14.0,10.0,71.43,0.0,0.0,0.0,0.0,0.0,0.0,Mamadou,Koné,2006-11-20,19.8,694.0,42.0,Forward,Striker,1cmhl6aqp9yml3peme245rb4k,70nn27vgkt6l48lvv5e66q7ww,FC Lorient,Lorient,Lorient,FCL,724962,1cmhl6aqp9yml3peme245rb4k,694,70nn27vgkt6l48lvv5e66q7ww
Mamady Diambou,524040.0,2.0,102.0,0.0,0.35,-0.35,6.0,2.0,0.0,0.06,Mamady,Diambou,2002-11-11,23.83,862.0,6.0,Midfielder,Defensive Midfielder,8asqfwh2tx52x86r0hlqbyluc,3adj8hkws0z1al232bg2h6tk0,Stade Brestois 29,Brest,Brest,BRE,13.0,123.862,5.0,62.16,2.0,0.0,0.0,0.0,9.528,12.432,8.0,0.0,8.0,0.0,1.0,15.0,9.0,60.0,4.0,1.0,25.0,,,,,,,,,,524040.0,102.0,2.0,2.0,1.0,2.0,0.0,0.029,0.029,1.0,0.0,Mamady,Diambou,2002-11-11,23.83,862.0,6.0,Midfielder,Defensive Midfielder,8asqfwh2tx52x86r0hlqbyluc,3adj8hkws0z1al232bg2h6tk0,Stade Brestois 29,Brest,Brest,BRE,524040.0,102.0,2.0,52.0,46.0,88.46,13.0,12.0,92.31,0.0,0.0,0.0,0.0,0.0,0.0,Mamady,Diambou,2002-11-11,23.83,862.0,6.0,Midfielder,Defensive Midfielder,8asqfwh2tx52x86r0hlqbyluc,3adj8hkws0z1al232bg2h6tk0,Stade Brestois 29,Brest,Brest,BRE,524040,8asqfwh2tx52x86r0hlqbyluc,862,3adj8hkws0z1al232bg2h6tk0
Marius Louër,658062.0,1.0,3.0,0.0,0.0,0.0,0.0,0.0,0.0,0.0,Marius,Louër,2007-03-11,19.5,2128.0,20.0,Defender,Full Back,3wro301r42w3zvf8awh2erkes,75qj99fhg5c0ztj2tva5u4uii,Angers Sporting Club de l'Ouest,Angers,Angers,SCO,0.0,0.0,0.0,0.0,0.0,0.0,0.0,0.0,0.0,0.0,0.0,1.0,0.0,0.0,0.0,0.0,0.0,0.0,0.0,0.0,0.0,,,,,,,,,,658062.0,3.0,1.0,0.0,0.0,0.0,0.0,0.0,0.0,0.0,0.0,Marius,Louër,2007-03-11,19.5,2128.0,20.0,Defender,Full Back,3wro301r42w3zvf8awh2erkes,75qj99fhg5c0ztj2tva5u4uii,Angers Sporting Club de l'Ouest,Angers,Angers,SCO,658062.0,3.0,1.0,1.0,1.0,100.0,0.0,0.0,0.0,0.0,0.0,0.0,0.0,0.0,0.0,Marius,Louër,2007-03-11,19.5,2128.0,20.0,Defender,Full Back,3wro301r42w3zvf8awh2erkes,75qj99fhg5c0ztj2tva5u4uii,Angers Sporting Club de l'Ouest,Angers,Angers,SCO,658062,3wro301r42w3zvf8awh2erkes,2128,75qj99fhg5c0ztj2tva5u4uii
Mark McKenzie,201401.0,2.0,180.0,0.0,0.0,0.0,0.0,0.0,0.0,0.0,Mark,McKenzie,1999-02-25,27.54,427.0,3.0,Defender,Central Defender,5enjhxrx2jrjqtgb9wwq0baax,4aghw9tyi8ba3ju1ne83gmf9w,Toulouse FC,Toulouse,Toulouse,TFC,16.0,143.715,6.0,25.725,0.0,0.0,0.0,0.0,8.982,4.288,2.0,3.0,11.0,1.0,15.0,6.0,3.0,50.0,5.0,4.0,80.0,,,,,,,,,,201401.0,180.0,2.0,1.0,0.0,0.0,100.0,0.054,0.021,0.0,0.0,Mark,McKenzie,1999-02-25,27.54,427.0,3.0,Defender,Central Defender,5enjhxrx2jrjqtgb9wwq0baax,4aghw9tyi8ba3ju1ne83gmf9w,Toulouse FC,Toulouse,Toulouse,TFC,201401.0,180.0,2.0,118.0,107.0,90.68,10.0,7.0,70.0,0.0,0.0,0.0,0.0,0.0,0.0,Mark,McKenzie,1999-02-25,27.54,427.0,3.0,Defender,Central Defender,5enjhxrx2jrjqtgb9wwq0baax,4aghw9tyi8ba3ju1ne83gmf9w,Toulouse FC,Toulouse,Toulouse,TFC,201401,5enjhxrx2jrjqtgb9wwq0baax,427,4aghw9tyi8ba3ju1ne83gmf9w
Marquinhos,116406.0,2.0,180.0,1.0,0.1,0.9,1.0,1.0,100.0,0.1,Marcos,Aoás Corrêa,1994-05-14,32.33,149.0,5.0,Defender,Central Defender,8z0395s37qe2lqi9qsvyskgk5,2b3mar72yy8d6uvat1ka6tn3r,Paris Saint-Germain FC,Paris Saint-Germain,Paris SG,PSG,22.0,198.956,13.0,142.8,0.0,0.0,0.0,0.0,9.043,10.985,1.0,1.0,11.0,0.0,4.0,4.0,1.0,25.0,12.0,5.0,41.667,,,,,,,,,,116406.0,180.0,2.0,0.0,0.0,0.0,0.0,0.069,0.069,0.0,0.0,Marcos,Aoás Corrêa,1994-05-14,32.33,149.0,5.0,Defender,Central Defender,8z0395s37qe2lqi9qsvyskgk5,2b3mar72yy8d6uvat1ka6tn3r,Paris Saint-Germain FC,Paris Saint-Germain,Paris SG,PSG,116406.0,180.0,2.0,171.0,158.0,92.4,46.0,40.0,86.96,0.0,0.0,0.0,0.0,0.0,0.0,Marcos,Aoás Corrêa,1994-05-14,32.33,149.0,5.0,Defender,Central Defender,8z0395s37qe2lqi9qsvyskgk5,2b3mar72yy8d6uvat1ka6tn3r,Paris Saint-Germain FC,Paris Saint-Germain,Paris SG,PSG,116406,8z0395s37qe2lqi9qsvyskgk5,149,2b3mar72yy8d6uvat1ka6tn3r
Mateo del Blanco,569598.0,2.0,12.0,0.0,0.0,0.0,0.0,0.0,0.0,0.0,Mateo,del Blanco,2003-10-31,22.86,153.0,15.0,Defender,Full Back,euydzaplnvzqy758uwigi74t0,71ajatxnuhc5cnm3xvgdky49w,RC Strasbourg Alsace,Strasbourg,Strasbourg,STR,0.0,0.0,0.0,0.0,0.0,0.0,0.0,0.0,0.0,0.0,2.0,0.0,1.0,0.0,3.0,4.0,2.0,50.0,0.0,0.0,0.0,,,,,,,,,,569598.0,12.0,2.0,0.0,0.0,0.0,0.0,0.003,0.003,0.0,0.0,Mateo,del Blanco,2003-10-31,22.86,153.0,15.0,Defender,Full Back,euydzaplnvzqy758uwigi74t0,71ajatxnuhc5cnm3xvgdky49w,RC Strasbourg Alsace,Strasbourg,Strasbourg,STR,569598.0,12.0,2.0,5.0,4.0,80.0,1.0,1.0,100.0,0.0,0.0,0.0,0.0,0.0,0.0,Mateo,del Blanco,2003-10-31,22.86,153.0,15.0,Defender,Full Back,euydzaplnvzqy758uwigi74t0,71ajatxnuhc5cnm3xvgdky49w,RC Strasbourg Alsace,Strasbourg,Strasbourg,STR,569598,euydzaplnvzqy758uwigi74t0,153,71ajatxnuhc5cnm3xvgdky49w
Mathis Amougou,609640.0,0.0,0.0,0.0,0.0,0.0,0.0,0.0,0.0,0.0,Mathis,Amougou,2006-01-18,20.64,153.0,17.0,Midfielder,Central Midfielder,609640,71ajatxnuhc5cnm3xvgdky49w,RC Strasbourg Alsace,Strasbourg,Strasbourg,STR,0.0,0.0,0.0,0.0,0.0,0.0,0.0,0.0,0.0,0.0,0.0,0.0,0.0,0.0,0.0,0.0,0.0,0.0,0.0,0.0,0.0,,,,,,,,,,609640.0,0.0,0.0,0.0,0.0,0.0,0.0,0.0,0.0,0.0,0.0,Mathis,Amougou,2006-01-18,20.64,153.0,17.0,Midfielder,Central Midfielder,609640,71ajatxnuhc5cnm3xvgdky49w,RC Strasbourg Alsace,Strasbourg,Strasbourg,STR,609640.0,0.0,0.0,0.0,0.0,0.0,0.0,0.0,0.0,0.0,0.0,0.0,0.0,0.0,0.0,Mathis,Amougou,2006-01-18,20.64,153.0,17.0,Midfielder,Central Midfielder,609640,71ajatxnuhc5cnm3xvgdky49w,RC Strasbourg Alsace,Strasbourg,Strasbourg,STR,609640,609640,153,71ajatxnuhc5cnm3xvgdky49w
Mathis Lainé,669911.0,2.0,8.0,0.0,0.0,0.0,0.0,0.0,0.0,0.0,Mathis,Lainé,2007-03-30,19.44,862.0,32.0,Midfielder,0,5vx4zzaot3ufwnd36w1mvs9hw,3adj8hkws0z1al232bg2h6tk0,Stade Brestois 29,Brest,Brest,BRE,2.0,13.992,0.0,-5.04,0.0,0.0,0.0,0.0,6.996,0.0,0.0,0.0,1.0,0.0,0.0,4.0,4.0,100.0,2.0,0.0,0.0,,,,,,,,,,669911.0,8.0,2.0,0.0,0.0,0.0,0.0,0.001,0.001,0.0,0.0,Mathis,Lainé,2007-03-30,19.44,862.0,32.0,Midfielder,0,5vx4zzaot3ufwnd36w1mvs9hw,3adj8hkws0z1al232bg2h6tk0,Stade Brestois 29,Brest,Brest,BRE,669911.0,8.0,2.0,1.0,1.0,100.0,1.0,1.0,100.0,0.0,0.0,0.0,0.0,0.0,0.0,Mathis,Lainé,2007-03-30,19.44,862.0,32.0,Midfielder,0,5vx4zzaot3ufwnd36w1mvs9hw,3adj8hkws0z1al232bg2h6tk0,Stade Brestois 29,Brest,Brest,BRE,669911,5vx4zzaot3ufwnd36w1mvs9hw,862,3adj8hkws0z1al232bg2h6tk0
Mathis Saka,638416.0,1.0,4.0,0.0,0.0,0.0,0.0,0.0,0.0,0.0,Mathis,Saka,2006-09-20,19.97,427.0,28.0,Midfielder,Attacking Midfielder,a6bj9y28pzb9ejn7av2nyxel0,4aghw9tyi8ba3ju1ne83gmf9w,Toulouse FC,Toulouse,Toulouse,TFC,1.0,29.58,1.0,24.255,0.0,0.0,0.0,0.0,29.58,24.255,0.0,0.0,0.0,0.0,0.0,2.0,0.0,0.0,0.0,0.0,0.0,,,,,,,,,,638416.0,4.0,1.0,0.0,0.0,0.0,0.0,0.003,0.003,0.0,0.0,Mathis,Saka,2006-09-20,19.97,427.0,28.0,Midfielder,Attacking Midfielder,a6bj9y28pzb9ejn7av2nyxel0,4aghw9tyi8ba3ju1ne83gmf9w,Toulouse FC,Toulouse,Toulouse,TFC,638416.0,4.0,1.0,2.0,2.0,100.0,1.0,1.0,100.0,0.0,0.0,0.0,0.0,0.0,0.0,Mathis,Saka,2006-09-20,19.97,427.0,28.0,Midfielder,Attacking Midfielder,a6bj9y28pzb9ejn7av2nyxel0,4aghw9tyi8ba3ju1ne83gmf9w,Toulouse FC,Toulouse,Toulouse,TFC,638416,a6bj9y28pzb9ejn7av2nyxel0,427,4aghw9tyi8ba3ju1ne83gmf9w
Mathys Detourbet,652152.0,1.0,5.0,0.0,0.0,0.0,0.0,0.0,0.0,0.0,Mathys,Detourbet,2007-04-29,19.36,146.0,7.0,Forward,Winger,ar4a4mr7495etl8d8ha4mkd90,4t4hod56fsj7utpjdor8so5q6,AS Monaco FC,Monaco,Monaco,ASM,2.0,49.625,2.0,36.435,0.0,0.0,0.0,0.0,24.812,18.218,0.0,0.0,1.0,0.0,0.0,0.0,0.0,0.0,0.0,0.0,0.0,,,,,,,,,,652152.0,5.0,1.0,0.0,0.0,0.0,0.0,0.002,0.002,0.0,0.0,Mathys,Detourbet,2007-04-29,19.36,146.0,7.0,Forward,Winger,ar4a4mr7495etl8d8ha4mkd90,4t4hod56fsj7utpjdor8so5q6,AS Monaco FC,Monaco,Monaco,ASM,652152.0,5.0,1.0,2.0,2.0,100.0,1.0,1.0,100.0,0.0,0.0,0.0,0.0,0.0,0.0,Mathys,Detourbet,2007-04-29,19.36,146.0,7.0,Forward,Winger,ar4a4mr7495etl8d8ha4mkd90,4t4hod56fsj7utpjdor8so5q6,AS Monaco FC,Monaco,Monaco,ASM,652152,ar4a4mr7495etl8d8ha4mkd90,146,4t4hod56fsj7utpjdor8so5q6
Mathys de Carvalho,633103.0,1.0,69.0,0.0,0.0,0.0,0.0,0.0,0.0,0.0,Mathys,de Carvalho Soares,2005-05-01,21.36,143.0,39.0,Midfielder,Defensive Midfielder,a0et3p3yqtebdkyxql6fxnkt0,121le8unjfzug3iu9pgkqa1c7,Lyon,Olympique Lyonnais,Lyon,OL,4.0,33.485,1.0,13.02,0.0,0.0,0.0,0.0,8.371,13.02,2.0,0.0,2.0,1.0,1.0,4.0,3.0,75.0,2.0,0.0,0.0,,,,,,,,,,633103.0,69.0,1.0,0.0,0.0,0.0,0.0,0.006,0.006,0.0,0.0,Mathys,de Carvalho Soares,2005-05-01,21.36,143.0,39.0,Midfielder,Defensive Midfielder,a0et3p3yqtebdkyxql6fxnkt0,121le8unjfzug3iu9pgkqa1c7,Lyon,Olympique Lyonnais,Lyon,OL,633103.0,69.0,1.0,28.0,23.0,82.14,6.0,3.0,50.0,0.0,0.0,0.0,1.0,0.0,0.0,Mathys,de Carvalho Soares,2005-05-01,21.36,143.0,39.0,Midfielder,Defensive Midfielder,a0et3p3yqtebdkyxql6fxnkt0,121le8unjfzug3iu9pgkqa1c7,Lyon,Olympique Lyonnais,Lyon,OL,633103,a0et3p3yqtebdkyxql6fxnkt0,143,121le8unjfzug3iu9pgkqa1c7
Matthieu Udol,221987.0,2.0,180.0,0.0,1.07,-1.07,4.0,0.0,0.0,0.27,Matthieu,Udol,1996-03-20,30.48,142.0,14.0,Defender,Full Back,d7xmdbhg68ygcowv6pdofgvyt,3xedluek08t2ka7oypwuullcn,Racing Club de Lens,Lens,Lens,RCL,10.0,107.882,4.0,22.89,0.0,0.0,1.0,0.0,10.788,5.722,4.0,0.0,8.0,0.0,4.0,13.0,6.0,46.154,11.0,8.0,72.727,,,,,,,,,,221987.0,180.0,2.0,4.0,4.0,7.55,0.0,0.252,0.251,0.0,0.0,Matthieu,Udol,1996-03-20,30.48,142.0,14.0,Defender,Full Back,d7xmdbhg68ygcowv6pdofgvyt,3xedluek08t2ka7oypwuullcn,Racing Club de Lens,Lens,Lens,RCL,221987.0,180.0,2.0,53.0,43.0,81.13,12.0,8.0,66.67,7.0,1.0,14.29,1.0,1.0,100.0,Matthieu,Udol,1996-03-20,30.48,142.0,14.0,Defender,Full Back,d7xmdbhg68ygcowv6pdofgvyt,3xedluek08t2ka7oypwuullcn,Racing Club de Lens,Lens,Lens,RCL,221987,d7xmdbhg68ygcowv6pdofgvyt,142,3xedluek08t2ka7oypwuullcn
Matthis Abline,503726.0,1.0,9.0,0.0,0.0,0.0,0.0,0.0,0.0,0.0,Matthis,Abline,2003-03-28,23.45,146.0,39.0,Forward,Striker,1py4bk2ik16w8lil31bghq99m,4t4hod56fsj7utpjdor8so5q6,AS Monaco FC,Monaco,Monaco,ASM,1.0,7.025,1.0,5.46,0.0,0.0,0.0,0.0,7.025,5.46,0.0,0.0,0.0,0.0,0.0,0.0,0.0,0.0,1.0,1.0,100.0,,,,,,,,,,503726.0,9.0,1.0,0.0,0.0,0.0,0.0,0.155,0.155,0.0,0.0,Matthis,Abline,2003-03-28,23.45,146.0,39.0,Forward,Striker,1py4bk2ik16w8lil31bghq99m,4t4hod56fsj7utpjdor8so5q6,AS Monaco FC,Monaco,Monaco,ASM,503726.0,9.0,1.0,2.0,1.0,50.0,2.0,1.0,50.0,0.0,0.0,0.0,0.0,0.0,0.0,Matthis,Abline,2003-03-28,23.45,146.0,39.0,Forward,Striker,1py4bk2ik16w8lil31bghq99m,4t4hod56fsj7utpjdor8so5q6,AS Monaco FC,Monaco,Monaco,ASM,503726,1py4bk2ik16w8lil31bghq99m,146,4t4hod56fsj7utpjdor8so5q6
Matvey Safonov,,,,,,,,,,,,,,,,,,,,,,,,,,,,,,,,,,,,,,,,,,,,,,180.0,100.0,0.0,4.0,2.0,33.33,-1.24,0.5,2.76,,,,,,,,,,,,,,,,,,,,,,,,,,,,,,,,,,,,,,,,,,,,,,,,,,,,,,,242194,drmudc3n93faawruj8ct3bwmh,149,2b3mar72yy8d6uvat1ka6tn3r
Maxime Lopez,213965.0,2.0,117.0,0.0,0.0,0.0,0.0,0.0,0.0,0.0,Maxime,Lopez,1997-12-04,28.77,2338.0,21.0,Midfielder,Defensive Midfielder,ef4thhub6bsd2gtmltknkz8b9,8v00fx2zwhiwm05tqqkt122p5,Paris FC,Paris FC,Paris FC,PAR,24.0,213.635,8.0,79.59,0.0,0.0,0.0,0.0,8.901,9.949,2.0,0.0,7.0,0.0,3.0,9.0,4.0,44.444,0.0,0.0,0.0,,,,,,,,,,213965.0,117.0,2.0,1.0,0.0,0.0,100.0,0.125,0.051,0.0,0.0,Maxime,Lopez,1997-12-04,28.77,2338.0,21.0,Midfielder,Defensive Midfielder,ef4thhub6bsd2gtmltknkz8b9,8v00fx2zwhiwm05tqqkt122p5,Paris FC,Paris FC,Paris FC,PAR,213965.0,117.0,2.0,137.0,130.0,94.89,23.0,22.0,95.65,0.0,0.0,0.0,0.0,0.0,0.0,Maxime,Lopez,1997-12-04,28.77,2338.0,21.0,Midfielder,Defensive Midfielder,ef4thhub6bsd2gtmltknkz8b9,8v00fx2zwhiwm05tqqkt122p5,Paris FC,Paris FC,Paris FC,PAR,213965,ef4thhub6bsd2gtmltknkz8b9,2338,8v00fx2zwhiwm05tqqkt122p5
Maël Gernigon,672283.0,0.0,0.0,0.0,0.0,0.0,0.0,0.0,0.0,0.0,Maël,Gernigon,2009-10-01,16.93,2128.0,34.0,Defender,Central Defender,672283,75qj99fhg5c0ztj2tva5u4uii,Angers Sporting Club de l'Ouest,Angers,Angers,SCO,0.0,0.0,0.0,0.0,0.0,0.0,0.0,0.0,0.0,0.0,0.0,0.0,0.0,0.0,0.0,0.0,0.0,0.0,0.0,0.0,0.0,,,,,,,,,,672283.0,0.0,0.0,0.0,0.0,0.0,0.0,0.0,0.0,0.0,0.0,Maël,Gernigon,2009-10-01,16.93,2128.0,34.0,Defender,Central Defender,672283,75qj99fhg5c0ztj2tva5u4uii,Angers Sporting Club de l'Ouest,Angers,Angers,SCO,672283.0,0.0,0.0,0.0,0.0,0.0,0.0,0.0,0.0,0.0,0.0,0.0,0.0,0.0,0.0,Maël,Gernigon,2009-10-01,16.93,2128.0,34.0,Defender,Central Defender,672283,75qj99fhg5c0ztj2tva5u4uii,Angers Sporting Club de l'Ouest,Angers,Angers,SCO,672283,672283,2128,75qj99fhg5c0ztj2tva5u4uii
Mbwana Samatta,217487.0,2.0,159.0,1.0,0.39,0.61,6.0,2.0,16.67,0.06,Mbwana,Samatta,1992-12-23,33.72,141.0,25.0,Forward,0,5qpyf80if6m1o5vkwf1yt034l,23pqcgxu1tip265hbe01kszbt,Le Havre AC,Le Havre,Le Havre,HAC,12.0,108.679,5.0,26.46,1.0,0.0,1.0,0.0,9.057,5.292,0.0,0.0,6.0,0.0,1.0,7.0,2.0,28.571,11.0,7.0,63.636,,,,,,,,,,217487.0,159.0,2.0,1.0,1.0,3.23,0.0,0.029,0.029,0.0,0.0,Mbwana,Samatta,1992-12-23,33.72,141.0,25.0,Forward,0,5qpyf80if6m1o5vkwf1yt034l,23pqcgxu1tip265hbe01kszbt,Le Havre AC,Le Havre,Le Havre,HAC,217487.0,159.0,2.0,32.0,20.0,62.5,12.0,8.0,66.67,1.0,0.0,0.0,0.0,0.0,0.0,Mbwana,Samatta,1992-12-23,33.72,141.0,25.0,Forward,0,5qpyf80if6m1o5vkwf1yt034l,23pqcgxu1tip265hbe01kszbt,Le Havre AC,Le Havre,Le Havre,HAC,217487,5qpyf80if6m1o5vkwf1yt034l,141,23pqcgxu1tip265hbe01kszbt
Melvin Bard,437497.0,2.0,172.0,0.0,0.02,-0.02,1.0,0.0,0.0,0.02,Melvin,Bard,2000-11-06,25.84,1395.0,26.0,Defender,Full Back,7sep6mx2s67mh5fr3raxu7aei,bx0cdmzr2gwr70ez72dorx82p,OGC Nice Côte d'Azur,Nice,Nice,NIC,23.0,265.151,11.0,113.925,0.0,0.0,1.0,0.0,11.528,10.357,3.0,1.0,13.0,2.0,5.0,7.0,5.0,71.429,5.0,5.0,100.0,,,,,,,,,,437497.0,172.0,2.0,2.0,2.0,2.67,0.0,0.084,0.069,0.0,0.0,Melvin,Bard,2000-11-06,25.84,1395.0,26.0,Defender,Full Back,7sep6mx2s67mh5fr3raxu7aei,bx0cdmzr2gwr70ez72dorx82p,OGC Nice Côte d'Azur,Nice,Nice,NIC,437497.0,172.0,2.0,75.0,63.0,84.0,22.0,17.0,77.27,4.0,0.0,0.0,1.0,0.0,0.0,Melvin,Bard,2000-11-06,25.84,1395.0,26.0,Defender,Full Back,7sep6mx2s67mh5fr3raxu7aei,bx0cdmzr2gwr70ez72dorx82p,OGC Nice Côte d'Azur,Nice,Nice,NIC,437497,7sep6mx2s67mh5fr3raxu7aei,1395,bx0cdmzr2gwr70ez72dorx82p
Merwan Ifnaoui,628026.0,2.0,180.0,0.0,0.12,-0.12,1.0,0.0,0.0,0.12,Merwan,Ifnaoui,1998-10-22,27.88,154.0,10.0,Midfielder,0,ekinrtbex5kz9l7x9gbxikjkk,3unkqo2g6ag99gd5ynz1j7vse,Espérance Sportive Troyes Aube Champagne,Troyes,Troyes,TRO,20.0,193.415,9.0,80.85,0.0,0.0,0.0,0.0,9.671,8.983,1.0,0.0,6.0,0.0,1.0,10.0,4.0,40.0,2.0,1.0,50.0,,,,,,,,,,628026.0,180.0,2.0,7.0,3.0,4.11,57.14,0.42,0.182,0.0,0.0,Merwan,Ifnaoui,1998-10-22,27.88,154.0,10.0,Midfielder,0,ekinrtbex5kz9l7x9gbxikjkk,3unkqo2g6ag99gd5ynz1j7vse,Espérance Sportive Troyes Aube Champagne,Troyes,Troyes,TRO,628026.0,180.0,2.0,78.0,63.0,80.77,43.0,34.0,79.07,2.0,1.0,50.0,0.0,0.0,0.0,Merwan,Ifnaoui,1998-10-22,27.88,154.0,10.0,Midfielder,0,ekinrtbex5kz9l7x9gbxikjkk,3unkqo2g6ag99gd5ynz1j7vse,Espérance Sportive Troyes Aube Champagne,Troyes,Troyes,TRO,628026,ekinrtbex5kz9l7x9gbxikjkk,154,3unkqo2g6ag99gd5ynz1j7vse
Mezian Mesloub,713719.0,1.0,1.0,0.0,0.0,0.0,0.0,0.0,0.0,0.0,Mezian,Mesloub Soares,2009-11-08,16.83,142.0,38.0,Midfielder,Central Midfielder,5eibxcpkkytuil2h3zfh1amms,3xedluek08t2ka7oypwuullcn,Racing Club de Lens,Lens,Lens,RCL,6.0,62.145,3.0,28.77,0.0,0.0,0.0,0.0,10.358,9.59,0.0,0.0,2.0,0.0,1.0,1.0,0.0,0.0,0.0,0.0,0.0,,,,,,,,,,713719.0,1.0,1.0,1.0,1.0,11.11,0.0,0.021,0.02,0.0,0.0,Mezian,Mesloub Soares,2009-11-08,16.83,142.0,38.0,Midfielder,Central Midfielder,5eibxcpkkytuil2h3zfh1amms,3xedluek08t2ka7oypwuullcn,Racing Club de Lens,Lens,Lens,RCL,713719.0,1.0,1.0,9.0,7.0,77.78,5.0,4.0,80.0,0.0,0.0,0.0,0.0,0.0,0.0,Mezian,Mesloub Soares,2009-11-08,16.83,142.0,38.0,Midfielder,Central Midfielder,5eibxcpkkytuil2h3zfh1amms,3xedluek08t2ka7oypwuullcn,Racing Club de Lens,Lens,Lens,RCL,713719,5eibxcpkkytuil2h3zfh1amms,142,3xedluek08t2ka7oypwuullcn
Michal Skóras,484672.0,2.0,117.0,0.0,0.02,-0.02,1.0,0.0,0.0,0.02,Michal,Skóras,2000-02-15,26.57,142.0,22.0,Forward,Winger,jyh107tl6vv8bd1pgautj46h,3xedluek08t2ka7oypwuullcn,Racing Club de Lens,Lens,Lens,RCL,13.0,173.291,10.0,132.51,0.0,0.0,1.0,0.0,13.33,13.251,3.0,6.0,4.0,0.0,5.0,13.0,10.0,76.923,1.0,1.0,100.0,,,,,,,,,,484672.0,117.0,2.0,3.0,3.0,4.0,0.0,1.046,1.045,1.0,1.0,Michal,Skóras,2000-02-15,26.57,142.0,22.0,Forward,Winger,jyh107tl6vv8bd1pgautj46h,3xedluek08t2ka7oypwuullcn,Racing Club de Lens,Lens,Lens,RCL,484672.0,117.0,2.0,52.0,45.0,86.54,20.0,15.0,75.0,4.0,1.0,25.0,2.0,1.0,50.0,Michal,Skóras,2000-02-15,26.57,142.0,22.0,Forward,Winger,jyh107tl6vv8bd1pgautj46h,3xedluek08t2ka7oypwuullcn,Racing Club de Lens,Lens,Lens,RCL,484672,jyh107tl6vv8bd1pgautj46h,142,3xedluek08t2ka7oypwuullcn
Michaël Cuisance,204730.0,2.0,143.0,0.0,0.8,-0.8,2.0,1.0,0.0,0.4,Michaël,Cuisance,1999-08-16,27.07,142.0,27.0,Midfielder,Central Midfielder,rktyecx75c47pgwyt4vm3i7d,3xedluek08t2ka7oypwuullcn,Racing Club de Lens,Lens,Lens,RCL,10.0,91.789,5.0,44.415,0.0,0.0,0.0,0.0,9.179,8.883,6.0,2.0,8.0,0.0,2.0,14.0,7.0,50.0,0.0,0.0,0.0,,,,,,,,,,204730.0,143.0,2.0,0.0,0.0,0.0,0.0,0.016,0.016,0.0,0.0,Michaël,Cuisance,1999-08-16,27.07,142.0,27.0,Midfielder,Central Midfielder,rktyecx75c47pgwyt4vm3i7d,3xedluek08t2ka7oypwuullcn,Racing Club de Lens,Lens,Lens,RCL,204730.0,143.0,2.0,52.0,46.0,88.46,9.0,8.0,88.89,0.0,0.0,0.0,1.0,0.0,0.0,Michaël,Cuisance,1999-08-16,27.07,142.0,27.0,Midfielder,Central Midfielder,rktyecx75c47pgwyt4vm3i7d,3xedluek08t2ka7oypwuullcn,Racing Club de Lens,Lens,Lens,RCL,204730,rktyecx75c47pgwyt4vm3i7d,142,3xedluek08t2ka7oypwuullcn
Mika Biereth,444880.0,2.0,42.0,0.0,0.0,0.0,0.0,0.0,0.0,0.0,Mika,Biereth,2003-02-08,23.58,146.0,14.0,Forward,0,btfanvej91yogqzfml4vmsmei,4t4hod56fsj7utpjdor8so5q6,AS Monaco FC,Monaco,Monaco,ASM,3.0,51.838,2.0,30.87,0.0,0.0,0.0,0.0,17.279,15.435,2.0,0.0,1.0,0.0,2.0,5.0,4.0,80.0,5.0,1.0,20.0,,,,,,,,,,444880.0,42.0,2.0,0.0,0.0,0.0,0.0,0.017,0.017,0.0,0.0,Mika,Biereth,2003-02-08,23.58,146.0,14.0,Forward,0,btfanvej91yogqzfml4vmsmei,4t4hod56fsj7utpjdor8so5q6,AS Monaco FC,Monaco,Monaco,ASM,444880.0,42.0,2.0,8.0,5.0,62.5,7.0,4.0,57.14,1.0,0.0,0.0,0.0,0.0,0.0,Mika,Biereth,2003-02-08,23.58,146.0,14.0,Forward,0,btfanvej91yogqzfml4vmsmei,4t4hod56fsj7utpjdor8so5q6,AS Monaco FC,Monaco,Monaco,ASM,444880,btfanvej91yogqzfml4vmsmei,146,4t4hod56fsj7utpjdor8so5q6
Mika Godts,568465.0,2.0,72.0,0.0,0.03,-0.03,1.0,0.0,0.0,0.03,Mika,Godts,2005-06-07,21.25,149.0,22.0,Forward,Winger,cx6fxszjvjam6zb3c3p0dd1jo,2b3mar72yy8d6uvat1ka6tn3r,Paris Saint-Germain FC,Paris Saint-Germain,Paris SG,PSG,24.0,223.127,14.0,113.82,0.0,0.0,1.0,0.0,9.297,8.13,2.0,0.0,4.0,0.0,0.0,10.0,5.0,50.0,0.0,0.0,0.0,,,,,,,,,,568465.0,72.0,2.0,4.0,2.0,1.35,25.0,0.242,0.177,1.0,1.0,Mika,Godts,2005-06-07,21.25,149.0,22.0,Forward,Winger,cx6fxszjvjam6zb3c3p0dd1jo,2b3mar72yy8d6uvat1ka6tn3r,Paris Saint-Germain FC,Paris Saint-Germain,Paris SG,PSG,568465.0,72.0,2.0,75.0,66.0,88.0,48.0,42.0,87.5,0.0,0.0,0.0,1.0,0.0,0.0,Mika,Godts,2005-06-07,21.25,149.0,22.0,Forward,Winger,cx6fxszjvjam6zb3c3p0dd1jo,2b3mar72yy8d6uvat1ka6tn3r,Paris Saint-Germain FC,Paris Saint-Germain,Paris SG,PSG,568465,cx6fxszjvjam6zb3c3p0dd1jo,149,2b3mar72yy8d6uvat1ka6tn3r
Milan Robin,208557.0,1.0,9.0,0.0,0.0,0.0,0.0,0.0,0.0,0.0,Milan,Robin,1999-11-24,26.79,920.0,24.0,Midfielder,Central Midfielder,be8bdytp0f46cx61mnl8qjvmx,bj8hrmj01r3zit0x8r6qm2eu2,Le Mans FC,Le Mans,Le Mans,LEM,0.0,0.0,0.0,0.0,0.0,0.0,0.0,0.0,0.0,0.0,0.0,0.0,1.0,0.0,0.0,0.0,0.0,0.0,3.0,1.0,33.333,,,,,,,,,,208557.0,9.0,1.0,0.0,0.0,0.0,0.0,0.01,0.01,0.0,0.0,Milan,Robin,1999-11-24,26.79,920.0,24.0,Midfielder,Central Midfielder,be8bdytp0f46cx61mnl8qjvmx,bj8hrmj01r3zit0x8r6qm2eu2,Le Mans FC,Le Mans,Le Mans,LEM,208557.0,9.0,1.0,5.0,3.0,60.0,2.0,1.0,50.0,0.0,0.0,0.0,0.0,0.0,0.0,Milan,Robin,1999-11-24,26.79,920.0,24.0,Midfielder,Central Midfielder,be8bdytp0f46cx61mnl8qjvmx,bj8hrmj01r3zit0x8r6qm2eu2,Le Mans FC,Le Mans,Le Mans,LEM,208557,be8bdytp0f46cx61mnl8qjvmx,920,bj8hrmj01r3zit0x8r6qm2eu2
Mohamed Abdelmonem,510136.0,2.0,75.0,0.0,0.04,-0.04,1.0,0.0,0.0,0.04,Mohamed Abdelmonem El Sayed,Mohamed Ahmed,1999-02-01,27.61,1395.0,5.0,Defender,Central Defender,eeye58v60p8uvt2noaj5u6rfu,bx0cdmzr2gwr70ez72dorx82p,OGC Nice Côte d'Azur,Nice,Nice,NIC,18.0,158.817,6.0,51.87,1.0,0.0,0.0,0.0,8.823,8.645,3.0,1.0,3.0,0.0,1.0,5.0,4.0,80.0,0.0,0.0,0.0,,,,,,,,,,510136.0,75.0,2.0,0.0,0.0,0.0,0.0,0.056,0.056,0.0,0.0,Mohamed Abdelmonem El Sayed,Mohamed Ahmed,1999-02-01,27.61,1395.0,5.0,Defender,Central Defender,eeye58v60p8uvt2noaj5u6rfu,bx0cdmzr2gwr70ez72dorx82p,OGC Nice Côte d'Azur,Nice,Nice,NIC,510136.0,75.0,2.0,85.0,81.0,95.29,24.0,23.0,95.83,1.0,0.0,0.0,0.0,0.0,0.0,Mohamed Abdelmonem El Sayed,Mohamed Ahmed,1999-02-01,27.61,1395.0,5.0,Defender,Central Defender,eeye58v60p8uvt2noaj5u6rfu,bx0cdmzr2gwr70ez72dorx82p,OGC Nice Côte d'Azur,Nice,Nice,NIC,510136,eeye58v60p8uvt2noaj5u6rfu,1395,bx0cdmzr2gwr70ez72dorx82p
Mohamed Ouédraogo,624682.0,1.0,90.0,0.0,0.0,0.0,0.0,0.0,0.0,0.0,Mohamed,Ouédraogo,2003-01-02,23.68,143.0,76.0,Defender,Full Back,4bxfc5vb5csj22ntzqbk7ekgk,121le8unjfzug3iu9pgkqa1c7,Lyon,Olympique Lyonnais,Lyon,OL,19.0,206.766,11.0,129.99,0.0,0.0,0.0,0.0,10.882,11.817,0.0,4.0,7.0,0.0,1.0,9.0,3.0,33.333,0.0,0.0,0.0,,,,,,,,,,624682.0,90.0,1.0,0.0,0.0,0.0,0.0,0.031,0.031,0.0,0.0,Mohamed,Ouédraogo,2003-01-02,23.68,143.0,76.0,Defender,Full Back,4bxfc5vb5csj22ntzqbk7ekgk,121le8unjfzug3iu9pgkqa1c7,Lyon,Olympique Lyonnais,Lyon,OL,624682.0,90.0,1.0,67.0,54.0,80.6,13.0,9.0,69.23,1.0,0.0,0.0,2.0,0.0,0.0,Mohamed,Ouédraogo,2003-01-02,23.68,143.0,76.0,Defender,Full Back,4bxfc5vb5csj22ntzqbk7ekgk,121le8unjfzug3iu9pgkqa1c7,Lyon,Olympique Lyonnais,Lyon,OL,624682,4bxfc5vb5csj22ntzqbk7ekgk,143,121le8unjfzug3iu9pgkqa1c7
Mohamed-Ali Cho,490884.0,1.0,30.0,0.0,0.02,-0.02,1.0,0.0,0.0,0.02,Mohamed-Ali,Cho,2004-01-19,22.64,1395.0,25.0,Forward,Striker,5vznxxfbteooxk2dd2ws76xhw,bx0cdmzr2gwr70ez72dorx82p,OGC Nice Côte d'Azur,Nice,Nice,NIC,1.0,15.0,1.0,10.605,0.0,0.0,0.0,0.0,15.0,10.605,0.0,0.0,1.0,0.0,0.0,3.0,0.0,0.0,2.0,0.0,0.0,,,,,,,,,,490884.0,30.0,1.0,0.0,0.0,0.0,0.0,0.024,0.024,0.0,0.0,Mohamed-Ali,Cho,2004-01-19,22.64,1395.0,25.0,Forward,Striker,5vznxxfbteooxk2dd2ws76xhw,bx0cdmzr2gwr70ez72dorx82p,OGC Nice Côte d'Azur,Nice,Nice,NIC,490884.0,30.0,1.0,10.0,9.0,90.0,8.0,7.0,87.5,0.0,0.0,0.0,0.0,0.0,0.0,Mohamed-Ali,Cho,2004-01-19,22.64,1395.0,25.0,Forward,Striker,5vznxxfbteooxk2dd2ws76xhw,bx0cdmzr2gwr70ez72dorx82p,OGC Nice Côte d'Azur,Nice,Nice,NIC,490884,5vznxxfbteooxk2dd2ws76xhw,1395,bx0cdmzr2gwr70ez72dorx82p
Montassar Talbi,422480.0,2.0,180.0,0.0,0.19,-0.19,1.0,1.0,0.0,0.19,Montassar,Talbi,1998-05-26,28.29,694.0,3.0,Defender,Central Defender,996i59930r3kd4xk48x9fsp2h,70nn27vgkt6l48lvv5e66q7ww,FC Lorient,Lorient,Lorient,FCL,48.0,475.92,29.0,274.05,0.0,0.0,0.0,0.0,9.915,9.45,2.0,0.0,7.0,2.0,12.0,4.0,3.0,75.0,7.0,4.0,57.143,,,,,,,,,,422480.0,180.0,2.0,0.0,0.0,0.0,0.0,0.068,0.068,0.0,0.0,Montassar,Talbi,1998-05-26,28.29,694.0,3.0,Defender,Central Defender,996i59930r3kd4xk48x9fsp2h,70nn27vgkt6l48lvv5e66q7ww,FC Lorient,Lorient,Lorient,FCL,422480.0,180.0,2.0,171.0,158.0,92.4,23.0,15.0,65.22,0.0,0.0,0.0,0.0,0.0,0.0,Montassar,Talbi,1998-05-26,28.29,694.0,3.0,Defender,Central Defender,996i59930r3kd4xk48x9fsp2h,70nn27vgkt6l48lvv5e66q7ww,FC Lorient,Lorient,Lorient,FCL,422480,996i59930r3kd4xk48x9fsp2h,694,70nn27vgkt6l48lvv5e66q7ww
Moses Simon,181441.0,2.0,108.0,0.0,0.0,0.0,0.0,0.0,0.0,0.0,Moses,Simon,1995-07-12,31.17,2338.0,27.0,Forward,Winger,6tedvat245ajkir9c4035i0np,8v00fx2zwhiwm05tqqkt122p5,Paris FC,Paris FC,Paris FC,PAR,16.0,232.004,10.0,154.77,0.0,0.0,0.0,0.0,14.5,15.477,1.0,0.0,3.0,0.0,1.0,4.0,2.0,50.0,2.0,0.0,0.0,,,,,,,,,,181441.0,108.0,2.0,2.0,2.0,4.76,0.0,0.736,0.736,0.0,0.0,Moses,Simon,1995-07-12,31.17,2338.0,27.0,Forward,Winger,6tedvat245ajkir9c4035i0np,8v00fx2zwhiwm05tqqkt122p5,Paris FC,Paris FC,Paris FC,PAR,181441.0,108.0,2.0,42.0,39.0,92.86,12.0,10.0,83.33,5.0,0.0,0.0,0.0,0.0,0.0,Moses,Simon,1995-07-12,31.17,2338.0,27.0,Forward,Winger,6tedvat245ajkir9c4035i0np,8v00fx2zwhiwm05tqqkt122p5,Paris FC,Paris FC,Paris FC,PAR,181441,6tedvat245ajkir9c4035i0np,2338,8v00fx2zwhiwm05tqqkt122p5
Mouhamed Diop,550567.0,2.0,180.0,0.0,0.0,0.0,0.0,0.0,0.0,0.0,Mouhamed,Diop,2000-09-30,25.94,154.0,8.0,Midfielder,0,8y3eslj8a5bm2rj0aoaluf7kk,3unkqo2g6ag99gd5ynz1j7vse,Espérance Sportive Troyes Aube Champagne,Troyes,Troyes,TRO,10.0,112.028,6.0,49.455,0.0,0.0,0.0,0.0,11.203,8.242,4.0,3.0,9.0,1.0,9.0,22.0,7.0,31.818,2.0,0.0,0.0,,,,,,,,,,550567.0,180.0,2.0,0.0,0.0,0.0,0.0,0.036,0.036,0.0,0.0,Mouhamed,Diop,2000-09-30,25.94,154.0,8.0,Midfielder,0,8y3eslj8a5bm2rj0aoaluf7kk,3unkqo2g6ag99gd5ynz1j7vse,Espérance Sportive Troyes Aube Champagne,Troyes,Troyes,TRO,550567.0,180.0,2.0,74.0,67.0,90.54,13.0,12.0,92.31,0.0,0.0,0.0,0.0,0.0,0.0,Mouhamed,Diop,2000-09-30,25.94,154.0,8.0,Midfielder,0,8y3eslj8a5bm2rj0aoaluf7kk,3unkqo2g6ag99gd5ynz1j7vse,Espérance Sportive Troyes Aube Champagne,Troyes,Troyes,TRO,550567,8y3eslj8a5bm2rj0aoaluf7kk,154,3unkqo2g6ag99gd5ynz1j7vse
Mousa Al Tamari,426342.0,2.0,146.0,0.0,0.29,-0.29,5.0,2.0,0.0,0.06,Mousa Mohammad Mousa,Suleiman Al Tamari,1997-06-10,29.25,150.0,11.0,Forward,Winger,a8pgjuz5yrbxyf1t905gj327d,z1wbqtd0fz5t5eezjvrbld3h,Stade Rennais FC,Rennes,Rennes,REN,24.0,328.109,16.0,205.695,3.0,0.0,0.0,0.0,13.671,12.856,3.0,0.0,9.0,0.0,0.0,16.0,8.0,50.0,2.0,0.0,0.0,,,,,,,,,,426342.0,146.0,2.0,1.0,1.0,3.45,0.0,0.028,0.028,0.0,0.0,Mousa Mohammad Mousa,Suleiman Al Tamari,1997-06-10,29.25,150.0,11.0,Forward,Winger,a8pgjuz5yrbxyf1t905gj327d,z1wbqtd0fz5t5eezjvrbld3h,Stade Rennais FC,Rennes,Rennes,REN,426342.0,146.0,2.0,29.0,18.0,62.07,14.0,7.0,50.0,1.0,0.0,0.0,0.0,0.0,0.0,Mousa Mohammad Mousa,Suleiman Al Tamari,1997-06-10,29.25,150.0,11.0,Forward,Winger,a8pgjuz5yrbxyf1t905gj327d,z1wbqtd0fz5t5eezjvrbld3h,Stade Rennais FC,Rennes,Rennes,REN,426342,a8pgjuz5yrbxyf1t905gj327d,150,z1wbqtd0fz5t5eezjvrbld3h
Moussa Niakhaté,199170.0,1.0,90.0,0.0,0.0,0.0,0.0,0.0,0.0,0.0,Moussa,Niakhaté,1996-03-08,30.51,143.0,19.0,Defender,Central Defender,9rf5uk6c2wce30b9wkmu3iuad,121le8unjfzug3iu9pgkqa1c7,Lyon,Olympique Lyonnais,Lyon,OL,16.0,167.933,10.0,118.965,0.0,0.0,0.0,0.0,10.496,11.896,0.0,1.0,7.0,1.0,4.0,1.0,0.0,0.0,7.0,3.0,42.857,,,,,,,,,,199170.0,90.0,1.0,1.0,1.0,1.59,0.0,0.012,0.012,0.0,0.0,Moussa,Niakhaté,1996-03-08,30.51,143.0,19.0,Defender,Central Defender,9rf5uk6c2wce30b9wkmu3iuad,121le8unjfzug3iu9pgkqa1c7,Lyon,Olympique Lyonnais,Lyon,OL,199170.0,90.0,1.0,67.0,58.0,86.57,4.0,2.0,50.0,1.0,0.0,0.0,0.0,0.0,0.0,Moussa,Niakhaté,1996-03-08,30.51,143.0,19.0,Defender,Central Defender,9rf5uk6c2wce30b9wkmu3iuad,121le8unjfzug3iu9pgkqa1c7,Lyon,Olympique Lyonnais,Lyon,OL,199170,9rf5uk6c2wce30b9wkmu3iuad,143,121le8unjfzug3iu9pgkqa1c7
Moustapha Mbow,476404.0,1.0,90.0,0.0,0.0,0.0,0.0,0.0,0.0,0.0,Moustapha,Mbow,2000-03-08,26.51,2338.0,5.0,Defender,Central Defender,a52575bcqr3acuweauiyzsb56,8v00fx2zwhiwm05tqqkt122p5,Paris FC,Paris FC,Paris FC,PAR,13.0,96.47,4.0,31.71,0.0,0.0,0.0,0.0,7.421,7.928,1.0,0.0,1.0,1.0,4.0,2.0,1.0,50.0,3.0,0.0,0.0,,,,,,,,,,476404.0,90.0,1.0,0.0,0.0,0.0,0.0,0.005,0.005,0.0,0.0,Moustapha,Mbow,2000-03-08,26.51,2338.0,5.0,Defender,Central Defender,a52575bcqr3acuweauiyzsb56,8v00fx2zwhiwm05tqqkt122p5,Paris FC,Paris FC,Paris FC,PAR,476404.0,90.0,1.0,117.0,116.0,99.15,1.0,0.0,0.0,0.0,0.0,0.0,0.0,0.0,0.0,Moustapha,Mbow,2000-03-08,26.51,2338.0,5.0,Defender,Central Defender,a52575bcqr3acuweauiyzsb56,8v00fx2zwhiwm05tqqkt122p5,Paris FC,Paris FC,Paris FC,PAR,476404,a52575bcqr3acuweauiyzsb56,2338,8v00fx2zwhiwm05tqqkt122p5
Mário Sauer,539135.0,0.0,0.0,0.0,0.0,0.0,0.0,0.0,0.0,0.0,Mário,Sauer,2004-05-15,22.32,427.0,77.0,Midfielder,Attacking Midfielder,539135,4aghw9tyi8ba3ju1ne83gmf9w,Toulouse FC,Toulouse,Toulouse,TFC,0.0,0.0,0.0,0.0,0.0,0.0,0.0,0.0,0.0,0.0,0.0,0.0,0.0,0.0,0.0,0.0,0.0,0.0,0.0,0.0,0.0,,,,,,,,,,539135.0,0.0,0.0,0.0,0.0,0.0,0.0,0.0,0.0,0.0,0.0,Mário,Sauer,2004-05-15,22.32,427.0,77.0,Midfielder,Attacking Midfielder,539135,4aghw9tyi8ba3ju1ne83gmf9w,Toulouse FC,Toulouse,Toulouse,TFC,539135.0,0.0,0.0,0.0,0.0,0.0,0.0,0.0,0.0,0.0,0.0,0.0,0.0,0.0,0.0,Mário,Sauer,2004-05-15,22.32,427.0,77.0,Midfielder,Attacking Midfielder,539135,4aghw9tyi8ba3ju1ne83gmf9w,Toulouse FC,Toulouse,Toulouse,TFC,539135,539135,427,4aghw9tyi8ba3ju1ne83gmf9w
Nabil Bentaleb,126407.0,2.0,180.0,0.0,0.14,-0.14,3.0,1.0,0.0,0.05,Nabil,Bentaleb,1994-11-24,31.8,429.0,6.0,Midfielder,Central Midfielder,6ynchgp6o4tajwvnfdnoo11at,be2k34rut1lz79jxenabttqlc,Lille OSC,Lille,Lille,LIL,10.0,76.739,4.0,24.465,0.0,0.0,0.0,0.0,7.674,6.116,2.0,2.0,15.0,0.0,5.0,6.0,4.0,66.667,4.0,2.0,50.0,,,,,,,,,,126407.0,180.0,2.0,2.0,2.0,1.19,0.0,0.155,0.155,1.0,1.0,Nabil,Bentaleb,1994-11-24,31.8,429.0,6.0,Midfielder,Central Midfielder,6ynchgp6o4tajwvnfdnoo11at,be2k34rut1lz79jxenabttqlc,Lille OSC,Lille,Lille,LIL,126407.0,180.0,2.0,90.0,78.0,86.67,27.0,22.0,81.48,0.0,0.0,0.0,1.0,1.0,100.0,Nabil,Bentaleb,1994-11-24,31.8,429.0,6.0,Midfielder,Central Midfielder,6ynchgp6o4tajwvnfdnoo11at,be2k34rut1lz79jxenabttqlc,Lille OSC,Lille,Lille,LIL,126407,6ynchgp6o4tajwvnfdnoo11at,429,be2k34rut1lz79jxenabttqlc
Naouirou Ahamada,466117.0,2.0,167.0,0.0,0.02,-0.02,1.0,1.0,0.0,0.02,Naouirou,Ahamada,2002-03-29,24.45,138.0,8.0,Midfielder,Central Midfielder,9dnne0ny6o6d5c6w3ayoo4vvu,9bxav814mkuhueiyivyive82d,Association Jeunesse Auxerroise,Auxerre,Auxerre,AJA,42.0,554.912,23.0,276.045,0.0,0.0,0.0,0.0,13.212,12.002,0.0,0.0,8.0,1.0,2.0,13.0,5.0,38.462,1.0,0.0,0.0,,,,,,,,,,466117.0,167.0,2.0,5.0,5.0,6.1,0.0,0.436,0.435,0.0,0.0,Naouirou,Ahamada,2002-03-29,24.45,138.0,8.0,Midfielder,Central Midfielder,9dnne0ny6o6d5c6w3ayoo4vvu,9bxav814mkuhueiyivyive82d,Association Jeunesse Auxerroise,Auxerre,Auxerre,AJA,466117.0,167.0,2.0,87.0,74.0,85.06,38.0,30.0,78.95,3.0,1.0,33.33,1.0,0.0,0.0,Naouirou,Ahamada,2002-03-29,24.45,138.0,8.0,Midfielder,Central Midfielder,9dnne0ny6o6d5c6w3ayoo4vvu,9bxav814mkuhueiyivyive82d,Association Jeunesse Auxerroise,Auxerre,Auxerre,AJA,466117,9dnne0ny6o6d5c6w3ayoo4vvu,138,9bxav814mkuhueiyivyive82d
Nathan Ngoumou,469323.0,2.0,72.0,0.0,0.25,-0.25,3.0,0.0,0.0,0.08,Nathan,Ngoumou,2000-03-14,26.49,1395.0,29.0,Forward,Winger,d0qyia80j5079xq5olbttqfl6,bx0cdmzr2gwr70ez72dorx82p,OGC Nice Côte d'Azur,Nice,Nice,NIC,2.0,39.855,1.0,21.63,0.0,0.0,0.0,0.0,19.928,21.63,0.0,0.0,1.0,0.0,0.0,1.0,1.0,100.0,2.0,0.0,0.0,,,,,,,,,,469323.0,72.0,2.0,0.0,0.0,0.0,0.0,0.029,0.029,0.0,0.0,Nathan,Ngoumou,2000-03-14,26.49,1395.0,29.0,Forward,Winger,d0qyia80j5079xq5olbttqfl6,bx0cdmzr2gwr70ez72dorx82p,OGC Nice Côte d'Azur,Nice,Nice,NIC,469323.0,72.0,2.0,12.0,7.0,58.33,5.0,2.0,40.0,0.0,0.0,0.0,0.0,0.0,0.0,Nathan,Ngoumou,2000-03-14,26.49,1395.0,29.0,Forward,Winger,d0qyia80j5079xq5olbttqfl6,bx0cdmzr2gwr70ez72dorx82p,OGC Nice Côte d'Azur,Nice,Nice,NIC,469323,d0qyia80j5079xq5olbttqfl6,1395,bx0cdmzr2gwr70ez72dorx82p
Nathan Ngoy,538078.0,2.0,180.0,0.0,0.0,0.0,0.0,0.0,0.0,0.0,Nathan,Ngoy,2003-06-10,23.25,429.0,3.0,Defender,Central Defender,a5jrqzijth7e3uxl4phi83sdm,be2k34rut1lz79jxenabttqlc,Lille OSC,Lille,Lille,LIL,17.0,216.379,9.0,93.45,0.0,0.0,0.0,0.0,12.728,10.383,3.0,4.0,7.0,1.0,18.0,12.0,7.0,58.333,2.0,1.0,50.0,,,,,,,,,,538078.0,180.0,2.0,0.0,0.0,0.0,0.0,0.006,0.006,0.0,0.0,Nathan,Ngoy,2003-06-10,23.25,429.0,3.0,Defender,Central Defender,a5jrqzijth7e3uxl4phi83sdm,be2k34rut1lz79jxenabttqlc,Lille OSC,Lille,Lille,LIL,538078.0,180.0,2.0,71.0,60.0,84.51,6.0,2.0,33.33,0.0,0.0,0.0,0.0,0.0,0.0,Nathan,Ngoy,2003-06-10,23.25,429.0,3.0,Defender,Central Defender,a5jrqzijth7e3uxl4phi83sdm,be2k34rut1lz79jxenabttqlc,Lille OSC,Lille,Lille,LIL,538078,a5jrqzijth7e3uxl4phi83sdm,429,be2k34rut1lz79jxenabttqlc
Nathaniel Adjei,476391.0,2.0,180.0,0.0,0.0,0.0,0.0,0.0,0.0,0.0,Nathaniel,Adjei,2002-08-21,24.05,694.0,32.0,Defender,Central Defender,csye3q50ciculdiggvcefx8x6,70nn27vgkt6l48lvv5e66q7ww,FC Lorient,Lorient,Lorient,FCL,29.0,268.68,12.0,72.765,0.0,0.0,0.0,0.0,9.265,6.064,4.0,4.0,7.0,0.0,10.0,6.0,6.0,100.0,9.0,7.0,77.778,,,,,,,,,,476391.0,180.0,2.0,0.0,0.0,0.0,0.0,0.022,0.022,0.0,0.0,Nathaniel,Adjei,2002-08-21,24.05,694.0,32.0,Defender,Central Defender,csye3q50ciculdiggvcefx8x6,70nn27vgkt6l48lvv5e66q7ww,FC Lorient,Lorient,Lorient,FCL,476391.0,180.0,2.0,136.0,125.0,91.91,17.0,13.0,76.47,0.0,0.0,0.0,0.0,0.0,0.0,Nathaniel,Adjei,2002-08-21,24.05,694.0,32.0,Defender,Central Defender,csye3q50ciculdiggvcefx8x6,70nn27vgkt6l48lvv5e66q7ww,FC Lorient,Lorient,Lorient,FCL,476391,csye3q50ciculdiggvcefx8x6,694,70nn27vgkt6l48lvv5e66q7ww
Nayef Aguerd,210494.0,2.0,47.0,0.0,0.0,0.0,0.0,0.0,0.0,0.0,Nayef,Aguerd,1996-03-30,30.45,144.0,21.0,Defender,Central Defender,3o0zpl9cnmna2hyk595ja0xrd,27xvwccz8kpmqsefjv2b2sc0o,Olympique de Marseille,Olympique Marseille,Marseille,OM,17.0,163.201,8.0,76.02,0.0,0.0,0.0,0.0,9.6,9.502,1.0,0.0,4.0,0.0,2.0,2.0,1.0,50.0,4.0,3.0,75.0,,,,,,,,,,210494.0,47.0,2.0,0.0,0.0,0.0,0.0,0.023,0.023,0.0,0.0,Nayef,Aguerd,1996-03-30,30.45,144.0,21.0,Defender,Central Defender,3o0zpl9cnmna2hyk595ja0xrd,27xvwccz8kpmqsefjv2b2sc0o,Olympique de Marseille,Olympique Marseille,Marseille,OM,210494.0,47.0,2.0,58.0,55.0,94.83,8.0,8.0,100.0,0.0,0.0,0.0,0.0,0.0,0.0,Nayef,Aguerd,1996-03-30,30.45,144.0,21.0,Defender,Central Defender,3o0zpl9cnmna2hyk595ja0xrd,27xvwccz8kpmqsefjv2b2sc0o,Olympique de Marseille,Olympique Marseille,Marseille,OM,210494,3o0zpl9cnmna2hyk595ja0xrd,144,27xvwccz8kpmqsefjv2b2sc0o
Neal Maupay,115382.0,2.0,18.0,0.0,0.07,-0.07,1.0,0.0,0.0,0.07,Neal,Maupay,1996-08-14,30.07,144.0,11.0,Forward,Striker,xu7mykgl15kaib3olilmsez9,27xvwccz8kpmqsefjv2b2sc0o,Olympique de Marseille,Olympique Marseille,Marseille,OM,7.0,59.384,4.0,19.95,0.0,0.0,0.0,0.0,8.483,4.988,0.0,1.0,1.0,0.0,0.0,1.0,0.0,0.0,2.0,0.0,0.0,,,,,,,,,,115382.0,18.0,2.0,0.0,0.0,0.0,0.0,0.026,0.025,0.0,0.0,Neal,Maupay,1996-08-14,30.07,144.0,11.0,Forward,Striker,xu7mykgl15kaib3olilmsez9,27xvwccz8kpmqsefjv2b2sc0o,Olympique de Marseille,Olympique Marseille,Marseille,OM,115382.0,18.0,2.0,19.0,18.0,94.74,7.0,6.0,85.71,1.0,0.0,0.0,0.0,0.0,0.0,Neal,Maupay,1996-08-14,30.07,144.0,11.0,Forward,Striker,xu7mykgl15kaib3olilmsez9,27xvwccz8kpmqsefjv2b2sc0o,Olympique de Marseille,Olympique Marseille,Marseille,OM,115382,xu7mykgl15kaib3olilmsez9,144,27xvwccz8kpmqsefjv2b2sc0o
Ngal'ayel Mukau,586855.0,2.0,119.0,0.0,0.0,0.0,0.0,0.0,0.0,0.0,Ngal'ayel,Mukau,2004-11-03,21.85,429.0,17.0,Midfielder,Defensive Midfielder,9ov7tj31hixo7xp0tfffuhpn8,be2k34rut1lz79jxenabttqlc,Lille OSC,Lille,Lille,LIL,8.0,101.556,4.0,27.615,0.0,0.0,0.0,0.0,12.694,6.904,2.0,1.0,13.0,0.0,3.0,8.0,3.0,37.5,1.0,1.0,100.0,,,,,,,,,,586855.0,119.0,2.0,0.0,0.0,0.0,0.0,0.065,0.065,0.0,0.0,Ngal'ayel,Mukau,2004-11-03,21.85,429.0,17.0,Midfielder,Defensive Midfielder,9ov7tj31hixo7xp0tfffuhpn8,be2k34rut1lz79jxenabttqlc,Lille OSC,Lille,Lille,LIL,586855.0,119.0,2.0,51.0,45.0,88.24,15.0,12.0,80.0,0.0,0.0,0.0,0.0,0.0,0.0,Ngal'ayel,Mukau,2004-11-03,21.85,429.0,17.0,Midfielder,Defensive Midfielder,9ov7tj31hixo7xp0tfffuhpn8,be2k34rut1lz79jxenabttqlc,Lille OSC,Lille,Lille,LIL,586855,9ov7tj31hixo7xp0tfffuhpn8,429,be2k34rut1lz79jxenabttqlc
Nicolas Kocik,,,,,,,,,,,,,,,,,,,,,,,,,,,,,,,,,,,,,,,,,,,,,,180.0,95.0,0.0,4.0,9.0,69.23,0.39,1.0,4.39,,,,,,,,,,,,,,,,,,,,,,,,,,,,,,,,,,,,,,,,,,,,,,,,,,,,,,,222388,dvylqzw64ckz6j74ak9kab9wp,920,bj8hrmj01r3zit0x8r6qm2eu2
Nicolas Lemaître,,,,,,,,,,,,,,,,,,,,,,,,,,,,,,,,,,,,,,,,,,,,,,180.0,50.0,0.0,2.0,3.0,60.0,0.45,1.0,2.45,,,,,,,,,,,,,,,,,,,,,,,,,,,,,,,,,,,,,,,,,,,,,,,,,,,,,,,206935,6o7jjvhvhefum5maxyhk7us4p,150,z1wbqtd0fz5t5eezjvrbld3h
Nicolás Tagliafico,86479.0,1.0,80.0,0.0,0.0,0.0,0.0,0.0,0.0,0.0,Nicolás,Tagliafico,1992-08-31,34.03,143.0,3.0,Defender,Full Back,40hu79d2a4k94nc52z7dblpsl,121le8unjfzug3iu9pgkqa1c7,Lyon,Olympique Lyonnais,Lyon,OL,12.0,115.105,7.0,69.72,0.0,0.0,0.0,0.0,9.592,9.96,1.0,2.0,2.0,0.0,3.0,7.0,2.0,28.571,2.0,2.0,100.0,,,,,,,,,,86479.0,80.0,1.0,1.0,1.0,2.56,0.0,0.005,0.005,0.0,0.0,Nicolás,Tagliafico,1992-08-31,34.03,143.0,3.0,Defender,Full Back,40hu79d2a4k94nc52z7dblpsl,121le8unjfzug3iu9pgkqa1c7,Lyon,Olympique Lyonnais,Lyon,OL,86479.0,80.0,1.0,39.0,33.0,84.62,9.0,7.0,77.78,1.0,0.0,0.0,0.0,0.0,0.0,Nicolás,Tagliafico,1992-08-31,34.03,143.0,3.0,Defender,Full Back,40hu79d2a4k94nc52z7dblpsl,121le8unjfzug3iu9pgkqa1c7,Lyon,Olympique Lyonnais,Lyon,OL,86479,40hu79d2a4k94nc52z7dblpsl,143,121le8unjfzug3iu9pgkqa1c7
Nidal Celik,634897.0,0.0,0.0,0.0,0.0,0.0,0.0,0.0,0.0,0.0,Nidal,Celik,2006-07-17,20.15,142.0,4.0,Defender,Central Defender,634897,3xedluek08t2ka7oypwuullcn,Racing Club de Lens,Lens,Lens,RCL,0.0,0.0,0.0,0.0,0.0,0.0,0.0,0.0,0.0,0.0,0.0,0.0,0.0,0.0,0.0,0.0,0.0,0.0,0.0,0.0,0.0,,,,,,,,,,634897.0,0.0,0.0,0.0,0.0,0.0,0.0,0.0,0.0,0.0,0.0,Nidal,Celik,2006-07-17,20.15,142.0,4.0,Defender,Central Defender,634897,3xedluek08t2ka7oypwuullcn,Racing Club de Lens,Lens,Lens,RCL,634897.0,0.0,0.0,0.0,0.0,0.0,0.0,0.0,0.0,0.0,0.0,0.0,0.0,0.0,0.0,Nidal,Celik,2006-07-17,20.15,142.0,4.0,Defender,Central Defender,634897,3xedluek08t2ka7oypwuullcn,Racing Club de Lens,Lens,Lens,RCL,634897,634897,142,3xedluek08t2ka7oypwuullcn
Niklas Schmidt,204584.0,2.0,116.0,0.0,0.05,-0.05,2.0,0.0,0.0,0.03,Niklas,Schmidt,1998-03-01,28.53,427.0,31.0,Midfielder,Central Midfielder,d95i3fwjrk3ti4co645mde76x,4aghw9tyi8ba3ju1ne83gmf9w,Toulouse FC,Toulouse,Toulouse,TFC,15.0,130.092,5.0,44.94,0.0,0.0,1.0,0.0,8.673,8.988,2.0,2.0,8.0,1.0,2.0,5.0,2.0,40.0,2.0,2.0,100.0,,,,,,,,,,204584.0,116.0,2.0,3.0,3.0,4.11,0.0,0.102,0.102,0.0,0.0,Niklas,Schmidt,1998-03-01,28.53,427.0,31.0,Midfielder,Central Midfielder,d95i3fwjrk3ti4co645mde76x,4aghw9tyi8ba3ju1ne83gmf9w,Toulouse FC,Toulouse,Toulouse,TFC,204584.0,116.0,2.0,74.0,67.0,90.54,12.0,8.0,66.67,3.0,1.0,33.33,0.0,0.0,0.0,Niklas,Schmidt,1998-03-01,28.53,427.0,31.0,Midfielder,Central Midfielder,d95i3fwjrk3ti4co645mde76x,4aghw9tyi8ba3ju1ne83gmf9w,Toulouse FC,Toulouse,Toulouse,TFC,204584,d95i3fwjrk3ti4co645mde76x,427,4aghw9tyi8ba3ju1ne83gmf9w
Noa Boissé,665236.0,2.0,180.0,0.0,0.0,0.0,0.0,0.0,0.0,0.0,Noa,Boissé,2006-01-20,20.63,920.0,15.0,Defender,Central Defender,9bvpig7xdyplu9drlnn7jih3o,bj8hrmj01r3zit0x8r6qm2eu2,Le Mans FC,Le Mans,Le Mans,LEM,19.0,180.648,7.0,58.17,0.0,0.0,0.0,0.0,9.508,8.31,6.0,3.0,9.0,1.0,10.0,16.0,9.0,56.25,8.0,3.0,37.5,,,,,,,,,,665236.0,180.0,2.0,0.0,0.0,0.0,0.0,0.008,0.008,0.0,0.0,Noa,Boissé,2006-01-20,20.63,920.0,15.0,Defender,Central Defender,9bvpig7xdyplu9drlnn7jih3o,bj8hrmj01r3zit0x8r6qm2eu2,Le Mans FC,Le Mans,Le Mans,LEM,665236.0,180.0,2.0,70.0,58.0,82.86,8.0,4.0,50.0,0.0,0.0,0.0,0.0,0.0,0.0,Noa,Boissé,2006-01-20,20.63,920.0,15.0,Defender,Central Defender,9bvpig7xdyplu9drlnn7jih3o,bj8hrmj01r3zit0x8r6qm2eu2,Le Mans FC,Le Mans,Le Mans,LEM,665236,9bvpig7xdyplu9drlnn7jih3o,920,bj8hrmj01r3zit0x8r6qm2eu2
Noah Cadiou,533146.0,2.0,174.0,0.0,0.19,-0.19,4.0,0.0,0.0,0.05,Noah,Cadiou,1998-10-26,27.87,694.0,8.0,Midfielder,0,ax69g2ukn2tsaz71n0waf58q2,70nn27vgkt6l48lvv5e66q7ww,FC Lorient,Lorient,Lorient,FCL,33.0,319.984,16.0,143.955,0.0,0.0,0.0,0.0,9.696,8.997,5.0,1.0,14.0,1.0,1.0,18.0,11.0,61.111,7.0,3.0,42.857,,,,,,,,,,533146.0,174.0,2.0,1.0,1.0,0.79,0.0,0.152,0.152,0.0,0.0,Noah,Cadiou,1998-10-26,27.87,694.0,8.0,Midfielder,0,ax69g2ukn2tsaz71n0waf58q2,70nn27vgkt6l48lvv5e66q7ww,FC Lorient,Lorient,Lorient,FCL,533146.0,174.0,2.0,129.0,105.0,81.4,32.0,21.0,65.63,0.0,0.0,0.0,2.0,0.0,0.0,Noah,Cadiou,1998-10-26,27.87,694.0,8.0,Midfielder,0,ax69g2ukn2tsaz71n0waf58q2,70nn27vgkt6l48lvv5e66q7ww,FC Lorient,Lorient,Lorient,FCL,533146,ax69g2ukn2tsaz71n0waf58q2,694,70nn27vgkt6l48lvv5e66q7ww
Noah Donkor,719331.0,2.0,39.0,0.0,0.0,0.0,0.0,0.0,0.0,0.0,Noah,Donkor,2006-11-25,19.79,154.0,31.0,Defender,Full Back,1ltj05souwyv4firjpkv6j5sk,3unkqo2g6ag99gd5ynz1j7vse,Espérance Sportive Troyes Aube Champagne,Troyes,Troyes,TRO,1.0,7.42,1.0,6.93,0.0,0.0,1.0,0.0,7.42,6.93,0.0,1.0,0.0,0.0,1.0,3.0,1.0,33.333,0.0,0.0,0.0,,,,,,,,,,719331.0,39.0,2.0,1.0,1.0,14.29,0.0,0.124,0.124,0.0,0.0,Noah,Donkor,2006-11-25,19.79,154.0,31.0,Defender,Full Back,1ltj05souwyv4firjpkv6j5sk,3unkqo2g6ag99gd5ynz1j7vse,Espérance Sportive Troyes Aube Champagne,Troyes,Troyes,TRO,719331.0,39.0,2.0,8.0,7.0,87.5,3.0,2.0,66.67,3.0,1.0,33.33,0.0,0.0,0.0,Noah,Donkor,2006-11-25,19.79,154.0,31.0,Defender,Full Back,1ltj05souwyv4firjpkv6j5sk,3unkqo2g6ag99gd5ynz1j7vse,Espérance Sportive Troyes Aube Champagne,Troyes,Troyes,TRO,719331,1ltj05souwyv4firjpkv6j5sk,154,3unkqo2g6ag99gd5ynz1j7vse
Noah Edjouma,628698.0,0.0,0.0,0.0,0.0,0.0,0.0,0.0,0.0,0.0,Noah,Edjouma,2005-10-04,20.93,429.0,20.0,Forward,Winger,628698,be2k34rut1lz79jxenabttqlc,Lille OSC,Lille,Lille,LIL,0.0,0.0,0.0,0.0,0.0,0.0,0.0,0.0,0.0,0.0,0.0,0.0,0.0,0.0,0.0,0.0,0.0,0.0,0.0,0.0,0.0,,,,,,,,,,628698.0,0.0,0.0,0.0,0.0,0.0,0.0,0.0,0.0,0.0,0.0,Noah,Edjouma,2005-10-04,20.93,429.0,20.0,Forward,Winger,628698,be2k34rut1lz79jxenabttqlc,Lille OSC,Lille,Lille,LIL,628698.0,0.0,0.0,0.0,0.0,0.0,0.0,0.0,0.0,0.0,0.0,0.0,0.0,0.0,0.0,Noah,Edjouma,2005-10-04,20.93,429.0,20.0,Forward,Winger,628698,be2k34rut1lz79jxenabttqlc,Lille OSC,Lille,Lille,LIL,628698,628698,429,be2k34rut1lz79jxenabttqlc
Noah Mbamba,530081.0,1.0,6.0,0.0,0.0,0.0,0.0,0.0,0.0,0.0,Noah,Mbamba,2005-01-05,21.67,694.0,72.0,Midfielder,Central Midfielder,jw8lb54ua2iufebwnu8k68t0,70nn27vgkt6l48lvv5e66q7ww,FC Lorient,Lorient,Lorient,FCL,1.0,13.073,1.0,9.24,0.0,0.0,0.0,0.0,13.073,9.24,0.0,1.0,0.0,0.0,0.0,2.0,0.0,0.0,0.0,0.0,0.0,,,,,,,,,,530081.0,6.0,1.0,0.0,0.0,0.0,0.0,0.002,0.002,0.0,0.0,Noah,Mbamba,2005-01-05,21.67,694.0,72.0,Midfielder,Central Midfielder,jw8lb54ua2iufebwnu8k68t0,70nn27vgkt6l48lvv5e66q7ww,FC Lorient,Lorient,Lorient,FCL,530081.0,6.0,1.0,4.0,4.0,100.0,0.0,0.0,0.0,0.0,0.0,0.0,0.0,0.0,0.0,Noah,Mbamba,2005-01-05,21.67,694.0,72.0,Midfielder,Central Midfielder,jw8lb54ua2iufebwnu8k68t0,70nn27vgkt6l48lvv5e66q7ww,FC Lorient,Lorient,Lorient,FCL,530081,jw8lb54ua2iufebwnu8k68t0,694,70nn27vgkt6l48lvv5e66q7ww
Noah Nartey,578610.0,2.0,97.0,1.0,0.07,0.93,1.0,1.0,100.0,0.07,Noah,Nartey,2005-10-05,20.93,143.0,99.0,Midfielder,Attacking Midfielder,2xp7fbcl6a4nua9jpm7b4k1sk,121le8unjfzug3iu9pgkqa1c7,Lyon,Olympique Lyonnais,Lyon,OL,11.0,138.616,7.0,78.435,0.0,0.0,0.0,0.0,12.601,11.205,1.0,1.0,7.0,0.0,1.0,9.0,3.0,33.333,0.0,0.0,0.0,,,,,,,,,,578610.0,97.0,2.0,1.0,1.0,3.13,0.0,0.044,0.044,0.0,0.0,Noah,Nartey,2005-10-05,20.93,143.0,99.0,Midfielder,Attacking Midfielder,2xp7fbcl6a4nua9jpm7b4k1sk,121le8unjfzug3iu9pgkqa1c7,Lyon,Olympique Lyonnais,Lyon,OL,578610.0,97.0,2.0,32.0,27.0,84.38,14.0,11.0,78.57,1.0,0.0,0.0,0.0,0.0,0.0,Noah,Nartey,2005-10-05,20.93,143.0,99.0,Midfielder,Attacking Midfielder,2xp7fbcl6a4nua9jpm7b4k1sk,121le8unjfzug3iu9pgkqa1c7,Lyon,Olympique Lyonnais,Lyon,OL,578610,2xp7fbcl6a4nua9jpm7b4k1sk,143,121le8unjfzug3iu9pgkqa1c7
Nosa Obaretin,551410.0,0.0,0.0,0.0,0.0,0.0,0.0,0.0,0.0,0.0,Nosa,Obaretin,2003-01-26,23.62,694.0,55.0,Defender,Central Defender,551410,70nn27vgkt6l48lvv5e66q7ww,FC Lorient,Lorient,Lorient,FCL,0.0,0.0,0.0,0.0,0.0,0.0,0.0,0.0,0.0,0.0,0.0,0.0,0.0,0.0,0.0,0.0,0.0,0.0,0.0,0.0,0.0,,,,,,,,,,551410.0,0.0,0.0,0.0,0.0,0.0,0.0,0.0,0.0,0.0,0.0,Nosa,Obaretin,2003-01-26,23.62,694.0,55.0,Defender,Central Defender,551410,70nn27vgkt6l48lvv5e66q7ww,FC Lorient,Lorient,Lorient,FCL,551410.0,0.0,0.0,0.0,0.0,0.0,0.0,0.0,0.0,0.0,0.0,0.0,0.0,0.0,0.0,Nosa,Obaretin,2003-01-26,23.62,694.0,55.0,Defender,Central Defender,551410,70nn27vgkt6l48lvv5e66q7ww,FC Lorient,Lorient,Lorient,FCL,551410,551410,694,70nn27vgkt6l48lvv5e66q7ww
Odsonne Édouard,199670.0,1.0,19.0,0.0,0.12,-0.12,1.0,1.0,0.0,0.12,Odsonne,Édouard,1998-01-16,28.65,142.0,11.0,Forward,Striker,c9pmcoyzgtgcnlc63cl4283bp,3xedluek08t2ka7oypwuullcn,Racing Club de Lens,Lens,Lens,RCL,4.0,26.692,2.0,19.425,1.0,0.0,0.0,0.0,6.673,9.712,0.0,0.0,0.0,0.0,0.0,1.0,1.0,100.0,1.0,0.0,0.0,,,,,,,,,,199670.0,19.0,1.0,0.0,0.0,0.0,0.0,0.023,0.023,0.0,0.0,Odsonne,Édouard,1998-01-16,28.65,142.0,11.0,Forward,Striker,c9pmcoyzgtgcnlc63cl4283bp,3xedluek08t2ka7oypwuullcn,Racing Club de Lens,Lens,Lens,RCL,199670.0,19.0,1.0,6.0,5.0,83.33,2.0,2.0,100.0,0.0,0.0,0.0,0.0,0.0,0.0,Odsonne,Édouard,1998-01-16,28.65,142.0,11.0,Forward,Striker,c9pmcoyzgtgcnlc63cl4283bp,3xedluek08t2ka7oypwuullcn,Racing Club de Lens,Lens,Lens,RCL,199670,c9pmcoyzgtgcnlc63cl4283bp,142,3xedluek08t2ka7oypwuullcn
Olivier Giroud,44346.0,2.0,153.0,1.0,0.87,0.13,3.0,2.0,33.33,0.29,Olivier,Giroud,1986-09-30,39.95,429.0,9.0,Forward,Striker,5awkzgwwh48prwgvxwewuc5hx,be2k34rut1lz79jxenabttqlc,Lille OSC,Lille,Lille,LIL,0.0,0.0,0.0,0.0,0.0,0.0,0.0,0.0,0.0,0.0,0.0,0.0,3.0,0.0,2.0,3.0,1.0,33.333,11.0,5.0,45.455,,,,,,,,,,44346.0,153.0,2.0,2.0,2.0,0.0,0.0,0.059,0.059,2.0,2.0,Olivier,Giroud,1986-09-30,39.95,429.0,9.0,Forward,Striker,5awkzgwwh48prwgvxwewuc5hx,be2k34rut1lz79jxenabttqlc,Lille OSC,Lille,Lille,LIL,44346.0,153.0,2.0,26.0,18.0,69.23,10.0,8.0,80.0,0.0,0.0,0.0,0.0,0.0,0.0,Olivier,Giroud,1986-09-30,39.95,429.0,9.0,Forward,Striker,5awkzgwwh48prwgvxwewuc5hx,be2k34rut1lz79jxenabttqlc,Lille OSC,Lille,Lille,LIL,44346,5awkzgwwh48prwgvxwewuc5hx,429,be2k34rut1lz79jxenabttqlc
Omar Sissoko,630700.0,1.0,11.0,0.0,0.0,0.0,0.0,0.0,0.0,0.0,Omar,Sissoko,2006-08-18,20.06,2338.0,18.0,Forward,Striker,5ndxzyjrubpcv2ddnpzv9qfis,8v00fx2zwhiwm05tqqkt122p5,Paris FC,Paris FC,Paris FC,PAR,5.0,39.875,2.0,26.775,0.0,0.0,0.0,0.0,7.975,13.388,0.0,0.0,2.0,0.0,0.0,3.0,2.0,66.667,0.0,0.0,0.0,,,,,,,,,,630700.0,11.0,1.0,0.0,0.0,0.0,0.0,0.007,0.007,0.0,0.0,Omar,Sissoko,2006-08-18,20.06,2338.0,18.0,Forward,Striker,5ndxzyjrubpcv2ddnpzv9qfis,8v00fx2zwhiwm05tqqkt122p5,Paris FC,Paris FC,Paris FC,PAR,630700.0,11.0,1.0,5.0,5.0,100.0,2.0,2.0,100.0,0.0,0.0,0.0,0.0,0.0,0.0,Omar,Sissoko,2006-08-18,20.06,2338.0,18.0,Forward,Striker,5ndxzyjrubpcv2ddnpzv9qfis,8v00fx2zwhiwm05tqqkt122p5,Paris FC,Paris FC,Paris FC,PAR,630700,5ndxzyjrubpcv2ddnpzv9qfis,2338,8v00fx2zwhiwm05tqqkt122p5
Osame Sahraoui,471203.0,1.0,27.0,0.0,0.0,0.0,0.0,0.0,0.0,0.0,Osame,Sahraoui,2001-06-11,25.25,429.0,11.0,Forward,Winger,24daij2a9hj0luq5eaxeejzvu,be2k34rut1lz79jxenabttqlc,Lille OSC,Lille,Lille,LIL,3.0,19.603,1.0,17.01,0.0,0.0,0.0,0.0,6.534,17.01,0.0,0.0,0.0,0.0,0.0,2.0,1.0,50.0,0.0,0.0,0.0,,,,,,,,,,471203.0,27.0,1.0,0.0,0.0,0.0,0.0,0.03,0.03,0.0,0.0,Osame,Sahraoui,2001-06-11,25.25,429.0,11.0,Forward,Winger,24daij2a9hj0luq5eaxeejzvu,be2k34rut1lz79jxenabttqlc,Lille OSC,Lille,Lille,LIL,471203.0,27.0,1.0,8.0,8.0,100.0,6.0,6.0,100.0,0.0,0.0,0.0,0.0,0.0,0.0,Osame,Sahraoui,2001-06-11,25.25,429.0,11.0,Forward,Winger,24daij2a9hj0luq5eaxeejzvu,be2k34rut1lz79jxenabttqlc,Lille OSC,Lille,Lille,LIL,471203,24daij2a9hj0luq5eaxeejzvu,429,be2k34rut1lz79jxenabttqlc
Otávio,448093.0,2.0,173.0,0.0,0.11,-0.11,1.0,0.0,0.0,0.11,Otávio,Ataíde da Silva,2002-04-21,24.39,2338.0,6.0,Defender,Central Defender,17e9rercxaanx9ltwmoph9n56,8v00fx2zwhiwm05tqqkt122p5,Paris FC,Paris FC,Paris FC,PAR,17.0,165.5,6.0,51.24,0.0,0.0,0.0,0.0,9.735,8.54,4.0,3.0,13.0,4.0,13.0,10.0,5.0,50.0,3.0,2.0,66.667,,,,,,,,,,448093.0,173.0,2.0,0.0,0.0,0.0,0.0,0.017,0.017,0.0,0.0,Otávio,Ataíde da Silva,2002-04-21,24.39,2338.0,6.0,Defender,Central Defender,17e9rercxaanx9ltwmoph9n56,8v00fx2zwhiwm05tqqkt122p5,Paris FC,Paris FC,Paris FC,PAR,448093.0,173.0,2.0,138.0,129.0,93.48,13.0,10.0,76.92,0.0,0.0,0.0,0.0,0.0,0.0,Otávio,Ataíde da Silva,2002-04-21,24.39,2338.0,6.0,Defender,Central Defender,17e9rercxaanx9ltwmoph9n56,8v00fx2zwhiwm05tqqkt122p5,Paris FC,Paris FC,Paris FC,PAR,448093,17e9rercxaanx9ltwmoph9n56,2338,8v00fx2zwhiwm05tqqkt122p5
Oumar Konaté,659292.0,1.0,9.0,0.0,0.0,0.0,0.0,0.0,0.0,0.0,Oumar,Konaté,2007-05-05,19.35,146.0,42.0,Forward,0,7uvlkqgk4mdryo8ushk31t3x0,4t4hod56fsj7utpjdor8so5q6,AS Monaco FC,Monaco,Monaco,ASM,1.0,11.397,1.0,10.92,0.0,0.0,0.0,0.0,11.397,10.92,0.0,0.0,2.0,0.0,1.0,3.0,1.0,33.333,0.0,0.0,0.0,,,,,,,,,,659292.0,9.0,1.0,0.0,0.0,0.0,0.0,0.008,0.008,0.0,0.0,Oumar,Konaté,2007-05-05,19.35,146.0,42.0,Forward,0,7uvlkqgk4mdryo8ushk31t3x0,4t4hod56fsj7utpjdor8so5q6,AS Monaco FC,Monaco,Monaco,ASM,659292.0,9.0,1.0,3.0,3.0,100.0,2.0,2.0,100.0,0.0,0.0,0.0,0.0,0.0,0.0,Oumar,Konaté,2007-05-05,19.35,146.0,42.0,Forward,0,7uvlkqgk4mdryo8ushk31t3x0,4t4hod56fsj7utpjdor8so5q6,AS Monaco FC,Monaco,Monaco,ASM,659292,7uvlkqgk4mdryo8ushk31t3x0,146,4t4hod56fsj7utpjdor8so5q6
Ousmane Camara,512126.0,2.0,180.0,0.0,0.03,-0.03,1.0,0.0,0.0,0.03,Ousmane,Camara,2003-03-06,23.51,2128.0,4.0,Defender,Central Defender,99yx7t2j59cyia4bkpi59q1as,75qj99fhg5c0ztj2tva5u4uii,Angers Sporting Club de l'Ouest,Angers,Angers,SCO,20.0,163.056,7.0,69.825,0.0,0.0,1.0,0.0,8.153,9.975,4.0,2.0,7.0,3.0,14.0,5.0,5.0,100.0,3.0,2.0,66.667,,,,,,,,,,512126.0,180.0,2.0,2.0,1.0,1.04,0.0,0.219,0.219,1.0,0.0,Ousmane,Camara,2003-03-06,23.51,2128.0,4.0,Defender,Central Defender,99yx7t2j59cyia4bkpi59q1as,75qj99fhg5c0ztj2tva5u4uii,Angers Sporting Club de l'Ouest,Angers,Angers,SCO,512126.0,180.0,2.0,108.0,100.0,92.59,9.0,6.0,66.67,0.0,0.0,0.0,0.0,0.0,0.0,Ousmane,Camara,2003-03-06,23.51,2128.0,4.0,Defender,Central Defender,99yx7t2j59cyia4bkpi59q1as,75qj99fhg5c0ztj2tva5u4uii,Angers Sporting Club de l'Ouest,Angers,Angers,SCO,512126,99yx7t2j59cyia4bkpi59q1as,2128,75qj99fhg5c0ztj2tva5u4uii
Ousmane Dembélé,219438.0,1.0,45.0,0.0,0.26,-0.26,3.0,0.0,0.0,0.09,Ousmane,Dembélé,1997-05-15,29.32,149.0,10.0,Forward,Winger,ckaqxlw257qzj8vjdumvwbaad,2b3mar72yy8d6uvat1ka6tn3r,Paris Saint-Germain FC,Paris Saint-Germain,Paris SG,PSG,7.0,63.695,1.0,19.53,0.0,0.0,0.0,0.0,9.099,19.53,0.0,0.0,0.0,0.0,0.0,2.0,0.0,0.0,0.0,0.0,0.0,,,,,,,,,,219438.0,45.0,1.0,2.0,1.0,5.88,50.0,0.078,0.037,0.0,0.0,Ousmane,Dembélé,1997-05-15,29.32,149.0,10.0,Forward,Winger,ckaqxlw257qzj8vjdumvwbaad,2b3mar72yy8d6uvat1ka6tn3r,Paris Saint-Germain FC,Paris Saint-Germain,Paris SG,PSG,219438.0,45.0,1.0,19.0,17.0,89.47,15.0,13.0,86.67,1.0,0.0,0.0,0.0,0.0,0.0,Ousmane,Dembélé,1997-05-15,29.32,149.0,10.0,Forward,Winger,ckaqxlw257qzj8vjdumvwbaad,2b3mar72yy8d6uvat1ka6tn3r,Paris Saint-Germain FC,Paris Saint-Germain,Paris SG,PSG,219438,ckaqxlw257qzj8vjdumvwbaad,149,2b3mar72yy8d6uvat1ka6tn3r
Pablo Pagis,551976.0,2.0,153.0,0.0,0.26,-0.26,3.0,0.0,0.0,0.09,Pablo,Pagis,2002-12-29,23.7,2338.0,7.0,Forward,Striker,5xswuoacpzuco82mmu00gjyms,8v00fx2zwhiwm05tqqkt122p5,Paris FC,Paris FC,Paris FC,PAR,21.0,280.612,13.0,124.74,3.0,0.0,0.0,0.0,13.362,9.595,2.0,2.0,5.0,0.0,1.0,12.0,6.0,50.0,2.0,1.0,50.0,,,,,,,,,,551976.0,153.0,2.0,1.0,1.0,1.82,0.0,0.037,0.036,0.0,0.0,Pablo,Pagis,2002-12-29,23.7,2338.0,7.0,Forward,Striker,5xswuoacpzuco82mmu00gjyms,8v00fx2zwhiwm05tqqkt122p5,Paris FC,Paris FC,Paris FC,PAR,551976.0,153.0,2.0,57.0,47.0,82.46,16.0,12.0,75.0,3.0,0.0,0.0,1.0,0.0,0.0,Pablo,Pagis,2002-12-29,23.7,2338.0,7.0,Forward,Striker,5xswuoacpzuco82mmu00gjyms,8v00fx2zwhiwm05tqqkt122p5,Paris FC,Paris FC,Paris FC,PAR,551976,5xswuoacpzuco82mmu00gjyms,2338,8v00fx2zwhiwm05tqqkt122p5
Panos Katseris,624764.0,2.0,35.0,0.0,0.0,0.0,0.0,0.0,0.0,0.0,Panos,Katseris,2001-07-05,25.18,694.0,77.0,Defender,0,avcz4wr4wem1s9vz3y5hl5fdg,70nn27vgkt6l48lvv5e66q7ww,FC Lorient,Lorient,Lorient,FCL,7.0,67.506,5.0,38.955,0.0,0.0,1.0,0.0,9.644,7.791,1.0,0.0,0.0,0.0,1.0,3.0,2.0,66.667,2.0,1.0,50.0,,,,,,,,,,624764.0,35.0,2.0,2.0,2.0,11.76,0.0,0.166,0.166,0.0,0.0,Panos,Katseris,2001-07-05,25.18,694.0,77.0,Defender,0,avcz4wr4wem1s9vz3y5hl5fdg,70nn27vgkt6l48lvv5e66q7ww,FC Lorient,Lorient,Lorient,FCL,624764.0,35.0,2.0,17.0,11.0,64.71,13.0,7.0,53.85,8.0,1.0,12.5,0.0,0.0,0.0,Panos,Katseris,2001-07-05,25.18,694.0,77.0,Defender,0,avcz4wr4wem1s9vz3y5hl5fdg,70nn27vgkt6l48lvv5e66q7ww,FC Lorient,Lorient,Lorient,FCL,624764,avcz4wr4wem1s9vz3y5hl5fdg,694,70nn27vgkt6l48lvv5e66q7ww
Paolo Gozzi,248667.0,0.0,0.0,0.0,0.0,0.0,0.0,0.0,0.0,0.0,Paolo,Gozzi,2001-04-25,25.38,154.0,5.0,Defender,Central Defender,248667,3unkqo2g6ag99gd5ynz1j7vse,Espérance Sportive Troyes Aube Champagne,Troyes,Troyes,TRO,0.0,0.0,0.0,0.0,0.0,0.0,0.0,0.0,0.0,0.0,0.0,0.0,0.0,0.0,0.0,0.0,0.0,0.0,0.0,0.0,0.0,,,,,,,,,,248667.0,0.0,0.0,0.0,0.0,0.0,0.0,0.0,0.0,0.0,0.0,Paolo,Gozzi,2001-04-25,25.38,154.0,5.0,Defender,Central Defender,248667,3unkqo2g6ag99gd5ynz1j7vse,Espérance Sportive Troyes Aube Champagne,Troyes,Troyes,TRO,248667.0,0.0,0.0,0.0,0.0,0.0,0.0,0.0,0.0,0.0,0.0,0.0,0.0,0.0,0.0,Paolo,Gozzi,2001-04-25,25.38,154.0,5.0,Defender,Central Defender,248667,3unkqo2g6ag99gd5ynz1j7vse,Espérance Sportive Troyes Aube Champagne,Troyes,Troyes,TRO,248667,248667,154,3unkqo2g6ag99gd5ynz1j7vse
Pape Cabral,633711.0,0.0,0.0,0.0,0.0,0.0,0.0,0.0,0.0,0.0,Pape,Cabral,2007-01-20,19.63,146.0,19.0,Midfielder,0,633711,4t4hod56fsj7utpjdor8so5q6,AS Monaco FC,Monaco,Monaco,ASM,0.0,0.0,0.0,0.0,0.0,0.0,0.0,0.0,0.0,0.0,0.0,0.0,0.0,0.0,0.0,0.0,0.0,0.0,0.0,0.0,0.0,,,,,,,,,,633711.0,0.0,0.0,0.0,0.0,0.0,0.0,0.0,0.0,0.0,0.0,Pape,Cabral,2007-01-20,19.63,146.0,19.0,Midfielder,0,633711,4t4hod56fsj7utpjdor8so5q6,AS Monaco FC,Monaco,Monaco,ASM,633711.0,0.0,0.0,0.0,0.0,0.0,0.0,0.0,0.0,0.0,0.0,0.0,0.0,0.0,0.0,Pape,Cabral,2007-01-20,19.63,146.0,19.0,Midfielder,0,633711,4t4hod56fsj7utpjdor8so5q6,AS Monaco FC,Monaco,Monaco,ASM,633711,633711,146,4t4hod56fsj7utpjdor8so5q6
Pape Diop,601946.0,2.0,111.0,0.0,0.26,-0.26,3.0,0.0,0.0,0.09,Pape,Diop,2003-09-04,23.01,153.0,21.0,Midfielder,Central Midfielder,7midzsc4xu11dxhw22s9b5e6s,71ajatxnuhc5cnm3xvgdky49w,RC Strasbourg Alsace,Strasbourg,Strasbourg,STR,15.0,120.215,2.0,-42.0,0.0,0.0,1.0,0.0,8.014,-21.0,6.0,1.0,11.0,1.0,3.0,12.0,9.0,75.0,0.0,0.0,0.0,,,,,,,,,,601946.0,111.0,2.0,1.0,1.0,1.47,0.0,0.024,0.023,0.0,0.0,Pape,Diop,2003-09-04,23.01,153.0,21.0,Midfielder,Central Midfielder,7midzsc4xu11dxhw22s9b5e6s,71ajatxnuhc5cnm3xvgdky49w,RC Strasbourg Alsace,Strasbourg,Strasbourg,STR,601946.0,111.0,2.0,71.0,66.0,92.96,12.0,9.0,75.0,1.0,0.0,0.0,0.0,0.0,0.0,Pape,Diop,2003-09-04,23.01,153.0,21.0,Midfielder,Central Midfielder,7midzsc4xu11dxhw22s9b5e6s,71ajatxnuhc5cnm3xvgdky49w,RC Strasbourg Alsace,Strasbourg,Strasbourg,STR,601946,7midzsc4xu11dxhw22s9b5e6s,153,71ajatxnuhc5cnm3xvgdky49w
Paris Brunner,569020.0,2.0,138.0,2.0,1.87,0.13,9.0,4.0,22.22,0.21,Paris,Brunner,2006-02-15,20.56,146.0,29.0,Forward,Striker,4dkerrlcqxybg52pose3qxas,4t4hod56fsj7utpjdor8so5q6,AS Monaco FC,Monaco,Monaco,ASM,8.0,79.999,4.0,47.145,0.0,0.0,0.0,0.0,10.0,11.786,3.0,0.0,4.0,0.0,2.0,12.0,6.0,50.0,4.0,2.0,50.0,,,,,,,,,,569020.0,138.0,2.0,0.0,0.0,0.0,0.0,0.02,0.02,0.0,0.0,Paris,Brunner,2006-02-15,20.56,146.0,29.0,Forward,Striker,4dkerrlcqxybg52pose3qxas,4t4hod56fsj7utpjdor8so5q6,AS Monaco FC,Monaco,Monaco,ASM,569020.0,138.0,2.0,21.0,13.0,61.9,11.0,7.0,63.64,1.0,0.0,0.0,0.0,0.0,0.0,Paris,Brunner,2006-02-15,20.56,146.0,29.0,Forward,Striker,4dkerrlcqxybg52pose3qxas,4t4hod56fsj7utpjdor8so5q6,AS Monaco FC,Monaco,Monaco,ASM,569020,4dkerrlcqxybg52pose3qxas,146,4t4hod56fsj7utpjdor8so5q6
Pathé Mboup,586343.0,2.0,154.0,0.0,0.73,-0.73,7.0,2.0,0.0,0.1,Pathé,Mboup,2003-10-19,22.89,862.0,9.0,Forward,Winger,8ipqhvaekpinqwwgb4eo0g6qc,3adj8hkws0z1al232bg2h6tk0,Stade Brestois 29,Brest,Brest,BRE,21.0,223.871,10.0,69.09,3.0,0.0,0.0,0.0,10.661,6.909,5.0,1.0,5.0,0.0,0.0,28.0,10.0,35.714,5.0,1.0,20.0,,,,,,,,,,586343.0,154.0,2.0,2.0,2.0,6.45,0.0,0.172,0.171,0.0,0.0,Pathé,Mboup,2003-10-19,22.89,862.0,9.0,Forward,Winger,8ipqhvaekpinqwwgb4eo0g6qc,3adj8hkws0z1al232bg2h6tk0,Stade Brestois 29,Brest,Brest,BRE,586343.0,154.0,2.0,31.0,25.0,80.65,15.0,11.0,73.33,1.0,0.0,0.0,1.0,1.0,100.0,Pathé,Mboup,2003-10-19,22.89,862.0,9.0,Forward,Winger,8ipqhvaekpinqwwgb4eo0g6qc,3adj8hkws0z1al232bg2h6tk0,Stade Brestois 29,Brest,Brest,BRE,586343,8ipqhvaekpinqwwgb4eo0g6qc,862,3adj8hkws0z1al232bg2h6tk0
Patrick Beach,,,,,,,,,,,,,,,,,,,,,,,,,,,,,,,,,,,,,,,,,,,,,,180.0,100.0,0.0,1.0,5.0,83.33,1.64,2.0,2.64,,,,,,,,,,,,,,,,,,,,,,,,,,,,,,,,,,,,,,,,,,,,,,,,,,,,,,,568146,16of29foougixh5hpw4l7j76c,154,3unkqo2g6ag99gd5ynz1j7vse
Patrick Zabi,683822.0,2.0,27.0,0.0,1.48,-1.48,2.0,0.0,0.0,0.74,Patrick,Zabi,2006-09-24,19.96,2338.0,8.0,Midfielder,Central Midfielder,8imfhuden1gl71bmhfnw6ehhw,8v00fx2zwhiwm05tqqkt122p5,Paris FC,Paris FC,Paris FC,PAR,8.0,175.481,6.0,127.26,1.0,0.0,0.0,0.0,21.935,21.21,1.0,0.0,2.0,0.0,1.0,3.0,2.0,66.667,1.0,0.0,0.0,,,,,,,,,,683822.0,27.0,2.0,1.0,1.0,0.0,0.0,0.114,0.114,1.0,1.0,Patrick,Zabi,2006-09-24,19.96,2338.0,8.0,Midfielder,Central Midfielder,8imfhuden1gl71bmhfnw6ehhw,8v00fx2zwhiwm05tqqkt122p5,Paris FC,Paris FC,Paris FC,PAR,683822.0,27.0,2.0,17.0,14.0,82.35,5.0,4.0,80.0,0.0,0.0,0.0,1.0,1.0,100.0,Patrick,Zabi,2006-09-24,19.96,2338.0,8.0,Midfielder,Central Midfielder,8imfhuden1gl71bmhfnw6ehhw,8v00fx2zwhiwm05tqqkt122p5,Paris FC,Paris FC,Paris FC,PAR,683822,8imfhuden1gl71bmhfnw6ehhw,2338,8v00fx2zwhiwm05tqqkt122p5
Pavel Sulc,465954.0,2.0,37.0,0.0,0.03,-0.03,1.0,1.0,0.0,0.03,Pavel,Sulc,2000-12-29,25.7,143.0,10.0,Midfielder,0,58vrddf0ws30ev8rrkjpkkrxm,121le8unjfzug3iu9pgkqa1c7,Lyon,Olympique Lyonnais,Lyon,OL,5.0,62.342,4.0,50.61,0.0,0.0,1.0,0.0,12.468,12.652,1.0,0.0,3.0,0.0,0.0,3.0,1.0,33.333,3.0,1.0,33.333,,,,,,,,,,465954.0,37.0,2.0,2.0,2.0,5.88,0.0,0.055,0.055,1.0,1.0,Pavel,Sulc,2000-12-29,25.7,143.0,10.0,Midfielder,0,58vrddf0ws30ev8rrkjpkkrxm,121le8unjfzug3iu9pgkqa1c7,Lyon,Olympique Lyonnais,Lyon,OL,465954.0,37.0,2.0,17.0,17.0,100.0,6.0,6.0,100.0,0.0,0.0,0.0,0.0,0.0,0.0,Pavel,Sulc,2000-12-29,25.7,143.0,10.0,Midfielder,0,58vrddf0ws30ev8rrkjpkkrxm,121le8unjfzug3iu9pgkqa1c7,Lyon,Olympique Lyonnais,Lyon,OL,465954,58vrddf0ws30ev8rrkjpkkrxm,143,121le8unjfzug3iu9pgkqa1c7
Pierre Ekwah,458297.0,0.0,0.0,0.0,0.0,0.0,0.0,0.0,0.0,0.0,Pierre,Ekwah,2002-01-15,24.65,138.0,17.0,Midfielder,0,458297,9bxav814mkuhueiyivyive82d,Association Jeunesse Auxerroise,Auxerre,Auxerre,AJA,0.0,0.0,0.0,0.0,0.0,0.0,0.0,0.0,0.0,0.0,0.0,0.0,0.0,0.0,0.0,0.0,0.0,0.0,0.0,0.0,0.0,,,,,,,,,,458297.0,0.0,0.0,0.0,0.0,0.0,0.0,0.0,0.0,0.0,0.0,Pierre,Ekwah,2002-01-15,24.65,138.0,17.0,Midfielder,0,458297,9bxav814mkuhueiyivyive82d,Association Jeunesse Auxerroise,Auxerre,Auxerre,AJA,458297.0,0.0,0.0,0.0,0.0,0.0,0.0,0.0,0.0,0.0,0.0,0.0,0.0,0.0,0.0,Pierre,Ekwah,2002-01-15,24.65,138.0,17.0,Midfielder,0,458297,9bxav814mkuhueiyivyive82d,Association Jeunesse Auxerroise,Auxerre,Auxerre,AJA,458297,458297,138,9bxav814mkuhueiyivyive82d
Pierre Lees-Melou,212325.0,2.0,180.0,0.0,0.11,-0.11,3.0,0.0,0.0,0.04,Pierre,Lees-Melou,1993-05-25,33.3,2338.0,33.0,Midfielder,0,dl4e5ojyhccj6w0vgksfzvmxh,8v00fx2zwhiwm05tqqkt122p5,Paris FC,Paris FC,Paris FC,PAR,27.0,231.767,8.0,37.905,1.0,0.0,0.0,0.0,8.584,4.738,10.0,4.0,14.0,1.0,3.0,17.0,14.0,82.353,2.0,1.0,50.0,,,,,,,,,,212325.0,180.0,2.0,0.0,0.0,0.0,0.0,0.109,0.109,0.0,0.0,Pierre,Lees-Melou,1993-05-25,33.3,2338.0,33.0,Midfielder,0,dl4e5ojyhccj6w0vgksfzvmxh,8v00fx2zwhiwm05tqqkt122p5,Paris FC,Paris FC,Paris FC,PAR,212325.0,180.0,2.0,159.0,143.0,89.94,31.0,23.0,74.19,0.0,0.0,0.0,1.0,0.0,0.0,Pierre,Lees-Melou,1993-05-25,33.3,2338.0,33.0,Midfielder,0,dl4e5ojyhccj6w0vgksfzvmxh,8v00fx2zwhiwm05tqqkt122p5,Paris FC,Paris FC,Paris FC,PAR,212325,dl4e5ojyhccj6w0vgksfzvmxh,2338,8v00fx2zwhiwm05tqqkt122p5
Pierre-Emile Højbjerg,132015.0,2.0,180.0,1.0,0.13,0.87,3.0,1.0,33.33,0.04,Pierre-Emile,Højbjerg,1995-08-05,31.1,144.0,23.0,Midfielder,Defensive Midfielder,4zxrdmwphkxvkvo6bt30uanrp,27xvwccz8kpmqsefjv2b2sc0o,Olympique de Marseille,Olympique Marseille,Marseille,OM,57.0,495.106,20.0,112.035,2.0,0.0,0.0,0.0,8.686,5.602,5.0,2.0,13.0,0.0,1.0,16.0,7.0,43.75,1.0,1.0,100.0,,,,,,,,,,132015.0,180.0,2.0,3.0,3.0,1.71,0.0,0.203,0.203,0.0,0.0,Pierre-Emile,Højbjerg,1995-08-05,31.1,144.0,23.0,Midfielder,Defensive Midfielder,4zxrdmwphkxvkvo6bt30uanrp,27xvwccz8kpmqsefjv2b2sc0o,Olympique de Marseille,Olympique Marseille,Marseille,OM,132015.0,180.0,2.0,176.0,161.0,91.48,50.0,43.0,86.0,1.0,1.0,100.0,0.0,0.0,0.0,Pierre-Emile,Højbjerg,1995-08-05,31.1,144.0,23.0,Midfielder,Defensive Midfielder,4zxrdmwphkxvkvo6bt30uanrp,27xvwccz8kpmqsefjv2b2sc0o,Olympique de Marseille,Olympique Marseille,Marseille,OM,132015,4zxrdmwphkxvkvo6bt30uanrp,144,27xvwccz8kpmqsefjv2b2sc0o
Prosper Peter,695695.0,2.0,56.0,0.0,1.06,-1.06,4.0,2.0,0.0,0.27,Prosper,Peter,2007-08-09,19.08,2128.0,9.0,Forward,Striker,5hsayz8xx43z84ounubrnt91w,75qj99fhg5c0ztj2tva5u4uii,Angers Sporting Club de l'Ouest,Angers,Angers,SCO,6.0,78.986,2.0,-7.77,0.0,0.0,0.0,0.0,13.164,-3.885,0.0,0.0,2.0,0.0,0.0,8.0,3.0,37.5,3.0,2.0,66.667,,,,,,,,,,695695.0,56.0,2.0,1.0,1.0,7.69,0.0,0.012,0.012,0.0,0.0,Prosper,Peter,2007-08-09,19.08,2128.0,9.0,Forward,Striker,5hsayz8xx43z84ounubrnt91w,75qj99fhg5c0ztj2tva5u4uii,Angers Sporting Club de l'Ouest,Angers,Angers,SCO,695695.0,56.0,2.0,13.0,10.0,76.92,7.0,4.0,57.14,0.0,0.0,0.0,0.0,0.0,0.0,Prosper,Peter,2007-08-09,19.08,2128.0,9.0,Forward,Striker,5hsayz8xx43z84ounubrnt91w,75qj99fhg5c0ztj2tva5u4uii,Angers Sporting Club de l'Ouest,Angers,Angers,SCO,695695,5hsayz8xx43z84ounubrnt91w,2128,75qj99fhg5c0ztj2tva5u4uii
Przemyslaw Frankowski,140040.0,2.0,178.0,0.0,0.07,-0.07,2.0,0.0,0.0,0.03,Przemyslaw,Frankowski,1995-04-12,31.42,150.0,95.0,Midfielder,Wing Back,bt4yy465bb33u7phdhnlr6pcl,z1wbqtd0fz5t5eezjvrbld3h,Stade Rennais FC,Rennes,Rennes,REN,34.0,354.447,21.0,192.36,1.0,0.0,1.0,0.0,10.425,9.16,1.0,3.0,8.0,0.0,5.0,9.0,2.0,22.222,2.0,1.0,50.0,,,,,,,,,,140040.0,178.0,2.0,4.0,4.0,3.23,0.0,0.395,0.395,1.0,1.0,Przemyslaw,Frankowski,1995-04-12,31.42,150.0,95.0,Midfielder,Wing Back,bt4yy465bb33u7phdhnlr6pcl,z1wbqtd0fz5t5eezjvrbld3h,Stade Rennais FC,Rennes,Rennes,REN,140040.0,178.0,2.0,94.0,77.0,81.91,23.0,16.0,69.57,6.0,2.0,33.33,2.0,1.0,50.0,Przemyslaw,Frankowski,1995-04-12,31.42,150.0,95.0,Midfielder,Wing Back,bt4yy465bb33u7phdhnlr6pcl,z1wbqtd0fz5t5eezjvrbld3h,Stade Rennais FC,Rennes,Rennes,REN,140040,bt4yy465bb33u7phdhnlr6pcl,150,z1wbqtd0fz5t5eezjvrbld3h
Quentin Merlin,531003.0,2.0,90.0,0.0,0.0,0.0,0.0,0.0,0.0,0.0,Quentin,Merlin,2002-05-16,24.32,150.0,26.0,Defender,Full Back,4a7x84pflda40oka94y36gwk,z1wbqtd0fz5t5eezjvrbld3h,Stade Rennais FC,Rennes,Rennes,REN,19.0,186.644,13.0,111.72,0.0,0.0,1.0,0.0,9.823,8.594,0.0,0.0,6.0,0.0,4.0,4.0,1.0,25.0,2.0,1.0,50.0,,,,,,,,,,531003.0,90.0,2.0,1.0,1.0,2.13,0.0,0.38,0.379,0.0,0.0,Quentin,Merlin,2002-05-16,24.32,150.0,26.0,Defender,Full Back,4a7x84pflda40oka94y36gwk,z1wbqtd0fz5t5eezjvrbld3h,Stade Rennais FC,Rennes,Rennes,REN,531003.0,90.0,2.0,52.0,44.0,84.62,11.0,6.0,54.55,4.0,1.0,25.0,0.0,0.0,0.0,Quentin,Merlin,2002-05-16,24.32,150.0,26.0,Defender,Full Back,4a7x84pflda40oka94y36gwk,z1wbqtd0fz5t5eezjvrbld3h,Stade Rennais FC,Rennes,Rennes,REN,531003,4a7x84pflda40oka94y36gwk,150,z1wbqtd0fz5t5eezjvrbld3h
Quinten Timber,450063.0,1.0,45.0,0.0,0.0,0.0,0.0,0.0,0.0,0.0,Quinten,Timber,2001-06-17,25.23,144.0,27.0,Midfielder,Central Midfielder,e5xuwwa4qs6zxjd7y52tslih,27xvwccz8kpmqsefjv2b2sc0o,Olympique de Marseille,Olympique Marseille,Marseille,OM,7.0,72.44,4.0,21.315,0.0,0.0,0.0,0.0,10.349,5.329,0.0,0.0,1.0,0.0,0.0,4.0,2.0,50.0,1.0,0.0,0.0,,,,,,,,,,450063.0,45.0,1.0,0.0,0.0,0.0,0.0,0.009,0.009,0.0,0.0,Quinten,Timber,2001-06-17,25.23,144.0,27.0,Midfielder,Central Midfielder,e5xuwwa4qs6zxjd7y52tslih,27xvwccz8kpmqsefjv2b2sc0o,Olympique de Marseille,Olympique Marseille,Marseille,OM,450063.0,45.0,1.0,13.0,10.0,76.92,8.0,5.0,62.5,3.0,0.0,0.0,0.0,0.0,0.0,Quinten,Timber,2001-06-17,25.23,144.0,27.0,Midfielder,Central Midfielder,e5xuwwa4qs6zxjd7y52tslih,27xvwccz8kpmqsefjv2b2sc0o,Olympique de Marseille,Olympique Marseille,Marseille,OM,450063,e5xuwwa4qs6zxjd7y52tslih,144,27xvwccz8kpmqsefjv2b2sc0o
Rafik Messali,656314.0,2.0,64.0,0.0,0.0,0.0,0.0,0.0,0.0,0.0,Rafik,Messali,2003-04-28,23.37,427.0,22.0,Midfielder,0,4aooo9gmqd70fj330jxb3s4r8,4aghw9tyi8ba3ju1ne83gmf9w,Toulouse FC,Toulouse,Toulouse,TFC,6.0,50.146,5.0,37.59,0.0,0.0,0.0,0.0,8.358,7.518,2.0,4.0,5.0,0.0,1.0,11.0,5.0,45.455,5.0,2.0,40.0,,,,,,,,,,656314.0,64.0,2.0,0.0,0.0,0.0,0.0,0.029,0.028,0.0,0.0,Rafik,Messali,2003-04-28,23.37,427.0,22.0,Midfielder,0,4aooo9gmqd70fj330jxb3s4r8,4aghw9tyi8ba3ju1ne83gmf9w,Toulouse FC,Toulouse,Toulouse,TFC,656314.0,64.0,2.0,35.0,29.0,82.86,8.0,8.0,100.0,1.0,0.0,0.0,0.0,0.0,0.0,Rafik,Messali,2003-04-28,23.37,427.0,22.0,Midfielder,0,4aooo9gmqd70fj330jxb3s4r8,4aghw9tyi8ba3ju1ne83gmf9w,Toulouse FC,Toulouse,Toulouse,TFC,656314,4aooo9gmqd70fj330jxb3s4r8,427,4aghw9tyi8ba3ju1ne83gmf9w
Raphaël Le Guen,678291.0,2.0,180.0,0.0,1.01,-1.01,5.0,0.0,0.0,0.2,Raphaël,Le Guen,2006-09-01,20.02,862.0,71.0,Defender,Central Defender,65b7kc7djr4vmbk55wumup72s,3adj8hkws0z1al232bg2h6tk0,Stade Brestois 29,Brest,Brest,BRE,35.0,397.544,20.0,206.43,0.0,0.0,0.0,0.0,11.358,10.322,1.0,2.0,10.0,1.0,15.0,2.0,2.0,100.0,7.0,7.0,100.0,,,,,,,,,,678291.0,180.0,2.0,2.0,2.0,1.9,0.0,0.128,0.128,0.0,0.0,Raphaël,Le Guen,2006-09-01,20.02,862.0,71.0,Defender,Central Defender,65b7kc7djr4vmbk55wumup72s,3adj8hkws0z1al232bg2h6tk0,Stade Brestois 29,Brest,Brest,BRE,678291.0,180.0,2.0,109.0,99.0,90.83,8.0,5.0,62.5,0.0,0.0,0.0,0.0,0.0,0.0,Raphaël,Le Guen,2006-09-01,20.02,862.0,71.0,Defender,Central Defender,65b7kc7djr4vmbk55wumup72s,3adj8hkws0z1al232bg2h6tk0,Stade Brestois 29,Brest,Brest,BRE,678291,65b7kc7djr4vmbk55wumup72s,862,3adj8hkws0z1al232bg2h6tk0
Rasmus Nicolaisen,228955.0,2.0,180.0,0.0,0.13,-0.13,2.0,0.0,0.0,0.06,Rasmus,Nicolaisen,1997-03-16,29.49,427.0,2.0,Defender,Central Defender,2o5wwfsh5xhyatdfelh9dzqax,4aghw9tyi8ba3ju1ne83gmf9w,Toulouse FC,Toulouse,Toulouse,TFC,19.0,156.101,10.0,59.85,0.0,0.0,0.0,0.0,8.216,5.985,2.0,3.0,7.0,4.0,18.0,8.0,3.0,37.5,15.0,11.0,73.333,,,,,,,,,,228955.0,180.0,2.0,0.0,0.0,0.0,0.0,0.009,0.009,0.0,0.0,Rasmus,Nicolaisen,1997-03-16,29.49,427.0,2.0,Defender,Central Defender,2o5wwfsh5xhyatdfelh9dzqax,4aghw9tyi8ba3ju1ne83gmf9w,Toulouse FC,Toulouse,Toulouse,TFC,228955.0,180.0,2.0,99.0,96.0,96.97,4.0,4.0,100.0,0.0,0.0,0.0,0.0,0.0,0.0,Rasmus,Nicolaisen,1997-03-16,29.49,427.0,2.0,Defender,Central Defender,2o5wwfsh5xhyatdfelh9dzqax,4aghw9tyi8ba3ju1ne83gmf9w,Toulouse FC,Toulouse,Toulouse,TFC,228955,2o5wwfsh5xhyatdfelh9dzqax,427,4aghw9tyi8ba3ju1ne83gmf9w
Rassoul Ndiaye,490330.0,2.0,180.0,0.0,0.25,-0.25,4.0,1.0,0.0,0.06,Rassoul,Ndiaye,2001-12-11,24.75,141.0,14.0,Midfielder,Central Midfielder,duuan2ogcypv8ftmnypoed3sa,23pqcgxu1tip265hbe01kszbt,Le Havre AC,Le Havre,Le Havre,HAC,19.0,238.068,12.0,160.65,2.0,0.0,1.0,0.0,12.53,13.388,7.0,2.0,13.0,1.0,0.0,22.0,13.0,59.091,2.0,1.0,50.0,,,,,,,,,,490330.0,180.0,2.0,3.0,3.0,3.9,0.0,0.119,0.116,0.0,0.0,Rassoul,Ndiaye,2001-12-11,24.75,141.0,14.0,Midfielder,Central Midfielder,duuan2ogcypv8ftmnypoed3sa,23pqcgxu1tip265hbe01kszbt,Le Havre AC,Le Havre,Le Havre,HAC,490330.0,180.0,2.0,80.0,63.0,78.75,33.0,25.0,75.76,6.0,1.0,16.67,0.0,0.0,0.0,Rassoul,Ndiaye,2001-12-11,24.75,141.0,14.0,Midfielder,Central Midfielder,duuan2ogcypv8ftmnypoed3sa,23pqcgxu1tip265hbe01kszbt,Le Havre AC,Le Havre,Le Havre,HAC,490330,duuan2ogcypv8ftmnypoed3sa,141,23pqcgxu1tip265hbe01kszbt
Rayan Bamba,653530.0,1.0,90.0,0.0,0.0,0.0,0.0,0.0,0.0,0.0,Rayan,Bamba,2004-05-14,22.32,920.0,0.0,Defender,Full Back,6nhamg6enmjebvyarfg0e1pn8,bj8hrmj01r3zit0x8r6qm2eu2,Le Mans FC,Le Mans,Le Mans,LEM,19.0,190.257,12.0,82.215,0.0,0.0,0.0,0.0,10.014,6.851,0.0,1.0,8.0,0.0,3.0,1.0,0.0,0.0,0.0,0.0,0.0,,,,,,,,,,653530.0,90.0,1.0,1.0,1.0,1.61,0.0,0.011,0.011,0.0,0.0,Rayan,Bamba,2004-05-14,22.32,920.0,0.0,Defender,Full Back,6nhamg6enmjebvyarfg0e1pn8,bj8hrmj01r3zit0x8r6qm2eu2,Le Mans FC,Le Mans,Le Mans,LEM,653530.0,90.0,1.0,68.0,62.0,91.18,9.0,6.0,66.67,0.0,0.0,0.0,0.0,0.0,0.0,Rayan,Bamba,2004-05-14,22.32,920.0,0.0,Defender,Full Back,6nhamg6enmjebvyarfg0e1pn8,bj8hrmj01r3zit0x8r6qm2eu2,Le Mans FC,Le Mans,Le Mans,LEM,653530,6nhamg6enmjebvyarfg0e1pn8,920,bj8hrmj01r3zit0x8r6qm2eu2
Rayan Fofana,634376.0,0.0,0.0,0.0,0.0,0.0,0.0,0.0,0.0,0.0,Rayan,Fofana,2006-02-12,20.57,142.0,18.0,Forward,Striker,634376,3xedluek08t2ka7oypwuullcn,Racing Club de Lens,Lens,Lens,RCL,0.0,0.0,0.0,0.0,0.0,0.0,0.0,0.0,0.0,0.0,0.0,0.0,0.0,0.0,0.0,0.0,0.0,0.0,0.0,0.0,0.0,,,,,,,,,,634376.0,0.0,0.0,0.0,0.0,0.0,0.0,0.0,0.0,0.0,0.0,Rayan,Fofana,2006-02-12,20.57,142.0,18.0,Forward,Striker,634376,3xedluek08t2ka7oypwuullcn,Racing Club de Lens,Lens,Lens,RCL,634376.0,0.0,0.0,0.0,0.0,0.0,0.0,0.0,0.0,0.0,0.0,0.0,0.0,0.0,0.0,Rayan,Fofana,2006-02-12,20.57,142.0,18.0,Forward,Striker,634376,3xedluek08t2ka7oypwuullcn,Racing Club de Lens,Lens,Lens,RCL,634376,634376,142,3xedluek08t2ka7oypwuullcn
Rayan Mandengue,645666.0,1.0,23.0,0.0,0.0,0.0,0.0,0.0,0.0,0.0,Rayan,Mandengue,2006-01-06,20.67,138.0,32.0,Defender,Full Back,ad7kqqrf4k5a4icsct7dk5vdg,9bxav814mkuhueiyivyive82d,Association Jeunesse Auxerroise,Auxerre,Auxerre,AJA,3.0,41.675,2.0,26.04,0.0,0.0,1.0,1.0,13.892,13.02,0.0,2.0,1.0,0.0,3.0,6.0,1.0,16.667,1.0,1.0,100.0,,,,,,,,,,645666.0,23.0,1.0,1.0,1.0,0.0,0.0,0.604,0.604,1.0,1.0,Rayan,Mandengue,2006-01-06,20.67,138.0,32.0,Defender,Full Back,ad7kqqrf4k5a4icsct7dk5vdg,9bxav814mkuhueiyivyive82d,Association Jeunesse Auxerroise,Auxerre,Auxerre,AJA,645666.0,23.0,1.0,5.0,5.0,100.0,1.0,1.0,100.0,0.0,0.0,0.0,0.0,0.0,0.0,Rayan,Mandengue,2006-01-06,20.67,138.0,32.0,Defender,Full Back,ad7kqqrf4k5a4icsct7dk5vdg,9bxav814mkuhueiyivyive82d,Association Jeunesse Auxerroise,Auxerre,Auxerre,AJA,645666,ad7kqqrf4k5a4icsct7dk5vdg,138,9bxav814mkuhueiyivyive82d
Raúl Torrente,519534.0,0.0,0.0,0.0,0.0,0.0,0.0,0.0,0.0,0.0,Raúl,Torrente,2001-09-11,24.99,920.0,16.0,Defender,Central Defender,519534,bj8hrmj01r3zit0x8r6qm2eu2,Le Mans FC,Le Mans,Le Mans,LEM,0.0,0.0,0.0,0.0,0.0,0.0,0.0,0.0,0.0,0.0,0.0,0.0,0.0,0.0,0.0,0.0,0.0,0.0,0.0,0.0,0.0,,,,,,,,,,519534.0,0.0,0.0,0.0,0.0,0.0,0.0,0.0,0.0,0.0,0.0,Raúl,Torrente,2001-09-11,24.99,920.0,16.0,Defender,Central Defender,519534,bj8hrmj01r3zit0x8r6qm2eu2,Le Mans FC,Le Mans,Le Mans,LEM,519534.0,0.0,0.0,0.0,0.0,0.0,0.0,0.0,0.0,0.0,0.0,0.0,0.0,0.0,0.0,Raúl,Torrente,2001-09-11,24.99,920.0,16.0,Defender,Central Defender,519534,bj8hrmj01r3zit0x8r6qm2eu2,Le Mans FC,Le Mans,Le Mans,LEM,519534,519534,920,bj8hrmj01r3zit0x8r6qm2eu2
Renaud Ripart,121150.0,2.0,172.0,1.0,1.64,-0.64,8.0,3.0,12.5,0.21,Renaud,Ripart,1993-03-14,33.5,154.0,20.0,Forward,0,a7rdypucykxo0a9xmcuqzabpx,3unkqo2g6ag99gd5ynz1j7vse,Espérance Sportive Troyes Aube Champagne,Troyes,Troyes,TRO,7.0,66.161,2.0,0.315,1.0,0.0,0.0,0.0,9.452,0.158,3.0,0.0,5.0,0.0,0.0,12.0,7.0,58.333,21.0,12.0,57.143,,,,,,,,,,121150.0,172.0,2.0,0.0,0.0,0.0,0.0,0.027,0.027,0.0,0.0,Renaud,Ripart,1993-03-14,33.5,154.0,20.0,Forward,0,a7rdypucykxo0a9xmcuqzabpx,3unkqo2g6ag99gd5ynz1j7vse,Espérance Sportive Troyes Aube Champagne,Troyes,Troyes,TRO,121150.0,172.0,2.0,38.0,18.0,47.37,19.0,10.0,52.63,1.0,0.0,0.0,0.0,0.0,0.0,Renaud,Ripart,1993-03-14,33.5,154.0,20.0,Forward,0,a7rdypucykxo0a9xmcuqzabpx,3unkqo2g6ag99gd5ynz1j7vse,Espérance Sportive Troyes Aube Champagne,Troyes,Troyes,TRO,121150,a7rdypucykxo0a9xmcuqzabpx,154,3unkqo2g6ag99gd5ynz1j7vse
Robin Risser,,,,,,,,,,,,,,,,,,,,,,,,,,,,,,,,,,,,,,,,,,,,,,180.0,100.0,0.0,4.0,7.0,63.64,0.44,1.0,4.44,,,,,,,,,,,,,,,,,,,,,,,,,,,,,,,,,,,,,,,,,,,,,,,,,,,,,,,584845,3zkkrq8sph1lo23bt8d1nz10,142,3xedluek08t2ka7oypwuullcn
Romain Del Castillo,219873.0,2.0,138.0,1.0,0.2,0.8,1.0,1.0,100.0,0.2,Romain,Del Castillo,1996-03-29,30.45,862.0,10.0,Midfielder,Winger,32bc16sg6h58ajxigp7nl1ryt,3adj8hkws0z1al232bg2h6tk0,Stade Brestois 29,Brest,Brest,BRE,22.0,277.58,7.0,-29.085,1.0,1.0,1.0,0.0,12.617,-4.155,3.0,2.0,7.0,0.0,0.0,15.0,7.0,46.667,3.0,0.0,0.0,,,,,,,,,,219873.0,138.0,2.0,4.0,2.0,3.51,50.0,0.486,0.322,0.0,0.0,Romain,Del Castillo,1996-03-29,30.45,862.0,10.0,Midfielder,Winger,32bc16sg6h58ajxigp7nl1ryt,3adj8hkws0z1al232bg2h6tk0,Stade Brestois 29,Brest,Brest,BRE,219873.0,138.0,2.0,58.0,45.0,77.59,31.0,22.0,70.97,10.0,2.0,20.0,0.0,0.0,0.0,Romain,Del Castillo,1996-03-29,30.45,862.0,10.0,Midfielder,Winger,32bc16sg6h58ajxigp7nl1ryt,3adj8hkws0z1al232bg2h6tk0,Stade Brestois 29,Brest,Brest,BRE,219873,32bc16sg6h58ajxigp7nl1ryt,862,3adj8hkws0z1al232bg2h6tk0
Romain Faivre,441240.0,2.0,138.0,0.0,0.11,-0.11,3.0,1.0,0.0,0.04,Romain,Faivre,1998-07-14,28.16,138.0,28.0,Midfielder,Central Midfielder,7c5uk1ts8jlu88p1x6wubuz8p,9bxav814mkuhueiyivyive82d,Association Jeunesse Auxerroise,Auxerre,Auxerre,AJA,32.0,379.129,15.0,127.68,2.0,0.0,1.0,1.0,11.848,8.512,0.0,0.0,6.0,0.0,0.0,9.0,2.0,22.222,1.0,0.0,0.0,,,,,,,,,,441240.0,138.0,2.0,3.0,2.0,1.41,33.33,0.175,0.086,1.0,1.0,Romain,Faivre,1998-07-14,28.16,138.0,28.0,Midfielder,Central Midfielder,7c5uk1ts8jlu88p1x6wubuz8p,9bxav814mkuhueiyivyive82d,Association Jeunesse Auxerroise,Auxerre,Auxerre,AJA,441240.0,138.0,2.0,72.0,62.0,86.11,35.0,29.0,82.86,1.0,0.0,0.0,0.0,0.0,0.0,Romain,Faivre,1998-07-14,28.16,138.0,28.0,Midfielder,Central Midfielder,7c5uk1ts8jlu88p1x6wubuz8p,9bxav814mkuhueiyivyive82d,Association Jeunesse Auxerroise,Auxerre,Auxerre,AJA,441240,7c5uk1ts8jlu88p1x6wubuz8p,138,9bxav814mkuhueiyivyive82d
Romain Perraud,244560.0,2.0,166.0,0.0,0.04,-0.04,1.0,0.0,0.0,0.04,Romain,Perraud,1997-09-22,28.97,429.0,15.0,Defender,Full Back,67qku7vyvbw76086eu05nowd1,be2k34rut1lz79jxenabttqlc,Lille OSC,Lille,Lille,LIL,17.0,190.749,8.0,40.005,0.0,0.0,1.0,0.0,11.221,5.001,3.0,1.0,8.0,2.0,8.0,11.0,6.0,54.545,5.0,1.0,20.0,,,,,,,,,,244560.0,166.0,2.0,1.0,1.0,1.92,0.0,0.055,0.054,0.0,0.0,Romain,Perraud,1997-09-22,28.97,429.0,15.0,Defender,Full Back,67qku7vyvbw76086eu05nowd1,be2k34rut1lz79jxenabttqlc,Lille OSC,Lille,Lille,LIL,244560.0,166.0,2.0,52.0,39.0,75.0,14.0,11.0,78.57,5.0,2.0,40.0,0.0,0.0,0.0,Romain,Perraud,1997-09-22,28.97,429.0,15.0,Defender,Full Back,67qku7vyvbw76086eu05nowd1,be2k34rut1lz79jxenabttqlc,Lille OSC,Lille,Lille,LIL,244560,67qku7vyvbw76086eu05nowd1,429,be2k34rut1lz79jxenabttqlc
Ruben Aguilar,115327.0,1.0,28.0,0.0,0.0,0.0,0.0,0.0,0.0,0.0,Ruben,Aguilar,1993-04-26,33.38,142.0,2.0,Defender,Full Back,4rlw04tze791jwt623h5ikg5x,3xedluek08t2ka7oypwuullcn,Racing Club de Lens,Lens,Lens,RCL,5.0,40.934,2.0,25.83,0.0,0.0,0.0,0.0,8.187,12.915,0.0,1.0,2.0,0.0,0.0,4.0,0.0,0.0,0.0,0.0,0.0,,,,,,,,,,115327.0,28.0,1.0,1.0,1.0,4.0,0.0,0.176,0.176,0.0,0.0,Ruben,Aguilar,1993-04-26,33.38,142.0,2.0,Defender,Full Back,4rlw04tze791jwt623h5ikg5x,3xedluek08t2ka7oypwuullcn,Racing Club de Lens,Lens,Lens,RCL,115327.0,28.0,1.0,25.0,24.0,96.0,6.0,5.0,83.33,4.0,3.0,75.0,0.0,0.0,0.0,Ruben,Aguilar,1993-04-26,33.38,142.0,2.0,Defender,Full Back,4rlw04tze791jwt623h5ikg5x,3xedluek08t2ka7oypwuullcn,Racing Club de Lens,Lens,Lens,RCL,115327,4rlw04tze791jwt623h5ikg5x,142,3xedluek08t2ka7oypwuullcn
Rudy Matondo,694358.0,2.0,90.0,0.0,0.13,-0.13,1.0,1.0,0.0,0.13,Rudy,Matondo,2008-03-13,18.49,2338.0,23.0,Midfielder,Defensive Midfielder,16x1h9hpemidk9a15q01kfj10,8v00fx2zwhiwm05tqqkt122p5,Paris FC,Paris FC,Paris FC,PAR,9.0,77.303,1.0,21.525,1.0,0.0,1.0,0.0,8.589,21.525,1.0,0.0,9.0,0.0,2.0,5.0,2.0,40.0,0.0,0.0,0.0,,,,,,,,,,694358.0,90.0,2.0,2.0,2.0,6.25,0.0,0.038,0.038,0.0,0.0,Rudy,Matondo,2008-03-13,18.49,2338.0,23.0,Midfielder,Defensive Midfielder,16x1h9hpemidk9a15q01kfj10,8v00fx2zwhiwm05tqqkt122p5,Paris FC,Paris FC,Paris FC,PAR,694358.0,90.0,2.0,32.0,27.0,84.38,7.0,6.0,85.71,0.0,0.0,0.0,0.0,0.0,0.0,Rudy,Matondo,2008-03-13,18.49,2338.0,23.0,Midfielder,Defensive Midfielder,16x1h9hpemidk9a15q01kfj10,8v00fx2zwhiwm05tqqkt122p5,Paris FC,Paris FC,Paris FC,PAR,694358,16x1h9hpemidk9a15q01kfj10,2338,8v00fx2zwhiwm05tqqkt122p5
Rémi Himbert,640619.0,1.0,63.0,0.0,0.0,0.0,0.0,0.0,0.0,0.0,Rémi,Himbert,2008-02-29,18.52,143.0,45.0,Forward,Winger,atpvj8pkmlqq7b6fp4qo5hqms,121le8unjfzug3iu9pgkqa1c7,Lyon,Olympique Lyonnais,Lyon,OL,2.0,21.063,0.0,-2.73,0.0,0.0,0.0,0.0,10.532,0.0,0.0,1.0,1.0,0.0,0.0,5.0,1.0,20.0,3.0,1.0,33.333,,,,,,,,,,640619.0,63.0,1.0,2.0,2.0,20.0,0.0,0.016,0.016,0.0,0.0,Rémi,Himbert,2008-02-29,18.52,143.0,45.0,Forward,Winger,atpvj8pkmlqq7b6fp4qo5hqms,121le8unjfzug3iu9pgkqa1c7,Lyon,Olympique Lyonnais,Lyon,OL,640619.0,63.0,1.0,10.0,7.0,70.0,5.0,3.0,60.0,0.0,0.0,0.0,0.0,0.0,0.0,Rémi,Himbert,2008-02-29,18.52,143.0,45.0,Forward,Winger,atpvj8pkmlqq7b6fp4qo5hqms,121le8unjfzug3iu9pgkqa1c7,Lyon,Olympique Lyonnais,Lyon,OL,640619,atpvj8pkmlqq7b6fp4qo5hqms,143,121le8unjfzug3iu9pgkqa1c7
Rémy Descamps,,,,,,,,,,,,,,,,,,,,,,,,,,,,,,,,,,,,,,,,,,,,,,180.0,50.0,0.0,0.0,2.0,100.0,0.44,0.0,0.44,,,,,,,,,,,,,,,,,,,,,,,,,,,,,,,,,,,,,,,,,,,,,,,,,,,,,,,213199,ctygavkrblcxra880nwej0bf9,143,121le8unjfzug3iu9pgkqa1c7
Rémy Labeau Lascary,592515.0,1.0,61.0,1.0,0.55,0.45,5.0,4.0,20.0,0.11,Rémy,Labeau Lascary,2003-03-03,23.52,138.0,3.0,Forward,Striker,4yxo8gwnou3m7jh6ph8lkuw44,9bxav814mkuhueiyivyive82d,Association Jeunesse Auxerroise,Auxerre,Auxerre,AJA,9.0,90.242,7.0,48.405,2.0,1.0,1.0,0.0,10.027,6.915,1.0,1.0,3.0,0.0,1.0,3.0,2.0,66.667,1.0,0.0,0.0,,,,,,,,,,592515.0,61.0,1.0,1.0,1.0,7.69,0.0,0.031,0.031,0.0,0.0,Rémy,Labeau Lascary,2003-03-03,23.52,138.0,3.0,Forward,Striker,4yxo8gwnou3m7jh6ph8lkuw44,9bxav814mkuhueiyivyive82d,Association Jeunesse Auxerroise,Auxerre,Auxerre,AJA,592515.0,61.0,1.0,13.0,10.0,76.92,4.0,3.0,75.0,0.0,0.0,0.0,0.0,0.0,0.0,Rémy,Labeau Lascary,2003-03-03,23.52,138.0,3.0,Forward,Striker,4yxo8gwnou3m7jh6ph8lkuw44,9bxav814mkuhueiyivyive82d,Association Jeunesse Auxerroise,Auxerre,Auxerre,AJA,592515,4yxo8gwnou3m7jh6ph8lkuw44,138,9bxav814mkuhueiyivyive82d
Sadibou Sané,612589.0,2.0,180.0,0.0,0.0,0.0,0.0,0.0,0.0,0.0,Sadibou,Sané,2004-06-10,22.25,146.0,72.0,Defender,Central Defender,bffc3dzdi9c6ix77k1yaepjpw,4t4hod56fsj7utpjdor8so5q6,AS Monaco FC,Monaco,Monaco,ASM,18.0,186.485,13.0,122.325,0.0,0.0,0.0,0.0,10.36,9.41,2.0,1.0,6.0,0.0,14.0,4.0,2.0,50.0,5.0,3.0,60.0,,,,,,,,,,612589.0,180.0,2.0,1.0,1.0,1.19,0.0,0.018,0.018,0.0,0.0,Sadibou,Sané,2004-06-10,22.25,146.0,72.0,Defender,Central Defender,bffc3dzdi9c6ix77k1yaepjpw,4t4hod56fsj7utpjdor8so5q6,AS Monaco FC,Monaco,Monaco,ASM,612589.0,180.0,2.0,87.0,78.0,89.66,14.0,10.0,71.43,0.0,0.0,0.0,0.0,0.0,0.0,Sadibou,Sané,2004-06-10,22.25,146.0,72.0,Defender,Central Defender,bffc3dzdi9c6ix77k1yaepjpw,4t4hod56fsj7utpjdor8so5q6,AS Monaco FC,Monaco,Monaco,ASM,612589,bffc3dzdi9c6ix77k1yaepjpw,146,4t4hod56fsj7utpjdor8so5q6
Safouane Benzahra,708057.0,0.0,0.0,0.0,0.0,0.0,0.0,0.0,0.0,0.0,Safouane,Benzahra,2008-08-18,18.05,146.0,47.0,Midfielder,0,708057,4t4hod56fsj7utpjdor8so5q6,AS Monaco FC,Monaco,Monaco,ASM,0.0,0.0,0.0,0.0,0.0,0.0,0.0,0.0,0.0,0.0,0.0,0.0,0.0,0.0,0.0,0.0,0.0,0.0,0.0,0.0,0.0,,,,,,,,,,708057.0,0.0,0.0,0.0,0.0,0.0,0.0,0.0,0.0,0.0,0.0,Safouane,Benzahra,2008-08-18,18.05,146.0,47.0,Midfielder,0,708057,4t4hod56fsj7utpjdor8so5q6,AS Monaco FC,Monaco,Monaco,ASM,708057.0,0.0,0.0,0.0,0.0,0.0,0.0,0.0,0.0,0.0,0.0,0.0,0.0,0.0,0.0,Safouane,Benzahra,2008-08-18,18.05,146.0,47.0,Midfielder,0,708057,4t4hod56fsj7utpjdor8so5q6,AS Monaco FC,Monaco,Monaco,ASM,708057,708057,146,4t4hod56fsj7utpjdor8so5q6
Salimou Danfakha,750163.0,0.0,0.0,0.0,0.0,0.0,0.0,0.0,0.0,0.0,Salimou,Danfakha,2008-09-21,17.96,138.0,45.0,Defender,Full Back,750163,9bxav814mkuhueiyivyive82d,Association Jeunesse Auxerroise,Auxerre,Auxerre,AJA,0.0,0.0,0.0,0.0,0.0,0.0,0.0,0.0,0.0,0.0,0.0,0.0,0.0,0.0,0.0,0.0,0.0,0.0,0.0,0.0,0.0,,,,,,,,,,750163.0,0.0,0.0,0.0,0.0,0.0,0.0,0.0,0.0,0.0,0.0,Salimou,Danfakha,2008-09-21,17.96,138.0,45.0,Defender,Full Back,750163,9bxav814mkuhueiyivyive82d,Association Jeunesse Auxerroise,Auxerre,Auxerre,AJA,750163.0,0.0,0.0,0.0,0.0,0.0,0.0,0.0,0.0,0.0,0.0,0.0,0.0,0.0,0.0,Salimou,Danfakha,2008-09-21,17.96,138.0,45.0,Defender,Full Back,750163,9bxav814mkuhueiyivyive82d,Association Jeunesse Auxerroise,Auxerre,Auxerre,AJA,750163,750163,138,9bxav814mkuhueiyivyive82d
Sam Amo-Ameyaw,499724.0,2.0,83.0,0.0,0.05,-0.05,2.0,1.0,0.0,0.02,Sam,Amo-Ameyaw,2006-07-18,20.14,153.0,27.0,Forward,Winger,3e703hmiskmwqd4f3hvx326tw,71ajatxnuhc5cnm3xvgdky49w,RC Strasbourg Alsace,Strasbourg,Strasbourg,STR,17.0,170.627,7.0,28.56,2.0,0.0,0.0,0.0,10.037,4.08,1.0,1.0,5.0,0.0,0.0,9.0,4.0,44.444,1.0,0.0,0.0,,,,,,,,,,499724.0,0.0,0.0,0.0,0.0,0.0,0.0,0.0,0.0,0.0,0.0,Sam,Amo-Ameyaw,2006-07-18,20.14,153.0,27.0,Forward,Winger,3e703hmiskmwqd4f3hvx326tw,71ajatxnuhc5cnm3xvgdky49w,RC Strasbourg Alsace,Strasbourg,Strasbourg,STR,499724.0,0.0,0.0,0.0,0.0,0.0,0.0,0.0,0.0,0.0,0.0,0.0,0.0,0.0,0.0,Sam,Amo-Ameyaw,2006-07-18,20.14,153.0,27.0,Forward,Winger,3e703hmiskmwqd4f3hvx326tw,71ajatxnuhc5cnm3xvgdky49w,RC Strasbourg Alsace,Strasbourg,Strasbourg,STR,499724,3e703hmiskmwqd4f3hvx326tw,153,71ajatxnuhc5cnm3xvgdky49w
Samir Chergui,482380.0,1.0,90.0,1.0,0.07,0.93,1.0,1.0,100.0,0.07,Samir,Chergui,1999-02-06,27.59,2338.0,31.0,Defender,Central Defender,6ivohe6bn57t1z3ptqxlhs2jt,8v00fx2zwhiwm05tqqkt122p5,Paris FC,Paris FC,Paris FC,PAR,6.0,53.526,3.0,14.91,0.0,0.0,0.0,0.0,8.921,4.97,1.0,2.0,4.0,1.0,3.0,3.0,1.0,33.333,0.0,0.0,0.0,,,,,,,,,,482380.0,90.0,1.0,0.0,0.0,0.0,0.0,0.007,0.007,0.0,0.0,Samir,Chergui,1999-02-06,27.59,2338.0,31.0,Defender,Central Defender,6ivohe6bn57t1z3ptqxlhs2jt,8v00fx2zwhiwm05tqqkt122p5,Paris FC,Paris FC,Paris FC,PAR,482380.0,90.0,1.0,53.0,49.0,92.45,2.0,2.0,100.0,0.0,0.0,0.0,0.0,0.0,0.0,Samir,Chergui,1999-02-06,27.59,2338.0,31.0,Defender,Central Defender,6ivohe6bn57t1z3ptqxlhs2jt,8v00fx2zwhiwm05tqqkt122p5,Paris FC,Paris FC,Paris FC,PAR,482380,6ivohe6bn57t1z3ptqxlhs2jt,2338,8v00fx2zwhiwm05tqqkt122p5
Samir El Mourabet,643307.0,1.0,59.0,0.0,0.0,0.0,0.0,0.0,0.0,0.0,Samir,El Mourabet,2005-10-06,20.92,153.0,29.0,Midfielder,Central Midfielder,26yt4f0i77i9fvaujwg0dnbbo,71ajatxnuhc5cnm3xvgdky49w,RC Strasbourg Alsace,Strasbourg,Strasbourg,STR,9.0,98.2,1.0,-1.785,0.0,0.0,0.0,0.0,10.911,-1.785,2.0,1.0,5.0,0.0,0.0,8.0,3.0,37.5,0.0,0.0,0.0,,,,,,,,,,643307.0,59.0,1.0,1.0,1.0,3.85,0.0,0.137,0.133,0.0,0.0,Samir,El Mourabet,2005-10-06,20.92,153.0,29.0,Midfielder,Central Midfielder,26yt4f0i77i9fvaujwg0dnbbo,71ajatxnuhc5cnm3xvgdky49w,RC Strasbourg Alsace,Strasbourg,Strasbourg,STR,643307.0,59.0,1.0,27.0,22.0,81.48,3.0,2.0,66.67,1.0,1.0,100.0,0.0,0.0,0.0,Samir,El Mourabet,2005-10-06,20.92,153.0,29.0,Midfielder,Central Midfielder,26yt4f0i77i9fvaujwg0dnbbo,71ajatxnuhc5cnm3xvgdky49w,RC Strasbourg Alsace,Strasbourg,Strasbourg,STR,643307,26yt4f0i77i9fvaujwg0dnbbo,153,71ajatxnuhc5cnm3xvgdky49w
Santiago Hidalgo,575453.0,2.0,83.0,0.0,0.25,-0.25,3.0,1.0,0.0,0.08,Santiago,Hidalgo,2005-02-17,21.56,427.0,9.0,Forward,Striker,1cc4xhk65qvo9h3t7glirqm8k,4aghw9tyi8ba3ju1ne83gmf9w,Toulouse FC,Toulouse,Toulouse,TFC,3.0,30.311,2.0,18.375,0.0,0.0,0.0,0.0,10.104,9.188,1.0,0.0,4.0,1.0,1.0,5.0,3.0,60.0,3.0,0.0,0.0,,,,,,,,,,575453.0,83.0,2.0,0.0,0.0,0.0,0.0,0.018,0.017,0.0,0.0,Santiago,Hidalgo,2005-02-17,21.56,427.0,9.0,Forward,Striker,1cc4xhk65qvo9h3t7glirqm8k,4aghw9tyi8ba3ju1ne83gmf9w,Toulouse FC,Toulouse,Toulouse,TFC,575453.0,83.0,2.0,9.0,8.0,88.89,3.0,2.0,66.67,1.0,0.0,0.0,0.0,0.0,0.0,Santiago,Hidalgo,2005-02-17,21.56,427.0,9.0,Forward,Striker,1cc4xhk65qvo9h3t7glirqm8k,4aghw9tyi8ba3ju1ne83gmf9w,Toulouse FC,Toulouse,Toulouse,TFC,575453,1cc4xhk65qvo9h3t7glirqm8k,427,4aghw9tyi8ba3ju1ne83gmf9w
Saud Abdulhamid,468266.0,1.0,62.0,1.0,0.79,0.21,1.0,1.0,100.0,0.79,Saud bin Abdullah bin Salem,Abdulhamid,1999-07-18,27.15,142.0,23.0,Defender,Full Back,aq8pym2fuweqbkxbbu7hqn0x6,3xedluek08t2ka7oypwuullcn,Racing Club de Lens,Lens,Lens,RCL,2.0,38.511,2.0,36.855,0.0,0.0,0.0,0.0,19.256,18.428,1.0,2.0,2.0,0.0,1.0,4.0,2.0,50.0,1.0,0.0,0.0,,,,,,,,,,468266.0,62.0,1.0,0.0,0.0,0.0,0.0,0.016,0.016,0.0,0.0,Saud bin Abdullah bin Salem,Abdulhamid,1999-07-18,27.15,142.0,23.0,Defender,Full Back,aq8pym2fuweqbkxbbu7hqn0x6,3xedluek08t2ka7oypwuullcn,Racing Club de Lens,Lens,Lens,RCL,468266.0,62.0,1.0,17.0,15.0,88.24,4.0,3.0,75.0,0.0,0.0,0.0,0.0,0.0,0.0,Saud bin Abdullah bin Salem,Abdulhamid,1999-07-18,27.15,142.0,23.0,Defender,Full Back,aq8pym2fuweqbkxbbu7hqn0x6,3xedluek08t2ka7oypwuullcn,Racing Club de Lens,Lens,Lens,RCL,468266,aq8pym2fuweqbkxbbu7hqn0x6,142,3xedluek08t2ka7oypwuullcn
Sebastian Nanasi,484405.0,2.0,168.0,0.0,0.44,-0.44,2.0,1.0,0.0,0.22,Sebastian,Nanasi,2002-05-16,24.32,153.0,11.0,Midfielder,Winger,144jdrezcfwd4uh3sk7zhtizu,71ajatxnuhc5cnm3xvgdky49w,RC Strasbourg Alsace,Strasbourg,Strasbourg,STR,11.0,113.431,3.0,7.77,1.0,0.0,3.0,1.0,10.312,2.59,2.0,0.0,1.0,0.0,1.0,8.0,4.0,50.0,3.0,0.0,0.0,,,,,,,,,,484405.0,168.0,2.0,5.0,5.0,7.14,0.0,0.8,0.571,2.0,2.0,Sebastian,Nanasi,2002-05-16,24.32,153.0,11.0,Midfielder,Winger,144jdrezcfwd4uh3sk7zhtizu,71ajatxnuhc5cnm3xvgdky49w,RC Strasbourg Alsace,Strasbourg,Strasbourg,STR,484405.0,168.0,2.0,43.0,36.0,83.72,20.0,15.0,75.0,2.0,2.0,100.0,0.0,0.0,0.0,Sebastian,Nanasi,2002-05-16,24.32,153.0,11.0,Midfielder,Winger,144jdrezcfwd4uh3sk7zhtizu,71ajatxnuhc5cnm3xvgdky49w,RC Strasbourg Alsace,Strasbourg,Strasbourg,STR,484405,144jdrezcfwd4uh3sk7zhtizu,153,71ajatxnuhc5cnm3xvgdky49w
Sebastian Szymanski,234516.0,2.0,138.0,1.0,0.14,0.86,2.0,1.0,50.0,0.07,Sebastian,Szymanski,1999-05-10,27.34,150.0,17.0,Midfielder,Attacking Midfielder,504o2odlvra056ouwcgreopgp,z1wbqtd0fz5t5eezjvrbld3h,Stade Rennais FC,Rennes,Rennes,REN,10.0,86.924,6.0,42.735,1.0,1.0,0.0,0.0,8.692,7.122,5.0,2.0,2.0,0.0,1.0,10.0,6.0,60.0,1.0,0.0,0.0,,,,,,,,,,234516.0,138.0,2.0,3.0,2.0,5.56,33.33,0.175,0.116,0.0,0.0,Sebastian,Szymanski,1999-05-10,27.34,150.0,17.0,Midfielder,Attacking Midfielder,504o2odlvra056ouwcgreopgp,z1wbqtd0fz5t5eezjvrbld3h,Stade Rennais FC,Rennes,Rennes,REN,234516.0,138.0,2.0,38.0,30.0,78.95,16.0,13.0,81.25,2.0,1.0,50.0,0.0,0.0,0.0,Sebastian,Szymanski,1999-05-10,27.34,150.0,17.0,Midfielder,Attacking Midfielder,504o2odlvra056ouwcgreopgp,z1wbqtd0fz5t5eezjvrbld3h,Stade Rennais FC,Rennes,Rennes,REN,234516,504o2odlvra056ouwcgreopgp,150,z1wbqtd0fz5t5eezjvrbld3h
Senny Mayulu,499448.0,1.0,18.0,0.0,0.0,0.0,0.0,0.0,0.0,0.0,Senny,Mayulu,2006-05-17,20.31,149.0,24.0,Midfielder,Attacking Midfielder,54mv7lufwxcy2gih8owyr00lw,2b3mar72yy8d6uvat1ka6tn3r,Paris Saint-Germain FC,Paris Saint-Germain,Paris SG,PSG,3.0,19.747,0.0,-12.915,0.0,0.0,0.0,0.0,6.582,0.0,0.0,0.0,0.0,0.0,0.0,1.0,0.0,0.0,0.0,0.0,0.0,,,,,,,,,,499448.0,18.0,1.0,0.0,0.0,0.0,0.0,0.032,0.032,0.0,0.0,Senny,Mayulu,2006-05-17,20.31,149.0,24.0,Midfielder,Attacking Midfielder,54mv7lufwxcy2gih8owyr00lw,2b3mar72yy8d6uvat1ka6tn3r,Paris Saint-Germain FC,Paris Saint-Germain,Paris SG,PSG,499448.0,18.0,1.0,10.0,9.0,90.0,7.0,6.0,85.71,1.0,0.0,0.0,0.0,0.0,0.0,Senny,Mayulu,2006-05-17,20.31,149.0,24.0,Midfielder,Attacking Midfielder,54mv7lufwxcy2gih8owyr00lw,2b3mar72yy8d6uvat1ka6tn3r,Paris Saint-Germain FC,Paris Saint-Germain,Paris SG,PSG,499448,54mv7lufwxcy2gih8owyr00lw,149,2b3mar72yy8d6uvat1ka6tn3r
Seny Koumbassa,632582.0,1.0,12.0,0.0,0.0,0.0,0.0,0.0,0.0,0.0,Seny,Koumbassa,2007-06-20,19.22,427.0,5.0,Defender,Central Defender,8n143iu92sawgz5v8al0gyz2s,4aghw9tyi8ba3ju1ne83gmf9w,Toulouse FC,Toulouse,Toulouse,TFC,0.0,0.0,0.0,0.0,0.0,0.0,0.0,0.0,0.0,0.0,0.0,0.0,1.0,0.0,2.0,1.0,0.0,0.0,0.0,0.0,0.0,,,,,,,,,,632582.0,12.0,1.0,0.0,0.0,0.0,0.0,0.0,0.0,0.0,0.0,Seny,Koumbassa,2007-06-20,19.22,427.0,5.0,Defender,Central Defender,8n143iu92sawgz5v8al0gyz2s,4aghw9tyi8ba3ju1ne83gmf9w,Toulouse FC,Toulouse,Toulouse,TFC,632582.0,12.0,1.0,6.0,6.0,100.0,0.0,0.0,0.0,0.0,0.0,0.0,0.0,0.0,0.0,Seny,Koumbassa,2007-06-20,19.22,427.0,5.0,Defender,Central Defender,8n143iu92sawgz5v8al0gyz2s,4aghw9tyi8ba3ju1ne83gmf9w,Toulouse FC,Toulouse,Toulouse,TFC,632582,8n143iu92sawgz5v8al0gyz2s,427,4aghw9tyi8ba3ju1ne83gmf9w
Simon Ebonog,587583.0,2.0,164.0,0.0,0.06,-0.06,2.0,1.0,0.0,0.03,Simon,Ebonog,2004-08-16,22.06,141.0,26.0,Midfielder,Central Midfielder,aou0s44ekqc7vyp71mjf8n3mc,23pqcgxu1tip265hbe01kszbt,Le Havre AC,Le Havre,Le Havre,HAC,29.0,378.677,14.0,135.555,0.0,0.0,0.0,0.0,13.058,9.683,4.0,6.0,21.0,0.0,1.0,25.0,11.0,44.0,1.0,1.0,100.0,,,,,,,,,,587583.0,164.0,2.0,2.0,2.0,3.03,0.0,0.033,0.033,0.0,0.0,Simon,Ebonog,2004-08-16,22.06,141.0,26.0,Midfielder,Central Midfielder,aou0s44ekqc7vyp71mjf8n3mc,23pqcgxu1tip265hbe01kszbt,Le Havre AC,Le Havre,Le Havre,HAC,587583.0,164.0,2.0,67.0,60.0,89.55,20.0,18.0,90.0,0.0,0.0,0.0,0.0,0.0,0.0,Simon,Ebonog,2004-08-16,22.06,141.0,26.0,Midfielder,Central Midfielder,aou0s44ekqc7vyp71mjf8n3mc,23pqcgxu1tip265hbe01kszbt,Le Havre AC,Le Havre,Le Havre,HAC,587583,aou0s44ekqc7vyp71mjf8n3mc,141,23pqcgxu1tip265hbe01kszbt
Sinaly Diomandé,492975.0,2.0,180.0,0.0,0.33,-0.33,2.0,0.0,0.0,0.16,Sinaly,Diomandé,2001-04-09,25.42,138.0,20.0,Defender,Central Defender,e9mtpmkb4qj2gqyv966g9ulpm,9bxav814mkuhueiyivyive82d,Association Jeunesse Auxerroise,Auxerre,Auxerre,AJA,18.0,161.314,9.0,70.245,1.0,0.0,0.0,0.0,8.962,7.805,3.0,3.0,6.0,1.0,9.0,10.0,6.0,60.0,6.0,3.0,50.0,,,,,,,,,,492975.0,180.0,2.0,0.0,0.0,0.0,0.0,0.008,0.008,0.0,0.0,Sinaly,Diomandé,2001-04-09,25.42,138.0,20.0,Defender,Central Defender,e9mtpmkb4qj2gqyv966g9ulpm,9bxav814mkuhueiyivyive82d,Association Jeunesse Auxerroise,Auxerre,Auxerre,AJA,492975.0,180.0,2.0,89.0,82.0,92.13,7.0,5.0,71.43,0.0,0.0,0.0,0.0,0.0,0.0,Sinaly,Diomandé,2001-04-09,25.42,138.0,20.0,Defender,Central Defender,e9mtpmkb4qj2gqyv966g9ulpm,9bxav814mkuhueiyivyive82d,Association Jeunesse Auxerroise,Auxerre,Auxerre,AJA,492975,e9mtpmkb4qj2gqyv966g9ulpm,138,9bxav814mkuhueiyivyive82d
Sion Oppong,685398.0,2.0,33.0,0.0,0.0,0.0,0.0,0.0,0.0,0.0,Sion,Oppong,2007-09-25,18.95,427.0,11.0,Forward,Striker,c7uvrj36f6lhfurysy774ku8k,4aghw9tyi8ba3ju1ne83gmf9w,Toulouse FC,Toulouse,Toulouse,TFC,4.0,57.426,2.0,23.835,0.0,0.0,0.0,0.0,14.356,11.918,2.0,0.0,0.0,0.0,0.0,6.0,5.0,83.333,1.0,1.0,100.0,,,,,,,,,,685398.0,33.0,2.0,0.0,0.0,0.0,0.0,0.021,0.021,0.0,0.0,Sion,Oppong,2007-09-25,18.95,427.0,11.0,Forward,Striker,c7uvrj36f6lhfurysy774ku8k,4aghw9tyi8ba3ju1ne83gmf9w,Toulouse FC,Toulouse,Toulouse,TFC,685398.0,33.0,2.0,8.0,5.0,62.5,4.0,4.0,100.0,0.0,0.0,0.0,0.0,0.0,0.0,Sion,Oppong,2007-09-25,18.95,427.0,11.0,Forward,Striker,c7uvrj36f6lhfurysy774ku8k,4aghw9tyi8ba3ju1ne83gmf9w,Toulouse FC,Toulouse,Toulouse,TFC,685398,c7uvrj36f6lhfurysy774ku8k,427,4aghw9tyi8ba3ju1ne83gmf9w
Sofiane Diop,460267.0,2.0,171.0,0.0,0.32,-0.32,3.0,2.0,0.0,0.11,Sofiane,Diop,2000-06-09,26.25,1395.0,10.0,Midfielder,0,ct32113pfx5q9avf2c0x208ru,bx0cdmzr2gwr70ez72dorx82p,OGC Nice Côte d'Azur,Nice,Nice,NIC,28.0,274.8,9.0,69.93,0.0,0.0,3.0,0.0,9.814,7.77,4.0,2.0,7.0,0.0,0.0,15.0,9.0,60.0,0.0,0.0,0.0,,,,,,,,,,460267.0,171.0,2.0,6.0,6.0,7.14,0.0,0.448,0.447,0.0,0.0,Sofiane,Diop,2000-06-09,26.25,1395.0,10.0,Midfielder,0,ct32113pfx5q9avf2c0x208ru,bx0cdmzr2gwr70ez72dorx82p,OGC Nice Côte d'Azur,Nice,Nice,NIC,460267.0,171.0,2.0,91.0,71.0,78.02,51.0,37.0,72.55,5.0,2.0,40.0,1.0,0.0,0.0,Sofiane,Diop,2000-06-09,26.25,1395.0,10.0,Midfielder,0,ct32113pfx5q9avf2c0x208ru,bx0cdmzr2gwr70ez72dorx82p,OGC Nice Côte d'Azur,Nice,Nice,NIC,460267,ct32113pfx5q9avf2c0x208ru,1395,bx0cdmzr2gwr70ez72dorx82p
Soriba Diaoune,669409.0,0.0,0.0,0.0,0.0,0.0,0.0,0.0,0.0,0.0,Soriba,Diaoune,2007-08-14,19.07,429.0,35.0,Forward,Winger,669409,be2k34rut1lz79jxenabttqlc,Lille OSC,Lille,Lille,LIL,0.0,0.0,0.0,0.0,0.0,0.0,0.0,0.0,0.0,0.0,0.0,0.0,0.0,0.0,0.0,0.0,0.0,0.0,0.0,0.0,0.0,,,,,,,,,,669409.0,0.0,0.0,0.0,0.0,0.0,0.0,0.0,0.0,0.0,0.0,Soriba,Diaoune,2007-08-14,19.07,429.0,35.0,Forward,Winger,669409,be2k34rut1lz79jxenabttqlc,Lille OSC,Lille,Lille,LIL,669409.0,0.0,0.0,0.0,0.0,0.0,0.0,0.0,0.0,0.0,0.0,0.0,0.0,0.0,0.0,Soriba,Diaoune,2007-08-14,19.07,429.0,35.0,Forward,Winger,669409,be2k34rut1lz79jxenabttqlc,Lille OSC,Lille,Lille,LIL,669409,669409,429,be2k34rut1lz79jxenabttqlc
Sota Nakamura,685433.0,2.0,34.0,0.0,0.07,-0.07,1.0,1.0,0.0,0.07,Sota,Nakamura,2002-10-15,23.9,141.0,30.0,Forward,0,3az5f5awtjo1kepp8dq97owlw,23pqcgxu1tip265hbe01kszbt,Le Havre AC,Le Havre,Le Havre,HAC,7.0,80.632,5.0,41.055,0.0,0.0,0.0,0.0,11.519,8.211,1.0,0.0,5.0,0.0,0.0,6.0,2.0,33.333,1.0,0.0,0.0,,,,,,,,,,685433.0,34.0,2.0,0.0,0.0,0.0,0.0,0.072,0.072,0.0,0.0,Sota,Nakamura,2002-10-15,23.9,141.0,30.0,Forward,0,3az5f5awtjo1kepp8dq97owlw,23pqcgxu1tip265hbe01kszbt,Le Havre AC,Le Havre,Le Havre,HAC,685433.0,34.0,2.0,11.0,9.0,81.82,4.0,3.0,75.0,2.0,1.0,50.0,0.0,0.0,0.0,Sota,Nakamura,2002-10-15,23.9,141.0,30.0,Forward,0,3az5f5awtjo1kepp8dq97owlw,23pqcgxu1tip265hbe01kszbt,Le Havre AC,Le Havre,Le Havre,HAC,685433,3az5f5awtjo1kepp8dq97owlw,141,23pqcgxu1tip265hbe01kszbt
Souleymane Faye,482432.0,2.0,38.0,0.0,0.1,-0.1,2.0,0.0,0.0,0.05,Souleymane,Faye,2003-02-08,23.58,694.0,19.0,Forward,Winger,9ocaoc4rmct3neemzpth5c6qc,70nn27vgkt6l48lvv5e66q7ww,FC Lorient,Lorient,Lorient,FCL,4.0,39.858,3.0,25.41,0.0,0.0,0.0,0.0,9.964,8.47,1.0,0.0,1.0,0.0,1.0,4.0,3.0,75.0,2.0,2.0,100.0,,,,,,,,,,482432.0,38.0,2.0,1.0,1.0,10.0,0.0,0.004,0.004,0.0,0.0,Souleymane,Faye,2003-02-08,23.58,694.0,19.0,Forward,Winger,9ocaoc4rmct3neemzpth5c6qc,70nn27vgkt6l48lvv5e66q7ww,FC Lorient,Lorient,Lorient,FCL,482432.0,38.0,2.0,10.0,6.0,60.0,5.0,2.0,40.0,0.0,0.0,0.0,0.0,0.0,0.0,Souleymane,Faye,2003-02-08,23.58,694.0,19.0,Forward,Winger,9ocaoc4rmct3neemzpth5c6qc,70nn27vgkt6l48lvv5e66q7ww,FC Lorient,Lorient,Lorient,FCL,482432,9ocaoc4rmct3neemzpth5c6qc,694,70nn27vgkt6l48lvv5e66q7ww
Souleymane Sagnan,634379.0,2.0,180.0,0.0,0.0,0.0,0.0,0.0,0.0,0.0,Souleymane,Sagnan,2005-05-06,21.34,142.0,31.0,Defender,Central Defender,b1o88fddlthw3ph7w8bcgskd0,3xedluek08t2ka7oypwuullcn,Racing Club de Lens,Lens,Lens,RCL,21.0,193.747,12.0,121.065,0.0,0.0,0.0,0.0,9.226,10.089,9.0,3.0,4.0,2.0,13.0,12.0,10.0,83.333,2.0,2.0,100.0,,,,,,,,,,634379.0,180.0,2.0,0.0,0.0,0.0,0.0,0.025,0.025,0.0,0.0,Souleymane,Sagnan,2005-05-06,21.34,142.0,31.0,Defender,Central Defender,b1o88fddlthw3ph7w8bcgskd0,3xedluek08t2ka7oypwuullcn,Racing Club de Lens,Lens,Lens,RCL,634379.0,180.0,2.0,100.0,90.0,90.0,13.0,9.0,69.23,0.0,0.0,0.0,0.0,0.0,0.0,Souleymane,Sagnan,2005-05-06,21.34,142.0,31.0,Defender,Central Defender,b1o88fddlthw3ph7w8bcgskd0,3xedluek08t2ka7oypwuullcn,Racing Club de Lens,Lens,Lens,RCL,634379,b1o88fddlthw3ph7w8bcgskd0,142,3xedluek08t2ka7oypwuullcn
Stanis Idumbo,549946.0,2.0,166.0,0.0,0.61,-0.61,8.0,2.0,0.0,0.08,Stanis,Idumbo,2005-06-29,21.19,146.0,17.0,Midfielder,Attacking Midfielder,370bp4zp3mxe27rtx3gwhcems,4t4hod56fsj7utpjdor8so5q6,AS Monaco FC,Monaco,Monaco,ASM,23.0,270.417,10.0,122.745,4.0,0.0,1.0,0.0,11.757,12.274,1.0,1.0,8.0,1.0,2.0,17.0,6.0,35.294,0.0,0.0,0.0,,,,,,,,,,549946.0,166.0,2.0,3.0,3.0,7.69,0.0,0.261,0.261,0.0,0.0,Stanis,Idumbo,2005-06-29,21.19,146.0,17.0,Midfielder,Attacking Midfielder,370bp4zp3mxe27rtx3gwhcems,4t4hod56fsj7utpjdor8so5q6,AS Monaco FC,Monaco,Monaco,ASM,549946.0,166.0,2.0,39.0,33.0,84.62,14.0,8.0,57.14,3.0,2.0,66.67,1.0,0.0,0.0,Stanis,Idumbo,2005-06-29,21.19,146.0,17.0,Midfielder,Attacking Midfielder,370bp4zp3mxe27rtx3gwhcems,4t4hod56fsj7utpjdor8so5q6,AS Monaco FC,Monaco,Monaco,ASM,549946,370bp4zp3mxe27rtx3gwhcems,146,4t4hod56fsj7utpjdor8so5q6
Sékou Mara,476888.0,2.0,76.0,0.0,0.0,0.0,0.0,0.0,0.0,0.0,Sékou,Mara,2002-07-30,24.11,153.0,14.0,Forward,Striker,1qcj2upaz0xa98zkc835djo8a,71ajatxnuhc5cnm3xvgdky49w,RC Strasbourg Alsace,Strasbourg,Strasbourg,STR,6.0,60.093,3.0,24.99,0.0,0.0,0.0,0.0,10.016,8.33,2.0,0.0,3.0,0.0,0.0,10.0,4.0,40.0,3.0,0.0,0.0,,,,,,,,,,476888.0,76.0,2.0,0.0,0.0,0.0,0.0,0.006,0.006,0.0,0.0,Sékou,Mara,2002-07-30,24.11,153.0,14.0,Forward,Striker,1qcj2upaz0xa98zkc835djo8a,71ajatxnuhc5cnm3xvgdky49w,RC Strasbourg Alsace,Strasbourg,Strasbourg,STR,476888.0,76.0,2.0,8.0,8.0,100.0,2.0,2.0,100.0,0.0,0.0,0.0,0.0,0.0,0.0,Sékou,Mara,2002-07-30,24.11,153.0,14.0,Forward,Striker,1qcj2upaz0xa98zkc835djo8a,71ajatxnuhc5cnm3xvgdky49w,RC Strasbourg Alsace,Strasbourg,Strasbourg,STR,476888,1qcj2upaz0xa98zkc835djo8a,153,71ajatxnuhc5cnm3xvgdky49w
Tadjidine Mmadi,653269.0,0.0,0.0,0.0,0.0,0.0,0.0,0.0,0.0,0.0,Tadjidine,Mmadi,2007-03-03,19.52,144.0,43.0,Forward,Attacking Midfielder,653269,27xvwccz8kpmqsefjv2b2sc0o,Olympique de Marseille,Olympique Marseille,Marseille,OM,0.0,0.0,0.0,0.0,0.0,0.0,0.0,0.0,0.0,0.0,0.0,0.0,0.0,0.0,0.0,0.0,0.0,0.0,0.0,0.0,0.0,,,,,,,,,,653269.0,0.0,0.0,0.0,0.0,0.0,0.0,0.0,0.0,0.0,0.0,Tadjidine,Mmadi,2007-03-03,19.52,144.0,43.0,Forward,Attacking Midfielder,653269,27xvwccz8kpmqsefjv2b2sc0o,Olympique de Marseille,Olympique Marseille,Marseille,OM,653269.0,0.0,0.0,0.0,0.0,0.0,0.0,0.0,0.0,0.0,0.0,0.0,0.0,0.0,0.0,Tadjidine,Mmadi,2007-03-03,19.52,144.0,43.0,Forward,Attacking Midfielder,653269,27xvwccz8kpmqsefjv2b2sc0o,Olympique de Marseille,Olympique Marseille,Marseille,OM,653269,653269,144,27xvwccz8kpmqsefjv2b2sc0o
Tanner Tessmann,426634.0,1.0,10.0,0.0,0.0,0.0,0.0,0.0,0.0,0.0,Tanner,Tessmann,2001-09-24,24.96,143.0,6.0,Midfielder,Defensive Midfielder,cv6hc8tikw5u6l56j02rfqaga,121le8unjfzug3iu9pgkqa1c7,Lyon,Olympique Lyonnais,Lyon,OL,1.0,5.39,1.0,5.355,0.0,0.0,0.0,0.0,5.39,5.355,0.0,0.0,1.0,0.0,1.0,2.0,0.0,0.0,0.0,0.0,0.0,,,,,,,,,,426634.0,10.0,1.0,0.0,0.0,0.0,0.0,0.002,0.002,0.0,0.0,Tanner,Tessmann,2001-09-24,24.96,143.0,6.0,Midfielder,Defensive Midfielder,cv6hc8tikw5u6l56j02rfqaga,121le8unjfzug3iu9pgkqa1c7,Lyon,Olympique Lyonnais,Lyon,OL,426634.0,10.0,1.0,4.0,4.0,100.0,1.0,1.0,100.0,0.0,0.0,0.0,0.0,0.0,0.0,Tanner,Tessmann,2001-09-24,24.96,143.0,6.0,Midfielder,Defensive Midfielder,cv6hc8tikw5u6l56j02rfqaga,121le8unjfzug3iu9pgkqa1c7,Lyon,Olympique Lyonnais,Lyon,OL,426634,cv6hc8tikw5u6l56j02rfqaga,143,121le8unjfzug3iu9pgkqa1c7
Telli Siwe,695285.0,0.0,0.0,0.0,0.0,0.0,0.0,0.0,0.0,0.0,Telli,Siwe,2004-12-14,21.73,138.0,13.0,Defender,Central Defender,695285,9bxav814mkuhueiyivyive82d,Association Jeunesse Auxerroise,Auxerre,Auxerre,AJA,0.0,0.0,0.0,0.0,0.0,0.0,0.0,0.0,0.0,0.0,0.0,0.0,0.0,0.0,0.0,0.0,0.0,0.0,0.0,0.0,0.0,,,,,,,,,,695285.0,0.0,0.0,0.0,0.0,0.0,0.0,0.0,0.0,0.0,0.0,Telli,Siwe,2004-12-14,21.73,138.0,13.0,Defender,Central Defender,695285,9bxav814mkuhueiyivyive82d,Association Jeunesse Auxerroise,Auxerre,Auxerre,AJA,695285.0,0.0,0.0,0.0,0.0,0.0,0.0,0.0,0.0,0.0,0.0,0.0,0.0,0.0,0.0,Telli,Siwe,2004-12-14,21.73,138.0,13.0,Defender,Central Defender,695285,9bxav814mkuhueiyivyive82d,Association Jeunesse Auxerroise,Auxerre,Auxerre,AJA,695285,695285,138,9bxav814mkuhueiyivyive82d
Theo Bair,421350.0,1.0,19.0,0.0,0.03,-0.03,1.0,0.0,0.0,0.03,Theo,Bair,1999-08-27,27.04,138.0,9.0,Forward,Striker,2r6suw717hgzqsp8ogvwdfk6h,9bxav814mkuhueiyivyive82d,Association Jeunesse Auxerroise,Auxerre,Auxerre,AJA,1.0,5.96,0.0,-5.67,0.0,0.0,0.0,0.0,5.96,0.0,0.0,0.0,2.0,0.0,0.0,0.0,0.0,0.0,0.0,0.0,0.0,,,,,,,,,,421350.0,19.0,1.0,0.0,0.0,0.0,0.0,0.013,0.013,0.0,0.0,Theo,Bair,1999-08-27,27.04,138.0,9.0,Forward,Striker,2r6suw717hgzqsp8ogvwdfk6h,9bxav814mkuhueiyivyive82d,Association Jeunesse Auxerroise,Auxerre,Auxerre,AJA,421350.0,19.0,1.0,4.0,4.0,100.0,2.0,2.0,100.0,0.0,0.0,0.0,0.0,0.0,0.0,Theo,Bair,1999-08-27,27.04,138.0,9.0,Forward,Striker,2r6suw717hgzqsp8ogvwdfk6h,9bxav814mkuhueiyivyive82d,Association Jeunesse Auxerroise,Auxerre,Auxerre,AJA,421350,2r6suw717hgzqsp8ogvwdfk6h,138,9bxav814mkuhueiyivyive82d
Thibault De Smet,241059.0,0.0,0.0,0.0,0.0,0.0,0.0,0.0,0.0,0.0,Thibault,De Smet,1998-06-05,28.27,2338.0,28.0,Defender,Full Back,241059,8v00fx2zwhiwm05tqqkt122p5,Paris FC,Paris FC,Paris FC,PAR,0.0,0.0,0.0,0.0,0.0,0.0,0.0,0.0,0.0,0.0,0.0,0.0,0.0,0.0,0.0,0.0,0.0,0.0,0.0,0.0,0.0,,,,,,,,,,241059.0,0.0,0.0,0.0,0.0,0.0,0.0,0.0,0.0,0.0,0.0,Thibault,De Smet,1998-06-05,28.27,2338.0,28.0,Defender,Full Back,241059,8v00fx2zwhiwm05tqqkt122p5,Paris FC,Paris FC,Paris FC,PAR,241059.0,0.0,0.0,0.0,0.0,0.0,0.0,0.0,0.0,0.0,0.0,0.0,0.0,0.0,0.0,Thibault,De Smet,1998-06-05,28.27,2338.0,28.0,Defender,Full Back,241059,8v00fx2zwhiwm05tqqkt122p5,Paris FC,Paris FC,Paris FC,PAR,241059,241059,2338,8v00fx2zwhiwm05tqqkt122p5
Thilo Kehrer,201057.0,1.0,1.0,0.0,0.0,0.0,0.0,0.0,0.0,0.0,Thilo,Kehrer,1996-09-21,29.97,146.0,5.0,Defender,Central Defender,cm0gwoyh5rdb216fx685a7l5h,4t4hod56fsj7utpjdor8so5q6,AS Monaco FC,Monaco,Monaco,ASM,0.0,0.0,0.0,0.0,0.0,0.0,0.0,0.0,0.0,0.0,0.0,0.0,0.0,0.0,1.0,1.0,0.0,0.0,1.0,1.0,100.0,,,,,,,,,,201057.0,1.0,1.0,0.0,0.0,0.0,0.0,0.0,0.0,0.0,0.0,Thilo,Kehrer,1996-09-21,29.97,146.0,5.0,Defender,Central Defender,cm0gwoyh5rdb216fx685a7l5h,4t4hod56fsj7utpjdor8so5q6,AS Monaco FC,Monaco,Monaco,ASM,201057.0,1.0,1.0,1.0,0.0,0.0,0.0,0.0,0.0,0.0,0.0,0.0,0.0,0.0,0.0,Thilo,Kehrer,1996-09-21,29.97,146.0,5.0,Defender,Central Defender,cm0gwoyh5rdb216fx685a7l5h,4t4hod56fsj7utpjdor8so5q6,AS Monaco FC,Monaco,Monaco,ASM,201057,cm0gwoyh5rdb216fx685a7l5h,146,4t4hod56fsj7utpjdor8so5q6
Thomas Jørgensen,592867.0,2.0,168.0,0.0,1.0,-1.0,3.0,0.0,0.0,0.33,Thomas,Jørgensen,2005-09-30,20.94,427.0,8.0,Midfielder,Central Midfielder,vrzye4jqrafujmjw3wakjpxw,4aghw9tyi8ba3ju1ne83gmf9w,Toulouse FC,Toulouse,Toulouse,TFC,27.0,407.62,18.0,252.63,1.0,0.0,0.0,0.0,15.097,14.035,6.0,0.0,4.0,0.0,0.0,19.0,9.0,47.368,3.0,2.0,66.667,,,,,,,,,,592867.0,168.0,2.0,5.0,3.0,5.56,40.0,0.2,0.068,0.0,0.0,Thomas,Jørgensen,2005-09-30,20.94,427.0,8.0,Midfielder,Central Midfielder,vrzye4jqrafujmjw3wakjpxw,4aghw9tyi8ba3ju1ne83gmf9w,Toulouse FC,Toulouse,Toulouse,TFC,592867.0,168.0,2.0,60.0,43.0,71.67,24.0,15.0,62.5,3.0,0.0,0.0,0.0,0.0,0.0,Thomas,Jørgensen,2005-09-30,20.94,427.0,8.0,Midfielder,Central Midfielder,vrzye4jqrafujmjw3wakjpxw,4aghw9tyi8ba3ju1ne83gmf9w,Toulouse FC,Toulouse,Toulouse,TFC,592867,vrzye4jqrafujmjw3wakjpxw,427,4aghw9tyi8ba3ju1ne83gmf9w
Thorgan Hazard,97471.0,2.0,45.0,0.0,0.43,-0.43,1.0,0.0,0.0,0.43,Thorgan,Hazard,1993-03-29,33.45,142.0,9.0,Midfielder,Attacking Midfielder,3y9nm18as1wxhizq3fyazb2t,3xedluek08t2ka7oypwuullcn,Racing Club de Lens,Lens,Lens,RCL,7.0,60.927,2.0,15.225,0.0,0.0,0.0,0.0,8.704,7.612,2.0,0.0,2.0,0.0,0.0,3.0,3.0,100.0,1.0,0.0,0.0,,,,,,,,,,97471.0,45.0,2.0,1.0,1.0,3.45,0.0,0.196,0.196,0.0,0.0,Thorgan,Hazard,1993-03-29,33.45,142.0,9.0,Midfielder,Attacking Midfielder,3y9nm18as1wxhizq3fyazb2t,3xedluek08t2ka7oypwuullcn,Racing Club de Lens,Lens,Lens,RCL,97471.0,45.0,2.0,30.0,26.0,86.67,11.0,7.0,63.64,0.0,0.0,0.0,0.0,0.0,0.0,Thorgan,Hazard,1993-03-29,33.45,142.0,9.0,Midfielder,Attacking Midfielder,3y9nm18as1wxhizq3fyazb2t,3xedluek08t2ka7oypwuullcn,Racing Club de Lens,Lens,Lens,RCL,97471,3y9nm18as1wxhizq3fyazb2t,142,3xedluek08t2ka7oypwuullcn
Théo Eyoum,511500.0,2.0,180.0,0.0,0.0,0.0,0.0,0.0,0.0,0.0,Théo,Eyoum,2002-01-07,24.67,920.0,21.0,Defender,Central Defender,34amaqmj4hm1eoh1ndqv0gwt0,bj8hrmj01r3zit0x8r6qm2eu2,Le Mans FC,Le Mans,Le Mans,LEM,12.0,107.484,2.0,3.78,0.0,0.0,0.0,0.0,8.957,1.89,2.0,2.0,4.0,2.0,14.0,6.0,2.0,33.333,9.0,2.0,22.222,,,,,,,,,,511500.0,180.0,2.0,0.0,0.0,0.0,0.0,0.002,0.002,0.0,0.0,Théo,Eyoum,2002-01-07,24.67,920.0,21.0,Defender,Central Defender,34amaqmj4hm1eoh1ndqv0gwt0,bj8hrmj01r3zit0x8r6qm2eu2,Le Mans FC,Le Mans,Le Mans,LEM,511500.0,180.0,2.0,61.0,57.0,93.44,1.0,0.0,0.0,0.0,0.0,0.0,0.0,0.0,0.0,Théo,Eyoum,2002-01-07,24.67,920.0,21.0,Defender,Central Defender,34amaqmj4hm1eoh1ndqv0gwt0,bj8hrmj01r3zit0x8r6qm2eu2,Le Mans FC,Le Mans,Le Mans,LEM,511500,34amaqmj4hm1eoh1ndqv0gwt0,920,bj8hrmj01r3zit0x8r6qm2eu2
Théo Le Bris,549737.0,2.0,145.0,0.0,0.23,-0.23,2.0,1.0,0.0,0.11,Théo,Le Bris,2002-10-01,23.94,694.0,11.0,Midfielder,0,2zvbw080n4yro1phgv39ri3qi,70nn27vgkt6l48lvv5e66q7ww,FC Lorient,Lorient,Lorient,FCL,12.0,110.252,5.0,16.485,0.0,0.0,0.0,0.0,9.188,3.297,3.0,4.0,2.0,2.0,5.0,8.0,7.0,87.5,5.0,0.0,0.0,,,,,,,,,,549737.0,145.0,2.0,1.0,0.0,0.0,0.0,0.03,0.028,0.0,0.0,Théo,Le Bris,2002-10-01,23.94,694.0,11.0,Midfielder,0,2zvbw080n4yro1phgv39ri3qi,70nn27vgkt6l48lvv5e66q7ww,FC Lorient,Lorient,Lorient,FCL,549737.0,145.0,2.0,53.0,45.0,84.91,14.0,11.0,78.57,7.0,0.0,0.0,0.0,0.0,0.0,Théo,Le Bris,2002-10-01,23.94,694.0,11.0,Midfielder,0,2zvbw080n4yro1phgv39ri3qi,70nn27vgkt6l48lvv5e66q7ww,FC Lorient,Lorient,Lorient,FCL,549737,2zvbw080n4yro1phgv39ri3qi,694,70nn27vgkt6l48lvv5e66q7ww
Tiago Santos,588181.0,2.0,180.0,1.0,0.19,0.81,2.0,2.0,50.0,0.09,Tiago,Carvalho Santos,2002-07-23,24.13,429.0,22.0,Defender,0,3gelookco8f9ft0guaec03t3o,be2k34rut1lz79jxenabttqlc,Lille OSC,Lille,Lille,LIL,24.0,330.417,19.0,267.96,1.0,0.0,1.0,0.0,13.767,14.103,3.0,3.0,2.0,0.0,6.0,11.0,8.0,72.727,3.0,2.0,66.667,,,,,,,,,,588181.0,180.0,2.0,2.0,2.0,4.44,0.0,0.281,0.281,0.0,0.0,Tiago,Carvalho Santos,2002-07-23,24.13,429.0,22.0,Defender,0,3gelookco8f9ft0guaec03t3o,be2k34rut1lz79jxenabttqlc,Lille OSC,Lille,Lille,LIL,588181.0,180.0,2.0,47.0,40.0,85.11,12.0,9.0,75.0,8.0,2.0,25.0,0.0,0.0,0.0,Tiago,Carvalho Santos,2002-07-23,24.13,429.0,22.0,Defender,0,3gelookco8f9ft0guaec03t3o,be2k34rut1lz79jxenabttqlc,Lille OSC,Lille,Lille,LIL,588181,3gelookco8f9ft0guaec03t3o,429,be2k34rut1lz79jxenabttqlc
Tidiane Devernois,659392.0,0.0,0.0,0.0,0.0,0.0,0.0,0.0,0.0,0.0,Tidiane,Devernois,2007-10-18,18.89,138.0,36.0,Midfielder,Central Midfielder,659392,9bxav814mkuhueiyivyive82d,Association Jeunesse Auxerroise,Auxerre,Auxerre,AJA,0.0,0.0,0.0,0.0,0.0,0.0,0.0,0.0,0.0,0.0,0.0,0.0,0.0,0.0,0.0,0.0,0.0,0.0,0.0,0.0,0.0,,,,,,,,,,659392.0,0.0,0.0,0.0,0.0,0.0,0.0,0.0,0.0,0.0,0.0,Tidiane,Devernois,2007-10-18,18.89,138.0,36.0,Midfielder,Central Midfielder,659392,9bxav814mkuhueiyivyive82d,Association Jeunesse Auxerroise,Auxerre,Auxerre,AJA,659392.0,0.0,0.0,0.0,0.0,0.0,0.0,0.0,0.0,0.0,0.0,0.0,0.0,0.0,0.0,Tidiane,Devernois,2007-10-18,18.89,138.0,36.0,Midfielder,Central Midfielder,659392,9bxav814mkuhueiyivyive82d,Association Jeunesse Auxerroise,Auxerre,Auxerre,AJA,659392,659392,138,9bxav814mkuhueiyivyive82d
Timothy Weah,215473.0,2.0,180.0,0.0,0.02,-0.02,2.0,0.0,0.0,0.01,Timothy,Weah,2000-02-22,26.55,144.0,22.0,Forward,Winger,e5xxqwz0sdlwkkmp8bgs1k6w9,27xvwccz8kpmqsefjv2b2sc0o,Olympique de Marseille,Olympique Marseille,Marseille,OM,40.0,384.703,22.0,170.52,1.0,0.0,1.0,0.0,9.618,7.751,3.0,0.0,7.0,1.0,6.0,8.0,5.0,62.5,2.0,1.0,50.0,,,,,,,,,,215473.0,180.0,2.0,2.0,2.0,1.48,0.0,0.161,0.16,0.0,0.0,Timothy,Weah,2000-02-22,26.55,144.0,22.0,Forward,Winger,e5xxqwz0sdlwkkmp8bgs1k6w9,27xvwccz8kpmqsefjv2b2sc0o,Olympique de Marseille,Olympique Marseille,Marseille,OM,215473.0,180.0,2.0,139.0,122.0,87.77,44.0,36.0,81.82,3.0,1.0,33.33,0.0,0.0,0.0,Timothy,Weah,2000-02-22,26.55,144.0,22.0,Forward,Winger,e5xxqwz0sdlwkkmp8bgs1k6w9,27xvwccz8kpmqsefjv2b2sc0o,Olympique de Marseille,Olympique Marseille,Marseille,OM,215473,e5xxqwz0sdlwkkmp8bgs1k6w9,144,27xvwccz8kpmqsefjv2b2sc0o
Timothée Pembélé,465702.0,2.0,146.0,0.0,0.0,0.0,0.0,0.0,0.0,0.0,Timothée,Pembélé,2002-09-09,24.0,141.0,32.0,Defender,Full Back,ausceoo438aoxbb6gl8tpes16,23pqcgxu1tip265hbe01kszbt,Le Havre AC,Le Havre,Le Havre,HAC,6.0,56.472,3.0,30.45,0.0,0.0,1.0,0.0,9.412,10.15,5.0,2.0,3.0,0.0,5.0,10.0,5.0,50.0,1.0,1.0,100.0,,,,,,,,,,465702.0,146.0,2.0,1.0,1.0,2.44,0.0,0.054,0.054,0.0,0.0,Timothée,Pembélé,2002-09-09,24.0,141.0,32.0,Defender,Full Back,ausceoo438aoxbb6gl8tpes16,23pqcgxu1tip265hbe01kszbt,Le Havre AC,Le Havre,Le Havre,HAC,465702.0,146.0,2.0,44.0,35.0,79.55,6.0,5.0,83.33,2.0,1.0,50.0,0.0,0.0,0.0,Timothée,Pembélé,2002-09-09,24.0,141.0,32.0,Defender,Full Back,ausceoo438aoxbb6gl8tpes16,23pqcgxu1tip265hbe01kszbt,Le Havre AC,Le Havre,Le Havre,HAC,465702,ausceoo438aoxbb6gl8tpes16,141,23pqcgxu1tip265hbe01kszbt
Tochukwu Nnadi,582399.0,2.0,35.0,0.0,0.0,0.0,0.0,0.0,0.0,0.0,Tochukwu,Nnadi,2003-06-30,23.19,144.0,6.0,Midfielder,Defensive Midfielder,2zfl3uasstx4eknstbzcsg7is,27xvwccz8kpmqsefjv2b2sc0o,Olympique de Marseille,Olympique Marseille,Marseille,OM,3.0,18.683,1.0,-2.52,0.0,0.0,0.0,0.0,6.228,-2.52,2.0,0.0,2.0,0.0,0.0,4.0,3.0,75.0,0.0,0.0,0.0,,,,,,,,,,582399.0,35.0,2.0,0.0,0.0,0.0,0.0,0.028,0.028,0.0,0.0,Tochukwu,Nnadi,2003-06-30,23.19,144.0,6.0,Midfielder,Defensive Midfielder,2zfl3uasstx4eknstbzcsg7is,27xvwccz8kpmqsefjv2b2sc0o,Olympique de Marseille,Olympique Marseille,Marseille,OM,582399.0,35.0,2.0,40.0,37.0,92.5,13.0,11.0,84.62,0.0,0.0,0.0,0.0,0.0,0.0,Tochukwu,Nnadi,2003-06-30,23.19,144.0,6.0,Midfielder,Defensive Midfielder,2zfl3uasstx4eknstbzcsg7is,27xvwccz8kpmqsefjv2b2sc0o,Olympique de Marseille,Olympique Marseille,Marseille,OM,582399,2zfl3uasstx4eknstbzcsg7is,144,27xvwccz8kpmqsefjv2b2sc0o
Tyler Morton,440148.0,2.0,111.0,0.0,0.02,-0.02,1.0,0.0,0.0,0.02,Tyler,Morton,2002-10-31,23.86,143.0,23.0,Midfielder,Defensive Midfielder,j0b21u0klyu8taaxmooycdpm,121le8unjfzug3iu9pgkqa1c7,Lyon,Olympique Lyonnais,Lyon,OL,30.0,354.885,16.0,171.99,1.0,0.0,0.0,0.0,11.83,10.749,3.0,2.0,2.0,1.0,1.0,5.0,3.0,60.0,3.0,1.0,33.333,,,,,,,,,,440148.0,111.0,2.0,1.0,0.0,0.0,100.0,0.228,0.165,0.0,0.0,Tyler,Morton,2002-10-31,23.86,143.0,23.0,Midfielder,Defensive Midfielder,j0b21u0klyu8taaxmooycdpm,121le8unjfzug3iu9pgkqa1c7,Lyon,Olympique Lyonnais,Lyon,OL,440148.0,111.0,2.0,66.0,56.0,84.85,21.0,16.0,76.19,0.0,0.0,0.0,3.0,1.0,33.33,Tyler,Morton,2002-10-31,23.86,143.0,23.0,Midfielder,Defensive Midfielder,j0b21u0klyu8taaxmooycdpm,121le8unjfzug3iu9pgkqa1c7,Lyon,Olympique Lyonnais,Lyon,OL,440148,j0b21u0klyu8taaxmooycdpm,143,121le8unjfzug3iu9pgkqa1c7
Tyrese Noubissie,631877.0,0.0,0.0,0.0,0.0,0.0,0.0,0.0,0.0,0.0,Tyrese,Noubissie,2009-05-13,17.32,153.0,28.0,Midfielder,Central Midfielder,631877,71ajatxnuhc5cnm3xvgdky49w,RC Strasbourg Alsace,Strasbourg,Strasbourg,STR,0.0,0.0,0.0,0.0,0.0,0.0,0.0,0.0,0.0,0.0,0.0,0.0,0.0,0.0,0.0,0.0,0.0,0.0,0.0,0.0,0.0,,,,,,,,,,631877.0,0.0,0.0,0.0,0.0,0.0,0.0,0.0,0.0,0.0,0.0,Tyrese,Noubissie,2009-05-13,17.32,153.0,28.0,Midfielder,Central Midfielder,631877,71ajatxnuhc5cnm3xvgdky49w,RC Strasbourg Alsace,Strasbourg,Strasbourg,STR,631877.0,0.0,0.0,0.0,0.0,0.0,0.0,0.0,0.0,0.0,0.0,0.0,0.0,0.0,0.0,Tyrese,Noubissie,2009-05-13,17.32,153.0,28.0,Midfielder,Central Midfielder,631877,71ajatxnuhc5cnm3xvgdky49w,RC Strasbourg Alsace,Strasbourg,Strasbourg,STR,631877,631877,153,71ajatxnuhc5cnm3xvgdky49w
Ulisses Garcia,184943.0,0.0,0.0,0.0,0.0,0.0,0.0,0.0,0.0,0.0,Ulisses,Garcia,1996-01-11,30.67,144.0,25.0,Defender,Full Back,184943,27xvwccz8kpmqsefjv2b2sc0o,Olympique de Marseille,Olympique Marseille,Marseille,OM,0.0,0.0,0.0,0.0,0.0,0.0,0.0,0.0,0.0,0.0,0.0,0.0,0.0,0.0,0.0,0.0,0.0,0.0,0.0,0.0,0.0,,,,,,,,,,184943.0,0.0,0.0,0.0,0.0,0.0,0.0,0.0,0.0,0.0,0.0,Ulisses,Garcia,1996-01-11,30.67,144.0,25.0,Defender,Full Back,184943,27xvwccz8kpmqsefjv2b2sc0o,Olympique de Marseille,Olympique Marseille,Marseille,OM,184943.0,0.0,0.0,0.0,0.0,0.0,0.0,0.0,0.0,0.0,0.0,0.0,0.0,0.0,0.0,Ulisses,Garcia,1996-01-11,30.67,144.0,25.0,Defender,Full Back,184943,27xvwccz8kpmqsefjv2b2sc0o,Olympique de Marseille,Olympique Marseille,Marseille,OM,184943,184943,144,27xvwccz8kpmqsefjv2b2sc0o
Usman Simbakoli,523895.0,2.0,26.0,0.0,0.15,-0.15,3.0,0.0,0.0,0.05,Usman,Simbakoli,2001-12-12,24.74,2128.0,7.0,Forward,Striker,716sioawhw9kwstzzu6u2en10,75qj99fhg5c0ztj2tva5u4uii,Angers Sporting Club de l'Ouest,Angers,Angers,SCO,5.0,34.813,3.0,17.64,1.0,0.0,0.0,0.0,6.963,5.88,0.0,0.0,3.0,0.0,1.0,8.0,2.0,25.0,3.0,2.0,66.667,,,,,,,,,,523895.0,26.0,2.0,1.0,1.0,14.29,0.0,0.007,0.007,0.0,0.0,Usman,Simbakoli,2001-12-12,24.74,2128.0,7.0,Forward,Striker,716sioawhw9kwstzzu6u2en10,75qj99fhg5c0ztj2tva5u4uii,Angers Sporting Club de l'Ouest,Angers,Angers,SCO,523895.0,26.0,2.0,7.0,5.0,71.43,3.0,1.0,33.33,0.0,0.0,0.0,0.0,0.0,0.0,Usman,Simbakoli,2001-12-12,24.74,2128.0,7.0,Forward,Striker,716sioawhw9kwstzzu6u2en10,75qj99fhg5c0ztj2tva5u4uii,Angers Sporting Club de l'Ouest,Angers,Angers,SCO,523895,716sioawhw9kwstzzu6u2en10,2128,75qj99fhg5c0ztj2tva5u4uii
Valentin Rongier,193539.0,2.0,164.0,1.0,0.03,0.97,1.0,1.0,100.0,0.03,Valentin,Rongier,1994-12-07,31.76,150.0,21.0,Midfielder,Defensive Midfielder,8s259ktv9j6ei0f8rh2msqfh1,z1wbqtd0fz5t5eezjvrbld3h,Stade Rennais FC,Rennes,Rennes,REN,17.0,138.135,3.0,22.785,1.0,1.0,0.0,0.0,8.126,7.595,3.0,3.0,7.0,4.0,7.0,8.0,4.0,50.0,8.0,5.0,62.5,,,,,,,,,,193539.0,164.0,2.0,1.0,1.0,1.23,0.0,0.041,0.041,0.0,0.0,Valentin,Rongier,1994-12-07,31.76,150.0,21.0,Midfielder,Defensive Midfielder,8s259ktv9j6ei0f8rh2msqfh1,z1wbqtd0fz5t5eezjvrbld3h,Stade Rennais FC,Rennes,Rennes,REN,193539.0,164.0,2.0,85.0,73.0,85.88,15.0,10.0,66.67,1.0,0.0,0.0,0.0,0.0,0.0,Valentin,Rongier,1994-12-07,31.76,150.0,21.0,Midfielder,Defensive Midfielder,8s259ktv9j6ei0f8rh2msqfh1,z1wbqtd0fz5t5eezjvrbld3h,Stade Rennais FC,Rennes,Rennes,REN,193539,8s259ktv9j6ei0f8rh2msqfh1,150,z1wbqtd0fz5t5eezjvrbld3h
Vanderson,520403.0,2.0,179.0,0.0,0.01,-0.01,1.0,0.0,0.0,0.01,Vanderson,de Oliveira Campos,2001-06-21,25.22,146.0,2.0,Defender,Full Back,adb8skc3qbvgunhzd9651lij8,4t4hod56fsj7utpjdor8so5q6,AS Monaco FC,Monaco,Monaco,ASM,22.0,256.151,19.0,211.05,0.0,0.0,2.0,0.0,11.643,11.108,9.0,2.0,12.0,3.0,6.0,19.0,10.0,52.632,3.0,3.0,100.0,,,,,,,,,,520403.0,179.0,2.0,2.0,2.0,1.98,0.0,0.186,0.185,0.0,0.0,Vanderson,de Oliveira Campos,2001-06-21,25.22,146.0,2.0,Defender,Full Back,adb8skc3qbvgunhzd9651lij8,4t4hod56fsj7utpjdor8so5q6,AS Monaco FC,Monaco,Monaco,ASM,520403.0,179.0,2.0,105.0,80.0,76.19,31.0,18.0,58.06,5.0,1.0,20.0,0.0,0.0,0.0,Vanderson,de Oliveira Campos,2001-06-21,25.22,146.0,2.0,Defender,Full Back,adb8skc3qbvgunhzd9651lij8,4t4hod56fsj7utpjdor8so5q6,AS Monaco FC,Monaco,Monaco,ASM,520403,adb8skc3qbvgunhzd9651lij8,146,4t4hod56fsj7utpjdor8so5q6
Vincent Marchetti,209874.0,1.0,7.0,1.0,0.33,0.67,2.0,1.0,50.0,0.17,Vincent,Marchetti,1997-07-04,29.19,2338.0,4.0,Midfielder,0,d3d1qks236pztzcqp3wdcc0l,8v00fx2zwhiwm05tqqkt122p5,Paris FC,Paris FC,Paris FC,PAR,1.0,6.457,0.0,-3.255,0.0,0.0,0.0,0.0,6.457,0.0,0.0,0.0,0.0,0.0,0.0,2.0,0.0,0.0,0.0,0.0,0.0,,,,,,,,,,209874.0,7.0,1.0,0.0,0.0,0.0,0.0,0.0,0.0,0.0,0.0,Vincent,Marchetti,1997-07-04,29.19,2338.0,4.0,Midfielder,0,d3d1qks236pztzcqp3wdcc0l,8v00fx2zwhiwm05tqqkt122p5,Paris FC,Paris FC,Paris FC,PAR,209874.0,7.0,1.0,6.0,6.0,100.0,0.0,0.0,0.0,0.0,0.0,0.0,0.0,0.0,0.0,Vincent,Marchetti,1997-07-04,29.19,2338.0,4.0,Midfielder,0,d3d1qks236pztzcqp3wdcc0l,8v00fx2zwhiwm05tqqkt122p5,Paris FC,Paris FC,Paris FC,PAR,209874,d3d1qks236pztzcqp3wdcc0l,2338,8v00fx2zwhiwm05tqqkt122p5
Vincent Sasso,73954.0,2.0,91.0,0.0,0.0,0.0,0.0,0.0,0.0,0.0,Vincent,Sasso,1991-02-16,35.57,141.0,23.0,Defender,Central Defender,3weuuu2vlyod9x7gnk2v9r1ed,23pqcgxu1tip265hbe01kszbt,Le Havre AC,Le Havre,Le Havre,HAC,5.0,62.664,4.0,44.1,0.0,0.0,0.0,0.0,12.533,11.025,2.0,1.0,6.0,0.0,4.0,4.0,2.0,50.0,3.0,2.0,66.667,,,,,,,,,,73954.0,91.0,2.0,0.0,0.0,0.0,0.0,0.01,0.01,0.0,0.0,Vincent,Sasso,1991-02-16,35.57,141.0,23.0,Defender,Central Defender,3weuuu2vlyod9x7gnk2v9r1ed,23pqcgxu1tip265hbe01kszbt,Le Havre AC,Le Havre,Le Havre,HAC,73954.0,91.0,2.0,56.0,48.0,85.71,11.0,9.0,81.82,0.0,0.0,0.0,0.0,0.0,0.0,Vincent,Sasso,1991-02-16,35.57,141.0,23.0,Defender,Central Defender,3weuuu2vlyod9x7gnk2v9r1ed,23pqcgxu1tip265hbe01kszbt,Le Havre AC,Le Havre,Le Havre,HAC,73954,3weuuu2vlyod9x7gnk2v9r1ed,141,23pqcgxu1tip265hbe01kszbt
Vitinha,437858.0,2.0,159.0,1.0,0.2,0.8,6.0,2.0,16.67,0.03,Vítor,Machado Ferreira,2000-02-13,26.57,149.0,17.0,Midfielder,Attacking Midfielder,cionsifzpx5rhc8es29wv6i95,2b3mar72yy8d6uvat1ka6tn3r,Paris Saint-Germain FC,Paris Saint-Germain,Paris SG,PSG,42.0,366.064,19.0,209.265,2.0,0.0,0.0,0.0,8.716,11.014,2.0,3.0,7.0,0.0,0.0,10.0,4.0,40.0,0.0,0.0,0.0,,,,,,,,,,437858.0,159.0,2.0,2.0,1.0,0.5,0.0,0.968,0.895,1.0,0.0,Vítor,Machado Ferreira,2000-02-13,26.57,149.0,17.0,Midfielder,Attacking Midfielder,cionsifzpx5rhc8es29wv6i95,2b3mar72yy8d6uvat1ka6tn3r,Paris Saint-Germain FC,Paris Saint-Germain,Paris SG,PSG,437858.0,159.0,2.0,207.0,191.0,92.27,90.0,77.0,85.56,1.0,0.0,0.0,0.0,0.0,0.0,Vítor,Machado Ferreira,2000-02-13,26.57,149.0,17.0,Midfielder,Attacking Midfielder,cionsifzpx5rhc8es29wv6i95,2b3mar72yy8d6uvat1ka6tn3r,Paris Saint-Germain FC,Paris Saint-Germain,Paris SG,PSG,437858,cionsifzpx5rhc8es29wv6i95,149,2b3mar72yy8d6uvat1ka6tn3r
Warren Zaïre-Emery,550840.0,2.0,150.0,0.0,0.66,-0.66,4.0,1.0,0.0,0.17,Warren,Zaïre-Emery,2006-03-08,20.5,149.0,33.0,Midfielder,0,2s2fzli5c7h9dfcertq2dwxec,2b3mar72yy8d6uvat1ka6tn3r,Paris Saint-Germain FC,Paris Saint-Germain,Paris SG,PSG,27.0,234.75,12.0,89.985,0.0,0.0,0.0,0.0,8.694,7.499,2.0,1.0,12.0,0.0,0.0,8.0,4.0,50.0,0.0,0.0,0.0,,,,,,,,,,550840.0,150.0,2.0,0.0,0.0,0.0,0.0,0.082,0.081,0.0,0.0,Warren,Zaïre-Emery,2006-03-08,20.5,149.0,33.0,Midfielder,0,2s2fzli5c7h9dfcertq2dwxec,2b3mar72yy8d6uvat1ka6tn3r,Paris Saint-Germain FC,Paris Saint-Germain,Paris SG,PSG,550840.0,150.0,2.0,139.0,130.0,93.53,42.0,38.0,90.48,4.0,0.0,0.0,0.0,0.0,0.0,Warren,Zaïre-Emery,2006-03-08,20.5,149.0,33.0,Midfielder,0,2s2fzli5c7h9dfcertq2dwxec,2b3mar72yy8d6uvat1ka6tn3r,Paris Saint-Germain FC,Paris Saint-Germain,Paris SG,PSG,550840,2s2fzli5c7h9dfcertq2dwxec,149,2b3mar72yy8d6uvat1ka6tn3r
William Harhouz,701214.0,1.0,18.0,0.0,0.0,0.0,0.0,0.0,0.0,0.0,William,Harhouz,1999-12-30,26.7,920.0,20.0,Forward,Striker,32nd7lq5vkljkz2mjuaabmxhw,bj8hrmj01r3zit0x8r6qm2eu2,Le Mans FC,Le Mans,Le Mans,LEM,0.0,0.0,0.0,0.0,0.0,0.0,0.0,0.0,0.0,0.0,0.0,0.0,0.0,0.0,1.0,1.0,0.0,0.0,5.0,2.0,40.0,,,,,,,,,,701214.0,18.0,1.0,0.0,0.0,0.0,0.0,0.0,0.0,0.0,0.0,William,Harhouz,1999-12-30,26.7,920.0,20.0,Forward,Striker,32nd7lq5vkljkz2mjuaabmxhw,bj8hrmj01r3zit0x8r6qm2eu2,Le Mans FC,Le Mans,Le Mans,LEM,701214.0,18.0,1.0,5.0,1.0,20.0,2.0,0.0,0.0,0.0,0.0,0.0,0.0,0.0,0.0,William,Harhouz,1999-12-30,26.7,920.0,20.0,Forward,Striker,32nd7lq5vkljkz2mjuaabmxhw,bj8hrmj01r3zit0x8r6qm2eu2,Le Mans FC,Le Mans,Le Mans,LEM,701214,32nd7lq5vkljkz2mjuaabmxhw,920,bj8hrmj01r3zit0x8r6qm2eu2
Willian Pacho,448102.0,2.0,180.0,0.0,0.0,0.0,0.0,0.0,0.0,0.0,Willian,Pacho,2001-10-16,24.9,149.0,51.0,Defender,Central Defender,ecwzzrkn1snbua5yu4gehxm2,2b3mar72yy8d6uvat1ka6tn3r,Paris Saint-Germain FC,Paris Saint-Germain,Paris SG,PSG,17.0,173.851,8.0,93.03,0.0,0.0,0.0,0.0,10.227,11.629,1.0,2.0,13.0,1.0,2.0,2.0,1.0,50.0,6.0,4.0,66.667,,,,,,,,,,448102.0,180.0,2.0,0.0,0.0,0.0,0.0,0.039,0.038,0.0,0.0,Willian,Pacho,2001-10-16,24.9,149.0,51.0,Defender,Central Defender,ecwzzrkn1snbua5yu4gehxm2,2b3mar72yy8d6uvat1ka6tn3r,Paris Saint-Germain FC,Paris Saint-Germain,Paris SG,PSG,448102.0,180.0,2.0,141.0,134.0,95.04,9.0,8.0,88.89,0.0,0.0,0.0,0.0,0.0,0.0,Willian,Pacho,2001-10-16,24.9,149.0,51.0,Defender,Central Defender,ecwzzrkn1snbua5yu4gehxm2,2b3mar72yy8d6uvat1ka6tn3r,Paris Saint-Germain FC,Paris Saint-Germain,Paris SG,PSG,448102,ecwzzrkn1snbua5yu4gehxm2,149,2b3mar72yy8d6uvat1ka6tn3r
Xavier Mandza,672279.0,2.0,178.0,0.0,0.09,-0.09,3.0,1.0,0.0,0.03,Xavier,Mandza,2009-04-06,17.42,1395.0,35.0,Midfielder,Central Midfielder,1pm0n6c6ao1dp7vgcxelrcxzo,bx0cdmzr2gwr70ez72dorx82p,OGC Nice Côte d'Azur,Nice,Nice,NIC,36.0,354.476,17.0,147.0,1.0,0.0,1.0,0.0,9.847,8.647,4.0,3.0,15.0,1.0,6.0,11.0,5.0,45.455,1.0,1.0,100.0,,,,,,,,,,672279.0,178.0,2.0,3.0,3.0,1.78,0.0,0.086,0.086,0.0,0.0,Xavier,Mandza,2009-04-06,17.42,1395.0,35.0,Midfielder,Central Midfielder,1pm0n6c6ao1dp7vgcxelrcxzo,bx0cdmzr2gwr70ez72dorx82p,OGC Nice Côte d'Azur,Nice,Nice,NIC,672279.0,178.0,2.0,179.0,167.0,93.3,25.0,22.0,88.0,2.0,1.0,50.0,0.0,0.0,0.0,Xavier,Mandza,2009-04-06,17.42,1395.0,35.0,Midfielder,Central Midfielder,1pm0n6c6ao1dp7vgcxelrcxzo,bx0cdmzr2gwr70ez72dorx82p,OGC Nice Côte d'Azur,Nice,Nice,NIC,672279,1pm0n6c6ao1dp7vgcxelrcxzo,1395,bx0cdmzr2gwr70ez72dorx82p
Yacine Titraoui,562049.0,2.0,180.0,0.0,0.03,-0.03,1.0,0.0,0.0,0.03,Yacine,Titraoui,2003-07-26,23.12,142.0,8.0,Midfielder,Central Midfielder,i5s78vnnpjbs05skodkpk9hw,3xedluek08t2ka7oypwuullcn,Racing Club de Lens,Lens,Lens,RCL,22.0,225.432,8.0,65.415,0.0,0.0,0.0,0.0,10.247,8.177,6.0,4.0,17.0,0.0,2.0,17.0,10.0,58.824,2.0,1.0,50.0,,,,,,,,,,562049.0,180.0,2.0,0.0,0.0,0.0,0.0,0.057,0.056,0.0,0.0,Yacine,Titraoui,2003-07-26,23.12,142.0,8.0,Midfielder,Central Midfielder,i5s78vnnpjbs05skodkpk9hw,3xedluek08t2ka7oypwuullcn,Racing Club de Lens,Lens,Lens,RCL,562049.0,180.0,2.0,124.0,112.0,90.32,18.0,13.0,72.22,0.0,0.0,0.0,1.0,0.0,0.0,Yacine,Titraoui,2003-07-26,23.12,142.0,8.0,Midfielder,Central Midfielder,i5s78vnnpjbs05skodkpk9hw,3xedluek08t2ka7oypwuullcn,Racing Club de Lens,Lens,Lens,RCL,562049,i5s78vnnpjbs05skodkpk9hw,142,3xedluek08t2ka7oypwuullcn
Yacouba Koné,749559.0,2.0,8.0,0.0,0.0,0.0,0.0,0.0,0.0,0.0,Yacouba,Koné,2007-06-21,19.22,154.0,39.0,Forward,Striker,8jnfa56mw9y4roefpbwz5zrbo,3unkqo2g6ag99gd5ynz1j7vse,Espérance Sportive Troyes Aube Champagne,Troyes,Troyes,TRO,0.0,0.0,0.0,0.0,0.0,0.0,0.0,0.0,0.0,0.0,1.0,0.0,0.0,0.0,0.0,1.0,1.0,100.0,3.0,0.0,0.0,,,,,,,,,,749559.0,8.0,2.0,0.0,0.0,0.0,0.0,0.0,0.0,0.0,0.0,Yacouba,Koné,2007-06-21,19.22,154.0,39.0,Forward,Striker,8jnfa56mw9y4roefpbwz5zrbo,3unkqo2g6ag99gd5ynz1j7vse,Espérance Sportive Troyes Aube Champagne,Troyes,Troyes,TRO,749559.0,8.0,2.0,2.0,1.0,50.0,0.0,0.0,0.0,0.0,0.0,0.0,0.0,0.0,0.0,Yacouba,Koné,2007-06-21,19.22,154.0,39.0,Forward,Striker,8jnfa56mw9y4roefpbwz5zrbo,3unkqo2g6ag99gd5ynz1j7vse,Espérance Sportive Troyes Aube Champagne,Troyes,Troyes,TRO,749559,8jnfa56mw9y4roefpbwz5zrbo,154,3unkqo2g6ag99gd5ynz1j7vse
Yanis Zouaoui,628017.0,1.0,40.0,0.0,0.0,0.0,0.0,0.0,0.0,0.0,Yanis,Zouaoui,1998-04-28,28.37,141.0,18.0,Defender,Full Back,87kn93oiqdrpr8ybyi4wxkgoa,23pqcgxu1tip265hbe01kszbt,Le Havre AC,Le Havre,Le Havre,HAC,4.0,68.808,4.0,64.89,0.0,0.0,0.0,0.0,17.202,16.222,0.0,1.0,3.0,1.0,0.0,4.0,1.0,25.0,0.0,0.0,0.0,,,,,,,,,,628017.0,40.0,1.0,0.0,0.0,0.0,0.0,0.033,0.033,0.0,0.0,Yanis,Zouaoui,1998-04-28,28.37,141.0,18.0,Defender,Full Back,87kn93oiqdrpr8ybyi4wxkgoa,23pqcgxu1tip265hbe01kszbt,Le Havre AC,Le Havre,Le Havre,HAC,628017.0,40.0,1.0,9.0,8.0,88.89,2.0,2.0,100.0,3.0,1.0,33.33,0.0,0.0,0.0,Yanis,Zouaoui,1998-04-28,28.37,141.0,18.0,Defender,Full Back,87kn93oiqdrpr8ybyi4wxkgoa,23pqcgxu1tip265hbe01kszbt,Le Havre AC,Le Havre,Le Havre,HAC,628017,87kn93oiqdrpr8ybyi4wxkgoa,141,23pqcgxu1tip265hbe01kszbt
Yann Gboho,242893.0,2.0,170.0,0.0,0.32,-0.32,2.0,0.0,0.0,0.16,Yann,Gboho,2001-01-14,25.65,427.0,10.0,Forward,Attacking Midfielder,ez9zc94k1nj4qxjf2hrvj5dgq,4aghw9tyi8ba3ju1ne83gmf9w,Toulouse FC,Toulouse,Toulouse,TFC,33.0,421.708,19.0,227.115,1.0,0.0,3.0,0.0,12.779,11.953,0.0,2.0,10.0,0.0,2.0,22.0,9.0,40.909,0.0,0.0,0.0,,,,,,,,,,242893.0,170.0,2.0,4.0,4.0,5.77,0.0,0.248,0.248,1.0,1.0,Yann,Gboho,2001-01-14,25.65,427.0,10.0,Forward,Attacking Midfielder,ez9zc94k1nj4qxjf2hrvj5dgq,4aghw9tyi8ba3ju1ne83gmf9w,Toulouse FC,Toulouse,Toulouse,TFC,242893.0,170.0,2.0,52.0,45.0,86.54,29.0,24.0,82.76,2.0,0.0,0.0,1.0,1.0,100.0,Yann,Gboho,2001-01-14,25.65,427.0,10.0,Forward,Attacking Midfielder,ez9zc94k1nj4qxjf2hrvj5dgq,4aghw9tyi8ba3ju1ne83gmf9w,Toulouse FC,Toulouse,Toulouse,TFC,242893,ez9zc94k1nj4qxjf2hrvj5dgq,427,4aghw9tyi8ba3ju1ne83gmf9w
Yasser Larouci,432990.0,1.0,81.0,0.0,0.06,-0.06,2.0,1.0,0.0,0.03,Yasser,Larouci,2001-01-01,25.69,920.0,76.0,Defender,Full Back,577j49ffrxuurraco9chy388a,bj8hrmj01r3zit0x8r6qm2eu2,Le Mans FC,Le Mans,Le Mans,LEM,12.0,138.399,10.0,123.06,1.0,0.0,0.0,0.0,11.533,12.306,0.0,1.0,3.0,0.0,0.0,5.0,1.0,20.0,1.0,0.0,0.0,,,,,,,,,,432990.0,81.0,1.0,0.0,0.0,0.0,0.0,0.004,0.004,0.0,0.0,Yasser,Larouci,2001-01-01,25.69,920.0,76.0,Defender,Full Back,577j49ffrxuurraco9chy388a,bj8hrmj01r3zit0x8r6qm2eu2,Le Mans FC,Le Mans,Le Mans,LEM,432990.0,81.0,1.0,29.0,20.0,68.97,6.0,2.0,33.33,4.0,0.0,0.0,0.0,0.0,0.0,Yasser,Larouci,2001-01-01,25.69,920.0,76.0,Defender,Full Back,577j49ffrxuurraco9chy388a,bj8hrmj01r3zit0x8r6qm2eu2,Le Mans FC,Le Mans,Le Mans,LEM,432990,577j49ffrxuurraco9chy388a,920,bj8hrmj01r3zit0x8r6qm2eu2
Yassin Belkhdim,574193.0,2.0,175.0,0.0,0.02,-0.02,1.0,0.0,0.0,0.02,Yassin,Belkhdim,2002-02-14,24.57,2128.0,14.0,Midfielder,Central Midfielder,5vvhwzxwq395q3welimok3uqy,75qj99fhg5c0ztj2tva5u4uii,Angers Sporting Club de l'Ouest,Angers,Angers,SCO,10.0,111.465,4.0,55.545,0.0,0.0,0.0,0.0,11.146,13.886,7.0,3.0,3.0,1.0,4.0,16.0,9.0,56.25,2.0,0.0,0.0,,,,,,,,,,574193.0,175.0,2.0,3.0,3.0,5.08,0.0,0.045,0.045,0.0,0.0,Yassin,Belkhdim,2002-02-14,24.57,2128.0,14.0,Midfielder,Central Midfielder,5vvhwzxwq395q3welimok3uqy,75qj99fhg5c0ztj2tva5u4uii,Angers Sporting Club de l'Ouest,Angers,Angers,SCO,574193.0,175.0,2.0,60.0,55.0,91.67,12.0,10.0,83.33,5.0,2.0,40.0,0.0,0.0,0.0,Yassin,Belkhdim,2002-02-14,24.57,2128.0,14.0,Midfielder,Central Midfielder,5vvhwzxwq395q3welimok3uqy,75qj99fhg5c0ztj2tva5u4uii,Angers Sporting Club de l'Ouest,Angers,Angers,SCO,574193,5vvhwzxwq395q3welimok3uqy,2128,75qj99fhg5c0ztj2tva5u4uii
Youssouf Ndayishimiye,420566.0,2.0,180.0,0.0,0.06,-0.06,1.0,0.0,0.0,0.06,Youssouf,Ndayishimiye,1998-10-27,27.87,1395.0,55.0,Midfielder,0,7c0y2e3949kvohxadzfbmct7t,bx0cdmzr2gwr70ez72dorx82p,OGC Nice Côte d'Azur,Nice,Nice,NIC,35.0,325.803,22.0,159.915,0.0,0.0,0.0,0.0,9.309,7.269,2.0,6.0,8.0,3.0,7.0,8.0,5.0,62.5,4.0,1.0,25.0,,,,,,,,,,420566.0,180.0,2.0,0.0,0.0,0.0,0.0,0.042,0.042,0.0,0.0,Youssouf,Ndayishimiye,1998-10-27,27.87,1395.0,55.0,Midfielder,0,7c0y2e3949kvohxadzfbmct7t,bx0cdmzr2gwr70ez72dorx82p,OGC Nice Côte d'Azur,Nice,Nice,NIC,420566.0,180.0,2.0,225.0,209.0,92.89,27.0,19.0,70.37,1.0,0.0,0.0,1.0,0.0,0.0,Youssouf,Ndayishimiye,1998-10-27,27.87,1395.0,55.0,Midfielder,0,7c0y2e3949kvohxadzfbmct7t,bx0cdmzr2gwr70ez72dorx82p,OGC Nice Côte d'Azur,Nice,Nice,NIC,420566,7c0y2e3949kvohxadzfbmct7t,1395,bx0cdmzr2gwr70ez72dorx82p
Yvann Titi,620415.0,1.0,55.0,0.0,0.01,-0.01,1.0,0.0,0.0,0.01,Yvann,Titi,2006-05-05,20.35,154.0,44.0,Defender,Full Back,etv71frsyado4q82acsax9n2s,3unkqo2g6ag99gd5ynz1j7vse,Espérance Sportive Troyes Aube Champagne,Troyes,Troyes,TRO,8.0,81.49,5.0,53.34,0.0,0.0,0.0,0.0,10.186,10.668,0.0,0.0,3.0,1.0,1.0,6.0,2.0,33.333,0.0,0.0,0.0,,,,,,,,,,620415.0,55.0,1.0,0.0,0.0,0.0,0.0,0.016,0.015,0.0,0.0,Yvann,Titi,2006-05-05,20.35,154.0,44.0,Defender,Full Back,etv71frsyado4q82acsax9n2s,3unkqo2g6ag99gd5ynz1j7vse,Espérance Sportive Troyes Aube Champagne,Troyes,Troyes,TRO,620415.0,55.0,1.0,34.0,30.0,88.24,13.0,9.0,69.23,4.0,1.0,25.0,0.0,0.0,0.0,Yvann,Titi,2006-05-05,20.35,154.0,44.0,Defender,Full Back,etv71frsyado4q82acsax9n2s,3unkqo2g6ag99gd5ynz1j7vse,Espérance Sportive Troyes Aube Champagne,Troyes,Troyes,TRO,620415,etv71frsyado4q82acsax9n2s,154,3unkqo2g6ag99gd5ynz1j7vse
Yvon Mvogo,,,,,,,,,,,,,,,,,,,,,,,,,,,,,,,,,,,,,,,,,,,,,,180.0,100.0,0.0,2.0,1.0,33.33,0.02,1.0,2.02,,,,,,,,,,,,,,,,,,,,,,,,,,,,,,,,,,,,,,,,,,,,,,,,,,,,,,,100952,6790uxmc1zs4emxtqf7vl6imt,694,70nn27vgkt6l48lvv5e66q7ww
Yéhvann Diouf,,,,,,,,,,,,,,,,,,,,,,,,,,,,,,,,,,,,,,,,,,,,,,180.0,100.0,0.0,3.0,3.0,50.0,-0.82,0.67,2.18,,,,,,,,,,,,,,,,,,,,,,,,,,,,,,,,,,,,,,,,,,,,,,,,,,,,,,,231875,89sv092huj2obzdazmft854a1,1395,bx0cdmzr2gwr70ez72dorx82p
Zachary Athekame,622748.0,2.0,180.0,0.0,0.03,-0.03,1.0,0.0,0.0,0.03,Zachary,Athekame,2004-12-13,21.74,143.0,13.0,Defender,Full Back,ac6r3yi7rzqlcih7qw86jsro4,121le8unjfzug3iu9pgkqa1c7,Lyon,Olympique Lyonnais,Lyon,OL,31.0,464.205,27.0,408.66,0.0,0.0,1.0,0.0,14.974,15.136,4.0,1.0,7.0,0.0,4.0,16.0,8.0,50.0,3.0,1.0,33.333,,,,,,,,,,622748.0,180.0,2.0,2.0,1.0,1.23,0.0,0.521,0.52,1.0,0.0,Zachary,Athekame,2004-12-13,21.74,143.0,13.0,Defender,Full Back,ac6r3yi7rzqlcih7qw86jsro4,121le8unjfzug3iu9pgkqa1c7,Lyon,Olympique Lyonnais,Lyon,OL,622748.0,180.0,2.0,85.0,72.0,84.71,30.0,25.0,83.33,13.0,3.0,23.08,1.0,0.0,0.0,Zachary,Athekame,2004-12-13,21.74,143.0,13.0,Defender,Full Back,ac6r3yi7rzqlcih7qw86jsro4,121le8unjfzug3iu9pgkqa1c7,Lyon,Olympique Lyonnais,Lyon,OL,622748,ac6r3yi7rzqlcih7qw86jsro4,143,121le8unjfzug3iu9pgkqa1c7
Zoumana Diallo,578498.0,1.0,60.0,0.0,0.01,-0.01,1.0,0.0,0.0,0.01,Zoumana,Diallo,2005-02-02,21.6,1395.0,44.0,Forward,0,z09ing18tkgqtubdfw4c43dg,bx0cdmzr2gwr70ez72dorx82p,OGC Nice Côte d'Azur,Nice,Nice,NIC,1.0,8.81,0.0,-8.715,0.0,0.0,0.0,0.0,8.81,0.0,0.0,0.0,0.0,0.0,1.0,4.0,0.0,0.0,5.0,2.0,40.0,,,,,,,,,,578498.0,60.0,1.0,0.0,0.0,0.0,0.0,0.019,0.019,0.0,0.0,Zoumana,Diallo,2005-02-02,21.6,1395.0,44.0,Forward,0,z09ing18tkgqtubdfw4c43dg,bx0cdmzr2gwr70ez72dorx82p,OGC Nice Côte d'Azur,Nice,Nice,NIC,578498.0,60.0,1.0,15.0,13.0,86.67,10.0,8.0,80.0,0.0,0.0,0.0,0.0,0.0,0.0,Zoumana,Diallo,2005-02-02,21.6,1395.0,44.0,Forward,0,z09ing18tkgqtubdfw4c43dg,bx0cdmzr2gwr70ez72dorx82p,OGC Nice Côte d'Azur,Nice,Nice,NIC,578498,z09ing18tkgqtubdfw4c43dg,1395,bx0cdmzr2gwr70ez72dorx82p
