match_id,match_date,match_round,league_name,home_team,home_team_id,away_team,away_team_id,player_id,player_name,team_name,team_id,is_goalkeeper,FotMob rating,Minutes played,Goals,Assists,Expected goals (xG),Expected goals on target (xGOT),Expected assists (xA),xG + xA,Total shots,Accurate passes,Passes attempted,Chances created,Shots on target,Shots off target,Shot accuracy,Shots taken,Defensive actions,Touches,Touches in opposition box,Passes into final third,Dispossessed,Offsides,xG Non-penalty,Tackles,Blocks,Clearances,Interceptions,Recoveries,Dribbled past,Ground duels won,Ground duels,Aerial duels won,Aerial duels,Was fouled,Fouls committed,Duels won,Duels lost,Saves,Goals conceded,xGOT faced,Goals prevented,Accurate long balls,Long balls attempted,Diving save,Saves inside box,Acted as sweeper,Punches,Throws,High claim,Big chances created,Accurate crosses,Crosses attempted,Headed clearance,Blocked shots,Successful dribbles,Dribbles attempted,Corners,Big chances missed,Clearance off the line,Error led to goal,Penalties won,Conceded penalty,Last man tackle,Hit woodwork
5802901,2026-08-23T13:00:00.000Z,1,Ligue 1,Angers,8121,Lille,8639,46469,Olivier Giroud,Lille,8639,False,7.34,63.0,1.0,0.0,0.06,0.09,0.01,0.06999999999999999,1.0,3.0,6.0,0.0,1.0,0.0,1.0,1.0,0.0,16.0,1.0,1.0,1.0,1.0,0.06,0.0,0.0,0.0,0.0,1.0,0.0,1.0,2.0,1.0,3.0,1.0,0.0,2.0,3.0,0.0,0.0,0.0,0.0,0.0,0.0,0.0,0.0,0.0,0.0,0.0,0.0,0.0,0.0,0.0,0.0,0.0,0.0,0.0,0.0,0.0,0.0,0.0,0.0,0.0,0.0,0.0
5802901,2026-08-23T13:00:00.000Z,1,Ligue 1,Angers,8121,Lille,8639,167035,Anthony Lopes,Angers,8121,True,7.56,90.0,0.0,0.0,0.0,0.0,0.0,0.0,0.0,31.0,35.0,0.0,0.0,0.0,0.0,0.0,1.0,47.0,0.0,2.0,0.0,0.0,0.0,1.0,0.0,0.0,0.0,13.0,0.0,1.0,1.0,0.0,0.0,0.0,0.0,1.0,0.0,6.0,2.0,1.83,-0.17,9.0,12.0,4.0,5.0,2.0,0.0,5.0,0.0,0.0,0.0,0.0,0.0,0.0,0.0,0.0,0.0,0.0,0.0,0.0,0.0,0.0,0.0,0.0
5802901,2026-08-23T13:00:00.000Z,1,Ligue 1,Angers,8121,Lille,8639,492116,Jordan Lefort,Angers,8121,False,6.93,90.0,0.0,0.0,0.0,0.0,0.13,0.13,0.0,63.0,73.0,2.0,0.0,0.0,0.0,0.0,6.0,86.0,1.0,12.0,0.0,0.0,0.0,1.0,0.0,4.0,1.0,7.0,1.0,2.0,5.0,2.0,3.0,1.0,2.0,4.0,4.0,0.0,0.0,0.0,0.0,10.0,14.0,0.0,0.0,0.0,0.0,0.0,0.0,1.0,0.0,3.0,2.0,0.0,0.0,0.0,0.0,0.0,0.0,0.0,0.0,0.0,0.0,0.0
5802901,2026-08-23T13:00:00.000Z,1,Ligue 1,Angers,8121,Lille,8639,500520,Nabil Bentaleb,Lille,8639,False,8.25,90.0,0.0,1.0,0.1,0.08,0.15,0.25,2.0,52.0,61.0,2.0,1.0,0.0,1.0,1.0,4.0,72.0,0.0,13.0,0.0,0.0,0.1,1.0,0.0,3.0,0.0,8.0,1.0,2.0,4.0,1.0,2.0,1.0,0.0,3.0,3.0,0.0,0.0,0.0,0.0,3.0,5.0,0.0,0.0,0.0,0.0,0.0,0.0,0.0,0.0,0.0,1.0,1.0,0.0,1.0,0.0,0.0,0.0,0.0,0.0,0.0,0.0,0.0
5802901,2026-08-23T13:00:00.000Z,1,Ligue 1,Angers,8121,Lille,8639,505059,Branco van den Boomen,Angers,8121,False,6.69,90.0,0.0,0.0,0.0,0.0,0.24,0.24,0.0,58.0,68.0,2.0,0.0,0.0,0.0,0.0,5.0,89.0,1.0,12.0,0.0,0.0,0.0,3.0,0.0,1.0,1.0,3.0,2.0,3.0,6.0,0.0,0.0,0.0,1.0,3.0,3.0,0.0,0.0,0.0,0.0,9.0,12.0,0.0,0.0,0.0,0.0,0.0,0.0,0.0,3.0,11.0,0.0,0.0,0.0,0.0,7.0,0.0,0.0,0.0,0.0,0.0,0.0,0.0
5802901,2026-08-23T13:00:00.000Z,1,Ligue 1,Angers,8121,Lille,8639,622137,Calvin Verdonk,Lille,8639,False,6.19,14.0,0.0,0.0,0.0,0.0,0.0,0.0,0.0,0.0,0.0,0.0,0.0,0.0,0.0,0.0,3.0,7.0,0.0,0.0,0.0,0.0,0.0,0.0,0.0,3.0,0.0,0.0,0.0,0.0,0.0,0.0,0.0,0.0,0.0,0.0,0.0,0.0,0.0,0.0,0.0,0.0,0.0,0.0,0.0,0.0,0.0,0.0,0.0,0.0,0.0,0.0,2.0,0.0,0.0,0.0,0.0,0.0,0.0,0.0,0.0,0.0,0.0,0.0
5802901,2026-08-23T13:00:00.000Z,1,Ligue 1,Angers,8121,Lille,8639,634110,Carlens Arcus,Angers,8121,False,0.0,5.0,0.0,0.0,0.0,0.0,0.1,0.1,0.0,6.0,6.0,1.0,0.0,0.0,0.0,0.0,0.0,10.0,1.0,0.0,0.0,0.0,0.0,0.0,0.0,0.0,0.0,0.0,0.0,0.0,0.0,0.0,0.0,0.0,0.0,0.0,0.0,0.0,0.0,0.0,0.0,0.0,0.0,0.0,0.0,0.0,0.0,0.0,0.0,0.0,1.0,1.0,0.0,0.0,0.0,0.0,0.0,0.0,0.0,0.0,0.0,0.0,0.0,0.0
5802901,2026-08-23T13:00:00.000Z,1,Ligue 1,Angers,8121,Lille,8639,708435,Gaëtan Perrin,Lille,8639,False,6.51,27.0,0.0,0.0,0.0,0.0,0.01,0.01,0.0,8.0,9.0,0.0,0.0,0.0,0.0,0.0,0.0,11.0,1.0,1.0,0.0,0.0,0.0,0.0,0.0,0.0,0.0,2.0,0.0,1.0,1.0,1.0,2.0,0.0,0.0,2.0,1.0,0.0,0.0,0.0,0.0,0.0,0.0,0.0,0.0,0.0,0.0,0.0,0.0,0.0,0.0,0.0,0.0,0.0,1.0,1.0,0.0,0.0,0.0,0.0,0.0,0.0,0.0,0.0
5802901,2026-08-23T13:00:00.000Z,1,Ligue 1,Angers,8121,Lille,8639,815465,Romain Perraud,Lille,8639,False,7.51,76.0,0.0,0.0,0.03,0.0,0.04,0.07,1.0,23.0,31.0,1.0,0.0,0.0,0.0,0.0,8.0,57.0,2.0,1.0,0.0,0.0,0.03,1.0,2.0,5.0,0.0,5.0,0.0,3.0,4.0,1.0,4.0,0.0,1.0,4.0,4.0,0.0,0.0,0.0,0.0,1.0,3.0,0.0,0.0,0.0,0.0,0.0,0.0,0.0,2.0,4.0,1.0,1.0,2.0,2.0,0.0,0.0,0.0,0.0,0.0,0.0,0.0,0.0
5802901,2026-08-23T13:00:00.000Z,1,Ligue 1,Angers,8121,Lille,8639,815912,Berke Özer,Lille,8639,True,7.75,90.0,0.0,0.0,0.0,0.0,0.0,0.0,0.0,25.0,39.0,0.0,0.0,0.0,0.0,0.0,0.0,44.0,0.0,10.0,0.0,0.0,0.0,0.0,0.0,0.0,0.0,7.0,0.0,0.0,0.0,0.0,0.0,0.0,0.0,0.0,0.0,2.0,0.0,0.7,0.7,7.0,21.0,1.0,2.0,0.0,0.0,2.0,1.0,0.0,0.0,0.0,0.0,0.0,0.0,0.0,0.0,0.0,0.0,0.0,0.0,0.0,0.0,0.0
5802901,2026-08-23T13:00:00.000Z,1,Ligue 1,Angers,8121,Lille,8639,841705,Arnaud Bodart,Lille,8639,True,0.0,0.0,0.0,0.0,0.0,0.0,0.0,0.0,0.0,0.0,0.0,0.0,0.0,0.0,0.0,0.0,0.0,0.0,0.0,0.0,0.0,0.0,0.0,0.0,0.0,0.0,0.0,0.0,0.0,0.0,0.0,0.0,0.0,0.0,0.0,0.0,0.0,0.0,0.0,0.0,0.0,0.0,0.0,0.0,0.0,0.0,0.0,0.0,0.0,0.0,0.0,0.0,0.0,0.0,0.0,0.0,0.0,0.0,0.0,0.0,0.0,0.0,0.0,0.0
5802901,2026-08-23T13:00:00.000Z,1,Ligue 1,Angers,8121,Lille,8639,942358,Félix Correia,Lille,8639,False,6.51,33.0,0.0,0.0,0.0,0.0,0.0,0.0,0.0,9.0,10.0,0.0,0.0,0.0,0.0,0.0,5.0,18.0,0.0,2.0,0.0,1.0,0.0,0.0,1.0,2.0,2.0,2.0,0.0,1.0,3.0,0.0,0.0,1.0,1.0,1.0,2.0,0.0,0.0,0.0,0.0,0.0,1.0,0.0,0.0,0.0,0.0,0.0,0.0,0.0,0.0,0.0,1.0,0.0,0.0,1.0,0.0,0.0,0.0,0.0,0.0,0.0,0.0,0.0
5802901,2026-08-23T13:00:00.000Z,1,Ligue 1,Angers,8121,Lille,8639,988160,Osame Sahraoui,Lille,8639,False,6.13,27.0,0.0,0.0,0.0,0.0,0.03,0.03,0.0,8.0,8.0,0.0,0.0,0.0,0.0,0.0,0.0,11.0,1.0,0.0,1.0,0.0,0.0,0.0,0.0,0.0,0.0,0.0,0.0,1.0,2.0,0.0,0.0,1.0,0.0,1.0,1.0,0.0,0.0,0.0,0.0,0.0,0.0,0.0,0.0,0.0,0.0,0.0,0.0,0.0,0.0,0.0,0.0,0.0,0.0,0.0,0.0,0.0,0.0,0.0,0.0,0.0,0.0,0.0
5802901,2026-08-23T13:00:00.000Z,1,Ligue 1,Angers,8121,Lille,8639,1011026,Jim Allevinah,Angers,8121,False,6.5,73.0,0.0,0.0,0.17,0.0,0.01,0.18000000000000002,3.0,15.0,18.0,0.0,0.0,1.0,0.0,1.0,2.0,37.0,5.0,0.0,0.0,0.0,0.17,2.0,0.0,0.0,0.0,5.0,0.0,4.0,5.0,2.0,2.0,2.0,0.0,6.0,1.0,0.0,0.0,0.0,0.0,1.0,1.0,0.0,0.0,0.0,0.0,0.0,0.0,0.0,0.0,2.0,0.0,2.0,0.0,1.0,0.0,0.0,0.0,0.0,0.0,0.0,0.0,0.0
5802901,2026-08-23T13:00:00.000Z,1,Ligue 1,Angers,8121,Lille,8639,1044470,Hákon Arnar Haraldsson,Lille,8639,False,7.58,76.0,0.0,0.0,0.34,0.51,0.24,0.5800000000000001,3.0,24.0,27.0,2.0,3.0,0.0,3.0,3.0,6.0,44.0,5.0,2.0,2.0,0.0,0.34,0.0,0.0,5.0,1.0,5.0,1.0,2.0,10.0,1.0,1.0,1.0,4.0,3.0,8.0,0.0,0.0,0.0,0.0,1.0,1.0,0.0,0.0,0.0,0.0,0.0,0.0,1.0,0.0,0.0,3.0,0.0,1.0,2.0,0.0,0.0,0.0,0.0,0.0,0.0,0.0,0.0
5802901,2026-08-23T13:00:00.000Z,1,Ligue 1,Angers,8121,Lille,8639,1123505,Amine El Ouazzani,Angers,8121,False,5.8,73.0,0.0,0.0,0.26,0.0,0.01,0.27,3.0,14.0,17.0,0.0,0.0,1.0,0.0,1.0,0.0,29.0,4.0,0.0,3.0,0.0,0.26,0.0,0.0,0.0,0.0,1.0,1.0,3.0,7.0,2.0,3.0,2.0,0.0,5.0,5.0,0.0,0.0,0.0,0.0,1.0,1.0,0.0,0.0,0.0,0.0,0.0,0.0,0.0,0.0,0.0,0.0,2.0,1.0,1.0,0.0,0.0,0.0,0.0,0.0,0.0,0.0,0.0
5802901,2026-08-23T13:00:00.000Z,1,Ligue 1,Angers,8121,Lille,8639,1169692,Usman Simbakoli,Angers,8121,False,6.24,17.0,0.0,0.0,0.16,0.0,0.01,0.17,3.0,1.0,2.0,1.0,0.0,3.0,0.0,3.0,0.0,7.0,2.0,1.0,1.0,0.0,0.16,0.0,0.0,0.0,0.0,2.0,1.0,1.0,5.0,2.0,2.0,0.0,2.0,3.0,4.0,0.0,0.0,0.0,0.0,1.0,1.0,0.0,0.0,0.0,0.0,0.0,0.0,0.0,0.0,0.0,0.0,0.0,1.0,1.0,0.0,0.0,0.0,0.0,0.0,0.0,0.0,0.0
5802901,2026-08-23T13:00:00.000Z,1,Ligue 1,Angers,8121,Lille,8639,1177482,Melvin Zinga,Angers,8121,True,0.0,0.0,0.0,0.0,0.0,0.0,0.0,0.0,0.0,0.0,0.0,0.0,0.0,0.0,0.0,0.0,0.0,0.0,0.0,0.0,0.0,0.0,0.0,0.0,0.0,0.0,0.0,0.0,0.0,0.0,0.0,0.0,0.0,0.0,0.0,0.0,0.0,0.0,0.0,0.0,0.0,0.0,0.0,0.0,0.0,0.0,0.0,0.0,0.0,0.0,0.0,0.0,0.0,0.0,0.0,0.0,0.0,0.0,0.0,0.0,0.0,0.0,0.0,0.0
5802901,2026-08-23T13:00:00.000Z,1,Ligue 1,Angers,8121,Lille,8639,1178325,Ousmane Camara,Angers,8121,False,6.55,90.0,0.0,0.0,0.0,0.0,0.07,0.07,0.0,61.0,64.0,1.0,0.0,0.0,0.0,0.0,10.0,76.0,0.0,2.0,0.0,0.0,0.0,1.0,2.0,6.0,1.0,4.0,0.0,1.0,1.0,0.0,1.0,0.0,0.0,1.0,1.0,0.0,0.0,0.0,0.0,0.0,1.0,0.0,0.0,0.0,0.0,0.0,0.0,0.0,0.0,0.0,3.0,0.0,0.0,0.0,0.0,0.0,0.0,0.0,0.0,0.0,0.0,0.0
5802901,2026-08-23T13:00:00.000Z,1,Ligue 1,Angers,8121,Lille,8639,1186553,Alexsandro Ribeiro,Lille,8639,False,7.63,90.0,0.0,0.0,0.0,0.0,0.01,0.01,0.0,42.0,46.0,0.0,0.0,0.0,0.0,0.0,17.0,64.0,0.0,5.0,0.0,0.0,0.0,3.0,3.0,10.0,1.0,1.0,0.0,4.0,5.0,2.0,4.0,1.0,1.0,6.0,3.0,0.0,0.0,0.0,0.0,3.0,6.0,0.0,0.0,0.0,0.0,0.0,0.0,0.0,0.0,0.0,6.0,0.0,0.0,0.0,0.0,0.0,0.0,0.0,0.0,0.0,0.0,0.0
5802901,2026-08-23T13:00:00.000Z,1,Ligue 1,Angers,8121,Lille,8639,1242587,Amine Sbaï,Angers,8121,False,7.68,90.0,0.0,0.0,0.23,0.0,0.9,1.1300000000000001,3.0,25.0,36.0,9.0,0.0,0.0,0.0,0.0,0.0,58.0,8.0,6.0,2.0,1.0,0.23,0.0,0.0,0.0,0.0,4.0,0.0,5.0,8.0,1.0,1.0,4.0,0.0,6.0,3.0,0.0,0.0,0.0,0.0,1.0,3.0,0.0,0.0,0.0,0.0,0.0,0.0,3.0,5.0,9.0,0.0,3.0,1.0,2.0,1.0,0.0,0.0,0.0,0.0,0.0,0.0,0.0
5802901,2026-08-23T13:00:00.000Z,1,Ligue 1,Angers,8121,Lille,8639,1252070,Nathan Ngoy,Lille,8639,False,7.5,90.0,0.0,0.0,0.0,0.0,0.0,0.0,0.0,36.0,43.0,0.0,0.0,0.0,0.0,0.0,16.0,68.0,1.0,5.0,1.0,0.0,0.0,2.0,1.0,11.0,2.0,2.0,0.0,4.0,8.0,0.0,1.0,1.0,2.0,4.0,5.0,0.0,0.0,0.0,0.0,3.0,8.0,0.0,0.0,0.0,0.0,0.0,0.0,0.0,0.0,0.0,5.0,0.0,1.0,2.0,0.0,0.0,0.0,0.0,0.0,0.0,0.0,0.0
5802901,2026-08-23T13:00:00.000Z,1,Ligue 1,Angers,8121,Lille,8639,1327156,Jacques Ekomié,Angers,8121,False,6.34,90.0,0.0,0.0,0.07,0.0,0.01,0.08,2.0,25.0,30.0,0.0,0.0,2.0,0.0,2.0,6.0,55.0,2.0,3.0,1.0,0.0,0.07,3.0,0.0,1.0,2.0,2.0,2.0,4.0,10.0,1.0,1.0,0.0,2.0,5.0,6.0,0.0,0.0,0.0,0.0,0.0,1.0,0.0,0.0,0.0,0.0,0.0,0.0,0.0,0.0,3.0,1.0,0.0,1.0,2.0,0.0,0.0,0.0,0.0,0.0,0.0,0.0,0.0
5802901,2026-08-23T13:00:00.000Z,1,Ligue 1,Angers,8121,Lille,8639,1347229,Basar Önal,Lille,8639,False,6.38,57.0,0.0,0.0,0.0,0.0,0.01,0.01,0.0,11.0,19.0,0.0,0.0,0.0,0.0,0.0,2.0,29.0,1.0,3.0,1.0,0.0,0.0,2.0,0.0,0.0,0.0,2.0,3.0,3.0,9.0,0.0,2.0,1.0,1.0,3.0,8.0,0.0,0.0,0.0,0.0,0.0,1.0,0.0,0.0,0.0,0.0,0.0,0.0,0.0,1.0,2.0,0.0,0.0,0.0,1.0,1.0,0.0,0.0,0.0,0.0,0.0,0.0,0.0
5802901,2026-08-23T13:00:00.000Z,1,Ligue 1,Angers,8121,Lille,8639,1347791,Yassin Belkhdim,Angers,8121,False,6.63,85.0,0.0,0.0,0.0,0.0,0.01,0.01,0.0,35.0,39.0,2.0,0.0,0.0,0.0,0.0,5.0,52.0,2.0,4.0,0.0,0.0,0.0,0.0,1.0,1.0,3.0,2.0,1.0,1.0,4.0,0.0,1.0,1.0,1.0,1.0,4.0,0.0,0.0,0.0,0.0,3.0,4.0,0.0,0.0,0.0,0.0,0.0,0.0,0.0,1.0,2.0,0.0,0.0,0.0,1.0,0.0,0.0,0.0,0.0,0.0,0.0,0.0,0.0
5802901,2026-08-23T13:00:00.000Z,1,Ligue 1,Angers,8121,Lille,8639,1397857,Tiago Santos,Lille,8639,False,8.35,90.0,1.0,0.0,0.31,0.88,0.02,0.33,2.0,19.0,21.0,0.0,2.0,0.0,2.0,2.0,7.0,48.0,8.0,1.0,1.0,0.0,0.31,3.0,0.0,1.0,3.0,1.0,0.0,6.0,8.0,0.0,1.0,1.0,1.0,6.0,3.0,0.0,0.0,0.0,0.0,0.0,0.0,0.0,0.0,0.0,0.0,0.0,0.0,0.0,0.0,2.0,0.0,0.0,2.0,2.0,0.0,0.0,0.0,0.0,0.0,0.0,0.0,0.0
5802901,2026-08-23T13:00:00.000Z,1,Ligue 1,Angers,8121,Lille,8639,1426809,Ethan Mbappé,Lille,8639,False,7.16,63.0,0.0,0.0,0.41,0.26,0.04,0.44999999999999996,2.0,19.0,23.0,1.0,1.0,0.0,1.0,1.0,3.0,38.0,4.0,1.0,1.0,0.0,0.41,1.0,1.0,0.0,1.0,3.0,1.0,5.0,7.0,0.0,1.0,2.0,0.0,5.0,3.0,0.0,0.0,0.0,0.0,0.0,1.0,0.0,0.0,0.0,0.0,0.0,0.0,0.0,1.0,2.0,0.0,1.0,2.0,2.0,2.0,1.0,0.0,0.0,0.0,0.0,0.0,0.0
5802901,2026-08-23T13:00:00.000Z,1,Ligue 1,Angers,8121,Lille,8639,1428153,Ngal Ayel Mukau,Lille,8639,False,7.33,90.0,0.0,0.0,0.0,0.0,0.06,0.06,0.0,33.0,37.0,0.0,0.0,0.0,0.0,0.0,4.0,46.0,1.0,3.0,1.0,0.0,0.0,2.0,0.0,1.0,1.0,10.0,1.0,2.0,6.0,0.0,0.0,0.0,2.0,2.0,4.0,0.0,0.0,0.0,0.0,1.0,2.0,0.0,0.0,0.0,0.0,0.0,0.0,0.0,0.0,0.0,1.0,0.0,0.0,0.0,0.0,0.0,0.0,0.0,0.0,0.0,0.0,0.0
5802901,2026-08-23T13:00:00.000Z,1,Ligue 1,Angers,8121,Lille,8639,1428420,Emmanuel Biumla,Angers,8121,False,0.0,0.0,0.0,0.0,0.0,0.0,0.0,0.0,0.0,0.0,0.0,0.0,0.0,0.0,0.0,0.0,0.0,0.0,0.0,0.0,0.0,0.0,0.0,0.0,0.0,0.0,0.0,0.0,0.0,0.0,0.0,0.0,0.0,0.0,0.0,0.0,0.0,0.0,0.0,0.0,0.0,0.0,0.0,0.0,0.0,0.0,0.0,0.0,0.0,0.0,0.0,0.0,0.0,0.0,0.0,0.0,0.0,0.0,0.0,0.0,0.0,0.0,0.0,0.0
5802901,2026-08-23T13:00:00.000Z,1,Ligue 1,Angers,8121,Lille,8639,1431818,Lilian Rao-Lisoa,Angers,8121,False,7.64,85.0,0.0,0.0,0.04,0.0,0.05,0.09,1.0,35.0,46.0,0.0,0.0,1.0,0.0,1.0,14.0,91.0,0.0,2.0,0.0,0.0,0.04,2.0,0.0,6.0,6.0,5.0,1.0,7.0,8.0,2.0,2.0,2.0,0.0,9.0,1.0,0.0,0.0,0.0,0.0,7.0,9.0,0.0,0.0,0.0,0.0,0.0,0.0,0.0,3.0,9.0,3.0,0.0,3.0,3.0,0.0,0.0,0.0,0.0,0.0,0.0,0.0,0.0
5802901,2026-08-23T13:00:00.000Z,1,Ligue 1,Angers,8121,Lille,8639,1573544,Anthony Bermont,Angers,8121,False,5.91,57.0,0.0,0.0,0.19,0.0,0.02,0.21,2.0,14.0,17.0,0.0,0.0,1.0,0.0,1.0,1.0,28.0,3.0,2.0,2.0,1.0,0.19,1.0,0.0,0.0,0.0,2.0,0.0,1.0,6.0,2.0,3.0,0.0,2.0,3.0,6.0,0.0,0.0,0.0,0.0,1.0,2.0,0.0,0.0,0.0,0.0,0.0,0.0,0.0,0.0,0.0,0.0,1.0,0.0,1.0,0.0,1.0,0.0,0.0,0.0,0.0,0.0,0.0
5802901,2026-08-23T13:00:00.000Z,1,Ligue 1,Angers,8121,Lille,8639,1603990,Noah Edjouma,Lille,8639,False,0.0,0.0,0.0,0.0,0.0,0.0,0.0,0.0,0.0,0.0,0.0,0.0,0.0,0.0,0.0,0.0,0.0,0.0,0.0,0.0,0.0,0.0,0.0,0.0,0.0,0.0,0.0,0.0,0.0,0.0,0.0,0.0,0.0,0.0,0.0,0.0,0.0,0.0,0.0,0.0,0.0,0.0,0.0,0.0,0.0,0.0,0.0,0.0,0.0,0.0,0.0,0.0,0.0,0.0,0.0,0.0,0.0,0.0,0.0,0.0,0.0,0.0,0.0,0.0
5802901,2026-08-23T13:00:00.000Z,1,Ligue 1,Angers,8121,Lille,8639,1610106,Joseph Kalulu,Angers,8121,False,0.0,0.0,0.0,0.0,0.0,0.0,0.0,0.0,0.0,0.0,0.0,0.0,0.0,0.0,0.0,0.0,0.0,0.0,0.0,0.0,0.0,0.0,0.0,0.0,0.0,0.0,0.0,0.0,0.0,0.0,0.0,0.0,0.0,0.0,0.0,0.0,0.0,0.0,0.0,0.0,0.0,0.0,0.0,0.0,0.0,0.0,0.0,0.0,0.0,0.0,0.0,0.0,0.0,0.0,0.0,0.0,0.0,0.0,0.0,0.0,0.0,0.0,0.0,0.0
5802901,2026-08-23T13:00:00.000Z,1,Ligue 1,Angers,8121,Lille,8639,1660370,Loun Srdanovic,Lille,8639,False,0.0,0.0,0.0,0.0,0.0,0.0,0.0,0.0,0.0,0.0,0.0,0.0,0.0,0.0,0.0,0.0,0.0,0.0,0.0,0.0,0.0,0.0,0.0,0.0,0.0,0.0,0.0,0.0,0.0,0.0,0.0,0.0,0.0,0.0,0.0,0.0,0.0,0.0,0.0,0.0,0.0,0.0,0.0,0.0,0.0,0.0,0.0,0.0,0.0,0.0,0.0,0.0,0.0,0.0,0.0,0.0,0.0,0.0,0.0,0.0,0.0,0.0,0.0,0.0
5802901,2026-08-23T13:00:00.000Z,1,Ligue 1,Angers,8121,Lille,8639,1680590,Isaac Cossier,Lille,8639,False,6.17,14.0,0.0,0.0,0.0,0.0,0.0,0.0,0.0,4.0,4.0,0.0,0.0,0.0,0.0,0.0,3.0,9.0,0.0,0.0,0.0,0.0,0.0,1.0,0.0,2.0,0.0,0.0,0.0,1.0,1.0,0.0,1.0,0.0,0.0,1.0,1.0,0.0,0.0,0.0,0.0,0.0,0.0,0.0,0.0,0.0,0.0,0.0,0.0,0.0,0.0,0.0,1.0,0.0,0.0,0.0,0.0,0.0,0.0,0.0,0.0,0.0,0.0,0.0
5802901,2026-08-23T13:00:00.000Z,1,Ligue 1,Angers,8121,Lille,8639,1684579,Soriba Diaoune,Lille,8639,False,0.0,0.0,0.0,0.0,0.0,0.0,0.0,0.0,0.0,0.0,0.0,0.0,0.0,0.0,0.0,0.0,0.0,0.0,0.0,0.0,0.0,0.0,0.0,0.0,0.0,0.0,0.0,0.0,0.0,0.0,0.0,0.0,0.0,0.0,0.0,0.0,0.0,0.0,0.0,0.0,0.0,0.0,0.0,0.0,0.0,0.0,0.0,0.0,0.0,0.0,0.0,0.0,0.0,0.0,0.0,0.0,0.0,0.0,0.0,0.0,0.0,0.0,0.0,0.0
5802901,2026-08-23T13:00:00.000Z,1,Ligue 1,Angers,8121,Lille,8639,1748405,Prosper Peter,Angers,8121,False,5.96,33.0,0.0,0.0,0.87,0.7,0.0,0.87,3.0,4.0,5.0,0.0,2.0,1.0,2.0,3.0,0.0,11.0,3.0,0.0,1.0,0.0,0.87,0.0,0.0,0.0,0.0,0.0,0.0,0.0,1.0,1.0,2.0,0.0,0.0,1.0,2.0,0.0,0.0,0.0,0.0,1.0,1.0,0.0,0.0,0.0,0.0,0.0,0.0,0.0,0.0,0.0,0.0,0.0,0.0,0.0,0.0,3.0,0.0,0.0,0.0,0.0,0.0,0.0
5802901,2026-08-23T13:00:00.000Z,1,Ligue 1,Angers,8121,Lille,8639,1832893,Harouna Djibirin,Angers,8121,False,6.14,17.0,0.0,0.0,0.0,0.0,0.01,0.01,0.0,7.0,8.0,0.0,0.0,0.0,0.0,0.0,0.0,12.0,0.0,1.0,0.0,0.0,0.0,0.0,0.0,0.0,0.0,1.0,0.0,1.0,2.0,0.0,0.0,1.0,1.0,1.0,1.0,0.0,0.0,0.0,0.0,0.0,0.0,0.0,0.0,0.0,0.0,0.0,0.0,0.0,0.0,1.0,0.0,0.0,0.0,0.0,0.0,0.0,0.0,0.0,0.0,0.0,0.0,0.0
5802901,2026-08-23T13:00:00.000Z,1,Ligue 1,Angers,8121,Lille,8639,1946407,Mael Gernigon,Angers,8121,False,0.0,0.0,0.0,0.0,0.0,0.0,0.0,0.0,0.0,0.0,0.0,0.0,0.0,0.0,0.0,0.0,0.0,0.0,0.0,0.0,0.0,0.0,0.0,0.0,0.0,0.0,0.0,0.0,0.0,0.0,0.0,0.0,0.0,0.0,0.0,0.0,0.0,0.0,0.0,0.0,0.0,0.0,0.0,0.0,0.0,0.0,0.0,0.0,0.0,0.0,0.0,0.0,0.0,0.0,0.0,0.0,0.0,0.0,0.0,0.0,0.0,0.0,0.0,0.0
5802901,2026-08-23T13:00:00.000Z,1,Ligue 1,Angers,8121,Lille,8639,1958964,Bane Diatta,Angers,8121,False,0.0,5.0,0.0,0.0,0.0,0.0,0.0,0.0,0.0,6.0,8.0,0.0,0.0,0.0,0.0,0.0,0.0,11.0,2.0,0.0,1.0,0.0,0.0,0.0,0.0,0.0,0.0,0.0,0.0,0.0,1.0,0.0,1.0,0.0,0.0,0.0,2.0,0.0,0.0,0.0,0.0,0.0,0.0,0.0,0.0,0.0,0.0,0.0,0.0,0.0,0.0,0.0,0.0,0.0,0.0,0.0,0.0,0.0,0.0,0.0,0.0,0.0,0.0,0.0
5802902,2026-08-23T15:15:00.000Z,1,Ligue 1,Le Havre,9746,Monaco,9829,66757,Lukás Hrádecky,Monaco,9829,True,7.94,90.0,0.0,0.0,0.0,0.0,0.0,0.0,0.0,17.0,24.0,0.0,0.0,0.0,0.0,0.0,4.0,34.0,0.0,1.0,0.0,0.0,0.0,0.0,0.0,4.0,0.0,9.0,0.0,0.0,0.0,0.0,0.0,0.0,0.0,0.0,0.0,3.0,0.0,0.82,0.82,3.0,10.0,1.0,2.0,0.0,2.0,3.0,0.0,0.0,0.0,0.0,0.0,0.0,0.0,0.0,0.0,0.0,0.0,0.0,0.0,0.0,0.0,0.0
5802902,2026-08-23T15:15:00.000Z,1,Ligue 1,Le Havre,9746,Monaco,9829,210443,Vincent Sasso,Le Havre,9746,False,6.87,90.0,0.0,0.0,0.0,0.0,0.01,0.01,0.0,48.0,56.0,0.0,0.0,0.0,0.0,0.0,5.0,67.0,3.0,8.0,0.0,0.0,0.0,2.0,0.0,3.0,0.0,6.0,0.0,2.0,4.0,2.0,3.0,0.0,2.0,4.0,3.0,0.0,0.0,0.0,0.0,0.0,2.0,0.0,0.0,0.0,0.0,0.0,0.0,0.0,0.0,0.0,2.0,0.0,0.0,0.0,0.0,0.0,0.0,0.0,0.0,0.0,0.0,0.0
5802902,2026-08-23T15:15:00.000Z,1,Ligue 1,Le Havre,9746,Monaco,9829,361315,Eric Dier,Monaco,9829,False,8.58,90.0,1.0,0.0,0.13,0.28,0.0,0.13,1.0,34.0,42.0,0.0,1.0,0.0,1.0,1.0,13.0,59.0,1.0,3.0,1.0,0.0,0.13,2.0,1.0,10.0,0.0,4.0,0.0,4.0,5.0,4.0,4.0,0.0,0.0,8.0,1.0,0.0,0.0,0.0,0.0,2.0,5.0,0.0,0.0,0.0,0.0,0.0,0.0,0.0,0.0,0.0,6.0,0.0,2.0,2.0,0.0,0.0,0.0,0.0,0.0,0.0,0.0,0.0
5802902,2026-08-23T15:15:00.000Z,1,Ligue 1,Le Havre,9746,Monaco,9829,437329,Mbwana Samatta,Le Havre,9746,False,6.09,70.0,0.0,0.0,0.1,0.08,0.02,0.12000000000000001,2.0,5.0,8.0,1.0,1.0,0.0,1.0,1.0,0.0,17.0,3.0,0.0,2.0,1.0,0.1,0.0,0.0,0.0,0.0,1.0,0.0,2.0,4.0,1.0,3.0,1.0,0.0,3.0,4.0,0.0,0.0,0.0,0.0,1.0,1.0,0.0,0.0,0.0,0.0,0.0,0.0,0.0,0.0,0.0,0.0,1.0,1.0,1.0,0.0,0.0,0.0,0.0,0.0,0.0,0.0,0.0
5802902,2026-08-23T15:15:00.000Z,1,Ligue 1,Le Havre,9746,Monaco,9829,466436,Mory Diaw,Le Havre,9746,True,0.0,0.0,0.0,0.0,0.0,0.0,0.0,0.0,0.0,0.0,0.0,0.0,0.0,0.0,0.0,0.0,0.0,0.0,0.0,0.0,0.0,0.0,0.0,0.0,0.0,0.0,0.0,0.0,0.0,0.0,0.0,0.0,0.0,0.0,0.0,0.0,0.0,0.0,0.0,0.0,0.0,0.0,0.0,0.0,0.0,0.0,0.0,0.0,0.0,0.0,0.0,0.0,0.0,0.0,0.0,0.0,0.0,0.0,0.0,0.0,0.0,0.0,0.0,0.0
5802902,2026-08-23T15:15:00.000Z,1,Ligue 1,Le Havre,9746,Monaco,9829,586388,Aleksandr Golovin,Monaco,9829,False,7.54,90.0,0.0,0.0,0.24,0.36,0.11,0.35,2.0,25.0,31.0,2.0,2.0,0.0,2.0,2.0,5.0,48.0,6.0,3.0,1.0,0.0,0.24,3.0,0.0,1.0,1.0,4.0,0.0,3.0,4.0,0.0,0.0,0.0,0.0,3.0,1.0,0.0,0.0,0.0,0.0,1.0,3.0,0.0,0.0,0.0,0.0,0.0,0.0,0.0,0.0,2.0,0.0,0.0,0.0,0.0,0.0,1.0,0.0,0.0,0.0,0.0,0.0,0.0
5802902,2026-08-23T15:15:00.000Z,1,Ligue 1,Le Havre,9746,Monaco,9829,598355,Denis Zakaria,Monaco,9829,False,7.74,90.0,0.0,0.0,0.02,0.0,0.03,0.05,1.0,23.0,27.0,0.0,0.0,1.0,0.0,1.0,8.0,50.0,3.0,3.0,0.0,0.0,0.02,3.0,2.0,2.0,1.0,3.0,0.0,8.0,9.0,0.0,2.0,3.0,0.0,8.0,3.0,0.0,0.0,0.0,0.0,0.0,1.0,0.0,0.0,0.0,0.0,0.0,0.0,0.0,0.0,1.0,1.0,0.0,2.0,3.0,0.0,0.0,0.0,0.0,0.0,0.0,0.0,0.0
5802902,2026-08-23T15:15:00.000Z,1,Ligue 1,Le Havre,9746,Monaco,9829,604088,Thilo Kehrer,Monaco,9829,False,0.0,1.0,0.0,0.0,0.0,0.0,0.0,0.0,0.0,0.0,1.0,0.0,0.0,0.0,0.0,0.0,1.0,2.0,0.0,0.0,0.0,0.0,0.0,0.0,0.0,1.0,0.0,0.0,1.0,0.0,1.0,1.0,1.0,0.0,0.0,1.0,1.0,0.0,0.0,0.0,0.0,0.0,0.0,0.0,0.0,0.0,0.0,0.0,0.0,0.0,0.0,0.0,1.0,0.0,0.0,0.0,0.0,0.0,0.0,0.0,0.0,0.0,0.0,0.0
5802902,2026-08-23T15:15:00.000Z,1,Ligue 1,Le Havre,9746,Monaco,9829,791805,Josh Maja,Le Havre,9746,False,6.22,20.0,0.0,0.0,0.0,0.0,0.02,0.02,0.0,8.0,8.0,2.0,0.0,0.0,0.0,0.0,0.0,11.0,1.0,0.0,1.0,0.0,0.0,0.0,0.0,0.0,0.0,2.0,0.0,0.0,1.0,0.0,1.0,0.0,0.0,0.0,2.0,0.0,0.0,0.0,0.0,0.0,0.0,0.0,0.0,0.0,0.0,0.0,0.0,0.0,0.0,0.0,0.0,0.0,0.0,0.0,0.0,0.0,0.0,0.0,0.0,0.0,0.0,0.0
5802902,2026-08-23T15:15:00.000Z,1,Ligue 1,Le Havre,9746,Monaco,9829,857120,Ayumu Seko,Le Havre,9746,False,7.05,90.0,0.0,0.0,0.0,0.0,0.03,0.03,0.0,36.0,45.0,0.0,0.0,0.0,0.0,0.0,13.0,63.0,1.0,6.0,0.0,0.0,0.0,1.0,1.0,7.0,4.0,3.0,1.0,1.0,2.0,2.0,3.0,0.0,0.0,3.0,2.0,0.0,0.0,0.0,0.0,2.0,6.0,0.0,0.0,0.0,0.0,0.0,0.0,0.0,0.0,0.0,3.0,0.0,0.0,0.0,0.0,0.0,0.0,0.0,0.0,0.0,0.0,0.0
5802902,2026-08-23T15:15:00.000Z,1,Ligue 1,Le Havre,9746,Monaco,9829,872934,Philipp Köhn,Monaco,9829,True,0.0,0.0,0.0,0.0,0.0,0.0,0.0,0.0,0.0,0.0,0.0,0.0,0.0,0.0,0.0,0.0,0.0,0.0,0.0,0.0,0.0,0.0,0.0,0.0,0.0,0.0,0.0,0.0,0.0,0.0,0.0,0.0,0.0,0.0,0.0,0.0,0.0,0.0,0.0,0.0,0.0,0.0,0.0,0.0,0.0,0.0,0.0,0.0,0.0,0.0,0.0,0.0,0.0,0.0,0.0,0.0,0.0,0.0,0.0,0.0,0.0,0.0,0.0,0.0
5802902,2026-08-23T15:15:00.000Z,1,Ligue 1,Le Havre,9746,Monaco,9829,912286,Lionel Mpasi-Nzau,Le Havre,9746,True,7.08,90.0,0.0,0.0,0.0,0.0,0.0,0.0,0.0,20.0,27.0,0.0,0.0,0.0,0.0,0.0,0.0,45.0,0.0,2.0,0.0,0.0,0.0,0.0,0.0,0.0,0.0,13.0,0.0,0.0,0.0,0.0,0.0,0.0,0.0,0.0,0.0,6.0,1.0,1.39,0.39,5.0,12.0,1.0,3.0,0.0,0.0,10.0,1.0,0.0,0.0,0.0,0.0,0.0,0.0,0.0,0.0,0.0,0.0,0.0,0.0,0.0,0.0,0.0
5802902,2026-08-23T15:15:00.000Z,1,Ligue 1,Le Havre,9746,Monaco,9829,1072117,Kaito Mizuta,Le Havre,9746,False,0.0,2.0,0.0,0.0,0.06,0.0,0.01,0.06999999999999999,1.0,5.0,7.0,0.0,0.0,1.0,0.0,1.0,1.0,11.0,0.0,0.0,0.0,0.0,0.06,1.0,0.0,0.0,0.0,0.0,0.0,1.0,1.0,0.0,0.0,0.0,0.0,1.0,0.0,0.0,0.0,0.0,0.0,0.0,0.0,0.0,0.0,0.0,0.0,0.0,0.0,0.0,0.0,2.0,0.0,0.0,0.0,0.0,1.0,0.0,0.0,0.0,0.0,0.0,0.0,0.0
5802902,2026-08-23T15:15:00.000Z,1,Ligue 1,Le Havre,9746,Monaco,9829,1073905,Rassoul Ndiaye,Le Havre,9746,False,7.0,90.0,0.0,0.0,0.12,0.0,0.06,0.18,3.0,45.0,57.0,1.0,0.0,1.0,0.0,1.0,6.0,92.0,4.0,10.0,0.0,0.0,0.12,4.0,1.0,0.0,1.0,6.0,3.0,8.0,13.0,0.0,0.0,3.0,0.0,8.0,5.0,0.0,0.0,0.0,0.0,0.0,2.0,0.0,0.0,0.0,0.0,0.0,0.0,0.0,1.0,12.0,0.0,2.0,1.0,3.0,5.0,0.0,0.0,0.0,0.0,0.0,0.0,0.0
5802902,2026-08-23T15:15:00.000Z,1,Ligue 1,Le Havre,9746,Monaco,9829,1098243,Yanis Zouaoui,Le Havre,9746,False,5.96,40.0,0.0,0.0,0.0,0.0,0.03,0.03,0.0,8.0,9.0,0.0,0.0,0.0,0.0,0.0,2.0,22.0,0.0,2.0,0.0,0.0,0.0,0.0,1.0,0.0,1.0,3.0,1.0,1.0,4.0,0.0,0.0,1.0,1.0,1.0,3.0,0.0,0.0,0.0,0.0,0.0,1.0,0.0,0.0,0.0,0.0,0.0,0.0,0.0,1.0,5.0,0.0,0.0,0.0,1.0,1.0,0.0,0.0,0.0,0.0,0.0,0.0,0.0
5802902,2026-08-23T15:15:00.000Z,1,Ligue 1,Le Havre,9746,Monaco,9829,1108603,Timothée Pembélé,Le Havre,9746,False,6.43,70.0,0.0,0.0,0.0,0.0,0.03,0.03,0.0,20.0,27.0,1.0,0.0,0.0,0.0,0.0,5.0,38.0,0.0,1.0,0.0,0.0,0.0,3.0,0.0,2.0,0.0,0.0,0.0,3.0,5.0,0.0,0.0,0.0,2.0,3.0,2.0,0.0,0.0,0.0,0.0,1.0,2.0,0.0,0.0,0.0,0.0,0.0,0.0,0.0,1.0,1.0,1.0,0.0,0.0,0.0,0.0,0.0,0.0,0.0,0.0,0.0,0.0,0.0
5802902,2026-08-23T15:15:00.000Z,1,Ligue 1,Le Havre,9746,Monaco,9829,1113809,Mika Biereth,Monaco,9829,False,6.31,33.0,0.0,0.0,0.0,0.0,0.02,0.02,0.0,4.0,7.0,0.0,0.0,0.0,0.0,0.0,1.0,16.0,0.0,3.0,1.0,1.0,0.0,1.0,0.0,0.0,0.0,1.0,0.0,3.0,4.0,1.0,3.0,2.0,0.0,4.0,3.0,0.0,0.0,0.0,0.0,0.0,1.0,0.0,0.0,0.0,0.0,0.0,0.0,0.0,0.0,1.0,0.0,0.0,0.0,0.0,0.0,0.0,0.0,0.0,0.0,0.0,0.0,0.0
5802902,2026-08-23T15:15:00.000Z,1,Ligue 1,Le Havre,9746,Monaco,9829,1180696,Fodé Doucouré,Le Havre,9746,False,5.93,70.0,0.0,0.0,0.09,0.0,0.03,0.12,2.0,18.0,25.0,1.0,0.0,2.0,0.0,2.0,0.0,37.0,2.0,3.0,2.0,0.0,0.09,0.0,0.0,0.0,0.0,1.0,0.0,1.0,4.0,0.0,0.0,1.0,1.0,1.0,3.0,0.0,0.0,0.0,0.0,1.0,3.0,0.0,0.0,0.0,0.0,0.0,0.0,0.0,0.0,2.0,0.0,0.0,0.0,0.0,0.0,0.0,0.0,0.0,0.0,0.0,0.0,0.0
5802902,2026-08-23T15:15:00.000Z,1,Ligue 1,Le Havre,9746,Monaco,9829,1207992,Vanderson,Monaco,9829,False,7.93,89.0,0.0,0.0,0.01,0.0,0.15,0.16,1.0,45.0,64.0,1.0,0.0,0.0,0.0,0.0,9.0,91.0,4.0,9.0,1.0,0.0,0.01,6.0,2.0,1.0,0.0,5.0,0.0,6.0,10.0,0.0,0.0,0.0,3.0,6.0,4.0,0.0,0.0,0.0,0.0,4.0,11.0,0.0,0.0,0.0,0.0,0.0,0.0,1.0,1.0,3.0,0.0,1.0,0.0,0.0,0.0,0.0,1.0,0.0,0.0,0.0,0.0,0.0
5802902,2026-08-23T15:15:00.000Z,1,Ligue 1,Le Havre,9746,Monaco,9829,1239590,Flávio Nazinho,Monaco,9829,False,8.16,80.0,0.0,1.0,0.0,0.0,0.22,0.22,0.0,39.0,47.0,2.0,0.0,0.0,0.0,0.0,7.0,73.0,0.0,11.0,0.0,0.0,0.0,2.0,1.0,2.0,2.0,0.0,0.0,3.0,4.0,0.0,0.0,1.0,0.0,3.0,1.0,0.0,0.0,0.0,0.0,2.0,5.0,0.0,0.0,0.0,0.0,0.0,0.0,1.0,1.0,7.0,1.0,0.0,0.0,1.0,3.0,0.0,0.0,0.0,0.0,0.0,0.0,0.0
5802902,2026-08-23T15:15:00.000Z,1,Ligue 1,Le Havre,9746,Monaco,9829,1255860,Amir Richardson,Le Havre,9746,False,6.24,90.0,0.0,0.0,0.13,0.1,0.04,0.17,2.0,22.0,26.0,2.0,1.0,0.0,1.0,1.0,3.0,46.0,3.0,0.0,1.0,1.0,0.13,0.0,0.0,3.0,0.0,1.0,1.0,0.0,8.0,1.0,3.0,0.0,2.0,1.0,10.0,0.0,0.0,0.0,0.0,0.0,0.0,0.0,0.0,0.0,0.0,0.0,0.0,0.0,1.0,1.0,2.0,1.0,0.0,4.0,0.0,0.0,0.0,0.0,0.0,0.0,0.0,0.0
5802902,2026-08-23T15:15:00.000Z,1,Ligue 1,Le Havre,9746,Monaco,9829,1305787,Elias Jelert,Le Havre,9746,False,5.83,20.0,0.0,0.0,0.0,0.0,0.0,0.0,0.0,5.0,6.0,0.0,0.0,0.0,0.0,0.0,1.0,12.0,1.0,2.0,0.0,0.0,0.0,1.0,0.0,0.0,0.0,0.0,1.0,1.0,3.0,0.0,1.0,0.0,1.0,1.0,3.0,0.0,0.0,0.0,0.0,0.0,0.0,0.0,0.0,0.0,0.0,0.0,0.0,0.0,0.0,1.0,0.0,0.0,0.0,0.0,0.0,0.0,0.0,0.0,0.0,0.0,0.0,0.0
5802902,2026-08-23T15:15:00.000Z,1,Ligue 1,Le Havre,9746,Monaco,9829,1362622,Junior Mwanga,Le Havre,9746,False,6.19,90.0,0.0,0.0,0.0,0.0,0.02,0.02,0.0,33.0,42.0,1.0,0.0,0.0,0.0,0.0,7.0,60.0,0.0,8.0,5.0,1.0,0.0,4.0,0.0,1.0,2.0,4.0,0.0,4.0,9.0,0.0,1.0,0.0,0.0,4.0,6.0,0.0,0.0,0.0,0.0,2.0,4.0,0.0,0.0,0.0,0.0,0.0,0.0,0.0,0.0,1.0,1.0,0.0,0.0,0.0,0.0,0.0,0.0,0.0,0.0,0.0,0.0,0.0
5802902,2026-08-23T15:15:00.000Z,1,Ligue 1,Le Havre,9746,Monaco,9829,1366936,Stanis Idumbo,Monaco,9829,False,7.21,81.0,0.0,0.0,0.18,0.2,0.17,0.35,4.0,19.0,21.0,2.0,1.0,1.0,1.0,2.0,3.0,47.0,3.0,0.0,3.0,0.0,0.18,0.0,0.0,2.0,1.0,5.0,0.0,3.0,9.0,0.0,0.0,2.0,1.0,3.0,6.0,0.0,0.0,0.0,0.0,1.0,1.0,0.0,0.0,0.0,0.0,0.0,0.0,0.0,1.0,2.0,0.0,2.0,1.0,3.0,0.0,0.0,0.0,0.0,0.0,0.0,0.0,0.0
5802902,2026-08-23T15:15:00.000Z,1,Ligue 1,Le Havre,9746,Monaco,9829,1412956,Paris Brunner,Monaco,9829,False,6.5,57.0,0.0,0.0,0.7,0.22,0.0,0.7,4.0,3.0,8.0,0.0,1.0,1.0,1.0,2.0,1.0,22.0,5.0,0.0,1.0,1.0,0.7,0.0,0.0,1.0,0.0,3.0,1.0,0.0,2.0,0.0,0.0,0.0,0.0,0.0,2.0,0.0,0.0,0.0,0.0,0.0,0.0,0.0,0.0,0.0,0.0,0.0,0.0,0.0,0.0,1.0,0.0,2.0,0.0,0.0,0.0,2.0,0.0,0.0,0.0,0.0,0.0,0.0
5802902,2026-08-23T15:15:00.000Z,1,Ligue 1,Le Havre,9746,Monaco,9829,1436305,Lamine Camara,Monaco,9829,False,8.52,90.0,0.0,0.0,0.02,0.06,0.02,0.04,1.0,67.0,72.0,1.0,1.0,0.0,1.0,1.0,11.0,89.0,0.0,6.0,0.0,0.0,0.02,9.0,0.0,2.0,0.0,13.0,1.0,11.0,15.0,1.0,2.0,1.0,3.0,12.0,5.0,0.0,0.0,0.0,0.0,1.0,2.0,0.0,0.0,0.0,0.0,0.0,0.0,0.0,0.0,2.0,0.0,0.0,1.0,1.0,1.0,0.0,0.0,0.0,0.0,0.0,0.0,0.0
5802902,2026-08-23T15:15:00.000Z,1,Ligue 1,Le Havre,9746,Monaco,9829,1469758,Simon Ebonog,Le Havre,9746,False,6.91,88.0,0.0,0.0,0.02,0.0,0.02,0.04,1.0,32.0,37.0,0.0,0.0,0.0,0.0,0.0,7.0,61.0,2.0,4.0,6.0,0.0,0.02,2.0,0.0,1.0,4.0,15.0,1.0,6.0,15.0,0.0,0.0,3.0,2.0,6.0,9.0,0.0,0.0,0.0,0.0,2.0,3.0,0.0,0.0,0.0,0.0,0.0,0.0,0.0,0.0,0.0,1.0,1.0,1.0,1.0,0.0,0.0,0.0,0.0,0.0,0.0,0.0,0.0
5802902,2026-08-23T15:15:00.000Z,1,Ligue 1,Le Havre,9746,Monaco,9829,1487952,Ismaïl Bouneb,Le Havre,9746,False,0.0,0.0,0.0,0.0,0.0,0.0,0.0,0.0,0.0,0.0,0.0,0.0,0.0,0.0,0.0,0.0,0.0,0.0,0.0,0.0,0.0,0.0,0.0,0.0,0.0,0.0,0.0,0.0,0.0,0.0,0.0,0.0,0.0,0.0,0.0,0.0,0.0,0.0,0.0,0.0,0.0,0.0,0.0,0.0,0.0,0.0,0.0,0.0,0.0,0.0,0.0,0.0,0.0,0.0,0.0,0.0,0.0,0.0,0.0,0.0,0.0,0.0,0.0,0.0
5802902,2026-08-23T15:15:00.000Z,1,Ligue 1,Le Havre,9746,Monaco,9829,1523208,Sadibou Sané,Monaco,9829,False,7.48,90.0,0.0,0.0,0.0,0.0,0.01,0.01,0.0,37.0,44.0,1.0,0.0,0.0,0.0,0.0,9.0,56.0,0.0,7.0,0.0,0.0,0.0,1.0,0.0,8.0,0.0,3.0,0.0,1.0,2.0,1.0,2.0,0.0,1.0,2.0,2.0,0.0,0.0,0.0,0.0,1.0,6.0,0.0,0.0,0.0,0.0,0.0,0.0,0.0,0.0,0.0,3.0,0.0,0.0,0.0,0.0,0.0,0.0,0.0,0.0,0.0,0.0,0.0
5802902,2026-08-23T15:15:00.000Z,1,Ligue 1,Le Havre,9746,Monaco,9829,1524548,Mamadou Coulibaly,Monaco,9829,False,6.7,57.0,0.0,0.0,0.0,0.0,0.07,0.07,0.0,30.0,36.0,0.0,0.0,0.0,0.0,0.0,3.0,50.0,2.0,3.0,2.0,1.0,0.0,1.0,0.0,0.0,2.0,3.0,1.0,4.0,10.0,0.0,1.0,2.0,1.0,4.0,7.0,0.0,0.0,0.0,0.0,1.0,2.0,0.0,0.0,0.0,0.0,0.0,0.0,0.0,0.0,0.0,0.0,0.0,1.0,3.0,0.0,0.0,0.0,0.0,0.0,0.0,0.0,0.0
5802902,2026-08-23T15:15:00.000Z,1,Ligue 1,Le Havre,9746,Monaco,9829,1651122,Oumar Konaté,Monaco,9829,False,0.0,9.0,0.0,0.0,0.0,0.0,0.01,0.01,0.0,3.0,3.0,0.0,0.0,0.0,0.0,0.0,1.0,10.0,0.0,0.0,1.0,0.0,0.0,0.0,0.0,1.0,0.0,2.0,0.0,1.0,3.0,0.0,0.0,1.0,1.0,1.0,2.0,0.0,0.0,0.0,0.0,0.0,0.0,0.0,0.0,0.0,0.0,0.0,0.0,0.0,0.0,0.0,0.0,0.0,0.0,1.0,0.0,1.0,0.0,0.0,0.0,0.0,0.0,0.0
5802902,2026-08-23T15:15:00.000Z,1,Ligue 1,Le Havre,9746,Monaco,9829,1667649,Daren Mosengo,Le Havre,9746,False,0.0,0.0,0.0,0.0,0.0,0.0,0.0,0.0,0.0,0.0,0.0,0.0,0.0,0.0,0.0,0.0,0.0,0.0,0.0,0.0,0.0,0.0,0.0,0.0,0.0,0.0,0.0,0.0,0.0,0.0,0.0,0.0,0.0,0.0,0.0,0.0,0.0,0.0,0.0,0.0,0.0,0.0,0.0,0.0,0.0,0.0,0.0,0.0,0.0,0.0,0.0,0.0,0.0,0.0,0.0,0.0,0.0,0.0,0.0,0.0,0.0,0.0,0.0,0.0
5802902,2026-08-23T15:15:00.000Z,1,Ligue 1,Le Havre,9746,Monaco,9829,1709473,Mathys Detourbet,Monaco,9829,False,0.0,0.0,0.0,0.0,0.0,0.0,0.0,0.0,0.0,0.0,0.0,0.0,0.0,0.0,0.0,0.0,0.0,0.0,0.0,0.0,0.0,0.0,0.0,0.0,0.0,0.0,0.0,0.0,0.0,0.0,0.0,0.0,0.0,0.0,0.0,0.0,0.0,0.0,0.0,0.0,0.0,0.0,0.0,0.0,0.0,0.0,0.0,0.0,0.0,0.0,0.0,0.0,0.0,0.0,0.0,0.0,0.0,0.0,0.0,0.0,0.0,0.0,0.0,0.0
5802902,2026-08-23T15:15:00.000Z,1,Ligue 1,Le Havre,9746,Monaco,9829,1714197,Sota Nakamura,Le Havre,9746,False,6.22,20.0,0.0,0.0,0.07,0.0,0.0,0.07,1.0,6.0,8.0,0.0,1.0,0.0,1.0,1.0,0.0,13.0,1.0,0.0,1.0,0.0,0.07,0.0,0.0,0.0,0.0,2.0,0.0,1.0,3.0,0.0,0.0,0.0,1.0,1.0,2.0,0.0,0.0,0.0,0.0,0.0,0.0,0.0,0.0,0.0,0.0,0.0,0.0,0.0,0.0,1.0,0.0,0.0,1.0,1.0,0.0,0.0,0.0,0.0,0.0,0.0,0.0,0.0
5802902,2026-08-23T15:15:00.000Z,1,Ligue 1,Le Havre,9746,Monaco,9829,1791739,Pape Cabral,Monaco,9829,False,0.0,0.0,0.0,0.0,0.0,0.0,0.0,0.0,0.0,0.0,0.0,0.0,0.0,0.0,0.0,0.0,0.0,0.0,0.0,0.0,0.0,0.0,0.0,0.0,0.0,0.0,0.0,0.0,0.0,0.0,0.0,0.0,0.0,0.0,0.0,0.0,0.0,0.0,0.0,0.0,0.0,0.0,0.0,0.0,0.0,0.0,0.0,0.0,0.0,0.0,0.0,0.0,0.0,0.0,0.0,0.0,0.0,0.0,0.0,0.0,0.0,0.0,0.0,0.0
5802902,2026-08-23T15:15:00.000Z,1,Ligue 1,Le Havre,9746,Monaco,9829,1815791,Ilane Touré,Monaco,9829,False,6.54,10.0,0.0,0.0,0.0,0.0,0.0,0.0,0.0,2.0,3.0,0.0,0.0,0.0,0.0,0.0,4.0,8.0,0.0,0.0,0.0,0.0,0.0,0.0,0.0,3.0,1.0,2.0,0.0,0.0,0.0,1.0,1.0,0.0,0.0,1.0,0.0,0.0,0.0,0.0,0.0,0.0,0.0,0.0,0.0,0.0,0.0,0.0,0.0,0.0,0.0,0.0,2.0,0.0,0.0,0.0,0.0,0.0,0.0,0.0,0.0,0.0,0.0,0.0
5802902,2026-08-23T15:15:00.000Z,1,Ligue 1,Le Havre,9746,Monaco,9829,1816726,Enzo Koffi,Le Havre,9746,False,6.59,50.0,0.0,0.0,0.07,0.64,0.07,0.14,2.0,19.0,23.0,1.0,1.0,1.0,1.0,2.0,2.0,55.0,2.0,1.0,3.0,0.0,0.07,1.0,0.0,1.0,0.0,2.0,0.0,4.0,10.0,3.0,3.0,2.0,1.0,7.0,6.0,0.0,0.0,0.0,0.0,0.0,1.0,0.0,0.0,0.0,0.0,0.0,0.0,0.0,0.0,6.0,1.0,0.0,1.0,3.0,0.0,0.0,0.0,0.0,0.0,0.0,0.0,0.0
5802902,2026-08-23T15:15:00.000Z,1,Ligue 1,Le Havre,9746,Monaco,9829,1845327,Safouane Benzahra,Monaco,9829,False,0.0,0.0,0.0,0.0,0.0,0.0,0.0,0.0,0.0,0.0,0.0,0.0,0.0,0.0,0.0,0.0,0.0,0.0,0.0,0.0,0.0,0.0,0.0,0.0,0.0,0.0,0.0,0.0,0.0,0.0,0.0,0.0,0.0,0.0,0.0,0.0,0.0,0.0,0.0,0.0,0.0,0.0,0.0,0.0,0.0,0.0,0.0,0.0,0.0,0.0,0.0,0.0,0.0,0.0,0.0,0.0,0.0,0.0,0.0,0.0,0.0,0.0,0.0,0.0
5802902,2026-08-23T15:15:00.000Z,1,Ligue 1,Le Havre,9746,Monaco,9829,2130847,Anis Soubeir,Monaco,9829,False,6.58,33.0,0.0,0.0,0.34,0.27,0.18,0.52,1.0,3.0,4.0,1.0,1.0,0.0,1.0,1.0,5.0,16.0,3.0,1.0,0.0,0.0,0.34,2.0,0.0,1.0,2.0,2.0,1.0,4.0,8.0,0.0,2.0,1.0,2.0,4.0,6.0,0.0,0.0,0.0,0.0,1.0,1.0,0.0,0.0,0.0,0.0,0.0,0.0,1.0,0.0,0.0,0.0,0.0,1.0,2.0,0.0,1.0,0.0,0.0,0.0,0.0,0.0,0.0
5802902,2026-08-23T15:15:00.000Z,1,Ligue 1,Le Havre,9746,Monaco,9829,2156004,Djibril Ouziad,Le Havre,9746,False,0.0,0.0,0.0,0.0,0.0,0.0,0.0,0.0,0.0,0.0,0.0,0.0,0.0,0.0,0.0,0.0,0.0,0.0,0.0,0.0,0.0,0.0,0.0,0.0,0.0,0.0,0.0,0.0,0.0,0.0,0.0,0.0,0.0,0.0,0.0,0.0,0.0,0.0,0.0,0.0,0.0,0.0,0.0,0.0,0.0,0.0,0.0,0.0,0.0,0.0,0.0,0.0,0.0,0.0,0.0,0.0,0.0,0.0,0.0,0.0,0.0,0.0,0.0,0.0
5802903,2026-08-22T18:45:00.000Z,1,Ligue 1,Le Mans,8682,Brest,8521,242156,Djibril Sidibé,Le Mans,8682,False,0.0,0.0,0.0,0.0,0.0,0.0,0.0,0.0,0.0,0.0,0.0,0.0,0.0,0.0,0.0,0.0,0.0,0.0,0.0,0.0,0.0,0.0,0.0,0.0,0.0,0.0,0.0,0.0,0.0,0.0,0.0,0.0,0.0,0.0,0.0,0.0,0.0,0.0,0.0,0.0,0.0,0.0,0.0,0.0,0.0,0.0,0.0,0.0,0.0,0.0,0.0,0.0,0.0,0.0,0.0,0.0,0.0,0.0,0.0,0.0,0.0,0.0,0.0,0.0
5802903,2026-08-22T18:45:00.000Z,1,Ligue 1,Le Mans,8682,Brest,8521,279461,Kenny Lala,Brest,8521,False,7.0,90.0,0.0,0.0,0.0,0.0,0.52,0.52,0.0,29.0,44.0,4.0,0.0,0.0,0.0,0.0,4.0,71.0,0.0,10.0,0.0,0.0,0.0,1.0,0.0,3.0,0.0,2.0,0.0,2.0,3.0,1.0,2.0,1.0,0.0,3.0,2.0,0.0,0.0,0.0,0.0,3.0,7.0,0.0,0.0,0.0,0.0,0.0,0.0,1.0,4.0,9.0,0.0,0.0,0.0,1.0,0.0,0.0,0.0,0.0,0.0,0.0,0.0,0.0
5802903,2026-08-22T18:45:00.000Z,1,Ligue 1,Le Mans,8682,Brest,8521,420731,Gautier Lloris,Brest,8521,False,0.0,0.0,0.0,0.0,0.0,0.0,0.0,0.0,0.0,0.0,0.0,0.0,0.0,0.0,0.0,0.0,0.0,0.0,0.0,0.0,0.0,0.0,0.0,0.0,0.0,0.0,0.0,0.0,0.0,0.0,0.0,0.0,0.0,0.0,0.0,0.0,0.0,0.0,0.0,0.0,0.0,0.0,0.0,0.0,0.0,0.0,0.0,0.0,0.0,0.0,0.0,0.0,0.0,0.0,0.0,0.0,0.0,0.0,0.0,0.0,0.0,0.0,0.0,0.0
5802903,2026-08-22T18:45:00.000Z,1,Ligue 1,Le Mans,8682,Brest,8521,471153,Ludovic Ajorque,Brest,8521,False,7.26,90.0,0.0,0.0,0.53,0.21,0.11,0.64,7.0,15.0,20.0,1.0,2.0,5.0,2.0,7.0,1.0,42.0,13.0,0.0,3.0,2.0,0.53,0.0,0.0,1.0,0.0,2.0,0.0,3.0,8.0,11.0,15.0,1.0,2.0,14.0,9.0,0.0,0.0,0.0,0.0,0.0,0.0,0.0,0.0,0.0,0.0,0.0,0.0,0.0,0.0,0.0,1.0,0.0,2.0,2.0,0.0,2.0,0.0,0.0,0.0,0.0,0.0,0.0
5802903,2026-08-22T18:45:00.000Z,1,Ligue 1,Le Mans,8682,Brest,8521,541933,Mama Baldé,Brest,8521,False,6.55,19.0,0.0,0.0,0.08,0.0,0.04,0.12,2.0,6.0,7.0,2.0,0.0,1.0,0.0,1.0,1.0,17.0,4.0,0.0,1.0,0.0,0.08,1.0,0.0,0.0,0.0,0.0,0.0,3.0,5.0,1.0,1.0,1.0,0.0,4.0,2.0,0.0,0.0,0.0,0.0,0.0,0.0,0.0,0.0,0.0,0.0,0.0,0.0,0.0,0.0,1.0,0.0,1.0,1.0,2.0,0.0,0.0,0.0,0.0,0.0,0.0,0.0,0.0
5802903,2026-08-22T18:45:00.000Z,1,Ligue 1,Le Mans,8682,Brest,8521,612277,Lucas Tousart,Brest,8521,False,6.61,90.0,0.0,0.0,0.37,0.18,0.0,0.37,2.0,33.0,40.0,0.0,2.0,0.0,2.0,2.0,9.0,59.0,2.0,2.0,0.0,0.0,0.37,1.0,0.0,6.0,2.0,2.0,0.0,3.0,3.0,3.0,9.0,2.0,0.0,6.0,6.0,0.0,0.0,0.0,0.0,2.0,6.0,0.0,0.0,0.0,0.0,0.0,0.0,0.0,0.0,0.0,3.0,0.0,0.0,0.0,0.0,1.0,0.0,0.0,0.0,0.0,0.0,0.0
5802903,2026-08-22T18:45:00.000Z,1,Ligue 1,Le Mans,8682,Brest,8521,631757,Egil Selvik,Brest,8521,True,6.4,90.0,0.0,0.0,0.0,0.0,0.02,0.02,0.0,16.0,23.0,0.0,0.0,0.0,0.0,0.0,2.0,36.0,0.0,8.0,0.0,0.0,0.0,0.0,0.0,2.0,0.0,9.0,0.0,0.0,0.0,0.0,0.0,0.0,0.0,0.0,0.0,3.0,2.0,1.09,-0.91,8.0,15.0,1.0,1.0,3.0,0.0,7.0,0.0,0.0,0.0,0.0,0.0,0.0,0.0,0.0,0.0,0.0,0.0,0.0,0.0,0.0,0.0,0.0
5802903,2026-08-22T18:45:00.000Z,1,Ligue 1,Le Mans,8682,Brest,8521,696263,Romain Del Castillo,Brest,8521,False,8.12,71.0,1.0,0.0,0.2,0.75,0.16,0.36,1.0,23.0,32.0,1.0,1.0,0.0,1.0,1.0,3.0,54.0,2.0,2.0,0.0,0.0,0.2,2.0,0.0,0.0,1.0,3.0,0.0,6.0,7.0,0.0,1.0,1.0,0.0,6.0,2.0,0.0,0.0,0.0,0.0,1.0,2.0,0.0,0.0,0.0,0.0,0.0,0.0,0.0,2.0,7.0,0.0,0.0,3.0,4.0,4.0,0.0,0.0,0.0,0.0,0.0,0.0,0.0
5802903,2026-08-22T18:45:00.000Z,1,Ligue 1,Le Mans,8682,Brest,8521,717270,Antoine Rabillard,Le Mans,8682,False,7.12,90.0,0.0,0.0,0.06,0.0,0.04,0.1,1.0,18.0,25.0,0.0,0.0,1.0,0.0,1.0,12.0,49.0,4.0,5.0,1.0,2.0,0.06,3.0,1.0,6.0,2.0,0.0,2.0,5.0,9.0,2.0,5.0,2.0,1.0,7.0,7.0,0.0,0.0,0.0,0.0,1.0,4.0,0.0,0.0,0.0,0.0,0.0,0.0,0.0,1.0,2.0,6.0,0.0,0.0,0.0,0.0,0.0,1.0,0.0,0.0,0.0,0.0,0.0
5802903,2026-08-22T18:45:00.000Z,1,Ligue 1,Le Mans,8682,Brest,8521,722531,Nicolas Kocik,Le Mans,8682,True,7.02,90.0,0.0,0.0,0.0,0.0,0.0,0.0,0.0,41.0,59.0,0.0,0.0,0.0,0.0,0.0,1.0,74.0,0.0,4.0,0.0,0.0,0.0,0.0,0.0,1.0,0.0,13.0,0.0,1.0,1.0,0.0,0.0,1.0,0.0,1.0,0.0,4.0,2.0,1.79,-0.21,18.0,36.0,4.0,4.0,0.0,0.0,5.0,2.0,0.0,0.0,0.0,0.0,0.0,0.0,0.0,0.0,0.0,0.0,0.0,0.0,0.0,0.0,0.0
5802903,2026-08-22T18:45:00.000Z,1,Ligue 1,Le Mans,8682,Brest,8521,725256,Dame Gueye,Le Mans,8682,False,7.14,72.0,1.0,0.0,0.3,0.5,0.0,0.3,1.0,15.0,22.0,0.0,1.0,0.0,1.0,1.0,3.0,38.0,1.0,1.0,2.0,1.0,0.3,2.0,0.0,1.0,0.0,1.0,2.0,2.0,8.0,4.0,8.0,0.0,2.0,6.0,10.0,0.0,0.0,0.0,0.0,0.0,0.0,0.0,0.0,0.0,0.0,0.0,0.0,0.0,0.0,1.0,1.0,0.0,0.0,0.0,0.0,0.0,0.0,0.0,0.0,0.0,0.0,0.0
5802903,2026-08-22T18:45:00.000Z,1,Ligue 1,Le Mans,8682,Brest,8521,807955,Louis Mafouta,Le Mans,8682,False,8.16,63.0,1.0,1.0,0.18,0.53,0.04,0.22,2.0,10.0,13.0,1.0,2.0,0.0,2.0,2.0,0.0,23.0,4.0,2.0,0.0,0.0,0.18,0.0,0.0,0.0,0.0,2.0,0.0,0.0,4.0,2.0,2.0,0.0,3.0,2.0,4.0,0.0,0.0,0.0,0.0,0.0,0.0,0.0,0.0,0.0,0.0,0.0,0.0,1.0,0.0,0.0,0.0,0.0,0.0,1.0,0.0,0.0,0.0,0.0,0.0,0.0,0.0,0.0
5802903,2026-08-22T18:45:00.000Z,1,Ligue 1,Le Mans,8682,Brest,8521,820010,Romain Cagnon,Brest,8521,True,0.0,0.0,0.0,0.0,0.0,0.0,0.0,0.0,0.0,0.0,0.0,0.0,0.0,0.0,0.0,0.0,0.0,0.0,0.0,0.0,0.0,0.0,0.0,0.0,0.0,0.0,0.0,0.0,0.0,0.0,0.0,0.0,0.0,0.0,0.0,0.0,0.0,0.0,0.0,0.0,0.0,0.0,0.0,0.0,0.0,0.0,0.0,0.0,0.0,0.0,0.0,0.0,0.0,0.0,0.0,0.0,0.0,0.0,0.0,0.0,0.0,0.0,0.0,0.0
5802903,2026-08-22T18:45:00.000Z,1,Ligue 1,Le Mans,8682,Brest,8521,874319,Lucas Buadés,Le Mans,8682,False,7.08,90.0,0.0,0.0,0.04,0.02,0.03,0.07,1.0,21.0,32.0,0.0,1.0,0.0,1.0,1.0,3.0,57.0,1.0,6.0,1.0,0.0,0.04,1.0,0.0,1.0,1.0,2.0,0.0,6.0,7.0,1.0,1.0,5.0,0.0,7.0,1.0,0.0,0.0,0.0,0.0,2.0,5.0,0.0,0.0,0.0,0.0,0.0,0.0,0.0,0.0,3.0,0.0,0.0,1.0,1.0,0.0,0.0,0.0,0.0,0.0,0.0,0.0,0.0
5802903,2026-08-22T18:45:00.000Z,1,Ligue 1,Le Mans,8682,Brest,8521,961770,Billal Brahimi,Le Mans,8682,False,5.96,18.0,0.0,0.0,0.0,0.0,0.0,0.0,0.0,4.0,5.0,0.0,0.0,0.0,0.0,0.0,0.0,8.0,0.0,2.0,0.0,0.0,0.0,0.0,0.0,0.0,0.0,1.0,1.0,1.0,3.0,0.0,1.0,1.0,0.0,1.0,3.0,0.0,0.0,0.0,0.0,0.0,1.0,0.0,0.0,0.0,0.0,0.0,0.0,0.0,0.0,1.0,0.0,0.0,0.0,1.0,1.0,0.0,0.0,0.0,0.0,0.0,0.0,0.0
5802903,2026-08-22T18:45:00.000Z,1,Ligue 1,Le Mans,8682,Brest,8521,1039807,Alexandre Lauray,Le Mans,8682,False,6.41,63.0,0.0,0.0,0.0,0.0,0.01,0.01,0.0,21.0,27.0,0.0,0.0,0.0,0.0,0.0,3.0,36.0,0.0,6.0,2.0,0.0,0.0,0.0,0.0,2.0,1.0,4.0,2.0,1.0,7.0,2.0,2.0,1.0,2.0,3.0,6.0,0.0,0.0,0.0,0.0,4.0,6.0,0.0,0.0,0.0,0.0,0.0,0.0,0.0,0.0,0.0,1.0,0.0,0.0,0.0,0.0,0.0,0.0,0.0,0.0,0.0,0.0,0.0
5802903,2026-08-22T18:45:00.000Z,1,Ligue 1,Le Mans,8682,Brest,8521,1068902,Yasser Larouci,Le Mans,8682,False,6.22,81.0,0.0,0.0,0.06,0.04,0.0,0.06,2.0,20.0,29.0,0.0,1.0,1.0,1.0,2.0,1.0,51.0,1.0,5.0,1.0,0.0,0.06,0.0,0.0,0.0,1.0,3.0,1.0,1.0,5.0,0.0,1.0,1.0,1.0,1.0,5.0,0.0,0.0,0.0,0.0,0.0,7.0,0.0,0.0,0.0,0.0,0.0,0.0,0.0,0.0,4.0,0.0,0.0,0.0,1.0,0.0,0.0,0.0,0.0,0.0,0.0,0.0,0.0
5802903,2026-08-22T18:45:00.000Z,1,Ligue 1,Le Mans,8682,Brest,8521,1079548,Joris Chotard,Brest,8521,False,7.84,90.0,0.0,0.0,0.11,0.0,0.57,0.6799999999999999,2.0,40.0,49.0,4.0,0.0,2.0,0.0,2.0,6.0,70.0,0.0,11.0,0.0,0.0,0.11,2.0,0.0,1.0,3.0,9.0,0.0,3.0,6.0,1.0,1.0,1.0,2.0,4.0,3.0,0.0,0.0,0.0,0.0,12.0,20.0,0.0,0.0,0.0,0.0,0.0,0.0,1.0,4.0,8.0,0.0,0.0,0.0,1.0,6.0,0.0,0.0,0.0,0.0,0.0,0.0,0.0
5802903,2026-08-22T18:45:00.000Z,1,Ligue 1,Le Mans,8682,Brest,8521,1114371,Ewan Hatfout,Le Mans,8682,True,0.0,0.0,0.0,0.0,0.0,0.0,0.0,0.0,0.0,0.0,0.0,0.0,0.0,0.0,0.0,0.0,0.0,0.0,0.0,0.0,0.0,0.0,0.0,0.0,0.0,0.0,0.0,0.0,0.0,0.0,0.0,0.0,0.0,0.0,0.0,0.0,0.0,0.0,0.0,0.0,0.0,0.0,0.0,0.0,0.0,0.0,0.0,0.0,0.0,0.0,0.0,0.0,0.0,0.0,0.0,0.0,0.0,0.0,0.0,0.0,0.0,0.0,0.0,0.0
5802903,2026-08-22T18:45:00.000Z,1,Ligue 1,Le Mans,8682,Brest,8521,1202891,Raúl Torrente,Le Mans,8682,False,0.0,0.0,0.0,0.0,0.0,0.0,0.0,0.0,0.0,0.0,0.0,0.0,0.0,0.0,0.0,0.0,0.0,0.0,0.0,0.0,0.0,0.0,0.0,0.0,0.0,0.0,0.0,0.0,0.0,0.0,0.0,0.0,0.0,0.0,0.0,0.0,0.0,0.0,0.0,0.0,0.0,0.0,0.0,0.0,0.0,0.0,0.0,0.0,0.0,0.0,0.0,0.0,0.0,0.0,0.0,0.0,0.0,0.0,0.0,0.0,0.0,0.0,0.0,0.0
5802903,2026-08-22T18:45:00.000Z,1,Ligue 1,Le Mans,8682,Brest,8521,1231909,Mamady Diambou,Brest,8521,False,6.5,27.0,0.0,0.0,0.09,0.0,0.01,0.09999999999999999,2.0,15.0,18.0,0.0,0.0,1.0,0.0,1.0,2.0,23.0,1.0,1.0,0.0,0.0,0.09,2.0,0.0,0.0,0.0,4.0,0.0,2.0,3.0,1.0,2.0,0.0,1.0,3.0,2.0,0.0,0.0,0.0,0.0,2.0,4.0,0.0,0.0,0.0,0.0,0.0,0.0,0.0,0.0,0.0,0.0,1.0,0.0,0.0,0.0,0.0,0.0,0.0,0.0,0.0,0.0,0.0
5802903,2026-08-22T18:45:00.000Z,1,Ligue 1,Le Mans,8682,Brest,8521,1285784,Bradley Locko,Brest,8521,False,6.93,90.0,0.0,0.0,0.0,0.0,0.06,0.06,0.0,33.0,45.0,1.0,0.0,0.0,0.0,0.0,4.0,71.0,0.0,13.0,1.0,0.0,0.0,2.0,0.0,1.0,1.0,5.0,1.0,4.0,6.0,1.0,1.0,1.0,0.0,5.0,2.0,0.0,0.0,0.0,0.0,2.0,10.0,0.0,0.0,0.0,0.0,0.0,0.0,0.0,1.0,2.0,0.0,0.0,1.0,1.0,0.0,0.0,0.0,0.0,0.0,0.0,0.0,0.0
5802903,2026-08-22T18:45:00.000Z,1,Ligue 1,Le Mans,8682,Brest,8521,1289641,Axel Camblan,Brest,8521,False,6.1,19.0,0.0,0.0,0.04,0.0,0.0,0.04,1.0,0.0,2.0,0.0,0.0,1.0,0.0,1.0,0.0,5.0,1.0,1.0,0.0,0.0,0.04,0.0,0.0,0.0,0.0,1.0,0.0,0.0,0.0,0.0,0.0,0.0,0.0,0.0,0.0,0.0,0.0,0.0,0.0,0.0,1.0,0.0,0.0,0.0,0.0,0.0,0.0,0.0,0.0,2.0,0.0,0.0,0.0,0.0,0.0,0.0,0.0,0.0,0.0,0.0,0.0,0.0
5802903,2026-08-22T18:45:00.000Z,1,Ligue 1,Le Mans,8682,Brest,8521,1310270,Kamory Doumbia,Brest,8521,False,8.59,89.0,1.0,1.0,0.74,0.55,0.47,1.21,3.0,37.0,41.0,2.0,1.0,0.0,1.0,1.0,3.0,60.0,6.0,4.0,3.0,0.0,0.74,2.0,0.0,0.0,1.0,6.0,2.0,6.0,12.0,0.0,1.0,1.0,1.0,6.0,7.0,0.0,0.0,0.0,0.0,5.0,6.0,0.0,0.0,0.0,0.0,0.0,0.0,1.0,0.0,0.0,0.0,2.0,3.0,3.0,0.0,0.0,0.0,0.0,0.0,0.0,0.0,0.0
5802903,2026-08-22T18:45:00.000Z,1,Ligue 1,Le Mans,8682,Brest,8521,1317318,Lucas Calodat,Le Mans,8682,False,0.0,9.0,0.0,0.0,0.0,0.0,0.0,0.0,0.0,1.0,3.0,0.0,0.0,0.0,0.0,0.0,0.0,9.0,1.0,2.0,0.0,0.0,0.0,0.0,0.0,0.0,0.0,0.0,0.0,0.0,0.0,1.0,1.0,0.0,0.0,1.0,0.0,0.0,0.0,0.0,0.0,0.0,0.0,0.0,0.0,0.0,0.0,0.0,0.0,0.0,0.0,1.0,0.0,0.0,0.0,0.0,0.0,0.0,0.0,0.0,0.0,0.0,0.0,0.0
5802903,2026-08-22T18:45:00.000Z,1,Ligue 1,Le Mans,8682,Brest,8521,1359270,Milan Robin,Le Mans,8682,False,0.0,0.0,0.0,0.0,0.0,0.0,0.0,0.0,0.0,0.0,0.0,0.0,0.0,0.0,0.0,0.0,0.0,0.0,0.0,0.0,0.0,0.0,0.0,0.0,0.0,0.0,0.0,0.0,0.0,0.0,0.0,0.0,0.0,0.0,0.0,0.0,0.0,0.0,0.0,0.0,0.0,0.0,0.0,0.0,0.0,0.0,0.0,0.0,0.0,0.0,0.0,0.0,0.0,0.0,0.0,0.0,0.0,0.0,0.0,0.0,0.0,0.0,0.0,0.0
5802903,2026-08-22T18:45:00.000Z,1,Ligue 1,Le Mans,8682,Brest,8521,1420942,Théo Eyoum,Le Mans,8682,False,6.06,90.0,0.0,0.0,0.0,0.0,0.0,0.0,0.0,34.0,36.0,0.0,0.0,0.0,0.0,0.0,13.0,52.0,0.0,0.0,0.0,0.0,0.0,2.0,0.0,10.0,1.0,2.0,2.0,2.0,5.0,2.0,8.0,0.0,1.0,4.0,9.0,0.0,0.0,0.0,0.0,0.0,0.0,0.0,0.0,0.0,0.0,0.0,0.0,0.0,0.0,0.0,6.0,0.0,0.0,0.0,0.0,0.0,0.0,0.0,0.0,0.0,0.0,0.0
5802903,2026-08-22T18:45:00.000Z,1,Ligue 1,Le Mans,8682,Brest,8521,1427018,Joseph Boende,Brest,8521,False,6.89,63.0,0.0,0.0,0.0,0.0,0.0,0.0,0.0,9.0,14.0,0.0,0.0,0.0,0.0,0.0,5.0,29.0,1.0,2.0,1.0,0.0,0.0,2.0,1.0,1.0,1.0,3.0,0.0,6.0,7.0,0.0,1.0,3.0,0.0,6.0,2.0,0.0,0.0,0.0,0.0,1.0,2.0,0.0,0.0,0.0,0.0,0.0,0.0,0.0,0.0,0.0,1.0,0.0,1.0,1.0,0.0,0.0,0.0,0.0,0.0,0.0,0.0,0.0
5802903,2026-08-22T18:45:00.000Z,1,Ligue 1,Le Mans,8682,Brest,8521,1438609,Erwan Colas,Le Mans,8682,False,6.01,27.0,0.0,0.0,0.0,0.0,0.0,0.0,0.0,1.0,5.0,0.0,0.0,0.0,0.0,0.0,1.0,9.0,0.0,2.0,0.0,0.0,0.0,0.0,1.0,0.0,0.0,1.0,0.0,0.0,0.0,0.0,1.0,0.0,0.0,0.0,1.0,0.0,0.0,0.0,0.0,0.0,1.0,0.0,0.0,0.0,0.0,0.0,0.0,0.0,0.0,0.0,0.0,0.0,0.0,0.0,0.0,0.0,0.0,0.0,0.0,0.0,0.0,0.0
5802903,2026-08-22T18:45:00.000Z,1,Ligue 1,Le Mans,8682,Brest,8521,1514456,Pathé Mboup,Brest,8521,False,6.57,71.0,0.0,0.0,0.24,0.1,0.04,0.27999999999999997,3.0,13.0,15.0,1.0,1.0,2.0,1.0,3.0,1.0,32.0,4.0,0.0,2.0,0.0,0.24,1.0,0.0,0.0,0.0,2.0,1.0,4.0,13.0,0.0,2.0,1.0,6.0,4.0,11.0,0.0,0.0,0.0,0.0,0.0,0.0,0.0,0.0,0.0,0.0,0.0,0.0,1.0,0.0,0.0,0.0,0.0,2.0,3.0,0.0,0.0,0.0,0.0,0.0,0.0,0.0,0.0
5802903,2026-08-22T18:45:00.000Z,1,Ligue 1,Le Mans,8682,Brest,8521,1523312,Lucas Bretelle,Le Mans,8682,False,6.24,27.0,0.0,0.0,0.0,0.0,0.0,0.0,0.0,8.0,10.0,0.0,0.0,0.0,0.0,0.0,5.0,16.0,0.0,2.0,0.0,0.0,0.0,1.0,2.0,2.0,0.0,2.0,0.0,1.0,3.0,0.0,0.0,0.0,1.0,1.0,2.0,0.0,0.0,0.0,0.0,0.0,1.0,0.0,0.0,0.0,0.0,0.0,0.0,0.0,0.0,0.0,0.0,0.0,0.0,1.0,0.0,0.0,0.0,0.0,0.0,0.0,0.0,0.0
5802903,2026-08-22T18:45:00.000Z,1,Ligue 1,Le Mans,8682,Brest,8521,1581744,Hamidou Makalou,Brest,8521,False,0.0,0.0,0.0,0.0,0.0,0.0,0.0,0.0,0.0,0.0,0.0,0.0,0.0,0.0,0.0,0.0,0.0,0.0,0.0,0.0,0.0,0.0,0.0,0.0,0.0,0.0,0.0,0.0,0.0,0.0,0.0,0.0,0.0,0.0,0.0,0.0,0.0,0.0,0.0,0.0,0.0,0.0,0.0,0.0,0.0,0.0,0.0,0.0,0.0,0.0,0.0,0.0,0.0,0.0,0.0,0.0,0.0,0.0,0.0,0.0,0.0,0.0,0.0,0.0
5802903,2026-08-22T18:45:00.000Z,1,Ligue 1,Le Mans,8682,Brest,8521,1592417,Luck Zogbé,Brest,8521,False,0.0,0.0,0.0,0.0,0.0,0.0,0.0,0.0,0.0,0.0,0.0,0.0,0.0,0.0,0.0,0.0,0.0,0.0,0.0,0.0,0.0,0.0,0.0,0.0,0.0,0.0,0.0,0.0,0.0,0.0,0.0,0.0,0.0,0.0,0.0,0.0,0.0,0.0,0.0,0.0,0.0,0.0,0.0,0.0,0.0,0.0,0.0,0.0,0.0,0.0,0.0,0.0,0.0,0.0,0.0,0.0,0.0,0.0,0.0,0.0,0.0,0.0,0.0,0.0
5802903,2026-08-22T18:45:00.000Z,1,Ligue 1,Le Mans,8682,Brest,8521,1632788,Rayan Bamba,Le Mans,8682,False,6.66,90.0,0.0,0.0,0.0,0.0,0.01,0.01,0.0,62.0,68.0,1.0,0.0,0.0,0.0,0.0,4.0,81.0,0.0,8.0,0.0,0.0,0.0,0.0,0.0,3.0,1.0,8.0,1.0,0.0,1.0,0.0,0.0,0.0,0.0,0.0,1.0,0.0,0.0,0.0,0.0,4.0,6.0,0.0,0.0,0.0,0.0,0.0,0.0,0.0,0.0,0.0,0.0,0.0,0.0,0.0,0.0,0.0,0.0,0.0,0.0,0.0,0.0,0.0
5802903,2026-08-22T18:45:00.000Z,1,Ligue 1,Le Mans,8682,Brest,8521,1668295,Noa Boissé,Le Mans,8682,False,6.95,90.0,0.0,0.0,0.0,0.0,0.0,0.0,0.0,40.0,48.0,0.0,0.0,0.0,0.0,0.0,12.0,68.0,0.0,4.0,0.0,0.0,0.0,5.0,1.0,5.0,1.0,7.0,3.0,8.0,13.0,2.0,7.0,1.0,2.0,10.0,10.0,0.0,0.0,0.0,0.0,7.0,9.0,0.0,0.0,0.0,0.0,0.0,0.0,0.0,0.0,0.0,2.0,0.0,2.0,2.0,0.0,0.0,0.0,0.0,0.0,0.0,0.0,0.0
5802903,2026-08-22T18:45:00.000Z,1,Ligue 1,Le Mans,8682,Brest,8521,1699556,Raphaël Le Guen,Brest,8521,False,6.4,90.0,0.0,0.0,0.47,0.0,0.12,0.59,3.0,42.0,48.0,1.0,0.0,3.0,0.0,3.0,15.0,69.0,5.0,3.0,0.0,0.0,0.47,1.0,0.0,12.0,2.0,5.0,0.0,1.0,1.0,5.0,5.0,0.0,0.0,6.0,0.0,0.0,0.0,0.0,0.0,1.0,3.0,0.0,0.0,0.0,0.0,0.0,0.0,0.0,0.0,0.0,5.0,0.0,0.0,0.0,0.0,0.0,0.0,1.0,0.0,0.0,0.0,0.0
5802903,2026-08-22T18:45:00.000Z,1,Ligue 1,Le Mans,8682,Brest,8521,1791882,William Harhouz,Le Mans,8682,False,5.93,18.0,0.0,0.0,0.0,0.0,0.0,0.0,0.0,1.0,5.0,0.0,0.0,0.0,0.0,0.0,1.0,9.0,0.0,1.0,0.0,0.0,0.0,0.0,0.0,1.0,0.0,0.0,0.0,0.0,1.0,2.0,5.0,0.0,0.0,2.0,4.0,0.0,0.0,0.0,0.0,0.0,0.0,0.0,0.0,0.0,0.0,0.0,0.0,0.0,0.0,0.0,1.0,0.0,0.0,1.0,0.0,0.0,0.0,0.0,0.0,0.0,0.0,0.0
5802903,2026-08-22T18:45:00.000Z,1,Ligue 1,Le Mans,8682,Brest,8521,1827757,Evan Mailly,Brest,8521,False,0.0,0.0,0.0,0.0,0.0,0.0,0.0,0.0,0.0,0.0,0.0,0.0,0.0,0.0,0.0,0.0,0.0,0.0,0.0,0.0,0.0,0.0,0.0,0.0,0.0,0.0,0.0,0.0,0.0,0.0,0.0,0.0,0.0,0.0,0.0,0.0,0.0,0.0,0.0,0.0,0.0,0.0,0.0,0.0,0.0,0.0,0.0,0.0,0.0,0.0,0.0,0.0,0.0,0.0,0.0,0.0,0.0,0.0,0.0,0.0,0.0,0.0,0.0,0.0
5802903,2026-08-22T18:45:00.000Z,1,Ligue 1,Le Mans,8682,Brest,8521,1900516,Adil Bourabaa,Le Mans,8682,False,7.62,72.0,0.0,1.0,0.02,0.0,0.11,0.13,1.0,22.0,29.0,3.0,0.0,0.0,0.0,0.0,4.0,49.0,2.0,5.0,1.0,0.0,0.02,2.0,0.0,0.0,2.0,4.0,1.0,3.0,10.0,1.0,1.0,0.0,1.0,4.0,7.0,0.0,0.0,0.0,0.0,0.0,2.0,0.0,0.0,0.0,0.0,0.0,0.0,0.0,1.0,1.0,0.0,1.0,1.0,5.0,0.0,0.0,0.0,0.0,0.0,0.0,0.0,0.0
5802903,2026-08-22T18:45:00.000Z,1,Ligue 1,Le Mans,8682,Brest,8521,2155246,Mathis Laine,Brest,8521,False,0.0,1.0,0.0,0.0,0.0,0.0,0.0,0.0,0.0,1.0,1.0,0.0,0.0,0.0,0.0,0.0,0.0,6.0,1.0,1.0,0.0,0.0,0.0,0.0,0.0,0.0,0.0,1.0,0.0,3.0,3.0,0.0,2.0,1.0,0.0,3.0,2.0,0.0,0.0,0.0,0.0,0.0,0.0,0.0,0.0,0.0,0.0,0.0,0.0,0.0,0.0,0.0,0.0,0.0,2.0,2.0,0.0,0.0,0.0,0.0,0.0,0.0,0.0,0.0
5802904,2026-08-22T15:15:00.000Z,1,Ligue 1,Lens,8588,Auxerre,8583,186811,Mathieu Gorgelin,Lens,8588,True,0.0,0.0,0.0,0.0,0.0,0.0,0.0,0.0,0.0,0.0,0.0,0.0,0.0,0.0,0.0,0.0,0.0,0.0,0.0,0.0,0.0,0.0,0.0,0.0,0.0,0.0,0.0,0.0,0.0,0.0,0.0,0.0,0.0,0.0,0.0,0.0,0.0,0.0,0.0,0.0,0.0,0.0,0.0,0.0,0.0,0.0,0.0,0.0,0.0,0.0,0.0,0.0,0.0,0.0,0.0,0.0,0.0,0.0,0.0,0.0,0.0,0.0,0.0,0.0
5802904,2026-08-22T15:15:00.000Z,1,Ligue 1,Lens,8588,Auxerre,8583,254308,Florian Thauvin,Lens,8588,False,9.29,90.0,2.0,1.0,1.64,1.64,0.41,2.05,3.0,26.0,32.0,1.0,3.0,0.0,3.0,3.0,0.0,52.0,7.0,4.0,1.0,0.0,0.06,0.0,0.0,0.0,0.0,2.0,2.0,3.0,8.0,0.0,0.0,3.0,0.0,3.0,5.0,0.0,0.0,0.0,0.0,1.0,3.0,0.0,0.0,0.0,0.0,0.0,0.0,1.0,0.0,6.0,0.0,0.0,0.0,2.0,4.0,1.0,0.0,0.0,1.0,0.0,0.0,0.0
5802904,2026-08-22T15:15:00.000Z,1,Ligue 1,Lens,8588,Auxerre,8583,264190,Thorgan Hazard,Lens,8588,False,6.83,28.0,0.0,0.0,0.43,0.0,0.17,0.6,1.0,20.0,23.0,1.0,0.0,1.0,0.0,1.0,2.0,29.0,3.0,2.0,0.0,0.0,0.43,2.0,0.0,0.0,0.0,1.0,0.0,3.0,3.0,0.0,0.0,1.0,0.0,3.0,0.0,0.0,0.0,0.0,0.0,0.0,0.0,0.0,0.0,0.0,0.0,0.0,0.0,0.0,0.0,0.0,0.0,0.0,0.0,0.0,0.0,1.0,0.0,0.0,0.0,0.0,0.0,0.0
5802904,2026-08-22T15:15:00.000Z,1,Ligue 1,Lens,8588,Auxerre,8583,291643,Paul Nardi,Auxerre,8583,True,0.0,0.0,0.0,0.0,0.0,0.0,0.0,0.0,0.0,0.0,0.0,0.0,0.0,0.0,0.0,0.0,0.0,0.0,0.0,0.0,0.0,0.0,0.0,0.0,0.0,0.0,0.0,0.0,0.0,0.0,0.0,0.0,0.0,0.0,0.0,0.0,0.0,0.0,0.0,0.0,0.0,0.0,0.0,0.0,0.0,0.0,0.0,0.0,0.0,0.0,0.0,0.0,0.0,0.0,0.0,0.0,0.0,0.0,0.0,0.0,0.0,0.0,0.0,0.0
5802904,2026-08-22T15:15:00.000Z,1,Ligue 1,Lens,8588,Auxerre,8583,612699,Florian Sotoca,Lens,8588,False,0.0,0.0,0.0,0.0,0.0,0.0,0.0,0.0,0.0,0.0,0.0,0.0,0.0,0.0,0.0,0.0,0.0,0.0,0.0,0.0,0.0,0.0,0.0,0.0,0.0,0.0,0.0,0.0,0.0,0.0,0.0,0.0,0.0,0.0,0.0,0.0,0.0,0.0,0.0,0.0,0.0,0.0,0.0,0.0,0.0,0.0,0.0,0.0,0.0,0.0,0.0,0.0,0.0,0.0,0.0,0.0,0.0,0.0,0.0,0.0,0.0,0.0,0.0,0.0
5802904,2026-08-22T15:15:00.000Z,1,Ligue 1,Lens,8588,Auxerre,8583,637746,Odsonne Édouard,Lens,8588,False,6.18,19.0,0.0,0.0,0.12,0.09,0.02,0.13999999999999999,1.0,5.0,6.0,0.0,1.0,0.0,1.0,1.0,0.0,12.0,2.0,0.0,0.0,0.0,0.12,0.0,0.0,0.0,0.0,0.0,0.0,1.0,1.0,0.0,1.0,1.0,0.0,1.0,1.0,0.0,0.0,0.0,0.0,0.0,0.0,0.0,0.0,0.0,0.0,0.0,0.0,0.0,0.0,0.0,0.0,0.0,0.0,0.0,0.0,1.0,0.0,0.0,0.0,0.0,0.0,0.0
5802904,2026-08-22T15:15:00.000Z,1,Ligue 1,Lens,8588,Auxerre,8583,660326,Matthieu Udol,Lens,8588,False,7.35,90.0,0.0,0.0,0.0,0.0,0.14,0.14,0.0,26.0,29.0,2.0,0.0,0.0,0.0,0.0,4.0,49.0,2.0,4.0,0.0,0.0,0.0,3.0,0.0,1.0,0.0,4.0,1.0,3.0,8.0,3.0,4.0,0.0,2.0,6.0,6.0,0.0,0.0,0.0,0.0,1.0,1.0,0.0,0.0,0.0,0.0,0.0,0.0,1.0,0.0,3.0,0.0,0.0,0.0,2.0,0.0,0.0,0.0,0.0,0.0,0.0,0.0,0.0
5802904,2026-08-22T15:15:00.000Z,1,Ligue 1,Lens,8588,Auxerre,8583,688830,Amadou Haidara,Lens,8588,False,5.98,19.0,0.0,0.0,0.0,0.0,0.01,0.01,0.0,19.0,19.0,0.0,0.0,0.0,0.0,0.0,0.0,19.0,0.0,3.0,0.0,0.0,0.0,0.0,0.0,0.0,0.0,0.0,2.0,0.0,2.0,0.0,0.0,0.0,0.0,0.0,2.0,0.0,0.0,0.0,0.0,1.0,1.0,0.0,0.0,0.0,0.0,0.0,0.0,0.0,0.0,0.0,0.0,0.0,0.0,0.0,0.0,0.0,0.0,0.0,0.0,0.0,0.0,0.0
5802904,2026-08-22T15:15:00.000Z,1,Ligue 1,Lens,8588,Auxerre,8583,817724,Danny Namaso,Auxerre,8583,False,7.85,77.0,1.0,0.0,0.87,0.71,0.03,0.9,2.0,19.0,23.0,2.0,1.0,0.0,1.0,1.0,3.0,36.0,5.0,4.0,3.0,1.0,0.09,2.0,0.0,1.0,0.0,1.0,2.0,3.0,11.0,2.0,4.0,1.0,2.0,5.0,10.0,0.0,0.0,0.0,0.0,0.0,1.0,0.0,0.0,0.0,0.0,0.0,0.0,0.0,0.0,1.0,1.0,1.0,0.0,1.0,0.0,0.0,0.0,0.0,1.0,0.0,0.0,0.0
5802904,2026-08-22T15:15:00.000Z,1,Ligue 1,Lens,8588,Auxerre,8583,861445,Michaël Cuisance,Lens,8588,False,7.06,71.0,0.0,0.0,0.58,0.0,0.01,0.59,1.0,29.0,33.0,0.0,0.0,1.0,0.0,1.0,7.0,47.0,1.0,0.0,0.0,0.0,0.58,4.0,0.0,1.0,2.0,3.0,1.0,5.0,7.0,0.0,0.0,0.0,1.0,5.0,2.0,0.0,0.0,0.0,0.0,3.0,4.0,0.0,0.0,0.0,0.0,0.0,0.0,0.0,0.0,0.0,0.0,0.0,1.0,1.0,0.0,1.0,0.0,0.0,0.0,1.0,0.0,0.0
5802904,2026-08-22T15:15:00.000Z,1,Ligue 1,Lens,8588,Auxerre,8583,904021,Romain Faivre,Auxerre,8583,False,6.59,67.0,0.0,0.0,0.05,0.0,0.04,0.09,1.0,26.0,33.0,1.0,0.0,0.0,0.0,0.0,0.0,43.0,6.0,1.0,0.0,2.0,0.05,0.0,0.0,0.0,0.0,4.0,0.0,1.0,5.0,0.0,1.0,0.0,1.0,1.0,5.0,0.0,0.0,0.0,0.0,0.0,0.0,0.0,0.0,0.0,0.0,0.0,0.0,0.0,0.0,2.0,0.0,1.0,1.0,5.0,3.0,0.0,0.0,0.0,0.0,0.0,0.0,0.0
5802904,2026-08-22T15:15:00.000Z,1,Ligue 1,Lens,8588,Auxerre,8583,954190,Michal Skóras,Lens,8588,False,7.92,28.0,0.0,1.0,0.0,0.0,0.82,0.82,0.0,11.0,12.0,2.0,0.0,0.0,0.0,0.0,5.0,29.0,2.0,0.0,0.0,0.0,0.0,2.0,0.0,1.0,2.0,1.0,0.0,7.0,8.0,0.0,0.0,4.0,1.0,7.0,1.0,0.0,0.0,0.0,0.0,0.0,0.0,0.0,0.0,0.0,0.0,0.0,0.0,2.0,0.0,1.0,0.0,0.0,1.0,1.0,0.0,0.0,0.0,0.0,0.0,0.0,0.0,0.0
5802904,2026-08-22T15:15:00.000Z,1,Ligue 1,Lens,8588,Auxerre,8583,1002617,Saud Abdulhamid,Lens,8588,False,7.85,62.0,1.0,0.0,0.79,0.99,0.02,0.81,1.0,15.0,17.0,0.0,1.0,0.0,1.0,1.0,4.0,30.0,2.0,1.0,0.0,0.0,0.79,1.0,0.0,1.0,2.0,2.0,1.0,2.0,4.0,0.0,1.0,1.0,1.0,2.0,3.0,0.0,0.0,0.0,0.0,0.0,0.0,0.0,0.0,0.0,0.0,0.0,0.0,0.0,0.0,0.0,1.0,0.0,0.0,0.0,0.0,0.0,0.0,0.0,0.0,0.0,0.0,0.0
5802904,2026-08-22T15:15:00.000Z,1,Ligue 1,Lens,8588,Auxerre,8583,1053713,Maik Nawrocki,Lens,8588,False,6.83,90.0,0.0,0.0,0.06,0.05,0.01,0.06999999999999999,1.0,56.0,60.0,0.0,1.0,0.0,1.0,1.0,6.0,72.0,0.0,2.0,1.0,0.0,0.06,0.0,1.0,2.0,3.0,3.0,1.0,0.0,3.0,0.0,1.0,0.0,0.0,0.0,4.0,0.0,0.0,0.0,0.0,2.0,3.0,0.0,0.0,0.0,0.0,0.0,0.0,0.0,0.0,0.0,2.0,0.0,0.0,1.0,0.0,0.0,0.0,0.0,0.0,0.0,0.0,0.0
5802904,2026-08-22T15:15:00.000Z,1,Ligue 1,Lens,8588,Auxerre,8583,1133081,Sinaly Diomandé,Auxerre,8583,False,5.8,90.0,0.0,0.0,0.02,0.0,0.0,0.02,1.0,29.0,34.0,0.0,0.0,1.0,0.0,1.0,7.0,44.0,0.0,1.0,0.0,0.0,0.02,1.0,1.0,3.0,2.0,4.0,1.0,2.0,4.0,1.0,2.0,1.0,1.0,3.0,3.0,0.0,0.0,0.0,0.0,0.0,1.0,0.0,0.0,0.0,0.0,0.0,0.0,0.0,0.0,0.0,2.0,0.0,0.0,0.0,0.0,0.0,0.0,0.0,0.0,0.0,0.0,0.0
5802904,2026-08-22T15:15:00.000Z,1,Ligue 1,Lens,8588,Auxerre,8583,1189856,Abdallah Sima,Lens,8588,False,7.63,71.0,0.0,1.0,0.0,0.0,0.18,0.18,0.0,12.0,20.0,2.0,0.0,0.0,0.0,0.0,1.0,29.0,4.0,1.0,0.0,0.0,0.0,0.0,0.0,1.0,0.0,3.0,1.0,2.0,3.0,1.0,4.0,2.0,0.0,3.0,4.0,0.0,0.0,0.0,0.0,0.0,1.0,0.0,0.0,0.0,0.0,0.0,0.0,1.0,1.0,1.0,1.0,0.0,0.0,0.0,0.0,0.0,0.0,0.0,0.0,0.0,0.0,0.0
5802904,2026-08-22T15:15:00.000Z,1,Ligue 1,Lens,8588,Auxerre,8583,1192854,Naouirou Ahamada,Auxerre,8583,False,6.32,77.0,0.0,0.0,0.02,0.15,0.29,0.31,1.0,35.0,40.0,0.0,1.0,0.0,1.0,1.0,0.0,53.0,5.0,2.0,1.0,0.0,0.02,0.0,0.0,0.0,0.0,2.0,0.0,2.0,4.0,0.0,0.0,1.0,0.0,2.0,2.0,0.0,0.0,0.0,0.0,2.0,4.0,0.0,0.0,0.0,0.0,0.0,0.0,0.0,1.0,2.0,0.0,0.0,1.0,2.0,1.0,0.0,0.0,0.0,0.0,0.0,0.0,0.0
5802904,2026-08-22T15:15:00.000Z,1,Ligue 1,Lens,8588,Auxerre,8583,1199382,Josué Casimir,Auxerre,8583,False,0.0,3.0,0.0,0.0,0.0,0.0,0.0,0.0,0.0,4.0,5.0,0.0,0.0,0.0,0.0,0.0,1.0,10.0,0.0,0.0,0.0,0.0,0.0,1.0,0.0,0.0,0.0,0.0,0.0,2.0,4.0,0.0,0.0,0.0,1.0,2.0,2.0,0.0,0.0,0.0,0.0,0.0,0.0,0.0,0.0,0.0,0.0,0.0,0.0,0.0,0.0,0.0,0.0,0.0,1.0,2.0,0.0,0.0,0.0,0.0,0.0,0.0,0.0,0.0
5802904,2026-08-22T15:15:00.000Z,1,Ligue 1,Lens,8588,Auxerre,8583,1203189,Fredrik Oppegård,Auxerre,8583,False,0.0,0.0,0.0,0.0,0.0,0.0,0.0,0.0,0.0,0.0,0.0,0.0,0.0,0.0,0.0,0.0,0.0,0.0,0.0,0.0,0.0,0.0,0.0,0.0,0.0,0.0,0.0,0.0,0.0,0.0,0.0,0.0,0.0,0.0,0.0,0.0,0.0,0.0,0.0,0.0,0.0,0.0,0.0,0.0,0.0,0.0,0.0,0.0,0.0,0.0,0.0,0.0,0.0,0.0,0.0,0.0,0.0,0.0,0.0,0.0,0.0,0.0,0.0,0.0
5802904,2026-08-22T15:15:00.000Z,1,Ligue 1,Lens,8588,Auxerre,8583,1276685,Lasso Coulibaly,Auxerre,8583,False,6.71,13.0,0.0,0.0,0.0,0.0,0.01,0.01,0.0,5.0,5.0,1.0,0.0,0.0,0.0,0.0,2.0,8.0,0.0,1.0,0.0,0.0,0.0,1.0,0.0,1.0,0.0,2.0,0.0,2.0,2.0,0.0,0.0,0.0,0.0,2.0,0.0,0.0,0.0,0.0,0.0,0.0,0.0,0.0,0.0,0.0,0.0,0.0,0.0,0.0,0.0,0.0,1.0,0.0,1.0,1.0,0.0,0.0,0.0,0.0,0.0,0.0,0.0,0.0
5802904,2026-08-22T15:15:00.000Z,1,Ligue 1,Lens,8588,Auxerre,8583,1288907,Yacine Titraoui,Lens,8588,False,7.32,90.0,0.0,0.0,0.0,0.0,0.04,0.04,0.0,63.0,70.0,0.0,0.0,0.0,0.0,0.0,2.0,84.0,0.0,4.0,1.0,0.0,0.0,0.0,0.0,1.0,1.0,10.0,2.0,3.0,8.0,0.0,0.0,2.0,0.0,3.0,5.0,0.0,0.0,0.0,0.0,2.0,4.0,0.0,0.0,0.0,0.0,0.0,0.0,0.0,0.0,0.0,0.0,0.0,1.0,3.0,0.0,0.0,0.0,0.0,0.0,0.0,0.0,0.0
5802904,2026-08-22T15:15:00.000Z,1,Ligue 1,Lens,8588,Auxerre,8583,1305543,Kévin Danois,Auxerre,8583,False,6.42,90.0,0.0,0.0,0.05,0.03,0.05,0.1,2.0,53.0,67.0,0.0,1.0,1.0,1.0,2.0,4.0,86.0,5.0,7.0,1.0,0.0,0.05,2.0,0.0,2.0,0.0,6.0,1.0,6.0,11.0,1.0,2.0,1.0,2.0,7.0,6.0,0.0,0.0,0.0,0.0,2.0,3.0,0.0,0.0,0.0,0.0,0.0,0.0,0.0,0.0,0.0,1.0,0.0,3.0,4.0,0.0,0.0,0.0,0.0,0.0,1.0,0.0,0.0
5802904,2026-08-22T15:15:00.000Z,1,Ligue 1,Lens,8588,Auxerre,8583,1334805,Lamine Sy,Auxerre,8583,False,6.56,90.0,1.0,0.0,0.76,0.91,0.01,0.77,1.0,20.0,29.0,1.0,1.0,0.0,1.0,1.0,3.0,49.0,2.0,8.0,1.0,0.0,0.76,1.0,0.0,1.0,1.0,4.0,0.0,3.0,10.0,0.0,3.0,0.0,2.0,3.0,10.0,0.0,0.0,0.0,0.0,2.0,4.0,0.0,0.0,0.0,0.0,0.0,0.0,0.0,0.0,2.0,0.0,0.0,2.0,6.0,0.0,0.0,0.0,0.0,0.0,0.0,0.0,0.0
5802904,2026-08-22T15:15:00.000Z,1,Ligue 1,Lens,8588,Auxerre,8583,1387237,Mamadou Diop,Auxerre,8583,True,5.34,90.0,0.0,0.0,0.0,0.0,0.0,0.0,0.0,12.0,21.0,0.0,0.0,0.0,0.0,0.0,2.0,36.0,0.0,4.0,0.0,0.0,0.0,0.0,0.0,1.0,1.0,8.0,0.0,0.0,1.0,0.0,0.0,0.0,0.0,0.0,1.0,4.0,5.0,3.91,-1.09,3.0,11.0,1.0,2.0,0.0,0.0,7.0,0.0,0.0,0.0,0.0,0.0,0.0,0.0,0.0,0.0,0.0,0.0,0.0,0.0,0.0,0.0,0.0
5802904,2026-08-22T15:15:00.000Z,1,Ligue 1,Lens,8588,Auxerre,8583,1388678,Clément Akpa,Auxerre,8583,False,6.48,90.0,0.0,0.0,0.0,0.0,0.02,0.02,0.0,40.0,49.0,1.0,0.0,0.0,0.0,0.0,7.0,74.0,0.0,9.0,1.0,0.0,0.0,3.0,0.0,2.0,2.0,4.0,1.0,4.0,8.0,1.0,1.0,0.0,2.0,5.0,4.0,0.0,0.0,0.0,0.0,5.0,10.0,0.0,0.0,0.0,0.0,0.0,0.0,0.0,1.0,2.0,2.0,0.0,1.0,1.0,0.0,0.0,0.0,0.0,0.0,0.0,0.0,0.0
5802904,2026-08-22T15:15:00.000Z,1,Ligue 1,Lens,8588,Auxerre,8583,1390336,Robin Risser,Lens,8588,True,6.59,90.0,0.0,0.0,0.0,0.0,0.0,0.0,0.0,30.0,33.0,0.0,0.0,0.0,0.0,0.0,1.0,43.0,0.0,4.0,0.0,0.0,0.0,0.0,0.0,1.0,0.0,7.0,0.0,0.0,1.0,1.0,1.0,0.0,0.0,1.0,1.0,2.0,2.0,1.8,-0.2,6.0,9.0,1.0,0.0,0.0,1.0,4.0,1.0,0.0,0.0,0.0,0.0,0.0,0.0,0.0,0.0,0.0,0.0,0.0,0.0,0.0,0.0,0.0
5802904,2026-08-22T15:15:00.000Z,1,Ligue 1,Lens,8588,Auxerre,8583,1406419,Franjo Ivanovic,Lens,8588,False,8.08,62.0,1.0,0.0,0.37,0.48,0.08,0.45,3.0,10.0,14.0,1.0,2.0,0.0,2.0,2.0,3.0,38.0,7.0,2.0,1.0,0.0,0.37,2.0,0.0,1.0,0.0,0.0,0.0,7.0,10.0,2.0,4.0,2.0,1.0,9.0,5.0,0.0,0.0,0.0,0.0,0.0,2.0,0.0,0.0,0.0,0.0,0.0,0.0,1.0,0.0,0.0,0.0,1.0,3.0,4.0,0.0,1.0,0.0,0.0,0.0,0.0,0.0,0.0
5802904,2026-08-22T15:15:00.000Z,1,Ligue 1,Lens,8588,Auxerre,8583,1406645,Ismaëlo Ganiou,Lens,8588,False,8.02,79.0,1.0,0.0,0.43,0.65,0.37,0.8,1.0,27.0,30.0,1.0,1.0,0.0,1.0,1.0,6.0,40.0,1.0,3.0,0.0,0.0,0.43,1.0,0.0,4.0,1.0,2.0,0.0,3.0,3.0,1.0,2.0,2.0,0.0,4.0,1.0,0.0,0.0,0.0,0.0,1.0,2.0,0.0,0.0,0.0,0.0,0.0,0.0,1.0,1.0,1.0,2.0,0.0,0.0,0.0,0.0,0.0,0.0,0.0,0.0,0.0,0.0,0.0
5802904,2026-08-22T15:15:00.000Z,1,Ligue 1,Lens,8588,Auxerre,8583,1441582,Arthur Piedfort,Auxerre,8583,False,6.4,87.0,0.0,0.0,0.0,0.0,0.06,0.06,0.0,37.0,40.0,0.0,0.0,0.0,0.0,0.0,3.0,48.0,0.0,5.0,0.0,0.0,0.0,0.0,0.0,1.0,2.0,8.0,0.0,0.0,1.0,3.0,3.0,0.0,2.0,3.0,1.0,0.0,0.0,0.0,0.0,2.0,2.0,0.0,0.0,0.0,0.0,0.0,0.0,0.0,1.0,3.0,1.0,0.0,0.0,0.0,3.0,0.0,0.0,0.0,0.0,1.0,0.0,0.0
5802904,2026-08-22T15:15:00.000Z,1,Ligue 1,Lens,8588,Auxerre,8583,1474555,Christ Makosso,Auxerre,8583,False,4.63,35.0,0.0,0.0,0.0,0.0,0.0,0.0,0.0,22.0,25.0,0.0,0.0,0.0,0.0,0.0,3.0,33.0,0.0,1.0,0.0,0.0,0.0,1.0,0.0,1.0,1.0,1.0,0.0,2.0,4.0,0.0,1.0,1.0,2.0,2.0,3.0,0.0,0.0,0.0,0.0,0.0,1.0,0.0,0.0,0.0,0.0,0.0,0.0,0.0,0.0,0.0,0.0,0.0,0.0,0.0,0.0,0.0,0.0,0.0,0.0,0.0,0.0,0.0
5802904,2026-08-22T15:15:00.000Z,1,Ligue 1,Lens,8588,Auxerre,8583,1586559,Rayan Fofana,Lens,8588,False,0.0,0.0,0.0,0.0,0.0,0.0,0.0,0.0,0.0,0.0,0.0,0.0,0.0,0.0,0.0,0.0,0.0,0.0,0.0,0.0,0.0,0.0,0.0,0.0,0.0,0.0,0.0,0.0,0.0,0.0,0.0,0.0,0.0,0.0,0.0,0.0,0.0,0.0,0.0,0.0,0.0,0.0,0.0,0.0,0.0,0.0,0.0,0.0,0.0,0.0,0.0,0.0,0.0,0.0,0.0,0.0,0.0,0.0,0.0,0.0,0.0,0.0,0.0,0.0
5802904,2026-08-22T15:15:00.000Z,1,Ligue 1,Lens,8588,Auxerre,8583,1634789,Andrija Bulatovic,Lens,8588,False,6.45,11.0,0.0,0.0,0.0,0.0,0.05,0.05,0.0,18.0,20.0,0.0,0.0,0.0,0.0,0.0,1.0,26.0,0.0,1.0,0.0,0.0,0.0,0.0,0.0,0.0,1.0,2.0,0.0,1.0,1.0,0.0,0.0,1.0,0.0,1.0,0.0,0.0,0.0,0.0,0.0,0.0,1.0,0.0,0.0,0.0,0.0,0.0,0.0,0.0,1.0,1.0,0.0,0.0,0.0,0.0,0.0,0.0,0.0,0.0,0.0,0.0,0.0,0.0
5802904,2026-08-22T15:15:00.000Z,1,Ligue 1,Lens,8588,Auxerre,8583,1679978,Aristide Zossou,Auxerre,8583,False,6.76,67.0,0.0,0.0,0.04,0.0,0.03,0.07,1.0,24.0,30.0,0.0,0.0,0.0,0.0,0.0,2.0,39.0,5.0,1.0,0.0,0.0,0.04,0.0,0.0,2.0,0.0,3.0,0.0,2.0,4.0,0.0,0.0,0.0,1.0,2.0,2.0,0.0,0.0,0.0,0.0,0.0,0.0,0.0,0.0,0.0,0.0,0.0,0.0,0.0,0.0,0.0,2.0,1.0,2.0,3.0,0.0,0.0,0.0,0.0,0.0,0.0,0.0,0.0
5802904,2026-08-22T15:15:00.000Z,1,Ligue 1,Lens,8588,Auxerre,8583,1690114,Elikya Legros,Auxerre,8583,False,6.3,13.0,0.0,0.0,0.0,0.0,0.0,0.0,0.0,4.0,5.0,0.0,0.0,0.0,0.0,0.0,4.0,11.0,0.0,2.0,0.0,0.0,0.0,1.0,0.0,3.0,0.0,0.0,0.0,1.0,1.0,1.0,1.0,0.0,0.0,2.0,0.0,0.0,0.0,0.0,0.0,0.0,1.0,0.0,0.0,0.0,0.0,0.0,0.0,0.0,0.0,0.0,1.0,0.0,0.0,0.0,0.0,0.0,0.0,0.0,0.0,0.0,0.0,0.0
5802904,2026-08-22T15:15:00.000Z,1,Ligue 1,Lens,8588,Auxerre,8583,1727044,Souleymane Sagnan,Lens,8588,False,8.09,90.0,0.0,0.0,0.0,0.0,0.02,0.02,0.0,48.0,52.0,0.0,0.0,0.0,0.0,0.0,17.0,69.0,0.0,7.0,0.0,0.0,0.0,6.0,2.0,7.0,2.0,2.0,1.0,6.0,7.0,1.0,1.0,0.0,0.0,7.0,1.0,0.0,0.0,0.0,0.0,4.0,7.0,0.0,0.0,0.0,0.0,0.0,0.0,0.0,0.0,0.0,3.0,0.0,0.0,0.0,0.0,0.0,0.0,0.0,0.0,0.0,1.0,0.0
5802904,2026-08-22T15:15:00.000Z,1,Ligue 1,Lens,8588,Auxerre,8583,1810011,Rayan Mandengue,Auxerre,8583,False,7.08,23.0,0.0,1.0,0.0,0.0,0.6,0.6,0.0,5.0,5.0,1.0,0.0,0.0,0.0,0.0,5.0,16.0,1.0,0.0,0.0,0.0,0.0,0.0,0.0,3.0,2.0,1.0,0.0,1.0,6.0,1.0,1.0,1.0,4.0,2.0,5.0,0.0,0.0,0.0,0.0,1.0,1.0,0.0,0.0,0.0,0.0,0.0,0.0,1.0,0.0,0.0,1.0,0.0,0.0,1.0,0.0,0.0,0.0,0.0,0.0,0.0,0.0,0.0
5802904,2026-08-22T15:15:00.000Z,1,Ligue 1,Lens,8588,Auxerre,8583,1813437,Tidiane Devernois,Auxerre,8583,False,0.0,0.0,0.0,0.0,0.0,0.0,0.0,0.0,0.0,0.0,0.0,0.0,0.0,0.0,0.0,0.0,0.0,0.0,0.0,0.0,0.0,0.0,0.0,0.0,0.0,0.0,0.0,0.0,0.0,0.0,0.0,0.0,0.0,0.0,0.0,0.0,0.0,0.0,0.0,0.0,0.0,0.0,0.0,0.0,0.0,0.0,0.0,0.0,0.0,0.0,0.0,0.0,0.0,0.0,0.0,0.0,0.0,0.0,0.0,0.0,0.0,0.0,0.0,0.0
5802904,2026-08-22T15:15:00.000Z,1,Ligue 1,Lens,8588,Auxerre,8583,1980586,Mezian Soares,Lens,8588,False,0.0,0.0,0.0,0.0,0.0,0.0,0.0,0.0,0.0,0.0,0.0,0.0,0.0,0.0,0.0,0.0,0.0,0.0,0.0,0.0,0.0,0.0,0.0,0.0,0.0,0.0,0.0,0.0,0.0,0.0,0.0,0.0,0.0,0.0,0.0,0.0,0.0,0.0,0.0,0.0,0.0,0.0,0.0,0.0,0.0,0.0,0.0,0.0,0.0,0.0,0.0,0.0,0.0,0.0,0.0,0.0,0.0,0.0,0.0,0.0,0.0,0.0,0.0,0.0
5802904,2026-08-22T15:15:00.000Z,1,Ligue 1,Lens,8588,Auxerre,8583,1988951,Lamfia Dioubate,Auxerre,8583,False,6.02,23.0,0.0,0.0,0.03,0.0,0.0,0.03,1.0,3.0,5.0,0.0,0.0,1.0,0.0,1.0,0.0,8.0,0.0,0.0,0.0,0.0,0.03,0.0,0.0,0.0,0.0,2.0,0.0,0.0,1.0,0.0,0.0,0.0,1.0,0.0,1.0,0.0,0.0,0.0,0.0,0.0,0.0,0.0,0.0,0.0,0.0,0.0,0.0,0.0,0.0,0.0,0.0,0.0,0.0,0.0,0.0,0.0,0.0,0.0,0.0,0.0,0.0,0.0
5802904,2026-08-22T15:15:00.000Z,1,Ligue 1,Lens,8588,Auxerre,8583,2155074,Salimou Danfakha,Auxerre,8583,False,0.0,0.0,0.0,0.0,0.0,0.0,0.0,0.0,0.0,0.0,0.0,0.0,0.0,0.0,0.0,0.0,0.0,0.0,0.0,0.0,0.0,0.0,0.0,0.0,0.0,0.0,0.0,0.0,0.0,0.0,0.0,0.0,0.0,0.0,0.0,0.0,0.0,0.0,0.0,0.0,0.0,0.0,0.0,0.0,0.0,0.0,0.0,0.0,0.0,0.0,0.0,0.0,0.0,0.0,0.0,0.0,0.0,0.0,0.0,0.0,0.0,0.0,0.0,0.0
5802905,2026-08-21T18:45:00.000Z,1,Ligue 1,Marseille,8592,Strasbourg,9848,214972,Geoffrey Kondogbia,Marseille,8592,False,7.82,83.0,0.0,0.0,0.0,0.0,0.01,0.01,0.0,73.0,78.0,0.0,0.0,0.0,0.0,0.0,9.0,91.0,0.0,8.0,0.0,0.0,0.0,4.0,0.0,2.0,3.0,5.0,0.0,4.0,5.0,1.0,1.0,1.0,0.0,5.0,1.0,0.0,0.0,0.0,0.0,4.0,8.0,0.0,0.0,0.0,0.0,0.0,0.0,0.0,0.0,0.0,2.0,0.0,0.0,1.0,0.0,0.0,0.0,0.0,0.0,0.0,0.0,0.0
5802905,2026-08-21T18:45:00.000Z,1,Ligue 1,Marseille,8592,Strasbourg,9848,266523,Pierre-Emile Højbjerg,Marseille,8592,False,8.4,90.0,1.0,0.0,0.13,0.05,0.07,0.2,3.0,79.0,89.0,1.0,1.0,2.0,1.0,3.0,4.0,106.0,1.0,11.0,4.0,0.0,0.13,2.0,0.0,0.0,2.0,8.0,1.0,3.0,8.0,1.0,1.0,1.0,0.0,4.0,5.0,0.0,0.0,0.0,0.0,1.0,5.0,0.0,0.0,0.0,0.0,0.0,0.0,0.0,0.0,0.0,0.0,0.0,0.0,0.0,0.0,0.0,0.0,0.0,0.0,0.0,0.0,0.0
5802905,2026-08-21T18:45:00.000Z,1,Ligue 1,Marseille,8592,Strasbourg,9848,267371,Emerson,Marseille,8592,False,7.59,90.0,0.0,0.0,0.0,0.0,0.02,0.02,0.0,50.0,59.0,0.0,0.0,0.0,0.0,0.0,5.0,85.0,2.0,6.0,1.0,0.0,0.0,2.0,0.0,2.0,1.0,3.0,1.0,5.0,8.0,1.0,2.0,2.0,1.0,6.0,4.0,0.0,0.0,0.0,0.0,1.0,3.0,0.0,0.0,0.0,0.0,0.0,0.0,0.0,0.0,3.0,1.0,0.0,1.0,1.0,1.0,0.0,0.0,0.0,0.0,0.0,0.0,0.0
5802905,2026-08-21T18:45:00.000Z,1,Ligue 1,Marseille,8592,Strasbourg,9848,391064,Neal Maupay,Marseille,8592,False,0.0,1.0,0.0,0.0,0.0,0.0,0.01,0.01,0.0,6.0,6.0,0.0,0.0,0.0,0.0,0.0,0.0,6.0,0.0,1.0,0.0,0.0,0.0,0.0,0.0,0.0,0.0,0.0,0.0,0.0,0.0,0.0,1.0,0.0,0.0,0.0,1.0,0.0,0.0,0.0,0.0,0.0,0.0,0.0,0.0,0.0,0.0,0.0,0.0,0.0,0.0,0.0,0.0,0.0,0.0,0.0,0.0,0.0,0.0,0.0,0.0,0.0,0.0,0.0
5802905,2026-08-21T18:45:00.000Z,1,Ligue 1,Marseille,8592,Strasbourg,9848,520979,Ulisses Garcia,Marseille,8592,False,0.0,0.0,0.0,0.0,0.0,0.0,0.0,0.0,0.0,0.0,0.0,0.0,0.0,0.0,0.0,0.0,0.0,0.0,0.0,0.0,0.0,0.0,0.0,0.0,0.0,0.0,0.0,0.0,0.0,0.0,0.0,0.0,0.0,0.0,0.0,0.0,0.0,0.0,0.0,0.0,0.0,0.0,0.0,0.0,0.0,0.0,0.0,0.0,0.0,0.0,0.0,0.0,0.0,0.0,0.0,0.0,0.0,0.0,0.0,0.0,0.0,0.0,0.0,0.0
5802905,2026-08-21T18:45:00.000Z,1,Ligue 1,Marseille,8592,Strasbourg,9848,617310,Nayef Aguerd,Marseille,8592,False,6.44,15.0,0.0,0.0,0.0,0.0,0.01,0.01,0.0,25.0,27.0,0.0,0.0,0.0,0.0,0.0,1.0,28.0,0.0,2.0,0.0,0.0,0.0,0.0,0.0,1.0,0.0,1.0,0.0,0.0,1.0,2.0,2.0,0.0,1.0,2.0,1.0,0.0,0.0,0.0,0.0,0.0,0.0,0.0,0.0,0.0,0.0,0.0,0.0,0.0,0.0,0.0,1.0,0.0,0.0,0.0,0.0,0.0,0.0,0.0,0.0,0.0,0.0,0.0
5802905,2026-08-21T18:45:00.000Z,1,Ligue 1,Marseille,8592,Strasbourg,9848,687868,Jeffrey De Lange,Marseille,8592,True,7.3,90.0,0.0,0.0,0.0,0.0,0.0,0.0,0.0,32.0,32.0,0.0,0.0,0.0,0.0,0.0,0.0,37.0,0.0,0.0,0.0,0.0,0.0,0.0,0.0,0.0,0.0,6.0,0.0,0.0,0.0,0.0,0.0,0.0,0.0,0.0,0.0,2.0,0.0,0.08,0.08,2.0,2.0,1.0,1.0,0.0,0.0,3.0,0.0,0.0,0.0,0.0,0.0,0.0,0.0,0.0,0.0,0.0,0.0,0.0,0.0,0.0,0.0,0.0
5802905,2026-08-21T18:45:00.000Z,1,Ligue 1,Marseille,8592,Strasbourg,9848,780815,Amine Harit,Marseille,8592,False,6.53,83.0,0.0,0.0,0.03,0.15,0.06,0.09,1.0,23.0,28.0,1.0,1.0,0.0,1.0,1.0,3.0,43.0,4.0,3.0,4.0,0.0,0.03,2.0,0.0,1.0,0.0,1.0,3.0,3.0,10.0,0.0,0.0,1.0,0.0,3.0,7.0,0.0,0.0,0.0,0.0,0.0,1.0,0.0,0.0,0.0,0.0,0.0,0.0,0.0,0.0,0.0,1.0,0.0,0.0,0.0,0.0,0.0,0.0,0.0,0.0,0.0,0.0,0.0
5802905,2026-08-21T18:45:00.000Z,1,Ligue 1,Marseille,8592,Strasbourg,9848,844437,Amine Gouiri,Marseille,8592,False,9.02,90.0,2.0,0.0,1.33,1.59,0.02,1.35,5.0,25.0,27.0,1.0,3.0,1.0,3.0,4.0,2.0,46.0,9.0,2.0,3.0,0.0,0.54,1.0,0.0,1.0,0.0,3.0,1.0,4.0,9.0,0.0,1.0,3.0,0.0,4.0,6.0,0.0,0.0,0.0,0.0,0.0,0.0,0.0,0.0,0.0,0.0,0.0,0.0,0.0,0.0,1.0,1.0,1.0,0.0,1.0,0.0,0.0,0.0,0.0,0.0,0.0,0.0,0.0
5802905,2026-08-21T18:45:00.000Z,1,Ligue 1,Marseille,8592,Strasbourg,9848,847629,Derek Cornelius,Marseille,8592,False,0.0,7.0,0.0,0.0,0.0,0.0,0.0,0.0,0.0,13.0,13.0,0.0,0.0,0.0,0.0,0.0,1.0,14.0,0.0,0.0,0.0,0.0,0.0,0.0,0.0,0.0,1.0,1.0,0.0,0.0,0.0,0.0,0.0,0.0,0.0,0.0,0.0,0.0,0.0,0.0,0.0,0.0,0.0,0.0,0.0,0.0,0.0,0.0,0.0,0.0,0.0,0.0,0.0,0.0,0.0,0.0,0.0,0.0,0.0,0.0,0.0,0.0,0.0,0.0
5802905,2026-08-21T18:45:00.000Z,1,Ligue 1,Marseille,8592,Strasbourg,9848,848667,Angel Gomes,Marseille,8592,False,8.06,89.0,0.0,1.0,0.33,0.13,0.34,0.67,3.0,45.0,46.0,2.0,1.0,1.0,1.0,2.0,3.0,64.0,4.0,2.0,2.0,0.0,0.33,3.0,0.0,0.0,0.0,5.0,0.0,5.0,9.0,1.0,1.0,1.0,1.0,6.0,4.0,0.0,0.0,0.0,0.0,0.0,0.0,0.0,0.0,0.0,0.0,0.0,0.0,1.0,0.0,5.0,0.0,1.0,1.0,2.0,1.0,1.0,0.0,0.0,0.0,0.0,0.0,0.0
5802905,2026-08-21T18:45:00.000Z,1,Ligue 1,Marseille,8592,Strasbourg,9848,889536,Timothy Weah,Marseille,8592,False,7.17,90.0,0.0,0.0,0.0,0.0,0.08,0.08,0.0,59.0,70.0,1.0,0.0,0.0,0.0,0.0,2.0,78.0,1.0,9.0,0.0,0.0,0.0,0.0,0.0,2.0,0.0,3.0,0.0,0.0,2.0,1.0,2.0,0.0,2.0,1.0,3.0,0.0,0.0,0.0,0.0,0.0,3.0,0.0,0.0,0.0,0.0,0.0,0.0,0.0,1.0,1.0,2.0,0.0,0.0,0.0,0.0,0.0,0.0,0.0,0.0,0.0,0.0,0.0
5802905,2026-08-21T18:45:00.000Z,1,Ligue 1,Marseille,8592,Strasbourg,9848,956659,Himad Abdelli,Marseille,8592,False,7.46,83.0,0.0,0.0,0.0,0.0,0.05,0.05,0.0,54.0,58.0,0.0,0.0,0.0,0.0,0.0,1.0,64.0,0.0,5.0,0.0,0.0,0.0,1.0,0.0,0.0,0.0,6.0,0.0,2.0,2.0,0.0,2.0,0.0,0.0,2.0,2.0,0.0,0.0,0.0,0.0,1.0,1.0,0.0,0.0,0.0,0.0,0.0,0.0,0.0,0.0,0.0,0.0,0.0,1.0,1.0,0.0,0.0,0.0,0.0,0.0,0.0,0.0,0.0
5802905,2026-08-21T18:45:00.000Z,1,Ligue 1,Marseille,8592,Strasbourg,9848,1050822,Andrew Omobamidele,Strasbourg,9848,False,6.35,90.0,0.0,0.0,0.0,0.0,0.0,0.0,0.0,36.0,37.0,0.0,0.0,0.0,0.0,0.0,14.0,53.0,0.0,2.0,0.0,0.0,0.0,3.0,1.0,8.0,2.0,4.0,0.0,3.0,4.0,0.0,0.0,0.0,1.0,3.0,1.0,0.0,0.0,0.0,0.0,0.0,0.0,0.0,0.0,0.0,0.0,0.0,0.0,0.0,0.0,0.0,3.0,0.0,0.0,0.0,0.0,0.0,0.0,0.0,0.0,0.0,0.0,0.0
5802905,2026-08-21T18:45:00.000Z,1,Ligue 1,Marseille,8592,Strasbourg,9848,1071179,Giovanni Reyna,Strasbourg,9848,False,6.42,21.0,0.0,0.0,0.0,0.0,0.0,0.0,0.0,17.0,17.0,0.0,0.0,0.0,0.0,0.0,1.0,23.0,0.0,1.0,0.0,0.0,0.0,0.0,0.0,1.0,0.0,0.0,0.0,2.0,2.0,0.0,0.0,1.0,0.0,2.0,0.0,0.0,0.0,0.0,0.0,0.0,0.0,0.0,0.0,0.0,0.0,0.0,0.0,0.0,0.0,0.0,0.0,0.0,1.0,1.0,0.0,0.0,0.0,0.0,0.0,0.0,0.0,0.0
5802905,2026-08-21T18:45:00.000Z,1,Ligue 1,Marseille,8592,Strasbourg,9848,1078904,Théo Vermot,Marseille,8592,True,0.0,0.0,0.0,0.0,0.0,0.0,0.0,0.0,0.0,0.0,0.0,0.0,0.0,0.0,0.0,0.0,0.0,0.0,0.0,0.0,0.0,0.0,0.0,0.0,0.0,0.0,0.0,0.0,0.0,0.0,0.0,0.0,0.0,0.0,0.0,0.0,0.0,0.0,0.0,0.0,0.0,0.0,0.0,0.0,0.0,0.0,0.0,0.0,0.0,0.0,0.0,0.0,0.0,0.0,0.0,0.0,0.0,0.0,0.0,0.0,0.0,0.0,0.0,0.0
5802905,2026-08-21T18:45:00.000Z,1,Ligue 1,Marseille,8592,Strasbourg,9848,1156569,Sebastian Nanasi,Strasbourg,9848,False,6.45,79.0,0.0,0.0,0.0,0.0,0.03,0.03,0.0,16.0,18.0,1.0,0.0,0.0,0.0,0.0,1.0,22.0,1.0,2.0,1.0,0.0,0.0,1.0,0.0,0.0,0.0,1.0,0.0,2.0,3.0,0.0,0.0,0.0,0.0,2.0,1.0,0.0,0.0,0.0,0.0,1.0,1.0,0.0,0.0,0.0,0.0,0.0,0.0,0.0,0.0,1.0,0.0,0.0,1.0,1.0,1.0,0.0,0.0,0.0,0.0,0.0,0.0,0.0
5802905,2026-08-21T18:45:00.000Z,1,Ligue 1,Marseille,8592,Strasbourg,9848,1177312,Sékou Mara,Strasbourg,9848,False,5.8,69.0,0.0,0.0,0.0,0.0,0.0,0.0,0.0,6.0,6.0,0.0,0.0,0.0,0.0,0.0,1.0,15.0,0.0,1.0,2.0,0.0,0.0,1.0,0.0,0.0,0.0,3.0,0.0,1.0,4.0,0.0,2.0,0.0,1.0,1.0,5.0,0.0,0.0,0.0,0.0,0.0,0.0,0.0,0.0,0.0,0.0,0.0,0.0,0.0,0.0,0.0,0.0,0.0,0.0,1.0,0.0,0.0,0.0,0.0,0.0,0.0,0.0,0.0
5802905,2026-08-21T18:45:00.000Z,1,Ligue 1,Marseille,8592,Strasbourg,9848,1187227,CJ Egan-Riley,Marseille,8592,False,7.49,75.0,0.0,0.0,0.0,0.0,0.03,0.03,0.0,71.0,74.0,1.0,0.0,0.0,0.0,0.0,4.0,78.0,2.0,1.0,0.0,0.0,0.0,1.0,0.0,2.0,1.0,4.0,0.0,1.0,1.0,1.0,1.0,0.0,0.0,2.0,0.0,0.0,0.0,0.0,0.0,3.0,6.0,0.0,0.0,0.0,0.0,0.0,0.0,0.0,0.0,0.0,2.0,0.0,0.0,0.0,0.0,0.0,0.0,0.0,0.0,0.0,0.0,0.0
5802905,2026-08-21T18:45:00.000Z,1,Ligue 1,Marseille,8592,Strasbourg,9848,1200984,Filip Jörgensen,Strasbourg,9848,True,5.54,90.0,0.0,0.0,0.0,0.0,0.01,0.01,0.0,29.0,37.0,0.0,0.0,0.0,0.0,0.0,3.0,48.0,0.0,2.0,0.0,0.0,0.0,0.0,0.0,3.0,0.0,7.0,0.0,0.0,0.0,0.0,0.0,0.0,0.0,0.0,0.0,4.0,4.0,2.02,-1.98,11.0,19.0,2.0,3.0,0.0,1.0,3.0,1.0,0.0,0.0,0.0,0.0,0.0,0.0,0.0,0.0,0.0,0.0,0.0,0.0,0.0,0.0,0.0
5802905,2026-08-21T18:45:00.000Z,1,Ligue 1,Marseille,8592,Strasbourg,9848,1265963,Igor Paixão,Marseille,8592,False,7.76,90.0,0.0,0.0,0.02,0.05,0.07,0.09000000000000001,1.0,33.0,38.0,0.0,1.0,0.0,1.0,1.0,1.0,59.0,6.0,6.0,1.0,0.0,0.02,1.0,0.0,0.0,0.0,2.0,3.0,5.0,11.0,0.0,0.0,2.0,1.0,5.0,6.0,0.0,0.0,0.0,0.0,1.0,2.0,0.0,0.0,0.0,0.0,0.0,0.0,0.0,1.0,4.0,0.0,0.0,2.0,3.0,1.0,0.0,0.0,0.0,1.0,0.0,0.0,0.0
5802905,2026-08-21T18:45:00.000Z,1,Ligue 1,Marseille,8592,Strasbourg,9848,1283393,Milosz Piekutowski,Strasbourg,9848,True,0.0,0.0,0.0,0.0,0.0,0.0,0.0,0.0,0.0,0.0,0.0,0.0,0.0,0.0,0.0,0.0,0.0,0.0,0.0,0.0,0.0,0.0,0.0,0.0,0.0,0.0,0.0,0.0,0.0,0.0,0.0,0.0,0.0,0.0,0.0,0.0,0.0,0.0,0.0,0.0,0.0,0.0,0.0,0.0,0.0,0.0,0.0,0.0,0.0,0.0,0.0,0.0,0.0,0.0,0.0,0.0,0.0,0.0,0.0,0.0,0.0,0.0,0.0,0.0
5802905,2026-08-21T18:45:00.000Z,1,Ligue 1,Marseille,8592,Strasbourg,9848,1336846,Mateo Del Blanco,Strasbourg,9848,False,6.0,11.0,0.0,0.0,0.0,0.0,0.0,0.0,0.0,3.0,4.0,0.0,0.0,0.0,0.0,0.0,1.0,5.0,0.0,0.0,0.0,0.0,0.0,0.0,0.0,1.0,0.0,1.0,1.0,0.0,2.0,0.0,0.0,0.0,1.0,0.0,2.0,0.0,0.0,0.0,0.0,0.0,1.0,0.0,0.0,0.0,0.0,0.0,0.0,0.0,0.0,0.0,1.0,0.0,0.0,0.0,0.0,0.0,0.0,0.0,0.0,0.0,0.0,0.0
5802905,2026-08-21T18:45:00.000Z,1,Ligue 1,Marseille,8592,Strasbourg,9848,1340071,Jeyland Mitchell,Strasbourg,9848,False,0.0,0.0,0.0,0.0,0.0,0.0,0.0,0.0,0.0,0.0,0.0,0.0,0.0,0.0,0.0,0.0,0.0,0.0,0.0,0.0,0.0,0.0,0.0,0.0,0.0,0.0,0.0,0.0,0.0,0.0,0.0,0.0,0.0,0.0,0.0,0.0,0.0,0.0,0.0,0.0,0.0,0.0,0.0,0.0,0.0,0.0,0.0,0.0,0.0,0.0,0.0,0.0,0.0,0.0,0.0,0.0,0.0,0.0,0.0,0.0,0.0,0.0,0.0,0.0
5802905,2026-08-21T18:45:00.000Z,1,Ligue 1,Marseille,8592,Strasbourg,9848,1353104,Tochukwu Nnadi,Marseille,8592,False,0.0,7.0,0.0,0.0,0.0,0.0,0.02,0.02,0.0,24.0,27.0,0.0,0.0,0.0,0.0,0.0,0.0,27.0,1.0,2.0,0.0,0.0,0.0,0.0,0.0,0.0,0.0,2.0,0.0,0.0,0.0,0.0,0.0,0.0,0.0,0.0,0.0,0.0,0.0,0.0,0.0,3.0,3.0,0.0,0.0,0.0,0.0,0.0,0.0,0.0,0.0,0.0,0.0,0.0,0.0,0.0,0.0,0.0,0.0,0.0,0.0,0.0,0.0,0.0
5802905,2026-08-21T18:45:00.000Z,1,Ligue 1,Marseille,8592,Strasbourg,9848,1395704,Guéla Doué,Strasbourg,9848,False,4.95,90.0,0.0,0.0,0.05,0.0,0.01,0.060000000000000005,1.0,21.0,26.0,0.0,0.0,1.0,0.0,1.0,5.0,52.0,3.0,3.0,1.0,0.0,0.05,1.0,1.0,3.0,0.0,2.0,2.0,1.0,6.0,3.0,4.0,0.0,1.0,4.0,6.0,0.0,0.0,0.0,0.0,0.0,2.0,0.0,0.0,0.0,0.0,0.0,0.0,0.0,0.0,2.0,1.0,0.0,0.0,1.0,0.0,0.0,0.0,0.0,0.0,1.0,0.0,0.0
5802905,2026-08-21T18:45:00.000Z,1,Ligue 1,Marseille,8592,Strasbourg,9848,1417802,Pape Demba Diop,Strasbourg,9848,False,6.72,21.0,0.0,0.0,0.0,0.0,0.0,0.0,0.0,17.0,20.0,0.0,0.0,0.0,0.0,0.0,5.0,28.0,0.0,2.0,0.0,0.0,0.0,3.0,0.0,1.0,1.0,3.0,0.0,3.0,3.0,0.0,0.0,0.0,0.0,3.0,0.0,0.0,0.0,0.0,0.0,0.0,1.0,0.0,0.0,0.0,0.0,0.0,0.0,0.0,0.0,0.0,0.0,0.0,0.0,0.0,0.0,0.0,0.0,0.0,0.0,0.0,0.0,0.0
5802905,2026-08-21T18:45:00.000Z,1,Ligue 1,Marseille,8592,Strasbourg,9848,1418073,Samuel Amo-Ameyaw,Strasbourg,9848,False,6.21,69.0,0.0,0.0,0.03,0.0,0.01,0.04,1.0,13.0,15.0,0.0,0.0,1.0,0.0,1.0,2.0,34.0,1.0,0.0,0.0,0.0,0.03,1.0,0.0,0.0,1.0,3.0,0.0,4.0,9.0,0.0,1.0,2.0,0.0,4.0,6.0,0.0,0.0,0.0,0.0,0.0,0.0,0.0,0.0,0.0,0.0,0.0,0.0,0.0,0.0,4.0,0.0,0.0,1.0,6.0,0.0,0.0,0.0,0.0,0.0,0.0,0.0,0.0
5802905,2026-08-21T18:45:00.000Z,1,Ligue 1,Marseille,8592,Strasbourg,9848,1436942,Lucas Høgsberg,Strasbourg,9848,False,6.14,90.0,0.0,0.0,0.0,0.0,0.01,0.01,0.0,51.0,60.0,2.0,0.0,0.0,0.0,0.0,6.0,68.0,0.0,5.0,0.0,0.0,0.0,1.0,0.0,4.0,1.0,2.0,1.0,1.0,3.0,2.0,2.0,0.0,1.0,3.0,2.0,0.0,0.0,0.0,0.0,3.0,9.0,0.0,0.0,0.0,0.0,0.0,0.0,0.0,0.0,0.0,2.0,0.0,0.0,0.0,0.0,0.0,0.0,0.0,0.0,0.0,0.0,0.0
5802905,2026-08-21T18:45:00.000Z,1,Ligue 1,Marseille,8592,Strasbourg,9848,1581053,Mathis Amougou,Strasbourg,9848,False,0.0,0.0,0.0,0.0,0.0,0.0,0.0,0.0,0.0,0.0,0.0,0.0,0.0,0.0,0.0,0.0,0.0,0.0,0.0,0.0,0.0,0.0,0.0,0.0,0.0,0.0,0.0,0.0,0.0,0.0,0.0,0.0,0.0,0.0,0.0,0.0,0.0,0.0,0.0,0.0,0.0,0.0,0.0,0.0,0.0,0.0,0.0,0.0,0.0,0.0,0.0,0.0,0.0,0.0,0.0,0.0,0.0,0.0,0.0,0.0,0.0,0.0,0.0,0.0
5802905,2026-08-21T18:45:00.000Z,1,Ligue 1,Marseille,8592,Strasbourg,9848,1598170,Samir El Mourabet,Strasbourg,9848,False,5.01,59.0,0.0,0.0,0.0,0.0,0.14,0.14,0.0,22.0,27.0,1.0,0.0,0.0,0.0,0.0,3.0,40.0,0.0,1.0,2.0,0.0,0.0,2.0,0.0,0.0,1.0,5.0,1.0,3.0,8.0,0.0,0.0,0.0,2.0,3.0,5.0,0.0,0.0,0.0,0.0,1.0,3.0,0.0,0.0,0.0,0.0,0.0,0.0,0.0,1.0,3.0,0.0,0.0,1.0,1.0,3.0,0.0,0.0,0.0,0.0,0.0,0.0,0.0
5802905,2026-08-21T18:45:00.000Z,1,Ligue 1,Marseille,8592,Strasbourg,9848,1603755,Gessime Yassine,Strasbourg,9848,False,6.94,90.0,0.0,0.0,0.09,0.05,0.02,0.11,2.0,16.0,21.0,0.0,1.0,1.0,1.0,2.0,3.0,36.0,2.0,1.0,1.0,0.0,0.09,1.0,0.0,1.0,1.0,5.0,0.0,8.0,12.0,0.0,0.0,3.0,2.0,8.0,4.0,0.0,0.0,0.0,0.0,0.0,0.0,0.0,0.0,0.0,0.0,0.0,0.0,0.0,0.0,0.0,0.0,0.0,4.0,5.0,0.0,0.0,0.0,0.0,0.0,0.0,0.0,0.0
5802905,2026-08-21T18:45:00.000Z,1,Ligue 1,Marseille,8592,Strasbourg,9848,1638922,Keyliane Abdallah,Marseille,8592,False,0.0,7.0,1.0,0.0,0.02,0.06,0.02,0.04,1.0,14.0,15.0,0.0,1.0,0.0,1.0,1.0,0.0,22.0,4.0,0.0,0.0,0.0,0.02,0.0,0.0,0.0,0.0,0.0,0.0,3.0,3.0,0.0,0.0,1.0,0.0,3.0,0.0,0.0,0.0,0.0,0.0,0.0,0.0,0.0,0.0,0.0,0.0,0.0,0.0,0.0,0.0,1.0,0.0,0.0,2.0,2.0,0.0,0.0,0.0,0.0,0.0,0.0,0.0,0.0
5802905,2026-08-21T18:45:00.000Z,1,Ligue 1,Marseille,8592,Strasbourg,9848,1647186,Genesis Antwi,Strasbourg,9848,False,6.4,79.0,0.0,0.0,0.0,0.0,0.01,0.01,0.0,20.0,24.0,0.0,0.0,0.0,0.0,0.0,4.0,38.0,0.0,3.0,1.0,0.0,0.0,2.0,0.0,1.0,1.0,3.0,0.0,2.0,3.0,1.0,1.0,0.0,0.0,3.0,1.0,0.0,0.0,0.0,0.0,2.0,4.0,0.0,0.0,0.0,0.0,0.0,0.0,0.0,0.0,0.0,0.0,0.0,0.0,0.0,0.0,0.0,0.0,0.0,0.0,0.0,0.0,0.0
5802905,2026-08-21T18:45:00.000Z,1,Ligue 1,Marseille,8592,Strasbourg,9848,1666019,Fabio Baldé,Strasbourg,9848,False,6.2,11.0,0.0,0.0,0.0,0.0,0.0,0.0,0.0,2.0,2.0,1.0,0.0,0.0,0.0,0.0,0.0,6.0,1.0,0.0,0.0,0.0,0.0,0.0,0.0,0.0,0.0,0.0,1.0,1.0,2.0,0.0,1.0,0.0,0.0,1.0,2.0,0.0,0.0,0.0,0.0,0.0,0.0,0.0,0.0,0.0,0.0,0.0,0.0,0.0,0.0,1.0,0.0,0.0,1.0,1.0,0.0,0.0,0.0,0.0,0.0,0.0,0.0,0.0
5802905,2026-08-21T18:45:00.000Z,1,Ligue 1,Marseille,8592,Strasbourg,9848,1677224,Jacobo Ortega,Strasbourg,9848,False,6.17,21.0,0.0,0.0,0.0,0.0,0.0,0.0,0.0,3.0,3.0,0.0,0.0,0.0,0.0,0.0,1.0,7.0,0.0,0.0,0.0,0.0,0.0,1.0,0.0,0.0,0.0,1.0,0.0,1.0,1.0,0.0,1.0,0.0,0.0,1.0,1.0,0.0,0.0,0.0,0.0,0.0,0.0,0.0,0.0,0.0,0.0,0.0,0.0,0.0,0.0,1.0,0.0,0.0,0.0,0.0,0.0,0.0,0.0,0.0,0.0,0.0,0.0,0.0
5802905,2026-08-21T18:45:00.000Z,1,Ligue 1,Marseille,8592,Strasbourg,9848,1701117,Diogo Sousa,Strasbourg,9848,False,5.91,69.0,0.0,0.0,0.01,0.03,0.03,0.04,1.0,14.0,20.0,0.0,1.0,0.0,1.0,1.0,3.0,27.0,0.0,2.0,0.0,0.0,0.01,2.0,0.0,1.0,0.0,2.0,1.0,2.0,7.0,0.0,2.0,0.0,3.0,2.0,7.0,0.0,0.0,0.0,0.0,0.0,1.0,0.0,0.0,0.0,0.0,0.0,0.0,0.0,0.0,0.0,0.0,0.0,0.0,1.0,0.0,0.0,0.0,0.0,0.0,0.0,0.0,0.0
5802905,2026-08-21T18:45:00.000Z,1,Ligue 1,Marseille,8592,Strasbourg,9848,1729847,Ghianny Kodia Ladji,Strasbourg,9848,False,0.0,0.0,0.0,0.0,0.0,0.0,0.0,0.0,0.0,0.0,0.0,0.0,0.0,0.0,0.0,0.0,0.0,0.0,0.0,0.0,0.0,0.0,0.0,0.0,0.0,0.0,0.0,0.0,0.0,0.0,0.0,0.0,0.0,0.0,0.0,0.0,0.0,0.0,0.0,0.0,0.0,0.0,0.0,0.0,0.0,0.0,0.0,0.0,0.0,0.0,0.0,0.0,0.0,0.0,0.0,0.0,0.0,0.0,0.0,0.0,0.0,0.0,0.0,0.0
5802905,2026-08-21T18:45:00.000Z,1,Ligue 1,Marseille,8592,Strasbourg,9848,1814264,Tadjidine Mmadi,Marseille,8592,False,0.0,0.0,0.0,0.0,0.0,0.0,0.0,0.0,0.0,0.0,0.0,0.0,0.0,0.0,0.0,0.0,0.0,0.0,0.0,0.0,0.0,0.0,0.0,0.0,0.0,0.0,0.0,0.0,0.0,0.0,0.0,0.0,0.0,0.0,0.0,0.0,0.0,0.0,0.0,0.0,0.0,0.0,0.0,0.0,0.0,0.0,0.0,0.0,0.0,0.0,0.0,0.0,0.0,0.0,0.0,0.0,0.0,0.0,0.0,0.0,0.0,0.0,0.0,0.0
5802905,2026-08-21T18:45:00.000Z,1,Ligue 1,Marseille,8592,Strasbourg,9848,1843428,Kelyann Bezahaf,Marseille,8592,False,0.0,0.0,0.0,0.0,0.0,0.0,0.0,0.0,0.0,0.0,0.0,0.0,0.0,0.0,0.0,0.0,0.0,0.0,0.0,0.0,0.0,0.0,0.0,0.0,0.0,0.0,0.0,0.0,0.0,0.0,0.0,0.0,0.0,0.0,0.0,0.0,0.0,0.0,0.0,0.0,0.0,0.0,0.0,0.0,0.0,0.0,0.0,0.0,0.0,0.0,0.0,0.0,0.0,0.0,0.0,0.0,0.0,0.0,0.0,0.0,0.0,0.0,0.0,0.0
5802906,2026-08-22T18:45:00.000Z,1,Ligue 1,Nice,9831,Lorient,8689,274787,Yvon Mvogo,Lorient,8689,True,7.29,90.0,0.0,0.0,0.0,0.0,0.0,0.0,0.0,27.0,40.0,0.0,0.0,0.0,0.0,0.0,2.0,45.0,0.0,5.0,0.0,0.0,0.0,0.0,0.0,2.0,0.0,3.0,0.0,0.0,0.0,0.0,0.0,0.0,0.0,0.0,0.0,1.0,0.0,0.23,0.23,7.0,20.0,0.0,1.0,1.0,1.0,0.0,1.0,0.0,0.0,0.0,0.0,0.0,0.0,0.0,0.0,0.0,0.0,0.0,0.0,0.0,0.0,0.0
5802906,2026-08-22T18:45:00.000Z,1,Ligue 1,Nice,9831,Lorient,8689,564571,Bingourou Kamara,Lorient,8689,True,0.0,0.0,0.0,0.0,0.0,0.0,0.0,0.0,0.0,0.0,0.0,0.0,0.0,0.0,0.0,0.0,0.0,0.0,0.0,0.0,0.0,0.0,0.0,0.0,0.0,0.0,0.0,0.0,0.0,0.0,0.0,0.0,0.0,0.0,0.0,0.0,0.0,0.0,0.0,0.0,0.0,0.0,0.0,0.0,0.0,0.0,0.0,0.0,0.0,0.0,0.0,0.0,0.0,0.0,0.0,0.0,0.0,0.0,0.0,0.0,0.0,0.0,0.0,0.0
5802906,2026-08-22T18:45:00.000Z,1,Ligue 1,Nice,9831,Lorient,8689,688285,Alec Georgen,Lorient,8689,False,6.57,18.0,0.0,0.0,0.0,0.0,0.15,0.15,0.0,16.0,16.0,1.0,0.0,0.0,0.0,0.0,2.0,19.0,0.0,4.0,0.0,0.0,0.0,0.0,1.0,0.0,1.0,1.0,0.0,0.0,0.0,0.0,0.0,0.0,0.0,0.0,0.0,0.0,0.0,0.0,0.0,0.0,0.0,0.0,0.0,0.0,0.0,0.0,0.0,0.0,1.0,1.0,0.0,0.0,0.0,0.0,0.0,0.0,0.0,0.0,0.0,0.0,0.0,0.0
5802906,2026-08-22T18:45:00.000Z,1,Ligue 1,Nice,9831,Lorient,8689,699461,Jean-Victor Makengo,Lorient,8689,False,7.1,90.0,0.0,0.0,0.31,0.12,0.04,0.35,3.0,36.0,40.0,0.0,1.0,2.0,1.0,3.0,3.0,56.0,4.0,6.0,1.0,0.0,0.31,1.0,0.0,2.0,0.0,5.0,1.0,5.0,7.0,1.0,1.0,2.0,0.0,6.0,2.0,0.0,0.0,0.0,0.0,1.0,1.0,0.0,0.0,0.0,0.0,0.0,0.0,0.0,0.0,1.0,2.0,0.0,2.0,2.0,0.0,0.0,0.0,0.0,0.0,0.0,0.0,0.0
5802906,2026-08-22T18:45:00.000Z,1,Ligue 1,Nice,9831,Lorient,8689,715301,Jonathan Clauss,Nice,9831,False,7.22,81.0,0.0,0.0,0.55,0.0,0.35,0.9,5.0,41.0,50.0,1.0,0.0,3.0,0.0,3.0,3.0,77.0,5.0,7.0,1.0,0.0,0.55,2.0,0.0,1.0,0.0,7.0,1.0,3.0,6.0,0.0,0.0,0.0,1.0,3.0,3.0,0.0,0.0,0.0,0.0,0.0,2.0,0.0,0.0,0.0,0.0,0.0,0.0,0.0,2.0,9.0,1.0,2.0,1.0,1.0,4.0,0.0,0.0,0.0,0.0,0.0,0.0,0.0
5802906,2026-08-22T18:45:00.000Z,1,Ligue 1,Nice,9831,Lorient,8689,763974,Gauthier Hein,Nice,9831,False,6.44,90.0,0.0,0.0,0.05,0.0,0.07,0.12000000000000001,1.0,68.0,77.0,0.0,0.0,0.0,0.0,0.0,0.0,90.0,2.0,7.0,0.0,0.0,0.05,0.0,0.0,0.0,0.0,0.0,0.0,0.0,1.0,0.0,2.0,0.0,0.0,0.0,3.0,0.0,0.0,0.0,0.0,7.0,9.0,0.0,0.0,0.0,0.0,0.0,0.0,0.0,0.0,7.0,0.0,1.0,0.0,1.0,5.0,0.0,0.0,0.0,0.0,0.0,0.0,0.0
5802906,2026-08-22T18:45:00.000Z,1,Ligue 1,Nice,9831,Lorient,8689,766574,Yéhvann Diouf,Nice,9831,True,7.05,90.0,0.0,0.0,0.0,0.0,0.0,0.0,0.0,27.0,36.0,0.0,0.0,0.0,0.0,0.0,0.0,41.0,0.0,4.0,0.0,0.0,0.0,0.0,0.0,0.0,0.0,5.0,0.0,0.0,0.0,0.0,0.0,0.0,0.0,0.0,0.0,2.0,0.0,0.18,0.18,2.0,10.0,2.0,1.0,1.0,0.0,2.0,0.0,0.0,0.0,0.0,0.0,0.0,0.0,0.0,0.0,0.0,0.0,0.0,0.0,0.0,0.0,0.0
5802906,2026-08-22T18:45:00.000Z,1,Ligue 1,Nice,9831,Lorient,8689,841395,Aiyegun Tosin,Lorient,8689,False,6.01,20.0,0.0,0.0,0.37,0.0,0.0,0.37,1.0,2.0,3.0,0.0,0.0,1.0,0.0,1.0,0.0,4.0,1.0,1.0,0.0,1.0,0.37,0.0,0.0,0.0,0.0,1.0,0.0,0.0,0.0,0.0,1.0,0.0,0.0,0.0,1.0,0.0,0.0,0.0,0.0,0.0,1.0,0.0,0.0,0.0,0.0,0.0,0.0,0.0,0.0,0.0,0.0,0.0,0.0,0.0,0.0,1.0,0.0,0.0,0.0,0.0,0.0,0.0
5802906,2026-08-22T18:45:00.000Z,1,Ligue 1,Nice,9831,Lorient,8689,846392,Montassar Talbi,Lorient,8689,False,7.12,90.0,0.0,0.0,0.0,0.0,0.01,0.01,0.0,57.0,65.0,0.0,0.0,0.0,0.0,0.0,8.0,75.0,1.0,4.0,0.0,0.0,0.0,0.0,2.0,6.0,0.0,4.0,0.0,1.0,1.0,2.0,3.0,1.0,0.0,3.0,1.0,0.0,0.0,0.0,0.0,0.0,6.0,0.0,0.0,0.0,0.0,0.0,0.0,0.0,0.0,0.0,5.0,0.0,0.0,0.0,0.0,0.0,0.0,0.0,0.0,0.0,0.0,0.0
5802906,2026-08-22T18:45:00.000Z,1,Ligue 1,Nice,9831,Lorient,8689,944385,Isak Jansson,Nice,9831,False,0.0,0.0,0.0,0.0,0.0,0.0,0.0,0.0,0.0,0.0,0.0,0.0,0.0,0.0,0.0,0.0,0.0,0.0,0.0,0.0,0.0,0.0,0.0,0.0,0.0,0.0,0.0,0.0,0.0,0.0,0.0,0.0,0.0,0.0,0.0,0.0,0.0,0.0,0.0,0.0,0.0,0.0,0.0,0.0,0.0,0.0,0.0,0.0,0.0,0.0,0.0,0.0,0.0,0.0,0.0,0.0,0.0,0.0,0.0,0.0,0.0,0.0,0.0,0.0
5802906,2026-08-22T18:45:00.000Z,1,Ligue 1,Nice,9831,Lorient,8689,953812,Sofiane Diop,Nice,9831,False,7.56,81.0,0.0,0.0,0.2,0.23,0.28,0.48000000000000004,1.0,25.0,38.0,4.0,1.0,0.0,1.0,1.0,1.0,55.0,4.0,4.0,2.0,0.0,0.2,1.0,0.0,0.0,0.0,6.0,0.0,5.0,8.0,0.0,0.0,1.0,1.0,5.0,3.0,0.0,0.0,0.0,0.0,3.0,7.0,0.0,0.0,0.0,0.0,0.0,0.0,0.0,2.0,4.0,0.0,0.0,3.0,3.0,0.0,1.0,0.0,0.0,0.0,0.0,0.0,0.0
5802906,2026-08-22T18:45:00.000Z,1,Ligue 1,Nice,9831,Lorient,8689,979759,Nathan N'Goumou,Nice,9831,False,0.0,9.0,0.0,0.0,0.1,0.0,0.02,0.12000000000000001,1.0,3.0,3.0,0.0,0.0,0.0,0.0,0.0,0.0,7.0,1.0,0.0,0.0,0.0,0.1,0.0,0.0,0.0,0.0,1.0,0.0,0.0,0.0,0.0,1.0,0.0,0.0,0.0,1.0,0.0,0.0,0.0,0.0,0.0,0.0,0.0,0.0,0.0,0.0,0.0,0.0,0.0,0.0,0.0,0.0,1.0,0.0,0.0,0.0,0.0,0.0,0.0,0.0,0.0,0.0,0.0
5802906,2026-08-22T18:45:00.000Z,1,Ligue 1,Nice,9831,Lorient,8689,1057703,Youssouf Ndayishimiye,Nice,9831,False,7.29,90.0,0.0,0.0,0.0,0.0,0.03,0.03,0.0,102.0,109.0,0.0,0.0,0.0,0.0,0.0,6.0,119.0,0.0,14.0,0.0,0.0,0.0,1.0,0.0,3.0,2.0,1.0,0.0,2.0,3.0,1.0,2.0,1.0,1.0,3.0,2.0,0.0,0.0,0.0,0.0,2.0,7.0,0.0,0.0,0.0,0.0,0.0,0.0,0.0,0.0,0.0,2.0,0.0,0.0,0.0,0.0,0.0,0.0,0.0,0.0,0.0,0.0,0.0
5802906,2026-08-22T18:45:00.000Z,1,Ligue 1,Nice,9831,Lorient,8689,1092403,Melvin Bard,Nice,9831,False,7.21,90.0,0.0,0.0,0.02,0.0,0.04,0.06,1.0,27.0,33.0,1.0,0.0,1.0,0.0,1.0,5.0,55.0,0.0,5.0,0.0,1.0,0.02,0.0,1.0,3.0,1.0,6.0,1.0,1.0,3.0,3.0,3.0,1.0,1.0,4.0,2.0,0.0,0.0,0.0,0.0,2.0,6.0,0.0,0.0,0.0,0.0,0.0,0.0,0.0,0.0,3.0,2.0,0.0,0.0,0.0,0.0,0.0,0.0,0.0,0.0,0.0,0.0,0.0
5802906,2026-08-22T18:45:00.000Z,1,Ligue 1,Nice,9831,Lorient,8689,1097446,Noah Cadiou,Lorient,8689,False,7.06,90.0,0.0,0.0,0.1,0.0,0.1,0.2,2.0,36.0,44.0,1.0,0.0,2.0,0.0,2.0,3.0,55.0,3.0,4.0,0.0,0.0,0.1,1.0,0.0,1.0,1.0,7.0,2.0,4.0,10.0,3.0,6.0,2.0,3.0,7.0,9.0,0.0,0.0,0.0,0.0,2.0,3.0,0.0,0.0,0.0,0.0,0.0,0.0,0.0,0.0,0.0,0.0,0.0,1.0,2.0,0.0,0.0,0.0,0.0,0.0,0.0,0.0,0.0
5802906,2026-08-22T18:45:00.000Z,1,Ligue 1,Nice,9831,Lorient,8689,1107257,Souleymane Faye,Lorient,8689,False,6.34,21.0,0.0,0.0,0.05,0.0,0.0,0.05,1.0,4.0,5.0,0.0,0.0,0.0,0.0,0.0,1.0,14.0,2.0,1.0,1.0,0.0,0.05,1.0,0.0,0.0,0.0,1.0,0.0,3.0,4.0,2.0,2.0,2.0,0.0,5.0,1.0,0.0,0.0,0.0,0.0,0.0,0.0,0.0,0.0,0.0,0.0,0.0,0.0,0.0,0.0,0.0,0.0,1.0,0.0,0.0,0.0,0.0,0.0,0.0,0.0,0.0,0.0,0.0
5802906,2026-08-22T18:45:00.000Z,1,Ligue 1,Nice,9831,Lorient,8689,1179331,Mohamed Abdelmonem,Nice,9831,False,0.0,2.0,0.0,0.0,0.0,0.0,0.0,0.0,0.0,5.0,5.0,0.0,0.0,0.0,0.0,0.0,1.0,7.0,0.0,1.0,0.0,0.0,0.0,0.0,0.0,1.0,0.0,0.0,0.0,0.0,0.0,0.0,0.0,0.0,0.0,0.0,0.0,0.0,0.0,0.0,0.0,0.0,0.0,0.0,0.0,0.0,0.0,0.0,0.0,0.0,0.0,0.0,1.0,0.0,0.0,0.0,0.0,0.0,0.0,0.0,0.0,0.0,0.0,0.0
5802906,2026-08-22T18:45:00.000Z,1,Ligue 1,Nice,9831,Lorient,8689,1180547,Souleymane Touré,Lorient,8689,False,0.0,0.0,0.0,0.0,0.0,0.0,0.0,0.0,0.0,0.0,0.0,0.0,0.0,0.0,0.0,0.0,0.0,0.0,0.0,0.0,0.0,0.0,0.0,0.0,0.0,0.0,0.0,0.0,0.0,0.0,0.0,0.0,0.0,0.0,0.0,0.0,0.0,0.0,0.0,0.0,0.0,0.0,0.0,0.0,0.0,0.0,0.0,0.0,0.0,0.0,0.0,0.0,0.0,0.0,0.0,0.0,0.0,0.0,0.0,0.0,0.0,0.0,0.0,0.0
5802906,2026-08-22T18:45:00.000Z,1,Ligue 1,Nice,9831,Lorient,8689,1180718,Mohamed-Ali Cho,Nice,9831,False,5.89,30.0,0.0,0.0,0.02,0.0,0.02,0.04,1.0,9.0,10.0,0.0,0.0,0.0,0.0,0.0,0.0,12.0,1.0,1.0,1.0,1.0,0.02,0.0,0.0,0.0,0.0,1.0,0.0,0.0,3.0,0.0,2.0,0.0,2.0,0.0,5.0,0.0,0.0,0.0,0.0,0.0,0.0,0.0,0.0,0.0,0.0,0.0,0.0,0.0,0.0,0.0,0.0,1.0,0.0,0.0,0.0,0.0,0.0,0.0,0.0,0.0,0.0,0.0
5802906,2026-08-22T18:45:00.000Z,1,Ligue 1,Nice,9831,Lorient,8689,1184013,Bandiougou Fadiga,Lorient,8689,False,0.0,0.0,0.0,0.0,0.0,0.0,0.0,0.0,0.0,0.0,0.0,0.0,0.0,0.0,0.0,0.0,0.0,0.0,0.0,0.0,0.0,0.0,0.0,0.0,0.0,0.0,0.0,0.0,0.0,0.0,0.0,0.0,0.0,0.0,0.0,0.0,0.0,0.0,0.0,0.0,0.0,0.0,0.0,0.0,0.0,0.0,0.0,0.0,0.0,0.0,0.0,0.0,0.0,0.0,0.0,0.0,0.0,0.0,0.0,0.0,0.0,0.0,0.0,0.0
5802906,2026-08-22T18:45:00.000Z,1,Ligue 1,Nice,9831,Lorient,8689,1210649,Teddy Boulhendi,Nice,9831,True,0.0,0.0,0.0,0.0,0.0,0.0,0.0,0.0,0.0,0.0,0.0,0.0,0.0,0.0,0.0,0.0,0.0,0.0,0.0,0.0,0.0,0.0,0.0,0.0,0.0,0.0,0.0,0.0,0.0,0.0,0.0,0.0,0.0,0.0,0.0,0.0,0.0,0.0,0.0,0.0,0.0,0.0,0.0,0.0,0.0,0.0,0.0,0.0,0.0,0.0,0.0,0.0,0.0,0.0,0.0,0.0,0.0,0.0,0.0,0.0,0.0,0.0,0.0,0.0
5802906,2026-08-22T18:45:00.000Z,1,Ligue 1,Nice,9831,Lorient,8689,1225704,Noah Mbamba,Lorient,8689,False,0.0,0.0,0.0,0.0,0.0,0.0,0.0,0.0,0.0,0.0,0.0,0.0,0.0,0.0,0.0,0.0,0.0,0.0,0.0,0.0,0.0,0.0,0.0,0.0,0.0,0.0,0.0,0.0,0.0,0.0,0.0,0.0,0.0,0.0,0.0,0.0,0.0,0.0,0.0,0.0,0.0,0.0,0.0,0.0,0.0,0.0,0.0,0.0,0.0,0.0,0.0,0.0,0.0,0.0,0.0,0.0,0.0,0.0,0.0,0.0,0.0,0.0,0.0,0.0
5802906,2026-08-22T18:45:00.000Z,1,Ligue 1,Nice,9831,Lorient,8689,1254147,Antoine Mendy,Nice,9831,False,7.8,90.0,0.0,0.0,0.07,0.0,0.03,0.1,2.0,94.0,103.0,0.0,0.0,1.0,0.0,1.0,8.0,122.0,2.0,27.0,2.0,0.0,0.07,4.0,0.0,3.0,1.0,6.0,0.0,6.0,9.0,2.0,4.0,2.0,1.0,8.0,5.0,0.0,0.0,0.0,0.0,3.0,6.0,0.0,0.0,0.0,0.0,0.0,0.0,0.0,0.0,0.0,2.0,1.0,0.0,0.0,0.0,0.0,0.0,0.0,0.0,0.0,0.0,0.0
5802906,2026-08-22T18:45:00.000Z,1,Ligue 1,Nice,9831,Lorient,8689,1292354,Théo Le Bris,Lorient,8689,False,7.02,72.0,0.0,0.0,0.2,0.0,0.01,0.21000000000000002,1.0,12.0,15.0,1.0,0.0,0.0,0.0,0.0,12.0,32.0,1.0,1.0,0.0,0.0,0.2,1.0,2.0,5.0,4.0,1.0,0.0,2.0,2.0,0.0,3.0,1.0,0.0,2.0,3.0,0.0,0.0,0.0,0.0,1.0,2.0,0.0,0.0,0.0,0.0,0.0,0.0,1.0,0.0,2.0,4.0,1.0,0.0,0.0,0.0,0.0,0.0,0.0,0.0,0.0,0.0,0.0
5802906,2026-08-22T18:45:00.000Z,1,Ligue 1,Nice,9831,Lorient,8689,1351065,Nathaniel Adjei,Lorient,8689,False,7.31,90.0,0.0,0.0,0.0,0.0,0.0,0.0,0.0,44.0,46.0,0.0,0.0,0.0,0.0,0.0,7.0,63.0,0.0,0.0,0.0,0.0,0.0,2.0,0.0,4.0,1.0,3.0,0.0,4.0,4.0,3.0,4.0,2.0,0.0,7.0,1.0,0.0,0.0,0.0,0.0,0.0,1.0,0.0,0.0,0.0,0.0,0.0,0.0,0.0,0.0,0.0,2.0,0.0,0.0,0.0,0.0,0.0,0.0,0.0,0.0,0.0,0.0,0.0
5802906,2026-08-22T18:45:00.000Z,1,Ligue 1,Nice,9831,Lorient,8689,1366618,Zoumana Diallo,Nice,9831,False,5.88,60.0,0.0,0.0,0.01,0.0,0.02,0.03,1.0,13.0,15.0,0.0,0.0,1.0,0.0,1.0,1.0,21.0,2.0,1.0,1.0,0.0,0.01,0.0,0.0,1.0,0.0,0.0,0.0,0.0,4.0,2.0,5.0,0.0,3.0,2.0,7.0,0.0,0.0,0.0,0.0,0.0,0.0,0.0,0.0,0.0,0.0,0.0,0.0,0.0,0.0,0.0,1.0,0.0,0.0,0.0,0.0,0.0,0.0,0.0,0.0,0.0,0.0,0.0
5802906,2026-08-22T18:45:00.000Z,1,Ligue 1,Nice,9831,Lorient,8689,1399999,Dembo Sylla,Lorient,8689,False,7.3,72.0,0.0,0.0,0.0,0.0,0.0,0.0,0.0,23.0,25.0,0.0,0.0,0.0,0.0,0.0,10.0,43.0,0.0,4.0,1.0,0.0,0.0,1.0,1.0,5.0,3.0,1.0,0.0,2.0,3.0,0.0,1.0,1.0,0.0,2.0,2.0,0.0,0.0,0.0,0.0,0.0,0.0,0.0,0.0,0.0,0.0,0.0,0.0,0.0,0.0,1.0,4.0,0.0,0.0,0.0,0.0,0.0,0.0,0.0,0.0,0.0,1.0,0.0
5802906,2026-08-22T18:45:00.000Z,1,Ligue 1,Nice,9831,Lorient,8689,1427808,Panos Katseris,Lorient,8689,False,6.19,18.0,0.0,0.0,0.0,0.0,0.02,0.02,0.0,4.0,7.0,1.0,0.0,0.0,0.0,0.0,0.0,12.0,1.0,0.0,0.0,0.0,0.0,0.0,0.0,0.0,0.0,0.0,0.0,0.0,0.0,0.0,0.0,0.0,0.0,0.0,0.0,0.0,0.0,0.0,0.0,0.0,1.0,0.0,0.0,0.0,0.0,0.0,0.0,0.0,1.0,5.0,0.0,0.0,0.0,0.0,0.0,0.0,0.0,0.0,0.0,0.0,0.0,0.0
5802906,2026-08-22T18:45:00.000Z,1,Ligue 1,Nice,9831,Lorient,8689,1565010,Arthur Avom,Lorient,8689,False,7.11,90.0,0.0,0.0,0.0,0.0,0.44,0.44,0.0,45.0,50.0,1.0,0.0,0.0,0.0,0.0,4.0,66.0,0.0,4.0,0.0,0.0,0.0,2.0,0.0,0.0,2.0,5.0,0.0,3.0,5.0,0.0,1.0,1.0,1.0,3.0,3.0,0.0,0.0,0.0,0.0,1.0,2.0,0.0,0.0,0.0,0.0,0.0,0.0,1.0,1.0,3.0,0.0,0.0,0.0,1.0,2.0,0.0,0.0,0.0,0.0,0.0,0.0,0.0
5802906,2026-08-22T18:45:00.000Z,1,Ligue 1,Nice,9831,Lorient,8689,1640832,Arsène Kouassi,Lorient,8689,False,6.31,90.0,0.0,0.0,0.0,0.0,0.01,0.01,0.0,22.0,26.0,0.0,0.0,0.0,0.0,0.0,2.0,39.0,1.0,0.0,0.0,0.0,0.0,1.0,0.0,0.0,1.0,3.0,0.0,2.0,5.0,1.0,1.0,1.0,1.0,3.0,3.0,0.0,0.0,0.0,0.0,0.0,0.0,0.0,0.0,0.0,0.0,0.0,0.0,0.0,0.0,1.0,0.0,0.0,0.0,2.0,0.0,0.0,0.0,0.0,0.0,0.0,0.0,0.0
5802906,2026-08-22T18:45:00.000Z,1,Ligue 1,Nice,9831,Lorient,8689,1644329,Issiaga Camara,Nice,9831,False,0.0,0.0,0.0,0.0,0.0,0.0,0.0,0.0,0.0,0.0,0.0,0.0,0.0,0.0,0.0,0.0,0.0,0.0,0.0,0.0,0.0,0.0,0.0,0.0,0.0,0.0,0.0,0.0,0.0,0.0,0.0,0.0,0.0,0.0,0.0,0.0,0.0,0.0,0.0,0.0,0.0,0.0,0.0,0.0,0.0,0.0,0.0,0.0,0.0,0.0,0.0,0.0,0.0,0.0,0.0,0.0,0.0,0.0,0.0,0.0,0.0,0.0,0.0,0.0
5802906,2026-08-22T18:45:00.000Z,1,Ligue 1,Nice,9831,Lorient,8689,1668294,Gabin Bernardeau,Lorient,8689,False,6.76,69.0,0.0,0.0,0.12,0.05,0.28,0.4,1.0,15.0,22.0,1.0,1.0,0.0,1.0,1.0,2.0,37.0,4.0,4.0,1.0,0.0,0.12,0.0,0.0,1.0,1.0,3.0,1.0,3.0,5.0,0.0,0.0,2.0,0.0,3.0,2.0,0.0,0.0,0.0,0.0,0.0,2.0,0.0,0.0,0.0,0.0,0.0,0.0,0.0,1.0,2.0,1.0,0.0,1.0,1.0,1.0,1.0,0.0,0.0,0.0,0.0,0.0,0.0
5802906,2026-08-22T18:45:00.000Z,1,Ligue 1,Nice,9831,Lorient,8689,1696775,Everton,Nice,9831,False,7.09,90.0,0.0,0.0,0.0,0.0,0.01,0.01,0.0,27.0,29.0,0.0,0.0,0.0,0.0,0.0,3.0,36.0,0.0,3.0,0.0,0.0,0.0,2.0,0.0,1.0,0.0,6.0,0.0,3.0,5.0,2.0,2.0,1.0,2.0,5.0,2.0,0.0,0.0,0.0,0.0,2.0,2.0,0.0,0.0,0.0,0.0,0.0,0.0,0.0,0.0,0.0,0.0,0.0,0.0,0.0,0.0,0.0,0.0,0.0,0.0,0.0,0.0,0.0
5802906,2026-08-22T18:45:00.000Z,1,Ligue 1,Nice,9831,Lorient,8689,1763598,Djibril Coulibaly,Nice,9831,False,6.52,90.0,0.0,0.0,0.0,0.0,0.15,0.15,0.0,31.0,36.0,1.0,0.0,0.0,0.0,0.0,2.0,41.0,2.0,0.0,1.0,0.0,0.0,1.0,0.0,0.0,1.0,5.0,1.0,2.0,4.0,2.0,5.0,1.0,0.0,4.0,5.0,0.0,0.0,0.0,0.0,2.0,3.0,0.0,0.0,0.0,0.0,0.0,0.0,0.0,0.0,0.0,0.0,0.0,0.0,0.0,0.0,0.0,0.0,0.0,0.0,0.0,0.0,0.0
5802906,2026-08-22T18:45:00.000Z,1,Ligue 1,Nice,9831,Lorient,8689,1796096,Hamza Koutoune,Nice,9831,False,0.0,9.0,0.0,0.0,0.03,0.0,0.0,0.03,1.0,2.0,2.0,0.0,0.0,1.0,0.0,1.0,0.0,5.0,0.0,0.0,0.0,0.0,0.03,0.0,0.0,0.0,0.0,0.0,0.0,0.0,2.0,0.0,0.0,0.0,2.0,0.0,2.0,0.0,0.0,0.0,0.0,0.0,0.0,0.0,0.0,0.0,0.0,0.0,0.0,0.0,0.0,0.0,0.0,0.0,0.0,0.0,0.0,0.0,0.0,0.0,0.0,0.0,0.0,0.0
5802906,2026-08-22T18:45:00.000Z,1,Ligue 1,Nice,9831,Lorient,8689,1842657,Brad-Hamilton Mantsounga,Nice,9831,False,0.0,0.0,0.0,0.0,0.0,0.0,0.0,0.0,0.0,0.0,0.0,0.0,0.0,0.0,0.0,0.0,0.0,0.0,0.0,0.0,0.0,0.0,0.0,0.0,0.0,0.0,0.0,0.0,0.0,0.0,0.0,0.0,0.0,0.0,0.0,0.0,0.0,0.0,0.0,0.0,0.0,0.0,0.0,0.0,0.0,0.0,0.0,0.0,0.0,0.0,0.0,0.0,0.0,0.0,0.0,0.0,0.0,0.0,0.0,0.0,0.0,0.0,0.0,0.0
5802906,2026-08-22T18:45:00.000Z,1,Ligue 1,Nice,9831,Lorient,8689,1882686,Daniel Semedo,Lorient,8689,False,0.0,0.0,0.0,0.0,0.0,0.0,0.0,0.0,0.0,0.0,0.0,0.0,0.0,0.0,0.0,0.0,0.0,0.0,0.0,0.0,0.0,0.0,0.0,0.0,0.0,0.0,0.0,0.0,0.0,0.0,0.0,0.0,0.0,0.0,0.0,0.0,0.0,0.0,0.0,0.0,0.0,0.0,0.0,0.0,0.0,0.0,0.0,0.0,0.0,0.0,0.0,0.0,0.0,0.0,0.0,0.0,0.0,0.0,0.0,0.0,0.0,0.0,0.0,0.0
5802906,2026-08-22T18:45:00.000Z,1,Ligue 1,Nice,9831,Lorient,8689,1888816,Mamadou Koné,Lorient,8689,False,6.05,70.0,0.0,0.0,0.13,0.0,0.11,0.24,1.0,9.0,14.0,1.0,0.0,0.0,0.0,0.0,1.0,29.0,4.0,2.0,1.0,0.0,0.13,1.0,0.0,0.0,0.0,1.0,0.0,1.0,7.0,2.0,3.0,0.0,3.0,3.0,7.0,0.0,0.0,0.0,0.0,0.0,0.0,0.0,0.0,0.0,0.0,0.0,0.0,0.0,0.0,0.0,0.0,1.0,0.0,3.0,0.0,1.0,0.0,0.0,0.0,0.0,0.0,0.0
5802906,2026-08-22T18:45:00.000Z,1,Ligue 1,Nice,9831,Lorient,8689,2116938,Xavier Mandza,Nice,9831,False,7.31,88.0,0.0,0.0,0.0,0.0,0.05,0.05,0.0,78.0,84.0,2.0,0.0,0.0,0.0,0.0,6.0,97.0,2.0,11.0,0.0,0.0,0.0,1.0,1.0,3.0,1.0,1.0,1.0,1.0,5.0,0.0,0.0,0.0,1.0,1.0,4.0,0.0,0.0,0.0,0.0,6.0,9.0,0.0,0.0,0.0,0.0,0.0,0.0,0.0,0.0,1.0,1.0,0.0,0.0,2.0,0.0,0.0,0.0,0.0,0.0,0.0,0.0,0.0
5802906,2026-08-22T18:45:00.000Z,1,Ligue 1,Nice,9831,Lorient,8689,2117308,Aboulaye Camara,Nice,9831,False,0.0,0.0,0.0,0.0,0.0,0.0,0.0,0.0,0.0,0.0,0.0,0.0,0.0,0.0,0.0,0.0,0.0,0.0,0.0,0.0,0.0,0.0,0.0,0.0,0.0,0.0,0.0,0.0,0.0,0.0,0.0,0.0,0.0,0.0,0.0,0.0,0.0,0.0,0.0,0.0,0.0,0.0,0.0,0.0,0.0,0.0,0.0,0.0,0.0,0.0,0.0,0.0,0.0,0.0,0.0,0.0,0.0,0.0,0.0,0.0,0.0,0.0,0.0,0.0
5802908,2026-08-22T18:45:00.000Z,1,Ligue 1,Toulouse,9941,Lyon,9748,195750,Nicolás Tagliafico,Lyon,9748,False,0.0,0.0,0.0,0.0,0.0,0.0,0.0,0.0,0.0,0.0,0.0,0.0,0.0,0.0,0.0,0.0,0.0,0.0,0.0,0.0,0.0,0.0,0.0,0.0,0.0,0.0,0.0,0.0,0.0,0.0,0.0,0.0,0.0,0.0,0.0,0.0,0.0,0.0,0.0,0.0,0.0,0.0,0.0,0.0,0.0,0.0,0.0,0.0,0.0,0.0,0.0,0.0,0.0,0.0,0.0,0.0,0.0,0.0,0.0,0.0,0.0,0.0,0.0,0.0
5802908,2026-08-22T18:45:00.000Z,1,Ligue 1,Toulouse,9941,Lyon,9748,266105,Clinton Mata,Lyon,9748,False,7.56,90.0,0.0,0.0,0.0,0.0,0.01,0.01,0.0,83.0,87.0,0.0,0.0,0.0,0.0,0.0,8.0,100.0,0.0,5.0,0.0,0.0,0.0,1.0,0.0,6.0,1.0,4.0,0.0,4.0,4.0,1.0,2.0,3.0,0.0,5.0,1.0,0.0,0.0,0.0,0.0,3.0,5.0,0.0,0.0,0.0,0.0,0.0,0.0,0.0,0.0,0.0,2.0,0.0,0.0,0.0,0.0,0.0,0.0,0.0,0.0,0.0,0.0,0.0
5802908,2026-08-22T18:45:00.000Z,1,Ligue 1,Toulouse,9941,Lyon,9748,473852,Corentin Tolisso,Lyon,9748,False,7.77,21.0,0.0,1.0,0.03,0.0,0.08,0.11,1.0,18.0,22.0,2.0,0.0,0.0,0.0,0.0,5.0,31.0,1.0,2.0,0.0,0.0,0.03,2.0,0.0,0.0,3.0,4.0,1.0,3.0,4.0,0.0,1.0,1.0,0.0,3.0,2.0,0.0,0.0,0.0,0.0,1.0,1.0,0.0,0.0,0.0,0.0,0.0,0.0,1.0,0.0,0.0,0.0,1.0,0.0,0.0,0.0,0.0,0.0,0.0,0.0,0.0,0.0,0.0
5802908,2026-08-22T18:45:00.000Z,1,Ligue 1,Toulouse,9941,Lyon,9748,637754,Niklas Schmidt,Toulouse,9941,False,6.77,86.0,0.0,0.0,0.02,0.0,0.1,0.12000000000000001,1.0,44.0,48.0,3.0,0.0,1.0,0.0,1.0,5.0,62.0,2.0,7.0,1.0,0.0,0.02,2.0,1.0,1.0,1.0,5.0,0.0,2.0,5.0,1.0,1.0,0.0,2.0,3.0,3.0,0.0,0.0,0.0,0.0,8.0,11.0,0.0,0.0,0.0,0.0,0.0,0.0,0.0,1.0,4.0,0.0,0.0,0.0,0.0,1.0,0.0,0.0,0.0,0.0,0.0,0.0,0.0
5802908,2026-08-22T18:45:00.000Z,1,Ligue 1,Toulouse,9941,Lyon,9748,651910,Dominik Greif,Lyon,9748,True,0.0,0.0,0.0,0.0,0.0,0.0,0.0,0.0,0.0,0.0,0.0,0.0,0.0,0.0,0.0,0.0,0.0,0.0,0.0,0.0,0.0,0.0,0.0,0.0,0.0,0.0,0.0,0.0,0.0,0.0,0.0,0.0,0.0,0.0,0.0,0.0,0.0,0.0,0.0,0.0,0.0,0.0,0.0,0.0,0.0,0.0,0.0,0.0,0.0,0.0,0.0,0.0,0.0,0.0,0.0,0.0,0.0,0.0,0.0,0.0,0.0,0.0,0.0,0.0
5802908,2026-08-22T18:45:00.000Z,1,Ligue 1,Toulouse,9941,Lyon,9748,656491,Rasmus Nicolaisen,Toulouse,9941,False,6.16,90.0,0.0,0.0,0.13,0.0,0.01,0.14,2.0,52.0,54.0,0.0,0.0,2.0,0.0,2.0,8.0,66.0,2.0,2.0,0.0,0.0,0.13,1.0,2.0,5.0,0.0,2.0,1.0,1.0,3.0,4.0,5.0,0.0,0.0,5.0,3.0,0.0,0.0,0.0,0.0,3.0,4.0,0.0,0.0,0.0,0.0,0.0,0.0,0.0,0.0,0.0,4.0,0.0,0.0,1.0,0.0,0.0,0.0,0.0,0.0,0.0,0.0,0.0
5802908,2026-08-22T18:45:00.000Z,1,Ligue 1,Toulouse,9941,Lyon,9748,747767,Loïs Openda,Lyon,9748,False,0.0,0.0,0.0,0.0,0.0,0.0,0.0,0.0,0.0,0.0,0.0,0.0,0.0,0.0,0.0,0.0,0.0,0.0,0.0,0.0,0.0,0.0,0.0,0.0,0.0,0.0,0.0,0.0,0.0,0.0,0.0,0.0,0.0,0.0,0.0,0.0,0.0,0.0,0.0,0.0,0.0,0.0,0.0,0.0,0.0,0.0,0.0,0.0,0.0,0.0,0.0,0.0,0.0,0.0,0.0,0.0,0.0,0.0,0.0,0.0,0.0,0.0,0.0,0.0
5802908,2026-08-22T18:45:00.000Z,1,Ligue 1,Toulouse,9941,Lyon,9748,767014,Rémy Descamps,Lyon,9748,True,7.51,90.0,0.0,0.0,0.0,0.0,0.0,0.0,0.0,30.0,40.0,0.0,0.0,0.0,0.0,0.0,0.0,48.0,0.0,3.0,0.0,0.0,0.0,0.0,0.0,0.0,0.0,7.0,0.0,0.0,0.0,0.0,0.0,0.0,0.0,0.0,0.0,2.0,0.0,0.44,0.44,7.0,17.0,1.0,2.0,0.0,0.0,5.0,0.0,0.0,0.0,0.0,0.0,0.0,0.0,0.0,0.0,0.0,0.0,0.0,0.0,0.0,0.0,0.0
5802908,2026-08-22T18:45:00.000Z,1,Ligue 1,Toulouse,9941,Lyon,9748,845943,Cristian Cásseres,Toulouse,9941,False,7.51,90.0,0.0,0.0,0.02,0.0,0.07,0.09000000000000001,1.0,53.0,62.0,4.0,0.0,1.0,0.0,1.0,5.0,79.0,0.0,8.0,0.0,0.0,0.02,3.0,0.0,2.0,0.0,6.0,1.0,5.0,7.0,1.0,2.0,2.0,0.0,6.0,3.0,0.0,0.0,0.0,0.0,5.0,9.0,0.0,0.0,0.0,0.0,0.0,0.0,2.0,1.0,2.0,2.0,0.0,0.0,1.0,1.0,0.0,0.0,0.0,0.0,0.0,0.0,0.0
5802908,2026-08-22T18:45:00.000Z,1,Ligue 1,Toulouse,9941,Lyon,9748,924485,Mark McKenzie,Toulouse,9941,False,7.12,90.0,0.0,0.0,0.0,0.0,0.05,0.05,0.0,58.0,63.0,1.0,0.0,0.0,0.0,0.0,7.0,77.0,2.0,4.0,0.0,0.0,0.0,1.0,0.0,4.0,2.0,7.0,0.0,1.0,3.0,1.0,1.0,0.0,2.0,2.0,2.0,0.0,0.0,0.0,0.0,4.0,6.0,0.0,0.0,0.0,0.0,0.0,0.0,1.0,0.0,0.0,2.0,0.0,0.0,0.0,0.0,0.0,0.0,0.0,0.0,0.0,1.0,0.0
5802908,2026-08-22T18:45:00.000Z,1,Ligue 1,Toulouse,9941,Lyon,9748,951498,Felix Bacher,Lyon,9748,False,6.98,90.0,0.0,0.0,0.06,0.0,0.01,0.06999999999999999,1.0,68.0,71.0,1.0,0.0,1.0,0.0,1.0,7.0,81.0,1.0,4.0,0.0,0.0,0.06,0.0,1.0,5.0,1.0,0.0,0.0,0.0,1.0,1.0,4.0,0.0,1.0,1.0,4.0,0.0,0.0,0.0,0.0,5.0,7.0,0.0,0.0,0.0,0.0,0.0,0.0,0.0,0.0,0.0,1.0,0.0,0.0,0.0,0.0,0.0,0.0,0.0,0.0,0.0,0.0,0.0
5802908,2026-08-22T18:45:00.000Z,1,Ligue 1,Toulouse,9941,Lyon,9748,955411,Yann Gboho,Toulouse,9941,False,6.72,80.0,0.0,0.0,0.32,0.0,0.06,0.38,2.0,19.0,23.0,2.0,0.0,2.0,0.0,2.0,2.0,36.0,4.0,4.0,0.0,1.0,0.32,0.0,0.0,0.0,2.0,0.0,1.0,2.0,8.0,0.0,0.0,0.0,2.0,2.0,6.0,0.0,0.0,0.0,0.0,1.0,1.0,0.0,0.0,0.0,0.0,0.0,0.0,0.0,0.0,0.0,0.0,0.0,2.0,5.0,0.0,1.0,0.0,0.0,0.0,0.0,0.0,0.0
5802908,2026-08-22T18:45:00.000Z,1,Ligue 1,Toulouse,9941,Lyon,9748,1037539,Pavel Sulc,Lyon,9748,False,7.24,27.0,0.0,1.0,0.0,0.0,0.05,0.05,0.0,14.0,14.0,2.0,0.0,0.0,0.0,0.0,1.0,19.0,1.0,0.0,1.0,0.0,0.0,1.0,0.0,0.0,0.0,2.0,0.0,1.0,2.0,0.0,1.0,0.0,0.0,1.0,2.0,0.0,0.0,0.0,0.0,0.0,0.0,0.0,0.0,0.0,0.0,0.0,0.0,0.0,0.0,0.0,0.0,0.0,0.0,0.0,0.0,0.0,0.0,0.0,0.0,0.0,0.0,0.0
5802908,2026-08-22T18:45:00.000Z,1,Ligue 1,Toulouse,9941,Lyon,9748,1057433,Tanner Tessmann,Lyon,9748,False,5.97,10.0,0.0,0.0,0.0,0.0,0.0,0.0,0.0,4.0,4.0,0.0,0.0,0.0,0.0,0.0,1.0,6.0,0.0,1.0,1.0,0.0,0.0,0.0,0.0,1.0,0.0,1.0,0.0,0.0,2.0,0.0,0.0,0.0,1.0,0.0,2.0,0.0,0.0,0.0,0.0,0.0,0.0,0.0,0.0,0.0,0.0,0.0,0.0,0.0,0.0,0.0,1.0,0.0,0.0,0.0,0.0,0.0,0.0,0.0,0.0,0.0,0.0,0.0
5802908,2026-08-22T18:45:00.000Z,1,Ligue 1,Toulouse,9941,Lyon,9748,1081025,Mads Bidstrup,Lyon,9748,False,7.12,80.0,0.0,0.0,0.08,0.0,0.11,0.19,1.0,11.0,15.0,0.0,0.0,1.0,0.0,1.0,6.0,25.0,2.0,1.0,0.0,0.0,0.08,3.0,1.0,0.0,2.0,2.0,1.0,4.0,6.0,0.0,1.0,1.0,1.0,4.0,3.0,0.0,0.0,0.0,0.0,0.0,1.0,0.0,0.0,0.0,0.0,0.0,0.0,0.0,0.0,0.0,0.0,0.0,0.0,0.0,0.0,0.0,0.0,0.0,0.0,0.0,0.0,0.0
5802908,2026-08-22T18:45:00.000Z,1,Ligue 1,Toulouse,9941,Lyon,9748,1106866,Jacen Russell-Rowe,Toulouse,9941,False,5.96,19.0,0.0,0.0,0.0,0.0,0.0,0.0,0.0,1.0,2.0,0.0,0.0,0.0,0.0,0.0,0.0,3.0,0.0,0.0,0.0,0.0,0.0,0.0,0.0,0.0,0.0,0.0,0.0,0.0,1.0,1.0,1.0,0.0,0.0,1.0,1.0,0.0,0.0,0.0,0.0,0.0,0.0,0.0,0.0,0.0,0.0,0.0,0.0,0.0,0.0,0.0,0.0,0.0,0.0,1.0,0.0,0.0,0.0,0.0,0.0,0.0,0.0,0.0
5802908,2026-08-22T18:45:00.000Z,1,Ligue 1,Toulouse,9941,Lyon,9748,1113724,Tyler Morton,Lyon,9748,False,6.46,21.0,0.0,0.0,0.0,0.0,0.06,0.06,0.0,8.0,9.0,1.0,0.0,0.0,0.0,0.0,0.0,12.0,0.0,2.0,0.0,0.0,0.0,0.0,0.0,0.0,0.0,1.0,0.0,0.0,0.0,1.0,1.0,0.0,0.0,1.0,0.0,0.0,0.0,0.0,0.0,1.0,1.0,0.0,0.0,0.0,0.0,0.0,0.0,0.0,1.0,1.0,0.0,0.0,0.0,0.0,1.0,0.0,0.0,0.0,0.0,0.0,0.0,0.0
5802908,2026-08-22T18:45:00.000Z,1,Ligue 1,Toulouse,9941,Lyon,9748,1256224,Mário Sauer,Toulouse,9941,False,0.0,0.0,0.0,0.0,0.0,0.0,0.0,0.0,0.0,0.0,0.0,0.0,0.0,0.0,0.0,0.0,0.0,0.0,0.0,0.0,0.0,0.0,0.0,0.0,0.0,0.0,0.0,0.0,0.0,0.0,0.0,0.0,0.0,0.0,0.0,0.0,0.0,0.0,0.0,0.0,0.0,0.0,0.0,0.0,0.0,0.0,0.0,0.0,0.0,0.0,0.0,0.0,0.0,0.0,0.0,0.0,0.0,0.0,0.0,0.0,0.0,0.0,0.0,0.0
5802908,2026-08-22T18:45:00.000Z,1,Ligue 1,Toulouse,9941,Lyon,9748,1338390,Ernest Nuamah,Lyon,9748,False,0.0,0.0,0.0,0.0,0.0,0.0,0.0,0.0,0.0,0.0,0.0,0.0,0.0,0.0,0.0,0.0,0.0,0.0,0.0,0.0,0.0,0.0,0.0,0.0,0.0,0.0,0.0,0.0,0.0,0.0,0.0,0.0,0.0,0.0,0.0,0.0,0.0,0.0,0.0,0.0,0.0,0.0,0.0,0.0,0.0,0.0,0.0,0.0,0.0,0.0,0.0,0.0,0.0,0.0,0.0,0.0,0.0,0.0,0.0,0.0,0.0,0.0,0.0,0.0
5802908,2026-08-22T18:45:00.000Z,1,Ligue 1,Toulouse,9941,Lyon,9748,1362516,Santiago Hidalgo,Toulouse,9941,False,6.06,71.0,0.0,0.0,0.25,0.08,0.01,0.26,3.0,6.0,7.0,0.0,1.0,1.0,1.0,2.0,1.0,20.0,5.0,0.0,1.0,0.0,0.25,1.0,0.0,0.0,0.0,4.0,0.0,3.0,5.0,0.0,1.0,2.0,1.0,3.0,3.0,0.0,0.0,0.0,0.0,0.0,0.0,0.0,0.0,0.0,0.0,0.0,0.0,0.0,0.0,1.0,0.0,1.0,0.0,0.0,0.0,0.0,0.0,0.0,0.0,0.0,0.0,0.0
5802908,2026-08-22T18:45:00.000Z,1,Ligue 1,Toulouse,9941,Lyon,9748,1364069,Malick Fofana,Lyon,9748,False,7.59,27.0,1.0,0.0,0.08,0.83,0.01,0.09,1.0,9.0,9.0,0.0,1.0,0.0,1.0,1.0,1.0,25.0,3.0,0.0,1.0,0.0,0.08,1.0,0.0,0.0,0.0,1.0,0.0,4.0,7.0,0.0,0.0,1.0,1.0,4.0,3.0,0.0,0.0,0.0,0.0,0.0,0.0,0.0,0.0,0.0,0.0,0.0,0.0,0.0,0.0,4.0,0.0,0.0,2.0,3.0,0.0,0.0,0.0,0.0,0.0,0.0,0.0,0.0
5802908,2026-08-22T18:45:00.000Z,1,Ligue 1,Toulouse,9941,Lyon,9748,1368304,Julien Duranville,Lyon,9748,False,6.64,63.0,0.0,0.0,0.0,0.0,0.06,0.06,0.0,20.0,22.0,0.0,0.0,0.0,0.0,0.0,0.0,30.0,5.0,1.0,1.0,0.0,0.0,0.0,0.0,0.0,0.0,1.0,0.0,2.0,4.0,0.0,0.0,1.0,0.0,2.0,2.0,0.0,0.0,0.0,0.0,3.0,3.0,0.0,0.0,0.0,0.0,0.0,0.0,0.0,0.0,2.0,0.0,0.0,1.0,2.0,1.0,0.0,0.0,0.0,0.0,0.0,0.0,0.0
5802908,2026-08-22T18:45:00.000Z,1,Ligue 1,Toulouse,9941,Lyon,9748,1368710,Noah Nartey,Lyon,9748,False,8.01,69.0,1.0,0.0,0.07,0.47,0.03,0.1,1.0,17.0,22.0,1.0,1.0,0.0,1.0,1.0,3.0,31.0,1.0,1.0,0.0,0.0,0.07,1.0,0.0,1.0,1.0,3.0,0.0,3.0,7.0,0.0,0.0,1.0,2.0,3.0,4.0,0.0,0.0,0.0,0.0,1.0,2.0,0.0,0.0,0.0,0.0,0.0,0.0,0.0,0.0,0.0,0.0,0.0,1.0,3.0,0.0,0.0,0.0,0.0,0.0,0.0,0.0,0.0
5802908,2026-08-22T18:45:00.000Z,1,Ligue 1,Toulouse,9941,Lyon,9748,1469996,David Odogu,Toulouse,9941,False,0.0,0.0,0.0,0.0,0.0,0.0,0.0,0.0,0.0,0.0,0.0,0.0,0.0,0.0,0.0,0.0,0.0,0.0,0.0,0.0,0.0,0.0,0.0,0.0,0.0,0.0,0.0,0.0,0.0,0.0,0.0,0.0,0.0,0.0,0.0,0.0,0.0,0.0,0.0,0.0,0.0,0.0,0.0,0.0,0.0,0.0,0.0,0.0,0.0,0.0,0.0,0.0,0.0,0.0,0.0,0.0,0.0,0.0,0.0,0.0,0.0,0.0,0.0,0.0
5802908,2026-08-22T18:45:00.000Z,1,Ligue 1,Toulouse,9941,Lyon,9748,1481910,Thomas Jørgensen,Toulouse,9941,False,7.0,90.0,0.0,0.0,0.76,0.0,0.15,0.91,2.0,19.0,27.0,3.0,0.0,1.0,0.0,1.0,3.0,42.0,6.0,2.0,0.0,0.0,0.76,3.0,0.0,0.0,0.0,2.0,0.0,5.0,8.0,0.0,0.0,0.0,2.0,5.0,3.0,0.0,0.0,0.0,0.0,2.0,2.0,0.0,0.0,0.0,0.0,0.0,0.0,0.0,2.0,5.0,0.0,1.0,2.0,3.0,4.0,1.0,0.0,0.0,0.0,0.0,0.0,0.0
5802908,2026-08-22T18:45:00.000Z,1,Ligue 1,Toulouse,9941,Lyon,9748,1487879,Mathys Niflore,Toulouse,9941,True,0.0,0.0,0.0,0.0,0.0,0.0,0.0,0.0,0.0,0.0,0.0,0.0,0.0,0.0,0.0,0.0,0.0,0.0,0.0,0.0,0.0,0.0,0.0,0.0,0.0,0.0,0.0,0.0,0.0,0.0,0.0,0.0,0.0,0.0,0.0,0.0,0.0,0.0,0.0,0.0,0.0,0.0,0.0,0.0,0.0,0.0,0.0,0.0,0.0,0.0,0.0,0.0,0.0,0.0,0.0,0.0,0.0,0.0,0.0,0.0,0.0,0.0,0.0,0.0
5802908,2026-08-22T18:45:00.000Z,1,Ligue 1,Toulouse,9941,Lyon,9748,1512829,Mohamed Ouédraogo,Lyon,9748,False,7.28,90.0,0.0,0.0,0.0,0.0,0.03,0.03,0.0,54.0,67.0,0.0,0.0,0.0,0.0,0.0,5.0,100.0,0.0,4.0,2.0,0.0,0.0,0.0,0.0,1.0,4.0,7.0,1.0,3.0,9.0,0.0,0.0,1.0,2.0,3.0,6.0,0.0,0.0,0.0,0.0,5.0,7.0,0.0,0.0,0.0,0.0,0.0,0.0,0.0,0.0,1.0,1.0,0.0,2.0,3.0,0.0,0.0,0.0,0.0,0.0,0.0,0.0,0.0
5802908,2026-08-22T18:45:00.000Z,1,Ligue 1,Toulouse,9941,Lyon,9748,1524210,Guillaume Restes,Toulouse,9941,True,6.22,90.0,0.0,0.0,0.0,0.0,0.0,0.0,0.0,42.0,46.0,0.0,0.0,0.0,0.0,0.0,1.0,53.0,0.0,5.0,0.0,0.0,0.0,0.0,0.0,1.0,0.0,6.0,0.0,2.0,2.0,0.0,0.0,1.0,0.0,2.0,0.0,1.0,2.0,1.53,-0.47,4.0,8.0,0.0,1.0,1.0,0.0,2.0,1.0,0.0,0.0,0.0,0.0,0.0,1.0,1.0,0.0,0.0,0.0,0.0,0.0,0.0,0.0,0.0
5802908,2026-08-22T18:45:00.000Z,1,Ligue 1,Toulouse,9941,Lyon,9748,1595629,Zachary Athekame,Lyon,9748,False,7.39,90.0,0.0,0.0,0.0,0.0,0.01,0.01,0.0,32.0,38.0,0.0,0.0,0.0,0.0,0.0,8.0,63.0,0.0,3.0,0.0,0.0,0.0,3.0,0.0,4.0,1.0,3.0,2.0,6.0,11.0,0.0,0.0,3.0,2.0,6.0,5.0,0.0,0.0,0.0,0.0,0.0,4.0,0.0,0.0,0.0,0.0,0.0,0.0,0.0,0.0,3.0,1.0,0.0,0.0,2.0,0.0,0.0,0.0,0.0,0.0,0.0,0.0,0.0
5802908,2026-08-22T18:45:00.000Z,1,Ligue 1,Toulouse,9941,Lyon,9748,1611220,Julián Vignolo,Toulouse,9941,False,6.46,71.0,0.0,0.0,0.28,0.35,0.06,0.34,4.0,4.0,8.0,1.0,1.0,2.0,1.0,3.0,3.0,22.0,4.0,1.0,0.0,0.0,0.28,1.0,0.0,2.0,0.0,4.0,1.0,2.0,6.0,0.0,0.0,1.0,2.0,2.0,4.0,0.0,0.0,0.0,0.0,0.0,0.0,0.0,0.0,0.0,0.0,0.0,0.0,0.0,0.0,1.0,0.0,1.0,0.0,1.0,0.0,0.0,0.0,0.0,0.0,0.0,0.0,0.0
5802908,2026-08-22T18:45:00.000Z,1,Ligue 1,Toulouse,9941,Lyon,9748,1640973,Rafik Messali,Toulouse,9941,False,6.0,19.0,0.0,0.0,0.0,0.0,0.02,0.02,0.0,15.0,19.0,0.0,0.0,0.0,0.0,0.0,2.0,31.0,0.0,3.0,1.0,0.0,0.0,1.0,0.0,0.0,1.0,2.0,2.0,2.0,6.0,1.0,1.0,1.0,1.0,3.0,4.0,0.0,0.0,0.0,0.0,1.0,1.0,0.0,0.0,0.0,0.0,0.0,0.0,0.0,0.0,1.0,0.0,0.0,0.0,0.0,0.0,0.0,0.0,0.0,0.0,0.0,0.0,0.0
5802908,2026-08-22T18:45:00.000Z,1,Ligue 1,Toulouse,9941,Lyon,9748,1664718,Mathis Saka,Toulouse,9941,False,0.0,4.0,0.0,0.0,0.0,0.0,0.0,0.0,0.0,2.0,2.0,0.0,0.0,0.0,0.0,0.0,0.0,4.0,1.0,0.0,1.0,0.0,0.0,0.0,0.0,0.0,0.0,0.0,0.0,0.0,2.0,0.0,0.0,0.0,1.0,0.0,2.0,0.0,0.0,0.0,0.0,0.0,0.0,0.0,0.0,0.0,0.0,0.0,0.0,0.0,0.0,0.0,0.0,0.0,0.0,0.0,0.0,0.0,0.0,0.0,0.0,0.0,0.0,0.0
5802908,2026-08-22T18:45:00.000Z,1,Ligue 1,Toulouse,9941,Lyon,9748,1666482,Christ Tapé,Toulouse,9941,False,5.6,90.0,0.0,0.0,1.02,0.0,0.02,1.04,2.0,30.0,35.0,1.0,0.0,2.0,0.0,2.0,1.0,54.0,3.0,3.0,2.0,0.0,1.02,0.0,0.0,1.0,0.0,2.0,1.0,2.0,7.0,1.0,1.0,1.0,1.0,3.0,5.0,0.0,0.0,0.0,0.0,0.0,1.0,0.0,0.0,0.0,0.0,0.0,0.0,0.0,0.0,1.0,1.0,0.0,1.0,2.0,0.0,2.0,0.0,0.0,0.0,0.0,0.0,0.0
5802908,2026-08-22T18:45:00.000Z,1,Ligue 1,Toulouse,9941,Lyon,9748,1668299,Ismaïl Diallo,Toulouse,9941,False,6.27,71.0,0.0,0.0,0.0,0.0,0.01,0.01,0.0,17.0,25.0,0.0,0.0,0.0,0.0,0.0,3.0,41.0,0.0,6.0,0.0,1.0,0.0,2.0,0.0,1.0,0.0,3.0,1.0,5.0,7.0,0.0,0.0,3.0,1.0,5.0,2.0,0.0,0.0,0.0,0.0,1.0,6.0,0.0,0.0,0.0,0.0,0.0,0.0,0.0,0.0,2.0,1.0,0.0,0.0,0.0,0.0,0.0,0.0,0.0,0.0,0.0,0.0,0.0
5802908,2026-08-22T18:45:00.000Z,1,Ligue 1,Toulouse,9941,Lyon,9748,1717493,Sion Oppong,Toulouse,9941,False,6.45,10.0,0.0,0.0,0.0,0.0,0.0,0.0,0.0,3.0,3.0,0.0,0.0,0.0,0.0,0.0,1.0,6.0,0.0,1.0,0.0,0.0,0.0,1.0,0.0,0.0,0.0,0.0,0.0,3.0,3.0,0.0,0.0,1.0,0.0,3.0,0.0,0.0,0.0,0.0,0.0,0.0,0.0,0.0,0.0,0.0,0.0,0.0,0.0,0.0,0.0,0.0,0.0,0.0,1.0,1.0,0.0,0.0,0.0,0.0,0.0,0.0,0.0,0.0
5802908,2026-08-22T18:45:00.000Z,1,Ligue 1,Toulouse,9941,Lyon,9748,1739906,Mathys de Carvalho,Lyon,9748,False,6.57,69.0,0.0,0.0,0.0,0.0,0.01,0.01,0.0,23.0,28.0,0.0,0.0,0.0,0.0,0.0,4.0,37.0,0.0,5.0,0.0,0.0,0.0,2.0,1.0,1.0,0.0,2.0,0.0,3.0,4.0,0.0,2.0,1.0,0.0,3.0,3.0,0.0,0.0,0.0,0.0,1.0,3.0,0.0,0.0,0.0,0.0,0.0,0.0,0.0,0.0,0.0,1.0,0.0,0.0,1.0,0.0,0.0,0.0,0.0,0.0,0.0,0.0,0.0
5802908,2026-08-22T18:45:00.000Z,1,Ligue 1,Toulouse,9941,Lyon,9748,1751857,Ilyas Azizi,Toulouse,9941,False,6.4,19.0,0.0,0.0,0.0,0.0,0.0,0.0,0.0,6.0,11.0,0.0,0.0,0.0,0.0,0.0,0.0,16.0,2.0,1.0,0.0,0.0,0.0,0.0,0.0,0.0,0.0,1.0,0.0,2.0,2.0,1.0,2.0,1.0,0.0,3.0,1.0,0.0,0.0,0.0,0.0,0.0,1.0,0.0,0.0,0.0,0.0,0.0,0.0,0.0,0.0,0.0,0.0,0.0,1.0,1.0,0.0,0.0,0.0,0.0,0.0,0.0,0.0,0.0
5802908,2026-08-22T18:45:00.000Z,1,Ligue 1,Toulouse,9941,Lyon,9748,1791729,Seny Koumbassa,Toulouse,9941,False,0.0,0.0,0.0,0.0,0.0,0.0,0.0,0.0,0.0,0.0,0.0,0.0,0.0,0.0,0.0,0.0,0.0,0.0,0.0,0.0,0.0,0.0,0.0,0.0,0.0,0.0,0.0,0.0,0.0,0.0,0.0,0.0,0.0,0.0,0.0,0.0,0.0,0.0,0.0,0.0,0.0,0.0,0.0,0.0,0.0,0.0,0.0,0.0,0.0,0.0,0.0,0.0,0.0,0.0,0.0,0.0,0.0,0.0,0.0,0.0,0.0,0.0,0.0,0.0
5802908,2026-08-22T18:45:00.000Z,1,Ligue 1,Toulouse,9941,Lyon,9748,1793704,Rémi Himbert,Lyon,9748,False,6.63,63.0,0.0,0.0,0.0,0.0,0.02,0.02,0.0,7.0,10.0,2.0,0.0,0.0,0.0,0.0,1.0,16.0,3.0,1.0,1.0,0.0,0.0,0.0,0.0,0.0,1.0,1.0,1.0,1.0,5.0,1.0,3.0,1.0,3.0,2.0,6.0,0.0,0.0,0.0,0.0,0.0,1.0,0.0,0.0,0.0,0.0,0.0,0.0,0.0,0.0,0.0,0.0,0.0,0.0,0.0,0.0,0.0,0.0,0.0,0.0,0.0,0.0,0.0
5802908,2026-08-22T18:45:00.000Z,1,Ligue 1,Toulouse,9941,Lyon,9748,1896949,Kaïl Boudache,Lyon,9748,False,7.14,90.0,0.0,0.0,0.38,0.22,0.04,0.42,6.0,18.0,21.0,0.0,1.0,3.0,1.0,4.0,1.0,40.0,7.0,1.0,1.0,0.0,0.38,1.0,0.0,0.0,0.0,4.0,2.0,4.0,9.0,0.0,0.0,1.0,2.0,4.0,5.0,0.0,0.0,0.0,0.0,1.0,2.0,0.0,0.0,0.0,0.0,0.0,0.0,0.0,0.0,3.0,0.0,2.0,2.0,2.0,3.0,1.0,0.0,0.0,0.0,0.0,0.0,0.0
5802909,2026-08-22T18:45:00.000Z,1,Ligue 1,Troyes,10242,Paris FC,6379,145550,Kevin Trapp,Paris FC,6379,True,7.61,90.0,0.0,0.0,0.0,0.0,0.0,0.0,0.0,33.0,40.0,0.0,0.0,0.0,0.0,0.0,2.0,46.0,0.0,3.0,0.0,0.0,0.0,0.0,0.0,2.0,0.0,6.0,0.0,0.0,0.0,0.0,0.0,0.0,0.0,0.0,0.0,2.0,0.0,0.47,0.47,4.0,10.0,1.0,2.0,1.0,1.0,2.0,0.0,0.0,0.0,0.0,0.0,0.0,0.0,0.0,0.0,0.0,0.0,0.0,0.0,0.0,0.0,0.0
5802909,2026-08-22T18:45:00.000Z,1,Ligue 1,Troyes,10242,Paris FC,6379,348420,Renaud Ripart,Troyes,10242,False,6.45,86.0,0.0,0.0,0.23,0.47,0.01,0.24000000000000002,3.0,4.0,14.0,0.0,2.0,1.0,2.0,3.0,0.0,25.0,5.0,1.0,1.0,0.0,0.23,0.0,0.0,0.0,0.0,3.0,0.0,3.0,6.0,6.0,8.0,3.0,1.0,9.0,5.0,0.0,0.0,0.0,0.0,1.0,1.0,0.0,0.0,0.0,0.0,0.0,0.0,0.0,0.0,1.0,0.0,0.0,0.0,1.0,0.0,0.0,0.0,0.0,0.0,0.0,0.0,0.0
5802909,2026-08-22T18:45:00.000Z,1,Ligue 1,Troyes,10242,Paris FC,6379,426892,Hamari Traoré,Paris FC,6379,False,0.0,0.0,0.0,0.0,0.0,0.0,0.0,0.0,0.0,0.0,0.0,0.0,0.0,0.0,0.0,0.0,0.0,0.0,0.0,0.0,0.0,0.0,0.0,0.0,0.0,0.0,0.0,0.0,0.0,0.0,0.0,0.0,0.0,0.0,0.0,0.0,0.0,0.0,0.0,0.0,0.0,0.0,0.0,0.0,0.0,0.0,0.0,0.0,0.0,0.0,0.0,0.0,0.0,0.0,0.0,0.0,0.0,0.0,0.0,0.0,0.0,0.0,0.0,0.0
5802909,2026-08-22T18:45:00.000Z,1,Ligue 1,Troyes,10242,Paris FC,6379,465719,Adrien Monfray,Troyes,10242,False,7.47,90.0,0.0,0.0,0.0,0.0,0.03,0.03,0.0,73.0,79.0,0.0,0.0,0.0,0.0,0.0,8.0,93.0,0.0,17.0,0.0,0.0,0.0,1.0,1.0,4.0,2.0,3.0,2.0,1.0,3.0,2.0,2.0,0.0,0.0,3.0,2.0,0.0,0.0,0.0,0.0,10.0,13.0,0.0,0.0,0.0,0.0,0.0,0.0,0.0,0.0,0.0,2.0,0.0,0.0,0.0,0.0,0.0,0.0,0.0,0.0,0.0,0.0,0.0
5802909,2026-08-22T18:45:00.000Z,1,Ligue 1,Troyes,10242,Paris FC,6379,467486,Moses Simon,Paris FC,6379,False,6.85,45.0,0.0,0.0,0.0,0.0,0.68,0.68,0.0,23.0,24.0,2.0,0.0,0.0,0.0,0.0,1.0,28.0,1.0,1.0,0.0,0.0,0.0,1.0,0.0,0.0,0.0,1.0,0.0,2.0,3.0,0.0,0.0,0.0,1.0,2.0,1.0,0.0,0.0,0.0,0.0,0.0,0.0,0.0,0.0,0.0,0.0,0.0,0.0,1.0,0.0,0.0,0.0,0.0,1.0,1.0,0.0,0.0,0.0,0.0,0.0,0.0,0.0,0.0
5802909,2026-08-22T18:45:00.000Z,1,Ligue 1,Troyes,10242,Paris FC,6379,560896,Hillel Konaté,Troyes,10242,True,0.0,0.0,0.0,0.0,0.0,0.0,0.0,0.0,0.0,0.0,0.0,0.0,0.0,0.0,0.0,0.0,0.0,0.0,0.0,0.0,0.0,0.0,0.0,0.0,0.0,0.0,0.0,0.0,0.0,0.0,0.0,0.0,0.0,0.0,0.0,0.0,0.0,0.0,0.0,0.0,0.0,0.0,0.0,0.0,0.0,0.0,0.0,0.0,0.0,0.0,0.0,0.0,0.0,0.0,0.0,0.0,0.0,0.0,0.0,0.0,0.0,0.0,0.0,0.0
5802909,2026-08-22T18:45:00.000Z,1,Ligue 1,Troyes,10242,Paris FC,6379,614207,Maxime Lopez,Paris FC,6379,False,6.5,27.0,0.0,0.0,0.0,0.0,0.01,0.01,0.0,30.0,33.0,0.0,0.0,0.0,0.0,0.0,2.0,35.0,0.0,3.0,0.0,0.0,0.0,2.0,0.0,0.0,0.0,1.0,0.0,2.0,3.0,0.0,0.0,0.0,1.0,2.0,1.0,0.0,0.0,0.0,0.0,0.0,0.0,0.0,0.0,0.0,0.0,0.0,0.0,0.0,0.0,0.0,0.0,0.0,0.0,0.0,0.0,0.0,0.0,0.0,0.0,0.0,0.0,0.0
5802909,2026-08-22T18:45:00.000Z,1,Ligue 1,Troyes,10242,Paris FC,6379,640292,Vincent Marchetti,Paris FC,6379,False,0.0,0.0,0.0,0.0,0.0,0.0,0.0,0.0,0.0,0.0,0.0,0.0,0.0,0.0,0.0,0.0,0.0,0.0,0.0,0.0,0.0,0.0,0.0,0.0,0.0,0.0,0.0,0.0,0.0,0.0,0.0,0.0,0.0,0.0,0.0,0.0,0.0,0.0,0.0,0.0,0.0,0.0,0.0,0.0,0.0,0.0,0.0,0.0,0.0,0.0,0.0,0.0,0.0,0.0,0.0,0.0,0.0,0.0,0.0,0.0,0.0,0.0,0.0,0.0
5802909,2026-08-22T18:45:00.000Z,1,Ligue 1,Troyes,10242,Paris FC,6379,660462,Pierre Lees-Melou,Paris FC,6379,False,7.56,90.0,0.0,0.0,0.07,0.0,0.06,0.13,1.0,65.0,77.0,0.0,0.0,0.0,0.0,0.0,5.0,89.0,1.0,13.0,1.0,0.0,0.07,3.0,0.0,1.0,1.0,7.0,1.0,5.0,7.0,1.0,2.0,0.0,0.0,6.0,3.0,0.0,0.0,0.0,0.0,4.0,9.0,0.0,0.0,0.0,0.0,0.0,0.0,0.0,0.0,0.0,0.0,1.0,2.0,2.0,0.0,0.0,0.0,0.0,0.0,0.0,0.0,0.0
5802909,2026-08-22T18:45:00.000Z,1,Ligue 1,Troyes,10242,Paris FC,6379,784448,Thibault De Smet,Paris FC,6379,False,0.0,0.0,0.0,0.0,0.0,0.0,0.0,0.0,0.0,0.0,0.0,0.0,0.0,0.0,0.0,0.0,0.0,0.0,0.0,0.0,0.0,0.0,0.0,0.0,0.0,0.0,0.0,0.0,0.0,0.0,0.0,0.0,0.0,0.0,0.0,0.0,0.0,0.0,0.0,0.0,0.0,0.0,0.0,0.0,0.0,0.0,0.0,0.0,0.0,0.0,0.0,0.0,0.0,0.0,0.0,0.0,0.0,0.0,0.0,0.0,0.0,0.0,0.0,0.0
5802909,2026-08-22T18:45:00.000Z,1,Ligue 1,Troyes,10242,Paris FC,6379,923196,Lassine Sinayoko,Paris FC,6379,False,7.2,79.0,0.0,0.0,0.42,0.0,0.01,0.43,1.0,13.0,16.0,2.0,0.0,1.0,0.0,1.0,5.0,29.0,2.0,3.0,1.0,1.0,0.42,4.0,0.0,0.0,1.0,3.0,0.0,7.0,9.0,2.0,4.0,2.0,2.0,9.0,4.0,0.0,0.0,0.0,0.0,1.0,1.0,0.0,0.0,0.0,0.0,0.0,0.0,0.0,0.0,0.0,0.0,0.0,1.0,1.0,0.0,1.0,0.0,0.0,0.0,0.0,0.0,0.0
5802909,2026-08-22T18:45:00.000Z,1,Ligue 1,Troyes,10242,Paris FC,6379,992082,Alexandre Phliponeau,Troyes,10242,False,6.41,14.0,0.0,0.0,0.0,0.0,0.0,0.0,0.0,9.0,9.0,0.0,0.0,0.0,0.0,0.0,2.0,12.0,0.0,1.0,0.0,0.0,0.0,0.0,0.0,1.0,1.0,2.0,0.0,0.0,1.0,1.0,1.0,0.0,1.0,1.0,1.0,0.0,0.0,0.0,0.0,0.0,0.0,0.0,0.0,0.0,0.0,0.0,0.0,0.0,0.0,0.0,1.0,0.0,0.0,0.0,0.0,0.0,0.0,0.0,0.0,0.0,0.0,0.0
5802909,2026-08-22T18:45:00.000Z,1,Ligue 1,Troyes,10242,Paris FC,6379,999690,Ilan Kebbal,Paris FC,6379,False,7.46,90.0,0.0,0.0,0.1,0.18,0.08,0.18,3.0,51.0,63.0,1.0,1.0,1.0,1.0,2.0,1.0,83.0,4.0,4.0,1.0,0.0,0.1,1.0,0.0,0.0,0.0,12.0,1.0,3.0,8.0,0.0,1.0,0.0,2.0,3.0,6.0,0.0,0.0,0.0,0.0,1.0,4.0,0.0,0.0,0.0,0.0,0.0,0.0,0.0,0.0,3.0,0.0,1.0,2.0,3.0,2.0,0.0,0.0,0.0,0.0,0.0,0.0,1.0
5802909,2026-08-22T18:45:00.000Z,1,Ligue 1,Troyes,10242,Paris FC,6379,1030945,Iron Gomis,Troyes,10242,False,7.11,76.0,0.0,0.0,0.01,0.0,0.01,0.02,1.0,11.0,14.0,1.0,0.0,1.0,0.0,1.0,4.0,26.0,3.0,1.0,0.0,0.0,0.01,2.0,0.0,1.0,1.0,2.0,0.0,4.0,5.0,3.0,5.0,2.0,0.0,7.0,3.0,0.0,0.0,0.0,0.0,0.0,0.0,0.0,0.0,0.0,0.0,0.0,0.0,0.0,0.0,0.0,0.0,0.0,0.0,1.0,0.0,0.0,0.0,0.0,0.0,0.0,0.0,0.0
5802909,2026-08-22T18:45:00.000Z,1,Ligue 1,Troyes,10242,Paris FC,6379,1039219,Samir Chergui,Paris FC,6379,False,0.0,0.0,0.0,0.0,0.0,0.0,0.0,0.0,0.0,0.0,0.0,0.0,0.0,0.0,0.0,0.0,0.0,0.0,0.0,0.0,0.0,0.0,0.0,0.0,0.0,0.0,0.0,0.0,0.0,0.0,0.0,0.0,0.0,0.0,0.0,0.0,0.0,0.0,0.0,0.0,0.0,0.0,0.0,0.0,0.0,0.0,0.0,0.0,0.0,0.0,0.0,0.0,0.0,0.0,0.0,0.0,0.0,0.0,0.0,0.0,0.0,0.0,0.0,0.0
5802909,2026-08-22T18:45:00.000Z,1,Ligue 1,Troyes,10242,Paris FC,6379,1039458,Paolo Gozzi,Troyes,10242,False,0.0,0.0,0.0,0.0,0.0,0.0,0.0,0.0,0.0,0.0,0.0,0.0,0.0,0.0,0.0,0.0,0.0,0.0,0.0,0.0,0.0,0.0,0.0,0.0,0.0,0.0,0.0,0.0,0.0,0.0,0.0,0.0,0.0,0.0,0.0,0.0,0.0,0.0,0.0,0.0,0.0,0.0,0.0,0.0,0.0,0.0,0.0,0.0,0.0,0.0,0.0,0.0,0.0,0.0,0.0,0.0,0.0,0.0,0.0,0.0,0.0,0.0,0.0,0.0
5802909,2026-08-22T18:45:00.000Z,1,Ligue 1,Troyes,10242,Paris FC,6379,1053678,Mamadou Mbow,Paris FC,6379,False,6.65,90.0,0.0,0.0,0.0,0.0,0.01,0.01,0.0,116.0,117.0,0.0,0.0,0.0,0.0,0.0,6.0,126.0,0.0,1.0,0.0,0.0,0.0,1.0,1.0,4.0,0.0,1.0,0.0,1.0,2.0,0.0,3.0,0.0,1.0,1.0,4.0,0.0,0.0,0.0,0.0,0.0,1.0,0.0,0.0,0.0,0.0,0.0,0.0,0.0,0.0,0.0,1.0,0.0,0.0,0.0,0.0,0.0,0.0,0.0,0.0,0.0,0.0,0.0
5802909,2026-08-22T18:45:00.000Z,1,Ligue 1,Troyes,10242,Paris FC,6379,1108031,Kandet Diawara,Troyes,10242,False,6.37,75.0,0.0,0.0,0.02,0.0,0.06,0.08,1.0,19.0,24.0,1.0,0.0,0.0,0.0,0.0,0.0,36.0,2.0,2.0,2.0,1.0,0.02,0.0,0.0,0.0,0.0,6.0,0.0,0.0,4.0,1.0,1.0,0.0,1.0,1.0,4.0,0.0,0.0,0.0,0.0,0.0,0.0,0.0,0.0,0.0,0.0,0.0,0.0,0.0,0.0,4.0,0.0,1.0,0.0,1.0,4.0,0.0,0.0,0.0,0.0,0.0,0.0,0.0
5802909,2026-08-22T18:45:00.000Z,1,Ligue 1,Troyes,10242,Paris FC,6379,1127125,Obed Nkambadio,Paris FC,6379,True,0.0,0.0,0.0,0.0,0.0,0.0,0.0,0.0,0.0,0.0,0.0,0.0,0.0,0.0,0.0,0.0,0.0,0.0,0.0,0.0,0.0,0.0,0.0,0.0,0.0,0.0,0.0,0.0,0.0,0.0,0.0,0.0,0.0,0.0,0.0,0.0,0.0,0.0,0.0,0.0,0.0,0.0,0.0,0.0,0.0,0.0,0.0,0.0,0.0,0.0,0.0,0.0,0.0,0.0,0.0,0.0,0.0,0.0,0.0,0.0,0.0,0.0,0.0,0.0
5802909,2026-08-22T18:45:00.000Z,1,Ligue 1,Troyes,10242,Paris FC,6379,1190113,Otávio,Paris FC,6379,False,7.69,90.0,0.0,0.0,0.0,0.0,0.01,0.01,0.0,84.0,87.0,0.0,0.0,0.0,0.0,0.0,12.0,108.0,0.0,4.0,0.0,0.0,0.0,4.0,1.0,7.0,0.0,5.0,0.0,4.0,6.0,2.0,3.0,0.0,2.0,6.0,3.0,0.0,0.0,0.0,0.0,3.0,6.0,0.0,0.0,0.0,0.0,0.0,0.0,0.0,0.0,0.0,6.0,0.0,0.0,0.0,0.0,0.0,0.0,0.0,0.0,0.0,0.0,0.0
5802909,2026-08-22T18:45:00.000Z,1,Ligue 1,Troyes,10242,Paris FC,6379,1276315,Dermane Karim,Troyes,10242,False,0.0,0.0,0.0,0.0,0.0,0.0,0.0,0.0,0.0,0.0,0.0,0.0,0.0,0.0,0.0,0.0,0.0,0.0,0.0,0.0,0.0,0.0,0.0,0.0,0.0,0.0,0.0,0.0,0.0,0.0,0.0,0.0,0.0,0.0,0.0,0.0,0.0,0.0,0.0,0.0,0.0,0.0,0.0,0.0,0.0,0.0,0.0,0.0,0.0,0.0,0.0,0.0,0.0,0.0,0.0,0.0,0.0,0.0,0.0,0.0,0.0,0.0,0.0,0.0
5802909,2026-08-22T18:45:00.000Z,1,Ligue 1,Troyes,10242,Paris FC,6379,1321149,Mouhamed Diop,Troyes,10242,False,6.56,90.0,0.0,0.0,0.0,0.0,0.02,0.02,0.0,46.0,49.0,0.0,0.0,0.0,0.0,0.0,7.0,65.0,0.0,2.0,2.0,0.0,0.0,2.0,0.0,3.0,2.0,4.0,4.0,5.0,12.0,0.0,1.0,3.0,1.0,5.0,8.0,0.0,0.0,0.0,0.0,2.0,4.0,0.0,0.0,0.0,0.0,0.0,0.0,0.0,0.0,0.0,2.0,0.0,0.0,0.0,0.0,0.0,0.0,0.0,0.0,0.0,0.0,0.0
5802909,2026-08-22T18:45:00.000Z,1,Ligue 1,Troyes,10242,Paris FC,6379,1321562,Diego Coppola,Paris FC,6379,False,7.46,90.0,0.0,0.0,0.0,0.0,0.01,0.01,0.0,83.0,93.0,0.0,0.0,0.0,0.0,0.0,14.0,113.0,0.0,6.0,0.0,0.0,0.0,3.0,0.0,11.0,0.0,4.0,0.0,4.0,4.0,1.0,7.0,1.0,0.0,5.0,6.0,0.0,0.0,0.0,0.0,2.0,8.0,0.0,0.0,0.0,0.0,0.0,0.0,0.0,0.0,0.0,7.0,0.0,0.0,0.0,0.0,0.0,0.0,0.0,0.0,0.0,0.0,0.0
5802909,2026-08-22T18:45:00.000Z,1,Ligue 1,Troyes,10242,Paris FC,6379,1331097,Pablo Pagis,Paris FC,6379,False,6.1,81.0,0.0,0.0,0.26,0.0,0.01,0.27,3.0,21.0,24.0,0.0,0.0,3.0,0.0,3.0,1.0,41.0,2.0,3.0,2.0,0.0,0.26,0.0,0.0,0.0,1.0,3.0,1.0,2.0,6.0,1.0,2.0,2.0,1.0,3.0,5.0,0.0,0.0,0.0,0.0,1.0,1.0,0.0,0.0,0.0,0.0,0.0,0.0,0.0,0.0,2.0,0.0,0.0,0.0,0.0,0.0,0.0,0.0,0.0,0.0,0.0,0.0,0.0
5802909,2026-08-22T18:45:00.000Z,1,Ligue 1,Troyes,10242,Paris FC,6379,1335765,Patrick Beach,Troyes,10242,True,7.33,90.0,0.0,0.0,0.0,0.0,0.0,0.0,0.0,13.0,23.0,0.0,0.0,0.0,0.0,0.0,1.0,30.0,0.0,8.0,0.0,0.0,0.0,0.0,0.0,1.0,0.0,7.0,0.0,0.0,0.0,0.0,0.0,0.0,0.0,0.0,0.0,1.0,0.0,0.18,0.18,4.0,14.0,1.0,0.0,3.0,0.0,5.0,0.0,0.0,0.0,0.0,0.0,0.0,0.0,0.0,0.0,0.0,0.0,0.0,0.0,0.0,0.0,0.0
5802909,2026-08-22T18:45:00.000Z,1,Ligue 1,Troyes,10242,Paris FC,6379,1342983,Antoine Mille,Troyes,10242,False,6.37,15.0,0.0,0.0,0.03,0.0,0.0,0.03,2.0,7.0,9.0,0.0,0.0,2.0,0.0,2.0,1.0,15.0,3.0,1.0,0.0,0.0,0.03,1.0,0.0,0.0,0.0,1.0,0.0,1.0,3.0,2.0,2.0,0.0,0.0,3.0,2.0,0.0,0.0,0.0,0.0,0.0,1.0,0.0,0.0,0.0,0.0,0.0,0.0,0.0,0.0,0.0,0.0,0.0,0.0,2.0,0.0,0.0,0.0,0.0,0.0,0.0,0.0,0.0
5802909,2026-08-22T18:45:00.000Z,1,Ligue 1,Troyes,10242,Paris FC,6379,1368318,Luca Koleosho,Paris FC,6379,False,6.46,45.0,0.0,0.0,0.02,0.0,0.02,0.04,1.0,17.0,22.0,1.0,0.0,0.0,0.0,0.0,2.0,29.0,1.0,3.0,1.0,1.0,0.02,0.0,0.0,0.0,2.0,2.0,0.0,1.0,3.0,0.0,0.0,0.0,1.0,1.0,2.0,0.0,0.0,0.0,0.0,2.0,2.0,0.0,0.0,0.0,0.0,0.0,0.0,0.0,0.0,0.0,0.0,1.0,1.0,1.0,0.0,0.0,0.0,0.0,0.0,0.0,0.0,0.0
5802909,2026-08-22T18:45:00.000Z,1,Ligue 1,Troyes,10242,Paris FC,6379,1401205,Michel Diaz,Troyes,10242,False,7.06,90.0,0.0,0.0,0.0,0.0,0.16,0.16,0.0,52.0,55.0,0.0,0.0,0.0,0.0,0.0,7.0,64.0,0.0,2.0,1.0,0.0,0.0,2.0,0.0,3.0,2.0,5.0,0.0,2.0,6.0,2.0,3.0,0.0,3.0,4.0,5.0,0.0,0.0,0.0,0.0,3.0,3.0,0.0,0.0,0.0,0.0,0.0,0.0,0.0,0.0,0.0,2.0,0.0,0.0,0.0,0.0,0.0,0.0,0.0,0.0,0.0,0.0,0.0
5802909,2026-08-22T18:45:00.000Z,1,Ligue 1,Troyes,10242,Paris FC,6379,1411553,Hugo Picard,Troyes,10242,False,7.0,90.0,0.0,0.0,0.0,0.0,0.17,0.17,0.0,32.0,38.0,2.0,0.0,0.0,0.0,0.0,2.0,52.0,2.0,2.0,1.0,0.0,0.0,1.0,0.0,0.0,1.0,7.0,1.0,1.0,4.0,0.0,0.0,0.0,0.0,1.0,3.0,0.0,0.0,0.0,0.0,3.0,3.0,0.0,0.0,0.0,0.0,0.0,0.0,0.0,3.0,5.0,0.0,0.0,0.0,1.0,1.0,0.0,0.0,0.0,0.0,0.0,0.0,0.0
5802909,2026-08-22T18:45:00.000Z,1,Ligue 1,Troyes,10242,Paris FC,6379,1487935,Yvann Titi,Troyes,10242,False,6.59,55.0,0.0,0.0,0.01,0.0,0.02,0.03,1.0,30.0,34.0,0.0,0.0,1.0,0.0,1.0,2.0,53.0,1.0,1.0,1.0,0.0,0.01,0.0,1.0,1.0,0.0,3.0,1.0,2.0,6.0,0.0,0.0,1.0,0.0,2.0,4.0,0.0,0.0,0.0,0.0,0.0,0.0,0.0,0.0,0.0,0.0,0.0,0.0,0.0,1.0,4.0,0.0,0.0,1.0,3.0,0.0,0.0,0.0,0.0,0.0,0.0,0.0,0.0
5802909,2026-08-22T18:45:00.000Z,1,Ligue 1,Troyes,10242,Paris FC,6379,1513317,Adama Camara,Paris FC,6379,False,7.72,90.0,0.0,0.0,0.0,0.0,0.01,0.01,0.0,44.0,52.0,1.0,0.0,0.0,0.0,0.0,9.0,78.0,1.0,2.0,1.0,0.0,0.0,2.0,0.0,4.0,3.0,5.0,0.0,5.0,8.0,1.0,3.0,1.0,1.0,6.0,5.0,0.0,0.0,0.0,0.0,2.0,3.0,0.0,0.0,0.0,0.0,0.0,0.0,0.0,0.0,1.0,2.0,0.0,2.0,3.0,0.0,0.0,0.0,0.0,0.0,0.0,0.0,0.0
5802909,2026-08-22T18:45:00.000Z,1,Ligue 1,Troyes,10242,Paris FC,6379,1523321,Merwan Ifnaou,Troyes,10242,False,7.4,90.0,0.0,0.0,0.12,0.0,0.26,0.38,1.0,34.0,44.0,3.0,0.0,0.0,0.0,0.0,0.0,54.0,2.0,5.0,0.0,0.0,0.12,0.0,0.0,0.0,0.0,6.0,0.0,2.0,3.0,1.0,1.0,1.0,0.0,3.0,1.0,0.0,0.0,0.0,0.0,3.0,7.0,0.0,0.0,0.0,0.0,0.0,0.0,0.0,2.0,4.0,0.0,1.0,1.0,2.0,1.0,0.0,0.0,0.0,0.0,0.0,0.0,0.0
5802909,2026-08-22T18:45:00.000Z,1,Ligue 1,Troyes,10242,Paris FC,6379,1529204,Omar Sissoko,Paris FC,6379,False,6.31,11.0,0.0,0.0,0.0,0.0,0.01,0.01,0.0,5.0,5.0,0.0,0.0,0.0,0.0,0.0,0.0,8.0,0.0,0.0,0.0,0.0,0.0,0.0,0.0,0.0,0.0,2.0,0.0,2.0,3.0,0.0,0.0,2.0,0.0,2.0,1.0,0.0,0.0,0.0,0.0,0.0,0.0,0.0,0.0,0.0,0.0,0.0,0.0,0.0,0.0,0.0,0.0,0.0,0.0,1.0,0.0,0.0,0.0,0.0,0.0,0.0,0.0,0.0
5802909,2026-08-22T18:45:00.000Z,1,Ligue 1,Troyes,10242,Paris FC,6379,1709839,Patrick Zabi,Paris FC,6379,False,0.0,9.0,0.0,0.0,0.94,0.0,0.03,0.97,1.0,6.0,6.0,0.0,0.0,1.0,0.0,1.0,0.0,7.0,1.0,1.0,0.0,0.0,0.94,0.0,0.0,0.0,0.0,0.0,0.0,0.0,1.0,0.0,1.0,0.0,1.0,0.0,2.0,0.0,0.0,0.0,0.0,0.0,0.0,0.0,0.0,0.0,0.0,0.0,0.0,0.0,0.0,0.0,0.0,0.0,0.0,0.0,0.0,1.0,0.0,0.0,0.0,0.0,0.0,0.0
5802909,2026-08-22T18:45:00.000Z,1,Ligue 1,Troyes,10242,Paris FC,6379,1738340,Rudy Matondo,Paris FC,6379,False,6.23,63.0,0.0,0.0,0.0,0.0,0.01,0.01,0.0,17.0,22.0,1.0,0.0,0.0,0.0,0.0,1.0,27.0,0.0,3.0,1.0,0.0,0.0,0.0,0.0,1.0,0.0,6.0,0.0,0.0,2.0,0.0,0.0,0.0,1.0,0.0,2.0,0.0,0.0,0.0,0.0,0.0,0.0,0.0,0.0,0.0,0.0,0.0,0.0,0.0,0.0,0.0,1.0,0.0,0.0,0.0,0.0,0.0,0.0,0.0,0.0,0.0,0.0,0.0
5802909,2026-08-22T18:45:00.000Z,1,Ligue 1,Troyes,10242,Paris FC,6379,1760691,Christ Batola,Troyes,10242,False,0.0,0.0,0.0,0.0,0.0,0.0,0.0,0.0,0.0,0.0,0.0,0.0,0.0,0.0,0.0,0.0,0.0,0.0,0.0,0.0,0.0,0.0,0.0,0.0,0.0,0.0,0.0,0.0,0.0,0.0,0.0,0.0,0.0,0.0,0.0,0.0,0.0,0.0,0.0,0.0,0.0,0.0,0.0,0.0,0.0,0.0,0.0,0.0,0.0,0.0,0.0,0.0,0.0,0.0,0.0,0.0,0.0,0.0,0.0,0.0,0.0,0.0,0.0,0.0
5802909,2026-08-22T18:45:00.000Z,1,Ligue 1,Troyes,10242,Paris FC,6379,1797614,Anis Ouzenadji,Troyes,10242,False,7.51,90.0,0.0,0.0,0.0,0.0,0.02,0.02,0.0,48.0,59.0,0.0,0.0,0.0,0.0,0.0,6.0,86.0,1.0,7.0,2.0,0.0,0.0,2.0,1.0,1.0,2.0,10.0,1.0,5.0,9.0,0.0,0.0,2.0,0.0,5.0,4.0,0.0,0.0,0.0,0.0,3.0,7.0,0.0,0.0,0.0,0.0,0.0,0.0,0.0,0.0,5.0,0.0,0.0,1.0,2.0,0.0,0.0,0.0,0.0,0.0,0.0,0.0,0.0
5802909,2026-08-22T18:45:00.000Z,1,Ligue 1,Troyes,10242,Paris FC,6379,1844131,Noah Donkor,Troyes,10242,False,6.28,35.0,0.0,0.0,0.0,0.0,0.12,0.12,0.0,6.0,7.0,1.0,0.0,0.0,0.0,0.0,2.0,18.0,0.0,0.0,0.0,0.0,0.0,0.0,0.0,1.0,1.0,0.0,0.0,1.0,3.0,0.0,0.0,1.0,1.0,1.0,2.0,0.0,0.0,0.0,0.0,0.0,0.0,0.0,0.0,0.0,0.0,0.0,0.0,0.0,1.0,3.0,0.0,0.0,0.0,1.0,0.0,0.0,0.0,0.0,0.0,0.0,0.0,0.0
5802909,2026-08-22T18:45:00.000Z,1,Ligue 1,Troyes,10242,Paris FC,6379,2155239,Idrissa Soukouna,Troyes,10242,False,0.0,0.0,0.0,0.0,0.0,0.0,0.0,0.0,0.0,0.0,0.0,0.0,0.0,0.0,0.0,0.0,0.0,0.0,0.0,0.0,0.0,0.0,0.0,0.0,0.0,0.0,0.0,0.0,0.0,0.0,0.0,0.0,0.0,0.0,0.0,0.0,0.0,0.0,0.0,0.0,0.0,0.0,0.0,0.0,0.0,0.0,0.0,0.0,0.0,0.0,0.0,0.0,0.0,0.0,0.0,0.0,0.0,0.0,0.0,0.0,0.0,0.0,0.0,0.0
5802909,2026-08-22T18:45:00.000Z,1,Ligue 1,Troyes,10242,Paris FC,6379,2155240,Yacouba Kone,Troyes,10242,False,0.0,4.0,0.0,0.0,0.0,0.0,0.0,0.0,0.0,0.0,0.0,0.0,0.0,0.0,0.0,0.0,0.0,1.0,1.0,0.0,0.0,0.0,0.0,0.0,0.0,0.0,0.0,0.0,0.0,0.0,0.0,0.0,2.0,0.0,0.0,0.0,2.0,0.0,0.0,0.0,0.0,0.0,0.0,0.0,0.0,0.0,0.0,0.0,0.0,0.0,0.0,0.0,0.0,0.0,0.0,0.0,0.0,0.0,0.0,0.0,0.0,0.0,0.0,0.0
5802910,2026-08-29T18:45:00.000Z,2,Ligue 1,Auxerre,8583,Angers,8121,167035,Anthony Lopes,Angers,8121,True,7.79,90.0,0.0,0.0,0.0,0.0,0.0,0.0,0.0,27.0,42.0,0.0,0.0,0.0,0.0,0.0,1.0,53.0,0.0,6.0,0.0,0.0,0.0,0.0,0.0,1.0,0.0,6.0,0.0,0.0,0.0,0.0,0.0,0.0,0.0,0.0,0.0,7.0,1.0,1.56,0.56,16.0,31.0,5.0,4.0,0.0,1.0,2.0,0.0,0.0,0.0,0.0,0.0,0.0,0.0,0.0,0.0,0.0,0.0,0.0,0.0,0.0,0.0,0.0
5802910,2026-08-29T18:45:00.000Z,2,Ligue 1,Auxerre,8583,Angers,8121,291643,Paul Nardi,Auxerre,8583,True,0.0,0.0,0.0,0.0,0.0,0.0,0.0,0.0,0.0,0.0,0.0,0.0,0.0,0.0,0.0,0.0,0.0,0.0,0.0,0.0,0.0,0.0,0.0,0.0,0.0,0.0,0.0,0.0,0.0,0.0,0.0,0.0,0.0,0.0,0.0,0.0,0.0,0.0,0.0,0.0,0.0,0.0,0.0,0.0,0.0,0.0,0.0,0.0,0.0,0.0,0.0,0.0,0.0,0.0,0.0,0.0,0.0,0.0,0.0,0.0,0.0,0.0,0.0,0.0
5802910,2026-08-29T18:45:00.000Z,2,Ligue 1,Auxerre,8583,Angers,8121,492116,Jordan Lefort,Angers,8121,False,7.22,90.0,0.0,0.0,0.0,0.0,0.03,0.03,0.0,33.0,40.0,0.0,0.0,0.0,0.0,0.0,10.0,55.0,1.0,5.0,0.0,0.0,0.0,1.0,2.0,7.0,0.0,7.0,0.0,2.0,2.0,0.0,2.0,1.0,0.0,2.0,2.0,0.0,0.0,0.0,0.0,3.0,9.0,0.0,0.0,0.0,0.0,0.0,0.0,0.0,1.0,1.0,3.0,0.0,0.0,0.0,0.0,0.0,0.0,0.0,0.0,0.0,0.0,0.0
5802910,2026-08-29T18:45:00.000Z,2,Ligue 1,Auxerre,8583,Angers,8121,505059,Branco van den Boomen,Angers,8121,False,8.38,90.0,1.0,0.0,0.02,0.11,0.1,0.12000000000000001,1.0,35.0,47.0,3.0,1.0,0.0,1.0,1.0,8.0,75.0,4.0,19.0,1.0,0.0,0.02,2.0,0.0,6.0,0.0,6.0,3.0,2.0,7.0,0.0,0.0,0.0,1.0,2.0,5.0,0.0,0.0,0.0,0.0,4.0,8.0,0.0,0.0,0.0,0.0,0.0,0.0,0.0,3.0,11.0,2.0,0.0,0.0,0.0,10.0,0.0,0.0,0.0,0.0,0.0,0.0,0.0
5802910,2026-08-29T18:45:00.000Z,2,Ligue 1,Auxerre,8583,Angers,8121,634110,Carlens Arcus,Angers,8121,False,6.97,87.0,0.0,0.0,0.0,0.0,0.07,0.07,0.0,22.0,26.0,1.0,0.0,0.0,0.0,0.0,4.0,45.0,2.0,2.0,0.0,0.0,0.0,2.0,0.0,1.0,1.0,4.0,1.0,2.0,4.0,0.0,0.0,0.0,0.0,2.0,2.0,0.0,0.0,0.0,0.0,1.0,2.0,0.0,0.0,0.0,0.0,0.0,0.0,0.0,1.0,3.0,1.0,0.0,0.0,1.0,0.0,0.0,0.0,0.0,0.0,0.0,0.0,0.0
5802910,2026-08-29T18:45:00.000Z,2,Ligue 1,Auxerre,8583,Angers,8121,817724,Danny Namaso,Auxerre,8583,False,6.07,71.0,0.0,0.0,0.18,0.19,0.04,0.22,1.0,17.0,20.0,1.0,1.0,0.0,1.0,1.0,1.0,34.0,5.0,4.0,4.0,0.0,0.18,1.0,0.0,0.0,0.0,1.0,1.0,1.0,8.0,2.0,2.0,0.0,1.0,3.0,7.0,0.0,0.0,0.0,0.0,1.0,1.0,0.0,0.0,0.0,0.0,0.0,0.0,0.0,0.0,0.0,0.0,0.0,0.0,2.0,0.0,1.0,0.0,0.0,0.0,0.0,0.0,0.0
5802910,2026-08-29T18:45:00.000Z,2,Ligue 1,Auxerre,8583,Angers,8121,904021,Romain Faivre,Auxerre,8583,False,7.57,71.0,0.0,1.0,0.06,0.04,0.14,0.2,2.0,36.0,39.0,2.0,1.0,0.0,1.0,1.0,0.0,50.0,0.0,9.0,1.0,0.0,0.06,0.0,0.0,0.0,0.0,2.0,1.0,1.0,4.0,0.0,0.0,0.0,1.0,1.0,3.0,0.0,0.0,0.0,0.0,2.0,3.0,0.0,0.0,0.0,0.0,0.0,0.0,1.0,1.0,4.0,0.0,1.0,1.0,1.0,3.0,0.0,0.0,0.0,0.0,0.0,0.0,0.0
5802910,2026-08-29T18:45:00.000Z,2,Ligue 1,Auxerre,8583,Angers,8121,942893,Thelonius Bair,Auxerre,8583,False,6.15,19.0,0.0,0.0,0.03,0.0,0.01,0.04,1.0,4.0,4.0,0.0,0.0,1.0,0.0,1.0,0.0,6.0,2.0,0.0,0.0,0.0,0.03,0.0,0.0,0.0,0.0,2.0,0.0,0.0,0.0,0.0,0.0,0.0,0.0,0.0,0.0,0.0,0.0,0.0,0.0,0.0,0.0,0.0,0.0,0.0,0.0,0.0,0.0,0.0,0.0,0.0,0.0,0.0,0.0,0.0,0.0,0.0,0.0,0.0,0.0,0.0,0.0,0.0
5802910,2026-08-29T18:45:00.000Z,2,Ligue 1,Auxerre,8583,Angers,8121,1011026,Jim Allevinah,Angers,8121,False,6.92,67.0,0.0,0.0,0.03,0.0,0.39,0.42000000000000004,1.0,12.0,14.0,1.0,0.0,0.0,0.0,0.0,2.0,30.0,3.0,3.0,2.0,0.0,0.03,0.0,0.0,0.0,2.0,3.0,0.0,3.0,6.0,0.0,2.0,2.0,0.0,3.0,5.0,0.0,0.0,0.0,0.0,0.0,0.0,0.0,0.0,0.0,0.0,0.0,0.0,1.0,2.0,2.0,0.0,1.0,1.0,2.0,0.0,0.0,0.0,0.0,0.0,0.0,0.0,0.0
5802910,2026-08-29T18:45:00.000Z,2,Ligue 1,Auxerre,8583,Angers,8121,1113784,Pierre Ekwah,Auxerre,8583,False,0.0,0.0,0.0,0.0,0.0,0.0,0.0,0.0,0.0,0.0,0.0,0.0,0.0,0.0,0.0,0.0,0.0,0.0,0.0,0.0,0.0,0.0,0.0,0.0,0.0,0.0,0.0,0.0,0.0,0.0,0.0,0.0,0.0,0.0,0.0,0.0,0.0,0.0,0.0,0.0,0.0,0.0,0.0,0.0,0.0,0.0,0.0,0.0,0.0,0.0,0.0,0.0,0.0,0.0,0.0,0.0,0.0,0.0,0.0,0.0,0.0,0.0,0.0,0.0
5802910,2026-08-29T18:45:00.000Z,2,Ligue 1,Auxerre,8583,Angers,8121,1123505,Amine El Ouazzani,Angers,8121,False,8.56,88.0,1.0,1.0,0.2,0.67,0.04,0.24000000000000002,2.0,10.0,17.0,1.0,2.0,0.0,2.0,2.0,3.0,42.0,6.0,2.0,3.0,0.0,0.2,2.0,0.0,0.0,1.0,0.0,0.0,7.0,10.0,7.0,13.0,3.0,0.0,14.0,9.0,0.0,0.0,0.0,0.0,0.0,1.0,0.0,0.0,0.0,0.0,0.0,0.0,1.0,0.0,0.0,0.0,0.0,2.0,2.0,0.0,0.0,0.0,0.0,0.0,0.0,0.0,0.0
5802910,2026-08-29T18:45:00.000Z,2,Ligue 1,Auxerre,8583,Angers,8121,1133081,Sinaly Diomandé,Auxerre,8583,False,6.08,90.0,0.0,0.0,0.31,0.0,0.01,0.32,1.0,53.0,55.0,0.0,0.0,0.0,0.0,0.0,9.0,68.0,1.0,5.0,0.0,0.0,0.31,2.0,0.0,6.0,1.0,2.0,0.0,4.0,6.0,2.0,4.0,2.0,2.0,6.0,4.0,0.0,0.0,0.0,0.0,7.0,9.0,0.0,0.0,0.0,0.0,0.0,0.0,0.0,0.0,0.0,4.0,1.0,0.0,0.0,0.0,1.0,0.0,0.0,0.0,0.0,0.0,0.0
5802910,2026-08-29T18:45:00.000Z,2,Ligue 1,Auxerre,8583,Angers,8121,1169692,Usman Simbakoli,Angers,8121,False,0.0,9.0,0.0,0.0,0.0,0.0,0.0,0.0,0.0,4.0,5.0,0.0,0.0,0.0,0.0,0.0,1.0,9.0,0.0,0.0,0.0,0.0,0.0,0.0,0.0,1.0,0.0,1.0,1.0,1.0,3.0,0.0,1.0,0.0,0.0,1.0,3.0,0.0,0.0,0.0,0.0,0.0,0.0,0.0,0.0,0.0,0.0,0.0,0.0,0.0,0.0,0.0,1.0,0.0,1.0,2.0,0.0,0.0,0.0,0.0,0.0,0.0,0.0,0.0
5802910,2026-08-29T18:45:00.000Z,2,Ligue 1,Auxerre,8583,Angers,8121,1178325,Ousmane Camara,Angers,8121,False,8.23,90.0,0.0,1.0,0.03,0.0,0.12,0.15,1.0,39.0,44.0,1.0,0.0,0.0,0.0,0.0,13.0,64.0,2.0,3.0,0.0,0.0,0.03,3.0,1.0,8.0,1.0,2.0,0.0,4.0,4.0,2.0,2.0,0.0,0.0,6.0,0.0,0.0,0.0,0.0,0.0,0.0,3.0,0.0,0.0,0.0,0.0,0.0,0.0,1.0,0.0,0.0,2.0,1.0,1.0,1.0,0.0,0.0,0.0,0.0,0.0,0.0,0.0,0.0
5802910,2026-08-29T18:45:00.000Z,2,Ligue 1,Auxerre,8583,Angers,8121,1192854,Naouirou Ahamada,Auxerre,8583,False,6.97,90.0,0.0,0.0,0.0,0.0,0.15,0.15,0.0,39.0,47.0,5.0,0.0,0.0,0.0,0.0,3.0,68.0,5.0,7.0,2.0,0.0,0.0,0.0,1.0,2.0,0.0,6.0,1.0,3.0,9.0,0.0,1.0,0.0,0.0,3.0,7.0,0.0,0.0,0.0,0.0,1.0,1.0,0.0,0.0,0.0,0.0,0.0,0.0,1.0,0.0,1.0,0.0,0.0,3.0,6.0,0.0,0.0,0.0,0.0,0.0,0.0,0.0,0.0
5802910,2026-08-29T18:45:00.000Z,2,Ligue 1,Auxerre,8583,Angers,8121,1199382,Josué Casimir,Auxerre,8583,False,6.7,19.0,0.0,0.0,0.06,0.0,0.09,0.15,2.0,14.0,15.0,0.0,0.0,2.0,0.0,2.0,1.0,24.0,2.0,3.0,0.0,1.0,0.06,1.0,0.0,0.0,0.0,2.0,0.0,2.0,2.0,1.0,1.0,0.0,0.0,3.0,0.0,0.0,0.0,0.0,0.0,1.0,2.0,0.0,0.0,0.0,0.0,0.0,0.0,0.0,0.0,1.0,0.0,0.0,1.0,1.0,0.0,0.0,0.0,0.0,0.0,0.0,0.0,0.0
5802910,2026-08-29T18:45:00.000Z,2,Ligue 1,Auxerre,8583,Angers,8121,1203189,Fredrik Oppegård,Auxerre,8583,False,6.11,29.0,0.0,0.0,0.0,0.0,0.01,0.01,0.0,12.0,15.0,0.0,0.0,0.0,0.0,0.0,4.0,24.0,0.0,1.0,1.0,0.0,0.0,0.0,1.0,1.0,2.0,2.0,2.0,0.0,3.0,0.0,1.0,0.0,0.0,0.0,4.0,0.0,0.0,0.0,0.0,0.0,1.0,0.0,0.0,0.0,0.0,0.0,0.0,0.0,0.0,0.0,0.0,0.0,0.0,0.0,0.0,0.0,0.0,0.0,0.0,0.0,0.0,0.0
5802910,2026-08-29T18:45:00.000Z,2,Ligue 1,Auxerre,8583,Angers,8121,1242587,Amine Sbaï,Angers,8121,False,6.8,81.0,0.0,0.0,0.34,0.43,0.11,0.45,4.0,8.0,9.0,1.0,1.0,2.0,1.0,3.0,1.0,25.0,1.0,2.0,2.0,0.0,0.34,1.0,0.0,0.0,0.0,1.0,0.0,2.0,6.0,0.0,1.0,1.0,1.0,2.0,5.0,0.0,0.0,0.0,0.0,1.0,1.0,0.0,0.0,0.0,0.0,0.0,0.0,0.0,0.0,2.0,0.0,1.0,0.0,1.0,0.0,0.0,0.0,0.0,0.0,0.0,0.0,0.0
5802910,2026-08-29T18:45:00.000Z,2,Ligue 1,Auxerre,8583,Angers,8121,1305543,Kévin Danois,Auxerre,8583,False,7.45,90.0,0.0,0.0,0.23,0.0,0.11,0.34,4.0,52.0,63.0,2.0,0.0,3.0,0.0,3.0,7.0,89.0,4.0,14.0,1.0,0.0,0.23,5.0,0.0,1.0,1.0,6.0,1.0,8.0,11.0,0.0,0.0,1.0,1.0,8.0,3.0,0.0,0.0,0.0,0.0,2.0,4.0,0.0,0.0,0.0,0.0,0.0,0.0,1.0,0.0,2.0,1.0,1.0,2.0,2.0,0.0,0.0,0.0,0.0,0.0,0.0,0.0,0.0
5802910,2026-08-29T18:45:00.000Z,2,Ligue 1,Auxerre,8583,Angers,8121,1334805,Lamine Sy,Auxerre,8583,False,6.23,90.0,0.0,0.0,0.01,0.0,0.08,0.09,1.0,49.0,53.0,2.0,0.0,1.0,0.0,1.0,5.0,69.0,3.0,2.0,0.0,0.0,0.01,0.0,0.0,2.0,3.0,2.0,1.0,0.0,3.0,3.0,5.0,0.0,4.0,3.0,5.0,0.0,0.0,0.0,0.0,2.0,2.0,0.0,0.0,0.0,0.0,0.0,0.0,0.0,1.0,3.0,0.0,0.0,0.0,0.0,0.0,0.0,0.0,0.0,0.0,0.0,0.0,0.0
5802910,2026-08-29T18:45:00.000Z,2,Ligue 1,Auxerre,8583,Angers,8121,1347791,Yassin Belkhdim,Angers,8121,False,7.45,90.0,0.0,0.0,0.02,0.0,0.03,0.05,1.0,20.0,21.0,1.0,0.0,0.0,0.0,0.0,10.0,41.0,1.0,3.0,0.0,0.0,0.02,7.0,0.0,3.0,0.0,1.0,2.0,8.0,12.0,0.0,1.0,1.0,2.0,8.0,5.0,0.0,0.0,0.0,0.0,1.0,1.0,0.0,0.0,0.0,0.0,0.0,0.0,0.0,1.0,3.0,0.0,1.0,0.0,0.0,0.0,0.0,0.0,0.0,0.0,0.0,0.0,0.0
5802910,2026-08-29T18:45:00.000Z,2,Ligue 1,Auxerre,8583,Angers,8121,1387237,Mamadou Diop,Auxerre,8583,True,5.84,90.0,0.0,0.0,0.0,0.0,0.0,0.0,0.0,12.0,15.0,0.0,0.0,0.0,0.0,0.0,1.0,26.0,0.0,1.0,0.0,0.0,0.0,0.0,0.0,1.0,0.0,5.0,0.0,0.0,0.0,0.0,0.0,0.0,0.0,0.0,0.0,3.0,3.0,2.22,-0.78,3.0,6.0,2.0,2.0,0.0,0.0,5.0,1.0,0.0,0.0,0.0,0.0,0.0,0.0,0.0,0.0,0.0,0.0,0.0,0.0,0.0,0.0,0.0
5802910,2026-08-29T18:45:00.000Z,2,Ligue 1,Auxerre,8583,Angers,8121,1388678,Clément Akpa,Auxerre,8583,False,5.84,90.0,0.0,0.0,0.26,0.0,0.01,0.27,1.0,42.0,49.0,0.0,0.0,1.0,0.0,1.0,6.0,75.0,1.0,10.0,1.0,0.0,0.26,2.0,0.0,2.0,2.0,6.0,0.0,3.0,8.0,4.0,8.0,1.0,3.0,7.0,9.0,0.0,0.0,0.0,0.0,6.0,10.0,0.0,0.0,0.0,0.0,0.0,0.0,0.0,1.0,1.0,1.0,0.0,0.0,1.0,0.0,1.0,0.0,0.0,0.0,0.0,0.0,0.0
5802910,2026-08-29T18:45:00.000Z,2,Ligue 1,Auxerre,8583,Angers,8121,1401248,Rémy Lascary,Auxerre,8583,False,8.15,61.0,1.0,0.0,0.54,1.29,0.03,0.5700000000000001,5.0,10.0,13.0,1.0,4.0,1.0,4.0,5.0,3.0,28.0,4.0,1.0,0.0,0.0,0.54,1.0,0.0,1.0,1.0,3.0,0.0,2.0,3.0,0.0,1.0,0.0,0.0,2.0,2.0,0.0,0.0,0.0,0.0,0.0,1.0,0.0,0.0,0.0,0.0,0.0,0.0,0.0,0.0,0.0,1.0,0.0,1.0,2.0,0.0,2.0,0.0,0.0,0.0,0.0,0.0,0.0
5802910,2026-08-29T18:45:00.000Z,2,Ligue 1,Auxerre,8583,Angers,8121,1428420,Emmanuel Biumla,Angers,8121,False,0.0,0.0,0.0,0.0,0.0,0.0,0.0,0.0,0.0,0.0,0.0,0.0,0.0,0.0,0.0,0.0,0.0,0.0,0.0,0.0,0.0,0.0,0.0,0.0,0.0,0.0,0.0,0.0,0.0,0.0,0.0,0.0,0.0,0.0,0.0,0.0,0.0,0.0,0.0,0.0,0.0,0.0,0.0,0.0,0.0,0.0,0.0,0.0,0.0,0.0,0.0,0.0,0.0,0.0,0.0,0.0,0.0,0.0,0.0,0.0,0.0,0.0,0.0,0.0
5802910,2026-08-29T18:45:00.000Z,2,Ligue 1,Auxerre,8583,Angers,8121,1441582,Arthur Piedfort,Auxerre,8583,False,6.25,80.0,0.0,0.0,0.0,0.0,0.03,0.03,0.0,43.0,47.0,0.0,0.0,0.0,0.0,0.0,4.0,65.0,0.0,8.0,3.0,0.0,0.0,2.0,0.0,0.0,2.0,9.0,1.0,4.0,8.0,0.0,1.0,2.0,0.0,4.0,5.0,0.0,0.0,0.0,0.0,0.0,0.0,0.0,0.0,0.0,0.0,0.0,0.0,0.0,0.0,2.0,0.0,0.0,0.0,0.0,2.0,0.0,0.0,0.0,0.0,0.0,0.0,0.0
5802910,2026-08-29T18:45:00.000Z,2,Ligue 1,Auxerre,8583,Angers,8121,1573544,Anthony Bermont,Angers,8121,False,6.84,68.0,0.0,0.0,0.5,0.0,0.01,0.51,2.0,6.0,9.0,1.0,0.0,2.0,0.0,2.0,2.0,20.0,5.0,2.0,0.0,1.0,0.5,1.0,0.0,0.0,1.0,1.0,1.0,2.0,4.0,3.0,5.0,2.0,1.0,5.0,4.0,0.0,0.0,0.0,0.0,1.0,1.0,0.0,0.0,0.0,0.0,0.0,0.0,0.0,0.0,1.0,0.0,0.0,0.0,0.0,0.0,1.0,0.0,0.0,0.0,0.0,0.0,0.0
5802910,2026-08-29T18:45:00.000Z,2,Ligue 1,Auxerre,8583,Angers,8121,1607778,Oumar Pona,Angers,8121,True,0.0,0.0,0.0,0.0,0.0,0.0,0.0,0.0,0.0,0.0,0.0,0.0,0.0,0.0,0.0,0.0,0.0,0.0,0.0,0.0,0.0,0.0,0.0,0.0,0.0,0.0,0.0,0.0,0.0,0.0,0.0,0.0,0.0,0.0,0.0,0.0,0.0,0.0,0.0,0.0,0.0,0.0,0.0,0.0,0.0,0.0,0.0,0.0,0.0,0.0,0.0,0.0,0.0,0.0,0.0,0.0,0.0,0.0,0.0,0.0,0.0,0.0,0.0,0.0
5802910,2026-08-29T18:45:00.000Z,2,Ligue 1,Auxerre,8583,Angers,8121,1610106,Joseph Kalulu,Angers,8121,False,7.76,90.0,0.0,0.0,0.0,0.0,0.01,0.01,0.0,23.0,25.0,0.0,0.0,0.0,0.0,0.0,5.0,47.0,0.0,3.0,1.0,0.0,0.0,2.0,0.0,1.0,2.0,10.0,0.0,4.0,5.0,0.0,0.0,1.0,0.0,4.0,1.0,0.0,0.0,0.0,0.0,1.0,1.0,0.0,0.0,0.0,0.0,0.0,0.0,0.0,0.0,3.0,1.0,0.0,1.0,1.0,0.0,0.0,0.0,0.0,0.0,0.0,0.0,0.0
5802910,2026-08-29T18:45:00.000Z,2,Ligue 1,Auxerre,8583,Angers,8121,1679978,Aristide Zossou,Auxerre,8583,False,6.3,28.0,0.0,0.0,0.11,0.0,0.16,0.27,1.0,12.0,14.0,1.0,0.0,1.0,0.0,1.0,2.0,26.0,4.0,0.0,1.0,0.0,0.11,1.0,0.0,0.0,1.0,0.0,0.0,2.0,5.0,0.0,1.0,0.0,1.0,2.0,4.0,0.0,0.0,0.0,0.0,0.0,0.0,0.0,0.0,0.0,0.0,0.0,0.0,0.0,1.0,3.0,0.0,0.0,1.0,2.0,2.0,0.0,0.0,0.0,0.0,0.0,0.0,0.0
5802910,2026-08-29T18:45:00.000Z,2,Ligue 1,Auxerre,8583,Angers,8121,1688980,Marius Louër,Angers,8121,False,0.0,3.0,0.0,0.0,0.0,0.0,0.0,0.0,0.0,1.0,1.0,0.0,0.0,0.0,0.0,0.0,1.0,4.0,0.0,1.0,0.0,0.0,0.0,0.0,0.0,0.0,1.0,0.0,0.0,0.0,0.0,0.0,0.0,0.0,0.0,0.0,0.0,0.0,0.0,0.0,0.0,0.0,0.0,0.0,0.0,0.0,0.0,0.0,0.0,0.0,0.0,0.0,0.0,0.0,0.0,0.0,0.0,0.0,0.0,0.0,0.0,0.0,0.0,0.0
5802910,2026-08-29T18:45:00.000Z,2,Ligue 1,Auxerre,8583,Angers,8121,1690114,Elikya Legros,Auxerre,8583,False,6.63,62.0,0.0,0.0,0.0,0.0,0.0,0.0,0.0,32.0,38.0,0.0,0.0,0.0,0.0,0.0,12.0,51.0,1.0,1.0,0.0,0.0,0.0,2.0,2.0,8.0,0.0,0.0,0.0,2.0,5.0,3.0,4.0,0.0,3.0,5.0,4.0,0.0,0.0,0.0,0.0,2.0,3.0,0.0,0.0,0.0,0.0,0.0,0.0,0.0,0.0,0.0,4.0,0.0,0.0,0.0,0.0,0.0,0.0,0.0,0.0,0.0,0.0,0.0
5802910,2026-08-29T18:45:00.000Z,2,Ligue 1,Auxerre,8583,Angers,8121,1744576,Telli Siwe,Auxerre,8583,False,0.0,0.0,0.0,0.0,0.0,0.0,0.0,0.0,0.0,0.0,0.0,0.0,0.0,0.0,0.0,0.0,0.0,0.0,0.0,0.0,0.0,0.0,0.0,0.0,0.0,0.0,0.0,0.0,0.0,0.0,0.0,0.0,0.0,0.0,0.0,0.0,0.0,0.0,0.0,0.0,0.0,0.0,0.0,0.0,0.0,0.0,0.0,0.0,0.0,0.0,0.0,0.0,0.0,0.0,0.0,0.0,0.0,0.0,0.0,0.0,0.0,0.0,0.0,0.0
5802910,2026-08-29T18:45:00.000Z,2,Ligue 1,Auxerre,8583,Angers,8121,1748405,Prosper Peter,Angers,8121,False,6.35,23.0,0.0,0.0,0.04,0.0,0.01,0.05,1.0,6.0,8.0,1.0,0.0,0.0,0.0,0.0,0.0,16.0,4.0,1.0,2.0,0.0,0.04,0.0,0.0,0.0,0.0,2.0,0.0,3.0,7.0,1.0,1.0,2.0,1.0,4.0,4.0,0.0,0.0,0.0,0.0,0.0,0.0,0.0,0.0,0.0,0.0,0.0,0.0,1.0,0.0,0.0,0.0,1.0,1.0,2.0,0.0,0.0,0.0,0.0,0.0,0.0,0.0,0.0
5802910,2026-08-29T18:45:00.000Z,2,Ligue 1,Auxerre,8583,Angers,8121,1810011,Rayan Mandengue,Auxerre,8583,False,0.0,0.0,0.0,0.0,0.0,0.0,0.0,0.0,0.0,0.0,0.0,0.0,0.0,0.0,0.0,0.0,0.0,0.0,0.0,0.0,0.0,0.0,0.0,0.0,0.0,0.0,0.0,0.0,0.0,0.0,0.0,0.0,0.0,0.0,0.0,0.0,0.0,0.0,0.0,0.0,0.0,0.0,0.0,0.0,0.0,0.0,0.0,0.0,0.0,0.0,0.0,0.0,0.0,0.0,0.0,0.0,0.0,0.0,0.0,0.0,0.0,0.0,0.0,0.0
5802910,2026-08-29T18:45:00.000Z,2,Ligue 1,Auxerre,8583,Angers,8121,1832893,Harouna Djibirin,Angers,8121,False,8.01,22.0,1.0,0.0,0.37,1.02,0.01,0.38,2.0,6.0,7.0,1.0,2.0,0.0,2.0,2.0,4.0,18.0,2.0,0.0,0.0,0.0,0.37,1.0,0.0,2.0,1.0,3.0,1.0,3.0,5.0,1.0,1.0,1.0,0.0,4.0,2.0,0.0,0.0,0.0,0.0,0.0,0.0,0.0,0.0,0.0,0.0,0.0,0.0,0.0,0.0,0.0,1.0,0.0,1.0,2.0,0.0,1.0,0.0,0.0,0.0,0.0,0.0,0.0
5802910,2026-08-29T18:45:00.000Z,2,Ligue 1,Auxerre,8583,Angers,8121,1946407,Mael Gernigon,Angers,8121,False,0.0,0.0,0.0,0.0,0.0,0.0,0.0,0.0,0.0,0.0,0.0,0.0,0.0,0.0,0.0,0.0,0.0,0.0,0.0,0.0,0.0,0.0,0.0,0.0,0.0,0.0,0.0,0.0,0.0,0.0,0.0,0.0,0.0,0.0,0.0,0.0,0.0,0.0,0.0,0.0,0.0,0.0,0.0,0.0,0.0,0.0,0.0,0.0,0.0,0.0,0.0,0.0,0.0,0.0,0.0,0.0,0.0,0.0,0.0,0.0,0.0,0.0,0.0,0.0
5802910,2026-08-29T18:45:00.000Z,2,Ligue 1,Auxerre,8583,Angers,8121,1958964,Bane Diatta,Angers,8121,False,0.0,2.0,0.0,0.0,0.0,0.0,0.0,0.0,0.0,2.0,2.0,0.0,0.0,0.0,0.0,0.0,2.0,7.0,0.0,0.0,0.0,0.0,0.0,2.0,0.0,0.0,0.0,0.0,0.0,2.0,2.0,0.0,0.0,0.0,0.0,2.0,0.0,0.0,0.0,0.0,0.0,0.0,0.0,0.0,0.0,0.0,0.0,0.0,0.0,0.0,0.0,0.0,0.0,0.0,0.0,0.0,0.0,0.0,0.0,0.0,0.0,0.0,0.0,0.0
5802910,2026-08-29T18:45:00.000Z,2,Ligue 1,Auxerre,8583,Angers,8121,1988951,Lamfia Dioubate,Auxerre,8583,False,6.14,10.0,0.0,0.0,0.02,0.04,0.01,0.03,1.0,6.0,7.0,0.0,1.0,0.0,1.0,1.0,0.0,10.0,0.0,2.0,0.0,0.0,0.02,0.0,0.0,0.0,0.0,2.0,0.0,0.0,2.0,0.0,0.0,0.0,0.0,0.0,2.0,0.0,0.0,0.0,0.0,0.0,0.0,0.0,0.0,0.0,0.0,0.0,0.0,0.0,0.0,0.0,0.0,0.0,0.0,2.0,0.0,0.0,0.0,0.0,0.0,0.0,0.0,0.0
5802910,2026-08-29T18:45:00.000Z,2,Ligue 1,Auxerre,8583,Angers,8121,2173845,Jules Bouffandeau,Angers,8121,False,0.0,0.0,0.0,0.0,0.0,0.0,0.0,0.0,0.0,0.0,0.0,0.0,0.0,0.0,0.0,0.0,0.0,0.0,0.0,0.0,0.0,0.0,0.0,0.0,0.0,0.0,0.0,0.0,0.0,0.0,0.0,0.0,0.0,0.0,0.0,0.0,0.0,0.0,0.0,0.0,0.0,0.0,0.0,0.0,0.0,0.0,0.0,0.0,0.0,0.0,0.0,0.0,0.0,0.0,0.0,0.0,0.0,0.0,0.0,0.0,0.0,0.0,0.0,0.0
5802911,2026-08-29T18:45:00.000Z,2,Ligue 1,Brest,8521,Toulouse,9941,279461,Kenny Lala,Brest,8521,False,6.81,90.0,0.0,0.0,0.04,0.0,0.12,0.16,2.0,32.0,42.0,2.0,0.0,1.0,0.0,1.0,6.0,69.0,1.0,11.0,0.0,0.0,0.04,2.0,0.0,4.0,0.0,5.0,1.0,3.0,5.0,0.0,0.0,1.0,0.0,3.0,2.0,0.0,0.0,0.0,0.0,10.0,17.0,0.0,0.0,0.0,0.0,0.0,0.0,0.0,2.0,6.0,0.0,1.0,0.0,1.0,0.0,0.0,0.0,0.0,0.0,0.0,0.0,0.0
5802911,2026-08-29T18:45:00.000Z,2,Ligue 1,Brest,8521,Toulouse,9941,420731,Gautier Lloris,Brest,8521,False,6.57,83.0,0.0,0.0,0.07,0.0,0.0,0.07,1.0,47.0,52.0,0.0,0.0,1.0,0.0,1.0,6.0,61.0,1.0,5.0,0.0,0.0,0.07,0.0,0.0,5.0,1.0,4.0,0.0,0.0,0.0,5.0,7.0,0.0,0.0,5.0,2.0,0.0,0.0,0.0,0.0,1.0,4.0,0.0,0.0,0.0,0.0,0.0,0.0,0.0,0.0,0.0,3.0,0.0,0.0,0.0,0.0,0.0,0.0,0.0,0.0,0.0,0.0,0.0
5802911,2026-08-29T18:45:00.000Z,2,Ligue 1,Brest,8521,Toulouse,9941,471153,Ludovic Ajorque,Brest,8521,False,7.87,90.0,1.0,0.0,0.53,0.92,0.38,0.91,3.0,16.0,20.0,3.0,1.0,1.0,1.0,2.0,2.0,39.0,6.0,2.0,2.0,1.0,0.53,0.0,0.0,1.0,1.0,2.0,2.0,4.0,11.0,6.0,18.0,3.0,3.0,10.0,19.0,0.0,0.0,0.0,0.0,4.0,4.0,0.0,0.0,0.0,0.0,0.0,0.0,1.0,0.0,1.0,1.0,1.0,1.0,1.0,0.0,0.0,0.0,0.0,0.0,0.0,0.0,0.0
5802911,2026-08-29T18:45:00.000Z,2,Ligue 1,Brest,8521,Toulouse,9941,541933,Mama Baldé,Brest,8521,False,6.33,23.0,0.0,0.0,0.16,0.0,0.0,0.16,3.0,3.0,5.0,0.0,0.0,1.0,0.0,1.0,0.0,14.0,2.0,0.0,0.0,0.0,0.16,0.0,0.0,0.0,0.0,2.0,0.0,2.0,4.0,0.0,0.0,1.0,1.0,2.0,2.0,0.0,0.0,0.0,0.0,0.0,0.0,0.0,0.0,0.0,0.0,0.0,0.0,0.0,0.0,2.0,0.0,2.0,1.0,2.0,0.0,0.0,0.0,0.0,0.0,0.0,0.0,0.0
5802911,2026-08-29T18:45:00.000Z,2,Ligue 1,Brest,8521,Toulouse,9941,612277,Lucas Tousart,Brest,8521,False,0.0,7.0,0.0,0.0,0.6,0.81,0.0,0.6,2.0,3.0,4.0,0.0,1.0,1.0,1.0,2.0,1.0,7.0,2.0,0.0,0.0,0.0,0.6,0.0,0.0,1.0,0.0,0.0,0.0,0.0,0.0,1.0,2.0,0.0,0.0,1.0,1.0,0.0,0.0,0.0,0.0,0.0,0.0,0.0,0.0,0.0,0.0,0.0,0.0,0.0,0.0,0.0,0.0,0.0,0.0,0.0,0.0,2.0,0.0,0.0,0.0,0.0,0.0,1.0
5802911,2026-08-29T18:45:00.000Z,2,Ligue 1,Brest,8521,Toulouse,9941,631757,Egil Selvik,Brest,8521,True,5.8,90.0,0.0,0.0,0.0,0.0,0.0,0.0,0.0,17.0,25.0,0.0,0.0,0.0,0.0,0.0,1.0,31.0,0.0,4.0,0.0,0.0,0.0,0.0,0.0,1.0,0.0,8.0,0.0,0.0,0.0,0.0,0.0,0.0,0.0,0.0,0.0,0.0,2.0,1.61,-0.39,1.0,9.0,0.0,0.0,0.0,0.0,5.0,0.0,0.0,0.0,0.0,0.0,0.0,0.0,0.0,0.0,0.0,0.0,0.0,0.0,0.0,0.0,0.0
5802911,2026-08-29T18:45:00.000Z,2,Ligue 1,Brest,8521,Toulouse,9941,637754,Niklas Schmidt,Toulouse,9941,False,6.55,30.0,0.0,0.0,0.03,0.0,0.0,0.03,1.0,23.0,26.0,0.0,0.0,0.0,0.0,0.0,2.0,30.0,0.0,2.0,0.0,0.0,0.03,0.0,0.0,1.0,1.0,3.0,0.0,0.0,0.0,1.0,1.0,0.0,1.0,1.0,0.0,0.0,0.0,0.0,0.0,3.0,4.0,0.0,0.0,0.0,0.0,0.0,0.0,0.0,0.0,0.0,0.0,1.0,0.0,0.0,0.0,0.0,0.0,0.0,0.0,0.0,0.0,0.0
5802911,2026-08-29T18:45:00.000Z,2,Ligue 1,Brest,8521,Toulouse,9941,656491,Rasmus Nicolaisen,Toulouse,9941,False,7.61,90.0,0.0,0.0,0.0,0.0,0.0,0.0,0.0,44.0,45.0,0.0,0.0,0.0,0.0,0.0,19.0,65.0,0.0,1.0,0.0,0.0,0.0,1.0,2.0,13.0,3.0,5.0,0.0,2.0,5.0,7.0,10.0,1.0,3.0,9.0,6.0,0.0,0.0,0.0,0.0,2.0,3.0,0.0,0.0,0.0,0.0,0.0,0.0,0.0,0.0,0.0,11.0,0.0,0.0,0.0,0.0,0.0,0.0,0.0,0.0,0.0,1.0,0.0
5802911,2026-08-29T18:45:00.000Z,2,Ligue 1,Brest,8521,Toulouse,9941,696263,Romain Del Castillo,Brest,8521,False,6.95,67.0,0.0,0.0,0.0,0.0,0.33,0.33,0.0,22.0,26.0,3.0,0.0,0.0,0.0,0.0,2.0,45.0,1.0,2.0,1.0,2.0,0.0,1.0,0.0,0.0,1.0,4.0,0.0,1.0,8.0,0.0,2.0,0.0,3.0,1.0,9.0,0.0,0.0,0.0,0.0,0.0,0.0,0.0,0.0,0.0,0.0,0.0,0.0,0.0,1.0,7.0,0.0,0.0,0.0,4.0,0.0,0.0,0.0,0.0,0.0,0.0,0.0,0.0
5802911,2026-08-29T18:45:00.000Z,2,Ligue 1,Brest,8521,Toulouse,9941,812415,Hugo Magnetti,Brest,8521,False,7.5,15.0,0.0,1.0,0.01,0.0,0.26,0.27,1.0,9.0,9.0,2.0,0.0,1.0,0.0,1.0,3.0,16.0,1.0,1.0,0.0,0.0,0.01,0.0,0.0,1.0,2.0,1.0,0.0,1.0,1.0,0.0,0.0,1.0,0.0,1.0,0.0,0.0,0.0,0.0,0.0,0.0,0.0,0.0,0.0,0.0,0.0,0.0,0.0,1.0,1.0,1.0,0.0,0.0,0.0,0.0,0.0,0.0,0.0,0.0,0.0,0.0,0.0,0.0
5802911,2026-08-29T18:45:00.000Z,2,Ligue 1,Brest,8521,Toulouse,9941,845943,Cristian Cásseres,Toulouse,9941,False,8.88,90.0,0.0,1.0,0.0,0.0,0.27,0.27,0.0,60.0,77.0,1.0,0.0,0.0,0.0,0.0,15.0,110.0,0.0,10.0,0.0,0.0,0.0,5.0,1.0,8.0,1.0,11.0,0.0,13.0,18.0,5.0,6.0,4.0,3.0,18.0,6.0,0.0,0.0,0.0,0.0,3.0,10.0,0.0,0.0,0.0,0.0,0.0,0.0,1.0,1.0,1.0,5.0,0.0,4.0,6.0,1.0,0.0,0.0,0.0,0.0,0.0,0.0,0.0
5802911,2026-08-29T18:45:00.000Z,2,Ligue 1,Brest,8521,Toulouse,9941,924485,Mark McKenzie,Toulouse,9941,False,6.94,90.0,0.0,0.0,0.0,0.0,0.0,0.0,0.0,49.0,55.0,0.0,0.0,0.0,0.0,0.0,14.0,73.0,0.0,3.0,0.0,0.0,0.0,1.0,1.0,11.0,1.0,4.0,1.0,2.0,3.0,3.0,4.0,1.0,0.0,5.0,2.0,0.0,0.0,0.0,0.0,1.0,6.0,0.0,0.0,0.0,0.0,0.0,0.0,0.0,0.0,0.0,10.0,0.0,0.0,0.0,0.0,0.0,0.0,0.0,0.0,0.0,0.0,0.0
5802911,2026-08-29T18:45:00.000Z,2,Ligue 1,Brest,8521,Toulouse,9941,955411,Yann Gboho,Toulouse,9941,False,7.96,90.0,0.0,1.0,0.0,0.0,0.19,0.19,0.0,26.0,29.0,2.0,0.0,0.0,0.0,0.0,2.0,52.0,4.0,4.0,3.0,0.0,0.0,0.0,0.0,2.0,0.0,10.0,1.0,7.0,14.0,0.0,0.0,6.0,1.0,7.0,7.0,0.0,0.0,0.0,0.0,0.0,0.0,0.0,0.0,0.0,0.0,0.0,0.0,1.0,0.0,2.0,0.0,0.0,1.0,3.0,0.0,0.0,0.0,0.0,0.0,0.0,0.0,0.0
5802911,2026-08-29T18:45:00.000Z,2,Ligue 1,Brest,8521,Toulouse,9941,1079548,Joris Chotard,Brest,8521,False,7.83,90.0,0.0,0.0,0.06,0.04,0.72,0.78,3.0,50.0,67.0,3.0,1.0,0.0,1.0,1.0,6.0,97.0,0.0,12.0,1.0,0.0,0.06,2.0,0.0,1.0,3.0,8.0,3.0,3.0,7.0,1.0,1.0,0.0,0.0,4.0,4.0,0.0,0.0,0.0,0.0,8.0,16.0,0.0,0.0,0.0,0.0,0.0,0.0,2.0,4.0,11.0,0.0,2.0,1.0,1.0,7.0,0.0,0.0,0.0,0.0,0.0,0.0,0.0
5802911,2026-08-29T18:45:00.000Z,2,Ligue 1,Brest,8521,Toulouse,9941,1106866,Jacen Russell-Rowe,Toulouse,9941,False,7.58,78.0,1.0,0.0,0.55,0.91,0.04,0.5900000000000001,1.0,14.0,17.0,0.0,1.0,0.0,1.0,1.0,4.0,29.0,2.0,0.0,0.0,0.0,0.55,1.0,0.0,3.0,0.0,1.0,1.0,2.0,5.0,0.0,5.0,0.0,1.0,2.0,8.0,0.0,0.0,0.0,0.0,0.0,0.0,0.0,0.0,0.0,0.0,0.0,0.0,0.0,0.0,1.0,3.0,0.0,1.0,2.0,0.0,0.0,0.0,0.0,0.0,0.0,0.0,0.0
5802911,2026-08-29T18:45:00.000Z,2,Ligue 1,Brest,8521,Toulouse,9941,1231909,Mamady Diambou,Brest,8521,False,8.18,75.0,0.0,1.0,0.26,0.43,0.02,0.28,4.0,31.0,34.0,2.0,2.0,2.0,2.0,4.0,7.0,54.0,1.0,5.0,1.0,0.0,0.26,6.0,0.0,1.0,0.0,4.0,2.0,7.0,12.0,0.0,2.0,1.0,2.0,7.0,7.0,0.0,0.0,0.0,0.0,2.0,4.0,0.0,0.0,0.0,0.0,0.0,0.0,1.0,0.0,0.0,0.0,0.0,0.0,0.0,0.0,0.0,0.0,0.0,0.0,0.0,0.0,0.0
5802911,2026-08-29T18:45:00.000Z,2,Ligue 1,Brest,8521,Toulouse,9941,1285784,Bradley Locko,Brest,8521,False,7.33,90.0,0.0,0.0,0.0,0.0,0.16,0.16,0.0,30.0,39.0,1.0,0.0,0.0,0.0,0.0,10.0,82.0,0.0,7.0,1.0,0.0,0.0,5.0,0.0,2.0,3.0,4.0,0.0,8.0,11.0,2.0,3.0,4.0,2.0,10.0,4.0,0.0,0.0,0.0,0.0,6.0,9.0,0.0,0.0,0.0,0.0,0.0,0.0,0.0,2.0,8.0,1.0,0.0,0.0,0.0,0.0,0.0,0.0,0.0,0.0,0.0,0.0,0.0
5802911,2026-08-29T18:45:00.000Z,2,Ligue 1,Brest,8521,Toulouse,9941,1289641,Axel Camblan,Brest,8521,False,0.0,0.0,0.0,0.0,0.0,0.0,0.0,0.0,0.0,0.0,0.0,0.0,0.0,0.0,0.0,0.0,0.0,0.0,0.0,0.0,0.0,0.0,0.0,0.0,0.0,0.0,0.0,0.0,0.0,0.0,0.0,0.0,0.0,0.0,0.0,0.0,0.0,0.0,0.0,0.0,0.0,0.0,0.0,0.0,0.0,0.0,0.0,0.0,0.0,0.0,0.0,0.0,0.0,0.0,0.0,0.0,0.0,0.0,0.0,0.0,0.0,0.0,0.0,0.0
5802911,2026-08-29T18:45:00.000Z,2,Ligue 1,Brest,8521,Toulouse,9941,1310270,Kamory Doumbia,Brest,8521,False,7.95,75.0,1.0,0.0,0.42,0.94,0.02,0.44,2.0,23.0,24.0,0.0,1.0,1.0,1.0,2.0,2.0,42.0,3.0,2.0,3.0,1.0,0.42,0.0,0.0,0.0,2.0,6.0,2.0,5.0,12.0,0.0,2.0,4.0,1.0,5.0,9.0,0.0,0.0,0.0,0.0,0.0,0.0,0.0,0.0,0.0,0.0,0.0,0.0,0.0,0.0,0.0,0.0,0.0,1.0,2.0,0.0,0.0,0.0,0.0,0.0,0.0,0.0,1.0
5802911,2026-08-29T18:45:00.000Z,2,Ligue 1,Brest,8521,Toulouse,9941,1362516,Santiago Hidalgo,Toulouse,9941,False,5.93,12.0,0.0,0.0,0.0,0.0,0.01,0.01,0.0,2.0,2.0,0.0,0.0,0.0,0.0,0.0,2.0,6.0,1.0,0.0,0.0,0.0,0.0,0.0,1.0,1.0,0.0,0.0,0.0,0.0,0.0,0.0,2.0,0.0,0.0,0.0,2.0,0.0,0.0,0.0,0.0,0.0,0.0,0.0,0.0,0.0,0.0,0.0,0.0,0.0,0.0,0.0,0.0,0.0,0.0,0.0,0.0,0.0,0.0,0.0,0.0,0.0,0.0,0.0
5802911,2026-08-29T18:45:00.000Z,2,Ligue 1,Brest,8521,Toulouse,9941,1427018,Joseph Boende,Brest,8521,False,6.04,15.0,0.0,0.0,0.0,0.0,0.02,0.02,0.0,5.0,8.0,0.0,0.0,0.0,0.0,0.0,1.0,10.0,3.0,1.0,1.0,0.0,0.0,1.0,0.0,0.0,0.0,0.0,0.0,1.0,2.0,0.0,0.0,0.0,0.0,1.0,1.0,0.0,0.0,0.0,0.0,0.0,0.0,0.0,0.0,0.0,0.0,0.0,0.0,0.0,0.0,0.0,0.0,0.0,0.0,0.0,0.0,0.0,0.0,0.0,0.0,0.0,0.0,0.0
5802911,2026-08-29T18:45:00.000Z,2,Ligue 1,Brest,8521,Toulouse,9941,1469996,David Odogu,Toulouse,9941,False,0.0,0.0,0.0,0.0,0.0,0.0,0.0,0.0,0.0,0.0,0.0,0.0,0.0,0.0,0.0,0.0,0.0,0.0,0.0,0.0,0.0,0.0,0.0,0.0,0.0,0.0,0.0,0.0,0.0,0.0,0.0,0.0,0.0,0.0,0.0,0.0,0.0,0.0,0.0,0.0,0.0,0.0,0.0,0.0,0.0,0.0,0.0,0.0,0.0,0.0,0.0,0.0,0.0,0.0,0.0,0.0,0.0,0.0,0.0,0.0,0.0,0.0,0.0,0.0
5802911,2026-08-29T18:45:00.000Z,2,Ligue 1,Brest,8521,Toulouse,9941,1481910,Thomas Jørgensen,Toulouse,9941,False,6.73,78.0,0.0,0.0,0.23,0.0,0.05,0.28,1.0,24.0,33.0,2.0,0.0,1.0,0.0,1.0,3.0,50.0,2.0,2.0,2.0,0.0,0.23,3.0,0.0,0.0,0.0,2.0,2.0,4.0,11.0,2.0,3.0,1.0,2.0,6.0,8.0,0.0,0.0,0.0,0.0,1.0,2.0,0.0,0.0,0.0,0.0,0.0,0.0,0.0,0.0,1.0,0.0,0.0,0.0,1.0,1.0,1.0,0.0,0.0,0.0,0.0,0.0,0.0
5802911,2026-08-29T18:45:00.000Z,2,Ligue 1,Brest,8521,Toulouse,9941,1487879,Mathys Niflore,Toulouse,9941,True,0.0,0.0,0.0,0.0,0.0,0.0,0.0,0.0,0.0,0.0,0.0,0.0,0.0,0.0,0.0,0.0,0.0,0.0,0.0,0.0,0.0,0.0,0.0,0.0,0.0,0.0,0.0,0.0,0.0,0.0,0.0,0.0,0.0,0.0,0.0,0.0,0.0,0.0,0.0,0.0,0.0,0.0,0.0,0.0,0.0,0.0,0.0,0.0,0.0,0.0,0.0,0.0,0.0,0.0,0.0,0.0,0.0,0.0,0.0,0.0,0.0,0.0,0.0,0.0
5802911,2026-08-29T18:45:00.000Z,2,Ligue 1,Brest,8521,Toulouse,9941,1514445,Mathieu Patouillet,Brest,8521,True,0.0,0.0,0.0,0.0,0.0,0.0,0.0,0.0,0.0,0.0,0.0,0.0,0.0,0.0,0.0,0.0,0.0,0.0,0.0,0.0,0.0,0.0,0.0,0.0,0.0,0.0,0.0,0.0,0.0,0.0,0.0,0.0,0.0,0.0,0.0,0.0,0.0,0.0,0.0,0.0,0.0,0.0,0.0,0.0,0.0,0.0,0.0,0.0,0.0,0.0,0.0,0.0,0.0,0.0,0.0,0.0,0.0,0.0,0.0,0.0,0.0,0.0,0.0,0.0
5802911,2026-08-29T18:45:00.000Z,2,Ligue 1,Brest,8521,Toulouse,9941,1514456,Pathé Mboup,Brest,8521,False,7.29,83.0,0.0,0.0,0.49,0.16,0.14,0.63,4.0,12.0,16.0,1.0,1.0,1.0,1.0,2.0,5.0,42.0,6.0,0.0,1.0,1.0,0.49,4.0,0.0,0.0,1.0,3.0,0.0,6.0,15.0,1.0,3.0,0.0,7.0,7.0,11.0,0.0,0.0,0.0,0.0,0.0,0.0,0.0,0.0,0.0,0.0,0.0,0.0,0.0,0.0,1.0,0.0,2.0,2.0,3.0,0.0,1.0,0.0,0.0,0.0,0.0,0.0,1.0
5802911,2026-08-29T18:45:00.000Z,2,Ligue 1,Brest,8521,Toulouse,9941,1524210,Guillaume Restes,Toulouse,9941,True,7.62,90.0,0.0,0.0,0.0,0.0,0.0,0.0,0.0,29.0,36.0,0.0,0.0,0.0,0.0,0.0,1.0,48.0,0.0,2.0,0.0,0.0,0.0,0.0,0.0,1.0,0.0,6.0,0.0,0.0,0.0,0.0,0.0,0.0,0.0,0.0,0.0,5.0,2.0,3.31,1.31,3.0,10.0,1.0,2.0,0.0,1.0,6.0,0.0,0.0,0.0,0.0,0.0,0.0,0.0,0.0,0.0,0.0,0.0,0.0,0.0,0.0,0.0,0.0
5802911,2026-08-29T18:45:00.000Z,2,Ligue 1,Brest,8521,Toulouse,9941,1592417,Luck Zogbé,Brest,8521,False,0.0,0.0,0.0,0.0,0.0,0.0,0.0,0.0,0.0,0.0,0.0,0.0,0.0,0.0,0.0,0.0,0.0,0.0,0.0,0.0,0.0,0.0,0.0,0.0,0.0,0.0,0.0,0.0,0.0,0.0,0.0,0.0,0.0,0.0,0.0,0.0,0.0,0.0,0.0,0.0,0.0,0.0,0.0,0.0,0.0,0.0,0.0,0.0,0.0,0.0,0.0,0.0,0.0,0.0,0.0,0.0,0.0,0.0,0.0,0.0,0.0,0.0,0.0,0.0
5802911,2026-08-29T18:45:00.000Z,2,Ligue 1,Brest,8521,Toulouse,9941,1611220,Julián Vignolo,Toulouse,9941,False,6.64,67.0,0.0,0.0,0.0,0.0,0.04,0.04,0.0,9.0,12.0,0.0,0.0,0.0,0.0,0.0,2.0,24.0,1.0,1.0,1.0,0.0,0.0,1.0,0.0,1.0,0.0,3.0,0.0,3.0,7.0,1.0,1.0,1.0,1.0,4.0,4.0,0.0,0.0,0.0,0.0,0.0,0.0,0.0,0.0,0.0,0.0,0.0,0.0,0.0,0.0,1.0,1.0,0.0,1.0,3.0,0.0,0.0,0.0,0.0,0.0,0.0,0.0,0.0
5802911,2026-08-29T18:45:00.000Z,2,Ligue 1,Brest,8521,Toulouse,9941,1640973,Rafik Messali,Toulouse,9941,False,6.42,45.0,0.0,0.0,0.0,0.0,0.0,0.0,0.0,14.0,16.0,0.0,0.0,0.0,0.0,0.0,5.0,36.0,0.0,1.0,1.0,0.0,0.0,1.0,0.0,1.0,3.0,3.0,0.0,3.0,5.0,1.0,4.0,2.0,2.0,4.0,5.0,0.0,0.0,0.0,0.0,0.0,0.0,0.0,0.0,0.0,0.0,0.0,0.0,0.0,0.0,0.0,0.0,0.0,0.0,0.0,0.0,0.0,0.0,0.0,0.0,0.0,0.0,0.0
5802911,2026-08-29T18:45:00.000Z,2,Ligue 1,Brest,8521,Toulouse,9941,1666482,Christ Tapé,Toulouse,9941,False,7.89,90.0,1.0,0.0,0.3,0.7,0.28,0.5800000000000001,2.0,36.0,44.0,1.0,1.0,1.0,1.0,2.0,12.0,72.0,4.0,5.0,0.0,0.0,0.3,2.0,2.0,7.0,1.0,1.0,1.0,3.0,6.0,2.0,4.0,0.0,2.0,5.0,5.0,0.0,0.0,0.0,0.0,3.0,6.0,0.0,0.0,0.0,0.0,0.0,0.0,1.0,1.0,4.0,3.0,0.0,1.0,1.0,0.0,0.0,0.0,0.0,0.0,0.0,0.0,0.0
5802911,2026-08-29T18:45:00.000Z,2,Ligue 1,Brest,8521,Toulouse,9941,1668299,Ismaïl Diallo,Toulouse,9941,False,6.58,45.0,0.0,0.0,0.02,0.0,0.01,0.03,1.0,10.0,18.0,0.0,0.0,1.0,0.0,1.0,5.0,35.0,0.0,6.0,0.0,0.0,0.02,1.0,1.0,3.0,0.0,2.0,0.0,2.0,3.0,0.0,0.0,0.0,0.0,2.0,1.0,0.0,0.0,0.0,0.0,0.0,1.0,0.0,0.0,0.0,0.0,0.0,0.0,0.0,0.0,0.0,2.0,0.0,1.0,2.0,0.0,0.0,0.0,0.0,0.0,0.0,0.0,0.0
5802911,2026-08-29T18:45:00.000Z,2,Ligue 1,Brest,8521,Toulouse,9941,1699556,Raphaël Le Guen,Brest,8521,False,6.67,90.0,0.0,0.0,0.54,0.0,0.01,0.55,2.0,57.0,61.0,1.0,0.0,2.0,0.0,2.0,4.0,70.0,2.0,1.0,0.0,0.0,0.54,0.0,1.0,3.0,0.0,5.0,0.0,1.0,1.0,2.0,2.0,1.0,0.0,3.0,0.0,0.0,0.0,0.0,0.0,6.0,8.0,0.0,0.0,0.0,0.0,0.0,0.0,0.0,0.0,0.0,2.0,0.0,0.0,0.0,0.0,1.0,0.0,0.0,0.0,0.0,0.0,0.0
5802911,2026-08-29T18:45:00.000Z,2,Ligue 1,Brest,8521,Toulouse,9941,1717493,Sion Oppong,Toulouse,9941,False,6.18,23.0,0.0,0.0,0.0,0.0,0.02,0.02,0.0,2.0,5.0,0.0,0.0,0.0,0.0,0.0,1.0,8.0,0.0,1.0,1.0,0.0,0.0,1.0,0.0,0.0,0.0,0.0,0.0,2.0,3.0,1.0,1.0,1.0,0.0,3.0,1.0,0.0,0.0,0.0,0.0,0.0,0.0,0.0,0.0,0.0,0.0,0.0,0.0,0.0,0.0,0.0,0.0,0.0,0.0,0.0,0.0,0.0,0.0,0.0,0.0,0.0,0.0,0.0
5802911,2026-08-29T18:45:00.000Z,2,Ligue 1,Brest,8521,Toulouse,9941,1751857,Ilyas Azizi,Toulouse,9941,False,0.0,0.0,0.0,0.0,0.0,0.0,0.0,0.0,0.0,0.0,0.0,0.0,0.0,0.0,0.0,0.0,0.0,0.0,0.0,0.0,0.0,0.0,0.0,0.0,0.0,0.0,0.0,0.0,0.0,0.0,0.0,0.0,0.0,0.0,0.0,0.0,0.0,0.0,0.0,0.0,0.0,0.0,0.0,0.0,0.0,0.0,0.0,0.0,0.0,0.0,0.0,0.0,0.0,0.0,0.0,0.0,0.0,0.0,0.0,0.0,0.0,0.0,0.0,0.0
5802911,2026-08-29T18:45:00.000Z,2,Ligue 1,Brest,8521,Toulouse,9941,1791727,Alexis Vossah,Toulouse,9941,False,6.58,60.0,0.0,0.0,0.0,0.0,0.01,0.01,0.0,18.0,24.0,0.0,0.0,0.0,0.0,0.0,4.0,39.0,1.0,5.0,4.0,0.0,0.0,2.0,0.0,1.0,1.0,6.0,0.0,4.0,9.0,1.0,1.0,1.0,1.0,5.0,5.0,0.0,0.0,0.0,0.0,1.0,2.0,0.0,0.0,0.0,0.0,0.0,0.0,0.0,0.0,0.0,0.0,0.0,1.0,1.0,0.0,0.0,0.0,0.0,0.0,0.0,0.0,0.0
5802911,2026-08-29T18:45:00.000Z,2,Ligue 1,Brest,8521,Toulouse,9941,1791729,Seny Koumbassa,Toulouse,9941,False,6.13,12.0,0.0,0.0,0.0,0.0,0.0,0.0,0.0,6.0,6.0,0.0,0.0,0.0,0.0,0.0,2.0,8.0,0.0,0.0,0.0,0.0,0.0,0.0,0.0,2.0,0.0,1.0,0.0,0.0,1.0,0.0,0.0,0.0,1.0,0.0,1.0,0.0,0.0,0.0,0.0,0.0,0.0,0.0,0.0,0.0,0.0,0.0,0.0,0.0,0.0,0.0,1.0,0.0,0.0,0.0,0.0,0.0,0.0,0.0,0.0,0.0,0.0,0.0
5802911,2026-08-29T18:45:00.000Z,2,Ligue 1,Brest,8521,Toulouse,9941,1827757,Evan Mailly,Brest,8521,False,0.0,0.0,0.0,0.0,0.0,0.0,0.0,0.0,0.0,0.0,0.0,0.0,0.0,0.0,0.0,0.0,0.0,0.0,0.0,0.0,0.0,0.0,0.0,0.0,0.0,0.0,0.0,0.0,0.0,0.0,0.0,0.0,0.0,0.0,0.0,0.0,0.0,0.0,0.0,0.0,0.0,0.0,0.0,0.0,0.0,0.0,0.0,0.0,0.0,0.0,0.0,0.0,0.0,0.0,0.0,0.0,0.0,0.0,0.0,0.0,0.0,0.0,0.0,0.0
5802911,2026-08-29T18:45:00.000Z,2,Ligue 1,Brest,8521,Toulouse,9941,2155246,Mathis Laine,Brest,8521,False,0.0,7.0,0.0,0.0,0.0,0.0,0.0,0.0,0.0,0.0,0.0,0.0,0.0,0.0,0.0,0.0,0.0,1.0,0.0,0.0,0.0,0.0,0.0,0.0,0.0,0.0,0.0,0.0,0.0,1.0,1.0,0.0,0.0,1.0,0.0,1.0,0.0,0.0,0.0,0.0,0.0,0.0,0.0,0.0,0.0,0.0,0.0,0.0,0.0,0.0,0.0,0.0,0.0,0.0,0.0,0.0,0.0,0.0,0.0,0.0,0.0,0.0,0.0,0.0
5802911,2026-08-29T18:45:00.000Z,2,Ligue 1,Brest,8521,Toulouse,9941,2173745,Aymen Amaaouch,Toulouse,9941,False,0.0,0.0,0.0,0.0,0.0,0.0,0.0,0.0,0.0,0.0,0.0,0.0,0.0,0.0,0.0,0.0,0.0,0.0,0.0,0.0,0.0,0.0,0.0,0.0,0.0,0.0,0.0,0.0,0.0,0.0,0.0,0.0,0.0,0.0,0.0,0.0,0.0,0.0,0.0,0.0,0.0,0.0,0.0,0.0,0.0,0.0,0.0,0.0,0.0,0.0,0.0,0.0,0.0,0.0,0.0,0.0,0.0,0.0,0.0,0.0,0.0,0.0,0.0,0.0
5802912,2026-08-29T18:45:00.000Z,2,Ligue 1,Lorient,8689,Troyes,10242,274787,Yvon Mvogo,Lorient,8689,True,5.75,90.0,0.0,0.0,0.0,0.0,0.0,0.0,0.0,26.0,29.0,0.0,0.0,0.0,0.0,0.0,0.0,31.0,0.0,1.0,0.0,0.0,0.0,0.0,0.0,0.0,0.0,4.0,0.0,0.0,0.0,0.0,0.0,0.0,0.0,0.0,0.0,0.0,2.0,1.78,-0.22,1.0,4.0,0.0,0.0,0.0,0.0,2.0,0.0,0.0,0.0,0.0,0.0,0.0,0.0,0.0,0.0,0.0,0.0,0.0,0.0,0.0,0.0,0.0
5802912,2026-08-29T18:45:00.000Z,2,Ligue 1,Lorient,8689,Troyes,10242,348420,Renaud Ripart,Troyes,10242,False,7.94,86.0,1.0,0.0,1.41,0.9,0.02,1.43,5.0,14.0,24.0,0.0,1.0,3.0,1.0,4.0,3.0,39.0,5.0,3.0,2.0,0.0,0.62,3.0,0.0,0.0,0.0,2.0,0.0,4.0,6.0,6.0,13.0,1.0,0.0,10.0,9.0,0.0,0.0,0.0,0.0,2.0,3.0,0.0,0.0,0.0,0.0,0.0,0.0,0.0,0.0,0.0,0.0,1.0,0.0,0.0,0.0,1.0,0.0,0.0,0.0,0.0,0.0,0.0
5802912,2026-08-29T18:45:00.000Z,2,Ligue 1,Lorient,8689,Troyes,10242,465719,Adrien Monfray,Troyes,10242,False,7.8,90.0,0.0,0.0,0.01,0.0,0.0,0.01,1.0,42.0,50.0,0.0,0.0,0.0,0.0,0.0,12.0,64.0,1.0,8.0,0.0,0.0,0.01,5.0,0.0,4.0,3.0,4.0,1.0,5.0,6.0,2.0,2.0,0.0,0.0,7.0,1.0,0.0,0.0,0.0,0.0,5.0,8.0,0.0,0.0,0.0,0.0,0.0,0.0,0.0,0.0,0.0,3.0,1.0,0.0,0.0,0.0,0.0,0.0,0.0,0.0,0.0,0.0,0.0
5802912,2026-08-29T18:45:00.000Z,2,Ligue 1,Lorient,8689,Troyes,10242,560896,Hillel Konaté,Troyes,10242,True,0.0,0.0,0.0,0.0,0.0,0.0,0.0,0.0,0.0,0.0,0.0,0.0,0.0,0.0,0.0,0.0,0.0,0.0,0.0,0.0,0.0,0.0,0.0,0.0,0.0,0.0,0.0,0.0,0.0,0.0,0.0,0.0,0.0,0.0,0.0,0.0,0.0,0.0,0.0,0.0,0.0,0.0,0.0,0.0,0.0,0.0,0.0,0.0,0.0,0.0,0.0,0.0,0.0,0.0,0.0,0.0,0.0,0.0,0.0,0.0,0.0,0.0,0.0,0.0
5802912,2026-08-29T18:45:00.000Z,2,Ligue 1,Lorient,8689,Troyes,10242,564571,Bingourou Kamara,Lorient,8689,True,0.0,0.0,0.0,0.0,0.0,0.0,0.0,0.0,0.0,0.0,0.0,0.0,0.0,0.0,0.0,0.0,0.0,0.0,0.0,0.0,0.0,0.0,0.0,0.0,0.0,0.0,0.0,0.0,0.0,0.0,0.0,0.0,0.0,0.0,0.0,0.0,0.0,0.0,0.0,0.0,0.0,0.0,0.0,0.0,0.0,0.0,0.0,0.0,0.0,0.0,0.0,0.0,0.0,0.0,0.0,0.0,0.0,0.0,0.0,0.0,0.0,0.0,0.0,0.0
5802912,2026-08-29T18:45:00.000Z,2,Ligue 1,Lorient,8689,Troyes,10242,688285,Alec Georgen,Lorient,8689,False,0.0,0.0,0.0,0.0,0.0,0.0,0.0,0.0,0.0,0.0,0.0,0.0,0.0,0.0,0.0,0.0,0.0,0.0,0.0,0.0,0.0,0.0,0.0,0.0,0.0,0.0,0.0,0.0,0.0,0.0,0.0,0.0,0.0,0.0,0.0,0.0,0.0,0.0,0.0,0.0,0.0,0.0,0.0,0.0,0.0,0.0,0.0,0.0,0.0,0.0,0.0,0.0,0.0,0.0,0.0,0.0,0.0,0.0,0.0,0.0,0.0,0.0,0.0,0.0
5802912,2026-08-29T18:45:00.000Z,2,Ligue 1,Lorient,8689,Troyes,10242,699461,Jean-Victor Makengo,Lorient,8689,False,7.04,73.0,1.0,0.0,0.03,0.59,0.03,0.06,1.0,35.0,37.0,0.0,1.0,0.0,1.0,1.0,1.0,49.0,2.0,3.0,1.0,0.0,0.03,0.0,1.0,0.0,0.0,1.0,1.0,3.0,7.0,1.0,4.0,2.0,1.0,4.0,7.0,0.0,0.0,0.0,0.0,2.0,2.0,0.0,0.0,0.0,0.0,0.0,0.0,0.0,0.0,0.0,0.0,0.0,1.0,3.0,0.0,0.0,0.0,0.0,0.0,1.0,0.0,0.0
5802912,2026-08-29T18:45:00.000Z,2,Ligue 1,Lorient,8689,Troyes,10242,841395,Aiyegun Tosin,Lorient,8689,False,6.25,24.0,0.0,0.0,0.0,0.0,0.0,0.0,0.0,2.0,2.0,0.0,0.0,0.0,0.0,0.0,1.0,3.0,0.0,0.0,0.0,0.0,0.0,0.0,0.0,1.0,0.0,1.0,0.0,0.0,0.0,1.0,1.0,0.0,0.0,1.0,0.0,0.0,0.0,0.0,0.0,0.0,0.0,0.0,0.0,0.0,0.0,0.0,0.0,0.0,0.0,0.0,1.0,0.0,0.0,0.0,0.0,0.0,0.0,0.0,0.0,0.0,0.0,0.0
5802912,2026-08-29T18:45:00.000Z,2,Ligue 1,Lorient,8689,Troyes,10242,846392,Montassar Talbi,Lorient,8689,False,6.91,90.0,0.0,0.0,0.19,0.63,0.06,0.25,1.0,101.0,106.0,0.0,1.0,0.0,1.0,1.0,8.0,118.0,2.0,12.0,1.0,0.0,0.19,2.0,0.0,6.0,0.0,3.0,0.0,2.0,3.0,2.0,4.0,0.0,0.0,4.0,3.0,0.0,0.0,0.0,0.0,7.0,10.0,0.0,0.0,0.0,0.0,0.0,0.0,0.0,0.0,0.0,3.0,0.0,0.0,0.0,0.0,0.0,0.0,0.0,0.0,0.0,0.0,0.0
5802912,2026-08-29T18:45:00.000Z,2,Ligue 1,Lorient,8689,Troyes,10242,992082,Alexandre Phliponeau,Troyes,10242,False,0.0,5.0,0.0,0.0,0.0,0.0,0.0,0.0,0.0,0.0,0.0,0.0,0.0,0.0,0.0,0.0,0.0,2.0,0.0,0.0,0.0,0.0,0.0,0.0,0.0,0.0,0.0,0.0,0.0,1.0,1.0,0.0,0.0,1.0,0.0,1.0,0.0,0.0,0.0,0.0,0.0,0.0,0.0,0.0,0.0,0.0,0.0,0.0,0.0,0.0,0.0,0.0,0.0,0.0,0.0,0.0,0.0,0.0,0.0,0.0,0.0,0.0,0.0,0.0
5802912,2026-08-29T18:45:00.000Z,2,Ligue 1,Lorient,8689,Troyes,10242,1030945,Iron Gomis,Troyes,10242,False,7.23,85.0,0.0,0.0,0.1,0.0,0.01,0.11,2.0,16.0,21.0,0.0,0.0,2.0,0.0,2.0,5.0,37.0,2.0,3.0,0.0,0.0,0.1,1.0,1.0,3.0,0.0,5.0,1.0,3.0,7.0,4.0,6.0,1.0,2.0,7.0,6.0,0.0,0.0,0.0,0.0,1.0,1.0,0.0,0.0,0.0,0.0,0.0,0.0,0.0,0.0,1.0,0.0,0.0,1.0,2.0,0.0,0.0,0.0,0.0,0.0,0.0,0.0,0.0
5802912,2026-08-29T18:45:00.000Z,2,Ligue 1,Lorient,8689,Troyes,10242,1039458,Paolo Gozzi,Troyes,10242,False,0.0,0.0,0.0,0.0,0.0,0.0,0.0,0.0,0.0,0.0,0.0,0.0,0.0,0.0,0.0,0.0,0.0,0.0,0.0,0.0,0.0,0.0,0.0,0.0,0.0,0.0,0.0,0.0,0.0,0.0,0.0,0.0,0.0,0.0,0.0,0.0,0.0,0.0,0.0,0.0,0.0,0.0,0.0,0.0,0.0,0.0,0.0,0.0,0.0,0.0,0.0,0.0,0.0,0.0,0.0,0.0,0.0,0.0,0.0,0.0,0.0,0.0,0.0,0.0
5802912,2026-08-29T18:45:00.000Z,2,Ligue 1,Lorient,8689,Troyes,10242,1097446,Noah Cadiou,Lorient,8689,False,7.32,84.0,0.0,0.0,0.09,0.0,0.05,0.14,2.0,69.0,85.0,0.0,0.0,1.0,0.0,1.0,5.0,99.0,1.0,13.0,1.0,0.0,0.09,4.0,1.0,0.0,0.0,7.0,0.0,7.0,8.0,0.0,1.0,1.0,0.0,7.0,2.0,0.0,0.0,0.0,0.0,7.0,12.0,0.0,0.0,0.0,0.0,0.0,0.0,0.0,0.0,0.0,0.0,1.0,2.0,2.0,0.0,0.0,0.0,0.0,0.0,0.0,0.0,0.0
5802912,2026-08-29T18:45:00.000Z,2,Ligue 1,Lorient,8689,Troyes,10242,1107257,Souleymane Faye,Lorient,8689,False,6.22,17.0,0.0,0.0,0.05,0.0,0.0,0.05,1.0,2.0,5.0,1.0,0.0,1.0,0.0,1.0,1.0,10.0,3.0,1.0,0.0,0.0,0.05,0.0,0.0,1.0,0.0,0.0,0.0,0.0,0.0,0.0,0.0,0.0,0.0,0.0,0.0,0.0,0.0,0.0,0.0,0.0,0.0,0.0,0.0,0.0,0.0,0.0,0.0,0.0,0.0,0.0,0.0,0.0,0.0,0.0,0.0,0.0,0.0,0.0,0.0,0.0,0.0,0.0
5802912,2026-08-29T18:45:00.000Z,2,Ligue 1,Lorient,8689,Troyes,10242,1108031,Kandet Diawara,Troyes,10242,False,6.16,23.0,0.0,0.0,0.0,0.0,0.0,0.0,0.0,1.0,2.0,0.0,0.0,0.0,0.0,0.0,0.0,6.0,1.0,0.0,0.0,1.0,0.0,0.0,0.0,0.0,0.0,0.0,0.0,0.0,0.0,1.0,1.0,1.0,0.0,1.0,0.0,0.0,0.0,0.0,0.0,0.0,0.0,0.0,0.0,0.0,0.0,0.0,0.0,0.0,0.0,3.0,0.0,0.0,0.0,0.0,1.0,0.0,0.0,0.0,0.0,0.0,0.0,0.0
5802912,2026-08-29T18:45:00.000Z,2,Ligue 1,Lorient,8689,Troyes,10242,1180547,Souleymane Touré,Lorient,8689,False,0.0,0.0,0.0,0.0,0.0,0.0,0.0,0.0,0.0,0.0,0.0,0.0,0.0,0.0,0.0,0.0,0.0,0.0,0.0,0.0,0.0,0.0,0.0,0.0,0.0,0.0,0.0,0.0,0.0,0.0,0.0,0.0,0.0,0.0,0.0,0.0,0.0,0.0,0.0,0.0,0.0,0.0,0.0,0.0,0.0,0.0,0.0,0.0,0.0,0.0,0.0,0.0,0.0,0.0,0.0,0.0,0.0,0.0,0.0,0.0,0.0,0.0,0.0,0.0
5802912,2026-08-29T18:45:00.000Z,2,Ligue 1,Lorient,8689,Troyes,10242,1202070,Isak Steiner Jensen,Lorient,8689,False,6.42,24.0,0.0,0.0,0.0,0.0,0.02,0.02,0.0,16.0,16.0,0.0,0.0,0.0,0.0,0.0,0.0,20.0,0.0,2.0,0.0,0.0,0.0,0.0,0.0,0.0,0.0,1.0,0.0,1.0,1.0,0.0,0.0,0.0,0.0,1.0,0.0,0.0,0.0,0.0,0.0,1.0,1.0,0.0,0.0,0.0,0.0,0.0,0.0,0.0,0.0,1.0,0.0,0.0,1.0,1.0,0.0,0.0,0.0,0.0,0.0,0.0,0.0,0.0
5802912,2026-08-29T18:45:00.000Z,2,Ligue 1,Lorient,8689,Troyes,10242,1225704,Noah Mbamba,Lorient,8689,False,0.0,6.0,0.0,0.0,0.0,0.0,0.0,0.0,0.0,4.0,4.0,0.0,0.0,0.0,0.0,0.0,1.0,6.0,1.0,0.0,1.0,0.0,0.0,0.0,0.0,0.0,1.0,0.0,0.0,0.0,2.0,0.0,0.0,0.0,1.0,0.0,2.0,0.0,0.0,0.0,0.0,0.0,0.0,0.0,0.0,0.0,0.0,0.0,0.0,0.0,0.0,0.0,0.0,0.0,0.0,0.0,0.0,0.0,0.0,0.0,0.0,0.0,0.0,0.0
5802912,2026-08-29T18:45:00.000Z,2,Ligue 1,Lorient,8689,Troyes,10242,1276315,Dermane Karim,Troyes,10242,False,5.96,12.0,0.0,0.0,0.0,0.0,0.0,0.0,0.0,2.0,3.0,0.0,0.0,0.0,0.0,0.0,1.0,6.0,0.0,0.0,0.0,0.0,0.0,0.0,0.0,1.0,0.0,0.0,0.0,0.0,2.0,0.0,0.0,0.0,1.0,0.0,2.0,0.0,0.0,0.0,0.0,0.0,0.0,0.0,0.0,0.0,0.0,0.0,0.0,0.0,0.0,0.0,0.0,0.0,0.0,1.0,0.0,0.0,0.0,0.0,0.0,0.0,0.0,0.0
5802912,2026-08-29T18:45:00.000Z,2,Ligue 1,Lorient,8689,Troyes,10242,1292354,Théo Le Bris,Lorient,8689,False,6.73,73.0,0.0,0.0,0.03,0.06,0.02,0.05,1.0,33.0,38.0,0.0,1.0,0.0,1.0,1.0,2.0,60.0,2.0,3.0,0.0,0.0,0.03,2.0,0.0,0.0,0.0,1.0,0.0,5.0,6.0,0.0,2.0,1.0,1.0,5.0,3.0,0.0,0.0,0.0,0.0,0.0,0.0,0.0,0.0,0.0,0.0,0.0,0.0,0.0,0.0,5.0,0.0,0.0,2.0,2.0,0.0,0.0,0.0,0.0,0.0,0.0,0.0,0.0
5802912,2026-08-29T18:45:00.000Z,2,Ligue 1,Lorient,8689,Troyes,10242,1321149,Mouhamed Diop,Troyes,10242,False,6.62,90.0,0.0,0.0,0.0,0.0,0.01,0.01,0.0,21.0,25.0,0.0,0.0,0.0,0.0,0.0,10.0,43.0,0.0,3.0,3.0,0.0,0.0,2.0,1.0,6.0,1.0,5.0,2.0,2.0,10.0,0.0,1.0,0.0,1.0,2.0,9.0,0.0,0.0,0.0,0.0,3.0,4.0,0.0,0.0,0.0,0.0,0.0,0.0,0.0,0.0,0.0,4.0,0.0,0.0,2.0,0.0,0.0,0.0,0.0,0.0,0.0,0.0,0.0
5802912,2026-08-29T18:45:00.000Z,2,Ligue 1,Lorient,8689,Troyes,10242,1330942,Lucas Maronnier,Troyes,10242,False,7.93,86.0,1.0,0.0,0.4,0.88,0.01,0.41000000000000003,1.0,20.0,25.0,0.0,1.0,0.0,1.0,1.0,8.0,47.0,1.0,4.0,1.0,0.0,0.4,3.0,0.0,3.0,2.0,6.0,0.0,3.0,6.0,0.0,1.0,0.0,2.0,3.0,4.0,0.0,0.0,0.0,0.0,2.0,6.0,0.0,0.0,0.0,0.0,0.0,0.0,0.0,0.0,2.0,3.0,0.0,0.0,0.0,0.0,0.0,0.0,0.0,0.0,0.0,0.0,0.0
5802912,2026-08-29T18:45:00.000Z,2,Ligue 1,Lorient,8689,Troyes,10242,1335765,Patrick Beach,Troyes,10242,True,8.26,90.0,0.0,0.0,0.0,0.0,0.0,0.0,0.0,10.0,26.0,0.0,0.0,0.0,0.0,0.0,1.0,40.0,0.0,8.0,0.0,0.0,0.0,0.0,0.0,1.0,0.0,8.0,0.0,0.0,0.0,0.0,0.0,0.0,0.0,0.0,0.0,4.0,1.0,2.46,1.46,9.0,25.0,3.0,3.0,1.0,0.0,6.0,0.0,0.0,0.0,0.0,0.0,0.0,0.0,0.0,0.0,0.0,0.0,0.0,0.0,0.0,0.0,0.0
5802912,2026-08-29T18:45:00.000Z,2,Ligue 1,Lorient,8689,Troyes,10242,1342983,Antoine Mille,Troyes,10242,False,7.83,78.0,0.0,1.0,0.05,0.0,0.24,0.29,1.0,24.0,34.0,2.0,0.0,0.0,0.0,0.0,6.0,48.0,2.0,7.0,0.0,0.0,0.05,4.0,1.0,1.0,0.0,5.0,3.0,5.0,13.0,3.0,4.0,0.0,3.0,8.0,9.0,0.0,0.0,0.0,0.0,2.0,4.0,0.0,0.0,0.0,0.0,0.0,0.0,1.0,0.0,0.0,0.0,1.0,1.0,3.0,0.0,0.0,0.0,0.0,0.0,0.0,0.0,0.0
5802912,2026-08-29T18:45:00.000Z,2,Ligue 1,Lorient,8689,Troyes,10242,1351065,Nathaniel Adjei,Lorient,8689,False,7.49,90.0,0.0,0.0,0.0,0.0,0.02,0.02,0.0,81.0,90.0,0.0,0.0,0.0,0.0,0.0,11.0,108.0,0.0,12.0,0.0,0.0,0.0,2.0,0.0,6.0,3.0,4.0,0.0,2.0,2.0,4.0,5.0,0.0,0.0,6.0,1.0,0.0,0.0,0.0,0.0,3.0,5.0,0.0,0.0,0.0,0.0,0.0,0.0,0.0,0.0,0.0,3.0,0.0,0.0,0.0,0.0,0.0,0.0,0.0,0.0,0.0,0.0,0.0
5802912,2026-08-29T18:45:00.000Z,2,Ligue 1,Lorient,8689,Troyes,10242,1399999,Dembo Sylla,Lorient,8689,False,7.15,90.0,0.0,0.0,0.0,0.0,0.03,0.03,0.0,70.0,73.0,0.0,0.0,0.0,0.0,0.0,8.0,97.0,0.0,8.0,0.0,0.0,0.0,0.0,1.0,3.0,4.0,1.0,0.0,2.0,4.0,4.0,8.0,1.0,2.0,6.0,6.0,0.0,0.0,0.0,0.0,3.0,5.0,0.0,0.0,0.0,0.0,0.0,0.0,0.0,0.0,3.0,1.0,0.0,1.0,2.0,0.0,0.0,0.0,0.0,0.0,0.0,0.0,0.0
5802912,2026-08-29T18:45:00.000Z,2,Ligue 1,Lorient,8689,Troyes,10242,1401205,Michel Diaz,Troyes,10242,False,7.05,90.0,0.0,0.0,0.14,0.0,0.0,0.14,1.0,25.0,29.0,0.0,0.0,0.0,0.0,0.0,8.0,40.0,2.0,2.0,0.0,0.0,0.14,1.0,0.0,5.0,2.0,2.0,0.0,1.0,1.0,1.0,2.0,0.0,0.0,2.0,1.0,0.0,0.0,0.0,0.0,3.0,4.0,0.0,0.0,0.0,0.0,0.0,0.0,0.0,0.0,0.0,2.0,1.0,0.0,0.0,0.0,0.0,0.0,0.0,0.0,0.0,0.0,0.0
5802912,2026-08-29T18:45:00.000Z,2,Ligue 1,Lorient,8689,Troyes,10242,1411553,Hugo Picard,Troyes,10242,False,6.64,67.0,0.0,0.0,0.0,0.0,0.41,0.41,0.0,10.0,11.0,3.0,0.0,0.0,0.0,0.0,1.0,25.0,2.0,1.0,1.0,2.0,0.0,0.0,0.0,1.0,0.0,0.0,3.0,0.0,6.0,0.0,0.0,0.0,1.0,0.0,6.0,0.0,0.0,0.0,0.0,0.0,0.0,0.0,0.0,0.0,0.0,0.0,0.0,0.0,3.0,4.0,1.0,0.0,0.0,1.0,0.0,0.0,0.0,0.0,0.0,0.0,0.0,0.0
5802912,2026-08-29T18:45:00.000Z,2,Ligue 1,Lorient,8689,Troyes,10242,1427808,Panos Katseris,Lorient,8689,False,6.52,17.0,0.0,0.0,0.0,0.0,0.15,0.15,0.0,7.0,10.0,1.0,0.0,0.0,0.0,0.0,2.0,16.0,2.0,0.0,0.0,0.0,0.0,1.0,0.0,1.0,0.0,0.0,0.0,2.0,3.0,1.0,2.0,0.0,1.0,3.0,2.0,0.0,0.0,0.0,0.0,0.0,1.0,0.0,0.0,0.0,0.0,0.0,0.0,0.0,0.0,3.0,1.0,0.0,1.0,1.0,0.0,0.0,0.0,0.0,0.0,0.0,0.0,0.0
5802912,2026-08-29T18:45:00.000Z,2,Ligue 1,Lorient,8689,Troyes,10242,1523321,Merwan Ifnaou,Troyes,10242,False,7.08,90.0,0.0,0.0,0.0,0.0,0.16,0.16,0.0,29.0,34.0,4.0,0.0,0.0,0.0,0.0,2.0,46.0,2.0,6.0,1.0,0.0,0.0,1.0,0.0,1.0,0.0,0.0,0.0,2.0,7.0,0.0,1.0,1.0,1.0,2.0,6.0,0.0,0.0,0.0,0.0,4.0,5.0,0.0,0.0,0.0,0.0,0.0,0.0,0.0,2.0,3.0,0.0,0.0,0.0,3.0,4.0,0.0,0.0,0.0,0.0,0.0,0.0,0.0
5802912,2026-08-29T18:45:00.000Z,2,Ligue 1,Lorient,8689,Troyes,10242,1526621,Nosa Edward Obaretin,Lorient,8689,False,0.0,0.0,0.0,0.0,0.0,0.0,0.0,0.0,0.0,0.0,0.0,0.0,0.0,0.0,0.0,0.0,0.0,0.0,0.0,0.0,0.0,0.0,0.0,0.0,0.0,0.0,0.0,0.0,0.0,0.0,0.0,0.0,0.0,0.0,0.0,0.0,0.0,0.0,0.0,0.0,0.0,0.0,0.0,0.0,0.0,0.0,0.0,0.0,0.0,0.0,0.0,0.0,0.0,0.0,0.0,0.0,0.0,0.0,0.0,0.0,0.0,0.0,0.0,0.0
5802912,2026-08-29T18:45:00.000Z,2,Ligue 1,Lorient,8689,Troyes,10242,1565010,Arthur Avom,Lorient,8689,False,7.15,90.0,0.0,0.0,0.1,0.0,0.12,0.22,3.0,84.0,96.0,1.0,0.0,2.0,0.0,2.0,6.0,121.0,1.0,17.0,1.0,0.0,0.1,4.0,0.0,0.0,2.0,4.0,0.0,6.0,8.0,1.0,2.0,2.0,0.0,7.0,3.0,0.0,0.0,0.0,0.0,6.0,10.0,0.0,0.0,0.0,0.0,0.0,0.0,0.0,0.0,1.0,0.0,1.0,0.0,1.0,0.0,0.0,0.0,0.0,0.0,0.0,0.0,0.0
5802912,2026-08-29T18:45:00.000Z,2,Ligue 1,Lorient,8689,Troyes,10242,1640832,Arsène Kouassi,Lorient,8689,False,7.23,90.0,0.0,0.0,0.0,0.0,0.06,0.06,0.0,46.0,54.0,3.0,0.0,0.0,0.0,0.0,4.0,80.0,2.0,3.0,2.0,0.0,0.0,1.0,0.0,2.0,1.0,6.0,0.0,5.0,14.0,2.0,2.0,2.0,1.0,7.0,9.0,0.0,0.0,0.0,0.0,0.0,1.0,0.0,0.0,0.0,0.0,0.0,0.0,0.0,0.0,3.0,2.0,0.0,2.0,8.0,0.0,0.0,0.0,0.0,0.0,0.0,0.0,0.0
5802912,2026-08-29T18:45:00.000Z,2,Ligue 1,Lorient,8689,Troyes,10242,1668294,Gabin Bernardeau,Lorient,8689,False,6.52,66.0,0.0,0.0,0.09,0.0,0.29,0.38,2.0,9.0,20.0,2.0,0.0,1.0,0.0,1.0,2.0,41.0,5.0,3.0,1.0,0.0,0.09,2.0,0.0,0.0,0.0,1.0,1.0,4.0,9.0,0.0,2.0,1.0,1.0,4.0,7.0,0.0,0.0,0.0,0.0,0.0,1.0,0.0,0.0,0.0,0.0,0.0,0.0,1.0,2.0,5.0,0.0,1.0,1.0,3.0,2.0,0.0,0.0,0.0,0.0,0.0,0.0,0.0
5802912,2026-08-29T18:45:00.000Z,2,Ligue 1,Lorient,8689,Troyes,10242,1760691,Christ Batola,Troyes,10242,False,0.0,0.0,0.0,0.0,0.0,0.0,0.0,0.0,0.0,0.0,0.0,0.0,0.0,0.0,0.0,0.0,0.0,0.0,0.0,0.0,0.0,0.0,0.0,0.0,0.0,0.0,0.0,0.0,0.0,0.0,0.0,0.0,0.0,0.0,0.0,0.0,0.0,0.0,0.0,0.0,0.0,0.0,0.0,0.0,0.0,0.0,0.0,0.0,0.0,0.0,0.0,0.0,0.0,0.0,0.0,0.0,0.0,0.0,0.0,0.0,0.0,0.0,0.0,0.0
5802912,2026-08-29T18:45:00.000Z,2,Ligue 1,Lorient,8689,Troyes,10242,1797614,Anis Ouzenadji,Troyes,10242,False,7.38,90.0,0.0,0.0,0.0,0.0,0.01,0.01,0.0,21.0,31.0,0.0,0.0,0.0,0.0,0.0,9.0,59.0,0.0,8.0,1.0,0.0,0.0,2.0,1.0,6.0,0.0,3.0,1.0,5.0,9.0,1.0,3.0,3.0,0.0,6.0,6.0,0.0,0.0,0.0,0.0,1.0,8.0,0.0,0.0,0.0,0.0,0.0,0.0,0.0,0.0,2.0,3.0,0.0,0.0,2.0,0.0,0.0,1.0,0.0,0.0,0.0,0.0,0.0
5802912,2026-08-29T18:45:00.000Z,2,Ligue 1,Lorient,8689,Troyes,10242,1844131,Noah Donkor,Troyes,10242,False,0.0,4.0,0.0,0.0,0.0,0.0,0.0,0.0,0.0,1.0,1.0,0.0,0.0,0.0,0.0,0.0,0.0,2.0,0.0,0.0,0.0,0.0,0.0,0.0,0.0,0.0,0.0,0.0,0.0,0.0,0.0,0.0,0.0,0.0,0.0,0.0,0.0,0.0,0.0,0.0,0.0,0.0,0.0,0.0,0.0,0.0,0.0,0.0,0.0,0.0,0.0,0.0,0.0,0.0,0.0,0.0,0.0,0.0,0.0,0.0,0.0,0.0,0.0,0.0
5802912,2026-08-29T18:45:00.000Z,2,Ligue 1,Lorient,8689,Troyes,10242,1888816,Mamadou Koné,Lorient,8689,False,6.95,66.0,0.0,0.0,0.57,1.18,0.03,0.6,4.0,10.0,12.0,2.0,3.0,1.0,3.0,4.0,3.0,27.0,6.0,0.0,2.0,0.0,0.57,3.0,0.0,0.0,0.0,2.0,0.0,4.0,8.0,1.0,2.0,1.0,1.0,5.0,5.0,0.0,0.0,0.0,0.0,0.0,0.0,0.0,0.0,0.0,0.0,0.0,0.0,0.0,0.0,0.0,0.0,0.0,0.0,1.0,0.0,2.0,0.0,0.0,0.0,0.0,0.0,0.0
5802912,2026-08-29T18:45:00.000Z,2,Ligue 1,Lorient,8689,Troyes,10242,2155239,Idrissa Soukouna,Troyes,10242,False,0.0,0.0,0.0,0.0,0.0,0.0,0.0,0.0,0.0,0.0,0.0,0.0,0.0,0.0,0.0,0.0,0.0,0.0,0.0,0.0,0.0,0.0,0.0,0.0,0.0,0.0,0.0,0.0,0.0,0.0,0.0,0.0,0.0,0.0,0.0,0.0,0.0,0.0,0.0,0.0,0.0,0.0,0.0,0.0,0.0,0.0,0.0,0.0,0.0,0.0,0.0,0.0,0.0,0.0,0.0,0.0,0.0,0.0,0.0,0.0,0.0,0.0,0.0,0.0
5802912,2026-08-29T18:45:00.000Z,2,Ligue 1,Lorient,8689,Troyes,10242,2155240,Yacouba Kone,Troyes,10242,False,0.0,4.0,0.0,0.0,0.0,0.0,0.0,0.0,0.0,1.0,2.0,0.0,0.0,0.0,0.0,0.0,1.0,3.0,1.0,0.0,0.0,0.0,0.0,1.0,0.0,0.0,0.0,0.0,0.0,1.0,1.0,0.0,1.0,0.0,0.0,1.0,1.0,0.0,0.0,0.0,0.0,0.0,0.0,0.0,0.0,0.0,0.0,0.0,0.0,0.0,0.0,0.0,0.0,0.0,0.0,0.0,0.0,0.0,0.0,0.0,0.0,0.0,0.0,0.0
5802913,2026-08-29T18:45:00.000Z,2,Ligue 1,Lyon,9748,Le Havre,9746,195750,Nicolás Tagliafico,Lyon,9748,False,6.81,80.0,0.0,0.0,0.0,0.0,0.01,0.01,0.0,33.0,39.0,1.0,0.0,0.0,0.0,0.0,6.0,66.0,0.0,6.0,1.0,0.0,0.0,1.0,0.0,3.0,2.0,2.0,2.0,2.0,7.0,2.0,2.0,1.0,1.0,4.0,5.0,0.0,0.0,0.0,0.0,1.0,3.0,0.0,0.0,0.0,0.0,0.0,0.0,0.0,0.0,1.0,1.0,0.0,0.0,1.0,0.0,0.0,0.0,0.0,0.0,0.0,0.0,0.0
5802913,2026-08-29T18:45:00.000Z,2,Ligue 1,Lyon,9748,Le Havre,9746,210443,Vincent Sasso,Le Havre,9746,False,0.0,1.0,0.0,0.0,0.0,0.0,0.0,0.0,0.0,0.0,0.0,0.0,0.0,0.0,0.0,0.0,2.0,2.0,0.0,0.0,0.0,0.0,0.0,0.0,0.0,1.0,1.0,0.0,0.0,0.0,0.0,0.0,0.0,0.0,0.0,0.0,0.0,0.0,0.0,0.0,0.0,0.0,0.0,0.0,0.0,0.0,0.0,0.0,0.0,0.0,0.0,0.0,1.0,0.0,0.0,0.0,0.0,0.0,0.0,0.0,0.0,0.0,0.0,0.0
5802913,2026-08-29T18:45:00.000Z,2,Ligue 1,Lyon,9748,Le Havre,9746,266105,Clinton Mata,Lyon,9748,False,0.0,0.0,0.0,0.0,0.0,0.0,0.0,0.0,0.0,0.0,0.0,0.0,0.0,0.0,0.0,0.0,0.0,0.0,0.0,0.0,0.0,0.0,0.0,0.0,0.0,0.0,0.0,0.0,0.0,0.0,0.0,0.0,0.0,0.0,0.0,0.0,0.0,0.0,0.0,0.0,0.0,0.0,0.0,0.0,0.0,0.0,0.0,0.0,0.0,0.0,0.0,0.0,0.0,0.0,0.0,0.0,0.0,0.0,0.0,0.0,0.0,0.0,0.0,0.0
5802913,2026-08-29T18:45:00.000Z,2,Ligue 1,Lyon,9748,Le Havre,9746,348409,Gauthier Gallon,Le Havre,9746,True,0.0,0.0,0.0,0.0,0.0,0.0,0.0,0.0,0.0,0.0,0.0,0.0,0.0,0.0,0.0,0.0,0.0,0.0,0.0,0.0,0.0,0.0,0.0,0.0,0.0,0.0,0.0,0.0,0.0,0.0,0.0,0.0,0.0,0.0,0.0,0.0,0.0,0.0,0.0,0.0,0.0,0.0,0.0,0.0,0.0,0.0,0.0,0.0,0.0,0.0,0.0,0.0,0.0,0.0,0.0,0.0,0.0,0.0,0.0,0.0,0.0,0.0,0.0,0.0
5802913,2026-08-29T18:45:00.000Z,2,Ligue 1,Lyon,9748,Le Havre,9746,437329,Mbwana Samatta,Le Havre,9746,False,7.74,89.0,1.0,0.0,0.29,0.49,0.01,0.3,4.0,15.0,24.0,0.0,1.0,0.0,1.0,1.0,1.0,41.0,7.0,2.0,0.0,1.0,0.29,0.0,0.0,1.0,0.0,5.0,1.0,0.0,3.0,6.0,8.0,0.0,0.0,6.0,5.0,0.0,0.0,0.0,0.0,1.0,2.0,0.0,0.0,0.0,0.0,0.0,0.0,0.0,0.0,1.0,0.0,3.0,0.0,2.0,0.0,0.0,0.0,0.0,0.0,0.0,0.0,0.0
5802913,2026-08-29T18:45:00.000Z,2,Ligue 1,Lyon,9748,Le Havre,9746,473852,Corentin Tolisso,Lyon,9748,False,7.34,90.0,0.0,0.0,0.61,0.2,0.12,0.73,4.0,30.0,39.0,1.0,2.0,2.0,2.0,4.0,2.0,65.0,6.0,4.0,1.0,0.0,0.61,0.0,1.0,1.0,0.0,5.0,2.0,2.0,8.0,4.0,6.0,1.0,1.0,6.0,8.0,0.0,0.0,0.0,0.0,2.0,3.0,0.0,0.0,0.0,0.0,0.0,0.0,0.0,1.0,5.0,1.0,0.0,1.0,3.0,0.0,2.0,0.0,0.0,0.0,0.0,0.0,0.0
5802913,2026-08-29T18:45:00.000Z,2,Ligue 1,Lyon,9748,Le Havre,9746,592102,Moussa Niakhaté,Lyon,9748,False,6.92,90.0,0.0,0.0,0.0,0.0,0.01,0.01,0.0,58.0,67.0,1.0,0.0,0.0,0.0,0.0,6.0,76.0,2.0,3.0,0.0,1.0,0.0,0.0,1.0,4.0,1.0,7.0,0.0,0.0,1.0,3.0,7.0,0.0,1.0,3.0,5.0,0.0,0.0,0.0,0.0,5.0,8.0,0.0,0.0,0.0,0.0,0.0,0.0,0.0,0.0,1.0,3.0,0.0,0.0,0.0,0.0,0.0,0.0,0.0,0.0,0.0,0.0,0.0
5802913,2026-08-29T18:45:00.000Z,2,Ligue 1,Lyon,9748,Le Havre,9746,604089,Ainsley Maitland-Niles,Lyon,9748,False,0.0,0.0,0.0,0.0,0.0,0.0,0.0,0.0,0.0,0.0,0.0,0.0,0.0,0.0,0.0,0.0,0.0,0.0,0.0,0.0,0.0,0.0,0.0,0.0,0.0,0.0,0.0,0.0,0.0,0.0,0.0,0.0,0.0,0.0,0.0,0.0,0.0,0.0,0.0,0.0,0.0,0.0,0.0,0.0,0.0,0.0,0.0,0.0,0.0,0.0,0.0,0.0,0.0,0.0,0.0,0.0,0.0,0.0,0.0,0.0,0.0,0.0,0.0,0.0
5802913,2026-08-29T18:45:00.000Z,2,Ligue 1,Lyon,9748,Le Havre,9746,651910,Dominik Greif,Lyon,9748,True,7.21,90.0,0.0,0.0,0.0,0.0,0.0,0.0,0.0,31.0,35.0,0.0,0.0,0.0,0.0,0.0,0.0,42.0,0.0,3.0,0.0,0.0,0.0,0.0,0.0,0.0,0.0,10.0,0.0,0.0,0.0,0.0,0.0,0.0,0.0,0.0,0.0,3.0,1.0,1.43,0.43,5.0,9.0,1.0,3.0,0.0,0.0,3.0,1.0,0.0,0.0,0.0,0.0,0.0,0.0,0.0,0.0,0.0,0.0,0.0,0.0,0.0,0.0,0.0
5802913,2026-08-29T18:45:00.000Z,2,Ligue 1,Lyon,9748,Le Havre,9746,747767,Loïs Openda,Lyon,9748,False,8.09,90.0,1.0,0.0,0.77,1.03,0.04,0.81,4.0,8.0,11.0,1.0,2.0,1.0,2.0,3.0,3.0,24.0,8.0,1.0,0.0,2.0,0.77,1.0,0.0,2.0,0.0,5.0,0.0,5.0,5.0,0.0,0.0,3.0,0.0,5.0,0.0,0.0,0.0,0.0,0.0,0.0,1.0,0.0,0.0,0.0,0.0,0.0,0.0,0.0,0.0,1.0,0.0,1.0,1.0,1.0,0.0,2.0,0.0,0.0,0.0,0.0,0.0,0.0
5802913,2026-08-29T18:45:00.000Z,2,Ligue 1,Lyon,9748,Le Havre,9746,767014,Rémy Descamps,Lyon,9748,True,0.0,0.0,0.0,0.0,0.0,0.0,0.0,0.0,0.0,0.0,0.0,0.0,0.0,0.0,0.0,0.0,0.0,0.0,0.0,0.0,0.0,0.0,0.0,0.0,0.0,0.0,0.0,0.0,0.0,0.0,0.0,0.0,0.0,0.0,0.0,0.0,0.0,0.0,0.0,0.0,0.0,0.0,0.0,0.0,0.0,0.0,0.0,0.0,0.0,0.0,0.0,0.0,0.0,0.0,0.0,0.0,0.0,0.0,0.0,0.0,0.0,0.0,0.0,0.0
5802913,2026-08-29T18:45:00.000Z,2,Ligue 1,Lyon,9748,Le Havre,9746,791805,Josh Maja,Le Havre,9746,False,6.28,25.0,0.0,0.0,0.0,0.0,0.01,0.01,0.0,7.0,8.0,0.0,0.0,0.0,0.0,0.0,2.0,14.0,2.0,0.0,0.0,0.0,0.0,0.0,1.0,1.0,0.0,2.0,0.0,0.0,0.0,0.0,0.0,0.0,2.0,0.0,0.0,0.0,0.0,0.0,0.0,0.0,0.0,0.0,0.0,0.0,0.0,0.0,0.0,0.0,0.0,0.0,0.0,0.0,0.0,0.0,0.0,0.0,0.0,0.0,0.0,0.0,0.0,0.0
5802913,2026-08-29T18:45:00.000Z,2,Ligue 1,Lyon,9748,Le Havre,9746,792653,Ahmed Touba,Le Havre,9746,False,6.69,90.0,0.0,0.0,0.0,0.0,0.01,0.01,0.0,39.0,44.0,0.0,0.0,0.0,0.0,0.0,6.0,54.0,0.0,9.0,0.0,0.0,0.0,2.0,0.0,3.0,1.0,4.0,1.0,2.0,4.0,0.0,1.0,0.0,1.0,2.0,3.0,0.0,0.0,0.0,0.0,5.0,9.0,0.0,0.0,0.0,0.0,0.0,0.0,0.0,0.0,0.0,1.0,0.0,0.0,0.0,0.0,0.0,0.0,0.0,0.0,0.0,0.0,0.0
5802913,2026-08-29T18:45:00.000Z,2,Ligue 1,Lyon,9748,Le Havre,9746,857120,Ayumu Seko,Le Havre,9746,False,7.68,90.0,0.0,0.0,0.02,0.0,0.01,0.03,1.0,30.0,34.0,3.0,0.0,1.0,0.0,1.0,9.0,46.0,0.0,5.0,0.0,0.0,0.02,2.0,1.0,5.0,1.0,3.0,1.0,2.0,5.0,0.0,1.0,0.0,2.0,2.0,4.0,0.0,0.0,0.0,0.0,5.0,7.0,0.0,0.0,0.0,0.0,0.0,0.0,1.0,0.0,0.0,1.0,0.0,0.0,0.0,0.0,0.0,0.0,0.0,0.0,0.0,1.0,0.0
5802913,2026-08-29T18:45:00.000Z,2,Ligue 1,Lyon,9748,Le Havre,9746,912286,Lionel Mpasi-Nzau,Le Havre,9746,True,7.48,90.0,0.0,0.0,0.0,0.0,0.0,0.0,0.0,26.0,43.0,0.0,0.0,0.0,0.0,0.0,0.0,57.0,0.0,5.0,0.0,0.0,0.0,0.0,0.0,0.0,0.0,14.0,0.0,0.0,0.0,1.0,1.0,0.0,0.0,1.0,0.0,5.0,1.0,1.27,0.27,10.0,27.0,4.0,3.0,1.0,0.0,6.0,3.0,0.0,0.0,0.0,0.0,0.0,0.0,0.0,0.0,0.0,0.0,0.0,0.0,0.0,0.0,0.0
5802913,2026-08-29T18:45:00.000Z,2,Ligue 1,Lyon,9748,Le Havre,9746,951498,Felix Bacher,Lyon,9748,False,6.8,90.0,0.0,0.0,0.0,0.0,0.01,0.01,0.0,54.0,59.0,0.0,0.0,0.0,0.0,0.0,4.0,67.0,0.0,6.0,0.0,1.0,0.0,2.0,0.0,2.0,0.0,3.0,0.0,3.0,4.0,0.0,2.0,0.0,1.0,3.0,3.0,0.0,0.0,0.0,0.0,6.0,9.0,0.0,0.0,0.0,0.0,0.0,0.0,0.0,0.0,0.0,1.0,0.0,1.0,1.0,0.0,0.0,0.0,0.0,0.0,0.0,0.0,0.0
5802913,2026-08-29T18:45:00.000Z,2,Ligue 1,Lyon,9748,Le Havre,9746,1037539,Pavel Sulc,Lyon,9748,False,6.13,10.0,0.0,0.0,0.03,0.04,0.0,0.03,1.0,3.0,3.0,0.0,1.0,0.0,1.0,1.0,0.0,8.0,2.0,1.0,0.0,0.0,0.03,0.0,0.0,0.0,0.0,1.0,0.0,0.0,1.0,1.0,2.0,0.0,0.0,1.0,2.0,0.0,0.0,0.0,0.0,0.0,0.0,0.0,0.0,0.0,0.0,0.0,0.0,0.0,0.0,0.0,0.0,0.0,0.0,1.0,0.0,0.0,0.0,0.0,0.0,0.0,0.0,0.0
5802913,2026-08-29T18:45:00.000Z,2,Ligue 1,Lyon,9748,Le Havre,9746,1057433,Tanner Tessmann,Lyon,9748,False,0.0,0.0,0.0,0.0,0.0,0.0,0.0,0.0,0.0,0.0,0.0,0.0,0.0,0.0,0.0,0.0,0.0,0.0,0.0,0.0,0.0,0.0,0.0,0.0,0.0,0.0,0.0,0.0,0.0,0.0,0.0,0.0,0.0,0.0,0.0,0.0,0.0,0.0,0.0,0.0,0.0,0.0,0.0,0.0,0.0,0.0,0.0,0.0,0.0,0.0,0.0,0.0,0.0,0.0,0.0,0.0,0.0,0.0,0.0,0.0,0.0,0.0,0.0,0.0
5802913,2026-08-29T18:45:00.000Z,2,Ligue 1,Lyon,9748,Le Havre,9746,1060604,Abner,Lyon,9748,False,6.49,10.0,0.0,0.0,0.0,0.0,0.09,0.09,0.0,8.0,13.0,1.0,0.0,0.0,0.0,0.0,0.0,23.0,0.0,1.0,0.0,0.0,0.0,0.0,0.0,0.0,0.0,2.0,0.0,1.0,1.0,0.0,0.0,1.0,0.0,1.0,0.0,0.0,0.0,0.0,0.0,0.0,1.0,0.0,0.0,0.0,0.0,0.0,0.0,0.0,4.0,4.0,0.0,0.0,0.0,0.0,1.0,0.0,0.0,0.0,0.0,0.0,0.0,0.0
5802913,2026-08-29T18:45:00.000Z,2,Ligue 1,Lyon,9748,Le Havre,9746,1072117,Kaito Mizuta,Le Havre,9746,False,6.59,65.0,0.0,0.0,0.08,0.0,0.15,0.22999999999999998,2.0,14.0,17.0,1.0,0.0,2.0,0.0,2.0,0.0,29.0,3.0,3.0,0.0,1.0,0.08,0.0,0.0,0.0,0.0,1.0,0.0,1.0,2.0,0.0,0.0,1.0,1.0,1.0,1.0,0.0,0.0,0.0,0.0,0.0,0.0,0.0,0.0,0.0,0.0,0.0,0.0,0.0,1.0,5.0,0.0,0.0,0.0,1.0,0.0,0.0,0.0,0.0,0.0,0.0,0.0,0.0
5802913,2026-08-29T18:45:00.000Z,2,Ligue 1,Lyon,9748,Le Havre,9746,1073905,Rassoul Ndiaye,Le Havre,9746,False,7.43,90.0,0.0,0.0,0.14,0.19,0.06,0.2,1.0,18.0,23.0,2.0,1.0,0.0,1.0,1.0,4.0,47.0,5.0,1.0,0.0,1.0,0.14,3.0,0.0,0.0,1.0,7.0,1.0,5.0,9.0,1.0,2.0,2.0,2.0,6.0,5.0,0.0,0.0,0.0,0.0,0.0,0.0,0.0,0.0,0.0,0.0,0.0,0.0,0.0,0.0,7.0,0.0,0.0,1.0,2.0,5.0,1.0,0.0,0.0,0.0,0.0,0.0,0.0
5802913,2026-08-29T18:45:00.000Z,2,Ligue 1,Lyon,9748,Le Havre,9746,1081025,Mads Bidstrup,Lyon,9748,False,6.36,62.0,0.0,0.0,0.0,0.0,0.01,0.01,0.0,15.0,19.0,2.0,0.0,0.0,0.0,0.0,0.0,29.0,2.0,4.0,1.0,0.0,0.0,0.0,0.0,0.0,0.0,3.0,1.0,0.0,3.0,1.0,1.0,0.0,0.0,1.0,3.0,0.0,0.0,0.0,0.0,0.0,0.0,0.0,0.0,0.0,0.0,0.0,0.0,0.0,0.0,2.0,0.0,0.0,0.0,1.0,0.0,0.0,0.0,0.0,0.0,0.0,0.0,0.0
5802913,2026-08-29T18:45:00.000Z,2,Ligue 1,Lyon,9748,Le Havre,9746,1108603,Timothée Pembélé,Le Havre,9746,False,6.71,76.0,0.0,0.0,0.0,0.0,0.02,0.02,0.0,15.0,17.0,0.0,0.0,0.0,0.0,0.0,7.0,35.0,0.0,1.0,0.0,0.0,0.0,2.0,0.0,3.0,2.0,3.0,0.0,2.0,5.0,1.0,1.0,0.0,2.0,3.0,3.0,0.0,0.0,0.0,0.0,0.0,2.0,0.0,0.0,0.0,0.0,0.0,0.0,0.0,0.0,1.0,2.0,0.0,0.0,1.0,0.0,0.0,0.0,0.0,0.0,0.0,0.0,0.0
5802913,2026-08-29T18:45:00.000Z,2,Ligue 1,Lyon,9748,Le Havre,9746,1113724,Tyler Morton,Lyon,9748,False,6.24,90.0,0.0,0.0,0.02,0.0,0.16,0.18,1.0,48.0,57.0,0.0,0.0,0.0,0.0,0.0,7.0,75.0,2.0,12.0,1.0,0.0,0.02,3.0,1.0,1.0,2.0,1.0,0.0,3.0,5.0,0.0,2.0,0.0,2.0,3.0,4.0,0.0,0.0,0.0,0.0,10.0,11.0,0.0,0.0,0.0,0.0,0.0,0.0,0.0,0.0,0.0,0.0,1.0,0.0,0.0,0.0,0.0,0.0,0.0,0.0,0.0,0.0,0.0
5802913,2026-08-29T18:45:00.000Z,2,Ligue 1,Lyon,9748,Le Havre,9746,1180696,Fodé Doucouré,Le Havre,9746,False,7.28,25.0,0.0,1.0,0.0,0.0,0.26,0.26,0.0,5.0,8.0,1.0,0.0,0.0,0.0,0.0,5.0,14.0,0.0,1.0,0.0,0.0,0.0,1.0,0.0,0.0,4.0,2.0,0.0,1.0,2.0,0.0,2.0,0.0,2.0,1.0,3.0,0.0,0.0,0.0,0.0,0.0,2.0,0.0,0.0,0.0,0.0,0.0,0.0,1.0,1.0,1.0,0.0,0.0,0.0,0.0,0.0,0.0,0.0,0.0,0.0,0.0,0.0,0.0
5802913,2026-08-29T18:45:00.000Z,2,Ligue 1,Lyon,9748,Le Havre,9746,1255860,Amir Richardson,Le Havre,9746,False,7.6,90.0,0.0,0.0,0.02,0.0,0.01,0.03,1.0,39.0,43.0,1.0,0.0,1.0,0.0,1.0,10.0,63.0,0.0,3.0,0.0,0.0,0.02,3.0,0.0,3.0,4.0,3.0,0.0,5.0,5.0,2.0,3.0,1.0,0.0,7.0,1.0,0.0,0.0,0.0,0.0,2.0,3.0,0.0,0.0,0.0,0.0,0.0,0.0,0.0,0.0,0.0,2.0,0.0,1.0,1.0,0.0,0.0,0.0,0.0,0.0,0.0,0.0,0.0
5802913,2026-08-29T18:45:00.000Z,2,Ligue 1,Lyon,9748,Le Havre,9746,1305787,Elias Jelert,Le Havre,9746,False,0.0,0.0,0.0,0.0,0.0,0.0,0.0,0.0,0.0,0.0,0.0,0.0,0.0,0.0,0.0,0.0,0.0,0.0,0.0,0.0,0.0,0.0,0.0,0.0,0.0,0.0,0.0,0.0,0.0,0.0,0.0,0.0,0.0,0.0,0.0,0.0,0.0,0.0,0.0,0.0,0.0,0.0,0.0,0.0,0.0,0.0,0.0,0.0,0.0,0.0,0.0,0.0,0.0,0.0,0.0,0.0,0.0,0.0,0.0,0.0,0.0,0.0,0.0,0.0
5802913,2026-08-29T18:45:00.000Z,2,Ligue 1,Lyon,9748,Le Havre,9746,1338390,Ernest Nuamah,Lyon,9748,False,7.12,80.0,0.0,0.0,0.12,0.0,0.46,0.5800000000000001,2.0,26.0,30.0,2.0,0.0,2.0,0.0,2.0,1.0,46.0,6.0,1.0,0.0,0.0,0.12,0.0,0.0,1.0,0.0,0.0,0.0,3.0,5.0,0.0,0.0,2.0,1.0,3.0,2.0,0.0,0.0,0.0,0.0,5.0,6.0,0.0,0.0,0.0,0.0,0.0,0.0,2.0,1.0,3.0,1.0,0.0,1.0,2.0,3.0,0.0,0.0,0.0,0.0,0.0,0.0,0.0
5802913,2026-08-29T18:45:00.000Z,2,Ligue 1,Lyon,9748,Le Havre,9746,1362622,Junior Mwanga,Le Havre,9746,False,6.64,90.0,0.0,0.0,0.0,0.0,0.0,0.0,0.0,22.0,22.0,0.0,0.0,0.0,0.0,0.0,10.0,37.0,0.0,1.0,0.0,0.0,0.0,1.0,1.0,7.0,1.0,2.0,0.0,1.0,2.0,0.0,0.0,0.0,1.0,1.0,1.0,0.0,0.0,0.0,0.0,1.0,1.0,0.0,0.0,0.0,0.0,0.0,0.0,0.0,0.0,0.0,3.0,0.0,0.0,0.0,0.0,0.0,0.0,0.0,0.0,0.0,0.0,0.0
5802913,2026-08-29T18:45:00.000Z,2,Ligue 1,Lyon,9748,Le Havre,9746,1364069,Malick Fofana,Lyon,9748,False,6.21,29.0,0.0,0.0,0.21,0.0,0.03,0.24,2.0,7.0,9.0,1.0,0.0,1.0,0.0,1.0,1.0,17.0,2.0,1.0,1.0,0.0,0.21,1.0,0.0,0.0,0.0,0.0,0.0,2.0,3.0,0.0,0.0,1.0,0.0,2.0,1.0,0.0,0.0,0.0,0.0,0.0,0.0,0.0,0.0,0.0,0.0,0.0,0.0,0.0,1.0,3.0,0.0,1.0,0.0,0.0,0.0,0.0,0.0,0.0,0.0,0.0,0.0,0.0
5802913,2026-08-29T18:45:00.000Z,2,Ligue 1,Lyon,9748,Le Havre,9746,1368710,Noah Nartey,Lyon,9748,False,6.13,28.0,0.0,0.0,0.0,0.0,0.01,0.01,0.0,10.0,10.0,0.0,0.0,0.0,0.0,0.0,0.0,15.0,0.0,0.0,0.0,0.0,0.0,0.0,0.0,0.0,0.0,4.0,1.0,0.0,2.0,0.0,0.0,0.0,0.0,0.0,2.0,0.0,0.0,0.0,0.0,0.0,0.0,0.0,0.0,0.0,0.0,0.0,0.0,0.0,0.0,1.0,0.0,0.0,0.0,1.0,0.0,0.0,0.0,0.0,0.0,0.0,0.0,0.0
5802913,2026-08-29T18:45:00.000Z,2,Ligue 1,Lyon,9748,Le Havre,9746,1469758,Simon Ebonog,Le Havre,9746,False,7.34,76.0,0.0,0.0,0.04,0.64,0.02,0.06,1.0,28.0,30.0,2.0,1.0,0.0,1.0,1.0,4.0,43.0,2.0,2.0,2.0,0.0,0.04,2.0,0.0,0.0,2.0,6.0,1.0,5.0,10.0,1.0,1.0,2.0,1.0,6.0,5.0,0.0,0.0,0.0,0.0,1.0,1.0,0.0,0.0,0.0,0.0,0.0,0.0,0.0,0.0,0.0,0.0,0.0,1.0,2.0,0.0,0.0,0.0,0.0,0.0,0.0,0.0,0.0
5802913,2026-08-29T18:45:00.000Z,2,Ligue 1,Lyon,9748,Le Havre,9746,1487952,Ismaïl Bouneb,Le Havre,9746,False,0.0,0.0,0.0,0.0,0.0,0.0,0.0,0.0,0.0,0.0,0.0,0.0,0.0,0.0,0.0,0.0,0.0,0.0,0.0,0.0,0.0,0.0,0.0,0.0,0.0,0.0,0.0,0.0,0.0,0.0,0.0,0.0,0.0,0.0,0.0,0.0,0.0,0.0,0.0,0.0,0.0,0.0,0.0,0.0,0.0,0.0,0.0,0.0,0.0,0.0,0.0,0.0,0.0,0.0,0.0,0.0,0.0,0.0,0.0,0.0,0.0,0.0,0.0,0.0
5802913,2026-08-29T18:45:00.000Z,2,Ligue 1,Lyon,9748,Le Havre,9746,1595629,Zachary Athekame,Lyon,9748,False,7.77,90.0,0.0,1.0,0.03,0.0,0.51,0.54,1.0,40.0,47.0,2.0,0.0,0.0,0.0,0.0,1.0,74.0,2.0,11.0,0.0,0.0,0.03,1.0,0.0,0.0,0.0,4.0,1.0,2.0,5.0,1.0,3.0,0.0,0.0,3.0,5.0,0.0,0.0,0.0,0.0,1.0,1.0,0.0,0.0,0.0,0.0,0.0,0.0,1.0,3.0,11.0,0.0,1.0,1.0,3.0,1.0,0.0,0.0,0.0,0.0,0.0,0.0,0.0
5802913,2026-08-29T18:45:00.000Z,2,Ligue 1,Lyon,9748,Le Havre,9746,1667649,Daren Mosengo,Le Havre,9746,False,0.0,0.0,0.0,0.0,0.0,0.0,0.0,0.0,0.0,0.0,0.0,0.0,0.0,0.0,0.0,0.0,0.0,0.0,0.0,0.0,0.0,0.0,0.0,0.0,0.0,0.0,0.0,0.0,0.0,0.0,0.0,0.0,0.0,0.0,0.0,0.0,0.0,0.0,0.0,0.0,0.0,0.0,0.0,0.0,0.0,0.0,0.0,0.0,0.0,0.0,0.0,0.0,0.0,0.0,0.0,0.0,0.0,0.0,0.0,0.0,0.0,0.0,0.0,0.0
5802913,2026-08-29T18:45:00.000Z,2,Ligue 1,Lyon,9748,Le Havre,9746,1714197,Sota Nakamura,Le Havre,9746,False,6.08,14.0,0.0,0.0,0.0,0.0,0.07,0.07,0.0,3.0,3.0,0.0,0.0,0.0,0.0,0.0,1.0,9.0,0.0,0.0,0.0,0.0,0.0,1.0,0.0,0.0,0.0,3.0,1.0,1.0,3.0,0.0,1.0,0.0,0.0,1.0,3.0,0.0,0.0,0.0,0.0,0.0,0.0,0.0,0.0,0.0,0.0,0.0,0.0,0.0,1.0,1.0,0.0,0.0,0.0,1.0,0.0,0.0,0.0,0.0,0.0,0.0,0.0,0.0
5802913,2026-08-29T18:45:00.000Z,2,Ligue 1,Lyon,9748,Le Havre,9746,1793640,Khalis Merah,Lyon,9748,False,0.0,0.0,0.0,0.0,0.0,0.0,0.0,0.0,0.0,0.0,0.0,0.0,0.0,0.0,0.0,0.0,0.0,0.0,0.0,0.0,0.0,0.0,0.0,0.0,0.0,0.0,0.0,0.0,0.0,0.0,0.0,0.0,0.0,0.0,0.0,0.0,0.0,0.0,0.0,0.0,0.0,0.0,0.0,0.0,0.0,0.0,0.0,0.0,0.0,0.0,0.0,0.0,0.0,0.0,0.0,0.0,0.0,0.0,0.0,0.0,0.0,0.0,0.0,0.0
5802913,2026-08-29T18:45:00.000Z,2,Ligue 1,Lyon,9748,Le Havre,9746,1816726,Enzo Koffi,Le Havre,9746,False,6.62,14.0,0.0,0.0,0.08,0.1,0.0,0.08,1.0,3.0,3.0,0.0,1.0,0.0,1.0,1.0,0.0,8.0,1.0,1.0,0.0,0.0,0.08,0.0,0.0,0.0,0.0,1.0,0.0,2.0,2.0,0.0,0.0,0.0,0.0,2.0,0.0,0.0,0.0,0.0,0.0,1.0,1.0,0.0,0.0,0.0,0.0,0.0,0.0,0.0,0.0,1.0,0.0,0.0,2.0,2.0,0.0,0.0,0.0,0.0,0.0,0.0,0.0,0.0
5802913,2026-08-29T18:45:00.000Z,2,Ligue 1,Lyon,9748,Le Havre,9746,1896949,Kaïl Boudache,Lyon,9748,False,6.58,61.0,0.0,0.0,0.0,0.0,0.01,0.01,0.0,17.0,21.0,0.0,0.0,0.0,0.0,0.0,1.0,37.0,3.0,1.0,1.0,1.0,0.0,0.0,0.0,1.0,0.0,1.0,0.0,5.0,10.0,0.0,0.0,3.0,0.0,5.0,5.0,0.0,0.0,0.0,0.0,1.0,1.0,0.0,0.0,0.0,0.0,0.0,0.0,0.0,0.0,1.0,1.0,0.0,2.0,6.0,0.0,0.0,0.0,0.0,0.0,0.0,0.0,0.0
5802913,2026-08-29T18:45:00.000Z,2,Ligue 1,Lyon,9748,Le Havre,9746,2156004,Djibril Ouziad,Le Havre,9746,False,6.95,65.0,0.0,0.0,0.02,0.0,0.05,0.07,1.0,19.0,25.0,0.0,0.0,1.0,0.0,1.0,6.0,53.0,1.0,4.0,0.0,0.0,0.02,2.0,0.0,3.0,1.0,3.0,1.0,5.0,8.0,1.0,4.0,1.0,2.0,6.0,6.0,0.0,0.0,0.0,0.0,3.0,3.0,0.0,0.0,0.0,0.0,0.0,0.0,0.0,2.0,4.0,0.0,0.0,2.0,2.0,0.0,0.0,0.0,0.0,0.0,0.0,0.0,0.0
5802914,2026-08-30T18:45:00.000Z,2,Ligue 1,Monaco,9829,Marseille,8592,66757,Lukás Hrádecky,Monaco,9829,True,7.27,90.0,0.0,0.0,0.0,0.0,0.0,0.0,0.0,14.0,25.0,0.0,0.0,0.0,0.0,0.0,0.0,32.0,0.0,2.0,0.0,0.0,0.0,0.0,0.0,0.0,0.0,8.0,0.0,0.0,0.0,0.0,0.0,0.0,0.0,0.0,0.0,2.0,0.0,0.25,0.25,3.0,13.0,0.0,1.0,0.0,0.0,4.0,0.0,0.0,0.0,0.0,0.0,0.0,0.0,0.0,0.0,0.0,0.0,0.0,0.0,0.0,0.0,0.0
5802914,2026-08-30T18:45:00.000Z,2,Ligue 1,Monaco,9829,Marseille,8592,214972,Geoffrey Kondogbia,Marseille,8592,False,5.85,58.0,0.0,0.0,0.0,0.0,0.0,0.0,0.0,47.0,49.0,0.0,0.0,0.0,0.0,0.0,6.0,57.0,0.0,0.0,1.0,0.0,0.0,2.0,1.0,3.0,0.0,3.0,1.0,2.0,5.0,0.0,2.0,0.0,1.0,2.0,5.0,0.0,0.0,0.0,0.0,1.0,1.0,0.0,0.0,0.0,0.0,0.0,0.0,0.0,0.0,0.0,1.0,0.0,0.0,0.0,0.0,0.0,0.0,0.0,0.0,0.0,0.0,0.0
5802914,2026-08-30T18:45:00.000Z,2,Ligue 1,Monaco,9829,Marseille,8592,266523,Pierre-Emile Højbjerg,Marseille,8592,False,7.28,90.0,0.0,0.0,0.0,0.0,0.13,0.13,0.0,82.0,87.0,2.0,0.0,0.0,0.0,0.0,4.0,98.0,0.0,12.0,1.0,0.0,0.0,3.0,0.0,1.0,0.0,5.0,2.0,4.0,8.0,0.0,0.0,0.0,1.0,4.0,4.0,0.0,0.0,0.0,0.0,2.0,5.0,0.0,0.0,0.0,0.0,0.0,0.0,0.0,1.0,1.0,0.0,0.0,1.0,1.0,0.0,0.0,0.0,0.0,0.0,0.0,0.0,0.0
5802914,2026-08-30T18:45:00.000Z,2,Ligue 1,Monaco,9829,Marseille,8592,267371,Emerson,Marseille,8592,False,6.92,90.0,0.0,0.0,0.03,0.02,0.53,0.56,1.0,57.0,62.0,1.0,1.0,0.0,1.0,1.0,3.0,82.0,3.0,3.0,0.0,0.0,0.03,2.0,0.0,1.0,0.0,5.0,0.0,4.0,7.0,0.0,1.0,0.0,2.0,4.0,4.0,0.0,0.0,0.0,0.0,0.0,1.0,0.0,0.0,0.0,0.0,0.0,0.0,1.0,1.0,5.0,1.0,0.0,2.0,3.0,1.0,0.0,0.0,0.0,0.0,0.0,0.0,0.0
5802914,2026-08-30T18:45:00.000Z,2,Ligue 1,Monaco,9829,Marseille,8592,361315,Eric Dier,Monaco,9829,False,8.22,90.0,0.0,1.0,0.06,0.0,0.0,0.06,1.0,36.0,38.0,1.0,0.0,1.0,0.0,1.0,16.0,55.0,1.0,6.0,0.0,0.0,0.06,0.0,1.0,14.0,1.0,2.0,0.0,0.0,0.0,1.0,1.0,0.0,0.0,1.0,0.0,0.0,0.0,0.0,0.0,4.0,6.0,0.0,0.0,0.0,0.0,0.0,0.0,1.0,0.0,0.0,12.0,0.0,0.0,0.0,0.0,0.0,0.0,0.0,0.0,0.0,0.0,0.0
5802914,2026-08-30T18:45:00.000Z,2,Ligue 1,Monaco,9829,Marseille,8592,391064,Neal Maupay,Marseille,8592,False,5.97,17.0,0.0,0.0,0.07,0.0,0.02,0.09000000000000001,1.0,12.0,13.0,0.0,0.0,1.0,0.0,1.0,1.0,18.0,0.0,2.0,1.0,0.0,0.07,0.0,0.0,0.0,1.0,1.0,0.0,0.0,1.0,0.0,1.0,0.0,0.0,0.0,2.0,0.0,0.0,0.0,0.0,1.0,1.0,0.0,0.0,0.0,0.0,0.0,0.0,0.0,0.0,1.0,0.0,0.0,0.0,0.0,0.0,0.0,0.0,0.0,0.0,0.0,0.0,0.0
5802914,2026-08-30T18:45:00.000Z,2,Ligue 1,Monaco,9829,Marseille,8592,520979,Ulisses Garcia,Marseille,8592,False,0.0,0.0,0.0,0.0,0.0,0.0,0.0,0.0,0.0,0.0,0.0,0.0,0.0,0.0,0.0,0.0,0.0,0.0,0.0,0.0,0.0,0.0,0.0,0.0,0.0,0.0,0.0,0.0,0.0,0.0,0.0,0.0,0.0,0.0,0.0,0.0,0.0,0.0,0.0,0.0,0.0,0.0,0.0,0.0,0.0,0.0,0.0,0.0,0.0,0.0,0.0,0.0,0.0,0.0,0.0,0.0,0.0,0.0,0.0,0.0,0.0,0.0,0.0,0.0
5802914,2026-08-30T18:45:00.000Z,2,Ligue 1,Monaco,9829,Marseille,8592,586388,Aleksandr Golovin,Monaco,9829,False,7.48,81.0,0.0,1.0,0.0,0.0,0.27,0.27,0.0,17.0,19.0,1.0,0.0,0.0,0.0,0.0,1.0,26.0,2.0,2.0,1.0,0.0,0.0,0.0,0.0,1.0,0.0,1.0,0.0,1.0,2.0,0.0,0.0,1.0,0.0,1.0,1.0,0.0,0.0,0.0,0.0,2.0,2.0,0.0,0.0,0.0,0.0,0.0,0.0,1.0,1.0,2.0,1.0,0.0,0.0,0.0,0.0,0.0,0.0,0.0,0.0,0.0,0.0,0.0
5802914,2026-08-30T18:45:00.000Z,2,Ligue 1,Monaco,9829,Marseille,8592,598355,Denis Zakaria,Monaco,9829,False,6.92,90.0,0.0,0.0,0.06,0.19,0.02,0.08,1.0,35.0,38.0,0.0,1.0,0.0,1.0,1.0,4.0,45.0,0.0,1.0,0.0,0.0,0.06,0.0,0.0,4.0,0.0,2.0,0.0,0.0,3.0,1.0,1.0,0.0,3.0,1.0,3.0,0.0,0.0,0.0,0.0,0.0,0.0,0.0,0.0,0.0,0.0,0.0,0.0,0.0,0.0,0.0,4.0,0.0,0.0,0.0,0.0,0.0,0.0,0.0,0.0,0.0,0.0,0.0
5802914,2026-08-30T18:45:00.000Z,2,Ligue 1,Monaco,9829,Marseille,8592,604088,Thilo Kehrer,Monaco,9829,False,0.0,0.0,0.0,0.0,0.0,0.0,0.0,0.0,0.0,0.0,0.0,0.0,0.0,0.0,0.0,0.0,0.0,0.0,0.0,0.0,0.0,0.0,0.0,0.0,0.0,0.0,0.0,0.0,0.0,0.0,0.0,0.0,0.0,0.0,0.0,0.0,0.0,0.0,0.0,0.0,0.0,0.0,0.0,0.0,0.0,0.0,0.0,0.0,0.0,0.0,0.0,0.0,0.0,0.0,0.0,0.0,0.0,0.0,0.0,0.0,0.0,0.0,0.0,0.0
5802914,2026-08-30T18:45:00.000Z,2,Ligue 1,Monaco,9829,Marseille,8592,617310,Nayef Aguerd,Marseille,8592,False,6.66,32.0,0.0,0.0,0.0,0.0,0.02,0.02,0.0,30.0,31.0,0.0,0.0,0.0,0.0,0.0,2.0,33.0,0.0,4.0,0.0,0.0,0.0,1.0,0.0,1.0,0.0,3.0,0.0,1.0,1.0,1.0,2.0,0.0,0.0,2.0,1.0,0.0,0.0,0.0,0.0,1.0,2.0,0.0,0.0,0.0,0.0,0.0,0.0,0.0,0.0,0.0,0.0,0.0,0.0,0.0,0.0,0.0,0.0,0.0,0.0,0.0,0.0,0.0
5802914,2026-08-30T18:45:00.000Z,2,Ligue 1,Monaco,9829,Marseille,8592,687868,Jeffrey De Lange,Marseille,8592,True,6.89,90.0,0.0,0.0,0.0,0.0,0.0,0.0,0.0,29.0,36.0,0.0,0.0,0.0,0.0,0.0,0.0,45.0,0.0,1.0,0.0,0.0,0.0,0.0,0.0,0.0,0.0,11.0,0.0,0.0,0.0,0.0,0.0,0.0,0.0,0.0,0.0,3.0,2.0,2.94,0.94,2.0,8.0,2.0,2.0,0.0,0.0,6.0,0.0,0.0,0.0,0.0,0.0,0.0,0.0,0.0,0.0,0.0,0.0,0.0,0.0,0.0,0.0,0.0
5802914,2026-08-30T18:45:00.000Z,2,Ligue 1,Monaco,9829,Marseille,8592,780815,Amine Harit,Marseille,8592,False,6.56,90.0,0.0,0.0,0.12,0.0,0.24,0.36,2.0,45.0,54.0,2.0,0.0,1.0,0.0,1.0,2.0,74.0,3.0,6.0,2.0,0.0,0.12,1.0,0.0,0.0,1.0,2.0,0.0,3.0,7.0,0.0,0.0,2.0,0.0,3.0,4.0,0.0,0.0,0.0,0.0,1.0,2.0,0.0,0.0,0.0,0.0,0.0,0.0,0.0,0.0,6.0,0.0,1.0,0.0,2.0,4.0,0.0,0.0,0.0,0.0,0.0,0.0,0.0
5802914,2026-08-30T18:45:00.000Z,2,Ligue 1,Monaco,9829,Marseille,8592,844437,Amine Gouiri,Marseille,8592,False,5.81,90.0,0.0,0.0,0.14,0.0,0.03,0.17,1.0,32.0,37.0,0.0,0.0,0.0,0.0,0.0,0.0,47.0,6.0,2.0,3.0,0.0,0.14,0.0,0.0,0.0,0.0,1.0,0.0,1.0,4.0,0.0,3.0,0.0,0.0,1.0,6.0,0.0,0.0,0.0,0.0,2.0,3.0,0.0,0.0,0.0,0.0,0.0,0.0,0.0,0.0,0.0,0.0,1.0,1.0,1.0,0.0,0.0,0.0,0.0,0.0,0.0,0.0,0.0
5802914,2026-08-30T18:45:00.000Z,2,Ligue 1,Monaco,9829,Marseille,8592,847629,Derek Cornelius,Marseille,8592,False,0.0,0.0,0.0,0.0,0.0,0.0,0.0,0.0,0.0,0.0,0.0,0.0,0.0,0.0,0.0,0.0,0.0,0.0,0.0,0.0,0.0,0.0,0.0,0.0,0.0,0.0,0.0,0.0,0.0,0.0,0.0,0.0,0.0,0.0,0.0,0.0,0.0,0.0,0.0,0.0,0.0,0.0,0.0,0.0,0.0,0.0,0.0,0.0,0.0,0.0,0.0,0.0,0.0,0.0,0.0,0.0,0.0,0.0,0.0,0.0,0.0,0.0,0.0,0.0
5802914,2026-08-30T18:45:00.000Z,2,Ligue 1,Monaco,9829,Marseille,8592,848667,Angel Gomes,Marseille,8592,False,6.44,85.0,0.0,0.0,0.26,0.0,0.05,0.31,2.0,40.0,45.0,0.0,0.0,1.0,0.0,1.0,3.0,58.0,2.0,8.0,1.0,0.0,0.26,2.0,0.0,0.0,1.0,2.0,1.0,3.0,6.0,0.0,1.0,1.0,1.0,3.0,4.0,0.0,0.0,0.0,0.0,3.0,5.0,0.0,0.0,0.0,0.0,0.0,0.0,0.0,0.0,3.0,0.0,1.0,0.0,0.0,1.0,0.0,0.0,0.0,0.0,0.0,0.0,0.0
5802914,2026-08-30T18:45:00.000Z,2,Ligue 1,Monaco,9829,Marseille,8592,872934,Philipp Köhn,Monaco,9829,True,0.0,0.0,0.0,0.0,0.0,0.0,0.0,0.0,0.0,0.0,0.0,0.0,0.0,0.0,0.0,0.0,0.0,0.0,0.0,0.0,0.0,0.0,0.0,0.0,0.0,0.0,0.0,0.0,0.0,0.0,0.0,0.0,0.0,0.0,0.0,0.0,0.0,0.0,0.0,0.0,0.0,0.0,0.0,0.0,0.0,0.0,0.0,0.0,0.0,0.0,0.0,0.0,0.0,0.0,0.0,0.0,0.0,0.0,0.0,0.0,0.0,0.0,0.0,0.0
5802914,2026-08-30T18:45:00.000Z,2,Ligue 1,Monaco,9829,Marseille,8592,889536,Timothy Weah,Marseille,8592,False,7.26,90.0,0.0,0.0,0.02,0.0,0.08,0.1,2.0,63.0,69.0,1.0,0.0,2.0,0.0,2.0,8.0,93.0,2.0,13.0,0.0,0.0,0.02,3.0,1.0,4.0,0.0,4.0,0.0,5.0,6.0,0.0,0.0,1.0,1.0,5.0,1.0,0.0,0.0,0.0,0.0,1.0,3.0,0.0,0.0,0.0,0.0,0.0,0.0,0.0,0.0,2.0,2.0,0.0,1.0,1.0,0.0,0.0,0.0,0.0,0.0,0.0,0.0,1.0
5802914,2026-08-30T18:45:00.000Z,2,Ligue 1,Monaco,9829,Marseille,8592,890263,Jordan Teze,Monaco,9829,False,0.0,0.0,0.0,0.0,0.0,0.0,0.0,0.0,0.0,0.0,0.0,0.0,0.0,0.0,0.0,0.0,0.0,0.0,0.0,0.0,0.0,0.0,0.0,0.0,0.0,0.0,0.0,0.0,0.0,0.0,0.0,0.0,0.0,0.0,0.0,0.0,0.0,0.0,0.0,0.0,0.0,0.0,0.0,0.0,0.0,0.0,0.0,0.0,0.0,0.0,0.0,0.0,0.0,0.0,0.0,0.0,0.0,0.0,0.0,0.0,0.0,0.0,0.0,0.0
5802914,2026-08-30T18:45:00.000Z,2,Ligue 1,Monaco,9829,Marseille,8592,952325,Faris Moumbagna,Marseille,8592,False,0.0,5.0,0.0,0.0,0.27,0.0,0.0,0.27,1.0,0.0,0.0,0.0,0.0,0.0,0.0,0.0,0.0,1.0,1.0,0.0,0.0,1.0,0.27,0.0,0.0,0.0,0.0,0.0,0.0,0.0,0.0,0.0,1.0,0.0,0.0,0.0,1.0,0.0,0.0,0.0,0.0,0.0,0.0,0.0,0.0,0.0,0.0,0.0,0.0,0.0,0.0,0.0,0.0,1.0,0.0,0.0,0.0,1.0,0.0,0.0,0.0,0.0,0.0,0.0
5802914,2026-08-30T18:45:00.000Z,2,Ligue 1,Monaco,9829,Marseille,8592,956659,Himad Abdelli,Marseille,8592,False,6.21,45.0,0.0,0.0,0.0,0.0,0.02,0.02,0.0,31.0,32.0,1.0,0.0,0.0,0.0,0.0,0.0,39.0,0.0,4.0,1.0,0.0,0.0,0.0,0.0,0.0,0.0,3.0,0.0,3.0,7.0,0.0,1.0,2.0,1.0,3.0,5.0,0.0,0.0,0.0,0.0,1.0,1.0,0.0,0.0,0.0,0.0,0.0,0.0,0.0,0.0,0.0,0.0,0.0,1.0,3.0,0.0,0.0,0.0,0.0,0.0,0.0,0.0,0.0
5802914,2026-08-30T18:45:00.000Z,2,Ligue 1,Monaco,9829,Marseille,8592,970563,Quinten Timber,Marseille,8592,False,6.02,45.0,0.0,0.0,0.0,0.0,0.01,0.01,0.0,10.0,13.0,0.0,0.0,0.0,0.0,0.0,0.0,21.0,1.0,1.0,0.0,0.0,0.0,0.0,0.0,0.0,0.0,1.0,0.0,2.0,4.0,0.0,1.0,1.0,2.0,2.0,3.0,0.0,0.0,0.0,0.0,0.0,1.0,0.0,0.0,0.0,0.0,0.0,0.0,0.0,0.0,3.0,0.0,0.0,1.0,1.0,0.0,0.0,0.0,0.0,0.0,0.0,0.0,0.0
5802914,2026-08-30T18:45:00.000Z,2,Ligue 1,Monaco,9829,Marseille,8592,1078904,Théo Vermot,Marseille,8592,True,0.0,0.0,0.0,0.0,0.0,0.0,0.0,0.0,0.0,0.0,0.0,0.0,0.0,0.0,0.0,0.0,0.0,0.0,0.0,0.0,0.0,0.0,0.0,0.0,0.0,0.0,0.0,0.0,0.0,0.0,0.0,0.0,0.0,0.0,0.0,0.0,0.0,0.0,0.0,0.0,0.0,0.0,0.0,0.0,0.0,0.0,0.0,0.0,0.0,0.0,0.0,0.0,0.0,0.0,0.0,0.0,0.0,0.0,0.0,0.0,0.0,0.0,0.0,0.0
5802914,2026-08-30T18:45:00.000Z,2,Ligue 1,Monaco,9829,Marseille,8592,1113809,Mika Biereth,Monaco,9829,False,0.0,9.0,0.0,0.0,0.0,0.0,0.0,0.0,0.0,1.0,1.0,0.0,0.0,0.0,0.0,0.0,3.0,4.0,0.0,0.0,0.0,0.0,0.0,1.0,0.0,2.0,0.0,0.0,0.0,1.0,1.0,0.0,2.0,0.0,0.0,1.0,2.0,0.0,0.0,0.0,0.0,0.0,0.0,0.0,0.0,0.0,0.0,0.0,0.0,0.0,0.0,0.0,1.0,0.0,0.0,0.0,0.0,0.0,0.0,0.0,0.0,0.0,0.0,0.0
5802914,2026-08-30T18:45:00.000Z,2,Ligue 1,Monaco,9829,Marseille,8592,1187227,CJ Egan-Riley,Marseille,8592,False,6.47,90.0,0.0,0.0,0.0,0.0,0.01,0.01,0.0,78.0,81.0,0.0,0.0,0.0,0.0,0.0,6.0,87.0,0.0,5.0,0.0,0.0,0.0,1.0,0.0,5.0,0.0,5.0,1.0,1.0,2.0,4.0,4.0,0.0,0.0,5.0,1.0,0.0,0.0,0.0,0.0,3.0,5.0,0.0,0.0,0.0,0.0,0.0,0.0,0.0,0.0,0.0,3.0,0.0,0.0,0.0,0.0,0.0,0.0,0.0,0.0,0.0,0.0,0.0
5802914,2026-08-30T18:45:00.000Z,2,Ligue 1,Monaco,9829,Marseille,8592,1207992,Vanderson,Monaco,9829,False,7.72,90.0,0.0,0.0,0.0,0.0,0.04,0.04,0.0,35.0,41.0,1.0,0.0,0.0,0.0,0.0,12.0,66.0,1.0,5.0,1.0,0.0,0.0,3.0,2.0,5.0,2.0,7.0,1.0,4.0,9.0,3.0,3.0,1.0,1.0,7.0,5.0,0.0,0.0,0.0,0.0,2.0,5.0,0.0,0.0,0.0,0.0,0.0,0.0,0.0,0.0,2.0,2.0,0.0,0.0,2.0,0.0,0.0,0.0,0.0,0.0,0.0,0.0,0.0
5802914,2026-08-30T18:45:00.000Z,2,Ligue 1,Monaco,9829,Marseille,8592,1239590,Flávio Nazinho,Monaco,9829,False,7.55,90.0,0.0,0.0,0.0,0.0,0.11,0.11,0.0,25.0,29.0,1.0,0.0,0.0,0.0,0.0,9.0,46.0,1.0,2.0,0.0,0.0,0.0,3.0,1.0,2.0,3.0,4.0,1.0,3.0,7.0,2.0,2.0,0.0,3.0,5.0,4.0,0.0,0.0,0.0,0.0,0.0,0.0,0.0,0.0,0.0,0.0,0.0,0.0,0.0,1.0,2.0,0.0,0.0,0.0,0.0,0.0,0.0,0.0,0.0,0.0,0.0,0.0,0.0
5802914,2026-08-30T18:45:00.000Z,2,Ligue 1,Monaco,9829,Marseille,8592,1250492,Matthis Abline,Monaco,9829,False,0.0,9.0,0.0,0.0,0.0,0.0,0.16,0.16,0.0,1.0,2.0,0.0,0.0,0.0,0.0,0.0,0.0,3.0,0.0,0.0,0.0,0.0,0.0,0.0,0.0,0.0,0.0,0.0,0.0,0.0,0.0,1.0,1.0,0.0,0.0,1.0,0.0,0.0,0.0,0.0,0.0,0.0,0.0,0.0,0.0,0.0,0.0,0.0,0.0,0.0,0.0,0.0,0.0,0.0,0.0,0.0,0.0,0.0,0.0,0.0,0.0,0.0,0.0,0.0
5802914,2026-08-30T18:45:00.000Z,2,Ligue 1,Monaco,9829,Marseille,8592,1353104,Tochukwu Nnadi,Marseille,8592,False,6.39,28.0,0.0,0.0,0.0,0.0,0.01,0.01,0.0,13.0,13.0,0.0,0.0,0.0,0.0,0.0,2.0,18.0,0.0,4.0,1.0,0.0,0.0,2.0,0.0,0.0,0.0,0.0,0.0,3.0,4.0,0.0,0.0,1.0,0.0,3.0,1.0,0.0,0.0,0.0,0.0,0.0,0.0,0.0,0.0,0.0,0.0,0.0,0.0,0.0,0.0,0.0,0.0,0.0,0.0,0.0,0.0,0.0,0.0,0.0,0.0,0.0,0.0,0.0
5802914,2026-08-30T18:45:00.000Z,2,Ligue 1,Monaco,9829,Marseille,8592,1366936,Stanis Idumbo,Monaco,9829,False,6.7,85.0,0.0,0.0,0.43,0.86,0.09,0.52,4.0,14.0,18.0,1.0,1.0,2.0,1.0,3.0,2.0,34.0,3.0,2.0,3.0,1.0,0.43,1.0,1.0,0.0,0.0,3.0,2.0,3.0,8.0,0.0,0.0,1.0,0.0,3.0,5.0,0.0,0.0,0.0,0.0,0.0,2.0,0.0,0.0,0.0,0.0,0.0,0.0,0.0,1.0,1.0,0.0,1.0,1.0,1.0,0.0,1.0,0.0,0.0,0.0,0.0,0.0,0.0
5802914,2026-08-30T18:45:00.000Z,2,Ligue 1,Monaco,9829,Marseille,8592,1406428,Christian Mawissa,Monaco,9829,False,0.0,0.0,0.0,0.0,0.0,0.0,0.0,0.0,0.0,0.0,0.0,0.0,0.0,0.0,0.0,0.0,0.0,0.0,0.0,0.0,0.0,0.0,0.0,0.0,0.0,0.0,0.0,0.0,0.0,0.0,0.0,0.0,0.0,0.0,0.0,0.0,0.0,0.0,0.0,0.0,0.0,0.0,0.0,0.0,0.0,0.0,0.0,0.0,0.0,0.0,0.0,0.0,0.0,0.0,0.0,0.0,0.0,0.0,0.0,0.0,0.0,0.0,0.0,0.0
5802914,2026-08-30T18:45:00.000Z,2,Ligue 1,Monaco,9829,Marseille,8592,1412956,Paris Brunner,Monaco,9829,False,9.01,81.0,2.0,0.0,1.17,1.9,0.02,1.19,5.0,10.0,13.0,0.0,3.0,1.0,3.0,4.0,4.0,33.0,8.0,3.0,2.0,2.0,1.17,3.0,0.0,1.0,0.0,1.0,0.0,6.0,10.0,2.0,4.0,1.0,0.0,8.0,6.0,0.0,0.0,0.0,0.0,1.0,1.0,0.0,0.0,0.0,0.0,0.0,0.0,0.0,0.0,0.0,1.0,1.0,2.0,4.0,0.0,0.0,0.0,0.0,0.0,0.0,0.0,0.0
5802914,2026-08-30T18:45:00.000Z,2,Ligue 1,Monaco,9829,Marseille,8592,1436305,Lamine Camara,Monaco,9829,False,8.19,90.0,0.0,0.0,0.0,0.0,0.02,0.02,0.0,51.0,54.0,1.0,0.0,0.0,0.0,0.0,8.0,82.0,0.0,8.0,1.0,0.0,0.0,4.0,0.0,0.0,4.0,9.0,0.0,9.0,13.0,0.0,0.0,3.0,1.0,9.0,4.0,0.0,0.0,0.0,0.0,9.0,11.0,0.0,0.0,0.0,0.0,0.0,0.0,0.0,1.0,4.0,0.0,0.0,2.0,4.0,5.0,0.0,0.0,0.0,0.0,0.0,0.0,0.0
5802914,2026-08-30T18:45:00.000Z,2,Ligue 1,Monaco,9829,Marseille,8592,1523208,Sadibou Sané,Monaco,9829,False,7.53,90.0,0.0,0.0,0.0,0.0,0.01,0.01,0.0,41.0,43.0,0.0,0.0,0.0,0.0,0.0,8.0,55.0,3.0,6.0,0.0,0.0,0.0,1.0,0.0,6.0,1.0,3.0,0.0,1.0,2.0,2.0,3.0,0.0,1.0,3.0,2.0,0.0,0.0,0.0,0.0,3.0,4.0,0.0,0.0,0.0,0.0,0.0,0.0,0.0,0.0,0.0,3.0,0.0,0.0,0.0,0.0,0.0,0.0,0.0,0.0,0.0,0.0,0.0
5802914,2026-08-30T18:45:00.000Z,2,Ligue 1,Monaco,9829,Marseille,8592,1524548,Mamadou Coulibaly,Monaco,9829,False,7.35,81.0,0.0,0.0,0.0,0.0,0.11,0.11,0.0,27.0,32.0,3.0,0.0,0.0,0.0,0.0,3.0,49.0,2.0,1.0,2.0,0.0,0.0,2.0,0.0,0.0,1.0,6.0,4.0,5.0,12.0,0.0,0.0,3.0,0.0,5.0,7.0,0.0,0.0,0.0,0.0,1.0,2.0,0.0,0.0,0.0,0.0,0.0,0.0,1.0,2.0,2.0,0.0,0.0,0.0,1.0,0.0,0.0,0.0,0.0,0.0,0.0,0.0,0.0
5802914,2026-08-30T18:45:00.000Z,2,Ligue 1,Monaco,9829,Marseille,8592,1638922,Keyliane Abdallah,Marseille,8592,False,6.44,45.0,0.0,0.0,0.49,0.24,0.4,0.89,3.0,22.0,26.0,2.0,1.0,1.0,1.0,2.0,0.0,40.0,2.0,2.0,2.0,0.0,0.49,0.0,0.0,0.0,0.0,0.0,0.0,2.0,5.0,0.0,0.0,1.0,1.0,2.0,3.0,0.0,0.0,0.0,0.0,1.0,1.0,0.0,0.0,0.0,0.0,0.0,0.0,1.0,1.0,4.0,0.0,1.0,1.0,1.0,1.0,1.0,0.0,0.0,0.0,0.0,0.0,0.0
5802914,2026-08-30T18:45:00.000Z,2,Ligue 1,Monaco,9829,Marseille,8592,1709473,Mathys Detourbet,Monaco,9829,False,0.0,5.0,0.0,0.0,0.0,0.0,0.0,0.0,0.0,2.0,2.0,0.0,0.0,0.0,0.0,0.0,0.0,4.0,2.0,1.0,0.0,0.0,0.0,0.0,0.0,0.0,0.0,1.0,0.0,0.0,0.0,0.0,0.0,0.0,0.0,0.0,0.0,0.0,0.0,0.0,0.0,1.0,1.0,0.0,0.0,0.0,0.0,0.0,0.0,0.0,0.0,0.0,0.0,0.0,0.0,0.0,0.0,0.0,0.0,0.0,0.0,0.0,0.0,0.0
5802914,2026-08-30T18:45:00.000Z,2,Ligue 1,Monaco,9829,Marseille,8592,1814264,Tadjidine Mmadi,Marseille,8592,False,0.0,0.0,0.0,0.0,0.0,0.0,0.0,0.0,0.0,0.0,0.0,0.0,0.0,0.0,0.0,0.0,0.0,0.0,0.0,0.0,0.0,0.0,0.0,0.0,0.0,0.0,0.0,0.0,0.0,0.0,0.0,0.0,0.0,0.0,0.0,0.0,0.0,0.0,0.0,0.0,0.0,0.0,0.0,0.0,0.0,0.0,0.0,0.0,0.0,0.0,0.0,0.0,0.0,0.0,0.0,0.0,0.0,0.0,0.0,0.0,0.0,0.0,0.0,0.0
5802914,2026-08-30T18:45:00.000Z,2,Ligue 1,Monaco,9829,Marseille,8592,1845327,Safouane Benzahra,Monaco,9829,False,0.0,0.0,0.0,0.0,0.0,0.0,0.0,0.0,0.0,0.0,0.0,0.0,0.0,0.0,0.0,0.0,0.0,0.0,0.0,0.0,0.0,0.0,0.0,0.0,0.0,0.0,0.0,0.0,0.0,0.0,0.0,0.0,0.0,0.0,0.0,0.0,0.0,0.0,0.0,0.0,0.0,0.0,0.0,0.0,0.0,0.0,0.0,0.0,0.0,0.0,0.0,0.0,0.0,0.0,0.0,0.0,0.0,0.0,0.0,0.0,0.0,0.0,0.0,0.0
5802914,2026-08-30T18:45:00.000Z,2,Ligue 1,Monaco,9829,Marseille,8592,2130847,Anis Soubeir,Monaco,9829,False,0.0,9.0,0.0,0.0,0.0,0.0,0.0,0.0,0.0,1.0,1.0,0.0,0.0,0.0,0.0,0.0,0.0,2.0,0.0,0.0,0.0,0.0,0.0,0.0,0.0,0.0,0.0,1.0,0.0,0.0,0.0,0.0,0.0,0.0,0.0,0.0,0.0,0.0,0.0,0.0,0.0,0.0,0.0,0.0,0.0,0.0,0.0,0.0,0.0,0.0,0.0,0.0,0.0,0.0,0.0,0.0,0.0,0.0,0.0,0.0,0.0,0.0,0.0,0.0
5802915,2026-08-30T13:00:00.000Z,2,Ligue 1,Paris FC,6379,Nice,9831,39591,Axel Witsel,Nice,9831,False,7.48,73.0,0.0,0.0,0.0,0.0,0.03,0.03,0.0,39.0,43.0,1.0,0.0,0.0,0.0,0.0,4.0,55.0,1.0,6.0,0.0,0.0,0.0,0.0,0.0,0.0,4.0,7.0,0.0,3.0,4.0,0.0,0.0,1.0,0.0,3.0,1.0,0.0,0.0,0.0,0.0,1.0,2.0,0.0,0.0,0.0,0.0,0.0,0.0,0.0,0.0,0.0,0.0,0.0,2.0,3.0,0.0,0.0,0.0,0.0,0.0,0.0,0.0,0.0
5802915,2026-08-30T13:00:00.000Z,2,Ligue 1,Paris FC,6379,Nice,9831,145550,Kevin Trapp,Paris FC,6379,True,7.84,90.0,0.0,0.0,0.0,0.0,0.0,0.0,0.0,34.0,42.0,0.0,0.0,0.0,0.0,0.0,1.0,51.0,0.0,2.0,0.0,0.0,0.0,0.0,0.0,1.0,0.0,10.0,0.0,0.0,0.0,0.0,0.0,0.0,0.0,0.0,0.0,4.0,0.0,0.39,0.39,4.0,12.0,0.0,2.0,1.0,0.0,4.0,0.0,0.0,0.0,0.0,0.0,0.0,0.0,0.0,0.0,0.0,0.0,0.0,0.0,0.0,0.0,0.0
5802915,2026-08-30T13:00:00.000Z,2,Ligue 1,Paris FC,6379,Nice,9831,426892,Hamari Traoré,Paris FC,6379,False,0.0,7.0,0.0,0.0,0.0,0.0,0.0,0.0,0.0,6.0,6.0,0.0,0.0,0.0,0.0,0.0,1.0,11.0,0.0,1.0,0.0,0.0,0.0,0.0,0.0,1.0,0.0,2.0,0.0,1.0,1.0,0.0,0.0,1.0,0.0,1.0,0.0,0.0,0.0,0.0,0.0,0.0,0.0,0.0,0.0,0.0,0.0,0.0,0.0,0.0,0.0,0.0,0.0,0.0,0.0,0.0,0.0,0.0,0.0,0.0,0.0,0.0,0.0,0.0
5802915,2026-08-30T13:00:00.000Z,2,Ligue 1,Paris FC,6379,Nice,9831,467486,Moses Simon,Paris FC,6379,False,6.51,63.0,0.0,0.0,0.0,0.0,0.06,0.06,0.0,16.0,18.0,0.0,0.0,0.0,0.0,0.0,1.0,32.0,2.0,0.0,1.0,0.0,0.0,0.0,0.0,1.0,0.0,2.0,0.0,0.0,1.0,0.0,2.0,0.0,0.0,0.0,3.0,0.0,0.0,0.0,0.0,0.0,0.0,0.0,0.0,0.0,0.0,0.0,0.0,0.0,0.0,5.0,1.0,0.0,0.0,0.0,0.0,0.0,0.0,0.0,0.0,0.0,0.0,0.0
5802915,2026-08-30T13:00:00.000Z,2,Ligue 1,Paris FC,6379,Nice,9831,614207,Maxime Lopez,Paris FC,6379,False,7.44,90.0,0.0,0.0,0.0,0.0,0.12,0.12,0.0,100.0,104.0,1.0,0.0,0.0,0.0,0.0,3.0,114.0,0.0,8.0,2.0,0.0,0.0,0.0,0.0,3.0,0.0,6.0,1.0,2.0,6.0,0.0,0.0,1.0,1.0,2.0,4.0,0.0,0.0,0.0,0.0,3.0,3.0,0.0,0.0,0.0,0.0,0.0,0.0,0.0,1.0,1.0,1.0,0.0,1.0,1.0,1.0,0.0,0.0,0.0,0.0,0.0,0.0,0.0
5802915,2026-08-30T13:00:00.000Z,2,Ligue 1,Paris FC,6379,Nice,9831,640292,Vincent Marchetti,Paris FC,6379,False,0.0,7.0,1.0,0.0,0.33,0.85,0.0,0.33,2.0,6.0,6.0,0.0,1.0,0.0,1.0,1.0,0.0,11.0,2.0,0.0,2.0,0.0,0.33,0.0,0.0,0.0,0.0,0.0,0.0,0.0,2.0,0.0,0.0,0.0,0.0,0.0,2.0,0.0,0.0,0.0,0.0,0.0,0.0,0.0,0.0,0.0,0.0,0.0,0.0,0.0,0.0,0.0,0.0,1.0,0.0,0.0,0.0,0.0,0.0,0.0,0.0,0.0,0.0,0.0
5802915,2026-08-30T13:00:00.000Z,2,Ligue 1,Paris FC,6379,Nice,9831,660462,Pierre Lees-Melou,Paris FC,6379,False,8.4,90.0,0.0,0.0,0.04,0.0,0.05,0.09,2.0,78.0,82.0,0.0,0.0,2.0,0.0,2.0,13.0,103.0,0.0,7.0,0.0,0.0,0.04,7.0,1.0,2.0,3.0,7.0,1.0,9.0,10.0,0.0,0.0,1.0,0.0,9.0,1.0,0.0,0.0,0.0,0.0,5.0,6.0,0.0,0.0,0.0,0.0,0.0,0.0,0.0,0.0,0.0,1.0,0.0,1.0,1.0,0.0,0.0,0.0,0.0,0.0,0.0,0.0,0.0
5802915,2026-08-30T13:00:00.000Z,2,Ligue 1,Paris FC,6379,Nice,9831,715301,Jonathan Clauss,Nice,9831,False,7.09,82.0,0.0,0.0,0.13,0.16,0.41,0.54,3.0,36.0,50.0,3.0,1.0,1.0,1.0,2.0,2.0,81.0,5.0,5.0,0.0,0.0,0.13,0.0,0.0,2.0,0.0,4.0,1.0,2.0,6.0,2.0,2.0,0.0,1.0,4.0,4.0,0.0,0.0,0.0,0.0,1.0,3.0,0.0,0.0,0.0,0.0,0.0,0.0,1.0,4.0,12.0,1.0,1.0,2.0,4.0,3.0,1.0,0.0,0.0,0.0,0.0,0.0,0.0
5802915,2026-08-30T13:00:00.000Z,2,Ligue 1,Paris FC,6379,Nice,9831,763974,Gauthier Hein,Nice,9831,False,6.63,90.0,0.0,0.0,0.02,0.0,0.16,0.18,1.0,61.0,67.0,3.0,0.0,0.0,0.0,0.0,2.0,85.0,3.0,10.0,2.0,0.0,0.02,1.0,0.0,0.0,1.0,2.0,3.0,1.0,10.0,0.0,0.0,0.0,1.0,1.0,9.0,0.0,0.0,0.0,0.0,1.0,2.0,0.0,0.0,0.0,0.0,0.0,0.0,0.0,1.0,3.0,0.0,1.0,0.0,3.0,1.0,0.0,0.0,0.0,0.0,0.0,0.0,0.0
5802915,2026-08-30T13:00:00.000Z,2,Ligue 1,Paris FC,6379,Nice,9831,766574,Yéhvann Diouf,Nice,9831,True,5.4,90.0,0.0,0.0,0.0,0.0,0.0,0.0,0.0,60.0,64.0,0.0,0.0,0.0,0.0,0.0,0.0,67.0,0.0,3.0,0.0,0.0,0.0,0.0,0.0,0.0,0.0,5.0,0.0,0.0,0.0,0.0,0.0,0.0,0.0,0.0,0.0,1.0,3.0,2.0,-1.0,3.0,7.0,0.0,1.0,1.0,0.0,2.0,0.0,0.0,0.0,0.0,0.0,0.0,0.0,0.0,0.0,0.0,0.0,0.0,0.0,0.0,0.0,0.0
5802915,2026-08-30T13:00:00.000Z,2,Ligue 1,Paris FC,6379,Nice,9831,784448,Thibault De Smet,Paris FC,6379,False,0.0,0.0,0.0,0.0,0.0,0.0,0.0,0.0,0.0,0.0,0.0,0.0,0.0,0.0,0.0,0.0,0.0,0.0,0.0,0.0,0.0,0.0,0.0,0.0,0.0,0.0,0.0,0.0,0.0,0.0,0.0,0.0,0.0,0.0,0.0,0.0,0.0,0.0,0.0,0.0,0.0,0.0,0.0,0.0,0.0,0.0,0.0,0.0,0.0,0.0,0.0,0.0,0.0,0.0,0.0,0.0,0.0,0.0,0.0,0.0,0.0,0.0,0.0,0.0
5802915,2026-08-30T13:00:00.000Z,2,Ligue 1,Paris FC,6379,Nice,9831,853108,Jean-Philippe Krasso,Paris FC,6379,False,0.0,0.0,0.0,0.0,0.0,0.0,0.0,0.0,0.0,0.0,0.0,0.0,0.0,0.0,0.0,0.0,0.0,0.0,0.0,0.0,0.0,0.0,0.0,0.0,0.0,0.0,0.0,0.0,0.0,0.0,0.0,0.0,0.0,0.0,0.0,0.0,0.0,0.0,0.0,0.0,0.0,0.0,0.0,0.0,0.0,0.0,0.0,0.0,0.0,0.0,0.0,0.0,0.0,0.0,0.0,0.0,0.0,0.0,0.0,0.0,0.0,0.0,0.0,0.0
5802915,2026-08-30T13:00:00.000Z,2,Ligue 1,Paris FC,6379,Nice,9831,923196,Lassine Sinayoko,Paris FC,6379,False,8.07,90.0,1.0,0.0,1.05,0.6,0.05,1.1,5.0,19.0,22.0,3.0,1.0,2.0,1.0,3.0,3.0,39.0,6.0,2.0,3.0,1.0,0.26,1.0,0.0,0.0,2.0,2.0,0.0,1.0,4.0,2.0,5.0,0.0,0.0,3.0,6.0,0.0,0.0,0.0,0.0,0.0,0.0,0.0,0.0,0.0,0.0,0.0,0.0,0.0,0.0,0.0,0.0,2.0,0.0,0.0,0.0,0.0,0.0,0.0,0.0,0.0,0.0,0.0
5802915,2026-08-30T13:00:00.000Z,2,Ligue 1,Paris FC,6379,Nice,9831,944385,Isak Jansson,Nice,9831,False,6.22,17.0,0.0,0.0,0.0,0.0,0.01,0.01,0.0,6.0,6.0,0.0,0.0,0.0,0.0,0.0,1.0,9.0,0.0,1.0,0.0,0.0,0.0,1.0,0.0,0.0,0.0,0.0,0.0,1.0,1.0,0.0,0.0,0.0,0.0,1.0,0.0,0.0,0.0,0.0,0.0,0.0,0.0,0.0,0.0,0.0,0.0,0.0,0.0,0.0,0.0,1.0,0.0,0.0,0.0,0.0,0.0,0.0,0.0,0.0,0.0,0.0,0.0,0.0
5802915,2026-08-30T13:00:00.000Z,2,Ligue 1,Paris FC,6379,Nice,9831,953812,Sofiane Diop,Nice,9831,False,7.14,90.0,0.0,0.0,0.1,0.11,0.17,0.27,1.0,46.0,53.0,2.0,1.0,0.0,1.0,1.0,5.0,71.0,5.0,10.0,2.0,0.0,0.1,3.0,0.0,0.0,2.0,1.0,0.0,4.0,7.0,0.0,0.0,0.0,1.0,4.0,3.0,0.0,0.0,0.0,0.0,2.0,3.0,0.0,0.0,0.0,0.0,0.0,0.0,0.0,0.0,1.0,0.0,0.0,1.0,2.0,0.0,0.0,0.0,0.0,0.0,0.0,0.0,0.0
5802915,2026-08-30T13:00:00.000Z,2,Ligue 1,Paris FC,6379,Nice,9831,979759,Nathan N'Goumou,Nice,9831,False,5.84,63.0,0.0,0.0,0.15,0.0,0.01,0.16,2.0,4.0,9.0,0.0,0.0,2.0,0.0,2.0,0.0,15.0,2.0,0.0,0.0,1.0,0.15,0.0,0.0,0.0,0.0,0.0,0.0,1.0,1.0,0.0,1.0,1.0,0.0,1.0,1.0,0.0,0.0,0.0,0.0,0.0,0.0,0.0,0.0,0.0,0.0,0.0,0.0,0.0,0.0,0.0,0.0,0.0,0.0,0.0,0.0,1.0,0.0,0.0,0.0,0.0,0.0,0.0
5802915,2026-08-30T13:00:00.000Z,2,Ligue 1,Paris FC,6379,Nice,9831,999690,Ilan Kebbal,Paris FC,6379,False,8.31,83.0,0.0,1.0,0.11,0.0,0.19,0.3,2.0,24.0,32.0,4.0,0.0,1.0,0.0,1.0,0.0,50.0,6.0,1.0,1.0,1.0,0.11,0.0,0.0,0.0,0.0,6.0,4.0,4.0,14.0,0.0,1.0,1.0,2.0,4.0,11.0,0.0,0.0,0.0,0.0,0.0,2.0,0.0,0.0,0.0,0.0,0.0,0.0,2.0,1.0,1.0,0.0,1.0,3.0,6.0,1.0,0.0,0.0,0.0,1.0,0.0,0.0,0.0
5802915,2026-08-30T13:00:00.000Z,2,Ligue 1,Paris FC,6379,Nice,9831,1039219,Samir Chergui,Paris FC,6379,False,8.06,90.0,1.0,0.0,0.07,0.16,0.01,0.08,1.0,49.0,53.0,0.0,1.0,0.0,1.0,1.0,7.0,62.0,1.0,1.0,0.0,0.0,0.07,1.0,1.0,3.0,2.0,4.0,0.0,1.0,3.0,0.0,0.0,0.0,2.0,1.0,2.0,0.0,0.0,0.0,0.0,0.0,2.0,0.0,0.0,0.0,0.0,0.0,0.0,0.0,0.0,0.0,2.0,0.0,0.0,0.0,0.0,0.0,0.0,0.0,0.0,0.0,0.0,0.0
5802915,2026-08-30T13:00:00.000Z,2,Ligue 1,Paris FC,6379,Nice,9831,1053678,Mamadou Mbow,Paris FC,6379,False,0.0,0.0,0.0,0.0,0.0,0.0,0.0,0.0,0.0,0.0,0.0,0.0,0.0,0.0,0.0,0.0,0.0,0.0,0.0,0.0,0.0,0.0,0.0,0.0,0.0,0.0,0.0,0.0,0.0,0.0,0.0,0.0,0.0,0.0,0.0,0.0,0.0,0.0,0.0,0.0,0.0,0.0,0.0,0.0,0.0,0.0,0.0,0.0,0.0,0.0,0.0,0.0,0.0,0.0,0.0,0.0,0.0,0.0,0.0,0.0,0.0,0.0,0.0,0.0
5802915,2026-08-30T13:00:00.000Z,2,Ligue 1,Paris FC,6379,Nice,9831,1057703,Youssouf Ndayishimiye,Nice,9831,False,6.5,90.0,0.0,0.0,0.06,0.0,0.02,0.08,1.0,107.0,116.0,0.0,0.0,1.0,0.0,1.0,12.0,135.0,1.0,8.0,0.0,0.0,0.06,1.0,3.0,4.0,4.0,7.0,1.0,3.0,5.0,0.0,2.0,1.0,1.0,3.0,4.0,0.0,0.0,0.0,0.0,4.0,11.0,0.0,0.0,0.0,0.0,0.0,0.0,0.0,0.0,1.0,0.0,0.0,1.0,1.0,0.0,0.0,0.0,0.0,0.0,1.0,0.0,0.0
5802915,2026-08-30T13:00:00.000Z,2,Ligue 1,Paris FC,6379,Nice,9831,1092403,Melvin Bard,Nice,9831,False,6.33,82.0,0.0,0.0,0.0,0.0,0.04,0.04,0.0,36.0,42.0,1.0,0.0,0.0,0.0,0.0,6.0,51.0,2.0,5.0,0.0,0.0,0.0,3.0,1.0,2.0,0.0,7.0,0.0,4.0,4.0,2.0,2.0,1.0,0.0,6.0,0.0,0.0,0.0,0.0,0.0,2.0,4.0,0.0,0.0,0.0,0.0,0.0,0.0,0.0,0.0,1.0,1.0,0.0,0.0,0.0,0.0,0.0,0.0,1.0,0.0,0.0,0.0,0.0
5802915,2026-08-30T13:00:00.000Z,2,Ligue 1,Paris FC,6379,Nice,9831,1127125,Obed Nkambadio,Paris FC,6379,True,0.0,0.0,0.0,0.0,0.0,0.0,0.0,0.0,0.0,0.0,0.0,0.0,0.0,0.0,0.0,0.0,0.0,0.0,0.0,0.0,0.0,0.0,0.0,0.0,0.0,0.0,0.0,0.0,0.0,0.0,0.0,0.0,0.0,0.0,0.0,0.0,0.0,0.0,0.0,0.0,0.0,0.0,0.0,0.0,0.0,0.0,0.0,0.0,0.0,0.0,0.0,0.0,0.0,0.0,0.0,0.0,0.0,0.0,0.0,0.0,0.0,0.0,0.0,0.0
5802915,2026-08-30T13:00:00.000Z,2,Ligue 1,Paris FC,6379,Nice,9831,1179331,Mohamed Abdelmonem,Nice,9831,False,7.08,73.0,0.0,0.0,0.04,0.0,0.06,0.1,1.0,76.0,80.0,0.0,0.0,0.0,0.0,0.0,4.0,93.0,1.0,8.0,0.0,0.0,0.04,3.0,0.0,0.0,1.0,3.0,1.0,4.0,5.0,0.0,0.0,1.0,0.0,4.0,1.0,0.0,0.0,0.0,0.0,4.0,4.0,0.0,0.0,0.0,0.0,0.0,0.0,0.0,0.0,1.0,0.0,1.0,0.0,0.0,0.0,0.0,0.0,0.0,0.0,0.0,0.0,0.0
5802915,2026-08-30T13:00:00.000Z,2,Ligue 1,Paris FC,6379,Nice,9831,1190113,Otávio,Paris FC,6379,False,7.51,83.0,0.0,0.0,0.11,0.0,0.01,0.12,1.0,45.0,51.0,0.0,0.0,1.0,0.0,1.0,12.0,75.0,2.0,6.0,0.0,0.0,0.11,0.0,3.0,6.0,3.0,8.0,2.0,1.0,4.0,0.0,0.0,1.0,0.0,1.0,3.0,0.0,0.0,0.0,0.0,2.0,5.0,0.0,0.0,0.0,0.0,0.0,0.0,0.0,0.0,0.0,4.0,0.0,0.0,1.0,0.0,0.0,0.0,0.0,0.0,0.0,0.0,0.0
5802915,2026-08-30T13:00:00.000Z,2,Ligue 1,Paris FC,6379,Nice,9831,1210649,Teddy Boulhendi,Nice,9831,True,0.0,0.0,0.0,0.0,0.0,0.0,0.0,0.0,0.0,0.0,0.0,0.0,0.0,0.0,0.0,0.0,0.0,0.0,0.0,0.0,0.0,0.0,0.0,0.0,0.0,0.0,0.0,0.0,0.0,0.0,0.0,0.0,0.0,0.0,0.0,0.0,0.0,0.0,0.0,0.0,0.0,0.0,0.0,0.0,0.0,0.0,0.0,0.0,0.0,0.0,0.0,0.0,0.0,0.0,0.0,0.0,0.0,0.0,0.0,0.0,0.0,0.0,0.0,0.0
5802915,2026-08-30T13:00:00.000Z,2,Ligue 1,Paris FC,6379,Nice,9831,1213430,Elye Wahi,Nice,9831,False,6.54,27.0,0.0,0.0,0.08,0.03,0.02,0.1,1.0,7.0,7.0,1.0,1.0,0.0,1.0,1.0,1.0,10.0,1.0,0.0,0.0,0.0,0.08,0.0,0.0,0.0,1.0,1.0,0.0,1.0,1.0,1.0,2.0,1.0,0.0,2.0,1.0,0.0,0.0,0.0,0.0,0.0,0.0,0.0,0.0,0.0,0.0,0.0,0.0,1.0,0.0,0.0,0.0,0.0,0.0,0.0,0.0,0.0,0.0,0.0,0.0,0.0,0.0,0.0
5802915,2026-08-30T13:00:00.000Z,2,Ligue 1,Paris FC,6379,Nice,9831,1254147,Antoine Mendy,Nice,9831,False,5.07,17.0,0.0,0.0,0.03,0.0,0.01,0.04,1.0,14.0,18.0,1.0,0.0,0.0,0.0,0.0,2.0,24.0,0.0,3.0,1.0,0.0,0.03,1.0,0.0,0.0,1.0,0.0,0.0,1.0,2.0,0.0,0.0,0.0,0.0,1.0,1.0,0.0,0.0,0.0,0.0,0.0,1.0,0.0,0.0,0.0,0.0,0.0,0.0,0.0,0.0,0.0,0.0,1.0,0.0,0.0,0.0,0.0,0.0,1.0,0.0,0.0,0.0,0.0
5802915,2026-08-30T13:00:00.000Z,2,Ligue 1,Paris FC,6379,Nice,9831,1321562,Diego Coppola,Paris FC,6379,False,7.51,90.0,0.0,0.0,0.0,0.0,0.02,0.02,0.0,70.0,78.0,0.0,0.0,0.0,0.0,0.0,10.0,88.0,0.0,6.0,0.0,0.0,0.0,2.0,1.0,6.0,1.0,4.0,0.0,2.0,3.0,2.0,3.0,0.0,1.0,4.0,2.0,0.0,0.0,0.0,0.0,0.0,4.0,0.0,0.0,0.0,0.0,0.0,0.0,0.0,0.0,0.0,2.0,0.0,0.0,0.0,0.0,0.0,0.0,0.0,0.0,0.0,0.0,0.0
5802915,2026-08-30T13:00:00.000Z,2,Ligue 1,Paris FC,6379,Nice,9831,1331097,Pablo Pagis,Paris FC,6379,False,7.42,72.0,0.0,0.0,0.0,0.0,0.03,0.03,0.0,26.0,33.0,1.0,0.0,0.0,0.0,0.0,4.0,48.0,0.0,5.0,0.0,0.0,0.0,2.0,0.0,1.0,1.0,2.0,0.0,4.0,6.0,0.0,0.0,1.0,1.0,4.0,2.0,0.0,0.0,0.0,0.0,1.0,1.0,0.0,0.0,0.0,0.0,0.0,0.0,0.0,0.0,1.0,0.0,0.0,1.0,2.0,0.0,0.0,0.0,0.0,0.0,0.0,0.0,0.0
5802915,2026-08-30T13:00:00.000Z,2,Ligue 1,Paris FC,6379,Nice,9831,1366618,Zoumana Diallo,Nice,9831,False,0.0,0.0,0.0,0.0,0.0,0.0,0.0,0.0,0.0,0.0,0.0,0.0,0.0,0.0,0.0,0.0,0.0,0.0,0.0,0.0,0.0,0.0,0.0,0.0,0.0,0.0,0.0,0.0,0.0,0.0,0.0,0.0,0.0,0.0,0.0,0.0,0.0,0.0,0.0,0.0,0.0,0.0,0.0,0.0,0.0,0.0,0.0,0.0,0.0,0.0,0.0,0.0,0.0,0.0,0.0,0.0,0.0,0.0,0.0,0.0,0.0,0.0,0.0,0.0
5802915,2026-08-30T13:00:00.000Z,2,Ligue 1,Paris FC,6379,Nice,9831,1513317,Adama Camara,Paris FC,6379,False,6.97,90.0,0.0,0.0,0.0,0.0,0.01,0.01,0.0,32.0,36.0,0.0,0.0,0.0,0.0,0.0,2.0,46.0,0.0,1.0,0.0,0.0,0.0,0.0,0.0,1.0,1.0,3.0,0.0,0.0,1.0,0.0,1.0,0.0,0.0,0.0,2.0,0.0,0.0,0.0,0.0,0.0,0.0,0.0,0.0,0.0,0.0,0.0,0.0,0.0,0.0,0.0,0.0,0.0,0.0,1.0,0.0,0.0,0.0,0.0,0.0,0.0,0.0,0.0
5802915,2026-08-30T13:00:00.000Z,2,Ligue 1,Paris FC,6379,Nice,9831,1529204,Omar Sissoko,Paris FC,6379,False,0.0,0.0,0.0,0.0,0.0,0.0,0.0,0.0,0.0,0.0,0.0,0.0,0.0,0.0,0.0,0.0,0.0,0.0,0.0,0.0,0.0,0.0,0.0,0.0,0.0,0.0,0.0,0.0,0.0,0.0,0.0,0.0,0.0,0.0,0.0,0.0,0.0,0.0,0.0,0.0,0.0,0.0,0.0,0.0,0.0,0.0,0.0,0.0,0.0,0.0,0.0,0.0,0.0,0.0,0.0,0.0,0.0,0.0,0.0,0.0,0.0,0.0,0.0,0.0
5802915,2026-08-30T13:00:00.000Z,2,Ligue 1,Paris FC,6379,Nice,9831,1696775,Everton,Nice,9831,False,0.0,0.0,0.0,0.0,0.0,0.0,0.0,0.0,0.0,0.0,0.0,0.0,0.0,0.0,0.0,0.0,0.0,0.0,0.0,0.0,0.0,0.0,0.0,0.0,0.0,0.0,0.0,0.0,0.0,0.0,0.0,0.0,0.0,0.0,0.0,0.0,0.0,0.0,0.0,0.0,0.0,0.0,0.0,0.0,0.0,0.0,0.0,0.0,0.0,0.0,0.0,0.0,0.0,0.0,0.0,0.0,0.0,0.0,0.0,0.0,0.0,0.0,0.0,0.0
5802915,2026-08-30T13:00:00.000Z,2,Ligue 1,Paris FC,6379,Nice,9831,1709839,Patrick Zabi,Paris FC,6379,False,7.52,18.0,0.0,1.0,0.54,0.0,0.09,0.63,1.0,8.0,11.0,1.0,0.0,1.0,0.0,1.0,2.0,16.0,2.0,0.0,0.0,0.0,0.54,1.0,0.0,1.0,0.0,2.0,0.0,2.0,2.0,0.0,0.0,0.0,0.0,2.0,0.0,0.0,0.0,0.0,0.0,0.0,0.0,0.0,0.0,0.0,0.0,0.0,0.0,1.0,0.0,0.0,1.0,0.0,1.0,1.0,0.0,1.0,0.0,0.0,0.0,0.0,0.0,0.0
5802915,2026-08-30T13:00:00.000Z,2,Ligue 1,Paris FC,6379,Nice,9831,1738340,Rudy Matondo,Paris FC,6379,False,6.98,27.0,0.0,0.0,0.13,0.39,0.03,0.16,1.0,10.0,10.0,1.0,1.0,0.0,1.0,1.0,2.0,18.0,1.0,0.0,0.0,0.0,0.13,1.0,0.0,1.0,0.0,3.0,0.0,2.0,3.0,0.0,0.0,0.0,0.0,2.0,1.0,0.0,0.0,0.0,0.0,0.0,0.0,0.0,0.0,0.0,0.0,0.0,0.0,0.0,0.0,0.0,1.0,0.0,1.0,2.0,0.0,1.0,0.0,0.0,0.0,0.0,0.0,0.0
5802915,2026-08-30T13:00:00.000Z,2,Ligue 1,Paris FC,6379,Nice,9831,1763598,Djibril Coulibaly,Nice,9831,False,6.57,90.0,0.0,0.0,0.06,0.0,0.08,0.14,1.0,32.0,37.0,2.0,0.0,0.0,0.0,0.0,2.0,47.0,3.0,3.0,1.0,0.0,0.06,0.0,0.0,1.0,1.0,7.0,1.0,2.0,6.0,2.0,2.0,1.0,2.0,4.0,4.0,0.0,0.0,0.0,0.0,0.0,1.0,0.0,0.0,0.0,0.0,0.0,0.0,0.0,0.0,1.0,1.0,1.0,1.0,1.0,0.0,0.0,0.0,0.0,0.0,0.0,0.0,0.0
5802915,2026-08-30T13:00:00.000Z,2,Ligue 1,Paris FC,6379,Nice,9831,1796096,Hamza Koutoune,Nice,9831,False,0.0,8.0,0.0,0.0,0.0,0.0,0.0,0.0,0.0,1.0,1.0,0.0,0.0,0.0,0.0,0.0,0.0,5.0,0.0,0.0,0.0,0.0,0.0,0.0,0.0,0.0,0.0,0.0,0.0,0.0,2.0,0.0,0.0,0.0,1.0,0.0,2.0,0.0,0.0,0.0,0.0,0.0,0.0,0.0,0.0,0.0,0.0,0.0,0.0,0.0,0.0,1.0,0.0,0.0,0.0,1.0,0.0,0.0,0.0,0.0,0.0,0.0,0.0,0.0
5802915,2026-08-30T13:00:00.000Z,2,Ligue 1,Paris FC,6379,Nice,9831,2116938,Xavier Mandza,Nice,9831,False,7.4,90.0,0.0,0.0,0.09,0.09,0.04,0.13,3.0,89.0,95.0,1.0,1.0,1.0,1.0,2.0,8.0,114.0,0.0,6.0,1.0,0.0,0.09,3.0,0.0,3.0,2.0,14.0,1.0,4.0,6.0,1.0,1.0,0.0,0.0,5.0,2.0,0.0,0.0,0.0,0.0,3.0,5.0,0.0,0.0,0.0,0.0,0.0,0.0,0.0,1.0,1.0,2.0,1.0,1.0,1.0,0.0,0.0,0.0,0.0,0.0,0.0,0.0,0.0
5802915,2026-08-30T13:00:00.000Z,2,Ligue 1,Paris FC,6379,Nice,9831,2117308,Aboulaye Camara,Nice,9831,False,0.0,0.0,0.0,0.0,0.0,0.0,0.0,0.0,0.0,0.0,0.0,0.0,0.0,0.0,0.0,0.0,0.0,0.0,0.0,0.0,0.0,0.0,0.0,0.0,0.0,0.0,0.0,0.0,0.0,0.0,0.0,0.0,0.0,0.0,0.0,0.0,0.0,0.0,0.0,0.0,0.0,0.0,0.0,0.0,0.0,0.0,0.0,0.0,0.0,0.0,0.0,0.0,0.0,0.0,0.0,0.0,0.0,0.0,0.0,0.0,0.0,0.0,0.0,0.0
5802915,2026-08-30T13:00:00.000Z,2,Ligue 1,Paris FC,6379,Nice,9831,2140393,Djelan Morana,Nice,9831,False,0.0,8.0,0.0,0.0,0.0,0.0,0.0,0.0,0.0,3.0,3.0,0.0,0.0,0.0,0.0,0.0,0.0,3.0,0.0,0.0,0.0,0.0,0.0,0.0,0.0,0.0,0.0,0.0,0.0,0.0,0.0,0.0,0.0,0.0,0.0,0.0,0.0,0.0,0.0,0.0,0.0,0.0,0.0,0.0,0.0,0.0,0.0,0.0,0.0,0.0,0.0,0.0,0.0,0.0,0.0,0.0,0.0,0.0,0.0,0.0,0.0,0.0,0.0,0.0
5802916,2026-08-30T15:15:00.000Z,2,Ligue 1,Rennes,9851,Le Mans,8682,242156,Djibril Sidibé,Le Mans,8682,False,0.0,1.0,0.0,0.0,0.0,0.0,0.0,0.0,0.0,0.0,0.0,0.0,0.0,0.0,0.0,0.0,0.0,0.0,0.0,0.0,0.0,0.0,0.0,0.0,0.0,0.0,0.0,0.0,0.0,0.0,1.0,0.0,0.0,0.0,1.0,0.0,1.0,0.0,0.0,0.0,0.0,0.0,0.0,0.0,0.0,0.0,0.0,0.0,0.0,0.0,0.0,0.0,0.0,0.0,0.0,0.0,0.0,0.0,0.0,0.0,0.0,0.0,0.0,0.0
5802916,2026-08-30T15:15:00.000Z,2,Ligue 1,Rennes,9851,Le Mans,8682,317062,Adrien Thomasson,Rennes,9851,False,8.15,90.0,0.0,1.0,0.2,0.0,0.2,0.4,1.0,49.0,57.0,4.0,0.0,0.0,0.0,0.0,1.0,73.0,4.0,6.0,2.0,0.0,0.2,1.0,0.0,0.0,0.0,7.0,2.0,4.0,9.0,5.0,7.0,3.0,1.0,9.0,7.0,0.0,0.0,0.0,0.0,4.0,4.0,0.0,0.0,0.0,0.0,0.0,0.0,0.0,2.0,5.0,0.0,1.0,0.0,0.0,4.0,1.0,0.0,0.0,0.0,0.0,0.0,0.0
5802916,2026-08-30T15:15:00.000Z,2,Ligue 1,Rennes,9851,Le Mans,8682,402419,Przemyslaw Frankowski,Rennes,9851,False,6.96,90.0,0.0,0.0,0.07,0.0,0.33,0.4,2.0,62.0,74.0,3.0,0.0,0.0,0.0,0.0,1.0,97.0,4.0,8.0,1.0,0.0,0.07,0.0,0.0,0.0,1.0,7.0,2.0,1.0,5.0,0.0,1.0,1.0,3.0,1.0,5.0,0.0,0.0,0.0,0.0,2.0,6.0,0.0,0.0,0.0,0.0,0.0,0.0,2.0,1.0,4.0,0.0,2.0,0.0,0.0,0.0,0.0,0.0,0.0,0.0,1.0,0.0,0.0
5802916,2026-08-30T15:15:00.000Z,2,Ligue 1,Rennes,9851,Le Mans,8682,562719,Valentin Rongier,Rennes,9851,False,7.97,74.0,1.0,0.0,0.03,0.35,0.02,0.05,1.0,37.0,42.0,1.0,1.0,0.0,1.0,1.0,5.0,54.0,1.0,2.0,1.0,0.0,0.03,1.0,0.0,3.0,1.0,3.0,0.0,1.0,4.0,2.0,3.0,0.0,2.0,3.0,4.0,0.0,0.0,0.0,0.0,2.0,2.0,0.0,0.0,0.0,0.0,0.0,0.0,0.0,0.0,1.0,1.0,0.0,0.0,0.0,0.0,0.0,0.0,0.0,0.0,0.0,0.0,0.0
5802916,2026-08-30T15:15:00.000Z,2,Ligue 1,Rennes,9851,Le Mans,8682,625422,Nicolas Lemaître,Rennes,9851,True,7.42,90.0,0.0,0.0,0.0,0.0,0.0,0.0,0.0,11.0,16.0,0.0,0.0,0.0,0.0,0.0,2.0,27.0,0.0,1.0,0.0,0.0,0.0,0.0,0.0,2.0,0.0,9.0,0.0,0.0,0.0,0.0,0.0,0.0,0.0,0.0,0.0,3.0,2.0,2.45,0.45,2.0,7.0,1.0,2.0,2.0,0.0,5.0,1.0,0.0,0.0,0.0,0.0,0.0,0.0,0.0,0.0,0.0,0.0,0.0,0.0,0.0,0.0,0.0
5802916,2026-08-30T15:15:00.000Z,2,Ligue 1,Rennes,9851,Le Mans,8682,693171,Ludovic Blas,Rennes,9851,False,7.44,16.0,0.0,0.0,0.58,0.0,0.11,0.69,2.0,12.0,12.0,2.0,0.0,2.0,0.0,2.0,1.0,19.0,2.0,1.0,0.0,0.0,0.58,1.0,0.0,0.0,0.0,2.0,0.0,2.0,2.0,0.0,0.0,1.0,0.0,2.0,0.0,0.0,0.0,0.0,0.0,1.0,1.0,0.0,0.0,0.0,0.0,0.0,0.0,1.0,1.0,1.0,0.0,0.0,0.0,0.0,0.0,2.0,0.0,0.0,0.0,0.0,0.0,2.0
5802916,2026-08-30T15:15:00.000Z,2,Ligue 1,Rennes,9851,Le Mans,8682,717270,Antoine Rabillard,Le Mans,8682,False,6.53,22.0,0.0,0.0,0.0,0.0,0.41,0.41,0.0,2.0,2.0,1.0,0.0,0.0,0.0,0.0,4.0,12.0,1.0,0.0,0.0,1.0,0.0,1.0,0.0,3.0,0.0,0.0,0.0,3.0,4.0,0.0,1.0,1.0,0.0,3.0,2.0,0.0,0.0,0.0,0.0,0.0,0.0,0.0,0.0,0.0,0.0,0.0,0.0,0.0,0.0,0.0,2.0,0.0,1.0,2.0,0.0,0.0,0.0,0.0,0.0,0.0,0.0,0.0
5802916,2026-08-30T15:15:00.000Z,2,Ligue 1,Rennes,9851,Le Mans,8682,722531,Nicolas Kocik,Le Mans,8682,True,6.94,81.0,0.0,0.0,0.0,0.0,0.0,0.0,0.0,13.0,31.0,0.0,0.0,0.0,0.0,0.0,0.0,40.0,0.0,6.0,0.0,0.0,0.0,0.0,0.0,0.0,0.0,9.0,0.0,0.0,0.0,0.0,0.0,0.0,0.0,0.0,0.0,5.0,2.0,2.61,0.61,5.0,22.0,3.0,2.0,0.0,0.0,3.0,1.0,0.0,0.0,0.0,0.0,0.0,0.0,0.0,0.0,0.0,0.0,0.0,0.0,0.0,0.0,0.0
5802916,2026-08-30T15:15:00.000Z,2,Ligue 1,Rennes,9851,Le Mans,8682,725256,Dame Gueye,Le Mans,8682,False,6.32,68.0,0.0,0.0,0.85,0.0,0.02,0.87,2.0,8.0,11.0,0.0,0.0,2.0,0.0,2.0,4.0,22.0,2.0,3.0,0.0,1.0,0.85,1.0,0.0,2.0,1.0,1.0,0.0,1.0,2.0,4.0,13.0,0.0,1.0,5.0,10.0,0.0,0.0,0.0,0.0,1.0,1.0,0.0,0.0,0.0,0.0,0.0,0.0,0.0,1.0,1.0,2.0,0.0,0.0,0.0,0.0,1.0,0.0,0.0,0.0,0.0,0.0,0.0
5802916,2026-08-30T15:15:00.000Z,2,Ligue 1,Rennes,9851,Le Mans,8682,765466,Sebastian Szymanski,Rennes,9851,False,6.59,60.0,0.0,0.0,0.03,0.0,0.15,0.18,1.0,15.0,19.0,2.0,0.0,1.0,0.0,1.0,1.0,30.0,0.0,2.0,1.0,0.0,0.03,0.0,0.0,0.0,1.0,0.0,2.0,0.0,3.0,0.0,1.0,0.0,0.0,0.0,4.0,0.0,0.0,0.0,0.0,0.0,1.0,0.0,0.0,0.0,0.0,0.0,0.0,0.0,2.0,6.0,0.0,0.0,0.0,0.0,4.0,0.0,0.0,0.0,0.0,0.0,0.0,0.0
5802916,2026-08-30T15:15:00.000Z,2,Ligue 1,Rennes,9851,Le Mans,8682,770321,Mahdi Camara,Rennes,9851,False,6.99,30.0,0.0,0.0,0.0,0.0,0.02,0.02,0.0,18.0,18.0,0.0,0.0,0.0,0.0,0.0,1.0,25.0,3.0,2.0,0.0,0.0,0.0,0.0,0.0,0.0,1.0,2.0,0.0,3.0,3.0,0.0,0.0,1.0,0.0,3.0,0.0,0.0,0.0,0.0,0.0,0.0,0.0,0.0,0.0,0.0,0.0,0.0,0.0,0.0,0.0,0.0,0.0,0.0,2.0,2.0,0.0,0.0,0.0,0.0,0.0,0.0,0.0,0.0
5802916,2026-08-30T15:15:00.000Z,2,Ligue 1,Rennes,9851,Le Mans,8682,770340,Arnaud Nordin,Rennes,9851,False,6.23,30.0,0.0,0.0,0.66,0.49,0.0,0.66,2.0,8.0,9.0,0.0,1.0,0.0,1.0,1.0,0.0,15.0,1.0,0.0,0.0,0.0,0.66,0.0,0.0,0.0,0.0,0.0,0.0,0.0,0.0,0.0,0.0,0.0,0.0,0.0,0.0,0.0,0.0,0.0,0.0,0.0,0.0,0.0,0.0,0.0,0.0,0.0,0.0,0.0,0.0,2.0,0.0,1.0,0.0,0.0,0.0,2.0,0.0,0.0,0.0,0.0,0.0,0.0
5802916,2026-08-30T15:15:00.000Z,2,Ligue 1,Rennes,9851,Le Mans,8682,807955,Louis Mafouta,Le Mans,8682,False,8.6,90.0,2.0,0.0,2.03,2.03,0.36,2.3899999999999997,5.0,10.0,14.0,1.0,3.0,0.0,3.0,3.0,0.0,24.0,7.0,0.0,0.0,0.0,1.24,0.0,0.0,0.0,0.0,0.0,0.0,1.0,1.0,1.0,5.0,1.0,0.0,2.0,4.0,0.0,0.0,0.0,0.0,2.0,2.0,0.0,0.0,0.0,0.0,0.0,0.0,1.0,0.0,0.0,0.0,2.0,0.0,0.0,0.0,1.0,0.0,0.0,0.0,0.0,0.0,0.0
5802916,2026-08-30T15:15:00.000Z,2,Ligue 1,Rennes,9851,Le Mans,8682,813055,Mousa Tamari,Rennes,9851,False,7.1,74.0,0.0,0.0,0.24,0.63,0.02,0.26,3.0,12.0,19.0,1.0,2.0,1.0,2.0,3.0,1.0,32.0,7.0,1.0,0.0,1.0,0.24,1.0,0.0,0.0,0.0,3.0,0.0,2.0,4.0,0.0,1.0,1.0,1.0,2.0,3.0,0.0,0.0,0.0,0.0,0.0,0.0,0.0,0.0,0.0,0.0,0.0,0.0,0.0,0.0,0.0,0.0,0.0,0.0,1.0,0.0,1.0,0.0,0.0,0.0,0.0,0.0,0.0
5802916,2026-08-30T15:15:00.000Z,2,Ligue 1,Rennes,9851,Le Mans,8682,874319,Lucas Buadés,Le Mans,8682,False,6.72,90.0,0.0,0.0,0.0,0.0,0.08,0.08,0.0,13.0,22.0,1.0,0.0,0.0,0.0,0.0,1.0,45.0,2.0,4.0,0.0,0.0,0.0,0.0,0.0,1.0,0.0,2.0,0.0,3.0,4.0,3.0,5.0,3.0,1.0,6.0,3.0,0.0,0.0,0.0,0.0,0.0,1.0,0.0,0.0,0.0,0.0,0.0,0.0,1.0,0.0,4.0,1.0,0.0,2.0,2.0,0.0,0.0,0.0,0.0,0.0,0.0,0.0,0.0
5802916,2026-08-30T15:15:00.000Z,2,Ligue 1,Rennes,9851,Le Mans,8682,924446,Bryan Reynolds,Rennes,9851,False,0.0,0.0,0.0,0.0,0.0,0.0,0.0,0.0,0.0,0.0,0.0,0.0,0.0,0.0,0.0,0.0,0.0,0.0,0.0,0.0,0.0,0.0,0.0,0.0,0.0,0.0,0.0,0.0,0.0,0.0,0.0,0.0,0.0,0.0,0.0,0.0,0.0,0.0,0.0,0.0,0.0,0.0,0.0,0.0,0.0,0.0,0.0,0.0,0.0,0.0,0.0,0.0,0.0,0.0,0.0,0.0,0.0,0.0,0.0,0.0,0.0,0.0,0.0,0.0
5802916,2026-08-30T15:15:00.000Z,2,Ligue 1,Rennes,9851,Le Mans,8682,961770,Billal Brahimi,Le Mans,8682,False,0.0,0.0,0.0,0.0,0.0,0.0,0.0,0.0,0.0,0.0,0.0,0.0,0.0,0.0,0.0,0.0,0.0,0.0,0.0,0.0,0.0,0.0,0.0,0.0,0.0,0.0,0.0,0.0,0.0,0.0,0.0,0.0,0.0,0.0,0.0,0.0,0.0,0.0,0.0,0.0,0.0,0.0,0.0,0.0,0.0,0.0,0.0,0.0,0.0,0.0,0.0,0.0,0.0,0.0,0.0,0.0,0.0,0.0,0.0,0.0,0.0,0.0,0.0,0.0
5802916,2026-08-30T15:15:00.000Z,2,Ligue 1,Rennes,9851,Le Mans,8682,1039807,Alexandre Lauray,Le Mans,8682,False,7.3,90.0,0.0,0.0,0.1,0.38,0.14,0.24000000000000002,2.0,25.0,35.0,2.0,1.0,1.0,1.0,2.0,10.0,59.0,1.0,7.0,0.0,0.0,0.1,2.0,1.0,6.0,1.0,2.0,1.0,5.0,8.0,2.0,2.0,1.0,3.0,7.0,3.0,0.0,0.0,0.0,0.0,2.0,7.0,0.0,0.0,0.0,0.0,0.0,0.0,0.0,3.0,6.0,1.0,0.0,2.0,2.0,5.0,0.0,0.0,0.0,0.0,0.0,0.0,0.0
5802916,2026-08-30T15:15:00.000Z,2,Ligue 1,Rennes,9851,Le Mans,8682,1079554,Anthony Rouault,Rennes,9851,False,0.0,0.0,0.0,0.0,0.0,0.0,0.0,0.0,0.0,0.0,0.0,0.0,0.0,0.0,0.0,0.0,0.0,0.0,0.0,0.0,0.0,0.0,0.0,0.0,0.0,0.0,0.0,0.0,0.0,0.0,0.0,0.0,0.0,0.0,0.0,0.0,0.0,0.0,0.0,0.0,0.0,0.0,0.0,0.0,0.0,0.0,0.0,0.0,0.0,0.0,0.0,0.0,0.0,0.0,0.0,0.0,0.0,0.0,0.0,0.0,0.0,0.0,0.0,0.0
5802916,2026-08-30T15:15:00.000Z,2,Ligue 1,Rennes,9851,Le Mans,8682,1103837,Issa Soumaré,Rennes,9851,False,7.66,60.0,0.0,1.0,0.15,0.0,0.03,0.18,2.0,15.0,17.0,1.0,0.0,1.0,0.0,1.0,2.0,24.0,2.0,2.0,0.0,0.0,0.15,0.0,0.0,2.0,0.0,0.0,0.0,2.0,4.0,2.0,3.0,1.0,2.0,4.0,3.0,0.0,0.0,0.0,0.0,1.0,1.0,0.0,0.0,0.0,0.0,0.0,0.0,0.0,0.0,0.0,1.0,1.0,1.0,1.0,0.0,0.0,0.0,0.0,0.0,0.0,0.0,0.0
5802916,2026-08-30T15:15:00.000Z,2,Ligue 1,Rennes,9851,Le Mans,8682,1114371,Ewan Hatfout,Le Mans,8682,True,0.0,9.0,0.0,0.0,0.0,0.0,0.0,0.0,0.0,3.0,9.0,0.0,0.0,0.0,0.0,0.0,0.0,10.0,0.0,2.0,0.0,0.0,0.0,0.0,0.0,0.0,0.0,5.0,0.0,1.0,1.0,0.0,0.0,1.0,0.0,1.0,0.0,0.0,1.0,0.76,-0.24,2.0,8.0,0.0,0.0,1.0,0.0,0.0,0.0,0.0,0.0,0.0,0.0,0.0,0.0,0.0,0.0,0.0,0.0,0.0,0.0,0.0,0.0,0.0
5802916,2026-08-30T15:15:00.000Z,2,Ligue 1,Rennes,9851,Le Mans,8682,1186444,Charlie Cresswell,Rennes,9851,False,7.27,90.0,0.0,0.0,0.09,0.0,0.02,0.11,2.0,66.0,78.0,0.0,0.0,1.0,0.0,1.0,5.0,89.0,2.0,6.0,0.0,0.0,0.09,1.0,0.0,2.0,2.0,3.0,1.0,1.0,3.0,8.0,13.0,0.0,1.0,9.0,7.0,0.0,0.0,0.0,0.0,1.0,2.0,0.0,0.0,0.0,0.0,0.0,0.0,0.0,0.0,1.0,2.0,1.0,0.0,0.0,0.0,0.0,0.0,0.0,0.0,0.0,0.0,0.0
5802916,2026-08-30T15:15:00.000Z,2,Ligue 1,Rennes,9851,Le Mans,8682,1202891,Raúl Torrente,Le Mans,8682,False,0.0,0.0,0.0,0.0,0.0,0.0,0.0,0.0,0.0,0.0,0.0,0.0,0.0,0.0,0.0,0.0,0.0,0.0,0.0,0.0,0.0,0.0,0.0,0.0,0.0,0.0,0.0,0.0,0.0,0.0,0.0,0.0,0.0,0.0,0.0,0.0,0.0,0.0,0.0,0.0,0.0,0.0,0.0,0.0,0.0,0.0,0.0,0.0,0.0,0.0,0.0,0.0,0.0,0.0,0.0,0.0,0.0,0.0,0.0,0.0,0.0,0.0,0.0,0.0
5802916,2026-08-30T15:15:00.000Z,2,Ligue 1,Rennes,9851,Le Mans,8682,1233931,Quentin Merlin,Rennes,9851,False,6.73,78.0,0.0,0.0,0.0,0.0,0.15,0.15,0.0,35.0,41.0,0.0,0.0,0.0,0.0,0.0,4.0,59.0,1.0,6.0,0.0,0.0,0.0,0.0,0.0,4.0,0.0,3.0,1.0,1.0,3.0,1.0,2.0,1.0,2.0,2.0,3.0,0.0,0.0,0.0,0.0,4.0,8.0,0.0,0.0,0.0,0.0,0.0,0.0,0.0,0.0,3.0,1.0,0.0,0.0,0.0,0.0,0.0,0.0,0.0,0.0,0.0,0.0,0.0
5802916,2026-08-30T15:15:00.000Z,2,Ligue 1,Rennes,9851,Le Mans,8682,1244864,Jean Vercruysse,Le Mans,8682,False,6.7,30.0,0.0,0.0,0.0,0.0,0.05,0.05,0.0,6.0,11.0,1.0,0.0,0.0,0.0,0.0,4.0,18.0,0.0,4.0,0.0,0.0,0.0,2.0,0.0,1.0,1.0,3.0,1.0,4.0,7.0,1.0,3.0,2.0,2.0,5.0,5.0,0.0,0.0,0.0,0.0,0.0,0.0,0.0,0.0,0.0,0.0,0.0,0.0,0.0,0.0,0.0,1.0,0.0,0.0,0.0,0.0,0.0,0.0,0.0,0.0,0.0,0.0,0.0
5802916,2026-08-30T15:15:00.000Z,2,Ligue 1,Rennes,9851,Le Mans,8682,1280225,Estéban Lepaul,Rennes,9851,False,9.0,90.0,2.0,0.0,1.08,1.9,0.05,1.1300000000000001,6.0,11.0,14.0,2.0,4.0,2.0,4.0,6.0,0.0,28.0,7.0,3.0,2.0,1.0,0.29,0.0,0.0,0.0,0.0,0.0,1.0,3.0,7.0,0.0,1.0,2.0,1.0,3.0,5.0,0.0,0.0,0.0,0.0,0.0,1.0,0.0,0.0,0.0,0.0,0.0,0.0,1.0,0.0,0.0,0.0,0.0,1.0,1.0,0.0,0.0,0.0,0.0,0.0,0.0,0.0,0.0
5802916,2026-08-30T15:15:00.000Z,2,Ligue 1,Rennes,9851,Le Mans,8682,1311670,Harold Voyer,Le Mans,8682,False,6.89,90.0,0.0,0.0,0.0,0.0,0.04,0.04,0.0,31.0,48.0,0.0,0.0,0.0,0.0,0.0,12.0,74.0,1.0,17.0,0.0,0.0,0.0,2.0,1.0,7.0,2.0,7.0,0.0,3.0,5.0,1.0,2.0,0.0,1.0,4.0,3.0,0.0,0.0,0.0,0.0,5.0,13.0,0.0,0.0,0.0,0.0,0.0,0.0,0.0,1.0,1.0,3.0,0.0,1.0,2.0,0.0,0.0,0.0,0.0,0.0,0.0,0.0,0.0
5802916,2026-08-30T15:15:00.000Z,2,Ligue 1,Rennes,9851,Le Mans,8682,1317318,Lucas Calodat,Le Mans,8682,False,7.56,68.0,0.0,1.0,0.02,0.04,0.61,0.63,1.0,13.0,18.0,1.0,1.0,0.0,1.0,1.0,4.0,34.0,1.0,1.0,0.0,0.0,0.02,1.0,0.0,2.0,1.0,4.0,0.0,3.0,4.0,0.0,0.0,1.0,1.0,3.0,1.0,0.0,0.0,0.0,0.0,1.0,2.0,0.0,0.0,0.0,0.0,0.0,0.0,1.0,1.0,2.0,1.0,0.0,1.0,1.0,1.0,0.0,0.0,0.0,0.0,0.0,0.0,0.0
5802916,2026-08-30T15:15:00.000Z,2,Ligue 1,Rennes,9851,Le Mans,8682,1359270,Milan Robin,Le Mans,8682,False,0.0,9.0,0.0,0.0,0.0,0.0,0.01,0.01,0.0,3.0,5.0,0.0,0.0,0.0,0.0,0.0,0.0,5.0,0.0,0.0,0.0,0.0,0.0,0.0,0.0,0.0,0.0,1.0,0.0,0.0,0.0,1.0,3.0,0.0,0.0,1.0,2.0,0.0,0.0,0.0,0.0,0.0,0.0,0.0,0.0,0.0,0.0,0.0,0.0,0.0,0.0,0.0,0.0,0.0,0.0,0.0,0.0,0.0,0.0,0.0,0.0,0.0,0.0,0.0
5802916,2026-08-30T15:15:00.000Z,2,Ligue 1,Rennes,9851,Le Mans,8682,1388072,Daouda Traoré,Le Mans,8682,False,0.0,0.0,0.0,0.0,0.0,0.0,0.0,0.0,0.0,0.0,0.0,0.0,0.0,0.0,0.0,0.0,0.0,0.0,0.0,0.0,0.0,0.0,0.0,0.0,0.0,0.0,0.0,0.0,0.0,0.0,0.0,0.0,0.0,0.0,0.0,0.0,0.0,0.0,0.0,0.0,0.0,0.0,0.0,0.0,0.0,0.0,0.0,0.0,0.0,0.0,0.0,0.0,0.0,0.0,0.0,0.0,0.0,0.0,0.0,0.0,0.0,0.0,0.0,0.0
5802916,2026-08-30T15:15:00.000Z,2,Ligue 1,Rennes,9851,Le Mans,8682,1391052,Eliezer Mayenda,Rennes,9851,False,6.3,16.0,0.0,0.0,0.0,0.0,0.05,0.05,0.0,8.0,10.0,1.0,0.0,0.0,0.0,0.0,0.0,16.0,2.0,0.0,1.0,0.0,0.0,0.0,0.0,0.0,0.0,0.0,0.0,2.0,3.0,0.0,1.0,1.0,1.0,2.0,2.0,0.0,0.0,0.0,0.0,0.0,1.0,0.0,0.0,0.0,0.0,0.0,0.0,0.0,0.0,1.0,0.0,0.0,1.0,1.0,0.0,0.0,0.0,0.0,0.0,0.0,0.0,0.0
5802916,2026-08-30T15:15:00.000Z,2,Ligue 1,Rennes,9851,Le Mans,8682,1420942,Théo Eyoum,Le Mans,8682,False,5.8,90.0,0.0,0.0,0.0,0.0,0.0,0.0,0.0,23.0,25.0,0.0,0.0,0.0,0.0,0.0,7.0,32.0,0.0,1.0,0.0,0.0,0.0,0.0,2.0,4.0,1.0,2.0,0.0,0.0,1.0,0.0,1.0,0.0,1.0,0.0,2.0,0.0,0.0,0.0,0.0,0.0,2.0,0.0,0.0,0.0,0.0,0.0,0.0,0.0,0.0,0.0,2.0,0.0,0.0,0.0,0.0,0.0,0.0,0.0,0.0,0.0,0.0,0.0
5802916,2026-08-30T15:15:00.000Z,2,Ligue 1,Rennes,9851,Le Mans,8682,1523312,Lucas Bretelle,Le Mans,8682,False,6.24,60.0,0.0,0.0,0.0,0.0,0.01,0.01,0.0,10.0,12.0,1.0,0.0,0.0,0.0,0.0,3.0,16.0,0.0,3.0,0.0,0.0,0.0,0.0,1.0,0.0,2.0,2.0,1.0,0.0,1.0,0.0,2.0,0.0,0.0,0.0,3.0,0.0,0.0,0.0,0.0,0.0,1.0,0.0,0.0,0.0,0.0,0.0,0.0,0.0,0.0,0.0,0.0,0.0,0.0,0.0,0.0,0.0,0.0,0.0,0.0,0.0,0.0,0.0
5802916,2026-08-30T15:15:00.000Z,2,Ligue 1,Rennes,9851,Le Mans,8682,1553514,Mahamadou Nagida,Rennes,9851,False,6.35,12.0,0.0,0.0,0.0,0.0,0.01,0.01,0.0,8.0,11.0,0.0,0.0,0.0,0.0,0.0,0.0,16.0,0.0,1.0,0.0,0.0,0.0,0.0,0.0,0.0,0.0,2.0,0.0,1.0,1.0,0.0,0.0,1.0,0.0,1.0,0.0,0.0,0.0,0.0,0.0,0.0,2.0,0.0,0.0,0.0,0.0,0.0,0.0,0.0,0.0,1.0,0.0,0.0,0.0,0.0,0.0,0.0,0.0,0.0,0.0,0.0,0.0,0.0
5802916,2026-08-30T15:15:00.000Z,2,Ligue 1,Rennes,9851,Le Mans,8682,1581722,Abdelhamid Aït Boudlal,Rennes,9851,False,7.48,90.0,0.0,0.0,0.0,0.0,0.01,0.01,0.0,57.0,64.0,0.0,0.0,0.0,0.0,0.0,12.0,79.0,0.0,5.0,1.0,0.0,0.0,0.0,3.0,4.0,5.0,4.0,0.0,0.0,2.0,6.0,6.0,0.0,1.0,6.0,2.0,0.0,0.0,0.0,0.0,3.0,3.0,0.0,0.0,0.0,0.0,0.0,0.0,0.0,0.0,0.0,1.0,0.0,0.0,0.0,0.0,0.0,0.0,0.0,0.0,0.0,0.0,0.0
5802916,2026-08-30T15:15:00.000Z,2,Ligue 1,Rennes,9851,Le Mans,8682,1668295,Noa Boissé,Le Mans,8682,False,5.88,90.0,0.0,0.0,0.0,0.0,0.0,0.0,0.0,18.0,22.0,0.0,0.0,0.0,0.0,0.0,8.0,33.0,0.0,2.0,0.0,1.0,0.0,1.0,0.0,5.0,2.0,2.0,1.0,1.0,3.0,1.0,1.0,0.0,2.0,2.0,2.0,0.0,0.0,0.0,0.0,2.0,5.0,0.0,0.0,0.0,0.0,0.0,0.0,0.0,0.0,0.0,3.0,0.0,0.0,0.0,0.0,0.0,0.0,0.0,0.0,1.0,0.0,0.0
5802916,2026-08-30T15:15:00.000Z,2,Ligue 1,Rennes,9851,Le Mans,8682,1707955,Henrick Do Marcolino,Rennes,9851,False,0.0,0.0,0.0,0.0,0.0,0.0,0.0,0.0,0.0,0.0,0.0,0.0,0.0,0.0,0.0,0.0,0.0,0.0,0.0,0.0,0.0,0.0,0.0,0.0,0.0,0.0,0.0,0.0,0.0,0.0,0.0,0.0,0.0,0.0,0.0,0.0,0.0,0.0,0.0,0.0,0.0,0.0,0.0,0.0,0.0,0.0,0.0,0.0,0.0,0.0,0.0,0.0,0.0,0.0,0.0,0.0,0.0,0.0,0.0,0.0,0.0,0.0,0.0,0.0
5802916,2026-08-30T15:15:00.000Z,2,Ligue 1,Rennes,9851,Le Mans,8682,1791882,William Harhouz,Le Mans,8682,False,0.0,0.0,0.0,0.0,0.0,0.0,0.0,0.0,0.0,0.0,0.0,0.0,0.0,0.0,0.0,0.0,0.0,0.0,0.0,0.0,0.0,0.0,0.0,0.0,0.0,0.0,0.0,0.0,0.0,0.0,0.0,0.0,0.0,0.0,0.0,0.0,0.0,0.0,0.0,0.0,0.0,0.0,0.0,0.0,0.0,0.0,0.0,0.0,0.0,0.0,0.0,0.0,0.0,0.0,0.0,0.0,0.0,0.0,0.0,0.0,0.0,0.0,0.0,0.0
5802916,2026-08-30T15:15:00.000Z,2,Ligue 1,Rennes,9851,Le Mans,8682,1841191,Kilian Belazzoug,Rennes,9851,True,0.0,0.0,0.0,0.0,0.0,0.0,0.0,0.0,0.0,0.0,0.0,0.0,0.0,0.0,0.0,0.0,0.0,0.0,0.0,0.0,0.0,0.0,0.0,0.0,0.0,0.0,0.0,0.0,0.0,0.0,0.0,0.0,0.0,0.0,0.0,0.0,0.0,0.0,0.0,0.0,0.0,0.0,0.0,0.0,0.0,0.0,0.0,0.0,0.0,0.0,0.0,0.0,0.0,0.0,0.0,0.0,0.0,0.0,0.0,0.0,0.0,0.0,0.0,0.0
5802916,2026-08-30T15:15:00.000Z,2,Ligue 1,Rennes,9851,Le Mans,8682,1900516,Adil Bourabaa,Le Mans,8682,False,6.74,81.0,0.0,0.0,0.05,0.0,0.01,0.060000000000000005,2.0,17.0,17.0,1.0,0.0,1.0,0.0,1.0,5.0,38.0,1.0,1.0,2.0,0.0,0.05,0.0,0.0,2.0,3.0,3.0,1.0,5.0,11.0,1.0,1.0,3.0,2.0,6.0,6.0,0.0,0.0,0.0,0.0,1.0,1.0,0.0,0.0,0.0,0.0,0.0,0.0,0.0,0.0,0.0,0.0,1.0,2.0,3.0,0.0,0.0,0.0,0.0,0.0,0.0,0.0,0.0
5802917,2026-08-29T15:15:00.000Z,2,Ligue 1,Strasbourg,9848,Lens,8588,186811,Mathieu Gorgelin,Lens,8588,True,0.0,0.0,0.0,0.0,0.0,0.0,0.0,0.0,0.0,0.0,0.0,0.0,0.0,0.0,0.0,0.0,0.0,0.0,0.0,0.0,0.0,0.0,0.0,0.0,0.0,0.0,0.0,0.0,0.0,0.0,0.0,0.0,0.0,0.0,0.0,0.0,0.0,0.0,0.0,0.0,0.0,0.0,0.0,0.0,0.0,0.0,0.0,0.0,0.0,0.0,0.0,0.0,0.0,0.0,0.0,0.0,0.0,0.0,0.0,0.0,0.0,0.0,0.0,0.0
5802917,2026-08-29T15:15:00.000Z,2,Ligue 1,Strasbourg,9848,Lens,8588,254308,Florian Thauvin,Lens,8588,False,8.14,90.0,1.0,0.0,0.79,0.85,0.47,1.26,1.0,32.0,40.0,5.0,1.0,0.0,1.0,1.0,1.0,65.0,8.0,10.0,1.0,0.0,0.0,1.0,0.0,0.0,0.0,2.0,0.0,4.0,9.0,0.0,0.0,1.0,0.0,4.0,5.0,0.0,0.0,0.0,0.0,3.0,6.0,0.0,0.0,0.0,0.0,0.0,0.0,1.0,4.0,7.0,0.0,0.0,2.0,6.0,5.0,0.0,0.0,0.0,0.0,0.0,0.0,0.0
5802917,2026-08-29T15:15:00.000Z,2,Ligue 1,Strasbourg,9848,Lens,8588,264190,Thorgan Hazard,Lens,8588,False,6.01,17.0,0.0,0.0,0.0,0.0,0.02,0.02,0.0,6.0,7.0,0.0,0.0,0.0,0.0,0.0,0.0,7.0,1.0,0.0,0.0,0.0,0.0,0.0,0.0,0.0,0.0,1.0,0.0,0.0,0.0,0.0,1.0,0.0,0.0,0.0,1.0,0.0,0.0,0.0,0.0,1.0,1.0,0.0,0.0,0.0,0.0,0.0,0.0,0.0,0.0,0.0,0.0,0.0,0.0,0.0,0.0,0.0,0.0,0.0,0.0,0.0,0.0,0.0
5802917,2026-08-29T15:15:00.000Z,2,Ligue 1,Strasbourg,9848,Lens,8588,561046,Ruben Aguilar,Lens,8588,False,6.26,28.0,0.0,0.0,0.0,0.0,0.18,0.18,0.0,24.0,25.0,1.0,0.0,0.0,0.0,0.0,1.0,32.0,0.0,1.0,0.0,0.0,0.0,0.0,0.0,0.0,1.0,2.0,1.0,0.0,4.0,0.0,0.0,0.0,2.0,0.0,4.0,0.0,0.0,0.0,0.0,0.0,0.0,0.0,0.0,0.0,0.0,0.0,0.0,1.0,3.0,4.0,0.0,0.0,0.0,1.0,0.0,0.0,0.0,0.0,0.0,0.0,0.0,0.0
5802917,2026-08-29T15:15:00.000Z,2,Ligue 1,Strasbourg,9848,Lens,8588,612699,Florian Sotoca,Lens,8588,False,0.0,1.0,0.0,0.0,0.33,0.42,0.0,0.33,2.0,0.0,0.0,0.0,1.0,0.0,1.0,1.0,0.0,3.0,2.0,0.0,0.0,1.0,0.33,0.0,0.0,0.0,0.0,0.0,0.0,0.0,0.0,0.0,0.0,0.0,0.0,0.0,0.0,0.0,0.0,0.0,0.0,0.0,0.0,0.0,0.0,0.0,0.0,0.0,0.0,0.0,0.0,0.0,0.0,1.0,0.0,0.0,0.0,1.0,0.0,0.0,0.0,0.0,0.0,0.0
5802917,2026-08-29T15:15:00.000Z,2,Ligue 1,Strasbourg,9848,Lens,8588,660326,Matthieu Udol,Lens,8588,False,7.17,90.0,0.0,0.0,1.07,0.0,0.11,1.1800000000000002,4.0,17.0,24.0,2.0,0.0,3.0,0.0,3.0,4.0,54.0,9.0,3.0,0.0,0.0,1.07,1.0,0.0,3.0,0.0,4.0,2.0,3.0,5.0,5.0,7.0,1.0,1.0,8.0,4.0,0.0,0.0,0.0,0.0,0.0,2.0,0.0,0.0,0.0,0.0,0.0,0.0,1.0,1.0,4.0,2.0,1.0,1.0,1.0,0.0,1.0,0.0,0.0,0.0,0.0,0.0,1.0
5802917,2026-08-29T15:15:00.000Z,2,Ligue 1,Strasbourg,9848,Lens,8588,688830,Amadou Haidara,Lens,8588,False,0.0,0.0,0.0,0.0,0.0,0.0,0.0,0.0,0.0,0.0,0.0,0.0,0.0,0.0,0.0,0.0,0.0,0.0,0.0,0.0,0.0,0.0,0.0,0.0,0.0,0.0,0.0,0.0,0.0,0.0,0.0,0.0,0.0,0.0,0.0,0.0,0.0,0.0,0.0,0.0,0.0,0.0,0.0,0.0,0.0,0.0,0.0,0.0,0.0,0.0,0.0,0.0,0.0,0.0,0.0,0.0,0.0,0.0,0.0,0.0,0.0,0.0,0.0,0.0
5802917,2026-08-29T15:15:00.000Z,2,Ligue 1,Strasbourg,9848,Lens,8588,861445,Michaël Cuisance,Lens,8588,False,6.26,72.0,0.0,0.0,0.21,0.1,0.01,0.22,1.0,17.0,19.0,0.0,1.0,0.0,1.0,1.0,3.0,25.0,1.0,4.0,0.0,0.0,0.21,2.0,0.0,1.0,0.0,5.0,3.0,2.0,7.0,0.0,0.0,0.0,2.0,2.0,5.0,0.0,0.0,0.0,0.0,0.0,1.0,0.0,0.0,0.0,0.0,0.0,0.0,0.0,0.0,0.0,1.0,0.0,0.0,0.0,0.0,1.0,0.0,0.0,0.0,0.0,0.0,0.0
5802917,2026-08-29T15:15:00.000Z,2,Ligue 1,Strasbourg,9848,Lens,8588,954190,Michal Skóras,Lens,8588,False,7.0,89.0,0.0,0.0,0.02,0.0,0.23,0.25,1.0,34.0,40.0,1.0,0.0,1.0,0.0,1.0,9.0,66.0,1.0,4.0,1.0,0.0,0.02,1.0,0.0,4.0,4.0,3.0,0.0,3.0,5.0,1.0,1.0,2.0,1.0,4.0,2.0,0.0,0.0,0.0,0.0,0.0,2.0,0.0,0.0,0.0,0.0,0.0,0.0,0.0,1.0,3.0,1.0,0.0,0.0,0.0,0.0,0.0,0.0,0.0,0.0,0.0,0.0,0.0
5802917,2026-08-29T15:15:00.000Z,2,Ligue 1,Strasbourg,9848,Lens,8588,1050822,Andrew Omobamidele,Strasbourg,9848,False,7.13,90.0,0.0,0.0,0.06,0.0,0.01,0.06999999999999999,1.0,60.0,62.0,0.0,0.0,1.0,0.0,1.0,3.0,67.0,1.0,2.0,0.0,0.0,0.06,2.0,0.0,1.0,0.0,2.0,0.0,2.0,2.0,0.0,1.0,0.0,0.0,2.0,1.0,0.0,0.0,0.0,0.0,0.0,0.0,0.0,0.0,0.0,0.0,0.0,0.0,0.0,0.0,0.0,0.0,0.0,0.0,0.0,0.0,0.0,0.0,0.0,0.0,0.0,0.0,0.0
5802917,2026-08-29T15:15:00.000Z,2,Ligue 1,Strasbourg,9848,Lens,8588,1053713,Maik Nawrocki,Lens,8588,False,6.13,62.0,0.0,0.0,0.0,0.0,0.0,0.0,0.0,23.0,24.0,0.0,0.0,0.0,0.0,0.0,5.0,32.0,0.0,2.0,0.0,0.0,0.0,1.0,3.0,1.0,0.0,1.0,1.0,1.0,3.0,1.0,3.0,0.0,1.0,2.0,4.0,0.0,0.0,0.0,0.0,2.0,3.0,0.0,0.0,0.0,0.0,0.0,0.0,0.0,0.0,0.0,1.0,0.0,0.0,0.0,0.0,0.0,0.0,0.0,0.0,0.0,0.0,0.0
5802917,2026-08-29T15:15:00.000Z,2,Ligue 1,Strasbourg,9848,Lens,8588,1071179,Giovanni Reyna,Strasbourg,9848,False,7.49,76.0,0.0,0.0,0.17,0.2,0.48,0.65,2.0,24.0,26.0,3.0,1.0,0.0,1.0,1.0,0.0,39.0,6.0,2.0,2.0,0.0,0.17,0.0,0.0,0.0,0.0,3.0,0.0,3.0,7.0,1.0,1.0,1.0,0.0,4.0,4.0,0.0,0.0,0.0,0.0,0.0,0.0,0.0,0.0,0.0,0.0,0.0,0.0,1.0,1.0,1.0,0.0,1.0,2.0,4.0,0.0,0.0,0.0,0.0,0.0,0.0,0.0,0.0
5802917,2026-08-29T15:15:00.000Z,2,Ligue 1,Strasbourg,9848,Lens,8588,1156569,Sebastian Nanasi,Strasbourg,9848,False,8.62,89.0,0.0,2.0,0.44,0.72,0.77,1.21,2.0,20.0,25.0,4.0,1.0,1.0,1.0,2.0,2.0,41.0,6.0,2.0,0.0,0.0,0.44,1.0,0.0,1.0,0.0,0.0,1.0,2.0,5.0,0.0,3.0,0.0,1.0,2.0,6.0,0.0,0.0,0.0,0.0,0.0,0.0,0.0,0.0,0.0,0.0,0.0,0.0,1.0,3.0,3.0,0.0,0.0,1.0,2.0,0.0,1.0,0.0,0.0,0.0,0.0,0.0,0.0
5802917,2026-08-29T15:15:00.000Z,2,Ligue 1,Strasbourg,9848,Lens,8588,1177312,Sékou Mara,Strasbourg,9848,False,0.0,7.0,0.0,0.0,0.0,0.0,0.01,0.01,0.0,2.0,2.0,0.0,0.0,0.0,0.0,0.0,1.0,11.0,1.0,0.0,1.0,0.0,0.0,1.0,0.0,0.0,0.0,0.0,1.0,3.0,6.0,0.0,1.0,1.0,0.0,3.0,4.0,0.0,0.0,0.0,0.0,0.0,0.0,0.0,0.0,0.0,0.0,0.0,0.0,0.0,0.0,0.0,0.0,0.0,1.0,2.0,0.0,0.0,0.0,0.0,0.0,0.0,0.0,0.0
5802917,2026-08-29T15:15:00.000Z,2,Ligue 1,Strasbourg,9848,Lens,8588,1189856,Abdallah Sima,Lens,8588,False,7.18,89.0,0.0,0.0,0.25,0.18,0.05,0.3,2.0,8.0,15.0,1.0,1.0,1.0,1.0,2.0,2.0,30.0,9.0,2.0,1.0,1.0,0.25,1.0,0.0,0.0,1.0,0.0,0.0,4.0,6.0,1.0,3.0,1.0,1.0,5.0,4.0,0.0,0.0,0.0,0.0,1.0,1.0,0.0,0.0,0.0,0.0,0.0,0.0,0.0,0.0,0.0,0.0,0.0,2.0,2.0,0.0,1.0,0.0,0.0,1.0,0.0,0.0,0.0
5802917,2026-08-29T15:15:00.000Z,2,Ligue 1,Strasbourg,9848,Lens,8588,1200984,Filip Jörgensen,Strasbourg,9848,True,8.34,90.0,0.0,0.0,0.0,0.0,0.0,0.0,0.0,30.0,45.0,0.0,0.0,0.0,0.0,0.0,3.0,60.0,0.0,10.0,0.0,0.0,0.0,0.0,0.0,3.0,0.0,9.0,0.0,0.0,0.0,1.0,1.0,1.0,0.0,1.0,0.0,6.0,1.0,1.74,0.74,6.0,21.0,4.0,5.0,3.0,0.0,3.0,1.0,0.0,0.0,0.0,0.0,0.0,0.0,0.0,0.0,0.0,0.0,0.0,0.0,0.0,0.0,0.0
5802917,2026-08-29T15:15:00.000Z,2,Ligue 1,Strasbourg,9848,Lens,8588,1283393,Milosz Piekutowski,Strasbourg,9848,True,0.0,0.0,0.0,0.0,0.0,0.0,0.0,0.0,0.0,0.0,0.0,0.0,0.0,0.0,0.0,0.0,0.0,0.0,0.0,0.0,0.0,0.0,0.0,0.0,0.0,0.0,0.0,0.0,0.0,0.0,0.0,0.0,0.0,0.0,0.0,0.0,0.0,0.0,0.0,0.0,0.0,0.0,0.0,0.0,0.0,0.0,0.0,0.0,0.0,0.0,0.0,0.0,0.0,0.0,0.0,0.0,0.0,0.0,0.0,0.0,0.0,0.0,0.0,0.0
5802917,2026-08-29T15:15:00.000Z,2,Ligue 1,Strasbourg,9848,Lens,8588,1288907,Yacine Titraoui,Lens,8588,False,7.12,90.0,0.0,0.0,0.03,0.0,0.02,0.05,1.0,49.0,54.0,0.0,0.0,0.0,0.0,0.0,10.0,72.0,0.0,8.0,1.0,0.0,0.03,6.0,0.0,1.0,3.0,7.0,1.0,7.0,9.0,1.0,2.0,1.0,0.0,8.0,3.0,0.0,0.0,0.0,0.0,3.0,4.0,0.0,0.0,0.0,0.0,0.0,0.0,0.0,0.0,0.0,0.0,1.0,0.0,0.0,0.0,0.0,0.0,0.0,0.0,0.0,0.0,0.0
5802917,2026-08-29T15:15:00.000Z,2,Ligue 1,Strasbourg,9848,Lens,8588,1336846,Mateo Del Blanco,Strasbourg,9848,False,0.0,1.0,0.0,0.0,0.0,0.0,0.0,0.0,0.0,1.0,1.0,0.0,0.0,0.0,0.0,0.0,4.0,7.0,0.0,1.0,0.0,0.0,0.0,2.0,0.0,2.0,0.0,0.0,0.0,2.0,2.0,0.0,0.0,0.0,0.0,2.0,0.0,0.0,0.0,0.0,0.0,0.0,0.0,0.0,0.0,0.0,0.0,0.0,0.0,0.0,0.0,0.0,0.0,0.0,0.0,0.0,0.0,0.0,0.0,0.0,0.0,0.0,0.0,0.0
5802917,2026-08-29T15:15:00.000Z,2,Ligue 1,Strasbourg,9848,Lens,8588,1340071,Jeyland Mitchell,Strasbourg,9848,False,6.69,90.0,0.0,0.0,0.16,0.0,0.03,0.19,1.0,60.0,68.0,0.0,0.0,1.0,0.0,1.0,6.0,76.0,2.0,10.0,0.0,1.0,0.16,0.0,0.0,5.0,1.0,2.0,2.0,0.0,3.0,4.0,6.0,0.0,1.0,4.0,5.0,0.0,0.0,0.0,0.0,2.0,7.0,0.0,0.0,0.0,0.0,0.0,0.0,0.0,0.0,0.0,4.0,0.0,0.0,0.0,0.0,1.0,0.0,0.0,0.0,1.0,0.0,0.0
5802917,2026-08-29T15:15:00.000Z,2,Ligue 1,Strasbourg,9848,Lens,8588,1390336,Robin Risser,Lens,8588,True,7.43,90.0,0.0,0.0,0.0,0.0,0.0,0.0,0.0,30.0,36.0,0.0,0.0,0.0,0.0,0.0,1.0,47.0,0.0,2.0,0.0,0.0,0.0,0.0,0.0,1.0,0.0,8.0,0.0,1.0,1.0,0.0,0.0,1.0,0.0,1.0,1.0,5.0,2.0,2.64,0.64,2.0,7.0,4.0,4.0,1.0,0.0,4.0,0.0,0.0,0.0,0.0,0.0,0.0,0.0,0.0,0.0,0.0,0.0,0.0,0.0,0.0,0.0,0.0
5802917,2026-08-29T15:15:00.000Z,2,Ligue 1,Strasbourg,9848,Lens,8588,1406419,Franjo Ivanovic,Lens,8588,False,6.29,73.0,0.0,0.0,0.05,0.04,0.03,0.08,1.0,6.0,7.0,0.0,1.0,0.0,1.0,1.0,1.0,17.0,1.0,0.0,1.0,1.0,0.05,1.0,0.0,0.0,0.0,0.0,1.0,4.0,10.0,0.0,0.0,1.0,2.0,4.0,6.0,0.0,0.0,0.0,0.0,1.0,1.0,0.0,0.0,0.0,0.0,0.0,0.0,0.0,0.0,0.0,0.0,0.0,2.0,4.0,0.0,0.0,0.0,0.0,0.0,0.0,0.0,0.0
5802917,2026-08-29T15:15:00.000Z,2,Ligue 1,Strasbourg,9848,Lens,8588,1406645,Ismaëlo Ganiou,Lens,8588,False,6.48,90.0,0.0,0.0,0.07,0.12,0.01,0.08,1.0,48.0,55.0,0.0,1.0,0.0,1.0,1.0,10.0,68.0,1.0,5.0,0.0,0.0,0.07,2.0,0.0,6.0,2.0,3.0,0.0,2.0,3.0,0.0,2.0,0.0,1.0,2.0,3.0,0.0,0.0,0.0,0.0,3.0,6.0,0.0,0.0,0.0,0.0,0.0,0.0,0.0,0.0,0.0,4.0,0.0,0.0,0.0,0.0,0.0,0.0,0.0,0.0,0.0,0.0,0.0
5802917,2026-08-29T15:15:00.000Z,2,Ligue 1,Strasbourg,9848,Lens,8588,1417802,Pape Demba Diop,Strasbourg,9848,False,7.8,90.0,0.0,0.0,0.26,0.0,0.02,0.28,3.0,49.0,51.0,1.0,0.0,2.0,0.0,2.0,6.0,67.0,1.0,7.0,0.0,0.0,0.26,3.0,1.0,2.0,0.0,8.0,1.0,6.0,9.0,0.0,0.0,3.0,2.0,6.0,3.0,0.0,0.0,0.0,0.0,2.0,3.0,0.0,0.0,0.0,0.0,0.0,0.0,0.0,0.0,1.0,0.0,1.0,0.0,0.0,0.0,0.0,0.0,0.0,0.0,0.0,0.0,0.0
5802917,2026-08-29T15:15:00.000Z,2,Ligue 1,Strasbourg,9848,Lens,8588,1418073,Samuel Amo-Ameyaw,Strasbourg,9848,False,6.32,14.0,0.0,0.0,0.02,0.07,0.01,0.03,1.0,7.0,7.0,0.0,1.0,0.0,1.0,1.0,0.0,11.0,0.0,0.0,0.0,0.0,0.02,0.0,0.0,0.0,0.0,2.0,0.0,0.0,0.0,0.0,0.0,0.0,0.0,0.0,0.0,0.0,0.0,0.0,0.0,0.0,0.0,0.0,0.0,0.0,0.0,0.0,0.0,0.0,0.0,1.0,0.0,0.0,0.0,0.0,0.0,0.0,0.0,0.0,0.0,0.0,0.0,0.0
5802917,2026-08-29T15:15:00.000Z,2,Ligue 1,Strasbourg,9848,Lens,8588,1436942,Lucas Høgsberg,Strasbourg,9848,False,7.26,83.0,0.0,0.0,0.0,0.0,0.01,0.01,0.0,37.0,42.0,0.0,0.0,0.0,0.0,0.0,6.0,60.0,1.0,6.0,1.0,0.0,0.0,2.0,0.0,4.0,0.0,3.0,0.0,2.0,4.0,0.0,0.0,0.0,0.0,2.0,2.0,0.0,0.0,0.0,0.0,1.0,3.0,0.0,0.0,0.0,0.0,0.0,0.0,0.0,0.0,0.0,2.0,0.0,0.0,1.0,0.0,0.0,0.0,0.0,0.0,0.0,0.0,0.0
5802917,2026-08-29T15:15:00.000Z,2,Ligue 1,Strasbourg,9848,Lens,8588,1581053,Mathis Amougou,Strasbourg,9848,False,0.0,0.0,0.0,0.0,0.0,0.0,0.0,0.0,0.0,0.0,0.0,0.0,0.0,0.0,0.0,0.0,0.0,0.0,0.0,0.0,0.0,0.0,0.0,0.0,0.0,0.0,0.0,0.0,0.0,0.0,0.0,0.0,0.0,0.0,0.0,0.0,0.0,0.0,0.0,0.0,0.0,0.0,0.0,0.0,0.0,0.0,0.0,0.0,0.0,0.0,0.0,0.0,0.0,0.0,0.0,0.0,0.0,0.0,0.0,0.0,0.0,0.0,0.0,0.0
5802917,2026-08-29T15:15:00.000Z,2,Ligue 1,Strasbourg,9848,Lens,8588,1586559,Rayan Fofana,Lens,8588,False,0.0,0.0,0.0,0.0,0.0,0.0,0.0,0.0,0.0,0.0,0.0,0.0,0.0,0.0,0.0,0.0,0.0,0.0,0.0,0.0,0.0,0.0,0.0,0.0,0.0,0.0,0.0,0.0,0.0,0.0,0.0,0.0,0.0,0.0,0.0,0.0,0.0,0.0,0.0,0.0,0.0,0.0,0.0,0.0,0.0,0.0,0.0,0.0,0.0,0.0,0.0,0.0,0.0,0.0,0.0,0.0,0.0,0.0,0.0,0.0,0.0,0.0,0.0,0.0
5802917,2026-08-29T15:15:00.000Z,2,Ligue 1,Strasbourg,9848,Lens,8588,1603755,Gessime Yassine,Strasbourg,9848,False,9.17,89.0,2.0,0.0,0.39,1.09,0.38,0.77,3.0,20.0,23.0,1.0,2.0,1.0,2.0,3.0,2.0,57.0,5.0,1.0,1.0,0.0,0.39,1.0,0.0,1.0,0.0,9.0,2.0,9.0,17.0,1.0,1.0,4.0,2.0,10.0,8.0,0.0,0.0,0.0,0.0,0.0,0.0,0.0,0.0,0.0,0.0,0.0,0.0,1.0,2.0,5.0,0.0,0.0,4.0,8.0,0.0,0.0,0.0,0.0,0.0,0.0,0.0,0.0
5802917,2026-08-29T15:15:00.000Z,2,Ligue 1,Strasbourg,9848,Lens,8588,1611469,Benjamin Brantlind,Strasbourg,9848,False,0.0,0.0,0.0,0.0,0.0,0.0,0.0,0.0,0.0,0.0,0.0,0.0,0.0,0.0,0.0,0.0,0.0,0.0,0.0,0.0,0.0,0.0,0.0,0.0,0.0,0.0,0.0,0.0,0.0,0.0,0.0,0.0,0.0,0.0,0.0,0.0,0.0,0.0,0.0,0.0,0.0,0.0,0.0,0.0,0.0,0.0,0.0,0.0,0.0,0.0,0.0,0.0,0.0,0.0,0.0,0.0,0.0,0.0,0.0,0.0,0.0,0.0,0.0,0.0
5802917,2026-08-29T15:15:00.000Z,2,Ligue 1,Strasbourg,9848,Lens,8588,1634789,Andrija Bulatovic,Lens,8588,False,6.64,18.0,0.0,0.0,0.1,0.04,0.01,0.11,3.0,11.0,12.0,1.0,1.0,1.0,1.0,2.0,1.0,18.0,0.0,1.0,0.0,0.0,0.1,1.0,0.0,0.0,0.0,0.0,0.0,2.0,2.0,0.0,0.0,0.0,0.0,2.0,0.0,0.0,0.0,0.0,0.0,0.0,0.0,0.0,0.0,0.0,0.0,0.0,0.0,0.0,1.0,1.0,0.0,1.0,1.0,1.0,1.0,0.0,0.0,0.0,0.0,0.0,0.0,0.0
5802917,2026-08-29T15:15:00.000Z,2,Ligue 1,Strasbourg,9848,Lens,8588,1643851,Karim Coulibaly,Strasbourg,9848,False,0.0,7.0,0.0,0.0,0.0,0.0,0.0,0.0,0.0,2.0,3.0,0.0,0.0,0.0,0.0,0.0,3.0,7.0,0.0,0.0,0.0,0.0,0.0,0.0,2.0,1.0,0.0,1.0,0.0,0.0,0.0,0.0,0.0,0.0,0.0,0.0,0.0,0.0,0.0,0.0,0.0,0.0,0.0,0.0,0.0,0.0,0.0,0.0,0.0,0.0,0.0,0.0,1.0,0.0,0.0,0.0,0.0,0.0,0.0,0.0,0.0,0.0,0.0,0.0
5802917,2026-08-29T15:15:00.000Z,2,Ligue 1,Strasbourg,9848,Lens,8588,1647186,Genesis Antwi,Strasbourg,9848,False,7.14,90.0,0.0,0.0,0.0,0.0,0.03,0.03,0.0,33.0,35.0,0.0,0.0,0.0,0.0,0.0,3.0,55.0,3.0,3.0,1.0,0.0,0.0,1.0,0.0,2.0,0.0,3.0,0.0,2.0,3.0,0.0,2.0,0.0,0.0,2.0,3.0,0.0,0.0,0.0,0.0,1.0,1.0,0.0,0.0,0.0,0.0,0.0,0.0,0.0,1.0,3.0,1.0,0.0,1.0,1.0,0.0,0.0,0.0,0.0,0.0,0.0,0.0,0.0
5802917,2026-08-29T15:15:00.000Z,2,Ligue 1,Strasbourg,9848,Lens,8588,1657810,Nidal Celik,Lens,8588,False,0.0,0.0,0.0,0.0,0.0,0.0,0.0,0.0,0.0,0.0,0.0,0.0,0.0,0.0,0.0,0.0,0.0,0.0,0.0,0.0,0.0,0.0,0.0,0.0,0.0,0.0,0.0,0.0,0.0,0.0,0.0,0.0,0.0,0.0,0.0,0.0,0.0,0.0,0.0,0.0,0.0,0.0,0.0,0.0,0.0,0.0,0.0,0.0,0.0,0.0,0.0,0.0,0.0,0.0,0.0,0.0,0.0,0.0,0.0,0.0,0.0,0.0,0.0,0.0
5802917,2026-08-29T15:15:00.000Z,2,Ligue 1,Strasbourg,9848,Lens,8588,1666019,Fabio Baldé,Strasbourg,9848,False,0.0,1.0,0.0,0.0,0.0,0.0,0.0,0.0,0.0,1.0,1.0,0.0,0.0,0.0,0.0,0.0,0.0,1.0,0.0,0.0,0.0,1.0,0.0,0.0,0.0,0.0,0.0,1.0,0.0,0.0,0.0,0.0,0.0,0.0,0.0,0.0,0.0,0.0,0.0,0.0,0.0,0.0,0.0,0.0,0.0,0.0,0.0,0.0,0.0,0.0,0.0,0.0,0.0,0.0,0.0,0.0,0.0,0.0,0.0,0.0,0.0,0.0,0.0,0.0
5802917,2026-08-29T15:15:00.000Z,2,Ligue 1,Strasbourg,9848,Lens,8588,1677224,Jacobo Ortega,Strasbourg,9848,False,6.78,83.0,0.0,0.0,0.34,0.55,0.09,0.43000000000000005,3.0,13.0,20.0,1.0,2.0,0.0,2.0,2.0,1.0,38.0,6.0,1.0,4.0,1.0,0.34,0.0,0.0,1.0,0.0,1.0,0.0,2.0,8.0,4.0,4.0,1.0,2.0,6.0,6.0,0.0,0.0,0.0,0.0,0.0,0.0,0.0,0.0,0.0,0.0,0.0,0.0,0.0,1.0,2.0,1.0,1.0,1.0,1.0,0.0,1.0,0.0,0.0,0.0,0.0,0.0,0.0
5802917,2026-08-29T15:15:00.000Z,2,Ligue 1,Strasbourg,9848,Lens,8588,1701117,Diogo Sousa,Strasbourg,9848,False,6.8,90.0,0.0,0.0,0.0,0.0,0.34,0.34,0.0,25.0,33.0,1.0,0.0,0.0,0.0,0.0,2.0,46.0,3.0,5.0,0.0,0.0,0.0,0.0,0.0,2.0,0.0,3.0,1.0,0.0,4.0,0.0,1.0,0.0,2.0,0.0,5.0,0.0,0.0,0.0,0.0,1.0,4.0,0.0,0.0,0.0,0.0,0.0,0.0,1.0,0.0,3.0,1.0,0.0,0.0,1.0,3.0,0.0,0.0,0.0,0.0,0.0,0.0,0.0
5802917,2026-08-29T15:15:00.000Z,2,Ligue 1,Strasbourg,9848,Lens,8588,1727044,Souleymane Sagnan,Lens,8588,False,6.56,90.0,0.0,0.0,0.0,0.0,0.0,0.0,0.0,42.0,48.0,0.0,0.0,0.0,0.0,0.0,10.0,62.0,0.0,2.0,0.0,0.0,0.0,3.0,0.0,6.0,1.0,2.0,1.0,4.0,5.0,1.0,1.0,1.0,0.0,5.0,1.0,0.0,0.0,0.0,0.0,1.0,4.0,0.0,0.0,0.0,0.0,0.0,0.0,0.0,0.0,0.0,3.0,0.0,0.0,0.0,0.0,0.0,0.0,0.0,0.0,0.0,0.0,0.0
5802917,2026-08-29T15:15:00.000Z,2,Ligue 1,Strasbourg,9848,Lens,8588,1900030,Tyrese Noubissie,Strasbourg,9848,False,0.0,0.0,0.0,0.0,0.0,0.0,0.0,0.0,0.0,0.0,0.0,0.0,0.0,0.0,0.0,0.0,0.0,0.0,0.0,0.0,0.0,0.0,0.0,0.0,0.0,0.0,0.0,0.0,0.0,0.0,0.0,0.0,0.0,0.0,0.0,0.0,0.0,0.0,0.0,0.0,0.0,0.0,0.0,0.0,0.0,0.0,0.0,0.0,0.0,0.0,0.0,0.0,0.0,0.0,0.0,0.0,0.0,0.0,0.0,0.0,0.0,0.0,0.0,0.0
5802917,2026-08-29T15:15:00.000Z,2,Ligue 1,Strasbourg,9848,Lens,8588,1980586,Mezian Soares,Lens,8588,False,0.0,1.0,0.0,0.0,0.0,0.0,0.02,0.02,0.0,7.0,9.0,1.0,0.0,0.0,0.0,0.0,1.0,13.0,1.0,1.0,0.0,0.0,0.0,0.0,0.0,1.0,0.0,2.0,0.0,0.0,1.0,0.0,0.0,0.0,0.0,0.0,1.0,0.0,0.0,0.0,0.0,1.0,2.0,0.0,0.0,0.0,0.0,0.0,0.0,0.0,0.0,0.0,0.0,0.0,0.0,1.0,0.0,0.0,0.0,0.0,0.0,0.0,0.0,0.0
5802918,2026-08-28T19:00:00.000Z,2,Ligue 1,Lille,8639,Paris Saint-Germain,9847,46469,Olivier Giroud,Lille,8639,False,8.31,90.0,0.0,2.0,0.8,0.25,0.05,0.8500000000000001,2.0,15.0,20.0,2.0,1.0,1.0,1.0,2.0,2.0,32.0,3.0,3.0,1.0,3.0,0.8,0.0,0.0,2.0,0.0,2.0,0.0,0.0,1.0,4.0,8.0,0.0,0.0,4.0,5.0,0.0,0.0,0.0,0.0,1.0,1.0,0.0,0.0,0.0,0.0,0.0,0.0,0.0,0.0,0.0,2.0,0.0,0.0,0.0,0.0,2.0,0.0,0.0,0.0,0.0,0.0,0.0
5802918,2026-08-28T19:00:00.000Z,2,Ligue 1,Lille,8639,Paris Saint-Germain,9847,148830,Benjamin André,Lille,8639,False,7.08,61.0,0.0,0.0,0.0,0.0,0.01,0.01,0.0,23.0,25.0,1.0,0.0,0.0,0.0,0.0,8.0,39.0,0.0,2.0,0.0,1.0,0.0,4.0,1.0,2.0,1.0,2.0,1.0,5.0,11.0,0.0,0.0,1.0,3.0,5.0,6.0,0.0,0.0,0.0,0.0,0.0,0.0,0.0,0.0,0.0,0.0,0.0,0.0,0.0,0.0,0.0,0.0,0.0,0.0,2.0,0.0,0.0,0.0,0.0,0.0,0.0,0.0,0.0
5802918,2026-08-28T19:00:00.000Z,2,Ligue 1,Lille,8639,Paris Saint-Germain,9847,210111,Lucas Digne,Paris Saint-Germain,9847,False,6.31,18.0,0.0,0.0,0.01,0.0,0.02,0.03,1.0,15.0,16.0,0.0,0.0,1.0,0.0,1.0,0.0,19.0,0.0,2.0,0.0,0.0,0.01,0.0,0.0,0.0,0.0,1.0,0.0,0.0,0.0,0.0,0.0,0.0,0.0,0.0,0.0,0.0,0.0,0.0,0.0,1.0,1.0,0.0,0.0,0.0,0.0,0.0,0.0,0.0,0.0,0.0,0.0,0.0,0.0,0.0,0.0,0.0,0.0,0.0,0.0,0.0,0.0,0.0
5802918,2026-08-28T19:00:00.000Z,2,Ligue 1,Lille,8639,Paris Saint-Germain,9847,267365,Marquinhos,Paris Saint-Germain,9847,False,7.7,90.0,1.0,0.0,0.1,0.74,0.04,0.14,1.0,82.0,90.0,0.0,1.0,0.0,1.0,1.0,4.0,98.0,2.0,18.0,0.0,0.0,0.1,0.0,0.0,3.0,1.0,6.0,0.0,0.0,1.0,4.0,8.0,0.0,1.0,4.0,5.0,0.0,0.0,0.0,0.0,12.0,17.0,0.0,0.0,0.0,0.0,0.0,0.0,0.0,0.0,0.0,1.0,0.0,0.0,0.0,0.0,0.0,0.0,0.0,0.0,0.0,0.0,0.0
5802918,2026-08-28T19:00:00.000Z,2,Ligue 1,Lille,8639,Paris Saint-Germain,9847,500520,Nabil Bentaleb,Lille,8639,False,7.25,90.0,0.0,0.0,0.02,0.0,0.01,0.03,1.0,26.0,29.0,0.0,0.0,1.0,0.0,1.0,5.0,37.0,0.0,6.0,0.0,0.0,0.02,1.0,0.0,2.0,2.0,7.0,0.0,2.0,2.0,1.0,2.0,1.0,0.0,3.0,1.0,0.0,0.0,0.0,0.0,4.0,4.0,0.0,0.0,0.0,0.0,0.0,0.0,0.0,0.0,0.0,0.0,0.0,0.0,0.0,0.0,0.0,0.0,0.0,0.0,0.0,0.0,0.0
5802918,2026-08-28T19:00:00.000Z,2,Ligue 1,Lille,8639,Paris Saint-Germain,9847,504606,Lucas Hernández,Paris Saint-Germain,9847,False,0.0,0.0,0.0,0.0,0.0,0.0,0.0,0.0,0.0,0.0,0.0,0.0,0.0,0.0,0.0,0.0,0.0,0.0,0.0,0.0,0.0,0.0,0.0,0.0,0.0,0.0,0.0,0.0,0.0,0.0,0.0,0.0,0.0,0.0,0.0,0.0,0.0,0.0,0.0,0.0,0.0,0.0,0.0,0.0,0.0,0.0,0.0,0.0,0.0,0.0,0.0,0.0,0.0,0.0,0.0,0.0,0.0,0.0,0.0,0.0,0.0,0.0,0.0,0.0
5802918,2026-08-28T19:00:00.000Z,2,Ligue 1,Lille,8639,Paris Saint-Germain,9847,605654,Fabián Ruiz,Paris Saint-Germain,9847,False,7.77,72.0,0.0,0.0,0.09,0.08,0.1,0.19,1.0,54.0,59.0,2.0,1.0,0.0,1.0,1.0,3.0,68.0,1.0,11.0,0.0,0.0,0.09,3.0,0.0,0.0,0.0,3.0,0.0,6.0,8.0,0.0,0.0,1.0,2.0,6.0,2.0,0.0,0.0,0.0,0.0,2.0,4.0,0.0,0.0,0.0,0.0,0.0,0.0,0.0,0.0,1.0,0.0,0.0,2.0,2.0,0.0,0.0,0.0,0.0,0.0,0.0,0.0,0.0
5802918,2026-08-28T19:00:00.000Z,2,Ligue 1,Lille,8639,Paris Saint-Germain,9847,622137,Calvin Verdonk,Lille,8639,False,6.21,10.0,0.0,0.0,0.0,0.0,0.0,0.0,0.0,1.0,3.0,0.0,0.0,0.0,0.0,0.0,1.0,4.0,0.0,1.0,0.0,0.0,0.0,1.0,0.0,0.0,0.0,1.0,0.0,1.0,1.0,0.0,0.0,0.0,0.0,1.0,0.0,0.0,0.0,0.0,0.0,0.0,0.0,0.0,0.0,0.0,0.0,0.0,0.0,0.0,0.0,0.0,0.0,0.0,0.0,0.0,0.0,0.0,0.0,0.0,0.0,0.0,0.0,0.0
5802918,2026-08-28T19:00:00.000Z,2,Ligue 1,Lille,8639,Paris Saint-Germain,9847,708435,Gaëtan Perrin,Lille,8639,False,6.19,29.0,0.0,0.0,0.0,0.0,0.0,0.0,0.0,3.0,3.0,0.0,0.0,0.0,0.0,0.0,3.0,11.0,0.0,0.0,1.0,0.0,0.0,2.0,0.0,1.0,0.0,1.0,0.0,2.0,5.0,0.0,0.0,0.0,0.0,2.0,3.0,0.0,0.0,0.0,0.0,0.0,0.0,0.0,0.0,0.0,0.0,0.0,0.0,0.0,0.0,0.0,0.0,0.0,0.0,2.0,0.0,0.0,0.0,0.0,0.0,0.0,0.0,0.0
5802918,2026-08-28T19:00:00.000Z,2,Ligue 1,Lille,8639,Paris Saint-Germain,9847,770881,Achraf Hakimi,Paris Saint-Germain,9847,False,7.34,90.0,0.0,0.0,0.13,0.0,0.32,0.45,2.0,85.0,93.0,1.0,0.0,2.0,0.0,2.0,1.0,116.0,2.0,5.0,0.0,0.0,0.13,1.0,0.0,0.0,0.0,6.0,1.0,3.0,5.0,0.0,0.0,2.0,0.0,3.0,2.0,0.0,0.0,0.0,0.0,2.0,2.0,0.0,0.0,0.0,0.0,0.0,0.0,0.0,0.0,4.0,0.0,0.0,0.0,1.0,0.0,1.0,0.0,0.0,0.0,0.0,0.0,1.0
5802918,2026-08-28T19:00:00.000Z,2,Ligue 1,Lille,8639,Paris Saint-Germain,9847,800880,Matvey Safonov,Paris Saint-Germain,9847,True,6.31,90.0,0.0,0.0,0.0,0.0,0.0,0.0,0.0,18.0,23.0,0.0,0.0,0.0,0.0,0.0,0.0,27.0,0.0,0.0,0.0,0.0,0.0,0.0,0.0,0.0,0.0,5.0,0.0,0.0,0.0,0.0,0.0,0.0,0.0,0.0,0.0,2.0,2.0,1.87,-0.13,2.0,6.0,0.0,2.0,1.0,0.0,2.0,0.0,0.0,0.0,0.0,0.0,0.0,0.0,0.0,0.0,0.0,0.0,0.0,0.0,0.0,0.0,0.0
5802918,2026-08-28T19:00:00.000Z,2,Ligue 1,Lille,8639,Paris Saint-Germain,9847,815465,Romain Perraud,Lille,8639,False,6.12,90.0,0.0,0.0,0.0,0.0,0.01,0.01,0.0,16.0,21.0,0.0,0.0,0.0,0.0,0.0,6.0,45.0,0.0,2.0,2.0,0.0,0.0,2.0,0.0,3.0,1.0,3.0,0.0,3.0,7.0,0.0,1.0,0.0,2.0,3.0,5.0,0.0,0.0,0.0,0.0,2.0,4.0,0.0,0.0,0.0,0.0,0.0,0.0,0.0,0.0,1.0,2.0,0.0,1.0,1.0,0.0,0.0,0.0,0.0,0.0,0.0,0.0,0.0
5802918,2026-08-28T19:00:00.000Z,2,Ligue 1,Lille,8639,Paris Saint-Germain,9847,815912,Berke Özer,Lille,8639,True,6.45,90.0,0.0,0.0,0.0,0.0,0.0,0.0,0.0,22.0,37.0,0.0,0.0,0.0,0.0,0.0,1.0,50.0,0.0,15.0,0.0,0.0,0.0,0.0,0.0,1.0,0.0,9.0,0.0,1.0,1.0,0.0,0.0,1.0,0.0,1.0,0.0,2.0,2.0,1.73,-0.27,11.0,26.0,0.0,1.0,1.0,1.0,4.0,2.0,0.0,0.0,0.0,0.0,0.0,0.0,0.0,0.0,0.0,0.0,0.0,0.0,0.0,0.0,0.0
5802918,2026-08-28T19:00:00.000Z,2,Ligue 1,Lille,8639,Paris Saint-Germain,9847,841705,Arnaud Bodart,Lille,8639,True,0.0,0.0,0.0,0.0,0.0,0.0,0.0,0.0,0.0,0.0,0.0,0.0,0.0,0.0,0.0,0.0,0.0,0.0,0.0,0.0,0.0,0.0,0.0,0.0,0.0,0.0,0.0,0.0,0.0,0.0,0.0,0.0,0.0,0.0,0.0,0.0,0.0,0.0,0.0,0.0,0.0,0.0,0.0,0.0,0.0,0.0,0.0,0.0,0.0,0.0,0.0,0.0,0.0,0.0,0.0,0.0,0.0,0.0,0.0,0.0,0.0,0.0,0.0,0.0
5802918,2026-08-28T19:00:00.000Z,2,Ligue 1,Lille,8639,Paris Saint-Germain,9847,881771,Ferrán Torres,Paris Saint-Germain,9847,False,6.03,72.0,0.0,0.0,0.63,0.0,0.01,0.64,3.0,5.0,7.0,0.0,0.0,3.0,0.0,3.0,0.0,14.0,3.0,0.0,1.0,0.0,0.63,0.0,0.0,0.0,0.0,0.0,1.0,2.0,4.0,1.0,3.0,2.0,0.0,3.0,4.0,0.0,0.0,0.0,0.0,1.0,1.0,0.0,0.0,0.0,0.0,0.0,0.0,0.0,0.0,0.0,0.0,0.0,0.0,0.0,0.0,1.0,0.0,0.0,0.0,0.0,0.0,0.0
5802918,2026-08-28T19:00:00.000Z,2,Ligue 1,Lille,8639,Paris Saint-Germain,9847,900433,Khvicha Kvaratskhelia,Paris Saint-Germain,9847,False,6.26,45.0,0.0,0.0,0.09,0.0,0.06,0.15,2.0,26.0,26.0,0.0,0.0,2.0,0.0,2.0,0.0,40.0,1.0,1.0,2.0,0.0,0.09,0.0,0.0,0.0,0.0,0.0,1.0,3.0,7.0,0.0,0.0,1.0,0.0,3.0,4.0,0.0,0.0,0.0,0.0,1.0,1.0,0.0,0.0,0.0,0.0,0.0,0.0,0.0,0.0,6.0,0.0,0.0,2.0,3.0,5.0,0.0,0.0,0.0,0.0,0.0,0.0,0.0
5802918,2026-08-28T19:00:00.000Z,2,Ligue 1,Lille,8639,Paris Saint-Germain,9847,942358,Félix Correia,Lille,8639,False,6.68,61.0,0.0,0.0,0.1,0.0,0.18,0.28,1.0,18.0,20.0,0.0,0.0,1.0,0.0,1.0,2.0,28.0,1.0,0.0,0.0,1.0,0.1,1.0,0.0,0.0,1.0,5.0,0.0,1.0,3.0,0.0,0.0,0.0,1.0,1.0,2.0,0.0,0.0,0.0,0.0,1.0,1.0,0.0,0.0,0.0,0.0,0.0,0.0,0.0,0.0,0.0,0.0,0.0,0.0,1.0,0.0,0.0,0.0,0.0,0.0,0.0,0.0,0.0
5802918,2026-08-28T19:00:00.000Z,2,Ligue 1,Lille,8639,Paris Saint-Germain,9847,988160,Osame Sahraoui,Lille,8639,False,0.0,0.0,0.0,0.0,0.0,0.0,0.0,0.0,0.0,0.0,0.0,0.0,0.0,0.0,0.0,0.0,0.0,0.0,0.0,0.0,0.0,0.0,0.0,0.0,0.0,0.0,0.0,0.0,0.0,0.0,0.0,0.0,0.0,0.0,0.0,0.0,0.0,0.0,0.0,0.0,0.0,0.0,0.0,0.0,0.0,0.0,0.0,0.0,0.0,0.0,0.0,0.0,0.0,0.0,0.0,0.0,0.0,0.0,0.0,0.0,0.0,0.0,0.0,0.0
5802918,2026-08-28T19:00:00.000Z,2,Ligue 1,Lille,8639,Paris Saint-Germain,9847,1044470,Hákon Arnar Haraldsson,Lille,8639,False,7.84,80.0,1.0,0.0,0.21,0.74,0.03,0.24,2.0,25.0,26.0,0.0,1.0,1.0,1.0,2.0,3.0,38.0,3.0,2.0,0.0,0.0,0.21,1.0,0.0,0.0,2.0,3.0,0.0,2.0,4.0,0.0,2.0,0.0,1.0,2.0,4.0,0.0,0.0,0.0,0.0,1.0,1.0,0.0,0.0,0.0,0.0,0.0,0.0,0.0,0.0,0.0,0.0,0.0,1.0,2.0,0.0,0.0,0.0,0.0,0.0,0.0,0.0,0.0
5802918,2026-08-28T19:00:00.000Z,2,Ligue 1,Lille,8639,Paris Saint-Germain,9847,1061249,Vítinha,Paris Saint-Germain,9847,False,8.88,90.0,1.0,1.0,0.2,0.91,0.79,0.99,6.0,105.0,114.0,2.0,2.0,3.0,2.0,5.0,3.0,126.0,0.0,17.0,1.0,0.0,0.2,1.0,0.0,0.0,2.0,4.0,0.0,1.0,2.0,0.0,0.0,0.0,0.0,1.0,1.0,0.0,0.0,0.0,0.0,9.0,13.0,0.0,0.0,0.0,0.0,0.0,0.0,1.0,0.0,2.0,0.0,1.0,0.0,0.0,0.0,0.0,0.0,0.0,0.0,0.0,0.0,0.0
5802918,2026-08-28T19:00:00.000Z,2,Ligue 1,Lille,8639,Paris Saint-Germain,9847,1079539,Dilane Bakwa,Lille,8639,False,7.18,22.0,1.0,0.0,0.04,0.82,0.0,0.04,1.0,6.0,6.0,0.0,1.0,0.0,1.0,1.0,1.0,10.0,2.0,0.0,0.0,0.0,0.04,1.0,0.0,0.0,0.0,1.0,1.0,1.0,3.0,0.0,0.0,0.0,1.0,1.0,2.0,0.0,0.0,0.0,0.0,0.0,0.0,0.0,0.0,0.0,0.0,0.0,0.0,0.0,0.0,0.0,0.0,0.0,0.0,0.0,0.0,0.0,0.0,0.0,0.0,0.0,0.0,0.0
5802918,2026-08-28T19:00:00.000Z,2,Ligue 1,Lille,8639,Paris Saint-Germain,9847,1137670,Willian Pacho,Paris Saint-Germain,9847,False,6.55,90.0,0.0,0.0,0.0,0.0,0.03,0.03,0.0,79.0,84.0,0.0,0.0,0.0,0.0,0.0,2.0,87.0,0.0,6.0,0.0,0.0,0.0,0.0,0.0,0.0,2.0,8.0,0.0,0.0,0.0,2.0,4.0,0.0,0.0,2.0,2.0,0.0,0.0,0.0,0.0,1.0,2.0,0.0,0.0,0.0,0.0,0.0,0.0,0.0,0.0,0.0,0.0,0.0,0.0,0.0,0.0,0.0,0.0,0.0,0.0,0.0,0.0,0.0
5802918,2026-08-28T19:00:00.000Z,2,Ligue 1,Lille,8639,Paris Saint-Germain,9847,1140003,Ilya Zabarnyi,Paris Saint-Germain,9847,False,0.0,0.0,0.0,0.0,0.0,0.0,0.0,0.0,0.0,0.0,0.0,0.0,0.0,0.0,0.0,0.0,0.0,0.0,0.0,0.0,0.0,0.0,0.0,0.0,0.0,0.0,0.0,0.0,0.0,0.0,0.0,0.0,0.0,0.0,0.0,0.0,0.0,0.0,0.0,0.0,0.0,0.0,0.0,0.0,0.0,0.0,0.0,0.0,0.0,0.0,0.0,0.0,0.0,0.0,0.0,0.0,0.0,0.0,0.0,0.0,0.0,0.0,0.0,0.0
5802918,2026-08-28T19:00:00.000Z,2,Ligue 1,Lille,8639,Paris Saint-Germain,9847,1177131,Lucas Chevalier,Paris Saint-Germain,9847,True,0.0,0.0,0.0,0.0,0.0,0.0,0.0,0.0,0.0,0.0,0.0,0.0,0.0,0.0,0.0,0.0,0.0,0.0,0.0,0.0,0.0,0.0,0.0,0.0,0.0,0.0,0.0,0.0,0.0,0.0,0.0,0.0,0.0,0.0,0.0,0.0,0.0,0.0,0.0,0.0,0.0,0.0,0.0,0.0,0.0,0.0,0.0,0.0,0.0,0.0,0.0,0.0,0.0,0.0,0.0,0.0,0.0,0.0,0.0,0.0,0.0,0.0,0.0,0.0
5802918,2026-08-28T19:00:00.000Z,2,Ligue 1,Lille,8639,Paris Saint-Germain,9847,1186553,Alexsandro Ribeiro,Lille,8639,False,5.99,90.0,0.0,0.0,0.0,0.0,0.0,0.0,0.0,21.0,22.0,0.0,0.0,0.0,0.0,0.0,3.0,25.0,0.0,1.0,0.0,0.0,0.0,0.0,0.0,3.0,0.0,2.0,0.0,0.0,1.0,1.0,2.0,0.0,1.0,1.0,2.0,0.0,0.0,0.0,0.0,3.0,4.0,0.0,0.0,0.0,0.0,0.0,0.0,0.0,0.0,0.0,2.0,0.0,0.0,0.0,0.0,0.0,0.0,0.0,0.0,0.0,0.0,0.0
5802918,2026-08-28T19:00:00.000Z,2,Ligue 1,Lille,8639,Paris Saint-Germain,9847,1252070,Nathan Ngoy,Lille,8639,False,7.03,90.0,0.0,0.0,0.0,0.0,0.0,0.0,0.0,24.0,28.0,0.0,0.0,0.0,0.0,0.0,10.0,43.0,0.0,1.0,0.0,0.0,0.0,1.0,0.0,7.0,2.0,5.0,0.0,3.0,4.0,1.0,1.0,1.0,1.0,4.0,1.0,0.0,0.0,0.0,0.0,0.0,3.0,0.0,0.0,0.0,0.0,0.0,0.0,0.0,0.0,0.0,4.0,0.0,1.0,1.0,0.0,0.0,0.0,0.0,0.0,0.0,0.0,0.0
5802918,2026-08-28T19:00:00.000Z,2,Ligue 1,Lille,8639,Paris Saint-Germain,9847,1255209,Lucas Beraldo,Paris Saint-Germain,9847,False,6.51,63.0,0.0,0.0,0.0,0.0,0.1,0.1,0.0,35.0,41.0,0.0,0.0,0.0,0.0,0.0,2.0,44.0,1.0,4.0,1.0,0.0,0.0,1.0,1.0,0.0,0.0,1.0,0.0,1.0,2.0,1.0,1.0,0.0,0.0,2.0,1.0,0.0,0.0,0.0,0.0,4.0,6.0,0.0,0.0,0.0,0.0,0.0,0.0,0.0,0.0,0.0,0.0,0.0,0.0,0.0,0.0,0.0,0.0,0.0,0.0,0.0,0.0,0.0
5802918,2026-08-28T19:00:00.000Z,2,Ligue 1,Lille,8639,Paris Saint-Germain,9847,1305618,Maghnes Akliouche,Paris Saint-Germain,9847,False,7.45,78.0,0.0,0.0,0.0,0.0,0.45,0.45,0.0,63.0,71.0,3.0,0.0,0.0,0.0,0.0,2.0,84.0,5.0,7.0,2.0,0.0,0.0,1.0,0.0,0.0,1.0,6.0,0.0,1.0,7.0,1.0,2.0,0.0,1.0,2.0,7.0,0.0,0.0,0.0,0.0,3.0,6.0,0.0,0.0,0.0,0.0,0.0,0.0,1.0,0.0,0.0,0.0,0.0,0.0,3.0,0.0,0.0,0.0,0.0,0.0,0.0,0.0,0.0
5802918,2026-08-28T19:00:00.000Z,2,Ligue 1,Lille,8639,Paris Saint-Germain,9847,1339208,Désiré Doué,Paris Saint-Germain,9847,False,6.48,45.0,0.0,0.0,0.02,0.0,0.12,0.13999999999999999,1.0,27.0,32.0,1.0,0.0,1.0,0.0,1.0,1.0,42.0,2.0,4.0,1.0,0.0,0.02,1.0,0.0,0.0,0.0,1.0,1.0,3.0,6.0,0.0,1.0,2.0,1.0,3.0,4.0,0.0,0.0,0.0,0.0,2.0,2.0,0.0,0.0,0.0,0.0,0.0,0.0,0.0,0.0,0.0,0.0,0.0,0.0,0.0,0.0,0.0,0.0,0.0,0.0,0.0,0.0,0.0
5802918,2026-08-28T19:00:00.000Z,2,Ligue 1,Lille,8639,Paris Saint-Germain,9847,1347229,Basar Önal,Lille,8639,False,0.0,0.0,0.0,0.0,0.0,0.0,0.0,0.0,0.0,0.0,0.0,0.0,0.0,0.0,0.0,0.0,0.0,0.0,0.0,0.0,0.0,0.0,0.0,0.0,0.0,0.0,0.0,0.0,0.0,0.0,0.0,0.0,0.0,0.0,0.0,0.0,0.0,0.0,0.0,0.0,0.0,0.0,0.0,0.0,0.0,0.0,0.0,0.0,0.0,0.0,0.0,0.0,0.0,0.0,0.0,0.0,0.0,0.0,0.0,0.0,0.0,0.0,0.0,0.0
5802918,2026-08-28T19:00:00.000Z,2,Ligue 1,Lille,8639,Paris Saint-Germain,9847,1367615,Warren Zaïre-Emery,Paris Saint-Germain,9847,False,7.08,90.0,0.0,0.0,0.17,0.0,0.04,0.21000000000000002,1.0,93.0,98.0,0.0,0.0,1.0,0.0,1.0,2.0,114.0,1.0,11.0,0.0,0.0,0.17,2.0,0.0,0.0,0.0,7.0,2.0,3.0,5.0,0.0,0.0,1.0,0.0,3.0,2.0,0.0,0.0,0.0,0.0,5.0,6.0,0.0,0.0,0.0,0.0,0.0,0.0,0.0,0.0,4.0,0.0,0.0,0.0,0.0,0.0,1.0,0.0,0.0,0.0,0.0,0.0,0.0
5802918,2026-08-28T19:00:00.000Z,2,Ligue 1,Lille,8639,Paris Saint-Germain,9847,1396372,Mika Godts,Paris Saint-Germain,9847,False,7.54,27.0,0.0,1.0,0.0,0.0,0.12,0.12,0.0,32.0,36.0,2.0,0.0,0.0,0.0,0.0,1.0,43.0,2.0,0.0,1.0,0.0,0.0,1.0,0.0,0.0,0.0,3.0,0.0,3.0,5.0,0.0,0.0,2.0,1.0,3.0,2.0,0.0,0.0,0.0,0.0,0.0,0.0,0.0,0.0,0.0,0.0,0.0,0.0,1.0,0.0,0.0,0.0,0.0,0.0,0.0,0.0,0.0,0.0,0.0,0.0,0.0,0.0,0.0
5802918,2026-08-28T19:00:00.000Z,2,Ligue 1,Lille,8639,Paris Saint-Germain,9847,1397857,Tiago Santos,Lille,8639,False,6.76,90.0,0.0,0.0,0.0,0.0,0.26,0.26,0.0,21.0,26.0,2.0,0.0,0.0,0.0,0.0,5.0,50.0,2.0,5.0,0.0,0.0,0.0,0.0,0.0,5.0,0.0,1.0,1.0,2.0,3.0,2.0,2.0,1.0,0.0,4.0,1.0,0.0,0.0,0.0,0.0,2.0,3.0,0.0,0.0,0.0,0.0,0.0,0.0,1.0,2.0,6.0,0.0,0.0,1.0,1.0,0.0,0.0,0.0,0.0,0.0,0.0,0.0,0.0
5802918,2026-08-28T19:00:00.000Z,2,Ligue 1,Lille,8639,Paris Saint-Germain,9847,1426809,Ethan Mbappé,Lille,8639,False,7.21,68.0,0.0,0.0,0.11,0.07,0.39,0.5,2.0,17.0,18.0,3.0,1.0,0.0,1.0,1.0,1.0,32.0,2.0,1.0,0.0,0.0,0.11,0.0,0.0,1.0,0.0,2.0,0.0,3.0,7.0,0.0,0.0,2.0,1.0,3.0,4.0,0.0,0.0,0.0,0.0,0.0,0.0,0.0,0.0,0.0,0.0,0.0,0.0,1.0,0.0,0.0,0.0,1.0,1.0,4.0,0.0,0.0,0.0,0.0,0.0,0.0,0.0,0.0
5802918,2026-08-28T19:00:00.000Z,2,Ligue 1,Lille,8639,Paris Saint-Germain,9847,1428153,Ngal Ayel Mukau,Lille,8639,False,6.61,29.0,0.0,0.0,0.0,0.0,0.01,0.01,0.0,12.0,14.0,0.0,0.0,0.0,0.0,0.0,2.0,19.0,0.0,1.0,0.0,0.0,0.0,0.0,0.0,2.0,0.0,3.0,1.0,1.0,2.0,1.0,1.0,0.0,0.0,2.0,1.0,0.0,0.0,0.0,0.0,0.0,0.0,0.0,0.0,0.0,0.0,0.0,0.0,0.0,0.0,0.0,1.0,0.0,1.0,1.0,0.0,0.0,0.0,0.0,0.0,0.0,0.0,0.0
5802918,2026-08-28T19:00:00.000Z,2,Ligue 1,Lille,8639,Paris Saint-Germain,9847,1574189,Senny Mayulu,Paris Saint-Germain,9847,False,6.08,18.0,0.0,0.0,0.0,0.0,0.03,0.03,0.0,9.0,10.0,0.0,0.0,0.0,0.0,0.0,0.0,12.0,1.0,0.0,0.0,0.0,0.0,0.0,0.0,0.0,0.0,0.0,0.0,0.0,1.0,0.0,0.0,0.0,1.0,0.0,1.0,0.0,0.0,0.0,0.0,0.0,0.0,0.0,0.0,0.0,0.0,0.0,0.0,0.0,0.0,1.0,0.0,0.0,0.0,0.0,0.0,0.0,0.0,0.0,0.0,0.0,0.0,0.0
5802918,2026-08-28T19:00:00.000Z,2,Ligue 1,Lille,8639,Paris Saint-Germain,9847,1662399,Alessandro Longoni,Paris Saint-Germain,9847,True,0.0,0.0,0.0,0.0,0.0,0.0,0.0,0.0,0.0,0.0,0.0,0.0,0.0,0.0,0.0,0.0,0.0,0.0,0.0,0.0,0.0,0.0,0.0,0.0,0.0,0.0,0.0,0.0,0.0,0.0,0.0,0.0,0.0,0.0,0.0,0.0,0.0,0.0,0.0,0.0,0.0,0.0,0.0,0.0,0.0,0.0,0.0,0.0,0.0,0.0,0.0,0.0,0.0,0.0,0.0,0.0,0.0,0.0,0.0,0.0,0.0,0.0,0.0,0.0
5802918,2026-08-28T19:00:00.000Z,2,Ligue 1,Lille,8639,Paris Saint-Germain,9847,1680590,Isaac Cossier,Lille,8639,False,0.0,0.0,0.0,0.0,0.0,0.0,0.0,0.0,0.0,0.0,0.0,0.0,0.0,0.0,0.0,0.0,0.0,0.0,0.0,0.0,0.0,0.0,0.0,0.0,0.0,0.0,0.0,0.0,0.0,0.0,0.0,0.0,0.0,0.0,0.0,0.0,0.0,0.0,0.0,0.0,0.0,0.0,0.0,0.0,0.0,0.0,0.0,0.0,0.0,0.0,0.0,0.0,0.0,0.0,0.0,0.0,0.0,0.0,0.0,0.0,0.0,0.0,0.0,0.0
5802918,2026-08-28T19:00:00.000Z,2,Ligue 1,Lille,8639,Paris Saint-Germain,9847,1682313,Dro Fernández,Paris Saint-Germain,9847,False,6.57,12.0,0.0,0.0,0.0,0.0,0.45,0.45,0.0,7.0,8.0,1.0,0.0,0.0,0.0,0.0,3.0,13.0,1.0,2.0,0.0,0.0,0.0,2.0,0.0,0.0,1.0,0.0,0.0,2.0,2.0,0.0,0.0,0.0,0.0,2.0,0.0,0.0,0.0,0.0,0.0,0.0,0.0,0.0,0.0,0.0,0.0,0.0,0.0,1.0,0.0,0.0,0.0,0.0,0.0,0.0,0.0,1.0,0.0,0.0,0.0,0.0,0.0,0.0
5802918,2026-08-28T19:00:00.000Z,2,Ligue 1,Lille,8639,Paris Saint-Germain,9847,1684579,Soriba Diaoune,Lille,8639,False,0.0,0.0,0.0,0.0,0.0,0.0,0.0,0.0,0.0,0.0,0.0,0.0,0.0,0.0,0.0,0.0,0.0,0.0,0.0,0.0,0.0,0.0,0.0,0.0,0.0,0.0,0.0,0.0,0.0,0.0,0.0,0.0,0.0,0.0,0.0,0.0,0.0,0.0,0.0,0.0,0.0,0.0,0.0,0.0,0.0,0.0,0.0,0.0,0.0,0.0,0.0,0.0,0.0,0.0,0.0,0.0,0.0,0.0,0.0,0.0,0.0,0.0,0.0,0.0
5803105,2026-08-23T18:45:00.000Z,1,Ligue 1,Rennes,9851,Paris Saint-Germain,9847,210111,Lucas Digne,Paris Saint-Germain,9847,False,0.0,0.0,0.0,0.0,0.0,0.0,0.0,0.0,0.0,0.0,0.0,0.0,0.0,0.0,0.0,0.0,0.0,0.0,0.0,0.0,0.0,0.0,0.0,0.0,0.0,0.0,0.0,0.0,0.0,0.0,0.0,0.0,0.0,0.0,0.0,0.0,0.0,0.0,0.0,0.0,0.0,0.0,0.0,0.0,0.0,0.0,0.0,0.0,0.0,0.0,0.0,0.0,0.0,0.0,0.0,0.0,0.0,0.0,0.0,0.0,0.0,0.0,0.0,0.0
5803105,2026-08-23T18:45:00.000Z,1,Ligue 1,Rennes,9851,Paris Saint-Germain,9847,267365,Marquinhos,Paris Saint-Germain,9847,False,6.39,90.0,0.0,0.0,0.0,0.0,0.03,0.03,0.0,76.0,81.0,0.0,0.0,0.0,0.0,0.0,2.0,89.0,0.0,20.0,0.0,0.0,0.0,1.0,0.0,1.0,0.0,5.0,0.0,1.0,3.0,1.0,4.0,0.0,2.0,2.0,5.0,0.0,0.0,0.0,0.0,19.0,21.0,0.0,0.0,0.0,0.0,0.0,0.0,0.0,0.0,0.0,1.0,0.0,0.0,0.0,0.0,0.0,0.0,0.0,0.0,0.0,0.0,0.0
5803105,2026-08-23T18:45:00.000Z,1,Ligue 1,Rennes,9851,Paris Saint-Germain,9847,279714,Brice Samba,Rennes,9851,True,7.02,90.0,0.0,0.0,0.0,0.0,0.0,0.0,0.0,22.0,33.0,0.0,0.0,0.0,0.0,0.0,0.0,43.0,0.0,7.0,0.0,0.0,0.0,0.0,0.0,0.0,0.0,9.0,0.0,0.0,0.0,0.0,0.0,0.0,0.0,0.0,0.0,3.0,2.0,2.37,0.37,16.0,26.0,3.0,2.0,0.0,0.0,5.0,2.0,0.0,0.0,0.0,0.0,0.0,0.0,0.0,0.0,0.0,0.0,0.0,0.0,0.0,0.0,0.0
5803105,2026-08-23T18:45:00.000Z,1,Ligue 1,Rennes,9851,Paris Saint-Germain,9847,317062,Adrien Thomasson,Rennes,9851,False,7.45,90.0,0.0,1.0,0.0,0.0,0.02,0.02,0.0,33.0,39.0,1.0,0.0,0.0,0.0,0.0,5.0,54.0,2.0,2.0,0.0,0.0,0.0,2.0,1.0,1.0,1.0,5.0,5.0,4.0,11.0,1.0,1.0,1.0,2.0,5.0,7.0,0.0,0.0,0.0,0.0,1.0,3.0,0.0,0.0,0.0,0.0,0.0,0.0,0.0,0.0,1.0,0.0,0.0,1.0,1.0,0.0,0.0,0.0,0.0,0.0,0.0,0.0,0.0
5803105,2026-08-23T18:45:00.000Z,1,Ligue 1,Rennes,9851,Paris Saint-Germain,9847,402419,Przemyslaw Frankowski,Rennes,9851,False,6.95,88.0,0.0,1.0,0.0,0.0,0.07,0.07,0.0,15.0,20.0,1.0,0.0,0.0,0.0,0.0,8.0,46.0,4.0,1.0,0.0,0.0,0.0,1.0,0.0,5.0,2.0,1.0,2.0,1.0,4.0,1.0,1.0,0.0,0.0,2.0,3.0,0.0,0.0,0.0,0.0,0.0,0.0,0.0,0.0,0.0,0.0,0.0,0.0,1.0,1.0,2.0,3.0,0.0,0.0,1.0,0.0,0.0,0.0,0.0,0.0,0.0,0.0,0.0
5803105,2026-08-23T18:45:00.000Z,1,Ligue 1,Rennes,9851,Paris Saint-Germain,9847,504606,Lucas Hernández,Paris Saint-Germain,9847,False,6.52,90.0,0.0,0.0,0.0,0.0,0.03,0.03,0.0,75.0,86.0,1.0,0.0,0.0,0.0,0.0,3.0,99.0,0.0,14.0,0.0,0.0,0.0,0.0,0.0,3.0,0.0,3.0,0.0,0.0,0.0,1.0,4.0,0.0,0.0,1.0,3.0,0.0,0.0,0.0,0.0,1.0,5.0,0.0,0.0,0.0,0.0,0.0,0.0,0.0,0.0,0.0,1.0,0.0,0.0,0.0,0.0,0.0,0.0,0.0,0.0,0.0,0.0,0.0
5803105,2026-08-23T18:45:00.000Z,1,Ligue 1,Rennes,9851,Paris Saint-Germain,9847,562719,Valentin Rongier,Rennes,9851,False,7.37,90.0,0.0,0.0,0.0,0.0,0.02,0.02,0.0,36.0,43.0,0.0,0.0,0.0,0.0,0.0,12.0,59.0,0.0,5.0,0.0,0.0,0.0,2.0,4.0,4.0,2.0,4.0,1.0,3.0,4.0,3.0,5.0,0.0,0.0,6.0,3.0,0.0,0.0,0.0,0.0,1.0,2.0,0.0,0.0,0.0,0.0,0.0,0.0,0.0,0.0,0.0,3.0,0.0,1.0,1.0,0.0,0.0,0.0,0.0,0.0,0.0,0.0,0.0
5803105,2026-08-23T18:45:00.000Z,1,Ligue 1,Rennes,9851,Paris Saint-Germain,9847,605654,Fabián Ruiz,Paris Saint-Germain,9847,False,8.56,30.0,0.0,2.0,0.0,0.0,0.3,0.3,0.0,23.0,25.0,3.0,0.0,0.0,0.0,0.0,2.0,34.0,1.0,3.0,0.0,0.0,0.0,1.0,0.0,0.0,1.0,2.0,0.0,2.0,2.0,0.0,0.0,0.0,0.0,2.0,0.0,0.0,0.0,0.0,0.0,3.0,3.0,0.0,0.0,0.0,0.0,0.0,0.0,2.0,1.0,2.0,0.0,0.0,1.0,1.0,0.0,0.0,0.0,0.0,0.0,0.0,0.0,0.0
5803105,2026-08-23T18:45:00.000Z,1,Ligue 1,Rennes,9851,Paris Saint-Germain,9847,692984,Ousmane Dembélé,Paris Saint-Germain,9847,False,6.45,45.0,0.0,0.0,0.26,0.0,0.08,0.34,3.0,17.0,19.0,2.0,0.0,1.0,0.0,1.0,0.0,34.0,2.0,4.0,1.0,0.0,0.26,0.0,0.0,0.0,0.0,0.0,0.0,0.0,2.0,0.0,0.0,0.0,0.0,0.0,2.0,0.0,0.0,0.0,0.0,0.0,0.0,0.0,0.0,0.0,0.0,0.0,0.0,0.0,2.0,6.0,0.0,2.0,0.0,1.0,6.0,1.0,0.0,0.0,0.0,0.0,0.0,0.0
5803105,2026-08-23T18:45:00.000Z,1,Ligue 1,Rennes,9851,Paris Saint-Germain,9847,693171,Ludovic Blas,Rennes,9851,False,6.33,18.0,0.0,0.0,0.26,0.0,0.0,0.26,2.0,4.0,5.0,0.0,1.0,1.0,1.0,2.0,2.0,12.0,2.0,1.0,0.0,0.0,0.26,1.0,0.0,0.0,1.0,0.0,0.0,1.0,1.0,0.0,1.0,0.0,0.0,1.0,1.0,0.0,0.0,0.0,0.0,0.0,0.0,0.0,0.0,0.0,0.0,0.0,0.0,0.0,0.0,2.0,0.0,0.0,0.0,0.0,0.0,1.0,0.0,0.0,0.0,0.0,0.0,0.0
5803105,2026-08-23T18:45:00.000Z,1,Ligue 1,Rennes,9851,Paris Saint-Germain,9847,765466,Sebastian Szymanski,Rennes,9851,False,8.14,78.0,1.0,0.0,0.11,0.27,0.03,0.14,1.0,15.0,19.0,1.0,1.0,0.0,1.0,1.0,7.0,37.0,0.0,2.0,0.0,0.0,0.11,5.0,0.0,1.0,1.0,2.0,0.0,6.0,7.0,0.0,0.0,1.0,0.0,6.0,1.0,0.0,0.0,0.0,0.0,0.0,1.0,0.0,0.0,0.0,0.0,0.0,0.0,0.0,0.0,0.0,0.0,0.0,0.0,1.0,0.0,0.0,0.0,0.0,0.0,0.0,0.0,0.0
5803105,2026-08-23T18:45:00.000Z,1,Ligue 1,Rennes,9851,Paris Saint-Germain,9847,770340,Arnaud Nordin,Rennes,9851,False,0.0,2.0,0.0,0.0,0.0,0.0,0.0,0.0,0.0,1.0,1.0,0.0,0.0,0.0,0.0,0.0,0.0,3.0,0.0,0.0,0.0,0.0,0.0,0.0,0.0,0.0,0.0,0.0,0.0,0.0,1.0,0.0,0.0,0.0,0.0,0.0,1.0,0.0,0.0,0.0,0.0,0.0,0.0,0.0,0.0,0.0,0.0,0.0,0.0,0.0,0.0,0.0,0.0,0.0,0.0,1.0,0.0,0.0,0.0,0.0,0.0,0.0,0.0,0.0
5803105,2026-08-23T18:45:00.000Z,1,Ligue 1,Rennes,9851,Paris Saint-Germain,9847,770881,Achraf Hakimi,Paris Saint-Germain,9847,False,7.32,90.0,0.0,0.0,0.01,0.0,0.14,0.15000000000000002,1.0,74.0,86.0,1.0,0.0,1.0,0.0,1.0,3.0,123.0,3.0,13.0,2.0,1.0,0.01,2.0,0.0,0.0,1.0,8.0,2.0,9.0,19.0,1.0,1.0,2.0,0.0,10.0,10.0,0.0,0.0,0.0,0.0,1.0,3.0,0.0,0.0,0.0,0.0,0.0,0.0,1.0,0.0,5.0,0.0,0.0,5.0,11.0,1.0,0.0,0.0,0.0,0.0,0.0,0.0,0.0
5803105,2026-08-23T18:45:00.000Z,1,Ligue 1,Rennes,9851,Paris Saint-Germain,9847,800880,Matvey Safonov,Paris Saint-Germain,9847,True,5.49,90.0,0.0,0.0,0.0,0.0,0.0,0.0,0.0,18.0,18.0,0.0,0.0,0.0,0.0,0.0,1.0,28.0,0.0,0.0,0.0,0.0,0.0,0.0,0.0,1.0,0.0,10.0,0.0,1.0,1.0,0.0,0.0,1.0,0.0,1.0,0.0,0.0,2.0,0.88,-1.12,3.0,3.0,0.0,0.0,2.0,0.0,6.0,0.0,0.0,0.0,0.0,0.0,0.0,0.0,0.0,0.0,0.0,0.0,0.0,0.0,0.0,0.0,0.0
5803105,2026-08-23T18:45:00.000Z,1,Ligue 1,Rennes,9851,Paris Saint-Germain,9847,813055,Mousa Tamari,Rennes,9851,False,6.64,72.0,0.0,0.0,0.05,0.0,0.01,0.060000000000000005,2.0,6.0,10.0,0.0,0.0,1.0,0.0,1.0,2.0,27.0,2.0,1.0,1.0,0.0,0.05,2.0,0.0,0.0,0.0,6.0,1.0,6.0,12.0,0.0,1.0,0.0,1.0,6.0,7.0,0.0,0.0,0.0,0.0,0.0,0.0,0.0,0.0,0.0,0.0,0.0,0.0,0.0,0.0,1.0,0.0,1.0,4.0,7.0,0.0,0.0,0.0,0.0,0.0,0.0,0.0,0.0
5803105,2026-08-23T18:45:00.000Z,1,Ligue 1,Rennes,9851,Paris Saint-Germain,9847,881771,Ferrán Torres,Paris Saint-Germain,9847,False,8.8,45.0,2.0,0.0,0.76,1.12,0.02,0.78,2.0,14.0,17.0,1.0,2.0,0.0,2.0,2.0,2.0,27.0,2.0,1.0,0.0,0.0,0.76,0.0,0.0,0.0,2.0,3.0,0.0,0.0,0.0,0.0,0.0,0.0,0.0,0.0,0.0,0.0,0.0,0.0,0.0,0.0,0.0,0.0,0.0,0.0,0.0,0.0,0.0,0.0,0.0,3.0,0.0,0.0,0.0,0.0,0.0,0.0,0.0,0.0,0.0,0.0,0.0,0.0
5803105,2026-08-23T18:45:00.000Z,1,Ligue 1,Rennes,9851,Paris Saint-Germain,9847,900433,Khvicha Kvaratskhelia,Paris Saint-Germain,9847,False,6.25,45.0,0.0,0.0,0.06,0.0,0.11,0.16999999999999998,1.0,20.0,20.0,1.0,0.0,0.0,0.0,0.0,0.0,29.0,1.0,0.0,1.0,2.0,0.06,0.0,0.0,0.0,0.0,0.0,0.0,0.0,4.0,0.0,0.0,0.0,0.0,0.0,4.0,0.0,0.0,0.0,0.0,0.0,0.0,0.0,0.0,0.0,0.0,0.0,0.0,0.0,1.0,2.0,0.0,1.0,0.0,3.0,0.0,0.0,0.0,0.0,0.0,0.0,0.0,0.0
5803105,2026-08-23T18:45:00.000Z,1,Ligue 1,Rennes,9851,Paris Saint-Germain,9847,924446,Bryan Reynolds,Rennes,9851,False,0.0,2.0,0.0,0.0,0.0,0.0,0.0,0.0,0.0,1.0,2.0,0.0,0.0,0.0,0.0,0.0,3.0,5.0,0.0,0.0,0.0,0.0,0.0,0.0,0.0,2.0,1.0,0.0,0.0,0.0,0.0,0.0,0.0,0.0,0.0,0.0,0.0,0.0,0.0,0.0,0.0,0.0,0.0,0.0,0.0,0.0,0.0,0.0,0.0,0.0,0.0,0.0,0.0,0.0,0.0,0.0,0.0,0.0,0.0,0.0,0.0,0.0,0.0,0.0
5803105,2026-08-23T18:45:00.000Z,1,Ligue 1,Rennes,9851,Paris Saint-Germain,9847,1061249,Vítinha,Paris Saint-Germain,9847,False,6.91,69.0,0.0,0.0,0.0,0.0,0.18,0.18,0.0,86.0,93.0,0.0,0.0,0.0,0.0,0.0,2.0,108.0,3.0,22.0,2.0,0.0,0.0,1.0,0.0,0.0,1.0,3.0,3.0,3.0,8.0,0.0,0.0,0.0,0.0,3.0,5.0,0.0,0.0,0.0,0.0,19.0,22.0,0.0,0.0,0.0,0.0,0.0,0.0,0.0,1.0,3.0,0.0,0.0,2.0,2.0,0.0,0.0,0.0,0.0,0.0,0.0,0.0,0.0
5803105,2026-08-23T18:45:00.000Z,1,Ligue 1,Rennes,9851,Paris Saint-Germain,9847,1079554,Anthony Rouault,Rennes,9851,False,0.0,0.0,0.0,0.0,0.0,0.0,0.0,0.0,0.0,0.0,0.0,0.0,0.0,0.0,0.0,0.0,0.0,0.0,0.0,0.0,0.0,0.0,0.0,0.0,0.0,0.0,0.0,0.0,0.0,0.0,0.0,0.0,0.0,0.0,0.0,0.0,0.0,0.0,0.0,0.0,0.0,0.0,0.0,0.0,0.0,0.0,0.0,0.0,0.0,0.0,0.0,0.0,0.0,0.0,0.0,0.0,0.0,0.0,0.0,0.0,0.0,0.0,0.0,0.0
5803105,2026-08-23T18:45:00.000Z,1,Ligue 1,Rennes,9851,Paris Saint-Germain,9847,1103837,Issa Soumaré,Rennes,9851,False,7.23,88.0,0.0,0.0,0.0,0.0,0.02,0.02,0.0,15.0,25.0,1.0,0.0,0.0,0.0,0.0,7.0,45.0,2.0,4.0,1.0,0.0,0.0,2.0,1.0,2.0,2.0,4.0,0.0,6.0,8.0,1.0,2.0,3.0,1.0,7.0,3.0,0.0,0.0,0.0,0.0,0.0,0.0,0.0,0.0,0.0,0.0,0.0,0.0,0.0,0.0,1.0,2.0,0.0,1.0,1.0,0.0,0.0,0.0,0.0,0.0,0.0,0.0,0.0
5803105,2026-08-23T18:45:00.000Z,1,Ligue 1,Rennes,9851,Paris Saint-Germain,9847,1137670,Willian Pacho,Paris Saint-Germain,9847,False,7.09,90.0,0.0,0.0,0.0,0.0,0.01,0.01,0.0,55.0,57.0,0.0,0.0,0.0,0.0,0.0,5.0,66.0,0.0,2.0,0.0,0.0,0.0,1.0,2.0,2.0,0.0,5.0,0.0,1.0,2.0,2.0,2.0,0.0,1.0,3.0,1.0,0.0,0.0,0.0,0.0,5.0,6.0,0.0,0.0,0.0,0.0,0.0,0.0,0.0,0.0,0.0,2.0,0.0,0.0,0.0,0.0,0.0,1.0,0.0,0.0,0.0,0.0,0.0
5803105,2026-08-23T18:45:00.000Z,1,Ligue 1,Rennes,9851,Paris Saint-Germain,9847,1140003,Ilya Zabarnyi,Paris Saint-Germain,9847,False,0.0,0.0,0.0,0.0,0.0,0.0,0.0,0.0,0.0,0.0,0.0,0.0,0.0,0.0,0.0,0.0,0.0,0.0,0.0,0.0,0.0,0.0,0.0,0.0,0.0,0.0,0.0,0.0,0.0,0.0,0.0,0.0,0.0,0.0,0.0,0.0,0.0,0.0,0.0,0.0,0.0,0.0,0.0,0.0,0.0,0.0,0.0,0.0,0.0,0.0,0.0,0.0,0.0,0.0,0.0,0.0,0.0,0.0,0.0,0.0,0.0,0.0,0.0,0.0
5803105,2026-08-23T18:45:00.000Z,1,Ligue 1,Rennes,9851,Paris Saint-Germain,9847,1177131,Lucas Chevalier,Paris Saint-Germain,9847,True,0.0,0.0,0.0,0.0,0.0,0.0,0.0,0.0,0.0,0.0,0.0,0.0,0.0,0.0,0.0,0.0,0.0,0.0,0.0,0.0,0.0,0.0,0.0,0.0,0.0,0.0,0.0,0.0,0.0,0.0,0.0,0.0,0.0,0.0,0.0,0.0,0.0,0.0,0.0,0.0,0.0,0.0,0.0,0.0,0.0,0.0,0.0,0.0,0.0,0.0,0.0,0.0,0.0,0.0,0.0,0.0,0.0,0.0,0.0,0.0,0.0,0.0,0.0,0.0
5803105,2026-08-23T18:45:00.000Z,1,Ligue 1,Rennes,9851,Paris Saint-Germain,9847,1186444,Charlie Cresswell,Rennes,9851,False,6.65,90.0,0.0,0.0,0.0,0.0,0.0,0.0,0.0,22.0,31.0,0.0,0.0,0.0,0.0,0.0,9.0,42.0,0.0,4.0,0.0,0.0,0.0,0.0,1.0,7.0,1.0,5.0,1.0,1.0,2.0,2.0,2.0,1.0,0.0,3.0,1.0,0.0,0.0,0.0,0.0,2.0,8.0,0.0,0.0,0.0,0.0,0.0,0.0,0.0,0.0,0.0,2.0,0.0,0.0,0.0,0.0,0.0,0.0,0.0,0.0,0.0,0.0,0.0
5803105,2026-08-23T18:45:00.000Z,1,Ligue 1,Rennes,9851,Paris Saint-Germain,9847,1233931,Quentin Merlin,Rennes,9851,False,6.18,12.0,0.0,0.0,0.0,0.0,0.23,0.23,0.0,9.0,11.0,1.0,0.0,0.0,0.0,0.0,0.0,17.0,0.0,2.0,1.0,0.0,0.0,0.0,0.0,0.0,0.0,3.0,0.0,0.0,1.0,0.0,0.0,0.0,0.0,0.0,1.0,0.0,0.0,0.0,0.0,1.0,3.0,0.0,0.0,0.0,0.0,0.0,0.0,1.0,1.0,1.0,0.0,0.0,0.0,0.0,0.0,0.0,0.0,0.0,0.0,0.0,0.0,0.0
5803105,2026-08-23T18:45:00.000Z,1,Ligue 1,Rennes,9851,Paris Saint-Germain,9847,1255209,Lucas Beraldo,Paris Saint-Germain,9847,False,6.76,21.0,0.0,0.0,0.0,0.0,0.01,0.01,0.0,16.0,17.0,0.0,0.0,0.0,0.0,0.0,2.0,21.0,0.0,3.0,0.0,0.0,0.0,1.0,0.0,1.0,0.0,2.0,0.0,2.0,2.0,0.0,0.0,0.0,0.0,2.0,0.0,0.0,0.0,0.0,0.0,4.0,4.0,0.0,0.0,0.0,0.0,0.0,0.0,0.0,0.0,0.0,0.0,0.0,1.0,1.0,0.0,0.0,0.0,0.0,0.0,0.0,0.0,0.0
5803105,2026-08-23T18:45:00.000Z,1,Ligue 1,Rennes,9851,Paris Saint-Germain,9847,1280225,Estéban Lepaul,Rennes,9851,False,7.16,90.0,1.0,0.0,0.36,0.61,0.02,0.38,2.0,16.0,21.0,0.0,1.0,1.0,1.0,2.0,0.0,27.0,2.0,1.0,1.0,0.0,0.36,0.0,0.0,0.0,0.0,0.0,1.0,0.0,3.0,1.0,2.0,0.0,0.0,1.0,4.0,0.0,0.0,0.0,0.0,0.0,0.0,0.0,0.0,0.0,0.0,0.0,0.0,0.0,0.0,0.0,0.0,0.0,0.0,1.0,0.0,0.0,0.0,0.0,0.0,0.0,0.0,0.0
5803105,2026-08-23T18:45:00.000Z,1,Ligue 1,Rennes,9851,Paris Saint-Germain,9847,1305618,Maghnes Akliouche,Paris Saint-Germain,9847,False,6.36,30.0,0.0,0.0,0.0,0.0,0.02,0.02,0.0,15.0,17.0,0.0,0.0,0.0,0.0,0.0,2.0,23.0,1.0,2.0,0.0,0.0,0.0,1.0,0.0,0.0,1.0,2.0,0.0,1.0,2.0,0.0,1.0,0.0,0.0,1.0,2.0,0.0,0.0,0.0,0.0,0.0,1.0,0.0,0.0,0.0,0.0,0.0,0.0,0.0,0.0,0.0,0.0,0.0,0.0,1.0,0.0,0.0,0.0,0.0,0.0,0.0,0.0,0.0
5803105,2026-08-23T18:45:00.000Z,1,Ligue 1,Rennes,9851,Paris Saint-Germain,9847,1339208,Désiré Doué,Paris Saint-Germain,9847,False,7.68,90.0,0.0,0.0,0.39,0.04,0.08,0.47000000000000003,5.0,50.0,62.0,1.0,1.0,1.0,1.0,2.0,4.0,100.0,8.0,6.0,5.0,3.0,0.39,3.0,0.0,0.0,1.0,6.0,3.0,12.0,21.0,0.0,0.0,4.0,1.0,12.0,9.0,0.0,0.0,0.0,0.0,1.0,1.0,0.0,0.0,0.0,0.0,0.0,0.0,0.0,0.0,4.0,0.0,3.0,5.0,5.0,0.0,0.0,0.0,0.0,0.0,0.0,0.0,0.0
5803105,2026-08-23T18:45:00.000Z,1,Ligue 1,Rennes,9851,Paris Saint-Germain,9847,1342757,João Neves,Paris Saint-Germain,9847,False,7.08,60.0,0.0,0.0,0.16,0.79,0.05,0.21000000000000002,3.0,56.0,59.0,1.0,1.0,0.0,1.0,1.0,4.0,70.0,5.0,5.0,0.0,0.0,0.16,2.0,0.0,0.0,2.0,3.0,0.0,2.0,3.0,2.0,5.0,0.0,1.0,4.0,4.0,0.0,0.0,0.0,0.0,7.0,7.0,0.0,0.0,0.0,0.0,0.0,0.0,0.0,0.0,0.0,0.0,2.0,0.0,0.0,0.0,0.0,0.0,0.0,0.0,0.0,0.0,0.0
5803105,2026-08-23T18:45:00.000Z,1,Ligue 1,Rennes,9851,Paris Saint-Germain,9847,1367615,Warren Zaïre-Emery,Paris Saint-Germain,9847,False,6.9,60.0,0.0,0.0,0.49,0.42,0.04,0.53,3.0,37.0,41.0,0.0,1.0,1.0,1.0,2.0,1.0,51.0,2.0,7.0,0.0,0.0,0.49,0.0,0.0,0.0,1.0,5.0,0.0,1.0,3.0,0.0,0.0,0.0,0.0,1.0,2.0,0.0,0.0,0.0,0.0,1.0,2.0,0.0,0.0,0.0,0.0,0.0,0.0,0.0,0.0,0.0,0.0,1.0,1.0,3.0,0.0,1.0,0.0,0.0,0.0,0.0,0.0,0.0
5803105,2026-08-23T18:45:00.000Z,1,Ligue 1,Rennes,9851,Paris Saint-Germain,9847,1391052,Eliezer Mayenda,Rennes,9851,False,0.0,0.0,0.0,0.0,0.0,0.0,0.0,0.0,0.0,0.0,0.0,0.0,0.0,0.0,0.0,0.0,0.0,0.0,0.0,0.0,0.0,0.0,0.0,0.0,0.0,0.0,0.0,0.0,0.0,0.0,0.0,0.0,0.0,0.0,0.0,0.0,0.0,0.0,0.0,0.0,0.0,0.0,0.0,0.0,0.0,0.0,0.0,0.0,0.0,0.0,0.0,0.0,0.0,0.0,0.0,0.0,0.0,0.0,0.0,0.0,0.0,0.0,0.0,0.0
5803105,2026-08-23T18:45:00.000Z,1,Ligue 1,Rennes,9851,Paris Saint-Germain,9847,1396372,Mika Godts,Paris Saint-Germain,9847,False,6.97,45.0,0.0,0.0,0.03,0.0,0.13,0.16,1.0,34.0,39.0,2.0,0.0,1.0,0.0,1.0,1.0,47.0,2.0,6.0,0.0,1.0,0.03,1.0,0.0,0.0,0.0,1.0,1.0,2.0,5.0,0.0,0.0,0.0,1.0,2.0,3.0,0.0,0.0,0.0,0.0,3.0,3.0,0.0,0.0,0.0,0.0,0.0,0.0,0.0,1.0,2.0,0.0,0.0,1.0,2.0,3.0,0.0,0.0,0.0,0.0,0.0,0.0,0.0
5803105,2026-08-23T18:45:00.000Z,1,Ligue 1,Rennes,9851,Paris Saint-Germain,9847,1553514,Mahamadou Nagida,Rennes,9851,False,7.32,78.0,0.0,0.0,0.1,0.0,0.05,0.15000000000000002,2.0,18.0,27.0,1.0,0.0,2.0,0.0,2.0,10.0,53.0,0.0,1.0,1.0,0.0,0.1,4.0,1.0,3.0,2.0,7.0,4.0,6.0,15.0,0.0,1.0,0.0,2.0,6.0,10.0,0.0,0.0,0.0,0.0,1.0,5.0,0.0,0.0,0.0,0.0,0.0,0.0,0.0,2.0,2.0,0.0,0.0,2.0,4.0,0.0,0.0,0.0,0.0,0.0,0.0,0.0,0.0
5803105,2026-08-23T18:45:00.000Z,1,Ligue 1,Rennes,9851,Paris Saint-Germain,9847,1581722,Abdelhamid Aït Boudlal,Rennes,9851,False,7.3,90.0,0.0,0.0,0.0,0.0,0.0,0.0,0.0,32.0,33.0,0.0,0.0,0.0,0.0,0.0,16.0,49.0,0.0,1.0,0.0,0.0,0.0,6.0,1.0,8.0,1.0,6.0,1.0,6.0,8.0,1.0,1.0,0.0,1.0,7.0,2.0,0.0,0.0,0.0,0.0,0.0,1.0,0.0,0.0,0.0,0.0,0.0,0.0,0.0,0.0,0.0,4.0,0.0,0.0,0.0,0.0,0.0,0.0,0.0,0.0,0.0,0.0,0.0
5803105,2026-08-23T18:45:00.000Z,1,Ligue 1,Rennes,9851,Paris Saint-Germain,9847,1682313,Dro Fernández,Paris Saint-Germain,9847,False,0.0,0.0,0.0,0.0,0.0,0.0,0.0,0.0,0.0,0.0,0.0,0.0,0.0,0.0,0.0,0.0,0.0,0.0,0.0,0.0,0.0,0.0,0.0,0.0,0.0,0.0,0.0,0.0,0.0,0.0,0.0,0.0,0.0,0.0,0.0,0.0,0.0,0.0,0.0,0.0,0.0,0.0,0.0,0.0,0.0,0.0,0.0,0.0,0.0,0.0,0.0,0.0,0.0,0.0,0.0,0.0,0.0,0.0,0.0,0.0,0.0,0.0,0.0,0.0
5803105,2026-08-23T18:45:00.000Z,1,Ligue 1,Rennes,9851,Paris Saint-Germain,9847,1707955,Henrick Do Marcolino,Rennes,9851,False,6.18,12.0,0.0,0.0,0.0,0.0,0.0,0.0,0.0,5.0,6.0,1.0,0.0,0.0,0.0,0.0,0.0,7.0,0.0,0.0,0.0,0.0,0.0,0.0,0.0,0.0,0.0,0.0,0.0,0.0,0.0,0.0,0.0,0.0,0.0,0.0,0.0,0.0,0.0,0.0,0.0,0.0,0.0,0.0,0.0,0.0,0.0,0.0,0.0,0.0,0.0,0.0,0.0,0.0,0.0,0.0,0.0,0.0,0.0,0.0,0.0,0.0,0.0,0.0
5803105,2026-08-23T18:45:00.000Z,1,Ligue 1,Rennes,9851,Paris Saint-Germain,9847,1841191,Kilian Belazzoug,Rennes,9851,True,0.0,0.0,0.0,0.0,0.0,0.0,0.0,0.0,0.0,0.0,0.0,0.0,0.0,0.0,0.0,0.0,0.0,0.0,0.0,0.0,0.0,0.0,0.0,0.0,0.0,0.0,0.0,0.0,0.0,0.0,0.0,0.0,0.0,0.0,0.0,0.0,0.0,0.0,0.0,0.0,0.0,0.0,0.0,0.0,0.0,0.0,0.0,0.0,0.0,0.0,0.0,0.0,0.0,0.0,0.0,0.0,0.0,0.0,0.0,0.0,0.0,0.0,0.0,0.0
5803105,2026-08-23T18:45:00.000Z,1,Ligue 1,Rennes,9851,Paris Saint-Germain,9847,1858591,Elías Legendre,Rennes,9851,False,0.0,0.0,0.0,0.0,0.0,0.0,0.0,0.0,0.0,0.0,0.0,0.0,0.0,0.0,0.0,0.0,0.0,0.0,0.0,0.0,0.0,0.0,0.0,0.0,0.0,0.0,0.0,0.0,0.0,0.0,0.0,0.0,0.0,0.0,0.0,0.0,0.0,0.0,0.0,0.0,0.0,0.0,0.0,0.0,0.0,0.0,0.0,0.0,0.0,0.0,0.0,0.0,0.0,0.0,0.0,0.0,0.0,0.0,0.0,0.0,0.0,0.0,0.0,0.0
