match_id,match_date,match_round,league_name,home_team,home_team_id,away_team,away_team_id,id,eventType,teamId,playerId,playerName,x,y,min,minAdded,isBlocked,isOnTarget,blockedX,blockedY,goalCrossedY,goalCrossedZ,expectedGoals,expectedGoalsOnTarget,shotType,situation,period,isOwnGoal,onGoalShot,isSavedOffLine,isFromInsideBox,keeperId,firstName,lastName,fullName,teamColor,shortName
5795363,2026-08-21T19:00:00.000Z,1,Premier League,Arsenal,9825,Coventry City,8669,2957440653,Miss,9825,1157237,Christos Tzolis,89.7,39.629047619999994,5,,False,False,,,24.2794904507,5.305931043199999,0.04394165053963661,0.0,RightFoot,RegularPlay,FirstHalf,False,"{'x': 2, 'y': 0.5458490644229748, 'zoomRatio': 0.38886850332575484}",False,True,,Christos,Tzolis,Christos Tzolis,#bd0510,
5795363,2026-08-21T19:00:00.000Z,1,Premier League,Arsenal,9825,Coventry City,8669,2957443553,AttemptSaved,9825,961995,Bukayo Saka,96.2192982446,28.202857142,7,,True,True,98.535087719,29.463571426999998,32.24625,1.2199999940000001,0.09399759024381638,0.0,RightFoot,RegularPlay,FirstHalf,False,"{'x': 1.4639550264550256, 'y': 0.32275132116402117, 'zoomRatio': 1}",False,True,,Bukayo,Saka,Bukayo Saka,#bd0510,
5795363,2026-08-21T19:00:00.000Z,1,Premier League,Arsenal,9825,Coventry City,8669,2957444815,AttemptSaved,9825,1157237,Christos Tzolis,90.0,34.38125,8,,False,True,102.25000000019999,35.6775,35.9825,1.2199999940000001,0.07917913049459457,0.0,LeftFoot,FromCorner,FirstHalf,False,"{'x': 0.47552910052910013, 'y': 0.32275132116402117, 'zoomRatio': 1}",True,True,,Christos,Tzolis,Christos Tzolis,#bd0510,
5795363,2026-08-21T19:00:00.000Z,1,Premier League,Arsenal,9825,Coventry City,8669,2957447121,Miss,9825,654096,Declan Rice,77.1917475744,42.928749999999994,9,,False,False,,,31.4075,6.027172424800001,0.022822126746177673,0.0,RightFoot,RegularPlay,FirstHalf,False,"{'x': 1.291308605763914, 'y': 0.6772486772486772, 'zoomRatio': 0.42474311660080777}",False,False,,Declan,Rice,Declan Rice,#bd0510,
5795363,2026-08-21T19:00:00.000Z,1,Premier League,Arsenal,9825,Coventry City,8669,2957452639,AttemptSaved,8669,1283034,Loum Tchaouna,74.714077672,27.278333333000003,13,,True,True,80.4577669912,28.707142856,34.533750000000005,1.2199999940000001,0.014516903087496758,0.0,LeftFoot,RegularPlay,FirstHalf,False,"{'x': 0.8587962962962951, 'y': 0.32275132116402117, 'zoomRatio': 1}",False,False,,Loum,Tchaouna,Loum Tchaouna,#65b0e4,
5795363,2026-08-21T19:00:00.000Z,1,Premier League,Arsenal,9825,Coventry City,8669,2957456215,Goal,9825,749736,Kai Havertz,90.9,32.779999999999994,15,,False,True,,,30.95,0.160526315,0.260777086019516,0.8716396689414978,LeftFoot,RegularPlay,FirstHalf,False,"{'x': 1.806878306878306, 'y': 0.042467279100529096, 'zoomRatio': 1}",False,True,1187236.0,Kai,Havertz,Kai Havertz,#bd0510,
5795363,2026-08-21T19:00:00.000Z,1,Premier League,Arsenal,9825,Coventry City,8669,2957467411,Goal,9825,961995,Bukayo Saka,98.535087719,30.304,23,,False,True,,,34.0,0.1219999994,0.520531415939331,0.9871806502342224,LeftFoot,FastBreak,FirstHalf,False,"{'x': 1, 'y': 0.032275132116402115, 'zoomRatio': 1}",False,True,1187236.0,Bukayo,Saka,Bukayo Saka,#bd0510,
5795363,2026-08-21T19:00:00.000Z,1,Premier League,Arsenal,9825,Coventry City,8669,2957480775,AttemptSaved,9825,776151,Ben White,96.79824561320001,27.278333333000003,33,,True,True,98.3421052628,28.707142856,33.77125,1.2199999940000001,0.17702578008174896,0.0,LeftFoot,RegularPlay,FirstHalf,False,"{'x': 1.0605158730158726, 'y': 0.32275132116402117, 'zoomRatio': 1}",False,True,,Ben,White,Ben White,#bd0510,
5795363,2026-08-21T19:00:00.000Z,1,Premier League,Arsenal,9825,Coventry City,8669,2957485855,AttemptSaved,9825,1105912,Riccardo Calafiori,87.85588235280001,37.66,38,,True,True,94.9649122793,36.5925,35.0675,1.2199999940000001,0.043393392115831375,0.0,LeftFoot,RegularPlay,FirstHalf,False,"{'x': 0.7175925925925919, 'y': 0.32275132116402117, 'zoomRatio': 1}",False,False,,Riccardo,Calafiori,Riccardo Calafiori,#bd0510,
5795363,2026-08-21T19:00:00.000Z,1,Premier League,Arsenal,9825,Coventry City,8669,2957491221,Miss,8669,1283034,Loum Tchaouna,83.94902912639999,37.2025,42,,False,False,,,31.636249999999997,3.7417931072000004,0.025967372581362724,0.0,LeftFoot,RegularPlay,FirstHalf,False,"{'x': 1.4278287214133234, 'y': 0.6772486772486772, 'zoomRatio': 0.6841639627466359}",False,False,,Loum,Tchaouna,Loum Tchaouna,#65b0e4,
5795363,2026-08-21T19:00:00.000Z,1,Premier League,Arsenal,9825,Coventry City,8669,2957495331,AttemptSaved,9825,534670,Martin Ødegaard,85.06470588159999,19.655286626899997,45,1.0,True,True,91.0,23.9992356735,34.915000000000006,1.2199999940000001,0.025916090235114098,0.0,LeftFoot,FromCorner,FirstHalf,False,"{'x': 0.7579365079365064, 'y': 0.32275132116402117, 'zoomRatio': 1}",False,False,,Martin,Ødegaard,Martin Ødegaard,#bd0510,
5795363,2026-08-21T19:00:00.000Z,1,Premier League,Arsenal,9825,Coventry City,8669,2957496165,Miss,9825,654096,Declan Rice,84.62475728160001,26.2853125,45,2.0,False,False,,,39.797142858,1.9648420956000001,0.050006523728370667,0.0,LeftFoot,FromCorner,FirstHalf,False,"{'x': -2.220446049250313e-16, 'y': 0.3389328404920257, 'zoomRatio': 0.6520453424368587}",False,False,,Declan,Rice,Declan Rice,#bd0510,
5795363,2026-08-21T19:00:00.000Z,1,Premier League,Arsenal,9825,Coventry City,8669,2957511241,Goal,9825,534670,Martin Ødegaard,96.50877192889999,26.774047619,49,,False,True,,,32.3225,0.44947368200000004,0.12164849787950516,0.15557637810707092,RightFoot,RegularPlay,SecondHalf,False,"{'x': 1.4437830687830693, 'y': 0.11890838148148149, 'zoomRatio': 1}",False,True,1187236.0,Martin,Ødegaard,Martin Ødegaard,#bd0510,
5795363,2026-08-21T19:00:00.000Z,1,Premier League,Arsenal,9825,Coventry City,8669,2957514035,Miss,9825,1406436,Myles Lewis-Skelly,87.426470588,23.438726119099996,52,,False,False,102.72413793119999,32.3225,34.68625,3.255172416,0.05696659907698631,0.0,LeftFoot,RegularPlay,SecondHalf,False,"{'x': 0.8572235674898563, 'y': 0.6772486772486772, 'zoomRatio': 0.7864406774329216}",False,False,1187236.0,Myles,Lewis-Skelly,Myles Lewis-Skelly,#bd0510,
5795363,2026-08-21T19:00:00.000Z,1,Premier League,Arsenal,9825,Coventry City,8669,2957521103,AttemptSaved,9825,1157237,Christos Tzolis,92.8,43.2300636892,61,,True,True,96.2192982446,40.805714286,33.466249999999995,1.2199999940000001,0.03315078839659691,0.0,RightFoot,RegularPlay,SecondHalf,False,"{'x': 1.141203703703705, 'y': 0.32275132116402117, 'zoomRatio': 1}",False,True,,Christos,Tzolis,Christos Tzolis,#bd0510,
5795363,2026-08-21T19:00:00.000Z,1,Premier League,Arsenal,9825,Coventry City,8669,2957521735,AttemptSaved,9825,961995,Bukayo Saka,90.0,36.8975,62,,True,True,91.1,36.745000000000005,34.915000000000006,1.2199999940000001,0.02869619056582451,0.0,LeftFoot,FromCorner,SecondHalf,False,"{'x': 0.7579365079365064, 'y': 0.32275132116402117, 'zoomRatio': 1}",False,True,,Bukayo,Saka,Bukayo Saka,#bd0510,
5795363,2026-08-21T19:00:00.000Z,1,Premier League,Arsenal,9825,Coventry City,8669,2957524529,AttemptSaved,9825,1157237,Christos Tzolis,85.81617647,42.1771875,65,,False,True,103.4827586208,34.99125,35.220000000000006,0.44947368200000004,0.037240512669086456,0.0402655191719532,RightFoot,FromCorner,SecondHalf,False,"{'x': 0.6772486772486757, 'y': 0.11890838148148149, 'zoomRatio': 1}",False,False,1187236.0,Christos,Tzolis,Christos Tzolis,#bd0510,
5795363,2026-08-21T19:00:00.000Z,1,Premier League,Arsenal,9825,Coventry City,8669,2957525721,Miss,8669,1161885,Bobby Thomas,78.9936893216,23.5788535077,67,,False,False,,,45.1918471296,0.44305262940000006,0.018283594399690628,0.0,RightFoot,RegularPlay,SecondHalf,False,"{'x': 0, 'y': 0.03958708730288339, 'zoomRatio': 0.3377458569821529}",False,False,,Bobby,Thomas,Bobby Thomas,#65b0e4,
5795363,2026-08-21T19:00:00.000Z,1,Premier League,Arsenal,9825,Coventry City,8669,2957529223,AttemptSaved,9825,534670,Martin Ødegaard,86.24558823480001,31.254999999999995,72,,True,True,97.8596491223,33.695,35.29625000000001,1.2199999940000001,0.057510100305080414,0.0,LeftFoot,RegularPlay,SecondHalf,False,"{'x': 0.6570767195767175, 'y': 0.32275132116402117, 'zoomRatio': 1}",False,False,,Martin,Ødegaard,Martin Ødegaard,#bd0510,
5795363,2026-08-21T19:00:00.000Z,1,Premier League,Arsenal,9825,Coventry City,8669,2957532375,AttemptSaved,9825,574645,Mikel Merino,95.54385964789999,20.005605098399997,78,,True,True,97.1842105256,22.3177070103,33.8475,1.2199999940000001,0.05675935745239258,0.0,LeftFoot,FastBreak,SecondHalf,False,"{'x': 1.0403439153439162, 'y': 0.32275132116402117, 'zoomRatio': 1}",False,True,,Mikel,Merino,Mikel Merino,#bd0510,
5795363,2026-08-21T19:00:00.000Z,1,Premier League,Arsenal,9825,Coventry City,8669,2957534737,Miss,9825,795179,Gabriel,82.37233009760001,43.440254772100005,82,,False,False,,,37.696,6.270482770400001,0.04672727361321449,0.0,LeftFoot,RegularPlay,SecondHalf,False,"{'x': 0.6008104634419666, 'y': 0.6772486772486772, 'zoomRatio': 0.4082620260252617}",False,False,,,Gabriel,Gabriel,#bd0510,
5795363,2026-08-21T19:00:00.000Z,1,Premier League,Arsenal,9825,Coventry City,8669,2957536407,AttemptSaved,8669,1030830,Jack Rudoni,96.79824561320001,33.61875,86,,False,True,104.051724138,33.695,34.0,1.0979999946,0.1454978734254837,0.03691643103957176,Header,RegularPlay,SecondHalf,False,"{'x': 1, 'y': 0.29047618904761907, 'zoomRatio': 1}",False,True,562727.0,Jack,Rudoni,Jack Rudoni,#65b0e4,
5795363,2026-08-21T19:00:00.000Z,1,Premier League,Arsenal,9825,Coventry City,8669,2957538441,AttemptSaved,9825,574645,Mikel Merino,84.9573529404,27.950714285,90,1.0,False,True,103.2931034484,32.779999999999994,30.568749999999998,0.40452631380000004,0.0881681889295578,0.38225123286247253,LeftFoot,RegularPlay,SecondHalf,False,"{'x': 1.9077380952380967, 'y': 0.10701754333333334, 'zoomRatio': 1}",False,False,1187236.0,Mikel,Merino,Mikel Merino,#bd0510,
5795363,2026-08-21T19:00:00.000Z,1,Premier League,Arsenal,9825,Coventry City,8669,2957540025,Miss,9825,818975,Eberechi Eze,73.2500000024,37.684,90,5.0,False,False,,,24.139363062099996,1.7850526228,0.037739839404821396,0.0,RightFoot,FreeKick,SecondHalf,False,"{'x': 2, 'y': 0.1810281256719871, 'zoomRatio': 0.3833423767455957}",False,False,,Eberechi,Eze,Eberechi Eze,#bd0510,
5795364,2026-08-22T11:30:00.000Z,1,Premier League,Hull City,8667,Manchester United,10260,2957707629,AttemptSaved,10260,923312,Bryan Mbeumo,95.35087719170001,21.1266242072,13,,False,True,101.8706896554,30.291999999999998,32.0175,1.3034736778000002,0.056751854717731476,0.22224219143390656,RightFoot,RegularPlay,FirstHalf,False,"{'x': 1.5244708994709, 'y': 0.34483430629629636, 'zoomRatio': 1}",False,True,1072068.0,Bryan,Mbeumo,Bryan Mbeumo,#C70101,
5795364,2026-08-22T11:30:00.000Z,1,Premier League,Hull City,8667,Manchester United,10260,2957708917,AttemptSaved,10260,863098,Matheus Cunha,90.2,24.349554145,14,,False,True,101.9655172416,32.6275,33.466249999999995,0.44947368200000004,0.06398933380842209,0.06807322055101395,LeftFoot,RegularPlay,FirstHalf,False,"{'x': 1.141203703703705, 'y': 0.11890838148148149, 'zoomRatio': 1}",False,True,1072068.0,Matheus,Cunha,Matheus Cunha,#C70101,
5795364,2026-08-22T11:30:00.000Z,1,Premier League,Hull City,8667,Manchester United,10260,2957709409,AttemptSaved,8667,509151,Oli McBurnie,92.9,32.0175,15,,False,True,102.8189655174,33.695,36.135000000000005,0.9374736796,0.030461549758911133,0.09884865581989288,Header,RegularPlay,FirstHalf,False,"{'x': 0.4351851851851839, 'y': 0.24800890994708993, 'zoomRatio': 1}",False,True,1178602.0,Oli,McBurnie,Oli McBurnie,#ED8B00,
5795364,2026-08-22T11:30:00.000Z,1,Premier League,Hull City,8667,Manchester United,10260,2957711741,AttemptSaved,8667,509151,Oli McBurnie,102.06034482780001,26.942142857,17,,False,True,104.051724138,32.3225,32.3225,1.2199999940000001,0.1253119260072708,0.3746601641178131,RightFoot,FromCorner,FirstHalf,False,"{'x': 1.4437830687830693, 'y': 0.32275132116402117, 'zoomRatio': 1}",False,True,1178602.0,Oli,McBurnie,Oli McBurnie,#ED8B00,
5795364,2026-08-22T11:30:00.000Z,1,Premier League,Hull City,8667,Manchester United,10260,2957711823,Goal,8667,410836,Semi Ajayi,102.06034482780001,31.559999999999995,17,,False,True,,,34.99125,1.5474736766000001,0.5229613184928894,0.9723351001739502,RightFoot,FromCorner,FirstHalf,False,"{'x': 0.73776455026455, 'y': 0.40938457052910054, 'zoomRatio': 1}",False,True,1178602.0,Semi,Ajayi,Semi Ajayi,#ED8B00,
5795364,2026-08-22T11:30:00.000Z,1,Premier League,Hull City,8667,Manchester United,10260,2957713611,AttemptSaved,10260,465960,Youri Tielemans,83.160679612,29.967857141,20,,True,True,94.09649122639999,31.636249999999997,34.1525,1.2199999940000001,0.03664010763168335,0.0,RightFoot,RegularPlay,FirstHalf,False,"{'x': 0.9596560846560838, 'y': 0.32275132116402117, 'zoomRatio': 1}",False,False,,Youri,Tielemans,Youri Tielemans,#C70101,
5795364,2026-08-22T11:30:00.000Z,1,Premier League,Hull City,8667,Manchester United,10260,2957714705,Miss,8667,1231090,Mohamed Belloumi,90.9,22.808152870399997,21,,False,False,,,44.4211464923,6.3921379432,0.030133642256259918,0.0,LeftFoot,SetPiece,FirstHalf,False,"{'x': 0, 'y': 0.6133814497208191, 'zoomRatio': 0.3627240057313249}",False,True,,Mohamed,Belloumi,Mohamed Belloumi,#ED8B00,
5795364,2026-08-22T11:30:00.000Z,1,Premier League,Hull City,8667,Manchester United,10260,2957718195,Miss,10260,1526560,Patrick Dorgu,96.3157894727,43.720509549300004,25,,False,False,,,25.013437500000002,0.1797894728,0.06117136776447296,0.0,LeftFoot,RegularPlay,FirstHalf,False,"{'x': 2, 'y': 0.020006478873317805, 'zoomRatio': 0.4206280210035819}",False,True,,Patrick,Dorgu,Patrick Dorgu,#C70101,
5795364,2026-08-22T11:30:00.000Z,1,Premier League,Hull City,8667,Manchester United,10260,2957720623,Miss,10260,1526560,Patrick Dorgu,99.21052631570001,37.2025,29,,False,False,,,45.6122292954,0.802631575,0.3270263969898224,0.0,LeftFoot,RegularPlay,FirstHalf,False,"{'x': 0, 'y': 0.06911950794133474, 'zoomRatio': 0.3255188908039723}",False,True,,Patrick,Dorgu,Patrick Dorgu,#C70101,
5795364,2026-08-22T11:30:00.000Z,1,Premier League,Hull City,8667,Manchester United,10260,2957725609,AttemptSaved,10260,923312,Bryan Mbeumo,96.0263157884,23.718980896300003,35,,True,True,97.3771929818,25.2446875,34.68625,1.2199999940000001,0.043532129377126694,0.0,LeftFoot,RegularPlay,FirstHalf,False,"{'x': 0.8184523809523807, 'y': 0.32275132116402117, 'zoomRatio': 1}",False,True,,Bryan,Mbeumo,Bryan Mbeumo,#C70101,
5795364,2026-08-22T11:30:00.000Z,1,Premier League,Hull City,8667,Manchester United,10260,2957727793,Goal,8667,1428427,Nobel Mendy,100.06896551759999,34.22875,38,,False,True,,,31.78875,1.2199999940000001,0.27832794189453125,0.4807610511779785,Header,SetPiece,FirstHalf,False,"{'x': 1.5849867724867723, 'y': 0.32275132116402117, 'zoomRatio': 1}",False,True,1178602.0,Nobel,Mendy,Nobel Mendy,#ED8B00,
5795364,2026-08-22T11:30:00.000Z,1,Premier League,Hull City,8667,Manchester United,10260,2957734065,Miss,10260,1526560,Patrick Dorgu,98.14912280659999,37.864047621,44,,False,False,,,22.878216564699997,1.2456842044,0.08149080723524094,0.0,Header,ThrowInSetPiece,FirstHalf,False,"{'x': 2, 'y': 0.11200399752851316, 'zoomRatio': 0.3398735483378019}",False,True,,Patrick,Dorgu,Patrick Dorgu,#C70101,
5795364,2026-08-22T11:30:00.000Z,1,Premier League,Hull City,8667,Manchester United,10260,2957736231,AttemptSaved,10260,422685,Bruno Fernandes,84.9573529404,43.440254772100005,45,2.0,True,True,89.5,41.888125,34.99125,1.2199999940000001,0.05797651410102844,0.0,RightFoot,RegularPlay,FirstHalf,False,"{'x': 0.73776455026455, 'y': 0.32275132116402117, 'zoomRatio': 1}",False,False,,Bruno,Fernandes,Bruno Fernandes,#C70101,
5795364,2026-08-22T11:30:00.000Z,1,Premier League,Hull City,8667,Manchester United,10260,2957750525,Miss,10260,1559639,Ayden Heaven,91.0,32.856249999999996,51,,False,False,,,26.858095238000004,4.940965524800001,0.024175889790058136,0.0,Header,ThrowInSetPiece,SecondHalf,False,"{'x': 1.978927201338105, 'y': 0.6772486772486772, 'zoomRatio': 0.518117357255518}",False,True,,Ayden,Heaven,Ayden Heaven,#C70101,
5795364,2026-08-22T11:30:00.000Z,1,Premier League,Hull City,8667,Manchester United,10260,2957754975,AttemptSaved,10260,1559639,Ayden Heaven,97.95614035039999,33.8475,56,,True,True,99.50000000040001,33.466249999999995,32.0175,1.2199999940000001,0.09705973416566849,0.0,Header,FromCorner,SecondHalf,False,"{'x': 1.5244708994709, 'y': 0.32275132116402117, 'zoomRatio': 1}",False,True,,Ayden,Heaven,Ayden Heaven,#C70101,
5795364,2026-08-22T11:30:00.000Z,1,Premier League,Hull City,8667,Manchester United,10260,2957758073,AttemptSaved,10260,422685,Bruno Fernandes,73.3626213616,46.382929932699994,59,,False,True,103.19827586219999,34.838750000000005,33.77125,1.3034736778000002,0.01509438268840313,0.010306836105883121,RightFoot,RegularPlay,SecondHalf,False,"{'x': 1.0605158730158726, 'y': 0.34483430629629636, 'zoomRatio': 1}",False,False,1072068.0,Bruno,Fernandes,Bruno Fernandes,#C70101,
5795364,2026-08-22T11:30:00.000Z,1,Premier League,Hull City,8667,Manchester United,10260,2957760755,Miss,8667,1231090,Mohamed Belloumi,82.7101941752,18.4642038238,62,,False,False,,,36.36375,4.8280000072,0.0178521741181612,0.0,LeftFoot,RegularPlay,SecondHalf,False,"{'x': 0.6684244907913797, 'y': 0.6772486772486772, 'zoomRatio': 0.5302402643293849}",False,False,,Mohamed,Belloumi,Mohamed Belloumi,#ED8B00,
5795364,2026-08-22T11:30:00.000Z,1,Premier League,Hull City,8667,Manchester United,10260,2957763521,AttemptSaved,10260,863098,Matheus Cunha,92.2,43.16,66,,True,True,96.0263157884,41.141904761999996,35.0675,1.2199999940000001,0.07143156230449677,0.0,RightFoot,RegularPlay,SecondHalf,False,"{'x': 0.7175925925925919, 'y': 0.32275132116402117, 'zoomRatio': 1}",False,True,,Matheus,Cunha,Matheus Cunha,#C70101,
5795364,2026-08-22T11:30:00.000Z,1,Premier League,Hull City,8667,Manchester United,10260,2957764145,Miss,10260,775539,Noussair Mazraoui,100.9224137934,29.295476189000002,67,,False,False,,,26.574375,6.1488275976,0.22428438067436218,0.0,RightFoot,RegularPlay,SecondHalf,False,"{'x': 1.8178786328238599, 'y': 0.6772486772486772, 'zoomRatio': 0.41633953129523665}",False,True,,Noussair,Mazraoui,Noussair Mazraoui,#C70101,
5795364,2026-08-22T11:30:00.000Z,1,Premier League,Hull City,8667,Manchester United,10260,2957768403,Miss,8667,962046,Cody Drameh,87.6411764704,20.84636943,73,,False,False,,,41.31,0.3595789456,0.04754349961876869,0.0,RightFoot,IndividualPlay,SecondHalf,False,"{'x': 0, 'y': 0.049190006238030076, 'zoomRatio': 0.5170998632010942}",False,False,,Cody,Drameh,Cody Drameh,#ED8B00,
5795364,2026-08-22T11:30:00.000Z,1,Premier League,Hull City,8667,Manchester United,10260,2957769653,AttemptSaved,8667,933635,Ryan Giles,84.3995145632,49.3256050933,75,,True,True,88.28529411759999,46.452993627000005,32.551249999999996,1.2199999940000001,0.021029138937592506,0.0,LeftFoot,RegularPlay,SecondHalf,False,"{'x': 1.3832671957671967, 'y': 0.32275132116402117, 'zoomRatio': 1}",False,False,,Ryan,Giles,Ryan Giles,#ED8B00,
5795364,2026-08-22T11:30:00.000Z,1,Premier League,Hull City,8667,Manchester United,10260,2957770075,Miss,10260,923312,Bryan Mbeumo,93.8,20.005605098399997,76,,False,False,,,34.4575,4.8280000072,0.03701072186231613,0.0,LeftFoot,RegularPlay,SecondHalf,False,"{'x': 0.9358240949918796, 'y': 0.6772486772486772, 'zoomRatio': 0.5302402643293849}",False,True,,Bryan,Mbeumo,Bryan Mbeumo,#C70101,
5795364,2026-08-22T11:30:00.000Z,1,Premier League,Hull City,8667,Manchester United,10260,2957771541,AttemptSaved,10260,923312,Bryan Mbeumo,91.0,29.715714284,78,,False,True,98.92105263139999,31.941249999999997,32.779999999999994,1.1365263102,0.3595938980579376,0.28518909215927124,RightFoot,FastBreak,SecondHalf,False,"{'x': 1.3227513227513243, 'y': 0.30066833603174603, 'zoomRatio': 1}",False,True,1072068.0,Bryan,Mbeumo,Bryan Mbeumo,#C70101,
5795364,2026-08-22T11:30:00.000Z,1,Premier League,Hull City,8667,Manchester United,10260,2957772235,Miss,10260,863098,Matheus Cunha,100.6379310348,29.631666665,79,,False,False,101.9655172416,30.304,34.305,5.5492413888000005,0.10768015682697296,0.0,Header,FromCorner,SecondHalf,False,"{'x': 0.9627767415240313, 'y': 0.6772486772486772, 'zoomRatio': 0.46132431816118724}",False,True,,Matheus,Cunha,Matheus Cunha,#C70101,
5795364,2026-08-22T11:30:00.000Z,1,Premier League,Hull City,8667,Manchester United,10260,2957776885,AttemptSaved,10260,1292810,Kobbie Mainoo,86.5676470584,44.91159235240001,84,,True,True,90.4,42.7553125,33.31375,1.2199999940000001,0.07047706842422485,0.0,RightFoot,RegularPlay,SecondHalf,False,"{'x': 1.1815476190476193, 'y': 0.32275132116402117, 'zoomRatio': 1}",False,False,,Kobbie,Mainoo,Kobbie Mainoo,#C70101,
5795364,2026-08-22T11:30:00.000Z,1,Premier League,Hull City,8667,Manchester United,10260,2957777481,AttemptSaved,10260,255610,Harry Maguire,86.0308823524,22.177579621699998,84,,False,True,103.2931034484,33.161249999999995,34.0,1.2585263096000001,0.02079170010983944,0.011000800877809525,LeftFoot,RegularPlay,SecondHalf,False,"{'x': 1, 'y': 0.3329434681481482, 'zoomRatio': 1}",False,False,1072068.0,Harry,Maguire,Harry Maguire,#C70101,
5795364,2026-08-22T11:30:00.000Z,1,Premier League,Hull City,8667,Manchester United,10260,2957781513,AttemptSaved,10260,422685,Bruno Fernandes,84.9573529404,51.49757961659999,89,,True,True,86.5676470584,50.3765605078,36.66875,1.2199999940000001,0.01047335471957922,0.0,LeftFoot,RegularPlay,SecondHalf,False,"{'x': 0.29398148148148073, 'y': 0.32275132116402117, 'zoomRatio': 1}",False,False,,Bruno,Fernandes,Bruno Fernandes,#C70101,
5795364,2026-08-22T11:30:00.000Z,1,Premier League,Hull City,8667,Manchester United,10260,2957784979,AttemptSaved,10260,1073977,Benjamin Sesko,94.38596491070001,30.95,90,3.0,True,True,96.2192982446,31.636249999999997,34.99125,1.2199999940000001,0.03568179905414581,0.0,Header,RegularPlay,SecondHalf,False,"{'x': 0.73776455026455, 'y': 0.32275132116402117, 'zoomRatio': 1}",False,True,,Benjamin,Sesko,Benjamin Sesko,#C70101,
5795364,2026-08-22T11:30:00.000Z,1,Premier League,Hull City,8667,Manchester United,10260,2957786905,Miss,10260,255610,Harry Maguire,97.3771929818,48.4147770674,90,5.0,False,False,,,26.2853125,4.0980689704,0.02403811551630497,0.0,RightFoot,RegularPlay,SecondHalf,False,"{'x': 2, 'y': 0.5312034959808809, 'zoomRatio': 0.4899744804958078}",False,True,,Harry,Maguire,Harry Maguire,#C70101,
5795365,2026-08-22T14:00:00.000Z,1,Premier League,Everton,8668,Crystal Palace,9826,2957815747,Miss,9826,706297,Jean-Philippe Mateta,100.6379310348,37.66,3,,False,False,,,37.684,4.2197241432000006,0.33253586292266846,0.0,RightFoot,FastBreak,FirstHalf,False,"{'x': 0.4087328834031151, 'y': 0.6772486772486772, 'zoomRatio': 0.6066747287557619}",False,True,,Jean-Philippe,Mateta,Jean-Philippe Mateta,#0055A5,
5795365,2026-08-22T14:00:00.000Z,1,Premier League,Everton,8668,Crystal Palace,9826,2957828511,AttemptSaved,9826,939542,Dwight McNeil,82.8228155344,34.07625,10,,True,True,87.21176470559999,34.38125,35.9825,1.2199999940000001,0.04845310002565384,0.0,LeftFoot,RegularPlay,FirstHalf,False,"{'x': 0.47552910052910013, 'y': 0.32275132116402117, 'zoomRatio': 1}",False,False,,Dwight,McNeil,Dwight McNeil,#0055A5,
5795365,2026-08-22T14:00:00.000Z,1,Premier League,Everton,8668,Crystal Palace,9826,2957831103,AttemptSaved,9826,859282,Daniel Muñoz,94.7719298231,25.302500000000002,12,,False,True,103.8620689656,31.78875,32.551249999999996,1.7079999916000002,0.08344771713018417,0.15721087157726288,LeftFoot,RegularPlay,FirstHalf,False,"{'x': 1.3832671957671967, 'y': 0.45185184962962965, 'zoomRatio': 1}",False,True,303919.0,Daniel,Muñoz,Daniel Muñoz,#0055A5,
5795365,2026-08-22T14:00:00.000Z,1,Premier League,Everton,8668,Crystal Palace,9826,2957832795,AttemptSaved,8668,965764,Iliman Ndiaye,91.9,26.343125,12,,False,True,103.19827586219999,31.559999999999995,34.533750000000005,1.9519999904,0.11269950121641159,0.33565232157707214,RightFoot,RegularPlay,FirstHalf,False,"{'x': 0.8587962962962951, 'y': 0.5164021138624338, 'zoomRatio': 1}",False,True,719330.0,Iliman,Ndiaye,Iliman Ndiaye,#00359C,
5795365,2026-08-22T14:00:00.000Z,1,Premier League,Everton,8668,Crystal Palace,9826,2957841387,AttemptSaved,9826,860920,Edward Nketiah,96.2192982446,39.376904763,17,,False,True,102.25000000019999,36.05875,32.39875,1.0979999946,0.5998836755752563,0.6525954604148865,RightFoot,RegularPlay,FirstHalf,False,"{'x': 1.4236111111111112, 'y': 0.29047618904761907, 'zoomRatio': 1}",False,True,303919.0,Edward,Nketiah,Edward Nketiah,#0055A5,
5795365,2026-08-22T14:00:00.000Z,1,Premier League,Everton,8668,Crystal Palace,9826,2957842891,Miss,8668,1424875,Tyrique George,88.6,49.605859870500005,18,,False,False,,,21.0565605129,7.600000016000001,0.024255385622382164,0.0,RightFoot,RegularPlay,FirstHalf,False,"{'x': 2, 'y': 0.5871700504007836, 'zoomRatio': 0.29203984024241114}",False,True,,Tyrique,George,Tyrique George,#00359C,
5795365,2026-08-22T14:00:00.000Z,1,Premier League,Everton,8668,Crystal Palace,9826,2957864783,Miss,8668,243138,James Tarkowski,97.0877192975,28.623095236999998,31,,False,False,99.1140350876,25.880625000000002,20.84636943,0.44305262940000006,0.05118774250149727,0.0,Header,SetPiece,FirstHalf,False,"{'x': 2, 'y': 0.0336829156818869, 'zoomRatio': 0.287373130930193}",False,True,,James,Tarkowski,James Tarkowski,#00359C,
5795365,2026-08-22T14:00:00.000Z,1,Premier League,Everton,8668,Crystal Palace,9826,2957869621,AttemptSaved,8668,1424875,Tyrique George,84.51213592239999,45.2619108239,34,,True,True,92.4,41.483437499999994,34.1525,1.2199999940000001,0.04682061821222305,0.0,LeftFoot,RegularPlay,FirstHalf,False,"{'x': 0.9596560846560838, 'y': 0.32275132116402117, 'zoomRatio': 1}",False,False,,Tyrique,George,Tyrique George,#00359C,
5795365,2026-08-22T14:00:00.000Z,1,Premier League,Everton,8668,Crystal Palace,9826,2957877423,Post,9826,706297,Jean-Philippe Mateta,94.675438595,31.1025,38,,False,False,,,30.279999999999998,0.20547368320000003,0.3655219078063965,0.0,RightFoot,FastBreak,FirstHalf,False,"{'x': 1.9841269841269837, 'y': 0.05435811724867726, 'zoomRatio': 1}",False,True,,Jean-Philippe,Mateta,Jean-Philippe Mateta,#0055A5,
5795365,2026-08-22T14:00:00.000Z,1,Premier League,Everton,8668,Crystal Palace,9826,2957884397,AttemptSaved,8668,886016,Kiernan Dewsbury-Hall,97.0877192975,45.1217834353,42,,True,True,99.97413793140001,42.00375,36.135000000000005,1.2199999940000001,0.054584018886089325,0.0,LeftFoot,RegularPlay,FirstHalf,False,"{'x': 0.4351851851851839, 'y': 0.32275132116402117, 'zoomRatio': 1}",False,True,,Kiernan,Dewsbury-Hall,Kiernan Dewsbury-Hall,#00359C,
5795365,2026-08-22T14:00:00.000Z,1,Premier League,Everton,8668,Crystal Palace,9826,2957884933,Goal,8668,886016,Kiernan Dewsbury-Hall,93.9,47.013503181400004,42,,False,True,,,30.568749999999998,1.3034736778000002,0.0415872260928154,0.4583268463611603,LeftFoot,RegularPlay,FirstHalf,False,"{'x': 1.9077380952380967, 'y': 0.34483430629629636, 'zoomRatio': 1}",False,True,719330.0,Kiernan,Dewsbury-Hall,Kiernan Dewsbury-Hall,#00359C,
5795365,2026-08-22T14:00:00.000Z,1,Premier League,Everton,8668,Crystal Palace,9826,2957895969,Miss,9826,859282,Daniel Muñoz,97.3771929818,30.873749999999998,45,4.0,False,False,,,41.483437499999994,1.0723157842,0.1429470032453537,0.0,Header,RegularPlay,FirstHalf,False,"{'x': 0, 'y': 0.14329187411533817, 'zoomRatio': 0.5051154633148207}",False,True,,Daniel,Muñoz,Daniel Muñoz,#0055A5,
5795365,2026-08-22T14:00:00.000Z,1,Premier League,Everton,8668,Crystal Palace,9826,2957911787,AttemptSaved,8668,1398392,Thierno Barry,80.11990291360001,32.0175,47,,True,True,87.426470588,32.9325,35.29625000000001,1.2199999940000001,0.044125352054834366,0.0,RightFoot,RegularPlay,SecondHalf,False,"{'x': 0.6570767195767175, 'y': 0.32275132116402117, 'zoomRatio': 1}",False,False,,Thierno,Barry,Thierno Barry,#00359C,
5795365,2026-08-22T14:00:00.000Z,1,Premier League,Everton,8668,Crystal Palace,9826,2957914683,AttemptSaved,8668,1424875,Tyrique George,84.1742718448,41.5990625,48,,True,True,86.4602941172,40.805714286,33.5425,1.2199999940000001,0.03075895644724369,0.0,RightFoot,FromCorner,SecondHalf,False,"{'x': 1.121031746031747, 'y': 0.32275132116402117, 'zoomRatio': 1}",False,False,,Tyrique,George,Tyrique George,#00359C,
5795365,2026-08-22T14:00:00.000Z,1,Premier League,Everton,8668,Crystal Palace,9826,2957916345,AttemptSaved,8668,982394,Hayden Hackney,94.9649122793,51.847898088099996,49,,True,True,96.1228070165,50.096305730599994,36.135000000000005,1.2199999940000001,0.009822080843150616,0.0,RightFoot,FromCorner,SecondHalf,False,"{'x': 0.4351851851851839, 'y': 0.32275132116402117, 'zoomRatio': 1}",False,True,,Hayden,Hackney,Hayden Hackney,#00359C,
5795365,2026-08-22T14:00:00.000Z,1,Premier League,Everton,8668,Crystal Palace,9826,2957920089,Miss,8668,886016,Kiernan Dewsbury-Hall,84.286893204,46.5931210156,51,,False,False,,,40.721666666999994,6.270482770400001,0.02271963655948639,0.0,LeftFoot,RegularPlay,SecondHalf,False,"{'x': 0.2740208328741045, 'y': 0.6772486772486772, 'zoomRatio': 0.4082620260252617}",False,False,,Kiernan,Dewsbury-Hall,Kiernan Dewsbury-Hall,#00359C,
5795365,2026-08-22T14:00:00.000Z,1,Premier League,Everton,8668,Crystal Palace,9826,2957924341,Goal,8668,1398392,Thierno Barry,100.25862069,35.220000000000006,53,,False,True,,,33.5425,1.0145263108,0.4060289263725281,0.6350131034851074,Header,SetPiece,SecondHalf,False,"{'x': 1.121031746031747, 'y': 0.2683932039153439, 'zoomRatio': 1}",False,True,719330.0,Thierno,Barry,Thierno Barry,#00359C,
5795365,2026-08-22T14:00:00.000Z,1,Premier League,Everton,8668,Crystal Palace,9826,2957930199,AttemptSaved,8668,965764,Iliman Ndiaye,92.9,31.4075,56,,False,True,103.8620689656,32.779999999999994,33.8475,1.5859999922,0.13057631254196167,0.1889117807149887,RightFoot,FastBreak,SecondHalf,False,"{'x': 1.0403439153439162, 'y': 0.4195767175132275, 'zoomRatio': 1}",False,True,719330.0,Iliman,Ndiaye,Iliman Ndiaye,#00359C,
5795365,2026-08-22T14:00:00.000Z,1,Premier League,Everton,8668,Crystal Palace,9826,2957941925,AttemptSaved,9826,1047676,Yéremi Pino,78.5432038848,39.376904763,62,,True,True,80.68300970960001,39.124761905999996,36.821250000000006,1.2199999940000001,0.016143176704645157,0.0,RightFoot,RegularPlay,SecondHalf,False,"{'x': 0.2536375661375645, 'y': 0.32275132116402117, 'zoomRatio': 1}",False,False,,Yéremi,Pino,Yéremi Pino,#0055A5,
5795365,2026-08-22T14:00:00.000Z,1,Premier League,Everton,8668,Crystal Palace,9826,2957948435,AttemptSaved,9826,1087966,Evann Guessand,83.94902912639999,29.715714284,66,,False,True,103.103448276,33.161249999999995,34.61,0.160526315,0.03157071769237518,0.024121925234794617,RightFoot,RegularPlay,SecondHalf,False,"{'x': 0.8386243386243388, 'y': 0.042467279100529096, 'zoomRatio': 1}",False,False,303919.0,Evann,Guessand,Evann Guessand,#0055A5,
5795365,2026-08-22T14:00:00.000Z,1,Premier League,Everton,8668,Crystal Palace,9826,2957961567,AttemptSaved,8668,1424875,Tyrique George,93.0,47.6440764301,73,,True,True,94.5789473669,46.0326114612,35.3725,1.2199999940000001,0.02241055853664875,0.0,RightFoot,RegularPlay,SecondHalf,False,"{'x': 0.6369047619047613, 'y': 0.32275132116402117, 'zoomRatio': 1}",False,True,,Tyrique,George,Tyrique George,#00359C,
5795365,2026-08-22T14:00:00.000Z,1,Premier League,Everton,8668,Crystal Palace,9826,2957961721,Miss,8668,1424875,Tyrique George,98.8245614033,44.5612738809,73,,False,False,,,26.111875,3.3768275888,0.05241336300969124,0.0,LeftFoot,RegularPlay,SecondHalf,False,"{'x': 2, 'y': 0.4280900199730606, 'zoomRatio': 0.47920133111480856}",False,True,,Tyrique,George,Tyrique George,#00359C,
5795365,2026-08-22T14:00:00.000Z,1,Premier League,Everton,8668,Crystal Palace,9826,2957981899,AttemptSaved,9826,1664722,Jaydee Canvot,91.1,23.9992356735,83,,True,True,98.3421052628,30.05190476,35.448750000000004,1.2199999940000001,0.04733463004231453,0.0,RightFoot,RegularPlay,SecondHalf,False,"{'x': 0.6167328042328032, 'y': 0.32275132116402117, 'zoomRatio': 1}",False,True,,Jaydee,Canvot,Jaydee Canvot,#0055A5,
5795365,2026-08-22T14:00:00.000Z,1,Premier League,Everton,8668,Crystal Palace,9826,2957999035,AttemptSaved,9826,821100,Jørgen Strand Larsen,98.3421052628,31.7125,90,3.0,False,True,104.3362068966,33.466249999999995,34.07625,1.2585263096000001,0.2511007785797119,0.1067003458738327,Header,RegularPlay,SecondHalf,False,"{'x': 0.9798280423280419, 'y': 0.3329434681481482, 'zoomRatio': 1}",False,True,303919.0,Jørgen Strand,Larsen,Jørgen Strand Larsen,#0055A5,Strand Larsen
5795365,2026-08-22T14:00:00.000Z,1,Premier League,Everton,8668,Crystal Palace,9826,2957999377,AttemptSaved,8668,1079485,Beto,87.85588235280001,31.865,90,3.0,True,True,90.0,32.0175,33.466249999999995,1.2199999940000001,0.04836369305849075,0.0,RightFoot,RegularPlay,SecondHalf,False,"{'x': 1.141203703703705, 'y': 0.32275132116402117, 'zoomRatio': 1}",False,False,,,Beto,Beto,#00359C,
5795365,2026-08-22T14:00:00.000Z,1,Premier League,Everton,8668,Crystal Palace,9826,2958002909,AttemptSaved,8668,1128965,Charly Alcaraz,90.8,46.0326114612,90,6.0,False,True,103.6724137932,36.21125,35.75375,0.0834736838,0.02108256332576275,0.03693901374936104,RightFoot,RegularPlay,SecondHalf,False,"{'x': 0.5360449735449745, 'y': 0.02208298513227513, 'zoomRatio': 1}",False,True,719330.0,Charly,Alcaraz,Charly Alcaraz,#00359C,
5795365,2026-08-22T14:00:00.000Z,1,Premier League,Everton,8668,Crystal Palace,9826,2958003361,Miss,9826,1047676,Yéremi Pino,91.8,49.7459872591,90,6.0,False,False,,,27.278333333000003,7.235034497599999,0.04221635311841965,0.0,RightFoot,RegularPlay,SecondHalf,False,"{'x': 1.6291939396615644, 'y': 0.6772486772486772, 'zoomRatio': 0.35383383463467954}",False,True,,Yéremi,Pino,Yéremi Pino,#0055A5,
5795366,2026-08-22T14:00:00.000Z,1,Premier League,Ipswich Town,9902,Sunderland,8472,2957816605,AttemptSaved,8472,940446,Brian Brobbey,91.7,26.227500000000003,4,,True,True,94.2894736826,27.53047619,33.084999999999994,1.2199999940000001,0.15888550877571106,0.0,RightFoot,FastBreak,FirstHalf,False,"{'x': 1.2420634920634936, 'y': 0.32275132116402117, 'zoomRatio': 1}",False,True,,Brian,Brobbey,Brian Brobbey,#DC0814,
5795366,2026-08-22T14:00:00.000Z,1,Premier League,Ipswich Town,9902,Sunderland,8472,2957817987,Miss,8472,1067763,Trai Hume,80.5703883504,36.36375,4,,False,False,,,47.50394904150001,6.7571034616,0.011503327637910843,0.0,RightFoot,FromCorner,FirstHalf,False,"{'x': -2.220446049250313e-16, 'y': 0.5003798104416889, 'zoomRatio': 0.2799181179063544}",False,False,,Trai,Hume,Trai Hume,#DC0814,
5795366,2026-08-22T14:00:00.000Z,1,Premier League,Ipswich Town,9902,Sunderland,8472,2957822861,AttemptSaved,9902,1073742,Julio Enciso,79.55679611760002,24.349554145,7,,True,True,86.352941176,26.4009375,34.22875,1.2199999940000001,0.04302125796675682,0.0,RightFoot,RegularPlay,FirstHalf,False,"{'x': 0.9394841269841275, 'y': 0.32275132116402117, 'zoomRatio': 1}",False,False,,Julio,Enciso,Julio Enciso,#0333A0,
5795366,2026-08-22T14:00:00.000Z,1,Premier League,Ipswich Town,9902,Sunderland,8472,2957823139,AttemptSaved,9902,1320949,Emersonn,89.6,36.51625,7,,False,True,103.577586207,34.38125,33.77125,0.9374736796,0.014287634752690792,0.008711462840437889,Header,RegularPlay,FirstHalf,False,"{'x': 1.0605158730158726, 'y': 0.24800890994708993, 'zoomRatio': 1}",False,True,1125720.0,,Emersonn,Emersonn,#0333A0,
5795366,2026-08-22T14:00:00.000Z,1,Premier League,Ipswich Town,9902,Sunderland,8472,2957853189,Goal,9902,1320949,Emersonn,94.9649122793,34.533750000000005,24,,False,True,,,35.3725,0.3659999982,0.7664769291877747,0.9932957291603088,RightFoot,FastBreak,FirstHalf,False,"{'x': 0.6369047619047613, 'y': 0.09682539634920634, 'zoomRatio': 1}",False,True,1125720.0,,Emersonn,Emersonn,#0333A0,
5795366,2026-08-22T14:00:00.000Z,1,Premier League,Ipswich Town,9902,Sunderland,8472,2957857769,Miss,9902,1320949,Emersonn,95.4473684198,37.50750000000001,27,,False,False,100.5431034486,34.838750000000005,25.2446875,0.6228421022,0.03932904452085495,0.0,Header,SetPiece,FirstHalf,False,"{'x': 2, 'y': 0.07113876314523325, 'zoomRatio': 0.43173787343398645}",False,True,,,Emersonn,Emersonn,#0333A0,
5795366,2026-08-22T14:00:00.000Z,1,Premier League,Ipswich Town,9902,Sunderland,8472,2957860723,AttemptSaved,8472,1359649,Noah Sadiki,95.9298245603,30.22,29,,False,True,104.1465517242,32.9325,32.779999999999994,0.7705263120000001,0.05708518251776695,0.045421358197927475,Header,RegularPlay,FirstHalf,False,"{'x': 1.3227513227513243, 'y': 0.2038429396825397, 'zoomRatio': 1}",False,True,796398.0,Noah,Sadiki,Noah Sadiki,#DC0814,
5795366,2026-08-22T14:00:00.000Z,1,Premier League,Ipswich Town,9902,Sunderland,8472,2957861807,AttemptSaved,8472,480253,Luke O'Nien,74.82669903120001,35.9825,29,,True,True,90.0,35.0675,34.07625,1.2199999940000001,0.011315524578094482,0.0,LeftFoot,FromCorner,FirstHalf,False,"{'x': 0.9798280423280419, 'y': 0.32275132116402117, 'zoomRatio': 1}",False,False,,Luke,O'Nien,Luke O'Nien,#DC0814,
5795366,2026-08-22T14:00:00.000Z,1,Premier League,Ipswich Town,9902,Sunderland,8472,2957863215,Miss,8472,1287010,Nilson Angulo,101.3017241382,28.118809523000003,30,,False,False,102.06034482780001,37.58375000000001,65.5730805673,0.44305262940000006,0.0913638100028038,0.0,Header,FromCorner,FirstHalf,False,"{'x': 0, 'y': 0.014032606937280182, 'zoomRatio': 0.11972224224185833}",False,True,,Nilson,Angulo,Nilson Angulo,#DC0814,
5795366,2026-08-22T14:00:00.000Z,1,Premier League,Ipswich Town,9902,Sunderland,8472,2957864875,Miss,9902,1073742,Julio Enciso,96.1228070165,39.713095239,31,,False,False,,,41.483437499999994,6.8787586344000005,0.13468234241008759,0.0,LeftFoot,RegularPlay,FirstHalf,False,"{'x': 0.2632176214465748, 'y': 0.6772486772486772, 'zoomRatio': 0.372160172505209}",False,True,,Julio,Enciso,Julio Enciso,#0333A0,
5795366,2026-08-22T14:00:00.000Z,1,Premier League,Ipswich Town,9902,Sunderland,8472,2957876745,AttemptSaved,8472,277771,Thomas Meunier,87.7485294116,28.454999999,38,,True,True,90.9,29.463571426999998,33.31375,1.2199999940000001,0.07457772642374039,0.0,RightFoot,RegularPlay,FirstHalf,False,"{'x': 1.1815476190476193, 'y': 0.32275132116402117, 'zoomRatio': 1}",False,False,,Thomas,Meunier,Thomas Meunier,#DC0814,
5795366,2026-08-22T14:00:00.000Z,1,Premier League,Ipswich Town,9902,Sunderland,8472,2957879671,Goal,8472,1287010,Nilson Angulo,83.49854368960001,44.1408917151,39,,False,True,,,36.21125,1.6694736760000002,0.06326258927583694,0.26501765847206116,RightFoot,FreeKick,FirstHalf,False,"{'x': 0.41501322751322767, 'y': 0.44165970264550264, 'zoomRatio': 1}",False,False,796398.0,Nilson,Angulo,Nilson Angulo,#DC0814,
5795366,2026-08-22T14:00:00.000Z,1,Premier League,Ipswich Town,9902,Sunderland,8472,2957894319,Miss,8472,1067763,Trai Hume,97.1842105256,25.765,45,2.0,False,False,100.6379310348,5.706540287699999,1.9021800959,0.2696842092,0.02513265237212181,0.0,Header,RegularPlay,FirstHalf,False,"{'x': 2, 'y': 0.008401947858320184, 'zoomRatio': 0.11776500744579113}",False,True,,Trai,Hume,Trai Hume,#DC0814,
5795366,2026-08-22T14:00:00.000Z,1,Premier League,Ipswich Town,9902,Sunderland,8472,2957913111,Miss,9902,728765,Daizen Maeda,101.1120689658,35.220000000000006,50,,False,False,91.8,62.359052129400006,67.5408530803,1.3355789408,0.609070897102356,0.0,Header,RegularPlay,SecondHalf,False,"{'x': 0, 'y': 0.039819468443527566, 'zoomRatio': 0.11269838578495067}",False,True,,Daizen,Maeda,Daizen Maeda,#0333A0,
5795366,2026-08-22T14:00:00.000Z,1,Premier League,Ipswich Town,9902,Sunderland,8472,2957914667,Miss,9902,1073742,Julio Enciso,94.675438595,28.202857142,51,,False,False,,,41.5990625,0.7127368386,0.05366900935769081,0.0,RightFoot,RegularPlay,SecondHalf,False,"{'x': 0, 'y': 0.09379273280092114, 'zoomRatio': 0.4974297816342475}",False,True,,Julio,Enciso,Julio Enciso,#0333A0,
5795366,2026-08-22T14:00:00.000Z,1,Premier League,Ipswich Town,9902,Sunderland,8472,2957918547,AttemptSaved,8472,940446,Brian Brobbey,96.4122807008,32.9325,53,,False,True,97.8596491223,32.6275,31.1025,1.2199999940000001,0.1388148069381714,0.0,RightFoot,RegularPlay,SecondHalf,False,"{'x': 1.7665343915343916, 'y': 0.32275132116402117, 'zoomRatio': 1}",True,True,,Brian,Brobbey,Brian Brobbey,#DC0814,
5795366,2026-08-22T14:00:00.000Z,1,Premier League,Ipswich Town,9902,Sunderland,8472,2957943499,Miss,9902,1129081,Marcelino Núñez,91.4,41.3678125,65,,False,False,104.4310344828,22.808152870399997,23.648917202,0.3595789456,0.03273596987128258,0.0,RightFoot,FromCorner,SecondHalf,False,"{'x': 2, 'y': 0.03473829285468343, 'zoomRatio': 0.3651791869281887}",False,True,,Marcelino,Núñez,Marcelino Núñez,#0333A0,
5795366,2026-08-22T14:00:00.000Z,1,Premier League,Ipswich Town,9902,Sunderland,8472,2957972943,AttemptSaved,8472,277771,Thomas Meunier,86.99705882319999,8.3302369717,82,,False,True,103.6724137932,33.161249999999995,32.474999999999994,0.1219999994,0.006158222444355488,0.0357501246035099,RightFoot,IndividualPlay,SecondHalf,False,"{'x': 1.4034391534391548, 'y': 0.032275132116402115, 'zoomRatio': 1}",False,False,796398.0,Thomas,Meunier,Thomas Meunier,#DC0814,
5795366,2026-08-22T14:00:00.000Z,1,Premier League,Ipswich Town,9902,Sunderland,8472,2957990271,Goal,9902,914402,Jack Clarke,90.4,39.376904763,90,0.0,False,True,,,31.026249999999997,0.2439999988,0.05457539111375809,0.6267719268798828,RightFoot,RegularPlay,SecondHalf,False,"{'x': 1.7867063492063497, 'y': 0.06455026423280423, 'zoomRatio': 1}",False,True,1125720.0,Jack,Clarke,Jack Clarke,#0333A0,
5795366,2026-08-22T14:00:00.000Z,1,Premier League,Ipswich Town,9902,Sunderland,8472,2957994801,Miss,9902,914402,Jack Clarke,71.11019417760001,42.2928125,90,2.0,False,False,,,43.3701910778,0.8925263114,0.04795413091778755,0.0,RightFoot,FastBreak,SecondHalf,False,"{'x': 0, 'y': 0.0952516660534903, 'zoomRatio': 0.4034069282701858}",False,False,,Jack,Clarke,Jack Clarke,#0333A0,
5795366,2026-08-22T14:00:00.000Z,1,Premier League,Ipswich Town,9902,Sunderland,8472,2957997325,AttemptSaved,8472,1285866,Habib Diarra,79.21893204,44.2810191037,90,4.0,True,True,90.5,40.217380953,33.8475,1.2199999940000001,0.026311460882425308,0.0,RightFoot,RegularPlay,SecondHalf,False,"{'x': 1.0403439153439162, 'y': 0.32275132116402117, 'zoomRatio': 1}",False,False,,Habib,Diarra,Habib Diarra,#DC0814,
5795367,2026-08-22T14:00:00.000Z,1,Premier League,Nottingham Forest,10203,Leeds United,8463,2957812103,AttemptSaved,8463,881735,Anton Stach,79.8946601952,32.551249999999996,1,,True,True,92.7,33.61875,34.68625,1.2199999940000001,0.018565155565738678,0.0,RightFoot,IndividualPlay,FirstHalf,False,"{'x': 0.8184523809523807, 'y': 0.32275132116402117, 'zoomRatio': 1}",False,False,,Anton,Stach,Anton Stach,#0060AA,
5795367,2026-08-22T14:00:00.000Z,1,Premier League,Nottingham Forest,10203,Leeds United,8463,2957841943,AttemptSaved,10203,1082102,Igor Jesus,95.73684210409999,32.70374999999999,17,,False,True,104.525862069,33.695,31.7125,1.1365263102,0.05588138848543167,0.21617208421230316,Header,ThrowInSetPiece,FirstHalf,False,"{'x': 1.6051587301587305, 'y': 0.30066833603174603, 'zoomRatio': 1}",False,True,1187213.0,Igor,Jesus,Igor Jesus,#C8102E,Igor Jesus
5795367,2026-08-22T14:00:00.000Z,1,Premier League,Nottingham Forest,10203,Leeds United,8463,2957848003,AttemptSaved,8463,717174,Joe Rodon,95.35087719170001,29.127380951,20,,True,True,102.8189655174,34.1525,35.75375,1.2199999940000001,0.03326357156038284,0.0,Header,ThrowInSetPiece,FirstHalf,False,"{'x': 0.5360449735449745, 'y': 0.32275132116402117, 'zoomRatio': 1}",False,True,,Joe,Rodon,Joe Rodon,#0060AA,
5795367,2026-08-22T14:00:00.000Z,1,Premier League,Nottingham Forest,10203,Leeds United,8463,2957848077,AttemptSaved,8463,861805,Jaka Bijol,101.9655172416,26.516562500000003,20,,True,True,102.72413793119999,28.286904761,32.9325,1.2199999940000001,0.04908733814954758,0.0,Header,ThrowInSetPiece,FirstHalf,False,"{'x': 1.282407407407408, 'y': 0.32275132116402117, 'zoomRatio': 1}",False,True,,Jaka,Bijol,Jaka Bijol,#0060AA,
5795367,2026-08-22T14:00:00.000Z,1,Premier League,Nottingham Forest,10203,Leeds United,8463,2957861439,Miss,10203,789502,Morgan Gibbs-White,78.8810679624,43.720509549300004,29,,False,False,,,21.0565605129,0.6228421022,0.007694583851844072,0.0,RightFoot,SetPiece,FirstHalf,False,"{'x': 2, 'y': 0.048120293127707804, 'zoomRatio': 0.29203984024241114}",False,False,,Morgan,Gibbs-White,Morgan Gibbs-White,#C8102E,
5795367,2026-08-22T14:00:00.000Z,1,Premier League,Nottingham Forest,10203,Leeds United,8463,2957868371,Miss,10203,766611,Nikola Milenkovic,95.54385964789999,32.779999999999994,33,,False,False,103.577586207,41.225952381,42.00375,4.4630344888,0.05694657191634178,0.0,Header,ThrowInSetPiece,FirstHalf,False,"{'x': 0, 'y': 0.5576179276963926, 'zoomRatio': 0.4722786193971578}",False,True,,Nikola,Milenkovic,Nikola Milenkovic,#C8102E,
5795367,2026-08-22T14:00:00.000Z,1,Premier League,Nottingham Forest,10203,Leeds United,8463,2957874925,AttemptSaved,10203,682548,Ola Aina,81.35873786479999,21.7571974559,36,,False,True,104.051724138,33.31375,36.51625,1.1365263102,0.012839139439165592,0.11151471734046936,LeftFoot,RegularPlay,FirstHalf,False,"{'x': 0.33432539682539697, 'y': 0.30066833603174603, 'zoomRatio': 1}",False,False,1187213.0,Ola,Aina,Ola Aina,#C8102E,
5795367,2026-08-22T14:00:00.000Z,1,Premier League,Nottingham Forest,10203,Leeds United,8463,2957882437,Post,10203,766611,Nikola Milenkovic,95.9298245603,33.161249999999995,41,,False,False,,,37.72,0.9374736796,0.055407654494047165,0.0,Header,FromCorner,FirstHalf,False,"{'x': 0.01587301587301626, 'y': 0.24800890994708993, 'zoomRatio': 1}",False,True,,Nikola,Milenkovic,Nikola Milenkovic,#C8102E,
5795367,2026-08-22T14:00:00.000Z,1,Premier League,Nottingham Forest,10203,Leeds United,8463,2957892489,AttemptSaved,8463,861805,Jaka Bijol,95.2543859636,26.227500000000003,45,1.0,True,True,97.3771929818,27.782619046999997,33.31375,1.2199999940000001,0.05686125531792641,0.0,LeftFoot,ThrowInSetPiece,FirstHalf,False,"{'x': 1.1815476190476193, 'y': 0.32275132116402117, 'zoomRatio': 1}",False,True,,Jaka,Bijol,Jaka Bijol,#0060AA,
5795367,2026-08-22T14:00:00.000Z,1,Premier League,Nottingham Forest,10203,Leeds United,8463,2957909027,AttemptSaved,8463,952322,Brenden Aaronson,83.2733009712,50.3765605078,47,,False,True,103.4827586208,36.36375,33.2375,0.8925263114,0.01174172293394804,0.025009144097566605,RightFoot,RegularPlay,SecondHalf,False,"{'x': 1.2017195767195774, 'y': 0.2361180717989418, 'zoomRatio': 1}",False,False,181069.0,Brenden,Aaronson,Brenden Aaronson,#0060AA,
5795367,2026-08-22T14:00:00.000Z,1,Premier League,Nottingham Forest,10203,Leeds United,8463,2957916583,Miss,8463,612150,Dominic Calvert-Lewin,97.3771929818,50.4466242021,52,,False,False,,,41.141904761999996,1.9648420956000001,0.027468346059322357,0.0,LeftFoot,RegularPlay,SecondHalf,False,"{'x': -2.220446049250313e-16, 'y': 0.27511457532370853, 'zoomRatio': 0.5292705694021971}",False,True,,Dominic,Calvert-Lewin,Dominic Calvert-Lewin,#0060AA,
5795367,2026-08-22T14:00:00.000Z,1,Premier League,Nottingham Forest,10203,Leeds United,8463,2957920509,Miss,8463,881735,Anton Stach,97.570175438,56.849289092999996,53,,False,False,,,27.698571428000005,2.551,0.044414278119802475,0.0,RightFoot,FreeKick,SecondHalf,False,"{'x': 2, 'y': 0.4048288369617028, 'zoomRatio': 0.5998639763681837}",False,False,,Anton,Stach,Anton Stach,#0060AA,
5795367,2026-08-22T14:00:00.000Z,1,Premier League,Nottingham Forest,10203,Leeds United,8463,2957924485,Miss,10203,1082102,Igor Jesus,100.06896551759999,38.284285716,55,,False,False,,,39.040714287,2.3179999886000004,0.1149694100022316,0.0,Header,SetPiece,SecondHalf,False,"{'x': 0, 'y': 0.4598554602823099, 'zoomRatio': 0.7498937223537185}",False,True,,Igor,Jesus,Igor Jesus,#C8102E,Igor Jesus
5795367,2026-08-22T14:00:00.000Z,1,Premier League,Nottingham Forest,10203,Leeds United,8463,2957926003,AttemptSaved,8463,612150,Dominic Calvert-Lewin,78.655825244,35.60125,56,,True,True,81.471359224,35.525000000000006,34.68625,1.2199999940000001,0.011151235550642014,0.0,RightFoot,RegularPlay,SecondHalf,False,"{'x': 0.8184523809523807, 'y': 0.32275132116402117, 'zoomRatio': 1}",False,False,,Dominic,Calvert-Lewin,Dominic Calvert-Lewin,#0060AA,
5795367,2026-08-22T14:00:00.000Z,1,Premier League,Nottingham Forest,10203,Leeds United,8463,2957936927,Miss,10203,795371,Ibrahim Sangaré,77.8674757296,24.955625,61,,False,False,,,18.814522295299998,5.1842758704000005,0.026042785495519638,0.0,RightFoot,RegularPlay,SecondHalf,False,"{'x': 2, 'y': 0.34139695643525475, 'zoomRatio': 0.24892203416360523}",False,False,,Ibrahim,Sangaré,Ibrahim Sangaré,#C8102E,
5795367,2026-08-22T14:00:00.000Z,1,Premier League,Nottingham Forest,10203,Leeds United,8463,2957940367,AttemptSaved,10203,682548,Ola Aina,83.49854368960001,19.445095544,63,,True,True,89.6,23.438726119099996,35.75375,0.44305262940000006,0.029960455372929573,0.0,RightFoot,RegularPlay,SecondHalf,False,"{'x': 0.5360449735449745, 'y': 0.11720969031746033, 'zoomRatio': 1}",False,False,,Ola,Aina,Ola Aina,#C8102E,
5795367,2026-08-22T14:00:00.000Z,1,Premier League,Nottingham Forest,10203,Leeds United,8463,2957941441,Miss,10203,789502,Morgan Gibbs-White,90.5,39.208809525,64,,False,False,,,25.7071875,4.341379316,0.05007432401180267,0.0,RightFoot,ThrowInSetPiece,SecondHalf,False,"{'x': 2, 'y': 0.5235110905980331, 'zoomRatio': 0.4558164072804012}",False,True,,Morgan,Gibbs-White,Morgan Gibbs-White,#C8102E,
5795367,2026-08-22T14:00:00.000Z,1,Premier League,Nottingham Forest,10203,Leeds United,8463,2957943565,Miss,10203,169719,Chris Wood,86.99705882319999,35.29625000000001,65,,False,False,,,42.4084375,0.2696842092,0.11963316798210144,0.0,RightFoot,RegularPlay,SecondHalf,False,"{'x': 0, 'y': 0.032073046769985514, 'zoomRatio': 0.4495484446426582}",False,False,,Chris,Wood,Chris Wood,#C8102E,
5795367,2026-08-22T14:00:00.000Z,1,Premier League,Nottingham Forest,10203,Leeds United,8463,2957951615,AttemptSaved,8463,1250485,Tarik Muharemovic,97.570175438,36.135000000000005,70,,False,True,104.1465517242,34.305,32.0175,1.5025263084,0.09185124188661575,0.4314812421798706,Header,ThrowInSetPiece,SecondHalf,False,"{'x': 1.5244708994709, 'y': 0.39749373238095237, 'zoomRatio': 1}",False,True,181069.0,Tarik,Muharemovic,Tarik Muharemovic,#0060AA,
5795367,2026-08-22T14:00:00.000Z,1,Premier League,Nottingham Forest,10203,Leeds United,8463,2957957989,AttemptSaved,10203,1082102,Igor Jesus,97.1842105256,30.568749999999998,74,,True,True,101.9655172416,32.3225,33.466249999999995,1.2199999940000001,0.05185491219162941,0.0,Header,FromCorner,SecondHalf,False,"{'x': 1.141203703703705, 'y': 0.32275132116402117, 'zoomRatio': 1}",False,True,,Igor,Jesus,Igor Jesus,#C8102E,Igor Jesus
5795367,2026-08-22T14:00:00.000Z,1,Premier League,Nottingham Forest,10203,Leeds United,8463,2957982143,AttemptSaved,8463,612150,Dominic Calvert-Lewin,97.0877192975,28.454999999,86,,True,True,98.92105263139999,29.295476189000002,31.48375,1.2199999940000001,0.08821744471788406,0.0,LeftFoot,RegularPlay,SecondHalf,False,"{'x': 1.665674603174603, 'y': 0.32275132116402117, 'zoomRatio': 1}",False,True,,Dominic,Calvert-Lewin,Dominic Calvert-Lewin,#0060AA,
5795367,2026-08-22T14:00:00.000Z,1,Premier League,Nottingham Forest,10203,Leeds United,8463,2957985657,Goal,8463,881735,Anton Stach,84.51213592239999,55.0782938313,88,,False,True,,,36.5925,0.7319999964,0.03728635236620903,0.07627934217453003,RightFoot,FreeKick,SecondHalf,False,"{'x': 0.31415343915343885, 'y': 0.19365079269841268, 'zoomRatio': 1}",False,False,181069.0,Anton,Stach,Anton Stach,#0060AA,
5795367,2026-08-22T14:00:00.000Z,1,Premier League,Nottingham Forest,10203,Leeds United,8463,2957995353,Miss,10203,789502,Morgan Gibbs-White,80.908252428,31.78875,90,3.0,False,False,,,31.636249999999997,5.5492413888000005,0.07488883286714554,0.0,RightFoot,FreeKick,SecondHalf,False,"{'x': 1.2884802531887587, 'y': 0.6772486772486772, 'zoomRatio': 0.46132431816118724}",False,False,,Morgan,Gibbs-White,Morgan Gibbs-White,#C8102E,
5795368,2026-08-22T16:30:00.000Z,1,Premier League,Brentford,9937,Tottenham Hotspur,8586,2958044821,AttemptSaved,9937,650616,Mathias Jensen,96.605263157,59.2762085257,3,,True,True,102.629310345,42.119375,34.838750000000005,1.2199999940000001,0.036002375185489655,0.0,RightFoot,FreeKick,FirstHalf,False,"{'x': 0.7781084656084645, 'y': 0.32275132116402117, 'zoomRatio': 1}",False,False,,Mathias,Jensen,Mathias Jensen,#C00808,
5795368,2026-08-22T16:30:00.000Z,1,Premier League,Brentford,9937,Tottenham Hotspur,8586,2958045669,AttemptSaved,9937,1010426,Keane Lewis-Potter,86.4602941172,30.291999999999998,4,,True,True,95.640350876,33.00875,36.2875,1.2199999940000001,0.03688257560133934,0.0,RightFoot,FromCorner,FirstHalf,False,"{'x': 0.39484126984126955, 'y': 0.32275132116402117, 'zoomRatio': 1}",False,False,,Keane,Lewis-Potter,Keane Lewis-Potter,#C00808,
5795368,2026-08-22T16:30:00.000Z,1,Premier League,Brentford,9937,Tottenham Hotspur,8586,2958046019,Miss,9937,961306,Nathan Collins,98.0526315785,34.07625,4,,False,False,,,39.460952381999995,1.0723157842,0.3052968382835388,0.0,Header,FromCorner,FirstHalf,False,"{'x': 0, 'y': 0.19636058130345385, 'zoomRatio': 0.6921869548724447}",False,True,,Nathan,Collins,Nathan Collins,#C00808,
5795368,2026-08-22T16:30:00.000Z,1,Premier League,Brentford,9937,Tottenham Hotspur,8586,2958052229,Miss,9937,1250253,Dango Ouattara,99.50000000040001,46.452993627000005,8,,False,False,,,32.9325,3.6201379344000006,0.013957744464278221,0.0,Header,FromCorner,FirstHalf,False,"{'x': 1.199705916200894, 'y': 0.6772486772486772, 'zoomRatio': 0.7071553753998859}",False,True,,Dango,Ouattara,Dango Ouattara,#C00808,
5795368,2026-08-22T16:30:00.000Z,1,Premier League,Brentford,9937,Tottenham Hotspur,8586,2958054855,Miss,8586,966027,Conor Gallagher,76.6286407784,41.483437499999994,10,,False,False,,,23.9291719792,4.5846896616,0.017017967998981476,0.0,RightFoot,RegularPlay,FirstHalf,False,"{'x': 2, 'y': 0.45524455905025013, 'zoomRatio': 0.37534153022898376}",False,False,,Conor,Gallagher,Conor Gallagher,#132257,
5795368,2026-08-22T16:30:00.000Z,1,Premier League,Brentford,9937,Tottenham Hotspur,8586,2958058165,Goal,9937,1010426,Keane Lewis-Potter,97.3771929818,33.31375,12,,False,True,,,34.68625,0.5265263132,0.7332373857498169,0.8203606009483337,RightFoot,RegularPlay,FirstHalf,False,"{'x': 0.8184523809523807, 'y': 0.13929267544973545, 'zoomRatio': 1}",False,True,1341475.0,Keane,Lewis-Potter,Keane Lewis-Potter,#C00808,
5795368,2026-08-22T16:30:00.000Z,1,Premier League,Brentford,9937,Tottenham Hotspur,8586,2958062379,AttemptSaved,8586,1288111,Mathys Tel,76.1781553416,43.5103184664,15,,True,True,90.2,39.292857143999996,34.22875,1.2199999940000001,0.03303904086351395,0.0,RightFoot,FreeKick,FirstHalf,False,"{'x': 0.9394841269841275, 'y': 0.32275132116402117, 'zoomRatio': 1}",False,False,,Mathys,Tel,Mathys Tel,#132257,
5795368,2026-08-22T16:30:00.000Z,1,Premier League,Brentford,9937,Tottenham Hotspur,8586,2958075809,Miss,9937,1429912,Michael Kayode,94.4824561388,32.70374999999999,29,,False,False,,,41.31,0.44305262940000006,0.03565281257033348,0.0,Header,SetPiece,FirstHalf,False,"{'x': 0, 'y': 0.06060911482900136, 'zoomRatio': 0.5170998632010942}",False,True,,Michael,Kayode,Michael Kayode,#C00808,
5795368,2026-08-22T16:30:00.000Z,1,Premier League,Brentford,9937,Tottenham Hotspur,8586,2958078529,AttemptSaved,9937,650616,Mathias Jensen,85.17205882280001,22.387770704599998,33,,False,True,103.00862068980001,32.6275,35.220000000000006,1.4254736772,0.045990053564310074,0.06374431401491165,RightFoot,RegularPlay,FirstHalf,False,"{'x': 0.6772486772486757, 'y': 0.3771094384126984, 'zoomRatio': 1}",False,False,1341475.0,Mathias,Jensen,Mathias Jensen,#C00808,
5795368,2026-08-22T16:30:00.000Z,1,Premier League,Brentford,9937,Tottenham Hotspur,8586,2958078567,Goal,9937,688273,Vitaly Janelt,96.7017543851,31.254999999999995,33,,False,True,,,32.9325,0.160526315,0.32503166794776917,0.6119256019592285,RightFoot,RegularPlay,FirstHalf,False,"{'x': 1.282407407407408, 'y': 0.042467279100529096, 'zoomRatio': 1}",False,True,1341475.0,Vitaly,Janelt,Vitaly Janelt,#C00808,
5795368,2026-08-22T16:30:00.000Z,1,Premier League,Brentford,9937,Tottenham Hotspur,8586,2958083797,AttemptSaved,9937,1429912,Michael Kayode,97.0877192975,28.623095236999998,36,,True,True,98.0526315785,29.463571426999998,34.915000000000006,1.2199999940000001,0.05372551456093788,0.0,Header,RegularPlay,FirstHalf,False,"{'x': 0.7579365079365064, 'y': 0.32275132116402117, 'zoomRatio': 1}",False,True,,Michael,Kayode,Michael Kayode,#C00808,
5795368,2026-08-22T16:30:00.000Z,1,Premier League,Brentford,9937,Tottenham Hotspur,8586,2958089727,Miss,8586,867414,Sandro Tonali,83.6111650488,29.379523808000002,40,,False,False,,,28.118809523000003,6.513793116,0.025124860927462578,0.0,RightFoot,RegularPlay,FirstHalf,False,"{'x': 1.6114760478671248, 'y': 0.6772486772486772, 'zoomRatio': 0.3930121749970543}",False,False,,Sandro,Tonali,Sandro Tonali,#132257,
5795368,2026-08-22T16:30:00.000Z,1,Premier League,Brentford,9937,Tottenham Hotspur,8586,2958094385,Miss,9937,1250253,Dango Ouattara,77.9800970888,30.645,43,,False,False,,,35.9825,3.9764137976,0.03581273928284645,0.0,LeftFoot,RegularPlay,FirstHalf,False,"{'x': 0.662347640113343, 'y': 0.6772486772486772, 'zoomRatio': 0.6437961767321879}",False,False,,Dango,Ouattara,Dango Ouattara,#C00808,
5795368,2026-08-22T16:30:00.000Z,1,Premier League,Brentford,9937,Tottenham Hotspur,8586,2958096487,Miss,9937,1429912,Michael Kayode,97.2807017537,31.636249999999997,45,0.0,False,False,,,51.0771974508,0.5329473658000001,0.0916043370962143,0.0,Header,RegularPlay,FirstHalf,False,"{'x': 0, 'y': 0.031208128109746346, 'zoomRatio': 0.22134779496988963}",False,True,,Michael,Kayode,Michael Kayode,#C00808,
5795368,2026-08-22T16:30:00.000Z,1,Premier League,Brentford,9937,Tottenham Hotspur,8586,2958123853,AttemptSaved,9937,1083796,Kevin Schade,100.25862069,25.649375000000003,48,,True,True,100.8275862072,26.516562500000003,34.0,1.2199999940000001,0.07250536233186722,0.0,RightFoot,ThrowInSetPiece,SecondHalf,False,"{'x': 1, 'y': 0.32275132116402117, 'zoomRatio': 1}",False,True,,Kevin,Schade,Kevin Schade,#C00808,
5795368,2026-08-22T16:30:00.000Z,1,Premier League,Brentford,9937,Tottenham Hotspur,8586,2958125119,AttemptSaved,9937,1185211,Mamadou Sangaré,91.2,37.684,48,,False,True,103.2931034484,35.525000000000006,34.7625,0.1219999994,0.05269024893641472,0.18004626035690308,LeftFoot,FromCorner,SecondHalf,False,"{'x': 0.7982804232804226, 'y': 0.032275132116402115, 'zoomRatio': 1}",False,True,1341475.0,Mamadou,Sangaré,Mamadou Sangaré,#C00808,
5795368,2026-08-22T16:30:00.000Z,1,Premier League,Brentford,9937,Tottenham Hotspur,8586,2958125175,Goal,9937,1429912,Michael Kayode,101.3965517244,32.3225,49,,False,True,,,32.0175,2.0739999898,0.3197242021560669,0.9699291586875916,RightFoot,FromCorner,SecondHalf,False,"{'x': 1.5244708994709, 'y': 0.5486772459788359, 'zoomRatio': 1}",False,True,1341475.0,Michael,Kayode,Michael Kayode,#C00808,
5795368,2026-08-22T16:30:00.000Z,1,Premier League,Brentford,9937,Tottenham Hotspur,8586,2958127097,AttemptSaved,8586,1407250,Mikey Moore,94.9649122793,23.5788535077,50,,False,True,103.19827586219999,31.78875,34.0,0.160526315,0.10286039859056473,0.062199678272008896,RightFoot,RegularPlay,SecondHalf,False,"{'x': 1, 'y': 0.042467279100529096, 'zoomRatio': 1}",False,True,776689.0,Mikey,Moore,Mikey Moore,#132257,
5795368,2026-08-22T16:30:00.000Z,1,Premier League,Brentford,9937,Tottenham Hotspur,8586,2958129867,AttemptSaved,8586,1407250,Mikey Moore,96.3157894727,24.419617839300003,52,,False,True,103.103448276,31.1025,33.161249999999995,0.0385263156,0.14570628106594086,0.11636634916067123,RightFoot,RegularPlay,SecondHalf,False,"{'x': 1.2218915343915355, 'y': 0.010192146984126984, 'zoomRatio': 1}",False,True,776689.0,Mikey,Moore,Mikey Moore,#132257,
5795368,2026-08-22T16:30:00.000Z,1,Premier League,Brentford,9937,Tottenham Hotspur,8586,2958132283,Miss,9937,1083796,Kevin Schade,91.9,37.50750000000001,53,,False,False,95.9298245603,39.713095239,47.3638216529,0.6228421022,0.04883351922035217,0.0,RightFoot,RegularPlay,SecondHalf,False,"{'x': 1.1102230246251565e-16, 'y': 0.04660658592857238, 'zoomRatio': 0.28285322104547284}",False,True,,Kevin,Schade,Kevin Schade,#C00808,
5795368,2026-08-22T16:30:00.000Z,1,Premier League,Brentford,9937,Tottenham Hotspur,8586,2958132361,AttemptSaved,9937,688273,Vitaly Janelt,94.7719298231,44.981656046699996,53,,True,True,96.79824561320001,42.928749999999994,34.22875,1.2199999940000001,0.06100982055068016,0.0,LeftFoot,RegularPlay,SecondHalf,False,"{'x': 0.9394841269841275, 'y': 0.32275132116402117, 'zoomRatio': 1}",False,True,,Vitaly,Janelt,Vitaly Janelt,#C00808,
5795368,2026-08-22T16:30:00.000Z,1,Premier League,Brentford,9937,Tottenham Hotspur,8586,2958134935,Post,9937,1302005,Igor Thiago,94.0,34.0,55,,False,False,,,37.708,0.20547368320000003,0.7884,0.0,RightFoot,Penalty,SecondHalf,False,"{'x': 0.019047619047619535, 'y': 0.05435811724867726, 'zoomRatio': 1}",False,True,,Igor,Thiago,Igor Thiago,#C00808,Thiago
5795368,2026-08-22T16:30:00.000Z,1,Premier League,Brentford,9937,Tottenham Hotspur,8586,2958140719,AttemptSaved,8586,867414,Sandro Tonali,75.7276699048,44.000764326500004,59,,False,True,103.8620689656,34.1525,36.8975,0.3659999982,0.013994326815009117,0.16774709522724152,RightFoot,RegularPlay,SecondHalf,False,"{'x': 0.23346560846560827, 'y': 0.09682539634920634, 'zoomRatio': 1}",False,False,776689.0,Sandro,Tonali,Sandro Tonali,#132257,
5795368,2026-08-22T16:30:00.000Z,1,Premier League,Brentford,9937,Tottenham Hotspur,8586,2958145677,AttemptSaved,8586,1407250,Mikey Moore,97.7631578942,22.107515927399998,62,,False,True,103.6724137932,30.72125,35.90625,1.0594736790000001,0.1327529400587082,0.26148131489753723,RightFoot,RegularPlay,SecondHalf,False,"{'x': 0.49570105820105825, 'y': 0.28028404206349206, 'zoomRatio': 1}",False,True,776689.0,Mikey,Moore,Mikey Moore,#132257,
5795368,2026-08-22T16:30:00.000Z,1,Premier League,Brentford,9937,Tottenham Hotspur,8586,2958153389,AttemptSaved,9937,1083796,Kevin Schade,92.6,37.05,69,,False,True,103.577586207,34.533750000000005,34.0,0.7319999964,0.03062836080789566,0.009347095154225826,Header,RegularPlay,SecondHalf,False,"{'x': 1, 'y': 0.19365079269841268, 'zoomRatio': 1}",False,True,1341475.0,Kevin,Schade,Kevin Schade,#C00808,
5795368,2026-08-22T16:30:00.000Z,1,Premier League,Brentford,9937,Tottenham Hotspur,8586,2958159269,Miss,9937,1171140,Jaidon Anthony,85.81617647,33.8475,76,,False,False,,,26.69,7.000413807199999,0.026986736804246902,0.0,LeftFoot,FromCorner,SecondHalf,False,"{'x': 1.7071993123600775, 'y': 0.6772486772486772, 'zoomRatio': 0.365692667677304}",False,False,,Jaidon,Anthony,Jaidon Anthony,#C00808,
5795368,2026-08-22T16:30:00.000Z,1,Premier League,Brentford,9937,Tottenham Hotspur,8586,2958160281,Miss,9937,1302005,Igor Thiago,98.6315789471,30.873749999999998,77,,False,False,,,29.379523808000002,1.3355789408,0.21298079192638397,0.0,LeftFoot,RegularPlay,SecondHalf,False,"{'x': 2, 'y': 0.2890565572250871, 'zoomRatio': 0.8180974953501073}",False,True,,Igor,Thiago,Igor Thiago,#C00808,Thiago
5795368,2026-08-22T16:30:00.000Z,1,Premier League,Brentford,9937,Tottenham Hotspur,8586,2958161281,AttemptSaved,9937,961306,Nathan Collins,96.9912280694,26.69,78,,True,True,98.14912280659999,27.782619046999997,33.61875,1.2199999940000001,0.03141746670007706,0.0,Header,ThrowInSetPiece,SecondHalf,False,"{'x': 1.1008597883597888, 'y': 0.32275132116402117, 'zoomRatio': 1}",False,True,,Nathan,Collins,Nathan Collins,#C00808,
5795368,2026-08-22T16:30:00.000Z,1,Premier League,Brentford,9937,Tottenham Hotspur,8586,2958166111,Miss,8586,1288111,Mathys Tel,79.21893204,34.0,82,,False,False,,,43.720509549300004,6.270482770400001,0.026028232648968697,0.0,LeftFoot,RegularPlay,SecondHalf,False,"{'x': -2.220446049250313e-16, 'y': 0.6450775793797304, 'zoomRatio': 0.38886850332575484}",False,False,,Mathys,Tel,Mathys Tel,#132257,
5795368,2026-08-22T16:30:00.000Z,1,Premier League,Brentford,9937,Tottenham Hotspur,8586,2958169681,AttemptSaved,9937,552718,Kristoffer Ajer,100.6379310348,38.78857143,85,,False,True,104.1465517242,35.83,34.61,0.44947368200000004,0.10708235204219818,0.12197258323431015,Header,FromCorner,SecondHalf,False,"{'x': 0.8386243386243388, 'y': 0.11890838148148149, 'zoomRatio': 1}",False,True,1341475.0,Kristoffer,Ajer,Kristoffer Ajer,#C00808,
5795368,2026-08-22T16:30:00.000Z,1,Premier League,Brentford,9937,Tottenham Hotspur,8586,2958171553,AttemptSaved,8586,591734,Dominic Solanke,89.5,41.31,87,,True,True,92.4,40.217380953,36.135000000000005,1.2199999940000001,0.07108259946107864,0.0,LeftFoot,RegularPlay,SecondHalf,False,"{'x': 0.4351851851851839, 'y': 0.32275132116402117, 'zoomRatio': 1}",False,True,,Dominic,Solanke,Dominic Solanke,#132257,
5795368,2026-08-22T16:30:00.000Z,1,Premier League,Brentford,9937,Tottenham Hotspur,8586,2958173023,AttemptSaved,9937,1083796,Kevin Schade,96.3157894727,24.5597452279,88,,False,True,103.00862068980001,30.267999999999997,34.99125,0.40452631380000004,0.19635765254497528,0.3439710736274719,RightFoot,FastBreak,SecondHalf,False,"{'x': 0.73776455026455, 'y': 0.10701754333333334, 'zoomRatio': 1}",False,True,1341475.0,Kevin,Schade,Kevin Schade,#C00808,
5795368,2026-08-22T16:30:00.000Z,1,Premier League,Brentford,9937,Tottenham Hotspur,8586,2958177015,AttemptSaved,9937,184321,Callum Wilson,101.58620689680001,21.9673885388,90,1.0,True,True,102.25000000019999,24.84,31.559999999999995,1.2199999940000001,0.03302791342139244,0.0,RightFoot,RegularPlay,SecondHalf,False,"{'x': 1.6455026455026467, 'y': 0.32275132116402117, 'zoomRatio': 1}",False,True,,Callum,Wilson,Callum Wilson,#C00808,
5795368,2026-08-22T16:30:00.000Z,1,Premier League,Brentford,9937,Tottenham Hotspur,8586,2958177855,Miss,9937,1083796,Kevin Schade,100.44827586240001,31.4075,90,1.0,False,False,,,30.34,5.0626206976,0.17588762938976288,0.0,Header,FromCorner,SecondHalf,False,"{'x': 1.4896140372327775, 'y': 0.6772486772486772, 'zoomRatio': 0.5056669564863117}",False,True,,Kevin,Schade,Kevin Schade,#C00808,
5795368,2026-08-22T16:30:00.000Z,1,Premier League,Brentford,9937,Tottenham Hotspur,8586,2958179449,Miss,9937,1157236,Yehor Yarmoliuk,86.4602941172,24.955625,90,3.0,False,False,,,26.227500000000003,7.4783448432,0.03513648733496666,0.0,RightFoot,FromCorner,SecondHalf,False,"{'x': 1.7038877524753056, 'y': 0.6772486772486772, 'zoomRatio': 0.3423217374534136}",False,False,,Yehor,Yarmoliuk,Yehor Yarmoliuk,#C00808,
5795369,2026-08-23T13:00:00.000Z,1,Premier League,Brighton & Hove Albion,10204,Aston Villa,10252,2958755225,Miss,10252,610184,Emiliano Buendía,83.8364077672,42.46625,4,,False,False,,,37.696,5.9142069072,0.011533981189131737,0.0,RightFoot,SetPiece,FirstHalf,False,"{'x': 0.5767630131330368, 'y': 0.6772486772486772, 'zoomRatio': 0.4328560092957581}",False,False,,Emiliano,Buendía,Emiliano Buendía,#7D1142,
5795369,2026-08-23T13:00:00.000Z,1,Premier League,Brighton & Hove Albion,10204,Aston Villa,10252,2958755657,Miss,10252,610184,Emiliano Buendía,87.6411764704,23.0183439533,5,,False,False,,,39.208809525,0.2696842092,0.06622235476970673,0.0,LeftFoot,RegularPlay,FirstHalf,False,"{'x': 0, 'y': 0.05177463447369964, 'zoomRatio': 0.725693650700349}",False,False,,Emiliano,Buendía,Emiliano Buendía,#7D1142,
5795369,2026-08-23T13:00:00.000Z,1,Premier League,Brighton & Hove Albion,10204,Aston Villa,10252,2958756855,Miss,10252,610184,Emiliano Buendía,93.5,45.3319745182,7,,False,False,,,37.696,5.305931043199999,0.050923582166433334,0.0,LeftFoot,RegularPlay,FirstHalf,False,"{'x': 0.5282428115384088, 'y': 0.6772486772486772, 'zoomRatio': 0.48247894274480957}",False,True,,Emiliano,Buendía,Emiliano Buendía,#7D1142,
5795369,2026-08-23T13:00:00.000Z,1,Premier League,Brighton & Hove Albion,10204,Aston Villa,10252,2958757965,Post,10204,1134871,Maxim De Cuyper,98.92105263139999,19.865477709799997,8,,False,False,,,30.291999999999998,1.2585263096000001,0.28711816668510437,0.0,RightFoot,RegularPlay,FirstHalf,False,"{'x': 1.9809523809523806, 'y': 0.3329434681481482, 'zoomRatio': 1}",False,True,,Maxim,De Cuyper,Maxim De Cuyper,#0850A0,
5795369,2026-08-23T13:00:00.000Z,1,Premier League,Brighton & Hove Albion,10204,Aston Villa,10252,2958757999,Goal,10252,258269,Victor Nilsson Lindelöf,1.422413793,36.745000000000005,8,,False,True,,,31.026249999999997,1.4639999928,,,OtherBodyParts,RegularPlay,FirstHalf,True,"{'x': 1.7867063492063497, 'y': 0.38730158539682535, 'zoomRatio': 1}",False,True,195782.0,Victor Nilsson,Lindelöf,Victor Nilsson Lindelöf,#7D1142,
5795369,2026-08-23T13:00:00.000Z,1,Premier League,Brighton & Hove Albion,10204,Aston Villa,10252,2958765693,Miss,10252,356406,John McGinn,82.7101941752,27.782619046999997,17,,False,False,,,41.7146875,4.8280000072,0.03546706959605217,0.0,LeftFoot,RegularPlay,FirstHalf,False,"{'x': 0, 'y': 0.625819258032163, 'zoomRatio': 0.4899744804958078}",False,False,,John,McGinn,John McGinn,#7D1142,
5795369,2026-08-23T13:00:00.000Z,1,Premier League,Brighton & Hove Albion,10204,Aston Villa,10252,2958766243,Goal,10204,1134871,Maxim De Cuyper,102.629310345,34.61,18,,False,True,,,34.305,0.6485263126,0.9610058069229126,0.9915443658828735,LeftFoot,RegularPlay,FirstHalf,False,"{'x': 0.9193121693121694, 'y': 0.17156780756613757, 'zoomRatio': 1}",False,True,195782.0,Maxim,De Cuyper,Maxim De Cuyper,#0850A0,
5795369,2026-08-23T13:00:00.000Z,1,Premier League,Brighton & Hove Albion,10204,Aston Villa,10252,2958770983,Miss,10204,956925,Georginio Rutter,82.1470873792,19.865477709799997,24,,False,False,103.577586207,32.6275,32.6275,3.3768275888,0.02010957896709442,0.0,RightFoot,RegularPlay,FirstHalf,False,"{'x': 1.2752654037199838, 'y': 0.6772486772486772, 'zoomRatio': 0.7581079971304456}",False,False,195782.0,Georginio,Rutter,Georginio Rutter,#0850A0,
5795369,2026-08-23T13:00:00.000Z,1,Premier League,Brighton & Hove Albion,10204,Aston Villa,10252,2958775731,Goal,10204,1251334,Jack Hinshelwood,102.629310345,35.6775,30,,False,True,,,37.355000000000004,0.5265263132,0.8714447021484375,0.993389368057251,Header,RegularPlay,FirstHalf,False,"{'x': 0.11243386243386144, 'y': 0.13929267544973545, 'zoomRatio': 1}",False,True,195782.0,Jack,Hinshelwood,Jack Hinshelwood,#0850A0,
5795369,2026-08-23T13:00:00.000Z,1,Premier League,Brighton & Hove Albion,10204,Aston Villa,10252,2958776671,Goal,10204,1251334,Jack Hinshelwood,94.1929824545,38.032142859000004,31,,False,True,,,36.21125,0.28252631440000003,0.4405553936958313,0.5723623037338257,RightFoot,RegularPlay,FirstHalf,False,"{'x': 0.41501322751322767, 'y': 0.07474241121693122, 'zoomRatio': 1}",False,True,195782.0,Jack,Hinshelwood,Jack Hinshelwood,#0850A0,
5795369,2026-08-23T13:00:00.000Z,1,Premier League,Brighton & Hove Albion,10204,Aston Villa,10252,2958786579,AttemptSaved,10204,1168311,Yasin Ayari,84.286893204,31.4075,42,,True,True,92.2,32.3225,34.0,1.2199999940000001,0.05569060519337654,0.0,RightFoot,RegularPlay,FirstHalf,False,"{'x': 1, 'y': 0.32275132116402117, 'zoomRatio': 1}",False,False,,Yasin,Ayari,Yasin Ayari,#0850A0,
5795369,2026-08-23T13:00:00.000Z,1,Premier League,Brighton & Hove Albion,10204,Aston Villa,10252,2958786829,Miss,10204,970243,Mats Wieffer,88.8,26.2853125,42,,False,False,,,42.00375,0.802631575,0.08594157546758652,0.0,RightFoot,RegularPlay,FirstHalf,False,"{'x': 0, 'y': 0.10028193971575829, 'zoomRatio': 0.4722786193971578}",False,True,,Mats,Wieffer,Mats Wieffer,#0850A0,
5795369,2026-08-23T13:00:00.000Z,1,Premier League,Brighton & Hove Albion,10204,Aston Villa,10252,2958787885,Miss,10204,1134871,Maxim De Cuyper,87.21176470559999,37.94809524,43,,False,False,,,28.370952380000002,0.1797894728,0.08804351091384888,0.0,LeftFoot,RegularPlay,FirstHalf,False,"{'x': 2, 'y': 0.0319395899514526, 'zoomRatio': 0.6715167920359508}",False,False,,Maxim,De Cuyper,Maxim De Cuyper,#0850A0,
5795369,2026-08-23T13:00:00.000Z,1,Premier League,Brighton & Hove Albion,10204,Aston Villa,10252,2958788527,AttemptSaved,10204,1134871,Maxim De Cuyper,93.8,43.440254772100005,44,,True,True,97.7631578942,40.805714286,35.220000000000006,1.2199999940000001,0.1306268572807312,0.0,LeftFoot,RegularPlay,FirstHalf,False,"{'x': 0.6772486772486757, 'y': 0.32275132116402117, 'zoomRatio': 1}",False,True,,Maxim,De Cuyper,Maxim De Cuyper,#0850A0,
5795369,2026-08-23T13:00:00.000Z,1,Premier League,Brighton & Hove Albion,10204,Aston Villa,10252,2958789417,AttemptSaved,10204,1354561,Diego Gómez,92.7,37.684,45,0.0,False,True,103.4827586208,34.305,36.97375,0.0385263156,0.08795048296451569,0.7379022240638733,RightFoot,RegularPlay,FirstHalf,False,"{'x': 0.21329365079365015, 'y': 0.010192146984126984, 'zoomRatio': 1}",False,True,195782.0,Diego,Gómez,Diego Gómez,#0850A0,
5795369,2026-08-23T13:00:00.000Z,1,Premier League,Brighton & Hove Albion,10204,Aston Villa,10252,2958805587,Miss,10204,1413996,Luka Vuskovic,73.8131067984,35.9825,49,,False,False,89.7,38.032142859000004,40.46952381,1.0723157842,0.01763971894979477,0.0,RightFoot,RegularPlay,SecondHalf,False,"{'x': 1.1102230246251565e-16, 'y': 0.16574879630901307, 'zoomRatio': 0.5842779331234892}",False,False,,Luka,Vuskovic,Luka Vuskovic,#0850A0,
5795369,2026-08-23T13:00:00.000Z,1,Premier League,Brighton & Hove Albion,10204,Aston Villa,10252,2958807391,Miss,10204,1168311,Yasin Ayari,92.7,37.768,51,,False,False,,,41.141904761999996,0.2696842092,0.055843085050582886,0.0,RightFoot,FromCorner,SecondHalf,False,"{'x': -2.220446049250313e-16, 'y': 0.037760824064038426, 'zoomRatio': 0.5292705694021971}",False,True,,Yasin,Ayari,Yasin Ayari,#0850A0,
5795369,2026-08-23T13:00:00.000Z,1,Premier League,Brighton & Hove Albion,10204,Aston Villa,10252,2958808153,Miss,10252,966026,Ian Maatsen,85.4941176464,47.013503181400004,52,,False,False,,,38.78857143,1.60526315,0.02612961456179619,0.0,LeftFoot,RegularPlay,SecondHalf,False,"{'x': 0, 'y': 0.3352279846851947, 'zoomRatio': 0.7893794747048395}",False,False,,Ian,Maatsen,Ian Maatsen,#7D1142,
5795369,2026-08-23T13:00:00.000Z,1,Premier League,Brighton & Hove Albion,10204,Aston Villa,10252,2958809869,Miss,10204,1413996,Luka Vuskovic,101.9655172416,26.774047619,54,,False,False,104.525862069,29.211428570000002,29.967857141,0.2696842092,0.10916803777217865,0.0,LeftFoot,FromCorner,SecondHalf,False,"{'x': 2, 'y': 0.066883594810647, 'zoomRatio': 0.9374667843334954}",False,True,,Luka,Vuskovic,Luka Vuskovic,#0850A0,
5795369,2026-08-23T13:00:00.000Z,1,Premier League,Brighton & Hove Albion,10204,Aston Villa,10252,2958811751,AttemptSaved,10204,1354561,Diego Gómez,97.7631578942,23.718980896300003,57,,False,True,103.8620689656,30.72125,35.3725,0.28252631440000003,0.06798874586820602,0.26642152667045593,RightFoot,RegularPlay,SecondHalf,False,"{'x': 0.6369047619047613, 'y': 0.07474241121693122, 'zoomRatio': 1}",False,True,195782.0,Diego,Gómez,Diego Gómez,#0850A0,
5795369,2026-08-23T13:00:00.000Z,1,Premier League,Brighton & Hove Albion,10204,Aston Villa,10252,2958812465,AttemptSaved,10204,1251334,Jack Hinshelwood,93.2,33.92375,58,,True,True,95.640350876,33.8475,33.61875,1.2199999940000001,0.09979628771543503,0.0,RightFoot,RegularPlay,SecondHalf,False,"{'x': 1.1008597883597888, 'y': 0.32275132116402117, 'zoomRatio': 1}",False,True,,Jack,Hinshelwood,Jack Hinshelwood,#0850A0,
5795369,2026-08-23T13:00:00.000Z,1,Premier League,Brighton & Hove Albion,10204,Aston Villa,10252,2958814387,Miss,10204,956925,Georginio Rutter,97.1842105256,44.7714649638,61,,False,False,,,46.10267515550001,0.44305262940000006,0.05849579721689224,0.0,RightFoot,FromCorner,SecondHalf,False,"{'x': 0, 'y': 0.03660782626216789, 'zoomRatio': 0.31232764256109075}",False,True,,Georginio,Rutter,Georginio Rutter,#0850A0,
5795369,2026-08-23T13:00:00.000Z,1,Premier League,Brighton & Hove Albion,10204,Aston Villa,10252,2958816421,Post,10204,1079456,Costinha,85.17205882280001,31.7125,65,,False,False,,,37.708,0.40452631380000004,0.08307497203350067,0.0,RightFoot,RegularPlay,SecondHalf,False,"{'x': 0.019047619047619535, 'y': 0.10701754333333334, 'zoomRatio': 1}",False,False,,,Costinha,Costinha,#0850A0,
5795369,2026-08-23T13:00:00.000Z,1,Premier League,Brighton & Hove Albion,10204,Aston Villa,10252,2958817945,Miss,10252,215384,Ross Barkley,100.8275862072,39.460952381999995,68,,False,False,,,38.872619049,6.3921379432,0.09636197239160538,0.0,Header,FromCorner,SecondHalf,False,"{'x': 0.48374474471682927, 'y': 0.6772486772486772, 'zoomRatio': 0.40049198292464033}",False,True,,Ross,Barkley,Ross Barkley,#7D1142,
5795369,2026-08-23T13:00:00.000Z,1,Premier League,Brighton & Hove Albion,10204,Aston Villa,10252,2958818999,Miss,10204,1354561,Diego Gómez,77.529611652,28.454999999,71,,False,False,,,34.61,5.1842758704000005,0.027861736714839935,0.0,RightFoot,RegularPlay,SecondHalf,False,"{'x': 0.9203125559964043, 'y': 0.6772486772486772, 'zoomRatio': 0.4938008825140857}",False,False,,Diego,Gómez,Diego Gómez,#0850A0,
5795369,2026-08-23T13:00:00.000Z,1,Premier League,Brighton & Hove Albion,10204,Aston Villa,10252,2958823501,Miss,10204,1561249,Charalampos Kostoulas,92.3,26.774047619,77,,False,False,,,35.3725,4.940965524800001,0.07447318732738495,0.0,RightFoot,RegularPlay,SecondHalf,False,"{'x': 0.8118740548060318, 'y': 0.6772486772486772, 'zoomRatio': 0.518117357255518}",False,True,,Charalampos,Kostoulas,Charalampos Kostoulas,#0850A0,
5795369,2026-08-23T13:00:00.000Z,1,Premier League,Brighton & Hove Albion,10204,Aston Villa,10252,2958834419,AttemptSaved,10204,1079456,Costinha,92.5,34.68625,90,0.0,False,True,104.525862069,33.31375,34.533750000000005,0.5714736814000001,0.041420768946409225,0.02729463204741478,Header,RegularPlay,SecondHalf,False,"{'x': 0.8587962962962951, 'y': 0.15118351359788362, 'zoomRatio': 1}",False,True,195782.0,,Costinha,Costinha,#0850A0,
5795369,2026-08-23T13:00:00.000Z,1,Premier League,Brighton & Hove Albion,10204,Aston Villa,10252,2958837057,Miss,10204,1561249,Charalampos Kostoulas,96.2192982446,38.032142859000004,90,4.0,False,False,,,34.22875,5.1842758704000005,0.10203060507774353,0.0,Header,RegularPlay,SecondHalf,False,"{'x': 0.9701172084986518, 'y': 0.6772486772486772, 'zoomRatio': 0.4938008825140857}",False,True,,Charalampos,Kostoulas,Charalampos Kostoulas,#0850A0,
5795370,2026-08-23T13:00:00.000Z,1,Premier League,Manchester City,8456,AFC Bournemouth,8678,2958757301,AttemptSaved,8456,1288450,Rico Lewis,101.77586206919999,26.0540625,4,,False,True,102.72413793119999,28.286904761,32.39875,1.0979999946,0.17275212705135345,0.20665191113948822,RightFoot,RegularPlay,FirstHalf,False,"{'x': 1.4236111111111112, 'y': 0.29047618904761907, 'zoomRatio': 1}",False,True,1067256.0,Rico,Lewis,Rico Lewis,#69A8D8,
5795370,2026-08-23T13:00:00.000Z,1,Premier League,Manchester City,8456,AFC Bournemouth,8678,2958757931,Miss,8456,1300526,Nico O'Reilly,101.3017241382,42.061562499999994,5,,False,False,,,34.68625,3.3768275888,0.06754247099161148,0.0,Header,FromCorner,FirstHalf,False,"{'x': 0.8623672981400081, 'y': 0.6772486772486772, 'zoomRatio': 0.7581079971304456}",False,True,,Nico,O'Reilly,Nico O'Reilly,#69A8D8,
5795370,2026-08-23T13:00:00.000Z,1,Premier League,Manchester City,8456,AFC Bournemouth,8678,2958760579,AttemptSaved,8456,815006,Phil Foden,96.605263157,24.699872616500002,8,,True,True,97.8596491223,25.591562500000002,33.466249999999995,1.2199999940000001,0.07335609942674637,0.0,LeftFoot,RegularPlay,FirstHalf,False,"{'x': 1.141203703703705, 'y': 0.32275132116402117, 'zoomRatio': 1}",False,True,,Phil,Foden,Phil Foden,#69A8D8,
5795370,2026-08-23T13:00:00.000Z,1,Premier League,Manchester City,8456,AFC Bournemouth,8678,2958766111,AttemptSaved,8678,1478295,Rayan,97.6666666661,22.107515927399998,14,,False,True,103.9568965518,30.72125,30.568749999999998,1.2199999940000001,0.04211155325174332,0.22382403910160065,RightFoot,RegularPlay,FirstHalf,False,"{'x': 1.9077380952380967, 'y': 0.32275132116402117, 'zoomRatio': 1}",False,True,618878.0,,Rayan,Rayan,#D71921,
5795370,2026-08-23T13:00:00.000Z,1,Premier League,Manchester City,8456,AFC Bournemouth,8678,2958775343,Goal,8678,789630,Marcus Tavernier,97.95614035039999,38.78857143,26,,False,True,,,36.97375,0.4879999976,0.33919546008110046,0.9341453313827515,LeftFoot,RegularPlay,FirstHalf,False,"{'x': 0.21329365079365015, 'y': 0.12910052846560846, 'zoomRatio': 1}",False,True,618878.0,Marcus,Tavernier,Marcus Tavernier,#D71921,
5795370,2026-08-23T13:00:00.000Z,1,Premier League,Manchester City,8456,AFC Bournemouth,8678,2958781753,AttemptSaved,8456,737066,Erling Haaland,87.31911764680001,32.551249999999996,33,,True,True,88.39264705880001,32.6275,34.305,1.2199999940000001,0.05428333207964897,0.0,LeftFoot,RegularPlay,FirstHalf,False,"{'x': 0.9193121693121694, 'y': 0.32275132116402117, 'zoomRatio': 1}",False,False,,Erling,Haaland,Erling Haaland,#69A8D8,
5795370,2026-08-23T13:00:00.000Z,1,Premier League,Manchester City,8456,AFC Bournemouth,8678,2958787143,AttemptSaved,8456,737066,Erling Haaland,94.38596491070001,32.39875,39,,False,True,103.8620689656,34.1525,30.797499999999996,1.3805263090000002,0.03901483118534088,0.5546694397926331,Header,RegularPlay,FirstHalf,False,"{'x': 1.8472222222222223, 'y': 0.3652186002645503, 'zoomRatio': 1}",False,True,1067256.0,Erling,Haaland,Erling Haaland,#69A8D8,
5795370,2026-08-23T13:00:00.000Z,1,Premier League,Manchester City,8456,AFC Bournemouth,8678,2958787795,Miss,8678,789630,Marcus Tavernier,79.21893204,28.791190475,40,,False,False,,,40.30142857199999,1.3355789408,0.06149552762508392,0.0,LeftFoot,FastBreak,FirstHalf,False,"{'x': -2.220446049250313e-16, 'y': 0.21194859634441665, 'zoomRatio': 0.5998639763681837}",False,False,,Marcus,Tavernier,Marcus Tavernier,#D71921,
5795370,2026-08-23T13:00:00.000Z,1,Premier League,Manchester City,8456,AFC Bournemouth,8678,2958788729,AttemptSaved,8678,794253,Justin Kluivert,91.0,43.16,41,,False,True,102.4396551726,34.99125,31.026249999999997,0.44947368200000004,0.10642316937446594,0.425481915473938,RightFoot,RegularPlay,FirstHalf,False,"{'x': 1.7867063492063497, 'y': 0.11890838148148149, 'zoomRatio': 1}",False,True,618878.0,Justin,Kluivert,Justin Kluivert,#D71921,
5795370,2026-08-23T13:00:00.000Z,1,Premier League,Manchester City,8456,AFC Bournemouth,8678,2958791823,Miss,8456,737066,Erling Haaland,96.79824561320001,33.61875,44,,False,False,,,45.2619108239,0.2696842092,0.08249852061271667,0.0,LeftFoot,FromCorner,FirstHalf,False,"{'x': 0, 'y': 0.02394657651059328, 'zoomRatio': 0.33564463962705976}",False,True,,Erling,Haaland,Erling Haaland,#69A8D8,
5795370,2026-08-23T13:00:00.000Z,1,Premier League,Manchester City,8456,AFC Bournemouth,8678,2958808071,Miss,8456,844425,Marc Guéhi,102.72413793119999,30.95,51,,False,False,,,28.118809523000003,0.8925263114,0.7727066278457642,0.0,Header,FromCorner,SecondHalf,False,"{'x': 2, 'y': 0.15175946347775474, 'zoomRatio': 0.6427270150121346}",False,True,,Marc,Guéhi,Marc Guéhi,#69A8D8,
5795370,2026-08-23T13:00:00.000Z,1,Premier League,Manchester City,8456,AFC Bournemouth,8678,2958817541,AttemptSaved,8456,933576,Antoine Semenyo,98.0526315785,46.312866238400005,67,,False,True,103.8620689656,37.2025,32.474999999999994,0.20547368320000003,0.060418132692575455,0.16433626413345337,LeftFoot,RegularPlay,SecondHalf,False,"{'x': 1.4034391534391548, 'y': 0.05435811724867726, 'zoomRatio': 1}",False,True,1067256.0,Antoine,Semenyo,Antoine Semenyo,#69A8D8,
5795370,2026-08-23T13:00:00.000Z,1,Premier League,Manchester City,8456,AFC Bournemouth,8678,2958818119,AttemptSaved,8456,815006,Phil Foden,87.6411764704,24.2794904507,68,,True,True,91.0,25.7071875,32.6275,1.2199999940000001,0.04696226119995117,0.0,LeftFoot,RegularPlay,SecondHalf,False,"{'x': 1.3630952380952386, 'y': 0.32275132116402117, 'zoomRatio': 1}",False,False,,Phil,Foden,Phil Foden,#69A8D8,
5795370,2026-08-23T13:00:00.000Z,1,Premier League,Manchester City,8456,AFC Bournemouth,8678,2958819921,Miss,8456,737066,Erling Haaland,94.9649122793,41.9459375,72,,False,False,,,41.31,4.4630344888,0.07403293251991272,0.0,LeftFoot,RegularPlay,SecondHalf,False,"{'x': 0, 'y': 0.6105382337619697, 'zoomRatio': 0.5170998632010942}",False,True,,Erling,Haaland,Erling Haaland,#69A8D8,
5795370,2026-08-23T13:00:00.000Z,1,Premier League,Manchester City,8456,AFC Bournemouth,8678,2958821811,AttemptSaved,8456,737066,Erling Haaland,97.1842105256,31.1025,75,,False,True,104.051724138,31.78875,34.38125,1.1365263102,0.49351373314857483,0.6266829967498779,RightFoot,RegularPlay,SecondHalf,False,"{'x': 0.8991402116402113, 'y': 0.30066833603174603, 'zoomRatio': 1}",False,True,1067256.0,Erling,Haaland,Erling Haaland,#69A8D8,
5795370,2026-08-23T13:00:00.000Z,1,Premier League,Manchester City,8456,AFC Bournemouth,8678,2958825359,AttemptSaved,8678,1253827,Daniel Jebbison,95.640350876,37.732,79,,False,True,102.72413793119999,36.36375,36.05875,1.4254736772,0.09693688899278641,0.1136992871761322,Header,SetPiece,SecondHalf,False,"{'x': 0.455357142857142, 'y': 0.3771094384126984, 'zoomRatio': 1}",False,True,618878.0,Daniel,Jebbison,Daniel Jebbison,#D71921,
5795370,2026-08-23T13:00:00.000Z,1,Premier League,Manchester City,8456,AFC Bournemouth,8678,2958830117,Goal,8456,844425,Marc Guéhi,98.24561403470001,35.29625000000001,84,,False,True,,,35.220000000000006,1.0979999946,0.12095246464014053,0.2317216396331787,Header,FromCorner,SecondHalf,False,"{'x': 0.6772486772486757, 'y': 0.29047618904761907, 'zoomRatio': 1}",False,True,1067256.0,Marc,Guéhi,Marc Guéhi,#69A8D8,
5795370,2026-08-23T13:00:00.000Z,1,Premier League,Manchester City,8456,AFC Bournemouth,8678,2958836537,Goal,8456,1070712,Josko Gvardiol,94.675438595,30.797499999999996,90,1.0,False,True,,,36.36375,0.20547368320000003,0.19373831152915955,0.8931663036346436,RightFoot,RegularPlay,SecondHalf,False,"{'x': 0.37466931216931143, 'y': 0.05435811724867726, 'zoomRatio': 1}",False,True,1067256.0,Josko,Gvardiol,Josko Gvardiol,#69A8D8,
5795371,2026-08-23T15:30:00.000Z,1,Premier League,Newcastle United,10261,Liverpool,8650,2958864979,AttemptSaved,8650,1152455,Florian Wirtz,91.0,28.454999999,2,,True,True,94.0,29.631666665,33.161249999999995,1.2199999940000001,0.12686249613761902,0.0,RightFoot,RegularPlay,FirstHalf,False,"{'x': 1.2218915343915355, 'y': 0.32275132116402117, 'zoomRatio': 1}",False,True,,Florian,Wirtz,Florian Wirtz,#911712,
5795371,2026-08-23T15:30:00.000Z,1,Premier League,Newcastle United,10261,Liverpool,8650,2958867023,Goal,10261,1050166,Anthony Elanga,94.38596491070001,22.107515927399998,5,,False,True,,,35.6775,0.1219999994,0.19575119018554688,0.34479600191116333,RightFoot,FastBreak,FirstHalf,False,"{'x': 0.5562169312169307, 'y': 0.032275132116402115, 'zoomRatio': 1}",False,True,319784.0,Anthony,Elanga,Anthony Elanga,#141413,
5795371,2026-08-23T15:30:00.000Z,1,Premier League,Newcastle United,10261,Liverpool,8650,2958870325,AttemptSaved,8650,209405,Virgil van Dijk,98.4385964909,34.838750000000005,9,,True,True,100.3534482762,34.99125,35.29625000000001,1.2199999940000001,0.14530543982982635,0.0,Header,SetPiece,FirstHalf,False,"{'x': 0.6570767195767175, 'y': 0.32275132116402117, 'zoomRatio': 1}",False,True,,Virgil,van Dijk,Virgil van Dijk,#911712,
5795371,2026-08-23T15:30:00.000Z,1,Premier League,Newcastle United,10261,Liverpool,8650,2958870743,AttemptSaved,8650,806552,Cody Gakpo,94.38596491070001,43.5103184664,9,,True,True,97.2807017537,41.772499999999994,36.2875,1.2199999940000001,0.04659472033381462,0.0,LeftFoot,FromCorner,FirstHalf,False,"{'x': 0.39484126984126955, 'y': 0.32275132116402117, 'zoomRatio': 1}",False,True,,Cody,Gakpo,Cody Gakpo,#911712,
5795371,2026-08-23T15:30:00.000Z,1,Premier League,Newcastle United,10261,Liverpool,8650,2958872969,Miss,10261,666857,Yoane Wissa,73.4752427208,38.452380954,12,,False,False,85.17205882280001,68.0,67.8688151658,0.2696842092,0.05103873461484909,0.0,LeftFoot,RegularPlay,FirstHalf,False,"{'x': 0, 'y': 0.007962611265844377, 'zoomRatio': 0.11160709288162411}",False,False,,Yoane,Wissa,Yoane Wissa,#141413,
5795371,2026-08-23T15:30:00.000Z,1,Premier League,Newcastle United,10261,Liverpool,8650,2958877035,AttemptSaved,8650,1152455,Florian Wirtz,93.4,43.440254772100005,18,,False,True,104.9051724138,36.36375,32.6275,0.6099999970000001,0.08602724224328995,0.31460505723953247,LeftFoot,RegularPlay,FirstHalf,False,"{'x': 1.3630952380952386, 'y': 0.16137566058201058, 'zoomRatio': 1}",False,True,1186978.0,Florian,Wirtz,Florian Wirtz,#911712,
5795371,2026-08-23T15:30:00.000Z,1,Premier League,Newcastle United,10261,Liverpool,8650,2958877337,Miss,8650,1195281,Milos Kerkez,86.13823529359999,48.554904456,18,,False,False,,,34.22875,5.427586216,0.012088506482541561,0.0,LeftFoot,FromCorner,FirstHalf,False,"{'x': 0.9714568080993458, 'y': 0.6772486772486772, 'zoomRatio': 0.4716645481288473}",False,False,,Milos,Kerkez,Milos Kerkez,#911712,
5795371,2026-08-23T15:30:00.000Z,1,Premier League,Newcastle United,10261,Liverpool,8650,2958880313,AttemptSaved,10261,958010,Amar Dedic,99.01754385950001,18.814522295299998,22,,True,True,99.3070175438,19.5852229326,32.39875,1.2199999940000001,0.03041255474090576,0.0,RightFoot,RegularPlay,FirstHalf,False,"{'x': 1.4236111111111112, 'y': 0.32275132116402117, 'zoomRatio': 1}",False,True,,Amar,Dedic,Amar Dedic,#141413,
5795371,2026-08-23T15:30:00.000Z,1,Premier League,Newcastle United,10261,Liverpool,8650,2958882749,AttemptSaved,8650,846005,Dominik Szoboszlai,71.89854369199999,25.7071875,26,,True,True,84.3995145632,28.875238094000004,34.533750000000005,1.2199999940000001,0.027338672429323196,0.0,RightFoot,FreeKick,FirstHalf,False,"{'x': 0.8587962962962951, 'y': 0.32275132116402117, 'zoomRatio': 1}",False,False,,Dominik,Szoboszlai,Dominik Szoboszlai,#911712,
5795371,2026-08-23T15:30:00.000Z,1,Premier League,Newcastle United,10261,Liverpool,8650,2958883271,AttemptSaved,8650,806552,Cody Gakpo,85.6014705876,46.6631847099,27,,True,True,91.4,43.3001273835,34.915000000000006,1.2199999940000001,0.049419838935136795,0.0,RightFoot,RegularPlay,FirstHalf,False,"{'x': 0.7579365079365064, 'y': 0.32275132116402117, 'zoomRatio': 1}",False,False,,Cody,Gakpo,Cody Gakpo,#911712,
5795371,2026-08-23T15:30:00.000Z,1,Premier League,Newcastle United,10261,Liverpool,8650,2958884385,AttemptSaved,8650,1195281,Milos Kerkez,77.7548543704,44.981656046699996,29,,False,True,104.3362068966,35.3725,36.66875,0.3659999982,0.012248300015926361,0.03756625950336456,LeftFoot,RegularPlay,FirstHalf,False,"{'x': 0.29398148148148073, 'y': 0.09682539634920634, 'zoomRatio': 1}",False,False,1186978.0,Milos,Kerkez,Milos Kerkez,#911712,
5795371,2026-08-23T15:30:00.000Z,1,Premier League,Newcastle United,10261,Liverpool,8650,2958886449,AttemptSaved,10261,1258092,William Osula,77.1917475744,32.70374999999999,31,,True,True,89.3,33.161249999999995,33.77125,1.2199999940000001,0.041121706366539,0.0,RightFoot,FreeKick,FirstHalf,False,"{'x': 1.0605158730158726, 'y': 0.32275132116402117, 'zoomRatio': 1}",False,False,,William,Osula,William Osula,#141413,
5795371,2026-08-23T15:30:00.000Z,1,Premier League,Newcastle United,10261,Liverpool,8650,2958886499,AttemptSaved,10261,1258092,William Osula,78.655825244,37.50750000000001,32,,True,True,91.8,34.99125,32.09375,1.2199999940000001,0.01754864677786827,0.0,LeftFoot,SetPiece,FirstHalf,False,"{'x': 1.5042989417989419, 'y': 0.32275132116402117, 'zoomRatio': 1}",False,False,,William,Osula,William Osula,#141413,
5795371,2026-08-23T15:30:00.000Z,1,Premier League,Newcastle United,10261,Liverpool,8650,2958896231,AttemptSaved,8650,956683,Ryan Gravenberch,77.6422330112,37.12625,41,,True,True,86.4602941172,36.51625,34.915000000000006,1.2199999940000001,0.028673147782683372,0.0,RightFoot,RegularPlay,FirstHalf,False,"{'x': 0.7579365079365064, 'y': 0.32275132116402117, 'zoomRatio': 1}",False,False,,Ryan,Gravenberch,Ryan Gravenberch,#911712,
5795371,2026-08-23T15:30:00.000Z,1,Premier League,Newcastle United,10261,Liverpool,8650,2958900849,Miss,10261,666857,Yoane Wissa,84.7373786408,18.043821658,44,,False,False,,,56.3245497562,0.1797894728,0.028904998674988747,0.0,RightFoot,RegularPlay,FirstHalf,False,"{'x': 0, 'y': 0.008053442276033749, 'zoomRatio': 0.16932032409523576}",False,False,,Yoane,Wissa,Yoane Wissa,#141413,
5795371,2026-08-23T15:30:00.000Z,1,Premier League,Newcastle United,10261,Liverpool,8650,2958925953,AttemptSaved,8650,690107,Alexander Isak,103.8620689656,31.1025,46,,True,True,104.4310344828,32.09375,33.00875,1.2199999940000001,0.3522377908229828,0.0,Header,FromCorner,SecondHalf,False,"{'x': 1.26223544973545, 'y': 0.32275132116402117, 'zoomRatio': 1}",False,True,,Alexander,Isak,Alexander Isak,#911712,
5795371,2026-08-23T15:30:00.000Z,1,Premier League,Newcastle United,10261,Liverpool,8650,2958921861,AttemptSaved,8650,1152455,Florian Wirtz,92.7,31.4075,47,,True,True,95.35087719170001,32.09375,34.533750000000005,1.2199999940000001,0.04367757588624954,0.0,RightFoot,FromCorner,SecondHalf,False,"{'x': 0.8587962962962951, 'y': 0.32275132116402117, 'zoomRatio': 1}",False,True,,Florian,Wirtz,Florian Wirtz,#911712,
5795371,2026-08-23T15:30:00.000Z,1,Premier League,Newcastle United,10261,Liverpool,8650,2958939909,AttemptSaved,8650,690107,Alexander Isak,103.8620689656,31.865,47,,False,True,104.525862069,32.9325,33.5425,0.9374736796,0.48244839906692505,0.2922878563404083,Header,FromCorner,SecondHalf,False,"{'x': 1.121031746031747, 'y': 0.24800890994708993, 'zoomRatio': 1}",False,True,1186978.0,Alexander,Isak,Alexander Isak,#911712,
5795371,2026-08-23T15:30:00.000Z,1,Premier League,Newcastle United,10261,Liverpool,8650,2958923237,Miss,10261,1296763,Lewis Miley,85.06470588159999,41.31,48,,False,False,,,37.94809524,5.305931043199999,0.05299784243106842,0.0,RightFoot,RegularPlay,SecondHalf,False,"{'x': 0.49606539226163615, 'y': 0.6772486772486772, 'zoomRatio': 0.48247894274480957}",False,False,,Lewis,Miley,Lewis Miley,#141413,
5795371,2026-08-23T15:30:00.000Z,1,Premier League,Newcastle United,10261,Liverpool,8650,2958930221,Miss,8650,806552,Cody Gakpo,85.17205882280001,41.8303125,53,,False,False,,,30.22,3.6201379344000006,0.05351788178086281,0.0,RightFoot,RegularPlay,SecondHalf,False,"{'x': 1.707155375399886, 'y': 0.6772486772486772, 'zoomRatio': 0.7071553753998859}",False,False,,Cody,Gakpo,Cody Gakpo,#911712,
5795371,2026-08-23T15:30:00.000Z,1,Premier League,Newcastle United,10261,Liverpool,8650,2958932383,Goal,8650,806552,Cody Gakpo,79.55679611760002,23.718980896300003,55,,False,True,,,37.355000000000004,0.1219999994,0.035767700523138046,0.3848935067653656,RightFoot,RegularPlay,SecondHalf,False,"{'x': 0.11243386243386144, 'y': 0.032275132116402115, 'zoomRatio': 1}",False,False,1186978.0,Cody,Gakpo,Cody Gakpo,#911712,
5795371,2026-08-23T15:30:00.000Z,1,Premier League,Newcastle United,10261,Liverpool,8650,2958935129,AttemptSaved,8650,1597668,Rio Ngumoha,90.6,22.037452233099998,57,,True,True,97.4736842099,27.782619046999997,34.68625,1.2199999940000001,0.04019341245293617,0.0,LeftFoot,RegularPlay,SecondHalf,False,"{'x': 0.8184523809523807, 'y': 0.32275132116402117, 'zoomRatio': 1}",False,True,,Rio,Ngumoha,Rio Ngumoha,#911712,
5795371,2026-08-23T15:30:00.000Z,1,Premier League,Newcastle United,10261,Liverpool,8650,2958935239,AttemptSaved,8650,806552,Cody Gakpo,92.6,36.97375,57,,True,True,95.9298245603,36.05875,33.466249999999995,1.2199999940000001,0.09297814965248108,0.0,LeftFoot,RegularPlay,SecondHalf,False,"{'x': 1.141203703703705, 'y': 0.32275132116402117, 'zoomRatio': 1}",False,True,,Cody,Gakpo,Cody Gakpo,#911712,
5795371,2026-08-23T15:30:00.000Z,1,Premier League,Newcastle United,10261,Liverpool,8650,2958935897,AttemptSaved,8650,956683,Ryan Gravenberch,81.471359224,36.440000000000005,57,,True,True,86.352941176,35.83,32.9325,1.2199999940000001,0.034167930483818054,0.0,LeftFoot,RegularPlay,SecondHalf,False,"{'x': 1.282407407407408, 'y': 0.32275132116402117, 'zoomRatio': 1}",False,False,,Ryan,Gravenberch,Ryan Gravenberch,#911712,
5795371,2026-08-23T15:30:00.000Z,1,Premier League,Newcastle United,10261,Liverpool,8650,2958936187,Goal,10261,860975,Joseph Willock,87.6411764704,43.044375,57,,False,True,,,30.568749999999998,0.7319999964,0.08804827928543091,0.7942038178443909,RightFoot,FastBreak,SecondHalf,False,"{'x': 1.9077380952380967, 'y': 0.19365079269841268, 'zoomRatio': 1}",False,False,319784.0,Joseph,Willock,Joseph Willock,#141413,
5795371,2026-08-23T15:30:00.000Z,1,Premier League,Newcastle United,10261,Liverpool,8650,2958939473,Miss,8650,806552,Cody Gakpo,82.37233009760001,46.873375792800005,60,,False,False,,,26.4009375,6.3921379432,0.020648669451475143,0.0,RightFoot,RegularPlay,SecondHalf,False,"{'x': 1.8051226478818188, 'y': 0.6772486772486772, 'zoomRatio': 0.40049198292464033}",False,False,,Cody,Gakpo,Cody Gakpo,#911712,
5795371,2026-08-23T15:30:00.000Z,1,Premier League,Newcastle United,10261,Liverpool,8650,2958944123,AttemptSaved,8650,209405,Virgil van Dijk,97.7631578942,44.7014012695,66,,False,True,103.8620689656,34.38125,31.559999999999995,1.7914736754,0.1039542481303215,0.1740749329328537,RightFoot,SetPiece,SecondHalf,False,"{'x': 1.6455026455026467, 'y': 0.47393483476190473, 'zoomRatio': 1}",False,True,1186978.0,Virgil,van Dijk,Virgil van Dijk,#911712,
5795371,2026-08-23T15:30:00.000Z,1,Premier League,Newcastle United,10261,Liverpool,8650,2958945833,Miss,10261,666857,Yoane Wissa,100.9224137934,36.5925,67,,False,False,102.3448275864,8.9861611427,0.3279620855,0.2696842092,0.5076543688774109,0.0,RightFoot,RegularPlay,SecondHalf,False,"{'x': 2, 'y': 0.008009144260433, 'zoomRatio': 0.11225931764504936}",False,True,,Yoane,Wissa,Yoane Wissa,#141413,
5795371,2026-08-23T15:30:00.000Z,1,Premier League,Newcastle United,10261,Liverpool,8650,2958945713,AttemptSaved,10261,1050166,Anthony Elanga,82.1470873792,18.394140129500002,68,,False,True,104.3362068966,32.474999999999994,35.9825,0.3659999982,0.025752022862434387,0.05841774493455887,LeftFoot,RegularPlay,SecondHalf,False,"{'x': 0.47552910052910013, 'y': 0.09682539634920634, 'zoomRatio': 1}",False,False,319784.0,Anthony,Elanga,Anthony Elanga,#141413,
5795371,2026-08-23T15:30:00.000Z,1,Premier League,Newcastle United,10261,Liverpool,8650,2958946385,Miss,8650,690107,Alexander Isak,91.7,36.05875,69,,False,False,,,32.6275,5.1842758704000005,0.1681482046842575,0.0,LeftFoot,RegularPlay,SecondHalf,False,"{'x': 1.179296749008091, 'y': 0.6772486772486772, 'zoomRatio': 0.4938008825140857}",False,True,,Alexander,Isak,Alexander Isak,#911712,
5795371,2026-08-23T15:30:00.000Z,1,Premier League,Newcastle United,10261,Liverpool,8650,2958947503,Miss,10261,1021929,Jacob Ramsey,90.5,36.821250000000006,70,,False,False,,,25.7071875,0.1797894728,0.059577178210020065,0.0,LeftFoot,ThrowInSetPiece,SecondHalf,False,"{'x': 2, 'y': 0.021680156496966505, 'zoomRatio': 0.4558164072804012}",False,True,,Jacob,Ramsey,Jacob Ramsey,#141413,
5795371,2026-08-23T15:30:00.000Z,1,Premier League,Newcastle United,10261,Liverpool,8650,2958954679,AttemptSaved,8650,1553105,Víctor Muñoz,99.21052631570001,21.687133761599995,78,,True,True,100.6379310348,24.955625,35.29625000000001,1.2199999940000001,0.05060964822769165,0.0,RightFoot,RegularPlay,SecondHalf,False,"{'x': 0.6570767195767175, 'y': 0.32275132116402117, 'zoomRatio': 1}",False,True,,Víctor,Muñoz,Víctor Muñoz,#911712,
5795371,2026-08-23T15:30:00.000Z,1,Premier League,Newcastle United,10261,Liverpool,8650,2958957793,AttemptSaved,8650,846005,Dominik Szoboszlai,76.6286407784,42.119375,80,,True,True,85.9235294112,39.460952381999995,33.39,1.2199999940000001,0.033932123333215714,0.0,RightFoot,FreeKick,SecondHalf,False,"{'x': 1.1613756613756612, 'y': 0.32275132116402117, 'zoomRatio': 1}",False,False,,Dominik,Szoboszlai,Dominik Szoboszlai,#911712,
5795371,2026-08-23T15:30:00.000Z,1,Premier League,Newcastle United,10261,Liverpool,8650,2958964943,AttemptSaved,8650,690107,Alexander Isak,96.605263157,35.60125,85,,False,True,104.1465517242,32.779999999999994,36.51625,2.3179999886000004,0.08399857580661774,0.7752242684364319,Header,RegularPlay,SecondHalf,False,"{'x': 0.33432539682539697, 'y': 0.6132275102116402, 'zoomRatio': 1}",False,True,1186978.0,Alexander,Isak,Alexander Isak,#911712,
5795371,2026-08-23T15:30:00.000Z,1,Premier League,Newcastle United,10261,Liverpool,8650,2958966321,AttemptSaved,10261,666857,Yoane Wissa,95.0614035074,25.649375000000003,86,,False,True,98.3421052628,28.286904761,35.29625000000001,0.20547368320000003,0.4074908494949341,0.35940462350845337,RightFoot,RegularPlay,SecondHalf,False,"{'x': 0.6570767195767175, 'y': 0.05435811724867726, 'zoomRatio': 1}",False,True,319784.0,Yoane,Wissa,Yoane Wissa,#141413,
5795371,2026-08-23T15:30:00.000Z,1,Premier League,Newcastle United,10261,Liverpool,8650,2958966611,AttemptSaved,8650,1553105,Víctor Muñoz,96.79824561320001,21.1266242072,86,,True,True,98.24561403470001,23.859108284899996,36.66875,1.2199999940000001,0.04437717795372009,0.0,RightFoot,FastBreak,SecondHalf,False,"{'x': 0.29398148148148073, 'y': 0.32275132116402117, 'zoomRatio': 1}",False,True,,Víctor,Muñoz,Víctor Muñoz,#911712,
5795371,2026-08-23T15:30:00.000Z,1,Premier League,Newcastle United,10261,Liverpool,8650,2958972859,AttemptSaved,10261,760359,Harvey Barnes,88.9,44.4211464923,90,0.0,True,True,93.1,42.00375,33.39,1.2199999940000001,0.06892768293619156,0.0,RightFoot,RegularPlay,SecondHalf,False,"{'x': 1.1613756613756612, 'y': 0.32275132116402117, 'zoomRatio': 1}",False,True,,Harvey,Barnes,Harvey Barnes,#141413,
5795371,2026-08-23T15:30:00.000Z,1,Premier League,Newcastle United,10261,Liverpool,8650,2958974751,AttemptSaved,8650,1364042,Lewis Koumas,94.7719298231,49.3256050933,90,1.0,True,True,95.640350876,48.20458598450001,36.05875,1.2199999940000001,0.02876671589910984,0.0,LeftFoot,FastBreak,SecondHalf,False,"{'x': 0.455357142857142, 'y': 0.32275132116402117, 'zoomRatio': 1}",False,True,,Lewis,Koumas,Lewis Koumas,#911712,
5795371,2026-08-23T15:30:00.000Z,1,Premier League,Newcastle United,10261,Liverpool,8650,2958975649,AttemptSaved,8650,966018,Jeremie Frimpong,78.2053398072,22.177579621699998,90,2.0,True,True,88.7,26.4009375,34.838750000000005,1.2199999940000001,0.009769754484295845,0.0,LeftFoot,FromCorner,SecondHalf,False,"{'x': 0.7781084656084645, 'y': 0.32275132116402117, 'zoomRatio': 1}",False,False,,Jeremie,Frimpong,Jeremie Frimpong,#911712,
5795371,2026-08-23T15:30:00.000Z,1,Premier League,Newcastle United,10261,Liverpool,8650,2958984381,Goal,8650,846005,Dominik Szoboszlai,94.0,34.0,90,9.0,False,True,,,36.135000000000005,2.2345263048,0.7884,0.98970627784729,RightFoot,Penalty,SecondHalf,False,"{'x': 0.4351851851851839, 'y': 0.5911445250793651, 'zoomRatio': 1}",False,True,1186978.0,Dominik,Szoboszlai,Dominik Szoboszlai,#911712,
5795372,2026-08-24T19:00:00.000Z,1,Premier League,Fulham,9879,Chelsea,8455,2959523781,Goal,8455,1021382,João Pedro,92.7,26.516562500000003,1,,False,True,,,35.60125,0.5265263132,0.4791649281978607,0.48142823576927185,RightFoot,FastBreak,FirstHalf,False,"{'x': 0.5763888888888888, 'y': 0.13929267544973545, 'zoomRatio': 1}",False,True,215168.0,João,Pedro,João Pedro,#051495,Joao Pedro
5795372,2026-08-24T19:00:00.000Z,1,Premier League,Fulham,9879,Chelsea,8455,2959525865,AttemptSaved,8455,883080,Morgan Rogers,84.62475728160001,26.774047619,4,,True,True,86.13823529359999,27.53047619,35.9825,1.2199999940000001,0.03241807222366333,0.0,RightFoot,RegularPlay,FirstHalf,False,"{'x': 0.47552910052910013, 'y': 0.32275132116402117, 'zoomRatio': 1}",False,False,,Morgan,Rogers,Morgan Rogers,#051495,
5795372,2026-08-24T19:00:00.000Z,1,Premier League,Fulham,9879,Chelsea,8455,2959526303,AttemptSaved,8455,807729,Reece James,87.426470588,26.343125,4,,True,True,94.9649122793,29.799761903000004,33.695,1.2199999940000001,0.04070252180099487,0.0,RightFoot,FromCorner,FirstHalf,False,"{'x': 1.0806878306878307, 'y': 0.32275132116402117, 'zoomRatio': 1}",False,False,,Reece,James,Reece James,#051495,
5795372,2026-08-24T19:00:00.000Z,1,Premier League,Fulham,9879,Chelsea,8455,2959528035,AttemptSaved,8455,1096400,Levi Colwill,94.2894736826,51.21732483940001,6,,True,True,94.675438595,50.7268789793,36.05875,1.2199999940000001,0.013055366463959217,0.0,LeftFoot,ThrowInSetPiece,FirstHalf,False,"{'x': 0.455357142857142, 'y': 0.32275132116402117, 'zoomRatio': 1}",False,True,,Levi,Colwill,Levi Colwill,#051495,
5795372,2026-08-24T19:00:00.000Z,1,Premier League,Fulham,9879,Chelsea,8455,2959529995,AttemptSaved,8455,1096353,Cole Palmer,95.9298245603,19.865477709799997,8,,False,True,103.8620689656,31.254999999999995,32.39875,1.3034736778000002,0.04484435170888901,0.060056861490011215,RightFoot,FastBreak,FirstHalf,False,"{'x': 1.4236111111111112, 'y': 0.34483430629629636, 'zoomRatio': 1}",False,True,215168.0,Cole,Palmer,Cole Palmer,#051495,
5795372,2026-08-24T19:00:00.000Z,1,Premier League,Fulham,9879,Chelsea,8455,2959540479,AttemptSaved,8455,1096353,Cole Palmer,91.1,30.568749999999998,19,,True,True,93.0,31.1025,34.7625,1.2199999940000001,0.06767221540212631,0.0,LeftFoot,RegularPlay,FirstHalf,False,"{'x': 0.7982804232804226, 'y': 0.32275132116402117, 'zoomRatio': 1}",False,True,,Cole,Palmer,Cole Palmer,#051495,
5795372,2026-08-24T19:00:00.000Z,1,Premier League,Fulham,9879,Chelsea,8455,2959541141,AttemptSaved,9879,1422593,Joshua King,83.8364077672,23.2985987305,20,,False,True,103.2931034484,32.6275,33.31375,1.3034736778000002,0.044594429433345795,0.022374240681529045,RightFoot,RegularPlay,FirstHalf,False,"{'x': 1.1815476190476193, 'y': 0.34483430629629636, 'zoomRatio': 1}",False,False,789571.0,Joshua,King,Joshua King,#000000,
5795372,2026-08-24T19:00:00.000Z,1,Premier League,Fulham,9879,Chelsea,8455,2959541669,Miss,9879,1403691,César Palacios,86.4602941172,35.9825,21,,False,False,,,26.4009375,5.5492413888000005,0.05367850139737129,0.0,RightFoot,FromCorner,FirstHalf,False,"{'x': 1.927415959385383, 'y': 0.6772486772486772, 'zoomRatio': 0.46132431816118724}",False,False,,César,Palacios,César Palacios,#000000,
5795372,2026-08-24T19:00:00.000Z,1,Premier League,Fulham,9879,Chelsea,8455,2959542705,AttemptSaved,9879,540963,Sander Berge,88.6,22.878216564699997,22,,True,True,91.5,24.4896815336,31.78875,1.2199999940000001,0.02937961183488369,0.0,RightFoot,RegularPlay,FirstHalf,False,"{'x': 1.5849867724867723, 'y': 0.32275132116402117, 'zoomRatio': 1}",False,True,,Sander,Berge,Sander Berge,#000000,
5795372,2026-08-24T19:00:00.000Z,1,Premier League,Fulham,9879,Chelsea,8455,2959543709,Goal,9879,1422593,Joshua King,94.38596491070001,19.3750318497,23,,False,True,,,32.70374999999999,0.3659999982,0.0674242153763771,0.07470420747995377,RightFoot,RegularPlay,FirstHalf,False,"{'x': 1.3429232804232825, 'y': 0.09682539634920634, 'zoomRatio': 1}",False,True,789571.0,Joshua,King,Joshua King,#000000,
5795372,2026-08-24T19:00:00.000Z,1,Premier League,Fulham,9879,Chelsea,8455,2959546461,AttemptSaved,9879,1403691,César Palacios,97.4736842099,37.696,27,,True,True,99.3070175438,37.27875,35.3725,1.2199999940000001,0.10214860737323761,0.0,RightFoot,RegularPlay,FirstHalf,False,"{'x': 0.6369047619047613, 'y': 0.32275132116402117, 'zoomRatio': 1}",False,True,,César,Palacios,César Palacios,#000000,
5795372,2026-08-24T19:00:00.000Z,1,Premier League,Fulham,9879,Chelsea,8455,2959546733,AttemptSaved,9879,1413847,Gonzalo García,96.79824561320001,32.9325,27,,True,True,99.1140350876,33.31375,34.305,1.2199999940000001,0.1303936243057251,0.0,RightFoot,RegularPlay,FirstHalf,False,"{'x': 0.9193121693121694, 'y': 0.32275132116402117, 'zoomRatio': 1}",False,True,,Gonzalo,García,Gonzalo García,#000000,
5795372,2026-08-24T19:00:00.000Z,1,Premier League,Fulham,9879,Chelsea,8455,2959548863,Miss,8455,1021382,João Pedro,92.5,32.24625,30,,False,False,,,28.959285713000003,1.4254736772,0.058959655463695526,0.0,RightFoot,RegularPlay,FirstHalf,False,"{'x': 2, 'y': 0.2827920005060188, 'zoomRatio': 0.7498937223537185}",False,True,,João,Pedro,João Pedro,#051495,Joao Pedro
5795372,2026-08-24T19:00:00.000Z,1,Premier League,Fulham,9879,Chelsea,8455,2959550965,AttemptSaved,8455,883080,Morgan Rogers,86.5676470584,35.143750000000004,33,,True,True,91.4,34.533750000000005,32.779999999999994,1.2199999940000001,0.09043876826763153,0.0,RightFoot,FastBreak,FirstHalf,False,"{'x': 1.3227513227513243, 'y': 0.32275132116402117, 'zoomRatio': 1}",False,False,,Morgan,Rogers,Morgan Rogers,#051495,
5795372,2026-08-24T19:00:00.000Z,1,Premier League,Fulham,9879,Chelsea,8455,2959550995,AttemptSaved,8455,807729,Reece James,89.5,24.139363062099996,33,,False,True,103.4827586208,33.00875,33.92375,0.8539999958000001,0.06229010969400406,0.02136082760989666,LeftFoot,FastBreak,FirstHalf,False,"{'x': 1.0201719576719581, 'y': 0.22592592481481483, 'zoomRatio': 1}",False,True,215168.0,Reece,James,Reece James,#051495,
5795372,2026-08-24T19:00:00.000Z,1,Premier League,Fulham,9879,Chelsea,8455,2959552555,AttemptSaved,8455,1413846,Jorrel Hato,96.8947368413,42.2928125,35,,True,True,98.7280701752,40.805714286,35.143750000000004,1.2199999940000001,0.013996063731610775,0.0,Header,FromCorner,FirstHalf,False,"{'x': 0.6974206349206338, 'y': 0.32275132116402117, 'zoomRatio': 1}",False,True,,Jorrel,Hato,Jorrel Hato,#051495,
5795372,2026-08-24T19:00:00.000Z,1,Premier League,Fulham,9879,Chelsea,8455,2959552569,AttemptSaved,8455,1190867,Roméo Lavia,100.6379310348,37.12625,36,,False,True,103.103448276,35.83,35.448750000000004,0.6099999970000001,0.208718404173851,0.33012399077415466,RightFoot,FromCorner,FirstHalf,False,"{'x': 0.6167328042328032, 'y': 0.16137566058201058, 'zoomRatio': 1}",False,True,215168.0,Roméo,Lavia,Roméo Lavia,#051495,
5795372,2026-08-24T19:00:00.000Z,1,Premier League,Fulham,9879,Chelsea,8455,2959555261,AttemptSaved,9879,877401,Calvin Bassey,79.8946601952,25.99625,39,,True,True,85.06470588159999,27.53047619,34.38125,1.2199999940000001,0.016764191910624504,0.0,LeftFoot,RegularPlay,FirstHalf,False,"{'x': 0.8991402116402113, 'y': 0.32275132116402117, 'zoomRatio': 1}",False,False,,Calvin,Bassey,Calvin Bassey,#000000,
5795372,2026-08-24T19:00:00.000Z,1,Premier League,Fulham,9879,Chelsea,8455,2959556677,Goal,8455,883080,Morgan Rogers,96.50877192889999,37.58375000000001,41,,False,True,,,33.61875,0.7705263120000001,0.8393279910087585,0.9933371543884277,RightFoot,RegularPlay,FirstHalf,False,"{'x': 1.1008597883597888, 'y': 0.2038429396825397, 'zoomRatio': 1}",False,True,215168.0,Morgan,Rogers,Morgan Rogers,#051495,
5795372,2026-08-24T19:00:00.000Z,1,Premier League,Fulham,9879,Chelsea,8455,2959559521,Miss,8455,1096353,Cole Palmer,87.53382352919999,22.597961787499997,44,,False,False,,,41.425625,0.7127368386,0.041097674518823624,0.0,LeftFoot,RegularPlay,FirstHalf,False,"{'x': 0, 'y': 0.09598341400218842, 'zoomRatio': 0.5090480599276158}",False,False,,Cole,Palmer,Cole Palmer,#051495,
5795372,2026-08-24T19:00:00.000Z,1,Premier League,Fulham,9879,Chelsea,8455,2959572891,AttemptSaved,8455,1021382,João Pedro,95.2543859636,43.3001273835,47,,True,True,97.2807017537,41.7146875,33.92375,1.2199999940000001,0.06675847619771957,0.0,LeftFoot,RegularPlay,SecondHalf,False,"{'x': 1.0201719576719581, 'y': 0.32275132116402117, 'zoomRatio': 1}",False,True,,João,Pedro,João Pedro,#051495,Joao Pedro
5795372,2026-08-24T19:00:00.000Z,1,Premier League,Fulham,9879,Chelsea,8455,2959573703,Miss,8455,1096353,Cole Palmer,94.7719298231,22.597961787499997,48,,False,False,,,43.5103184664,0.9824210478000001,0.0380905419588089,0.0,LeftFoot,RegularPlay,SecondHalf,False,"{'x': 0, 'y': 0.1033005415403173, 'zoomRatio': 0.39746303063927435}",False,True,,Cole,Palmer,Cole Palmer,#051495,
5795372,2026-08-24T19:00:00.000Z,1,Premier League,Fulham,9879,Chelsea,8455,2959574243,Goal,8455,1096353,Cole Palmer,102.06034482780001,44.4211464923,49,,False,True,,,34.838750000000005,0.1219999994,0.09131915122270584,0.13503623008728027,LeftFoot,RegularPlay,SecondHalf,False,"{'x': 0.7781084656084645, 'y': 0.032275132116402115, 'zoomRatio': 1}",False,True,215168.0,Cole,Palmer,Cole Palmer,#051495,
5795372,2026-08-24T19:00:00.000Z,1,Premier League,Fulham,9879,Chelsea,8455,2959577905,AttemptSaved,9879,465750,Timothy Castagne,92.0,26.169687500000002,54,,False,True,103.00862068980001,32.24625,33.695,0.5714736814000001,0.09317473322153091,0.03244032710790634,LeftFoot,RegularPlay,SecondHalf,False,"{'x': 1.0806878306878307, 'y': 0.15118351359788362, 'zoomRatio': 1}",False,True,789571.0,Timothy,Castagne,Timothy Castagne,#000000,
5795372,2026-08-24T19:00:00.000Z,1,Premier League,Fulham,9879,Chelsea,8455,2959577943,Goal,9879,1413847,Gonzalo García,100.732758621,32.779999999999994,54,,False,True,,,35.525000000000006,1.6694736760000002,0.564883828163147,0.9395826458930969,Header,RegularPlay,SecondHalf,False,"{'x': 0.5965608465608451, 'y': 0.44165970264550264, 'zoomRatio': 1}",False,True,789571.0,Gonzalo,García,Gonzalo García,#000000,
5795372,2026-08-24T19:00:00.000Z,1,Premier League,Fulham,9879,Chelsea,8455,2959583499,Miss,8455,1021382,João Pedro,81.24611650560001,34.533750000000005,63,,False,False,,,32.9325,6.3921379432,0.022165270522236824,0.0,RightFoot,RegularPlay,SecondHalf,False,"{'x': 1.1131019025851996, 'y': 0.6772486772486772, 'zoomRatio': 0.40049198292464033}",False,False,,João,Pedro,João Pedro,#051495,Joao Pedro
5795372,2026-08-24T19:00:00.000Z,1,Premier League,Fulham,9879,Chelsea,8455,2959589431,Miss,9879,1422593,Joshua King,87.21176470559999,42.235,72,,False,False,,,38.620476192,0.3595789456,0.059410274028778076,0.0,RightFoot,RegularPlay,SecondHalf,False,"{'x': 0, 'y': 0.07782291925290806, 'zoomRatio': 0.8180974953501073}",False,False,,Joshua,King,Joshua King,#000000,
5795372,2026-08-24T19:00:00.000Z,1,Premier League,Fulham,9879,Chelsea,8455,2959591897,Miss,9879,662428,Antonee Robinson,86.13823529359999,38.620476192,78,,False,False,,,25.649375000000003,1.0723157842,0.1329696923494339,0.0,RightFoot,RegularPlay,SecondHalf,False,"{'x': 2, 'y': 0.1284114403652422, 'zoomRatio': 0.4526607289873516}",False,False,,Antonee,Robinson,Antonee Robinson,#000000,
5795372,2026-08-24T19:00:00.000Z,1,Premier League,Fulham,9879,Chelsea,8455,2959595675,AttemptSaved,9879,773991,Ryan Sessegnon,100.5431034486,47.0835668757,84,,False,True,104.525862069,37.27875,36.66875,0.5714736814000001,0.032523900270462036,0.0912913978099823,LeftFoot,RegularPlay,SecondHalf,False,"{'x': 0.29398148148148073, 'y': 0.15118351359788362, 'zoomRatio': 1}",False,True,789571.0,Ryan,Sessegnon,Ryan Sessegnon,#000000,
5795372,2026-08-24T19:00:00.000Z,1,Premier League,Fulham,9879,Chelsea,8455,2959600713,AttemptSaved,9879,1413847,Gonzalo García,85.17205882280001,34.533750000000005,90,3.0,True,True,86.4602941172,34.99125,35.60125,1.2199999940000001,0.03822809457778931,0.0,RightFoot,RegularPlay,SecondHalf,False,"{'x': 0.5763888888888888, 'y': 0.32275132116402117, 'zoomRatio': 1}",False,False,,Gonzalo,García,Gonzalo García,#000000,
5795372,2026-08-24T19:00:00.000Z,1,Premier League,Fulham,9879,Chelsea,8455,2959601471,Miss,8455,843040,Pedro Neto,101.9655172416,20.3559235699,90,4.0,False,False,,,28.959285713000003,1.0723157842,0.027625104412436485,0.0,LeftFoot,RegularPlay,SecondHalf,False,"{'x': 2, 'y': 0.21273091929957266, 'zoomRatio': 0.7498937223537185}",False,True,,Pedro,Neto,Pedro Neto,#051495,
5795372,2026-08-24T19:00:00.000Z,1,Premier League,Fulham,9879,Chelsea,8455,2959601751,AttemptSaved,9879,1128945,Rodrigo Muniz,77.8674757296,39.797142858,90,5.0,False,True,102.8189655174,34.38125,34.1525,1.3805263090000002,0.019639182835817337,0.010865378193557262,RightFoot,RegularPlay,SecondHalf,False,"{'x': 0.9596560846560838, 'y': 0.3652186002645503, 'zoomRatio': 1}",False,False,789571.0,Rodrigo,Muniz,Rodrigo Muniz,#000000,
