match_id,match_date,match_round,league_name,home_team,home_team_id,away_team,away_team_id,player_id,player_name,team_name,team_id,is_goalkeeper,FotMob rating,Minutes played,Goals,Assists,Expected assists (xA),xG + xA,Top speed,Distance covered,Accurate passes,Passes attempted,Chances created,Fantasy points,Defensive actions,Touches,Touches in opposition box,Passes into final third,Line breaking passes,Accurate crosses,Crosses attempted,Accurate long balls,Long balls attempted,Corners,Dispossessed,Tackles,Blocks,Clearances,Headed clearance,Interceptions,Recoveries,Dribbled past,Ground duels won,Ground duels,Aerial duels won,Aerial duels,Was fouled,Fouls committed,Duels won,Duels lost,Running,Running_total,Sprinting,Sprinting_total,Number of sprints,Expected goals (xG),Expected goals on target (xGOT),Total shots,Shots on target,Shots off target,Blocked shots,Shot accuracy,Shots taken,xG Non-penalty,Saves,Goals conceded,xGOT faced,Goals prevented,Diving save,Saves inside box,Acted as sweeper,Punches,Throws,High claim,Successful dribbles,Dribbles attempted,Offsides,Big chances created,Big chances missed,Error led to goal,Clearance off the line,Hit woodwork,Last man tackle,Conceded penalty,Penalties won,Missed penalty,Own goal
5795363,2026-08-21T19:00:00.000Z,1,Premier League,Arsenal,9825,Coventry City,8669,302783,Ben Wilson,Coventry City,8669,True,0.0,0.0,0.0,0.0,0.0,0.0,0.0,0.0,0.0,0.0,0.0,0.0,0.0,0.0,0.0,0.0,0.0,0.0,0.0,0.0,0.0,0.0,0.0,0.0,0.0,0.0,0.0,0.0,0.0,0.0,0.0,0.0,0.0,0.0,0.0,0.0,0.0,0.0,0.0,0.0,0.0,0.0,0.0,0.0,0.0,0.0,0.0,0.0,0.0,0.0,0.0,0.0,0.0,0.0,0.0,0.0,0.0,0.0,0.0,0.0,0.0,0.0,0.0,0.0,0.0,0.0,0.0,0.0,0.0,0.0,0.0,0.0,0.0,0.0,0.0
5795363,2026-08-21T19:00:00.000Z,1,Premier League,Arsenal,9825,Coventry City,8669,317564,Kepa Arrizabalaga,Arsenal,9825,True,0.0,0.0,0.0,0.0,0.0,0.0,0.0,0.0,0.0,0.0,0.0,0.0,0.0,0.0,0.0,0.0,0.0,0.0,0.0,0.0,0.0,0.0,0.0,0.0,0.0,0.0,0.0,0.0,0.0,0.0,0.0,0.0,0.0,0.0,0.0,0.0,0.0,0.0,0.0,0.0,0.0,0.0,0.0,0.0,0.0,0.0,0.0,0.0,0.0,0.0,0.0,0.0,0.0,0.0,0.0,0.0,0.0,0.0,0.0,0.0,0.0,0.0,0.0,0.0,0.0,0.0,0.0,0.0,0.0,0.0,0.0,0.0,0.0,0.0,0.0
5795363,2026-08-21T19:00:00.000Z,1,Premier League,Arsenal,9825,Coventry City,8669,478357,Matt Grimes,Coventry City,8669,False,6.39,90.0,0.0,0.0,0.01,0.01,29.700000762939453,11705.0,50.0,56.0,0.0,2.0,7.0,67.0,0.0,13.0,9.0,0.0,3.0,0.0,3.0,2.0,0.0,0.0,1.0,3.0,1.0,0.0,3.0,0.0,2.0,2.0,3.0,4.0,2.0,0.0,5.0,1.0,2645.0,11705.0,126.0,11705.0,4.0,0.0,0.0,0.0,0.0,0.0,0.0,0.0,0.0,0.0,0.0,0.0,0.0,0.0,0.0,0.0,0.0,0.0,0.0,0.0,0.0,0.0,0.0,0.0,0.0,0.0,0.0,0.0,0.0,0.0,0.0,0.0,0.0
5795363,2026-08-21T19:00:00.000Z,1,Premier League,Arsenal,9825,Coventry City,8669,534670,Martin Ødegaard,Arsenal,9825,False,8.58,76.0,1.0,0.0,0.1,0.31,31.600000381469727,9508.0,52.0,56.0,3.0,11.0,8.0,72.0,6.0,4.0,10.0,0.0,2.0,2.0,2.0,0.0,0.0,3.0,0.0,1.0,1.0,0.0,4.0,0.0,4.0,4.0,0.0,2.0,1.0,0.0,4.0,2.0,2149.0,9508.0,146.0,9508.0,5.0,0.21,0.16,3.0,1.0,0.0,2.0,1.0,1.0,0.21,0.0,0.0,0.0,0.0,0.0,0.0,0.0,0.0,0.0,0.0,0.0,0.0,0.0,0.0,0.0,0.0,0.0,0.0,0.0,0.0,0.0,0.0,0.0
5795363,2026-08-21T19:00:00.000Z,1,Premier League,Arsenal,9825,Coventry City,8669,562727,David Raya,Arsenal,9825,True,7.32,90.0,0.0,0.0,0.0,0.0,27.200000762939453,6376.0,14.0,18.0,0.0,6.0,1.0,27.0,0.0,1.0,7.0,0.0,0.0,5.0,9.0,0.0,0.0,0.0,0.0,1.0,0.0,0.0,8.0,0.0,0.0,0.0,0.0,0.0,0.0,0.0,0.0,0.0,379.0,6376.0,11.0,6376.0,1.0,0.0,0.0,0.0,0.0,0.0,0.0,0.0,0.0,0.0,1.0,0.0,0.04,0.04,0.0,1.0,2.0,0.0,7.0,0.0,0.0,0.0,0.0,0.0,0.0,0.0,0.0,0.0,0.0,0.0,0.0,0.0,0.0
5795363,2026-08-21T19:00:00.000Z,1,Premier League,Arsenal,9825,Coventry City,8669,574645,Mikel Merino,Arsenal,9825,False,6.51,14.0,0.0,0.0,0.02,0.16,25.600000381469727,2717.0,11.0,12.0,0.0,1.0,2.0,15.0,2.0,2.0,2.0,0.0,0.0,0.0,1.0,0.0,0.0,0.0,0.0,0.0,0.0,0.0,2.0,0.0,1.0,2.0,0.0,0.0,0.0,1.0,1.0,1.0,887.0,2717.0,5.0,2717.0,0.0,0.14,0.38,2.0,1.0,0.0,1.0,1.0,1.0,0.14,0.0,0.0,0.0,0.0,0.0,0.0,0.0,0.0,0.0,0.0,1.0,1.0,0.0,0.0,0.0,0.0,0.0,0.0,0.0,0.0,0.0,0.0,0.0
5795363,2026-08-21T19:00:00.000Z,1,Premier League,Arsenal,9825,Coventry City,8669,643717,Taiwo Awoniyi,Coventry City,8669,False,6.18,20.0,0.0,0.0,0.0,0.0,29.799999237060547,2589.0,4.0,6.0,0.0,1.0,1.0,7.0,0.0,0.0,0.0,0.0,0.0,0.0,0.0,0.0,0.0,0.0,0.0,0.0,0.0,0.0,1.0,0.0,1.0,1.0,0.0,0.0,1.0,0.0,1.0,0.0,425.0,2589.0,49.0,2589.0,2.0,0.0,0.0,0.0,0.0,0.0,0.0,0.0,0.0,0.0,0.0,0.0,0.0,0.0,0.0,0.0,0.0,0.0,0.0,0.0,0.0,0.0,0.0,0.0,0.0,0.0,0.0,0.0,0.0,0.0,0.0,0.0,0.0
5795363,2026-08-21T19:00:00.000Z,1,Premier League,Arsenal,9825,Coventry City,8669,654096,Declan Rice,Arsenal,9825,False,7.19,68.0,0.0,0.0,0.08,0.15000000000000002,31.299999237060547,8180.0,71.0,75.0,0.0,3.0,6.0,85.0,0.0,12.0,29.0,0.0,4.0,6.0,7.0,3.0,0.0,0.0,0.0,2.0,2.0,1.0,3.0,1.0,0.0,3.0,0.0,0.0,0.0,2.0,0.0,3.0,1524.0,8180.0,145.0,8180.0,6.0,0.07,0.0,2.0,0.0,2.0,0.0,0.0,2.0,0.07,0.0,0.0,0.0,0.0,0.0,0.0,0.0,0.0,0.0,0.0,0.0,0.0,0.0,0.0,0.0,0.0,0.0,0.0,0.0,0.0,0.0,0.0,0.0
5795363,2026-08-21T19:00:00.000Z,1,Premier League,Arsenal,9825,Coventry City,8669,664500,Viktor Gyökeres,Arsenal,9825,False,0.0,0.0,0.0,0.0,0.0,0.0,0.0,0.0,0.0,0.0,0.0,0.0,0.0,0.0,0.0,0.0,0.0,0.0,0.0,0.0,0.0,0.0,0.0,0.0,0.0,0.0,0.0,0.0,0.0,0.0,0.0,0.0,0.0,0.0,0.0,0.0,0.0,0.0,0.0,0.0,0.0,0.0,0.0,0.0,0.0,0.0,0.0,0.0,0.0,0.0,0.0,0.0,0.0,0.0,0.0,0.0,0.0,0.0,0.0,0.0,0.0,0.0,0.0,0.0,0.0,0.0,0.0,0.0,0.0,0.0,0.0,0.0,0.0,0.0,0.0
5795363,2026-08-21T19:00:00.000Z,1,Premier League,Arsenal,9825,Coventry City,8669,749736,Kai Havertz,Arsenal,9825,False,7.94,90.0,1.0,0.0,0.03,0.29000000000000004,32.5,11740.0,20.0,25.0,1.0,6.0,2.0,38.0,5.0,3.0,1.0,0.0,0.0,0.0,0.0,0.0,0.0,0.0,0.0,1.0,1.0,1.0,0.0,0.0,2.0,5.0,3.0,5.0,2.0,2.0,5.0,5.0,2742.0,11740.0,344.0,11740.0,14.0,0.26,0.87,1.0,1.0,0.0,0.0,1.0,1.0,0.26,0.0,0.0,0.0,0.0,0.0,0.0,0.0,0.0,0.0,0.0,0.0,1.0,2.0,0.0,0.0,0.0,0.0,0.0,0.0,0.0,0.0,0.0,0.0
5795363,2026-08-21T19:00:00.000Z,1,Premier League,Arsenal,9825,Coventry City,8669,759814,Jay Dasilva,Coventry City,8669,False,5.43,90.0,0.0,0.0,0.02,0.02,31.200000762939453,10141.0,22.0,28.0,0.0,1.0,6.0,45.0,0.0,2.0,3.0,0.0,2.0,1.0,2.0,0.0,0.0,0.0,1.0,5.0,3.0,0.0,1.0,1.0,1.0,4.0,1.0,1.0,0.0,0.0,2.0,3.0,1878.0,10141.0,136.0,10141.0,8.0,0.0,0.0,0.0,0.0,0.0,0.0,0.0,0.0,0.0,0.0,0.0,0.0,0.0,0.0,0.0,0.0,0.0,0.0,0.0,1.0,3.0,0.0,0.0,0.0,0.0,0.0,0.0,0.0,0.0,0.0,0.0,0.0
5795363,2026-08-21T19:00:00.000Z,1,Premier League,Arsenal,9825,Coventry City,8669,775355,Gustavo Hamer,Coventry City,8669,False,0.0,8.0,0.0,0.0,0.0,0.0,28.0,1502.0,5.0,7.0,0.0,1.0,1.0,8.0,0.0,1.0,2.0,0.0,0.0,0.0,0.0,0.0,0.0,0.0,0.0,0.0,0.0,0.0,1.0,0.0,0.0,1.0,1.0,2.0,0.0,0.0,1.0,2.0,292.0,1502.0,8.0,1502.0,1.0,0.0,0.0,0.0,0.0,0.0,0.0,0.0,0.0,0.0,0.0,0.0,0.0,0.0,0.0,0.0,0.0,0.0,0.0,0.0,0.0,1.0,0.0,0.0,0.0,0.0,0.0,0.0,0.0,0.0,0.0,0.0,0.0
5795363,2026-08-21T19:00:00.000Z,1,Premier League,Arsenal,9825,Coventry City,8669,776151,Ben White,Arsenal,9825,False,8.36,90.0,0.0,1.0,0.21,0.39,30.899999618530273,11187.0,74.0,78.0,2.0,11.0,5.0,94.0,5.0,12.0,18.0,0.0,3.0,2.0,4.0,0.0,0.0,1.0,0.0,3.0,2.0,1.0,3.0,0.0,1.0,2.0,3.0,5.0,0.0,1.0,4.0,3.0,2204.0,11187.0,393.0,11187.0,14.0,0.18,0.0,1.0,0.0,0.0,1.0,0.0,0.0,0.18,0.0,0.0,0.0,0.0,0.0,0.0,0.0,0.0,0.0,0.0,0.0,0.0,1.0,0.0,0.0,0.0,0.0,0.0,0.0,0.0,0.0,0.0,0.0
5795363,2026-08-21T19:00:00.000Z,1,Premier League,Arsenal,9825,Coventry City,8669,776184,Brandon Thomas-Asante,Coventry City,8669,False,6.07,70.0,0.0,0.0,0.02,0.02,31.700000762939453,8222.0,6.0,10.0,0.0,2.0,6.0,21.0,0.0,2.0,3.0,0.0,1.0,0.0,1.0,0.0,0.0,0.0,0.0,1.0,0.0,4.0,1.0,1.0,2.0,3.0,2.0,6.0,2.0,0.0,4.0,5.0,2034.0,8222.0,211.0,8222.0,9.0,0.0,0.0,0.0,0.0,0.0,0.0,0.0,0.0,0.0,0.0,0.0,0.0,0.0,0.0,0.0,0.0,0.0,0.0,0.0,0.0,0.0,0.0,0.0,0.0,0.0,0.0,0.0,0.0,0.0,0.0,0.0,0.0
5795363,2026-08-21T19:00:00.000Z,1,Premier League,Arsenal,9825,Coventry City,8669,795179,Gabriel,Arsenal,9825,False,6.71,90.0,0.0,0.0,0.01,0.060000000000000005,32.20000076293945,10523.0,54.0,57.0,0.0,5.0,4.0,68.0,0.0,5.0,9.0,0.0,0.0,1.0,2.0,0.0,1.0,0.0,0.0,3.0,2.0,1.0,2.0,0.0,2.0,5.0,0.0,4.0,2.0,2.0,2.0,7.0,1580.0,10523.0,125.0,10523.0,6.0,0.05,0.0,1.0,0.0,1.0,0.0,0.0,1.0,0.05,0.0,0.0,0.0,0.0,0.0,0.0,0.0,0.0,0.0,0.0,0.0,0.0,0.0,0.0,0.0,0.0,0.0,0.0,0.0,0.0,0.0,0.0,0.0
5795363,2026-08-21T19:00:00.000Z,1,Premier League,Arsenal,9825,Coventry City,8669,818975,Eberechi Eze,Arsenal,9825,False,6.34,14.0,0.0,0.0,0.0,0.04,25.600000381469727,2310.0,6.0,7.0,0.0,1.0,2.0,11.0,0.0,1.0,1.0,0.0,0.0,0.0,0.0,0.0,0.0,0.0,0.0,0.0,0.0,0.0,2.0,0.0,2.0,3.0,0.0,0.0,2.0,0.0,2.0,1.0,635.0,2310.0,4.0,2310.0,0.0,0.04,0.0,1.0,0.0,1.0,0.0,0.0,1.0,0.04,0.0,0.0,0.0,0.0,0.0,0.0,0.0,0.0,0.0,0.0,0.0,1.0,0.0,0.0,0.0,0.0,0.0,0.0,0.0,0.0,0.0,0.0,0.0
5795363,2026-08-21T19:00:00.000Z,1,Premier League,Arsenal,9825,Coventry City,8669,845985,Victor Torp,Coventry City,8669,False,6.1,28.0,0.0,0.0,0.11,0.11,28.299999237060547,4209.0,12.0,13.0,1.0,1.0,1.0,19.0,0.0,2.0,1.0,1.0,2.0,0.0,0.0,0.0,1.0,0.0,0.0,0.0,0.0,1.0,0.0,0.0,0.0,1.0,0.0,0.0,0.0,0.0,0.0,1.0,907.0,4209.0,40.0,4209.0,2.0,0.0,0.0,0.0,0.0,0.0,0.0,0.0,0.0,0.0,0.0,0.0,0.0,0.0,0.0,0.0,0.0,0.0,0.0,0.0,0.0,0.0,0.0,1.0,0.0,0.0,0.0,0.0,0.0,0.0,0.0,0.0,0.0
5795363,2026-08-21T19:00:00.000Z,1,Premier League,Arsenal,9825,Coventry City,8669,856685,Frank Onyeka,Coventry City,8669,False,6.2,90.0,0.0,0.0,0.01,0.01,31.600000381469727,11633.0,16.0,22.0,0.0,2.0,9.0,29.0,0.0,3.0,3.0,0.0,0.0,4.0,4.0,0.0,0.0,1.0,0.0,0.0,0.0,3.0,5.0,1.0,2.0,6.0,0.0,0.0,1.0,3.0,2.0,4.0,2780.0,11633.0,120.0,11633.0,5.0,0.0,0.0,0.0,0.0,0.0,0.0,0.0,0.0,0.0,0.0,0.0,0.0,0.0,0.0,0.0,0.0,0.0,0.0,0.0,0.0,0.0,0.0,0.0,0.0,0.0,0.0,0.0,0.0,0.0,0.0,0.0,0.0
5795363,2026-08-21T19:00:00.000Z,1,Premier League,Arsenal,9825,Coventry City,8669,863822,Joel Latibeaudiere,Coventry City,8669,False,0.0,0.0,0.0,0.0,0.0,0.0,0.0,0.0,0.0,0.0,0.0,0.0,0.0,0.0,0.0,0.0,0.0,0.0,0.0,0.0,0.0,0.0,0.0,0.0,0.0,0.0,0.0,0.0,0.0,0.0,0.0,0.0,0.0,0.0,0.0,0.0,0.0,0.0,0.0,0.0,0.0,0.0,0.0,0.0,0.0,0.0,0.0,0.0,0.0,0.0,0.0,0.0,0.0,0.0,0.0,0.0,0.0,0.0,0.0,0.0,0.0,0.0,0.0,0.0,0.0,0.0,0.0,0.0,0.0,0.0,0.0,0.0,0.0,0.0,0.0
5795363,2026-08-21T19:00:00.000Z,1,Premier League,Arsenal,9825,Coventry City,8669,914399,Liam Kitching,Coventry City,8669,False,0.0,0.0,0.0,0.0,0.0,0.0,0.0,0.0,0.0,0.0,0.0,0.0,0.0,0.0,0.0,0.0,0.0,0.0,0.0,0.0,0.0,0.0,0.0,0.0,0.0,0.0,0.0,0.0,0.0,0.0,0.0,0.0,0.0,0.0,0.0,0.0,0.0,0.0,0.0,0.0,0.0,0.0,0.0,0.0,0.0,0.0,0.0,0.0,0.0,0.0,0.0,0.0,0.0,0.0,0.0,0.0,0.0,0.0,0.0,0.0,0.0,0.0,0.0,0.0,0.0,0.0,0.0,0.0,0.0,0.0,0.0,0.0,0.0,0.0,0.0
5795363,2026-08-21T19:00:00.000Z,1,Premier League,Arsenal,9825,Coventry City,8669,961995,Bukayo Saka,Arsenal,9825,False,8.41,68.0,1.0,0.0,0.08,0.72,32.20000076293945,7478.0,30.0,34.0,2.0,9.0,7.0,49.0,6.0,1.0,4.0,0.0,5.0,0.0,1.0,5.0,0.0,1.0,0.0,2.0,1.0,0.0,4.0,1.0,3.0,4.0,0.0,1.0,1.0,0.0,3.0,2.0,1840.0,7478.0,164.0,7478.0,9.0,0.64,0.99,3.0,1.0,0.0,2.0,1.0,1.0,0.64,0.0,0.0,0.0,0.0,0.0,0.0,0.0,0.0,0.0,0.0,1.0,1.0,1.0,0.0,0.0,0.0,0.0,0.0,0.0,0.0,0.0,0.0,0.0
5795363,2026-08-21T19:00:00.000Z,1,Premier League,Arsenal,9825,Coventry City,8669,962000,Josh Eccles,Coventry City,8669,False,0.0,0.0,0.0,0.0,0.0,0.0,0.0,0.0,0.0,0.0,0.0,0.0,0.0,0.0,0.0,0.0,0.0,0.0,0.0,0.0,0.0,0.0,0.0,0.0,0.0,0.0,0.0,0.0,0.0,0.0,0.0,0.0,0.0,0.0,0.0,0.0,0.0,0.0,0.0,0.0,0.0,0.0,0.0,0.0,0.0,0.0,0.0,0.0,0.0,0.0,0.0,0.0,0.0,0.0,0.0,0.0,0.0,0.0,0.0,0.0,0.0,0.0,0.0,0.0,0.0,0.0,0.0,0.0,0.0,0.0,0.0,0.0,0.0,0.0,0.0
5795363,2026-08-21T19:00:00.000Z,1,Premier League,Arsenal,9825,Coventry City,8669,982284,Ellis Simms,Coventry City,8669,False,6.45,70.0,0.0,0.0,0.01,0.01,29.5,7702.0,9.0,13.0,1.0,2.0,3.0,22.0,1.0,1.0,2.0,0.0,0.0,0.0,1.0,0.0,0.0,0.0,0.0,1.0,1.0,0.0,2.0,1.0,2.0,6.0,3.0,3.0,1.0,2.0,5.0,4.0,1565.0,7702.0,91.0,7702.0,5.0,0.0,0.0,0.0,0.0,0.0,0.0,0.0,0.0,0.0,0.0,0.0,0.0,0.0,0.0,0.0,0.0,0.0,0.0,0.0,1.0,2.0,0.0,0.0,0.0,0.0,0.0,0.0,0.0,0.0,0.0,0.0,0.0
5795363,2026-08-21T19:00:00.000Z,1,Premier League,Arsenal,9825,Coventry City,8669,1025603,Tatsuhiro Sakamoto,Coventry City,8669,False,0.0,0.0,0.0,0.0,0.0,0.0,0.0,0.0,0.0,0.0,0.0,0.0,0.0,0.0,0.0,0.0,0.0,0.0,0.0,0.0,0.0,0.0,0.0,0.0,0.0,0.0,0.0,0.0,0.0,0.0,0.0,0.0,0.0,0.0,0.0,0.0,0.0,0.0,0.0,0.0,0.0,0.0,0.0,0.0,0.0,0.0,0.0,0.0,0.0,0.0,0.0,0.0,0.0,0.0,0.0,0.0,0.0,0.0,0.0,0.0,0.0,0.0,0.0,0.0,0.0,0.0,0.0,0.0,0.0,0.0,0.0,0.0,0.0,0.0,0.0
5795363,2026-08-21T19:00:00.000Z,1,Premier League,Arsenal,9825,Coventry City,8669,1030830,Jack Rudoni,Coventry City,8669,False,6.55,20.0,0.0,0.0,0.0,0.15,27.700000762939453,3350.0,9.0,13.0,0.0,1.0,5.0,19.0,1.0,0.0,3.0,0.0,0.0,1.0,1.0,0.0,0.0,1.0,0.0,0.0,0.0,0.0,4.0,0.0,1.0,1.0,2.0,2.0,0.0,0.0,3.0,0.0,796.0,3350.0,141.0,3350.0,7.0,0.15,0.04,1.0,1.0,0.0,0.0,1.0,1.0,0.15,0.0,0.0,0.0,0.0,0.0,0.0,0.0,0.0,0.0,0.0,0.0,0.0,0.0,0.0,1.0,0.0,0.0,0.0,0.0,0.0,0.0,0.0,0.0
5795363,2026-08-21T19:00:00.000Z,1,Premier League,Arsenal,9825,Coventry City,8669,1031325,Martín Zubimendi,Arsenal,9825,False,6.58,22.0,0.0,0.0,0.02,0.02,25.299999237060547,3579.0,26.0,28.0,0.0,1.0,3.0,32.0,0.0,2.0,5.0,0.0,0.0,1.0,1.0,0.0,0.0,1.0,0.0,0.0,0.0,0.0,2.0,0.0,1.0,1.0,0.0,0.0,0.0,0.0,1.0,0.0,875.0,3579.0,15.0,3579.0,1.0,0.0,0.0,0.0,0.0,0.0,0.0,0.0,0.0,0.0,0.0,0.0,0.0,0.0,0.0,0.0,0.0,0.0,0.0,0.0,0.0,0.0,0.0,0.0,0.0,0.0,0.0,0.0,0.0,0.0,0.0,0.0,0.0
5795363,2026-08-21T19:00:00.000Z,1,Premier League,Arsenal,9825,Coventry City,8669,1074750,Milan van Ewijk,Coventry City,8669,False,4.34,90.0,0.0,0.0,0.01,0.01,34.70000076293945,9579.0,14.0,19.0,0.0,1.0,7.0,32.0,1.0,1.0,2.0,0.0,0.0,0.0,2.0,0.0,1.0,1.0,2.0,3.0,1.0,1.0,3.0,0.0,1.0,4.0,0.0,1.0,0.0,2.0,1.0,4.0,1753.0,9579.0,364.0,9579.0,16.0,0.0,0.0,0.0,0.0,0.0,0.0,0.0,0.0,0.0,0.0,0.0,0.0,0.0,0.0,0.0,0.0,0.0,0.0,0.0,0.0,0.0,0.0,0.0,0.0,1.0,0.0,0.0,0.0,0.0,0.0,0.0,0.0
5795363,2026-08-21T19:00:00.000Z,1,Premier League,Arsenal,9825,Coventry City,8669,1084981,Noni Madueke,Arsenal,9825,False,7.28,22.0,0.0,0.0,0.04,0.04,32.70000076293945,3082.0,13.0,15.0,4.0,1.0,2.0,21.0,0.0,1.0,2.0,0.0,1.0,0.0,0.0,0.0,0.0,0.0,0.0,0.0,0.0,0.0,2.0,0.0,1.0,2.0,1.0,1.0,0.0,0.0,2.0,1.0,753.0,3082.0,97.0,3082.0,5.0,0.0,0.0,0.0,0.0,0.0,0.0,0.0,0.0,0.0,0.0,0.0,0.0,0.0,0.0,0.0,0.0,0.0,0.0,0.0,1.0,2.0,0.0,0.0,0.0,0.0,0.0,0.0,0.0,0.0,0.0,0.0,0.0
5795363,2026-08-21T19:00:00.000Z,1,Premier League,Arsenal,9825,Coventry City,8669,1105912,Riccardo Calafiori,Arsenal,9825,False,7.81,81.0,0.0,1.0,0.09,0.13,27.100000381469727,10394.0,20.0,24.0,1.0,9.0,5.0,35.0,1.0,1.0,2.0,0.0,0.0,0.0,0.0,0.0,0.0,1.0,0.0,4.0,3.0,0.0,1.0,0.0,1.0,1.0,1.0,2.0,0.0,0.0,2.0,1.0,2815.0,10394.0,87.0,10394.0,4.0,0.04,0.0,1.0,0.0,0.0,1.0,0.0,0.0,0.04,0.0,0.0,0.0,0.0,0.0,0.0,0.0,0.0,0.0,0.0,0.0,0.0,0.0,0.0,0.0,0.0,0.0,0.0,0.0,0.0,0.0,0.0,0.0
5795363,2026-08-21T19:00:00.000Z,1,Premier League,Arsenal,9825,Coventry City,8669,1137667,Piero Hincapié,Arsenal,9825,False,0.0,9.0,0.0,0.0,0.0,0.0,30.399999618530273,1755.0,5.0,5.0,0.0,1.0,0.0,10.0,0.0,1.0,1.0,0.0,1.0,0.0,0.0,0.0,0.0,0.0,0.0,0.0,0.0,0.0,0.0,0.0,0.0,0.0,0.0,1.0,0.0,0.0,0.0,1.0,407.0,1755.0,110.0,1755.0,4.0,0.0,0.0,0.0,0.0,0.0,0.0,0.0,0.0,0.0,0.0,0.0,0.0,0.0,0.0,0.0,0.0,0.0,0.0,0.0,0.0,0.0,0.0,0.0,0.0,0.0,0.0,0.0,0.0,0.0,0.0,0.0,0.0
5795363,2026-08-21T19:00:00.000Z,1,Premier League,Arsenal,9825,Coventry City,8669,1157237,Christos Tzolis,Arsenal,9825,False,7.75,76.0,0.0,0.0,0.14,0.33,31.600000381469727,9076.0,30.0,36.0,3.0,6.0,6.0,52.0,8.0,1.0,4.0,1.0,3.0,1.0,1.0,0.0,0.0,1.0,0.0,2.0,1.0,0.0,3.0,1.0,3.0,4.0,1.0,3.0,2.0,0.0,4.0,3.0,1959.0,9076.0,383.0,9076.0,20.0,0.19,0.04,4.0,2.0,1.0,1.0,2.0,3.0,0.19,0.0,0.0,0.0,0.0,0.0,0.0,0.0,0.0,0.0,0.0,0.0,0.0,1.0,0.0,0.0,0.0,0.0,0.0,0.0,0.0,0.0,0.0,0.0
5795363,2026-08-21T19:00:00.000Z,1,Premier League,Arsenal,9825,Coventry City,8669,1161885,Bobby Thomas,Coventry City,8669,False,6.54,90.0,0.0,0.0,0.01,0.03,30.200000762939453,10114.0,35.0,39.0,1.0,3.0,10.0,51.0,0.0,5.0,7.0,0.0,0.0,0.0,3.0,0.0,0.0,1.0,2.0,7.0,4.0,0.0,2.0,0.0,2.0,4.0,2.0,3.0,1.0,2.0,4.0,3.0,2017.0,10114.0,82.0,10114.0,6.0,0.02,0.0,1.0,0.0,1.0,0.0,0.0,1.0,0.02,0.0,0.0,0.0,0.0,0.0,0.0,0.0,0.0,0.0,0.0,0.0,0.0,0.0,0.0,0.0,0.0,1.0,0.0,0.0,0.0,0.0,0.0,0.0
5795363,2026-08-21T19:00:00.000Z,1,Premier League,Arsenal,9825,Coventry City,8669,1187236,Carl Rushworth,Coventry City,8669,True,5.88,90.0,0.0,0.0,0.01,0.01,23.299999237060547,5449.0,29.0,45.0,0.0,1.0,1.0,55.0,0.0,15.0,20.0,0.0,0.0,18.0,34.0,0.0,0.0,0.0,0.0,1.0,0.0,0.0,7.0,0.0,0.0,0.0,0.0,0.0,0.0,0.0,0.0,0.0,103.0,5449.0,0.0,0.0,0.0,0.0,0.0,0.0,0.0,0.0,0.0,0.0,0.0,0.0,2.0,3.0,2.44,-0.56,2.0,0.0,0.0,0.0,3.0,1.0,0.0,0.0,0.0,0.0,0.0,0.0,0.0,0.0,0.0,0.0,0.0,0.0,0.0
5795363,2026-08-21T19:00:00.000Z,1,Premier League,Arsenal,9825,Coventry City,8669,1254234,Ethan Nwaneri,Arsenal,9825,False,0.0,0.0,0.0,0.0,0.0,0.0,0.0,0.0,0.0,0.0,0.0,0.0,0.0,0.0,0.0,0.0,0.0,0.0,0.0,0.0,0.0,0.0,0.0,0.0,0.0,0.0,0.0,0.0,0.0,0.0,0.0,0.0,0.0,0.0,0.0,0.0,0.0,0.0,0.0,0.0,0.0,0.0,0.0,0.0,0.0,0.0,0.0,0.0,0.0,0.0,0.0,0.0,0.0,0.0,0.0,0.0,0.0,0.0,0.0,0.0,0.0,0.0,0.0,0.0,0.0,0.0,0.0,0.0,0.0,0.0,0.0,0.0,0.0,0.0,0.0
5795363,2026-08-21T19:00:00.000Z,1,Premier League,Arsenal,9825,Coventry City,8669,1257648,Aurèle Amenda,Coventry City,8669,False,5.62,90.0,0.0,0.0,0.01,0.01,32.599998474121094,9511.0,28.0,33.0,0.0,1.0,9.0,43.0,0.0,9.0,10.0,0.0,0.0,8.0,11.0,0.0,0.0,0.0,3.0,6.0,5.0,0.0,4.0,0.0,0.0,1.0,1.0,3.0,0.0,1.0,1.0,3.0,1626.0,9511.0,193.0,9511.0,7.0,0.0,0.0,0.0,0.0,0.0,0.0,0.0,0.0,0.0,0.0,0.0,0.0,0.0,0.0,0.0,0.0,0.0,0.0,0.0,0.0,0.0,0.0,0.0,0.0,0.0,0.0,0.0,0.0,0.0,0.0,0.0,0.0
5795363,2026-08-21T19:00:00.000Z,1,Premier League,Arsenal,9825,Coventry City,8669,1283034,Loum Tchaouna,Coventry City,8669,False,6.19,82.0,0.0,0.0,0.02,0.06,33.5,9419.0,22.0,30.0,0.0,2.0,8.0,44.0,0.0,2.0,1.0,0.0,2.0,0.0,2.0,0.0,1.0,0.0,0.0,3.0,1.0,0.0,5.0,0.0,3.0,7.0,1.0,2.0,2.0,1.0,4.0,5.0,2068.0,9419.0,222.0,9419.0,9.0,0.04,0.0,2.0,0.0,1.0,1.0,0.0,1.0,0.04,0.0,0.0,0.0,0.0,0.0,0.0,0.0,0.0,0.0,0.0,1.0,3.0,0.0,0.0,0.0,0.0,0.0,0.0,0.0,0.0,0.0,0.0,0.0
5795363,2026-08-21T19:00:00.000Z,1,Premier League,Arsenal,9825,Coventry City,8669,1298907,Cristhian Mosquera,Arsenal,9825,False,7.22,90.0,0.0,0.0,0.0,0.0,34.79999923706055,10653.0,62.0,65.0,0.0,6.0,6.0,74.0,0.0,3.0,2.0,0.0,0.0,0.0,1.0,0.0,0.0,0.0,0.0,5.0,3.0,1.0,3.0,0.0,1.0,2.0,1.0,3.0,0.0,1.0,2.0,3.0,1753.0,10653.0,122.0,10653.0,6.0,0.0,0.0,0.0,0.0,0.0,0.0,0.0,0.0,0.0,0.0,0.0,0.0,0.0,0.0,0.0,0.0,0.0,0.0,0.0,1.0,1.0,0.0,0.0,0.0,0.0,0.0,0.0,0.0,0.0,0.0,0.0,0.0
5795363,2026-08-21T19:00:00.000Z,1,Premier League,Arsenal,9825,Coventry City,8669,1406436,Myles Lewis-Skelly,Arsenal,9825,False,7.66,90.0,0.0,0.0,0.11,0.16999999999999998,28.799999237060547,11194.0,77.0,81.0,1.0,3.0,7.0,94.0,3.0,7.0,9.0,0.0,0.0,3.0,3.0,0.0,0.0,1.0,1.0,0.0,0.0,0.0,5.0,0.0,4.0,5.0,1.0,1.0,3.0,1.0,5.0,1.0,2288.0,11194.0,106.0,11194.0,5.0,0.06,0.0,1.0,0.0,1.0,0.0,0.0,1.0,0.06,0.0,0.0,0.0,0.0,0.0,0.0,0.0,0.0,0.0,0.0,0.0,0.0,0.0,0.0,0.0,0.0,0.0,0.0,0.0,0.0,0.0,0.0,0.0
5795363,2026-08-21T19:00:00.000Z,1,Premier League,Arsenal,9825,Coventry City,8669,1615927,Caleb Yirenkyi,Coventry City,8669,False,5.76,62.0,0.0,0.0,0.0,0.0,30.299999237060547,7912.0,10.0,13.0,0.0,1.0,3.0,15.0,0.0,1.0,0.0,0.0,0.0,0.0,0.0,0.0,0.0,0.0,0.0,0.0,0.0,0.0,3.0,0.0,0.0,2.0,1.0,1.0,0.0,2.0,1.0,2.0,1981.0,7912.0,160.0,7912.0,6.0,0.0,0.0,0.0,0.0,0.0,0.0,0.0,0.0,0.0,0.0,0.0,0.0,0.0,0.0,0.0,0.0,0.0,0.0,0.0,0.0,0.0,0.0,0.0,0.0,0.0,0.0,0.0,0.0,0.0,0.0,0.0,0.0
5795363,2026-08-21T19:00:00.000Z,1,Premier League,Arsenal,9825,Coventry City,8669,1635773,Max Dowman,Arsenal,9825,False,0.0,0.0,0.0,0.0,0.0,0.0,0.0,0.0,0.0,0.0,0.0,0.0,0.0,0.0,0.0,0.0,0.0,0.0,0.0,0.0,0.0,0.0,0.0,0.0,0.0,0.0,0.0,0.0,0.0,0.0,0.0,0.0,0.0,0.0,0.0,0.0,0.0,0.0,0.0,0.0,0.0,0.0,0.0,0.0,0.0,0.0,0.0,0.0,0.0,0.0,0.0,0.0,0.0,0.0,0.0,0.0,0.0,0.0,0.0,0.0,0.0,0.0,0.0,0.0,0.0,0.0,0.0,0.0,0.0,0.0,0.0,0.0,0.0,0.0,0.0
5795364,2026-08-22T11:30:00.000Z,1,Premier League,Hull City,8667,Manchester United,10260,163604,Karl Darlow,Manchester United,10260,True,0.0,0.0,0.0,0.0,0.0,0.0,0.0,0.0,0.0,0.0,0.0,0.0,0.0,0.0,0.0,0.0,0.0,0.0,0.0,0.0,0.0,0.0,0.0,0.0,0.0,0.0,0.0,0.0,0.0,0.0,0.0,0.0,0.0,0.0,0.0,0.0,0.0,0.0,0.0,0.0,0.0,0.0,0.0,0.0,0.0,0.0,0.0,0.0,0.0,0.0,0.0,0.0,0.0,0.0,0.0,0.0,0.0,0.0,0.0,0.0,0.0,0.0,0.0,0.0,0.0,0.0,0.0,0.0,0.0,0.0,0.0,0.0,0.0,0.0,0.0
5795364,2026-08-22T11:30:00.000Z,1,Premier League,Hull City,8667,Manchester United,10260,255610,Harry Maguire,Manchester United,10260,False,7.43,90.0,0.0,0.0,0.4,0.44,29.700000762939453,10393.0,76.0,82.0,2.0,1.0,4.0,94.0,5.0,11.0,26.0,1.0,2.0,9.0,11.0,0.0,0.0,0.0,0.0,4.0,2.0,0.0,5.0,0.0,2.0,2.0,3.0,4.0,0.0,0.0,5.0,1.0,1331.0,10393.0,74.0,10393.0,4.0,0.04,0.01,2.0,1.0,1.0,0.0,1.0,2.0,0.04,0.0,0.0,0.0,0.0,0.0,0.0,0.0,0.0,0.0,0.0,2.0,2.0,0.0,1.0,0.0,0.0,0.0,0.0,0.0,0.0,0.0,0.0,0.0
5795364,2026-08-22T11:30:00.000Z,1,Premier League,Hull City,8667,Manchester United,10260,280507,Matt Crooks,Hull City,8667,False,7.12,90.0,0.0,0.0,0.0,0.0,31.399999618530273,12719.0,15.0,21.0,0.0,2.0,9.0,35.0,0.0,3.0,2.0,0.0,0.0,0.0,2.0,0.0,1.0,4.0,2.0,2.0,1.0,0.0,1.0,2.0,5.0,10.0,3.0,3.0,1.0,2.0,8.0,5.0,3176.0,12719.0,243.0,12719.0,12.0,0.0,0.0,0.0,0.0,0.0,0.0,0.0,0.0,0.0,0.0,0.0,0.0,0.0,0.0,0.0,0.0,0.0,0.0,0.0,0.0,0.0,0.0,0.0,0.0,0.0,0.0,0.0,0.0,0.0,0.0,0.0,0.0
5795364,2026-08-22T11:30:00.000Z,1,Premier League,Hull City,8667,Manchester United,10260,295062,John Egan,Hull City,8667,False,7.61,90.0,0.0,0.0,0.0,0.0,29.299999237060547,9916.0,25.0,32.0,0.0,8.0,21.0,54.0,1.0,3.0,3.0,0.0,0.0,1.0,3.0,0.0,0.0,1.0,3.0,17.0,7.0,0.0,3.0,0.0,1.0,1.0,1.0,2.0,0.0,0.0,2.0,1.0,1398.0,9916.0,67.0,9916.0,4.0,0.0,0.0,0.0,0.0,0.0,0.0,0.0,0.0,0.0,0.0,0.0,0.0,0.0,0.0,0.0,0.0,0.0,0.0,0.0,0.0,0.0,0.0,0.0,0.0,0.0,0.0,0.0,0.0,0.0,0.0,0.0,0.0
5795364,2026-08-22T11:30:00.000Z,1,Premier League,Hull City,8667,Manchester United,10260,362694,Luke Shaw,Manchester United,10260,False,6.79,90.0,0.0,0.0,0.26,0.26,33.099998474121094,10891.0,48.0,60.0,4.0,1.0,4.0,89.0,3.0,6.0,11.0,3.0,7.0,1.0,2.0,0.0,1.0,1.0,0.0,2.0,2.0,1.0,3.0,0.0,1.0,4.0,2.0,3.0,0.0,0.0,3.0,4.0,1922.0,10891.0,266.0,10891.0,13.0,0.0,0.0,0.0,0.0,0.0,0.0,0.0,0.0,0.0,0.0,0.0,0.0,0.0,0.0,0.0,0.0,0.0,0.0,0.0,0.0,2.0,0.0,0.0,0.0,0.0,0.0,0.0,0.0,0.0,0.0,0.0,0.0
5795364,2026-08-22T11:30:00.000Z,1,Premier League,Hull City,8667,Manchester United,10260,410836,Semi Ajayi,Hull City,8667,False,8.22,64.0,1.0,0.0,0.0,0.52,31.100000381469727,6727.0,13.0,15.0,0.0,14.0,7.0,26.0,2.0,2.0,5.0,0.0,0.0,1.0,2.0,0.0,0.0,0.0,0.0,5.0,3.0,2.0,3.0,0.0,1.0,1.0,2.0,2.0,0.0,0.0,3.0,0.0,1081.0,6727.0,103.0,6727.0,7.0,0.52,0.97,1.0,1.0,0.0,0.0,1.0,1.0,0.52,0.0,0.0,0.0,0.0,0.0,0.0,0.0,0.0,0.0,0.0,1.0,1.0,0.0,0.0,0.0,0.0,0.0,0.0,0.0,0.0,0.0,0.0,0.0
5795364,2026-08-22T11:30:00.000Z,1,Premier League,Hull City,8667,Manchester United,10260,422685,Bruno Fernandes,Manchester United,10260,False,7.45,90.0,0.0,0.0,0.26,0.34,30.5,11414.0,74.0,88.0,3.0,2.0,6.0,106.0,3.0,19.0,21.0,2.0,6.0,4.0,10.0,2.0,0.0,0.0,0.0,1.0,0.0,0.0,5.0,0.0,1.0,2.0,0.0,0.0,0.0,0.0,1.0,1.0,1981.0,11414.0,74.0,11414.0,5.0,0.08,0.01,3.0,1.0,0.0,2.0,1.0,1.0,0.08,0.0,0.0,0.0,0.0,0.0,0.0,0.0,0.0,0.0,0.0,1.0,2.0,0.0,0.0,0.0,0.0,0.0,0.0,0.0,0.0,0.0,0.0,0.0
5795364,2026-08-22T11:30:00.000Z,1,Premier League,Hull City,8667,Manchester United,10260,465960,Youri Tielemans,Manchester United,10260,False,6.42,67.0,0.0,0.0,0.11,0.15,28.399999618530273,8234.0,65.0,73.0,0.0,2.0,5.0,82.0,1.0,12.0,15.0,0.0,1.0,1.0,2.0,0.0,0.0,0.0,0.0,0.0,0.0,0.0,5.0,2.0,3.0,7.0,0.0,0.0,3.0,1.0,3.0,4.0,1845.0,8234.0,136.0,8234.0,9.0,0.04,0.0,1.0,0.0,0.0,1.0,0.0,0.0,0.04,0.0,0.0,0.0,0.0,0.0,0.0,0.0,0.0,0.0,0.0,0.0,1.0,0.0,0.0,0.0,0.0,0.0,0.0,0.0,0.0,0.0,0.0,0.0
5795364,2026-08-22T11:30:00.000Z,1,Premier League,Hull City,8667,Manchester United,10260,509151,Oli McBurnie,Hull City,8667,False,7.26,90.0,0.0,0.0,0.01,0.17,30.299999237060547,11188.0,11.0,18.0,2.0,5.0,5.0,36.0,3.0,6.0,2.0,0.0,0.0,2.0,2.0,0.0,1.0,0.0,0.0,3.0,3.0,0.0,2.0,0.0,3.0,5.0,4.0,11.0,2.0,1.0,7.0,9.0,2025.0,11188.0,104.0,11188.0,5.0,0.16,0.47,2.0,2.0,0.0,0.0,2.0,2.0,0.16,0.0,0.0,0.0,0.0,0.0,0.0,0.0,0.0,0.0,0.0,1.0,1.0,0.0,0.0,1.0,0.0,0.0,0.0,0.0,0.0,0.0,0.0,0.0
5795364,2026-08-22T11:30:00.000Z,1,Premier League,Hull City,8667,Manchester United,10260,518500,Dillon Phillips,Hull City,8667,True,0.0,0.0,0.0,0.0,0.0,0.0,0.0,0.0,0.0,0.0,0.0,0.0,0.0,0.0,0.0,0.0,0.0,0.0,0.0,0.0,0.0,0.0,0.0,0.0,0.0,0.0,0.0,0.0,0.0,0.0,0.0,0.0,0.0,0.0,0.0,0.0,0.0,0.0,0.0,0.0,0.0,0.0,0.0,0.0,0.0,0.0,0.0,0.0,0.0,0.0,0.0,0.0,0.0,0.0,0.0,0.0,0.0,0.0,0.0,0.0,0.0,0.0,0.0,0.0,0.0,0.0,0.0,0.0,0.0,0.0,0.0,0.0,0.0,0.0,0.0
5795364,2026-08-22T11:30:00.000Z,1,Premier League,Hull City,8667,Manchester United,10260,538112,Matt Targett,Hull City,8667,False,0.0,5.0,0.0,0.0,0.0,0.0,22.600000381469727,1369.0,5.0,5.0,0.0,1.0,0.0,7.0,0.0,1.0,2.0,0.0,0.0,1.0,1.0,0.0,0.0,0.0,0.0,0.0,0.0,0.0,1.0,0.0,0.0,0.0,0.0,0.0,0.0,0.0,0.0,0.0,244.0,1369.0,0.0,0.0,0.0,0.0,0.0,0.0,0.0,0.0,0.0,0.0,0.0,0.0,0.0,0.0,0.0,0.0,0.0,0.0,0.0,0.0,0.0,0.0,0.0,0.0,0.0,0.0,0.0,0.0,0.0,0.0,0.0,0.0,0.0,0.0,0.0
5795364,2026-08-22T11:30:00.000Z,1,Premier League,Hull City,8667,Manchester United,10260,575780,Paddy McNair,Hull City,8667,False,6.19,26.0,0.0,0.0,0.0,0.0,32.20000076293945,3313.0,3.0,4.0,0.0,1.0,2.0,7.0,0.0,0.0,1.0,0.0,0.0,0.0,1.0,0.0,0.0,0.0,0.0,2.0,2.0,0.0,1.0,0.0,0.0,0.0,0.0,1.0,0.0,0.0,0.0,1.0,474.0,3313.0,50.0,3313.0,3.0,0.0,0.0,0.0,0.0,0.0,0.0,0.0,0.0,0.0,0.0,0.0,0.0,0.0,0.0,0.0,0.0,0.0,0.0,0.0,0.0,0.0,0.0,0.0,0.0,0.0,0.0,0.0,0.0,0.0,0.0,0.0,0.0
5795364,2026-08-22T11:30:00.000Z,1,Premier League,Hull City,8667,Manchester United,10260,605262,Kieran Dowell,Hull City,8667,False,0.0,0.0,0.0,0.0,0.0,0.0,0.0,0.0,0.0,0.0,0.0,0.0,0.0,0.0,0.0,0.0,0.0,0.0,0.0,0.0,0.0,0.0,0.0,0.0,0.0,0.0,0.0,0.0,0.0,0.0,0.0,0.0,0.0,0.0,0.0,0.0,0.0,0.0,0.0,0.0,0.0,0.0,0.0,0.0,0.0,0.0,0.0,0.0,0.0,0.0,0.0,0.0,0.0,0.0,0.0,0.0,0.0,0.0,0.0,0.0,0.0,0.0,0.0,0.0,0.0,0.0,0.0,0.0,0.0,0.0,0.0,0.0,0.0,0.0,0.0
5795364,2026-08-22T11:30:00.000Z,1,Premier League,Hull City,8667,Manchester United,10260,696365,Marcus Rashford,Manchester United,10260,False,6.82,45.0,0.0,0.0,0.1,0.1,32.70000076293945,5620.0,19.0,24.0,4.0,1.0,1.0,32.0,2.0,1.0,3.0,1.0,3.0,1.0,1.0,0.0,0.0,0.0,0.0,0.0,0.0,0.0,1.0,0.0,2.0,3.0,0.0,2.0,1.0,0.0,2.0,3.0,838.0,5620.0,206.0,5620.0,9.0,0.0,0.0,0.0,0.0,0.0,0.0,0.0,0.0,0.0,0.0,0.0,0.0,0.0,0.0,0.0,0.0,0.0,0.0,0.0,1.0,2.0,1.0,0.0,0.0,0.0,0.0,0.0,0.0,0.0,0.0,0.0,0.0
5795364,2026-08-22T11:30:00.000Z,1,Premier League,Hull City,8667,Manchester United,10260,709148,Lewie Coyle,Hull City,8667,False,7.07,70.0,0.0,0.0,0.01,0.01,32.20000076293945,7513.0,17.0,21.0,1.0,6.0,2.0,32.0,0.0,5.0,9.0,0.0,2.0,2.0,4.0,0.0,0.0,1.0,0.0,1.0,1.0,0.0,3.0,0.0,3.0,4.0,1.0,3.0,2.0,1.0,4.0,3.0,1484.0,7513.0,197.0,7513.0,10.0,0.0,0.0,0.0,0.0,0.0,0.0,0.0,0.0,0.0,0.0,0.0,0.0,0.0,0.0,0.0,0.0,0.0,0.0,0.0,0.0,0.0,0.0,0.0,0.0,0.0,0.0,0.0,0.0,0.0,0.0,0.0,0.0
5795364,2026-08-22T11:30:00.000Z,1,Premier League,Hull City,8667,Manchester United,10260,751550,Diogo Dalot,Manchester United,10260,False,6.5,10.0,0.0,0.0,0.0,0.0,30.899999618530273,1979.0,9.0,9.0,1.0,1.0,3.0,14.0,0.0,2.0,2.0,0.0,0.0,1.0,1.0,0.0,0.0,2.0,0.0,0.0,0.0,1.0,1.0,0.0,2.0,3.0,0.0,1.0,0.0,0.0,2.0,2.0,485.0,1979.0,39.0,1979.0,2.0,0.0,0.0,0.0,0.0,0.0,0.0,0.0,0.0,0.0,0.0,0.0,0.0,0.0,0.0,0.0,0.0,0.0,0.0,0.0,0.0,1.0,0.0,0.0,0.0,0.0,0.0,0.0,0.0,0.0,0.0,0.0,0.0
5795364,2026-08-22T11:30:00.000Z,1,Premier League,Hull City,8667,Manchester United,10260,775539,Noussair Mazraoui,Manchester United,10260,False,6.86,80.0,0.0,0.0,0.05,0.27,30.5,9291.0,63.0,68.0,2.0,1.0,5.0,93.0,2.0,9.0,16.0,0.0,5.0,2.0,4.0,0.0,0.0,1.0,1.0,3.0,2.0,0.0,3.0,0.0,1.0,3.0,2.0,3.0,0.0,1.0,3.0,3.0,1693.0,9291.0,277.0,9291.0,14.0,0.22,0.0,1.0,0.0,1.0,0.0,0.0,1.0,0.22,0.0,0.0,0.0,0.0,0.0,0.0,0.0,0.0,0.0,0.0,0.0,1.0,0.0,0.0,0.0,0.0,0.0,0.0,0.0,0.0,0.0,0.0,0.0
5795364,2026-08-22T11:30:00.000Z,1,Premier League,Hull City,8667,Manchester United,10260,807930,Regan Slater,Hull City,8667,False,7.33,90.0,0.0,1.0,0.44,0.44,29.399999618530273,12318.0,19.0,21.0,1.0,6.0,3.0,31.0,0.0,1.0,5.0,2.0,2.0,1.0,2.0,1.0,1.0,1.0,0.0,0.0,0.0,0.0,2.0,0.0,1.0,4.0,0.0,1.0,0.0,2.0,1.0,4.0,2539.0,12318.0,128.0,12318.0,7.0,0.0,0.0,0.0,0.0,0.0,0.0,0.0,0.0,0.0,0.0,0.0,0.0,0.0,0.0,0.0,0.0,0.0,0.0,0.0,0.0,0.0,0.0,1.0,0.0,0.0,0.0,0.0,0.0,0.0,0.0,0.0,0.0
5795364,2026-08-22T11:30:00.000Z,1,Premier League,Hull City,8667,Manchester United,10260,847983,Lisandro Martínez,Manchester United,10260,False,0.0,0.0,0.0,0.0,0.0,0.0,0.0,0.0,0.0,0.0,0.0,0.0,0.0,0.0,0.0,0.0,0.0,0.0,0.0,0.0,0.0,0.0,0.0,0.0,0.0,0.0,0.0,0.0,0.0,0.0,0.0,0.0,0.0,0.0,0.0,0.0,0.0,0.0,0.0,0.0,0.0,0.0,0.0,0.0,0.0,0.0,0.0,0.0,0.0,0.0,0.0,0.0,0.0,0.0,0.0,0.0,0.0,0.0,0.0,0.0,0.0,0.0,0.0,0.0,0.0,0.0,0.0,0.0,0.0,0.0,0.0,0.0,0.0,0.0,0.0
5795364,2026-08-22T11:30:00.000Z,1,Premier League,Hull City,8667,Manchester United,10260,863098,Matheus Cunha,Manchester United,10260,False,6.47,80.0,0.0,0.0,0.21,0.44999999999999996,31.100000381469727,8639.0,27.0,28.0,2.0,2.0,3.0,44.0,6.0,2.0,6.0,0.0,3.0,0.0,0.0,0.0,1.0,0.0,0.0,0.0,0.0,0.0,3.0,1.0,1.0,5.0,0.0,2.0,1.0,0.0,1.0,6.0,1748.0,8639.0,197.0,8639.0,11.0,0.24,0.07,3.0,1.0,1.0,1.0,1.0,2.0,0.24,0.0,0.0,0.0,0.0,0.0,0.0,0.0,0.0,0.0,0.0,0.0,2.0,0.0,1.0,0.0,0.0,0.0,0.0,0.0,0.0,0.0,0.0,0.0
5795364,2026-08-22T11:30:00.000Z,1,Premier League,Hull City,8667,Manchester United,10260,923312,Bryan Mbeumo,Manchester United,10260,False,6.71,90.0,0.0,0.0,0.23,0.73,33.0,11114.0,38.0,44.0,1.0,2.0,4.0,64.0,7.0,1.0,6.0,2.0,10.0,0.0,1.0,4.0,0.0,0.0,0.0,0.0,0.0,0.0,4.0,0.0,0.0,2.0,2.0,6.0,0.0,0.0,2.0,6.0,2547.0,11114.0,472.0,11114.0,21.0,0.5,0.51,4.0,2.0,1.0,1.0,2.0,3.0,0.5,0.0,0.0,0.0,0.0,0.0,0.0,0.0,0.0,0.0,0.0,0.0,2.0,1.0,0.0,1.0,0.0,0.0,0.0,0.0,0.0,0.0,0.0,0.0
5795364,2026-08-22T11:30:00.000Z,1,Premier League,Hull City,8667,Manchester United,10260,932308,Liam Millar,Hull City,8667,False,6.13,19.0,0.0,0.0,0.0,0.0,31.5,3339.0,2.0,3.0,0.0,0.0,3.0,10.0,1.0,0.0,0.0,0.0,0.0,0.0,0.0,0.0,1.0,1.0,0.0,1.0,0.0,0.0,1.0,0.0,2.0,4.0,0.0,1.0,1.0,1.0,2.0,3.0,675.0,3339.0,91.0,3339.0,5.0,0.0,0.0,0.0,0.0,0.0,0.0,0.0,0.0,0.0,0.0,0.0,0.0,0.0,0.0,0.0,0.0,0.0,0.0,0.0,0.0,1.0,0.0,0.0,0.0,0.0,0.0,0.0,0.0,0.0,0.0,0.0,0.0
5795364,2026-08-22T11:30:00.000Z,1,Premier League,Hull City,8667,Manchester United,10260,933635,Ryan Giles,Hull City,8667,False,7.28,85.0,0.0,0.0,0.07,0.09000000000000001,32.0,9789.0,11.0,16.0,1.0,6.0,6.0,38.0,1.0,3.0,5.0,2.0,8.0,0.0,4.0,0.0,0.0,1.0,0.0,4.0,1.0,1.0,1.0,1.0,1.0,2.0,3.0,4.0,0.0,0.0,4.0,2.0,1757.0,9789.0,379.0,9789.0,17.0,0.02,0.0,1.0,0.0,0.0,1.0,0.0,0.0,0.02,0.0,0.0,0.0,0.0,0.0,0.0,0.0,0.0,0.0,0.0,0.0,0.0,0.0,0.0,0.0,0.0,0.0,0.0,0.0,0.0,0.0,0.0,0.0
5795364,2026-08-22T11:30:00.000Z,1,Premier League,Hull City,8667,Manchester United,10260,950830,Joshua Zirkzee,Manchester United,10260,False,0.0,0.0,0.0,0.0,0.0,0.0,0.0,0.0,0.0,0.0,0.0,0.0,0.0,0.0,0.0,0.0,0.0,0.0,0.0,0.0,0.0,0.0,0.0,0.0,0.0,0.0,0.0,0.0,0.0,0.0,0.0,0.0,0.0,0.0,0.0,0.0,0.0,0.0,0.0,0.0,0.0,0.0,0.0,0.0,0.0,0.0,0.0,0.0,0.0,0.0,0.0,0.0,0.0,0.0,0.0,0.0,0.0,0.0,0.0,0.0,0.0,0.0,0.0,0.0,0.0,0.0,0.0,0.0,0.0,0.0,0.0,0.0,0.0,0.0,0.0
5795364,2026-08-22T11:30:00.000Z,1,Premier League,Hull City,8667,Manchester United,10260,962046,Cody Drameh,Hull City,8667,False,6.48,20.0,0.0,0.0,0.0,0.05,30.399999618530273,3171.0,4.0,6.0,0.0,1.0,3.0,13.0,0.0,1.0,2.0,0.0,0.0,0.0,2.0,0.0,0.0,1.0,0.0,1.0,0.0,1.0,2.0,1.0,1.0,2.0,0.0,0.0,0.0,0.0,1.0,1.0,568.0,3171.0,35.0,3171.0,2.0,0.05,0.0,1.0,0.0,1.0,0.0,0.0,1.0,0.05,0.0,0.0,0.0,0.0,0.0,0.0,0.0,0.0,0.0,0.0,0.0,0.0,0.0,0.0,0.0,0.0,0.0,0.0,0.0,0.0,0.0,0.0,0.0
5795364,2026-08-22T11:30:00.000Z,1,Premier League,Hull City,8667,Manchester United,10260,1072068,Konstantinos Tzolakis,Hull City,8667,True,8.44,90.0,0.0,0.0,0.0,0.0,20.299999237060547,5883.0,17.0,49.0,0.0,10.0,0.0,70.0,0.0,17.0,13.0,0.0,0.0,10.0,41.0,0.0,0.0,0.0,0.0,0.0,0.0,0.0,22.0,0.0,1.0,1.0,2.0,2.0,2.0,0.0,3.0,0.0,128.0,5883.0,0.0,0.0,0.0,0.0,0.0,0.0,0.0,0.0,0.0,0.0,0.0,0.0,5.0,0.0,0.6,0.6,2.0,3.0,2.0,0.0,9.0,4.0,0.0,0.0,0.0,0.0,0.0,0.0,0.0,0.0,0.0,0.0,0.0,0.0,0.0
5795364,2026-08-22T11:30:00.000Z,1,Premier League,Hull City,8667,Manchester United,10260,1073977,Benjamin Sesko,Manchester United,10260,False,5.57,23.0,0.0,0.0,0.0,0.04,30.799999237060547,3453.0,3.0,3.0,0.0,1.0,0.0,6.0,3.0,0.0,0.0,0.0,0.0,0.0,0.0,0.0,1.0,0.0,0.0,0.0,0.0,0.0,0.0,0.0,0.0,3.0,1.0,4.0,0.0,1.0,1.0,6.0,533.0,3453.0,91.0,3453.0,5.0,0.04,0.0,1.0,0.0,0.0,1.0,0.0,0.0,0.04,0.0,0.0,0.0,0.0,0.0,0.0,0.0,0.0,0.0,0.0,0.0,1.0,0.0,0.0,0.0,0.0,0.0,0.0,0.0,0.0,0.0,0.0,0.0
5795364,2026-08-22T11:30:00.000Z,1,Premier League,Hull City,8667,Manchester United,10260,1137106,Lucas Gourna-Douath,Hull City,8667,False,0.0,0.0,0.0,0.0,0.0,0.0,0.0,0.0,0.0,0.0,0.0,0.0,0.0,0.0,0.0,0.0,0.0,0.0,0.0,0.0,0.0,0.0,0.0,0.0,0.0,0.0,0.0,0.0,0.0,0.0,0.0,0.0,0.0,0.0,0.0,0.0,0.0,0.0,0.0,0.0,0.0,0.0,0.0,0.0,0.0,0.0,0.0,0.0,0.0,0.0,0.0,0.0,0.0,0.0,0.0,0.0,0.0,0.0,0.0,0.0,0.0,0.0,0.0,0.0,0.0,0.0,0.0,0.0,0.0,0.0,0.0,0.0,0.0,0.0,0.0
5795364,2026-08-22T11:30:00.000Z,1,Premier League,Hull City,8667,Manchester United,10260,1178602,Senne Lammens,Manchester United,10260,True,6.42,90.0,0.0,0.0,0.0,0.0,24.200000762939453,6398.0,12.0,17.0,0.0,1.0,2.0,26.0,0.0,2.0,4.0,0.0,0.0,3.0,8.0,0.0,0.0,0.0,0.0,2.0,0.0,0.0,8.0,0.0,0.0,0.0,0.0,0.0,0.0,0.0,0.0,0.0,185.0,6398.0,0.0,0.0,0.0,0.0,0.0,0.0,0.0,0.0,0.0,0.0,0.0,0.0,2.0,2.0,1.93,-0.07,1.0,2.0,1.0,0.0,5.0,0.0,0.0,0.0,0.0,0.0,0.0,0.0,0.0,0.0,0.0,0.0,0.0,0.0,0.0
5795364,2026-08-22T11:30:00.000Z,1,Premier League,Hull City,8667,Manchester United,10260,1231090,Mohamed Belloumi,Hull City,8667,False,7.28,90.0,0.0,0.0,0.03,0.08,33.5,11705.0,11.0,16.0,0.0,3.0,10.0,34.0,2.0,3.0,1.0,0.0,1.0,1.0,3.0,0.0,0.0,4.0,1.0,1.0,0.0,1.0,3.0,0.0,6.0,9.0,0.0,1.0,1.0,2.0,6.0,4.0,2467.0,11705.0,355.0,11705.0,18.0,0.05,0.0,2.0,0.0,2.0,0.0,0.0,2.0,0.05,0.0,0.0,0.0,0.0,0.0,0.0,0.0,0.0,0.0,0.0,1.0,2.0,0.0,0.0,0.0,0.0,0.0,0.0,0.0,0.0,0.0,0.0,0.0
5795364,2026-08-22T11:30:00.000Z,1,Premier League,Hull City,8667,Manchester United,10260,1272349,Elliot Stroud,Hull City,8667,False,7.09,71.0,0.0,0.0,0.03,0.03,33.099998474121094,9102.0,6.0,8.0,0.0,3.0,6.0,17.0,0.0,0.0,1.0,1.0,2.0,0.0,0.0,0.0,0.0,3.0,0.0,0.0,0.0,1.0,2.0,0.0,3.0,3.0,1.0,1.0,0.0,0.0,4.0,0.0,2211.0,9102.0,410.0,9102.0,18.0,0.0,0.0,0.0,0.0,0.0,0.0,0.0,0.0,0.0,0.0,0.0,0.0,0.0,0.0,0.0,0.0,0.0,0.0,0.0,0.0,0.0,0.0,0.0,0.0,0.0,0.0,0.0,0.0,0.0,0.0,0.0,0.0
5795364,2026-08-22T11:30:00.000Z,1,Premier League,Hull City,8667,Manchester United,10260,1292810,Kobbie Mainoo,Manchester United,10260,False,6.36,23.0,0.0,0.0,0.01,0.08,29.600000381469727,3516.0,26.0,30.0,0.0,1.0,1.0,33.0,0.0,9.0,4.0,0.0,1.0,1.0,2.0,0.0,0.0,0.0,0.0,0.0,0.0,0.0,1.0,0.0,0.0,0.0,1.0,1.0,0.0,0.0,1.0,0.0,724.0,3516.0,32.0,3516.0,1.0,0.07,0.0,1.0,0.0,0.0,1.0,0.0,0.0,0.07,0.0,0.0,0.0,0.0,0.0,0.0,0.0,0.0,0.0,0.0,0.0,0.0,0.0,0.0,0.0,0.0,0.0,0.0,0.0,0.0,0.0,0.0,0.0
5795364,2026-08-22T11:30:00.000Z,1,Premier League,Hull City,8667,Manchester United,10260,1358581,Leny Yoro,Manchester United,10260,False,0.0,0.0,0.0,0.0,0.0,0.0,0.0,0.0,0.0,0.0,0.0,0.0,0.0,0.0,0.0,0.0,0.0,0.0,0.0,0.0,0.0,0.0,0.0,0.0,0.0,0.0,0.0,0.0,0.0,0.0,0.0,0.0,0.0,0.0,0.0,0.0,0.0,0.0,0.0,0.0,0.0,0.0,0.0,0.0,0.0,0.0,0.0,0.0,0.0,0.0,0.0,0.0,0.0,0.0,0.0,0.0,0.0,0.0,0.0,0.0,0.0,0.0,0.0,0.0,0.0,0.0,0.0,0.0,0.0,0.0,0.0,0.0,0.0,0.0,0.0
5795364,2026-08-22T11:30:00.000Z,1,Premier League,Hull City,8667,Manchester United,10260,1372921,Andrey Santos,Manchester United,10260,False,6.9,67.0,0.0,0.0,0.23,0.23,27.799999237060547,8044.0,55.0,60.0,0.0,2.0,9.0,70.0,1.0,5.0,12.0,0.0,0.0,0.0,0.0,0.0,0.0,1.0,0.0,3.0,2.0,0.0,5.0,0.0,3.0,4.0,2.0,3.0,2.0,1.0,5.0,2.0,1757.0,8044.0,68.0,8044.0,4.0,0.0,0.0,0.0,0.0,0.0,0.0,0.0,0.0,0.0,0.0,0.0,0.0,0.0,0.0,0.0,0.0,0.0,0.0,0.0,0.0,0.0,0.0,0.0,0.0,0.0,0.0,0.0,0.0,0.0,0.0,0.0,0.0
5795364,2026-08-22T11:30:00.000Z,1,Premier League,Hull City,8667,Manchester United,10260,1377949,Jens Hjertø-Dahl,Hull City,8667,False,0.0,0.0,0.0,0.0,0.0,0.0,0.0,0.0,0.0,0.0,0.0,0.0,0.0,0.0,0.0,0.0,0.0,0.0,0.0,0.0,0.0,0.0,0.0,0.0,0.0,0.0,0.0,0.0,0.0,0.0,0.0,0.0,0.0,0.0,0.0,0.0,0.0,0.0,0.0,0.0,0.0,0.0,0.0,0.0,0.0,0.0,0.0,0.0,0.0,0.0,0.0,0.0,0.0,0.0,0.0,0.0,0.0,0.0,0.0,0.0,0.0,0.0,0.0,0.0,0.0,0.0,0.0,0.0,0.0,0.0,0.0,0.0,0.0,0.0,0.0
5795364,2026-08-22T11:30:00.000Z,1,Premier League,Hull City,8667,Manchester United,10260,1428427,Nobel Mendy,Hull City,8667,False,8.01,64.0,1.0,0.0,0.0,0.28,31.700000762939453,6980.0,18.0,19.0,0.0,15.0,13.0,38.0,1.0,3.0,3.0,0.0,0.0,0.0,1.0,0.0,0.0,0.0,1.0,12.0,2.0,0.0,2.0,0.0,0.0,1.0,2.0,4.0,0.0,1.0,2.0,3.0,1204.0,6980.0,105.0,6980.0,5.0,0.28,0.48,1.0,1.0,0.0,0.0,1.0,1.0,0.28,0.0,0.0,0.0,0.0,0.0,0.0,0.0,0.0,0.0,0.0,0.0,0.0,0.0,0.0,0.0,0.0,0.0,0.0,0.0,0.0,0.0,0.0,0.0
5795364,2026-08-22T11:30:00.000Z,1,Premier League,Hull City,8667,Manchester United,10260,1436260,Shea Lacey,Manchester United,10260,False,6.11,10.0,0.0,0.0,0.0,0.0,28.799999237060547,2227.0,4.0,5.0,0.0,1.0,1.0,7.0,0.0,1.0,1.0,0.0,1.0,1.0,1.0,0.0,0.0,0.0,0.0,0.0,0.0,0.0,1.0,0.0,0.0,0.0,0.0,0.0,0.0,0.0,0.0,0.0,533.0,2227.0,52.0,2227.0,2.0,0.0,0.0,0.0,0.0,0.0,0.0,0.0,0.0,0.0,0.0,0.0,0.0,0.0,0.0,0.0,0.0,0.0,0.0,0.0,0.0,0.0,0.0,0.0,0.0,0.0,0.0,0.0,0.0,0.0,0.0,0.0,0.0
5795364,2026-08-22T11:30:00.000Z,1,Premier League,Hull City,8667,Manchester United,10260,1526560,Patrick Dorgu,Manchester United,10260,False,5.78,45.0,0.0,0.0,0.03,0.5,30.700000762939453,5478.0,8.0,11.0,0.0,0.0,1.0,22.0,5.0,0.0,1.0,0.0,0.0,0.0,0.0,0.0,0.0,0.0,0.0,0.0,0.0,1.0,0.0,0.0,0.0,4.0,2.0,4.0,0.0,4.0,2.0,6.0,1060.0,5478.0,61.0,5478.0,3.0,0.47,0.0,3.0,0.0,3.0,0.0,0.0,3.0,0.47,0.0,0.0,0.0,0.0,0.0,0.0,0.0,0.0,0.0,0.0,0.0,1.0,1.0,0.0,1.0,0.0,0.0,0.0,0.0,0.0,0.0,0.0,0.0
5795364,2026-08-22T11:30:00.000Z,1,Premier League,Hull City,8667,Manchester United,10260,1559639,Ayden Heaven,Manchester United,10260,False,5.95,90.0,0.0,0.0,0.04,0.16,30.700000762939453,9896.0,61.0,67.0,0.0,1.0,2.0,76.0,3.0,7.0,10.0,0.0,0.0,1.0,5.0,0.0,1.0,1.0,0.0,1.0,1.0,0.0,4.0,0.0,3.0,5.0,2.0,6.0,2.0,1.0,5.0,6.0,1257.0,9896.0,77.0,9896.0,3.0,0.12,0.0,2.0,0.0,1.0,1.0,0.0,1.0,0.12,0.0,0.0,0.0,0.0,0.0,0.0,0.0,0.0,0.0,0.0,0.0,0.0,0.0,0.0,0.0,0.0,0.0,0.0,0.0,0.0,0.0,0.0,0.0
5795364,2026-08-22T11:30:00.000Z,1,Premier League,Hull City,8667,Manchester United,10260,1686118,Lucas Herrington,Hull City,8667,False,6.44,26.0,0.0,0.0,0.0,0.0,26.799999237060547,3444.0,3.0,3.0,0.0,1.0,4.0,9.0,0.0,0.0,0.0,0.0,0.0,0.0,0.0,0.0,0.0,0.0,0.0,4.0,3.0,0.0,0.0,0.0,0.0,0.0,3.0,3.0,0.0,0.0,3.0,0.0,394.0,3444.0,22.0,3444.0,1.0,0.0,0.0,0.0,0.0,0.0,0.0,0.0,0.0,0.0,0.0,0.0,0.0,0.0,0.0,0.0,0.0,0.0,0.0,0.0,0.0,0.0,0.0,0.0,0.0,0.0,0.0,0.0,0.0,0.0,0.0,0.0,0.0
5795365,2026-08-22T14:00:00.000Z,1,Premier League,Everton,8668,Crystal Palace,9826,243138,James Tarkowski,Everton,8668,False,7.41,90.0,0.0,0.0,0.0,0.05,29.899999618530273,10352.0,25.0,32.0,0.0,6.0,9.0,47.0,1.0,7.0,6.0,0.0,0.0,2.0,6.0,0.0,0.0,1.0,1.0,4.0,3.0,3.0,4.0,0.0,3.0,4.0,3.0,4.0,2.0,0.0,6.0,2.0,1602.0,10352.0,127.0,10352.0,6.0,0.05,0.0,1.0,0.0,1.0,0.0,0.0,1.0,0.05,0.0,0.0,0.0,0.0,0.0,0.0,0.0,0.0,0.0,0.0,0.0,1.0,0.0,0.0,0.0,0.0,0.0,0.0,0.0,0.0,0.0,0.0,0.0
5795365,2026-08-22T14:00:00.000Z,1,Premier League,Everton,8668,Crystal Palace,9826,290410,Michael Keane,Everton,8668,False,0.0,0.0,0.0,0.0,0.0,0.0,0.0,0.0,0.0,0.0,0.0,0.0,0.0,0.0,0.0,0.0,0.0,0.0,0.0,0.0,0.0,0.0,0.0,0.0,0.0,0.0,0.0,0.0,0.0,0.0,0.0,0.0,0.0,0.0,0.0,0.0,0.0,0.0,0.0,0.0,0.0,0.0,0.0,0.0,0.0,0.0,0.0,0.0,0.0,0.0,0.0,0.0,0.0,0.0,0.0,0.0,0.0,0.0,0.0,0.0,0.0,0.0,0.0,0.0,0.0,0.0,0.0,0.0,0.0,0.0,0.0,0.0,0.0,0.0,0.0
5795365,2026-08-22T14:00:00.000Z,1,Premier League,Everton,8668,Crystal Palace,9826,295067,Will Hughes,Crystal Palace,9826,False,0.0,0.0,0.0,0.0,0.0,0.0,0.0,0.0,0.0,0.0,0.0,0.0,0.0,0.0,0.0,0.0,0.0,0.0,0.0,0.0,0.0,0.0,0.0,0.0,0.0,0.0,0.0,0.0,0.0,0.0,0.0,0.0,0.0,0.0,0.0,0.0,0.0,0.0,0.0,0.0,0.0,0.0,0.0,0.0,0.0,0.0,0.0,0.0,0.0,0.0,0.0,0.0,0.0,0.0,0.0,0.0,0.0,0.0,0.0,0.0,0.0,0.0,0.0,0.0,0.0,0.0,0.0,0.0,0.0,0.0,0.0,0.0,0.0,0.0,0.0
5795365,2026-08-22T14:00:00.000Z,1,Premier League,Everton,8668,Crystal Palace,9826,303919,Jordan Pickford,Everton,8668,True,8.15,90.0,0.0,0.0,0.02,0.02,26.399999618530273,5171.0,21.0,35.0,0.0,7.0,0.0,42.0,0.0,7.0,11.0,0.0,0.0,10.0,24.0,0.0,0.0,0.0,0.0,0.0,0.0,0.0,12.0,0.0,0.0,0.0,0.0,0.0,0.0,0.0,0.0,0.0,241.0,5171.0,12.0,5171.0,1.0,0.0,0.0,0.0,0.0,0.0,0.0,0.0,0.0,0.0,4.0,0.0,0.94,0.94,1.0,3.0,1.0,0.0,3.0,0.0,0.0,0.0,0.0,0.0,0.0,0.0,0.0,0.0,0.0,0.0,0.0,0.0,0.0
5795365,2026-08-22T14:00:00.000Z,1,Premier League,Everton,8668,Crystal Palace,9826,448897,Walter Benítez,Crystal Palace,9826,True,0.0,0.0,0.0,0.0,0.0,0.0,0.0,0.0,0.0,0.0,0.0,0.0,0.0,0.0,0.0,0.0,0.0,0.0,0.0,0.0,0.0,0.0,0.0,0.0,0.0,0.0,0.0,0.0,0.0,0.0,0.0,0.0,0.0,0.0,0.0,0.0,0.0,0.0,0.0,0.0,0.0,0.0,0.0,0.0,0.0,0.0,0.0,0.0,0.0,0.0,0.0,0.0,0.0,0.0,0.0,0.0,0.0,0.0,0.0,0.0,0.0,0.0,0.0,0.0,0.0,0.0,0.0,0.0,0.0,0.0,0.0,0.0,0.0,0.0,0.0
5795365,2026-08-22T14:00:00.000Z,1,Premier League,Everton,8668,Crystal Palace,9826,621515,Daichi Kamada,Crystal Palace,9826,False,7.41,90.0,0.0,0.0,0.27,0.27,27.0,11643.0,67.0,72.0,2.0,3.0,14.0,90.0,0.0,10.0,15.0,1.0,3.0,0.0,1.0,0.0,2.0,3.0,0.0,2.0,2.0,1.0,8.0,0.0,5.0,9.0,1.0,1.0,2.0,1.0,6.0,4.0,2661.0,11643.0,84.0,11643.0,6.0,0.0,0.0,0.0,0.0,0.0,0.0,0.0,0.0,0.0,0.0,0.0,0.0,0.0,0.0,0.0,0.0,0.0,0.0,0.0,0.0,1.0,0.0,1.0,0.0,0.0,0.0,0.0,0.0,0.0,0.0,0.0,0.0
5795365,2026-08-22T14:00:00.000Z,1,Premier League,Everton,8668,Crystal Palace,9826,622091,Borna Sosa,Crystal Palace,9826,False,0.0,0.0,0.0,0.0,0.0,0.0,0.0,0.0,0.0,0.0,0.0,0.0,0.0,0.0,0.0,0.0,0.0,0.0,0.0,0.0,0.0,0.0,0.0,0.0,0.0,0.0,0.0,0.0,0.0,0.0,0.0,0.0,0.0,0.0,0.0,0.0,0.0,0.0,0.0,0.0,0.0,0.0,0.0,0.0,0.0,0.0,0.0,0.0,0.0,0.0,0.0,0.0,0.0,0.0,0.0,0.0,0.0,0.0,0.0,0.0,0.0,0.0,0.0,0.0,0.0,0.0,0.0,0.0,0.0,0.0,0.0,0.0,0.0,0.0,0.0
5795365,2026-08-22T14:00:00.000Z,1,Premier League,Everton,8668,Crystal Palace,9826,664444,Takehiro Tomiyasu,Crystal Palace,9826,False,6.3,18.0,0.0,0.0,0.01,0.01,30.700000762939453,2976.0,20.0,25.0,0.0,1.0,1.0,29.0,0.0,4.0,2.0,0.0,0.0,0.0,0.0,0.0,0.0,0.0,0.0,0.0,0.0,1.0,1.0,0.0,1.0,2.0,1.0,3.0,1.0,1.0,2.0,3.0,653.0,2976.0,38.0,2976.0,2.0,0.0,0.0,0.0,0.0,0.0,0.0,0.0,0.0,0.0,0.0,0.0,0.0,0.0,0.0,0.0,0.0,0.0,0.0,0.0,0.0,0.0,0.0,0.0,0.0,0.0,0.0,0.0,0.0,0.0,0.0,0.0,0.0
5795365,2026-08-22T14:00:00.000Z,1,Premier League,Everton,8668,Crystal Palace,9826,706297,Jean-Philippe Mateta,Crystal Palace,9826,False,6.34,63.0,0.0,0.0,0.02,0.72,26.899999618530273,7865.0,9.0,12.0,1.0,2.0,5.0,21.0,2.0,0.0,2.0,0.0,0.0,0.0,0.0,0.0,1.0,2.0,0.0,1.0,1.0,0.0,2.0,0.0,2.0,5.0,1.0,3.0,0.0,2.0,3.0,5.0,1430.0,7865.0,52.0,7865.0,2.0,0.7,0.0,2.0,0.0,2.0,0.0,0.0,2.0,0.7,0.0,0.0,0.0,0.0,0.0,0.0,0.0,0.0,0.0,0.0,0.0,0.0,0.0,0.0,2.0,0.0,0.0,1.0,0.0,0.0,0.0,0.0,0.0
5795365,2026-08-22T14:00:00.000Z,1,Premier League,Everton,8668,Crystal Palace,9826,719330,Dean Henderson,Crystal Palace,9826,True,6.34,90.0,0.0,0.0,0.0,0.0,20.799999237060547,4996.0,24.0,31.0,0.0,2.0,3.0,45.0,0.0,1.0,5.0,0.0,0.0,3.0,9.0,0.0,0.0,0.0,0.0,3.0,0.0,0.0,13.0,0.0,0.0,0.0,0.0,0.0,0.0,0.0,0.0,0.0,59.0,4996.0,0.0,0.0,0.0,0.0,0.0,0.0,0.0,0.0,0.0,0.0,0.0,0.0,3.0,2.0,1.65,-0.35,0.0,3.0,1.0,2.0,8.0,0.0,0.0,0.0,0.0,0.0,0.0,0.0,0.0,0.0,0.0,0.0,0.0,0.0,0.0
5795365,2026-08-22T14:00:00.000Z,1,Premier League,Everton,8668,Crystal Palace,9826,731855,Mark Travers,Everton,8668,True,0.0,0.0,0.0,0.0,0.0,0.0,0.0,0.0,0.0,0.0,0.0,0.0,0.0,0.0,0.0,0.0,0.0,0.0,0.0,0.0,0.0,0.0,0.0,0.0,0.0,0.0,0.0,0.0,0.0,0.0,0.0,0.0,0.0,0.0,0.0,0.0,0.0,0.0,0.0,0.0,0.0,0.0,0.0,0.0,0.0,0.0,0.0,0.0,0.0,0.0,0.0,0.0,0.0,0.0,0.0,0.0,0.0,0.0,0.0,0.0,0.0,0.0,0.0,0.0,0.0,0.0,0.0,0.0,0.0,0.0,0.0,0.0,0.0,0.0,0.0
5795365,2026-08-22T14:00:00.000Z,1,Premier League,Everton,8668,Crystal Palace,9826,821100,Jørgen Strand Larsen,Crystal Palace,9826,False,5.83,27.0,0.0,0.0,0.01,0.26,31.100000381469727,3537.0,3.0,4.0,0.0,1.0,0.0,5.0,1.0,0.0,0.0,0.0,0.0,0.0,0.0,0.0,0.0,0.0,0.0,0.0,0.0,0.0,0.0,0.0,0.0,1.0,0.0,3.0,0.0,2.0,0.0,4.0,491.0,3537.0,104.0,3537.0,5.0,0.25,0.11,1.0,1.0,0.0,0.0,1.0,1.0,0.25,0.0,0.0,0.0,0.0,0.0,0.0,0.0,0.0,0.0,0.0,0.0,0.0,0.0,0.0,0.0,0.0,0.0,0.0,0.0,0.0,0.0,0.0,0.0
5795365,2026-08-22T14:00:00.000Z,1,Premier League,Everton,8668,Crystal Palace,9826,859282,Daniel Muñoz,Crystal Palace,9826,False,5.37,55.0,0.0,0.0,0.01,0.24000000000000002,28.700000762939453,6980.0,25.0,31.0,0.0,0.0,4.0,48.0,2.0,2.0,5.0,0.0,0.0,1.0,3.0,0.0,0.0,1.0,0.0,2.0,1.0,1.0,1.0,1.0,1.0,3.0,2.0,3.0,0.0,1.0,3.0,3.0,1737.0,6980.0,154.0,6980.0,7.0,0.23,0.16,2.0,1.0,1.0,0.0,1.0,2.0,0.23,0.0,0.0,0.0,0.0,0.0,0.0,0.0,0.0,0.0,0.0,0.0,0.0,0.0,0.0,1.0,1.0,0.0,0.0,0.0,0.0,0.0,0.0,0.0
5795365,2026-08-22T14:00:00.000Z,1,Premier League,Everton,8668,Crystal Palace,9826,860920,Edward Nketiah,Crystal Palace,9826,False,6.43,55.0,0.0,0.0,0.58,1.18,28.799999237060547,6647.0,9.0,14.0,2.0,1.0,3.0,26.0,4.0,1.0,1.0,0.0,0.0,0.0,0.0,0.0,1.0,1.0,0.0,1.0,1.0,0.0,1.0,0.0,1.0,3.0,3.0,6.0,0.0,0.0,4.0,5.0,1358.0,6647.0,115.0,6647.0,8.0,0.6,0.65,1.0,1.0,0.0,0.0,1.0,1.0,0.6,0.0,0.0,0.0,0.0,0.0,0.0,0.0,0.0,0.0,0.0,0.0,1.0,0.0,2.0,1.0,0.0,0.0,0.0,0.0,0.0,0.0,0.0,0.0
5795365,2026-08-22T14:00:00.000Z,1,Premier League,Everton,8668,Crystal Palace,9826,874025,Vitaliy Mykolenko,Everton,8668,False,7.27,90.0,0.0,0.0,0.05,0.05,30.5,10860.0,33.0,39.0,1.0,6.0,4.0,63.0,1.0,6.0,15.0,0.0,0.0,1.0,2.0,0.0,1.0,0.0,0.0,4.0,3.0,0.0,4.0,0.0,1.0,3.0,3.0,5.0,2.0,0.0,4.0,4.0,1984.0,10860.0,161.0,10860.0,10.0,0.0,0.0,0.0,0.0,0.0,0.0,0.0,0.0,0.0,0.0,0.0,0.0,0.0,0.0,0.0,0.0,0.0,0.0,0.0,0.0,1.0,0.0,0.0,0.0,0.0,0.0,0.0,0.0,0.0,0.0,0.0,0.0
5795365,2026-08-22T14:00:00.000Z,1,Premier League,Everton,8668,Crystal Palace,9826,886016,Kiernan Dewsbury-Hall,Everton,8668,False,8.44,89.0,1.0,0.0,0.17,0.29000000000000004,31.200000762939453,11016.0,32.0,37.0,2.0,11.0,8.0,61.0,4.0,7.0,12.0,0.0,6.0,1.0,4.0,3.0,0.0,2.0,0.0,1.0,0.0,0.0,5.0,2.0,5.0,9.0,0.0,0.0,2.0,0.0,5.0,4.0,2336.0,11016.0,105.0,11016.0,3.0,0.12,0.46,3.0,1.0,1.0,1.0,1.0,2.0,0.12,0.0,0.0,0.0,0.0,0.0,0.0,0.0,0.0,0.0,0.0,1.0,3.0,0.0,0.0,0.0,0.0,0.0,0.0,0.0,0.0,0.0,0.0,0.0
5795365,2026-08-22T14:00:00.000Z,1,Premier League,Everton,8668,Crystal Palace,9826,939542,Dwight McNeil,Crystal Palace,9826,False,6.21,63.0,0.0,0.0,0.02,0.07,29.100000381469727,8625.0,26.0,31.0,0.0,2.0,5.0,40.0,0.0,4.0,5.0,0.0,0.0,0.0,0.0,0.0,1.0,0.0,1.0,2.0,2.0,0.0,2.0,1.0,0.0,2.0,0.0,0.0,0.0,0.0,0.0,2.0,2175.0,8625.0,60.0,8625.0,4.0,0.05,0.0,1.0,0.0,0.0,1.0,0.0,0.0,0.05,0.0,0.0,0.0,0.0,0.0,0.0,0.0,0.0,0.0,0.0,0.0,0.0,0.0,0.0,0.0,0.0,0.0,0.0,0.0,0.0,0.0,0.0,0.0
5795365,2026-08-22T14:00:00.000Z,1,Premier League,Everton,8668,Crystal Palace,9826,950474,James Garner,Everton,8668,False,6.35,11.0,0.0,0.0,0.03,0.03,27.0,2399.0,9.0,9.0,1.0,1.0,1.0,12.0,1.0,0.0,2.0,0.0,0.0,0.0,0.0,0.0,1.0,1.0,0.0,0.0,0.0,0.0,0.0,0.0,1.0,2.0,0.0,0.0,0.0,0.0,1.0,1.0,506.0,2399.0,25.0,2399.0,2.0,0.0,0.0,0.0,0.0,0.0,0.0,0.0,0.0,0.0,0.0,0.0,0.0,0.0,0.0,0.0,0.0,0.0,0.0,0.0,0.0,0.0,0.0,0.0,0.0,0.0,0.0,0.0,0.0,0.0,0.0,0.0,0.0
5795365,2026-08-22T14:00:00.000Z,1,Premier League,Everton,8668,Crystal Palace,9826,950829,Chris Richards,Crystal Palace,9826,False,6.69,90.0,0.0,0.0,0.0,0.0,27.200000762939453,10602.0,62.0,67.0,0.0,3.0,16.0,88.0,0.0,2.0,2.0,0.0,0.0,1.0,4.0,0.0,0.0,2.0,3.0,9.0,7.0,2.0,1.0,1.0,3.0,4.0,1.0,4.0,0.0,0.0,4.0,4.0,1956.0,10602.0,66.0,10602.0,4.0,0.0,0.0,0.0,0.0,0.0,0.0,0.0,0.0,0.0,0.0,0.0,0.0,0.0,0.0,0.0,0.0,0.0,0.0,0.0,1.0,1.0,0.0,0.0,0.0,0.0,0.0,0.0,0.0,0.0,0.0,0.0,0.0
5795365,2026-08-22T14:00:00.000Z,1,Premier League,Everton,8668,Crystal Palace,9826,952095,Óscar Mingueza,Crystal Palace,9826,False,0.0,0.0,0.0,0.0,0.0,0.0,0.0,0.0,0.0,0.0,0.0,0.0,0.0,0.0,0.0,0.0,0.0,0.0,0.0,0.0,0.0,0.0,0.0,0.0,0.0,0.0,0.0,0.0,0.0,0.0,0.0,0.0,0.0,0.0,0.0,0.0,0.0,0.0,0.0,0.0,0.0,0.0,0.0,0.0,0.0,0.0,0.0,0.0,0.0,0.0,0.0,0.0,0.0,0.0,0.0,0.0,0.0,0.0,0.0,0.0,0.0,0.0,0.0,0.0,0.0,0.0,0.0,0.0,0.0,0.0,0.0,0.0,0.0,0.0,0.0
5795365,2026-08-22T14:00:00.000Z,1,Premier League,Everton,8668,Crystal Palace,9826,965764,Iliman Ndiaye,Everton,8668,False,8.14,90.0,0.0,1.0,0.32,0.56,31.5,10942.0,38.0,44.0,3.0,9.0,12.0,67.0,9.0,5.0,10.0,1.0,2.0,1.0,1.0,0.0,4.0,4.0,0.0,0.0,0.0,0.0,8.0,0.0,6.0,13.0,0.0,2.0,1.0,0.0,6.0,9.0,2272.0,10942.0,148.0,10942.0,9.0,0.24,0.52,2.0,2.0,0.0,0.0,2.0,2.0,0.24,0.0,0.0,0.0,0.0,0.0,0.0,0.0,0.0,0.0,0.0,1.0,4.0,0.0,1.0,0.0,0.0,0.0,0.0,0.0,0.0,0.0,0.0,0.0
5795365,2026-08-22T14:00:00.000Z,1,Premier League,Everton,8668,Crystal Palace,9826,982394,Hayden Hackney,Everton,8668,False,7.22,79.0,0.0,0.0,0.01,0.02,28.200000762939453,9907.0,38.0,43.0,1.0,3.0,7.0,60.0,1.0,6.0,11.0,0.0,2.0,1.0,4.0,1.0,0.0,2.0,0.0,0.0,0.0,1.0,4.0,0.0,5.0,9.0,0.0,1.0,3.0,1.0,5.0,5.0,2167.0,9907.0,129.0,9907.0,8.0,0.01,0.0,1.0,0.0,0.0,1.0,0.0,0.0,0.01,0.0,0.0,0.0,0.0,0.0,0.0,0.0,0.0,0.0,0.0,0.0,3.0,0.0,0.0,0.0,0.0,0.0,0.0,0.0,0.0,0.0,0.0,0.0
5795365,2026-08-22T14:00:00.000Z,1,Premier League,Everton,8668,Crystal Palace,9826,1030829,Jarrad Branthwaite,Everton,8668,False,7.49,90.0,0.0,0.0,0.01,0.01,31.5,10445.0,35.0,38.0,0.0,6.0,8.0,52.0,3.0,3.0,8.0,0.0,0.0,4.0,4.0,0.0,0.0,2.0,1.0,4.0,1.0,1.0,2.0,0.0,2.0,2.0,4.0,4.0,0.0,0.0,6.0,0.0,1479.0,10445.0,50.0,10445.0,3.0,0.0,0.0,0.0,0.0,0.0,0.0,0.0,0.0,0.0,0.0,0.0,0.0,0.0,0.0,0.0,0.0,0.0,0.0,0.0,0.0,0.0,1.0,0.0,0.0,0.0,0.0,0.0,0.0,0.0,0.0,0.0,0.0
5795365,2026-08-22T14:00:00.000Z,1,Premier League,Everton,8668,Crystal Palace,9826,1047676,Yéremi Pino,Crystal Palace,9826,False,6.33,35.0,0.0,0.0,0.02,0.08,27.799999237060547,4802.0,17.0,19.0,0.0,1.0,5.0,29.0,1.0,1.0,5.0,0.0,2.0,0.0,0.0,0.0,1.0,2.0,0.0,0.0,0.0,0.0,3.0,0.0,2.0,3.0,0.0,1.0,0.0,1.0,2.0,2.0,1097.0,4802.0,42.0,4802.0,3.0,0.06,0.0,2.0,0.0,1.0,1.0,0.0,1.0,0.06,0.0,0.0,0.0,0.0,0.0,0.0,0.0,0.0,0.0,0.0,0.0,0.0,0.0,0.0,0.0,0.0,0.0,0.0,0.0,0.0,0.0,0.0,0.0
5795365,2026-08-22T14:00:00.000Z,1,Premier League,Everton,8668,Crystal Palace,9826,1076756,Brennan Johnson,Everton,8668,False,0.0,6.0,0.0,0.0,0.0,0.0,31.200000762939453,1808.0,2.0,3.0,0.0,1.0,2.0,11.0,0.0,0.0,0.0,0.0,0.0,1.0,1.0,0.0,0.0,0.0,0.0,2.0,2.0,0.0,0.0,0.0,1.0,2.0,0.0,1.0,1.0,1.0,1.0,2.0,435.0,1808.0,65.0,1808.0,2.0,0.0,0.0,0.0,0.0,0.0,0.0,0.0,0.0,0.0,0.0,0.0,0.0,0.0,0.0,0.0,0.0,0.0,0.0,0.0,0.0,0.0,0.0,0.0,0.0,0.0,0.0,0.0,0.0,0.0,0.0,0.0,0.0
5795365,2026-08-22T14:00:00.000Z,1,Premier League,Everton,8668,Crystal Palace,9826,1079485,Beto,Everton,8668,False,6.12,11.0,0.0,0.0,0.0,0.05,30.0,2132.0,2.0,4.0,0.0,1.0,0.0,6.0,0.0,0.0,0.0,0.0,0.0,0.0,0.0,0.0,0.0,0.0,0.0,0.0,0.0,0.0,0.0,0.0,0.0,0.0,1.0,1.0,0.0,0.0,1.0,0.0,456.0,2132.0,61.0,2132.0,3.0,0.05,0.0,1.0,0.0,0.0,1.0,0.0,0.0,0.05,0.0,0.0,0.0,0.0,0.0,0.0,0.0,0.0,0.0,0.0,0.0,0.0,0.0,0.0,0.0,0.0,0.0,0.0,0.0,0.0,0.0,0.0,0.0
5795365,2026-08-22T14:00:00.000Z,1,Premier League,Everton,8668,Crystal Palace,9826,1087966,Evann Guessand,Crystal Palace,9826,False,5.74,27.0,0.0,0.0,0.02,0.05,29.399999618530273,3666.0,12.0,13.0,0.0,1.0,1.0,21.0,0.0,0.0,1.0,0.0,1.0,0.0,0.0,0.0,2.0,1.0,0.0,0.0,0.0,0.0,0.0,0.0,1.0,5.0,0.0,0.0,0.0,2.0,1.0,4.0,677.0,3666.0,39.0,3666.0,2.0,0.03,0.02,1.0,1.0,0.0,0.0,1.0,1.0,0.03,0.0,0.0,0.0,0.0,0.0,0.0,0.0,0.0,0.0,0.0,0.0,0.0,0.0,0.0,0.0,0.0,0.0,0.0,0.0,0.0,0.0,0.0,0.0
5795365,2026-08-22T14:00:00.000Z,1,Premier League,Everton,8668,Crystal Palace,9826,1098607,Jake O'Brien,Everton,8668,False,0.0,0.0,0.0,0.0,0.0,0.0,0.0,0.0,0.0,0.0,0.0,0.0,0.0,0.0,0.0,0.0,0.0,0.0,0.0,0.0,0.0,0.0,0.0,0.0,0.0,0.0,0.0,0.0,0.0,0.0,0.0,0.0,0.0,0.0,0.0,0.0,0.0,0.0,0.0,0.0,0.0,0.0,0.0,0.0,0.0,0.0,0.0,0.0,0.0,0.0,0.0,0.0,0.0,0.0,0.0,0.0,0.0,0.0,0.0,0.0,0.0,0.0,0.0,0.0,0.0,0.0,0.0,0.0,0.0,0.0,0.0,0.0,0.0,0.0,0.0
5795365,2026-08-22T14:00:00.000Z,1,Premier League,Everton,8668,Crystal Palace,9826,1112684,Nathan Patterson,Everton,8668,False,0.0,0.0,0.0,0.0,0.0,0.0,0.0,0.0,0.0,0.0,0.0,0.0,0.0,0.0,0.0,0.0,0.0,0.0,0.0,0.0,0.0,0.0,0.0,0.0,0.0,0.0,0.0,0.0,0.0,0.0,0.0,0.0,0.0,0.0,0.0,0.0,0.0,0.0,0.0,0.0,0.0,0.0,0.0,0.0,0.0,0.0,0.0,0.0,0.0,0.0,0.0,0.0,0.0,0.0,0.0,0.0,0.0,0.0,0.0,0.0,0.0,0.0,0.0,0.0,0.0,0.0,0.0,0.0,0.0,0.0,0.0,0.0,0.0,0.0,0.0
5795365,2026-08-22T14:00:00.000Z,1,Premier League,Everton,8668,Crystal Palace,9826,1120224,Tyrick Mitchell,Crystal Palace,9826,False,6.58,90.0,0.0,0.0,0.01,0.01,32.20000076293945,11443.0,27.0,30.0,1.0,1.0,5.0,56.0,1.0,2.0,7.0,0.0,4.0,0.0,1.0,0.0,0.0,2.0,0.0,3.0,2.0,0.0,4.0,0.0,2.0,5.0,0.0,1.0,0.0,2.0,2.0,4.0,3202.0,11443.0,275.0,11443.0,13.0,0.0,0.0,0.0,0.0,0.0,0.0,0.0,0.0,0.0,0.0,0.0,0.0,0.0,0.0,0.0,0.0,0.0,0.0,0.0,0.0,1.0,0.0,0.0,0.0,0.0,0.0,0.0,0.0,0.0,0.0,0.0,0.0
5795365,2026-08-22T14:00:00.000Z,1,Premier League,Everton,8668,Crystal Palace,9826,1128965,Charly Alcaraz,Everton,8668,False,0.0,1.0,0.0,0.0,0.0,0.02,24.899999618530273,445.0,1.0,2.0,0.0,1.0,3.0,4.0,1.0,1.0,0.0,0.0,0.0,0.0,1.0,0.0,0.0,1.0,0.0,0.0,0.0,0.0,2.0,1.0,1.0,2.0,0.0,0.0,0.0,0.0,1.0,1.0,154.0,445.0,0.0,0.0,0.0,0.02,0.04,1.0,1.0,0.0,0.0,1.0,1.0,0.02,0.0,0.0,0.0,0.0,0.0,0.0,0.0,0.0,0.0,0.0,0.0,0.0,0.0,0.0,0.0,0.0,0.0,0.0,0.0,0.0,0.0,0.0,0.0
5795365,2026-08-22T14:00:00.000Z,1,Premier League,Everton,8668,Crystal Palace,9826,1187506,Chadi Riad,Crystal Palace,9826,False,6.37,72.0,0.0,0.0,0.01,0.01,27.600000381469727,7784.0,46.0,49.0,0.0,1.0,7.0,61.0,0.0,6.0,9.0,0.0,0.0,2.0,3.0,0.0,0.0,1.0,0.0,5.0,4.0,1.0,3.0,0.0,1.0,4.0,2.0,2.0,0.0,2.0,3.0,3.0,1576.0,7784.0,91.0,7784.0,3.0,0.0,0.0,0.0,0.0,0.0,0.0,0.0,0.0,0.0,0.0,0.0,0.0,0.0,0.0,0.0,0.0,0.0,0.0,0.0,0.0,1.0,0.0,0.0,0.0,0.0,0.0,0.0,0.0,0.0,0.0,0.0,0.0
5795365,2026-08-22T14:00:00.000Z,1,Premier League,Everton,8668,Crystal Palace,9826,1210384,Merlin Röhl,Everton,8668,False,7.57,90.0,0.0,0.0,0.06,0.06,32.79999923706055,11116.0,31.0,42.0,1.0,3.0,9.0,70.0,1.0,3.0,9.0,0.0,2.0,4.0,5.0,0.0,0.0,2.0,0.0,2.0,2.0,0.0,5.0,0.0,2.0,3.0,3.0,4.0,0.0,0.0,5.0,2.0,2250.0,11116.0,335.0,11116.0,19.0,0.0,0.0,0.0,0.0,0.0,0.0,0.0,0.0,0.0,0.0,0.0,0.0,0.0,0.0,0.0,0.0,0.0,0.0,0.0,0.0,1.0,0.0,0.0,0.0,0.0,0.0,0.0,0.0,0.0,0.0,0.0,0.0
5795365,2026-08-22T14:00:00.000Z,1,Premier League,Everton,8668,Crystal Palace,9826,1292833,Tyler Dibling,Everton,8668,False,0.0,0.0,0.0,0.0,0.0,0.0,0.0,0.0,0.0,0.0,0.0,0.0,0.0,0.0,0.0,0.0,0.0,0.0,0.0,0.0,0.0,0.0,0.0,0.0,0.0,0.0,0.0,0.0,0.0,0.0,0.0,0.0,0.0,0.0,0.0,0.0,0.0,0.0,0.0,0.0,0.0,0.0,0.0,0.0,0.0,0.0,0.0,0.0,0.0,0.0,0.0,0.0,0.0,0.0,0.0,0.0,0.0,0.0,0.0,0.0,0.0,0.0,0.0,0.0,0.0,0.0,0.0,0.0,0.0,0.0,0.0,0.0,0.0,0.0,0.0
5795365,2026-08-22T14:00:00.000Z,1,Premier League,Everton,8668,Crystal Palace,9826,1296650,Adam Wharton,Crystal Palace,9826,False,6.77,90.0,0.0,0.0,0.24,0.24,29.200000762939453,10957.0,60.0,74.0,2.0,4.0,14.0,91.0,0.0,15.0,24.0,0.0,0.0,1.0,4.0,0.0,4.0,2.0,0.0,1.0,0.0,3.0,8.0,1.0,5.0,10.0,0.0,0.0,2.0,0.0,5.0,5.0,2192.0,10957.0,80.0,10957.0,4.0,0.0,0.0,0.0,0.0,0.0,0.0,0.0,0.0,0.0,0.0,0.0,0.0,0.0,0.0,0.0,0.0,0.0,0.0,0.0,1.0,1.0,0.0,1.0,0.0,0.0,0.0,0.0,0.0,0.0,0.0,0.0,0.0
5795365,2026-08-22T14:00:00.000Z,1,Premier League,Everton,8668,Crystal Palace,9826,1398392,Thierno Barry,Everton,8668,False,7.53,79.0,1.0,0.0,0.09,0.54,30.799999237060547,8792.0,12.0,15.0,1.0,8.0,3.0,33.0,4.0,0.0,1.0,1.0,1.0,0.0,0.0,0.0,3.0,1.0,0.0,0.0,0.0,0.0,2.0,0.0,2.0,6.0,2.0,6.0,1.0,0.0,4.0,8.0,1746.0,8792.0,236.0,8792.0,11.0,0.45,0.63,2.0,1.0,0.0,1.0,1.0,1.0,0.45,0.0,0.0,0.0,0.0,0.0,0.0,0.0,0.0,0.0,0.0,0.0,1.0,0.0,0.0,0.0,0.0,0.0,0.0,0.0,0.0,0.0,0.0,0.0
5795365,2026-08-22T14:00:00.000Z,1,Premier League,Everton,8668,Crystal Palace,9826,1424875,Tyrique George,Everton,8668,False,7.56,84.0,0.0,0.0,0.08,0.26,30.799999237060547,9066.0,30.0,36.0,2.0,3.0,7.0,54.0,7.0,1.0,10.0,0.0,1.0,2.0,2.0,0.0,1.0,0.0,0.0,1.0,1.0,2.0,4.0,0.0,2.0,4.0,2.0,2.0,0.0,0.0,4.0,2.0,2009.0,9066.0,168.0,9066.0,9.0,0.18,0.0,5.0,0.0,2.0,3.0,0.0,2.0,0.18,0.0,0.0,0.0,0.0,0.0,0.0,0.0,0.0,0.0,0.0,2.0,3.0,1.0,0.0,0.0,0.0,0.0,0.0,0.0,0.0,0.0,0.0,0.0
5795365,2026-08-22T14:00:00.000Z,1,Premier League,Everton,8668,Crystal Palace,9826,1477878,Anan Khalaili,Crystal Palace,9826,False,7.38,35.0,0.0,0.0,0.16,0.16,31.700000762939453,4487.0,21.0,23.0,2.0,1.0,9.0,43.0,2.0,1.0,2.0,1.0,2.0,1.0,1.0,0.0,0.0,4.0,1.0,3.0,0.0,1.0,3.0,0.0,5.0,6.0,0.0,1.0,0.0,1.0,5.0,2.0,856.0,4487.0,94.0,4487.0,5.0,0.0,0.0,0.0,0.0,0.0,0.0,0.0,0.0,0.0,0.0,0.0,0.0,0.0,0.0,0.0,0.0,0.0,0.0,0.0,1.0,1.0,0.0,0.0,0.0,0.0,0.0,0.0,0.0,0.0,0.0,0.0,0.0
5795365,2026-08-22T14:00:00.000Z,1,Premier League,Everton,8668,Crystal Palace,9826,1559637,Harrison Armstrong,Everton,8668,False,8.04,90.0,0.0,1.0,0.04,0.04,30.100000381469727,12414.0,34.0,38.0,1.0,8.0,16.0,55.0,2.0,0.0,7.0,0.0,0.0,0.0,1.0,0.0,0.0,2.0,1.0,1.0,1.0,1.0,11.0,0.0,4.0,9.0,0.0,1.0,2.0,3.0,4.0,6.0,2304.0,12414.0,219.0,12414.0,14.0,0.0,0.0,0.0,0.0,0.0,0.0,0.0,0.0,0.0,0.0,0.0,0.0,0.0,0.0,0.0,0.0,0.0,0.0,0.0,0.0,2.0,0.0,0.0,0.0,0.0,0.0,0.0,0.0,0.0,0.0,0.0,0.0
5795365,2026-08-22T14:00:00.000Z,1,Premier League,Everton,8668,Crystal Palace,9826,1664722,Jaydee Canvot,Crystal Palace,9826,False,6.35,90.0,0.0,0.0,0.01,0.060000000000000005,32.79999923706055,10601.0,77.0,86.0,0.0,1.0,8.0,99.0,1.0,7.0,26.0,0.0,0.0,3.0,6.0,0.0,1.0,4.0,2.0,2.0,1.0,0.0,3.0,0.0,4.0,6.0,2.0,3.0,0.0,0.0,6.0,3.0,1980.0,10601.0,68.0,10601.0,2.0,0.05,0.0,1.0,0.0,0.0,1.0,0.0,0.0,0.05,0.0,0.0,0.0,0.0,0.0,0.0,0.0,0.0,0.0,0.0,0.0,1.0,0.0,0.0,0.0,0.0,0.0,0.0,0.0,0.0,0.0,0.0,0.0
5795366,2026-08-22T14:00:00.000Z,1,Premier League,Ipswich Town,9902,Sunderland,8472,207236,Granit Xhaka,Sunderland,8472,False,7.38,90.0,0.0,0.0,0.09,0.09,28.399999618530273,11548.0,70.0,75.0,2.0,9.0,13.0,96.0,0.0,10.0,15.0,1.0,6.0,6.0,7.0,4.0,2.0,3.0,0.0,0.0,0.0,2.0,8.0,1.0,8.0,12.0,0.0,0.0,4.0,1.0,8.0,4.0,2977.0,11548.0,112.0,11548.0,4.0,0.0,0.0,0.0,0.0,0.0,0.0,0.0,0.0,0.0,0.0,0.0,0.0,0.0,0.0,0.0,0.0,0.0,0.0,0.0,1.0,1.0,0.0,0.0,0.0,0.0,0.0,0.0,0.0,0.0,0.0,0.0,0.0
5795366,2026-08-22T14:00:00.000Z,1,Premier League,Ipswich Town,9902,Sunderland,8472,277771,Thomas Meunier,Sunderland,8472,False,6.51,90.0,0.0,0.0,0.08,0.16,32.099998474121094,12193.0,54.0,61.0,0.0,1.0,4.0,83.0,1.0,5.0,15.0,0.0,4.0,3.0,4.0,0.0,0.0,2.0,0.0,0.0,0.0,2.0,3.0,1.0,3.0,6.0,2.0,3.0,0.0,1.0,5.0,4.0,2590.0,12193.0,534.0,12193.0,22.0,0.08,0.04,2.0,1.0,0.0,1.0,1.0,1.0,0.08,0.0,0.0,0.0,0.0,0.0,0.0,0.0,0.0,0.0,0.0,1.0,2.0,0.0,0.0,0.0,0.0,0.0,0.0,0.0,0.0,0.0,0.0,0.0
5795366,2026-08-22T14:00:00.000Z,1,Premier League,Ipswich Town,9902,Sunderland,8472,413158,Chuba Akpom,Ipswich Town,9902,False,5.96,24.0,0.0,0.0,0.0,0.0,28.299999237060547,3340.0,2.0,4.0,0.0,1.0,3.0,8.0,1.0,1.0,0.0,0.0,0.0,0.0,0.0,0.0,1.0,1.0,0.0,0.0,0.0,0.0,2.0,0.0,2.0,4.0,2.0,6.0,1.0,1.0,4.0,6.0,788.0,3340.0,23.0,3340.0,1.0,0.0,0.0,0.0,0.0,0.0,0.0,0.0,0.0,0.0,0.0,0.0,0.0,0.0,0.0,0.0,0.0,0.0,0.0,0.0,0.0,0.0,0.0,0.0,0.0,0.0,0.0,0.0,0.0,0.0,0.0,0.0,0.0
5795366,2026-08-22T14:00:00.000Z,1,Premier League,Ipswich Town,9902,Sunderland,8472,480253,Luke O'Nien,Sunderland,8472,False,5.47,67.0,0.0,0.0,0.01,0.02,29.5,6732.0,48.0,55.0,0.0,1.0,5.0,70.0,1.0,7.0,9.0,0.0,2.0,5.0,10.0,0.0,0.0,1.0,1.0,3.0,3.0,0.0,4.0,2.0,2.0,6.0,0.0,0.0,0.0,2.0,2.0,4.0,1018.0,6732.0,81.0,6732.0,4.0,0.01,0.0,1.0,0.0,0.0,1.0,0.0,0.0,0.01,0.0,0.0,0.0,0.0,0.0,0.0,0.0,0.0,0.0,0.0,1.0,1.0,0.0,0.0,0.0,1.0,0.0,0.0,0.0,0.0,0.0,0.0,0.0
5795366,2026-08-22T14:00:00.000Z,1,Premier League,Ipswich Town,9902,Sunderland,8472,512013,Christian Walton,Ipswich Town,9902,True,0.0,0.0,0.0,0.0,0.0,0.0,0.0,0.0,0.0,0.0,0.0,0.0,0.0,0.0,0.0,0.0,0.0,0.0,0.0,0.0,0.0,0.0,0.0,0.0,0.0,0.0,0.0,0.0,0.0,0.0,0.0,0.0,0.0,0.0,0.0,0.0,0.0,0.0,0.0,0.0,0.0,0.0,0.0,0.0,0.0,0.0,0.0,0.0,0.0,0.0,0.0,0.0,0.0,0.0,0.0,0.0,0.0,0.0,0.0,0.0,0.0,0.0,0.0,0.0,0.0,0.0,0.0,0.0,0.0,0.0,0.0,0.0,0.0,0.0,0.0
5795366,2026-08-22T14:00:00.000Z,1,Premier League,Ipswich Town,9902,Sunderland,8472,556972,Sasa Lukic,Ipswich Town,9902,False,7.43,90.0,0.0,1.0,0.02,0.02,29.100000381469727,11184.0,38.0,45.0,1.0,5.0,6.0,53.0,1.0,10.0,10.0,0.0,2.0,2.0,5.0,1.0,1.0,1.0,0.0,1.0,1.0,1.0,3.0,2.0,1.0,6.0,0.0,1.0,0.0,1.0,1.0,6.0,2157.0,11184.0,140.0,11184.0,8.0,0.0,0.0,0.0,0.0,0.0,0.0,0.0,0.0,0.0,0.0,0.0,0.0,0.0,0.0,0.0,0.0,0.0,0.0,0.0,0.0,1.0,0.0,0.0,0.0,0.0,0.0,0.0,0.0,0.0,0.0,0.0,0.0
5795366,2026-08-22T14:00:00.000Z,1,Premier League,Ipswich Town,9902,Sunderland,8472,600524,Reinildo,Sunderland,8472,False,7.17,90.0,0.0,0.0,0.29,0.29,33.29999923706055,9444.0,47.0,53.0,2.0,1.0,8.0,81.0,2.0,7.0,17.0,1.0,2.0,1.0,1.0,0.0,1.0,3.0,0.0,2.0,2.0,3.0,5.0,2.0,5.0,10.0,3.0,4.0,1.0,2.0,8.0,6.0,1374.0,9444.0,97.0,9444.0,4.0,0.0,0.0,0.0,0.0,0.0,0.0,0.0,0.0,0.0,0.0,0.0,0.0,0.0,0.0,0.0,0.0,0.0,0.0,0.0,1.0,1.0,0.0,0.0,0.0,0.0,0.0,0.0,0.0,0.0,0.0,0.0,0.0
5795366,2026-08-22T14:00:00.000Z,1,Premier League,Ipswich Town,9902,Sunderland,8472,602304,Nordi Mukiele,Sunderland,8472,False,0.0,0.0,0.0,0.0,0.0,0.0,0.0,0.0,0.0,0.0,0.0,0.0,0.0,0.0,0.0,0.0,0.0,0.0,0.0,0.0,0.0,0.0,0.0,0.0,0.0,0.0,0.0,0.0,0.0,0.0,0.0,0.0,0.0,0.0,0.0,0.0,0.0,0.0,0.0,0.0,0.0,0.0,0.0,0.0,0.0,0.0,0.0,0.0,0.0,0.0,0.0,0.0,0.0,0.0,0.0,0.0,0.0,0.0,0.0,0.0,0.0,0.0,0.0,0.0,0.0,0.0,0.0,0.0,0.0,0.0,0.0,0.0,0.0,0.0,0.0
5795366,2026-08-22T14:00:00.000Z,1,Premier League,Ipswich Town,9902,Sunderland,8472,609733,Darnell Furlong,Ipswich Town,9902,False,0.0,0.0,0.0,0.0,0.0,0.0,0.0,0.0,0.0,0.0,0.0,0.0,0.0,0.0,0.0,0.0,0.0,0.0,0.0,0.0,0.0,0.0,0.0,0.0,0.0,0.0,0.0,0.0,0.0,0.0,0.0,0.0,0.0,0.0,0.0,0.0,0.0,0.0,0.0,0.0,0.0,0.0,0.0,0.0,0.0,0.0,0.0,0.0,0.0,0.0,0.0,0.0,0.0,0.0,0.0,0.0,0.0,0.0,0.0,0.0,0.0,0.0,0.0,0.0,0.0,0.0,0.0,0.0,0.0,0.0,0.0,0.0,0.0,0.0,0.0
5795366,2026-08-22T14:00:00.000Z,1,Premier League,Ipswich Town,9902,Sunderland,8472,696443,Issa Diop,Ipswich Town,9902,False,6.75,90.0,0.0,0.0,0.01,0.01,34.099998474121094,9666.0,31.0,39.0,0.0,2.0,5.0,46.0,1.0,4.0,3.0,0.0,0.0,0.0,5.0,0.0,1.0,1.0,0.0,2.0,1.0,2.0,6.0,2.0,1.0,6.0,0.0,1.0,0.0,2.0,1.0,6.0,1399.0,9666.0,135.0,9666.0,6.0,0.0,0.0,0.0,0.0,0.0,0.0,0.0,0.0,0.0,0.0,0.0,0.0,0.0,0.0,0.0,0.0,0.0,0.0,0.0,0.0,0.0,0.0,0.0,0.0,0.0,0.0,0.0,0.0,0.0,0.0,0.0,0.0
5795366,2026-08-22T14:00:00.000Z,1,Premier League,Ipswich Town,9902,Sunderland,8472,728765,Daizen Maeda,Ipswich Town,9902,False,6.95,80.0,0.0,0.0,0.0,0.61,33.5,10299.0,9.0,12.0,0.0,2.0,9.0,32.0,1.0,3.0,1.0,0.0,2.0,0.0,0.0,0.0,0.0,4.0,1.0,2.0,2.0,0.0,2.0,1.0,4.0,10.0,0.0,0.0,0.0,2.0,4.0,6.0,2896.0,10299.0,425.0,10299.0,19.0,0.61,0.0,1.0,0.0,1.0,0.0,0.0,1.0,0.61,0.0,0.0,0.0,0.0,0.0,0.0,0.0,0.0,0.0,0.0,0.0,3.0,0.0,0.0,1.0,0.0,0.0,0.0,0.0,0.0,0.0,0.0,0.0
5795366,2026-08-22T14:00:00.000Z,1,Premier League,Ipswich Town,9902,Sunderland,8472,751998,Omar Alderete,Sunderland,8472,False,5.44,23.0,0.0,0.0,0.01,0.01,29.700000762939453,2989.0,34.0,37.0,0.0,1.0,0.0,38.0,0.0,7.0,10.0,0.0,0.0,3.0,5.0,0.0,0.0,0.0,0.0,0.0,0.0,0.0,2.0,0.0,0.0,0.0,1.0,1.0,0.0,0.0,1.0,0.0,423.0,2989.0,31.0,2989.0,1.0,0.0,0.0,0.0,0.0,0.0,0.0,0.0,0.0,0.0,0.0,0.0,0.0,0.0,0.0,0.0,0.0,0.0,0.0,0.0,0.0,0.0,0.0,0.0,0.0,1.0,0.0,0.0,0.0,0.0,0.0,0.0,0.0
5795366,2026-08-22T14:00:00.000Z,1,Premier League,Ipswich Town,9902,Sunderland,8472,760398,Cédric Kipré,Ipswich Town,9902,False,0.0,0.0,0.0,0.0,0.0,0.0,0.0,0.0,0.0,0.0,0.0,0.0,0.0,0.0,0.0,0.0,0.0,0.0,0.0,0.0,0.0,0.0,0.0,0.0,0.0,0.0,0.0,0.0,0.0,0.0,0.0,0.0,0.0,0.0,0.0,0.0,0.0,0.0,0.0,0.0,0.0,0.0,0.0,0.0,0.0,0.0,0.0,0.0,0.0,0.0,0.0,0.0,0.0,0.0,0.0,0.0,0.0,0.0,0.0,0.0,0.0,0.0,0.0,0.0,0.0,0.0,0.0,0.0,0.0,0.0,0.0,0.0,0.0,0.0,0.0
5795366,2026-08-22T14:00:00.000Z,1,Premier League,Ipswich Town,9902,Sunderland,8472,789578,Dara O'Shea,Ipswich Town,9902,False,8.03,90.0,0.0,0.0,0.16,0.16,32.29999923706055,9692.0,24.0,36.0,2.0,4.0,18.0,70.0,1.0,9.0,14.0,1.0,1.0,1.0,7.0,0.0,1.0,2.0,2.0,12.0,9.0,2.0,6.0,0.0,4.0,5.0,4.0,5.0,2.0,0.0,8.0,2.0,1365.0,9692.0,157.0,9692.0,5.0,0.0,0.0,0.0,0.0,0.0,0.0,0.0,0.0,0.0,0.0,0.0,0.0,0.0,0.0,0.0,0.0,0.0,0.0,0.0,0.0,0.0,0.0,0.0,0.0,0.0,0.0,0.0,0.0,0.0,0.0,0.0,0.0
5795366,2026-08-22T14:00:00.000Z,1,Premier League,Ipswich Town,9902,Sunderland,8472,796398,Kjell Scherpen,Ipswich Town,9902,True,6.7,90.0,0.0,0.0,0.0,0.0,22.100000381469727,5485.0,13.0,26.0,0.0,2.0,1.0,39.0,0.0,10.0,12.0,0.0,0.0,10.0,23.0,0.0,0.0,0.0,0.0,1.0,0.0,0.0,10.0,0.0,1.0,1.0,0.0,0.0,1.0,0.0,1.0,0.0,99.0,5485.0,0.0,0.0,0.0,0.0,0.0,0.0,0.0,0.0,0.0,0.0,0.0,0.0,2.0,1.0,0.35,-0.65,1.0,1.0,0.0,1.0,7.0,1.0,0.0,0.0,0.0,0.0,0.0,0.0,0.0,0.0,0.0,0.0,0.0,0.0,0.0
5795366,2026-08-22T14:00:00.000Z,1,Premier League,Ipswich Town,9902,Sunderland,8472,887703,Wilson Isidor,Sunderland,8472,False,5.66,23.0,0.0,0.0,0.0,0.0,30.299999237060547,3219.0,2.0,4.0,0.0,1.0,0.0,6.0,0.0,2.0,0.0,0.0,0.0,0.0,0.0,0.0,1.0,0.0,0.0,0.0,0.0,0.0,0.0,0.0,0.0,1.0,0.0,2.0,0.0,0.0,0.0,3.0,594.0,3219.0,70.0,3219.0,5.0,0.0,0.0,0.0,0.0,0.0,0.0,0.0,0.0,0.0,0.0,0.0,0.0,0.0,0.0,0.0,0.0,0.0,0.0,0.0,0.0,0.0,0.0,0.0,0.0,0.0,0.0,0.0,0.0,0.0,0.0,0.0,0.0
5795366,2026-08-22T14:00:00.000Z,1,Premier League,Ipswich Town,9902,Sunderland,8472,914402,Jack Clarke,Ipswich Town,9902,False,7.41,19.0,1.0,0.0,0.0,0.1,29.700000762939453,3138.0,5.0,5.0,0.0,7.0,2.0,8.0,1.0,0.0,2.0,0.0,0.0,0.0,0.0,0.0,0.0,1.0,0.0,0.0,0.0,0.0,1.0,0.0,1.0,1.0,0.0,0.0,0.0,0.0,1.0,0.0,738.0,3138.0,109.0,3138.0,4.0,0.1,0.63,2.0,1.0,1.0,0.0,1.0,2.0,0.1,0.0,0.0,0.0,0.0,0.0,0.0,0.0,0.0,0.0,0.0,0.0,0.0,0.0,0.0,0.0,0.0,0.0,0.0,0.0,0.0,0.0,0.0,0.0
5795366,2026-08-22T14:00:00.000Z,1,Premier League,Ipswich Town,9902,Sunderland,8472,940446,Brian Brobbey,Sunderland,8472,False,5.78,67.0,0.0,0.0,0.0,0.3,31.899999618530273,6594.0,3.0,3.0,0.0,2.0,0.0,10.0,2.0,0.0,0.0,0.0,0.0,0.0,0.0,0.0,2.0,0.0,0.0,0.0,0.0,0.0,0.0,0.0,0.0,5.0,0.0,0.0,0.0,2.0,0.0,5.0,1182.0,6594.0,303.0,6594.0,14.0,0.3,0.0,2.0,1.0,0.0,1.0,1.0,1.0,0.3,0.0,0.0,0.0,0.0,0.0,0.0,0.0,0.0,0.0,0.0,0.0,1.0,2.0,0.0,1.0,0.0,0.0,0.0,0.0,0.0,0.0,0.0,0.0
5795366,2026-08-22T14:00:00.000Z,1,Premier League,Ipswich Town,9902,Sunderland,8472,974268,Daniel Ballard,Sunderland,8472,False,5.89,90.0,0.0,0.0,0.01,0.01,30.899999618530273,10295.0,53.0,58.0,0.0,0.0,9.0,73.0,0.0,6.0,8.0,0.0,0.0,3.0,6.0,0.0,0.0,2.0,0.0,7.0,6.0,0.0,0.0,1.0,3.0,6.0,3.0,9.0,1.0,2.0,6.0,9.0,1584.0,10295.0,85.0,10295.0,5.0,0.0,0.0,0.0,0.0,0.0,0.0,0.0,0.0,0.0,0.0,0.0,0.0,0.0,0.0,0.0,0.0,0.0,0.0,0.0,0.0,0.0,0.0,0.0,0.0,0.0,0.0,0.0,0.0,0.0,0.0,0.0,0.0
5795366,2026-08-22T14:00:00.000Z,1,Premier League,Ipswich Town,9902,Sunderland,8472,980381,Leif Davis,Ipswich Town,9902,False,7.15,90.0,0.0,0.0,0.01,0.01,34.0,10764.0,25.0,31.0,0.0,2.0,7.0,49.0,0.0,2.0,5.0,0.0,2.0,1.0,2.0,0.0,1.0,0.0,1.0,5.0,3.0,1.0,4.0,0.0,1.0,2.0,2.0,2.0,1.0,0.0,3.0,1.0,1879.0,10764.0,474.0,10764.0,18.0,0.0,0.0,0.0,0.0,0.0,0.0,0.0,0.0,0.0,0.0,0.0,0.0,0.0,0.0,0.0,0.0,0.0,0.0,0.0,0.0,0.0,0.0,0.0,0.0,0.0,0.0,0.0,0.0,0.0,0.0,0.0,0.0
5795366,2026-08-22T14:00:00.000Z,1,Premier League,Ipswich Town,9902,Sunderland,8472,1049999,Enzo Le Fée,Sunderland,8472,False,6.36,80.0,0.0,0.0,0.03,0.03,33.70000076293945,9885.0,39.0,44.0,0.0,2.0,2.0,59.0,0.0,2.0,9.0,0.0,2.0,0.0,1.0,1.0,2.0,1.0,0.0,0.0,0.0,0.0,1.0,2.0,3.0,11.0,0.0,0.0,1.0,0.0,3.0,8.0,2274.0,9885.0,344.0,9885.0,15.0,0.0,0.0,0.0,0.0,0.0,0.0,0.0,0.0,0.0,0.0,0.0,0.0,0.0,0.0,0.0,0.0,0.0,0.0,0.0,1.0,5.0,1.0,0.0,0.0,0.0,0.0,0.0,0.0,0.0,0.0,0.0,0.0
5795366,2026-08-22T14:00:00.000Z,1,Premier League,Ipswich Town,9902,Sunderland,8472,1067763,Trai Hume,Sunderland,8472,False,7.07,80.0,0.0,0.0,0.27,0.31,31.600000381469727,9321.0,18.0,23.0,3.0,2.0,4.0,37.0,5.0,1.0,4.0,1.0,1.0,0.0,0.0,0.0,1.0,3.0,0.0,0.0,0.0,1.0,6.0,0.0,3.0,7.0,0.0,0.0,0.0,2.0,3.0,4.0,2080.0,9321.0,262.0,9321.0,15.0,0.04,0.0,2.0,0.0,2.0,0.0,0.0,2.0,0.04,0.0,0.0,0.0,0.0,0.0,0.0,0.0,0.0,0.0,0.0,0.0,1.0,0.0,2.0,0.0,0.0,0.0,0.0,0.0,0.0,0.0,0.0,0.0
5795366,2026-08-22T14:00:00.000Z,1,Premier League,Ipswich Town,9902,Sunderland,8472,1073742,Julio Enciso,Ipswich Town,9902,False,8.06,71.0,0.0,1.0,0.31,0.54,31.799999237060547,8183.0,19.0,22.0,1.0,5.0,8.0,41.0,6.0,2.0,6.0,0.0,0.0,1.0,1.0,0.0,0.0,1.0,0.0,1.0,1.0,1.0,5.0,0.0,7.0,11.0,0.0,0.0,2.0,1.0,7.0,4.0,1841.0,8183.0,338.0,8183.0,17.0,0.23,0.0,3.0,0.0,2.0,1.0,0.0,2.0,0.23,0.0,0.0,0.0,0.0,0.0,0.0,0.0,0.0,0.0,0.0,4.0,7.0,1.0,1.0,0.0,0.0,0.0,0.0,0.0,0.0,0.0,0.0,0.0
5795366,2026-08-22T14:00:00.000Z,1,Premier League,Ipswich Town,9902,Sunderland,8472,1079103,Jacob Greaves,Ipswich Town,9902,False,7.26,90.0,0.0,0.0,0.0,0.0,31.200000762939453,10197.0,34.0,41.0,0.0,2.0,7.0,52.0,0.0,6.0,6.0,0.0,0.0,1.0,5.0,0.0,0.0,3.0,0.0,4.0,4.0,0.0,1.0,0.0,5.0,5.0,3.0,5.0,2.0,1.0,8.0,2.0,1528.0,10197.0,166.0,10197.0,7.0,0.0,0.0,0.0,0.0,0.0,0.0,0.0,0.0,0.0,0.0,0.0,0.0,0.0,0.0,0.0,0.0,0.0,0.0,0.0,0.0,0.0,0.0,0.0,0.0,0.0,0.0,0.0,0.0,0.0,0.0,0.0,0.0
5795366,2026-08-22T14:00:00.000Z,1,Premier League,Ipswich Town,9902,Sunderland,8472,1113915,Kasey McAteer,Ipswich Town,9902,False,6.24,24.0,0.0,0.0,0.0,0.0,28.200000762939453,3603.0,5.0,6.0,0.0,1.0,3.0,9.0,0.0,0.0,1.0,0.0,0.0,0.0,0.0,0.0,0.0,1.0,0.0,0.0,0.0,0.0,2.0,0.0,1.0,2.0,0.0,1.0,0.0,1.0,1.0,2.0,868.0,3603.0,47.0,3603.0,4.0,0.0,0.0,0.0,0.0,0.0,0.0,0.0,0.0,0.0,0.0,0.0,0.0,0.0,0.0,0.0,0.0,0.0,0.0,0.0,0.0,0.0,0.0,0.0,0.0,0.0,0.0,0.0,0.0,0.0,0.0,0.0,0.0
5795366,2026-08-22T14:00:00.000Z,1,Premier League,Ipswich Town,9902,Sunderland,8472,1123947,Romaine Mundle,Sunderland,8472,False,0.0,0.0,0.0,0.0,0.0,0.0,0.0,0.0,0.0,0.0,0.0,0.0,0.0,0.0,0.0,0.0,0.0,0.0,0.0,0.0,0.0,0.0,0.0,0.0,0.0,0.0,0.0,0.0,0.0,0.0,0.0,0.0,0.0,0.0,0.0,0.0,0.0,0.0,0.0,0.0,0.0,0.0,0.0,0.0,0.0,0.0,0.0,0.0,0.0,0.0,0.0,0.0,0.0,0.0,0.0,0.0,0.0,0.0,0.0,0.0,0.0,0.0,0.0,0.0,0.0,0.0,0.0,0.0,0.0,0.0,0.0,0.0,0.0,0.0,0.0
5795366,2026-08-22T14:00:00.000Z,1,Premier League,Ipswich Town,9902,Sunderland,8472,1125720,Robin Roefs,Sunderland,8472,True,6.18,90.0,0.0,0.0,0.0,0.0,22.100000381469727,6486.0,35.0,46.0,0.0,1.0,1.0,57.0,0.0,11.0,10.0,0.0,0.0,7.0,18.0,0.0,0.0,0.0,0.0,1.0,0.0,0.0,8.0,0.0,1.0,1.0,2.0,2.0,1.0,0.0,3.0,0.0,270.0,6486.0,0.0,0.0,0.0,0.0,0.0,0.0,0.0,0.0,0.0,0.0,0.0,0.0,1.0,2.0,1.63,-0.37,0.0,1.0,0.0,1.0,5.0,1.0,1.0,1.0,0.0,0.0,0.0,0.0,0.0,0.0,0.0,0.0,0.0,0.0,0.0
5795366,2026-08-22T14:00:00.000Z,1,Premier League,Ipswich Town,9902,Sunderland,8472,1129081,Marcelino Núñez,Ipswich Town,9902,False,7.86,80.0,0.0,0.0,0.03,0.06,30.799999237060547,10879.0,39.0,41.0,0.0,4.0,12.0,56.0,1.0,6.0,11.0,1.0,1.0,1.0,1.0,1.0,0.0,2.0,1.0,2.0,0.0,1.0,6.0,3.0,4.0,8.0,0.0,0.0,0.0,1.0,4.0,4.0,3392.0,10879.0,170.0,10879.0,8.0,0.03,0.0,1.0,0.0,1.0,0.0,0.0,1.0,0.03,0.0,0.0,0.0,0.0,0.0,0.0,0.0,0.0,0.0,0.0,2.0,2.0,0.0,0.0,0.0,0.0,1.0,0.0,0.0,0.0,0.0,0.0,0.0
5795366,2026-08-22T14:00:00.000Z,1,Premier League,Ipswich Town,9902,Sunderland,8472,1186615,Melker Ellborg,Sunderland,8472,True,0.0,0.0,0.0,0.0,0.0,0.0,0.0,0.0,0.0,0.0,0.0,0.0,0.0,0.0,0.0,0.0,0.0,0.0,0.0,0.0,0.0,0.0,0.0,0.0,0.0,0.0,0.0,0.0,0.0,0.0,0.0,0.0,0.0,0.0,0.0,0.0,0.0,0.0,0.0,0.0,0.0,0.0,0.0,0.0,0.0,0.0,0.0,0.0,0.0,0.0,0.0,0.0,0.0,0.0,0.0,0.0,0.0,0.0,0.0,0.0,0.0,0.0,0.0,0.0,0.0,0.0,0.0,0.0,0.0,0.0,0.0,0.0,0.0,0.0,0.0
5795366,2026-08-22T14:00:00.000Z,1,Premier League,Ipswich Town,9902,Sunderland,8472,1265626,Abdul Fatawu,Ipswich Town,9902,False,7.18,66.0,0.0,0.0,0.41,0.41,33.29999923706055,7119.0,5.0,10.0,2.0,2.0,7.0,36.0,4.0,1.0,3.0,2.0,6.0,1.0,2.0,1.0,3.0,4.0,0.0,0.0,0.0,1.0,2.0,2.0,10.0,16.0,0.0,2.0,3.0,1.0,10.0,8.0,1471.0,7119.0,105.0,7119.0,6.0,0.0,0.0,0.0,0.0,0.0,0.0,0.0,0.0,0.0,0.0,0.0,0.0,0.0,0.0,0.0,0.0,0.0,0.0,0.0,3.0,3.0,0.0,1.0,0.0,0.0,0.0,0.0,0.0,0.0,0.0,0.0,0.0
5795366,2026-08-22T14:00:00.000Z,1,Premier League,Ipswich Town,9902,Sunderland,8472,1285866,Habib Diarra,Sunderland,8472,False,6.02,10.0,0.0,0.0,0.0,0.03,32.900001525878906,1868.0,6.0,6.0,0.0,1.0,0.0,7.0,0.0,1.0,0.0,0.0,0.0,1.0,1.0,0.0,0.0,0.0,0.0,0.0,0.0,0.0,0.0,0.0,0.0,0.0,0.0,0.0,0.0,0.0,0.0,0.0,339.0,1868.0,102.0,1868.0,3.0,0.03,0.0,1.0,0.0,0.0,1.0,0.0,0.0,0.03,0.0,0.0,0.0,0.0,0.0,0.0,0.0,0.0,0.0,0.0,0.0,0.0,0.0,0.0,0.0,0.0,0.0,0.0,0.0,0.0,0.0,0.0,0.0
5795366,2026-08-22T14:00:00.000Z,1,Premier League,Ipswich Town,9902,Sunderland,8472,1287010,Nilson Angulo,Sunderland,8472,False,7.3,59.0,1.0,0.0,0.01,0.16,33.20000076293945,6835.0,18.0,21.0,0.0,5.0,7.0,39.0,2.0,2.0,1.0,0.0,2.0,0.0,1.0,0.0,3.0,1.0,0.0,0.0,0.0,1.0,5.0,1.0,2.0,6.0,2.0,6.0,1.0,0.0,4.0,8.0,1405.0,6835.0,233.0,6835.0,9.0,0.15,0.26,2.0,1.0,1.0,0.0,1.0,2.0,0.15,0.0,0.0,0.0,0.0,0.0,0.0,0.0,0.0,0.0,0.0,0.0,0.0,0.0,0.0,0.0,0.0,0.0,0.0,0.0,0.0,0.0,0.0,0.0
5795366,2026-08-22T14:00:00.000Z,1,Premier League,Ipswich Town,9902,Sunderland,8472,1287056,Cameron Humphreys,Ipswich Town,9902,False,0.0,0.0,0.0,0.0,0.0,0.0,0.0,0.0,0.0,0.0,0.0,0.0,0.0,0.0,0.0,0.0,0.0,0.0,0.0,0.0,0.0,0.0,0.0,0.0,0.0,0.0,0.0,0.0,0.0,0.0,0.0,0.0,0.0,0.0,0.0,0.0,0.0,0.0,0.0,0.0,0.0,0.0,0.0,0.0,0.0,0.0,0.0,0.0,0.0,0.0,0.0,0.0,0.0,0.0,0.0,0.0,0.0,0.0,0.0,0.0,0.0,0.0,0.0,0.0,0.0,0.0,0.0,0.0,0.0,0.0,0.0,0.0,0.0,0.0,0.0
5795366,2026-08-22T14:00:00.000Z,1,Premier League,Ipswich Town,9902,Sunderland,8472,1307961,Sindre Walle Egeli,Ipswich Town,9902,False,6.02,10.0,0.0,0.0,0.0,0.0,26.899999618530273,2212.0,1.0,1.0,0.0,1.0,0.0,2.0,0.0,0.0,0.0,0.0,0.0,0.0,0.0,0.0,0.0,0.0,0.0,0.0,0.0,0.0,0.0,0.0,1.0,2.0,0.0,0.0,1.0,1.0,1.0,1.0,825.0,2212.0,12.0,2212.0,1.0,0.0,0.0,0.0,0.0,0.0,0.0,0.0,0.0,0.0,0.0,0.0,0.0,0.0,0.0,0.0,0.0,0.0,0.0,0.0,0.0,0.0,0.0,0.0,0.0,0.0,0.0,0.0,0.0,0.0,0.0,0.0,0.0
5795366,2026-08-22T14:00:00.000Z,1,Premier League,Ipswich Town,9902,Sunderland,8472,1320949,Emersonn,Ipswich Town,9902,False,8.15,66.0,1.0,0.0,0.06,0.8799999999999999,34.099998474121094,7699.0,9.0,11.0,2.0,9.0,3.0,26.0,4.0,1.0,1.0,1.0,1.0,0.0,0.0,0.0,1.0,1.0,0.0,1.0,1.0,0.0,1.0,0.0,4.0,5.0,3.0,5.0,1.0,0.0,7.0,3.0,1454.0,7699.0,276.0,7699.0,8.0,0.82,1.0,3.0,2.0,1.0,0.0,2.0,3.0,0.82,0.0,0.0,0.0,0.0,0.0,0.0,0.0,0.0,0.0,0.0,2.0,2.0,0.0,0.0,0.0,0.0,0.0,0.0,0.0,0.0,0.0,0.0,0.0
5795366,2026-08-22T14:00:00.000Z,1,Premier League,Ipswich Town,9902,Sunderland,8472,1327319,Chris Rigg,Sunderland,8472,False,6.09,10.0,0.0,0.0,0.0,0.0,29.399999618530273,1820.0,2.0,3.0,0.0,1.0,1.0,4.0,0.0,1.0,0.0,0.0,0.0,0.0,0.0,0.0,0.0,0.0,0.0,0.0,0.0,0.0,1.0,0.0,0.0,0.0,0.0,0.0,0.0,0.0,0.0,0.0,351.0,1820.0,84.0,1820.0,3.0,0.0,0.0,0.0,0.0,0.0,0.0,0.0,0.0,0.0,0.0,0.0,0.0,0.0,0.0,0.0,0.0,0.0,0.0,0.0,0.0,0.0,0.0,0.0,0.0,0.0,0.0,0.0,0.0,0.0,0.0,0.0,0.0
5795366,2026-08-22T14:00:00.000Z,1,Premier League,Ipswich Town,9902,Sunderland,8472,1343053,Abdoul Ouattara,Ipswich Town,9902,False,6.31,10.0,0.0,0.0,0.0,0.0,28.5,2135.0,3.0,3.0,1.0,1.0,2.0,7.0,0.0,1.0,1.0,0.0,0.0,0.0,0.0,0.0,0.0,0.0,0.0,2.0,1.0,0.0,0.0,0.0,0.0,0.0,0.0,0.0,0.0,0.0,0.0,0.0,694.0,2135.0,38.0,2135.0,3.0,0.0,0.0,0.0,0.0,0.0,0.0,0.0,0.0,0.0,0.0,0.0,0.0,0.0,0.0,0.0,0.0,0.0,0.0,0.0,0.0,0.0,0.0,0.0,0.0,0.0,0.0,0.0,0.0,0.0,0.0,0.0,0.0
5795366,2026-08-22T14:00:00.000Z,1,Premier League,Ipswich Town,9902,Sunderland,8472,1359649,Noah Sadiki,Sunderland,8472,False,7.16,90.0,0.0,0.0,0.03,0.09,32.70000076293945,11430.0,51.0,57.0,2.0,2.0,2.0,74.0,5.0,3.0,6.0,1.0,1.0,2.0,2.0,0.0,1.0,0.0,0.0,0.0,0.0,0.0,2.0,0.0,7.0,10.0,1.0,1.0,3.0,1.0,8.0,3.0,2472.0,11430.0,207.0,11430.0,10.0,0.06,0.05,1.0,1.0,0.0,0.0,1.0,1.0,0.06,0.0,0.0,0.0,0.0,0.0,0.0,0.0,0.0,0.0,0.0,4.0,5.0,0.0,0.0,1.0,0.0,0.0,0.0,0.0,0.0,0.0,0.0,0.0
5795366,2026-08-22T14:00:00.000Z,1,Premier League,Ipswich Town,9902,Sunderland,8472,1368654,Chemsdine Talbi,Sunderland,8472,False,5.84,31.0,0.0,0.0,0.0,0.0,32.400001525878906,4039.0,9.0,11.0,0.0,1.0,2.0,16.0,0.0,1.0,1.0,0.0,3.0,1.0,1.0,0.0,1.0,0.0,0.0,0.0,0.0,0.0,2.0,1.0,0.0,3.0,0.0,0.0,0.0,1.0,0.0,3.0,1019.0,4039.0,99.0,4039.0,5.0,0.0,0.0,0.0,0.0,0.0,0.0,0.0,0.0,0.0,0.0,0.0,0.0,0.0,0.0,0.0,0.0,0.0,0.0,0.0,0.0,0.0,1.0,0.0,0.0,0.0,0.0,0.0,0.0,0.0,0.0,0.0,0.0
5795366,2026-08-22T14:00:00.000Z,1,Premier League,Ipswich Town,9902,Sunderland,8472,1690655,Jocelin Ta Bi,Sunderland,8472,False,0.0,0.0,0.0,0.0,0.0,0.0,0.0,0.0,0.0,0.0,0.0,0.0,0.0,0.0,0.0,0.0,0.0,0.0,0.0,0.0,0.0,0.0,0.0,0.0,0.0,0.0,0.0,0.0,0.0,0.0,0.0,0.0,0.0,0.0,0.0,0.0,0.0,0.0,0.0,0.0,0.0,0.0,0.0,0.0,0.0,0.0,0.0,0.0,0.0,0.0,0.0,0.0,0.0,0.0,0.0,0.0,0.0,0.0,0.0,0.0,0.0,0.0,0.0,0.0,0.0,0.0,0.0,0.0,0.0,0.0,0.0,0.0,0.0,0.0,0.0
5795367,2026-08-22T14:00:00.000Z,1,Premier League,Nottingham Forest,10203,Leeds United,8463,169719,Chris Wood,Nottingham Forest,10203,False,5.96,28.0,0.0,0.0,0.01,0.13,30.299999237060547,3360.0,5.0,5.0,0.0,1.0,1.0,9.0,1.0,1.0,0.0,0.0,0.0,0.0,0.0,0.0,0.0,0.0,0.0,0.0,0.0,0.0,1.0,0.0,1.0,2.0,1.0,3.0,1.0,0.0,2.0,3.0,711.0,3360.0,149.0,3360.0,7.0,0.12,0.0,1.0,0.0,1.0,0.0,0.0,1.0,0.12,0.0,0.0,0.0,0.0,0.0,0.0,0.0,0.0,0.0,0.0,0.0,1.0,0.0,0.0,0.0,0.0,0.0,0.0,0.0,0.0,0.0,0.0,0.0
5795367,2026-08-22T14:00:00.000Z,1,Premier League,Nottingham Forest,10203,Leeds United,8463,181069,Matz Sels,Nottingham Forest,10203,True,6.18,90.0,0.0,0.0,0.0,0.0,19.0,4544.0,10.0,26.0,0.0,2.0,0.0,35.0,0.0,6.0,4.0,0.0,0.0,3.0,18.0,0.0,0.0,0.0,0.0,0.0,0.0,0.0,9.0,0.0,1.0,1.0,0.0,0.0,0.0,0.0,1.0,0.0,90.0,4544.0,0.0,0.0,0.0,0.0,0.0,0.0,0.0,0.0,0.0,0.0,0.0,0.0,2.0,1.0,0.53,-0.47,2.0,1.0,0.0,0.0,6.0,0.0,1.0,1.0,0.0,0.0,0.0,0.0,0.0,0.0,0.0,0.0,0.0,0.0,0.0
5795367,2026-08-22T14:00:00.000Z,1,Premier League,Nottingham Forest,10203,Leeds United,8463,494417,Harry Wilson,Leeds United,8463,False,6.81,66.0,0.0,0.0,0.02,0.02,34.0,7859.0,13.0,15.0,1.0,3.0,2.0,24.0,2.0,4.0,3.0,1.0,3.0,3.0,3.0,1.0,0.0,2.0,0.0,0.0,0.0,0.0,0.0,0.0,3.0,5.0,0.0,0.0,0.0,1.0,3.0,2.0,1866.0,7859.0,99.0,7859.0,5.0,0.0,0.0,0.0,0.0,0.0,0.0,0.0,0.0,0.0,0.0,0.0,0.0,0.0,0.0,0.0,0.0,0.0,0.0,0.0,1.0,2.0,1.0,0.0,0.0,0.0,0.0,0.0,0.0,0.0,0.0,0.0,0.0
5795367,2026-08-22T14:00:00.000Z,1,Premier League,Nottingham Forest,10203,Leeds United,8463,517346,Nico Elvedi,Leeds United,8463,False,0.0,0.0,0.0,0.0,0.0,0.0,0.0,0.0,0.0,0.0,0.0,0.0,0.0,0.0,0.0,0.0,0.0,0.0,0.0,0.0,0.0,0.0,0.0,0.0,0.0,0.0,0.0,0.0,0.0,0.0,0.0,0.0,0.0,0.0,0.0,0.0,0.0,0.0,0.0,0.0,0.0,0.0,0.0,0.0,0.0,0.0,0.0,0.0,0.0,0.0,0.0,0.0,0.0,0.0,0.0,0.0,0.0,0.0,0.0,0.0,0.0,0.0,0.0,0.0,0.0,0.0,0.0,0.0,0.0,0.0,0.0,0.0,0.0,0.0,0.0
5795367,2026-08-22T14:00:00.000Z,1,Premier League,Nottingham Forest,10203,Leeds United,8463,612150,Dominic Calvert-Lewin,Leeds United,8463,False,6.48,90.0,0.0,0.0,0.0,0.13,30.799999237060547,10841.0,5.0,14.0,0.0,1.0,2.0,22.0,2.0,4.0,1.0,0.0,0.0,0.0,0.0,0.0,0.0,0.0,0.0,0.0,0.0,0.0,2.0,1.0,0.0,3.0,4.0,9.0,0.0,2.0,4.0,8.0,2275.0,10841.0,192.0,10841.0,11.0,0.13,0.0,3.0,0.0,1.0,2.0,0.0,1.0,0.13,0.0,0.0,0.0,0.0,0.0,0.0,0.0,0.0,0.0,0.0,0.0,0.0,2.0,0.0,0.0,0.0,0.0,0.0,0.0,0.0,0.0,0.0,0.0
5795367,2026-08-22T14:00:00.000Z,1,Premier League,Nottingham Forest,10203,Leeds United,8463,620027,Xaver Schlager,Nottingham Forest,10203,False,6.13,16.0,0.0,0.0,0.0,0.0,31.899999618530273,2239.0,9.0,10.0,0.0,1.0,1.0,11.0,1.0,2.0,1.0,0.0,1.0,1.0,1.0,0.0,0.0,0.0,0.0,0.0,0.0,0.0,1.0,0.0,0.0,0.0,0.0,0.0,0.0,0.0,0.0,0.0,623.0,2239.0,32.0,2239.0,1.0,0.0,0.0,0.0,0.0,0.0,0.0,0.0,0.0,0.0,0.0,0.0,0.0,0.0,0.0,0.0,0.0,0.0,0.0,0.0,0.0,0.0,0.0,0.0,0.0,0.0,0.0,0.0,0.0,0.0,0.0,0.0,0.0
5795367,2026-08-22T14:00:00.000Z,1,Premier League,Nottingham Forest,10203,Leeds United,8463,637656,Lucas Perri,Leeds United,8463,True,0.0,0.0,0.0,0.0,0.0,0.0,0.0,0.0,0.0,0.0,0.0,0.0,0.0,0.0,0.0,0.0,0.0,0.0,0.0,0.0,0.0,0.0,0.0,0.0,0.0,0.0,0.0,0.0,0.0,0.0,0.0,0.0,0.0,0.0,0.0,0.0,0.0,0.0,0.0,0.0,0.0,0.0,0.0,0.0,0.0,0.0,0.0,0.0,0.0,0.0,0.0,0.0,0.0,0.0,0.0,0.0,0.0,0.0,0.0,0.0,0.0,0.0,0.0,0.0,0.0,0.0,0.0,0.0,0.0,0.0,0.0,0.0,0.0,0.0,0.0
5795367,2026-08-22T14:00:00.000Z,1,Premier League,Nottingham Forest,10203,Leeds United,8463,682548,Ola Aina,Nottingham Forest,10203,False,7.03,74.0,0.0,0.0,0.17,0.21000000000000002,30.899999618530273,8119.0,17.0,26.0,3.0,5.0,2.0,57.0,1.0,6.0,4.0,1.0,4.0,2.0,5.0,0.0,1.0,0.0,0.0,2.0,2.0,0.0,4.0,0.0,3.0,7.0,2.0,4.0,0.0,1.0,5.0,6.0,1531.0,8119.0,254.0,8119.0,11.0,0.04,0.11,2.0,1.0,0.0,1.0,1.0,1.0,0.04,0.0,0.0,0.0,0.0,0.0,0.0,0.0,0.0,0.0,0.0,3.0,5.0,0.0,0.0,0.0,0.0,0.0,0.0,0.0,0.0,0.0,0.0,0.0
5795367,2026-08-22T14:00:00.000Z,1,Premier League,Nottingham Forest,10203,Leeds United,8463,710158,James Justin,Leeds United,8463,False,7.57,90.0,0.0,0.0,0.01,0.01,33.0,11263.0,13.0,20.0,0.0,10.0,12.0,42.0,1.0,3.0,3.0,0.0,1.0,1.0,2.0,0.0,0.0,6.0,1.0,4.0,3.0,1.0,4.0,1.0,8.0,10.0,4.0,7.0,2.0,1.0,12.0,5.0,2383.0,11263.0,178.0,11263.0,8.0,0.0,0.0,0.0,0.0,0.0,0.0,0.0,0.0,0.0,0.0,0.0,0.0,0.0,0.0,0.0,0.0,0.0,0.0,0.0,0.0,0.0,0.0,0.0,0.0,0.0,0.0,0.0,0.0,0.0,0.0,0.0,0.0
5795367,2026-08-22T14:00:00.000Z,1,Premier League,Nottingham Forest,10203,Leeds United,8463,717174,Joe Rodon,Leeds United,8463,False,7.34,90.0,0.0,0.0,0.06,0.09,34.70000076293945,10543.0,18.0,25.0,1.0,6.0,7.0,41.0,1.0,6.0,5.0,1.0,1.0,0.0,1.0,0.0,0.0,1.0,0.0,5.0,3.0,1.0,1.0,0.0,2.0,5.0,4.0,4.0,1.0,2.0,6.0,3.0,2043.0,10543.0,168.0,10543.0,9.0,0.03,0.0,1.0,0.0,0.0,1.0,0.0,0.0,0.03,0.0,0.0,0.0,0.0,0.0,0.0,0.0,0.0,0.0,0.0,0.0,1.0,0.0,0.0,0.0,0.0,0.0,0.0,0.0,0.0,0.0,0.0,0.0
5795367,2026-08-22T14:00:00.000Z,1,Premier League,Nottingham Forest,10203,Leeds United,8463,717176,Daniel James,Leeds United,8463,False,0.0,0.0,0.0,0.0,0.0,0.0,0.0,0.0,0.0,0.0,0.0,0.0,0.0,0.0,0.0,0.0,0.0,0.0,0.0,0.0,0.0,0.0,0.0,0.0,0.0,0.0,0.0,0.0,0.0,0.0,0.0,0.0,0.0,0.0,0.0,0.0,0.0,0.0,0.0,0.0,0.0,0.0,0.0,0.0,0.0,0.0,0.0,0.0,0.0,0.0,0.0,0.0,0.0,0.0,0.0,0.0,0.0,0.0,0.0,0.0,0.0,0.0,0.0,0.0,0.0,0.0,0.0,0.0,0.0,0.0,0.0,0.0,0.0,0.0,0.0
5795367,2026-08-22T14:00:00.000Z,1,Premier League,Nottingham Forest,10203,Leeds United,8463,749834,John Victor,Nottingham Forest,10203,True,0.0,0.0,0.0,0.0,0.0,0.0,0.0,0.0,0.0,0.0,0.0,0.0,0.0,0.0,0.0,0.0,0.0,0.0,0.0,0.0,0.0,0.0,0.0,0.0,0.0,0.0,0.0,0.0,0.0,0.0,0.0,0.0,0.0,0.0,0.0,0.0,0.0,0.0,0.0,0.0,0.0,0.0,0.0,0.0,0.0,0.0,0.0,0.0,0.0,0.0,0.0,0.0,0.0,0.0,0.0,0.0,0.0,0.0,0.0,0.0,0.0,0.0,0.0,0.0,0.0,0.0,0.0,0.0,0.0,0.0,0.0,0.0,0.0,0.0,0.0
5795367,2026-08-22T14:00:00.000Z,1,Premier League,Nottingham Forest,10203,Leeds United,8463,766611,Nikola Milenkovic,Nottingham Forest,10203,False,6.58,90.0,0.0,0.0,0.02,0.13,29.600000381469727,9966.0,34.0,45.0,0.0,2.0,7.0,61.0,5.0,5.0,5.0,0.0,0.0,2.0,9.0,0.0,2.0,0.0,0.0,7.0,5.0,0.0,6.0,2.0,1.0,8.0,7.0,10.0,1.0,3.0,8.0,10.0,1871.0,9966.0,110.0,9966.0,7.0,0.11,0.0,2.0,0.0,2.0,0.0,0.0,2.0,0.11,0.0,0.0,0.0,0.0,0.0,0.0,0.0,0.0,0.0,0.0,0.0,0.0,0.0,0.0,0.0,0.0,0.0,1.0,0.0,0.0,0.0,0.0,0.0
5795367,2026-08-22T14:00:00.000Z,1,Premier League,Nottingham Forest,10203,Leeds United,8463,780432,Ethan Ampadu,Leeds United,8463,False,7.59,90.0,0.0,0.0,0.04,0.04,32.599998474121094,10974.0,41.0,51.0,2.0,5.0,13.0,70.0,0.0,6.0,10.0,0.0,0.0,2.0,6.0,0.0,0.0,2.0,0.0,3.0,3.0,3.0,5.0,3.0,5.0,10.0,0.0,2.0,2.0,2.0,5.0,7.0,2383.0,10974.0,215.0,10974.0,10.0,0.0,0.0,0.0,0.0,0.0,0.0,0.0,0.0,0.0,0.0,0.0,0.0,0.0,0.0,0.0,0.0,0.0,0.0,0.0,1.0,1.0,0.0,0.0,0.0,0.0,0.0,0.0,0.0,0.0,0.0,0.0,0.0
5795367,2026-08-22T14:00:00.000Z,1,Premier League,Nottingham Forest,10203,Leeds United,8463,789502,Morgan Gibbs-White,Nottingham Forest,10203,False,6.29,90.0,0.0,0.0,0.06,0.19,29.0,10238.0,32.0,38.0,0.0,2.0,3.0,68.0,6.0,5.0,4.0,0.0,4.0,4.0,6.0,0.0,2.0,0.0,0.0,0.0,0.0,1.0,2.0,1.0,5.0,12.0,0.0,0.0,2.0,1.0,5.0,7.0,2252.0,10238.0,158.0,10238.0,6.0,0.13,0.0,3.0,0.0,3.0,0.0,0.0,3.0,0.13,0.0,0.0,0.0,0.0,0.0,0.0,0.0,0.0,0.0,0.0,3.0,6.0,1.0,0.0,0.0,0.0,0.0,0.0,0.0,0.0,0.0,0.0,0.0
5795367,2026-08-22T14:00:00.000Z,1,Premier League,Nottingham Forest,10203,Leeds United,8463,789646,Jayden Bogle,Leeds United,8463,False,6.98,90.0,0.0,0.0,0.0,0.0,30.399999618530273,10844.0,16.0,23.0,0.0,6.0,3.0,39.0,0.0,4.0,3.0,0.0,0.0,0.0,4.0,0.0,0.0,1.0,0.0,1.0,1.0,1.0,3.0,1.0,5.0,8.0,0.0,2.0,3.0,1.0,5.0,5.0,2800.0,10844.0,271.0,10844.0,13.0,0.0,0.0,0.0,0.0,0.0,0.0,0.0,0.0,0.0,0.0,0.0,0.0,0.0,0.0,0.0,0.0,0.0,0.0,0.0,1.0,2.0,0.0,0.0,0.0,0.0,0.0,0.0,0.0,0.0,0.0,0.0,0.0
5795367,2026-08-22T14:00:00.000Z,1,Premier League,Nottingham Forest,10203,Leeds United,8463,795371,Ibrahim Sangaré,Nottingham Forest,10203,False,6.64,90.0,0.0,0.0,0.01,0.04,30.600000381469727,10965.0,42.0,53.0,1.0,2.0,6.0,61.0,1.0,7.0,13.0,0.0,0.0,3.0,7.0,0.0,0.0,0.0,3.0,0.0,0.0,0.0,3.0,0.0,2.0,4.0,3.0,3.0,1.0,2.0,5.0,2.0,2565.0,10965.0,135.0,10965.0,5.0,0.03,0.0,1.0,0.0,1.0,0.0,0.0,1.0,0.03,0.0,0.0,0.0,0.0,0.0,0.0,0.0,0.0,0.0,0.0,1.0,1.0,0.0,0.0,0.0,0.0,0.0,0.0,0.0,0.0,0.0,0.0,0.0
5795367,2026-08-22T14:00:00.000Z,1,Premier League,Nottingham Forest,10203,Leeds United,8463,820024,Sean Longstaff,Leeds United,8463,False,0.0,8.0,0.0,0.0,0.0,0.0,25.700000762939453,1497.0,2.0,2.0,0.0,1.0,0.0,2.0,0.0,0.0,0.0,0.0,0.0,0.0,0.0,0.0,0.0,0.0,0.0,0.0,0.0,0.0,0.0,0.0,0.0,0.0,0.0,0.0,0.0,0.0,0.0,0.0,474.0,1497.0,10.0,1497.0,1.0,0.0,0.0,0.0,0.0,0.0,0.0,0.0,0.0,0.0,0.0,0.0,0.0,0.0,0.0,0.0,0.0,0.0,0.0,0.0,0.0,0.0,0.0,0.0,0.0,0.0,0.0,0.0,0.0,0.0,0.0,0.0,0.0
5795367,2026-08-22T14:00:00.000Z,1,Premier League,Nottingham Forest,10203,Leeds United,8463,827315,Nicolás Dominguez,Nottingham Forest,10203,False,0.0,0.0,0.0,0.0,0.0,0.0,0.0,0.0,0.0,0.0,0.0,0.0,0.0,0.0,0.0,0.0,0.0,0.0,0.0,0.0,0.0,0.0,0.0,0.0,0.0,0.0,0.0,0.0,0.0,0.0,0.0,0.0,0.0,0.0,0.0,0.0,0.0,0.0,0.0,0.0,0.0,0.0,0.0,0.0,0.0,0.0,0.0,0.0,0.0,0.0,0.0,0.0,0.0,0.0,0.0,0.0,0.0,0.0,0.0,0.0,0.0,0.0,0.0,0.0,0.0,0.0,0.0,0.0,0.0,0.0,0.0,0.0,0.0,0.0,0.0
5795367,2026-08-22T14:00:00.000Z,1,Premier League,Nottingham Forest,10203,Leeds United,8463,846383,Callum Hudson-Odoi,Nottingham Forest,10203,False,0.0,0.0,0.0,0.0,0.0,0.0,0.0,0.0,0.0,0.0,0.0,0.0,0.0,0.0,0.0,0.0,0.0,0.0,0.0,0.0,0.0,0.0,0.0,0.0,0.0,0.0,0.0,0.0,0.0,0.0,0.0,0.0,0.0,0.0,0.0,0.0,0.0,0.0,0.0,0.0,0.0,0.0,0.0,0.0,0.0,0.0,0.0,0.0,0.0,0.0,0.0,0.0,0.0,0.0,0.0,0.0,0.0,0.0,0.0,0.0,0.0,0.0,0.0,0.0,0.0,0.0,0.0,0.0,0.0,0.0,0.0,0.0,0.0,0.0,0.0
5795367,2026-08-22T14:00:00.000Z,1,Premier League,Nottingham Forest,10203,Leeds United,8463,861197,Lukas Nmecha,Leeds United,8463,False,0.0,0.0,0.0,0.0,0.0,0.0,0.0,0.0,0.0,0.0,0.0,0.0,0.0,0.0,0.0,0.0,0.0,0.0,0.0,0.0,0.0,0.0,0.0,0.0,0.0,0.0,0.0,0.0,0.0,0.0,0.0,0.0,0.0,0.0,0.0,0.0,0.0,0.0,0.0,0.0,0.0,0.0,0.0,0.0,0.0,0.0,0.0,0.0,0.0,0.0,0.0,0.0,0.0,0.0,0.0,0.0,0.0,0.0,0.0,0.0,0.0,0.0,0.0,0.0,0.0,0.0,0.0,0.0,0.0,0.0,0.0,0.0,0.0,0.0,0.0
5795367,2026-08-22T14:00:00.000Z,1,Premier League,Nottingham Forest,10203,Leeds United,8463,861805,Jaka Bijol,Leeds United,8463,False,8.02,90.0,0.0,0.0,0.0,0.11,30.299999237060547,9677.0,44.0,55.0,0.0,10.0,12.0,72.0,3.0,5.0,12.0,0.0,1.0,3.0,5.0,0.0,0.0,1.0,0.0,9.0,7.0,2.0,5.0,0.0,2.0,2.0,7.0,14.0,1.0,1.0,9.0,7.0,1759.0,9677.0,138.0,9677.0,4.0,0.11,0.0,2.0,0.0,0.0,2.0,0.0,0.0,0.11,0.0,0.0,0.0,0.0,0.0,0.0,0.0,0.0,0.0,0.0,0.0,0.0,0.0,0.0,0.0,0.0,0.0,0.0,1.0,0.0,0.0,0.0,0.0
5795367,2026-08-22T14:00:00.000Z,1,Premier League,Nottingham Forest,10203,Leeds United,8463,881735,Anton Stach,Leeds United,8463,False,8.35,90.0,1.0,0.0,0.05,0.15000000000000002,31.600000381469727,11234.0,17.0,31.0,0.0,13.0,16.0,57.0,3.0,12.0,5.0,0.0,1.0,2.0,5.0,1.0,1.0,3.0,0.0,4.0,3.0,4.0,5.0,1.0,7.0,12.0,2.0,2.0,4.0,2.0,9.0,5.0,2387.0,11234.0,150.0,11234.0,7.0,0.1,0.08,3.0,1.0,1.0,1.0,1.0,2.0,0.1,0.0,0.0,0.0,0.0,0.0,0.0,0.0,0.0,0.0,0.0,0.0,1.0,0.0,0.0,0.0,0.0,0.0,0.0,0.0,0.0,0.0,0.0,0.0
5795367,2026-08-22T14:00:00.000Z,1,Premier League,Nottingham Forest,10203,Leeds United,8463,915797,Noah Okafor,Leeds United,8463,False,7.01,24.0,0.0,0.0,0.16,0.16,29.600000381469727,2911.0,0.0,3.0,1.0,1.0,5.0,10.0,2.0,1.0,0.0,1.0,1.0,0.0,1.0,0.0,0.0,2.0,0.0,0.0,0.0,1.0,2.0,1.0,4.0,7.0,0.0,0.0,0.0,1.0,4.0,3.0,661.0,2911.0,100.0,2911.0,6.0,0.0,0.0,0.0,0.0,0.0,0.0,0.0,0.0,0.0,0.0,0.0,0.0,0.0,0.0,0.0,0.0,0.0,0.0,0.0,2.0,3.0,0.0,0.0,0.0,0.0,0.0,0.0,0.0,0.0,0.0,0.0,0.0
5795367,2026-08-22T14:00:00.000Z,1,Premier League,Nottingham Forest,10203,Leeds United,8463,935728,Ao Tanaka,Leeds United,8463,False,0.0,0.0,0.0,0.0,0.0,0.0,0.0,0.0,0.0,0.0,0.0,0.0,0.0,0.0,0.0,0.0,0.0,0.0,0.0,0.0,0.0,0.0,0.0,0.0,0.0,0.0,0.0,0.0,0.0,0.0,0.0,0.0,0.0,0.0,0.0,0.0,0.0,0.0,0.0,0.0,0.0,0.0,0.0,0.0,0.0,0.0,0.0,0.0,0.0,0.0,0.0,0.0,0.0,0.0,0.0,0.0,0.0,0.0,0.0,0.0,0.0,0.0,0.0,0.0,0.0,0.0,0.0,0.0,0.0,0.0,0.0,0.0,0.0,0.0,0.0
5795367,2026-08-22T14:00:00.000Z,1,Premier League,Nottingham Forest,10203,Leeds United,8463,952322,Brenden Aaronson,Leeds United,8463,False,6.96,82.0,0.0,0.0,0.01,0.02,31.700000762939453,10052.0,11.0,15.0,0.0,3.0,7.0,31.0,0.0,2.0,3.0,0.0,0.0,0.0,0.0,0.0,2.0,1.0,0.0,0.0,0.0,0.0,6.0,2.0,5.0,9.0,2.0,7.0,2.0,0.0,7.0,9.0,2157.0,10052.0,270.0,10052.0,14.0,0.01,0.03,1.0,1.0,0.0,0.0,1.0,1.0,0.01,0.0,0.0,0.0,0.0,0.0,0.0,0.0,0.0,0.0,0.0,2.0,2.0,0.0,0.0,0.0,0.0,0.0,0.0,0.0,0.0,0.0,0.0,0.0
5795367,2026-08-22T14:00:00.000Z,1,Premier League,Nottingham Forest,10203,Leeds United,8463,1022649,Dan Ndoye,Nottingham Forest,10203,False,6.04,62.0,0.0,0.0,0.0,0.0,34.099998474121094,7416.0,6.0,10.0,0.0,3.0,3.0,17.0,0.0,2.0,1.0,0.0,0.0,0.0,1.0,0.0,0.0,1.0,0.0,1.0,1.0,0.0,1.0,0.0,2.0,5.0,1.0,1.0,1.0,2.0,3.0,3.0,1619.0,7416.0,252.0,7416.0,13.0,0.0,0.0,0.0,0.0,0.0,0.0,0.0,0.0,0.0,0.0,0.0,0.0,0.0,0.0,0.0,0.0,0.0,0.0,0.0,0.0,1.0,0.0,0.0,0.0,0.0,0.0,0.0,0.0,0.0,0.0,0.0,0.0
5795367,2026-08-22T14:00:00.000Z,1,Premier League,Nottingham Forest,10203,Leeds United,8463,1078788,Neco Williams,Nottingham Forest,10203,False,7.01,90.0,0.0,0.0,0.02,0.02,31.299999237060547,10565.0,18.0,27.0,0.0,2.0,6.0,55.0,3.0,1.0,4.0,1.0,4.0,1.0,2.0,0.0,1.0,3.0,0.0,3.0,3.0,0.0,10.0,1.0,5.0,8.0,2.0,6.0,1.0,1.0,7.0,7.0,2100.0,10565.0,267.0,10565.0,12.0,0.0,0.0,0.0,0.0,0.0,0.0,0.0,0.0,0.0,0.0,0.0,0.0,0.0,0.0,0.0,0.0,0.0,0.0,0.0,1.0,1.0,1.0,0.0,0.0,0.0,0.0,0.0,0.0,0.0,0.0,0.0,0.0
5795367,2026-08-22T14:00:00.000Z,1,Premier League,Nottingham Forest,10203,Leeds United,8463,1082102,Igor Jesus,Nottingham Forest,10203,False,6.02,90.0,0.0,0.0,0.02,0.24,30.899999618530273,10619.0,18.0,23.0,0.0,2.0,3.0,40.0,4.0,0.0,5.0,0.0,0.0,1.0,1.0,0.0,2.0,0.0,0.0,2.0,2.0,0.0,1.0,1.0,2.0,7.0,10.0,17.0,3.0,1.0,12.0,12.0,2356.0,10619.0,277.0,10619.0,15.0,0.22,0.22,3.0,1.0,1.0,1.0,1.0,2.0,0.22,0.0,0.0,0.0,0.0,0.0,0.0,0.0,0.0,0.0,0.0,0.0,1.0,1.0,0.0,0.0,0.0,0.0,0.0,0.0,0.0,0.0,0.0,0.0
5795367,2026-08-22T14:00:00.000Z,1,Premier League,Nottingham Forest,10203,Leeds United,8463,1095445,Arnaud Kalimuendo-Muinga,Nottingham Forest,10203,False,0.0,1.0,0.0,0.0,0.0,0.0,26.100000381469727,150.0,0.0,0.0,0.0,1.0,0.0,0.0,0.0,0.0,0.0,0.0,0.0,0.0,0.0,0.0,0.0,0.0,0.0,0.0,0.0,0.0,0.0,0.0,0.0,0.0,0.0,0.0,0.0,0.0,0.0,0.0,24.0,150.0,8.0,150.0,1.0,0.0,0.0,0.0,0.0,0.0,0.0,0.0,0.0,0.0,0.0,0.0,0.0,0.0,0.0,0.0,0.0,0.0,0.0,0.0,0.0,0.0,0.0,0.0,0.0,0.0,0.0,0.0,0.0,0.0,0.0,0.0,0.0
5795367,2026-08-22T14:00:00.000Z,1,Premier League,Nottingham Forest,10203,Leeds United,8463,1107648,James McAtee,Nottingham Forest,10203,False,7.27,74.0,0.0,0.0,0.16,0.16,31.600000381469727,9169.0,32.0,37.0,3.0,3.0,8.0,51.0,0.0,7.0,7.0,2.0,5.0,2.0,3.0,3.0,0.0,1.0,0.0,2.0,1.0,0.0,5.0,1.0,3.0,4.0,3.0,3.0,2.0,0.0,6.0,1.0,2223.0,9169.0,175.0,9169.0,8.0,0.0,0.0,0.0,0.0,0.0,0.0,0.0,0.0,0.0,0.0,0.0,0.0,0.0,0.0,0.0,0.0,0.0,0.0,0.0,0.0,0.0,0.0,0.0,0.0,0.0,0.0,0.0,0.0,0.0,0.0,0.0,0.0
5795367,2026-08-22T14:00:00.000Z,1,Premier League,Nottingham Forest,10203,Leeds United,8463,1155130,Luca Netz,Nottingham Forest,10203,False,6.02,16.0,0.0,0.0,0.0,0.0,27.0,2125.0,7.0,9.0,0.0,1.0,0.0,11.0,0.0,2.0,2.0,0.0,0.0,1.0,3.0,0.0,0.0,0.0,0.0,0.0,0.0,0.0,1.0,0.0,0.0,1.0,0.0,0.0,0.0,1.0,0.0,1.0,475.0,2125.0,19.0,2125.0,1.0,0.0,0.0,0.0,0.0,0.0,0.0,0.0,0.0,0.0,0.0,0.0,0.0,0.0,0.0,0.0,0.0,0.0,0.0,0.0,0.0,0.0,0.0,0.0,0.0,0.0,0.0,0.0,0.0,0.0,0.0,0.0,0.0
5795367,2026-08-22T14:00:00.000Z,1,Premier League,Nottingham Forest,10203,Leeds United,8463,1187213,James Trafford,Leeds United,8463,True,7.7,90.0,0.0,0.0,0.0,0.0,25.899999618530273,5138.0,19.0,35.0,0.0,9.0,0.0,44.0,0.0,11.0,12.0,0.0,0.0,10.0,26.0,0.0,0.0,0.0,0.0,0.0,0.0,0.0,9.0,0.0,0.0,0.0,0.0,0.0,0.0,0.0,0.0,1.0,149.0,5138.0,6.0,5138.0,0.0,0.0,0.0,0.0,0.0,0.0,0.0,0.0,0.0,0.0,3.0,0.0,0.33,0.33,1.0,1.0,3.0,0.0,5.0,1.0,0.0,0.0,0.0,0.0,0.0,0.0,0.0,0.0,0.0,0.0,0.0,0.0,0.0
5795367,2026-08-22T14:00:00.000Z,1,Premier League,Nottingham Forest,10203,Leeds United,8463,1250485,Tarik Muharemovic,Leeds United,8463,False,6.99,90.0,0.0,0.0,0.0,0.09,31.399999618530273,10289.0,33.0,37.0,0.0,6.0,7.0,46.0,1.0,5.0,6.0,0.0,0.0,3.0,5.0,0.0,0.0,0.0,0.0,5.0,3.0,2.0,1.0,0.0,0.0,1.0,2.0,7.0,0.0,1.0,2.0,6.0,2071.0,10289.0,138.0,10289.0,8.0,0.09,0.43,1.0,1.0,0.0,0.0,1.0,1.0,0.09,0.0,0.0,0.0,0.0,0.0,0.0,0.0,0.0,0.0,0.0,0.0,0.0,0.0,0.0,0.0,0.0,0.0,0.0,0.0,0.0,0.0,0.0,0.0
5795367,2026-08-22T14:00:00.000Z,1,Premier League,Nottingham Forest,10203,Leeds United,8463,1296769,Zach Abbott,Nottingham Forest,10203,False,0.0,0.0,0.0,0.0,0.0,0.0,0.0,0.0,0.0,0.0,0.0,0.0,0.0,0.0,0.0,0.0,0.0,0.0,0.0,0.0,0.0,0.0,0.0,0.0,0.0,0.0,0.0,0.0,0.0,0.0,0.0,0.0,0.0,0.0,0.0,0.0,0.0,0.0,0.0,0.0,0.0,0.0,0.0,0.0,0.0,0.0,0.0,0.0,0.0,0.0,0.0,0.0,0.0,0.0,0.0,0.0,0.0,0.0,0.0,0.0,0.0,0.0,0.0,0.0,0.0,0.0,0.0,0.0,0.0,0.0,0.0,0.0,0.0,0.0,0.0
5795367,2026-08-22T14:00:00.000Z,1,Premier League,Nottingham Forest,10203,Leeds United,8463,1391209,Jair Cunha,Nottingham Forest,10203,False,6.11,90.0,0.0,0.0,0.0,0.0,30.700000762939453,10132.0,38.0,43.0,0.0,1.0,8.0,60.0,0.0,3.0,7.0,0.0,1.0,2.0,5.0,0.0,0.0,1.0,2.0,4.0,3.0,1.0,0.0,1.0,3.0,7.0,0.0,3.0,2.0,2.0,3.0,7.0,1664.0,10132.0,105.0,10132.0,4.0,0.0,0.0,0.0,0.0,0.0,0.0,0.0,0.0,0.0,0.0,0.0,0.0,0.0,0.0,0.0,0.0,0.0,0.0,0.0,0.0,1.0,0.0,0.0,0.0,0.0,0.0,0.0,0.0,0.0,0.0,0.0,0.0
5795367,2026-08-22T14:00:00.000Z,1,Premier League,Nottingham Forest,10203,Leeds United,8463,1425182,Ousmane Diomande,Nottingham Forest,10203,False,0.0,0.0,0.0,0.0,0.0,0.0,0.0,0.0,0.0,0.0,0.0,0.0,0.0,0.0,0.0,0.0,0.0,0.0,0.0,0.0,0.0,0.0,0.0,0.0,0.0,0.0,0.0,0.0,0.0,0.0,0.0,0.0,0.0,0.0,0.0,0.0,0.0,0.0,0.0,0.0,0.0,0.0,0.0,0.0,0.0,0.0,0.0,0.0,0.0,0.0,0.0,0.0,0.0,0.0,0.0,0.0,0.0,0.0,0.0,0.0,0.0,0.0,0.0,0.0,0.0,0.0,0.0,0.0,0.0,0.0,0.0,0.0,0.0,0.0,0.0
5795367,2026-08-22T14:00:00.000Z,1,Premier League,Nottingham Forest,10203,Leeds United,8463,1458711,Murillo,Nottingham Forest,10203,False,7.18,89.0,0.0,0.0,0.28,0.28,30.600000381469727,9982.0,53.0,59.0,2.0,4.0,14.0,79.0,0.0,13.0,18.0,0.0,0.0,6.0,10.0,0.0,1.0,2.0,1.0,11.0,3.0,0.0,3.0,0.0,3.0,6.0,1.0,5.0,0.0,1.0,4.0,7.0,1891.0,9982.0,118.0,9982.0,6.0,0.0,0.0,0.0,0.0,0.0,0.0,0.0,0.0,0.0,0.0,0.0,0.0,0.0,0.0,0.0,0.0,0.0,0.0,0.0,1.0,2.0,0.0,0.0,0.0,0.0,0.0,0.0,0.0,0.0,0.0,0.0,0.0
5795367,2026-08-22T14:00:00.000Z,1,Premier League,Nottingham Forest,10203,Leeds United,8463,1559625,Alfie Cresswell,Leeds United,8463,False,0.0,0.0,0.0,0.0,0.0,0.0,0.0,0.0,0.0,0.0,0.0,0.0,0.0,0.0,0.0,0.0,0.0,0.0,0.0,0.0,0.0,0.0,0.0,0.0,0.0,0.0,0.0,0.0,0.0,0.0,0.0,0.0,0.0,0.0,0.0,0.0,0.0,0.0,0.0,0.0,0.0,0.0,0.0,0.0,0.0,0.0,0.0,0.0,0.0,0.0,0.0,0.0,0.0,0.0,0.0,0.0,0.0,0.0,0.0,0.0,0.0,0.0,0.0,0.0,0.0,0.0,0.0,0.0,0.0,0.0,0.0,0.0,0.0,0.0,0.0
5795367,2026-08-22T14:00:00.000Z,1,Premier League,Nottingham Forest,10203,Leeds United,8463,1797582,Jayden Lienou,Leeds United,8463,False,0.0,0.0,0.0,0.0,0.0,0.0,0.0,0.0,0.0,0.0,0.0,0.0,0.0,0.0,0.0,0.0,0.0,0.0,0.0,0.0,0.0,0.0,0.0,0.0,0.0,0.0,0.0,0.0,0.0,0.0,0.0,0.0,0.0,0.0,0.0,0.0,0.0,0.0,0.0,0.0,0.0,0.0,0.0,0.0,0.0,0.0,0.0,0.0,0.0,0.0,0.0,0.0,0.0,0.0,0.0,0.0,0.0,0.0,0.0,0.0,0.0,0.0,0.0,0.0,0.0,0.0,0.0,0.0,0.0,0.0,0.0,0.0,0.0,0.0,0.0
5795368,2026-08-22T16:30:00.000Z,1,Premier League,Brentford,9937,Tottenham Hotspur,8586,72241,Martin Dúbravka,Tottenham Hotspur,8586,True,0.0,0.0,0.0,0.0,0.0,0.0,0.0,0.0,0.0,0.0,0.0,0.0,0.0,0.0,0.0,0.0,0.0,0.0,0.0,0.0,0.0,0.0,0.0,0.0,0.0,0.0,0.0,0.0,0.0,0.0,0.0,0.0,0.0,0.0,0.0,0.0,0.0,0.0,0.0,0.0,0.0,0.0,0.0,0.0,0.0,0.0,0.0,0.0,0.0,0.0,0.0,0.0,0.0,0.0,0.0,0.0,0.0,0.0,0.0,0.0,0.0,0.0,0.0,0.0,0.0,0.0,0.0,0.0,0.0,0.0,0.0,0.0,0.0,0.0,0.0
5795368,2026-08-22T16:30:00.000Z,1,Premier League,Brentford,9937,Tottenham Hotspur,8586,184321,Callum Wilson,Brentford,9937,False,0.0,7.0,0.0,0.0,0.04,0.07,30.100000381469727,1403.0,1.0,1.0,1.0,1.0,0.0,4.0,1.0,0.0,0.0,0.0,0.0,0.0,0.0,0.0,0.0,0.0,0.0,0.0,0.0,0.0,0.0,0.0,0.0,0.0,1.0,1.0,0.0,0.0,1.0,0.0,428.0,1403.0,49.0,1403.0,2.0,0.03,0.0,1.0,0.0,0.0,1.0,0.0,0.0,0.03,0.0,0.0,0.0,0.0,0.0,0.0,0.0,0.0,0.0,0.0,0.0,0.0,0.0,0.0,0.0,0.0,0.0,0.0,0.0,0.0,0.0,0.0,0.0
5795368,2026-08-22T16:30:00.000Z,1,Premier League,Brentford,9937,Tottenham Hotspur,8586,276121,Ben Davies,Tottenham Hotspur,8586,False,0.0,0.0,0.0,0.0,0.0,0.0,0.0,0.0,0.0,0.0,0.0,0.0,0.0,0.0,0.0,0.0,0.0,0.0,0.0,0.0,0.0,0.0,0.0,0.0,0.0,0.0,0.0,0.0,0.0,0.0,0.0,0.0,0.0,0.0,0.0,0.0,0.0,0.0,0.0,0.0,0.0,0.0,0.0,0.0,0.0,0.0,0.0,0.0,0.0,0.0,0.0,0.0,0.0,0.0,0.0,0.0,0.0,0.0,0.0,0.0,0.0,0.0,0.0,0.0,0.0,0.0,0.0,0.0,0.0,0.0,0.0,0.0,0.0,0.0,0.0
5795368,2026-08-22T16:30:00.000Z,1,Premier League,Brentford,9937,Tottenham Hotspur,8586,357880,Andrew Robertson,Tottenham Hotspur,8586,False,7.03,90.0,0.0,0.0,0.06,0.06,32.900001525878906,9798.0,47.0,56.0,1.0,3.0,11.0,78.0,1.0,8.0,9.0,1.0,5.0,0.0,2.0,2.0,0.0,2.0,2.0,5.0,4.0,2.0,3.0,0.0,4.0,4.0,1.0,2.0,2.0,0.0,5.0,1.0,1961.0,9798.0,326.0,9798.0,16.0,0.0,0.0,0.0,0.0,0.0,0.0,0.0,0.0,0.0,0.0,0.0,0.0,0.0,0.0,0.0,0.0,0.0,0.0,0.0,0.0,0.0,0.0,1.0,0.0,0.0,0.0,0.0,1.0,0.0,0.0,0.0,0.0
5795368,2026-08-22T16:30:00.000Z,1,Premier League,Brentford,9937,Tottenham Hotspur,8586,493165,James Maddison,Tottenham Hotspur,8586,False,6.04,22.0,0.0,0.0,0.01,0.01,30.0,3172.0,15.0,16.0,0.0,1.0,2.0,29.0,4.0,3.0,5.0,1.0,1.0,0.0,0.0,0.0,1.0,0.0,0.0,1.0,0.0,0.0,1.0,0.0,2.0,7.0,0.0,1.0,2.0,0.0,2.0,6.0,506.0,3172.0,15.0,3172.0,1.0,0.0,0.0,0.0,0.0,0.0,0.0,0.0,0.0,0.0,0.0,0.0,0.0,0.0,0.0,0.0,0.0,0.0,0.0,0.0,0.0,4.0,0.0,0.0,0.0,0.0,0.0,0.0,0.0,0.0,0.0,0.0,0.0
5795368,2026-08-22T16:30:00.000Z,1,Premier League,Brentford,9937,Tottenham Hotspur,8586,552718,Kristoffer Ajer,Brentford,9937,False,7.81,90.0,0.0,0.0,0.02,0.13,32.79999923706055,10704.0,28.0,34.0,0.0,8.0,10.0,46.0,2.0,4.0,6.0,0.0,0.0,1.0,4.0,0.0,0.0,2.0,0.0,6.0,4.0,2.0,3.0,1.0,3.0,5.0,6.0,6.0,1.0,1.0,9.0,2.0,1796.0,10704.0,68.0,10704.0,3.0,0.11,0.12,1.0,1.0,0.0,0.0,1.0,1.0,0.11,0.0,0.0,0.0,0.0,0.0,0.0,0.0,0.0,0.0,0.0,0.0,0.0,0.0,0.0,0.0,0.0,0.0,0.0,0.0,0.0,0.0,0.0,0.0
5795368,2026-08-22T16:30:00.000Z,1,Premier League,Brentford,9937,Tottenham Hotspur,8586,562892,Rico Henry,Brentford,9937,False,0.0,0.0,0.0,0.0,0.0,0.0,0.0,0.0,0.0,0.0,0.0,0.0,0.0,0.0,0.0,0.0,0.0,0.0,0.0,0.0,0.0,0.0,0.0,0.0,0.0,0.0,0.0,0.0,0.0,0.0,0.0,0.0,0.0,0.0,0.0,0.0,0.0,0.0,0.0,0.0,0.0,0.0,0.0,0.0,0.0,0.0,0.0,0.0,0.0,0.0,0.0,0.0,0.0,0.0,0.0,0.0,0.0,0.0,0.0,0.0,0.0,0.0,0.0,0.0,0.0,0.0,0.0,0.0,0.0,0.0,0.0,0.0,0.0,0.0,0.0
5795368,2026-08-22T16:30:00.000Z,1,Premier League,Brentford,9937,Tottenham Hotspur,8586,591734,Dominic Solanke,Tottenham Hotspur,8586,False,5.76,22.0,0.0,0.0,0.0,0.07,28.299999237060547,3448.0,0.0,1.0,0.0,1.0,0.0,6.0,1.0,1.0,0.0,0.0,0.0,0.0,0.0,0.0,1.0,0.0,0.0,0.0,0.0,0.0,0.0,0.0,1.0,2.0,0.0,1.0,1.0,0.0,1.0,2.0,922.0,3448.0,35.0,3448.0,2.0,0.07,0.0,1.0,0.0,0.0,1.0,0.0,0.0,0.07,0.0,0.0,0.0,0.0,0.0,0.0,0.0,0.0,0.0,0.0,0.0,0.0,1.0,0.0,0.0,0.0,0.0,0.0,0.0,0.0,0.0,0.0,0.0
5795368,2026-08-22T16:30:00.000Z,1,Premier League,Brentford,9937,Tottenham Hotspur,8586,620618,Rodrigo Bentancur,Tottenham Hotspur,8586,False,5.96,45.0,0.0,0.0,0.01,0.01,31.5,5891.0,37.0,41.0,1.0,1.0,5.0,46.0,0.0,3.0,6.0,0.0,0.0,0.0,0.0,0.0,1.0,3.0,0.0,0.0,0.0,0.0,2.0,2.0,3.0,9.0,1.0,2.0,0.0,3.0,4.0,7.0,1182.0,5891.0,252.0,5891.0,7.0,0.0,0.0,0.0,0.0,0.0,0.0,0.0,0.0,0.0,0.0,0.0,0.0,0.0,0.0,0.0,0.0,0.0,0.0,0.0,0.0,0.0,0.0,0.0,0.0,0.0,0.0,0.0,0.0,1.0,0.0,0.0,0.0
5795368,2026-08-22T16:30:00.000Z,1,Premier League,Brentford,9937,Tottenham Hotspur,8586,650616,Mathias Jensen,Brentford,9937,False,7.29,67.0,0.0,0.0,0.34,0.42000000000000004,29.899999618530273,8667.0,26.0,27.0,3.0,6.0,5.0,41.0,2.0,2.0,6.0,3.0,5.0,2.0,2.0,1.0,1.0,2.0,0.0,0.0,0.0,0.0,3.0,1.0,2.0,7.0,0.0,1.0,0.0,3.0,2.0,6.0,2021.0,8667.0,167.0,8667.0,7.0,0.08,0.06,2.0,1.0,0.0,1.0,1.0,1.0,0.08,0.0,0.0,0.0,0.0,0.0,0.0,0.0,0.0,0.0,0.0,0.0,0.0,0.0,1.0,1.0,0.0,0.0,0.0,0.0,0.0,0.0,0.0,0.0
5795368,2026-08-22T16:30:00.000Z,1,Premier League,Brentford,9937,Tottenham Hotspur,8586,654908,Richarlison,Tottenham Hotspur,8586,False,5.77,68.0,0.0,0.0,0.0,0.0,31.299999237060547,7566.0,8.0,9.0,0.0,2.0,1.0,17.0,0.0,0.0,1.0,0.0,0.0,0.0,0.0,0.0,1.0,0.0,0.0,1.0,0.0,0.0,0.0,1.0,2.0,7.0,0.0,4.0,1.0,2.0,2.0,9.0,1502.0,7566.0,106.0,7566.0,5.0,0.0,0.0,0.0,0.0,0.0,0.0,0.0,0.0,0.0,0.0,0.0,0.0,0.0,0.0,0.0,0.0,0.0,0.0,0.0,1.0,2.0,0.0,0.0,0.0,0.0,0.0,0.0,0.0,0.0,0.0,0.0,0.0
5795368,2026-08-22T16:30:00.000Z,1,Premier League,Brentford,9937,Tottenham Hotspur,8586,688273,Vitaly Janelt,Brentford,9937,False,8.39,90.0,1.0,0.0,0.17,0.56,28.700000762939453,12058.0,33.0,37.0,2.0,9.0,13.0,58.0,3.0,2.0,9.0,4.0,5.0,2.0,2.0,4.0,1.0,4.0,1.0,1.0,0.0,4.0,3.0,3.0,5.0,13.0,0.0,0.0,1.0,4.0,5.0,8.0,2519.0,12058.0,133.0,12058.0,7.0,0.39,0.61,2.0,1.0,0.0,1.0,1.0,1.0,0.39,0.0,0.0,0.0,0.0,0.0,0.0,0.0,0.0,0.0,0.0,0.0,0.0,0.0,0.0,0.0,0.0,0.0,0.0,0.0,0.0,0.0,0.0,0.0
5795368,2026-08-22T16:30:00.000Z,1,Premier League,Brentford,9937,Tottenham Hotspur,8586,711357,Ethan Pinnock,Brentford,9937,False,0.0,0.0,0.0,0.0,0.0,0.0,0.0,0.0,0.0,0.0,0.0,0.0,0.0,0.0,0.0,0.0,0.0,0.0,0.0,0.0,0.0,0.0,0.0,0.0,0.0,0.0,0.0,0.0,0.0,0.0,0.0,0.0,0.0,0.0,0.0,0.0,0.0,0.0,0.0,0.0,0.0,0.0,0.0,0.0,0.0,0.0,0.0,0.0,0.0,0.0,0.0,0.0,0.0,0.0,0.0,0.0,0.0,0.0,0.0,0.0,0.0,0.0,0.0,0.0,0.0,0.0,0.0,0.0,0.0,0.0,0.0,0.0,0.0,0.0,0.0
5795368,2026-08-22T16:30:00.000Z,1,Premier League,Brentford,9937,Tottenham Hotspur,8586,754126,Kevin Danso,Tottenham Hotspur,8586,False,0.0,0.0,0.0,0.0,0.0,0.0,0.0,0.0,0.0,0.0,0.0,0.0,0.0,0.0,0.0,0.0,0.0,0.0,0.0,0.0,0.0,0.0,0.0,0.0,0.0,0.0,0.0,0.0,0.0,0.0,0.0,0.0,0.0,0.0,0.0,0.0,0.0,0.0,0.0,0.0,0.0,0.0,0.0,0.0,0.0,0.0,0.0,0.0,0.0,0.0,0.0,0.0,0.0,0.0,0.0,0.0,0.0,0.0,0.0,0.0,0.0,0.0,0.0,0.0,0.0,0.0,0.0,0.0,0.0,0.0,0.0,0.0,0.0,0.0,0.0
5795368,2026-08-22T16:30:00.000Z,1,Premier League,Brentford,9937,Tottenham Hotspur,8586,776689,Caoimhín Kelleher,Brentford,9937,True,8.11,90.0,0.0,0.0,0.01,0.01,23.399999618530273,5466.0,27.0,34.0,0.0,7.0,0.0,43.0,0.0,8.0,9.0,0.0,0.0,9.0,16.0,0.0,0.0,0.0,0.0,0.0,0.0,0.0,5.0,0.0,0.0,0.0,0.0,0.0,0.0,0.0,0.0,0.0,165.0,5466.0,0.0,0.0,0.0,0.0,0.0,0.0,0.0,0.0,0.0,0.0,0.0,0.0,4.0,0.0,0.61,0.61,1.0,3.0,0.0,0.0,3.0,1.0,0.0,0.0,0.0,0.0,0.0,0.0,0.0,0.0,0.0,0.0,0.0,0.0,0.0
5795368,2026-08-22T16:30:00.000Z,1,Premier League,Brentford,9937,Tottenham Hotspur,8586,785411,Marcos Senesi,Tottenham Hotspur,8586,False,6.98,90.0,0.0,0.0,0.02,0.02,31.799999237060547,9339.0,75.0,83.0,0.0,3.0,16.0,104.0,0.0,8.0,15.0,0.0,0.0,5.0,7.0,0.0,0.0,5.0,2.0,8.0,5.0,1.0,2.0,1.0,8.0,11.0,4.0,9.0,3.0,2.0,12.0,8.0,1584.0,9339.0,121.0,9339.0,8.0,0.0,0.0,0.0,0.0,0.0,0.0,0.0,0.0,0.0,0.0,0.0,0.0,0.0,0.0,0.0,0.0,0.0,0.0,0.0,0.0,0.0,1.0,0.0,0.0,0.0,0.0,0.0,1.0,0.0,0.0,0.0,0.0
5795368,2026-08-22T16:30:00.000Z,1,Premier League,Brentford,9937,Tottenham Hotspur,8586,850962,Hákon Rafn Valdimarsson,Brentford,9937,True,0.0,0.0,0.0,0.0,0.0,0.0,0.0,0.0,0.0,0.0,0.0,0.0,0.0,0.0,0.0,0.0,0.0,0.0,0.0,0.0,0.0,0.0,0.0,0.0,0.0,0.0,0.0,0.0,0.0,0.0,0.0,0.0,0.0,0.0,0.0,0.0,0.0,0.0,0.0,0.0,0.0,0.0,0.0,0.0,0.0,0.0,0.0,0.0,0.0,0.0,0.0,0.0,0.0,0.0,0.0,0.0,0.0,0.0,0.0,0.0,0.0,0.0,0.0,0.0,0.0,0.0,0.0,0.0,0.0,0.0,0.0,0.0,0.0,0.0,0.0
5795368,2026-08-22T16:30:00.000Z,1,Premier League,Brentford,9937,Tottenham Hotspur,8586,867414,Sandro Tonali,Tottenham Hotspur,8586,False,6.22,90.0,0.0,0.0,0.06,0.1,32.599998474121094,11659.0,56.0,63.0,0.0,2.0,4.0,76.0,0.0,10.0,14.0,0.0,2.0,1.0,2.0,0.0,1.0,1.0,0.0,0.0,0.0,0.0,3.0,0.0,2.0,4.0,0.0,0.0,1.0,1.0,2.0,2.0,2766.0,11659.0,179.0,11659.0,7.0,0.04,0.17,2.0,1.0,1.0,0.0,1.0,2.0,0.04,0.0,0.0,0.0,0.0,0.0,0.0,0.0,0.0,0.0,0.0,0.0,0.0,0.0,0.0,0.0,0.0,0.0,0.0,0.0,0.0,0.0,0.0,0.0
5795368,2026-08-22T16:30:00.000Z,1,Premier League,Brentford,9937,Tottenham Hotspur,8586,888912,Mikkel Damsgaard,Brentford,9937,False,6.5,14.0,0.0,0.0,0.11,0.11,25.799999237060547,2613.0,12.0,14.0,2.0,1.0,4.0,18.0,0.0,1.0,4.0,1.0,2.0,1.0,2.0,2.0,1.0,1.0,0.0,0.0,0.0,0.0,3.0,0.0,1.0,2.0,0.0,0.0,0.0,0.0,1.0,1.0,817.0,2613.0,12.0,2613.0,0.0,0.0,0.0,0.0,0.0,0.0,0.0,0.0,0.0,0.0,0.0,0.0,0.0,0.0,0.0,0.0,0.0,0.0,0.0,0.0,0.0,0.0,0.0,0.0,0.0,0.0,0.0,0.0,0.0,0.0,0.0,0.0,0.0
5795368,2026-08-22T16:30:00.000Z,1,Premier League,Brentford,9937,Tottenham Hotspur,8586,961306,Nathan Collins,Brentford,9937,False,7.29,90.0,0.0,0.0,0.04,0.38,27.700000762939453,10555.0,53.0,62.0,2.0,6.0,3.0,73.0,6.0,6.0,10.0,0.0,0.0,6.0,12.0,0.0,0.0,0.0,0.0,3.0,1.0,0.0,3.0,1.0,0.0,1.0,2.0,3.0,0.0,0.0,2.0,2.0,2046.0,10555.0,39.0,10555.0,2.0,0.34,0.0,2.0,0.0,1.0,1.0,0.0,1.0,0.34,0.0,0.0,0.0,0.0,0.0,0.0,0.0,0.0,0.0,0.0,0.0,0.0,1.0,0.0,1.0,0.0,0.0,0.0,0.0,0.0,0.0,0.0,0.0
5795368,2026-08-22T16:30:00.000Z,1,Premier League,Brentford,9937,Tottenham Hotspur,8586,966027,Conor Gallagher,Tottenham Hotspur,8586,False,6.07,45.0,0.0,0.0,0.06,0.08,28.0,6107.0,16.0,19.0,0.0,0.0,3.0,27.0,0.0,1.0,3.0,0.0,0.0,0.0,0.0,0.0,0.0,1.0,0.0,0.0,0.0,0.0,2.0,0.0,2.0,4.0,0.0,1.0,1.0,1.0,2.0,3.0,1524.0,6107.0,62.0,6107.0,3.0,0.02,0.0,1.0,0.0,1.0,0.0,0.0,1.0,0.02,0.0,0.0,0.0,0.0,0.0,0.0,0.0,0.0,0.0,0.0,0.0,1.0,0.0,0.0,0.0,0.0,0.0,0.0,0.0,0.0,0.0,0.0,0.0
5795368,2026-08-22T16:30:00.000Z,1,Premier League,Brentford,9937,Tottenham Hotspur,8586,974618,Jan Paul van Hecke,Tottenham Hotspur,8586,False,6.1,90.0,0.0,0.0,0.03,0.03,28.399999618530273,9686.0,59.0,61.0,0.0,1.0,9.0,76.0,1.0,11.0,20.0,0.0,0.0,2.0,4.0,0.0,0.0,2.0,2.0,5.0,4.0,0.0,3.0,0.0,3.0,4.0,4.0,8.0,1.0,1.0,7.0,5.0,1684.0,9686.0,150.0,9686.0,8.0,0.0,0.0,0.0,0.0,0.0,0.0,0.0,0.0,0.0,0.0,0.0,0.0,0.0,0.0,0.0,0.0,0.0,0.0,0.0,0.0,0.0,0.0,0.0,0.0,0.0,0.0,0.0,0.0,0.0,0.0,0.0,0.0
5795368,2026-08-22T16:30:00.000Z,1,Premier League,Brentford,9937,Tottenham Hotspur,8586,1002039,Aaron Hickey,Brentford,9937,False,6.11,14.0,0.0,0.0,0.0,0.0,30.399999618530273,2280.0,3.0,5.0,0.0,1.0,0.0,9.0,0.0,1.0,1.0,0.0,0.0,0.0,1.0,0.0,0.0,0.0,0.0,0.0,0.0,0.0,2.0,0.0,1.0,3.0,0.0,0.0,1.0,2.0,1.0,2.0,611.0,2280.0,60.0,2280.0,4.0,0.0,0.0,0.0,0.0,0.0,0.0,0.0,0.0,0.0,0.0,0.0,0.0,0.0,0.0,0.0,0.0,0.0,0.0,0.0,0.0,0.0,0.0,0.0,0.0,0.0,0.0,0.0,0.0,0.0,0.0,0.0,0.0
5795368,2026-08-22T16:30:00.000Z,1,Premier League,Brentford,9937,Tottenham Hotspur,8586,1010426,Keane Lewis-Potter,Brentford,9937,False,8.21,90.0,1.0,0.0,0.12,0.89,31.600000381469727,10808.0,29.0,33.0,1.0,10.0,10.0,53.0,1.0,7.0,9.0,1.0,4.0,1.0,4.0,0.0,1.0,1.0,0.0,2.0,2.0,2.0,5.0,0.0,2.0,6.0,2.0,3.0,0.0,1.0,4.0,5.0,1913.0,10808.0,279.0,10808.0,11.0,0.77,0.82,2.0,1.0,0.0,1.0,1.0,1.0,0.77,0.0,0.0,0.0,0.0,0.0,0.0,0.0,0.0,0.0,0.0,1.0,3.0,0.0,0.0,0.0,0.0,0.0,0.0,0.0,0.0,0.0,0.0,0.0
5795368,2026-08-22T16:30:00.000Z,1,Premier League,Brentford,9937,Tottenham Hotspur,8586,1052898,Destiny Udogie,Tottenham Hotspur,8586,False,0.0,4.0,0.0,0.0,0.02,0.02,31.299999237060547,1155.0,8.0,8.0,0.0,1.0,0.0,13.0,0.0,0.0,4.0,0.0,2.0,0.0,0.0,0.0,0.0,0.0,0.0,0.0,0.0,0.0,2.0,0.0,1.0,2.0,0.0,0.0,1.0,1.0,1.0,1.0,280.0,1155.0,54.0,1155.0,3.0,0.0,0.0,0.0,0.0,0.0,0.0,0.0,0.0,0.0,0.0,0.0,0.0,0.0,0.0,0.0,0.0,0.0,0.0,0.0,0.0,0.0,0.0,0.0,0.0,0.0,0.0,0.0,0.0,0.0,0.0,0.0,0.0
5795368,2026-08-22T16:30:00.000Z,1,Premier League,Brentford,9937,Tottenham Hotspur,8586,1083796,Kevin Schade,Brentford,9937,False,8.0,90.0,0.0,0.0,0.01,0.53,33.0,10207.0,11.0,20.0,1.0,3.0,9.0,41.0,8.0,8.0,7.0,0.0,0.0,1.0,1.0,0.0,3.0,3.0,0.0,1.0,1.0,0.0,5.0,0.0,6.0,10.0,4.0,6.0,2.0,0.0,10.0,6.0,1980.0,10207.0,407.0,10207.0,19.0,0.52,0.35,5.0,2.0,2.0,1.0,2.0,4.0,0.52,0.0,0.0,0.0,0.0,0.0,0.0,0.0,0.0,0.0,0.0,1.0,2.0,0.0,0.0,0.0,0.0,0.0,0.0,0.0,0.0,1.0,0.0,0.0
5795368,2026-08-22T16:30:00.000Z,1,Premier League,Brentford,9937,Tottenham Hotspur,8586,1157236,Yehor Yarmoliuk,Brentford,9937,False,6.65,23.0,0.0,0.0,0.0,0.04,28.600000381469727,3838.0,7.0,10.0,0.0,1.0,6.0,18.0,1.0,0.0,1.0,0.0,1.0,0.0,0.0,0.0,1.0,2.0,0.0,0.0,0.0,1.0,3.0,0.0,3.0,4.0,0.0,0.0,1.0,1.0,3.0,1.0,949.0,3838.0,42.0,3838.0,3.0,0.04,0.0,1.0,0.0,1.0,0.0,0.0,1.0,0.04,0.0,0.0,0.0,0.0,0.0,0.0,0.0,0.0,0.0,0.0,0.0,0.0,0.0,0.0,0.0,0.0,0.0,0.0,0.0,0.0,0.0,0.0,0.0
5795368,2026-08-22T16:30:00.000Z,1,Premier League,Brentford,9937,Tottenham Hotspur,8586,1171140,Jaidon Anthony,Brentford,9937,False,7.27,23.0,0.0,0.0,0.35,0.38,26.700000762939453,3475.0,6.0,7.0,3.0,1.0,8.0,15.0,0.0,1.0,2.0,1.0,2.0,0.0,0.0,0.0,0.0,2.0,0.0,0.0,0.0,0.0,6.0,0.0,3.0,5.0,0.0,0.0,0.0,1.0,3.0,2.0,1020.0,3475.0,37.0,3475.0,2.0,0.03,0.0,1.0,0.0,1.0,0.0,0.0,1.0,0.03,0.0,0.0,0.0,0.0,0.0,0.0,0.0,0.0,0.0,0.0,1.0,2.0,1.0,0.0,0.0,0.0,0.0,0.0,0.0,0.0,0.0,0.0,0.0
5795368,2026-08-22T16:30:00.000Z,1,Premier League,Brentford,9937,Tottenham Hotspur,8586,1185211,Mamadou Sangaré,Brentford,9937,False,8.35,76.0,0.0,1.0,0.33,0.38,28.5,9520.0,28.0,35.0,2.0,14.0,13.0,51.0,3.0,4.0,6.0,0.0,1.0,0.0,1.0,0.0,0.0,2.0,0.0,2.0,0.0,2.0,7.0,2.0,6.0,10.0,0.0,0.0,3.0,1.0,6.0,4.0,2168.0,9520.0,90.0,9520.0,7.0,0.05,0.18,1.0,1.0,0.0,0.0,1.0,1.0,0.05,0.0,0.0,0.0,0.0,0.0,0.0,0.0,0.0,0.0,0.0,1.0,2.0,0.0,1.0,0.0,0.0,0.0,0.0,0.0,0.0,0.0,0.0,0.0
5795368,2026-08-22T16:30:00.000Z,1,Premier League,Brentford,9937,Tottenham Hotspur,8586,1250253,Dango Ouattara,Brentford,9937,False,6.95,67.0,0.0,0.0,0.29,0.33999999999999997,33.20000076293945,7353.0,6.0,11.0,2.0,3.0,6.0,26.0,6.0,2.0,3.0,1.0,1.0,0.0,1.0,0.0,1.0,0.0,0.0,0.0,0.0,2.0,4.0,0.0,2.0,8.0,1.0,2.0,2.0,3.0,3.0,7.0,1355.0,7353.0,406.0,7353.0,16.0,0.05,0.0,2.0,0.0,2.0,0.0,0.0,2.0,0.05,0.0,0.0,0.0,0.0,0.0,0.0,0.0,0.0,0.0,0.0,0.0,2.0,1.0,0.0,0.0,0.0,0.0,0.0,0.0,0.0,0.0,0.0,0.0
5795368,2026-08-22T16:30:00.000Z,1,Premier League,Brentford,9937,Tottenham Hotspur,8586,1288111,Mathys Tel,Tottenham Hotspur,8586,False,7.12,90.0,0.0,0.0,0.06,0.12,33.70000076293945,9796.0,34.0,39.0,2.0,2.0,8.0,64.0,3.0,3.0,8.0,0.0,2.0,0.0,0.0,1.0,3.0,0.0,0.0,1.0,1.0,0.0,7.0,1.0,6.0,14.0,1.0,3.0,0.0,2.0,7.0,10.0,1609.0,9796.0,245.0,9796.0,11.0,0.06,0.0,2.0,0.0,1.0,1.0,0.0,1.0,0.06,0.0,0.0,0.0,0.0,0.0,0.0,0.0,0.0,0.0,0.0,6.0,8.0,0.0,0.0,0.0,0.0,0.0,0.0,0.0,0.0,0.0,0.0,0.0
5795368,2026-08-22T16:30:00.000Z,1,Premier League,Brentford,9937,Tottenham Hotspur,8586,1302005,Igor Thiago,Brentford,9937,False,6.56,83.0,0.0,0.0,0.08,1.08,34.20000076293945,9168.0,17.0,20.0,0.0,0.0,5.0,26.0,2.0,0.0,4.0,0.0,0.0,2.0,2.0,0.0,0.0,0.0,1.0,0.0,0.0,0.0,4.0,1.0,1.0,3.0,3.0,10.0,0.0,0.0,4.0,9.0,1555.0,9168.0,376.0,9168.0,15.0,1.0,0.0,2.0,0.0,2.0,0.0,0.0,2.0,0.21,0.0,0.0,0.0,0.0,0.0,0.0,0.0,0.0,0.0,0.0,1.0,2.0,0.0,0.0,1.0,0.0,0.0,1.0,0.0,0.0,0.0,1.0,0.0
5795368,2026-08-22T16:30:00.000Z,1,Premier League,Brentford,9937,Tottenham Hotspur,8586,1323305,Archie Gray,Tottenham Hotspur,8586,False,6.23,86.0,0.0,0.0,0.01,0.01,31.299999237060547,10144.0,33.0,40.0,0.0,2.0,5.0,50.0,0.0,7.0,7.0,0.0,0.0,0.0,1.0,0.0,0.0,1.0,0.0,1.0,0.0,1.0,2.0,1.0,4.0,5.0,1.0,1.0,2.0,0.0,5.0,1.0,2702.0,10144.0,241.0,10144.0,15.0,0.0,0.0,0.0,0.0,0.0,0.0,0.0,0.0,0.0,0.0,0.0,0.0,0.0,0.0,0.0,0.0,0.0,0.0,0.0,1.0,1.0,0.0,0.0,0.0,0.0,0.0,0.0,0.0,0.0,0.0,0.0,0.0
5795368,2026-08-22T16:30:00.000Z,1,Premier League,Brentford,9937,Tottenham Hotspur,8586,1341475,Antonín Kinsky,Tottenham Hotspur,8586,True,6.88,90.0,0.0,0.0,0.0,0.0,23.399999618530273,5987.0,31.0,43.0,0.0,2.0,4.0,60.0,0.0,3.0,9.0,0.0,0.0,4.0,15.0,0.0,0.0,0.0,0.0,4.0,0.0,0.0,12.0,0.0,0.0,0.0,1.0,1.0,0.0,0.0,1.0,0.0,93.0,5987.0,0.0,0.0,0.0,0.0,0.0,0.0,0.0,0.0,0.0,0.0,0.0,0.0,5.0,3.0,3.12,0.12,3.0,4.0,1.0,2.0,8.0,0.0,0.0,0.0,0.0,0.0,0.0,0.0,0.0,0.0,0.0,0.0,0.0,0.0,0.0
5795368,2026-08-22T16:30:00.000Z,1,Premier League,Brentford,9937,Tottenham Hotspur,8586,1356312,Mateus Fernandes,Tottenham Hotspur,8586,False,6.56,45.0,0.0,0.0,0.06,0.06,28.700000762939453,5966.0,34.0,37.0,2.0,1.0,2.0,44.0,1.0,0.0,2.0,0.0,0.0,2.0,2.0,0.0,1.0,1.0,0.0,0.0,0.0,0.0,1.0,0.0,2.0,4.0,0.0,1.0,0.0,1.0,2.0,3.0,1322.0,5966.0,118.0,5966.0,6.0,0.0,0.0,0.0,0.0,0.0,0.0,0.0,0.0,0.0,0.0,0.0,0.0,0.0,0.0,0.0,0.0,0.0,0.0,0.0,1.0,1.0,0.0,1.0,0.0,0.0,0.0,0.0,0.0,0.0,0.0,0.0,0.0
5795368,2026-08-22T16:30:00.000Z,1,Premier League,Brentford,9937,Tottenham Hotspur,8586,1386775,Lucas Bergvall,Tottenham Hotspur,8586,False,5.02,45.0,0.0,0.0,0.01,0.01,29.100000381469727,6129.0,18.0,20.0,0.0,1.0,8.0,27.0,1.0,1.0,2.0,0.0,1.0,0.0,0.0,0.0,1.0,1.0,0.0,0.0,0.0,0.0,7.0,0.0,2.0,4.0,0.0,0.0,0.0,0.0,2.0,2.0,1637.0,6129.0,75.0,6129.0,5.0,0.0,0.0,0.0,0.0,0.0,0.0,0.0,0.0,0.0,0.0,0.0,0.0,0.0,0.0,0.0,0.0,0.0,0.0,0.0,1.0,2.0,0.0,0.0,0.0,1.0,0.0,0.0,0.0,0.0,0.0,0.0,0.0
5795368,2026-08-22T16:30:00.000Z,1,Premier League,Brentford,9937,Tottenham Hotspur,8586,1407250,Mikey Moore,Tottenham Hotspur,8586,False,6.6,68.0,0.0,0.0,0.02,0.4,30.100000381469727,8052.0,11.0,13.0,0.0,2.0,2.0,23.0,5.0,0.0,1.0,1.0,1.0,0.0,0.0,0.0,0.0,1.0,0.0,0.0,0.0,0.0,1.0,0.0,4.0,4.0,0.0,2.0,1.0,0.0,4.0,2.0,2132.0,8052.0,92.0,8052.0,4.0,0.38,0.44,3.0,3.0,0.0,0.0,3.0,3.0,0.38,0.0,0.0,0.0,0.0,0.0,0.0,0.0,0.0,0.0,0.0,2.0,2.0,0.0,0.0,2.0,0.0,0.0,0.0,0.0,0.0,0.0,0.0,0.0
5795368,2026-08-22T16:30:00.000Z,1,Premier League,Brentford,9937,Tottenham Hotspur,8586,1429912,Michael Kayode,Brentford,9937,False,8.29,76.0,1.0,0.0,0.0,0.5,33.0,8863.0,9.0,10.0,0.0,13.0,4.0,39.0,4.0,0.0,4.0,0.0,0.0,0.0,0.0,0.0,0.0,0.0,0.0,1.0,0.0,3.0,5.0,3.0,4.0,8.0,4.0,4.0,3.0,0.0,8.0,4.0,1585.0,8863.0,264.0,8863.0,11.0,0.5,0.97,4.0,1.0,2.0,1.0,1.0,3.0,0.5,0.0,0.0,0.0,0.0,0.0,0.0,0.0,0.0,0.0,0.0,1.0,2.0,0.0,0.0,0.0,0.0,0.0,0.0,0.0,0.0,0.0,0.0,0.0
5795368,2026-08-22T16:30:00.000Z,1,Premier League,Brentford,9937,Tottenham Hotspur,8586,1572340,Jannik Schuster,Brentford,9937,False,0.0,0.0,0.0,0.0,0.0,0.0,0.0,0.0,0.0,0.0,0.0,0.0,0.0,0.0,0.0,0.0,0.0,0.0,0.0,0.0,0.0,0.0,0.0,0.0,0.0,0.0,0.0,0.0,0.0,0.0,0.0,0.0,0.0,0.0,0.0,0.0,0.0,0.0,0.0,0.0,0.0,0.0,0.0,0.0,0.0,0.0,0.0,0.0,0.0,0.0,0.0,0.0,0.0,0.0,0.0,0.0,0.0,0.0,0.0,0.0,0.0,0.0,0.0,0.0,0.0,0.0,0.0,0.0,0.0,0.0,0.0,0.0,0.0,0.0,0.0
5795368,2026-08-22T16:30:00.000Z,1,Premier League,Brentford,9937,Tottenham Hotspur,8586,1636112,Luca Williams-Barnett,Tottenham Hotspur,8586,False,0.0,0.0,0.0,0.0,0.0,0.0,0.0,0.0,0.0,0.0,0.0,0.0,0.0,0.0,0.0,0.0,0.0,0.0,0.0,0.0,0.0,0.0,0.0,0.0,0.0,0.0,0.0,0.0,0.0,0.0,0.0,0.0,0.0,0.0,0.0,0.0,0.0,0.0,0.0,0.0,0.0,0.0,0.0,0.0,0.0,0.0,0.0,0.0,0.0,0.0,0.0,0.0,0.0,0.0,0.0,0.0,0.0,0.0,0.0,0.0,0.0,0.0,0.0,0.0,0.0,0.0,0.0,0.0,0.0,0.0,0.0,0.0,0.0,0.0,0.0
5795369,2026-08-23T13:00:00.000Z,1,Premier League,Brighton & Hove Albion,10204,Aston Villa,10252,107917,Jason Steele,Brighton and Hove Albion,10204,True,0.0,0.0,0.0,0.0,0.0,0.0,0.0,0.0,0.0,0.0,0.0,0.0,0.0,0.0,0.0,0.0,0.0,0.0,0.0,0.0,0.0,0.0,0.0,0.0,0.0,0.0,0.0,0.0,0.0,0.0,0.0,0.0,0.0,0.0,0.0,0.0,0.0,0.0,0.0,0.0,0.0,0.0,0.0,0.0,0.0,0.0,0.0,0.0,0.0,0.0,0.0,0.0,0.0,0.0,0.0,0.0,0.0,0.0,0.0,0.0,0.0,0.0,0.0,0.0,0.0,0.0,0.0,0.0,0.0,0.0,0.0,0.0,0.0,0.0,0.0
5795369,2026-08-23T13:00:00.000Z,1,Premier League,Brighton & Hove Albion,10204,Aston Villa,10252,167008,Pascal Groß,Brighton and Hove Albion,10204,False,7.93,90.0,0.0,0.0,0.27,0.27,29.200000762939453,12074.0,72.0,77.0,4.0,2.0,5.0,96.0,4.0,7.0,11.0,2.0,10.0,2.0,3.0,3.0,0.0,3.0,0.0,0.0,0.0,0.0,2.0,2.0,3.0,6.0,1.0,1.0,0.0,1.0,4.0,3.0,3138.0,12074.0,174.0,12074.0,8.0,0.0,0.0,0.0,0.0,0.0,0.0,0.0,0.0,0.0,0.0,0.0,0.0,0.0,0.0,0.0,0.0,0.0,0.0,0.0,0.0,0.0,0.0,1.0,0.0,0.0,0.0,0.0,0.0,0.0,0.0,0.0,0.0
5795369,2026-08-23T13:00:00.000Z,1,Premier League,Brighton & Hove Albion,10204,Aston Villa,10252,195782,Marco Bizot,Aston Villa,10252,True,6.87,90.0,0.0,0.0,0.0,0.0,18.700000762939453,4977.0,18.0,29.0,0.0,1.0,2.0,38.0,0.0,3.0,11.0,0.0,0.0,8.0,19.0,0.0,0.0,0.0,0.0,2.0,0.0,0.0,6.0,0.0,0.0,0.0,0.0,0.0,0.0,0.0,0.0,0.0,69.0,4977.0,0.0,0.0,0.0,0.0,0.0,0.0,0.0,0.0,0.0,0.0,0.0,0.0,3.0,4.0,3.59,0.59,1.0,3.0,0.0,1.0,1.0,1.0,0.0,0.0,0.0,0.0,0.0,0.0,0.0,0.0,0.0,0.0,0.0,0.0,0.0
5795369,2026-08-23T13:00:00.000Z,1,Premier League,Brighton & Hove Albion,10204,Aston Villa,10252,201690,Lewis Dunk,Brighton and Hove Albion,10204,False,7.49,90.0,0.0,0.0,0.04,0.04,29.100000381469727,10148.0,109.0,114.0,0.0,6.0,2.0,118.0,0.0,18.0,21.0,0.0,1.0,4.0,6.0,0.0,0.0,1.0,0.0,0.0,0.0,1.0,2.0,0.0,1.0,3.0,2.0,3.0,0.0,2.0,3.0,3.0,1760.0,10148.0,144.0,10148.0,7.0,0.0,0.0,0.0,0.0,0.0,0.0,0.0,0.0,0.0,0.0,0.0,0.0,0.0,0.0,0.0,0.0,0.0,0.0,0.0,0.0,0.0,0.0,0.0,0.0,0.0,0.0,0.0,0.0,0.0,0.0,0.0,0.0
5795369,2026-08-23T13:00:00.000Z,1,Premier League,Brighton & Hove Albion,10204,Aston Villa,10252,215384,Ross Barkley,Aston Villa,10252,False,6.02,74.0,0.0,0.0,0.02,0.12000000000000001,26.299999237060547,8607.0,20.0,25.0,2.0,2.0,1.0,40.0,1.0,3.0,6.0,0.0,0.0,1.0,1.0,1.0,4.0,0.0,1.0,0.0,0.0,0.0,0.0,0.0,4.0,8.0,1.0,2.0,2.0,0.0,5.0,5.0,1350.0,8607.0,30.0,8607.0,2.0,0.1,0.0,1.0,0.0,1.0,0.0,0.0,1.0,0.1,0.0,0.0,0.0,0.0,0.0,0.0,0.0,0.0,0.0,0.0,2.0,2.0,0.0,0.0,0.0,0.0,0.0,0.0,0.0,0.0,0.0,0.0,0.0
5795369,2026-08-23T13:00:00.000Z,1,Premier League,Brighton & Hove Albion,10204,Aston Villa,10252,258269,Victor Nilsson Lindelöf,Aston Villa,10252,False,3.57,90.0,0.0,0.0,0.0,0.0,30.200000762939453,9550.0,27.0,34.0,0.0,-2.0,3.0,39.0,0.0,0.0,6.0,0.0,0.0,0.0,0.0,0.0,1.0,0.0,0.0,3.0,2.0,0.0,1.0,0.0,0.0,1.0,0.0,3.0,0.0,0.0,0.0,4.0,1597.0,9550.0,142.0,9550.0,6.0,0.0,0.0,0.0,0.0,0.0,0.0,0.0,0.0,0.0,0.0,0.0,0.0,0.0,0.0,0.0,0.0,0.0,0.0,0.0,0.0,0.0,0.0,0.0,0.0,0.0,0.0,0.0,0.0,0.0,0.0,0.0,1.0
5795369,2026-08-23T13:00:00.000Z,1,Premier League,Brighton & Hove Albion,10204,Aston Villa,10252,356406,John McGinn,Aston Villa,10252,False,6.49,82.0,0.0,0.0,0.01,0.05,32.599998474121094,8678.0,11.0,21.0,0.0,1.0,6.0,39.0,0.0,6.0,2.0,0.0,2.0,1.0,6.0,0.0,1.0,1.0,0.0,1.0,0.0,1.0,3.0,0.0,7.0,12.0,0.0,0.0,4.0,1.0,7.0,5.0,1333.0,8678.0,122.0,8678.0,5.0,0.04,0.0,1.0,0.0,1.0,0.0,0.0,1.0,0.04,0.0,0.0,0.0,0.0,0.0,0.0,0.0,0.0,0.0,0.0,2.0,5.0,0.0,0.0,0.0,0.0,0.0,0.0,0.0,0.0,0.0,0.0,0.0
5795369,2026-08-23T13:00:00.000Z,1,Premier League,Brighton & Hove Albion,10204,Aston Villa,10252,419664,Tyrone Mings,Aston Villa,10252,False,6.17,16.0,0.0,0.0,0.0,0.0,29.5,2014.0,0.0,0.0,0.0,1.0,1.0,1.0,0.0,0.0,0.0,0.0,0.0,0.0,0.0,0.0,0.0,1.0,0.0,0.0,0.0,0.0,0.0,0.0,1.0,1.0,0.0,0.0,0.0,0.0,1.0,0.0,366.0,2014.0,66.0,2014.0,3.0,0.0,0.0,0.0,0.0,0.0,0.0,0.0,0.0,0.0,0.0,0.0,0.0,0.0,0.0,0.0,0.0,0.0,0.0,0.0,0.0,0.0,0.0,0.0,0.0,0.0,0.0,0.0,0.0,0.0,0.0,0.0,0.0
5795369,2026-08-23T13:00:00.000Z,1,Premier League,Brighton & Hove Albion,10204,Aston Villa,10252,610184,Emiliano Buendía,Aston Villa,10252,False,6.53,86.0,0.0,0.0,0.09,0.22,31.799999237060547,10440.0,16.0,17.0,1.0,2.0,7.0,33.0,2.0,0.0,3.0,1.0,1.0,0.0,0.0,1.0,0.0,1.0,0.0,1.0,0.0,2.0,3.0,0.0,3.0,6.0,2.0,8.0,2.0,3.0,5.0,9.0,2417.0,10440.0,182.0,10440.0,9.0,0.13,0.0,3.0,0.0,3.0,0.0,0.0,3.0,0.13,0.0,0.0,0.0,0.0,0.0,0.0,0.0,0.0,0.0,0.0,0.0,0.0,1.0,0.0,0.0,0.0,0.0,0.0,0.0,0.0,0.0,0.0,0.0
5795369,2026-08-23T13:00:00.000Z,1,Premier League,Brighton & Hove Albion,10204,Aston Villa,10252,613715,Olivier Boscagli,Brighton and Hove Albion,10204,False,7.71,90.0,0.0,0.0,0.04,0.04,31.299999237060547,10693.0,65.0,66.0,0.0,6.0,6.0,84.0,3.0,13.0,18.0,0.0,3.0,5.0,5.0,0.0,0.0,1.0,0.0,3.0,2.0,2.0,4.0,1.0,2.0,3.0,1.0,2.0,1.0,0.0,3.0,2.0,2057.0,10693.0,204.0,10693.0,9.0,0.0,0.0,0.0,0.0,0.0,0.0,0.0,0.0,0.0,0.0,0.0,0.0,0.0,0.0,0.0,0.0,0.0,0.0,0.0,0.0,0.0,0.0,0.0,0.0,0.0,0.0,0.0,0.0,0.0,0.0,0.0,0.0
5795369,2026-08-23T13:00:00.000Z,1,Premier League,Brighton & Hove Albion,10204,Aston Villa,10252,729731,Matty Cash,Aston Villa,10252,False,5.34,90.0,0.0,0.0,0.0,0.0,31.399999618530273,10282.0,22.0,29.0,0.0,-1.0,7.0,49.0,0.0,10.0,12.0,0.0,0.0,1.0,6.0,0.0,0.0,2.0,1.0,3.0,0.0,1.0,0.0,0.0,4.0,5.0,0.0,1.0,2.0,2.0,4.0,2.0,1725.0,10282.0,305.0,10282.0,13.0,0.0,0.0,0.0,0.0,0.0,0.0,0.0,0.0,0.0,0.0,0.0,0.0,0.0,0.0,0.0,0.0,0.0,0.0,0.0,0.0,0.0,0.0,0.0,0.0,0.0,0.0,0.0,0.0,0.0,0.0,0.0,0.0
5795369,2026-08-23T13:00:00.000Z,1,Premier League,Brighton & Hove Albion,10204,Aston Villa,10252,792645,Pau Torres,Aston Villa,10252,False,3.67,74.0,0.0,0.0,0.0,0.0,30.100000381469727,7896.0,20.0,26.0,0.0,0.0,5.0,33.0,0.0,1.0,2.0,0.0,0.0,0.0,2.0,0.0,0.0,0.0,0.0,4.0,3.0,1.0,1.0,2.0,0.0,3.0,1.0,1.0,0.0,1.0,1.0,3.0,1335.0,7896.0,62.0,7896.0,4.0,0.0,0.0,0.0,0.0,0.0,0.0,0.0,0.0,0.0,0.0,0.0,0.0,0.0,0.0,0.0,0.0,0.0,0.0,0.0,0.0,0.0,0.0,0.0,0.0,1.0,0.0,0.0,0.0,0.0,0.0,0.0,0.0
5795369,2026-08-23T13:00:00.000Z,1,Premier League,Brighton & Hove Albion,10204,Aston Villa,10252,796974,Pascal Struijk,Brighton and Hove Albion,10204,False,0.0,0.0,0.0,0.0,0.0,0.0,0.0,0.0,0.0,0.0,0.0,0.0,0.0,0.0,0.0,0.0,0.0,0.0,0.0,0.0,0.0,0.0,0.0,0.0,0.0,0.0,0.0,0.0,0.0,0.0,0.0,0.0,0.0,0.0,0.0,0.0,0.0,0.0,0.0,0.0,0.0,0.0,0.0,0.0,0.0,0.0,0.0,0.0,0.0,0.0,0.0,0.0,0.0,0.0,0.0,0.0,0.0,0.0,0.0,0.0,0.0,0.0,0.0,0.0,0.0,0.0,0.0,0.0,0.0,0.0,0.0,0.0,0.0,0.0,0.0
5795369,2026-08-23T13:00:00.000Z,1,Premier League,Brighton & Hove Albion,10204,Aston Villa,10252,816325,Boubacar Kamara,Aston Villa,10252,False,5.46,90.0,0.0,0.0,0.0,0.0,29.399999618530273,10943.0,23.0,24.0,0.0,2.0,7.0,39.0,0.0,0.0,3.0,0.0,0.0,0.0,0.0,0.0,4.0,2.0,1.0,1.0,0.0,1.0,2.0,1.0,4.0,11.0,0.0,0.0,1.0,2.0,4.0,7.0,2480.0,10943.0,140.0,10943.0,8.0,0.0,0.0,0.0,0.0,0.0,0.0,0.0,0.0,0.0,0.0,0.0,0.0,0.0,0.0,0.0,0.0,0.0,0.0,0.0,1.0,1.0,0.0,0.0,0.0,0.0,0.0,0.0,0.0,0.0,0.0,0.0,0.0
5795369,2026-08-23T13:00:00.000Z,1,Premier League,Brighton & Hove Albion,10204,Aston Villa,10252,951921,Michael Svoboda,Brighton and Hove Albion,10204,False,0.0,0.0,0.0,0.0,0.0,0.0,0.0,0.0,0.0,0.0,0.0,0.0,0.0,0.0,0.0,0.0,0.0,0.0,0.0,0.0,0.0,0.0,0.0,0.0,0.0,0.0,0.0,0.0,0.0,0.0,0.0,0.0,0.0,0.0,0.0,0.0,0.0,0.0,0.0,0.0,0.0,0.0,0.0,0.0,0.0,0.0,0.0,0.0,0.0,0.0,0.0,0.0,0.0,0.0,0.0,0.0,0.0,0.0,0.0,0.0,0.0,0.0,0.0,0.0,0.0,0.0,0.0,0.0,0.0,0.0,0.0,0.0,0.0,0.0,0.0
5795369,2026-08-23T13:00:00.000Z,1,Premier League,Brighton & Hove Albion,10204,Aston Villa,10252,956925,Georginio Rutter,Brighton and Hove Albion,10204,False,7.51,90.0,0.0,1.0,0.44,0.52,31.799999237060547,10083.0,7.0,12.0,1.0,5.0,7.0,30.0,6.0,0.0,1.0,0.0,0.0,0.0,0.0,0.0,5.0,2.0,0.0,1.0,0.0,0.0,4.0,0.0,4.0,9.0,0.0,0.0,1.0,0.0,4.0,5.0,1596.0,10083.0,249.0,10083.0,10.0,0.08,0.0,2.0,0.0,2.0,0.0,0.0,2.0,0.08,0.0,0.0,0.0,0.0,0.0,0.0,0.0,0.0,0.0,0.0,1.0,1.0,2.0,1.0,0.0,0.0,0.0,0.0,0.0,0.0,0.0,0.0,0.0
5795369,2026-08-23T13:00:00.000Z,1,Premier League,Brighton & Hove Albion,10204,Aston Villa,10252,966026,Ian Maatsen,Aston Villa,10252,False,4.82,82.0,0.0,0.0,0.0,0.03,35.0,8928.0,6.0,8.0,0.0,0.0,9.0,39.0,1.0,1.0,0.0,0.0,1.0,0.0,0.0,0.0,2.0,2.0,0.0,5.0,1.0,2.0,2.0,0.0,2.0,7.0,0.0,1.0,0.0,0.0,2.0,6.0,1601.0,8928.0,410.0,8928.0,17.0,0.03,0.0,1.0,0.0,1.0,0.0,0.0,1.0,0.03,0.0,0.0,0.0,0.0,0.0,0.0,0.0,0.0,0.0,0.0,0.0,3.0,0.0,0.0,0.0,0.0,0.0,0.0,0.0,0.0,0.0,0.0,0.0
5795369,2026-08-23T13:00:00.000Z,1,Premier League,Brighton & Hove Albion,10204,Aston Villa,10252,970243,Mats Wieffer,Brighton and Hove Albion,10204,False,7.9,78.0,0.0,0.0,0.05,0.14,32.20000076293945,9377.0,55.0,60.0,2.0,7.0,8.0,85.0,2.0,8.0,12.0,0.0,1.0,0.0,0.0,0.0,3.0,4.0,0.0,0.0,0.0,4.0,5.0,2.0,8.0,14.0,3.0,5.0,3.0,1.0,11.0,8.0,1864.0,9377.0,230.0,9377.0,10.0,0.09,0.0,1.0,0.0,1.0,0.0,0.0,1.0,0.09,0.0,0.0,0.0,0.0,0.0,0.0,0.0,0.0,0.0,0.0,1.0,1.0,0.0,0.0,0.0,0.0,0.0,0.0,0.0,0.0,0.0,0.0,0.0
5795369,2026-08-23T13:00:00.000Z,1,Premier League,Brighton & Hove Albion,10204,Aston Villa,10252,1051097,Matteo Ruggeri,Aston Villa,10252,False,0.0,8.0,0.0,0.0,0.0,0.0,24.0,1580.0,0.0,0.0,0.0,1.0,2.0,3.0,0.0,0.0,1.0,0.0,0.0,0.0,0.0,0.0,0.0,2.0,0.0,0.0,0.0,0.0,0.0,0.0,2.0,2.0,0.0,0.0,0.0,0.0,2.0,0.0,277.0,1580.0,0.0,0.0,0.0,0.0,0.0,0.0,0.0,0.0,0.0,0.0,0.0,0.0,0.0,0.0,0.0,0.0,0.0,0.0,0.0,0.0,0.0,0.0,0.0,0.0,0.0,0.0,0.0,0.0,0.0,0.0,0.0,0.0,0.0,0.0,0.0
5795369,2026-08-23T13:00:00.000Z,1,Premier League,Brighton & Hove Albion,10204,Aston Villa,10252,1053679,Zion Suzuki,Aston Villa,10252,True,0.0,0.0,0.0,0.0,0.0,0.0,0.0,0.0,0.0,0.0,0.0,0.0,0.0,0.0,0.0,0.0,0.0,0.0,0.0,0.0,0.0,0.0,0.0,0.0,0.0,0.0,0.0,0.0,0.0,0.0,0.0,0.0,0.0,0.0,0.0,0.0,0.0,0.0,0.0,0.0,0.0,0.0,0.0,0.0,0.0,0.0,0.0,0.0,0.0,0.0,0.0,0.0,0.0,0.0,0.0,0.0,0.0,0.0,0.0,0.0,0.0,0.0,0.0,0.0,0.0,0.0,0.0,0.0,0.0,0.0,0.0,0.0,0.0,0.0,0.0
5795369,2026-08-23T13:00:00.000Z,1,Premier League,Brighton & Hove Albion,10204,Aston Villa,10252,1079456,Costinha,Brighton and Hove Albion,10204,False,6.49,26.0,0.0,0.0,0.0,0.12,28.799999237060547,3822.0,17.0,17.0,0.0,1.0,4.0,29.0,1.0,0.0,1.0,0.0,0.0,1.0,1.0,0.0,2.0,1.0,0.0,2.0,1.0,1.0,0.0,0.0,1.0,3.0,0.0,1.0,0.0,0.0,1.0,3.0,902.0,3822.0,98.0,3822.0,5.0,0.12,0.03,2.0,1.0,1.0,0.0,1.0,2.0,0.12,0.0,0.0,0.0,0.0,0.0,0.0,0.0,0.0,0.0,0.0,0.0,0.0,0.0,0.0,0.0,0.0,0.0,1.0,0.0,0.0,0.0,0.0,0.0
5795369,2026-08-23T13:00:00.000Z,1,Premier League,Brighton & Hove Albion,10204,Aston Villa,10252,1131987,Bart Verbruggen,Brighton and Hove Albion,10204,True,6.89,90.0,0.0,0.0,0.0,0.0,22.399999618530273,5369.0,34.0,34.0,0.0,6.0,0.0,35.0,0.0,0.0,4.0,0.0,0.0,4.0,4.0,0.0,0.0,0.0,0.0,0.0,0.0,0.0,4.0,0.0,0.0,0.0,0.0,0.0,0.0,0.0,0.0,0.0,146.0,5369.0,0.0,0.0,0.0,0.0,0.0,0.0,0.0,0.0,0.0,0.0,0.0,0.0,0.0,0.0,0.0,0.0,0.0,0.0,1.0,0.0,0.0,0.0,0.0,0.0,0.0,0.0,0.0,0.0,0.0,0.0,0.0,0.0,0.0,0.0,0.0
5795369,2026-08-23T13:00:00.000Z,1,Premier League,Brighton & Hove Albion,10204,Aston Villa,10252,1134871,Maxim De Cuyper,Brighton and Hove Albion,10204,False,8.61,78.0,1.0,0.0,0.21,1.68,31.299999237060547,9102.0,37.0,41.0,3.0,17.0,4.0,58.0,3.0,1.0,4.0,2.0,5.0,4.0,4.0,2.0,0.0,3.0,0.0,0.0,0.0,1.0,3.0,0.0,3.0,7.0,0.0,0.0,0.0,4.0,3.0,4.0,1822.0,9102.0,378.0,9102.0,17.0,1.47,0.99,4.0,1.0,2.0,1.0,1.0,3.0,1.47,0.0,0.0,0.0,0.0,0.0,0.0,0.0,0.0,0.0,0.0,0.0,0.0,1.0,0.0,1.0,0.0,0.0,1.0,0.0,0.0,0.0,0.0,0.0
5795369,2026-08-23T13:00:00.000Z,1,Premier League,Brighton & Hove Albion,10204,Aston Villa,10252,1168311,Yasin Ayari,Brighton and Hove Albion,10204,False,6.5,64.0,0.0,0.0,0.03,0.14,29.5,8131.0,36.0,40.0,1.0,2.0,4.0,47.0,1.0,5.0,4.0,0.0,0.0,2.0,4.0,0.0,1.0,0.0,0.0,1.0,0.0,0.0,3.0,1.0,1.0,5.0,0.0,0.0,1.0,2.0,1.0,4.0,1819.0,8131.0,69.0,8131.0,3.0,0.11,0.0,2.0,0.0,1.0,1.0,0.0,1.0,0.11,0.0,0.0,0.0,0.0,0.0,0.0,0.0,0.0,0.0,0.0,0.0,0.0,0.0,0.0,0.0,0.0,0.0,0.0,0.0,0.0,0.0,0.0,0.0
5795369,2026-08-23T13:00:00.000Z,1,Premier League,Brighton & Hove Albion,10204,Aston Villa,10252,1174672,João Gomes,Aston Villa,10252,False,4.06,40.0,0.0,0.0,0.01,0.01,25.899999618530273,4355.0,14.0,14.0,1.0,-2.0,7.0,25.0,0.0,0.0,3.0,0.0,0.0,0.0,0.0,0.0,1.0,4.0,0.0,1.0,1.0,0.0,2.0,1.0,6.0,10.0,0.0,1.0,1.0,2.0,6.0,5.0,1135.0,4355.0,16.0,4355.0,1.0,0.0,0.0,0.0,0.0,0.0,0.0,0.0,0.0,0.0,0.0,0.0,0.0,0.0,0.0,0.0,0.0,0.0,0.0,0.0,1.0,1.0,0.0,0.0,0.0,1.0,0.0,0.0,0.0,0.0,0.0,0.0,0.0
5795369,2026-08-23T13:00:00.000Z,1,Premier League,Brighton & Hove Albion,10204,Aston Villa,10252,1190033,Lamare Bogarde,Aston Villa,10252,False,6.07,16.0,0.0,0.0,0.0,0.0,30.100000381469727,2478.0,2.0,2.0,0.0,1.0,1.0,4.0,0.0,0.0,1.0,0.0,0.0,0.0,0.0,0.0,0.0,0.0,0.0,1.0,1.0,0.0,0.0,0.0,0.0,0.0,1.0,2.0,0.0,0.0,1.0,1.0,679.0,2478.0,46.0,2478.0,3.0,0.0,0.0,0.0,0.0,0.0,0.0,0.0,0.0,0.0,0.0,0.0,0.0,0.0,0.0,0.0,0.0,0.0,0.0,0.0,0.0,0.0,0.0,0.0,0.0,0.0,0.0,0.0,0.0,0.0,0.0,0.0,0.0
5795369,2026-08-23T13:00:00.000Z,1,Premier League,Brighton & Hove Albion,10204,Aston Villa,10252,1203665,Alejandro Garnacho,Aston Villa,10252,False,0.0,4.0,0.0,0.0,0.0,0.0,25.700000762939453,1265.0,0.0,0.0,0.0,1.0,0.0,0.0,0.0,0.0,0.0,0.0,0.0,0.0,0.0,0.0,0.0,0.0,0.0,0.0,0.0,0.0,0.0,0.0,0.0,0.0,0.0,0.0,0.0,0.0,0.0,0.0,333.0,1265.0,6.0,1265.0,1.0,0.0,0.0,0.0,0.0,0.0,0.0,0.0,0.0,0.0,0.0,0.0,0.0,0.0,0.0,0.0,0.0,0.0,0.0,0.0,0.0,0.0,1.0,0.0,0.0,0.0,0.0,0.0,0.0,0.0,0.0,0.0,0.0
5795369,2026-08-23T13:00:00.000Z,1,Premier League,Brighton & Hove Albion,10204,Aston Villa,10252,1215410,Ibrahim Osman,Brighton and Hove Albion,10204,False,6.41,12.0,0.0,0.0,0.05,0.05,31.100000381469727,1721.0,8.0,10.0,1.0,1.0,2.0,17.0,2.0,0.0,1.0,1.0,1.0,0.0,0.0,0.0,0.0,0.0,0.0,0.0,0.0,0.0,2.0,0.0,2.0,4.0,0.0,0.0,2.0,0.0,2.0,2.0,406.0,1721.0,66.0,1721.0,3.0,0.0,0.0,0.0,0.0,0.0,0.0,0.0,0.0,0.0,0.0,0.0,0.0,0.0,0.0,0.0,0.0,0.0,0.0,0.0,0.0,2.0,0.0,0.0,0.0,0.0,0.0,0.0,0.0,0.0,0.0,0.0,0.0
5795369,2026-08-23T13:00:00.000Z,1,Premier League,Brighton & Hove Albion,10204,Aston Villa,10252,1251334,Jack Hinshelwood,Brighton and Hove Albion,10204,False,9.01,64.0,2.0,0.0,0.02,1.43,28.399999618530273,8762.0,13.0,14.0,1.0,16.0,3.0,25.0,5.0,1.0,4.0,0.0,0.0,1.0,1.0,0.0,0.0,2.0,0.0,0.0,0.0,0.0,1.0,0.0,5.0,5.0,1.0,1.0,2.0,0.0,6.0,0.0,2217.0,8762.0,141.0,8762.0,10.0,1.41,1.57,3.0,2.0,0.0,1.0,2.0,2.0,1.41,0.0,0.0,0.0,0.0,0.0,0.0,0.0,0.0,0.0,0.0,1.0,1.0,0.0,0.0,0.0,0.0,0.0,0.0,0.0,0.0,0.0,0.0,0.0
5795369,2026-08-23T13:00:00.000Z,1,Premier League,Brighton & Hove Albion,10204,Aston Villa,10252,1252132,Promise David,Brighton and Hove Albion,10204,False,0.0,0.0,0.0,0.0,0.0,0.0,0.0,0.0,0.0,0.0,0.0,0.0,0.0,0.0,0.0,0.0,0.0,0.0,0.0,0.0,0.0,0.0,0.0,0.0,0.0,0.0,0.0,0.0,0.0,0.0,0.0,0.0,0.0,0.0,0.0,0.0,0.0,0.0,0.0,0.0,0.0,0.0,0.0,0.0,0.0,0.0,0.0,0.0,0.0,0.0,0.0,0.0,0.0,0.0,0.0,0.0,0.0,0.0,0.0,0.0,0.0,0.0,0.0,0.0,0.0,0.0,0.0,0.0,0.0,0.0,0.0,0.0,0.0,0.0,0.0
5795369,2026-08-23T13:00:00.000Z,1,Premier League,Brighton & Hove Albion,10204,Aston Villa,10252,1354561,Diego Gómez,Brighton and Hove Albion,10204,False,7.94,86.0,0.0,1.0,0.48,0.6599999999999999,31.899999618530273,9545.0,27.0,33.0,2.0,6.0,6.0,51.0,5.0,4.0,10.0,0.0,2.0,2.0,2.0,0.0,2.0,3.0,0.0,1.0,1.0,1.0,1.0,1.0,3.0,6.0,2.0,3.0,0.0,0.0,5.0,4.0,1820.0,9545.0,445.0,9545.0,20.0,0.18,1.0,3.0,2.0,1.0,0.0,2.0,3.0,0.18,0.0,0.0,0.0,0.0,0.0,0.0,0.0,0.0,0.0,0.0,0.0,0.0,2.0,1.0,0.0,0.0,0.0,0.0,0.0,0.0,0.0,0.0,0.0
5795369,2026-08-23T13:00:00.000Z,1,Premier League,Brighton & Hove Albion,10204,Aston Villa,10252,1413996,Luka Vuskovic,Brighton and Hove Albion,10204,False,7.59,90.0,0.0,0.0,0.03,0.16,30.600000381469727,10298.0,98.0,103.0,0.0,6.0,4.0,112.0,3.0,13.0,9.0,0.0,0.0,5.0,7.0,0.0,0.0,0.0,0.0,4.0,3.0,0.0,2.0,0.0,0.0,1.0,4.0,5.0,0.0,1.0,4.0,2.0,1611.0,10298.0,84.0,10298.0,4.0,0.13,0.0,2.0,0.0,2.0,0.0,0.0,2.0,0.13,0.0,0.0,0.0,0.0,0.0,0.0,0.0,0.0,0.0,0.0,0.0,0.0,0.0,0.0,1.0,0.0,0.0,0.0,0.0,0.0,0.0,0.0,0.0
5795369,2026-08-23T13:00:00.000Z,1,Premier League,Brighton & Hove Albion,10204,Aston Villa,10252,1442496,Triston Rowe,Aston Villa,10252,False,0.0,0.0,0.0,0.0,0.0,0.0,0.0,0.0,0.0,0.0,0.0,0.0,0.0,0.0,0.0,0.0,0.0,0.0,0.0,0.0,0.0,0.0,0.0,0.0,0.0,0.0,0.0,0.0,0.0,0.0,0.0,0.0,0.0,0.0,0.0,0.0,0.0,0.0,0.0,0.0,0.0,0.0,0.0,0.0,0.0,0.0,0.0,0.0,0.0,0.0,0.0,0.0,0.0,0.0,0.0,0.0,0.0,0.0,0.0,0.0,0.0,0.0,0.0,0.0,0.0,0.0,0.0,0.0,0.0,0.0,0.0,0.0,0.0,0.0,0.0
5795369,2026-08-23T13:00:00.000Z,1,Premier League,Brighton & Hove Albion,10204,Aston Villa,10252,1553189,Luka Lynch,Aston Villa,10252,False,0.0,0.0,0.0,0.0,0.0,0.0,0.0,0.0,0.0,0.0,0.0,0.0,0.0,0.0,0.0,0.0,0.0,0.0,0.0,0.0,0.0,0.0,0.0,0.0,0.0,0.0,0.0,0.0,0.0,0.0,0.0,0.0,0.0,0.0,0.0,0.0,0.0,0.0,0.0,0.0,0.0,0.0,0.0,0.0,0.0,0.0,0.0,0.0,0.0,0.0,0.0,0.0,0.0,0.0,0.0,0.0,0.0,0.0,0.0,0.0,0.0,0.0,0.0,0.0,0.0,0.0,0.0,0.0,0.0,0.0,0.0,0.0,0.0,0.0,0.0
5795369,2026-08-23T13:00:00.000Z,1,Premier League,Brighton & Hove Albion,10204,Aston Villa,10252,1561249,Charalampos Kostoulas,Brighton and Hove Albion,10204,False,6.28,26.0,0.0,0.0,0.0,0.18,32.900001525878906,3486.0,3.0,6.0,0.0,1.0,2.0,12.0,3.0,0.0,1.0,0.0,0.0,0.0,0.0,0.0,1.0,1.0,0.0,0.0,0.0,0.0,1.0,0.0,1.0,3.0,2.0,2.0,0.0,0.0,3.0,2.0,712.0,3486.0,124.0,3486.0,3.0,0.18,0.0,2.0,0.0,2.0,0.0,0.0,2.0,0.18,0.0,0.0,0.0,0.0,0.0,0.0,0.0,0.0,0.0,0.0,0.0,1.0,1.0,0.0,1.0,0.0,0.0,0.0,0.0,0.0,0.0,0.0,0.0
5795369,2026-08-23T13:00:00.000Z,1,Premier League,Brighton & Hove Albion,10204,Aston Villa,10252,1602352,Malick Junior Yalcouyé,Brighton and Hove Albion,10204,False,0.0,4.0,0.0,0.0,0.01,0.01,22.100000381469727,1364.0,15.0,15.0,0.0,1.0,0.0,15.0,0.0,1.0,2.0,0.0,0.0,0.0,0.0,0.0,0.0,0.0,0.0,0.0,0.0,0.0,0.0,0.0,0.0,0.0,0.0,0.0,0.0,0.0,0.0,0.0,381.0,1364.0,0.0,0.0,0.0,0.0,0.0,0.0,0.0,0.0,0.0,0.0,0.0,0.0,0.0,0.0,0.0,0.0,0.0,0.0,0.0,0.0,0.0,0.0,0.0,0.0,0.0,0.0,0.0,0.0,0.0,0.0,0.0,0.0,0.0,0.0,0.0
5795369,2026-08-23T13:00:00.000Z,1,Premier League,Brighton & Hove Albion,10204,Aston Villa,10252,1607333,George Hemmings,Aston Villa,10252,False,6.48,90.0,0.0,0.0,0.0,0.0,33.20000076293945,11524.0,6.0,13.0,1.0,2.0,5.0,23.0,1.0,1.0,3.0,0.0,0.0,0.0,0.0,0.0,1.0,3.0,0.0,0.0,0.0,0.0,2.0,0.0,4.0,5.0,2.0,4.0,0.0,0.0,6.0,3.0,2448.0,11524.0,425.0,11524.0,22.0,0.0,0.0,0.0,0.0,0.0,0.0,0.0,0.0,0.0,0.0,0.0,0.0,0.0,0.0,0.0,0.0,0.0,0.0,0.0,1.0,1.0,0.0,0.0,0.0,0.0,0.0,0.0,0.0,0.0,0.0,0.0,0.0
5795369,2026-08-23T13:00:00.000Z,1,Premier League,Brighton & Hove Albion,10204,Aston Villa,10252,1639163,Bradley Burrowes,Aston Villa,10252,False,0.0,0.0,0.0,0.0,0.0,0.0,0.0,0.0,0.0,0.0,0.0,0.0,0.0,0.0,0.0,0.0,0.0,0.0,0.0,0.0,0.0,0.0,0.0,0.0,0.0,0.0,0.0,0.0,0.0,0.0,0.0,0.0,0.0,0.0,0.0,0.0,0.0,0.0,0.0,0.0,0.0,0.0,0.0,0.0,0.0,0.0,0.0,0.0,0.0,0.0,0.0,0.0,0.0,0.0,0.0,0.0,0.0,0.0,0.0,0.0,0.0,0.0,0.0,0.0,0.0,0.0,0.0,0.0,0.0,0.0,0.0,0.0,0.0,0.0,0.0
5795369,2026-08-23T13:00:00.000Z,1,Premier League,Brighton & Hove Albion,10204,Aston Villa,10252,1656860,Alysson Edward,Aston Villa,10252,False,0.0,8.0,0.0,0.0,0.0,0.0,32.79999923706055,1732.0,0.0,0.0,0.0,1.0,3.0,4.0,0.0,0.0,0.0,0.0,0.0,0.0,0.0,0.0,0.0,1.0,0.0,1.0,1.0,0.0,1.0,0.0,1.0,2.0,0.0,0.0,0.0,0.0,1.0,1.0,448.0,1732.0,77.0,1732.0,4.0,0.0,0.0,0.0,0.0,0.0,0.0,0.0,0.0,0.0,0.0,0.0,0.0,0.0,0.0,0.0,0.0,0.0,0.0,0.0,0.0,1.0,0.0,0.0,0.0,0.0,0.0,0.0,0.0,0.0,0.0,0.0,0.0
5795369,2026-08-23T13:00:00.000Z,1,Premier League,Brighton & Hove Albion,10204,Aston Villa,10252,1782648,Zadok Yohanna,Brighton and Hove Albion,10204,False,5.96,12.0,0.0,0.0,0.03,0.03,31.100000381469727,2070.0,5.0,5.0,0.0,1.0,0.0,11.0,0.0,0.0,1.0,0.0,0.0,0.0,0.0,0.0,1.0,0.0,0.0,0.0,0.0,0.0,0.0,0.0,1.0,4.0,0.0,0.0,0.0,1.0,1.0,3.0,434.0,2070.0,69.0,2070.0,3.0,0.0,0.0,0.0,0.0,0.0,0.0,0.0,0.0,0.0,0.0,0.0,0.0,0.0,0.0,0.0,0.0,0.0,0.0,0.0,1.0,2.0,0.0,0.0,0.0,0.0,0.0,0.0,0.0,0.0,0.0,0.0,0.0
5795370,2026-08-23T13:00:00.000Z,1,Premier League,Manchester City,8456,AFC Bournemouth,8678,160447,Adam Smith,Bournemouth,8678,False,6.18,90.0,0.0,0.0,0.0,0.0,31.100000381469727,10500.0,13.0,17.0,0.0,1.0,5.0,35.0,0.0,6.0,4.0,0.0,1.0,1.0,4.0,0.0,0.0,1.0,0.0,2.0,1.0,2.0,3.0,2.0,4.0,7.0,1.0,3.0,3.0,1.0,5.0,5.0,1988.0,10500.0,269.0,10500.0,9.0,0.0,0.0,0.0,0.0,0.0,0.0,0.0,0.0,0.0,0.0,0.0,0.0,0.0,0.0,0.0,0.0,0.0,0.0,0.0,0.0,0.0,0.0,0.0,0.0,0.0,0.0,0.0,0.0,0.0,0.0,0.0,0.0
5795370,2026-08-23T13:00:00.000Z,1,Premier League,Manchester City,8456,AFC Bournemouth,8678,239219,Mateo Kovacic,Manchester City,8456,False,6.41,27.0,0.0,0.0,0.01,0.01,24.600000381469727,3936.0,26.0,26.0,0.0,1.0,2.0,27.0,0.0,1.0,6.0,0.0,0.0,0.0,0.0,0.0,0.0,0.0,0.0,0.0,0.0,0.0,2.0,0.0,0.0,0.0,0.0,0.0,0.0,0.0,0.0,0.0,995.0,3936.0,1.0,3936.0,0.0,0.0,0.0,0.0,0.0,0.0,0.0,0.0,0.0,0.0,0.0,0.0,0.0,0.0,0.0,0.0,0.0,0.0,0.0,0.0,0.0,0.0,0.0,0.0,0.0,0.0,0.0,0.0,0.0,0.0,0.0,0.0,0.0
5795370,2026-08-23T13:00:00.000Z,1,Premier League,Manchester City,8456,AFC Bournemouth,8678,245555,Gerónimo Rulli,Manchester City,8456,True,0.0,0.0,0.0,0.0,0.0,0.0,0.0,0.0,0.0,0.0,0.0,0.0,0.0,0.0,0.0,0.0,0.0,0.0,0.0,0.0,0.0,0.0,0.0,0.0,0.0,0.0,0.0,0.0,0.0,0.0,0.0,0.0,0.0,0.0,0.0,0.0,0.0,0.0,0.0,0.0,0.0,0.0,0.0,0.0,0.0,0.0,0.0,0.0,0.0,0.0,0.0,0.0,0.0,0.0,0.0,0.0,0.0,0.0,0.0,0.0,0.0,0.0,0.0,0.0,0.0,0.0,0.0,0.0,0.0,0.0,0.0,0.0,0.0,0.0,0.0
5795370,2026-08-23T13:00:00.000Z,1,Premier League,Manchester City,8456,AFC Bournemouth,8678,312765,Jack Grealish,Manchester City,8456,False,0.0,8.0,0.0,0.0,0.0,0.0,28.5,1641.0,6.0,7.0,0.0,1.0,1.0,9.0,0.0,0.0,0.0,0.0,0.0,0.0,0.0,0.0,1.0,1.0,0.0,0.0,0.0,0.0,0.0,0.0,1.0,2.0,0.0,0.0,0.0,1.0,1.0,1.0,492.0,1641.0,17.0,1641.0,1.0,0.0,0.0,0.0,0.0,0.0,0.0,0.0,0.0,0.0,0.0,0.0,0.0,0.0,0.0,0.0,0.0,0.0,0.0,0.0,0.0,0.0,0.0,0.0,0.0,0.0,0.0,0.0,0.0,0.0,0.0,0.0,0.0
5795370,2026-08-23T13:00:00.000Z,1,Premier League,Manchester City,8456,AFC Bournemouth,8678,562724,Lewis Cook,Bournemouth,8678,False,6.11,75.0,0.0,0.0,0.0,0.0,32.70000076293945,9590.0,21.0,27.0,0.0,3.0,7.0,35.0,0.0,1.0,2.0,0.0,0.0,1.0,3.0,0.0,2.0,1.0,0.0,1.0,0.0,2.0,3.0,1.0,1.0,4.0,1.0,2.0,0.0,0.0,2.0,4.0,2214.0,9590.0,238.0,9590.0,10.0,0.0,0.0,0.0,0.0,0.0,0.0,0.0,0.0,0.0,0.0,0.0,0.0,0.0,0.0,0.0,0.0,0.0,0.0,0.0,0.0,0.0,0.0,0.0,0.0,0.0,0.0,0.0,0.0,0.0,0.0,0.0,0.0
5795370,2026-08-23T13:00:00.000Z,1,Premier League,Manchester City,8456,AFC Bournemouth,8678,614006,Rúben Dias,Manchester City,8456,False,7.79,90.0,0.0,0.0,0.14,0.14,30.299999237060547,11620.0,112.0,128.0,1.0,2.0,6.0,139.0,1.0,13.0,24.0,0.0,0.0,6.0,9.0,0.0,0.0,0.0,0.0,6.0,5.0,0.0,8.0,0.0,0.0,0.0,4.0,5.0,0.0,0.0,4.0,1.0,1754.0,11620.0,101.0,11620.0,7.0,0.0,0.0,0.0,0.0,0.0,0.0,0.0,0.0,0.0,0.0,0.0,0.0,0.0,0.0,0.0,0.0,0.0,0.0,0.0,0.0,0.0,0.0,0.0,0.0,0.0,0.0,0.0,0.0,0.0,0.0,0.0,0.0
5795370,2026-08-23T13:00:00.000Z,1,Premier League,Manchester City,8456,AFC Bournemouth,8678,618878,Gianluigi Donnarumma,Manchester City,8456,True,7.8,90.0,0.0,0.0,0.0,0.0,22.600000381469727,5399.0,15.0,20.0,0.0,3.0,1.0,29.0,0.0,0.0,4.0,0.0,0.0,3.0,8.0,0.0,0.0,0.0,0.0,1.0,0.0,0.0,4.0,0.0,0.0,0.0,0.0,0.0,0.0,0.0,0.0,0.0,227.0,5399.0,0.0,0.0,0.0,0.0,0.0,0.0,0.0,0.0,0.0,0.0,0.0,0.0,3.0,1.0,1.7,0.7,3.0,3.0,0.0,1.0,3.0,2.0,0.0,0.0,0.0,0.0,0.0,0.0,0.0,0.0,0.0,0.0,0.0,0.0,0.0
5795370,2026-08-23T13:00:00.000Z,1,Premier League,Manchester City,8456,AFC Bournemouth,8678,674014,David Brooks,Bournemouth,8678,False,0.0,0.0,0.0,0.0,0.0,0.0,0.0,0.0,0.0,0.0,0.0,0.0,0.0,0.0,0.0,0.0,0.0,0.0,0.0,0.0,0.0,0.0,0.0,0.0,0.0,0.0,0.0,0.0,0.0,0.0,0.0,0.0,0.0,0.0,0.0,0.0,0.0,0.0,0.0,0.0,0.0,0.0,0.0,0.0,0.0,0.0,0.0,0.0,0.0,0.0,0.0,0.0,0.0,0.0,0.0,0.0,0.0,0.0,0.0,0.0,0.0,0.0,0.0,0.0,0.0,0.0,0.0,0.0,0.0,0.0,0.0,0.0,0.0,0.0,0.0
5795370,2026-08-23T13:00:00.000Z,1,Premier League,Manchester City,8456,AFC Bournemouth,8678,729769,Tyler Adams,Bournemouth,8678,False,6.32,15.0,0.0,0.0,0.0,0.0,28.899999618530273,2302.0,8.0,10.0,0.0,1.0,3.0,14.0,0.0,1.0,2.0,0.0,0.0,0.0,1.0,0.0,0.0,0.0,0.0,0.0,0.0,3.0,0.0,0.0,0.0,0.0,0.0,0.0,0.0,0.0,0.0,0.0,625.0,2302.0,64.0,2302.0,3.0,0.0,0.0,0.0,0.0,0.0,0.0,0.0,0.0,0.0,0.0,0.0,0.0,0.0,0.0,0.0,0.0,0.0,0.0,0.0,0.0,0.0,0.0,0.0,0.0,0.0,0.0,0.0,0.0,0.0,0.0,0.0,0.0
5795370,2026-08-23T13:00:00.000Z,1,Premier League,Manchester City,8456,AFC Bournemouth,8678,737066,Erling Haaland,Manchester City,8456,False,7.17,90.0,0.0,0.0,0.02,0.76,34.599998474121094,9223.0,11.0,16.0,0.0,2.0,3.0,26.0,7.0,3.0,3.0,0.0,0.0,0.0,0.0,0.0,1.0,0.0,0.0,0.0,0.0,0.0,3.0,0.0,1.0,3.0,2.0,2.0,0.0,0.0,3.0,2.0,1485.0,9223.0,313.0,9223.0,15.0,0.74,1.18,5.0,2.0,2.0,1.0,2.0,4.0,0.74,0.0,0.0,0.0,0.0,0.0,0.0,0.0,0.0,0.0,0.0,1.0,2.0,1.0,0.0,1.0,0.0,0.0,0.0,0.0,0.0,0.0,0.0,0.0
5795370,2026-08-23T13:00:00.000Z,1,Premier League,Manchester City,8456,AFC Bournemouth,8678,789630,Marcus Tavernier,Bournemouth,8678,False,7.57,90.0,1.0,0.0,0.08,0.48000000000000004,31.799999237060547,11505.0,23.0,27.0,1.0,10.0,8.0,49.0,1.0,2.0,5.0,1.0,3.0,3.0,3.0,1.0,2.0,2.0,0.0,2.0,1.0,0.0,4.0,1.0,5.0,10.0,1.0,2.0,3.0,1.0,6.0,6.0,2487.0,11505.0,335.0,11505.0,10.0,0.4,0.93,2.0,1.0,1.0,0.0,1.0,2.0,0.4,0.0,0.0,0.0,0.0,0.0,0.0,0.0,0.0,0.0,0.0,0.0,1.0,0.0,0.0,0.0,0.0,0.0,0.0,0.0,0.0,0.0,0.0,0.0
5795370,2026-08-23T13:00:00.000Z,1,Premier League,Manchester City,8456,AFC Bournemouth,8678,794253,Justin Kluivert,Bournemouth,8678,False,7.16,75.0,0.0,0.0,0.0,0.11,32.099998474121094,9929.0,7.0,12.0,1.0,3.0,9.0,23.0,1.0,1.0,0.0,0.0,1.0,4.0,4.0,0.0,0.0,3.0,0.0,0.0,0.0,1.0,5.0,0.0,5.0,6.0,0.0,0.0,1.0,1.0,5.0,1.0,2264.0,9929.0,207.0,9929.0,9.0,0.11,0.43,1.0,1.0,0.0,0.0,1.0,1.0,0.11,0.0,0.0,0.0,0.0,0.0,0.0,0.0,0.0,0.0,0.0,1.0,1.0,0.0,0.0,0.0,0.0,0.0,0.0,0.0,0.0,0.0,0.0,0.0
5795370,2026-08-23T13:00:00.000Z,1,Premier League,Manchester City,8456,AFC Bournemouth,8678,815006,Phil Foden,Manchester City,8456,False,7.31,82.0,0.0,0.0,0.4,0.52,32.900001525878906,9974.0,43.0,54.0,2.0,1.0,6.0,80.0,5.0,4.0,6.0,3.0,8.0,1.0,3.0,5.0,2.0,3.0,0.0,0.0,0.0,0.0,3.0,0.0,6.0,11.0,1.0,2.0,2.0,2.0,7.0,6.0,2130.0,9974.0,360.0,9974.0,13.0,0.12,0.0,2.0,0.0,0.0,2.0,0.0,0.0,0.12,0.0,0.0,0.0,0.0,0.0,0.0,0.0,0.0,0.0,0.0,1.0,2.0,0.0,1.0,0.0,0.0,0.0,0.0,0.0,0.0,0.0,0.0,0.0
5795370,2026-08-23T13:00:00.000Z,1,Premier League,Manchester City,8456,AFC Bournemouth,8678,839204,Omar Marmoush,Manchester City,8456,False,0.0,0.0,0.0,0.0,0.0,0.0,0.0,0.0,0.0,0.0,0.0,0.0,0.0,0.0,0.0,0.0,0.0,0.0,0.0,0.0,0.0,0.0,0.0,0.0,0.0,0.0,0.0,0.0,0.0,0.0,0.0,0.0,0.0,0.0,0.0,0.0,0.0,0.0,0.0,0.0,0.0,0.0,0.0,0.0,0.0,0.0,0.0,0.0,0.0,0.0,0.0,0.0,0.0,0.0,0.0,0.0,0.0,0.0,0.0,0.0,0.0,0.0,0.0,0.0,0.0,0.0,0.0,0.0,0.0,0.0,0.0,0.0,0.0,0.0,0.0
5795370,2026-08-23T13:00:00.000Z,1,Premier League,Manchester City,8456,AFC Bournemouth,8678,844425,Marc Guéhi,Manchester City,8456,False,8.52,90.0,1.0,0.0,0.32,1.21,30.200000762939453,11545.0,58.0,61.0,1.0,10.0,4.0,75.0,4.0,4.0,7.0,0.0,0.0,0.0,1.0,0.0,1.0,3.0,0.0,1.0,0.0,0.0,4.0,0.0,6.0,8.0,2.0,3.0,2.0,1.0,8.0,3.0,2317.0,11545.0,125.0,11545.0,5.0,0.89,0.23,2.0,1.0,1.0,0.0,1.0,2.0,0.89,0.0,0.0,0.0,0.0,0.0,0.0,0.0,0.0,0.0,0.0,1.0,1.0,0.0,1.0,1.0,0.0,0.0,0.0,0.0,0.0,0.0,0.0,0.0
5795370,2026-08-23T13:00:00.000Z,1,Premier League,Manchester City,8456,AFC Bournemouth,8678,933576,Antoine Semenyo,Manchester City,8456,False,7.4,90.0,0.0,0.0,0.02,0.08,33.400001525878906,10005.0,31.0,35.0,0.0,2.0,5.0,54.0,8.0,0.0,4.0,0.0,1.0,0.0,0.0,0.0,0.0,1.0,0.0,0.0,0.0,0.0,4.0,0.0,5.0,8.0,1.0,2.0,2.0,2.0,6.0,4.0,1802.0,10005.0,349.0,10005.0,12.0,0.06,0.16,1.0,1.0,0.0,0.0,1.0,1.0,0.06,0.0,0.0,0.0,0.0,0.0,0.0,0.0,0.0,0.0,0.0,2.0,3.0,1.0,0.0,0.0,0.0,0.0,0.0,0.0,0.0,0.0,0.0,0.0
5795370,2026-08-23T13:00:00.000Z,1,Premier League,Manchester City,8456,AFC Bournemouth,8678,933845,Rayan Aït-Nouri,Manchester City,8456,False,0.0,0.0,0.0,0.0,0.0,0.0,0.0,0.0,0.0,0.0,0.0,0.0,0.0,0.0,0.0,0.0,0.0,0.0,0.0,0.0,0.0,0.0,0.0,0.0,0.0,0.0,0.0,0.0,0.0,0.0,0.0,0.0,0.0,0.0,0.0,0.0,0.0,0.0,0.0,0.0,0.0,0.0,0.0,0.0,0.0,0.0,0.0,0.0,0.0,0.0,0.0,0.0,0.0,0.0,0.0,0.0,0.0,0.0,0.0,0.0,0.0,0.0,0.0,0.0,0.0,0.0,0.0,0.0,0.0,0.0,0.0,0.0,0.0,0.0,0.0
5795370,2026-08-23T13:00:00.000Z,1,Premier League,Manchester City,8456,AFC Bournemouth,8678,955529,Matheus Nunes,Manchester City,8456,False,6.64,33.0,0.0,0.0,0.04,0.04,30.200000762939453,4099.0,20.0,23.0,0.0,1.0,1.0,28.0,2.0,6.0,4.0,0.0,2.0,2.0,2.0,0.0,0.0,0.0,0.0,1.0,1.0,0.0,2.0,0.0,1.0,1.0,0.0,0.0,1.0,0.0,1.0,0.0,639.0,4099.0,118.0,4099.0,7.0,0.0,0.0,0.0,0.0,0.0,0.0,0.0,0.0,0.0,0.0,0.0,0.0,0.0,0.0,0.0,0.0,0.0,0.0,0.0,0.0,0.0,0.0,0.0,0.0,0.0,0.0,0.0,0.0,0.0,0.0,0.0,0.0
5795370,2026-08-23T13:00:00.000Z,1,Premier League,Manchester City,8456,AFC Bournemouth,8678,959407,James Hill,Bournemouth,8678,False,5.93,90.0,0.0,0.0,0.0,0.0,30.799999237060547,10321.0,40.0,47.0,0.0,1.0,6.0,55.0,0.0,2.0,14.0,0.0,0.0,7.0,10.0,0.0,0.0,1.0,0.0,5.0,2.0,0.0,1.0,0.0,1.0,3.0,2.0,3.0,0.0,2.0,3.0,3.0,2004.0,10321.0,162.0,10321.0,8.0,0.0,0.0,0.0,0.0,0.0,0.0,0.0,0.0,0.0,0.0,0.0,0.0,0.0,0.0,0.0,0.0,0.0,0.0,0.0,0.0,0.0,1.0,0.0,0.0,0.0,0.0,0.0,0.0,0.0,0.0,0.0,0.0
5795370,2026-08-23T13:00:00.000Z,1,Premier League,Manchester City,8456,AFC Bournemouth,8678,979752,Bafodé Diakité,Bournemouth,8678,False,0.0,0.0,0.0,0.0,0.0,0.0,0.0,0.0,0.0,0.0,0.0,0.0,0.0,0.0,0.0,0.0,0.0,0.0,0.0,0.0,0.0,0.0,0.0,0.0,0.0,0.0,0.0,0.0,0.0,0.0,0.0,0.0,0.0,0.0,0.0,0.0,0.0,0.0,0.0,0.0,0.0,0.0,0.0,0.0,0.0,0.0,0.0,0.0,0.0,0.0,0.0,0.0,0.0,0.0,0.0,0.0,0.0,0.0,0.0,0.0,0.0,0.0,0.0,0.0,0.0,0.0,0.0,0.0,0.0,0.0,0.0,0.0,0.0,0.0,0.0
5795370,2026-08-23T13:00:00.000Z,1,Premier League,Manchester City,8456,AFC Bournemouth,8678,1067256,Djordje Petrovic,Bournemouth,8678,True,7.38,90.0,0.0,0.0,0.0,0.0,24.0,5534.0,24.0,42.0,0.0,2.0,2.0,52.0,0.0,7.0,13.0,0.0,0.0,9.0,27.0,0.0,0.0,0.0,0.0,2.0,0.0,0.0,5.0,0.0,0.0,0.0,1.0,1.0,0.0,0.0,1.0,0.0,192.0,5534.0,0.0,0.0,0.0,0.0,0.0,0.0,0.0,0.0,0.0,0.0,0.0,0.0,4.0,2.0,2.68,0.68,3.0,4.0,0.0,1.0,1.0,0.0,0.0,0.0,0.0,0.0,0.0,0.0,0.0,0.0,0.0,0.0,0.0,0.0,0.0
5795370,2026-08-23T13:00:00.000Z,1,Premier League,Manchester City,8456,AFC Bournemouth,8678,1070712,Josko Gvardiol,Manchester City,8456,False,8.42,90.0,1.0,0.0,0.05,0.24,33.099998474121094,10479.0,63.0,74.0,0.0,9.0,7.0,93.0,1.0,6.0,18.0,1.0,1.0,3.0,6.0,0.0,0.0,2.0,0.0,1.0,1.0,4.0,5.0,0.0,3.0,3.0,2.0,5.0,0.0,0.0,5.0,3.0,2327.0,10479.0,245.0,10479.0,11.0,0.19,0.89,1.0,1.0,0.0,0.0,1.0,1.0,0.19,0.0,0.0,0.0,0.0,0.0,0.0,0.0,0.0,0.0,0.0,1.0,1.0,0.0,0.0,0.0,0.0,0.0,0.0,0.0,0.0,0.0,0.0,0.0
5795370,2026-08-23T13:00:00.000Z,1,Premier League,Manchester City,8456,AFC Bournemouth,8678,1089691,Elliot Anderson,Manchester City,8456,False,6.73,63.0,0.0,0.0,0.25,0.25,29.799999237060547,8088.0,52.0,59.0,1.0,2.0,6.0,75.0,0.0,9.0,13.0,1.0,3.0,1.0,4.0,1.0,1.0,2.0,0.0,0.0,0.0,1.0,3.0,1.0,4.0,9.0,0.0,1.0,2.0,3.0,4.0,6.0,1779.0,8088.0,167.0,8088.0,9.0,0.0,0.0,0.0,0.0,0.0,0.0,0.0,0.0,0.0,0.0,0.0,0.0,0.0,0.0,0.0,0.0,0.0,0.0,0.0,0.0,0.0,0.0,1.0,0.0,0.0,0.0,0.0,0.0,0.0,0.0,0.0,0.0
5795370,2026-08-23T13:00:00.000Z,1,Premier League,Manchester City,8456,AFC Bournemouth,8678,1096635,Will Dennis,Bournemouth,8678,True,0.0,0.0,0.0,0.0,0.0,0.0,0.0,0.0,0.0,0.0,0.0,0.0,0.0,0.0,0.0,0.0,0.0,0.0,0.0,0.0,0.0,0.0,0.0,0.0,0.0,0.0,0.0,0.0,0.0,0.0,0.0,0.0,0.0,0.0,0.0,0.0,0.0,0.0,0.0,0.0,0.0,0.0,0.0,0.0,0.0,0.0,0.0,0.0,0.0,0.0,0.0,0.0,0.0,0.0,0.0,0.0,0.0,0.0,0.0,0.0,0.0,0.0,0.0,0.0,0.0,0.0,0.0,0.0,0.0,0.0,0.0,0.0,0.0,0.0,0.0
5795370,2026-08-23T13:00:00.000Z,1,Premier League,Manchester City,8456,AFC Bournemouth,8678,1098096,Evanilson,Bournemouth,8678,False,7.26,75.0,0.0,1.0,0.21,0.21,30.399999618530273,9344.0,10.0,13.0,1.0,4.0,8.0,25.0,1.0,0.0,0.0,0.0,0.0,0.0,0.0,0.0,1.0,1.0,0.0,1.0,0.0,3.0,3.0,0.0,2.0,7.0,0.0,1.0,1.0,2.0,2.0,6.0,1597.0,9344.0,161.0,9344.0,9.0,0.0,0.0,0.0,0.0,0.0,0.0,0.0,0.0,0.0,0.0,0.0,0.0,0.0,0.0,0.0,0.0,0.0,0.0,0.0,0.0,2.0,0.0,1.0,0.0,0.0,0.0,0.0,0.0,0.0,0.0,0.0,0.0
5795370,2026-08-23T13:00:00.000Z,1,Premier League,Manchester City,8456,AFC Bournemouth,8678,1104053,Rayan Cherki,Manchester City,8456,False,8.28,27.0,0.0,2.0,0.5,0.5,30.100000381469727,3806.0,13.0,14.0,4.0,8.0,0.0,19.0,2.0,1.0,4.0,1.0,3.0,1.0,2.0,2.0,0.0,0.0,0.0,0.0,0.0,0.0,0.0,0.0,0.0,1.0,0.0,1.0,0.0,0.0,0.0,2.0,988.0,3806.0,139.0,3806.0,8.0,0.0,0.0,0.0,0.0,0.0,0.0,0.0,0.0,0.0,0.0,0.0,0.0,0.0,0.0,0.0,0.0,0.0,0.0,0.0,0.0,1.0,0.0,1.0,0.0,0.0,0.0,0.0,0.0,0.0,0.0,0.0,0.0
5795370,2026-08-23T13:00:00.000Z,1,Premier League,Manchester City,8456,AFC Bournemouth,8678,1158512,Juanlu Sánchez,Bournemouth,8678,False,0.0,0.0,0.0,0.0,0.0,0.0,0.0,0.0,0.0,0.0,0.0,0.0,0.0,0.0,0.0,0.0,0.0,0.0,0.0,0.0,0.0,0.0,0.0,0.0,0.0,0.0,0.0,0.0,0.0,0.0,0.0,0.0,0.0,0.0,0.0,0.0,0.0,0.0,0.0,0.0,0.0,0.0,0.0,0.0,0.0,0.0,0.0,0.0,0.0,0.0,0.0,0.0,0.0,0.0,0.0,0.0,0.0,0.0,0.0,0.0,0.0,0.0,0.0,0.0,0.0,0.0,0.0,0.0,0.0,0.0,0.0,0.0,0.0,0.0,0.0
5795370,2026-08-23T13:00:00.000Z,1,Premier League,Manchester City,8456,AFC Bournemouth,8678,1177358,Adrien Truffert,Bournemouth,8678,False,6.57,90.0,0.0,0.0,0.0,0.0,33.400001525878906,11356.0,23.0,27.0,0.0,1.0,7.0,46.0,0.0,2.0,6.0,0.0,0.0,1.0,3.0,0.0,1.0,2.0,1.0,4.0,3.0,0.0,7.0,0.0,3.0,8.0,1.0,2.0,0.0,4.0,4.0,6.0,2780.0,11356.0,454.0,11356.0,21.0,0.0,0.0,0.0,0.0,0.0,0.0,0.0,0.0,0.0,0.0,0.0,0.0,0.0,0.0,0.0,0.0,0.0,0.0,0.0,1.0,1.0,0.0,0.0,0.0,0.0,0.0,0.0,1.0,0.0,0.0,0.0,0.0
5795370,2026-08-23T13:00:00.000Z,1,Premier League,Manchester City,8456,AFC Bournemouth,8678,1233655,Alex Scott,Bournemouth,8678,False,6.78,90.0,0.0,0.0,0.01,0.01,32.70000076293945,12365.0,38.0,47.0,0.0,2.0,11.0,57.0,0.0,6.0,5.0,0.0,2.0,6.0,9.0,2.0,0.0,4.0,0.0,0.0,0.0,1.0,6.0,1.0,5.0,6.0,0.0,0.0,1.0,0.0,5.0,1.0,3293.0,12365.0,241.0,12365.0,9.0,0.0,0.0,0.0,0.0,0.0,0.0,0.0,0.0,0.0,0.0,0.0,0.0,0.0,0.0,0.0,0.0,0.0,0.0,0.0,0.0,0.0,0.0,0.0,0.0,0.0,0.0,0.0,0.0,0.0,0.0,0.0,0.0
5795370,2026-08-23T13:00:00.000Z,1,Premier League,Manchester City,8456,AFC Bournemouth,8678,1253827,Daniel Jebbison,Bournemouth,8678,False,6.31,15.0,0.0,0.0,0.0,0.1,30.299999237060547,2322.0,5.0,5.0,0.0,1.0,1.0,9.0,1.0,0.0,1.0,0.0,0.0,0.0,0.0,0.0,0.0,0.0,0.0,0.0,0.0,0.0,1.0,0.0,1.0,1.0,0.0,0.0,1.0,0.0,1.0,0.0,523.0,2322.0,88.0,2322.0,5.0,0.1,0.11,1.0,1.0,0.0,0.0,1.0,1.0,0.1,0.0,0.0,0.0,0.0,0.0,0.0,0.0,0.0,0.0,0.0,0.0,0.0,0.0,0.0,0.0,0.0,0.0,0.0,0.0,0.0,0.0,0.0,0.0
5795370,2026-08-23T13:00:00.000Z,1,Premier League,Manchester City,8456,AFC Bournemouth,8678,1280132,Nico González,Manchester City,8456,False,0.0,0.0,0.0,0.0,0.0,0.0,0.0,0.0,0.0,0.0,0.0,0.0,0.0,0.0,0.0,0.0,0.0,0.0,0.0,0.0,0.0,0.0,0.0,0.0,0.0,0.0,0.0,0.0,0.0,0.0,0.0,0.0,0.0,0.0,0.0,0.0,0.0,0.0,0.0,0.0,0.0,0.0,0.0,0.0,0.0,0.0,0.0,0.0,0.0,0.0,0.0,0.0,0.0,0.0,0.0,0.0,0.0,0.0,0.0,0.0,0.0,0.0,0.0,0.0,0.0,0.0,0.0,0.0,0.0,0.0,0.0,0.0,0.0,0.0,0.0
5795370,2026-08-23T13:00:00.000Z,1,Premier League,Manchester City,8456,AFC Bournemouth,8678,1288450,Rico Lewis,Manchester City,8456,False,6.09,57.0,0.0,0.0,0.02,0.19,30.299999237060547,7171.0,24.0,26.0,0.0,1.0,2.0,45.0,4.0,2.0,1.0,0.0,2.0,0.0,0.0,0.0,4.0,0.0,0.0,0.0,0.0,2.0,0.0,1.0,2.0,9.0,1.0,1.0,2.0,1.0,3.0,7.0,1589.0,7171.0,123.0,7171.0,5.0,0.17,0.21,1.0,1.0,0.0,0.0,1.0,1.0,0.17,0.0,0.0,0.0,0.0,0.0,0.0,0.0,0.0,0.0,0.0,0.0,1.0,0.0,0.0,1.0,0.0,0.0,0.0,0.0,0.0,0.0,0.0,0.0
5795370,2026-08-23T13:00:00.000Z,1,Premier League,Manchester City,8456,AFC Bournemouth,8678,1292092,António Silva,Bournemouth,8678,False,6.05,90.0,0.0,0.0,0.0,0.0,29.600000381469727,10124.0,36.0,39.0,0.0,2.0,13.0,53.0,0.0,3.0,8.0,0.0,0.0,1.0,2.0,0.0,0.0,0.0,2.0,11.0,7.0,0.0,1.0,1.0,0.0,1.0,1.0,3.0,0.0,0.0,1.0,3.0,1733.0,10124.0,75.0,10124.0,4.0,0.0,0.0,0.0,0.0,0.0,0.0,0.0,0.0,0.0,0.0,0.0,0.0,0.0,0.0,0.0,0.0,0.0,0.0,0.0,0.0,0.0,0.0,0.0,0.0,0.0,0.0,0.0,0.0,0.0,0.0,0.0,0.0
5795370,2026-08-23T13:00:00.000Z,1,Premier League,Manchester City,8456,AFC Bournemouth,8678,1300526,Nico O'Reilly,Manchester City,8456,False,6.77,63.0,0.0,0.0,0.41,0.48,33.099998474121094,7408.0,21.0,23.0,1.0,2.0,2.0,34.0,3.0,3.0,6.0,3.0,4.0,0.0,1.0,0.0,1.0,1.0,0.0,1.0,0.0,0.0,5.0,0.0,1.0,3.0,0.0,2.0,0.0,1.0,1.0,4.0,1528.0,7408.0,311.0,7408.0,10.0,0.07,0.0,1.0,0.0,1.0,0.0,0.0,1.0,0.07,0.0,0.0,0.0,0.0,0.0,0.0,0.0,0.0,0.0,0.0,0.0,0.0,0.0,0.0,0.0,0.0,0.0,0.0,0.0,0.0,0.0,0.0,0.0
5795370,2026-08-23T13:00:00.000Z,1,Premier League,Manchester City,8456,AFC Bournemouth,8678,1324871,Ben Gannon-Doak,Bournemouth,8678,False,0.0,1.0,0.0,0.0,0.0,0.0,27.299999237060547,871.0,2.0,3.0,0.0,1.0,1.0,5.0,1.0,1.0,1.0,0.0,1.0,1.0,2.0,0.0,1.0,0.0,0.0,0.0,0.0,0.0,1.0,0.0,0.0,1.0,0.0,0.0,0.0,0.0,0.0,1.0,303.0,871.0,15.0,871.0,1.0,0.0,0.0,0.0,0.0,0.0,0.0,0.0,0.0,0.0,0.0,0.0,0.0,0.0,0.0,0.0,0.0,0.0,0.0,0.0,0.0,0.0,0.0,0.0,0.0,0.0,0.0,0.0,0.0,0.0,0.0,0.0,0.0
5795370,2026-08-23T13:00:00.000Z,1,Premier League,Manchester City,8456,AFC Bournemouth,8678,1327406,Álvaro Rodriguez,Bournemouth,8678,False,0.0,0.0,0.0,0.0,0.0,0.0,0.0,0.0,0.0,0.0,0.0,0.0,0.0,0.0,0.0,0.0,0.0,0.0,0.0,0.0,0.0,0.0,0.0,0.0,0.0,0.0,0.0,0.0,0.0,0.0,0.0,0.0,0.0,0.0,0.0,0.0,0.0,0.0,0.0,0.0,0.0,0.0,0.0,0.0,0.0,0.0,0.0,0.0,0.0,0.0,0.0,0.0,0.0,0.0,0.0,0.0,0.0,0.0,0.0,0.0,0.0,0.0,0.0,0.0,0.0,0.0,0.0,0.0,0.0,0.0,0.0,0.0,0.0,0.0,0.0
5795370,2026-08-23T13:00:00.000Z,1,Premier League,Manchester City,8456,AFC Bournemouth,8678,1362998,Abdukodir Khusanov,Manchester City,8456,False,7.68,90.0,0.0,0.0,0.02,0.02,32.79999923706055,10204.0,89.0,92.0,0.0,2.0,4.0,98.0,0.0,11.0,23.0,0.0,0.0,1.0,2.0,0.0,0.0,2.0,0.0,1.0,1.0,1.0,6.0,0.0,2.0,2.0,2.0,2.0,0.0,0.0,4.0,0.0,1533.0,10204.0,192.0,10204.0,8.0,0.0,0.0,0.0,0.0,0.0,0.0,0.0,0.0,0.0,0.0,0.0,0.0,0.0,0.0,0.0,0.0,0.0,0.0,0.0,0.0,0.0,0.0,0.0,0.0,0.0,0.0,0.0,0.0,0.0,0.0,0.0,0.0
5795370,2026-08-23T13:00:00.000Z,1,Premier League,Manchester City,8456,AFC Bournemouth,8678,1449690,Alex Tóth,Bournemouth,8678,False,6.13,15.0,0.0,0.0,0.0,0.0,29.399999618530273,2363.0,12.0,13.0,0.0,1.0,2.0,17.0,0.0,4.0,2.0,0.0,0.0,0.0,1.0,0.0,0.0,1.0,0.0,0.0,0.0,0.0,1.0,0.0,1.0,3.0,0.0,0.0,0.0,0.0,1.0,2.0,660.0,2363.0,56.0,2363.0,3.0,0.0,0.0,0.0,0.0,0.0,0.0,0.0,0.0,0.0,0.0,0.0,0.0,0.0,0.0,0.0,0.0,0.0,0.0,0.0,0.0,2.0,0.0,0.0,0.0,0.0,0.0,0.0,0.0,0.0,0.0,0.0,0.0
5795370,2026-08-23T13:00:00.000Z,1,Premier League,Manchester City,8456,AFC Bournemouth,8678,1478295,Rayan,Bournemouth,8678,False,6.15,89.0,0.0,0.0,0.03,0.07,35.099998474121094,9515.0,8.0,15.0,1.0,2.0,1.0,24.0,1.0,5.0,4.0,0.0,0.0,0.0,0.0,0.0,1.0,0.0,0.0,0.0,0.0,1.0,0.0,0.0,0.0,3.0,3.0,9.0,0.0,0.0,3.0,9.0,1878.0,9515.0,129.0,9515.0,5.0,0.04,0.22,1.0,1.0,0.0,0.0,1.0,1.0,0.04,0.0,0.0,0.0,0.0,0.0,0.0,0.0,0.0,0.0,0.0,0.0,2.0,0.0,0.0,0.0,0.0,0.0,0.0,0.0,0.0,0.0,0.0,0.0
5795370,2026-08-23T13:00:00.000Z,1,Premier League,Manchester City,8456,AFC Bournemouth,8678,1580952,Vitor Reis,Manchester City,8456,False,0.0,0.0,0.0,0.0,0.0,0.0,0.0,0.0,0.0,0.0,0.0,0.0,0.0,0.0,0.0,0.0,0.0,0.0,0.0,0.0,0.0,0.0,0.0,0.0,0.0,0.0,0.0,0.0,0.0,0.0,0.0,0.0,0.0,0.0,0.0,0.0,0.0,0.0,0.0,0.0,0.0,0.0,0.0,0.0,0.0,0.0,0.0,0.0,0.0,0.0,0.0,0.0,0.0,0.0,0.0,0.0,0.0,0.0,0.0,0.0,0.0,0.0,0.0,0.0,0.0,0.0,0.0,0.0,0.0,0.0,0.0,0.0,0.0,0.0,0.0
5795371,2026-08-23T15:30:00.000Z,1,Premier League,Newcastle United,10261,Liverpool,8650,189982,Fabian Schär,Newcastle United,10261,False,0.0,1.0,0.0,0.0,0.0,0.0,23.399999618530273,262.0,0.0,0.0,0.0,1.0,0.0,0.0,0.0,0.0,0.0,0.0,0.0,0.0,0.0,0.0,0.0,0.0,0.0,0.0,0.0,0.0,0.0,0.0,0.0,0.0,0.0,0.0,0.0,0.0,0.0,0.0,53.0,262.0,0.0,0.0,0.0,0.0,0.0,0.0,0.0,0.0,0.0,0.0,0.0,0.0,0.0,0.0,0.0,0.0,0.0,0.0,0.0,0.0,0.0,0.0,0.0,0.0,0.0,0.0,0.0,0.0,0.0,0.0,0.0,0.0,0.0,0.0,0.0
5795371,2026-08-23T15:30:00.000Z,1,Premier League,Newcastle United,10261,Liverpool,8650,202643,Wataru Endo,Liverpool,8650,False,0.0,0.0,0.0,0.0,0.0,0.0,0.0,0.0,0.0,0.0,0.0,0.0,0.0,0.0,0.0,0.0,0.0,0.0,0.0,0.0,0.0,0.0,0.0,0.0,0.0,0.0,0.0,0.0,0.0,0.0,0.0,0.0,0.0,0.0,0.0,0.0,0.0,0.0,0.0,0.0,0.0,0.0,0.0,0.0,0.0,0.0,0.0,0.0,0.0,0.0,0.0,0.0,0.0,0.0,0.0,0.0,0.0,0.0,0.0,0.0,0.0,0.0,0.0,0.0,0.0,0.0,0.0,0.0,0.0,0.0,0.0,0.0,0.0,0.0,0.0
5795371,2026-08-23T15:30:00.000Z,1,Premier League,Newcastle United,10261,Liverpool,8650,209405,Virgil van Dijk,Liverpool,8650,False,7.1,90.0,0.0,0.0,0.01,0.26,32.400001525878906,8904.0,50.0,58.0,0.0,2.0,11.0,74.0,3.0,10.0,7.0,0.0,0.0,6.0,12.0,0.0,0.0,2.0,0.0,9.0,5.0,0.0,6.0,0.0,2.0,2.0,3.0,5.0,0.0,0.0,5.0,2.0,1349.0,8904.0,265.0,8904.0,12.0,0.25,0.17,2.0,1.0,0.0,1.0,1.0,1.0,0.25,0.0,0.0,0.0,0.0,0.0,0.0,0.0,0.0,0.0,0.0,0.0,0.0,0.0,0.0,0.0,0.0,0.0,0.0,0.0,0.0,0.0,0.0,0.0
5795371,2026-08-23T15:30:00.000Z,1,Premier League,Newcastle United,10261,Liverpool,8650,319784,Alisson Becker,Liverpool,8650,True,6.04,90.0,0.0,0.0,0.0,0.0,20.899999618530273,5531.0,15.0,19.0,0.0,2.0,2.0,28.0,0.0,1.0,0.0,0.0,0.0,0.0,4.0,0.0,0.0,0.0,0.0,2.0,0.0,0.0,6.0,0.0,0.0,0.0,0.0,0.0,0.0,0.0,0.0,0.0,125.0,5531.0,0.0,0.0,0.0,0.0,0.0,0.0,0.0,0.0,0.0,0.0,0.0,0.0,3.0,2.0,1.56,-0.44,1.0,1.0,1.0,1.0,4.0,0.0,0.0,0.0,0.0,0.0,0.0,0.0,0.0,0.0,0.0,0.0,0.0,0.0,0.0
5795371,2026-08-23T15:30:00.000Z,1,Premier League,Newcastle United,10261,Liverpool,8650,521148,Jacob Murphy,Newcastle United,10261,False,6.02,14.0,0.0,0.0,0.0,0.0,28.5,2504.0,1.0,1.0,0.0,0.0,2.0,7.0,1.0,0.0,0.0,0.0,1.0,0.0,0.0,0.0,0.0,0.0,0.0,1.0,0.0,0.0,1.0,1.0,0.0,2.0,0.0,0.0,0.0,1.0,0.0,2.0,571.0,2504.0,76.0,2504.0,6.0,0.0,0.0,0.0,0.0,0.0,0.0,0.0,0.0,0.0,0.0,0.0,0.0,0.0,0.0,0.0,0.0,0.0,0.0,0.0,0.0,0.0,0.0,0.0,0.0,0.0,0.0,0.0,0.0,0.0,0.0,0.0,0.0
5795371,2026-08-23T15:30:00.000Z,1,Premier League,Newcastle United,10261,Liverpool,8650,666857,Yoane Wissa,Newcastle United,10261,False,7.58,89.0,0.0,1.0,0.02,1.02,30.899999618530273,10374.0,12.0,17.0,1.0,4.0,8.0,41.0,3.0,3.0,4.0,0.0,0.0,1.0,1.0,0.0,3.0,4.0,0.0,1.0,0.0,0.0,3.0,0.0,9.0,15.0,2.0,4.0,4.0,3.0,11.0,8.0,2228.0,10374.0,399.0,10374.0,16.0,1.0,0.36,4.0,1.0,3.0,0.0,1.0,4.0,1.0,0.0,0.0,0.0,0.0,0.0,0.0,0.0,0.0,0.0,0.0,1.0,1.0,2.0,0.0,2.0,0.0,0.0,0.0,0.0,0.0,0.0,0.0,0.0
5795371,2026-08-23T15:30:00.000Z,1,Premier League,Newcastle United,10261,Liverpool,8650,671529,Konstantinos Tsimikas,Liverpool,8650,False,0.0,0.0,0.0,0.0,0.0,0.0,0.0,0.0,0.0,0.0,0.0,0.0,0.0,0.0,0.0,0.0,0.0,0.0,0.0,0.0,0.0,0.0,0.0,0.0,0.0,0.0,0.0,0.0,0.0,0.0,0.0,0.0,0.0,0.0,0.0,0.0,0.0,0.0,0.0,0.0,0.0,0.0,0.0,0.0,0.0,0.0,0.0,0.0,0.0,0.0,0.0,0.0,0.0,0.0,0.0,0.0,0.0,0.0,0.0,0.0,0.0,0.0,0.0,0.0,0.0,0.0,0.0,0.0,0.0,0.0,0.0,0.0,0.0,0.0,0.0
5795371,2026-08-23T15:30:00.000Z,1,Premier League,Newcastle United,10261,Liverpool,8650,690107,Alexander Isak,Liverpool,8650,False,6.68,90.0,0.0,0.0,0.01,1.1,30.0,9679.0,10.0,13.0,1.0,2.0,1.0,28.0,6.0,3.0,1.0,0.0,0.0,1.0,1.0,0.0,1.0,0.0,1.0,0.0,0.0,0.0,0.0,0.0,2.0,6.0,3.0,3.0,2.0,0.0,5.0,4.0,1692.0,9679.0,121.0,9679.0,8.0,1.09,1.07,4.0,2.0,1.0,1.0,2.0,3.0,1.09,0.0,0.0,0.0,0.0,0.0,0.0,0.0,0.0,0.0,0.0,0.0,3.0,0.0,0.0,2.0,0.0,0.0,0.0,0.0,0.0,0.0,0.0,0.0
5795371,2026-08-23T15:30:00.000Z,1,Premier League,Newcastle United,10261,Liverpool,8650,760359,Harvey Barnes,Newcastle United,10261,False,6.6,90.0,0.0,0.0,0.02,0.09000000000000001,33.79999923706055,11371.0,13.0,17.0,0.0,2.0,8.0,33.0,3.0,1.0,3.0,0.0,0.0,1.0,2.0,0.0,1.0,1.0,0.0,3.0,0.0,0.0,4.0,2.0,4.0,10.0,0.0,0.0,3.0,1.0,4.0,6.0,2765.0,11371.0,381.0,11371.0,16.0,0.07,0.0,1.0,0.0,0.0,1.0,0.0,0.0,0.07,0.0,0.0,0.0,0.0,0.0,0.0,0.0,0.0,0.0,0.0,0.0,2.0,0.0,0.0,0.0,0.0,0.0,0.0,0.0,0.0,0.0,0.0,0.0
5795371,2026-08-23T15:30:00.000Z,1,Premier League,Newcastle United,10261,Liverpool,8650,806552,Cody Gakpo,Liverpool,8650,False,8.42,90.0,1.0,0.0,0.15,0.44999999999999996,33.099998474121094,9273.0,20.0,28.0,3.0,12.0,12.0,58.0,10.0,4.0,9.0,0.0,3.0,0.0,0.0,0.0,0.0,3.0,0.0,1.0,1.0,3.0,5.0,1.0,6.0,12.0,1.0,3.0,3.0,4.0,7.0,8.0,1476.0,9273.0,215.0,9273.0,10.0,0.3,0.38,6.0,1.0,2.0,3.0,1.0,3.0,0.3,0.0,0.0,0.0,0.0,0.0,0.0,0.0,0.0,0.0,0.0,0.0,1.0,1.0,0.0,0.0,0.0,0.0,0.0,0.0,0.0,0.0,0.0,0.0
5795371,2026-08-23T15:30:00.000Z,1,Premier League,Newcastle United,10261,Liverpool,8650,831489,Alexis Mac Allister,Liverpool,8650,False,6.57,27.0,0.0,0.0,0.01,0.01,28.5,3889.0,11.0,12.0,0.0,1.0,3.0,18.0,0.0,2.0,2.0,0.0,0.0,0.0,0.0,0.0,0.0,2.0,0.0,0.0,0.0,0.0,1.0,1.0,4.0,5.0,0.0,0.0,2.0,0.0,4.0,1.0,811.0,3889.0,31.0,3889.0,1.0,0.0,0.0,0.0,0.0,0.0,0.0,0.0,0.0,0.0,0.0,0.0,0.0,0.0,0.0,0.0,0.0,0.0,0.0,0.0,0.0,0.0,0.0,0.0,0.0,0.0,0.0,0.0,0.0,0.0,0.0,0.0,0.0
5795371,2026-08-23T15:30:00.000Z,1,Premier League,Newcastle United,10261,Liverpool,8650,846005,Dominik Szoboszlai,Liverpool,8650,False,7.96,90.0,1.0,0.0,0.27,1.12,33.5,10742.0,47.0,58.0,3.0,8.0,7.0,88.0,1.0,8.0,19.0,3.0,10.0,4.0,7.0,6.0,1.0,1.0,1.0,0.0,0.0,1.0,4.0,0.0,3.0,7.0,0.0,3.0,1.0,2.0,3.0,7.0,2429.0,10742.0,229.0,10742.0,8.0,0.85,0.99,3.0,1.0,0.0,2.0,1.0,1.0,0.06,0.0,0.0,0.0,0.0,0.0,0.0,0.0,0.0,0.0,0.0,1.0,2.0,0.0,0.0,0.0,0.0,0.0,0.0,0.0,0.0,0.0,0.0,0.0
5795371,2026-08-23T15:30:00.000Z,1,Premier League,Newcastle United,10261,Liverpool,8650,860975,Joseph Willock,Newcastle United,10261,False,7.44,34.0,1.0,0.0,0.17,0.26,33.900001525878906,4879.0,7.0,7.0,1.0,6.0,3.0,15.0,1.0,1.0,1.0,0.0,2.0,0.0,0.0,0.0,0.0,2.0,0.0,0.0,0.0,0.0,1.0,0.0,3.0,6.0,0.0,2.0,0.0,2.0,3.0,5.0,946.0,4879.0,153.0,4879.0,5.0,0.09,0.79,1.0,1.0,0.0,0.0,1.0,1.0,0.09,0.0,0.0,0.0,0.0,0.0,0.0,0.0,0.0,0.0,0.0,1.0,2.0,0.0,1.0,0.0,0.0,0.0,0.0,0.0,0.0,0.0,0.0,0.0
5795371,2026-08-23T15:30:00.000Z,1,Premier League,Newcastle United,10261,Liverpool,8650,921253,Ronald Araujo,Liverpool,8650,False,6.48,20.0,0.0,0.0,0.03,0.03,32.599998474121094,2902.0,26.0,29.0,0.0,1.0,4.0,35.0,0.0,4.0,4.0,0.0,0.0,1.0,2.0,0.0,0.0,1.0,1.0,2.0,2.0,0.0,1.0,0.0,1.0,2.0,3.0,5.0,0.0,1.0,4.0,3.0,536.0,2902.0,36.0,2902.0,2.0,0.0,0.0,0.0,0.0,0.0,0.0,0.0,0.0,0.0,0.0,0.0,0.0,0.0,0.0,0.0,0.0,0.0,0.0,0.0,0.0,0.0,0.0,0.0,0.0,0.0,0.0,0.0,0.0,0.0,0.0,0.0,0.0
5795371,2026-08-23T15:30:00.000Z,1,Premier League,Newcastle United,10261,Liverpool,8650,948800,Giorgi Mamardashvili,Liverpool,8650,True,0.0,0.0,0.0,0.0,0.0,0.0,0.0,0.0,0.0,0.0,0.0,0.0,0.0,0.0,0.0,0.0,0.0,0.0,0.0,0.0,0.0,0.0,0.0,0.0,0.0,0.0,0.0,0.0,0.0,0.0,0.0,0.0,0.0,0.0,0.0,0.0,0.0,0.0,0.0,0.0,0.0,0.0,0.0,0.0,0.0,0.0,0.0,0.0,0.0,0.0,0.0,0.0,0.0,0.0,0.0,0.0,0.0,0.0,0.0,0.0,0.0,0.0,0.0,0.0,0.0,0.0,0.0,0.0,0.0,0.0,0.0,0.0,0.0,0.0,0.0
5795371,2026-08-23T15:30:00.000Z,1,Premier League,Newcastle United,10261,Liverpool,8650,956682,Sven Botman,Newcastle United,10261,False,6.59,90.0,0.0,0.0,0.01,0.01,29.899999618530273,9794.0,27.0,34.0,0.0,3.0,10.0,48.0,0.0,2.0,7.0,0.0,0.0,1.0,7.0,0.0,1.0,0.0,4.0,6.0,4.0,0.0,2.0,0.0,1.0,2.0,1.0,1.0,1.0,0.0,2.0,1.0,1602.0,9794.0,70.0,9794.0,4.0,0.0,0.0,0.0,0.0,0.0,0.0,0.0,0.0,0.0,0.0,0.0,0.0,0.0,0.0,0.0,0.0,0.0,0.0,0.0,0.0,0.0,0.0,0.0,0.0,0.0,0.0,0.0,0.0,0.0,0.0,0.0,0.0
5795371,2026-08-23T15:30:00.000Z,1,Premier League,Newcastle United,10261,Liverpool,8650,956683,Ryan Gravenberch,Liverpool,8650,False,7.38,78.0,0.0,1.0,0.05,0.11,33.400001525878906,8463.0,43.0,47.0,1.0,5.0,11.0,62.0,0.0,8.0,14.0,0.0,0.0,2.0,2.0,0.0,5.0,1.0,0.0,0.0,0.0,2.0,8.0,0.0,4.0,10.0,0.0,0.0,3.0,1.0,4.0,6.0,1887.0,8463.0,189.0,8463.0,9.0,0.06,0.0,2.0,0.0,0.0,2.0,0.0,0.0,0.06,0.0,0.0,0.0,0.0,0.0,0.0,0.0,0.0,0.0,0.0,0.0,0.0,0.0,0.0,0.0,0.0,0.0,0.0,0.0,0.0,0.0,0.0,0.0
5795371,2026-08-23T15:30:00.000Z,1,Premier League,Newcastle United,10261,Liverpool,8650,958010,Amar Dedic,Newcastle United,10261,False,6.46,90.0,0.0,0.0,0.0,0.03,31.299999237060547,10054.0,18.0,20.0,0.0,1.0,9.0,51.0,1.0,2.0,4.0,0.0,0.0,0.0,1.0,0.0,0.0,2.0,1.0,6.0,3.0,0.0,2.0,0.0,4.0,10.0,1.0,2.0,2.0,3.0,5.0,7.0,1614.0,10054.0,325.0,10054.0,14.0,0.03,0.0,1.0,0.0,0.0,1.0,0.0,0.0,0.03,0.0,0.0,0.0,0.0,0.0,0.0,0.0,0.0,0.0,0.0,0.0,3.0,0.0,0.0,0.0,0.0,0.0,0.0,0.0,0.0,0.0,0.0,0.0
5795371,2026-08-23T15:30:00.000Z,1,Premier League,Newcastle United,10261,Liverpool,8650,966018,Jeremie Frimpong,Liverpool,8650,False,6.74,90.0,0.0,0.0,0.09,0.09999999999999999,33.400001525878906,10048.0,36.0,43.0,3.0,0.0,2.0,66.0,4.0,11.0,12.0,1.0,5.0,2.0,4.0,0.0,0.0,1.0,0.0,1.0,1.0,0.0,3.0,2.0,2.0,7.0,0.0,0.0,0.0,2.0,2.0,5.0,2078.0,10048.0,580.0,10048.0,27.0,0.01,0.0,1.0,0.0,0.0,1.0,0.0,0.0,0.01,0.0,0.0,0.0,0.0,0.0,0.0,0.0,0.0,0.0,0.0,1.0,2.0,0.0,0.0,0.0,0.0,0.0,0.0,0.0,0.0,0.0,0.0,0.0
5795371,2026-08-23T15:30:00.000Z,1,Premier League,Newcastle United,10261,Liverpool,8650,1021929,Jacob Ramsey,Newcastle United,10261,False,6.44,34.0,0.0,0.0,0.01,0.06999999999999999,29.0,4760.0,15.0,16.0,0.0,0.0,6.0,25.0,1.0,0.0,2.0,0.0,0.0,0.0,0.0,0.0,0.0,2.0,1.0,1.0,0.0,1.0,1.0,0.0,2.0,4.0,0.0,0.0,0.0,1.0,2.0,2.0,1050.0,4760.0,41.0,4760.0,2.0,0.06,0.0,1.0,0.0,1.0,0.0,0.0,1.0,0.06,0.0,0.0,0.0,0.0,0.0,0.0,0.0,0.0,0.0,0.0,0.0,1.0,0.0,0.0,0.0,0.0,0.0,0.0,0.0,0.0,0.0,0.0,0.0
5795371,2026-08-23T15:30:00.000Z,1,Premier League,Newcastle United,10261,Liverpool,8650,1050166,Anthony Elanga,Newcastle United,10261,False,7.79,76.0,1.0,0.0,0.01,0.23,34.900001525878906,8152.0,15.0,21.0,0.0,9.0,2.0,32.0,3.0,2.0,4.0,0.0,1.0,0.0,1.0,0.0,0.0,0.0,0.0,1.0,0.0,0.0,1.0,1.0,4.0,7.0,1.0,2.0,3.0,1.0,5.0,4.0,1459.0,8152.0,538.0,8152.0,23.0,0.22,0.4,2.0,2.0,0.0,0.0,2.0,2.0,0.22,0.0,0.0,0.0,0.0,0.0,0.0,0.0,0.0,0.0,0.0,1.0,2.0,0.0,0.0,0.0,0.0,0.0,0.0,0.0,0.0,0.0,0.0,0.0
5795371,2026-08-23T15:30:00.000Z,1,Premier League,Newcastle United,10261,Liverpool,8650,1106563,Nick Woltemade,Newcastle United,10261,False,0.0,0.0,0.0,0.0,0.0,0.0,0.0,0.0,0.0,0.0,0.0,0.0,0.0,0.0,0.0,0.0,0.0,0.0,0.0,0.0,0.0,0.0,0.0,0.0,0.0,0.0,0.0,0.0,0.0,0.0,0.0,0.0,0.0,0.0,0.0,0.0,0.0,0.0,0.0,0.0,0.0,0.0,0.0,0.0,0.0,0.0,0.0,0.0,0.0,0.0,0.0,0.0,0.0,0.0,0.0,0.0,0.0,0.0,0.0,0.0,0.0,0.0,0.0,0.0,0.0,0.0,0.0,0.0,0.0,0.0,0.0,0.0,0.0,0.0,0.0
5795371,2026-08-23T15:30:00.000Z,1,Premier League,Newcastle United,10261,Liverpool,8650,1137407,Malick Thiaw,Newcastle United,10261,False,6.32,90.0,0.0,0.0,0.0,0.0,30.600000381469727,9363.0,20.0,30.0,0.0,3.0,15.0,48.0,0.0,5.0,4.0,0.0,0.0,2.0,10.0,0.0,0.0,0.0,6.0,9.0,4.0,0.0,2.0,0.0,0.0,1.0,3.0,5.0,0.0,1.0,3.0,3.0,1155.0,9363.0,98.0,9363.0,3.0,0.0,0.0,0.0,0.0,0.0,0.0,0.0,0.0,0.0,0.0,0.0,0.0,0.0,0.0,0.0,0.0,0.0,0.0,0.0,0.0,0.0,0.0,0.0,0.0,0.0,0.0,0.0,0.0,0.0,0.0,0.0,0.0
5795371,2026-08-23T15:30:00.000Z,1,Premier League,Newcastle United,10261,Liverpool,8650,1152455,Florian Wirtz,Liverpool,8650,False,7.07,63.0,0.0,0.0,0.04,0.3,32.599998474121094,7950.0,29.0,33.0,1.0,2.0,5.0,43.0,4.0,6.0,8.0,0.0,1.0,2.0,4.0,0.0,0.0,1.0,0.0,0.0,0.0,0.0,4.0,0.0,3.0,4.0,0.0,0.0,1.0,0.0,3.0,1.0,2246.0,7950.0,146.0,7950.0,6.0,0.26,0.31,3.0,1.0,0.0,2.0,1.0,1.0,0.26,0.0,0.0,0.0,0.0,0.0,0.0,0.0,0.0,0.0,0.0,1.0,2.0,0.0,0.0,0.0,0.0,0.0,0.0,0.0,0.0,0.0,0.0,0.0
5795371,2026-08-23T15:30:00.000Z,1,Premier League,Newcastle United,10261,Liverpool,8650,1186978,Lukás Hornícek,Newcastle United,10261,True,7.77,90.0,0.0,0.0,0.0,0.0,23.0,6031.0,22.0,38.0,0.0,1.0,3.0,50.0,0.0,7.0,8.0,0.0,0.0,7.0,23.0,0.0,0.0,0.0,0.0,3.0,0.0,0.0,5.0,0.0,0.0,0.0,0.0,0.0,0.0,0.0,0.0,0.0,173.0,6031.0,0.0,0.0,0.0,0.0,0.0,0.0,0.0,0.0,0.0,0.0,0.0,0.0,5.0,2.0,2.97,0.97,1.0,4.0,0.0,1.0,3.0,0.0,0.0,0.0,0.0,0.0,0.0,0.0,0.0,0.0,0.0,0.0,0.0,0.0,0.0
5795371,2026-08-23T15:30:00.000Z,1,Premier League,Newcastle United,10261,Liverpool,8650,1195281,Milos Kerkez,Liverpool,8650,False,6.32,90.0,0.0,0.0,0.02,0.04,32.70000076293945,10359.0,33.0,41.0,1.0,0.0,7.0,64.0,2.0,7.0,8.0,0.0,2.0,3.0,7.0,0.0,3.0,3.0,1.0,2.0,2.0,1.0,3.0,0.0,4.0,10.0,2.0,3.0,1.0,3.0,6.0,7.0,1778.0,10359.0,538.0,10359.0,25.0,0.02,0.04,2.0,1.0,1.0,0.0,1.0,2.0,0.02,0.0,0.0,0.0,0.0,0.0,0.0,0.0,0.0,0.0,0.0,0.0,0.0,0.0,0.0,0.0,0.0,0.0,0.0,0.0,0.0,0.0,0.0,0.0
5795371,2026-08-23T15:30:00.000Z,1,Premier League,Newcastle United,10261,Liverpool,8650,1197655,Lewis Hall,Newcastle United,10261,False,7.16,90.0,0.0,0.0,0.35,0.35,33.29999923706055,10924.0,17.0,24.0,1.0,3.0,11.0,54.0,0.0,5.0,5.0,1.0,4.0,2.0,5.0,2.0,0.0,5.0,1.0,3.0,2.0,2.0,8.0,0.0,5.0,9.0,0.0,0.0,0.0,2.0,5.0,4.0,1927.0,10924.0,375.0,10924.0,17.0,0.0,0.0,0.0,0.0,0.0,0.0,0.0,0.0,0.0,0.0,0.0,0.0,0.0,0.0,0.0,0.0,0.0,0.0,0.0,0.0,2.0,0.0,1.0,0.0,0.0,0.0,0.0,0.0,1.0,0.0,0.0,0.0
5795371,2026-08-23T15:30:00.000Z,1,Premier League,Newcastle United,10261,Liverpool,8650,1231075,James McConnell,Liverpool,8650,False,0.0,0.0,0.0,0.0,0.0,0.0,0.0,0.0,0.0,0.0,0.0,0.0,0.0,0.0,0.0,0.0,0.0,0.0,0.0,0.0,0.0,0.0,0.0,0.0,0.0,0.0,0.0,0.0,0.0,0.0,0.0,0.0,0.0,0.0,0.0,0.0,0.0,0.0,0.0,0.0,0.0,0.0,0.0,0.0,0.0,0.0,0.0,0.0,0.0,0.0,0.0,0.0,0.0,0.0,0.0,0.0,0.0,0.0,0.0,0.0,0.0,0.0,0.0,0.0,0.0,0.0,0.0,0.0,0.0,0.0,0.0,0.0,0.0,0.0,0.0
5795371,2026-08-23T15:30:00.000Z,1,Premier League,Newcastle United,10261,Liverpool,8650,1258092,William Osula,Newcastle United,10261,False,7.06,56.0,0.0,1.0,0.14,0.2,33.5,6016.0,4.0,5.0,1.0,4.0,5.0,20.0,2.0,2.0,1.0,0.0,0.0,0.0,0.0,0.0,1.0,1.0,2.0,0.0,0.0,0.0,2.0,1.0,1.0,3.0,0.0,3.0,0.0,0.0,1.0,5.0,898.0,6016.0,318.0,6016.0,14.0,0.06,0.0,2.0,0.0,0.0,2.0,0.0,0.0,0.06,0.0,0.0,0.0,0.0,0.0,0.0,0.0,0.0,0.0,0.0,0.0,0.0,0.0,1.0,0.0,0.0,0.0,0.0,0.0,0.0,0.0,0.0,0.0
5795371,2026-08-23T15:30:00.000Z,1,Premier League,Newcastle United,10261,Liverpool,8650,1296763,Lewis Miley,Newcastle United,10261,False,7.5,76.0,0.0,0.0,0.01,0.060000000000000005,31.100000381469727,8966.0,30.0,36.0,2.0,3.0,13.0,46.0,1.0,4.0,8.0,0.0,0.0,1.0,1.0,0.0,0.0,1.0,1.0,4.0,2.0,1.0,6.0,0.0,3.0,4.0,2.0,3.0,1.0,1.0,5.0,2.0,1858.0,8966.0,194.0,8966.0,10.0,0.05,0.0,1.0,0.0,1.0,0.0,0.0,1.0,0.05,0.0,0.0,0.0,0.0,0.0,0.0,0.0,0.0,0.0,0.0,1.0,1.0,0.0,0.0,0.0,0.0,0.0,0.0,0.0,0.0,0.0,0.0,0.0
5795371,2026-08-23T15:30:00.000Z,1,Premier League,Newcastle United,10261,Liverpool,8650,1364042,Lewis Koumas,Liverpool,8650,False,6.27,12.0,0.0,0.0,0.0,0.03,31.5,2335.0,2.0,3.0,0.0,1.0,1.0,5.0,2.0,1.0,1.0,0.0,0.0,0.0,1.0,0.0,0.0,0.0,0.0,0.0,0.0,0.0,1.0,0.0,1.0,1.0,0.0,1.0,0.0,0.0,1.0,1.0,446.0,2335.0,92.0,2335.0,4.0,0.03,0.0,1.0,0.0,0.0,1.0,0.0,0.0,0.03,0.0,0.0,0.0,0.0,0.0,0.0,0.0,0.0,0.0,0.0,1.0,1.0,0.0,0.0,0.0,0.0,0.0,0.0,0.0,0.0,0.0,0.0,0.0
5795371,2026-08-23T15:30:00.000Z,1,Premier League,Newcastle United,10261,Liverpool,8650,1414761,Leo Shahar,Newcastle United,10261,False,0.0,0.0,0.0,0.0,0.0,0.0,0.0,0.0,0.0,0.0,0.0,0.0,0.0,0.0,0.0,0.0,0.0,0.0,0.0,0.0,0.0,0.0,0.0,0.0,0.0,0.0,0.0,0.0,0.0,0.0,0.0,0.0,0.0,0.0,0.0,0.0,0.0,0.0,0.0,0.0,0.0,0.0,0.0,0.0,0.0,0.0,0.0,0.0,0.0,0.0,0.0,0.0,0.0,0.0,0.0,0.0,0.0,0.0,0.0,0.0,0.0,0.0,0.0,0.0,0.0,0.0,0.0,0.0,0.0,0.0,0.0,0.0,0.0,0.0,0.0
5795371,2026-08-23T15:30:00.000Z,1,Premier League,Newcastle United,10261,Liverpool,8650,1436258,Trey Nyoni,Liverpool,8650,False,0.0,0.0,0.0,0.0,0.0,0.0,0.0,0.0,0.0,0.0,0.0,0.0,0.0,0.0,0.0,0.0,0.0,0.0,0.0,0.0,0.0,0.0,0.0,0.0,0.0,0.0,0.0,0.0,0.0,0.0,0.0,0.0,0.0,0.0,0.0,0.0,0.0,0.0,0.0,0.0,0.0,0.0,0.0,0.0,0.0,0.0,0.0,0.0,0.0,0.0,0.0,0.0,0.0,0.0,0.0,0.0,0.0,0.0,0.0,0.0,0.0,0.0,0.0,0.0,0.0,0.0,0.0,0.0,0.0,0.0,0.0,0.0,0.0,0.0,0.0
5795371,2026-08-23T15:30:00.000Z,1,Premier League,Newcastle United,10261,Liverpool,8650,1438570,Ewen Jaouen,Newcastle United,10261,True,0.0,0.0,0.0,0.0,0.0,0.0,0.0,0.0,0.0,0.0,0.0,0.0,0.0,0.0,0.0,0.0,0.0,0.0,0.0,0.0,0.0,0.0,0.0,0.0,0.0,0.0,0.0,0.0,0.0,0.0,0.0,0.0,0.0,0.0,0.0,0.0,0.0,0.0,0.0,0.0,0.0,0.0,0.0,0.0,0.0,0.0,0.0,0.0,0.0,0.0,0.0,0.0,0.0,0.0,0.0,0.0,0.0,0.0,0.0,0.0,0.0,0.0,0.0,0.0,0.0,0.0,0.0,0.0,0.0,0.0,0.0,0.0,0.0,0.0,0.0
5795371,2026-08-23T15:30:00.000Z,1,Premier League,Newcastle United,10261,Liverpool,8650,1473534,Jérémy Jacquet,Liverpool,8650,False,7.04,70.0,0.0,0.0,0.02,0.02,30.700000762939453,7177.0,38.0,42.0,1.0,1.0,3.0,51.0,0.0,12.0,10.0,0.0,0.0,1.0,2.0,0.0,0.0,1.0,0.0,1.0,1.0,1.0,3.0,0.0,3.0,3.0,1.0,1.0,1.0,1.0,4.0,0.0,1350.0,7177.0,97.0,7177.0,6.0,0.0,0.0,0.0,0.0,0.0,0.0,0.0,0.0,0.0,0.0,0.0,0.0,0.0,0.0,0.0,0.0,0.0,0.0,0.0,1.0,1.0,0.0,0.0,0.0,0.0,0.0,0.0,0.0,0.0,0.0,0.0,0.0
5795371,2026-08-23T15:30:00.000Z,1,Premier League,Newcastle United,10261,Liverpool,8650,1553105,Víctor Muñoz,Liverpool,8650,False,6.67,27.0,0.0,0.0,0.04,0.13,32.29999923706055,3707.0,5.0,6.0,0.0,4.0,0.0,16.0,3.0,0.0,0.0,2.0,4.0,0.0,0.0,0.0,0.0,0.0,0.0,0.0,0.0,0.0,0.0,0.0,1.0,1.0,0.0,0.0,1.0,0.0,1.0,0.0,591.0,3707.0,182.0,3707.0,9.0,0.09,0.0,2.0,0.0,0.0,2.0,0.0,0.0,0.09,0.0,0.0,0.0,0.0,0.0,0.0,0.0,0.0,0.0,0.0,0.0,0.0,0.0,0.0,0.0,0.0,0.0,0.0,0.0,0.0,1.0,0.0,0.0
5795371,2026-08-23T15:30:00.000Z,1,Premier League,Newcastle United,10261,Liverpool,8650,1597668,Rio Ngumoha,Liverpool,8650,False,6.37,63.0,0.0,0.0,0.02,0.06,33.20000076293945,6260.0,10.0,13.0,0.0,2.0,3.0,21.0,1.0,1.0,2.0,1.0,2.0,0.0,0.0,0.0,1.0,1.0,0.0,0.0,0.0,0.0,2.0,0.0,2.0,5.0,0.0,0.0,1.0,1.0,2.0,3.0,1167.0,6260.0,168.0,6260.0,6.0,0.04,0.0,1.0,0.0,0.0,1.0,0.0,0.0,0.04,0.0,0.0,0.0,0.0,0.0,0.0,0.0,0.0,0.0,0.0,0.0,1.0,0.0,0.0,0.0,0.0,0.0,0.0,0.0,0.0,0.0,0.0,0.0
5795371,2026-08-23T15:30:00.000Z,1,Premier League,Newcastle United,10261,Liverpool,8650,1624586,Bazoumana Touré,Newcastle United,10261,False,0.0,0.0,0.0,0.0,0.0,0.0,0.0,0.0,0.0,0.0,0.0,0.0,0.0,0.0,0.0,0.0,0.0,0.0,0.0,0.0,0.0,0.0,0.0,0.0,0.0,0.0,0.0,0.0,0.0,0.0,0.0,0.0,0.0,0.0,0.0,0.0,0.0,0.0,0.0,0.0,0.0,0.0,0.0,0.0,0.0,0.0,0.0,0.0,0.0,0.0,0.0,0.0,0.0,0.0,0.0,0.0,0.0,0.0,0.0,0.0,0.0,0.0,0.0,0.0,0.0,0.0,0.0,0.0,0.0,0.0,0.0,0.0,0.0,0.0,0.0
5795371,2026-08-23T15:30:00.000Z,1,Premier League,Newcastle United,10261,Liverpool,8650,1643770,Sean Steur,Newcastle United,10261,False,6.08,56.0,0.0,0.0,0.0,0.0,29.5,7133.0,22.0,29.0,0.0,1.0,2.0,31.0,0.0,2.0,1.0,0.0,0.0,0.0,2.0,0.0,1.0,0.0,0.0,0.0,0.0,0.0,2.0,0.0,0.0,1.0,0.0,0.0,0.0,0.0,0.0,1.0,1719.0,7133.0,110.0,7133.0,5.0,0.0,0.0,0.0,0.0,0.0,0.0,0.0,0.0,0.0,0.0,0.0,0.0,0.0,0.0,0.0,0.0,0.0,0.0,0.0,0.0,0.0,0.0,0.0,0.0,0.0,0.0,0.0,0.0,0.0,0.0,0.0,0.0
5795371,2026-08-23T15:30:00.000Z,1,Premier League,Newcastle United,10261,Liverpool,8650,1695681,Aladji Bamba,Newcastle United,10261,False,6.28,14.0,0.0,0.0,0.0,0.0,30.600000381469727,2210.0,1.0,1.0,0.0,1.0,2.0,5.0,0.0,0.0,0.0,0.0,0.0,0.0,0.0,0.0,0.0,1.0,0.0,1.0,1.0,0.0,0.0,0.0,1.0,1.0,1.0,2.0,0.0,0.0,2.0,1.0,423.0,2210.0,66.0,2210.0,3.0,0.0,0.0,0.0,0.0,0.0,0.0,0.0,0.0,0.0,0.0,0.0,0.0,0.0,0.0,0.0,0.0,0.0,0.0,0.0,0.0,0.0,0.0,0.0,0.0,0.0,0.0,0.0,0.0,0.0,0.0,0.0,0.0
5795372,2026-08-24T19:00:00.000Z,1,Premier League,Fulham,9879,Chelsea,8455,113836,Danny Welbeck,Chelsea,8455,False,0.0,0.0,0.0,0.0,0.0,0.0,0.0,0.0,0.0,0.0,0.0,0.0,0.0,0.0,0.0,0.0,0.0,0.0,0.0,0.0,0.0,0.0,0.0,0.0,0.0,0.0,0.0,0.0,0.0,0.0,0.0,0.0,0.0,0.0,0.0,0.0,0.0,0.0,0.0,0.0,0.0,0.0,0.0,0.0,0.0,0.0,0.0,0.0,0.0,0.0,0.0,0.0,0.0,0.0,0.0,0.0,0.0,0.0,0.0,0.0,0.0,0.0,0.0,0.0,0.0,0.0,0.0,0.0,0.0,0.0,0.0,0.0,0.0,0.0,0.0
5795372,2026-08-24T19:00:00.000Z,1,Premier League,Fulham,9879,Chelsea,8455,210114,Benjamin Lecomte,Fulham,9879,True,0.0,0.0,0.0,0.0,0.0,0.0,0.0,0.0,0.0,0.0,0.0,0.0,0.0,0.0,0.0,0.0,0.0,0.0,0.0,0.0,0.0,0.0,0.0,0.0,0.0,0.0,0.0,0.0,0.0,0.0,0.0,0.0,0.0,0.0,0.0,0.0,0.0,0.0,0.0,0.0,0.0,0.0,0.0,0.0,0.0,0.0,0.0,0.0,0.0,0.0,0.0,0.0,0.0,0.0,0.0,0.0,0.0,0.0,0.0,0.0,0.0,0.0,0.0,0.0,0.0,0.0,0.0,0.0,0.0,0.0,0.0,0.0,0.0,0.0,0.0
5795372,2026-08-24T19:00:00.000Z,1,Premier League,Fulham,9879,Chelsea,8455,215168,Bernd Leno,Fulham,9879,True,5.72,90.0,0.0,0.0,0.0,0.0,24.200000762939453,5515.0,34.0,42.0,0.0,2.0,1.0,51.0,0.0,7.0,8.0,0.0,0.0,5.0,13.0,0.0,0.0,0.0,0.0,1.0,0.0,0.0,9.0,0.0,0.0,0.0,0.0,0.0,0.0,0.0,0.0,0.0,219.0,5515.0,0.0,5515.0,0.0,0.0,0.0,0.0,0.0,0.0,0.0,0.0,0.0,0.0,3.0,3.0,2.02,-0.98,0.0,3.0,0.0,1.0,5.0,0.0,0.0,0.0,0.0,0.0,0.0,0.0,0.0,0.0,0.0,0.0,0.0,0.0,0.0
5795372,2026-08-24T19:00:00.000Z,1,Premier League,Fulham,9879,Chelsea,8455,465750,Timothy Castagne,Fulham,9879,False,7.33,90.0,0.0,1.0,0.18,0.27,33.5,12438.0,34.0,43.0,2.0,6.0,6.0,64.0,4.0,3.0,6.0,1.0,2.0,1.0,4.0,0.0,0.0,1.0,1.0,3.0,3.0,1.0,4.0,1.0,4.0,7.0,3.0,4.0,2.0,2.0,7.0,4.0,2887.0,12438.0,355.0,12438.0,16.0,0.09,0.03,1.0,1.0,0.0,0.0,1.0,1.0,0.09,0.0,0.0,0.0,0.0,0.0,0.0,0.0,0.0,0.0,0.0,1.0,1.0,0.0,0.0,0.0,0.0,0.0,0.0,0.0,0.0,0.0,0.0,0.0
5795372,2026-08-24T19:00:00.000Z,1,Premier League,Fulham,9879,Chelsea,8455,469804,Kenny Tete,Fulham,9879,False,0.0,0.0,0.0,0.0,0.0,0.0,0.0,0.0,0.0,0.0,0.0,0.0,0.0,0.0,0.0,0.0,0.0,0.0,0.0,0.0,0.0,0.0,0.0,0.0,0.0,0.0,0.0,0.0,0.0,0.0,0.0,0.0,0.0,0.0,0.0,0.0,0.0,0.0,0.0,0.0,0.0,0.0,0.0,0.0,0.0,0.0,0.0,0.0,0.0,0.0,0.0,0.0,0.0,0.0,0.0,0.0,0.0,0.0,0.0,0.0,0.0,0.0,0.0,0.0,0.0,0.0,0.0,0.0,0.0,0.0,0.0,0.0,0.0,0.0,0.0
5795372,2026-08-24T19:00:00.000Z,1,Premier League,Fulham,9879,Chelsea,8455,502420,Harrison Reed,Fulham,9879,False,0.0,0.0,0.0,0.0,0.0,0.0,0.0,0.0,0.0,0.0,0.0,0.0,0.0,0.0,0.0,0.0,0.0,0.0,0.0,0.0,0.0,0.0,0.0,0.0,0.0,0.0,0.0,0.0,0.0,0.0,0.0,0.0,0.0,0.0,0.0,0.0,0.0,0.0,0.0,0.0,0.0,0.0,0.0,0.0,0.0,0.0,0.0,0.0,0.0,0.0,0.0,0.0,0.0,0.0,0.0,0.0,0.0,0.0,0.0,0.0,0.0,0.0,0.0,0.0,0.0,0.0,0.0,0.0,0.0,0.0,0.0,0.0,0.0,0.0,0.0
5795372,2026-08-24T19:00:00.000Z,1,Premier League,Fulham,9879,Chelsea,8455,540963,Sander Berge,Fulham,9879,False,6.18,73.0,0.0,0.0,0.03,0.06,31.100000381469727,9681.0,58.0,61.0,2.0,2.0,4.0,67.0,2.0,3.0,10.0,0.0,1.0,1.0,1.0,0.0,1.0,1.0,1.0,0.0,0.0,0.0,2.0,1.0,1.0,3.0,1.0,2.0,0.0,0.0,2.0,3.0,2156.0,9681.0,129.0,9681.0,6.0,0.03,0.0,1.0,0.0,0.0,1.0,0.0,0.0,0.03,0.0,0.0,0.0,0.0,0.0,0.0,0.0,0.0,0.0,0.0,0.0,0.0,0.0,0.0,0.0,0.0,0.0,0.0,0.0,0.0,0.0,0.0,0.0
5795372,2026-08-24T19:00:00.000Z,1,Premier League,Fulham,9879,Chelsea,8455,604785,Alex Iwobi,Fulham,9879,False,6.64,90.0,0.0,0.0,0.04,0.04,31.700000762939453,11856.0,83.0,92.0,0.0,2.0,10.0,103.0,0.0,10.0,21.0,1.0,2.0,7.0,9.0,1.0,1.0,1.0,0.0,0.0,0.0,3.0,6.0,2.0,1.0,4.0,0.0,0.0,0.0,0.0,1.0,3.0,2645.0,11856.0,195.0,11856.0,10.0,0.0,0.0,0.0,0.0,0.0,0.0,0.0,0.0,0.0,0.0,0.0,0.0,0.0,0.0,0.0,0.0,0.0,0.0,0.0,0.0,0.0,0.0,0.0,0.0,0.0,0.0,0.0,0.0,0.0,0.0,0.0,0.0
5795372,2026-08-24T19:00:00.000Z,1,Premier League,Fulham,9879,Chelsea,8455,662428,Antonee Robinson,Fulham,9879,False,6.23,82.0,0.0,0.0,0.04,0.17,32.0,10049.0,38.0,50.0,1.0,1.0,7.0,69.0,1.0,3.0,10.0,2.0,3.0,2.0,4.0,0.0,1.0,3.0,1.0,2.0,1.0,1.0,5.0,4.0,4.0,9.0,0.0,1.0,0.0,0.0,4.0,6.0,2140.0,10049.0,304.0,10049.0,14.0,0.13,0.0,1.0,0.0,1.0,0.0,0.0,1.0,0.13,0.0,0.0,0.0,0.0,0.0,0.0,0.0,0.0,0.0,0.0,1.0,1.0,0.0,0.0,1.0,0.0,0.0,0.0,0.0,0.0,0.0,0.0,0.0
5795372,2026-08-24T19:00:00.000Z,1,Premier League,Fulham,9879,Chelsea,8455,773991,Ryan Sessegnon,Fulham,9879,False,6.35,17.0,0.0,0.0,0.0,0.03,33.20000076293945,2910.0,4.0,7.0,0.0,1.0,1.0,19.0,2.0,1.0,3.0,0.0,2.0,0.0,2.0,0.0,2.0,0.0,0.0,0.0,0.0,1.0,1.0,1.0,2.0,5.0,1.0,1.0,0.0,0.0,3.0,3.0,742.0,2910.0,128.0,2910.0,6.0,0.03,0.09,1.0,1.0,0.0,0.0,1.0,1.0,0.03,0.0,0.0,0.0,0.0,0.0,0.0,0.0,0.0,0.0,0.0,2.0,2.0,0.0,0.0,0.0,0.0,0.0,0.0,0.0,0.0,0.0,0.0,0.0
5795372,2026-08-24T19:00:00.000Z,1,Premier League,Fulham,9879,Chelsea,8455,789571,Robert Sánchez,Chelsea,8455,True,5.6,90.0,0.0,0.0,0.01,0.01,21.600000381469727,4717.0,13.0,29.0,0.0,2.0,1.0,39.0,0.0,13.0,8.0,0.0,0.0,8.0,24.0,0.0,0.0,0.0,0.0,1.0,0.0,0.0,5.0,0.0,0.0,0.0,0.0,0.0,0.0,0.0,0.0,0.0,74.0,4717.0,0.0,0.0,0.0,0.0,0.0,0.0,0.0,0.0,0.0,0.0,0.0,0.0,4.0,2.0,1.17,-0.83,1.0,2.0,0.0,1.0,2.0,3.0,0.0,0.0,0.0,0.0,0.0,1.0,0.0,0.0,0.0,0.0,0.0,0.0,0.0
5795372,2026-08-24T19:00:00.000Z,1,Premier League,Fulham,9879,Chelsea,8455,807729,Reece James,Chelsea,8455,False,7.01,90.0,0.0,0.0,0.07,0.17,30.700000762939453,11922.0,44.0,50.0,1.0,0.0,6.0,70.0,1.0,4.0,8.0,1.0,3.0,2.0,5.0,1.0,2.0,0.0,2.0,2.0,1.0,2.0,4.0,1.0,0.0,4.0,1.0,1.0,0.0,1.0,1.0,4.0,2098.0,11922.0,69.0,11922.0,3.0,0.1,0.02,2.0,1.0,0.0,1.0,1.0,1.0,0.1,0.0,0.0,0.0,0.0,0.0,0.0,0.0,0.0,0.0,0.0,0.0,0.0,0.0,0.0,0.0,0.0,0.0,0.0,0.0,0.0,0.0,0.0,0.0
5795372,2026-08-24T19:00:00.000Z,1,Premier League,Fulham,9879,Chelsea,8455,821728,Jorge Cuenca,Fulham,9879,False,6.06,90.0,0.0,0.0,0.03,0.03,31.700000762939453,10209.0,77.0,87.0,2.0,3.0,10.0,99.0,0.0,9.0,16.0,0.0,0.0,6.0,11.0,0.0,0.0,1.0,3.0,5.0,2.0,1.0,3.0,0.0,1.0,1.0,2.0,3.0,0.0,0.0,3.0,1.0,1858.0,10209.0,114.0,10209.0,5.0,0.0,0.0,0.0,0.0,0.0,0.0,0.0,0.0,0.0,0.0,0.0,0.0,0.0,0.0,0.0,0.0,0.0,0.0,0.0,0.0,0.0,0.0,1.0,0.0,0.0,0.0,0.0,0.0,0.0,0.0,0.0,0.0
5795372,2026-08-24T19:00:00.000Z,1,Premier League,Fulham,9879,Chelsea,8455,843040,Pedro Neto,Chelsea,8455,False,6.88,14.0,0.0,0.0,0.07,0.1,31.600000381469727,2444.0,3.0,5.0,0.0,1.0,4.0,14.0,1.0,0.0,2.0,1.0,1.0,0.0,2.0,0.0,0.0,1.0,0.0,0.0,0.0,0.0,3.0,0.0,4.0,4.0,0.0,0.0,0.0,0.0,4.0,0.0,477.0,2444.0,140.0,2444.0,8.0,0.03,0.0,1.0,0.0,1.0,0.0,0.0,1.0,0.03,0.0,0.0,0.0,0.0,0.0,0.0,0.0,0.0,0.0,0.0,3.0,3.0,0.0,0.0,0.0,0.0,0.0,0.0,0.0,0.0,0.0,0.0,0.0
5795372,2026-08-24T19:00:00.000Z,1,Premier League,Fulham,9879,Chelsea,8455,877401,Calvin Bassey,Fulham,9879,False,5.97,90.0,0.0,0.0,0.02,0.04,34.400001525878906,10755.0,81.0,89.0,0.0,0.0,4.0,104.0,0.0,18.0,22.0,0.0,0.0,12.0,16.0,0.0,0.0,1.0,0.0,3.0,2.0,0.0,4.0,1.0,2.0,5.0,0.0,0.0,1.0,1.0,2.0,3.0,2280.0,10755.0,199.0,10755.0,10.0,0.02,0.0,1.0,0.0,0.0,1.0,0.0,0.0,0.02,0.0,0.0,0.0,0.0,0.0,0.0,0.0,0.0,0.0,0.0,0.0,2.0,0.0,0.0,0.0,0.0,0.0,0.0,0.0,0.0,0.0,0.0,0.0
5795372,2026-08-24T19:00:00.000Z,1,Premier League,Fulham,9879,Chelsea,8455,883080,Morgan Rogers,Chelsea,8455,False,8.65,82.0,1.0,0.0,0.1,1.06,32.900001525878906,10783.0,16.0,23.0,5.0,8.0,7.0,41.0,5.0,4.0,5.0,0.0,1.0,3.0,3.0,1.0,1.0,2.0,0.0,0.0,0.0,0.0,5.0,0.0,6.0,8.0,2.0,3.0,1.0,1.0,8.0,3.0,2232.0,10783.0,183.0,10783.0,10.0,0.96,0.99,3.0,1.0,0.0,2.0,1.0,1.0,0.96,0.0,0.0,0.0,0.0,0.0,0.0,0.0,0.0,0.0,0.0,3.0,3.0,0.0,0.0,0.0,0.0,0.0,0.0,0.0,0.0,0.0,0.0,0.0
5795372,2026-08-24T19:00:00.000Z,1,Premier League,Fulham,9879,Chelsea,8455,889534,Emile Smith Rowe,Fulham,9879,False,0.0,0.0,0.0,0.0,0.0,0.0,0.0,0.0,0.0,0.0,0.0,0.0,0.0,0.0,0.0,0.0,0.0,0.0,0.0,0.0,0.0,0.0,0.0,0.0,0.0,0.0,0.0,0.0,0.0,0.0,0.0,0.0,0.0,0.0,0.0,0.0,0.0,0.0,0.0,0.0,0.0,0.0,0.0,0.0,0.0,0.0,0.0,0.0,0.0,0.0,0.0,0.0,0.0,0.0,0.0,0.0,0.0,0.0,0.0,0.0,0.0,0.0,0.0,0.0,0.0,0.0,0.0,0.0,0.0,0.0,0.0,0.0,0.0,0.0,0.0
5795372,2026-08-24T19:00:00.000Z,1,Premier League,Fulham,9879,Chelsea,8455,950485,Maxence Lacroix,Chelsea,8455,False,8.1,90.0,0.0,1.0,0.2,0.2,32.29999923706055,10307.0,47.0,50.0,1.0,6.0,12.0,68.0,1.0,3.0,10.0,0.0,0.0,3.0,4.0,0.0,2.0,5.0,1.0,4.0,3.0,2.0,2.0,1.0,6.0,10.0,2.0,8.0,1.0,1.0,8.0,10.0,1666.0,10307.0,218.0,10307.0,10.0,0.0,0.0,0.0,0.0,0.0,0.0,0.0,0.0,0.0,0.0,0.0,0.0,0.0,0.0,0.0,0.0,0.0,0.0,0.0,0.0,0.0,0.0,1.0,0.0,0.0,0.0,0.0,2.0,0.0,0.0,0.0,0.0
5795372,2026-08-24T19:00:00.000Z,1,Premier League,Fulham,9879,Chelsea,8455,988805,Pep Chavarría,Chelsea,8455,False,5.98,25.0,0.0,0.0,0.0,0.0,31.700000762939453,4060.0,5.0,8.0,0.0,1.0,1.0,12.0,1.0,1.0,1.0,0.0,0.0,0.0,1.0,0.0,1.0,0.0,0.0,1.0,1.0,0.0,1.0,0.0,0.0,1.0,0.0,1.0,0.0,0.0,0.0,2.0,880.0,4060.0,137.0,4060.0,7.0,0.0,0.0,0.0,0.0,0.0,0.0,0.0,0.0,0.0,0.0,0.0,0.0,0.0,0.0,0.0,0.0,0.0,0.0,0.0,0.0,0.0,0.0,0.0,0.0,0.0,0.0,0.0,0.0,0.0,0.0,0.0,0.0
5795372,2026-08-24T19:00:00.000Z,1,Premier League,Fulham,9879,Chelsea,8455,1021382,João Pedro,Chelsea,8455,False,8.5,90.0,1.0,1.0,0.06,0.69,33.29999923706055,10860.0,15.0,20.0,2.0,11.0,3.0,39.0,8.0,5.0,4.0,0.0,0.0,1.0,2.0,0.0,2.0,0.0,0.0,1.0,1.0,0.0,2.0,1.0,2.0,6.0,2.0,4.0,1.0,1.0,4.0,6.0,1952.0,10860.0,264.0,10860.0,13.0,0.63,0.48,4.0,1.0,2.0,1.0,1.0,3.0,0.63,0.0,0.0,0.0,0.0,0.0,0.0,0.0,0.0,0.0,0.0,1.0,1.0,0.0,1.0,0.0,0.0,0.0,0.0,0.0,0.0,0.0,0.0,0.0
5795372,2026-08-24T19:00:00.000Z,1,Premier League,Fulham,9879,Chelsea,8455,1096353,Cole Palmer,Chelsea,8455,False,9.08,83.0,1.0,1.0,0.19,0.47000000000000003,32.5,10151.0,30.0,34.0,3.0,13.0,9.0,62.0,9.0,6.0,9.0,1.0,2.0,2.0,4.0,1.0,2.0,2.0,0.0,0.0,0.0,0.0,7.0,0.0,10.0,15.0,0.0,1.0,3.0,0.0,10.0,6.0,2321.0,10151.0,314.0,10151.0,16.0,0.28,0.2,5.0,2.0,2.0,1.0,2.0,4.0,0.28,0.0,0.0,0.0,0.0,0.0,0.0,0.0,0.0,0.0,0.0,5.0,8.0,1.0,1.0,0.0,0.0,0.0,0.0,0.0,0.0,0.0,0.0,0.0
5795372,2026-08-24T19:00:00.000Z,1,Premier League,Fulham,9879,Chelsea,8455,1096400,Levi Colwill,Chelsea,8455,False,6.68,90.0,0.0,0.0,0.03,0.04,32.900001525878906,10802.0,28.0,30.0,0.0,0.0,4.0,41.0,2.0,1.0,7.0,0.0,0.0,0.0,1.0,0.0,0.0,2.0,0.0,2.0,1.0,0.0,3.0,0.0,4.0,5.0,0.0,1.0,1.0,1.0,4.0,2.0,1605.0,10802.0,168.0,10802.0,6.0,0.01,0.0,1.0,0.0,0.0,1.0,0.0,0.0,0.01,0.0,0.0,0.0,0.0,0.0,0.0,0.0,0.0,0.0,0.0,1.0,1.0,0.0,0.0,0.0,0.0,0.0,0.0,0.0,0.0,0.0,0.0,0.0
5795372,2026-08-24T19:00:00.000Z,1,Premier League,Fulham,9879,Chelsea,8455,1113692,Jamie Gittens,Chelsea,8455,False,0.0,0.0,0.0,0.0,0.0,0.0,0.0,0.0,0.0,0.0,0.0,0.0,0.0,0.0,0.0,0.0,0.0,0.0,0.0,0.0,0.0,0.0,0.0,0.0,0.0,0.0,0.0,0.0,0.0,0.0,0.0,0.0,0.0,0.0,0.0,0.0,0.0,0.0,0.0,0.0,0.0,0.0,0.0,0.0,0.0,0.0,0.0,0.0,0.0,0.0,0.0,0.0,0.0,0.0,0.0,0.0,0.0,0.0,0.0,0.0,0.0,0.0,0.0,0.0,0.0,0.0,0.0,0.0,0.0,0.0,0.0,0.0,0.0,0.0,0.0
5795372,2026-08-24T19:00:00.000Z,1,Premier League,Fulham,9879,Chelsea,8455,1113790,Oscar Bobb,Fulham,9879,False,6.86,67.0,0.0,0.0,0.26,0.26,31.700000762939453,7918.0,23.0,25.0,1.0,2.0,6.0,39.0,3.0,1.0,8.0,0.0,3.0,0.0,0.0,4.0,1.0,3.0,0.0,0.0,0.0,1.0,2.0,0.0,5.0,9.0,0.0,1.0,1.0,1.0,5.0,5.0,1521.0,7918.0,211.0,7918.0,8.0,0.0,0.0,0.0,0.0,0.0,0.0,0.0,0.0,0.0,0.0,0.0,0.0,0.0,0.0,0.0,0.0,0.0,0.0,0.0,1.0,3.0,0.0,0.0,0.0,0.0,0.0,0.0,0.0,0.0,0.0,0.0,0.0
5795372,2026-08-24T19:00:00.000Z,1,Premier League,Fulham,9879,Chelsea,8455,1128945,Rodrigo Muniz,Fulham,9879,False,0.0,8.0,0.0,0.0,0.0,0.02,31.5,1486.0,2.0,4.0,1.0,1.0,1.0,7.0,0.0,0.0,0.0,0.0,0.0,0.0,0.0,0.0,0.0,0.0,0.0,1.0,0.0,0.0,0.0,0.0,0.0,1.0,3.0,3.0,0.0,0.0,3.0,1.0,302.0,1486.0,46.0,1486.0,2.0,0.02,0.01,1.0,1.0,0.0,0.0,1.0,1.0,0.02,0.0,0.0,0.0,0.0,0.0,0.0,0.0,0.0,0.0,0.0,0.0,1.0,0.0,0.0,0.0,0.0,0.0,0.0,0.0,0.0,0.0,0.0,0.0
5795372,2026-08-24T19:00:00.000Z,1,Premier League,Fulham,9879,Chelsea,8455,1137705,Enzo Fernández,Chelsea,8455,False,6.4,25.0,0.0,0.0,0.02,0.02,28.0,4078.0,19.0,21.0,1.0,1.0,3.0,25.0,0.0,3.0,6.0,0.0,0.0,1.0,2.0,0.0,1.0,0.0,0.0,0.0,0.0,0.0,3.0,0.0,1.0,2.0,0.0,0.0,1.0,0.0,1.0,1.0,1077.0,4078.0,27.0,4078.0,2.0,0.0,0.0,0.0,0.0,0.0,0.0,0.0,0.0,0.0,0.0,0.0,0.0,0.0,0.0,0.0,0.0,0.0,0.0,0.0,0.0,0.0,0.0,0.0,0.0,0.0,0.0,0.0,0.0,0.0,0.0,0.0,0.0
5795372,2026-08-24T19:00:00.000Z,1,Premier League,Fulham,9879,Chelsea,8455,1190867,Roméo Lavia,Chelsea,8455,False,7.31,65.0,0.0,0.0,0.03,0.24,26.700000762939453,7906.0,21.0,22.0,2.0,1.0,9.0,34.0,1.0,1.0,8.0,0.0,0.0,1.0,1.0,0.0,0.0,3.0,0.0,1.0,0.0,1.0,4.0,1.0,3.0,6.0,0.0,0.0,0.0,1.0,3.0,3.0,1548.0,7906.0,25.0,7906.0,1.0,0.21,0.33,1.0,1.0,0.0,0.0,1.0,1.0,0.21,0.0,0.0,0.0,0.0,0.0,0.0,0.0,0.0,0.0,0.0,0.0,1.0,0.0,0.0,1.0,0.0,0.0,0.0,0.0,0.0,0.0,0.0,0.0
5795372,2026-08-24T19:00:00.000Z,1,Premier League,Fulham,9879,Chelsea,8455,1197250,Malo Gusto,Chelsea,8455,False,6.69,76.0,0.0,0.0,0.03,0.03,33.099998474121094,9808.0,20.0,24.0,0.0,1.0,3.0,43.0,3.0,4.0,7.0,2.0,3.0,0.0,2.0,0.0,2.0,1.0,0.0,1.0,0.0,1.0,4.0,0.0,1.0,4.0,2.0,2.0,0.0,1.0,3.0,3.0,2204.0,9808.0,344.0,9808.0,14.0,0.0,0.0,0.0,0.0,0.0,0.0,0.0,0.0,0.0,0.0,0.0,0.0,0.0,0.0,0.0,0.0,0.0,0.0,0.0,0.0,0.0,0.0,0.0,0.0,0.0,0.0,0.0,0.0,0.0,0.0,0.0,0.0
5795372,2026-08-24T19:00:00.000Z,1,Premier League,Fulham,9879,Chelsea,8455,1272440,Valentín Barco,Chelsea,8455,False,0.0,0.0,0.0,0.0,0.0,0.0,0.0,0.0,0.0,0.0,0.0,0.0,0.0,0.0,0.0,0.0,0.0,0.0,0.0,0.0,0.0,0.0,0.0,0.0,0.0,0.0,0.0,0.0,0.0,0.0,0.0,0.0,0.0,0.0,0.0,0.0,0.0,0.0,0.0,0.0,0.0,0.0,0.0,0.0,0.0,0.0,0.0,0.0,0.0,0.0,0.0,0.0,0.0,0.0,0.0,0.0,0.0,0.0,0.0,0.0,0.0,0.0,0.0,0.0,0.0,0.0,0.0,0.0,0.0,0.0,0.0,0.0,0.0,0.0,0.0
5795372,2026-08-24T19:00:00.000Z,1,Premier League,Fulham,9879,Chelsea,8455,1281452,Shea Charles,Fulham,9879,False,6.42,23.0,0.0,0.0,0.0,0.0,27.5,3793.0,27.0,29.0,0.0,1.0,3.0,31.0,0.0,3.0,2.0,0.0,0.0,0.0,1.0,0.0,0.0,1.0,0.0,0.0,0.0,0.0,2.0,0.0,1.0,1.0,0.0,0.0,0.0,0.0,1.0,0.0,1021.0,3793.0,66.0,3793.0,4.0,0.0,0.0,0.0,0.0,0.0,0.0,0.0,0.0,0.0,0.0,0.0,0.0,0.0,0.0,0.0,0.0,0.0,0.0,0.0,0.0,0.0,0.0,0.0,0.0,0.0,0.0,0.0,0.0,0.0,0.0,0.0,0.0
5795372,2026-08-24T19:00:00.000Z,1,Premier League,Fulham,9879,Chelsea,8455,1318400,Kevin,Fulham,9879,False,5.95,17.0,0.0,0.0,0.01,0.01,29.600000381469727,2546.0,9.0,10.0,0.0,1.0,3.0,20.0,0.0,0.0,0.0,0.0,2.0,0.0,0.0,1.0,1.0,2.0,0.0,0.0,0.0,0.0,1.0,2.0,3.0,10.0,0.0,0.0,0.0,2.0,3.0,7.0,563.0,2546.0,50.0,2546.0,2.0,0.0,0.0,0.0,0.0,0.0,0.0,0.0,0.0,0.0,0.0,0.0,0.0,0.0,0.0,0.0,0.0,0.0,0.0,0.0,1.0,3.0,0.0,0.0,0.0,0.0,0.0,0.0,0.0,0.0,0.0,0.0,0.0
5795372,2026-08-24T19:00:00.000Z,1,Premier League,Fulham,9879,Chelsea,8455,1319972,Mike Penders,Chelsea,8455,True,0.0,0.0,0.0,0.0,0.0,0.0,0.0,0.0,0.0,0.0,0.0,0.0,0.0,0.0,0.0,0.0,0.0,0.0,0.0,0.0,0.0,0.0,0.0,0.0,0.0,0.0,0.0,0.0,0.0,0.0,0.0,0.0,0.0,0.0,0.0,0.0,0.0,0.0,0.0,0.0,0.0,0.0,0.0,0.0,0.0,0.0,0.0,0.0,0.0,0.0,0.0,0.0,0.0,0.0,0.0,0.0,0.0,0.0,0.0,0.0,0.0,0.0,0.0,0.0,0.0,0.0,0.0,0.0,0.0,0.0,0.0,0.0,0.0,0.0,0.0
5795372,2026-08-24T19:00:00.000Z,1,Premier League,Fulham,9879,Chelsea,8455,1399943,Luc De Fougerolles,Fulham,9879,False,0.0,0.0,0.0,0.0,0.0,0.0,0.0,0.0,0.0,0.0,0.0,0.0,0.0,0.0,0.0,0.0,0.0,0.0,0.0,0.0,0.0,0.0,0.0,0.0,0.0,0.0,0.0,0.0,0.0,0.0,0.0,0.0,0.0,0.0,0.0,0.0,0.0,0.0,0.0,0.0,0.0,0.0,0.0,0.0,0.0,0.0,0.0,0.0,0.0,0.0,0.0,0.0,0.0,0.0,0.0,0.0,0.0,0.0,0.0,0.0,0.0,0.0,0.0,0.0,0.0,0.0,0.0,0.0,0.0,0.0,0.0,0.0,0.0,0.0,0.0
5795372,2026-08-24T19:00:00.000Z,1,Premier League,Fulham,9879,Chelsea,8455,1400216,Josh Acheampong,Chelsea,8455,False,7.37,90.0,0.0,0.0,0.01,0.01,34.599998474121094,11213.0,38.0,48.0,0.0,3.0,15.0,67.0,1.0,11.0,12.0,0.0,1.0,1.0,7.0,0.0,1.0,5.0,2.0,7.0,2.0,1.0,6.0,2.0,6.0,10.0,1.0,2.0,1.0,0.0,7.0,5.0,1780.0,11213.0,218.0,11213.0,12.0,0.0,0.0,0.0,0.0,0.0,0.0,0.0,0.0,0.0,0.0,0.0,0.0,0.0,0.0,0.0,0.0,0.0,0.0,0.0,0.0,1.0,1.0,0.0,0.0,0.0,0.0,0.0,0.0,0.0,0.0,0.0,0.0
5795372,2026-08-24T19:00:00.000Z,1,Premier League,Fulham,9879,Chelsea,8455,1403691,César Palacios,Fulham,9879,False,6.4,73.0,0.0,0.0,0.01,0.17,31.5,9246.0,32.0,37.0,0.0,2.0,4.0,52.0,2.0,5.0,5.0,0.0,0.0,0.0,1.0,0.0,1.0,2.0,0.0,0.0,0.0,0.0,2.0,0.0,3.0,6.0,0.0,3.0,0.0,2.0,3.0,6.0,2428.0,9246.0,344.0,9246.0,15.0,0.16,0.0,2.0,0.0,1.0,1.0,0.0,1.0,0.16,0.0,0.0,0.0,0.0,0.0,0.0,0.0,0.0,0.0,0.0,1.0,1.0,0.0,0.0,0.0,0.0,0.0,0.0,0.0,0.0,0.0,0.0,0.0
5795372,2026-08-24T19:00:00.000Z,1,Premier League,Fulham,9879,Chelsea,8455,1413846,Jorrel Hato,Chelsea,8455,False,7.08,65.0,0.0,0.0,0.03,0.04,32.20000076293945,7540.0,18.0,22.0,1.0,1.0,3.0,40.0,4.0,0.0,0.0,0.0,0.0,1.0,2.0,0.0,0.0,2.0,0.0,1.0,0.0,0.0,2.0,1.0,5.0,6.0,0.0,0.0,2.0,0.0,5.0,1.0,1404.0,7540.0,353.0,7540.0,18.0,0.01,0.0,1.0,0.0,0.0,1.0,0.0,0.0,0.01,0.0,0.0,0.0,0.0,0.0,0.0,0.0,0.0,0.0,0.0,1.0,1.0,0.0,1.0,0.0,0.0,0.0,0.0,0.0,0.0,0.0,0.0,0.0
5795372,2026-08-24T19:00:00.000Z,1,Premier League,Fulham,9879,Chelsea,8455,1413847,Gonzalo García,Fulham,9879,False,7.22,90.0,1.0,0.0,0.01,0.74,32.79999923706055,10699.0,23.0,27.0,0.0,6.0,2.0,45.0,2.0,4.0,1.0,0.0,0.0,0.0,0.0,0.0,2.0,1.0,0.0,0.0,0.0,0.0,1.0,1.0,4.0,11.0,4.0,6.0,2.0,2.0,8.0,9.0,2440.0,10699.0,438.0,10699.0,21.0,0.73,0.94,3.0,1.0,0.0,2.0,1.0,1.0,0.73,0.0,0.0,0.0,0.0,0.0,0.0,0.0,0.0,0.0,0.0,1.0,3.0,0.0,0.0,0.0,0.0,0.0,0.0,0.0,0.0,0.0,0.0,0.0
5795372,2026-08-24T19:00:00.000Z,1,Premier League,Fulham,9879,Chelsea,8455,1422593,Joshua King,Fulham,9879,False,7.73,90.0,1.0,0.0,0.04,0.21000000000000002,32.0,11969.0,28.0,36.0,1.0,7.0,8.0,57.0,9.0,1.0,2.0,0.0,2.0,0.0,2.0,0.0,1.0,2.0,0.0,2.0,1.0,0.0,4.0,1.0,3.0,10.0,0.0,0.0,1.0,2.0,3.0,7.0,2266.0,11969.0,185.0,11969.0,8.0,0.17,0.1,3.0,2.0,1.0,0.0,2.0,3.0,0.17,0.0,0.0,0.0,0.0,0.0,0.0,0.0,0.0,0.0,0.0,0.0,3.0,0.0,0.0,0.0,0.0,0.0,0.0,0.0,0.0,0.0,0.0,0.0
5795372,2026-08-24T19:00:00.000Z,1,Premier League,Fulham,9879,Chelsea,8455,1530314,Geovany Quenda,Chelsea,8455,False,0.0,8.0,0.0,0.0,0.0,0.0,30.899999618530273,1723.0,2.0,4.0,0.0,1.0,1.0,6.0,1.0,0.0,1.0,0.0,0.0,0.0,0.0,0.0,0.0,0.0,0.0,1.0,0.0,0.0,0.0,0.0,0.0,0.0,0.0,0.0,0.0,0.0,0.0,0.0,452.0,1723.0,77.0,1723.0,5.0,0.0,0.0,0.0,0.0,0.0,0.0,0.0,0.0,0.0,0.0,0.0,0.0,0.0,0.0,0.0,0.0,0.0,0.0,0.0,0.0,0.0,1.0,0.0,0.0,0.0,0.0,0.0,0.0,0.0,0.0,0.0,0.0
5795372,2026-08-24T19:00:00.000Z,1,Premier League,Fulham,9879,Chelsea,8455,1580774,Estêvão,Chelsea,8455,False,0.0,7.0,0.0,0.0,0.0,0.0,27.100000381469727,1745.0,3.0,4.0,0.0,1.0,1.0,5.0,0.0,1.0,1.0,0.0,0.0,1.0,1.0,1.0,0.0,0.0,0.0,0.0,0.0,0.0,1.0,1.0,0.0,1.0,0.0,1.0,0.0,0.0,0.0,2.0,557.0,1745.0,22.0,1745.0,1.0,0.0,0.0,0.0,0.0,0.0,0.0,0.0,0.0,0.0,0.0,0.0,0.0,0.0,0.0,0.0,0.0,0.0,0.0,0.0,0.0,0.0,0.0,0.0,0.0,0.0,0.0,0.0,0.0,0.0,0.0,0.0,0.0
