player,attack_player_id,attack_apps,attack_mins_played,attack_goals,attack_xg,attack_goals_vs_xg,attack_shots,attack_shots_on_target,attack_shot_conv,attack_xg_per_shot,attack_first_name,attack_last_name,attack_date_of_birth,attack_age,attack_team_id,attack_shirt_number,attack_squad_position,attack_squad_position_detailed,attack_player_uuid,attack_team_uuid,attack_contestantName,attack_contestantClubName,attack_contestantShortName,attack_contestantCode,carries_carries,carries_carry_distance,carries_progressive_carries,carries_progressive_distance,carries_shot_ending,carries_goal_ending,carries_chance_ending,carries_assist_ending,carries_dist_per_carry,carries_dist_per_progressive_carry,defending_tackles,defending_interceptions,defending_recoveries,defending_blocks,defending_clearances,defending_ground_duels,defending_ground_duels_won,defending_ground_duel_perc,defending_aerial_duels,defending_aerial_duels_won,defending_aerial_duel_perc,goalkeeping_team_mins,goalkeeping_team_mins_perc,goalkeeping_ogs,goalkeeping_goals_conceded,goalkeeping_saves_made,goalkeeping_save_perc,goalkeeping_goals_prevented,goalkeeping_goals_prevented_rate,goalkeeping_xgot_conceded,possession_chanceCreation_player_id,possession_chanceCreation_mins_played,possession_chanceCreation_apps,possession_chanceCreation_chances_created,possession_chanceCreation_op_chances_created,possession_chanceCreation_chances_per_100_pass,possession_chanceCreation_chances_sp_op_ratio,possession_chanceCreation_xa,possession_chanceCreation_op_xa,possession_chanceCreation_assists,possession_chanceCreation_op_assists,possession_chanceCreation_first_name,possession_chanceCreation_last_name,possession_chanceCreation_date_of_birth,possession_chanceCreation_age,possession_chanceCreation_team_id,possession_chanceCreation_shirt_number,possession_chanceCreation_squad_position,possession_chanceCreation_squad_position_detailed,possession_chanceCreation_player_uuid,possession_chanceCreation_team_uuid,possession_chanceCreation_contestantName,possession_chanceCreation_contestantClubName,possession_chanceCreation_contestantShortName,possession_chanceCreation_contestantCode,possession_passing_player_id,possession_passing_mins_played,possession_passing_apps,possession_passing_passes,possession_passing_successful_passes,possession_passing_pass_perc,possession_passing_total_final_third_passes,possession_passing_successful_final_third_passes,possession_passing_ft_pass_perc,possession_passing_op_crosses,possession_passing_successful_op_crosses,possession_passing_cross_perc,possession_passing_through_balls,possession_passing_successful_through_balls,possession_passing_through_ball_perc,possession_passing_first_name,possession_passing_last_name,possession_passing_date_of_birth,possession_passing_age,possession_passing_team_id,possession_passing_shirt_number,possession_passing_squad_position,possession_passing_squad_position_detailed,possession_passing_player_uuid,possession_passing_team_uuid,possession_passing_contestantName,possession_passing_contestantClubName,possession_passing_contestantShortName,possession_passing_contestantCode,opta_player_id,opta_player_uuid
Aaron Hickey,472713.0,1.0,14.0,0.0,0.0,0.0,0.0,0.0,0.0,0.0,Aaron,Hickey,2002-06-10,24.23,94.0,2.0,Defender,Full Back,9xfrrmf19uv4i69ge0kg1hh7u,7yx5dqhhphyvfisohikodajhv,Brentford FC,Brentford,Brentford,BRE,1.0,20.456,1.0,20.16,0.0,0.0,0.0,0.0,20.456,20.16,0.0,0.0,2.0,0.0,0.0,3.0,1.0,33.333,0.0,0.0,0.0,,,,,,,,,,472713.0,14.0,1.0,0.0,0.0,0.0,0.0,0.001,0.001,0.0,0.0,Aaron,Hickey,2002-06-10,24.23,94.0,2.0,Defender,Full Back,9xfrrmf19uv4i69ge0kg1hh7u,7yx5dqhhphyvfisohikodajhv,Brentford FC,Brentford,Brentford,BRE,472713.0,14.0,1.0,5.0,3.0,60.0,2.0,2.0,100.0,0.0,0.0,0.0,0.0,0.0,0.0,Aaron,Hickey,2002-06-10,24.23,94.0,2.0,Defender,Full Back,9xfrrmf19uv4i69ge0kg1hh7u,7yx5dqhhphyvfisohikodajhv,Brentford FC,Brentford,Brentford,BRE,472713,9xfrrmf19uv4i69ge0kg1hh7u
Abdoul Ouattara,572584.0,1.0,10.0,0.0,0.0,0.0,0.0,0.0,0.0,0.0,Abdoul,Ouattara,2005-10-22,20.86,40.0,42.0,Defender,Full Back,1gfomo3mo11cttdhprm1jtp0,8b523ujgl21tbc01me65q0aoh,Ipswich Town FC,Ipswich Town,Ipswich,IPS,1.0,9.178,1.0,9.135,0.0,0.0,1.0,0.0,9.178,9.135,0.0,0.0,0.0,0.0,2.0,0.0,0.0,0.0,0.0,0.0,0.0,,,,,,,,,,572584.0,10.0,1.0,1.0,1.0,33.33,0.0,0.001,0.001,0.0,0.0,Abdoul,Ouattara,2005-10-22,20.86,40.0,42.0,Defender,Full Back,1gfomo3mo11cttdhprm1jtp0,8b523ujgl21tbc01me65q0aoh,Ipswich Town FC,Ipswich Town,Ipswich,IPS,572584.0,10.0,1.0,3.0,3.0,100.0,1.0,1.0,100.0,0.0,0.0,0.0,0.0,0.0,0.0,Abdoul,Ouattara,2005-10-22,20.86,40.0,42.0,Defender,Full Back,1gfomo3mo11cttdhprm1jtp0,8b523ujgl21tbc01me65q0aoh,Ipswich Town FC,Ipswich Town,Ipswich,IPS,572584,1gfomo3mo11cttdhprm1jtp0
Abdukodir Khusanov,578153.0,1.0,90.0,0.0,0.0,0.0,0.0,0.0,0.0,0.0,Abdukodir,Khusanov,2004-02-29,22.51,43.0,45.0,Defender,Central Defender,d7ofv9d9sbp263uo76cm2qxhw,a3nyxabgsqlnqfkeg41m6tnpp,Manchester City FC,Manchester City,Man City,MCI,17.0,211.758,7.0,100.905,0.0,0.0,0.0,0.0,12.456,14.415,2.0,1.0,6.0,0.0,1.0,2.0,2.0,100.0,2.0,2.0,100.0,,,,,,,,,,578153.0,90.0,1.0,0.0,0.0,0.0,0.0,0.023,0.023,0.0,0.0,Abdukodir,Khusanov,2004-02-29,22.51,43.0,45.0,Defender,Central Defender,d7ofv9d9sbp263uo76cm2qxhw,a3nyxabgsqlnqfkeg41m6tnpp,Manchester City FC,Manchester City,Man City,MCI,578153.0,90.0,1.0,92.0,89.0,96.74,16.0,15.0,93.75,0.0,0.0,0.0,0.0,0.0,0.0,Abdukodir,Khusanov,2004-02-29,22.51,43.0,45.0,Defender,Central Defender,d7ofv9d9sbp263uo76cm2qxhw,a3nyxabgsqlnqfkeg41m6tnpp,Manchester City FC,Manchester City,Man City,MCI,578153,d7ofv9d9sbp263uo76cm2qxhw
Abdul Fatawu,531442.0,1.0,66.0,0.0,0.0,0.0,0.0,0.0,0.0,0.0,Abdul Fatawu,Issahaku,2004-03-08,22.48,40.0,7.0,Forward,Winger,6cx5c6bzp1hq6c1vui53mxzx0,8b523ujgl21tbc01me65q0aoh,Ipswich Town FC,Ipswich Town,Ipswich,IPS,13.0,140.679,9.0,111.825,0.0,0.0,2.0,0.0,10.821,12.425,4.0,1.0,2.0,0.0,0.0,16.0,10.0,62.5,2.0,0.0,0.0,,,,,,,,,,531442.0,66.0,1.0,2.0,2.0,20.0,0.0,0.405,0.405,0.0,0.0,Abdul Fatawu,Issahaku,2004-03-08,22.48,40.0,7.0,Forward,Winger,6cx5c6bzp1hq6c1vui53mxzx0,8b523ujgl21tbc01me65q0aoh,Ipswich Town FC,Ipswich Town,Ipswich,IPS,531442.0,66.0,1.0,10.0,5.0,50.0,5.0,1.0,20.0,5.0,2.0,40.0,0.0,0.0,0.0,Abdul Fatawu,Issahaku,2004-03-08,22.48,40.0,7.0,Forward,Winger,6cx5c6bzp1hq6c1vui53mxzx0,8b523ujgl21tbc01me65q0aoh,Ipswich Town FC,Ipswich Town,Ipswich,IPS,531442,6cx5c6bzp1hq6c1vui53mxzx0
Adam Smith,54469.0,1.0,90.0,0.0,0.0,0.0,0.0,0.0,0.0,0.0,Adam,Smith,1991-04-29,35.35,91.0,15.0,Defender,Full Back,80bmtj7l07ohb2h475w955n9,1pse9ta7a45pi2w2grjim70ge,AFC Bournemouth,Bournemouth,Bournemouth,BOU,0.0,0.0,0.0,0.0,0.0,0.0,0.0,0.0,0.0,0.0,1.0,2.0,3.0,0.0,2.0,7.0,4.0,57.143,3.0,1.0,33.333,,,,,,,,,,54469.0,90.0,1.0,0.0,0.0,0.0,0.0,0.003,0.002,0.0,0.0,Adam,Smith,1991-04-29,35.35,91.0,15.0,Defender,Full Back,80bmtj7l07ohb2h475w955n9,1pse9ta7a45pi2w2grjim70ge,AFC Bournemouth,Bournemouth,Bournemouth,BOU,54469.0,90.0,1.0,17.0,13.0,76.47,5.0,3.0,60.0,1.0,0.0,0.0,0.0,0.0,0.0,Adam,Smith,1991-04-29,35.35,91.0,15.0,Defender,Full Back,80bmtj7l07ohb2h475w955n9,1pse9ta7a45pi2w2grjim70ge,AFC Bournemouth,Bournemouth,Bournemouth,BOU,54469,80bmtj7l07ohb2h475w955n9
Adam Wharton,496221.0,1.0,90.0,0.0,0.0,0.0,0.0,0.0,0.0,0.0,Adam,Wharton,2004-02-06,22.57,31.0,20.0,Midfielder,Central Midfielder,asq9gj1a93bltsfd61i6xvqsq,1c8m2ko0wxq1asfkuykurdr0y,Crystal Palace FC,Crystal Palace,Palace,CRY,26.0,258.928,15.0,186.06,0.0,0.0,0.0,0.0,9.959,12.404,2.0,3.0,8.0,0.0,1.0,10.0,5.0,50.0,0.0,0.0,0.0,,,,,,,,,,496221.0,90.0,1.0,2.0,2.0,2.78,0.0,0.243,0.243,0.0,0.0,Adam,Wharton,2004-02-06,22.57,31.0,20.0,Midfielder,Central Midfielder,asq9gj1a93bltsfd61i6xvqsq,1c8m2ko0wxq1asfkuykurdr0y,Crystal Palace FC,Crystal Palace,Palace,CRY,496221.0,90.0,1.0,74.0,60.0,81.08,32.0,22.0,68.75,0.0,0.0,0.0,1.0,1.0,100.0,Adam,Wharton,2004-02-06,22.57,31.0,20.0,Midfielder,Central Midfielder,asq9gj1a93bltsfd61i6xvqsq,1c8m2ko0wxq1asfkuykurdr0y,Crystal Palace FC,Crystal Palace,Palace,CRY,496221,asq9gj1a93bltsfd61i6xvqsq
Adrien Truffert,494521.0,1.0,90.0,0.0,0.0,0.0,0.0,0.0,0.0,0.0,Adrien,Truffert,2001-11-20,24.78,91.0,3.0,Defender,Full Back,92qqdiryqd8juqdjq8585476y,1pse9ta7a45pi2w2grjim70ge,AFC Bournemouth,Bournemouth,Bournemouth,BOU,6.0,49.482,3.0,17.22,0.0,0.0,0.0,0.0,8.247,5.74,2.0,0.0,7.0,1.0,4.0,8.0,3.0,37.5,2.0,1.0,50.0,,,,,,,,,,494521.0,90.0,1.0,0.0,0.0,0.0,0.0,0.004,0.003,0.0,0.0,Adrien,Truffert,2001-11-20,24.78,91.0,3.0,Defender,Full Back,92qqdiryqd8juqdjq8585476y,1pse9ta7a45pi2w2grjim70ge,AFC Bournemouth,Bournemouth,Bournemouth,BOU,494521.0,90.0,1.0,27.0,23.0,85.19,3.0,3.0,100.0,0.0,0.0,0.0,0.0,0.0,0.0,Adrien,Truffert,2001-11-20,24.78,91.0,3.0,Defender,Full Back,92qqdiryqd8juqdjq8585476y,1pse9ta7a45pi2w2grjim70ge,AFC Bournemouth,Bournemouth,Bournemouth,BOU,494521,92qqdiryqd8juqdjq8585476y
Aladji Bamba,632794.0,1.0,14.0,0.0,0.0,0.0,0.0,0.0,0.0,0.0,Aladji,Bamba,2006-07-14,20.13,4.0,8.0,Midfielder,0,srzdmbirhvpjuok4mf7lj5zo,7vn2i2kd35zuetw6b38gw9jsz,Newcastle United FC,Newcastle United,Newcastle,NEW,0.0,0.0,0.0,0.0,0.0,0.0,0.0,0.0,0.0,0.0,1.0,0.0,0.0,0.0,1.0,1.0,1.0,100.0,2.0,1.0,50.0,,,,,,,,,,632794.0,14.0,1.0,0.0,0.0,0.0,0.0,0.0,0.0,0.0,0.0,Aladji,Bamba,2006-07-14,20.13,4.0,8.0,Midfielder,0,srzdmbirhvpjuok4mf7lj5zo,7vn2i2kd35zuetw6b38gw9jsz,Newcastle United FC,Newcastle United,Newcastle,NEW,632794.0,14.0,1.0,1.0,1.0,100.0,0.0,0.0,0.0,0.0,0.0,0.0,0.0,0.0,0.0,Aladji,Bamba,2006-07-14,20.13,4.0,8.0,Midfielder,0,srzdmbirhvpjuok4mf7lj5zo,7vn2i2kd35zuetw6b38gw9jsz,Newcastle United FC,Newcastle United,Newcastle,NEW,632794,srzdmbirhvpjuok4mf7lj5zo
Alejandro Garnacho,493105.0,1.0,4.0,0.0,0.0,0.0,0.0,0.0,0.0,0.0,Alejandro,Garnacho,2004-07-01,22.17,7.0,17.0,Forward,Winger,e5eiuko5p1yms97xndrvcr0bu,b496gs285it6bheuikox6z9mj,Aston Villa FC,Aston Villa,Villa,AVL,0.0,0.0,0.0,0.0,0.0,0.0,0.0,0.0,0.0,0.0,0.0,0.0,0.0,0.0,0.0,0.0,0.0,0.0,0.0,0.0,0.0,,,,,,,,,,493105.0,4.0,1.0,0.0,0.0,0.0,0.0,0.0,0.0,0.0,0.0,Alejandro,Garnacho,2004-07-01,22.17,7.0,17.0,Forward,Winger,e5eiuko5p1yms97xndrvcr0bu,b496gs285it6bheuikox6z9mj,Aston Villa FC,Aston Villa,Villa,AVL,493105.0,4.0,1.0,0.0,0.0,0.0,0.0,0.0,0.0,0.0,0.0,0.0,0.0,0.0,0.0,Alejandro,Garnacho,2004-07-01,22.17,7.0,17.0,Forward,Winger,e5eiuko5p1yms97xndrvcr0bu,b496gs285it6bheuikox6z9mj,Aston Villa FC,Aston Villa,Villa,AVL,493105,e5eiuko5p1yms97xndrvcr0bu
Alex Iwobi,153133.0,1.0,90.0,0.0,0.0,0.0,0.0,0.0,0.0,0.0,Alex,Iwobi,1996-05-03,30.34,54.0,17.0,Forward,Second Striker,8kb5h8df97ju107n9ibigo1cl,hzqh7z0mdl3v7gwete66syxp,Fulham FC,Fulham,Fulham,FUL,35.0,352.587,13.0,72.555,0.0,0.0,0.0,0.0,10.074,5.581,1.0,3.0,6.0,0.0,0.0,4.0,1.0,25.0,0.0,0.0,0.0,,,,,,,,,,153133.0,90.0,1.0,0.0,0.0,0.0,0.0,0.039,0.019,0.0,0.0,Alex,Iwobi,1996-05-03,30.34,54.0,17.0,Forward,Second Striker,8kb5h8df97ju107n9ibigo1cl,hzqh7z0mdl3v7gwete66syxp,Fulham FC,Fulham,Fulham,FUL,153133.0,90.0,1.0,92.0,83.0,90.22,18.0,14.0,77.78,0.0,0.0,0.0,0.0,0.0,0.0,Alex,Iwobi,1996-05-03,30.34,54.0,17.0,Forward,Second Striker,8kb5h8df97ju107n9ibigo1cl,hzqh7z0mdl3v7gwete66syxp,Fulham FC,Fulham,Fulham,FUL,153133,8kb5h8df97ju107n9ibigo1cl
Alex Scott,503139.0,1.0,90.0,0.0,0.0,0.0,0.0,0.0,0.0,0.0,Alex,Scott,2003-08-21,23.03,91.0,8.0,Midfielder,Central Midfielder,mfsus6ryni5b1hjn0y70sbo4,1pse9ta7a45pi2w2grjim70ge,AFC Bournemouth,Bournemouth,Bournemouth,BOU,9.0,87.416,3.0,23.52,0.0,0.0,0.0,0.0,9.713,7.84,4.0,1.0,6.0,0.0,0.0,6.0,5.0,83.333,0.0,0.0,0.0,,,,,,,,,,503139.0,90.0,1.0,0.0,0.0,0.0,0.0,0.007,0.006,0.0,0.0,Alex,Scott,2003-08-21,23.03,91.0,8.0,Midfielder,Central Midfielder,mfsus6ryni5b1hjn0y70sbo4,1pse9ta7a45pi2w2grjim70ge,AFC Bournemouth,Bournemouth,Bournemouth,BOU,503139.0,90.0,1.0,47.0,38.0,80.85,8.0,4.0,50.0,0.0,0.0,0.0,0.0,0.0,0.0,Alex,Scott,2003-08-21,23.03,91.0,8.0,Midfielder,Central Midfielder,mfsus6ryni5b1hjn0y70sbo4,1pse9ta7a45pi2w2grjim70ge,AFC Bournemouth,Bournemouth,Bournemouth,BOU,503139,mfsus6ryni5b1hjn0y70sbo4
Alex Tóth,614574.0,1.0,15.0,0.0,0.0,0.0,0.0,0.0,0.0,0.0,Alex,Tóth,2005-10-23,20.86,91.0,27.0,Midfielder,Central Midfielder,9s97wjlj2f6cihmrgvymof1n8,1pse9ta7a45pi2w2grjim70ge,AFC Bournemouth,Bournemouth,Bournemouth,BOU,2.0,37.635,2.0,37.38,0.0,0.0,0.0,0.0,18.818,18.69,1.0,0.0,1.0,0.0,0.0,3.0,1.0,33.333,0.0,0.0,0.0,,,,,,,,,,614574.0,15.0,1.0,0.0,0.0,0.0,0.0,0.004,0.003,0.0,0.0,Alex,Tóth,2005-10-23,20.86,91.0,27.0,Midfielder,Central Midfielder,9s97wjlj2f6cihmrgvymof1n8,1pse9ta7a45pi2w2grjim70ge,AFC Bournemouth,Bournemouth,Bournemouth,BOU,614574.0,15.0,1.0,13.0,12.0,92.31,4.0,3.0,75.0,0.0,0.0,0.0,0.0,0.0,0.0,Alex,Tóth,2005-10-23,20.86,91.0,27.0,Midfielder,Central Midfielder,9s97wjlj2f6cihmrgvymof1n8,1pse9ta7a45pi2w2grjim70ge,AFC Bournemouth,Bournemouth,Bournemouth,BOU,614574,9s97wjlj2f6cihmrgvymof1n8
Alexander Isak,219168.0,1.0,90.0,0.0,1.09,-1.09,4.0,2.0,0.0,0.27,Alexander,Isak,1999-09-21,26.95,14.0,9.0,Forward,Striker,7x6mnev1ob4u5ffmdsvusb4rt,c8h9bw1l82s06h77xxrelzhur,Liverpool FC,Liverpool,Liverpool,LIV,3.0,44.664,1.0,12.705,0.0,0.0,0.0,0.0,14.888,12.705,0.0,0.0,0.0,1.0,0.0,6.0,2.0,33.333,3.0,3.0,100.0,,,,,,,,,,219168.0,90.0,1.0,1.0,1.0,8.33,0.0,0.007,0.007,0.0,0.0,Alexander,Isak,1999-09-21,26.95,14.0,9.0,Forward,Striker,7x6mnev1ob4u5ffmdsvusb4rt,c8h9bw1l82s06h77xxrelzhur,Liverpool FC,Liverpool,Liverpool,LIV,219168.0,90.0,1.0,13.0,10.0,76.92,7.0,6.0,85.71,0.0,0.0,0.0,0.0,0.0,0.0,Alexander,Isak,1999-09-21,26.95,14.0,9.0,Forward,Striker,7x6mnev1ob4u5ffmdsvusb4rt,c8h9bw1l82s06h77xxrelzhur,Liverpool FC,Liverpool,Liverpool,LIV,219168,7x6mnev1ob4u5ffmdsvusb4rt
Alexis Mac Allister,243016.0,1.0,27.0,0.0,0.0,0.0,0.0,0.0,0.0,0.0,Alexis,Mac Allister,1998-12-24,27.69,14.0,10.0,Midfielder,Attacking Midfielder,am6ppbdrbz4ml3xsbty53o73d,c8h9bw1l82s06h77xxrelzhur,Liverpool FC,Liverpool,Liverpool,LIV,2.0,13.856,0.0,-6.405,0.0,0.0,0.0,0.0,6.928,0.0,2.0,0.0,1.0,0.0,0.0,5.0,4.0,80.0,0.0,0.0,0.0,,,,,,,,,,243016.0,27.0,1.0,0.0,0.0,0.0,0.0,0.008,0.008,0.0,0.0,Alexis,Mac Allister,1998-12-24,27.69,14.0,10.0,Midfielder,Attacking Midfielder,am6ppbdrbz4ml3xsbty53o73d,c8h9bw1l82s06h77xxrelzhur,Liverpool FC,Liverpool,Liverpool,LIV,243016.0,27.0,1.0,12.0,11.0,91.67,4.0,4.0,100.0,0.0,0.0,0.0,0.0,0.0,0.0,Alexis,Mac Allister,1998-12-24,27.69,14.0,10.0,Midfielder,Attacking Midfielder,am6ppbdrbz4ml3xsbty53o73d,c8h9bw1l82s06h77xxrelzhur,Liverpool FC,Liverpool,Liverpool,LIV,243016,am6ppbdrbz4ml3xsbty53o73d
Alfie Cresswell,592740.0,0.0,0.0,0.0,0.0,0.0,0.0,0.0,0.0,0.0,Alfie,Cresswell,2007-07-15,19.13,2.0,50.0,Midfielder,Central Midfielder,592740,48gk2hpqtsl6p9sx9kjhaydq4,Leeds United FC,Leeds United,Leeds,LEE,0.0,0.0,0.0,0.0,0.0,0.0,0.0,0.0,0.0,0.0,0.0,0.0,0.0,0.0,0.0,0.0,0.0,0.0,0.0,0.0,0.0,,,,,,,,,,592740.0,0.0,0.0,0.0,0.0,0.0,0.0,0.0,0.0,0.0,0.0,Alfie,Cresswell,2007-07-15,19.13,2.0,50.0,Midfielder,Central Midfielder,592740,48gk2hpqtsl6p9sx9kjhaydq4,Leeds United FC,Leeds United,Leeds,LEE,592740.0,0.0,0.0,0.0,0.0,0.0,0.0,0.0,0.0,0.0,0.0,0.0,0.0,0.0,0.0,Alfie,Cresswell,2007-07-15,19.13,2.0,50.0,Midfielder,Central Midfielder,592740,48gk2hpqtsl6p9sx9kjhaydq4,Leeds United FC,Leeds United,Leeds,LEE,592740,592740
Alisson Becker,,,,,,,,,,,,,,,,,,,,,,,,,,,,,,,,,,,,,,,,,,,,,,90.0,100.0,0.0,2.0,3.0,60.0,-0.44,0.5,1.56,,,,,,,,,,,,,,,,,,,,,,,,,,,,,,,,,,,,,,,,,,,,,,,,,,,,,,,116535,53d0pvr7ylvfhp6p749iniqc5
Alysson,653481.0,1.0,8.0,0.0,0.0,0.0,0.0,0.0,0.0,0.0,Alysson Edward Franco,da Rocha dos Santos,2006-05-05,20.33,7.0,47.0,Forward,Winger,7x5very8ubtscmpfk4ghfpwyc,b496gs285it6bheuikox6z9mj,Aston Villa FC,Aston Villa,Villa,AVL,2.0,24.211,1.0,12.285,0.0,0.0,0.0,0.0,12.106,12.285,1.0,0.0,1.0,0.0,1.0,2.0,1.0,50.0,0.0,0.0,0.0,,,,,,,,,,653481.0,8.0,1.0,0.0,0.0,0.0,0.0,0.0,0.0,0.0,0.0,Alysson Edward Franco,da Rocha dos Santos,2006-05-05,20.33,7.0,47.0,Forward,Winger,7x5very8ubtscmpfk4ghfpwyc,b496gs285it6bheuikox6z9mj,Aston Villa FC,Aston Villa,Villa,AVL,653481.0,8.0,1.0,0.0,0.0,0.0,0.0,0.0,0.0,0.0,0.0,0.0,0.0,0.0,0.0,Alysson Edward Franco,da Rocha dos Santos,2006-05-05,20.33,7.0,47.0,Forward,Winger,7x5very8ubtscmpfk4ghfpwyc,b496gs285it6bheuikox6z9mj,Aston Villa FC,Aston Villa,Villa,AVL,653481,7x5very8ubtscmpfk4ghfpwyc
Amar Dedic,463726.0,1.0,90.0,0.0,0.03,-0.03,1.0,0.0,0.0,0.03,Amar,Dedic,2002-08-18,24.04,4.0,37.0,Defender,Full Back,a536nk8ps5vrgextz3k3hcl0q,7vn2i2kd35zuetw6b38gw9jsz,Newcastle United FC,Newcastle United,Newcastle,NEW,5.0,81.086,3.0,51.555,1.0,0.0,0.0,0.0,16.217,17.185,2.0,0.0,2.0,1.0,6.0,10.0,4.0,40.0,2.0,1.0,50.0,,,,,,,,,,463726.0,90.0,1.0,0.0,0.0,0.0,0.0,0.005,0.005,0.0,0.0,Amar,Dedic,2002-08-18,24.04,4.0,37.0,Defender,Full Back,a536nk8ps5vrgextz3k3hcl0q,7vn2i2kd35zuetw6b38gw9jsz,Newcastle United FC,Newcastle United,Newcastle,NEW,463726.0,90.0,1.0,20.0,18.0,90.0,4.0,3.0,75.0,0.0,0.0,0.0,0.0,0.0,0.0,Amar,Dedic,2002-08-18,24.04,4.0,37.0,Defender,Full Back,a536nk8ps5vrgextz3k3hcl0q,7vn2i2kd35zuetw6b38gw9jsz,Newcastle United FC,Newcastle United,Newcastle,NEW,463726,a536nk8ps5vrgextz3k3hcl0q
Anan Khalaili,570794.0,1.0,35.0,0.0,0.0,0.0,0.0,0.0,0.0,0.0,Anan,Khalaili,2004-09-03,21.99,31.0,25.0,Forward,0,earug82pg87gzwvm5yt1yd990,1c8m2ko0wxq1asfkuykurdr0y,Crystal Palace FC,Crystal Palace,Palace,CRY,5.0,61.164,3.0,47.25,0.0,0.0,0.0,0.0,12.233,15.75,4.0,1.0,3.0,1.0,3.0,6.0,5.0,83.333,1.0,0.0,0.0,,,,,,,,,,570794.0,35.0,1.0,2.0,2.0,8.7,0.0,0.155,0.155,0.0,0.0,Anan,Khalaili,2004-09-03,21.99,31.0,25.0,Forward,0,earug82pg87gzwvm5yt1yd990,1c8m2ko0wxq1asfkuykurdr0y,Crystal Palace FC,Crystal Palace,Palace,CRY,570794.0,35.0,1.0,23.0,21.0,91.3,6.0,5.0,83.33,2.0,1.0,50.0,0.0,0.0,0.0,Anan,Khalaili,2004-09-03,21.99,31.0,25.0,Forward,0,earug82pg87gzwvm5yt1yd990,1c8m2ko0wxq1asfkuykurdr0y,Crystal Palace FC,Crystal Palace,Palace,CRY,570794,earug82pg87gzwvm5yt1yd990
Andrey Santos,532605.0,1.0,67.0,0.0,0.0,0.0,0.0,0.0,0.0,0.0,Andrey,Nascimento dos Santos,2004-05-03,22.33,1.0,17.0,Midfielder,Defensive Midfielder,39ccv9t7ydrrcwd1es1xu2e50,6eqit8ye8aomdsrrq0hk3v7gh,Manchester United FC,Manchester United,Man Utd,MUN,16.0,170.59,7.0,116.235,0.0,0.0,0.0,0.0,10.662,16.605,1.0,0.0,5.0,0.0,3.0,4.0,3.0,75.0,3.0,2.0,66.667,,,,,,,,,,532605.0,67.0,1.0,0.0,0.0,0.0,0.0,0.232,0.232,0.0,0.0,Andrey,Nascimento dos Santos,2004-05-03,22.33,1.0,17.0,Midfielder,Defensive Midfielder,39ccv9t7ydrrcwd1es1xu2e50,6eqit8ye8aomdsrrq0hk3v7gh,Manchester United FC,Manchester United,Man Utd,MUN,532605.0,67.0,1.0,60.0,55.0,91.67,14.0,14.0,100.0,0.0,0.0,0.0,0.0,0.0,0.0,Andrey,Nascimento dos Santos,2004-05-03,22.33,1.0,17.0,Midfielder,Defensive Midfielder,39ccv9t7ydrrcwd1es1xu2e50,6eqit8ye8aomdsrrq0hk3v7gh,Manchester United FC,Manchester United,Man Utd,MUN,532605,39ccv9t7ydrrcwd1es1xu2e50
Andy Robertson,122798.0,1.0,90.0,0.0,0.0,0.0,0.0,0.0,0.0,0.0,Andy,Robertson,1994-03-11,32.48,6.0,3.0,Defender,Full Back,eziqega9e25bg939pfh4vjp3p,22doj4sgsocqpxw45h607udje,Tottenham Hotspur FC,Tottenham Hotspur,Spurs,TOT,6.0,80.613,6.0,78.96,0.0,0.0,1.0,0.0,13.436,13.16,2.0,2.0,3.0,2.0,5.0,4.0,4.0,100.0,2.0,1.0,50.0,,,,,,,,,,122798.0,90.0,1.0,1.0,1.0,1.92,0.0,0.059,0.057,0.0,0.0,Andy,Robertson,1994-03-11,32.48,6.0,3.0,Defender,Full Back,eziqega9e25bg939pfh4vjp3p,22doj4sgsocqpxw45h607udje,Tottenham Hotspur FC,Tottenham Hotspur,Spurs,TOT,122798.0,90.0,1.0,56.0,47.0,83.93,19.0,14.0,73.68,4.0,1.0,25.0,0.0,0.0,0.0,Andy,Robertson,1994-03-11,32.48,6.0,3.0,Defender,Full Back,eziqega9e25bg939pfh4vjp3p,22doj4sgsocqpxw45h607udje,Tottenham Hotspur FC,Tottenham Hotspur,Spurs,TOT,122798,eziqega9e25bg939pfh4vjp3p
Anthony Elanga,449434.0,1.0,76.0,1.0,0.22,0.78,2.0,2.0,50.0,0.11,Anthony,Elanga,2002-04-27,24.35,4.0,19.0,Forward,Winger,5wengf05apke7rv3kms186j56,7vn2i2kd35zuetw6b38gw9jsz,Newcastle United FC,Newcastle United,Newcastle,NEW,9.0,124.323,6.0,102.795,2.0,1.0,0.0,0.0,13.814,17.132,0.0,0.0,1.0,0.0,1.0,7.0,4.0,57.143,2.0,1.0,50.0,,,,,,,,,,449434.0,76.0,1.0,0.0,0.0,0.0,0.0,0.012,0.012,0.0,0.0,Anthony,Elanga,2002-04-27,24.35,4.0,19.0,Forward,Winger,5wengf05apke7rv3kms186j56,7vn2i2kd35zuetw6b38gw9jsz,Newcastle United FC,Newcastle United,Newcastle,NEW,449434.0,76.0,1.0,21.0,15.0,71.43,14.0,10.0,71.43,1.0,0.0,0.0,0.0,0.0,0.0,Anthony,Elanga,2002-04-27,24.35,4.0,19.0,Forward,Winger,5wengf05apke7rv3kms186j56,7vn2i2kd35zuetw6b38gw9jsz,Newcastle United FC,Newcastle United,Newcastle,NEW,449434,5wengf05apke7rv3kms186j56
Antoine Semenyo,437730.0,1.0,90.0,0.0,0.06,-0.06,1.0,1.0,0.0,0.06,Antoine,Semenyo,2000-01-07,26.65,43.0,42.0,Forward,Winger,7tnuxlg9l4rjhc7j3ko36hduy,a3nyxabgsqlnqfkeg41m6tnpp,Manchester City FC,Manchester City,Man City,MCI,24.0,357.92,15.0,191.31,0.0,0.0,0.0,0.0,14.913,12.754,1.0,0.0,4.0,0.0,0.0,8.0,5.0,62.5,2.0,1.0,50.0,,,,,,,,,,437730.0,90.0,1.0,0.0,0.0,0.0,0.0,0.024,0.024,0.0,0.0,Antoine,Semenyo,2000-01-07,26.65,43.0,42.0,Forward,Winger,7tnuxlg9l4rjhc7j3ko36hduy,a3nyxabgsqlnqfkeg41m6tnpp,Manchester City FC,Manchester City,Man City,MCI,437730.0,90.0,1.0,35.0,31.0,88.57,14.0,12.0,85.71,1.0,0.0,0.0,0.0,0.0,0.0,Antoine,Semenyo,2000-01-07,26.65,43.0,42.0,Forward,Winger,7tnuxlg9l4rjhc7j3ko36hduy,a3nyxabgsqlnqfkeg41m6tnpp,Manchester City FC,Manchester City,Man City,MCI,437730,7tnuxlg9l4rjhc7j3ko36hduy
Anton Stach,466525.0,1.0,90.0,1.0,0.1,0.9,3.0,1.0,33.33,0.03,Anton,Stach,1998-11-15,27.8,2.0,18.0,Midfielder,Defensive Midfielder,az7owi5t4bclkamjsjuyxzv1l,48gk2hpqtsl6p9sx9kjhaydq4,Leeds United FC,Leeds United,Leeds,LEE,6.0,52.846,4.0,33.705,0.0,0.0,0.0,0.0,8.808,8.426,3.0,4.0,5.0,0.0,4.0,12.0,7.0,58.333,2.0,2.0,100.0,,,,,,,,,,466525.0,90.0,1.0,0.0,0.0,0.0,0.0,0.048,0.048,0.0,0.0,Anton,Stach,1998-11-15,27.8,2.0,18.0,Midfielder,Defensive Midfielder,az7owi5t4bclkamjsjuyxzv1l,48gk2hpqtsl6p9sx9kjhaydq4,Leeds United FC,Leeds United,Leeds,LEE,466525.0,90.0,1.0,31.0,17.0,54.84,18.0,6.0,33.33,0.0,0.0,0.0,0.0,0.0,0.0,Anton,Stach,1998-11-15,27.8,2.0,18.0,Midfielder,Defensive Midfielder,az7owi5t4bclkamjsjuyxzv1l,48gk2hpqtsl6p9sx9kjhaydq4,Leeds United FC,Leeds United,Leeds,LEE,466525,az7owi5t4bclkamjsjuyxzv1l
Antonee Robinson,169528.0,1.0,82.0,0.0,0.13,-0.13,1.0,0.0,0.0,0.13,Antonee,Robinson,1997-08-08,29.07,54.0,33.0,Defender,Full Back,bgc1psqiv7vagmphfl920nbah,hzqh7z0mdl3v7gwete66syxp,Fulham FC,Fulham,Fulham,FUL,9.0,112.816,5.0,76.545,0.0,0.0,0.0,0.0,12.535,15.309,3.0,1.0,5.0,1.0,2.0,9.0,4.0,44.444,1.0,0.0,0.0,,,,,,,,,,169528.0,82.0,1.0,1.0,1.0,2.0,0.0,0.041,0.04,0.0,0.0,Antonee,Robinson,1997-08-08,29.07,54.0,33.0,Defender,Full Back,bgc1psqiv7vagmphfl920nbah,hzqh7z0mdl3v7gwete66syxp,Fulham FC,Fulham,Fulham,FUL,169528.0,82.0,1.0,50.0,38.0,76.0,22.0,15.0,68.18,3.0,2.0,66.67,0.0,0.0,0.0,Antonee,Robinson,1997-08-08,29.07,54.0,33.0,Defender,Full Back,bgc1psqiv7vagmphfl920nbah,hzqh7z0mdl3v7gwete66syxp,Fulham FC,Fulham,Fulham,FUL,169528,bgc1psqiv7vagmphfl920nbah
Antonín Kinsky,,,,,,,,,,,,,,,,,,,,,,,,,,,,,,,,,,,,,,,,,,,,,,90.0,100.0,0.0,3.0,5.0,62.5,0.12,1.0,3.12,,,,,,,,,,,,,,,,,,,,,,,,,,,,,,,,,,,,,,,,,,,,,,,,,,,,,,,485055,5qc2hwkixcdpfbq6qmfpxvey2
António Silva,483067.0,1.0,90.0,0.0,0.0,0.0,0.0,0.0,0.0,0.0,António João,Pereira de Albuquerque Tavares da Silva,2003-10-30,22.84,91.0,14.0,Defender,Central Defender,2p86mzr8qnu9iy01fusvovf56,1pse9ta7a45pi2w2grjim70ge,AFC Bournemouth,Bournemouth,Bournemouth,BOU,9.0,91.428,3.0,32.235,0.0,0.0,0.0,0.0,10.159,10.745,0.0,0.0,1.0,2.0,11.0,1.0,0.0,0.0,3.0,1.0,33.333,,,,,,,,,,483067.0,90.0,1.0,0.0,0.0,0.0,0.0,0.002,0.002,0.0,0.0,António João,Pereira de Albuquerque Tavares da Silva,2003-10-30,22.84,91.0,14.0,Defender,Central Defender,2p86mzr8qnu9iy01fusvovf56,1pse9ta7a45pi2w2grjim70ge,AFC Bournemouth,Bournemouth,Bournemouth,BOU,483067.0,90.0,1.0,39.0,36.0,92.31,4.0,2.0,50.0,0.0,0.0,0.0,0.0,0.0,0.0,António João,Pereira de Albuquerque Tavares da Silva,2003-10-30,22.84,91.0,14.0,Defender,Central Defender,2p86mzr8qnu9iy01fusvovf56,1pse9ta7a45pi2w2grjim70ge,AFC Bournemouth,Bournemouth,Bournemouth,BOU,483067,2p86mzr8qnu9iy01fusvovf56
Ao Tanaka,248056.0,0.0,0.0,0.0,0.0,0.0,0.0,0.0,0.0,0.0,Ao,Tanaka,1998-09-10,27.98,2.0,22.0,Midfielder,0,248056,48gk2hpqtsl6p9sx9kjhaydq4,Leeds United FC,Leeds United,Leeds,LEE,0.0,0.0,0.0,0.0,0.0,0.0,0.0,0.0,0.0,0.0,0.0,0.0,0.0,0.0,0.0,0.0,0.0,0.0,0.0,0.0,0.0,,,,,,,,,,248056.0,0.0,0.0,0.0,0.0,0.0,0.0,0.0,0.0,0.0,0.0,Ao,Tanaka,1998-09-10,27.98,2.0,22.0,Midfielder,0,248056,48gk2hpqtsl6p9sx9kjhaydq4,Leeds United FC,Leeds United,Leeds,LEE,248056.0,0.0,0.0,0.0,0.0,0.0,0.0,0.0,0.0,0.0,0.0,0.0,0.0,0.0,0.0,Ao,Tanaka,1998-09-10,27.98,2.0,22.0,Midfielder,0,248056,48gk2hpqtsl6p9sx9kjhaydq4,Leeds United FC,Leeds United,Leeds,LEE,248056,248056
Archie Gray,547701.0,1.0,86.0,0.0,0.0,0.0,0.0,0.0,0.0,0.0,Archie,Gray,2006-03-12,20.47,6.0,14.0,Midfielder,Central Midfielder,4stnvxbf7enogqej29n3ll0d0,22doj4sgsocqpxw45h607udje,Tottenham Hotspur FC,Tottenham Hotspur,Spurs,TOT,9.0,87.423,6.0,68.88,0.0,0.0,0.0,0.0,9.714,11.48,1.0,1.0,2.0,0.0,1.0,5.0,4.0,80.0,1.0,1.0,100.0,,,,,,,,,,547701.0,86.0,1.0,0.0,0.0,0.0,0.0,0.012,0.012,0.0,0.0,Archie,Gray,2006-03-12,20.47,6.0,14.0,Midfielder,Central Midfielder,4stnvxbf7enogqej29n3ll0d0,22doj4sgsocqpxw45h607udje,Tottenham Hotspur FC,Tottenham Hotspur,Spurs,TOT,547701.0,86.0,1.0,40.0,33.0,82.5,12.0,11.0,91.67,0.0,0.0,0.0,0.0,0.0,0.0,Archie,Gray,2006-03-12,20.47,6.0,14.0,Midfielder,Central Midfielder,4stnvxbf7enogqej29n3ll0d0,22doj4sgsocqpxw45h607udje,Tottenham Hotspur FC,Tottenham Hotspur,Spurs,TOT,547701,4stnvxbf7enogqej29n3ll0d0
Arnaud Kalimuendo,465680.0,1.0,1.0,0.0,0.0,0.0,0.0,0.0,0.0,0.0,Arnaud,Kalimuendo,2002-01-20,24.62,17.0,15.0,Forward,Striker,dw9fzixumboknmucqgqffurmy,1qtaiy11gswx327s0vkibf70n,Nottingham Forest FC,Nottingham Forest,Forest,NFO,0.0,0.0,0.0,0.0,0.0,0.0,0.0,0.0,0.0,0.0,0.0,0.0,0.0,0.0,0.0,0.0,0.0,0.0,0.0,0.0,0.0,,,,,,,,,,465680.0,1.0,1.0,0.0,0.0,0.0,0.0,0.0,0.0,0.0,0.0,Arnaud,Kalimuendo,2002-01-20,24.62,17.0,15.0,Forward,Striker,dw9fzixumboknmucqgqffurmy,1qtaiy11gswx327s0vkibf70n,Nottingham Forest FC,Nottingham Forest,Forest,NFO,465680.0,1.0,1.0,0.0,0.0,0.0,0.0,0.0,0.0,0.0,0.0,0.0,0.0,0.0,0.0,Arnaud,Kalimuendo,2002-01-20,24.62,17.0,15.0,Forward,Striker,dw9fzixumboknmucqgqffurmy,1qtaiy11gswx327s0vkibf70n,Nottingham Forest FC,Nottingham Forest,Forest,NFO,465680,dw9fzixumboknmucqgqffurmy
Aurèle Amenda,539142.0,1.0,90.0,0.0,0.0,0.0,0.0,0.0,0.0,0.0,Aurèle,Amenda,2003-07-31,23.09,9.0,24.0,Defender,Central Defender,ekl9e2t93vow1buusgdcs3giy,dacoc20k0n3fxu4zek8wufmko,Coventry City FC,Coventry City,Coventry,COV,9.0,86.456,4.0,30.87,0.0,0.0,0.0,0.0,9.606,7.718,0.0,0.0,4.0,3.0,6.0,1.0,0.0,0.0,3.0,1.0,33.333,,,,,,,,,,539142.0,90.0,1.0,0.0,0.0,0.0,0.0,0.006,0.006,0.0,0.0,Aurèle,Amenda,2003-07-31,23.09,9.0,24.0,Defender,Central Defender,ekl9e2t93vow1buusgdcs3giy,dacoc20k0n3fxu4zek8wufmko,Coventry City FC,Coventry City,Coventry,COV,539142.0,90.0,1.0,33.0,28.0,84.85,9.0,6.0,66.67,0.0,0.0,0.0,0.0,0.0,0.0,Aurèle,Amenda,2003-07-31,23.09,9.0,24.0,Defender,Central Defender,ekl9e2t93vow1buusgdcs3giy,dacoc20k0n3fxu4zek8wufmko,Coventry City FC,Coventry City,Coventry,COV,539142,ekl9e2t93vow1buusgdcs3giy
Ayden Heaven,606745.0,1.0,90.0,0.0,0.12,-0.12,2.0,0.0,0.0,0.06,Ayden,Heaven,2006-09-22,19.94,1.0,26.0,Defender,Full Back,4tb2hobv1dwon0e8djvuohxxw,6eqit8ye8aomdsrrq0hk3v7gh,Manchester United FC,Manchester United,Man Utd,MUN,21.0,192.066,7.0,16.065,0.0,0.0,0.0,0.0,9.146,2.295,1.0,0.0,4.0,0.0,1.0,5.0,3.0,60.0,6.0,2.0,33.333,,,,,,,,,,606745.0,90.0,1.0,0.0,0.0,0.0,0.0,0.036,0.036,0.0,0.0,Ayden,Heaven,2006-09-22,19.94,1.0,26.0,Defender,Full Back,4tb2hobv1dwon0e8djvuohxxw,6eqit8ye8aomdsrrq0hk3v7gh,Manchester United FC,Manchester United,Man Utd,MUN,606745.0,90.0,1.0,67.0,61.0,91.04,11.0,9.0,81.82,0.0,0.0,0.0,0.0,0.0,0.0,Ayden,Heaven,2006-09-22,19.94,1.0,26.0,Defender,Full Back,4tb2hobv1dwon0e8djvuohxxw,6eqit8ye8aomdsrrq0hk3v7gh,Manchester United FC,Manchester United,Man Utd,MUN,606745,4tb2hobv1dwon0e8djvuohxxw
Bafodé Diakité,242882.0,0.0,0.0,0.0,0.0,0.0,0.0,0.0,0.0,0.0,Bafodé,Diakité,2001-01-06,25.65,91.0,18.0,Defender,Central Defender,242882,1pse9ta7a45pi2w2grjim70ge,AFC Bournemouth,Bournemouth,Bournemouth,BOU,0.0,0.0,0.0,0.0,0.0,0.0,0.0,0.0,0.0,0.0,0.0,0.0,0.0,0.0,0.0,0.0,0.0,0.0,0.0,0.0,0.0,,,,,,,,,,242882.0,0.0,0.0,0.0,0.0,0.0,0.0,0.0,0.0,0.0,0.0,Bafodé,Diakité,2001-01-06,25.65,91.0,18.0,Defender,Central Defender,242882,1pse9ta7a45pi2w2grjim70ge,AFC Bournemouth,Bournemouth,Bournemouth,BOU,242882.0,0.0,0.0,0.0,0.0,0.0,0.0,0.0,0.0,0.0,0.0,0.0,0.0,0.0,0.0,Bafodé,Diakité,2001-01-06,25.65,91.0,18.0,Defender,Central Defender,242882,1pse9ta7a45pi2w2grjim70ge,AFC Bournemouth,Bournemouth,Bournemouth,BOU,242882,242882
Bazoumana Touré,611665.0,0.0,0.0,0.0,0.0,0.0,0.0,0.0,0.0,0.0,Bazoumana,Touré,2006-03-02,20.5,4.0,17.0,Forward,Winger,611665,7vn2i2kd35zuetw6b38gw9jsz,Newcastle United FC,Newcastle United,Newcastle,NEW,0.0,0.0,0.0,0.0,0.0,0.0,0.0,0.0,0.0,0.0,0.0,0.0,0.0,0.0,0.0,0.0,0.0,0.0,0.0,0.0,0.0,,,,,,,,,,611665.0,0.0,0.0,0.0,0.0,0.0,0.0,0.0,0.0,0.0,0.0,Bazoumana,Touré,2006-03-02,20.5,4.0,17.0,Forward,Winger,611665,7vn2i2kd35zuetw6b38gw9jsz,Newcastle United FC,Newcastle United,Newcastle,NEW,611665.0,0.0,0.0,0.0,0.0,0.0,0.0,0.0,0.0,0.0,0.0,0.0,0.0,0.0,0.0,Bazoumana,Touré,2006-03-02,20.5,4.0,17.0,Forward,Winger,611665,7vn2i2kd35zuetw6b38gw9jsz,Newcastle United FC,Newcastle United,Newcastle,NEW,611665,611665
Ben Davies,115556.0,0.0,0.0,0.0,0.0,0.0,0.0,0.0,0.0,0.0,Ben,Davies,1993-04-24,33.36,6.0,33.0,Defender,Full Back,115556,22doj4sgsocqpxw45h607udje,Tottenham Hotspur FC,Tottenham Hotspur,Spurs,TOT,0.0,0.0,0.0,0.0,0.0,0.0,0.0,0.0,0.0,0.0,0.0,0.0,0.0,0.0,0.0,0.0,0.0,0.0,0.0,0.0,0.0,,,,,,,,,,115556.0,0.0,0.0,0.0,0.0,0.0,0.0,0.0,0.0,0.0,0.0,Ben,Davies,1993-04-24,33.36,6.0,33.0,Defender,Full Back,115556,22doj4sgsocqpxw45h607udje,Tottenham Hotspur FC,Tottenham Hotspur,Spurs,TOT,115556.0,0.0,0.0,0.0,0.0,0.0,0.0,0.0,0.0,0.0,0.0,0.0,0.0,0.0,0.0,Ben,Davies,1993-04-24,33.36,6.0,33.0,Defender,Full Back,115556,22doj4sgsocqpxw45h607udje,Tottenham Hotspur FC,Tottenham Hotspur,Spurs,TOT,115556,115556
Ben Gannon-Doak,496208.0,1.0,1.0,0.0,0.0,0.0,0.0,0.0,0.0,0.0,Ben,Gannon-Doak,2005-11-11,20.81,91.0,11.0,Forward,Winger,5fn9m086q3b5kdgt055bol638,1pse9ta7a45pi2w2grjim70ge,AFC Bournemouth,Bournemouth,Bournemouth,BOU,1.0,12.422,1.0,11.445,0.0,0.0,0.0,0.0,12.422,11.445,0.0,0.0,1.0,0.0,0.0,1.0,0.0,0.0,0.0,0.0,0.0,,,,,,,,,,496208.0,1.0,1.0,0.0,0.0,0.0,0.0,0.002,0.002,0.0,0.0,Ben,Gannon-Doak,2005-11-11,20.81,91.0,11.0,Forward,Winger,5fn9m086q3b5kdgt055bol638,1pse9ta7a45pi2w2grjim70ge,AFC Bournemouth,Bournemouth,Bournemouth,BOU,496208.0,1.0,1.0,3.0,2.0,66.67,1.0,1.0,100.0,1.0,0.0,0.0,0.0,0.0,0.0,Ben,Gannon-Doak,2005-11-11,20.81,91.0,11.0,Forward,Winger,5fn9m086q3b5kdgt055bol638,1pse9ta7a45pi2w2grjim70ge,AFC Bournemouth,Bournemouth,Bournemouth,BOU,496208,5fn9m086q3b5kdgt055bol638
Ben White,198869.0,1.0,90.0,0.0,0.18,-0.18,1.0,0.0,0.0,0.18,Ben,White,1997-10-08,28.9,3.0,4.0,Defender,Central Defender,cnmlhoum9aahwqruxgmz2gcfd,4dsgumo7d4zupm2ugsvm4zm4d,Arsenal FC,Arsenal,Arsenal,ARS,10.0,96.332,5.0,38.01,1.0,0.0,0.0,0.0,9.633,7.602,1.0,1.0,3.0,0.0,3.0,2.0,1.0,50.0,5.0,3.0,60.0,,,,,,,,,,198869.0,90.0,1.0,2.0,2.0,1.32,0.0,0.21,0.209,1.0,1.0,Ben,White,1997-10-08,28.9,3.0,4.0,Defender,Central Defender,cnmlhoum9aahwqruxgmz2gcfd,4dsgumo7d4zupm2ugsvm4zm4d,Arsenal FC,Arsenal,Arsenal,ARS,198869.0,90.0,1.0,78.0,74.0,94.87,30.0,28.0,93.33,3.0,0.0,0.0,0.0,0.0,0.0,Ben,White,1997-10-08,28.9,3.0,4.0,Defender,Central Defender,cnmlhoum9aahwqruxgmz2gcfd,4dsgumo7d4zupm2ugsvm4zm4d,Arsenal FC,Arsenal,Arsenal,ARS,198869,cnmlhoum9aahwqruxgmz2gcfd
Benjamin Sesko,485711.0,1.0,23.0,0.0,0.04,-0.04,1.0,0.0,0.0,0.04,Benjamin,Sesko,2003-05-31,23.26,1.0,30.0,Forward,Striker,4ynekiqwgd0l8h7cuyvdl28ve,6eqit8ye8aomdsrrq0hk3v7gh,Manchester United FC,Manchester United,Man Utd,MUN,1.0,6.461,0.0,-0.945,0.0,0.0,0.0,0.0,6.461,0.0,0.0,0.0,0.0,0.0,0.0,3.0,0.0,0.0,4.0,1.0,25.0,,,,,,,,,,485711.0,23.0,1.0,0.0,0.0,0.0,0.0,0.002,0.002,0.0,0.0,Benjamin,Sesko,2003-05-31,23.26,1.0,30.0,Forward,Striker,4ynekiqwgd0l8h7cuyvdl28ve,6eqit8ye8aomdsrrq0hk3v7gh,Manchester United FC,Manchester United,Man Utd,MUN,485711.0,23.0,1.0,3.0,3.0,100.0,1.0,1.0,100.0,0.0,0.0,0.0,0.0,0.0,0.0,Benjamin,Sesko,2003-05-31,23.26,1.0,30.0,Forward,Striker,4ynekiqwgd0l8h7cuyvdl28ve,6eqit8ye8aomdsrrq0hk3v7gh,Manchester United FC,Manchester United,Man Utd,MUN,485711,4ynekiqwgd0l8h7cuyvdl28ve
Bernd Leno,,,,,,,,,,,,,,,,,,,,,,,,,,,,,,,,,,,,,,,,,,,,,,90.0,100.0,0.0,3.0,3.0,50.0,-0.98,0.67,2.02,,,,,,,,,,,,,,,,,,,,,,,,,,,,,,,,,,,,,,,,,,,,,,,,,,,,,,,80201,2f79rc4i712sxstahjkq6pxp1
Beto,486385.0,1.0,11.0,0.0,0.05,-0.05,1.0,0.0,0.0,0.05,Norberto Bercique,Gomes Betuncal,1998-01-31,28.59,11.0,9.0,Forward,Striker,6z3a27dxffwacyxof0imvcfvu,ehd2iemqmschhj2ec0vayztzz,Everton FC,Everton,Everton,EVE,1.0,6.804,0.0,4.725,0.0,0.0,0.0,0.0,6.804,0.0,0.0,0.0,0.0,0.0,0.0,0.0,0.0,0.0,1.0,1.0,100.0,,,,,,,,,,486385.0,11.0,1.0,0.0,0.0,0.0,0.0,0.0,0.0,0.0,0.0,Norberto Bercique,Gomes Betuncal,1998-01-31,28.59,11.0,9.0,Forward,Striker,6z3a27dxffwacyxof0imvcfvu,ehd2iemqmschhj2ec0vayztzz,Everton FC,Everton,Everton,EVE,486385.0,11.0,1.0,4.0,2.0,50.0,1.0,0.0,0.0,0.0,0.0,0.0,0.0,0.0,0.0,Norberto Bercique,Gomes Betuncal,1998-01-31,28.59,11.0,9.0,Forward,Striker,6z3a27dxffwacyxof0imvcfvu,ehd2iemqmschhj2ec0vayztzz,Everton FC,Everton,Everton,EVE,486385,6z3a27dxffwacyxof0imvcfvu
Bobby Thomas,461102.0,1.0,90.0,0.0,0.02,-0.02,1.0,0.0,0.0,0.02,Bobby,Thomas,2001-01-30,25.59,9.0,4.0,Defender,Central Defender,5raent8a0bdt01n7769n3dw16,dacoc20k0n3fxu4zek8wufmko,Coventry City FC,Coventry City,Coventry,COV,13.0,107.317,3.0,-8.505,0.0,0.0,0.0,0.0,8.255,-2.835,1.0,0.0,2.0,1.0,7.0,4.0,2.0,50.0,3.0,2.0,66.667,,,,,,,,,,461102.0,90.0,1.0,1.0,1.0,2.63,0.0,0.014,0.014,0.0,0.0,Bobby,Thomas,2001-01-30,25.59,9.0,4.0,Defender,Central Defender,5raent8a0bdt01n7769n3dw16,dacoc20k0n3fxu4zek8wufmko,Coventry City FC,Coventry City,Coventry,COV,461102.0,90.0,1.0,39.0,35.0,89.74,7.0,5.0,71.43,0.0,0.0,0.0,0.0,0.0,0.0,Bobby,Thomas,2001-01-30,25.59,9.0,4.0,Defender,Central Defender,5raent8a0bdt01n7769n3dw16,dacoc20k0n3fxu4zek8wufmko,Coventry City FC,Coventry City,Coventry,COV,461102,5raent8a0bdt01n7769n3dw16
Borna Sosa,218364.0,0.0,0.0,0.0,0.0,0.0,0.0,0.0,0.0,0.0,Borna,Sosa,1998-01-21,28.62,31.0,24.0,Defender,Full Back,218364,1c8m2ko0wxq1asfkuykurdr0y,Crystal Palace FC,Crystal Palace,Palace,CRY,0.0,0.0,0.0,0.0,0.0,0.0,0.0,0.0,0.0,0.0,0.0,0.0,0.0,0.0,0.0,0.0,0.0,0.0,0.0,0.0,0.0,,,,,,,,,,218364.0,0.0,0.0,0.0,0.0,0.0,0.0,0.0,0.0,0.0,0.0,Borna,Sosa,1998-01-21,28.62,31.0,24.0,Defender,Full Back,218364,1c8m2ko0wxq1asfkuykurdr0y,Crystal Palace FC,Crystal Palace,Palace,CRY,218364.0,0.0,0.0,0.0,0.0,0.0,0.0,0.0,0.0,0.0,0.0,0.0,0.0,0.0,0.0,Borna,Sosa,1998-01-21,28.62,31.0,24.0,Defender,Full Back,218364,1c8m2ko0wxq1asfkuykurdr0y,Crystal Palace FC,Crystal Palace,Palace,CRY,218364,218364
Boubacar Kamara,226944.0,1.0,90.0,0.0,0.0,0.0,0.0,0.0,0.0,0.0,Boubacar,Kamara,1999-11-23,26.78,7.0,8.0,Midfielder,Defensive Midfielder,blth4klpu88kgh73abpjlgusp,b496gs285it6bheuikox6z9mj,Aston Villa FC,Aston Villa,Villa,AVL,4.0,22.136,1.0,-5.565,0.0,0.0,0.0,0.0,5.534,-5.565,2.0,1.0,2.0,1.0,1.0,11.0,4.0,36.364,0.0,0.0,0.0,,,,,,,,,,226944.0,90.0,1.0,0.0,0.0,0.0,0.0,0.002,0.001,0.0,0.0,Boubacar,Kamara,1999-11-23,26.78,7.0,8.0,Midfielder,Defensive Midfielder,blth4klpu88kgh73abpjlgusp,b496gs285it6bheuikox6z9mj,Aston Villa FC,Aston Villa,Villa,AVL,226944.0,90.0,1.0,24.0,23.0,95.83,0.0,0.0,0.0,0.0,0.0,0.0,0.0,0.0,0.0,Boubacar,Kamara,1999-11-23,26.78,7.0,8.0,Midfielder,Defensive Midfielder,blth4klpu88kgh73abpjlgusp,b496gs285it6bheuikox6z9mj,Aston Villa FC,Aston Villa,Villa,AVL,226944,blth4klpu88kgh73abpjlgusp
Bradley Burrowes,645618.0,0.0,0.0,0.0,0.0,0.0,0.0,0.0,0.0,0.0,Bradley,Burrowes,2008-03-04,18.49,7.0,49.0,Forward,Winger,645618,b496gs285it6bheuikox6z9mj,Aston Villa FC,Aston Villa,Villa,AVL,0.0,0.0,0.0,0.0,0.0,0.0,0.0,0.0,0.0,0.0,0.0,0.0,0.0,0.0,0.0,0.0,0.0,0.0,0.0,0.0,0.0,,,,,,,,,,645618.0,0.0,0.0,0.0,0.0,0.0,0.0,0.0,0.0,0.0,0.0,Bradley,Burrowes,2008-03-04,18.49,7.0,49.0,Forward,Winger,645618,b496gs285it6bheuikox6z9mj,Aston Villa FC,Aston Villa,Villa,AVL,645618.0,0.0,0.0,0.0,0.0,0.0,0.0,0.0,0.0,0.0,0.0,0.0,0.0,0.0,0.0,Bradley,Burrowes,2008-03-04,18.49,7.0,49.0,Forward,Winger,645618,b496gs285it6bheuikox6z9mj,Aston Villa FC,Aston Villa,Villa,AVL,645618,645618
Brandon Thomas-Asante,230730.0,1.0,70.0,0.0,0.0,0.0,0.0,0.0,0.0,0.0,Brandon,Thomas-Asante,1998-12-29,27.68,9.0,23.0,Forward,0,f0nbu676sq8t66np341nbjmqx,dacoc20k0n3fxu4zek8wufmko,Coventry City FC,Coventry City,Coventry,COV,6.0,58.09,3.0,22.47,0.0,0.0,0.0,0.0,9.682,7.49,0.0,4.0,1.0,0.0,1.0,3.0,2.0,66.667,6.0,2.0,33.333,,,,,,,,,,230730.0,70.0,1.0,0.0,0.0,0.0,0.0,0.017,0.017,0.0,0.0,Brandon,Thomas-Asante,1998-12-29,27.68,9.0,23.0,Forward,0,f0nbu676sq8t66np341nbjmqx,dacoc20k0n3fxu4zek8wufmko,Coventry City FC,Coventry City,Coventry,COV,230730.0,70.0,1.0,10.0,6.0,60.0,6.0,3.0,50.0,1.0,0.0,0.0,0.0,0.0,0.0,Brandon,Thomas-Asante,1998-12-29,27.68,9.0,23.0,Forward,0,f0nbu676sq8t66np341nbjmqx,dacoc20k0n3fxu4zek8wufmko,Coventry City FC,Coventry City,Coventry,COV,230730,f0nbu676sq8t66np341nbjmqx
Brenden Aaronson,427637.0,1.0,82.0,0.0,0.01,-0.01,1.0,1.0,0.0,0.01,Brenden,Aaronson,2000-10-22,25.86,2.0,11.0,Midfielder,Attacking Midfielder,8rrcscn29rs1gk8mi1pwpu92i,48gk2hpqtsl6p9sx9kjhaydq4,Leeds United FC,Leeds United,Leeds,LEE,8.0,98.091,6.0,54.495,1.0,0.0,0.0,0.0,12.261,9.082,1.0,0.0,6.0,0.0,0.0,9.0,5.0,55.556,7.0,2.0,28.571,,,,,,,,,,427637.0,82.0,1.0,0.0,0.0,0.0,0.0,0.007,0.007,0.0,0.0,Brenden,Aaronson,2000-10-22,25.86,2.0,11.0,Midfielder,Attacking Midfielder,8rrcscn29rs1gk8mi1pwpu92i,48gk2hpqtsl6p9sx9kjhaydq4,Leeds United FC,Leeds United,Leeds,LEE,427637.0,82.0,1.0,15.0,11.0,73.33,7.0,4.0,57.14,0.0,0.0,0.0,0.0,0.0,0.0,Brenden,Aaronson,2000-10-22,25.86,2.0,11.0,Midfielder,Attacking Midfielder,8rrcscn29rs1gk8mi1pwpu92i,48gk2hpqtsl6p9sx9kjhaydq4,Leeds United FC,Leeds United,Leeds,LEE,427637,8rrcscn29rs1gk8mi1pwpu92i
Brennan Johnson,242898.0,1.0,6.0,0.0,0.0,0.0,0.0,0.0,0.0,0.0,Brennan,Johnson,2001-05-23,25.28,11.0,22.0,Forward,Winger,1l228p52d8wdf8qhfxqu8rca,ehd2iemqmschhj2ec0vayztzz,Everton FC,Everton,Everton,EVE,1.0,23.716,1.0,20.475,0.0,0.0,0.0,0.0,23.716,20.475,0.0,0.0,0.0,0.0,2.0,2.0,1.0,50.0,1.0,0.0,0.0,,,,,,,,,,242898.0,6.0,1.0,0.0,0.0,0.0,0.0,0.001,0.001,0.0,0.0,Brennan,Johnson,2001-05-23,25.28,11.0,22.0,Forward,Winger,1l228p52d8wdf8qhfxqu8rca,ehd2iemqmschhj2ec0vayztzz,Everton FC,Everton,Everton,EVE,242898.0,6.0,1.0,3.0,2.0,66.67,1.0,1.0,100.0,0.0,0.0,0.0,0.0,0.0,0.0,Brennan,Johnson,2001-05-23,25.28,11.0,22.0,Forward,Winger,1l228p52d8wdf8qhfxqu8rca,ehd2iemqmschhj2ec0vayztzz,Everton FC,Everton,Everton,EVE,242898,1l228p52d8wdf8qhfxqu8rca
Brian Brobbey,441264.0,1.0,67.0,0.0,0.3,-0.3,2.0,1.0,0.0,0.15,Brian,Brobbey,2002-02-01,24.58,56.0,9.0,Forward,Striker,9c2i7ddl2uh7kuhwq62klkyui,1r3545b2dzan8yqa80gtmcjch,Sunderland AFC,Sunderland,Sunderland,SUN,3.0,35.346,1.0,19.215,1.0,0.0,0.0,0.0,11.782,19.215,0.0,0.0,0.0,0.0,0.0,5.0,0.0,0.0,0.0,0.0,0.0,,,,,,,,,,441264.0,67.0,1.0,0.0,0.0,0.0,0.0,0.002,0.002,0.0,0.0,Brian,Brobbey,2002-02-01,24.58,56.0,9.0,Forward,Striker,9c2i7ddl2uh7kuhwq62klkyui,1r3545b2dzan8yqa80gtmcjch,Sunderland AFC,Sunderland,Sunderland,SUN,441264.0,67.0,1.0,3.0,3.0,100.0,2.0,2.0,100.0,0.0,0.0,0.0,0.0,0.0,0.0,Brian,Brobbey,2002-02-01,24.58,56.0,9.0,Forward,Striker,9c2i7ddl2uh7kuhwq62klkyui,1r3545b2dzan8yqa80gtmcjch,Sunderland AFC,Sunderland,Sunderland,SUN,441264,9c2i7ddl2uh7kuhwq62klkyui
Bruno Fernandes,141746.0,1.0,90.0,0.0,0.08,-0.08,3.0,1.0,0.0,0.03,Bruno Miguel,Borges Fernandes,1994-09-08,31.99,1.0,8.0,Midfielder,Attacking Midfielder,3vtjjrqof5z2tjj84ehadqc45,6eqit8ye8aomdsrrq0hk3v7gh,Manchester United FC,Manchester United,Man Utd,MUN,14.0,121.712,6.0,48.615,2.0,0.0,0.0,0.0,8.694,8.103,0.0,0.0,5.0,0.0,1.0,2.0,1.0,50.0,0.0,0.0,0.0,,,,,,,,,,141746.0,90.0,1.0,3.0,2.0,2.38,33.33,0.256,0.173,0.0,0.0,Bruno Miguel,Borges Fernandes,1994-09-08,31.99,1.0,8.0,Midfielder,Attacking Midfielder,3vtjjrqof5z2tjj84ehadqc45,6eqit8ye8aomdsrrq0hk3v7gh,Manchester United FC,Manchester United,Man Utd,MUN,141746.0,90.0,1.0,88.0,74.0,84.09,46.0,35.0,76.09,5.0,1.0,20.0,1.0,0.0,0.0,Bruno Miguel,Borges Fernandes,1994-09-08,31.99,1.0,8.0,Midfielder,Attacking Midfielder,3vtjjrqof5z2tjj84ehadqc45,6eqit8ye8aomdsrrq0hk3v7gh,Manchester United FC,Manchester United,Man Utd,MUN,141746,3vtjjrqof5z2tjj84ehadqc45
Bryan Mbeumo,446008.0,1.0,90.0,0.0,0.5,-0.5,4.0,2.0,0.0,0.12,Bryan,Mbeumo,1999-08-07,27.07,1.0,19.0,Forward,Winger,v78uhwxgzojcec8lsdvucusp,6eqit8ye8aomdsrrq0hk3v7gh,Manchester United FC,Manchester United,Man Utd,MUN,15.0,150.747,6.0,72.345,2.0,0.0,0.0,0.0,10.05,12.058,0.0,0.0,4.0,0.0,0.0,2.0,0.0,0.0,6.0,2.0,33.333,,,,,,,,,,446008.0,90.0,1.0,1.0,1.0,2.33,0.0,0.228,0.193,0.0,0.0,Bryan,Mbeumo,1999-08-07,27.07,1.0,19.0,Forward,Winger,v78uhwxgzojcec8lsdvucusp,6eqit8ye8aomdsrrq0hk3v7gh,Manchester United FC,Manchester United,Man Utd,MUN,446008.0,90.0,1.0,44.0,38.0,86.36,27.0,23.0,85.19,7.0,1.0,14.29,0.0,0.0,0.0,Bryan,Mbeumo,1999-08-07,27.07,1.0,19.0,Forward,Winger,v78uhwxgzojcec8lsdvucusp,6eqit8ye8aomdsrrq0hk3v7gh,Manchester United FC,Manchester United,Man Utd,MUN,446008,v78uhwxgzojcec8lsdvucusp
Bukayo Saka,223340.0,1.0,68.0,1.0,0.64,0.36,3.0,1.0,33.33,0.21,Bukayo,Saka,2001-09-05,24.99,3.0,7.0,Forward,Winger,8tc7dcuwdeqbjgt7vw5p38xgq,4dsgumo7d4zupm2ugsvm4zm4d,Arsenal FC,Arsenal,Arsenal,ARS,11.0,115.559,8.0,84.21,0.0,0.0,0.0,0.0,10.505,10.526,1.0,0.0,4.0,0.0,2.0,4.0,3.0,75.0,1.0,0.0,0.0,,,,,,,,,,223340.0,68.0,1.0,2.0,2.0,6.45,0.0,0.076,0.072,0.0,0.0,Bukayo,Saka,2001-09-05,24.99,3.0,7.0,Forward,Winger,8tc7dcuwdeqbjgt7vw5p38xgq,4dsgumo7d4zupm2ugsvm4zm4d,Arsenal FC,Arsenal,Arsenal,ARS,223340.0,68.0,1.0,34.0,30.0,88.24,22.0,20.0,90.91,3.0,0.0,0.0,0.0,0.0,0.0,Bukayo,Saka,2001-09-05,24.99,3.0,7.0,Forward,Winger,8tc7dcuwdeqbjgt7vw5p38xgq,4dsgumo7d4zupm2ugsvm4zm4d,Arsenal FC,Arsenal,Arsenal,ARS,223340,8tc7dcuwdeqbjgt7vw5p38xgq
Caleb Yirenkyi,661888.0,1.0,62.0,0.0,0.0,0.0,0.0,0.0,0.0,0.0,Caleb,Yirenkyi,2006-01-15,20.63,9.0,8.0,Midfielder,0,3zc9hy5uicgp21wr6z5wyuntg,dacoc20k0n3fxu4zek8wufmko,Coventry City FC,Coventry City,Coventry,COV,2.0,46.971,2.0,43.155,0.0,0.0,0.0,0.0,23.486,21.578,0.0,0.0,3.0,0.0,0.0,2.0,0.0,0.0,1.0,1.0,100.0,,,,,,,,,,661888.0,62.0,1.0,0.0,0.0,0.0,0.0,0.005,0.005,0.0,0.0,Caleb,Yirenkyi,2006-01-15,20.63,9.0,8.0,Midfielder,0,3zc9hy5uicgp21wr6z5wyuntg,dacoc20k0n3fxu4zek8wufmko,Coventry City FC,Coventry City,Coventry,COV,661888.0,62.0,1.0,13.0,10.0,76.92,6.0,5.0,83.33,0.0,0.0,0.0,0.0,0.0,0.0,Caleb,Yirenkyi,2006-01-15,20.63,9.0,8.0,Midfielder,0,3zc9hy5uicgp21wr6z5wyuntg,dacoc20k0n3fxu4zek8wufmko,Coventry City FC,Coventry City,Coventry,COV,661888,3zc9hy5uicgp21wr6z5wyuntg
Callum Hudson-Odoi,209046.0,0.0,0.0,0.0,0.0,0.0,0.0,0.0,0.0,0.0,Callum,Hudson-Odoi,2000-11-07,25.82,17.0,7.0,Forward,Winger,209046,1qtaiy11gswx327s0vkibf70n,Nottingham Forest FC,Nottingham Forest,Forest,NFO,0.0,0.0,0.0,0.0,0.0,0.0,0.0,0.0,0.0,0.0,0.0,0.0,0.0,0.0,0.0,0.0,0.0,0.0,0.0,0.0,0.0,,,,,,,,,,209046.0,0.0,0.0,0.0,0.0,0.0,0.0,0.0,0.0,0.0,0.0,Callum,Hudson-Odoi,2000-11-07,25.82,17.0,7.0,Forward,Winger,209046,1qtaiy11gswx327s0vkibf70n,Nottingham Forest FC,Nottingham Forest,Forest,NFO,209046.0,0.0,0.0,0.0,0.0,0.0,0.0,0.0,0.0,0.0,0.0,0.0,0.0,0.0,0.0,Callum,Hudson-Odoi,2000-11-07,25.82,17.0,7.0,Forward,Winger,209046,1qtaiy11gswx327s0vkibf70n,Nottingham Forest FC,Nottingham Forest,Forest,NFO,209046,209046
Callum Wilson,75115.0,1.0,7.0,0.0,0.03,-0.03,1.0,0.0,0.0,0.03,Callum,Wilson,1992-02-27,34.52,94.0,13.0,Forward,Striker,66r7rq9kcoyow46ovmhzrtec5,7yx5dqhhphyvfisohikodajhv,Brentford FC,Brentford,Brentford,BRE,2.0,36.651,2.0,36.33,1.0,0.0,1.0,0.0,18.326,18.165,0.0,0.0,0.0,0.0,0.0,0.0,0.0,0.0,1.0,1.0,100.0,,,,,,,,,,75115.0,7.0,1.0,1.0,1.0,100.0,0.0,0.037,0.037,0.0,0.0,Callum,Wilson,1992-02-27,34.52,94.0,13.0,Forward,Striker,66r7rq9kcoyow46ovmhzrtec5,7yx5dqhhphyvfisohikodajhv,Brentford FC,Brentford,Brentford,BRE,75115.0,7.0,1.0,1.0,1.0,100.0,1.0,1.0,100.0,0.0,0.0,0.0,0.0,0.0,0.0,Callum,Wilson,1992-02-27,34.52,94.0,13.0,Forward,Striker,66r7rq9kcoyow46ovmhzrtec5,7yx5dqhhphyvfisohikodajhv,Brentford FC,Brentford,Brentford,BRE,75115,66r7rq9kcoyow46ovmhzrtec5
Calvin Bassey,232892.0,1.0,90.0,0.0,0.02,-0.02,1.0,0.0,0.0,0.02,Calvin,Bassey,1999-12-31,26.67,54.0,3.0,Defender,Full Back,4jqgl7x5ewke1u0sy2cbkqfhl,hzqh7z0mdl3v7gwete66syxp,Fulham FC,Fulham,Fulham,FUL,30.0,307.887,14.0,163.38,0.0,0.0,0.0,0.0,10.263,11.67,1.0,0.0,4.0,0.0,3.0,5.0,2.0,40.0,0.0,0.0,0.0,,,,,,,,,,232892.0,90.0,1.0,0.0,0.0,0.0,0.0,0.023,0.023,0.0,0.0,Calvin,Bassey,1999-12-31,26.67,54.0,3.0,Defender,Full Back,4jqgl7x5ewke1u0sy2cbkqfhl,hzqh7z0mdl3v7gwete66syxp,Fulham FC,Fulham,Fulham,FUL,232892.0,90.0,1.0,89.0,81.0,91.01,21.0,18.0,85.71,0.0,0.0,0.0,0.0,0.0,0.0,Calvin,Bassey,1999-12-31,26.67,54.0,3.0,Defender,Full Back,4jqgl7x5ewke1u0sy2cbkqfhl,hzqh7z0mdl3v7gwete66syxp,Fulham FC,Fulham,Fulham,FUL,232892,4jqgl7x5ewke1u0sy2cbkqfhl
Cameron Humphreys,524180.0,0.0,0.0,0.0,0.0,0.0,0.0,0.0,0.0,0.0,Cameron,Humphreys,2003-10-30,22.84,40.0,30.0,Midfielder,Central Midfielder,524180,8b523ujgl21tbc01me65q0aoh,Ipswich Town FC,Ipswich Town,Ipswich,IPS,0.0,0.0,0.0,0.0,0.0,0.0,0.0,0.0,0.0,0.0,0.0,0.0,0.0,0.0,0.0,0.0,0.0,0.0,0.0,0.0,0.0,,,,,,,,,,524180.0,0.0,0.0,0.0,0.0,0.0,0.0,0.0,0.0,0.0,0.0,Cameron,Humphreys,2003-10-30,22.84,40.0,30.0,Midfielder,Central Midfielder,524180,8b523ujgl21tbc01me65q0aoh,Ipswich Town FC,Ipswich Town,Ipswich,IPS,524180.0,0.0,0.0,0.0,0.0,0.0,0.0,0.0,0.0,0.0,0.0,0.0,0.0,0.0,0.0,Cameron,Humphreys,2003-10-30,22.84,40.0,30.0,Midfielder,Central Midfielder,524180,8b523ujgl21tbc01me65q0aoh,Ipswich Town FC,Ipswich Town,Ipswich,IPS,524180,524180
Caoimhín Kelleher,,,,,,,,,,,,,,,,,,,,,,,,,,,,,,,,,,,,,,,,,,,,,,90.0,100.0,0.0,0.0,4.0,100.0,0.61,0.0,0.61,,,,,,,,,,,,,,,,,,,,,,,,,,,,,,,,,,,,,,,,,,,,,,,,,,,,,,,200720,dpw4s6nbkfcrjlqxxgf9j5yhh
Carl Rushworth,,,,,,,,,,,,,,,,,,,,,,,,,,,,,,,,,,,,,,,,,,,,,,90.0,100.0,0.0,3.0,2.0,40.0,-0.56,0.67,2.44,,,,,,,,,,,,,,,,,,,,,,,,,,,,,,,,,,,,,,,,,,,,,,,,,,,,,,,472739,9tlowuu89l3fnv5iowela1ca2
Chadi Riad,515621.0,1.0,72.0,0.0,0.0,0.0,0.0,0.0,0.0,0.0,Chadi,Riad,2003-06-17,23.21,31.0,4.0,Defender,Central Defender,31hruvmsmvb0f8cvr63le2kgk,1c8m2ko0wxq1asfkuykurdr0y,Crystal Palace FC,Crystal Palace,Palace,CRY,16.0,166.021,12.0,119.595,0.0,0.0,0.0,0.0,10.376,9.966,1.0,1.0,3.0,0.0,5.0,4.0,1.0,25.0,2.0,2.0,100.0,,,,,,,,,,515621.0,72.0,1.0,0.0,0.0,0.0,0.0,0.007,0.007,0.0,0.0,Chadi,Riad,2003-06-17,23.21,31.0,4.0,Defender,Central Defender,31hruvmsmvb0f8cvr63le2kgk,1c8m2ko0wxq1asfkuykurdr0y,Crystal Palace FC,Crystal Palace,Palace,CRY,515621.0,72.0,1.0,49.0,46.0,93.88,7.0,6.0,85.71,0.0,0.0,0.0,0.0,0.0,0.0,Chadi,Riad,2003-06-17,23.21,31.0,4.0,Defender,Central Defender,31hruvmsmvb0f8cvr63le2kgk,1c8m2ko0wxq1asfkuykurdr0y,Crystal Palace FC,Crystal Palace,Palace,CRY,515621,31hruvmsmvb0f8cvr63le2kgk
Charalampos Kostoulas,647850.0,1.0,26.0,0.0,0.18,-0.18,2.0,0.0,0.0,0.09,Charalampos,Kostoulas,2007-05-30,19.26,36.0,19.0,Forward,Striker,f23e0mo62rmrrjso771t54jro,e5p0ehyguld7egzhiedpdnc3w,Brighton & Hove Albion FC,Brighton & Hove Albion,Brighton,BHA,5.0,34.08,2.0,9.45,0.0,0.0,0.0,0.0,6.816,4.725,1.0,0.0,1.0,0.0,0.0,3.0,1.0,33.333,2.0,2.0,100.0,,,,,,,,,,647850.0,26.0,1.0,0.0,0.0,0.0,0.0,0.002,0.002,0.0,0.0,Charalampos,Kostoulas,2007-05-30,19.26,36.0,19.0,Forward,Striker,f23e0mo62rmrrjso771t54jro,e5p0ehyguld7egzhiedpdnc3w,Brighton & Hove Albion FC,Brighton & Hove Albion,Brighton,BHA,647850.0,26.0,1.0,6.0,3.0,50.0,4.0,1.0,25.0,0.0,0.0,0.0,0.0,0.0,0.0,Charalampos,Kostoulas,2007-05-30,19.26,36.0,19.0,Forward,Striker,f23e0mo62rmrrjso771t54jro,e5p0ehyguld7egzhiedpdnc3w,Brighton & Hove Albion FC,Brighton & Hove Albion,Brighton,BHA,647850,f23e0mo62rmrrjso771t54jro
Charly Alcaraz,502697.0,1.0,1.0,0.0,0.02,-0.02,1.0,1.0,0.0,0.02,Charly,Alcaraz,2002-11-30,23.76,11.0,24.0,Midfielder,Central Midfielder,18qxb54ol1s4mtgl7n3224ciy,ehd2iemqmschhj2ec0vayztzz,Everton FC,Everton,Everton,EVE,2.0,21.256,2.0,19.95,0.0,0.0,0.0,0.0,10.628,9.975,1.0,0.0,2.0,0.0,0.0,2.0,1.0,50.0,0.0,0.0,0.0,,,,,,,,,,502697.0,1.0,1.0,0.0,0.0,0.0,0.0,0.005,0.005,0.0,0.0,Charly,Alcaraz,2002-11-30,23.76,11.0,24.0,Midfielder,Central Midfielder,18qxb54ol1s4mtgl7n3224ciy,ehd2iemqmschhj2ec0vayztzz,Everton FC,Everton,Everton,EVE,502697.0,1.0,1.0,2.0,1.0,50.0,2.0,1.0,50.0,0.0,0.0,0.0,0.0,0.0,0.0,Charly,Alcaraz,2002-11-30,23.76,11.0,24.0,Midfielder,Central Midfielder,18qxb54ol1s4mtgl7n3224ciy,ehd2iemqmschhj2ec0vayztzz,Everton FC,Everton,Everton,EVE,502697,18qxb54ol1s4mtgl7n3224ciy
Chemsdine Talbi,549912.0,1.0,31.0,0.0,0.0,0.0,0.0,0.0,0.0,0.0,Chemsdine,Talbi,2005-05-09,21.32,56.0,7.0,Forward,Winger,5606cqx2mlkrp81oe6uh6ghec,1r3545b2dzan8yqa80gtmcjch,Sunderland AFC,Sunderland,Sunderland,SUN,4.0,55.071,3.0,42.21,0.0,0.0,0.0,0.0,13.768,14.07,0.0,0.0,2.0,0.0,0.0,3.0,0.0,0.0,0.0,0.0,0.0,,,,,,,,,,549912.0,31.0,1.0,0.0,0.0,0.0,0.0,0.001,0.001,0.0,0.0,Chemsdine,Talbi,2005-05-09,21.32,56.0,7.0,Forward,Winger,5606cqx2mlkrp81oe6uh6ghec,1r3545b2dzan8yqa80gtmcjch,Sunderland AFC,Sunderland,Sunderland,SUN,549912.0,31.0,1.0,11.0,9.0,81.82,2.0,0.0,0.0,3.0,0.0,0.0,0.0,0.0,0.0,Chemsdine,Talbi,2005-05-09,21.32,56.0,7.0,Forward,Winger,5606cqx2mlkrp81oe6uh6ghec,1r3545b2dzan8yqa80gtmcjch,Sunderland AFC,Sunderland,Sunderland,SUN,549912,5606cqx2mlkrp81oe6uh6ghec
Chris Richards,427623.0,1.0,90.0,0.0,0.0,0.0,0.0,0.0,0.0,0.0,Chris,Richards,2000-03-28,26.43,31.0,26.0,Defender,Central Defender,5nsag404623qznyyizl8yuwkq,1c8m2ko0wxq1asfkuykurdr0y,Crystal Palace FC,Crystal Palace,Palace,CRY,13.0,122.493,7.0,46.41,0.0,0.0,0.0,0.0,9.423,6.63,2.0,2.0,1.0,3.0,9.0,4.0,3.0,75.0,4.0,1.0,25.0,,,,,,,,,,427623.0,90.0,1.0,0.0,0.0,0.0,0.0,0.004,0.004,0.0,0.0,Chris,Richards,2000-03-28,26.43,31.0,26.0,Defender,Central Defender,5nsag404623qznyyizl8yuwkq,1c8m2ko0wxq1asfkuykurdr0y,Crystal Palace FC,Crystal Palace,Palace,CRY,427623.0,90.0,1.0,67.0,62.0,92.54,2.0,1.0,50.0,0.0,0.0,0.0,0.0,0.0,0.0,Chris,Richards,2000-03-28,26.43,31.0,26.0,Defender,Central Defender,5nsag404623qznyyizl8yuwkq,1c8m2ko0wxq1asfkuykurdr0y,Crystal Palace FC,Crystal Palace,Palace,CRY,427623,5nsag404623qznyyizl8yuwkq
Chris Rigg,554197.0,1.0,10.0,0.0,0.0,0.0,0.0,0.0,0.0,0.0,Chris,Rigg,2007-06-18,19.21,56.0,11.0,Midfielder,Attacking Midfielder,b5ff5jpe5loaqmlxwsqine9ec,1r3545b2dzan8yqa80gtmcjch,Sunderland AFC,Sunderland,Sunderland,SUN,2.0,18.906,1.0,-1.575,0.0,0.0,0.0,0.0,9.453,-1.575,0.0,0.0,1.0,0.0,0.0,0.0,0.0,0.0,0.0,0.0,0.0,,,,,,,,,,554197.0,10.0,1.0,0.0,0.0,0.0,0.0,0.001,0.001,0.0,0.0,Chris,Rigg,2007-06-18,19.21,56.0,11.0,Midfielder,Attacking Midfielder,b5ff5jpe5loaqmlxwsqine9ec,1r3545b2dzan8yqa80gtmcjch,Sunderland AFC,Sunderland,Sunderland,SUN,554197.0,10.0,1.0,3.0,2.0,66.67,2.0,1.0,50.0,0.0,0.0,0.0,0.0,0.0,0.0,Chris,Rigg,2007-06-18,19.21,56.0,11.0,Midfielder,Attacking Midfielder,b5ff5jpe5loaqmlxwsqine9ec,1r3545b2dzan8yqa80gtmcjch,Sunderland AFC,Sunderland,Sunderland,SUN,554197,b5ff5jpe5loaqmlxwsqine9ec
Chris Wood,60689.0,1.0,28.0,0.0,0.12,-0.12,1.0,0.0,0.0,0.12,Chris,Wood,1991-12-07,34.75,17.0,9.0,Forward,Striker,cjdycctu96jilvbvnl7ndh9sl,1qtaiy11gswx327s0vkibf70n,Nottingham Forest FC,Nottingham Forest,Forest,NFO,3.0,23.365,0.0,-6.3,0.0,0.0,0.0,0.0,7.788,0.0,0.0,0.0,1.0,0.0,0.0,2.0,1.0,50.0,3.0,1.0,33.333,,,,,,,,,,60689.0,28.0,1.0,0.0,0.0,0.0,0.0,0.008,0.008,0.0,0.0,Chris,Wood,1991-12-07,34.75,17.0,9.0,Forward,Striker,cjdycctu96jilvbvnl7ndh9sl,1qtaiy11gswx327s0vkibf70n,Nottingham Forest FC,Nottingham Forest,Forest,NFO,60689.0,28.0,1.0,5.0,5.0,100.0,2.0,2.0,100.0,0.0,0.0,0.0,0.0,0.0,0.0,Chris,Wood,1991-12-07,34.75,17.0,9.0,Forward,Striker,cjdycctu96jilvbvnl7ndh9sl,1qtaiy11gswx327s0vkibf70n,Nottingham Forest FC,Nottingham Forest,Forest,NFO,60689,cjdycctu96jilvbvnl7ndh9sl
Christos Tzolis,439509.0,1.0,76.0,0.0,0.19,-0.19,4.0,2.0,0.0,0.05,Christos,Tzolis,2002-01-30,24.59,3.0,17.0,Forward,Winger,acffs01m2p3b4uemzjrp51d9m,4dsgumo7d4zupm2ugsvm4zm4d,Arsenal FC,Arsenal,Arsenal,ARS,15.0,234.751,8.0,146.79,1.0,0.0,1.0,0.0,15.65,18.349,1.0,0.0,3.0,0.0,2.0,4.0,3.0,75.0,3.0,1.0,33.333,,,,,,,,,,439509.0,76.0,1.0,3.0,3.0,8.33,0.0,0.143,0.143,0.0,0.0,Christos,Tzolis,2002-01-30,24.59,3.0,17.0,Forward,Winger,acffs01m2p3b4uemzjrp51d9m,4dsgumo7d4zupm2ugsvm4zm4d,Arsenal FC,Arsenal,Arsenal,ARS,439509.0,76.0,1.0,36.0,30.0,83.33,20.0,16.0,80.0,3.0,1.0,33.33,0.0,0.0,0.0,Christos,Tzolis,2002-01-30,24.59,3.0,17.0,Forward,Winger,acffs01m2p3b4uemzjrp51d9m,4dsgumo7d4zupm2ugsvm4zm4d,Arsenal FC,Arsenal,Arsenal,ARS,439509,acffs01m2p3b4uemzjrp51d9m
Chuba Akpom,147675.0,1.0,24.0,0.0,0.0,0.0,0.0,0.0,0.0,0.0,Chuba,Akpom,1995-10-09,30.9,40.0,29.0,Forward,Striker,32n3284h95a93yq9h7hbw5hp1,8b523ujgl21tbc01me65q0aoh,Ipswich Town FC,Ipswich Town,Ipswich,IPS,0.0,0.0,0.0,0.0,0.0,0.0,0.0,0.0,0.0,0.0,1.0,0.0,2.0,0.0,0.0,4.0,2.0,50.0,6.0,2.0,33.333,,,,,,,,,,147675.0,24.0,1.0,0.0,0.0,0.0,0.0,0.0,0.0,0.0,0.0,Chuba,Akpom,1995-10-09,30.9,40.0,29.0,Forward,Striker,32n3284h95a93yq9h7hbw5hp1,8b523ujgl21tbc01me65q0aoh,Ipswich Town FC,Ipswich Town,Ipswich,IPS,147675.0,24.0,1.0,4.0,2.0,50.0,1.0,0.0,0.0,0.0,0.0,0.0,0.0,0.0,0.0,Chuba,Akpom,1995-10-09,30.9,40.0,29.0,Forward,Striker,32n3284h95a93yq9h7hbw5hp1,8b523ujgl21tbc01me65q0aoh,Ipswich Town FC,Ipswich Town,Ipswich,IPS,147675,32n3284h95a93yq9h7hbw5hp1
Cody Drameh,433590.0,1.0,20.0,0.0,0.05,-0.05,1.0,0.0,0.0,0.05,Cody,Drameh,2001-12-08,24.73,88.0,18.0,Defender,Full Back,ab2502dhe0p0fr35nf7urjxbe,f0figafm2v9h8ofo6slajj7xf,Hull City AFC,Hull City,Hull,HUL,3.0,23.305,2.0,6.93,0.0,0.0,0.0,0.0,7.768,3.465,1.0,1.0,2.0,0.0,1.0,2.0,1.0,50.0,0.0,0.0,0.0,,,,,,,,,,433590.0,20.0,1.0,0.0,0.0,0.0,0.0,0.0,0.0,0.0,0.0,Cody,Drameh,2001-12-08,24.73,88.0,18.0,Defender,Full Back,ab2502dhe0p0fr35nf7urjxbe,f0figafm2v9h8ofo6slajj7xf,Hull City AFC,Hull City,Hull,HUL,433590.0,20.0,1.0,6.0,4.0,66.67,0.0,0.0,0.0,0.0,0.0,0.0,0.0,0.0,0.0,Cody,Drameh,2001-12-08,24.73,88.0,18.0,Defender,Full Back,ab2502dhe0p0fr35nf7urjxbe,f0figafm2v9h8ofo6slajj7xf,Hull City AFC,Hull City,Hull,HUL,433590,ab2502dhe0p0fr35nf7urjxbe
Cody Gakpo,243298.0,1.0,90.0,1.0,0.3,0.7,6.0,1.0,16.67,0.05,Cody,Gakpo,1999-05-07,27.33,14.0,18.0,Forward,Striker,9psfk94nduz6icnuwty5v9all,c8h9bw1l82s06h77xxrelzhur,Liverpool FC,Liverpool,Liverpool,LIV,17.0,181.271,6.0,42.735,2.0,1.0,1.0,0.0,10.663,7.122,3.0,3.0,5.0,0.0,1.0,12.0,6.0,50.0,3.0,1.0,33.333,,,,,,,,,,243298.0,90.0,1.0,3.0,3.0,10.71,0.0,0.153,0.153,0.0,0.0,Cody,Gakpo,1999-05-07,27.33,14.0,18.0,Forward,Striker,9psfk94nduz6icnuwty5v9all,c8h9bw1l82s06h77xxrelzhur,Liverpool FC,Liverpool,Liverpool,LIV,243298.0,90.0,1.0,28.0,20.0,71.43,21.0,14.0,66.67,3.0,0.0,0.0,0.0,0.0,0.0,Cody,Gakpo,1999-05-07,27.33,14.0,18.0,Forward,Striker,9psfk94nduz6icnuwty5v9all,c8h9bw1l82s06h77xxrelzhur,Liverpool FC,Liverpool,Liverpool,LIV,243298,9psfk94nduz6icnuwty5v9all
Cole Palmer,244851.0,1.0,83.0,1.0,0.28,0.72,5.0,2.0,20.0,0.06,Cole,Palmer,2002-05-06,24.33,8.0,10.0,Midfielder,Attacking Midfielder,dl10343h8yopcgerzur5samwa,9q0arba2kbnywth8bkxlhgmdr,Chelsea FC,Chelsea,Chelsea,CHE,26.0,368.741,14.0,205.38,2.0,0.0,1.0,0.0,14.182,14.67,2.0,0.0,7.0,0.0,0.0,15.0,10.0,66.667,1.0,0.0,0.0,,,,,,,,,,244851.0,83.0,1.0,3.0,3.0,6.67,0.0,0.189,0.188,1.0,1.0,Cole,Palmer,2002-05-06,24.33,8.0,10.0,Midfielder,Attacking Midfielder,dl10343h8yopcgerzur5samwa,9q0arba2kbnywth8bkxlhgmdr,Chelsea FC,Chelsea,Chelsea,CHE,244851.0,83.0,1.0,34.0,30.0,88.24,14.0,12.0,85.71,2.0,1.0,50.0,1.0,1.0,100.0,Cole,Palmer,2002-05-06,24.33,8.0,10.0,Midfielder,Attacking Midfielder,dl10343h8yopcgerzur5samwa,9q0arba2kbnywth8bkxlhgmdr,Chelsea FC,Chelsea,Chelsea,CHE,244851,dl10343h8yopcgerzur5samwa
Conor Gallagher,232787.0,1.0,45.0,0.0,0.02,-0.02,1.0,0.0,0.0,0.02,Conor,Gallagher,2000-02-06,26.57,6.0,8.0,Midfielder,Central Midfielder,c83h08n0vnjvfgglyefy03h0p,22doj4sgsocqpxw45h607udje,Tottenham Hotspur FC,Tottenham Hotspur,Spurs,TOT,2.0,16.574,1.0,4.725,1.0,0.0,0.0,0.0,8.287,4.725,1.0,0.0,2.0,0.0,0.0,4.0,2.0,50.0,1.0,0.0,0.0,,,,,,,,,,232787.0,45.0,1.0,0.0,0.0,0.0,0.0,0.059,0.059,0.0,0.0,Conor,Gallagher,2000-02-06,26.57,6.0,8.0,Midfielder,Central Midfielder,c83h08n0vnjvfgglyefy03h0p,22doj4sgsocqpxw45h607udje,Tottenham Hotspur FC,Tottenham Hotspur,Spurs,TOT,232787.0,45.0,1.0,19.0,16.0,84.21,8.0,6.0,75.0,0.0,0.0,0.0,1.0,0.0,0.0,Conor,Gallagher,2000-02-06,26.57,6.0,8.0,Midfielder,Central Midfielder,c83h08n0vnjvfgglyefy03h0p,22doj4sgsocqpxw45h607udje,Tottenham Hotspur FC,Tottenham Hotspur,Spurs,TOT,232787,c83h08n0vnjvfgglyefy03h0p
Costinha,451490.0,1.0,26.0,0.0,0.12,-0.12,2.0,1.0,0.0,0.06,João Pedro,Loureiro da Costa,2000-03-26,26.44,36.0,20.0,Defender,Full Back,degqtleco9n5tlt0yz3q5t9ii,e5p0ehyguld7egzhiedpdnc3w,Brighton & Hove Albion FC,Brighton & Hove Albion,Brighton,BHA,4.0,36.832,3.0,32.13,0.0,0.0,0.0,0.0,9.208,10.71,1.0,1.0,0.0,0.0,2.0,3.0,1.0,33.333,1.0,0.0,0.0,,,,,,,,,,451490.0,26.0,1.0,0.0,0.0,0.0,0.0,0.004,0.004,0.0,0.0,João Pedro,Loureiro da Costa,2000-03-26,26.44,36.0,20.0,Defender,Full Back,degqtleco9n5tlt0yz3q5t9ii,e5p0ehyguld7egzhiedpdnc3w,Brighton & Hove Albion FC,Brighton & Hove Albion,Brighton,BHA,451490.0,26.0,1.0,17.0,17.0,100.0,3.0,3.0,100.0,0.0,0.0,0.0,0.0,0.0,0.0,João Pedro,Loureiro da Costa,2000-03-26,26.44,36.0,20.0,Defender,Full Back,degqtleco9n5tlt0yz3q5t9ii,e5p0ehyguld7egzhiedpdnc3w,Brighton & Hove Albion FC,Brighton & Hove Albion,Brighton,BHA,451490,degqtleco9n5tlt0yz3q5t9ii
Cristhian Mosquera,500040.0,1.0,90.0,0.0,0.0,0.0,0.0,0.0,0.0,0.0,Cristhian,Mosquera,2004-06-27,22.18,3.0,3.0,Defender,Central Defender,6o76owze8y78ue9sb49g8kyz8,4dsgumo7d4zupm2ugsvm4zm4d,Arsenal FC,Arsenal,Arsenal,ARS,9.0,83.771,7.0,59.22,0.0,0.0,0.0,0.0,9.308,8.46,0.0,1.0,3.0,0.0,5.0,2.0,1.0,50.0,3.0,1.0,33.333,,,,,,,,,,500040.0,90.0,1.0,0.0,0.0,0.0,0.0,0.003,0.003,0.0,0.0,Cristhian,Mosquera,2004-06-27,22.18,3.0,3.0,Defender,Central Defender,6o76owze8y78ue9sb49g8kyz8,4dsgumo7d4zupm2ugsvm4zm4d,Arsenal FC,Arsenal,Arsenal,ARS,500040.0,90.0,1.0,65.0,62.0,95.38,3.0,2.0,66.67,0.0,0.0,0.0,0.0,0.0,0.0,Cristhian,Mosquera,2004-06-27,22.18,3.0,3.0,Defender,Central Defender,6o76owze8y78ue9sb49g8kyz8,4dsgumo7d4zupm2ugsvm4zm4d,Arsenal FC,Arsenal,Arsenal,ARS,500040,6o76owze8y78ue9sb49g8kyz8
Cédric Kipré,183015.0,0.0,0.0,0.0,0.0,0.0,0.0,0.0,0.0,0.0,Cédric,Kipré,1996-12-09,29.73,40.0,4.0,Defender,Central Defender,183015,8b523ujgl21tbc01me65q0aoh,Ipswich Town FC,Ipswich Town,Ipswich,IPS,0.0,0.0,0.0,0.0,0.0,0.0,0.0,0.0,0.0,0.0,0.0,0.0,0.0,0.0,0.0,0.0,0.0,0.0,0.0,0.0,0.0,,,,,,,,,,183015.0,0.0,0.0,0.0,0.0,0.0,0.0,0.0,0.0,0.0,0.0,Cédric,Kipré,1996-12-09,29.73,40.0,4.0,Defender,Central Defender,183015,8b523ujgl21tbc01me65q0aoh,Ipswich Town FC,Ipswich Town,Ipswich,IPS,183015.0,0.0,0.0,0.0,0.0,0.0,0.0,0.0,0.0,0.0,0.0,0.0,0.0,0.0,0.0,Cédric,Kipré,1996-12-09,29.73,40.0,4.0,Defender,Central Defender,183015,8b523ujgl21tbc01me65q0aoh,Ipswich Town FC,Ipswich Town,Ipswich,IPS,183015,183015
César Palacios,571779.0,1.0,73.0,0.0,0.16,-0.16,2.0,0.0,0.0,0.08,César,Palacios,2004-11-11,21.81,54.0,8.0,Midfielder,Attacking Midfielder,3r4r3w44ski0d4175zfe1iy38,hzqh7z0mdl3v7gwete66syxp,Fulham FC,Fulham,Fulham,FUL,10.0,77.588,2.0,23.73,0.0,0.0,0.0,0.0,7.759,11.865,2.0,0.0,2.0,0.0,0.0,6.0,3.0,50.0,3.0,0.0,0.0,,,,,,,,,,571779.0,73.0,1.0,0.0,0.0,0.0,0.0,0.008,0.008,0.0,0.0,César,Palacios,2004-11-11,21.81,54.0,8.0,Midfielder,Attacking Midfielder,3r4r3w44ski0d4175zfe1iy38,hzqh7z0mdl3v7gwete66syxp,Fulham FC,Fulham,Fulham,FUL,571779.0,73.0,1.0,37.0,32.0,86.49,9.0,7.0,77.78,0.0,0.0,0.0,0.0,0.0,0.0,César,Palacios,2004-11-11,21.81,54.0,8.0,Midfielder,Attacking Midfielder,3r4r3w44ski0d4175zfe1iy38,hzqh7z0mdl3v7gwete66syxp,Fulham FC,Fulham,Fulham,FUL,571779,3r4r3w44ski0d4175zfe1iy38
Daichi Kamada,209400.0,1.0,90.0,0.0,0.0,0.0,0.0,0.0,0.0,0.0,Daichi,Kamada,1996-08-05,30.08,31.0,18.0,Midfielder,Attacking Midfielder,az15xx7m923srf9gdbwmiyga1,1c8m2ko0wxq1asfkuykurdr0y,Crystal Palace FC,Crystal Palace,Palace,CRY,11.0,144.14,8.0,75.075,0.0,0.0,0.0,0.0,13.104,9.384,3.0,1.0,8.0,0.0,2.0,9.0,5.0,55.556,1.0,1.0,100.0,,,,,,,,,,209400.0,90.0,1.0,2.0,2.0,2.86,0.0,0.268,0.268,0.0,0.0,Daichi,Kamada,1996-08-05,30.08,31.0,18.0,Midfielder,Attacking Midfielder,az15xx7m923srf9gdbwmiyga1,1c8m2ko0wxq1asfkuykurdr0y,Crystal Palace FC,Crystal Palace,Palace,CRY,209400.0,90.0,1.0,72.0,67.0,93.06,18.0,15.0,83.33,3.0,1.0,33.33,0.0,0.0,0.0,Daichi,Kamada,1996-08-05,30.08,31.0,18.0,Midfielder,Attacking Midfielder,az15xx7m923srf9gdbwmiyga1,1c8m2ko0wxq1asfkuykurdr0y,Crystal Palace FC,Crystal Palace,Palace,CRY,209400,az15xx7m923srf9gdbwmiyga1
Daizen Maeda,442967.0,1.0,80.0,0.0,0.61,-0.61,1.0,0.0,0.0,0.61,Daizen,Maeda,1997-10-20,28.87,40.0,38.0,Forward,Winger,4x7o9h6ea8ldt9sxgz87vwycp,8b523ujgl21tbc01me65q0aoh,Ipswich Town FC,Ipswich Town,Ipswich,IPS,5.0,80.581,5.0,78.855,0.0,0.0,0.0,0.0,16.116,15.771,4.0,0.0,2.0,1.0,2.0,10.0,4.0,40.0,0.0,0.0,0.0,,,,,,,,,,442967.0,80.0,1.0,0.0,0.0,0.0,0.0,0.004,0.004,0.0,0.0,Daizen,Maeda,1997-10-20,28.87,40.0,38.0,Forward,Winger,4x7o9h6ea8ldt9sxgz87vwycp,8b523ujgl21tbc01me65q0aoh,Ipswich Town FC,Ipswich Town,Ipswich,IPS,442967.0,80.0,1.0,12.0,9.0,75.0,4.0,2.0,50.0,2.0,0.0,0.0,0.0,0.0,0.0,Daizen,Maeda,1997-10-20,28.87,40.0,38.0,Forward,Winger,4x7o9h6ea8ldt9sxgz87vwycp,8b523ujgl21tbc01me65q0aoh,Ipswich Town FC,Ipswich Town,Ipswich,IPS,442967,4x7o9h6ea8ldt9sxgz87vwycp
Dan Ballard,223827.0,1.0,90.0,0.0,0.0,0.0,0.0,0.0,0.0,0.0,Dan,Ballard,1999-09-22,26.95,56.0,5.0,Defender,Central Defender,bnjdkz5d7st9gtn2srjs8ozc9,1r3545b2dzan8yqa80gtmcjch,Sunderland AFC,Sunderland,Sunderland,SUN,9.0,95.681,7.0,73.395,0.0,0.0,0.0,0.0,10.631,10.485,2.0,0.0,0.0,0.0,7.0,6.0,3.0,50.0,9.0,3.0,33.333,,,,,,,,,,223827.0,90.0,1.0,0.0,0.0,0.0,0.0,0.005,0.005,0.0,0.0,Dan,Ballard,1999-09-22,26.95,56.0,5.0,Defender,Central Defender,bnjdkz5d7st9gtn2srjs8ozc9,1r3545b2dzan8yqa80gtmcjch,Sunderland AFC,Sunderland,Sunderland,SUN,223827.0,90.0,1.0,58.0,53.0,91.38,6.0,5.0,83.33,0.0,0.0,0.0,0.0,0.0,0.0,Dan,Ballard,1999-09-22,26.95,56.0,5.0,Defender,Central Defender,bnjdkz5d7st9gtn2srjs8ozc9,1r3545b2dzan8yqa80gtmcjch,Sunderland AFC,Sunderland,Sunderland,SUN,223827,bnjdkz5d7st9gtn2srjs8ozc9
Dan Ndoye,456512.0,1.0,62.0,0.0,0.0,0.0,0.0,0.0,0.0,0.0,Dan,Ndoye,2000-10-25,25.85,17.0,14.0,Forward,Winger,ex10o77wnk1exp9tj1t1rqj56,1qtaiy11gswx327s0vkibf70n,Nottingham Forest FC,Nottingham Forest,Forest,NFO,1.0,12.085,1.0,10.5,0.0,0.0,0.0,0.0,12.085,10.5,1.0,0.0,1.0,0.0,1.0,5.0,2.0,40.0,1.0,1.0,100.0,,,,,,,,,,456512.0,62.0,1.0,0.0,0.0,0.0,0.0,0.002,0.002,0.0,0.0,Dan,Ndoye,2000-10-25,25.85,17.0,14.0,Forward,Winger,ex10o77wnk1exp9tj1t1rqj56,1qtaiy11gswx327s0vkibf70n,Nottingham Forest FC,Nottingham Forest,Forest,NFO,456512.0,62.0,1.0,10.0,6.0,60.0,3.0,2.0,66.67,0.0,0.0,0.0,0.0,0.0,0.0,Dan,Ndoye,2000-10-25,25.85,17.0,14.0,Forward,Winger,ex10o77wnk1exp9tj1t1rqj56,1qtaiy11gswx327s0vkibf70n,Nottingham Forest FC,Nottingham Forest,Forest,NFO,456512,ex10o77wnk1exp9tj1t1rqj56
Dango Ouattara,533463.0,1.0,67.0,0.0,0.05,-0.05,2.0,0.0,0.0,0.02,Dango,Ouattara,2002-02-11,24.56,94.0,11.0,Forward,Winger,dg4782hj9xdqg46w225kzph5g,7yx5dqhhphyvfisohikodajhv,Brentford FC,Brentford,Brentford,BRE,8.0,92.848,5.0,82.95,0.0,0.0,1.0,0.0,11.606,16.59,0.0,2.0,4.0,0.0,0.0,8.0,2.0,25.0,2.0,1.0,50.0,,,,,,,,,,533463.0,67.0,1.0,2.0,2.0,18.18,0.0,0.287,0.287,0.0,0.0,Dango,Ouattara,2002-02-11,24.56,94.0,11.0,Forward,Winger,dg4782hj9xdqg46w225kzph5g,7yx5dqhhphyvfisohikodajhv,Brentford FC,Brentford,Brentford,BRE,533463.0,67.0,1.0,11.0,6.0,54.55,8.0,4.0,50.0,1.0,1.0,100.0,2.0,1.0,50.0,Dango,Ouattara,2002-02-11,24.56,94.0,11.0,Forward,Winger,dg4782hj9xdqg46w225kzph5g,7yx5dqhhphyvfisohikodajhv,Brentford FC,Brentford,Brentford,BRE,533463,dg4782hj9xdqg46w225kzph5g
Daniel James,200617.0,0.0,0.0,0.0,0.0,0.0,0.0,0.0,0.0,0.0,Daniel,James,1997-11-10,28.81,2.0,7.0,Forward,Winger,200617,48gk2hpqtsl6p9sx9kjhaydq4,Leeds United FC,Leeds United,Leeds,LEE,0.0,0.0,0.0,0.0,0.0,0.0,0.0,0.0,0.0,0.0,0.0,0.0,0.0,0.0,0.0,0.0,0.0,0.0,0.0,0.0,0.0,,,,,,,,,,200617.0,0.0,0.0,0.0,0.0,0.0,0.0,0.0,0.0,0.0,0.0,Daniel,James,1997-11-10,28.81,2.0,7.0,Forward,Winger,200617,48gk2hpqtsl6p9sx9kjhaydq4,Leeds United FC,Leeds United,Leeds,LEE,200617.0,0.0,0.0,0.0,0.0,0.0,0.0,0.0,0.0,0.0,0.0,0.0,0.0,0.0,0.0,Daniel,James,1997-11-10,28.81,2.0,7.0,Forward,Winger,200617,48gk2hpqtsl6p9sx9kjhaydq4,Leeds United FC,Leeds United,Leeds,LEE,200617,200617
Daniel Jebbison,523700.0,1.0,15.0,0.0,0.1,-0.1,1.0,1.0,0.0,0.1,Daniel,Jebbison,2003-08-13,23.05,91.0,29.0,Forward,Striker,4vzixye912wmbbgju0gpz7sdm,1pse9ta7a45pi2w2grjim70ge,AFC Bournemouth,Bournemouth,Bournemouth,BOU,1.0,5.682,0.0,-3.57,0.0,0.0,0.0,0.0,5.682,0.0,0.0,0.0,1.0,0.0,0.0,1.0,1.0,100.0,0.0,0.0,0.0,,,,,,,,,,523700.0,15.0,1.0,0.0,0.0,0.0,0.0,0.004,0.004,0.0,0.0,Daniel,Jebbison,2003-08-13,23.05,91.0,29.0,Forward,Striker,4vzixye912wmbbgju0gpz7sdm,1pse9ta7a45pi2w2grjim70ge,AFC Bournemouth,Bournemouth,Bournemouth,BOU,523700.0,15.0,1.0,5.0,5.0,100.0,2.0,2.0,100.0,0.0,0.0,0.0,0.0,0.0,0.0,Daniel,Jebbison,2003-08-13,23.05,91.0,29.0,Forward,Striker,4vzixye912wmbbgju0gpz7sdm,1pse9ta7a45pi2w2grjim70ge,AFC Bournemouth,Bournemouth,Bournemouth,BOU,523700,4vzixye912wmbbgju0gpz7sdm
Daniel Muñoz,247348.0,1.0,55.0,0.0,0.23,-0.23,2.0,1.0,0.0,0.11,Daniel,Muñoz,1996-05-26,30.27,31.0,2.0,Defender,Full Back,3yb66hal4fvr04bawz0y3efhl,1c8m2ko0wxq1asfkuykurdr0y,Crystal Palace FC,Crystal Palace,Palace,CRY,6.0,69.545,2.0,7.56,0.0,0.0,0.0,0.0,11.591,3.78,1.0,1.0,1.0,0.0,2.0,3.0,1.0,33.333,3.0,2.0,66.667,,,,,,,,,,247348.0,55.0,1.0,0.0,0.0,0.0,0.0,0.01,0.01,0.0,0.0,Daniel,Muñoz,1996-05-26,30.27,31.0,2.0,Defender,Full Back,3yb66hal4fvr04bawz0y3efhl,1c8m2ko0wxq1asfkuykurdr0y,Crystal Palace FC,Crystal Palace,Palace,CRY,247348.0,55.0,1.0,31.0,25.0,80.65,6.0,4.0,66.67,0.0,0.0,0.0,0.0,0.0,0.0,Daniel,Muñoz,1996-05-26,30.27,31.0,2.0,Defender,Full Back,3yb66hal4fvr04bawz0y3efhl,1c8m2ko0wxq1asfkuykurdr0y,Crystal Palace FC,Crystal Palace,Palace,CRY,247348,3yb66hal4fvr04bawz0y3efhl
Danny Welbeck,50175.0,0.0,0.0,0.0,0.0,0.0,0.0,0.0,0.0,0.0,Danny,Welbeck,1990-11-26,35.78,8.0,18.0,Forward,Striker,50175,9q0arba2kbnywth8bkxlhgmdr,Chelsea FC,Chelsea,Chelsea,CHE,0.0,0.0,0.0,0.0,0.0,0.0,0.0,0.0,0.0,0.0,0.0,0.0,0.0,0.0,0.0,0.0,0.0,0.0,0.0,0.0,0.0,,,,,,,,,,50175.0,0.0,0.0,0.0,0.0,0.0,0.0,0.0,0.0,0.0,0.0,Danny,Welbeck,1990-11-26,35.78,8.0,18.0,Forward,Striker,50175,9q0arba2kbnywth8bkxlhgmdr,Chelsea FC,Chelsea,Chelsea,CHE,50175.0,0.0,0.0,0.0,0.0,0.0,0.0,0.0,0.0,0.0,0.0,0.0,0.0,0.0,0.0,Danny,Welbeck,1990-11-26,35.78,8.0,18.0,Forward,Striker,50175,9q0arba2kbnywth8bkxlhgmdr,Chelsea FC,Chelsea,Chelsea,CHE,50175,50175
Dara O'Shea,216616.0,1.0,90.0,0.0,0.0,0.0,0.0,0.0,0.0,0.0,Dara,O'Shea,1999-03-04,27.5,40.0,26.0,Defender,Central Defender,dw5enxkcunwwewbmz8xq5ceeh,8b523ujgl21tbc01me65q0aoh,Ipswich Town FC,Ipswich Town,Ipswich,IPS,1.0,5.339,1.0,5.145,0.0,0.0,1.0,0.0,5.339,5.145,2.0,2.0,6.0,2.0,12.0,5.0,4.0,80.0,5.0,4.0,80.0,,,,,,,,,,216616.0,90.0,1.0,2.0,2.0,6.25,0.0,0.158,0.158,0.0,0.0,Dara,O'Shea,1999-03-04,27.5,40.0,26.0,Defender,Central Defender,dw5enxkcunwwewbmz8xq5ceeh,8b523ujgl21tbc01me65q0aoh,Ipswich Town FC,Ipswich Town,Ipswich,IPS,216616.0,90.0,1.0,36.0,24.0,66.67,8.0,2.0,25.0,1.0,1.0,100.0,0.0,0.0,0.0,Dara,O'Shea,1999-03-04,27.5,40.0,26.0,Defender,Central Defender,dw5enxkcunwwewbmz8xq5ceeh,8b523ujgl21tbc01me65q0aoh,Ipswich Town FC,Ipswich Town,Ipswich,IPS,216616,dw5enxkcunwwewbmz8xq5ceeh
Darnell Furlong,176420.0,0.0,0.0,0.0,0.0,0.0,0.0,0.0,0.0,0.0,Darnell,Furlong,1995-10-31,30.84,40.0,2.0,Defender,Full Back,176420,8b523ujgl21tbc01me65q0aoh,Ipswich Town FC,Ipswich Town,Ipswich,IPS,0.0,0.0,0.0,0.0,0.0,0.0,0.0,0.0,0.0,0.0,0.0,0.0,0.0,0.0,0.0,0.0,0.0,0.0,0.0,0.0,0.0,,,,,,,,,,176420.0,0.0,0.0,0.0,0.0,0.0,0.0,0.0,0.0,0.0,0.0,Darnell,Furlong,1995-10-31,30.84,40.0,2.0,Defender,Full Back,176420,8b523ujgl21tbc01me65q0aoh,Ipswich Town FC,Ipswich Town,Ipswich,IPS,176420.0,0.0,0.0,0.0,0.0,0.0,0.0,0.0,0.0,0.0,0.0,0.0,0.0,0.0,0.0,Darnell,Furlong,1995-10-31,30.84,40.0,2.0,Defender,Full Back,176420,8b523ujgl21tbc01me65q0aoh,Ipswich Town FC,Ipswich Town,Ipswich,IPS,176420,176420
David Brooks,111317.0,0.0,0.0,0.0,0.0,0.0,0.0,0.0,0.0,0.0,David,Brooks,1997-07-08,29.16,91.0,7.0,Midfielder,Attacking Midfielder,111317,1pse9ta7a45pi2w2grjim70ge,AFC Bournemouth,Bournemouth,Bournemouth,BOU,0.0,0.0,0.0,0.0,0.0,0.0,0.0,0.0,0.0,0.0,0.0,0.0,0.0,0.0,0.0,0.0,0.0,0.0,0.0,0.0,0.0,,,,,,,,,,111317.0,0.0,0.0,0.0,0.0,0.0,0.0,0.0,0.0,0.0,0.0,David,Brooks,1997-07-08,29.16,91.0,7.0,Midfielder,Attacking Midfielder,111317,1pse9ta7a45pi2w2grjim70ge,AFC Bournemouth,Bournemouth,Bournemouth,BOU,111317.0,0.0,0.0,0.0,0.0,0.0,0.0,0.0,0.0,0.0,0.0,0.0,0.0,0.0,0.0,David,Brooks,1997-07-08,29.16,91.0,7.0,Midfielder,Attacking Midfielder,111317,1pse9ta7a45pi2w2grjim70ge,AFC Bournemouth,Bournemouth,Bournemouth,BOU,111317,111317
David Raya,,,,,,,,,,,,,,,,,,,,,,,,,,,,,,,,,,,,,,,,,,,,,,90.0,100.0,0.0,0.0,1.0,100.0,0.04,0.0,0.04,,,,,,,,,,,,,,,,,,,,,,,,,,,,,,,,,,,,,,,,,,,,,,,,,,,,,,,154561,4iijb6llnz28unsz4rirr3umt
Dean Henderson,,,,,,,,,,,,,,,,,,,,,,,,,,,,,,,,,,,,,,,,,,,,,,90.0,100.0,0.0,2.0,3.0,60.0,-0.35,0.5,1.65,,,,,,,,,,,,,,,,,,,,,,,,,,,,,,,,,,,,,,,,,,,,,,,,,,,,,,,172649,5z8ycnd0smdkumi5fgtzf7c9h
Declan Rice,204480.0,1.0,68.0,0.0,0.07,-0.07,2.0,0.0,0.0,0.04,Declan,Rice,1999-01-14,27.64,3.0,41.0,Midfielder,Central Midfielder,6jgocc12bori2wygyu07c082x,4dsgumo7d4zupm2ugsvm4zm4d,Arsenal FC,Arsenal,Arsenal,ARS,17.0,173.576,8.0,86.52,0.0,0.0,0.0,0.0,10.21,10.815,0.0,1.0,3.0,0.0,2.0,3.0,0.0,0.0,0.0,0.0,0.0,,,,,,,,,,204480.0,68.0,1.0,0.0,0.0,0.0,0.0,0.077,0.075,0.0,0.0,Declan,Rice,1999-01-14,27.64,3.0,41.0,Midfielder,Central Midfielder,6jgocc12bori2wygyu07c082x,4dsgumo7d4zupm2ugsvm4zm4d,Arsenal FC,Arsenal,Arsenal,ARS,204480.0,68.0,1.0,75.0,71.0,94.67,27.0,24.0,88.89,2.0,0.0,0.0,0.0,0.0,0.0,Declan,Rice,1999-01-14,27.64,3.0,41.0,Midfielder,Central Midfielder,6jgocc12bori2wygyu07c082x,4dsgumo7d4zupm2ugsvm4zm4d,Arsenal FC,Arsenal,Arsenal,ARS,204480,6jgocc12bori2wygyu07c082x
Destiny Udogie,487053.0,1.0,4.0,0.0,0.0,0.0,0.0,0.0,0.0,0.0,Destiny,Udogie,2002-11-28,23.76,6.0,13.0,Defender,Full Back,c33x61zuxixolkkalsigc3q0a,22doj4sgsocqpxw45h607udje,Tottenham Hotspur FC,Tottenham Hotspur,Spurs,TOT,3.0,22.292,2.0,13.23,0.0,0.0,0.0,0.0,7.431,6.615,0.0,0.0,2.0,0.0,0.0,2.0,1.0,50.0,0.0,0.0,0.0,,,,,,,,,,487053.0,4.0,1.0,0.0,0.0,0.0,0.0,0.022,0.022,0.0,0.0,Destiny,Udogie,2002-11-28,23.76,6.0,13.0,Defender,Full Back,c33x61zuxixolkkalsigc3q0a,22doj4sgsocqpxw45h607udje,Tottenham Hotspur FC,Tottenham Hotspur,Spurs,TOT,487053.0,4.0,1.0,8.0,8.0,100.0,2.0,2.0,100.0,2.0,0.0,0.0,0.0,0.0,0.0,Destiny,Udogie,2002-11-28,23.76,6.0,13.0,Defender,Full Back,c33x61zuxixolkkalsigc3q0a,22doj4sgsocqpxw45h607udje,Tottenham Hotspur FC,Tottenham Hotspur,Spurs,TOT,487053,c33x61zuxixolkkalsigc3q0a
Diego Gómez,514254.0,1.0,86.0,0.0,0.18,-0.18,3.0,2.0,0.0,0.06,Diego,Gómez,2003-03-27,23.44,36.0,25.0,Midfielder,Central Midfielder,bqbt9eix8zlp6rxzxofl6rjmc,e5p0ehyguld7egzhiedpdnc3w,Brighton & Hove Albion FC,Brighton & Hove Albion,Brighton,BHA,8.0,73.821,5.0,29.085,0.0,0.0,0.0,0.0,9.228,5.817,3.0,1.0,1.0,0.0,1.0,6.0,3.0,50.0,3.0,2.0,66.667,,,,,,,,,,514254.0,86.0,1.0,2.0,2.0,3.03,0.0,0.482,0.482,1.0,1.0,Diego,Gómez,2003-03-27,23.44,36.0,25.0,Midfielder,Central Midfielder,bqbt9eix8zlp6rxzxofl6rjmc,e5p0ehyguld7egzhiedpdnc3w,Brighton & Hove Albion FC,Brighton & Hove Albion,Brighton,BHA,514254.0,86.0,1.0,33.0,27.0,81.82,18.0,13.0,72.22,2.0,0.0,0.0,0.0,0.0,0.0,Diego,Gómez,2003-03-27,23.44,36.0,25.0,Midfielder,Central Midfielder,bqbt9eix8zlp6rxzxofl6rjmc,e5p0ehyguld7egzhiedpdnc3w,Brighton & Hove Albion FC,Brighton & Hove Albion,Brighton,BHA,514254,bqbt9eix8zlp6rxzxofl6rjmc
Diogo Dalot,216051.0,1.0,10.0,0.0,0.0,0.0,0.0,0.0,0.0,0.0,José Diogo,Dalot Teixeira,1999-03-18,27.46,1.0,2.0,Defender,Full Back,3f3jcsa7gk6in9fskp9w5a5t5,6eqit8ye8aomdsrrq0hk3v7gh,Manchester United FC,Manchester United,Man Utd,MUN,2.0,13.425,0.0,-6.825,0.0,0.0,0.0,0.0,6.712,0.0,2.0,1.0,1.0,0.0,0.0,3.0,2.0,66.667,1.0,0.0,0.0,,,,,,,,,,216051.0,10.0,1.0,1.0,1.0,11.11,0.0,0.005,0.005,0.0,0.0,José Diogo,Dalot Teixeira,1999-03-18,27.46,1.0,2.0,Defender,Full Back,3f3jcsa7gk6in9fskp9w5a5t5,6eqit8ye8aomdsrrq0hk3v7gh,Manchester United FC,Manchester United,Man Utd,MUN,216051.0,10.0,1.0,9.0,9.0,100.0,5.0,5.0,100.0,0.0,0.0,0.0,0.0,0.0,0.0,José Diogo,Dalot Teixeira,1999-03-18,27.46,1.0,2.0,Defender,Full Back,3f3jcsa7gk6in9fskp9w5a5t5,6eqit8ye8aomdsrrq0hk3v7gh,Manchester United FC,Manchester United,Man Utd,MUN,216051,3f3jcsa7gk6in9fskp9w5a5t5
Djordje Petrovic,,,,,,,,,,,,,,,,,,,,,,,,,,,,,,,,,,,,,,,,,,,,,,90.0,100.0,0.0,2.0,4.0,66.67,0.68,1.0,2.68,,,,,,,,,,,,,,,,,,,,,,,,,,,,,,,,,,,,,,,,,,,,,,,,,,,,,,,457569,bcfzovs0pj9urgv9r0ykjnlrd
Dominic Calvert-Lewin,177815.0,1.0,90.0,0.0,0.13,-0.13,3.0,0.0,0.0,0.04,Dominic,Calvert-Lewin,1997-03-16,29.47,2.0,9.0,Forward,Striker,374kcix9j7e1cob4uxmfncwyd,48gk2hpqtsl6p9sx9kjhaydq4,Leeds United FC,Leeds United,Leeds,LEE,3.0,33.368,0.0,-21.525,0.0,0.0,0.0,0.0,11.123,0.0,0.0,0.0,2.0,0.0,0.0,3.0,0.0,0.0,9.0,4.0,44.444,,,,,,,,,,177815.0,90.0,1.0,0.0,0.0,0.0,0.0,0.002,0.002,0.0,0.0,Dominic,Calvert-Lewin,1997-03-16,29.47,2.0,9.0,Forward,Striker,374kcix9j7e1cob4uxmfncwyd,48gk2hpqtsl6p9sx9kjhaydq4,Leeds United FC,Leeds United,Leeds,LEE,177815.0,90.0,1.0,14.0,5.0,35.71,7.0,3.0,42.86,0.0,0.0,0.0,0.0,0.0,0.0,Dominic,Calvert-Lewin,1997-03-16,29.47,2.0,9.0,Forward,Striker,374kcix9j7e1cob4uxmfncwyd,48gk2hpqtsl6p9sx9kjhaydq4,Leeds United FC,Leeds United,Leeds,LEE,177815,374kcix9j7e1cob4uxmfncwyd
Dominic Solanke,154566.0,1.0,22.0,0.0,0.07,-0.07,1.0,0.0,0.0,0.07,Dominic,Solanke,1997-09-14,28.97,6.0,19.0,Forward,Striker,dvj6rdi2k0td95oxldbj6e28l,22doj4sgsocqpxw45h607udje,Tottenham Hotspur FC,Tottenham Hotspur,Spurs,TOT,0.0,0.0,0.0,0.0,0.0,0.0,0.0,0.0,0.0,0.0,0.0,0.0,0.0,0.0,0.0,2.0,1.0,50.0,1.0,0.0,0.0,,,,,,,,,,154566.0,22.0,1.0,0.0,0.0,0.0,0.0,0.0,0.0,0.0,0.0,Dominic,Solanke,1997-09-14,28.97,6.0,19.0,Forward,Striker,dvj6rdi2k0td95oxldbj6e28l,22doj4sgsocqpxw45h607udje,Tottenham Hotspur FC,Tottenham Hotspur,Spurs,TOT,154566.0,22.0,1.0,1.0,0.0,0.0,1.0,0.0,0.0,0.0,0.0,0.0,0.0,0.0,0.0,Dominic,Solanke,1997-09-14,28.97,6.0,19.0,Forward,Striker,dvj6rdi2k0td95oxldbj6e28l,22doj4sgsocqpxw45h607udje,Tottenham Hotspur FC,Tottenham Hotspur,Spurs,TOT,154566,dvj6rdi2k0td95oxldbj6e28l
Dominik Szoboszlai,424876.0,1.0,90.0,1.0,0.85,0.15,3.0,1.0,33.33,0.28,Dominik,Szoboszlai,2000-10-25,25.85,14.0,8.0,Midfielder,Attacking Midfielder,avh60ensgiwz1qalvn1bbqkfd,c8h9bw1l82s06h77xxrelzhur,Liverpool FC,Liverpool,Liverpool,LIV,7.0,87.731,5.0,48.3,0.0,0.0,0.0,0.0,12.533,9.66,1.0,1.0,4.0,1.0,0.0,7.0,3.0,42.857,3.0,0.0,0.0,,,,,,,,,,424876.0,90.0,1.0,3.0,0.0,0.0,100.0,0.27,0.053,0.0,0.0,Dominik,Szoboszlai,2000-10-25,25.85,14.0,8.0,Midfielder,Attacking Midfielder,avh60ensgiwz1qalvn1bbqkfd,c8h9bw1l82s06h77xxrelzhur,Liverpool FC,Liverpool,Liverpool,LIV,424876.0,90.0,1.0,58.0,47.0,81.03,20.0,16.0,80.0,1.0,0.0,0.0,0.0,0.0,0.0,Dominik,Szoboszlai,2000-10-25,25.85,14.0,8.0,Midfielder,Attacking Midfielder,avh60ensgiwz1qalvn1bbqkfd,c8h9bw1l82s06h77xxrelzhur,Liverpool FC,Liverpool,Liverpool,LIV,424876,avh60ensgiwz1qalvn1bbqkfd
Dwight McNeil,433154.0,1.0,63.0,0.0,0.05,-0.05,1.0,0.0,0.0,0.05,Dwight,McNeil,1999-11-22,26.78,31.0,11.0,Forward,Winger,7qgt7sht6py670pt6t4wjhqay,1c8m2ko0wxq1asfkuykurdr0y,Crystal Palace FC,Crystal Palace,Palace,CRY,5.0,68.33,3.0,39.585,0.0,0.0,0.0,0.0,13.666,13.195,0.0,0.0,2.0,1.0,2.0,2.0,0.0,0.0,0.0,0.0,0.0,,,,,,,,,,433154.0,63.0,1.0,0.0,0.0,0.0,0.0,0.023,0.023,0.0,0.0,Dwight,McNeil,1999-11-22,26.78,31.0,11.0,Forward,Winger,7qgt7sht6py670pt6t4wjhqay,1c8m2ko0wxq1asfkuykurdr0y,Crystal Palace FC,Crystal Palace,Palace,CRY,433154.0,63.0,1.0,31.0,26.0,83.87,11.0,9.0,81.82,0.0,0.0,0.0,0.0,0.0,0.0,Dwight,McNeil,1999-11-22,26.78,31.0,11.0,Forward,Winger,7qgt7sht6py670pt6t4wjhqay,1c8m2ko0wxq1asfkuykurdr0y,Crystal Palace FC,Crystal Palace,Palace,CRY,433154,7qgt7sht6py670pt6t4wjhqay
Eberechi Eze,232413.0,1.0,14.0,0.0,0.04,-0.04,1.0,0.0,0.0,0.04,Eberechi,Eze,1998-06-29,28.18,3.0,10.0,Midfielder,Attacking Midfielder,4wic6z72nwmhkheme209fcmp5,4dsgumo7d4zupm2ugsvm4zm4d,Arsenal FC,Arsenal,Arsenal,ARS,3.0,32.014,0.0,-9.975,0.0,0.0,0.0,0.0,10.671,0.0,0.0,0.0,2.0,0.0,0.0,3.0,2.0,66.667,0.0,0.0,0.0,,,,,,,,,,232413.0,14.0,1.0,0.0,0.0,0.0,0.0,0.004,0.004,0.0,0.0,Eberechi,Eze,1998-06-29,28.18,3.0,10.0,Midfielder,Attacking Midfielder,4wic6z72nwmhkheme209fcmp5,4dsgumo7d4zupm2ugsvm4zm4d,Arsenal FC,Arsenal,Arsenal,ARS,232413.0,14.0,1.0,7.0,6.0,85.71,2.0,2.0,100.0,0.0,0.0,0.0,0.0,0.0,0.0,Eberechi,Eze,1998-06-29,28.18,3.0,10.0,Midfielder,Attacking Midfielder,4wic6z72nwmhkheme209fcmp5,4dsgumo7d4zupm2ugsvm4zm4d,Arsenal FC,Arsenal,Arsenal,ARS,232413,4wic6z72nwmhkheme209fcmp5
Eddie Nketiah,205533.0,1.0,55.0,0.0,0.6,-0.6,1.0,1.0,0.0,0.6,Eddie,Nketiah,1999-05-30,27.26,31.0,9.0,Forward,Striker,2im16cd31tgg3yac3c8c18jbp,1c8m2ko0wxq1asfkuykurdr0y,Crystal Palace FC,Crystal Palace,Palace,CRY,4.0,49.142,3.0,41.055,0.0,0.0,0.0,0.0,12.286,13.685,1.0,0.0,1.0,0.0,1.0,3.0,1.0,33.333,6.0,3.0,50.0,,,,,,,,,,205533.0,55.0,1.0,2.0,2.0,14.29,0.0,0.578,0.578,0.0,0.0,Eddie,Nketiah,1999-05-30,27.26,31.0,9.0,Forward,Striker,2im16cd31tgg3yac3c8c18jbp,1c8m2ko0wxq1asfkuykurdr0y,Crystal Palace FC,Crystal Palace,Palace,CRY,205533.0,55.0,1.0,14.0,9.0,64.29,6.0,3.0,50.0,0.0,0.0,0.0,1.0,0.0,0.0,Eddie,Nketiah,1999-05-30,27.26,31.0,9.0,Forward,Striker,2im16cd31tgg3yac3c8c18jbp,1c8m2ko0wxq1asfkuykurdr0y,Crystal Palace FC,Crystal Palace,Palace,CRY,205533,2im16cd31tgg3yac3c8c18jbp
Elliot Anderson,215379.0,1.0,63.0,0.0,0.0,0.0,0.0,0.0,0.0,0.0,Elliot,Anderson,2002-11-06,23.82,43.0,5.0,Midfielder,Central Midfielder,exzca2akgjl00jfd2hzh33h7t,a3nyxabgsqlnqfkeg41m6tnpp,Manchester City FC,Manchester City,Man City,MCI,21.0,191.682,7.0,56.91,0.0,0.0,0.0,0.0,9.128,8.13,2.0,1.0,3.0,0.0,0.0,9.0,4.0,44.444,1.0,0.0,0.0,,,,,,,,,,215379.0,63.0,1.0,1.0,0.0,0.0,100.0,0.254,0.03,0.0,0.0,Elliot,Anderson,2002-11-06,23.82,43.0,5.0,Midfielder,Central Midfielder,exzca2akgjl00jfd2hzh33h7t,a3nyxabgsqlnqfkeg41m6tnpp,Manchester City FC,Manchester City,Man City,MCI,215379.0,63.0,1.0,59.0,52.0,88.14,19.0,15.0,78.95,2.0,0.0,0.0,1.0,0.0,0.0,Elliot,Anderson,2002-11-06,23.82,43.0,5.0,Midfielder,Central Midfielder,exzca2akgjl00jfd2hzh33h7t,a3nyxabgsqlnqfkeg41m6tnpp,Manchester City FC,Manchester City,Man City,MCI,215379,exzca2akgjl00jfd2hzh33h7t
Elliot Stroud,608227.0,1.0,71.0,0.0,0.0,0.0,0.0,0.0,0.0,0.0,Elliot,Stroud,2002-06-22,24.2,88.0,21.0,Midfielder,Winger,9hg51o20uf6u2bjgshjax9soa,f0figafm2v9h8ofo6slajj7xf,Hull City AFC,Hull City,Hull,HUL,2.0,26.538,1.0,3.99,0.0,0.0,0.0,0.0,13.269,3.99,3.0,1.0,2.0,0.0,0.0,3.0,3.0,100.0,1.0,1.0,100.0,,,,,,,,,,608227.0,71.0,1.0,0.0,0.0,0.0,0.0,0.028,0.028,0.0,0.0,Elliot,Stroud,2002-06-22,24.2,88.0,21.0,Midfielder,Winger,9hg51o20uf6u2bjgshjax9soa,f0figafm2v9h8ofo6slajj7xf,Hull City AFC,Hull City,Hull,HUL,608227.0,71.0,1.0,8.0,6.0,75.0,3.0,2.0,66.67,2.0,1.0,50.0,0.0,0.0,0.0,Elliot,Stroud,2002-06-22,24.2,88.0,21.0,Midfielder,Winger,9hg51o20uf6u2bjgshjax9soa,f0figafm2v9h8ofo6slajj7xf,Hull City AFC,Hull City,Hull,HUL,608227,9hg51o20uf6u2bjgshjax9soa
Ellis Simms,218997.0,1.0,70.0,0.0,0.0,0.0,0.0,0.0,0.0,0.0,Ellis,Simms,2001-01-05,25.66,9.0,9.0,Forward,Striker,4b3axlxopby87f4luevihgwdl,dacoc20k0n3fxu4zek8wufmko,Coventry City FC,Coventry City,Coventry,COV,3.0,48.116,3.0,33.81,0.0,0.0,0.0,0.0,16.039,11.27,0.0,0.0,2.0,0.0,1.0,6.0,2.0,33.333,3.0,3.0,100.0,,,,,,,,,,218997.0,70.0,1.0,1.0,1.0,7.69,0.0,0.007,0.007,0.0,0.0,Ellis,Simms,2001-01-05,25.66,9.0,9.0,Forward,Striker,4b3axlxopby87f4luevihgwdl,dacoc20k0n3fxu4zek8wufmko,Coventry City FC,Coventry City,Coventry,COV,218997.0,70.0,1.0,13.0,9.0,69.23,5.0,4.0,80.0,0.0,0.0,0.0,0.0,0.0,0.0,Ellis,Simms,2001-01-05,25.66,9.0,9.0,Forward,Striker,4b3axlxopby87f4luevihgwdl,dacoc20k0n3fxu4zek8wufmko,Coventry City FC,Coventry City,Coventry,COV,218997,4b3axlxopby87f4luevihgwdl
Emersonn,543968.0,1.0,66.0,1.0,0.82,0.18,3.0,2.0,33.33,0.27,Emersonn,Correia da Silva,2004-07-16,22.13,40.0,19.0,Forward,Striker,9yr3pfa15sb0lljanpcer15p0,8b523ujgl21tbc01me65q0aoh,Ipswich Town FC,Ipswich Town,Ipswich,IPS,4.0,48.25,4.0,43.89,0.0,0.0,1.0,0.0,12.062,10.972,1.0,0.0,1.0,0.0,1.0,5.0,4.0,80.0,5.0,3.0,60.0,,,,,,,,,,543968.0,66.0,1.0,2.0,2.0,18.18,0.0,0.063,0.063,0.0,0.0,Emersonn,Correia da Silva,2004-07-16,22.13,40.0,19.0,Forward,Striker,9yr3pfa15sb0lljanpcer15p0,8b523ujgl21tbc01me65q0aoh,Ipswich Town FC,Ipswich Town,Ipswich,IPS,543968.0,66.0,1.0,11.0,9.0,81.82,3.0,2.0,66.67,1.0,1.0,100.0,0.0,0.0,0.0,Emersonn,Correia da Silva,2004-07-16,22.13,40.0,19.0,Forward,Striker,9yr3pfa15sb0lljanpcer15p0,8b523ujgl21tbc01me65q0aoh,Ipswich Town FC,Ipswich Town,Ipswich,IPS,543968,9yr3pfa15sb0lljanpcer15p0
Emile Smith Rowe,209289.0,0.0,0.0,0.0,0.0,0.0,0.0,0.0,0.0,0.0,Emile,Smith Rowe,2000-07-28,26.1,54.0,32.0,Midfielder,Attacking Midfielder,209289,hzqh7z0mdl3v7gwete66syxp,Fulham FC,Fulham,Fulham,FUL,0.0,0.0,0.0,0.0,0.0,0.0,0.0,0.0,0.0,0.0,0.0,0.0,0.0,0.0,0.0,0.0,0.0,0.0,0.0,0.0,0.0,,,,,,,,,,209289.0,0.0,0.0,0.0,0.0,0.0,0.0,0.0,0.0,0.0,0.0,Emile,Smith Rowe,2000-07-28,26.1,54.0,32.0,Midfielder,Attacking Midfielder,209289,hzqh7z0mdl3v7gwete66syxp,Fulham FC,Fulham,Fulham,FUL,209289.0,0.0,0.0,0.0,0.0,0.0,0.0,0.0,0.0,0.0,0.0,0.0,0.0,0.0,0.0,Emile,Smith Rowe,2000-07-28,26.1,54.0,32.0,Midfielder,Attacking Midfielder,209289,hzqh7z0mdl3v7gwete66syxp,Fulham FC,Fulham,Fulham,FUL,209289,209289
Emiliano Buendía,195546.0,1.0,86.0,0.0,0.13,-0.13,3.0,0.0,0.0,0.04,Emiliano,Buendía,1996-12-25,29.69,7.0,10.0,Midfielder,Attacking Midfielder,l0qqn9tlgov91p5d1zzdupcl,b496gs285it6bheuikox6z9mj,Aston Villa FC,Aston Villa,Villa,AVL,5.0,39.877,1.0,-15.96,1.0,0.0,0.0,0.0,7.975,-15.96,1.0,2.0,3.0,0.0,1.0,6.0,3.0,50.0,8.0,2.0,25.0,,,,,,,,,,195546.0,86.0,1.0,1.0,0.0,0.0,100.0,0.088,0.017,0.0,0.0,Emiliano,Buendía,1996-12-25,29.69,7.0,10.0,Midfielder,Attacking Midfielder,l0qqn9tlgov91p5d1zzdupcl,b496gs285it6bheuikox6z9mj,Aston Villa FC,Aston Villa,Villa,AVL,195546.0,86.0,1.0,17.0,16.0,94.12,6.0,6.0,100.0,0.0,0.0,0.0,0.0,0.0,0.0,Emiliano,Buendía,1996-12-25,29.69,7.0,10.0,Midfielder,Attacking Midfielder,l0qqn9tlgov91p5d1zzdupcl,b496gs285it6bheuikox6z9mj,Aston Villa FC,Aston Villa,Villa,AVL,195546,l0qqn9tlgov91p5d1zzdupcl
Enzo Fernández,448047.0,1.0,25.0,0.0,0.0,0.0,0.0,0.0,0.0,0.0,Enzo,Fernández,2001-01-17,25.62,8.0,8.0,Midfielder,0,1zxwich342p8fholev7ddkwh6,9q0arba2kbnywth8bkxlhgmdr,Chelsea FC,Chelsea,Chelsea,CHE,3.0,32.601,0.0,-14.7,0.0,0.0,0.0,0.0,10.867,0.0,0.0,0.0,3.0,0.0,0.0,2.0,1.0,50.0,0.0,0.0,0.0,,,,,,,,,,448047.0,25.0,1.0,1.0,1.0,4.76,0.0,0.016,0.016,0.0,0.0,Enzo,Fernández,2001-01-17,25.62,8.0,8.0,Midfielder,0,1zxwich342p8fholev7ddkwh6,9q0arba2kbnywth8bkxlhgmdr,Chelsea FC,Chelsea,Chelsea,CHE,448047.0,25.0,1.0,21.0,19.0,90.48,4.0,3.0,75.0,0.0,0.0,0.0,0.0,0.0,0.0,Enzo,Fernández,2001-01-17,25.62,8.0,8.0,Midfielder,0,1zxwich342p8fholev7ddkwh6,9q0arba2kbnywth8bkxlhgmdr,Chelsea FC,Chelsea,Chelsea,CHE,448047,1zxwich342p8fholev7ddkwh6
Enzo Le Fée,484420.0,1.0,80.0,0.0,0.0,0.0,0.0,0.0,0.0,0.0,Enzo,Le Fée,2000-02-03,26.58,56.0,28.0,Midfielder,0,44o5mjglkzqxctz07ust9bcru,1r3545b2dzan8yqa80gtmcjch,Sunderland AFC,Sunderland,Sunderland,SUN,12.0,118.777,6.0,49.245,0.0,0.0,0.0,0.0,9.898,8.208,1.0,0.0,1.0,0.0,0.0,11.0,3.0,27.273,0.0,0.0,0.0,,,,,,,,,,484420.0,80.0,1.0,0.0,0.0,0.0,0.0,0.029,0.029,0.0,0.0,Enzo,Le Fée,2000-02-03,26.58,56.0,28.0,Midfielder,0,44o5mjglkzqxctz07ust9bcru,1r3545b2dzan8yqa80gtmcjch,Sunderland AFC,Sunderland,Sunderland,SUN,484420.0,80.0,1.0,44.0,39.0,88.64,16.0,14.0,87.5,2.0,0.0,0.0,1.0,0.0,0.0,Enzo,Le Fée,2000-02-03,26.58,56.0,28.0,Midfielder,0,44o5mjglkzqxctz07ust9bcru,1r3545b2dzan8yqa80gtmcjch,Sunderland AFC,Sunderland,Sunderland,SUN,484420,44o5mjglkzqxctz07ust9bcru
Erling Haaland,223094.0,1.0,90.0,0.0,0.74,-0.74,5.0,2.0,0.0,0.15,Erling,Haaland,2000-07-21,26.12,43.0,9.0,Forward,Striker,atzboo800gv7gic2rgvgo0kq1,a3nyxabgsqlnqfkeg41m6tnpp,Manchester City FC,Manchester City,Man City,MCI,5.0,100.644,4.0,81.585,0.0,0.0,0.0,0.0,20.129,20.396,0.0,0.0,3.0,0.0,0.0,3.0,1.0,33.333,2.0,2.0,100.0,,,,,,,,,,223094.0,90.0,1.0,0.0,0.0,0.0,0.0,0.016,0.016,0.0,0.0,Erling,Haaland,2000-07-21,26.12,43.0,9.0,Forward,Striker,atzboo800gv7gic2rgvgo0kq1,a3nyxabgsqlnqfkeg41m6tnpp,Manchester City FC,Manchester City,Man City,MCI,223094.0,90.0,1.0,16.0,11.0,68.75,9.0,5.0,55.56,0.0,0.0,0.0,1.0,0.0,0.0,Erling,Haaland,2000-07-21,26.12,43.0,9.0,Forward,Striker,atzboo800gv7gic2rgvgo0kq1,a3nyxabgsqlnqfkeg41m6tnpp,Manchester City FC,Manchester City,Man City,MCI,223094,atzboo800gv7gic2rgvgo0kq1
Estêvão,624773.0,1.0,7.0,0.0,0.0,0.0,0.0,0.0,0.0,0.0,Estêvão Willian,Almeida de Oliveira Gonçalves,2007-04-24,19.36,8.0,41.0,Forward,Winger,8ezfdv6lgv4gz8kogxvvn1rtg,9q0arba2kbnywth8bkxlhgmdr,Chelsea FC,Chelsea,Chelsea,CHE,2.0,22.205,2.0,22.05,0.0,0.0,0.0,0.0,11.102,11.025,0.0,0.0,1.0,0.0,0.0,1.0,0.0,0.0,1.0,0.0,0.0,,,,,,,,,,624773.0,7.0,1.0,0.0,0.0,0.0,0.0,0.002,0.001,0.0,0.0,Estêvão Willian,Almeida de Oliveira Gonçalves,2007-04-24,19.36,8.0,41.0,Forward,Winger,8ezfdv6lgv4gz8kogxvvn1rtg,9q0arba2kbnywth8bkxlhgmdr,Chelsea FC,Chelsea,Chelsea,CHE,624773.0,7.0,1.0,4.0,3.0,75.0,2.0,2.0,100.0,0.0,0.0,0.0,0.0,0.0,0.0,Estêvão Willian,Almeida de Oliveira Gonçalves,2007-04-24,19.36,8.0,41.0,Forward,Winger,8ezfdv6lgv4gz8kogxvvn1rtg,9q0arba2kbnywth8bkxlhgmdr,Chelsea FC,Chelsea,Chelsea,CHE,624773,8ezfdv6lgv4gz8kogxvvn1rtg
Ethan Ampadu,199598.0,1.0,90.0,0.0,0.0,0.0,0.0,0.0,0.0,0.0,Ethan,Ampadu,2000-09-14,25.97,2.0,4.0,Midfielder,Defensive Midfielder,f1ma05bi3t1hfbflylx5d9tyh,48gk2hpqtsl6p9sx9kjhaydq4,Leeds United FC,Leeds United,Leeds,LEE,9.0,78.501,5.0,38.43,0.0,0.0,0.0,0.0,8.722,7.686,2.0,3.0,5.0,0.0,3.0,10.0,5.0,50.0,2.0,0.0,0.0,,,,,,,,,,199598.0,90.0,1.0,2.0,1.0,2.04,50.0,0.038,0.015,0.0,0.0,Ethan,Ampadu,2000-09-14,25.97,2.0,4.0,Midfielder,Defensive Midfielder,f1ma05bi3t1hfbflylx5d9tyh,48gk2hpqtsl6p9sx9kjhaydq4,Leeds United FC,Leeds United,Leeds,LEE,199598.0,90.0,1.0,51.0,41.0,80.39,9.0,4.0,44.44,0.0,0.0,0.0,0.0,0.0,0.0,Ethan,Ampadu,2000-09-14,25.97,2.0,4.0,Midfielder,Defensive Midfielder,f1ma05bi3t1hfbflylx5d9tyh,48gk2hpqtsl6p9sx9kjhaydq4,Leeds United FC,Leeds United,Leeds,LEE,199598,f1ma05bi3t1hfbflylx5d9tyh
Ethan Nwaneri,499175.0,0.0,0.0,0.0,0.0,0.0,0.0,0.0,0.0,0.0,Ethan,Nwaneri,2007-03-21,19.45,3.0,22.0,Midfielder,Attacking Midfielder,499175,4dsgumo7d4zupm2ugsvm4zm4d,Arsenal FC,Arsenal,Arsenal,ARS,0.0,0.0,0.0,0.0,0.0,0.0,0.0,0.0,0.0,0.0,0.0,0.0,0.0,0.0,0.0,0.0,0.0,0.0,0.0,0.0,0.0,,,,,,,,,,499175.0,0.0,0.0,0.0,0.0,0.0,0.0,0.0,0.0,0.0,0.0,Ethan,Nwaneri,2007-03-21,19.45,3.0,22.0,Midfielder,Attacking Midfielder,499175,4dsgumo7d4zupm2ugsvm4zm4d,Arsenal FC,Arsenal,Arsenal,ARS,499175.0,0.0,0.0,0.0,0.0,0.0,0.0,0.0,0.0,0.0,0.0,0.0,0.0,0.0,0.0,Ethan,Nwaneri,2007-03-21,19.45,3.0,22.0,Midfielder,Attacking Midfielder,499175,4dsgumo7d4zupm2ugsvm4zm4d,Arsenal FC,Arsenal,Arsenal,ARS,499175,499175
Ethan Pinnock,231065.0,0.0,0.0,0.0,0.0,0.0,0.0,0.0,0.0,0.0,Ethan,Pinnock,1993-05-29,33.27,94.0,5.0,Defender,Central Defender,231065,7yx5dqhhphyvfisohikodajhv,Brentford FC,Brentford,Brentford,BRE,0.0,0.0,0.0,0.0,0.0,0.0,0.0,0.0,0.0,0.0,0.0,0.0,0.0,0.0,0.0,0.0,0.0,0.0,0.0,0.0,0.0,,,,,,,,,,231065.0,0.0,0.0,0.0,0.0,0.0,0.0,0.0,0.0,0.0,0.0,Ethan,Pinnock,1993-05-29,33.27,94.0,5.0,Defender,Central Defender,231065,7yx5dqhhphyvfisohikodajhv,Brentford FC,Brentford,Brentford,BRE,231065.0,0.0,0.0,0.0,0.0,0.0,0.0,0.0,0.0,0.0,0.0,0.0,0.0,0.0,0.0,Ethan,Pinnock,1993-05-29,33.27,94.0,5.0,Defender,Central Defender,231065,7yx5dqhhphyvfisohikodajhv,Brentford FC,Brentford,Brentford,BRE,231065,231065
Evanilson,444102.0,1.0,75.0,0.0,0.0,0.0,0.0,0.0,0.0,0.0,Francisco Evanilson,de Lima Barbosa,1999-10-06,26.91,91.0,9.0,Forward,Striker,2wl0uylmkzi2ls7v4amgaa1yi,1pse9ta7a45pi2w2grjim70ge,AFC Bournemouth,Bournemouth,Bournemouth,BOU,2.0,50.19,2.0,45.78,0.0,0.0,0.0,0.0,25.095,22.89,1.0,3.0,3.0,0.0,1.0,7.0,2.0,28.571,1.0,0.0,0.0,,,,,,,,,,444102.0,75.0,1.0,1.0,1.0,0.0,0.0,0.215,0.215,1.0,1.0,Francisco Evanilson,de Lima Barbosa,1999-10-06,26.91,91.0,9.0,Forward,Striker,2wl0uylmkzi2ls7v4amgaa1yi,1pse9ta7a45pi2w2grjim70ge,AFC Bournemouth,Bournemouth,Bournemouth,BOU,444102.0,75.0,1.0,13.0,10.0,76.92,3.0,2.0,66.67,0.0,0.0,0.0,0.0,0.0,0.0,Francisco Evanilson,de Lima Barbosa,1999-10-06,26.91,91.0,9.0,Forward,Striker,2wl0uylmkzi2ls7v4amgaa1yi,1pse9ta7a45pi2w2grjim70ge,AFC Bournemouth,Bournemouth,Bournemouth,BOU,444102,2wl0uylmkzi2ls7v4amgaa1yi
Evann Guessand,485337.0,1.0,27.0,0.0,0.03,-0.03,1.0,1.0,0.0,0.03,Evann,Guessand,2001-07-01,25.17,31.0,29.0,Forward,Striker,7k0r5crdh9blj3edt31zwy0dm,1c8m2ko0wxq1asfkuykurdr0y,Crystal Palace FC,Crystal Palace,Palace,CRY,4.0,43.678,3.0,41.685,1.0,0.0,0.0,0.0,10.92,13.895,1.0,0.0,0.0,0.0,0.0,5.0,1.0,20.0,0.0,0.0,0.0,,,,,,,,,,485337.0,27.0,1.0,0.0,0.0,0.0,0.0,0.017,0.017,0.0,0.0,Evann,Guessand,2001-07-01,25.17,31.0,29.0,Forward,Striker,7k0r5crdh9blj3edt31zwy0dm,1c8m2ko0wxq1asfkuykurdr0y,Crystal Palace FC,Crystal Palace,Palace,CRY,485337.0,27.0,1.0,13.0,12.0,92.31,6.0,5.0,83.33,1.0,0.0,0.0,0.0,0.0,0.0,Evann,Guessand,2001-07-01,25.17,31.0,29.0,Forward,Striker,7k0r5crdh9blj3edt31zwy0dm,1c8m2ko0wxq1asfkuykurdr0y,Crystal Palace FC,Crystal Palace,Palace,CRY,485337,7k0r5crdh9blj3edt31zwy0dm
Fabian Schär,119471.0,1.0,1.0,0.0,0.0,0.0,0.0,0.0,0.0,0.0,Fabian,Schär,1991-12-20,34.71,4.0,5.0,Defender,Central Defender,dxxc4dioaioidmvamkzqr4b85,7vn2i2kd35zuetw6b38gw9jsz,Newcastle United FC,Newcastle United,Newcastle,NEW,0.0,0.0,0.0,0.0,0.0,0.0,0.0,0.0,0.0,0.0,0.0,0.0,0.0,0.0,0.0,0.0,0.0,0.0,0.0,0.0,0.0,,,,,,,,,,119471.0,1.0,1.0,0.0,0.0,0.0,0.0,0.0,0.0,0.0,0.0,Fabian,Schär,1991-12-20,34.71,4.0,5.0,Defender,Central Defender,dxxc4dioaioidmvamkzqr4b85,7vn2i2kd35zuetw6b38gw9jsz,Newcastle United FC,Newcastle United,Newcastle,NEW,119471.0,1.0,1.0,0.0,0.0,0.0,0.0,0.0,0.0,0.0,0.0,0.0,0.0,0.0,0.0,Fabian,Schär,1991-12-20,34.71,4.0,5.0,Defender,Central Defender,dxxc4dioaioidmvamkzqr4b85,7vn2i2kd35zuetw6b38gw9jsz,Newcastle United FC,Newcastle United,Newcastle,NEW,119471,dxxc4dioaioidmvamkzqr4b85
Florian Wirtz,494595.0,1.0,63.0,0.0,0.26,-0.26,3.0,1.0,0.0,0.09,Florian,Wirtz,2003-05-03,23.33,14.0,7.0,Midfielder,Attacking Midfielder,2k5g68ywtr79lc45wozvifqlm,c8h9bw1l82s06h77xxrelzhur,Liverpool FC,Liverpool,Liverpool,LIV,6.0,82.316,4.0,25.62,1.0,0.0,0.0,0.0,13.719,6.405,1.0,0.0,4.0,0.0,0.0,4.0,3.0,75.0,0.0,0.0,0.0,,,,,,,,,,494595.0,63.0,1.0,1.0,1.0,3.23,0.0,0.035,0.035,0.0,0.0,Florian,Wirtz,2003-05-03,23.33,14.0,7.0,Midfielder,Attacking Midfielder,2k5g68ywtr79lc45wozvifqlm,c8h9bw1l82s06h77xxrelzhur,Liverpool FC,Liverpool,Liverpool,LIV,494595.0,63.0,1.0,33.0,29.0,87.88,14.0,10.0,71.43,1.0,0.0,0.0,0.0,0.0,0.0,Florian,Wirtz,2003-05-03,23.33,14.0,7.0,Midfielder,Attacking Midfielder,2k5g68ywtr79lc45wozvifqlm,c8h9bw1l82s06h77xxrelzhur,Liverpool FC,Liverpool,Liverpool,LIV,494595,2k5g68ywtr79lc45wozvifqlm
Frank Onyeka,428580.0,1.0,90.0,0.0,0.0,0.0,0.0,0.0,0.0,0.0,Frank,Onyeka,1998-01-01,28.67,9.0,16.0,Midfielder,0,34b0oqo4725okjxxngin9piw9,dacoc20k0n3fxu4zek8wufmko,Coventry City FC,Coventry City,Coventry,COV,10.0,74.518,2.0,8.61,0.0,0.0,0.0,0.0,7.452,4.305,1.0,3.0,5.0,0.0,0.0,6.0,2.0,33.333,0.0,0.0,0.0,,,,,,,,,,428580.0,90.0,1.0,0.0,0.0,0.0,0.0,0.005,0.005,0.0,0.0,Frank,Onyeka,1998-01-01,28.67,9.0,16.0,Midfielder,0,34b0oqo4725okjxxngin9piw9,dacoc20k0n3fxu4zek8wufmko,Coventry City FC,Coventry City,Coventry,COV,428580.0,90.0,1.0,22.0,16.0,72.73,6.0,4.0,66.67,0.0,0.0,0.0,0.0,0.0,0.0,Frank,Onyeka,1998-01-01,28.67,9.0,16.0,Midfielder,0,34b0oqo4725okjxxngin9piw9,dacoc20k0n3fxu4zek8wufmko,Coventry City FC,Coventry City,Coventry,COV,428580,34b0oqo4725okjxxngin9piw9
Gabriel Magalhães,226597.0,1.0,90.0,0.0,0.05,-0.05,1.0,0.0,0.0,0.05,Gabriel,dos Santos Magalhães,1997-12-19,28.71,3.0,6.0,Defender,Central Defender,8libvn3hxypz8x7gm4mr7kj55,4dsgumo7d4zupm2ugsvm4zm4d,Arsenal FC,Arsenal,Arsenal,ARS,7.0,78.081,5.0,66.675,0.0,0.0,0.0,0.0,11.154,13.335,0.0,1.0,2.0,0.0,3.0,5.0,2.0,40.0,4.0,0.0,0.0,,,,,,,,,,226597.0,90.0,1.0,0.0,0.0,0.0,0.0,0.009,0.009,0.0,0.0,Gabriel,dos Santos Magalhães,1997-12-19,28.71,3.0,6.0,Defender,Central Defender,8libvn3hxypz8x7gm4mr7kj55,4dsgumo7d4zupm2ugsvm4zm4d,Arsenal FC,Arsenal,Arsenal,ARS,226597.0,90.0,1.0,57.0,54.0,94.74,8.0,6.0,75.0,0.0,0.0,0.0,0.0,0.0,0.0,Gabriel,dos Santos Magalhães,1997-12-19,28.71,3.0,6.0,Defender,Central Defender,8libvn3hxypz8x7gm4mr7kj55,4dsgumo7d4zupm2ugsvm4zm4d,Arsenal FC,Arsenal,Arsenal,ARS,226597,8libvn3hxypz8x7gm4mr7kj55
George Hemmings,577285.0,1.0,90.0,0.0,0.0,0.0,0.0,0.0,0.0,0.0,George,Hemmings,2007-03-04,19.5,7.0,53.0,Midfielder,Central Midfielder,ak6mqx5tyz1duwg1u3v4fwfmc,b496gs285it6bheuikox6z9mj,Aston Villa FC,Aston Villa,Villa,AVL,7.0,78.592,3.0,21.105,0.0,0.0,1.0,0.0,11.227,7.035,3.0,0.0,2.0,0.0,0.0,5.0,4.0,80.0,4.0,2.0,50.0,,,,,,,,,,577285.0,90.0,1.0,1.0,1.0,7.69,0.0,0.001,0.001,0.0,0.0,George,Hemmings,2007-03-04,19.5,7.0,53.0,Midfielder,Central Midfielder,ak6mqx5tyz1duwg1u3v4fwfmc,b496gs285it6bheuikox6z9mj,Aston Villa FC,Aston Villa,Villa,AVL,577285.0,90.0,1.0,13.0,6.0,46.15,4.0,1.0,25.0,0.0,0.0,0.0,0.0,0.0,0.0,George,Hemmings,2007-03-04,19.5,7.0,53.0,Midfielder,Central Midfielder,ak6mqx5tyz1duwg1u3v4fwfmc,b496gs285it6bheuikox6z9mj,Aston Villa FC,Aston Villa,Villa,AVL,577285,ak6mqx5tyz1duwg1u3v4fwfmc
Georginio Rutter,463067.0,1.0,90.0,0.0,0.08,-0.08,2.0,0.0,0.0,0.04,Georginio,Rutter,2002-04-20,24.37,36.0,10.0,Forward,Striker,e8ekkg0yayhhmmhinl0v9une,e5p0ehyguld7egzhiedpdnc3w,Brighton & Hove Albion FC,Brighton & Hove Albion,Brighton,BHA,6.0,89.353,5.0,83.895,0.0,0.0,1.0,1.0,14.892,16.779,2.0,0.0,4.0,0.0,1.0,9.0,4.0,44.444,0.0,0.0,0.0,,,,,,,,,,463067.0,90.0,1.0,1.0,1.0,0.0,0.0,0.443,0.443,1.0,1.0,Georginio,Rutter,2002-04-20,24.37,36.0,10.0,Forward,Striker,e8ekkg0yayhhmmhinl0v9une,e5p0ehyguld7egzhiedpdnc3w,Brighton & Hove Albion FC,Brighton & Hove Albion,Brighton,BHA,463067.0,90.0,1.0,12.0,7.0,58.33,7.0,5.0,71.43,0.0,0.0,0.0,0.0,0.0,0.0,Georginio,Rutter,2002-04-20,24.37,36.0,10.0,Forward,Striker,e8ekkg0yayhhmmhinl0v9une,e5p0ehyguld7egzhiedpdnc3w,Brighton & Hove Albion FC,Brighton & Hove Albion,Brighton,BHA,463067,e8ekkg0yayhhmmhinl0v9une
Geovany Quenda,593117.0,1.0,8.0,0.0,0.0,0.0,0.0,0.0,0.0,0.0,Geovany,Tcherno Quenda,2007-04-30,19.34,8.0,23.0,Midfielder,Winger,9c82id3h8v3cahh5fpwtzqlg4,9q0arba2kbnywth8bkxlhgmdr,Chelsea FC,Chelsea,Chelsea,CHE,0.0,0.0,0.0,0.0,0.0,0.0,0.0,0.0,0.0,0.0,0.0,0.0,0.0,0.0,1.0,0.0,0.0,0.0,0.0,0.0,0.0,,,,,,,,,,593117.0,8.0,1.0,0.0,0.0,0.0,0.0,0.0,0.0,0.0,0.0,Geovany,Tcherno Quenda,2007-04-30,19.34,8.0,23.0,Midfielder,Winger,9c82id3h8v3cahh5fpwtzqlg4,9q0arba2kbnywth8bkxlhgmdr,Chelsea FC,Chelsea,Chelsea,CHE,593117.0,8.0,1.0,4.0,2.0,50.0,1.0,0.0,0.0,0.0,0.0,0.0,0.0,0.0,0.0,Geovany,Tcherno Quenda,2007-04-30,19.34,8.0,23.0,Midfielder,Winger,9c82id3h8v3cahh5fpwtzqlg4,9q0arba2kbnywth8bkxlhgmdr,Chelsea FC,Chelsea,Chelsea,CHE,593117,9c82id3h8v3cahh5fpwtzqlg4
Gianluigi Donnarumma,,,,,,,,,,,,,,,,,,,,,,,,,,,,,,,,,,,,,,,,,,,,,,90.0,100.0,0.0,1.0,3.0,75.0,0.7,1.0,1.7,,,,,,,,,,,,,,,,,,,,,,,,,,,,,,,,,,,,,,,,,,,,,,,,,,,,,,,204936,4cetkl0w2uq40ccti5ka6a4t1
Gonzalo García,551466.0,1.0,90.0,1.0,0.73,0.27,3.0,1.0,33.33,0.24,Gonzalo,García,2004-03-24,22.44,54.0,7.0,Forward,Winger,4o9d3hpjlicgce9gtbewyzhn8,hzqh7z0mdl3v7gwete66syxp,Fulham FC,Fulham,Fulham,FUL,7.0,75.57,3.0,18.9,1.0,0.0,0.0,0.0,10.796,6.3,1.0,0.0,1.0,0.0,0.0,11.0,4.0,36.364,6.0,4.0,66.667,,,,,,,,,,551466.0,90.0,1.0,0.0,0.0,0.0,0.0,0.007,0.006,0.0,0.0,Gonzalo,García,2004-03-24,22.44,54.0,7.0,Forward,Winger,4o9d3hpjlicgce9gtbewyzhn8,hzqh7z0mdl3v7gwete66syxp,Fulham FC,Fulham,Fulham,FUL,551466.0,90.0,1.0,27.0,23.0,85.19,9.0,6.0,66.67,0.0,0.0,0.0,0.0,0.0,0.0,Gonzalo,García,2004-03-24,22.44,54.0,7.0,Forward,Winger,4o9d3hpjlicgce9gtbewyzhn8,hzqh7z0mdl3v7gwete66syxp,Fulham FC,Fulham,Fulham,FUL,551466,4o9d3hpjlicgce9gtbewyzhn8
Granit Xhaka,84450.0,1.0,90.0,0.0,0.0,0.0,0.0,0.0,0.0,0.0,Granit,Xhaka,1992-09-27,33.94,56.0,34.0,Midfielder,Defensive Midfielder,6264xjr1y00yu7b9j2pknalzp,1r3545b2dzan8yqa80gtmcjch,Sunderland AFC,Sunderland,Sunderland,SUN,12.0,129.835,6.0,86.52,0.0,0.0,0.0,0.0,10.82,14.42,3.0,2.0,8.0,0.0,0.0,12.0,8.0,66.667,0.0,0.0,0.0,,,,,,,,,,84450.0,90.0,1.0,2.0,1.0,1.37,50.0,0.091,0.025,0.0,0.0,Granit,Xhaka,1992-09-27,33.94,56.0,34.0,Midfielder,Defensive Midfielder,6264xjr1y00yu7b9j2pknalzp,1r3545b2dzan8yqa80gtmcjch,Sunderland AFC,Sunderland,Sunderland,SUN,84450.0,90.0,1.0,75.0,70.0,93.33,21.0,18.0,85.71,2.0,0.0,0.0,0.0,0.0,0.0,Granit,Xhaka,1992-09-27,33.94,56.0,34.0,Midfielder,Defensive Midfielder,6264xjr1y00yu7b9j2pknalzp,1r3545b2dzan8yqa80gtmcjch,Sunderland AFC,Sunderland,Sunderland,SUN,84450,6264xjr1y00yu7b9j2pknalzp
Gustavo Hamer,196100.0,1.0,8.0,0.0,0.0,0.0,0.0,0.0,0.0,0.0,Gustavo,Hamer,1997-06-24,29.19,9.0,38.0,Midfielder,0,7gjpyajgsq0pd71bq30m69xpl,dacoc20k0n3fxu4zek8wufmko,Coventry City FC,Coventry City,Coventry,COV,1.0,7.875,1.0,7.875,0.0,0.0,0.0,0.0,7.875,7.875,0.0,0.0,1.0,0.0,0.0,1.0,0.0,0.0,2.0,1.0,50.0,,,,,,,,,,196100.0,8.0,1.0,0.0,0.0,0.0,0.0,0.001,0.001,0.0,0.0,Gustavo,Hamer,1997-06-24,29.19,9.0,38.0,Midfielder,0,7gjpyajgsq0pd71bq30m69xpl,dacoc20k0n3fxu4zek8wufmko,Coventry City FC,Coventry City,Coventry,COV,196100.0,8.0,1.0,7.0,5.0,71.43,2.0,1.0,50.0,0.0,0.0,0.0,0.0,0.0,0.0,Gustavo,Hamer,1997-06-24,29.19,9.0,38.0,Midfielder,0,7gjpyajgsq0pd71bq30m69xpl,dacoc20k0n3fxu4zek8wufmko,Coventry City FC,Coventry City,Coventry,COV,196100,7gjpyajgsq0pd71bq30m69xpl
Habib Diarra,547027.0,1.0,10.0,0.0,0.03,-0.03,1.0,0.0,0.0,0.03,Habib,Diarra,2004-01-03,22.66,56.0,19.0,Midfielder,0,egtyl4noukbjkm1va1i11e87o,1r3545b2dzan8yqa80gtmcjch,Sunderland AFC,Sunderland,Sunderland,SUN,1.0,6.963,0.0,-5.145,0.0,0.0,0.0,0.0,6.963,0.0,0.0,0.0,0.0,0.0,0.0,0.0,0.0,0.0,0.0,0.0,0.0,,,,,,,,,,547027.0,10.0,1.0,0.0,0.0,0.0,0.0,0.001,0.001,0.0,0.0,Habib,Diarra,2004-01-03,22.66,56.0,19.0,Midfielder,0,egtyl4noukbjkm1va1i11e87o,1r3545b2dzan8yqa80gtmcjch,Sunderland AFC,Sunderland,Sunderland,SUN,547027.0,10.0,1.0,6.0,6.0,100.0,1.0,1.0,100.0,0.0,0.0,0.0,0.0,0.0,0.0,Habib,Diarra,2004-01-03,22.66,56.0,19.0,Midfielder,0,egtyl4noukbjkm1va1i11e87o,1r3545b2dzan8yqa80gtmcjch,Sunderland AFC,Sunderland,Sunderland,SUN,547027,egtyl4noukbjkm1va1i11e87o
Harrison Armstrong,609873.0,1.0,90.0,0.0,0.0,0.0,0.0,0.0,0.0,0.0,Harrison,Armstrong,2007-01-19,19.62,11.0,45.0,Midfielder,Central Midfielder,d84upyw8b3umj864lyffolyj8,ehd2iemqmschhj2ec0vayztzz,Everton FC,Everton,Everton,EVE,15.0,150.096,4.0,30.24,0.0,0.0,0.0,0.0,10.006,7.56,2.0,1.0,11.0,1.0,1.0,9.0,4.0,44.444,1.0,0.0,0.0,,,,,,,,,,609873.0,90.0,1.0,1.0,1.0,0.0,0.0,0.037,0.037,1.0,1.0,Harrison,Armstrong,2007-01-19,19.62,11.0,45.0,Midfielder,Central Midfielder,d84upyw8b3umj864lyffolyj8,ehd2iemqmschhj2ec0vayztzz,Everton FC,Everton,Everton,EVE,609873.0,90.0,1.0,38.0,34.0,89.47,11.0,8.0,72.73,0.0,0.0,0.0,0.0,0.0,0.0,Harrison,Armstrong,2007-01-19,19.62,11.0,45.0,Midfielder,Central Midfielder,d84upyw8b3umj864lyffolyj8,ehd2iemqmschhj2ec0vayztzz,Everton FC,Everton,Everton,EVE,609873,d84upyw8b3umj864lyffolyj8
Harrison Reed,153366.0,0.0,0.0,0.0,0.0,0.0,0.0,0.0,0.0,0.0,Harrison,Reed,1995-01-27,31.6,54.0,6.0,Midfielder,Central Midfielder,153366,hzqh7z0mdl3v7gwete66syxp,Fulham FC,Fulham,Fulham,FUL,0.0,0.0,0.0,0.0,0.0,0.0,0.0,0.0,0.0,0.0,0.0,0.0,0.0,0.0,0.0,0.0,0.0,0.0,0.0,0.0,0.0,,,,,,,,,,153366.0,0.0,0.0,0.0,0.0,0.0,0.0,0.0,0.0,0.0,0.0,Harrison,Reed,1995-01-27,31.6,54.0,6.0,Midfielder,Central Midfielder,153366,hzqh7z0mdl3v7gwete66syxp,Fulham FC,Fulham,Fulham,FUL,153366.0,0.0,0.0,0.0,0.0,0.0,0.0,0.0,0.0,0.0,0.0,0.0,0.0,0.0,0.0,Harrison,Reed,1995-01-27,31.6,54.0,6.0,Midfielder,Central Midfielder,153366,hzqh7z0mdl3v7gwete66syxp,Fulham FC,Fulham,Fulham,FUL,153366,153366
Harry Maguire,95658.0,1.0,90.0,0.0,0.04,-0.04,2.0,1.0,0.0,0.02,Harry,Maguire,1993-03-05,33.5,1.0,5.0,Defender,Central Defender,1vz038uyzmq8saskeeo0qhm8l,6eqit8ye8aomdsrrq0hk3v7gh,Manchester United FC,Manchester United,Man Utd,MUN,37.0,485.326,31.0,368.55,0.0,0.0,0.0,0.0,13.117,11.889,0.0,0.0,5.0,0.0,4.0,2.0,2.0,100.0,4.0,3.0,75.0,,,,,,,,,,95658.0,90.0,1.0,2.0,2.0,2.47,0.0,0.404,0.404,0.0,0.0,Harry,Maguire,1993-03-05,33.5,1.0,5.0,Defender,Central Defender,1vz038uyzmq8saskeeo0qhm8l,6eqit8ye8aomdsrrq0hk3v7gh,Manchester United FC,Manchester United,Man Utd,MUN,95658.0,90.0,1.0,82.0,76.0,92.68,22.0,19.0,86.36,2.0,1.0,50.0,0.0,0.0,0.0,Harry,Maguire,1993-03-05,33.5,1.0,5.0,Defender,Central Defender,1vz038uyzmq8saskeeo0qhm8l,6eqit8ye8aomdsrrq0hk3v7gh,Manchester United FC,Manchester United,Man Utd,MUN,95658,1vz038uyzmq8saskeeo0qhm8l
Harry Wilson,153682.0,1.0,66.0,0.0,0.0,0.0,0.0,0.0,0.0,0.0,Harry,Wilson,1997-03-22,29.45,2.0,10.0,Forward,Winger,dlpk0a4jgiswcm2r75uh1czpx,48gk2hpqtsl6p9sx9kjhaydq4,Leeds United FC,Leeds United,Leeds,LEE,3.0,35.507,0.0,-13.125,0.0,0.0,1.0,0.0,11.836,0.0,2.0,0.0,0.0,0.0,0.0,5.0,3.0,60.0,0.0,0.0,0.0,,,,,,,,,,153682.0,66.0,1.0,1.0,1.0,7.14,0.0,0.023,0.002,0.0,0.0,Harry,Wilson,1997-03-22,29.45,2.0,10.0,Forward,Winger,dlpk0a4jgiswcm2r75uh1czpx,48gk2hpqtsl6p9sx9kjhaydq4,Leeds United FC,Leeds United,Leeds,LEE,153682.0,66.0,1.0,15.0,13.0,86.67,5.0,4.0,80.0,1.0,0.0,0.0,0.0,0.0,0.0,Harry,Wilson,1997-03-22,29.45,2.0,10.0,Forward,Winger,dlpk0a4jgiswcm2r75uh1czpx,48gk2hpqtsl6p9sx9kjhaydq4,Leeds United FC,Leeds United,Leeds,LEE,153682,dlpk0a4jgiswcm2r75uh1czpx
Harvey Barnes,201666.0,1.0,90.0,0.0,0.07,-0.07,1.0,0.0,0.0,0.07,Harvey,Barnes,1997-12-09,28.73,4.0,11.0,Midfielder,Winger,18paf5a7rfe4kutxjl4cwd695,7vn2i2kd35zuetw6b38gw9jsz,Newcastle United FC,Newcastle United,Newcastle,NEW,6.0,95.431,4.0,59.43,0.0,0.0,0.0,0.0,15.905,14.858,1.0,0.0,4.0,0.0,3.0,10.0,4.0,40.0,0.0,0.0,0.0,,,,,,,,,,201666.0,90.0,1.0,0.0,0.0,0.0,0.0,0.018,0.018,0.0,0.0,Harvey,Barnes,1997-12-09,28.73,4.0,11.0,Midfielder,Winger,18paf5a7rfe4kutxjl4cwd695,7vn2i2kd35zuetw6b38gw9jsz,Newcastle United FC,Newcastle United,Newcastle,NEW,201666.0,90.0,1.0,17.0,13.0,76.47,7.0,5.0,71.43,0.0,0.0,0.0,0.0,0.0,0.0,Harvey,Barnes,1997-12-09,28.73,4.0,11.0,Midfielder,Winger,18paf5a7rfe4kutxjl4cwd695,7vn2i2kd35zuetw6b38gw9jsz,Newcastle United FC,Newcastle United,Newcastle,NEW,201666,18paf5a7rfe4kutxjl4cwd695
Hayden Hackney,244860.0,1.0,79.0,0.0,0.01,-0.01,1.0,0.0,0.0,0.01,Hayden,Hackney,2002-06-26,24.19,11.0,30.0,Midfielder,Central Midfielder,6abbvs1wnj2hsz5isnbwdyctm,ehd2iemqmschhj2ec0vayztzz,Everton FC,Everton,Everton,EVE,12.0,145.957,6.0,77.805,1.0,0.0,0.0,0.0,12.163,12.968,2.0,1.0,4.0,0.0,0.0,9.0,5.0,55.556,1.0,0.0,0.0,,,,,,,,,,244860.0,79.0,1.0,1.0,1.0,2.44,0.0,0.009,0.009,0.0,0.0,Hayden,Hackney,2002-06-26,24.19,11.0,30.0,Midfielder,Central Midfielder,6abbvs1wnj2hsz5isnbwdyctm,ehd2iemqmschhj2ec0vayztzz,Everton FC,Everton,Everton,EVE,244860.0,79.0,1.0,43.0,38.0,88.37,10.0,8.0,80.0,1.0,0.0,0.0,0.0,0.0,0.0,Hayden,Hackney,2002-06-26,24.19,11.0,30.0,Midfielder,Central Midfielder,6abbvs1wnj2hsz5isnbwdyctm,ehd2iemqmschhj2ec0vayztzz,Everton FC,Everton,Everton,EVE,244860,6abbvs1wnj2hsz5isnbwdyctm
Ian Maatsen,441302.0,1.0,82.0,0.0,0.03,-0.03,1.0,0.0,0.0,0.03,Ian,Maatsen,2002-03-10,24.48,7.0,22.0,Defender,Full Back,9ysvzu336d2ahptkv7eoscl7u,b496gs285it6bheuikox6z9mj,Aston Villa FC,Aston Villa,Villa,AVL,6.0,104.87,5.0,89.775,1.0,0.0,0.0,0.0,17.478,17.955,2.0,2.0,2.0,0.0,5.0,7.0,2.0,28.571,1.0,0.0,0.0,,,,,,,,,,441302.0,82.0,1.0,0.0,0.0,0.0,0.0,0.003,0.003,0.0,0.0,Ian,Maatsen,2002-03-10,24.48,7.0,22.0,Defender,Full Back,9ysvzu336d2ahptkv7eoscl7u,b496gs285it6bheuikox6z9mj,Aston Villa FC,Aston Villa,Villa,AVL,441302.0,82.0,1.0,8.0,6.0,75.0,3.0,3.0,100.0,1.0,0.0,0.0,0.0,0.0,0.0,Ian,Maatsen,2002-03-10,24.48,7.0,22.0,Defender,Full Back,9ysvzu336d2ahptkv7eoscl7u,b496gs285it6bheuikox6z9mj,Aston Villa FC,Aston Villa,Villa,AVL,441302,9ysvzu336d2ahptkv7eoscl7u
Ibrahim Osman,612855.0,1.0,12.0,0.0,0.0,0.0,0.0,0.0,0.0,0.0,Ibrahim,Osman,2004-11-29,21.76,36.0,15.0,Forward,Winger,3r9qvhedhr1o6zm6c5l4alkpg,e5p0ehyguld7egzhiedpdnc3w,Brighton & Hove Albion FC,Brighton & Hove Albion,Brighton,BHA,6.0,73.578,6.0,64.05,0.0,0.0,1.0,0.0,12.263,10.675,0.0,0.0,2.0,0.0,0.0,4.0,2.0,50.0,0.0,0.0,0.0,,,,,,,,,,612855.0,12.0,1.0,1.0,1.0,10.0,0.0,0.05,0.05,0.0,0.0,Ibrahim,Osman,2004-11-29,21.76,36.0,15.0,Forward,Winger,3r9qvhedhr1o6zm6c5l4alkpg,e5p0ehyguld7egzhiedpdnc3w,Brighton & Hove Albion FC,Brighton & Hove Albion,Brighton,BHA,612855.0,12.0,1.0,10.0,8.0,80.0,6.0,4.0,66.67,1.0,1.0,100.0,0.0,0.0,0.0,Ibrahim,Osman,2004-11-29,21.76,36.0,15.0,Forward,Winger,3r9qvhedhr1o6zm6c5l4alkpg,e5p0ehyguld7egzhiedpdnc3w,Brighton & Hove Albion FC,Brighton & Hove Albion,Brighton,BHA,612855,3r9qvhedhr1o6zm6c5l4alkpg
Ibrahim Sangaré,210462.0,1.0,90.0,0.0,0.03,-0.03,1.0,0.0,0.0,0.03,Ibrahim,Sangaré,1997-12-02,28.75,17.0,6.0,Midfielder,Central Midfielder,1abb1gcw7arw1nkbuxnccjca1,1qtaiy11gswx327s0vkibf70n,Nottingham Forest FC,Nottingham Forest,Forest,NFO,12.0,101.614,5.0,21.84,1.0,0.0,1.0,0.0,8.468,4.368,0.0,0.0,3.0,3.0,0.0,4.0,2.0,50.0,3.0,3.0,100.0,,,,,,,,,,210462.0,90.0,1.0,1.0,1.0,2.08,0.0,0.008,0.008,0.0,0.0,Ibrahim,Sangaré,1997-12-02,28.75,17.0,6.0,Midfielder,Central Midfielder,1abb1gcw7arw1nkbuxnccjca1,1qtaiy11gswx327s0vkibf70n,Nottingham Forest FC,Nottingham Forest,Forest,NFO,210462.0,90.0,1.0,53.0,42.0,79.25,12.0,6.0,50.0,0.0,0.0,0.0,0.0,0.0,0.0,Ibrahim,Sangaré,1997-12-02,28.75,17.0,6.0,Midfielder,Central Midfielder,1abb1gcw7arw1nkbuxnccjca1,1qtaiy11gswx327s0vkibf70n,Nottingham Forest FC,Nottingham Forest,Forest,NFO,210462,1abb1gcw7arw1nkbuxnccjca1
Igor Jesus,482973.0,1.0,90.0,0.0,0.22,-0.22,3.0,1.0,0.0,0.07,Igor Jesus,Maciel da Cruz,2001-02-25,25.52,17.0,11.0,Forward,Striker,as2byx2nymkahqyzw88gxictm,1qtaiy11gswx327s0vkibf70n,Nottingham Forest FC,Nottingham Forest,Forest,NFO,5.0,47.733,3.0,14.49,0.0,0.0,0.0,0.0,9.547,4.83,0.0,0.0,1.0,0.0,2.0,7.0,2.0,28.571,17.0,10.0,58.824,,,,,,,,,,482973.0,90.0,1.0,0.0,0.0,0.0,0.0,0.019,0.019,0.0,0.0,Igor Jesus,Maciel da Cruz,2001-02-25,25.52,17.0,11.0,Forward,Striker,as2byx2nymkahqyzw88gxictm,1qtaiy11gswx327s0vkibf70n,Nottingham Forest FC,Nottingham Forest,Forest,NFO,482973.0,90.0,1.0,23.0,18.0,78.26,5.0,4.0,80.0,0.0,0.0,0.0,0.0,0.0,0.0,Igor Jesus,Maciel da Cruz,2001-02-25,25.52,17.0,11.0,Forward,Striker,as2byx2nymkahqyzw88gxictm,1qtaiy11gswx327s0vkibf70n,Nottingham Forest FC,Nottingham Forest,Forest,NFO,482973,as2byx2nymkahqyzw88gxictm
Igor Thiago,502500.0,1.0,83.0,0.0,1.0,-1.0,2.0,0.0,0.0,0.5,Igor Thiago,Nascimento Rodrigues,2001-06-26,25.19,94.0,9.0,Forward,Striker,9jrya38msibxt1c7rx1et4acq,7yx5dqhhphyvfisohikodajhv,Brentford FC,Brentford,Brentford,BRE,4.0,34.389,1.0,-6.615,0.0,0.0,0.0,0.0,8.597,-6.615,0.0,0.0,4.0,1.0,0.0,3.0,1.0,33.333,10.0,3.0,30.0,,,,,,,,,,502500.0,83.0,1.0,0.0,0.0,0.0,0.0,0.083,0.083,0.0,0.0,Igor Thiago,Nascimento Rodrigues,2001-06-26,25.19,94.0,9.0,Forward,Striker,9jrya38msibxt1c7rx1et4acq,7yx5dqhhphyvfisohikodajhv,Brentford FC,Brentford,Brentford,BRE,502500.0,83.0,1.0,20.0,17.0,85.0,5.0,4.0,80.0,0.0,0.0,0.0,0.0,0.0,0.0,Igor Thiago,Nascimento Rodrigues,2001-06-26,25.19,94.0,9.0,Forward,Striker,9jrya38msibxt1c7rx1et4acq,7yx5dqhhphyvfisohikodajhv,Brentford FC,Brentford,Brentford,BRE,502500,9jrya38msibxt1c7rx1et4acq
Iliman Ndiaye,440993.0,1.0,90.0,0.0,0.24,-0.24,2.0,2.0,0.0,0.12,Iliman,Ndiaye,2000-03-06,26.49,11.0,10.0,Forward,Winger,3dm2bfuoyips4rbj0vhvbp9be,ehd2iemqmschhj2ec0vayztzz,Everton FC,Everton,Everton,EVE,18.0,202.978,10.0,99.33,0.0,0.0,0.0,0.0,11.277,9.933,4.0,0.0,8.0,0.0,0.0,13.0,6.0,46.154,2.0,0.0,0.0,,,,,,,,,,440993.0,90.0,1.0,3.0,2.0,4.55,0.0,0.32,0.32,1.0,0.0,Iliman,Ndiaye,2000-03-06,26.49,11.0,10.0,Forward,Winger,3dm2bfuoyips4rbj0vhvbp9be,ehd2iemqmschhj2ec0vayztzz,Everton FC,Everton,Everton,EVE,440993.0,90.0,1.0,44.0,38.0,86.36,24.0,20.0,83.33,2.0,1.0,50.0,0.0,0.0,0.0,Iliman,Ndiaye,2000-03-06,26.49,11.0,10.0,Forward,Winger,3dm2bfuoyips4rbj0vhvbp9be,ehd2iemqmschhj2ec0vayztzz,Everton FC,Everton,Everton,EVE,440993,3dm2bfuoyips4rbj0vhvbp9be
Issa Diop,219924.0,1.0,90.0,0.0,0.0,0.0,0.0,0.0,0.0,0.0,Issa,Diop,1997-01-09,29.65,40.0,6.0,Defender,Central Defender,chn2v9j6dqmuz2haoiuulbd91,8b523ujgl21tbc01me65q0aoh,Ipswich Town FC,Ipswich Town,Ipswich,IPS,3.0,15.373,1.0,10.08,0.0,0.0,0.0,0.0,5.124,10.08,1.0,2.0,6.0,0.0,2.0,6.0,1.0,16.667,1.0,0.0,0.0,,,,,,,,,,219924.0,90.0,1.0,0.0,0.0,0.0,0.0,0.013,0.013,0.0,0.0,Issa,Diop,1997-01-09,29.65,40.0,6.0,Defender,Central Defender,chn2v9j6dqmuz2haoiuulbd91,8b523ujgl21tbc01me65q0aoh,Ipswich Town FC,Ipswich Town,Ipswich,IPS,219924.0,90.0,1.0,39.0,31.0,79.49,6.0,4.0,66.67,0.0,0.0,0.0,0.0,0.0,0.0,Issa,Diop,1997-01-09,29.65,40.0,6.0,Defender,Central Defender,chn2v9j6dqmuz2haoiuulbd91,8b523ujgl21tbc01me65q0aoh,Ipswich Town FC,Ipswich Town,Ipswich,IPS,219924,chn2v9j6dqmuz2haoiuulbd91
Jack Clarke,443261.0,1.0,19.0,1.0,0.1,0.9,2.0,1.0,50.0,0.05,Jack,Clarke,2000-11-23,25.78,40.0,47.0,Forward,Winger,eybpkhnd5ldeiau8niu1gg57u,8b523ujgl21tbc01me65q0aoh,Ipswich Town FC,Ipswich Town,Ipswich,IPS,2.0,26.332,2.0,22.995,1.0,1.0,0.0,0.0,13.166,11.498,1.0,0.0,1.0,0.0,0.0,1.0,1.0,100.0,0.0,0.0,0.0,,,,,,,,,,443261.0,19.0,1.0,0.0,0.0,0.0,0.0,0.002,0.002,0.0,0.0,Jack,Clarke,2000-11-23,25.78,40.0,47.0,Forward,Winger,eybpkhnd5ldeiau8niu1gg57u,8b523ujgl21tbc01me65q0aoh,Ipswich Town FC,Ipswich Town,Ipswich,IPS,443261.0,19.0,1.0,5.0,5.0,100.0,1.0,1.0,100.0,0.0,0.0,0.0,0.0,0.0,0.0,Jack,Clarke,2000-11-23,25.78,40.0,47.0,Forward,Winger,eybpkhnd5ldeiau8niu1gg57u,8b523ujgl21tbc01me65q0aoh,Ipswich Town FC,Ipswich Town,Ipswich,IPS,443261,eybpkhnd5ldeiau8niu1gg57u
Jack Grealish,114283.0,1.0,8.0,0.0,0.0,0.0,0.0,0.0,0.0,0.0,Jack,Grealish,1995-09-10,30.98,43.0,18.0,Midfielder,Attacking Midfielder,72nph557ee2a9tdky8rvk12vp,a3nyxabgsqlnqfkeg41m6tnpp,Manchester City FC,Manchester City,Man City,MCI,4.0,55.028,0.0,-15.12,0.0,0.0,0.0,0.0,13.757,0.0,1.0,0.0,0.0,0.0,0.0,2.0,1.0,50.0,0.0,0.0,0.0,,,,,,,,,,114283.0,8.0,1.0,0.0,0.0,0.0,0.0,0.001,0.001,0.0,0.0,Jack,Grealish,1995-09-10,30.98,43.0,18.0,Midfielder,Attacking Midfielder,72nph557ee2a9tdky8rvk12vp,a3nyxabgsqlnqfkeg41m6tnpp,Manchester City FC,Manchester City,Man City,MCI,114283.0,8.0,1.0,7.0,6.0,85.71,1.0,1.0,100.0,0.0,0.0,0.0,0.0,0.0,0.0,Jack,Grealish,1995-09-10,30.98,43.0,18.0,Midfielder,Attacking Midfielder,72nph557ee2a9tdky8rvk12vp,a3nyxabgsqlnqfkeg41m6tnpp,Manchester City FC,Manchester City,Man City,MCI,114283,72nph557ee2a9tdky8rvk12vp
Jack Hinshelwood,532529.0,1.0,64.0,2.0,1.41,0.59,3.0,2.0,66.67,0.47,Jack,Hinshelwood,2005-04-11,21.39,36.0,8.0,Midfielder,Defensive Midfielder,eikpw8bl1se3sj6hnsndi7zmc,e5p0ehyguld7egzhiedpdnc3w,Brighton & Hove Albion FC,Brighton & Hove Albion,Brighton,BHA,1.0,15.569,1.0,7.455,0.0,0.0,0.0,0.0,15.569,7.455,2.0,0.0,1.0,0.0,0.0,5.0,5.0,100.0,1.0,1.0,100.0,,,,,,,,,,532529.0,64.0,1.0,1.0,1.0,7.69,0.0,0.016,0.014,0.0,0.0,Jack,Hinshelwood,2005-04-11,21.39,36.0,8.0,Midfielder,Defensive Midfielder,eikpw8bl1se3sj6hnsndi7zmc,e5p0ehyguld7egzhiedpdnc3w,Brighton & Hove Albion FC,Brighton & Hove Albion,Brighton,BHA,532529.0,64.0,1.0,14.0,13.0,92.86,6.0,5.0,83.33,0.0,0.0,0.0,0.0,0.0,0.0,Jack,Hinshelwood,2005-04-11,21.39,36.0,8.0,Midfielder,Defensive Midfielder,eikpw8bl1se3sj6hnsndi7zmc,e5p0ehyguld7egzhiedpdnc3w,Brighton & Hove Albion FC,Brighton & Hove Albion,Brighton,BHA,532529,eikpw8bl1se3sj6hnsndi7zmc
Jack Rudoni,480457.0,1.0,20.0,0.0,0.15,-0.15,1.0,1.0,0.0,0.15,Jack,Rudoni,2001-06-14,25.22,9.0,5.0,Midfielder,Central Midfielder,9ypls2867yj064gbp5vqfa8ve,dacoc20k0n3fxu4zek8wufmko,Coventry City FC,Coventry City,Coventry,COV,4.0,44.928,4.0,37.695,0.0,0.0,0.0,0.0,11.232,9.424,1.0,0.0,4.0,0.0,0.0,1.0,1.0,100.0,2.0,2.0,100.0,,,,,,,,,,480457.0,20.0,1.0,0.0,0.0,0.0,0.0,0.001,0.001,0.0,0.0,Jack,Rudoni,2001-06-14,25.22,9.0,5.0,Midfielder,Central Midfielder,9ypls2867yj064gbp5vqfa8ve,dacoc20k0n3fxu4zek8wufmko,Coventry City FC,Coventry City,Coventry,COV,480457.0,20.0,1.0,13.0,9.0,69.23,4.0,1.0,25.0,0.0,0.0,0.0,1.0,0.0,0.0,Jack,Rudoni,2001-06-14,25.22,9.0,5.0,Midfielder,Central Midfielder,9ypls2867yj064gbp5vqfa8ve,dacoc20k0n3fxu4zek8wufmko,Coventry City FC,Coventry City,Coventry,COV,480457,9ypls2867yj064gbp5vqfa8ve
Jacob Greaves,449429.0,1.0,90.0,0.0,0.0,0.0,0.0,0.0,0.0,0.0,Jacob,Greaves,2000-09-12,25.97,40.0,24.0,Defender,Central Defender,efmz0q74eh8wbjxxn31dv2puy,8b523ujgl21tbc01me65q0aoh,Ipswich Town FC,Ipswich Town,Ipswich,IPS,2.0,25.149,1.0,17.955,0.0,0.0,0.0,0.0,12.574,17.955,3.0,0.0,1.0,0.0,4.0,5.0,5.0,100.0,5.0,3.0,60.0,,,,,,,,,,449429.0,90.0,1.0,0.0,0.0,0.0,0.0,0.005,0.005,0.0,0.0,Jacob,Greaves,2000-09-12,25.97,40.0,24.0,Defender,Central Defender,efmz0q74eh8wbjxxn31dv2puy,8b523ujgl21tbc01me65q0aoh,Ipswich Town FC,Ipswich Town,Ipswich,IPS,449429.0,90.0,1.0,41.0,34.0,82.93,7.0,5.0,71.43,0.0,0.0,0.0,0.0,0.0,0.0,Jacob,Greaves,2000-09-12,25.97,40.0,24.0,Defender,Central Defender,efmz0q74eh8wbjxxn31dv2puy,8b523ujgl21tbc01me65q0aoh,Ipswich Town FC,Ipswich Town,Ipswich,IPS,449429,efmz0q74eh8wbjxxn31dv2puy
Jacob Murphy,114243.0,1.0,14.0,0.0,0.0,0.0,0.0,0.0,0.0,0.0,Jacob,Murphy,1995-02-24,31.53,4.0,23.0,Midfielder,Winger,37d7oej48pb143o5eilue1hhx,7vn2i2kd35zuetw6b38gw9jsz,Newcastle United FC,Newcastle United,Newcastle,NEW,1.0,23.351,1.0,22.05,0.0,0.0,0.0,0.0,23.351,22.05,0.0,0.0,1.0,0.0,1.0,2.0,0.0,0.0,0.0,0.0,0.0,,,,,,,,,,114243.0,14.0,1.0,0.0,0.0,0.0,0.0,0.0,0.0,0.0,0.0,Jacob,Murphy,1995-02-24,31.53,4.0,23.0,Midfielder,Winger,37d7oej48pb143o5eilue1hhx,7vn2i2kd35zuetw6b38gw9jsz,Newcastle United FC,Newcastle United,Newcastle,NEW,114243.0,14.0,1.0,1.0,1.0,100.0,0.0,0.0,0.0,1.0,0.0,0.0,0.0,0.0,0.0,Jacob,Murphy,1995-02-24,31.53,4.0,23.0,Midfielder,Winger,37d7oej48pb143o5eilue1hhx,7vn2i2kd35zuetw6b38gw9jsz,Newcastle United FC,Newcastle United,Newcastle,NEW,114243,37d7oej48pb143o5eilue1hhx
Jacob Ramsey,232653.0,1.0,34.0,0.0,0.06,-0.06,1.0,0.0,0.0,0.06,Jacob,Ramsey,2001-05-28,25.27,4.0,41.0,Midfielder,Winger,bhsh1n3qfg8awmctxlh8k7yzt,7vn2i2kd35zuetw6b38gw9jsz,Newcastle United FC,Newcastle United,Newcastle,NEW,2.0,46.955,0.0,-18.165,0.0,0.0,0.0,0.0,23.478,0.0,2.0,1.0,1.0,1.0,1.0,4.0,2.0,50.0,0.0,0.0,0.0,,,,,,,,,,232653.0,34.0,1.0,0.0,0.0,0.0,0.0,0.008,0.008,0.0,0.0,Jacob,Ramsey,2001-05-28,25.27,4.0,41.0,Midfielder,Winger,bhsh1n3qfg8awmctxlh8k7yzt,7vn2i2kd35zuetw6b38gw9jsz,Newcastle United FC,Newcastle United,Newcastle,NEW,232653.0,34.0,1.0,16.0,15.0,93.75,4.0,4.0,100.0,0.0,0.0,0.0,0.0,0.0,0.0,Jacob,Ramsey,2001-05-28,25.27,4.0,41.0,Midfielder,Winger,bhsh1n3qfg8awmctxlh8k7yzt,7vn2i2kd35zuetw6b38gw9jsz,Newcastle United FC,Newcastle United,Newcastle,NEW,232653,bhsh1n3qfg8awmctxlh8k7yzt
Jaidon Anthony,444180.0,1.0,23.0,0.0,0.03,-0.03,1.0,0.0,0.0,0.03,Jaidon,Anthony,1999-12-01,26.76,94.0,19.0,Forward,Winger,8cmkqkrjme3wb0gegzn1e6xre,7yx5dqhhphyvfisohikodajhv,Brentford FC,Brentford,Brentford,BRE,5.0,46.186,2.0,23.835,0.0,0.0,1.0,0.0,9.237,11.918,2.0,0.0,6.0,0.0,0.0,5.0,3.0,60.0,0.0,0.0,0.0,,,,,,,,,,444180.0,23.0,1.0,3.0,2.0,28.57,33.33,0.352,0.337,0.0,0.0,Jaidon,Anthony,1999-12-01,26.76,94.0,19.0,Forward,Winger,8cmkqkrjme3wb0gegzn1e6xre,7yx5dqhhphyvfisohikodajhv,Brentford FC,Brentford,Brentford,BRE,444180.0,23.0,1.0,7.0,6.0,85.71,4.0,4.0,100.0,2.0,1.0,50.0,0.0,0.0,0.0,Jaidon,Anthony,1999-12-01,26.76,94.0,19.0,Forward,Winger,8cmkqkrjme3wb0gegzn1e6xre,7yx5dqhhphyvfisohikodajhv,Brentford FC,Brentford,Brentford,BRE,444180,8cmkqkrjme3wb0gegzn1e6xre
Jair Cunha,575458.0,1.0,90.0,0.0,0.0,0.0,0.0,0.0,0.0,0.0,Jair,Paula da Cunha Filho,2005-03-07,21.49,17.0,23.0,Defender,Central Defender,1hwkpsnmh04e9jakw26e584k4,1qtaiy11gswx327s0vkibf70n,Nottingham Forest FC,Nottingham Forest,Forest,NFO,12.0,112.556,9.0,66.675,0.0,0.0,0.0,0.0,9.38,7.408,1.0,1.0,0.0,2.0,4.0,7.0,3.0,42.857,3.0,0.0,0.0,,,,,,,,,,575458.0,90.0,1.0,0.0,0.0,0.0,0.0,0.005,0.005,0.0,0.0,Jair,Paula da Cunha Filho,2005-03-07,21.49,17.0,23.0,Defender,Central Defender,1hwkpsnmh04e9jakw26e584k4,1qtaiy11gswx327s0vkibf70n,Nottingham Forest FC,Nottingham Forest,Forest,NFO,575458.0,90.0,1.0,43.0,38.0,88.37,5.0,3.0,60.0,1.0,0.0,0.0,0.0,0.0,0.0,Jair,Paula da Cunha Filho,2005-03-07,21.49,17.0,23.0,Defender,Central Defender,1hwkpsnmh04e9jakw26e584k4,1qtaiy11gswx327s0vkibf70n,Nottingham Forest FC,Nottingham Forest,Forest,NFO,575458,1hwkpsnmh04e9jakw26e584k4
Jaka Bijol,434752.0,1.0,90.0,0.0,0.11,-0.11,2.0,0.0,0.0,0.05,Jaka,Bijol,1999-02-05,27.58,2.0,15.0,Defender,Central Defender,ah0f7tonnst92d8q91j1wll62,48gk2hpqtsl6p9sx9kjhaydq4,Leeds United FC,Leeds United,Leeds,LEE,18.0,172.591,13.0,124.11,0.0,0.0,0.0,0.0,9.588,9.547,1.0,2.0,5.0,0.0,9.0,2.0,2.0,100.0,14.0,7.0,50.0,,,,,,,,,,434752.0,90.0,1.0,0.0,0.0,0.0,0.0,0.002,0.002,0.0,0.0,Jaka,Bijol,1999-02-05,27.58,2.0,15.0,Defender,Central Defender,ah0f7tonnst92d8q91j1wll62,48gk2hpqtsl6p9sx9kjhaydq4,Leeds United FC,Leeds United,Leeds,LEE,434752.0,90.0,1.0,55.0,44.0,80.0,6.0,1.0,16.67,1.0,0.0,0.0,0.0,0.0,0.0,Jaka,Bijol,1999-02-05,27.58,2.0,15.0,Defender,Central Defender,ah0f7tonnst92d8q91j1wll62,48gk2hpqtsl6p9sx9kjhaydq4,Leeds United FC,Leeds United,Leeds,LEE,434752,ah0f7tonnst92d8q91j1wll62
Jake O'Brien,512462.0,0.0,0.0,0.0,0.0,0.0,0.0,0.0,0.0,0.0,Jake,O'Brien,2001-05-15,25.3,11.0,15.0,Defender,Central Defender,512462,ehd2iemqmschhj2ec0vayztzz,Everton FC,Everton,Everton,EVE,0.0,0.0,0.0,0.0,0.0,0.0,0.0,0.0,0.0,0.0,0.0,0.0,0.0,0.0,0.0,0.0,0.0,0.0,0.0,0.0,0.0,,,,,,,,,,512462.0,0.0,0.0,0.0,0.0,0.0,0.0,0.0,0.0,0.0,0.0,Jake,O'Brien,2001-05-15,25.3,11.0,15.0,Defender,Central Defender,512462,ehd2iemqmschhj2ec0vayztzz,Everton FC,Everton,Everton,EVE,512462.0,0.0,0.0,0.0,0.0,0.0,0.0,0.0,0.0,0.0,0.0,0.0,0.0,0.0,0.0,Jake,O'Brien,2001-05-15,25.3,11.0,15.0,Defender,Central Defender,512462,ehd2iemqmschhj2ec0vayztzz,Everton FC,Everton,Everton,EVE,512462,512462
James Garner,232928.0,1.0,11.0,0.0,0.0,0.0,0.0,0.0,0.0,0.0,James,Garner,2001-03-13,25.47,11.0,37.0,Midfielder,Central Midfielder,15948izygnu32cu1pw6h5wp9l,ehd2iemqmschhj2ec0vayztzz,Everton FC,Everton,Everton,EVE,1.0,6.26,1.0,5.67,0.0,0.0,0.0,0.0,6.26,5.67,1.0,0.0,0.0,0.0,0.0,2.0,1.0,50.0,0.0,0.0,0.0,,,,,,,,,,232928.0,11.0,1.0,1.0,1.0,11.11,0.0,0.026,0.026,0.0,0.0,James,Garner,2001-03-13,25.47,11.0,37.0,Midfielder,Central Midfielder,15948izygnu32cu1pw6h5wp9l,ehd2iemqmschhj2ec0vayztzz,Everton FC,Everton,Everton,EVE,232928.0,11.0,1.0,9.0,9.0,100.0,7.0,7.0,100.0,0.0,0.0,0.0,0.0,0.0,0.0,James,Garner,2001-03-13,25.47,11.0,37.0,Midfielder,Central Midfielder,15948izygnu32cu1pw6h5wp9l,ehd2iemqmschhj2ec0vayztzz,Everton FC,Everton,Everton,EVE,232928,15948izygnu32cu1pw6h5wp9l
James Hill,463981.0,1.0,90.0,0.0,0.0,0.0,0.0,0.0,0.0,0.0,James,Hill,2002-01-10,24.64,91.0,23.0,Defender,Central Defender,9ea8t509bssf2bhp1n5xxvrl6,1pse9ta7a45pi2w2grjim70ge,AFC Bournemouth,Bournemouth,Bournemouth,BOU,7.0,58.566,2.0,-20.16,0.0,0.0,0.0,0.0,8.367,-10.08,1.0,0.0,1.0,0.0,5.0,3.0,1.0,33.333,3.0,2.0,66.667,,,,,,,,,,463981.0,90.0,1.0,0.0,0.0,0.0,0.0,0.003,0.003,0.0,0.0,James,Hill,2002-01-10,24.64,91.0,23.0,Defender,Central Defender,9ea8t509bssf2bhp1n5xxvrl6,1pse9ta7a45pi2w2grjim70ge,AFC Bournemouth,Bournemouth,Bournemouth,BOU,463981.0,90.0,1.0,47.0,40.0,85.11,2.0,2.0,100.0,0.0,0.0,0.0,0.0,0.0,0.0,James,Hill,2002-01-10,24.64,91.0,23.0,Defender,Central Defender,9ea8t509bssf2bhp1n5xxvrl6,1pse9ta7a45pi2w2grjim70ge,AFC Bournemouth,Bournemouth,Bournemouth,BOU,463981,9ea8t509bssf2bhp1n5xxvrl6
James Justin,220627.0,1.0,90.0,0.0,0.0,0.0,0.0,0.0,0.0,0.0,James,Justin,1998-02-23,28.53,2.0,24.0,Defender,0,6icypdqtfk2k81ax0i49j5xpl,48gk2hpqtsl6p9sx9kjhaydq4,Leeds United FC,Leeds United,Leeds,LEE,3.0,27.05,1.0,8.19,0.0,0.0,0.0,0.0,9.017,8.19,6.0,1.0,4.0,1.0,4.0,10.0,8.0,80.0,7.0,4.0,57.143,,,,,,,,,,220627.0,90.0,1.0,0.0,0.0,0.0,0.0,0.01,0.01,0.0,0.0,James,Justin,1998-02-23,28.53,2.0,24.0,Defender,0,6icypdqtfk2k81ax0i49j5xpl,48gk2hpqtsl6p9sx9kjhaydq4,Leeds United FC,Leeds United,Leeds,LEE,220627.0,90.0,1.0,20.0,13.0,65.0,9.0,5.0,55.56,1.0,0.0,0.0,0.0,0.0,0.0,James,Justin,1998-02-23,28.53,2.0,24.0,Defender,0,6icypdqtfk2k81ax0i49j5xpl,48gk2hpqtsl6p9sx9kjhaydq4,Leeds United FC,Leeds United,Leeds,LEE,220627,6icypdqtfk2k81ax0i49j5xpl
James Maddison,172780.0,1.0,22.0,0.0,0.0,0.0,0.0,0.0,0.0,0.0,James,Maddison,1996-11-23,29.78,6.0,10.0,Midfielder,Attacking Midfielder,a1yoz8f4985o166nzcyigpj2t,22doj4sgsocqpxw45h607udje,Tottenham Hotspur FC,Tottenham Hotspur,Spurs,TOT,7.0,47.951,0.0,14.595,0.0,0.0,0.0,0.0,6.85,0.0,0.0,0.0,1.0,0.0,1.0,7.0,2.0,28.571,1.0,0.0,0.0,,,,,,,,,,172780.0,22.0,1.0,0.0,0.0,0.0,0.0,0.014,0.014,0.0,0.0,James,Maddison,1996-11-23,29.78,6.0,10.0,Midfielder,Attacking Midfielder,a1yoz8f4985o166nzcyigpj2t,22doj4sgsocqpxw45h607udje,Tottenham Hotspur FC,Tottenham Hotspur,Spurs,TOT,172780.0,22.0,1.0,16.0,15.0,93.75,9.0,8.0,88.89,1.0,1.0,100.0,0.0,0.0,0.0,James,Maddison,1996-11-23,29.78,6.0,10.0,Midfielder,Attacking Midfielder,a1yoz8f4985o166nzcyigpj2t,22doj4sgsocqpxw45h607udje,Tottenham Hotspur FC,Tottenham Hotspur,Spurs,TOT,172780,a1yoz8f4985o166nzcyigpj2t
James McAtee,432714.0,1.0,74.0,0.0,0.0,0.0,0.0,0.0,0.0,0.0,James,McAtee,2002-10-18,23.87,17.0,24.0,Midfielder,Attacking Midfielder,6zjzpbshmem98ecmuc852di0a,1qtaiy11gswx327s0vkibf70n,Nottingham Forest FC,Nottingham Forest,Forest,NFO,9.0,77.719,5.0,32.445,0.0,0.0,0.0,0.0,8.635,6.489,1.0,0.0,5.0,0.0,2.0,4.0,3.0,75.0,3.0,3.0,100.0,,,,,,,,,,432714.0,74.0,1.0,3.0,2.0,5.56,33.33,0.156,0.104,0.0,0.0,James,McAtee,2002-10-18,23.87,17.0,24.0,Midfielder,Attacking Midfielder,6zjzpbshmem98ecmuc852di0a,1qtaiy11gswx327s0vkibf70n,Nottingham Forest FC,Nottingham Forest,Forest,NFO,432714.0,74.0,1.0,37.0,32.0,86.49,13.0,11.0,84.62,2.0,1.0,50.0,0.0,0.0,0.0,James,McAtee,2002-10-18,23.87,17.0,24.0,Midfielder,Attacking Midfielder,6zjzpbshmem98ecmuc852di0a,1qtaiy11gswx327s0vkibf70n,Nottingham Forest FC,Nottingham Forest,Forest,NFO,432714,6zjzpbshmem98ecmuc852di0a
James McConnell,491501.0,0.0,0.0,0.0,0.0,0.0,0.0,0.0,0.0,0.0,James,McConnell,2004-09-13,21.97,14.0,53.0,Midfielder,0,491501,c8h9bw1l82s06h77xxrelzhur,Liverpool FC,Liverpool,Liverpool,LIV,0.0,0.0,0.0,0.0,0.0,0.0,0.0,0.0,0.0,0.0,0.0,0.0,0.0,0.0,0.0,0.0,0.0,0.0,0.0,0.0,0.0,,,,,,,,,,491501.0,0.0,0.0,0.0,0.0,0.0,0.0,0.0,0.0,0.0,0.0,James,McConnell,2004-09-13,21.97,14.0,53.0,Midfielder,0,491501,c8h9bw1l82s06h77xxrelzhur,Liverpool FC,Liverpool,Liverpool,LIV,491501.0,0.0,0.0,0.0,0.0,0.0,0.0,0.0,0.0,0.0,0.0,0.0,0.0,0.0,0.0,James,McConnell,2004-09-13,21.97,14.0,53.0,Midfielder,0,491501,c8h9bw1l82s06h77xxrelzhur,Liverpool FC,Liverpool,Liverpool,LIV,491501,491501
James Tarkowski,17761.0,1.0,90.0,0.0,0.05,-0.05,1.0,0.0,0.0,0.05,James,Tarkowski,1992-11-19,33.79,11.0,6.0,Defender,Central Defender,35jaxclh329duzefna708jk5x,ehd2iemqmschhj2ec0vayztzz,Everton FC,Everton,Everton,EVE,4.0,34.237,3.0,21.21,0.0,0.0,0.0,0.0,8.559,7.07,1.0,3.0,4.0,1.0,4.0,4.0,3.0,75.0,4.0,3.0,75.0,,,,,,,,,,17761.0,90.0,1.0,0.0,0.0,0.0,0.0,0.003,0.003,0.0,0.0,James,Tarkowski,1992-11-19,33.79,11.0,6.0,Defender,Central Defender,35jaxclh329duzefna708jk5x,ehd2iemqmschhj2ec0vayztzz,Everton FC,Everton,Everton,EVE,17761.0,90.0,1.0,32.0,25.0,78.13,7.0,5.0,71.43,0.0,0.0,0.0,0.0,0.0,0.0,James,Tarkowski,1992-11-19,33.79,11.0,6.0,Defender,Central Defender,35jaxclh329duzefna708jk5x,ehd2iemqmschhj2ec0vayztzz,Everton FC,Everton,Everton,EVE,17761,35jaxclh329duzefna708jk5x
James Trafford,,,,,,,,,,,,,,,,,,,,,,,,,,,,,,,,,,,,,,,,,,,,,,90.0,100.0,0.0,0.0,3.0,100.0,0.33,0.0,0.33,,,,,,,,,,,,,,,,,,,,,,,,,,,,,,,,,,,,,,,,,,,,,,,,,,,,,,,432720,1c4nu9s3t3p83pufjf3n3xqay
Jamie Gittens,463936.0,0.0,0.0,0.0,0.0,0.0,0.0,0.0,0.0,0.0,Jamie,Gittens,2004-08-08,22.07,8.0,11.0,Forward,Winger,463936,9q0arba2kbnywth8bkxlhgmdr,Chelsea FC,Chelsea,Chelsea,CHE,0.0,0.0,0.0,0.0,0.0,0.0,0.0,0.0,0.0,0.0,0.0,0.0,0.0,0.0,0.0,0.0,0.0,0.0,0.0,0.0,0.0,,,,,,,,,,463936.0,0.0,0.0,0.0,0.0,0.0,0.0,0.0,0.0,0.0,0.0,Jamie,Gittens,2004-08-08,22.07,8.0,11.0,Forward,Winger,463936,9q0arba2kbnywth8bkxlhgmdr,Chelsea FC,Chelsea,Chelsea,CHE,463936.0,0.0,0.0,0.0,0.0,0.0,0.0,0.0,0.0,0.0,0.0,0.0,0.0,0.0,0.0,Jamie,Gittens,2004-08-08,22.07,8.0,11.0,Forward,Winger,463936,9q0arba2kbnywth8bkxlhgmdr,Chelsea FC,Chelsea,Chelsea,CHE,463936,463936
Jan Paul van Hecke,469142.0,1.0,90.0,0.0,0.0,0.0,0.0,0.0,0.0,0.0,Jan Paul,van Hecke,2000-06-08,26.24,6.0,6.0,Defender,Central Defender,2gj7h5fxuh4y0tbp6j308yk4q,22doj4sgsocqpxw45h607udje,Tottenham Hotspur FC,Tottenham Hotspur,Spurs,TOT,22.0,217.435,13.0,141.435,0.0,0.0,0.0,0.0,9.883,10.88,2.0,0.0,3.0,2.0,5.0,4.0,3.0,75.0,8.0,4.0,50.0,,,,,,,,,,469142.0,90.0,1.0,0.0,0.0,0.0,0.0,0.035,0.035,0.0,0.0,Jan Paul,van Hecke,2000-06-08,26.24,6.0,6.0,Defender,Central Defender,2gj7h5fxuh4y0tbp6j308yk4q,22doj4sgsocqpxw45h607udje,Tottenham Hotspur FC,Tottenham Hotspur,Spurs,TOT,469142.0,90.0,1.0,61.0,59.0,96.72,16.0,14.0,87.5,0.0,0.0,0.0,0.0,0.0,0.0,Jan Paul,van Hecke,2000-06-08,26.24,6.0,6.0,Defender,Central Defender,2gj7h5fxuh4y0tbp6j308yk4q,22doj4sgsocqpxw45h607udje,Tottenham Hotspur FC,Tottenham Hotspur,Spurs,TOT,469142,2gj7h5fxuh4y0tbp6j308yk4q
Jannik Schuster,513086.0,0.0,0.0,0.0,0.0,0.0,0.0,0.0,0.0,0.0,Jannik,Schuster,2006-05-16,20.3,94.0,44.0,Defender,Central Defender,513086,7yx5dqhhphyvfisohikodajhv,Brentford FC,Brentford,Brentford,BRE,0.0,0.0,0.0,0.0,0.0,0.0,0.0,0.0,0.0,0.0,0.0,0.0,0.0,0.0,0.0,0.0,0.0,0.0,0.0,0.0,0.0,,,,,,,,,,513086.0,0.0,0.0,0.0,0.0,0.0,0.0,0.0,0.0,0.0,0.0,Jannik,Schuster,2006-05-16,20.3,94.0,44.0,Defender,Central Defender,513086,7yx5dqhhphyvfisohikodajhv,Brentford FC,Brentford,Brentford,BRE,513086.0,0.0,0.0,0.0,0.0,0.0,0.0,0.0,0.0,0.0,0.0,0.0,0.0,0.0,0.0,Jannik,Schuster,2006-05-16,20.3,94.0,44.0,Defender,Central Defender,513086,7yx5dqhhphyvfisohikodajhv,Brentford FC,Brentford,Brentford,BRE,513086,513086
Jarrad Branthwaite,480455.0,1.0,90.0,0.0,0.0,0.0,0.0,0.0,0.0,0.0,Jarrad,Branthwaite,2002-06-27,24.18,11.0,4.0,Defender,Central Defender,1ph4g125dfsijfjzjpcvpcmlm,ehd2iemqmschhj2ec0vayztzz,Everton FC,Everton,Everton,EVE,6.0,44.18,1.0,11.865,0.0,0.0,0.0,0.0,7.363,11.865,2.0,1.0,2.0,1.0,4.0,2.0,2.0,100.0,4.0,4.0,100.0,,,,,,,,,,480455.0,90.0,1.0,0.0,0.0,0.0,0.0,0.013,0.012,0.0,0.0,Jarrad,Branthwaite,2002-06-27,24.18,11.0,4.0,Defender,Central Defender,1ph4g125dfsijfjzjpcvpcmlm,ehd2iemqmschhj2ec0vayztzz,Everton FC,Everton,Everton,EVE,480455.0,90.0,1.0,38.0,35.0,92.11,6.0,4.0,66.67,0.0,0.0,0.0,0.0,0.0,0.0,Jarrad,Branthwaite,2002-06-27,24.18,11.0,4.0,Defender,Central Defender,1ph4g125dfsijfjzjpcvpcmlm,ehd2iemqmschhj2ec0vayztzz,Everton FC,Everton,Everton,EVE,480455,1ph4g125dfsijfjzjpcvpcmlm
Jay Dasilva,173878.0,1.0,90.0,0.0,0.0,0.0,0.0,0.0,0.0,0.0,Jay,Dasilva,1998-04-22,28.37,9.0,3.0,Defender,Full Back,cggeh9sr6mukhr2jl91rpuac5,dacoc20k0n3fxu4zek8wufmko,Coventry City FC,Coventry City,Coventry,COV,7.0,77.029,4.0,52.71,0.0,0.0,0.0,0.0,11.004,13.178,0.0,0.0,1.0,1.0,5.0,4.0,1.0,25.0,1.0,1.0,100.0,,,,,,,,,,173878.0,90.0,1.0,0.0,0.0,0.0,0.0,0.023,0.023,0.0,0.0,Jay,Dasilva,1998-04-22,28.37,9.0,3.0,Defender,Full Back,cggeh9sr6mukhr2jl91rpuac5,dacoc20k0n3fxu4zek8wufmko,Coventry City FC,Coventry City,Coventry,COV,173878.0,90.0,1.0,28.0,22.0,78.57,8.0,5.0,62.5,2.0,0.0,0.0,0.0,0.0,0.0,Jay,Dasilva,1998-04-22,28.37,9.0,3.0,Defender,Full Back,cggeh9sr6mukhr2jl91rpuac5,dacoc20k0n3fxu4zek8wufmko,Coventry City FC,Coventry City,Coventry,COV,173878,cggeh9sr6mukhr2jl91rpuac5
Jaydee Canvot,651426.0,1.0,90.0,0.0,0.05,-0.05,1.0,0.0,0.0,0.05,Jaydee,Canvot,2006-07-29,20.09,31.0,6.0,Defender,Central Defender,9t1ikyd85kvlhv9r0u938836c,1c8m2ko0wxq1asfkuykurdr0y,Crystal Palace FC,Crystal Palace,Palace,CRY,31.0,353.3,21.0,229.74,0.0,0.0,0.0,0.0,11.397,10.94,4.0,0.0,3.0,2.0,2.0,6.0,4.0,66.667,3.0,2.0,66.667,,,,,,,,,,651426.0,90.0,1.0,0.0,0.0,0.0,0.0,0.014,0.014,0.0,0.0,Jaydee,Canvot,2006-07-29,20.09,31.0,6.0,Defender,Central Defender,9t1ikyd85kvlhv9r0u938836c,1c8m2ko0wxq1asfkuykurdr0y,Crystal Palace FC,Crystal Palace,Palace,CRY,651426.0,90.0,1.0,86.0,77.0,89.53,13.0,9.0,69.23,0.0,0.0,0.0,1.0,0.0,0.0,Jaydee,Canvot,2006-07-29,20.09,31.0,6.0,Defender,Central Defender,9t1ikyd85kvlhv9r0u938836c,1c8m2ko0wxq1asfkuykurdr0y,Crystal Palace FC,Crystal Palace,Palace,CRY,651426,9t1ikyd85kvlhv9r0u938836c
Jayden Bogle,226182.0,1.0,90.0,0.0,0.0,0.0,0.0,0.0,0.0,0.0,Jayden,Bogle,2000-07-27,26.1,2.0,2.0,Defender,Full Back,dwumn5qew7ae53givnx2p892h,48gk2hpqtsl6p9sx9kjhaydq4,Leeds United FC,Leeds United,Leeds,LEE,8.0,93.386,4.0,21.315,0.0,0.0,0.0,0.0,11.673,5.329,1.0,1.0,3.0,0.0,1.0,8.0,5.0,62.5,2.0,0.0,0.0,,,,,,,,,,226182.0,90.0,1.0,0.0,0.0,0.0,0.0,0.003,0.003,0.0,0.0,Jayden,Bogle,2000-07-27,26.1,2.0,2.0,Defender,Full Back,dwumn5qew7ae53givnx2p892h,48gk2hpqtsl6p9sx9kjhaydq4,Leeds United FC,Leeds United,Leeds,LEE,226182.0,90.0,1.0,23.0,16.0,69.57,7.0,4.0,57.14,0.0,0.0,0.0,0.0,0.0,0.0,Jayden,Bogle,2000-07-27,26.1,2.0,2.0,Defender,Full Back,dwumn5qew7ae53givnx2p892h,48gk2hpqtsl6p9sx9kjhaydq4,Leeds United FC,Leeds United,Leeds,LEE,226182,dwumn5qew7ae53givnx2p892h
Jayden Lienou,643970.0,0.0,0.0,0.0,0.0,0.0,0.0,0.0,0.0,0.0,Jayden,Lienou,2008-04-08,18.4,2.0,65.0,Defender,Full Back,643970,48gk2hpqtsl6p9sx9kjhaydq4,Leeds United FC,Leeds United,Leeds,LEE,0.0,0.0,0.0,0.0,0.0,0.0,0.0,0.0,0.0,0.0,0.0,0.0,0.0,0.0,0.0,0.0,0.0,0.0,0.0,0.0,0.0,,,,,,,,,,643970.0,0.0,0.0,0.0,0.0,0.0,0.0,0.0,0.0,0.0,0.0,Jayden,Lienou,2008-04-08,18.4,2.0,65.0,Defender,Full Back,643970,48gk2hpqtsl6p9sx9kjhaydq4,Leeds United FC,Leeds United,Leeds,LEE,643970.0,0.0,0.0,0.0,0.0,0.0,0.0,0.0,0.0,0.0,0.0,0.0,0.0,0.0,0.0,Jayden,Lienou,2008-04-08,18.4,2.0,65.0,Defender,Full Back,643970,48gk2hpqtsl6p9sx9kjhaydq4,Leeds United FC,Leeds United,Leeds,LEE,643970,643970
Jean-Philippe Mateta,231747.0,1.0,63.0,0.0,0.7,-0.7,2.0,0.0,0.0,0.35,Jean-Philippe,Mateta,1997-06-28,29.18,31.0,14.0,Forward,Striker,djgqihf08sxqh0zt2xe2xzv1l,1c8m2ko0wxq1asfkuykurdr0y,Crystal Palace FC,Crystal Palace,Palace,CRY,5.0,43.383,2.0,19.635,0.0,0.0,1.0,0.0,8.677,9.818,2.0,0.0,2.0,0.0,1.0,5.0,2.0,40.0,3.0,1.0,33.333,,,,,,,,,,231747.0,63.0,1.0,1.0,1.0,8.33,0.0,0.015,0.015,0.0,0.0,Jean-Philippe,Mateta,1997-06-28,29.18,31.0,14.0,Forward,Striker,djgqihf08sxqh0zt2xe2xzv1l,1c8m2ko0wxq1asfkuykurdr0y,Crystal Palace FC,Crystal Palace,Palace,CRY,231747.0,63.0,1.0,12.0,9.0,75.0,8.0,5.0,62.5,0.0,0.0,0.0,0.0,0.0,0.0,Jean-Philippe,Mateta,1997-06-28,29.18,31.0,14.0,Forward,Striker,djgqihf08sxqh0zt2xe2xzv1l,1c8m2ko0wxq1asfkuykurdr0y,Crystal Palace FC,Crystal Palace,Palace,CRY,231747,djgqihf08sxqh0zt2xe2xzv1l
Jens Hjertø-Dahl,552946.0,0.0,0.0,0.0,0.0,0.0,0.0,0.0,0.0,0.0,Jens,Hjertø-Dahl,2005-10-31,20.84,88.0,14.0,Midfielder,0,552946,f0figafm2v9h8ofo6slajj7xf,Hull City AFC,Hull City,Hull,HUL,0.0,0.0,0.0,0.0,0.0,0.0,0.0,0.0,0.0,0.0,0.0,0.0,0.0,0.0,0.0,0.0,0.0,0.0,0.0,0.0,0.0,,,,,,,,,,552946.0,0.0,0.0,0.0,0.0,0.0,0.0,0.0,0.0,0.0,0.0,Jens,Hjertø-Dahl,2005-10-31,20.84,88.0,14.0,Midfielder,0,552946,f0figafm2v9h8ofo6slajj7xf,Hull City AFC,Hull City,Hull,HUL,552946.0,0.0,0.0,0.0,0.0,0.0,0.0,0.0,0.0,0.0,0.0,0.0,0.0,0.0,0.0,Jens,Hjertø-Dahl,2005-10-31,20.84,88.0,14.0,Midfielder,0,552946,f0figafm2v9h8ofo6slajj7xf,Hull City AFC,Hull City,Hull,HUL,552946,552946
Jeremie Frimpong,216094.0,1.0,90.0,0.0,0.01,-0.01,1.0,0.0,0.0,0.01,Jeremie,Frimpong,2000-12-10,25.73,14.0,30.0,Defender,Full Back,9qo448ueot8pfc5oqo378wag9,c8h9bw1l82s06h77xxrelzhur,Liverpool FC,Liverpool,Liverpool,LIV,7.0,99.586,4.0,62.475,0.0,0.0,1.0,0.0,14.227,15.619,1.0,0.0,3.0,0.0,1.0,7.0,2.0,28.571,0.0,0.0,0.0,,,,,,,,,,216094.0,90.0,1.0,3.0,3.0,6.98,0.0,0.091,0.091,0.0,0.0,Jeremie,Frimpong,2000-12-10,25.73,14.0,30.0,Defender,Full Back,9qo448ueot8pfc5oqo378wag9,c8h9bw1l82s06h77xxrelzhur,Liverpool FC,Liverpool,Liverpool,LIV,216094.0,90.0,1.0,43.0,36.0,83.72,19.0,17.0,89.47,5.0,1.0,20.0,0.0,0.0,0.0,Jeremie,Frimpong,2000-12-10,25.73,14.0,30.0,Defender,Full Back,9qo448ueot8pfc5oqo378wag9,c8h9bw1l82s06h77xxrelzhur,Liverpool FC,Liverpool,Liverpool,LIV,216094,9qo448ueot8pfc5oqo378wag9
Jocelin Ta Bi,699989.0,0.0,0.0,0.0,0.0,0.0,0.0,0.0,0.0,0.0,Jocelin Ta,Bi,2005-02-09,21.56,56.0,37.0,Forward,Winger,699989,1r3545b2dzan8yqa80gtmcjch,Sunderland AFC,Sunderland,Sunderland,SUN,0.0,0.0,0.0,0.0,0.0,0.0,0.0,0.0,0.0,0.0,0.0,0.0,0.0,0.0,0.0,0.0,0.0,0.0,0.0,0.0,0.0,,,,,,,,,,699989.0,0.0,0.0,0.0,0.0,0.0,0.0,0.0,0.0,0.0,0.0,Jocelin Ta,Bi,2005-02-09,21.56,56.0,37.0,Forward,Winger,699989,1r3545b2dzan8yqa80gtmcjch,Sunderland AFC,Sunderland,Sunderland,SUN,699989.0,0.0,0.0,0.0,0.0,0.0,0.0,0.0,0.0,0.0,0.0,0.0,0.0,0.0,0.0,Jocelin Ta,Bi,2005-02-09,21.56,56.0,37.0,Forward,Winger,699989,1r3545b2dzan8yqa80gtmcjch,Sunderland AFC,Sunderland,Sunderland,SUN,699989,699989
Joe Rodon,214225.0,1.0,90.0,0.0,0.03,-0.03,1.0,0.0,0.0,0.03,Joe,Rodon,1997-10-22,28.87,2.0,6.0,Defender,Central Defender,otan631zzfnq2sektkl3ywo9,48gk2hpqtsl6p9sx9kjhaydq4,Leeds United FC,Leeds United,Leeds,LEE,3.0,32.413,2.0,25.2,0.0,0.0,0.0,0.0,10.804,12.6,1.0,1.0,1.0,0.0,5.0,5.0,2.0,40.0,4.0,4.0,100.0,,,,,,,,,,214225.0,90.0,1.0,1.0,1.0,4.17,0.0,0.062,0.061,0.0,0.0,Joe,Rodon,1997-10-22,28.87,2.0,6.0,Defender,Central Defender,otan631zzfnq2sektkl3ywo9,48gk2hpqtsl6p9sx9kjhaydq4,Leeds United FC,Leeds United,Leeds,LEE,214225.0,90.0,1.0,25.0,18.0,72.0,4.0,1.0,25.0,1.0,1.0,100.0,0.0,0.0,0.0,Joe,Rodon,1997-10-22,28.87,2.0,6.0,Defender,Central Defender,otan631zzfnq2sektkl3ywo9,48gk2hpqtsl6p9sx9kjhaydq4,Leeds United FC,Leeds United,Leeds,LEE,214225,otan631zzfnq2sektkl3ywo9
Joe Willock,200089.0,1.0,34.0,1.0,0.09,0.91,1.0,1.0,100.0,0.09,Joe,Willock,1999-08-20,27.04,4.0,28.0,Midfielder,Attacking Midfielder,5tbabvk43ljv3z3wd9mh0y8r9,7vn2i2kd35zuetw6b38gw9jsz,Newcastle United FC,Newcastle United,Newcastle,NEW,4.0,63.69,4.0,55.755,1.0,1.0,0.0,0.0,15.922,13.939,2.0,0.0,1.0,0.0,0.0,6.0,3.0,50.0,2.0,0.0,0.0,,,,,,,,,,200089.0,34.0,1.0,1.0,1.0,20.0,0.0,0.172,0.172,0.0,0.0,Joe,Willock,1999-08-20,27.04,4.0,28.0,Midfielder,Attacking Midfielder,5tbabvk43ljv3z3wd9mh0y8r9,7vn2i2kd35zuetw6b38gw9jsz,Newcastle United FC,Newcastle United,Newcastle,NEW,200089.0,34.0,1.0,7.0,7.0,100.0,4.0,4.0,100.0,2.0,0.0,0.0,1.0,1.0,100.0,Joe,Willock,1999-08-20,27.04,4.0,28.0,Midfielder,Attacking Midfielder,5tbabvk43ljv3z3wd9mh0y8r9,7vn2i2kd35zuetw6b38gw9jsz,Newcastle United FC,Newcastle United,Newcastle,NEW,200089,5tbabvk43ljv3z3wd9mh0y8r9
Joel Latibeaudiere,204813.0,0.0,0.0,0.0,0.0,0.0,0.0,0.0,0.0,0.0,Joel,Latibeaudiere,2000-01-06,26.66,9.0,22.0,Defender,Central Defender,204813,dacoc20k0n3fxu4zek8wufmko,Coventry City FC,Coventry City,Coventry,COV,0.0,0.0,0.0,0.0,0.0,0.0,0.0,0.0,0.0,0.0,0.0,0.0,0.0,0.0,0.0,0.0,0.0,0.0,0.0,0.0,0.0,,,,,,,,,,204813.0,0.0,0.0,0.0,0.0,0.0,0.0,0.0,0.0,0.0,0.0,Joel,Latibeaudiere,2000-01-06,26.66,9.0,22.0,Defender,Central Defender,204813,dacoc20k0n3fxu4zek8wufmko,Coventry City FC,Coventry City,Coventry,COV,204813.0,0.0,0.0,0.0,0.0,0.0,0.0,0.0,0.0,0.0,0.0,0.0,0.0,0.0,0.0,Joel,Latibeaudiere,2000-01-06,26.66,9.0,22.0,Defender,Central Defender,204813,dacoc20k0n3fxu4zek8wufmko,Coventry City FC,Coventry City,Coventry,COV,204813,204813
John Egan,108416.0,1.0,90.0,0.0,0.0,0.0,0.0,0.0,0.0,0.0,John,Egan,1992-10-20,33.87,88.0,15.0,Defender,0,b2ak3yqqaexteldtl135erpx,f0figafm2v9h8ofo6slajj7xf,Hull City AFC,Hull City,Hull,HUL,8.0,74.726,4.0,32.13,0.0,0.0,0.0,0.0,9.341,8.033,1.0,0.0,3.0,3.0,17.0,1.0,1.0,100.0,2.0,1.0,50.0,,,,,,,,,,108416.0,90.0,1.0,0.0,0.0,0.0,0.0,0.002,0.002,0.0,0.0,John,Egan,1992-10-20,33.87,88.0,15.0,Defender,0,b2ak3yqqaexteldtl135erpx,f0figafm2v9h8ofo6slajj7xf,Hull City AFC,Hull City,Hull,HUL,108416.0,90.0,1.0,32.0,25.0,78.13,4.0,1.0,25.0,0.0,0.0,0.0,0.0,0.0,0.0,John,Egan,1992-10-20,33.87,88.0,15.0,Defender,0,b2ak3yqqaexteldtl135erpx,f0figafm2v9h8ofo6slajj7xf,Hull City AFC,Hull City,Hull,HUL,108416,b2ak3yqqaexteldtl135erpx
John McGinn,122806.0,1.0,82.0,0.0,0.04,-0.04,1.0,0.0,0.0,0.04,John,McGinn,1994-10-18,31.88,7.0,7.0,Midfielder,Central Midfielder,btvuam6p4391am219taqtcted,b496gs285it6bheuikox6z9mj,Aston Villa FC,Aston Villa,Villa,AVL,15.0,177.818,5.0,65.52,1.0,0.0,0.0,0.0,11.855,13.104,1.0,1.0,3.0,0.0,1.0,12.0,7.0,58.333,0.0,0.0,0.0,,,,,,,,,,122806.0,82.0,1.0,0.0,0.0,0.0,0.0,0.005,0.005,0.0,0.0,John,McGinn,1994-10-18,31.88,7.0,7.0,Midfielder,Central Midfielder,btvuam6p4391am219taqtcted,b496gs285it6bheuikox6z9mj,Aston Villa FC,Aston Villa,Villa,AVL,122806.0,82.0,1.0,21.0,11.0,52.38,10.0,3.0,30.0,2.0,0.0,0.0,0.0,0.0,0.0,John,McGinn,1994-10-18,31.88,7.0,7.0,Midfielder,Central Midfielder,btvuam6p4391am219taqtcted,b496gs285it6bheuikox6z9mj,Aston Villa FC,Aston Villa,Villa,AVL,122806,btvuam6p4391am219taqtcted
Jordan Pickford,,,,,,,,,,,,,,,,,,,,,,,,,,,,,,,,,,,,,,,,,,,,,,90.0,100.0,0.0,0.0,4.0,100.0,0.94,0.0,0.94,,,,,,,,,,,,,,,,,,,,,,,,,,,,,,,,,,,,,,,,,,,,,,,,,,,,,,,111234,e8dina16u5kt5ho4u5igtmimt
Jorge Cuenca,246301.0,1.0,90.0,0.0,0.0,0.0,0.0,0.0,0.0,0.0,Jorge,Cuenca,1999-11-17,26.79,54.0,4.0,Defender,Central Defender,aza9jho12wrfa3oczxoj670mh,hzqh7z0mdl3v7gwete66syxp,Fulham FC,Fulham,Fulham,FUL,20.0,177.438,10.0,84.945,0.0,0.0,0.0,0.0,8.872,8.494,1.0,1.0,3.0,3.0,5.0,1.0,1.0,100.0,3.0,2.0,66.667,,,,,,,,,,246301.0,90.0,1.0,2.0,2.0,2.35,0.0,0.028,0.028,0.0,0.0,Jorge,Cuenca,1999-11-17,26.79,54.0,4.0,Defender,Central Defender,aza9jho12wrfa3oczxoj670mh,hzqh7z0mdl3v7gwete66syxp,Fulham FC,Fulham,Fulham,FUL,246301.0,90.0,1.0,87.0,77.0,88.51,9.0,6.0,66.67,0.0,0.0,0.0,0.0,0.0,0.0,Jorge,Cuenca,1999-11-17,26.79,54.0,4.0,Defender,Central Defender,aza9jho12wrfa3oczxoj670mh,hzqh7z0mdl3v7gwete66syxp,Fulham FC,Fulham,Fulham,FUL,246301,aza9jho12wrfa3oczxoj670mh
Jorrel Hato,551210.0,1.0,65.0,0.0,0.01,-0.01,1.0,0.0,0.0,0.01,Jorrel,Hato,2006-03-07,20.49,8.0,21.0,Defender,Full Back,bgydmtsi0ngn9k56apo29v0no,9q0arba2kbnywth8bkxlhgmdr,Chelsea FC,Chelsea,Chelsea,CHE,11.0,123.387,6.0,55.86,0.0,0.0,0.0,0.0,11.217,9.31,2.0,0.0,2.0,0.0,1.0,6.0,5.0,83.333,0.0,0.0,0.0,,,,,,,,,,551210.0,65.0,1.0,1.0,1.0,4.55,0.0,0.034,0.034,0.0,0.0,Jorrel,Hato,2006-03-07,20.49,8.0,21.0,Defender,Full Back,bgydmtsi0ngn9k56apo29v0no,9q0arba2kbnywth8bkxlhgmdr,Chelsea FC,Chelsea,Chelsea,CHE,551210.0,65.0,1.0,22.0,18.0,81.82,4.0,3.0,75.0,0.0,0.0,0.0,0.0,0.0,0.0,Jorrel,Hato,2006-03-07,20.49,8.0,21.0,Defender,Full Back,bgydmtsi0ngn9k56apo29v0no,9q0arba2kbnywth8bkxlhgmdr,Chelsea FC,Chelsea,Chelsea,CHE,551210,bgydmtsi0ngn9k56apo29v0no
Josh Acheampong,577016.0,1.0,90.0,0.0,0.0,0.0,0.0,0.0,0.0,0.0,Josh,Acheampong,2006-05-05,20.33,8.0,34.0,Defender,Full Back,ek4oa7zejocbbgu1l2vdebitw,9q0arba2kbnywth8bkxlhgmdr,Chelsea FC,Chelsea,Chelsea,CHE,10.0,101.314,5.0,59.22,0.0,0.0,0.0,0.0,10.131,11.844,5.0,1.0,6.0,2.0,7.0,10.0,6.0,60.0,2.0,1.0,50.0,,,,,,,,,,577016.0,90.0,1.0,0.0,0.0,0.0,0.0,0.013,0.013,0.0,0.0,Josh,Acheampong,2006-05-05,20.33,8.0,34.0,Defender,Full Back,ek4oa7zejocbbgu1l2vdebitw,9q0arba2kbnywth8bkxlhgmdr,Chelsea FC,Chelsea,Chelsea,CHE,577016.0,90.0,1.0,48.0,38.0,79.17,15.0,9.0,60.0,1.0,0.0,0.0,0.0,0.0,0.0,Josh,Acheampong,2006-05-05,20.33,8.0,34.0,Defender,Full Back,ek4oa7zejocbbgu1l2vdebitw,9q0arba2kbnywth8bkxlhgmdr,Chelsea FC,Chelsea,Chelsea,CHE,577016,ek4oa7zejocbbgu1l2vdebitw
Josh Eccles,439668.0,0.0,0.0,0.0,0.0,0.0,0.0,0.0,0.0,0.0,Josh,Eccles,2000-04-06,26.41,9.0,28.0,Midfielder,Central Midfielder,439668,dacoc20k0n3fxu4zek8wufmko,Coventry City FC,Coventry City,Coventry,COV,0.0,0.0,0.0,0.0,0.0,0.0,0.0,0.0,0.0,0.0,0.0,0.0,0.0,0.0,0.0,0.0,0.0,0.0,0.0,0.0,0.0,,,,,,,,,,439668.0,0.0,0.0,0.0,0.0,0.0,0.0,0.0,0.0,0.0,0.0,Josh,Eccles,2000-04-06,26.41,9.0,28.0,Midfielder,Central Midfielder,439668,dacoc20k0n3fxu4zek8wufmko,Coventry City FC,Coventry City,Coventry,COV,439668.0,0.0,0.0,0.0,0.0,0.0,0.0,0.0,0.0,0.0,0.0,0.0,0.0,0.0,0.0,Josh,Eccles,2000-04-06,26.41,9.0,28.0,Midfielder,Central Midfielder,439668,dacoc20k0n3fxu4zek8wufmko,Coventry City FC,Coventry City,Coventry,COV,439668,439668
Josh King,577725.0,1.0,90.0,1.0,0.17,0.83,3.0,2.0,33.33,0.06,Josh,King,2007-01-03,19.66,54.0,24.0,Midfielder,Central Midfielder,4oh051knl4dkgju4yvj7xlwr8,hzqh7z0mdl3v7gwete66syxp,Fulham FC,Fulham,Fulham,FUL,20.0,217.072,9.0,89.67,3.0,1.0,1.0,0.0,10.854,9.963,2.0,0.0,4.0,0.0,2.0,10.0,3.0,30.0,0.0,0.0,0.0,,,,,,,,,,577725.0,90.0,1.0,1.0,1.0,3.13,0.0,0.036,0.036,0.0,0.0,Josh,King,2007-01-03,19.66,54.0,24.0,Midfielder,Central Midfielder,4oh051knl4dkgju4yvj7xlwr8,hzqh7z0mdl3v7gwete66syxp,Fulham FC,Fulham,Fulham,FUL,577725.0,90.0,1.0,36.0,28.0,77.78,13.0,9.0,69.23,2.0,0.0,0.0,0.0,0.0,0.0,Josh,King,2007-01-03,19.66,54.0,24.0,Midfielder,Central Midfielder,4oh051knl4dkgju4yvj7xlwr8,hzqh7z0mdl3v7gwete66syxp,Fulham FC,Fulham,Fulham,FUL,577725,4oh051knl4dkgju4yvj7xlwr8
Joshua Zirkzee,458249.0,0.0,0.0,0.0,0.0,0.0,0.0,0.0,0.0,0.0,Joshua,Zirkzee,2001-05-22,25.28,1.0,11.0,Forward,Striker,458249,6eqit8ye8aomdsrrq0hk3v7gh,Manchester United FC,Manchester United,Man Utd,MUN,0.0,0.0,0.0,0.0,0.0,0.0,0.0,0.0,0.0,0.0,0.0,0.0,0.0,0.0,0.0,0.0,0.0,0.0,0.0,0.0,0.0,,,,,,,,,,458249.0,0.0,0.0,0.0,0.0,0.0,0.0,0.0,0.0,0.0,0.0,Joshua,Zirkzee,2001-05-22,25.28,1.0,11.0,Forward,Striker,458249,6eqit8ye8aomdsrrq0hk3v7gh,Manchester United FC,Manchester United,Man Utd,MUN,458249.0,0.0,0.0,0.0,0.0,0.0,0.0,0.0,0.0,0.0,0.0,0.0,0.0,0.0,0.0,Joshua,Zirkzee,2001-05-22,25.28,1.0,11.0,Forward,Striker,458249,6eqit8ye8aomdsrrq0hk3v7gh,Manchester United FC,Manchester United,Man Utd,MUN,458249,458249
Josko Gvardiol,477424.0,1.0,90.0,1.0,0.19,0.81,1.0,1.0,100.0,0.19,Josko,Gvardiol,2002-01-23,24.61,43.0,24.0,Defender,Central Defender,9prtaifv6stlujgywgq4wd08a,a3nyxabgsqlnqfkeg41m6tnpp,Manchester City FC,Manchester City,Man City,MCI,10.0,122.757,5.0,52.29,0.0,0.0,0.0,0.0,12.276,10.458,2.0,4.0,5.0,0.0,1.0,3.0,3.0,100.0,5.0,2.0,40.0,,,,,,,,,,477424.0,90.0,1.0,0.0,0.0,0.0,0.0,0.054,0.053,0.0,0.0,Josko,Gvardiol,2002-01-23,24.61,43.0,24.0,Defender,Central Defender,9prtaifv6stlujgywgq4wd08a,a3nyxabgsqlnqfkeg41m6tnpp,Manchester City FC,Manchester City,Man City,MCI,477424.0,90.0,1.0,74.0,63.0,85.14,15.0,13.0,86.67,1.0,1.0,100.0,1.0,0.0,0.0,Josko,Gvardiol,2002-01-23,24.61,43.0,24.0,Defender,Central Defender,9prtaifv6stlujgywgq4wd08a,a3nyxabgsqlnqfkeg41m6tnpp,Manchester City FC,Manchester City,Man City,MCI,477424,9prtaifv6stlujgywgq4wd08a
João Gomes,448089.0,1.0,40.0,0.0,0.0,0.0,0.0,0.0,0.0,0.0,João Victor,Gomes da Silva,2001-02-12,25.55,7.0,35.0,Midfielder,Central Midfielder,5hu4oy1jz8k1c3ajuiueoo2ga,b496gs285it6bheuikox6z9mj,Aston Villa FC,Aston Villa,Villa,AVL,10.0,118.934,3.0,35.49,0.0,0.0,1.0,0.0,11.893,11.83,4.0,0.0,2.0,0.0,1.0,10.0,6.0,60.0,1.0,0.0,0.0,,,,,,,,,,448089.0,40.0,1.0,1.0,1.0,7.69,0.0,0.006,0.006,0.0,0.0,João Victor,Gomes da Silva,2001-02-12,25.55,7.0,35.0,Midfielder,Central Midfielder,5hu4oy1jz8k1c3ajuiueoo2ga,b496gs285it6bheuikox6z9mj,Aston Villa FC,Aston Villa,Villa,AVL,448089.0,40.0,1.0,14.0,14.0,100.0,2.0,2.0,100.0,0.0,0.0,0.0,0.0,0.0,0.0,João Victor,Gomes da Silva,2001-02-12,25.55,7.0,35.0,Midfielder,Central Midfielder,5hu4oy1jz8k1c3ajuiueoo2ga,b496gs285it6bheuikox6z9mj,Aston Villa FC,Aston Villa,Villa,AVL,448089,5hu4oy1jz8k1c3ajuiueoo2ga
João Pedro,475168.0,1.0,90.0,1.0,0.63,0.37,4.0,1.0,25.0,0.16,João Pedro,Junqueira de Jesus,2001-09-26,24.93,8.0,9.0,Forward,Striker,eaqqezw2ed1u0tt3zc128mr1m,9q0arba2kbnywth8bkxlhgmdr,Chelsea FC,Chelsea,Chelsea,CHE,13.0,142.46,9.0,93.66,2.0,1.0,2.0,1.0,10.958,10.407,0.0,0.0,2.0,0.0,1.0,6.0,2.0,33.333,4.0,2.0,50.0,,,,,,,,,,475168.0,90.0,1.0,2.0,2.0,5.0,0.0,0.055,0.055,1.0,1.0,João Pedro,Junqueira de Jesus,2001-09-26,24.93,8.0,9.0,Forward,Striker,eaqqezw2ed1u0tt3zc128mr1m,9q0arba2kbnywth8bkxlhgmdr,Chelsea FC,Chelsea,Chelsea,CHE,475168.0,90.0,1.0,20.0,15.0,75.0,11.0,6.0,54.55,0.0,0.0,0.0,0.0,0.0,0.0,João Pedro,Junqueira de Jesus,2001-09-26,24.93,8.0,9.0,Forward,Striker,eaqqezw2ed1u0tt3zc128mr1m,9q0arba2kbnywth8bkxlhgmdr,Chelsea FC,Chelsea,Chelsea,CHE,475168,eaqqezw2ed1u0tt3zc128mr1m
Juanlu Sánchez,494928.0,0.0,0.0,0.0,0.0,0.0,0.0,0.0,0.0,0.0,Juanlu,Sánchez,2003-08-15,23.05,91.0,24.0,Midfielder,Winger,494928,1pse9ta7a45pi2w2grjim70ge,AFC Bournemouth,Bournemouth,Bournemouth,BOU,0.0,0.0,0.0,0.0,0.0,0.0,0.0,0.0,0.0,0.0,0.0,0.0,0.0,0.0,0.0,0.0,0.0,0.0,0.0,0.0,0.0,,,,,,,,,,494928.0,0.0,0.0,0.0,0.0,0.0,0.0,0.0,0.0,0.0,0.0,Juanlu,Sánchez,2003-08-15,23.05,91.0,24.0,Midfielder,Winger,494928,1pse9ta7a45pi2w2grjim70ge,AFC Bournemouth,Bournemouth,Bournemouth,BOU,494928.0,0.0,0.0,0.0,0.0,0.0,0.0,0.0,0.0,0.0,0.0,0.0,0.0,0.0,0.0,Juanlu,Sánchez,2003-08-15,23.05,91.0,24.0,Midfielder,Winger,494928,1pse9ta7a45pi2w2grjim70ge,AFC Bournemouth,Bournemouth,Bournemouth,BOU,494928,494928
Julio Enciso,474120.0,1.0,71.0,0.0,0.23,-0.23,3.0,0.0,0.0,0.08,Julio,Enciso,2004-01-23,22.61,40.0,10.0,Midfielder,Attacking Midfielder,1mf7tr17fqnddm23nx1z1tsh6,8b523ujgl21tbc01me65q0aoh,Ipswich Town FC,Ipswich Town,Ipswich,IPS,12.0,175.565,7.0,118.86,0.0,0.0,1.0,1.0,14.63,16.98,1.0,1.0,5.0,0.0,1.0,11.0,7.0,63.636,0.0,0.0,0.0,,,,,,,,,,474120.0,71.0,1.0,1.0,1.0,0.0,0.0,0.311,0.311,1.0,1.0,Julio,Enciso,2004-01-23,22.61,40.0,10.0,Midfielder,Attacking Midfielder,1mf7tr17fqnddm23nx1z1tsh6,8b523ujgl21tbc01me65q0aoh,Ipswich Town FC,Ipswich Town,Ipswich,IPS,474120.0,71.0,1.0,22.0,19.0,86.36,8.0,6.0,75.0,0.0,0.0,0.0,0.0,0.0,0.0,Julio,Enciso,2004-01-23,22.61,40.0,10.0,Midfielder,Attacking Midfielder,1mf7tr17fqnddm23nx1z1tsh6,8b523ujgl21tbc01me65q0aoh,Ipswich Town FC,Ipswich Town,Ipswich,IPS,474120,1mf7tr17fqnddm23nx1z1tsh6
Justin Kluivert,222683.0,1.0,75.0,0.0,0.11,-0.11,1.0,1.0,0.0,0.11,Justin,Kluivert,1999-05-05,27.33,91.0,19.0,Forward,Winger,5qgc6zjc38a5xjl35gs7h3vu1,1pse9ta7a45pi2w2grjim70ge,AFC Bournemouth,Bournemouth,Bournemouth,BOU,9.0,98.877,6.0,62.79,1.0,0.0,1.0,0.0,10.986,10.465,3.0,1.0,5.0,0.0,0.0,6.0,5.0,83.333,0.0,0.0,0.0,,,,,,,,,,222683.0,75.0,1.0,1.0,1.0,8.33,0.0,0.003,0.003,0.0,0.0,Justin,Kluivert,1999-05-05,27.33,91.0,19.0,Forward,Winger,5qgc6zjc38a5xjl35gs7h3vu1,1pse9ta7a45pi2w2grjim70ge,AFC Bournemouth,Bournemouth,Bournemouth,BOU,222683.0,75.0,1.0,12.0,7.0,58.33,3.0,1.0,33.33,1.0,0.0,0.0,1.0,0.0,0.0,Justin,Kluivert,1999-05-05,27.33,91.0,19.0,Forward,Winger,5qgc6zjc38a5xjl35gs7h3vu1,1pse9ta7a45pi2w2grjim70ge,AFC Bournemouth,Bournemouth,Bournemouth,BOU,222683,5qgc6zjc38a5xjl35gs7h3vu1
Jérémy Jacquet,606702.0,1.0,70.0,0.0,0.0,0.0,0.0,0.0,0.0,0.0,Jérémy,Jacquet,2005-07-13,21.14,14.0,5.0,Defender,Central Defender,cg0yobsmbeqqdzpiynwt6m0ic,c8h9bw1l82s06h77xxrelzhur,Liverpool FC,Liverpool,Liverpool,LIV,13.0,196.031,11.0,172.83,0.0,0.0,1.0,0.0,15.079,15.712,1.0,1.0,3.0,0.0,1.0,3.0,3.0,100.0,1.0,1.0,100.0,,,,,,,,,,606702.0,70.0,1.0,1.0,1.0,2.38,0.0,0.016,0.016,0.0,0.0,Jérémy,Jacquet,2005-07-13,21.14,14.0,5.0,Defender,Central Defender,cg0yobsmbeqqdzpiynwt6m0ic,c8h9bw1l82s06h77xxrelzhur,Liverpool FC,Liverpool,Liverpool,LIV,606702.0,70.0,1.0,42.0,38.0,90.48,12.0,10.0,83.33,0.0,0.0,0.0,0.0,0.0,0.0,Jérémy,Jacquet,2005-07-13,21.14,14.0,5.0,Defender,Central Defender,cg0yobsmbeqqdzpiynwt6m0ic,c8h9bw1l82s06h77xxrelzhur,Liverpool FC,Liverpool,Liverpool,LIV,606702,cg0yobsmbeqqdzpiynwt6m0ic
Jørgen Strand Larsen,247412.0,1.0,27.0,0.0,0.25,-0.25,1.0,1.0,0.0,0.25,Jørgen,Strand Larsen,2000-02-06,26.57,31.0,22.0,Forward,Striker,2ge9oa66xgsefhhpvuboua76x,1c8m2ko0wxq1asfkuykurdr0y,Crystal Palace FC,Crystal Palace,Palace,CRY,0.0,0.0,0.0,0.0,0.0,0.0,0.0,0.0,0.0,0.0,0.0,0.0,0.0,0.0,0.0,1.0,0.0,0.0,3.0,0.0,0.0,,,,,,,,,,247412.0,27.0,1.0,0.0,0.0,0.0,0.0,0.006,0.006,0.0,0.0,Jørgen,Strand Larsen,2000-02-06,26.57,31.0,22.0,Forward,Striker,2ge9oa66xgsefhhpvuboua76x,1c8m2ko0wxq1asfkuykurdr0y,Crystal Palace FC,Crystal Palace,Palace,CRY,247412.0,27.0,1.0,4.0,3.0,75.0,2.0,2.0,100.0,0.0,0.0,0.0,0.0,0.0,0.0,Jørgen,Strand Larsen,2000-02-06,26.57,31.0,22.0,Forward,Striker,2ge9oa66xgsefhhpvuboua76x,1c8m2ko0wxq1asfkuykurdr0y,Crystal Palace FC,Crystal Palace,Palace,CRY,247412,2ge9oa66xgsefhhpvuboua76x
Kai Havertz,219847.0,1.0,90.0,1.0,0.26,0.74,1.0,1.0,100.0,0.26,Kai,Havertz,1999-06-11,27.23,3.0,29.0,Forward,Second Striker,ed20ebhqi5c32vbbsze8r6yuh,4dsgumo7d4zupm2ugsvm4zm4d,Arsenal FC,Arsenal,Arsenal,ARS,2.0,44.02,2.0,39.585,0.0,0.0,0.0,0.0,22.01,19.792,0.0,1.0,0.0,0.0,1.0,5.0,2.0,40.0,5.0,3.0,60.0,,,,,,,,,,219847.0,90.0,1.0,1.0,1.0,4.0,0.0,0.026,0.026,0.0,0.0,Kai,Havertz,1999-06-11,27.23,3.0,29.0,Forward,Second Striker,ed20ebhqi5c32vbbsze8r6yuh,4dsgumo7d4zupm2ugsvm4zm4d,Arsenal FC,Arsenal,Arsenal,ARS,219847.0,90.0,1.0,25.0,20.0,80.0,12.0,9.0,75.0,0.0,0.0,0.0,0.0,0.0,0.0,Kai,Havertz,1999-06-11,27.23,3.0,29.0,Forward,Second Striker,ed20ebhqi5c32vbbsze8r6yuh,4dsgumo7d4zupm2ugsvm4zm4d,Arsenal FC,Arsenal,Arsenal,ARS,219847,ed20ebhqi5c32vbbsze8r6yuh
Kasey McAteer,461587.0,1.0,24.0,0.0,0.0,0.0,0.0,0.0,0.0,0.0,Kasey,McAteer,2001-11-22,24.78,40.0,20.0,Midfielder,Attacking Midfielder,4w3hixbz661gepdin7ji0flgq,8b523ujgl21tbc01me65q0aoh,Ipswich Town FC,Ipswich Town,Ipswich,IPS,1.0,11.103,1.0,7.455,0.0,0.0,0.0,0.0,11.103,7.455,1.0,0.0,2.0,0.0,0.0,2.0,1.0,50.0,1.0,0.0,0.0,,,,,,,,,,461587.0,24.0,1.0,0.0,0.0,0.0,0.0,0.005,0.005,0.0,0.0,Kasey,McAteer,2001-11-22,24.78,40.0,20.0,Midfielder,Attacking Midfielder,4w3hixbz661gepdin7ji0flgq,8b523ujgl21tbc01me65q0aoh,Ipswich Town FC,Ipswich Town,Ipswich,IPS,461587.0,24.0,1.0,6.0,5.0,83.33,1.0,1.0,100.0,0.0,0.0,0.0,0.0,0.0,0.0,Kasey,McAteer,2001-11-22,24.78,40.0,20.0,Midfielder,Attacking Midfielder,4w3hixbz661gepdin7ji0flgq,8b523ujgl21tbc01me65q0aoh,Ipswich Town FC,Ipswich Town,Ipswich,IPS,461587,4w3hixbz661gepdin7ji0flgq
Keane Lewis-Potter,249231.0,1.0,90.0,1.0,0.77,0.23,2.0,1.0,50.0,0.39,Keane,Lewis-Potter,2001-02-22,25.53,94.0,23.0,Forward,Striker,7j36oy8n0tu8ps0haqb4es48a,7yx5dqhhphyvfisohikodajhv,Brentford FC,Brentford,Brentford,BRE,17.0,215.517,9.0,138.495,0.0,0.0,0.0,0.0,12.677,15.388,1.0,2.0,5.0,0.0,2.0,6.0,2.0,33.333,3.0,2.0,66.667,,,,,,,,,,249231.0,90.0,1.0,1.0,1.0,3.03,0.0,0.118,0.118,0.0,0.0,Keane,Lewis-Potter,2001-02-22,25.53,94.0,23.0,Forward,Striker,7j36oy8n0tu8ps0haqb4es48a,7yx5dqhhphyvfisohikodajhv,Brentford FC,Brentford,Brentford,BRE,249231.0,90.0,1.0,33.0,29.0,87.88,10.0,8.0,80.0,4.0,1.0,25.0,0.0,0.0,0.0,Keane,Lewis-Potter,2001-02-22,25.53,94.0,23.0,Forward,Striker,7j36oy8n0tu8ps0haqb4es48a,7yx5dqhhphyvfisohikodajhv,Brentford FC,Brentford,Brentford,BRE,249231,7j36oy8n0tu8ps0haqb4es48a
Kenny Tete,167074.0,0.0,0.0,0.0,0.0,0.0,0.0,0.0,0.0,0.0,Kenny,Tete,1995-10-09,30.9,54.0,2.0,Defender,Full Back,167074,hzqh7z0mdl3v7gwete66syxp,Fulham FC,Fulham,Fulham,FUL,0.0,0.0,0.0,0.0,0.0,0.0,0.0,0.0,0.0,0.0,0.0,0.0,0.0,0.0,0.0,0.0,0.0,0.0,0.0,0.0,0.0,,,,,,,,,,167074.0,0.0,0.0,0.0,0.0,0.0,0.0,0.0,0.0,0.0,0.0,Kenny,Tete,1995-10-09,30.9,54.0,2.0,Defender,Full Back,167074,hzqh7z0mdl3v7gwete66syxp,Fulham FC,Fulham,Fulham,FUL,167074.0,0.0,0.0,0.0,0.0,0.0,0.0,0.0,0.0,0.0,0.0,0.0,0.0,0.0,0.0,Kenny,Tete,1995-10-09,30.9,54.0,2.0,Defender,Full Back,167074,hzqh7z0mdl3v7gwete66syxp,Fulham FC,Fulham,Fulham,FUL,167074,167074
Kevin,560552.0,1.0,17.0,0.0,0.0,0.0,0.0,0.0,0.0,0.0,Kevin,Santos Lopes de Macedo,2003-01-04,23.66,54.0,11.0,Forward,Winger,8bj0welrf2r362hzigb86704q,hzqh7z0mdl3v7gwete66syxp,Fulham FC,Fulham,Fulham,FUL,7.0,87.167,5.0,81.69,0.0,0.0,0.0,0.0,12.452,16.338,2.0,0.0,1.0,0.0,0.0,10.0,3.0,30.0,0.0,0.0,0.0,,,,,,,,,,560552.0,17.0,1.0,0.0,0.0,0.0,0.0,0.006,0.006,0.0,0.0,Kevin,Santos Lopes de Macedo,2003-01-04,23.66,54.0,11.0,Forward,Winger,8bj0welrf2r362hzigb86704q,hzqh7z0mdl3v7gwete66syxp,Fulham FC,Fulham,Fulham,FUL,560552.0,17.0,1.0,10.0,9.0,90.0,2.0,2.0,100.0,1.0,0.0,0.0,0.0,0.0,0.0,Kevin,Santos Lopes de Macedo,2003-01-04,23.66,54.0,11.0,Forward,Winger,8bj0welrf2r362hzigb86704q,hzqh7z0mdl3v7gwete66syxp,Fulham FC,Fulham,Fulham,FUL,560552,8bj0welrf2r362hzigb86704q
Kevin Danso,135720.0,0.0,0.0,0.0,0.0,0.0,0.0,0.0,0.0,0.0,Kevin,Danso,1998-09-19,27.96,6.0,4.0,Defender,Central Defender,135720,22doj4sgsocqpxw45h607udje,Tottenham Hotspur FC,Tottenham Hotspur,Spurs,TOT,0.0,0.0,0.0,0.0,0.0,0.0,0.0,0.0,0.0,0.0,0.0,0.0,0.0,0.0,0.0,0.0,0.0,0.0,0.0,0.0,0.0,,,,,,,,,,135720.0,0.0,0.0,0.0,0.0,0.0,0.0,0.0,0.0,0.0,0.0,Kevin,Danso,1998-09-19,27.96,6.0,4.0,Defender,Central Defender,135720,22doj4sgsocqpxw45h607udje,Tottenham Hotspur FC,Tottenham Hotspur,Spurs,TOT,135720.0,0.0,0.0,0.0,0.0,0.0,0.0,0.0,0.0,0.0,0.0,0.0,0.0,0.0,0.0,Kevin,Danso,1998-09-19,27.96,6.0,4.0,Defender,Central Defender,135720,22doj4sgsocqpxw45h607udje,Tottenham Hotspur FC,Tottenham Hotspur,Spurs,TOT,135720,135720
Kevin Schade,513418.0,1.0,90.0,0.0,0.52,-0.52,5.0,2.0,0.0,0.1,Kevin,Schade,2001-11-27,24.76,94.0,7.0,Midfielder,Winger,1h3mduwlaf89ebwtqxuegsodm,7yx5dqhhphyvfisohikodajhv,Brentford FC,Brentford,Brentford,BRE,9.0,105.015,4.0,27.825,0.0,0.0,0.0,0.0,11.668,6.956,3.0,0.0,5.0,0.0,1.0,10.0,6.0,60.0,6.0,4.0,66.667,,,,,,,,,,513418.0,90.0,1.0,1.0,1.0,5.0,0.0,0.012,0.012,0.0,0.0,Kevin,Schade,2001-11-27,24.76,94.0,7.0,Midfielder,Winger,1h3mduwlaf89ebwtqxuegsodm,7yx5dqhhphyvfisohikodajhv,Brentford FC,Brentford,Brentford,BRE,513418.0,90.0,1.0,20.0,11.0,55.0,14.0,6.0,42.86,0.0,0.0,0.0,0.0,0.0,0.0,Kevin,Schade,2001-11-27,24.76,94.0,7.0,Midfielder,Winger,1h3mduwlaf89ebwtqxuegsodm,7yx5dqhhphyvfisohikodajhv,Brentford FC,Brentford,Brentford,BRE,513418,1h3mduwlaf89ebwtqxuegsodm
Kieran Dowell,171270.0,0.0,0.0,0.0,0.0,0.0,0.0,0.0,0.0,0.0,Kieran,Dowell,1997-10-10,28.9,88.0,26.0,Midfielder,0,171270,f0figafm2v9h8ofo6slajj7xf,Hull City AFC,Hull City,Hull,HUL,0.0,0.0,0.0,0.0,0.0,0.0,0.0,0.0,0.0,0.0,0.0,0.0,0.0,0.0,0.0,0.0,0.0,0.0,0.0,0.0,0.0,,,,,,,,,,171270.0,0.0,0.0,0.0,0.0,0.0,0.0,0.0,0.0,0.0,0.0,Kieran,Dowell,1997-10-10,28.9,88.0,26.0,Midfielder,0,171270,f0figafm2v9h8ofo6slajj7xf,Hull City AFC,Hull City,Hull,HUL,171270.0,0.0,0.0,0.0,0.0,0.0,0.0,0.0,0.0,0.0,0.0,0.0,0.0,0.0,0.0,Kieran,Dowell,1997-10-10,28.9,88.0,26.0,Midfielder,0,171270,f0figafm2v9h8ofo6slajj7xf,Hull City AFC,Hull City,Hull,HUL,171270,171270
Kiernan Dewsbury-Hall,215413.0,1.0,89.0,1.0,0.12,0.88,3.0,1.0,33.33,0.04,Kiernan,Dewsbury-Hall,1998-09-06,27.99,11.0,8.0,Midfielder,Central Midfielder,2bkp1lcaxmvwoanxwo0775cdl,ehd2iemqmschhj2ec0vayztzz,Everton FC,Everton,Everton,EVE,11.0,172.037,8.0,126.945,2.0,1.0,0.0,0.0,15.64,15.868,2.0,0.0,5.0,0.0,1.0,9.0,5.0,55.556,0.0,0.0,0.0,,,,,,,,,,215413.0,89.0,1.0,2.0,1.0,2.94,50.0,0.171,0.091,0.0,0.0,Kiernan,Dewsbury-Hall,1998-09-06,27.99,11.0,8.0,Midfielder,Central Midfielder,2bkp1lcaxmvwoanxwo0775cdl,ehd2iemqmschhj2ec0vayztzz,Everton FC,Everton,Everton,EVE,215413.0,89.0,1.0,37.0,32.0,86.49,22.0,18.0,81.82,3.0,0.0,0.0,1.0,0.0,0.0,Kiernan,Dewsbury-Hall,1998-09-06,27.99,11.0,8.0,Midfielder,Central Midfielder,2bkp1lcaxmvwoanxwo0775cdl,ehd2iemqmschhj2ec0vayztzz,Everton FC,Everton,Everton,EVE,215413,2bkp1lcaxmvwoanxwo0775cdl
Kjell Scherpen,,,,,,,,,,,,,,,,,,,,,,,,,,,,,,,,,,,,,,,,,,,,,,90.0,100.0,0.0,1.0,2.0,66.67,-0.65,0.0,0.35,,,,,,,,,,,,,,,,,,,,,,,,,,,,,,,,,,,,,,,,,,,,,,,,,,,,,,,240514,84yhv0iilunn0vllz1r5fe7l5
Kobbie Mainoo,516895.0,1.0,23.0,0.0,0.07,-0.07,1.0,0.0,0.0,0.07,Kobbie,Mainoo,2005-04-19,21.37,1.0,37.0,Midfielder,Central Midfielder,cgm6zre07l5qauif32jtfqsk4,6eqit8ye8aomdsrrq0hk3v7gh,Manchester United FC,Manchester United,Man Utd,MUN,9.0,84.412,6.0,52.395,0.0,0.0,0.0,0.0,9.379,8.732,0.0,0.0,1.0,0.0,0.0,0.0,0.0,0.0,1.0,1.0,100.0,,,,,,,,,,516895.0,23.0,1.0,0.0,0.0,0.0,0.0,0.015,0.015,0.0,0.0,Kobbie,Mainoo,2005-04-19,21.37,1.0,37.0,Midfielder,Central Midfielder,cgm6zre07l5qauif32jtfqsk4,6eqit8ye8aomdsrrq0hk3v7gh,Manchester United FC,Manchester United,Man Utd,MUN,516895.0,23.0,1.0,30.0,26.0,86.67,12.0,9.0,75.0,1.0,0.0,0.0,0.0,0.0,0.0,Kobbie,Mainoo,2005-04-19,21.37,1.0,37.0,Midfielder,Central Midfielder,cgm6zre07l5qauif32jtfqsk4,6eqit8ye8aomdsrrq0hk3v7gh,Manchester United FC,Manchester United,Man Utd,MUN,516895,cgm6zre07l5qauif32jtfqsk4
Konstantinos Tzolakis,,,,,,,,,,,,,,,,,,,,,,,,,,,,,,,,,,,,,,,,,,,,,,90.0,100.0,0.0,0.0,5.0,100.0,0.6,0.0,0.6,,,,,,,,,,,,,,,,,,,,,,,,,,,,,,,,,,,,,,,,,,,,,,,,,,,,,,,473284,gw2711y9bgq4w80ntfqvv88a
Kostas Tsimikas,214285.0,0.0,0.0,0.0,0.0,0.0,0.0,0.0,0.0,0.0,Kostas,Tsimikas,1996-05-12,30.31,14.0,21.0,Defender,Full Back,214285,c8h9bw1l82s06h77xxrelzhur,Liverpool FC,Liverpool,Liverpool,LIV,0.0,0.0,0.0,0.0,0.0,0.0,0.0,0.0,0.0,0.0,0.0,0.0,0.0,0.0,0.0,0.0,0.0,0.0,0.0,0.0,0.0,,,,,,,,,,214285.0,0.0,0.0,0.0,0.0,0.0,0.0,0.0,0.0,0.0,0.0,Kostas,Tsimikas,1996-05-12,30.31,14.0,21.0,Defender,Full Back,214285,c8h9bw1l82s06h77xxrelzhur,Liverpool FC,Liverpool,Liverpool,LIV,214285.0,0.0,0.0,0.0,0.0,0.0,0.0,0.0,0.0,0.0,0.0,0.0,0.0,0.0,0.0,Kostas,Tsimikas,1996-05-12,30.31,14.0,21.0,Defender,Full Back,214285,c8h9bw1l82s06h77xxrelzhur,Liverpool FC,Liverpool,Liverpool,LIV,214285,214285
Kristoffer Ajer,191866.0,1.0,90.0,0.0,0.11,-0.11,1.0,1.0,0.0,0.11,Kristoffer,Ajer,1998-04-17,28.38,94.0,20.0,Defender,Central Defender,32bvxwhceid2xdcfx6cd8a8d1,7yx5dqhhphyvfisohikodajhv,Brentford FC,Brentford,Brentford,BRE,8.0,76.783,3.0,34.125,0.0,0.0,0.0,0.0,9.598,11.375,2.0,2.0,3.0,0.0,6.0,5.0,3.0,60.0,6.0,6.0,100.0,,,,,,,,,,191866.0,90.0,1.0,0.0,0.0,0.0,0.0,0.02,0.02,0.0,0.0,Kristoffer,Ajer,1998-04-17,28.38,94.0,20.0,Defender,Central Defender,32bvxwhceid2xdcfx6cd8a8d1,7yx5dqhhphyvfisohikodajhv,Brentford FC,Brentford,Brentford,BRE,191866.0,90.0,1.0,34.0,28.0,82.35,7.0,5.0,71.43,0.0,0.0,0.0,0.0,0.0,0.0,Kristoffer,Ajer,1998-04-17,28.38,94.0,20.0,Defender,Central Defender,32bvxwhceid2xdcfx6cd8a8d1,7yx5dqhhphyvfisohikodajhv,Brentford FC,Brentford,Brentford,BRE,191866,32bvxwhceid2xdcfx6cd8a8d1
Lamare Bogarde,515597.0,1.0,16.0,0.0,0.0,0.0,0.0,0.0,0.0,0.0,Lamare,Bogarde,2004-01-05,22.66,7.0,26.0,Midfielder,Central Defender,9jj7t00bb5zflz78nlz3bvllg,b496gs285it6bheuikox6z9mj,Aston Villa FC,Aston Villa,Villa,AVL,0.0,0.0,0.0,0.0,0.0,0.0,0.0,0.0,0.0,0.0,0.0,0.0,0.0,0.0,1.0,0.0,0.0,0.0,2.0,1.0,50.0,,,,,,,,,,515597.0,16.0,1.0,0.0,0.0,0.0,0.0,0.002,0.002,0.0,0.0,Lamare,Bogarde,2004-01-05,22.66,7.0,26.0,Midfielder,Central Defender,9jj7t00bb5zflz78nlz3bvllg,b496gs285it6bheuikox6z9mj,Aston Villa FC,Aston Villa,Villa,AVL,515597.0,16.0,1.0,2.0,2.0,100.0,2.0,2.0,100.0,0.0,0.0,0.0,0.0,0.0,0.0,Lamare,Bogarde,2004-01-05,22.66,7.0,26.0,Midfielder,Central Defender,9jj7t00bb5zflz78nlz3bvllg,b496gs285it6bheuikox6z9mj,Aston Villa FC,Aston Villa,Villa,AVL,515597,9jj7t00bb5zflz78nlz3bvllg
Leif Davis,455084.0,1.0,90.0,0.0,0.0,0.0,0.0,0.0,0.0,0.0,Leif,Davis,1999-12-31,26.67,40.0,3.0,Defender,Full Back,a9352zsh3xr7rcxs0jmho7o8a,8b523ujgl21tbc01me65q0aoh,Ipswich Town FC,Ipswich Town,Ipswich,IPS,7.0,80.176,3.0,31.08,0.0,0.0,0.0,0.0,11.454,10.36,0.0,1.0,4.0,1.0,5.0,2.0,1.0,50.0,2.0,2.0,100.0,,,,,,,,,,455084.0,90.0,1.0,0.0,0.0,0.0,0.0,0.012,0.011,0.0,0.0,Leif,Davis,1999-12-31,26.67,40.0,3.0,Defender,Full Back,a9352zsh3xr7rcxs0jmho7o8a,8b523ujgl21tbc01me65q0aoh,Ipswich Town FC,Ipswich Town,Ipswich,IPS,455084.0,90.0,1.0,31.0,25.0,80.65,9.0,8.0,88.89,2.0,0.0,0.0,0.0,0.0,0.0,Leif,Davis,1999-12-31,26.67,40.0,3.0,Defender,Full Back,a9352zsh3xr7rcxs0jmho7o8a,8b523ujgl21tbc01me65q0aoh,Ipswich Town FC,Ipswich Town,Ipswich,IPS,455084,a9352zsh3xr7rcxs0jmho7o8a
Leny Yoro,550864.0,0.0,0.0,0.0,0.0,0.0,0.0,0.0,0.0,0.0,Leny,Yoro,2005-11-13,20.8,1.0,15.0,Defender,Central Defender,550864,6eqit8ye8aomdsrrq0hk3v7gh,Manchester United FC,Manchester United,Man Utd,MUN,0.0,0.0,0.0,0.0,0.0,0.0,0.0,0.0,0.0,0.0,0.0,0.0,0.0,0.0,0.0,0.0,0.0,0.0,0.0,0.0,0.0,,,,,,,,,,550864.0,0.0,0.0,0.0,0.0,0.0,0.0,0.0,0.0,0.0,0.0,Leny,Yoro,2005-11-13,20.8,1.0,15.0,Defender,Central Defender,550864,6eqit8ye8aomdsrrq0hk3v7gh,Manchester United FC,Manchester United,Man Utd,MUN,550864.0,0.0,0.0,0.0,0.0,0.0,0.0,0.0,0.0,0.0,0.0,0.0,0.0,0.0,0.0,Leny,Yoro,2005-11-13,20.8,1.0,15.0,Defender,Central Defender,550864,6eqit8ye8aomdsrrq0hk3v7gh,Manchester United FC,Manchester United,Man Utd,MUN,550864,550864
Leo Shahar,553746.0,0.0,0.0,0.0,0.0,0.0,0.0,0.0,0.0,0.0,Leo,Shahar,2007-03-18,19.46,4.0,51.0,Defender,Full Back,553746,7vn2i2kd35zuetw6b38gw9jsz,Newcastle United FC,Newcastle United,Newcastle,NEW,0.0,0.0,0.0,0.0,0.0,0.0,0.0,0.0,0.0,0.0,0.0,0.0,0.0,0.0,0.0,0.0,0.0,0.0,0.0,0.0,0.0,,,,,,,,,,553746.0,0.0,0.0,0.0,0.0,0.0,0.0,0.0,0.0,0.0,0.0,Leo,Shahar,2007-03-18,19.46,4.0,51.0,Defender,Full Back,553746,7vn2i2kd35zuetw6b38gw9jsz,Newcastle United FC,Newcastle United,Newcastle,NEW,553746.0,0.0,0.0,0.0,0.0,0.0,0.0,0.0,0.0,0.0,0.0,0.0,0.0,0.0,0.0,Leo,Shahar,2007-03-18,19.46,4.0,51.0,Defender,Full Back,553746,7vn2i2kd35zuetw6b38gw9jsz,Newcastle United FC,Newcastle United,Newcastle,NEW,553746,553746
Levi Colwill,460028.0,1.0,90.0,0.0,0.01,-0.01,1.0,0.0,0.0,0.01,Levi,Colwill,2003-02-26,23.52,8.0,6.0,Defender,Central Defender,573hlc6devy50gjotyav9ql4a,9q0arba2kbnywth8bkxlhgmdr,Chelsea FC,Chelsea,Chelsea,CHE,6.0,39.386,2.0,17.43,0.0,0.0,0.0,0.0,6.564,8.715,2.0,0.0,3.0,0.0,2.0,5.0,4.0,80.0,1.0,0.0,0.0,,,,,,,,,,460028.0,90.0,1.0,0.0,0.0,0.0,0.0,0.029,0.028,0.0,0.0,Levi,Colwill,2003-02-26,23.52,8.0,6.0,Defender,Central Defender,573hlc6devy50gjotyav9ql4a,9q0arba2kbnywth8bkxlhgmdr,Chelsea FC,Chelsea,Chelsea,CHE,460028.0,90.0,1.0,30.0,28.0,93.33,3.0,3.0,100.0,0.0,0.0,0.0,0.0,0.0,0.0,Levi,Colwill,2003-02-26,23.52,8.0,6.0,Defender,Central Defender,573hlc6devy50gjotyav9ql4a,9q0arba2kbnywth8bkxlhgmdr,Chelsea FC,Chelsea,Chelsea,CHE,460028,573hlc6devy50gjotyav9ql4a
Lewie Coyle,193278.0,1.0,70.0,0.0,0.0,0.0,0.0,0.0,0.0,0.0,Lewie,Coyle,1995-10-15,30.89,88.0,2.0,Defender,Full Back,3oye5gz9f1wsjihq9ygx4doet,f0figafm2v9h8ofo6slajj7xf,Hull City AFC,Hull City,Hull,HUL,9.0,72.186,6.0,39.375,0.0,0.0,1.0,0.0,8.021,6.562,1.0,0.0,3.0,0.0,1.0,4.0,3.0,75.0,3.0,1.0,33.333,,,,,,,,,,193278.0,70.0,1.0,1.0,1.0,5.0,0.0,0.007,0.007,0.0,0.0,Lewie,Coyle,1995-10-15,30.89,88.0,2.0,Defender,Full Back,3oye5gz9f1wsjihq9ygx4doet,f0figafm2v9h8ofo6slajj7xf,Hull City AFC,Hull City,Hull,HUL,193278.0,70.0,1.0,21.0,17.0,80.95,7.0,5.0,71.43,2.0,0.0,0.0,0.0,0.0,0.0,Lewie,Coyle,1995-10-15,30.89,88.0,2.0,Defender,Full Back,3oye5gz9f1wsjihq9ygx4doet,f0figafm2v9h8ofo6slajj7xf,Hull City AFC,Hull City,Hull,HUL,193278,3oye5gz9f1wsjihq9ygx4doet
Lewis Cook,155408.0,1.0,75.0,0.0,0.0,0.0,0.0,0.0,0.0,0.0,Lewis,Cook,1997-02-03,29.58,91.0,4.0,Midfielder,Central Midfielder,djelmk2oafas355n2u0d1bumt,1pse9ta7a45pi2w2grjim70ge,AFC Bournemouth,Bournemouth,Bournemouth,BOU,3.0,24.972,0.0,3.57,0.0,0.0,0.0,0.0,8.324,0.0,1.0,2.0,3.0,0.0,1.0,4.0,1.0,25.0,2.0,1.0,50.0,,,,,,,,,,155408.0,75.0,1.0,0.0,0.0,0.0,0.0,0.001,0.001,0.0,0.0,Lewis,Cook,1997-02-03,29.58,91.0,4.0,Midfielder,Central Midfielder,djelmk2oafas355n2u0d1bumt,1pse9ta7a45pi2w2grjim70ge,AFC Bournemouth,Bournemouth,Bournemouth,BOU,155408.0,75.0,1.0,27.0,21.0,77.78,1.0,0.0,0.0,0.0,0.0,0.0,0.0,0.0,0.0,Lewis,Cook,1997-02-03,29.58,91.0,4.0,Midfielder,Central Midfielder,djelmk2oafas355n2u0d1bumt,1pse9ta7a45pi2w2grjim70ge,AFC Bournemouth,Bournemouth,Bournemouth,BOU,155408,djelmk2oafas355n2u0d1bumt
Lewis Dunk,83299.0,1.0,90.0,0.0,0.0,0.0,0.0,0.0,0.0,0.0,Lewis,Dunk,1991-11-21,34.79,36.0,5.0,Defender,Central Defender,jagvvzc7329tf2c64mnc251,e5p0ehyguld7egzhiedpdnc3w,Brighton & Hove Albion FC,Brighton & Hove Albion,Brighton,BHA,20.0,213.148,13.0,140.28,0.0,0.0,0.0,0.0,10.657,10.791,1.0,1.0,2.0,0.0,0.0,3.0,1.0,33.333,3.0,2.0,66.667,,,,,,,,,,83299.0,90.0,1.0,0.0,0.0,0.0,0.0,0.039,0.039,0.0,0.0,Lewis,Dunk,1991-11-21,34.79,36.0,5.0,Defender,Central Defender,jagvvzc7329tf2c64mnc251,e5p0ehyguld7egzhiedpdnc3w,Brighton & Hove Albion FC,Brighton & Hove Albion,Brighton,BHA,83299.0,90.0,1.0,114.0,109.0,95.61,32.0,28.0,87.5,1.0,0.0,0.0,0.0,0.0,0.0,Lewis,Dunk,1991-11-21,34.79,36.0,5.0,Defender,Central Defender,jagvvzc7329tf2c64mnc251,e5p0ehyguld7egzhiedpdnc3w,Brighton & Hove Albion FC,Brighton & Hove Albion,Brighton,BHA,83299,jagvvzc7329tf2c64mnc251
Lewis Hall,487838.0,1.0,90.0,0.0,0.0,0.0,0.0,0.0,0.0,0.0,Lewis,Hall,2004-09-08,21.98,4.0,3.0,Defender,Full Back,8i46yzejeiwdmz0tywmy42o2y,7vn2i2kd35zuetw6b38gw9jsz,Newcastle United FC,Newcastle United,Newcastle,NEW,8.0,130.439,5.0,58.17,0.0,0.0,0.0,0.0,16.305,11.634,5.0,2.0,8.0,1.0,3.0,9.0,5.0,55.556,0.0,0.0,0.0,,,,,,,,,,487838.0,90.0,1.0,1.0,1.0,4.35,0.0,0.35,0.343,0.0,0.0,Lewis,Hall,2004-09-08,21.98,4.0,3.0,Defender,Full Back,8i46yzejeiwdmz0tywmy42o2y,7vn2i2kd35zuetw6b38gw9jsz,Newcastle United FC,Newcastle United,Newcastle,NEW,487838.0,90.0,1.0,24.0,17.0,70.83,7.0,4.0,57.14,1.0,1.0,100.0,0.0,0.0,0.0,Lewis,Hall,2004-09-08,21.98,4.0,3.0,Defender,Full Back,8i46yzejeiwdmz0tywmy42o2y,7vn2i2kd35zuetw6b38gw9jsz,Newcastle United FC,Newcastle United,Newcastle,NEW,487838,8i46yzejeiwdmz0tywmy42o2y
Lewis Koumas,514514.0,1.0,12.0,0.0,0.03,-0.03,1.0,0.0,0.0,0.03,Lewis,Koumas,2005-09-19,20.95,14.0,67.0,Forward,0,bsnrrlvlht03c86wvaok0uuj8,c8h9bw1l82s06h77xxrelzhur,Liverpool FC,Liverpool,Liverpool,LIV,2.0,66.276,2.0,63.63,1.0,0.0,0.0,0.0,33.138,31.815,0.0,0.0,1.0,0.0,0.0,1.0,1.0,100.0,1.0,0.0,0.0,,,,,,,,,,514514.0,12.0,1.0,0.0,0.0,0.0,0.0,0.005,0.005,0.0,0.0,Lewis,Koumas,2005-09-19,20.95,14.0,67.0,Forward,0,bsnrrlvlht03c86wvaok0uuj8,c8h9bw1l82s06h77xxrelzhur,Liverpool FC,Liverpool,Liverpool,LIV,514514.0,12.0,1.0,3.0,2.0,66.67,3.0,2.0,66.67,0.0,0.0,0.0,0.0,0.0,0.0,Lewis,Koumas,2005-09-19,20.95,14.0,67.0,Forward,0,bsnrrlvlht03c86wvaok0uuj8,c8h9bw1l82s06h77xxrelzhur,Liverpool FC,Liverpool,Liverpool,LIV,514514,bsnrrlvlht03c86wvaok0uuj8
Lewis Miley,547719.0,1.0,76.0,0.0,0.05,-0.05,1.0,0.0,0.0,0.05,Lewis,Miley,2006-05-01,20.34,4.0,67.0,Midfielder,0,552xyc766gp97a5zu8tcx4xzo,7vn2i2kd35zuetw6b38gw9jsz,Newcastle United FC,Newcastle United,Newcastle,NEW,5.0,41.196,2.0,13.965,0.0,0.0,0.0,0.0,8.239,6.982,1.0,1.0,6.0,1.0,4.0,4.0,3.0,75.0,3.0,2.0,66.667,,,,,,,,,,547719.0,76.0,1.0,2.0,2.0,6.06,0.0,0.009,0.008,0.0,0.0,Lewis,Miley,2006-05-01,20.34,4.0,67.0,Midfielder,0,552xyc766gp97a5zu8tcx4xzo,7vn2i2kd35zuetw6b38gw9jsz,Newcastle United FC,Newcastle United,Newcastle,NEW,547719.0,76.0,1.0,36.0,30.0,83.33,8.0,4.0,50.0,0.0,0.0,0.0,0.0,0.0,0.0,Lewis,Miley,2006-05-01,20.34,4.0,67.0,Midfielder,0,552xyc766gp97a5zu8tcx4xzo,7vn2i2kd35zuetw6b38gw9jsz,Newcastle United FC,Newcastle United,Newcastle,NEW,547719,552xyc766gp97a5zu8tcx4xzo
Liam Kitching,436761.0,0.0,0.0,0.0,0.0,0.0,0.0,0.0,0.0,0.0,Liam,Kitching,1999-09-25,26.94,9.0,15.0,Defender,Central Defender,436761,dacoc20k0n3fxu4zek8wufmko,Coventry City FC,Coventry City,Coventry,COV,0.0,0.0,0.0,0.0,0.0,0.0,0.0,0.0,0.0,0.0,0.0,0.0,0.0,0.0,0.0,0.0,0.0,0.0,0.0,0.0,0.0,,,,,,,,,,436761.0,0.0,0.0,0.0,0.0,0.0,0.0,0.0,0.0,0.0,0.0,Liam,Kitching,1999-09-25,26.94,9.0,15.0,Defender,Central Defender,436761,dacoc20k0n3fxu4zek8wufmko,Coventry City FC,Coventry City,Coventry,COV,436761.0,0.0,0.0,0.0,0.0,0.0,0.0,0.0,0.0,0.0,0.0,0.0,0.0,0.0,0.0,Liam,Kitching,1999-09-25,26.94,9.0,15.0,Defender,Central Defender,436761,dacoc20k0n3fxu4zek8wufmko,Coventry City FC,Coventry City,Coventry,COV,436761,436761
Liam Millar,232905.0,1.0,19.0,0.0,0.0,0.0,0.0,0.0,0.0,0.0,Liam,Millar,1999-09-27,26.93,88.0,7.0,Forward,Winger,11brjfbwv1v5jvz5rleiob5k9,f0figafm2v9h8ofo6slajj7xf,Hull City AFC,Hull City,Hull,HUL,3.0,64.539,2.0,53.97,0.0,0.0,0.0,0.0,21.513,26.985,1.0,0.0,1.0,0.0,1.0,4.0,2.0,50.0,1.0,0.0,0.0,,,,,,,,,,232905.0,19.0,1.0,0.0,0.0,0.0,0.0,0.001,0.001,0.0,0.0,Liam,Millar,1999-09-27,26.93,88.0,7.0,Forward,Winger,11brjfbwv1v5jvz5rleiob5k9,f0figafm2v9h8ofo6slajj7xf,Hull City AFC,Hull City,Hull,HUL,232905.0,19.0,1.0,3.0,2.0,66.67,2.0,1.0,50.0,0.0,0.0,0.0,0.0,0.0,0.0,Liam,Millar,1999-09-27,26.93,88.0,7.0,Forward,Winger,11brjfbwv1v5jvz5rleiob5k9,f0figafm2v9h8ofo6slajj7xf,Hull City AFC,Hull City,Hull,HUL,232905,11brjfbwv1v5jvz5rleiob5k9
Lisandro Martínez,221820.0,0.0,0.0,0.0,0.0,0.0,0.0,0.0,0.0,0.0,Lisandro,Martínez,1998-01-18,28.62,1.0,6.0,Defender,Central Defender,221820,6eqit8ye8aomdsrrq0hk3v7gh,Manchester United FC,Manchester United,Man Utd,MUN,0.0,0.0,0.0,0.0,0.0,0.0,0.0,0.0,0.0,0.0,0.0,0.0,0.0,0.0,0.0,0.0,0.0,0.0,0.0,0.0,0.0,,,,,,,,,,221820.0,0.0,0.0,0.0,0.0,0.0,0.0,0.0,0.0,0.0,0.0,Lisandro,Martínez,1998-01-18,28.62,1.0,6.0,Defender,Central Defender,221820,6eqit8ye8aomdsrrq0hk3v7gh,Manchester United FC,Manchester United,Man Utd,MUN,221820.0,0.0,0.0,0.0,0.0,0.0,0.0,0.0,0.0,0.0,0.0,0.0,0.0,0.0,0.0,Lisandro,Martínez,1998-01-18,28.62,1.0,6.0,Defender,Central Defender,221820,6eqit8ye8aomdsrrq0hk3v7gh,Manchester United FC,Manchester United,Man Utd,MUN,221820,221820
Loum Tchaouna,469272.0,1.0,82.0,0.0,0.04,-0.04,2.0,0.0,0.0,0.02,Loum,Tchaouna,2003-09-08,22.98,9.0,18.0,Forward,0,97nqu0mjr4ulkoiqn3y6nsmzu,dacoc20k0n3fxu4zek8wufmko,Coventry City FC,Coventry City,Coventry,COV,8.0,113.584,5.0,56.595,1.0,0.0,0.0,0.0,14.198,11.319,0.0,0.0,5.0,0.0,3.0,7.0,3.0,42.857,2.0,1.0,50.0,,,,,,,,,,469272.0,82.0,1.0,0.0,0.0,0.0,0.0,0.022,0.022,0.0,0.0,Loum,Tchaouna,2003-09-08,22.98,9.0,18.0,Forward,0,97nqu0mjr4ulkoiqn3y6nsmzu,dacoc20k0n3fxu4zek8wufmko,Coventry City FC,Coventry City,Coventry,COV,469272.0,82.0,1.0,30.0,22.0,73.33,16.0,10.0,62.5,2.0,0.0,0.0,0.0,0.0,0.0,Loum,Tchaouna,2003-09-08,22.98,9.0,18.0,Forward,0,97nqu0mjr4ulkoiqn3y6nsmzu,dacoc20k0n3fxu4zek8wufmko,Coventry City FC,Coventry City,Coventry,COV,469272,97nqu0mjr4ulkoiqn3y6nsmzu
Luc De Fougerolles,547686.0,0.0,0.0,0.0,0.0,0.0,0.0,0.0,0.0,0.0,Luc,De Fougerolles,2005-10-12,20.89,54.0,44.0,Defender,Full Back,547686,hzqh7z0mdl3v7gwete66syxp,Fulham FC,Fulham,Fulham,FUL,0.0,0.0,0.0,0.0,0.0,0.0,0.0,0.0,0.0,0.0,0.0,0.0,0.0,0.0,0.0,0.0,0.0,0.0,0.0,0.0,0.0,,,,,,,,,,547686.0,0.0,0.0,0.0,0.0,0.0,0.0,0.0,0.0,0.0,0.0,Luc,De Fougerolles,2005-10-12,20.89,54.0,44.0,Defender,Full Back,547686,hzqh7z0mdl3v7gwete66syxp,Fulham FC,Fulham,Fulham,FUL,547686.0,0.0,0.0,0.0,0.0,0.0,0.0,0.0,0.0,0.0,0.0,0.0,0.0,0.0,0.0,Luc,De Fougerolles,2005-10-12,20.89,54.0,44.0,Defender,Full Back,547686,hzqh7z0mdl3v7gwete66syxp,Fulham FC,Fulham,Fulham,FUL,547686,547686
Luca Netz,470315.0,1.0,16.0,0.0,0.0,0.0,0.0,0.0,0.0,0.0,Luca,Netz,2003-05-15,23.3,17.0,25.0,Defender,Full Back,22zaq3o78o5feeogqdsvig02y,1qtaiy11gswx327s0vkibf70n,Nottingham Forest FC,Nottingham Forest,Forest,NFO,0.0,0.0,0.0,0.0,0.0,0.0,0.0,0.0,0.0,0.0,0.0,0.0,1.0,0.0,0.0,1.0,0.0,0.0,0.0,0.0,0.0,,,,,,,,,,470315.0,16.0,1.0,0.0,0.0,0.0,0.0,0.005,0.005,0.0,0.0,Luca,Netz,2003-05-15,23.3,17.0,25.0,Defender,Full Back,22zaq3o78o5feeogqdsvig02y,1qtaiy11gswx327s0vkibf70n,Nottingham Forest FC,Nottingham Forest,Forest,NFO,470315.0,16.0,1.0,9.0,7.0,77.78,5.0,4.0,80.0,0.0,0.0,0.0,0.0,0.0,0.0,Luca,Netz,2003-05-15,23.3,17.0,25.0,Defender,Full Back,22zaq3o78o5feeogqdsvig02y,1qtaiy11gswx327s0vkibf70n,Nottingham Forest FC,Nottingham Forest,Forest,NFO,470315,22zaq3o78o5feeogqdsvig02y
Luca Williams-Barnett,611917.0,0.0,0.0,0.0,0.0,0.0,0.0,0.0,0.0,0.0,Luca,Williams-Barnett,2008-10-01,17.92,6.0,68.0,Midfielder,Attacking Midfielder,611917,22doj4sgsocqpxw45h607udje,Tottenham Hotspur FC,Tottenham Hotspur,Spurs,TOT,0.0,0.0,0.0,0.0,0.0,0.0,0.0,0.0,0.0,0.0,0.0,0.0,0.0,0.0,0.0,0.0,0.0,0.0,0.0,0.0,0.0,,,,,,,,,,611917.0,0.0,0.0,0.0,0.0,0.0,0.0,0.0,0.0,0.0,0.0,Luca,Williams-Barnett,2008-10-01,17.92,6.0,68.0,Midfielder,Attacking Midfielder,611917,22doj4sgsocqpxw45h607udje,Tottenham Hotspur FC,Tottenham Hotspur,Spurs,TOT,611917.0,0.0,0.0,0.0,0.0,0.0,0.0,0.0,0.0,0.0,0.0,0.0,0.0,0.0,0.0,Luca,Williams-Barnett,2008-10-01,17.92,6.0,68.0,Midfielder,Attacking Midfielder,611917,22doj4sgsocqpxw45h607udje,Tottenham Hotspur FC,Tottenham Hotspur,Spurs,TOT,611917,611917
Lucas Bergvall,570526.0,1.0,45.0,0.0,0.0,0.0,0.0,0.0,0.0,0.0,Lucas,Bergvall,2006-02-02,20.58,6.0,15.0,Midfielder,Central Midfielder,7pk2vyumro8ku45aar5dw7dw4,22doj4sgsocqpxw45h607udje,Tottenham Hotspur FC,Tottenham Hotspur,Spurs,TOT,6.0,80.846,5.0,71.61,0.0,0.0,0.0,0.0,13.474,14.322,1.0,0.0,7.0,0.0,0.0,4.0,2.0,50.0,0.0,0.0,0.0,,,,,,,,,,570526.0,45.0,1.0,0.0,0.0,0.0,0.0,0.012,0.012,0.0,0.0,Lucas,Bergvall,2006-02-02,20.58,6.0,15.0,Midfielder,Central Midfielder,7pk2vyumro8ku45aar5dw7dw4,22doj4sgsocqpxw45h607udje,Tottenham Hotspur FC,Tottenham Hotspur,Spurs,TOT,570526.0,45.0,1.0,20.0,18.0,90.0,7.0,5.0,71.43,1.0,0.0,0.0,0.0,0.0,0.0,Lucas,Bergvall,2006-02-02,20.58,6.0,15.0,Midfielder,Central Midfielder,7pk2vyumro8ku45aar5dw7dw4,22doj4sgsocqpxw45h607udje,Tottenham Hotspur FC,Tottenham Hotspur,Spurs,TOT,570526,7pk2vyumro8ku45aar5dw7dw4
Lucas Gourna-Douath,469266.0,0.0,0.0,0.0,0.0,0.0,0.0,0.0,0.0,0.0,Lucas,Gourna-Douath,2003-08-05,23.08,88.0,29.0,Midfielder,Defensive Midfielder,469266,f0figafm2v9h8ofo6slajj7xf,Hull City AFC,Hull City,Hull,HUL,0.0,0.0,0.0,0.0,0.0,0.0,0.0,0.0,0.0,0.0,0.0,0.0,0.0,0.0,0.0,0.0,0.0,0.0,0.0,0.0,0.0,,,,,,,,,,469266.0,0.0,0.0,0.0,0.0,0.0,0.0,0.0,0.0,0.0,0.0,Lucas,Gourna-Douath,2003-08-05,23.08,88.0,29.0,Midfielder,Defensive Midfielder,469266,f0figafm2v9h8ofo6slajj7xf,Hull City AFC,Hull City,Hull,HUL,469266.0,0.0,0.0,0.0,0.0,0.0,0.0,0.0,0.0,0.0,0.0,0.0,0.0,0.0,0.0,Lucas,Gourna-Douath,2003-08-05,23.08,88.0,29.0,Midfielder,Defensive Midfielder,469266,f0figafm2v9h8ofo6slajj7xf,Hull City AFC,Hull City,Hull,HUL,469266,469266
Lucas Herrington,597462.0,1.0,26.0,0.0,0.0,0.0,0.0,0.0,0.0,0.0,Lucas,Herrington,2007-09-05,18.99,88.0,22.0,Defender,Central Defender,mmfx7i96rntv049enlwym8es,f0figafm2v9h8ofo6slajj7xf,Hull City AFC,Hull City,Hull,HUL,0.0,0.0,0.0,0.0,0.0,0.0,0.0,0.0,0.0,0.0,0.0,0.0,0.0,0.0,4.0,0.0,0.0,0.0,3.0,3.0,100.0,,,,,,,,,,597462.0,26.0,1.0,0.0,0.0,0.0,0.0,0.0,0.0,0.0,0.0,Lucas,Herrington,2007-09-05,18.99,88.0,22.0,Defender,Central Defender,mmfx7i96rntv049enlwym8es,f0figafm2v9h8ofo6slajj7xf,Hull City AFC,Hull City,Hull,HUL,597462.0,26.0,1.0,3.0,3.0,100.0,0.0,0.0,0.0,0.0,0.0,0.0,0.0,0.0,0.0,Lucas,Herrington,2007-09-05,18.99,88.0,22.0,Defender,Central Defender,mmfx7i96rntv049enlwym8es,f0figafm2v9h8ofo6slajj7xf,Hull City AFC,Hull City,Hull,HUL,597462,mmfx7i96rntv049enlwym8es
Luka Lynch,571380.0,0.0,0.0,0.0,0.0,0.0,0.0,0.0,0.0,0.0,Luka,Lynch,2007-01-11,19.64,7.0,74.0,Forward,Winger,571380,b496gs285it6bheuikox6z9mj,Aston Villa FC,Aston Villa,Villa,AVL,0.0,0.0,0.0,0.0,0.0,0.0,0.0,0.0,0.0,0.0,0.0,0.0,0.0,0.0,0.0,0.0,0.0,0.0,0.0,0.0,0.0,,,,,,,,,,571380.0,0.0,0.0,0.0,0.0,0.0,0.0,0.0,0.0,0.0,0.0,Luka,Lynch,2007-01-11,19.64,7.0,74.0,Forward,Winger,571380,b496gs285it6bheuikox6z9mj,Aston Villa FC,Aston Villa,Villa,AVL,571380.0,0.0,0.0,0.0,0.0,0.0,0.0,0.0,0.0,0.0,0.0,0.0,0.0,0.0,0.0,Luka,Lynch,2007-01-11,19.64,7.0,74.0,Forward,Winger,571380,b496gs285it6bheuikox6z9mj,Aston Villa FC,Aston Villa,Villa,AVL,571380,571380
Luka Vuskovic,610799.0,1.0,90.0,0.0,0.13,-0.13,2.0,0.0,0.0,0.06,Luka,Vuskovic,2007-02-24,19.52,36.0,44.0,Defender,Central Defender,81qmlg0ttijhkywm55ejdr40k,e5p0ehyguld7egzhiedpdnc3w,Brighton & Hove Albion FC,Brighton & Hove Albion,Brighton,BHA,24.0,235.012,11.0,120.015,0.0,0.0,0.0,0.0,9.792,10.91,0.0,0.0,2.0,0.0,4.0,1.0,0.0,0.0,5.0,4.0,80.0,,,,,,,,,,610799.0,90.0,1.0,0.0,0.0,0.0,0.0,0.034,0.034,0.0,0.0,Luka,Vuskovic,2007-02-24,19.52,36.0,44.0,Defender,Central Defender,81qmlg0ttijhkywm55ejdr40k,e5p0ehyguld7egzhiedpdnc3w,Brighton & Hove Albion FC,Brighton & Hove Albion,Brighton,BHA,610799.0,90.0,1.0,103.0,98.0,95.15,21.0,19.0,90.48,0.0,0.0,0.0,0.0,0.0,0.0,Luka,Vuskovic,2007-02-24,19.52,36.0,44.0,Defender,Central Defender,81qmlg0ttijhkywm55ejdr40k,e5p0ehyguld7egzhiedpdnc3w,Brighton & Hove Albion FC,Brighton & Hove Albion,Brighton,BHA,610799,81qmlg0ttijhkywm55ejdr40k
Lukas Nmecha,174594.0,0.0,0.0,0.0,0.0,0.0,0.0,0.0,0.0,0.0,Lukas,Nmecha,1998-12-14,27.72,2.0,14.0,Forward,Striker,174594,48gk2hpqtsl6p9sx9kjhaydq4,Leeds United FC,Leeds United,Leeds,LEE,0.0,0.0,0.0,0.0,0.0,0.0,0.0,0.0,0.0,0.0,0.0,0.0,0.0,0.0,0.0,0.0,0.0,0.0,0.0,0.0,0.0,,,,,,,,,,174594.0,0.0,0.0,0.0,0.0,0.0,0.0,0.0,0.0,0.0,0.0,Lukas,Nmecha,1998-12-14,27.72,2.0,14.0,Forward,Striker,174594,48gk2hpqtsl6p9sx9kjhaydq4,Leeds United FC,Leeds United,Leeds,LEE,174594.0,0.0,0.0,0.0,0.0,0.0,0.0,0.0,0.0,0.0,0.0,0.0,0.0,0.0,0.0,Lukas,Nmecha,1998-12-14,27.72,2.0,14.0,Forward,Striker,174594,48gk2hpqtsl6p9sx9kjhaydq4,Leeds United FC,Leeds United,Leeds,LEE,174594,174594
Luke O'Nien,167512.0,1.0,67.0,0.0,0.01,-0.01,1.0,0.0,0.0,0.01,Luke,O'Nien,1994-11-21,31.79,56.0,13.0,Midfielder,Central Midfielder,4o48qpaaxvvvbjuxjeshj85hx,1r3545b2dzan8yqa80gtmcjch,Sunderland AFC,Sunderland,Sunderland,SUN,11.0,113.789,6.0,62.055,0.0,0.0,0.0,0.0,10.344,10.342,1.0,0.0,4.0,1.0,3.0,6.0,2.0,33.333,0.0,0.0,0.0,,,,,,,,,,167512.0,67.0,1.0,0.0,0.0,0.0,0.0,0.007,0.006,0.0,0.0,Luke,O'Nien,1994-11-21,31.79,56.0,13.0,Midfielder,Central Midfielder,4o48qpaaxvvvbjuxjeshj85hx,1r3545b2dzan8yqa80gtmcjch,Sunderland AFC,Sunderland,Sunderland,SUN,167512.0,67.0,1.0,55.0,48.0,87.27,9.0,6.0,66.67,2.0,0.0,0.0,0.0,0.0,0.0,Luke,O'Nien,1994-11-21,31.79,56.0,13.0,Midfielder,Central Midfielder,4o48qpaaxvvvbjuxjeshj85hx,1r3545b2dzan8yqa80gtmcjch,Sunderland AFC,Sunderland,Sunderland,SUN,167512,4o48qpaaxvvvbjuxjeshj85hx
Luke Shaw,106760.0,1.0,90.0,0.0,0.0,0.0,0.0,0.0,0.0,0.0,Luke,Shaw,1995-07-12,31.15,1.0,23.0,Defender,Full Back,7uxt9a7t22ij4reg1uire5uqd,6eqit8ye8aomdsrrq0hk3v7gh,Manchester United FC,Manchester United,Man Utd,MUN,13.0,170.481,12.0,155.19,0.0,0.0,1.0,0.0,13.114,12.932,1.0,1.0,3.0,0.0,2.0,4.0,1.0,25.0,3.0,2.0,66.667,,,,,,,,,,106760.0,90.0,1.0,4.0,4.0,6.67,0.0,0.261,0.261,0.0,0.0,Luke,Shaw,1995-07-12,31.15,1.0,23.0,Defender,Full Back,7uxt9a7t22ij4reg1uire5uqd,6eqit8ye8aomdsrrq0hk3v7gh,Manchester United FC,Manchester United,Man Utd,MUN,106760.0,90.0,1.0,60.0,48.0,80.0,28.0,21.0,75.0,6.0,3.0,50.0,0.0,0.0,0.0,Luke,Shaw,1995-07-12,31.15,1.0,23.0,Defender,Full Back,7uxt9a7t22ij4reg1uire5uqd,6eqit8ye8aomdsrrq0hk3v7gh,Manchester United FC,Manchester United,Man Utd,MUN,106760,7uxt9a7t22ij4reg1uire5uqd
Lukás Hornícek,,,,,,,,,,,,,,,,,,,,,,,,,,,,,,,,,,,,,,,,,,,,,,90.0,100.0,0.0,2.0,5.0,71.43,0.97,1.0,2.97,,,,,,,,,,,,,,,,,,,,,,,,,,,,,,,,,,,,,,,,,,,,,,,,,,,,,,,470551,6zc6cs596hufgbhu6jv3g2o2y
Malick Thiaw,465642.0,1.0,90.0,0.0,0.0,0.0,0.0,0.0,0.0,0.0,Malick,Thiaw,2001-08-08,25.07,4.0,12.0,Defender,0,cfpaejad8i9p2r1fj0wx0g222,7vn2i2kd35zuetw6b38gw9jsz,Newcastle United FC,Newcastle United,Newcastle,NEW,8.0,93.743,5.0,36.015,0.0,0.0,0.0,0.0,11.718,7.203,0.0,0.0,2.0,6.0,9.0,1.0,0.0,0.0,5.0,3.0,60.0,,,,,,,,,,465642.0,90.0,1.0,0.0,0.0,0.0,0.0,0.001,0.001,0.0,0.0,Malick,Thiaw,2001-08-08,25.07,4.0,12.0,Defender,0,cfpaejad8i9p2r1fj0wx0g222,7vn2i2kd35zuetw6b38gw9jsz,Newcastle United FC,Newcastle United,Newcastle,NEW,465642.0,90.0,1.0,30.0,20.0,66.67,5.0,1.0,20.0,0.0,0.0,0.0,0.0,0.0,0.0,Malick,Thiaw,2001-08-08,25.07,4.0,12.0,Defender,0,cfpaejad8i9p2r1fj0wx0g222,7vn2i2kd35zuetw6b38gw9jsz,Newcastle United FC,Newcastle United,Newcastle,NEW,465642,cfpaejad8i9p2r1fj0wx0g222
Malick Yalcouyé,611695.0,1.0,4.0,0.0,0.0,0.0,0.0,0.0,0.0,0.0,Malick,Yalcouyé,2005-11-18,20.79,36.0,35.0,Midfielder,Central Midfielder,1n4yo2riltjwcxdyu20jiaxhw,e5p0ehyguld7egzhiedpdnc3w,Brighton & Hove Albion FC,Brighton & Hove Albion,Brighton,BHA,4.0,32.227,0.0,2.31,0.0,0.0,0.0,0.0,8.057,0.0,0.0,0.0,0.0,0.0,0.0,0.0,0.0,0.0,0.0,0.0,0.0,,,,,,,,,,611695.0,4.0,1.0,0.0,0.0,0.0,0.0,0.005,0.005,0.0,0.0,Malick,Yalcouyé,2005-11-18,20.79,36.0,35.0,Midfielder,Central Midfielder,1n4yo2riltjwcxdyu20jiaxhw,e5p0ehyguld7egzhiedpdnc3w,Brighton & Hove Albion FC,Brighton & Hove Albion,Brighton,BHA,611695.0,4.0,1.0,15.0,15.0,100.0,4.0,4.0,100.0,0.0,0.0,0.0,0.0,0.0,0.0,Malick,Yalcouyé,2005-11-18,20.79,36.0,35.0,Midfielder,Central Midfielder,1n4yo2riltjwcxdyu20jiaxhw,e5p0ehyguld7egzhiedpdnc3w,Brighton & Hove Albion FC,Brighton & Hove Albion,Brighton,BHA,611695,1n4yo2riltjwcxdyu20jiaxhw
Malo Gusto,482609.0,1.0,76.0,0.0,0.0,0.0,0.0,0.0,0.0,0.0,Malo,Gusto,2003-05-19,23.29,8.0,27.0,Defender,Full Back,8jt4vsixxoqp4uvskyfl7k222,9q0arba2kbnywth8bkxlhgmdr,Chelsea FC,Chelsea,Chelsea,CHE,9.0,81.608,2.0,2.205,0.0,0.0,0.0,0.0,9.068,1.102,1.0,1.0,4.0,0.0,1.0,4.0,1.0,25.0,2.0,2.0,100.0,,,,,,,,,,482609.0,76.0,1.0,0.0,0.0,0.0,0.0,0.035,0.034,0.0,0.0,Malo,Gusto,2003-05-19,23.29,8.0,27.0,Defender,Full Back,8jt4vsixxoqp4uvskyfl7k222,9q0arba2kbnywth8bkxlhgmdr,Chelsea FC,Chelsea,Chelsea,CHE,482609.0,76.0,1.0,24.0,20.0,83.33,7.0,5.0,71.43,3.0,2.0,66.67,0.0,0.0,0.0,Malo,Gusto,2003-05-19,23.29,8.0,27.0,Defender,Full Back,8jt4vsixxoqp4uvskyfl7k222,9q0arba2kbnywth8bkxlhgmdr,Chelsea FC,Chelsea,Chelsea,CHE,482609,8jt4vsixxoqp4uvskyfl7k222
Mamadou Sangaré,513545.0,1.0,76.0,0.0,0.05,-0.05,1.0,1.0,0.0,0.05,Mamadou,Sangaré,2002-06-26,24.19,94.0,18.0,Midfielder,Central Midfielder,cngitl9unybpxpdle1nlc5qms,7yx5dqhhphyvfisohikodajhv,Brentford FC,Brentford,Brentford,BRE,8.0,72.222,3.0,25.83,0.0,0.0,0.0,0.0,9.028,8.61,2.0,2.0,7.0,0.0,2.0,10.0,6.0,60.0,0.0,0.0,0.0,,,,,,,,,,513545.0,76.0,1.0,2.0,2.0,2.94,0.0,0.325,0.325,1.0,1.0,Mamadou,Sangaré,2002-06-26,24.19,94.0,18.0,Midfielder,Central Midfielder,cngitl9unybpxpdle1nlc5qms,7yx5dqhhphyvfisohikodajhv,Brentford FC,Brentford,Brentford,BRE,513545.0,76.0,1.0,35.0,28.0,80.0,11.0,7.0,63.64,1.0,0.0,0.0,0.0,0.0,0.0,Mamadou,Sangaré,2002-06-26,24.19,94.0,18.0,Midfielder,Central Midfielder,cngitl9unybpxpdle1nlc5qms,7yx5dqhhphyvfisohikodajhv,Brentford FC,Brentford,Brentford,BRE,513545,cngitl9unybpxpdle1nlc5qms
Marc Guéhi,209036.0,1.0,90.0,1.0,0.89,0.11,2.0,1.0,50.0,0.45,Marc,Guéhi,2000-07-13,26.14,43.0,6.0,Defender,Central Defender,9ipux4xiejibplsbbhqz8d5gp,a3nyxabgsqlnqfkeg41m6tnpp,Manchester City FC,Manchester City,Man City,MCI,15.0,156.213,7.0,23.835,0.0,0.0,0.0,0.0,10.414,3.405,3.0,0.0,4.0,0.0,1.0,8.0,6.0,75.0,3.0,2.0,66.667,,,,,,,,,,209036.0,90.0,1.0,1.0,1.0,1.67,0.0,0.32,0.32,0.0,0.0,Marc,Guéhi,2000-07-13,26.14,43.0,6.0,Defender,Central Defender,9ipux4xiejibplsbbhqz8d5gp,a3nyxabgsqlnqfkeg41m6tnpp,Manchester City FC,Manchester City,Man City,MCI,209036.0,90.0,1.0,61.0,58.0,95.08,25.0,23.0,92.0,0.0,0.0,0.0,0.0,0.0,0.0,Marc,Guéhi,2000-07-13,26.14,43.0,6.0,Defender,Central Defender,9ipux4xiejibplsbbhqz8d5gp,a3nyxabgsqlnqfkeg41m6tnpp,Manchester City FC,Manchester City,Man City,MCI,209036,9ipux4xiejibplsbbhqz8d5gp
Marcelino Núñez,501390.0,1.0,80.0,0.0,0.03,-0.03,1.0,0.0,0.0,0.03,Marcelino,Núñez,2000-03-01,26.51,40.0,32.0,Midfielder,Central Midfielder,46zgunubdbe82ow2md0xf6o2y,8b523ujgl21tbc01me65q0aoh,Ipswich Town FC,Ipswich Town,Ipswich,IPS,10.0,71.406,2.0,11.025,0.0,0.0,0.0,0.0,7.141,5.512,2.0,1.0,6.0,0.0,2.0,8.0,4.0,50.0,0.0,0.0,0.0,,,,,,,,,,501390.0,80.0,1.0,0.0,0.0,0.0,0.0,0.033,0.023,0.0,0.0,Marcelino,Núñez,2000-03-01,26.51,40.0,32.0,Midfielder,Central Midfielder,46zgunubdbe82ow2md0xf6o2y,8b523ujgl21tbc01me65q0aoh,Ipswich Town FC,Ipswich Town,Ipswich,IPS,501390.0,80.0,1.0,41.0,39.0,95.12,10.0,8.0,80.0,0.0,0.0,0.0,0.0,0.0,0.0,Marcelino,Núñez,2000-03-01,26.51,40.0,32.0,Midfielder,Central Midfielder,46zgunubdbe82ow2md0xf6o2y,8b523ujgl21tbc01me65q0aoh,Ipswich Town FC,Ipswich Town,Ipswich,IPS,501390,46zgunubdbe82ow2md0xf6o2y
Marco Bizot,,,,,,,,,,,,,,,,,,,,,,,,,,,,,,,,,,,,,,,,,,,,,,90.0,100.0,1.0,4.0,3.0,42.86,0.59,1.0,3.59,,,,,,,,,,,,,,,,,,,,,,,,,,,,,,,,,,,,,,,,,,,,,,,,,,,,,,,72147,7h2icfuwy00ilm14dw5xyl5g5
Marcos Senesi,221466.0,1.0,90.0,0.0,0.0,0.0,0.0,0.0,0.0,0.0,Marcos,Senesi,1997-05-10,29.32,6.0,5.0,Defender,Central Defender,95pzsjfh0wf6isp6qpf9lddyh,22doj4sgsocqpxw45h607udje,Tottenham Hotspur FC,Tottenham Hotspur,Spurs,TOT,12.0,95.397,5.0,21.735,0.0,0.0,0.0,0.0,7.95,4.347,5.0,1.0,2.0,2.0,8.0,11.0,8.0,72.727,9.0,4.0,44.444,,,,,,,,,,221466.0,90.0,1.0,0.0,0.0,0.0,0.0,0.02,0.02,0.0,0.0,Marcos,Senesi,1997-05-10,29.32,6.0,5.0,Defender,Central Defender,95pzsjfh0wf6isp6qpf9lddyh,22doj4sgsocqpxw45h607udje,Tottenham Hotspur FC,Tottenham Hotspur,Spurs,TOT,221466.0,90.0,1.0,83.0,75.0,90.36,10.0,9.0,90.0,0.0,0.0,0.0,0.0,0.0,0.0,Marcos,Senesi,1997-05-10,29.32,6.0,5.0,Defender,Central Defender,95pzsjfh0wf6isp6qpf9lddyh,22doj4sgsocqpxw45h607udje,Tottenham Hotspur FC,Tottenham Hotspur,Spurs,TOT,221466,95pzsjfh0wf6isp6qpf9lddyh
Marcus Rashford,176297.0,1.0,45.0,0.0,0.0,0.0,0.0,0.0,0.0,0.0,Marcus,Rashford,1997-10-31,28.84,1.0,9.0,Forward,Second Striker,604osk9a3lxpfpkavuziqmn6x,6eqit8ye8aomdsrrq0hk3v7gh,Manchester United FC,Manchester United,Man Utd,MUN,10.0,114.648,4.0,29.925,0.0,0.0,2.0,0.0,11.465,7.481,0.0,0.0,1.0,0.0,0.0,3.0,2.0,66.667,2.0,0.0,0.0,,,,,,,,,,176297.0,45.0,1.0,4.0,4.0,16.67,0.0,0.097,0.097,0.0,0.0,Marcus,Rashford,1997-10-31,28.84,1.0,9.0,Forward,Second Striker,604osk9a3lxpfpkavuziqmn6x,6eqit8ye8aomdsrrq0hk3v7gh,Manchester United FC,Manchester United,Man Utd,MUN,176297.0,45.0,1.0,24.0,19.0,79.17,14.0,10.0,71.43,3.0,1.0,33.33,0.0,0.0,0.0,Marcus,Rashford,1997-10-31,28.84,1.0,9.0,Forward,Second Striker,604osk9a3lxpfpkavuziqmn6x,6eqit8ye8aomdsrrq0hk3v7gh,Manchester United FC,Manchester United,Man Utd,MUN,176297,604osk9a3lxpfpkavuziqmn6x
Marcus Tavernier,201658.0,1.0,90.0,1.0,0.4,0.6,2.0,1.0,50.0,0.2,Marcus,Tavernier,1999-03-22,27.45,91.0,16.0,Midfielder,Winger,b3gobhr43y8oxpafvp4f8rgmh,1pse9ta7a45pi2w2grjim70ge,AFC Bournemouth,Bournemouth,Bournemouth,BOU,9.0,130.573,5.0,75.075,1.0,0.0,0.0,0.0,14.508,15.015,2.0,0.0,4.0,0.0,2.0,10.0,5.0,50.0,2.0,1.0,50.0,,,,,,,,,,201658.0,90.0,1.0,1.0,0.0,0.0,100.0,0.076,0.011,0.0,0.0,Marcus,Tavernier,1999-03-22,27.45,91.0,16.0,Midfielder,Winger,b3gobhr43y8oxpafvp4f8rgmh,1pse9ta7a45pi2w2grjim70ge,AFC Bournemouth,Bournemouth,Bournemouth,BOU,201658.0,90.0,1.0,27.0,23.0,85.19,4.0,3.0,75.0,1.0,0.0,0.0,0.0,0.0,0.0,Marcus,Tavernier,1999-03-22,27.45,91.0,16.0,Midfielder,Winger,b3gobhr43y8oxpafvp4f8rgmh,1pse9ta7a45pi2w2grjim70ge,AFC Bournemouth,Bournemouth,Bournemouth,BOU,201658,b3gobhr43y8oxpafvp4f8rgmh
Martin Ødegaard,184029.0,1.0,76.0,1.0,0.21,0.79,3.0,1.0,33.33,0.07,Martin,Ødegaard,1998-12-17,27.71,3.0,8.0,Midfielder,Attacking Midfielder,b1lcxeihx8z6pfv1jef4j5jh1,4dsgumo7d4zupm2ugsvm4zm4d,Arsenal FC,Arsenal,Arsenal,ARS,19.0,191.566,9.0,84.0,0.0,0.0,1.0,0.0,10.082,9.333,3.0,0.0,4.0,0.0,1.0,4.0,4.0,100.0,2.0,0.0,0.0,,,,,,,,,,184029.0,76.0,1.0,3.0,3.0,5.66,0.0,0.098,0.096,0.0,0.0,Martin,Ødegaard,1998-12-17,27.71,3.0,8.0,Midfielder,Attacking Midfielder,b1lcxeihx8z6pfv1jef4j5jh1,4dsgumo7d4zupm2ugsvm4zm4d,Arsenal FC,Arsenal,Arsenal,ARS,184029.0,76.0,1.0,56.0,52.0,92.86,28.0,24.0,85.71,2.0,0.0,0.0,1.0,0.0,0.0,Martin,Ødegaard,1998-12-17,27.71,3.0,8.0,Midfielder,Attacking Midfielder,b1lcxeihx8z6pfv1jef4j5jh1,4dsgumo7d4zupm2ugsvm4zm4d,Arsenal FC,Arsenal,Arsenal,ARS,184029,b1lcxeihx8z6pfv1jef4j5jh1
Martín Zubimendi,481655.0,1.0,22.0,0.0,0.0,0.0,0.0,0.0,0.0,0.0,Martín,Zubimendi,1999-02-02,27.58,3.0,36.0,Midfielder,Defensive Midfielder,80aqmv4ht6rs1812qrr5j8kix,4dsgumo7d4zupm2ugsvm4zm4d,Arsenal FC,Arsenal,Arsenal,ARS,7.0,67.31,2.0,13.545,0.0,0.0,0.0,0.0,9.616,6.772,1.0,0.0,2.0,0.0,0.0,1.0,1.0,100.0,0.0,0.0,0.0,,,,,,,,,,481655.0,22.0,1.0,0.0,0.0,0.0,0.0,0.018,0.018,0.0,0.0,Martín,Zubimendi,1999-02-02,27.58,3.0,36.0,Midfielder,Defensive Midfielder,80aqmv4ht6rs1812qrr5j8kix,4dsgumo7d4zupm2ugsvm4zm4d,Arsenal FC,Arsenal,Arsenal,ARS,481655.0,22.0,1.0,28.0,26.0,92.86,7.0,6.0,85.71,0.0,0.0,0.0,0.0,0.0,0.0,Martín,Zubimendi,1999-02-02,27.58,3.0,36.0,Midfielder,Defensive Midfielder,80aqmv4ht6rs1812qrr5j8kix,4dsgumo7d4zupm2ugsvm4zm4d,Arsenal FC,Arsenal,Arsenal,ARS,481655,80aqmv4ht6rs1812qrr5j8kix
Mateo Kovacic,91651.0,1.0,27.0,0.0,0.0,0.0,0.0,0.0,0.0,0.0,Mateo,Kovacic,1994-05-06,32.33,43.0,8.0,Midfielder,Central Midfielder,ehopba709zukxj4vgcync942d,a3nyxabgsqlnqfkeg41m6tnpp,Manchester City FC,Manchester City,Man City,MCI,9.0,76.95,3.0,5.145,0.0,0.0,0.0,0.0,8.55,1.715,0.0,0.0,2.0,0.0,0.0,0.0,0.0,0.0,0.0,0.0,0.0,,,,,,,,,,91651.0,0.0,0.0,0.0,0.0,0.0,0.0,0.0,0.0,0.0,0.0,Mateo,Kovacic,1994-05-06,32.33,43.0,8.0,Midfielder,Central Midfielder,ehopba709zukxj4vgcync942d,a3nyxabgsqlnqfkeg41m6tnpp,Manchester City FC,Manchester City,Man City,MCI,91651.0,0.0,0.0,0.0,0.0,0.0,0.0,0.0,0.0,0.0,0.0,0.0,0.0,0.0,0.0,Mateo,Kovacic,1994-05-06,32.33,43.0,8.0,Midfielder,Central Midfielder,ehopba709zukxj4vgcync942d,a3nyxabgsqlnqfkeg41m6tnpp,Manchester City FC,Manchester City,Man City,MCI,91651,ehopba709zukxj4vgcync942d
Mateus Fernandes,551226.0,1.0,45.0,0.0,0.0,0.0,0.0,0.0,0.0,0.0,Mateus Gonçalo,Espanha Fernandes,2004-07-10,22.15,6.0,18.0,Midfielder,Central Midfielder,d6tc895jr5kkxotydz2jcjx1w,22doj4sgsocqpxw45h607udje,Tottenham Hotspur FC,Tottenham Hotspur,Spurs,TOT,10.0,94.745,4.0,2.415,0.0,0.0,1.0,0.0,9.474,0.604,1.0,0.0,1.0,0.0,0.0,4.0,2.0,50.0,1.0,0.0,0.0,,,,,,,,,,551226.0,45.0,1.0,2.0,2.0,5.88,0.0,0.056,0.055,0.0,0.0,Mateus Gonçalo,Espanha Fernandes,2004-07-10,22.15,6.0,18.0,Midfielder,Central Midfielder,d6tc895jr5kkxotydz2jcjx1w,22doj4sgsocqpxw45h607udje,Tottenham Hotspur FC,Tottenham Hotspur,Spurs,TOT,551226.0,45.0,1.0,37.0,34.0,91.89,4.0,3.0,75.0,0.0,0.0,0.0,0.0,0.0,0.0,Mateus Gonçalo,Espanha Fernandes,2004-07-10,22.15,6.0,18.0,Midfielder,Central Midfielder,d6tc895jr5kkxotydz2jcjx1w,22doj4sgsocqpxw45h607udje,Tottenham Hotspur FC,Tottenham Hotspur,Spurs,TOT,551226,d6tc895jr5kkxotydz2jcjx1w
Matheus Cunha,430871.0,1.0,80.0,0.0,0.24,-0.24,3.0,1.0,0.0,0.08,Matheus,Santos Carneiro da Cunha,1999-05-27,27.27,1.0,10.0,Forward,Second Striker,9rm3r46uzxlmuqnp0jo4danhm,6eqit8ye8aomdsrrq0hk3v7gh,Manchester United FC,Manchester United,Man Utd,MUN,11.0,161.422,5.0,90.09,0.0,0.0,1.0,0.0,14.675,18.018,0.0,0.0,3.0,0.0,0.0,5.0,1.0,20.0,2.0,0.0,0.0,,,,,,,,,,430871.0,80.0,1.0,2.0,2.0,7.14,0.0,0.213,0.212,0.0,0.0,Matheus,Santos Carneiro da Cunha,1999-05-27,27.27,1.0,10.0,Forward,Second Striker,9rm3r46uzxlmuqnp0jo4danhm,6eqit8ye8aomdsrrq0hk3v7gh,Manchester United FC,Manchester United,Man Utd,MUN,430871.0,80.0,1.0,28.0,27.0,96.43,15.0,14.0,93.33,3.0,0.0,0.0,1.0,1.0,100.0,Matheus,Santos Carneiro da Cunha,1999-05-27,27.27,1.0,10.0,Forward,Second Striker,9rm3r46uzxlmuqnp0jo4danhm,6eqit8ye8aomdsrrq0hk3v7gh,Manchester United FC,Manchester United,Man Utd,MUN,430871,9rm3r46uzxlmuqnp0jo4danhm
Matheus Nunes,465351.0,1.0,33.0,0.0,0.0,0.0,0.0,0.0,0.0,0.0,Matheus Luiz,Nunes,1998-08-27,28.02,43.0,27.0,Midfielder,Central Midfielder,3trkre1c81pzretsjsi8jk6sq,a3nyxabgsqlnqfkeg41m6tnpp,Manchester City FC,Manchester City,Man City,MCI,4.0,89.072,3.0,51.135,0.0,0.0,0.0,0.0,22.268,17.045,0.0,0.0,2.0,0.0,1.0,1.0,1.0,100.0,0.0,0.0,0.0,,,,,,,,,,465351.0,33.0,1.0,0.0,0.0,0.0,0.0,0.041,0.041,0.0,0.0,Matheus Luiz,Nunes,1998-08-27,28.02,43.0,27.0,Midfielder,Central Midfielder,3trkre1c81pzretsjsi8jk6sq,a3nyxabgsqlnqfkeg41m6tnpp,Manchester City FC,Manchester City,Man City,MCI,465351.0,33.0,1.0,23.0,20.0,86.96,7.0,7.0,100.0,2.0,0.0,0.0,0.0,0.0,0.0,Matheus Luiz,Nunes,1998-08-27,28.02,43.0,27.0,Midfielder,Central Midfielder,3trkre1c81pzretsjsi8jk6sq,a3nyxabgsqlnqfkeg41m6tnpp,Manchester City FC,Manchester City,Man City,MCI,465351,3trkre1c81pzretsjsi8jk6sq
Mathias Jensen,207283.0,1.0,67.0,0.0,0.08,-0.08,2.0,1.0,0.0,0.04,Mathias,Jensen,1996-01-01,30.67,94.0,8.0,Midfielder,Central Midfielder,dtol82tjlq48bs0s70sisguz9,7yx5dqhhphyvfisohikodajhv,Brentford FC,Brentford,Brentford,BRE,7.0,54.032,2.0,16.275,1.0,0.0,1.0,0.0,7.719,8.137,2.0,0.0,3.0,0.0,0.0,7.0,2.0,28.571,1.0,0.0,0.0,,,,,,,,,,207283.0,67.0,1.0,3.0,1.0,4.0,66.67,0.338,0.269,0.0,0.0,Mathias,Jensen,1996-01-01,30.67,94.0,8.0,Midfielder,Central Midfielder,dtol82tjlq48bs0s70sisguz9,7yx5dqhhphyvfisohikodajhv,Brentford FC,Brentford,Brentford,BRE,207283.0,67.0,1.0,27.0,26.0,96.3,9.0,9.0,100.0,3.0,1.0,33.33,0.0,0.0,0.0,Mathias,Jensen,1996-01-01,30.67,94.0,8.0,Midfielder,Central Midfielder,dtol82tjlq48bs0s70sisguz9,7yx5dqhhphyvfisohikodajhv,Brentford FC,Brentford,Brentford,BRE,207283,dtol82tjlq48bs0s70sisguz9
Mathys Tel,511499.0,1.0,90.0,0.0,0.06,-0.06,2.0,0.0,0.0,0.03,Mathys,Tel,2005-04-27,21.35,6.0,11.0,Forward,0,cv1d56d42wujfuc4kt6bn53x0,22doj4sgsocqpxw45h607udje,Tottenham Hotspur FC,Tottenham Hotspur,Spurs,TOT,26.0,292.955,17.0,197.925,1.0,0.0,2.0,0.0,11.268,11.643,0.0,0.0,7.0,0.0,1.0,14.0,6.0,42.857,3.0,1.0,33.333,,,,,,,,,,511499.0,90.0,1.0,2.0,2.0,5.26,0.0,0.065,0.062,0.0,0.0,Mathys,Tel,2005-04-27,21.35,6.0,11.0,Forward,0,cv1d56d42wujfuc4kt6bn53x0,22doj4sgsocqpxw45h607udje,Tottenham Hotspur FC,Tottenham Hotspur,Spurs,TOT,511499.0,90.0,1.0,39.0,34.0,87.18,26.0,24.0,92.31,2.0,0.0,0.0,0.0,0.0,0.0,Mathys,Tel,2005-04-27,21.35,6.0,11.0,Forward,0,cv1d56d42wujfuc4kt6bn53x0,22doj4sgsocqpxw45h607udje,Tottenham Hotspur FC,Tottenham Hotspur,Spurs,TOT,511499,cv1d56d42wujfuc4kt6bn53x0
Mats Wieffer,467779.0,1.0,78.0,0.0,0.09,-0.09,1.0,0.0,0.0,0.09,Mats,Wieffer,1999-11-16,26.8,36.0,27.0,Midfielder,Defensive Midfielder,672cwl9zj2d6lce6jda350vvu,e5p0ehyguld7egzhiedpdnc3w,Brighton & Hove Albion FC,Brighton & Hove Albion,Brighton,BHA,9.0,82.131,3.0,30.24,0.0,0.0,0.0,0.0,9.126,10.08,4.0,4.0,5.0,0.0,0.0,14.0,8.0,57.143,5.0,3.0,60.0,,,,,,,,,,467779.0,78.0,1.0,2.0,2.0,3.45,0.0,0.05,0.05,0.0,0.0,Mats,Wieffer,1999-11-16,26.8,36.0,27.0,Midfielder,Defensive Midfielder,672cwl9zj2d6lce6jda350vvu,e5p0ehyguld7egzhiedpdnc3w,Brighton & Hove Albion FC,Brighton & Hove Albion,Brighton,BHA,467779.0,78.0,1.0,60.0,55.0,91.67,17.0,15.0,88.24,1.0,0.0,0.0,0.0,0.0,0.0,Mats,Wieffer,1999-11-16,26.8,36.0,27.0,Midfielder,Defensive Midfielder,672cwl9zj2d6lce6jda350vvu,e5p0ehyguld7egzhiedpdnc3w,Brighton & Hove Albion FC,Brighton & Hove Albion,Brighton,BHA,467779,672cwl9zj2d6lce6jda350vvu
Matt Crooks,101282.0,1.0,90.0,0.0,0.0,0.0,0.0,0.0,0.0,0.0,Matt,Crooks,1994-01-20,32.62,88.0,25.0,Midfielder,Central Midfielder,al2o9s4x633kg6mveprla1ped,f0figafm2v9h8ofo6slajj7xf,Hull City AFC,Hull City,Hull,HUL,5.0,43.895,3.0,20.475,0.0,0.0,0.0,0.0,8.779,6.825,4.0,0.0,1.0,2.0,2.0,10.0,5.0,50.0,3.0,3.0,100.0,,,,,,,,,,101282.0,90.0,1.0,0.0,0.0,0.0,0.0,0.004,0.004,0.0,0.0,Matt,Crooks,1994-01-20,32.62,88.0,25.0,Midfielder,Central Midfielder,al2o9s4x633kg6mveprla1ped,f0figafm2v9h8ofo6slajj7xf,Hull City AFC,Hull City,Hull,HUL,101282.0,90.0,1.0,21.0,15.0,71.43,4.0,2.0,50.0,0.0,0.0,0.0,0.0,0.0,0.0,Matt,Crooks,1994-01-20,32.62,88.0,25.0,Midfielder,Central Midfielder,al2o9s4x633kg6mveprla1ped,f0figafm2v9h8ofo6slajj7xf,Hull City AFC,Hull City,Hull,HUL,101282,al2o9s4x633kg6mveprla1ped
Matt Grimes,168144.0,1.0,90.0,0.0,0.0,0.0,0.0,0.0,0.0,0.0,Matt,Grimes,1995-07-15,31.14,9.0,6.0,Midfielder,0,9offctffrvq9n7kcoyya675cl,dacoc20k0n3fxu4zek8wufmko,Coventry City FC,Coventry City,Coventry,COV,13.0,100.105,3.0,33.39,0.0,0.0,0.0,0.0,7.7,11.13,0.0,0.0,3.0,1.0,3.0,2.0,2.0,100.0,4.0,3.0,75.0,,,,,,,,,,168144.0,90.0,1.0,0.0,0.0,0.0,0.0,0.015,0.014,0.0,0.0,Matt,Grimes,1995-07-15,31.14,9.0,6.0,Midfielder,0,9offctffrvq9n7kcoyya675cl,dacoc20k0n3fxu4zek8wufmko,Coventry City FC,Coventry City,Coventry,COV,168144.0,90.0,1.0,56.0,50.0,89.29,18.0,14.0,77.78,0.0,0.0,0.0,0.0,0.0,0.0,Matt,Grimes,1995-07-15,31.14,9.0,6.0,Midfielder,0,9offctffrvq9n7kcoyya675cl,dacoc20k0n3fxu4zek8wufmko,Coventry City FC,Coventry City,Coventry,COV,168144,9offctffrvq9n7kcoyya675cl
Matt Targett,169359.0,1.0,5.0,0.0,0.0,0.0,0.0,0.0,0.0,0.0,Matt,Targett,1995-09-18,30.96,88.0,23.0,Defender,Full Back,7g5elxh8h34yj55h9heydhzv9,f0figafm2v9h8ofo6slajj7xf,Hull City AFC,Hull City,Hull,HUL,0.0,0.0,0.0,0.0,0.0,0.0,0.0,0.0,0.0,0.0,0.0,0.0,1.0,0.0,0.0,0.0,0.0,0.0,0.0,0.0,0.0,,,,,,,,,,169359.0,5.0,1.0,0.0,0.0,0.0,0.0,0.001,0.001,0.0,0.0,Matt,Targett,1995-09-18,30.96,88.0,23.0,Defender,Full Back,7g5elxh8h34yj55h9heydhzv9,f0figafm2v9h8ofo6slajj7xf,Hull City AFC,Hull City,Hull,HUL,169359.0,5.0,1.0,5.0,5.0,100.0,1.0,1.0,100.0,0.0,0.0,0.0,0.0,0.0,0.0,Matt,Targett,1995-09-18,30.96,88.0,23.0,Defender,Full Back,7g5elxh8h34yj55h9heydhzv9,f0figafm2v9h8ofo6slajj7xf,Hull City AFC,Hull City,Hull,HUL,169359,7g5elxh8h34yj55h9heydhzv9
Matteo Ruggeri,487992.0,1.0,8.0,0.0,0.0,0.0,0.0,0.0,0.0,0.0,Matteo,Ruggeri,2002-07-11,24.15,7.0,13.0,Defender,Full Back,7mvqysbmyf6uj3jny3qpqw2ga,b496gs285it6bheuikox6z9mj,Aston Villa FC,Aston Villa,Villa,AVL,0.0,0.0,0.0,0.0,0.0,0.0,0.0,0.0,0.0,0.0,2.0,0.0,0.0,0.0,0.0,2.0,2.0,100.0,0.0,0.0,0.0,,,,,,,,,,487992.0,8.0,1.0,0.0,0.0,0.0,0.0,0.0,0.0,0.0,0.0,Matteo,Ruggeri,2002-07-11,24.15,7.0,13.0,Defender,Full Back,7mvqysbmyf6uj3jny3qpqw2ga,b496gs285it6bheuikox6z9mj,Aston Villa FC,Aston Villa,Villa,AVL,487992.0,8.0,1.0,0.0,0.0,0.0,0.0,0.0,0.0,0.0,0.0,0.0,0.0,0.0,0.0,Matteo,Ruggeri,2002-07-11,24.15,7.0,13.0,Defender,Full Back,7mvqysbmyf6uj3jny3qpqw2ga,b496gs285it6bheuikox6z9mj,Aston Villa FC,Aston Villa,Villa,AVL,487992,7mvqysbmyf6uj3jny3qpqw2ga
Matty Cash,199796.0,1.0,90.0,0.0,0.0,0.0,0.0,0.0,0.0,0.0,Matty,Cash,1997-08-07,29.07,7.0,2.0,Defender,Full Back,1e9txzr9hqz94xtun6byo0vs9,b496gs285it6bheuikox6z9mj,Aston Villa FC,Aston Villa,Villa,AVL,8.0,99.881,6.0,35.07,0.0,0.0,0.0,0.0,12.485,5.845,2.0,1.0,0.0,1.0,3.0,5.0,4.0,80.0,1.0,0.0,0.0,,,,,,,,,,199796.0,90.0,1.0,0.0,0.0,0.0,0.0,0.003,0.003,0.0,0.0,Matty,Cash,1997-08-07,29.07,7.0,2.0,Defender,Full Back,1e9txzr9hqz94xtun6byo0vs9,b496gs285it6bheuikox6z9mj,Aston Villa FC,Aston Villa,Villa,AVL,199796.0,90.0,1.0,29.0,22.0,75.86,10.0,7.0,70.0,0.0,0.0,0.0,0.0,0.0,0.0,Matty,Cash,1997-08-07,29.07,7.0,2.0,Defender,Full Back,1e9txzr9hqz94xtun6byo0vs9,b496gs285it6bheuikox6z9mj,Aston Villa FC,Aston Villa,Villa,AVL,199796,1e9txzr9hqz94xtun6byo0vs9
Matz Sels,,,,,,,,,,,,,,,,,,,,,,,,,,,,,,,,,,,,,,,,,,,,,,90.0,100.0,0.0,1.0,2.0,66.67,-0.47,0.0,0.53,,,,,,,,,,,,,,,,,,,,,,,,,,,,,,,,,,,,,,,,,,,,,,,,,,,,,,,85633,2vgr8c97x4b2e51tyvvixusid
Max Dowman,616077.0,0.0,0.0,0.0,0.0,0.0,0.0,0.0,0.0,0.0,Max,Dowman,2009-12-31,16.67,3.0,56.0,Midfielder,Attacking Midfielder,616077,4dsgumo7d4zupm2ugsvm4zm4d,Arsenal FC,Arsenal,Arsenal,ARS,0.0,0.0,0.0,0.0,0.0,0.0,0.0,0.0,0.0,0.0,0.0,0.0,0.0,0.0,0.0,0.0,0.0,0.0,0.0,0.0,0.0,,,,,,,,,,616077.0,0.0,0.0,0.0,0.0,0.0,0.0,0.0,0.0,0.0,0.0,Max,Dowman,2009-12-31,16.67,3.0,56.0,Midfielder,Attacking Midfielder,616077,4dsgumo7d4zupm2ugsvm4zm4d,Arsenal FC,Arsenal,Arsenal,ARS,616077.0,0.0,0.0,0.0,0.0,0.0,0.0,0.0,0.0,0.0,0.0,0.0,0.0,0.0,0.0,Max,Dowman,2009-12-31,16.67,3.0,56.0,Midfielder,Attacking Midfielder,616077,4dsgumo7d4zupm2ugsvm4zm4d,Arsenal FC,Arsenal,Arsenal,ARS,616077,616077
Maxence Lacroix,437499.0,1.0,90.0,0.0,0.0,0.0,0.0,0.0,0.0,0.0,Maxence,Lacroix,2000-04-06,26.41,8.0,5.0,Defender,Central Defender,7e7w34imugzsufvytjxytupd5,9q0arba2kbnywth8bkxlhgmdr,Chelsea FC,Chelsea,Chelsea,CHE,10.0,102.783,4.0,23.1,0.0,0.0,1.0,1.0,10.278,5.775,5.0,2.0,2.0,1.0,4.0,10.0,6.0,60.0,8.0,2.0,25.0,,,,,,,,,,437499.0,90.0,1.0,1.0,1.0,0.0,0.0,0.2,0.2,1.0,1.0,Maxence,Lacroix,2000-04-06,26.41,8.0,5.0,Defender,Central Defender,7e7w34imugzsufvytjxytupd5,9q0arba2kbnywth8bkxlhgmdr,Chelsea FC,Chelsea,Chelsea,CHE,437499.0,90.0,1.0,50.0,47.0,94.0,4.0,3.0,75.0,0.0,0.0,0.0,0.0,0.0,0.0,Maxence,Lacroix,2000-04-06,26.41,8.0,5.0,Defender,Central Defender,7e7w34imugzsufvytjxytupd5,9q0arba2kbnywth8bkxlhgmdr,Chelsea FC,Chelsea,Chelsea,CHE,437499,7e7w34imugzsufvytjxytupd5
Maxim De Cuyper,465730.0,1.0,78.0,1.0,1.47,-0.47,4.0,1.0,25.0,0.37,Maxim,De Cuyper,2000-12-22,25.7,36.0,29.0,Defender,Full Back,bjhjz96omjukrg6tj3mny39t6,e5p0ehyguld7egzhiedpdnc3w,Brighton & Hove Albion FC,Brighton & Hove Albion,Brighton,BHA,9.0,71.3,7.0,62.37,0.0,0.0,0.0,0.0,7.922,8.91,3.0,1.0,3.0,0.0,0.0,7.0,3.0,42.857,0.0,0.0,0.0,,,,,,,,,,465730.0,78.0,1.0,3.0,2.0,5.0,33.33,0.211,0.165,0.0,0.0,Maxim,De Cuyper,2000-12-22,25.7,36.0,29.0,Defender,Full Back,bjhjz96omjukrg6tj3mny39t6,e5p0ehyguld7egzhiedpdnc3w,Brighton & Hove Albion FC,Brighton & Hove Albion,Brighton,BHA,465730.0,78.0,1.0,41.0,37.0,90.24,16.0,14.0,87.5,4.0,1.0,25.0,0.0,0.0,0.0,Maxim,De Cuyper,2000-12-22,25.7,36.0,29.0,Defender,Full Back,bjhjz96omjukrg6tj3mny39t6,e5p0ehyguld7egzhiedpdnc3w,Brighton & Hove Albion FC,Brighton & Hove Albion,Brighton,BHA,465730,bjhjz96omjukrg6tj3mny39t6
Merlin Röhl,513466.0,1.0,90.0,0.0,0.0,0.0,0.0,0.0,0.0,0.0,Merlin,Röhl,2002-07-05,24.16,11.0,34.0,Midfielder,Attacking Midfielder,5n7vp6g13q7sxkzbygfbz27oq,ehd2iemqmschhj2ec0vayztzz,Everton FC,Everton,Everton,EVE,15.0,180.856,8.0,132.09,0.0,0.0,0.0,0.0,12.057,16.511,2.0,0.0,5.0,0.0,2.0,3.0,2.0,66.667,4.0,3.0,75.0,,,,,,,,,,513466.0,90.0,1.0,1.0,1.0,2.44,0.0,0.056,0.055,0.0,0.0,Merlin,Röhl,2002-07-05,24.16,11.0,34.0,Midfielder,Attacking Midfielder,5n7vp6g13q7sxkzbygfbz27oq,ehd2iemqmschhj2ec0vayztzz,Everton FC,Everton,Everton,EVE,513466.0,90.0,1.0,42.0,31.0,73.81,11.0,9.0,81.82,2.0,0.0,0.0,0.0,0.0,0.0,Merlin,Röhl,2002-07-05,24.16,11.0,34.0,Midfielder,Attacking Midfielder,5n7vp6g13q7sxkzbygfbz27oq,ehd2iemqmschhj2ec0vayztzz,Everton FC,Everton,Everton,EVE,513466,5n7vp6g13q7sxkzbygfbz27oq
Michael Kayode,607464.0,1.0,76.0,1.0,0.5,0.5,4.0,1.0,25.0,0.13,Michael,Kayode,2004-07-10,22.15,94.0,33.0,Defender,Full Back,471t4engadct4su6thk5r5qtw,7yx5dqhhphyvfisohikodajhv,Brentford FC,Brentford,Brentford,BRE,4.0,34.455,1.0,-12.915,0.0,0.0,0.0,0.0,8.614,-12.915,0.0,3.0,5.0,0.0,1.0,8.0,4.0,50.0,4.0,4.0,100.0,,,,,,,,,,607464.0,76.0,1.0,0.0,0.0,0.0,0.0,0.001,0.001,0.0,0.0,Michael,Kayode,2004-07-10,22.15,94.0,33.0,Defender,Full Back,471t4engadct4su6thk5r5qtw,7yx5dqhhphyvfisohikodajhv,Brentford FC,Brentford,Brentford,BRE,607464.0,76.0,1.0,10.0,9.0,90.0,0.0,0.0,0.0,0.0,0.0,0.0,0.0,0.0,0.0,Michael,Kayode,2004-07-10,22.15,94.0,33.0,Defender,Full Back,471t4engadct4su6thk5r5qtw,7yx5dqhhphyvfisohikodajhv,Brentford FC,Brentford,Brentford,BRE,607464,471t4engadct4su6thk5r5qtw
Michael Keane,106611.0,0.0,0.0,0.0,0.0,0.0,0.0,0.0,0.0,0.0,Michael,Keane,1993-01-11,33.65,11.0,5.0,Defender,Central Defender,106611,ehd2iemqmschhj2ec0vayztzz,Everton FC,Everton,Everton,EVE,0.0,0.0,0.0,0.0,0.0,0.0,0.0,0.0,0.0,0.0,0.0,0.0,0.0,0.0,0.0,0.0,0.0,0.0,0.0,0.0,0.0,,,,,,,,,,106611.0,0.0,0.0,0.0,0.0,0.0,0.0,0.0,0.0,0.0,0.0,Michael,Keane,1993-01-11,33.65,11.0,5.0,Defender,Central Defender,106611,ehd2iemqmschhj2ec0vayztzz,Everton FC,Everton,Everton,EVE,106611.0,0.0,0.0,0.0,0.0,0.0,0.0,0.0,0.0,0.0,0.0,0.0,0.0,0.0,0.0,Michael,Keane,1993-01-11,33.65,11.0,5.0,Defender,Central Defender,106611,ehd2iemqmschhj2ec0vayztzz,Everton FC,Everton,Everton,EVE,106611,106611
Michael Svoboda,454490.0,0.0,0.0,0.0,0.0,0.0,0.0,0.0,0.0,0.0,Michael,Svoboda,1998-10-15,27.88,36.0,30.0,Defender,Central Defender,454490,e5p0ehyguld7egzhiedpdnc3w,Brighton & Hove Albion FC,Brighton & Hove Albion,Brighton,BHA,0.0,0.0,0.0,0.0,0.0,0.0,0.0,0.0,0.0,0.0,0.0,0.0,0.0,0.0,0.0,0.0,0.0,0.0,0.0,0.0,0.0,,,,,,,,,,454490.0,0.0,0.0,0.0,0.0,0.0,0.0,0.0,0.0,0.0,0.0,Michael,Svoboda,1998-10-15,27.88,36.0,30.0,Defender,Central Defender,454490,e5p0ehyguld7egzhiedpdnc3w,Brighton & Hove Albion FC,Brighton & Hove Albion,Brighton,BHA,454490.0,0.0,0.0,0.0,0.0,0.0,0.0,0.0,0.0,0.0,0.0,0.0,0.0,0.0,0.0,Michael,Svoboda,1998-10-15,27.88,36.0,30.0,Defender,Central Defender,454490,e5p0ehyguld7egzhiedpdnc3w,Brighton & Hove Albion FC,Brighton & Hove Albion,Brighton,BHA,454490,454490
Mikel Merino,195384.0,1.0,14.0,0.0,0.14,-0.14,2.0,1.0,0.0,0.07,Mikel,Merino,1996-06-22,30.2,3.0,23.0,Midfielder,Central Midfielder,atigcsq78g14w82lwvay26aj9,4dsgumo7d4zupm2ugsvm4zm4d,Arsenal FC,Arsenal,Arsenal,ARS,5.0,34.184,2.0,23.415,2.0,0.0,0.0,0.0,6.837,11.708,0.0,0.0,2.0,0.0,0.0,2.0,1.0,50.0,0.0,0.0,0.0,,,,,,,,,,195384.0,14.0,1.0,0.0,0.0,0.0,0.0,0.018,0.018,0.0,0.0,Mikel,Merino,1996-06-22,30.2,3.0,23.0,Midfielder,Central Midfielder,atigcsq78g14w82lwvay26aj9,4dsgumo7d4zupm2ugsvm4zm4d,Arsenal FC,Arsenal,Arsenal,ARS,195384.0,14.0,1.0,12.0,11.0,91.67,5.0,4.0,80.0,0.0,0.0,0.0,0.0,0.0,0.0,Mikel,Merino,1996-06-22,30.2,3.0,23.0,Midfielder,Central Midfielder,atigcsq78g14w82lwvay26aj9,4dsgumo7d4zupm2ugsvm4zm4d,Arsenal FC,Arsenal,Arsenal,ARS,195384,atigcsq78g14w82lwvay26aj9
Mikey Moore,499721.0,1.0,68.0,0.0,0.38,-0.38,3.0,3.0,0.0,0.13,Mikey,Moore,2007-08-11,19.06,6.0,47.0,Forward,Winger,42rwtl17m029bdkerhfixiolw,22doj4sgsocqpxw45h607udje,Tottenham Hotspur FC,Tottenham Hotspur,Spurs,TOT,7.0,82.65,3.0,13.23,1.0,0.0,0.0,0.0,11.807,4.41,1.0,0.0,1.0,0.0,0.0,4.0,4.0,100.0,2.0,0.0,0.0,,,,,,,,,,499721.0,68.0,1.0,0.0,0.0,0.0,0.0,0.015,0.015,0.0,0.0,Mikey,Moore,2007-08-11,19.06,6.0,47.0,Forward,Winger,42rwtl17m029bdkerhfixiolw,22doj4sgsocqpxw45h607udje,Tottenham Hotspur FC,Tottenham Hotspur,Spurs,TOT,499721.0,68.0,1.0,13.0,11.0,84.62,8.0,6.0,75.0,1.0,1.0,100.0,0.0,0.0,0.0,Mikey,Moore,2007-08-11,19.06,6.0,47.0,Forward,Winger,42rwtl17m029bdkerhfixiolw,22doj4sgsocqpxw45h607udje,Tottenham Hotspur FC,Tottenham Hotspur,Spurs,TOT,499721,42rwtl17m029bdkerhfixiolw
Mikkel Damsgaard,440089.0,1.0,14.0,0.0,0.0,0.0,0.0,0.0,0.0,0.0,Mikkel,Damsgaard,2000-07-03,26.17,94.0,24.0,Midfielder,Attacking Midfielder,ek0k9s7axizns3vtzyy3z5nu,7yx5dqhhphyvfisohikodajhv,Brentford FC,Brentford,Brentford,BRE,3.0,28.829,3.0,25.83,0.0,0.0,0.0,0.0,9.61,8.61,1.0,0.0,3.0,0.0,0.0,2.0,1.0,50.0,0.0,0.0,0.0,,,,,,,,,,440089.0,14.0,1.0,2.0,1.0,7.69,50.0,0.108,0.023,0.0,0.0,Mikkel,Damsgaard,2000-07-03,26.17,94.0,24.0,Midfielder,Attacking Midfielder,ek0k9s7axizns3vtzyy3z5nu,7yx5dqhhphyvfisohikodajhv,Brentford FC,Brentford,Brentford,BRE,440089.0,14.0,1.0,14.0,12.0,85.71,5.0,4.0,80.0,1.0,0.0,0.0,0.0,0.0,0.0,Mikkel,Damsgaard,2000-07-03,26.17,94.0,24.0,Midfielder,Attacking Midfielder,ek0k9s7axizns3vtzyy3z5nu,7yx5dqhhphyvfisohikodajhv,Brentford FC,Brentford,Brentford,BRE,440089,ek0k9s7axizns3vtzyy3z5nu
Milan van Ewijk,451284.0,1.0,90.0,0.0,0.0,0.0,0.0,0.0,0.0,0.0,Milan,van Ewijk,2000-09-08,25.98,9.0,27.0,Defender,Full Back,etzj9ltadjsvkmahib7hor90q,dacoc20k0n3fxu4zek8wufmko,Coventry City FC,Coventry City,Coventry,COV,8.0,118.172,5.0,54.915,0.0,0.0,0.0,0.0,14.772,10.983,1.0,1.0,3.0,2.0,3.0,4.0,1.0,25.0,1.0,0.0,0.0,,,,,,,,,,451284.0,90.0,1.0,0.0,0.0,0.0,0.0,0.007,0.007,0.0,0.0,Milan,van Ewijk,2000-09-08,25.98,9.0,27.0,Defender,Full Back,etzj9ltadjsvkmahib7hor90q,dacoc20k0n3fxu4zek8wufmko,Coventry City FC,Coventry City,Coventry,COV,451284.0,90.0,1.0,19.0,14.0,73.68,7.0,5.0,71.43,0.0,0.0,0.0,0.0,0.0,0.0,Milan,van Ewijk,2000-09-08,25.98,9.0,27.0,Defender,Full Back,etzj9ltadjsvkmahib7hor90q,dacoc20k0n3fxu4zek8wufmko,Coventry City FC,Coventry City,Coventry,COV,451284,etzj9ltadjsvkmahib7hor90q
Milos Kerkez,544877.0,1.0,90.0,0.0,0.02,-0.02,2.0,1.0,0.0,0.01,Milos,Kerkez,2003-11-07,22.82,14.0,6.0,Defender,Full Back,a2zavv31d2aadyddk0kjttdgq,c8h9bw1l82s06h77xxrelzhur,Liverpool FC,Liverpool,Liverpool,LIV,6.0,47.203,3.0,21.63,1.0,0.0,0.0,0.0,7.867,7.21,3.0,1.0,3.0,1.0,2.0,10.0,4.0,40.0,3.0,2.0,66.667,,,,,,,,,,544877.0,90.0,1.0,1.0,1.0,2.5,0.0,0.024,0.023,0.0,0.0,Milos,Kerkez,2003-11-07,22.82,14.0,6.0,Defender,Full Back,a2zavv31d2aadyddk0kjttdgq,c8h9bw1l82s06h77xxrelzhur,Liverpool FC,Liverpool,Liverpool,LIV,544877.0,90.0,1.0,41.0,33.0,80.49,16.0,12.0,75.0,2.0,0.0,0.0,0.0,0.0,0.0,Milos,Kerkez,2003-11-07,22.82,14.0,6.0,Defender,Full Back,a2zavv31d2aadyddk0kjttdgq,c8h9bw1l82s06h77xxrelzhur,Liverpool FC,Liverpool,Liverpool,LIV,544877,a2zavv31d2aadyddk0kjttdgq
Mohamed Belloumi,540324.0,1.0,90.0,0.0,0.05,-0.05,2.0,0.0,0.0,0.02,Mohamed,Belloumi,2002-06-01,24.25,88.0,10.0,Forward,Winger,9hbuqi8dt37uxk3ec2oj1s1zo,f0figafm2v9h8ofo6slajj7xf,Hull City AFC,Hull City,Hull,HUL,7.0,63.633,0.0,-31.92,1.0,0.0,0.0,0.0,9.09,0.0,4.0,1.0,3.0,1.0,1.0,9.0,6.0,66.667,1.0,0.0,0.0,,,,,,,,,,540324.0,90.0,1.0,0.0,0.0,0.0,0.0,0.033,0.033,0.0,0.0,Mohamed,Belloumi,2002-06-01,24.25,88.0,10.0,Forward,Winger,9hbuqi8dt37uxk3ec2oj1s1zo,f0figafm2v9h8ofo6slajj7xf,Hull City AFC,Hull City,Hull,HUL,540324.0,90.0,1.0,16.0,11.0,68.75,5.0,4.0,80.0,1.0,0.0,0.0,0.0,0.0,0.0,Mohamed,Belloumi,2002-06-01,24.25,88.0,10.0,Forward,Winger,9hbuqi8dt37uxk3ec2oj1s1zo,f0figafm2v9h8ofo6slajj7xf,Hull City AFC,Hull City,Hull,HUL,540324,9hbuqi8dt37uxk3ec2oj1s1zo
Morgan Gibbs-White,222531.0,1.0,90.0,0.0,0.13,-0.13,3.0,0.0,0.0,0.04,Morgan,Gibbs-White,2000-01-27,26.6,17.0,10.0,Midfielder,Central Midfielder,55yy0p6johtu9nxk90zsfctt5,1qtaiy11gswx327s0vkibf70n,Nottingham Forest FC,Nottingham Forest,Forest,NFO,15.0,127.856,6.0,37.59,0.0,0.0,0.0,0.0,8.524,6.265,0.0,1.0,2.0,0.0,0.0,12.0,5.0,41.667,0.0,0.0,0.0,,,,,,,,,,222531.0,90.0,1.0,0.0,0.0,0.0,0.0,0.058,0.049,0.0,0.0,Morgan,Gibbs-White,2000-01-27,26.6,17.0,10.0,Midfielder,Central Midfielder,55yy0p6johtu9nxk90zsfctt5,1qtaiy11gswx327s0vkibf70n,Nottingham Forest FC,Nottingham Forest,Forest,NFO,222531.0,90.0,1.0,38.0,32.0,84.21,16.0,12.0,75.0,2.0,0.0,0.0,1.0,0.0,0.0,Morgan,Gibbs-White,2000-01-27,26.6,17.0,10.0,Midfielder,Central Midfielder,55yy0p6johtu9nxk90zsfctt5,1qtaiy11gswx327s0vkibf70n,Nottingham Forest FC,Nottingham Forest,Forest,NFO,222531,55yy0p6johtu9nxk90zsfctt5
Morgan Rogers,244850.0,1.0,82.0,1.0,0.96,0.04,3.0,1.0,33.33,0.32,Morgan,Rogers,2002-07-26,24.1,8.0,17.0,Midfielder,Attacking Midfielder,2eayhzdix8knmn810sbngsdt5,9q0arba2kbnywth8bkxlhgmdr,Chelsea FC,Chelsea,Chelsea,CHE,13.0,109.377,5.0,16.485,2.0,0.0,0.0,0.0,8.414,3.297,2.0,0.0,5.0,0.0,0.0,8.0,6.0,75.0,3.0,2.0,66.667,,,,,,,,,,244850.0,82.0,1.0,5.0,5.0,22.73,0.0,0.102,0.1,0.0,0.0,Morgan,Rogers,2002-07-26,24.1,8.0,17.0,Midfielder,Attacking Midfielder,2eayhzdix8knmn810sbngsdt5,9q0arba2kbnywth8bkxlhgmdr,Chelsea FC,Chelsea,Chelsea,CHE,244850.0,82.0,1.0,23.0,16.0,69.57,12.0,9.0,75.0,1.0,0.0,0.0,0.0,0.0,0.0,Morgan,Rogers,2002-07-26,24.1,8.0,17.0,Midfielder,Attacking Midfielder,2eayhzdix8knmn810sbngsdt5,9q0arba2kbnywth8bkxlhgmdr,Chelsea FC,Chelsea,Chelsea,CHE,244850,2eayhzdix8knmn810sbngsdt5
Murillo,575476.0,1.0,89.0,0.0,0.0,0.0,0.0,0.0,0.0,0.0,Murillo Santiago,Costa dos Santos,2002-07-04,24.16,17.0,5.0,Defender,Central Defender,4txq9os03xwnktfi0n2qdmok,1qtaiy11gswx327s0vkibf70n,Nottingham Forest FC,Nottingham Forest,Forest,NFO,9.0,68.33,2.0,25.725,0.0,0.0,1.0,0.0,7.592,12.862,2.0,0.0,3.0,1.0,11.0,6.0,3.0,50.0,5.0,1.0,20.0,,,,,,,,,,575476.0,89.0,1.0,2.0,2.0,3.51,0.0,0.276,0.276,0.0,0.0,Murillo Santiago,Costa dos Santos,2002-07-04,24.16,17.0,5.0,Defender,Central Defender,4txq9os03xwnktfi0n2qdmok,1qtaiy11gswx327s0vkibf70n,Nottingham Forest FC,Nottingham Forest,Forest,NFO,575476.0,89.0,1.0,59.0,53.0,89.83,16.0,13.0,81.25,0.0,0.0,0.0,1.0,1.0,100.0,Murillo Santiago,Costa dos Santos,2002-07-04,24.16,17.0,5.0,Defender,Central Defender,4txq9os03xwnktfi0n2qdmok,1qtaiy11gswx327s0vkibf70n,Nottingham Forest FC,Nottingham Forest,Forest,NFO,575476,4txq9os03xwnktfi0n2qdmok
Myles Lewis-Skelly,499169.0,1.0,90.0,0.0,0.06,-0.06,1.0,0.0,0.0,0.06,Myles,Lewis-Skelly,2006-09-26,19.93,3.0,49.0,Defender,Full Back,azt1lhru9cgyb64h4h4fffrx0,4dsgumo7d4zupm2ugsvm4zm4d,Arsenal FC,Arsenal,Arsenal,ARS,12.0,98.443,8.0,75.915,0.0,0.0,0.0,0.0,8.204,9.489,1.0,0.0,5.0,1.0,0.0,5.0,4.0,80.0,1.0,1.0,100.0,,,,,,,,,,499169.0,90.0,1.0,1.0,1.0,1.28,0.0,0.107,0.106,0.0,0.0,Myles,Lewis-Skelly,2006-09-26,19.93,3.0,49.0,Defender,Full Back,azt1lhru9cgyb64h4h4fffrx0,4dsgumo7d4zupm2ugsvm4zm4d,Arsenal FC,Arsenal,Arsenal,ARS,499169.0,90.0,1.0,81.0,77.0,95.06,24.0,22.0,91.67,0.0,0.0,0.0,1.0,0.0,0.0,Myles,Lewis-Skelly,2006-09-26,19.93,3.0,49.0,Defender,Full Back,azt1lhru9cgyb64h4h4fffrx0,4dsgumo7d4zupm2ugsvm4zm4d,Arsenal FC,Arsenal,Arsenal,ARS,499169,azt1lhru9cgyb64h4h4fffrx0
Nathan Collins,432830.0,1.0,90.0,0.0,0.34,-0.34,2.0,0.0,0.0,0.17,Nathan,Collins,2001-04-30,25.34,94.0,22.0,Defender,Central Defender,csinkvzxcphggdjeflmo173zd,7yx5dqhhphyvfisohikodajhv,Brentford FC,Brentford,Brentford,BRE,13.0,113.611,5.0,26.145,0.0,0.0,0.0,0.0,8.739,5.229,0.0,0.0,3.0,0.0,3.0,1.0,0.0,0.0,3.0,2.0,66.667,,,,,,,,,,432830.0,90.0,1.0,2.0,2.0,3.28,0.0,0.037,0.037,0.0,0.0,Nathan,Collins,2001-04-30,25.34,94.0,22.0,Defender,Central Defender,csinkvzxcphggdjeflmo173zd,7yx5dqhhphyvfisohikodajhv,Brentford FC,Brentford,Brentford,BRE,432830.0,90.0,1.0,62.0,53.0,85.48,10.0,8.0,80.0,0.0,0.0,0.0,0.0,0.0,0.0,Nathan,Collins,2001-04-30,25.34,94.0,22.0,Defender,Central Defender,csinkvzxcphggdjeflmo173zd,7yx5dqhhphyvfisohikodajhv,Brentford FC,Brentford,Brentford,BRE,432830,csinkvzxcphggdjeflmo173zd
Nathan Patterson,243571.0,0.0,0.0,0.0,0.0,0.0,0.0,0.0,0.0,0.0,Nathan,Patterson,2001-10-16,24.88,11.0,2.0,Defender,Full Back,243571,ehd2iemqmschhj2ec0vayztzz,Everton FC,Everton,Everton,EVE,0.0,0.0,0.0,0.0,0.0,0.0,0.0,0.0,0.0,0.0,0.0,0.0,0.0,0.0,0.0,0.0,0.0,0.0,0.0,0.0,0.0,,,,,,,,,,243571.0,0.0,0.0,0.0,0.0,0.0,0.0,0.0,0.0,0.0,0.0,Nathan,Patterson,2001-10-16,24.88,11.0,2.0,Defender,Full Back,243571,ehd2iemqmschhj2ec0vayztzz,Everton FC,Everton,Everton,EVE,243571.0,0.0,0.0,0.0,0.0,0.0,0.0,0.0,0.0,0.0,0.0,0.0,0.0,0.0,0.0,Nathan,Patterson,2001-10-16,24.88,11.0,2.0,Defender,Full Back,243571,ehd2iemqmschhj2ec0vayztzz,Everton FC,Everton,Everton,EVE,243571,243571
Neco Williams,215136.0,1.0,90.0,0.0,0.0,0.0,0.0,0.0,0.0,0.0,Neco,Williams,2001-04-13,25.39,17.0,3.0,Defender,Full Back,3mgjcyaseuexxlssgatjgsand,1qtaiy11gswx327s0vkibf70n,Nottingham Forest FC,Nottingham Forest,Forest,NFO,10.0,133.465,1.0,25.095,0.0,0.0,0.0,0.0,13.346,25.095,3.0,0.0,10.0,0.0,3.0,8.0,5.0,62.5,6.0,2.0,33.333,,,,,,,,,,215136.0,90.0,1.0,0.0,0.0,0.0,0.0,0.023,0.023,0.0,0.0,Neco,Williams,2001-04-13,25.39,17.0,3.0,Defender,Full Back,3mgjcyaseuexxlssgatjgsand,1qtaiy11gswx327s0vkibf70n,Nottingham Forest FC,Nottingham Forest,Forest,NFO,215136.0,90.0,1.0,27.0,18.0,66.67,11.0,7.0,63.64,3.0,1.0,33.33,0.0,0.0,0.0,Neco,Williams,2001-04-13,25.39,17.0,3.0,Defender,Full Back,3mgjcyaseuexxlssgatjgsand,1qtaiy11gswx327s0vkibf70n,Nottingham Forest FC,Nottingham Forest,Forest,NFO,215136,3mgjcyaseuexxlssgatjgsand
Nick Woltemade,470313.0,0.0,0.0,0.0,0.0,0.0,0.0,0.0,0.0,0.0,Nick,Woltemade,2002-02-14,24.55,4.0,27.0,Forward,Second Striker,470313,7vn2i2kd35zuetw6b38gw9jsz,Newcastle United FC,Newcastle United,Newcastle,NEW,0.0,0.0,0.0,0.0,0.0,0.0,0.0,0.0,0.0,0.0,0.0,0.0,0.0,0.0,0.0,0.0,0.0,0.0,0.0,0.0,0.0,,,,,,,,,,470313.0,0.0,0.0,0.0,0.0,0.0,0.0,0.0,0.0,0.0,0.0,Nick,Woltemade,2002-02-14,24.55,4.0,27.0,Forward,Second Striker,470313,7vn2i2kd35zuetw6b38gw9jsz,Newcastle United FC,Newcastle United,Newcastle,NEW,470313.0,0.0,0.0,0.0,0.0,0.0,0.0,0.0,0.0,0.0,0.0,0.0,0.0,0.0,0.0,Nick,Woltemade,2002-02-14,24.55,4.0,27.0,Forward,Second Striker,470313,7vn2i2kd35zuetw6b38gw9jsz,Newcastle United FC,Newcastle United,Newcastle,NEW,470313,470313
Nico Elvedi,173774.0,0.0,0.0,0.0,0.0,0.0,0.0,0.0,0.0,0.0,Nico,Elvedi,1996-09-30,29.93,2.0,30.0,Defender,Central Defender,173774,48gk2hpqtsl6p9sx9kjhaydq4,Leeds United FC,Leeds United,Leeds,LEE,0.0,0.0,0.0,0.0,0.0,0.0,0.0,0.0,0.0,0.0,0.0,0.0,0.0,0.0,0.0,0.0,0.0,0.0,0.0,0.0,0.0,,,,,,,,,,173774.0,0.0,0.0,0.0,0.0,0.0,0.0,0.0,0.0,0.0,0.0,Nico,Elvedi,1996-09-30,29.93,2.0,30.0,Defender,Central Defender,173774,48gk2hpqtsl6p9sx9kjhaydq4,Leeds United FC,Leeds United,Leeds,LEE,173774.0,0.0,0.0,0.0,0.0,0.0,0.0,0.0,0.0,0.0,0.0,0.0,0.0,0.0,0.0,Nico,Elvedi,1996-09-30,29.93,2.0,30.0,Defender,Central Defender,173774,48gk2hpqtsl6p9sx9kjhaydq4,Leeds United FC,Leeds United,Leeds,LEE,173774,173774
Nico González,465694.0,0.0,0.0,0.0,0.0,0.0,0.0,0.0,0.0,0.0,Nico,González,2002-01-03,24.66,43.0,14.0,Midfielder,Central Midfielder,465694,a3nyxabgsqlnqfkeg41m6tnpp,Manchester City FC,Manchester City,Man City,MCI,0.0,0.0,0.0,0.0,0.0,0.0,0.0,0.0,0.0,0.0,0.0,0.0,0.0,0.0,0.0,0.0,0.0,0.0,0.0,0.0,0.0,,,,,,,,,,465694.0,0.0,0.0,0.0,0.0,0.0,0.0,0.0,0.0,0.0,0.0,Nico,González,2002-01-03,24.66,43.0,14.0,Midfielder,Central Midfielder,465694,a3nyxabgsqlnqfkeg41m6tnpp,Manchester City FC,Manchester City,Man City,MCI,465694.0,0.0,0.0,0.0,0.0,0.0,0.0,0.0,0.0,0.0,0.0,0.0,0.0,0.0,0.0,Nico,González,2002-01-03,24.66,43.0,14.0,Midfielder,Central Midfielder,465694,a3nyxabgsqlnqfkeg41m6tnpp,Manchester City FC,Manchester City,Man City,MCI,465694,465694
Nico O'Reilly,472769.0,1.0,63.0,0.0,0.07,-0.07,1.0,0.0,0.0,0.07,Nico,O'Reilly,2005-03-21,21.45,43.0,33.0,Defender,Full Back,drh7wx5zz8c4dwa9o8mrigjro,a3nyxabgsqlnqfkeg41m6tnpp,Manchester City FC,Manchester City,Man City,MCI,4.0,28.614,2.0,-1.575,0.0,0.0,0.0,0.0,7.154,-0.788,1.0,0.0,5.0,0.0,1.0,3.0,1.0,33.333,2.0,0.0,0.0,,,,,,,,,,472769.0,63.0,1.0,1.0,1.0,4.35,0.0,0.411,0.411,0.0,0.0,Nico,O'Reilly,2005-03-21,21.45,43.0,33.0,Defender,Full Back,drh7wx5zz8c4dwa9o8mrigjro,a3nyxabgsqlnqfkeg41m6tnpp,Manchester City FC,Manchester City,Man City,MCI,472769.0,63.0,1.0,23.0,21.0,91.3,10.0,8.0,80.0,4.0,3.0,75.0,1.0,0.0,0.0,Nico,O'Reilly,2005-03-21,21.45,43.0,33.0,Defender,Full Back,drh7wx5zz8c4dwa9o8mrigjro,a3nyxabgsqlnqfkeg41m6tnpp,Manchester City FC,Manchester City,Man City,MCI,472769,drh7wx5zz8c4dwa9o8mrigjro
Nicolás Domínguez,250199.0,0.0,0.0,0.0,0.0,0.0,0.0,0.0,0.0,0.0,Nicolás,Domínguez,1998-06-28,28.18,17.0,8.0,Midfielder,Central Midfielder,250199,1qtaiy11gswx327s0vkibf70n,Nottingham Forest FC,Nottingham Forest,Forest,NFO,0.0,0.0,0.0,0.0,0.0,0.0,0.0,0.0,0.0,0.0,0.0,0.0,0.0,0.0,0.0,0.0,0.0,0.0,0.0,0.0,0.0,,,,,,,,,,250199.0,0.0,0.0,0.0,0.0,0.0,0.0,0.0,0.0,0.0,0.0,Nicolás,Domínguez,1998-06-28,28.18,17.0,8.0,Midfielder,Central Midfielder,250199,1qtaiy11gswx327s0vkibf70n,Nottingham Forest FC,Nottingham Forest,Forest,NFO,250199.0,0.0,0.0,0.0,0.0,0.0,0.0,0.0,0.0,0.0,0.0,0.0,0.0,0.0,0.0,Nicolás,Domínguez,1998-06-28,28.18,17.0,8.0,Midfielder,Central Midfielder,250199,1qtaiy11gswx327s0vkibf70n,Nottingham Forest FC,Nottingham Forest,Forest,NFO,250199,250199
Nikola Milenkovic,227444.0,1.0,90.0,0.0,0.11,-0.11,2.0,0.0,0.0,0.06,Nikola,Milenkovic,1997-10-12,28.89,17.0,31.0,Defender,Central Defender,bhi4ivjgojkot4d7za72gu2nd,1qtaiy11gswx327s0vkibf70n,Nottingham Forest FC,Nottingham Forest,Forest,NFO,11.0,125.297,6.0,65.625,0.0,0.0,0.0,0.0,11.391,10.938,0.0,0.0,6.0,0.0,7.0,8.0,1.0,12.5,10.0,7.0,70.0,,,,,,,,,,227444.0,90.0,1.0,0.0,0.0,0.0,0.0,0.024,0.024,0.0,0.0,Nikola,Milenkovic,1997-10-12,28.89,17.0,31.0,Defender,Central Defender,bhi4ivjgojkot4d7za72gu2nd,1qtaiy11gswx327s0vkibf70n,Nottingham Forest FC,Nottingham Forest,Forest,NFO,227444.0,90.0,1.0,45.0,34.0,75.56,6.0,3.0,50.0,0.0,0.0,0.0,0.0,0.0,0.0,Nikola,Milenkovic,1997-10-12,28.89,17.0,31.0,Defender,Central Defender,bhi4ivjgojkot4d7za72gu2nd,1qtaiy11gswx327s0vkibf70n,Nottingham Forest FC,Nottingham Forest,Forest,NFO,227444,bhi4ivjgojkot4d7za72gu2nd
Nilson Angulo,536661.0,1.0,59.0,1.0,0.15,0.85,2.0,1.0,50.0,0.08,Nilson,Angulo,2003-06-19,23.21,56.0,10.0,Forward,Winger,drjbms71w0kt1pidq8q17h05w,1r3545b2dzan8yqa80gtmcjch,Sunderland AFC,Sunderland,Sunderland,SUN,8.0,85.567,5.0,40.74,0.0,0.0,0.0,0.0,10.696,8.148,1.0,1.0,5.0,0.0,0.0,6.0,2.0,33.333,6.0,2.0,33.333,,,,,,,,,,536661.0,59.0,1.0,0.0,0.0,0.0,0.0,0.009,0.009,0.0,0.0,Nilson,Angulo,2003-06-19,23.21,56.0,10.0,Forward,Winger,drjbms71w0kt1pidq8q17h05w,1r3545b2dzan8yqa80gtmcjch,Sunderland AFC,Sunderland,Sunderland,SUN,536661.0,59.0,1.0,21.0,18.0,85.71,7.0,5.0,71.43,2.0,0.0,0.0,0.0,0.0,0.0,Nilson,Angulo,2003-06-19,23.21,56.0,10.0,Forward,Winger,drjbms71w0kt1pidq8q17h05w,1r3545b2dzan8yqa80gtmcjch,Sunderland AFC,Sunderland,Sunderland,SUN,536661,drjbms71w0kt1pidq8q17h05w
Noah Okafor,435997.0,1.0,24.0,0.0,0.0,0.0,0.0,0.0,0.0,0.0,Noah,Okafor,2000-05-24,26.28,2.0,19.0,Forward,Winger,aqlu9i7yzmnmyzwuw6u93j6y1,48gk2hpqtsl6p9sx9kjhaydq4,Leeds United FC,Leeds United,Leeds,LEE,4.0,62.229,4.0,54.705,0.0,0.0,0.0,0.0,15.557,13.676,2.0,1.0,2.0,0.0,0.0,7.0,4.0,57.143,0.0,0.0,0.0,,,,,,,,,,435997.0,24.0,1.0,1.0,1.0,33.33,0.0,0.155,0.155,0.0,0.0,Noah,Okafor,2000-05-24,26.28,2.0,19.0,Forward,Winger,aqlu9i7yzmnmyzwuw6u93j6y1,48gk2hpqtsl6p9sx9kjhaydq4,Leeds United FC,Leeds United,Leeds,LEE,435997.0,24.0,1.0,3.0,0.0,0.0,3.0,0.0,0.0,1.0,1.0,100.0,0.0,0.0,0.0,Noah,Okafor,2000-05-24,26.28,2.0,19.0,Forward,Winger,aqlu9i7yzmnmyzwuw6u93j6y1,48gk2hpqtsl6p9sx9kjhaydq4,Leeds United FC,Leeds United,Leeds,LEE,435997,aqlu9i7yzmnmyzwuw6u93j6y1
Noah Sadiki,577669.0,1.0,90.0,0.0,0.06,-0.06,1.0,1.0,0.0,0.06,Noah,Sadiki,2004-12-17,21.71,56.0,27.0,Midfielder,Central Midfielder,dwnd8j9ok6ncbp69gmchw953o,1r3545b2dzan8yqa80gtmcjch,Sunderland AFC,Sunderland,Sunderland,SUN,19.0,230.203,12.0,136.605,0.0,0.0,1.0,0.0,12.116,11.384,0.0,0.0,2.0,0.0,0.0,10.0,7.0,70.0,1.0,1.0,100.0,,,,,,,,,,577669.0,90.0,1.0,2.0,2.0,3.77,0.0,0.026,0.026,0.0,0.0,Noah,Sadiki,2004-12-17,21.71,56.0,27.0,Midfielder,Central Midfielder,dwnd8j9ok6ncbp69gmchw953o,1r3545b2dzan8yqa80gtmcjch,Sunderland AFC,Sunderland,Sunderland,SUN,577669.0,90.0,1.0,57.0,51.0,89.47,12.0,10.0,83.33,1.0,1.0,100.0,0.0,0.0,0.0,Noah,Sadiki,2004-12-17,21.71,56.0,27.0,Midfielder,Central Midfielder,dwnd8j9ok6ncbp69gmchw953o,1r3545b2dzan8yqa80gtmcjch,Sunderland AFC,Sunderland,Sunderland,SUN,577669,dwnd8j9ok6ncbp69gmchw953o
Nobel Mendy,606930.0,1.0,64.0,1.0,0.28,0.72,1.0,1.0,100.0,0.28,Nobel,Mendy,2004-09-03,21.99,88.0,32.0,Defender,Central Defender,cdsidpd0i3ub2tvw47qt813x0,f0figafm2v9h8ofo6slajj7xf,Hull City AFC,Hull City,Hull,HUL,3.0,22.12,2.0,12.285,0.0,0.0,0.0,0.0,7.373,6.142,0.0,0.0,2.0,1.0,12.0,1.0,0.0,0.0,4.0,2.0,50.0,,,,,,,,,,606930.0,64.0,1.0,0.0,0.0,0.0,0.0,0.002,0.002,0.0,0.0,Nobel,Mendy,2004-09-03,21.99,88.0,32.0,Defender,Central Defender,cdsidpd0i3ub2tvw47qt813x0,f0figafm2v9h8ofo6slajj7xf,Hull City AFC,Hull City,Hull,HUL,606930.0,64.0,1.0,19.0,18.0,94.74,4.0,3.0,75.0,0.0,0.0,0.0,0.0,0.0,0.0,Nobel,Mendy,2004-09-03,21.99,88.0,32.0,Defender,Central Defender,cdsidpd0i3ub2tvw47qt813x0,f0figafm2v9h8ofo6slajj7xf,Hull City AFC,Hull City,Hull,HUL,606930,cdsidpd0i3ub2tvw47qt813x0
Noni Madueke,248857.0,1.0,22.0,0.0,0.0,0.0,0.0,0.0,0.0,0.0,Noni,Madueke,2002-03-10,24.48,3.0,20.0,Forward,Winger,e3il1t1s5lrn4g8t85fcm40oa,4dsgumo7d4zupm2ugsvm4zm4d,Arsenal FC,Arsenal,Arsenal,ARS,6.0,58.856,3.0,25.305,0.0,0.0,1.0,0.0,9.809,8.435,0.0,0.0,2.0,0.0,0.0,2.0,1.0,50.0,1.0,1.0,100.0,,,,,,,,,,248857.0,22.0,1.0,4.0,4.0,26.67,0.0,0.041,0.041,0.0,0.0,Noni,Madueke,2002-03-10,24.48,3.0,20.0,Forward,Winger,e3il1t1s5lrn4g8t85fcm40oa,4dsgumo7d4zupm2ugsvm4zm4d,Arsenal FC,Arsenal,Arsenal,ARS,248857.0,22.0,1.0,15.0,13.0,86.67,11.0,9.0,81.82,1.0,0.0,0.0,0.0,0.0,0.0,Noni,Madueke,2002-03-10,24.48,3.0,20.0,Forward,Winger,e3il1t1s5lrn4g8t85fcm40oa,4dsgumo7d4zupm2ugsvm4zm4d,Arsenal FC,Arsenal,Arsenal,ARS,248857,e3il1t1s5lrn4g8t85fcm40oa
Nordi Mukiele,200834.0,0.0,0.0,0.0,0.0,0.0,0.0,0.0,0.0,0.0,Nordi,Mukiele,1997-11-01,28.84,56.0,20.0,Defender,Full Back,200834,1r3545b2dzan8yqa80gtmcjch,Sunderland AFC,Sunderland,Sunderland,SUN,0.0,0.0,0.0,0.0,0.0,0.0,0.0,0.0,0.0,0.0,0.0,0.0,0.0,0.0,0.0,0.0,0.0,0.0,0.0,0.0,0.0,,,,,,,,,,200834.0,0.0,0.0,0.0,0.0,0.0,0.0,0.0,0.0,0.0,0.0,Nordi,Mukiele,1997-11-01,28.84,56.0,20.0,Defender,Full Back,200834,1r3545b2dzan8yqa80gtmcjch,Sunderland AFC,Sunderland,Sunderland,SUN,200834.0,0.0,0.0,0.0,0.0,0.0,0.0,0.0,0.0,0.0,0.0,0.0,0.0,0.0,0.0,Nordi,Mukiele,1997-11-01,28.84,56.0,20.0,Defender,Full Back,200834,1r3545b2dzan8yqa80gtmcjch,Sunderland AFC,Sunderland,Sunderland,SUN,200834,200834
Noussair Mazraoui,230001.0,1.0,80.0,0.0,0.22,-0.22,1.0,0.0,0.0,0.22,Noussair,Mazraoui,1997-11-14,28.8,1.0,3.0,Defender,Full Back,7vhnftizqlyu31st2vsmgh6tx,6eqit8ye8aomdsrrq0hk3v7gh,Manchester United FC,Manchester United,Man Utd,MUN,15.0,173.573,12.0,136.5,0.0,0.0,1.0,0.0,11.572,11.375,1.0,0.0,3.0,1.0,3.0,3.0,1.0,33.333,3.0,2.0,66.667,,,,,,,,,,230001.0,80.0,1.0,2.0,2.0,2.94,0.0,0.054,0.053,0.0,0.0,Noussair,Mazraoui,1997-11-14,28.8,1.0,3.0,Defender,Full Back,7vhnftizqlyu31st2vsmgh6tx,6eqit8ye8aomdsrrq0hk3v7gh,Manchester United FC,Manchester United,Man Utd,MUN,230001.0,80.0,1.0,68.0,63.0,92.65,31.0,28.0,90.32,5.0,0.0,0.0,0.0,0.0,0.0,Noussair,Mazraoui,1997-11-14,28.8,1.0,3.0,Defender,Full Back,7vhnftizqlyu31st2vsmgh6tx,6eqit8ye8aomdsrrq0hk3v7gh,Manchester United FC,Manchester United,Man Utd,MUN,230001,7vhnftizqlyu31st2vsmgh6tx
Ola Aina,159506.0,1.0,74.0,0.0,0.04,-0.04,2.0,1.0,0.0,0.02,Ola,Aina,1996-10-08,29.9,17.0,34.0,Defender,Full Back,7zokstl625tj96c64ow4uvjyt,1qtaiy11gswx327s0vkibf70n,Nottingham Forest FC,Nottingham Forest,Forest,NFO,13.0,110.084,7.0,42.21,1.0,0.0,2.0,0.0,8.468,6.03,0.0,0.0,4.0,0.0,2.0,7.0,3.0,42.857,4.0,2.0,50.0,,,,,,,,,,159506.0,74.0,1.0,3.0,2.0,7.69,33.33,0.17,0.139,0.0,0.0,Ola,Aina,1996-10-08,29.9,17.0,34.0,Defender,Full Back,7zokstl625tj96c64ow4uvjyt,1qtaiy11gswx327s0vkibf70n,Nottingham Forest FC,Nottingham Forest,Forest,NFO,159506.0,74.0,1.0,26.0,17.0,65.38,7.0,3.0,42.86,4.0,1.0,25.0,0.0,0.0,0.0,Ola,Aina,1996-10-08,29.9,17.0,34.0,Defender,Full Back,7zokstl625tj96c64ow4uvjyt,1qtaiy11gswx327s0vkibf70n,Nottingham Forest FC,Nottingham Forest,Forest,NFO,159506,7zokstl625tj96c64ow4uvjyt
Oliver McBurnie,169432.0,1.0,90.0,0.0,0.16,-0.16,2.0,2.0,0.0,0.08,Oliver,McBurnie,1996-06-04,30.25,88.0,9.0,Forward,0,d3hg7lo01o84dsvzud3b6vsnp,f0figafm2v9h8ofo6slajj7xf,Hull City AFC,Hull City,Hull,HUL,7.0,64.176,1.0,4.41,0.0,0.0,1.0,0.0,9.168,4.41,0.0,0.0,2.0,0.0,3.0,5.0,3.0,60.0,11.0,4.0,36.364,,,,,,,,,,169432.0,90.0,1.0,2.0,2.0,11.11,0.0,0.011,0.011,0.0,0.0,Oliver,McBurnie,1996-06-04,30.25,88.0,9.0,Forward,0,d3hg7lo01o84dsvzud3b6vsnp,f0figafm2v9h8ofo6slajj7xf,Hull City AFC,Hull City,Hull,HUL,169432.0,90.0,1.0,18.0,11.0,61.11,10.0,6.0,60.0,0.0,0.0,0.0,0.0,0.0,0.0,Oliver,McBurnie,1996-06-04,30.25,88.0,9.0,Forward,0,d3hg7lo01o84dsvzud3b6vsnp,f0figafm2v9h8ofo6slajj7xf,Hull City AFC,Hull City,Hull,HUL,169432,d3hg7lo01o84dsvzud3b6vsnp
Olivier Boscagli,204120.0,1.0,90.0,0.0,0.0,0.0,0.0,0.0,0.0,0.0,Olivier,Boscagli,1997-11-18,28.79,36.0,21.0,Defender,Central Defender,d92v6n4pf20eepvli92lqau39,e5p0ehyguld7egzhiedpdnc3w,Brighton & Hove Albion FC,Brighton & Hove Albion,Brighton,BHA,13.0,107.639,8.0,74.235,0.0,0.0,0.0,0.0,8.28,9.279,1.0,2.0,4.0,0.0,3.0,3.0,2.0,66.667,2.0,1.0,50.0,,,,,,,,,,204120.0,90.0,1.0,0.0,0.0,0.0,0.0,0.037,0.037,0.0,0.0,Olivier,Boscagli,1997-11-18,28.79,36.0,21.0,Defender,Central Defender,d92v6n4pf20eepvli92lqau39,e5p0ehyguld7egzhiedpdnc3w,Brighton & Hove Albion FC,Brighton & Hove Albion,Brighton,BHA,204120.0,90.0,1.0,66.0,65.0,98.48,22.0,22.0,100.0,3.0,0.0,0.0,0.0,0.0,0.0,Olivier,Boscagli,1997-11-18,28.79,36.0,21.0,Defender,Central Defender,d92v6n4pf20eepvli92lqau39,e5p0ehyguld7egzhiedpdnc3w,Brighton & Hove Albion FC,Brighton & Hove Albion,Brighton,BHA,204120,d92v6n4pf20eepvli92lqau39
Omar Alderete,201895.0,1.0,23.0,0.0,0.0,0.0,0.0,0.0,0.0,0.0,Omar,Alderete,1996-12-26,29.69,56.0,15.0,Defender,Central Defender,2o3bka7gokfjkej1f600ovbo5,1r3545b2dzan8yqa80gtmcjch,Sunderland AFC,Sunderland,Sunderland,SUN,11.0,92.279,8.0,74.025,0.0,0.0,0.0,0.0,8.389,9.253,0.0,0.0,2.0,0.0,0.0,0.0,0.0,0.0,1.0,1.0,100.0,,,,,,,,,,201895.0,23.0,1.0,0.0,0.0,0.0,0.0,0.008,0.008,0.0,0.0,Omar,Alderete,1996-12-26,29.69,56.0,15.0,Defender,Central Defender,2o3bka7gokfjkej1f600ovbo5,1r3545b2dzan8yqa80gtmcjch,Sunderland AFC,Sunderland,Sunderland,SUN,201895.0,23.0,1.0,37.0,34.0,91.89,7.0,6.0,85.71,0.0,0.0,0.0,0.0,0.0,0.0,Omar,Alderete,1996-12-26,29.69,56.0,15.0,Defender,Central Defender,2o3bka7gokfjkej1f600ovbo5,1r3545b2dzan8yqa80gtmcjch,Sunderland AFC,Sunderland,Sunderland,SUN,201895,2o3bka7gokfjkej1f600ovbo5
Omar Marmoush,438234.0,0.0,0.0,0.0,0.0,0.0,0.0,0.0,0.0,0.0,Omar Khaled Mohamed Abdelsalam,Marmoush,1999-02-07,27.57,43.0,7.0,Forward,Striker,438234,a3nyxabgsqlnqfkeg41m6tnpp,Manchester City FC,Manchester City,Man City,MCI,0.0,0.0,0.0,0.0,0.0,0.0,0.0,0.0,0.0,0.0,0.0,0.0,0.0,0.0,0.0,0.0,0.0,0.0,0.0,0.0,0.0,,,,,,,,,,438234.0,0.0,0.0,0.0,0.0,0.0,0.0,0.0,0.0,0.0,0.0,Omar Khaled Mohamed Abdelsalam,Marmoush,1999-02-07,27.57,43.0,7.0,Forward,Striker,438234,a3nyxabgsqlnqfkeg41m6tnpp,Manchester City FC,Manchester City,Man City,MCI,438234.0,0.0,0.0,0.0,0.0,0.0,0.0,0.0,0.0,0.0,0.0,0.0,0.0,0.0,0.0,Omar Khaled Mohamed Abdelsalam,Marmoush,1999-02-07,27.57,43.0,7.0,Forward,Striker,438234,a3nyxabgsqlnqfkeg41m6tnpp,Manchester City FC,Manchester City,Man City,MCI,438234,438234
Oscar Bobb,477555.0,1.0,67.0,0.0,0.0,0.0,0.0,0.0,0.0,0.0,Oscar,Bobb,2003-07-12,23.14,54.0,14.0,Midfielder,Winger,58de7rbubnxjraen49dxpaqne,hzqh7z0mdl3v7gwete66syxp,Fulham FC,Fulham,Fulham,FUL,10.0,101.301,5.0,38.115,0.0,0.0,0.0,0.0,10.13,7.623,3.0,1.0,2.0,0.0,0.0,9.0,5.0,55.556,1.0,0.0,0.0,,,,,,,,,,477555.0,67.0,1.0,1.0,1.0,4.17,0.0,0.264,0.263,0.0,0.0,Oscar,Bobb,2003-07-12,23.14,54.0,14.0,Midfielder,Winger,58de7rbubnxjraen49dxpaqne,hzqh7z0mdl3v7gwete66syxp,Fulham FC,Fulham,Fulham,FUL,477555.0,67.0,1.0,25.0,23.0,92.0,15.0,13.0,86.67,0.0,0.0,0.0,0.0,0.0,0.0,Oscar,Bobb,2003-07-12,23.14,54.0,14.0,Midfielder,Winger,58de7rbubnxjraen49dxpaqne,hzqh7z0mdl3v7gwete66syxp,Fulham FC,Fulham,Fulham,FUL,477555,58de7rbubnxjraen49dxpaqne
Ousmane Diomande,568420.0,0.0,0.0,0.0,0.0,0.0,0.0,0.0,0.0,0.0,Ousmane,Diomande,2003-12-04,22.75,17.0,2.0,Defender,Central Defender,568420,1qtaiy11gswx327s0vkibf70n,Nottingham Forest FC,Nottingham Forest,Forest,NFO,0.0,0.0,0.0,0.0,0.0,0.0,0.0,0.0,0.0,0.0,0.0,0.0,0.0,0.0,0.0,0.0,0.0,0.0,0.0,0.0,0.0,,,,,,,,,,568420.0,0.0,0.0,0.0,0.0,0.0,0.0,0.0,0.0,0.0,0.0,Ousmane,Diomande,2003-12-04,22.75,17.0,2.0,Defender,Central Defender,568420,1qtaiy11gswx327s0vkibf70n,Nottingham Forest FC,Nottingham Forest,Forest,NFO,568420.0,0.0,0.0,0.0,0.0,0.0,0.0,0.0,0.0,0.0,0.0,0.0,0.0,0.0,0.0,Ousmane,Diomande,2003-12-04,22.75,17.0,2.0,Defender,Central Defender,568420,1qtaiy11gswx327s0vkibf70n,Nottingham Forest FC,Nottingham Forest,Forest,NFO,568420,568420
Paddy McNair,160817.0,1.0,26.0,0.0,0.0,0.0,0.0,0.0,0.0,0.0,Paddy,McNair,1995-04-27,31.36,88.0,17.0,Defender,Central Defender,5idfnf5wxqpdl73697xm2qb4l,f0figafm2v9h8ofo6slajj7xf,Hull City AFC,Hull City,Hull,HUL,1.0,18.911,1.0,12.705,0.0,0.0,0.0,0.0,18.911,12.705,0.0,0.0,1.0,0.0,2.0,0.0,0.0,0.0,1.0,0.0,0.0,,,,,,,,,,160817.0,26.0,1.0,0.0,0.0,0.0,0.0,0.0,0.0,0.0,0.0,Paddy,McNair,1995-04-27,31.36,88.0,17.0,Defender,Central Defender,5idfnf5wxqpdl73697xm2qb4l,f0figafm2v9h8ofo6slajj7xf,Hull City AFC,Hull City,Hull,HUL,160817.0,26.0,1.0,4.0,3.0,75.0,0.0,0.0,0.0,0.0,0.0,0.0,0.0,0.0,0.0,Paddy,McNair,1995-04-27,31.36,88.0,17.0,Defender,Central Defender,5idfnf5wxqpdl73697xm2qb4l,f0figafm2v9h8ofo6slajj7xf,Hull City AFC,Hull City,Hull,HUL,160817,5idfnf5wxqpdl73697xm2qb4l
Pascal Groß,60307.0,1.0,90.0,0.0,0.0,0.0,0.0,0.0,0.0,0.0,Pascal,Groß,1991-06-15,35.22,36.0,13.0,Midfielder,Central Midfielder,3k6znit6fd9mbfcnphlwyvj6d,e5p0ehyguld7egzhiedpdnc3w,Brighton & Hove Albion FC,Brighton & Hove Albion,Brighton,BHA,18.0,158.214,9.0,82.425,0.0,0.0,0.0,0.0,8.79,9.158,3.0,0.0,2.0,0.0,0.0,6.0,3.0,50.0,1.0,1.0,100.0,,,,,,,,,,60307.0,90.0,1.0,4.0,4.0,5.41,0.0,0.268,0.253,0.0,0.0,Pascal,Groß,1991-06-15,35.22,36.0,13.0,Midfielder,Central Midfielder,3k6znit6fd9mbfcnphlwyvj6d,e5p0ehyguld7egzhiedpdnc3w,Brighton & Hove Albion FC,Brighton & Hove Albion,Brighton,BHA,60307.0,90.0,1.0,77.0,72.0,93.51,23.0,19.0,82.61,6.0,1.0,16.67,0.0,0.0,0.0,Pascal,Groß,1991-06-15,35.22,36.0,13.0,Midfielder,Central Midfielder,3k6znit6fd9mbfcnphlwyvj6d,e5p0ehyguld7egzhiedpdnc3w,Brighton & Hove Albion FC,Brighton & Hove Albion,Brighton,BHA,60307,3k6znit6fd9mbfcnphlwyvj6d
Pascal Struijk,222694.0,0.0,0.0,0.0,0.0,0.0,0.0,0.0,0.0,0.0,Pascal,Struijk,1999-08-11,27.06,36.0,4.0,Defender,Central Defender,222694,e5p0ehyguld7egzhiedpdnc3w,Brighton & Hove Albion FC,Brighton & Hove Albion,Brighton,BHA,0.0,0.0,0.0,0.0,0.0,0.0,0.0,0.0,0.0,0.0,0.0,0.0,0.0,0.0,0.0,0.0,0.0,0.0,0.0,0.0,0.0,,,,,,,,,,222694.0,0.0,0.0,0.0,0.0,0.0,0.0,0.0,0.0,0.0,0.0,Pascal,Struijk,1999-08-11,27.06,36.0,4.0,Defender,Central Defender,222694,e5p0ehyguld7egzhiedpdnc3w,Brighton & Hove Albion FC,Brighton & Hove Albion,Brighton,BHA,222694.0,0.0,0.0,0.0,0.0,0.0,0.0,0.0,0.0,0.0,0.0,0.0,0.0,0.0,0.0,Pascal,Struijk,1999-08-11,27.06,36.0,4.0,Defender,Central Defender,222694,e5p0ehyguld7egzhiedpdnc3w,Brighton & Hove Albion FC,Brighton & Hove Albion,Brighton,BHA,222694,222694
Patrick Dorgu,596777.0,1.0,45.0,0.0,0.47,-0.47,3.0,0.0,0.0,0.16,Patrick,Dorgu,2004-10-26,21.85,1.0,13.0,Defender,Full Back,cr5wtg3ulqjts3lu3xpnmlmac,6eqit8ye8aomdsrrq0hk3v7gh,Manchester United FC,Manchester United,Man Utd,MUN,3.0,26.123,0.0,3.57,0.0,0.0,0.0,0.0,8.708,0.0,0.0,1.0,0.0,0.0,0.0,4.0,0.0,0.0,4.0,2.0,50.0,,,,,,,,,,596777.0,45.0,1.0,0.0,0.0,0.0,0.0,0.028,0.028,0.0,0.0,Patrick,Dorgu,2004-10-26,21.85,1.0,13.0,Defender,Full Back,cr5wtg3ulqjts3lu3xpnmlmac,6eqit8ye8aomdsrrq0hk3v7gh,Manchester United FC,Manchester United,Man Utd,MUN,596777.0,45.0,1.0,11.0,8.0,72.73,5.0,3.0,60.0,0.0,0.0,0.0,0.0,0.0,0.0,Patrick,Dorgu,2004-10-26,21.85,1.0,13.0,Defender,Full Back,cr5wtg3ulqjts3lu3xpnmlmac,6eqit8ye8aomdsrrq0hk3v7gh,Manchester United FC,Manchester United,Man Utd,MUN,596777,cr5wtg3ulqjts3lu3xpnmlmac
Pau Torres,244954.0,1.0,74.0,0.0,0.0,0.0,0.0,0.0,0.0,0.0,Pau,Torres,1997-01-16,29.63,7.0,14.0,Defender,Central Defender,57s7gfvt5btbfzm600wn7df55,b496gs285it6bheuikox6z9mj,Aston Villa FC,Aston Villa,Villa,AVL,6.0,80.886,3.0,38.325,0.0,0.0,0.0,0.0,13.481,12.775,0.0,1.0,1.0,0.0,4.0,3.0,0.0,0.0,1.0,1.0,100.0,,,,,,,,,,244954.0,74.0,1.0,0.0,0.0,0.0,0.0,0.003,0.003,0.0,0.0,Pau,Torres,1997-01-16,29.63,7.0,14.0,Defender,Central Defender,57s7gfvt5btbfzm600wn7df55,b496gs285it6bheuikox6z9mj,Aston Villa FC,Aston Villa,Villa,AVL,244954.0,74.0,1.0,26.0,20.0,76.92,2.0,2.0,100.0,0.0,0.0,0.0,0.0,0.0,0.0,Pau,Torres,1997-01-16,29.63,7.0,14.0,Defender,Central Defender,57s7gfvt5btbfzm600wn7df55,b496gs285it6bheuikox6z9mj,Aston Villa FC,Aston Villa,Villa,AVL,244954,57s7gfvt5btbfzm600wn7df55
Pedro Neto,247632.0,1.0,14.0,0.0,0.03,-0.03,1.0,0.0,0.0,0.03,Pedro,Lomba Neto,2000-03-09,26.48,8.0,7.0,Forward,Winger,6psklvi66inwws7buzf16yjft,9q0arba2kbnywth8bkxlhgmdr,Chelsea FC,Chelsea,Chelsea,CHE,3.0,33.17,2.0,19.11,1.0,0.0,0.0,0.0,11.057,9.555,1.0,0.0,3.0,0.0,0.0,4.0,4.0,100.0,0.0,0.0,0.0,,,,,,,,,,247632.0,14.0,1.0,0.0,0.0,0.0,0.0,0.069,0.069,0.0,0.0,Pedro,Lomba Neto,2000-03-09,26.48,8.0,7.0,Forward,Winger,6psklvi66inwws7buzf16yjft,9q0arba2kbnywth8bkxlhgmdr,Chelsea FC,Chelsea,Chelsea,CHE,247632.0,14.0,1.0,5.0,3.0,60.0,0.0,0.0,0.0,1.0,1.0,100.0,0.0,0.0,0.0,Pedro,Lomba Neto,2000-03-09,26.48,8.0,7.0,Forward,Winger,6psklvi66inwws7buzf16yjft,9q0arba2kbnywth8bkxlhgmdr,Chelsea FC,Chelsea,Chelsea,CHE,247632,6psklvi66inwws7buzf16yjft
Pep Chavarría,498444.0,1.0,25.0,0.0,0.0,0.0,0.0,0.0,0.0,0.0,Pep,Chavarría,1998-04-10,28.4,8.0,29.0,Defender,Full Back,amt4voyjzhnvr55t08hzlw50q,9q0arba2kbnywth8bkxlhgmdr,Chelsea FC,Chelsea,Chelsea,CHE,1.0,7.008,0.0,-6.09,0.0,0.0,0.0,0.0,7.008,0.0,0.0,0.0,1.0,0.0,1.0,1.0,0.0,0.0,1.0,0.0,0.0,,,,,,,,,,498444.0,25.0,1.0,0.0,0.0,0.0,0.0,0.0,0.0,0.0,0.0,Pep,Chavarría,1998-04-10,28.4,8.0,29.0,Defender,Full Back,amt4voyjzhnvr55t08hzlw50q,9q0arba2kbnywth8bkxlhgmdr,Chelsea FC,Chelsea,Chelsea,CHE,498444.0,25.0,1.0,8.0,5.0,62.5,2.0,1.0,50.0,0.0,0.0,0.0,0.0,0.0,0.0,Pep,Chavarría,1998-04-10,28.4,8.0,29.0,Defender,Full Back,amt4voyjzhnvr55t08hzlw50q,9q0arba2kbnywth8bkxlhgmdr,Chelsea FC,Chelsea,Chelsea,CHE,498444,amt4voyjzhnvr55t08hzlw50q
Phil Foden,209244.0,1.0,82.0,0.0,0.12,-0.12,2.0,0.0,0.0,0.06,Phil,Foden,2000-05-28,26.27,43.0,47.0,Midfielder,Attacking Midfielder,693z0rzfh3m0h0wsma9v8c9ux,a3nyxabgsqlnqfkeg41m6tnpp,Manchester City FC,Manchester City,Man City,MCI,19.0,194.929,7.0,18.48,0.0,0.0,0.0,0.0,10.259,2.64,3.0,0.0,3.0,0.0,0.0,11.0,6.0,54.545,2.0,1.0,50.0,,,,,,,,,,209244.0,82.0,1.0,2.0,1.0,1.92,50.0,0.4,0.367,0.0,0.0,Phil,Foden,2000-05-28,26.27,43.0,47.0,Midfielder,Attacking Midfielder,693z0rzfh3m0h0wsma9v8c9ux,a3nyxabgsqlnqfkeg41m6tnpp,Manchester City FC,Manchester City,Man City,MCI,209244.0,82.0,1.0,54.0,43.0,79.63,18.0,12.0,66.67,3.0,1.0,33.33,3.0,1.0,33.33,Phil,Foden,2000-05-28,26.27,43.0,47.0,Midfielder,Attacking Midfielder,693z0rzfh3m0h0wsma9v8c9ux,a3nyxabgsqlnqfkeg41m6tnpp,Manchester City FC,Manchester City,Man City,MCI,209244,693z0rzfh3m0h0wsma9v8c9ux
Piero Hincapié,448104.0,1.0,9.0,0.0,0.0,0.0,0.0,0.0,0.0,0.0,Piero,Hincapié,2002-01-09,24.65,3.0,5.0,Defender,Central Defender,4foax2b7unlkev1eq6py86lii,4dsgumo7d4zupm2ugsvm4zm4d,Arsenal FC,Arsenal,Arsenal,ARS,3.0,35.438,3.0,34.65,0.0,0.0,0.0,0.0,11.813,11.55,0.0,0.0,0.0,0.0,0.0,0.0,0.0,0.0,1.0,0.0,0.0,,,,,,,,,,448104.0,9.0,1.0,0.0,0.0,0.0,0.0,0.003,0.003,0.0,0.0,Piero,Hincapié,2002-01-09,24.65,3.0,5.0,Defender,Central Defender,4foax2b7unlkev1eq6py86lii,4dsgumo7d4zupm2ugsvm4zm4d,Arsenal FC,Arsenal,Arsenal,ARS,448104.0,9.0,1.0,5.0,5.0,100.0,2.0,2.0,100.0,1.0,0.0,0.0,0.0,0.0,0.0,Piero,Hincapié,2002-01-09,24.65,3.0,5.0,Defender,Central Defender,4foax2b7unlkev1eq6py86lii,4dsgumo7d4zupm2ugsvm4zm4d,Arsenal FC,Arsenal,Arsenal,ARS,448104,4foax2b7unlkev1eq6py86lii
Promise David,538007.0,0.0,0.0,0.0,0.0,0.0,0.0,0.0,0.0,0.0,Promise,David,2001-07-03,25.17,36.0,12.0,Forward,Striker,538007,e5p0ehyguld7egzhiedpdnc3w,Brighton & Hove Albion FC,Brighton & Hove Albion,Brighton,BHA,0.0,0.0,0.0,0.0,0.0,0.0,0.0,0.0,0.0,0.0,0.0,0.0,0.0,0.0,0.0,0.0,0.0,0.0,0.0,0.0,0.0,,,,,,,,,,538007.0,0.0,0.0,0.0,0.0,0.0,0.0,0.0,0.0,0.0,0.0,Promise,David,2001-07-03,25.17,36.0,12.0,Forward,Striker,538007,e5p0ehyguld7egzhiedpdnc3w,Brighton & Hove Albion FC,Brighton & Hove Albion,Brighton,BHA,538007.0,0.0,0.0,0.0,0.0,0.0,0.0,0.0,0.0,0.0,0.0,0.0,0.0,0.0,0.0,Promise,David,2001-07-03,25.17,36.0,12.0,Forward,Striker,538007,e5p0ehyguld7egzhiedpdnc3w,Brighton & Hove Albion FC,Brighton & Hove Albion,Brighton,BHA,538007,538007
Rayan,499604.0,1.0,89.0,0.0,0.04,-0.04,1.0,1.0,0.0,0.04,Rayan Vitor,Simplício Rocha,2006-08-03,20.08,91.0,37.0,Forward,Striker,db59xs6wi27mder57ocnlidjo,1pse9ta7a45pi2w2grjim70ge,AFC Bournemouth,Bournemouth,Bournemouth,BOU,6.0,57.176,3.0,20.79,0.0,0.0,1.0,0.0,9.529,6.93,0.0,1.0,0.0,0.0,0.0,3.0,0.0,0.0,9.0,3.0,33.333,,,,,,,,,,499604.0,89.0,1.0,1.0,1.0,6.67,0.0,0.026,0.026,0.0,0.0,Rayan Vitor,Simplício Rocha,2006-08-03,20.08,91.0,37.0,Forward,Striker,db59xs6wi27mder57ocnlidjo,1pse9ta7a45pi2w2grjim70ge,AFC Bournemouth,Bournemouth,Bournemouth,BOU,499604.0,89.0,1.0,15.0,8.0,53.33,12.0,7.0,58.33,0.0,0.0,0.0,0.0,0.0,0.0,Rayan Vitor,Simplício Rocha,2006-08-03,20.08,91.0,37.0,Forward,Striker,db59xs6wi27mder57ocnlidjo,1pse9ta7a45pi2w2grjim70ge,AFC Bournemouth,Bournemouth,Bournemouth,BOU,499604,db59xs6wi27mder57ocnlidjo
Rayan Aït-Nouri,448514.0,0.0,0.0,0.0,0.0,0.0,0.0,0.0,0.0,0.0,Rayan,Aït-Nouri,2001-06-06,25.24,43.0,21.0,Defender,Full Back,448514,a3nyxabgsqlnqfkeg41m6tnpp,Manchester City FC,Manchester City,Man City,MCI,0.0,0.0,0.0,0.0,0.0,0.0,0.0,0.0,0.0,0.0,0.0,0.0,0.0,0.0,0.0,0.0,0.0,0.0,0.0,0.0,0.0,,,,,,,,,,448514.0,0.0,0.0,0.0,0.0,0.0,0.0,0.0,0.0,0.0,0.0,Rayan,Aït-Nouri,2001-06-06,25.24,43.0,21.0,Defender,Full Back,448514,a3nyxabgsqlnqfkeg41m6tnpp,Manchester City FC,Manchester City,Man City,MCI,448514.0,0.0,0.0,0.0,0.0,0.0,0.0,0.0,0.0,0.0,0.0,0.0,0.0,0.0,0.0,Rayan,Aït-Nouri,2001-06-06,25.24,43.0,21.0,Defender,Full Back,448514,a3nyxabgsqlnqfkeg41m6tnpp,Manchester City FC,Manchester City,Man City,MCI,448514,448514
Rayan Cherki,466052.0,1.0,27.0,0.0,0.0,0.0,0.0,0.0,0.0,0.0,Rayan,Cherki,2003-08-17,23.04,43.0,10.0,Midfielder,Attacking Midfielder,1ehcji0j9s8b0qsj8v5zinjvu,a3nyxabgsqlnqfkeg41m6tnpp,Manchester City FC,Manchester City,Man City,MCI,8.0,86.982,3.0,9.345,0.0,0.0,1.0,0.0,10.873,3.115,0.0,0.0,0.0,0.0,0.0,1.0,0.0,0.0,1.0,0.0,0.0,,,,,,,,,,466052.0,27.0,1.0,4.0,3.0,14.29,0.0,0.495,0.412,2.0,1.0,Rayan,Cherki,2003-08-17,23.04,43.0,10.0,Midfielder,Attacking Midfielder,1ehcji0j9s8b0qsj8v5zinjvu,a3nyxabgsqlnqfkeg41m6tnpp,Manchester City FC,Manchester City,Man City,MCI,466052.0,27.0,1.0,14.0,13.0,92.86,7.0,6.0,85.71,1.0,0.0,0.0,1.0,1.0,100.0,Rayan,Cherki,2003-08-17,23.04,43.0,10.0,Midfielder,Attacking Midfielder,1ehcji0j9s8b0qsj8v5zinjvu,a3nyxabgsqlnqfkeg41m6tnpp,Manchester City FC,Manchester City,Man City,MCI,466052,1ehcji0j9s8b0qsj8v5zinjvu
Reece James,225796.0,1.0,90.0,0.0,0.1,-0.1,2.0,1.0,0.0,0.05,Reece,James,1999-12-08,26.74,8.0,24.0,Defender,Full Back,dczrgxyolp7lcz413wkz7ap61,9q0arba2kbnywth8bkxlhgmdr,Chelsea FC,Chelsea,Chelsea,CHE,6.0,54.744,2.0,6.825,0.0,0.0,0.0,0.0,9.124,3.412,0.0,2.0,4.0,2.0,2.0,4.0,0.0,0.0,1.0,1.0,100.0,,,,,,,,,,225796.0,90.0,1.0,1.0,1.0,2.0,0.0,0.07,0.07,0.0,0.0,Reece,James,1999-12-08,26.74,8.0,24.0,Defender,Full Back,dczrgxyolp7lcz413wkz7ap61,9q0arba2kbnywth8bkxlhgmdr,Chelsea FC,Chelsea,Chelsea,CHE,225796.0,90.0,1.0,50.0,44.0,88.0,6.0,5.0,83.33,1.0,1.0,100.0,0.0,0.0,0.0,Reece,James,1999-12-08,26.74,8.0,24.0,Defender,Full Back,dczrgxyolp7lcz413wkz7ap61,9q0arba2kbnywth8bkxlhgmdr,Chelsea FC,Chelsea,Chelsea,CHE,225796,dczrgxyolp7lcz413wkz7ap61
Regan Slater,243413.0,1.0,90.0,0.0,0.0,0.0,0.0,0.0,0.0,0.0,Regan,Slater,1999-09-11,26.98,88.0,27.0,Midfielder,Defensive Midfielder,4na6y8lqidwajp19myp5l7bvt,f0figafm2v9h8ofo6slajj7xf,Hull City AFC,Hull City,Hull,HUL,6.0,63.657,1.0,4.515,0.0,0.0,0.0,0.0,10.609,4.515,1.0,0.0,2.0,0.0,0.0,4.0,1.0,25.0,1.0,0.0,0.0,,,,,,,,,,243413.0,90.0,1.0,1.0,0.0,0.0,0.0,0.441,0.007,1.0,0.0,Regan,Slater,1999-09-11,26.98,88.0,27.0,Midfielder,Defensive Midfielder,4na6y8lqidwajp19myp5l7bvt,f0figafm2v9h8ofo6slajj7xf,Hull City AFC,Hull City,Hull,HUL,243413.0,90.0,1.0,21.0,19.0,90.48,6.0,5.0,83.33,0.0,0.0,0.0,0.0,0.0,0.0,Regan,Slater,1999-09-11,26.98,88.0,27.0,Midfielder,Defensive Midfielder,4na6y8lqidwajp19myp5l7bvt,f0figafm2v9h8ofo6slajj7xf,Hull City AFC,Hull City,Hull,HUL,243413,4na6y8lqidwajp19myp5l7bvt
Reinildo Mandava,434399.0,1.0,90.0,0.0,0.0,0.0,0.0,0.0,0.0,0.0,Reinildo Isnard,Mandava,1994-01-21,32.62,56.0,17.0,Defender,Full Back,cj3dik1dqyo2nf1jgmyn471sl,1r3545b2dzan8yqa80gtmcjch,Sunderland AFC,Sunderland,Sunderland,SUN,8.0,68.71,3.0,12.285,0.0,0.0,0.0,0.0,8.589,4.095,3.0,3.0,5.0,0.0,2.0,10.0,5.0,50.0,4.0,3.0,75.0,,,,,,,,,,434399.0,90.0,1.0,2.0,2.0,3.77,0.0,0.289,0.289,0.0,0.0,Reinildo Isnard,Mandava,1994-01-21,32.62,56.0,17.0,Defender,Full Back,cj3dik1dqyo2nf1jgmyn471sl,1r3545b2dzan8yqa80gtmcjch,Sunderland AFC,Sunderland,Sunderland,SUN,434399.0,90.0,1.0,53.0,47.0,88.68,11.0,9.0,81.82,2.0,1.0,50.0,0.0,0.0,0.0,Reinildo Isnard,Mandava,1994-01-21,32.62,56.0,17.0,Defender,Full Back,cj3dik1dqyo2nf1jgmyn471sl,1r3545b2dzan8yqa80gtmcjch,Sunderland AFC,Sunderland,Sunderland,SUN,434399,cj3dik1dqyo2nf1jgmyn471sl
Riccardo Calafiori,466075.0,1.0,81.0,0.0,0.04,-0.04,1.0,0.0,0.0,0.04,Riccardo,Calafiori,2002-05-19,24.29,3.0,33.0,Defender,Full Back,dhs8pujk55ewcis7y5alchu22,4dsgumo7d4zupm2ugsvm4zm4d,Arsenal FC,Arsenal,Arsenal,ARS,8.0,72.35,5.0,43.785,0.0,0.0,0.0,0.0,9.044,8.757,1.0,0.0,1.0,0.0,4.0,1.0,1.0,100.0,2.0,1.0,50.0,,,,,,,,,,466075.0,81.0,1.0,1.0,1.0,0.0,0.0,0.094,0.094,1.0,1.0,Riccardo,Calafiori,2002-05-19,24.29,3.0,33.0,Defender,Full Back,dhs8pujk55ewcis7y5alchu22,4dsgumo7d4zupm2ugsvm4zm4d,Arsenal FC,Arsenal,Arsenal,ARS,466075.0,81.0,1.0,24.0,20.0,83.33,8.0,6.0,75.0,0.0,0.0,0.0,0.0,0.0,0.0,Riccardo,Calafiori,2002-05-19,24.29,3.0,33.0,Defender,Full Back,dhs8pujk55ewcis7y5alchu22,4dsgumo7d4zupm2ugsvm4zm4d,Arsenal FC,Arsenal,Arsenal,ARS,466075,dhs8pujk55ewcis7y5alchu22
Richarlison,212319.0,1.0,68.0,0.0,0.0,0.0,0.0,0.0,0.0,0.0,Richarlison,de Andrade,1997-05-10,29.32,6.0,9.0,Forward,Second Striker,c5zmr0m17riujelm4up44etih,22doj4sgsocqpxw45h607udje,Tottenham Hotspur FC,Tottenham Hotspur,Spurs,TOT,3.0,18.244,0.0,-15.435,0.0,0.0,0.0,0.0,6.081,0.0,0.0,0.0,0.0,0.0,1.0,7.0,2.0,28.571,4.0,0.0,0.0,,,,,,,,,,212319.0,68.0,1.0,0.0,0.0,0.0,0.0,0.004,0.004,0.0,0.0,Richarlison,de Andrade,1997-05-10,29.32,6.0,9.0,Forward,Second Striker,c5zmr0m17riujelm4up44etih,22doj4sgsocqpxw45h607udje,Tottenham Hotspur FC,Tottenham Hotspur,Spurs,TOT,212319.0,68.0,1.0,9.0,8.0,88.89,3.0,2.0,66.67,0.0,0.0,0.0,0.0,0.0,0.0,Richarlison,de Andrade,1997-05-10,29.32,6.0,9.0,Forward,Second Striker,c5zmr0m17riujelm4up44etih,22doj4sgsocqpxw45h607udje,Tottenham Hotspur FC,Tottenham Hotspur,Spurs,TOT,212319,c5zmr0m17riujelm4up44etih
Rico Henry,194010.0,0.0,0.0,0.0,0.0,0.0,0.0,0.0,0.0,0.0,Rico,Henry,1997-07-08,29.16,94.0,3.0,Defender,Full Back,194010,7yx5dqhhphyvfisohikodajhv,Brentford FC,Brentford,Brentford,BRE,0.0,0.0,0.0,0.0,0.0,0.0,0.0,0.0,0.0,0.0,0.0,0.0,0.0,0.0,0.0,0.0,0.0,0.0,0.0,0.0,0.0,,,,,,,,,,194010.0,0.0,0.0,0.0,0.0,0.0,0.0,0.0,0.0,0.0,0.0,Rico,Henry,1997-07-08,29.16,94.0,3.0,Defender,Full Back,194010,7yx5dqhhphyvfisohikodajhv,Brentford FC,Brentford,Brentford,BRE,194010.0,0.0,0.0,0.0,0.0,0.0,0.0,0.0,0.0,0.0,0.0,0.0,0.0,0.0,0.0,Rico,Henry,1997-07-08,29.16,94.0,3.0,Defender,Full Back,194010,7yx5dqhhphyvfisohikodajhv,Brentford FC,Brentford,Brentford,BRE,194010,194010
Rico Lewis,477064.0,1.0,57.0,0.0,0.17,-0.17,1.0,1.0,0.0,0.17,Rico,Lewis,2004-11-21,21.78,43.0,82.0,Defender,Full Back,d0azo0spzov2hg6ul40l58e3u,a3nyxabgsqlnqfkeg41m6tnpp,Manchester City FC,Manchester City,Man City,MCI,7.0,72.198,4.0,28.245,0.0,0.0,0.0,0.0,10.314,7.061,0.0,2.0,0.0,0.0,0.0,9.0,2.0,22.222,1.0,1.0,100.0,,,,,,,,,,477064.0,57.0,1.0,0.0,0.0,0.0,0.0,0.018,0.018,0.0,0.0,Rico,Lewis,2004-11-21,21.78,43.0,82.0,Defender,Full Back,d0azo0spzov2hg6ul40l58e3u,a3nyxabgsqlnqfkeg41m6tnpp,Manchester City FC,Manchester City,Man City,MCI,477064.0,57.0,1.0,26.0,24.0,92.31,10.0,9.0,90.0,2.0,0.0,0.0,0.0,0.0,0.0,Rico,Lewis,2004-11-21,21.78,43.0,82.0,Defender,Full Back,d0azo0spzov2hg6ul40l58e3u,a3nyxabgsqlnqfkeg41m6tnpp,Manchester City FC,Manchester City,Man City,MCI,477064,d0azo0spzov2hg6ul40l58e3u
Rio Ngumoha,611922.0,1.0,63.0,0.0,0.04,-0.04,1.0,0.0,0.0,0.04,Rio,Ngumoha,2008-08-29,18.01,14.0,73.0,Forward,Winger,154gonr6x9vuraxmzd9zi5xck,c8h9bw1l82s06h77xxrelzhur,Liverpool FC,Liverpool,Liverpool,LIV,9.0,73.536,3.0,16.275,0.0,0.0,0.0,0.0,8.171,5.425,1.0,0.0,2.0,0.0,0.0,5.0,2.0,40.0,0.0,0.0,0.0,,,,,,,,,,611922.0,63.0,1.0,0.0,0.0,0.0,0.0,0.022,0.022,0.0,0.0,Rio,Ngumoha,2008-08-29,18.01,14.0,73.0,Forward,Winger,154gonr6x9vuraxmzd9zi5xck,c8h9bw1l82s06h77xxrelzhur,Liverpool FC,Liverpool,Liverpool,LIV,611922.0,63.0,1.0,13.0,10.0,76.92,8.0,6.0,75.0,2.0,1.0,50.0,0.0,0.0,0.0,Rio,Ngumoha,2008-08-29,18.01,14.0,73.0,Forward,Winger,154gonr6x9vuraxmzd9zi5xck,c8h9bw1l82s06h77xxrelzhur,Liverpool FC,Liverpool,Liverpool,LIV,611922,154gonr6x9vuraxmzd9zi5xck
Robert Sánchez,,,,,,,,,,,,,,,,,,,,,,,,,,,,,,,,,,,,,,,,,,,,,,90.0,100.0,0.0,2.0,4.0,66.67,-0.83,0.5,1.17,,,,,,,,,,,,,,,,,,,,,,,,,,,,,,,,,,,,,,,,,,,,,,,,,,,,,,,215059,d9yxninyn4bac8f0ufxsnlqll
Robin Roefs,,,,,,,,,,,,,,,,,,,,,,,,,,,,,,,,,,,,,,,,,,,,,,90.0,100.0,0.0,2.0,1.0,33.33,-0.37,0.5,1.63,,,,,,,,,,,,,,,,,,,,,,,,,,,,,,,,,,,,,,,,,,,,,,,,,,,,,,,498016,6h0fuh0aamz86pf25qebm0fvu
Rodrigo Bentancur,202993.0,1.0,45.0,0.0,0.0,0.0,0.0,0.0,0.0,0.0,Rodrigo,Bentancur,1997-06-25,29.19,6.0,30.0,Midfielder,Central Midfielder,3wp8fuk07m1ph1fpmbqe7tf55,22doj4sgsocqpxw45h607udje,Tottenham Hotspur FC,Tottenham Hotspur,Spurs,TOT,8.0,83.922,2.0,11.865,0.0,0.0,0.0,0.0,10.49,5.932,3.0,0.0,2.0,0.0,0.0,9.0,3.0,33.333,2.0,1.0,50.0,,,,,,,,,,202993.0,45.0,1.0,1.0,1.0,2.56,0.0,0.012,0.012,0.0,0.0,Rodrigo,Bentancur,1997-06-25,29.19,6.0,30.0,Midfielder,Central Midfielder,3wp8fuk07m1ph1fpmbqe7tf55,22doj4sgsocqpxw45h607udje,Tottenham Hotspur FC,Tottenham Hotspur,Spurs,TOT,202993.0,45.0,1.0,41.0,37.0,90.24,10.0,8.0,80.0,0.0,0.0,0.0,0.0,0.0,0.0,Rodrigo,Bentancur,1997-06-25,29.19,6.0,30.0,Midfielder,Central Midfielder,3wp8fuk07m1ph1fpmbqe7tf55,22doj4sgsocqpxw45h607udje,Tottenham Hotspur FC,Tottenham Hotspur,Spurs,TOT,202993,3wp8fuk07m1ph1fpmbqe7tf55
Rodrigo Muniz,244042.0,1.0,8.0,0.0,0.02,-0.02,1.0,1.0,0.0,0.02,Rodrigo,Muniz Carvalho,2001-05-04,25.33,54.0,9.0,Forward,Striker,9wqqm1lr6y75yl27asdcygf3e,hzqh7z0mdl3v7gwete66syxp,Fulham FC,Fulham,Fulham,FUL,0.0,0.0,0.0,0.0,0.0,0.0,0.0,0.0,0.0,0.0,0.0,0.0,0.0,0.0,1.0,1.0,0.0,0.0,3.0,3.0,100.0,,,,,,,,,,244042.0,8.0,1.0,1.0,1.0,25.0,0.0,0.002,0.002,0.0,0.0,Rodrigo,Muniz Carvalho,2001-05-04,25.33,54.0,9.0,Forward,Striker,9wqqm1lr6y75yl27asdcygf3e,hzqh7z0mdl3v7gwete66syxp,Fulham FC,Fulham,Fulham,FUL,244042.0,8.0,1.0,4.0,2.0,50.0,3.0,2.0,66.67,0.0,0.0,0.0,0.0,0.0,0.0,Rodrigo,Muniz Carvalho,2001-05-04,25.33,54.0,9.0,Forward,Striker,9wqqm1lr6y75yl27asdcygf3e,hzqh7z0mdl3v7gwete66syxp,Fulham FC,Fulham,Fulham,FUL,244042,9wqqm1lr6y75yl27asdcygf3e
Romaine Mundle,461199.0,0.0,0.0,0.0,0.0,0.0,0.0,0.0,0.0,0.0,Romaine,Mundle,2003-04-24,23.36,56.0,14.0,Forward,Winger,461199,1r3545b2dzan8yqa80gtmcjch,Sunderland AFC,Sunderland,Sunderland,SUN,0.0,0.0,0.0,0.0,0.0,0.0,0.0,0.0,0.0,0.0,0.0,0.0,0.0,0.0,0.0,0.0,0.0,0.0,0.0,0.0,0.0,,,,,,,,,,461199.0,0.0,0.0,0.0,0.0,0.0,0.0,0.0,0.0,0.0,0.0,Romaine,Mundle,2003-04-24,23.36,56.0,14.0,Forward,Winger,461199,1r3545b2dzan8yqa80gtmcjch,Sunderland AFC,Sunderland,Sunderland,SUN,461199.0,0.0,0.0,0.0,0.0,0.0,0.0,0.0,0.0,0.0,0.0,0.0,0.0,0.0,0.0,Romaine,Mundle,2003-04-24,23.36,56.0,14.0,Forward,Winger,461199,1r3545b2dzan8yqa80gtmcjch,Sunderland AFC,Sunderland,Sunderland,SUN,461199,461199
Roméo Lavia,514356.0,1.0,65.0,0.0,0.21,-0.21,1.0,1.0,0.0,0.21,Roméo,Lavia,2004-01-06,22.65,8.0,45.0,Midfielder,Defensive Midfielder,dgjl6ks0r7lbh09fe8cuwj7ro,9q0arba2kbnywth8bkxlhgmdr,Chelsea FC,Chelsea,Chelsea,CHE,5.0,43.035,1.0,3.99,0.0,0.0,0.0,0.0,8.607,3.99,3.0,1.0,4.0,0.0,1.0,6.0,3.0,50.0,0.0,0.0,0.0,,,,,,,,,,514356.0,65.0,1.0,2.0,2.0,9.09,0.0,0.031,0.031,0.0,0.0,Roméo,Lavia,2004-01-06,22.65,8.0,45.0,Midfielder,Defensive Midfielder,dgjl6ks0r7lbh09fe8cuwj7ro,9q0arba2kbnywth8bkxlhgmdr,Chelsea FC,Chelsea,Chelsea,CHE,514356.0,65.0,1.0,22.0,21.0,95.45,2.0,2.0,100.0,0.0,0.0,0.0,0.0,0.0,0.0,Roméo,Lavia,2004-01-06,22.65,8.0,45.0,Midfielder,Defensive Midfielder,dgjl6ks0r7lbh09fe8cuwj7ro,9q0arba2kbnywth8bkxlhgmdr,Chelsea FC,Chelsea,Chelsea,CHE,514356,dgjl6ks0r7lbh09fe8cuwj7ro
Ronald Araujo,445087.0,1.0,20.0,0.0,0.0,0.0,0.0,0.0,0.0,0.0,Ronald,Araujo,1999-03-07,27.49,14.0,33.0,Defender,Central Defender,awsod0zmnrukk21d4882ji7e1,c8h9bw1l82s06h77xxrelzhur,Liverpool FC,Liverpool,Liverpool,LIV,7.0,82.366,7.0,81.165,0.0,0.0,0.0,0.0,11.767,11.595,1.0,0.0,1.0,1.0,2.0,2.0,1.0,50.0,5.0,3.0,60.0,,,,,,,,,,445087.0,20.0,1.0,0.0,0.0,0.0,0.0,0.035,0.006,0.0,0.0,Ronald,Araujo,1999-03-07,27.49,14.0,33.0,Defender,Central Defender,awsod0zmnrukk21d4882ji7e1,c8h9bw1l82s06h77xxrelzhur,Liverpool FC,Liverpool,Liverpool,LIV,445087.0,20.0,1.0,29.0,26.0,89.66,5.0,4.0,80.0,0.0,0.0,0.0,0.0,0.0,0.0,Ronald,Araujo,1999-03-07,27.49,14.0,33.0,Defender,Central Defender,awsod0zmnrukk21d4882ji7e1,c8h9bw1l82s06h77xxrelzhur,Liverpool FC,Liverpool,Liverpool,LIV,445087,awsod0zmnrukk21d4882ji7e1
Ross Barkley,88894.0,1.0,74.0,0.0,0.1,-0.1,1.0,0.0,0.0,0.1,Ross,Barkley,1993-12-05,32.75,7.0,6.0,Midfielder,Central Midfielder,dxeju5zcb6j8etdgwq0kweor9,b496gs285it6bheuikox6z9mj,Aston Villa FC,Aston Villa,Villa,AVL,14.0,178.553,4.0,9.45,0.0,0.0,1.0,0.0,12.754,2.362,0.0,0.0,0.0,1.0,0.0,8.0,4.0,50.0,2.0,1.0,50.0,,,,,,,,,,88894.0,74.0,1.0,2.0,2.0,10.0,0.0,0.017,0.007,0.0,0.0,Ross,Barkley,1993-12-05,32.75,7.0,6.0,Midfielder,Central Midfielder,dxeju5zcb6j8etdgwq0kweor9,b496gs285it6bheuikox6z9mj,Aston Villa FC,Aston Villa,Villa,AVL,88894.0,74.0,1.0,25.0,20.0,80.0,6.0,5.0,83.33,0.0,0.0,0.0,0.0,0.0,0.0,Ross,Barkley,1993-12-05,32.75,7.0,6.0,Midfielder,Central Midfielder,dxeju5zcb6j8etdgwq0kweor9,b496gs285it6bheuikox6z9mj,Aston Villa FC,Aston Villa,Villa,AVL,88894,dxeju5zcb6j8etdgwq0kweor9
Ryan Giles,232351.0,1.0,85.0,0.0,0.02,-0.02,1.0,0.0,0.0,0.02,Ryan,Giles,2000-01-26,26.6,88.0,3.0,Defender,Full Back,atvrysizvvwtt7fytcuhyt49,f0figafm2v9h8ofo6slajj7xf,Hull City AFC,Hull City,Hull,HUL,9.0,111.172,9.0,102.795,1.0,0.0,1.0,0.0,12.352,11.422,1.0,1.0,1.0,0.0,4.0,2.0,1.0,50.0,4.0,3.0,75.0,,,,,,,,,,232351.0,85.0,1.0,1.0,1.0,6.25,0.0,0.073,0.071,0.0,0.0,Ryan,Giles,2000-01-26,26.6,88.0,3.0,Defender,Full Back,atvrysizvvwtt7fytcuhyt49,f0figafm2v9h8ofo6slajj7xf,Hull City AFC,Hull City,Hull,HUL,232351.0,85.0,1.0,16.0,11.0,68.75,5.0,3.0,60.0,8.0,2.0,25.0,0.0,0.0,0.0,Ryan,Giles,2000-01-26,26.6,88.0,3.0,Defender,Full Back,atvrysizvvwtt7fytcuhyt49,f0figafm2v9h8ofo6slajj7xf,Hull City AFC,Hull City,Hull,HUL,232351,atvrysizvvwtt7fytcuhyt49
Ryan Gravenberch,441266.0,1.0,78.0,0.0,0.06,-0.06,2.0,0.0,0.0,0.03,Ryan,Gravenberch,2002-05-16,24.3,14.0,38.0,Midfielder,Central Midfielder,5ga7g20wsa7oqjbh4ijoeknl6,c8h9bw1l82s06h77xxrelzhur,Liverpool FC,Liverpool,Liverpool,LIV,14.0,154.535,9.0,103.11,1.0,0.0,0.0,0.0,11.038,11.457,1.0,2.0,8.0,0.0,0.0,10.0,4.0,40.0,0.0,0.0,0.0,,,,,,,,,,441266.0,78.0,1.0,1.0,1.0,0.0,0.0,0.052,0.052,1.0,1.0,Ryan,Gravenberch,2002-05-16,24.3,14.0,38.0,Midfielder,Central Midfielder,5ga7g20wsa7oqjbh4ijoeknl6,c8h9bw1l82s06h77xxrelzhur,Liverpool FC,Liverpool,Liverpool,LIV,441266.0,78.0,1.0,47.0,43.0,91.49,16.0,13.0,81.25,0.0,0.0,0.0,0.0,0.0,0.0,Ryan,Gravenberch,2002-05-16,24.3,14.0,38.0,Midfielder,Central Midfielder,5ga7g20wsa7oqjbh4ijoeknl6,c8h9bw1l82s06h77xxrelzhur,Liverpool FC,Liverpool,Liverpool,LIV,441266,5ga7g20wsa7oqjbh4ijoeknl6
Ryan Sessegnon,184349.0,1.0,17.0,0.0,0.03,-0.03,1.0,1.0,0.0,0.03,Ryan,Sessegnon,2000-05-18,26.29,54.0,30.0,Midfielder,Winger,cag3gzjcv8erx3zpp2lidzcvd,hzqh7z0mdl3v7gwete66syxp,Fulham FC,Fulham,Fulham,FUL,2.0,13.21,1.0,5.985,0.0,0.0,0.0,0.0,6.605,5.985,0.0,1.0,1.0,0.0,0.0,5.0,2.0,40.0,1.0,1.0,100.0,,,,,,,,,,184349.0,17.0,1.0,0.0,0.0,0.0,0.0,0.003,0.002,0.0,0.0,Ryan,Sessegnon,2000-05-18,26.29,54.0,30.0,Midfielder,Winger,cag3gzjcv8erx3zpp2lidzcvd,hzqh7z0mdl3v7gwete66syxp,Fulham FC,Fulham,Fulham,FUL,184349.0,17.0,1.0,7.0,4.0,57.14,2.0,2.0,100.0,2.0,0.0,0.0,0.0,0.0,0.0,Ryan,Sessegnon,2000-05-18,26.29,54.0,30.0,Midfielder,Winger,cag3gzjcv8erx3zpp2lidzcvd,hzqh7z0mdl3v7gwete66syxp,Fulham FC,Fulham,Fulham,FUL,184349,cag3gzjcv8erx3zpp2lidzcvd
Rúben Dias,171314.0,1.0,90.0,0.0,0.0,0.0,0.0,0.0,0.0,0.0,Rúben,dos Santos Gato Alves Dias,1997-05-14,29.31,43.0,3.0,Defender,Central Defender,2t5s4f41jefzuzth0bhcixtcl,a3nyxabgsqlnqfkeg41m6tnpp,Manchester City FC,Manchester City,Man City,MCI,39.0,347.223,26.0,213.885,0.0,0.0,1.0,0.0,8.903,8.226,0.0,0.0,8.0,0.0,6.0,0.0,0.0,0.0,5.0,4.0,80.0,,,,,,,,,,171314.0,90.0,1.0,1.0,1.0,0.8,0.0,0.144,0.143,0.0,0.0,Rúben,dos Santos Gato Alves Dias,1997-05-14,29.31,43.0,3.0,Defender,Central Defender,2t5s4f41jefzuzth0bhcixtcl,a3nyxabgsqlnqfkeg41m6tnpp,Manchester City FC,Manchester City,Man City,MCI,171314.0,90.0,1.0,128.0,112.0,87.5,24.0,17.0,70.83,0.0,0.0,0.0,1.0,0.0,0.0,Rúben,dos Santos Gato Alves Dias,1997-05-14,29.31,43.0,3.0,Defender,Central Defender,2t5s4f41jefzuzth0bhcixtcl,a3nyxabgsqlnqfkeg41m6tnpp,Manchester City FC,Manchester City,Man City,MCI,171314,2t5s4f41jefzuzth0bhcixtcl
Sander Berge,207189.0,1.0,73.0,0.0,0.03,-0.03,1.0,0.0,0.0,0.03,Sander,Berge,1998-02-14,28.55,54.0,16.0,Midfielder,Central Midfielder,6k66e9gxbu8s7zoxb7mrtwcmh,hzqh7z0mdl3v7gwete66syxp,Fulham FC,Fulham,Fulham,FUL,18.0,146.71,5.0,16.905,0.0,0.0,1.0,0.0,8.151,3.381,1.0,0.0,2.0,1.0,0.0,3.0,1.0,33.333,2.0,1.0,50.0,,,,,,,,,,207189.0,73.0,1.0,2.0,2.0,3.28,0.0,0.027,0.027,0.0,0.0,Sander,Berge,1998-02-14,28.55,54.0,16.0,Midfielder,Central Midfielder,6k66e9gxbu8s7zoxb7mrtwcmh,hzqh7z0mdl3v7gwete66syxp,Fulham FC,Fulham,Fulham,FUL,207189.0,73.0,1.0,61.0,58.0,95.08,9.0,7.0,77.78,1.0,0.0,0.0,0.0,0.0,0.0,Sander,Berge,1998-02-14,28.55,54.0,16.0,Midfielder,Central Midfielder,6k66e9gxbu8s7zoxb7mrtwcmh,hzqh7z0mdl3v7gwete66syxp,Fulham FC,Fulham,Fulham,FUL,207189,6k66e9gxbu8s7zoxb7mrtwcmh
Sandro Tonali,432422.0,1.0,90.0,0.0,0.04,-0.04,2.0,1.0,0.0,0.02,Sandro,Tonali,2000-05-08,26.32,6.0,16.0,Midfielder,Defensive Midfielder,9sxg58hszjq17avxgumftdu22,22doj4sgsocqpxw45h607udje,Tottenham Hotspur FC,Tottenham Hotspur,Spurs,TOT,14.0,118.643,4.0,38.325,1.0,0.0,0.0,0.0,8.474,9.581,1.0,0.0,3.0,0.0,0.0,4.0,2.0,50.0,0.0,0.0,0.0,,,,,,,,,,432422.0,90.0,1.0,0.0,0.0,0.0,0.0,0.06,0.06,0.0,0.0,Sandro,Tonali,2000-05-08,26.32,6.0,16.0,Midfielder,Defensive Midfielder,9sxg58hszjq17avxgumftdu22,22doj4sgsocqpxw45h607udje,Tottenham Hotspur FC,Tottenham Hotspur,Spurs,TOT,432422.0,90.0,1.0,63.0,56.0,88.89,20.0,16.0,80.0,1.0,0.0,0.0,0.0,0.0,0.0,Sandro,Tonali,2000-05-08,26.32,6.0,16.0,Midfielder,Defensive Midfielder,9sxg58hszjq17avxgumftdu22,22doj4sgsocqpxw45h607udje,Tottenham Hotspur FC,Tottenham Hotspur,Spurs,TOT,432422,9sxg58hszjq17avxgumftdu22
Sasa Lukic,212314.0,1.0,90.0,0.0,0.0,0.0,0.0,0.0,0.0,0.0,Sasa,Lukic,1996-08-13,30.06,40.0,23.0,Midfielder,Central Midfielder,cdrzpuj49ploquvdolgh5c3bp,8b523ujgl21tbc01me65q0aoh,Ipswich Town FC,Ipswich Town,Ipswich,IPS,6.0,82.047,4.0,47.985,0.0,0.0,0.0,0.0,13.674,11.996,1.0,1.0,3.0,0.0,1.0,6.0,1.0,16.667,1.0,0.0,0.0,,,,,,,,,,212314.0,90.0,1.0,1.0,1.0,0.0,0.0,0.019,0.019,1.0,1.0,Sasa,Lukic,1996-08-13,30.06,40.0,23.0,Midfielder,Central Midfielder,cdrzpuj49ploquvdolgh5c3bp,8b523ujgl21tbc01me65q0aoh,Ipswich Town FC,Ipswich Town,Ipswich,IPS,212314.0,90.0,1.0,45.0,38.0,84.44,14.0,8.0,57.14,0.0,0.0,0.0,0.0,0.0,0.0,Sasa,Lukic,1996-08-13,30.06,40.0,23.0,Midfielder,Central Midfielder,cdrzpuj49ploquvdolgh5c3bp,8b523ujgl21tbc01me65q0aoh,Ipswich Town FC,Ipswich Town,Ipswich,IPS,212314,cdrzpuj49ploquvdolgh5c3bp
Sean Longstaff,180135.0,1.0,8.0,0.0,0.0,0.0,0.0,0.0,0.0,0.0,Sean,Longstaff,1997-10-30,28.84,2.0,8.0,Midfielder,Central Midfielder,9pv566tidfz21e00y4t0mbap5,48gk2hpqtsl6p9sx9kjhaydq4,Leeds United FC,Leeds United,Leeds,LEE,0.0,0.0,0.0,0.0,0.0,0.0,0.0,0.0,0.0,0.0,0.0,0.0,0.0,0.0,0.0,0.0,0.0,0.0,0.0,0.0,0.0,,,,,,,,,,180135.0,8.0,1.0,0.0,0.0,0.0,0.0,0.0,0.0,0.0,0.0,Sean,Longstaff,1997-10-30,28.84,2.0,8.0,Midfielder,Central Midfielder,9pv566tidfz21e00y4t0mbap5,48gk2hpqtsl6p9sx9kjhaydq4,Leeds United FC,Leeds United,Leeds,LEE,180135.0,8.0,1.0,2.0,2.0,100.0,0.0,0.0,0.0,0.0,0.0,0.0,0.0,0.0,0.0,Sean,Longstaff,1997-10-30,28.84,2.0,8.0,Midfielder,Central Midfielder,9pv566tidfz21e00y4t0mbap5,48gk2hpqtsl6p9sx9kjhaydq4,Leeds United FC,Leeds United,Leeds,LEE,180135,9pv566tidfz21e00y4t0mbap5
Sean Steur,636852.0,1.0,56.0,0.0,0.0,0.0,0.0,0.0,0.0,0.0,Sean,Steur,2008-01-11,18.64,4.0,14.0,Midfielder,0,56nbghr9snc79dt8h99wleej8,7vn2i2kd35zuetw6b38gw9jsz,Newcastle United FC,Newcastle United,Newcastle,NEW,9.0,96.058,4.0,49.875,0.0,0.0,0.0,0.0,10.673,12.469,0.0,0.0,2.0,0.0,0.0,1.0,0.0,0.0,0.0,0.0,0.0,,,,,,,,,,636852.0,56.0,1.0,0.0,0.0,0.0,0.0,0.0,0.0,0.0,0.0,Sean,Steur,2008-01-11,18.64,4.0,14.0,Midfielder,0,56nbghr9snc79dt8h99wleej8,7vn2i2kd35zuetw6b38gw9jsz,Newcastle United FC,Newcastle United,Newcastle,NEW,636852.0,56.0,1.0,29.0,22.0,75.86,2.0,0.0,0.0,0.0,0.0,0.0,0.0,0.0,0.0,Sean,Steur,2008-01-11,18.64,4.0,14.0,Midfielder,0,56nbghr9snc79dt8h99wleej8,7vn2i2kd35zuetw6b38gw9jsz,Newcastle United FC,Newcastle United,Newcastle,NEW,636852,56nbghr9snc79dt8h99wleej8
Semi Ajayi,146426.0,1.0,64.0,1.0,0.52,0.48,1.0,1.0,100.0,0.52,Semi,Ajayi,1993-11-09,32.82,88.0,6.0,Defender,0,c3i64j5vlukz2wlm16tk7ek7p,f0figafm2v9h8ofo6slajj7xf,Hull City AFC,Hull City,Hull,HUL,3.0,18.149,1.0,13.02,0.0,0.0,0.0,0.0,6.05,13.02,0.0,2.0,3.0,0.0,5.0,1.0,1.0,100.0,2.0,2.0,100.0,,,,,,,,,,146426.0,64.0,1.0,0.0,0.0,0.0,0.0,0.002,0.002,0.0,0.0,Semi,Ajayi,1993-11-09,32.82,88.0,6.0,Defender,0,c3i64j5vlukz2wlm16tk7ek7p,f0figafm2v9h8ofo6slajj7xf,Hull City AFC,Hull City,Hull,HUL,146426.0,64.0,1.0,15.0,13.0,86.67,3.0,1.0,33.33,0.0,0.0,0.0,0.0,0.0,0.0,Semi,Ajayi,1993-11-09,32.82,88.0,6.0,Defender,0,c3i64j5vlukz2wlm16tk7ek7p,f0figafm2v9h8ofo6slajj7xf,Hull City AFC,Hull City,Hull,HUL,146426,c3i64j5vlukz2wlm16tk7ek7p
Senne Lammens,,,,,,,,,,,,,,,,,,,,,,,,,,,,,,,,,,,,,,,,,,,,,,90.0,100.0,0.0,2.0,2.0,50.0,-0.07,0.5,1.93,,,,,,,,,,,,,,,,,,,,,,,,,,,,,,,,,,,,,,,,,,,,,,,,,,,,,,,465247,398isvyux7zpjiwa2hzsxyc16
Shea Charles,463210.0,1.0,23.0,0.0,0.0,0.0,0.0,0.0,0.0,0.0,Shea,Charles,2003-11-05,22.82,54.0,19.0,Midfielder,Defensive Midfielder,adjp65lxg00oauk1a9r024qqy,hzqh7z0mdl3v7gwete66syxp,Fulham FC,Fulham,Fulham,FUL,9.0,104.782,3.0,43.26,0.0,0.0,0.0,0.0,11.642,14.42,1.0,0.0,2.0,0.0,0.0,1.0,1.0,100.0,0.0,0.0,0.0,,,,,,,,,,463210.0,23.0,1.0,0.0,0.0,0.0,0.0,0.005,0.005,0.0,0.0,Shea,Charles,2003-11-05,22.82,54.0,19.0,Midfielder,Defensive Midfielder,adjp65lxg00oauk1a9r024qqy,hzqh7z0mdl3v7gwete66syxp,Fulham FC,Fulham,Fulham,FUL,463210.0,23.0,1.0,29.0,27.0,93.1,4.0,2.0,50.0,0.0,0.0,0.0,0.0,0.0,0.0,Shea,Charles,2003-11-05,22.82,54.0,19.0,Midfielder,Defensive Midfielder,adjp65lxg00oauk1a9r024qqy,hzqh7z0mdl3v7gwete66syxp,Fulham FC,Fulham,Fulham,FUL,463210,adjp65lxg00oauk1a9r024qqy
Shea Lacey,576628.0,1.0,10.0,0.0,0.0,0.0,0.0,0.0,0.0,0.0,Shea,Lacey,2007-04-14,19.38,1.0,61.0,Forward,Winger,759tgxt9xusnioh2clkiau4us,6eqit8ye8aomdsrrq0hk3v7gh,Manchester United FC,Manchester United,Man Utd,MUN,1.0,19.873,1.0,5.46,0.0,0.0,0.0,0.0,19.873,5.46,0.0,0.0,1.0,0.0,0.0,0.0,0.0,0.0,0.0,0.0,0.0,,,,,,,,,,576628.0,10.0,1.0,0.0,0.0,0.0,0.0,0.003,0.003,0.0,0.0,Shea,Lacey,2007-04-14,19.38,1.0,61.0,Forward,Winger,759tgxt9xusnioh2clkiau4us,6eqit8ye8aomdsrrq0hk3v7gh,Manchester United FC,Manchester United,Man Utd,MUN,576628.0,10.0,1.0,5.0,4.0,80.0,3.0,2.0,66.67,1.0,0.0,0.0,0.0,0.0,0.0,Shea,Lacey,2007-04-14,19.38,1.0,61.0,Forward,Winger,759tgxt9xusnioh2clkiau4us,6eqit8ye8aomdsrrq0hk3v7gh,Manchester United FC,Manchester United,Man Utd,MUN,576628,759tgxt9xusnioh2clkiau4us
Sindre Egeli,557012.0,1.0,10.0,0.0,0.0,0.0,0.0,0.0,0.0,0.0,Sindre,Egeli,2006-06-21,20.2,40.0,8.0,Forward,Winger,7a1vtc0e7ubua2t0dwx9ufk7o,8b523ujgl21tbc01me65q0aoh,Ipswich Town FC,Ipswich Town,Ipswich,IPS,0.0,0.0,0.0,0.0,0.0,0.0,0.0,0.0,0.0,0.0,0.0,0.0,0.0,0.0,0.0,2.0,1.0,50.0,0.0,0.0,0.0,,,,,,,,,,557012.0,10.0,1.0,0.0,0.0,0.0,0.0,0.0,0.0,0.0,0.0,Sindre,Egeli,2006-06-21,20.2,40.0,8.0,Forward,Winger,7a1vtc0e7ubua2t0dwx9ufk7o,8b523ujgl21tbc01me65q0aoh,Ipswich Town FC,Ipswich Town,Ipswich,IPS,557012.0,10.0,1.0,1.0,1.0,100.0,0.0,0.0,0.0,0.0,0.0,0.0,0.0,0.0,0.0,Sindre,Egeli,2006-06-21,20.2,40.0,8.0,Forward,Winger,7a1vtc0e7ubua2t0dwx9ufk7o,8b523ujgl21tbc01me65q0aoh,Ipswich Town FC,Ipswich Town,Ipswich,IPS,557012,7a1vtc0e7ubua2t0dwx9ufk7o
Sven Botman,220237.0,1.0,90.0,0.0,0.0,0.0,0.0,0.0,0.0,0.0,Sven,Botman,2000-01-12,26.64,4.0,4.0,Defender,Central Defender,4jwkz8almo2997hvp09zl0p9l,7vn2i2kd35zuetw6b38gw9jsz,Newcastle United FC,Newcastle United,Newcastle,NEW,8.0,91.697,7.0,75.705,0.0,0.0,0.0,0.0,11.462,10.815,0.0,0.0,2.0,4.0,6.0,2.0,1.0,50.0,1.0,1.0,100.0,,,,,,,,,,220237.0,90.0,1.0,0.0,0.0,0.0,0.0,0.015,0.015,0.0,0.0,Sven,Botman,2000-01-12,26.64,4.0,4.0,Defender,Central Defender,4jwkz8almo2997hvp09zl0p9l,7vn2i2kd35zuetw6b38gw9jsz,Newcastle United FC,Newcastle United,Newcastle,NEW,220237.0,90.0,1.0,34.0,27.0,79.41,3.0,2.0,66.67,0.0,0.0,0.0,0.0,0.0,0.0,Sven,Botman,2000-01-12,26.64,4.0,4.0,Defender,Central Defender,4jwkz8almo2997hvp09zl0p9l,7vn2i2kd35zuetw6b38gw9jsz,Newcastle United FC,Newcastle United,Newcastle,NEW,220237,4jwkz8almo2997hvp09zl0p9l
Taiwo Awoniyi,210156.0,1.0,20.0,0.0,0.0,0.0,0.0,0.0,0.0,0.0,Taiwo,Awoniyi,1997-08-12,29.06,9.0,14.0,Forward,Striker,55eiicx10oqok1601fqyovt1x,dacoc20k0n3fxu4zek8wufmko,Coventry City FC,Coventry City,Coventry,COV,3.0,31.371,2.0,16.59,0.0,0.0,0.0,0.0,10.457,8.295,0.0,0.0,1.0,0.0,0.0,1.0,1.0,100.0,0.0,0.0,0.0,,,,,,,,,,210156.0,20.0,1.0,0.0,0.0,0.0,0.0,0.0,0.0,0.0,0.0,Taiwo,Awoniyi,1997-08-12,29.06,9.0,14.0,Forward,Striker,55eiicx10oqok1601fqyovt1x,dacoc20k0n3fxu4zek8wufmko,Coventry City FC,Coventry City,Coventry,COV,210156.0,20.0,1.0,6.0,4.0,66.67,0.0,0.0,0.0,0.0,0.0,0.0,0.0,0.0,0.0,Taiwo,Awoniyi,1997-08-12,29.06,9.0,14.0,Forward,Striker,55eiicx10oqok1601fqyovt1x,dacoc20k0n3fxu4zek8wufmko,Coventry City FC,Coventry City,Coventry,COV,210156,55eiicx10oqok1601fqyovt1x
Takehiro Tomiyasu,223723.0,1.0,18.0,0.0,0.0,0.0,0.0,0.0,0.0,0.0,Takehiro,Tomiyasu,1998-11-05,27.83,31.0,17.0,Defender,Central Defender,2922aevmtpw4qvcwohmxmqtbd,1c8m2ko0wxq1asfkuykurdr0y,Crystal Palace FC,Crystal Palace,Palace,CRY,9.0,117.935,7.0,79.905,0.0,0.0,0.0,0.0,13.104,11.415,0.0,1.0,1.0,0.0,0.0,2.0,1.0,50.0,3.0,1.0,33.333,,,,,,,,,,223723.0,18.0,1.0,0.0,0.0,0.0,0.0,0.009,0.009,0.0,0.0,Takehiro,Tomiyasu,1998-11-05,27.83,31.0,17.0,Defender,Central Defender,2922aevmtpw4qvcwohmxmqtbd,1c8m2ko0wxq1asfkuykurdr0y,Crystal Palace FC,Crystal Palace,Palace,CRY,223723.0,18.0,1.0,25.0,20.0,80.0,11.0,10.0,90.91,0.0,0.0,0.0,0.0,0.0,0.0,Takehiro,Tomiyasu,1998-11-05,27.83,31.0,17.0,Defender,Central Defender,2922aevmtpw4qvcwohmxmqtbd,1c8m2ko0wxq1asfkuykurdr0y,Crystal Palace FC,Crystal Palace,Palace,CRY,223723,2922aevmtpw4qvcwohmxmqtbd
Tarik Muharemovic,522047.0,1.0,90.0,0.0,0.09,-0.09,1.0,1.0,0.0,0.09,Tarik,Muharemovic,2003-02-28,23.51,2.0,5.0,Defender,Central Defender,17inz8artrqynbg3qbme42r8q,48gk2hpqtsl6p9sx9kjhaydq4,Leeds United FC,Leeds United,Leeds,LEE,7.0,51.146,4.0,31.92,0.0,0.0,0.0,0.0,7.307,7.98,0.0,2.0,1.0,0.0,5.0,1.0,0.0,0.0,7.0,2.0,28.571,,,,,,,,,,522047.0,90.0,1.0,0.0,0.0,0.0,0.0,0.003,0.003,0.0,0.0,Tarik,Muharemovic,2003-02-28,23.51,2.0,5.0,Defender,Central Defender,17inz8artrqynbg3qbme42r8q,48gk2hpqtsl6p9sx9kjhaydq4,Leeds United FC,Leeds United,Leeds,LEE,522047.0,90.0,1.0,37.0,33.0,89.19,6.0,3.0,50.0,0.0,0.0,0.0,0.0,0.0,0.0,Tarik,Muharemovic,2003-02-28,23.51,2.0,5.0,Defender,Central Defender,17inz8artrqynbg3qbme42r8q,48gk2hpqtsl6p9sx9kjhaydq4,Leeds United FC,Leeds United,Leeds,LEE,522047,17inz8artrqynbg3qbme42r8q
Tatsuhiro Sakamoto,501459.0,0.0,0.0,0.0,0.0,0.0,0.0,0.0,0.0,0.0,Tatsuhiro,Sakamoto,1996-10-22,29.87,9.0,7.0,Midfielder,Attacking Midfielder,501459,dacoc20k0n3fxu4zek8wufmko,Coventry City FC,Coventry City,Coventry,COV,0.0,0.0,0.0,0.0,0.0,0.0,0.0,0.0,0.0,0.0,0.0,0.0,0.0,0.0,0.0,0.0,0.0,0.0,0.0,0.0,0.0,,,,,,,,,,501459.0,0.0,0.0,0.0,0.0,0.0,0.0,0.0,0.0,0.0,0.0,Tatsuhiro,Sakamoto,1996-10-22,29.87,9.0,7.0,Midfielder,Attacking Midfielder,501459,dacoc20k0n3fxu4zek8wufmko,Coventry City FC,Coventry City,Coventry,COV,501459.0,0.0,0.0,0.0,0.0,0.0,0.0,0.0,0.0,0.0,0.0,0.0,0.0,0.0,0.0,Tatsuhiro,Sakamoto,1996-10-22,29.87,9.0,7.0,Midfielder,Attacking Midfielder,501459,dacoc20k0n3fxu4zek8wufmko,Coventry City FC,Coventry City,Coventry,COV,501459,501459
Thierno Barry,586309.0,1.0,79.0,1.0,0.45,0.55,2.0,1.0,50.0,0.23,Thierno,Barry,2002-10-21,23.87,11.0,11.0,Forward,Striker,1wileoy8mxtd2t1b106uhwzro,ehd2iemqmschhj2ec0vayztzz,Everton FC,Everton,Everton,EVE,1.0,17.343,0.0,-0.315,0.0,0.0,0.0,0.0,17.343,0.0,1.0,0.0,2.0,0.0,0.0,6.0,2.0,33.333,6.0,2.0,33.333,,,,,,,,,,586309.0,79.0,1.0,1.0,1.0,6.67,0.0,0.086,0.086,0.0,0.0,Thierno,Barry,2002-10-21,23.87,11.0,11.0,Forward,Striker,1wileoy8mxtd2t1b106uhwzro,ehd2iemqmschhj2ec0vayztzz,Everton FC,Everton,Everton,EVE,586309.0,79.0,1.0,15.0,12.0,80.0,7.0,5.0,71.43,1.0,1.0,100.0,0.0,0.0,0.0,Thierno,Barry,2002-10-21,23.87,11.0,11.0,Forward,Striker,1wileoy8mxtd2t1b106uhwzro,ehd2iemqmschhj2ec0vayztzz,Everton FC,Everton,Everton,EVE,586309,1wileoy8mxtd2t1b106uhwzro
Thomas Meunier,93605.0,1.0,90.0,0.0,0.08,-0.08,2.0,1.0,0.0,0.04,Thomas,Meunier,1991-09-12,34.98,56.0,12.0,Defender,Full Back,bb6glt8n0ar47cmhmj6gnfiz9,1r3545b2dzan8yqa80gtmcjch,Sunderland AFC,Sunderland,Sunderland,SUN,13.0,225.777,9.0,173.985,0.0,0.0,0.0,0.0,17.367,19.332,2.0,2.0,3.0,0.0,0.0,6.0,3.0,50.0,3.0,2.0,66.667,,,,,,,,,,93605.0,90.0,1.0,0.0,0.0,0.0,0.0,0.084,0.083,0.0,0.0,Thomas,Meunier,1991-09-12,34.98,56.0,12.0,Defender,Full Back,bb6glt8n0ar47cmhmj6gnfiz9,1r3545b2dzan8yqa80gtmcjch,Sunderland AFC,Sunderland,Sunderland,SUN,93605.0,90.0,1.0,61.0,54.0,88.52,21.0,16.0,76.19,4.0,0.0,0.0,0.0,0.0,0.0,Thomas,Meunier,1991-09-12,34.98,56.0,12.0,Defender,Full Back,bb6glt8n0ar47cmhmj6gnfiz9,1r3545b2dzan8yqa80gtmcjch,Sunderland AFC,Sunderland,Sunderland,SUN,93605,bb6glt8n0ar47cmhmj6gnfiz9
Timothy Castagne,166477.0,1.0,90.0,0.0,0.09,-0.09,1.0,1.0,0.0,0.09,Timothy,Castagne,1995-12-05,30.75,54.0,21.0,Defender,Full Back,p87gxg8kc9ta6iipqt5fxmtx,hzqh7z0mdl3v7gwete66syxp,Fulham FC,Fulham,Fulham,FUL,6.0,57.143,3.0,24.57,0.0,0.0,0.0,0.0,9.524,8.19,1.0,1.0,4.0,1.0,3.0,7.0,4.0,57.143,4.0,3.0,75.0,,,,,,,,,,166477.0,90.0,1.0,2.0,2.0,2.38,0.0,0.18,0.179,1.0,1.0,Timothy,Castagne,1995-12-05,30.75,54.0,21.0,Defender,Full Back,p87gxg8kc9ta6iipqt5fxmtx,hzqh7z0mdl3v7gwete66syxp,Fulham FC,Fulham,Fulham,FUL,166477.0,90.0,1.0,43.0,34.0,79.07,13.0,10.0,76.92,2.0,1.0,50.0,0.0,0.0,0.0,Timothy,Castagne,1995-12-05,30.75,54.0,21.0,Defender,Full Back,p87gxg8kc9ta6iipqt5fxmtx,hzqh7z0mdl3v7gwete66syxp,Fulham FC,Fulham,Fulham,FUL,166477,p87gxg8kc9ta6iipqt5fxmtx
Trai Hume,487676.0,1.0,80.0,0.0,0.04,-0.04,2.0,0.0,0.0,0.02,Trai,Hume,2002-03-18,24.46,56.0,32.0,Defender,Full Back,31foqyshubo5nkh8kdmbjw8kq,1r3545b2dzan8yqa80gtmcjch,Sunderland AFC,Sunderland,Sunderland,SUN,1.0,6.107,1.0,5.565,0.0,0.0,0.0,0.0,6.107,5.565,3.0,1.0,6.0,0.0,0.0,7.0,3.0,42.857,0.0,0.0,0.0,,,,,,,,,,487676.0,80.0,1.0,3.0,3.0,13.04,0.0,0.267,0.267,0.0,0.0,Trai,Hume,2002-03-18,24.46,56.0,32.0,Defender,Full Back,31foqyshubo5nkh8kdmbjw8kq,1r3545b2dzan8yqa80gtmcjch,Sunderland AFC,Sunderland,Sunderland,SUN,487676.0,80.0,1.0,23.0,18.0,78.26,9.0,5.0,55.56,1.0,1.0,100.0,1.0,1.0,100.0,Trai,Hume,2002-03-18,24.46,56.0,32.0,Defender,Full Back,31foqyshubo5nkh8kdmbjw8kq,1r3545b2dzan8yqa80gtmcjch,Sunderland AFC,Sunderland,Sunderland,SUN,487676,31foqyshubo5nkh8kdmbjw8kq
Trey Nyoni,591386.0,0.0,0.0,0.0,0.0,0.0,0.0,0.0,0.0,0.0,Trey,Nyoni,2007-06-30,19.17,14.0,42.0,Midfielder,Central Midfielder,591386,c8h9bw1l82s06h77xxrelzhur,Liverpool FC,Liverpool,Liverpool,LIV,0.0,0.0,0.0,0.0,0.0,0.0,0.0,0.0,0.0,0.0,0.0,0.0,0.0,0.0,0.0,0.0,0.0,0.0,0.0,0.0,0.0,,,,,,,,,,591386.0,0.0,0.0,0.0,0.0,0.0,0.0,0.0,0.0,0.0,0.0,Trey,Nyoni,2007-06-30,19.17,14.0,42.0,Midfielder,Central Midfielder,591386,c8h9bw1l82s06h77xxrelzhur,Liverpool FC,Liverpool,Liverpool,LIV,591386.0,0.0,0.0,0.0,0.0,0.0,0.0,0.0,0.0,0.0,0.0,0.0,0.0,0.0,0.0,Trey,Nyoni,2007-06-30,19.17,14.0,42.0,Midfielder,Central Midfielder,591386,c8h9bw1l82s06h77xxrelzhur,Liverpool FC,Liverpool,Liverpool,LIV,591386,591386
Triston Rowe,569577.0,0.0,0.0,0.0,0.0,0.0,0.0,0.0,0.0,0.0,Triston,Rowe,2006-10-02,19.92,7.0,45.0,Defender,Full Back,569577,b496gs285it6bheuikox6z9mj,Aston Villa FC,Aston Villa,Villa,AVL,0.0,0.0,0.0,0.0,0.0,0.0,0.0,0.0,0.0,0.0,0.0,0.0,0.0,0.0,0.0,0.0,0.0,0.0,0.0,0.0,0.0,,,,,,,,,,569577.0,0.0,0.0,0.0,0.0,0.0,0.0,0.0,0.0,0.0,0.0,Triston,Rowe,2006-10-02,19.92,7.0,45.0,Defender,Full Back,569577,b496gs285it6bheuikox6z9mj,Aston Villa FC,Aston Villa,Villa,AVL,569577.0,0.0,0.0,0.0,0.0,0.0,0.0,0.0,0.0,0.0,0.0,0.0,0.0,0.0,0.0,Triston,Rowe,2006-10-02,19.92,7.0,45.0,Defender,Full Back,569577,b496gs285it6bheuikox6z9mj,Aston Villa FC,Aston Villa,Villa,AVL,569577,569577
Tyler Adams,200785.0,1.0,15.0,0.0,0.0,0.0,0.0,0.0,0.0,0.0,Tyler,Adams,1999-02-14,27.55,91.0,12.0,Midfielder,Defensive Midfielder,7dbzcwyph2xoljyhaogjo7mcp,1pse9ta7a45pi2w2grjim70ge,AFC Bournemouth,Bournemouth,Bournemouth,BOU,2.0,11.968,1.0,8.4,0.0,0.0,0.0,0.0,5.984,8.4,0.0,3.0,0.0,0.0,0.0,0.0,0.0,0.0,0.0,0.0,0.0,,,,,,,,,,200785.0,15.0,1.0,0.0,0.0,0.0,0.0,0.002,0.002,0.0,0.0,Tyler,Adams,1999-02-14,27.55,91.0,12.0,Midfielder,Defensive Midfielder,7dbzcwyph2xoljyhaogjo7mcp,1pse9ta7a45pi2w2grjim70ge,AFC Bournemouth,Bournemouth,Bournemouth,BOU,200785.0,15.0,1.0,10.0,8.0,80.0,2.0,1.0,50.0,0.0,0.0,0.0,0.0,0.0,0.0,Tyler,Adams,1999-02-14,27.55,91.0,12.0,Midfielder,Defensive Midfielder,7dbzcwyph2xoljyhaogjo7mcp,1pse9ta7a45pi2w2grjim70ge,AFC Bournemouth,Bournemouth,Bournemouth,BOU,200785,7dbzcwyph2xoljyhaogjo7mcp
Tyler Dibling,496661.0,0.0,0.0,0.0,0.0,0.0,0.0,0.0,0.0,0.0,Tyler,Dibling,2006-02-17,20.54,11.0,20.0,Forward,Winger,496661,ehd2iemqmschhj2ec0vayztzz,Everton FC,Everton,Everton,EVE,0.0,0.0,0.0,0.0,0.0,0.0,0.0,0.0,0.0,0.0,0.0,0.0,0.0,0.0,0.0,0.0,0.0,0.0,0.0,0.0,0.0,,,,,,,,,,496661.0,0.0,0.0,0.0,0.0,0.0,0.0,0.0,0.0,0.0,0.0,Tyler,Dibling,2006-02-17,20.54,11.0,20.0,Forward,Winger,496661,ehd2iemqmschhj2ec0vayztzz,Everton FC,Everton,Everton,EVE,496661.0,0.0,0.0,0.0,0.0,0.0,0.0,0.0,0.0,0.0,0.0,0.0,0.0,0.0,0.0,Tyler,Dibling,2006-02-17,20.54,11.0,20.0,Forward,Winger,496661,ehd2iemqmschhj2ec0vayztzz,Everton FC,Everton,Everton,EVE,496661,496661
Tyrick Mitchell,244723.0,1.0,90.0,0.0,0.0,0.0,0.0,0.0,0.0,0.0,Tyrick,Mitchell,1999-09-01,27.01,31.0,3.0,Defender,Full Back,6dqnwhx0eglxhelidxg0dphm2,1c8m2ko0wxq1asfkuykurdr0y,Crystal Palace FC,Crystal Palace,Palace,CRY,9.0,91.595,3.0,40.215,0.0,0.0,1.0,0.0,10.177,13.405,2.0,0.0,4.0,0.0,3.0,5.0,2.0,40.0,1.0,0.0,0.0,,,,,,,,,,244723.0,90.0,1.0,1.0,1.0,3.33,0.0,0.014,0.014,0.0,0.0,Tyrick,Mitchell,1999-09-01,27.01,31.0,3.0,Defender,Full Back,6dqnwhx0eglxhelidxg0dphm2,1c8m2ko0wxq1asfkuykurdr0y,Crystal Palace FC,Crystal Palace,Palace,CRY,244723.0,90.0,1.0,30.0,27.0,90.0,13.0,12.0,92.31,4.0,0.0,0.0,0.0,0.0,0.0,Tyrick,Mitchell,1999-09-01,27.01,31.0,3.0,Defender,Full Back,6dqnwhx0eglxhelidxg0dphm2,1c8m2ko0wxq1asfkuykurdr0y,Crystal Palace FC,Crystal Palace,Palace,CRY,244723,6dqnwhx0eglxhelidxg0dphm2
Tyrique George,550615.0,1.0,84.0,0.0,0.18,-0.18,5.0,0.0,0.0,0.04,Tyrique,George,2006-02-04,20.57,11.0,19.0,Forward,Winger,es8orzwchom47yjt6nwwuc5qs,ehd2iemqmschhj2ec0vayztzz,Everton FC,Everton,Everton,EVE,21.0,248.339,9.0,51.87,3.0,0.0,1.0,0.0,11.826,5.763,0.0,2.0,4.0,0.0,1.0,4.0,2.0,50.0,2.0,2.0,100.0,,,,,,,,,,550615.0,84.0,1.0,2.0,2.0,5.56,0.0,0.075,0.075,0.0,0.0,Tyrique,George,2006-02-04,20.57,11.0,19.0,Forward,Winger,es8orzwchom47yjt6nwwuc5qs,ehd2iemqmschhj2ec0vayztzz,Everton FC,Everton,Everton,EVE,550615.0,84.0,1.0,36.0,30.0,83.33,14.0,11.0,78.57,1.0,0.0,0.0,0.0,0.0,0.0,Tyrique,George,2006-02-04,20.57,11.0,19.0,Forward,Winger,es8orzwchom47yjt6nwwuc5qs,ehd2iemqmschhj2ec0vayztzz,Everton FC,Everton,Everton,EVE,550615,es8orzwchom47yjt6nwwuc5qs
Tyrone Mings,149484.0,1.0,16.0,0.0,0.0,0.0,0.0,0.0,0.0,0.0,Tyrone,Mings,1993-03-13,33.48,7.0,5.0,Defender,Central Defender,2smmv9hdoiet7necaf00ol51x,b496gs285it6bheuikox6z9mj,Aston Villa FC,Aston Villa,Villa,AVL,0.0,0.0,0.0,0.0,0.0,0.0,0.0,0.0,0.0,0.0,1.0,0.0,0.0,0.0,0.0,1.0,1.0,100.0,0.0,0.0,0.0,,,,,,,,,,149484.0,16.0,1.0,0.0,0.0,0.0,0.0,0.0,0.0,0.0,0.0,Tyrone,Mings,1993-03-13,33.48,7.0,5.0,Defender,Central Defender,2smmv9hdoiet7necaf00ol51x,b496gs285it6bheuikox6z9mj,Aston Villa FC,Aston Villa,Villa,AVL,149484.0,16.0,1.0,0.0,0.0,0.0,0.0,0.0,0.0,0.0,0.0,0.0,0.0,0.0,0.0,Tyrone,Mings,1993-03-13,33.48,7.0,5.0,Defender,Central Defender,2smmv9hdoiet7necaf00ol51x,b496gs285it6bheuikox6z9mj,Aston Villa FC,Aston Villa,Villa,AVL,149484,2smmv9hdoiet7necaf00ol51x
Valentín Barco,543158.0,0.0,0.0,0.0,0.0,0.0,0.0,0.0,0.0,0.0,Valentín,Barco,2004-07-23,22.11,8.0,4.0,Midfielder,Central Midfielder,543158,9q0arba2kbnywth8bkxlhgmdr,Chelsea FC,Chelsea,Chelsea,CHE,0.0,0.0,0.0,0.0,0.0,0.0,0.0,0.0,0.0,0.0,0.0,0.0,0.0,0.0,0.0,0.0,0.0,0.0,0.0,0.0,0.0,,,,,,,,,,543158.0,0.0,0.0,0.0,0.0,0.0,0.0,0.0,0.0,0.0,0.0,Valentín,Barco,2004-07-23,22.11,8.0,4.0,Midfielder,Central Midfielder,543158,9q0arba2kbnywth8bkxlhgmdr,Chelsea FC,Chelsea,Chelsea,CHE,543158.0,0.0,0.0,0.0,0.0,0.0,0.0,0.0,0.0,0.0,0.0,0.0,0.0,0.0,0.0,Valentín,Barco,2004-07-23,22.11,8.0,4.0,Midfielder,Central Midfielder,543158,9q0arba2kbnywth8bkxlhgmdr,Chelsea FC,Chelsea,Chelsea,CHE,543158,543158
Victor Lindelöf,184667.0,1.0,90.0,0.0,0.0,0.0,0.0,0.0,0.0,0.0,Victor,Lindelöf,1994-07-17,32.13,7.0,3.0,Defender,Central Defender,a3ms8havadt1y9x381l325txx,b496gs285it6bheuikox6z9mj,Aston Villa FC,Aston Villa,Villa,AVL,12.0,127.858,3.0,26.25,0.0,0.0,0.0,0.0,10.655,8.75,0.0,0.0,1.0,0.0,3.0,1.0,0.0,0.0,3.0,0.0,0.0,,,,,,,,,,184667.0,90.0,1.0,0.0,0.0,0.0,0.0,0.001,0.001,0.0,0.0,Victor,Lindelöf,1994-07-17,32.13,7.0,3.0,Defender,Central Defender,a3ms8havadt1y9x381l325txx,b496gs285it6bheuikox6z9mj,Aston Villa FC,Aston Villa,Villa,AVL,184667.0,90.0,1.0,34.0,27.0,79.41,1.0,0.0,0.0,0.0,0.0,0.0,0.0,0.0,0.0,Victor,Lindelöf,1994-07-17,32.13,7.0,3.0,Defender,Central Defender,a3ms8havadt1y9x381l325txx,b496gs285it6bheuikox6z9mj,Aston Villa FC,Aston Villa,Villa,AVL,184667,a3ms8havadt1y9x381l325txx
Victor Torp,226965.0,1.0,28.0,0.0,0.0,0.0,0.0,0.0,0.0,0.0,Victor,Torp,1999-07-30,27.1,9.0,29.0,Midfielder,Central Midfielder,2mkfrrq1taiw0l42xzeeua5m1,dacoc20k0n3fxu4zek8wufmko,Coventry City FC,Coventry City,Coventry,COV,4.0,26.754,1.0,-3.255,0.0,0.0,1.0,0.0,6.688,-3.255,0.0,1.0,0.0,0.0,0.0,1.0,0.0,0.0,0.0,0.0,0.0,,,,,,,,,,226965.0,28.0,1.0,1.0,1.0,7.69,0.0,0.111,0.111,0.0,0.0,Victor,Torp,1999-07-30,27.1,9.0,29.0,Midfielder,Central Midfielder,2mkfrrq1taiw0l42xzeeua5m1,dacoc20k0n3fxu4zek8wufmko,Coventry City FC,Coventry City,Coventry,COV,226965.0,28.0,1.0,13.0,12.0,92.31,4.0,3.0,75.0,1.0,1.0,100.0,0.0,0.0,0.0,Victor,Torp,1999-07-30,27.1,9.0,29.0,Midfielder,Central Midfielder,2mkfrrq1taiw0l42xzeeua5m1,dacoc20k0n3fxu4zek8wufmko,Coventry City FC,Coventry City,Coventry,COV,226965,2mkfrrq1taiw0l42xzeeua5m1
Viktor Gyökeres,224117.0,0.0,0.0,0.0,0.0,0.0,0.0,0.0,0.0,0.0,Viktor,Gyökeres,1998-06-04,28.25,3.0,14.0,Forward,Striker,224117,4dsgumo7d4zupm2ugsvm4zm4d,Arsenal FC,Arsenal,Arsenal,ARS,0.0,0.0,0.0,0.0,0.0,0.0,0.0,0.0,0.0,0.0,0.0,0.0,0.0,0.0,0.0,0.0,0.0,0.0,0.0,0.0,0.0,,,,,,,,,,224117.0,0.0,0.0,0.0,0.0,0.0,0.0,0.0,0.0,0.0,0.0,Viktor,Gyökeres,1998-06-04,28.25,3.0,14.0,Forward,Striker,224117,4dsgumo7d4zupm2ugsvm4zm4d,Arsenal FC,Arsenal,Arsenal,ARS,224117.0,0.0,0.0,0.0,0.0,0.0,0.0,0.0,0.0,0.0,0.0,0.0,0.0,0.0,0.0,Viktor,Gyökeres,1998-06-04,28.25,3.0,14.0,Forward,Striker,224117,4dsgumo7d4zupm2ugsvm4zm4d,Arsenal FC,Arsenal,Arsenal,ARS,224117,224117
Virgil van Dijk,97032.0,1.0,90.0,0.0,0.25,-0.25,2.0,1.0,0.0,0.12,Virgil,van Dijk,1991-07-08,35.16,14.0,4.0,Defender,Central Defender,dxze3b3fsfl814bjcs7q6wcet,c8h9bw1l82s06h77xxrelzhur,Liverpool FC,Liverpool,Liverpool,LIV,9.0,106.706,4.0,20.265,0.0,0.0,0.0,0.0,11.856,5.066,2.0,0.0,6.0,0.0,9.0,2.0,2.0,100.0,5.0,3.0,60.0,,,,,,,,,,97032.0,90.0,1.0,0.0,0.0,0.0,0.0,0.013,0.013,0.0,0.0,Virgil,van Dijk,1991-07-08,35.16,14.0,4.0,Defender,Central Defender,dxze3b3fsfl814bjcs7q6wcet,c8h9bw1l82s06h77xxrelzhur,Liverpool FC,Liverpool,Liverpool,LIV,97032.0,90.0,1.0,58.0,50.0,86.21,11.0,7.0,63.64,0.0,0.0,0.0,0.0,0.0,0.0,Virgil,van Dijk,1991-07-08,35.16,14.0,4.0,Defender,Central Defender,dxze3b3fsfl814bjcs7q6wcet,c8h9bw1l82s06h77xxrelzhur,Liverpool FC,Liverpool,Liverpool,LIV,97032,dxze3b3fsfl814bjcs7q6wcet
Vitalii Mykolenko,224967.0,1.0,90.0,0.0,0.0,0.0,0.0,0.0,0.0,0.0,Vitalii,Mykolenko,1999-05-29,27.27,11.0,16.0,Defender,Full Back,9o1vesnpfiucpoq35ihhpstex,ehd2iemqmschhj2ec0vayztzz,Everton FC,Everton,Everton,EVE,11.0,124.733,9.0,105.945,0.0,0.0,0.0,0.0,11.339,11.772,0.0,0.0,4.0,0.0,4.0,3.0,1.0,33.333,5.0,3.0,60.0,,,,,,,,,,224967.0,90.0,1.0,1.0,1.0,2.56,0.0,0.048,0.026,0.0,0.0,Vitalii,Mykolenko,1999-05-29,27.27,11.0,16.0,Defender,Full Back,9o1vesnpfiucpoq35ihhpstex,ehd2iemqmschhj2ec0vayztzz,Everton FC,Everton,Everton,EVE,224967.0,90.0,1.0,39.0,33.0,84.62,12.0,10.0,83.33,0.0,0.0,0.0,0.0,0.0,0.0,Vitalii,Mykolenko,1999-05-29,27.27,11.0,16.0,Defender,Full Back,9o1vesnpfiucpoq35ihhpstex,ehd2iemqmschhj2ec0vayztzz,Everton FC,Everton,Everton,EVE,224967,9o1vesnpfiucpoq35ihhpstex
Vitaly Janelt,204580.0,1.0,90.0,1.0,0.39,0.61,2.0,1.0,50.0,0.19,Vitaly,Janelt,1998-05-10,28.32,94.0,27.0,Midfielder,Defensive Midfielder,9k8gysrsy1a261nhcszo4aoyx,7yx5dqhhphyvfisohikodajhv,Brentford FC,Brentford,Brentford,BRE,10.0,92.393,4.0,12.81,0.0,0.0,0.0,0.0,9.239,3.202,4.0,4.0,3.0,1.0,1.0,13.0,5.0,38.462,0.0,0.0,0.0,,,,,,,,,,204580.0,90.0,1.0,2.0,0.0,0.0,100.0,0.173,0.007,0.0,0.0,Vitaly,Janelt,1998-05-10,28.32,94.0,27.0,Midfielder,Defensive Midfielder,9k8gysrsy1a261nhcszo4aoyx,7yx5dqhhphyvfisohikodajhv,Brentford FC,Brentford,Brentford,BRE,204580.0,90.0,1.0,37.0,33.0,89.19,8.0,6.0,75.0,1.0,0.0,0.0,0.0,0.0,0.0,Vitaly,Janelt,1998-05-10,28.32,94.0,27.0,Midfielder,Defensive Midfielder,9k8gysrsy1a261nhcszo4aoyx,7yx5dqhhphyvfisohikodajhv,Brentford FC,Brentford,Brentford,BRE,204580,9k8gysrsy1a261nhcszo4aoyx
Vitor Reis,616222.0,0.0,0.0,0.0,0.0,0.0,0.0,0.0,0.0,0.0,Vitor,de Oliveira Nunes dos Reis,2006-01-12,20.64,43.0,22.0,Defender,Central Defender,616222,a3nyxabgsqlnqfkeg41m6tnpp,Manchester City FC,Manchester City,Man City,MCI,0.0,0.0,0.0,0.0,0.0,0.0,0.0,0.0,0.0,0.0,0.0,0.0,0.0,0.0,0.0,0.0,0.0,0.0,0.0,0.0,0.0,,,,,,,,,,616222.0,0.0,0.0,0.0,0.0,0.0,0.0,0.0,0.0,0.0,0.0,Vitor,de Oliveira Nunes dos Reis,2006-01-12,20.64,43.0,22.0,Defender,Central Defender,616222,a3nyxabgsqlnqfkeg41m6tnpp,Manchester City FC,Manchester City,Man City,MCI,616222.0,0.0,0.0,0.0,0.0,0.0,0.0,0.0,0.0,0.0,0.0,0.0,0.0,0.0,0.0,Vitor,de Oliveira Nunes dos Reis,2006-01-12,20.64,43.0,22.0,Defender,Central Defender,616222,a3nyxabgsqlnqfkeg41m6tnpp,Manchester City FC,Manchester City,Man City,MCI,616222,616222
Víctor Muñoz,551499.0,1.0,27.0,0.0,0.1,-0.1,2.0,0.0,0.0,0.05,Víctor,Muñoz,2003-07-13,23.14,14.0,23.0,Forward,Winger,d358ce00vstqg3ilinhcc10r8,c8h9bw1l82s06h77xxrelzhur,Liverpool FC,Liverpool,Liverpool,LIV,4.0,39.735,3.0,32.025,0.0,0.0,0.0,0.0,9.934,10.675,0.0,0.0,0.0,0.0,0.0,1.0,1.0,100.0,0.0,0.0,0.0,,,,,,,,,,551499.0,27.0,1.0,0.0,0.0,0.0,0.0,0.041,0.041,0.0,0.0,Víctor,Muñoz,2003-07-13,23.14,14.0,23.0,Forward,Winger,d358ce00vstqg3ilinhcc10r8,c8h9bw1l82s06h77xxrelzhur,Liverpool FC,Liverpool,Liverpool,LIV,551499.0,27.0,1.0,6.0,5.0,83.33,3.0,2.0,66.67,4.0,2.0,50.0,0.0,0.0,0.0,Víctor,Muñoz,2003-07-13,23.14,14.0,23.0,Forward,Winger,d358ce00vstqg3ilinhcc10r8,c8h9bw1l82s06h77xxrelzhur,Liverpool FC,Liverpool,Liverpool,LIV,551499,d358ce00vstqg3ilinhcc10r8
Wataru Endo,158983.0,0.0,0.0,0.0,0.0,0.0,0.0,0.0,0.0,0.0,Wataru,Endo,1993-02-09,33.57,14.0,3.0,Midfielder,Defensive Midfielder,158983,c8h9bw1l82s06h77xxrelzhur,Liverpool FC,Liverpool,Liverpool,LIV,0.0,0.0,0.0,0.0,0.0,0.0,0.0,0.0,0.0,0.0,0.0,0.0,0.0,0.0,0.0,0.0,0.0,0.0,0.0,0.0,0.0,,,,,,,,,,158983.0,0.0,0.0,0.0,0.0,0.0,0.0,0.0,0.0,0.0,0.0,Wataru,Endo,1993-02-09,33.57,14.0,3.0,Midfielder,Defensive Midfielder,158983,c8h9bw1l82s06h77xxrelzhur,Liverpool FC,Liverpool,Liverpool,LIV,158983.0,0.0,0.0,0.0,0.0,0.0,0.0,0.0,0.0,0.0,0.0,0.0,0.0,0.0,0.0,Wataru,Endo,1993-02-09,33.57,14.0,3.0,Midfielder,Defensive Midfielder,158983,c8h9bw1l82s06h77xxrelzhur,Liverpool FC,Liverpool,Liverpool,LIV,158983,158983
Will Hughes,108413.0,0.0,0.0,0.0,0.0,0.0,0.0,0.0,0.0,0.0,Will,Hughes,1995-04-17,31.38,31.0,19.0,Midfielder,Central Midfielder,108413,1c8m2ko0wxq1asfkuykurdr0y,Crystal Palace FC,Crystal Palace,Palace,CRY,0.0,0.0,0.0,0.0,0.0,0.0,0.0,0.0,0.0,0.0,0.0,0.0,0.0,0.0,0.0,0.0,0.0,0.0,0.0,0.0,0.0,,,,,,,,,,108413.0,0.0,0.0,0.0,0.0,0.0,0.0,0.0,0.0,0.0,0.0,Will,Hughes,1995-04-17,31.38,31.0,19.0,Midfielder,Central Midfielder,108413,1c8m2ko0wxq1asfkuykurdr0y,Crystal Palace FC,Crystal Palace,Palace,CRY,108413.0,0.0,0.0,0.0,0.0,0.0,0.0,0.0,0.0,0.0,0.0,0.0,0.0,0.0,0.0,Will,Hughes,1995-04-17,31.38,31.0,19.0,Midfielder,Central Midfielder,108413,1c8m2ko0wxq1asfkuykurdr0y,Crystal Palace FC,Crystal Palace,Palace,CRY,108413,108413
William Osula,538207.0,1.0,56.0,0.0,0.06,-0.06,2.0,0.0,0.0,0.03,William,Osula,2003-08-04,23.08,4.0,10.0,Forward,Striker,bf7ph89zhr5y6rtct5k9bvqc4,7vn2i2kd35zuetw6b38gw9jsz,Newcastle United FC,Newcastle United,Newcastle,NEW,4.0,66.351,3.0,54.6,0.0,0.0,1.0,1.0,16.588,18.2,1.0,0.0,2.0,2.0,0.0,3.0,1.0,33.333,3.0,0.0,0.0,,,,,,,,,,538207.0,56.0,1.0,1.0,1.0,0.0,0.0,0.139,0.139,1.0,1.0,William,Osula,2003-08-04,23.08,4.0,10.0,Forward,Striker,bf7ph89zhr5y6rtct5k9bvqc4,7vn2i2kd35zuetw6b38gw9jsz,Newcastle United FC,Newcastle United,Newcastle,NEW,538207.0,56.0,1.0,5.0,4.0,80.0,4.0,3.0,75.0,0.0,0.0,0.0,1.0,1.0,100.0,William,Osula,2003-08-04,23.08,4.0,10.0,Forward,Striker,bf7ph89zhr5y6rtct5k9bvqc4,7vn2i2kd35zuetw6b38gw9jsz,Newcastle United FC,Newcastle United,Newcastle,NEW,538207,bf7ph89zhr5y6rtct5k9bvqc4
Wilson Isidor,437505.0,1.0,23.0,0.0,0.0,0.0,0.0,0.0,0.0,0.0,Wilson,Isidor,2000-08-27,26.02,56.0,18.0,Forward,Striker,1yev88jhwy9w7c4v3m4yyul7t,1r3545b2dzan8yqa80gtmcjch,Sunderland AFC,Sunderland,Sunderland,SUN,2.0,10.603,1.0,9.555,0.0,0.0,0.0,0.0,5.302,9.555,0.0,0.0,0.0,0.0,0.0,1.0,0.0,0.0,2.0,0.0,0.0,,,,,,,,,,437505.0,23.0,1.0,0.0,0.0,0.0,0.0,0.0,0.0,0.0,0.0,Wilson,Isidor,2000-08-27,26.02,56.0,18.0,Forward,Striker,1yev88jhwy9w7c4v3m4yyul7t,1r3545b2dzan8yqa80gtmcjch,Sunderland AFC,Sunderland,Sunderland,SUN,437505.0,23.0,1.0,4.0,2.0,50.0,2.0,0.0,0.0,0.0,0.0,0.0,0.0,0.0,0.0,Wilson,Isidor,2000-08-27,26.02,56.0,18.0,Forward,Striker,1yev88jhwy9w7c4v3m4yyul7t,1r3545b2dzan8yqa80gtmcjch,Sunderland AFC,Sunderland,Sunderland,SUN,437505,1yev88jhwy9w7c4v3m4yyul7t
Xaver Schlager,204561.0,1.0,16.0,0.0,0.0,0.0,0.0,0.0,0.0,0.0,Xaver,Schlager,1997-09-28,28.93,17.0,21.0,Midfielder,Central Midfielder,1s1v1tweyx8wxc9hj2jrnaggl,1qtaiy11gswx327s0vkibf70n,Nottingham Forest FC,Nottingham Forest,Forest,NFO,2.0,22.826,1.0,3.465,0.0,0.0,0.0,0.0,11.413,3.465,0.0,0.0,1.0,0.0,0.0,0.0,0.0,0.0,0.0,0.0,0.0,,,,,,,,,,204561.0,16.0,1.0,0.0,0.0,0.0,0.0,0.002,0.002,0.0,0.0,Xaver,Schlager,1997-09-28,28.93,17.0,21.0,Midfielder,Central Midfielder,1s1v1tweyx8wxc9hj2jrnaggl,1qtaiy11gswx327s0vkibf70n,Nottingham Forest FC,Nottingham Forest,Forest,NFO,204561.0,16.0,1.0,10.0,9.0,90.0,3.0,2.0,66.67,1.0,0.0,0.0,0.0,0.0,0.0,Xaver,Schlager,1997-09-28,28.93,17.0,21.0,Midfielder,Central Midfielder,1s1v1tweyx8wxc9hj2jrnaggl,1qtaiy11gswx327s0vkibf70n,Nottingham Forest FC,Nottingham Forest,Forest,NFO,204561,1s1v1tweyx8wxc9hj2jrnaggl
Yasin Ayari,509416.0,1.0,64.0,0.0,0.11,-0.11,2.0,0.0,0.0,0.06,Yasin,Ayari,2003-10-06,22.91,36.0,26.0,Midfielder,Central Midfielder,192qpmicfd10d7mutv5y762qy,e5p0ehyguld7egzhiedpdnc3w,Brighton & Hove Albion FC,Brighton & Hove Albion,Brighton,BHA,8.0,73.858,4.0,31.815,0.0,0.0,0.0,0.0,9.232,7.954,0.0,0.0,3.0,0.0,1.0,5.0,1.0,20.0,0.0,0.0,0.0,,,,,,,,,,509416.0,64.0,1.0,1.0,1.0,2.56,0.0,0.029,0.029,0.0,0.0,Yasin,Ayari,2003-10-06,22.91,36.0,26.0,Midfielder,Central Midfielder,192qpmicfd10d7mutv5y762qy,e5p0ehyguld7egzhiedpdnc3w,Brighton & Hove Albion FC,Brighton & Hove Albion,Brighton,BHA,509416.0,64.0,1.0,40.0,36.0,90.0,9.0,6.0,66.67,0.0,0.0,0.0,0.0,0.0,0.0,Yasin,Ayari,2003-10-06,22.91,36.0,26.0,Midfielder,Central Midfielder,192qpmicfd10d7mutv5y762qy,e5p0ehyguld7egzhiedpdnc3w,Brighton & Hove Albion FC,Brighton & Hove Albion,Brighton,BHA,509416,192qpmicfd10d7mutv5y762qy
Yehor Yarmoliuk,508395.0,1.0,23.0,0.0,0.04,-0.04,1.0,0.0,0.0,0.04,Yehor,Yarmoliuk,2004-03-01,22.5,94.0,6.0,Midfielder,Attacking Midfielder,9mrmzuytv82k3u2nco9tq9y0a,7yx5dqhhphyvfisohikodajhv,Brentford FC,Brentford,Brentford,BRE,6.0,72.986,2.0,-7.455,0.0,0.0,0.0,0.0,12.164,-3.728,2.0,1.0,3.0,0.0,0.0,4.0,3.0,75.0,0.0,0.0,0.0,,,,,,,,,,508395.0,23.0,1.0,0.0,0.0,0.0,0.0,0.005,0.005,0.0,0.0,Yehor,Yarmoliuk,2004-03-01,22.5,94.0,6.0,Midfielder,Attacking Midfielder,9mrmzuytv82k3u2nco9tq9y0a,7yx5dqhhphyvfisohikodajhv,Brentford FC,Brentford,Brentford,BRE,508395.0,23.0,1.0,10.0,7.0,70.0,4.0,3.0,75.0,1.0,0.0,0.0,0.0,0.0,0.0,Yehor,Yarmoliuk,2004-03-01,22.5,94.0,6.0,Midfielder,Attacking Midfielder,9mrmzuytv82k3u2nco9tq9y0a,7yx5dqhhphyvfisohikodajhv,Brentford FC,Brentford,Brentford,BRE,508395,9mrmzuytv82k3u2nco9tq9y0a
Yoane Wissa,216646.0,1.0,89.0,0.0,1.0,-1.0,4.0,1.0,0.0,0.25,Yoane,Wissa,1996-09-03,30.0,4.0,9.0,Forward,Striker,bxjc2heo4ve54cyvw98qcck45,7vn2i2kd35zuetw6b38gw9jsz,Newcastle United FC,Newcastle United,Newcastle,NEW,9.0,166.829,7.0,126.0,1.0,0.0,1.0,1.0,18.537,18.0,4.0,0.0,3.0,0.0,1.0,15.0,9.0,60.0,4.0,2.0,50.0,,,,,,,,,,216646.0,89.0,1.0,1.0,1.0,0.0,0.0,0.016,0.016,1.0,1.0,Yoane,Wissa,1996-09-03,30.0,4.0,9.0,Forward,Striker,bxjc2heo4ve54cyvw98qcck45,7vn2i2kd35zuetw6b38gw9jsz,Newcastle United FC,Newcastle United,Newcastle,NEW,216646.0,89.0,1.0,17.0,12.0,70.59,7.0,5.0,71.43,0.0,0.0,0.0,1.0,0.0,0.0,Yoane,Wissa,1996-09-03,30.0,4.0,9.0,Forward,Striker,bxjc2heo4ve54cyvw98qcck45,7vn2i2kd35zuetw6b38gw9jsz,Newcastle United FC,Newcastle United,Newcastle,NEW,216646,bxjc2heo4ve54cyvw98qcck45
Youri Tielemans,166989.0,1.0,67.0,0.0,0.04,-0.04,1.0,0.0,0.0,0.04,Youri,Tielemans,1997-05-07,29.33,1.0,18.0,Midfielder,Central Midfielder,eo4uva2gnx08xdazfaqzyz2dx,6eqit8ye8aomdsrrq0hk3v7gh,Manchester United FC,Manchester United,Man Utd,MUN,13.0,124.651,7.0,64.155,0.0,0.0,0.0,0.0,9.589,9.165,0.0,0.0,5.0,0.0,0.0,7.0,3.0,42.857,0.0,0.0,0.0,,,,,,,,,,166989.0,67.0,1.0,0.0,0.0,0.0,0.0,0.107,0.107,0.0,0.0,Youri,Tielemans,1997-05-07,29.33,1.0,18.0,Midfielder,Central Midfielder,eo4uva2gnx08xdazfaqzyz2dx,6eqit8ye8aomdsrrq0hk3v7gh,Manchester United FC,Manchester United,Man Utd,MUN,166989.0,67.0,1.0,73.0,65.0,89.04,25.0,21.0,84.0,1.0,0.0,0.0,1.0,0.0,0.0,Youri,Tielemans,1997-05-07,29.33,1.0,18.0,Midfielder,Central Midfielder,eo4uva2gnx08xdazfaqzyz2dx,6eqit8ye8aomdsrrq0hk3v7gh,Manchester United FC,Manchester United,Man Utd,MUN,166989,eo4uva2gnx08xdazfaqzyz2dx
Yéremy Pino,488024.0,1.0,35.0,0.0,0.06,-0.06,2.0,0.0,0.0,0.03,Yéremy,Pino,2002-10-20,23.87,31.0,10.0,Midfielder,Winger,4eezya3lwcwur6c8s6rl0rzvu,1c8m2ko0wxq1asfkuykurdr0y,Crystal Palace FC,Crystal Palace,Palace,CRY,11.0,103.86,4.0,27.825,2.0,0.0,0.0,0.0,9.442,6.956,2.0,0.0,3.0,0.0,0.0,3.0,2.0,66.667,1.0,0.0,0.0,,,,,,,,,,488024.0,35.0,1.0,0.0,0.0,0.0,0.0,0.021,0.021,0.0,0.0,Yéremy,Pino,2002-10-20,23.87,31.0,10.0,Midfielder,Winger,4eezya3lwcwur6c8s6rl0rzvu,1c8m2ko0wxq1asfkuykurdr0y,Crystal Palace FC,Crystal Palace,Palace,CRY,488024.0,35.0,1.0,19.0,17.0,89.47,8.0,7.0,87.5,2.0,0.0,0.0,1.0,0.0,0.0,Yéremy,Pino,2002-10-20,23.87,31.0,10.0,Midfielder,Winger,4eezya3lwcwur6c8s6rl0rzvu,1c8m2ko0wxq1asfkuykurdr0y,Crystal Palace FC,Crystal Palace,Palace,CRY,488024,4eezya3lwcwur6c8s6rl0rzvu
Zach Abbott,549067.0,0.0,0.0,0.0,0.0,0.0,0.0,0.0,0.0,0.0,Zach,Abbott,2006-05-13,20.3,17.0,44.0,Defender,Central Defender,549067,1qtaiy11gswx327s0vkibf70n,Nottingham Forest FC,Nottingham Forest,Forest,NFO,0.0,0.0,0.0,0.0,0.0,0.0,0.0,0.0,0.0,0.0,0.0,0.0,0.0,0.0,0.0,0.0,0.0,0.0,0.0,0.0,0.0,,,,,,,,,,549067.0,0.0,0.0,0.0,0.0,0.0,0.0,0.0,0.0,0.0,0.0,Zach,Abbott,2006-05-13,20.3,17.0,44.0,Defender,Central Defender,549067,1qtaiy11gswx327s0vkibf70n,Nottingham Forest FC,Nottingham Forest,Forest,NFO,549067.0,0.0,0.0,0.0,0.0,0.0,0.0,0.0,0.0,0.0,0.0,0.0,0.0,0.0,0.0,Zach,Abbott,2006-05-13,20.3,17.0,44.0,Defender,Central Defender,549067,1qtaiy11gswx327s0vkibf70n,Nottingham Forest FC,Nottingham Forest,Forest,NFO,549067,549067
Zadok Yohanna,700308.0,1.0,12.0,0.0,0.0,0.0,0.0,0.0,0.0,0.0,Zadok,Yohanna,2007-06-29,19.18,36.0,36.0,Forward,Winger,9rc52qb9ok79fbfbesv2amuj8,e5p0ehyguld7egzhiedpdnc3w,Brighton & Hove Albion FC,Brighton & Hove Albion,Brighton,BHA,2.0,20.1,2.0,19.005,0.0,0.0,0.0,0.0,10.05,9.502,0.0,0.0,0.0,0.0,0.0,4.0,1.0,25.0,0.0,0.0,0.0,,,,,,,,,,700308.0,12.0,1.0,0.0,0.0,0.0,0.0,0.026,0.026,0.0,0.0,Zadok,Yohanna,2007-06-29,19.18,36.0,36.0,Forward,Winger,9rc52qb9ok79fbfbesv2amuj8,e5p0ehyguld7egzhiedpdnc3w,Brighton & Hove Albion FC,Brighton & Hove Albion,Brighton,BHA,700308.0,12.0,1.0,5.0,5.0,100.0,4.0,4.0,100.0,0.0,0.0,0.0,0.0,0.0,0.0,Zadok,Yohanna,2007-06-29,19.18,36.0,36.0,Forward,Winger,9rc52qb9ok79fbfbesv2amuj8,e5p0ehyguld7egzhiedpdnc3w,Brighton & Hove Albion FC,Brighton & Hove Albion,Brighton,BHA,700308,9rc52qb9ok79fbfbesv2amuj8
Álvaro Rodríguez,561245.0,0.0,0.0,0.0,0.0,0.0,0.0,0.0,0.0,0.0,Álvaro,Rodríguez,2004-07-14,22.13,91.0,30.0,Forward,Striker,561245,1pse9ta7a45pi2w2grjim70ge,AFC Bournemouth,Bournemouth,Bournemouth,BOU,0.0,0.0,0.0,0.0,0.0,0.0,0.0,0.0,0.0,0.0,0.0,0.0,0.0,0.0,0.0,0.0,0.0,0.0,0.0,0.0,0.0,,,,,,,,,,561245.0,0.0,0.0,0.0,0.0,0.0,0.0,0.0,0.0,0.0,0.0,Álvaro,Rodríguez,2004-07-14,22.13,91.0,30.0,Forward,Striker,561245,1pse9ta7a45pi2w2grjim70ge,AFC Bournemouth,Bournemouth,Bournemouth,BOU,561245.0,0.0,0.0,0.0,0.0,0.0,0.0,0.0,0.0,0.0,0.0,0.0,0.0,0.0,0.0,Álvaro,Rodríguez,2004-07-14,22.13,91.0,30.0,Forward,Striker,561245,1pse9ta7a45pi2w2grjim70ge,AFC Bournemouth,Bournemouth,Bournemouth,BOU,561245,561245
Óscar Mingueza,242313.0,0.0,0.0,0.0,0.0,0.0,0.0,0.0,0.0,0.0,Óscar,Mingueza,1999-05-13,27.31,31.0,30.0,Defender,Central Defender,242313,1c8m2ko0wxq1asfkuykurdr0y,Crystal Palace FC,Crystal Palace,Palace,CRY,0.0,0.0,0.0,0.0,0.0,0.0,0.0,0.0,0.0,0.0,0.0,0.0,0.0,0.0,0.0,0.0,0.0,0.0,0.0,0.0,0.0,,,,,,,,,,242313.0,0.0,0.0,0.0,0.0,0.0,0.0,0.0,0.0,0.0,0.0,Óscar,Mingueza,1999-05-13,27.31,31.0,30.0,Defender,Central Defender,242313,1c8m2ko0wxq1asfkuykurdr0y,Crystal Palace FC,Crystal Palace,Palace,CRY,242313.0,0.0,0.0,0.0,0.0,0.0,0.0,0.0,0.0,0.0,0.0,0.0,0.0,0.0,0.0,Óscar,Mingueza,1999-05-13,27.31,31.0,30.0,Defender,Central Defender,242313,1c8m2ko0wxq1asfkuykurdr0y,Crystal Palace FC,Crystal Palace,Palace,CRY,242313,242313
